dia_semana,br,km,fase_dia,sentido_via,condicao_metereologica,tipo_pista,tracado_via,latitude,longitude,delegacia,classificacao_acidente,postos_policiais_PRF
segunda-feira,BR-101,89.0,Pleno dia,Decrescente,Céu Claro,Dupla,Curva,-10.88051,-37.13356,DEL01-SE,Risco Médio,Alta
domingo,BR-381,70.0,Pleno dia,Crescente,Céu Claro,Dupla,Curva,-23.34973,-46.5607,DEL03-SP,Risco Médio,Alta
domingo,BR-104,8.1,Pleno dia,Crescente,Céu Claro,Simples,Curva,-9.30688,-35.94084,DEL01-AL,Risco Médio,Baixa
segunda-feira,BR-381,823.1,Plena Noite,Decrescente,Céu Claro,Dupla,Reta,-22.12013,-45.76174,DEL16-MG,Risco Médio,Alta
sábado,BR-116,542.0,Plena Noite,Decrescente,Nublado,Dupla,Curva,-24.96898,-48.40754,DEL05-SP,Risco Médio,Alta
sábado,BR-116,235.2,Plena Noite,Crescente,Céu Claro,Simples,Reta,-17.52942,-41.48265,DEL11-MG,Risco Médio,Alta
terça-feira,BR-262,312.6,Plena Noite,Crescente,Céu Claro,Simples,Reta,-20.47293,-54.40556,DEL01-MS,Risco Baixo,Média
quarta-feira,BR-104,168.2,Pleno dia,Crescente,Sol,Simples,Curva,-7.561844,-36.00836,DEL02-PB,Risco Baixo,Baixa
terça-feira,BR-101,41.0,Pleno dia,Decrescente,Céu Claro,Simples,Não Informado,-26.31875,-48.87169,DEL03-SC,Risco Médio,Alta
sexta-feira,BR-470,44.5,Amanhecer,Decrescente,Céu Claro,Dupla,Reta,-26.87066,-49.0219,DEL04-SC,Risco Médio,Baixa
segunda-feira,BR-101,132.0,Pleno dia,Crescente,Céu Claro,Dupla,Reta,-26.9965,-48.6558,DEL04-SC,Risco Médio,Alta
sexta-feira,BR-470,217.0,Plena Noite,Decrescente,Nublado,Simples,Reta,-29.17687,-51.52087,DEL06-RS,Risco Médio,Baixa
sexta-feira,BR-277,71.0,Pleno dia,Crescente,Céu Claro,Dupla,Não Informado,-25.5292,-49.08863,DEL01-PR,Risco Médio,Média
segunda-feira,BR-101,322.0,Plena Noite,Decrescente,Garoa/Chuvisco,Simples,Viaduto,-22.87892,-43.11068,DEL02-RJ,Risco Baixo,Alta
sábado,BR-435,123.0,Plena Noite,Crescente,Nublado,Dupla,Não Informado,-13.18894,-60.82525,DEL04-RO,Risco Médio,Baixa
segunda-feira,BR-364,505.0,Anoitecer,Crescente,Céu Claro,Simples,Desvio Temporário,-15.22162,-56.49997,DEL01-MT,Risco Médio,Alta
domingo,BR-116,489.0,Amanhecer,Crescente,Céu Claro,Dupla,Rotatória,-24.73034,-48.10761,DEL05-SP,Risco Médio,Alta
domingo,BR-476,118.7,Plena Noite,Crescente,Ignorado,Dupla,Reta,-25.35634,-49.18083,DEL01-PR,Risco Baixo,Baixa
quarta-feira,BR-101,360.5,Pleno dia,Decrescente,Chuva,Simples,Curva,-20.70997,-40.72002,DEL03-ES,Risco Alto,Alta
quinta-feira,BR-488,0.0,Plena Noite,Crescente,Céu Claro,Dupla,Curva,-22.85856,-45.23312,DEL08-SP,Risco Baixo,Baixa
terça-feira,BR-381,41.3,Plena Noite,Decrescente,Céu Claro,Dupla,Não Informado,-23.14982,-46.57443,DEL03-SP,Risco Baixo,Alta
domingo,BR-116,274.2,Plena Noite,Crescente,Céu Claro,Dupla,Reta,-17.8335,-41.51084,DEL11-MG,Risco Médio,Alta
sexta-feira,BR-381,13.0,Pleno dia,Crescente,Céu Claro,Dupla,Reta,-22.94679,-46.47788,DEL03-SP,Risco Médio,Alta
sábado,BR-116,285.3,Pleno dia,Decrescente,Garoa/Chuvisco,Dupla,Curva,-23.6845,-46.85894,DEL04-SP,Risco Médio,Alta
sexta-feira,BR-101,266.7,Plena Noite,Crescente,Céu Claro,Múltipla,Reta,-20.19675,-40.26881,DEL02-ES,Risco Médio,Alta
quinta-feira,BR-319,64.5,Pleno dia,Decrescente,Céu Claro,Dupla,Reta,-8.769534,-63.88352,DEL01-RO,Risco Médio,Baixa
sábado,BR-277,80.0,Plena Noite,Crescente,Nublado,Dupla,Reta,-25.56894,-49.18198,DEL01-PR,Risco Baixo,Média
terça-feira,BR-101,175.0,Plena Noite,Crescente,Chuva,Simples,Reta,-19.58855,-40.19197,DEL04-ES,Risco Médio,Alta
quarta-feira,BR-230,457.0,Plena Noite,Crescente,Céu Claro,Simples,Reta,-6.7784,-38.1731,DEL03-PB,Risco Alto,Baixa
quarta-feira,BR-50,25.8,Pleno dia,Crescente,Céu Claro,Dupla,Reta,-18.61724,-48.08561,DEL15-MG,Risco Médio,Média
domingo,BR-381,775.3,Pleno dia,Crescente,Céu Claro,Dupla,Reta,-21.79165,-45.44935,DEL16-MG,Risco Médio,Alta
sábado,BR-153,27.4,Plena Noite,Decrescente,Céu Claro,Simples,Curva,-20.51664,-49.32374,DEL09-SP,Risco Médio,Alta
sexta-feira,BR-158,96.0,Plena Noite,Crescente,Céu Claro,Simples,Rotatória,-27.86424,-53.33221,DEL08-RS,Risco Médio,Baixa
sábado,BR-163,978.0,Pleno dia,Crescente,Céu Claro,Simples,Reta,-2.639893,-54.77051,DEL05-PA,Risco Médio,Alta
sábado,BR-40,470.0,Pleno dia,Decrescente,Céu Claro,Dupla,Desvio Temporário,-19.46787,-44.29556,DEL02-MG,Risco Médio,Alta
segunda-feira,BR-116,319.8,Plena Noite,Crescente,Céu Claro,Dupla,Não Informado,-22.46709,-44.50067,DEL07-RJ,Risco Baixo,Alta
domingo,BR-101,49.3,Plena Noite,Decrescente,Nublado,Simples,Reta,-23.44861,-45.07905,DEL06-SP,Risco Médio,Alta
sexta-feira,BR-20,57.6,Pleno dia,Crescente,Nublado,Dupla,Não Informado,-15.58303,-47.36708,DEL02-DF,Risco Médio,Baixa
terça-feira,BR-101,147.0,Pleno dia,Crescente,Céu Claro,Múltipla,Viaduto,-27.09237,-48.61731,DEL04-SC,Risco Médio,Alta
terça-feira,BR-116,251.0,Amanhecer,Decrescente,Céu Claro,Dupla,Reta,-29.80035,-51.1655,DEL01-RS,Risco Médio,Alta
domingo,BR-135,171.0,Plena Noite,Decrescente,Nublado,Simples,Reta,-12.09604,-44.97543,DEL10-BA,Risco Médio,Baixa
terça-feira,BR-277,726.0,Pleno dia,Crescente,Nublado,Dupla,Rotatória,-25.5103,-54.55858,DEL05-PR,Risco Médio,Média
quarta-feira,BR-163,371.3,Pleno dia,Decrescente,Chuva,Dupla,Reta,-21.41551,-54.39178,DEL02-MS,Risco Médio,Alta
terça-feira,BR-101,450.0,Plena Noite,Decrescente,Céu Claro,Dupla,Curva,-21.14473,-41.27037,DEL03-ES,Risco Médio,Alta
sábado,BR-40,525.5,Plena Noite,Crescente,Nublado,Simples,Viaduto,-19.88935,-44.05067,DEL01-MG,Risco Médio,Alta
sábado,BR-364,586.0,Pleno dia,Decrescente,Vento,Dupla,Reta,-14.61649,-56.25804,DEL01-MT,Risco Baixo,Alta
domingo,BR-153,437.4,Pleno dia,Crescente,Nublado,Dupla,Reta,-16.28688,-48.94298,DEL02-GO,Risco Médio,Alta
terça-feira,BR-40,4.2,Plena Noite,Decrescente,Céu Claro,Dupla,Reta,-16.08524,-47.98675,DEL01-DF,Risco Alto,Alta
quinta-feira,BR-251,211.0,Pleno dia,Decrescente,Céu Claro,Simples,Reta,-15.90382,-41.55602,DEL11-MG,Risco Baixo,Baixa
terça-feira,BR-116,527.0,Pleno dia,Decrescente,Céu Claro,Simples,Reta,-31.7472,-52.4095,DEL07-RS,Risco Médio,Alta
quinta-feira,BR-381,627.0,Pleno dia,Decrescente,Chuva,Dupla,Reta,-20.82917,-44.81715,DEL04-MG,Risco Médio,Alta
domingo,BR-470,121.0,Pleno dia,Decrescente,Chuva,Simples,Curva,-27.09586,-49.52686,DEL04-SC,Risco Alto,Baixa
sexta-feira,BR-60,626.0,Amanhecer,Crescente,Céu Claro,Simples,Reta,-21.73009,-56.26544,DEL05-MS,Risco Médio,Média
terça-feira,BR-101,298.0,Pleno dia,Decrescente,Céu Claro,Múltipla,Reta,-20.35278,-40.41474,DEL01-ES,Risco Médio,Alta
domingo,BR-418,104.0,Pleno dia,Crescente,Céu Claro,Simples,Reta,-17.902,-39.99114,DEL09-BA,Risco Baixo,Baixa
terça-feira,BR-174,368.4,Amanhecer,Crescente,Céu Claro,Simples,Reta,-14.61995,-59.48281,DEL04-MT,Risco Médio,Baixa
terça-feira,BR-40,118.0,Pleno dia,Crescente,Sol,Múltipla,Reta,-22.75471,-43.28738,DEL01-RJ,Risco Médio,Alta
quinta-feira,BR-116,116.0,Plena Noite,Crescente,Nublado,Múltipla,Reta,-25.54456,-49.30146,DEL01-PR,Risco Médio,Alta
quinta-feira,BR-476,151.7,Pleno dia,Crescente,Garoa/Chuvisco,Dupla,Reta,-25.57004,-49.38419,DEL01-PR,Risco Médio,Baixa
sábado,BR-40,498.2,Pleno dia,Crescente,Céu Claro,Simples,Interseção de vias,-19.69356,-44.17855,DEL02-MG,Risco Médio,Alta
quinta-feira,BR-101,58.5,Pleno dia,Crescente,Céu Claro,Dupla,Curva,-9.279333,-35.7984,DEL01-AL,Risco Médio,Alta
terça-feira,BR-381,2.0,Pleno dia,Crescente,Céu Claro,Dupla,Reta,-19.97571,-44.19585,DEL01-MG,Risco Médio,Alta
quinta-feira,BR-101,137.2,Pleno dia,Decrescente,Chuva,Dupla,Reta,-27.024,-48.6074,DEL04-SC,Risco Médio,Alta
terça-feira,BR-116,516.0,Plena Noite,Crescente,Céu Claro,Dupla,Não Informado,-24.85462,-48.2161,DEL05-SP,Risco Médio,Alta
domingo,BR-282,501.4,Pleno dia,Decrescente,Nublado,Dupla,Rotatória,-26.8841,-52.40687,DEL07-SC,Risco Médio,Baixa
sábado,BR-381,671.3,Pleno dia,Crescente,Nublado,Dupla,Não Informado,-21.08945,-45.06864,DEL04-MG,Risco Médio,Alta
sábado,BR-262,364.8,Plena Noite,Crescente,Chuva,Dupla,Reta,-19.98291,-44.24493,DEL01-MG,Risco Baixo,Média
domingo,BR-101,332.2,Plena Noite,Decrescente,Céu Claro,Simples,Curva,-13.59996,-39.4893,DEL05-BA,Risco Alto,Alta
quarta-feira,BR-20,55.0,Plena Noite,Decrescente,Nublado,Dupla,Não Informado,-15.57997,-47.37582,DEL02-DF,Risco Alto,Baixa
domingo,BR-101,103.9,Plena Noite,Crescente,Céu Claro,Dupla,Curva,-5.892745,-35.25722,DEL01-RN,Risco Médio,Alta
sexta-feira,BR-222,12.0,Plena Noite,Decrescente,Nublado,Simples,Reta,-3.7648,-38.66897,DEL01-CE,Risco Médio,Baixa
quarta-feira,BR-476,142.0,Amanhecer,Decrescente,Céu Claro,Dupla,Reta,-25.53716,-49.30163,DEL01-PR,Risco Baixo,Baixa
quarta-feira,BR-381,76.0,Pleno dia,Crescente,Céu Claro,Dupla,Curva,-23.0,-46.0,DEL03-SP,Risco Médio,Alta
terça-feira,BR-354,754.5,Pleno dia,Decrescente,Céu Claro,Simples,Reta,-22.3048,-44.85575,DEL17-MG,Risco Médio,Baixa
quinta-feira,BR-282,59.4,Anoitecer,Decrescente,Céu Claro,Simples,Não Informado,-26.96963,-51.8541,DEL01-SC,Risco Médio,Baixa
quarta-feira,BR-467,74.5,Plena Noite,Crescente,Céu Claro,Dupla,Curva,-24.7402,-53.6935,DEL04-PR,Risco Médio,Baixa
sábado,BR-493,112.0,Pleno dia,Crescente,Céu Claro,Dupla,Reta,-22.81515,-43.80233,DEL01-RJ,Risco Médio,Baixa
quarta-feira,BR-60,124.0,Pleno dia,Decrescente,Céu Claro,Dupla,Reta,-16.5243,-49.1313,DEL01-GO,Risco Médio,Média
quinta-feira,BR-116,153.1,Plena Noite,Decrescente,Céu Claro,Múltipla,Interseção de vias,-29.1858,-51.17713,DEL05-RS,Risco Médio,Alta
segunda-feira,BR-393,133.0,Pleno dia,Decrescente,Chuva,Simples,Reta,-21.97874,-42.8912,DEL06-RJ,Risco Médio,Média
terça-feira,BR-230,442.2,Pleno dia,Decrescente,Céu Claro,Simples,Reta,-6.780037,-38.05321,DEL03-PB,Risco Alto,Baixa
sábado,BR-101,67.1,Anoitecer,Crescente,Céu Claro,Múltipla,Reta,-18.72054,-39.86589,DEL04-ES,Risco Médio,Alta
sexta-feira,BR-369,474.0,Plena Noite,Crescente,Chuva,Simples,Reta,-24.5916,-53.20498,DEL04-PR,Risco Médio,Baixa
terça-feira,BR-427,139.9,Pleno dia,Crescente,Céu Claro,Simples,Reta,-6.632211,-37.34871,DEL03-RN,Risco Baixo,Baixa
domingo,BR-470,67.6,Pleno dia,Decrescente,Ignorado,Simples,Não Informado,-26.87064,-49.22056,DEL04-SC,Risco Baixo,Baixa
quarta-feira,BR-365,626.5,Anoitecer,Crescente,Chuva,Dupla,Reta,-18.90796,-48.31508,DEL15-MG,Risco Alto,Média
quarta-feira,BR-392,66.0,Plena Noite,Decrescente,Nublado,Simples,Reta,-31.76272,-52.39169,DEL07-RS,Risco Médio,Média
terça-feira,BR-262,124.6,Pleno dia,Decrescente,Céu Claro,Simples,Reta,-20.20117,-42.67926,DEL03-MG,Risco Médio,Média
segunda-feira,BR-153,334.0,Plena Noite,Crescente,Garoa/Chuvisco,Simples,Reta,-25.48123,-50.64073,DEL03-PR,Risco Médio,Alta
domingo,BR-364,110.0,Plena Noite,Decrescente,Céu Claro,Simples,Reta,-16.84632,-53.83107,DEL02-MT,Risco Médio,Alta
domingo,BR-163,701.0,Plena Noite,Crescente,Céu Claro,Simples,Reta,-12.96736,-55.87399,DEL06-MT,Risco Médio,Alta
domingo,BR-418,94.0,Plena Noite,Decrescente,Ignorado,Simples,Reta,-17.8947,-39.3722,DEL09-BA,Risco Médio,Baixa
domingo,BR-101,388.0,Pleno dia,Decrescente,Chuva,Simples,Curva,-20.8569,-40.87678,DEL03-ES,Risco Médio,Alta
quinta-feira,BR-40,710.4,Pleno dia,Crescente,Céu Claro,Dupla,Curva,-21.24593,-43.68207,DEL05-MG,Risco Médio,Alta
sábado,BR-365,614.0,Plena Noite,Crescente,Céu Claro,Dupla,Interseção de vias,-18.8846,-48.26594,DEL15-MG,Risco Baixo,Média
domingo,BR-101,243.0,Plena Noite,Decrescente,Céu Claro,Simples,Curva,-20.04141,-40.39248,DEL02-ES,Risco Médio,Alta
sábado,BR-116,89.8,Plena Noite,Crescente,Céu Claro,Simples,Não Informado,-16.35,-41.47406,DEL11-MG,Risco Baixo,Alta
quarta-feira,BR-50,36.0,Pleno dia,Crescente,Céu Claro,Dupla,Reta,-18.65453,-48.14727,DEL15-MG,Risco Médio,Média
terça-feira,BR-262,2.0,Plena Noite,Crescente,Nublado,Dupla,Reta,-20.33192,-40.36687,DEL01-ES,Risco Médio,Média
quarta-feira,BR-373,172.5,Pleno dia,Crescente,Céu Claro,Dupla,Não Informado,-25.08029,-50.19582,DEL03-PR,Risco Baixo,Baixa
quinta-feira,BR-101,180.0,Pleno dia,Crescente,Céu Claro,Simples,Curva,-22.40874,-41.99844,DEL02-RJ,Risco Médio,Alta
quarta-feira,BR-101,136.1,Pleno dia,Decrescente,Céu Claro,Dupla,Curva,-8.414395,-35.30446,DEL01-PE,Risco Médio,Alta
sábado,BR-101,53.9,Pleno dia,Crescente,Nublado,Dupla,Reta,-26.40231,-48.8397,DEL03-SC,Risco Médio,Alta
sexta-feira,BR-277,43.0,Pleno dia,Decrescente,Céu Claro,Dupla,Curva,-25.57438,-48.85419,DEL01-PR,Risco Alto,Média
quarta-feira,BR-230,16.8,Anoitecer,Crescente,Céu Claro,Dupla,Desvio Temporário,-7.109979,-34.84314,DEL01-PB,Risco Baixo,Baixa
sexta-feira,BR-30,610.0,Pleno dia,Decrescente,Céu Claro,Simples,Curva,-14.43896,-39.81309,DEL05-BA,Risco Médio,Baixa
quinta-feira,BR-116,114.9,Pleno dia,Crescente,Céu Claro,Dupla,Reta,-22.5801,-43.0115,DEL02-RJ,Risco Médio,Alta
sexta-feira,BR-101,382.4,Pleno dia,Decrescente,Sol,Simples,Reta,-28.76081,-49.28773,DEL02-SC,Risco Médio,Alta
segunda-feira,BR-116,273.0,Plena Noite,Crescente,Céu Claro,Dupla,Reta,-23.63823,-46.83609,DEL04-SP,Risco Médio,Alta
sábado,BR-20,421.3,Pleno dia,Decrescente,Sol,Dupla,Reta,-3.76999,-38.67006,DEL01-CE,Risco Médio,Baixa
quarta-feira,BR-116,247.4,Pleno dia,Crescente,Chuva,Dupla,Reta,-22.60655,-43.93505,DEL07-RJ,Risco Médio,Alta
sábado,BR-463,102.7,Pleno dia,Decrescente,Céu Claro,Simples,Reta,-22.6122,-55.64158,DEL04-MS,Risco Alto,Baixa
sábado,BR-116,508.0,Anoitecer,Crescente,Céu Claro,Simples,Reta,-12.62504,-39.59296,DEL03-BA,Risco Baixo,Alta
sexta-feira,BR-101,70.0,Plena Noite,Decrescente,Garoa/Chuvisco,Dupla,Reta,-8.066658,-34.94212,DEL01-PE,Risco Baixo,Alta
domingo,BR-163,1003.0,Plena Noite,Crescente,Céu Claro,Dupla,Reta,-2.442585,-54.73114,DEL05-PA,Risco Médio,Alta
quarta-feira,BR-230,35.6,Pleno dia,Decrescente,Céu Claro,Dupla,Curva,-7.1268,-34.9412,DEL01-PB,Risco Médio,Baixa
terça-feira,BR-423,58.3,Plena Noite,Decrescente,Céu Claro,Simples,Reta,-8.641711,-36.31181,DEL03-PE,Risco Alto,Baixa
segunda-feira,BR-324,610.0,Pleno dia,Decrescente,Chuva,Dupla,Reta,-12.82932,-38.41113,DEL01-BA,Risco Médio,Baixa
terça-feira,BR-423,14.8,Plena Noite,Crescente,Garoa/Chuvisco,Simples,Reta,-9.159829,-37.41136,DEL03-AL,Risco Médio,Baixa
domingo,BR-101,79.9,Plena Noite,Decrescente,Nublado,Dupla,Curva,-26.5955,-48.72249,DEL03-SC,Risco Baixo,Alta
sábado,BR-116,305.0,Pleno dia,Crescente,Céu Claro,Simples,Curva,-18.03189,-41.65291,DEL11-MG,Risco Médio,Alta
sexta-feira,BR-226,323.0,Plena Noite,Decrescente,Céu Claro,Simples,Reta,-6.074096,-37.51075,DEL04-RN,Risco Alto,Baixa
domingo,BR-304,295.0,Pleno dia,Crescente,Céu Claro,Simples,Reta,-5.868311,-35.37501,DEL01-RN,Risco Médio,Baixa
segunda-feira,BR-381,441.0,Pleno dia,Decrescente,Chuva,Simples,Curva,-19.8094,-43.7679,DEL01-MG,Risco Médio,Alta
segunda-feira,BR-381,804.0,Pleno dia,Crescente,Nublado,Dupla,Reta,-21.99619,-45.67449,DEL16-MG,Risco Médio,Alta
domingo,BR-280,43.5,Pleno dia,Crescente,Céu Claro,Simples,Reta,-26.45119,-48.8779,DEL03-SC,Risco Médio,Baixa
segunda-feira,BR-116,312.0,Plena Noite,Decrescente,Céu Claro,Simples,Curva,-22.468,-44.5102,DEL07-RJ,Risco Médio,Alta
sábado,BR-116,245.9,Pleno dia,Crescente,Céu Claro,Simples,Não Informado,-29.75401,-51.15187,DEL01-RS,Risco Médio,Alta
segunda-feira,BR-280,4.6,Anoitecer,Decrescente,Céu Claro,Simples,Rotatória,-26.25769,-48.62292,DEL03-SC,Risco Médio,Baixa
quarta-feira,BR-70,0.1,Pleno dia,Decrescente,Céu Claro,Dupla,Curva,-15.78303,-48.2333,DEL01-DF,Risco Médio,Baixa
quinta-feira,BR-242,212.0,Anoitecer,Decrescente,Céu Claro,Simples,Reta,-12.51277,-40.32845,DEL06-BA,Risco Baixo,Baixa
sábado,BR-381,510.0,Pleno dia,Decrescente,Céu Claro,Dupla,Não Informado,-20.0613,-44.2919,DEL01-MG,Risco Médio,Alta
domingo,BR-293,63.0,Pleno dia,Crescente,Céu Claro,Simples,Não Informado,-31.69933,-52.95513,DEL07-RS,Risco Baixo,Baixa
quarta-feira,BR-163,829.0,Pleno dia,Crescente,Céu Claro,Simples,Reta,-11.91281,-55.5085,DEL06-MT,Risco Médio,Alta
quinta-feira,BR-282,531.8,Plena Noite,Decrescente,Céu Claro,Simples,Curva,-26.99698,-52.61447,DEL07-SC,Risco Médio,Baixa
domingo,BR-319,63.0,Plena Noite,Decrescente,Nublado,Múltipla,Reta,-8.761104,-63.8853,DEL01-RO,Risco Médio,Baixa
quinta-feira,BR-153,363.8,Pleno dia,Crescente,Chuva,Simples,Desvio Temporário,-15.79238,-49.30178,DEL02-GO,Risco Médio,Alta
domingo,BR-110,20.8,Pleno dia,Decrescente,Céu Claro,Simples,Curva,-9.629628,-38.2222,DEL07-BA,Risco Médio,Baixa
sexta-feira,BR-116,340.0,Pleno dia,Decrescente,Nublado,Dupla,Curva,-24.00329,-47.15633,DEL04-SP,Risco Médio,Alta
domingo,BR-381,576.0,Pleno dia,Decrescente,Céu Claro,Dupla,Não Informado,-20.481,-44.58883,DEL04-MG,Risco Médio,Alta
quarta-feira,BR-20,157.9,Pleno dia,Crescente,Sol,Simples,Reta,-14.63981,-46.62787,DEL02-DF,Risco Médio,Baixa
quarta-feira,BR-282,5.0,Pleno dia,Crescente,Sol,Dupla,Reta,-27.58871,-48.61201,DEL01-SC,Risco Médio,Baixa
sexta-feira,BR-101,579.0,Pleno dia,Decrescente,Céu Claro,Simples,Reta,-23.23134,-44.71909,DEL03-RJ,Risco Médio,Alta
segunda-feira,BR-50,179.2,Pleno dia,Crescente,Céu Claro,Dupla,Não Informado,-19.77827,-47.93141,DEL13-MG,Risco Médio,Média
quinta-feira,BR-110,340.0,Pleno dia,Decrescente,Céu Claro,Simples,Não Informado,-12.16303,-38.41513,DEL01-BA,Risco Médio,Baixa
quinta-feira,BR-262,447.9,Pleno dia,Decrescente,Céu Claro,Simples,Reta,-20.53883,-55.43738,DEL03-MS,Risco Médio,Média
quinta-feira,BR-116,42.0,Pleno dia,Crescente,Ignorado,Dupla,Curva,-25.17612,-48.87426,DEL01-PR,Risco Médio,Alta
quarta-feira,BR-330,788.0,Pleno dia,Decrescente,Céu Claro,Simples,Reta,-13.88803,-40.02893,DEL03-BA,Risco Médio,Baixa
sábado,BR-116,665.1,Pleno dia,Decrescente,Céu Claro,Simples,Reta,-13.79401,-40.11025,DEL03-BA,Risco Alto,Alta
sexta-feira,BR-356,38.9,Pleno dia,Crescente,Céu Claro,Simples,Curva,-21.20873,-41.85243,DEL08-RJ,Risco Médio,Baixa
quarta-feira,BR-277,470.8,Plena Noite,Crescente,Nublado,Simples,Reta,-25.33085,-52.50835,DEL04-PR,Risco Médio,Média
segunda-feira,BR-40,5.9,Plena Noite,Decrescente,Chuva,Dupla,Reta,-16.09313,-47.98224,DEL01-DF,Risco Médio,Alta
quinta-feira,BR-277,504.2,Amanhecer,Decrescente,Céu Claro,Simples,Curva,-25.13097,-52.72683,DEL04-PR,Risco Médio,Média
domingo,BR-414,418.2,Pleno dia,Crescente,Céu Claro,Simples,Curva,-16.12622,-48.89491,DEL02-GO,Risco Médio,Baixa
sábado,BR-70,17.0,Plena Noite,Crescente,Vento,Simples,Curva,-15.75061,-48.34985,DEL01-DF,Risco Médio,Baixa
segunda-feira,BR-101,41.0,Pleno dia,Decrescente,Céu Claro,Dupla,Rotatória,-26.28215,-48.88973,DEL03-SC,Risco Médio,Alta
domingo,BR-40,8.0,Pleno dia,Crescente,Céu Claro,Dupla,Reta,-16.11616,-47.96761,DEL01-DF,Risco Baixo,Alta
segunda-feira,BR-135,15.0,Pleno dia,Crescente,Céu Claro,Simples,Reta,-2.53073,-44.3068,DEL01-MA,Risco Médio,Baixa
terça-feira,BR-101,256.0,Plena Noite,Decrescente,Nublado,Dupla,Não Informado,-20.11912,-40.31101,DEL02-ES,Risco Médio,Alta
segunda-feira,BR-280,30.0,Pleno dia,Decrescente,Céu Claro,Simples,Reta,-26.41415,-48.76209,DEL03-SC,Risco Baixo,Baixa
quarta-feira,BR-493,2.0,Plena Noite,Decrescente,Céu Claro,Simples,Reta,-22.7595,-42.93545,DEL02-RJ,Risco Médio,Baixa
domingo,BR-393,267.0,Pleno dia,Crescente,Céu Claro,Simples,Reta,-22.48616,-43.90037,DEL05-RJ,Risco Baixo,Média
terça-feira,BR-364,693.0,Pleno dia,Decrescente,Céu Claro,Dupla,Reta,-8.797979,-63.71198,DEL01-RO,Risco Baixo,Alta
terça-feira,BR-101,45.7,Plena Noite,Decrescente,Céu Claro,Simples,Reta,-5.485139,-35.32443,DEL02-RN,Risco Médio,Alta
sexta-feira,BR-376,172.9,Pleno dia,Crescente,Céu Claro,Dupla,Não Informado,-23.4191,-51.96817,DEL07-PR,Risco Médio,Baixa
quinta-feira,BR-101,294.0,Pleno dia,Crescente,Céu Claro,Dupla,Reta,-22.76334,-42.90232,DEL02-RJ,Risco Médio,Alta
domingo,BR-116,107.7,Pleno dia,Decrescente,Sol,Simples,Curva,-26.75569,-50.32812,DEL06-SC,Risco Alto,Alta
sábado,BR-381,583.8,Pleno dia,Decrescente,Chuva,Dupla,Curva,-20.50728,-44.61085,DEL04-MG,Risco Baixo,Alta
sábado,BR-40,249.3,Amanhecer,Decrescente,Chuva,Simples,Curva,-18.11982,-45.449,DEL14-MG,Risco Médio,Alta
sexta-feira,BR-40,280.6,Pleno dia,Crescente,Nublado,Simples,Reta,-18.24012,-45.20974,DEL14-MG,Risco Baixo,Alta
terça-feira,BR-324,522.0,Pleno dia,Decrescente,Nublado,Dupla,Reta,-12.29647,-38.90349,DEL01-BA,Risco Médio,Baixa
domingo,BR-101,51.8,Plena Noite,Decrescente,Vento,Múltipla,Curva,-7.916997,-34.89689,DEL01-PE,Risco Médio,Alta
domingo,BR-222,666.0,Plena Noite,Decrescente,Céu Claro,Simples,Reta,-4.917083,-47.42452,DEL04-MA,Risco Médio,Baixa
segunda-feira,BR-251,477.0,Pleno dia,Decrescente,Céu Claro,Simples,Reta,-16.46898,-43.48431,DEL12-MG,Risco Médio,Baixa
quinta-feira,BR-163,163.0,Pleno dia,Decrescente,Céu Claro,Dupla,Desvio Temporário,-25.31301,-53.58699,DEL05-PR,Risco Médio,Alta
terça-feira,BR-116,244.4,Plena Noite,Crescente,Nublado,Dupla,Reta,-17.59701,-41.49207,DEL11-MG,Risco Médio,Alta
domingo,BR-392,349.5,Plena Noite,Crescente,Céu Claro,Simples,Reta,-29.74408,-53.79307,DEL09-RS,Risco Baixo,Média
domingo,BR-101,58.8,Plena Noite,Decrescente,Nublado,Dupla,Reta,-7.970632,-34.92065,DEL01-PE,Risco Médio,Alta
sábado,BR-476,146.6,Plena Noite,Decrescente,Nublado,Dupla,Reta,-25.55336,-49.33638,DEL01-PR,Risco Baixo,Baixa
segunda-feira,BR-230,366.8,Plena Noite,Decrescente,Céu Claro,Simples,Reta,-6.9051,-37.5155,DEL03-PB,Risco Médio,Baixa
segunda-feira,BR-428,189.0,Plena Noite,Crescente,Nublado,Simples,Curva,-9.371975,-40.4868,DEL06-PE,Risco Médio,Baixa
domingo,BR-40,566.0,Pleno dia,Crescente,Céu Claro,Simples,Reta,-20.17885,-43.96636,DEL01-MG,Risco Médio,Alta
domingo,BR-290,144.8,Pleno dia,Crescente,Céu Claro,Simples,Reta,-30.09694,-51.64728,DEL02-RS,Risco Médio,Baixa
domingo,BR-101,50.5,Plena Noite,Decrescente,Céu Claro,Simples,Reta,-23.45628,-45.07112,DEL06-SP,Risco Médio,Alta
terça-feira,BR-174,289.0,Pleno dia,Crescente,Chuva,Simples,Reta,1.427741,-60.69667,DEL01-RR,Risco Médio,Baixa
segunda-feira,BR-116,208.0,Pleno dia,Crescente,Céu Claro,Simples,Reta,-26.07336,-49.74366,DEL06-SC,Risco Médio,Alta
terça-feira,BR-381,907.5,Pleno dia,Crescente,Chuva,Dupla,Curva,-22.6768,-46.09675,DEL16-MG,Risco Médio,Alta
terça-feira,BR-230,122.6,Anoitecer,Decrescente,Céu Claro,Dupla,Reta,-5.372257,-49.13346,DEL03-PA,Risco Médio,Baixa