dia_semana,br,km,fase_dia,sentido_via,condicao_metereologica,tipo_pista,tracado_via,latitude,longitude,delegacia,classificacao_acidente,postos_policiais_PRF
quinta-feira,BR-153,24.0,Plena Noite,Decrescente,Céu Claro,Simples,Reta,-26.74302,-51.65692,DEL07-SC,Risco Baixo,Alta
segunda-feira,BR-101,217.0,Pleno dia,Crescente,Chuva,Múltipla,Interseção de vias,-27.66779,-48.67394,DEL01-SC,Risco Baixo,Alta
quarta-feira,BR-101,76.5,Amanhecer,Decrescente,Garoa/Chuvisco,Dupla,Reta,-8.12445,-34.94374,DEL01-PE,Risco Médio,Alta
segunda-feira,BR-101,775.9,Anoitecer,Crescente,Céu Claro,Simples,Reta,-16.77923,-39.47278,DEL09-BA,Risco Médio,Alta
sábado,BR-101,121.4,Plena Noite,Crescente,Céu Claro,Dupla,Reta,-6.043386,-35.24622,DEL01-RN,Risco Médio,Alta
terça-feira,BR-493,84.0,Pleno dia,Crescente,Céu Claro,Dupla,Curva,-22.66384,-43.62825,DEL01-RJ,Risco Médio,Baixa
sábado,BR-101,143.0,Plena Noite,Decrescente,Nublado,Simples,Reta,-19.34287,-40.06386,DEL04-ES,Risco Médio,Alta
sábado,BR-369,176.0,Plena Noite,Crescente,Céu Claro,Simples,Interseção de vias,-23.33333,-51.38893,DEL07-PR,Risco Médio,Baixa
quinta-feira,BR-101,294.0,Plena Noite,Decrescente,Céu Claro,Dupla,Não Informado,-20.31808,-40.39573,DEL01-ES,Risco Médio,Alta
quinta-feira,BR-470,137.3,Anoitecer,Decrescente,Nublado,Simples,Reta,-27.1899,-49.61974,DEL04-SC,Risco Médio,Baixa
domingo,BR-364,341.0,Pleno dia,Decrescente,Céu Claro,Dupla,Reta,-10.88218,-61.94025,DEL02-RO,Risco Médio,Alta
sábado,BR-20,3.0,Pleno dia,Crescente,Sol,Simples,Retorno Regulamentado,-15.56749,-47.32031,DEL02-DF,Risco Médio,Baixa
sexta-feira,BR-222,46.7,Pleno dia,Crescente,Céu Claro,Simples,Reta,-3.672396,-38.95809,DEL01-CE,Risco Baixo,Baixa
sexta-feira,BR-376,169.0,Plena Noite,Crescente,Céu Claro,Dupla,Reta,-23.40979,-51.98745,DEL07-PR,Risco Médio,Baixa
segunda-feira,BR-376,664.9,Anoitecer,Crescente,Chuva,Dupla,Curva,-25.85527,-48.95458,DEL01-PR,Risco Médio,Baixa
sexta-feira,BR-60,37.0,Pleno dia,Decrescente,Nevoeiro/Neblina,Simples,Curva,-18.95385,-52.79497,DEL08-MS,Risco Médio,Média
terça-feira,BR-101,51.0,Pleno dia,Decrescente,Nublado,Dupla,Reta,-7.923063,-34.89552,DEL01-PE,Risco Baixo,Alta
domingo,BR-135,493.0,Plena Noite,Crescente,Nublado,Simples,Não Informado,-17.7417,-44.1139,DEL12-MG,Risco Médio,Baixa
quarta-feira,BR-40,431.1,Pleno dia,Decrescente,Céu Claro,Dupla,Reta,-19.19728,-44.47966,DEL02-MG,Risco Médio,Alta
quinta-feira,BR-472,572.8,Amanhecer,Crescente,Céu Claro,Simples,Reta,-29.76572,-57.03351,DEL13-RS,Risco Baixo,Baixa
quinta-feira,BR-101,214.0,Amanhecer,Crescente,Nublado,Simples,Curva,-19.82999,-40.37211,DEL02-ES,Risco Médio,Alta
domingo,BR-470,56.5,Pleno dia,Crescente,Nublado,Simples,Rotatória,-26.87324,-49.11415,DEL04-SC,Risco Médio,Baixa
quinta-feira,BR-116,321.0,Amanhecer,Decrescente,Céu Claro,Simples,Reta,-22.48093,-44.53548,DEL07-RJ,Risco Médio,Alta
sexta-feira,BR-280,117.1,Plena Noite,Decrescente,Céu Claro,Simples,Curva,-26.27521,-49.42101,DEL06-SC,Risco Médio,Baixa
sexta-feira,BR-101,216.0,Plena Noite,Crescente,Céu Claro,Dupla,Interseção de vias,-27.65981,-48.67748,DEL01-SC,Risco Médio,Alta
quarta-feira,BR-470,57.7,Pleno dia,Decrescente,Céu Claro,Simples,Não Informado,-26.88043,-49.13653,DEL04-SC,Risco Médio,Baixa
segunda-feira,BR-277,111.9,Anoitecer,Crescente,Céu Claro,Dupla,Curva,-25.43824,-49.44584,DEL01-PR,Risco Médio,Média
sexta-feira,BR-316,5.0,Pleno dia,Crescente,Céu Claro,Múltipla,Reta,-1.365934,-48.3726,DEL01-PA,Risco Médio,Baixa
quinta-feira,BR-324,527.0,Plena Noite,Crescente,Chuva,Dupla,Reta,-12.31184,-38.88332,DEL01-BA,Risco Baixo,Baixa
sexta-feira,BR-101,661.5,Pleno dia,Crescente,Sol,Simples,Curva,-15.94416,-39.56108,DEL05-BA,Risco Médio,Alta
sábado,BR-101,254.3,Plena Noite,Decrescente,Céu Claro,Simples,Interseção de vias,-20.11004,-40.3274,DEL02-ES,Risco Médio,Alta
domingo,BR-277,203.0,Pleno dia,Crescente,Nublado,Simples,Reta,-25.46452,-50.23036,DEL08-PR,Risco Médio,Média
segunda-feira,BR-116,155.5,Pleno dia,Decrescente,Sol,Simples,Curva,-16.8978,-41.47455,DEL11-MG,Risco Médio,Alta
sábado,BR-116,251.0,Pleno dia,Crescente,Céu Claro,Simples,Reta,-5.498172,-38.40791,DEL05-CE,Risco Baixo,Alta
sábado,BR-174,502.0,Plena Noite,Crescente,Céu Claro,Dupla,Reta,2.787376,-60.69952,DEL01-RR,Risco Médio,Baixa
quinta-feira,BR-356,279.5,Pleno dia,Decrescente,Chuva,Simples,Curva,-21.12514,-42.2545,DEL07-MG,Risco Médio,Baixa
terça-feira,BR-116,2.0,Plena Noite,Decrescente,Nublado,Simples,Reta,-21.87949,-42.68105,DEL06-RJ,Risco Médio,Alta
sexta-feira,BR-316,29.1,Plena Noite,Decrescente,Ignorado,Simples,Curva,-5.324991,-42.69866,DEL01-PI,Risco Médio,Baixa
terça-feira,BR-101,137.1,Pleno dia,Crescente,Céu Claro,Simples,Reta,-19.29308,-40.08592,DEL04-ES,Risco Médio,Alta
domingo,BR-354,745.6,Pleno dia,Crescente,Céu Claro,Simples,Interseção de vias,-22.19409,-44.97288,DEL05-MG,Risco Médio,Baixa
domingo,BR-282,70.6,Plena Noite,Decrescente,Céu Claro,Simples,Reta,-26.73079,-53.51083,DEL01-SC,Risco Baixo,Baixa
sábado,BR-235,37.0,Amanhecer,Crescente,Ignorado,Simples,Reta,-10.76965,-37.33732,DEL01-SE,Risco Médio,Baixa
segunda-feira,BR-365,428.0,Plena Noite,Crescente,Céu Claro,Simples,Reta,-18.75338,-46.64952,DEL10-MG,Risco Baixo,Média
quinta-feira,BR-40,748.7,Pleno dia,Decrescente,Chuva,Simples,Curva,-21.43797,-43.55638,DEL05-MG,Risco Baixo,Alta
segunda-feira,BR-10,254.0,Pleno dia,Crescente,Céu Claro,Simples,Reta,-5.517879,-47.47158,DEL04-MA,Risco Médio,Baixa
segunda-feira,BR-116,263.0,Pleno dia,Decrescente,Sol,Dupla,Não Informado,-29.90545,-51.17674,DEL01-RS,Risco Médio,Alta
sábado,BR-470,125.0,Plena Noite,Decrescente,Chuva,Simples,Curva,-27.129,-49.53828,DEL04-SC,Risco Médio,Baixa
quarta-feira,BR-101,218.0,Amanhecer,Decrescente,Chuva,Dupla,Reta,-22.50789,-42.30025,DEL02-RJ,Risco Médio,Alta
sábado,BR-267,203.9,Pleno dia,Crescente,Chuva,Simples,Curva,-21.93194,-44.1106,DEL05-MG,Risco Médio,Baixa
segunda-feira,BR-163,987.0,Pleno dia,Decrescente,Céu Claro,Simples,Reta,-2.583771,-54.7204,DEL05-PA,Risco Médio,Alta
sexta-feira,BR-116,167.2,Anoitecer,Crescente,Céu Claro,Simples,Reta,-16.99295,-41.44722,DEL11-MG,Risco Médio,Alta
sexta-feira,BR-40,91.0,Anoitecer,Decrescente,Chuva,Simples,Curva,-22.54904,-43.2423,DEL06-RJ,Risco Médio,Alta
sexta-feira,BR-376,5.1,Pleno dia,Decrescente,Céu Claro,Simples,Reta,-23.52544,-51.67712,DEL07-PR,Risco Médio,Baixa
quinta-feira,BR-101,184.0,Pleno dia,Crescente,Céu Claro,Simples,Não Informado,-19.65524,-40.23356,DEL04-ES,Risco Médio,Alta
segunda-feira,BR-381,544.0,Pleno dia,Decrescente,Chuva,Dupla,Curva,-20.28194,-44.42883,DEL04-MG,Risco Médio,Alta
quarta-feira,BR-40,87.0,Pleno dia,Crescente,Chuva,Simples,Não Informado,-22.54132,-43.23271,DEL06-RJ,Risco Médio,Alta
terça-feira,BR-116,145.0,Pleno dia,Decrescente,Nublado,Dupla,Reta,-22.66238,-43.2553,DEL01-RJ,Risco Médio,Alta
terça-feira,BR-476,193.8,Plena Noite,Crescente,Nublado,Simples,Curva,-25.42895,-49.26714,DEL01-PR,Risco Médio,Baixa
sexta-feira,BR-470,145.0,Plena Noite,Crescente,Nublado,Simples,Reta,-27.23234,-49.6718,DEL04-SC,Risco Alto,Baixa
sábado,BR-116,516.0,Amanhecer,Decrescente,Céu Claro,Simples,Não Informado,-24.87423,-48.21908,DEL05-SP,Risco Médio,Alta
quarta-feira,BR-116,6.0,Plena Noite,Crescente,Céu Claro,Dupla,Reta,-3.803494,-38.5037,DEL01-CE,Risco Médio,Alta
sexta-feira,BR-324,562.0,Plena Noite,Crescente,Chuva,Dupla,Reta,-12.49938,-38.64444,DEL01-BA,Risco Médio,Baixa
terça-feira,BR-101,33.0,Plena Noite,Decrescente,Céu Claro,Simples,Reta,-7.75898,-34.93549,DEL01-PE,Risco Médio,Alta
domingo,BR-116,165.0,Pleno dia,Decrescente,Céu Claro,Dupla,Não Informado,-23.29692,-46.00799,DEL02-SP,Risco Médio,Alta
terça-feira,BR-369,150.0,Pleno dia,Crescente,Céu Claro,Dupla,Não Informado,-23.29282,-51.16284,DEL07-PR,Risco Médio,Baixa
sexta-feira,BR-60,311.5,Pleno dia,Decrescente,Céu Claro,Dupla,Curva,-17.42009,-50.42245,DEL04-GO,Risco Baixo,Média
quinta-feira,BR-101,206.3,Pleno dia,Decrescente,Garoa/Chuvisco,Múltipla,Reta,-27.6001,-48.6225,DEL01-SC,Risco Médio,Alta
sábado,BR-104,60.3,Pleno dia,Crescente,Sol,Dupla,Reta,-8.243693,-35.97534,DEL02-PE,Risco Médio,Baixa
terça-feira,BR-116,276.3,Pleno dia,Decrescente,Céu Claro,Simples,Curva,-17.85106,-41.51454,DEL11-MG,Risco Médio,Alta
quinta-feira,BR-364,710.0,Plena Noite,Crescente,Céu Claro,Dupla,Rotatória,-8.783742,-63.86136,DEL01-RO,Risco Baixo,Alta
domingo,BR-116,229.0,Pleno dia,Crescente,Céu Claro,Múltipla,Reta,-23.512,-46.576,DEL01-SP,Risco Médio,Alta
terça-feira,BR-40,77.0,Pleno dia,Decrescente,Chuva,Dupla,Não Informado,-22.48006,-43.23544,DEL06-RJ,Risco Médio,Alta
domingo,BR-369,161.0,Pleno dia,Crescente,Sol,Dupla,Reta,-23.28763,-51.26075,DEL07-PR,Risco Médio,Baixa
domingo,BR-365,415.0,Amanhecer,Crescente,Chuva,Simples,Reta,-18.67465,-46.54519,DEL10-MG,Risco Alto,Média
domingo,BR-376,652.0,Plena Noite,Crescente,Garoa/Chuvisco,Dupla,Não Informado,-25.84616,-49.06888,DEL01-PR,Risco Médio,Baixa
domingo,BR-222,236.0,Anoitecer,Decrescente,Sol,Simples,Ponte,-5.302471,-49.07218,DEL03-PA,Risco Baixo,Baixa
terça-feira,BR-262,366.0,Pleno dia,Decrescente,Sol,Dupla,Reta,-19.97422,-44.2618,DEL01-MG,Risco Médio,Média
terça-feira,BR-116,389.9,Pleno dia,Decrescente,Céu Claro,Dupla,Reta,-24.27594,-47.41451,DEL04-SP,Risco Médio,Alta
quinta-feira,BR-262,4.7,Plena Noite,Decrescente,Céu Claro,Múltipla,Reta,-20.33704,-40.38362,DEL01-ES,Risco Médio,Média
sexta-feira,BR-393,283.0,Plena Noite,Crescente,Nublado,Simples,Reta,-22.47606,-44.04976,DEL05-RJ,Risco Médio,Média
terça-feira,BR-163,955.0,Pleno dia,Decrescente,Sol,Simples,Interseção de vias,-10.8491,-55.1877,DEL06-MT,Risco Médio,Alta
quarta-feira,BR-316,292.0,Pleno dia,Crescente,Céu Claro,Simples,Reta,-3.837854,-45.18735,DEL02-MA,Risco Médio,Baixa
sábado,BR-101,89.1,Pleno dia,Decrescente,Céu Claro,Dupla,Reta,-26.65305,-48.68709,DEL03-SC,Risco Baixo,Alta
domingo,BR-116,426.5,Plena Noite,Decrescente,Céu Claro,Dupla,Reta,-24.38936,-47.72212,DEL05-SP,Risco Médio,Alta
domingo,BR-316,310.0,Plena Noite,Crescente,Céu Claro,Simples,Reta,-7.076392,-41.47475,DEL04-PI,Risco Baixo,Baixa
quarta-feira,BR-50,71.9,Pleno dia,Decrescente,Céu Claro,Dupla,Reta,-18.89867,-48.2424,DEL15-MG,Risco Médio,Média
segunda-feira,BR-135,7.6,Pleno dia,Crescente,Céu Claro,Dupla,Reta,-2.640108,-44.27136,DEL01-MA,Risco Baixo,Baixa
domingo,BR-40,504.0,Pleno dia,Decrescente,Céu Claro,Simples,Reta,-19.72988,-44.15253,DEL02-MG,Risco Médio,Alta
segunda-feira,BR-116,279.0,Pleno dia,Crescente,Céu Claro,Dupla,Reta,-23.66234,-46.85293,DEL04-SP,Risco Médio,Alta
domingo,BR-101,63.3,Anoitecer,Decrescente,Céu Claro,Dupla,Curva,-26.45898,-48.75841,DEL03-SC,Risco Médio,Alta
segunda-feira,BR-153,562.0,Pleno dia,Decrescente,Chuva,Simples,Reta,-10.75908,-48.90211,DEL01-TO,Risco Médio,Alta
segunda-feira,BR-163,616.2,Plena Noite,Crescente,Céu Claro,Simples,Não Informado,-19.39074,-54.57061,DEL06-MS,Risco Médio,Alta
sexta-feira,BR-251,44.8,Pleno dia,Crescente,Céu Claro,Simples,Reta,-15.9486,-47.85576,DEL01-DF,Risco Médio,Baixa
domingo,BR-304,46.4,Pleno dia,Crescente,Sol,Dupla,Reta,-5.225794,-37.34005,DEL04-RN,Risco Alto,Baixa
domingo,BR-381,86.0,Pleno dia,Decrescente,Céu Claro,Múltipla,Curva,-23.4593,-46.57161,DEL03-SP,Risco Médio,Alta
terça-feira,BR-116,516.8,Pleno dia,Decrescente,Céu Claro,Múltipla,Rotatória,-31.6766,-52.342,DEL07-RS,Risco Médio,Alta
sábado,BR-163,689.0,Pleno dia,Crescente,Nublado,Simples,Reta,-18.85162,-54.81996,DEL06-MS,Risco Médio,Alta
terça-feira,BR-493,122.0,Pleno dia,Decrescente,Nublado,Dupla,Reta,-22.88777,-43.82442,DEL01-RJ,Risco Médio,Baixa
quinta-feira,BR-116,250.0,Plena Noite,Crescente,Garoa/Chuvisco,Múltipla,Não Informado,-29.78836,-51.16276,DEL01-RS,Risco Baixo,Alta
segunda-feira,BR-116,143.0,Pleno dia,Crescente,Nublado,Múltipla,Reta,-22.6715,-43.27927,DEL01-RJ,Risco Médio,Alta
domingo,BR-407,124.0,Plena Noite,Decrescente,Céu Claro,Dupla,Rotatória,-9.3739,-40.5385,DEL06-PE,Risco Médio,Baixa
terça-feira,BR-101,315.0,Pleno dia,Decrescente,Céu Claro,Dupla,Reta,-22.82262,-43.08461,DEL02-RJ,Risco Médio,Alta
sexta-feira,BR-381,633.6,Plena Noite,Crescente,Céu Claro,Dupla,Reta,-20.84891,-44.83338,DEL04-MG,Risco Baixo,Alta
quarta-feira,BR-101,42.1,Pleno dia,Crescente,Chuva,Múltipla,Curva,-6.857086,-35.13404,DEL01-PB,Risco Médio,Alta
domingo,BR-230,125.6,Pleno dia,Decrescente,Garoa/Chuvisco,Dupla,Desvio Temporário,-7.2498,-35.6827,DEL02-PB,Risco Médio,Baixa
quinta-feira,BR-381,82.0,Plena Noite,Crescente,Céu Claro,Múltipla,Reta,-23.42399,-46.57511,DEL03-SP,Risco Médio,Alta
segunda-feira,BR-364,348.0,Pleno dia,Crescente,Céu Claro,Simples,Curva,-15.80417,-55.5543,DEL01-MT,Risco Médio,Alta
quinta-feira,BR-101,270.0,Pleno dia,Decrescente,Céu Claro,Múltipla,Não Informado,-20.23088,-40.27339,DEL02-ES,Risco Baixo,Alta
sexta-feira,BR-101,65.8,Pleno dia,Crescente,Céu Claro,Dupla,Reta,-8.024786,-34.94277,DEL01-PE,Risco Médio,Alta
sexta-feira,BR-262,39.0,Pleno dia,Decrescente,Céu Claro,Simples,Reta,-20.27166,-42.0395,DEL06-MG,Risco Médio,Média
domingo,BR-101,194.5,Plena Noite,Decrescente,Céu Claro,Múltipla,Reta,-27.49815,-48.65661,DEL01-SC,Risco Baixo,Alta
sábado,BR-116,493.3,Plena Noite,Decrescente,Céu Claro,Simples,Não Informado,-7.406952,-38.96442,DEL05-CE,Risco Médio,Alta
domingo,BR-282,413.0,Plena Noite,Decrescente,Céu Claro,Simples,Não Informado,-27.05374,-51.69828,DEL07-SC,Risco Médio,Baixa
domingo,BR-116,476.2,Pleno dia,Decrescente,Céu Claro,Simples,Reta,-19.36238,-42.09831,DEL06-MG,Risco Médio,Alta
terça-feira,BR-405,111.0,Pleno dia,Crescente,Céu Claro,Simples,Reta,-5.852472,-37.9986,DEL04-RN,Risco Médio,Baixa
segunda-feira,BR-70,512.7,Pleno dia,Crescente,Céu Claro,Simples,Reta,-15.70395,-56.12022,DEL01-MT,Risco Médio,Baixa
sábado,BR-381,525.1,Pleno dia,Crescente,Céu Claro,Dupla,Curva,-20.16711,-44.33422,DEL04-MG,Risco Baixo,Alta
quinta-feira,BR-116,119.0,Pleno dia,Decrescente,Céu Claro,Dupla,Reta,-22.61573,-43.0375,DEL02-RJ,Risco Médio,Alta
domingo,BR-280,224.0,Pleno dia,Crescente,Chuva,Simples,Desvio Temporário,-26.17512,-50.30392,DEL06-SC,Risco Médio,Baixa
segunda-feira,BR-101,206.4,Pleno dia,Decrescente,Chuva,Múltipla,Reta,-27.595,-48.61992,DEL01-SC,Risco Médio,Alta
sábado,BR-158,261.2,Plena Noite,Decrescente,Céu Claro,Simples,Reta,-17.81485,-51.7871,DEL05-GO,Risco Baixo,Baixa
segunda-feira,BR-40,676.9,Pleno dia,Crescente,Céu Claro,Simples,Reta,-21.0111,-43.78072,DEL05-MG,Risco Médio,Alta
segunda-feira,BR-116,45.0,Pleno dia,Crescente,Chuva,Dupla,Curva,-25.2003,-48.8953,DEL01-PR,Risco Médio,Alta
quinta-feira,BR-10,256.0,Pleno dia,Crescente,Sol,Simples,Reta,-5.499512,-47.4718,DEL04-MA,Risco Médio,Baixa
sexta-feira,BR-116,15.6,Plena Noite,Decrescente,Chuva,Dupla,Curva,-25.1,-48.69486,DEL01-PR,Risco Baixo,Alta
sexta-feira,BR-116,559.3,Plena Noite,Decrescente,Nublado,Simples,Reta,-32.23304,-53.06203,DEL07-RS,Risco Baixo,Alta
terça-feira,BR-365,624.0,Pleno dia,Crescente,Céu Claro,Dupla,Reta,-18.90755,-48.31607,DEL15-MG,Risco Médio,Média
sábado,BR-304,47.9,Plena Noite,Decrescente,Céu Claro,Dupla,Reta,-5.230321,-37.32145,DEL04-RN,Risco Baixo,Baixa
terça-feira,BR-373,217.1,Anoitecer,Decrescente,Céu Claro,Simples,Reta,-25.15711,-50.54298,DEL03-PR,Risco Baixo,Baixa
sábado,BR-158,175.5,Plena Noite,Decrescente,Nublado,Simples,Reta,-10.93555,-51.6228,DEL07-MT,Risco Médio,Baixa
quinta-feira,BR-116,20.0,Plena Noite,Crescente,Céu Claro,Dupla,Curva,-25.10052,-48.72982,DEL01-PR,Risco Médio,Alta
domingo,BR-470,12.0,Plena Noite,Crescente,Garoa/Chuvisco,Simples,Não Informado,-26.83356,-48.73638,DEL04-SC,Risco Médio,Baixa
sexta-feira,BR-153,178.4,Pleno dia,Crescente,Céu Claro,Simples,Reta,-19.83944,-48.96458,DEL13-MG,Risco Médio,Alta
quinta-feira,BR-40,7.0,Amanhecer,Decrescente,Ignorado,Dupla,Reta,-16.04648,-47.9806,DEL01-DF,Risco Médio,Alta
quarta-feira,BR-277,726.0,Pleno dia,Decrescente,Céu Claro,Dupla,Não Informado,-25.51053,-54.5565,DEL05-PR,Risco Baixo,Média
quinta-feira,BR-174,14.0,Anoitecer,Decrescente,Céu Claro,Dupla,Reta,-12.72842,-60.12914,DEL04-RO,Risco Médio,Baixa
sábado,BR-116,5.5,Pleno dia,Crescente,Nublado,Simples,Curva,-6.945405,-38.7203,DEL05-CE,Risco Alto,Alta
quinta-feira,BR-153,58.8,Pleno dia,Decrescente,Céu Claro,Simples,Reta,-20.78679,-49.3539,DEL09-SP,Risco Médio,Alta
segunda-feira,BR-101,118.0,Pleno dia,Crescente,Céu Claro,Dupla,Retorno Regulamentado,-6.016059,-35.25348,DEL01-RN,Risco Médio,Alta
terça-feira,BR-230,34.6,Anoitecer,Decrescente,Céu Claro,Dupla,Reta,-7.129017,-34.93735,DEL01-PB,Risco Médio,Baixa
sábado,BR-116,499.0,Plena Noite,Decrescente,Céu Claro,Simples,Reta,-12.58566,-39.52239,DEL03-BA,Risco Médio,Alta
sábado,BR-60,113.8,Pleno dia,Crescente,Chuva,Dupla,Curva,-16.4572,-49.0567,DEL01-GO,Risco Médio,Média
quarta-feira,BR-381,720.9,Pleno dia,Decrescente,Céu Claro,Dupla,Curva,-21.46061,-45.20744,DEL04-MG,Risco Médio,Alta
quinta-feira,BR-476,132.0,Plena Noite,Decrescente,Nublado,Múltipla,Reta,-25.42308,-49.26544,DEL01-PR,Risco Médio,Baixa
sábado,BR-101,200.0,Plena Noite,Crescente,Garoa/Chuvisco,Múltipla,Não Informado,-27.5485,-48.6196,DEL01-SC,Risco Médio,Alta
sábado,BR-381,483.1,Pleno dia,Decrescente,Céu Claro,Múltipla,Reta,-19.95866,-44.08035,DEL01-MG,Risco Baixo,Alta
quarta-feira,BR-101,208.9,Anoitecer,Crescente,Nublado,Múltipla,Interseção de vias,-27.60328,-48.63202,DEL01-SC,Risco Médio,Alta
quarta-feira,BR-393,238.8,Pleno dia,Decrescente,Céu Claro,Simples,Interseção de vias,-22.40096,-43.66443,DEL05-RJ,Risco Médio,Média
terça-feira,BR-153,24.0,Pleno dia,Decrescente,Chuva,Dupla,Curva,-18.63007,-49.18447,DEL15-MG,Risco Baixo,Alta
sábado,BR-116,385.0,Pleno dia,Decrescente,Céu Claro,Dupla,Interseção de vias,-24.25659,-47.37135,DEL04-SP,Risco Baixo,Alta
sábado,BR-488,4.2,Pleno dia,Crescente,Nublado,Dupla,Não Informado,-22.85989,-45.25239,DEL08-SP,Risco Médio,Baixa
segunda-feira,BR-116,268.9,Plena Noite,Crescente,Céu Claro,Dupla,Reta,-23.60759,-46.75247,DEL04-SP,Risco Médio,Alta
sexta-feira,BR-369,184.0,Pleno dia,Crescente,Céu Claro,Dupla,Reta,-23.40328,-51.42823,DEL07-PR,Risco Médio,Baixa
sábado,BR-381,526.0,Pleno dia,Crescente,Sol,Dupla,Curva,-20.1508,-44.3263,DEL04-MG,Risco Baixo,Alta
terça-feira,BR-163,984.0,Plena Noite,Decrescente,Céu Claro,Simples,Reta,-2.609471,-54.72296,DEL05-PA,Risco Médio,Alta
sábado,BR-116,142.0,Plena Noite,Crescente,Céu Claro,Dupla,Reta,-22.64876,-43.23032,DEL01-RJ,Risco Médio,Alta
terça-feira,BR-116,226.0,Pleno dia,Crescente,Sol,Múltipla,Desvio Temporário,-23.49103,-46.54878,DEL01-SP,Risco Médio,Alta
quinta-feira,BR-381,59.0,Plena Noite,Decrescente,Nublado,Dupla,Curva,-23.28271,-46.58788,DEL03-SP,Risco Médio,Alta
domingo,BR-153,634.0,Pleno dia,Crescente,Céu Claro,Simples,Não Informado,-11.39541,-48.97434,DEL01-TO,Risco Médio,Alta
segunda-feira,BR-101,283.8,Pleno dia,Crescente,Sol,Dupla,Reta,-28.22164,-48.70068,DEL02-SC,Risco Médio,Alta
quinta-feira,BR-376,182.0,Pleno dia,Decrescente,Céu Claro,Múltipla,Curva,-23.43684,-51.87881,DEL09-PR,Risco Médio,Baixa
sexta-feira,BR-293,4.0,Pleno dia,Decrescente,Céu Claro,Simples,Interseção de vias,-31.73358,-52.37276,DEL07-RS,Risco Médio,Baixa
segunda-feira,BR-20,10.0,Pleno dia,Crescente,Céu Claro,Simples,Reta,-15.65024,-47.77387,DEL02-DF,Risco Médio,Baixa
sexta-feira,BR-267,23.3,Plena Noite,Decrescente,Céu Claro,Simples,Não Informado,-21.60106,-42.7965,DEL07-MG,Risco Médio,Baixa
terça-feira,BR-230,60.0,Pleno dia,Decrescente,Nublado,Simples,Não Informado,-6.242879,-47.79516,DEL02-TO,Risco Baixo,Baixa
sábado,BR-116,99.0,Pleno dia,Crescente,Chuva,Dupla,Reta,-25.52682,-49.14039,DEL01-PR,Risco Médio,Alta
quinta-feira,BR-153,80.4,Pleno dia,Crescente,Chuva,Simples,Desvio Temporário,-27.12038,-51.92196,DEL07-SC,Risco Médio,Alta
domingo,BR-153,636.0,Plena Noite,Crescente,Céu Claro,Dupla,Reta,-17.83973,-49.21723,DEL03-GO,Risco Médio,Alta
sexta-feira,BR-116,91.0,Pleno dia,Crescente,Céu Claro,Simples,Reta,-26.643,-50.2615,DEL06-SC,Risco Médio,Alta
segunda-feira,BR-101,420.0,Pleno dia,Decrescente,Céu Claro,Dupla,Reta,-22.91898,-43.92318,DEL03-RJ,Risco Médio,Alta
quarta-feira,BR-174,488.0,Pleno dia,Crescente,Chuva,Simples,Reta,-13.63885,-59.7986,DEL04-MT,Risco Médio,Baixa
sexta-feira,BR-101,117.9,Plena Noite,Crescente,Nublado,Dupla,Reta,-26.88747,-48.72253,DEL04-SC,Risco Baixo,Alta
sábado,BR-230,120.4,Plena Noite,Crescente,Céu Claro,Dupla,Reta,-7.2436,-35.6395,DEL02-PB,Risco Baixo,Baixa
sábado,BR-50,26.0,Plena Noite,Decrescente,Vento,Dupla,Reta,-18.6101,-48.07023,DEL15-MG,Risco Médio,Média
sábado,BR-381,907.5,Pleno dia,Crescente,Sol,Dupla,Curva,-22.71022,-46.12178,DEL16-MG,Risco Médio,Alta
domingo,BR-277,477.7,Pleno dia,Crescente,Nublado,Simples,Curva,-25.29793,-52.56842,DEL04-PR,Risco Alto,Média
sexta-feira,BR-101,309.3,Plena Noite,Decrescente,Céu Claro,Dupla,Reta,-22.79567,-43.03759,DEL02-RJ,Risco Médio,Alta
sexta-feira,BR-470,130.6,Plena Noite,Crescente,Nublado,Simples,Reta,-27.15756,-49.55649,DEL04-SC,Risco Médio,Baixa
sábado,BR-319,63.0,Plena Noite,Decrescente,Céu Claro,Dupla,Reta,-8.757891,-63.88591,DEL01-RO,Risco Baixo,Baixa
sexta-feira,BR-393,238.0,Pleno dia,Crescente,Céu Claro,Simples,Interseção de vias,-22.42975,-43.69795,DEL05-RJ,Risco Médio,Média
quinta-feira,BR-116,475.0,Pleno dia,Crescente,Céu Claro,Simples,Reta,-7.285542,-38.86591,DEL05-CE,Risco Médio,Alta
segunda-feira,BR-40,301.5,Pleno dia,Decrescente,Céu Claro,Simples,Reta,-18.35892,-45.09464,DEL14-MG,Risco Baixo,Alta
quarta-feira,BR-290,1.0,Pleno dia,Decrescente,Céu Claro,Dupla,Reta,-29.89694,-50.29101,DEL03-RS,Risco Médio,Baixa
sexta-feira,BR-381,653.0,Amanhecer,Crescente,Nublado,Dupla,Não Informado,-20.9694,-44.9316,DEL04-MG,Risco Baixo,Alta
sábado,BR-480,68.3,Plena Noite,Decrescente,Céu Claro,Simples,Curva,-27.63438,-52.33704,DEL08-RS,Risco Médio,Baixa
sábado,BR-467,103.5,Pleno dia,Crescente,Céu Claro,Dupla,Reta,-24.9098,-53.5103,DEL04-PR,Risco Médio,Baixa
domingo,BR-282,443.0,Pleno dia,Crescente,Céu Claro,Simples,Reta,-26.91758,-51.891,DEL07-SC,Risco Médio,Baixa