dia_semana,br,km,fase_dia,sentido_via,condicao_metereologica,tipo_pista,tracado_via,latitude,longitude,delegacia,classificacao_acidente,postos_policiais_PRF
sexta-feira,BR-153,244.0,Plena Noite,Crescente,Céu Claro,Simples,Reta,-14.8693,-49.3304,DEL07-GO,Risco Médio,Alta
sexta-feira,BR-163,1062.0,Pleno dia,Crescente,Céu Claro,Simples,Reta,-9.964835,-54.90497,DEL06-MT,Risco Alto,Alta
quinta-feira,BR-262,63.9,Plena Noite,Crescente,Nublado,Simples,Curva,-20.41797,-40.81618,DEL01-ES,Risco Médio,Média
quinta-feira,BR-158,512.0,Pleno dia,Crescente,Céu Claro,Simples,Reta,-30.625,-55.10438,DEL11-RS,Risco Alto,Baixa
sexta-feira,BR-259,52.9,Plena Noite,Crescente,Céu Claro,Dupla,Não Informado,-19.50453,-40.61266,DEL02-ES,Risco Médio,Baixa
sexta-feira,BR-376,184.0,Pleno dia,Crescente,Céu Claro,Dupla,Reta,-23.44656,-51.86217,DEL09-PR,Risco Médio,Baixa
terça-feira,BR-116,326.0,Amanhecer,Decrescente,Céu Claro,Simples,Reta,-11.38289,-38.96583,DEL02-BA,Risco Médio,Alta
quinta-feira,BR-116,225.0,Pleno dia,Crescente,Sol,Simples,Curva,-22.6535,-43.83323,DEL07-RJ,Risco Baixo,Alta
quarta-feira,BR-40,10.8,Pleno dia,Decrescente,Céu Claro,Dupla,Reta,-16.13707,-47.95243,DEL01-DF,Risco Médio,Alta
domingo,BR-20,199.0,Plena Noite,Crescente,Céu Claro,Simples,Reta,-12.19893,-45.82811,DEL10-BA,Risco Alto,Baixa
sábado,BR-235,188.1,Plena Noite,Decrescente,Nublado,Simples,Reta,-9.964425,-39.16304,DEL07-BA,Risco Alto,Baixa
segunda-feira,BR-101,37.0,Plena Noite,Crescente,Céu Claro,Simples,Rotatória,-18.47913,-39.92488,DEL04-ES,Risco Médio,Alta
segunda-feira,BR-116,221.0,Pleno dia,Crescente,Céu Claro,Múltipla,Reta,-23.47067,-46.51628,DEL01-SP,Risco Médio,Alta
sexta-feira,BR-343,568.0,Pleno dia,Crescente,Sol,Simples,Reta,-6.716117,-42.92231,DEL03-PI,Risco Médio,Baixa
terça-feira,BR-316,488.6,Pleno dia,Crescente,Céu Claro,Simples,Reta,-4.65186,-43.85213,DEL03-MA,Risco Alto,Baixa
quinta-feira,BR-101,213.2,Pleno dia,Decrescente,Céu Claro,Simples,Reta,-19.82353,-40.36982,DEL02-ES,Risco Médio,Alta
segunda-feira,BR-116,455.2,Pleno dia,Crescente,Céu Claro,Simples,Reta,-7.169731,-38.78067,DEL05-CE,Risco Baixo,Alta
sábado,BR-101,48.7,Pleno dia,Crescente,Sol,Dupla,Reta,-26.38025,-48.85167,DEL03-SC,Risco Médio,Alta
domingo,BR-364,379.0,Anoitecer,Crescente,Céu Claro,Simples,Reta,-10.7414,-62.21793,DEL02-RO,Risco Médio,Alta
domingo,BR-163,812.0,Pleno dia,Crescente,Nevoeiro/Neblina,Simples,Reta,-17.81993,-54.7296,DEL06-MS,Risco Baixo,Alta
quarta-feira,BR-364,374.3,Pleno dia,Decrescente,Céu Claro,Simples,Reta,-10.7447,-62.17775,DEL02-RO,Risco Baixo,Alta
sexta-feira,BR-153,662.0,Pleno dia,Crescente,Chuva,Dupla,Não Informado,-18.0724,-49.2697,DEL03-GO,Risco Médio,Alta
quinta-feira,BR-104,34.0,Plena Noite,Decrescente,Chuva,Simples,Não Informado,-9.1534,-36.013,DEL01-AL,Risco Baixo,Baixa
sexta-feira,BR-282,30.1,Pleno dia,Crescente,Chuva,Simples,Curva,-27.68738,-48.79071,DEL01-SC,Risco Médio,Baixa
terça-feira,BR-343,15.0,Pleno dia,Crescente,Nublado,Dupla,Reta,-2.936896,-41.75499,DEL05-PI,Risco Médio,Baixa
quarta-feira,BR-381,531.0,Pleno dia,Decrescente,Nublado,Dupla,Curva,-20.18183,-44.37896,DEL04-MG,Risco Médio,Alta
domingo,BR-70,4.0,Amanhecer,Crescente,Céu Claro,Dupla,Reta,-15.8782,-52.29165,DEL07-MT,Risco Médio,Baixa
quinta-feira,BR-316,311.0,Plena Noite,Crescente,Chuva,Dupla,Reta,-7.076331,-41.46596,DEL04-PI,Risco Baixo,Baixa
sexta-feira,BR-101,202.0,Pleno dia,Crescente,Céu Claro,Múltipla,Interseção de vias,-27.55712,-48.61898,DEL01-SC,Risco Médio,Alta
sábado,BR-101,352.3,Plena Noite,Decrescente,Céu Claro,Dupla,Reta,-28.6095,-49.0592,DEL02-SC,Risco Médio,Alta
domingo,BR-116,16.0,Pleno dia,Decrescente,Céu Claro,Dupla,Reta,-22.55822,-44.83796,DEL08-SP,Risco Médio,Alta
sábado,BR-376,173.1,Plena Noite,Crescente,Céu Claro,Dupla,Reta,-23.41925,-51.96788,DEL07-PR,Risco Médio,Baixa
segunda-feira,BR-116,24.5,Plena Noite,Decrescente,Céu Claro,Dupla,Não Informado,-3.964271,-38.51536,DEL01-CE,Risco Médio,Alta
sexta-feira,BR-116,10.8,Pleno dia,Crescente,Nublado,Dupla,Reta,-25.3719,-49.134,DEL01-PR,Risco Baixo,Alta
sexta-feira,BR-381,683.3,Anoitecer,Decrescente,Chuva,Dupla,Curva,-21.158,-45.1171,DEL04-MG,Risco Médio,Alta
segunda-feira,BR-277,337.6,Pleno dia,Decrescente,Céu Claro,Dupla,Reta,-25.34051,-51.42231,DEL08-PR,Risco Médio,Média
sexta-feira,BR-50,20.0,Pleno dia,Crescente,Céu Claro,Múltipla,Não Informado,-18.58721,-48.05646,DEL15-MG,Risco Médio,Média
segunda-feira,BR-470,151.8,Plena Noite,Decrescente,Nublado,Simples,Reta,-27.26079,-49.71976,DEL04-SC,Risco Médio,Baixa
quinta-feira,BR-174,975.0,Amanhecer,Crescente,Garoa/Chuvisco,Simples,Não Informado,-2.467041,-60.0287,DEL01-AM,Risco Baixo,Baixa
sábado,BR-465,3.0,Plena Noite,Crescente,Céu Claro,Simples,Reta,-22.73427,-43.71199,DEL01-RJ,Risco Médio,Baixa
sexta-feira,BR-10,193.0,Pleno dia,Decrescente,Sol,Simples,Reta,-6.0277,-47.3827,DEL04-MA,Risco Médio,Baixa
domingo,BR-101,196.8,Plena Noite,Decrescente,Chuva,Múltipla,Curva,-27.51772,-48.63906,DEL01-SC,Risco Baixo,Alta
sábado,BR-155,303.0,Pleno dia,Crescente,Céu Claro,Simples,Curva,-5.708704,-49.1321,DEL03-PA,Risco Baixo,Baixa
segunda-feira,BR-277,11.8,Pleno dia,Decrescente,Céu Claro,Dupla,Reta,-25.56388,-48.63367,DEL01-PR,Risco Baixo,Média
terça-feira,BR-242,801.4,Amanhecer,Crescente,Céu Claro,Simples,Curva,-12.11556,-45.06893,DEL10-BA,Risco Baixo,Baixa
terça-feira,BR-60,349.0,Pleno dia,Decrescente,Céu Claro,Dupla,Curva,-17.40836,-50.88455,DEL04-GO,Risco Médio,Média
terça-feira,BR-324,622.0,Pleno dia,Decrescente,Nublado,Múltipla,Reta,-12.91889,-38.46502,DEL01-BA,Risco Médio,Baixa
domingo,BR-101,331.8,Plena Noite,Crescente,Nublado,Dupla,Curva,-28.46008,-48.98943,DEL02-SC,Risco Médio,Alta
sexta-feira,BR-242,584.0,Plena Noite,Crescente,Garoa/Chuvisco,Simples,Rotatória,-12.05618,-43.09364,DEL10-BA,Risco Baixo,Baixa
sábado,BR-376,644.9,Plena Noite,Crescente,Garoa/Chuvisco,Dupla,Reta,-25.8235,-49.12553,DEL01-PR,Risco Baixo,Baixa
domingo,BR-101,690.0,Plena Noite,Decrescente,Céu Claro,Simples,Reta,-16.1442,-39.5982,DEL09-BA,Risco Médio,Alta
terça-feira,BR-116,282.6,Plena Noite,Crescente,Chuva,Dupla,Reta,-23.66489,-46.85424,DEL04-SP,Risco Médio,Alta
sexta-feira,BR-163,1001.0,Pleno dia,Decrescente,Céu Claro,Simples,Reta,-2.457051,-54.72826,DEL05-PA,Risco Médio,Alta
quarta-feira,BR-116,209.8,Pleno dia,Crescente,Céu Claro,Dupla,Reta,-23.429,-46.411,DEL01-SP,Risco Baixo,Alta
domingo,BR-40,177.0,Plena Noite,Decrescente,Céu Claro,Simples,Reta,-17.9644,-46.00613,DEL14-MG,Risco Médio,Alta
domingo,BR-116,527.5,Plena Noite,Crescente,Céu Claro,Dupla,Curva,-19.78511,-42.13445,DEL06-MG,Risco Alto,Alta
quarta-feira,BR-70,11.5,Pleno dia,Crescente,Céu Claro,Dupla,Reta,-15.78976,-48.14873,DEL01-DF,Risco Médio,Baixa
sábado,BR-116,264.0,Pleno dia,Decrescente,Nublado,Múltipla,Reta,-29.91444,-51.17754,DEL01-RS,Risco Médio,Alta
sábado,BR-324,619.0,Pleno dia,Crescente,Céu Claro,Dupla,Reta,-12.89821,-38.45012,DEL01-BA,Risco Médio,Baixa
sexta-feira,BR-101,348.5,Pleno dia,Decrescente,Sol,Simples,Reta,-28.5874,-49.04623,DEL02-SC,Risco Médio,Alta
domingo,BR-369,163.0,Pleno dia,Crescente,Garoa/Chuvisco,Dupla,Interseção de vias,-23.29706,-51.27754,DEL07-PR,Risco Alto,Baixa
quarta-feira,BR-116,166.0,Plena Noite,Decrescente,Céu Claro,Simples,Não Informado,-25.87556,-49.48642,DEL01-PR,Risco Médio,Alta
domingo,BR-232,10.0,Pleno dia,Decrescente,Sol,Dupla,Reta,-8.079172,-34.98719,DEL01-PE,Risco Médio,Baixa
sexta-feira,BR-423,19.1,Pleno dia,Decrescente,Nublado,Simples,Reta,-8.333797,-36.15202,DEL02-PE,Risco Médio,Baixa
quinta-feira,BR-116,14.7,Anoitecer,Decrescente,Nublado,Dupla,Reta,-25.3818,-49.1643,DEL01-PR,Risco Alto,Alta
sexta-feira,BR-40,9.1,Plena Noite,Decrescente,Garoa/Chuvisco,Dupla,Reta,-16.13116,-47.95774,DEL01-DF,Risco Médio,Alta
terça-feira,BR-282,5.9,Pleno dia,Crescente,Sol,Dupla,Curva,-27.58843,-48.61292,DEL01-SC,Risco Médio,Baixa
sábado,BR-316,57.0,Pleno dia,Crescente,Nublado,Dupla,Reta,-1.306961,-48.03478,DEL01-PA,Risco Médio,Baixa
sexta-feira,BR-101,109.5,Plena Noite,Crescente,Nublado,Dupla,Curva,-26.83916,-48.71372,DEL03-SC,Risco Médio,Alta
domingo,BR-101,33.0,Pleno dia,Crescente,Céu Claro,Simples,Reta,-18.4533,-39.9309,DEL04-ES,Risco Baixo,Alta
sexta-feira,BR-116,135.0,Plena Noite,Decrescente,Céu Claro,Dupla,Reta,-23.1445,-45.77021,DEL06-SP,Risco Médio,Alta
quarta-feira,BR-101,152.9,Pleno dia,Decrescente,Nublado,Dupla,Reta,-27.13564,-48.61005,DEL04-SC,Risco Médio,Alta
terça-feira,BR-280,130.0,Pleno dia,Crescente,Céu Claro,Simples,Curva,-26.25303,-49.52927,DEL06-SC,Risco Baixo,Baixa
terça-feira,BR-101,341.0,Anoitecer,Decrescente,Céu Claro,Simples,Curva,-28.50999,-49.05071,DEL02-SC,Risco Médio,Alta
sábado,BR-381,489.1,Pleno dia,Decrescente,Céu Claro,Múltipla,Reta,-19.95597,-44.13199,DEL01-MG,Risco Médio,Alta
sexta-feira,BR-116,525.0,Amanhecer,Decrescente,Céu Claro,Simples,Reta,-7.65139,-39.02034,DEL05-CE,Risco Baixo,Alta
domingo,BR-476,176.5,Plena Noite,Decrescente,Chuva,Simples,Curva,-25.69441,-49.55316,DEL01-PR,Risco Médio,Baixa
quinta-feira,BR-116,817.0,Pleno dia,Crescente,Garoa/Chuvisco,Simples,Reta,-14.81972,-40.81119,DEL08-BA,Risco Médio,Alta
terça-feira,BR-20,9.0,Anoitecer,Crescente,Nublado,Dupla,Reta,-15.65467,-47.78292,DEL02-DF,Risco Médio,Baixa
sexta-feira,BR-101,168.0,Plena Noite,Decrescente,Nublado,Simples,Curva,-22.3434,-41.917,DEL02-RJ,Risco Médio,Alta
domingo,BR-285,194.0,Plena Noite,Decrescente,Céu Claro,Simples,Reta,-28.24258,-51.49821,DEL08-RS,Risco Baixo,Baixa
segunda-feira,BR-285,425.9,Pleno dia,Decrescente,Sol,Simples,Reta,-28.32074,-53.60655,DEL10-RS,Risco Baixo,Baixa
quinta-feira,BR-116,292.3,Pleno dia,Crescente,Sol,Simples,Curva,-17.98145,-41.55431,DEL11-MG,Risco Médio,Alta
segunda-feira,BR-153,73.9,Pleno dia,Crescente,Céu Claro,Simples,Reta,-23.55368,-50.13534,DEL07-PR,Risco Baixo,Alta
quinta-feira,BR-381,481.0,Anoitecer,Crescente,Céu Claro,Múltipla,Reta,-19.9584,-44.0607,DEL01-MG,Risco Médio,Alta
quarta-feira,BR-135,339.0,Plena Noite,Crescente,Céu Claro,Simples,Reta,-8.9868,-44.2861,DEL03-PI,Risco Médio,Baixa
quarta-feira,BR-435,71.0,Pleno dia,Crescente,Céu Claro,Simples,Curva,-13.10217,-60.41099,DEL04-RO,Risco Médio,Baixa
sábado,BR-110,366.8,Pleno dia,Decrescente,Chuva,Simples,Desvio Temporário,-12.40314,-38.38981,DEL01-BA,Risco Médio,Baixa
domingo,BR-60,197.7,Pleno dia,Decrescente,Sol,Dupla,Reta,-16.8815,-49.6179,DEL01-GO,Risco Médio,Média
domingo,BR-369,177.0,Pleno dia,Decrescente,Céu Claro,Simples,Reta,-23.35174,-51.38843,DEL07-PR,Risco Baixo,Baixa
quinta-feira,BR-230,197.0,Pleno dia,Decrescente,Céu Claro,Dupla,Reta,-7.009315,-42.12706,DEL04-PI,Risco Alto,Baixa
quarta-feira,BR-116,207.4,Pleno dia,Crescente,Céu Claro,Simples,Rotatória,-27.482,-50.37911,DEL05-SC,Risco Médio,Alta
sábado,BR-381,484.7,Plena Noite,Crescente,Chuva,Dupla,Reta,-19.9557,-44.0964,DEL01-MG,Risco Médio,Alta
sábado,BR-222,4.2,Anoitecer,Decrescente,Céu Claro,Múltipla,Reta,-3.741648,-38.6045,DEL01-CE,Risco Médio,Baixa
terça-feira,BR-376,167.0,Pleno dia,Decrescente,Sol,Dupla,Reta,-23.38947,-52.01627,DEL07-PR,Risco Médio,Baixa
terça-feira,BR-101,335.9,Pleno dia,Crescente,Céu Claro,Simples,Curva,-20.62807,-40.53608,DEL03-ES,Risco Baixo,Alta
domingo,BR-364,699.0,Pleno dia,Decrescente,Nublado,Dupla,Reta,-8.800653,-63.76815,DEL01-RO,Risco Baixo,Alta
quinta-feira,BR-116,560.0,Plena Noite,Crescente,Garoa/Chuvisco,Dupla,Curva,-25.01571,-48.50929,DEL05-SP,Risco Médio,Alta
sábado,BR-116,95.0,Plena Noite,Crescente,Céu Claro,Simples,Curva,-22.4844,-42.99553,DEL04-RJ,Risco Alto,Alta
quinta-feira,BR-101,216.0,Plena Noite,Decrescente,Garoa/Chuvisco,Dupla,Reta,-27.65981,-48.67748,DEL01-SC,Risco Médio,Alta
domingo,BR-365,385.6,Pleno dia,Crescente,Céu Claro,Simples,Reta,-18.5905,-46.27619,DEL10-MG,Risco Médio,Média
sexta-feira,BR-101,209.2,Plena Noite,Crescente,Céu Claro,Múltipla,Reta,-27.60996,-48.6391,DEL01-SC,Risco Médio,Alta
sábado,BR-262,5.3,Pleno dia,Decrescente,Ignorado,Múltipla,Reta,-20.33738,-40.39055,DEL01-ES,Risco Médio,Média
quinta-feira,BR-101,178.0,Plena Noite,Decrescente,Céu Claro,Simples,Reta,-12.51908,-38.97083,DEL01-BA,Risco Médio,Alta
sexta-feira,BR-163,37.7,Pleno dia,Decrescente,Sol,Simples,Não Informado,-23.8018,-54.29914,DEL09-MS,Risco Baixo,Alta
segunda-feira,BR-163,490.0,Amanhecer,Decrescente,Céu Claro,Simples,Não Informado,-20.40018,-54.5554,DEL01-MS,Risco Baixo,Alta
domingo,BR-364,491.0,Pleno dia,Crescente,Sol,Simples,Reta,-15.32587,-56.42697,DEL01-MT,Risco Médio,Alta
sábado,BR-153,539.0,Pleno dia,Crescente,Céu Claro,Dupla,Reta,-17.0445,-49.2255,DEL01-GO,Risco Médio,Alta
quinta-feira,BR-470,213.8,Pleno dia,Crescente,Céu Claro,Dupla,Não Informado,-29.1502,-51.53015,DEL06-RS,Risco Médio,Baixa
domingo,BR-365,612.9,Pleno dia,Crescente,Céu Claro,Simples,Reta,-18.8846,-48.26594,DEL15-MG,Risco Alto,Média
segunda-feira,BR-381,484.0,Pleno dia,Crescente,Nublado,Dupla,Desvio Temporário,-19.95943,-44.08835,DEL01-MG,Risco Médio,Alta
domingo,BR-116,168.0,Plena Noite,Decrescente,Ignorado,Dupla,Reta,-22.81997,-43.315,DEL01-RJ,Risco Médio,Alta
sexta-feira,BR-364,58.9,Pleno dia,Crescente,Céu Claro,Simples,Não Informado,-16.93802,-53.53329,DEL02-MT,Risco Médio,Alta
terça-feira,BR-101,234.0,Plena Noite,Decrescente,Céu Claro,Dupla,Reta,-10.1131,-36.7533,DEL02-AL,Risco Médio,Alta
quarta-feira,BR-101,129.0,Pleno dia,Decrescente,Céu Claro,Dupla,Reta,-26.98064,-48.67907,DEL04-SC,Risco Médio,Alta
sexta-feira,BR-463,20.0,Pleno dia,Crescente,Céu Claro,Simples,Reta,-22.25883,-54.98509,DEL04-MS,Risco Médio,Baixa
sábado,BR-70,2.0,Pleno dia,Crescente,Céu Claro,Simples,Reta,-15.79805,-48.07323,DEL01-DF,Risco Médio,Baixa
quarta-feira,BR-262,4.0,Pleno dia,Decrescente,Céu Claro,Múltipla,Curva,-20.3362,-40.3783,DEL01-ES,Risco Baixo,Média
terça-feira,BR-304,181.0,Pleno dia,Crescente,Céu Claro,Simples,Reta,-5.690593,-36.32912,DEL01-RN,Risco Alto,Baixa
sexta-feira,BR-116,819.0,Pleno dia,Decrescente,Sol,Simples,Curva,-14.8283,-40.8278,DEL08-BA,Risco Médio,Alta
sábado,BR-153,129.0,Pleno dia,Decrescente,Sol,Simples,Reta,-13.9014,-49.06098,DEL07-GO,Risco Médio,Alta
sexta-feira,BR-259,48.0,Plena Noite,Crescente,Céu Claro,Dupla,Reta,-19.51652,-40.6041,DEL02-ES,Risco Médio,Baixa
segunda-feira,BR-116,156.0,Pleno dia,Crescente,Céu Claro,Múltipla,Reta,-23.24878,-45.93347,DEL02-SP,Risco Médio,Alta
terça-feira,BR-282,636.9,Pleno dia,Decrescente,Sol,Simples,Não Informado,-26.8063,-53.44107,DEL07-SC,Risco Médio,Baixa
sábado,BR-116,34.4,Pleno dia,Decrescente,Céu Claro,Simples,Reta,-8.139589,-39.11278,DEL05-PE,Risco Alto,Alta
segunda-feira,BR-101,489.0,Plena Noite,Crescente,Céu Claro,Simples,Curva,-22.95605,-44.30405,DEL03-RJ,Risco Médio,Alta
terça-feira,BR-316,541.0,Plena Noite,Crescente,Céu Claro,Simples,Reta,-4.8528,-43.4446,DEL03-MA,Risco Médio,Baixa
sábado,BR-116,110.8,Plena Noite,Crescente,Céu Claro,Dupla,Reta,-25.55979,-49.2648,DEL01-PR,Risco Médio,Alta
sábado,BR-116,224.4,Pleno dia,Crescente,Nublado,Dupla,Curva,-22.6335,-43.9046,DEL07-RJ,Risco Baixo,Alta
sexta-feira,BR-153,512.2,Plena Noite,Crescente,Céu Claro,Dupla,Reta,-16.8156,-49.2402,DEL01-GO,Risco Médio,Alta
terça-feira,BR-364,239.0,Pleno dia,Decrescente,Sol,Simples,Reta,-11.434,-61.46308,DEL02-RO,Risco Médio,Alta
domingo,BR-116,161.3,Pleno dia,Crescente,Céu Claro,Dupla,Ponte,-23.26406,-45.95557,DEL02-SP,Risco Médio,Alta
domingo,BR-381,503.0,Pleno dia,Decrescente,Céu Claro,Dupla,Reta,-20.02513,-44.23113,DEL01-MG,Risco Baixo,Alta
segunda-feira,BR-407,131.0,Plena Noite,Crescente,Ignorado,Simples,Não Informado,-10.52764,-40.13924,DEL04-BA,Risco Médio,Baixa
domingo,BR-60,515.0,Pleno dia,Decrescente,Nublado,Simples,Desvio Temporário,-21.17733,-55.62823,DEL05-MS,Risco Médio,Média
domingo,BR-316,45.7,Plena Noite,Crescente,Céu Claro,Dupla,Curva,-1.28211,-48.06695,DEL01-PA,Risco Alto,Baixa
sábado,BR-101,418.4,Plena Noite,Crescente,Chuva,Múltipla,Interseção de vias,-28.98044,-49.5371,DEL02-SC,Risco Alto,Alta
sexta-feira,BR-101,64.6,Plena Noite,Decrescente,Céu Claro,Dupla,Reta,-8.016292,-34.94046,DEL01-PE,Risco Médio,Alta
sábado,BR-290,70.0,Pleno dia,Crescente,Sol,Dupla,Reta,-29.948,-50.9561,DEL03-RS,Risco Médio,Baixa
sábado,BR-163,150.0,Plena Noite,Decrescente,Garoa/Chuvisco,Simples,Reta,-22.9631,-54.4283,DEL09-MS,Risco Médio,Alta
domingo,BR-101,128.0,Pleno dia,Crescente,Céu Claro,Simples,Reta,-9.7421,-36.0612,DEL02-AL,Risco Baixo,Alta
sábado,BR-116,46.0,Plena Noite,Crescente,Nublado,Dupla,Não Informado,-4.14403,-38.47828,DEL01-CE,Risco Alto,Alta
quarta-feira,BR-101,390.0,Pleno dia,Crescente,Céu Claro,Dupla,Reta,-22.89347,-43.67543,DEL01-RJ,Risco Baixo,Alta
terça-feira,BR-405,155.0,Pleno dia,Crescente,Sol,Simples,Reta,-6.149701,-38.20584,DEL04-RN,Risco Médio,Baixa
domingo,BR-262,4.8,Plena Noite,Decrescente,Céu Claro,Múltipla,Reta,-20.33793,-40.38517,DEL01-ES,Risco Médio,Média
segunda-feira,BR-232,4.6,Pleno dia,Decrescente,Céu Claro,Dupla,Não Informado,-8.064473,-34.93693,DEL01-PE,Risco Médio,Baixa
domingo,BR-60,49.0,Pleno dia,Crescente,Nublado,Dupla,Não Informado,-16.8101,-49.2397,DEL01-GO,Risco Médio,Média
segunda-feira,BR-476,142.0,Pleno dia,Crescente,Céu Claro,Dupla,Reta,-25.5368,-49.3016,DEL01-PR,Risco Médio,Baixa
segunda-feira,BR-40,477.0,Pleno dia,Crescente,Céu Claro,Dupla,Desvio Temporário,-19.52131,-44.26526,DEL02-MG,Risco Médio,Alta
segunda-feira,BR-470,68.2,Pleno dia,Decrescente,Céu Claro,Dupla,Reta,-26.87761,-49.23923,DEL04-SC,Risco Médio,Baixa
terça-feira,BR-40,697.3,Pleno dia,Crescente,Chuva,Simples,Curva,-21.18221,-43.75465,DEL05-MG,Risco Médio,Alta
domingo,BR-101,9.7,Pleno dia,Decrescente,Nublado,Dupla,Desvio Temporário,-7.577889,-34.98848,DEL01-PE,Risco Médio,Alta
sábado,BR-101,666.0,Pleno dia,Crescente,Céu Claro,Simples,Curva,-15.971,-39.562,DEL09-BA,Risco Alto,Alta
quarta-feira,BR-262,360.0,Pleno dia,Crescente,Céu Claro,Dupla,Reta,-19.97398,-44.26393,DEL01-MG,Risco Médio,Média
terça-feira,BR-381,75.0,Pleno dia,Decrescente,Garoa/Chuvisco,Dupla,Curva,-23.40781,-46.57516,DEL03-SP,Risco Baixo,Alta
segunda-feira,BR-20,22.0,Pleno dia,Crescente,Céu Claro,Dupla,Reta,-15.5976,-47.6741,DEL02-DF,Risco Baixo,Baixa
terça-feira,BR-60,5.0,Plena Noite,Decrescente,Céu Claro,Dupla,Reta,-15.89458,-48.10168,DEL01-DF,Risco Médio,Média
domingo,BR-259,57.3,Pleno dia,Crescente,Céu Claro,Simples,Não Informado,-19.50866,-40.65581,DEL02-ES,Risco Médio,Baixa
sábado,BR-277,74.0,Pleno dia,Crescente,Céu Claro,Dupla,Reta,-25.51726,-49.11541,DEL01-PR,Risco Médio,Média
sexta-feira,BR-407,129.6,Plena Noite,Crescente,Chuva,Simples,Reta,-9.39904,-40.50116,DEL06-PE,Risco Médio,Baixa
quinta-feira,BR-493,6.0,Pleno dia,Decrescente,Nublado,Dupla,Reta,-22.73124,-42.95145,DEL02-RJ,Risco Médio,Baixa
quinta-feira,BR-116,289.0,Pleno dia,Decrescente,Céu Claro,Dupla,Curva,-22.44937,-44.32171,DEL07-RJ,Risco Baixo,Alta
domingo,BR-376,112.3,Pleno dia,Crescente,Céu Claro,Simples,Rotatória,-23.09059,-52.39213,DEL07-PR,Risco Baixo,Baixa
sexta-feira,BR-116,145.4,Pleno dia,Crescente,Céu Claro,Múltipla,Não Informado,-23.18702,-45.85489,DEL02-SP,Risco Médio,Alta
sexta-feira,BR-373,262.1,Amanhecer,Decrescente,Céu Claro,Simples,Curva,-25.20295,-50.9464,DEL03-PR,Risco Médio,Baixa
quinta-feira,BR-163,838.0,Pleno dia,Decrescente,Sol,Simples,Reta,-11.96001,-55.51691,DEL06-MT,Risco Baixo,Alta
quarta-feira,BR-230,99.0,Plena Noite,Crescente,Céu Claro,Simples,Reta,-5.38907,-48.97499,DEL03-PA,Risco Médio,Baixa
quinta-feira,BR-116,201.0,Plena Noite,Decrescente,Céu Claro,Dupla,Reta,-23.40626,-46.33572,DEL01-SP,Risco Alto,Alta
sexta-feira,BR-116,848.7,Pleno dia,Crescente,Céu Claro,Simples,Reta,-15.04814,-40.97483,DEL08-BA,Risco Médio,Alta
domingo,BR-101,6.0,Plena Noite,Decrescente,Céu Claro,Simples,Reta,-26.02714,-48.86114,DEL03-SC,Risco Médio,Alta
domingo,BR-101,464.9,Pleno dia,Crescente,Nublado,Dupla,Reta,-29.29749,-49.76842,DEL03-RS,Risco Baixo,Alta
sábado,BR-153,70.9,Pleno dia,Crescente,Sol,Simples,Não Informado,-20.8573,-49.40627,DEL09-SP,Risco Médio,Alta
terça-feira,BR-376,456.4,Anoitecer,Decrescente,Garoa/Chuvisco,Múltipla,Reta,-24.92388,-50.40896,DEL03-PR,Risco Baixo,Baixa
domingo,BR-277,682.5,Plena Noite,Decrescente,Céu Claro,Dupla,Reta,-25.32987,-54.18272,DEL05-PR,Risco Médio,Média
sexta-feira,BR-277,72.9,Plena Noite,Decrescente,Nublado,Simples,Não Informado,-25.52523,-49.09756,DEL01-PR,Risco Médio,Média
quinta-feira,BR-364,203.5,Pleno dia,Decrescente,Céu Claro,Dupla,Reta,-16.47555,-54.65345,DEL02-MT,Risco Médio,Alta
terça-feira,BR-153,494.8,Plena Noite,Decrescente,Céu Claro,Dupla,Reta,-16.6614,-49.2218,DEL01-GO,Risco Médio,Alta
sábado,BR-153,495.6,Pleno dia,Decrescente,Céu Claro,Múltipla,Não Informado,-16.6681,-49.2263,DEL01-GO,Risco Alto,Alta
quinta-feira,BR-116,383.0,Pleno dia,Decrescente,Garoa/Chuvisco,Dupla,Não Informado,-24.24448,-47.36631,DEL04-SP,Risco Médio,Alta
sexta-feira,BR-101,95.0,Plena Noite,Decrescente,Céu Claro,Dupla,Reta,-26.70876,-48.70221,DEL03-SC,Risco Baixo,Alta
domingo,BR-262,316.4,Amanhecer,Crescente,Nublado,Simples,Reta,-20.47154,-54.44066,DEL01-MS,Risco Alto,Média
segunda-feira,BR-470,164.1,Pleno dia,Crescente,Nevoeiro/Neblina,Simples,Reta,-27.27865,-49.83605,DEL04-SC,Risco Baixo,Baixa
terça-feira,BR-232,16.8,Pleno dia,Decrescente,Chuva,Dupla,Reta,-8.094142,-35.03717,DEL01-PE,Risco Médio,Baixa
segunda-feira,BR-493,2.0,Pleno dia,Decrescente,Céu Claro,Simples,Curva,-22.7595,-42.93545,DEL02-RJ,Risco Médio,Baixa
quinta-feira,BR-101,68.0,Anoitecer,Crescente,Céu Claro,Simples,Reta,-8.05045,-34.94602,DEL01-PE,Risco Médio,Alta
quinta-feira,BR-392,207.3,Pleno dia,Decrescente,Chuva,Simples,Curva,-30.84683,-53.17657,DEL09-RS,Risco Médio,Média
quarta-feira,BR-116,155.0,Pleno dia,Crescente,Céu Claro,Múltipla,Não Informado,-23.24524,-45.92773,DEL02-SP,Risco Médio,Alta
quarta-feira,BR-101,94.6,Anoitecer,Decrescente,Céu Claro,Múltipla,Reta,-5.831905,-35.21192,DEL01-RN,Risco Baixo,Alta