dia_semana,br,km,fase_dia,sentido_via,condicao_metereologica,tipo_pista,tracado_via,latitude,longitude,delegacia,classificacao_acidente,postos_policiais_PRF
sexta-feira,BR-472,529.0,Pleno dia,Crescente,Céu Claro,Simples,Reta,-29.47595,-56.68465,DEL13-RS,Risco Alto,Baixa
sábado,BR-116,600.0,Plena Noite,Decrescente,Céu Claro,Simples,Reta,-20.33158,-42.14776,DEL06-MG,Risco Baixo,Alta
sexta-feira,BR-116,14.4,Plena Noite,Crescente,Céu Claro,Dupla,Reta,-22.55777,-44.8238,DEL08-SP,Risco Baixo,Alta
domingo,BR-101,336.0,Plena Noite,Decrescente,Nublado,Dupla,Não Informado,-28.48271,-49.03525,DEL02-SC,Risco Baixo,Alta
segunda-feira,BR-365,615.0,Plena Noite,Decrescente,Céu Claro,Simples,Reta,-18.8846,-48.26594,DEL15-MG,Risco Médio,Média
quarta-feira,BR-116,227.7,Pleno dia,Crescente,Sol,Múltipla,Reta,-23.50191,-46.5651,DEL01-SP,Risco Médio,Alta
domingo,BR-369,138.0,Pleno dia,Crescente,Céu Claro,Simples,Não Informado,-23.27349,-51.05332,DEL07-PR,Risco Médio,Baixa
quarta-feira,BR-101,68.6,Pleno dia,Decrescente,Céu Claro,Múltipla,Reta,-8.057067,-34.94624,DEL01-PE,Risco Médio,Alta
quarta-feira,BR-354,708.9,Pleno dia,Crescente,Céu Claro,Simples,Curva,-22.02238,-44.9284,DEL05-MG,Risco Médio,Baixa
terça-feira,BR-158,33.7,Pleno dia,Crescente,Céu Claro,Simples,Reta,-19.26628,-51.49611,DEL08-MS,Risco Médio,Baixa
quarta-feira,BR-381,499.7,Anoitecer,Decrescente,Céu Claro,Múltipla,Reta,-20.01793,-44.22614,DEL01-MG,Risco Baixo,Alta
sábado,BR-135,5.0,Plena Noite,Decrescente,Ignorado,Dupla,Desvio Temporário,-2.66256,-44.30187,DEL01-MA,Risco Médio,Baixa
terça-feira,BR-101,200.0,Pleno dia,Crescente,Céu Claro,Dupla,Reta,-22.47558,-42.17219,DEL08-RJ,Risco Baixo,Alta
quinta-feira,BR-392,53.8,Pleno dia,Crescente,Céu Claro,Dupla,Reta,-31.83828,-52.32843,DEL07-RS,Risco Baixo,Média
segunda-feira,BR-319,62.8,Plena Noite,Crescente,Ignorado,Dupla,Interseção de vias,-8.766685,-63.88405,DEL01-RO,Risco Médio,Baixa
domingo,BR-277,33.3,Pleno dia,Decrescente,Céu Claro,Dupla,Curva,-25.54737,-48.79056,DEL01-PR,Risco Médio,Média
sexta-feira,BR-470,1.5,Pleno dia,Crescente,Sol,Simples,Reta,-26.93187,-48.95932,DEL04-SC,Risco Médio,Baixa
sexta-feira,BR-101,205.6,Pleno dia,Crescente,Chuva,Simples,Não Informado,-11.51444,-37.79491,DEL02-SE,Risco Médio,Alta
segunda-feira,BR-222,316.0,Pleno dia,Decrescente,Céu Claro,Simples,Curva,-3.597493,-44.99621,DEL02-MA,Risco Médio,Baixa
sexta-feira,BR-116,125.0,Pleno dia,Crescente,Céu Claro,Simples,Não Informado,-23.09671,-45.68381,DEL02-SP,Risco Médio,Alta
domingo,BR-230,141.2,Pleno dia,Decrescente,Chuva,Dupla,Curva,-7.2612,-35.8061,DEL02-PB,Risco Alto,Baixa
sábado,BR-277,296.2,Pleno dia,Decrescente,Céu Claro,Simples,Reta,-25.31539,-51.05957,DEL03-PR,Risco Baixo,Média
segunda-feira,BR-101,73.0,Pleno dia,Crescente,Sol,Simples,Reta,-18.77025,-39.86803,DEL04-ES,Risco Médio,Alta
sábado,BR-476,127.4,Plena Noite,Crescente,Céu Claro,Múltipla,Reta,-25.42517,-49.22716,DEL01-PR,Risco Médio,Baixa
quarta-feira,BR-116,12.0,Anoitecer,Crescente,Chuva,Simples,Curva,-25.09707,-48.65518,DEL01-PR,Risco Médio,Alta
segunda-feira,BR-10,250.0,Pleno dia,Crescente,Chuva,Simples,Reta,-5.550874,-47.45931,DEL04-MA,Risco Médio,Baixa
terça-feira,BR-101,50.0,Pleno dia,Decrescente,Céu Claro,Dupla,Reta,-7.909386,-34.90123,DEL01-PE,Risco Médio,Alta
domingo,BR-367,29.0,Pleno dia,Crescente,Chuva,Simples,Interseção de vias,-16.4176,-39.10889,DEL09-BA,Risco Médio,Baixa
domingo,BR-230,390.0,Plena Noite,Decrescente,Céu Claro,Simples,Reta,-6.89116,-37.72388,DEL03-PB,Risco Médio,Baixa
quarta-feira,BR-343,3.0,Plena Noite,Crescente,Céu Claro,Múltipla,Reta,-5.081139,-42.7763,DEL01-PI,Risco Médio,Baixa
terça-feira,BR-470,266.2,Pleno dia,Decrescente,Céu Claro,Simples,Curva,-27.31291,-50.7304,DEL05-SC,Risco Médio,Baixa
sábado,BR-163,695.0,Anoitecer,Decrescente,Ignorado,Simples,Reta,-13.11802,-55.95656,DEL06-MT,Risco Baixo,Alta
quinta-feira,BR-280,31.1,Pleno dia,Crescente,Chuva,Simples,Não Informado,-26.4165,-48.77181,DEL03-SC,Risco Médio,Baixa
terça-feira,BR-155,322.0,Plena Noite,Decrescente,Céu Claro,Simples,Reta,-5.560312,-49.0745,DEL03-PA,Risco Médio,Baixa
domingo,BR-282,216.0,Plena Noite,Crescente,Céu Claro,Simples,Reta,-27.79753,-50.29186,DEL05-SC,Risco Médio,Baixa
domingo,BR-251,29.0,Pleno dia,Crescente,Céu Claro,Dupla,Reta,-16.2028,-47.4392,DEL01-DF,Risco Médio,Baixa
sexta-feira,BR-101,66.8,Pleno dia,Crescente,Nublado,Simples,Reta,-18.71652,-39.87436,DEL04-ES,Risco Médio,Alta
sábado,BR-308,151.0,Pleno dia,Crescente,Céu Claro,Simples,Reta,-1.208063,-47.17851,DEL01-PA,Risco Médio,Baixa
quinta-feira,BR-101,308.0,Plena Noite,Crescente,Céu Claro,Dupla,Reta,-22.79309,-43.0248,DEL02-RJ,Risco Médio,Alta
sábado,BR-40,457.0,Amanhecer,Crescente,Céu Claro,Dupla,Não Informado,-19.37147,-44.33613,DEL02-MG,Risco Médio,Alta
sexta-feira,BR-116,504.3,Pleno dia,Decrescente,Nublado,Simples,Curva,-19.59445,-42.11241,DEL06-MG,Risco Médio,Alta
sexta-feira,BR-116,269.2,Pleno dia,Decrescente,Nublado,Simples,Reta,-22.56076,-44.15543,DEL07-RJ,Risco Médio,Alta
sábado,BR-381,823.4,Pleno dia,Crescente,Sol,Dupla,Reta,-22.09364,-45.71111,DEL16-MG,Risco Médio,Alta
domingo,BR-470,53.5,Plena Noite,Decrescente,Nublado,Simples,Reta,-26.86265,-49.08945,DEL04-SC,Risco Médio,Baixa
segunda-feira,BR-476,153.0,Pleno dia,Decrescente,Céu Claro,Dupla,Reta,-25.57939,-49.39496,DEL01-PR,Risco Médio,Baixa
sexta-feira,BR-101,13.5,Amanhecer,Crescente,Céu Claro,Dupla,Desvio Temporário,-10.30352,-36.88758,DEL02-SE,Risco Médio,Alta
sábado,BR-153,508.0,Pleno dia,Decrescente,Nublado,Dupla,Não Informado,-16.7804,-49.2371,DEL01-GO,Risco Baixo,Alta
domingo,BR-20,49.0,Plena Noite,Crescente,Céu Claro,Simples,Reta,-15.49816,-47.10981,DEL02-DF,Risco Médio,Baixa
quinta-feira,BR-364,39.5,Plena Noite,Decrescente,Céu Claro,Simples,Curva,-19.94461,-48.95902,DEL13-MG,Risco Médio,Alta
terça-feira,BR-369,101.9,Pleno dia,Crescente,Céu Claro,Dupla,Reta,-23.24782,-50.73265,DEL07-PR,Risco Médio,Baixa
sábado,BR-153,31.0,Pleno dia,Crescente,Céu Claro,Simples,Reta,-20.54746,-49.3296,DEL09-SP,Risco Médio,Alta
terça-feira,BR-101,880.0,Pleno dia,Crescente,Céu Claro,Simples,Reta,-17.55691,-39.72493,DEL09-BA,Risco Baixo,Alta
sábado,BR-376,136.7,Plena Noite,Crescente,Chuva,Dupla,Curva,-23.20391,-52.19569,DEL07-PR,Risco Médio,Baixa
quinta-feira,BR-174,539.1,Pleno dia,Crescente,Ignorado,Simples,Curva,-13.19383,-59.86502,DEL04-MT,Risco Médio,Baixa
segunda-feira,BR-230,157.5,Pleno dia,Decrescente,Sol,Simples,Reta,-7.264,-35.9199,DEL02-PB,Risco Médio,Baixa
terça-feira,BR-116,5.0,Pleno dia,Decrescente,Sol,Simples,Reta,-26.14094,-49.81508,DEL06-SC,Risco Médio,Alta
domingo,BR-116,222.8,Amanhecer,Decrescente,Céu Claro,Dupla,Reta,-23.47617,-46.52549,DEL01-SP,Risco Alto,Alta
quinta-feira,BR-242,584.0,Pleno dia,Crescente,Céu Claro,Simples,Reta,-12.17675,-43.21466,DEL10-BA,Risco Baixo,Baixa
domingo,BR-101,294.0,Plena Noite,Decrescente,Céu Claro,Dupla,Reta,-22.75924,-42.89526,DEL02-RJ,Risco Médio,Alta
terça-feira,BR-153,525.0,Pleno dia,Crescente,Nublado,Simples,Reta,-10.42516,-48.89817,DEL02-TO,Risco Alto,Alta
quarta-feira,BR-153,652.0,Amanhecer,Crescente,Céu Claro,Dupla,Reta,-17.9755,-49.2556,DEL03-GO,Risco Baixo,Alta
segunda-feira,BR-262,732.0,Pleno dia,Decrescente,Céu Claro,Simples,Reta,-19.62133,-47.30853,DEL08-MG,Risco Baixo,Média
terça-feira,BR-277,596.7,Pleno dia,Crescente,Nublado,Simples,Não Informado,-24.99301,-53.51227,DEL04-PR,Risco Médio,Média
domingo,BR-101,2.5,Anoitecer,Decrescente,Chuva,Simples,Curva,-18.19329,-39.92321,DEL04-ES,Risco Médio,Alta
domingo,BR-282,377.0,Amanhecer,Crescente,Céu Claro,Simples,Não Informado,-27.21697,-51.47006,DEL07-SC,Risco Médio,Baixa
domingo,BR-101,48.1,Pleno dia,Decrescente,Céu Claro,Simples,Curva,-23.44079,-45.08706,DEL06-SP,Risco Médio,Alta
sexta-feira,BR-376,158.0,Plena Noite,Decrescente,Céu Claro,Dupla,Reta,-23.35252,-52.09127,DEL07-PR,Risco Médio,Baixa
domingo,BR-116,41.7,Plena Noite,Decrescente,Céu Claro,Simples,Reta,-26.39325,-50.15515,DEL06-SC,Risco Médio,Alta
segunda-feira,BR-135,12.0,Plena Noite,Crescente,Ignorado,Dupla,Reta,-2.672236,-44.29174,DEL01-MA,Risco Médio,Baixa
segunda-feira,BR-101,89.5,Pleno dia,Decrescente,Sol,Dupla,Reta,-7.178103,-34.89961,DEL01-PB,Risco Médio,Alta
sexta-feira,BR-277,727.9,Plena Noite,Decrescente,Céu Claro,Dupla,Reta,-25.50991,-54.57195,DEL05-PR,Risco Alto,Média
domingo,BR-101,142.0,Plena Noite,Crescente,Céu Claro,Múltipla,Interseção de vias,-19.39159,-40.07256,DEL04-ES,Risco Médio,Alta
sábado,BR-277,98.0,Pleno dia,Crescente,Céu Claro,Dupla,Reta,-25.54011,-49.31132,DEL01-PR,Risco Médio,Média
quinta-feira,BR-163,666.0,Pleno dia,Decrescente,Nublado,Simples,Reta,-13.27136,-56.02512,DEL06-MT,Risco Médio,Alta
sexta-feira,BR-153,464.0,Plena Noite,Decrescente,Céu Claro,Simples,Não Informado,-9.948956,-48.7446,DEL02-TO,Risco Médio,Alta
domingo,BR-232,174.6,Plena Noite,Crescente,Céu Claro,Simples,Reta,-8.339786,-36.37821,DEL02-PE,Risco Médio,Baixa
sábado,BR-101,125.7,Pleno dia,Decrescente,Nublado,Dupla,Retorno Regulamentado,-26.95277,-48.67887,DEL04-SC,Risco Médio,Alta
segunda-feira,BR-163,56.7,Amanhecer,Decrescente,Céu Claro,Dupla,Reta,-17.02147,-54.76234,DEL02-MT,Risco Alto,Alta
segunda-feira,BR-364,234.0,Pleno dia,Crescente,Céu Claro,Simples,Reta,-11.45656,-61.4235,DEL02-RO,Risco Médio,Alta
segunda-feira,BR-101,72.8,Plena Noite,Crescente,Céu Claro,Dupla,Reta,-26.53581,-48.71326,DEL03-SC,Risco Baixo,Alta
quinta-feira,BR-101,67.3,Plena Noite,Crescente,Nublado,Simples,Reta,-18.71989,-39.86801,DEL04-ES,Risco Médio,Alta
segunda-feira,BR-104,179.5,Pleno dia,Crescente,Céu Claro,Simples,Curva,-7.583348,-36.03056,DEL02-PB,Risco Médio,Baixa
sexta-feira,BR-153,502.0,Amanhecer,Crescente,Céu Claro,Dupla,Interseção de vias,-16.7287,-49.2424,DEL01-GO,Risco Médio,Alta
domingo,BR-101,27.5,Pleno dia,Crescente,Sol,Dupla,Viaduto,-26.20559,-48.9145,DEL03-SC,Risco Baixo,Alta
domingo,BR-424,88.5,Pleno dia,Decrescente,Céu Claro,Simples,Não Informado,-8.891516,-36.50559,DEL03-PE,Risco Baixo,Baixa
sexta-feira,BR-381,861.1,Amanhecer,Crescente,Céu Claro,Dupla,Reta,-22.33218,-45.919,DEL16-MG,Risco Baixo,Alta
terça-feira,BR-471,612.5,Plena Noite,Crescente,Chuva,Simples,Reta,-33.24863,-53.07673,DEL07-RS,Risco Alto,Baixa
quarta-feira,BR-10,71.0,Plena Noite,Crescente,Céu Claro,Simples,Reta,-7.030204,-47.44908,DEL04-MA,Risco Baixo,Baixa
terça-feira,BR-116,101.0,Pleno dia,Decrescente,Céu Claro,Múltipla,Não Informado,-22.99074,-45.48115,DEL08-SP,Risco Médio,Alta
terça-feira,BR-262,298.0,Pleno dia,Decrescente,Céu Claro,Simples,Reta,-20.50777,-54.27802,DEL01-MS,Risco Médio,Média
sexta-feira,BR-40,499.3,Amanhecer,Decrescente,Céu Claro,Dupla,Reta,-19.7048,-44.1699,DEL02-MG,Risco Médio,Alta
sábado,BR-101,276.8,Pleno dia,Decrescente,Céu Claro,Dupla,Reta,-28.14645,-48.69205,DEL02-SC,Risco Baixo,Alta
sexta-feira,BR-110,48.5,Plena Noite,Crescente,Céu Claro,Dupla,Rotatória,-5.208812,-37.33285,DEL04-RN,Risco Médio,Baixa
sábado,BR-293,112.5,Amanhecer,Decrescente,Céu Claro,Simples,Reta,-31.55049,-53.41964,DEL11-RS,Risco Médio,Baixa
terça-feira,BR-381,443.0,Pleno dia,Decrescente,Céu Claro,Simples,Curva,-19.82255,-43.81735,DEL01-MG,Risco Médio,Alta
domingo,BR-135,9.0,Pleno dia,Decrescente,Céu Claro,Dupla,Não Informado,-2.649414,-44.28039,DEL01-MA,Risco Baixo,Baixa
quarta-feira,BR-101,150.0,Pleno dia,Decrescente,Nublado,Simples,Curva,-19.39159,-40.07256,DEL04-ES,Risco Médio,Alta
segunda-feira,BR-324,545.0,Pleno dia,Crescente,Céu Claro,Dupla,Reta,-12.40647,-38.75314,DEL01-BA,Risco Médio,Baixa
sexta-feira,BR-101,86.4,Pleno dia,Crescente,Chuva,Dupla,Curva,-8.186773,-34.97221,DEL01-PE,Risco Médio,Alta
terça-feira,BR-493,10.0,Pleno dia,Crescente,Nublado,Simples,Reta,-22.69541,-42.95668,DEL02-RJ,Risco Médio,Baixa
segunda-feira,BR-116,117.0,Pleno dia,Crescente,Sol,Dupla,Reta,-23.05823,-45.6177,DEL06-SP,Risco Médio,Alta
sexta-feira,BR-116,511.0,Plena Noite,Crescente,Nublado,Simples,Reta,-12.68306,-39.67606,DEL03-BA,Risco Médio,Alta
quarta-feira,BR-407,124.9,Pleno dia,Crescente,Céu Claro,Simples,Reta,-10.43897,-40.18718,DEL04-BA,Risco Baixo,Baixa
domingo,BR-343,1.0,Pleno dia,Crescente,Céu Claro,Múltipla,Reta,-5.080557,-42.75869,DEL05-PI,Risco Baixo,Baixa
domingo,BR-116,737.6,Plena Noite,Crescente,Céu Claro,Simples,Reta,-14.3301,-40.32591,DEL08-BA,Risco Alto,Alta
sábado,BR-101,158.0,Plena Noite,Decrescente,Céu Claro,Simples,Não Informado,-11.2864,-37.46147,DEL02-SE,Risco Baixo,Alta
sábado,BR-364,384.0,Pleno dia,Crescente,Sol,Simples,Não Informado,-10.71525,-62.25065,DEL02-RO,Risco Médio,Alta
quinta-feira,BR-135,96.0,Pleno dia,Decrescente,Sol,Simples,Reta,-3.334748,-44.44835,DEL01-MA,Risco Baixo,Baixa
segunda-feira,BR-381,488.9,Plena Noite,Decrescente,Céu Claro,Dupla,Não Informado,-19.95615,-44.13255,DEL01-MG,Risco Médio,Alta
domingo,BR-405,3.0,Pleno dia,Crescente,Céu Claro,Dupla,Curva,-5.194851,-37.37839,DEL04-RN,Risco Médio,Baixa
quarta-feira,BR-428,183.0,Amanhecer,Crescente,Céu Claro,Simples,Reta,-9.34677,-40.47398,DEL06-PE,Risco Médio,Baixa
domingo,BR-262,590.1,Plena Noite,Crescente,Chuva,Simples,Não Informado,-19.66578,-46.1516,DEL08-MG,Risco Baixo,Média
sábado,BR-267,118.8,Pleno dia,Crescente,Chuva,Simples,Curva,-21.70274,-43.4531,DEL05-MG,Risco Médio,Baixa
segunda-feira,BR-381,265.0,Pleno dia,Crescente,Céu Claro,Simples,Reta,-19.53779,-42.67159,DEL03-MG,Risco Baixo,Alta
domingo,BR-361,11.0,Pleno dia,Decrescente,Céu Claro,Simples,Reta,-7.040797,-37.34801,DEL03-PB,Risco Médio,Baixa
quinta-feira,BR-364,349.0,Plena Noite,Crescente,Céu Claro,Simples,Reta,-15.7949,-55.58258,DEL05-MT,Risco Alto,Alta
domingo,BR-290,107.5,Plena Noite,Crescente,Céu Claro,Dupla,Curva,-30.0046,-51.31181,DEL02-RS,Risco Médio,Baixa
domingo,BR-101,120.0,Plena Noite,Decrescente,Céu Claro,Múltipla,Curva,-26.9126,-48.712,DEL04-SC,Risco Baixo,Alta
quarta-feira,BR-343,4.4,Pleno dia,Crescente,Céu Claro,Múltipla,Reta,-5.080514,-42.78599,DEL05-PI,Risco Médio,Baixa
sábado,BR-101,238.5,Pleno dia,Crescente,Nublado,Simples,Curva,-20.00196,-40.41321,DEL02-ES,Risco Médio,Alta
sábado,BR-386,416.0,Pleno dia,Crescente,Céu Claro,Simples,Reta,-29.81827,-51.46794,DEL04-RS,Risco Médio,Média
sexta-feira,BR-364,404.0,Plena Noite,Crescente,Nublado,Simples,Retorno Regulamentado,-15.66158,-55.97146,DEL02-MT,Risco Médio,Alta
domingo,BR-376,2.0,Plena Noite,Crescente,Garoa/Chuvisco,Simples,Não Informado,-23.5513,-51.46127,DEL07-PR,Risco Baixo,Baixa
terça-feira,BR-471,158.9,Plena Noite,Crescente,Nublado,Simples,Não Informado,-29.88774,-52.39295,DEL02-RS,Risco Médio,Baixa
quinta-feira,BR-324,603.0,Anoitecer,Decrescente,Céu Claro,Dupla,Reta,-12.78569,-38.41198,DEL01-BA,Risco Médio,Baixa
segunda-feira,BR-70,233.0,Pleno dia,Decrescente,Nublado,Simples,Curva,-15.63325,-53.96682,DEL05-MT,Risco Médio,Baixa
terça-feira,BR-101,842.0,Plena Noite,Crescente,Céu Claro,Simples,Curva,-17.45299,-39.69733,DEL09-BA,Risco Médio,Alta
quinta-feira,BR-158,106.5,Pleno dia,Crescente,Sol,Simples,Curva,-26.87393,-53.16418,DEL07-SC,Risco Médio,Baixa
sábado,BR-367,79.2,Plena Noite,Crescente,Ignorado,Simples,Reta,-16.36978,-39.54184,DEL09-BA,Risco Alto,Baixa
domingo,BR-116,115.0,Plena Noite,Decrescente,Nublado,Dupla,Reta,-25.55953,-49.2656,DEL01-PR,Risco Baixo,Alta
domingo,BR-280,144.2,Plena Noite,Decrescente,Nublado,Simples,Curva,-26.24502,-49.64172,DEL06-SC,Risco Médio,Baixa
domingo,BR-116,225.0,Plena Noite,Decrescente,Chuva,Múltipla,Reta,-23.49043,-46.54811,DEL01-SP,Risco Baixo,Alta
sábado,BR-364,703.0,Amanhecer,Decrescente,Céu Claro,Dupla,Reta,-8.800649,-63.79252,DEL01-RO,Risco Baixo,Alta
sexta-feira,BR-158,320.7,Plena Noite,Decrescente,Céu Claro,Simples,Reta,-29.68524,-53.77817,DEL09-RS,Risco Alto,Baixa
domingo,BR-158,186.5,Plena Noite,Decrescente,Garoa/Chuvisco,Simples,Curva,-28.57005,-53.56568,DEL10-RS,Risco Baixo,Baixa
quarta-feira,BR-467,109.6,Plena Noite,Crescente,Nublado,Dupla,Retorno Regulamentado,-24.9261,-53.4589,DEL04-PR,Risco Baixo,Baixa
segunda-feira,BR-369,186.0,Plena Noite,Decrescente,Céu Claro,Simples,Reta,-23.41321,-51.42706,DEL07-PR,Risco Médio,Baixa
segunda-feira,BR-381,886.8,Plena Noite,Crescente,Nublado,Dupla,Reta,-22.51854,-46.02231,DEL16-MG,Risco Médio,Alta
sábado,BR-277,233.1,Pleno dia,Decrescente,Céu Claro,Simples,Reta,-25.47255,-50.48806,DEL03-PR,Risco Médio,Média
quinta-feira,BR-392,136.3,Pleno dia,Crescente,Garoa/Chuvisco,Simples,Reta,-31.28294,-52.78851,DEL07-RS,Risco Médio,Média
sexta-feira,BR-364,271.0,Plena Noite,Decrescente,Céu Claro,Dupla,Não Informado,-15.96963,-54.95363,DEL02-MT,Risco Médio,Alta
sábado,BR-316,8.0,Plena Noite,Crescente,Céu Claro,Simples,Reta,-5.164865,-42.76899,DEL01-PI,Risco Médio,Baixa
quarta-feira,BR-101,235.1,Plena Noite,Decrescente,Chuva,Dupla,Reta,-27.82611,-48.63013,DEL01-SC,Risco Baixo,Alta
terça-feira,BR-365,203.5,Pleno dia,Decrescente,Céu Claro,Simples,Reta,-17.52732,-45.26709,DEL12-MG,Risco Médio,Média
sexta-feira,BR-304,180.0,Plena Noite,Decrescente,Céu Claro,Dupla,Reta,-5.690104,-36.31103,DEL01-RN,Risco Médio,Baixa
sábado,BR-116,478.9,Pleno dia,Decrescente,Céu Claro,Simples,Reta,-7.299918,-38.88599,DEL05-CE,Risco Médio,Alta
segunda-feira,BR-324,593.0,Pleno dia,Decrescente,Céu Claro,Dupla,Reta,-12.75555,-38.4288,DEL01-BA,Risco Baixo,Baixa
sexta-feira,BR-316,51.1,Pleno dia,Decrescente,Céu Claro,Dupla,Desvio Temporário,-1.306961,-48.03478,DEL01-PA,Risco Médio,Baixa
segunda-feira,BR-101,213.0,Pleno dia,Decrescente,Chuva,Dupla,Reta,-27.6446,-48.6705,DEL01-SC,Risco Médio,Alta
quarta-feira,BR-381,49.0,Pleno dia,Crescente,Nublado,Dupla,Reta,-23.20535,-46.59067,DEL03-SP,Risco Médio,Alta
quinta-feira,BR-470,70.0,Pleno dia,Crescente,Sol,Simples,Ponte,-26.87889,-49.24099,DEL04-SC,Risco Médio,Baixa
segunda-feira,BR-392,24.2,Pleno dia,Crescente,Céu Claro,Dupla,Reta,-32.08377,-52.24149,DEL07-RS,Risco Baixo,Média
domingo,BR-60,191.9,Pleno dia,Decrescente,Céu Claro,Dupla,Curva,-16.85153,-49.56779,DEL01-GO,Risco Médio,Média
quarta-feira,BR-101,327.0,Pleno dia,Crescente,Céu Claro,Múltipla,Interseção de vias,-28.43023,-48.95205,DEL02-SC,Risco Médio,Alta
sábado,BR-420,288.0,Anoitecer,Crescente,Céu Claro,Simples,Curva,-13.25112,-39.71791,DEL03-BA,Risco Médio,Baixa
segunda-feira,BR-163,283.0,Pleno dia,Decrescente,Céu Claro,Simples,Reta,-24.56832,-54.02657,DEL06-PR,Risco Médio,Alta
sexta-feira,BR-364,123.4,Pleno dia,Crescente,Céu Claro,Dupla,Reta,-10.01168,-67.78571,DEL01-AC,Risco Médio,Alta
segunda-feira,BR-10,295.0,Pleno dia,Decrescente,Céu Claro,Simples,Não Informado,-5.157523,-47.53841,DEL04-MA,Risco Médio,Baixa
quarta-feira,BR-393,241.0,Pleno dia,Crescente,Nublado,Múltipla,Não Informado,-22.42557,-43.6918,DEL05-RJ,Risco Médio,Média
domingo,BR-116,104.0,Plena Noite,Crescente,Céu Claro,Simples,Curva,-28.91769,-51.112,DEL05-RS,Risco Médio,Alta
sexta-feira,BR-116,3.0,Pleno dia,Decrescente,Chuva,Dupla,Curva,-25.07295,-48.58605,DEL01-PR,Risco Baixo,Alta
terça-feira,BR-20,5.0,Pleno dia,Decrescente,Céu Claro,Dupla,Reta,-15.67882,-47.82851,DEL02-DF,Risco Médio,Baixa
segunda-feira,BR-163,308.0,Pleno dia,Decrescente,Chuva,Simples,Reta,-24.40324,-54.15653,DEL06-PR,Risco Médio,Alta
quinta-feira,BR-101,85.0,Plena Noite,Decrescente,Céu Claro,Dupla,Interseção de vias,-7.145382,-34.91663,DEL01-PB,Risco Médio,Alta
quinta-feira,BR-369,161.2,Pleno dia,Decrescente,Céu Claro,Dupla,Interseção de vias,-23.29699,-51.27651,DEL07-PR,Risco Médio,Baixa
segunda-feira,BR-230,5.7,Pleno dia,Decrescente,Céu Claro,Dupla,Reta,-7.01,-34.8312,DEL01-PB,Risco Médio,Baixa
sexta-feira,BR-470,39.8,Pleno dia,Decrescente,Nublado,Simples,Reta,-26.89026,-48.99029,DEL04-SC,Risco Médio,Baixa
terça-feira,BR-70,230.0,Pleno dia,Decrescente,Céu Claro,Simples,Reta,-15.5648,-54.30641,DEL05-MT,Risco Baixo,Baixa
quinta-feira,BR-407,90.0,Pleno dia,Crescente,Céu Claro,Simples,Reta,-10.16014,-40.22856,DEL04-BA,Risco Médio,Baixa
domingo,BR-116,135.5,Anoitecer,Crescente,Céu Claro,Simples,Reta,-25.69309,-49.31768,DEL01-PR,Risco Médio,Alta
segunda-feira,BR-364,45.0,Plena Noite,Decrescente,Céu Claro,Simples,Não Informado,-17.04109,-53.48136,DEL02-MT,Risco Baixo,Alta
quarta-feira,BR-101,125.2,Pleno dia,Crescente,Chuva,Múltipla,Reta,-26.94802,-48.68339,DEL04-SC,Risco Médio,Alta
terça-feira,BR-376,599.0,Pleno dia,Decrescente,Nublado,Dupla,Desvio Temporário,-25.5135,-49.3378,DEL01-PR,Risco Baixo,Baixa
quinta-feira,BR-470,38.0,Pleno dia,Decrescente,Nublado,Simples,Túnel,-26.91423,-48.97203,DEL04-SC,Risco Médio,Baixa
sábado,BR-101,126.0,Pleno dia,Decrescente,Céu Claro,Dupla,Reta,-7.47807,-34.9791,DEL01-PB,Risco Médio,Alta
sábado,BR-101,73.0,Plena Noite,Crescente,Céu Claro,Dupla,Reta,-8.1027,-34.9483,DEL01-PE,Risco Baixo,Alta
quinta-feira,BR-376,189.5,Pleno dia,Crescente,Céu Claro,Dupla,Não Informado,-23.46537,-51.83045,DEL09-PR,Risco Baixo,Baixa
segunda-feira,BR-116,283.9,Pleno dia,Crescente,Sol,Dupla,Curva,-23.67759,-46.85795,DEL04-SP,Risco Baixo,Alta
sexta-feira,BR-153,152.0,Pleno dia,Decrescente,Céu Claro,Simples,Reta,-7.264632,-48.26261,DEL02-TO,Risco Médio,Alta
sábado,BR-262,327.3,Plena Noite,Decrescente,Céu Claro,Simples,Reta,-20.46657,-54.54373,DEL01-MS,Risco Médio,Média
domingo,BR-367,74.0,Plena Noite,Decrescente,Céu Claro,Simples,Reta,-16.3827,-39.4943,DEL09-BA,Risco Médio,Baixa
sábado,BR-70,520.0,Plena Noite,Decrescente,Nublado,Simples,Reta,-15.64958,-56.19501,DEL01-MT,Risco Baixo,Baixa
quinta-feira,BR-101,422.0,Pleno dia,Crescente,Chuva,Simples,Curva,-21.0007,-41.1315,DEL03-ES,Risco Baixo,Alta
sexta-feira,BR-40,688.8,Pleno dia,Decrescente,Chuva,Simples,Reta,-21.1215,-43.7584,DEL05-MG,Risco Médio,Alta
segunda-feira,BR-116,407.5,Plena Noite,Crescente,Céu Claro,Simples,Curva,-18.90206,-41.94717,DEL06-MG,Risco Médio,Alta
quarta-feira,BR-163,1030.0,Pleno dia,Crescente,Céu Claro,Simples,Reta,-10.22889,-54.97629,DEL06-MT,Risco Médio,Alta