dia_semana,br,km,fase_dia,sentido_via,condicao_metereologica,tipo_pista,tracado_via,latitude,longitude,delegacia,classificacao_acidente,postos_policiais_PRF
quinta-feira,BR-251,356.7,Pleno dia,Crescente,Garoa/Chuvisco,Simples,Curva,-16.26522,-42.57628,DEL12-MG,Risco Alto,Baixa
sábado,BR-424,29.7,Pleno dia,Crescente,Céu Claro,Simples,Reta,-8.573394,-36.88022,DEL03-PE,Risco Baixo,Baixa
segunda-feira,BR-40,4.2,Pleno dia,Decrescente,Céu Claro,Dupla,Reta,-16.08524,-47.98675,DEL01-DF,Risco Médio,Alta
sexta-feira,BR-282,515.2,Pleno dia,Crescente,Nublado,Simples,Reta,-26.92262,-52.49613,DEL07-SC,Risco Médio,Baixa
sexta-feira,BR-101,324.0,Plena Noite,Decrescente,Nublado,Múltipla,Não Informado,-28.4269,-48.9284,DEL02-SC,Risco Médio,Alta
segunda-feira,BR-101,2.0,Pleno dia,Crescente,Nublado,Dupla,Reta,-25.997,-48.87892,DEL03-SC,Risco Médio,Alta
domingo,BR-116,242.0,Pleno dia,Decrescente,Céu Claro,Dupla,Reta,-29.71684,-51.14801,DEL01-RS,Risco Médio,Alta
domingo,BR-101,66.0,Pleno dia,Decrescente,Céu Claro,Simples,Reta,-5.651225,-35.24994,DEL02-RN,Risco Médio,Alta
domingo,BR-386,314.8,Pleno dia,Crescente,Nublado,Simples,Reta,-29.2742,-52.1405,DEL04-RS,Risco Médio,Média
quarta-feira,BR-80,14.0,Pleno dia,Crescente,Céu Claro,Simples,Reta,-15.71903,-48.19669,DEL01-DF,Risco Médio,Baixa
terça-feira,BR-116,338.0,Plena Noite,Crescente,Nublado,Dupla,Reta,-23.9914,-47.148,DEL04-SP,Risco Médio,Alta
quarta-feira,BR-163,539.0,Pleno dia,Crescente,Garoa/Chuvisco,Simples,Reta,-14.39101,-56.11636,DEL01-MT,Risco Médio,Alta
sexta-feira,BR-101,52.0,Amanhecer,Crescente,Sol,Dupla,Viaduto,-29.62549,-50.0993,DEL03-RS,Risco Médio,Alta
domingo,BR-428,137.1,Plena Noite,Decrescente,Céu Claro,Simples,Interseção de vias,-8.982631,-40.2538,DEL06-PE,Risco Alto,Baixa
domingo,BR-277,728.0,Pleno dia,Crescente,Céu Claro,Dupla,Interseção de vias,-25.50976,-54.57387,DEL05-PR,Risco Alto,Média
segunda-feira,BR-101,48.2,Plena Noite,Crescente,Chuva,Dupla,Reta,-26.35346,-48.85868,DEL03-SC,Risco Médio,Alta
sexta-feira,BR-101,218.0,Pleno dia,Decrescente,Chuva,Dupla,Reta,-27.67586,-48.67053,DEL01-SC,Risco Médio,Alta
quarta-feira,BR-277,1.9,Plena Noite,Decrescente,Céu Claro,Simples,Reta,-25.5205,-48.5095,DEL01-PR,Risco Médio,Média
quarta-feira,BR-304,72.0,Pleno dia,Crescente,Céu Claro,Simples,Reta,-4.672573,-37.60253,DEL03-CE,Risco Médio,Baixa
segunda-feira,BR-116,103.1,Plena Noite,Crescente,Céu Claro,Dupla,Reta,-23.00007,-45.49973,DEL06-SP,Risco Médio,Alta
sábado,BR-60,195.0,Anoitecer,Crescente,Céu Claro,Simples,Reta,-19.51791,-54.02825,DEL06-MS,Risco Médio,Média
quinta-feira,BR-476,152.0,Pleno dia,Decrescente,Céu Claro,Dupla,Reta,-25.57004,-49.38419,DEL01-PR,Risco Médio,Baixa
quarta-feira,BR-40,726.5,Anoitecer,Crescente,Nublado,Dupla,Não Informado,-21.3241,-43.5845,DEL05-MG,Risco Médio,Alta
quarta-feira,BR-222,1.1,Pleno dia,Decrescente,Céu Claro,Múltipla,Interseção de vias,-3.736905,-38.57206,DEL01-CE,Risco Médio,Baixa
quinta-feira,BR-116,348.9,Pleno dia,Decrescente,Sol,Simples,Reta,-11.59736,-38.9843,DEL02-BA,Risco Médio,Alta
domingo,BR-101,45.1,Plena Noite,Decrescente,Nublado,Simples,Reta,-11.88492,-38.01831,DEL02-SE,Risco Médio,Alta
segunda-feira,BR-101,64.7,Plena Noite,Crescente,Nublado,Simples,Não Informado,-8.023044,-34.94287,DEL01-PE,Risco Médio,Alta
sábado,BR-40,546.5,Plena Noite,Decrescente,Céu Claro,Dupla,Curva,-20.01445,-43.96894,DEL01-MG,Risco Médio,Alta
sábado,BR-101,44.9,Plena Noite,Crescente,Céu Claro,Simples,Reta,-29.5637,-50.04844,DEL03-RS,Risco Médio,Alta
sábado,BR-251,328.5,Plena Noite,Crescente,Céu Claro,Simples,Curva,-16.23365,-42.37875,DEL12-MG,Risco Alto,Baixa
segunda-feira,BR-116,93.9,Plena Noite,Decrescente,Nublado,Dupla,Reta,-25.48228,-49.10589,DEL01-PR,Risco Alto,Alta
sábado,BR-116,237.0,Plena Noite,Crescente,Céu Claro,Dupla,Reta,-22.62476,-43.91657,DEL07-RJ,Risco Médio,Alta
segunda-feira,BR-251,17.0,Pleno dia,Crescente,Nublado,Simples,Reta,-15.94256,-47.62292,DEL01-DF,Risco Médio,Baixa
sábado,BR-376,157.0,Plena Noite,Crescente,Céu Claro,Dupla,Curva,-23.35252,-52.09127,DEL07-PR,Risco Médio,Baixa
sábado,BR-135,7.0,Pleno dia,Decrescente,Céu Claro,Dupla,Reta,-2.53073,-44.3068,DEL01-MA,Risco Baixo,Baixa
domingo,BR-232,125.0,Pleno dia,Crescente,Céu Claro,Dupla,Reta,-8.308071,-35.9458,DEL02-PE,Risco Médio,Baixa
sexta-feira,BR-230,71.0,Pleno dia,Decrescente,Céu Claro,Dupla,Reta,-7.192016,-35.22512,DEL01-PB,Risco Médio,Baixa
sábado,BR-116,913.0,Pleno dia,Crescente,Sol,Simples,Reta,-15.54281,-41.25311,DEL08-BA,Risco Médio,Alta
quinta-feira,BR-277,387.0,Plena Noite,Decrescente,Céu Claro,Simples,Reta,-25.43009,-51.801,DEL08-PR,Risco Baixo,Média
domingo,BR-251,474.1,Pleno dia,Crescente,Chuva,Simples,Curva,-16.4664,-43.43787,DEL12-MG,Risco Médio,Baixa
sábado,BR-163,645.8,Pleno dia,Crescente,Céu Claro,Dupla,Reta,-19.12891,-54.75676,DEL06-MS,Risco Baixo,Alta
segunda-feira,BR-153,516.0,Plena Noite,Crescente,Nublado,Simples,Curva,-26.42797,-51.31599,DEL07-SC,Risco Médio,Alta
sábado,BR-116,323.0,Pleno dia,Crescente,Céu Claro,Dupla,Reta,-22.48888,-44.5527,DEL07-RJ,Risco Médio,Alta
terça-feira,BR-116,254.0,Pleno dia,Crescente,Céu Claro,Dupla,Reta,-29.82655,-51.17241,DEL01-RS,Risco Baixo,Alta
quarta-feira,BR-104,17.0,Plena Noite,Decrescente,Céu Claro,Simples,Reta,-7.931927,-36.11956,DEL02-PE,Risco Baixo,Baixa
quarta-feira,BR-116,228.0,Pleno dia,Decrescente,Nublado,Dupla,Curva,-22.66642,-43.84621,DEL07-RJ,Risco Baixo,Alta
domingo,BR-116,488.0,Pleno dia,Crescente,Nublado,Dupla,Curva,-24.73098,-48.09816,DEL05-SP,Risco Médio,Alta
quinta-feira,BR-364,237.0,Plena Noite,Decrescente,Céu Claro,Simples,Túnel,-16.2107,-54.7797,DEL02-MT,Risco Médio,Alta
quarta-feira,BR-230,215.0,Pleno dia,Crescente,Sol,Simples,Reta,-7.0577,-36.3629,DEL02-PB,Risco Médio,Baixa
sexta-feira,BR-280,241.2,Plena Noite,Decrescente,Céu Claro,Simples,Reta,-26.22502,-50.45998,DEL06-SC,Risco Médio,Baixa
sábado,BR-101,89.3,Plena Noite,Decrescente,Garoa/Chuvisco,Dupla,Reta,-26.65176,-48.68722,DEL03-SC,Risco Alto,Alta
terça-feira,BR-116,276.0,Pleno dia,Decrescente,Céu Claro,Múltipla,Interseção de vias,-17.85106,-41.51454,DEL11-MG,Risco Médio,Alta
segunda-feira,BR-282,384.7,Pleno dia,Crescente,Chuva,Simples,Curva,-27.20044,-51.51536,DEL07-SC,Risco Baixo,Baixa
domingo,BR-230,345.0,Pleno dia,Crescente,Céu Claro,Simples,Reta,-7.150528,-45.71812,DEL05-MA,Risco Alto,Baixa
quarta-feira,BR-262,439.0,Pleno dia,Crescente,Sol,Dupla,Reta,-19.89197,-44.88685,DEL08-MG,Risco Médio,Média
domingo,BR-470,156.1,Pleno dia,Crescente,Céu Claro,Simples,Reta,-28.77909,-51.61291,DEL06-RS,Risco Médio,Baixa
sábado,BR-116,61.6,Pleno dia,Decrescente,Sol,Simples,Não Informado,-4.265685,-38.4894,DEL03-CE,Risco Médio,Alta
quarta-feira,BR-116,293.9,Plena Noite,Decrescente,Céu Claro,Dupla,Reta,-23.74813,-46.90048,DEL04-SP,Risco Baixo,Alta
sábado,BR-101,182.0,Plena Noite,Decrescente,Céu Claro,Múltipla,Reta,-27.39799,-48.63036,DEL01-SC,Risco Baixo,Alta
terça-feira,BR-60,4.0,Pleno dia,Crescente,Céu Claro,Dupla,Reta,-15.89373,-48.09882,DEL01-DF,Risco Médio,Média
domingo,BR-381,940.7,Pleno dia,Decrescente,Céu Claro,Dupla,Curva,-22.82607,-46.31324,DEL16-MG,Risco Médio,Alta
terça-feira,BR-316,313.0,Plena Noite,Decrescente,Céu Claro,Simples,Reta,-7.07959,-41.44975,DEL04-PI,Risco Médio,Baixa
sábado,BR-158,79.5,Plena Noite,Decrescente,Nublado,Simples,Não Informado,-27.74064,-53.32065,DEL08-RS,Risco Baixo,Baixa
terça-feira,BR-277,254.0,Pleno dia,Crescente,Céu Claro,Simples,Reta,-25.419,-50.762,DEL03-PR,Risco Médio,Média
domingo,BR-282,41.0,Pleno dia,Decrescente,Céu Claro,Simples,Reta,-27.71709,-48.88094,DEL01-SC,Risco Alto,Baixa
sábado,BR-280,54.4,Pleno dia,Decrescente,Céu Claro,Simples,Reta,-26.47609,-48.99032,DEL03-SC,Risco Médio,Baixa
segunda-feira,BR-406,155.9,Pleno dia,Crescente,Céu Claro,Simples,Reta,-5.67794,-35.39994,DEL02-RN,Risco Médio,Baixa
sábado,BR-425,143.0,Plena Noite,Decrescente,Céu Claro,Dupla,Reta,-10.77917,-65.33195,DEL01-RO,Risco Baixo,Baixa
sábado,BR-282,47.0,Pleno dia,Decrescente,Chuva,Simples,Não Informado,-27.72177,-48.93484,DEL01-SC,Risco Médio,Baixa
sábado,BR-101,29.8,Amanhecer,Crescente,Céu Claro,Múltipla,Interseção de vias,-6.748913,-35.13402,DEL01-PB,Risco Baixo,Alta
sábado,BR-381,715.0,Pleno dia,Decrescente,Chuva,Dupla,Curva,-21.42878,-45.21286,DEL04-MG,Risco Baixo,Alta
segunda-feira,BR-324,608.0,Pleno dia,Decrescente,Céu Claro,Dupla,Viaduto,-12.81183,-38.40479,DEL01-BA,Risco Médio,Baixa
sexta-feira,BR-116,180.0,Pleno dia,Crescente,Céu Claro,Dupla,Reta,-22.73884,-43.47247,DEL01-RJ,Risco Médio,Alta
sábado,BR-262,62.0,Plena Noite,Crescente,Nublado,Simples,Curva,-20.4244,-40.7982,DEL01-ES,Risco Médio,Média
quarta-feira,BR-369,156.1,Pleno dia,Decrescente,Nublado,Dupla,Reta,-23.2917,-51.2175,DEL07-PR,Risco Médio,Baixa
sábado,BR-40,52.9,Plena Noite,Crescente,Céu Claro,Simples,Curva,-17.25178,-46.78868,DEL14-MG,Risco Baixo,Alta
quarta-feira,BR-60,114.0,Pleno dia,Decrescente,Chuva,Dupla,Não Informado,-16.46226,-49.06244,DEL01-GO,Risco Baixo,Média
terça-feira,BR-101,199.0,Pleno dia,Decrescente,Céu Claro,Dupla,Reta,-27.5402,-48.6226,DEL01-SC,Risco Médio,Alta
quinta-feira,BR-116,242.0,Pleno dia,Crescente,Céu Claro,Dupla,Reta,-29.72297,-51.14859,DEL01-RS,Risco Médio,Alta
sábado,BR-116,224.0,Amanhecer,Decrescente,Nublado,Múltipla,Reta,-23.48072,-46.53272,DEL01-SP,Risco Baixo,Alta
quinta-feira,BR-40,505.0,Pleno dia,Crescente,Chuva,Dupla,Curva,-19.7504,-44.1449,DEL02-MG,Risco Médio,Alta
sexta-feira,BR-116,45.0,Plena Noite,Decrescente,Céu Claro,Dupla,Reta,-22.70844,-45.04559,DEL08-SP,Risco Médio,Alta
quinta-feira,BR-230,386.0,Pleno dia,Decrescente,Céu Claro,Simples,Não Informado,-7.376241,-45.97587,DEL05-MA,Risco Baixo,Baixa
segunda-feira,BR-101,96.9,Pleno dia,Decrescente,Céu Claro,Múltipla,Reta,-5.855461,-35.21178,DEL01-RN,Risco Médio,Alta
domingo,BR-116,275.0,Plena Noite,Decrescente,Céu Claro,Dupla,Curva,-23.6184,-46.8073,DEL04-SP,Risco Baixo,Alta
sexta-feira,BR-376,182.0,Plena Noite,Decrescente,Ignorado,Dupla,Reta,-23.43656,-51.87909,DEL07-PR,Risco Médio,Baixa
sexta-feira,BR-153,70.3,Plena Noite,Crescente,Céu Claro,Simples,Curva,-20.8532,-49.4026,DEL09-SP,Risco Médio,Alta
domingo,BR-381,83.0,Pleno dia,Crescente,Céu Claro,Múltipla,Reta,-23.43097,-46.56998,DEL03-SP,Risco Médio,Alta
terça-feira,BR-116,218.0,Plena Noite,Decrescente,Céu Claro,Múltipla,Não Informado,-23.4601,-46.48384,DEL01-SP,Risco Médio,Alta
sábado,BR-470,3.0,Anoitecer,Decrescente,Nublado,Dupla,Reta,-26.86194,-48.68162,DEL04-SC,Risco Médio,Baixa
sábado,BR-135,71.0,Plena Noite,Decrescente,Céu Claro,Simples,Reta,-3.149704,-44.32935,DEL01-MA,Risco Alto,Baixa
segunda-feira,BR-158,198.6,Plena Noite,Crescente,Garoa/Chuvisco,Simples,Reta,-28.6687,-53.59155,DEL10-RS,Risco Médio,Baixa
quarta-feira,BR-158,295.0,Pleno dia,Decrescente,Céu Claro,Simples,Reta,-29.50501,-53.70199,DEL09-RS,Risco Médio,Baixa
sexta-feira,BR-153,625.5,Pleno dia,Crescente,Chuva,Dupla,Curva,-17.76115,-49.16522,DEL03-GO,Risco Médio,Alta
quinta-feira,BR-421,16.5,Pleno dia,Decrescente,Sol,Simples,Reta,-10.01088,-63.16114,DEL03-RO,Risco Médio,Baixa
terça-feira,BR-365,823.0,Pleno dia,Crescente,Sol,Dupla,Interseção de vias,-18.87659,-50.12366,DEL15-MG,Risco Médio,Média
quinta-feira,BR-290,28.0,Pleno dia,Decrescente,Céu Claro,Dupla,Reta,-29.88314,-50.53658,DEL03-RS,Risco Médio,Baixa
sábado,BR-476,331.0,Pleno dia,Decrescente,Nublado,Simples,Reta,-26.11696,-50.82068,DEL02-PR,Risco Baixo,Baixa
domingo,BR-423,42.5,Plena Noite,Decrescente,Garoa/Chuvisco,Simples,Reta,-8.508978,-36.25103,DEL03-PE,Risco Médio,Baixa
quinta-feira,BR-116,699.8,Amanhecer,Decrescente,Céu Claro,Simples,Reta,-21.0947,-42.3737,DEL07-MG,Risco Alto,Alta
sábado,BR-40,59.0,Plena Noite,Crescente,Céu Claro,Dupla,Curva,-22.38629,-43.13543,DEL06-RJ,Risco Médio,Alta
quinta-feira,BR-101,269.0,Plena Noite,Crescente,Chuva,Múltipla,Reta,-20.2323,-40.2769,DEL02-ES,Risco Baixo,Alta
sexta-feira,BR-116,69.7,Plena Noite,Decrescente,Nublado,Múltipla,Curva,-22.84017,-45.22364,DEL08-SP,Risco Médio,Alta
quinta-feira,BR-369,201.5,Plena Noite,Decrescente,Céu Claro,Simples,Interseção de vias,-23.54213,-51.45581,DEL07-PR,Risco Médio,Baixa
segunda-feira,BR-116,378.9,Pleno dia,Decrescente,Nublado,Simples,Não Informado,-18.60025,-41.92596,DEL06-MG,Risco Baixo,Alta
terça-feira,BR-101,112.0,Plena Noite,Decrescente,Chuva,Dupla,Interseção de vias,-26.84825,-48.72355,DEL04-SC,Risco Médio,Alta
domingo,BR-101,383.9,Pleno dia,Crescente,Céu Claro,Simples,Curva,-20.82533,-40.85473,DEL03-ES,Risco Médio,Alta
terça-feira,BR-452,159.1,Pleno dia,Decrescente,Chuva,Simples,Curva,-18.29736,-49.53467,DEL03-GO,Risco Baixo,Baixa
sábado,BR-277,83.2,Plena Noite,Decrescente,Nublado,Dupla,Curva,-25.44837,-49.23006,DEL01-PR,Risco Alto,Média
sábado,BR-20,5.0,Pleno dia,Crescente,Chuva,Simples,Curva,-15.55527,-47.30691,DEL02-DF,Risco Médio,Baixa
sexta-feira,BR-376,275.0,Anoitecer,Crescente,Céu Claro,Dupla,Reta,-23.72916,-51.29295,DEL07-PR,Risco Médio,Baixa
segunda-feira,BR-153,4.0,Pleno dia,Decrescente,Céu Claro,Simples,Não Informado,-18.45133,-49.18791,DEL15-MG,Risco Médio,Alta
terça-feira,BR-101,38.9,Pleno dia,Crescente,Chuva,Dupla,Curva,-9.148179,-35.76878,DEL01-AL,Risco Baixo,Alta
quinta-feira,BR-116,75.8,Plena Noite,Decrescente,Chuva,Simples,Curva,-22.36122,-42.94874,DEL04-RJ,Risco Médio,Alta
segunda-feira,BR-116,109.9,Pleno dia,Decrescente,Nublado,Dupla,Reta,-23.02871,-45.54517,DEL06-SP,Risco Médio,Alta
quarta-feira,BR-153,49.5,Plena Noite,Decrescente,Céu Claro,Dupla,Reta,-18.81309,-49.08638,DEL15-MG,Risco Baixo,Alta
sexta-feira,BR-153,108.3,Anoitecer,Crescente,Céu Claro,Simples,Reta,-23.83801,-50.19312,DEL07-PR,Risco Médio,Alta
quinta-feira,BR-153,133.9,Pleno dia,Decrescente,Sol,Simples,Reta,-19.51286,-48.84008,DEL15-MG,Risco Médio,Alta
quarta-feira,BR-230,122.5,Plena Noite,Crescente,Céu Claro,Dupla,Reta,-7.246344,-35.65475,DEL02-PB,Risco Médio,Baixa
segunda-feira,BR-163,196.1,Pleno dia,Decrescente,Chuva,Dupla,Reta,-25.05798,-53.56167,DEL04-PR,Risco Médio,Alta
sábado,BR-101,73.0,Plena Noite,Crescente,Céu Claro,Simples,Curva,-21.80678,-41.39742,DEL08-RJ,Risco Alto,Alta
sábado,BR-101,375.0,Pleno dia,Crescente,Céu Claro,Dupla,Reta,-28.73154,-49.24416,DEL02-SC,Risco Médio,Alta
sábado,BR-470,121.2,Pleno dia,Decrescente,Nublado,Simples,Reta,-27.09586,-49.52686,DEL04-SC,Risco Médio,Baixa
domingo,BR-381,673.3,Anoitecer,Crescente,Nublado,Dupla,Reta,-21.08022,-45.06026,DEL04-MG,Risco Médio,Alta
quarta-feira,BR-116,185.6,Plena Noite,Decrescente,Céu Claro,Simples,Rotatória,-29.39247,-51.12463,DEL05-RS,Risco Médio,Alta
segunda-feira,BR-381,597.3,Pleno dia,Crescente,Nublado,Dupla,Reta,-20.5937,-44.704,DEL04-MG,Risco Médio,Alta
sexta-feira,BR-101,89.8,Pleno dia,Crescente,Céu Claro,Dupla,Reta,-7.171069,-34.89765,DEL01-PB,Risco Médio,Alta
sexta-feira,BR-406,171.0,Plena Noite,Decrescente,Céu Claro,Dupla,Reta,-5.760848,-35.29304,DEL02-RN,Risco Médio,Baixa
sexta-feira,BR-163,664.0,Plena Noite,Decrescente,Céu Claro,Dupla,Reta,-13.36939,-56.07439,DEL06-MT,Risco Médio,Alta
quarta-feira,BR-40,794.3,Pleno dia,Decrescente,Nublado,Dupla,Não Informado,-21.7901,-43.41524,DEL05-MG,Risco Baixo,Alta
terça-feira,BR-116,80.0,Plena Noite,Crescente,Céu Claro,Múltipla,Reta,-22.89958,-45.30246,DEL08-SP,Risco Alto,Alta
terça-feira,BR-376,214.0,Pleno dia,Crescente,Nublado,Dupla,Interseção de vias,-25.4451,-49.50071,DEL07-PR,Risco Baixo,Baixa
sábado,BR-20,11.0,Pleno dia,Crescente,Nublado,Dupla,Reta,-15.64654,-47.76642,DEL02-DF,Risco Médio,Baixa
domingo,BR-369,197.9,Plena Noite,Crescente,Céu Claro,Dupla,Reta,-23.5197,-51.43175,DEL07-PR,Risco Baixo,Baixa
domingo,BR-60,65.0,Plena Noite,Crescente,Céu Claro,Simples,Desvio Temporário,-19.02938,-53.00973,DEL06-MS,Risco Médio,Média
quarta-feira,BR-282,23.0,Plena Noite,Decrescente,Céu Claro,Simples,Reta,-27.68796,-48.73679,DEL01-SC,Risco Médio,Baixa
domingo,BR-101,79.4,Plena Noite,Decrescente,Nublado,Simples,Curva,-8.143661,-34.94723,DEL01-PE,Risco Médio,Alta
quarta-feira,BR-116,273.8,Pleno dia,Decrescente,Céu Claro,Múltipla,Interseção de vias,-17.82616,-41.5062,DEL11-MG,Risco Médio,Alta
segunda-feira,BR-343,261.0,Plena Noite,Crescente,Céu Claro,Simples,Reta,-4.806726,-42.14588,DEL01-PI,Risco Médio,Baixa
sábado,BR-282,20.0,Plena Noite,Decrescente,Céu Claro,Simples,Reta,-27.68396,-48.71006,DEL01-SC,Risco Médio,Baixa
sexta-feira,BR-365,620.1,Plena Noite,Crescente,Céu Claro,Dupla,Reta,-18.88612,-48.2673,DEL15-MG,Risco Médio,Média
sexta-feira,BR-30,269.0,Pleno dia,Crescente,Céu Claro,Simples,Reta,-14.0979,-42.5801,DEL08-BA,Risco Alto,Baixa
domingo,BR-153,144.0,Amanhecer,Decrescente,Céu Claro,Dupla,Reta,-7.196628,-48.23637,DEL02-TO,Risco Baixo,Alta
quinta-feira,BR-364,712.0,Pleno dia,Crescente,Céu Claro,Simples,Reta,-8.777035,-63.87316,DEL01-RO,Risco Médio,Alta
terça-feira,BR-101,108.0,Pleno dia,Decrescente,Céu Claro,Dupla,Viaduto,-5.928251,-35.26466,DEL01-RN,Risco Médio,Alta
sexta-feira,BR-163,583.0,Plena Noite,Crescente,Nublado,Simples,Reta,-14.05794,-56.09856,DEL01-MT,Risco Médio,Alta
sexta-feira,BR-293,3.0,Plena Noite,Decrescente,Céu Claro,Simples,Interseção de vias,-31.74064,-52.36444,DEL07-RS,Risco Médio,Baixa
segunda-feira,BR-493,18.0,Pleno dia,Decrescente,Céu Claro,Simples,Curva,-22.7472,-42.8585,DEL04-RJ,Risco Médio,Baixa
quinta-feira,BR-381,458.0,Plena Noite,Crescente,Céu Claro,Dupla,Reta,-19.92131,-43.93815,DEL01-MG,Risco Médio,Alta
sexta-feira,BR-101,143.0,Plena Noite,Crescente,Céu Claro,Simples,Desvio Temporário,-27.06436,-48.59599,DEL04-SC,Risco Médio,Alta
sexta-feira,BR-40,96.0,Pleno dia,Crescente,Céu Claro,Dupla,Desvio Temporário,-16.75768,-47.60161,DEL01-DF,Risco Médio,Alta
quinta-feira,BR-343,597.0,Pleno dia,Crescente,Céu Claro,Dupla,Reta,-6.812184,-43.05624,DEL03-PI,Risco Médio,Baixa
domingo,BR-116,177.0,Pleno dia,Crescente,Nublado,Simples,Curva,-25.89427,-49.54478,DEL01-PR,Risco Médio,Alta
quarta-feira,BR-392,241.0,Plena Noite,Decrescente,Céu Claro,Simples,Reta,-30.60344,-53.36856,DEL09-RS,Risco Médio,Média
sábado,BR-407,124.0,Pleno dia,Crescente,Céu Claro,Simples,Reta,-10.45458,-40.18172,DEL04-BA,Risco Baixo,Baixa
domingo,BR-364,207.2,Pleno dia,Crescente,Céu Claro,Dupla,Reta,-16.44347,-54.67237,DEL02-MT,Risco Baixo,Alta
domingo,BR-376,490.6,Plena Noite,Decrescente,Céu Claro,Dupla,Reta,-25.10544,-50.19413,DEL03-PR,Risco Médio,Baixa
sábado,BR-465,22.0,Plena Noite,Decrescente,Nublado,Simples,Reta,-22.86534,-43.60092,DEL01-RJ,Risco Médio,Baixa
domingo,BR-235,56.7,Plena Noite,Crescente,Céu Claro,Simples,Reta,-10.65864,-37.44843,DEL01-SE,Risco Médio,Baixa
quarta-feira,BR-282,115.6,Anoitecer,Decrescente,Céu Claro,Simples,Não Informado,-27.75542,-49.39444,DEL01-SC,Risco Médio,Baixa
sábado,BR-153,443.7,Pleno dia,Crescente,Nublado,Simples,Reta,-9.765989,-48.70399,DEL02-TO,Risco Alto,Alta
segunda-feira,BR-40,395.8,Pleno dia,Crescente,Céu Claro,Simples,Reta,-18.98817,-44.66225,DEL02-MG,Risco Alto,Alta
domingo,BR-116,40.0,Plena Noite,Decrescente,Céu Claro,Dupla,Reta,-4.098697,-38.50249,DEL01-CE,Risco Médio,Alta
segunda-feira,BR-116,86.0,Plena Noite,Crescente,Nublado,Dupla,Reta,-25.43479,-49.0894,DEL01-PR,Risco Baixo,Alta
sexta-feira,BR-104,141.5,Pleno dia,Crescente,Sol,Simples,Curva,-7.384918,-35.89557,DEL02-PB,Risco Médio,Baixa
quarta-feira,BR-369,500.7,Pleno dia,Decrescente,Nublado,Simples,Interseção de vias,-24.7919,-53.2884,DEL04-PR,Risco Médio,Baixa
quarta-feira,BR-101,308.7,Plena Noite,Crescente,Céu Claro,Simples,Curva,-20.414,-40.45982,DEL01-ES,Risco Alto,Alta
domingo,BR-153,0.8,Plena Noite,Crescente,Céu Claro,Simples,Curva,-27.37932,-51.98507,DEL08-RS,Risco Médio,Alta
sexta-feira,BR-222,2.5,Pleno dia,Decrescente,Céu Claro,Múltipla,Reta,-3.739657,-38.59119,DEL01-CE,Risco Médio,Baixa
terça-feira,BR-381,478.6,Pleno dia,Decrescente,Céu Claro,Dupla,Reta,-19.95826,-44.05921,DEL01-MG,Risco Médio,Alta
domingo,BR-163,252.6,Plena Noite,Decrescente,Nublado,Dupla,Reta,-24.6827,-53.78039,DEL06-PR,Risco Alto,Alta
terça-feira,BR-262,553.1,Amanhecer,Decrescente,Céu Claro,Simples,Curva,-19.71985,-45.87788,DEL08-MG,Risco Médio,Média
terça-feira,BR-20,22.2,Pleno dia,Crescente,Nublado,Dupla,Reta,-15.59834,-47.67619,DEL02-DF,Risco Médio,Baixa
sábado,BR-70,12.1,Pleno dia,Decrescente,Céu Claro,Dupla,Curva,-15.74037,-48.31035,DEL01-DF,Risco Baixo,Baixa
quarta-feira,BR-153,375.2,Pleno dia,Crescente,Céu Claro,Simples,Reta,-15.86818,-49.25549,DEL02-GO,Risco Baixo,Alta
domingo,BR-428,54.9,Pleno dia,Decrescente,Sol,Simples,Curva,-8.612931,-39.65428,DEL06-PE,Risco Alto,Baixa
terça-feira,BR-40,517.0,Anoitecer,Crescente,Céu Claro,Dupla,Reta,-19.82351,-44.08439,DEL01-MG,Risco Médio,Alta
terça-feira,BR-40,559.6,Pleno dia,Crescente,Céu Claro,Dupla,Reta,-20.12537,-43.96595,DEL01-MG,Risco Médio,Alta
segunda-feira,BR-435,84.0,Pleno dia,Crescente,Céu Claro,Dupla,Desvio Temporário,-13.11734,-60.52293,DEL04-RO,Risco Médio,Baixa
quarta-feira,BR-116,299.9,Pleno dia,Decrescente,Céu Claro,Dupla,Não Informado,-23.79881,-46.91524,DEL04-SP,Risco Médio,Alta
sábado,BR-116,225.0,Pleno dia,Decrescente,Céu Claro,Múltipla,Reta,-23.46326,-46.53373,DEL01-SP,Risco Baixo,Alta
sábado,BR-262,755.0,Plena Noite,Decrescente,Céu Claro,Simples,Reta,-19.62577,-47.48772,DEL13-MG,Risco Baixo,Média
segunda-feira,BR-163,264.0,Pleno dia,Crescente,Céu Claro,Dupla,Reta,-22.22743,-54.73933,DEL04-MS,Risco Médio,Alta
segunda-feira,BR-40,630.1,Plena Noite,Crescente,Céu Claro,Simples,Reta,-20.65824,-43.80259,DEL05-MG,Risco Médio,Alta
sábado,BR-101,149.0,Plena Noite,Crescente,Chuva,Múltipla,Reta,-27.10896,-48.61278,DEL04-SC,Risco Médio,Alta
terça-feira,BR-116,200.0,Pleno dia,Crescente,Nublado,Múltipla,Reta,-23.40281,-46.3211,DEL01-SP,Risco Médio,Alta
quinta-feira,BR-316,251.0,Plena Noite,Crescente,Céu Claro,Simples,Reta,-9.563696,-35.97112,DEL01-AL,Risco Médio,Baixa
segunda-feira,BR-116,482.3,Pleno dia,Decrescente,Nublado,Simples,Reta,-19.41146,-42.11789,DEL06-MG,Risco Médio,Alta