dia_semana,br,km,fase_dia,sentido_via,condicao_metereologica,tipo_pista,tracado_via,latitude,longitude,delegacia,classificacao_acidente,postos_policiais_PRF
segunda-feira,BR-425,84.0,Anoitecer,Decrescente,Nublado,Simples,Reta,-10.2875,-65.29694,DEL01-RO,Risco Médio,Baixa
sábado,BR-116,293.3,Plena Noite,Decrescente,Céu Claro,Dupla,Reta,-22.45746,-44.29161,DEL07-RJ,Risco Baixo,Alta
sábado,BR-116,218.3,Pleno dia,Crescente,Céu Claro,Simples,Rotatória,-27.56248,-50.37617,DEL05-SC,Risco Baixo,Alta
terça-feira,BR-280,55.5,Plena Noite,Decrescente,Céu Claro,Simples,Curva,-26.47923,-49.00144,DEL03-SC,Risco Médio,Baixa
terça-feira,BR-386,419.8,Pleno dia,Decrescente,Céu Claro,Dupla,Reta,-29.81764,-51.43282,DEL04-RS,Risco Médio,Média
quinta-feira,BR-116,268.0,Pleno dia,Decrescente,Céu Claro,Dupla,Reta,-29.95756,-51.17632,DEL01-RS,Risco Médio,Alta
quinta-feira,BR-101,3.2,Plena Noite,Crescente,Chuva,Dupla,Reta,-29.32633,-49.78079,DEL03-RS,Risco Médio,Alta
quinta-feira,BR-364,179.0,Anoitecer,Crescente,Céu Claro,Simples,Não Informado,-16.61017,-54.46703,DEL02-MT,Risco Médio,Alta
domingo,BR-472,583.9,Pleno dia,Crescente,Céu Claro,Simples,Ponte,-29.82108,-57.09975,DEL13-RS,Risco Alto,Baixa
quarta-feira,BR-251,253.0,Plena Noite,Crescente,Céu Claro,Simples,Reta,-15.9867,-41.8619,DEL11-MG,Risco Baixo,Baixa
domingo,BR-116,176.8,Plena Noite,Decrescente,Nublado,Simples,Reta,-5.022437,-38.06426,DEL03-CE,Risco Alto,Alta
domingo,BR-290,259.0,Pleno dia,Decrescente,Sol,Simples,Desvio Temporário,-30.25719,-52.81514,DEL02-RS,Risco Médio,Baixa
sábado,BR-280,31.0,Pleno dia,Crescente,Nublado,Simples,Reta,-26.4165,-48.77181,DEL03-SC,Risco Médio,Baixa
sexta-feira,BR-407,112.5,Pleno dia,Decrescente,Sol,Simples,Reta,-10.33347,-40.16767,DEL04-BA,Risco Baixo,Baixa
quinta-feira,BR-324,601.7,Plena Noite,Crescente,Céu Claro,Dupla,Não Informado,-12.75619,-38.42804,DEL01-BA,Risco Alto,Baixa
sexta-feira,BR-116,117.0,Pleno dia,Crescente,Céu Claro,Simples,Reta,-23.05823,-45.6177,DEL02-SP,Risco Médio,Alta
sábado,BR-259,48.0,Anoitecer,Decrescente,Céu Claro,Simples,Não Informado,-19.51869,-40.60085,DEL02-ES,Risco Médio,Baixa
quinta-feira,BR-459,102.7,Pleno dia,Decrescente,Sol,Dupla,Reta,-22.23048,-45.93678,DEL16-MG,Risco Médio,Baixa
sexta-feira,BR-407,0.7,Plena Noite,Decrescente,Céu Claro,Simples,Reta,-9.409546,-40.50534,DEL06-PE,Risco Médio,Baixa
sábado,BR-230,35.0,Pleno dia,Crescente,Céu Claro,Dupla,Curva,-7.1268,-34.9412,DEL01-PB,Risco Médio,Baixa
quinta-feira,BR-116,514.0,Plena Noite,Decrescente,Céu Claro,Dupla,Curva,-24.85874,-48.21731,DEL05-SP,Risco Médio,Alta
segunda-feira,BR-101,303.7,Plena Noite,Crescente,Nublado,Dupla,Reta,-28.38629,-48.77311,DEL02-SC,Risco Médio,Alta
domingo,BR-80,7.0,Pleno dia,Crescente,Céu Claro,Simples,Reta,-15.73123,-48.13949,DEL01-DF,Risco Médio,Baixa
quinta-feira,BR-174,169.0,Anoitecer,Decrescente,Céu Claro,Simples,Reta,-15.84822,-58.46357,DEL03-MT,Risco Baixo,Baixa
domingo,BR-476,142.0,Pleno dia,Decrescente,Céu Claro,Dupla,Reta,-25.53716,-49.30163,DEL01-PR,Risco Médio,Baixa
sábado,BR-40,42.6,Pleno dia,Decrescente,Céu Claro,Simples,Retorno Regulamentado,-17.2187,-46.8667,DEL14-MG,Risco Médio,Alta
quarta-feira,BR-470,193.3,Pleno dia,Decrescente,Garoa/Chuvisco,Simples,Curva,-27.30057,-50.07545,DEL04-SC,Risco Médio,Baixa
quinta-feira,BR-101,48.9,Anoitecer,Crescente,Céu Claro,Simples,Reta,-23.44344,-45.08446,DEL06-SP,Risco Médio,Alta
quinta-feira,BR-116,334.0,Pleno dia,Crescente,Céu Claro,Dupla,Reta,-23.96555,-47.12886,DEL04-SP,Risco Médio,Alta
sexta-feira,BR-101,102.0,Plena Noite,Decrescente,Céu Claro,Simples,Reta,-8.292185,-35.04827,DEL01-PE,Risco Médio,Alta
segunda-feira,BR-104,115.2,Plena Noite,Decrescente,Nublado,Simples,Reta,-7.168824,-35.85929,DEL02-PB,Risco Médio,Baixa
quinta-feira,BR-428,189.3,Pleno dia,Decrescente,Nublado,Dupla,Curva,-9.37504,-40.48772,DEL06-PE,Risco Médio,Baixa
sábado,BR-381,580.1,Pleno dia,Crescente,Céu Claro,Dupla,Não Informado,-20.50796,-44.61145,DEL04-MG,Risco Médio,Alta
quinta-feira,BR-101,200.0,Pleno dia,Crescente,Céu Claro,Múltipla,Reta,-27.54019,-48.62288,DEL01-SC,Risco Médio,Alta
segunda-feira,BR-163,680.0,Pleno dia,Decrescente,Garoa/Chuvisco,Simples,Reta,-13.241,-56.01173,DEL06-MT,Risco Médio,Alta
quarta-feira,BR-116,120.0,Anoitecer,Crescente,Nublado,Dupla,Não Informado,-25.58253,-49.31364,DEL01-PR,Risco Baixo,Alta
sábado,BR-101,139.0,Pleno dia,Decrescente,Céu Claro,Múltipla,Reta,-19.31017,-40.07997,DEL04-ES,Risco Médio,Alta
quinta-feira,BR-262,5.7,Plena Noite,Crescente,Céu Claro,Múltipla,Reta,-20.33735,-40.39116,DEL01-ES,Risco Médio,Média
sábado,BR-101,266.2,Pleno dia,Crescente,Sol,Múltipla,Interseção de vias,-20.19374,-40.26867,DEL02-ES,Risco Médio,Alta
sábado,BR-495,23.7,Pleno dia,Crescente,Chuva,Simples,Curva,-22.40954,-43.10155,DEL06-RJ,Risco Baixo,Baixa
segunda-feira,BR-163,42.0,Pleno dia,Crescente,Céu Claro,Simples,Não Informado,-23.7714,-54.27611,DEL09-MS,Risco Médio,Alta
terça-feira,BR-343,345.5,Pleno dia,Crescente,Nublado,Dupla,Interseção de vias,-5.106081,-42.7682,DEL01-PI,Risco Médio,Baixa
domingo,BR-282,16.3,Pleno dia,Decrescente,Céu Claro,Simples,Reta,-27.65861,-48.68185,DEL01-SC,Risco Médio,Baixa
quinta-feira,BR-101,142.3,Pleno dia,Crescente,Garoa/Chuvisco,Simples,Curva,-27.05609,-48.59945,DEL04-SC,Risco Médio,Alta
sábado,BR-163,572.0,Pleno dia,Crescente,Céu Claro,Simples,Desvio Temporário,-19.71384,-54.35114,DEL01-MS,Risco Médio,Alta
terça-feira,BR-101,435.4,Plena Noite,Crescente,Garoa/Chuvisco,Múltipla,Reta,-29.09949,-49.63481,DEL02-SC,Risco Baixo,Alta
quinta-feira,BR-116,693.4,Plena Noite,Decrescente,Céu Claro,Simples,Não Informado,-21.04418,-42.36797,DEL07-MG,Risco Alto,Alta
terça-feira,BR-101,34.3,Anoitecer,Crescente,Chuva,Dupla,Não Informado,-26.23667,-48.91487,DEL03-SC,Risco Médio,Alta
domingo,BR-146,477.9,Pleno dia,Crescente,Chuva,Simples,Interseção de vias,-21.74532,-46.40409,DEL09-MG,Risco Médio,Baixa
sexta-feira,BR-324,602.0,Pleno dia,Decrescente,Céu Claro,Dupla,Reta,-12.78723,-38.40784,DEL01-BA,Risco Médio,Baixa
sábado,BR-101,340.6,Pleno dia,Decrescente,Sol,Dupla,Reta,-28.50664,-49.04942,DEL02-SC,Risco Médio,Alta
sexta-feira,BR-101,357.0,Pleno dia,Decrescente,Sol,Dupla,Reta,-28.63517,-49.09467,DEL02-SC,Risco Médio,Alta
domingo,BR-343,308.3,Plena Noite,Crescente,Céu Claro,Simples,Reta,-5.038669,-42.46817,DEL01-PI,Risco Médio,Baixa
terça-feira,BR-116,326.0,Pleno dia,Crescente,Céu Claro,Simples,Reta,-30.3362,-51.4257,DEL02-RS,Risco Médio,Alta
sexta-feira,BR-101,158.7,Pleno dia,Crescente,Céu Claro,Simples,Reta,-19.46095,-40.10491,DEL04-ES,Risco Médio,Alta
domingo,BR-116,174.0,Plena Noite,Decrescente,Céu Claro,Dupla,Reta,-22.79424,-43.36404,DEL01-RJ,Risco Médio,Alta
domingo,BR-163,847.0,Pleno dia,Crescente,Céu Claro,Simples,Reta,-11.75674,-55.46802,DEL06-MT,Risco Alto,Alta
sábado,BR-135,88.8,Plena Noite,Decrescente,Céu Claro,Simples,Reta,-3.277443,-44.40573,DEL01-MA,Risco Baixo,Baixa
terça-feira,BR-116,167.0,Pleno dia,Decrescente,Céu Claro,Simples,Reta,-25.42895,-49.26714,DEL01-PR,Risco Médio,Alta
quinta-feira,BR-365,632.8,Pleno dia,Crescente,Céu Claro,Dupla,Reta,-18.89577,-48.39587,DEL15-MG,Risco Médio,Média
sábado,BR-101,96.5,Pleno dia,Crescente,Chuva,Dupla,Curva,-7.230921,-34.92115,DEL01-PB,Risco Médio,Alta
domingo,BR-381,722.6,Pleno dia,Crescente,Nublado,Dupla,Curva,-21.44358,-45.21032,DEL04-MG,Risco Baixo,Alta
sexta-feira,BR-153,69.3,Amanhecer,Crescente,Nublado,Simples,Não Informado,-20.85243,-49.4016,DEL09-SP,Risco Médio,Alta
sábado,BR-153,782.0,Plena Noite,Crescente,Céu Claro,Simples,Reta,-12.65779,-49.06738,DEL01-TO,Risco Médio,Alta
sábado,BR-365,753.0,Pleno dia,Crescente,Céu Claro,Simples,Reta,-18.95949,-49.47131,DEL15-MG,Risco Médio,Média
quinta-feira,BR-476,127.0,Plena Noite,Decrescente,Garoa/Chuvisco,Simples,Reta,-25.42517,-49.22716,DEL01-PR,Risco Médio,Baixa
domingo,BR-235,16.5,Plena Noite,Decrescente,Céu Claro,Simples,Reta,-10.85255,-37.19289,DEL01-SE,Risco Baixo,Baixa
quarta-feira,BR-376,211.0,Pleno dia,Decrescente,Céu Claro,Dupla,Reta,-23.5548,-51.6657,DEL07-PR,Risco Médio,Baixa
sábado,BR-101,2.0,Plena Noite,Decrescente,Nublado,Simples,Interseção de vias,-26.86847,-48.6751,DEL03-SC,Risco Médio,Alta
terça-feira,BR-480,126.8,Pleno dia,Decrescente,Sol,Simples,Interseção de vias,-27.02008,-52.63602,DEL07-SC,Risco Médio,Baixa
sexta-feira,BR-174,503.0,Plena Noite,Crescente,Céu Claro,Simples,Rotatória,2.794901,-60.69844,DEL01-RR,Risco Médio,Baixa
sábado,BR-116,219.1,Plena Noite,Decrescente,Nublado,Múltipla,Reta,-23.46298,-46.49328,DEL01-SP,Risco Alto,Alta
segunda-feira,BR-101,117.3,Plena Noite,Decrescente,Nublado,Simples,Interseção de vias,-26.89019,-48.72095,DEL04-SC,Risco Baixo,Alta
sábado,BR-116,418.9,Plena Noite,Crescente,Céu Claro,Simples,Reta,-18.91625,-41.94091,DEL06-MG,Risco Alto,Alta
sexta-feira,BR-116,689.5,Plena Noite,Crescente,Garoa/Chuvisco,Simples,Curva,-21.01329,-42.35982,DEL07-MG,Risco Médio,Alta
sexta-feira,BR-116,127.0,Pleno dia,Crescente,Nublado,Dupla,Reta,-23.10991,-45.70246,DEL06-SP,Risco Médio,Alta
quarta-feira,BR-101,49.6,Plena Noite,Decrescente,Céu Claro,Dupla,Reta,-6.914647,-35.11263,DEL01-PB,Risco Baixo,Alta
sexta-feira,BR-116,117.0,Pleno dia,Crescente,Céu Claro,Dupla,Reta,-25.57992,-49.31248,DEL01-PR,Risco Médio,Alta
terça-feira,BR-452,2.2,Pleno dia,Crescente,Céu Claro,Dupla,Não Informado,-17.79595,-50.88555,DEL04-GO,Risco Médio,Baixa
quarta-feira,BR-135,195.0,Pleno dia,Decrescente,Sol,Simples,Curva,-12.28178,-45.02109,DEL10-BA,Risco Médio,Baixa
sábado,BR-101,65.0,Pleno dia,Decrescente,Sol,Dupla,Curva,-21.75372,-41.34436,DEL08-RJ,Risco Médio,Alta
sexta-feira,BR-101,2.8,Plena Noite,Crescente,Céu Claro,Dupla,Reta,-20.80622,-40.79585,DEL03-ES,Risco Alto,Alta
sexta-feira,BR-407,129.0,Amanhecer,Decrescente,Céu Claro,Simples,Não Informado,-9.399583,-40.50459,DEL06-PE,Risco Médio,Baixa
sábado,BR-356,272.1,Pleno dia,Crescente,Sol,Simples,Não Informado,-21.12553,-42.37548,DEL07-MG,Risco Alto,Baixa
quinta-feira,BR-40,111.0,Pleno dia,Crescente,Céu Claro,Múltipla,Reta,-22.69344,-43.28793,DEL01-RJ,Risco Médio,Alta
sábado,BR-20,358.0,Pleno dia,Decrescente,Garoa/Chuvisco,Dupla,Curva,-4.03409,-38.99442,DEL02-CE,Risco Médio,Baixa
segunda-feira,BR-242,508.0,Plena Noite,Crescente,Nublado,Simples,Reta,-12.27455,-42.70399,DEL10-BA,Risco Médio,Baixa
sexta-feira,BR-101,222.8,Pleno dia,Crescente,Céu Claro,Simples,Reta,-19.86696,-40.40056,DEL02-ES,Risco Médio,Alta
sexta-feira,BR-343,443.2,Anoitecer,Crescente,Nublado,Simples,Desvio Temporário,-5.880499,-42.6385,DEL01-PI,Risco Alto,Baixa
sábado,BR-280,303.4,Pleno dia,Crescente,Céu Claro,Simples,Interseção de vias,-26.28135,-51.0493,DEL06-SC,Risco Médio,Baixa
quarta-feira,BR-408,89.0,Plena Noite,Decrescente,Nublado,Dupla,Desvio Temporário,-7.981491,-35.08112,DEL01-PE,Risco Médio,Baixa
domingo,BR-116,308.0,Pleno dia,Crescente,Chuva,Simples,Curva,-23.8513,-46.90578,DEL04-SP,Risco Médio,Alta
quinta-feira,BR-153,591.0,Plena Noite,Crescente,Céu Claro,Dupla,Retorno Regulamentado,-17.4751,-49.2138,DEL03-GO,Risco Médio,Alta
sábado,BR-277,62.1,Pleno dia,Decrescente,Garoa/Chuvisco,Dupla,Reta,-25.54778,-49.04694,DEL01-PR,Risco Médio,Média
sexta-feira,BR-230,20.0,Plena Noite,Crescente,Céu Claro,Dupla,Reta,-7.1337,-34.8544,DEL01-PB,Risco Baixo,Baixa
quarta-feira,BR-101,117.0,Plena Noite,Crescente,Céu Claro,Dupla,Reta,-26.88747,-48.72253,DEL04-SC,Risco Médio,Alta
sábado,BR-381,655.2,Pleno dia,Decrescente,Nublado,Dupla,Não Informado,-21.00074,-44.96766,DEL04-MG,Risco Médio,Alta
sábado,BR-116,276.0,Amanhecer,Decrescente,Garoa/Chuvisco,Dupla,Reta,-23.64262,-46.83811,DEL04-SP,Risco Médio,Alta
terça-feira,BR-104,88.0,Pleno dia,Decrescente,Céu Claro,Dupla,Reta,-9.484683,-35.81746,DEL01-AL,Risco Médio,Baixa
domingo,BR-40,432.5,Plena Noite,Crescente,Céu Claro,Dupla,Reta,-19.20303,-44.47243,DEL02-MG,Risco Baixo,Alta
terça-feira,BR-277,723.2,Plena Noite,Crescente,Céu Claro,Dupla,Reta,-25.49878,-54.52985,DEL05-PR,Risco Médio,Média
sexta-feira,BR-101,338.0,Pleno dia,Crescente,Céu Claro,Simples,Curva,-20.6516,-40.5725,DEL03-ES,Risco Médio,Alta
sábado,BR-277,154.0,Pleno dia,Crescente,Chuva,Simples,Curva,-25.47944,-49.87675,DEL01-PR,Risco Baixo,Média
domingo,BR-104,33.0,Plena Noite,Crescente,Nublado,Simples,Interseção de vias,-9.145131,-36.01536,DEL01-AL,Risco Médio,Baixa
terça-feira,BR-70,2.9,Plena Noite,Crescente,Céu Claro,Dupla,Curva,-15.80206,-48.07915,DEL01-DF,Risco Médio,Baixa
sábado,BR-163,430.0,Plena Noite,Crescente,Nublado,Simples,Reta,-20.44688,-54.6479,DEL01-MS,Risco Médio,Alta
sábado,BR-230,38.1,Plena Noite,Decrescente,Céu Claro,Dupla,Reta,-7.1341,-34.962,DEL01-PB,Risco Alto,Baixa
sexta-feira,BR-324,523.0,Plena Noite,Decrescente,Céu Claro,Dupla,Não Informado,-12.29007,-38.91207,DEL01-BA,Risco Médio,Baixa
segunda-feira,BR-101,262.4,Plena Noite,Decrescente,Chuva,Dupla,Reta,-20.15723,-40.27678,DEL02-ES,Risco Baixo,Alta
domingo,BR-116,217.9,Plena Noite,Crescente,Nublado,Múltipla,Não Informado,-23.45787,-46.48128,DEL01-SP,Risco Médio,Alta
quarta-feira,BR-116,20.3,Pleno dia,Decrescente,Céu Claro,Dupla,Reta,-3.929201,-38.50824,DEL01-CE,Risco Baixo,Alta
quinta-feira,BR-116,270.0,Pleno dia,Decrescente,Céu Claro,Dupla,Não Informado,-29.96284,-51.17601,DEL01-RS,Risco Médio,Alta
sábado,BR-40,62.1,Pleno dia,Decrescente,Sol,Simples,Reta,-22.41003,-43.14467,DEL06-RJ,Risco Médio,Alta
sábado,BR-153,118.8,Amanhecer,Crescente,Céu Claro,Simples,Reta,-13.8053,-49.03791,DEL07-GO,Risco Médio,Alta
quinta-feira,BR-101,161.0,Plena Noite,Crescente,Céu Claro,Dupla,Reta,-27.20831,-48.61988,DEL04-SC,Risco Médio,Alta
segunda-feira,BR-381,537.0,Pleno dia,Decrescente,Sol,Dupla,Reta,-20.23207,-44.39955,DEL04-MG,Risco Médio,Alta
quarta-feira,BR-174,81.0,Plena Noite,Crescente,Céu Claro,Simples,Reta,-15.9723,-57.7654,DEL03-MT,Risco Alto,Baixa
domingo,BR-116,214.0,Pleno dia,Crescente,Chuva,Dupla,Curva,-22.6933,-43.77494,DEL01-RJ,Risco Alto,Alta
terça-feira,BR-40,120.0,Plena Noite,Decrescente,Céu Claro,Múltipla,Reta,-22.77281,-43.28627,DEL01-RJ,Risco Médio,Alta
quarta-feira,BR-158,322.5,Pleno dia,Decrescente,Nublado,Simples,Reta,-21.12912,-51.95323,DEL07-MS,Risco Alto,Baixa
terça-feira,BR-386,32.0,Pleno dia,Crescente,Sol,Simples,Reta,-27.3414,-53.38753,DEL08-RS,Risco Médio,Média
domingo,BR-343,41.8,Pleno dia,Decrescente,Sol,Simples,Curva,-3.160854,-41.8185,DEL05-PI,Risco Baixo,Baixa
sábado,BR-116,30.4,Plena Noite,Decrescente,Céu Claro,Dupla,Desvio Temporário,-22.6278,-44.92202,DEL08-SP,Risco Médio,Alta
sábado,BR-153,493.0,Plena Noite,Decrescente,Ignorado,Dupla,Não Informado,-16.6537,-49.2172,DEL01-GO,Risco Médio,Alta
sexta-feira,BR-174,5.0,Amanhecer,Crescente,Céu Claro,Simples,Reta,2.819364,-60.67377,DEL01-RR,Risco Baixo,Baixa
segunda-feira,BR-110,370.0,Pleno dia,Decrescente,Nublado,Simples,Reta,-12.38189,-38.38285,DEL01-BA,Risco Médio,Baixa
domingo,BR-116,29.0,Pleno dia,Decrescente,Céu Claro,Dupla,Reta,-4.007864,-38.51718,DEL01-CE,Risco Baixo,Alta
segunda-feira,BR-116,339.8,Pleno dia,Decrescente,Céu Claro,Dupla,Curva,-23.99839,-47.14927,DEL04-SP,Risco Médio,Alta
sábado,BR-386,343.4,Plena Noite,Crescente,Ignorado,Simples,Curva,-29.43483,-52.00236,DEL04-RS,Risco Baixo,Média
domingo,BR-101,282.5,Plena Noite,Decrescente,Céu Claro,Simples,Curva,-20.22694,-40.36458,DEL01-ES,Risco Médio,Alta
sexta-feira,BR-116,190.0,Pleno dia,Crescente,Chuva,Dupla,Curva,-23.3677,-46.2325,DEL02-SP,Risco Baixo,Alta
quinta-feira,BR-101,43.8,Pleno dia,Crescente,Nublado,Múltipla,Reta,-7.847419,-34.9099,DEL01-PE,Risco Médio,Alta
terça-feira,BR-262,404.0,Pleno dia,Crescente,Nublado,Dupla,Reta,-19.8857,-44.6361,DEL08-MG,Risco Médio,Média
domingo,BR-262,156.0,Amanhecer,Decrescente,Céu Claro,Simples,Reta,-20.457,-53.0056,DEL07-MS,Risco Médio,Média
sexta-feira,BR-101,200.0,Pleno dia,Crescente,Céu Claro,Simples,Interseção de vias,-9.950817,-36.54114,DEL02-AL,Risco Médio,Alta
quarta-feira,BR-101,181.0,Pleno dia,Crescente,Céu Claro,Dupla,Curva,-9.8901,-36.4045,DEL02-AL,Risco Baixo,Alta
quarta-feira,BR-452,137.0,Pleno dia,Crescente,Céu Claro,Simples,Reta,-18.25197,-49.68492,DEL03-GO,Risco Médio,Baixa
sábado,BR-470,174.9,Pleno dia,Crescente,Sol,Simples,Reta,-27.25623,-49.93861,DEL04-SC,Risco Médio,Baixa
domingo,BR-163,213.4,Pleno dia,Decrescente,Céu Claro,Simples,Curva,-22.59501,-54.81727,DEL04-MS,Risco Médio,Alta
sábado,BR-470,58.0,Pleno dia,Crescente,Céu Claro,Simples,Interseção de vias,-26.88388,-49.14562,DEL04-SC,Risco Médio,Baixa
sábado,BR-116,306.0,Plena Noite,Crescente,Nublado,Dupla,Reta,-22.45646,-44.40259,DEL07-RJ,Risco Médio,Alta
domingo,BR-60,172.5,Plena Noite,Crescente,Céu Claro,Dupla,Reta,-16.738,-49.4076,DEL01-GO,Risco Baixo,Média
segunda-feira,BR-153,21.5,Anoitecer,Decrescente,Nublado,Simples,Reta,-23.16713,-49.96068,DEL07-PR,Risco Médio,Alta
sábado,BR-20,82.0,Pleno dia,Decrescente,Céu Claro,Simples,Reta,-15.0778,-47.09115,DEL02-DF,Risco Médio,Baixa
domingo,BR-369,198.0,Pleno dia,Decrescente,Céu Claro,Dupla,Curva,-23.51861,-51.42887,DEL07-PR,Risco Médio,Baixa
segunda-feira,BR-381,211.9,Pleno dia,Decrescente,Céu Claro,Simples,Curva,-19.23075,-42.32869,DEL06-MG,Risco Alto,Alta
quarta-feira,BR-471,174.6,Pleno dia,Decrescente,Sol,Dupla,Rotatória,-29.98664,-52.36833,DEL02-RS,Risco Médio,Baixa
domingo,BR-304,111.0,Plena Noite,Crescente,Céu Claro,Simples,Não Informado,-5.597801,-36.92937,DEL04-RN,Risco Médio,Baixa
quarta-feira,BR-101,70.5,Plena Noite,Crescente,Céu Claro,Dupla,Reta,-8.067761,-34.94265,DEL01-PE,Risco Médio,Alta
sábado,BR-381,86.5,Pleno dia,Crescente,Céu Claro,Múltipla,Reta,-23.46297,-46.5717,DEL03-SP,Risco Médio,Alta
domingo,BR-153,519.8,Pleno dia,Decrescente,Nublado,Dupla,Reta,-16.8755,-49.2523,DEL01-GO,Risco Médio,Alta
terça-feira,BR-116,359.1,Pleno dia,Crescente,Sol,Simples,Curva,-24.10919,-47.26716,DEL04-SP,Risco Baixo,Alta
terça-feira,BR-101,65.0,Anoitecer,Crescente,Céu Claro,Dupla,Reta,-18.70936,-39.87762,DEL04-ES,Risco Médio,Alta
segunda-feira,BR-158,316.0,Plena Noite,Crescente,Céu Claro,Simples,Não Informado,-29.65231,-53.76504,DEL09-RS,Risco Médio,Baixa
quarta-feira,BR-262,6.0,Pleno dia,Crescente,Céu Claro,Dupla,Reta,-20.34007,-40.39451,DEL01-ES,Risco Médio,Média
sexta-feira,BR-70,7.0,Plena Noite,Crescente,Céu Claro,Simples,Reta,-15.87814,-52.31679,DEL07-MT,Risco Médio,Baixa
terça-feira,BR-476,114.8,Pleno dia,Crescente,Céu Claro,Simples,Reta,-25.34294,-49.1585,DEL01-PR,Risco Médio,Baixa
quinta-feira,BR-70,581.8,Pleno dia,Decrescente,Chuva,Simples,Curva,-15.79018,-56.65072,DEL03-MT,Risco Médio,Baixa
segunda-feira,BR-376,513.3,Plena Noite,Decrescente,Vento,Dupla,Não Informado,-25.23871,-50.03623,DEL03-PR,Risco Médio,Baixa
domingo,BR-101,37.0,Pleno dia,Decrescente,Nublado,Dupla,Curva,-7.797267,-34.92749,DEL01-PE,Risco Médio,Alta
quinta-feira,BR-153,613.6,Plena Noite,Decrescente,Ignorado,Simples,Reta,-11.21172,-48.93135,DEL02-TO,Risco Alto,Alta
segunda-feira,BR-364,236.0,Plena Noite,Crescente,Céu Claro,Simples,Reta,-16.2196,-54.7788,DEL02-MT,Risco Médio,Alta
quinta-feira,BR-277,67.9,Plena Noite,Crescente,Céu Claro,Dupla,Reta,-25.55495,-49.03054,DEL01-PR,Risco Médio,Média
segunda-feira,BR-116,382.0,Pleno dia,Crescente,Céu Claro,Dupla,Reta,-30.78156,-51.66243,DEL02-RS,Risco Médio,Alta
domingo,BR-381,61.0,Pleno dia,Decrescente,Chuva,Dupla,Curva,-23.28944,-46.58063,DEL03-SP,Risco Baixo,Alta
terça-feira,BR-40,549.9,Pleno dia,Crescente,Céu Claro,Dupla,Reta,-20.04725,-43.97227,DEL01-MG,Risco Médio,Alta
sexta-feira,BR-40,0.0,Pleno dia,Crescente,Céu Claro,Dupla,Reta,-15.97708,-47.99045,DEL01-DF,Risco Médio,Alta
sexta-feira,BR-101,69.9,Anoitecer,Decrescente,Céu Claro,Dupla,Reta,-8.066847,-34.94313,DEL01-PE,Risco Médio,Alta
sexta-feira,BR-365,301.0,Pleno dia,Decrescente,Céu Claro,Simples,Reta,-18.15534,-45.76428,DEL10-MG,Risco Médio,Média
sexta-feira,BR-101,203.5,Plena Noite,Decrescente,Chuva,Dupla,Curva,-19.74642,-40.37537,DEL04-ES,Risco Baixo,Alta
sábado,BR-277,413.2,Plena Noite,Crescente,Céu Claro,Simples,Não Informado,-25.41859,-52.06955,DEL04-PR,Risco Médio,Média
segunda-feira,BR-40,475.0,Plena Noite,Crescente,Céu Claro,Dupla,Interseção de vias,-19.5071,-44.2738,DEL02-MG,Risco Alto,Alta
quarta-feira,BR-40,72.0,Amanhecer,Decrescente,Chuva,Simples,Curva,-22.45853,-43.21601,DEL06-RJ,Risco Baixo,Alta
domingo,BR-155,342.3,Plena Noite,Decrescente,Chuva,Simples,Reta,-5.378458,-49.07674,DEL03-PA,Risco Baixo,Baixa
quarta-feira,BR-153,297.0,Pleno dia,Crescente,Chuva,Simples,Não Informado,-8.506858,-48.48796,DEL02-TO,Risco Médio,Alta
sábado,BR-277,575.2,Anoitecer,Crescente,Céu Claro,Simples,Curva,-24.98981,-53.32116,DEL04-PR,Risco Médio,Média
domingo,BR-116,255.0,Plena Noite,Decrescente,Garoa/Chuvisco,Simples,Não Informado,-10.81449,-38.87181,DEL07-BA,Risco Médio,Alta
quinta-feira,BR-376,346.0,Pleno dia,Crescente,Céu Claro,Simples,Curva,-24.0,-50.0,DEL07-PR,Risco Médio,Baixa
segunda-feira,BR-40,523.3,Plena Noite,Crescente,Nublado,Dupla,Reta,-19.86875,-44.05962,DEL01-MG,Risco Médio,Alta
terça-feira,BR-116,15.5,Pleno dia,Crescente,Chuva,Dupla,Curva,-25.0986,-48.68763,DEL01-PR,Risco Baixo,Alta
domingo,BR-277,123.0,Pleno dia,Decrescente,Céu Claro,Dupla,Reta,-25.4718,-49.66642,DEL01-PR,Risco Baixo,Média
sábado,BR-116,218.5,Pleno dia,Decrescente,Nublado,Simples,Curva,-29.55122,-51.08906,DEL05-RS,Risco Médio,Alta
sexta-feira,BR-116,20.9,Pleno dia,Decrescente,Céu Claro,Dupla,Não Informado,-3.934602,-38.50872,DEL01-CE,Risco Médio,Alta
quinta-feira,BR-116,351.3,Amanhecer,Decrescente,Nevoeiro/Neblina,Simples,Ponte,-30.54149,-51.50946,DEL02-RS,Risco Médio,Alta
sábado,BR-60,5.0,Plena Noite,Crescente,Céu Claro,Dupla,Reta,-15.89544,-48.10477,DEL01-DF,Risco Baixo,Média
quarta-feira,BR-364,180.7,Pleno dia,Crescente,Sol,Simples,Reta,-11.77505,-61.07552,DEL02-RO,Risco Médio,Alta
terça-feira,BR-277,584.0,Plena Noite,Crescente,Céu Claro,Simples,Interseção de vias,-24.9649,-53.40528,DEL04-PR,Risco Médio,Média