dia_semana,br,km,fase_dia,sentido_via,condicao_metereologica,tipo_pista,tracado_via,latitude,longitude,delegacia,classificacao_acidente,postos_policiais_PRF
sexta-feira,BR-101,67.0,Pleno dia,Crescente,Céu Claro,Simples,Reta,-18.736,-39.8608,DEL04-ES,Risco Médio,Alta
domingo,BR-101,165.5,Pleno dia,Decrescente,Céu Claro,Simples,Reta,-19.52401,-40.14888,DEL04-ES,Risco Médio,Alta
quinta-feira,BR-316,313.9,Pleno dia,Crescente,Céu Claro,Simples,Reta,-7.07899,-41.43507,DEL04-PI,Risco Médio,Baixa
quinta-feira,BR-116,90.4,Plena Noite,Crescente,Nublado,Dupla,Reta,-25.46112,-49.0888,DEL01-PR,Risco Médio,Alta
domingo,BR-407,129.0,Pleno dia,Crescente,Céu Claro,Simples,Reta,-10.47893,-40.1682,DEL04-BA,Risco Baixo,Baixa
sexta-feira,BR-316,66.0,Pleno dia,Decrescente,Céu Claro,Dupla,Reta,-1.295335,-47.90182,DEL01-PA,Risco Médio,Baixa
sexta-feira,BR-364,335.0,Plena Noite,Crescente,Céu Claro,Simples,Reta,-10.94388,-61.92921,DEL02-RO,Risco Médio,Alta
domingo,BR-369,98.2,Pleno dia,Decrescente,Céu Claro,Dupla,Reta,-23.24188,-50.7025,DEL07-PR,Risco Médio,Baixa
domingo,BR-423,62.7,Pleno dia,Crescente,Céu Claro,Simples,Reta,-8.66011,-36.33781,DEL03-PE,Risco Médio,Baixa
sexta-feira,BR-465,5.0,Pleno dia,Decrescente,Céu Claro,Simples,Reta,-22.74767,-43.6992,DEL01-RJ,Risco Baixo,Baixa
domingo,BR-101,322.0,Pleno dia,Decrescente,Céu Claro,Dupla,Curva,-22.87892,-43.11068,DEL02-RJ,Risco Baixo,Alta
terça-feira,BR-50,206.7,Plena Noite,Decrescente,Céu Claro,Dupla,Reta,-19.92627,-47.82191,DEL13-MG,Risco Médio,Média
sexta-feira,BR-277,700.6,Pleno dia,Decrescente,Sol,Dupla,Reta,-25.41988,-54.3517,DEL05-PR,Risco Baixo,Média
quarta-feira,BR-101,203.9,Anoitecer,Decrescente,Céu Claro,Múltipla,Reta,-27.565,-48.6146,DEL01-SC,Risco Médio,Alta
sábado,BR-364,282.0,Plena Noite,Crescente,Céu Claro,Simples,Reta,-11.37408,-61.82352,DEL02-RO,Risco Médio,Alta
segunda-feira,BR-277,499.1,Plena Noite,Crescente,Céu Claro,Simples,Reta,-25.15647,-52.6973,DEL04-PR,Risco Médio,Média
sexta-feira,BR-101,267.0,Pleno dia,Crescente,Céu Claro,Múltipla,Reta,-20.19957,-40.26893,DEL02-ES,Risco Médio,Alta
sábado,BR-116,158.0,Plena Noite,Crescente,Nublado,Dupla,Reta,-23.26585,-45.95984,DEL02-SP,Risco Médio,Alta
segunda-feira,BR-290,85.2,Pleno dia,Crescente,Céu Claro,Múltipla,Reta,-29.96794,-51.10687,DEL01-RS,Risco Médio,Baixa
terça-feira,BR-116,246.7,Pleno dia,Crescente,Sol,Simples,Reta,-17.6102,-41.4975,DEL11-MG,Risco Médio,Alta
segunda-feira,BR-376,615.0,Pleno dia,Decrescente,Céu Claro,Dupla,Interseção de vias,-25.55825,-49.18532,DEL01-PR,Risco Médio,Baixa
domingo,BR-330,833.0,Pleno dia,Decrescente,Céu Claro,Simples,Reta,-14.1047,-39.77674,DEL03-BA,Risco Médio,Baixa
sexta-feira,BR-369,469.0,Anoitecer,Crescente,Céu Claro,Simples,Curva,-24.5819,-53.1582,DEL04-PR,Risco Médio,Baixa
segunda-feira,BR-116,211.0,Pleno dia,Crescente,Céu Claro,Múltipla,Reta,-23.43243,-46.41944,DEL01-SP,Risco Baixo,Alta
sexta-feira,BR-116,305.0,Plena Noite,Crescente,Nevoeiro/Neblina,Dupla,Reta,-23.84287,-46.93239,DEL04-SP,Risco Baixo,Alta
segunda-feira,BR-135,72.0,Pleno dia,Crescente,Céu Claro,Simples,Reta,-3.157596,-44.33373,DEL01-MA,Risco Médio,Baixa
sexta-feira,BR-381,727.6,Pleno dia,Crescente,Chuva,Dupla,Curva,-21.48379,-45.20465,DEL04-MG,Risco Baixo,Alta
domingo,BR-101,376.4,Pleno dia,Decrescente,Céu Claro,Dupla,Reta,-28.72736,-49.24066,DEL02-SC,Risco Médio,Alta
domingo,BR-493,26.0,Pleno dia,Crescente,Céu Claro,Simples,Não Informado,-22.65672,-43.08952,DEL02-RJ,Risco Médio,Baixa
sábado,BR-40,68.0,Plena Noite,Decrescente,Garoa/Chuvisco,Dupla,Curva,-22.42305,-43.15667,DEL06-RJ,Risco Médio,Alta
segunda-feira,BR-20,10.0,Plena Noite,Crescente,Céu Claro,Dupla,Não Informado,-15.64281,-47.75779,DEL02-DF,Risco Médio,Baixa
quarta-feira,BR-153,701.1,Plena Noite,Crescente,Nublado,Simples,Interseção de vias,-11.9609,-49.19948,DEL02-TO,Risco Médio,Alta
terça-feira,BR-116,379.5,Plena Noite,Decrescente,Garoa/Chuvisco,Dupla,Reta,-24.20982,-47.37101,DEL04-SP,Risco Alto,Alta
sábado,BR-50,179.9,Pleno dia,Decrescente,Céu Claro,Dupla,Viaduto,-19.77827,-47.93141,DEL13-MG,Risco Médio,Média
domingo,BR-429,172.0,Pleno dia,Decrescente,Céu Claro,Simples,Reta,-11.73635,-62.81294,DEL02-RO,Risco Médio,Baixa
quinta-feira,BR-50,97.0,Anoitecer,Crescente,Céu Claro,Simples,Interseção de vias,-16.9309,-47.7117,DEL01-DF,Risco Médio,Média
terça-feira,BR-101,148.0,Plena Noite,Crescente,Nublado,Simples,Reta,-27.10124,-48.61808,DEL04-SC,Risco Médio,Alta
domingo,BR-470,54.0,Amanhecer,Crescente,Chuva,Simples,Curva,-26.86712,-49.10207,DEL04-SC,Risco Médio,Baixa
quinta-feira,BR-163,601.8,Pleno dia,Crescente,Céu Claro,Simples,Reta,-13.78596,-56.06308,DEL01-MT,Risco Médio,Alta
sábado,BR-393,262.8,Pleno dia,Decrescente,Sol,Simples,Curva,-22.48514,-43.8986,DEL05-RJ,Risco Médio,Média
sábado,BR-116,216.0,Plena Noite,Decrescente,Céu Claro,Múltipla,Reta,-23.45057,-46.46258,DEL01-SP,Risco Alto,Alta
sábado,BR-381,910.0,Plena Noite,Decrescente,Nublado,Dupla,Reta,-22.69385,-46.11116,DEL16-MG,Risco Médio,Alta
quarta-feira,BR-280,58.6,Pleno dia,Decrescente,Nublado,Simples,Curva,-26.47559,-49.03118,DEL03-SC,Risco Médio,Baixa
domingo,BR-40,109.0,Plena Noite,Decrescente,Céu Claro,Simples,Curva,-22.67375,-43.28638,DEL01-RJ,Risco Baixo,Alta
domingo,BR-376,598.0,Plena Noite,Crescente,Céu Claro,Dupla,Reta,-25.51883,-49.33536,DEL01-PR,Risco Médio,Baixa
sábado,BR-381,861.0,Pleno dia,Decrescente,Chuva,Dupla,Curva,-22.36795,-45.93286,DEL16-MG,Risco Baixo,Alta
sábado,BR-282,499.0,Pleno dia,Crescente,Nublado,Dupla,Não Informado,-26.88087,-52.36312,DEL07-SC,Risco Baixo,Baixa
quinta-feira,BR-153,265.3,Pleno dia,Decrescente,Céu Claro,Simples,Reta,-15.03091,-49.43245,DEL07-GO,Risco Médio,Alta
quinta-feira,BR-381,508.4,Pleno dia,Crescente,Nublado,Dupla,Curva,-20.04652,-44.27376,DEL01-MG,Risco Médio,Alta
quinta-feira,BR-280,127.3,Plena Noite,Crescente,Chuva,Simples,Reta,-26.23947,-49.50443,DEL06-SC,Risco Médio,Baixa
domingo,BR-158,521.5,Pleno dia,Crescente,Sol,Simples,Reta,-13.68612,-52.01491,DEL07-MT,Risco Médio,Baixa
sábado,BR-101,96.1,Plena Noite,Crescente,Nublado,Dupla,Reta,-26.71843,-48.70233,DEL03-SC,Risco Médio,Alta
sábado,BR-465,22.2,Pleno dia,Decrescente,Céu Claro,Simples,Reta,-22.86739,-43.60016,DEL01-RJ,Risco Médio,Baixa
quinta-feira,BR-135,133.0,Pleno dia,Crescente,Céu Claro,Simples,Reta,-11.8146,-44.86304,DEL10-BA,Risco Médio,Baixa
sexta-feira,BR-135,6.8,Plena Noite,Decrescente,Céu Claro,Dupla,Reta,-2.634867,-44.26745,DEL01-MA,Risco Médio,Baixa
sábado,BR-230,409.2,Plena Noite,Decrescente,Céu Claro,Dupla,Reta,-7.513099,-46.08444,DEL05-MA,Risco Alto,Baixa
quinta-feira,BR-392,83.8,Pleno dia,Crescente,Sol,Simples,Reta,-31.65313,-52.47119,DEL07-RS,Risco Médio,Média
segunda-feira,BR-101,411.4,Pleno dia,Crescente,Céu Claro,Simples,Rotatória,-28.93112,-49.49404,DEL02-SC,Risco Baixo,Alta
sábado,BR-116,792.7,Pleno dia,Crescente,Céu Claro,Simples,Reta,-14.72325,-40.62641,DEL08-BA,Risco Médio,Alta
sexta-feira,BR-101,712.0,Pleno dia,Crescente,Nublado,Simples,Não Informado,-16.50123,-39.5771,DEL09-BA,Risco Médio,Alta
terça-feira,BR-116,536.6,Pleno dia,Decrescente,Chuva,Simples,Curva,-19.85829,-42.13539,DEL06-MG,Risco Médio,Alta
terça-feira,BR-153,405.0,Pleno dia,Decrescente,Céu Claro,Simples,Curva,-26.00522,-50.84044,DEL02-PR,Risco Médio,Alta
sexta-feira,BR-101,126.0,Pleno dia,Decrescente,Céu Claro,Dupla,Reta,-26.95564,-48.67978,DEL04-SC,Risco Baixo,Alta
sexta-feira,BR-242,393.0,Plena Noite,Decrescente,Céu Claro,Simples,Não Informado,-12.45757,-41.63908,DEL06-BA,Risco Baixo,Baixa
quinta-feira,BR-381,908.1,Pleno dia,Decrescente,Céu Claro,Dupla,Curva,-22.71744,-46.12652,DEL16-MG,Risco Médio,Alta
domingo,BR-101,140.9,Pleno dia,Decrescente,Nublado,Múltipla,Reta,-19.34707,-40.06364,DEL04-ES,Risco Médio,Alta
sexta-feira,BR-470,88.0,Pleno dia,Crescente,Céu Claro,Simples,Curva,-26.95536,-49.37317,DEL04-SC,Risco Médio,Baixa
sábado,BR-364,305.0,Plena Noite,Crescente,Nublado,Simples,Rotatória,-11.19688,-61.90126,DEL02-RO,Risco Médio,Alta
sábado,BR-116,63.9,Pleno dia,Decrescente,Céu Claro,Simples,Curva,-28.6633,-51.05897,DEL05-RS,Risco Médio,Alta
domingo,BR-163,737.0,Plena Noite,Crescente,Chuva,Simples,Reta,-12.69749,-55.81092,DEL06-MT,Risco Baixo,Alta
sábado,BR-163,111.0,Pleno dia,Crescente,Chuva,Dupla,Reta,-16.5698,-54.68342,DEL02-MT,Risco Baixo,Alta
sábado,BR-116,107.1,Plena Noite,Decrescente,Nublado,Dupla,Reta,-23.01902,-45.53164,DEL06-SP,Risco Médio,Alta
segunda-feira,BR-156,820.0,Pleno dia,Decrescente,Céu Claro,Simples,Reta,3.837035,-51.81335,DEL01-AP,Risco Médio,Baixa
quarta-feira,BR-316,4.0,Plena Noite,Decrescente,Céu Claro,Simples,Reta,-7.461258,-40.62918,DEL05-PE,Risco Alto,Baixa
quinta-feira,BR-364,17.0,Pleno dia,Decrescente,Céu Claro,Simples,Reta,-17.22241,-53.32453,DEL02-MT,Risco Baixo,Alta
terça-feira,BR-470,35.2,Pleno dia,Crescente,Céu Claro,Simples,Não Informado,-26.90738,-48.94308,DEL04-SC,Risco Médio,Baixa
quinta-feira,BR-116,313.3,Plena Noite,Decrescente,Céu Claro,Simples,Reta,-30.30892,-51.41727,DEL02-RS,Risco Baixo,Alta
domingo,BR-101,49.4,Pleno dia,Crescente,Céu Claro,Simples,Reta,-23.44411,-45.08376,DEL06-SP,Risco Médio,Alta
domingo,BR-101,59.0,Pleno dia,Decrescente,Céu Claro,Simples,Reta,-21.72066,-41.31481,DEL08-RJ,Risco Médio,Alta
domingo,BR-470,177.0,Pleno dia,Crescente,Céu Claro,Simples,Reta,-28.93288,-51.54181,DEL06-RS,Risco Médio,Baixa
quinta-feira,BR-116,302.0,Pleno dia,Decrescente,Céu Claro,Dupla,Não Informado,-23.81957,-46.92449,DEL04-SP,Risco Médio,Alta
domingo,BR-70,279.2,Amanhecer,Crescente,Céu Claro,Simples,Reta,-15.55907,-54.28878,DEL05-MT,Risco Médio,Baixa
domingo,BR-135,558.0,Amanhecer,Crescente,Céu Claro,Simples,Reta,-18.2391,-44.358,DEL02-MG,Risco Médio,Baixa
segunda-feira,BR-101,203.0,Pleno dia,Crescente,Céu Claro,Dupla,Não Informado,-27.565,-48.6146,DEL01-SC,Risco Médio,Alta
segunda-feira,BR-369,63.0,Pleno dia,Crescente,Nublado,Simples,Reta,-23.13181,-50.43515,DEL07-PR,Risco Alto,Baixa
segunda-feira,BR-116,18.0,Plena Noite,Crescente,Céu Claro,Múltipla,Reta,-25.3891,-49.1966,DEL01-PR,Risco Baixo,Alta
sexta-feira,BR-480,130.0,Pleno dia,Crescente,Garoa/Chuvisco,Dupla,Reta,-27.05534,-52.63652,DEL07-SC,Risco Baixo,Baixa
domingo,BR-101,137.0,Pleno dia,Decrescente,Sol,Dupla,Não Informado,-27.01572,-48.61193,DEL04-SC,Risco Médio,Alta
domingo,BR-277,76.0,Plena Noite,Crescente,Céu Claro,Dupla,Reta,-25.51328,-49.12433,DEL01-PR,Risco Médio,Média
segunda-feira,BR-135,119.0,Pleno dia,Crescente,Sol,Simples,Reta,-3.510931,-44.54989,DEL01-MA,Risco Alto,Baixa
sábado,BR-116,118.2,Plena Noite,Crescente,Céu Claro,Simples,Reta,-4.61484,-38.18839,DEL03-CE,Risco Baixo,Alta
sábado,BR-116,82.7,Pleno dia,Decrescente,Céu Claro,Simples,Interseção de vias,-28.81518,-51.10903,DEL05-RS,Risco Baixo,Alta
quarta-feira,BR-101,96.7,Plena Noite,Decrescente,Céu Claro,Dupla,Reta,-5.85291,-35.21038,DEL01-RN,Risco Médio,Alta
quinta-feira,BR-470,223.8,Pleno dia,Decrescente,Céu Claro,Simples,Retorno Regulamentado,-29.21249,-51.51794,DEL06-RS,Risco Médio,Baixa
domingo,BR-101,14.0,Plena Noite,Decrescente,Céu Claro,Simples,Curva,-18.28229,-39.95688,DEL04-ES,Risco Médio,Alta
quarta-feira,BR-376,601.0,Plena Noite,Crescente,Céu Claro,Dupla,Reta,-25.5381,-49.31402,DEL01-PR,Risco Baixo,Baixa
domingo,BR-369,82.6,Amanhecer,Crescente,Céu Claro,Simples,Reta,-23.14636,-50.57642,DEL07-PR,Risco Médio,Baixa
sexta-feira,BR-376,513.1,Plena Noite,Decrescente,Céu Claro,Dupla,Curva,-25.23887,-50.03585,DEL03-PR,Risco Médio,Baixa
quinta-feira,BR-416,44.3,Pleno dia,Decrescente,Céu Claro,Simples,Reta,-8.965069,-35.90628,DEL01-AL,Risco Médio,Baixa
domingo,BR-287,248.6,Plena Noite,Crescente,Nublado,Simples,Reta,-29.69593,-53.8515,DEL09-RS,Risco Baixo,Baixa
segunda-feira,BR-174,7.0,Pleno dia,Crescente,Céu Claro,Simples,Curva,-15.22654,-59.33573,DEL04-MT,Risco Médio,Baixa
domingo,BR-230,338.8,Pleno dia,Decrescente,Céu Claro,Dupla,Interseção de vias,-7.007,-37.2906,DEL03-PB,Risco Médio,Baixa
segunda-feira,BR-280,58.0,Pleno dia,Crescente,Céu Claro,Simples,Reta,-26.4744,-49.02457,DEL03-SC,Risco Médio,Baixa
domingo,BR-40,563.1,Pleno dia,Crescente,Céu Claro,Dupla,Curva,-20.15657,-43.96307,DEL01-MG,Risco Baixo,Alta
sexta-feira,BR-116,233.8,Pleno dia,Crescente,Nublado,Simples,Não Informado,-17.51757,-41.48606,DEL11-MG,Risco Médio,Alta
sábado,BR-60,93.7,Plena Noite,Crescente,Chuva,Dupla,Reta,-16.36026,-48.93256,DEL02-GO,Risco Médio,Média
domingo,BR-277,413.0,Pleno dia,Crescente,Garoa/Chuvisco,Simples,Curva,-25.40025,-52.10462,DEL04-PR,Risco Médio,Média
domingo,BR-163,110.8,Pleno dia,Crescente,Céu Claro,Dupla,Reta,-23.18979,-54.20062,DEL09-MS,Risco Médio,Alta
quarta-feira,BR-163,686.0,Pleno dia,Crescente,Céu Claro,Simples,Curva,-13.08483,-55.94238,DEL06-MT,Risco Médio,Alta
domingo,BR-101,800.2,Pleno dia,Decrescente,Céu Claro,Simples,Reta,-16.97276,-39.55186,DEL09-BA,Risco Médio,Alta
domingo,BR-101,471.0,Amanhecer,Decrescente,Céu Claro,Dupla,Reta,-22.9965,-44.22906,DEL03-RJ,Risco Médio,Alta
terça-feira,BR-135,296.0,Pleno dia,Crescente,Sol,Simples,Reta,-12.97206,-44.65341,DEL08-BA,Risco Alto,Baixa
segunda-feira,BR-101,310.8,Pleno dia,Crescente,Céu Claro,Simples,Reta,-20.4259,-40.46037,DEL01-ES,Risco Baixo,Alta
quinta-feira,BR-476,119.4,Pleno dia,Decrescente,Nublado,Dupla,Reta,-25.36429,-49.1858,DEL01-PR,Risco Médio,Baixa
domingo,BR-210,8.8,Amanhecer,Crescente,Céu Claro,Dupla,Curva,0.11197,-51.12668,DEL01-AP,Risco Médio,Baixa
domingo,BR-101,234.0,Pleno dia,Crescente,Céu Claro,Dupla,Reta,-27.81057,-48.6353,DEL01-SC,Risco Baixo,Alta
terça-feira,BR-101,145.8,Plena Noite,Decrescente,Nublado,Simples,Reta,-19.3609,-40.06464,DEL04-ES,Risco Médio,Alta
sábado,BR-116,246.0,Plena Noite,Crescente,Céu Claro,Simples,Não Informado,-29.76083,-51.15076,DEL01-RS,Risco Médio,Alta
quinta-feira,BR-163,40.9,Anoitecer,Decrescente,Céu Claro,Simples,Reta,-26.06679,-53.72124,DEL02-PR,Risco Médio,Alta
domingo,BR-116,297.0,Plena Noite,Decrescente,Céu Claro,Dupla,Reta,-23.78323,-46.91437,DEL04-SP,Risco Médio,Alta
sábado,BR-116,64.6,Pleno dia,Crescente,Céu Claro,Múltipla,Reta,-22.81942,-45.18421,DEL08-SP,Risco Médio,Alta
domingo,BR-40,809.6,Plena Noite,Crescente,Nublado,Dupla,Não Informado,-21.87078,-43.34388,DEL05-MG,Risco Médio,Alta
segunda-feira,BR-101,229.0,Pleno dia,Crescente,Céu Claro,Simples,Interseção de vias,-27.76889,-48.63205,DEL01-SC,Risco Médio,Alta
domingo,BR-116,218.4,Pleno dia,Crescente,Céu Claro,Múltipla,Desvio Temporário,-23.45797,-46.47993,DEL01-SP,Risco Médio,Alta
segunda-feira,BR-316,45.0,Pleno dia,Crescente,Chuva,Dupla,Curva,-1.277567,-48.07833,DEL01-PA,Risco Médio,Baixa
domingo,BR-277,580.6,Plena Noite,Crescente,Céu Claro,Simples,Reta,-24.98153,-53.37723,DEL04-PR,Risco Médio,Média
sexta-feira,BR-153,57.0,Plena Noite,Decrescente,Céu Claro,Dupla,Reta,-18.87132,-49.06237,DEL15-MG,Risco Médio,Alta
domingo,BR-343,189.0,Plena Noite,Crescente,Céu Claro,Simples,Reta,-4.31367,-41.77632,DEL02-PI,Risco Médio,Baixa
domingo,BR-116,283.4,Pleno dia,Crescente,Céu Claro,Simples,Curva,-17.91284,-41.52584,DEL11-MG,Risco Médio,Alta
quarta-feira,BR-235,65.0,Pleno dia,Crescente,Nublado,Simples,Curva,-10.5941,-37.48796,DEL01-SE,Risco Médio,Baixa
sábado,BR-116,122.0,Anoitecer,Decrescente,Céu Claro,Dupla,Não Informado,-25.60686,-49.319,DEL01-PR,Risco Médio,Alta
sábado,BR-70,4.0,Pleno dia,Decrescente,Céu Claro,Dupla,Desvio Temporário,-15.8809,-52.27887,DEL07-MT,Risco Médio,Baixa
sábado,BR-230,20.0,Plena Noite,Decrescente,Nublado,Dupla,Curva,-7.1337,-34.8544,DEL01-PB,Risco Médio,Baixa
sexta-feira,BR-116,352.0,Plena Noite,Decrescente,Céu Claro,Dupla,Não Informado,-24.06507,-47.23449,DEL04-SP,Risco Médio,Alta
sábado,BR-282,625.5,Amanhecer,Decrescente,Céu Claro,Simples,Reta,-26.79963,-53.35002,DEL07-SC,Risco Médio,Baixa
domingo,BR-101,122.7,Plena Noite,Crescente,Céu Claro,Dupla,Ponte,-7.463323,-34.97879,DEL01-PB,Risco Baixo,Alta
segunda-feira,BR-10,105.2,Plena Noite,Decrescente,Chuva,Simples,Não Informado,-3.522519,-47.48552,DEL02-PA,Risco Baixo,Baixa
domingo,BR-163,180.0,Pleno dia,Decrescente,Céu Claro,Dupla,Reta,-25.1807,-53.6022,DEL04-PR,Risco Médio,Alta
terça-feira,BR-230,375.0,Plena Noite,Crescente,Céu Claro,Simples,Reta,-6.908874,-37.59216,DEL03-PB,Risco Baixo,Baixa
domingo,BR-304,11.0,Plena Noite,Decrescente,Céu Claro,Simples,Reta,-4.964185,-37.39394,DEL04-RN,Risco Médio,Baixa
domingo,BR-359,150.8,Plena Noite,Crescente,Céu Claro,Simples,Curva,-18.26733,-54.09138,DEL06-MS,Risco Baixo,Baixa
sexta-feira,BR-471,206.5,Pleno dia,Decrescente,Sol,Simples,Reta,-30.2968,-52.36482,DEL02-RS,Risco Médio,Baixa
segunda-feira,BR-163,831.3,Pleno dia,Crescente,Céu Claro,Simples,Reta,-11.89384,-55.50371,DEL06-MT,Risco Médio,Alta
terça-feira,BR-277,585.0,Pleno dia,Crescente,Céu Claro,Simples,Interseção de vias,-24.96401,-53.41227,DEL04-PR,Risco Médio,Média
terça-feira,BR-381,375.8,Pleno dia,Decrescente,Sol,Simples,Não Informado,-19.84637,-43.30698,DEL01-MG,Risco Médio,Alta
domingo,BR-101,145.0,Plena Noite,Decrescente,Céu Claro,Dupla,Reta,-27.08139,-48.60131,DEL04-SC,Risco Médio,Alta
terça-feira,BR-476,128.3,Plena Noite,Crescente,Céu Claro,Dupla,Reta,-25.43305,-49.23156,DEL01-PR,Risco Médio,Baixa
sábado,BR-101,456.8,Plena Noite,Crescente,Céu Claro,Dupla,Reta,-29.23889,-49.75609,DEL02-SC,Risco Médio,Alta
quarta-feira,BR-60,593.3,Pleno dia,Decrescente,Céu Claro,Simples,Reta,-21.48666,-56.15344,DEL05-MS,Risco Médio,Média
quarta-feira,BR-277,660.0,Pleno dia,Decrescente,Chuva,Dupla,Não Informado,-25.25136,-53.99028,DEL05-PR,Risco Médio,Média
quinta-feira,BR-470,141.0,Pleno dia,Crescente,Céu Claro,Simples,Interseção de vias,-27.22606,-49.66616,DEL04-SC,Risco Médio,Baixa
sexta-feira,BR-376,169.5,Plena Noite,Crescente,Chuva,Dupla,Reta,-23.40121,-51.99746,DEL09-PR,Risco Médio,Baixa
sábado,BR-277,714.0,Pleno dia,Decrescente,Céu Claro,Dupla,Reta,-25.46492,-54.44896,DEL05-PR,Risco Médio,Média
sábado,BR-116,412.0,Pleno dia,Crescente,Céu Claro,Múltipla,Desvio Temporário,-24.33094,-47.61325,DEL05-SP,Risco Alto,Alta
sábado,BR-480,67.3,Plena Noite,Decrescente,Céu Claro,Simples,Curva,-27.63592,-52.35183,DEL08-RS,Risco Médio,Baixa
domingo,BR-116,307.0,Amanhecer,Decrescente,Céu Claro,Dupla,Reta,-22.45713,-44.41064,DEL07-RJ,Risco Médio,Alta
domingo,BR-242,655.0,Amanhecer,Decrescente,Céu Claro,Simples,Desvio Temporário,-12.20873,-43.59942,DEL10-BA,Risco Médio,Baixa
segunda-feira,BR-101,436.5,Plena Noite,Crescente,Nublado,Múltipla,Curva,-29.12017,-49.642,DEL02-SC,Risco Alto,Alta
quarta-feira,BR-282,6.0,Pleno dia,Decrescente,Chuva,Dupla,Curva,-27.59194,-48.61824,DEL01-SC,Risco Médio,Baixa
quarta-feira,BR-262,34.5,Pleno dia,Crescente,Sol,Simples,Interseção de vias,-20.25895,-42.0279,DEL06-MG,Risco Médio,Média
sábado,BR-101,80.8,Plena Noite,Crescente,Céu Claro,Dupla,Reta,-5.730549,-35.24036,DEL02-RN,Risco Médio,Alta
terça-feira,BR-381,563.9,Plena Noite,Decrescente,Chuva,Dupla,Curva,-20.38707,-44.49037,DEL04-MG,Risco Baixo,Alta
quarta-feira,BR-101,333.7,Pleno dia,Decrescente,Céu Claro,Múltipla,Não Informado,-28.46969,-49.01501,DEL02-SC,Risco Médio,Alta
sexta-feira,BR-376,1.8,Pleno dia,Crescente,Céu Claro,Simples,Reta,-23.57077,-51.42907,DEL07-PR,Risco Médio,Baixa
domingo,BR-364,436.0,Plena Noite,Decrescente,Chuva,Simples,Reta,-15.64173,-56.13034,DEL01-MT,Risco Baixo,Alta
sábado,BR-101,89.0,Plena Noite,Crescente,Céu Claro,Dupla,Reta,-7.166774,-34.89672,DEL01-PB,Risco Médio,Alta
terça-feira,BR-101,208.2,Plena Noite,Decrescente,Céu Claro,Simples,Reta,-27.60328,-48.63202,DEL01-SC,Risco Baixo,Alta
sábado,BR-290,71.0,Pleno dia,Decrescente,Céu Claro,Dupla,Reta,-29.95135,-50.96586,DEL03-RS,Risco Baixo,Baixa
segunda-feira,BR-153,58.8,Pleno dia,Decrescente,Céu Claro,Simples,Reta,-20.77838,-49.35301,DEL09-SP,Risco Médio,Alta
terça-feira,BR-364,169.8,Pleno dia,Crescente,Sol,Simples,Reta,-11.85011,-61.01556,DEL02-RO,Risco Baixo,Alta
sábado,BR-304,257.0,Pleno dia,Decrescente,Céu Claro,Simples,Reta,-5.841814,-35.69165,DEL01-RN,Risco Baixo,Baixa
quinta-feira,BR-381,728.5,Plena Noite,Crescente,Céu Claro,Dupla,Curva,-21.492,-45.20855,DEL04-MG,Risco Médio,Alta
segunda-feira,BR-476,126.0,Plena Noite,Decrescente,Chuva,Dupla,Reta,-25.42855,-49.22871,DEL01-PR,Risco Médio,Baixa
sexta-feira,BR-101,70.7,Pleno dia,Crescente,Nublado,Dupla,Reta,-8.075249,-34.9398,DEL01-PE,Risco Baixo,Alta
sexta-feira,BR-116,225.0,Pleno dia,Decrescente,Chuva,Múltipla,Reta,-23.48587,-46.54075,DEL01-SP,Risco Médio,Alta
sexta-feira,BR-20,348.8,Anoitecer,Decrescente,Céu Claro,Simples,Não Informado,-4.10361,-39.05907,DEL02-CE,Risco Alto,Baixa
domingo,BR-267,247.3,Pleno dia,Decrescente,Chuva,Simples,Reta,-21.47694,-54.36453,DEL02-MS,Risco Baixo,Baixa
domingo,BR-230,41.3,Pleno dia,Crescente,Sol,Dupla,Curva,-7.142049,-34.99279,DEL01-PB,Risco Médio,Baixa
domingo,BR-280,91.1,Pleno dia,Decrescente,Sol,Simples,Curva,-26.40198,-49.29054,DEL06-SC,Risco Médio,Baixa
sexta-feira,BR-277,482.1,Pleno dia,Decrescente,Chuva,Simples,Curva,-25.30741,-52.54183,DEL04-PR,Risco Médio,Média
segunda-feira,BR-356,61.0,Plena Noite,Crescente,Chuva,Simples,Curva,-21.31607,-41.70738,DEL08-RJ,Risco Médio,Baixa
terça-feira,BR-101,405.3,Pleno dia,Crescente,Céu Claro,Dupla,Viaduto,-22.87187,-43.80572,DEL03-RJ,Risco Baixo,Alta
terça-feira,BR-116,769.1,Pleno dia,Decrescente,Céu Claro,Simples,Reta,-14.54859,-40.40105,DEL08-BA,Risco Médio,Alta
sábado,BR-277,118.3,Plena Noite,Crescente,Nublado,Dupla,Reta,-25.42817,-49.53163,DEL01-PR,Risco Baixo,Média
domingo,BR-101,527.0,Amanhecer,Decrescente,Nublado,Simples,Curva,-23.01863,-44.49246,DEL03-RJ,Risco Médio,Alta
domingo,BR-381,780.8,Anoitecer,Crescente,Céu Claro,Dupla,Reta,-21.8623,-45.53015,DEL16-MG,Risco Médio,Alta
sábado,BR-415,56.5,Pleno dia,Decrescente,Céu Claro,Simples,Curva,-14.8487,-39.3673,DEL05-BA,Risco Médio,Baixa
sexta-feira,BR-116,248.0,Pleno dia,Decrescente,Céu Claro,Dupla,Interseção de vias,-29.77501,-51.15463,DEL01-RS,Risco Médio,Alta