dia_semana,br,km,fase_dia,sentido_via,condicao_metereologica,tipo_pista,tracado_via,latitude,longitude,delegacia,classificacao_acidente,postos_policiais_PRF
quinta-feira,BR-101,116.5,Plena Noite,Decrescente,Céu Claro,Dupla,Não Informado,-5.999234,-35.26039,DEL01-RN,Risco Alto,Alta
domingo,BR-116,232.0,Pleno dia,Crescente,Céu Claro,Dupla,Reta,-29.633,-51.14325,DEL01-RS,Risco Médio,Alta
sábado,BR-101,337.1,Pleno dia,Crescente,Céu Claro,Simples,Reta,-20.63575,-40.54199,DEL03-ES,Risco Médio,Alta
segunda-feira,BR-20,16.0,Pleno dia,Crescente,Chuva,Dupla,Desvio Temporário,-15.62567,-47.72516,DEL02-DF,Risco Médio,Baixa
domingo,BR-116,270.0,Plena Noite,Crescente,Céu Claro,Dupla,Reta,-23.618,-46.79678,DEL04-SP,Risco Baixo,Alta
quinta-feira,BR-381,872.9,Pleno dia,Crescente,Chuva,Dupla,Não Informado,-22.44483,-45.9929,DEL16-MG,Risco Médio,Alta
quinta-feira,BR-101,213.7,Pleno dia,Decrescente,Céu Claro,Dupla,Reta,-27.64219,-48.66891,DEL01-SC,Risco Médio,Alta
segunda-feira,BR-407,123.0,Plena Noite,Decrescente,Céu Claro,Simples,Reta,-9.361492,-40.54594,DEL06-PE,Risco Médio,Baixa
quinta-feira,BR-364,349.4,Pleno dia,Crescente,Sol,Dupla,Curva,-15.79348,-55.58618,DEL02-MT,Risco Médio,Alta
terça-feira,BR-376,386.0,Plena Noite,Crescente,Céu Claro,Dupla,Reta,-24.45134,-50.7582,DEL03-PR,Risco Médio,Baixa
domingo,BR-101,203.1,Plena Noite,Decrescente,Vento,Múltipla,Não Informado,-27.5652,-48.61434,DEL01-SC,Risco Médio,Alta
quinta-feira,BR-381,481.0,Pleno dia,Crescente,Céu Claro,Dupla,Reta,-19.959,-44.0704,DEL01-MG,Risco Médio,Alta
sábado,BR-277,632.9,Pleno dia,Decrescente,Céu Claro,Simples,Não Informado,-25.12257,-53.80997,DEL05-PR,Risco Médio,Média
segunda-feira,BR-230,24.2,Pleno dia,Decrescente,Céu Claro,Dupla,Reta,-7.1637,-34.8618,DEL01-PB,Risco Médio,Baixa
sexta-feira,BR-262,87.0,Pleno dia,Crescente,Céu Claro,Simples,Reta,-20.3941,-41.00078,DEL01-ES,Risco Médio,Média
terça-feira,BR-290,116.0,Pleno dia,Decrescente,Céu Claro,Simples,Reta,-30.04654,-51.36775,DEL02-RS,Risco Médio,Baixa
sexta-feira,BR-343,589.9,Plena Noite,Crescente,Céu Claro,Dupla,Reta,-6.776695,-43.00935,DEL03-PI,Risco Baixo,Baixa
sábado,BR-101,201.0,Pleno dia,Decrescente,Nublado,Dupla,Reta,-27.547,-48.61956,DEL01-SC,Risco Médio,Alta
terça-feira,BR-364,641.0,Pleno dia,Decrescente,Nublado,Simples,Reta,-8.863362,-63.31421,DEL03-RO,Risco Baixo,Alta
quarta-feira,BR-40,697.0,Plena Noite,Crescente,Céu Claro,Dupla,Retorno Regulamentado,-21.15467,-43.76266,DEL05-MG,Risco Médio,Alta
terça-feira,BR-40,700.2,Pleno dia,Crescente,Céu Claro,Dupla,Reta,-21.2189,-43.739,DEL05-MG,Risco Médio,Alta
terça-feira,BR-471,495.2,Pleno dia,Crescente,Nublado,Simples,Reta,-32.3183,-52.53782,DEL07-RS,Risco Baixo,Baixa
quarta-feira,BR-381,493.0,Plena Noite,Crescente,Céu Claro,Dupla,Reta,-19.966,-44.1775,DEL01-MG,Risco Médio,Alta
sábado,BR-476,123.0,Pleno dia,Decrescente,Céu Claro,Dupla,Reta,-25.40111,-49.21613,DEL01-PR,Risco Médio,Baixa
domingo,BR-470,199.8,Pleno dia,Crescente,Garoa/Chuvisco,Simples,Interseção de vias,-27.3081,-50.13359,DEL05-SC,Risco Médio,Baixa
domingo,BR-101,199.0,Plena Noite,Crescente,Garoa/Chuvisco,Múltipla,Reta,-27.54041,-48.6224,DEL01-SC,Risco Médio,Alta
domingo,BR-262,362.0,Plena Noite,Crescente,Nublado,Simples,Reta,-20.51206,-54.72212,DEL01-MS,Risco Alto,Média
sábado,BR-153,368.5,Pleno dia,Crescente,Nublado,Simples,Curva,-25.72952,-50.79747,DEL03-PR,Risco Médio,Alta
quinta-feira,BR-381,721.1,Plena Noite,Crescente,Chuva,Dupla,Curva,-21.43963,-45.20965,DEL04-MG,Risco Baixo,Alta
terça-feira,BR-153,299.0,Anoitecer,Crescente,Céu Claro,Simples,Reta,-8.52492,-48.48409,DEL02-TO,Risco Baixo,Alta
sexta-feira,BR-101,94.2,Pleno dia,Decrescente,Céu Claro,Múltipla,Desvio Temporário,-5.831766,-35.21191,DEL01-RN,Risco Médio,Alta
quarta-feira,BR-277,350.1,Amanhecer,Decrescente,Nevoeiro/Neblina,Simples,Reta,-25.39862,-51.50253,DEL03-PR,Risco Baixo,Média
sábado,BR-101,267.9,Pleno dia,Crescente,Sol,Dupla,Reta,-20.19931,-40.26885,DEL02-ES,Risco Médio,Alta
domingo,BR-70,513.0,Plena Noite,Decrescente,Céu Claro,Simples,Reta,-15.7059,-56.12624,DEL01-MT,Risco Médio,Baixa
quinta-feira,BR-470,56.5,Pleno dia,Crescente,Nublado,Simples,Interseção de vias,-26.87319,-49.1142,DEL04-SC,Risco Médio,Baixa
terça-feira,BR-101,269.0,Plena Noite,Crescente,Garoa/Chuvisco,Dupla,Não Informado,-20.2174,-40.26991,DEL02-ES,Risco Médio,Alta
sexta-feira,BR-242,236.0,Pleno dia,Crescente,Chuva,Simples,Curva,-12.4531,-40.59739,DEL06-BA,Risco Médio,Baixa
quinta-feira,BR-101,89.7,Pleno dia,Crescente,Céu Claro,Dupla,Interseção de vias,-8.225562,-34.99376,DEL01-PE,Risco Médio,Alta
sábado,BR-101,88.0,Anoitecer,Decrescente,Céu Claro,Simples,Reta,-26.64254,-48.68951,DEL03-SC,Risco Médio,Alta
terça-feira,BR-116,152.8,Pleno dia,Crescente,Nublado,Simples,Reta,-29.1858,-51.17713,DEL05-RS,Risco Médio,Alta
domingo,BR-116,515.0,Pleno dia,Decrescente,Céu Claro,Simples,Reta,-7.564275,-39.02044,DEL05-CE,Risco Alto,Alta
sexta-feira,BR-262,393.0,Pleno dia,Decrescente,Sol,Dupla,Não Informado,-19.90347,-44.54012,DEL01-MG,Risco Médio,Média
segunda-feira,BR-116,363.0,Pleno dia,Crescente,Céu Claro,Simples,Curva,-30.63693,-51.5532,DEL02-RS,Risco Baixo,Alta
terça-feira,BR-116,110.1,Plena Noite,Crescente,Céu Claro,Dupla,Reta,-25.56181,-49.26109,DEL01-PR,Risco Médio,Alta
quarta-feira,BR-277,2.0,Pleno dia,Decrescente,Céu Claro,Simples,Reta,-25.5682,-48.61529,DEL01-PR,Risco Médio,Média
sexta-feira,BR-364,202.1,Pleno dia,Decrescente,Chuva,Simples,Não Informado,-11.63512,-61.20154,DEL02-RO,Risco Baixo,Alta
sexta-feira,BR-163,83.0,Pleno dia,Decrescente,Céu Claro,Simples,Reta,-25.73045,-53.79671,DEL02-PR,Risco Médio,Alta
domingo,BR-222,5.0,Pleno dia,Decrescente,Garoa/Chuvisco,Múltipla,Reta,-3.742969,-38.61331,DEL01-CE,Risco Médio,Baixa
domingo,BR-101,555.0,Pleno dia,Decrescente,Nublado,Simples,Reta,-23.07564,-44.69734,DEL03-RJ,Risco Médio,Alta
sexta-feira,BR-153,506.0,Anoitecer,Decrescente,Céu Claro,Múltipla,Reta,-16.7518,-49.24118,DEL01-GO,Risco Médio,Alta
quarta-feira,BR-50,283.0,Pleno dia,Crescente,Céu Claro,Simples,Reta,-18.1965,-47.9567,DEL06-GO,Risco Médio,Média
terça-feira,BR-101,299.5,Amanhecer,Crescente,Chuva,Dupla,Curva,-20.35748,-40.4288,DEL01-ES,Risco Médio,Alta
sábado,BR-153,335.8,Plena Noite,Crescente,Céu Claro,Simples,Reta,-25.48894,-50.64509,DEL03-PR,Risco Médio,Alta
quinta-feira,BR-262,443.5,Pleno dia,Decrescente,Chuva,Dupla,Reta,-19.88065,-44.92197,DEL08-MG,Risco Médio,Média
sábado,BR-116,98.9,Anoitecer,Decrescente,Céu Claro,Simples,Interseção de vias,-25.55986,-49.15061,DEL01-PR,Risco Médio,Alta
quarta-feira,BR-101,211.3,Plena Noite,Decrescente,Céu Claro,Dupla,Reta,-27.62528,-48.65438,DEL01-SC,Risco Médio,Alta
segunda-feira,BR-235,56.1,Pleno dia,Crescente,Sol,Simples,Reta,-10.65872,-37.44843,DEL01-SE,Risco Médio,Baixa
segunda-feira,BR-116,594.0,Plena Noite,Decrescente,Céu Claro,Simples,Reta,-13.16532,-39.9988,DEL03-BA,Risco Médio,Alta
sexta-feira,BR-101,215.5,Pleno dia,Decrescente,Céu Claro,Múltipla,Viaduto,-27.65599,-48.67675,DEL01-SC,Risco Médio,Alta
domingo,BR-364,384.3,Pleno dia,Crescente,Sol,Simples,Não Informado,-10.71525,-62.25065,DEL02-RO,Risco Baixo,Alta
quinta-feira,BR-101,264.6,Pleno dia,Crescente,Céu Claro,Dupla,Reta,-20.17293,-40.26736,DEL02-ES,Risco Médio,Alta
quinta-feira,BR-365,626.2,Plena Noite,Decrescente,Garoa/Chuvisco,Dupla,Curva,-18.90659,-48.33469,DEL15-MG,Risco Médio,Média
quinta-feira,BR-116,258.2,Plena Noite,Decrescente,Nublado,Dupla,Reta,-29.86151,-51.18092,DEL01-RS,Risco Baixo,Alta
terça-feira,BR-381,33.5,Plena Noite,Crescente,Céu Claro,Dupla,Curva,-23.0759,-46.56628,DEL03-SP,Risco Baixo,Alta
quarta-feira,BR-40,287.1,Pleno dia,Decrescente,Céu Claro,Simples,Não Informado,-18.25619,-45.15924,DEL14-MG,Risco Alto,Alta
sábado,BR-285,285.0,Pleno dia,Crescente,Céu Claro,Simples,Reta,-28.24266,-52.31192,DEL08-RS,Risco Médio,Baixa
sexta-feira,BR-116,223.0,Pleno dia,Decrescente,Céu Claro,Dupla,Reta,-23.4782,-46.5287,DEL01-SP,Risco Médio,Alta
sábado,BR-369,184.6,Pleno dia,Crescente,Céu Claro,Simples,Reta,-23.40312,-51.42801,DEL07-PR,Risco Médio,Baixa
sexta-feira,BR-153,503.9,Anoitecer,Crescente,Céu Claro,Dupla,Reta,-16.74613,-49.24066,DEL01-GO,Risco Médio,Alta
segunda-feira,BR-10,244.0,Anoitecer,Decrescente,Chuva,Simples,Reta,-2.052389,-47.55259,DEL02-PA,Risco Baixo,Baixa
sexta-feira,BR-381,60.0,Plena Noite,Crescente,Garoa/Chuvisco,Dupla,Não Informado,-23.28958,-46.5873,DEL03-SP,Risco Baixo,Alta
domingo,BR-101,267.0,Plena Noite,Crescente,Nublado,Dupla,Reta,-22.70728,-42.66059,DEL02-RJ,Risco Médio,Alta
domingo,BR-470,66.2,Plena Noite,Crescente,Céu Claro,Simples,Rotatória,-26.86971,-49.22519,DEL04-SC,Risco Médio,Baixa
sexta-feira,BR-60,11.5,Plena Noite,Crescente,Céu Claro,Dupla,Reta,-16.11418,-48.33096,DEL01-DF,Risco Médio,Média
sexta-feira,BR-163,929.0,Pleno dia,Decrescente,Céu Claro,Simples,Reta,-11.18102,-55.31012,DEL06-MT,Risco Médio,Alta
terça-feira,BR-316,9.0,Pleno dia,Decrescente,Céu Claro,Simples,Reta,-1.363403,-48.37113,DEL01-PA,Risco Médio,Baixa
sexta-feira,BR-324,586.0,Plena Noite,Crescente,Céu Claro,Dupla,Reta,-12.63864,-38.47736,DEL01-BA,Risco Médio,Baixa
segunda-feira,BR-158,535.0,Pleno dia,Crescente,Céu Claro,Simples,Reta,-26.23547,-52.69067,DEL02-PR,Risco Médio,Baixa
terça-feira,BR-101,333.0,Pleno dia,Crescente,Céu Claro,Dupla,Reta,-22.87828,-43.21054,DEL02-RJ,Risco Médio,Alta
quinta-feira,BR-116,184.0,Pleno dia,Crescente,Céu Claro,Simples,Curva,-29.38255,-51.11958,DEL05-RS,Risco Médio,Alta
domingo,BR-470,280.0,Amanhecer,Crescente,Nublado,Simples,Reta,-27.33219,-50.86255,DEL07-SC,Risco Médio,Baixa
domingo,BR-476,157.7,Pleno dia,Decrescente,Céu Claro,Simples,Desvio Temporário,-25.60639,-49.42111,DEL01-PR,Risco Médio,Baixa
sexta-feira,BR-101,99.8,Pleno dia,Decrescente,Nublado,Dupla,Não Informado,-7.260895,-34.93599,DEL01-PB,Risco Baixo,Alta
sábado,BR-230,614.0,Plena Noite,Crescente,Céu Claro,Simples,Reta,-7.525219,-63.04189,DEL01-AM,Risco Médio,Baixa
quarta-feira,BR-153,96.0,Plena Noite,Crescente,Céu Claro,Simples,Reta,-13.40651,-49.13118,DEL07-GO,Risco Médio,Alta
domingo,BR-60,5.0,Pleno dia,Crescente,Céu Claro,Dupla,Reta,-15.89544,-48.10477,DEL01-DF,Risco Médio,Média
terça-feira,BR-364,205.0,Pleno dia,Decrescente,Céu Claro,Dupla,Não Informado,-16.45929,-54.66092,DEL02-MT,Risco Médio,Alta
domingo,BR-40,0.0,Anoitecer,Crescente,Nublado,Simples,Reta,-16.05827,-47.98266,DEL01-DF,Risco Médio,Alta
domingo,BR-222,194.6,Plena Noite,Crescente,Céu Claro,Simples,Curva,-3.799469,-40.16147,DEL04-CE,Risco Alto,Baixa
quinta-feira,BR-116,517.1,Amanhecer,Crescente,Céu Claro,Simples,Reta,-19.70493,-42.1172,DEL06-MG,Risco Alto,Alta
quinta-feira,BR-153,731.8,Plena Noite,Crescente,Céu Claro,Simples,Reta,-12.21691,-49.15715,DEL01-TO,Risco Baixo,Alta
quinta-feira,BR-116,217.5,Plena Noite,Crescente,Ignorado,Múltipla,Reta,-23.45424,-46.47119,DEL01-SP,Risco Alto,Alta
domingo,BR-116,413.0,Plena Noite,Crescente,Céu Claro,Simples,Reta,-18.88355,-41.95541,DEL06-MG,Risco Médio,Alta
sexta-feira,BR-393,200.0,Plena Noite,Decrescente,Nublado,Simples,Reta,-22.20969,-43.39948,DEL05-RJ,Risco Médio,Média
quinta-feira,BR-110,186.9,Plena Noite,Crescente,Céu Claro,Simples,Não Informado,-7.889867,-37.1203,DEL02-PB,Risco Baixo,Baixa
sábado,BR-40,130.5,Pleno dia,Crescente,Céu Claro,Simples,Reta,-16.91297,-47.34826,DEL01-DF,Risco Médio,Alta
domingo,BR-116,656.6,Plena Noite,Decrescente,Céu Claro,Simples,Curva,-20.76259,-42.30463,DEL07-MG,Risco Médio,Alta
sábado,BR-364,1030.5,Plena Noite,Decrescente,Céu Claro,Simples,Reta,-9.759297,-66.26473,DEL01-RO,Risco Médio,Alta
sexta-feira,BR-116,168.0,Pleno dia,Decrescente,Céu Claro,Múltipla,Reta,-22.796,-43.3611,DEL01-RJ,Risco Médio,Alta
sexta-feira,BR-116,67.8,Pleno dia,Decrescente,Chuva,Simples,Reta,-26.44248,-50.22844,DEL06-SC,Risco Médio,Alta
terça-feira,BR-116,567.0,Pleno dia,Crescente,Garoa/Chuvisco,Simples,Curva,-25.04432,-48.55888,DEL05-SP,Risco Médio,Alta
quarta-feira,BR-226,71.3,Pleno dia,Decrescente,Chuva,Simples,Curva,-6.124758,-35.72056,DEL01-RN,Risco Baixo,Baixa
domingo,BR-153,575.0,Pleno dia,Decrescente,Chuva,Dupla,Curva,-17.3442,-49.2472,DEL03-GO,Risco Médio,Alta
sábado,BR-40,5.0,Pleno dia,Crescente,Nublado,Dupla,Retorno Regulamentado,-16.09313,-47.98224,DEL01-DF,Risco Médio,Alta
segunda-feira,BR-364,713.0,Plena Noite,Crescente,Céu Claro,Dupla,Reta,-9.674507,-65.44786,DEL01-RO,Risco Médio,Alta
terça-feira,BR-101,142.0,Pleno dia,Decrescente,Céu Claro,Dupla,Curva,-27.05609,-48.59945,DEL04-SC,Risco Médio,Alta
quinta-feira,BR-101,325.0,Plena Noite,Decrescente,Céu Claro,Dupla,Reta,-22.87293,-43.13626,DEL02-RJ,Risco Baixo,Alta
domingo,BR-381,561.8,Plena Noite,Crescente,Céu Claro,Dupla,Curva,-20.39224,-44.49493,DEL04-MG,Risco Baixo,Alta
terça-feira,BR-282,221.0,Pleno dia,Decrescente,Nublado,Múltipla,Curva,-27.79636,-50.34343,DEL05-SC,Risco Baixo,Baixa
sábado,BR-101,57.0,Pleno dia,Crescente,Céu Claro,Simples,Reta,-5.580857,-35.28269,DEL02-RN,Risco Médio,Alta
quinta-feira,BR-116,257.2,Pleno dia,Crescente,Nublado,Dupla,Interseção de vias,-29.85262,-51.17968,DEL01-RS,Risco Médio,Alta
quarta-feira,BR-230,148.0,Pleno dia,Crescente,Céu Claro,Dupla,Rotatória,-7.236722,-35.86708,DEL02-PB,Risco Médio,Baixa
sexta-feira,BR-116,141.0,Plena Noite,Crescente,Céu Claro,Dupla,Reta,-25.77735,-49.32452,DEL01-PR,Risco Baixo,Alta
sábado,BR-101,318.0,Plena Noite,Decrescente,Céu Claro,Dupla,Reta,-22.84563,-43.09841,DEL02-RJ,Risco Baixo,Alta
terça-feira,BR-470,32.0,Plena Noite,Crescente,Céu Claro,Dupla,Reta,-26.90179,-48.93181,DEL04-SC,Risco Médio,Baixa
quinta-feira,BR-381,316.0,Pleno dia,Decrescente,Nublado,Simples,Curva,-19.67548,-42.975,DEL03-MG,Risco Médio,Alta
sábado,BR-277,673.0,Pleno dia,Crescente,Céu Claro,Dupla,Reta,-25.29057,-54.1065,DEL05-PR,Risco Médio,Média
quinta-feira,BR-222,4.1,Pleno dia,Crescente,Sol,Múltipla,Reta,-3.741648,-38.6045,DEL01-CE,Risco Alto,Baixa
segunda-feira,BR-50,306.3,Pleno dia,Crescente,Sol,Dupla,Não Informado,-18.3701,-48.0555,DEL06-GO,Risco Médio,Média
terça-feira,BR-448,17.0,Pleno dia,Decrescente,Céu Claro,Simples,Reta,-29.95427,-51.2026,DEL01-RS,Risco Médio,Baixa
terça-feira,BR-101,884.6,Plena Noite,Decrescente,Céu Claro,Simples,Curva,-17.79839,-39.78177,DEL09-BA,Risco Baixo,Alta
quarta-feira,BR-101,212.0,Plena Noite,Decrescente,Ignorado,Dupla,Reta,-27.62997,-48.65904,DEL01-SC,Risco Baixo,Alta
quinta-feira,BR-381,845.5,Pleno dia,Decrescente,Chuva,Dupla,Curva,-22.20286,-45.86101,DEL16-MG,Risco Médio,Alta
quinta-feira,BR-421,19.0,Plena Noite,Crescente,Céu Claro,Simples,Desvio Temporário,-10.0293,-63.1773,DEL03-RO,Risco Alto,Baixa
domingo,BR-381,873.8,Plena Noite,Crescente,Nublado,Dupla,Curva,-22.42039,-45.96526,DEL16-MG,Risco Médio,Alta
domingo,BR-116,297.0,Pleno dia,Decrescente,Céu Claro,Dupla,Reta,-23.69186,-46.86155,DEL04-SP,Risco Médio,Alta
segunda-feira,BR-381,445.0,Pleno dia,Crescente,Nublado,Simples,Reta,-19.82543,-43.8341,DEL01-MG,Risco Médio,Alta
sábado,BR-158,324.9,Plena Noite,Decrescente,Nublado,Simples,Túnel,-29.71046,-53.80344,DEL09-RS,Risco Médio,Baixa
domingo,BR-277,712.0,Plena Noite,Decrescente,Céu Claro,Dupla,Não Informado,-25.45781,-54.4312,DEL05-PR,Risco Baixo,Média
segunda-feira,BR-116,499.0,Amanhecer,Crescente,Nublado,Simples,Curva,-24.78229,-48.17695,DEL05-SP,Risco Baixo,Alta
quarta-feira,BR-101,74.0,Pleno dia,Crescente,Céu Claro,Simples,Reta,-11.99173,-38.23078,DEL01-BA,Risco Alto,Alta
sexta-feira,BR-324,512.0,Pleno dia,Crescente,Céu Claro,Simples,Interseção de vias,-12.23163,-38.95743,DEL02-BA,Risco Médio,Baixa
domingo,BR-408,27.8,Plena Noite,Crescente,Chuva,Simples,Reta,-7.594033,-35.2447,DEL01-PE,Risco Alto,Baixa
sábado,BR-60,330.9,Plena Noite,Crescente,Céu Claro,Simples,Rotatória,-20.35684,-54.52352,DEL01-MS,Risco Médio,Média
quarta-feira,BR-40,117.0,Anoitecer,Crescente,Céu Claro,Múltipla,Reta,-22.74568,-43.2881,DEL01-RJ,Risco Médio,Alta
quarta-feira,BR-40,4.9,Pleno dia,Decrescente,Céu Claro,Dupla,Reta,-16.08524,-47.98675,DEL01-DF,Risco Médio,Alta
sexta-feira,BR-101,55.3,Plena Noite,Decrescente,Garoa/Chuvisco,Dupla,Reta,-7.95413,-34.91053,DEL01-PE,Risco Baixo,Alta
domingo,BR-495,27.0,Pleno dia,Crescente,Céu Claro,Dupla,Reta,-22.39715,-43.11066,DEL06-RJ,Risco Médio,Baixa
segunda-feira,BR-251,319.6,Plena Noite,Decrescente,Céu Claro,Simples,Curva,-16.0,-42.0,DEL12-MG,Risco Alto,Baixa
quinta-feira,BR-364,238.0,Pleno dia,Decrescente,Sol,Simples,Interseção de vias,-11.43881,-61.45481,DEL02-RO,Risco Médio,Alta
sexta-feira,BR-476,130.0,Pleno dia,Decrescente,Céu Claro,Múltipla,Reta,-25.44956,-49.23643,DEL01-PR,Risco Baixo,Baixa
quarta-feira,BR-277,620.0,Pleno dia,Decrescente,Céu Claro,Simples,Reta,-25.08308,-53.71064,DEL05-PR,Risco Médio,Média
quinta-feira,BR-381,515.5,Plena Noite,Decrescente,Céu Claro,Dupla,Não Informado,-20.09408,-44.31503,DEL01-MG,Risco Médio,Alta
segunda-feira,BR-280,27.0,Plena Noite,Crescente,Chuva,Simples,Reta,-26.39686,-48.74022,DEL03-SC,Risco Médio,Baixa
terça-feira,BR-116,702.1,Plena Noite,Crescente,Nublado,Simples,Curva,-21.11938,-42.38006,DEL07-MG,Risco Médio,Alta
terça-feira,BR-222,132.0,Pleno dia,Crescente,Céu Claro,Simples,Curva,-3.723793,-39.64385,DEL04-CE,Risco Médio,Baixa
domingo,BR-163,57.0,Pleno dia,Crescente,Céu Claro,Simples,Reta,-23.64741,-54.25003,DEL09-MS,Risco Baixo,Alta
segunda-feira,BR-50,263.3,Pleno dia,Crescente,Sol,Simples,Reta,-18.0548,-47.86321,DEL06-GO,Risco Médio,Média
sábado,BR-163,566.5,Pleno dia,Decrescente,Céu Claro,Simples,Reta,-13.82932,-56.08265,DEL01-MT,Risco Baixo,Alta
terça-feira,BR-376,465.0,Plena Noite,Crescente,Nublado,Dupla,Curva,-24.98544,-50.36931,DEL03-PR,Risco Médio,Baixa
sábado,BR-40,369.8,Plena Noite,Crescente,Céu Claro,Simples,Reta,-18.80798,-44.79616,DEL02-MG,Risco Médio,Alta
segunda-feira,BR-101,311.0,Pleno dia,Decrescente,Céu Claro,Simples,Não Informado,-22.80063,-43.05321,DEL02-RJ,Risco Médio,Alta
quinta-feira,BR-282,384.2,Plena Noite,Crescente,Nublado,Simples,Não Informado,-27.20155,-51.51554,DEL07-SC,Risco Médio,Baixa
domingo,BR-262,411.0,Plena Noite,Crescente,Céu Claro,Simples,Reta,-20.44205,-55.12363,DEL01-MS,Risco Médio,Média
sábado,BR-60,169.0,Plena Noite,Crescente,Céu Claro,Dupla,Reta,-16.7269,-49.3822,DEL01-GO,Risco Médio,Média
sexta-feira,BR-101,107.0,Plena Noite,Crescente,Céu Claro,Dupla,Reta,-5.919208,-35.26412,DEL01-RN,Risco Médio,Alta
terça-feira,BR-101,89.0,Pleno dia,Decrescente,Chuva,Dupla,Reta,-7.171069,-34.89765,DEL01-PB,Risco Médio,Alta
domingo,BR-116,405.9,Pleno dia,Decrescente,Céu Claro,Dupla,Reta,-24.32441,-47.55259,DEL04-SP,Risco Baixo,Alta
sábado,BR-470,194.8,Plena Noite,Crescente,Garoa/Chuvisco,Simples,Curva,-27.30204,-50.07555,DEL04-SC,Risco Médio,Baixa
segunda-feira,BR-316,202.0,Pleno dia,Crescente,Nublado,Simples,Reta,-9.582956,-36.31212,DEL03-AL,Risco Médio,Baixa
quinta-feira,BR-376,491.0,Pleno dia,Crescente,Céu Claro,Dupla,Reta,-25.15131,-50.14216,DEL03-PR,Risco Baixo,Baixa
sábado,BR-262,440.6,Pleno dia,Decrescente,Céu Claro,Dupla,Reta,-19.88607,-44.89407,DEL08-MG,Risco Médio,Média
segunda-feira,BR-163,288.0,Anoitecer,Crescente,Nublado,Múltipla,Curva,-24.51983,-54.07016,DEL06-PR,Risco Baixo,Alta
sexta-feira,BR-158,193.8,Anoitecer,Crescente,Céu Claro,Simples,Interseção de vias,-28.63908,-53.60685,DEL10-RS,Risco Baixo,Baixa
domingo,BR-70,521.0,Plena Noite,Decrescente,Céu Claro,Simples,Interseção de vias,-15.66762,-56.18178,DEL01-MT,Risco Médio,Baixa
quinta-feira,BR-101,308.3,Pleno dia,Decrescente,Céu Claro,Dupla,Reta,-22.7931,-43.02481,DEL02-RJ,Risco Médio,Alta
quinta-feira,BR-116,496.8,Amanhecer,Crescente,Céu Claro,Dupla,Reta,-24.74558,-48.14666,DEL05-SP,Risco Médio,Alta
segunda-feira,BR-230,27.0,Plena Noite,Decrescente,Chuva,Dupla,Reta,-7.1677,-34.8855,DEL01-PB,Risco Médio,Baixa
quarta-feira,BR-277,597.9,Pleno dia,Decrescente,Céu Claro,Simples,Curva,-24.99514,-53.51419,DEL04-PR,Risco Médio,Média
quinta-feira,BR-101,98.0,Anoitecer,Crescente,Chuva,Simples,Curva,-26.74714,-48.69643,DEL03-SC,Risco Médio,Alta
sábado,BR-470,184.0,Anoitecer,Decrescente,Chuva,Simples,Curva,-27.25259,-50.01091,DEL04-SC,Risco Médio,Baixa
domingo,BR-104,29.0,Pleno dia,Decrescente,Nublado,Simples,Reta,-9.119699,-36.04039,DEL01-AL,Risco Médio,Baixa
segunda-feira,BR-116,509.0,Plena Noite,Crescente,Garoa/Chuvisco,Simples,Não Informado,-24.82179,-48.21419,DEL05-SP,Risco Médio,Alta
domingo,BR-163,71.7,Pleno dia,Decrescente,Céu Claro,Simples,Não Informado,-26.70775,-53.51423,DEL07-SC,Risco Médio,Alta
quarta-feira,BR-373,479.3,Plena Noite,Crescente,Garoa/Chuvisco,Simples,Reta,-25.9785,-52.53923,DEL02-PR,Risco Médio,Baixa
quarta-feira,BR-116,264.0,Plena Noite,Crescente,Nublado,Simples,Reta,-10.89008,-38.8443,DEL07-BA,Risco Médio,Alta
domingo,BR-386,368.5,Pleno dia,Crescente,Chuva,Dupla,Reta,-29.5818,-51.83978,DEL04-RS,Risco Baixo,Média
sábado,BR-101,214.5,Pleno dia,Crescente,Céu Claro,Simples,Reta,-27.64814,-48.6733,DEL01-SC,Risco Médio,Alta
quarta-feira,BR-282,4.9,Amanhecer,Decrescente,Nublado,Múltipla,Reta,-27.59265,-48.60403,DEL01-SC,Risco Médio,Baixa
terça-feira,BR-158,494.5,Plena Noite,Crescente,Céu Claro,Simples,Não Informado,-30.46806,-55.05871,DEL11-RS,Risco Médio,Baixa
quinta-feira,BR-40,21.0,Plena Noite,Decrescente,Céu Claro,Dupla,Reta,-16.21062,-47.91694,DEL01-DF,Risco Baixo,Alta
sábado,BR-163,74.0,Plena Noite,Crescente,Céu Claro,Simples,Desvio Temporário,-26.6878,-53.5142,DEL07-SC,Risco Médio,Alta
segunda-feira,BR-376,416.1,Pleno dia,Crescente,Céu Claro,Simples,Reta,-24.70256,-50.57247,DEL03-PR,Risco Médio,Baixa
terça-feira,BR-285,37.7,Pleno dia,Decrescente,Nublado,Simples,Não Informado,-28.70067,-50.23213,DEL05-RS,Risco Médio,Baixa
domingo,BR-476,119.0,Amanhecer,Crescente,Nublado,Múltipla,Não Informado,-25.3642,-49.18583,DEL01-PR,Risco Médio,Baixa
domingo,BR-232,29.3,Plena Noite,Crescente,Céu Claro,Dupla,Desvio Temporário,-8.110795,-35.1468,DEL01-PE,Risco Alto,Baixa