dia_semana,br,km,fase_dia,sentido_via,condicao_metereologica,tipo_pista,tracado_via,latitude,longitude,delegacia,classificacao_acidente,postos_policiais_PRF
segunda-feira,BR-101,151.0,Pleno dia,Crescente,Nublado,Dupla,Reta,-27.12654,-48.60964,DEL04-SC,Risco Baixo,Alta
quinta-feira,BR-163,244.9,Pleno dia,Crescente,Céu Claro,Simples,Reta,-22.35692,-54.8034,DEL04-MS,Risco Médio,Alta
segunda-feira,BR-156,268.8,Plena Noite,Decrescente,Chuva,Simples,Reta,0.2028299,-51.11631,DEL01-AP,Risco Médio,Baixa
sexta-feira,BR-101,432.0,Plena Noite,Crescente,Garoa/Chuvisco,Simples,Reta,-22.93405,-44.02644,DEL03-RJ,Risco Médio,Alta
quarta-feira,BR-104,108.0,Pleno dia,Crescente,Céu Claro,Simples,Desvio Temporário,-7.111617,-35.86768,DEL02-PB,Risco Baixo,Baixa
quinta-feira,BR-101,327.0,Plena Noite,Crescente,Nublado,Dupla,Reta,-22.87117,-43.15595,DEL02-RJ,Risco Médio,Alta
terça-feira,BR-381,70.5,Pleno dia,Crescente,Nublado,Dupla,Não Informado,-23.34973,-46.5607,DEL03-SP,Risco Médio,Alta
domingo,BR-470,36.9,Plena Noite,Decrescente,Nevoeiro/Neblina,Simples,Reta,-26.91315,-48.97774,DEL04-SC,Risco Médio,Baixa
terça-feira,BR-381,481.0,Anoitecer,Crescente,Nublado,Dupla,Não Informado,-19.9584,-44.0607,DEL01-MG,Risco Médio,Alta
terça-feira,BR-381,812.1,Pleno dia,Decrescente,Céu Claro,Dupla,Não Informado,-22.062,-45.70068,DEL16-MG,Risco Baixo,Alta
sábado,BR-163,510.0,Pleno dia,Decrescente,Nublado,Dupla,Reta,-20.24202,-54.48011,DEL01-MS,Risco Médio,Alta
segunda-feira,BR-153,58.7,Pleno dia,Decrescente,Chuva,Simples,Não Informado,-26.96767,-51.85375,DEL07-SC,Risco Médio,Alta
segunda-feira,BR-470,40.8,Amanhecer,Crescente,Nublado,Simples,Não Informado,-26.88957,-48.99094,DEL04-SC,Risco Médio,Baixa
domingo,BR-242,801.0,Plena Noite,Decrescente,Céu Claro,Simples,Reta,-12.15054,-44.88695,DEL10-BA,Risco Baixo,Baixa
domingo,BR-290,125.0,Pleno dia,Decrescente,Céu Claro,Simples,Reta,-30.05504,-51.45899,DEL02-RS,Risco Baixo,Baixa
sexta-feira,BR-153,97.7,Plena Noite,Crescente,Céu Claro,Simples,Não Informado,-20.98895,-49.62085,DEL09-SP,Risco Médio,Alta
sábado,BR-101,107.9,Pleno dia,Crescente,Céu Claro,Dupla,Reta,-26.81931,-48.6839,DEL03-SC,Risco Médio,Alta
quarta-feira,BR-101,467.9,Pleno dia,Crescente,Chuva,Simples,Curva,-14.50692,-39.3326,DEL05-BA,Risco Médio,Alta
quarta-feira,BR-116,403.8,Amanhecer,Crescente,Nublado,Simples,Reta,-6.647845,-38.82292,DEL05-CE,Risco Médio,Alta
domingo,BR-364,435.0,Pleno dia,Crescente,Céu Claro,Simples,Reta,-15.50079,-56.27229,DEL01-MT,Risco Alto,Alta
quinta-feira,BR-282,1.9,Pleno dia,Crescente,Sol,Dupla,Reta,-27.60296,-48.58051,DEL01-SC,Risco Médio,Baixa
sexta-feira,BR-376,517.5,Amanhecer,Crescente,Céu Claro,Dupla,Curva,-25.26094,-50.00737,DEL03-PR,Risco Médio,Baixa
segunda-feira,BR-381,39.0,Pleno dia,Decrescente,Céu Claro,Dupla,Reta,-23.12331,-46.57585,DEL03-SP,Risco Médio,Alta
quinta-feira,BR-101,341.2,Pleno dia,Decrescente,Sol,Simples,Interseção de vias,-28.50717,-49.04934,DEL02-SC,Risco Médio,Alta
sábado,BR-101,217.0,Pleno dia,Crescente,Céu Claro,Dupla,Reta,-27.66779,-48.67394,DEL01-SC,Risco Baixo,Alta
quinta-feira,BR-472,159.3,Pleno dia,Decrescente,Nublado,Simples,Curva,-27.85968,-54.41977,DEL10-RS,Risco Médio,Baixa
domingo,BR-316,7.0,Pleno dia,Decrescente,Sol,Simples,Reta,-5.155846,-42.77173,DEL01-PI,Risco Médio,Baixa
quinta-feira,BR-304,12.3,Anoitecer,Crescente,Céu Claro,Simples,Reta,-4.971893,-37.38918,DEL04-RN,Risco Médio,Baixa
quarta-feira,BR-101,205.0,Pleno dia,Decrescente,Céu Claro,Simples,Reta,-22.47571,-42.19184,DEL02-RJ,Risco Médio,Alta
domingo,BR-101,96.0,Pleno dia,Crescente,Céu Claro,Múltipla,Reta,-5.849496,-35.20891,DEL01-RN,Risco Médio,Alta
sexta-feira,BR-153,501.0,Pleno dia,Crescente,Céu Claro,Múltipla,Não Informado,-16.7189,-49.2382,DEL01-GO,Risco Médio,Alta
quinta-feira,BR-163,87.0,Pleno dia,Crescente,Céu Claro,Simples,Ponte,-23.39156,-54.21105,DEL09-MS,Risco Médio,Alta
terça-feira,BR-116,116.0,Plena Noite,Crescente,Nublado,Múltipla,Reta,-25.54456,-49.30146,DEL01-PR,Risco Médio,Alta
sexta-feira,BR-116,541.0,Pleno dia,Crescente,Garoa/Chuvisco,Dupla,Curva,-24.97246,-48.39977,DEL05-SP,Risco Médio,Alta
domingo,BR-101,183.6,Plena Noite,Crescente,Céu Claro,Simples,Curva,-19.64708,-40.23287,DEL04-ES,Risco Médio,Alta
sexta-feira,BR-304,47.1,Plena Noite,Decrescente,Céu Claro,Simples,Não Informado,-4.576297,-37.78754,DEL03-CE,Risco Baixo,Baixa
domingo,BR-282,527.6,Amanhecer,Crescente,Céu Claro,Simples,Curva,-26.9732,-52.58332,DEL07-SC,Risco Baixo,Baixa
sábado,BR-50,279.0,Plena Noite,Crescente,Céu Claro,Simples,Reta,-18.1739,-47.9289,DEL06-GO,Risco Médio,Média
segunda-feira,BR-70,9.0,Pleno dia,Decrescente,Céu Claro,Dupla,Reta,-15.78462,-48.13202,DEL01-DF,Risco Baixo,Baixa
sexta-feira,BR-364,289.0,Pleno dia,Crescente,Chuva,Múltipla,Curva,-15.90643,-55.0831,DEL02-MT,Risco Baixo,Alta
terça-feira,BR-40,124.0,Pleno dia,Crescente,Céu Claro,Múltipla,Interseção de vias,-22.8147,-43.2881,DEL01-RJ,Risco Baixo,Alta
quinta-feira,BR-402,12.0,Pleno dia,Crescente,Nublado,Simples,Curva,-2.945698,-44.21064,DEL01-MA,Risco Médio,Baixa
domingo,BR-60,101.0,Pleno dia,Crescente,Nublado,Dupla,Retorno Regulamentado,-16.40405,-48.98002,DEL02-GO,Risco Médio,Média
quarta-feira,BR-381,390.9,Amanhecer,Decrescente,Céu Claro,Simples,Reta,-19.79061,-43.42896,DEL01-MG,Risco Baixo,Alta
quinta-feira,BR-262,46.2,Pleno dia,Crescente,Nublado,Simples,Interseção de vias,-20.40769,-40.67374,DEL01-ES,Risco Baixo,Média
segunda-feira,BR-116,277.3,Plena Noite,Crescente,Chuva,Simples,Reta,-17.89773,-41.52557,DEL11-MG,Risco Médio,Alta
terça-feira,BR-324,625.0,Pleno dia,Crescente,Sol,Dupla,Curva,-12.96468,-38.47712,DEL01-BA,Risco Médio,Baixa
domingo,BR-468,14.0,Plena Noite,Crescente,Chuva,Simples,Reta,-27.81993,-53.41764,DEL08-RS,Risco Médio,Baixa
quinta-feira,BR-40,5.4,Anoitecer,Decrescente,Nublado,Dupla,Reta,-16.09313,-47.98224,DEL01-DF,Risco Médio,Alta
quarta-feira,BR-101,278.0,Plena Noite,Crescente,Chuva,Dupla,Reta,-28.1907,-48.6968,DEL02-SC,Risco Baixo,Alta
quarta-feira,BR-364,129.0,Pleno dia,Crescente,Céu Claro,Simples,Reta,-10.0258,-67.83556,DEL01-AC,Risco Alto,Alta
terça-feira,BR-364,131.1,Pleno dia,Decrescente,Céu Claro,Simples,Curva,-10.01595,-67.84094,DEL01-AC,Risco Médio,Alta
sábado,BR-364,224.4,Pleno dia,Decrescente,Céu Claro,Simples,Reta,-11.5149,-61.35395,DEL02-RO,Risco Baixo,Alta
quinta-feira,BR-116,311.0,Plena Noite,Decrescente,Chuva,Dupla,Reta,-23.88343,-46.97369,DEL04-SP,Risco Alto,Alta
sexta-feira,BR-60,0.5,Pleno dia,Crescente,Chuva,Dupla,Reta,-15.8825,-48.06021,DEL01-DF,Risco Médio,Média
sexta-feira,BR-376,621.5,Pleno dia,Decrescente,Céu Claro,Dupla,Reta,-25.65531,-49.15594,DEL01-PR,Risco Médio,Baixa
terça-feira,BR-163,955.6,Pleno dia,Decrescente,Sol,Simples,Interseção de vias,-10.84919,-55.18782,DEL06-MT,Risco Médio,Alta
sexta-feira,BR-135,376.0,Plena Noite,Decrescente,Céu Claro,Simples,Reta,-16.82,-43.8515,DEL12-MG,Risco Médio,Baixa
segunda-feira,BR-470,238.0,Plena Noite,Crescente,Céu Claro,Simples,Curva,-27.30404,-50.47083,DEL05-SC,Risco Médio,Baixa
segunda-feira,BR-406,107.0,Pleno dia,Crescente,Garoa/Chuvisco,Simples,Reta,-5.547765,-35.78308,DEL02-RN,Risco Médio,Baixa
domingo,BR-158,328.0,Plena Noite,Decrescente,Céu Claro,Simples,Reta,-29.71113,-53.81968,DEL09-RS,Risco Médio,Baixa
sexta-feira,BR-101,131.5,Pleno dia,Decrescente,Sol,Dupla,Reta,-26.99064,-48.66311,DEL04-SC,Risco Médio,Alta
sábado,BR-101,312.0,Pleno dia,Crescente,Céu Claro,Dupla,Reta,-22.80236,-43.05686,DEL02-RJ,Risco Médio,Alta
sábado,BR-101,188.0,Anoitecer,Crescente,Céu Claro,Simples,Curva,-19.67569,-40.26369,DEL04-ES,Risco Baixo,Alta
terça-feira,BR-116,249.5,Pleno dia,Decrescente,Chuva,Simples,Reta,-29.78697,-51.16255,DEL01-RS,Risco Médio,Alta
segunda-feira,BR-104,61.6,Pleno dia,Crescente,Céu Claro,Dupla,Interseção de vias,-8.2529,-35.9751,DEL02-PE,Risco Baixo,Baixa
domingo,BR-60,175.0,Plena Noite,Crescente,Nublado,Dupla,Reta,-16.7519,-49.4317,DEL01-GO,Risco Médio,Média
sexta-feira,BR-407,124.0,Plena Noite,Crescente,Céu Claro,Dupla,Rotatória,-9.375865,-40.53798,DEL06-PE,Risco Médio,Baixa
domingo,BR-364,643.0,Pleno dia,Crescente,Céu Claro,Simples,Reta,-8.98408,-63.4238,DEL03-RO,Risco Médio,Alta
segunda-feira,BR-316,35.4,Pleno dia,Crescente,Céu Claro,Dupla,Reta,-1.290119,-48.15632,DEL01-PA,Risco Baixo,Baixa
sábado,BR-101,253.0,Pleno dia,Decrescente,Céu Claro,Simples,Reta,-20.10337,-40.33384,DEL02-ES,Risco Médio,Alta
sexta-feira,BR-285,291.8,Pleno dia,Decrescente,Céu Claro,Simples,Reta,-28.23523,-52.38298,DEL08-RS,Risco Baixo,Baixa
segunda-feira,BR-364,712.0,Pleno dia,Crescente,Nublado,Dupla,Não Informado,-8.777259,-63.87285,DEL01-RO,Risco Médio,Alta
segunda-feira,BR-101,94.0,Pleno dia,Decrescente,Céu Claro,Dupla,Reta,-5.831766,-35.21191,DEL01-RN,Risco Médio,Alta
domingo,BR-158,594.2,Pleno dia,Crescente,Sol,Simples,Reta,-14.26763,-52.16896,DEL07-MT,Risco Médio,Baixa
sábado,BR-116,416.0,Amanhecer,Crescente,Chuva,Simples,Reta,-12.16836,-38.96499,DEL02-BA,Risco Médio,Alta
segunda-feira,BR-381,277.0,Plena Noite,Crescente,Chuva,Simples,Reta,-19.55282,-42.70794,DEL03-MG,Risco Médio,Alta
domingo,BR-482,8.4,Pleno dia,Crescente,Nublado,Dupla,Curva,-20.86597,-41.11181,DEL03-ES,Risco Baixo,Baixa
sábado,BR-153,39.6,Pleno dia,Crescente,Sol,Simples,Não Informado,-20.6172,-49.33333,DEL09-SP,Risco Médio,Alta
sábado,BR-472,548.3,Anoitecer,Crescente,Ignorado,Simples,Reta,-29.61689,-56.8709,DEL13-RS,Risco Baixo,Baixa
domingo,BR-267,271.5,Plena Noite,Decrescente,Nublado,Simples,Reta,-21.93371,-44.64578,DEL17-MG,Risco Alto,Baixa
quinta-feira,BR-304,47.9,Pleno dia,Decrescente,Céu Claro,Dupla,Reta,-5.225972,-37.33087,DEL04-RN,Risco Médio,Baixa
sexta-feira,BR-316,64.0,Anoitecer,Crescente,Céu Claro,Dupla,Reta,-1.296296,-47.91984,DEL01-PA,Risco Baixo,Baixa
terça-feira,BR-476,129.0,Plena Noite,Decrescente,Nublado,Dupla,Curva,-25.44098,-49.23371,DEL01-PR,Risco Médio,Baixa
sábado,BR-480,126.2,Plena Noite,Crescente,Céu Claro,Dupla,Interseção de vias,-27.0968,-52.6186,DEL07-SC,Risco Médio,Baixa
domingo,BR-316,67.0,Pleno dia,Decrescente,Garoa/Chuvisco,Simples,Reta,-1.291814,-47.87086,DEL01-PA,Risco Médio,Baixa
quinta-feira,BR-101,145.9,Pleno dia,Crescente,Nublado,Múltipla,Reta,-19.369,-40.06575,DEL04-ES,Risco Médio,Alta
quarta-feira,BR-153,58.5,Pleno dia,Decrescente,Céu Claro,Dupla,Desvio Temporário,-20.77838,-49.35301,DEL09-SP,Risco Médio,Alta
terça-feira,BR-116,282.0,Pleno dia,Decrescente,Nublado,Dupla,Reta,-23.6857,-46.85971,DEL04-SP,Risco Médio,Alta
sexta-feira,BR-116,167.0,Anoitecer,Crescente,Garoa/Chuvisco,Dupla,Reta,-22.81804,-43.30787,DEL01-RJ,Risco Médio,Alta
segunda-feira,BR-386,395.7,Pleno dia,Crescente,Chuva,Simples,Não Informado,-29.72951,-51.6331,DEL04-RS,Risco Alto,Média
terça-feira,BR-319,63.0,Pleno dia,Decrescente,Céu Claro,Simples,Interseção de vias,-8.757849,-63.88627,DEL01-RO,Risco Médio,Baixa
terça-feira,BR-343,254.1,Pleno dia,Decrescente,Sol,Simples,Reta,-4.760148,-42.11164,DEL01-PI,Risco Médio,Baixa
domingo,BR-101,280.0,Pleno dia,Decrescente,Nublado,Dupla,Reta,-28.17963,-48.69563,DEL02-SC,Risco Médio,Alta
quarta-feira,BR-158,507.0,Pleno dia,Crescente,Céu Claro,Simples,Não Informado,-26.00758,-52.56803,DEL02-PR,Risco Médio,Baixa
segunda-feira,BR-386,360.0,Pleno dia,Decrescente,Céu Claro,Dupla,Rotatória,-29.5476,-51.90814,DEL04-RS,Risco Baixo,Média
sexta-feira,BR-381,532.0,Amanhecer,Crescente,Chuva,Dupla,Curva,-20.19043,-44.38269,DEL04-MG,Risco Médio,Alta
sexta-feira,BR-364,712.0,Pleno dia,Decrescente,Céu Claro,Dupla,Reta,-8.773316,-63.87969,DEL01-RO,Risco Médio,Alta
quarta-feira,BR-290,87.0,Pleno dia,Crescente,Céu Claro,Múltipla,Reta,-29.96784,-51.1272,DEL01-RS,Risco Médio,Baixa
terça-feira,BR-101,117.9,Plena Noite,Crescente,Chuva,Simples,Reta,-19.11933,-40.06303,DEL04-ES,Risco Médio,Alta
domingo,BR-101,307.0,Plena Noite,Crescente,Chuva,Dupla,Reta,-28.4008,-48.7864,DEL02-SC,Risco Médio,Alta
quarta-feira,BR-304,47.0,Pleno dia,Decrescente,Céu Claro,Simples,Reta,-5.184128,-37.34778,DEL04-RN,Risco Médio,Baixa
terça-feira,BR-476,196.5,Pleno dia,Decrescente,Céu Claro,Simples,Reta,-25.75344,-49.72575,DEL01-PR,Risco Médio,Baixa
sexta-feira,BR-364,425.0,Amanhecer,Crescente,Céu Claro,Dupla,Reta,-10.43752,-62.4717,DEL03-RO,Risco Médio,Alta
segunda-feira,BR-381,167.4,Plena Noite,Crescente,Céu Claro,Simples,Reta,-18.95969,-42.07583,DEL06-MG,Risco Alto,Alta
sábado,BR-470,119.8,Plena Noite,Decrescente,Céu Claro,Simples,Reta,-27.08155,-49.52021,DEL04-SC,Risco Médio,Baixa
terça-feira,BR-116,276.6,Pleno dia,Crescente,Sol,Simples,Reta,-17.86738,-41.51627,DEL11-MG,Risco Médio,Alta
quarta-feira,BR-376,655.5,Pleno dia,Crescente,Garoa/Chuvisco,Simples,Curva,-25.84643,-49.03607,DEL01-PR,Risco Médio,Baixa
segunda-feira,BR-101,28.8,Plena Noite,Decrescente,Chuva,Simples,Reta,-9.068676,-35.74115,DEL01-AL,Risco Alto,Alta
domingo,BR-282,2.5,Plena Noite,Crescente,Céu Claro,Dupla,Reta,-27.60306,-48.59327,DEL01-SC,Risco Alto,Baixa
sábado,BR-116,37.0,Pleno dia,Decrescente,Garoa/Chuvisco,Simples,Curva,-15.9582,-41.4046,DEL08-BA,Risco Médio,Alta
quarta-feira,BR-280,29.0,Plena Noite,Crescente,Céu Claro,Simples,Reta,-26.41073,-48.75304,DEL03-SC,Risco Médio,Baixa
segunda-feira,BR-101,439.9,Pleno dia,Decrescente,Céu Claro,Múltipla,Desvio Temporário,-29.12382,-49.65694,DEL02-SC,Risco Médio,Alta
segunda-feira,BR-376,634.2,Anoitecer,Decrescente,Chuva,Dupla,Não Informado,-25.5307,-49.1958,DEL01-PR,Risco Baixo,Baixa
sábado,BR-101,399.0,Pleno dia,Crescente,Nublado,Simples,Curva,-13.99587,-39.45681,DEL05-BA,Risco Alto,Alta
domingo,BR-60,163.0,Pleno dia,Decrescente,Céu Claro,Dupla,Reta,-16.7002,-49.3335,DEL01-GO,Risco Médio,Média
sexta-feira,BR-210,6.0,Plena Noite,Decrescente,Chuva,Simples,Reta,0.09345819,-51.11212,DEL01-AP,Risco Médio,Baixa
quinta-feira,BR-282,516.0,Anoitecer,Crescente,Céu Claro,Simples,Curva,-26.9284,-52.49916,DEL07-SC,Risco Médio,Baixa
sexta-feira,BR-230,204.0,Pleno dia,Decrescente,Céu Claro,Simples,Reta,-7.0932,-36.2743,DEL02-PB,Risco Médio,Baixa
segunda-feira,BR-381,548.0,Plena Noite,Crescente,Nublado,Dupla,Reta,-20.28412,-44.4321,DEL04-MG,Risco Médio,Alta
sexta-feira,BR-116,352.9,Pleno dia,Decrescente,Céu Claro,Simples,Reta,-11.60901,-38.98385,DEL02-BA,Risco Médio,Alta
sábado,BR-20,9.0,Plena Noite,Decrescente,Céu Claro,Simples,Reta,-15.55479,-47.27477,DEL02-DF,Risco Médio,Baixa
quinta-feira,BR-101,360.9,Anoitecer,Crescente,Chuva,Simples,Reta,-20.70436,-40.71735,DEL03-ES,Risco Médio,Alta
terça-feira,BR-381,366.0,Pleno dia,Crescente,Céu Claro,Simples,Não Informado,-19.85055,-43.26778,DEL03-MG,Risco Médio,Alta
sexta-feira,BR-40,74.0,Pleno dia,Decrescente,Céu Claro,Simples,Curva,-22.47225,-43.22333,DEL06-RJ,Risco Baixo,Alta
terça-feira,BR-104,93.0,Plena Noite,Crescente,Chuva,Dupla,Reta,-9.478767,-35.85363,DEL01-AL,Risco Baixo,Baixa
domingo,BR-101,154.0,Pleno dia,Decrescente,Chuva,Dupla,Curva,-8.528607,-35.38884,DEL01-PE,Risco Médio,Alta
terça-feira,BR-101,209.1,Pleno dia,Decrescente,Céu Claro,Dupla,Não Informado,-27.61001,-48.63895,DEL01-SC,Risco Médio,Alta
domingo,BR-116,443.0,Anoitecer,Crescente,Nublado,Dupla,Reta,-24.48337,-47.83244,DEL05-SP,Risco Baixo,Alta
domingo,BR-428,119.7,Pleno dia,Crescente,Céu Claro,Simples,Reta,-8.924293,-40.09833,DEL06-PE,Risco Médio,Baixa
quinta-feira,BR-116,174.2,Pleno dia,Decrescente,Nublado,Dupla,Reta,-22.79424,-43.36404,DEL01-RJ,Risco Médio,Alta
domingo,BR-324,475.9,Pleno dia,Crescente,Sol,Simples,Reta,-11.98256,-39.09561,DEL02-BA,Risco Baixo,Baixa
quinta-feira,BR-101,100.0,Pleno dia,Decrescente,Nublado,Dupla,Interseção de vias,-26.7568,-48.6889,DEL03-SC,Risco Baixo,Alta
segunda-feira,BR-324,616.7,Pleno dia,Crescente,Nublado,Dupla,Reta,-12.88973,-38.44382,DEL01-BA,Risco Médio,Baixa
segunda-feira,BR-153,94.1,Plena Noite,Crescente,Céu Claro,Simples,Não Informado,-19.17737,-48.95075,DEL15-MG,Risco Médio,Alta
sexta-feira,BR-116,329.3,Anoitecer,Crescente,Nublado,Dupla,Reta,-23.94114,-47.09179,DEL04-SP,Risco Médio,Alta
terça-feira,BR-282,95.1,Pleno dia,Decrescente,Sol,Simples,Curva,-27.71188,-49.25503,DEL01-SC,Risco Médio,Baixa
quinta-feira,BR-262,855.8,Pleno dia,Crescente,Céu Claro,Dupla,Reta,-19.7798,-48.39045,DEL13-MG,Risco Médio,Média
sábado,BR-364,315.0,Plena Noite,Decrescente,Céu Claro,Simples,Reta,-11.10935,-61.90211,DEL02-RO,Risco Médio,Alta
sexta-feira,BR-116,38.0,Pleno dia,Crescente,Céu Claro,Dupla,Reta,-25.14808,-48.85924,DEL01-PR,Risco Baixo,Alta
quinta-feira,BR-101,49.0,Anoitecer,Crescente,Vento,Dupla,Reta,-7.900515,-34.90181,DEL01-PE,Risco Médio,Alta
sábado,BR-60,60.7,Plena Noite,Decrescente,Céu Claro,Dupla,Reta,-16.1905,-48.7026,DEL02-GO,Risco Baixo,Média
segunda-feira,BR-324,403.0,Plena Noite,Crescente,Céu Claro,Simples,Reta,-11.59897,-39.63873,DEL04-BA,Risco Médio,Baixa
sexta-feira,BR-153,338.0,Pleno dia,Crescente,Céu Claro,Dupla,Curva,-22.92295,-49.90083,DEL07-SP,Risco Médio,Alta
quinta-feira,BR-365,65.9,Plena Noite,Decrescente,Céu Claro,Simples,Curva,-17.03432,-44.31884,DEL12-MG,Risco Médio,Média
sexta-feira,BR-40,825.0,Anoitecer,Crescente,Chuva,Dupla,Curva,-21.97353,-43.28542,DEL05-MG,Risco Médio,Alta
sábado,BR-70,328.0,Pleno dia,Crescente,Céu Claro,Simples,Reta,-15.5202,-54.7481,DEL05-MT,Risco Baixo,Baixa
segunda-feira,BR-235,48.0,Plena Noite,Crescente,Céu Claro,Simples,Reta,-10.71927,-37.42041,DEL01-SE,Risco Médio,Baixa
segunda-feira,BR-381,428.0,Amanhecer,Decrescente,Céu Claro,Dupla,Não Informado,-19.78885,-43.70614,DEL01-MG,Risco Baixo,Alta
sexta-feira,BR-427,62.5,Anoitecer,Crescente,Céu Claro,Simples,Curva,-6.576508,-36.82659,DEL03-RN,Risco Baixo,Baixa
sexta-feira,BR-116,220.0,Plena Noite,Decrescente,Nublado,Múltipla,Reta,-23.46473,-46.49794,DEL01-SP,Risco Médio,Alta
quinta-feira,BR-153,21.7,Plena Noite,Crescente,Céu Claro,Simples,Curva,-23.16713,-49.96068,DEL07-PR,Risco Médio,Alta
quarta-feira,BR-267,78.9,Plena Noite,Crescente,Nublado,Simples,Reta,-21.77353,-43.22777,DEL05-MG,Risco Baixo,Baixa
terça-feira,BR-116,214.3,Pleno dia,Decrescente,Céu Claro,Múltipla,Túnel,-23.4455,-46.45085,DEL01-SP,Risco Médio,Alta
domingo,BR-116,155.0,Plena Noite,Crescente,Nublado,Dupla,Reta,-23.24469,-45.92748,DEL02-SP,Risco Baixo,Alta
segunda-feira,BR-277,506.0,Pleno dia,Crescente,Sol,Simples,Reta,-25.12196,-52.77005,DEL04-PR,Risco Médio,Média
domingo,BR-116,211.5,Pleno dia,Crescente,Céu Claro,Simples,Curva,-26.07981,-49.76935,DEL06-SC,Risco Alto,Alta
terça-feira,BR-262,6.5,Pleno dia,Decrescente,Sol,Múltipla,Reta,-20.34137,-40.3968,DEL01-ES,Risco Médio,Média
sábado,BR-163,79.0,Amanhecer,Decrescente,Céu Claro,Simples,Rotatória,-26.65678,-53.51732,DEL07-SC,Risco Médio,Alta
sábado,BR-364,267.3,Pleno dia,Decrescente,Céu Claro,Simples,Reta,-11.37617,-61.68682,DEL02-RO,Risco Médio,Alta
terça-feira,BR-163,913.0,Pleno dia,Crescente,Céu Claro,Simples,Reta,-11.198,-55.30701,DEL06-MT,Risco Baixo,Alta
quarta-feira,BR-101,520.0,Pleno dia,Decrescente,Chuva,Simples,Curva,-23.00039,-44.43953,DEL03-RJ,Risco Baixo,Alta
terça-feira,BR-222,201.8,Pleno dia,Crescente,Céu Claro,Simples,Curva,-3.801361,-40.20767,DEL04-CE,Risco Baixo,Baixa
sexta-feira,BR-116,525.9,Plena Noite,Decrescente,Céu Claro,Dupla,Não Informado,-19.77945,-42.13293,DEL06-MG,Risco Médio,Alta
sábado,BR-163,844.0,Plena Noite,Crescente,Céu Claro,Simples,Não Informado,-11.77804,-55.4736,DEL06-MT,Risco Baixo,Alta
sábado,BR-277,16.0,Pleno dia,Crescente,Céu Claro,Simples,Interseção de vias,-25.45909,-49.52876,DEL01-PR,Risco Baixo,Média
quarta-feira,BR-277,138.0,Plena Noite,Decrescente,Céu Claro,Dupla,Reta,-25.47612,-49.71116,DEL01-PR,Risco Médio,Média
sexta-feira,BR-376,653.0,Plena Noite,Decrescente,Céu Claro,Dupla,Curva,-25.8442,-49.06044,DEL01-PR,Risco Médio,Baixa
quinta-feira,BR-381,370.0,Plena Noite,Decrescente,Ignorado,Simples,Reta,-19.85038,-43.30243,DEL03-MG,Risco Baixo,Alta
sábado,BR-101,80.0,Pleno dia,Crescente,Céu Claro,Dupla,Não Informado,-18.8215,-39.90674,DEL04-ES,Risco Médio,Alta
quarta-feira,BR-101,238.0,Pleno dia,Decrescente,Céu Claro,Dupla,Reta,-27.84294,-48.63472,DEL01-SC,Risco Médio,Alta
domingo,BR-40,0.2,Pleno dia,Crescente,Céu Claro,Dupla,Reta,-16.05827,-47.98266,DEL01-DF,Risco Baixo,Alta
quinta-feira,BR-116,222.9,Pleno dia,Decrescente,Céu Claro,Múltipla,Reta,-23.47803,-46.52802,DEL01-SP,Risco Médio,Alta
sábado,BR-158,563.6,Pleno dia,Decrescente,Céu Claro,Simples,Interseção de vias,-30.85476,-55.49652,DEL11-RS,Risco Médio,Baixa
domingo,BR-381,500.0,Pleno dia,Decrescente,Céu Claro,Dupla,Reta,-20.02513,-44.23113,DEL01-MG,Risco Médio,Alta
sábado,BR-415,21.0,Pleno dia,Decrescente,Céu Claro,Múltipla,Curva,-14.80409,-39.14223,DEL05-BA,Risco Médio,Baixa
domingo,BR-101,198.8,Plena Noite,Decrescente,Céu Claro,Dupla,Reta,-27.52659,-48.63506,DEL01-SC,Risco Médio,Alta
quarta-feira,BR-135,95.0,Pleno dia,Crescente,Céu Claro,Simples,Interseção de vias,-3.331656,-44.44566,DEL01-MA,Risco Baixo,Baixa
domingo,BR-287,390.0,Pleno dia,Crescente,Céu Claro,Simples,Reta,-29.23776,-54.83457,DEL12-RS,Risco Médio,Baixa
domingo,BR-101,306.0,Pleno dia,Decrescente,Céu Claro,Dupla,Reta,-22.78914,-43.00551,DEL02-RJ,Risco Médio,Alta
quinta-feira,BR-101,326.0,Pleno dia,Crescente,Sol,Dupla,Reta,-22.87206,-43.1461,DEL02-RJ,Risco Médio,Alta
quinta-feira,BR-40,93.9,Pleno dia,Crescente,Garoa/Chuvisco,Simples,Curva,-22.55606,-43.26485,DEL06-RJ,Risco Médio,Alta
terça-feira,BR-316,268.7,Pleno dia,Crescente,Céu Claro,Simples,Não Informado,-3.691249,-45.33175,DEL02-MA,Risco Médio,Baixa
domingo,BR-282,293.9,Plena Noite,Decrescente,Céu Claro,Simples,Curva,-27.53823,-50.86082,DEL07-SC,Risco Médio,Baixa
sábado,BR-101,50.9,Pleno dia,Crescente,Sol,Múltipla,Reta,-7.909386,-34.90123,DEL01-PE,Risco Médio,Alta
sexta-feira,BR-116,103.0,Pleno dia,Decrescente,Sol,Simples,Curva,-25.55945,-49.151,DEL01-PR,Risco Médio,Alta
segunda-feira,BR-277,586.9,Plena Noite,Decrescente,Nevoeiro/Neblina,Simples,Reta,-24.96906,-53.42852,DEL04-PR,Risco Médio,Média