dia_semana,br,km,fase_dia,sentido_via,condicao_metereologica,tipo_pista,tracado_via,latitude,longitude,delegacia,classificacao_acidente,postos_policiais_PRF
domingo,BR-101,253.7,Plena Noite,Crescente,Céu Claro,Simples,Reta,-20.11336,-40.32267,DEL02-ES,Risco Médio,Alta
quinta-feira,BR-101,31.7,Plena Noite,Crescente,Céu Claro,Simples,Reta,-5.376793,-35.37251,DEL02-RN,Risco Médio,Alta
sábado,BR-282,581.6,Plena Noite,Crescente,Nublado,Simples,Curva,-26.82844,-52.99839,DEL07-SC,Risco Alto,Baixa
sexta-feira,BR-407,228.0,Plena Noite,Crescente,Chuva,Simples,Reta,-11.35181,-40.01453,DEL04-BA,Risco Baixo,Baixa
sexta-feira,BR-316,157.0,Plena Noite,Crescente,Nublado,Simples,Reta,-9.428216,-36.61747,DEL03-AL,Risco Médio,Baixa
domingo,BR-101,372.0,Pleno dia,Decrescente,Céu Claro,Simples,Curva,-20.77215,-40.77696,DEL03-ES,Risco Médio,Alta
segunda-feira,BR-104,28.8,Plena Noite,Crescente,Nublado,Simples,Reta,-8.006202,-36.07317,DEL02-PE,Risco Médio,Baixa
quinta-feira,BR-476,111.9,Plena Noite,Crescente,Céu Claro,Simples,Não Informado,-25.31396,-49.15745,DEL01-PR,Risco Médio,Baixa
domingo,BR-280,54.0,Amanhecer,Crescente,Chuva,Dupla,Reta,-26.4754,-48.98375,DEL03-SC,Risco Baixo,Baixa
quarta-feira,BR-116,217.0,Plena Noite,Decrescente,Chuva,Múltipla,Não Informado,-23.45424,-46.47119,DEL01-SP,Risco Baixo,Alta
domingo,BR-40,721.0,Pleno dia,Crescente,Chuva,Dupla,Reta,-21.28685,-43.6416,DEL05-MG,Risco Médio,Alta
sexta-feira,BR-365,15.8,Pleno dia,Decrescente,Nublado,Simples,Curva,-16.85648,-43.97578,DEL12-MG,Risco Baixo,Média
quinta-feira,BR-230,235.0,Anoitecer,Crescente,Ignorado,Simples,Não Informado,-6.81898,-44.82192,DEL05-MA,Risco Alto,Baixa
sábado,BR-101,84.7,Plena Noite,Decrescente,Céu Claro,Dupla,Viaduto,-5.774175,-35.2578,DEL02-RN,Risco Baixo,Alta
terça-feira,BR-251,338.0,Pleno dia,Decrescente,Céu Claro,Simples,Curva,-16.255,-42.4474,DEL12-MG,Risco Médio,Baixa
segunda-feira,BR-381,333.0,Pleno dia,Crescente,Garoa/Chuvisco,Simples,Curva,-19.80307,-43.06084,DEL03-MG,Risco Médio,Alta
sexta-feira,BR-376,176.8,Anoitecer,Crescente,Céu Claro,Dupla,Não Informado,-23.41269,-51.93158,DEL09-PR,Risco Médio,Baixa
segunda-feira,BR-381,689.2,Plena Noite,Crescente,Céu Claro,Dupla,Reta,-21.19485,-45.11846,DEL04-MG,Risco Médio,Alta
quinta-feira,BR-277,299.0,Anoitecer,Crescente,Nublado,Simples,Reta,-25.31425,-51.08912,DEL03-PR,Risco Médio,Média
quinta-feira,BR-364,202.0,Pleno dia,Crescente,Céu Claro,Simples,Não Informado,-11.6331,-61.20287,DEL02-RO,Risco Médio,Alta
terça-feira,BR-158,322.0,Pleno dia,Crescente,Vento,Simples,Não Informado,-29.69143,-53.77424,DEL09-RS,Risco Médio,Baixa
terça-feira,BR-262,446.4,Pleno dia,Crescente,Sol,Simples,Reta,-19.87515,-44.95031,DEL08-MG,Risco Médio,Média
sábado,BR-153,284.0,Pleno dia,Crescente,Céu Claro,Simples,Não Informado,-15.16625,-49.5419,DEL07-GO,Risco Médio,Alta
quinta-feira,BR-40,0.3,Pleno dia,Decrescente,Chuva,Dupla,Reta,-15.97923,-47.98898,DEL01-DF,Risco Médio,Alta
domingo,BR-230,263.1,Plena Noite,Decrescente,Vento,Simples,Reta,-6.981796,-36.73154,DEL03-PB,Risco Baixo,Baixa
terça-feira,BR-10,355.0,Anoitecer,Crescente,Céu Claro,Simples,Rotatória,-1.338934,-47.5822,DEL01-PA,Risco Médio,Baixa
sábado,BR-153,67.0,Pleno dia,Decrescente,Nublado,Simples,Não Informado,-18.9523,-49.0272,DEL15-MG,Risco Médio,Alta
domingo,BR-101,346.0,Plena Noite,Crescente,Nublado,Dupla,Reta,-28.55485,-49.05409,DEL02-SC,Risco Médio,Alta
sexta-feira,BR-101,1.0,Plena Noite,Decrescente,Céu Claro,Dupla,Retorno Regulamentado,-6.514231,-35.11134,DEL01-PB,Risco Médio,Alta
sexta-feira,BR-304,295.5,Pleno dia,Decrescente,Céu Claro,Simples,Não Informado,-5.864849,-35.34931,DEL01-RN,Risco Médio,Baixa
sexta-feira,BR-230,626.0,Plena Noite,Crescente,Garoa/Chuvisco,Simples,Reta,-3.216,-52.2421,DEL04-PA,Risco Médio,Baixa
terça-feira,BR-153,391.5,Pleno dia,Decrescente,Céu Claro,Simples,Reta,-29.93769,-52.95518,DEL02-RS,Risco Médio,Alta
segunda-feira,BR-116,184.0,Pleno dia,Crescente,Nublado,Dupla,Reta,-22.74647,-43.44594,DEL01-RJ,Risco Médio,Alta
quinta-feira,BR-232,332.0,Plena Noite,Decrescente,Chuva,Simples,Reta,-8.089162,-37.62142,DEL03-PE,Risco Baixo,Baixa
sábado,BR-101,392.0,Plena Noite,Decrescente,Céu Claro,Dupla,Rotatória,-28.8103,-49.3818,DEL02-SC,Risco Baixo,Alta
segunda-feira,BR-282,373.0,Pleno dia,Crescente,Céu Claro,Simples,Reta,-27.24342,-51.44788,DEL07-SC,Risco Baixo,Baixa
domingo,BR-364,337.0,Plena Noite,Decrescente,Céu Claro,Simples,Reta,-10.92585,-61.9296,DEL02-RO,Risco Médio,Alta
domingo,BR-405,1.6,Plena Noite,Crescente,Céu Claro,Dupla,Reta,-5.192296,-37.36775,DEL04-RN,Risco Médio,Baixa
domingo,BR-116,444.0,Plena Noite,Decrescente,Céu Claro,Dupla,Reta,-24.49129,-47.83615,DEL05-SP,Risco Médio,Alta
domingo,BR-282,452.2,Anoitecer,Decrescente,Céu Claro,Simples,Não Informado,-26.90612,-51.97042,DEL07-SC,Risco Médio,Baixa
terça-feira,BR-163,800.0,Pleno dia,Crescente,Nublado,Simples,Não Informado,-12.17011,-55.51955,DEL06-MT,Risco Médio,Alta
sexta-feira,BR-101,217.9,Pleno dia,Crescente,Nublado,Dupla,Reta,-27.66779,-48.67394,DEL01-SC,Risco Médio,Alta
domingo,BR-317,192.0,Pleno dia,Crescente,Céu Claro,Simples,Desvio Temporário,-10.62592,-68.06571,DEL01-AC,Risco Médio,Baixa
segunda-feira,BR-381,451.0,Anoitecer,Decrescente,Céu Claro,Simples,Não Informado,-19.83832,-43.88069,DEL01-MG,Risco Baixo,Alta
sábado,BR-365,803.8,Anoitecer,Crescente,Céu Claro,Simples,Curva,-18.90109,-49.93286,DEL15-MG,Risco Médio,Média
sábado,BR-50,200.7,Plena Noite,Decrescente,Céu Claro,Dupla,Reta,-19.92627,-47.82191,DEL13-MG,Risco Médio,Média
sábado,BR-476,98.4,Pleno dia,Decrescente,Céu Claro,Simples,Não Informado,-25.23962,-49.12482,DEL01-PR,Risco Médio,Baixa
quinta-feira,BR-101,122.0,Amanhecer,Crescente,Nublado,Simples,Curva,-12.17564,-38.57512,DEL01-BA,Risco Médio,Alta
sábado,BR-467,72.6,Anoitecer,Decrescente,Céu Claro,Dupla,Reta,-24.72589,-53.70467,DEL04-PR,Risco Médio,Baixa
terça-feira,BR-407,80.0,Pleno dia,Crescente,Céu Claro,Simples,Reta,-10.06059,-40.23036,DEL04-BA,Risco Médio,Baixa
sexta-feira,BR-470,34.9,Pleno dia,Crescente,Céu Claro,Simples,Interseção de vias,-26.91065,-48.94934,DEL04-SC,Risco Médio,Baixa
quinta-feira,BR-101,87.0,Plena Noite,Crescente,Céu Claro,Dupla,Reta,-26.641,-48.69136,DEL03-SC,Risco Baixo,Alta
domingo,BR-277,299.0,Pleno dia,Decrescente,Céu Claro,Múltipla,Reta,-25.29306,-51.13171,DEL08-PR,Risco Médio,Média
quarta-feira,BR-262,80.5,Pleno dia,Crescente,Sol,Simples,Reta,-20.63435,-52.338,DEL07-MS,Risco Médio,Média
domingo,BR-101,259.8,Plena Noite,Crescente,Céu Claro,Dupla,Curva,-20.1384,-40.29221,DEL02-ES,Risco Baixo,Alta
domingo,BR-101,342.4,Pleno dia,Crescente,Céu Claro,Múltipla,Reta,-28.53918,-49.0531,DEL02-SC,Risco Médio,Alta
segunda-feira,BR-280,37.1,Amanhecer,Crescente,Garoa/Chuvisco,Simples,Não Informado,-26.44573,-48.81863,DEL03-SC,Risco Baixo,Baixa
domingo,BR-463,0.4,Plena Noite,Crescente,Céu Claro,Simples,Reta,-22.25869,-54.8041,DEL04-MS,Risco Médio,Baixa
terça-feira,BR-423,66.5,Plena Noite,Decrescente,Chuva,Simples,Reta,-8.668446,-36.37492,DEL03-PE,Risco Médio,Baixa
sábado,BR-101,352.2,Pleno dia,Decrescente,Céu Claro,Dupla,Não Informado,-28.60328,-49.0546,DEL02-SC,Risco Médio,Alta
segunda-feira,BR-381,480.0,Pleno dia,Crescente,Céu Claro,Dupla,Retorno Regulamentado,-19.96406,-44.04571,DEL01-MG,Risco Médio,Alta
terça-feira,BR-40,739.0,Pleno dia,Decrescente,Céu Claro,Simples,Curva,-21.39404,-43.5668,DEL05-MG,Risco Médio,Alta
sexta-feira,BR-262,305.0,Pleno dia,Crescente,Céu Claro,Simples,Não Informado,-20.4839,-54.33578,DEL01-MS,Risco Alto,Média
quarta-feira,BR-101,131.2,Anoitecer,Crescente,Céu Claro,Simples,Não Informado,-19.23897,-40.09171,DEL04-ES,Risco Médio,Alta
terça-feira,BR-364,302.3,Plena Noite,Crescente,Céu Claro,Dupla,Reta,-15.83084,-55.18181,DEL02-MT,Risco Baixo,Alta
sábado,BR-369,154.4,Plena Noite,Crescente,Céu Claro,Dupla,Reta,-23.29718,-51.20207,DEL07-PR,Risco Médio,Baixa
terça-feira,BR-277,4.0,Pleno dia,Crescente,Céu Claro,Dupla,Rotatória,-25.5205,-48.5095,DEL01-PR,Risco Baixo,Média
sexta-feira,BR-116,720.7,Plena Noite,Crescente,Céu Claro,Simples,Não Informado,-14.1966,-40.26941,DEL08-BA,Risco Médio,Alta
domingo,BR-101,268.5,Pleno dia,Crescente,Céu Claro,Dupla,Reta,-22.7113,-42.66923,DEL02-RJ,Risco Médio,Alta
sexta-feira,BR-369,194.0,Pleno dia,Decrescente,Garoa/Chuvisco,Dupla,Reta,-23.4842,-51.42384,DEL07-PR,Risco Médio,Baixa
segunda-feira,BR-101,84.0,Pleno dia,Crescente,Céu Claro,Dupla,Reta,-7.139579,-34.92313,DEL01-PB,Risco Baixo,Alta
domingo,BR-316,108.0,Plena Noite,Decrescente,Nublado,Simples,Reta,-1.333277,-47.535,DEL01-PA,Risco Médio,Baixa
segunda-feira,BR-470,1.0,Pleno dia,Crescente,Nublado,Dupla,Reta,-26.87538,-48.66828,DEL04-SC,Risco Médio,Baixa
sexta-feira,BR-226,1.8,Plena Noite,Decrescente,Chuva,Dupla,Reta,-5.806421,-35.24167,DEL01-RN,Risco Médio,Baixa
sábado,BR-104,26.8,Pleno dia,Decrescente,Chuva,Simples,Curva,-9.10496,-36.05332,DEL01-AL,Risco Médio,Baixa
domingo,BR-116,566.0,Plena Noite,Crescente,Chuva,Simples,Curva,-25.05201,-48.55476,DEL05-SP,Risco Médio,Alta
segunda-feira,BR-153,358.2,Amanhecer,Decrescente,Nublado,Simples,Não Informado,-25.6664,-50.74305,DEL03-PR,Risco Baixo,Alta
domingo,BR-316,57.3,Pleno dia,Crescente,Céu Claro,Dupla,Reta,-1.299773,-47.97223,DEL01-PA,Risco Baixo,Baixa
segunda-feira,BR-210,158.3,Plena Noite,Crescente,Nublado,Simples,Ponte,0.644895,-51.82124,DEL01-AP,Risco Alto,Baixa
terça-feira,BR-343,341.6,Pleno dia,Crescente,Céu Claro,Simples,Rotatória,-5.06262,-42.71862,DEL01-PI,Risco Médio,Baixa
quinta-feira,BR-116,18.6,Pleno dia,Decrescente,Chuva,Dupla,Curva,-25.10536,-48.71646,DEL01-PR,Risco Baixo,Alta
domingo,BR-232,8.0,Plena Noite,Decrescente,Céu Claro,Dupla,Não Informado,-8.075837,-34.97016,DEL01-PE,Risco Baixo,Baixa
segunda-feira,BR-381,891.0,Pleno dia,Decrescente,Sol,Dupla,Reta,-22.59362,-46.05564,DEL16-MG,Risco Médio,Alta
domingo,BR-104,129.6,Pleno dia,Decrescente,Nublado,Dupla,Não Informado,-7.278152,-35.88857,DEL02-PB,Risco Baixo,Baixa
segunda-feira,BR-429,100.8,Plena Noite,Crescente,Ignorado,Simples,Reta,-11.39921,-62.33717,DEL02-RO,Risco Alto,Baixa
segunda-feira,BR-135,1.8,Pleno dia,Decrescente,Céu Claro,Dupla,Reta,-2.589179,-44.24424,DEL01-MA,Risco Médio,Baixa
terça-feira,BR-324,556.0,Pleno dia,Decrescente,Céu Claro,Dupla,Reta,-12.47106,-38.68242,DEL01-BA,Risco Médio,Baixa
quarta-feira,BR-381,844.2,Pleno dia,Decrescente,Sol,Dupla,Reta,-22.22984,-45.87614,DEL16-MG,Risco Médio,Alta
sexta-feira,BR-116,534.0,Plena Noite,Decrescente,Nublado,Dupla,Reta,-24.96241,-48.33997,DEL05-SP,Risco Baixo,Alta
sexta-feira,BR-101,217.0,Pleno dia,Crescente,Céu Claro,Simples,Reta,-27.66779,-48.67394,DEL01-SC,Risco Médio,Alta
quinta-feira,BR-10,192.6,Amanhecer,Decrescente,Ignorado,Simples,Reta,-6.03626,-47.38257,DEL04-MA,Risco Alto,Baixa
sexta-feira,BR-110,395.0,Pleno dia,Crescente,Céu Claro,Simples,Curva,-12.49491,-38.48768,DEL01-BA,Risco Médio,Baixa
sábado,BR-101,154.6,Pleno dia,Decrescente,Nublado,Múltipla,Reta,-27.15382,-48.61086,DEL04-SC,Risco Médio,Alta
segunda-feira,BR-285,664.8,Pleno dia,Crescente,Nublado,Simples,Reta,-28.65757,-55.90802,DEL12-RS,Risco Baixo,Baixa
segunda-feira,BR-104,51.9,Pleno dia,Decrescente,Céu Claro,Simples,Reta,-9.257721,-35.98062,DEL01-AL,Risco Médio,Baixa
sábado,BR-101,151.7,Anoitecer,Crescente,Céu Claro,Simples,Curva,-19.41157,-40.06592,DEL04-ES,Risco Baixo,Alta
quarta-feira,BR-343,338.4,Pleno dia,Crescente,Sol,Simples,Reta,-5.063362,-42.72291,DEL01-PI,Risco Médio,Baixa
quarta-feira,BR-316,232.0,Pleno dia,Crescente,Céu Claro,Simples,Reta,-9.494543,-36.10062,DEL01-AL,Risco Médio,Baixa
terça-feira,BR-376,623.0,Plena Noite,Crescente,Nublado,Dupla,Reta,-25.64392,-49.15931,DEL01-PR,Risco Médio,Baixa
segunda-feira,BR-116,311.6,Plena Noite,Crescente,Nublado,Simples,Reta,-11.25857,-38.91402,DEL02-BA,Risco Médio,Alta
sábado,BR-101,211.6,Plena Noite,Decrescente,Chuva,Múltipla,Desvio Temporário,-27.62734,-48.65628,DEL01-SC,Risco Alto,Alta
domingo,BR-101,157.0,Pleno dia,Crescente,Chuva,Simples,Curva,-11.2972,-37.4818,DEL02-SE,Risco Baixo,Alta
domingo,BR-381,358.3,Pleno dia,Decrescente,Céu Claro,Simples,Curva,-19.85593,-43.21689,DEL03-MG,Risco Médio,Alta
sexta-feira,BR-364,339.0,Plena Noite,Decrescente,Ignorado,Dupla,Não Informado,-15.83711,-55.48561,DEL05-MT,Risco Médio,Alta
sábado,BR-101,210.9,Pleno dia,Crescente,Céu Claro,Múltipla,Reta,-19.8226,-40.37,DEL02-ES,Risco Médio,Alta
terça-feira,BR-356,22.0,Plena Noite,Crescente,Nublado,Simples,Curva,-21.17735,-41.9918,DEL08-RJ,Risco Médio,Baixa
sábado,BR-10,257.9,Amanhecer,Decrescente,Céu Claro,Simples,Reta,-5.488784,-47.472,DEL04-MA,Risco Médio,Baixa
domingo,BR-317,120.0,Plena Noite,Crescente,Céu Claro,Simples,Reta,-10.47836,-67.67956,DEL01-AC,Risco Médio,Baixa
segunda-feira,BR-470,201.6,Amanhecer,Crescente,Nevoeiro/Neblina,Simples,Curva,-29.07605,-51.58841,DEL06-RS,Risco Médio,Baixa
quinta-feira,BR-381,76.0,Pleno dia,Crescente,Chuva,Dupla,Curva,-23.38717,-46.56947,DEL03-SP,Risco Baixo,Alta
segunda-feira,BR-116,278.8,Plena Noite,Crescente,Céu Claro,Múltipla,Reta,-23.65508,-46.84919,DEL04-SP,Risco Baixo,Alta
sábado,BR-116,66.0,Pleno dia,Decrescente,Céu Claro,Simples,Curva,-22.28531,-42.9306,DEL04-RJ,Risco Médio,Alta
sexta-feira,BR-101,95.0,Pleno dia,Crescente,Céu Claro,Dupla,Reta,-21.8693,-41.5467,DEL08-RJ,Risco Baixo,Alta
domingo,BR-470,182.2,Plena Noite,Crescente,Nublado,Simples,Reta,-28.97204,-51.56316,DEL06-RS,Risco Médio,Baixa
domingo,BR-230,305.9,Pleno dia,Crescente,Garoa/Chuvisco,Simples,Reta,-6.916939,-37.03379,DEL03-PB,Risco Médio,Baixa
terça-feira,BR-116,408.0,Plena Noite,Decrescente,Céu Claro,Simples,Reta,-12.11989,-38.96851,DEL02-BA,Risco Médio,Alta
segunda-feira,BR-70,277.0,Plena Noite,Decrescente,Nublado,Simples,Reta,-15.55907,-54.28878,DEL05-MT,Risco Médio,Baixa
sexta-feira,BR-381,909.1,Pleno dia,Decrescente,Chuva,Dupla,Reta,-22.687,-46.10476,DEL16-MG,Risco Baixo,Alta
terça-feira,BR-262,37.9,Pleno dia,Crescente,Céu Claro,Simples,Reta,-20.25749,-42.03049,DEL06-MG,Risco Médio,Média
terça-feira,BR-40,49.5,Plena Noite,Decrescente,Chuva,Simples,Reta,-17.23875,-46.8052,DEL14-MG,Risco Médio,Alta
terça-feira,BR-116,127.5,Pleno dia,Decrescente,Garoa/Chuvisco,Dupla,Curva,-29.0262,-51.10923,DEL05-RS,Risco Baixo,Alta
sexta-feira,BR-70,674.4,Pleno dia,Crescente,Chuva,Simples,Curva,-16.14139,-57.33366,DEL03-MT,Risco Baixo,Baixa
quinta-feira,BR-262,568.4,Pleno dia,Decrescente,Céu Claro,Simples,Curva,-19.72688,-46.02033,DEL08-MG,Risco Alto,Média
segunda-feira,BR-101,297.0,Pleno dia,Decrescente,Céu Claro,Dupla,Reta,-20.3453,-40.41027,DEL01-ES,Risco Médio,Alta
segunda-feira,BR-116,226.0,Plena Noite,Crescente,Nublado,Múltipla,Não Informado,-23.49103,-46.54878,DEL01-SP,Risco Médio,Alta
sexta-feira,BR-101,294.9,Pleno dia,Crescente,Céu Claro,Múltipla,Reta,-20.32416,-40.39529,DEL01-ES,Risco Médio,Alta
segunda-feira,BR-376,601.8,Pleno dia,Crescente,Sol,Dupla,Não Informado,-25.53705,-49.31404,DEL01-PR,Risco Médio,Baixa
segunda-feira,BR-282,653.7,Pleno dia,Decrescente,Sol,Simples,Curva,-26.7082,-53.51431,DEL07-SC,Risco Baixo,Baixa
domingo,BR-101,17.0,Pleno dia,Decrescente,Sol,Dupla,Reta,-7.6477,-34.9504,DEL01-PE,Risco Baixo,Alta
segunda-feira,BR-116,347.0,Pleno dia,Decrescente,Garoa/Chuvisco,Dupla,Curva,-24.05148,-47.20761,DEL04-SP,Risco Baixo,Alta
quarta-feira,BR-424,95.2,Pleno dia,Crescente,Céu Claro,Simples,Reta,-8.924879,-36.48949,DEL03-PE,Risco Médio,Baixa
sexta-feira,BR-406,99.9,Pleno dia,Decrescente,Céu Claro,Simples,Reta,-5.51696,-35.84011,DEL02-RN,Risco Médio,Baixa
domingo,BR-290,183.0,Pleno dia,Crescente,Céu Claro,Simples,Não Informado,-30.14377,-52.0433,DEL02-RS,Risco Médio,Baixa
quarta-feira,BR-101,306.0,Plena Noite,Crescente,Ignorado,Simples,Reta,-13.30331,-39.33461,DEL05-BA,Risco Alto,Alta
domingo,BR-116,243.0,Plena Noite,Crescente,Céu Claro,Dupla,Reta,-29.73196,-51.14952,DEL01-RS,Risco Médio,Alta
terça-feira,BR-40,552.0,Pleno dia,Decrescente,Céu Claro,Simples,Reta,-20.06084,-43.97716,DEL01-MG,Risco Médio,Alta
domingo,BR-101,233.9,Plena Noite,Decrescente,Céu Claro,Dupla,Curva,-27.8102,-48.6355,DEL01-SC,Risco Médio,Alta
sexta-feira,BR-282,110.0,Plena Noite,Crescente,Céu Claro,Simples,Curva,-27.7271,-49.3603,DEL01-SC,Risco Baixo,Baixa
quinta-feira,BR-50,71.0,Plena Noite,Crescente,Céu Claro,Dupla,Não Informado,-18.89142,-48.25507,DEL15-MG,Risco Médio,Média
terça-feira,BR-101,411.0,Pleno dia,Crescente,Nublado,Simples,Reta,-28.93112,-49.49404,DEL02-SC,Risco Médio,Alta
domingo,BR-282,632.2,Pleno dia,Crescente,Céu Claro,Simples,Reta,-26.8253,-53.40422,DEL07-SC,Risco Médio,Baixa
sábado,BR-110,48.5,Pleno dia,Decrescente,Céu Claro,Dupla,Rotatória,-5.212284,-37.33181,DEL04-RN,Risco Baixo,Baixa
sábado,BR-101,160.2,Plena Noite,Crescente,Garoa/Chuvisco,Múltipla,Reta,-6.3603,-35.15894,DEL01-RN,Risco Baixo,Alta
quarta-feira,BR-116,611.8,Plena Noite,Crescente,Céu Claro,Simples,Interseção de vias,-32.2438,-53.06893,DEL07-RS,Risco Médio,Alta
terça-feira,BR-101,127.0,Pleno dia,Crescente,Nublado,Dupla,Reta,-26.96393,-48.68328,DEL04-SC,Risco Médio,Alta
sexta-feira,BR-232,126.8,Pleno dia,Crescente,Céu Claro,Dupla,Reta,-8.306103,-35.96342,DEL02-PE,Risco Médio,Baixa
domingo,BR-293,303.6,Pleno dia,Crescente,Nublado,Simples,Reta,-30.79718,-55.16897,DEL11-RS,Risco Médio,Baixa
terça-feira,BR-116,83.0,Pleno dia,Crescente,Chuva,Dupla,Reta,-25.42087,-49.07236,DEL01-PR,Risco Baixo,Alta
quinta-feira,BR-101,293.2,Pleno dia,Crescente,Céu Claro,Simples,Reta,-20.30651,-40.39489,DEL01-ES,Risco Médio,Alta
segunda-feira,BR-222,342.0,Pleno dia,Decrescente,Céu Claro,Simples,Reta,-3.661508,-45.22464,DEL02-MA,Risco Médio,Baixa
segunda-feira,BR-364,45.0,Anoitecer,Crescente,Nublado,Simples,Desvio Temporário,-12.58429,-60.34425,DEL04-RO,Risco Médio,Alta
quarta-feira,BR-116,555.8,Pleno dia,Decrescente,Chuva,Simples,Desvio Temporário,-24.75687,-48.50514,DEL05-SP,Risco Baixo,Alta
segunda-feira,BR-381,164.1,Pleno dia,Decrescente,Céu Claro,Simples,Não Informado,-18.92426,-42.02136,DEL06-MG,Risco Médio,Alta
quinta-feira,BR-290,14.2,Pleno dia,Crescente,Sol,Múltipla,Reta,-29.86739,-50.4012,DEL03-RS,Risco Médio,Baixa
sexta-feira,BR-70,10.5,Pleno dia,Decrescente,Céu Claro,Dupla,Reta,-15.7383,-48.29656,DEL01-DF,Risco Médio,Baixa
terça-feira,BR-116,270.0,Amanhecer,Decrescente,Céu Claro,Dupla,Reta,-23.618,-46.79678,DEL04-SP,Risco Médio,Alta
segunda-feira,BR-70,0.0,Pleno dia,Crescente,Céu Claro,Simples,Ponte,-15.89554,-52.25599,DEL07-MT,Risco Médio,Baixa
sábado,BR-153,58.4,Plena Noite,Decrescente,Chuva,Simples,Reta,-20.77838,-49.35301,DEL09-SP,Risco Médio,Alta
quarta-feira,BR-116,220.0,Plena Noite,Decrescente,Nublado,Múltipla,Reta,-23.4662,-46.5021,DEL01-SP,Risco Baixo,Alta
sábado,BR-482,18.0,Amanhecer,Crescente,Chuva,Simples,Curva,-20.83233,-41.08892,DEL03-ES,Risco Médio,Baixa
domingo,BR-116,135.8,Plena Noite,Decrescente,Garoa/Chuvisco,Simples,Reta,-4.724788,-38.08605,DEL03-CE,Risco Médio,Alta
domingo,BR-493,120.0,Pleno dia,Crescente,Céu Claro,Dupla,Reta,-22.87431,-43.81952,DEL01-RJ,Risco Médio,Baixa
sábado,BR-116,515.0,Plena Noite,Decrescente,Garoa/Chuvisco,Dupla,Não Informado,-24.86704,-48.21738,DEL05-SP,Risco Médio,Alta
terça-feira,BR-290,144.0,Pleno dia,Decrescente,Céu Claro,Simples,Reta,-30.09694,-51.64728,DEL02-RS,Risco Médio,Baixa
domingo,BR-319,62.5,Anoitecer,Crescente,Céu Claro,Dupla,Reta,-8.766685,-63.88405,DEL01-RO,Risco Médio,Baixa
domingo,BR-40,554.0,Plena Noite,Decrescente,Céu Claro,Dupla,Reta,-20.07716,-43.98214,DEL01-MG,Risco Médio,Alta
segunda-feira,BR-381,33.8,Pleno dia,Crescente,Céu Claro,Dupla,Não Informado,-23.0728,-46.56674,DEL03-SP,Risco Médio,Alta
domingo,BR-116,183.0,Pleno dia,Decrescente,Céu Claro,Dupla,Reta,-22.7516,-43.4385,DEL01-RJ,Risco Médio,Alta
terça-feira,BR-174,13.5,Pleno dia,Crescente,Céu Claro,Dupla,Interseção de vias,-12.73638,-60.13062,DEL04-RO,Risco Médio,Baixa
domingo,BR-158,108.7,Pleno dia,Crescente,Nublado,Simples,Curva,-27.96563,-53.32476,DEL08-RS,Risco Médio,Baixa
domingo,BR-222,3.0,Pleno dia,Crescente,Céu Claro,Múltipla,Reta,-3.740385,-38.59575,DEL01-CE,Risco Médio,Baixa
terça-feira,BR-470,71.0,Plena Noite,Crescente,Nublado,Simples,Não Informado,-26.8986,-49.26579,DEL04-SC,Risco Médio,Baixa
sábado,BR-174,285.0,Pleno dia,Decrescente,Céu Claro,Simples,Reta,-15.26012,-59.30416,DEL04-MT,Risco Baixo,Baixa
sexta-feira,BR-280,122.9,Plena Noite,Decrescente,Chuva,Simples,Reta,-26.2455,-49.4613,DEL06-SC,Risco Baixo,Baixa
domingo,BR-116,453.4,Plena Noite,Decrescente,Céu Claro,Dupla,Reta,-12.411,-39.18352,DEL02-BA,Risco Médio,Alta
terça-feira,BR-60,0.6,Pleno dia,Decrescente,Nublado,Dupla,Reta,-15.88407,-48.06545,DEL01-DF,Risco Médio,Média
terça-feira,BR-116,104.0,Pleno dia,Crescente,Céu Claro,Simples,Curva,-22.50842,-42.99824,DEL04-RJ,Risco Médio,Alta
sexta-feira,BR-470,41.6,Plena Noite,Decrescente,Garoa/Chuvisco,Simples,Interseção de vias,-26.88979,-48.99096,DEL04-SC,Risco Médio,Baixa
quarta-feira,BR-364,202.0,Pleno dia,Crescente,Céu Claro,Dupla,Reta,-16.48347,-54.6497,DEL02-MT,Risco Baixo,Alta
sábado,BR-40,558.0,Plena Noite,Crescente,Ignorado,Dupla,Curva,-20.07959,-43.97804,DEL01-MG,Risco Médio,Alta
segunda-feira,BR-40,623.0,Pleno dia,Decrescente,Céu Claro,Simples,Reta,-20.60237,-43.807,DEL05-MG,Risco Médio,Alta
quarta-feira,BR-50,103.0,Pleno dia,Crescente,Céu Claro,Dupla,Reta,-16.9309,-47.7117,DEL01-DF,Risco Médio,Média
quarta-feira,BR-116,443.7,Pleno dia,Crescente,Céu Claro,Dupla,Reta,-24.48814,-47.83488,DEL05-SP,Risco Médio,Alta
sexta-feira,BR-101,567.0,Anoitecer,Crescente,Céu Claro,Simples,Reta,-23.16136,-44.70942,DEL03-RJ,Risco Alto,Alta
quarta-feira,BR-463,33.8,Pleno dia,Decrescente,Céu Claro,Simples,Rotatória,-22.3023,-55.1045,DEL04-MS,Risco Médio,Baixa
domingo,BR-101,33.6,Pleno dia,Decrescente,Céu Claro,Dupla,Reta,-26.23467,-48.91585,DEL03-SC,Risco Baixo,Alta