dia_semana,br,km,fase_dia,sentido_via,condicao_metereologica,tipo_pista,tracado_via,latitude,longitude,delegacia,classificacao_acidente,postos_policiais_PRF
terça-feira,BR-262,445.3,Plena Noite,Crescente,Vento,Simples,Não Informado,-19.878,-44.94086,DEL08-MG,Risco Médio,Média
domingo,BR-230,121.0,Plena Noite,Decrescente,Céu Claro,Dupla,Interseção de vias,-5.363872,-49.12457,DEL03-PA,Risco Médio,Baixa
domingo,BR-376,524.1,Plena Noite,Decrescente,Céu Claro,Dupla,Não Informado,-25.26943,-49.94557,DEL03-PR,Risco Médio,Baixa
sexta-feira,BR-406,168.0,Plena Noite,Crescente,Céu Claro,Dupla,Rotatória,-5.752695,-35.31535,DEL02-RN,Risco Médio,Baixa
segunda-feira,BR-101,135.0,Plena Noite,Decrescente,Céu Claro,Dupla,Não Informado,-27.00501,-48.62677,DEL04-SC,Risco Médio,Alta
domingo,BR-101,203.0,Plena Noite,Decrescente,Céu Claro,Simples,Reta,-27.565,-48.6146,DEL01-SC,Risco Médio,Alta
domingo,BR-70,3.0,Anoitecer,Decrescente,Nublado,Dupla,Retorno Regulamentado,-15.80245,-48.08039,DEL01-DF,Risco Médio,Baixa
sexta-feira,BR-277,646.3,Plena Noite,Decrescente,Céu Claro,Simples,Curva,-25.17178,-53.90896,DEL05-PR,Risco Médio,Média
quinta-feira,BR-116,92.5,Plena Noite,Decrescente,Céu Claro,Dupla,Reta,-22.95223,-45.40444,DEL06-SP,Risco Médio,Alta
quinta-feira,BR-101,528.0,Pleno dia,Decrescente,Sol,Simples,Curva,-23.02314,-44.50045,DEL03-RJ,Risco Médio,Alta
sexta-feira,BR-290,156.4,Pleno dia,Decrescente,Chuva,Simples,Desvio Temporário,-30.10726,-51.77182,DEL02-RS,Risco Alto,Baixa
segunda-feira,BR-242,615.0,Pleno dia,Crescente,Céu Claro,Simples,Reta,-12.22094,-43.44154,DEL10-BA,Risco Médio,Baixa
terça-feira,BR-116,270.3,Pleno dia,Decrescente,Nublado,Dupla,Reta,-23.6078,-46.7529,DEL04-SP,Risco Médio,Alta
quarta-feira,BR-101,367.0,Amanhecer,Crescente,Céu Claro,Dupla,Desvio Temporário,-28.69573,-49.17347,DEL02-SC,Risco Médio,Alta
terça-feira,BR-282,500.1,Pleno dia,Crescente,Céu Claro,Dupla,Reta,-26.88137,-52.37252,DEL07-SC,Risco Médio,Baixa
segunda-feira,BR-116,242.9,Plena Noite,Crescente,Nublado,Dupla,Reta,-22.59962,-43.94892,DEL07-RJ,Risco Baixo,Alta
quinta-feira,BR-262,537.8,Pleno dia,Crescente,Nublado,Simples,Não Informado,-19.77287,-45.77985,DEL08-MG,Risco Baixo,Média
terça-feira,BR-230,21.2,Pleno dia,Decrescente,Céu Claro,Dupla,Reta,-7.1415,-34.8519,DEL01-PB,Risco Médio,Baixa
sábado,BR-101,97.8,Plena Noite,Decrescente,Nublado,Dupla,Não Informado,-26.73842,-48.69876,DEL03-SC,Risco Médio,Alta
segunda-feira,BR-277,83.0,Pleno dia,Decrescente,Nublado,Dupla,Reta,-25.44763,-49.23042,DEL01-PR,Risco Médio,Média
sexta-feira,BR-174,85.0,Pleno dia,Crescente,Céu Claro,Simples,Reta,-15.94471,-57.78366,DEL03-MT,Risco Médio,Baixa
segunda-feira,BR-470,167.9,Anoitecer,Crescente,Nublado,Simples,Reta,-27.26984,-49.86309,DEL04-SC,Risco Alto,Baixa
sábado,BR-364,204.5,Pleno dia,Decrescente,Nublado,Simples,Não Informado,-17.90916,-51.78504,DEL05-GO,Risco Médio,Alta
quarta-feira,BR-163,218.0,Plena Noite,Crescente,Céu Claro,Simples,Curva,-24.89671,-53.53294,DEL04-PR,Risco Baixo,Alta
terça-feira,BR-116,1.9,Pleno dia,Decrescente,Céu Claro,Múltipla,Reta,-3.769024,-38.51718,DEL01-CE,Risco Médio,Alta
sábado,BR-324,623.0,Pleno dia,Crescente,Céu Claro,Múltipla,Reta,-12.97156,-38.51115,DEL01-BA,Risco Médio,Baixa
sexta-feira,BR-324,625.0,Plena Noite,Decrescente,Céu Claro,Múltipla,Reta,-12.94195,-38.47081,DEL01-BA,Risco Baixo,Baixa
terça-feira,BR-101,127.0,Pleno dia,Decrescente,Céu Claro,Dupla,Reta,-22.08445,-41.68864,DEL02-RJ,Risco Médio,Alta
sexta-feira,BR-386,341.3,Pleno dia,Decrescente,Nublado,Simples,Não Informado,-29.42588,-52.01968,DEL04-RS,Risco Médio,Média
quinta-feira,BR-116,425.0,Pleno dia,Crescente,Céu Claro,Simples,Reta,-30.98193,-52.02109,DEL02-RS,Risco Médio,Alta
quinta-feira,BR-101,202.3,Plena Noite,Crescente,Céu Claro,Simples,Reta,-27.55712,-48.61898,DEL01-SC,Risco Baixo,Alta
sábado,BR-163,926.0,Pleno dia,Crescente,Nublado,Simples,Não Informado,-11.0824,-55.28655,DEL06-MT,Risco Médio,Alta
sexta-feira,BR-60,117.0,Pleno dia,Decrescente,Nublado,Dupla,Reta,-16.4789,-49.0864,DEL01-GO,Risco Baixo,Média
sexta-feira,BR-232,213.2,Plena Noite,Crescente,Céu Claro,Simples,Reta,-8.373918,-36.71533,DEL03-PE,Risco Baixo,Baixa
sexta-feira,BR-116,64.0,Plena Noite,Crescente,Céu Claro,Dupla,Reta,-22.81942,-45.18421,DEL08-SP,Risco Médio,Alta
segunda-feira,BR-135,545.0,Amanhecer,Crescente,Céu Claro,Simples,Reta,-10.0719,-45.27162,DEL03-PI,Risco Alto,Baixa
sábado,BR-101,330.7,Plena Noite,Crescente,Nublado,Dupla,Curva,-28.45116,-48.97287,DEL02-SC,Risco Médio,Alta
domingo,BR-101,312.0,Anoitecer,Crescente,Chuva,Simples,Reta,-20.4681,-40.467,DEL03-ES,Risco Médio,Alta
domingo,BR-381,908.1,Plena Noite,Decrescente,Céu Claro,Dupla,Curva,-22.67984,-46.09998,DEL16-MG,Risco Médio,Alta
terça-feira,BR-472,401.7,Pleno dia,Crescente,Céu Claro,Simples,Curva,-28.68466,-55.99461,DEL12-RS,Risco Baixo,Baixa
quinta-feira,BR-116,704.7,Plena Noite,Decrescente,Nublado,Múltipla,Reta,-21.12718,-42.38328,DEL07-MG,Risco Médio,Alta
sexta-feira,BR-101,895.8,Plena Noite,Crescente,Chuva,Simples,Curva,-17.69238,-39.77472,DEL09-BA,Risco Médio,Alta
quinta-feira,BR-470,61.8,Plena Noite,Decrescente,Garoa/Chuvisco,Simples,Reta,-26.87933,-49.17333,DEL04-SC,Risco Médio,Baixa
sexta-feira,BR-101,209.8,Plena Noite,Decrescente,Nublado,Dupla,Reta,-27.61431,-48.64319,DEL01-SC,Risco Médio,Alta
sábado,BR-163,552.1,Pleno dia,Crescente,Chuva,Simples,Curva,-14.29259,-56.14771,DEL01-MT,Risco Médio,Alta
segunda-feira,BR-319,59.0,Pleno dia,Crescente,Céu Claro,Simples,Reta,-8.741687,-63.89877,DEL01-RO,Risco Baixo,Baixa
sábado,BR-40,281.0,Pleno dia,Decrescente,Nublado,Simples,Reta,-18.24223,-45.20798,DEL14-MG,Risco Médio,Alta
terça-feira,BR-116,480.0,Pleno dia,Decrescente,Céu Claro,Dupla,Reta,-12.50882,-39.36815,DEL02-BA,Risco Médio,Alta
quarta-feira,BR-40,632.2,Plena Noite,Crescente,Céu Claro,Dupla,Curva,-20.67883,-43.794,DEL05-MG,Risco Médio,Alta
segunda-feira,BR-40,462.5,Pleno dia,Crescente,Chuva,Dupla,Não Informado,-19.41566,-44.34018,DEL02-MG,Risco Baixo,Alta
domingo,BR-222,310.0,Plena Noite,Crescente,Nublado,Simples,Reta,-3.706706,-40.97707,DEL04-CE,Risco Baixo,Baixa
terça-feira,BR-40,7.5,Pleno dia,Decrescente,Céu Claro,Dupla,Reta,-16.11285,-47.96939,DEL01-DF,Risco Médio,Alta
quarta-feira,BR-393,279.0,Pleno dia,Decrescente,Sol,Simples,Reta,-22.47848,-43.95125,DEL05-RJ,Risco Médio,Média
quarta-feira,BR-222,209.0,Pleno dia,Decrescente,Céu Claro,Simples,Reta,-3.385082,-44.36904,DEL01-MA,Risco Médio,Baixa
sábado,BR-101,714.7,Plena Noite,Crescente,Céu Claro,Simples,Não Informado,-16.33595,-39.58168,DEL09-BA,Risco Médio,Alta
quinta-feira,BR-392,18.0,Plena Noite,Decrescente,Céu Claro,Simples,Reta,-32.09018,-52.17651,DEL07-RS,Risco Médio,Média
sábado,BR-163,476.0,Pleno dia,Crescente,Céu Claro,Simples,Reta,-20.50986,-54.5587,DEL01-MS,Risco Médio,Alta
terça-feira,BR-232,424.7,Pleno dia,Crescente,Céu Claro,Simples,Reta,-8.001183,-38.42959,DEL04-PE,Risco Médio,Baixa
sexta-feira,BR-163,743.0,Anoitecer,Decrescente,Chuva,Simples,Reta,-12.72348,-55.82832,DEL06-MT,Risco Baixo,Alta
sábado,BR-101,336.4,Pleno dia,Crescente,Céu Claro,Múltipla,Curva,-28.47311,-49.02437,DEL02-SC,Risco Médio,Alta
domingo,BR-316,7.0,Plena Noite,Crescente,Nublado,Múltipla,Reta,-5.155846,-42.77173,DEL01-PI,Risco Médio,Baixa
quarta-feira,BR-40,111.0,Pleno dia,Decrescente,Céu Claro,Múltipla,Reta,-22.69187,-43.28745,DEL01-RJ,Risco Médio,Alta
quarta-feira,BR-324,612.0,Pleno dia,Crescente,Céu Claro,Dupla,Reta,-12.84665,-38.41742,DEL01-BA,Risco Médio,Baixa
sábado,BR-324,526.0,Plena Noite,Crescente,Céu Claro,Dupla,Reta,-12.3157,-38.8783,DEL01-BA,Risco Médio,Baixa
segunda-feira,BR-116,181.0,Plena Noite,Decrescente,Nublado,Múltipla,Reta,-22.73943,-43.46865,DEL01-RJ,Risco Médio,Alta
sábado,BR-262,385.2,Pleno dia,Decrescente,Nublado,Simples,Reta,-20.43314,-54.88176,DEL01-MS,Risco Médio,Média
domingo,BR-376,141.8,Pleno dia,Decrescente,Céu Claro,Dupla,Reta,-23.24847,-52.16865,DEL07-PR,Risco Médio,Baixa
quinta-feira,BR-393,202.5,Pleno dia,Decrescente,Nublado,Simples,Reta,-22.24307,-43.42239,DEL05-RJ,Risco Médio,Média
sábado,BR-153,536.9,Pleno dia,Crescente,Céu Claro,Dupla,Reta,-17.0193,-49.2217,DEL01-GO,Risco Médio,Alta
segunda-feira,BR-174,684.0,Pleno dia,Crescente,Chuva,Simples,Curva,4.290436,-61.07511,DEL01-RR,Risco Médio,Baixa
sexta-feira,BR-290,151.0,Pleno dia,Decrescente,Sol,Simples,Reta,-30.10539,-51.7172,DEL02-RS,Risco Baixo,Baixa
sexta-feira,BR-376,593.0,Pleno dia,Decrescente,Nublado,Dupla,Reta,-25.47643,-49.35092,DEL01-PR,Risco Baixo,Baixa
sábado,BR-116,420.3,Pleno dia,Decrescente,Céu Claro,Simples,Curva,-18.93008,-41.93806,DEL06-MG,Risco Médio,Alta
quinta-feira,BR-116,95.5,Plena Noite,Decrescente,Nublado,Simples,Não Informado,-16.39353,-41.47323,DEL11-MG,Risco Baixo,Alta
segunda-feira,BR-153,186.0,Pleno dia,Crescente,Céu Claro,Simples,Reta,-14.39496,-49.15768,DEL07-GO,Risco Baixo,Alta
sábado,BR-116,324.0,Pleno dia,Crescente,Céu Claro,Simples,Reta,-30.32703,-51.42171,DEL02-RS,Risco Médio,Alta
domingo,BR-101,53.4,Plena Noite,Crescente,Céu Claro,Dupla,Reta,-6.949542,-35.09322,DEL01-PB,Risco Médio,Alta
quarta-feira,BR-277,370.0,Amanhecer,Crescente,Céu Claro,Simples,Reta,-25.40708,-51.69281,DEL08-PR,Risco Alto,Média
quarta-feira,BR-153,240.1,Pleno dia,Decrescente,Céu Claro,Simples,Curva,-24.63391,-50.46055,DEL03-PR,Risco Médio,Alta
sábado,BR-116,516.0,Plena Noite,Crescente,Céu Claro,Simples,Curva,-19.69403,-42.11815,DEL06-MG,Risco Médio,Alta
terça-feira,BR-70,279.0,Pleno dia,Decrescente,Céu Claro,Simples,Reta,-15.55907,-54.28878,DEL05-MT,Risco Médio,Baixa
domingo,BR-373,420.3,Plena Noite,Crescente,Céu Claro,Simples,Curva,-25.69482,-52.16079,DEL08-PR,Risco Médio,Baixa
sábado,BR-101,391.0,Plena Noite,Decrescente,Nublado,Dupla,Reta,-22.89195,-43.70033,DEL03-RJ,Risco Baixo,Alta
sábado,BR-101,19.3,Pleno dia,Crescente,Chuva,Dupla,Curva,-26.1409,-48.903,DEL03-SC,Risco Médio,Alta
quinta-feira,BR-290,128.9,Plena Noite,Decrescente,Céu Claro,Simples,Reta,-30.05794,-51.50385,DEL02-RS,Risco Baixo,Baixa
segunda-feira,BR-230,48.3,Pleno dia,Crescente,Céu Claro,Dupla,Reta,-7.1769,-35.0437,DEL01-PB,Risco Médio,Baixa
quinta-feira,BR-40,658.5,Plena Noite,Crescente,Céu Claro,Simples,Reta,-20.89205,-43.81785,DEL05-MG,Risco Médio,Alta
terça-feira,BR-116,207.0,Pleno dia,Crescente,Nublado,Dupla,Reta,-23.41972,-46.38419,DEL01-SP,Risco Médio,Alta
sábado,BR-116,112.9,Pleno dia,Crescente,Céu Claro,Múltipla,Curva,-25.56731,-49.23707,DEL01-PR,Risco Médio,Alta
domingo,BR-471,195.0,Pleno dia,Decrescente,Sol,Simples,Curva,-30.2297,-52.36187,DEL02-RS,Risco Médio,Baixa
terça-feira,BR-282,46.2,Plena Noite,Decrescente,Chuva,Simples,Não Informado,-27.72104,-48.92515,DEL01-SC,Risco Médio,Baixa
sexta-feira,BR-80,5.4,Pleno dia,Crescente,Céu Claro,Simples,Não Informado,-15.72933,-48.12399,DEL01-DF,Risco Médio,Baixa
terça-feira,BR-116,513.0,Pleno dia,Decrescente,Chuva,Dupla,Curva,-24.8511,-48.21802,DEL05-SP,Risco Médio,Alta
quarta-feira,BR-116,613.0,Plena Noite,Crescente,Nublado,Simples,Reta,-13.34741,-40.01656,DEL03-BA,Risco Médio,Alta
segunda-feira,BR-116,6.0,Pleno dia,Crescente,Céu Claro,Simples,Curva,-7.905812,-39.11702,DEL05-PE,Risco Médio,Alta
segunda-feira,BR-324,613.0,Pleno dia,Crescente,Chuva,Dupla,Reta,-12.85532,-38.42055,DEL01-BA,Risco Baixo,Baixa
sexta-feira,BR-153,90.0,Plena Noite,Crescente,Céu Claro,Simples,Reta,-6.829992,-47.97547,DEL02-TO,Risco Alto,Alta
domingo,BR-116,323.0,Plena Noite,Crescente,Céu Claro,Simples,Desvio Temporário,-18.18098,-41.70885,DEL11-MG,Risco Médio,Alta
sábado,BR-365,625.0,Plena Noite,Crescente,Chuva,Dupla,Não Informado,-18.903,-48.2786,DEL15-MG,Risco Médio,Média
terça-feira,BR-393,7.8,Pleno dia,Crescente,Céu Claro,Simples,Reta,-20.83131,-41.22312,DEL03-ES,Risco Médio,Média
segunda-feira,BR-60,448.0,Pleno dia,Crescente,Céu Claro,Dupla,Reta,-17.8501,-51.5065,DEL05-GO,Risco Médio,Média
quarta-feira,BR-101,298.0,Pleno dia,Crescente,Sol,Múltipla,Reta,-20.35393,-40.41622,DEL01-ES,Risco Médio,Alta
segunda-feira,BR-116,207.0,Pleno dia,Crescente,Nublado,Múltipla,Reta,-23.46326,-46.53373,DEL01-SP,Risco Médio,Alta
quinta-feira,BR-222,31.0,Pleno dia,Crescente,Céu Claro,Simples,Não Informado,-4.337778,-47.66626,DEL02-PA,Risco Alto,Baixa
segunda-feira,BR-40,81.0,Anoitecer,Decrescente,Nublado,Simples,Não Informado,-22.5056,-43.23186,DEL06-RJ,Risco Médio,Alta
sexta-feira,BR-40,519.0,Pleno dia,Decrescente,Céu Claro,Dupla,Curva,-19.83958,-44.07684,DEL01-MG,Risco Médio,Alta
domingo,BR-285,300.0,Pleno dia,Crescente,Nublado,Simples,Reta,-28.22949,-52.44184,DEL08-RS,Risco Baixo,Baixa
segunda-feira,BR-364,202.0,Plena Noite,Crescente,Céu Claro,Dupla,Reta,-16.48347,-54.6497,DEL02-MT,Risco Baixo,Alta
sábado,BR-369,174.4,Anoitecer,Crescente,Céu Claro,Simples,Reta,-23.31806,-51.37896,DEL07-PR,Risco Alto,Baixa
quinta-feira,BR-470,70.1,Pleno dia,Decrescente,Céu Claro,Simples,Reta,-26.88937,-49.25448,DEL04-SC,Risco Médio,Baixa
sábado,BR-116,274.9,Pleno dia,Crescente,Céu Claro,Dupla,Reta,-23.61307,-46.7815,DEL04-SP,Risco Médio,Alta
quinta-feira,BR-101,211.0,Pleno dia,Decrescente,Céu Claro,Múltipla,Reta,-27.6301,-48.659,DEL01-SC,Risco Médio,Alta
quarta-feira,BR-470,88.0,Pleno dia,Crescente,Céu Claro,Simples,Curva,-26.95536,-49.37317,DEL04-SC,Risco Médio,Baixa
quinta-feira,BR-373,263.0,Anoitecer,Decrescente,Céu Claro,Dupla,Interseção de vias,-23.70391,-51.32947,DEL08-PR,Risco Médio,Baixa
domingo,BR-70,12.7,Plena Noite,Crescente,Céu Claro,Dupla,Reta,-15.79889,-48.18504,DEL01-DF,Risco Médio,Baixa
sábado,BR-153,172.7,Plena Noite,Crescente,Céu Claro,Simples,Reta,-21.61798,-49.78647,DEL07-SP,Risco Médio,Alta
terça-feira,BR-101,96.0,Pleno dia,Decrescente,Céu Claro,Dupla,Reta,-5.849496,-35.20891,DEL01-RN,Risco Médio,Alta
sábado,BR-262,690.4,Pleno dia,Crescente,Céu Claro,Simples,Reta,-19.56805,-57.28598,DEL03-MS,Risco Médio,Média
domingo,BR-282,98.7,Plena Noite,Crescente,Nublado,Simples,Não Informado,-27.70229,-49.27965,DEL01-SC,Risco Médio,Baixa
terça-feira,BR-116,27.0,Plena Noite,Decrescente,Nublado,Dupla,Reta,-25.1084,-48.79506,DEL01-PR,Risco Médio,Alta
quinta-feira,BR-101,271.0,Pleno dia,Decrescente,Chuva,Simples,Reta,-13.04053,-39.28564,DEL01-BA,Risco Médio,Alta
sexta-feira,BR-381,784.2,Plena Noite,Crescente,Chuva,Dupla,Reta,-21.87373,-45.53992,DEL16-MG,Risco Baixo,Alta
quarta-feira,BR-381,508.5,Pleno dia,Crescente,Céu Claro,Dupla,Reta,-20.04529,-44.27377,DEL01-MG,Risco Médio,Alta
sábado,BR-153,507.9,Amanhecer,Crescente,Céu Claro,Dupla,Não Informado,-16.77127,-49.23883,DEL01-GO,Risco Alto,Alta
quarta-feira,BR-282,426.6,Pleno dia,Crescente,Nublado,Simples,Não Informado,-26.97606,-51.76022,DEL07-SC,Risco Baixo,Baixa
quinta-feira,BR-10,252.0,Pleno dia,Decrescente,Céu Claro,Dupla,Retorno Regulamentado,-5.0,-47.0,DEL04-MA,Risco Médio,Baixa
domingo,BR-262,58.7,Pleno dia,Decrescente,Chuva,Simples,Não Informado,-20.42076,-40.76928,DEL01-ES,Risco Médio,Média
quinta-feira,BR-101,65.9,Pleno dia,Crescente,Céu Claro,Simples,Reta,-18.71626,-39.87525,DEL04-ES,Risco Médio,Alta
domingo,BR-369,157.0,Plena Noite,Crescente,Céu Claro,Dupla,Reta,-23.28533,-51.2323,DEL07-PR,Risco Médio,Baixa
sexta-feira,BR-101,210.9,Pleno dia,Decrescente,Céu Claro,Múltipla,Reta,-27.61673,-48.64573,DEL01-SC,Risco Médio,Alta
sábado,BR-116,12.8,Pleno dia,Decrescente,Chuva,Simples,Não Informado,-6.996768,-38.74862,DEL05-CE,Risco Baixo,Alta
sábado,BR-116,564.0,Pleno dia,Crescente,Chuva,Simples,Reta,-25.0397,-48.54851,DEL05-SP,Risco Médio,Alta
sábado,BR-356,146.0,Amanhecer,Crescente,Céu Claro,Múltipla,Reta,-21.7855,-41.3001,DEL08-RJ,Risco Médio,Baixa
quarta-feira,BR-153,224.0,Plena Noite,Crescente,Nublado,Simples,Reta,-24.66722,-50.45278,DEL03-PR,Risco Baixo,Alta
terça-feira,BR-230,122.9,Pleno dia,Crescente,Nublado,Dupla,Reta,-5.361375,-49.12376,DEL03-PA,Risco Baixo,Baixa
sexta-feira,BR-376,189.5,Pleno dia,Decrescente,Céu Claro,Dupla,Reta,-23.46951,-51.82252,DEL09-PR,Risco Médio,Baixa
sábado,BR-381,905.5,Plena Noite,Decrescente,Nevoeiro/Neblina,Dupla,Não Informado,-22.6627,-46.0906,DEL16-MG,Risco Baixo,Alta
domingo,BR-381,907.4,Pleno dia,Crescente,Céu Claro,Dupla,Curva,-22.71022,-46.12178,DEL16-MG,Risco Médio,Alta
segunda-feira,BR-293,49.5,Pleno dia,Decrescente,Céu Claro,Simples,Interseção de vias,-31.73032,-52.82951,DEL07-RS,Risco Baixo,Baixa
sábado,BR-101,332.6,Pleno dia,Crescente,Céu Claro,Simples,Não Informado,-28.4655,-48.99592,DEL02-SC,Risco Médio,Alta
quarta-feira,BR-277,571.0,Plena Noite,Crescente,Ignorado,Simples,Reta,-25.0145,-53.29129,DEL04-PR,Risco Médio,Média
sábado,BR-101,151.0,Plena Noite,Decrescente,Nublado,Múltipla,Reta,-27.12654,-48.60964,DEL04-SC,Risco Médio,Alta
quarta-feira,BR-230,24.0,Plena Noite,Decrescente,Céu Claro,Dupla,Reta,-7.1637,-34.8618,DEL01-PB,Risco Médio,Baixa
segunda-feira,BR-116,392.0,Plena Noite,Decrescente,Chuva,Dupla,Reta,-24.28236,-47.43303,DEL04-SP,Risco Médio,Alta
terça-feira,BR-116,229.0,Pleno dia,Crescente,Sol,Múltipla,Reta,-23.51292,-46.57605,DEL01-SP,Risco Médio,Alta
quarta-feira,BR-104,96.0,Plena Noite,Decrescente,Vento,Simples,Desvio Temporário,-7.01186,-35.85589,DEL02-PB,Risco Médio,Baixa
sexta-feira,BR-381,666.5,Plena Noite,Decrescente,Chuva,Dupla,Reta,-21.05519,-45.04088,DEL04-MG,Risco Baixo,Alta
segunda-feira,BR-60,28.0,Pleno dia,Decrescente,Nublado,Dupla,Não Informado,-16.02494,-48.25291,DEL01-DF,Risco Médio,Média
terça-feira,BR-116,817.9,Plena Noite,Crescente,Nublado,Simples,Não Informado,-14.8235,-40.81855,DEL08-BA,Risco Alto,Alta
terça-feira,BR-316,11.0,Plena Noite,Crescente,Céu Claro,Simples,Rotatória,-5.1952,-42.7598,DEL01-PI,Risco Médio,Baixa
quarta-feira,BR-262,800.8,Plena Noite,Decrescente,Céu Claro,Dupla,Reta,-19.76937,-47.89696,DEL13-MG,Risco Médio,Média
sexta-feira,BR-364,236.7,Pleno dia,Decrescente,Céu Claro,Simples,Reta,-11.44333,-61.44568,DEL02-RO,Risco Médio,Alta
terça-feira,BR-101,85.0,Pleno dia,Decrescente,Sol,Simples,Reta,-18.8582,-39.93425,DEL04-ES,Risco Alto,Alta
sábado,BR-101,76.8,Plena Noite,Crescente,Nublado,Dupla,Reta,-9.422319,-35.83908,DEL01-AL,Risco Alto,Alta
domingo,BR-60,19.0,Pleno dia,Decrescente,Nublado,Dupla,Não Informado,-15.97458,-48.18941,DEL01-DF,Risco Médio,Média
segunda-feira,BR-242,259.0,Anoitecer,Decrescente,Chuva,Simples,Reta,-12.47309,-40.54009,DEL06-BA,Risco Baixo,Baixa
sábado,BR-262,755.0,Plena Noite,Decrescente,Céu Claro,Simples,Reta,-19.6421,-47.5083,DEL13-MG,Risco Baixo,Média
domingo,BR-262,766.0,Anoitecer,Crescente,Céu Claro,Dupla,Não Informado,-19.07314,-57.62128,DEL03-MS,Risco Médio,Média
quarta-feira,BR-153,746.0,Pleno dia,Crescente,Céu Claro,Simples,Reta,-12.35078,-49.15184,DEL02-TO,Risco Médio,Alta
quarta-feira,BR-116,115.0,Pleno dia,Decrescente,Nublado,Dupla,Reta,-25.54805,-49.30411,DEL01-PR,Risco Médio,Alta
quarta-feira,BR-381,734.5,Pleno dia,Crescente,Céu Claro,Dupla,Reta,-21.53758,-45.23526,DEL04-MG,Risco Médio,Alta
sexta-feira,BR-40,49.0,Amanhecer,Crescente,Céu Claro,Dupla,Reta,-22.30911,-43.13078,DEL06-RJ,Risco Baixo,Alta
domingo,BR-316,2.0,Pleno dia,Decrescente,Céu Claro,Dupla,Reta,-1.366467,-48.36775,DEL01-PA,Risco Médio,Baixa
quarta-feira,BR-101,119.0,Plena Noite,Crescente,Nublado,Dupla,Reta,-26.90432,-48.71555,DEL04-SC,Risco Médio,Alta
quinta-feira,BR-277,702.0,Pleno dia,Crescente,Céu Claro,Dupla,Reta,-25.41561,-54.34481,DEL05-PR,Risco Médio,Média
domingo,BR-20,180.0,Amanhecer,Crescente,Céu Claro,Simples,Desvio Temporário,-5.276481,-39.87005,DEL02-CE,Risco Médio,Baixa
segunda-feira,BR-282,115.8,Plena Noite,Decrescente,Nublado,Simples,Curva,-27.76148,-49.39819,DEL01-SC,Risco Médio,Baixa
domingo,BR-135,12.0,Plena Noite,Crescente,Ignorado,Dupla,Desvio Temporário,-2.672236,-44.29174,DEL01-MA,Risco Baixo,Baixa
segunda-feira,BR-101,205.0,Pleno dia,Crescente,Garoa/Chuvisco,Múltipla,Interseção de vias,-27.58313,-48.61533,DEL01-SC,Risco Médio,Alta
terça-feira,BR-324,621.0,Plena Noite,Decrescente,Nublado,Múltipla,Reta,-12.92543,-38.46837,DEL01-BA,Risco Médio,Baixa
quarta-feira,BR-470,124.0,Pleno dia,Crescente,Chuva,Simples,Curva,-27.09372,-49.52426,DEL04-SC,Risco Médio,Baixa
segunda-feira,BR-381,516.8,Plena Noite,Decrescente,Chuva,Dupla,Não Informado,-20.10867,-44.31489,DEL01-MG,Risco Médio,Alta
sábado,BR-60,186.7,Pleno dia,Crescente,Chuva,Dupla,Reta,-16.8011,-49.5177,DEL01-GO,Risco Médio,Média
sábado,BR-230,17.6,Plena Noite,Decrescente,Céu Claro,Dupla,Curva,-7.1121,-34.8426,DEL01-PB,Risco Médio,Baixa
segunda-feira,BR-20,422.0,Pleno dia,Crescente,Céu Claro,Dupla,Reta,-3.856034,-38.5675,DEL01-CE,Risco Baixo,Baixa
quinta-feira,BR-364,515.0,Plena Noite,Decrescente,Céu Claro,Múltipla,Reta,-9.924973,-63.05491,DEL03-RO,Risco Médio,Alta
sábado,BR-277,4.8,Plena Noite,Decrescente,Nublado,Simples,Curva,-25.55583,-48.56365,DEL01-PR,Risco Baixo,Média
domingo,BR-262,409.3,Plena Noite,Crescente,Céu Claro,Dupla,Reta,-19.89014,-44.62313,DEL08-MG,Risco Alto,Média
terça-feira,BR-116,105.0,Plena Noite,Crescente,Nublado,Dupla,Reta,-25.56635,-49.16834,DEL01-PR,Risco Médio,Alta
terça-feira,BR-392,12.4,Pleno dia,Crescente,Nublado,Dupla,Curva,-32.12601,-52.13875,DEL07-RS,Risco Médio,Média
domingo,BR-392,348.5,Plena Noite,Decrescente,Céu Claro,Simples,Reta,-29.75262,-53.78982,DEL09-RS,Risco Médio,Média
sábado,BR-251,356.8,Plena Noite,Decrescente,Céu Claro,Simples,Curva,-16.2696,-42.5622,DEL12-MG,Risco Médio,Baixa
quinta-feira,BR-116,345.6,Pleno dia,Crescente,Céu Claro,Dupla,Curva,-24.03551,-47.18593,DEL04-SP,Risco Médio,Alta
domingo,BR-470,55.5,Pleno dia,Decrescente,Nublado,Simples,Reta,-26.8756,-49.11799,DEL04-SC,Risco Médio,Baixa
domingo,BR-448,22.3,Pleno dia,Decrescente,Garoa/Chuvisco,Dupla,Ponte,-29.97492,-51.19796,DEL01-RS,Risco Médio,Baixa
sábado,BR-101,131.7,Plena Noite,Crescente,Céu Claro,Dupla,Reta,-26.99064,-48.66311,DEL04-SC,Risco Médio,Alta
quarta-feira,BR-343,307.6,Pleno dia,Crescente,Céu Claro,Simples,Reta,-5.039199,-42.46328,DEL01-PI,Risco Médio,Baixa