dia_semana,br,km,fase_dia,sentido_via,condicao_metereologica,tipo_pista,tracado_via,latitude,longitude,delegacia,classificacao_acidente,postos_policiais_PRF
segunda-feira,BR-324,622.0,Pleno dia,Crescente,Céu Claro,Múltipla,Reta,-12.91889,-38.46502,DEL01-BA,Risco Baixo,Baixa
quarta-feira,BR-40,81.0,Pleno dia,Decrescente,Céu Claro,Simples,Não Informado,-22.53032,-43.22129,DEL06-RJ,Risco Médio,Alta
segunda-feira,BR-365,27.0,Pleno dia,Crescente,Chuva,Simples,Curva,-16.84712,-44.0779,DEL12-MG,Risco Médio,Média
quarta-feira,BR-101,146.0,Pleno dia,Decrescente,Nublado,Múltipla,Interseção de vias,-19.36816,-40.06714,DEL04-ES,Risco Médio,Alta
segunda-feira,BR-116,567.0,Plena Noite,Decrescente,Céu Claro,Simples,Reta,-12.98625,-39.94415,DEL03-BA,Risco Médio,Alta
quinta-feira,BR-459,104.1,Plena Noite,Decrescente,Céu Claro,Dupla,Reta,-22.2247,-45.91256,DEL16-MG,Risco Médio,Baixa
sexta-feira,BR-101,37.0,Pleno dia,Decrescente,Chuva,Simples,Reta,-26.2505,-48.90864,DEL03-SC,Risco Médio,Alta
terça-feira,BR-406,43.0,Pleno dia,Crescente,Céu Claro,Simples,Reta,-5.285579,-36.28561,DEL02-RN,Risco Médio,Baixa
quinta-feira,BR-376,95.0,Pleno dia,Crescente,Céu Claro,Simples,Reta,-22.30999,-54.05591,DEL04-MS,Risco Baixo,Baixa
terça-feira,BR-116,442.0,Plena Noite,Crescente,Céu Claro,Dupla,Curva,-12.33676,-39.07329,DEL02-BA,Risco Médio,Alta
quarta-feira,BR-101,215.7,Plena Noite,Crescente,Chuva,Dupla,Curva,-27.65185,-48.67605,DEL01-SC,Risco Médio,Alta
quarta-feira,BR-428,162.9,Anoitecer,Crescente,Chuva,Simples,Reta,-9.180078,-40.37647,DEL06-PE,Risco Médio,Baixa
sábado,BR-232,18.0,Plena Noite,Decrescente,Nublado,Dupla,Reta,-8.096964,-35.05448,DEL01-PE,Risco Médio,Baixa
terça-feira,BR-282,428.3,Pleno dia,Crescente,Chuva,Simples,Curva,-26.97568,-51.78053,DEL07-SC,Risco Médio,Baixa
sexta-feira,BR-153,78.6,Plena Noite,Crescente,Céu Claro,Simples,Reta,-20.90428,-49.46169,DEL09-SP,Risco Médio,Alta
domingo,BR-101,264.0,Pleno dia,Crescente,Céu Claro,Dupla,Reta,-28.05149,-48.71633,DEL02-SC,Risco Médio,Alta
sábado,BR-242,389.0,Pleno dia,Crescente,Céu Claro,Simples,Reta,-12.45238,-41.59753,DEL06-BA,Risco Médio,Baixa
sexta-feira,BR-101,113.3,Plena Noite,Decrescente,Nevoeiro/Neblina,Múltipla,Reta,-26.85938,-48.7277,DEL04-SC,Risco Médio,Alta
sábado,BR-101,269.2,Pleno dia,Decrescente,Sol,Múltipla,Reta,-20.21966,-40.26986,DEL02-ES,Risco Médio,Alta
domingo,BR-101,90.0,Pleno dia,Crescente,Céu Claro,Dupla,Não Informado,-7.171069,-34.89765,DEL01-PB,Risco Médio,Alta
sábado,BR-116,16.0,Pleno dia,Decrescente,Garoa/Chuvisco,Dupla,Curva,-25.10317,-48.70087,DEL01-PR,Risco Baixo,Alta
sábado,BR-101,214.6,Pleno dia,Decrescente,Nublado,Dupla,Não Informado,-27.64926,-48.67398,DEL01-SC,Risco Médio,Alta
segunda-feira,BR-232,509.3,Plena Noite,Crescente,Céu Claro,Simples,Reta,-8.064492,-39.12984,DEL05-PE,Risco Alto,Baixa
domingo,BR-230,590.0,Pleno dia,Decrescente,Céu Claro,Simples,Curva,-3.094965,-51.86111,DEL04-PA,Risco Baixo,Baixa
quarta-feira,BR-101,449.2,Pleno dia,Crescente,Nublado,Simples,Interseção de vias,-29.16498,-49.74304,DEL02-SC,Risco Médio,Alta
quarta-feira,BR-262,25.9,Pleno dia,Decrescente,Céu Claro,Simples,Reta,-20.38029,-40.54305,DEL01-ES,Risco Médio,Média
sexta-feira,BR-386,446.0,Pleno dia,Decrescente,Garoa/Chuvisco,Dupla,Curva,-29.89242,-51.1757,DEL01-RS,Risco Baixo,Média
domingo,BR-20,405.0,Pleno dia,Decrescente,Céu Claro,Simples,Reta,-3.77276,-38.67551,DEL01-CE,Risco Médio,Baixa
quarta-feira,BR-60,121.9,Pleno dia,Decrescente,Chuva,Dupla,Reta,-16.51052,-49.11793,DEL01-GO,Risco Baixo,Média
sábado,BR-116,310.0,Anoitecer,Decrescente,Céu Claro,Dupla,Não Informado,-22.46514,-44.48899,DEL07-RJ,Risco Médio,Alta
domingo,BR-101,269.0,Amanhecer,Decrescente,Céu Claro,Múltipla,Reta,-20.2174,-40.26991,DEL02-ES,Risco Médio,Alta
sexta-feira,BR-470,121.7,Pleno dia,Crescente,Chuva,Simples,Reta,-27.09586,-49.52686,DEL04-SC,Risco Médio,Baixa
sábado,BR-50,280.9,Pleno dia,Decrescente,Céu Claro,Dupla,Reta,-18.1784,-47.9362,DEL06-GO,Risco Médio,Média
sexta-feira,BR-235,31.0,Plena Noite,Decrescente,Céu Claro,Dupla,Reta,-10.16105,-37.95004,DEL01-SE,Risco Médio,Baixa
quarta-feira,BR-280,28.1,Pleno dia,Crescente,Chuva,Simples,Reta,-26.40537,-48.74639,DEL03-SC,Risco Médio,Baixa
sábado,BR-304,46.3,Plena Noite,Decrescente,Ignorado,Simples,Reta,-4.567554,-37.74483,DEL03-CE,Risco Médio,Baixa
quarta-feira,BR-116,115.0,Pleno dia,Decrescente,Nublado,Dupla,Reta,-25.55953,-49.2656,DEL01-PR,Risco Médio,Alta
segunda-feira,BR-407,128.0,Pleno dia,Crescente,Céu Claro,Simples,Reta,-8.509351,-41.00818,DEL06-PE,Risco Médio,Baixa
quinta-feira,BR-277,234.0,Pleno dia,Crescente,Nublado,Simples,Reta,-25.46472,-50.57479,DEL03-PR,Risco Médio,Média
quinta-feira,BR-290,10.9,Plena Noite,Decrescente,Chuva,Dupla,Reta,-29.89139,-50.37371,DEL03-RS,Risco Médio,Baixa
sexta-feira,BR-101,116.0,Plena Noite,Crescente,Nublado,Múltipla,Reta,-26.87906,-48.72604,DEL04-SC,Risco Baixo,Alta
segunda-feira,BR-20,413.4,Pleno dia,Crescente,Chuva,Simples,Reta,-3.820305,-38.63099,DEL01-CE,Risco Médio,Baixa
sábado,BR-230,1.0,Plena Noite,Crescente,Nublado,Simples,Interseção de vias,-6.9753,-34.8318,DEL01-PB,Risco Médio,Baixa
segunda-feira,BR-282,84.4,Pleno dia,Decrescente,Céu Claro,Simples,Reta,-27.66699,-49.18355,DEL01-SC,Risco Médio,Baixa
quarta-feira,BR-101,113.1,Plena Noite,Crescente,Céu Claro,Dupla,Reta,-26.85311,-48.7269,DEL04-SC,Risco Médio,Alta
segunda-feira,BR-101,262.0,Plena Noite,Crescente,Céu Claro,Dupla,Desvio Temporário,-20.15723,-40.27678,DEL02-ES,Risco Médio,Alta
quarta-feira,BR-70,512.0,Pleno dia,Crescente,Céu Claro,Simples,Reta,-15.70428,-56.12074,DEL01-MT,Risco Médio,Baixa
domingo,BR-101,49.7,Plena Noite,Decrescente,Nublado,Simples,Interseção de vias,-18.58291,-39.89321,DEL04-ES,Risco Médio,Alta
quarta-feira,BR-280,30.0,Pleno dia,Crescente,Céu Claro,Simples,Interseção de vias,-26.41415,-48.76209,DEL03-SC,Risco Médio,Baixa
segunda-feira,BR-304,219.4,Pleno dia,Crescente,Nublado,Simples,Reta,-5.757031,-35.99762,DEL01-RN,Risco Médio,Baixa
domingo,BR-101,207.0,Plena Noite,Crescente,Céu Claro,Múltipla,Reta,-27.60001,-48.62265,DEL01-SC,Risco Médio,Alta
quinta-feira,BR-230,381.5,Plena Noite,Crescente,Céu Claro,Simples,Curva,-6.9127,-37.6432,DEL03-PB,Risco Baixo,Baixa
segunda-feira,BR-116,419.5,Pleno dia,Crescente,Ignorado,Simples,Reta,-18.92289,-41.93981,DEL06-MG,Risco Alto,Alta
quarta-feira,BR-116,6.0,Pleno dia,Decrescente,Céu Claro,Simples,Não Informado,-3.802624,-38.504,DEL01-CE,Risco Baixo,Alta
sexta-feira,BR-280,52.3,Plena Noite,Crescente,Nublado,Simples,Reta,-26.4689,-48.96492,DEL03-SC,Risco Médio,Baixa
sexta-feira,BR-277,585.0,Anoitecer,Decrescente,Céu Claro,Simples,Reta,-24.96401,-53.41227,DEL04-PR,Risco Médio,Média
sábado,BR-116,114.3,Pleno dia,Decrescente,Nublado,Dupla,Reta,-23.04654,-45.59018,DEL06-SP,Risco Baixo,Alta
domingo,BR-101,66.0,Plena Noite,Crescente,Garoa/Chuvisco,Simples,Curva,-21.76269,-41.34739,DEL08-RJ,Risco Baixo,Alta
quarta-feira,BR-101,163.0,Pleno dia,Decrescente,Céu Claro,Simples,Reta,-8.550395,-35.4462,DEL01-PE,Risco Médio,Alta
terça-feira,BR-381,485.0,Plena Noite,Crescente,Céu Claro,Dupla,Curva,-19.9561,-44.1064,DEL01-MG,Risco Médio,Alta
sábado,BR-369,368.3,Pleno dia,Crescente,Chuva,Simples,Curva,-24.13462,-52.43963,DEL04-PR,Risco Médio,Baixa
quinta-feira,BR-101,133.0,Pleno dia,Crescente,Chuva,Dupla,Reta,-27.0021,-48.6362,DEL04-SC,Risco Médio,Alta
quarta-feira,BR-262,34.9,Pleno dia,Decrescente,Céu Claro,Simples,Reta,-20.25693,-42.01099,DEL06-MG,Risco Médio,Média
segunda-feira,BR-304,47.0,Plena Noite,Crescente,Garoa/Chuvisco,Dupla,Reta,-5.225972,-37.33087,DEL04-RN,Risco Médio,Baixa
sexta-feira,BR-20,32.0,Pleno dia,Crescente,Céu Claro,Simples,Reta,-15.48216,-47.10176,DEL02-DF,Risco Médio,Baixa
domingo,BR-242,734.0,Pleno dia,Crescente,Nublado,Simples,Reta,-12.18781,-44.50659,DEL10-BA,Risco Médio,Baixa
sábado,BR-101,334.0,Pleno dia,Crescente,Nublado,Múltipla,Reta,-28.46741,-49.00827,DEL02-SC,Risco Médio,Alta
quinta-feira,BR-407,23.9,Pleno dia,Crescente,Céu Claro,Simples,Curva,-8.622372,-40.99589,DEL06-PE,Risco Alto,Baixa
sábado,BR-235,54.6,Pleno dia,Decrescente,Céu Claro,Simples,Reta,-10.67605,-37.44328,DEL01-SE,Risco Médio,Baixa
quarta-feira,BR-470,141.5,Pleno dia,Crescente,Céu Claro,Simples,Não Informado,-27.22606,-49.66616,DEL04-SC,Risco Médio,Baixa
sexta-feira,BR-285,579.0,Plena Noite,Decrescente,Céu Claro,Simples,Reta,-28.43025,-55.08563,DEL12-RS,Risco Médio,Baixa
sábado,BR-101,205.0,Pleno dia,Decrescente,Céu Claro,Múltipla,Reta,-27.58313,-48.61533,DEL01-SC,Risco Médio,Alta
sexta-feira,BR-282,46.5,Pleno dia,Decrescente,Sol,Simples,Reta,-27.72104,-48.92515,DEL01-SC,Risco Médio,Baixa
quinta-feira,BR-222,5.0,Pleno dia,Crescente,Céu Claro,Múltipla,Reta,-3.742969,-38.61331,DEL01-CE,Risco Médio,Baixa
segunda-feira,BR-381,304.0,Pleno dia,Decrescente,Nublado,Simples,Curva,-19.6442,-42.9041,DEL03-MG,Risco Médio,Alta
sábado,BR-381,516.5,Pleno dia,Crescente,Nublado,Dupla,Reta,-20.10867,-44.31489,DEL04-MG,Risco Médio,Alta
sexta-feira,BR-40,486.0,Pleno dia,Crescente,Céu Claro,Dupla,Reta,-19.5941,-44.2253,DEL02-MG,Risco Baixo,Alta
sexta-feira,BR-153,517.0,Pleno dia,Crescente,Céu Claro,Dupla,Desvio Temporário,-16.8581,-49.2488,DEL01-GO,Risco Médio,Alta
domingo,BR-80,0.1,Anoitecer,Crescente,Garoa/Chuvisco,Simples,Reta,-15.50496,-48.20114,DEL01-DF,Risco Médio,Baixa
quarta-feira,BR-262,562.8,Pleno dia,Crescente,Chuva,Simples,Reta,-20.21855,-56.40955,DEL03-MS,Risco Médio,Média
quinta-feira,BR-101,141.7,Pleno dia,Decrescente,Céu Claro,Dupla,Reta,-19.32656,-40.07192,DEL04-ES,Risco Médio,Alta
sexta-feira,BR-364,557.0,Plena Noite,Crescente,Chuva,Dupla,Reta,-14.75783,-56.341,DEL01-MT,Risco Médio,Alta
sexta-feira,BR-101,118.0,Plena Noite,Decrescente,Céu Claro,Dupla,Reta,-26.89586,-48.71903,DEL04-SC,Risco Médio,Alta
sexta-feira,BR-101,204.4,Plena Noite,Decrescente,Nublado,Múltipla,Reta,-27.57747,-48.6132,DEL01-SC,Risco Baixo,Alta
segunda-feira,BR-364,201.0,Pleno dia,Crescente,Céu Claro,Dupla,Reta,-17.91481,-51.7656,DEL05-GO,Risco Médio,Alta
sexta-feira,BR-101,141.0,Plena Noite,Crescente,Céu Claro,Dupla,Reta,-19.32656,-40.07192,DEL04-ES,Risco Médio,Alta
quarta-feira,BR-101,89.5,Anoitecer,Crescente,Céu Claro,Dupla,Não Informado,-7.180229,-34.90058,DEL01-PB,Risco Médio,Alta
sexta-feira,BR-158,262.0,Plena Noite,Crescente,Garoa/Chuvisco,Dupla,Reta,-17.82366,-51.78601,DEL05-GO,Risco Baixo,Baixa
segunda-feira,BR-381,30.4,Pleno dia,Decrescente,Chuva,Dupla,Reta,-23.04885,-46.56483,DEL03-SP,Risco Médio,Alta
quinta-feira,BR-60,118.0,Plena Noite,Crescente,Céu Claro,Dupla,Reta,-16.4848,-49.0935,DEL01-GO,Risco Baixo,Média
quinta-feira,BR-158,470.5,Pleno dia,Crescente,Céu Claro,Simples,Reta,-30.35425,-55.02845,DEL11-RS,Risco Baixo,Baixa
quinta-feira,BR-365,541.0,Plena Noite,Crescente,Ignorado,Simples,Interseção de vias,-18.93303,-47.58225,DEL10-MG,Risco Médio,Média
terça-feira,BR-316,322.0,Pleno dia,Crescente,Céu Claro,Simples,Reta,-7.095594,-41.37116,DEL04-PI,Risco Baixo,Baixa
quarta-feira,BR-376,180.0,Plena Noite,Decrescente,Céu Claro,Dupla,Não Informado,-23.42725,-51.89512,DEL09-PR,Risco Médio,Baixa
quarta-feira,BR-101,16.0,Plena Noite,Crescente,Céu Claro,Simples,Curva,-21.35039,-41.33533,DEL08-RJ,Risco Médio,Alta
quinta-feira,BR-116,243.0,Plena Noite,Crescente,Chuva,Simples,Reta,-29.73196,-51.14952,DEL01-RS,Risco Médio,Alta
quarta-feira,BR-381,791.0,Pleno dia,Crescente,Céu Claro,Dupla,Reta,-21.8965,-45.5511,DEL16-MG,Risco Médio,Alta
quinta-feira,BR-316,1.9,Plena Noite,Decrescente,Céu Claro,Simples,Rotatória,-5.128619,-42.80707,DEL01-PI,Risco Médio,Baixa
quinta-feira,BR-60,24.9,Pleno dia,Crescente,Chuva,Dupla,Reta,-15.99602,-48.23915,DEL01-DF,Risco Baixo,Média
domingo,BR-116,392.0,Pleno dia,Decrescente,Céu Claro,Dupla,Reta,-24.28236,-47.43303,DEL04-SP,Risco Médio,Alta
domingo,BR-153,511.0,Plena Noite,Crescente,Céu Claro,Dupla,Reta,-16.8067,-49.2394,DEL01-GO,Risco Médio,Alta
quinta-feira,BR-116,5.0,Anoitecer,Decrescente,Céu Claro,Múltipla,Não Informado,-3.800068,-38.5041,DEL01-CE,Risco Médio,Alta
sábado,BR-101,67.9,Plena Noite,Crescente,Céu Claro,Múltipla,Reta,-8.049398,-34.94579,DEL01-PE,Risco Médio,Alta
quarta-feira,BR-101,201.0,Pleno dia,Crescente,Nublado,Múltipla,Reta,-27.5572,-48.6188,DEL01-SC,Risco Médio,Alta
domingo,BR-232,57.3,Pleno dia,Crescente,Nublado,Dupla,Retorno Regulamentado,-8.141213,-35.38181,DEL02-PE,Risco Médio,Baixa
quarta-feira,BR-428,18.0,Amanhecer,Decrescente,Céu Claro,Simples,Reta,-8.495752,-39.37942,DEL05-PE,Risco Alto,Baixa
quarta-feira,BR-101,153.0,Pleno dia,Crescente,Chuva,Dupla,Reta,-6.317489,-35.18316,DEL01-RN,Risco Médio,Alta
terça-feira,BR-116,44.3,Pleno dia,Crescente,Garoa/Chuvisco,Dupla,Curva,-25.19298,-48.88792,DEL01-PR,Risco Médio,Alta
domingo,BR-251,474.0,Pleno dia,Crescente,Chuva,Simples,Reta,-16.4663,-43.4385,DEL12-MG,Risco Médio,Baixa
domingo,BR-110,70.0,Pleno dia,Crescente,Chuva,Simples,Reta,-5.398517,-37.32773,DEL04-RN,Risco Baixo,Baixa
segunda-feira,BR-101,326.3,Pleno dia,Crescente,Céu Claro,Simples,Reta,-20.54858,-40.48222,DEL03-ES,Risco Alto,Alta
quarta-feira,BR-101,171.0,Pleno dia,Crescente,Céu Claro,Simples,Reta,-12.3583,-38.86213,DEL01-BA,Risco Baixo,Alta
sexta-feira,BR-470,193.5,Amanhecer,Crescente,Chuva,Simples,Curva,-27.29339,-50.07877,DEL04-SC,Risco Alto,Baixa
domingo,BR-50,102.0,Amanhecer,Crescente,Céu Claro,Dupla,Reta,-16.9309,-47.7117,DEL01-DF,Risco Médio,Média
terça-feira,BR-116,133.5,Pleno dia,Crescente,Céu Claro,Simples,Reta,-4.707883,-38.0923,DEL03-CE,Risco Médio,Alta
terça-feira,BR-262,7.0,Plena Noite,Crescente,Céu Claro,Múltipla,Reta,-20.34284,-40.40435,DEL01-ES,Risco Médio,Média
quarta-feira,BR-116,16.0,Plena Noite,Crescente,Céu Claro,Dupla,Não Informado,-3.892261,-38.50246,DEL01-CE,Risco Baixo,Alta
quarta-feira,BR-116,213.0,Plena Noite,Crescente,Céu Claro,Dupla,Reta,-22.71344,-43.73409,DEL01-RJ,Risco Baixo,Alta
quarta-feira,BR-101,63.0,Plena Noite,Decrescente,Vento,Múltipla,Reta,-8.008006,-34.93757,DEL01-PE,Risco Baixo,Alta
segunda-feira,BR-277,74.0,Pleno dia,Crescente,Nublado,Dupla,Reta,-25.51726,-49.11541,DEL01-PR,Risco Baixo,Média
sexta-feira,BR-285,199.1,Pleno dia,Crescente,Nublado,Simples,Curva,-28.2053,-51.51999,DEL08-RS,Risco Médio,Baixa
domingo,BR-277,110.0,Anoitecer,Decrescente,Nublado,Dupla,Reta,-25.44215,-49.43985,DEL01-PR,Risco Médio,Média
quinta-feira,BR-386,414.0,Pleno dia,Crescente,Chuva,Dupla,Curva,-29.81624,-51.48334,DEL04-RS,Risco Médio,Média
sábado,BR-365,757.0,Pleno dia,Crescente,Céu Claro,Simples,Não Informado,-18.92822,-49.42482,DEL15-MG,Risco Médio,Média
terça-feira,BR-101,268.7,Plena Noite,Crescente,Nublado,Dupla,Reta,-20.21415,-40.26989,DEL02-ES,Risco Médio,Alta
sexta-feira,BR-40,52.0,Pleno dia,Decrescente,Sol,Dupla,Desvio Temporário,-22.33571,-43.1332,DEL06-RJ,Risco Médio,Alta
sábado,BR-163,481.2,Pleno dia,Crescente,Céu Claro,Simples,Reta,-20.47093,-54.55958,DEL01-MS,Risco Baixo,Alta
quinta-feira,BR-324,593.0,Anoitecer,Crescente,Nublado,Dupla,Reta,-12.6989,-38.46419,DEL01-BA,Risco Médio,Baixa
sexta-feira,BR-290,94.8,Pleno dia,Crescente,Céu Claro,Múltipla,Reta,-29.98013,-51.20088,DEL01-RS,Risco Médio,Baixa
segunda-feira,BR-116,532.0,Plena Noite,Crescente,Nublado,Dupla,Reta,-24.95338,-48.32409,DEL05-SP,Risco Baixo,Alta
terça-feira,BR-101,105.2,Plena Noite,Decrescente,Céu Claro,Dupla,Não Informado,-26.80468,-48.6793,DEL03-SC,Risco Médio,Alta
domingo,BR-116,13.2,Pleno dia,Crescente,Céu Claro,Dupla,Reta,-3.860885,-38.49715,DEL01-CE,Risco Médio,Alta
quarta-feira,BR-101,41.0,Plena Noite,Decrescente,Nublado,Dupla,Curva,-26.28215,-48.88973,DEL03-SC,Risco Médio,Alta
quinta-feira,BR-470,207.9,Amanhecer,Decrescente,Nublado,Simples,Não Informado,-27.29135,-50.19444,DEL05-SC,Risco Médio,Baixa
quinta-feira,BR-40,620.4,Pleno dia,Crescente,Garoa/Chuvisco,Simples,Curva,-20.58517,-43.80767,DEL05-MG,Risco Baixo,Alta
terça-feira,BR-376,323.0,Pleno dia,Crescente,Chuva,Simples,Curva,-24.07454,-51.05832,DEL07-PR,Risco Médio,Baixa
domingo,BR-376,548.8,Plena Noite,Crescente,Nublado,Dupla,Reta,-25.4146,-49.77446,DEL01-PR,Risco Médio,Baixa
quarta-feira,BR-364,425.0,Plena Noite,Crescente,Nublado,Simples,Não Informado,-10.43566,-62.47414,DEL03-RO,Risco Médio,Alta
segunda-feira,BR-316,615.7,Pleno dia,Decrescente,Céu Claro,Simples,Reta,-5.086548,-42.83727,DEL03-MA,Risco Médio,Baixa
sábado,BR-101,338.6,Plena Noite,Crescente,Céu Claro,Múltipla,Reta,-28.50198,-49.0474,DEL02-SC,Risco Médio,Alta
terça-feira,BR-290,52.3,Plena Noite,Crescente,Céu Claro,Dupla,Reta,-29.9122,-50.78498,DEL03-RS,Risco Baixo,Baixa
domingo,BR-316,165.4,Plena Noite,Crescente,Céu Claro,Simples,Ponte,-9.482391,-36.57309,DEL03-AL,Risco Alto,Baixa
sexta-feira,BR-116,43.2,Plena Noite,Crescente,Céu Claro,Dupla,Reta,-25.18248,-48.88365,DEL01-PR,Risco Baixo,Alta
quarta-feira,BR-153,60.6,Pleno dia,Crescente,Céu Claro,Dupla,Reta,-20.79822,-49.35507,DEL09-SP,Risco Médio,Alta
sábado,BR-116,122.5,Pleno dia,Decrescente,Céu Claro,Múltipla,Curva,-29.01041,-51.07328,DEL05-RS,Risco Médio,Alta
domingo,BR-116,193.0,Pleno dia,Crescente,Céu Claro,Dupla,Reta,-22.7396,-43.52859,DEL01-RJ,Risco Médio,Alta
sexta-feira,BR-70,275.0,Pleno dia,Decrescente,Céu Claro,Simples,Reta,-15.54957,-54.2539,DEL05-MT,Risco Médio,Baixa
sábado,BR-116,117.0,Plena Noite,Crescente,Nublado,Dupla,Reta,-23.05823,-45.6177,DEL02-SP,Risco Médio,Alta
quinta-feira,BR-70,184.0,Pleno dia,Crescente,Céu Claro,Simples,Desvio Temporário,-15.69182,-53.60918,DEL05-MT,Risco Médio,Baixa
segunda-feira,BR-232,369.0,Plena Noite,Crescente,Céu Claro,Simples,Reta,-8.04733,-37.84951,DEL04-PE,Risco Baixo,Baixa
sábado,BR-364,436.0,Pleno dia,Crescente,Céu Claro,Dupla,Reta,-15.63815,-56.12082,DEL01-MT,Risco Baixo,Alta
quarta-feira,BR-282,19.9,Plena Noite,Decrescente,Céu Claro,Simples,Reta,-27.67863,-48.70192,DEL01-SC,Risco Médio,Baixa
sexta-feira,BR-101,83.0,Anoitecer,Decrescente,Céu Claro,Dupla,Retorno Regulamentado,-8.1767,-34.9445,DEL01-PE,Risco Médio,Alta
quinta-feira,BR-470,5.0,Plena Noite,Crescente,Nublado,Simples,Reta,-26.85569,-48.70033,DEL04-SC,Risco Médio,Baixa
domingo,BR-488,5.9,Pleno dia,Decrescente,Nublado,Dupla,Reta,-22.8734,-45.25713,DEL08-SP,Risco Médio,Baixa
domingo,BR-467,97.1,Plena Noite,Crescente,Céu Claro,Dupla,Reta,-24.8822,-53.5588,DEL04-PR,Risco Médio,Baixa
domingo,BR-20,391.0,Plena Noite,Decrescente,Nublado,Simples,Reta,-3.837503,-38.76283,DEL01-CE,Risco Médio,Baixa
quarta-feira,BR-465,12.0,Plena Noite,Crescente,Céu Claro,Simples,Reta,-22.79125,-43.65126,DEL01-RJ,Risco Alto,Baixa
terça-feira,BR-116,169.0,Pleno dia,Decrescente,Céu Claro,Múltipla,Reta,-22.7907,-43.3708,DEL01-RJ,Risco Médio,Alta
sexta-feira,BR-116,218.0,Pleno dia,Decrescente,Sol,Múltipla,Reta,-23.46241,-46.49195,DEL01-SP,Risco Médio,Alta
domingo,BR-163,608.8,Plena Noite,Decrescente,Garoa/Chuvisco,Simples,Reta,-13.83676,-56.08287,DEL01-MT,Risco Baixo,Alta
quinta-feira,BR-405,0.0,Pleno dia,Decrescente,Céu Claro,Dupla,Reta,-5.191467,-37.35189,DEL04-RN,Risco Médio,Baixa
segunda-feira,BR-472,578.2,Plena Noite,Crescente,Céu Claro,Simples,Reta,-29.78309,-57.07031,DEL13-RS,Risco Médio,Baixa
quinta-feira,BR-316,312.6,Pleno dia,Decrescente,Céu Claro,Simples,Reta,-7.080925,-41.45826,DEL04-PI,Risco Baixo,Baixa
sexta-feira,BR-381,439.0,Pleno dia,Decrescente,Chuva,Simples,Não Informado,-19.79933,-43.76129,DEL01-MG,Risco Médio,Alta
sexta-feira,BR-364,428.2,Anoitecer,Crescente,Céu Claro,Simples,Reta,-10.42184,-62.49508,DEL03-RO,Risco Baixo,Alta
quinta-feira,BR-242,245.0,Plena Noite,Decrescente,Céu Claro,Simples,Reta,-12.50658,-40.43439,DEL06-BA,Risco Baixo,Baixa
domingo,BR-361,5.9,Plena Noite,Crescente,Céu Claro,Simples,Reta,-7.034516,-37.30309,DEL03-PB,Risco Médio,Baixa
domingo,BR-101,259.8,Plena Noite,Crescente,Céu Claro,Simples,Desvio Temporário,-13.05707,-39.28149,DEL01-BA,Risco Médio,Alta
sábado,BR-392,12.0,Pleno dia,Decrescente,Céu Claro,Dupla,Reta,-32.12657,-52.14406,DEL07-RS,Risco Médio,Média
segunda-feira,BR-365,104.7,Pleno dia,Decrescente,Chuva,Simples,Reta,-17.21442,-44.56049,DEL12-MG,Risco Alto,Média
terça-feira,BR-116,179.0,Pleno dia,Crescente,Chuva,Dupla,Reta,-22.7699,-43.40804,DEL01-RJ,Risco Médio,Alta
terça-feira,BR-116,159.5,Plena Noite,Crescente,Céu Claro,Simples,Rotatória,-25.86771,-49.3647,DEL01-PR,Risco Médio,Alta
quarta-feira,BR-40,109.0,Pleno dia,Decrescente,Céu Claro,Dupla,Interseção de vias,-22.67375,-43.28638,DEL01-RJ,Risco Médio,Alta
domingo,BR-316,374.6,Amanhecer,Crescente,Ignorado,Simples,Reta,-4.214397,-44.67298,DEL03-MA,Risco Alto,Baixa
quinta-feira,BR-381,450.2,Plena Noite,Crescente,Céu Claro,Simples,Curva,-19.84164,-43.86233,DEL01-MG,Risco Médio,Alta
segunda-feira,BR-60,6.1,Plena Noite,Crescente,Nublado,Dupla,Reta,-15.89815,-48.1139,DEL01-DF,Risco Médio,Média
domingo,BR-277,396.0,Pleno dia,Decrescente,Nublado,Simples,Reta,-25.4525,-51.93634,DEL03-PR,Risco Médio,Média
domingo,BR-222,315.0,Plena Noite,Decrescente,Céu Claro,Simples,Reta,-3.738862,-41.00539,DEL04-CE,Risco Médio,Baixa
domingo,BR-470,153.0,Pleno dia,Crescente,Nublado,Simples,Reta,-28.76216,-51.62582,DEL06-RS,Risco Médio,Baixa
sábado,BR-101,16.0,Pleno dia,Crescente,Céu Claro,Dupla,Reta,-26.1143,-48.8764,DEL03-SC,Risco Médio,Alta
segunda-feira,BR-101,126.0,Pleno dia,Crescente,Nublado,Dupla,Reta,-26.95564,-48.67978,DEL04-SC,Risco Médio,Alta
segunda-feira,BR-277,197.0,Plena Noite,Decrescente,Ignorado,Simples,Reta,-25.46528,-50.25936,DEL03-PR,Risco Baixo,Média
sexta-feira,BR-116,414.0,Plena Noite,Crescente,Céu Claro,Simples,Reta,-18.88103,-41.95911,DEL06-MG,Risco Médio,Alta
sexta-feira,BR-116,517.0,Pleno dia,Decrescente,Céu Claro,Dupla,Reta,-31.67909,-52.34257,DEL07-RS,Risco Médio,Alta
sábado,BR-101,205.7,Plena Noite,Crescente,Céu Claro,Dupla,Reta,-27.58913,-48.6175,DEL01-SC,Risco Médio,Alta
domingo,BR-467,89.8,Plena Noite,Crescente,Céu Claro,Dupla,Reta,-24.8416,-53.6168,DEL04-PR,Risco Alto,Baixa