dia_semana,br,km,fase_dia,sentido_via,condicao_metereologica,tipo_pista,tracado_via,latitude,longitude,delegacia,classificacao_acidente,postos_policiais_PRF
terça-feira,BR-376,521.0,Pleno dia,Crescente,Céu Claro,Dupla,Curva,-25.26562,-49.95474,DEL03-PR,Risco Médio,Baixa
quinta-feira,BR-116,720.7,Pleno dia,Decrescente,Céu Claro,Simples,Reta,-21.24578,-42.39424,DEL07-MG,Risco Médio,Alta
sexta-feira,BR-356,270.1,Plena Noite,Crescente,Céu Claro,Simples,Curva,-21.1257,-42.32929,DEL07-MG,Risco Médio,Baixa
sexta-feira,BR-476,156.0,Pleno dia,Crescente,Céu Claro,Dupla,Reta,-25.59916,-49.41774,DEL01-PR,Risco Médio,Baixa
sábado,BR-262,5.1,Amanhecer,Crescente,Chuva,Múltipla,Curva,-20.3365,-40.388,DEL01-ES,Risco Baixo,Média
sábado,BR-222,661.5,Pleno dia,Decrescente,Céu Claro,Simples,Desvio Temporário,-4.875873,-47.35338,DEL04-MA,Risco Médio,Baixa
segunda-feira,BR-116,465.0,Pleno dia,Decrescente,Céu Claro,Dupla,Reta,-12.44816,-39.24588,DEL02-BA,Risco Médio,Alta
quarta-feira,BR-135,60.9,Plena Noite,Crescente,Céu Claro,Simples,Reta,-2.515926,-44.24964,DEL01-MA,Risco Baixo,Baixa
terça-feira,BR-277,470.9,Plena Noite,Decrescente,Garoa/Chuvisco,Simples,Curva,-25.30884,-52.53287,DEL04-PR,Risco Médio,Média
quinta-feira,BR-401,1.0,Plena Noite,Crescente,Chuva,Dupla,Reta,2.814902,-60.7041,DEL01-RR,Risco Baixo,Baixa
quarta-feira,BR-408,75.4,Anoitecer,Decrescente,Céu Claro,Dupla,Reta,-7.905946,-35.17326,DEL01-PE,Risco Médio,Baixa
sábado,BR-116,186.0,Plena Noite,Crescente,Céu Claro,Dupla,Curva,-23.35221,-46.19935,DEL02-SP,Risco Médio,Alta
quinta-feira,BR-101,203.3,Pleno dia,Decrescente,Céu Claro,Múltipla,Reta,-27.565,-48.6146,DEL01-SC,Risco Médio,Alta
terça-feira,BR-290,91.0,Anoitecer,Decrescente,Nublado,Dupla,Reta,-29.96906,-51.16744,DEL01-RS,Risco Baixo,Baixa
sábado,BR-116,504.0,Pleno dia,Decrescente,Garoa/Chuvisco,Dupla,Não Informado,-24.79697,-48.20892,DEL05-SP,Risco Médio,Alta
sábado,BR-230,32.0,Pleno dia,Decrescente,Céu Claro,Simples,Reta,-7.143,-34.9192,DEL01-PB,Risco Baixo,Baixa
quinta-feira,BR-70,514.0,Pleno dia,Crescente,Céu Claro,Simples,Interseção de vias,-15.70609,-56.13194,DEL01-MT,Risco Baixo,Baixa
segunda-feira,BR-163,77.0,Pleno dia,Decrescente,Céu Claro,Dupla,Reta,-23.4832,-54.18609,DEL09-MS,Risco Médio,Alta
sábado,BR-364,289.1,Pleno dia,Crescente,Céu Claro,Simples,Curva,-17.59085,-52.45912,DEL05-GO,Risco Alto,Alta
quarta-feira,BR-50,119.0,Pleno dia,Decrescente,Sol,Dupla,Reta,-19.29969,-48.11377,DEL13-MG,Risco Médio,Média
domingo,BR-277,678.0,Plena Noite,Crescente,Céu Claro,Dupla,Reta,-25.29934,-54.10767,DEL05-PR,Risco Médio,Média
sábado,BR-393,289.0,Plena Noite,Decrescente,Céu Claro,Dupla,Interseção de vias,-22.5169,-44.10865,DEL05-RJ,Risco Baixo,Média
sábado,BR-153,499.0,Pleno dia,Crescente,Nublado,Dupla,Reta,-16.7033,-49.2311,DEL01-GO,Risco Médio,Alta
quarta-feira,BR-381,943.8,Plena Noite,Decrescente,Chuva,Dupla,Não Informado,-22.86797,-46.35364,DEL16-MG,Risco Médio,Alta
quarta-feira,BR-158,184.1,Pleno dia,Crescente,Nublado,Simples,Reta,-28.53737,-53.55897,DEL10-RS,Risco Médio,Baixa
quarta-feira,BR-277,110.0,Pleno dia,Decrescente,Chuva,Dupla,Reta,-25.44006,-49.44685,DEL01-PR,Risco Médio,Média
sexta-feira,BR-101,364.1,Plena Noite,Decrescente,Céu Claro,Múltipla,Reta,-28.67822,-49.13926,DEL02-SC,Risco Baixo,Alta
segunda-feira,BR-163,484.9,Pleno dia,Decrescente,Céu Claro,Simples,Reta,-20.45105,-54.54033,DEL01-MS,Risco Médio,Alta
segunda-feira,BR-116,100.5,Pleno dia,Decrescente,Céu Claro,Dupla,Reta,-22.98859,-45.47679,DEL06-SP,Risco Médio,Alta
sábado,BR-343,532.0,Pleno dia,Decrescente,Céu Claro,Simples,Reta,-6.465946,-42.79783,DEL03-PI,Risco Médio,Baixa
domingo,BR-356,163.0,Plena Noite,Crescente,Céu Claro,Simples,Reta,-21.45016,-41.34606,DEL08-RJ,Risco Baixo,Baixa
quinta-feira,BR-290,96.2,Plena Noite,Crescente,Céu Claro,Múltipla,Reta,-29.99211,-51.20452,DEL01-RS,Risco Médio,Baixa
quinta-feira,BR-101,301.1,Anoitecer,Decrescente,Nublado,Dupla,Curva,-20.36305,-40.44176,DEL01-ES,Risco Médio,Alta
terça-feira,BR-116,5.0,Pleno dia,Decrescente,Garoa/Chuvisco,Dupla,Curva,-25.08309,-48.60001,DEL01-PR,Risco Médio,Alta
sexta-feira,BR-364,439.9,Plena Noite,Crescente,Céu Claro,Simples,Curva,-15.60419,-56.20399,DEL01-MT,Risco Baixo,Alta
domingo,BR-230,120.0,Plena Noite,Decrescente,Ignorado,Dupla,Ponte,-5.357064,-49.123,DEL03-PA,Risco Médio,Baixa
quinta-feira,BR-316,401.3,Pleno dia,Crescente,Sol,Simples,Reta,-4.206411,-44.45304,DEL03-MA,Risco Médio,Baixa
sábado,BR-135,130.0,Pleno dia,Crescente,Nublado,Simples,Reta,-11.80144,-44.87507,DEL10-BA,Risco Médio,Baixa
quinta-feira,BR-116,277.0,Plena Noite,Crescente,Céu Claro,Múltipla,Reta,-17.86327,-41.51472,DEL11-MG,Risco Baixo,Alta
domingo,BR-101,93.0,Plena Noite,Decrescente,Nublado,Dupla,Reta,-10.90212,-37.14495,DEL01-SE,Risco Médio,Alta
domingo,BR-153,137.6,Pleno dia,Crescente,Céu Claro,Múltipla,Reta,-7.146303,-48.20256,DEL02-TO,Risco Médio,Alta
quinta-feira,BR-381,770.8,Plena Noite,Crescente,Céu Claro,Dupla,Curva,-21.78806,-45.43906,DEL16-MG,Risco Médio,Alta
terça-feira,BR-116,23.0,Plena Noite,Decrescente,Nublado,Dupla,Curva,-25.114,-48.7598,DEL01-PR,Risco Médio,Alta
terça-feira,BR-235,110.4,Plena Noite,Crescente,Céu Claro,Simples,Reta,-10.34381,-37.71498,DEL01-SE,Risco Médio,Baixa
sábado,BR-116,118.8,Amanhecer,Crescente,Céu Claro,Dupla,Reta,-22.6146,-43.0362,DEL04-RJ,Risco Médio,Alta
domingo,BR-230,1114.0,Pleno dia,Decrescente,Céu Claro,Simples,Curva,-4.398859,-55.91932,DEL05-PA,Risco Médio,Baixa
sexta-feira,BR-101,250.1,Pleno dia,Decrescente,Nublado,Dupla,Reta,-27.94186,-48.66644,DEL02-SC,Risco Médio,Alta
terça-feira,BR-101,264.6,Pleno dia,Crescente,Nublado,Dupla,Não Informado,-28.05149,-48.71633,DEL02-SC,Risco Médio,Alta
domingo,BR-343,281.0,Plena Noite,Crescente,Nublado,Simples,Reta,-4.921962,-42.26981,DEL01-PI,Risco Médio,Baixa
terça-feira,BR-101,71.4,Pleno dia,Crescente,Chuva,Dupla,Reta,-9.369911,-35.8315,DEL01-AL,Risco Baixo,Alta
terça-feira,BR-101,49.9,Pleno dia,Crescente,Chuva,Dupla,Rotatória,-26.38668,-48.84425,DEL03-SC,Risco Médio,Alta
segunda-feira,BR-163,841.0,Pleno dia,Crescente,Chuva,Simples,Reta,-11.84585,-55.5249,DEL06-MT,Risco Médio,Alta
segunda-feira,BR-101,198.7,Pleno dia,Decrescente,Nublado,Simples,Curva,-19.71699,-40.34091,DEL04-ES,Risco Médio,Alta
quarta-feira,BR-101,34.2,Pleno dia,Crescente,Sol,Simples,Reta,-21.50082,-41.33968,DEL08-RJ,Risco Médio,Alta
domingo,BR-60,193.0,Pleno dia,Decrescente,Céu Claro,Dupla,Reta,-16.8479,-49.5584,DEL01-GO,Risco Médio,Média
quinta-feira,BR-116,112.0,Pleno dia,Decrescente,Céu Claro,Dupla,Não Informado,-23.04159,-45.57066,DEL02-SP,Risco Médio,Alta
sexta-feira,BR-101,99.8,Pleno dia,Crescente,Céu Claro,Múltipla,Reta,-5.875515,-35.22228,DEL01-RN,Risco Médio,Alta
terça-feira,BR-116,10.1,Anoitecer,Crescente,Céu Claro,Dupla,Não Informado,-25.37122,-49.12971,DEL01-PR,Risco Médio,Alta
domingo,BR-280,53.2,Plena Noite,Crescente,Céu Claro,Simples,Reta,-26.47237,-48.97427,DEL03-SC,Risco Médio,Baixa
sábado,BR-381,36.0,Plena Noite,Decrescente,Céu Claro,Dupla,Reta,-23.10046,-46.57047,DEL03-SP,Risco Alto,Alta
sexta-feira,BR-277,77.0,Plena Noite,Crescente,Céu Claro,Dupla,Reta,-25.4827,-49.1927,DEL01-PR,Risco Médio,Média
domingo,BR-101,30.6,Pleno dia,Crescente,Céu Claro,Simples,Curva,-9.084775,-35.74681,DEL01-AL,Risco Médio,Alta
quinta-feira,BR-232,109.9,Pleno dia,Crescente,Sol,Dupla,Retorno Regulamentado,-8.287976,-35.81922,DEL02-PE,Risco Médio,Baixa
domingo,BR-242,363.0,Plena Noite,Decrescente,Garoa/Chuvisco,Simples,Curva,-12.46728,-41.41505,DEL06-BA,Risco Baixo,Baixa
terça-feira,BR-116,114.0,Amanhecer,Decrescente,Céu Claro,Simples,Viaduto,-22.6072,-43.0287,DEL04-RJ,Risco Médio,Alta
domingo,BR-470,90.0,Pleno dia,Decrescente,Nublado,Simples,Não Informado,-26.95722,-49.37453,DEL04-SC,Risco Baixo,Baixa
quinta-feira,BR-101,107.0,Plena Noite,Crescente,Céu Claro,Simples,Reta,-12.1332,-38.3923,DEL01-BA,Risco Médio,Alta
segunda-feira,BR-116,181.0,Plena Noite,Decrescente,Céu Claro,Múltipla,Reta,-22.76131,-43.42349,DEL01-RJ,Risco Médio,Alta
sábado,BR-232,86.0,Pleno dia,Crescente,Sol,Dupla,Reta,-8.2133,-35.6222,DEL01-PE,Risco Médio,Baixa
domingo,BR-343,212.8,Plena Noite,Crescente,Céu Claro,Simples,Reta,-4.454528,-41.93662,DEL02-PI,Risco Médio,Baixa
quinta-feira,BR-407,101.9,Plena Noite,Crescente,Céu Claro,Simples,Reta,-10.25199,-40.19423,DEL04-BA,Risco Alto,Baixa
terça-feira,BR-285,292.8,Plena Noite,Crescente,Céu Claro,Dupla,Interseção de vias,-28.23688,-52.37436,DEL08-RS,Risco Médio,Baixa
sexta-feira,BR-280,189.0,Pleno dia,Decrescente,Nublado,Simples,Curva,-26.17464,-49.96774,DEL06-SC,Risco Médio,Baixa
sábado,BR-101,90.9,Pleno dia,Crescente,Nublado,Simples,Reta,-26.66149,-48.68866,DEL03-SC,Risco Médio,Alta
sábado,BR-324,301.0,Pleno dia,Decrescente,Céu Claro,Simples,Reta,-11.2077,-40.47346,DEL04-BA,Risco Médio,Baixa
segunda-feira,BR-101,209.0,Pleno dia,Decrescente,Céu Claro,Múltipla,Reta,-27.61001,-48.63895,DEL01-SC,Risco Médio,Alta
quinta-feira,BR-280,46.3,Plena Noite,Crescente,Céu Claro,Simples,Não Informado,-26.45507,-48.92767,DEL03-SC,Risco Médio,Baixa
segunda-feira,BR-277,590.0,Pleno dia,Crescente,Céu Claro,Simples,Reta,-24.98161,-53.45689,DEL04-PR,Risco Médio,Média
quinta-feira,BR-101,22.0,Plena Noite,Decrescente,Céu Claro,Simples,Reta,-11.6677,-37.8969,DEL02-SE,Risco Alto,Alta
sexta-feira,BR-101,379.0,Pleno dia,Decrescente,Sol,Simples,Reta,-13.98208,-39.47894,DEL05-BA,Risco Médio,Alta
terça-feira,BR-101,68.2,Pleno dia,Crescente,Sol,Dupla,Rotatória,-8.0595,-34.9458,DEL01-PE,Risco Médio,Alta
sexta-feira,BR-280,52.3,Plena Noite,Decrescente,Céu Claro,Simples,Interseção de vias,-26.47109,-48.97074,DEL03-SC,Risco Baixo,Baixa
quarta-feira,BR-116,36.0,Pleno dia,Decrescente,Garoa/Chuvisco,Dupla,Não Informado,-25.13138,-48.85747,DEL01-PR,Risco Médio,Alta
domingo,BR-282,232.5,Anoitecer,Decrescente,Céu Claro,Simples,Reta,-27.7857,-50.45005,DEL05-SC,Risco Baixo,Baixa
sábado,BR-376,665.5,Plena Noite,Decrescente,Nublado,Dupla,Curva,-25.85456,-48.95671,DEL01-PR,Risco Baixo,Baixa
quinta-feira,BR-226,476.0,Plena Noite,Decrescente,Céu Claro,Simples,Reta,-6.03664,-46.62578,DEL04-MA,Risco Baixo,Baixa
quarta-feira,BR-226,5.6,Plena Noite,Crescente,Céu Claro,Simples,Reta,-5.856214,-35.35519,DEL01-RN,Risco Médio,Baixa
quarta-feira,BR-116,241.9,Pleno dia,Crescente,Sol,Dupla,Reta,-29.71697,-51.14819,DEL01-RS,Risco Médio,Alta
quinta-feira,BR-364,384.7,Pleno dia,Crescente,Céu Claro,Simples,Reta,-15.70155,-55.8512,DEL02-MT,Risco Baixo,Alta
quarta-feira,BR-364,147.0,Plena Noite,Decrescente,Céu Claro,Simples,Reta,-16.80005,-54.17711,DEL02-MT,Risco Médio,Alta
terça-feira,BR-470,11.0,Pleno dia,Crescente,Chuva,Simples,Reta,-26.83436,-48.74896,DEL04-SC,Risco Médio,Baixa
sexta-feira,BR-101,116.4,Plena Noite,Decrescente,Nublado,Dupla,Reta,-5.999152,-35.26016,DEL01-RN,Risco Médio,Alta
domingo,BR-282,351.0,Anoitecer,Crescente,Chuva,Simples,Rotatória,-27.36137,-51.30197,DEL07-SC,Risco Médio,Baixa
quinta-feira,BR-135,10.0,Pleno dia,Decrescente,Chuva,Dupla,Desvio Temporário,-2.596466,-44.32867,DEL01-MA,Risco Médio,Baixa
sexta-feira,BR-116,210.0,Plena Noite,Decrescente,Céu Claro,Dupla,Reta,-23.4287,-46.41086,DEL01-SP,Risco Baixo,Alta
segunda-feira,BR-262,165.6,Pleno dia,Decrescente,Céu Claro,Simples,Reta,-20.24747,-41.55782,DEL01-ES,Risco Médio,Média
segunda-feira,BR-40,780.9,Pleno dia,Crescente,Sol,Dupla,Reta,-21.70453,-43.45124,DEL05-MG,Risco Baixo,Alta
domingo,BR-116,50.7,Pleno dia,Crescente,Céu Claro,Dupla,Reta,-22.73993,-45.08976,DEL08-SP,Risco Baixo,Alta
segunda-feira,BR-476,142.0,Pleno dia,Decrescente,Céu Claro,Dupla,Reta,-25.53716,-49.30163,DEL01-PR,Risco Baixo,Baixa
quinta-feira,BR-277,431.9,Pleno dia,Decrescente,Chuva,Simples,Não Informado,-25.3784,-52.20277,DEL04-PR,Risco Médio,Média
sábado,BR-153,671.0,Pleno dia,Crescente,Céu Claro,Dupla,Reta,-11.73762,-49.0812,DEL02-TO,Risco Médio,Alta
terça-feira,BR-116,86.0,Pleno dia,Crescente,Céu Claro,Dupla,Reta,-22.92644,-45.35316,DEL06-SP,Risco Baixo,Alta
sexta-feira,BR-163,669.4,Plena Noite,Crescente,Chuva,Simples,Não Informado,-4.394052,-55.79024,DEL05-PA,Risco Baixo,Alta
quarta-feira,BR-393,10.1,Pleno dia,Crescente,Céu Claro,Simples,Curva,-20.84255,-41.24027,DEL03-ES,Risco Médio,Média
terça-feira,BR-116,32.0,Pleno dia,Decrescente,Garoa/Chuvisco,Dupla,Não Informado,-25.14803,-48.85922,DEL01-PR,Risco Médio,Alta
quarta-feira,BR-101,214.0,Pleno dia,Decrescente,Nublado,Dupla,Reta,-27.6444,-48.6705,DEL01-SC,Risco Médio,Alta
sábado,BR-381,454.5,Pleno dia,Decrescente,Céu Claro,Simples,Reta,-19.85594,-43.89662,DEL01-MG,Risco Médio,Alta
terça-feira,BR-163,484.5,Pleno dia,Decrescente,Nublado,Simples,Reta,-20.45105,-54.54033,DEL01-MS,Risco Médio,Alta
sábado,BR-116,274.0,Anoitecer,Crescente,Céu Claro,Dupla,Reta,-23.63445,-46.82419,DEL04-SP,Risco Médio,Alta
segunda-feira,BR-493,73.0,Plena Noite,Crescente,Céu Claro,Dupla,Reta,-22.68879,-43.49968,DEL01-RJ,Risco Médio,Baixa
domingo,BR-262,399.0,Anoitecer,Crescente,Céu Claro,Dupla,Reta,-19.90311,-44.534,DEL01-MG,Risco Médio,Média
terça-feira,BR-376,623.0,Amanhecer,Decrescente,Céu Claro,Dupla,Reta,-25.63462,-49.16182,DEL01-PR,Risco Médio,Baixa
sábado,BR-343,321.0,Amanhecer,Crescente,Céu Claro,Simples,Reta,-5.051889,-42.57745,DEL01-PI,Risco Médio,Baixa
sexta-feira,BR-101,311.0,Plena Noite,Crescente,Céu Claro,Dupla,Reta,-22.80062,-43.05319,DEL02-RJ,Risco Alto,Alta
quinta-feira,BR-60,235.4,Pleno dia,Decrescente,Céu Claro,Dupla,Reta,-17.08926,-49.85194,DEL01-GO,Risco Alto,Média
sexta-feira,BR-116,390.0,Plena Noite,Crescente,Céu Claro,Dupla,Reta,-24.27644,-47.41504,DEL04-SP,Risco Médio,Alta
segunda-feira,BR-381,929.9,Pleno dia,Crescente,Céu Claro,Dupla,Curva,-22.79911,-46.26124,DEL16-MG,Risco Médio,Alta
sexta-feira,BR-153,432.3,Plena Noite,Crescente,Céu Claro,Simples,Reta,-30.25462,-52.85248,DEL02-RS,Risco Baixo,Alta
domingo,BR-356,285.6,Pleno dia,Decrescente,Sol,Simples,Rotatória,-21.12715,-42.20166,DEL07-MG,Risco Médio,Baixa
quarta-feira,BR-285,460.6,Pleno dia,Crescente,Céu Claro,Simples,Não Informado,-28.41918,-53.91747,DEL10-RS,Risco Alto,Baixa
sábado,BR-364,417.0,Plena Noite,Crescente,Chuva,Simples,Reta,-10.49205,-62.42765,DEL03-RO,Risco Médio,Alta
terça-feira,BR-116,85.2,Plena Noite,Crescente,Nublado,Dupla,Reta,-22.92259,-45.34577,DEL06-SP,Risco Baixo,Alta
domingo,BR-116,182.0,Plena Noite,Decrescente,Nublado,Múltipla,Reta,-23.3443,-46.1607,DEL02-SP,Risco Baixo,Alta
sexta-feira,BR-116,176.0,Pleno dia,Crescente,Céu Claro,Dupla,Reta,-22.75892,-43.4279,DEL01-RJ,Risco Médio,Alta
quarta-feira,BR-70,12.0,Pleno dia,Decrescente,Céu Claro,Dupla,Reta,-15.79224,-48.15854,DEL01-DF,Risco Médio,Baixa
quarta-feira,BR-116,130.0,Pleno dia,Decrescente,Chuva,Dupla,Curva,-22.6595,-43.11672,DEL02-RJ,Risco Médio,Alta
quarta-feira,BR-101,96.0,Pleno dia,Decrescente,Nublado,Múltipla,Reta,-5.848058,-35.20844,DEL01-RN,Risco Médio,Alta
quinta-feira,BR-116,52.7,Pleno dia,Crescente,Chuva,Simples,Curva,-28.5823,-51.02379,DEL05-RS,Risco Baixo,Alta
sábado,BR-153,531.9,Pleno dia,Crescente,Céu Claro,Simples,Desvio Temporário,-16.97526,-49.23049,DEL01-GO,Risco Médio,Alta
quinta-feira,BR-101,327.0,Anoitecer,Crescente,Céu Claro,Múltipla,Reta,-22.87117,-43.15595,DEL02-RJ,Risco Médio,Alta
sábado,BR-262,435.1,Plena Noite,Decrescente,Nublado,Dupla,Reta,-19.88134,-44.90982,DEL08-MG,Risco Médio,Média
sábado,BR-459,38.0,Plena Noite,Decrescente,Céu Claro,Simples,Curva,-21.97394,-46.33268,DEL09-MG,Risco Médio,Baixa
terça-feira,BR-40,122.0,Pleno dia,Crescente,Céu Claro,Múltipla,Reta,-22.79083,-43.28612,DEL01-RJ,Risco Médio,Alta
quarta-feira,BR-324,623.2,Plena Noite,Crescente,Céu Claro,Dupla,Reta,-12.92629,-38.46839,DEL01-BA,Risco Médio,Baixa
quarta-feira,BR-365,76.2,Plena Noite,Crescente,Céu Claro,Simples,Não Informado,-17.13361,-44.35524,DEL12-MG,Risco Médio,Média
segunda-feira,BR-70,12.6,Amanhecer,Crescente,Céu Claro,Simples,Curva,-15.87934,-52.36196,DEL07-MT,Risco Médio,Baixa
segunda-feira,BR-153,326.7,Pleno dia,Decrescente,Garoa/Chuvisco,Simples,Reta,-8.763645,-48.51008,DEL02-TO,Risco Médio,Alta
quarta-feira,BR-285,293.1,Plena Noite,Crescente,Nublado,Simples,Curva,-28.23046,-52.39837,DEL08-RS,Risco Médio,Baixa
sexta-feira,BR-381,428.8,Pleno dia,Decrescente,Céu Claro,Dupla,Curva,-19.78885,-43.70614,DEL01-MG,Risco Médio,Alta
segunda-feira,BR-324,613.0,Pleno dia,Decrescente,Céu Claro,Dupla,Reta,-12.86398,-38.4237,DEL01-BA,Risco Médio,Baixa
domingo,BR-101,120.8,Plena Noite,Crescente,Nublado,Simples,Curva,-26.91276,-48.712,DEL04-SC,Risco Baixo,Alta
quinta-feira,BR-324,621.0,Pleno dia,Crescente,Céu Claro,Dupla,Reta,-12.91234,-38.45957,DEL01-BA,Risco Médio,Baixa
domingo,BR-493,59.0,Plena Noite,Decrescente,Nublado,Dupla,Reta,-22.67209,-43.28505,DEL01-RJ,Risco Médio,Baixa
sexta-feira,BR-70,595.0,Pleno dia,Crescente,Céu Claro,Simples,Reta,-15.79886,-56.68984,DEL03-MT,Risco Médio,Baixa
domingo,BR-251,27.4,Plena Noite,Decrescente,Céu Claro,Simples,Reta,-16.08209,-47.52264,DEL01-DF,Risco Médio,Baixa
sábado,BR-101,55.0,Pleno dia,Decrescente,Nublado,Simples,Reta,-21.83425,-41.42634,DEL08-RJ,Risco Médio,Alta
sábado,BR-222,3.2,Pleno dia,Decrescente,Chuva,Dupla,Ponte,-3.741201,-38.60148,DEL01-CE,Risco Baixo,Baixa
domingo,BR-40,512.0,Pleno dia,Decrescente,Céu Claro,Dupla,Não Informado,-19.78947,-44.11291,DEL01-MG,Risco Médio,Alta
sábado,BR-262,485.8,Pleno dia,Crescente,Sol,Simples,Reta,-20.50137,-55.76838,DEL03-MS,Risco Médio,Média
segunda-feira,BR-70,19.0,Pleno dia,Crescente,Céu Claro,Dupla,Curva,-15.79499,-48.19917,DEL01-DF,Risco Médio,Baixa
terça-feira,BR-116,143.0,Pleno dia,Decrescente,Céu Claro,Dupla,Reta,-23.1785,-45.83787,DEL02-SP,Risco Médio,Alta
sábado,BR-101,28.0,Plena Noite,Crescente,Céu Claro,Dupla,Reta,-26.20698,-48.91483,DEL03-SC,Risco Baixo,Alta
quinta-feira,BR-262,142.3,Pleno dia,Decrescente,Céu Claro,Simples,Reta,-20.05798,-42.72124,DEL03-MG,Risco Médio,Média
segunda-feira,BR-153,6.7,Pleno dia,Decrescente,Céu Claro,Simples,Reta,-12.88381,-49.10855,DEL07-GO,Risco Alto,Alta
sábado,BR-70,10.5,Pleno dia,Decrescente,Nublado,Dupla,Reta,-15.78815,-48.14317,DEL01-DF,Risco Médio,Baixa
quinta-feira,BR-376,174.5,Plena Noite,Crescente,Chuva,Dupla,Interseção de vias,-23.41668,-51.9567,DEL07-PR,Risco Médio,Baixa
segunda-feira,BR-101,162.0,Pleno dia,Decrescente,Sol,Simples,Reta,-27.2325,-48.6299,DEL04-SC,Risco Médio,Alta
segunda-feira,BR-101,355.2,Pleno dia,Decrescente,Nublado,Dupla,Curva,-20.68854,-40.67979,DEL03-ES,Risco Médio,Alta
sábado,BR-135,233.0,Plena Noite,Decrescente,Céu Claro,Simples,Não Informado,-8.230878,-43.78975,DEL03-PI,Risco Alto,Baixa
quinta-feira,BR-101,52.0,Pleno dia,Crescente,Ignorado,Simples,Reta,-14.83781,-39.32608,DEL01-BA,Risco Médio,Alta
domingo,BR-153,76.4,Pleno dia,Crescente,Céu Claro,Simples,Reta,-20.89933,-49.44326,DEL09-SP,Risco Médio,Alta
quinta-feira,BR-135,257.2,Pleno dia,Decrescente,Céu Claro,Simples,Não Informado,-4.631521,-44.33839,DEL03-MA,Risco Alto,Baixa
terça-feira,BR-381,532.1,Pleno dia,Crescente,Chuva,Dupla,Curva,-20.16487,-44.36726,DEL04-MG,Risco Baixo,Alta
quinta-feira,BR-369,201.3,Plena Noite,Crescente,Nublado,Simples,Reta,-23.53739,-51.45687,DEL07-PR,Risco Médio,Baixa
sexta-feira,BR-230,32.0,Pleno dia,Decrescente,Céu Claro,Dupla,Reta,-7.143,-34.9192,DEL01-PB,Risco Médio,Baixa
sexta-feira,BR-232,107.9,Pleno dia,Crescente,Nublado,Dupla,Reta,-8.26839,-35.79747,DEL02-PE,Risco Médio,Baixa
sábado,BR-116,220.0,Plena Noite,Decrescente,Céu Claro,Múltipla,Reta,-23.46473,-46.49794,DEL01-SP,Risco Baixo,Alta
segunda-feira,BR-101,247.0,Pleno dia,Crescente,Céu Claro,Simples,Curva,-12.98496,-39.29116,DEL01-BA,Risco Médio,Alta
sábado,BR-232,78.5,Plena Noite,Decrescente,Chuva,Simples,Reta,-8.213791,-35.62899,DEL01-PE,Risco Médio,Baixa
terça-feira,BR-116,76.0,Pleno dia,Crescente,Nublado,Simples,Reta,-4.368187,-38.45029,DEL03-CE,Risco Baixo,Alta
segunda-feira,BR-163,83.2,Pleno dia,Decrescente,Céu Claro,Simples,Interseção de vias,-25.73045,-53.79671,DEL02-PR,Risco Médio,Alta
quinta-feira,BR-376,495.0,Pleno dia,Crescente,Céu Claro,Dupla,Curva,-25.13381,-50.16587,DEL03-PR,Risco Médio,Baixa
domingo,BR-153,495.2,Plena Noite,Decrescente,Chuva,Dupla,Reta,-16.6681,-49.2263,DEL01-GO,Risco Médio,Alta
quarta-feira,BR-381,736.2,Pleno dia,Decrescente,Céu Claro,Dupla,Reta,-21.5571,-45.2447,DEL04-MG,Risco Médio,Alta
segunda-feira,BR-116,37.3,Pleno dia,Crescente,Céu Claro,Dupla,Reta,-4.077801,-38.50006,DEL01-CE,Risco Médio,Alta
domingo,BR-465,22.5,Pleno dia,Decrescente,Nublado,Simples,Reta,-22.86358,-43.60148,DEL01-RJ,Risco Médio,Baixa
domingo,BR-40,121.0,Plena Noite,Decrescente,Céu Claro,Múltipla,Reta,-22.78185,-43.28571,DEL01-RJ,Risco Médio,Alta
sexta-feira,BR-280,99.1,Pleno dia,Decrescente,Chuva,Simples,Não Informado,-26.36459,-49.3355,DEL06-SC,Risco Alto,Baixa
sábado,BR-435,118.0,Pleno dia,Decrescente,Céu Claro,Simples,Reta,-13.1869,-60.76562,DEL04-RO,Risco Médio,Baixa
quinta-feira,BR-470,160.9,Pleno dia,Crescente,Céu Claro,Simples,Não Informado,-27.28568,-49.80693,DEL04-SC,Risco Médio,Baixa
sexta-feira,BR-116,305.6,Plena Noite,Crescente,Chuva,Dupla,Curva,-23.84287,-46.93239,DEL04-SP,Risco Médio,Alta
quarta-feira,BR-101,440.1,Pleno dia,Decrescente,Chuva,Simples,Reta,-14.27396,-39.3272,DEL05-BA,Risco Alto,Alta
quarta-feira,BR-262,46.2,Amanhecer,Decrescente,Céu Claro,Simples,Reta,-20.38909,-40.66912,DEL01-ES,Risco Médio,Média
sábado,BR-381,904.0,Pleno dia,Decrescente,Céu Claro,Dupla,Não Informado,-22.68842,-46.10648,DEL16-MG,Risco Médio,Alta
terça-feira,BR-116,276.0,Pleno dia,Decrescente,Nublado,Dupla,Reta,-22.52116,-44.20442,DEL07-RJ,Risco Baixo,Alta
terça-feira,BR-40,16.0,Pleno dia,Decrescente,Sol,Dupla,Reta,-16.17518,-47.92964,DEL01-DF,Risco Médio,Alta
domingo,BR-369,123.2,Amanhecer,Crescente,Chuva,Simples,Reta,-23.28434,-50.92992,DEL07-PR,Risco Médio,Baixa
quinta-feira,BR-116,237.0,Pleno dia,Decrescente,Céu Claro,Dupla,Reta,-22.66467,-43.88337,DEL07-RJ,Risco Médio,Alta