dia_semana,br,km,fase_dia,sentido_via,condicao_metereologica,tipo_pista,tracado_via,latitude,longitude,delegacia,classificacao_acidente,postos_policiais_PRF
sexta-feira,BR-135,6.8,Plena Noite,Decrescente,Céu Claro,Dupla,Reta,-2.635949,-44.2682,DEL01-MA,Risco Baixo,Baixa
segunda-feira,BR-364,349.0,Pleno dia,Crescente,Céu Claro,Dupla,Reta,-15.80503,-55.55464,DEL05-MT,Risco Médio,Alta
quarta-feira,BR-101,70.0,Pleno dia,Decrescente,Céu Claro,Simples,Reta,-8.067761,-34.94265,DEL01-PE,Risco Médio,Alta
sexta-feira,BR-101,381.9,Pleno dia,Crescente,Nublado,Simples,Reta,-20.81427,-40.84094,DEL03-ES,Risco Baixo,Alta
quarta-feira,BR-40,626.3,Plena Noite,Crescente,Céu Claro,Simples,Reta,-20.62802,-43.80897,DEL05-MG,Risco Médio,Alta
quinta-feira,BR-116,208.2,Anoitecer,Decrescente,Céu Claro,Dupla,Reta,-23.42275,-46.39506,DEL01-SP,Risco Baixo,Alta
sexta-feira,BR-277,654.0,Pleno dia,Crescente,Céu Claro,Simples,Reta,-25.22232,-53.95132,DEL05-PR,Risco Médio,Média
segunda-feira,BR-116,107.6,Pleno dia,Decrescente,Céu Claro,Simples,Não Informado,-26.75569,-50.32812,DEL06-SC,Risco Baixo,Alta
sexta-feira,BR-40,531.6,Pleno dia,Crescente,Céu Claro,Dupla,Desvio Temporário,-19.9243,-44.0151,DEL01-MG,Risco Médio,Alta
sábado,BR-101,90.0,Plena Noite,Decrescente,Chuva,Dupla,Reta,-8.216128,-34.98773,DEL01-PE,Risco Médio,Alta
segunda-feira,BR-158,532.1,Plena Noite,Decrescente,Nublado,Simples,Interseção de vias,-30.78697,-55.18879,DEL11-RS,Risco Médio,Baixa
terça-feira,BR-262,3.9,Pleno dia,Crescente,Céu Claro,Múltipla,Reta,-20.33374,-40.36911,DEL01-ES,Risco Médio,Média
segunda-feira,BR-135,12.0,Pleno dia,Decrescente,Chuva,Dupla,Reta,-2.672236,-44.29174,DEL01-MA,Risco Médio,Baixa
quarta-feira,BR-116,2.5,Amanhecer,Decrescente,Nublado,Dupla,Curva,-22.5232,-44.722,DEL08-SP,Risco Baixo,Alta
sexta-feira,BR-285,265.9,Pleno dia,Crescente,Chuva,Simples,Curva,-28.30312,-52.12703,DEL08-RS,Risco Médio,Baixa
sábado,BR-230,155.4,Plena Noite,Crescente,Céu Claro,Simples,Retorno Regulamentado,-7.2748,-35.9058,DEL02-PB,Risco Médio,Baixa
sexta-feira,BR-101,417.0,Pleno dia,Decrescente,Céu Claro,Múltipla,Curva,-22.91294,-43.89732,DEL03-RJ,Risco Médio,Alta
quarta-feira,BR-364,280.0,Plena Noite,Crescente,Chuva,Simples,Reta,-11.381,-61.8008,DEL02-RO,Risco Baixo,Alta
sábado,BR-381,509.0,Plena Noite,Decrescente,Céu Claro,Dupla,Curva,-20.0496,-44.2775,DEL01-MG,Risco Médio,Alta
segunda-feira,BR-230,41.9,Pleno dia,Decrescente,Céu Claro,Dupla,Retorno Regulamentado,-7.145084,-34.99807,DEL01-PB,Risco Médio,Baixa
sábado,BR-376,671.0,Pleno dia,Decrescente,Garoa/Chuvisco,Múltipla,Não Informado,-25.88532,-48.93515,DEL01-PR,Risco Baixo,Baixa
segunda-feira,BR-60,175.1,Anoitecer,Crescente,Céu Claro,Dupla,Reta,-16.7519,-49.4317,DEL01-GO,Risco Médio,Média
quinta-feira,BR-40,527.0,Anoitecer,Decrescente,Céu Claro,Dupla,Reta,-19.9015,-44.04939,DEL01-MG,Risco Médio,Alta
terça-feira,BR-369,129.7,Plena Noite,Decrescente,Céu Claro,Simples,Reta,-23.25831,-50.98123,DEL07-PR,Risco Médio,Baixa
domingo,BR-40,513.2,Pleno dia,Decrescente,Céu Claro,Dupla,Reta,-19.79705,-44.10805,DEL01-MG,Risco Médio,Alta
sábado,BR-163,669.0,Pleno dia,Crescente,Nublado,Simples,Reta,-13.14802,-55.96959,DEL06-MT,Risco Médio,Alta
segunda-feira,BR-465,2.0,Plena Noite,Crescente,Céu Claro,Simples,Reta,-22.72727,-43.71871,DEL01-RJ,Risco Alto,Baixa
domingo,BR-324,545.0,Plena Noite,Decrescente,Ignorado,Dupla,Reta,-12.40647,-38.75314,DEL01-BA,Risco Alto,Baixa
terça-feira,BR-381,508.2,Pleno dia,Decrescente,Nublado,Dupla,Curva,-20.06278,-44.29329,DEL01-MG,Risco Médio,Alta
quinta-feira,BR-316,30.3,Pleno dia,Crescente,Céu Claro,Simples,Reta,-5.344546,-42.68423,DEL01-PI,Risco Médio,Baixa
segunda-feira,BR-381,217.0,Pleno dia,Decrescente,Céu Claro,Simples,Curva,-19.39415,-42.48377,DEL06-MG,Risco Médio,Alta
segunda-feira,BR-364,343.1,Plena Noite,Crescente,Nublado,Múltipla,Reta,-10.87879,-61.94499,DEL02-RO,Risco Médio,Alta
terça-feira,BR-116,220.0,Pleno dia,Crescente,Céu Claro,Simples,Curva,-22.70091,-43.75705,DEL07-RJ,Risco Baixo,Alta
sábado,BR-381,378.0,Pleno dia,Crescente,Chuva,Simples,Curva,-19.85714,-43.26828,DEL01-MG,Risco Médio,Alta
domingo,BR-101,165.8,Pleno dia,Crescente,Céu Claro,Dupla,Reta,-27.25266,-48.63155,DEL04-SC,Risco Médio,Alta
domingo,BR-262,40.0,Plena Noite,Decrescente,Sol,Simples,Reta,-20.272,-42.0643,DEL06-MG,Risco Baixo,Média
quarta-feira,BR-110,58.8,Plena Noite,Decrescente,Ignorado,Simples,Reta,-5.290025,-37.33086,DEL04-RN,Risco Baixo,Baixa
quinta-feira,BR-290,152.0,Plena Noite,Decrescente,Nublado,Simples,Reta,-30.10477,-51.72754,DEL02-RS,Risco Médio,Baixa
terça-feira,BR-40,9.0,Pleno dia,Crescente,Nublado,Dupla,Reta,-16.13116,-47.95774,DEL01-DF,Risco Médio,Alta
terça-feira,BR-101,321.0,Pleno dia,Crescente,Nublado,Simples,Curva,-22.87813,-43.10985,DEL02-RJ,Risco Médio,Alta
quinta-feira,BR-381,857.9,Plena Noite,Decrescente,Céu Claro,Dupla,Reta,-22.33418,-45.92157,DEL16-MG,Risco Médio,Alta
domingo,BR-153,736.0,Pleno dia,Crescente,Garoa/Chuvisco,Simples,Não Informado,-12.26229,-49.15951,DEL01-TO,Risco Médio,Alta
segunda-feira,BR-116,257.0,Plena Noite,Crescente,Céu Claro,Dupla,Interseção de vias,-29.84992,-51.17948,DEL01-RS,Risco Médio,Alta
sexta-feira,BR-304,152.3,Plena Noite,Crescente,Céu Claro,Simples,Reta,-5.692399,-36.58913,DEL04-RN,Risco Médio,Baixa
quinta-feira,BR-392,60.6,Pleno dia,Decrescente,Garoa/Chuvisco,Simples,Ponte,-31.78816,-52.35033,DEL07-RS,Risco Baixo,Média
sexta-feira,BR-101,100.2,Pleno dia,Decrescente,Chuva,Dupla,Curva,-21.88111,-41.59066,DEL08-RJ,Risco Médio,Alta
sábado,BR-101,567.0,Plena Noite,Crescente,Nublado,Simples,Curva,-15.2544,-39.44931,DEL05-BA,Risco Baixo,Alta
sábado,BR-40,517.6,Plena Noite,Crescente,Céu Claro,Dupla,Retorno Regulamentado,-19.82956,-44.08348,DEL01-MG,Risco Médio,Alta
segunda-feira,BR-230,20.4,Plena Noite,Crescente,Céu Claro,Dupla,Reta,-7.139687,-34.85236,DEL01-PB,Risco Médio,Baixa
domingo,BR-381,487.5,Pleno dia,Crescente,Sol,Dupla,Reta,-19.95587,-44.1461,DEL01-MG,Risco Médio,Alta
quarta-feira,BR-60,414.2,Anoitecer,Crescente,Céu Claro,Simples,Rotatória,-20.89667,-54.86922,DEL01-MS,Risco Baixo,Média
segunda-feira,BR-40,743.9,Amanhecer,Crescente,Garoa/Chuvisco,Simples,Viaduto,-21.44235,-43.55777,DEL05-MG,Risco Baixo,Alta
sexta-feira,BR-470,54.5,Plena Noite,Crescente,Nublado,Simples,Curva,-26.87107,-49.11037,DEL04-SC,Risco Médio,Baixa
segunda-feira,BR-343,3.4,Pleno dia,Decrescente,Nublado,Múltipla,Interseção de vias,-5.089569,-42.80229,DEL01-PI,Risco Baixo,Baixa
terça-feira,BR-101,57.3,Pleno dia,Decrescente,Nublado,Múltipla,Não Informado,-26.43646,-48.81113,DEL03-SC,Risco Médio,Alta
sábado,BR-101,333.2,Plena Noite,Decrescente,Céu Claro,Dupla,Reta,-28.4663,-48.99653,DEL02-SC,Risco Médio,Alta
domingo,BR-101,109.0,Plena Noite,Crescente,Chuva,Dupla,Reta,-26.83481,-48.7055,DEL03-SC,Risco Médio,Alta
sexta-feira,BR-101,211.1,Amanhecer,Crescente,Céu Claro,Dupla,Reta,-27.62329,-48.65246,DEL01-SC,Risco Médio,Alta
terça-feira,BR-381,563.2,Plena Noite,Crescente,Céu Claro,Dupla,Reta,-20.40233,-44.50913,DEL04-MG,Risco Médio,Alta
domingo,BR-365,3.3,Pleno dia,Crescente,Céu Claro,Simples,Reta,-16.79194,-43.89583,DEL12-MG,Risco Alto,Média
domingo,BR-101,175.0,Plena Noite,Decrescente,Chuva,Dupla,Curva,-27.33919,-48.6271,DEL01-SC,Risco Médio,Alta
terça-feira,BR-407,478.0,Amanhecer,Decrescente,Nublado,Simples,Reta,-7.424365,-41.19945,DEL04-PI,Risco Médio,Baixa
quinta-feira,BR-70,3.2,Plena Noite,Crescente,Céu Claro,Múltipla,Reta,-15.80245,-48.08039,DEL01-DF,Risco Médio,Baixa
sábado,BR-158,207.0,Plena Noite,Crescente,Céu Claro,Dupla,Reta,-23.96406,-52.35198,DEL04-PR,Risco Médio,Baixa
sábado,BR-101,343.0,Pleno dia,Decrescente,Céu Claro,Dupla,Curva,-28.52766,-49.05615,DEL02-SC,Risco Médio,Alta
domingo,BR-232,413.8,Pleno dia,Crescente,Céu Claro,Simples,Reta,-7.988571,-38.32972,DEL04-PE,Risco Alto,Baixa
sexta-feira,BR-116,0.8,Plena Noite,Crescente,Nublado,Dupla,Curva,-25.06339,-48.56741,DEL01-PR,Risco Médio,Alta
quinta-feira,BR-135,505.0,Pleno dia,Crescente,Céu Claro,Simples,Reta,-9.753529,-45.30735,DEL03-PI,Risco Médio,Baixa
sexta-feira,BR-232,527.0,Pleno dia,Crescente,Céu Claro,Simples,Reta,-8.075758,-39.31574,DEL05-PE,Risco Baixo,Baixa
domingo,BR-470,166.3,Plena Noite,Crescente,Chuva,Simples,Reta,-27.27521,-49.85513,DEL04-SC,Risco Médio,Baixa
quarta-feira,BR-376,143.5,Anoitecer,Decrescente,Céu Claro,Dupla,Reta,-23.26985,-52.15979,DEL07-PR,Risco Médio,Baixa
sábado,BR-40,5.0,Pleno dia,Crescente,Céu Claro,Dupla,Reta,-16.09672,-47.97989,DEL01-DF,Risco Baixo,Alta
domingo,BR-476,147.0,Plena Noite,Crescente,Céu Claro,Dupla,Reta,-25.55463,-49.33927,DEL01-PR,Risco Médio,Baixa
sexta-feira,BR-365,706.5,Plena Noite,Crescente,Céu Claro,Simples,Rotatória,-18.87892,-49.05482,DEL15-MG,Risco Médio,Média
domingo,BR-470,122.9,Pleno dia,Decrescente,Céu Claro,Simples,Curva,-27.09989,-49.52768,DEL04-SC,Risco Médio,Baixa
domingo,BR-101,42.2,Pleno dia,Crescente,Céu Claro,Dupla,Reta,-29.5515,-50.03292,DEL03-RS,Risco Médio,Alta
terça-feira,BR-116,55.8,Pleno dia,Crescente,Nublado,Simples,Desvio Temporário,-28.0,-51.0,DEL05-RS,Risco Baixo,Alta
quarta-feira,BR-230,625.0,Pleno dia,Crescente,Céu Claro,Simples,Reta,-3.170792,-52.11657,DEL04-PA,Risco Baixo,Baixa
sexta-feira,BR-376,181.0,Pleno dia,Decrescente,Céu Claro,Múltipla,Rotatória,-23.43197,-51.88672,DEL09-PR,Risco Médio,Baixa
domingo,BR-242,352.0,Amanhecer,Decrescente,Garoa/Chuvisco,Simples,Curva,-12.43207,-41.50685,DEL06-BA,Risco Baixo,Baixa
terça-feira,BR-101,329.0,Pleno dia,Decrescente,Céu Claro,Dupla,Curva,-20.58543,-40.49702,DEL03-ES,Risco Médio,Alta
terça-feira,BR-304,35.3,Pleno dia,Crescente,Céu Claro,Dupla,Reta,-5.161506,-37.35068,DEL04-RN,Risco Médio,Baixa
segunda-feira,BR-304,300.0,Pleno dia,Decrescente,Chuva,Dupla,Reta,-5.871256,-35.32188,DEL01-RN,Risco Médio,Baixa
sexta-feira,BR-101,212.0,Pleno dia,Decrescente,Nublado,Múltipla,Reta,-27.62416,-48.65281,DEL01-SC,Risco Médio,Alta
segunda-feira,BR-242,430.0,Plena Noite,Decrescente,Céu Claro,Simples,Reta,-12.42115,-42.09824,DEL10-BA,Risco Baixo,Baixa
sexta-feira,BR-101,208.0,Pleno dia,Crescente,Céu Claro,Dupla,Curva,-27.6101,-48.6388,DEL01-SC,Risco Médio,Alta
quarta-feira,BR-116,49.1,Pleno dia,Crescente,Céu Claro,Dupla,Reta,-22.7281,-45.0734,DEL08-SP,Risco Médio,Alta
sábado,BR-369,148.0,Plena Noite,Decrescente,Céu Claro,Dupla,Reta,-23.29294,-51.14288,DEL07-PR,Risco Baixo,Baixa
sábado,BR-364,276.8,Plena Noite,Decrescente,Céu Claro,Simples,Reta,-15.95066,-54.99972,DEL02-MT,Risco Médio,Alta
sábado,BR-101,264.6,Pleno dia,Decrescente,Céu Claro,Dupla,Reta,-28.06001,-48.71691,DEL02-SC,Risco Médio,Alta
quinta-feira,BR-101,151.0,Pleno dia,Crescente,Céu Claro,Simples,Interseção de vias,-19.41157,-40.06592,DEL04-ES,Risco Médio,Alta
terça-feira,BR-222,82.2,Pleno dia,Decrescente,Garoa/Chuvisco,Simples,Curva,-3.675964,-39.2785,DEL04-CE,Risco Médio,Baixa
domingo,BR-262,111.3,Plena Noite,Crescente,Céu Claro,Simples,Reta,-20.26441,-42.59312,DEL03-MG,Risco Médio,Média
terça-feira,BR-408,105.0,Pleno dia,Crescente,Céu Claro,Dupla,Curva,-8.082313,-34.99331,DEL01-PE,Risco Baixo,Baixa
sexta-feira,BR-101,213.2,Plena Noite,Decrescente,Chuva,Múltipla,Reta,-27.63697,-48.66514,DEL01-SC,Risco Médio,Alta
quarta-feira,BR-101,38.5,Pleno dia,Crescente,Céu Claro,Dupla,Rotatória,-26.29629,-48.88428,DEL03-SC,Risco Médio,Alta
quinta-feira,BR-40,15.0,Plena Noite,Crescente,Céu Claro,Simples,Reta,-16.1671,-47.93016,DEL01-DF,Risco Baixo,Alta
terça-feira,BR-277,642.0,Pleno dia,Crescente,Chuva,Dupla,Curva,-25.1829,-53.87112,DEL05-PR,Risco Médio,Média
segunda-feira,BR-116,94.0,Pleno dia,Crescente,Garoa/Chuvisco,Simples,Reta,-22.46644,-43.00089,DEL04-RJ,Risco Médio,Alta
quarta-feira,BR-285,338.5,Pleno dia,Crescente,Sol,Simples,Reta,-28.3157,-52.77902,DEL08-RS,Risco Médio,Baixa
sábado,BR-472,577.0,Plena Noite,Decrescente,Céu Claro,Simples,Rotatória,-29.78006,-57.06313,DEL13-RS,Risco Médio,Baixa
quarta-feira,BR-116,193.0,Plena Noite,Crescente,Céu Claro,Dupla,Reta,-23.37498,-46.2458,DEL01-SP,Risco Médio,Alta
sexta-feira,BR-282,601.0,Pleno dia,Crescente,Sol,Simples,Curva,-26.81637,-53.16392,DEL07-SC,Risco Médio,Baixa
sexta-feira,BR-293,68.1,Pleno dia,Decrescente,Céu Claro,Simples,Não Informado,-31.69509,-53.00571,DEL07-RS,Risco Alto,Baixa
quinta-feira,BR-277,620.0,Pleno dia,Crescente,Sol,Simples,Reta,-25.17908,-53.87596,DEL05-PR,Risco Médio,Média
quinta-feira,BR-476,197.0,Plena Noite,Decrescente,Nublado,Simples,Interseção de vias,-25.75938,-49.73254,DEL01-PR,Risco Médio,Baixa
sexta-feira,BR-101,206.0,Pleno dia,Decrescente,Céu Claro,Dupla,Reta,-27.59194,-48.61825,DEL01-SC,Risco Médio,Alta
sábado,BR-476,138.0,Plena Noite,Crescente,Garoa/Chuvisco,Dupla,Reta,-25.50556,-49.28342,DEL01-PR,Risco Médio,Baixa
quarta-feira,BR-101,164.1,Pleno dia,Decrescente,Céu Claro,Simples,Curva,-27.2421,-48.63084,DEL04-SC,Risco Baixo,Alta
sábado,BR-267,21.4,Plena Noite,Decrescente,Nublado,Simples,Curva,-21.59433,-42.7954,DEL07-MG,Risco Médio,Baixa
sábado,BR-381,525.0,Pleno dia,Crescente,Nublado,Dupla,Curva,-20.16711,-44.33422,DEL04-MG,Risco Médio,Alta
sexta-feira,BR-116,17.3,Pleno dia,Decrescente,Sol,Dupla,Reta,-3.901184,-38.50404,DEL01-CE,Risco Baixo,Alta
quinta-feira,BR-70,50.0,Pleno dia,Crescente,Céu Claro,Simples,Reta,-15.7506,-48.6152,DEL01-DF,Risco Baixo,Baixa
segunda-feira,BR-324,583.0,Pleno dia,Decrescente,Chuva,Dupla,Reta,-12.61419,-38.487,DEL01-BA,Risco Médio,Baixa
sábado,BR-470,12.0,Pleno dia,Decrescente,Ignorado,Simples,Reta,-26.83517,-48.75727,DEL04-SC,Risco Baixo,Baixa
quarta-feira,BR-386,34.0,Anoitecer,Decrescente,Céu Claro,Simples,Não Informado,-27.35844,-53.3883,DEL08-RS,Risco Médio,Média
domingo,BR-280,167.3,Plena Noite,Crescente,Céu Claro,Simples,Reta,-26.1693,-49.81814,DEL06-SC,Risco Baixo,Baixa
sábado,BR-376,206.7,Pleno dia,Crescente,Céu Claro,Simples,Reta,-23.56411,-51.6576,DEL07-PR,Risco Médio,Baixa
quarta-feira,BR-116,330.1,Pleno dia,Decrescente,Céu Claro,Dupla,Reta,-23.94429,-47.09669,DEL04-SP,Risco Médio,Alta
domingo,BR-381,434.0,Pleno dia,Decrescente,Céu Claro,Simples,Reta,-19.78917,-43.73491,DEL01-MG,Risco Baixo,Alta
domingo,BR-153,41.5,Plena Noite,Decrescente,Céu Claro,Simples,Reta,-26.85192,-51.74456,DEL07-SC,Risco Médio,Alta
segunda-feira,BR-324,624.0,Pleno dia,Crescente,Sol,Dupla,Reta,-12.94127,-38.47103,DEL01-BA,Risco Médio,Baixa
quarta-feira,BR-364,58.9,Pleno dia,Decrescente,Sol,Simples,Reta,-16.93624,-53.53437,DEL02-MT,Risco Médio,Alta
segunda-feira,BR-262,436.0,Pleno dia,Crescente,Céu Claro,Dupla,Não Informado,-19.8799,-44.9153,DEL08-MG,Risco Alto,Média
terça-feira,BR-242,853.0,Plena Noite,Crescente,Céu Claro,Simples,Reta,-12.10556,-45.31565,DEL10-BA,Risco Baixo,Baixa
quarta-feira,BR-101,279.0,Pleno dia,Decrescente,Céu Claro,Dupla,Reta,-28.17131,-48.69463,DEL02-SC,Risco Médio,Alta
quinta-feira,BR-116,545.3,Amanhecer,Decrescente,Céu Claro,Dupla,Curva,-24.96472,-48.42948,DEL05-SP,Risco Médio,Alta
terça-feira,BR-282,23.9,Amanhecer,Decrescente,Chuva,Simples,Reta,-27.68796,-48.73679,DEL01-SC,Risco Médio,Baixa
terça-feira,BR-101,0.7,Pleno dia,Crescente,Sol,Dupla,Reta,-20.24126,-40.28,DEL02-ES,Risco Médio,Alta
quinta-feira,BR-116,121.0,Pleno dia,Crescente,Sol,Dupla,Reta,-23.07631,-45.65337,DEL02-SP,Risco Médio,Alta
segunda-feira,BR-135,10.6,Pleno dia,Decrescente,Céu Claro,Dupla,Reta,-2.655912,-44.28629,DEL01-MA,Risco Médio,Baixa
sexta-feira,BR-324,520.0,Plena Noite,Decrescente,Céu Claro,Dupla,Reta,-12.29378,-38.90832,DEL01-BA,Risco Médio,Baixa
terça-feira,BR-153,657.0,Plena Noite,Crescente,Céu Claro,Simples,Reta,-11.59626,-49.03887,DEL01-TO,Risco Médio,Alta
quinta-feira,BR-101,9.8,Pleno dia,Decrescente,Chuva,Dupla,Não Informado,-7.577889,-34.98848,DEL01-PE,Risco Médio,Alta
sábado,BR-116,184.8,Plena Noite,Decrescente,Nublado,Dupla,Reta,-22.74269,-43.50459,DEL01-RJ,Risco Baixo,Alta
quinta-feira,BR-287,439.3,Pleno dia,Crescente,Chuva,Simples,Não Informado,-29.04464,-55.19933,DEL12-RS,Risco Médio,Baixa
domingo,BR-153,57.3,Amanhecer,Crescente,Garoa/Chuvisco,Simples,Curva,-20.76991,-49.34982,DEL09-SP,Risco Médio,Alta
segunda-feira,BR-262,0.0,Pleno dia,Decrescente,Nublado,Dupla,Ponte,-20.32122,-40.35095,DEL01-ES,Risco Baixo,Média
sexta-feira,BR-392,113.0,Pleno dia,Decrescente,Céu Claro,Simples,Não Informado,-31.4396,-52.64981,DEL07-RS,Risco Baixo,Média
segunda-feira,BR-242,583.0,Plena Noite,Decrescente,Céu Claro,Simples,Reta,-12.18572,-43.22091,DEL10-BA,Risco Médio,Baixa
domingo,BR-116,261.5,Plena Noite,Decrescente,Céu Claro,Simples,Reta,-17.73089,-41.49857,DEL11-MG,Risco Médio,Alta
sexta-feira,BR-101,139.0,Pleno dia,Crescente,Céu Claro,Dupla,Curva,-27.0386,-48.6028,DEL04-SC,Risco Baixo,Alta
quinta-feira,BR-163,88.0,Pleno dia,Decrescente,Sol,Simples,Reta,-26.58233,-53.5175,DEL07-SC,Risco Médio,Alta
quarta-feira,BR-262,412.0,Anoitecer,Crescente,Céu Claro,Dupla,Interseção de vias,-19.89847,-44.69873,DEL08-MG,Risco Médio,Média
sábado,BR-158,104.4,Pleno dia,Crescente,Sol,Simples,Reta,-19.73558,-51.13119,DEL08-MS,Risco Baixo,Baixa
quarta-feira,BR-101,109.6,Pleno dia,Decrescente,Sol,Múltipla,Interseção de vias,-5.939354,-35.26435,DEL01-RN,Risco Médio,Alta
sábado,BR-101,68.0,Pleno dia,Decrescente,Nublado,Dupla,Não Informado,-8.047374,-34.94513,DEL01-PE,Risco Médio,Alta
segunda-feira,BR-20,205.9,Pleno dia,Decrescente,Céu Claro,Simples,Reta,-5.116039,-39.72549,DEL02-CE,Risco Médio,Baixa
sábado,BR-285,565.7,Pleno dia,Crescente,Garoa/Chuvisco,Simples,Reta,-28.41899,-54.95666,DEL10-RS,Risco Médio,Baixa
sábado,BR-343,0.6,Plena Noite,Decrescente,Céu Claro,Dupla,Não Informado,-5.056642,-42.68414,DEL05-PI,Risco Baixo,Baixa
sexta-feira,BR-316,553.0,Plena Noite,Decrescente,Céu Claro,Simples,Reta,-4.877648,-43.33816,DEL03-MA,Risco Médio,Baixa
terça-feira,BR-135,327.0,Plena Noite,Crescente,Céu Claro,Simples,Reta,-8.903172,-44.24681,DEL03-PI,Risco Baixo,Baixa
terça-feira,BR-163,833.0,Pleno dia,Crescente,Céu Claro,Simples,Reta,-11.87208,-55.49787,DEL06-MT,Risco Médio,Alta
quarta-feira,BR-282,2.0,Pleno dia,Decrescente,Céu Claro,Dupla,Reta,-27.60329,-48.59042,DEL01-SC,Risco Médio,Baixa
segunda-feira,BR-116,91.5,Pleno dia,Decrescente,Céu Claro,Simples,Curva,-28.86919,-51.11956,DEL05-RS,Risco Médio,Alta
quarta-feira,BR-101,63.7,Amanhecer,Decrescente,Céu Claro,Múltipla,Reta,-8.013433,-34.93861,DEL01-PE,Risco Baixo,Alta
sexta-feira,BR-50,176.0,Pleno dia,Decrescente,Céu Claro,Dupla,Reta,-19.7792,-47.96003,DEL13-MG,Risco Baixo,Média
domingo,BR-40,791.7,Pleno dia,Crescente,Céu Claro,Dupla,Reta,-21.77922,-43.42576,DEL05-MG,Risco Médio,Alta
segunda-feira,BR-116,273.1,Plena Noite,Crescente,Céu Claro,Dupla,Curva,-22.54615,-44.18432,DEL07-RJ,Risco Alto,Alta
segunda-feira,BR-101,303.1,Pleno dia,Decrescente,Chuva,Dupla,Reta,-20.37736,-40.44627,DEL01-ES,Risco Médio,Alta
quinta-feira,BR-470,106.5,Pleno dia,Decrescente,Nublado,Simples,Curva,-27.06527,-49.41621,DEL04-SC,Risco Baixo,Baixa
terça-feira,BR-392,20.6,Pleno dia,Crescente,Chuva,Dupla,Reta,-32.08573,-52.1969,DEL07-RS,Risco Baixo,Média
domingo,BR-467,83.0,Plena Noite,Decrescente,Nublado,Dupla,Curva,-24.8125,-53.6653,DEL04-PR,Risco Médio,Baixa
sexta-feira,BR-282,308.0,Pleno dia,Crescente,Chuva,Simples,Curva,-27.49292,-50.97197,DEL07-SC,Risco Baixo,Baixa
domingo,BR-381,933.0,Pleno dia,Decrescente,Céu Claro,Dupla,Curva,-22.81492,-46.29206,DEL16-MG,Risco Médio,Alta
domingo,BR-381,912.9,Pleno dia,Decrescente,Chuva,Dupla,Curva,-22.714,-46.1229,DEL16-MG,Risco Médio,Alta
segunda-feira,BR-158,160.5,Pleno dia,Decrescente,Chuva,Simples,Reta,-28.36064,-53.50272,DEL10-RS,Risco Médio,Baixa
segunda-feira,BR-282,569.2,Pleno dia,Crescente,Sol,Simples,Reta,-26.9007,-52.9152,DEL07-SC,Risco Alto,Baixa
sexta-feira,BR-277,344.5,Pleno dia,Crescente,Céu Claro,Simples,Reta,-25.36555,-51.47951,DEL03-PR,Risco Médio,Média
terça-feira,BR-262,21.0,Pleno dia,Crescente,Nublado,Simples,Reta,-20.38054,-40.50498,DEL01-ES,Risco Médio,Média
quinta-feira,BR-282,4.0,Plena Noite,Crescente,Céu Claro,Dupla,Reta,-27.59265,-48.60403,DEL01-SC,Risco Médio,Baixa
quinta-feira,BR-104,9.6,Pleno dia,Crescente,Céu Claro,Simples,Curva,-8.971085,-36.01805,DEL01-AL,Risco Baixo,Baixa
segunda-feira,BR-304,147.5,Pleno dia,Decrescente,Sol,Simples,Reta,-5.676681,-36.61905,DEL04-RN,Risco Médio,Baixa
sexta-feira,BR-153,501.0,Pleno dia,Decrescente,Nublado,Dupla,Reta,-16.7189,-49.2382,DEL01-GO,Risco Médio,Alta
segunda-feira,BR-222,457.5,Amanhecer,Crescente,Céu Claro,Simples,Não Informado,-4.138808,-45.99862,DEL02-MA,Risco Alto,Baixa
quinta-feira,BR-365,578.0,Pleno dia,Crescente,Nublado,Simples,Interseção de vias,-18.91461,-48.27538,DEL15-MG,Risco Médio,Média
domingo,BR-116,177.0,Plena Noite,Crescente,Nublado,Múltipla,Reta,-22.78055,-43.39209,DEL01-RJ,Risco Médio,Alta
domingo,BR-116,441.2,Plena Noite,Crescente,Chuva,Simples,Reta,-19.07818,-41.99953,DEL06-MG,Risco Médio,Alta
sábado,BR-267,401.7,Anoitecer,Decrescente,Céu Claro,Simples,Reta,-21.62552,-55.47684,DEL05-MS,Risco Médio,Baixa
segunda-feira,BR-365,848.6,Pleno dia,Crescente,Nublado,Simples,Reta,-18.99635,-50.30731,DEL15-MG,Risco Médio,Média
segunda-feira,BR-381,289.0,Pleno dia,Decrescente,Céu Claro,Simples,Reta,-19.61784,-42.78972,DEL03-MG,Risco Baixo,Alta
segunda-feira,BR-381,484.9,Plena Noite,Crescente,Nublado,Dupla,Curva,-19.95532,-44.11722,DEL01-MG,Risco Alto,Alta
domingo,BR-476,140.0,Plena Noite,Decrescente,Céu Claro,Dupla,Reta,-25.52069,-49.29412,DEL01-PR,Risco Médio,Baixa
quarta-feira,BR-101,269.0,Pleno dia,Decrescente,Céu Claro,Simples,Reta,-20.2174,-40.26991,DEL02-ES,Risco Baixo,Alta
domingo,BR-469,13.5,Plena Noite,Decrescente,Céu Claro,Simples,Interseção de vias,-25.5754,-54.5489,DEL05-PR,Risco Médio,Baixa
terça-feira,BR-163,697.0,Pleno dia,Crescente,Nublado,Simples,Reta,-13.00949,-55.89031,DEL06-MT,Risco Baixo,Alta
sábado,BR-40,739.9,Pleno dia,Decrescente,Chuva,Simples,Curva,-21.39404,-43.5668,DEL05-MG,Risco Médio,Alta