dia_semana,br,km,fase_dia,sentido_via,condicao_metereologica,tipo_pista,tracado_via,latitude,longitude,delegacia,classificacao_acidente,postos_policiais_PRF
segunda-feira,BR-101,444.0,Pleno dia,Crescente,Céu Claro,Simples,Reta,-29.13619,-49.71108,DEL02-SC,Risco Médio,Alta
sexta-feira,BR-101,214.0,Plena Noite,Decrescente,Céu Claro,Dupla,Reta,-27.64898,-48.67371,DEL01-SC,Risco Médio,Alta
quinta-feira,BR-316,2.5,Pleno dia,Crescente,Céu Claro,Dupla,Reta,-1.392927,-48.41849,DEL01-PA,Risco Médio,Baixa
domingo,BR-158,49.0,Pleno dia,Crescente,Chuva,Simples,Reta,-19.37082,-51.44799,DEL08-MS,Risco Médio,Baixa
sábado,BR-101,251.0,Pleno dia,Crescente,Céu Claro,Simples,Reta,-20.08799,-40.34352,DEL02-ES,Risco Médio,Alta
sábado,BR-376,450.8,Pleno dia,Crescente,Garoa/Chuvisco,Dupla,Curva,-24.8764,-50.44299,DEL03-PR,Risco Médio,Baixa
sábado,BR-101,73.0,Pleno dia,Decrescente,Céu Claro,Dupla,Reta,-7.078282,-34.98824,DEL01-PB,Risco Médio,Alta
terça-feira,BR-472,547.7,Pleno dia,Crescente,Céu Claro,Simples,Reta,-29.61193,-56.86917,DEL13-RS,Risco Médio,Baixa
sábado,BR-364,14.0,Pleno dia,Crescente,Nublado,Simples,Interseção de vias,-12.73898,-60.13911,DEL04-RO,Risco Médio,Alta
terça-feira,BR-364,605.5,Pleno dia,Decrescente,Nublado,Simples,Curva,-14.47259,-56.24274,DEL01-MT,Risco Baixo,Alta
sexta-feira,BR-406,147.0,Pleno dia,Decrescente,Chuva,Simples,Reta,-5.645326,-35.46542,DEL02-RN,Risco Médio,Baixa
domingo,BR-230,12.9,Plena Noite,Crescente,Céu Claro,Dupla,Reta,-7.08032,-34.84907,DEL01-PB,Risco Baixo,Baixa
domingo,BR-393,104.0,Pleno dia,Decrescente,Céu Claro,Simples,Reta,-21.87424,-42.66758,DEL04-RJ,Risco Médio,Média
sábado,BR-285,122.1,Pleno dia,Decrescente,Nublado,Simples,Reta,-28.50553,-50.94407,DEL05-RS,Risco Baixo,Baixa
segunda-feira,BR-116,281.0,Pleno dia,Decrescente,Céu Claro,Dupla,Reta,-23.65163,-46.84716,DEL04-SP,Risco Médio,Alta
quinta-feira,BR-116,699.0,Plena Noite,Crescente,Céu Claro,Simples,Reta,-14.01968,-40.19054,DEL03-BA,Risco Baixo,Alta
segunda-feira,BR-470,173.0,Plena Noite,Decrescente,Céu Claro,Simples,Reta,-27.25984,-49.91929,DEL04-SC,Risco Médio,Baixa
quarta-feira,BR-116,512.7,Pleno dia,Decrescente,Chuva,Dupla,Curva,-24.84304,-48.22028,DEL05-SP,Risco Baixo,Alta
sábado,BR-407,226.0,Plena Noite,Crescente,Céu Claro,Simples,Reta,-11.32212,-40.01751,DEL04-BA,Risco Baixo,Baixa
quarta-feira,BR-304,72.2,Plena Noite,Crescente,Nevoeiro/Neblina,Simples,Reta,-5.416357,-37.21467,DEL04-RN,Risco Médio,Baixa
segunda-feira,BR-282,528.0,Pleno dia,Crescente,Céu Claro,Simples,Reta,-26.9788,-52.58857,DEL07-SC,Risco Baixo,Baixa
segunda-feira,BR-163,158.9,Pleno dia,Decrescente,Chuva,Simples,Reta,-25.34776,-53.58595,DEL04-PR,Risco Baixo,Alta
quinta-feira,BR-101,356.0,Plena Noite,Decrescente,Céu Claro,Dupla,Reta,-28.6293,-49.08665,DEL02-SC,Risco Médio,Alta
sábado,BR-101,310.0,Plena Noite,Crescente,Céu Claro,Dupla,Reta,-22.79717,-43.04405,DEL02-RJ,Risco Alto,Alta
quinta-feira,BR-101,66.1,Pleno dia,Decrescente,Nublado,Dupla,Reta,-8.035095,-34.94134,DEL01-PE,Risco Médio,Alta
terça-feira,BR-369,169.8,Pleno dia,Crescente,Céu Claro,Dupla,Reta,-23.302,-51.34048,DEL07-PR,Risco Médio,Baixa
sábado,BR-470,158.0,Pleno dia,Decrescente,Céu Claro,Simples,Curva,-28.79987,-51.61064,DEL06-RS,Risco Médio,Baixa
segunda-feira,BR-277,466.6,Pleno dia,Decrescente,Céu Claro,Simples,Curva,-25.35433,-52.48224,DEL04-PR,Risco Médio,Média
sexta-feira,BR-116,262.0,Amanhecer,Crescente,Chuva,Múltipla,Não Informado,-29.8928,-51.1773,DEL01-RS,Risco Médio,Alta
segunda-feira,BR-135,7.0,Pleno dia,Crescente,Céu Claro,Dupla,Rotatória,-2.640461,-44.27156,DEL01-MA,Risco Baixo,Baixa
terça-feira,BR-101,303.0,Pleno dia,Decrescente,Céu Claro,Dupla,Curva,-20.37696,-40.44527,DEL01-ES,Risco Médio,Alta
sábado,BR-70,8.0,Pleno dia,Crescente,Nublado,Dupla,Retorno Regulamentado,-15.78497,-48.12211,DEL01-DF,Risco Médio,Baixa
quinta-feira,BR-101,269.0,Amanhecer,Decrescente,Céu Claro,Simples,Não Informado,-13.11564,-39.28775,DEL01-BA,Risco Baixo,Alta
quinta-feira,BR-101,69.0,Pleno dia,Decrescente,Céu Claro,Dupla,Viaduto,-8.052406,-34.94617,DEL01-PE,Risco Médio,Alta
quinta-feira,BR-364,267.5,Pleno dia,Decrescente,Céu Claro,Dupla,Desvio Temporário,-15.99037,-54.92615,DEL02-MT,Risco Médio,Alta
domingo,BR-101,398.9,Pleno dia,Decrescente,Sol,Múltipla,Reta,-20.8753,-40.95793,DEL03-ES,Risco Médio,Alta
terça-feira,BR-222,310.5,Pleno dia,Decrescente,Céu Claro,Simples,Interseção de vias,-3.706706,-40.97707,DEL04-CE,Risco Médio,Baixa
segunda-feira,BR-101,105.8,Pleno dia,Crescente,Chuva,Dupla,Curva,-7.308146,-34.94344,DEL01-PB,Risco Médio,Alta
segunda-feira,BR-116,537.3,Plena Noite,Decrescente,Nublado,Simples,Reta,-19.8662,-42.13524,DEL06-MG,Risco Médio,Alta
quinta-feira,BR-174,501.0,Pleno dia,Crescente,Ignorado,Simples,Reta,-13.5299,-59.8312,DEL04-MT,Risco Médio,Baixa
quarta-feira,BR-262,826.9,Pleno dia,Crescente,Céu Claro,Dupla,Reta,-19.76206,-48.1388,DEL13-MG,Risco Médio,Média
sexta-feira,BR-153,34.5,Pleno dia,Decrescente,Sol,Simples,Reta,-20.57172,-49.31774,DEL09-SP,Risco Baixo,Alta
sábado,BR-174,287.0,Pleno dia,Decrescente,Céu Claro,Simples,Reta,-15.24297,-59.31386,DEL04-MT,Risco Alto,Baixa
quarta-feira,BR-282,42.6,Pleno dia,Crescente,Céu Claro,Simples,Curva,-27.72077,-48.88748,DEL01-SC,Risco Médio,Baixa
domingo,BR-476,45.0,Plena Noite,Crescente,Ignorado,Simples,Curva,-24.9122,-49.0962,DEL01-PR,Risco Médio,Baixa
domingo,BR-101,39.0,Pleno dia,Decrescente,Céu Claro,Dupla,Não Informado,-10.51797,-36.95015,DEL02-SE,Risco Baixo,Alta
segunda-feira,BR-408,59.0,Pleno dia,Crescente,Céu Claro,Simples,Interseção de vias,-7.807122,-35.24336,DEL01-PE,Risco Médio,Baixa
terça-feira,BR-280,54.9,Pleno dia,Decrescente,Sol,Simples,Reta,-26.4754,-48.98375,DEL03-SC,Risco Baixo,Baixa
segunda-feira,BR-230,23.7,Pleno dia,Decrescente,Céu Claro,Dupla,Reta,-7.163959,-34.86162,DEL01-PB,Risco Médio,Baixa
sábado,BR-20,403.9,Pleno dia,Crescente,Chuva,Simples,Reta,-3.783301,-38.69352,DEL01-CE,Risco Médio,Baixa
terça-feira,BR-70,1.8,Pleno dia,Decrescente,Céu Claro,Simples,Reta,-15.89165,-52.26203,DEL07-MT,Risco Médio,Baixa
sexta-feira,BR-356,167.0,Plena Noite,Crescente,Céu Claro,Simples,Reta,-21.71855,-41.10128,DEL08-RJ,Risco Alto,Baixa
domingo,BR-153,656.0,Pleno dia,Crescente,Céu Claro,Simples,Reta,-11.58755,-49.03595,DEL01-TO,Risco Médio,Alta
segunda-feira,BR-222,543.0,Pleno dia,Crescente,Céu Claro,Simples,Curva,-4.313,-46.5829,DEL04-MA,Risco Alto,Baixa
terça-feira,BR-364,60.0,Pleno dia,Crescente,Céu Claro,Simples,Reta,-12.51427,-60.43548,DEL04-RO,Risco Baixo,Alta
sábado,BR-381,928.0,Pleno dia,Decrescente,Garoa/Chuvisco,Dupla,Curva,-22.79564,-46.2538,DEL16-MG,Risco Médio,Alta
sexta-feira,BR-153,61.0,Pleno dia,Crescente,Sol,Dupla,Não Informado,-20.80503,-49.35575,DEL09-SP,Risco Médio,Alta
sexta-feira,BR-101,87.3,Plena Noite,Decrescente,Nublado,Dupla,Reta,-7.160498,-34.90527,DEL01-PB,Risco Baixo,Alta
terça-feira,BR-101,412.0,Pleno dia,Crescente,Sol,Simples,Reta,-20.90878,-41.06944,DEL03-ES,Risco Médio,Alta
sábado,BR-163,779.9,Plena Noite,Decrescente,Céu Claro,Simples,Reta,-12.34362,-55.5939,DEL06-MT,Risco Baixo,Alta
sábado,BR-427,36.7,Plena Noite,Decrescente,Nublado,Simples,Curva,-6.758809,-37.76877,DEL03-PB,Risco Alto,Baixa
sábado,BR-60,92.4,Pleno dia,Decrescente,Sol,Dupla,Retorno Regulamentado,-16.353,-48.9178,DEL02-GO,Risco Médio,Média
quarta-feira,BR-40,5.0,Plena Noite,Crescente,Céu Claro,Dupla,Reta,-16.09313,-47.98224,DEL01-DF,Risco Médio,Alta
terça-feira,BR-381,526.0,Pleno dia,Crescente,Chuva,Dupla,Curva,-20.16175,-44.34145,DEL04-MG,Risco Baixo,Alta
quarta-feira,BR-101,502.0,Plena Noite,Decrescente,Chuva,Simples,Reta,-22.93321,-44.39318,DEL03-RJ,Risco Médio,Alta
sexta-feira,BR-50,196.2,Anoitecer,Crescente,Céu Claro,Dupla,Reta,-19.90133,-47.83911,DEL13-MG,Risco Médio,Média
sábado,BR-376,172.8,Plena Noite,Decrescente,Céu Claro,Dupla,Reta,-23.41891,-51.96959,DEL07-PR,Risco Médio,Baixa
terça-feira,BR-364,551.0,Pleno dia,Decrescente,Céu Claro,Dupla,Curva,-14.8401,-56.44055,DEL01-MT,Risco Baixo,Alta
quarta-feira,BR-116,777.3,Pleno dia,Decrescente,Chuva,Simples,Reta,-21.59632,-42.69196,DEL07-MG,Risco Alto,Alta
sexta-feira,BR-101,70.0,Pleno dia,Decrescente,Céu Claro,Simples,Reta,-18.7167,-39.8594,DEL04-ES,Risco Médio,Alta
segunda-feira,BR-364,351.0,Plena Noite,Crescente,Céu Claro,Simples,Reta,-10.84032,-62.0064,DEL02-RO,Risco Baixo,Alta
sexta-feira,BR-343,153.1,Pleno dia,Decrescente,Céu Claro,Simples,Reta,-4.011082,-41.77187,DEL02-PI,Risco Médio,Baixa
sábado,BR-116,323.0,Pleno dia,Crescente,Garoa/Chuvisco,Dupla,Reta,-23.93663,-47.03568,DEL04-SP,Risco Médio,Alta
quinta-feira,BR-277,729.0,Pleno dia,Crescente,Céu Claro,Dupla,Retorno Regulamentado,-25.5075,-54.5838,DEL05-PR,Risco Baixo,Média
sexta-feira,BR-153,581.4,Plena Noite,Crescente,Céu Claro,Dupla,Reta,-17.38834,-49.22984,DEL03-GO,Risco Médio,Alta
sábado,BR-392,181.3,Plena Noite,Crescente,Céu Claro,Simples,Reta,-30.98209,-53.05009,DEL07-RS,Risco Baixo,Média
segunda-feira,BR-381,447.9,Pleno dia,Decrescente,Nublado,Simples,Não Informado,-19.83448,-43.85012,DEL01-MG,Risco Médio,Alta
sábado,BR-116,511.0,Plena Noite,Crescente,Nublado,Simples,Reta,-19.65372,-42.11138,DEL06-MG,Risco Baixo,Alta
quinta-feira,BR-101,517.0,Pleno dia,Decrescente,Nublado,Simples,Curva,-22.99712,-44.44432,DEL03-RJ,Risco Médio,Alta
sábado,BR-101,7.4,Plena Noite,Crescente,Céu Claro,Múltipla,Reta,-7.559971,-34.99073,DEL01-PE,Risco Médio,Alta
sexta-feira,BR-163,1033.0,Amanhecer,Crescente,Garoa/Chuvisco,Simples,Reta,-10.23041,-54.97741,DEL06-MT,Risco Médio,Alta
sexta-feira,BR-280,193.0,Plena Noite,Decrescente,Nublado,Simples,Reta,-26.17717,-50.00641,DEL06-SC,Risco Médio,Baixa
quarta-feira,BR-316,3.3,Pleno dia,Decrescente,Céu Claro,Dupla,Interseção de vias,-5.128264,-42.79292,DEL01-PI,Risco Baixo,Baixa
sexta-feira,BR-116,767.8,Pleno dia,Decrescente,Céu Claro,Simples,Não Informado,-14.59628,-40.43666,DEL08-BA,Risco Baixo,Alta
segunda-feira,BR-116,813.1,Anoitecer,Crescente,Céu Claro,Simples,Reta,-14.80243,-40.77819,DEL08-BA,Risco Médio,Alta
sexta-feira,BR-158,563.0,Pleno dia,Crescente,Céu Claro,Simples,Interseção de vias,-30.85476,-55.49652,DEL11-RS,Risco Médio,Baixa
sexta-feira,BR-20,23.0,Pleno dia,Decrescente,Céu Claro,Dupla,Desvio Temporário,-15.5953,-47.66791,DEL02-DF,Risco Baixo,Baixa
terça-feira,BR-116,441.0,Plena Noite,Decrescente,Céu Claro,Dupla,Curva,-12.35333,-39.09455,DEL02-BA,Risco Médio,Alta
domingo,BR-116,287.0,Pleno dia,Crescente,Céu Claro,Dupla,Curva,-23.71442,-46.8793,DEL04-SP,Risco Médio,Alta
sábado,BR-277,439.0,Plena Noite,Crescente,Céu Claro,Simples,Reta,-25.37559,-52.24733,DEL04-PR,Risco Médio,Média
sábado,BR-364,386.0,Pleno dia,Crescente,Céu Claro,Simples,Reta,-10.70116,-62.26238,DEL03-RO,Risco Médio,Alta
segunda-feira,BR-381,356.0,Pleno dia,Decrescente,Céu Claro,Simples,Reta,-19.84765,-43.20566,DEL03-MG,Risco Médio,Alta
domingo,BR-470,176.0,Plena Noite,Crescente,Chuva,Simples,Retorno Regulamentado,-27.25424,-49.94866,DEL04-SC,Risco Médio,Baixa
domingo,BR-116,210.0,Anoitecer,Crescente,Céu Claro,Múltipla,Não Informado,-23.4287,-46.41086,DEL01-SP,Risco Médio,Alta
domingo,BR-493,6.0,Plena Noite,Decrescente,Céu Claro,Simples,Reta,-22.73124,-42.95145,DEL02-RJ,Risco Médio,Baixa
sexta-feira,BR-364,742.0,Pleno dia,Decrescente,Céu Claro,Simples,Reta,-8.989521,-64.00345,DEL01-RO,Risco Baixo,Alta
sexta-feira,BR-476,234.0,Plena Noite,Crescente,Nublado,Simples,Reta,-25.88177,-50.01786,DEL02-PR,Risco Alto,Baixa
segunda-feira,BR-40,0.0,Pleno dia,Crescente,Nublado,Dupla,Reta,-16.05827,-47.98266,DEL01-DF,Risco Médio,Alta
domingo,BR-222,663.3,Pleno dia,Decrescente,Céu Claro,Simples,Não Informado,-4.88471,-47.36888,DEL04-MA,Risco Médio,Baixa
domingo,BR-101,53.2,Plena Noite,Decrescente,Nublado,Dupla,Curva,-26.41589,-48.835,DEL03-SC,Risco Médio,Alta
domingo,BR-287,326.8,Plena Noite,Crescente,Céu Claro,Simples,Não Informado,-29.68131,-54.6321,DEL09-RS,Risco Médio,Baixa
domingo,BR-262,171.0,Pleno dia,Crescente,Céu Claro,Simples,Reta,-20.26434,-41.5934,DEL01-ES,Risco Médio,Média
quinta-feira,BR-230,445.7,Pleno dia,Crescente,Céu Claro,Simples,Reta,-6.786114,-38.0845,DEL03-PB,Risco Médio,Baixa
segunda-feira,BR-324,565.0,Pleno dia,Crescente,Nublado,Dupla,Reta,-12.5265,-38.6078,DEL01-BA,Risco Médio,Baixa
quarta-feira,BR-393,236.0,Plena Noite,Decrescente,Chuva,Simples,Não Informado,-22.41841,-43.68222,DEL05-RJ,Risco Médio,Média
domingo,BR-381,935.3,Pleno dia,Crescente,Sol,Dupla,Reta,-22.80399,-46.27294,DEL16-MG,Risco Médio,Alta
sábado,BR-381,779.9,Anoitecer,Crescente,Céu Claro,Dupla,Retorno Regulamentado,-21.83683,-45.50981,DEL16-MG,Risco Baixo,Alta
sábado,BR-101,94.0,Pleno dia,Decrescente,Chuva,Dupla,Não Informado,-7.214833,-34.91175,DEL01-PB,Risco Médio,Alta
sexta-feira,BR-40,105.0,Plena Noite,Decrescente,Céu Claro,Múltipla,Desvio Temporário,-22.6476,-43.2836,DEL01-RJ,Risco Médio,Alta
quinta-feira,BR-60,110.3,Pleno dia,Crescente,Céu Claro,Dupla,Reta,-16.45,-49.0316,DEL01-GO,Risco Médio,Média
domingo,BR-262,3.7,Plena Noite,Crescente,Ignorado,Dupla,Interseção de vias,-20.33537,-40.37641,DEL01-ES,Risco Médio,Média
terça-feira,BR-282,565.9,Plena Noite,Crescente,Chuva,Simples,Reta,-26.90027,-52.88831,DEL07-SC,Risco Baixo,Baixa
sábado,BR-116,900.6,Amanhecer,Crescente,Nevoeiro/Neblina,Simples,Reta,-15.44086,-41.22395,DEL08-BA,Risco Médio,Alta
terça-feira,BR-101,297.0,Pleno dia,Decrescente,Céu Claro,Múltipla,Reta,-22.76942,-42.91874,DEL02-RJ,Risco Baixo,Alta
sábado,BR-40,549.9,Pleno dia,Crescente,Chuva,Dupla,Curva,-20.0474,-43.9642,DEL01-MG,Risco Médio,Alta
sexta-feira,BR-101,132.0,Plena Noite,Crescente,Chuva,Simples,Reta,-26.99654,-48.65565,DEL04-SC,Risco Médio,Alta
domingo,BR-158,317.8,Pleno dia,Crescente,Céu Claro,Simples,Curva,-29.65589,-53.77374,DEL09-RS,Risco Médio,Baixa
sábado,BR-153,318.5,Plena Noite,Crescente,Nublado,Simples,Curva,-15.4432,-49.50746,DEL02-GO,Risco Médio,Alta
sexta-feira,BR-381,32.0,Pleno dia,Crescente,Céu Claro,Dupla,Reta,-23.06461,-46.57048,DEL03-SP,Risco Médio,Alta
quarta-feira,BR-381,874.0,Pleno dia,Crescente,Chuva,Dupla,Curva,-22.45619,-46.00793,DEL16-MG,Risco Médio,Alta
segunda-feira,BR-364,326.7,Anoitecer,Crescente,Céu Claro,Dupla,Não Informado,-15.81731,-55.40392,DEL02-MT,Risco Médio,Alta
sexta-feira,BR-101,136.0,Pleno dia,Decrescente,Nublado,Dupla,Reta,-27.00811,-48.61724,DEL04-SC,Risco Médio,Alta
domingo,BR-226,47.0,Pleno dia,Decrescente,Céu Claro,Simples,Não Informado,-5.979471,-35.57734,DEL01-RN,Risco Médio,Baixa
domingo,BR-349,1061.0,Plena Noite,Decrescente,Céu Claro,Simples,Reta,-13.76925,-46.02505,DEL10-BA,Risco Alto,Baixa
terça-feira,BR-158,322.1,Pleno dia,Decrescente,Céu Claro,Simples,Curva,-29.69143,-53.77425,DEL09-RS,Risco Médio,Baixa
domingo,BR-242,560.0,Pleno dia,Crescente,Sol,Simples,Não Informado,-12.04645,-43.08089,DEL10-BA,Risco Alto,Baixa
quinta-feira,BR-116,331.2,Plena Noite,Decrescente,Ignorado,Dupla,Reta,-23.95129,-47.1022,DEL04-SP,Risco Médio,Alta
quarta-feira,BR-277,726.0,Pleno dia,Crescente,Céu Claro,Dupla,Reta,-25.51012,-54.55866,DEL05-PR,Risco Médio,Média
quarta-feira,BR-116,479.0,Pleno dia,Decrescente,Céu Claro,Dupla,Reta,-24.70935,-48.01821,DEL05-SP,Risco Médio,Alta
quinta-feira,BR-470,217.0,Plena Noite,Decrescente,Chuva,Simples,Reta,-29.16463,-51.52552,DEL06-RS,Risco Médio,Baixa
sexta-feira,BR-493,21.5,Pleno dia,Decrescente,Sol,Simples,Reta,-22.65931,-43.0533,DEL02-RJ,Risco Médio,Baixa
segunda-feira,BR-60,134.7,Plena Noite,Decrescente,Nublado,Dupla,Reta,-16.5815,-49.1841,DEL01-GO,Risco Alto,Média
terça-feira,BR-40,465.0,Pleno dia,Crescente,Céu Claro,Dupla,Reta,-19.43836,-44.33104,DEL02-MG,Risco Médio,Alta
quarta-feira,BR-381,386.0,Pleno dia,Decrescente,Céu Claro,Simples,Reta,-19.79738,-43.4174,DEL01-MG,Risco Médio,Alta
sexta-feira,BR-101,103.0,Anoitecer,Crescente,Nublado,Múltipla,Reta,-5.89034,-35.24895,DEL01-RN,Risco Médio,Alta
quarta-feira,BR-116,99.4,Anoitecer,Decrescente,Chuva,Dupla,Reta,-22.98237,-45.46437,DEL06-SP,Risco Médio,Alta
sexta-feira,BR-101,252.0,Anoitecer,Decrescente,Céu Claro,Simples,Reta,-20.09618,-40.33951,DEL02-ES,Risco Médio,Alta
segunda-feira,BR-324,7.0,Pleno dia,Decrescente,Céu Claro,Dupla,Viaduto,-12.2695,-38.98827,DEL02-BA,Risco Médio,Baixa
domingo,BR-232,102.0,Plena Noite,Crescente,Céu Claro,Simples,Reta,-8.247107,-35.75844,DEL02-PE,Risco Médio,Baixa
quarta-feira,BR-230,36.0,Pleno dia,Crescente,Garoa/Chuvisco,Dupla,Curva,-7.1246,-34.9473,DEL01-PB,Risco Médio,Baixa
domingo,BR-428,174.7,Plena Noite,Decrescente,Céu Claro,Simples,Reta,-9.252337,-40.42528,DEL06-PE,Risco Alto,Baixa
terça-feira,BR-116,297.0,Pleno dia,Decrescente,Nublado,Simples,Reta,-28.0314,-50.56237,DEL05-SC,Risco Baixo,Alta
domingo,BR-40,143.5,Plena Noite,Crescente,Garoa/Chuvisco,Simples,Reta,-17.7458,-46.17843,DEL14-MG,Risco Baixo,Alta
quarta-feira,BR-277,1.0,Plena Noite,Crescente,Céu Claro,Dupla,Interseção de vias,-25.50357,-54.58408,DEL05-PR,Risco Médio,Média
sábado,BR-282,63.1,Pleno dia,Decrescente,Céu Claro,Simples,Curva,-27.69537,-49.04282,DEL01-SC,Risco Médio,Baixa
domingo,BR-101,283.0,Pleno dia,Decrescente,Chuva,Dupla,Curva,-22.7358,-42.8061,DEL02-RJ,Risco Baixo,Alta
segunda-feira,BR-369,186.5,Pleno dia,Crescente,Sol,Simples,Não Informado,-23.42027,-51.42519,DEL07-PR,Risco Médio,Baixa
sábado,BR-262,389.0,Pleno dia,Crescente,Céu Claro,Simples,Reta,-20.42641,-54.91954,DEL01-MS,Risco Baixo,Média
sábado,BR-116,123.9,Pleno dia,Decrescente,Chuva,Dupla,Reta,-25.61853,-49.31701,DEL01-PR,Risco Médio,Alta
sexta-feira,BR-101,105.6,Pleno dia,Crescente,Céu Claro,Simples,Reta,-5.901844,-35.25958,DEL01-RN,Risco Médio,Alta
segunda-feira,BR-376,675.0,Pleno dia,Decrescente,Nublado,Dupla,Reta,-25.91877,-48.91866,DEL01-PR,Risco Médio,Baixa
domingo,BR-373,400.0,Anoitecer,Decrescente,Céu Claro,Simples,Interseção de vias,-25.56834,-52.05165,DEL08-PR,Risco Médio,Baixa
terça-feira,BR-232,33.7,Pleno dia,Crescente,Céu Claro,Dupla,Reta,-8.10539,-35.17523,DEL01-PE,Risco Baixo,Baixa
domingo,BR-381,485.0,Plena Noite,Crescente,Céu Claro,Dupla,Curva,-19.9561,-44.1064,DEL01-MG,Risco Médio,Alta
sábado,BR-40,525.8,Plena Noite,Crescente,Nublado,Dupla,Reta,-19.89182,-44.05,DEL01-MG,Risco Médio,Alta
quarta-feira,BR-116,28.0,Pleno dia,Crescente,Nublado,Dupla,Curva,-22.62492,-44.91572,DEL08-SP,Risco Médio,Alta
domingo,BR-262,441.0,Anoitecer,Crescente,Céu Claro,Dupla,Reta,-19.88296,-44.90293,DEL08-MG,Risco Médio,Média
terça-feira,BR-50,69.0,Pleno dia,Crescente,Céu Claro,Dupla,Reta,-18.8514,-48.25346,DEL15-MG,Risco Baixo,Média
sexta-feira,BR-470,5.0,Plena Noite,Decrescente,Nevoeiro/Neblina,Simples,Rotatória,-26.85569,-48.70033,DEL04-SC,Risco Médio,Baixa
sábado,BR-381,48.3,Pleno dia,Crescente,Céu Claro,Dupla,Reta,-23.1972,-46.58737,DEL03-SP,Risco Médio,Alta
segunda-feira,BR-470,57.5,Plena Noite,Crescente,Nublado,Simples,Rotatória,-26.88269,-49.14151,DEL04-SC,Risco Alto,Baixa
quinta-feira,BR-116,130.0,Pleno dia,Decrescente,Chuva,Dupla,Reta,-25.42895,-49.26714,DEL01-PR,Risco Baixo,Alta
terça-feira,BR-40,92.7,Pleno dia,Crescente,Céu Claro,Simples,Interseção de vias,-16.73081,-47.62621,DEL01-DF,Risco Alto,Alta
terça-feira,BR-101,613.0,Plena Noite,Crescente,Céu Claro,Simples,Curva,-15.59143,-39.42679,DEL05-BA,Risco Baixo,Alta
sexta-feira,BR-280,141.5,Plena Noite,Decrescente,Nublado,Simples,Curva,-26.25592,-49.62228,DEL06-SC,Risco Médio,Baixa
sexta-feira,BR-40,532.0,Pleno dia,Crescente,Sol,Dupla,Não Informado,-19.92373,-44.01701,DEL01-MG,Risco Médio,Alta
terça-feira,BR-262,53.3,Plena Noite,Crescente,Nublado,Simples,Reta,-20.25369,-42.15987,DEL06-MG,Risco Médio,Média
sábado,BR-116,414.9,Plena Noite,Decrescente,Céu Claro,Simples,Reta,-18.88322,-41.9537,DEL06-MG,Risco Médio,Alta
segunda-feira,BR-324,574.0,Pleno dia,Crescente,Céu Claro,Dupla,Viaduto,-12.57658,-38.5418,DEL01-BA,Risco Médio,Baixa
segunda-feira,BR-282,398.4,Pleno dia,Decrescente,Céu Claro,Simples,Reta,-27.14342,-51.61382,DEL07-SC,Risco Médio,Baixa
terça-feira,BR-459,55.3,Plena Noite,Decrescente,Nublado,Simples,Reta,-22.07715,-46.2486,DEL09-MG,Risco Médio,Baixa
sexta-feira,BR-40,110.0,Plena Noite,Crescente,Nublado,Dupla,Curva,-22.68894,-43.28656,DEL01-RJ,Risco Médio,Alta
sábado,BR-304,54.9,Plena Noite,Crescente,Chuva,Simples,Reta,-4.577244,-37.728,DEL03-CE,Risco Médio,Baixa
quinta-feira,BR-230,118.0,Plena Noite,Decrescente,Céu Claro,Dupla,Reta,-5.351937,-49.09794,DEL03-PA,Risco Médio,Baixa
segunda-feira,BR-116,183.0,Pleno dia,Crescente,Céu Claro,Dupla,Reta,-22.7516,-43.4385,DEL01-RJ,Risco Médio,Alta
quarta-feira,BR-116,518.0,Pleno dia,Crescente,Céu Claro,Dupla,Reta,-31.68674,-52.34793,DEL07-RS,Risco Médio,Alta
segunda-feira,BR-153,239.4,Pleno dia,Decrescente,Chuva,Simples,Reta,-20.25608,-49.17414,DEL13-MG,Risco Médio,Alta
sábado,BR-101,69.0,Pleno dia,Crescente,Céu Claro,Múltipla,Reta,-8.059516,-34.94581,DEL01-PE,Risco Médio,Alta
sábado,BR-262,1.5,Plena Noite,Decrescente,Chuva,Múltipla,Interseção de vias,-20.32955,-40.35493,DEL01-ES,Risco Baixo,Média
terça-feira,BR-277,9.0,Pleno dia,Crescente,Nublado,Dupla,Reta,-25.56605,-48.60493,DEL01-PR,Risco Médio,Média
quarta-feira,BR-381,495.0,Pleno dia,Crescente,Céu Claro,Dupla,Reta,-19.9754,-44.1937,DEL01-MG,Risco Médio,Alta
sexta-feira,BR-262,319.7,Amanhecer,Crescente,Céu Claro,Simples,Rotatória,-20.77922,-51.59421,DEL07-MS,Risco Baixo,Média
quarta-feira,BR-116,229.2,Plena Noite,Decrescente,Nublado,Múltipla,Reta,-23.51292,-46.57605,DEL01-SP,Risco Médio,Alta
terça-feira,BR-428,164.8,Pleno dia,Decrescente,Céu Claro,Simples,Reta,-9.191454,-40.38398,DEL06-PE,Risco Alto,Baixa
sexta-feira,BR-60,198.0,Pleno dia,Crescente,Céu Claro,Dupla,Reta,-16.8596,-49.6031,DEL01-GO,Risco Baixo,Média
domingo,BR-343,57.0,Plena Noite,Decrescente,Céu Claro,Simples,Reta,-3.230094,-41.8138,DEL05-PI,Risco Médio,Baixa
domingo,BR-101,70.0,Plena Noite,Decrescente,Céu Claro,Dupla,Não Informado,-26.51082,-48.72346,DEL03-SC,Risco Médio,Alta