dia_semana,br,km,fase_dia,sentido_via,condicao_metereologica,tipo_pista,tracado_via,latitude,longitude,delegacia,classificacao_acidente,postos_policiais_PRF
sábado,BR-242,730.0,Pleno dia,Crescente,Sol,Simples,Desvio Temporário,-12.2023,-44.47729,DEL10-BA,Risco Alto,Baixa
sexta-feira,BR-393,123.0,Pleno dia,Crescente,Chuva,Simples,Curva,-21.95418,-42.84164,DEL06-RJ,Risco Baixo,Média
domingo,BR-470,282.9,Plena Noite,Decrescente,Nublado,Simples,Reta,-27.33288,-50.89525,DEL07-SC,Risco Alto,Baixa
quarta-feira,BR-116,231.3,Pleno dia,Crescente,Céu Claro,Múltipla,Reta,-23.52683,-46.58924,DEL01-SP,Risco Médio,Alta
terça-feira,BR-365,735.0,Pleno dia,Decrescente,Céu Claro,Simples,Desvio Temporário,-18.90586,-49.32624,DEL15-MG,Risco Médio,Média
sexta-feira,BR-364,139.0,Pleno dia,Decrescente,Chuva,Dupla,Rotatória,-9.953593,-67.8612,DEL01-AC,Risco Médio,Alta
domingo,BR-101,61.8,Pleno dia,Crescente,Sol,Simples,Reta,-21.73271,-41.32412,DEL08-RJ,Risco Médio,Alta
quinta-feira,BR-116,3.0,Plena Noite,Decrescente,Nublado,Múltipla,Reta,-3.776614,-38.51521,DEL01-CE,Risco Alto,Alta
domingo,BR-101,46.0,Plena Noite,Crescente,Nublado,Dupla,Reta,-7.8802,-34.905,DEL01-PE,Risco Baixo,Alta
sexta-feira,BR-40,413.8,Pleno dia,Decrescente,Céu Claro,Simples,Reta,-19.13706,-44.61672,DEL02-MG,Risco Médio,Alta
sexta-feira,BR-116,273.0,Pleno dia,Decrescente,Nublado,Dupla,Reta,-23.6281,-46.8187,DEL04-SP,Risco Médio,Alta
quarta-feira,BR-101,214.0,Pleno dia,Crescente,Garoa/Chuvisco,Dupla,Reta,-27.652,-48.676,DEL01-SC,Risco Médio,Alta
quinta-feira,BR-101,269.3,Plena Noite,Crescente,Céu Claro,Múltipla,Reta,-20.2174,-40.26991,DEL02-ES,Risco Médio,Alta
quinta-feira,BR-476,133.0,Plena Noite,Crescente,Céu Claro,Múltipla,Reta,-25.46173,-49.20107,DEL01-PR,Risco Baixo,Baixa
sexta-feira,BR-280,6.1,Pleno dia,Crescente,Céu Claro,Simples,Reta,-26.26569,-48.63362,DEL03-SC,Risco Médio,Baixa
terça-feira,BR-277,730.7,Pleno dia,Crescente,Céu Claro,Dupla,Reta,-25.50826,-54.59239,DEL05-PR,Risco Médio,Média
quinta-feira,BR-277,48.0,Pleno dia,Decrescente,Céu Claro,Dupla,Desvio Temporário,-25.59303,-48.88201,DEL01-PR,Risco Médio,Média
terça-feira,BR-101,405.0,Plena Noite,Decrescente,Chuva,Dupla,Reta,-22.86762,-43.80276,DEL03-RJ,Risco Baixo,Alta
sábado,BR-116,158.0,Pleno dia,Crescente,Céu Claro,Dupla,Reta,-23.26108,-45.94843,DEL02-SP,Risco Médio,Alta
quinta-feira,BR-101,879.0,Plena Noite,Decrescente,Céu Claro,Simples,Reta,-17.54941,-39.72073,DEL09-BA,Risco Médio,Alta
quinta-feira,BR-272,375.0,Plena Noite,Crescente,Céu Claro,Simples,Reta,-24.06299,-52.47226,DEL04-PR,Risco Alto,Baixa
domingo,BR-343,336.0,Pleno dia,Crescente,Céu Claro,Simples,Reta,-5.044685,-42.76623,DEL01-PI,Risco Médio,Baixa
segunda-feira,BR-101,147.5,Anoitecer,Decrescente,Nublado,Múltipla,Reta,-27.09237,-48.61731,DEL04-SC,Risco Médio,Alta
sábado,BR-470,143.0,Plena Noite,Crescente,Nublado,Simples,Desvio Temporário,-27.20774,-49.64934,DEL04-SC,Risco Baixo,Baixa
domingo,BR-476,253.6,Plena Noite,Crescente,Céu Claro,Simples,Não Informado,-25.8856,-50.18225,DEL02-PR,Risco Baixo,Baixa
terça-feira,BR-135,405.0,Plena Noite,Decrescente,Céu Claro,Simples,Reta,-9.426556,-44.65124,DEL03-PI,Risco Baixo,Baixa
quinta-feira,BR-101,270.5,Plena Noite,Crescente,Nublado,Múltipla,Curva,-20.22662,-40.27075,DEL02-ES,Risco Médio,Alta
quarta-feira,BR-277,348.0,Anoitecer,Crescente,Céu Claro,Simples,Interseção de vias,-25.3403,-51.43044,DEL08-PR,Risco Médio,Média
segunda-feira,BR-381,582.0,Plena Noite,Crescente,Chuva,Dupla,Reta,-20.496,-44.60623,DEL04-MG,Risco Baixo,Alta
terça-feira,BR-163,266.0,Amanhecer,Crescente,Nevoeiro/Neblina,Simples,Reta,-24.6321,-53.8789,DEL04-PR,Risco Alto,Alta
quarta-feira,BR-476,233.0,Pleno dia,Decrescente,Céu Claro,Simples,Curva,-25.88175,-50.00917,DEL02-PR,Risco Médio,Baixa
domingo,BR-101,233.0,Plena Noite,Crescente,Céu Claro,Dupla,Reta,-22.59408,-42.38669,DEL02-RJ,Risco Médio,Alta
quarta-feira,BR-414,380.5,Plena Noite,Decrescente,Chuva,Simples,Não Informado,-15.84225,-48.77036,DEL02-GO,Risco Baixo,Baixa
segunda-feira,BR-470,54.0,Pleno dia,Crescente,Céu Claro,Simples,Reta,-26.8751,-49.11696,DEL04-SC,Risco Médio,Baixa
domingo,BR-101,7.5,Pleno dia,Crescente,Céu Claro,Simples,Viaduto,-26.84202,-48.71604,DEL03-SC,Risco Médio,Alta
sábado,BR-70,305.0,Pleno dia,Crescente,Céu Claro,Simples,Reta,-15.57491,-54.5145,DEL05-MT,Risco Baixo,Baixa
terça-feira,BR-153,115.0,Pleno dia,Crescente,Céu Claro,Simples,Reta,-13.778,-49.0319,DEL07-GO,Risco Médio,Alta
quinta-feira,BR-290,296.7,Plena Noite,Decrescente,Chuva,Simples,Não Informado,-30.30792,-53.16741,DEL02-RS,Risco Médio,Baixa
sábado,BR-277,654.8,Plena Noite,Crescente,Céu Claro,Simples,Reta,-25.22232,-53.95132,DEL05-PR,Risco Médio,Média
sexta-feira,BR-316,6.0,Plena Noite,Crescente,Céu Claro,Simples,Reta,-5.154045,-42.77238,DEL01-PI,Risco Médio,Baixa
quarta-feira,BR-232,110.0,Pleno dia,Crescente,Céu Claro,Dupla,Reta,-8.286345,-35.81756,DEL02-PE,Risco Médio,Baixa
quarta-feira,BR-60,310.0,Plena Noite,Decrescente,Céu Claro,Dupla,Curva,-17.413,-50.4108,DEL04-GO,Risco Baixo,Média
segunda-feira,BR-135,1.5,Plena Noite,Crescente,Ignorado,Dupla,Reta,-2.556877,-44.31194,DEL01-MA,Risco Médio,Baixa
sexta-feira,BR-381,613.3,Pleno dia,Crescente,Céu Claro,Dupla,Curva,-20.70169,-44.74877,DEL04-MG,Risco Médio,Alta
sábado,BR-116,235.1,Plena Noite,Decrescente,Nublado,Dupla,Reta,-29.65461,-51.14445,DEL01-RS,Risco Médio,Alta
sexta-feira,BR-405,2.0,Plena Noite,Crescente,Céu Claro,Dupla,Interseção de vias,-5.192508,-37.36926,DEL04-RN,Risco Médio,Baixa
terça-feira,BR-116,270.7,Pleno dia,Decrescente,Sol,Simples,Reta,-27.97436,-50.50664,DEL05-SC,Risco Alto,Alta
domingo,BR-116,774.0,Plena Noite,Decrescente,Céu Claro,Simples,Reta,-14.58217,-40.43112,DEL08-BA,Risco Médio,Alta
domingo,BR-101,203.0,Plena Noite,Crescente,Céu Claro,Dupla,Reta,-22.47558,-42.17219,DEL08-RJ,Risco Médio,Alta
quarta-feira,BR-277,319.5,Plena Noite,Decrescente,Céu Claro,Simples,Não Informado,-25.37216,-51.26702,DEL08-PR,Risco Baixo,Média
domingo,BR-158,326.0,Pleno dia,Decrescente,Céu Claro,Simples,Viaduto,-29.70975,-53.80285,DEL09-RS,Risco Médio,Baixa
quarta-feira,BR-40,131.3,Anoitecer,Crescente,Céu Claro,Simples,Reta,-17.7083,-46.27637,DEL14-MG,Risco Médio,Alta
domingo,BR-40,41.0,Pleno dia,Crescente,Céu Claro,Dupla,Reta,-22.24771,-43.10582,DEL06-RJ,Risco Médio,Alta
sexta-feira,BR-262,256.0,Plena Noite,Crescente,Céu Claro,Simples,Reta,-20.40132,-53.90064,DEL01-MS,Risco Baixo,Média
domingo,BR-316,155.8,Pleno dia,Decrescente,Chuva,Simples,Reta,-9.42291,-36.62725,DEL03-AL,Risco Alto,Baixa
quinta-feira,BR-364,131.0,Plena Noite,Crescente,Céu Claro,Simples,Reta,-10.00938,-67.84589,DEL01-AC,Risco Baixo,Alta
sexta-feira,BR-280,50.0,Pleno dia,Crescente,Céu Claro,Simples,Reta,-26.46195,-48.94618,DEL03-SC,Risco Médio,Baixa
quarta-feira,BR-381,26.0,Pleno dia,Decrescente,Sol,Dupla,Reta,-23.19086,-46.58485,DEL03-SP,Risco Médio,Alta
sábado,BR-262,89.9,Plena Noite,Crescente,Céu Claro,Simples,Reta,-20.38726,-41.01746,DEL01-ES,Risco Médio,Média
quarta-feira,BR-316,92.0,Plena Noite,Decrescente,Nublado,Simples,Reta,-1.322791,-47.67406,DEL01-PA,Risco Baixo,Baixa
sábado,BR-232,69.2,Plena Noite,Crescente,Chuva,Dupla,Reta,-8.172403,-35.47994,DEL02-PE,Risco Alto,Baixa
sábado,BR-280,164.0,Plena Noite,Decrescente,Céu Claro,Simples,Reta,-26.19131,-49.80487,DEL06-SC,Risco Médio,Baixa
quinta-feira,BR-101,47.0,Pleno dia,Decrescente,Céu Claro,Simples,Reta,-23.4299,-45.08244,DEL06-SP,Risco Médio,Alta
domingo,BR-101,236.0,Pleno dia,Decrescente,Céu Claro,Dupla,Reta,-27.827,-48.6303,DEL01-SC,Risco Médio,Alta
sexta-feira,BR-381,41.0,Plena Noite,Decrescente,Chuva,Múltipla,Reta,-23.19083,-46.58482,DEL03-SP,Risco Baixo,Alta
quinta-feira,BR-101,307.0,Pleno dia,Crescente,Céu Claro,Dupla,Reta,-22.79116,-43.01514,DEL02-RJ,Risco Médio,Alta
quarta-feira,BR-70,10.0,Pleno dia,Crescente,Céu Claro,Dupla,Reta,-15.78707,-48.14071,DEL01-DF,Risco Médio,Baixa
sábado,BR-101,54.5,Plena Noite,Crescente,Nublado,Dupla,Reta,-7.939611,-34.90357,DEL01-PE,Risco Médio,Alta
segunda-feira,BR-116,498.6,Amanhecer,Crescente,Céu Claro,Dupla,Não Informado,-31.54519,-52.23927,DEL07-RS,Risco Alto,Alta
segunda-feira,BR-386,351.3,Plena Noite,Crescente,Céu Claro,Dupla,Retorno Regulamentado,-29.4955,-51.951,DEL04-RS,Risco Médio,Média
quinta-feira,BR-163,733.0,Pleno dia,Crescente,Céu Claro,Simples,Reta,-18.48516,-54.72437,DEL06-MS,Risco Alto,Alta
quinta-feira,BR-20,14.0,Plena Noite,Crescente,Céu Claro,Dupla,Reta,-15.63494,-47.74124,DEL02-DF,Risco Baixo,Baixa
domingo,BR-40,618.2,Plena Noite,Decrescente,Céu Claro,Simples,Curva,-20.56972,-43.81089,DEL05-MG,Risco Baixo,Alta
segunda-feira,BR-210,5.9,Pleno dia,Decrescente,Nublado,Dupla,Reta,0.09330865,-51.11179,DEL01-AP,Risco Médio,Baixa
quarta-feira,BR-277,684.1,Plena Noite,Crescente,Céu Claro,Dupla,Curva,-25.33865,-54.19917,DEL05-PR,Risco Baixo,Média
quinta-feira,BR-101,110.0,Pleno dia,Crescente,Chuva,Dupla,Reta,-21.95485,-41.64355,DEL08-RJ,Risco Médio,Alta
terça-feira,BR-174,458.4,Plena Noite,Decrescente,Céu Claro,Simples,Não Informado,-13.90341,-59.76097,DEL04-MT,Risco Médio,Baixa
domingo,BR-369,188.0,Plena Noite,Decrescente,Céu Claro,Dupla,Reta,-23.43654,-51.42187,DEL07-PR,Risco Médio,Baixa
terça-feira,BR-282,459.0,Anoitecer,Crescente,Chuva,Simples,Reta,-26.86369,-52.02482,DEL07-SC,Risco Médio,Baixa
terça-feira,BR-316,550.8,Plena Noite,Decrescente,Céu Claro,Simples,Reta,-4.887025,-43.36549,DEL03-MA,Risco Alto,Baixa
terça-feira,BR-262,436.2,Plena Noite,Crescente,Céu Claro,Dupla,Curva,-19.87958,-44.91949,DEL08-MG,Risco Alto,Média
sábado,BR-364,255.0,Plena Noite,Decrescente,Ignorado,Dupla,Reta,-16.08098,-54.87281,DEL02-MT,Risco Médio,Alta
domingo,BR-163,117.0,Pleno dia,Crescente,Céu Claro,Dupla,Interseção de vias,-23.13474,-54.19685,DEL09-MS,Risco Médio,Alta
quinta-feira,BR-470,256.0,Anoitecer,Crescente,Céu Claro,Simples,Retorno Regulamentado,-29.44086,-51.50786,DEL06-RS,Risco Médio,Baixa
quinta-feira,BR-101,37.7,Pleno dia,Decrescente,Nublado,Simples,Rotatória,-18.47333,-39.92661,DEL04-ES,Risco Médio,Alta
sábado,BR-381,510.0,Pleno dia,Crescente,Céu Claro,Dupla,Reta,-20.07738,-44.30434,DEL04-MG,Risco Baixo,Alta
quarta-feira,BR-386,362.0,Pleno dia,Crescente,Nublado,Dupla,Interseção de vias,-29.55843,-51.88948,DEL04-RS,Risco Médio,Média
sábado,BR-262,77.0,Pleno dia,Crescente,Céu Claro,Simples,Reta,-20.75887,-52.03301,DEL07-MS,Risco Médio,Média
sábado,BR-153,38.5,Plena Noite,Crescente,Céu Claro,Dupla,Reta,-18.73455,-49.10545,DEL15-MG,Risco Médio,Alta
terça-feira,BR-101,479.0,Pleno dia,Crescente,Sol,Simples,Reta,-23.00854,-44.27562,DEL03-RJ,Risco Médio,Alta
domingo,BR-116,690.4,Amanhecer,Crescente,Nublado,Simples,Ponte,-13.99084,-40.17707,DEL03-BA,Risco Alto,Alta
domingo,BR-101,67.0,Plena Noite,Decrescente,Chuva,Dupla,Não Informado,-8.042334,-34.9431,DEL01-PE,Risco Alto,Alta
sexta-feira,BR-116,477.0,Pleno dia,Decrescente,Nublado,Dupla,Reta,-24.69783,-48.00172,DEL05-SP,Risco Médio,Alta
segunda-feira,BR-290,104.0,Pleno dia,Decrescente,Céu Claro,Dupla,Ponte,-29.99312,-51.2754,DEL02-RS,Risco Baixo,Baixa
quinta-feira,BR-101,11.0,Pleno dia,Decrescente,Nublado,Dupla,Ponte,-26.07203,-48.86101,DEL03-SC,Risco Médio,Alta
segunda-feira,BR-116,1.0,Plena Noite,Crescente,Céu Claro,Múltipla,Reta,-3.762064,-38.51899,DEL01-CE,Risco Médio,Alta
domingo,BR-262,376.6,Pleno dia,Crescente,Nublado,Dupla,Reta,-19.93039,-44.40409,DEL01-MG,Risco Baixo,Média
terça-feira,BR-364,1.0,Plena Noite,Crescente,Nublado,Simples,Reta,-20.13824,-48.70235,DEL13-MG,Risco Médio,Alta
sexta-feira,BR-101,59.0,Pleno dia,Crescente,Sol,Dupla,Reta,-7.977086,-34.92607,DEL01-PE,Risco Baixo,Alta
quinta-feira,BR-376,209.1,Plena Noite,Crescente,Céu Claro,Simples,Curva,-23.53597,-51.67204,DEL07-PR,Risco Médio,Baixa
terça-feira,BR-316,11.7,Pleno dia,Decrescente,Céu Claro,Dupla,Reta,-1.365233,-48.34268,DEL01-PA,Risco Médio,Baixa
segunda-feira,BR-101,177.0,Pleno dia,Decrescente,Céu Claro,Simples,Reta,-22.387,-41.98545,DEL02-RJ,Risco Baixo,Alta
segunda-feira,BR-381,532.1,Pleno dia,Decrescente,Sol,Dupla,Curva,-20.1709,-44.3729,DEL04-MG,Risco Baixo,Alta
sexta-feira,BR-158,530.0,Plena Noite,Crescente,Céu Claro,Simples,Reta,-14.08683,-52.1609,DEL07-MT,Risco Médio,Baixa
domingo,BR-116,227.9,Pleno dia,Decrescente,Céu Claro,Múltipla,Reta,-23.49659,-46.55649,DEL01-SP,Risco Médio,Alta
quarta-feira,BR-376,359.4,Pleno dia,Crescente,Céu Claro,Simples,Não Informado,-24.26981,-50.89159,DEL03-PR,Risco Médio,Baixa
segunda-feira,BR-290,21.7,Amanhecer,Crescente,Garoa/Chuvisco,Múltipla,Reta,-29.88979,-50.4646,DEL03-RS,Risco Médio,Baixa
domingo,BR-280,23.0,Plena Noite,Crescente,Garoa/Chuvisco,Simples,Reta,-26.37468,-48.71651,DEL03-SC,Risco Baixo,Baixa
sábado,BR-427,102.8,Pleno dia,Crescente,Sol,Simples,Reta,-6.453311,-37.12426,DEL03-RN,Risco Médio,Baixa
quinta-feira,BR-242,681.0,Plena Noite,Crescente,Céu Claro,Simples,Reta,-12.22403,-44.03201,DEL10-BA,Risco Baixo,Baixa
domingo,BR-381,60.0,Plena Noite,Crescente,Nevoeiro/Neblina,Dupla,Curva,-23.28958,-46.5873,DEL03-SP,Risco Baixo,Alta
quarta-feira,BR-163,175.6,Pleno dia,Decrescente,Nublado,Dupla,Curva,-25.21735,-53.59538,DEL04-PR,Risco Médio,Alta
domingo,BR-369,454.7,Plena Noite,Decrescente,Céu Claro,Simples,Reta,-24.5518,-53.0276,DEL04-PR,Risco Médio,Baixa
terça-feira,BR-116,121.0,Pleno dia,Decrescente,Céu Claro,Dupla,Reta,-23.07631,-45.65337,DEL02-SP,Risco Médio,Alta
terça-feira,BR-101,375.9,Pleno dia,Crescente,Céu Claro,Simples,Reta,-20.78856,-40.79561,DEL03-ES,Risco Médio,Alta
sexta-feira,BR-364,394.0,Pleno dia,Decrescente,Céu Claro,Dupla,Reta,-15.70012,-55.89062,DEL01-MT,Risco Baixo,Alta
domingo,BR-101,28.3,Pleno dia,Crescente,Sol,Simples,Reta,-9.068645,-35.7411,DEL01-AL,Risco Médio,Alta
sábado,BR-381,6.8,Anoitecer,Crescente,Céu Claro,Dupla,Reta,-19.98817,-44.19718,DEL01-MG,Risco Médio,Alta
quarta-feira,BR-101,568.0,Plena Noite,Crescente,Céu Claro,Simples,Reta,-23.17024,-44.71038,DEL03-RJ,Risco Médio,Alta
sexta-feira,BR-376,666.0,Plena Noite,Crescente,Chuva,Dupla,Curva,-25.86037,-48.95087,DEL01-PR,Risco Médio,Baixa
terça-feira,BR-277,725.3,Pleno dia,Decrescente,Sol,Dupla,Viaduto,-25.50824,-54.5462,DEL05-PR,Risco Baixo,Média
quinta-feira,BR-277,724.0,Anoitecer,Decrescente,Céu Claro,Dupla,Reta,-25.50258,-54.53868,DEL05-PR,Risco Baixo,Média
segunda-feira,BR-153,545.0,Pleno dia,Decrescente,Sol,Simples,Reta,-30.79522,-53.57861,DEL09-RS,Risco Médio,Alta
sexta-feira,BR-101,11.0,Plena Noite,Crescente,Céu Claro,Simples,Curva,-21.30767,-41.32533,DEL08-RJ,Risco Médio,Alta
sábado,BR-381,490.4,Pleno dia,Decrescente,Sol,Dupla,Curva,-19.9585,-44.151,DEL01-MG,Risco Médio,Alta
quinta-feira,BR-146,477.9,Pleno dia,Decrescente,Céu Claro,Simples,Rotatória,-21.7458,-46.40457,DEL09-MG,Risco Médio,Baixa
sábado,BR-20,189.0,Plena Noite,Crescente,Chuva,Simples,Reta,-14.40825,-46.45252,DEL02-DF,Risco Médio,Baixa
segunda-feira,BR-101,334.9,Pleno dia,Decrescente,Céu Claro,Dupla,Interseção de vias,-28.46982,-49.01663,DEL02-SC,Risco Médio,Alta
sábado,BR-282,64.0,Pleno dia,Crescente,Sol,Simples,Curva,-27.69632,-49.05246,DEL01-SC,Risco Médio,Baixa
quinta-feira,BR-277,230.9,Pleno dia,Crescente,Nublado,Simples,Reta,-25.46943,-50.50417,DEL03-PR,Risco Médio,Média
segunda-feira,BR-381,68.0,Pleno dia,Decrescente,Chuva,Dupla,Curva,-23.34212,-46.5736,DEL03-SP,Risco Médio,Alta
terça-feira,BR-174,283.0,Pleno dia,Decrescente,Céu Claro,Simples,Desvio Temporário,-15.22654,-59.33573,DEL04-MT,Risco Baixo,Baixa
sábado,BR-280,52.0,Pleno dia,Crescente,Céu Claro,Dupla,Reta,-26.4689,-48.96492,DEL03-SC,Risco Médio,Baixa
sábado,BR-376,666.2,Plena Noite,Decrescente,Garoa/Chuvisco,Dupla,Não Informado,-25.86484,-48.94038,DEL01-PR,Risco Baixo,Baixa
sábado,BR-428,187.9,Pleno dia,Decrescente,Sol,Simples,Curva,-9.37405,-40.48764,DEL06-PE,Risco Médio,Baixa
sábado,BR-101,297.2,Pleno dia,Decrescente,Nublado,Dupla,Reta,-20.34891,-40.41205,DEL01-ES,Risco Baixo,Alta
terça-feira,BR-116,216.8,Pleno dia,Crescente,Céu Claro,Múltipla,Reta,-23.45245,-46.46808,DEL01-SP,Risco Médio,Alta
domingo,BR-20,399.0,Pleno dia,Decrescente,Céu Claro,Simples,Não Informado,-3.803842,-38.72308,DEL01-CE,Risco Médio,Baixa
terça-feira,BR-60,209.3,Anoitecer,Crescente,Sol,Dupla,Curva,-16.9324,-49.6679,DEL01-GO,Risco Médio,Média
segunda-feira,BR-101,386.9,Plena Noite,Crescente,Céu Claro,Simples,Curva,-18.72055,-39.86588,DEL03-ES,Risco Médio,Alta
terça-feira,BR-262,34.8,Pleno dia,Decrescente,Sol,Simples,Não Informado,-20.25693,-42.01099,DEL06-MG,Risco Médio,Média
sábado,BR-226,63.0,Plena Noite,Crescente,Céu Claro,Simples,Reta,-6.065018,-35.68114,DEL01-RN,Risco Alto,Baixa
terça-feira,BR-232,258.5,Plena Noite,Decrescente,Nublado,Simples,Reta,-8.408866,-37.10495,DEL03-PE,Risco Baixo,Baixa
sexta-feira,BR-304,113.7,Plena Noite,Decrescente,Céu Claro,Simples,Reta,-5.603365,-36.91797,DEL04-RN,Risco Médio,Baixa
sexta-feira,BR-470,145.4,Plena Noite,Crescente,Nublado,Simples,Reta,-27.2373,-49.68222,DEL04-SC,Risco Baixo,Baixa
sábado,BR-369,191.1,Pleno dia,Crescente,Nublado,Dupla,Reta,-23.44596,-51.42333,DEL07-PR,Risco Baixo,Baixa
segunda-feira,BR-376,650.0,Pleno dia,Crescente,Chuva,Dupla,Não Informado,-25.84565,-49.08816,DEL01-PR,Risco Médio,Baixa
domingo,BR-101,87.0,Pleno dia,Decrescente,Sol,Dupla,Curva,-26.63713,-48.69651,DEL03-SC,Risco Médio,Alta
domingo,BR-101,429.0,Anoitecer,Decrescente,Chuva,Simples,Curva,-22.93504,-44.01629,DEL03-RJ,Risco Médio,Alta
domingo,BR-101,386.0,Pleno dia,Crescente,Chuva,Simples,Curva,-13.9103,-39.4816,DEL05-BA,Risco Médio,Alta
quarta-feira,BR-354,711.3,Pleno dia,Crescente,Céu Claro,Simples,Curva,-22.04205,-44.92859,DEL17-MG,Risco Médio,Baixa
terça-feira,BR-230,154.6,Pleno dia,Crescente,Céu Claro,Simples,Curva,-7.2777,-35.8985,DEL02-PB,Risco Médio,Baixa
domingo,BR-101,277.1,Plena Noite,Decrescente,Ignorado,Dupla,Reta,-28.15478,-48.69265,DEL02-SC,Risco Médio,Alta
sábado,BR-116,56.1,Pleno dia,Crescente,Chuva,Dupla,Reta,-22.76907,-45.13044,DEL08-SP,Risco Médio,Alta
terça-feira,BR-282,252.0,Pleno dia,Decrescente,Céu Claro,Simples,Desvio Temporário,-27.69127,-50.56148,DEL05-SC,Risco Médio,Baixa
sábado,BR-101,146.0,Pleno dia,Decrescente,Céu Claro,Simples,Reta,-19.36991,-40.06561,DEL04-ES,Risco Médio,Alta
domingo,BR-487,118.8,Pleno dia,Crescente,Céu Claro,Simples,Reta,-23.8423,-52.94115,DEL09-PR,Risco Alto,Baixa
quinta-feira,BR-116,6.3,Pleno dia,Decrescente,Céu Claro,Simples,Reta,-26.14812,-49.82547,DEL06-SC,Risco Médio,Alta
sexta-feira,BR-116,5.0,Pleno dia,Crescente,Garoa/Chuvisco,Simples,Não Informado,-14.82562,-40.8744,DEL08-BA,Risco Médio,Alta
quinta-feira,BR-116,218.7,Pleno dia,Crescente,Céu Claro,Simples,Reta,-23.45797,-46.47993,DEL01-SP,Risco Médio,Alta
segunda-feira,BR-277,466.7,Plena Noite,Crescente,Céu Claro,Simples,Não Informado,-25.35433,-52.48224,DEL04-PR,Risco Médio,Média
sábado,BR-163,758.0,Anoitecer,Crescente,Céu Claro,Dupla,Retorno Regulamentado,-12.50865,-55.69283,DEL06-MT,Risco Baixo,Alta
domingo,BR-470,68.4,Plena Noite,Decrescente,Nublado,Simples,Interseção de vias,-26.87028,-49.22742,DEL04-SC,Risco Médio,Baixa
domingo,BR-381,531.0,Anoitecer,Decrescente,Chuva,Dupla,Curva,-20.18183,-44.37896,DEL04-MG,Risco Médio,Alta
segunda-feira,BR-262,57.8,Plena Noite,Crescente,Chuva,Simples,Interseção de vias,-20.41326,-40.75928,DEL01-ES,Risco Baixo,Média
domingo,BR-376,668.0,Pleno dia,Decrescente,Garoa/Chuvisco,Dupla,Curva,-25.8647,-48.9341,DEL01-PR,Risco Médio,Baixa
quarta-feira,BR-230,114.0,Pleno dia,Crescente,Céu Claro,Dupla,Reta,-5.360733,-49.08048,DEL03-PA,Risco Médio,Baixa
sábado,BR-381,55.0,Plena Noite,Decrescente,Céu Claro,Dupla,Reta,-23.25207,-46.5948,DEL03-SP,Risco Médio,Alta
quarta-feira,BR-470,268.0,Pleno dia,Crescente,Garoa/Chuvisco,Simples,Curva,-29.52268,-51.47627,DEL04-RS,Risco Médio,Baixa
segunda-feira,BR-101,472.0,Pleno dia,Crescente,Nublado,Simples,Reta,-22.98868,-44.23306,DEL03-RJ,Risco Baixo,Alta
quarta-feira,BR-470,3.0,Plena Noite,Decrescente,Céu Claro,Dupla,Não Informado,-26.86194,-48.68162,DEL04-SC,Risco Baixo,Baixa
quarta-feira,BR-365,760.0,Plena Noite,Decrescente,Nublado,Simples,Reta,-18.9546,-49.4676,DEL15-MG,Risco Alto,Média
quarta-feira,BR-232,110.1,Plena Noite,Crescente,Céu Claro,Dupla,Curva,-8.286991,-35.81864,DEL02-PE,Risco Médio,Baixa
sexta-feira,BR-101,741.0,Pleno dia,Crescente,Chuva,Simples,Curva,-16.5426,-39.5666,DEL09-BA,Risco Médio,Alta
quinta-feira,BR-230,96.5,Plena Noite,Crescente,Céu Claro,Dupla,Reta,-7.188889,-35.46333,DEL01-PB,Risco Médio,Baixa
quinta-feira,BR-116,306.4,Pleno dia,Decrescente,Nublado,Dupla,Curva,-22.45924,-44.43478,DEL07-RJ,Risco Médio,Alta
domingo,BR-262,606.5,Pleno dia,Crescente,Chuva,Simples,Reta,-19.61421,-46.28042,DEL08-MG,Risco Médio,Média
quarta-feira,BR-101,23.8,Plena Noite,Crescente,Vento,Simples,Reta,-5.318036,-35.41481,DEL02-RN,Risco Médio,Alta
domingo,BR-101,127.0,Plena Noite,Crescente,Céu Claro,Dupla,Reta,-6.095313,-35.23432,DEL01-RN,Risco Médio,Alta
quinta-feira,BR-222,119.0,Pleno dia,Decrescente,Chuva,Simples,Não Informado,-3.722313,-39.5618,DEL04-CE,Risco Médio,Baixa
quarta-feira,BR-277,453.9,Pleno dia,Crescente,Céu Claro,Simples,Interseção de vias,-25.3698,-52.37913,DEL04-PR,Risco Médio,Média
terça-feira,BR-423,114.3,Pleno dia,Decrescente,Nublado,Simples,Reta,-8.901462,-36.64852,DEL03-PE,Risco Baixo,Baixa
sábado,BR-365,627.0,Pleno dia,Crescente,Céu Claro,Dupla,Não Informado,-18.9065,-48.31824,DEL15-MG,Risco Médio,Média
sexta-feira,BR-470,42.0,Anoitecer,Crescente,Nublado,Simples,Reta,-26.86121,-49.07096,DEL04-SC,Risco Baixo,Baixa
terça-feira,BR-40,7.7,Amanhecer,Crescente,Céu Claro,Dupla,Reta,-16.11386,-47.96906,DEL01-DF,Risco Médio,Alta
sexta-feira,BR-110,28.7,Plena Noite,Crescente,Céu Claro,Simples,Reta,-5.110779,-37.20025,DEL04-RN,Risco Médio,Baixa
sexta-feira,BR-116,215.0,Plena Noite,Crescente,Nublado,Múltipla,Reta,-23.45011,-46.46234,DEL01-SP,Risco Médio,Alta