dia_semana,br,km,fase_dia,sentido_via,condicao_metereologica,tipo_pista,tracado_via,latitude,longitude,delegacia,classificacao_acidente,postos_policiais_PRF
domingo,BR-470,4.0,Amanhecer,Decrescente,Sol,Simples,Reta,-26.85847,-48.69079,DEL04-SC,Risco Médio,Baixa
quarta-feira,BR-104,0.8,Plena Noite,Crescente,Céu Claro,Simples,Reta,-6.433226,-36.20394,DEL02-PB,Risco Alto,Baixa
domingo,BR-104,35.5,Pleno dia,Decrescente,Sol,Dupla,Não Informado,-8.049292,-36.04154,DEL02-PE,Risco Médio,Baixa
sexta-feira,BR-470,49.2,Plena Noite,Crescente,Nublado,Dupla,Reta,-26.86113,-49.06697,DEL04-SC,Risco Alto,Baixa
domingo,BR-116,166.0,Pleno dia,Crescente,Céu Claro,Múltipla,Reta,-22.8156,-43.30052,DEL01-RJ,Risco Médio,Alta
quinta-feira,BR-10,344.0,Pleno dia,Decrescente,Chuva,Simples,Não Informado,-4.745441,-47.49311,DEL04-MA,Risco Alto,Baixa
quarta-feira,BR-101,53.0,Amanhecer,Crescente,Nublado,Dupla,Curva,-26.40231,-48.8397,DEL03-SC,Risco Médio,Alta
segunda-feira,BR-373,183.0,Pleno dia,Decrescente,Nublado,Múltipla,Interseção de vias,-25.03952,-50.27832,DEL03-PR,Risco Médio,Baixa
sexta-feira,BR-324,621.0,Pleno dia,Crescente,Céu Claro,Múltipla,Não Informado,-12.91234,-38.45957,DEL01-BA,Risco Médio,Baixa
quinta-feira,BR-116,139.3,Plena Noite,Decrescente,Céu Claro,Simples,Reta,-4.75148,-38.06476,DEL03-CE,Risco Médio,Alta
sexta-feira,BR-376,32.0,Plena Noite,Crescente,Céu Claro,Simples,Curva,-22.78091,-52.9868,DEL09-PR,Risco Alto,Baixa
terça-feira,BR-153,508.0,Plena Noite,Crescente,Nublado,Dupla,Não Informado,-16.7804,-49.2371,DEL01-GO,Risco Médio,Alta
segunda-feira,BR-40,551.8,Pleno dia,Crescente,Céu Claro,Dupla,Reta,-20.05411,-43.97102,DEL01-MG,Risco Médio,Alta
sábado,BR-262,2.2,Pleno dia,Decrescente,Nublado,Dupla,Interseção de vias,-20.33181,-40.36278,DEL01-ES,Risco Médio,Média
segunda-feira,BR-40,21.0,Plena Noite,Crescente,Nublado,Dupla,Reta,-22.11424,-43.15859,DEL06-RJ,Risco Baixo,Alta
sexta-feira,BR-316,61.9,Pleno dia,Crescente,Céu Claro,Dupla,Não Informado,-1.29686,-47.94639,DEL01-PA,Risco Baixo,Baixa
quarta-feira,BR-116,223.0,Pleno dia,Decrescente,Céu Claro,Múltipla,Reta,-23.48111,-46.53348,DEL01-SP,Risco Médio,Alta
segunda-feira,BR-101,70.8,Plena Noite,Crescente,Céu Claro,Simples,Reta,-18.75351,-39.8626,DEL04-ES,Risco Médio,Alta
sábado,BR-60,4.5,Pleno dia,Crescente,Céu Claro,Simples,Reta,-15.89272,-48.09574,DEL01-DF,Risco Médio,Média
sexta-feira,BR-116,234.0,Pleno dia,Decrescente,Céu Claro,Dupla,Reta,-27.7024,-50.33486,DEL05-SC,Risco Médio,Alta
sábado,BR-101,216.2,Pleno dia,Decrescente,Céu Claro,Dupla,Curva,-19.83935,-40.38352,DEL02-ES,Risco Médio,Alta
quinta-feira,BR-135,472.5,Pleno dia,Crescente,Céu Claro,Simples,Reta,-17.58085,-44.05105,DEL12-MG,Risco Médio,Baixa
quarta-feira,BR-116,80.0,Pleno dia,Crescente,Chuva,Simples,Desvio Temporário,-22.39007,-42.95336,DEL04-RJ,Risco Médio,Alta
sábado,BR-116,273.0,Pleno dia,Crescente,Sol,Dupla,Reta,-23.6281,-46.8187,DEL04-SP,Risco Médio,Alta
sexta-feira,BR-101,109.0,Plena Noite,Crescente,Céu Claro,Dupla,Retorno Regulamentado,-5.937378,-35.26483,DEL01-RN,Risco Médio,Alta
sábado,BR-116,130.2,Plena Noite,Decrescente,Chuva,Dupla,Reta,-25.63928,-49.31303,DEL01-PR,Risco Alto,Alta
domingo,BR-101,226.3,Plena Noite,Decrescente,Nublado,Dupla,Reta,-27.74465,-48.63721,DEL01-SC,Risco Baixo,Alta
sexta-feira,BR-259,102.2,Plena Noite,Decrescente,Céu Claro,Simples,Reta,-19.51276,-41.00757,DEL02-ES,Risco Alto,Baixa
quinta-feira,BR-163,1002.0,Plena Noite,Decrescente,Céu Claro,Simples,Reta,-2.480376,-54.73118,DEL05-PA,Risco Alto,Alta
sábado,BR-20,14.0,Plena Noite,Crescente,Céu Claro,Dupla,Reta,-15.63494,-47.74124,DEL02-DF,Risco Baixo,Baixa
sexta-feira,BR-364,468.0,Plena Noite,Crescente,Nublado,Simples,Reta,-10.20611,-62.78157,DEL03-RO,Risco Médio,Alta
terça-feira,BR-381,627.5,Pleno dia,Decrescente,Céu Claro,Dupla,Não Informado,-20.81635,-44.7959,DEL04-MG,Risco Baixo,Alta
sábado,BR-101,201.0,Plena Noite,Crescente,Nublado,Múltipla,Reta,-27.54837,-48.61978,DEL01-SC,Risco Médio,Alta
quinta-feira,BR-158,285.0,Plena Noite,Crescente,Céu Claro,Dupla,Não Informado,-20.85589,-51.74129,DEL07-MS,Risco Médio,Baixa
sábado,BR-101,89.8,Pleno dia,Decrescente,Céu Claro,Múltipla,Reta,-7.180566,-34.90044,DEL01-PB,Risco Médio,Alta
domingo,BR-50,283.0,Plena Noite,Crescente,Chuva,Simples,Interseção de vias,-18.1965,-47.9567,DEL06-GO,Risco Médio,Média
sábado,BR-381,400.0,Pleno dia,Crescente,Céu Claro,Dupla,Reta,-19.74619,-43.49341,DEL01-MG,Risco Médio,Alta
domingo,BR-407,579.0,Anoitecer,Crescente,Céu Claro,Simples,Reta,-8.174923,-41.11388,DEL04-PI,Risco Médio,Baixa
domingo,BR-153,503.0,Pleno dia,Crescente,Céu Claro,Simples,Não Informado,-10.22749,-48.87609,DEL01-TO,Risco Médio,Alta
domingo,BR-364,515.0,Plena Noite,Crescente,Céu Claro,Múltipla,Reta,-9.915636,-63.05523,DEL03-RO,Risco Médio,Alta
quinta-feira,BR-459,96.0,Pleno dia,Decrescente,Céu Claro,Simples,Não Informado,-22.20281,-45.95972,DEL09-MG,Risco Médio,Baixa
domingo,BR-280,67.7,Pleno dia,Crescente,Céu Claro,Simples,Reta,-26.47751,-49.10364,DEL03-SC,Risco Médio,Baixa
domingo,BR-101,150.7,Plena Noite,Decrescente,Chuva,Dupla,Reta,-27.06036,-48.59381,DEL04-SC,Risco Médio,Alta
terça-feira,BR-101,203.8,Pleno dia,Decrescente,Céu Claro,Múltipla,Reta,-27.565,-48.6146,DEL01-SC,Risco Médio,Alta
quinta-feira,BR-435,19.8,Plena Noite,Crescente,Nublado,Simples,Reta,-12.75217,-60.2904,DEL04-RO,Risco Médio,Baixa
segunda-feira,BR-70,278.0,Pleno dia,Crescente,Céu Claro,Simples,Reta,-15.5574,-54.27982,DEL05-MT,Risco Médio,Baixa
terça-feira,BR-101,331.8,Plena Noite,Decrescente,Céu Claro,Múltipla,Reta,-22.87046,-43.20248,DEL02-RJ,Risco Médio,Alta
sábado,BR-262,52.0,Plena Noite,Decrescente,Nublado,Simples,Curva,-20.24685,-42.15479,DEL06-MG,Risco Médio,Média
quarta-feira,BR-290,482.7,Plena Noite,Decrescente,Chuva,Simples,Reta,-30.2418,-54.94049,DEL11-RS,Risco Médio,Baixa
sábado,BR-174,505.0,Pleno dia,Crescente,Chuva,Simples,Rotatória,2.806818,-60.68964,DEL01-RR,Risco Médio,Baixa
domingo,BR-116,398.5,Pleno dia,Crescente,Céu Claro,Dupla,Reta,-24.28187,-47.46013,DEL04-SP,Risco Baixo,Alta
quarta-feira,BR-116,142.0,Pleno dia,Decrescente,Céu Claro,Dupla,Reta,-23.17429,-45.82946,DEL06-SP,Risco Médio,Alta
quinta-feira,BR-262,410.0,Anoitecer,Decrescente,Céu Claro,Simples,Reta,-20.44007,-55.11428,DEL01-MS,Risco Médio,Média
sábado,BR-280,33.0,Pleno dia,Crescente,Chuva,Simples,Reta,-26.42576,-48.78741,DEL03-SC,Risco Médio,Baixa
segunda-feira,BR-101,136.4,Plena Noite,Crescente,Chuva,Simples,Interseção de vias,-27.01113,-48.61508,DEL04-SC,Risco Médio,Alta
sexta-feira,BR-101,231.0,Plena Noite,Crescente,Nublado,Simples,Reta,-19.94426,-40.40662,DEL02-ES,Risco Médio,Alta
terça-feira,BR-259,71.5,Plena Noite,Crescente,Céu Claro,Simples,Reta,-19.49732,-40.76455,DEL02-ES,Risco Médio,Baixa
quinta-feira,BR-153,417.1,Amanhecer,Crescente,Nevoeiro/Neblina,Simples,Reta,-30.09545,-52.86906,DEL02-RS,Risco Médio,Alta
sexta-feira,BR-381,441.0,Pleno dia,Crescente,Nublado,Simples,Reta,-19.81604,-43.8039,DEL01-MG,Risco Médio,Alta
segunda-feira,BR-153,189.9,Plena Noite,Crescente,Nublado,Simples,Interseção de vias,-14.42051,-49.15711,DEL07-GO,Risco Médio,Alta
sexta-feira,BR-381,506.9,Plena Noite,Crescente,Céu Claro,Dupla,Reta,-20.05039,-44.27963,DEL01-MG,Risco Baixo,Alta
sábado,BR-163,806.0,Pleno dia,Decrescente,Chuva,Simples,Reta,-11.86459,-55.50293,DEL06-MT,Risco Médio,Alta
quinta-feira,BR-40,547.7,Pleno dia,Crescente,Céu Claro,Dupla,Reta,-20.02252,-43.97026,DEL01-MG,Risco Médio,Alta
domingo,BR-423,59.9,Plena Noite,Decrescente,Nublado,Simples,Reta,-8.646764,-36.31558,DEL03-PE,Risco Baixo,Baixa
sexta-feira,BR-282,596.4,Plena Noite,Crescente,Nevoeiro/Neblina,Simples,Não Informado,-26.82962,-53.13365,DEL07-SC,Risco Médio,Baixa
domingo,BR-101,296.6,Plena Noite,Crescente,Céu Claro,Múltipla,Curva,-20.34394,-40.4091,DEL01-ES,Risco Baixo,Alta
sexta-feira,BR-364,461.0,Pleno dia,Crescente,Céu Claro,Simples,Curva,-10.24442,-62.74202,DEL03-RO,Risco Baixo,Alta
domingo,BR-116,504.5,Plena Noite,Decrescente,Céu Claro,Simples,Reta,-7.51095,-38.98934,DEL05-CE,Risco Alto,Alta
domingo,BR-470,12.0,Pleno dia,Decrescente,Céu Claro,Simples,Reta,-26.89937,-48.65459,DEL04-SC,Risco Médio,Baixa
sábado,BR-163,111.8,Anoitecer,Crescente,Nublado,Dupla,Reta,-16.56984,-54.68344,DEL02-MT,Risco Médio,Alta
sábado,BR-101,69.0,Plena Noite,Decrescente,Céu Claro,Múltipla,Reta,-18.72863,-39.85968,DEL04-ES,Risco Médio,Alta
sábado,BR-101,72.3,Plena Noite,Decrescente,Céu Claro,Simples,Reta,-5.698662,-35.26317,DEL02-RN,Risco Médio,Alta
sexta-feira,BR-381,46.0,Plena Noite,Decrescente,Céu Claro,Múltipla,Reta,-23.1809,-46.58078,DEL03-SP,Risco Baixo,Alta
terça-feira,BR-153,491.0,Pleno dia,Decrescente,Nublado,Simples,Reta,-16.639,-49.2063,DEL01-GO,Risco Médio,Alta
domingo,BR-101,16.8,Pleno dia,Decrescente,Nublado,Dupla,Reta,-26.11427,-48.87647,DEL03-SC,Risco Baixo,Alta
segunda-feira,BR-101,96.4,Plena Noite,Crescente,Nublado,Dupla,Reta,-26.72555,-48.70226,DEL03-SC,Risco Médio,Alta
terça-feira,BR-40,501.6,Pleno dia,Decrescente,Céu Claro,Dupla,Não Informado,-19.70736,-44.16737,DEL02-MG,Risco Médio,Alta
sexta-feira,BR-116,253.0,Pleno dia,Decrescente,Céu Claro,Simples,Reta,-29.81784,-51.16996,DEL01-RS,Risco Médio,Alta
quinta-feira,BR-285,119.1,Pleno dia,Crescente,Nublado,Simples,Interseção de vias,-28.50109,-50.91967,DEL05-RS,Risco Baixo,Baixa
terça-feira,BR-392,6.3,Plena Noite,Crescente,Nublado,Simples,Reta,-32.08499,-52.10593,DEL07-RS,Risco Baixo,Média
domingo,BR-116,268.5,Plena Noite,Decrescente,Chuva,Simples,Curva,-17.78709,-41.49977,DEL11-MG,Risco Médio,Alta
terça-feira,BR-282,0.4,Pleno dia,Decrescente,Céu Claro,Múltipla,Reta,-27.59845,-48.572,DEL01-SC,Risco Médio,Baixa
quarta-feira,BR-386,396.0,Pleno dia,Crescente,Céu Claro,Simples,Não Informado,-29.73257,-51.63193,DEL04-RS,Risco Médio,Média
sábado,BR-277,104.0,Plena Noite,Decrescente,Ignorado,Múltipla,Não Informado,-25.49679,-49.34265,DEL01-PR,Risco Médio,Média
segunda-feira,BR-135,96.3,Plena Noite,Decrescente,Nublado,Simples,Reta,-3.336827,-44.45016,DEL01-MA,Risco Baixo,Baixa
terça-feira,BR-116,51.1,Pleno dia,Crescente,Sol,Simples,Não Informado,-22.18884,-42.86303,DEL04-RJ,Risco Médio,Alta
segunda-feira,BR-101,311.0,Pleno dia,Crescente,Céu Claro,Dupla,Reta,-22.80062,-43.05319,DEL02-RJ,Risco Médio,Alta
segunda-feira,BR-101,150.0,Amanhecer,Decrescente,Céu Claro,Múltipla,Curva,-19.40437,-40.06079,DEL04-ES,Risco Médio,Alta
sexta-feira,BR-116,150.0,Pleno dia,Decrescente,Chuva,Dupla,Reta,-29.16843,-51.15834,DEL05-RS,Risco Baixo,Alta
domingo,BR-163,829.0,Plena Noite,Crescente,Céu Claro,Dupla,Rotatória,-11.91325,-55.50889,DEL06-MT,Risco Médio,Alta
segunda-feira,BR-101,85.0,Plena Noite,Crescente,Céu Claro,Dupla,Reta,-7.140901,-34.92186,DEL01-PB,Risco Baixo,Alta
sábado,BR-369,201.0,Plena Noite,Decrescente,Ignorado,Simples,Reta,-23.52414,-51.44464,DEL07-PR,Risco Médio,Baixa
sábado,BR-277,645.4,Plena Noite,Decrescente,Nevoeiro/Neblina,Simples,Curva,-25.17371,-53.89586,DEL05-PR,Risco Baixo,Média
quarta-feira,BR-476,233.0,Pleno dia,Decrescente,Céu Claro,Simples,Curva,-25.88206,-50.00882,DEL02-PR,Risco Baixo,Baixa
domingo,BR-407,122.9,Plena Noite,Crescente,Garoa/Chuvisco,Simples,Desvio Temporário,-10.42967,-40.1866,DEL04-BA,Risco Baixo,Baixa
segunda-feira,BR-232,156.0,Pleno dia,Decrescente,Céu Claro,Simples,Reta,-8.32936,-36.21722,DEL03-PE,Risco Alto,Baixa
quarta-feira,BR-116,106.0,Pleno dia,Crescente,Nublado,Dupla,Reta,-25.56991,-49.21948,DEL01-PR,Risco Médio,Alta
sábado,BR-487,167.4,Plena Noite,Decrescente,Céu Claro,Simples,Não Informado,-24.01331,-52.4618,DEL04-PR,Risco Alto,Baixa
quinta-feira,BR-60,5.0,Plena Noite,Decrescente,Céu Claro,Dupla,Reta,-16.09417,-48.51721,DEL01-DF,Risco Baixo,Média
sábado,BR-101,84.1,Pleno dia,Decrescente,Sol,Dupla,Reta,-5.774175,-35.2578,DEL02-RN,Risco Baixo,Alta
quarta-feira,BR-364,707.0,Pleno dia,Decrescente,Céu Claro,Simples,Reta,-8.800372,-63.83263,DEL01-RO,Risco Médio,Alta
domingo,BR-285,76.2,Pleno dia,Crescente,Céu Claro,Simples,Curva,-28.64118,-50.56539,DEL05-RS,Risco Médio,Baixa
terça-feira,BR-116,168.3,Plena Noite,Decrescente,Garoa/Chuvisco,Múltipla,Reta,-22.79458,-43.36394,DEL01-RJ,Risco Médio,Alta
segunda-feira,BR-50,67.0,Pleno dia,Crescente,Céu Claro,Dupla,Não Informado,-18.8514,-48.25346,DEL15-MG,Risco Médio,Média
segunda-feira,BR-364,399.7,Pleno dia,Crescente,Nublado,Simples,Reta,-15.65794,-55.97993,DEL02-MT,Risco Médio,Alta
domingo,BR-135,406.0,Pleno dia,Crescente,Céu Claro,Simples,Reta,-5.830069,-44.31408,DEL03-MA,Risco Médio,Baixa
sexta-feira,BR-471,165.8,Pleno dia,Decrescente,Sol,Simples,Curva,-29.9477,-52.38047,DEL02-RS,Risco Médio,Baixa
domingo,BR-70,235.0,Pleno dia,Crescente,Nublado,Simples,Reta,-15.6286,-53.9962,DEL05-MT,Risco Baixo,Baixa
domingo,BR-364,446.0,Pleno dia,Decrescente,Céu Claro,Simples,Reta,-10.31907,-62.62842,DEL03-RO,Risco Médio,Alta
sábado,BR-60,4.0,Pleno dia,Decrescente,Céu Claro,Dupla,Reta,-15.89272,-48.09574,DEL01-DF,Risco Médio,Média
domingo,BR-235,166.7,Pleno dia,Crescente,Céu Claro,Simples,Curva,-8.983698,-48.19282,DEL02-TO,Risco Médio,Baixa
quinta-feira,BR-316,410.7,Pleno dia,Crescente,Céu Claro,Simples,Reta,-4.288992,-44.41876,DEL03-MA,Risco Baixo,Baixa
sábado,BR-163,989.0,Plena Noite,Crescente,Nublado,Simples,Reta,-2.565797,-54.72138,DEL05-PA,Risco Alto,Alta
terça-feira,BR-101,122.9,Plena Noite,Decrescente,Nublado,Dupla,Reta,-26.9304,-48.70418,DEL04-SC,Risco Baixo,Alta
domingo,BR-60,92.4,Pleno dia,Crescente,Céu Claro,Dupla,Não Informado,-16.35368,-48.9269,DEL02-GO,Risco Médio,Média
terça-feira,BR-364,709.0,Pleno dia,Crescente,Chuva,Simples,Reta,-8.789627,-63.85118,DEL01-RO,Risco Baixo,Alta
sexta-feira,BR-116,218.9,Pleno dia,Crescente,Céu Claro,Múltipla,Curva,-23.46049,-46.48834,DEL01-SP,Risco Baixo,Alta
segunda-feira,BR-101,213.0,Pleno dia,Decrescente,Céu Claro,Dupla,Reta,-27.6446,-48.6705,DEL01-SC,Risco Baixo,Alta
sexta-feira,BR-470,242.7,Plena Noite,Crescente,Céu Claro,Simples,Reta,-27.31179,-50.4987,DEL05-SC,Risco Médio,Baixa
segunda-feira,BR-116,244.0,Pleno dia,Crescente,Chuva,Dupla,Reta,-29.74053,-51.15056,DEL01-RS,Risco Médio,Alta
quarta-feira,BR-174,14.4,Plena Noite,Crescente,Céu Claro,Dupla,Reta,-12.72792,-60.12889,DEL04-RO,Risco Médio,Baixa
quinta-feira,BR-116,95.0,Pleno dia,Crescente,Sol,Dupla,Reta,-25.53004,-49.14317,DEL01-PR,Risco Médio,Alta
sábado,BR-262,59.0,Pleno dia,Decrescente,Chuva,Simples,Reta,-20.28276,-42.20329,DEL06-MG,Risco Médio,Média
domingo,BR-101,117.0,Plena Noite,Decrescente,Chuva,Simples,Interseção de vias,-26.88747,-48.72253,DEL04-SC,Risco Médio,Alta
quinta-feira,BR-60,101.4,Plena Noite,Decrescente,Céu Claro,Dupla,Retorno Regulamentado,-16.40468,-48.98053,DEL02-GO,Risco Médio,Média
quarta-feira,BR-101,119.6,Anoitecer,Decrescente,Céu Claro,Múltipla,Reta,-26.90432,-48.71555,DEL04-SC,Risco Médio,Alta
terça-feira,BR-101,427.0,Plena Noite,Decrescente,Chuva,Simples,Curva,-14.1618,-39.3287,DEL05-BA,Risco Baixo,Alta
sexta-feira,BR-101,30.1,Pleno dia,Decrescente,Sol,Simples,Interseção de vias,-5.371133,-35.37618,DEL02-RN,Risco Médio,Alta
domingo,BR-230,140.6,Plena Noite,Decrescente,Céu Claro,Dupla,Curva,-7.261257,-35.80623,DEL02-PB,Risco Baixo,Baixa
quinta-feira,BR-262,40.2,Pleno dia,Crescente,Céu Claro,Simples,Não Informado,-20.27334,-42.04914,DEL06-MG,Risco Médio,Média
terça-feira,BR-381,496.0,Pleno dia,Crescente,Céu Claro,Dupla,Reta,-19.99676,-44.20959,DEL01-MG,Risco Baixo,Alta
quinta-feira,BR-282,443.0,Pleno dia,Crescente,Garoa/Chuvisco,Simples,Reta,-26.91758,-51.891,DEL07-SC,Risco Médio,Baixa
terça-feira,BR-70,6.0,Pleno dia,Decrescente,Céu Claro,Dupla,Reta,-15.78891,-48.11193,DEL01-DF,Risco Médio,Baixa
terça-feira,BR-392,51.2,Pleno dia,Crescente,Céu Claro,Dupla,Reta,-31.86521,-52.32379,DEL07-RS,Risco Alto,Média
segunda-feira,BR-470,127.4,Pleno dia,Decrescente,Nublado,Simples,Reta,-27.13657,-49.54301,DEL04-SC,Risco Médio,Baixa
sábado,BR-101,74.1,Plena Noite,Decrescente,Céu Claro,Dupla,Curva,-8.093369,-34.94746,DEL01-PE,Risco Médio,Alta
quarta-feira,BR-153,362.3,Pleno dia,Decrescente,Céu Claro,Simples,Reta,-15.77973,-49.30456,DEL02-GO,Risco Médio,Alta
terça-feira,BR-392,27.2,Plena Noite,Crescente,Chuva,Dupla,Reta,-32.05785,-52.27192,DEL07-RS,Risco Alto,Média
domingo,BR-101,434.0,Plena Noite,Crescente,Céu Claro,Simples,Curva,-22.94127,-44.05069,DEL03-RJ,Risco Médio,Alta
sábado,BR-101,116.3,Plena Noite,Decrescente,Nublado,Múltipla,Reta,-26.87906,-48.72604,DEL04-SC,Risco Baixo,Alta
sábado,BR-101,269.5,Plena Noite,Crescente,Céu Claro,Múltipla,Reta,-20.22189,-40.27034,DEL02-ES,Risco Médio,Alta
sábado,BR-163,0.0,Plena Noite,Crescente,Céu Claro,Simples,Desvio Temporário,-26.2613,-53.6206,DEL07-SC,Risco Médio,Alta
sábado,BR-272,368.4,Plena Noite,Decrescente,Céu Claro,Dupla,Reta,-24.05475,-52.41061,DEL04-PR,Risco Médio,Baixa
terça-feira,BR-163,492.0,Plena Noite,Decrescente,Garoa/Chuvisco,Simples,Reta,-20.3695,-54.53205,DEL01-MS,Risco Médio,Alta
segunda-feira,BR-381,7.0,Pleno dia,Crescente,Céu Claro,Dupla,Reta,-19.96825,-44.19871,DEL01-MG,Risco Médio,Alta
quarta-feira,BR-470,26.0,Pleno dia,Crescente,Céu Claro,Simples,Reta,-27.84983,-51.44886,DEL08-RS,Risco Médio,Baixa
quarta-feira,BR-304,160.8,Anoitecer,Decrescente,Céu Claro,Simples,Reta,-5.689562,-36.51082,DEL01-RN,Risco Médio,Baixa
terça-feira,BR-101,206.0,Plena Noite,Crescente,Nublado,Dupla,Reta,-27.59194,-48.61825,DEL01-SC,Risco Médio,Alta
segunda-feira,BR-101,218.4,Plena Noite,Decrescente,Nublado,Simples,Reta,-27.67586,-48.67053,DEL01-SC,Risco Médio,Alta
segunda-feira,BR-101,99.0,Pleno dia,Decrescente,Céu Claro,Múltipla,Reta,-5.873592,-35.22063,DEL01-RN,Risco Médio,Alta
quinta-feira,BR-101,248.0,Pleno dia,Decrescente,Chuva,Simples,Curva,-12.86513,-39.21708,DEL01-BA,Risco Médio,Alta
quarta-feira,BR-163,831.0,Pleno dia,Crescente,Nublado,Dupla,Não Informado,-11.86459,-55.50293,DEL06-MT,Risco Médio,Alta
quinta-feira,BR-101,83.1,Pleno dia,Decrescente,Céu Claro,Dupla,Reta,-10.82644,-37.13848,DEL01-SE,Risco Baixo,Alta
quarta-feira,BR-70,501.0,Pleno dia,Crescente,Céu Claro,Simples,Reta,-15.67848,-55.93161,DEL02-MT,Risco Médio,Baixa
segunda-feira,BR-101,36.5,Plena Noite,Decrescente,Nublado,Dupla,Não Informado,-7.7976,-34.9269,DEL01-PE,Risco Baixo,Alta
quarta-feira,BR-101,146.7,Pleno dia,Crescente,Céu Claro,Simples,Interseção de vias,-19.36991,-40.06561,DEL04-ES,Risco Baixo,Alta
sexta-feira,BR-282,259.0,Plena Noite,Crescente,Chuva,Simples,Não Informado,-27.65705,-50.59549,DEL05-SC,Risco Médio,Baixa
sexta-feira,BR-235,55.7,Pleno dia,Decrescente,Céu Claro,Simples,Reta,-10.66739,-37.44601,DEL01-SE,Risco Médio,Baixa
terça-feira,BR-60,408.0,Pleno dia,Crescente,Céu Claro,Dupla,Não Informado,-17.8163,-51.1282,DEL04-GO,Risco Médio,Média
sexta-feira,BR-316,307.5,Plena Noite,Crescente,Céu Claro,Simples,Reta,-7.078273,-41.50175,DEL04-PI,Risco Médio,Baixa
terça-feira,BR-381,30.0,Pleno dia,Decrescente,Céu Claro,Dupla,Reta,-23.1906,-46.5844,DEL03-SP,Risco Médio,Alta
sexta-feira,BR-116,128.0,Plena Noite,Crescente,Chuva,Dupla,Não Informado,-23.11455,-45.71106,DEL06-SP,Risco Baixo,Alta
sexta-feira,BR-116,863.7,Plena Noite,Decrescente,Chuva,Simples,Reta,-15.15662,-41.05472,DEL08-BA,Risco Baixo,Alta
terça-feira,BR-290,68.7,Pleno dia,Crescente,Céu Claro,Dupla,Interseção de vias,-29.94357,-50.93811,DEL03-RS,Risco Médio,Baixa
terça-feira,BR-226,15.9,Pleno dia,Crescente,Céu Claro,Simples,Reta,-5.86216,-35.34221,DEL01-RN,Risco Médio,Baixa
sexta-feira,BR-40,23.3,Pleno dia,Decrescente,Céu Claro,Dupla,Reta,-16.23617,-47.9119,DEL01-DF,Risco Médio,Alta
sexta-feira,BR-116,562.4,Pleno dia,Crescente,Sol,Simples,Curva,-20.00118,-42.14031,DEL06-MG,Risco Médio,Alta
terça-feira,BR-116,450.0,Plena Noite,Decrescente,Céu Claro,Dupla,Reta,-12.38095,-39.12805,DEL02-BA,Risco Médio,Alta
terça-feira,BR-40,531.0,Pleno dia,Decrescente,Céu Claro,Dupla,Reta,-19.91962,-44.02523,DEL01-MG,Risco Médio,Alta
sábado,BR-116,815.0,Amanhecer,Crescente,Céu Claro,Simples,Curva,-21.86953,-42.67002,DEL07-MG,Risco Baixo,Alta
sábado,BR-116,424.0,Pleno dia,Crescente,Céu Claro,Simples,Reta,-12.24041,-38.98287,DEL02-BA,Risco Médio,Alta
quinta-feira,BR-101,715.6,Pleno dia,Crescente,Céu Claro,Simples,Reta,-16.3598,-39.57995,DEL09-BA,Risco Médio,Alta
domingo,BR-369,161.1,Anoitecer,Decrescente,Céu Claro,Dupla,Não Informado,-23.28862,-51.26169,DEL07-PR,Risco Baixo,Baixa
segunda-feira,BR-101,124.0,Pleno dia,Crescente,Céu Claro,Dupla,Reta,-11.04643,-37.3649,DEL02-SE,Risco Médio,Alta
segunda-feira,BR-101,329.6,Plena Noite,Decrescente,Céu Claro,Dupla,Reta,-28.45776,-48.98541,DEL02-SC,Risco Médio,Alta
sábado,BR-153,58.7,Pleno dia,Decrescente,Garoa/Chuvisco,Simples,Rotatória,-26.96944,-51.85472,DEL07-SC,Risco Médio,Alta
sábado,BR-277,207.7,Plena Noite,Decrescente,Céu Claro,Simples,Curva,-25.46683,-50.34897,DEL03-PR,Risco Médio,Média
sexta-feira,BR-376,505.0,Pleno dia,Crescente,Céu Claro,Dupla,Reta,-25.23728,-50.03848,DEL03-PR,Risco Médio,Baixa
segunda-feira,BR-116,223.0,Pleno dia,Decrescente,Céu Claro,Simples,Curva,-22.6335,-43.9046,DEL07-RJ,Risco Médio,Alta
sexta-feira,BR-116,3.1,Pleno dia,Decrescente,Céu Claro,Simples,Curva,-3.778187,-38.5139,DEL01-CE,Risco Médio,Alta
domingo,BR-230,52.0,Plena Noite,Decrescente,Chuva,Dupla,Reta,-7.1951,-35.0691,DEL01-PB,Risco Médio,Baixa
terça-feira,BR-476,115.0,Anoitecer,Crescente,Nublado,Simples,Reta,-25.3442,-49.15968,DEL01-PR,Risco Médio,Baixa
quinta-feira,BR-60,393.3,Pleno dia,Crescente,Sol,Simples,Reta,-20.89555,-54.86568,DEL01-MS,Risco Médio,Média
quinta-feira,BR-101,270.0,Pleno dia,Decrescente,Nublado,Dupla,Reta,-20.23144,-40.27384,DEL02-ES,Risco Médio,Alta
quarta-feira,BR-101,30.0,Plena Noite,Decrescente,Chuva,Dupla,Não Informado,-26.2367,-48.9146,DEL03-SC,Risco Médio,Alta
quinta-feira,BR-381,37.0,Plena Noite,Crescente,Céu Claro,Dupla,Reta,-23.19095,-46.58488,DEL03-SP,Risco Alto,Alta