dia_semana,br,km,fase_dia,sentido_via,condicao_metereologica,tipo_pista,tracado_via,latitude,longitude,delegacia,classificacao_acidente,postos_policiais_PRF
segunda-feira,BR-381,478.0,Pleno dia,Crescente,Céu Claro,Dupla,Reta,-19.96157,-44.05071,DEL01-MG,Risco Médio,Alta
segunda-feira,BR-101,46.0,Plena Noite,Decrescente,Céu Claro,Dupla,Não Informado,-26.35568,-48.85881,DEL03-SC,Risco Médio,Alta
quarta-feira,BR-174,14.0,Plena Noite,Decrescente,Céu Claro,Dupla,Interseção de vias,-12.73307,-60.12981,DEL04-RO,Risco Médio,Baixa
sexta-feira,BR-153,253.0,Pleno dia,Crescente,Céu Claro,Simples,Reta,-14.9403,-49.37125,DEL07-GO,Risco Médio,Alta
domingo,BR-174,912.0,Plena Noite,Decrescente,Céu Claro,Simples,Desvio Temporário,-3.102328,-60.02544,DEL01-AM,Risco Médio,Baixa
terça-feira,BR-369,186.1,Pleno dia,Crescente,Céu Claro,Simples,Rotatória,-23.4342,-51.42213,DEL07-PR,Risco Médio,Baixa
sábado,BR-470,188.0,Pleno dia,Decrescente,Céu Claro,Dupla,Curva,-29.00909,-51.56457,DEL06-RS,Risco Médio,Baixa
sexta-feira,BR-476,129.0,Amanhecer,Crescente,Céu Claro,Múltipla,Curva,-25.44098,-49.23371,DEL01-PR,Risco Baixo,Baixa
domingo,BR-230,343.4,Plena Noite,Decrescente,Céu Claro,Simples,Reta,-6.9845,-37.3305,DEL03-PB,Risco Médio,Baixa
terça-feira,BR-40,687.5,Plena Noite,Crescente,Chuva,Simples,Reta,-21.08104,-43.76696,DEL05-MG,Risco Médio,Alta
terça-feira,BR-401,0.3,Plena Noite,Crescente,Céu Claro,Dupla,Interseção de vias,2.804766,-60.68711,DEL01-RR,Risco Médio,Baixa
sábado,BR-277,114.0,Anoitecer,Crescente,Garoa/Chuvisco,Dupla,Reta,-25.44646,-49.4875,DEL03-PR,Risco Médio,Média
quarta-feira,BR-386,375.9,Pleno dia,Crescente,Céu Claro,Dupla,Reta,-29.63426,-51.77404,DEL04-RS,Risco Baixo,Média
sábado,BR-101,273.9,Plena Noite,Decrescente,Céu Claro,Múltipla,Reta,-28.12382,-48.69625,DEL02-SC,Risco Médio,Alta
quinta-feira,BR-415,47.8,Plena Noite,Crescente,Céu Claro,Simples,Reta,-14.81574,-39.29612,DEL05-BA,Risco Médio,Baixa
quarta-feira,BR-60,30.3,Plena Noite,Decrescente,Ignorado,Simples,Reta,-18.91056,-52.749,DEL08-MS,Risco Médio,Média
segunda-feira,BR-277,2.0,Pleno dia,Crescente,Sol,Dupla,Reta,-25.54849,-48.54771,DEL01-PR,Risco Baixo,Média
segunda-feira,BR-251,328.4,Pleno dia,Decrescente,Céu Claro,Simples,Curva,-16.24244,-42.38107,DEL12-MG,Risco Baixo,Baixa
terça-feira,BR-470,65.9,Plena Noite,Decrescente,Céu Claro,Simples,Reta,-26.87041,-49.21186,DEL04-SC,Risco Médio,Baixa
sábado,BR-476,119.0,Plena Noite,Decrescente,Nublado,Múltipla,Reta,-25.3613,-49.1837,DEL01-PR,Risco Médio,Baixa
quinta-feira,BR-101,511.0,Pleno dia,Crescente,Céu Claro,Simples,Reta,-22.96091,-44.4383,DEL03-RJ,Risco Médio,Alta
quinta-feira,BR-367,29.0,Pleno dia,Crescente,Céu Claro,Simples,Não Informado,-16.41553,-39.11885,DEL09-BA,Risco Médio,Baixa
quinta-feira,BR-369,124.0,Plena Noite,Decrescente,Céu Claro,Simples,Reta,-23.28517,-50.93968,DEL07-PR,Risco Médio,Baixa
sexta-feira,BR-364,346.0,Pleno dia,Crescente,Chuva,Dupla,Não Informado,-15.81194,-55.53981,DEL02-MT,Risco Médio,Alta
quarta-feira,BR-116,438.0,Pleno dia,Crescente,Chuva,Dupla,Reta,-24.44805,-47.80581,DEL05-SP,Risco Médio,Alta
quarta-feira,BR-101,690.0,Pleno dia,Decrescente,Nublado,Simples,Reta,-16.3731,-39.5751,DEL09-BA,Risco Médio,Alta
domingo,BR-153,359.5,Pleno dia,Decrescente,Nublado,Simples,Reta,-25.66788,-50.74542,DEL03-PR,Risco Médio,Alta
sexta-feira,BR-116,443.0,Pleno dia,Decrescente,Céu Claro,Dupla,Reta,-24.48337,-47.83244,DEL05-SP,Risco Médio,Alta
quarta-feira,BR-101,73.0,Plena Noite,Decrescente,Céu Claro,Dupla,Reta,-8.1027,-34.9483,DEL01-PE,Risco Baixo,Alta
quinta-feira,BR-316,244.0,Pleno dia,Crescente,Chuva,Simples,Reta,-9.5212,-35.9978,DEL01-AL,Risco Baixo,Baixa
segunda-feira,BR-60,188.0,Plena Noite,Crescente,Céu Claro,Dupla,Reta,-16.8138,-49.5294,DEL01-GO,Risco Médio,Média
sexta-feira,BR-369,442.9,Plena Noite,Decrescente,Céu Claro,Simples,Reta,-24.53535,-52.94786,DEL04-PR,Risco Médio,Baixa
quarta-feira,BR-116,187.0,Pleno dia,Crescente,Céu Claro,Múltipla,Reta,-22.73884,-43.47245,DEL01-RJ,Risco Médio,Alta
terça-feira,BR-116,276.0,Pleno dia,Decrescente,Céu Claro,Dupla,Reta,-23.6234,-46.8146,DEL04-SP,Risco Médio,Alta
segunda-feira,BR-381,308.0,Pleno dia,Crescente,Céu Claro,Simples,Não Informado,-19.64432,-42.9184,DEL03-MG,Risco Médio,Alta
domingo,BR-386,346.8,Plena Noite,Crescente,Céu Claro,Dupla,Reta,-29.4466,-51.97555,DEL04-RS,Risco Médio,Média
sábado,BR-110,144.0,Anoitecer,Decrescente,Céu Claro,Simples,Curva,-8.517465,-37.67971,DEL03-PE,Risco Baixo,Baixa
quinta-feira,BR-101,266.3,Pleno dia,Crescente,Céu Claro,Dupla,Reta,-20.2085,-40.2696,DEL02-ES,Risco Médio,Alta
terça-feira,BR-40,825.5,Pleno dia,Crescente,Céu Claro,Dupla,Curva,-21.97353,-43.28542,DEL05-MG,Risco Médio,Alta
terça-feira,BR-262,6.0,Pleno dia,Decrescente,Sol,Múltipla,Reta,-20.34073,-40.39497,DEL01-ES,Risco Médio,Média
sábado,BR-230,124.8,Pleno dia,Decrescente,Garoa/Chuvisco,Dupla,Reta,-7.2465,-35.6751,DEL02-PB,Risco Médio,Baixa
sábado,BR-101,115.0,Amanhecer,Decrescente,Céu Claro,Dupla,Reta,-26.87064,-48.72954,DEL04-SC,Risco Baixo,Alta
terça-feira,BR-316,424.6,Pleno dia,Crescente,Céu Claro,Simples,Reta,-4.372771,-44.33464,DEL03-MA,Risco Médio,Baixa
domingo,BR-135,166.0,Plena Noite,Crescente,Céu Claro,Simples,Curva,-7.9403,-43.8114,DEL03-PI,Risco Baixo,Baixa
segunda-feira,BR-356,92.5,Pleno dia,Crescente,Céu Claro,Simples,Curva,-21.51791,-41.5485,DEL08-RJ,Risco Alto,Baixa
quarta-feira,BR-60,53.0,Amanhecer,Crescente,Céu Claro,Múltipla,Reta,-16.1737,-48.6483,DEL02-GO,Risco Médio,Média
segunda-feira,BR-101,22.0,Pleno dia,Crescente,Chuva,Dupla,Reta,-29.43981,-49.90114,DEL03-RS,Risco Baixo,Alta
domingo,BR-163,269.9,Pleno dia,Crescente,Céu Claro,Dupla,Interseção de vias,-22.1953,-54.69246,DEL04-MS,Risco Baixo,Alta
sexta-feira,BR-280,51.8,Pleno dia,Crescente,Chuva,Simples,Reta,-26.46916,-48.9657,DEL03-SC,Risco Médio,Baixa
sábado,BR-158,116.6,Pleno dia,Decrescente,Sol,Simples,Reta,-26.93908,-53.20411,DEL07-SC,Risco Médio,Baixa
quarta-feira,BR-20,146.0,Plena Noite,Decrescente,Céu Claro,Simples,Reta,-12.66982,-45.92659,DEL10-BA,Risco Alto,Baixa
segunda-feira,BR-101,261.8,Plena Noite,Decrescente,Chuva,Dupla,Reta,-28.03804,-48.71055,DEL02-SC,Risco Médio,Alta
domingo,BR-262,714.0,Plena Noite,Crescente,Céu Claro,Simples,Curva,-19.61206,-47.17745,DEL08-MG,Risco Médio,Média
segunda-feira,BR-470,187.0,Plena Noite,Decrescente,Céu Claro,Simples,Reta,-27.26107,-50.05323,DEL04-SC,Risco Médio,Baixa
quarta-feira,BR-20,179.0,Plena Noite,Crescente,Céu Claro,Simples,Reta,-14.48516,-46.49855,DEL02-DF,Risco Médio,Baixa
quarta-feira,BR-470,327.2,Plena Noite,Decrescente,Céu Claro,Simples,Reta,-27.46564,-51.26857,DEL07-SC,Risco Baixo,Baixa
terça-feira,BR-364,84.0,Pleno dia,Crescente,Céu Claro,Simples,Não Informado,-12.41146,-60.60666,DEL04-RO,Risco Médio,Alta
quarta-feira,BR-369,130.9,Plena Noite,Crescente,Céu Claro,Dupla,Interseção de vias,-23.26052,-50.9887,DEL07-PR,Risco Médio,Baixa
quarta-feira,BR-174,503.2,Pleno dia,Decrescente,Céu Claro,Dupla,Rotatória,2.796208,-60.69846,DEL01-RR,Risco Médio,Baixa
segunda-feira,BR-158,311.8,Pleno dia,Decrescente,Céu Claro,Simples,Reta,-29.62097,-53.76833,DEL09-RS,Risco Baixo,Baixa
terça-feira,BR-222,0.9,Pleno dia,Crescente,Céu Claro,Múltipla,Reta,-3.736774,-38.56923,DEL01-CE,Risco Médio,Baixa
quinta-feira,BR-116,135.0,Pleno dia,Crescente,Céu Claro,Dupla,Reta,-23.14022,-45.76173,DEL02-SP,Risco Médio,Alta
quarta-feira,BR-369,144.7,Anoitecer,Decrescente,Céu Claro,Dupla,Reta,-23.29348,-51.10951,DEL07-PR,Risco Médio,Baixa
terça-feira,BR-423,68.0,Pleno dia,Crescente,Céu Claro,Simples,Reta,-9.302908,-37.88044,DEL03-AL,Risco Médio,Baixa
domingo,BR-101,433.0,Plena Noite,Decrescente,Céu Claro,Simples,Curva,-22.94543,-44.01569,DEL03-RJ,Risco Baixo,Alta
domingo,BR-116,138.0,Plena Noite,Crescente,Céu Claro,Simples,Curva,-4.746674,-38.07195,DEL03-CE,Risco Baixo,Alta
sexta-feira,BR-381,834.0,Pleno dia,Crescente,Céu Claro,Dupla,Reta,-22.16462,-45.83245,DEL16-MG,Risco Médio,Alta
terça-feira,BR-135,268.0,Pleno dia,Decrescente,Céu Claro,Simples,Reta,-4.73349,-44.33145,DEL03-MA,Risco Médio,Baixa
sexta-feira,BR-135,4.0,Pleno dia,Crescente,Céu Claro,Dupla,Curva,-2.637477,-44.31133,DEL01-MA,Risco Baixo,Baixa
sexta-feira,BR-392,21.5,Pleno dia,Crescente,Céu Claro,Dupla,Curva,-32.0877,-52.20709,DEL07-RS,Risco Médio,Média
sábado,BR-101,131.2,Pleno dia,Crescente,Céu Claro,Dupla,Reta,-6.127322,-35.22903,DEL01-RN,Risco Médio,Alta
sexta-feira,BR-376,128.0,Plena Noite,Decrescente,Chuva,Dupla,Não Informado,-23.13257,-52.29702,DEL07-PR,Risco Médio,Baixa
quinta-feira,BR-465,13.0,Pleno dia,Decrescente,Céu Claro,Simples,Reta,-22.79847,-43.64551,DEL01-RJ,Risco Baixo,Baixa
quinta-feira,BR-420,339.1,Plena Noite,Decrescente,Céu Claro,Simples,Curva,-13.52655,-39.97454,DEL03-BA,Risco Médio,Baixa
segunda-feira,BR-364,338.5,Anoitecer,Decrescente,Céu Claro,Simples,Reta,-10.91683,-61.92986,DEL02-RO,Risco Médio,Alta
quinta-feira,BR-470,48.5,Pleno dia,Decrescente,Garoa/Chuvisco,Dupla,Não Informado,-26.85956,-49.06154,DEL04-SC,Risco Alto,Baixa
sábado,BR-419,245.7,Amanhecer,Crescente,Céu Claro,Simples,Reta,-20.51083,-55.8181,DEL03-MS,Risco Médio,Baixa
sexta-feira,BR-324,626.0,Pleno dia,Crescente,Chuva,Dupla,Reta,-12.95021,-38.47073,DEL01-BA,Risco Médio,Baixa
sábado,BR-101,219.0,Plena Noite,Decrescente,Céu Claro,Dupla,Reta,-27.68115,-48.66823,DEL01-SC,Risco Médio,Alta
sexta-feira,BR-116,273.0,Pleno dia,Crescente,Céu Claro,Dupla,Curva,-22.561,-44.13834,DEL07-RJ,Risco Baixo,Alta
segunda-feira,BR-282,345.1,Pleno dia,Crescente,Céu Claro,Simples,Reta,-27.37462,-51.24704,DEL07-SC,Risco Médio,Baixa
sexta-feira,BR-70,594.0,Pleno dia,Decrescente,Céu Claro,Simples,Reta,-15.79461,-56.68259,DEL03-MT,Risco Médio,Baixa
quarta-feira,BR-364,714.0,Plena Noite,Decrescente,Nublado,Dupla,Reta,-8.781004,-63.89314,DEL01-RO,Risco Médio,Alta
sábado,BR-343,12.0,Pleno dia,Crescente,Sol,Simples,Reta,-2.910035,-41.75366,DEL05-PI,Risco Médio,Baixa
sexta-feira,BR-304,46.0,Plena Noite,Decrescente,Céu Claro,Simples,Reta,-4.5751,-37.79824,DEL03-CE,Risco Médio,Baixa
segunda-feira,BR-135,553.0,Plena Noite,Crescente,Nublado,Simples,Desvio Temporário,-10.12697,-45.22438,DEL03-PI,Risco Baixo,Baixa
segunda-feira,BR-262,386.0,Plena Noite,Decrescente,Céu Claro,Dupla,Reta,-19.93408,-44.42856,DEL01-MG,Risco Baixo,Média
quarta-feira,BR-277,99.0,Plena Noite,Crescente,Céu Claro,Dupla,Retorno Regulamentado,-25.43193,-49.36676,DEL01-PR,Risco Médio,Média
segunda-feira,BR-319,59.0,Pleno dia,Decrescente,Nublado,Dupla,Reta,-8.742356,-63.90178,DEL01-RO,Risco Médio,Baixa
terça-feira,BR-153,506.3,Pleno dia,Crescente,Céu Claro,Dupla,Reta,-16.75658,-49.24077,DEL01-GO,Risco Médio,Alta
sábado,BR-251,517.7,Anoitecer,Decrescente,Céu Claro,Simples,Reta,-16.66154,-43.76055,DEL12-MG,Risco Médio,Baixa
quarta-feira,BR-316,611.4,Pleno dia,Crescente,Céu Claro,Simples,Rotatória,-5.072684,-42.86812,DEL03-MA,Risco Médio,Baixa
segunda-feira,BR-262,105.9,Pleno dia,Crescente,Céu Claro,Simples,Não Informado,-20.32584,-41.1433,DEL01-ES,Risco Médio,Média
sexta-feira,BR-135,591.0,Plena Noite,Crescente,Nublado,Simples,Reta,-10.42456,-45.16105,DEL03-PI,Risco Alto,Baixa
sexta-feira,BR-285,475.7,Pleno dia,Decrescente,Sol,Dupla,Viaduto,-28.3824,-54.06333,DEL10-RS,Risco Médio,Baixa
quarta-feira,BR-163,487.1,Plena Noite,Crescente,Céu Claro,Simples,Reta,-20.42493,-54.54551,DEL01-MS,Risco Médio,Alta
sábado,BR-153,229.0,Plena Noite,Decrescente,Céu Claro,Simples,Reta,-24.70192,-50.44819,DEL03-PR,Risco Baixo,Alta
sábado,BR-163,613.8,Plena Noite,Crescente,Céu Claro,Simples,Reta,-19.41649,-54.55344,DEL06-MS,Risco Médio,Alta
domingo,BR-365,654.0,Pleno dia,Decrescente,Chuva,Dupla,Reta,-18.8713,-48.5486,DEL15-MG,Risco Médio,Média
segunda-feira,BR-20,13.1,Pleno dia,Decrescente,Céu Claro,Dupla,Reta,-15.63842,-47.74885,DEL02-DF,Risco Médio,Baixa
terça-feira,BR-116,170.0,Plena Noite,Crescente,Céu Claro,Dupla,Curva,-22.81113,-43.33367,DEL01-RJ,Risco Alto,Alta
quarta-feira,BR-158,634.0,Pleno dia,Crescente,Sol,Simples,Curva,-14.53563,-52.33028,DEL07-MT,Risco Baixo,Baixa
segunda-feira,BR-262,446.9,Pleno dia,Decrescente,Céu Claro,Simples,Reta,-19.8608,-45.00507,DEL08-MG,Risco Médio,Média
domingo,BR-262,799.9,Plena Noite,Decrescente,Céu Claro,Simples,Reta,-19.77864,-47.9363,DEL13-MG,Risco Baixo,Média
domingo,BR-381,31.8,Plena Noite,Crescente,Garoa/Chuvisco,Dupla,Curva,-23.03851,-46.55499,DEL03-SP,Risco Médio,Alta
quinta-feira,BR-116,15.9,Plena Noite,Crescente,Chuva,Dupla,Curva,-25.1013,-48.6976,DEL01-PR,Risco Baixo,Alta
domingo,BR-20,125.0,Plena Noite,Decrescente,Céu Claro,Simples,Reta,-14.85423,-46.78397,DEL02-DF,Risco Médio,Baixa
segunda-feira,BR-158,154.0,Pleno dia,Decrescente,Céu Claro,Dupla,Curva,-28.3108,-53.49252,DEL10-RS,Risco Baixo,Baixa
domingo,BR-101,216.0,Plena Noite,Decrescente,Chuva,Dupla,Reta,-27.6601,-48.6774,DEL01-SC,Risco Médio,Alta
sexta-feira,BR-282,574.5,Pleno dia,Decrescente,Céu Claro,Simples,Reta,-26.87955,-52.94852,DEL07-SC,Risco Alto,Baixa
terça-feira,BR-116,227.0,Pleno dia,Decrescente,Nublado,Múltipla,Reta,-23.49848,-46.55967,DEL01-SP,Risco Médio,Alta
domingo,BR-174,4.0,Amanhecer,Crescente,Céu Claro,Simples,Reta,-15.22654,-59.33573,DEL04-MT,Risco Médio,Baixa
quarta-feira,BR-101,62.0,Anoitecer,Crescente,Céu Claro,Simples,Reta,-21.7344,-41.3249,DEL08-RJ,Risco Médio,Alta
sábado,BR-116,224.0,Pleno dia,Decrescente,Nevoeiro/Neblina,Simples,Não Informado,-17.43964,-41.51146,DEL11-MG,Risco Médio,Alta
sábado,BR-40,118.0,Plena Noite,Crescente,Chuva,Dupla,Reta,-22.75471,-43.28738,DEL01-RJ,Risco Médio,Alta
quinta-feira,BR-163,692.0,Pleno dia,Crescente,Céu Claro,Simples,Reta,-13.14258,-55.96767,DEL06-MT,Risco Médio,Alta
terça-feira,BR-153,49.9,Pleno dia,Decrescente,Céu Claro,Simples,Reta,-27.65514,-52.2658,DEL08-RS,Risco Médio,Alta
sábado,BR-364,136.0,Plena Noite,Crescente,Ignorado,Simples,Não Informado,-16.79928,-54.18148,DEL02-MT,Risco Médio,Alta
segunda-feira,BR-116,223.0,Pleno dia,Crescente,Sol,Múltipla,Reta,-23.47665,-46.52713,DEL01-SP,Risco Médio,Alta
quinta-feira,BR-101,108.0,Pleno dia,Crescente,Céu Claro,Dupla,Não Informado,-26.82607,-48.69052,DEL03-SC,Risco Médio,Alta
domingo,BR-427,26.0,Plena Noite,Decrescente,Céu Claro,Simples,Reta,-6.435401,-36.64099,DEL03-RN,Risco Baixo,Baixa
segunda-feira,BR-277,77.0,Pleno dia,Crescente,Nublado,Dupla,Reta,-25.53749,-49.1803,DEL01-PR,Risco Médio,Média
sexta-feira,BR-277,595.1,Plena Noite,Crescente,Céu Claro,Dupla,Reta,-24.98155,-53.50142,DEL04-PR,Risco Médio,Média
quinta-feira,BR-101,69.0,Amanhecer,Crescente,Chuva,Múltipla,Reta,-8.059516,-34.94581,DEL01-PE,Risco Médio,Alta
quinta-feira,BR-60,423.6,Plena Noite,Crescente,Céu Claro,Simples,Reta,-20.91374,-54.94704,DEL01-MS,Risco Médio,Média
quarta-feira,BR-146,517.5,Pleno dia,Decrescente,Céu Claro,Simples,Reta,-21.80817,-46.47014,DEL13-MG,Risco Baixo,Baixa
quarta-feira,BR-174,506.0,Plena Noite,Crescente,Céu Claro,Dupla,Interseção de vias,2.819417,-60.69431,DEL01-RR,Risco Médio,Baixa
sexta-feira,BR-493,92.0,Pleno dia,Decrescente,Céu Claro,Dupla,Reta,-22.66652,-43.63615,DEL01-RJ,Risco Médio,Baixa
sexta-feira,BR-101,51.2,Pleno dia,Decrescente,Nublado,Múltipla,Reta,-7.916997,-34.89689,DEL01-PE,Risco Médio,Alta
segunda-feira,BR-262,0.5,Pleno dia,Decrescente,Céu Claro,Dupla,Reta,-20.32373,-40.35447,DEL01-ES,Risco Médio,Média
domingo,BR-153,572.8,Pleno dia,Crescente,Nublado,Simples,Não Informado,-10.84643,-48.90468,DEL01-TO,Risco Médio,Alta
quarta-feira,BR-407,3.0,Plena Noite,Crescente,Céu Claro,Simples,Reta,-9.43134,-40.49823,DEL06-PE,Risco Médio,Baixa
quarta-feira,BR-359,136.6,Pleno dia,Decrescente,Céu Claro,Simples,Desvio Temporário,-18.24606,-53.98752,DEL06-MS,Risco Médio,Baixa
terça-feira,BR-356,268.0,Pleno dia,Crescente,Céu Claro,Simples,Não Informado,-21.12691,-42.34244,DEL07-MG,Risco Baixo,Baixa
sábado,BR-101,375.8,Plena Noite,Decrescente,Céu Claro,Simples,Reta,-13.88541,-39.48624,DEL05-BA,Risco Baixo,Alta
domingo,BR-290,106.0,Amanhecer,Crescente,Céu Claro,Dupla,Reta,-29.999,-51.29456,DEL02-RS,Risco Baixo,Baixa
sábado,BR-40,531.0,Anoitecer,Crescente,Nublado,Dupla,Reta,-19.91962,-44.02523,DEL01-MG,Risco Médio,Alta
quarta-feira,BR-316,311.0,Pleno dia,Crescente,Céu Claro,Simples,Reta,-7.081026,-41.45796,DEL04-PI,Risco Baixo,Baixa
sexta-feira,BR-163,613.6,Pleno dia,Crescente,Chuva,Simples,Reta,-19.41386,-54.55587,DEL06-MS,Risco Baixo,Alta
segunda-feira,BR-70,348.0,Pleno dia,Crescente,Céu Claro,Simples,Interseção de vias,-15.4747,-54.9281,DEL02-MT,Risco Baixo,Baixa
terça-feira,BR-423,82.8,Plena Noite,Crescente,Nublado,Simples,Reta,-8.782365,-36.43093,DEL03-PE,Risco Baixo,Baixa
quinta-feira,BR-230,41.5,Plena Noite,Decrescente,Céu Claro,Dupla,Curva,-7.142338,-34.99217,DEL01-PB,Risco Baixo,Baixa
terça-feira,BR-153,169.6,Plena Noite,Decrescente,Céu Claro,Simples,Reta,-7.389567,-48.35801,DEL02-TO,Risco Médio,Alta
domingo,BR-407,25.5,Plena Noite,Crescente,Céu Claro,Simples,Reta,-8.647967,-40.97073,DEL06-PE,Risco Alto,Baixa
domingo,BR-364,138.0,Pleno dia,Decrescente,Céu Claro,Dupla,Reta,-9.961135,-67.85646,DEL01-AC,Risco Médio,Alta
quinta-feira,BR-116,123.0,Pleno dia,Decrescente,Céu Claro,Dupla,Reta,-25.57736,-49.31244,DEL01-PR,Risco Médio,Alta
domingo,BR-101,4.5,Amanhecer,Decrescente,Céu Claro,Simples,Curva,-18.21857,-39.94392,DEL04-ES,Risco Médio,Alta
quinta-feira,BR-343,1.6,Plena Noite,Decrescente,Chuva,Dupla,Reta,-5.089569,-42.80229,DEL01-PI,Risco Médio,Baixa
quinta-feira,BR-116,3.0,Pleno dia,Decrescente,Céu Claro,Múltipla,Reta,-3.814927,-38.49815,DEL01-CE,Risco Médio,Alta
domingo,BR-101,299.8,Anoitecer,Crescente,Chuva,Dupla,Reta,-28.3649,-48.7527,DEL02-SC,Risco Baixo,Alta
sábado,BR-40,487.0,Amanhecer,Decrescente,Céu Claro,Dupla,Reta,-19.6114,-44.2176,DEL02-MG,Risco Baixo,Alta
domingo,BR-104,70.6,Pleno dia,Decrescente,Céu Claro,Dupla,Reta,-8.318259,-35.99105,DEL02-PE,Risco Médio,Baixa
quarta-feira,BR-226,4.0,Anoitecer,Decrescente,Céu Claro,Simples,Interseção de vias,-5.81958,-35.25969,DEL01-RN,Risco Médio,Baixa
quinta-feira,BR-470,120.9,Plena Noite,Decrescente,Céu Claro,Simples,Curva,-27.08992,-49.52042,DEL04-SC,Risco Médio,Baixa
sexta-feira,BR-101,108.0,Pleno dia,Decrescente,Nublado,Dupla,Curva,-26.82607,-48.69052,DEL03-SC,Risco Médio,Alta
quarta-feira,BR-480,72.5,Plena Noite,Crescente,Céu Claro,Simples,Interseção de vias,-27.63998,-52.30602,DEL08-RS,Risco Médio,Baixa
sexta-feira,BR-50,313.3,Plena Noite,Crescente,Nublado,Simples,Curva,-18.4188,-48.0735,DEL06-GO,Risco Baixo,Média
sexta-feira,BR-158,314.9,Pleno dia,Decrescente,Céu Claro,Simples,Não Informado,-29.6427,-53.7589,DEL09-RS,Risco Baixo,Baixa
quarta-feira,BR-290,569.0,Plena Noite,Crescente,Céu Claro,Simples,Reta,-29.83907,-55.67305,DEL13-RS,Risco Baixo,Baixa
sábado,BR-101,89.8,Plena Noite,Decrescente,Garoa/Chuvisco,Dupla,Reta,-26.65386,-48.68714,DEL03-SC,Risco Médio,Alta
sexta-feira,BR-116,139.9,Pleno dia,Crescente,Céu Claro,Dupla,Reta,-23.16153,-45.80401,DEL02-SP,Risco Médio,Alta
sábado,BR-277,344.0,Pleno dia,Decrescente,Céu Claro,Simples,Curva,-25.33981,-51.4304,DEL08-PR,Risco Médio,Média
terça-feira,BR-153,241.2,Pleno dia,Crescente,Chuva,Simples,Reta,-8.00582,-48.46504,DEL02-TO,Risco Médio,Alta
terça-feira,BR-376,58.2,Pleno dia,Decrescente,Céu Claro,Simples,Reta,-22.92459,-52.86518,DEL09-PR,Risco Baixo,Baixa
quinta-feira,BR-277,391.0,Pleno dia,Crescente,Nublado,Simples,Reta,-25.44091,-51.83855,DEL08-PR,Risco Médio,Média
domingo,BR-101,44.1,Pleno dia,Decrescente,Chuva,Simples,Curva,-11.8815,-38.00983,DEL02-SE,Risco Alto,Alta
sexta-feira,BR-153,403.0,Pleno dia,Decrescente,Céu Claro,Simples,Reta,-16.04801,-49.07442,DEL02-GO,Risco Médio,Alta
sexta-feira,BR-381,433.0,Pleno dia,Decrescente,Chuva,Dupla,Curva,-19.8893,-43.805,DEL01-MG,Risco Médio,Alta
sexta-feira,BR-116,14.0,Pleno dia,Crescente,Nublado,Dupla,Curva,-25.09836,-48.67392,DEL01-PR,Risco Médio,Alta
terça-feira,BR-364,586.0,Pleno dia,Crescente,Céu Claro,Dupla,Reta,-14.61649,-56.25804,DEL01-MT,Risco Médio,Alta
domingo,BR-319,60.0,Plena Noite,Crescente,Céu Claro,Dupla,Retorno Regulamentado,-8.741464,-63.88985,DEL01-RO,Risco Médio,Baixa
domingo,BR-163,225.5,Plena Noite,Crescente,Céu Claro,Dupla,Reta,-22.49572,-54.86498,DEL04-MS,Risco Baixo,Alta
domingo,BR-319,63.0,Plena Noite,Decrescente,Céu Claro,Dupla,Não Informado,-8.766685,-63.88405,DEL01-RO,Risco Médio,Baixa
domingo,BR-101,210.5,Pleno dia,Crescente,Sol,Múltipla,Reta,-27.621,-48.65,DEL01-SC,Risco Médio,Alta
quarta-feira,BR-101,83.0,Plena Noite,Decrescente,Céu Claro,Múltipla,Reta,-8.175172,-34.94264,DEL01-PE,Risco Médio,Alta
sábado,BR-135,355.5,Plena Noite,Decrescente,Céu Claro,Simples,Reta,-5.48135,-44.45274,DEL03-MA,Risco Médio,Baixa
quarta-feira,BR-40,257.0,Pleno dia,Crescente,Chuva,Simples,Reta,-18.13558,-45.38218,DEL14-MG,Risco Médio,Alta
sexta-feira,BR-290,138.2,Pleno dia,Crescente,Nublado,Simples,Reta,-30.07737,-51.59612,DEL02-RS,Risco Médio,Baixa
domingo,BR-470,76.8,Pleno dia,Crescente,Céu Claro,Dupla,Reta,-26.93331,-49.28743,DEL04-SC,Risco Médio,Baixa
sábado,BR-280,55.3,Plena Noite,Decrescente,Céu Claro,Simples,Rotatória,-26.47921,-49.00139,DEL03-SC,Risco Médio,Baixa
terça-feira,BR-304,38.1,Plena Noite,Crescente,Nublado,Dupla,Reta,-5.181385,-37.36832,DEL04-RN,Risco Médio,Baixa
sábado,BR-101,165.7,Pleno dia,Decrescente,Céu Claro,Dupla,Reta,-27.25266,-48.63155,DEL04-SC,Risco Médio,Alta
quarta-feira,BR-116,18.0,Plena Noite,Crescente,Nublado,Múltipla,Reta,-25.38896,-49.19628,DEL01-PR,Risco Médio,Alta
quinta-feira,BR-101,400.0,Pleno dia,Crescente,Céu Claro,Simples,Reta,-28.84847,-49.43463,DEL02-SC,Risco Médio,Alta
segunda-feira,BR-262,315.9,Pleno dia,Decrescente,Céu Claro,Simples,Reta,-20.47174,-54.43774,DEL01-MS,Risco Médio,Média
terça-feira,BR-101,264.7,Plena Noite,Crescente,Céu Claro,Dupla,Interseção de vias,-20.17293,-40.26736,DEL02-ES,Risco Médio,Alta