dia_semana,br,km,fase_dia,sentido_via,condicao_metereologica,tipo_pista,tracado_via,latitude,longitude,delegacia,classificacao_acidente,postos_policiais_PRF
sábado,BR-316,78.0,Plena Noite,Crescente,Céu Claro,Simples,Reta,-9.334977,-37.29264,DEL03-AL,Risco Médio,Baixa
sábado,BR-153,452.0,Pleno dia,Crescente,Céu Claro,Simples,Não Informado,-9.84368,-48.72213,DEL01-TO,Risco Médio,Alta
quinta-feira,BR-242,300.0,Pleno dia,Crescente,Sol,Simples,Curva,-12.45709,-40.88911,DEL06-BA,Risco Médio,Baixa
segunda-feira,BR-101,213.0,Pleno dia,Crescente,Céu Claro,Simples,Curva,-12.63727,-39.09617,DEL01-BA,Risco Alto,Alta
quinta-feira,BR-277,2.2,Pleno dia,Crescente,Sol,Dupla,Reta,-25.48904,-54.58288,DEL05-PR,Risco Médio,Média
sábado,BR-277,83.0,Amanhecer,Decrescente,Chuva,Dupla,Reta,-25.45724,-49.22281,DEL01-PR,Risco Baixo,Média
quinta-feira,BR-402,14.0,Plena Noite,Crescente,Céu Claro,Simples,Curva,-3.100425,-41.78094,DEL05-PI,Risco Baixo,Baixa
quinta-feira,BR-290,24.3,Plena Noite,Decrescente,Nublado,Dupla,Reta,-29.88173,-50.49687,DEL03-RS,Risco Alto,Baixa
domingo,BR-381,362.8,Plena Noite,Decrescente,Chuva,Simples,Reta,-19.85644,-43.24281,DEL03-MG,Risco Médio,Alta
quarta-feira,BR-101,148.9,Pleno dia,Decrescente,Céu Claro,Dupla,Reta,-27.0883,-48.61211,DEL04-SC,Risco Médio,Alta
domingo,BR-110,5.2,Plena Noite,Decrescente,Nublado,Simples,Curva,-9.49662,-38.21521,DEL07-BA,Risco Médio,Baixa
sexta-feira,BR-369,113.6,Pleno dia,Decrescente,Sol,Simples,Não Informado,-23.27935,-50.84036,DEL07-PR,Risco Médio,Baixa
domingo,BR-282,490.8,Anoitecer,Crescente,Céu Claro,Simples,Reta,-26.87247,-52.29316,DEL07-SC,Risco Baixo,Baixa
sábado,BR-116,146.1,Plena Noite,Decrescente,Céu Claro,Dupla,Não Informado,-23.19123,-45.86328,DEL02-SP,Risco Médio,Alta
sábado,BR-101,114.0,Pleno dia,Decrescente,Céu Claro,Dupla,Reta,-26.86193,-48.72867,DEL04-SC,Risco Médio,Alta
quarta-feira,BR-101,333.0,Pleno dia,Decrescente,Sol,Dupla,Reta,-22.87828,-43.21054,DEL02-RJ,Risco Médio,Alta
sábado,BR-407,461.0,Amanhecer,Crescente,Céu Claro,Simples,Reta,-7.318882,-41.15988,DEL04-PI,Risco Médio,Baixa
segunda-feira,BR-116,254.1,Anoitecer,Decrescente,Céu Claro,Dupla,Reta,-22.57812,-43.98645,DEL07-RJ,Risco Baixo,Alta
sexta-feira,BR-116,813.5,Plena Noite,Crescente,Nublado,Simples,Não Informado,-21.85054,-42.6637,DEL07-MG,Risco Médio,Alta
domingo,BR-153,663.0,Plena Noite,Crescente,Céu Claro,Dupla,Desvio Temporário,-18.0812,-49.271,DEL03-GO,Risco Baixo,Alta
domingo,BR-101,46.0,Plena Noite,Crescente,Nublado,Simples,Reta,-23.42403,-45.07492,DEL06-SP,Risco Médio,Alta
domingo,BR-116,535.7,Pleno dia,Crescente,Chuva,Dupla,Curva,-24.97153,-48.35368,DEL05-SP,Risco Baixo,Alta
terça-feira,BR-101,144.0,Pleno dia,Crescente,Nublado,Simples,Reta,-9.78019,-36.0983,DEL02-AL,Risco Baixo,Alta
domingo,BR-116,21.5,Pleno dia,Crescente,Céu Claro,Simples,Reta,-22.00914,-42.76363,DEL04-RJ,Risco Médio,Alta
segunda-feira,BR-465,21.0,Plena Noite,Crescente,Céu Claro,Simples,Reta,-22.85855,-43.60179,DEL01-RJ,Risco Médio,Baixa
domingo,BR-101,64.0,Pleno dia,Crescente,Nublado,Simples,Reta,-10.70143,-37.04865,DEL02-SE,Risco Médio,Alta
segunda-feira,BR-40,43.3,Anoitecer,Decrescente,Céu Claro,Simples,Reta,-17.22738,-46.85944,DEL14-MG,Risco Médio,Alta
domingo,BR-116,489.0,Pleno dia,Crescente,Garoa/Chuvisco,Dupla,Curva,-24.73034,-48.10761,DEL05-SP,Risco Médio,Alta
sábado,BR-280,235.4,Plena Noite,Crescente,Garoa/Chuvisco,Simples,Não Informado,-26.19204,-50.41159,DEL06-SC,Risco Médio,Baixa
quinta-feira,BR-364,201.7,Pleno dia,Decrescente,Sol,Simples,Não Informado,-16.47995,-54.65134,DEL02-MT,Risco Médio,Alta
domingo,BR-116,182.0,Plena Noite,Crescente,Nublado,Dupla,Reta,-22.73779,-43.48719,DEL01-RJ,Risco Baixo,Alta
sábado,BR-101,188.0,Plena Noite,Decrescente,Chuva,Múltipla,Reta,-27.45123,-48.63371,DEL01-SC,Risco Médio,Alta
quarta-feira,BR-282,532.4,Plena Noite,Crescente,Céu Claro,Simples,Não Informado,-26.99682,-52.61553,DEL07-SC,Risco Médio,Baixa
quinta-feira,BR-262,35.7,Pleno dia,Crescente,Céu Claro,Simples,Reta,-20.25926,-42.01698,DEL06-MG,Risco Médio,Média
segunda-feira,BR-116,535.8,Pleno dia,Decrescente,Céu Claro,Simples,Reta,-19.85293,-42.14059,DEL06-MG,Risco Médio,Alta
domingo,BR-280,25.3,Pleno dia,Crescente,Chuva,Simples,Reta,-26.38355,-48.7268,DEL03-SC,Risco Médio,Baixa
quarta-feira,BR-316,318.0,Plena Noite,Crescente,Céu Claro,Simples,Reta,-7.086065,-41.40601,DEL04-PI,Risco Médio,Baixa
quinta-feira,BR-116,701.0,Plena Noite,Decrescente,Céu Claro,Simples,Reta,-21.09443,-42.3735,DEL07-MG,Risco Médio,Alta
sábado,BR-60,188.0,Pleno dia,Crescente,Sol,Dupla,Reta,-16.8138,-49.5294,DEL01-GO,Risco Médio,Média
terça-feira,BR-230,23.0,Pleno dia,Crescente,Céu Claro,Dupla,Reta,-7.1562,-34.8574,DEL01-PB,Risco Médio,Baixa
segunda-feira,BR-163,393.8,Pleno dia,Decrescente,Céu Claro,Simples,Reta,-21.22533,-54.45695,DEL02-MS,Risco Médio,Alta
sábado,BR-361,4.6,Plena Noite,Crescente,Nublado,Simples,Reta,-7.03208,-37.29365,DEL03-PB,Risco Médio,Baixa
quinta-feira,BR-316,507.0,Pleno dia,Crescente,Céu Claro,Simples,Desvio Temporário,-4.73321,-43.70537,DEL03-MA,Risco Médio,Baixa
segunda-feira,BR-381,480.8,Plena Noite,Decrescente,Céu Claro,Dupla,Curva,-19.9575,-44.079,DEL01-MG,Risco Médio,Alta
domingo,BR-101,62.0,Pleno dia,Crescente,Chuva,Dupla,Viaduto,-26.45504,-48.76712,DEL03-SC,Risco Médio,Alta
segunda-feira,BR-262,466.0,Pleno dia,Crescente,Sol,Simples,Reta,-19.80696,-45.12498,DEL08-MG,Risco Alto,Média
segunda-feira,BR-40,527.5,Pleno dia,Crescente,Céu Claro,Simples,Não Informado,-19.9015,-44.04939,DEL01-MG,Risco Médio,Alta
quarta-feira,BR-116,6.5,Pleno dia,Crescente,Céu Claro,Simples,Não Informado,-14.83235,-40.88697,DEL08-BA,Risco Médio,Alta
sexta-feira,BR-153,3.1,Plena Noite,Decrescente,Céu Claro,Simples,Interseção de vias,-30.01322,-52.89883,DEL02-RS,Risco Baixo,Alta
sábado,BR-376,174.5,Pleno dia,Crescente,Céu Claro,Dupla,Interseção de vias,-23.4148,-51.9511,DEL07-PR,Risco Médio,Baixa
sexta-feira,BR-285,299.6,Plena Noite,Crescente,Céu Claro,Simples,Reta,-28.23418,-52.43314,DEL08-RS,Risco Médio,Baixa
quarta-feira,BR-232,305.1,Pleno dia,Decrescente,Céu Claro,Simples,Desvio Temporário,-8.191096,-37.44132,DEL03-PE,Risco Baixo,Baixa
segunda-feira,BR-153,188.0,Pleno dia,Crescente,Chuva,Simples,Curva,-19.8677,-48.9698,DEL13-MG,Risco Alto,Alta
domingo,BR-116,207.0,Plena Noite,Crescente,Garoa/Chuvisco,Dupla,Reta,-23.41972,-46.38419,DEL01-SP,Risco Médio,Alta
terça-feira,BR-232,71.0,Pleno dia,Decrescente,Céu Claro,Dupla,Reta,-8.183444,-35.49297,DEL02-PE,Risco Médio,Baixa
sexta-feira,BR-101,193.7,Plena Noite,Decrescente,Céu Claro,Dupla,Reta,-27.48957,-48.65591,DEL01-SC,Risco Baixo,Alta
domingo,BR-101,753.1,Pleno dia,Decrescente,Sol,Simples,Não Informado,-16.78421,-39.47493,DEL09-BA,Risco Médio,Alta
quinta-feira,BR-40,754.9,Pleno dia,Crescente,Nublado,Simples,Não Informado,-21.5202,-43.5231,DEL05-MG,Risco Baixo,Alta
segunda-feira,BR-153,215.1,Plena Noite,Crescente,Nublado,Simples,Curva,-7.777221,-48.4637,DEL02-TO,Risco Médio,Alta
domingo,BR-293,36.4,Pleno dia,Decrescente,Céu Claro,Simples,Não Informado,-31.73939,-52.69399,DEL07-RS,Risco Médio,Baixa
domingo,BR-101,124.0,Pleno dia,Crescente,Céu Claro,Múltipla,Reta,-26.9479,-48.6832,DEL04-SC,Risco Baixo,Alta
sexta-feira,BR-116,225.0,Pleno dia,Decrescente,Céu Claro,Múltipla,Reta,-23.48587,-46.54075,DEL01-SP,Risco Baixo,Alta
quinta-feira,BR-116,98.0,Amanhecer,Decrescente,Céu Claro,Dupla,Reta,-25.51973,-49.13432,DEL01-PR,Risco Médio,Alta
sexta-feira,BR-369,173.0,Pleno dia,Decrescente,Céu Claro,Simples,Reta,-23.31666,-51.37724,DEL07-PR,Risco Médio,Baixa
quarta-feira,BR-251,473.0,Pleno dia,Crescente,Céu Claro,Simples,Curva,-16.4673,-43.4322,DEL12-MG,Risco Médio,Baixa
quinta-feira,BR-472,564.0,Pleno dia,Crescente,Nublado,Simples,Reta,-29.68921,-56.91215,DEL13-RS,Risco Baixo,Baixa
sexta-feira,BR-230,122.0,Pleno dia,Crescente,Céu Claro,Simples,Reta,-5.360903,-49.12389,DEL03-PA,Risco Médio,Baixa
quinta-feira,BR-101,67.0,Anoitecer,Crescente,Chuva,Dupla,Reta,-8.037612,-34.94164,DEL01-PE,Risco Baixo,Alta
quarta-feira,BR-101,216.0,Pleno dia,Decrescente,Céu Claro,Simples,Reta,-27.65981,-48.67748,DEL01-SC,Risco Médio,Alta
quinta-feira,BR-101,266.5,Plena Noite,Crescente,Céu Claro,Dupla,Reta,-20.1902,-40.26829,DEL02-ES,Risco Médio,Alta
segunda-feira,BR-324,588.0,Anoitecer,Crescente,Chuva,Dupla,Reta,-12.65567,-38.47272,DEL01-BA,Risco Médio,Baixa
segunda-feira,BR-116,229.0,Pleno dia,Crescente,Céu Claro,Dupla,Reta,-22.65647,-43.82207,DEL07-RJ,Risco Médio,Alta
sábado,BR-153,290.0,Pleno dia,Decrescente,Céu Claro,Simples,Reta,-15.21789,-49.55052,DEL02-GO,Risco Médio,Alta
sexta-feira,BR-316,111.0,Plena Noite,Crescente,Céu Claro,Simples,Curva,-1.31709,-47.51317,DEL01-PA,Risco Médio,Baixa
quarta-feira,BR-116,266.0,Plena Noite,Crescente,Céu Claro,Dupla,Interseção de vias,-29.93242,-51.17742,DEL01-RS,Risco Médio,Alta
terça-feira,BR-262,252.0,Pleno dia,Crescente,Chuva,Simples,Não Informado,-20.41252,-53.86537,DEL01-MS,Risco Baixo,Média
segunda-feira,BR-153,508.6,Plena Noite,Crescente,Céu Claro,Dupla,Reta,-16.7804,-49.2371,DEL01-GO,Risco Médio,Alta
sábado,BR-101,264.8,Plena Noite,Decrescente,Nublado,Dupla,Não Informado,-28.06062,-48.71663,DEL02-SC,Risco Médio,Alta
terça-feira,BR-153,39.2,Pleno dia,Decrescente,Céu Claro,Simples,Curva,-20.61376,-49.33122,DEL09-SP,Risco Médio,Alta
sábado,BR-376,615.0,Plena Noite,Crescente,Garoa/Chuvisco,Dupla,Reta,-25.56924,-49.18373,DEL01-PR,Risco Médio,Baixa
terça-feira,BR-116,365.9,Pleno dia,Decrescente,Céu Claro,Simples,Reta,-18.49941,-41.87538,DEL11-MG,Risco Médio,Alta
terça-feira,BR-101,199.0,Pleno dia,Decrescente,Nublado,Dupla,Reta,-27.53414,-48.63003,DEL01-SC,Risco Médio,Alta
quinta-feira,BR-116,313.2,Pleno dia,Decrescente,Céu Claro,Simples,Curva,-18.09494,-41.68912,DEL11-MG,Risco Médio,Alta
segunda-feira,BR-153,177.0,Plena Noite,Crescente,Céu Claro,Simples,Não Informado,-14.31913,-49.15099,DEL07-GO,Risco Médio,Alta
quarta-feira,BR-101,89.0,Pleno dia,Crescente,Céu Claro,Simples,Não Informado,-10.88508,-37.13501,DEL01-SE,Risco Médio,Alta
quinta-feira,BR-70,513.9,Anoitecer,Crescente,Céu Claro,Simples,Reta,-15.7037,-56.11885,DEL01-MT,Risco Médio,Baixa
sexta-feira,BR-381,538.2,Pleno dia,Decrescente,Nublado,Dupla,Reta,-20.2225,-44.39498,DEL04-MG,Risco Médio,Alta
sexta-feira,BR-116,208.0,Pleno dia,Decrescente,Céu Claro,Múltipla,Reta,-23.42204,-46.39255,DEL01-SP,Risco Alto,Alta
terça-feira,BR-110,375.0,Pleno dia,Crescente,Céu Claro,Simples,Não Informado,-12.41307,-38.46702,DEL01-BA,Risco Médio,Baixa
terça-feira,BR-40,15.8,Pleno dia,Crescente,Céu Claro,Dupla,Reta,-16.1671,-47.93016,DEL01-DF,Risco Médio,Alta
segunda-feira,BR-116,149.4,Pleno dia,Crescente,Nublado,Dupla,Reta,-23.20892,-45.88792,DEL02-SP,Risco Médio,Alta
sábado,BR-316,0.7,Plena Noite,Crescente,Nublado,Simples,Reta,-7.446132,-40.66125,DEL05-PE,Risco Alto,Baixa
sexta-feira,BR-317,90.0,Plena Noite,Crescente,Céu Claro,Simples,Reta,-10.15111,-67.71131,DEL01-AC,Risco Médio,Baixa
sábado,BR-316,53.0,Amanhecer,Crescente,Céu Claro,Dupla,Reta,-1.306435,-48.01696,DEL01-PA,Risco Médio,Baixa
sexta-feira,BR-267,479.1,Plena Noite,Decrescente,Céu Claro,Simples,Ponte,-21.46511,-56.1288,DEL05-MS,Risco Médio,Baixa
quarta-feira,BR-435,64.5,Amanhecer,Decrescente,Céu Claro,Simples,Curva,-13.08415,-60.37733,DEL04-RO,Risco Baixo,Baixa
sexta-feira,BR-280,50.6,Plena Noite,Decrescente,Nublado,Dupla,Reta,-26.46526,-48.95487,DEL03-SC,Risco Alto,Baixa
sábado,BR-101,62.0,Anoitecer,Decrescente,Céu Claro,Dupla,Reta,-21.73471,-41.32502,DEL08-RJ,Risco Baixo,Alta
segunda-feira,BR-135,202.0,Pleno dia,Crescente,Céu Claro,Simples,Curva,-12.32768,-45.00393,DEL10-BA,Risco Baixo,Baixa
domingo,BR-116,89.0,Plena Noite,Crescente,Céu Claro,Dupla,Reta,-22.93931,-45.37875,DEL06-SP,Risco Alto,Alta
sexta-feira,BR-101,281.5,Pleno dia,Decrescente,Céu Claro,Dupla,Reta,-20.22113,-40.35721,DEL02-ES,Risco Médio,Alta
sábado,BR-262,356.0,Pleno dia,Decrescente,Céu Claro,Dupla,Reta,-19.9796,-44.21556,DEL01-MG,Risco Médio,Média
quinta-feira,BR-101,421.0,Pleno dia,Decrescente,Céu Claro,Simples,Reta,-22.91667,-43.93081,DEL03-RJ,Risco Médio,Alta
segunda-feira,BR-364,200.0,Plena Noite,Decrescente,Garoa/Chuvisco,Simples,Reta,-16.4954,-54.6395,DEL02-MT,Risco Baixo,Alta
quarta-feira,BR-116,1.1,Anoitecer,Crescente,Céu Claro,Simples,Interseção de vias,-26.11853,-49.78843,DEL06-SC,Risco Médio,Alta
quinta-feira,BR-116,507.6,Plena Noite,Crescente,Nublado,Dupla,Curva,-24.80529,-48.21497,DEL05-SP,Risco Alto,Alta
sexta-feira,BR-472,183.9,Pleno dia,Crescente,Sol,Simples,Não Informado,-27.83998,-54.58296,DEL10-RS,Risco Médio,Baixa
sexta-feira,BR-101,90.0,Anoitecer,Decrescente,Céu Claro,Dupla,Reta,-26.66149,-48.68866,DEL03-SC,Risco Médio,Alta
sexta-feira,BR-153,508.8,Pleno dia,Decrescente,Céu Claro,Dupla,Desvio Temporário,-16.7804,-49.2371,DEL01-GO,Risco Médio,Alta
terça-feira,BR-153,137.0,Anoitecer,Decrescente,Céu Claro,Múltipla,Rotatória,-7.146303,-48.20256,DEL02-TO,Risco Médio,Alta
sexta-feira,BR-101,329.0,Plena Noite,Decrescente,Chuva,Dupla,Reta,-28.49351,-49.04179,DEL02-SC,Risco Baixo,Alta
quarta-feira,BR-282,574.5,Pleno dia,Crescente,Céu Claro,Simples,Reta,-26.8674,-52.96515,DEL07-SC,Risco Médio,Baixa
segunda-feira,BR-226,2.7,Pleno dia,Crescente,Céu Claro,Simples,Reta,-5.813649,-35.24665,DEL01-RN,Risco Médio,Baixa
segunda-feira,BR-304,28.7,Anoitecer,Decrescente,Céu Claro,Simples,Reta,-5.099371,-37.33713,DEL04-RN,Risco Médio,Baixa
sexta-feira,BR-316,7.8,Plena Noite,Crescente,Nublado,Simples,Não Informado,-5.155846,-42.77173,DEL01-PI,Risco Médio,Baixa
sábado,BR-319,59.5,Pleno dia,Crescente,Nublado,Dupla,Interseção de vias,-8.742511,-63.9025,DEL01-RO,Risco Médio,Baixa
sábado,BR-50,52.0,Pleno dia,Decrescente,Céu Claro,Dupla,Reta,-18.7514,-48.23697,DEL15-MG,Risco Médio,Média
sábado,BR-232,99.8,Anoitecer,Crescente,Céu Claro,Simples,Reta,-8.236728,-35.73402,DEL02-PE,Risco Médio,Baixa
segunda-feira,BR-116,101.0,Anoitecer,Crescente,Céu Claro,Dupla,Reta,-25.54168,-49.15094,DEL01-PR,Risco Alto,Alta
domingo,BR-153,175.0,Pleno dia,Decrescente,Céu Claro,Simples,Reta,-19.75269,-48.96823,DEL13-MG,Risco Médio,Alta
segunda-feira,BR-280,144.5,Plena Noite,Decrescente,Nublado,Simples,Curva,-26.2458,-49.64444,DEL06-SC,Risco Baixo,Baixa
sábado,BR-470,286.8,Plena Noite,Decrescente,Céu Claro,Simples,Reta,-29.64802,-51.45961,DEL04-RS,Risco Baixo,Baixa
domingo,BR-135,421.0,Pleno dia,Crescente,Céu Claro,Simples,Não Informado,-9.477764,-44.71394,DEL03-PI,Risco Médio,Baixa
terça-feira,BR-20,179.0,Plena Noite,Crescente,Céu Claro,Simples,Reta,-12.3887,-45.8671,DEL10-BA,Risco Alto,Baixa
segunda-feira,BR-459,100.7,Plena Noite,Crescente,Céu Claro,Dupla,Reta,-22.23048,-45.93678,DEL16-MG,Risco Médio,Baixa
domingo,BR-20,25.4,Pleno dia,Decrescente,Céu Claro,Simples,Reta,-15.53616,-47.13462,DEL02-DF,Risco Baixo,Baixa
domingo,BR-101,128.9,Pleno dia,Decrescente,Nublado,Dupla,Curva,-26.9798,-48.67959,DEL04-SC,Risco Médio,Alta
sexta-feira,BR-116,173.0,Pleno dia,Decrescente,Nublado,Múltipla,Reta,-22.77499,-43.40123,DEL01-RJ,Risco Alto,Alta
domingo,BR-163,281.0,Amanhecer,Crescente,Nublado,Dupla,Reta,-22.13223,-54.61223,DEL04-MS,Risco Baixo,Alta
domingo,BR-101,351.0,Plena Noite,Crescente,Garoa/Chuvisco,Dupla,Reta,-28.59776,-49.04944,DEL02-SC,Risco Médio,Alta
sábado,BR-116,213.0,Pleno dia,Crescente,Sol,Múltipla,Reta,-23.44095,-46.44043,DEL01-SP,Risco Médio,Alta
sábado,BR-364,309.0,Plena Noite,Decrescente,Céu Claro,Simples,Reta,-11.16341,-61.90161,DEL02-RO,Risco Médio,Alta
quinta-feira,BR-101,93.0,Pleno dia,Crescente,Sol,Simples,Reta,-8.239642,-35.00335,DEL01-PE,Risco Médio,Alta
quinta-feira,BR-116,498.0,Amanhecer,Crescente,Chuva,Simples,Reta,-24.77566,-48.17083,DEL05-SP,Risco Baixo,Alta
sexta-feira,BR-476,152.0,Pleno dia,Crescente,Nublado,Simples,Reta,-25.61378,-49.42459,DEL01-PR,Risco Baixo,Baixa
sábado,BR-365,264.2,Pleno dia,Crescente,Céu Claro,Simples,Reta,-17.88006,-45.53451,DEL14-MG,Risco Médio,Média
quinta-feira,BR-421,63.0,Plena Noite,Decrescente,Nublado,Simples,Reta,-10.34385,-63.37376,DEL03-RO,Risco Médio,Baixa
segunda-feira,BR-316,318.0,Pleno dia,Decrescente,Céu Claro,Dupla,Reta,-7.086065,-41.40601,DEL04-PI,Risco Médio,Baixa
domingo,BR-376,517.8,Plena Noite,Crescente,Nublado,Dupla,Reta,-25.26987,-49.93608,DEL03-PR,Risco Baixo,Baixa
terça-feira,BR-101,841.0,Plena Noite,Crescente,Céu Claro,Simples,Curva,-17.44479,-39.69339,DEL09-BA,Risco Médio,Alta
sábado,BR-70,17.6,Plena Noite,Crescente,Céu Claro,Dupla,Reta,-15.79413,-48.20209,DEL01-DF,Risco Médio,Baixa
domingo,BR-230,137.8,Plena Noite,Decrescente,Chuva,Dupla,Não Informado,-7.2766,-35.7739,DEL02-PB,Risco Médio,Baixa
quinta-feira,BR-101,283.0,Plena Noite,Decrescente,Céu Claro,Dupla,Curva,-22.7358,-42.8061,DEL02-RJ,Risco Médio,Alta
quinta-feira,BR-470,66.0,Pleno dia,Decrescente,Nublado,Simples,Rotatória,-26.87041,-49.22184,DEL04-SC,Risco Médio,Baixa
sexta-feira,BR-163,45.4,Pleno dia,Crescente,Céu Claro,Simples,Não Informado,-25.99025,-53.71997,DEL02-PR,Risco Médio,Alta
domingo,BR-418,90.0,Plena Noite,Decrescente,Chuva,Simples,Reta,-17.88571,-39.83806,DEL09-BA,Risco Médio,Baixa
terça-feira,BR-101,55.6,Anoitecer,Decrescente,Nublado,Simples,Reta,-21.6402,-41.3122,DEL08-RJ,Risco Médio,Alta
segunda-feira,BR-230,231.2,Pleno dia,Crescente,Céu Claro,Simples,Curva,-7.034199,-36.49442,DEL02-PB,Risco Alto,Baixa
quarta-feira,BR-104,26.4,Pleno dia,Crescente,Céu Claro,Simples,Não Informado,-7.993269,-36.09534,DEL02-PE,Risco Médio,Baixa
segunda-feira,BR-465,12.0,Pleno dia,Decrescente,Céu Claro,Simples,Reta,-22.79125,-43.65126,DEL01-RJ,Risco Médio,Baixa
segunda-feira,BR-116,834.0,Pleno dia,Decrescente,Céu Claro,Simples,Reta,-14.95359,-40.9001,DEL08-BA,Risco Médio,Alta
sexta-feira,BR-116,33.9,Plena Noite,Decrescente,Céu Claro,Dupla,Reta,-4.042985,-38.50803,DEL01-CE,Risco Baixo,Alta
sábado,BR-290,102.0,Plena Noite,Crescente,Chuva,Dupla,Reta,-29.98723,-51.25613,DEL01-RS,Risco Médio,Baixa
quarta-feira,BR-316,9.6,Pleno dia,Decrescente,Nublado,Dupla,Reta,-1.365507,-48.3609,DEL01-PA,Risco Médio,Baixa
sábado,BR-101,16.0,Plena Noite,Crescente,Céu Claro,Dupla,Reta,-18.29875,-39.95732,DEL04-ES,Risco Médio,Alta
quarta-feira,BR-101,111.5,Pleno dia,Crescente,Céu Claro,Dupla,Interseção de vias,-26.84285,-48.71766,DEL04-SC,Risco Baixo,Alta
domingo,BR-10,257.0,Pleno dia,Decrescente,Céu Claro,Dupla,Reta,-5.490634,-47.47197,DEL04-MA,Risco Médio,Baixa
sábado,BR-364,168.7,Pleno dia,Crescente,Céu Claro,Simples,Reta,-16.6489,-54.396,DEL02-MT,Risco Alto,Alta
sábado,BR-267,37.9,Pleno dia,Decrescente,Céu Claro,Simples,Reta,-21.66671,-42.88427,DEL07-MG,Risco Médio,Baixa
quinta-feira,BR-452,193.0,Plena Noite,Decrescente,Céu Claro,Simples,Reta,-18.36899,-49.25292,DEL03-GO,Risco Médio,Baixa
sábado,BR-116,621.5,Pleno dia,Crescente,Céu Claro,Simples,Reta,-13.46327,-40.03471,DEL03-BA,Risco Alto,Alta
sábado,BR-290,172.9,Plena Noite,Decrescente,Céu Claro,Simples,Reta,-30.1282,-51.95263,DEL02-RS,Risco Médio,Baixa
segunda-feira,BR-153,220.2,Pleno dia,Decrescente,Sol,Simples,Reta,-20.1033,-49.0919,DEL13-MG,Risco Baixo,Alta
terça-feira,BR-135,45.0,Pleno dia,Decrescente,Céu Claro,Simples,Reta,-7.121189,-43.52561,DEL03-PI,Risco Médio,Baixa
sábado,BR-116,125.8,Plena Noite,Decrescente,Nublado,Múltipla,Não Informado,-25.63704,-49.31312,DEL01-PR,Risco Médio,Alta
domingo,BR-158,325.8,Plena Noite,Crescente,Céu Claro,Simples,Reta,-29.69903,-53.78959,DEL09-RS,Risco Médio,Baixa
domingo,BR-116,56.7,Plena Noite,Crescente,Nublado,Dupla,Reta,-22.76904,-45.13041,DEL08-SP,Risco Baixo,Alta
quinta-feira,BR-386,281.1,Pleno dia,Decrescente,Chuva,Simples,Reta,-29.03956,-52.29756,DEL04-RS,Risco Alto,Média
domingo,BR-116,236.8,Plena Noite,Decrescente,Nublado,Simples,Reta,-17.53279,-41.48171,DEL11-MG,Risco Baixo,Alta
terça-feira,BR-262,228.0,Pleno dia,Crescente,Céu Claro,Simples,Reta,-20.47437,-53.65318,DEL07-MS,Risco Médio,Média
quarta-feira,BR-135,128.3,Plena Noite,Crescente,Céu Claro,Simples,Curva,-11.787,-44.892,DEL10-BA,Risco Alto,Baixa
segunda-feira,BR-163,129.0,Pleno dia,Crescente,Chuva,Dupla,Não Informado,-25.58198,-53.56205,DEL05-PR,Risco Médio,Alta
sexta-feira,BR-101,88.0,Pleno dia,Decrescente,Nublado,Múltipla,Reta,-8.199714,-34.97854,DEL01-PE,Risco Médio,Alta
sexta-feira,BR-101,204.0,Plena Noite,Crescente,Nublado,Dupla,Reta,-27.5832,-48.6151,DEL01-SC,Risco Baixo,Alta
sexta-feira,BR-116,115.0,Pleno dia,Decrescente,Céu Claro,Dupla,Reta,-25.54984,-49.3045,DEL01-PR,Risco Médio,Alta
terça-feira,BR-381,531.2,Plena Noite,Crescente,Chuva,Dupla,Curva,-20.16283,-44.35817,DEL04-MG,Risco Baixo,Alta
sábado,BR-222,79.0,Pleno dia,Crescente,Céu Claro,Simples,Reta,-3.674465,-39.25003,DEL04-CE,Risco Médio,Baixa
domingo,BR-364,17.0,Plena Noite,Crescente,Céu Claro,Simples,Reta,-18.94975,-50.62899,DEL05-GO,Risco Baixo,Alta
sexta-feira,BR-40,116.0,Anoitecer,Decrescente,Céu Claro,Múltipla,Reta,-22.77767,-43.28592,DEL01-RJ,Risco Médio,Alta
sexta-feira,BR-376,177.5,Plena Noite,Crescente,Garoa/Chuvisco,Múltipla,Reta,-23.41596,-51.92226,DEL09-PR,Risco Baixo,Baixa
segunda-feira,BR-60,96.2,Amanhecer,Crescente,Céu Claro,Dupla,Interseção de vias,-16.37611,-48.94702,DEL02-GO,Risco Médio,Média
sexta-feira,BR-104,67.1,Pleno dia,Decrescente,Sol,Dupla,Não Informado,-8.295349,-35.98738,DEL02-PE,Risco Baixo,Baixa
quinta-feira,BR-476,135.0,Plena Noite,Decrescente,Céu Claro,Múltipla,Reta,-25.48449,-49.26643,DEL01-PR,Risco Médio,Baixa
sábado,BR-40,11.0,Pleno dia,Decrescente,Céu Claro,Dupla,Reta,-16.13834,-47.95164,DEL01-DF,Risco Baixo,Alta
terça-feira,BR-364,462.0,Amanhecer,Crescente,Céu Claro,Simples,Curva,-10.3058,-62.64868,DEL03-RO,Risco Baixo,Alta
sexta-feira,BR-463,28.2,Amanhecer,Crescente,Céu Claro,Simples,Reta,-22.30053,-55.04099,DEL04-MS,Risco Médio,Baixa
quinta-feira,BR-376,450.9,Pleno dia,Crescente,Nublado,Dupla,Curva,-24.93456,-50.40438,DEL03-PR,Risco Baixo,Baixa
sexta-feira,BR-476,124.0,Plena Noite,Crescente,Chuva,Múltipla,Reta,-25.39984,-49.21585,DEL01-PR,Risco Baixo,Baixa