dia_semana,br,km,fase_dia,sentido_via,condicao_metereologica,tipo_pista,tracado_via,latitude,longitude,delegacia,classificacao_acidente,postos_policiais_PRF
sábado,BR-290,49.2,Pleno dia,Decrescente,Céu Claro,Múltipla,Reta,-29.8986,-50.73918,DEL03-RS,Risco Médio,Baixa
quarta-feira,BR-153,18.3,Plena Noite,Decrescente,Céu Claro,Simples,Reta,-23.15055,-49.95439,DEL07-PR,Risco Médio,Alta
segunda-feira,BR-369,28.9,Plena Noite,Decrescente,Céu Claro,Simples,Reta,-23.04193,-50.1138,DEL07-PR,Risco Médio,Baixa
sábado,BR-285,562.6,Plena Noite,Crescente,Céu Claro,Simples,Reta,-28.41778,-54.91627,DEL10-RS,Risco Médio,Baixa
segunda-feira,BR-163,204.0,Pleno dia,Crescente,Céu Claro,Simples,Reta,-22.66942,-54.7952,DEL04-MS,Risco Médio,Alta
quarta-feira,BR-101,269.0,Pleno dia,Crescente,Céu Claro,Dupla,Reta,-20.2174,-40.26991,DEL02-ES,Risco Médio,Alta
domingo,BR-364,120.0,Pleno dia,Decrescente,Nublado,Dupla,Rotatória,-10.01227,-67.75537,DEL01-AC,Risco Médio,Alta
sábado,BR-470,57.8,Plena Noite,Crescente,Céu Claro,Simples,Reta,-26.8838,-49.14558,DEL04-SC,Risco Médio,Baixa
sábado,BR-317,26.7,Plena Noite,Decrescente,Céu Claro,Simples,Reta,-9.793509,-67.38777,DEL01-AC,Risco Médio,Baixa
sexta-feira,BR-60,103.5,Pleno dia,Crescente,Céu Claro,Dupla,Desvio Temporário,-16.4098,-48.9913,DEL02-GO,Risco Médio,Média
sexta-feira,BR-153,494.7,Plena Noite,Crescente,Céu Claro,Dupla,Reta,-16.7217,-49.24141,DEL01-GO,Risco Médio,Alta
quarta-feira,BR-116,35.8,Plena Noite,Decrescente,Céu Claro,Simples,Ponte,-8.144699,-39.11121,DEL05-PE,Risco Médio,Alta
segunda-feira,BR-101,289.0,Pleno dia,Decrescente,Sol,Dupla,Reta,-20.27916,-40.39284,DEL01-ES,Risco Médio,Alta
terça-feira,BR-392,26.0,Pleno dia,Decrescente,Chuva,Dupla,Reta,-32.07734,-52.25801,DEL07-RS,Risco Médio,Média
sábado,BR-101,2.5,Plena Noite,Crescente,Céu Claro,Dupla,Reta,-29.31678,-49.77447,DEL03-RS,Risco Baixo,Alta
segunda-feira,BR-381,365.0,Plena Noite,Decrescente,Céu Claro,Simples,Não Informado,-19.85465,-43.26107,DEL03-MG,Risco Alto,Alta
terça-feira,BR-116,165.0,Plena Noite,Crescente,Céu Claro,Dupla,Reta,-23.29573,-46.00651,DEL02-SP,Risco Baixo,Alta
domingo,BR-290,132.0,Pleno dia,Crescente,Céu Claro,Simples,Reta,-30.06172,-51.53088,DEL02-RS,Risco Médio,Baixa
sábado,BR-101,103.0,Pleno dia,Decrescente,Céu Claro,Múltipla,Reta,-8.2977,-35.0643,DEL01-PE,Risco Baixo,Alta
terça-feira,BR-235,93.0,Pleno dia,Crescente,Céu Claro,Simples,Reta,-9.437719,-38.2041,DEL07-BA,Risco Médio,Baixa
domingo,BR-235,51.0,Pleno dia,Crescente,Sol,Simples,Reta,-10.70023,-37.43142,DEL01-SE,Risco Médio,Baixa
domingo,BR-153,504.0,Pleno dia,Decrescente,Céu Claro,Dupla,Não Informado,-16.7451,-49.2408,DEL01-GO,Risco Médio,Alta
segunda-feira,BR-406,102.0,Amanhecer,Crescente,Céu Claro,Simples,Reta,-5.547556,-35.78339,DEL02-RN,Risco Médio,Baixa
domingo,BR-282,512.4,Plena Noite,Decrescente,Nevoeiro/Neblina,Simples,Reta,-26.91855,-52.49405,DEL07-SC,Risco Baixo,Baixa
terça-feira,BR-463,85.5,Pleno dia,Crescente,Céu Claro,Simples,Não Informado,-22.56429,-55.4949,DEL04-MS,Risco Médio,Baixa
quinta-feira,BR-101,49.7,Pleno dia,Crescente,Céu Claro,Simples,Interseção de vias,-18.57725,-39.89496,DEL04-ES,Risco Médio,Alta
quarta-feira,BR-101,131.1,Plena Noite,Decrescente,Chuva,Simples,Reta,-26.99064,-48.66311,DEL04-SC,Risco Médio,Alta
quinta-feira,BR-319,64.0,Pleno dia,Crescente,Sol,Dupla,Viaduto,-8.770827,-63.88348,DEL01-RO,Risco Baixo,Baixa
quinta-feira,BR-116,68.0,Pleno dia,Decrescente,Céu Claro,Simples,Reta,-22.30203,-42.93609,DEL04-RJ,Risco Médio,Alta
sábado,BR-282,200.3,Pleno dia,Decrescente,Céu Claro,Simples,Reta,-27.75928,-50.13631,DEL05-SC,Risco Médio,Baixa
domingo,BR-116,22.1,Plena Noite,Crescente,Chuva,Simples,Não Informado,-15.85067,-41.41356,DEL08-BA,Risco Médio,Alta
segunda-feira,BR-116,65.0,Pleno dia,Decrescente,Chuva,Dupla,Curva,-25.3107,-49.0062,DEL01-PR,Risco Médio,Alta
terça-feira,BR-101,132.0,Pleno dia,Crescente,Céu Claro,Dupla,Reta,-26.9992,-48.646,DEL04-SC,Risco Médio,Alta
domingo,BR-465,10.0,Pleno dia,Crescente,Céu Claro,Simples,Reta,-22.77722,-43.66302,DEL01-RJ,Risco Médio,Baixa
domingo,BR-116,207.0,Plena Noite,Decrescente,Céu Claro,Múltipla,Reta,-23.41972,-46.38419,DEL01-SP,Risco Médio,Alta
quinta-feira,BR-262,397.0,Pleno dia,Crescente,Chuva,Dupla,Reta,-19.891,-44.5848,DEL01-MG,Risco Médio,Média
sexta-feira,BR-232,106.0,Pleno dia,Decrescente,Céu Claro,Dupla,Reta,-8.263003,-35.7903,DEL02-PE,Risco Médio,Baixa
quarta-feira,BR-40,6.9,Plena Noite,Crescente,Céu Claro,Dupla,Reta,-16.02974,-47.97887,DEL01-DF,Risco Médio,Alta
segunda-feira,BR-381,664.3,Amanhecer,Crescente,Chuva,Dupla,Não Informado,-21.02726,-45.00089,DEL04-MG,Risco Baixo,Alta
quinta-feira,BR-101,68.0,Pleno dia,Crescente,Céu Claro,Múltipla,Curva,-8.050743,-34.94581,DEL01-PE,Risco Baixo,Alta
sexta-feira,BR-174,393.0,Plena Noite,Crescente,Céu Claro,Simples,Reta,2.034038,-61.08891,DEL01-RR,Risco Médio,Baixa
segunda-feira,BR-153,566.4,Plena Noite,Crescente,Céu Claro,Dupla,Reta,-17.93678,-49.22396,DEL03-GO,Risco Baixo,Alta
sexta-feira,BR-116,22.0,Pleno dia,Decrescente,Chuva,Simples,Curva,-22.01635,-42.76879,DEL04-RJ,Risco Baixo,Alta
segunda-feira,BR-146,558.3,Pleno dia,Decrescente,Céu Claro,Simples,Curva,-22.00841,-46.57981,DEL09-MG,Risco Médio,Baixa
segunda-feira,BR-101,71.3,Pleno dia,Decrescente,Céu Claro,Dupla,Reta,-8.076631,-34.94278,DEL01-PE,Risco Médio,Alta
sábado,BR-116,118.0,Plena Noite,Crescente,Nublado,Dupla,Reta,-23.06266,-45.62665,DEL06-SP,Risco Médio,Alta
sábado,BR-232,81.1,Plena Noite,Decrescente,Céu Claro,Dupla,Não Informado,-8.196977,-35.5785,DEL02-PE,Risco Alto,Baixa
domingo,BR-60,480.9,Plena Noite,Decrescente,Céu Claro,Simples,Reta,-21.10946,-55.3578,DEL01-MS,Risco Médio,Média
sábado,BR-20,22.0,Plena Noite,Decrescente,Céu Claro,Dupla,Curva,-15.59834,-47.67619,DEL02-DF,Risco Médio,Baixa
sábado,BR-364,539.0,Pleno dia,Crescente,Chuva,Simples,Reta,-9.731833,-63.11277,DEL03-RO,Risco Médio,Alta
sexta-feira,BR-495,23.0,Plena Noite,Crescente,Céu Claro,Simples,Não Informado,-22.40543,-43.08998,DEL06-RJ,Risco Médio,Baixa
quinta-feira,BR-356,265.0,Pleno dia,Decrescente,Céu Claro,Simples,Reta,-21.1299,-42.3671,DEL07-MG,Risco Médio,Baixa
sábado,BR-116,197.9,Plena Noite,Crescente,Nevoeiro/Neblina,Simples,Curva,-26.01331,-49.67225,DEL06-SC,Risco Baixo,Alta
domingo,BR-20,326.0,Pleno dia,Crescente,Nublado,Simples,Reta,-4.241583,-39.20436,DEL02-CE,Risco Baixo,Baixa
segunda-feira,BR-280,82.0,Pleno dia,Crescente,Nublado,Simples,Não Informado,-26.44009,-49.22605,DEL06-SC,Risco Médio,Baixa
sexta-feira,BR-364,124.0,Pleno dia,Decrescente,Céu Claro,Simples,Rotatória,-10.01152,-67.7914,DEL01-AC,Risco Médio,Alta
domingo,BR-421,51.0,Amanhecer,Decrescente,Chuva,Simples,Reta,-10.27023,-63.30096,DEL03-RO,Risco Médio,Baixa
sábado,BR-101,74.0,Plena Noite,Crescente,Chuva,Simples,Não Informado,-10.76274,-37.11145,DEL01-SE,Risco Médio,Alta
quinta-feira,BR-101,205.0,Pleno dia,Crescente,Nublado,Múltipla,Curva,-27.58313,-48.61533,DEL01-SC,Risco Médio,Alta
quarta-feira,BR-262,492.2,Plena Noite,Crescente,Céu Claro,Simples,Rotatória,-19.78556,-45.38914,DEL08-MG,Risco Baixo,Média
terça-feira,BR-60,173.9,Pleno dia,Crescente,Céu Claro,Simples,Não Informado,-19.50413,-53.84354,DEL06-MS,Risco Médio,Média
terça-feira,BR-101,95.2,Anoitecer,Decrescente,Chuva,Simples,Reta,-20.36471,-41.06279,DEL04-ES,Risco Médio,Alta
quinta-feira,BR-116,425.8,Anoitecer,Decrescente,Chuva,Dupla,Curva,-24.37992,-47.71316,DEL05-SP,Risco Médio,Alta
sexta-feira,BR-282,124.0,Plena Noite,Crescente,Céu Claro,Simples,Curva,-27.80461,-49.4489,DEL05-SC,Risco Médio,Baixa
sexta-feira,BR-316,587.9,Anoitecer,Decrescente,Céu Claro,Múltipla,Não Informado,-4.988132,-43.06432,DEL03-MA,Risco Médio,Baixa
segunda-feira,BR-365,408.7,Anoitecer,Crescente,Chuva,Simples,Reta,-18.64785,-46.50721,DEL10-MG,Risco Médio,Média
sábado,BR-163,890.0,Pleno dia,Crescente,Céu Claro,Simples,Não Informado,-11.51728,-55.37971,DEL06-MT,Risco Médio,Alta
sexta-feira,BR-158,1.0,Anoitecer,Crescente,Céu Claro,Simples,Curva,-24.046,-52.3838,DEL04-PR,Risco Baixo,Baixa
quarta-feira,BR-376,3.3,Plena Noite,Decrescente,Ignorado,Simples,Reta,-23.56411,-51.43383,DEL07-PR,Risco Médio,Baixa
domingo,BR-476,355.0,Plena Noite,Decrescente,Céu Claro,Simples,Reta,-26.19612,-51.02242,DEL02-PR,Risco Médio,Baixa
quinta-feira,BR-393,280.6,Pleno dia,Decrescente,Sol,Simples,Curva,-22.47491,-44.05228,DEL05-RJ,Risco Médio,Média
terça-feira,BR-316,63.0,Pleno dia,Crescente,Céu Claro,Dupla,Curva,-1.294267,-47.92676,DEL01-PA,Risco Médio,Baixa
quarta-feira,BR-343,165.9,Plena Noite,Crescente,Garoa/Chuvisco,Simples,Reta,-4.125712,-41.7838,DEL02-PI,Risco Baixo,Baixa
terça-feira,BR-381,349.0,Plena Noite,Decrescente,Chuva,Simples,Desvio Temporário,-19.84992,-43.14868,DEL03-MG,Risco Médio,Alta
segunda-feira,BR-163,654.2,Pleno dia,Decrescente,Céu Claro,Dupla,Curva,-19.11633,-54.75596,DEL06-MS,Risco Baixo,Alta
sábado,BR-381,493.5,Plena Noite,Decrescente,Céu Claro,Múltipla,Reta,-19.96569,-44.17577,DEL01-MG,Risco Médio,Alta
domingo,BR-424,31.8,Plena Noite,Decrescente,Garoa/Chuvisco,Simples,Curva,-8.585847,-36.86803,DEL03-PE,Risco Médio,Baixa
domingo,BR-40,510.0,Plena Noite,Crescente,Céu Claro,Dupla,Não Informado,-19.77464,-44.12322,DEL01-MG,Risco Médio,Alta
segunda-feira,BR-116,39.3,Plena Noite,Crescente,Chuva,Dupla,Curva,-25.15617,-48.86134,DEL01-PR,Risco Médio,Alta
quinta-feira,BR-101,124.0,Plena Noite,Crescente,Nublado,Dupla,Reta,-26.9479,-48.6832,DEL04-SC,Risco Médio,Alta
quinta-feira,BR-101,75.2,Plena Noite,Crescente,Nublado,Dupla,Reta,-29.78748,-50.23072,DEL03-RS,Risco Baixo,Alta
terça-feira,BR-285,421.0,Pleno dia,Crescente,Céu Claro,Simples,Rotatória,-28.3456,-53.52819,DEL10-RS,Risco Médio,Baixa
sábado,BR-381,815.0,Pleno dia,Decrescente,Chuva,Dupla,Curva,-22.03266,-45.67606,DEL16-MG,Risco Médio,Alta
sábado,BR-290,60.1,Pleno dia,Decrescente,Céu Claro,Múltipla,Reta,-29.92534,-50.85932,DEL03-RS,Risco Baixo,Baixa
quinta-feira,BR-40,743.6,Pleno dia,Decrescente,Chuva,Dupla,Curva,-21.4499,-43.5575,DEL05-MG,Risco Médio,Alta
terça-feira,BR-20,2.0,Pleno dia,Crescente,Nublado,Dupla,Não Informado,-15.6829,-47.84073,DEL02-DF,Risco Médio,Baixa
terça-feira,BR-101,359.7,Pleno dia,Crescente,Céu Claro,Simples,Reta,-28.6532,-49.1067,DEL02-SC,Risco Alto,Alta
quinta-feira,BR-116,279.0,Plena Noite,Decrescente,Ignorado,Simples,Reta,-17.87634,-41.52081,DEL11-MG,Risco Médio,Alta
terça-feira,BR-101,231.0,Plena Noite,Decrescente,Céu Claro,Simples,Não Informado,-12.74114,-39.18437,DEL01-BA,Risco Médio,Alta
sexta-feira,BR-230,39.0,Plena Noite,Crescente,Nublado,Dupla,Reta,-7.1381,-34.9707,DEL01-PB,Risco Médio,Baixa
segunda-feira,BR-40,85.0,Pleno dia,Decrescente,Céu Claro,Simples,Reta,-22.52851,-43.23498,DEL06-RJ,Risco Médio,Alta
segunda-feira,BR-470,58.4,Pleno dia,Decrescente,Nublado,Simples,Não Informado,-26.88407,-49.15099,DEL04-SC,Risco Médio,Baixa
segunda-feira,BR-277,51.0,Pleno dia,Decrescente,Garoa/Chuvisco,Dupla,Curva,-25.58558,-48.95701,DEL01-PR,Risco Médio,Média
quinta-feira,BR-101,42.0,Pleno dia,Decrescente,Céu Claro,Simples,Não Informado,-23.41272,-45.0491,DEL06-SP,Risco Médio,Alta
sábado,BR-392,351.0,Pleno dia,Crescente,Céu Claro,Simples,Reta,-29.72843,-53.80324,DEL09-RS,Risco Médio,Média
domingo,BR-290,214.2,Plena Noite,Crescente,Céu Claro,Simples,Interseção de vias,-30.18642,-52.35638,DEL02-RS,Risco Médio,Baixa
sábado,BR-153,394.6,Plena Noite,Decrescente,Ignorado,Simples,Reta,-16.00838,-49.12748,DEL02-GO,Risco Médio,Alta
sexta-feira,BR-40,614.9,Amanhecer,Crescente,Céu Claro,Simples,Não Informado,-20.52978,-43.82351,DEL05-MG,Risco Baixo,Alta
quarta-feira,BR-343,186.7,Plena Noite,Crescente,Céu Claro,Simples,Reta,-4.289738,-41.76591,DEL02-PI,Risco Alto,Baixa
terça-feira,BR-316,293.0,Pleno dia,Decrescente,Céu Claro,Simples,Reta,-7.009616,-41.59572,DEL04-PI,Risco Baixo,Baixa
sábado,BR-70,6.9,Pleno dia,Decrescente,Céu Claro,Dupla,Reta,-15.79124,-48.10576,DEL01-DF,Risco Médio,Baixa
sábado,BR-282,3.9,Pleno dia,Crescente,Nublado,Dupla,Interseção de vias,-27.60038,-48.59971,DEL01-SC,Risco Médio,Baixa
sexta-feira,BR-101,234.4,Pleno dia,Crescente,Céu Claro,Simples,Reta,-19.96974,-40.40766,DEL02-ES,Risco Médio,Alta
sábado,BR-232,78.3,Pleno dia,Crescente,Céu Claro,Múltipla,Reta,-8.19377,-35.55544,DEL01-PE,Risco Médio,Baixa
sábado,BR-101,425.0,Pleno dia,Decrescente,Céu Claro,Simples,Reta,-22.92619,-43.96323,DEL03-RJ,Risco Baixo,Alta
segunda-feira,BR-282,263.8,Plena Noite,Crescente,Céu Claro,Simples,Não Informado,-27.62692,-50.62432,DEL05-SC,Risco Alto,Baixa
segunda-feira,BR-10,262.6,Pleno dia,Decrescente,Céu Claro,Simples,Reta,-2.133601,-47.56056,DEL02-PA,Risco Médio,Baixa
quarta-feira,BR-470,139.8,Pleno dia,Decrescente,Chuva,Simples,Viaduto,-27.22186,-49.66184,DEL04-SC,Risco Médio,Baixa
sexta-feira,BR-116,516.0,Anoitecer,Decrescente,Nublado,Simples,Reta,-12.66884,-39.64653,DEL03-BA,Risco Médio,Alta
quinta-feira,BR-277,83.0,Pleno dia,Crescente,Céu Claro,Dupla,Reta,-25.56894,-49.18198,DEL01-PR,Risco Médio,Média
quinta-feira,BR-104,44.0,Plena Noite,Crescente,Nublado,Dupla,Reta,-8.1152,-36.0067,DEL02-PE,Risco Médio,Baixa
sábado,BR-280,124.9,Pleno dia,Crescente,Sol,Simples,Reta,-26.23764,-49.48434,DEL06-SC,Risco Médio,Baixa
quinta-feira,BR-470,69.9,Amanhecer,Decrescente,Sol,Simples,Não Informado,-26.8883,-49.25328,DEL04-SC,Risco Médio,Baixa
domingo,BR-376,618.0,Plena Noite,Crescente,Céu Claro,Dupla,Reta,-25.59168,-49.17198,DEL01-PR,Risco Baixo,Baixa
sábado,BR-232,7.0,Plena Noite,Crescente,Chuva,Dupla,Não Informado,-8.074511,-34.96561,DEL01-PE,Risco Alto,Baixa
terça-feira,BR-40,5.5,Pleno dia,Decrescente,Céu Claro,Dupla,Reta,-16.0209,-47.98054,DEL01-DF,Risco Médio,Alta
terça-feira,BR-319,63.0,Pleno dia,Crescente,Céu Claro,Dupla,Reta,-8.756788,-63.88623,DEL01-RO,Risco Médio,Baixa
domingo,BR-40,655.2,Pleno dia,Crescente,Céu Claro,Simples,Reta,-20.86836,-43.79845,DEL05-MG,Risco Médio,Alta
terça-feira,BR-101,113.0,Pleno dia,Decrescente,Céu Claro,Dupla,Reta,-5.973247,-35.26489,DEL01-RN,Risco Médio,Alta
sexta-feira,BR-116,115.7,Anoitecer,Decrescente,Nublado,Dupla,Reta,-25.42895,-49.26714,DEL01-PR,Risco Médio,Alta
quinta-feira,BR-235,1.8,Plena Noite,Crescente,Chuva,Dupla,Não Informado,-10.90778,-37.09017,DEL01-SE,Risco Médio,Baixa
quinta-feira,BR-101,272.5,Pleno dia,Decrescente,Chuva,Múltipla,Reta,-20.22376,-40.28792,DEL02-ES,Risco Médio,Alta
quarta-feira,BR-476,135.6,Plena Noite,Decrescente,Céu Claro,Múltipla,Reta,-25.48379,-49.26581,DEL01-PR,Risco Baixo,Baixa
sábado,BR-316,151.9,Plena Noite,Decrescente,Céu Claro,Simples,Reta,-9.421635,-36.66524,DEL03-AL,Risco Médio,Baixa
sábado,BR-153,433.4,Pleno dia,Crescente,Céu Claro,Dupla,Desvio Temporário,-16.2706,-48.97542,DEL02-GO,Risco Médio,Alta
terça-feira,BR-70,530.0,Pleno dia,Crescente,Céu Claro,Simples,Reta,-15.65418,-56.20538,DEL01-MT,Risco Médio,Baixa
segunda-feira,BR-280,116.2,Amanhecer,Decrescente,Nevoeiro/Neblina,Simples,Curva,-26.2809,-49.41695,DEL06-SC,Risco Baixo,Baixa
sábado,BR-116,225.0,Plena Noite,Crescente,Céu Claro,Múltipla,Não Informado,-23.48587,-46.54075,DEL01-SP,Risco Baixo,Alta
domingo,BR-101,48.0,Plena Noite,Decrescente,Garoa/Chuvisco,Simples,Reta,-21.61626,-41.31536,DEL08-RJ,Risco Médio,Alta
sábado,BR-101,79.5,Pleno dia,Crescente,Sol,Dupla,Reta,-8.149126,-34.94347,DEL01-PE,Risco Baixo,Alta
sexta-feira,BR-116,366.9,Anoitecer,Crescente,Céu Claro,Simples,Reta,-18.50765,-41.87951,DEL11-MG,Risco Médio,Alta
domingo,BR-364,711.0,Plena Noite,Crescente,Céu Claro,Múltipla,Reta,-8.778845,-63.86952,DEL01-RO,Risco Médio,Alta
quarta-feira,BR-230,469.0,Plena Noite,Decrescente,Céu Claro,Simples,Reta,-6.7839,-38.2775,DEL03-PB,Risco Baixo,Baixa
sexta-feira,BR-163,11.0,Anoitecer,Crescente,Céu Claro,Simples,Reta,-26.25066,-53.63552,DEL02-PR,Risco Médio,Alta
quinta-feira,BR-376,513.3,Pleno dia,Decrescente,Céu Claro,Dupla,Reta,-25.26432,-49.9726,DEL03-PR,Risco Médio,Baixa
domingo,BR-101,71.0,Plena Noite,Decrescente,Nublado,Simples,Reta,-21.78666,-41.38308,DEL08-RJ,Risco Médio,Alta
sábado,BR-343,341.6,Plena Noite,Decrescente,Céu Claro,Dupla,Não Informado,-5.077812,-42.74426,DEL01-PI,Risco Médio,Baixa
quinta-feira,BR-316,8.0,Pleno dia,Crescente,Céu Claro,Simples,Reta,-5.164834,-42.769,DEL01-PI,Risco Médio,Baixa
terça-feira,BR-369,178.0,Plena Noite,Crescente,Nublado,Dupla,Rotatória,-23.35769,-51.39595,DEL07-PR,Risco Médio,Baixa
sábado,BR-282,16.6,Plena Noite,Crescente,Céu Claro,Simples,Reta,-27.65861,-48.68185,DEL01-SC,Risco Médio,Baixa
sábado,BR-369,202.0,Pleno dia,Decrescente,Céu Claro,Simples,Não Informado,-23.54331,-51.45466,DEL07-PR,Risco Baixo,Baixa
sábado,BR-420,278.0,Plena Noite,Decrescente,Céu Claro,Simples,Reta,-13.26417,-39.66154,DEL03-BA,Risco Alto,Baixa
quinta-feira,BR-116,41.6,Amanhecer,Decrescente,Céu Claro,Dupla,Reta,-4.102435,-38.50001,DEL01-CE,Risco Baixo,Alta
sexta-feira,BR-262,443.0,Pleno dia,Decrescente,Céu Claro,Simples,Rotatória,-19.87339,-44.9817,DEL08-MG,Risco Médio,Média
terça-feira,BR-116,503.0,Plena Noite,Decrescente,Céu Claro,Simples,Reta,-7.492779,-38.98424,DEL05-CE,Risco Médio,Alta
domingo,BR-101,181.0,Pleno dia,Crescente,Céu Claro,Simples,Curva,-22.41692,-42.00103,DEL08-RJ,Risco Médio,Alta
terça-feira,BR-364,13.0,Pleno dia,Decrescente,Sol,Simples,Rotatória,-17.25634,-53.31212,DEL02-MT,Risco Médio,Alta
terça-feira,BR-447,12.8,Pleno dia,Crescente,Sol,Dupla,Reta,-20.34641,-40.33077,DEL01-ES,Risco Médio,Baixa
sábado,BR-116,20.0,Pleno dia,Decrescente,Chuva,Múltipla,Reta,-25.10052,-48.72982,DEL01-PR,Risco Médio,Alta
sexta-feira,BR-40,636.0,Pleno dia,Decrescente,Nublado,Simples,Reta,-20.7068,-43.79285,DEL05-MG,Risco Baixo,Alta
domingo,BR-70,6.0,Plena Noite,Decrescente,Céu Claro,Dupla,Reta,-15.75049,-48.26124,DEL01-DF,Risco Médio,Baixa
sexta-feira,BR-60,31.2,Plena Noite,Decrescente,Céu Claro,Dupla,Reta,-16.0963,-48.5202,DEL01-DF,Risco Médio,Média
quinta-feira,BR-40,551.0,Amanhecer,Crescente,Céu Claro,Dupla,Reta,-20.0554,-43.973,DEL01-MG,Risco Médio,Alta
sexta-feira,BR-376,600.0,Pleno dia,Crescente,Sol,Dupla,Não Informado,-25.53196,-49.32206,DEL01-PR,Risco Médio,Baixa
domingo,BR-40,122.0,Plena Noite,Crescente,Chuva,Múltipla,Reta,-22.79083,-43.28612,DEL01-RJ,Risco Médio,Alta
segunda-feira,BR-153,74.4,Pleno dia,Crescente,Céu Claro,Dupla,Reta,-20.88535,-49.42674,DEL09-SP,Risco Médio,Alta
quinta-feira,BR-222,417.5,Plena Noite,Crescente,Ignorado,Simples,Reta,-4.002559,-45.71947,DEL02-MA,Risco Alto,Baixa
segunda-feira,BR-369,201.2,Pleno dia,Decrescente,Céu Claro,Simples,Reta,-23.53672,-51.45662,DEL07-PR,Risco Médio,Baixa
terça-feira,BR-116,60.9,Plena Noite,Crescente,Nublado,Dupla,Não Informado,-22.79609,-45.16676,DEL08-SP,Risco Médio,Alta
domingo,BR-101,519.0,Plena Noite,Crescente,Garoa/Chuvisco,Simples,Curva,-22.98384,-44.43944,DEL03-RJ,Risco Médio,Alta
quinta-feira,BR-40,73.6,Plena Noite,Crescente,Céu Claro,Dupla,Reta,-16.62148,-47.74885,DEL01-DF,Risco Alto,Alta
sábado,BR-354,756.2,Pleno dia,Crescente,Sol,Simples,Reta,-22.30403,-44.85898,DEL17-MG,Risco Alto,Baixa
sexta-feira,BR-277,491.9,Pleno dia,Decrescente,Nevoeiro/Neblina,Simples,Não Informado,-25.23353,-52.64728,DEL04-PR,Risco Baixo,Média
terça-feira,BR-158,4.0,Pleno dia,Crescente,Céu Claro,Simples,Interseção de vias,-19.12172,-51.72356,DEL08-MS,Risco Médio,Baixa
segunda-feira,BR-343,317.0,Pleno dia,Decrescente,Céu Claro,Simples,Reta,-5.044959,-42.5445,DEL01-PI,Risco Médio,Baixa
segunda-feira,BR-158,351.0,Pleno dia,Decrescente,Céu Claro,Simples,Reta,-29.76141,-54.01763,DEL09-RS,Risco Médio,Baixa
domingo,BR-381,867.0,Pleno dia,Decrescente,Céu Claro,Dupla,Reta,-22.37278,-45.93754,DEL16-MG,Risco Médio,Alta
domingo,BR-158,141.3,Plena Noite,Crescente,Nevoeiro/Neblina,Simples,Reta,-28.20946,-53.4706,DEL10-RS,Risco Médio,Baixa
quinta-feira,BR-365,613.5,Pleno dia,Crescente,Nublado,Simples,Reta,-18.90401,-48.23988,DEL15-MG,Risco Médio,Média
quinta-feira,BR-20,6.7,Pleno dia,Decrescente,Céu Claro,Dupla,Desvio Temporário,-15.66589,-47.80831,DEL02-DF,Risco Baixo,Baixa
segunda-feira,BR-101,418.7,Amanhecer,Decrescente,Nublado,Simples,Retorno Regulamentado,-28.9856,-49.5422,DEL02-SC,Risco Médio,Alta
sábado,BR-280,258.0,Pleno dia,Decrescente,Céu Claro,Simples,Curva,-26.15833,-53.03119,DEL02-PR,Risco Médio,Baixa
terça-feira,BR-277,426.0,Pleno dia,Decrescente,Céu Claro,Simples,Reta,-25.38544,-52.1606,DEL04-PR,Risco Médio,Média
segunda-feira,BR-146,17.5,Pleno dia,Decrescente,Céu Claro,Simples,Rotatória,-21.80797,-46.47159,DEL10-MG,Risco Médio,Baixa
domingo,BR-452,0.0,Plena Noite,Decrescente,Nublado,Dupla,Interseção de vias,-17.78671,-50.90147,DEL04-GO,Risco Alto,Baixa
domingo,BR-367,54.0,Pleno dia,Crescente,Chuva,Simples,Curva,-16.37948,-39.3254,DEL09-BA,Risco Médio,Baixa
quinta-feira,BR-230,143.8,Pleno dia,Crescente,Céu Claro,Simples,Não Informado,-5.720059,-48.14748,DEL02-TO,Risco Médio,Baixa
quinta-feira,BR-153,68.0,Pleno dia,Crescente,Céu Claro,Simples,Reta,-13.42112,-49.13799,DEL07-GO,Risco Médio,Alta
sábado,BR-364,322.2,Pleno dia,Crescente,Sol,Simples,Curva,-17.40535,-52.64583,DEL05-GO,Risco Alto,Alta
sábado,BR-262,383.3,Pleno dia,Crescente,Céu Claro,Dupla,Não Informado,-19.93205,-44.4593,DEL01-MG,Risco Médio,Média
sexta-feira,BR-285,156.0,Pleno dia,Decrescente,Céu Claro,Simples,Interseção de vias,-28.32527,-51.18872,DEL05-RS,Risco Baixo,Baixa
domingo,BR-116,180.6,Plena Noite,Decrescente,Céu Claro,Simples,Desvio Temporário,-25.94878,-49.64516,DEL01-PR,Risco Alto,Alta
quarta-feira,BR-282,619.9,Plena Noite,Decrescente,Chuva,Simples,Não Informado,-26.80257,-53.31165,DEL07-SC,Risco Baixo,Baixa
segunda-feira,BR-381,729.4,Pleno dia,Decrescente,Chuva,Dupla,Curva,-21.50004,-45.21323,DEL04-MG,Risco Médio,Alta
quarta-feira,BR-101,88.0,Pleno dia,Decrescente,Nublado,Dupla,Reta,-21.83355,-41.50192,DEL08-RJ,Risco Médio,Alta