dia_semana,br,km,fase_dia,sentido_via,condicao_metereologica,tipo_pista,tracado_via,latitude,longitude,delegacia,classificacao_acidente,postos_policiais_PRF
domingo,BR-101,298.0,Pleno dia,Decrescente,Céu Claro,Múltipla,Reta,-20.35005,-40.41306,DEL01-ES,Risco Médio,Alta
quinta-feira,BR-376,153.9,Pleno dia,Crescente,Céu Claro,Dupla,Não Informado,-23.32035,-52.11016,DEL09-PR,Risco Médio,Baixa
terça-feira,BR-282,495.3,Pleno dia,Decrescente,Céu Claro,Simples,Não Informado,-26.88,-52.34788,DEL07-SC,Risco Médio,Baixa
domingo,BR-101,80.0,Pleno dia,Crescente,Céu Claro,Dupla,Reta,-7.118491,-34.94922,DEL01-PB,Risco Alto,Alta
segunda-feira,BR-285,159.6,Pleno dia,Crescente,Céu Claro,Simples,Não Informado,-28.32095,-51.22363,DEL05-RS,Risco Alto,Baixa
sexta-feira,BR-116,300.0,Pleno dia,Crescente,Nublado,Dupla,Reta,-23.7979,-46.9149,DEL04-SP,Risco Baixo,Alta
domingo,BR-60,165.8,Plena Noite,Decrescente,Céu Claro,Dupla,Viaduto,-16.71298,-49.35718,DEL01-GO,Risco Baixo,Média
sábado,BR-386,288.6,Plena Noite,Decrescente,Nublado,Simples,Curva,-29.08217,-52.26442,DEL04-RS,Risco Médio,Média
sábado,BR-70,2.0,Pleno dia,Decrescente,Céu Claro,Dupla,Curva,-15.7723,-48.2309,DEL01-DF,Risco Médio,Baixa
domingo,BR-381,648.7,Plena Noite,Decrescente,Céu Claro,Dupla,Curva,-20.95761,-44.92121,DEL04-MG,Risco Médio,Alta
domingo,BR-10,295.0,Pleno dia,Decrescente,Céu Claro,Simples,Interseção de vias,-5.155617,-47.53893,DEL04-MA,Risco Médio,Baixa
quarta-feira,BR-232,212.3,Plena Noite,Crescente,Nublado,Simples,Reta,-8.37349,-36.71422,DEL02-PE,Risco Médio,Baixa
quarta-feira,BR-101,491.0,Plena Noite,Crescente,Nublado,Simples,Reta,-22.95443,-44.32193,DEL03-RJ,Risco Médio,Alta
sexta-feira,BR-116,256.0,Plena Noite,Decrescente,Nevoeiro/Neblina,Dupla,Reta,-29.83523,-51.17484,DEL01-RS,Risco Alto,Alta
terça-feira,BR-101,86.4,Amanhecer,Decrescente,Céu Claro,Simples,Reta,-8.057838,-34.8829,DEL01-PE,Risco Alto,Alta
terça-feira,BR-316,299.0,Plena Noite,Decrescente,Nublado,Simples,Reta,-3.9013,-45.1606,DEL02-MA,Risco Alto,Baixa
sábado,BR-364,553.0,Pleno dia,Crescente,Céu Claro,Simples,Reta,-9.62485,-63.07286,DEL03-RO,Risco Médio,Alta
quinta-feira,BR-116,116.0,Anoitecer,Decrescente,Nublado,Dupla,Reta,-25.55235,-49.30492,DEL01-PR,Risco Médio,Alta
domingo,BR-222,14.0,Amanhecer,Crescente,Céu Claro,Simples,Curva,-3.734905,-38.70702,DEL01-CE,Risco Baixo,Baixa
sexta-feira,BR-40,93.0,Plena Noite,Decrescente,Céu Claro,Múltipla,Reta,-16.73682,-47.61925,DEL01-DF,Risco Baixo,Alta
quinta-feira,BR-116,22.7,Pleno dia,Decrescente,Chuva,Dupla,Curva,-25.11316,-48.75746,DEL01-PR,Risco Médio,Alta
terça-feira,BR-364,164.6,Pleno dia,Crescente,Céu Claro,Simples,Reta,-11.88797,-60.98561,DEL02-RO,Risco Baixo,Alta
segunda-feira,BR-101,104.0,Plena Noite,Crescente,Céu Claro,Dupla,Reta,-5.892745,-35.25722,DEL01-RN,Risco Médio,Alta
sábado,BR-470,134.1,Plena Noite,Crescente,Garoa/Chuvisco,Simples,Rotatória,-27.18185,-49.60013,DEL04-SC,Risco Baixo,Baixa
domingo,BR-285,283.5,Plena Noite,Crescente,Garoa/Chuvisco,Simples,Reta,-28.24748,-52.28067,DEL08-RS,Risco Médio,Baixa
sábado,BR-277,693.0,Pleno dia,Crescente,Céu Claro,Dupla,Reta,-25.37262,-54.27025,DEL05-PR,Risco Médio,Média
quinta-feira,BR-153,508.0,Pleno dia,Crescente,Nublado,Múltipla,Reta,-16.7715,-49.2387,DEL01-GO,Risco Baixo,Alta
domingo,BR-153,331.0,Plena Noite,Crescente,Céu Claro,Dupla,Curva,-25.46355,-50.62364,DEL03-PR,Risco Médio,Alta
sábado,BR-259,49.0,Amanhecer,Decrescente,Céu Claro,Simples,Não Informado,-19.51873,-40.60041,DEL02-ES,Risco Médio,Baixa
domingo,BR-101,271.0,Amanhecer,Decrescente,Céu Claro,Dupla,Curva,-22.72443,-42.69368,DEL02-RJ,Risco Baixo,Alta
sábado,BR-153,63.0,Plena Noite,Crescente,Céu Claro,Dupla,Não Informado,-20.8215,-49.35765,DEL09-SP,Risco Médio,Alta
quarta-feira,BR-116,475.0,Pleno dia,Crescente,Céu Claro,Dupla,Reta,-24.689,-47.9921,DEL05-SP,Risco Médio,Alta
sexta-feira,BR-277,68.0,Pleno dia,Crescente,Garoa/Chuvisco,Dupla,Reta,-25.54112,-49.06183,DEL01-PR,Risco Médio,Média
domingo,BR-222,21.9,Pleno dia,Decrescente,Céu Claro,Simples,Reta,-3.733051,-38.74981,DEL01-CE,Risco Médio,Baixa
sexta-feira,BR-40,83.0,Pleno dia,Decrescente,Céu Claro,Simples,Não Informado,-22.5191,-43.22873,DEL06-RJ,Risco Médio,Alta
sexta-feira,BR-369,190.0,Pleno dia,Decrescente,Céu Claro,Dupla,Reta,-23.45161,-51.42324,DEL07-PR,Risco Médio,Baixa
sexta-feira,BR-101,144.0,Plena Noite,Crescente,Ignorado,Dupla,Curva,-22.21328,-41.75426,DEL02-RJ,Risco Médio,Alta
sábado,BR-381,65.6,Plena Noite,Crescente,Nublado,Simples,Reta,-23.19083,-46.58442,DEL03-SP,Risco Alto,Alta
terça-feira,BR-415,27.0,Pleno dia,Decrescente,Céu Claro,Simples,Reta,-14.79248,-39.21426,DEL05-BA,Risco Baixo,Baixa
segunda-feira,BR-80,135.0,Plena Noite,Decrescente,Céu Claro,Simples,Curva,-14.88188,-48.98762,DEL07-GO,Risco Médio,Baixa
sábado,BR-230,120.0,Plena Noite,Decrescente,Céu Claro,Dupla,Reta,-5.350383,-49.11434,DEL03-PA,Risco Médio,Baixa
sexta-feira,BR-277,660.0,Pleno dia,Decrescente,Nublado,Dupla,Curva,-25.25161,-53.99073,DEL05-PR,Risco Médio,Média
domingo,BR-101,282.0,Plena Noite,Decrescente,Chuva,Dupla,Reta,-22.73714,-42.79665,DEL02-RJ,Risco Médio,Alta
sexta-feira,BR-222,100.0,Anoitecer,Decrescente,Céu Claro,Simples,Reta,-4.8291,-48.176,DEL02-PA,Risco Baixo,Baixa
sexta-feira,BR-277,589.0,Plena Noite,Crescente,Céu Claro,Múltipla,Não Informado,-25.02817,-53.55983,DEL04-PR,Risco Médio,Média
domingo,BR-116,218.6,Plena Noite,Decrescente,Nublado,Múltipla,Curva,-23.46145,-46.48826,DEL01-SP,Risco Baixo,Alta
sexta-feira,BR-116,552.9,Plena Noite,Crescente,Céu Claro,Simples,Não Informado,-12.92438,-39.87923,DEL03-BA,Risco Médio,Alta
sábado,BR-101,381.5,Pleno dia,Decrescente,Nublado,Simples,Reta,-20.81427,-40.84094,DEL03-ES,Risco Médio,Alta
sexta-feira,BR-116,27.2,Plena Noite,Decrescente,Nublado,Simples,Curva,-15.88275,-41.4208,DEL11-MG,Risco Alto,Alta
domingo,BR-60,165.0,Plena Noite,Crescente,Céu Claro,Dupla,Reta,-16.7084,-49.3503,DEL01-GO,Risco Médio,Média
terça-feira,BR-116,117.0,Anoitecer,Crescente,Céu Claro,Dupla,Não Informado,-25.55989,-49.30734,DEL01-PR,Risco Médio,Alta
sábado,BR-376,494.0,Pleno dia,Decrescente,Céu Claro,Dupla,Desvio Temporário,-25.16567,-50.11641,DEL03-PR,Risco Baixo,Baixa
segunda-feira,BR-230,47.0,Plena Noite,Crescente,Céu Claro,Dupla,Reta,-7.1685,-35.032,DEL01-PB,Risco Baixo,Baixa
terça-feira,BR-163,208.1,Plena Noite,Decrescente,Céu Claro,Simples,Não Informado,-24.96065,-53.54439,DEL05-PR,Risco Médio,Alta
segunda-feira,BR-116,282.0,Amanhecer,Decrescente,Nevoeiro/Neblina,Dupla,Reta,-23.6857,-46.85971,DEL04-SP,Risco Baixo,Alta
segunda-feira,BR-101,211.5,Plena Noite,Crescente,Chuva,Simples,Reta,-27.6268,-48.6557,DEL01-SC,Risco Médio,Alta
domingo,BR-40,661.5,Plena Noite,Crescente,Céu Claro,Simples,Reta,-20.91494,-43.82612,DEL05-MG,Risco Médio,Alta
sexta-feira,BR-116,12.0,Pleno dia,Crescente,Céu Claro,Dupla,Reta,-3.852077,-38.49553,DEL01-CE,Risco Médio,Alta
segunda-feira,BR-293,18.0,Plena Noite,Crescente,Céu Claro,Simples,Reta,-31.7443,-52.50137,DEL07-RS,Risco Médio,Baixa
domingo,BR-251,352.6,Pleno dia,Decrescente,Sol,Simples,Curva,-16.28009,-42.53375,DEL12-MG,Risco Médio,Baixa
sábado,BR-116,327.0,Pleno dia,Decrescente,Céu Claro,Dupla,Reta,-22.4968,-44.6436,DEL07-RJ,Risco Médio,Alta
quarta-feira,BR-470,69.8,Plena Noite,Crescente,Nublado,Simples,Reta,-26.87639,-49.23767,DEL04-SC,Risco Médio,Baixa
segunda-feira,BR-324,612.1,Pleno dia,Decrescente,Nublado,Dupla,Reta,-12.84665,-38.41742,DEL01-BA,Risco Baixo,Baixa
terça-feira,BR-267,145.3,Pleno dia,Decrescente,Chuva,Simples,Reta,-21.84298,-43.79343,DEL05-MG,Risco Alto,Baixa
sábado,BR-101,72.7,Pleno dia,Decrescente,Céu Claro,Simples,Interseção de vias,-5.704399,-35.26571,DEL02-RN,Risco Médio,Alta
sábado,BR-101,444.0,Pleno dia,Crescente,Sol,Simples,Interseção de vias,-14.30813,-39.32245,DEL05-BA,Risco Médio,Alta
terça-feira,BR-101,149.9,Pleno dia,Crescente,Sol,Simples,Curva,-9.894027,-36.1411,DEL02-AL,Risco Médio,Alta
segunda-feira,BR-376,496.0,Plena Noite,Decrescente,Céu Claro,Dupla,Reta,-25.17703,-50.10051,DEL03-PR,Risco Médio,Baixa
sábado,BR-116,214.0,Pleno dia,Decrescente,Nublado,Dupla,Curva,-22.6931,-43.7745,DEL01-RJ,Risco Baixo,Alta
terça-feira,BR-101,1.3,Pleno dia,Crescente,Chuva,Dupla,Reta,-25.99168,-48.88191,DEL03-SC,Risco Baixo,Alta
quinta-feira,BR-116,283.1,Pleno dia,Decrescente,Nublado,Dupla,Curva,-22.54744,-44.18366,DEL07-RJ,Risco Médio,Alta
domingo,BR-316,3.8,Pleno dia,Crescente,Sol,Dupla,Não Informado,-5.128264,-42.79292,DEL01-PI,Risco Médio,Baixa
domingo,BR-290,409.8,Amanhecer,Crescente,Céu Claro,Simples,Reta,-30.36186,-54.29378,DEL09-RS,Risco Baixo,Baixa
sexta-feira,BR-482,93.5,Anoitecer,Crescente,Céu Claro,Simples,Rotatória,-20.75715,-41.57895,DEL03-ES,Risco Médio,Baixa
segunda-feira,BR-470,135.8,Pleno dia,Decrescente,Céu Claro,Simples,Reta,-27.18849,-49.61232,DEL04-SC,Risco Médio,Baixa
sábado,BR-376,598.0,Anoitecer,Crescente,Céu Claro,Dupla,Reta,-25.51888,-49.33507,DEL01-PR,Risco Médio,Baixa
terça-feira,BR-135,15.7,Pleno dia,Decrescente,Céu Claro,Dupla,Reta,-2.700434,-44.30858,DEL01-MA,Risco Médio,Baixa
quarta-feira,BR-116,843.0,Pleno dia,Decrescente,Nublado,Simples,Desvio Temporário,-15.008,-40.9408,DEL08-BA,Risco Médio,Alta
terça-feira,BR-280,13.3,Pleno dia,Crescente,Céu Claro,Simples,Reta,-26.32171,-48.64799,DEL03-SC,Risco Médio,Baixa
domingo,BR-101,211.0,Plena Noite,Crescente,Nublado,Múltipla,Reta,-27.62997,-48.65904,DEL01-SC,Risco Baixo,Alta
quarta-feira,BR-222,14.0,Pleno dia,Decrescente,Céu Claro,Simples,Reta,-3.761685,-38.68641,DEL01-CE,Risco Baixo,Baixa
sexta-feira,BR-135,120.9,Pleno dia,Decrescente,Céu Claro,Simples,Reta,-3.560108,-44.58623,DEL01-MA,Risco Médio,Baixa
quarta-feira,BR-232,32.0,Pleno dia,Crescente,Céu Claro,Dupla,Desvio Temporário,-8.104645,-35.16891,DEL01-PE,Risco Baixo,Baixa
segunda-feira,BR-60,38.5,Plena Noite,Crescente,Vento,Dupla,Reta,-16.6777,-49.2676,DEL01-GO,Risco Médio,Média
sexta-feira,BR-40,509.5,Pleno dia,Decrescente,Nublado,Dupla,Reta,-19.77365,-44.12405,DEL01-MG,Risco Médio,Alta
sexta-feira,BR-493,97.0,Pleno dia,Crescente,Céu Claro,Dupla,Reta,-22.71866,-43.7075,DEL01-RJ,Risco Médio,Baixa
quinta-feira,BR-174,459.0,Anoitecer,Crescente,Chuva,Simples,Reta,2.483162,-60.89859,DEL01-RR,Risco Baixo,Baixa
sábado,BR-101,423.2,Plena Noite,Crescente,Céu Claro,Simples,Curva,-22.92128,-43.95599,DEL03-RJ,Risco Médio,Alta
sexta-feira,BR-381,313.0,Pleno dia,Crescente,Chuva,Simples,Desvio Temporário,-19.68607,-42.93983,DEL03-MG,Risco Médio,Alta
segunda-feira,BR-101,89.0,Pleno dia,Decrescente,Céu Claro,Dupla,Reta,-26.6595,-48.6884,DEL03-SC,Risco Médio,Alta
segunda-feira,BR-343,13.0,Pleno dia,Decrescente,Chuva,Dupla,Interseção de vias,-2.919029,-41.75412,DEL05-PI,Risco Baixo,Baixa
quarta-feira,BR-277,586.0,Pleno dia,Decrescente,Céu Claro,Simples,Reta,-24.96495,-53.42105,DEL04-PR,Risco Médio,Média
sexta-feira,BR-101,413.0,Pleno dia,Crescente,Chuva,Dupla,Reta,-22.89932,-43.86529,DEL01-RJ,Risco Alto,Alta
segunda-feira,BR-101,327.4,Pleno dia,Crescente,Céu Claro,Dupla,Não Informado,-28.43023,-48.95205,DEL02-SC,Risco Médio,Alta
segunda-feira,BR-116,156.6,Pleno dia,Crescente,Céu Claro,Múltipla,Reta,-23.25044,-45.93573,DEL02-SP,Risco Médio,Alta
quinta-feira,BR-222,5.5,Pleno dia,Decrescente,Céu Claro,Dupla,Reta,-3.742969,-38.61331,DEL01-CE,Risco Médio,Baixa
quinta-feira,BR-101,496.0,Pleno dia,Crescente,Céu Claro,Simples,Reta,-22.9238,-44.32288,DEL03-RJ,Risco Médio,Alta
quarta-feira,BR-60,516.5,Pleno dia,Decrescente,Céu Claro,Múltipla,Curva,-21.17477,-55.63682,DEL05-MS,Risco Baixo,Média
segunda-feira,BR-381,575.0,Amanhecer,Crescente,Céu Claro,Dupla,Curva,-20.47363,-44.58423,DEL04-MG,Risco Alto,Alta
quinta-feira,BR-40,531.0,Pleno dia,Crescente,Nublado,Dupla,Reta,-19.91962,-44.02523,DEL01-MG,Risco Médio,Alta
quarta-feira,BR-424,95.0,Plena Noite,Crescente,Nublado,Simples,Não Informado,-8.925138,-36.48952,DEL03-PE,Risco Médio,Baixa
sábado,BR-232,104.0,Pleno dia,Crescente,Céu Claro,Simples,Curva,-8.080369,-34.99422,DEL02-PE,Risco Alto,Baixa
terça-feira,BR-242,813.0,Pleno dia,Decrescente,Céu Claro,Simples,Curva,-12.12018,-45.14735,DEL10-BA,Risco Médio,Baixa
domingo,BR-116,96.0,Plena Noite,Crescente,Chuva,Simples,Não Informado,-22.48025,-42.99744,DEL04-RJ,Risco Médio,Alta
domingo,BR-230,5.0,Pleno dia,Crescente,Céu Claro,Dupla,Não Informado,-7.01,-34.8312,DEL01-PB,Risco Baixo,Baixa
sábado,BR-277,659.9,Plena Noite,Decrescente,Chuva,Dupla,Curva,-25.24664,-53.98335,DEL05-PR,Risco Médio,Média
sábado,BR-101,109.7,Amanhecer,Decrescente,Céu Claro,Dupla,Reta,-26.83493,-48.7045,DEL03-SC,Risco Médio,Alta
segunda-feira,BR-135,10.8,Anoitecer,Decrescente,Céu Claro,Dupla,Curva,-2.662584,-44.28557,DEL01-MA,Risco Médio,Baixa
quinta-feira,BR-324,1.0,Plena Noite,Decrescente,Céu Claro,Dupla,Viaduto,-12.26711,-38.96699,DEL02-BA,Risco Médio,Baixa
domingo,BR-116,151.8,Plena Noite,Crescente,Céu Claro,Dupla,Não Informado,-23.21981,-45.89992,DEL02-SP,Risco Médio,Alta
domingo,BR-277,16.0,Plena Noite,Crescente,Chuva,Dupla,Reta,-25.45909,-49.52876,DEL03-PR,Risco Médio,Média
sábado,BR-232,262.0,Anoitecer,Crescente,Céu Claro,Simples,Reta,-8.4082,-37.1342,DEL03-PE,Risco Médio,Baixa
terça-feira,BR-116,151.0,Plena Noite,Crescente,Nublado,Dupla,Reta,-23.21981,-45.89992,DEL02-SP,Risco Baixo,Alta
segunda-feira,BR-110,139.6,Pleno dia,Decrescente,Sol,Simples,Reta,-8.510837,-37.62352,DEL03-PE,Risco Médio,Baixa
sábado,BR-116,181.6,Plena Noite,Decrescente,Céu Claro,Múltipla,Reta,-22.75861,-43.42775,DEL01-RJ,Risco Baixo,Alta
segunda-feira,BR-285,484.4,Pleno dia,Crescente,Céu Claro,Simples,Reta,-28.37356,-54.126,DEL10-RS,Risco Médio,Baixa
terça-feira,BR-104,38.8,Pleno dia,Decrescente,Nublado,Simples,Reta,-9.189611,-36.02715,DEL01-AL,Risco Médio,Baixa
terça-feira,BR-405,0.3,Plena Noite,Crescente,Céu Claro,Simples,Reta,-5.191467,-37.35189,DEL04-RN,Risco Médio,Baixa
quinta-feira,BR-101,717.6,Pleno dia,Decrescente,Céu Claro,Múltipla,Não Informado,-16.3638,-39.5811,DEL09-BA,Risco Médio,Alta
terça-feira,BR-381,89.0,Pleno dia,Crescente,Nublado,Dupla,Reta,-23.48516,-46.56022,DEL03-SP,Risco Médio,Alta
sábado,BR-381,346.0,Pleno dia,Crescente,Sol,Simples,Curva,-19.8436,-43.10111,DEL03-MG,Risco Baixo,Alta
quarta-feira,BR-386,445.9,Pleno dia,Crescente,Céu Claro,Dupla,Retorno Regulamentado,-29.89288,-51.1927,DEL01-RS,Risco Médio,Média
terça-feira,BR-135,47.0,Anoitecer,Decrescente,Céu Claro,Simples,Reta,-11.16785,-45.06716,DEL10-BA,Risco Médio,Baixa
sexta-feira,BR-101,416.0,Pleno dia,Crescente,Céu Claro,Dupla,Reta,-22.91055,-43.8933,DEL03-RJ,Risco Baixo,Alta
quarta-feira,BR-101,306.5,Plena Noite,Crescente,Nublado,Múltipla,Reta,-28.38437,-48.77113,DEL02-SC,Risco Baixo,Alta
domingo,BR-163,1035.0,Amanhecer,Decrescente,Ignorado,Simples,Reta,-10.2105,-54.96359,DEL06-MT,Risco Médio,Alta
sábado,BR-470,157.9,Pleno dia,Decrescente,Céu Claro,Simples,Reta,-28.79507,-51.61584,DEL06-RS,Risco Médio,Baixa
segunda-feira,BR-101,466.0,Anoitecer,Crescente,Céu Claro,Simples,Reta,-23.01497,-44.21104,DEL03-RJ,Risco Baixo,Alta
quarta-feira,BR-364,439.0,Pleno dia,Crescente,Céu Claro,Simples,Reta,-10.3611,-62.5725,DEL03-RO,Risco Baixo,Alta
quinta-feira,BR-101,334.5,Pleno dia,Crescente,Céu Claro,Simples,Reta,-20.62507,-40.52505,DEL03-ES,Risco Médio,Alta
sábado,BR-101,349.0,Pleno dia,Decrescente,Garoa/Chuvisco,Dupla,Não Informado,-28.59078,-49.04473,DEL02-SC,Risco Médio,Alta
sábado,BR-40,16.0,Pleno dia,Crescente,Céu Claro,Dupla,Reta,-16.17765,-47.92931,DEL01-DF,Risco Médio,Alta
segunda-feira,BR-381,29.0,Plena Noite,Decrescente,Céu Claro,Dupla,Reta,-23.0422,-46.55893,DEL03-SP,Risco Baixo,Alta
domingo,BR-50,173.0,Pleno dia,Decrescente,Céu Claro,Simples,Curva,-19.76244,-47.97702,DEL13-MG,Risco Baixo,Média
quarta-feira,BR-381,81.0,Pleno dia,Crescente,Céu Claro,Simples,Reta,-23.41704,-46.58022,DEL03-SP,Risco Médio,Alta
quinta-feira,BR-452,40.6,Plena Noite,Decrescente,Céu Claro,Simples,Curva,-17.92761,-50.55878,DEL04-GO,Risco Médio,Baixa
domingo,BR-101,149.0,Plena Noite,Crescente,Garoa/Chuvisco,Múltipla,Interseção de vias,-27.10629,-48.61521,DEL04-SC,Risco Médio,Alta
terça-feira,BR-470,72.0,Pleno dia,Crescente,Céu Claro,Simples,Reta,-26.888,-49.2528,DEL04-SC,Risco Médio,Baixa
domingo,BR-50,174.8,Pleno dia,Crescente,Céu Claro,Simples,Reta,-19.77082,-47.97343,DEL13-MG,Risco Médio,Média
domingo,BR-163,187.0,Plena Noite,Decrescente,Céu Claro,Simples,Reta,-22.80059,-54.73696,DEL09-MS,Risco Médio,Alta
terça-feira,BR-476,277.4,Pleno dia,Decrescente,Sol,Simples,Não Informado,-25.87255,-50.39362,DEL02-PR,Risco Médio,Baixa
sábado,BR-381,671.1,Pleno dia,Crescente,Chuva,Dupla,Curva,-21.06988,-45.05151,DEL04-MG,Risco Baixo,Alta
sábado,BR-373,383.5,Plena Noite,Decrescente,Nublado,Dupla,Curva,-24.41856,-50.78196,DEL08-PR,Risco Médio,Baixa
sábado,BR-285,668.0,Plena Noite,Crescente,Chuva,Simples,Reta,-28.66421,-55.9401,DEL12-RS,Risco Baixo,Baixa
terça-feira,BR-101,113.0,Pleno dia,Decrescente,Céu Claro,Dupla,Curva,-26.84901,-48.72399,DEL04-SC,Risco Baixo,Alta
sábado,BR-158,258.2,Anoitecer,Crescente,Céu Claro,Simples,Reta,-20.70596,-51.75622,DEL07-MS,Risco Médio,Baixa
quarta-feira,BR-393,268.0,Pleno dia,Decrescente,Céu Claro,Simples,Reta,-22.4878,-43.90933,DEL05-RJ,Risco Médio,Média
domingo,BR-471,177.4,Plena Noite,Decrescente,Céu Claro,Simples,Curva,-30.01042,-52.36777,DEL02-RS,Risco Alto,Baixa
quarta-feira,BR-376,260.0,Pleno dia,Crescente,Céu Claro,Simples,Curva,-23.70381,-51.32998,DEL07-PR,Risco Médio,Baixa
sexta-feira,BR-116,539.4,Pleno dia,Crescente,Nublado,Simples,Reta,-19.8824,-42.13243,DEL06-MG,Risco Médio,Alta
sábado,BR-230,17.3,Pleno dia,Decrescente,Céu Claro,Dupla,Interseção de vias,-7.1121,-34.8426,DEL01-PB,Risco Baixo,Baixa
sábado,BR-60,4.8,Pleno dia,Crescente,Céu Claro,Dupla,Não Informado,-15.89272,-48.09574,DEL01-DF,Risco Médio,Média
domingo,BR-376,541.4,Pleno dia,Decrescente,Céu Claro,Dupla,Não Informado,-25.41972,-49.76851,DEL01-PR,Risco Médio,Baixa
quinta-feira,BR-316,262.2,Pleno dia,Crescente,Céu Claro,Simples,Reta,-3.675505,-45.38047,DEL02-MA,Risco Médio,Baixa
sexta-feira,BR-230,120.0,Pleno dia,Crescente,Nublado,Dupla,Reta,-5.366086,-49.12618,DEL03-PA,Risco Médio,Baixa
domingo,BR-135,2.0,Pleno dia,Decrescente,Céu Claro,Dupla,Reta,-2.598067,-44.24574,DEL01-MA,Risco Baixo,Baixa
quarta-feira,BR-285,448.3,Pleno dia,Crescente,Céu Claro,Simples,Não Informado,-28.36473,-53.7926,DEL10-RS,Risco Baixo,Baixa
segunda-feira,BR-101,207.5,Pleno dia,Decrescente,Céu Claro,Dupla,Não Informado,-27.60001,-48.62265,DEL01-SC,Risco Médio,Alta
terça-feira,BR-470,173.0,Pleno dia,Decrescente,Céu Claro,Simples,Desvio Temporário,-27.25984,-49.91929,DEL04-SC,Risco Médio,Baixa
quarta-feira,BR-116,0.5,Pleno dia,Crescente,Sol,Múltipla,Reta,-29.97266,-51.17731,DEL01-RS,Risco Médio,Alta
sábado,BR-116,154.4,Pleno dia,Crescente,Céu Claro,Simples,Reta,-29.19385,-51.17962,DEL05-RS,Risco Baixo,Alta
sábado,BR-40,511.7,Pleno dia,Crescente,Céu Claro,Dupla,Retorno Regulamentado,-19.78164,-44.11733,DEL01-MG,Risco Médio,Alta
sábado,BR-101,110.0,Plena Noite,Decrescente,Nublado,Simples,Viaduto,-12.15694,-38.50336,DEL01-BA,Risco Médio,Alta
quinta-feira,BR-408,74.1,Pleno dia,Crescente,Céu Claro,Dupla,Reta,-7.89945,-35.17317,DEL01-PE,Risco Baixo,Baixa
segunda-feira,BR-470,9.5,Plena Noite,Decrescente,Nublado,Simples,Reta,-26.83314,-48.72743,DEL04-SC,Risco Médio,Baixa
quinta-feira,BR-230,2.0,Pleno dia,Crescente,Céu Claro,Simples,Reta,-6.754515,-43.0254,DEL03-PI,Risco Médio,Baixa
quarta-feira,BR-101,324.2,Pleno dia,Decrescente,Nublado,Múltipla,Reta,-28.4289,-48.92286,DEL02-SC,Risco Médio,Alta
quinta-feira,BR-262,610.2,Pleno dia,Crescente,Chuva,Simples,Não Informado,-19.60327,-46.28405,DEL08-MG,Risco Médio,Média
quinta-feira,BR-163,654.0,Pleno dia,Decrescente,Céu Claro,Simples,Reta,-13.34664,-56.05819,DEL06-MT,Risco Médio,Alta
terça-feira,BR-135,16.0,Pleno dia,Decrescente,Céu Claro,Dupla,Reta,-2.702641,-44.3105,DEL01-MA,Risco Médio,Baixa
terça-feira,BR-262,4.6,Plena Noite,Crescente,Garoa/Chuvisco,Dupla,Interseção de vias,-20.33609,-40.37813,DEL01-ES,Risco Médio,Média
segunda-feira,BR-386,424.0,Pleno dia,Crescente,Céu Claro,Dupla,Reta,-29.81809,-51.38257,DEL04-RS,Risco Médio,Média
domingo,BR-290,206.8,Plena Noite,Decrescente,Nublado,Simples,Reta,-30.16807,-52.28658,DEL02-RS,Risco Alto,Baixa
sábado,BR-116,11.0,Pleno dia,Crescente,Céu Claro,Simples,Reta,-8.714018,-39.26136,DEL05-PE,Risco Médio,Alta
terça-feira,BR-153,184.0,Pleno dia,Crescente,Céu Claro,Simples,Desvio Temporário,-14.37792,-49.15807,DEL07-GO,Risco Médio,Alta
terça-feira,BR-277,299.0,Amanhecer,Crescente,Chuva,Simples,Reta,-25.29329,-51.1331,DEL08-PR,Risco Médio,Média
terça-feira,BR-251,472.1,Amanhecer,Crescente,Céu Claro,Simples,Reta,-16.4731,-43.4241,DEL12-MG,Risco Médio,Baixa
segunda-feira,BR-163,400.5,Pleno dia,Crescente,Céu Claro,Simples,Não Informado,-21.16832,-54.47599,DEL02-MS,Risco Médio,Alta
domingo,BR-116,171.0,Plena Noite,Decrescente,Céu Claro,Dupla,Reta,-23.31217,-46.0633,DEL02-SP,Risco Baixo,Alta
terça-feira,BR-153,438.0,Pleno dia,Crescente,Céu Claro,Dupla,Reta,-16.2916,-48.93481,DEL02-GO,Risco Médio,Alta
sexta-feira,BR-282,258.5,Pleno dia,Decrescente,Céu Claro,Simples,Curva,-27.65969,-50.59188,DEL05-SC,Risco Médio,Baixa
segunda-feira,BR-393,121.0,Pleno dia,Decrescente,Céu Claro,Simples,Curva,-21.94374,-42.8322,DEL04-RJ,Risco Médio,Média
quarta-feira,BR-232,371.0,Pleno dia,Decrescente,Céu Claro,Simples,Reta,-8.031893,-37.96651,DEL04-PE,Risco Médio,Baixa
sexta-feira,BR-467,110.0,Pleno dia,Decrescente,Sol,Simples,Reta,-24.9299,-53.4505,DEL04-PR,Risco Médio,Baixa
quarta-feira,BR-364,29.8,Pleno dia,Crescente,Céu Claro,Simples,Reta,-20.01594,-48.91372,DEL13-MG,Risco Médio,Alta
quarta-feira,BR-472,471.5,Pleno dia,Crescente,Céu Claro,Simples,Reta,-29.14842,-56.34113,DEL12-RS,Risco Baixo,Baixa
segunda-feira,BR-373,174.9,Plena Noite,Crescente,Céu Claro,Dupla,Reta,-25.07595,-50.20996,DEL03-PR,Risco Médio,Baixa