dia_semana,br,km,fase_dia,sentido_via,condicao_metereologica,tipo_pista,tracado_via,latitude,longitude,delegacia,classificacao_acidente,postos_policiais_PRF
domingo,BR-101,1.0,Plena Noite,Decrescente,Garoa/Chuvisco,Simples,Reta,-11.5242,-37.8095,DEL02-SE,Risco Médio,Alta
terça-feira,BR-101,675.0,Pleno dia,Decrescente,Nublado,Simples,Curva,-16.14609,-39.59473,DEL09-BA,Risco Médio,Alta
quarta-feira,BR-262,490.0,Amanhecer,Crescente,Ignorado,Simples,Reta,-19.0,-45.0,DEL08-MG,Risco Médio,Média
quarta-feira,BR-262,594.5,Pleno dia,Decrescente,Chuva,Simples,Reta,-19.65326,-46.18515,DEL08-MG,Risco Baixo,Média
quarta-feira,BR-101,279.7,Pleno dia,Crescente,Sol,Dupla,Reta,-20.21812,-40.33933,DEL02-ES,Risco Médio,Alta
segunda-feira,BR-101,166.0,Pleno dia,Crescente,Céu Claro,Simples,Reta,-12.36113,-38.83667,DEL01-BA,Risco Médio,Alta
domingo,BR-287,359.0,Pleno dia,Crescente,Céu Claro,Simples,Reta,-29.46074,-54.71785,DEL12-RS,Risco Baixo,Baixa
terça-feira,BR-163,485.3,Plena Noite,Decrescente,Céu Claro,Simples,Reta,-20.6406,-54.56674,DEL01-MS,Risco Baixo,Alta
sábado,BR-40,525.0,Pleno dia,Decrescente,Céu Claro,Dupla,Reta,-19.88362,-44.05039,DEL01-MG,Risco Médio,Alta
domingo,BR-153,521.0,Pleno dia,Decrescente,Sol,Dupla,Retorno Regulamentado,-16.8937,-49.2557,DEL01-GO,Risco Médio,Alta
terça-feira,BR-381,937.1,Pleno dia,Decrescente,Chuva,Dupla,Curva,-22.81217,-46.284,DEL16-MG,Risco Médio,Alta
terça-feira,BR-356,66.0,Pleno dia,Crescente,Céu Claro,Simples,Reta,-21.36149,-41.7082,DEL08-RJ,Risco Médio,Baixa
sexta-feira,BR-471,474.0,Pleno dia,Crescente,Céu Claro,Simples,Reta,-31.89266,-52.31914,DEL07-RS,Risco Médio,Baixa
sábado,BR-101,115.0,Pleno dia,Decrescente,Céu Claro,Dupla,Curva,-26.87064,-48.72954,DEL04-SC,Risco Médio,Alta
domingo,BR-116,205.9,Pleno dia,Decrescente,Céu Claro,Simples,Não Informado,-26.07491,-49.75505,DEL06-SC,Risco Médio,Alta
segunda-feira,BR-116,162.0,Pleno dia,Crescente,Nublado,Dupla,Rotatória,-23.28133,-45.98395,DEL02-SP,Risco Médio,Alta
segunda-feira,BR-40,527.0,Pleno dia,Crescente,Céu Claro,Dupla,Curva,-19.91668,-43.93449,DEL01-MG,Risco Médio,Alta
quarta-feira,BR-40,435.7,Pleno dia,Crescente,Céu Claro,Dupla,Reta,-19.2284,-44.4391,DEL02-MG,Risco Médio,Alta
quarta-feira,BR-101,119.0,Pleno dia,Crescente,Céu Claro,Dupla,Reta,-26.90432,-48.71555,DEL04-SC,Risco Médio,Alta
segunda-feira,BR-381,498.0,Pleno dia,Decrescente,Sol,Dupla,Reta,-19.98911,-44.20499,DEL01-MG,Risco Médio,Alta
terça-feira,BR-101,524.0,Pleno dia,Decrescente,Céu Claro,Simples,Reta,-14.9542,-39.30648,DEL05-BA,Risco Médio,Alta
quarta-feira,BR-60,549.3,Plena Noite,Decrescente,Céu Claro,Simples,Reta,-21.17289,-55.86582,DEL05-MS,Risco Baixo,Média
segunda-feira,BR-101,210.0,Pleno dia,Decrescente,Céu Claro,Dupla,Não Informado,-27.61673,-48.64573,DEL01-SC,Risco Médio,Alta
quinta-feira,BR-158,155.5,Pleno dia,Crescente,Céu Claro,Simples,Curva,-16.92939,-51.80397,DEL04-GO,Risco Baixo,Baixa
quarta-feira,BR-20,406.0,Pleno dia,Decrescente,Nublado,Simples,Curva,-3.76999,-38.67006,DEL01-CE,Risco Médio,Baixa
sábado,BR-135,22.0,Plena Noite,Crescente,Chuva,Dupla,Reta,-2.555431,-44.31068,DEL01-MA,Risco Baixo,Baixa
sexta-feira,BR-277,162.0,Plena Noite,Crescente,Céu Claro,Simples,Reta,-25.46004,-49.93732,DEL03-PR,Risco Médio,Média
sábado,BR-116,116.0,Plena Noite,Decrescente,Nublado,Dupla,Reta,-22.74717,-43.44526,DEL04-RJ,Risco Baixo,Alta
domingo,BR-101,135.0,Pleno dia,Decrescente,Sol,Dupla,Retorno Regulamentado,-8.411476,-35.296,DEL01-PE,Risco Médio,Alta
sábado,BR-470,101.1,Amanhecer,Crescente,Nublado,Dupla,Reta,-27.03929,-49.39541,DEL04-SC,Risco Médio,Baixa
sexta-feira,BR-153,524.3,Pleno dia,Decrescente,Chuva,Simples,Reta,-30.71905,-53.5055,DEL09-RS,Risco Baixo,Alta
terça-feira,BR-386,405.6,Pleno dia,Decrescente,Céu Claro,Dupla,Reta,-29.77944,-51.55549,DEL04-RS,Risco Médio,Média
segunda-feira,BR-101,269.0,Pleno dia,Crescente,Nublado,Múltipla,Reta,-20.2174,-40.26991,DEL02-ES,Risco Médio,Alta
sábado,BR-386,397.3,Pleno dia,Crescente,Nublado,Dupla,Curva,-29.73966,-51.6223,DEL04-RS,Risco Médio,Média
sábado,BR-116,213.7,Anoitecer,Decrescente,Chuva,Dupla,Reta,-22.61132,-43.70954,DEL01-RJ,Risco Médio,Alta
quinta-feira,BR-277,593.5,Anoitecer,Crescente,Céu Claro,Simples,Reta,-24.98082,-53.48255,DEL04-PR,Risco Médio,Média
terça-feira,BR-101,934.4,Pleno dia,Crescente,Céu Claro,Simples,Reta,-17.99049,-39.86012,DEL09-BA,Risco Médio,Alta
sábado,BR-381,797.6,Pleno dia,Crescente,Nublado,Dupla,Reta,-21.91837,-45.59434,DEL16-MG,Risco Médio,Alta
domingo,BR-230,372.0,Plena Noite,Decrescente,Céu Claro,Simples,Reta,-7.262906,-45.91897,DEL05-MA,Risco Médio,Baixa
sexta-feira,BR-116,513.0,Pleno dia,Crescente,Céu Claro,Simples,Não Informado,-24.8511,-48.21802,DEL05-SP,Risco Médio,Alta
quinta-feira,BR-101,134.4,Pleno dia,Crescente,Nublado,Dupla,Interseção de vias,-27.00325,-48.6327,DEL04-SC,Risco Médio,Alta
terça-feira,BR-163,726.8,Pleno dia,Crescente,Céu Claro,Simples,Retorno Regulamentado,-18.54433,-54.74668,DEL06-MS,Risco Médio,Alta
sábado,BR-277,593.9,Pleno dia,Crescente,Sol,Simples,Reta,-24.98082,-53.48255,DEL04-PR,Risco Médio,Média
sexta-feira,BR-153,530.0,Anoitecer,Crescente,Chuva,Simples,Não Informado,-16.9677,-49.2331,DEL01-GO,Risco Médio,Alta
domingo,BR-135,161.0,Pleno dia,Crescente,Céu Claro,Simples,Reta,-12.01349,-44.94541,DEL10-BA,Risco Baixo,Baixa
quinta-feira,BR-232,281.5,Amanhecer,Crescente,Céu Claro,Simples,Reta,-8.347707,-37.29961,DEL04-PE,Risco Médio,Baixa
segunda-feira,BR-101,321.0,Plena Noite,Crescente,Céu Claro,Dupla,Curva,-22.86981,-43.11046,DEL02-RJ,Risco Médio,Alta
segunda-feira,BR-101,651.3,Plena Noite,Decrescente,Garoa/Chuvisco,Simples,Desvio Temporário,-15.87435,-39.52895,DEL05-BA,Risco Alto,Alta
quinta-feira,BR-116,124.0,Pleno dia,Decrescente,Céu Claro,Dupla,Reta,-25.6263,-49.31474,DEL01-PR,Risco Médio,Alta
terça-feira,BR-158,333.2,Plena Noite,Crescente,Garoa/Chuvisco,Simples,Interseção de vias,-29.70847,-53.86426,DEL09-RS,Risco Médio,Baixa
domingo,BR-222,215.2,Pleno dia,Crescente,Céu Claro,Simples,Reta,-3.768166,-40.28704,DEL04-CE,Risco Alto,Baixa
quarta-feira,BR-101,197.0,Pleno dia,Decrescente,Céu Claro,Dupla,Não Informado,-27.51844,-48.63848,DEL01-SC,Risco Médio,Alta
domingo,BR-116,172.0,Plena Noite,Decrescente,Céu Claro,Múltipla,Reta,-22.77504,-43.40014,DEL01-RJ,Risco Médio,Alta
sexta-feira,BR-101,331.0,Plena Noite,Crescente,Chuva,Dupla,Reta,-28.45568,-48.98127,DEL02-SC,Risco Baixo,Alta
domingo,BR-116,226.0,Pleno dia,Crescente,Céu Claro,Múltipla,Reta,-23.49254,-46.55178,DEL01-SP,Risco Médio,Alta
quinta-feira,BR-40,82.0,Pleno dia,Decrescente,Chuva,Simples,Curva,-22.52681,-43.22729,DEL06-RJ,Risco Baixo,Alta
quarta-feira,BR-367,80.9,Plena Noite,Crescente,Nublado,Simples,Não Informado,-16.37059,-39.55168,DEL09-BA,Risco Baixo,Baixa
sexta-feira,BR-369,87.5,Plena Noite,Crescente,Céu Claro,Simples,Curva,-23.18183,-50.63088,DEL07-PR,Risco Médio,Baixa
sexta-feira,BR-153,42.0,Pleno dia,Crescente,Céu Claro,Simples,Interseção de vias,-23.29512,-50.06578,DEL07-PR,Risco Médio,Alta
sexta-feira,BR-101,448.0,Pleno dia,Decrescente,Nublado,Dupla,Curva,-29.15899,-49.73541,DEL02-SC,Risco Baixo,Alta
terça-feira,BR-101,716.4,Pleno dia,Crescente,Céu Claro,Simples,Reta,-16.3577,-39.57942,DEL09-BA,Risco Médio,Alta
sexta-feira,BR-272,367.2,Pleno dia,Decrescente,Céu Claro,Dupla,Reta,-24.05064,-52.4017,DEL04-PR,Risco Médio,Baixa
sexta-feira,BR-153,6.2,Pleno dia,Crescente,Nublado,Simples,Não Informado,-23.0374,-49.92113,DEL07-PR,Risco Médio,Alta
sexta-feira,BR-101,43.9,Pleno dia,Crescente,Céu Claro,Simples,Interseção de vias,-26.30357,-48.88226,DEL03-SC,Risco Médio,Alta
sexta-feira,BR-470,193.0,Pleno dia,Decrescente,Céu Claro,Simples,Curva,-27.25853,-49.93432,DEL04-SC,Risco Baixo,Baixa
domingo,BR-10,183.0,Plena Noite,Crescente,Nublado,Simples,Reta,-6.115512,-47.37727,DEL04-MA,Risco Médio,Baixa
quinta-feira,BR-116,276.9,Pleno dia,Decrescente,Chuva,Dupla,Não Informado,-22.56183,-44.16589,DEL07-RJ,Risco Médio,Alta
segunda-feira,BR-101,51.5,Plena Noite,Decrescente,Nublado,Simples,Reta,-23.45628,-45.07112,DEL06-SP,Risco Médio,Alta
sábado,BR-230,1.0,Anoitecer,Decrescente,Céu Claro,Simples,Reta,-7.010931,-37.29002,DEL03-PB,Risco Médio,Baixa
sábado,BR-407,221.0,Plena Noite,Decrescente,Céu Claro,Simples,Reta,-11.27978,-40.02182,DEL04-BA,Risco Alto,Baixa
segunda-feira,BR-10,249.0,Pleno dia,Decrescente,Céu Claro,Múltipla,Reta,-5.549569,-47.46029,DEL04-MA,Risco Baixo,Baixa
domingo,BR-101,368.8,Plena Noite,Decrescente,Nublado,Simples,Curva,-20.78765,-40.78576,DEL03-ES,Risco Médio,Alta
domingo,BR-153,593.0,Amanhecer,Crescente,Céu Claro,Dupla,Curva,-17.4915,-49.2125,DEL03-GO,Risco Médio,Alta
domingo,BR-116,236.0,Plena Noite,Crescente,Céu Claro,Dupla,Reta,-29.66939,-51.14305,DEL01-RS,Risco Médio,Alta
quinta-feira,BR-153,2.0,Plena Noite,Crescente,Céu Claro,Simples,Curva,-25.20064,-50.59791,DEL07-PR,Risco Médio,Alta
quinta-feira,BR-116,66.0,Pleno dia,Crescente,Céu Claro,Dupla,Curva,-22.8227,-45.20193,DEL08-SP,Risco Médio,Alta
segunda-feira,BR-101,461.0,Plena Noite,Crescente,Chuva,Simples,Curva,-23.0362,-44.19421,DEL03-RJ,Risco Baixo,Alta
sábado,BR-280,99.9,Amanhecer,Crescente,Nevoeiro/Neblina,Simples,Reta,-26.37158,-49.33137,DEL06-SC,Risco Baixo,Baixa
quarta-feira,BR-116,178.0,Plena Noite,Decrescente,Céu Claro,Dupla,Reta,-22.77496,-43.40081,DEL01-RJ,Risco Baixo,Alta
quinta-feira,BR-101,112.2,Anoitecer,Crescente,Céu Claro,Múltipla,Reta,-26.84589,-48.72131,DEL04-SC,Risco Alto,Alta
sexta-feira,BR-40,552.5,Pleno dia,Crescente,Céu Claro,Dupla,Reta,-20.06084,-43.97716,DEL01-MG,Risco Médio,Alta
segunda-feira,BR-316,82.5,Pleno dia,Crescente,Sol,Simples,Interseção de vias,-5.758844,-42.61624,DEL01-PI,Risco Médio,Baixa
sábado,BR-316,23.0,Plena Noite,Decrescente,Céu Claro,Dupla,Interseção de vias,-1.345997,-48.25153,DEL01-PA,Risco Médio,Baixa
segunda-feira,BR-101,791.7,Plena Noite,Crescente,Ignorado,Simples,Curva,-16.81234,-39.48322,DEL09-BA,Risco Médio,Alta
terça-feira,BR-101,91.0,Pleno dia,Crescente,Nublado,Dupla,Reta,-8.2308,-34.9969,DEL01-PE,Risco Médio,Alta
segunda-feira,BR-392,351.3,Pleno dia,Decrescente,Nublado,Simples,Reta,-29.72946,-53.80227,DEL09-RS,Risco Médio,Média
sexta-feira,BR-381,901.6,Plena Noite,Decrescente,Céu Claro,Dupla,Reta,-22.67131,-46.09354,DEL16-MG,Risco Médio,Alta
segunda-feira,BR-386,440.0,Pleno dia,Crescente,Sol,Dupla,Reta,-29.87826,-51.24195,DEL01-RS,Risco Alto,Média
terça-feira,BR-153,344.4,Plena Noite,Decrescente,Céu Claro,Simples,Reta,-15.63219,-49.37892,DEL02-GO,Risco Médio,Alta
domingo,BR-116,186.4,Plena Noite,Crescente,Chuva,Simples,Reta,-27.3134,-50.41996,DEL05-SC,Risco Médio,Alta
quinta-feira,BR-316,23.0,Amanhecer,Crescente,Nublado,Dupla,Reta,-1.344902,-48.25057,DEL01-PA,Risco Médio,Baixa
quinta-feira,BR-116,464.0,Pleno dia,Crescente,Sol,Dupla,Reta,-12.45727,-39.26419,DEL02-BA,Risco Médio,Alta
terça-feira,BR-101,93.4,Pleno dia,Crescente,Céu Claro,Dupla,Reta,-10.90212,-37.14495,DEL01-SE,Risco Médio,Alta
sexta-feira,BR-476,118.0,Pleno dia,Crescente,Nublado,Múltipla,Reta,-25.35634,-49.18083,DEL01-PR,Risco Baixo,Baixa
sábado,BR-101,115.0,Plena Noite,Decrescente,Nublado,Dupla,Reta,-26.8793,-48.7258,DEL04-SC,Risco Baixo,Alta
quinta-feira,BR-163,677.0,Plena Noite,Crescente,Garoa/Chuvisco,Simples,Reta,-13.15717,-55.97415,DEL06-MT,Risco Médio,Alta
segunda-feira,BR-376,490.1,Pleno dia,Decrescente,Nublado,Dupla,Reta,-25.10014,-50.19706,DEL03-PR,Risco Médio,Baixa
sábado,BR-392,58.0,Plena Noite,Decrescente,Nublado,Dupla,Reta,-31.80429,-52.32886,DEL07-RS,Risco Médio,Média
sexta-feira,BR-60,298.0,Pleno dia,Crescente,Chuva,Dupla,Curva,-17.3508,-50.3243,DEL04-GO,Risco Médio,Média
domingo,BR-101,310.0,Pleno dia,Crescente,Céu Claro,Dupla,Reta,-22.79717,-43.04405,DEL02-RJ,Risco Baixo,Alta
sábado,BR-101,367.0,Pleno dia,Decrescente,Céu Claro,Múltipla,Curva,-28.69687,-49.1758,DEL02-SC,Risco Alto,Alta
sábado,BR-470,85.0,Amanhecer,Decrescente,Chuva,Simples,Curva,-26.95611,-49.35041,DEL04-SC,Risco Baixo,Baixa
terça-feira,BR-101,396.3,Plena Noite,Crescente,Nublado,Dupla,Reta,-28.8318,-49.4143,DEL02-SC,Risco Médio,Alta
sexta-feira,BR-470,59.9,Pleno dia,Crescente,Nublado,Simples,Reta,-26.88122,-49.16514,DEL04-SC,Risco Médio,Baixa
sábado,BR-101,46.0,Pleno dia,Crescente,Céu Claro,Simples,Reta,-21.5984,-41.31683,DEL08-RJ,Risco Médio,Alta
terça-feira,BR-163,524.0,Amanhecer,Decrescente,Céu Claro,Simples,Reta,-14.47723,-56.16348,DEL01-MT,Risco Baixo,Alta
segunda-feira,BR-60,135.0,Plena Noite,Crescente,Vento,Dupla,Reta,-16.589,-49.1945,DEL01-GO,Risco Médio,Média
sexta-feira,BR-116,96.0,Plena Noite,Crescente,Céu Claro,Simples,Curva,-16.4048,-41.4752,DEL11-MG,Risco Médio,Alta
quarta-feira,BR-242,803.0,Pleno dia,Decrescente,Céu Claro,Simples,Reta,-12.14283,-44.89272,DEL10-BA,Risco Médio,Baixa
quinta-feira,BR-60,75.1,Plena Noite,Decrescente,Chuva,Dupla,Reta,-16.2774,-48.7864,DEL02-GO,Risco Baixo,Média
domingo,BR-116,414.1,Plena Noite,Crescente,Céu Claro,Simples,Interseção de vias,-18.88103,-41.95911,DEL06-MG,Risco Médio,Alta
terça-feira,BR-101,73.8,Plena Noite,Decrescente,Céu Claro,Simples,Reta,-9.381,-35.8346,DEL01-AL,Risco Baixo,Alta
terça-feira,BR-316,75.4,Plena Noite,Decrescente,Céu Claro,Simples,Reta,-1.294465,-47.82244,DEL01-PA,Risco Alto,Baixa
domingo,BR-282,525.9,Plena Noite,Crescente,Chuva,Simples,Reta,-26.96544,-52.56638,DEL07-SC,Risco Médio,Baixa
terça-feira,BR-20,37.9,Plena Noite,Decrescente,Garoa/Chuvisco,Simples,Reta,-15.43749,-47.09821,DEL02-DF,Risco Alto,Baixa
quarta-feira,BR-365,471.0,Pleno dia,Decrescente,Céu Claro,Simples,Desvio Temporário,-18.92027,-46.98168,DEL10-MG,Risco Médio,Média
quinta-feira,BR-101,327.0,Pleno dia,Decrescente,Nublado,Dupla,Reta,-22.87001,-43.16934,DEL02-RJ,Risco Médio,Alta
segunda-feira,BR-381,404.0,Anoitecer,Crescente,Céu Claro,Simples,Curva,-19.74923,-43.54386,DEL01-MG,Risco Médio,Alta
quarta-feira,BR-116,702.0,Pleno dia,Decrescente,Céu Claro,Simples,Curva,-14.04417,-40.20403,DEL03-BA,Risco Médio,Alta
domingo,BR-70,544.0,Pleno dia,Decrescente,Céu Claro,Simples,Reta,-15.77543,-56.34599,DEL01-MT,Risco Baixo,Baixa
terça-feira,BR-316,31.0,Pleno dia,Decrescente,Garoa/Chuvisco,Dupla,Reta,-1.302587,-48.19657,DEL01-PA,Risco Médio,Baixa
quarta-feira,BR-116,933.6,Plena Noite,Crescente,Céu Claro,Simples,Reta,-15.70082,-41.33389,DEL08-BA,Risco Baixo,Alta
quinta-feira,BR-381,288.0,Pleno dia,Decrescente,Céu Claro,Simples,Curva,-19.63905,-42.8129,DEL03-MG,Risco Médio,Alta
domingo,BR-415,18.0,Amanhecer,Crescente,Céu Claro,Simples,Reta,-14.7998,-39.12604,DEL05-BA,Risco Médio,Baixa
sábado,BR-174,986.0,Plena Noite,Crescente,Céu Claro,Simples,Rotatória,-2.080626,-60.00746,DEL01-AM,Risco Baixo,Baixa
segunda-feira,BR-104,33.7,Plena Noite,Crescente,Céu Claro,Simples,Reta,-9.145359,-36.01525,DEL01-AL,Risco Médio,Baixa
sábado,BR-267,146.0,Pleno dia,Crescente,Céu Claro,Simples,Reta,-21.7867,-43.6643,DEL05-MG,Risco Baixo,Baixa
sábado,BR-101,882.0,Anoitecer,Decrescente,Céu Claro,Simples,Reta,-17.5784,-39.7371,DEL09-BA,Risco Médio,Alta
segunda-feira,BR-101,298.0,Pleno dia,Decrescente,Sol,Dupla,Curva,-22.7714,-42.92896,DEL02-RJ,Risco Médio,Alta
segunda-feira,BR-210,103.5,Pleno dia,Decrescente,Céu Claro,Simples,Reta,0.6961503,-51.3883,DEL01-AP,Risco Médio,Baixa
quinta-feira,BR-153,185.0,Pleno dia,Crescente,Céu Claro,Simples,Reta,-7.520813,-48.39765,DEL02-TO,Risco Baixo,Alta
segunda-feira,BR-277,507.6,Anoitecer,Decrescente,Céu Claro,Simples,Reta,-25.1039,-52.8686,DEL04-PR,Risco Baixo,Média
segunda-feira,BR-153,186.0,Plena Noite,Crescente,Céu Claro,Simples,Reta,-7.528361,-48.40264,DEL02-TO,Risco Alto,Alta
sábado,BR-381,1.0,Pleno dia,Crescente,Céu Claro,Dupla,Reta,-22.88292,-46.30669,DEL03-SP,Risco Médio,Alta
sábado,BR-290,13.1,Pleno dia,Decrescente,Céu Claro,Dupla,Reta,-29.87466,-50.397,DEL03-RS,Risco Médio,Baixa
sábado,BR-163,494.7,Plena Noite,Decrescente,Chuva,Simples,Reta,-20.36265,-54.52721,DEL01-MS,Risco Médio,Alta
sábado,BR-163,725.0,Pleno dia,Decrescente,Céu Claro,Simples,Reta,-18.55246,-54.75081,DEL06-MS,Risco Médio,Alta
quarta-feira,BR-163,41.0,Pleno dia,Crescente,Céu Claro,Simples,Interseção de vias,-26.0249,-53.7302,DEL02-PR,Risco Médio,Alta
terça-feira,BR-232,110.1,Plena Noite,Crescente,Céu Claro,Dupla,Curva,-8.286345,-35.81756,DEL02-PE,Risco Baixo,Baixa
quinta-feira,BR-101,150.2,Pleno dia,Crescente,Céu Claro,Simples,Não Informado,-27.11745,-48.60941,DEL04-SC,Risco Médio,Alta
sexta-feira,BR-476,275.9,Plena Noite,Crescente,Céu Claro,Simples,Não Informado,-25.87865,-50.38475,DEL02-PR,Risco Baixo,Baixa
quinta-feira,BR-101,216.5,Pleno dia,Decrescente,Céu Claro,Dupla,Reta,-27.6601,-48.6774,DEL01-SC,Risco Médio,Alta
sábado,BR-393,283.0,Plena Noite,Crescente,Chuva,Simples,Reta,-22.4894,-44.06427,DEL05-RJ,Risco Médio,Média
terça-feira,BR-101,98.0,Pleno dia,Decrescente,Céu Claro,Múltipla,Desvio Temporário,-5.865723,-35.21654,DEL01-RN,Risco Médio,Alta
sábado,BR-285,294.2,Pleno dia,Crescente,Céu Claro,Simples,Reta,-28.23455,-52.38497,DEL08-RS,Risco Médio,Baixa
domingo,BR-101,213.0,Pleno dia,Decrescente,Chuva,Múltipla,Reta,-27.63697,-48.66514,DEL01-SC,Risco Médio,Alta
domingo,BR-392,16.0,Pleno dia,Decrescente,Céu Claro,Dupla,Retorno Regulamentado,-32.09018,-52.17651,DEL07-RS,Risco Médio,Média
sábado,BR-282,207.0,Plena Noite,Crescente,Céu Claro,Simples,Rotatória,-27.77346,-50.20209,DEL05-SC,Risco Médio,Baixa
quinta-feira,BR-153,334.4,Pleno dia,Decrescente,Céu Claro,Simples,Retorno Regulamentado,-8.835718,-48.51212,DEL02-TO,Risco Médio,Alta
quarta-feira,BR-230,74.0,Pleno dia,Decrescente,Chuva,Dupla,Reta,-7.198092,-35.236,DEL01-PB,Risco Baixo,Baixa
quinta-feira,BR-415,48.0,Pleno dia,Crescente,Céu Claro,Simples,Reta,-14.81465,-39.29674,DEL05-BA,Risco Médio,Baixa
terça-feira,BR-101,65.0,Anoitecer,Decrescente,Céu Claro,Dupla,Reta,-21.75372,-41.34429,DEL08-RJ,Risco Baixo,Alta
sexta-feira,BR-452,176.0,Plena Noite,Decrescente,Chuva,Simples,Reta,-18.35517,-49.38033,DEL03-GO,Risco Médio,Baixa
sábado,BR-407,113.0,Plena Noite,Crescente,Céu Claro,Simples,Reta,-10.34247,-40.1681,DEL04-BA,Risco Médio,Baixa
segunda-feira,BR-101,291.1,Pleno dia,Decrescente,Céu Claro,Dupla,Reta,-20.29978,-40.39521,DEL01-ES,Risco Médio,Alta
terça-feira,BR-319,62.8,Pleno dia,Crescente,Céu Claro,Dupla,Reta,-8.766685,-63.88405,DEL01-RO,Risco Médio,Baixa
sábado,BR-116,806.5,Pleno dia,Crescente,Céu Claro,Simples,Reta,-14.73489,-40.64878,DEL08-BA,Risco Médio,Alta
terça-feira,BR-153,439.5,Plena Noite,Crescente,Céu Claro,Simples,Curva,-9.731653,-48.6933,DEL01-TO,Risco Médio,Alta
quinta-feira,BR-116,14.0,Plena Noite,Decrescente,Chuva,Dupla,Reta,-25.3818,-49.1643,DEL01-PR,Risco Médio,Alta
terça-feira,BR-116,84.0,Plena Noite,Crescente,Garoa/Chuvisco,Dupla,Reta,-25.42607,-49.07745,DEL01-PR,Risco Médio,Alta
terça-feira,BR-101,188.5,Pleno dia,Crescente,Céu Claro,Simples,Reta,-11.41151,-37.69897,DEL02-SE,Risco Baixo,Alta
domingo,BR-101,75.6,Plena Noite,Crescente,Chuva,Dupla,Reta,-8.109735,-34.9466,DEL01-PE,Risco Médio,Alta
terça-feira,BR-476,129.2,Plena Noite,Decrescente,Chuva,Múltipla,Reta,-25.4444,-49.23383,DEL01-PR,Risco Médio,Baixa
quinta-feira,BR-158,329.0,Pleno dia,Crescente,Céu Claro,Simples,Túnel,-29.70656,-53.8285,DEL09-RS,Risco Médio,Baixa
quarta-feira,BR-163,480.0,Plena Noite,Decrescente,Céu Claro,Simples,Reta,-20.47835,-54.55936,DEL01-MS,Risco Médio,Alta
segunda-feira,BR-101,52.1,Pleno dia,Decrescente,Céu Claro,Simples,Desvio Temporário,-18.62095,-39.88181,DEL04-ES,Risco Médio,Alta
sexta-feira,BR-153,505.7,Pleno dia,Decrescente,Sol,Dupla,Curva,-16.74647,-49.24043,DEL01-GO,Risco Médio,Alta
sábado,BR-448,16.0,Pleno dia,Crescente,Sol,Simples,Curva,-29.93223,-51.21197,DEL01-RS,Risco Médio,Baixa
domingo,BR-277,315.0,Pleno dia,Crescente,Céu Claro,Simples,Reta,-25.32638,-51.2173,DEL08-PR,Risco Médio,Média
sexta-feira,BR-40,524.0,Pleno dia,Crescente,Céu Claro,Dupla,Reta,-19.87545,-44.05346,DEL01-MG,Risco Médio,Alta
quinta-feira,BR-40,633.0,Plena Noite,Crescente,Céu Claro,Simples,Reta,-20.68422,-43.79339,DEL05-MG,Risco Médio,Alta
sábado,BR-488,1.0,Plena Noite,Crescente,Céu Claro,Dupla,Reta,-22.85016,-45.23181,DEL08-SP,Risco Médio,Baixa
terça-feira,BR-262,639.5,Plena Noite,Decrescente,Céu Claro,Simples,Reta,-19.59291,-46.49,DEL08-MG,Risco Baixo,Média
domingo,BR-116,72.0,Pleno dia,Decrescente,Sol,Simples,Reta,-28.7335,-51.0913,DEL05-RS,Risco Baixo,Alta
quinta-feira,BR-101,428.0,Pleno dia,Crescente,Garoa/Chuvisco,Simples,Curva,-14.1704,-39.3265,DEL05-BA,Risco Baixo,Alta
sábado,BR-40,0.8,Pleno dia,Crescente,Nublado,Dupla,Reta,-16.05827,-47.98266,DEL01-DF,Risco Médio,Alta
quarta-feira,BR-476,177.9,Plena Noite,Crescente,Nublado,Simples,Reta,-25.70848,-49.5992,DEL01-PR,Risco Médio,Baixa
quarta-feira,BR-476,130.0,Pleno dia,Crescente,Nublado,Dupla,Reta,-25.44956,-49.23643,DEL01-PR,Risco Médio,Baixa
sábado,BR-60,94.2,Plena Noite,Decrescente,Céu Claro,Simples,Reta,-16.3611,-48.9328,DEL02-GO,Risco Médio,Média
sábado,BR-101,83.8,Anoitecer,Crescente,Céu Claro,Dupla,Reta,-7.13377,-34.92964,DEL01-PB,Risco Médio,Alta
segunda-feira,BR-376,218.0,Pleno dia,Decrescente,Chuva,Simples,Curva,-23.59729,-51.62324,DEL07-PR,Risco Médio,Baixa
sábado,BR-364,707.0,Pleno dia,Crescente,Sol,Dupla,Reta,-8.800007,-63.83341,DEL01-RO,Risco Médio,Alta
domingo,BR-381,576.0,Pleno dia,Crescente,Nublado,Dupla,Desvio Temporário,-20.456,-44.5698,DEL04-MG,Risco Médio,Alta
terça-feira,BR-101,212.4,Pleno dia,Decrescente,Nublado,Simples,Reta,-27.6372,-48.6651,DEL01-SC,Risco Baixo,Alta
quinta-feira,BR-376,596.0,Plena Noite,Decrescente,Céu Claro,Dupla,Reta,-25.50195,-49.34155,DEL01-PR,Risco Médio,Baixa
sábado,BR-116,37.1,Plena Noite,Decrescente,Céu Claro,Simples,Reta,-28.4993,-50.91844,DEL05-RS,Risco Médio,Alta
domingo,BR-101,303.1,Plena Noite,Decrescente,Nublado,Dupla,Reta,-20.37252,-40.44305,DEL01-ES,Risco Baixo,Alta
domingo,BR-163,777.0,Pleno dia,Decrescente,Céu Claro,Simples,Reta,-12.4664,-55.67003,DEL06-MT,Risco Médio,Alta