dia_semana,br,km,fase_dia,sentido_via,condicao_metereologica,tipo_pista,tracado_via,latitude,longitude,delegacia,classificacao_acidente,postos_policiais_PRF
terça-feira,BR-101,54.8,Plena Noite,Crescente,Céu Claro,Simples,Interseção de vias,-10.62657,-36.99774,DEL02-SE,Risco Médio,Alta
quinta-feira,BR-116,224.0,Anoitecer,Crescente,Céu Claro,Dupla,Reta,-22.65622,-43.82139,DEL07-RJ,Risco Médio,Alta
sexta-feira,BR-235,5.0,Plena Noite,Decrescente,Céu Claro,Dupla,Reta,-10.9041,-37.1278,DEL01-SE,Risco Médio,Baixa
quinta-feira,BR-304,297.0,Pleno dia,Decrescente,Céu Claro,Dupla,Rotatória,-5.864094,-35.34355,DEL01-RN,Risco Médio,Baixa
quarta-feira,BR-365,671.2,Pleno dia,Decrescente,Céu Claro,Dupla,Reta,-18.88667,-48.72131,DEL15-MG,Risco Médio,Média
quinta-feira,BR-101,167.9,Plena Noite,Decrescente,Chuva,Simples,Curva,-9.899947,-36.29976,DEL02-AL,Risco Baixo,Alta
terça-feira,BR-381,412.9,Plena Noite,Decrescente,Chuva,Dupla,Não Informado,-19.72414,-43.57436,DEL01-MG,Risco Baixo,Alta
quarta-feira,BR-116,172.0,Plena Noite,Crescente,Nublado,Múltipla,Reta,-22.80188,-43.35044,DEL01-RJ,Risco Médio,Alta
segunda-feira,BR-381,489.0,Plena Noite,Crescente,Céu Claro,Dupla,Retorno Regulamentado,-19.95705,-44.14101,DEL01-MG,Risco Baixo,Alta
sábado,BR-153,748.4,Pleno dia,Crescente,Céu Claro,Simples,Reta,-12.39268,-49.13361,DEL02-TO,Risco Alto,Alta
sábado,BR-101,404.0,Plena Noite,Crescente,Céu Claro,Dupla,Reta,-28.89766,-49.47311,DEL02-SC,Risco Baixo,Alta
quarta-feira,BR-376,490.8,Pleno dia,Crescente,Céu Claro,Dupla,Não Informado,-25.14692,-50.15072,DEL03-PR,Risco Médio,Baixa
sábado,BR-163,1041.0,Plena Noite,Decrescente,Céu Claro,Simples,Reta,-10.17581,-54.94095,DEL06-MT,Risco Baixo,Alta
segunda-feira,BR-101,62.0,Pleno dia,Crescente,Céu Claro,Simples,Curva,-21.73608,-41.32617,DEL08-RJ,Risco Baixo,Alta
terça-feira,BR-101,327.0,Pleno dia,Crescente,Céu Claro,Dupla,Reta,-22.87596,-43.1117,DEL02-RJ,Risco Médio,Alta
quarta-feira,BR-232,142.1,Plena Noite,Decrescente,Nublado,Dupla,Desvio Temporário,-8.322421,-36.09481,DEL03-PE,Risco Médio,Baixa
domingo,BR-232,356.7,Plena Noite,Crescente,Céu Claro,Simples,Interseção de vias,-8.047087,-37.84292,DEL04-PE,Risco Médio,Baixa
domingo,BR-101,118.0,Pleno dia,Decrescente,Céu Claro,Dupla,Não Informado,-26.89586,-48.71903,DEL04-SC,Risco Médio,Alta
quinta-feira,BR-304,113.5,Pleno dia,Crescente,Céu Claro,Simples,Reta,-5.605811,-36.91306,DEL04-RN,Risco Alto,Baixa
sábado,BR-251,482.0,Pleno dia,Crescente,Céu Claro,Simples,Reta,-16.4758,-43.501,DEL12-MG,Risco Médio,Baixa
sexta-feira,BR-101,268.6,Pleno dia,Crescente,Céu Claro,Dupla,Reta,-22.7149,-42.67387,DEL02-RJ,Risco Médio,Alta
quinta-feira,BR-50,102.0,Amanhecer,Decrescente,Céu Claro,Dupla,Reta,-16.76907,-47.614,DEL01-DF,Risco Médio,Média
sexta-feira,BR-101,35.0,Pleno dia,Crescente,Sol,Dupla,Retorno Regulamentado,-29.5172,-49.99124,DEL03-RS,Risco Médio,Alta
quinta-feira,BR-259,45.7,Plena Noite,Crescente,Nublado,Múltipla,Rotatória,-19.53318,-40.57149,DEL02-ES,Risco Médio,Baixa
terça-feira,BR-104,111.4,Plena Noite,Decrescente,Céu Claro,Simples,Reta,-7.143079,-35.85887,DEL02-PB,Risco Médio,Baixa
terça-feira,BR-230,275.0,Pleno dia,Decrescente,Céu Claro,Simples,Reta,-6.954,-36.8259,DEL03-PB,Risco Baixo,Baixa
domingo,BR-116,481.0,Pleno dia,Decrescente,Céu Claro,Dupla,Reta,-12.51287,-39.3763,DEL02-BA,Risco Baixo,Alta
terça-feira,BR-304,115.9,Plena Noite,Crescente,Céu Claro,Simples,Reta,-5.613872,-36.89679,DEL04-RN,Risco Baixo,Baixa
quarta-feira,BR-101,203.3,Pleno dia,Crescente,Sol,Simples,Curva,-19.74437,-40.37437,DEL04-ES,Risco Médio,Alta
segunda-feira,BR-116,191.0,Plena Noite,Crescente,Chuva,Dupla,Curva,-23.36987,-46.24117,DEL02-SP,Risco Baixo,Alta
sábado,BR-101,65.0,Pleno dia,Decrescente,Sol,Múltipla,Reta,-8.024786,-34.94277,DEL01-PE,Risco Baixo,Alta
quinta-feira,BR-282,322.8,Pleno dia,Crescente,Céu Claro,Dupla,Rotatória,-27.37416,-51.06752,DEL07-SC,Risco Baixo,Baixa
quinta-feira,BR-470,217.7,Pleno dia,Crescente,Céu Claro,Simples,Curva,-29.17866,-51.51845,DEL06-RS,Risco Baixo,Baixa
sábado,BR-262,2.7,Pleno dia,Crescente,Nublado,Dupla,Reta,-20.332,-40.36262,DEL01-ES,Risco Médio,Média
quarta-feira,BR-364,137.1,Pleno dia,Crescente,Céu Claro,Dupla,Rotatória,-9.969,-67.853,DEL01-AC,Risco Médio,Alta
segunda-feira,BR-470,297.6,Plena Noite,Crescente,Chuva,Simples,Ponte,-27.39417,-51.18719,DEL07-SC,Risco Médio,Baixa
quarta-feira,BR-20,423.5,Pleno dia,Crescente,Sol,Dupla,Reta,-3.76999,-38.67006,DEL01-CE,Risco Alto,Baixa
quinta-feira,BR-222,673.1,Plena Noite,Decrescente,Chuva,Simples,Interseção de vias,-4.934126,-47.45359,DEL04-MA,Risco Baixo,Baixa
terça-feira,BR-116,101.0,Pleno dia,Crescente,Céu Claro,Dupla,Reta,-25.54168,-49.15094,DEL01-PR,Risco Médio,Alta
terça-feira,BR-163,285.0,Amanhecer,Decrescente,Céu Claro,Dupla,Reta,-24.5495,-54.0421,DEL06-PR,Risco Médio,Alta
quarta-feira,BR-116,616.3,Pleno dia,Decrescente,Sol,Simples,Reta,-20.45468,-42.17171,DEL07-MG,Risco Médio,Alta
domingo,BR-153,27.5,Pleno dia,Crescente,Céu Claro,Simples,Curva,-27.51124,-52.14356,DEL08-RS,Risco Médio,Alta
sexta-feira,BR-262,593.0,Pleno dia,Decrescente,Chuva,Simples,Desvio Temporário,-19.62369,-46.27104,DEL08-MG,Risco Médio,Média
segunda-feira,BR-101,127.0,Pleno dia,Crescente,Nublado,Dupla,Reta,-26.96393,-48.68328,DEL04-SC,Risco Baixo,Alta
domingo,BR-280,309.6,Plena Noite,Crescente,Céu Claro,Simples,Não Informado,-26.28989,-53.4744,DEL02-PR,Risco Médio,Baixa
sábado,BR-153,460.2,Plena Noite,Crescente,Céu Claro,Simples,Curva,-26.28455,-51.19608,DEL02-PR,Risco Baixo,Alta
quinta-feira,BR-116,286.3,Pleno dia,Decrescente,Céu Claro,Dupla,Reta,-22.47428,-44.27208,DEL07-RJ,Risco Médio,Alta
domingo,BR-10,9.0,Plena Noite,Crescente,Céu Claro,Simples,Reta,-4.366693,-47.53673,DEL02-PA,Risco Baixo,Baixa
quinta-feira,BR-280,56.0,Pleno dia,Crescente,Céu Claro,Simples,Reta,-26.47945,-49.00497,DEL03-SC,Risco Médio,Baixa
quarta-feira,BR-381,519.2,Pleno dia,Decrescente,Chuva,Múltipla,Curva,-20.10861,-44.31466,DEL01-MG,Risco Médio,Alta
sexta-feira,BR-381,791.5,Pleno dia,Decrescente,Chuva,Dupla,Curva,-21.92034,-45.60985,DEL16-MG,Risco Alto,Alta
quinta-feira,BR-101,905.0,Pleno dia,Decrescente,Céu Claro,Simples,Curva,-17.9592,-39.86085,DEL09-BA,Risco Médio,Alta
sexta-feira,BR-369,113.5,Pleno dia,Decrescente,Céu Claro,Simples,Não Informado,-23.27755,-50.83743,DEL07-PR,Risco Médio,Baixa
sexta-feira,BR-40,34.3,Pleno dia,Decrescente,Céu Claro,Dupla,Não Informado,-17.18867,-46.92302,DEL14-MG,Risco Médio,Alta
sexta-feira,BR-116,118.0,Pleno dia,Crescente,Céu Claro,Simples,Reta,-23.0623,-45.6259,DEL06-SP,Risco Médio,Alta
domingo,BR-267,132.2,Pleno dia,Decrescente,Céu Claro,Simples,Reta,-21.74281,-43.55459,DEL05-MG,Risco Médio,Baixa
segunda-feira,BR-101,292.0,Pleno dia,Decrescente,Céu Claro,Múltipla,Reta,-20.30651,-40.39489,DEL01-ES,Risco Médio,Alta
sábado,BR-428,187.0,Plena Noite,Decrescente,Chuva,Simples,Rotatória,-9.375394,-40.48831,DEL06-PE,Risco Médio,Baixa
domingo,BR-476,120.8,Pleno dia,Crescente,Céu Claro,Múltipla,Reta,-25.37191,-49.19146,DEL01-PR,Risco Médio,Baixa
sábado,BR-101,746.1,Amanhecer,Crescente,Nublado,Simples,Reta,-16.58162,-39.55685,DEL09-BA,Risco Médio,Alta
sexta-feira,BR-116,105.0,Pleno dia,Decrescente,Céu Claro,Dupla,Reta,-25.5708,-49.2135,DEL01-PR,Risco Médio,Alta
sábado,BR-364,541.0,Pleno dia,Crescente,Céu Claro,Simples,Reta,-14.92009,-56.47772,DEL01-MT,Risco Médio,Alta
segunda-feira,BR-262,321.0,Plena Noite,Decrescente,Céu Claro,Simples,Reta,-20.7894,-51.61073,DEL07-MS,Risco Médio,Média
sexta-feira,BR-232,8.4,Pleno dia,Crescente,Céu Claro,Dupla,Reta,-8.075837,-34.97016,DEL01-PE,Risco Médio,Baixa
sábado,BR-407,115.0,Plena Noite,Decrescente,Céu Claro,Simples,Interseção de vias,-9.299031,-40.5825,DEL06-PE,Risco Médio,Baixa
sexta-feira,BR-277,65.0,Pleno dia,Decrescente,Nublado,Dupla,Reta,-25.5307,-49.1958,DEL01-PR,Risco Baixo,Média
domingo,BR-70,19.2,Plena Noite,Decrescente,Céu Claro,Dupla,Não Informado,-15.78887,-48.22024,DEL01-DF,Risco Baixo,Baixa
segunda-feira,BR-116,459.7,Plena Noite,Decrescente,Chuva,Simples,Reta,-31.27911,-52.00697,DEL02-RS,Risco Médio,Alta
sábado,BR-163,95.1,Plena Noite,Decrescente,Céu Claro,Simples,Reta,-25.64699,-53.80315,DEL02-PR,Risco Alto,Alta
sexta-feira,BR-163,72.0,Amanhecer,Decrescente,Céu Claro,Simples,Não Informado,-8.995199,-54.97491,DEL05-PA,Risco Alto,Alta
domingo,BR-101,3.5,Pleno dia,Crescente,Céu Claro,Dupla,Reta,-6.531823,-35.11546,DEL01-PB,Risco Baixo,Alta
domingo,BR-40,116.0,Pleno dia,Crescente,Nublado,Dupla,Reta,-22.73662,-43.28859,DEL01-RJ,Risco Baixo,Alta
quinta-feira,BR-429,147.0,Plena Noite,Crescente,Nublado,Simples,Ponte,-11.64918,-62.63965,DEL02-RO,Risco Médio,Baixa
terça-feira,BR-381,831.5,Pleno dia,Decrescente,Sol,Dupla,Reta,-22.13736,-45.81137,DEL16-MG,Risco Médio,Alta
terça-feira,BR-393,138.2,Anoitecer,Crescente,Chuva,Simples,Curva,-21.99442,-42.91351,DEL06-RJ,Risco Médio,Média
domingo,BR-101,93.0,Plena Noite,Decrescente,Vento,Dupla,Curva,-21.87021,-41.54981,DEL08-RJ,Risco Baixo,Alta
quinta-feira,BR-163,96.6,Pleno dia,Crescente,Céu Claro,Simples,Reta,-25.61946,-53.79575,DEL02-PR,Risco Alto,Alta
quinta-feira,BR-101,181.3,Plena Noite,Decrescente,Céu Claro,Dupla,Não Informado,-8.646447,-35.56159,DEL01-PE,Risco Médio,Alta
sexta-feira,BR-101,26.2,Plena Noite,Crescente,Nublado,Simples,Reta,-21.4336,-41.34288,DEL08-RJ,Risco Baixo,Alta
sexta-feira,BR-101,270.6,Anoitecer,Crescente,Chuva,Simples,Reta,-13.03198,-39.28904,DEL01-BA,Risco Alto,Alta
sexta-feira,BR-469,12.0,Pleno dia,Crescente,Céu Claro,Simples,Reta,-25.57599,-54.54697,DEL05-PR,Risco Médio,Baixa
quarta-feira,BR-163,17.0,Pleno dia,Crescente,Céu Claro,Simples,Reta,-23.93903,-54.28087,DEL09-MS,Risco Médio,Alta
quarta-feira,BR-393,23.4,Pleno dia,Crescente,Céu Claro,Simples,Curva,-20.9227,-41.3121,DEL03-ES,Risco Médio,Média
quarta-feira,BR-110,20.0,Pleno dia,Crescente,Sol,Simples,Reta,-5.0519,-37.1498,DEL04-RN,Risco Médio,Baixa
quarta-feira,BR-262,533.4,Pleno dia,Crescente,Sol,Simples,Reta,-19.77196,-45.77776,DEL08-MG,Risco Médio,Média
segunda-feira,BR-470,15.8,Plena Noite,Crescente,Chuva,Simples,Não Informado,-26.83978,-48.78553,DEL04-SC,Risco Médio,Baixa
domingo,BR-277,344.1,Pleno dia,Decrescente,Céu Claro,Dupla,Viaduto,-25.33984,-51.43061,DEL08-PR,Risco Baixo,Média
quinta-feira,BR-116,153.2,Pleno dia,Crescente,Céu Claro,Simples,Curva,-29.1858,-51.17713,DEL05-RS,Risco Médio,Alta
domingo,BR-376,159.2,Pleno dia,Crescente,Céu Claro,Dupla,Retorno Regulamentado,-23.35252,-52.09127,DEL07-PR,Risco Médio,Baixa
terça-feira,BR-316,436.0,Pleno dia,Decrescente,Chuva,Simples,Curva,-4.413616,-44.2411,DEL03-MA,Risco Médio,Baixa
segunda-feira,BR-376,157.7,Plena Noite,Decrescente,Céu Claro,Dupla,Interseção de vias,-23.35068,-52.09113,DEL07-PR,Risco Médio,Baixa
sábado,BR-277,379.0,Plena Noite,Crescente,Céu Claro,Simples,Reta,-25.41885,-51.78112,DEL08-PR,Risco Baixo,Média
sábado,BR-153,655.8,Pleno dia,Crescente,Céu Claro,Dupla,Curva,-18.0103,-49.2621,DEL03-GO,Risco Médio,Alta
terça-feira,BR-369,208.5,Plena Noite,Crescente,Nublado,Simples,Interseção de vias,-23.56359,-51.49354,DEL07-PR,Risco Médio,Baixa
terça-feira,BR-476,130.0,Plena Noite,Decrescente,Chuva,Múltipla,Reta,-25.44956,-49.23643,DEL01-PR,Risco Baixo,Baixa
quinta-feira,BR-235,85.8,Pleno dia,Crescente,Céu Claro,Simples,Interseção de vias,-10.54358,-37.64165,DEL01-SE,Risco Médio,Baixa
segunda-feira,BR-101,149.0,Pleno dia,Crescente,Céu Claro,Dupla,Interseção de vias,-19.30402,-40.02422,DEL04-ES,Risco Médio,Alta
domingo,BR-470,2.0,Pleno dia,Decrescente,Céu Claro,Dupla,Não Informado,-26.86855,-48.67483,DEL04-SC,Risco Médio,Baixa
sábado,BR-376,620.0,Amanhecer,Crescente,Céu Claro,Dupla,Reta,-25.61258,-49.17144,DEL01-PR,Risco Baixo,Baixa
domingo,BR-262,586.9,Pleno dia,Crescente,Chuva,Simples,Não Informado,-19.66225,-46.10031,DEL08-MG,Risco Médio,Média
sábado,BR-262,870.7,Pleno dia,Decrescente,Chuva,Dupla,Curva,-19.78488,-48.52444,DEL13-MG,Risco Médio,Média
segunda-feira,BR-116,95.0,Anoitecer,Crescente,Chuva,Simples,Curva,-22.47375,-43.00118,DEL04-RJ,Risco Médio,Alta
quarta-feira,BR-262,620.4,Pleno dia,Decrescente,Céu Claro,Simples,Não Informado,-19.58518,-46.39584,DEL08-MG,Risco Médio,Média
quinta-feira,BR-50,283.0,Pleno dia,Crescente,Céu Claro,Simples,Interseção de vias,-18.1965,-47.9567,DEL06-GO,Risco Médio,Média
terça-feira,BR-101,713.5,Pleno dia,Crescente,Céu Claro,Simples,Reta,-16.39387,-39.58366,DEL09-BA,Risco Médio,Alta
segunda-feira,BR-470,224.5,Amanhecer,Crescente,Chuva,Simples,Não Informado,-27.32696,-50.3422,DEL05-SC,Risco Médio,Baixa
domingo,BR-158,142.0,Amanhecer,Crescente,Céu Claro,Simples,Curva,-28.1992,-53.4744,DEL10-RS,Risco Médio,Baixa
sexta-feira,BR-153,564.5,Plena Noite,Crescente,Chuva,Simples,Não Informado,-10.77492,-48.90129,DEL01-TO,Risco Alto,Alta
quarta-feira,BR-40,3.0,Plena Noite,Crescente,Céu Claro,Dupla,Reta,-16.00314,-47.98394,DEL01-DF,Risco Médio,Alta
sábado,BR-101,321.9,Pleno dia,Crescente,Nublado,Múltipla,Reta,-28.42507,-48.90328,DEL02-SC,Risco Baixo,Alta
segunda-feira,BR-116,263.0,Pleno dia,Decrescente,Céu Claro,Simples,Reta,-29.90545,-51.17674,DEL01-RS,Risco Médio,Alta
sábado,BR-230,100.0,Amanhecer,Decrescente,Céu Claro,Dupla,Reta,-7.181907,-35.4804,DEL01-PB,Risco Médio,Baixa
sexta-feira,BR-230,250.2,Plena Noite,Decrescente,Garoa/Chuvisco,Simples,Reta,-7.0593,-36.652,DEL03-PB,Risco Médio,Baixa
domingo,BR-101,187.0,Plena Noite,Crescente,Nublado,Dupla,Reta,-27.4514,-48.6336,DEL01-SC,Risco Médio,Alta
domingo,BR-381,424.0,Pleno dia,Crescente,Nublado,Dupla,Reta,-19.79547,-43.67611,DEL01-MG,Risco Médio,Alta
sábado,BR-262,460.0,Plena Noite,Decrescente,Céu Claro,Simples,Reta,-20.0,-55.0,DEL03-MS,Risco Médio,Média
terça-feira,BR-116,609.8,Pleno dia,Crescente,Chuva,Simples,Reta,-20.40489,-42.15173,DEL07-MG,Risco Médio,Alta
sábado,BR-262,91.0,Plena Noite,Crescente,Nublado,Simples,Reta,-20.3789,-41.0316,DEL01-ES,Risco Médio,Média
segunda-feira,BR-277,724.0,Plena Noite,Decrescente,Céu Claro,Dupla,Curva,-25.50258,-54.53868,DEL05-PR,Risco Médio,Média
sexta-feira,BR-285,292.0,Anoitecer,Crescente,Céu Claro,Dupla,Interseção de vias,-28.23548,-52.37732,DEL08-RS,Risco Médio,Baixa
quarta-feira,BR-10,256.2,Pleno dia,Decrescente,Céu Claro,Múltipla,Reta,-5.499715,-47.47184,DEL04-MA,Risco Médio,Baixa
terça-feira,BR-116,65.0,Pleno dia,Crescente,Chuva,Dupla,Curva,-25.31088,-49.00314,DEL01-PR,Risco Médio,Alta
terça-feira,BR-20,8.6,Pleno dia,Decrescente,Céu Claro,Dupla,Reta,-15.65839,-47.79153,DEL02-DF,Risco Baixo,Baixa
domingo,BR-364,374.0,Anoitecer,Crescente,Nublado,Dupla,Reta,-15.70246,-55.80474,DEL01-MT,Risco Médio,Alta
quinta-feira,BR-324,512.7,Pleno dia,Decrescente,Nublado,Simples,Reta,-12.23252,-38.95111,DEL02-BA,Risco Médio,Baixa
segunda-feira,BR-70,708.8,Plena Noite,Crescente,Céu Claro,Simples,Curva,-16.2305,-57.43623,DEL03-MT,Risco Baixo,Baixa
quinta-feira,BR-381,496.0,Amanhecer,Decrescente,Céu Claro,Dupla,Não Informado,-19.99676,-44.20959,DEL01-MG,Risco Médio,Alta
terça-feira,BR-101,344.0,Plena Noite,Decrescente,Ignorado,Múltipla,Reta,-28.53648,-49.05318,DEL02-SC,Risco Médio,Alta
quarta-feira,BR-262,876.0,Pleno dia,Decrescente,Sol,Simples,Rotatória,-19.78185,-48.50811,DEL13-MG,Risco Médio,Média
segunda-feira,BR-116,156.9,Anoitecer,Crescente,Céu Claro,Dupla,Curva,-29.21395,-51.17792,DEL05-RS,Risco Médio,Alta
sábado,BR-406,143.5,Plena Noite,Decrescente,Céu Claro,Simples,Reta,-5.648169,-35.49487,DEL02-RN,Risco Médio,Baixa
segunda-feira,BR-277,638.1,Plena Noite,Crescente,Céu Claro,Simples,Reta,-25.15789,-53.85103,DEL05-PR,Risco Médio,Média
quinta-feira,BR-116,202.0,Pleno dia,Decrescente,Nublado,Dupla,Reta,-23.40809,-46.3386,DEL01-SP,Risco Médio,Alta
sexta-feira,BR-381,799.0,Plena Noite,Crescente,Nublado,Dupla,Curva,-21.97237,-45.63124,DEL16-MG,Risco Médio,Alta
terça-feira,BR-116,40.0,Pleno dia,Crescente,Céu Claro,Simples,Reta,-28.51839,-50.93942,DEL05-RS,Risco Médio,Alta
sábado,BR-230,51.0,Pleno dia,Decrescente,Céu Claro,Dupla,Reta,-7.1897,-35.0615,DEL01-PB,Risco Médio,Baixa
segunda-feira,BR-282,502.3,Pleno dia,Crescente,Céu Claro,Simples,Interseção de vias,-26.88458,-52.39091,DEL07-SC,Risco Baixo,Baixa
segunda-feira,BR-364,331.0,Pleno dia,Crescente,Chuva,Dupla,Curva,-15.82281,-55.41965,DEL05-MT,Risco Médio,Alta
sexta-feira,BR-373,219.2,Plena Noite,Decrescente,Nublado,Simples,Não Informado,-25.16378,-50.5629,DEL03-PR,Risco Baixo,Baixa
sexta-feira,BR-472,174.1,Pleno dia,Crescente,Céu Claro,Simples,Reta,-27.85822,-54.50133,DEL10-RS,Risco Baixo,Baixa
domingo,BR-116,509.7,Plena Noite,Decrescente,Garoa/Chuvisco,Simples,Curva,-24.81946,-48.21144,DEL05-SP,Risco Médio,Alta
sábado,BR-470,38.0,Pleno dia,Crescente,Nublado,Simples,Reta,-26.90411,-48.98016,DEL04-SC,Risco Médio,Baixa
quinta-feira,BR-163,457.5,Plena Noite,Crescente,Céu Claro,Simples,Reta,-20.66404,-54.56068,DEL01-MS,Risco Baixo,Alta
quarta-feira,BR-277,644.4,Plena Noite,Decrescente,Nevoeiro/Neblina,Simples,Não Informado,-25.17364,-53.88997,DEL05-PR,Risco Médio,Média
quinta-feira,BR-343,330.5,Pleno dia,Crescente,Nublado,Simples,Reta,-5.060401,-42.65667,DEL01-PI,Risco Médio,Baixa
sexta-feira,BR-20,27.0,Pleno dia,Decrescente,Sol,Dupla,Reta,-15.59705,-47.63106,DEL02-DF,Risco Baixo,Baixa
quarta-feira,BR-381,181.3,Plena Noite,Crescente,Céu Claro,Simples,Interseção de vias,-18.99915,-42.1233,DEL06-MG,Risco Alto,Alta
domingo,BR-174,924.0,Plena Noite,Decrescente,Nublado,Simples,Reta,-2.62395,-60.04004,DEL01-AM,Risco Alto,Baixa
domingo,BR-424,133.6,Plena Noite,Crescente,Céu Claro,Simples,Curva,-9.139098,-36.31798,DEL03-PE,Risco Médio,Baixa
domingo,BR-470,57.5,Pleno dia,Decrescente,Nublado,Simples,Ponte,-26.88043,-49.13653,DEL04-SC,Risco Médio,Baixa
sexta-feira,BR-381,907.4,Anoitecer,Crescente,Céu Claro,Dupla,Curva,-22.71022,-46.12178,DEL16-MG,Risco Médio,Alta
quarta-feira,BR-101,209.0,Plena Noite,Decrescente,Garoa/Chuvisco,Dupla,Reta,-27.6099,-48.6389,DEL01-SC,Risco Baixo,Alta
terça-feira,BR-116,165.0,Pleno dia,Decrescente,Céu Claro,Dupla,Reta,-22.81549,-43.29087,DEL01-RJ,Risco Baixo,Alta
terça-feira,BR-101,133.0,Pleno dia,Decrescente,Céu Claro,Simples,Reta,-26.99936,-48.64609,DEL04-SC,Risco Médio,Alta
sábado,BR-116,167.8,Plena Noite,Crescente,Céu Claro,Simples,Curva,-16.99957,-41.44653,DEL11-MG,Risco Alto,Alta
sexta-feira,BR-101,883.0,Plena Noite,Decrescente,Céu Claro,Simples,Reta,-17.53406,-39.7118,DEL09-BA,Risco Médio,Alta
terça-feira,BR-470,20.0,Plena Noite,Crescente,Céu Claro,Simples,Curva,-26.87011,-48.82048,DEL04-SC,Risco Médio,Baixa
segunda-feira,BR-163,548.6,Pleno dia,Crescente,Sol,Simples,Reta,-19.91702,-54.36926,DEL06-MS,Risco Médio,Alta
domingo,BR-116,182.4,Pleno dia,Crescente,Céu Claro,Dupla,Reta,-22.73752,-43.48928,DEL01-RJ,Risco Médio,Alta
sábado,BR-376,309.0,Pleno dia,Crescente,Céu Claro,Simples,Não Informado,-23.96289,-51.11485,DEL07-PR,Risco Alto,Baixa
terça-feira,BR-116,219.0,Amanhecer,Crescente,Chuva,Múltipla,Desvio Temporário,-23.46254,-46.492,DEL01-SP,Risco Médio,Alta
domingo,BR-470,192.2,Pleno dia,Crescente,Sol,Simples,Reta,-27.29332,-50.07868,DEL04-SC,Risco Baixo,Baixa
sábado,BR-116,284.0,Pleno dia,Decrescente,Chuva,Dupla,Reta,-23.64327,-46.83867,DEL04-SP,Risco Médio,Alta
segunda-feira,BR-277,25.0,Plena Noite,Crescente,Garoa/Chuvisco,Dupla,Retorno Regulamentado,-25.47742,-48.83487,DEL01-PR,Risco Baixo,Média
quinta-feira,BR-280,58.1,Pleno dia,Crescente,Nublado,Simples,Reta,-26.47453,-49.02555,DEL03-SC,Risco Médio,Baixa
sábado,BR-163,165.0,Pleno dia,Decrescente,Céu Claro,Simples,Não Informado,-25.27494,-53.56871,DEL04-PR,Risco Médio,Alta
quarta-feira,BR-235,13.9,Pleno dia,Decrescente,Céu Claro,Simples,Reta,-10.86317,-37.17841,DEL01-SE,Risco Médio,Baixa
quinta-feira,BR-101,101.1,Pleno dia,Crescente,Sol,Dupla,Não Informado,-5.886811,-35.23143,DEL01-RN,Risco Médio,Alta
terça-feira,BR-163,594.8,Pleno dia,Crescente,Nublado,Dupla,Reta,-13.96102,-56.09763,DEL01-MT,Risco Médio,Alta
domingo,BR-116,582.6,Pleno dia,Decrescente,Céu Claro,Simples,Reta,-20.19796,-42.18297,DEL06-MG,Risco Médio,Alta
terça-feira,BR-272,367.0,Pleno dia,Crescente,Céu Claro,Dupla,Reta,-24.05021,-52.4011,DEL04-PR,Risco Médio,Baixa
segunda-feira,BR-40,423.0,Anoitecer,Decrescente,Céu Claro,Simples,Reta,-19.15337,-44.53816,DEL02-MG,Risco Médio,Alta
segunda-feira,BR-116,17.0,Pleno dia,Decrescente,Céu Claro,Dupla,Desvio Temporário,-3.90097,-38.50409,DEL01-CE,Risco Médio,Alta
sexta-feira,BR-376,665.6,Anoitecer,Crescente,Garoa/Chuvisco,Dupla,Não Informado,-25.85456,-48.95671,DEL01-PR,Risco Médio,Baixa
quarta-feira,BR-230,267.4,Anoitecer,Decrescente,Céu Claro,Simples,Reta,-6.961232,-42.68,DEL03-PI,Risco Médio,Baixa
sábado,BR-381,436.3,Plena Noite,Decrescente,Nublado,Simples,Reta,-19.78668,-43.71887,DEL01-MG,Risco Alto,Alta
domingo,BR-101,15.0,Anoitecer,Decrescente,Nublado,Dupla,Reta,-18.29013,-39.9548,DEL04-ES,Risco Baixo,Alta
quarta-feira,BR-381,35.3,Amanhecer,Crescente,Nublado,Dupla,Não Informado,-23.07529,-46.53974,DEL03-SP,Risco Médio,Alta
quarta-feira,BR-101,285.0,Plena Noite,Crescente,Chuva,Dupla,Reta,-20.25148,-40.3727,DEL01-ES,Risco Médio,Alta
quarta-feira,BR-116,201.4,Pleno dia,Crescente,Nublado,Simples,Reta,-26.05791,-49.72702,DEL06-SC,Risco Médio,Alta
sexta-feira,BR-116,16.2,Plena Noite,Decrescente,Céu Claro,Simples,Reta,-14.851,-40.8485,DEL08-BA,Risco Médio,Alta
terça-feira,BR-376,171.1,Plena Noite,Crescente,Céu Claro,Simples,Reta,-22.30111,-53.39168,DEL04-MS,Risco Médio,Baixa
quinta-feira,BR-407,423.0,Pleno dia,Crescente,Céu Claro,Simples,Reta,-7.083095,-41.43081,DEL04-PI,Risco Médio,Baixa
quinta-feira,BR-101,598.0,Pleno dia,Decrescente,Céu Claro,Simples,Curva,-15.48814,-39.43226,DEL05-BA,Risco Médio,Alta
quinta-feira,BR-101,146.5,Pleno dia,Decrescente,Nublado,Dupla,Reta,-6.260345,-35.21212,DEL01-RN,Risco Baixo,Alta