dia_semana,br,km,fase_dia,sentido_via,condicao_metereologica,tipo_pista,tracado_via,latitude,longitude,delegacia,classificacao_acidente,postos_policiais_PRF
domingo,BR-316,8.2,Pleno dia,Crescente,Céu Claro,Dupla,Reta,-1.367411,-48.37404,DEL01-PA,Risco Médio,Baixa
sexta-feira,BR-101,73.0,Pleno dia,Crescente,Céu Claro,Dupla,Desvio Temporário,-10.75674,-37.10468,DEL01-SE,Risco Médio,Alta
sábado,BR-364,392.9,Pleno dia,Crescente,Nublado,Dupla,Reta,-15.69081,-55.90427,DEL01-MT,Risco Médio,Alta
segunda-feira,BR-104,62.0,Pleno dia,Crescente,Céu Claro,Dupla,Retorno Regulamentado,-8.247221,-35.9752,DEL02-PE,Risco Médio,Baixa
domingo,BR-316,1.0,Pleno dia,Crescente,Céu Claro,Simples,Reta,-9.590067,-35.96341,DEL02-AL,Risco Baixo,Baixa
sexta-feira,BR-146,510.0,Pleno dia,Decrescente,Chuva,Simples,Não Informado,-21.77305,-46.42217,DEL09-MG,Risco Baixo,Baixa
terça-feira,BR-392,90.5,Pleno dia,Decrescente,Garoa/Chuvisco,Simples,Não Informado,-31.60312,-52.51978,DEL07-RS,Risco Alto,Média
quarta-feira,BR-101,888.0,Plena Noite,Crescente,Céu Claro,Simples,Reta,-17.62243,-39.76673,DEL09-BA,Risco Baixo,Alta
segunda-feira,BR-153,53.4,Pleno dia,Crescente,Garoa/Chuvisco,Simples,Desvio Temporário,-27.67595,-52.29058,DEL08-RS,Risco Médio,Alta
quinta-feira,BR-324,619.0,Pleno dia,Decrescente,Céu Claro,Múltipla,Reta,-12.89821,-38.45012,DEL01-BA,Risco Médio,Baixa
segunda-feira,BR-235,51.5,Pleno dia,Decrescente,Céu Claro,Simples,Não Informado,-10.70023,-37.43142,DEL01-SE,Risco Médio,Baixa
sábado,BR-230,95.0,Pleno dia,Decrescente,Céu Claro,Simples,Reta,-6.013395,-47.90182,DEL02-TO,Risco Médio,Baixa
terça-feira,BR-262,615.6,Pleno dia,Decrescente,Céu Claro,Simples,Reta,-19.58551,-46.32495,DEL08-MG,Risco Médio,Média
sexta-feira,BR-116,443.9,Plena Noite,Crescente,Nublado,Dupla,Reta,-12.36149,-39.10404,DEL02-BA,Risco Médio,Alta
quinta-feira,BR-10,229.7,Pleno dia,Crescente,Céu Claro,Simples,Reta,-2.420906,-47.51989,DEL02-PA,Risco Médio,Baixa
quinta-feira,BR-116,247.0,Pleno dia,Crescente,Garoa/Chuvisco,Dupla,Não Informado,-29.77175,-51.15403,DEL01-RS,Risco Médio,Alta
sexta-feira,BR-285,389.8,Pleno dia,Crescente,Sol,Simples,Reta,-28.38764,-53.24822,DEL10-RS,Risco Médio,Baixa
terça-feira,BR-116,40.0,Pleno dia,Crescente,Céu Claro,Simples,Rotatória,-28.51839,-50.93942,DEL05-RS,Risco Baixo,Alta
sábado,BR-60,172.0,Pleno dia,Crescente,Céu Claro,Dupla,Desvio Temporário,-16.75244,-49.43182,DEL01-GO,Risco Médio,Média
sábado,BR-381,38.2,Pleno dia,Decrescente,Nublado,Dupla,Reta,-23.10506,-46.56882,DEL03-SP,Risco Médio,Alta
quarta-feira,BR-476,131.0,Pleno dia,Crescente,Nublado,Múltipla,Não Informado,-25.45832,-49.24987,DEL01-PR,Risco Baixo,Baixa
sexta-feira,BR-50,0.1,Amanhecer,Decrescente,Céu Claro,Dupla,Não Informado,-18.86048,-48.25916,DEL15-MG,Risco Baixo,Média
terça-feira,BR-60,107.9,Pleno dia,Crescente,Nublado,Múltipla,Reta,-16.43892,-49.01872,DEL01-GO,Risco Médio,Média
segunda-feira,BR-364,121.2,Pleno dia,Decrescente,Céu Claro,Dupla,Reta,-10.01209,-67.76436,DEL01-AC,Risco Médio,Alta
segunda-feira,BR-70,690.0,Anoitecer,Crescente,Nublado,Simples,Curva,-16.18454,-57.36781,DEL03-MT,Risco Médio,Baixa
sexta-feira,BR-101,233.0,Pleno dia,Crescente,Chuva,Dupla,Curva,-10.1162,-36.7448,DEL02-AL,Risco Médio,Alta
quarta-feira,BR-104,143.0,Pleno dia,Crescente,Céu Claro,Simples,Reta,-7.404779,-35.89668,DEL02-PB,Risco Médio,Baixa
sexta-feira,BR-101,49.0,Pleno dia,Decrescente,Céu Claro,Dupla,Reta,-29.59966,-50.08022,DEL03-RS,Risco Médio,Alta
domingo,BR-262,590.0,Pleno dia,Decrescente,Chuva,Simples,Curva,-19.66697,-46.15374,DEL08-MG,Risco Baixo,Média
sexta-feira,BR-262,326.0,Pleno dia,Decrescente,Céu Claro,Simples,Não Informado,-20.46873,-54.51436,DEL01-MS,Risco Médio,Média
sexta-feira,BR-364,650.0,Pleno dia,Crescente,Céu Claro,Dupla,Reta,-8.74207,-63.9001,DEL01-RO,Risco Baixo,Alta
domingo,BR-116,319.0,Pleno dia,Crescente,Sol,Dupla,Reta,-22.48972,-44.58179,DEL07-RJ,Risco Médio,Alta
domingo,BR-158,199.5,Plena Noite,Decrescente,Céu Claro,Simples,Reta,-28.67744,-53.59486,DEL10-RS,Risco Médio,Baixa
quarta-feira,BR-343,472.4,Pleno dia,Decrescente,Sol,Simples,Reta,-6.109703,-42.72432,DEL01-PI,Risco Baixo,Baixa
sábado,BR-316,23.0,Pleno dia,Crescente,Céu Claro,Dupla,Reta,-1.345997,-48.25153,DEL01-PA,Risco Médio,Baixa
sábado,BR-163,827.0,Plena Noite,Crescente,Céu Claro,Dupla,Não Informado,-12.05864,-55.51744,DEL06-MT,Risco Médio,Alta
quinta-feira,BR-153,61.8,Pleno dia,Crescente,Céu Claro,Dupla,Reta,-20.81181,-49.35678,DEL09-SP,Risco Médio,Alta
segunda-feira,BR-116,253.0,Pleno dia,Decrescente,Chuva,Múltipla,Reta,-29.81784,-51.16996,DEL01-RS,Risco Médio,Alta
quarta-feira,BR-373,173.0,Plena Noite,Decrescente,Céu Claro,Dupla,Reta,-25.08027,-50.20233,DEL03-PR,Risco Médio,Baixa
quarta-feira,BR-101,376.1,Pleno dia,Decrescente,Nublado,Simples,Curva,-20.78951,-40.80217,DEL03-ES,Risco Alto,Alta
domingo,BR-153,653.0,Amanhecer,Crescente,Céu Claro,Dupla,Reta,-17.9926,-49.2601,DEL03-GO,Risco Médio,Alta
terça-feira,BR-277,136.0,Pleno dia,Crescente,Chuva,Dupla,Desvio Temporário,-25.47611,-49.71469,DEL01-PR,Risco Baixo,Média
segunda-feira,BR-316,11.7,Pleno dia,Crescente,Céu Claro,Simples,Reta,-5.191739,-42.76076,DEL01-PI,Risco Médio,Baixa
quinta-feira,BR-242,471.0,Plena Noite,Decrescente,Céu Claro,Simples,Reta,-12.4617,-42.24173,DEL06-BA,Risco Médio,Baixa
quinta-feira,BR-116,695.8,Pleno dia,Decrescente,Céu Claro,Simples,Reta,-21.06775,-42.36786,DEL07-MG,Risco Médio,Alta
terça-feira,BR-116,120.0,Plena Noite,Decrescente,Céu Claro,Dupla,Desvio Temporário,-25.42895,-49.26714,DEL01-PR,Risco Médio,Alta
quinta-feira,BR-285,564.0,Pleno dia,Decrescente,Sol,Simples,Rotatória,-28.41699,-54.93676,DEL10-RS,Risco Médio,Baixa
sexta-feira,BR-277,729.0,Pleno dia,Crescente,Céu Claro,Dupla,Reta,-25.5036,-54.58409,DEL05-PR,Risco Médio,Média
domingo,BR-304,73.0,Amanhecer,Decrescente,Céu Claro,Simples,Reta,-4.6789,-37.5968,DEL03-CE,Risco Baixo,Baixa
sábado,BR-116,15.0,Pleno dia,Crescente,Nublado,Múltipla,Reta,-3.878399,-38.50067,DEL01-CE,Risco Médio,Alta
segunda-feira,BR-116,50.2,Pleno dia,Crescente,Sol,Dupla,Reta,-22.73607,-45.08438,DEL08-SP,Risco Médio,Alta
sábado,BR-40,550.4,Pleno dia,Decrescente,Nublado,Dupla,Reta,-20.0537,-43.9705,DEL01-MG,Risco Alto,Alta
quinta-feira,BR-104,13.6,Plena Noite,Decrescente,Céu Claro,Simples,Curva,-7.897198,-36.11333,DEL02-PE,Risco Médio,Baixa
quarta-feira,BR-101,146.7,Plena Noite,Crescente,Céu Claro,Múltipla,Reta,-19.37539,-40.06619,DEL04-ES,Risco Médio,Alta
quarta-feira,BR-376,175.0,Pleno dia,Crescente,Céu Claro,Múltipla,Interseção de vias,-23.41136,-51.94078,DEL09-PR,Risco Médio,Baixa
domingo,BR-174,204.3,Amanhecer,Decrescente,Céu Claro,Simples,Curva,-15.6844,-58.72351,DEL04-MT,Risco Baixo,Baixa
quinta-feira,BR-116,57.0,Pleno dia,Decrescente,Nublado,Dupla,Reta,-25.2891,-48.9333,DEL01-PR,Risco Baixo,Alta
domingo,BR-282,16.2,Plena Noite,Decrescente,Garoa/Chuvisco,Simples,Reta,-27.66036,-48.68339,DEL01-SC,Risco Alto,Baixa
terça-feira,BR-488,4.9,Pleno dia,Crescente,Céu Claro,Dupla,Reta,-22.86402,-45.25556,DEL08-SP,Risco Médio,Baixa
sábado,BR-163,1102.0,Pleno dia,Decrescente,Céu Claro,Simples,Curva,-9.782005,-54.90867,DEL06-MT,Risco Médio,Alta
sábado,BR-343,592.0,Pleno dia,Decrescente,Céu Claro,Dupla,Reta,-6.777731,-43.03156,DEL03-PI,Risco Médio,Baixa
segunda-feira,BR-116,177.0,Plena Noite,Crescente,Céu Claro,Dupla,Reta,-22.756,-43.4329,DEL01-RJ,Risco Médio,Alta
quinta-feira,BR-290,87.0,Amanhecer,Decrescente,Céu Claro,Dupla,Reta,-29.96784,-51.1272,DEL01-RS,Risco Médio,Baixa
sábado,BR-277,690.4,Plena Noite,Decrescente,Céu Claro,Dupla,Reta,-25.35827,-54.24527,DEL05-PR,Risco Médio,Média
quinta-feira,BR-163,99.0,Plena Noite,Decrescente,Céu Claro,Simples,Reta,-26.49337,-53.50168,DEL07-SC,Risco Médio,Alta
sexta-feira,BR-153,647.5,Pleno dia,Decrescente,Céu Claro,Simples,Reta,-31.41548,-54.13548,DEL11-RS,Risco Baixo,Alta
domingo,BR-101,129.0,Plena Noite,Crescente,Céu Claro,Simples,Reta,-19.22093,-40.09362,DEL04-ES,Risco Médio,Alta
quinta-feira,BR-101,449.0,Plena Noite,Crescente,Céu Claro,Simples,Curva,-21.13937,-41.27676,DEL03-ES,Risco Médio,Alta
terça-feira,BR-153,2.9,Pleno dia,Decrescente,Sol,Simples,Reta,-20.322,-49.21109,DEL09-SP,Risco Alto,Alta
domingo,BR-316,10.0,Plena Noite,Decrescente,Céu Claro,Simples,Reta,-5.182802,-42.7635,DEL01-PI,Risco Médio,Baixa
terça-feira,BR-60,10.0,Pleno dia,Decrescente,Céu Claro,Dupla,Reta,-15.91049,-48.15263,DEL01-DF,Risco Médio,Média
quarta-feira,BR-280,52.0,Pleno dia,Decrescente,Céu Claro,Simples,Não Informado,-26.47138,-48.97141,DEL03-SC,Risco Médio,Baixa
terça-feira,BR-101,270.0,Pleno dia,Decrescente,Sol,Múltipla,Reta,-20.22979,-40.27253,DEL02-ES,Risco Médio,Alta
quinta-feira,BR-280,230.2,Pleno dia,Crescente,Céu Claro,Simples,Rotatória,-26.18752,-50.36184,DEL06-SC,Risco Médio,Baixa
sábado,BR-116,385.0,Plena Noite,Decrescente,Nublado,Dupla,Reta,-24.25499,-47.37541,DEL04-SP,Risco Médio,Alta
segunda-feira,BR-393,1.4,Pleno dia,Crescente,Céu Claro,Simples,Reta,-20.83419,-41.17195,DEL03-ES,Risco Médio,Média
domingo,BR-101,141.2,Pleno dia,Decrescente,Céu Claro,Simples,Reta,-27.04762,-48.59996,DEL04-SC,Risco Médio,Alta
sexta-feira,BR-116,285.0,Plena Noite,Crescente,Nublado,Simples,Não Informado,-23.68401,-46.8576,DEL04-SP,Risco Médio,Alta
terça-feira,BR-381,47.0,Pleno dia,Crescente,Céu Claro,Múltipla,Reta,-23.18905,-46.58408,DEL03-SP,Risco Baixo,Alta
segunda-feira,BR-116,130.0,Anoitecer,Crescente,Céu Claro,Dupla,Reta,-25.63028,-49.31381,DEL01-PR,Risco Médio,Alta
segunda-feira,BR-116,9.0,Pleno dia,Crescente,Garoa/Chuvisco,Dupla,Curva,-25.08319,-48.63392,DEL01-PR,Risco Baixo,Alta
quinta-feira,BR-163,110.0,Pleno dia,Decrescente,Céu Claro,Simples,Não Informado,-26.392,-53.5191,DEL07-SC,Risco Baixo,Alta
quinta-feira,BR-116,151.0,Plena Noite,Decrescente,Céu Claro,Dupla,Reta,-23.21981,-45.89992,DEL02-SP,Risco Médio,Alta
domingo,BR-267,161.1,Plena Noite,Decrescente,Garoa/Chuvisco,Simples,Reta,-21.84096,-43.78272,DEL05-MG,Risco Médio,Baixa
segunda-feira,BR-163,921.0,Plena Noite,Crescente,Céu Claro,Simples,Não Informado,-3.04776,-54.92687,DEL05-PA,Risco Alto,Alta
sábado,BR-40,0.2,Pleno dia,Crescente,Nublado,Dupla,Reta,-16.05827,-47.98266,DEL01-DF,Risco Médio,Alta
domingo,BR-470,202.0,Pleno dia,Crescente,Nublado,Simples,Reta,-29.14017,-51.53137,DEL06-RS,Risco Baixo,Baixa
terça-feira,BR-158,274.0,Pleno dia,Crescente,Céu Claro,Simples,Reta,-17.9018,-51.7316,DEL05-GO,Risco Médio,Baixa
quinta-feira,BR-20,16.9,Pleno dia,Decrescente,Céu Claro,Dupla,Reta,-15.62171,-47.71802,DEL02-DF,Risco Baixo,Baixa
segunda-feira,BR-50,173.5,Pleno dia,Decrescente,Céu Claro,Dupla,Reta,-19.76244,-47.97702,DEL13-MG,Risco Médio,Média
quinta-feira,BR-40,660.2,Pleno dia,Decrescente,Céu Claro,Simples,Reta,-20.90234,-43.82739,DEL05-MG,Risco Baixo,Alta
terça-feira,BR-101,390.0,Plena Noite,Crescente,Céu Claro,Dupla,Reta,-22.89361,-43.69073,DEL03-RJ,Risco Baixo,Alta
terça-feira,BR-163,764.0,Pleno dia,Crescente,Céu Claro,Simples,Reta,-12.4664,-55.67,DEL06-MT,Risco Médio,Alta
quinta-feira,BR-116,56.7,Amanhecer,Decrescente,Céu Claro,Simples,Não Informado,-4.212282,-38.47322,DEL03-CE,Risco Alto,Alta
domingo,BR-163,157.9,Plena Noite,Crescente,Céu Claro,Dupla,Reta,-25.35914,-53.57589,DEL05-PR,Risco Médio,Alta
quinta-feira,BR-369,455.0,Plena Noite,Decrescente,Céu Claro,Simples,Curva,-24.5481,-53.0398,DEL04-PR,Risco Médio,Baixa
sexta-feira,BR-153,492.0,Plena Noite,Decrescente,Garoa/Chuvisco,Simples,Reta,-10.14146,-48.8873,DEL01-TO,Risco Médio,Alta
domingo,BR-101,135.8,Plena Noite,Crescente,Ignorado,Dupla,Curva,-8.411476,-35.296,DEL01-PE,Risco Médio,Alta
quarta-feira,BR-381,434.0,Pleno dia,Decrescente,Céu Claro,Simples,Reta,-19.80043,-43.75031,DEL01-MG,Risco Médio,Alta
terça-feira,BR-135,564.0,Pleno dia,Crescente,Céu Claro,Simples,Reta,-10.20354,-45.18588,DEL03-PI,Risco Alto,Baixa
sexta-feira,BR-408,97.0,Plena Noite,Decrescente,Nublado,Dupla,Reta,-8.028453,-35.03676,DEL01-PE,Risco Médio,Baixa
segunda-feira,BR-364,130.0,Plena Noite,Crescente,Céu Claro,Simples,Reta,-10.02435,-67.83672,DEL01-AC,Risco Médio,Alta
quinta-feira,BR-364,43.8,Anoitecer,Crescente,Céu Claro,Simples,Não Informado,-17.05777,-53.47356,DEL02-MT,Risco Médio,Alta
sábado,BR-116,111.6,Pleno dia,Crescente,Garoa/Chuvisco,Dupla,Reta,-25.55534,-49.27294,DEL01-PR,Risco Baixo,Alta
quarta-feira,BR-381,445.0,Plena Noite,Decrescente,Nublado,Simples,Reta,-19.82543,-43.8341,DEL01-MG,Risco Baixo,Alta
domingo,BR-476,122.0,Pleno dia,Crescente,Nublado,Dupla,Não Informado,-25.38901,-49.20691,DEL01-PR,Risco Médio,Baixa
sábado,BR-116,813.6,Pleno dia,Crescente,Céu Claro,Simples,Reta,-14.80545,-40.7839,DEL08-BA,Risco Médio,Alta
terça-feira,BR-101,325.0,Pleno dia,Decrescente,Céu Claro,Dupla,Não Informado,-22.87293,-43.13626,DEL02-RJ,Risco Médio,Alta
quarta-feira,BR-116,422.2,Pleno dia,Decrescente,Céu Claro,Simples,Não Informado,-18.94602,-41.95024,DEL06-MG,Risco Médio,Alta
sexta-feira,BR-101,65.0,Plena Noite,Decrescente,Céu Claro,Simples,Reta,-21.75372,-41.34429,DEL08-RJ,Risco Baixo,Alta
quinta-feira,BR-101,807.0,Amanhecer,Crescente,Céu Claro,Simples,Curva,-17.0105,-39.545,DEL09-BA,Risco Médio,Alta
domingo,BR-285,266.2,Plena Noite,Crescente,Garoa/Chuvisco,Simples,Reta,-28.30424,-52.13254,DEL08-RS,Risco Médio,Baixa
domingo,BR-101,335.3,Pleno dia,Decrescente,Nublado,Múltipla,Interseção de vias,-28.46927,-49.01558,DEL02-SC,Risco Médio,Alta
sábado,BR-364,342.0,Pleno dia,Decrescente,Céu Claro,Dupla,Não Informado,-15.83596,-55.47726,DEL02-MT,Risco Baixo,Alta
sábado,BR-163,110.0,Pleno dia,Crescente,Chuva,Dupla,Reta,-16.5707,-54.6838,DEL02-MT,Risco Baixo,Alta
sábado,BR-40,614.1,Plena Noite,Decrescente,Céu Claro,Simples,Não Informado,-20.5348,-43.82137,DEL05-MG,Risco Médio,Alta
segunda-feira,BR-101,148.0,Pleno dia,Decrescente,Chuva,Simples,Interseção de vias,-19.38787,-40.06753,DEL04-ES,Risco Médio,Alta
sábado,BR-163,78.0,Plena Noite,Crescente,Céu Claro,Simples,Reta,-23.47442,-54.18829,DEL09-MS,Risco Médio,Alta
segunda-feira,BR-316,21.0,Pleno dia,Crescente,Céu Claro,Simples,Reta,-1.360971,-48.26242,DEL01-PA,Risco Médio,Baixa
sexta-feira,BR-116,221.2,Plena Noite,Decrescente,Céu Claro,Simples,Reta,-27.60278,-50.35532,DEL05-SC,Risco Baixo,Alta
quarta-feira,BR-282,136.0,Pleno dia,Decrescente,Chuva,Simples,Reta,-27.81789,-49.55809,DEL05-SC,Risco Médio,Baixa
segunda-feira,BR-101,204.0,Pleno dia,Crescente,Sol,Dupla,Reta,-27.57512,-48.6137,DEL01-SC,Risco Médio,Alta
quarta-feira,BR-70,4.0,Pleno dia,Decrescente,Céu Claro,Dupla,Não Informado,-15.87907,-52.28563,DEL07-MT,Risco Médio,Baixa
quinta-feira,BR-101,457.5,Pleno dia,Decrescente,Céu Claro,Múltipla,Reta,-29.23211,-49.7583,DEL02-SC,Risco Baixo,Alta
quarta-feira,BR-101,147.0,Plena Noite,Crescente,Céu Claro,Múltipla,Reta,-27.09237,-48.61731,DEL04-SC,Risco Baixo,Alta
quinta-feira,BR-116,167.0,Pleno dia,Crescente,Céu Claro,Dupla,Reta,-22.81804,-43.30787,DEL01-RJ,Risco Médio,Alta
sábado,BR-101,216.8,Plena Noite,Decrescente,Garoa/Chuvisco,Dupla,Reta,-27.65981,-48.67748,DEL01-SC,Risco Médio,Alta
sexta-feira,BR-222,285.8,Pleno dia,Decrescente,Chuva,Simples,Reta,-3.455,-44.80728,DEL02-MA,Risco Médio,Baixa
sábado,BR-262,29.5,Pleno dia,Decrescente,Céu Claro,Simples,Reta,-20.25053,-41.9873,DEL06-MG,Risco Alto,Média
sábado,BR-101,294.2,Plena Noite,Decrescente,Céu Claro,Dupla,Reta,-20.32547,-40.3961,DEL01-ES,Risco Médio,Alta
sexta-feira,BR-277,658.1,Pleno dia,Decrescente,Céu Claro,Dupla,Curva,-25.24268,-53.97329,DEL05-PR,Risco Médio,Média
quarta-feira,BR-282,28.5,Plena Noite,Crescente,Nublado,Simples,Rotatória,-27.67478,-48.7789,DEL01-SC,Risco Médio,Baixa
domingo,BR-324,577.0,Plena Noite,Crescente,Céu Claro,Dupla,Reta,-12.59712,-38.5136,DEL01-BA,Risco Baixo,Baixa
domingo,BR-364,703.0,Pleno dia,Decrescente,Céu Claro,Dupla,Reta,-8.800215,-63.79558,DEL01-RO,Risco Médio,Alta
segunda-feira,BR-116,550.0,Plena Noite,Decrescente,Céu Claro,Simples,Reta,-19.96878,-42.13645,DEL06-MG,Risco Médio,Alta
sexta-feira,BR-50,28.0,Pleno dia,Crescente,Céu Claro,Dupla,Curva,-18.61851,-48.10289,DEL15-MG,Risco Baixo,Média
quarta-feira,BR-376,588.0,Plena Noite,Decrescente,Céu Claro,Dupla,Não Informado,-25.43382,-49.36546,DEL01-PR,Risco Baixo,Baixa
sábado,BR-470,91.0,Pleno dia,Decrescente,Céu Claro,Simples,Interseção de vias,-26.97769,-49.3692,DEL04-SC,Risco Médio,Baixa
terça-feira,BR-262,355.0,Pleno dia,Crescente,Chuva,Dupla,Reta,-19.96467,-44.17285,DEL01-MG,Risco Médio,Média
sexta-feira,BR-364,396.0,Plena Noite,Decrescente,Céu Claro,Dupla,Reta,-15.69005,-55.90524,DEL01-MT,Risco Baixo,Alta
quinta-feira,BR-70,19.5,Plena Noite,Decrescente,Céu Claro,Dupla,Não Informado,-15.78914,-48.22208,DEL01-DF,Risco Médio,Baixa
domingo,BR-230,504.7,Pleno dia,Decrescente,Céu Claro,Simples,Reta,-6.902,-38.56,DEL03-PB,Risco Médio,Baixa
segunda-feira,BR-116,460.0,Pleno dia,Crescente,Céu Claro,Dupla,Não Informado,-12.44987,-39.2492,DEL02-BA,Risco Médio,Alta
sexta-feira,BR-282,603.3,Pleno dia,Crescente,Sol,Simples,Reta,-26.797,-53.19203,DEL07-SC,Risco Médio,Baixa
quinta-feira,BR-116,222.0,Plena Noite,Crescente,Céu Claro,Múltipla,Reta,-23.47093,-46.51631,DEL01-SP,Risco Alto,Alta
segunda-feira,BR-163,212.9,Pleno dia,Decrescente,Céu Claro,Simples,Reta,-24.92574,-53.53696,DEL04-PR,Risco Médio,Alta
segunda-feira,BR-470,44.0,Plena Noite,Decrescente,Céu Claro,Simples,Reta,-26.87066,-49.0219,DEL04-SC,Risco Baixo,Baixa
domingo,BR-393,285.9,Plena Noite,Decrescente,Céu Claro,Simples,Interseção de vias,-22.5064,-44.07696,DEL05-RJ,Risco Médio,Média
sexta-feira,BR-376,252.0,Plena Noite,Decrescente,Céu Claro,Dupla,Curva,-23.65038,-51.37401,DEL07-PR,Risco Médio,Baixa
quinta-feira,BR-101,663.0,Pleno dia,Decrescente,Chuva,Simples,Curva,-15.95935,-39.5616,DEL05-BA,Risco Alto,Alta
domingo,BR-101,87.3,Plena Noite,Decrescente,Chuva,Dupla,Não Informado,-26.64769,-48.68671,DEL03-SC,Risco Médio,Alta
sábado,BR-381,482.0,Plena Noite,Crescente,Chuva,Dupla,Reta,-19.9578,-44.0795,DEL01-MG,Risco Médio,Alta
sábado,BR-116,269.8,Plena Noite,Decrescente,Chuva,Dupla,Reta,-23.60864,-46.75888,DEL04-SP,Risco Médio,Alta
terça-feira,BR-40,6.0,Pleno dia,Crescente,Sol,Dupla,Reta,-16.02974,-47.97887,DEL01-DF,Risco Médio,Alta
quarta-feira,BR-459,15.3,Plena Noite,Crescente,Céu Claro,Dupla,Rotatória,-22.61715,-45.16973,DEL08-SP,Risco Médio,Baixa
quinta-feira,BR-101,144.0,Plena Noite,Decrescente,Céu Claro,Simples,Reta,-19.35945,-40.06441,DEL04-ES,Risco Baixo,Alta
terça-feira,BR-381,451.0,Anoitecer,Decrescente,Nublado,Simples,Reta,-19.83832,-43.88069,DEL01-MG,Risco Médio,Alta
segunda-feira,BR-116,140.0,Amanhecer,Crescente,Céu Claro,Dupla,Reta,-22.64782,-43.21562,DEL01-RJ,Risco Médio,Alta
sábado,BR-135,225.9,Plena Noite,Decrescente,Céu Claro,Simples,Curva,-4.380823,-44.33969,DEL03-MA,Risco Médio,Baixa
segunda-feira,BR-470,60.0,Plena Noite,Crescente,Céu Claro,Simples,Reta,-26.88138,-49.16454,DEL04-SC,Risco Médio,Baixa
segunda-feira,BR-476,344.0,Pleno dia,Decrescente,Céu Claro,Simples,Reta,-26.17435,-50.91488,DEL02-PR,Risco Médio,Baixa
sábado,BR-356,181.0,Plena Noite,Decrescente,Céu Claro,Simples,Reta,-21.65633,-41.05318,DEL08-RJ,Risco Médio,Baixa
sábado,BR-470,155.6,Plena Noite,Crescente,Céu Claro,Simples,Curva,-27.27893,-49.75723,DEL04-SC,Risco Baixo,Baixa
quinta-feira,BR-381,559.9,Plena Noite,Decrescente,Nublado,Dupla,Não Informado,-20.3823,-44.48068,DEL04-MG,Risco Médio,Alta
sábado,BR-40,467.0,Pleno dia,Crescente,Céu Claro,Dupla,Reta,-19.45039,-44.31668,DEL02-MG,Risco Médio,Alta
sábado,BR-101,334.1,Plena Noite,Decrescente,Céu Claro,Simples,Reta,-20.62333,-40.52296,DEL03-ES,Risco Baixo,Alta
sábado,BR-319,62.0,Plena Noite,Crescente,Céu Claro,Dupla,Interseção de vias,-8.755621,-63.88679,DEL01-RO,Risco Médio,Baixa
sábado,BR-277,81.8,Pleno dia,Decrescente,Nublado,Dupla,Reta,-25.46182,-49.21789,DEL01-PR,Risco Médio,Média
sábado,BR-60,39.0,Plena Noite,Crescente,Céu Claro,Simples,Curva,-16.1143,-48.5569,DEL01-DF,Risco Médio,Média
quinta-feira,BR-153,76.0,Plena Noite,Crescente,Chuva,Simples,Curva,-23.56987,-50.1441,DEL07-PR,Risco Médio,Alta
sexta-feira,BR-116,398.5,Pleno dia,Crescente,Nublado,Dupla,Curva,-24.3027,-47.48679,DEL04-SP,Risco Baixo,Alta
quinta-feira,BR-104,45.5,Anoitecer,Decrescente,Nublado,Simples,Curva,-9.245126,-36.01027,DEL01-AL,Risco Médio,Baixa
domingo,BR-70,195.9,Pleno dia,Decrescente,Céu Claro,Simples,Reta,-15.72053,-53.70373,DEL05-MT,Risco Alto,Baixa
terça-feira,BR-476,139.0,Pleno dia,Crescente,Céu Claro,Dupla,Reta,-25.5123,-49.2892,DEL01-PR,Risco Médio,Baixa
quarta-feira,BR-470,3.0,Pleno dia,Decrescente,Céu Claro,Dupla,Não Informado,-26.86722,-48.67643,DEL04-SC,Risco Médio,Baixa
quinta-feira,BR-116,213.0,Plena Noite,Crescente,Céu Claro,Dupla,Curva,-22.69179,-43.78517,DEL01-RJ,Risco Médio,Alta
domingo,BR-381,82.1,Pleno dia,Crescente,Chuva,Dupla,Reta,-23.43256,-46.56924,DEL03-SP,Risco Médio,Alta
quinta-feira,BR-116,117.0,Pleno dia,Decrescente,Céu Claro,Dupla,Reta,-23.05823,-45.6177,DEL06-SP,Risco Médio,Alta
segunda-feira,BR-70,258.8,Pleno dia,Decrescente,Ignorado,Simples,Reta,-15.62192,-54.18175,DEL05-MT,Risco Alto,Baixa
quinta-feira,BR-110,14.8,Pleno dia,Decrescente,Nublado,Simples,Reta,-9.406542,-38.21503,DEL07-BA,Risco Médio,Baixa
sábado,BR-101,915.8,Anoitecer,Decrescente,Céu Claro,Simples,Curva,-17.85435,-39.80098,DEL09-BA,Risco Médio,Alta
domingo,BR-40,321.0,Pleno dia,Decrescente,Chuva,Simples,Curva,-18.52054,-45.07504,DEL14-MG,Risco Médio,Alta
quinta-feira,BR-282,128.2,Pleno dia,Crescente,Céu Claro,Simples,Curva,-27.80392,-49.48779,DEL05-SC,Risco Médio,Baixa
quarta-feira,BR-60,87.5,Pleno dia,Decrescente,Céu Claro,Dupla,Não Informado,-16.32938,-48.88542,DEL02-GO,Risco Médio,Média
sábado,BR-381,572.9,Pleno dia,Crescente,Chuva,Dupla,Reta,-20.45207,-44.56891,DEL04-MG,Risco Médio,Alta
domingo,BR-285,340.4,Plena Noite,Crescente,Nublado,Simples,Não Informado,-28.31865,-52.81903,DEL08-RS,Risco Baixo,Baixa
sábado,BR-116,407.9,Plena Noite,Crescente,Céu Claro,Dupla,Reta,-12.09034,-38.96915,DEL02-BA,Risco Alto,Alta