dia_semana,br,km,fase_dia,sentido_via,condicao_metereologica,tipo_pista,tracado_via,latitude,longitude,delegacia,classificacao_acidente,postos_policiais_PRF
segunda-feira,BR-110,66.0,Pleno dia,Decrescente,Céu Claro,Simples,Curva,-10.02015,-38.32186,DEL07-BA,Risco Baixo,Baixa
sábado,BR-101,35.7,Anoitecer,Crescente,Céu Claro,Simples,Reta,-18.45417,-39.93076,DEL04-ES,Risco Médio,Alta
quarta-feira,BR-230,735.7,Pleno dia,Decrescente,Nublado,Simples,Não Informado,-3.428563,-52.80918,DEL04-PA,Risco Alto,Baixa
segunda-feira,BR-101,267.8,Pleno dia,Decrescente,Nublado,Múltipla,Reta,-20.2085,-40.2696,DEL02-ES,Risco Médio,Alta
terça-feira,BR-174,552.0,Pleno dia,Decrescente,Céu Claro,Simples,Não Informado,-13.11207,-59.88579,DEL04-RO,Risco Médio,Baixa
sexta-feira,BR-116,393.0,Anoitecer,Crescente,Céu Claro,Simples,Reta,-11.96552,-38.97397,DEL02-BA,Risco Médio,Alta
quinta-feira,BR-153,683.4,Pleno dia,Crescente,Céu Claro,Dupla,Reta,-18.2448,-49.254,DEL03-GO,Risco Baixo,Alta
sábado,BR-470,206.6,Pleno dia,Crescente,Céu Claro,Simples,Não Informado,-27.29438,-50.18492,DEL05-SC,Risco Médio,Baixa
terça-feira,BR-101,90.7,Anoitecer,Decrescente,Céu Claro,Dupla,Reta,-8.216128,-34.98773,DEL01-PE,Risco Médio,Alta
quinta-feira,BR-290,61.1,Pleno dia,Crescente,Nublado,Múltipla,Reta,-29.92821,-50.86883,DEL03-RS,Risco Baixo,Baixa
sábado,BR-476,124.0,Plena Noite,Crescente,Sol,Dupla,Desvio Temporário,-25.39984,-49.21585,DEL01-PR,Risco Médio,Baixa
sábado,BR-40,654.2,Plena Noite,Crescente,Céu Claro,Simples,Reta,-20.85738,-43.80282,DEL05-MG,Risco Alto,Alta
domingo,BR-153,426.0,Plena Noite,Crescente,Céu Claro,Dupla,Reta,-16.21317,-49.0173,DEL02-GO,Risco Médio,Alta
sexta-feira,BR-365,651.0,Pleno dia,Crescente,Céu Claro,Dupla,Reta,-18.86755,-48.5682,DEL15-MG,Risco Médio,Média
segunda-feira,BR-116,135.4,Plena Noite,Crescente,Céu Claro,Dupla,Reta,-23.14448,-45.77018,DEL06-SP,Risco Médio,Alta
segunda-feira,BR-101,208.1,Plena Noite,Decrescente,Céu Claro,Múltipla,Reta,-27.60328,-48.63202,DEL01-SC,Risco Médio,Alta
terça-feira,BR-153,335.0,Pleno dia,Crescente,Céu Claro,Simples,Reta,-25.49553,-50.64745,DEL03-PR,Risco Médio,Alta
quarta-feira,BR-101,73.9,Plena Noite,Crescente,Chuva,Dupla,Não Informado,-8.102779,-34.94853,DEL01-PE,Risco Baixo,Alta
domingo,BR-116,555.2,Plena Noite,Crescente,Nublado,Simples,Curva,-20.00911,-42.14328,DEL06-MG,Risco Médio,Alta
domingo,BR-277,676.6,Plena Noite,Crescente,Céu Claro,Dupla,Não Informado,-25.30325,-54.13195,DEL05-PR,Risco Médio,Média
sábado,BR-381,388.0,Plena Noite,Crescente,Céu Claro,Simples,Curva,-19.79643,-43.42415,DEL01-MG,Risco Médio,Alta
domingo,BR-470,57.4,Pleno dia,Crescente,Céu Claro,Simples,Rotatória,-26.88285,-49.14186,DEL04-SC,Risco Médio,Baixa
quinta-feira,BR-101,514.0,Plena Noite,Crescente,Nublado,Simples,Curva,-15.0147,-39.32914,DEL05-BA,Risco Médio,Alta
segunda-feira,BR-158,81.0,Pleno dia,Crescente,Céu Claro,Simples,Reta,-19.56508,-51.24341,DEL08-MS,Risco Médio,Baixa
quinta-feira,BR-242,775.0,Plena Noite,Crescente,Céu Claro,Simples,Reta,-12.15763,-44.6655,DEL10-BA,Risco Médio,Baixa
segunda-feira,BR-116,434.4,Plena Noite,Decrescente,Chuva,Dupla,Reta,-24.48798,-47.84402,DEL05-SP,Risco Médio,Alta
quinta-feira,BR-285,99.0,Plena Noite,Decrescente,Chuva,Simples,Reta,-28.58551,-50.7689,DEL05-RS,Risco Médio,Baixa
sexta-feira,BR-20,241.0,Plena Noite,Crescente,Céu Claro,Simples,Reta,-4.840374,-39.56497,DEL02-CE,Risco Médio,Baixa
terça-feira,BR-230,114.0,Plena Noite,Crescente,Garoa/Chuvisco,Simples,Rotatória,-5.36179,-49.07869,DEL03-PA,Risco Baixo,Baixa
quarta-feira,BR-116,228.1,Plena Noite,Decrescente,Nublado,Múltipla,Não Informado,-23.50327,-46.56658,DEL01-SP,Risco Médio,Alta
domingo,BR-376,623.0,Plena Noite,Decrescente,Nublado,Dupla,Reta,-25.63462,-49.16182,DEL01-PR,Risco Médio,Baixa
domingo,BR-381,435.3,Pleno dia,Decrescente,Sol,Simples,Não Informado,-19.7863,-43.73416,DEL01-MG,Risco Médio,Alta
domingo,BR-101,50.0,Plena Noite,Decrescente,Céu Claro,Simples,Reta,-21.63391,-41.31293,DEL08-RJ,Risco Médio,Alta
sexta-feira,BR-290,686.0,Pleno dia,Decrescente,Céu Claro,Simples,Reta,-29.88491,-56.75225,DEL13-RS,Risco Médio,Baixa
quinta-feira,BR-101,419.0,Pleno dia,Decrescente,Céu Claro,Simples,Reta,-14.12337,-39.36403,DEL05-BA,Risco Alto,Alta
quarta-feira,BR-235,51.0,Plena Noite,Crescente,Céu Claro,Simples,Reta,-10.69837,-37.4335,DEL01-SE,Risco Baixo,Baixa
terça-feira,BR-376,182.7,Pleno dia,Decrescente,Céu Claro,Dupla,Interseção de vias,-23.4352,-51.88156,DEL07-PR,Risco Médio,Baixa
quinta-feira,BR-304,24.2,Plena Noite,Crescente,Céu Claro,Múltipla,Curva,-5.06638,-37.3314,DEL04-RN,Risco Médio,Baixa
domingo,BR-40,580.6,Plena Noite,Decrescente,Céu Claro,Dupla,Curva,-20.30091,-43.93958,DEL01-MG,Risco Médio,Alta
quarta-feira,BR-476,132.0,Plena Noite,Crescente,Nublado,Múltipla,Reta,-25.46072,-49.25049,DEL01-PR,Risco Médio,Baixa
segunda-feira,BR-101,39.0,Pleno dia,Decrescente,Nublado,Simples,Rotatória,-26.29703,-48.88375,DEL03-SC,Risco Médio,Alta
domingo,BR-470,219.0,Pleno dia,Crescente,Céu Claro,Simples,Curva,-29.17909,-51.51856,DEL06-RS,Risco Médio,Baixa
domingo,BR-230,47.5,Plena Noite,Decrescente,Céu Claro,Dupla,Reta,-7.1685,-35.032,DEL01-PB,Risco Baixo,Baixa
segunda-feira,BR-230,15.1,Pleno dia,Crescente,Céu Claro,Dupla,Não Informado,-7.093,-34.8482,DEL01-PB,Risco Médio,Baixa
quinta-feira,BR-50,156.0,Plena Noite,Decrescente,Céu Claro,Dupla,Não Informado,-19.61676,-48.01874,DEL13-MG,Risco Baixo,Média
sábado,BR-116,193.1,Plena Noite,Decrescente,Céu Claro,Simples,Curva,-27.44164,-50.39579,DEL05-SC,Risco Médio,Alta
quinta-feira,BR-369,521.8,Pleno dia,Decrescente,Céu Claro,Simples,Reta,-24.93875,-53.39767,DEL04-PR,Risco Médio,Baixa
sábado,BR-424,91.9,Plena Noite,Crescente,Céu Claro,Simples,Curva,-8.904096,-36.49975,DEL03-PE,Risco Médio,Baixa
quarta-feira,BR-116,377.0,Pleno dia,Crescente,Chuva,Dupla,Reta,-24.19592,-47.36368,DEL04-SP,Risco Médio,Alta
sábado,BR-343,597.0,Plena Noite,Crescente,Céu Claro,Dupla,Não Informado,-6.812184,-43.05624,DEL03-PI,Risco Médio,Baixa
quinta-feira,BR-262,373.9,Plena Noite,Crescente,Chuva,Dupla,Retorno Regulamentado,-19.94332,-44.38455,DEL01-MG,Risco Médio,Média
sexta-feira,BR-470,139.9,Plena Noite,Decrescente,Nublado,Simples,Reta,-27.22606,-49.66616,DEL04-SC,Risco Baixo,Baixa
sábado,BR-101,478.0,Amanhecer,Crescente,Nublado,Simples,Curva,-23.00119,-44.27031,DEL03-RJ,Risco Médio,Alta
quarta-feira,BR-476,262.8,Plena Noite,Crescente,Chuva,Simples,Reta,-25.89401,-50.27101,DEL02-PR,Risco Baixo,Baixa
sexta-feira,BR-429,148.0,Pleno dia,Decrescente,Céu Claro,Simples,Reta,-11.40532,-62.34226,DEL02-RO,Risco Baixo,Baixa
terça-feira,BR-381,811.9,Pleno dia,Crescente,Chuva,Dupla,Curva,-22.05313,-45.69605,DEL16-MG,Risco Médio,Alta
sexta-feira,BR-116,415.0,Pleno dia,Crescente,Céu Claro,Dupla,Reta,-12.15964,-38.96486,DEL02-BA,Risco Médio,Alta
segunda-feira,BR-386,154.0,Pleno dia,Decrescente,Céu Claro,Simples,Não Informado,-28.11408,-52.8566,DEL08-RS,Risco Médio,Média
domingo,BR-104,118.0,Plena Noite,Decrescente,Céu Claro,Simples,Reta,-7.196378,-35.87571,DEL02-PB,Risco Médio,Baixa
terça-feira,BR-116,47.1,Anoitecer,Crescente,Chuva,Dupla,Curva,-25.2147,-48.90102,DEL01-PR,Risco Baixo,Alta
sexta-feira,BR-101,503.0,Pleno dia,Decrescente,Céu Claro,Simples,Interseção de vias,-14.92453,-39.29545,DEL05-BA,Risco Médio,Alta
quinta-feira,BR-402,97.0,Plena Noite,Decrescente,Ignorado,Simples,Reta,-3.069724,-41.27392,DEL05-PI,Risco Baixo,Baixa
quarta-feira,BR-116,243.0,Anoitecer,Decrescente,Chuva,Dupla,Viaduto,-29.72962,-51.14931,DEL01-RS,Risco Baixo,Alta
sábado,BR-70,16.2,Pleno dia,Crescente,Céu Claro,Dupla,Interseção de vias,-15.7956,-48.19559,DEL01-DF,Risco Médio,Baixa
sábado,BR-163,829.0,Pleno dia,Crescente,Céu Claro,Dupla,Interseção de vias,-11.91287,-55.50859,DEL06-MT,Risco Médio,Alta
quarta-feira,BR-116,229.4,Pleno dia,Crescente,Céu Claro,Múltipla,Reta,-23.50876,-46.57274,DEL01-SP,Risco Médio,Alta
segunda-feira,BR-158,40.0,Pleno dia,Decrescente,Céu Claro,Simples,Reta,-16.16418,-52.171,DEL04-GO,Risco Médio,Baixa
quinta-feira,BR-116,138.0,Pleno dia,Decrescente,Céu Claro,Dupla,Reta,-22.64697,-43.19165,DEL02-RJ,Risco Médio,Alta
terça-feira,BR-316,270.6,Anoitecer,Crescente,Céu Claro,Simples,Reta,-9.571656,-35.82411,DEL02-AL,Risco Médio,Baixa
quarta-feira,BR-101,384.5,Plena Noite,Crescente,Céu Claro,Simples,Curva,-20.83372,-40.86198,DEL03-ES,Risco Alto,Alta
quinta-feira,BR-232,175.3,Plena Noite,Crescente,Céu Claro,Simples,Reta,-8.342776,-36.38993,DEL03-PE,Risco Médio,Baixa
sexta-feira,BR-116,460.0,Plena Noite,Decrescente,Ignorado,Simples,Curva,-7.200023,-38.80543,DEL05-CE,Risco Baixo,Alta
quinta-feira,BR-324,623.0,Anoitecer,Decrescente,Céu Claro,Simples,Reta,-12.93457,-38.47202,DEL01-BA,Risco Médio,Baixa
quarta-feira,BR-116,47.0,Pleno dia,Decrescente,Garoa/Chuvisco,Dupla,Curva,-25.21062,-48.89722,DEL01-PR,Risco Baixo,Alta
sexta-feira,BR-116,222.0,Pleno dia,Crescente,Céu Claro,Múltipla,Curva,-17.29991,-41.51729,DEL11-MG,Risco Médio,Alta
domingo,BR-381,862.9,Pleno dia,Crescente,Chuva,Dupla,Reta,-22.37453,-45.9395,DEL16-MG,Risco Baixo,Alta
sábado,BR-116,323.5,Plena Noite,Decrescente,Céu Claro,Dupla,Reta,-22.48888,-44.5527,DEL07-RJ,Risco Alto,Alta
domingo,BR-101,211.2,Plena Noite,Crescente,Céu Claro,Múltipla,Reta,-27.62329,-48.65246,DEL01-SC,Risco Baixo,Alta
segunda-feira,BR-277,656.2,Pleno dia,Decrescente,Céu Claro,Dupla,Reta,-25.23424,-53.96184,DEL05-PR,Risco Médio,Média
quinta-feira,BR-272,541.0,Pleno dia,Decrescente,Céu Claro,Simples,Curva,-24.07459,-53.97544,DEL06-PR,Risco Baixo,Baixa
sábado,BR-459,93.3,Plena Noite,Crescente,Céu Claro,Simples,Reta,-22.17944,-45.99504,DEL09-MG,Risco Médio,Baixa
sábado,BR-381,850.1,Pleno dia,Decrescente,Céu Claro,Dupla,Reta,-22.27869,-45.89472,DEL16-MG,Risco Médio,Alta
sexta-feira,BR-230,120.8,Pleno dia,Crescente,Céu Claro,Dupla,Reta,-5.363715,-49.12474,DEL03-PA,Risco Médio,Baixa
terça-feira,BR-101,50.0,Pleno dia,Crescente,Céu Claro,Múltipla,Reta,-7.9071,-34.9022,DEL01-PE,Risco Baixo,Alta
quarta-feira,BR-135,492.0,Pleno dia,Decrescente,Céu Claro,Simples,Curva,-9.734967,-45.19473,DEL03-PI,Risco Médio,Baixa
segunda-feira,BR-101,30.5,Pleno dia,Crescente,Sol,Simples,Reta,-10.44545,-36.93658,DEL02-SE,Risco Médio,Alta
segunda-feira,BR-324,559.0,Pleno dia,Crescente,Nublado,Dupla,Reta,-12.4945,-38.6511,DEL01-BA,Risco Médio,Baixa
domingo,BR-163,543.9,Pleno dia,Decrescente,Céu Claro,Simples,Reta,-19.96316,-54.3788,DEL01-MS,Risco Médio,Alta
sexta-feira,BR-20,3.0,Pleno dia,Decrescente,Nublado,Simples,Reta,-15.56905,-47.31827,DEL02-DF,Risco Médio,Baixa
quinta-feira,BR-153,53.6,Pleno dia,Decrescente,Sol,Simples,Não Informado,-26.92918,-51.81172,DEL07-SC,Risco Médio,Alta
sábado,BR-381,776.1,Pleno dia,Decrescente,Nublado,Dupla,Curva,-21.79854,-45.46083,DEL16-MG,Risco Baixo,Alta
sexta-feira,BR-262,61.0,Plena Noite,Decrescente,Céu Claro,Simples,Reta,-20.71088,-52.15664,DEL07-MS,Risco Alto,Média
domingo,BR-277,348.0,Pleno dia,Crescente,Céu Claro,Simples,Reta,-25.33928,-51.4288,DEL08-PR,Risco Médio,Média
terça-feira,BR-101,22.3,Anoitecer,Decrescente,Nublado,Dupla,Retorno Regulamentado,-29.44149,-49.90322,DEL03-RS,Risco Médio,Alta
quarta-feira,BR-101,47.0,Anoitecer,Decrescente,Céu Claro,Dupla,Reta,-26.36926,-48.85721,DEL03-SC,Risco Médio,Alta
sábado,BR-364,379.6,Pleno dia,Decrescente,Céu Claro,Simples,Reta,-10.73343,-62.22859,DEL02-RO,Risco Médio,Alta
domingo,BR-381,333.0,Pleno dia,Decrescente,Céu Claro,Simples,Não Informado,-19.78421,-43.04428,DEL03-MG,Risco Médio,Alta
segunda-feira,BR-381,494.0,Pleno dia,Crescente,Sol,Dupla,Reta,-19.9731,-44.1843,DEL01-MG,Risco Médio,Alta
quinta-feira,BR-116,530.0,Plena Noite,Decrescente,Céu Claro,Simples,Reta,-12.72182,-39.76161,DEL03-BA,Risco Baixo,Alta
sexta-feira,BR-153,24.0,Amanhecer,Crescente,Céu Claro,Simples,Não Informado,-23.18366,-49.98245,DEL07-PR,Risco Baixo,Alta
terça-feira,BR-277,1.0,Anoitecer,Decrescente,Garoa/Chuvisco,Simples,Reta,-25.51276,-48.52084,DEL01-PR,Risco Médio,Média
quinta-feira,BR-277,39.2,Plena Noite,Decrescente,Nevoeiro/Neblina,Dupla,Não Informado,-25.47742,-48.83487,DEL01-PR,Risco Médio,Média
domingo,BR-376,590.0,Plena Noite,Crescente,Nublado,Múltipla,Reta,-25.45156,-49.36238,DEL01-PR,Risco Médio,Baixa
quarta-feira,BR-435,27.5,Plena Noite,Decrescente,Céu Claro,Simples,Reta,-12.7869,-60.35151,DEL04-RO,Risco Médio,Baixa
quinta-feira,BR-101,399.0,Plena Noite,Decrescente,Céu Claro,Dupla,Reta,-22.85922,-43.75891,DEL01-RJ,Risco Médio,Alta
quarta-feira,BR-287,390.0,Amanhecer,Decrescente,Nublado,Simples,Reta,-29.23776,-54.83457,DEL12-RS,Risco Médio,Baixa
sexta-feira,BR-476,277.0,Plena Noite,Crescente,Nublado,Dupla,Reta,-25.87505,-50.39092,DEL02-PR,Risco Médio,Baixa
terça-feira,BR-153,79.8,Plena Noite,Crescente,Céu Claro,Simples,Não Informado,-19.05689,-49.01002,DEL15-MG,Risco Médio,Alta
terça-feira,BR-459,26.0,Anoitecer,Decrescente,Nublado,Simples,Curva,-21.9072,-46.3801,DEL09-MG,Risco Médio,Baixa
sexta-feira,BR-116,184.0,Anoitecer,Decrescente,Céu Claro,Dupla,Reta,-22.74647,-43.44594,DEL01-RJ,Risco Alto,Alta
domingo,BR-101,73.7,Plena Noite,Decrescente,Céu Claro,Dupla,Reta,-8.093369,-34.94746,DEL01-PE,Risco Alto,Alta
sexta-feira,BR-163,55.3,Plena Noite,Decrescente,Nublado,Dupla,Reta,-16.88991,-54.71775,DEL02-MT,Risco Médio,Alta
domingo,BR-373,396.9,Amanhecer,Crescente,Nublado,Simples,Reta,-25.55225,-52.03038,DEL03-PR,Risco Alto,Baixa
quarta-feira,BR-235,423.8,Pleno dia,Crescente,Céu Claro,Simples,Reta,-9.27234,-41.25725,DEL04-BA,Risco Médio,Baixa
terça-feira,BR-116,158.0,Pleno dia,Decrescente,Sol,Simples,Curva,-23.26154,-45.95279,DEL02-SP,Risco Médio,Alta
quinta-feira,BR-101,457.0,Amanhecer,Decrescente,Chuva,Simples,Curva,-21.13817,-41.6746,DEL03-RJ,Risco Médio,Alta
domingo,BR-262,425.8,Plena Noite,Decrescente,Céu Claro,Dupla,Curva,-19.88925,-44.82451,DEL08-MG,Risco Alto,Média
quarta-feira,BR-10,304.0,Pleno dia,Crescente,Céu Claro,Simples,Não Informado,-5.07388,-47.55898,DEL04-MA,Risco Médio,Baixa
sábado,BR-235,9.5,Pleno dia,Crescente,Céu Claro,Simples,Interseção de vias,-10.88359,-37.13908,DEL01-SE,Risco Baixo,Baixa
quarta-feira,BR-423,60.9,Plena Noite,Decrescente,Chuva,Simples,Reta,-9.290219,-37.81743,DEL03-AL,Risco Baixo,Baixa
segunda-feira,BR-116,317.0,Plena Noite,Decrescente,Céu Claro,Simples,Reta,-18.1289,-41.6949,DEL11-MG,Risco Médio,Alta
domingo,BR-282,395.0,Pleno dia,Decrescente,Céu Claro,Simples,Curva,-27.15689,-51.59208,DEL07-SC,Risco Baixo,Baixa
sábado,BR-262,542.0,Amanhecer,Crescente,Céu Claro,Simples,Curva,-20.30974,-56.24699,DEL03-MS,Risco Médio,Média
quarta-feira,BR-153,173.7,Plena Noite,Crescente,Ignorado,Simples,Reta,-21.62572,-49.78722,DEL07-SP,Risco Baixo,Alta
segunda-feira,BR-376,184.0,Pleno dia,Decrescente,Céu Claro,Dupla,Reta,-23.44656,-51.86217,DEL09-PR,Risco Médio,Baixa
domingo,BR-40,5.0,Anoitecer,Decrescente,Céu Claro,Dupla,Reta,-16.09313,-47.98224,DEL01-DF,Risco Médio,Alta
sábado,BR-101,27.4,Plena Noite,Crescente,Vento,Simples,Reta,-21.444,-41.34304,DEL08-RJ,Risco Alto,Alta
quinta-feira,BR-101,139.0,Plena Noite,Decrescente,Céu Claro,Dupla,Reta,-27.02982,-48.60115,DEL04-SC,Risco Médio,Alta
terça-feira,BR-287,398.8,Pleno dia,Decrescente,Céu Claro,Simples,Reta,-29.17084,-54.85931,DEL12-RS,Risco Médio,Baixa
sexta-feira,BR-101,335.6,Pleno dia,Crescente,Nublado,Múltipla,Reta,-28.46927,-49.01558,DEL02-SC,Risco Médio,Alta
domingo,BR-60,16.0,Pleno dia,Crescente,Céu Claro,Dupla,Retorno Regulamentado,-15.95312,-48.17488,DEL01-DF,Risco Baixo,Média
quinta-feira,BR-116,531.0,Pleno dia,Decrescente,Céu Claro,Simples,Reta,-12.72405,-39.77034,DEL03-BA,Risco Médio,Alta
segunda-feira,BR-405,87.8,Pleno dia,Decrescente,Céu Claro,Simples,Reta,-5.737877,-37.83387,DEL04-RN,Risco Médio,Baixa
sábado,BR-376,163.0,Plena Noite,Crescente,Céu Claro,Dupla,Desvio Temporário,-23.38151,-52.0348,DEL09-PR,Risco Médio,Baixa
sexta-feira,BR-277,102.5,Pleno dia,Crescente,Céu Claro,Dupla,Reta,-25.51409,-49.33727,DEL01-PR,Risco Médio,Média
quarta-feira,BR-163,1103.0,Pleno dia,Crescente,Sol,Simples,Não Informado,-9.6594,-54.8801,DEL06-MT,Risco Baixo,Alta
quinta-feira,BR-393,253.0,Plena Noite,Crescente,Céu Claro,Simples,Reta,-22.45276,-43.81803,DEL05-RJ,Risco Médio,Média
segunda-feira,BR-40,77.0,Pleno dia,Crescente,Chuva,Simples,Curva,-22.4808,-43.2346,DEL06-RJ,Risco Médio,Alta
segunda-feira,BR-476,136.4,Pleno dia,Crescente,Sol,Múltipla,Reta,-25.49304,-49.2734,DEL01-PR,Risco Médio,Baixa
domingo,BR-40,249.8,Plena Noite,Decrescente,Nublado,Simples,Desvio Temporário,-18.12049,-45.452,DEL14-MG,Risco Médio,Alta
quinta-feira,BR-304,139.6,Plena Noite,Crescente,Céu Claro,Simples,Reta,-5.66674,-36.68016,DEL04-RN,Risco Médio,Baixa
sexta-feira,BR-101,269.3,Pleno dia,Crescente,Céu Claro,Múltipla,Interseção de vias,-20.12909,-40.30812,DEL02-ES,Risco Médio,Alta
sexta-feira,BR-116,127.0,Pleno dia,Decrescente,Céu Claro,Simples,Reta,-22.66137,-43.09296,DEL04-RJ,Risco Baixo,Alta
sexta-feira,BR-262,405.7,Plena Noite,Crescente,Nublado,Simples,Reta,-20.43018,-55.06754,DEL01-MS,Risco Médio,Média
quinta-feira,BR-304,46.8,Pleno dia,Crescente,Céu Claro,Dupla,Reta,-4.5751,-37.79824,DEL03-CE,Risco Médio,Baixa
domingo,BR-222,311.0,Plena Noite,Decrescente,Céu Claro,Dupla,Reta,-3.711973,-40.98436,DEL04-CE,Risco Médio,Baixa
quinta-feira,BR-163,80.1,Plena Noite,Crescente,Céu Claro,Simples,Não Informado,-25.7546,-53.80005,DEL02-PR,Risco Baixo,Alta
sábado,BR-376,643.2,Plena Noite,Decrescente,Céu Claro,Dupla,Reta,-25.80582,-49.13523,DEL01-PR,Risco Baixo,Baixa
quarta-feira,BR-135,19.2,Plena Noite,Decrescente,Céu Claro,Simples,Curva,-2.565823,-44.32056,DEL01-MA,Risco Alto,Baixa
segunda-feira,BR-50,136.0,Plena Noite,Crescente,Céu Claro,Dupla,Reta,-19.44189,-48.06413,DEL13-MG,Risco Médio,Média
sexta-feira,BR-262,33.5,Anoitecer,Decrescente,Garoa/Chuvisco,Simples,Curva,-20.38492,-40.65726,DEL01-ES,Risco Médio,Média
terça-feira,BR-116,567.2,Pleno dia,Crescente,Chuva,Simples,Reta,-20.10776,-42.17646,DEL06-MG,Risco Médio,Alta
quarta-feira,BR-163,374.7,Pleno dia,Crescente,Garoa/Chuvisco,Simples,Reta,-21.39333,-54.4078,DEL02-MS,Risco Médio,Alta
domingo,BR-163,737.0,Pleno dia,Decrescente,Sol,Simples,Reta,-18.45275,-54.70771,DEL06-MS,Risco Médio,Alta
terça-feira,BR-101,214.0,Pleno dia,Decrescente,Chuva,Dupla,Reta,-27.652,-48.676,DEL01-SC,Risco Médio,Alta
terça-feira,BR-476,131.7,Pleno dia,Crescente,Céu Claro,Dupla,Reta,-25.45795,-49.2497,DEL01-PR,Risco Médio,Baixa
quinta-feira,BR-290,102.0,Pleno dia,Decrescente,Céu Claro,Dupla,Reta,-29.98723,-51.25613,DEL01-RS,Risco Médio,Baixa
quarta-feira,BR-40,111.0,Pleno dia,Crescente,Céu Claro,Múltipla,Não Informado,-22.69187,-43.28745,DEL01-RJ,Risco Médio,Alta
quarta-feira,BR-392,77.0,Pleno dia,Decrescente,Céu Claro,Simples,Reta,-31.69231,-52.42949,DEL07-RS,Risco Médio,Média
terça-feira,BR-376,658.0,Plena Noite,Decrescente,Céu Claro,Dupla,Curva,-25.8514,-49.0197,DEL01-PR,Risco Baixo,Baixa
sábado,BR-408,74.0,Pleno dia,Decrescente,Céu Claro,Múltipla,Reta,-7.897017,-35.17301,DEL01-PE,Risco Médio,Baixa
terça-feira,BR-101,207.8,Plena Noite,Decrescente,Nublado,Múltipla,Reta,-27.60001,-48.62265,DEL01-SC,Risco Médio,Alta
segunda-feira,BR-285,298.2,Pleno dia,Decrescente,Sol,Simples,Reta,-28.23641,-52.42347,DEL08-RS,Risco Médio,Baixa
sábado,BR-369,174.2,Pleno dia,Decrescente,Nublado,Simples,Interseção de vias,-23.31718,-51.37784,DEL07-PR,Risco Médio,Baixa
segunda-feira,BR-262,33.9,Pleno dia,Decrescente,Nublado,Simples,Curva,-20.25551,-42.00465,DEL06-MG,Risco Médio,Média
segunda-feira,BR-222,245.0,Pleno dia,Decrescente,Céu Claro,Simples,Reta,-5.355886,-49.07942,DEL03-PA,Risco Médio,Baixa
sexta-feira,BR-101,147.1,Pleno dia,Crescente,Céu Claro,Simples,Interseção de vias,-19.37887,-40.06658,DEL04-ES,Risco Médio,Alta
segunda-feira,BR-476,154.0,Plena Noite,Decrescente,Chuva,Dupla,Reta,-25.58422,-49.40138,DEL01-PR,Risco Médio,Baixa
sábado,BR-20,29.0,Pleno dia,Crescente,Céu Claro,Dupla,Reta,-15.59624,-47.60669,DEL02-DF,Risco Médio,Baixa
terça-feira,BR-222,15.7,Plena Noite,Decrescente,Céu Claro,Simples,Reta,-3.760132,-38.69513,DEL01-CE,Risco Médio,Baixa
sábado,BR-282,604.0,Pleno dia,Crescente,Céu Claro,Simples,Não Informado,-26.79552,-53.19297,DEL07-SC,Risco Médio,Baixa
sábado,BR-381,194.8,Pleno dia,Crescente,Céu Claro,Simples,Reta,-19.11008,-42.203,DEL06-MG,Risco Médio,Alta
segunda-feira,BR-101,335.0,Pleno dia,Decrescente,Céu Claro,Múltipla,Reta,-28.46927,-49.01558,DEL02-SC,Risco Médio,Alta
segunda-feira,BR-101,89.7,Anoitecer,Decrescente,Nublado,Simples,Reta,-26.6689,-48.6897,DEL03-SC,Risco Médio,Alta
segunda-feira,BR-135,390.0,Plena Noite,Decrescente,Céu Claro,Simples,Reta,-9.3334,-44.5212,DEL03-PI,Risco Baixo,Baixa
domingo,BR-50,71.0,Pleno dia,Crescente,Sol,Dupla,Reta,-18.8514,-48.25346,DEL15-MG,Risco Médio,Média
segunda-feira,BR-116,194.0,Plena Noite,Decrescente,Chuva,Dupla,Reta,-22.729,-43.62994,DEL01-RJ,Risco Baixo,Alta
segunda-feira,BR-116,265.0,Pleno dia,Crescente,Céu Claro,Múltipla,Reta,-29.92341,-51.17781,DEL01-RS,Risco Médio,Alta
domingo,BR-230,478.0,Anoitecer,Crescente,Chuva,Simples,Reta,-6.8435,-38.34103,DEL03-PB,Risco Médio,Baixa
segunda-feira,BR-101,225.8,Pleno dia,Crescente,Céu Claro,Simples,Reta,-19.89291,-40.4123,DEL02-ES,Risco Médio,Alta
quinta-feira,BR-70,19.0,Pleno dia,Decrescente,Nublado,Dupla,Reta,-15.78887,-48.22024,DEL01-DF,Risco Médio,Baixa
domingo,BR-262,365.0,Plena Noite,Crescente,Nublado,Dupla,Reta,-19.9747,-44.3232,DEL01-MG,Risco Médio,Média
terça-feira,BR-381,365.0,Plena Noite,Crescente,Céu Claro,Simples,Não Informado,-19.85465,-43.26107,DEL03-MG,Risco Médio,Alta
segunda-feira,BR-381,40.8,Pleno dia,Decrescente,Céu Claro,Dupla,Não Informado,-23.12997,-46.57676,DEL03-SP,Risco Médio,Alta
sexta-feira,BR-476,124.0,Plena Noite,Decrescente,Céu Claro,Dupla,Reta,-25.39984,-49.21585,DEL01-PR,Risco Baixo,Baixa