dia_semana,br,km,fase_dia,sentido_via,condicao_metereologica,tipo_pista,tracado_via,latitude,longitude,delegacia,classificacao_acidente,postos_policiais_PRF
sexta-feira,BR-101,48.7,Plena Noite,Crescente,Céu Claro,Múltipla,Não Informado,-7.891747,-34.90335,DEL01-PE,Risco Baixo,Alta
quarta-feira,BR-163,1104.0,Amanhecer,Decrescente,Nublado,Simples,Não Informado,-9.648234,-54.87236,DEL06-MT,Risco Alto,Alta
sábado,BR-364,694.0,Pleno dia,Decrescente,Sol,Dupla,Não Informado,-8.799108,-63.71743,DEL01-RO,Risco Médio,Alta
terça-feira,BR-20,405.2,Amanhecer,Decrescente,Céu Claro,Simples,Reta,-3.771881,-38.67381,DEL01-CE,Risco Médio,Baixa
sábado,BR-163,257.0,Plena Noite,Decrescente,Céu Claro,Dupla,Reta,-22.25888,-54.79382,DEL04-MS,Risco Alto,Alta
domingo,BR-101,234.5,Plena Noite,Decrescente,Céu Claro,Simples,Curva,-19.96974,-40.40766,DEL02-ES,Risco Médio,Alta
domingo,BR-10,71.7,Pleno dia,Crescente,Ignorado,Simples,Desvio Temporário,-3.826521,-47.51349,DEL02-PA,Risco Médio,Baixa
terça-feira,BR-116,33.0,Plena Noite,Crescente,Céu Claro,Dupla,Não Informado,-25.10682,-48.84932,DEL01-PR,Risco Médio,Alta
quinta-feira,BR-386,414.1,Plena Noite,Decrescente,Céu Claro,Simples,Reta,-29.81624,-51.48334,DEL04-RS,Risco Médio,Média
segunda-feira,BR-230,89.8,Pleno dia,Decrescente,Céu Claro,Simples,Curva,-6.492675,-43.71066,DEL03-PI,Risco Médio,Baixa
quinta-feira,BR-101,41.9,Pleno dia,Crescente,Céu Claro,Múltipla,Reta,-7.830383,-34.91427,DEL01-PE,Risco Médio,Alta
quinta-feira,BR-104,90.0,Plena Noite,Crescente,Céu Claro,Simples,Reta,-9.478767,-35.85363,DEL01-AL,Risco Médio,Baixa
quarta-feira,BR-101,391.6,Pleno dia,Decrescente,Nublado,Múltipla,Reta,-28.80005,-49.36283,DEL02-SC,Risco Médio,Alta
quinta-feira,BR-376,2.9,Pleno dia,Decrescente,Céu Claro,Simples,Curva,-23.56068,-51.43457,DEL07-PR,Risco Médio,Baixa
quinta-feira,BR-101,409.0,Plena Noite,Crescente,Céu Claro,Simples,Reta,-20.89643,-41.04527,DEL03-ES,Risco Alto,Alta
segunda-feira,BR-262,759.0,Plena Noite,Decrescente,Garoa/Chuvisco,Simples,Reta,-19.66389,-47.59211,DEL13-MG,Risco Médio,Média
terça-feira,BR-381,487.6,Pleno dia,Crescente,Nublado,Dupla,Desvio Temporário,-19.95773,-44.12063,DEL01-MG,Risco Médio,Alta
sábado,BR-70,283.0,Plena Noite,Decrescente,Céu Claro,Simples,Reta,-15.57542,-54.3481,DEL05-MT,Risco Alto,Baixa
terça-feira,BR-459,31.0,Pleno dia,Decrescente,Céu Claro,Simples,Curva,-21.94317,-46.34891,DEL09-MG,Risco Médio,Baixa
sábado,BR-324,618.0,Pleno dia,Decrescente,Céu Claro,Dupla,Reta,-12.89111,-38.44537,DEL01-BA,Risco Médio,Baixa
terça-feira,BR-277,329.0,Pleno dia,Decrescente,Céu Claro,Simples,Reta,-25.37464,-51.29879,DEL08-PR,Risco Médio,Média
terça-feira,BR-116,304.0,Plena Noite,Crescente,Céu Claro,Dupla,Não Informado,-23.83515,-46.92964,DEL04-SP,Risco Médio,Alta
quinta-feira,BR-101,212.1,Pleno dia,Decrescente,Nublado,Simples,Reta,-27.6372,-48.6651,DEL01-SC,Risco Médio,Alta
sábado,BR-163,664.0,Pleno dia,Crescente,Nublado,Múltipla,Reta,-13.2657,-56.0226,DEL06-MT,Risco Baixo,Alta
sexta-feira,BR-280,71.6,Pleno dia,Crescente,Nublado,Simples,Não Informado,-26.46152,-49.13481,DEL03-SC,Risco Médio,Baixa
quarta-feira,BR-116,526.3,Pleno dia,Decrescente,Céu Claro,Simples,Reta,-19.77654,-42.13328,DEL06-MG,Risco Médio,Alta
segunda-feira,BR-230,522.0,Pleno dia,Crescente,Céu Claro,Simples,Reta,-7.41042,-47.01755,DEL05-MA,Risco Alto,Baixa
segunda-feira,BR-232,182.0,Pleno dia,Decrescente,Céu Claro,Simples,Reta,-8.348325,-36.44791,DEL02-PE,Risco Médio,Baixa
terça-feira,BR-282,5.2,Plena Noite,Decrescente,Nublado,Múltipla,Curva,-27.58843,-48.61292,DEL01-SC,Risco Médio,Baixa
quinta-feira,BR-101,127.5,Pleno dia,Decrescente,Céu Claro,Dupla,Reta,-26.96393,-48.68328,DEL04-SC,Risco Médio,Alta
domingo,BR-316,7.0,Plena Noite,Decrescente,Céu Claro,Dupla,Não Informado,-5.155846,-42.77173,DEL01-PI,Risco Médio,Baixa
terça-feira,BR-101,43.9,Plena Noite,Crescente,Céu Claro,Múltipla,Não Informado,-7.855367,-34.90887,DEL01-PE,Risco Médio,Alta
sexta-feira,BR-116,306.0,Pleno dia,Crescente,Céu Claro,Dupla,Reta,-22.45646,-44.40259,DEL07-RJ,Risco Baixo,Alta
domingo,BR-101,48.3,Pleno dia,Crescente,Chuva,Dupla,Reta,-10.58662,-36.97002,DEL02-SE,Risco Médio,Alta
terça-feira,BR-267,74.9,Pleno dia,Decrescente,Céu Claro,Simples,Curva,-21.75717,-43.1653,DEL05-MG,Risco Médio,Baixa
sábado,BR-101,115.0,Amanhecer,Crescente,Céu Claro,Dupla,Reta,-26.87191,-48.72876,DEL04-SC,Risco Médio,Alta
sábado,BR-406,156.0,Amanhecer,Crescente,Céu Claro,Simples,Reta,-5.686212,-35.39389,DEL02-RN,Risco Médio,Baixa
quinta-feira,BR-116,109.0,Plena Noite,Crescente,Nublado,Dupla,Reta,-25.5714,-49.20749,DEL01-PR,Risco Baixo,Alta
terça-feira,BR-290,103.4,Amanhecer,Decrescente,Céu Claro,Dupla,Ponte,-29.99017,-51.26577,DEL02-RS,Risco Médio,Baixa
domingo,BR-365,756.3,Plena Noite,Crescente,Céu Claro,Simples,Reta,-18.95717,-49.46958,DEL15-MG,Risco Médio,Média
sábado,BR-116,137.0,Pleno dia,Decrescente,Céu Claro,Dupla,Interseção de vias,-22.64832,-43.22908,DEL04-RJ,Risco Médio,Alta
segunda-feira,BR-20,36.2,Plena Noite,Crescente,Céu Claro,Dupla,Reta,-15.58192,-47.54802,DEL02-DF,Risco Alto,Baixa
sexta-feira,BR-414,439.0,Plena Noite,Crescente,Nublado,Simples,Reta,-16.27659,-48.94143,DEL02-GO,Risco Médio,Baixa
domingo,BR-476,244.0,Pleno dia,Crescente,Sol,Simples,Curva,-25.85912,-50.10313,DEL02-PR,Risco Médio,Baixa
sábado,BR-470,194.0,Pleno dia,Crescente,Nublado,Simples,Não Informado,-29.0503,-51.57387,DEL06-RS,Risco Médio,Baixa
sexta-feira,BR-116,148.5,Plena Noite,Decrescente,Céu Claro,Múltipla,Não Informado,-23.20195,-45.8809,DEL02-SP,Risco Médio,Alta
domingo,BR-101,88.8,Plena Noite,Crescente,Nublado,Simples,Reta,-26.6597,-48.6883,DEL03-SC,Risco Médio,Alta
sábado,BR-230,629.0,Plena Noite,Crescente,Céu Claro,Simples,Reta,-3.172735,-52.1537,DEL04-PA,Risco Médio,Baixa
quinta-feira,BR-459,101.4,Pleno dia,Decrescente,Chuva,Dupla,Curva,-22.22055,-45.91345,DEL16-MG,Risco Médio,Baixa
sábado,BR-470,19.9,Plena Noite,Decrescente,Céu Claro,Simples,Não Informado,-26.863,-48.8144,DEL04-SC,Risco Médio,Baixa
terça-feira,BR-60,426.0,Pleno dia,Decrescente,Sol,Dupla,Reta,-17.8145,-51.2842,DEL04-GO,Risco Médio,Média
domingo,BR-316,420.7,Plena Noite,Crescente,Nublado,Simples,Reta,-4.351473,-44.37144,DEL03-MA,Risco Baixo,Baixa
sexta-feira,BR-222,76.8,Pleno dia,Crescente,Nublado,Simples,Reta,-3.680632,-39.25415,DEL04-CE,Risco Baixo,Baixa
terça-feira,BR-163,259.4,Plena Noite,Crescente,Céu Claro,Dupla,Reta,-22.24945,-54.77469,DEL04-MS,Risco Alto,Alta
quarta-feira,BR-262,239.9,Pleno dia,Crescente,Céu Claro,Simples,Reta,-20.45522,-53.73688,DEL01-MS,Risco Médio,Média
domingo,BR-40,14.7,Pleno dia,Decrescente,Céu Claro,Dupla,Não Informado,-16.15875,-47.93314,DEL01-DF,Risco Médio,Alta
domingo,BR-101,83.8,Pleno dia,Decrescente,Céu Claro,Dupla,Reta,-7.13377,-34.92964,DEL01-PB,Risco Alto,Alta
domingo,BR-407,1.8,Anoitecer,Crescente,Garoa/Chuvisco,Simples,Rotatória,-9.418476,-40.50726,DEL06-PE,Risco Médio,Baixa
quinta-feira,BR-20,3.0,Plena Noite,Decrescente,Céu Claro,Dupla,Reta,-15.67985,-47.83221,DEL02-DF,Risco Baixo,Baixa
sexta-feira,BR-101,245.7,Pleno dia,Decrescente,Chuva,Dupla,Reta,-27.90796,-48.64945,DEL02-SC,Risco Baixo,Alta
sexta-feira,BR-267,242.0,Pleno dia,Decrescente,Céu Claro,Simples,Não Informado,-21.91991,-44.42208,DEL17-MG,Risco Médio,Baixa
sexta-feira,BR-163,832.7,Pleno dia,Crescente,Céu Claro,Dupla,Retorno Regulamentado,-11.88264,-55.50048,DEL06-MT,Risco Alto,Alta
quinta-feira,BR-316,104.0,Plena Noite,Decrescente,Chuva,Simples,Reta,-9.386103,-37.06235,DEL03-AL,Risco Médio,Baixa
quinta-feira,BR-381,687.7,Pleno dia,Decrescente,Céu Claro,Dupla,Não Informado,-21.20874,-45.12333,DEL04-MG,Risco Médio,Alta
domingo,BR-101,896.0,Pleno dia,Decrescente,Chuva,Simples,Curva,-17.75493,-39.7696,DEL09-BA,Risco Médio,Alta
quarta-feira,BR-365,5.6,Pleno dia,Crescente,Chuva,Simples,Não Informado,-16.74574,-43.88392,DEL12-MG,Risco Médio,Média
sábado,BR-158,513.0,Pleno dia,Decrescente,Ignorado,Simples,Reta,-26.05885,-52.62941,DEL02-PR,Risco Médio,Baixa
sexta-feira,BR-20,3.1,Pleno dia,Decrescente,Céu Claro,Múltipla,Não Informado,-15.67985,-47.83221,DEL02-DF,Risco Médio,Baixa
segunda-feira,BR-116,111.0,Amanhecer,Decrescente,Céu Claro,Dupla,Reta,-22.55838,-42.99482,DEL02-RJ,Risco Médio,Alta
quinta-feira,BR-60,171.9,Plena Noite,Crescente,Céu Claro,Dupla,Não Informado,-16.7333,-49.3996,DEL01-GO,Risco Médio,Média
quinta-feira,BR-101,60.0,Plena Noite,Decrescente,Céu Claro,Simples,Retorno Regulamentado,-21.72048,-41.31449,DEL08-RJ,Risco Baixo,Alta
segunda-feira,BR-40,519.0,Pleno dia,Decrescente,Céu Claro,Dupla,Reta,-19.83958,-44.07684,DEL01-MG,Risco Médio,Alta
quinta-feira,BR-101,42.3,Pleno dia,Decrescente,Céu Claro,Múltipla,Reta,-7.838874,-34.91197,DEL01-PE,Risco Baixo,Alta
sábado,BR-101,45.5,Pleno dia,Crescente,Nublado,Simples,Reta,-23.41779,-45.06788,DEL06-SP,Risco Médio,Alta
domingo,BR-343,301.0,Pleno dia,Decrescente,Céu Claro,Simples,Curva,-5.009246,-42.41998,DEL01-PI,Risco Médio,Baixa
terça-feira,BR-116,170.9,Pleno dia,Crescente,Chuva,Simples,Curva,-27.19909,-50.46573,DEL05-SC,Risco Médio,Alta
sábado,BR-101,85.0,Plena Noite,Decrescente,Nublado,Simples,Reta,-18.86222,-39.93721,DEL04-ES,Risco Médio,Alta
segunda-feira,BR-101,4.5,Pleno dia,Crescente,Chuva,Simples,Reta,-21.25155,-41.32615,DEL08-RJ,Risco Médio,Alta
terça-feira,BR-135,131.6,Pleno dia,Crescente,Sol,Simples,Reta,-3.560108,-44.58623,DEL01-MA,Risco Médio,Baixa
domingo,BR-476,152.1,Amanhecer,Crescente,Céu Claro,Simples,Desvio Temporário,-25.57028,-49.38533,DEL01-PR,Risco Médio,Baixa
sexta-feira,BR-316,5.0,Plena Noite,Decrescente,Chuva,Dupla,Reta,-5.141699,-42.78157,DEL01-PI,Risco Médio,Baixa
terça-feira,BR-364,236.8,Plena Noite,Decrescente,Nublado,Simples,Não Informado,-11.44397,-61.44529,DEL02-RO,Risco Alto,Alta
segunda-feira,BR-60,5.7,Pleno dia,Decrescente,Céu Claro,Dupla,Reta,-15.89767,-48.11103,DEL01-DF,Risco Médio,Média
domingo,BR-304,303.3,Plena Noite,Crescente,Céu Claro,Dupla,Reta,-5.88191,-35.29075,DEL01-RN,Risco Baixo,Baixa
sexta-feira,BR-101,215.0,Plena Noite,Decrescente,Céu Claro,Dupla,Reta,-27.6519,-48.6761,DEL01-SC,Risco Médio,Alta
quarta-feira,BR-153,501.0,Pleno dia,Decrescente,Céu Claro,Dupla,Reta,-16.7189,-49.2382,DEL01-GO,Risco Médio,Alta
domingo,BR-116,65.4,Pleno dia,Decrescente,Céu Claro,Dupla,Curva,-22.82146,-45.19756,DEL08-SP,Risco Médio,Alta
domingo,BR-381,7.5,Plena Noite,Crescente,Nublado,Dupla,Reta,-22.90952,-46.42476,DEL03-SP,Risco Baixo,Alta
terça-feira,BR-280,131.4,Pleno dia,Decrescente,Céu Claro,Simples,Reta,-26.25582,-49.53953,DEL06-SC,Risco Baixo,Baixa
terça-feira,BR-101,405.0,Plena Noite,Crescente,Garoa/Chuvisco,Dupla,Reta,-22.86761,-43.80274,DEL01-RJ,Risco Baixo,Alta
sexta-feira,BR-304,233.3,Pleno dia,Decrescente,Nublado,Simples,Curva,-5.753205,-35.87275,DEL01-RN,Risco Baixo,Baixa
sábado,BR-153,577.0,Pleno dia,Crescente,Céu Claro,Dupla,Não Informado,-17.362,-49.2477,DEL03-GO,Risco Médio,Alta
sexta-feira,BR-316,551.0,Pleno dia,Crescente,Céu Claro,Simples,Reta,-4.886332,-43.35339,DEL03-MA,Risco Médio,Baixa
domingo,BR-50,204.0,Pleno dia,Decrescente,Chuva,Dupla,Não Informado,-19.92627,-47.82191,DEL13-MG,Risco Médio,Média
sábado,BR-282,654.0,Pleno dia,Decrescente,Céu Claro,Simples,Reta,-26.76584,-53.48866,DEL07-SC,Risco Médio,Baixa
segunda-feira,BR-424,91.3,Pleno dia,Crescente,Céu Claro,Simples,Reta,-8.906632,-36.49799,DEL03-PE,Risco Alto,Baixa
quarta-feira,BR-116,269.2,Plena Noite,Decrescente,Chuva,Dupla,Reta,-23.60889,-46.75748,DEL04-SP,Risco Médio,Alta
sábado,BR-101,110.0,Plena Noite,Decrescente,Nublado,Dupla,Reta,-5.946376,-35.26485,DEL01-RN,Risco Médio,Alta
segunda-feira,BR-226,81.0,Plena Noite,Decrescente,Chuva,Simples,Curva,-6.189063,-35.78272,DEL01-RN,Risco Médio,Baixa
domingo,BR-282,4.5,Plena Noite,Crescente,Céu Claro,Múltipla,Reta,-27.59138,-48.60621,DEL01-SC,Risco Alto,Baixa
sábado,BR-230,152.2,Plena Noite,Crescente,Céu Claro,Simples,Reta,-7.2688,-35.8837,DEL02-PB,Risco Médio,Baixa
segunda-feira,BR-101,293.5,Pleno dia,Crescente,Céu Claro,Múltipla,Curva,-20.3209,-40.39609,DEL01-ES,Risco Médio,Alta
terça-feira,BR-364,122.0,Plena Noite,Crescente,Céu Claro,Dupla,Reta,-10.01183,-67.77758,DEL01-AC,Risco Médio,Alta
segunda-feira,BR-101,129.0,Anoitecer,Decrescente,Céu Claro,Simples,Reta,-19.22093,-40.09362,DEL04-ES,Risco Médio,Alta
domingo,BR-104,74.0,Plena Noite,Crescente,Céu Claro,Simples,Reta,-8.349874,-35.98518,DEL02-PE,Risco Médio,Baixa
sábado,BR-116,208.3,Plena Noite,Crescente,Céu Claro,Simples,Reta,-17.30836,-41.51859,DEL11-MG,Risco Médio,Alta
sexta-feira,BR-101,98.0,Pleno dia,Decrescente,Céu Claro,Múltipla,Reta,-5.865679,-35.21652,DEL01-RN,Risco Médio,Alta
sábado,BR-376,663.0,Anoitecer,Decrescente,Nublado,Dupla,Não Informado,-25.85277,-48.97557,DEL01-PR,Risco Médio,Baixa
sexta-feira,BR-467,79.0,Pleno dia,Decrescente,Céu Claro,Dupla,Não Informado,-24.7786,-53.6791,DEL04-PR,Risco Médio,Baixa
sexta-feira,BR-174,571.0,Pleno dia,Decrescente,Nublado,Simples,Reta,3.372383,-60.87839,DEL01-RR,Risco Alto,Baixa
domingo,BR-101,212.0,Plena Noite,Crescente,Céu Claro,Dupla,Interseção de vias,-27.6299,-48.659,DEL01-SC,Risco Médio,Alta
quarta-feira,BR-116,220.3,Pleno dia,Decrescente,Céu Claro,Múltipla,Reta,-23.46634,-46.50231,DEL01-SP,Risco Baixo,Alta
sábado,BR-50,205.8,Plena Noite,Decrescente,Céu Claro,Dupla,Curva,-19.9678,-47.7935,DEL13-MG,Risco Baixo,Média
segunda-feira,BR-230,1.2,Pleno dia,Decrescente,Céu Claro,Simples,Curva,-6.75491,-43.01659,DEL03-PI,Risco Médio,Baixa
sábado,BR-116,461.0,Pleno dia,Crescente,Céu Claro,Dupla,Reta,-24.6179,-47.8908,DEL05-SP,Risco Médio,Alta
terça-feira,BR-60,69.1,Plena Noite,Crescente,Céu Claro,Dupla,Reta,-16.2453,-48.76109,DEL02-GO,Risco Baixo,Média
terça-feira,BR-369,158.0,Plena Noite,Crescente,Céu Claro,Dupla,Reta,-23.28553,-51.23094,DEL07-PR,Risco Médio,Baixa
quarta-feira,BR-470,50.0,Pleno dia,Decrescente,Nublado,Simples,Curva,-26.85925,-49.05827,DEL04-SC,Risco Médio,Baixa
terça-feira,BR-116,122.0,Plena Noite,Decrescente,Nublado,Dupla,Curva,-25.60944,-49.31926,DEL01-PR,Risco Baixo,Alta
quinta-feira,BR-324,623.0,Plena Noite,Crescente,Céu Claro,Múltipla,Reta,-12.92629,-38.46839,DEL01-BA,Risco Médio,Baixa
sexta-feira,BR-476,133.0,Pleno dia,Crescente,Céu Claro,Múltipla,Não Informado,-25.46922,-49.25414,DEL01-PR,Risco Baixo,Baixa
segunda-feira,BR-116,116.0,Pleno dia,Decrescente,Nublado,Dupla,Reta,-25.55468,-49.27402,DEL01-PR,Risco Médio,Alta
quinta-feira,BR-135,119.0,Anoitecer,Decrescente,Céu Claro,Simples,Reta,-3.494454,-44.54255,DEL01-MA,Risco Médio,Baixa
quinta-feira,BR-369,174.0,Pleno dia,Crescente,Sol,Simples,Reta,-23.31415,-51.37498,DEL07-PR,Risco Médio,Baixa
quarta-feira,BR-101,35.9,Pleno dia,Crescente,Nublado,Simples,Reta,-18.46231,-39.9297,DEL04-ES,Risco Médio,Alta
sexta-feira,BR-101,361.2,Pleno dia,Decrescente,Céu Claro,Simples,Reta,-20.71074,-40.72243,DEL03-ES,Risco Baixo,Alta
segunda-feira,BR-116,1.1,Pleno dia,Decrescente,Céu Claro,Simples,Rotatória,-26.11841,-49.78759,DEL06-SC,Risco Médio,Alta
quinta-feira,BR-40,124.0,Pleno dia,Decrescente,Sol,Múltipla,Reta,-22.8147,-43.2881,DEL01-RJ,Risco Médio,Alta
domingo,BR-277,94.0,Plena Noite,Decrescente,Céu Claro,Múltipla,Reta,-25.55283,-49.27722,DEL01-PR,Risco Médio,Média
quinta-feira,BR-101,65.9,Plena Noite,Crescente,Céu Claro,Simples,Reta,-18.70936,-39.87762,DEL04-ES,Risco Médio,Alta
terça-feira,BR-376,166.2,Pleno dia,Decrescente,Chuva,Dupla,Reta,-23.39663,-52.00514,DEL09-PR,Risco Médio,Baixa
sábado,BR-116,752.9,Pleno dia,Decrescente,Céu Claro,Simples,Reta,-21.47426,-42.56482,DEL07-MG,Risco Médio,Alta
quarta-feira,BR-40,25.0,Plena Noite,Decrescente,Céu Claro,Dupla,Reta,-16.25432,-47.89901,DEL01-DF,Risco Médio,Alta
terça-feira,BR-393,1.0,Plena Noite,Crescente,Ignorado,Simples,Reta,-20.83723,-41.16733,DEL03-ES,Risco Médio,Média
quinta-feira,BR-280,163.6,Plena Noite,Decrescente,Céu Claro,Simples,Reta,-26.19694,-49.79815,DEL06-SC,Risco Médio,Baixa
sábado,BR-60,0.7,Anoitecer,Crescente,Céu Claro,Dupla,Não Informado,-16.05593,-48.2615,DEL01-DF,Risco Baixo,Média
quinta-feira,BR-235,22.8,Plena Noite,Crescente,Céu Claro,Simples,Não Informado,-10.82315,-37.23543,DEL01-SE,Risco Baixo,Baixa
sábado,BR-116,210.0,Plena Noite,Decrescente,Garoa/Chuvisco,Múltipla,Não Informado,-23.43242,-46.41935,DEL01-SP,Risco Médio,Alta
segunda-feira,BR-101,197.0,Plena Noite,Decrescente,Céu Claro,Dupla,Reta,-27.51844,-48.63848,DEL01-SC,Risco Médio,Alta
quinta-feira,BR-101,156.0,Plena Noite,Crescente,Ignorado,Dupla,Reta,-27.17227,-48.6117,DEL04-SC,Risco Médio,Alta
quinta-feira,BR-470,62.0,Pleno dia,Crescente,Céu Claro,Simples,Reta,-26.87452,-49.18294,DEL04-SC,Risco Médio,Baixa
terça-feira,BR-381,88.0,Pleno dia,Crescente,Nublado,Múltipla,Reta,-23.47469,-46.56113,DEL03-SP,Risco Médio,Alta
segunda-feira,BR-262,451.3,Pleno dia,Crescente,Nublado,Simples,Reta,-19.86263,-45.00068,DEL08-MG,Risco Médio,Média
domingo,BR-324,306.0,Plena Noite,Decrescente,Nublado,Simples,Reta,-11.20434,-40.42472,DEL04-BA,Risco Alto,Baixa
quarta-feira,BR-101,331.0,Pleno dia,Decrescente,Nublado,Simples,Interseção de vias,-28.466,-48.9956,DEL02-SC,Risco Médio,Alta
domingo,BR-364,393.6,Pleno dia,Decrescente,Céu Claro,Simples,Reta,-15.67759,-55.93403,DEL02-MT,Risco Baixo,Alta
terça-feira,BR-222,659.0,Plena Noite,Crescente,Céu Claro,Simples,Curva,-4.873161,-47.33599,DEL04-MA,Risco Médio,Baixa
sexta-feira,BR-60,50.0,Pleno dia,Decrescente,Céu Claro,Dupla,Reta,-16.6114,-49.20696,DEL02-GO,Risco Médio,Média
terça-feira,BR-20,14.4,Pleno dia,Decrescente,Ignorado,Dupla,Não Informado,-15.63494,-47.74124,DEL02-DF,Risco Médio,Baixa
quarta-feira,BR-60,32.0,Plena Noite,Crescente,Céu Claro,Dupla,Reta,-16.08908,-48.50841,DEL01-DF,Risco Baixo,Média
sábado,BR-116,303.0,Anoitecer,Decrescente,Céu Claro,Dupla,Não Informado,-23.82761,-46.92631,DEL04-SP,Risco Médio,Alta
terça-feira,BR-101,197.9,Pleno dia,Crescente,Garoa/Chuvisco,Múltipla,Reta,-27.51844,-48.63848,DEL01-SC,Risco Médio,Alta
terça-feira,BR-116,142.2,Pleno dia,Decrescente,Nublado,Múltipla,Interseção de vias,-29.11878,-51.11657,DEL05-RS,Risco Médio,Alta
quarta-feira,BR-470,193.4,Pleno dia,Crescente,Chuva,Simples,Não Informado,-29.04508,-51.56926,DEL06-RS,Risco Médio,Baixa
quarta-feira,BR-369,178.3,Plena Noite,Crescente,Céu Claro,Dupla,Reta,-23.35612,-51.39388,DEL07-PR,Risco Médio,Baixa
terça-feira,BR-267,116.0,Plena Noite,Crescente,Chuva,Simples,Não Informado,-21.78399,-53.18331,DEL02-MS,Risco Baixo,Baixa
sábado,BR-272,367.6,Plena Noite,Decrescente,Nublado,Dupla,Reta,-24.05087,-52.40211,DEL04-PR,Risco Médio,Baixa
domingo,BR-101,206.0,Anoitecer,Decrescente,Céu Claro,Dupla,Reta,-27.59194,-48.61825,DEL01-SC,Risco Médio,Alta
sexta-feira,BR-376,202.0,Amanhecer,Decrescente,Céu Claro,Dupla,Reta,-23.50951,-51.7214,DEL07-PR,Risco Baixo,Baixa
terça-feira,BR-116,173.8,Amanhecer,Decrescente,Garoa/Chuvisco,Múltipla,Reta,-22.76941,-43.40888,DEL01-RJ,Risco Médio,Alta
sábado,BR-116,188.2,Plena Noite,Decrescente,Nevoeiro/Neblina,Simples,Reta,-25.96689,-49.65682,DEL01-PR,Risco Baixo,Alta
sexta-feira,BR-381,46.2,Pleno dia,Decrescente,Céu Claro,Dupla,Reta,-23.18211,-46.58114,DEL03-SP,Risco Alto,Alta
terça-feira,BR-210,3.0,Pleno dia,Crescente,Nublado,Simples,Reta,0.087255,-51.0858,DEL01-AP,Risco Médio,Baixa
quarta-feira,BR-101,50.0,Pleno dia,Crescente,Nublado,Simples,Reta,-7.926549,-34.95094,DEL01-PE,Risco Médio,Alta
terça-feira,BR-101,148.0,Pleno dia,Decrescente,Céu Claro,Dupla,Reta,-19.386,-40.06714,DEL04-ES,Risco Médio,Alta
quarta-feira,BR-277,406.8,Pleno dia,Crescente,Céu Claro,Simples,Curva,-25.44481,-51.97419,DEL04-PR,Risco Baixo,Média
domingo,BR-101,155.4,Plena Noite,Decrescente,Chuva,Simples,Reta,-27.15655,-48.54094,DEL04-SC,Risco Médio,Alta
terça-feira,BR-101,122.2,Pleno dia,Decrescente,Nublado,Simples,Reta,-19.15659,-40.08141,DEL04-ES,Risco Médio,Alta
segunda-feira,BR-116,314.0,Plena Noite,Crescente,Nublado,Dupla,Curva,-22.46046,-44.47218,DEL07-RJ,Risco Médio,Alta
sábado,BR-459,84.7,Plena Noite,Crescente,Nublado,Simples,Reta,-22.15026,-46.03468,DEL09-MG,Risco Médio,Baixa
sábado,BR-381,724.0,Pleno dia,Decrescente,Sol,Dupla,Curva,-21.464,-45.2058,DEL04-MG,Risco Médio,Alta
sexta-feira,BR-376,674.0,Amanhecer,Crescente,Céu Claro,Dupla,Desvio Temporário,-25.9114,-48.9202,DEL01-PR,Risco Médio,Baixa
terça-feira,BR-101,282.0,Pleno dia,Crescente,Chuva,Múltipla,Reta,-20.22694,-40.36458,DEL01-ES,Risco Médio,Alta
quinta-feira,BR-386,385.0,Plena Noite,Crescente,Garoa/Chuvisco,Dupla,Reta,-29.69143,-51.7103,DEL04-RS,Risco Baixo,Média
domingo,BR-343,42.3,Pleno dia,Crescente,Nublado,Simples,Curva,-3.160851,-41.81846,DEL05-PI,Risco Médio,Baixa
segunda-feira,BR-116,11.7,Pleno dia,Crescente,Céu Claro,Simples,Interseção de vias,-14.8734,-40.87134,DEL08-BA,Risco Médio,Alta
quinta-feira,BR-364,154.5,Plena Noite,Crescente,Nublado,Simples,Reta,-16.77077,-54.24309,DEL02-MT,Risco Baixo,Alta
terça-feira,BR-290,410.7,Pleno dia,Crescente,Chuva,Simples,Reta,-30.36338,-54.24945,DEL09-RS,Risco Médio,Baixa
quinta-feira,BR-277,587.0,Plena Noite,Decrescente,Chuva,Simples,Interseção de vias,-24.97223,-53.43559,DEL04-PR,Risco Médio,Média
sábado,BR-101,216.9,Pleno dia,Crescente,Nublado,Múltipla,Reta,-27.65981,-48.67748,DEL01-SC,Risco Médio,Alta
domingo,BR-116,256.7,Pleno dia,Crescente,Chuva,Simples,Curva,-17.6968,-41.4842,DEL11-MG,Risco Baixo,Alta
sexta-feira,BR-428,184.0,Plena Noite,Crescente,Céu Claro,Simples,Reta,-9.346521,-40.47361,DEL06-PE,Risco Médio,Baixa
sábado,BR-427,100.7,Plena Noite,Decrescente,Céu Claro,Simples,Reta,-6.459932,-37.1001,DEL03-RN,Risco Baixo,Baixa
terça-feira,BR-101,147.1,Plena Noite,Decrescente,Céu Claro,Dupla,Reta,-19.37887,-40.06658,DEL04-ES,Risco Médio,Alta
domingo,BR-60,120.0,Pleno dia,Decrescente,Céu Claro,Dupla,Não Informado,-16.4979,-49.1065,DEL01-GO,Risco Médio,Média
sexta-feira,BR-423,96.4,Pleno dia,Crescente,Céu Claro,Simples,Não Informado,-8.882044,-36.49,DEL03-PE,Risco Alto,Baixa