dia_semana,br,km,fase_dia,sentido_via,condicao_metereologica,tipo_pista,tracado_via,latitude,longitude,delegacia,classificacao_acidente,postos_policiais_PRF
sexta-feira,BR-235,16.0,Pleno dia,Crescente,Nublado,Simples,Curva,-10.85255,-37.19289,DEL01-SE,Risco Alto,Baixa
segunda-feira,BR-101,81.0,Pleno dia,Decrescente,Nublado,Dupla,Não Informado,-7.125086,-34.94513,DEL01-PB,Risco Médio,Alta
sábado,BR-282,98.6,Pleno dia,Crescente,Céu Claro,Simples,Reta,-27.70229,-49.27965,DEL01-SC,Risco Médio,Baixa
quarta-feira,BR-470,71.7,Pleno dia,Crescente,Céu Claro,Simples,Reta,-26.89524,-49.2621,DEL04-SC,Risco Médio,Baixa
sábado,BR-163,479.2,Pleno dia,Crescente,Sol,Simples,Reta,-20.48732,-54.55929,DEL01-MS,Risco Médio,Alta
quarta-feira,BR-290,92.0,Plena Noite,Crescente,Céu Claro,Simples,Reta,-29.96925,-51.17276,DEL01-RS,Risco Médio,Baixa
domingo,BR-101,264.7,Pleno dia,Crescente,Sol,Dupla,Curva,-20.18287,-40.26587,DEL02-ES,Risco Médio,Alta
terça-feira,BR-101,165.9,Pleno dia,Decrescente,Nublado,Simples,Reta,-12.35748,-38.81955,DEL01-BA,Risco Médio,Alta
quarta-feira,BR-104,139.0,Plena Noite,Decrescente,Nublado,Simples,Reta,-7.3459,-35.9001,DEL02-PB,Risco Médio,Baixa
quinta-feira,BR-101,913.0,Pleno dia,Crescente,Sol,Simples,Reta,-17.8293,-39.7964,DEL09-BA,Risco Baixo,Alta
sexta-feira,BR-101,84.7,Plena Noite,Decrescente,Céu Claro,Dupla,Reta,-7.139579,-34.92313,DEL01-PB,Risco Baixo,Alta
domingo,BR-101,86.0,Pleno dia,Crescente,Céu Claro,Simples,Curva,-21.82667,-41.48737,DEL08-RJ,Risco Baixo,Alta
sábado,BR-470,0.4,Pleno dia,Crescente,Garoa/Chuvisco,Dupla,Não Informado,-26.88058,-48.66321,DEL04-SC,Risco Alto,Baixa
segunda-feira,BR-101,302.1,Pleno dia,Crescente,Céu Claro,Dupla,Reta,-20.36958,-40.44385,DEL01-ES,Risco Baixo,Alta
segunda-feira,BR-316,218.3,Plena Noite,Crescente,Céu Claro,Simples,Reta,-9.489026,-36.20582,DEL01-AL,Risco Médio,Baixa
quinta-feira,BR-381,69.0,Pleno dia,Decrescente,Sol,Dupla,Curva,-23.3462,-46.5656,DEL03-SP,Risco Baixo,Alta
sábado,BR-158,344.3,Plena Noite,Decrescente,Céu Claro,Simples,Reta,-29.74445,-53.95582,DEL09-RS,Risco Baixo,Baixa
segunda-feira,BR-101,99.5,Pleno dia,Decrescente,Nublado,Múltipla,Viaduto,-5.876163,-35.2223,DEL01-RN,Risco Médio,Alta
quinta-feira,BR-116,514.0,Pleno dia,Decrescente,Céu Claro,Simples,Curva,-24.86385,-48.21419,DEL05-SP,Risco Médio,Alta
quarta-feira,BR-414,339.8,Plena Noite,Decrescente,Chuva,Simples,Reta,-15.54928,-48.62284,DEL02-GO,Risco Baixo,Baixa
sábado,BR-163,656.0,Pleno dia,Decrescente,Céu Claro,Simples,Curva,-4.700431,-55.9949,DEL05-PA,Risco Baixo,Alta
quinta-feira,BR-40,607.6,Pleno dia,Decrescente,Chuva,Simples,Reta,-20.4758,-43.8427,DEL05-MG,Risco Baixo,Alta
sexta-feira,BR-101,186.0,Pleno dia,Decrescente,Sol,Simples,Reta,-27.43731,-48.62621,DEL01-SC,Risco Médio,Alta
quarta-feira,BR-101,89.0,Plena Noite,Crescente,Chuva,Dupla,Reta,-8.207607,-34.98372,DEL01-PE,Risco Médio,Alta
sábado,BR-101,418.0,Plena Noite,Crescente,Céu Claro,Simples,Não Informado,-22.91783,-43.90472,DEL03-RJ,Risco Baixo,Alta
quinta-feira,BR-101,47.0,Pleno dia,Crescente,Céu Claro,Simples,Reta,-23.4299,-45.08244,DEL06-SP,Risco Médio,Alta
sexta-feira,BR-316,101.0,Plena Noite,Crescente,Céu Claro,Simples,Reta,-9.388728,-37.10697,DEL03-AL,Risco Alto,Baixa
sexta-feira,BR-40,510.0,Pleno dia,Crescente,Céu Claro,Dupla,Não Informado,-19.77708,-44.12143,DEL01-MG,Risco Médio,Alta
sexta-feira,BR-356,148.0,Plena Noite,Crescente,Céu Claro,Simples,Reta,-21.77277,-41.28138,DEL08-RJ,Risco Médio,Baixa
sábado,BR-153,720.0,Pleno dia,Crescente,Céu Claro,Simples,Reta,-12.1104,-49.1817,DEL02-TO,Risco Baixo,Alta
quarta-feira,BR-470,145.0,Plena Noite,Decrescente,Céu Claro,Simples,Reta,-27.2373,-49.68222,DEL04-SC,Risco Alto,Baixa
quinta-feira,BR-116,567.0,Pleno dia,Decrescente,Nublado,Dupla,Curva,-25.04755,-48.55355,DEL05-SP,Risco Médio,Alta
sábado,BR-470,282.0,Pleno dia,Decrescente,Céu Claro,Simples,Curva,-27.33491,-50.88252,DEL07-SC,Risco Baixo,Baixa
quinta-feira,BR-60,88.9,Pleno dia,Decrescente,Céu Claro,Dupla,Reta,-16.34322,-48.9025,DEL02-GO,Risco Médio,Média
sábado,BR-381,518.5,Plena Noite,Decrescente,Céu Claro,Dupla,Curva,-20.11021,-44.32147,DEL01-MG,Risco Alto,Alta
sábado,BR-20,3.8,Plena Noite,Decrescente,Céu Claro,Dupla,Reta,-15.56749,-47.32031,DEL02-DF,Risco Médio,Baixa
segunda-feira,BR-373,255.8,Plena Noite,Crescente,Céu Claro,Simples,Curva,-25.1978,-50.92541,DEL03-PR,Risco Médio,Baixa
domingo,BR-163,834.0,Plena Noite,Crescente,Céu Claro,Simples,Desvio Temporário,-17.6159,-54.74427,DEL06-MS,Risco Médio,Alta
domingo,BR-20,411.2,Plena Noite,Decrescente,Céu Claro,Simples,Não Informado,-3.76999,-38.67006,DEL01-CE,Risco Baixo,Baixa
quarta-feira,BR-174,520.0,Plena Noite,Crescente,Céu Claro,Simples,Reta,2.938469,-60.71733,DEL01-RR,Risco Médio,Baixa
sexta-feira,BR-153,233.9,Pleno dia,Decrescente,Nublado,Simples,Reta,-14.78593,-49.27566,DEL07-GO,Risco Alto,Alta
sexta-feira,BR-101,172.5,Pleno dia,Decrescente,Céu Claro,Simples,Reta,-19.58045,-40.18785,DEL04-ES,Risco Baixo,Alta
domingo,BR-101,349.0,Plena Noite,Decrescente,Garoa/Chuvisco,Simples,Curva,-13.61772,-39.49645,DEL05-BA,Risco Alto,Alta
sábado,BR-364,237.4,Pleno dia,Crescente,Céu Claro,Simples,Reta,-11.4416,-61.4498,DEL02-RO,Risco Médio,Alta
sábado,BR-343,1.0,Pleno dia,Crescente,Sol,Múltipla,Reta,-5.089569,-42.80229,DEL01-PI,Risco Médio,Baixa
quarta-feira,BR-116,123.8,Pleno dia,Crescente,Céu Claro,Simples,Curva,-16.57602,-41.50396,DEL11-MG,Risco Médio,Alta
segunda-feira,BR-277,684.4,Plena Noite,Decrescente,Céu Claro,Dupla,Reta,-25.33865,-54.19917,DEL05-PR,Risco Médio,Média
quinta-feira,BR-470,174.0,Plena Noite,Crescente,Céu Claro,Dupla,Reta,-28.90965,-51.54527,DEL06-RS,Risco Médio,Baixa
domingo,BR-104,90.7,Plena Noite,Decrescente,Chuva,Dupla,Reta,-9.502409,-35.81039,DEL01-AL,Risco Alto,Baixa
quarta-feira,BR-476,130.0,Anoitecer,Crescente,Ignorado,Dupla,Curva,-25.54554,-49.30218,DEL01-PR,Risco Médio,Baixa
domingo,BR-232,368.7,Amanhecer,Crescente,Céu Claro,Simples,Reta,-8.044495,-37.88593,DEL04-PE,Risco Médio,Baixa
sábado,BR-316,15.9,Pleno dia,Decrescente,Chuva,Múltipla,Retorno Regulamentado,-5.226189,-42.75017,DEL01-PI,Risco Médio,Baixa
segunda-feira,BR-262,180.0,Plena Noite,Crescente,Céu Claro,Simples,Reta,-20.2919,-41.6754,DEL01-ES,Risco Médio,Média
segunda-feira,BR-354,703.3,Pleno dia,Decrescente,Nublado,Simples,Reta,-21.98404,-44.92444,DEL05-MG,Risco Médio,Baixa
sábado,BR-153,29.5,Plena Noite,Crescente,Céu Claro,Simples,Não Informado,-23.22052,-50.01108,DEL07-PR,Risco Alto,Alta
quinta-feira,BR-40,512.5,Pleno dia,Crescente,Céu Claro,Dupla,Reta,-19.78947,-44.11291,DEL01-MG,Risco Médio,Alta
domingo,BR-116,21.0,Anoitecer,Crescente,Céu Claro,Múltipla,Reta,-25.10428,-48.73857,DEL01-PR,Risco Alto,Alta
domingo,BR-104,139.4,Pleno dia,Crescente,Sol,Simples,Curva,-7.369483,-35.8998,DEL02-PB,Risco Médio,Baixa
sexta-feira,BR-50,45.1,Pleno dia,Decrescente,Céu Claro,Dupla,Não Informado,-18.7214,-48.203,DEL15-MG,Risco Médio,Média
terça-feira,BR-116,126.0,Pleno dia,Decrescente,Chuva,Dupla,Reta,-25.6039,-49.31824,DEL01-PR,Risco Médio,Alta
sexta-feira,BR-101,22.4,Plena Noite,Decrescente,Garoa/Chuvisco,Dupla,Reta,-26.16583,-48.90742,DEL03-SC,Risco Médio,Alta
sábado,BR-101,202.0,Plena Noite,Crescente,Nublado,Múltipla,Reta,-27.55712,-48.61898,DEL01-SC,Risco Médio,Alta
sexta-feira,BR-316,8.3,Plena Noite,Decrescente,Céu Claro,Simples,Reta,-5.044685,-42.76623,DEL01-PI,Risco Médio,Baixa
sexta-feira,BR-365,137.0,Pleno dia,Decrescente,Garoa/Chuvisco,Simples,Reta,-17.19439,-44.81895,DEL12-MG,Risco Médio,Média
sábado,BR-324,288.0,Plena Noite,Decrescente,Nublado,Simples,Reta,-11.15515,-40.56556,DEL04-BA,Risco Médio,Baixa
segunda-feira,BR-277,153.0,Pleno dia,Decrescente,Chuva,Dupla,Não Informado,-25.47821,-49.85591,DEL03-PR,Risco Médio,Média
sábado,BR-70,82.7,Pleno dia,Decrescente,Céu Claro,Simples,Reta,-15.63096,-52.81755,DEL07-MT,Risco Baixo,Baixa
terça-feira,BR-393,288.0,Pleno dia,Decrescente,Sol,Dupla,Reta,-22.51094,-44.08446,DEL05-RJ,Risco Médio,Média
sábado,BR-101,131.8,Plena Noite,Decrescente,Céu Claro,Simples,Reta,-26.99064,-48.66311,DEL04-SC,Risco Médio,Alta
sábado,BR-174,141.0,Pleno dia,Decrescente,Céu Claro,Simples,Curva,0.3246099,-60.52394,DEL01-RR,Risco Baixo,Baixa
domingo,BR-163,759.0,Pleno dia,Crescente,Céu Claro,Simples,Reta,-12.60429,-55.75236,DEL06-MT,Risco Médio,Alta
sexta-feira,BR-381,664.0,Plena Noite,Crescente,Nublado,Dupla,Não Informado,-21.03717,-45.00209,DEL04-MG,Risco Médio,Alta
domingo,BR-222,217.0,Plena Noite,Crescente,Céu Claro,Simples,Reta,-3.334161,-44.44205,DEL01-MA,Risco Alto,Baixa
sábado,BR-101,139.0,Plena Noite,Decrescente,Céu Claro,Dupla,Reta,-11.17132,-37.39703,DEL02-SE,Risco Médio,Alta
terça-feira,BR-282,17.0,Plena Noite,Crescente,Céu Claro,Simples,Reta,-27.66571,-48.68807,DEL01-SC,Risco Médio,Baixa
quarta-feira,BR-116,211.0,Amanhecer,Decrescente,Céu Claro,Múltipla,Não Informado,-23.43043,-46.41436,DEL01-SP,Risco Médio,Alta
domingo,BR-316,2.5,Plena Noite,Decrescente,Céu Claro,Dupla,Retorno Regulamentado,-1.392884,-48.41887,DEL01-PA,Risco Baixo,Baixa
quinta-feira,BR-392,1.5,Pleno dia,Decrescente,Céu Claro,Simples,Curva,-31.77242,-52.34297,DEL07-RS,Risco Médio,Média
sábado,BR-369,201.8,Plena Noite,Crescente,Céu Claro,Simples,Interseção de vias,-23.53975,-51.45731,DEL07-PR,Risco Médio,Baixa
terça-feira,BR-230,395.2,Plena Noite,Decrescente,Céu Claro,Simples,Reta,-7.449632,-46.01126,DEL05-MA,Risco Médio,Baixa
quarta-feira,BR-116,489.4,Pleno dia,Decrescente,Céu Claro,Múltipla,Reta,-24.73322,-48.11378,DEL05-SP,Risco Médio,Alta
sexta-feira,BR-101,371.1,Plena Noite,Crescente,Nublado,Dupla,Reta,-28.70404,-49.20087,DEL02-SC,Risco Baixo,Alta
quinta-feira,BR-476,240.8,Pleno dia,Crescente,Chuva,Simples,Curva,-25.86434,-50.0698,DEL02-PR,Risco Alto,Baixa
quinta-feira,BR-116,774.2,Plena Noite,Decrescente,Céu Claro,Simples,Curva,-21.57932,-42.68265,DEL07-MG,Risco Médio,Alta
terça-feira,BR-364,170.7,Plena Noite,Crescente,Chuva,Simples,Não Informado,-11.84382,-61.0193,DEL02-RO,Risco Médio,Alta
domingo,BR-361,7.2,Plena Noite,Decrescente,Céu Claro,Simples,Curva,-7.037505,-37.31994,DEL03-PB,Risco Médio,Baixa
domingo,BR-386,355.5,Pleno dia,Decrescente,Céu Claro,Dupla,Reta,-29.51507,-51.94008,DEL04-RS,Risco Médio,Média
sábado,BR-364,711.0,Plena Noite,Crescente,Céu Claro,Múltipla,Rotatória,-8.781539,-63.86531,DEL01-RO,Risco Médio,Alta
sexta-feira,BR-319,59.0,Plena Noite,Decrescente,Céu Claro,Dupla,Interseção de vias,-8.766685,-63.88405,DEL01-RO,Risco Médio,Baixa
domingo,BR-242,788.0,Plena Noite,Crescente,Céu Claro,Simples,Interseção de vias,-12.14076,-44.94699,DEL10-BA,Risco Médio,Baixa
domingo,BR-381,733.0,Plena Noite,Decrescente,Céu Claro,Dupla,Retorno Regulamentado,-20.8519,-44.8354,DEL04-MG,Risco Médio,Alta
sábado,BR-393,282.0,Pleno dia,Crescente,Céu Claro,Simples,Reta,-22.48258,-44.06316,DEL05-RJ,Risco Médio,Média
sábado,BR-364,599.0,Amanhecer,Decrescente,Nublado,Simples,Reta,-9.221063,-63.17377,DEL03-RO,Risco Alto,Alta
sábado,BR-116,270.5,Plena Noite,Decrescente,Céu Claro,Dupla,Reta,-23.61798,-46.7964,DEL04-SP,Risco Baixo,Alta
sexta-feira,BR-174,524.0,Plena Noite,Decrescente,Céu Claro,Simples,Reta,2.965012,-60.73917,DEL01-RR,Risco Médio,Baixa
quinta-feira,BR-280,125.0,Plena Noite,Crescente,Nublado,Simples,Não Informado,-26.23896,-49.50092,DEL06-SC,Risco Médio,Baixa
sábado,BR-381,264.0,Plena Noite,Decrescente,Céu Claro,Simples,Curva,-19.53451,-42.59708,DEL03-MG,Risco Médio,Alta
sábado,BR-153,107.0,Pleno dia,Crescente,Nublado,Simples,Curva,-27.29303,-51.97506,DEL07-SC,Risco Baixo,Alta
terça-feira,BR-364,341.7,Pleno dia,Decrescente,Céu Claro,Dupla,Interseção de vias,-10.88383,-61.93739,DEL02-RO,Risco Médio,Alta
domingo,BR-470,33.5,Plena Noite,Crescente,Nublado,Simples,Reta,-26.90837,-48.94491,DEL04-SC,Risco Médio,Baixa
domingo,BR-101,253.0,Pleno dia,Decrescente,Céu Claro,Simples,Reta,-20.10337,-40.33384,DEL02-ES,Risco Médio,Alta
quinta-feira,BR-101,212.8,Pleno dia,Decrescente,Céu Claro,Simples,Reta,-27.6299,-48.659,DEL01-SC,Risco Médio,Alta
sábado,BR-101,204.9,Plena Noite,Decrescente,Ignorado,Múltipla,Reta,-27.58193,-48.6151,DEL01-SC,Risco Médio,Alta
domingo,BR-40,117.0,Plena Noite,Decrescente,Céu Claro,Múltipla,Reta,-22.74568,-43.2881,DEL01-RJ,Risco Médio,Alta
quinta-feira,BR-381,75.2,Pleno dia,Decrescente,Garoa/Chuvisco,Múltipla,Curva,-23.38008,-46.56693,DEL03-SP,Risco Médio,Alta
sábado,BR-116,40.0,Amanhecer,Crescente,Nublado,Simples,Reta,-22.13343,-42.77952,DEL04-RJ,Risco Médio,Alta
terça-feira,BR-392,348.0,Pleno dia,Crescente,Céu Claro,Simples,Reta,-29.75218,-53.78995,DEL09-RS,Risco Médio,Média
sábado,BR-381,492.0,Plena Noite,Crescente,Céu Claro,Múltipla,Curva,-19.96236,-44.1644,DEL01-MG,Risco Médio,Alta
quinta-feira,BR-470,138.0,Plena Noite,Crescente,Nublado,Simples,Retorno Regulamentado,-27.19378,-49.62437,DEL04-SC,Risco Médio,Baixa
domingo,BR-101,129.3,Pleno dia,Crescente,Céu Claro,Simples,Interseção de vias,-9.749633,-36.06531,DEL02-AL,Risco Médio,Alta
quarta-feira,BR-280,141.0,Pleno dia,Crescente,Garoa/Chuvisco,Simples,Curva,-26.25423,-49.61689,DEL06-SC,Risco Baixo,Baixa
segunda-feira,BR-104,28.0,Plena Noite,Crescente,Céu Claro,Simples,Reta,-9.113135,-36.04665,DEL01-AL,Risco Médio,Baixa
quinta-feira,BR-369,150.1,Pleno dia,Crescente,Céu Claro,Dupla,Reta,-23.29282,-51.16282,DEL07-PR,Risco Médio,Baixa
quarta-feira,BR-101,205.0,Pleno dia,Decrescente,Céu Claro,Múltipla,Reta,-27.58313,-48.61533,DEL01-SC,Risco Médio,Alta
quinta-feira,BR-158,109.5,Pleno dia,Decrescente,Céu Claro,Simples,Curva,-26.8886,-53.1779,DEL07-SC,Risco Médio,Baixa
quarta-feira,BR-101,365.0,Plena Noite,Decrescente,Céu Claro,Simples,Não Informado,-13.87231,-39.49286,DEL05-BA,Risco Médio,Alta
sábado,BR-101,126.9,Pleno dia,Crescente,Céu Claro,Dupla,Reta,-26.95564,-48.67978,DEL04-SC,Risco Médio,Alta
terça-feira,BR-364,523.9,Pleno dia,Crescente,Céu Claro,Simples,Reta,-15.0672,-56.51752,DEL01-MT,Risco Médio,Alta
sexta-feira,BR-381,88.8,Plena Noite,Crescente,Céu Claro,Múltipla,Reta,-23.49044,-46.55885,DEL03-SP,Risco Alto,Alta
sexta-feira,BR-392,709.0,Plena Noite,Crescente,Céu Claro,Simples,Curva,-27.99953,-55.12715,DEL10-RS,Risco Médio,Média
segunda-feira,BR-277,77.0,Plena Noite,Crescente,Nevoeiro/Neblina,Dupla,Reta,-25.48798,-49.18066,DEL01-PR,Risco Alto,Média
terça-feira,BR-324,560.0,Pleno dia,Decrescente,Céu Claro,Dupla,Reta,-12.4925,-38.65367,DEL01-BA,Risco Médio,Baixa
quinta-feira,BR-470,239.0,Plena Noite,Decrescente,Céu Claro,Simples,Reta,-29.33495,-51.50131,DEL06-RS,Risco Médio,Baixa
terça-feira,BR-277,712.0,Pleno dia,Decrescente,Sol,Dupla,Reta,-25.45775,-54.43123,DEL05-PR,Risco Médio,Média
domingo,BR-287,387.5,Pleno dia,Crescente,Nublado,Simples,Reta,-29.25866,-54.8154,DEL12-RS,Risco Médio,Baixa
quinta-feira,BR-101,254.8,Pleno dia,Crescente,Nublado,Simples,Não Informado,-20.11486,-40.31953,DEL02-ES,Risco Médio,Alta
segunda-feira,BR-163,663.0,Anoitecer,Crescente,Céu Claro,Simples,Reta,-13.2742,-56.0264,DEL06-MT,Risco Médio,Alta
terça-feira,BR-262,132.0,Pleno dia,Decrescente,Céu Claro,Simples,Curva,-20.13557,-42.69356,DEL03-MG,Risco Médio,Média
quarta-feira,BR-116,117.0,Pleno dia,Decrescente,Sol,Simples,Reta,-16.57604,-41.50376,DEL11-MG,Risco Baixo,Alta
domingo,BR-40,8.7,Plena Noite,Crescente,Céu Claro,Dupla,Reta,-16.12156,-47.96417,DEL01-DF,Risco Médio,Alta
segunda-feira,BR-251,337.5,Amanhecer,Decrescente,Céu Claro,Simples,Reta,-16.25572,-42.43535,DEL12-MG,Risco Médio,Baixa
sexta-feira,BR-470,122.6,Plena Noite,Decrescente,Céu Claro,Simples,Curva,-27.09585,-49.52787,DEL04-SC,Risco Médio,Baixa
domingo,BR-135,168.3,Pleno dia,Decrescente,Céu Claro,Simples,Curva,-12.07296,-44.96722,DEL10-BA,Risco Baixo,Baixa
sexta-feira,BR-153,220.6,Pleno dia,Decrescente,Céu Claro,Simples,Reta,-14.68789,-49.21051,DEL07-GO,Risco Baixo,Alta
quarta-feira,BR-116,263.8,Pleno dia,Crescente,Céu Claro,Múltipla,Reta,-29.90545,-51.17674,DEL01-RS,Risco Médio,Alta
sábado,BR-20,420.5,Plena Noite,Crescente,Céu Claro,Dupla,Reta,-3.844173,-38.58381,DEL01-CE,Risco Alto,Baixa
domingo,BR-163,929.0,Pleno dia,Crescente,Nublado,Simples,Reta,-2.982267,-54.93284,DEL05-PA,Risco Médio,Alta
segunda-feira,BR-40,596.0,Pleno dia,Crescente,Chuva,Simples,Curva,-20.41644,-43.89242,DEL05-MG,Risco Médio,Alta
quarta-feira,BR-116,223.0,Plena Noite,Decrescente,Chuva,Múltipla,Reta,-23.4756,-46.52466,DEL01-SP,Risco Médio,Alta
sexta-feira,BR-277,32.0,Amanhecer,Crescente,Garoa/Chuvisco,Dupla,Curva,-25.56105,-48.81578,DEL01-PR,Risco Baixo,Média
sábado,BR-101,21.0,Pleno dia,Decrescente,Céu Claro,Dupla,Não Informado,-7.667766,-34.93266,DEL01-PE,Risco Médio,Alta
quinta-feira,BR-343,332.7,Pleno dia,Crescente,Céu Claro,Simples,Reta,-5.083136,-42.77535,DEL01-PI,Risco Baixo,Baixa
sexta-feira,BR-153,175.0,Plena Noite,Decrescente,Céu Claro,Simples,Reta,-21.64099,-49.78824,DEL07-SP,Risco Médio,Alta
segunda-feira,BR-10,257.9,Pleno dia,Crescente,Céu Claro,Simples,Reta,-5.478607,-47.47219,DEL04-MA,Risco Alto,Baixa
segunda-feira,BR-116,247.9,Pleno dia,Crescente,Nublado,Dupla,Viaduto,-29.76733,-51.15353,DEL01-RS,Risco Médio,Alta
segunda-feira,BR-101,159.9,Plena Noite,Crescente,Nublado,Simples,Reta,-19.47621,-40.11413,DEL04-ES,Risco Médio,Alta
quarta-feira,BR-50,72.0,Pleno dia,Decrescente,Sol,Dupla,Não Informado,-18.89479,-48.24635,DEL15-MG,Risco Baixo,Média
terça-feira,BR-116,301.4,Pleno dia,Crescente,Céu Claro,Dupla,Reta,-22.45294,-44.36237,DEL07-RJ,Risco Médio,Alta
terça-feira,BR-116,8.1,Plena Noite,Decrescente,Céu Claro,Dupla,Reta,-3.819937,-38.50264,DEL01-CE,Risco Médio,Alta
segunda-feira,BR-376,168.3,Pleno dia,Crescente,Céu Claro,Dupla,Reta,-23.39619,-52.00581,DEL07-PR,Risco Médio,Baixa
segunda-feira,BR-101,203.5,Pleno dia,Crescente,Sol,Simples,Curva,-19.76753,-40.37186,DEL04-ES,Risco Médio,Alta
segunda-feira,BR-364,195.1,Pleno dia,Crescente,Sol,Simples,Não Informado,-11.69223,-61.17865,DEL02-RO,Risco Médio,Alta
segunda-feira,BR-232,408.9,Plena Noite,Decrescente,Céu Claro,Simples,Reta,-8.002117,-38.39172,DEL04-PE,Risco Médio,Baixa
quinta-feira,BR-101,325.0,Pleno dia,Decrescente,Sol,Simples,Interseção de vias,-28.42516,-48.93259,DEL02-SC,Risco Médio,Alta
sexta-feira,BR-407,124.0,Pleno dia,Decrescente,Nublado,Simples,Rotatória,-9.375341,-40.53771,DEL06-PE,Risco Médio,Baixa
quarta-feira,BR-424,102.0,Pleno dia,Decrescente,Nublado,Simples,Rotatória,-9.674961,-35.83637,DEL02-AL,Risco Baixo,Baixa
terça-feira,BR-471,156.8,Pleno dia,Decrescente,Sol,Simples,Reta,-29.83392,-52.39832,DEL02-RS,Risco Médio,Baixa
quarta-feira,BR-101,146.0,Plena Noite,Crescente,Céu Claro,Simples,Reta,-9.8602,-36.1443,DEL02-AL,Risco Médio,Alta
terça-feira,BR-290,197.9,Plena Noite,Crescente,Nublado,Simples,Reta,-30.16977,-52.19776,DEL02-RS,Risco Baixo,Baixa
quinta-feira,BR-316,1.7,Plena Noite,Decrescente,Céu Claro,Dupla,Reta,-1.397791,-48.4243,DEL01-PA,Risco Médio,Baixa
quarta-feira,BR-235,56.2,Pleno dia,Crescente,Céu Claro,Simples,Não Informado,-10.65673,-37.44907,DEL01-SE,Risco Médio,Baixa
domingo,BR-262,324.4,Pleno dia,Decrescente,Sol,Simples,Reta,-20.46849,-54.51889,DEL01-MS,Risco Médio,Média
sexta-feira,BR-158,2.5,Pleno dia,Crescente,Céu Claro,Dupla,Reta,-21.26905,-51.84556,DEL07-MS,Risco Médio,Baixa
domingo,BR-369,477.0,Pleno dia,Decrescente,Céu Claro,Simples,Não Informado,-24.6141,-53.2051,DEL04-PR,Risco Médio,Baixa
quarta-feira,BR-364,145.0,Pleno dia,Decrescente,Nublado,Dupla,Rotatória,-9.911164,-67.8899,DEL01-AC,Risco Médio,Alta
quinta-feira,BR-277,361.0,Pleno dia,Crescente,Céu Claro,Simples,Não Informado,-25.43894,-51.62238,DEL03-PR,Risco Baixo,Média
domingo,BR-101,325.4,Anoitecer,Decrescente,Céu Claro,Simples,Reta,-13.55311,-39.46219,DEL05-BA,Risco Médio,Alta
domingo,BR-316,260.0,Plena Noite,Decrescente,Céu Claro,Múltipla,Reta,-3.6761,-45.3755,DEL02-MA,Risco Médio,Baixa
quarta-feira,BR-101,120.8,Plena Noite,Decrescente,Céu Claro,Dupla,Desvio Temporário,-7.435226,-34.97278,DEL01-PB,Risco Alto,Alta
sábado,BR-101,267.0,Pleno dia,Crescente,Céu Claro,Dupla,Reta,-22.70728,-42.66059,DEL02-RJ,Risco Baixo,Alta
sábado,BR-282,210.5,Plena Noite,Crescente,Céu Claro,Simples,Reta,-27.7783,-50.23034,DEL05-SC,Risco Baixo,Baixa
sábado,BR-376,279.0,Plena Noite,Crescente,Céu Claro,Dupla,Reta,-23.80763,-51.26359,DEL07-PR,Risco Médio,Baixa
quarta-feira,BR-116,96.3,Pleno dia,Decrescente,Céu Claro,Dupla,Reta,-22.97089,-45.44153,DEL06-SP,Risco Médio,Alta
quarta-feira,BR-282,325.3,Plena Noite,Decrescente,Céu Claro,Simples,Interseção de vias,-27.3745,-51.06847,DEL07-SC,Risco Baixo,Baixa
sexta-feira,BR-376,338.9,Pleno dia,Crescente,Céu Claro,Simples,Curva,-24.14319,-51.00256,DEL07-PR,Risco Médio,Baixa
segunda-feira,BR-282,507.0,Pleno dia,Decrescente,Sol,Dupla,Rotatória,-26.88617,-52.43911,DEL07-SC,Risco Médio,Baixa
segunda-feira,BR-259,35.0,Pleno dia,Crescente,Céu Claro,Dupla,Reta,-19.5978,-40.5041,DEL02-ES,Risco Médio,Baixa
quinta-feira,BR-101,65.5,Pleno dia,Crescente,Céu Claro,Múltipla,Reta,-8.031402,-34.94733,DEL01-PE,Risco Médio,Alta
segunda-feira,BR-101,290.6,Pleno dia,Crescente,Céu Claro,Dupla,Não Informado,-20.29756,-40.39446,DEL01-ES,Risco Médio,Alta
quinta-feira,BR-381,454.0,Pleno dia,Crescente,Céu Claro,Simples,Reta,-19.83166,-43.84376,DEL01-MG,Risco Médio,Alta
sábado,BR-101,42.7,Amanhecer,Crescente,Vento,Múltipla,Desvio Temporário,-7.8457,-34.9102,DEL01-PE,Risco Alto,Alta
domingo,BR-386,243.6,Amanhecer,Decrescente,Nublado,Simples,Curva,-28.79508,-52.52042,DEL04-RS,Risco Médio,Média
terça-feira,BR-116,264.0,Pleno dia,Decrescente,Céu Claro,Múltipla,Reta,-29.91444,-51.17754,DEL01-RS,Risco Médio,Alta
segunda-feira,BR-101,212.0,Pleno dia,Crescente,Céu Claro,Múltipla,Reta,-27.59538,-48.54805,DEL01-SC,Risco Médio,Alta
segunda-feira,BR-392,687.6,Plena Noite,Crescente,Céu Claro,Simples,Não Informado,-28.11512,-54.96769,DEL10-RS,Risco Médio,Média