dia_semana,br,km,fase_dia,sentido_via,condicao_metereologica,tipo_pista,tracado_via,latitude,longitude,delegacia,classificacao_acidente,postos_policiais_PRF
terça-feira,BR-40,516.0,Pleno dia,Crescente,Céu Claro,Dupla,Reta,-19.8048,-44.0972,DEL01-MG,Risco Médio,Alta
sexta-feira,BR-376,163.0,Plena Noite,Decrescente,Vento,Dupla,Reta,-23.38151,-52.0348,DEL09-PR,Risco Médio,Baixa
segunda-feira,BR-101,212.2,Pleno dia,Decrescente,Céu Claro,Múltipla,Reta,-27.62997,-48.65904,DEL01-SC,Risco Médio,Alta
domingo,BR-493,101.0,Pleno dia,Crescente,Nublado,Dupla,Retorno Regulamentado,-22.75659,-43.73109,DEL03-RJ,Risco Médio,Baixa
segunda-feira,BR-116,517.0,Pleno dia,Crescente,Céu Claro,Dupla,Interseção de vias,-31.67909,-52.34257,DEL07-RS,Risco Médio,Alta
terça-feira,BR-324,622.0,Pleno dia,Crescente,Ignorado,Múltipla,Reta,-12.79276,-38.40494,DEL01-BA,Risco Médio,Baixa
sexta-feira,BR-10,128.9,Anoitecer,Crescente,Céu Claro,Simples,Reta,-6.558257,-47.4515,DEL04-MA,Risco Médio,Baixa
terça-feira,BR-135,75.9,Pleno dia,Decrescente,Céu Claro,Simples,Reta,-3.181307,-44.34687,DEL01-MA,Risco Baixo,Baixa
quarta-feira,BR-381,36.8,Pleno dia,Crescente,Céu Claro,Dupla,Reta,-23.1029,-46.56879,DEL03-SP,Risco Baixo,Alta
domingo,BR-369,185.0,Plena Noite,Crescente,Céu Claro,Simples,Interseção de vias,-23.40762,-51.42805,DEL07-PR,Risco Médio,Baixa
domingo,BR-153,48.9,Amanhecer,Crescente,Céu Claro,Simples,Reta,-27.65119,-52.25726,DEL08-RS,Risco Médio,Alta
quinta-feira,BR-376,5.8,Pleno dia,Crescente,Ignorado,Simples,Reta,-23.5287,-51.67568,DEL07-PR,Risco Médio,Baixa
sexta-feira,BR-364,303.0,Pleno dia,Crescente,Sol,Simples,Reta,-11.21759,-61.90172,DEL02-RO,Risco Baixo,Alta
sexta-feira,BR-392,52.9,Plena Noite,Crescente,Céu Claro,Dupla,Reta,-31.84631,-52.32705,DEL07-RS,Risco Médio,Média
quarta-feira,BR-356,149.6,Pleno dia,Decrescente,Céu Claro,Simples,Rotatória,-21.77242,-41.28126,DEL08-RJ,Risco Médio,Baixa
sábado,BR-116,211.0,Plena Noite,Crescente,Céu Claro,Múltipla,Não Informado,-23.43243,-46.41944,DEL01-SP,Risco Baixo,Alta
sexta-feira,BR-153,407.0,Plena Noite,Crescente,Céu Claro,Simples,Reta,-26.03403,-50.83443,DEL02-PR,Risco Médio,Alta
segunda-feira,BR-153,43.5,Pleno dia,Decrescente,Nublado,Simples,Curva,-26.87758,-51.75288,DEL07-SC,Risco Alto,Alta
terça-feira,BR-230,39.0,Pleno dia,Decrescente,Sol,Dupla,Desvio Temporário,-7.1381,-34.9707,DEL01-PB,Risco Médio,Baixa
terça-feira,BR-356,265.3,Pleno dia,Crescente,Céu Claro,Simples,Reta,-21.12681,-42.37199,DEL07-MG,Risco Médio,Baixa
quarta-feira,BR-470,47.3,Pleno dia,Decrescente,Nublado,Simples,Não Informado,-26.86404,-49.04652,DEL04-SC,Risco Médio,Baixa
domingo,BR-282,47.5,Plena Noite,Decrescente,Nublado,Simples,Reta,-27.71882,-48.93817,DEL01-SC,Risco Médio,Baixa
terça-feira,BR-153,468.0,Pleno dia,Crescente,Céu Claro,Simples,Curva,-26.3245,-51.22959,DEL02-PR,Risco Baixo,Alta
domingo,BR-343,538.4,Pleno dia,Crescente,Chuva,Simples,Curva,-6.515777,-42.80072,DEL03-PI,Risco Médio,Baixa
sábado,BR-101,267.8,Plena Noite,Crescente,Céu Claro,Múltipla,Interseção de vias,-20.20589,-40.26946,DEL02-ES,Risco Médio,Alta
quarta-feira,BR-369,89.0,Pleno dia,Crescente,Céu Claro,Dupla,Não Informado,-23.19439,-50.6517,DEL07-PR,Risco Médio,Baixa
sexta-feira,BR-158,275.0,Plena Noite,Crescente,Céu Claro,Simples,Desvio Temporário,-17.90324,-51.72992,DEL05-GO,Risco Baixo,Baixa
quarta-feira,BR-163,70.8,Pleno dia,Crescente,Céu Claro,Simples,Reta,-26.72994,-53.51124,DEL07-SC,Risco Médio,Alta
sexta-feira,BR-163,555.0,Pleno dia,Crescente,Céu Claro,Simples,Reta,-5.153225,-56.08785,DEL05-PA,Risco Alto,Alta
segunda-feira,BR-163,250.0,Pleno dia,Decrescente,Céu Claro,Simples,Curva,-24.69,-53.7479,DEL06-PR,Risco Baixo,Alta
quarta-feira,BR-146,462.3,Pleno dia,Decrescente,Céu Claro,Simples,Não Informado,-21.63764,-46.40488,DEL09-MG,Risco Médio,Baixa
quarta-feira,BR-226,2.3,Pleno dia,Decrescente,Céu Claro,Simples,Reta,-5.813649,-35.24665,DEL01-RN,Risco Médio,Baixa
segunda-feira,BR-232,169.0,Pleno dia,Decrescente,Nublado,Simples,Não Informado,-8.340594,-36.3493,DEL02-PE,Risco Médio,Baixa
sexta-feira,BR-116,275.0,Plena Noite,Decrescente,Chuva,Dupla,Curva,-22.5349,-44.1961,DEL07-RJ,Risco Baixo,Alta
quinta-feira,BR-262,509.9,Plena Noite,Crescente,Céu Claro,Simples,Não Informado,-19.77231,-45.51992,DEL08-MG,Risco Baixo,Média
domingo,BR-101,174.0,Plena Noite,Decrescente,Nublado,Simples,Reta,-22.375,-41.9598,DEL02-RJ,Risco Baixo,Alta
quinta-feira,BR-277,729.0,Plena Noite,Crescente,Céu Claro,Simples,Curva,-25.50736,-54.58347,DEL05-PR,Risco Médio,Média
domingo,BR-101,324.8,Pleno dia,Decrescente,Céu Claro,Dupla,Reta,-22.87829,-43.11445,DEL02-RJ,Risco Baixo,Alta
segunda-feira,BR-467,81.3,Plena Noite,Crescente,Ignorado,Dupla,Reta,-24.7961,-53.6747,DEL04-PR,Risco Médio,Baixa
domingo,BR-60,23.2,Pleno dia,Decrescente,Céu Claro,Simples,Reta,-16.0963,-48.5202,DEL01-DF,Risco Baixo,Média
terça-feira,BR-40,551.0,Plena Noite,Decrescente,Nublado,Dupla,Reta,-20.0613,-43.9774,DEL01-MG,Risco Baixo,Alta
quarta-feira,BR-101,92.0,Plena Noite,Decrescente,Nublado,Dupla,Reta,-26.69118,-48.69703,DEL03-SC,Risco Médio,Alta
sábado,BR-153,496.0,Pleno dia,Crescente,Nublado,Dupla,Reta,-16.6776,-49.2314,DEL01-GO,Risco Médio,Alta
segunda-feira,BR-101,35.0,Pleno dia,Decrescente,Chuva,Dupla,Desvio Temporário,-7.779522,-34.93231,DEL01-PE,Risco Médio,Alta
quarta-feira,BR-262,358.0,Pleno dia,Crescente,Céu Claro,Múltipla,Curva,-19.97563,-44.19775,DEL01-MG,Risco Médio,Média
segunda-feira,BR-101,68.0,Amanhecer,Decrescente,Céu Claro,Simples,Reta,-21.76267,-41.31845,DEL08-RJ,Risco Médio,Alta
domingo,BR-40,11.8,Plena Noite,Crescente,Nublado,Dupla,Reta,-16.1437,-47.9467,DEL01-DF,Risco Alto,Alta
sábado,BR-104,79.0,Plena Noite,Crescente,Céu Claro,Simples,Curva,-8.389074,-35.97471,DEL02-PE,Risco Médio,Baixa
sábado,BR-104,88.3,Plena Noite,Crescente,Céu Claro,Dupla,Reta,-9.483752,-35.81816,DEL01-AL,Risco Médio,Baixa
quarta-feira,BR-324,517.0,Amanhecer,Decrescente,Céu Claro,Simples,Reta,-12.24953,-38.93363,DEL02-BA,Risco Baixo,Baixa
sexta-feira,BR-277,721.2,Pleno dia,Decrescente,Céu Claro,Dupla,Não Informado,-25.49115,-54.51185,DEL05-PR,Risco Médio,Média
segunda-feira,BR-116,206.0,Pleno dia,Crescente,Nublado,Dupla,Reta,-23.41723,-46.3751,DEL01-SP,Risco Médio,Alta
sábado,BR-459,94.0,Plena Noite,Crescente,Céu Claro,Simples,Curva,-22.19493,-45.97997,DEL16-MG,Risco Médio,Baixa
quinta-feira,BR-101,122.0,Pleno dia,Crescente,Céu Claro,Simples,Curva,-12.17564,-38.57512,DEL01-BA,Risco Médio,Alta
terça-feira,BR-60,185.4,Amanhecer,Crescente,Céu Claro,Dupla,Desvio Temporário,-16.7956,-49.51,DEL01-GO,Risco Médio,Média
terça-feira,BR-60,270.0,Plena Noite,Crescente,Ignorado,Dupla,Reta,-17.18639,-50.06968,DEL01-GO,Risco Médio,Média
terça-feira,BR-285,522.9,Pleno dia,Crescente,Céu Claro,Simples,Não Informado,-28.39935,-54.50199,DEL10-RS,Risco Médio,Baixa
sábado,BR-381,58.9,Pleno dia,Decrescente,Céu Claro,Dupla,Curva,-23.27438,-46.58531,DEL03-SP,Risco Médio,Alta
segunda-feira,BR-20,2.0,Plena Noite,Crescente,Céu Claro,Dupla,Desvio Temporário,-15.6829,-47.84073,DEL02-DF,Risco Médio,Baixa
domingo,BR-376,1.2,Pleno dia,Crescente,Céu Claro,Dupla,Interseção de vias,-25.55907,-49.18503,DEL01-PR,Risco Baixo,Baixa
segunda-feira,BR-101,262.0,Pleno dia,Decrescente,Nublado,Dupla,Curva,-22.71528,-42.67924,DEL02-RJ,Risco Médio,Alta
quarta-feira,BR-476,118.0,Pleno dia,Crescente,Céu Claro,Dupla,Reta,-25.35634,-49.18083,DEL01-PR,Risco Médio,Baixa
domingo,BR-101,67.0,Plena Noite,Crescente,Céu Claro,Múltipla,Reta,-18.71558,-39.87573,DEL04-ES,Risco Médio,Alta
sábado,BR-364,14.8,Plena Noite,Decrescente,Céu Claro,Simples,Interseção de vias,-12.73683,-60.14772,DEL04-RO,Risco Médio,Alta
quarta-feira,BR-40,6.0,Pleno dia,Crescente,Chuva,Dupla,Reta,-16.10081,-47.97735,DEL01-DF,Risco Médio,Alta
quinta-feira,BR-20,11.7,Plena Noite,Crescente,Céu Claro,Dupla,Reta,-15.6442,-47.75596,DEL02-DF,Risco Médio,Baixa
quinta-feira,BR-232,77.6,Pleno dia,Crescente,Céu Claro,Simples,Não Informado,-8.193439,-35.54301,DEL02-PE,Risco Médio,Baixa
terça-feira,BR-424,75.3,Pleno dia,Crescente,Céu Claro,Simples,Reta,-8.804826,-36.58367,DEL03-PE,Risco Médio,Baixa
quarta-feira,BR-364,39.0,Pleno dia,Decrescente,Céu Claro,Simples,Reta,-19.95731,-48.9607,DEL13-MG,Risco Médio,Alta
sexta-feira,BR-324,518.0,Plena Noite,Crescente,Céu Claro,Dupla,Reta,-12.2582,-38.93218,DEL01-BA,Risco Médio,Baixa
domingo,BR-232,206.3,Plena Noite,Crescente,Céu Claro,Simples,Reta,-8.370146,-36.66206,DEL02-PE,Risco Baixo,Baixa
segunda-feira,BR-470,57.5,Plena Noite,Crescente,Nevoeiro/Neblina,Simples,Rotatória,-26.88043,-49.13653,DEL04-SC,Risco Médio,Baixa
segunda-feira,BR-163,728.0,Plena Noite,Crescente,Céu Claro,Simples,Desvio Temporário,-18.52735,-54.74046,DEL06-MS,Risco Médio,Alta
sexta-feira,BR-319,57.0,Pleno dia,Crescente,Chuva,Simples,Reta,-8.739714,-63.93214,DEL01-RO,Risco Médio,Baixa
domingo,BR-267,192.3,Pleno dia,Crescente,Chuva,Simples,Reta,-21.59838,-53.87472,DEL02-MS,Risco Baixo,Baixa
quarta-feira,BR-381,480.0,Pleno dia,Decrescente,Céu Claro,Dupla,Reta,-19.9575,-44.079,DEL01-MG,Risco Médio,Alta
quarta-feira,BR-101,450.4,Plena Noite,Crescente,Céu Claro,Dupla,Curva,-29.17982,-49.75464,DEL02-SC,Risco Baixo,Alta
domingo,BR-381,536.7,Pleno dia,Crescente,Céu Claro,Dupla,Reta,-20.2034,-44.3881,DEL04-MG,Risco Médio,Alta
sábado,BR-20,184.0,Plena Noite,Crescente,Céu Claro,Dupla,Curva,-14.45001,-46.46824,DEL02-DF,Risco Médio,Baixa
terça-feira,BR-101,230.0,Pleno dia,Decrescente,Céu Claro,Múltipla,Reta,-12.71965,-39.18114,DEL01-BA,Risco Baixo,Alta
sábado,BR-116,206.8,Pleno dia,Decrescente,Nublado,Simples,Curva,-29.4982,-51.12876,DEL05-RS,Risco Médio,Alta
sexta-feira,BR-101,29.6,Pleno dia,Crescente,Nublado,Dupla,Não Informado,-26.2119,-48.9159,DEL03-SC,Risco Médio,Alta
quarta-feira,BR-101,100.0,Plena Noite,Decrescente,Céu Claro,Simples,Reta,-18.97968,-39.99523,DEL04-ES,Risco Alto,Alta
quarta-feira,BR-407,126.0,Pleno dia,Crescente,Céu Claro,Simples,Rotatória,-10.45582,-40.18119,DEL04-BA,Risco Médio,Baixa
terça-feira,BR-116,176.0,Pleno dia,Decrescente,Céu Claro,Dupla,Reta,-22.78395,-43.38195,DEL01-RJ,Risco Médio,Alta
segunda-feira,BR-232,81.5,Pleno dia,Decrescente,Chuva,Dupla,Reta,-8.196977,-35.5785,DEL02-PE,Risco Médio,Baixa
segunda-feira,BR-153,643.0,Pleno dia,Crescente,Céu Claro,Dupla,Reta,-17.8972,-49.2348,DEL03-GO,Risco Médio,Alta
segunda-feira,BR-101,268.5,Pleno dia,Crescente,Nublado,Múltipla,Reta,-20.2128,-40.26995,DEL02-ES,Risco Alto,Alta
domingo,BR-324,405.0,Plena Noite,Crescente,Chuva,Simples,Reta,-11.61071,-39.62476,DEL04-BA,Risco Médio,Baixa
quarta-feira,BR-135,82.7,Pleno dia,Crescente,Chuva,Simples,Reta,-3.236217,-44.37076,DEL01-MA,Risco Médio,Baixa
sexta-feira,BR-222,178.5,Amanhecer,Crescente,Nublado,Simples,Reta,-3.48774,-44.12914,DEL01-MA,Risco Médio,Baixa
quarta-feira,BR-290,89.2,Pleno dia,Crescente,Céu Claro,Dupla,Reta,-29.96789,-51.14733,DEL01-RS,Risco Médio,Baixa
domingo,BR-116,140.0,Plena Noite,Crescente,Céu Claro,Múltipla,Reta,-22.64662,-43.21112,DEL01-RJ,Risco Médio,Alta
segunda-feira,BR-50,104.1,Pleno dia,Decrescente,Chuva,Dupla,Reta,-16.9309,-47.7117,DEL01-DF,Risco Médio,Média
sexta-feira,BR-101,67.0,Pleno dia,Decrescente,Céu Claro,Múltipla,Interseção de vias,-18.72238,-39.86183,DEL04-ES,Risco Médio,Alta
domingo,BR-104,82.0,Pleno dia,Decrescente,Sol,Simples,Reta,-8.414513,-35.9671,DEL02-PE,Risco Médio,Baixa
quinta-feira,BR-222,5.5,Plena Noite,Crescente,Céu Claro,Múltipla,Interseção de vias,-3.743671,-38.61557,DEL01-CE,Risco Baixo,Baixa
segunda-feira,BR-467,92.0,Pleno dia,Crescente,Céu Claro,Dupla,Curva,-24.8543,-53.5952,DEL04-PR,Risco Médio,Baixa
quinta-feira,BR-242,371.0,Pleno dia,Crescente,Chuva,Simples,Curva,-12.46029,-41.47742,DEL06-BA,Risco Médio,Baixa
domingo,BR-153,521.3,Pleno dia,Decrescente,Céu Claro,Múltipla,Reta,-16.8876,-49.2541,DEL01-GO,Risco Alto,Alta
sábado,BR-101,264.0,Pleno dia,Decrescente,Céu Claro,Dupla,Reta,-20.17293,-40.26736,DEL02-ES,Risco Baixo,Alta
segunda-feira,BR-163,288.0,Pleno dia,Decrescente,Céu Claro,Simples,Reta,-22.08302,-54.56976,DEL04-MS,Risco Médio,Alta
domingo,BR-153,148.0,Plena Noite,Crescente,Nublado,Dupla,Reta,-7.230231,-48.25209,DEL02-TO,Risco Baixo,Alta
quarta-feira,BR-290,43.8,Pleno dia,Crescente,Nublado,Dupla,Reta,-29.88957,-50.68932,DEL03-RS,Risco Médio,Baixa
sexta-feira,BR-40,9.0,Pleno dia,Decrescente,Céu Claro,Dupla,Reta,-16.13116,-47.95774,DEL01-DF,Risco Médio,Alta
segunda-feira,BR-116,216.7,Pleno dia,Crescente,Sol,Múltipla,Reta,-23.455,-46.473,DEL01-SP,Risco Médio,Alta
quarta-feira,BR-101,323.0,Anoitecer,Crescente,Céu Claro,Dupla,Reta,-22.87685,-43.11729,DEL02-RJ,Risco Médio,Alta
sexta-feira,BR-381,710.0,Pleno dia,Decrescente,Céu Claro,Dupla,Curva,-21.35415,-45.18126,DEL04-MG,Risco Baixo,Alta
quinta-feira,BR-116,110.9,Pleno dia,Crescente,Céu Claro,Dupla,Reta,-23.03413,-45.5527,DEL06-SP,Risco Médio,Alta
quinta-feira,BR-407,534.6,Plena Noite,Decrescente,Céu Claro,Simples,Reta,-7.793244,-41.21954,DEL04-PI,Risco Alto,Baixa
sexta-feira,BR-101,338.5,Plena Noite,Crescente,Céu Claro,Múltipla,Reta,-28.50037,-49.04638,DEL02-SC,Risco Médio,Alta
sábado,BR-101,74.5,Pleno dia,Decrescente,Céu Claro,Dupla,Curva,-8.105831,-34.94862,DEL01-PE,Risco Médio,Alta
quarta-feira,BR-101,2.8,Pleno dia,Crescente,Nublado,Dupla,Curva,-7.52315,-34.99557,DEL01-PE,Risco Baixo,Alta
domingo,BR-376,488.0,Plena Noite,Crescente,Céu Claro,Múltipla,Não Informado,-25.1351,-50.16497,DEL03-PR,Risco Médio,Baixa
terça-feira,BR-101,16.0,Pleno dia,Decrescente,Nublado,Dupla,Não Informado,-26.11427,-48.87647,DEL03-SC,Risco Médio,Alta
quarta-feira,BR-116,196.0,Anoitecer,Crescente,Nublado,Simples,Reta,-23.39266,-46.28446,DEL01-SP,Risco Médio,Alta
segunda-feira,BR-101,274.1,Anoitecer,Decrescente,Céu Claro,Dupla,Reta,-28.14175,-48.69202,DEL02-SC,Risco Alto,Alta
domingo,BR-40,527.0,Plena Noite,Decrescente,Chuva,Dupla,Curva,-19.9015,-44.04939,DEL01-MG,Risco Médio,Alta
sexta-feira,BR-40,1.0,Plena Noite,Crescente,Nublado,Dupla,Reta,-16.05824,-47.98282,DEL01-DF,Risco Médio,Alta
sábado,BR-316,2.4,Pleno dia,Decrescente,Sol,Simples,Rotatória,-5.122763,-42.79577,DEL01-PI,Risco Médio,Baixa
sábado,BR-116,98.0,Pleno dia,Decrescente,Céu Claro,Dupla,Reta,-25.51973,-49.13432,DEL01-PR,Risco Médio,Alta
quarta-feira,BR-40,86.0,Pleno dia,Decrescente,Chuva,Dupla,Curva,-22.53575,-43.23296,DEL06-RJ,Risco Baixo,Alta
quinta-feira,BR-470,7.0,Pleno dia,Crescente,Céu Claro,Simples,Não Informado,-26.84499,-48.71505,DEL04-SC,Risco Baixo,Baixa
segunda-feira,BR-40,39.9,Plena Noite,Decrescente,Céu Claro,Simples,Reta,-17.21031,-46.88222,DEL14-MG,Risco Médio,Alta
terça-feira,BR-316,408.7,Plena Noite,Decrescente,Nublado,Simples,Curva,-7.425453,-40.69988,DEL04-PI,Risco Médio,Baixa
domingo,BR-116,700.3,Pleno dia,Crescente,Sol,Simples,Rotatória,-21.10259,-42.3784,DEL07-MG,Risco Médio,Alta
sábado,BR-153,137.0,Pleno dia,Decrescente,Nublado,Simples,Desvio Temporário,-13.9671,-49.09027,DEL07-GO,Risco Médio,Alta
terça-feira,BR-407,105.4,Plena Noite,Decrescente,Céu Claro,Simples,Reta,-9.228751,-40.62363,DEL06-PE,Risco Médio,Baixa
segunda-feira,BR-280,55.0,Amanhecer,Decrescente,Céu Claro,Simples,Reta,-26.47716,-48.99658,DEL03-SC,Risco Médio,Baixa
sexta-feira,BR-381,293.0,Anoitecer,Decrescente,Céu Claro,Simples,Curva,-19.63705,-42.82962,DEL03-MG,Risco Médio,Alta
terça-feira,BR-304,300.0,Pleno dia,Crescente,Céu Claro,Dupla,Reta,-5.873767,-35.31504,DEL01-RN,Risco Médio,Baixa
quinta-feira,BR-373,182.5,Pleno dia,Crescente,Céu Claro,Simples,Reta,-25.04194,-50.26742,DEL03-PR,Risco Médio,Baixa
segunda-feira,BR-40,120.4,Pleno dia,Crescente,Nublado,Múltipla,Reta,-22.77281,-43.28627,DEL01-RJ,Risco Médio,Alta
quinta-feira,BR-116,263.2,Plena Noite,Crescente,Nublado,Simples,Não Informado,-17.74843,-41.49847,DEL11-MG,Risco Alto,Alta
sexta-feira,BR-343,348.9,Plena Noite,Crescente,Céu Claro,Simples,Reta,-5.118706,-42.78641,DEL01-PI,Risco Baixo,Baixa
domingo,BR-104,56.0,Plena Noite,Crescente,Chuva,Simples,Reta,-9.291402,-35.96058,DEL01-AL,Risco Médio,Baixa
quarta-feira,BR-262,633.7,Plena Noite,Decrescente,Céu Claro,Simples,Reta,-19.59189,-46.48101,DEL08-MG,Risco Baixo,Média
domingo,BR-290,99.2,Pleno dia,Decrescente,Céu Claro,Dupla,Reta,-29.99023,-51.23194,DEL01-RS,Risco Médio,Baixa
sexta-feira,BR-40,5.8,Pleno dia,Crescente,Sol,Dupla,Reta,-16.09313,-47.98224,DEL01-DF,Risco Médio,Alta
segunda-feira,BR-10,259.0,Pleno dia,Crescente,Céu Claro,Simples,Reta,-5.472474,-47.47222,DEL04-MA,Risco Alto,Baixa
sábado,BR-376,159.2,Pleno dia,Decrescente,Céu Claro,Dupla,Reta,-23.36498,-52.07632,DEL09-PR,Risco Médio,Baixa
segunda-feira,BR-40,562.6,Plena Noite,Decrescente,Céu Claro,Dupla,Curva,-20.14452,-43.95966,DEL01-MG,Risco Médio,Alta
sábado,BR-242,314.0,Plena Noite,Crescente,Garoa/Chuvisco,Simples,Curva,-12.49993,-41.29113,DEL06-BA,Risco Médio,Baixa
sábado,BR-101,593.0,Pleno dia,Crescente,Céu Claro,Simples,Reta,-15.44,-39.4469,DEL05-BA,Risco Médio,Alta
terça-feira,BR-153,513.0,Pleno dia,Crescente,Céu Claro,Dupla,Reta,-16.8244,-49.2421,DEL01-GO,Risco Baixo,Alta
sábado,BR-392,1.4,Pleno dia,Decrescente,Céu Claro,Simples,Reta,-32.04492,-52.08554,DEL07-RS,Risco Médio,Média
segunda-feira,BR-101,63.0,Pleno dia,Decrescente,Céu Claro,Simples,Reta,-18.69831,-39.86481,DEL04-ES,Risco Alto,Alta
terça-feira,BR-153,532.0,Plena Noite,Crescente,Céu Claro,Dupla,Reta,-16.9852,-49.2297,DEL01-GO,Risco Médio,Alta
quarta-feira,BR-60,94.0,Pleno dia,Decrescente,Céu Claro,Simples,Reta,-16.35682,-48.93064,DEL02-GO,Risco Médio,Média
quinta-feira,BR-116,83.0,Anoitecer,Decrescente,Céu Claro,Dupla,Não Informado,-25.42089,-49.07238,DEL01-PR,Risco Médio,Alta
sexta-feira,BR-40,436.0,Pleno dia,Decrescente,Céu Claro,Dupla,Reta,-19.22541,-44.44298,DEL02-MG,Risco Médio,Alta
segunda-feira,BR-101,324.0,Pleno dia,Decrescente,Sol,Dupla,Reta,-22.87381,-43.12641,DEL02-RJ,Risco Médio,Alta
segunda-feira,BR-101,185.0,Pleno dia,Crescente,Nublado,Dupla,Reta,-27.4343,-48.6256,DEL01-SC,Risco Médio,Alta
terça-feira,BR-364,570.1,Amanhecer,Crescente,Céu Claro,Simples,Ponte,-9.480373,-63.10319,DEL03-RO,Risco Alto,Alta
sábado,BR-116,225.5,Amanhecer,Decrescente,Nublado,Múltipla,Reta,-23.48838,-46.54463,DEL01-SP,Risco Médio,Alta
quinta-feira,BR-407,55.0,Pleno dia,Crescente,Céu Claro,Simples,Reta,-9.855583,-40.29513,DEL04-BA,Risco Médio,Baixa
quarta-feira,BR-262,537.6,Pleno dia,Decrescente,Céu Claro,Simples,Reta,-20.319,-56.225,DEL03-MS,Risco Baixo,Média
domingo,BR-163,153.0,Plena Noite,Crescente,Céu Claro,Simples,Reta,-25.39325,-53.57661,DEL04-PR,Risco Médio,Alta
terça-feira,BR-428,189.0,Pleno dia,Crescente,Céu Claro,Múltipla,Reta,-9.371975,-40.4868,DEL06-PE,Risco Médio,Baixa
quarta-feira,BR-101,264.3,Pleno dia,Decrescente,Sol,Múltipla,Reta,-20.09667,-40.33928,DEL02-ES,Risco Baixo,Alta
domingo,BR-40,2.8,Plena Noite,Crescente,Garoa/Chuvisco,Dupla,Viaduto,-16.00144,-47.98455,DEL01-DF,Risco Baixo,Alta
domingo,BR-101,141.0,Anoitecer,Decrescente,Chuva,Simples,Reta,-27.0473,-48.5997,DEL04-SC,Risco Baixo,Alta
domingo,BR-116,266.8,Plena Noite,Crescente,Chuva,Dupla,Reta,-22.56088,-44.12224,DEL07-RJ,Risco Médio,Alta
sexta-feira,BR-116,142.0,Pleno dia,Crescente,Céu Claro,Dupla,Reta,-22.64876,-43.23032,DEL01-RJ,Risco Baixo,Alta
sexta-feira,BR-116,680.7,Plena Noite,Crescente,Céu Claro,Simples,Não Informado,-20.94249,-42.34377,DEL07-MG,Risco Médio,Alta
quarta-feira,BR-235,5.0,Anoitecer,Crescente,Céu Claro,Dupla,Curva,-10.9041,-37.1278,DEL01-SE,Risco Médio,Baixa
quinta-feira,BR-470,74.0,Pleno dia,Crescente,Nublado,Simples,Reta,-26.91629,-49.28081,DEL04-SC,Risco Médio,Baixa
terça-feira,BR-222,248.0,Plena Noite,Crescente,Garoa/Chuvisco,Simples,Curva,-3.546162,-44.5771,DEL01-MA,Risco Baixo,Baixa
domingo,BR-163,664.0,Plena Noite,Decrescente,Chuva,Dupla,Reta,-13.2657,-56.0226,DEL06-MT,Risco Médio,Alta
sábado,BR-101,145.5,Pleno dia,Decrescente,Céu Claro,Múltipla,Reta,-19.3609,-40.06464,DEL04-ES,Risco Médio,Alta
domingo,BR-364,194.7,Plena Noite,Decrescente,Céu Claro,Simples,Reta,-11.69435,-61.17613,DEL02-RO,Risco Médio,Alta
segunda-feira,BR-116,79.0,Pleno dia,Crescente,Nublado,Simples,Reta,-22.3817,-42.95478,DEL06-RJ,Risco Médio,Alta
sábado,BR-376,3.4,Plena Noite,Crescente,Nublado,Dupla,Reta,-25.54236,-49.19079,DEL01-PR,Risco Médio,Baixa
segunda-feira,BR-101,263.0,Pleno dia,Crescente,Céu Claro,Simples,Reta,-12.96311,-39.27167,DEL01-BA,Risco Médio,Alta
terça-feira,BR-381,502.0,Pleno dia,Crescente,Chuva,Múltipla,Reta,-20.02338,-44.22951,DEL01-MG,Risco Médio,Alta
segunda-feira,BR-60,12.0,Pleno dia,Decrescente,Céu Claro,Dupla,Reta,-15.9437,-48.2596,DEL01-DF,Risco Baixo,Média
segunda-feira,BR-101,268.9,Pleno dia,Decrescente,Céu Claro,Simples,Reta,-20.21631,-40.26992,DEL02-ES,Risco Médio,Alta
segunda-feira,BR-116,640.4,Pleno dia,Decrescente,Céu Claro,Simples,Não Informado,-20.64114,-42.24518,DEL07-MG,Risco Médio,Alta
sábado,BR-472,130.9,Plena Noite,Crescente,Céu Claro,Simples,Reta,-27.7527,-54.2437,DEL10-RS,Risco Alto,Baixa
quarta-feira,BR-376,616.3,Plena Noite,Crescente,Nublado,Dupla,Reta,-25.58426,-49.17619,DEL01-PR,Risco Médio,Baixa
domingo,BR-415,34.7,Plena Noite,Crescente,Céu Claro,Simples,Curva,-14.78571,-39.22333,DEL05-BA,Risco Médio,Baixa
sábado,BR-376,660.0,Pleno dia,Crescente,Chuva,Dupla,Curva,-25.8529,-49.0007,DEL01-PR,Risco Baixo,Baixa
segunda-feira,BR-40,504.0,Pleno dia,Crescente,Chuva,Dupla,Reta,-19.7426,-44.1485,DEL02-MG,Risco Baixo,Alta
terça-feira,BR-101,210.0,Plena Noite,Crescente,Céu Claro,Múltipla,Interseção de vias,-27.61965,-48.64892,DEL01-SC,Risco Médio,Alta
quinta-feira,BR-277,299.3,Plena Noite,Decrescente,Nublado,Simples,Reta,-25.29715,-51.14067,DEL03-PR,Risco Médio,Média
terça-feira,BR-101,79.3,Plena Noite,Crescente,Céu Claro,Dupla,Reta,-8.146387,-34.946,DEL01-PE,Risco Médio,Alta
sábado,BR-40,104.0,Pleno dia,Decrescente,Céu Claro,Múltipla,Interseção de vias,-22.62898,-43.2858,DEL01-RJ,Risco Médio,Alta