dia_semana,br,km,fase_dia,sentido_via,condicao_metereologica,tipo_pista,tracado_via,latitude,longitude,delegacia,classificacao_acidente,postos_policiais_PRF
domingo,BR-10,290.0,Pleno dia,Decrescente,Sol,Simples,Desvio Temporário,-1.8944,-47.5213,DEL02-PA,Risco Alto,Baixa
quinta-feira,BR-110,359.0,Pleno dia,Decrescente,Nublado,Simples,Reta,-12.3535,-38.37921,DEL01-BA,Risco Baixo,Baixa
sábado,BR-110,84.0,Amanhecer,Crescente,Céu Claro,Simples,Desvio Temporário,-10.15988,-38.28147,DEL07-BA,Risco Alto,Baixa
sexta-feira,BR-282,0.5,Plena Noite,Crescente,Céu Claro,Dupla,Reta,-27.59845,-48.572,DEL01-SC,Risco Médio,Baixa
sexta-feira,BR-163,601.0,Pleno dia,Decrescente,Céu Claro,Simples,Reta,-13.89893,-56.09077,DEL01-MT,Risco Médio,Alta
domingo,BR-163,493.1,Plena Noite,Decrescente,Céu Claro,Simples,Reta,-20.35782,-54.52314,DEL01-MS,Risco Baixo,Alta
terça-feira,BR-101,294.0,Pleno dia,Decrescente,Chuva,Múltipla,Reta,-20.32976,-40.39879,DEL01-ES,Risco Baixo,Alta
sexta-feira,BR-376,671.0,Plena Noite,Decrescente,Nublado,Dupla,Não Informado,-25.89418,-48.93077,DEL01-PR,Risco Médio,Baixa
sexta-feira,BR-324,513.0,Pleno dia,Decrescente,Céu Claro,Simples,Reta,-12.23224,-38.95242,DEL02-BA,Risco Médio,Baixa
quarta-feira,BR-116,321.0,Plena Noite,Crescente,Céu Claro,Dupla,Reta,-23.93215,-47.06874,DEL04-SP,Risco Baixo,Alta
domingo,BR-468,3.9,Pleno dia,Crescente,Céu Claro,Simples,Interseção de vias,-27.8664,-53.3345,DEL08-RS,Risco Médio,Baixa
sexta-feira,BR-153,208.7,Plena Noite,Decrescente,Nublado,Simples,Reta,-7.72782,-48.44522,DEL02-TO,Risco Baixo,Alta
segunda-feira,BR-230,259.5,Pleno dia,Decrescente,Nublado,Simples,Curva,-7.0085,-36.697,DEL03-PB,Risco Médio,Baixa
quarta-feira,BR-163,949.0,Plena Noite,Crescente,Céu Claro,Simples,Reta,-10.907,-55.197,DEL06-MT,Risco Médio,Alta
segunda-feira,BR-476,133.0,Plena Noite,Crescente,Nublado,Múltipla,Reta,-25.4688,-49.2541,DEL01-PR,Risco Médio,Baixa
terça-feira,BR-101,487.6,Pleno dia,Decrescente,Céu Claro,Simples,Reta,-22.96829,-44.29865,DEL03-RJ,Risco Médio,Alta
terça-feira,BR-101,277.0,Plena Noite,Crescente,Garoa/Chuvisco,Dupla,Reta,-28.15478,-48.69265,DEL02-SC,Risco Médio,Alta
sábado,BR-282,28.7,Plena Noite,Decrescente,Nublado,Simples,Curva,-27.68048,-48.78713,DEL01-SC,Risco Médio,Baixa
domingo,BR-470,102.0,Plena Noite,Decrescente,Nublado,Simples,Curva,-27.04774,-49.39191,DEL04-SC,Risco Médio,Baixa
quarta-feira,BR-230,237.7,Pleno dia,Crescente,Céu Claro,Simples,Curva,-7.053194,-36.54911,DEL02-PB,Risco Médio,Baixa
terça-feira,BR-101,508.0,Pleno dia,Crescente,Céu Claro,Simples,Reta,-14.81487,-39.29669,DEL05-BA,Risco Médio,Alta
terça-feira,BR-116,211.0,Pleno dia,Crescente,Céu Claro,Múltipla,Reta,-23.436,-46.424,DEL01-SP,Risco Baixo,Alta
sexta-feira,BR-386,358.0,Pleno dia,Decrescente,Céu Claro,Dupla,Reta,-29.53306,-51.91964,DEL04-RS,Risco Médio,Média
sábado,BR-40,665.3,Pleno dia,Crescente,Sol,Simples,Não Informado,-20.9434,-43.81004,DEL05-MG,Risco Alto,Alta
sexta-feira,BR-101,135.0,Pleno dia,Crescente,Céu Claro,Simples,Reta,-9.788349,-36.10509,DEL02-AL,Risco Médio,Alta
segunda-feira,BR-262,24.4,Pleno dia,Crescente,Chuva,Simples,Reta,-20.24815,-41.94094,DEL06-MG,Risco Médio,Média
sexta-feira,BR-116,163.6,Pleno dia,Crescente,Sol,Múltipla,Reta,-22.80273,-43.29042,DEL01-RJ,Risco Alto,Alta
quinta-feira,BR-116,531.8,Plena Noite,Crescente,Nublado,Simples,Reta,-19.82454,-42.13874,DEL06-MG,Risco Baixo,Alta
quinta-feira,BR-428,84.0,Anoitecer,Crescente,Céu Claro,Simples,Desvio Temporário,-8.798369,-39.83115,DEL06-PE,Risco Médio,Baixa
sábado,BR-101,304.7,Plena Noite,Crescente,Nublado,Dupla,Reta,-20.38264,-40.45927,DEL01-ES,Risco Médio,Alta
sexta-feira,BR-101,84.9,Plena Noite,Crescente,Nublado,Dupla,Reta,-29.87076,-50.25321,DEL03-RS,Risco Alto,Alta
sexta-feira,BR-364,256.8,Pleno dia,Crescente,Nublado,Simples,Reta,-11.43558,-61.61576,DEL02-RO,Risco Médio,Alta
domingo,BR-277,65.8,Plena Noite,Crescente,Céu Claro,Dupla,Reta,-25.55303,-49.03504,DEL01-PR,Risco Alto,Média
sexta-feira,BR-381,742.6,Plena Noite,Crescente,Ignorado,Dupla,Reta,-21.6179,-45.2435,DEL16-MG,Risco Médio,Alta
quarta-feira,BR-116,91.6,Pleno dia,Crescente,Nublado,Dupla,Reta,-22.94801,-45.39605,DEL06-SP,Risco Médio,Alta
segunda-feira,BR-280,246.1,Pleno dia,Crescente,Nublado,Simples,Reta,-26.24769,-50.50335,DEL06-SC,Risco Médio,Baixa
sexta-feira,BR-116,211.5,Plena Noite,Decrescente,Céu Claro,Múltipla,Reta,-23.43243,-46.41944,DEL01-SP,Risco Baixo,Alta
sábado,BR-116,131.3,Pleno dia,Decrescente,Sol,Simples,Curva,-29.0448,-51.0902,DEL05-RS,Risco Médio,Alta
sábado,BR-428,143.8,Plena Noite,Crescente,Céu Claro,Simples,Reta,-9.015879,-40.27937,DEL06-PE,Risco Alto,Baixa
segunda-feira,BR-369,198.6,Pleno dia,Crescente,Sol,Dupla,Não Informado,-23.52179,-51.43879,DEL07-PR,Risco Médio,Baixa
terça-feira,BR-116,147.0,Plena Noite,Decrescente,Nublado,Dupla,Reta,-23.19547,-45.87185,DEL02-SP,Risco Médio,Alta
segunda-feira,BR-153,241.0,Plena Noite,Decrescente,Céu Claro,Simples,Reta,-14.84721,-49.31457,DEL07-GO,Risco Baixo,Alta
domingo,BR-20,20.0,Plena Noite,Crescente,Céu Claro,Dupla,Desvio Temporário,-15.60791,-47.69279,DEL02-DF,Risco Médio,Baixa
domingo,BR-101,495.0,Plena Noite,Crescente,Nublado,Simples,Reta,-22.92385,-44.32288,DEL03-RJ,Risco Médio,Alta
quinta-feira,BR-343,338.0,Plena Noite,Crescente,Céu Claro,Dupla,Reta,-5.063362,-42.72291,DEL01-PI,Risco Médio,Baixa
domingo,BR-116,9.0,Plena Noite,Crescente,Céu Claro,Dupla,Curva,-3.8384,-38.5013,DEL01-CE,Risco Médio,Alta
sexta-feira,BR-392,351.0,Pleno dia,Crescente,Sol,Simples,Reta,-29.72843,-53.80324,DEL09-RS,Risco Médio,Média
domingo,BR-116,177.0,Plena Noite,Decrescente,Céu Claro,Simples,Reta,-17.06236,-41.46893,DEL11-MG,Risco Médio,Alta
quarta-feira,BR-101,58.9,Pleno dia,Crescente,Sol,Dupla,Curva,-7.977277,-34.92662,DEL01-PE,Risco Baixo,Alta
terça-feira,BR-392,17.9,Pleno dia,Decrescente,Céu Claro,Dupla,Reta,-32.09048,-52.17569,DEL07-RS,Risco Baixo,Média
quinta-feira,BR-20,10.9,Plena Noite,Decrescente,Chuva,Dupla,Não Informado,-15.65024,-47.77387,DEL02-DF,Risco Baixo,Baixa
quarta-feira,BR-50,81.0,Plena Noite,Decrescente,Céu Claro,Dupla,Retorno Regulamentado,-18.9802,-48.213,DEL15-MG,Risco Médio,Média
segunda-feira,BR-40,318.8,Plena Noite,Crescente,Ignorado,Simples,Reta,-18.50324,-45.07894,DEL14-MG,Risco Alto,Alta
segunda-feira,BR-369,144.0,Anoitecer,Crescente,Céu Claro,Dupla,Não Informado,-23.29335,-51.10785,DEL07-PR,Risco Médio,Baixa
sábado,BR-101,57.6,Pleno dia,Decrescente,Chuva,Dupla,Não Informado,-26.43646,-48.81113,DEL03-SC,Risco Médio,Alta
terça-feira,BR-70,539.0,Pleno dia,Crescente,Céu Claro,Simples,Reta,-15.67909,-56.29538,DEL01-MT,Risco Baixo,Baixa
sexta-feira,BR-101,433.0,Pleno dia,Crescente,Céu Claro,Simples,Interseção de vias,-22.93843,-44.03644,DEL03-RJ,Risco Baixo,Alta
quinta-feira,BR-304,47.0,Plena Noite,Crescente,Céu Claro,Dupla,Reta,-5.184128,-37.34778,DEL04-RN,Risco Baixo,Baixa
sexta-feira,BR-369,150.0,Pleno dia,Decrescente,Céu Claro,Dupla,Reta,-23.29295,-51.16373,DEL07-PR,Risco Médio,Baixa
sábado,BR-376,305.8,Pleno dia,Decrescente,Nublado,Dupla,Curva,-23.95912,-51.11371,DEL07-PR,Risco Médio,Baixa
domingo,BR-116,251.6,Pleno dia,Crescente,Céu Claro,Simples,Reta,-27.84976,-50.38066,DEL05-SC,Risco Médio,Alta
sexta-feira,BR-230,17.0,Pleno dia,Crescente,Chuva,Dupla,Reta,-7.118012,-34.8438,DEL01-PB,Risco Médio,Baixa
domingo,BR-40,573.0,Pleno dia,Decrescente,Céu Claro,Simples,Reta,-20.23925,-43.96636,DEL01-MG,Risco Alto,Alta
segunda-feira,BR-101,79.2,Pleno dia,Crescente,Nublado,Dupla,Reta,-29.81837,-50.24553,DEL03-RS,Risco Médio,Alta
quarta-feira,BR-319,57.0,Plena Noite,Decrescente,Céu Claro,Simples,Não Informado,-8.737236,-63.91799,DEL01-RO,Risco Baixo,Baixa
segunda-feira,BR-101,121.0,Pleno dia,Decrescente,Garoa/Chuvisco,Dupla,Reta,-26.92103,-48.70856,DEL04-SC,Risco Médio,Alta
sábado,BR-163,95.0,Pleno dia,Crescente,Céu Claro,Dupla,Reta,-16.70043,-54.66029,DEL02-MT,Risco Médio,Alta
terça-feira,BR-101,94.4,Plena Noite,Decrescente,Céu Claro,Dupla,Reta,-7.220625,-34.91352,DEL01-PB,Risco Baixo,Alta
sábado,BR-20,410.8,Pleno dia,Crescente,Céu Claro,Dupla,Não Informado,-3.76999,-38.67006,DEL01-CE,Risco Médio,Baixa
domingo,BR-324,357.0,Plena Noite,Decrescente,Céu Claro,Simples,Reta,-11.39075,-39.97979,DEL04-BA,Risco Médio,Baixa
terça-feira,BR-174,343.0,Plena Noite,Decrescente,Céu Claro,Simples,Reta,-14.77728,-59.33525,DEL04-MT,Risco Baixo,Baixa
quarta-feira,BR-153,65.0,Pleno dia,Crescente,Nublado,Simples,Reta,-20.83559,-49.3657,DEL09-SP,Risco Médio,Alta
domingo,BR-101,948.0,Plena Noite,Crescente,Céu Claro,Simples,Reta,-18.1684,-39.91874,DEL09-BA,Risco Baixo,Alta
domingo,BR-316,29.3,Anoitecer,Crescente,Céu Claro,Simples,Curva,-5.324991,-42.69866,DEL01-PI,Risco Médio,Baixa
segunda-feira,BR-242,568.0,Pleno dia,Decrescente,Céu Claro,Simples,Curva,-12.08629,-43.13292,DEL10-BA,Risco Médio,Baixa
domingo,BR-282,286.0,Pleno dia,Crescente,Chuva,Simples,Curva,-27.57052,-50.80942,DEL05-SC,Risco Médio,Baixa
quarta-feira,BR-101,250.0,Plena Noite,Decrescente,Garoa/Chuvisco,Dupla,Reta,-27.94186,-48.66644,DEL02-SC,Risco Médio,Alta
sexta-feira,BR-277,722.0,Pleno dia,Crescente,Céu Claro,Dupla,Reta,-25.49495,-54.52095,DEL05-PR,Risco Médio,Média
quinta-feira,BR-158,325.1,Plena Noite,Crescente,Céu Claro,Simples,Reta,-29.69536,-53.78405,DEL09-RS,Risco Médio,Baixa
quarta-feira,BR-386,354.0,Pleno dia,Crescente,Céu Claro,Dupla,Não Informado,-29.50661,-51.94301,DEL04-RS,Risco Médio,Média
terça-feira,BR-101,206.0,Anoitecer,Decrescente,Nublado,Dupla,Reta,-27.59194,-48.61825,DEL01-SC,Risco Médio,Alta
sábado,BR-356,267.4,Pleno dia,Decrescente,Nublado,Simples,Reta,-21.12726,-42.35053,DEL07-MG,Risco Médio,Baixa
quarta-feira,BR-376,227.3,Pleno dia,Decrescente,Céu Claro,Dupla,Reta,-23.56925,-51.54729,DEL07-PR,Risco Médio,Baixa
segunda-feira,BR-235,470.0,Pleno dia,Crescente,Céu Claro,Simples,Reta,-9.313478,-41.70285,DEL04-BA,Risco Médio,Baixa
domingo,BR-20,59.8,Pleno dia,Decrescente,Céu Claro,Simples,Não Informado,-15.25577,-47.16512,DEL02-DF,Risco Baixo,Baixa
domingo,BR-290,143.6,Plena Noite,Crescente,Céu Claro,Simples,Reta,-30.09681,-51.64705,DEL02-RS,Risco Médio,Baixa
terça-feira,BR-381,34.0,Plena Noite,Crescente,Céu Claro,Dupla,Reta,-23.07994,-46.56986,DEL03-SP,Risco Médio,Alta
quarta-feira,BR-230,35.7,Pleno dia,Decrescente,Céu Claro,Dupla,Não Informado,-7.125114,-34.9465,DEL01-PB,Risco Baixo,Baixa
quarta-feira,BR-153,122.2,Plena Noite,Crescente,Céu Claro,Simples,Reta,-23.84908,-50.1882,DEL07-PR,Risco Baixo,Alta
quarta-feira,BR-40,42.7,Pleno dia,Decrescente,Chuva,Simples,Rotatória,-17.21884,-46.86668,DEL14-MG,Risco Médio,Alta
segunda-feira,BR-285,674.2,Plena Noite,Crescente,Céu Claro,Simples,Curva,-28.65482,-55.97878,DEL12-RS,Risco Baixo,Baixa
terça-feira,BR-116,389.0,Pleno dia,Crescente,Céu Claro,Dupla,Reta,-24.27281,-47.40623,DEL04-SP,Risco Médio,Alta
sábado,BR-285,331.5,Pleno dia,Decrescente,Céu Claro,Simples,Interseção de vias,-28.30048,-52.74212,DEL08-RS,Risco Médio,Baixa
sexta-feira,BR-135,10.1,Pleno dia,Decrescente,Nublado,Dupla,Reta,-2.624471,-44.26666,DEL01-MA,Risco Médio,Baixa
sexta-feira,BR-376,474.4,Pleno dia,Decrescente,Chuva,Dupla,Curva,-25.03698,-50.2975,DEL03-PR,Risco Médio,Baixa
quinta-feira,BR-364,573.0,Plena Noite,Decrescente,Céu Claro,Dupla,Curva,-14.70708,-56.32215,DEL01-MT,Risco Baixo,Alta
terça-feira,BR-101,41.0,Plena Noite,Crescente,Céu Claro,Dupla,Reta,-7.830383,-34.91427,DEL01-PE,Risco Baixo,Alta
sexta-feira,BR-10,256.5,Pleno dia,Decrescente,Céu Claro,Simples,Reta,-5.502049,-47.47185,DEL04-MA,Risco Baixo,Baixa
quarta-feira,BR-259,49.1,Pleno dia,Decrescente,Nublado,Simples,Desvio Temporário,-19.50852,-40.60724,DEL02-ES,Risco Médio,Baixa
quinta-feira,BR-101,75.6,Pleno dia,Crescente,Nublado,Dupla,Reta,-8.109735,-34.9466,DEL01-PE,Risco Médio,Alta
sábado,BR-232,5.7,Pleno dia,Decrescente,Garoa/Chuvisco,Dupla,Reta,-8.070255,-34.95127,DEL01-PE,Risco Médio,Baixa
quinta-feira,BR-427,98.0,Pleno dia,Decrescente,Céu Claro,Dupla,Rotatória,-6.429761,-37.08358,DEL03-RN,Risco Alto,Baixa
quinta-feira,BR-493,20.0,Pleno dia,Crescente,Céu Claro,Simples,Reta,-22.66364,-43.0365,DEL04-RJ,Risco Médio,Baixa
sexta-feira,BR-376,239.0,Pleno dia,Crescente,Céu Claro,Simples,Curva,-24.78829,-50.47008,DEL07-PR,Risco Médio,Baixa
sábado,BR-116,149.5,Plena Noite,Crescente,Chuva,Dupla,Desvio Temporário,-29.16263,-51.15746,DEL05-RS,Risco Médio,Alta
domingo,BR-153,51.8,Amanhecer,Crescente,Nevoeiro/Neblina,Simples,Não Informado,-27.66025,-52.28414,DEL08-RS,Risco Médio,Alta
sábado,BR-277,727.2,Plena Noite,Decrescente,Nublado,Dupla,Reta,-25.51017,-54.56455,DEL05-PR,Risco Baixo,Média
segunda-feira,BR-316,57.0,Pleno dia,Decrescente,Nublado,Dupla,Reta,-1.306961,-48.03478,DEL01-PA,Risco Médio,Baixa
quarta-feira,BR-282,432.0,Plena Noite,Decrescente,Ignorado,Simples,Reta,-26.98124,-51.81484,DEL07-SC,Risco Médio,Baixa
sábado,BR-277,338.0,Plena Noite,Decrescente,Céu Claro,Dupla,Reta,-25.34042,-51.42163,DEL08-PR,Risco Baixo,Média
sábado,BR-20,84.0,Plena Noite,Decrescente,Céu Claro,Simples,Reta,-6.001245,-40.28031,DEL02-CE,Risco Médio,Baixa
sexta-feira,BR-376,616.9,Pleno dia,Decrescente,Garoa/Chuvisco,Dupla,Curva,-25.58426,-49.17619,DEL01-PR,Risco Médio,Baixa
segunda-feira,BR-101,134.5,Plena Noite,Crescente,Céu Claro,Simples,Curva,-27.0049,-48.6266,DEL04-SC,Risco Médio,Alta
domingo,BR-210,104.0,Plena Noite,Decrescente,Chuva,Simples,Reta,0.6985633,-51.39692,DEL01-AP,Risco Médio,Baixa
quinta-feira,BR-101,212.7,Pleno dia,Crescente,Céu Claro,Múltipla,Reta,-27.62997,-48.65904,DEL01-SC,Risco Médio,Alta
domingo,BR-116,206.5,Plena Noite,Decrescente,Garoa/Chuvisco,Simples,Reta,-17.29126,-41.51824,DEL11-MG,Risco Médio,Alta
segunda-feira,BR-116,227.0,Pleno dia,Crescente,Céu Claro,Múltipla,Reta,-23.49829,-46.55977,DEL01-SP,Risco Médio,Alta
quarta-feira,BR-282,495.0,Pleno dia,Crescente,Chuva,Múltipla,Reta,-26.87535,-52.32708,DEL07-SC,Risco Médio,Baixa
quarta-feira,BR-153,49.8,Plena Noite,Decrescente,Céu Claro,Dupla,Retorno Regulamentado,-18.81821,-49.08716,DEL15-MG,Risco Baixo,Alta
quarta-feira,BR-153,43.1,Plena Noite,Crescente,Nublado,Simples,Reta,-23.30212,-50.07031,DEL07-PR,Risco Médio,Alta
quinta-feira,BR-343,182.4,Plena Noite,Decrescente,Céu Claro,Simples,Reta,-4.257154,-41.75996,DEL02-PI,Risco Médio,Baixa
segunda-feira,BR-364,131.0,Plena Noite,Decrescente,Nublado,Dupla,Curva,-10.01595,-67.84094,DEL01-AC,Risco Médio,Alta
domingo,BR-116,294.0,Pleno dia,Crescente,Céu Claro,Dupla,Reta,-23.76155,-46.90483,DEL04-SP,Risco Médio,Alta
sexta-feira,BR-259,58.0,Plena Noite,Decrescente,Céu Claro,Simples,Desvio Temporário,-19.51447,-40.66079,DEL02-ES,Risco Médio,Baixa
quarta-feira,BR-101,286.5,Pleno dia,Decrescente,Céu Claro,Dupla,Reta,-20.26858,-40.3887,DEL01-ES,Risco Médio,Alta
domingo,BR-163,482.9,Plena Noite,Decrescente,Nublado,Simples,Reta,-20.46271,-54.55411,DEL01-MS,Risco Médio,Alta
quinta-feira,BR-101,265.5,Amanhecer,Crescente,Céu Claro,Múltipla,Não Informado,-28.06844,-48.71461,DEL02-SC,Risco Médio,Alta
sexta-feira,BR-116,293.2,Anoitecer,Decrescente,Céu Claro,Simples,Reta,-17.98571,-41.55886,DEL11-MG,Risco Médio,Alta
quinta-feira,BR-116,222.0,Pleno dia,Decrescente,Céu Claro,Simples,Curva,-22.67991,-43.81422,DEL07-RJ,Risco Baixo,Alta
domingo,BR-163,249.0,Pleno dia,Decrescente,Sol,Simples,Reta,-22.3149,-54.81986,DEL04-MS,Risco Médio,Alta
quarta-feira,BR-101,83.0,Pleno dia,Crescente,Nublado,Dupla,Reta,-5.771045,-35.26617,DEL02-RN,Risco Médio,Alta
quarta-feira,BR-101,68.0,Pleno dia,Crescente,Garoa/Chuvisco,Dupla,Não Informado,-8.051013,-34.94607,DEL01-PE,Risco Médio,Alta
sexta-feira,BR-304,53.2,Plena Noite,Crescente,Céu Claro,Simples,Reta,-4.573452,-37.73777,DEL03-CE,Risco Baixo,Baixa
terça-feira,BR-101,296.0,Pleno dia,Decrescente,Céu Claro,Múltipla,Reta,-20.3403,-40.40406,DEL01-ES,Risco Médio,Alta
quarta-feira,BR-376,147.0,Pleno dia,Crescente,Céu Claro,Simples,Reta,-23.2885,-52.141,DEL07-PR,Risco Baixo,Baixa
terça-feira,BR-452,180.0,Plena Noite,Decrescente,Céu Claro,Simples,Reta,-18.3749,-49.35444,DEL03-GO,Risco Médio,Baixa
sábado,BR-116,576.0,Plena Noite,Crescente,Garoa/Chuvisco,Simples,Curva,-13.0556,-39.95874,DEL03-BA,Risco Médio,Alta
sábado,BR-386,344.4,Anoitecer,Decrescente,Céu Claro,Dupla,Desvio Temporário,-29.44589,-51.97704,DEL04-RS,Risco Médio,Média
sexta-feira,BR-277,78.0,Plena Noite,Crescente,Céu Claro,Dupla,Reta,-25.5307,-49.1958,DEL01-PR,Risco Médio,Média
domingo,BR-343,267.3,Plena Noite,Decrescente,Céu Claro,Simples,Reta,-4.836641,-42.18172,DEL01-PI,Risco Médio,Baixa
terça-feira,BR-259,35.1,Pleno dia,Decrescente,Céu Claro,Simples,Curva,-19.5545,-40.50036,DEL02-ES,Risco Médio,Baixa
sexta-feira,BR-277,350.0,Pleno dia,Decrescente,Sol,Simples,Reta,-25.39314,-51.52605,DEL03-PR,Risco Médio,Média
sexta-feira,BR-116,272.6,Plena Noite,Crescente,Chuva,Dupla,Reta,-23.62169,-46.81329,DEL04-SP,Risco Médio,Alta
sábado,BR-259,79.1,Pleno dia,Crescente,Céu Claro,Simples,Curva,-19.52264,-40.82553,DEL02-ES,Risco Médio,Baixa
segunda-feira,BR-470,237.0,Plena Noite,Crescente,Céu Claro,Simples,Não Informado,-29.33474,-51.5012,DEL06-RS,Risco Médio,Baixa
quarta-feira,BR-116,548.0,Plena Noite,Crescente,Nublado,Simples,Curva,-24.95393,-48.44727,DEL05-SP,Risco Médio,Alta
sábado,BR-381,427.0,Pleno dia,Decrescente,Céu Claro,Dupla,Túnel,-19.78855,-43.69815,DEL01-MG,Risco Baixo,Alta
segunda-feira,BR-262,387.8,Pleno dia,Crescente,Céu Claro,Dupla,Reta,-19.9163,-44.4964,DEL01-MG,Risco Médio,Média
segunda-feira,BR-116,126.0,Pleno dia,Decrescente,Céu Claro,Múltipla,Reta,-25.63741,-49.31308,DEL01-PR,Risco Médio,Alta
quarta-feira,BR-110,391.0,Plena Noite,Crescente,Céu Claro,Simples,Reta,-12.4954,-38.4887,DEL01-BA,Risco Médio,Baixa
domingo,BR-427,62.5,Plena Noite,Crescente,Céu Claro,Simples,Curva,-6.576503,-36.82659,DEL03-RN,Risco Médio,Baixa
segunda-feira,BR-163,595.0,Pleno dia,Crescente,Céu Claro,Dupla,Reta,-13.95213,-56.09686,DEL01-MT,Risco Médio,Alta
terça-feira,BR-101,30.0,Plena Noite,Decrescente,Céu Claro,Dupla,Reta,-6.7483,-35.1338,DEL01-PB,Risco Médio,Alta
terça-feira,BR-277,39.8,Pleno dia,Crescente,Sol,Dupla,Curva,-25.57993,-48.87165,DEL01-PR,Risco Baixo,Média
sábado,BR-50,303.8,Pleno dia,Crescente,Chuva,Simples,Curva,-18.38207,-48.06695,DEL06-GO,Risco Médio,Média
sexta-feira,BR-116,163.0,Pleno dia,Crescente,Chuva,Múltipla,Reta,-22.80273,-43.29042,DEL01-RJ,Risco Médio,Alta
sábado,BR-282,490.1,Pleno dia,Crescente,Céu Claro,Simples,Curva,-26.8746,-52.28281,DEL07-SC,Risco Baixo,Baixa
segunda-feira,BR-376,182.0,Amanhecer,Crescente,Céu Claro,Simples,Reta,-23.43461,-51.88266,DEL09-PR,Risco Médio,Baixa
domingo,BR-470,103.9,Pleno dia,Crescente,Nublado,Simples,Reta,-27.06144,-49.41398,DEL04-SC,Risco Médio,Baixa
sábado,BR-50,178.7,Pleno dia,Decrescente,Céu Claro,Dupla,Não Informado,-19.77897,-47.94094,DEL13-MG,Risco Baixo,Média
segunda-feira,BR-163,680.8,Plena Noite,Crescente,Céu Claro,Simples,Reta,-18.92417,-54.83539,DEL06-MS,Risco Baixo,Alta
domingo,BR-316,5.5,Pleno dia,Crescente,Sol,Múltipla,Interseção de vias,-5.144018,-42.7782,DEL01-PI,Risco Médio,Baixa
terça-feira,BR-101,293.0,Plena Noite,Crescente,Nublado,Dupla,Reta,-20.31526,-40.39567,DEL01-ES,Risco Médio,Alta
sábado,BR-424,87.0,Plena Noite,Crescente,Céu Claro,Simples,Desvio Temporário,-8.874289,-36.50761,DEL03-PE,Risco Médio,Baixa
domingo,BR-376,312.3,Pleno dia,Crescente,Chuva,Simples,Reta,-23.97496,-51.09168,DEL07-PR,Risco Médio,Baixa
sábado,BR-242,293.0,Anoitecer,Decrescente,Garoa/Chuvisco,Simples,Reta,-12.44105,-40.83284,DEL06-BA,Risco Médio,Baixa
sexta-feira,BR-116,184.7,Plena Noite,Crescente,Nublado,Simples,Interseção de vias,-27.30242,-50.42467,DEL05-SC,Risco Médio,Alta
quarta-feira,BR-242,528.0,Pleno dia,Crescente,Céu Claro,Simples,Reta,-12.32491,-42.73733,DEL10-BA,Risco Baixo,Baixa
quinta-feira,BR-259,7.0,Pleno dia,Crescente,Sol,Simples,Curva,-19.68741,-40.38948,DEL02-ES,Risco Médio,Baixa
terça-feira,BR-467,80.5,Amanhecer,Crescente,Nublado,Dupla,Curva,-24.79178,-53.67626,DEL04-PR,Risco Médio,Baixa
terça-feira,BR-10,157.0,Plena Noite,Decrescente,Céu Claro,Simples,Reta,-6.34733,-47.37488,DEL04-MA,Risco Médio,Baixa
quarta-feira,BR-153,500.2,Anoitecer,Crescente,Nublado,Simples,Reta,-16.7068,-49.23102,DEL01-GO,Risco Médio,Alta
quarta-feira,BR-116,150.0,Pleno dia,Crescente,Nublado,Simples,Reta,-25.81557,-49.33089,DEL01-PR,Risco Médio,Alta
sábado,BR-116,227.0,Pleno dia,Decrescente,Céu Claro,Múltipla,Reta,-23.49954,-46.56057,DEL01-SP,Risco Médio,Alta
domingo,BR-242,464.0,Plena Noite,Crescente,Céu Claro,Simples,Curva,-12.44768,-42.18044,DEL06-BA,Risco Alto,Baixa
quarta-feira,BR-230,25.8,Pleno dia,Decrescente,Sol,Múltipla,Viaduto,-7.1707,-34.8684,DEL01-PB,Risco Médio,Baixa
sexta-feira,BR-316,5.0,Plena Noite,Crescente,Céu Claro,Dupla,Reta,-1.362102,-48.36889,DEL01-PA,Risco Médio,Baixa
quinta-feira,BR-163,730.0,Pleno dia,Crescente,Céu Claro,Dupla,Interseção de vias,-18.50979,-54.73602,DEL06-MS,Risco Médio,Alta
sábado,BR-101,113.0,Plena Noite,Crescente,Céu Claro,Dupla,Reta,-26.85311,-48.7269,DEL04-SC,Risco Baixo,Alta
domingo,BR-232,17.9,Pleno dia,Crescente,Ignorado,Dupla,Curva,-8.095652,-35.04582,DEL01-PE,Risco Baixo,Baixa
domingo,BR-116,269.0,Pleno dia,Decrescente,Céu Claro,Dupla,Não Informado,-23.61593,-46.78826,DEL04-SP,Risco Baixo,Alta
segunda-feira,BR-230,134.3,Pleno dia,Decrescente,Sol,Dupla,Reta,-7.2774,-35.7367,DEL02-PB,Risco Alto,Baixa
quinta-feira,BR-381,361.7,Amanhecer,Crescente,Chuva,Simples,Curva,-19.85644,-43.24281,DEL03-MG,Risco Alto,Alta
domingo,BR-324,585.0,Pleno dia,Crescente,Sol,Dupla,Reta,-12.65314,-38.47331,DEL01-BA,Risco Alto,Baixa
segunda-feira,BR-277,707.4,Plena Noite,Crescente,Céu Claro,Dupla,Reta,-25.44083,-54.39072,DEL05-PR,Risco Alto,Média
segunda-feira,BR-20,401.0,Pleno dia,Crescente,Céu Claro,Simples,Reta,-3.793475,-38.70838,DEL01-CE,Risco Médio,Baixa
sábado,BR-316,32.0,Pleno dia,Crescente,Sol,Simples,Reta,-5.34218,-42.68627,DEL01-PI,Risco Médio,Baixa