dia_semana,br,km,fase_dia,sentido_via,condicao_metereologica,tipo_pista,tracado_via,latitude,longitude,delegacia,classificacao_acidente,postos_policiais_PRF
quinta-feira,BR-267,32.8,Pleno dia,Crescente,Chuva,Simples,Curva,-21.6528,-42.8664,DEL07-MG,Risco Médio,Baixa
quarta-feira,BR-101,269.3,Plena Noite,Crescente,Nublado,Dupla,Reta,-20.225,-40.27051,DEL02-ES,Risco Médio,Alta
segunda-feira,BR-116,172.3,Pleno dia,Crescente,Nublado,Simples,Reta,-29.31663,-51.16927,DEL05-RS,Risco Médio,Alta
sábado,BR-369,43.0,Pleno dia,Decrescente,Vento,Simples,Não Informado,-23.08063,-50.27231,DEL07-PR,Risco Médio,Baixa
sexta-feira,BR-262,171.2,Pleno dia,Decrescente,Céu Claro,Simples,Curva,-20.26382,-41.59582,DEL01-ES,Risco Médio,Média
segunda-feira,BR-222,253.9,Pleno dia,Decrescente,Chuva,Simples,Reta,-3.576982,-44.59568,DEL01-MA,Risco Baixo,Baixa
sexta-feira,BR-476,132.0,Plena Noite,Crescente,Céu Claro,Dupla,Reta,-25.46072,-49.25049,DEL01-PR,Risco Baixo,Baixa
quarta-feira,BR-364,272.0,Pleno dia,Crescente,Céu Claro,Dupla,Rotatória,-15.96584,-54.96193,DEL02-MT,Risco Médio,Alta
sábado,BR-232,47.0,Pleno dia,Decrescente,Céu Claro,Dupla,Reta,-8.137697,-35.29734,DEL01-PE,Risco Médio,Baixa
segunda-feira,BR-101,18.5,Plena Noite,Crescente,Céu Claro,Dupla,Reta,-7.65105,-34.94695,DEL01-PE,Risco Médio,Alta
segunda-feira,BR-70,36.7,Plena Noite,Crescente,Céu Claro,Simples,Reta,-15.77796,-48.49866,DEL01-DF,Risco Médio,Baixa
terça-feira,BR-356,154.5,Pleno dia,Crescente,Céu Claro,Simples,Reta,-21.75412,-41.23035,DEL08-RJ,Risco Médio,Baixa
quarta-feira,BR-60,7.0,Plena Noite,Decrescente,Chuva,Dupla,Reta,-15.90124,-48.12233,DEL01-DF,Risco Baixo,Média
quarta-feira,BR-381,71.5,Pleno dia,Decrescente,Chuva,Dupla,Não Informado,-23.35403,-46.55631,DEL03-SP,Risco Baixo,Alta
quinta-feira,BR-70,5.0,Pleno dia,Crescente,Céu Claro,Dupla,Reta,-15.79466,-48.09678,DEL01-DF,Risco Baixo,Baixa
quinta-feira,BR-153,135.0,Pleno dia,Crescente,Nublado,Simples,Reta,-7.129014,-48.19847,DEL02-TO,Risco Médio,Alta
sexta-feira,BR-101,263.0,Anoitecer,Decrescente,Céu Claro,Simples,Reta,-12.97879,-39.28396,DEL01-BA,Risco Médio,Alta
segunda-feira,BR-101,281.5,Pleno dia,Decrescente,Céu Claro,Dupla,Reta,-20.22206,-40.35796,DEL02-ES,Risco Médio,Alta
quarta-feira,BR-277,471.3,Pleno dia,Crescente,Céu Claro,Simples,Não Informado,-25.30797,-52.53651,DEL04-PR,Risco Médio,Média
terça-feira,BR-381,506.0,Pleno dia,Decrescente,Sol,Dupla,Reta,-20.05039,-44.27963,DEL01-MG,Risco Médio,Alta
sexta-feira,BR-153,505.7,Plena Noite,Decrescente,Céu Claro,Dupla,Reta,-16.7537,-49.2411,DEL01-GO,Risco Médio,Alta
quarta-feira,BR-20,314.0,Plena Noite,Crescente,Céu Claro,Simples,Desvio Temporário,-4.333103,-39.28697,DEL02-CE,Risco Médio,Baixa
quarta-feira,BR-116,771.6,Pleno dia,Decrescente,Sol,Simples,Curva,-21.55638,-42.67583,DEL07-MG,Risco Médio,Alta
domingo,BR-277,26.3,Pleno dia,Decrescente,Nublado,Dupla,Reta,-25.53625,-48.76831,DEL01-PR,Risco Médio,Média
terça-feira,BR-222,4.4,Pleno dia,Decrescente,Céu Claro,Dupla,Reta,-3.741648,-38.6045,DEL01-CE,Risco Médio,Baixa
domingo,BR-262,209.0,Pleno dia,Decrescente,Sol,Simples,Desvio Temporário,-20.46542,-53.47699,DEL07-MS,Risco Médio,Média
sexta-feira,BR-277,287.0,Pleno dia,Crescente,Céu Claro,Simples,Interseção de vias,-25.3204,-50.97627,DEL03-PR,Risco Médio,Média
sábado,BR-116,764.0,Pleno dia,Crescente,Céu Claro,Simples,Reta,-21.52172,-42.6403,DEL07-MG,Risco Médio,Alta
domingo,BR-101,70.0,Pleno dia,Crescente,Céu Claro,Simples,Reta,-21.77986,-41.37006,DEL08-RJ,Risco Médio,Alta
domingo,BR-232,107.3,Plena Noite,Decrescente,Céu Claro,Dupla,Reta,-8.273218,-35.80261,DEL02-PE,Risco Alto,Baixa
sexta-feira,BR-101,719.0,Pleno dia,Crescente,Céu Claro,Simples,Interseção de vias,-16.37279,-39.58048,DEL09-BA,Risco Médio,Alta
terça-feira,BR-40,511.0,Pleno dia,Decrescente,Céu Claro,Dupla,Reta,-19.78064,-44.1182,DEL01-MG,Risco Médio,Alta
quinta-feira,BR-381,550.0,Pleno dia,Crescente,Chuva,Dupla,Curva,-20.299,-44.441,DEL04-MG,Risco Médio,Alta
sexta-feira,BR-40,38.0,Pleno dia,Decrescente,Céu Claro,Dupla,Reta,-17.2105,-46.89947,DEL14-MG,Risco Baixo,Alta
quinta-feira,BR-290,385.1,Pleno dia,Decrescente,Céu Claro,Simples,Reta,-30.34674,-54.00068,DEL09-RS,Risco Médio,Baixa
quinta-feira,BR-40,101.0,Plena Noite,Crescente,Nublado,Simples,Reta,-22.6068,-43.28706,DEL06-RJ,Risco Médio,Alta
terça-feira,BR-135,150.0,Pleno dia,Crescente,Sol,Simples,Reta,-11.92274,-44.89092,DEL10-BA,Risco Alto,Baixa
sábado,BR-116,14.0,Plena Noite,Crescente,Céu Claro,Dupla,Reta,-25.37943,-49.15893,DEL01-PR,Risco Médio,Alta
sexta-feira,BR-116,17.5,Plena Noite,Crescente,Chuva,Dupla,Reta,-25.38915,-49.19182,DEL01-PR,Risco Baixo,Alta
sexta-feira,BR-101,298.1,Pleno dia,Decrescente,Céu Claro,Dupla,Retorno Regulamentado,-20.35861,-40.42328,DEL01-ES,Risco Médio,Alta
terça-feira,BR-10,269.0,Amanhecer,Crescente,Céu Claro,Simples,Reta,-2.078109,-47.55962,DEL02-PA,Risco Alto,Baixa
quarta-feira,BR-20,10.0,Pleno dia,Crescente,Chuva,Dupla,Interseção de vias,-15.65024,-47.77387,DEL02-DF,Risco Médio,Baixa
sexta-feira,BR-153,374.0,Pleno dia,Crescente,Céu Claro,Simples,Reta,-15.8785,-49.24806,DEL02-GO,Risco Médio,Alta
quinta-feira,BR-381,70.3,Pleno dia,Decrescente,Céu Claro,Dupla,Reta,-23.34926,-46.55661,DEL03-SP,Risco Médio,Alta
terça-feira,BR-20,409.0,Pleno dia,Crescente,Céu Claro,Dupla,Reta,-3.76999,-38.67006,DEL01-CE,Risco Médio,Baixa
terça-feira,BR-174,290.0,Pleno dia,Crescente,Céu Claro,Simples,Reta,-15.21536,-59.32007,DEL04-MT,Risco Médio,Baixa
quarta-feira,BR-282,425.7,Pleno dia,Decrescente,Garoa/Chuvisco,Simples,Curva,-26.98187,-51.7546,DEL07-SC,Risco Alto,Baixa
terça-feira,BR-40,58.0,Pleno dia,Crescente,Céu Claro,Dupla,Curva,-22.37878,-43.13152,DEL06-RJ,Risco Médio,Alta
segunda-feira,BR-101,334.0,Pleno dia,Decrescente,Nublado,Simples,Interseção de vias,-28.46963,-49.01499,DEL02-SC,Risco Médio,Alta
terça-feira,BR-101,289.9,Pleno dia,Crescente,Sol,Dupla,Reta,-20.28719,-40.39221,DEL01-ES,Risco Médio,Alta
sábado,BR-381,636.9,Plena Noite,Decrescente,Chuva,Dupla,Curva,-20.87417,-44.84403,DEL04-MG,Risco Baixo,Alta
terça-feira,BR-101,82.0,Pleno dia,Crescente,Céu Claro,Dupla,Reta,-8.171966,-34.93976,DEL01-PE,Risco Médio,Alta
quarta-feira,BR-290,286.9,Pleno dia,Decrescente,Sol,Simples,Reta,-30.25947,-53.08242,DEL02-RS,Risco Baixo,Baixa
segunda-feira,BR-116,40.0,Plena Noite,Crescente,Nublado,Simples,Interseção de vias,-22.13343,-42.77952,DEL04-RJ,Risco Médio,Alta
segunda-feira,BR-376,289.0,Plena Noite,Decrescente,Nublado,Dupla,Curva,-23.88498,-51.23696,DEL07-PR,Risco Médio,Baixa
sábado,BR-40,752.5,Amanhecer,Decrescente,Céu Claro,Simples,Curva,-21.50175,-43.53305,DEL05-MG,Risco Médio,Alta
sábado,BR-471,175.0,Pleno dia,Crescente,Céu Claro,Simples,Curva,-30.03156,-52.37167,DEL02-RS,Risco Médio,Baixa
quinta-feira,BR-153,192.0,Plena Noite,Decrescente,Chuva,Dupla,Curva,-24.42289,-50.39316,DEL03-PR,Risco Médio,Alta
segunda-feira,BR-40,587.5,Pleno dia,Decrescente,Nublado,Dupla,Curva,-20.34858,-43.92201,DEL01-MG,Risco Alto,Alta
domingo,BR-60,402.0,Pleno dia,Decrescente,Nublado,Dupla,Curva,-17.8184,-51.0733,DEL04-GO,Risco Médio,Média
sexta-feira,BR-163,101.0,Pleno dia,Decrescente,Chuva,Dupla,Reta,-16.65297,-54.6857,DEL02-MT,Risco Médio,Alta
sexta-feira,BR-116,447.0,Pleno dia,Crescente,Céu Claro,Simples,Reta,-7.105878,-38.78062,DEL05-CE,Risco Médio,Alta
sábado,BR-282,18.0,Pleno dia,Decrescente,Céu Claro,Simples,Reta,-27.6728,-48.69429,DEL01-SC,Risco Baixo,Baixa
quarta-feira,BR-158,191.0,Pleno dia,Crescente,Céu Claro,Simples,Reta,-28.59941,-53.57357,DEL10-RS,Risco Médio,Baixa
domingo,BR-435,23.0,Pleno dia,Crescente,Céu Claro,Simples,Reta,-12.77168,-60.31935,DEL04-RO,Risco Médio,Baixa
terça-feira,BR-50,140.0,Plena Noite,Decrescente,Céu Claro,Dupla,Não Informado,-19.47658,-48.05333,DEL13-MG,Risco Médio,Média
domingo,BR-153,63.0,Plena Noite,Crescente,Céu Claro,Dupla,Reta,-20.82155,-49.35766,DEL09-SP,Risco Baixo,Alta
quinta-feira,BR-222,666.0,Plena Noite,Crescente,Céu Claro,Simples,Não Informado,-4.898161,-47.39198,DEL04-MA,Risco Médio,Baixa
sábado,BR-232,213.2,Anoitecer,Crescente,Céu Claro,Simples,Reta,-8.3772,-36.72313,DEL03-PE,Risco Alto,Baixa
quarta-feira,BR-60,14.1,Pleno dia,Crescente,Céu Claro,Dupla,Não Informado,-16.1107,-48.35301,DEL01-DF,Risco Baixo,Média
segunda-feira,BR-316,357.0,Pleno dia,Crescente,Sol,Simples,Reta,-7.130414,-41.05607,DEL04-PI,Risco Baixo,Baixa
quinta-feira,BR-101,313.0,Plena Noite,Decrescente,Céu Claro,Dupla,Reta,-22.79045,-43.02434,DEL02-RJ,Risco Baixo,Alta
sexta-feira,BR-101,278.0,Pleno dia,Crescente,Céu Claro,Simples,Reta,-28.16301,-48.69393,DEL02-SC,Risco Médio,Alta
domingo,BR-282,543.3,Pleno dia,Crescente,Nublado,Simples,Curva,-26.9967,-52.72103,DEL07-SC,Risco Médio,Baixa
quinta-feira,BR-369,33.0,Plena Noite,Crescente,Céu Claro,Simples,Curva,-23.04074,-50.19006,DEL07-PR,Risco Baixo,Baixa
quarta-feira,BR-163,1044.0,Pleno dia,Crescente,Céu Claro,Simples,Reta,-10.13275,-54.93134,DEL06-MT,Risco Alto,Alta
sexta-feira,BR-282,5.0,Pleno dia,Crescente,Céu Claro,Dupla,Reta,-27.58843,-48.61292,DEL01-SC,Risco Médio,Baixa
sexta-feira,BR-470,74.7,Plena Noite,Crescente,Céu Claro,Simples,Reta,-26.90816,-49.27434,DEL04-SC,Risco Médio,Baixa
quinta-feira,BR-316,310.2,Pleno dia,Crescente,Céu Claro,Simples,Retorno Regulamentado,-7.076392,-41.47475,DEL04-PI,Risco Baixo,Baixa
sábado,BR-232,127.2,Plena Noite,Crescente,Céu Claro,Dupla,Não Informado,-8.306103,-35.96342,DEL02-PE,Risco Alto,Baixa
domingo,BR-470,177.8,Pleno dia,Decrescente,Garoa/Chuvisco,Simples,Não Informado,-27.24865,-49.96525,DEL04-SC,Risco Médio,Baixa
sábado,BR-116,11.0,Pleno dia,Crescente,Nublado,Simples,Reta,-14.86759,-40.87176,DEL05-PE,Risco Médio,Alta
sábado,BR-262,417.8,Pleno dia,Decrescente,Sol,Dupla,Reta,-19.90564,-44.68893,DEL08-MG,Risco Médio,Média
sexta-feira,BR-101,435.0,Plena Noite,Crescente,Céu Claro,Simples,Interseção de vias,-29.11113,-49.63868,DEL02-SC,Risco Médio,Alta
sábado,BR-101,44.0,Plena Noite,Crescente,Céu Claro,Dupla,Reta,-6.8849,-35.1294,DEL01-PB,Risco Baixo,Alta
sexta-feira,BR-230,396.4,Plena Noite,Crescente,Céu Claro,Simples,Desvio Temporário,-6.8525,-37.7424,DEL03-PB,Risco Médio,Baixa
sábado,BR-163,799.0,Plena Noite,Decrescente,Nublado,Simples,Reta,-12.17896,-55.52525,DEL06-MT,Risco Médio,Alta
quinta-feira,BR-116,282.3,Pleno dia,Crescente,Céu Claro,Dupla,Reta,-23.6857,-46.85971,DEL04-SP,Risco Médio,Alta
segunda-feira,BR-381,339.0,Anoitecer,Decrescente,Céu Claro,Simples,Curva,-19.8137,-43.0652,DEL03-MG,Risco Baixo,Alta
sexta-feira,BR-373,172.0,Amanhecer,Crescente,Céu Claro,Dupla,Curva,-25.0814,-50.19201,DEL03-PR,Risco Baixo,Baixa
sexta-feira,BR-116,234.0,Pleno dia,Decrescente,Céu Claro,Dupla,Reta,-22.66633,-43.84705,DEL07-RJ,Risco Baixo,Alta
sábado,BR-381,344.0,Pleno dia,Crescente,Céu Claro,Simples,Não Informado,-19.83889,-43.09576,DEL03-MG,Risco Médio,Alta
quinta-feira,BR-280,270.0,Pleno dia,Crescente,Céu Claro,Simples,Curva,-26.22293,-53.13958,DEL02-PR,Risco Médio,Baixa
sábado,BR-116,23.0,Amanhecer,Crescente,Nublado,Dupla,Não Informado,-25.114,-48.7598,DEL01-PR,Risco Médio,Alta
sexta-feira,BR-267,30.5,Pleno dia,Crescente,Chuva,Simples,Curva,-21.651,-42.84915,DEL07-MG,Risco Baixo,Baixa
sábado,BR-104,64.0,Pleno dia,Decrescente,Céu Claro,Múltipla,Reta,-8.2783,-35.9815,DEL02-PE,Risco Médio,Baixa
sábado,BR-476,133.8,Plena Noite,Decrescente,Nublado,Múltipla,Reta,-25.47447,-49.25865,DEL01-PR,Risco Baixo,Baixa
segunda-feira,BR-101,269.8,Pleno dia,Crescente,Sol,Dupla,Reta,-20.2174,-40.26991,DEL02-ES,Risco Médio,Alta
quarta-feira,BR-153,89.5,Pleno dia,Crescente,Céu Claro,Simples,Rotatória,-27.17378,-51.90923,DEL07-SC,Risco Médio,Alta
domingo,BR-376,498.3,Plena Noite,Decrescente,Céu Claro,Dupla,Reta,-25.15398,-50.13639,DEL03-PR,Risco Médio,Baixa
domingo,BR-324,537.0,Pleno dia,Crescente,Céu Claro,Dupla,Reta,-12.36902,-38.81385,DEL01-BA,Risco Médio,Baixa
terça-feira,BR-153,20.0,Amanhecer,Decrescente,Céu Claro,Simples,Curva,-27.46701,-52.10388,DEL08-RS,Risco Médio,Alta
sexta-feira,BR-70,378.0,Pleno dia,Decrescente,Céu Claro,Simples,Reta,-15.50286,-55.10465,DEL05-MT,Risco Médio,Baixa
quinta-feira,BR-116,269.3,Pleno dia,Decrescente,Céu Claro,Múltipla,Reta,-23.61593,-46.78826,DEL04-SP,Risco Médio,Alta
domingo,BR-116,473.8,Anoitecer,Crescente,Chuva,Dupla,Curva,-24.69298,-48.00263,DEL05-SP,Risco Baixo,Alta
sexta-feira,BR-316,10.0,Plena Noite,Crescente,Céu Claro,Simples,Rotatória,-5.1866,-42.7624,DEL01-PI,Risco Médio,Baixa
terça-feira,BR-369,173.9,Pleno dia,Crescente,Céu Claro,Simples,Reta,-23.31459,-51.37478,DEL07-PR,Risco Médio,Baixa
quarta-feira,BR-101,220.0,Amanhecer,Decrescente,Nublado,Simples,Curva,-27.702,-48.6594,DEL01-SC,Risco Baixo,Alta
segunda-feira,BR-467,96.6,Pleno dia,Crescente,Céu Claro,Dupla,Não Informado,-24.8743,-53.5637,DEL04-PR,Risco Médio,Baixa
domingo,BR-381,921.0,Pleno dia,Crescente,Céu Claro,Dupla,Curva,-22.76809,-46.20854,DEL16-MG,Risco Médio,Alta
terça-feira,BR-316,64.0,Plena Noite,Crescente,Céu Claro,Dupla,Reta,-1.296296,-47.91984,DEL01-PA,Risco Alto,Baixa
terça-feira,BR-262,365.8,Pleno dia,Crescente,Céu Claro,Simples,Reta,-20.47798,-54.74878,DEL01-MS,Risco Médio,Média
quarta-feira,BR-101,105.8,Anoitecer,Decrescente,Chuva,Dupla,Curva,-26.80865,-48.68196,DEL03-SC,Risco Alto,Alta
quinta-feira,BR-101,46.5,Pleno dia,Crescente,Sol,Múltipla,Reta,-7.87406,-34.90588,DEL01-PE,Risco Médio,Alta
domingo,BR-40,103.0,Plena Noite,Crescente,Céu Claro,Dupla,Reta,-22.62009,-43.28692,DEL01-RJ,Risco Baixo,Alta
domingo,BR-381,912.9,Anoitecer,Decrescente,Garoa/Chuvisco,Dupla,Curva,-22.714,-46.1229,DEL16-MG,Risco Médio,Alta
quinta-feira,BR-376,17.0,Plena Noite,Crescente,Céu Claro,Dupla,Curva,-23.43281,-51.88607,DEL07-PR,Risco Baixo,Baixa
domingo,BR-101,229.7,Pleno dia,Decrescente,Garoa/Chuvisco,Dupla,Reta,-27.76889,-48.63205,DEL01-SC,Risco Médio,Alta
segunda-feira,BR-101,327.6,Pleno dia,Decrescente,Nublado,Dupla,Reta,-22.87117,-43.15595,DEL02-RJ,Risco Alto,Alta
segunda-feira,BR-50,54.5,Plena Noite,Crescente,Céu Claro,Dupla,Não Informado,-18.76664,-48.24409,DEL15-MG,Risco Médio,Média
sexta-feira,BR-101,371.8,Pleno dia,Decrescente,Céu Claro,Simples,Curva,-13.91784,-39.48511,DEL05-BA,Risco Médio,Alta
sábado,BR-376,656.3,Pleno dia,Crescente,Céu Claro,Dupla,Reta,-25.8495,-49.0359,DEL01-PR,Risco Médio,Baixa
terça-feira,BR-50,247.0,Plena Noite,Crescente,Céu Claro,Dupla,Não Informado,-17.94893,-47.78689,DEL06-GO,Risco Médio,Média
quarta-feira,BR-381,1.5,Pleno dia,Decrescente,Céu Claro,Dupla,Reta,-19.97246,-44.16032,DEL01-MG,Risco Médio,Alta
sábado,BR-153,786.0,Pleno dia,Decrescente,Céu Claro,Simples,Reta,-12.69294,-49.0713,DEL01-TO,Risco Baixo,Alta
sexta-feira,BR-470,102.4,Amanhecer,Decrescente,Céu Claro,Simples,Reta,-27.05569,-49.38942,DEL04-SC,Risco Médio,Baixa
domingo,BR-230,36.7,Plena Noite,Crescente,Céu Claro,Dupla,Reta,-7.130452,-34.95538,DEL01-PB,Risco Médio,Baixa
quarta-feira,BR-116,420.0,Pleno dia,Decrescente,Céu Claro,Dupla,Reta,-12.21151,-38.96557,DEL02-BA,Risco Baixo,Alta
quarta-feira,BR-158,200.1,Plena Noite,Crescente,Ignorado,Simples,Reta,-23.91324,-52.34349,DEL04-PR,Risco Médio,Baixa
segunda-feira,BR-50,197.0,Pleno dia,Crescente,Céu Claro,Dupla,Reta,-19.9146,-47.8299,DEL13-MG,Risco Baixo,Média
sexta-feira,BR-153,2.8,Amanhecer,Crescente,Céu Claro,Simples,Reta,-23.02295,-49.91405,DEL07-PR,Risco Médio,Alta
domingo,BR-101,415.1,Plena Noite,Decrescente,Céu Claro,Simples,Reta,-28.95982,-49.51605,DEL02-SC,Risco Baixo,Alta
quarta-feira,BR-287,253.0,Plena Noite,Crescente,Céu Claro,Dupla,Rotatória,-29.68884,-53.89518,DEL09-RS,Risco Médio,Baixa
domingo,BR-101,110.8,Pleno dia,Crescente,Céu Claro,Dupla,Reta,-26.83765,-48.71255,DEL04-SC,Risco Médio,Alta
terça-feira,BR-282,17.9,Plena Noite,Decrescente,Céu Claro,Simples,Reta,-27.66571,-48.68807,DEL01-SC,Risco Médio,Baixa
sexta-feira,BR-316,130.0,Amanhecer,Crescente,Nublado,Simples,Reta,-6.020018,-42.30399,DEL04-PI,Risco Baixo,Baixa
quinta-feira,BR-393,143.0,Anoitecer,Crescente,Céu Claro,Simples,Reta,-22.02409,-42.97248,DEL04-RJ,Risco Alto,Média
domingo,BR-487,170.0,Pleno dia,Crescente,Céu Claro,Simples,Não Informado,-24.00999,-52.46887,DEL04-PR,Risco Médio,Baixa
sexta-feira,BR-50,69.0,Pleno dia,Decrescente,Nublado,Dupla,Reta,-18.88677,-48.26213,DEL15-MG,Risco Baixo,Média
sexta-feira,BR-60,95.9,Plena Noite,Crescente,Chuva,Dupla,Não Informado,-16.37788,-48.94911,DEL02-GO,Risco Médio,Média
quinta-feira,BR-70,5.5,Plena Noite,Crescente,Céu Claro,Dupla,Reta,-15.87838,-52.29921,DEL07-MT,Risco Médio,Baixa
domingo,BR-222,7.0,Pleno dia,Decrescente,Sol,Dupla,Reta,-3.745898,-38.62338,DEL01-CE,Risco Médio,Baixa
segunda-feira,BR-262,17.0,Plena Noite,Crescente,Nublado,Simples,Reta,-20.38636,-40.47273,DEL01-ES,Risco Médio,Média
terça-feira,BR-101,296.2,Pleno dia,Decrescente,Céu Claro,Dupla,Reta,-28.33093,-48.73242,DEL02-SC,Risco Médio,Alta
sábado,BR-381,671.3,Plena Noite,Crescente,Chuva,Dupla,Não Informado,-21.06389,-45.05106,DEL04-MG,Risco Baixo,Alta
quarta-feira,BR-381,2.2,Plena Noite,Decrescente,Céu Claro,Múltipla,Curva,-19.97976,-44.1606,DEL01-MG,Risco Médio,Alta
sábado,BR-376,171.9,Plena Noite,Decrescente,Céu Claro,Dupla,Rotatória,-23.41866,-51.97153,DEL07-PR,Risco Médio,Baixa
sexta-feira,BR-116,519.2,Amanhecer,Decrescente,Céu Claro,Múltipla,Rotatória,-31.69604,-52.35706,DEL07-RS,Risco Médio,Alta
quinta-feira,BR-163,22.0,Pleno dia,Decrescente,Céu Claro,Simples,Reta,-23.91127,-54.2955,DEL09-MS,Risco Médio,Alta
sábado,BR-101,208.2,Plena Noite,Crescente,Nublado,Múltipla,Não Informado,-27.60328,-48.63202,DEL01-SC,Risco Médio,Alta
quarta-feira,BR-101,73.2,Amanhecer,Decrescente,Chuva,Dupla,Reta,-8.096723,-34.94975,DEL01-PE,Risco Baixo,Alta
terça-feira,BR-116,437.0,Plena Noite,Crescente,Nublado,Dupla,Reta,-24.44202,-47.79889,DEL05-SP,Risco Médio,Alta
terça-feira,BR-364,424.0,Pleno dia,Decrescente,Céu Claro,Simples,Interseção de vias,-10.4447,-62.4656,DEL03-RO,Risco Médio,Alta
quarta-feira,BR-40,63.0,Pleno dia,Crescente,Céu Claro,Dupla,Reta,-22.4132,-43.14971,DEL06-RJ,Risco Baixo,Alta
domingo,BR-282,529.8,Plena Noite,Crescente,Céu Claro,Simples,Curva,-26.98583,-52.60461,DEL07-SC,Risco Médio,Baixa
quarta-feira,BR-324,603.0,Pleno dia,Decrescente,Chuva,Dupla,Reta,-12.77191,-38.41992,DEL01-BA,Risco Médio,Baixa
domingo,BR-293,257.5,Pleno dia,Decrescente,Nublado,Simples,Reta,-30.94262,-54.72627,DEL11-RS,Risco Médio,Baixa
segunda-feira,BR-116,17.0,Anoitecer,Decrescente,Céu Claro,Dupla,Reta,-3.896179,-38.50336,DEL01-CE,Risco Médio,Alta
segunda-feira,BR-452,189.2,Pleno dia,Crescente,Sol,Simples,Reta,-18.38517,-49.34255,DEL03-GO,Risco Médio,Baixa
quinta-feira,BR-116,47.4,Pleno dia,Crescente,Céu Claro,Simples,Reta,-28.55967,-50.98829,DEL05-RS,Risco Médio,Alta
terça-feira,BR-282,217.0,Pleno dia,Decrescente,Céu Claro,Simples,Viaduto,-27.79792,-50.30294,DEL05-SC,Risco Médio,Baixa
terça-feira,BR-153,667.0,Plena Noite,Crescente,Céu Claro,Simples,Reta,-11.68332,-49.06799,DEL01-TO,Risco Médio,Alta
segunda-feira,BR-324,517.2,Pleno dia,Crescente,Céu Claro,Simples,Reta,-12.24953,-38.93363,DEL02-BA,Risco Médio,Baixa
segunda-feira,BR-222,668.0,Plena Noite,Decrescente,Céu Claro,Múltipla,Desvio Temporário,-4.926456,-47.44055,DEL04-MA,Risco Baixo,Baixa
domingo,BR-262,487.0,Plena Noite,Crescente,Céu Claro,Simples,Rotatória,-20.484,-55.7998,DEL03-MS,Risco Baixo,Média
sexta-feira,BR-493,1.0,Plena Noite,Crescente,Céu Claro,Simples,Reta,-22.76922,-42.92358,DEL04-RJ,Risco Médio,Baixa
sábado,BR-364,198.0,Pleno dia,Decrescente,Céu Claro,Simples,Ponte,-16.50621,-54.62295,DEL02-MT,Risco Médio,Alta
sábado,BR-116,230.0,Plena Noite,Crescente,Nublado,Múltipla,Reta,-23.52252,-46.58557,DEL01-SP,Risco Médio,Alta
quinta-feira,BR-277,674.8,Plena Noite,Decrescente,Céu Claro,Dupla,Desvio Temporário,-25.29484,-54.1151,DEL05-PR,Risco Médio,Média
sexta-feira,BR-116,49.3,Anoitecer,Decrescente,Céu Claro,Simples,Não Informado,-26.37077,-50.1256,DEL06-SC,Risco Médio,Alta
quarta-feira,BR-116,269.0,Pleno dia,Crescente,Céu Claro,Dupla,Curva,-22.56215,-44.17098,DEL07-RJ,Risco Médio,Alta
terça-feira,BR-226,1.8,Pleno dia,Crescente,Céu Claro,Dupla,Reta,-5.812122,-35.24567,DEL01-RN,Risco Médio,Baixa
quinta-feira,BR-230,84.3,Amanhecer,Crescente,Céu Claro,Dupla,Interseção de vias,-7.165715,-35.35466,DEL01-PB,Risco Médio,Baixa
quinta-feira,BR-386,129.1,Pleno dia,Decrescente,Chuva,Simples,Reta,-27.93571,-52.95675,DEL08-RS,Risco Baixo,Média
segunda-feira,BR-364,367.8,Pleno dia,Crescente,Céu Claro,Simples,Desvio Temporário,-10.76728,-62.11907,DEL02-RO,Risco Médio,Alta
domingo,BR-316,4.0,Plena Noite,Crescente,Céu Claro,Dupla,Reta,-1.386933,-48.4088,DEL01-PA,Risco Baixo,Baixa
terça-feira,BR-101,146.6,Plena Noite,Decrescente,Chuva,Múltipla,Interseção de vias,-27.08667,-48.60956,DEL04-SC,Risco Médio,Alta
terça-feira,BR-101,395.0,Pleno dia,Crescente,Nublado,Dupla,Reta,-22.88237,-43.72206,DEL01-RJ,Risco Baixo,Alta
sexta-feira,BR-116,524.0,Pleno dia,Crescente,Céu Claro,Dupla,Reta,-24.91989,-48.25856,DEL05-SP,Risco Médio,Alta
sábado,BR-163,258.0,Plena Noite,Crescente,Céu Claro,Dupla,Rotatória,-22.25859,-54.78359,DEL04-MS,Risco Baixo,Alta
segunda-feira,BR-40,0.5,Plena Noite,Crescente,Céu Claro,Dupla,Reta,-15.98124,-47.98911,DEL01-DF,Risco Médio,Alta
segunda-feira,BR-304,52.9,Plena Noite,Crescente,Ignorado,Simples,Reta,-5.267361,-37.30051,DEL04-RN,Risco Médio,Baixa
segunda-feira,BR-282,461.0,Pleno dia,Decrescente,Céu Claro,Simples,Reta,-26.8564,-52.04133,DEL07-SC,Risco Médio,Baixa
quarta-feira,BR-280,255.8,Pleno dia,Crescente,Céu Claro,Simples,Curva,-26.26529,-50.58884,DEL06-SC,Risco Médio,Baixa
sábado,BR-116,211.9,Plena Noite,Decrescente,Céu Claro,Simples,Curva,-27.5104,-50.36398,DEL05-SC,Risco Médio,Alta
quarta-feira,BR-222,4.0,Pleno dia,Decrescente,Céu Claro,Múltipla,Reta,-3.74212,-38.60803,DEL01-CE,Risco Médio,Baixa