dia_semana,br,km,fase_dia,sentido_via,condicao_metereologica,tipo_pista,tracado_via,latitude,longitude,delegacia,classificacao_acidente,postos_policiais_PRF
segunda-feira,BR-364,336.0,Pleno dia,Decrescente,Céu Claro,Simples,Curva,-10.93488,-61.92951,DEL02-RO,Risco Médio,Alta
quinta-feira,BR-116,142.0,Plena Noite,Decrescente,Céu Claro,Dupla,Reta,-22.64876,-43.23032,DEL04-RJ,Risco Médio,Alta
quarta-feira,BR-116,3.0,Plena Noite,Decrescente,Céu Claro,Dupla,Reta,-23.46326,-46.53373,DEL01-SP,Risco Médio,Alta
terça-feira,BR-116,361.8,Plena Noite,Decrescente,Céu Claro,Dupla,Não Informado,-24.12122,-47.26928,DEL04-SP,Risco Baixo,Alta
segunda-feira,BR-116,524.6,Plena Noite,Decrescente,Chuva,Simples,Curva,-19.76027,-42.13399,DEL06-MG,Risco Médio,Alta
segunda-feira,BR-101,50.3,Pleno dia,Decrescente,Sol,Simples,Reta,-5.529889,-35.31768,DEL02-RN,Risco Médio,Alta
segunda-feira,BR-356,266.4,Pleno dia,Decrescente,Sol,Simples,Reta,-21.12871,-42.36287,DEL07-MG,Risco Médio,Baixa
quinta-feira,BR-493,63.0,Pleno dia,Decrescente,Céu Claro,Dupla,Reta,-22.68364,-43.41548,DEL01-RJ,Risco Médio,Baixa
quinta-feira,BR-116,197.1,Plena Noite,Crescente,Nevoeiro/Neblina,Dupla,Não Informado,-23.39708,-46.29284,DEL01-SP,Risco Alto,Alta
quinta-feira,BR-471,178.5,Pleno dia,Decrescente,Céu Claro,Simples,Não Informado,-30.02244,-52.37337,DEL02-RS,Risco Alto,Baixa
domingo,BR-101,10.0,Plena Noite,Crescente,Céu Claro,Dupla,Não Informado,-26.0857,-48.86215,DEL03-SC,Risco Médio,Alta
quarta-feira,BR-277,98.5,Pleno dia,Decrescente,Chuva,Dupla,Reta,-25.54011,-49.31132,DEL01-PR,Risco Médio,Média
sábado,BR-60,14.1,Pleno dia,Crescente,Céu Claro,Dupla,Reta,-16.09417,-48.51721,DEL01-DF,Risco Baixo,Média
sexta-feira,BR-393,167.8,Pleno dia,Crescente,Céu Claro,Simples,Reta,-22.1275,-43.14702,DEL06-RJ,Risco Médio,Média
quinta-feira,BR-376,78.0,Pleno dia,Decrescente,Céu Claro,Simples,Reta,-22.95697,-52.66854,DEL07-PR,Risco Médio,Baixa
sexta-feira,BR-163,257.0,Pleno dia,Crescente,Sol,Múltipla,Interseção de vias,-22.25836,-54.78166,DEL04-MS,Risco Médio,Alta
terça-feira,BR-163,808.0,Pleno dia,Decrescente,Céu Claro,Simples,Reta,-17.83597,-54.71586,DEL06-MS,Risco Médio,Alta
terça-feira,BR-174,566.3,Pleno dia,Decrescente,Céu Claro,Simples,Curva,-13.03264,-59.91417,DEL04-RO,Risco Médio,Baixa
terça-feira,BR-153,217.0,Pleno dia,Crescente,Céu Claro,Simples,Não Informado,-24.60722,-50.44194,DEL03-PR,Risco Alto,Alta
sexta-feira,BR-392,113.5,Plena Noite,Decrescente,Nublado,Simples,Não Informado,-31.43732,-52.65206,DEL07-RS,Risco Médio,Média
sexta-feira,BR-116,451.0,Pleno dia,Decrescente,Chuva,Dupla,Reta,-12.38525,-39.136,DEL02-BA,Risco Médio,Alta
domingo,BR-116,246.0,Pleno dia,Crescente,Céu Claro,Dupla,Reta,-29.75875,-51.15187,DEL01-RS,Risco Médio,Alta
quinta-feira,BR-280,125.0,Plena Noite,Crescente,Garoa/Chuvisco,Simples,Reta,-26.23811,-49.4955,DEL06-SC,Risco Médio,Baixa
sexta-feira,BR-369,130.9,Plena Noite,Decrescente,Nublado,Dupla,Reta,-23.26145,-50.98983,DEL07-PR,Risco Médio,Baixa
sábado,BR-376,78.3,Pleno dia,Crescente,Nublado,Simples,Reta,-22.95697,-52.66854,DEL07-PR,Risco Alto,Baixa
domingo,BR-364,196.8,Plena Noite,Decrescente,Céu Claro,Simples,Reta,-11.68076,-61.18686,DEL02-RO,Risco Médio,Alta
domingo,BR-40,106.0,Pleno dia,Decrescente,Céu Claro,Dupla,Reta,-22.62669,-43.28598,DEL01-RJ,Risco Médio,Alta
terça-feira,BR-50,72.0,Plena Noite,Decrescente,Céu Claro,Dupla,Reta,-18.89476,-48.24938,DEL15-MG,Risco Médio,Média
segunda-feira,BR-101,200.0,Anoitecer,Crescente,Céu Claro,Simples,Curva,-27.54019,-48.62288,DEL01-SC,Risco Médio,Alta
sábado,BR-470,199.0,Pleno dia,Crescente,Garoa/Chuvisco,Simples,Não Informado,-29.06296,-51.58054,DEL06-RS,Risco Médio,Baixa
domingo,BR-376,9.0,Amanhecer,Crescente,Céu Claro,Dupla,Reta,-23.4273,-51.9375,DEL09-PR,Risco Médio,Baixa
sexta-feira,BR-153,529.8,Pleno dia,Decrescente,Sol,Dupla,Reta,-16.9603,-49.2384,DEL01-GO,Risco Baixo,Alta
quinta-feira,BR-20,214.0,Plena Noite,Decrescente,Nublado,Simples,Reta,-14.24423,-46.35596,DEL02-DF,Risco Médio,Baixa
sábado,BR-116,519.2,Pleno dia,Decrescente,Nublado,Simples,Curva,-19.71033,-42.12275,DEL06-MG,Risco Médio,Alta
quarta-feira,BR-381,477.0,Pleno dia,Decrescente,Céu Claro,Dupla,Reta,-19.96179,-44.05042,DEL01-MG,Risco Médio,Alta
terça-feira,BR-163,101.0,Plena Noite,Decrescente,Ignorado,Dupla,Reta,-16.65297,-54.6857,DEL02-MT,Risco Baixo,Alta
quarta-feira,BR-101,376.0,Pleno dia,Decrescente,Céu Claro,Simples,Não Informado,-13.83557,-39.49508,DEL05-BA,Risco Médio,Alta
sábado,BR-116,30.0,Plena Noite,Decrescente,Chuva,Simples,Reta,-20.25336,-41.99389,DEL11-MG,Risco Baixo,Alta
sexta-feira,BR-423,97.0,Pleno dia,Crescente,Céu Claro,Simples,Reta,-8.879623,-36.49484,DEL03-PE,Risco Médio,Baixa
sábado,BR-101,730.9,Pleno dia,Crescente,Céu Claro,Simples,Não Informado,-16.41237,-39.58717,DEL09-BA,Risco Médio,Alta
sábado,BR-40,528.0,Plena Noite,Decrescente,Céu Claro,Dupla,Reta,-19.90883,-44.04437,DEL01-MG,Risco Médio,Alta
segunda-feira,BR-381,671.5,Plena Noite,Decrescente,Céu Claro,Dupla,Reta,-21.08945,-45.06864,DEL04-MG,Risco Médio,Alta
sábado,BR-116,228.2,Pleno dia,Decrescente,Garoa/Chuvisco,Dupla,Curva,-22.66062,-43.82667,DEL07-RJ,Risco Médio,Alta
sexta-feira,BR-101,50.7,Plena Noite,Decrescente,Céu Claro,Múltipla,Reta,-7.912393,-34.90038,DEL01-PE,Risco Alto,Alta
domingo,BR-392,73.3,Pleno dia,Crescente,Céu Claro,Simples,Reta,-31.71123,-52.39861,DEL07-RS,Risco Médio,Média
segunda-feira,BR-146,515.6,Pleno dia,Crescente,Céu Claro,Simples,Rotatória,-21.28569,-46.69159,DEL16-MG,Risco Médio,Baixa
sexta-feira,BR-40,12.9,Plena Noite,Crescente,Céu Claro,Dupla,Reta,-16.14512,-47.94538,DEL01-DF,Risco Médio,Alta
domingo,BR-116,137.0,Pleno dia,Decrescente,Céu Claro,Dupla,Reta,-23.15301,-45.78709,DEL02-SP,Risco Baixo,Alta
terça-feira,BR-101,407.0,Pleno dia,Crescente,Céu Claro,Simples,Reta,-22.85887,-43.75934,DEL03-RJ,Risco Médio,Alta
sábado,BR-20,142.0,Plena Noite,Crescente,Nublado,Dupla,Reta,-14.75925,-46.67193,DEL02-DF,Risco Alto,Baixa
sábado,BR-101,68.1,Anoitecer,Crescente,Céu Claro,Dupla,Viaduto,-8.051465,-34.94619,DEL01-PE,Risco Médio,Alta
sábado,BR-101,186.0,Plena Noite,Crescente,Céu Claro,Dupla,Curva,-27.43411,-48.62567,DEL01-SC,Risco Médio,Alta
terça-feira,BR-476,99.0,Pleno dia,Crescente,Garoa/Chuvisco,Simples,Não Informado,-25.24524,-49.1324,DEL01-PR,Risco Médio,Baixa
domingo,BR-381,926.8,Pleno dia,Decrescente,Chuva,Dupla,Reta,-22.7676,-46.2165,DEL16-MG,Risco Baixo,Alta
quinta-feira,BR-316,8.7,Pleno dia,Crescente,Sol,Simples,Reta,-5.164834,-42.769,DEL01-PI,Risco Médio,Baixa
segunda-feira,BR-116,277.0,Amanhecer,Decrescente,Céu Claro,Múltipla,Interseção de vias,-17.85994,-41.51514,DEL11-MG,Risco Médio,Alta
quinta-feira,BR-158,720.0,Amanhecer,Decrescente,Nublado,Simples,Reta,-15.893,-52.2599,DEL07-MT,Risco Baixo,Baixa
quarta-feira,BR-381,529.0,Pleno dia,Decrescente,Chuva,Dupla,Reta,-20.1623,-44.3484,DEL04-MG,Risco Baixo,Alta
domingo,BR-101,438.9,Pleno dia,Decrescente,Nublado,Simples,Reta,-21.06634,-41.22124,DEL03-ES,Risco Médio,Alta
domingo,BR-10,37.0,Pleno dia,Crescente,Céu Claro,Simples,Reta,-4.12127,-47.54802,DEL02-PA,Risco Alto,Baixa
quinta-feira,BR-163,443.1,Pleno dia,Crescente,Chuva,Simples,Reta,-20.78559,-54.52311,DEL01-MS,Risco Médio,Alta
domingo,BR-116,150.9,Pleno dia,Decrescente,Céu Claro,Dupla,Interseção de vias,-29.16843,-51.15834,DEL05-RS,Risco Baixo,Alta
quarta-feira,BR-158,144.0,Pleno dia,Decrescente,Céu Claro,Dupla,Não Informado,-20.06852,-51.12065,DEL08-MS,Risco Médio,Baixa
domingo,BR-60,92.0,Plena Noite,Crescente,Céu Claro,Dupla,Reta,-16.353,-48.9178,DEL02-GO,Risco Baixo,Média
segunda-feira,BR-158,326.0,Pleno dia,Decrescente,Céu Claro,Simples,Reta,-29.71422,-53.8146,DEL09-RS,Risco Médio,Baixa
sexta-feira,BR-101,82.2,Pleno dia,Crescente,Céu Claro,Dupla,Interseção de vias,-5.767915,-35.27456,DEL02-RN,Risco Médio,Alta
segunda-feira,BR-282,3.9,Pleno dia,Crescente,Garoa/Chuvisco,Múltipla,Reta,-27.60038,-48.59971,DEL01-SC,Risco Médio,Baixa
sexta-feira,BR-40,710.9,Plena Noite,Decrescente,Chuva,Dupla,Curva,-21.24346,-43.71417,DEL05-MG,Risco Médio,Alta
segunda-feira,BR-280,53.3,Plena Noite,Decrescente,Céu Claro,Simples,Reta,-26.47237,-48.97427,DEL03-SC,Risco Baixo,Baixa
terça-feira,BR-101,84.8,Plena Noite,Crescente,Céu Claro,Simples,Reta,-26.63863,-48.69467,DEL03-SC,Risco Médio,Alta
terça-feira,BR-40,452.0,Anoitecer,Crescente,Céu Claro,Dupla,Não Informado,-19.3341,-44.36095,DEL02-MG,Risco Médio,Alta
terça-feira,BR-365,770.0,Pleno dia,Crescente,Céu Claro,Simples,Reta,-18.96158,-49.61043,DEL15-MG,Risco Médio,Média
sábado,BR-153,157.6,Plena Noite,Decrescente,Nublado,Simples,Reta,-21.48275,-49.78066,DEL07-SP,Risco Médio,Alta
segunda-feira,BR-50,43.0,Anoitecer,Decrescente,Nublado,Dupla,Não Informado,-18.70051,-48.18696,DEL15-MG,Risco Médio,Média
segunda-feira,BR-364,711.0,Pleno dia,Crescente,Céu Claro,Dupla,Reta,-8.780248,-63.86761,DEL01-RO,Risco Baixo,Alta
terça-feira,BR-381,690.9,Pleno dia,Decrescente,Chuva,Dupla,Reta,-21.23348,-45.13482,DEL04-MG,Risco Médio,Alta
quinta-feira,BR-324,557.0,Pleno dia,Crescente,Céu Claro,Dupla,Reta,-12.4764,-38.67522,DEL01-BA,Risco Médio,Baixa
quinta-feira,BR-226,361.5,Plena Noite,Crescente,Céu Claro,Simples,Reta,-5.593435,-45.71651,DEL04-MA,Risco Médio,Baixa
sexta-feira,BR-116,909.6,Pleno dia,Decrescente,Nublado,Simples,Desvio Temporário,-15.51539,-41.23787,DEL08-BA,Risco Médio,Alta
sábado,BR-116,219.5,Pleno dia,Crescente,Garoa/Chuvisco,Múltipla,Reta,-23.464,-46.497,DEL01-SP,Risco Médio,Alta
sexta-feira,BR-381,671.7,Pleno dia,Crescente,Chuva,Dupla,Não Informado,-21.08945,-45.06864,DEL04-MG,Risco Médio,Alta
terça-feira,BR-50,71.0,Pleno dia,Decrescente,Sol,Simples,Reta,-18.8514,-48.25346,DEL15-MG,Risco Baixo,Média
terça-feira,BR-153,497.5,Pleno dia,Decrescente,Céu Claro,Dupla,Curva,-16.68241,-49.23288,DEL01-GO,Risco Médio,Alta
segunda-feira,BR-386,395.8,Plena Noite,Crescente,Céu Claro,Simples,Não Informado,-29.72838,-51.63342,DEL04-RS,Risco Baixo,Média
domingo,BR-70,540.9,Anoitecer,Decrescente,Céu Claro,Simples,Reta,-15.65911,-56.21744,DEL03-MT,Risco Médio,Baixa
segunda-feira,BR-174,284.0,Plena Noite,Decrescente,Chuva,Simples,Reta,-15.26788,-59.29786,DEL04-MT,Risco Médio,Baixa
quinta-feira,BR-101,358.0,Pleno dia,Decrescente,Céu Claro,Simples,Não Informado,-20.7098,-40.7191,DEL03-ES,Risco Médio,Alta
terça-feira,BR-101,71.6,Plena Noite,Decrescente,Nublado,Dupla,Reta,-26.5289,-48.7149,DEL03-SC,Risco Alto,Alta
sábado,BR-381,78.0,Plena Noite,Decrescente,Nublado,Dupla,Curva,-23.40527,-46.57951,DEL03-SP,Risco Baixo,Alta
quarta-feira,BR-101,266.0,Pleno dia,Decrescente,Céu Claro,Dupla,Reta,-28.06848,-48.71464,DEL02-SC,Risco Baixo,Alta
sábado,BR-381,86.7,Pleno dia,Crescente,Céu Claro,Dupla,Reta,-23.48214,-46.5604,DEL03-SP,Risco Médio,Alta
quinta-feira,BR-428,188.0,Pleno dia,Crescente,Céu Claro,Simples,Viaduto,-9.364006,-40.48267,DEL06-PE,Risco Médio,Baixa
quarta-feira,BR-101,86.0,Amanhecer,Decrescente,Chuva,Dupla,Reta,-8.1847,-34.96817,DEL01-PE,Risco Médio,Alta
domingo,BR-163,892.5,Pleno dia,Decrescente,Céu Claro,Simples,Reta,-11.37231,-55.33966,DEL06-MT,Risco Médio,Alta
segunda-feira,BR-101,107.1,Pleno dia,Crescente,Garoa/Chuvisco,Simples,Não Informado,-9.5957,-36.00543,DEL02-AL,Risco Baixo,Alta
terça-feira,BR-60,353.6,Pleno dia,Crescente,Céu Claro,Dupla,Curva,-17.5959,-50.7164,DEL04-GO,Risco Médio,Média
sábado,BR-40,92.0,Pleno dia,Crescente,Céu Claro,Simples,Curva,-22.55122,-43.24768,DEL06-RJ,Risco Médio,Alta
quarta-feira,BR-40,740.1,Pleno dia,Crescente,Chuva,Simples,Não Informado,-21.4301,-43.5563,DEL05-MG,Risco Médio,Alta
quinta-feira,BR-116,689.0,Pleno dia,Decrescente,Céu Claro,Simples,Curva,-13.97901,-40.17541,DEL03-BA,Risco Médio,Alta
domingo,BR-471,172.0,Pleno dia,Decrescente,Céu Claro,Simples,Desvio Temporário,-29.966,-52.36988,DEL02-RS,Risco Médio,Baixa
quinta-feira,BR-116,203.0,Pleno dia,Decrescente,Sol,Dupla,Desvio Temporário,-23.41018,-46.34591,DEL01-SP,Risco Médio,Alta
terça-feira,BR-230,308.2,Anoitecer,Decrescente,Céu Claro,Simples,Desvio Temporário,-6.922921,-37.05399,DEL03-PB,Risco Médio,Baixa
segunda-feira,BR-60,0.1,Anoitecer,Crescente,Céu Claro,Dupla,Retorno Regulamentado,-15.88246,-48.06148,DEL01-DF,Risco Médio,Média
sexta-feira,BR-470,4.4,Plena Noite,Decrescente,Nublado,Simples,Reta,-26.89937,-48.65459,DEL04-SC,Risco Médio,Baixa
quinta-feira,BR-407,69.5,Pleno dia,Crescente,Céu Claro,Simples,Reta,-9.967299,-40.24874,DEL04-BA,Risco Médio,Baixa
quinta-feira,BR-282,438.7,Plena Noite,Crescente,Céu Claro,Simples,Reta,-26.95389,-51.85571,DEL07-SC,Risco Médio,Baixa
sexta-feira,BR-153,45.0,Plena Noite,Crescente,Céu Claro,Simples,Curva,-27.63214,-52.23626,DEL08-RS,Risco Médio,Alta
domingo,BR-116,230.9,Pleno dia,Crescente,Sol,Múltipla,Não Informado,-23.52252,-46.58557,DEL01-SP,Risco Médio,Alta
terça-feira,BR-101,234.0,Amanhecer,Crescente,Céu Claro,Dupla,Reta,-27.81044,-48.63537,DEL01-SC,Risco Médio,Alta
domingo,BR-153,395.0,Plena Noite,Decrescente,Céu Claro,Simples,Reta,-9.368203,-48.55326,DEL02-TO,Risco Médio,Alta
quinta-feira,BR-40,82.0,Amanhecer,Crescente,Chuva,Simples,Curva,-22.51183,-43.23076,DEL06-RJ,Risco Médio,Alta
domingo,BR-101,19.0,Pleno dia,Crescente,Céu Claro,Dupla,Reta,-26.13448,-48.89564,DEL03-SC,Risco Baixo,Alta
domingo,BR-116,196.0,Pleno dia,Decrescente,Chuva,Dupla,Reta,-22.7298,-43.6106,DEL01-RJ,Risco Baixo,Alta
quinta-feira,BR-116,514.9,Pleno dia,Crescente,Nublado,Múltipla,Reta,-31.65214,-52.33685,DEL07-RS,Risco Médio,Alta
segunda-feira,BR-465,19.0,Pleno dia,Crescente,Céu Claro,Simples,Reta,-22.83918,-43.61045,DEL01-RJ,Risco Médio,Baixa
domingo,BR-280,292.0,Pleno dia,Decrescente,Céu Claro,Simples,Interseção de vias,-26.25612,-53.3006,DEL02-PR,Risco Médio,Baixa
quarta-feira,BR-101,482.0,Plena Noite,Decrescente,Céu Claro,Simples,Reta,-23.00317,-44.29817,DEL03-RJ,Risco Médio,Alta
sexta-feira,BR-116,490.3,Pleno dia,Decrescente,Nublado,Dupla,Reta,-24.73465,-48.11603,DEL05-SP,Risco Médio,Alta
terça-feira,BR-116,288.0,Plena Noite,Crescente,Nublado,Simples,Curva,-23.71742,-46.84957,DEL04-SP,Risco Médio,Alta
sábado,BR-116,131.0,Pleno dia,Crescente,Garoa/Chuvisco,Dupla,Desvio Temporário,-25.42895,-49.26714,DEL01-PR,Risco Médio,Alta
segunda-feira,BR-153,135.0,Plena Noite,Decrescente,Céu Claro,Simples,Reta,-24.04248,-50.25028,DEL07-PR,Risco Baixo,Alta
quinta-feira,BR-101,487.0,Plena Noite,Crescente,Céu Claro,Simples,Reta,-14.78602,-39.28061,DEL05-BA,Risco Médio,Alta
segunda-feira,BR-280,2.8,Pleno dia,Decrescente,Nublado,Simples,Reta,-26.24333,-48.61651,DEL03-SC,Risco Médio,Baixa
sexta-feira,BR-277,642.7,Plena Noite,Decrescente,Nublado,Simples,Reta,-25.17901,-53.87605,DEL05-PR,Risco Baixo,Média
domingo,BR-101,407.0,Pleno dia,Crescente,Céu Claro,Dupla,Reta,-28.90009,-49.47473,DEL02-SC,Risco Baixo,Alta
quarta-feira,BR-40,332.4,Pleno dia,Decrescente,Chuva,Simples,Não Informado,-18.59007,-45.00882,DEL14-MG,Risco Médio,Alta
sexta-feira,BR-101,201.0,Pleno dia,Crescente,Chuva,Múltipla,Reta,-27.54837,-48.61978,DEL01-SC,Risco Médio,Alta
sábado,BR-316,186.0,Pleno dia,Decrescente,Nublado,Simples,Reta,-6.286585,-41.93976,DEL04-PI,Risco Médio,Baixa
domingo,BR-116,219.0,Plena Noite,Crescente,Céu Claro,Múltipla,Reta,-23.45002,-46.46187,DEL01-SP,Risco Médio,Alta
quarta-feira,BR-230,138.5,Plena Noite,Decrescente,Céu Claro,Dupla,Reta,-7.2755,-35.7831,DEL02-PB,Risco Alto,Baixa
sexta-feira,BR-101,410.3,Plena Noite,Crescente,Céu Claro,Simples,Reta,-28.92251,-49.49131,DEL02-SC,Risco Médio,Alta
terça-feira,BR-101,375.0,Pleno dia,Decrescente,Céu Claro,Dupla,Reta,-28.735,-49.24602,DEL02-SC,Risco Médio,Alta
segunda-feira,BR-116,511.0,Plena Noite,Decrescente,Céu Claro,Simples,Curva,-24.83558,-48.22237,DEL05-SP,Risco Alto,Alta
sexta-feira,BR-101,41.0,Pleno dia,Decrescente,Chuva,Simples,Reta,-7.830383,-34.91427,DEL01-PE,Risco Baixo,Alta
quarta-feira,BR-290,99.0,Pleno dia,Crescente,Céu Claro,Dupla,Não Informado,-29.99176,-51.22699,DEL01-RS,Risco Baixo,Baixa
sábado,BR-116,138.4,Pleno dia,Decrescente,Céu Claro,Simples,Reta,-26.96007,-50.41627,DEL06-SC,Risco Médio,Alta
domingo,BR-381,728.8,Pleno dia,Crescente,Nublado,Dupla,Curva,-21.52361,-45.22482,DEL04-MG,Risco Médio,Alta
quinta-feira,BR-101,263.0,Pleno dia,Crescente,Nublado,Múltipla,Reta,-20.16555,-40.27302,DEL02-ES,Risco Médio,Alta
quarta-feira,BR-280,260.0,Amanhecer,Decrescente,Garoa/Chuvisco,Simples,Reta,-26.26207,-50.63822,DEL06-SC,Risco Baixo,Baixa
quinta-feira,BR-470,135.7,Pleno dia,Decrescente,Sol,Simples,Reta,-27.18185,-49.60013,DEL04-SC,Risco Médio,Baixa
domingo,BR-408,96.3,Pleno dia,Decrescente,Céu Claro,Dupla,Reta,-8.02062,-35.04104,DEL01-PE,Risco Baixo,Baixa
sábado,BR-282,574.0,Pleno dia,Crescente,Sol,Simples,Curva,-26.8674,-52.96515,DEL07-SC,Risco Médio,Baixa
domingo,BR-116,117.0,Plena Noite,Crescente,Nublado,Múltipla,Reta,-25.55839,-49.30694,DEL01-PR,Risco Baixo,Alta
domingo,BR-60,353.2,Plena Noite,Decrescente,Céu Claro,Simples,Reta,-20.47769,-54.74995,DEL01-MS,Risco Médio,Média
quarta-feira,BR-104,36.0,Plena Noite,Decrescente,Nublado,Simples,Reta,-9.168592,-36.02288,DEL01-AL,Risco Médio,Baixa
sábado,BR-304,44.8,Amanhecer,Crescente,Céu Claro,Dupla,Curva,-4.578872,-37.8156,DEL03-CE,Risco Médio,Baixa
domingo,BR-230,9.0,Pleno dia,Crescente,Céu Claro,Dupla,Reta,-7.0433,-34.8466,DEL01-PB,Risco Baixo,Baixa
domingo,BR-40,82.2,Pleno dia,Decrescente,Céu Claro,Simples,Reta,-17.46981,-46.64389,DEL14-MG,Risco Médio,Alta
sexta-feira,BR-381,488.0,Pleno dia,Crescente,Sol,Dupla,Reta,-19.95987,-44.1549,DEL01-MG,Risco Médio,Alta
quarta-feira,BR-267,130.6,Pleno dia,Crescente,Céu Claro,Simples,Não Informado,-21.73322,-53.30373,DEL02-MS,Risco Médio,Baixa
quarta-feira,BR-381,37.0,Pleno dia,Decrescente,Céu Claro,Dupla,Reta,-23.10506,-46.56882,DEL03-SP,Risco Médio,Alta
domingo,BR-163,134.5,Anoitecer,Crescente,Céu Claro,Simples,Reta,-25.475,-53.588,DEL04-PR,Risco Alto,Alta
sábado,BR-354,746.1,Plena Noite,Crescente,Chuva,Simples,Reta,-22.25421,-44.92915,DEL05-MG,Risco Baixo,Baixa
terça-feira,BR-232,45.9,Plena Noite,Decrescente,Céu Claro,Dupla,Reta,-8.133466,-35.2889,DEL01-PE,Risco Baixo,Baixa
sexta-feira,BR-116,447.8,Amanhecer,Decrescente,Nublado,Dupla,Reta,-12.38638,-39.13736,DEL02-BA,Risco Alto,Alta
terça-feira,BR-153,35.7,Pleno dia,Crescente,Céu Claro,Simples,Reta,-23.24784,-50.04312,DEL07-PR,Risco Médio,Alta
segunda-feira,BR-226,340.0,Pleno dia,Decrescente,Céu Claro,Simples,Reta,-6.107136,-37.648,DEL04-RN,Risco Médio,Baixa
domingo,BR-381,595.2,Plena Noite,Crescente,Céu Claro,Dupla,Reta,-20.59693,-44.70823,DEL04-MG,Risco Médio,Alta
quinta-feira,BR-20,6.0,Plena Noite,Crescente,Nublado,Dupla,Desvio Temporário,-15.66589,-47.80831,DEL02-DF,Risco Médio,Baixa
sexta-feira,BR-116,112.0,Pleno dia,Decrescente,Céu Claro,Dupla,Reta,-23.04159,-45.57066,DEL02-SP,Risco Médio,Alta
terça-feira,BR-116,154.4,Pleno dia,Decrescente,Céu Claro,Simples,Reta,-29.19075,-51.18074,DEL05-RS,Risco Médio,Alta
quinta-feira,BR-376,599.2,Plena Noite,Decrescente,Nublado,Dupla,Reta,-25.52811,-49.3279,DEL01-PR,Risco Médio,Baixa
terça-feira,BR-373,196.9,Pleno dia,Decrescente,Céu Claro,Simples,Curva,-25.07972,-50.38549,DEL03-PR,Risco Médio,Baixa
sexta-feira,BR-222,87.0,Amanhecer,Crescente,Chuva,Simples,Não Informado,-3.672095,-39.32095,DEL04-CE,Risco Baixo,Baixa
domingo,BR-423,38.5,Pleno dia,Decrescente,Céu Claro,Simples,Ponte,-9.227387,-37.61856,DEL03-AL,Risco Baixo,Baixa
quinta-feira,BR-282,54.3,Pleno dia,Decrescente,Chuva,Simples,Curva,-27.6858,-48.97451,DEL01-SC,Risco Médio,Baixa
sábado,BR-101,759.0,Pleno dia,Decrescente,Chuva,Simples,Reta,-16.6681,-39.5044,DEL09-BA,Risco Baixo,Alta
terça-feira,BR-232,107.0,Pleno dia,Decrescente,Céu Claro,Dupla,Reta,-8.26839,-35.79747,DEL02-PE,Risco Médio,Baixa
quarta-feira,BR-116,420.8,Pleno dia,Decrescente,Sol,Dupla,Reta,-12.20321,-38.96556,DEL02-BA,Risco Médio,Alta
domingo,BR-116,67.9,Amanhecer,Crescente,Nublado,Simples,Reta,-22.2937,-42.93354,DEL04-RJ,Risco Médio,Alta
quarta-feira,BR-364,21.0,Pleno dia,Decrescente,Céu Claro,Dupla,Reta,-18.92555,-50.65408,DEL05-GO,Risco Médio,Alta
quinta-feira,BR-101,193.0,Plena Noite,Crescente,Céu Claro,Múltipla,Reta,-8.721573,-35.60951,DEL01-PE,Risco Baixo,Alta
sábado,BR-262,359.0,Pleno dia,Crescente,Chuva,Dupla,Reta,-19.97884,-44.25282,DEL01-MG,Risco Médio,Média
quinta-feira,BR-316,166.1,Pleno dia,Decrescente,Céu Claro,Simples,Reta,-2.991552,-45.65427,DEL02-MA,Risco Médio,Baixa
domingo,BR-386,268.5,Pleno dia,Decrescente,Céu Claro,Simples,Reta,-28.97194,-52.36955,DEL04-RS,Risco Médio,Média
sábado,BR-101,70.5,Pleno dia,Decrescente,Nublado,Dupla,Reta,-8.072087,-34.94246,DEL01-PE,Risco Médio,Alta
domingo,BR-101,76.7,Plena Noite,Crescente,Nublado,Simples,Não Informado,-10.77358,-37.12584,DEL01-SE,Risco Alto,Alta
domingo,BR-116,320.4,Pleno dia,Decrescente,Garoa/Chuvisco,Simples,Túnel,-30.29045,-51.4155,DEL02-RS,Risco Médio,Alta
quarta-feira,BR-376,474.3,Anoitecer,Decrescente,Chuva,Dupla,Curva,-25.04135,-50.242,DEL03-PR,Risco Alto,Baixa
segunda-feira,BR-116,226.3,Plena Noite,Decrescente,Chuva,Simples,Não Informado,-22.65922,-43.8386,DEL07-RJ,Risco Baixo,Alta
quinta-feira,BR-376,505.0,Amanhecer,Decrescente,Sol,Dupla,Não Informado,-25.23728,-50.03848,DEL03-PR,Risco Alto,Baixa
sábado,BR-343,4.0,Pleno dia,Crescente,Céu Claro,Múltipla,Interseção de vias,-5.080248,-42.78968,DEL01-PI,Risco Baixo,Baixa
segunda-feira,BR-163,10.0,Pleno dia,Crescente,Céu Claro,Simples,Desvio Temporário,-26.25066,-53.63552,DEL02-PR,Risco Alto,Alta
segunda-feira,BR-232,138.2,Pleno dia,Decrescente,Sol,Dupla,Reta,-8.31881,-36.06073,DEL02-PE,Risco Médio,Baixa
sexta-feira,BR-40,42.5,Pleno dia,Decrescente,Chuva,Simples,Interseção de vias,-17.21884,-46.86668,DEL14-MG,Risco Médio,Alta
sexta-feira,BR-235,9.6,Plena Noite,Crescente,Céu Claro,Simples,Reta,-10.88359,-37.13908,DEL01-SE,Risco Baixo,Baixa
sexta-feira,BR-364,117.9,Pleno dia,Decrescente,Sol,Dupla,Reta,-10.0128,-67.72826,DEL01-AC,Risco Médio,Alta