dia_semana,br,km,fase_dia,sentido_via,condicao_metereologica,tipo_pista,tracado_via,latitude,longitude,delegacia,classificacao_acidente,postos_policiais_PRF
quinta-feira,BR-381,765.0,Plena Noite,Decrescente,Chuva,Dupla,Reta,-21.7395,-45.3854,DEL16-MG,Risco Médio,Alta
quarta-feira,BR-262,460.8,Pleno dia,Crescente,Céu Claro,Simples,Não Informado,-19.82719,-45.07371,DEL08-MG,Risco Médio,Média
quinta-feira,BR-364,94.5,Plena Noite,Crescente,Céu Claro,Simples,Reta,-16.8589,-53.75173,DEL02-MT,Risco Médio,Alta
domingo,BR-101,85.5,Plena Noite,Decrescente,Céu Claro,Dupla,Reta,-26.62841,-48.70814,DEL03-SC,Risco Médio,Alta
segunda-feira,BR-343,348.1,Plena Noite,Decrescente,Nublado,Dupla,Viaduto,-5.118991,-42.78696,DEL01-PI,Risco Baixo,Baixa
terça-feira,BR-116,44.1,Plena Noite,Crescente,Céu Claro,Dupla,Retorno Regulamentado,-4.132732,-38.48262,DEL01-CE,Risco Médio,Alta
sábado,BR-242,147.0,Plena Noite,Decrescente,Céu Claro,Simples,Reta,-12.49122,-39.80573,DEL06-BA,Risco Baixo,Baixa
quinta-feira,BR-153,96.0,Pleno dia,Decrescente,Nublado,Simples,Não Informado,-6.876981,-47.98905,DEL02-TO,Risco Baixo,Alta
sábado,BR-235,52.5,Pleno dia,Crescente,Sol,Simples,Reta,-10.68781,-37.43938,DEL01-SE,Risco Médio,Baixa
segunda-feira,BR-101,91.9,Pleno dia,Decrescente,Nublado,Múltipla,Reta,-10.8985,-37.13176,DEL01-SE,Risco Médio,Alta
sexta-feira,BR-277,716.4,Pleno dia,Decrescente,Céu Claro,Dupla,Reta,-25.47252,-54.46707,DEL05-PR,Risco Médio,Média
terça-feira,BR-101,214.4,Pleno dia,Decrescente,Sol,Múltipla,Reta,-27.64443,-48.67057,DEL01-SC,Risco Médio,Alta
sexta-feira,BR-116,107.9,Pleno dia,Decrescente,Céu Claro,Dupla,Reta,-23.01791,-45.53009,DEL06-SP,Risco Alto,Alta
domingo,BR-376,595.0,Plena Noite,Decrescente,Céu Claro,Dupla,Reta,-25.49318,-49.34371,DEL01-PR,Risco Baixo,Baixa
terça-feira,BR-101,428.0,Pleno dia,Decrescente,Nublado,Múltipla,Reta,-22.93392,-43.99,DEL03-RJ,Risco Médio,Alta
terça-feira,BR-40,97.0,Amanhecer,Crescente,Nublado,Simples,Não Informado,-22.57409,-43.27309,DEL01-RJ,Risco Médio,Alta
quinta-feira,BR-267,80.6,Plena Noite,Decrescente,Chuva,Simples,Curva,-21.76886,-43.2437,DEL05-MG,Risco Médio,Baixa
segunda-feira,BR-376,528.3,Plena Noite,Decrescente,Ignorado,Dupla,Reta,-25.2854,-49.90785,DEL03-PR,Risco Médio,Baixa
terça-feira,BR-470,136.8,Pleno dia,Crescente,Céu Claro,Simples,Reta,-27.19432,-49.62455,DEL04-SC,Risco Médio,Baixa
sexta-feira,BR-280,24.1,Pleno dia,Decrescente,Garoa/Chuvisco,Simples,Reta,-26.37789,-48.72028,DEL03-SC,Risco Médio,Baixa
quarta-feira,BR-101,217.2,Pleno dia,Decrescente,Céu Claro,Múltipla,Reta,-27.67094,-48.67255,DEL01-SC,Risco Médio,Alta
segunda-feira,BR-101,344.9,Plena Noite,Crescente,Céu Claro,Simples,Reta,-20.66715,-40.49785,DEL03-ES,Risco Médio,Alta
sexta-feira,BR-153,144.0,Pleno dia,Decrescente,Céu Claro,Simples,Reta,-14.02919,-49.08828,DEL07-GO,Risco Baixo,Alta
quinta-feira,BR-116,290.0,Plena Noite,Decrescente,Garoa/Chuvisco,Dupla,Reta,-23.73033,-46.89426,DEL04-SP,Risco Baixo,Alta
terça-feira,BR-277,727.0,Plena Noite,Crescente,Céu Claro,Dupla,Reta,-25.51,-54.57074,DEL05-PR,Risco Baixo,Média
segunda-feira,BR-230,463.1,Pleno dia,Decrescente,Céu Claro,Simples,Reta,-6.77833,-38.22645,DEL03-PB,Risco Alto,Baixa
quarta-feira,BR-104,93.5,Pleno dia,Crescente,Céu Claro,Dupla,Reta,-9.528917,-35.79808,DEL01-AL,Risco Médio,Baixa
quarta-feira,BR-376,463.0,Pleno dia,Crescente,Chuva,Dupla,Reta,-25.02257,-50.33223,DEL03-PR,Risco Médio,Baixa
terça-feira,BR-40,633.4,Plena Noite,Crescente,Chuva,Simples,Reta,-20.68168,-43.7942,DEL05-MG,Risco Baixo,Alta
terça-feira,BR-285,416.5,Plena Noite,Crescente,Céu Claro,Simples,Interseção de vias,-28.34553,-53.52886,DEL10-RS,Risco Médio,Baixa
domingo,BR-470,229.0,Plena Noite,Crescente,Garoa/Chuvisco,Simples,Reta,-29.27746,-51.49326,DEL06-RS,Risco Médio,Baixa
sábado,BR-40,92.7,Pleno dia,Decrescente,Nevoeiro/Neblina,Simples,Interseção de vias,-16.73419,-47.62136,DEL01-DF,Risco Baixo,Alta
domingo,BR-232,113.0,Pleno dia,Decrescente,Céu Claro,Simples,Reta,-8.263137,-35.78796,DEL02-PE,Risco Médio,Baixa
domingo,BR-277,74.0,Pleno dia,Decrescente,Céu Claro,Simples,Rotatória,-25.51726,-49.11541,DEL01-PR,Risco Baixo,Média
sexta-feira,BR-101,273.9,Pleno dia,Decrescente,Céu Claro,Simples,Reta,-13.05864,-39.2803,DEL01-BA,Risco Baixo,Alta
segunda-feira,BR-285,456.0,Pleno dia,Decrescente,Céu Claro,Simples,Rotatória,-28.38524,-53.88842,DEL10-RS,Risco Médio,Baixa
terça-feira,BR-116,125.0,Plena Noite,Decrescente,Nublado,Dupla,Reta,-25.59505,-49.31631,DEL01-PR,Risco Baixo,Alta
segunda-feira,BR-116,521.0,Pleno dia,Crescente,Céu Claro,Dupla,Interseção de vias,-31.7075,-52.3679,DEL07-RS,Risco Médio,Alta
quarta-feira,BR-459,14.0,Pleno dia,Crescente,Céu Claro,Simples,Não Informado,-22.60914,-45.17757,DEL08-SP,Risco Médio,Baixa
terça-feira,BR-40,2.7,Pleno dia,Crescente,Sol,Dupla,Reta,-16.00053,-47.98468,DEL01-DF,Risco Médio,Alta
segunda-feira,BR-20,184.0,Pleno dia,Crescente,Céu Claro,Simples,Reta,-14.45001,-46.46824,DEL02-DF,Risco Médio,Baixa
quinta-feira,BR-101,182.0,Pleno dia,Crescente,Céu Claro,Simples,Não Informado,-12.45827,-38.93097,DEL01-BA,Risco Médio,Alta
domingo,BR-242,600.0,Pleno dia,Decrescente,Céu Claro,Simples,Não Informado,-12.14195,-43.35351,DEL10-BA,Risco Baixo,Baixa
sexta-feira,BR-101,116.4,Plena Noite,Decrescente,Nublado,Múltipla,Reta,-26.88249,-48.72456,DEL04-SC,Risco Médio,Alta
segunda-feira,BR-235,55.0,Pleno dia,Crescente,Sol,Simples,Reta,-10.66739,-37.44601,DEL01-SE,Risco Médio,Baixa
sábado,BR-135,532.0,Plena Noite,Decrescente,Nublado,Simples,Reta,-9.979097,-45.32669,DEL03-PI,Risco Médio,Baixa
segunda-feira,BR-116,283.0,Amanhecer,Crescente,Nublado,Dupla,Reta,-23.69297,-46.86353,DEL04-SP,Risco Alto,Alta
domingo,BR-40,10.0,Anoitecer,Crescente,Céu Claro,Dupla,Reta,-16.13128,-47.95792,DEL01-DF,Risco Médio,Alta
sábado,BR-116,771.0,Pleno dia,Crescente,Céu Claro,Simples,Curva,-21.55093,-42.67141,DEL07-MG,Risco Médio,Alta
quinta-feira,BR-232,352.6,Plena Noite,Crescente,Céu Claro,Simples,Reta,-8.065601,-37.80505,DEL03-PE,Risco Médio,Baixa
sábado,BR-452,2.0,Plena Noite,Decrescente,Céu Claro,Dupla,Curva,-17.79733,-50.88256,DEL04-GO,Risco Médio,Baixa
sábado,BR-116,140.0,Pleno dia,Crescente,Nublado,Dupla,Reta,-23.16609,-45.81329,DEL06-SP,Risco Baixo,Alta
domingo,BR-116,18.0,Anoitecer,Crescente,Sol,Dupla,Não Informado,-25.3891,-49.1966,DEL01-PR,Risco Baixo,Alta
terça-feira,BR-104,30.0,Plena Noite,Crescente,Céu Claro,Simples,Reta,-8.0137,-36.0565,DEL02-PE,Risco Médio,Baixa
terça-feira,BR-116,585.4,Pleno dia,Crescente,Nublado,Simples,Não Informado,-20.22988,-42.1726,DEL06-MG,Risco Médio,Alta
segunda-feira,BR-364,427.0,Plena Noite,Decrescente,Céu Claro,Simples,Não Informado,-10.42731,-62.48745,DEL03-RO,Risco Médio,Alta
terça-feira,BR-163,48.7,Pleno dia,Crescente,Céu Claro,Simples,Reta,-25.95899,-53.7228,DEL02-PR,Risco Alto,Alta
sábado,BR-163,169.4,Amanhecer,Decrescente,Céu Claro,Simples,Curva,-25.24187,-53.58669,DEL04-PR,Risco Médio,Alta
sexta-feira,BR-277,309.0,Plena Noite,Crescente,Nevoeiro/Neblina,Simples,Reta,-25.30846,-51.20935,DEL03-PR,Risco Baixo,Média
sexta-feira,BR-40,736.0,Pleno dia,Crescente,Céu Claro,Simples,Reta,-21.3761,-43.56994,DEL05-MG,Risco Médio,Alta
terça-feira,BR-153,501.2,Pleno dia,Decrescente,Céu Claro,Dupla,Reta,-16.7189,-49.2382,DEL01-GO,Risco Médio,Alta
quinta-feira,BR-40,30.9,Plena Noite,Decrescente,Chuva,Dupla,Curva,-22.19244,-43.15909,DEL06-RJ,Risco Médio,Alta
terça-feira,BR-376,622.0,Pleno dia,Crescente,Garoa/Chuvisco,Dupla,Reta,-25.62623,-49.16548,DEL01-PR,Risco Baixo,Baixa
sexta-feira,BR-163,110.3,Pleno dia,Crescente,Garoa/Chuvisco,Simples,Não Informado,-26.40172,-53.52459,DEL07-SC,Risco Médio,Alta
terça-feira,BR-116,171.0,Pleno dia,Decrescente,Céu Claro,Dupla,Reta,-22.80604,-43.3429,DEL01-RJ,Risco Médio,Alta
segunda-feira,BR-104,57.0,Plena Noite,Decrescente,Céu Claro,Simples,Reta,-9.298992,-35.95624,DEL01-AL,Risco Baixo,Baixa
segunda-feira,BR-381,941.0,Pleno dia,Decrescente,Céu Claro,Dupla,Curva,-22.82567,-46.3119,DEL16-MG,Risco Baixo,Alta
segunda-feira,BR-365,600.2,Pleno dia,Crescente,Céu Claro,Simples,Reta,-18.89471,-48.12996,DEL15-MG,Risco Alto,Média
quinta-feira,BR-116,108.0,Amanhecer,Crescente,Céu Claro,Dupla,Reta,-22.56417,-42.99949,DEL02-RJ,Risco Médio,Alta
segunda-feira,BR-101,205.0,Pleno dia,Crescente,Céu Claro,Múltipla,Curva,-27.592,-48.6181,DEL01-SC,Risco Baixo,Alta
sexta-feira,BR-116,147.3,Pleno dia,Crescente,Chuva,Múltipla,Reta,-23.19543,-45.87176,DEL02-SP,Risco Médio,Alta
sábado,BR-277,53.7,Plena Noite,Decrescente,Ignorado,Dupla,Curva,-25.59184,-48.92584,DEL01-PR,Risco Médio,Média
sexta-feira,BR-381,616.5,Pleno dia,Decrescente,Chuva,Dupla,Reta,-20.75305,-44.77476,DEL04-MG,Risco Médio,Alta
sábado,BR-101,526.0,Pleno dia,Crescente,Nevoeiro/Neblina,Simples,Curva,-23.0095,-44.4858,DEL03-RJ,Risco Baixo,Alta
sábado,BR-101,442.0,Plena Noite,Decrescente,Céu Claro,Simples,Curva,-14.31825,-39.32022,DEL05-BA,Risco Alto,Alta
segunda-feira,BR-381,880.6,Pleno dia,Crescente,Chuva,Dupla,Curva,-22.46107,-46.00977,DEL16-MG,Risco Baixo,Alta
terça-feira,BR-369,372.0,Pleno dia,Decrescente,Chuva,Simples,Curva,-24.1556,-52.4658,DEL09-PR,Risco Médio,Baixa
quinta-feira,BR-376,519.0,Pleno dia,Crescente,Ignorado,Dupla,Reta,-25.2583,-49.9866,DEL03-PR,Risco Baixo,Baixa
quinta-feira,BR-40,608.0,Pleno dia,Crescente,Céu Claro,Simples,Reta,-20.48427,-43.83896,DEL05-MG,Risco Médio,Alta
domingo,BR-277,6.5,Plena Noite,Crescente,Céu Claro,Simples,Curva,-25.56005,-48.58244,DEL01-PR,Risco Baixo,Média
quarta-feira,BR-70,28.4,Pleno dia,Decrescente,Céu Claro,Simples,Curva,-15.80716,-52.48452,DEL07-MT,Risco Baixo,Baixa
quarta-feira,BR-369,178.8,Pleno dia,Decrescente,Céu Claro,Múltipla,Reta,-23.36106,-51.39907,DEL07-PR,Risco Médio,Baixa
sexta-feira,BR-153,226.0,Pleno dia,Crescente,Céu Claro,Simples,Reta,-7.871601,-48.45739,DEL02-TO,Risco Médio,Alta
segunda-feira,BR-230,384.0,Pleno dia,Crescente,Céu Claro,Simples,Reta,-6.9076,-37.6686,DEL03-PB,Risco Médio,Baixa
domingo,BR-116,123.1,Amanhecer,Crescente,Céu Claro,Dupla,Reta,-23.08754,-45.6697,DEL06-SP,Risco Alto,Alta
sábado,BR-222,137.0,Plena Noite,Crescente,Vento,Simples,Ponte,-3.736223,-39.67622,DEL04-CE,Risco Médio,Baixa
sexta-feira,BR-101,114.0,Amanhecer,Crescente,Chuva,Simples,Reta,-19.09485,-40.05096,DEL04-ES,Risco Médio,Alta
sábado,BR-116,228.0,Pleno dia,Decrescente,Chuva,Dupla,Curva,-22.66773,-43.84615,DEL07-RJ,Risco Médio,Alta
quinta-feira,BR-116,117.0,Plena Noite,Crescente,Garoa/Chuvisco,Dupla,Reta,-25.54989,-49.28248,DEL01-PR,Risco Médio,Alta
segunda-feira,BR-316,332.0,Amanhecer,Crescente,Céu Claro,Simples,Reta,-7.105657,-41.28097,DEL04-PI,Risco Médio,Baixa
sexta-feira,BR-381,30.0,Plena Noite,Crescente,Céu Claro,Dupla,Reta,-23.05446,-46.56693,DEL03-SP,Risco Baixo,Alta
sexta-feira,BR-101,113.0,Plena Noite,Decrescente,Nublado,Dupla,Reta,-26.85311,-48.7269,DEL04-SC,Risco Médio,Alta
quinta-feira,BR-163,615.0,Pleno dia,Crescente,Sol,Simples,Retorno Regulamentado,-19.39851,-54.5658,DEL06-MS,Risco Médio,Alta
sábado,BR-459,20.4,Anoitecer,Crescente,Céu Claro,Simples,Reta,-21.86958,-46.41997,DEL09-MG,Risco Médio,Baixa
quinta-feira,BR-280,53.0,Pleno dia,Crescente,Sol,Simples,Reta,-26.47237,-48.97427,DEL03-SC,Risco Médio,Baixa
segunda-feira,BR-101,1.0,Plena Noite,Crescente,Céu Claro,Simples,Curva,-21.22314,-41.31005,DEL08-RJ,Risco Médio,Alta
segunda-feira,BR-262,5.3,Pleno dia,Crescente,Céu Claro,Dupla,Curva,-20.33671,-40.39023,DEL01-ES,Risco Médio,Média
quarta-feira,BR-365,613.0,Anoitecer,Decrescente,Céu Claro,Simples,Reta,-18.8846,-48.26594,DEL15-MG,Risco Médio,Média
segunda-feira,BR-470,57.5,Plena Noite,Crescente,Céu Claro,Simples,Não Informado,-26.88043,-49.13653,DEL04-SC,Risco Médio,Baixa
segunda-feira,BR-277,144.0,Pleno dia,Crescente,Nublado,Simples,Curva,-25.469,-49.78126,DEL01-PR,Risco Médio,Média
quarta-feira,BR-40,111.0,Plena Noite,Decrescente,Céu Claro,Múltipla,Reta,-22.69187,-43.28745,DEL01-RJ,Risco Baixo,Alta
quarta-feira,BR-40,8.0,Plena Noite,Crescente,Céu Claro,Dupla,Reta,-16.11616,-47.96761,DEL01-DF,Risco Alto,Alta
sábado,BR-369,163.0,Plena Noite,Crescente,Nublado,Dupla,Não Informado,-23.29712,-51.27782,DEL07-PR,Risco Médio,Baixa
sábado,BR-116,492.3,Pleno dia,Decrescente,Chuva,Simples,Curva,-7.375984,-38.95509,DEL05-CE,Risco Alto,Alta
quinta-feira,BR-232,77.9,Pleno dia,Decrescente,Sol,Simples,Reta,-8.193439,-35.54301,DEL02-PE,Risco Médio,Baixa
domingo,BR-116,529.8,Plena Noite,Decrescente,Céu Claro,Simples,Reta,-31.75446,-52.42804,DEL07-RS,Risco Baixo,Alta
domingo,BR-135,143.0,Anoitecer,Crescente,Céu Claro,Simples,Reta,-11.89105,-44.85957,DEL10-BA,Risco Alto,Baixa
sexta-feira,BR-163,687.0,Plena Noite,Decrescente,Céu Claro,Simples,Reta,-13.18355,-55.98612,DEL06-MT,Risco Médio,Alta
terça-feira,BR-135,33.7,Pleno dia,Crescente,Sol,Dupla,Reta,-2.831083,-44.37451,DEL01-MA,Risco Médio,Baixa
sexta-feira,BR-153,110.6,Plena Noite,Decrescente,Nublado,Simples,Reta,-19.31459,-48.90675,DEL15-MG,Risco Médio,Alta
segunda-feira,BR-222,313.0,Pleno dia,Crescente,Sol,Múltipla,Reta,-3.723614,-40.9967,DEL04-CE,Risco Médio,Baixa
segunda-feira,BR-116,426.0,Plena Noite,Decrescente,Céu Claro,Simples,Viaduto,-12.2442,-38.98564,DEL02-BA,Risco Baixo,Alta
sexta-feira,BR-163,853.9,Pleno dia,Decrescente,Céu Claro,Simples,Reta,-11.82938,-55.48678,DEL06-MT,Risco Médio,Alta
sexta-feira,BR-20,17.0,Plena Noite,Crescente,Céu Claro,Dupla,Não Informado,-15.62137,-47.71698,DEL02-DF,Risco Médio,Baixa
sexta-feira,BR-364,309.0,Pleno dia,Crescente,Céu Claro,Dupla,Reta,-15.81682,-55.22982,DEL05-MT,Risco Alto,Alta
domingo,BR-364,514.0,Plena Noite,Crescente,Céu Claro,Simples,Reta,-9.933984,-63.05523,DEL03-RO,Risco Alto,Alta
segunda-feira,BR-153,50.0,Pleno dia,Decrescente,Chuva,Simples,Reta,-27.65564,-52.27053,DEL08-RS,Risco Alto,Alta
domingo,BR-381,571.8,Pleno dia,Decrescente,Céu Claro,Dupla,Reta,-20.44412,-44.56483,DEL04-MG,Risco Médio,Alta
domingo,BR-116,306.0,Amanhecer,Crescente,Céu Claro,Dupla,Curva,-23.84364,-46.93417,DEL04-SP,Risco Médio,Alta
sexta-feira,BR-470,273.0,Plena Noite,Decrescente,Nublado,Simples,Reta,-29.52995,-51.48555,DEL04-RS,Risco Médio,Baixa
quarta-feira,BR-153,496.0,Pleno dia,Crescente,Céu Claro,Simples,Interseção de vias,-10.16528,-48.88095,DEL02-TO,Risco Médio,Alta
sábado,BR-262,37.4,Pleno dia,Decrescente,Sol,Simples,Reta,-20.25749,-42.03049,DEL06-MG,Risco Médio,Média
segunda-feira,BR-287,520.0,Pleno dia,Crescente,Céu Claro,Simples,Reta,-28.72443,-55.85837,DEL12-RS,Risco Médio,Baixa
sexta-feira,BR-369,156.0,Pleno dia,Decrescente,Céu Claro,Dupla,Desvio Temporário,-23.29056,-51.21983,DEL07-PR,Risco Médio,Baixa
quinta-feira,BR-116,175.0,Pleno dia,Crescente,Chuva,Dupla,Reta,-22.78924,-43.37275,DEL01-RJ,Risco Baixo,Alta
quinta-feira,BR-381,381.3,Pleno dia,Crescente,Sol,Simples,Não Informado,-19.82692,-43.38406,DEL01-MG,Risco Médio,Alta
sábado,BR-262,94.0,Plena Noite,Decrescente,Chuva,Simples,Reta,-20.5895,-52.44258,DEL07-MS,Risco Médio,Média
domingo,BR-230,0.0,Plena Noite,Decrescente,Céu Claro,Simples,Não Informado,-6.760554,-43.01138,DEL03-PI,Risco Médio,Baixa
sábado,BR-20,403.5,Amanhecer,Decrescente,Céu Claro,Simples,Retorno Regulamentado,-3.781869,-38.69141,DEL01-CE,Risco Médio,Baixa
terça-feira,BR-101,48.8,Pleno dia,Decrescente,Céu Claro,Múltipla,Reta,-7.891747,-34.90335,DEL01-PE,Risco Médio,Alta
quinta-feira,BR-376,132.3,Pleno dia,Crescente,Nublado,Dupla,Não Informado,-23.17756,-52.2277,DEL07-PR,Risco Baixo,Baixa
sábado,BR-135,371.6,Plena Noite,Decrescente,Céu Claro,Simples,Desvio Temporário,-16.776,-43.8394,DEL12-MG,Risco Médio,Baixa
segunda-feira,BR-101,113.5,Pleno dia,Crescente,Céu Claro,Múltipla,Reta,-5.973247,-35.26489,DEL01-RN,Risco Médio,Alta
quinta-feira,BR-101,305.0,Plena Noite,Decrescente,Céu Claro,Dupla,Reta,-22.79,-43.024,DEL02-RJ,Risco Baixo,Alta
sábado,BR-60,163.0,Pleno dia,Decrescente,Céu Claro,Múltipla,Reta,-16.7002,-49.3335,DEL01-GO,Risco Médio,Média
segunda-feira,BR-369,37.2,Pleno dia,Decrescente,Chuva,Simples,Não Informado,-23.04568,-50.23285,DEL07-PR,Risco Médio,Baixa
sábado,BR-376,3.9,Plena Noite,Decrescente,Ignorado,Dupla,Reta,-25.5307,-49.1958,DEL01-PR,Risco Médio,Baixa
terça-feira,BR-381,931.0,Plena Noite,Crescente,Chuva,Dupla,Curva,-22.78784,-46.24281,DEL16-MG,Risco Médio,Alta
sábado,BR-116,12.8,Pleno dia,Crescente,Nublado,Simples,Reta,-14.88349,-40.87077,DEL08-BA,Risco Médio,Alta
segunda-feira,BR-153,59.5,Plena Noite,Decrescente,Chuva,Simples,Não Informado,-18.88623,-49.05195,DEL15-MG,Risco Baixo,Alta
segunda-feira,BR-324,620.0,Pleno dia,Crescente,Céu Claro,Dupla,Reta,-12.90482,-38.45557,DEL01-BA,Risco Médio,Baixa
domingo,BR-101,278.0,Plena Noite,Decrescente,Céu Claro,Dupla,Reta,-22.7401,-42.7581,DEL02-RJ,Risco Médio,Alta
quinta-feira,BR-277,724.8,Pleno dia,Decrescente,Céu Claro,Dupla,Não Informado,-25.50258,-54.53868,DEL05-PR,Risco Médio,Média
sábado,BR-365,776.0,Amanhecer,Crescente,Céu Claro,Simples,Reta,-18.95873,-49.67757,DEL15-MG,Risco Médio,Média
segunda-feira,BR-101,420.0,Plena Noite,Crescente,Chuva,Simples,Curva,-22.91898,-43.92322,DEL03-RJ,Risco Baixo,Alta
quarta-feira,BR-40,545.5,Pleno dia,Crescente,Céu Claro,Dupla,Curva,-20.0067,-43.96419,DEL01-MG,Risco Médio,Alta
sexta-feira,BR-364,58.2,Pleno dia,Decrescente,Céu Claro,Simples,Reta,-18.75038,-50.93659,DEL05-GO,Risco Médio,Alta
terça-feira,BR-222,0.5,Pleno dia,Decrescente,Sol,Múltipla,Reta,-3.737307,-38.57333,DEL01-CE,Risco Médio,Baixa
sábado,BR-262,437.7,Plena Noite,Decrescente,Nublado,Dupla,Retorno Regulamentado,-19.89622,-44.86973,DEL08-MG,Risco Médio,Média
quinta-feira,BR-356,43.0,Anoitecer,Decrescente,Chuva,Simples,Não Informado,-21.2224,-41.8207,DEL08-RJ,Risco Médio,Baixa
quarta-feira,BR-101,30.0,Pleno dia,Decrescente,Céu Claro,Dupla,Reta,-29.88517,-50.54644,DEL03-RS,Risco Médio,Alta
domingo,BR-470,50.0,Plena Noite,Crescente,Nublado,Simples,Reta,-26.85977,-49.07449,DEL04-SC,Risco Médio,Baixa
terça-feira,BR-365,669.9,Pleno dia,Crescente,Garoa/Chuvisco,Dupla,Reta,-18.88574,-48.72615,DEL15-MG,Risco Médio,Média
domingo,BR-272,412.1,Plena Noite,Decrescente,Céu Claro,Simples,Desvio Temporário,-24.13253,-52.80195,DEL09-PR,Risco Médio,Baixa
quarta-feira,BR-373,213.6,Pleno dia,Decrescente,Céu Claro,Simples,Curva,-25.1571,-50.51398,DEL03-PR,Risco Médio,Baixa
terça-feira,BR-316,38.1,Plena Noite,Decrescente,Céu Claro,Simples,Reta,-5.41471,-42.6423,DEL01-PI,Risco Alto,Baixa
sexta-feira,BR-101,406.0,Plena Noite,Decrescente,Garoa/Chuvisco,Dupla,Reta,-22.87189,-43.80896,DEL01-RJ,Risco Médio,Alta
domingo,BR-116,462.0,Amanhecer,Decrescente,Ignorado,Dupla,Reta,-24.62978,-47.90299,DEL05-SP,Risco Baixo,Alta
quinta-feira,BR-40,750.0,Plena Noite,Decrescente,Céu Claro,Dupla,Curva,-21.4903,-43.535,DEL05-MG,Risco Médio,Alta
quinta-feira,BR-290,102.0,Pleno dia,Crescente,Céu Claro,Dupla,Ponte,-29.99057,-51.26773,DEL02-RS,Risco Médio,Baixa
domingo,BR-40,546.0,Pleno dia,Decrescente,Céu Claro,Dupla,Não Informado,-20.01445,-43.96894,DEL01-MG,Risco Médio,Alta
segunda-feira,BR-110,46.0,Plena Noite,Decrescente,Céu Claro,Simples,Reta,-5.197977,-37.3184,DEL04-RN,Risco Médio,Baixa
terça-feira,BR-50,17.0,Pleno dia,Crescente,Chuva,Dupla,Curva,-18.56359,-48.0564,DEL15-MG,Risco Baixo,Média
sábado,BR-386,345.1,Plena Noite,Decrescente,Chuva,Dupla,Reta,-29.4495,-51.9702,DEL04-RS,Risco Médio,Média
terça-feira,BR-40,736.1,Pleno dia,Decrescente,Chuva,Dupla,Curva,-21.3981,-43.56544,DEL05-MG,Risco Médio,Alta
quarta-feira,BR-101,234.5,Pleno dia,Crescente,Nublado,Dupla,Desvio Temporário,-27.81416,-48.6334,DEL01-SC,Risco Médio,Alta
quinta-feira,BR-262,446.9,Plena Noite,Decrescente,Nublado,Simples,Reta,-19.86097,-45.00471,DEL08-MG,Risco Médio,Média
domingo,BR-146,515.9,Plena Noite,Decrescente,Céu Claro,Simples,Curva,-21.80328,-46.45441,DEL09-MG,Risco Baixo,Baixa
sábado,BR-40,1.0,Pleno dia,Crescente,Céu Claro,Dupla,Reta,-16.05736,-47.98272,DEL01-DF,Risco Médio,Alta
sexta-feira,BR-101,17.7,Pleno dia,Crescente,Céu Claro,Simples,Curva,-18.30706,-39.95727,DEL04-ES,Risco Médio,Alta
quarta-feira,BR-60,100.0,Pleno dia,Crescente,Nublado,Dupla,Não Informado,-16.3979,-48.9664,DEL02-GO,Risco Baixo,Média
sábado,BR-20,81.0,Pleno dia,Decrescente,Céu Claro,Simples,Reta,-13.24095,-46.04679,DEL10-BA,Risco Médio,Baixa
quarta-feira,BR-101,213.4,Amanhecer,Crescente,Céu Claro,Dupla,Reta,-22.49146,-42.26202,DEL02-RJ,Risco Médio,Alta
segunda-feira,BR-116,11.0,Anoitecer,Decrescente,Céu Claro,Simples,Curva,-14.851,-40.8485,DEL08-BA,Risco Médio,Alta
segunda-feira,BR-116,112.0,Amanhecer,Decrescente,Nevoeiro/Neblina,Dupla,Reta,-25.56731,-49.23707,DEL01-PR,Risco Médio,Alta
segunda-feira,BR-116,220.0,Plena Noite,Crescente,Céu Claro,Simples,Curva,-22.66891,-43.81708,DEL07-RJ,Risco Médio,Alta
quinta-feira,BR-364,113.0,Plena Noite,Decrescente,Nublado,Simples,Reta,-18.30762,-51.14393,DEL05-GO,Risco Médio,Alta
quarta-feira,BR-101,100.0,Pleno dia,Crescente,Céu Claro,Simples,Reta,-5.881069,-35.22542,DEL01-RN,Risco Médio,Alta
quinta-feira,BR-251,334.0,Pleno dia,Decrescente,Céu Claro,Simples,Curva,-16.2639,-42.416,DEL12-MG,Risco Baixo,Baixa
sábado,BR-226,248.7,Pleno dia,Crescente,Chuva,Simples,Não Informado,-6.017118,-37.03538,DEL03-RN,Risco Médio,Baixa
quinta-feira,BR-116,276.0,Pleno dia,Crescente,Céu Claro,Dupla,Reta,-23.61891,-46.80944,DEL04-SP,Risco Baixo,Alta
segunda-feira,BR-153,527.9,Pleno dia,Crescente,Céu Claro,Dupla,Reta,-16.9457,-49.2511,DEL01-GO,Risco Médio,Alta
sexta-feira,BR-101,378.5,Pleno dia,Decrescente,Céu Claro,Múltipla,Retorno Regulamentado,-28.7496,-49.27231,DEL02-SC,Risco Baixo,Alta
terça-feira,BR-110,340.0,Pleno dia,Crescente,Sol,Simples,Interseção de vias,-12.16311,-38.41515,DEL01-BA,Risco Médio,Baixa
sábado,BR-381,349.6,Pleno dia,Decrescente,Chuva,Simples,Curva,-19.85982,-43.1215,DEL03-MG,Risco Médio,Alta
terça-feira,BR-463,74.7,Pleno dia,Decrescente,Céu Claro,Simples,Reta,-22.49153,-55.42546,DEL04-MS,Risco Médio,Baixa