dia_semana,br,km,fase_dia,sentido_via,condicao_metereologica,tipo_pista,tracado_via,latitude,longitude,delegacia,classificacao_acidente,postos_policiais_PRF
quarta-feira,BR-70,6.0,Pleno dia,Crescente,Céu Claro,Dupla,Não Informado,-15.75049,-48.26124,DEL01-DF,Risco Médio,Baixa
sábado,BR-407,231.0,Pleno dia,Crescente,Sol,Simples,Reta,-11.37582,-40.00578,DEL04-BA,Risco Baixo,Baixa
quarta-feira,BR-116,2.3,Pleno dia,Decrescente,Céu Claro,Simples,Reta,-26.12392,-49.79303,DEL06-SC,Risco Médio,Alta
terça-feira,BR-101,400.0,Pleno dia,Crescente,Céu Claro,Múltipla,Reta,-22.85262,-43.76559,DEL01-RJ,Risco Médio,Alta
sábado,BR-116,255.0,Plena Noite,Crescente,Céu Claro,Simples,Reta,-27.8732,-50.4016,DEL05-SC,Risco Médio,Alta
domingo,BR-101,142.7,Plena Noite,Decrescente,Nublado,Simples,Reta,-19.33459,-40.06755,DEL04-ES,Risco Médio,Alta
domingo,BR-471,153.4,Pleno dia,Decrescente,Chuva,Simples,Reta,-29.84691,-52.39383,DEL02-RS,Risco Médio,Baixa
domingo,BR-285,264.7,Amanhecer,Decrescente,Sol,Simples,Reta,-28.30502,-52.11805,DEL08-RS,Risco Alto,Baixa
sábado,BR-101,265.7,Pleno dia,Crescente,Chuva,Dupla,Reta,-28.07489,-48.71288,DEL02-SC,Risco Médio,Alta
quinta-feira,BR-155,323.0,Plena Noite,Decrescente,Céu Claro,Simples,Reta,-5.545394,-49.07504,DEL03-PA,Risco Baixo,Baixa
segunda-feira,BR-101,206.0,Pleno dia,Decrescente,Céu Claro,Dupla,Reta,-27.59194,-48.61825,DEL01-SC,Risco Médio,Alta
domingo,BR-101,299.5,Plena Noite,Crescente,Chuva,Dupla,Reta,-22.77433,-42.93823,DEL02-RJ,Risco Médio,Alta
sexta-feira,BR-222,324.8,Amanhecer,Decrescente,Céu Claro,Simples,Reta,-3.79354,-41.06472,DEL04-CE,Risco Médio,Baixa
sábado,BR-153,140.0,Plena Noite,Crescente,Céu Claro,Dupla,Reta,-7.169616,-48.21328,DEL02-TO,Risco Médio,Alta
domingo,BR-101,211.9,Pleno dia,Crescente,Chuva,Múltipla,Reta,-27.62329,-48.65246,DEL01-SC,Risco Baixo,Alta
domingo,BR-101,194.0,Pleno dia,Decrescente,Céu Claro,Simples,Desvio Temporário,-12.60123,-39.0039,DEL01-BA,Risco Alto,Alta
sábado,BR-116,211.2,Pleno dia,Crescente,Sol,Simples,Interseção de vias,-26.07981,-49.76935,DEL06-SC,Risco Médio,Alta
sexta-feira,BR-116,164.7,Plena Noite,Crescente,Céu Claro,Simples,Curva,-4.956002,-37.99985,DEL03-CE,Risco Médio,Alta
domingo,BR-40,29.5,Pleno dia,Decrescente,Chuva,Simples,Curva,-17.14892,-46.94276,DEL14-MG,Risco Médio,Alta
sábado,BR-424,55.2,Pleno dia,Crescente,Céu Claro,Simples,Reta,-8.731844,-36.74553,DEL03-PE,Risco Médio,Baixa
terça-feira,BR-386,420.2,Pleno dia,Decrescente,Nevoeiro/Neblina,Dupla,Curva,-29.81643,-51.41962,DEL04-RS,Risco Médio,Média
sexta-feira,BR-262,101.0,Pleno dia,Decrescente,Sol,Simples,Desvio Temporário,-20.3498,-41.0972,DEL01-ES,Risco Médio,Média
terça-feira,BR-222,3.2,Pleno dia,Decrescente,Céu Claro,Dupla,Reta,-3.740775,-38.59879,DEL01-CE,Risco Médio,Baixa
quarta-feira,BR-262,482.2,Pleno dia,Decrescente,Sol,Simples,Não Informado,-19.78517,-45.3149,DEL08-MG,Risco Médio,Média
quinta-feira,BR-282,210.0,Pleno dia,Decrescente,Céu Claro,Simples,Não Informado,-27.7775,-50.2254,DEL05-SC,Risco Baixo,Baixa
terça-feira,BR-116,27.0,Plena Noite,Crescente,Nublado,Dupla,Curva,-25.1084,-48.79506,DEL01-PR,Risco Baixo,Alta
segunda-feira,BR-40,69.1,Pleno dia,Decrescente,Céu Claro,Simples,Reta,-22.44352,-43.19229,DEL06-RJ,Risco Médio,Alta
quinta-feira,BR-324,555.0,Plena Noite,Decrescente,Céu Claro,Dupla,Reta,-12.46574,-38.68964,DEL01-BA,Risco Baixo,Baixa
sábado,BR-282,507.0,Anoitecer,Decrescente,Céu Claro,Simples,Reta,-26.88617,-52.43911,DEL07-SC,Risco Baixo,Baixa
terça-feira,BR-386,355.0,Pleno dia,Crescente,Céu Claro,Dupla,Reta,-29.51507,-51.94008,DEL04-RS,Risco Médio,Média
sexta-feira,BR-470,141.0,Plena Noite,Crescente,Nublado,Múltipla,Rotatória,-27.20196,-49.63395,DEL04-SC,Risco Médio,Baixa
domingo,BR-364,346.0,Pleno dia,Decrescente,Céu Claro,Dupla,Curva,-15.79964,-55.58299,DEL02-MT,Risco Baixo,Alta
quinta-feira,BR-470,52.7,Plena Noite,Decrescente,Céu Claro,Simples,Interseção de vias,-26.86598,-49.09999,DEL04-SC,Risco Baixo,Baixa
quinta-feira,BR-153,47.0,Plena Noite,Crescente,Céu Claro,Dupla,Desvio Temporário,-18.7962,-49.08248,DEL15-MG,Risco Médio,Alta
quinta-feira,BR-364,345.0,Pleno dia,Crescente,Chuva,Múltipla,Interseção de vias,-10.86881,-61.96018,DEL02-RO,Risco Médio,Alta
domingo,BR-376,617.0,Pleno dia,Decrescente,Céu Claro,Dupla,Não Informado,-25.58426,-49.17619,DEL01-PR,Risco Médio,Baixa
domingo,BR-153,43.0,Pleno dia,Crescente,Céu Claro,Dupla,Rotatória,-23.30947,-50.07062,DEL07-PR,Risco Médio,Alta
segunda-feira,BR-101,320.1,Pleno dia,Crescente,Céu Claro,Dupla,Reta,-22.86171,-43.10714,DEL02-RJ,Risco Médio,Alta
sábado,BR-101,233.0,Plena Noite,Decrescente,Nublado,Dupla,Curva,-27.81241,-48.63331,DEL01-SC,Risco Médio,Alta
quinta-feira,BR-282,0.5,Pleno dia,Decrescente,Sol,Dupla,Reta,-27.60009,-48.57624,DEL01-SC,Risco Médio,Baixa
sexta-feira,BR-267,139.5,Plena Noite,Decrescente,Chuva,Simples,Curva,-21.79755,-43.68025,DEL05-MG,Risco Médio,Baixa
segunda-feira,BR-282,80.0,Pleno dia,Decrescente,Chuva,Simples,Curva,-27.66355,-49.15931,DEL01-SC,Risco Médio,Baixa
sábado,BR-116,276.6,Plena Noite,Crescente,Céu Claro,Dupla,Reta,-22.5228,-44.20191,DEL07-RJ,Risco Médio,Alta
terça-feira,BR-101,54.0,Plena Noite,Crescente,Céu Claro,Dupla,Reta,-7.939611,-34.90357,DEL01-PE,Risco Médio,Alta
terça-feira,BR-376,181.9,Pleno dia,Decrescente,Céu Claro,Dupla,Interseção de vias,-23.43175,-51.8874,DEL07-PR,Risco Médio,Baixa
quinta-feira,BR-427,15.5,Pleno dia,Decrescente,Céu Claro,Simples,Curva,-6.35109,-36.59446,DEL03-RN,Risco Médio,Baixa
segunda-feira,BR-135,500.7,Plena Noite,Crescente,Céu Claro,Simples,Reta,-9.73777,-45.26017,DEL03-PI,Risco Médio,Baixa
quinta-feira,BR-116,40.2,Pleno dia,Decrescente,Sol,Simples,Rotatória,-28.52051,-50.94183,DEL05-RS,Risco Médio,Alta
quarta-feira,BR-230,154.3,Pleno dia,Crescente,Céu Claro,Simples,Não Informado,-7.2777,-35.8985,DEL02-PB,Risco Médio,Baixa
segunda-feira,BR-393,263.0,Pleno dia,Decrescente,Chuva,Simples,Curva,-22.47031,-43.86674,DEL05-RJ,Risco Médio,Média
sexta-feira,BR-101,233.3,Plena Noite,Crescente,Chuva,Dupla,Desvio Temporário,-27.80376,-48.63826,DEL01-SC,Risco Médio,Alta
sábado,BR-470,156.0,Pleno dia,Crescente,Céu Claro,Simples,Reta,-28.78875,-51.61532,DEL06-RS,Risco Médio,Baixa
sexta-feira,BR-235,56.3,Plena Noite,Crescente,Céu Claro,Simples,Reta,-10.65864,-37.44843,DEL01-SE,Risco Médio,Baixa
sábado,BR-381,90.3,Plena Noite,Decrescente,Ignorado,Dupla,Viaduto,-23.49479,-46.5596,DEL03-SP,Risco Médio,Alta
domingo,BR-230,168.9,Plena Noite,Crescente,Céu Claro,Simples,Não Informado,-7.186123,-35.9726,DEL02-PB,Risco Alto,Baixa
quarta-feira,BR-272,555.0,Pleno dia,Crescente,Chuva,Simples,Não Informado,-24.08413,-54.10511,DEL06-PR,Risco Baixo,Baixa
terça-feira,BR-343,348.9,Pleno dia,Decrescente,Céu Claro,Simples,Reta,-5.121507,-42.79236,DEL01-PI,Risco Médio,Baixa
sábado,BR-20,424.0,Plena Noite,Crescente,Nublado,Dupla,Não Informado,-3.76999,-38.67006,DEL01-CE,Risco Médio,Baixa
quarta-feira,BR-373,210.4,Amanhecer,Crescente,Céu Claro,Simples,Reta,-25.14512,-50.48769,DEL03-PR,Risco Médio,Baixa
sábado,BR-364,296.0,Pleno dia,Decrescente,Céu Claro,Dupla,Reta,-15.86416,-55.12585,DEL05-MT,Risco Médio,Alta
quarta-feira,BR-262,367.0,Plena Noite,Crescente,Céu Claro,Simples,Rotatória,-20.55186,-54.66794,DEL01-MS,Risco Médio,Média
sábado,BR-116,513.5,Pleno dia,Decrescente,Chuva,Dupla,Curva,-24.83865,-48.21311,DEL05-SP,Risco Médio,Alta
sexta-feira,BR-116,218.8,Pleno dia,Crescente,Chuva,Múltipla,Reta,-23.462,-46.492,DEL01-SP,Risco Médio,Alta
terça-feira,BR-116,498.3,Pleno dia,Crescente,Nublado,Simples,Não Informado,-19.53103,-42.1265,DEL06-MG,Risco Baixo,Alta
terça-feira,BR-60,4.0,Anoitecer,Decrescente,Nublado,Dupla,Reta,-15.89272,-48.09574,DEL01-DF,Risco Baixo,Média
terça-feira,BR-406,150.0,Plena Noite,Decrescente,Céu Claro,Simples,Interseção de vias,-5.6493,-35.4357,DEL02-RN,Risco Médio,Baixa
domingo,BR-480,127.6,Pleno dia,Crescente,Sol,Simples,Reta,-27.02008,-52.63602,DEL07-SC,Risco Médio,Baixa
terça-feira,BR-277,81.0,Pleno dia,Crescente,Nublado,Dupla,Reta,-25.46328,-49.2178,DEL01-PR,Risco Médio,Média
sábado,BR-290,206.9,Plena Noite,Crescente,Céu Claro,Simples,Reta,-30.16803,-52.28723,DEL02-RS,Risco Médio,Baixa
sexta-feira,BR-467,87.6,Pleno dia,Crescente,Céu Claro,Dupla,Não Informado,-24.83579,-53.63421,DEL04-PR,Risco Alto,Baixa
domingo,BR-277,124.0,Amanhecer,Decrescente,Nublado,Dupla,Reta,-25.44725,-49.47885,DEL01-PR,Risco Baixo,Média
sábado,BR-101,476.0,Plena Noite,Crescente,Céu Claro,Simples,Desvio Temporário,-23.00616,-44.26032,DEL03-RJ,Risco Médio,Alta
terça-feira,BR-20,34.0,Pleno dia,Decrescente,Céu Claro,Simples,Reta,-15.46427,-47.09932,DEL02-DF,Risco Baixo,Baixa
segunda-feira,BR-381,481.0,Pleno dia,Decrescente,Céu Claro,Dupla,Reta,-19.959,-44.0704,DEL01-MG,Risco Médio,Alta
quinta-feira,BR-381,57.8,Pleno dia,Crescente,Céu Claro,Dupla,Reta,-23.27369,-46.58502,DEL03-SP,Risco Médio,Alta
sábado,BR-376,17.0,Plena Noite,Crescente,Céu Claro,Dupla,Não Informado,-23.4273,-51.9375,DEL07-PR,Risco Baixo,Baixa
quarta-feira,BR-116,569.2,Amanhecer,Crescente,Céu Claro,Simples,Reta,-13.00013,-39.95466,DEL03-BA,Risco Baixo,Alta
terça-feira,BR-471,171.0,Pleno dia,Crescente,Céu Claro,Simples,Interseção de vias,-29.95598,-52.37148,DEL02-RS,Risco Médio,Baixa
segunda-feira,BR-10,247.0,Pleno dia,Crescente,Nublado,Simples,Reta,-5.573772,-47.44389,DEL04-MA,Risco Baixo,Baixa
domingo,BR-153,486.6,Pleno dia,Decrescente,Nublado,Simples,Curva,-30.37137,-53.36523,DEL09-RS,Risco Médio,Alta
quinta-feira,BR-116,40.4,Plena Noite,Crescente,Nevoeiro/Neblina,Simples,Interseção de vias,-28.52054,-50.94204,DEL05-RS,Risco Baixo,Alta
terça-feira,BR-101,69.8,Pleno dia,Crescente,Chuva,Dupla,Não Informado,-8.059516,-34.94581,DEL01-PE,Risco Médio,Alta
domingo,BR-470,159.0,Plena Noite,Crescente,Céu Claro,Simples,Curva,-27.28636,-49.77699,DEL04-SC,Risco Baixo,Baixa
sábado,BR-116,269.0,Plena Noite,Crescente,Céu Claro,Múltipla,Reta,-23.61593,-46.78826,DEL04-SP,Risco Médio,Alta
sexta-feira,BR-101,856.5,Plena Noite,Crescente,Céu Claro,Simples,Curva,-17.3686,-39.65,DEL09-BA,Risco Médio,Alta
terça-feira,BR-70,523.5,Pleno dia,Crescente,Sol,Simples,Reta,-15.65172,-56.19372,DEL01-MT,Risco Médio,Baixa
segunda-feira,BR-40,531.0,Pleno dia,Crescente,Nublado,Dupla,Reta,-19.92108,-44.02384,DEL01-MG,Risco Médio,Alta
terça-feira,BR-116,80.0,Plena Noite,Crescente,Nublado,Simples,Reta,-22.4121,-42.9498,DEL04-RJ,Risco Médio,Alta
sexta-feira,BR-116,208.1,Pleno dia,Crescente,Céu Claro,Simples,Reta,-17.30836,-41.51859,DEL11-MG,Risco Médio,Alta
domingo,BR-50,73.0,Amanhecer,Decrescente,Céu Claro,Dupla,Desvio Temporário,-18.91461,-48.27538,DEL15-MG,Risco Médio,Média
quinta-feira,BR-116,283.0,Pleno dia,Decrescente,Céu Claro,Dupla,Reta,-23.66887,-46.85565,DEL04-SP,Risco Médio,Alta
sábado,BR-163,487.0,Plena Noite,Decrescente,Chuva,Simples,Reta,-20.42493,-54.54551,DEL01-MS,Risco Baixo,Alta
quarta-feira,BR-235,1.5,Pleno dia,Crescente,Nublado,Dupla,Reta,-10.9073,-37.0947,DEL01-SE,Risco Médio,Baixa
sexta-feira,BR-381,853.2,Plena Noite,Decrescente,Céu Claro,Dupla,Reta,-22.26964,-45.89216,DEL16-MG,Risco Baixo,Alta
quinta-feira,BR-116,270.6,Plena Noite,Crescente,Céu Claro,Dupla,Reta,-23.618,-46.79678,DEL04-SP,Risco Médio,Alta
quinta-feira,BR-163,816.0,Pleno dia,Crescente,Nublado,Simples,Não Informado,-12.15711,-55.51313,DEL06-MT,Risco Médio,Alta
quarta-feira,BR-316,23.8,Pleno dia,Crescente,Nublado,Dupla,Curva,-1.339684,-48.24351,DEL01-PA,Risco Médio,Baixa
sábado,BR-282,511.0,Pleno dia,Decrescente,Céu Claro,Simples,Curva,-26.9054,-52.4642,DEL07-SC,Risco Médio,Baixa
quinta-feira,BR-20,206.0,Plena Noite,Decrescente,Céu Claro,Simples,Reta,-12.13143,-45.81444,DEL10-BA,Risco Médio,Baixa
quinta-feira,BR-381,210.7,Pleno dia,Crescente,Céu Claro,Simples,Reta,-19.20869,-42.3023,DEL06-MG,Risco Alto,Alta
quinta-feira,BR-101,69.0,Plena Noite,Crescente,Céu Claro,Simples,Não Informado,-21.77624,-41.36533,DEL08-RJ,Risco Médio,Alta
domingo,BR-467,81.6,Pleno dia,Crescente,Céu Claro,Dupla,Não Informado,-24.7961,-53.6747,DEL04-PR,Risco Baixo,Baixa
segunda-feira,BR-60,129.0,Pleno dia,Decrescente,Céu Claro,Dupla,Reta,-16.5587,-49.1534,DEL01-GO,Risco Médio,Média
sexta-feira,BR-116,246.0,Plena Noite,Decrescente,Nublado,Múltipla,Curva,-29.75875,-51.15187,DEL01-RS,Risco Médio,Alta
sexta-feira,BR-101,254.3,Plena Noite,Crescente,Nublado,Simples,Reta,-20.11283,-40.3236,DEL02-ES,Risco Médio,Alta
quinta-feira,BR-116,409.7,Pleno dia,Crescente,Sol,Dupla,Não Informado,-18.84546,-41.98125,DEL06-MG,Risco Baixo,Alta
segunda-feira,BR-101,63.7,Amanhecer,Crescente,Chuva,Dupla,Curva,-26.45898,-48.75841,DEL03-SC,Risco Médio,Alta
sexta-feira,BR-116,218.8,Pleno dia,Crescente,Nublado,Múltipla,Reta,-23.45797,-46.47993,DEL01-SP,Risco Médio,Alta
sábado,BR-163,126.1,Plena Noite,Decrescente,Céu Claro,Simples,Reta,-23.06256,-54.232,DEL09-MS,Risco Médio,Alta
sábado,BR-280,129.0,Pleno dia,Decrescente,Céu Claro,Simples,Não Informado,-26.24586,-49.52285,DEL06-SC,Risco Médio,Baixa
sábado,BR-153,417.0,Pleno dia,Crescente,Sol,Simples,Reta,-16.151,-49.04475,DEL02-GO,Risco Médio,Alta
quarta-feira,BR-392,338.0,Pleno dia,Decrescente,Sol,Simples,Reta,-29.8046,-53.7762,DEL09-RS,Risco Médio,Média
sexta-feira,BR-412,82.6,Plena Noite,Crescente,Céu Claro,Simples,Reta,-7.5193,-36.70988,DEL02-PB,Risco Baixo,Baixa
segunda-feira,BR-40,104.0,Pleno dia,Decrescente,Céu Claro,Múltipla,Não Informado,-22.62898,-43.2858,DEL01-RJ,Risco Alto,Alta
quarta-feira,BR-40,455.0,Plena Noite,Crescente,Céu Claro,Dupla,Não Informado,-19.35768,-44.34736,DEL02-MG,Risco Médio,Alta
sábado,BR-116,39.3,Plena Noite,Decrescente,Céu Claro,Dupla,Reta,-22.67873,-45.00407,DEL08-SP,Risco Baixo,Alta
sábado,BR-101,217.9,Plena Noite,Decrescente,Nublado,Múltipla,Interseção de vias,-27.66779,-48.67394,DEL01-SC,Risco Médio,Alta
quinta-feira,BR-277,694.4,Pleno dia,Decrescente,Céu Claro,Dupla,Desvio Temporário,-25.37728,-54.27854,DEL05-PR,Risco Médio,Média
domingo,BR-153,630.0,Pleno dia,Decrescente,Céu Claro,Simples,Reta,-31.36608,-54.04223,DEL11-RS,Risco Médio,Alta
domingo,BR-116,509.0,Amanhecer,Crescente,Céu Claro,Simples,Reta,-12.63226,-39.59799,DEL03-BA,Risco Alto,Alta
domingo,BR-101,86.0,Pleno dia,Decrescente,Nublado,Dupla,Não Informado,-7.1531,-34.90863,DEL01-PB,Risco Médio,Alta
segunda-feira,BR-153,437.9,Plena Noite,Crescente,Nublado,Dupla,Não Informado,-16.29143,-48.93539,DEL02-GO,Risco Médio,Alta
sexta-feira,BR-376,169.0,Pleno dia,Decrescente,Céu Claro,Dupla,Reta,-23.39457,-52.00859,DEL07-PR,Risco Médio,Baixa
quarta-feira,BR-476,112.0,Plena Noite,Crescente,Nublado,Simples,Reta,-25.31848,-49.159,DEL01-PR,Risco Médio,Baixa
terça-feira,BR-262,3.4,Pleno dia,Decrescente,Céu Claro,Múltipla,Desvio Temporário,-20.33374,-40.36911,DEL01-ES,Risco Médio,Média
sábado,BR-116,354.1,Plena Noite,Decrescente,Chuva,Simples,Reta,-11.64533,-38.98809,DEL02-BA,Risco Alto,Alta
segunda-feira,BR-470,4.2,Plena Noite,Crescente,Garoa/Chuvisco,Simples,Interseção de vias,-26.85792,-48.6927,DEL04-SC,Risco Alto,Baixa
quarta-feira,BR-116,5.5,Pleno dia,Decrescente,Céu Claro,Simples,Interseção de vias,-26.14094,-49.81508,DEL06-SC,Risco Médio,Alta
quinta-feira,BR-60,211.0,Pleno dia,Crescente,Céu Claro,Simples,Não Informado,-19.63446,-54.07875,DEL06-MS,Risco Médio,Média
sexta-feira,BR-277,590.0,Anoitecer,Crescente,Céu Claro,Simples,Reta,-24.98121,-53.45592,DEL04-PR,Risco Médio,Média
segunda-feira,BR-101,35.3,Pleno dia,Crescente,Nublado,Dupla,Reta,-7.7889,-34.9295,DEL01-PE,Risco Médio,Alta
sexta-feira,BR-369,157.9,Pleno dia,Crescente,Céu Claro,Simples,Não Informado,-23.28603,-51.23423,DEL07-PR,Risco Médio,Baixa
terça-feira,BR-116,408.2,Plena Noite,Decrescente,Nublado,Simples,Reta,-30.91157,-51.88131,DEL02-RS,Risco Médio,Alta
terça-feira,BR-116,357.5,Pleno dia,Decrescente,Céu Claro,Dupla,Não Informado,-24.10286,-47.25697,DEL04-SP,Risco Alto,Alta
segunda-feira,BR-470,175.8,Pleno dia,Decrescente,Céu Claro,Simples,Reta,-28.91926,-51.53915,DEL06-RS,Risco Médio,Baixa
quarta-feira,BR-40,477.5,Pleno dia,Decrescente,Nublado,Dupla,Reta,-19.52131,-44.26526,DEL02-MG,Risco Médio,Alta
quarta-feira,BR-470,176.0,Anoitecer,Decrescente,Céu Claro,Simples,Não Informado,-27.25424,-49.94866,DEL04-SC,Risco Baixo,Baixa
terça-feira,BR-230,254.0,Plena Noite,Decrescente,Céu Claro,Simples,Reta,-6.992761,-42.57903,DEL03-PI,Risco Médio,Baixa
quinta-feira,BR-463,1.0,Plena Noite,Crescente,Céu Claro,Simples,Reta,-22.25906,-54.81375,DEL04-MS,Risco Médio,Baixa
terça-feira,BR-316,241.4,Amanhecer,Crescente,Céu Claro,Simples,Reta,-9.501537,-36.02628,DEL01-AL,Risco Médio,Baixa
sexta-feira,BR-101,57.0,Pleno dia,Crescente,Céu Claro,Dupla,Retorno Regulamentado,-7.963462,-34.91513,DEL01-PE,Risco Médio,Alta
sexta-feira,BR-381,88.7,Pleno dia,Decrescente,Céu Claro,Dupla,Reta,-23.47469,-46.56113,DEL03-SP,Risco Médio,Alta
quarta-feira,BR-470,200.2,Plena Noite,Decrescente,Nublado,Simples,Reta,-27.30541,-50.13663,DEL05-SC,Risco Baixo,Baixa
quinta-feira,BR-153,9.0,Pleno dia,Crescente,Céu Claro,Dupla,Reta,-18.4965,-49.1889,DEL15-MG,Risco Baixo,Alta
sexta-feira,BR-163,658.0,Amanhecer,Crescente,Céu Claro,Simples,Reta,-19.09525,-54.77345,DEL06-MS,Risco Médio,Alta
sábado,BR-101,319.0,Plena Noite,Decrescente,Céu Claro,Dupla,Reta,-22.85412,-43.1018,DEL02-RJ,Risco Médio,Alta
domingo,BR-282,215.0,Plena Noite,Decrescente,Céu Claro,Dupla,Reta,-27.79367,-50.2818,DEL05-SC,Risco Médio,Baixa
terça-feira,BR-116,277.0,Pleno dia,Decrescente,Nublado,Dupla,Curva,-23.64871,-46.84395,DEL04-SP,Risco Médio,Alta
sábado,BR-174,289.7,Amanhecer,Crescente,Céu Claro,Simples,Reta,-15.23902,-59.31551,DEL04-MT,Risco Médio,Baixa
sábado,BR-267,193.0,Pleno dia,Decrescente,Nublado,Simples,Curva,-21.93573,-44.03726,DEL05-MG,Risco Médio,Baixa
sexta-feira,BR-101,216.0,Pleno dia,Crescente,Céu Claro,Dupla,Interseção de vias,-27.65981,-48.67748,DEL01-SC,Risco Médio,Alta
terça-feira,BR-116,112.0,Pleno dia,Crescente,Céu Claro,Dupla,Não Informado,-23.04159,-45.57066,DEL06-SP,Risco Médio,Alta
sexta-feira,BR-60,3.0,Plena Noite,Crescente,Céu Claro,Dupla,Reta,-15.89052,-48.08686,DEL01-DF,Risco Médio,Média
domingo,BR-369,195.0,Plena Noite,Crescente,Céu Claro,Dupla,Reta,-23.50542,-51.42526,DEL07-PR,Risco Médio,Baixa
sábado,BR-367,24.0,Pleno dia,Crescente,Céu Claro,Simples,Reta,-16.43764,-39.08138,DEL09-BA,Risco Médio,Baixa
domingo,BR-174,503.0,Plena Noite,Decrescente,Chuva,Dupla,Rotatória,2.806609,-60.69095,DEL01-RR,Risco Baixo,Baixa
quinta-feira,BR-282,16.5,Pleno dia,Decrescente,Nublado,Simples,Interseção de vias,-27.65861,-48.68185,DEL01-SC,Risco Médio,Baixa
segunda-feira,BR-369,100.2,Pleno dia,Crescente,Céu Claro,Simples,Curva,-23.24285,-50.71803,DEL07-PR,Risco Médio,Baixa
segunda-feira,BR-40,5.0,Plena Noite,Crescente,Chuva,Dupla,Reta,-16.0209,-47.98054,DEL01-DF,Risco Médio,Alta
sábado,BR-282,564.1,Pleno dia,Crescente,Chuva,Simples,Reta,-26.90016,-52.87183,DEL07-SC,Risco Médio,Baixa
segunda-feira,BR-369,146.0,Plena Noite,Decrescente,Céu Claro,Dupla,Retorno Regulamentado,-23.2932,-51.1236,DEL07-PR,Risco Médio,Baixa
terça-feira,BR-116,288.9,Pleno dia,Crescente,Céu Claro,Dupla,Reta,-23.71442,-46.8793,DEL04-SP,Risco Médio,Alta
sábado,BR-222,2.3,Pleno dia,Decrescente,Nublado,Múltipla,Reta,-3.73941,-38.58941,DEL01-CE,Risco Médio,Baixa
quinta-feira,BR-280,52.3,Pleno dia,Crescente,Nublado,Simples,Interseção de vias,-26.4712,-48.97102,DEL03-SC,Risco Médio,Baixa
segunda-feira,BR-116,390.0,Pleno dia,Crescente,Céu Claro,Simples,Reta,-18.68026,-41.98897,DEL06-MG,Risco Médio,Alta
domingo,BR-277,114.0,Pleno dia,Decrescente,Nublado,Dupla,Reta,-25.46535,-49.54925,DEL01-PR,Risco Médio,Média
sábado,BR-101,408.0,Plena Noite,Crescente,Ignorado,Simples,Reta,-28.935,-49.495,DEL02-SC,Risco Médio,Alta
quinta-feira,BR-116,161.8,Pleno dia,Decrescente,Sol,Dupla,Reta,-23.2789,-45.98,DEL02-SP,Risco Médio,Alta
terça-feira,BR-101,138.5,Plena Noite,Crescente,Chuva,Dupla,Reta,-27.02801,-48.60625,DEL04-SC,Risco Médio,Alta
quarta-feira,BR-163,999.0,Pleno dia,Crescente,Céu Claro,Simples,Reta,-2.474952,-54.72984,DEL05-PA,Risco Baixo,Alta
quinta-feira,BR-381,497.0,Pleno dia,Crescente,Céu Claro,Dupla,Curva,-19.98756,-44.20214,DEL01-MG,Risco Médio,Alta
quarta-feira,BR-428,140.4,Pleno dia,Crescente,Sol,Simples,Reta,-9.004309,-40.27243,DEL06-PE,Risco Médio,Baixa
quinta-feira,BR-116,107.7,Plena Noite,Decrescente,Céu Claro,Dupla,Não Informado,-23.01791,-45.53009,DEL06-SP,Risco Médio,Alta
sábado,BR-40,124.0,Pleno dia,Crescente,Céu Claro,Múltipla,Reta,-22.80795,-43.28912,DEL01-RJ,Risco Médio,Alta
segunda-feira,BR-40,521.0,Plena Noite,Crescente,Céu Claro,Dupla,Reta,-19.8602,-44.0715,DEL01-MG,Risco Baixo,Alta
sábado,BR-116,360.0,Plena Noite,Crescente,Chuva,Simples,Reta,-24.11473,-47.26994,DEL04-SP,Risco Baixo,Alta
quinta-feira,BR-101,100.8,Pleno dia,Crescente,Céu Claro,Simples,Interseção de vias,-26.75483,-48.68994,DEL03-SC,Risco Médio,Alta
quinta-feira,BR-386,362.4,Plena Noite,Decrescente,Céu Claro,Dupla,Curva,-29.56795,-51.87,DEL04-RS,Risco Médio,Média
quinta-feira,BR-116,283.5,Plena Noite,Decrescente,Céu Claro,Dupla,Reta,-23.66465,-46.85205,DEL04-SP,Risco Médio,Alta
sábado,BR-470,139.8,Pleno dia,Decrescente,Nublado,Simples,Reta,-27.20284,-49.63472,DEL04-SC,Risco Alto,Baixa
domingo,BR-40,553.0,Plena Noite,Crescente,Nublado,Dupla,Reta,-20.06862,-43.98216,DEL01-MG,Risco Médio,Alta
sábado,BR-101,214.9,Plena Noite,Decrescente,Chuva,Dupla,Reta,-27.64443,-48.67057,DEL01-SC,Risco Médio,Alta
quarta-feira,BR-116,229.4,Pleno dia,Crescente,Céu Claro,Múltipla,Reta,-23.51203,-46.57585,DEL01-SP,Risco Médio,Alta
quinta-feira,BR-116,46.0,Plena Noite,Decrescente,Céu Claro,Dupla,Reta,-4.144952,-38.47757,DEL01-CE,Risco Médio,Alta
sábado,BR-40,464.1,Plena Noite,Crescente,Nublado,Dupla,Não Informado,-19.44284,-44.32549,DEL02-MG,Risco Médio,Alta
sexta-feira,BR-101,843.0,Amanhecer,Crescente,Nublado,Simples,Curva,-17.4612,-39.70128,DEL09-BA,Risco Médio,Alta