dia_semana,br,km,fase_dia,sentido_via,condicao_metereologica,tipo_pista,tracado_via,latitude,longitude,delegacia,classificacao_acidente,postos_policiais_PRF
quarta-feira,BR-280,58.4,Plena Noite,Crescente,Céu Claro,Simples,Reta,-26.47416,-49.02121,DEL03-SC,Risco Médio,Baixa
domingo,BR-282,503.7,Pleno dia,Decrescente,Sol,Dupla,Curva,-26.88492,-52.39979,DEL07-SC,Risco Médio,Baixa
terça-feira,BR-386,218.9,Pleno dia,Crescente,Céu Claro,Simples,Curva,-28.60811,-52.60687,DEL04-RS,Risco Médio,Média
domingo,BR-101,413.7,Pleno dia,Crescente,Céu Claro,Dupla,Reta,-28.93698,-49.52048,DEL02-SC,Risco Médio,Alta
sábado,BR-392,57.6,Plena Noite,Crescente,Céu Claro,Dupla,Curva,-31.81174,-52.3234,DEL07-RS,Risco Alto,Média
segunda-feira,BR-116,656.0,Plena Noite,Crescente,Céu Claro,Simples,Não Informado,-32.56839,-53.37954,DEL07-RS,Risco Alto,Alta
sábado,BR-101,435.0,Plena Noite,Crescente,Nublado,Simples,Reta,-22.93946,-44.05292,DEL03-RJ,Risco Médio,Alta
quarta-feira,BR-104,87.4,Plena Noite,Crescente,Céu Claro,Dupla,Reta,-9.485398,-35.81734,DEL01-AL,Risco Médio,Baixa
segunda-feira,BR-222,292.0,Pleno dia,Decrescente,Céu Claro,Dupla,Reta,-3.458721,-44.87021,DEL02-MA,Risco Médio,Baixa
quarta-feira,BR-116,164.0,Amanhecer,Decrescente,Nublado,Múltipla,Reta,-22.81385,-43.32915,DEL01-RJ,Risco Médio,Alta
segunda-feira,BR-376,498.1,Anoitecer,Decrescente,Nublado,Dupla,Reta,-25.1529,-50.1392,DEL03-PR,Risco Médio,Baixa
terça-feira,BR-60,61.0,Plena Noite,Crescente,Céu Claro,Dupla,Reta,-16.1903,-48.7114,DEL02-GO,Risco Médio,Média
domingo,BR-163,264.4,Plena Noite,Crescente,Céu Claro,Dupla,Curva,-22.22527,-54.73449,DEL04-MS,Risco Alto,Alta
terça-feira,BR-280,227.0,Plena Noite,Decrescente,Ignorado,Simples,Reta,-26.1827,-50.33244,DEL06-SC,Risco Médio,Baixa
quarta-feira,BR-369,133.0,Pleno dia,Crescente,Céu Claro,Dupla,Interseção de vias,-23.26063,-51.01273,DEL07-PR,Risco Médio,Baixa
domingo,BR-235,48.0,Anoitecer,Crescente,Céu Claro,Simples,Reta,-10.72439,-37.41708,DEL01-SE,Risco Médio,Baixa
sexta-feira,BR-277,95.0,Pleno dia,Decrescente,Céu Claro,Dupla,Desvio Temporário,-25.54838,-49.28587,DEL01-PR,Risco Baixo,Média
quinta-feira,BR-116,18.2,Amanhecer,Decrescente,Nevoeiro/Neblina,Simples,Reta,-14.90153,-40.83965,DEL08-BA,Risco Baixo,Alta
domingo,BR-116,621.0,Pleno dia,Decrescente,Céu Claro,Simples,Reta,-32.23668,-53.06916,DEL07-RS,Risco Baixo,Alta
sábado,BR-316,200.0,Pleno dia,Decrescente,Céu Claro,Simples,Reta,-9.582983,-36.31297,DEL03-AL,Risco Médio,Baixa
terça-feira,BR-40,517.0,Pleno dia,Crescente,Céu Claro,Dupla,Curva,-19.82351,-44.08439,DEL01-MG,Risco Médio,Alta
quinta-feira,BR-116,704.0,Pleno dia,Crescente,Céu Claro,Simples,Reta,-21.12794,-42.384,DEL07-MG,Risco Médio,Alta
domingo,BR-361,6.0,Plena Noite,Decrescente,Céu Claro,Simples,Reta,-7.035943,-37.31113,DEL03-PB,Risco Alto,Baixa
quarta-feira,BR-20,10.1,Plena Noite,Crescente,Céu Claro,Dupla,Retorno Regulamentado,-15.65024,-47.77387,DEL02-DF,Risco Médio,Baixa
quinta-feira,BR-163,1002.0,Pleno dia,Decrescente,Céu Claro,Simples,Interseção de vias,-2.45567,-54.72855,DEL05-PA,Risco Médio,Alta
domingo,BR-469,12.0,Pleno dia,Crescente,Céu Claro,Simples,Reta,-25.57641,-54.55367,DEL05-PR,Risco Médio,Baixa
quarta-feira,BR-226,4.1,Plena Noite,Decrescente,Céu Claro,Simples,Reta,-5.81958,-35.25969,DEL01-RN,Risco Médio,Baixa
sexta-feira,BR-324,567.0,Pleno dia,Decrescente,Céu Claro,Dupla,Reta,-12.5299,-38.60321,DEL01-BA,Risco Médio,Baixa
sexta-feira,BR-280,51.5,Amanhecer,Decrescente,Sol,Dupla,Não Informado,-26.46539,-48.95544,DEL03-SC,Risco Médio,Baixa
terça-feira,BR-101,212.9,Pleno dia,Decrescente,Céu Claro,Dupla,Reta,-27.63619,-48.66448,DEL01-SC,Risco Baixo,Alta
sábado,BR-277,730.0,Amanhecer,Crescente,Céu Claro,Dupla,Curva,-25.50929,-54.5945,DEL05-PR,Risco Médio,Média
sexta-feira,BR-373,179.0,Amanhecer,Decrescente,Céu Claro,Simples,Reta,-25.0465,-50.2363,DEL03-PR,Risco Baixo,Baixa
terça-feira,BR-116,147.9,Pleno dia,Crescente,Sol,Dupla,Reta,-29.14908,-51.143,DEL05-RS,Risco Baixo,Alta
terça-feira,BR-158,316.3,Plena Noite,Crescente,Céu Claro,Simples,Curva,-29.65559,-53.77375,DEL09-RS,Risco Baixo,Baixa
domingo,BR-135,50.0,Plena Noite,Crescente,Céu Claro,Dupla,Reta,-2.956756,-44.32434,DEL01-MA,Risco Médio,Baixa
quinta-feira,BR-101,43.9,Pleno dia,Decrescente,Chuva,Dupla,Não Informado,-10.54847,-36.97133,DEL02-SE,Risco Médio,Alta
sábado,BR-367,28.0,Plena Noite,Decrescente,Garoa/Chuvisco,Simples,Curva,-16.4176,-39.10889,DEL09-BA,Risco Baixo,Baixa
sexta-feira,BR-101,139.0,Plena Noite,Crescente,Chuva,Dupla,Curva,-27.02397,-48.60762,DEL04-SC,Risco Médio,Alta
domingo,BR-163,285.9,Plena Noite,Decrescente,Nublado,Dupla,Reta,-22.10128,-54.57972,DEL04-MS,Risco Médio,Alta
quarta-feira,BR-101,432.0,Anoitecer,Decrescente,Céu Claro,Simples,Reta,-22.93437,-44.02919,DEL03-RJ,Risco Baixo,Alta
terça-feira,BR-116,418.0,Pleno dia,Crescente,Céu Claro,Simples,Reta,-18.91059,-41.94157,DEL06-MG,Risco Médio,Alta
sexta-feira,BR-153,64.6,Pleno dia,Crescente,Nublado,Dupla,Reta,-20.83424,-49.36462,DEL09-SP,Risco Médio,Alta
quarta-feira,BR-163,829.0,Plena Noite,Decrescente,Céu Claro,Dupla,Retorno Regulamentado,-11.9125,-55.5087,DEL06-MT,Risco Médio,Alta
quarta-feira,BR-448,4.0,Pleno dia,Crescente,Céu Claro,Múltipla,Reta,-29.84926,-51.22099,DEL01-RS,Risco Médio,Baixa
sábado,BR-153,191.0,Pleno dia,Crescente,Nublado,Simples,Reta,-14.43754,-49.15674,DEL07-GO,Risco Alto,Alta
quinta-feira,BR-365,610.0,Pleno dia,Crescente,Céu Claro,Dupla,Reta,-18.92244,-48.18436,DEL15-MG,Risco Médio,Média
quinta-feira,BR-101,335.0,Pleno dia,Decrescente,Céu Claro,Simples,Curva,-20.62718,-40.52742,DEL03-ES,Risco Médio,Alta
domingo,BR-101,129.0,Anoitecer,Crescente,Chuva,Dupla,Reta,-26.984,-48.6695,DEL04-SC,Risco Médio,Alta
quinta-feira,BR-101,395.5,Pleno dia,Decrescente,Céu Claro,Simples,Curva,-20.86633,-40.93756,DEL03-ES,Risco Médio,Alta
quarta-feira,BR-101,189.0,Plena Noite,Decrescente,Céu Claro,Dupla,Curva,-8.690366,-35.60431,DEL01-PE,Risco Médio,Alta
sábado,BR-280,249.0,Amanhecer,Crescente,Nublado,Simples,Desvio Temporário,-26.1777,-50.39043,DEL06-SC,Risco Baixo,Baixa
segunda-feira,BR-376,159.0,Plena Noite,Crescente,Céu Claro,Dupla,Reta,-23.36498,-52.07632,DEL07-PR,Risco Médio,Baixa
quinta-feira,BR-40,754.9,Plena Noite,Crescente,Garoa/Chuvisco,Simples,Desvio Temporário,-21.52684,-43.5203,DEL05-MG,Risco Baixo,Alta
segunda-feira,BR-235,52.0,Pleno dia,Decrescente,Nublado,Simples,Reta,-10.69626,-37.43576,DEL01-SE,Risco Médio,Baixa
terça-feira,BR-381,370.0,Amanhecer,Decrescente,Nublado,Simples,Não Informado,-19.85225,-43.27138,DEL03-MG,Risco Médio,Alta
quinta-feira,BR-101,3.8,Pleno dia,Crescente,Chuva,Dupla,Reta,-6.539312,-35.11686,DEL01-PB,Risco Médio,Alta
terça-feira,BR-386,440.7,Pleno dia,Decrescente,Chuva,Dupla,Interseção de vias,-29.88039,-51.23505,DEL01-RS,Risco Médio,Média
terça-feira,BR-467,93.5,Anoitecer,Crescente,Céu Claro,Dupla,Não Informado,-24.8599,-53.5868,DEL04-PR,Risco Médio,Baixa
segunda-feira,BR-40,7.2,Amanhecer,Crescente,Céu Claro,Dupla,Reta,-16.11005,-47.97144,DEL01-DF,Risco Alto,Alta
quinta-feira,BR-101,305.0,Pleno dia,Crescente,Céu Claro,Dupla,Reta,-22.79045,-43.02434,DEL02-RJ,Risco Médio,Alta
sábado,BR-101,519.4,Anoitecer,Decrescente,Céu Claro,Simples,Reta,-14.77181,-39.28883,DEL05-BA,Risco Médio,Alta
sábado,BR-262,478.8,Pleno dia,Crescente,Céu Claro,Simples,Reta,-19.78768,-45.22989,DEL08-MG,Risco Médio,Média
segunda-feira,BR-40,61.8,Pleno dia,Crescente,Céu Claro,Simples,Reta,-22.4064,-43.1475,DEL06-RJ,Risco Médio,Alta
sábado,BR-50,297.8,Plena Noite,Crescente,Céu Claro,Dupla,Curva,-18.3147,-48.0171,DEL06-GO,Risco Médio,Média
terça-feira,BR-364,270.0,Pleno dia,Decrescente,Céu Claro,Dupla,Reta,-15.96898,-54.94463,DEL02-MT,Risco Baixo,Alta
sábado,BR-381,54.0,Amanhecer,Decrescente,Nublado,Dupla,Não Informado,-23.24491,-46.59562,DEL03-SP,Risco Médio,Alta
domingo,BR-101,297.0,Plena Noite,Decrescente,Céu Claro,Simples,Viaduto,-22.7472,-42.8585,DEL02-RJ,Risco Médio,Alta
quarta-feira,BR-415,22.0,Pleno dia,Crescente,Céu Claro,Simples,Curva,-14.8482,-39.28199,DEL05-BA,Risco Médio,Baixa
segunda-feira,BR-364,202.7,Pleno dia,Crescente,Sol,Simples,Não Informado,-17.91025,-51.77343,DEL05-GO,Risco Alto,Alta
quinta-feira,BR-104,136.0,Anoitecer,Decrescente,Céu Claro,Simples,Não Informado,-7.349501,-35.90077,DEL02-PB,Risco Médio,Baixa
sexta-feira,BR-470,59.5,Amanhecer,Decrescente,Nublado,Simples,Interseção de vias,-26.88295,-49.14208,DEL04-SC,Risco Baixo,Baixa
quinta-feira,BR-116,328.0,Plena Noite,Crescente,Nublado,Dupla,Reta,-23.9366,-47.0811,DEL04-SP,Risco Médio,Alta
sexta-feira,BR-277,82.0,Pleno dia,Decrescente,Céu Claro,Dupla,Reta,-25.43459,-49.24896,DEL01-PR,Risco Médio,Média
terça-feira,BR-282,100.4,Pleno dia,Decrescente,Nublado,Simples,Curva,-27.69875,-49.29916,DEL01-SC,Risco Médio,Baixa
domingo,BR-60,180.5,Pleno dia,Crescente,Chuva,Dupla,Não Informado,-16.7666,-49.4751,DEL01-GO,Risco Baixo,Média
segunda-feira,BR-101,360.0,Plena Noite,Crescente,Nublado,Dupla,Reta,-28.64113,-49.09825,DEL02-SC,Risco Médio,Alta
domingo,BR-262,193.0,Anoitecer,Decrescente,Nublado,Simples,Reta,-19.86387,-43.09051,DEL03-MG,Risco Médio,Média
quinta-feira,BR-163,118.0,Pleno dia,Crescente,Céu Claro,Simples,Reta,-16.49881,-54.64861,DEL02-MT,Risco Médio,Alta
sexta-feira,BR-116,140.0,Plena Noite,Decrescente,Céu Claro,Dupla,Reta,-22.64662,-43.21112,DEL01-RJ,Risco Baixo,Alta
terça-feira,BR-364,606.0,Plena Noite,Crescente,Céu Claro,Simples,Reta,-9.179595,-63.20125,DEL01-RO,Risco Médio,Alta
domingo,BR-468,29.0,Pleno dia,Decrescente,Céu Claro,Simples,Reta,-27.75058,-53.51817,DEL08-RS,Risco Médio,Baixa
sexta-feira,BR-110,45.5,Pleno dia,Decrescente,Sol,Simples,Reta,-5.19258,-37.31115,DEL04-RN,Risco Médio,Baixa
sábado,BR-101,50.5,Plena Noite,Crescente,Céu Claro,Simples,Reta,-23.45019,-45.07744,DEL06-SP,Risco Médio,Alta
domingo,BR-364,335.0,Plena Noite,Crescente,Céu Claro,Dupla,Reta,-15.82696,-55.45057,DEL02-MT,Risco Baixo,Alta
sábado,BR-230,117.0,Anoitecer,Crescente,Céu Claro,Simples,Reta,-5.3524,-49.0968,DEL03-PA,Risco Alto,Baixa
segunda-feira,BR-135,160.0,Plena Noite,Crescente,Céu Claro,Simples,Ponte,-12.00641,-44.94327,DEL10-BA,Risco Baixo,Baixa
segunda-feira,BR-101,105.3,Plena Noite,Crescente,Ignorado,Múltipla,Não Informado,-5.901648,-35.25928,DEL01-RN,Risco Médio,Alta
sexta-feira,BR-101,1.0,Plena Noite,Crescente,Céu Claro,Dupla,Reta,-7.508974,-34.98749,DEL01-PE,Risco Médio,Alta
sábado,BR-158,3.0,Plena Noite,Crescente,Céu Claro,Simples,Reta,-15.9905,-52.19045,DEL04-GO,Risco Alto,Baixa
sexta-feira,BR-163,676.0,Pleno dia,Crescente,Céu Claro,Simples,Reta,-13.16755,-55.97897,DEL06-MT,Risco Médio,Alta
terça-feira,BR-242,414.0,Pleno dia,Decrescente,Céu Claro,Simples,Reta,-12.42743,-41.7702,DEL06-BA,Risco Baixo,Baixa
sábado,BR-277,139.8,Pleno dia,Crescente,Céu Claro,Dupla,Não Informado,-25.46855,-49.7259,DEL03-PR,Risco Médio,Média
domingo,BR-116,19.2,Amanhecer,Decrescente,Chuva,Dupla,Reta,-3.918841,-38.50697,DEL01-CE,Risco Baixo,Alta
domingo,BR-232,75.0,Pleno dia,Crescente,Chuva,Dupla,Reta,-8.1967,-35.5282,DEL01-PE,Risco Baixo,Baixa
domingo,BR-116,543.9,Plena Noite,Crescente,Céu Claro,Simples,Curva,-19.90816,-42.13549,DEL06-MG,Risco Alto,Alta
quinta-feira,BR-262,190.0,Plena Noite,Crescente,Céu Claro,Simples,Reta,-20.44519,-53.2982,DEL07-MS,Risco Baixo,Média
sexta-feira,BR-163,71.4,Pleno dia,Crescente,Nublado,Dupla,Desvio Temporário,-26.72772,-53.51281,DEL07-SC,Risco Médio,Alta
quinta-feira,BR-135,146.5,Pleno dia,Crescente,Nublado,Simples,Reta,-3.724455,-44.51353,DEL01-MA,Risco Baixo,Baixa
sexta-feira,BR-101,65.0,Plena Noite,Crescente,Céu Claro,Dupla,Reta,-18.75429,-39.86276,DEL04-ES,Risco Médio,Alta
quarta-feira,BR-277,728.0,Plena Noite,Crescente,Céu Claro,Dupla,Reta,-25.50976,-54.57387,DEL05-PR,Risco Médio,Média
terça-feira,BR-153,456.0,Plena Noite,Decrescente,Céu Claro,Simples,Reta,-9.879667,-48.72623,DEL02-TO,Risco Baixo,Alta
sexta-feira,BR-376,236.8,Pleno dia,Crescente,Ignorado,Simples,Reta,-23.58526,-51.47478,DEL07-PR,Risco Médio,Baixa
segunda-feira,BR-40,545.0,Pleno dia,Decrescente,Nublado,Dupla,Reta,-20.0067,-43.96419,DEL01-MG,Risco Médio,Alta
sexta-feira,BR-116,1.1,Pleno dia,Decrescente,Céu Claro,Dupla,Curva,-22.51857,-44.70794,DEL08-SP,Risco Médio,Alta
quarta-feira,BR-40,564.8,Pleno dia,Decrescente,Céu Claro,Simples,Reta,-20.16968,-43.96545,DEL01-MG,Risco Baixo,Alta
quarta-feira,BR-153,78.2,Amanhecer,Crescente,Céu Claro,Simples,Reta,-13.49778,-49.13116,DEL07-GO,Risco Médio,Alta
sexta-feira,BR-101,77.0,Pleno dia,Crescente,Nublado,Dupla,Reta,-29.80281,-50.23689,DEL03-RS,Risco Médio,Alta
quinta-feira,BR-381,443.0,Pleno dia,Crescente,Céu Claro,Simples,Não Informado,-19.82255,-43.81735,DEL01-MG,Risco Médio,Alta
terça-feira,BR-101,81.5,Pleno dia,Crescente,Céu Claro,Dupla,Não Informado,-7.128643,-34.93837,DEL01-PB,Risco Baixo,Alta
domingo,BR-101,321.1,Pleno dia,Decrescente,Nublado,Simples,Reta,-20.54475,-40.48161,DEL03-ES,Risco Médio,Alta
segunda-feira,BR-476,90.0,Pleno dia,Crescente,Céu Claro,Simples,Reta,-25.19046,-49.1104,DEL01-PR,Risco Médio,Baixa
domingo,BR-116,156.6,Pleno dia,Decrescente,Nublado,Simples,Interseção de vias,-25.86307,-49.39893,DEL01-PR,Risco Médio,Alta
quinta-feira,BR-230,15.9,Pleno dia,Decrescente,Sol,Dupla,Curva,-7.106034,-34.8441,DEL01-PB,Risco Médio,Baixa
quinta-feira,BR-101,10.8,Plena Noite,Decrescente,Garoa/Chuvisco,Dupla,Reta,-26.0703,-48.86064,DEL03-SC,Risco Baixo,Alta
sexta-feira,BR-40,116.0,Amanhecer,Crescente,Céu Claro,Dupla,Reta,-22.73662,-43.28859,DEL01-RJ,Risco Médio,Alta
sexta-feira,BR-116,163.2,Plena Noite,Decrescente,Nublado,Dupla,Curva,-29.2574,-51.15987,DEL05-RS,Risco Médio,Alta
segunda-feira,BR-381,457.4,Pleno dia,Crescente,Sol,Simples,Curva,-19.83786,-43.88351,DEL01-MG,Risco Médio,Alta
segunda-feira,BR-101,33.3,Pleno dia,Crescente,Céu Claro,Simples,Curva,-26.25564,-48.90567,DEL03-SC,Risco Baixo,Alta
sexta-feira,BR-324,4.0,Plena Noite,Crescente,Céu Claro,Dupla,Curva,-12.28032,-38.97856,DEL02-BA,Risco Médio,Baixa
segunda-feira,BR-381,449.9,Plena Noite,Decrescente,Céu Claro,Simples,Não Informado,-19.84164,-43.86233,DEL01-MG,Risco Médio,Alta
terça-feira,BR-101,413.0,Plena Noite,Decrescente,Nublado,Dupla,Reta,-22.89959,-43.86575,DEL01-RJ,Risco Médio,Alta
sexta-feira,BR-110,117.0,Plena Noite,Crescente,Céu Claro,Simples,Reta,-10.43072,-38.3755,DEL07-BA,Risco Médio,Baixa
sexta-feira,BR-116,185.0,Plena Noite,Decrescente,Chuva,Dupla,Reta,-22.74151,-43.45352,DEL01-RJ,Risco Médio,Alta
sexta-feira,BR-428,188.7,Pleno dia,Crescente,Sol,Simples,Reta,-9.376227,-40.49402,DEL06-PE,Risco Baixo,Baixa
sexta-feira,BR-10,325.9,Amanhecer,Crescente,Céu Claro,Simples,Reta,-1.602672,-47.48656,DEL01-PA,Risco Alto,Baixa
sexta-feira,BR-60,231.0,Plena Noite,Decrescente,Céu Claro,Simples,Reta,-19.65486,-54.25274,DEL06-MS,Risco Médio,Média
sábado,BR-101,416.2,Pleno dia,Crescente,Chuva,Simples,Reta,-20.93997,-41.08374,DEL03-ES,Risco Médio,Alta
quinta-feira,BR-116,538.7,Pleno dia,Crescente,Sol,Simples,Reta,-19.86867,-42.13434,DEL06-MG,Risco Médio,Alta
sábado,BR-293,113.5,Plena Noite,Crescente,Céu Claro,Simples,Reta,-31.5464,-53.44039,DEL11-RS,Risco Médio,Baixa
sexta-feira,BR-381,766.4,Plena Noite,Crescente,Céu Claro,Dupla,Não Informado,-21.76295,-45.41242,DEL16-MG,Risco Médio,Alta
terça-feira,BR-104,66.0,Plena Noite,Decrescente,Céu Claro,Dupla,Viaduto,-8.2937,-35.9864,DEL02-PE,Risco Médio,Baixa
terça-feira,BR-101,192.5,Pleno dia,Decrescente,Céu Claro,Dupla,Reta,-27.488,-48.651,DEL01-SC,Risco Baixo,Alta
sábado,BR-101,205.1,Pleno dia,Crescente,Céu Claro,Dupla,Interseção de vias,-27.58313,-48.61533,DEL01-SC,Risco Baixo,Alta
domingo,BR-361,70.0,Pleno dia,Decrescente,Céu Claro,Simples,Não Informado,-7.196936,-37.8072,DEL03-PB,Risco Alto,Baixa
sábado,BR-116,107.0,Plena Noite,Crescente,Céu Claro,Simples,Reta,-22.5544,-42.9921,DEL04-RJ,Risco Alto,Alta
domingo,BR-282,5.1,Plena Noite,Crescente,Chuva,Dupla,Reta,-27.58843,-48.61292,DEL01-SC,Risco Baixo,Baixa
terça-feira,BR-222,671.0,Pleno dia,Decrescente,Céu Claro,Simples,Reta,-4.9068,-47.4068,DEL04-MA,Risco Médio,Baixa
quarta-feira,BR-369,35.5,Amanhecer,Crescente,Céu Claro,Simples,Reta,-23.0338,-50.2183,DEL07-PR,Risco Médio,Baixa
quarta-feira,BR-101,105.0,Pleno dia,Crescente,Sol,Dupla,Curva,-26.80215,-48.67891,DEL03-SC,Risco Médio,Alta
sexta-feira,BR-40,104.0,Pleno dia,Decrescente,Céu Claro,Dupla,Reta,-22.62897,-43.2856,DEL01-RJ,Risco Médio,Alta
quinta-feira,BR-324,573.0,Pleno dia,Crescente,Céu Claro,Dupla,Reta,-12.5691,-38.5504,DEL01-BA,Risco Médio,Baixa
sábado,BR-110,108.1,Pleno dia,Decrescente,Nublado,Simples,Reta,-5.708543,-37.28423,DEL04-RN,Risco Médio,Baixa
quarta-feira,BR-343,322.6,Plena Noite,Decrescente,Céu Claro,Simples,Reta,-5.061962,-42.64848,DEL01-PI,Risco Alto,Baixa
domingo,BR-60,2.5,Pleno dia,Crescente,Céu Claro,Simples,Reta,-15.89272,-48.09574,DEL01-DF,Risco Médio,Média
sábado,BR-116,219.0,Plena Noite,Crescente,Céu Claro,Múltipla,Não Informado,-23.46177,-46.49087,DEL01-SP,Risco Médio,Alta
segunda-feira,BR-470,148.1,Plena Noite,Decrescente,Céu Claro,Simples,Reta,-27.24629,-49.69436,DEL04-SC,Risco Baixo,Baixa
domingo,BR-267,66.7,Plena Noite,Decrescente,Céu Claro,Simples,Reta,-21.73866,-43.09799,DEL05-MG,Risco Médio,Baixa
quarta-feira,BR-104,130.1,Plena Noite,Crescente,Céu Claro,Simples,Reta,-7.290134,-35.8903,DEL02-PB,Risco Médio,Baixa
segunda-feira,BR-381,275.0,Plena Noite,Crescente,Nublado,Simples,Curva,-19.5802,-42.72534,DEL03-MG,Risco Médio,Alta
sábado,BR-101,10.0,Plena Noite,Crescente,Chuva,Simples,Curva,-26.0722,-48.8608,DEL03-SC,Risco Médio,Alta
sexta-feira,BR-101,194.0,Pleno dia,Decrescente,Céu Claro,Múltipla,Reta,-27.49815,-48.65661,DEL01-SC,Risco Médio,Alta
sexta-feira,BR-101,165.0,Plena Noite,Decrescente,Céu Claro,Simples,Reta,-27.25266,-48.63155,DEL04-SC,Risco Baixo,Alta
domingo,BR-282,300.5,Pleno dia,Decrescente,Chuva,Simples,Curva,-27.51002,-50.92068,DEL07-SC,Risco Baixo,Baixa
quarta-feira,BR-116,356.0,Pleno dia,Crescente,Céu Claro,Dupla,Curva,-24.0901,-47.25682,DEL04-SP,Risco Médio,Alta
segunda-feira,BR-381,201.8,Pleno dia,Decrescente,Céu Claro,Simples,Reta,-19.18021,-42.25981,DEL06-MG,Risco Médio,Alta
quarta-feira,BR-304,90.0,Plena Noite,Decrescente,Céu Claro,Simples,Não Informado,-5.529579,-37.10085,DEL04-RN,Risco Médio,Baixa
domingo,BR-40,91.4,Plena Noite,Decrescente,Céu Claro,Simples,Não Informado,-16.72871,-47.63151,DEL01-DF,Risco Médio,Alta
segunda-feira,BR-116,162.8,Amanhecer,Crescente,Nevoeiro/Neblina,Simples,Curva,-29.24755,-51.15738,DEL05-RS,Risco Médio,Alta
terça-feira,BR-116,125.9,Pleno dia,Decrescente,Céu Claro,Dupla,Reta,-25.6403,-49.31291,DEL01-PR,Risco Médio,Alta
sexta-feira,BR-364,225.9,Plena Noite,Crescente,Céu Claro,Simples,Não Informado,-11.50126,-61.36991,DEL02-RO,Risco Médio,Alta
quinta-feira,BR-153,506.0,Pleno dia,Crescente,Nublado,Dupla,Desvio Temporário,-16.7633,-49.24,DEL01-GO,Risco Baixo,Alta
quinta-feira,BR-242,335.0,Plena Noite,Decrescente,Céu Claro,Simples,Reta,-12.4986,-41.1939,DEL06-BA,Risco Médio,Baixa
terça-feira,BR-40,123.0,Pleno dia,Decrescente,Céu Claro,Múltipla,Reta,-22.79908,-43.29016,DEL01-RJ,Risco Médio,Alta
sexta-feira,BR-163,65.0,Pleno dia,Decrescente,Céu Claro,Dupla,Rotatória,-26.76101,-53.5006,DEL07-SC,Risco Baixo,Alta
domingo,BR-116,225.0,Plena Noite,Decrescente,Céu Claro,Múltipla,Reta,-23.48587,-46.54075,DEL01-SP,Risco Médio,Alta
segunda-feira,BR-226,164.0,Pleno dia,Decrescente,Céu Claro,Simples,Reta,-6.210186,-36.40923,DEL03-RN,Risco Médio,Baixa
segunda-feira,BR-262,34.0,Plena Noite,Crescente,Céu Claro,Simples,Reta,-20.25693,-42.01099,DEL06-MG,Risco Médio,Média
sexta-feira,BR-116,15.7,Plena Noite,Crescente,Chuva,Dupla,Curva,-22.5599,-44.85887,DEL08-SP,Risco Médio,Alta
sábado,BR-324,365.0,Plena Noite,Crescente,Céu Claro,Simples,Reta,-11.41148,-39.9259,DEL04-BA,Risco Médio,Baixa
terça-feira,BR-158,285.0,Plena Noite,Crescente,Ignorado,Dupla,Não Informado,-20.86906,-51.74672,DEL07-MS,Risco Médio,Baixa
domingo,BR-230,154.4,Plena Noite,Crescente,Céu Claro,Simples,Reta,-7.2777,-35.8985,DEL02-PB,Risco Médio,Baixa
quinta-feira,BR-163,986.0,Pleno dia,Decrescente,Céu Claro,Simples,Rotatória,-10.51736,-55.23125,DEL06-MT,Risco Baixo,Alta
sexta-feira,BR-222,615.0,Plena Noite,Decrescente,Céu Claro,Simples,Reta,-4.718896,-47.00262,DEL04-MA,Risco Médio,Baixa
quinta-feira,BR-304,34.7,Pleno dia,Crescente,Céu Claro,Simples,Reta,-5.152558,-37.34874,DEL04-RN,Risco Médio,Baixa
domingo,BR-116,172.0,Plena Noite,Decrescente,Nublado,Múltipla,Reta,-22.80188,-43.35044,DEL01-RJ,Risco Baixo,Alta
quinta-feira,BR-222,3.3,Pleno dia,Decrescente,Chuva,Dupla,Reta,-3.740377,-38.59569,DEL01-CE,Risco Médio,Baixa
domingo,BR-158,365.0,Pleno dia,Decrescente,Céu Claro,Simples,Curva,-12.46824,-51.76131,DEL07-MT,Risco Médio,Baixa
quarta-feira,BR-365,410.6,Plena Noite,Crescente,Nublado,Simples,Curva,-18.65773,-46.52207,DEL10-MG,Risco Baixo,Média
quinta-feira,BR-222,6.3,Plena Noite,Crescente,Garoa/Chuvisco,Dupla,Reta,-3.746412,-38.62438,DEL01-CE,Risco Médio,Baixa
sexta-feira,BR-290,73.0,Pleno dia,Crescente,Céu Claro,Dupla,Reta,-29.95287,-50.98646,DEL03-RS,Risco Médio,Baixa
sábado,BR-290,103.0,Plena Noite,Decrescente,Chuva,Dupla,Não Informado,-29.99017,-51.26577,DEL01-RS,Risco Médio,Baixa
sexta-feira,BR-476,129.0,Pleno dia,Decrescente,Céu Claro,Múltipla,Interseção de vias,-25.43305,-49.23156,DEL01-PR,Risco Médio,Baixa
quarta-feira,BR-469,13.6,Pleno dia,Crescente,Chuva,Simples,Não Informado,-25.5754,-54.5489,DEL05-PR,Risco Médio,Baixa
sábado,BR-262,444.9,Plena Noite,Crescente,Vento,Dupla,Reta,-19.88062,-44.91232,DEL08-MG,Risco Alto,Média
quarta-feira,BR-153,462.0,Pleno dia,Decrescente,Céu Claro,Simples,Curva,-26.2306,-51.0867,DEL02-PR,Risco Médio,Alta
terça-feira,BR-267,69.3,Anoitecer,Decrescente,Ignorado,Dupla,Não Informado,-21.79744,-52.5198,DEL02-MS,Risco Baixo,Baixa