dia_semana,br,km,fase_dia,sentido_via,condicao_metereologica,tipo_pista,tracado_via,latitude,longitude,delegacia,classificacao_acidente,postos_policiais_PRF
segunda-feira,BR-470,45.2,Plena Noite,Crescente,Nevoeiro/Neblina,Simples,Não Informado,-26.86706,-49.03111,DEL04-SC,Risco Médio,Baixa
segunda-feira,BR-101,119.0,Pleno dia,Crescente,Céu Claro,Múltipla,Reta,-26.9128,-48.7118,DEL04-SC,Risco Médio,Alta
sábado,BR-376,620.0,Pleno dia,Crescente,Chuva,Múltipla,Reta,-25.60926,-49.17206,DEL01-PR,Risco Baixo,Baixa
domingo,BR-376,214.0,Pleno dia,Crescente,Chuva,Simples,Reta,-25.4451,-49.50071,DEL07-PR,Risco Médio,Baixa
sexta-feira,BR-40,118.0,Pleno dia,Decrescente,Céu Claro,Múltipla,Reta,-22.67729,-43.28598,DEL01-RJ,Risco Médio,Alta
sexta-feira,BR-290,70.6,Plena Noite,Crescente,Nublado,Dupla,Reta,-29.95006,-50.96175,DEL03-RS,Risco Alto,Baixa
terça-feira,BR-364,714.0,Plena Noite,Decrescente,Nublado,Dupla,Reta,-8.775832,-63.87576,DEL01-RO,Risco Médio,Alta
domingo,BR-116,410.0,Pleno dia,Crescente,Céu Claro,Dupla,Reta,-18.79647,-41.98906,DEL06-MG,Risco Médio,Alta
sábado,BR-376,165.0,Plena Noite,Crescente,Céu Claro,Dupla,Reta,-23.38376,-52.03035,DEL07-PR,Risco Médio,Baixa
quarta-feira,BR-470,92.0,Pleno dia,Decrescente,Céu Claro,Simples,Reta,-26.98592,-49.37305,DEL04-SC,Risco Médio,Baixa
terça-feira,BR-364,1037.0,Pleno dia,Crescente,Céu Claro,Simples,Reta,-9.769584,-66.31453,DEL01-RO,Risco Médio,Alta
quarta-feira,BR-40,633.2,Plena Noite,Crescente,Céu Claro,Simples,Não Informado,-20.68867,-43.79059,DEL05-MG,Risco Médio,Alta
quinta-feira,BR-230,24.2,Plena Noite,Decrescente,Céu Claro,Dupla,Não Informado,-7.1653,-34.86264,DEL01-PB,Risco Baixo,Baixa
terça-feira,BR-153,337.3,Amanhecer,Crescente,Nevoeiro/Neblina,Simples,Reta,-25.50617,-50.65121,DEL03-PR,Risco Médio,Alta
sexta-feira,BR-369,156.0,Pleno dia,Decrescente,Chuva,Dupla,Reta,-23.29271,-51.21503,DEL07-PR,Risco Médio,Baixa
quinta-feira,BR-101,274.0,Pleno dia,Crescente,Sol,Dupla,Reta,-22.73506,-42.71948,DEL02-RJ,Risco Médio,Alta
terça-feira,BR-376,176.8,Plena Noite,Crescente,Céu Claro,Dupla,Interseção de vias,-23.41241,-51.93305,DEL07-PR,Risco Médio,Baixa
segunda-feira,BR-470,140.4,Pleno dia,Decrescente,Nublado,Simples,Reta,-27.22248,-49.66283,DEL04-SC,Risco Médio,Baixa
sexta-feira,BR-381,704.5,Pleno dia,Decrescente,Chuva,Dupla,Não Informado,-21.31168,-45.16516,DEL04-MG,Risco Médio,Alta
quarta-feira,BR-343,443.9,Plena Noite,Crescente,Chuva,Simples,Reta,-5.887678,-42.64213,DEL01-PI,Risco Baixo,Baixa
terça-feira,BR-153,507.6,Pleno dia,Decrescente,Céu Claro,Dupla,Reta,-16.7715,-49.2387,DEL01-GO,Risco Médio,Alta
quarta-feira,BR-101,306.0,Pleno dia,Crescente,Céu Claro,Dupla,Reta,-22.78914,-43.00551,DEL02-RJ,Risco Baixo,Alta
domingo,BR-101,88.0,Plena Noite,Crescente,Nublado,Múltipla,Não Informado,-21.83355,-41.50192,DEL08-RJ,Risco Alto,Alta
domingo,BR-101,51.1,Pleno dia,Decrescente,Sol,Simples,Reta,-23.45633,-45.07107,DEL06-SP,Risco Médio,Alta
quarta-feira,BR-101,91.0,Pleno dia,Decrescente,Céu Claro,Múltipla,Curva,-8.223998,-34.9929,DEL01-PE,Risco Médio,Alta
segunda-feira,BR-282,80.0,Plena Noite,Decrescente,Garoa/Chuvisco,Simples,Curva,-27.6637,-49.1593,DEL01-SC,Risco Baixo,Baixa
domingo,BR-116,356.2,Amanhecer,Decrescente,Céu Claro,Simples,Reta,-6.283239,-38.71938,DEL05-CE,Risco Médio,Alta
domingo,BR-293,297.7,Pleno dia,Decrescente,Garoa/Chuvisco,Simples,Curva,-29.75421,-57.06811,DEL11-RS,Risco Baixo,Baixa
sexta-feira,BR-316,8.0,Pleno dia,Crescente,Sol,Dupla,Reta,-1.3677,-48.3756,DEL01-PA,Risco Médio,Baixa
sábado,BR-163,313.5,Amanhecer,Crescente,Céu Claro,Simples,Curva,-24.36691,-54.14845,DEL06-PR,Risco Médio,Alta
domingo,BR-230,17.0,Anoitecer,Crescente,Nublado,Dupla,Curva,-7.1121,-34.8426,DEL01-PB,Risco Médio,Baixa
sábado,BR-381,947.0,Plena Noite,Crescente,Céu Claro,Dupla,Reta,-22.86415,-46.34514,DEL16-MG,Risco Baixo,Alta
sábado,BR-222,674.9,Pleno dia,Decrescente,Céu Claro,Simples,Desvio Temporário,-4.934126,-47.45359,DEL04-MA,Risco Médio,Baixa
segunda-feira,BR-316,147.0,Pleno dia,Decrescente,Céu Claro,Simples,Reta,-9.402391,-36.69603,DEL03-AL,Risco Médio,Baixa
sexta-feira,BR-280,27.4,Pleno dia,Decrescente,Nublado,Simples,Reta,-26.39686,-48.74022,DEL03-SC,Risco Médio,Baixa
terça-feira,BR-470,17.2,Pleno dia,Decrescente,Sol,Simples,Reta,-26.85031,-48.80276,DEL04-SC,Risco Médio,Baixa
domingo,BR-476,344.0,Plena Noite,Decrescente,Céu Claro,Simples,Curva,-26.18211,-50.92516,DEL02-PR,Risco Médio,Baixa
quinta-feira,BR-50,192.9,Plena Noite,Crescente,Céu Claro,Dupla,Reta,-17.5101,-47.8246,DEL06-GO,Risco Médio,Média
sexta-feira,BR-280,54.7,Plena Noite,Crescente,Céu Claro,Simples,Reta,-26.47593,-48.99387,DEL03-SC,Risco Médio,Baixa
quarta-feira,BR-262,779.5,Amanhecer,Crescente,Céu Claro,Simples,Não Informado,-19.73926,-47.75334,DEL13-MG,Risco Médio,Média
sábado,BR-153,41.0,Pleno dia,Crescente,Nublado,Simples,Reta,-13.17629,-49.17025,DEL07-GO,Risco Médio,Alta
quarta-feira,BR-158,433.5,Pleno dia,Crescente,Sol,Simples,Reta,-13.0069,-51.887,DEL07-MT,Risco Médio,Baixa
sexta-feira,BR-470,331.7,Pleno dia,Crescente,Céu Claro,Simples,Reta,-27.47585,-51.30712,DEL07-SC,Risco Médio,Baixa
quarta-feira,BR-101,324.0,Anoitecer,Decrescente,Nublado,Dupla,Reta,-22.87381,-43.12644,DEL02-RJ,Risco Médio,Alta
quarta-feira,BR-60,99.0,Pleno dia,Crescente,Céu Claro,Dupla,Reta,-16.3924,-48.9588,DEL02-GO,Risco Médio,Média
domingo,BR-101,204.0,Plena Noite,Crescente,Céu Claro,Múltipla,Interseção de vias,-27.57336,-48.61388,DEL01-SC,Risco Baixo,Alta
sexta-feira,BR-392,51.3,Pleno dia,Decrescente,Nublado,Dupla,Reta,-31.86054,-52.32458,DEL07-RS,Risco Baixo,Média
quarta-feira,BR-470,45.3,Plena Noite,Crescente,Céu Claro,Simples,Reta,-26.86706,-49.03111,DEL04-SC,Risco Médio,Baixa
terça-feira,BR-470,93.5,Pleno dia,Crescente,Céu Claro,Simples,Reta,-26.98245,-49.37187,DEL04-SC,Risco Médio,Baixa
sexta-feira,BR-470,108.0,Plena Noite,Crescente,Chuva,Simples,Curva,-27.08071,-49.44049,DEL04-SC,Risco Médio,Baixa
domingo,BR-116,264.3,Plena Noite,Crescente,Céu Claro,Simples,Curva,-27.93262,-50.46175,DEL05-SC,Risco Baixo,Alta
terça-feira,BR-364,134.0,Pleno dia,Crescente,Céu Claro,Dupla,Reta,-9.993501,-67.84868,DEL01-AC,Risco Baixo,Alta
domingo,BR-290,435.4,Pleno dia,Crescente,Céu Claro,Simples,Curva,-30.27025,-54.46992,DEL11-RS,Risco Médio,Baixa
sábado,BR-364,245.4,Plena Noite,Crescente,Céu Claro,Simples,Não Informado,-11.43973,-61.51505,DEL02-RO,Risco Alto,Alta
quinta-feira,BR-381,578.0,Plena Noite,Decrescente,Nevoeiro/Neblina,Dupla,Reta,-20.49228,-44.60322,DEL04-MG,Risco Médio,Alta
sábado,BR-101,69.7,Pleno dia,Crescente,Céu Claro,Dupla,Reta,-26.50982,-48.72404,DEL03-SC,Risco Médio,Alta
segunda-feira,BR-20,106.0,Pleno dia,Decrescente,Céu Claro,Simples,Reta,-13.0,-45.0,DEL10-BA,Risco Médio,Baixa
quarta-feira,BR-290,9.6,Pleno dia,Crescente,Céu Claro,Múltipla,Reta,-29.89131,-50.36958,DEL03-RS,Risco Alto,Baixa
terça-feira,BR-222,8.9,Amanhecer,Decrescente,Chuva,Dupla,Reta,-3.753636,-38.63803,DEL01-CE,Risco Baixo,Baixa
domingo,BR-365,156.0,Plena Noite,Decrescente,Ignorado,Simples,Reta,-17.33324,-44.89769,DEL12-MG,Risco Médio,Média
sexta-feira,BR-101,432.5,Plena Noite,Decrescente,Ignorado,Dupla,Reta,-29.0791,-49.6287,DEL02-SC,Risco Baixo,Alta
terça-feira,BR-101,59.0,Anoitecer,Decrescente,Nublado,Simples,Não Informado,-11.91335,-38.04446,DEL01-BA,Risco Médio,Alta
sexta-feira,BR-116,525.9,Pleno dia,Crescente,Céu Claro,Simples,Rotatória,-31.74251,-52.39918,DEL07-RS,Risco Alto,Alta
domingo,BR-116,847.4,Plena Noite,Crescente,Céu Claro,Simples,Não Informado,-15.03785,-40.96821,DEL08-BA,Risco Médio,Alta
sexta-feira,BR-381,528.2,Pleno dia,Crescente,Garoa/Chuvisco,Dupla,Não Informado,-20.1634,-44.3399,DEL04-MG,Risco Baixo,Alta
segunda-feira,BR-153,502.9,Pleno dia,Decrescente,Céu Claro,Dupla,Reta,-16.7287,-49.2424,DEL01-GO,Risco Baixo,Alta
quinta-feira,BR-381,483.3,Pleno dia,Crescente,Céu Claro,Múltipla,Não Informado,-19.95594,-44.10722,DEL01-MG,Risco Médio,Alta
quarta-feira,BR-40,610.0,Plena Noite,Crescente,Ignorado,Simples,Curva,-20.50385,-43.8388,DEL05-MG,Risco Médio,Alta
sexta-feira,BR-174,4.0,Anoitecer,Crescente,Céu Claro,Simples,Reta,-15.22654,-59.33573,DEL04-MT,Risco Médio,Baixa
sexta-feira,BR-50,127.6,Plena Noite,Decrescente,Céu Claro,Dupla,Reta,-19.36283,-48.07943,DEL13-MG,Risco Médio,Média
segunda-feira,BR-316,613.4,Plena Noite,Decrescente,Céu Claro,Simples,Reta,-5.075249,-42.85049,DEL03-MA,Risco Alto,Baixa
terça-feira,BR-493,5.0,Plena Noite,Crescente,Céu Claro,Simples,Reta,-22.73999,-42.95375,DEL02-RJ,Risco Médio,Baixa
terça-feira,BR-116,184.0,Pleno dia,Crescente,Céu Claro,Dupla,Reta,-22.74194,-43.50196,DEL01-RJ,Risco Médio,Alta
domingo,BR-262,63.9,Pleno dia,Crescente,Céu Claro,Simples,Curva,-20.42077,-40.80814,DEL01-ES,Risco Médio,Média
quarta-feira,BR-116,413.0,Pleno dia,Crescente,Céu Claro,Simples,Reta,-18.87391,-41.96637,DEL06-MG,Risco Médio,Alta
segunda-feira,BR-116,218.0,Pleno dia,Crescente,Céu Claro,Múltipla,Reta,-23.45877,-46.48338,DEL01-SP,Risco Médio,Alta
domingo,BR-316,311.0,Plena Noite,Crescente,Céu Claro,Simples,Reta,-7.076331,-41.46596,DEL04-PI,Risco Baixo,Baixa
sábado,BR-376,1.2,Plena Noite,Crescente,Céu Claro,Dupla,Interseção de vias,-25.5307,-49.1958,DEL01-PR,Risco Médio,Baixa
quinta-feira,BR-408,80.0,Anoitecer,Decrescente,Nublado,Dupla,Reta,-7.931591,-35.13738,DEL01-PE,Risco Alto,Baixa
segunda-feira,BR-116,806.3,Pleno dia,Crescente,Céu Claro,Simples,Reta,-14.774,-40.724,DEL08-BA,Risco Médio,Alta
quinta-feira,BR-232,350.2,Pleno dia,Crescente,Céu Claro,Simples,Ponte,-8.082785,-37.78643,DEL03-PE,Risco Alto,Baixa
sexta-feira,BR-262,15.5,Anoitecer,Decrescente,Céu Claro,Simples,Reta,-20.81325,-51.73651,DEL07-MS,Risco Médio,Média
segunda-feira,BR-282,4.5,Pleno dia,Crescente,Céu Claro,Dupla,Reta,-27.58921,-48.61095,DEL01-SC,Risco Médio,Baixa
sábado,BR-135,432.0,Plena Noite,Decrescente,Céu Claro,Simples,Curva,-9.5462,-44.7439,DEL03-PI,Risco Baixo,Baixa
domingo,BR-116,229.5,Plena Noite,Decrescente,Chuva,Dupla,Reta,-23.51292,-46.57605,DEL01-SP,Risco Baixo,Alta
domingo,BR-50,180.9,Plena Noite,Decrescente,Céu Claro,Dupla,Reta,-19.77848,-47.92195,DEL13-MG,Risco Baixo,Média
terça-feira,BR-376,677.0,Plena Noite,Decrescente,Céu Claro,Dupla,Curva,-25.94215,-48.9065,DEL01-PR,Risco Baixo,Baixa
quinta-feira,BR-40,59.9,Pleno dia,Crescente,Chuva,Simples,Curva,-22.38629,-43.13543,DEL06-RJ,Risco Médio,Alta
sábado,BR-280,262.0,Pleno dia,Crescente,Sol,Simples,Não Informado,-26.26578,-50.60366,DEL06-SC,Risco Médio,Baixa
sábado,BR-153,97.0,Pleno dia,Crescente,Céu Claro,Simples,Curva,-27.21722,-51.95093,DEL07-SC,Risco Médio,Alta
sábado,BR-470,49.5,Pleno dia,Crescente,Nublado,Dupla,Curva,-26.86136,-49.06969,DEL04-SC,Risco Baixo,Baixa
domingo,BR-40,797.5,Pleno dia,Crescente,Céu Claro,Dupla,Curva,-21.8152,-43.38621,DEL05-MG,Risco Médio,Alta
terça-feira,BR-101,202.7,Pleno dia,Crescente,Sol,Múltipla,Reta,-27.56181,-48.61654,DEL01-SC,Risco Médio,Alta
sexta-feira,BR-386,226.0,Pleno dia,Decrescente,Nublado,Simples,Desvio Temporário,-28.67141,-52.60988,DEL04-RS,Risco Médio,Média
quinta-feira,BR-50,70.3,Pleno dia,Decrescente,Céu Claro,Dupla,Não Informado,-18.8514,-48.25346,DEL15-MG,Risco Médio,Média
sexta-feira,BR-381,509.7,Pleno dia,Crescente,Céu Claro,Dupla,Reta,-20.07008,-44.29882,DEL04-MG,Risco Médio,Alta
sábado,BR-470,155.5,Pleno dia,Decrescente,Céu Claro,Simples,Curva,-27.27532,-49.74309,DEL04-SC,Risco Médio,Baixa
sábado,BR-343,306.1,Pleno dia,Crescente,Garoa/Chuvisco,Simples,Reta,-5.038756,-42.45089,DEL01-PI,Risco Médio,Baixa
sábado,BR-116,211.8,Pleno dia,Crescente,Chuva,Simples,Reta,-17.3579,-41.5311,DEL11-MG,Risco Baixo,Alta
sábado,BR-277,590.9,Pleno dia,Crescente,Céu Claro,Simples,Reta,-24.98121,-53.45592,DEL04-PR,Risco Baixo,Média
quinta-feira,BR-101,368.0,Plena Noite,Decrescente,Céu Claro,Múltipla,Curva,-28.69573,-49.17347,DEL02-SC,Risco Médio,Alta
quarta-feira,BR-174,211.0,Pleno dia,Crescente,Chuva,Simples,Curva,-15.64023,-58.78166,DEL04-MT,Risco Médio,Baixa
sábado,BR-116,199.0,Plena Noite,Crescente,Céu Claro,Dupla,Reta,-23.40217,-46.31419,DEL01-SP,Risco Baixo,Alta
domingo,BR-101,41.0,Plena Noite,Crescente,Chuva,Dupla,Reta,-26.3164,-48.8735,DEL03-SC,Risco Baixo,Alta
segunda-feira,BR-262,130.6,Pleno dia,Crescente,Céu Claro,Simples,Não Informado,-20.48881,-52.76728,DEL07-MS,Risco Médio,Média
terça-feira,BR-101,61.3,Pleno dia,Decrescente,Céu Claro,Dupla,Reta,-7.990971,-34.93598,DEL01-PE,Risco Médio,Alta
sábado,BR-393,280.0,Plena Noite,Decrescente,Céu Claro,Simples,Reta,-22.47751,-44.01954,DEL05-RJ,Risco Baixo,Média
quarta-feira,BR-163,65.2,Pleno dia,Decrescente,Céu Claro,Dupla,Reta,-17.09094,-54.76019,DEL02-MT,Risco Baixo,Alta
segunda-feira,BR-135,382.7,Pleno dia,Decrescente,Céu Claro,Simples,Reta,-16.87768,-43.86149,DEL12-MG,Risco Médio,Baixa
domingo,BR-116,166.1,Plena Noite,Decrescente,Céu Claro,Simples,Curva,-16.98398,-41.44752,DEL11-MG,Risco Médio,Alta
sexta-feira,BR-116,421.5,Pleno dia,Crescente,Sol,Dupla,Reta,-12.22584,-38.96501,DEL02-BA,Risco Baixo,Alta
domingo,BR-20,19.0,Pleno dia,Crescente,Céu Claro,Dupla,Reta,-15.61218,-47.70093,DEL02-DF,Risco Médio,Baixa
segunda-feira,BR-476,314.9,Plena Noite,Decrescente,Nublado,Simples,Curva,-26.03337,-50.68838,DEL02-PR,Risco Médio,Baixa
terça-feira,BR-116,26.5,Pleno dia,Decrescente,Céu Claro,Dupla,Reta,-3.975296,-38.51436,DEL01-CE,Risco Baixo,Alta
sábado,BR-230,111.0,Plena Noite,Decrescente,Céu Claro,Simples,Reta,-5.371396,-49.04005,DEL03-PA,Risco Baixo,Baixa
quinta-feira,BR-262,802.7,Plena Noite,Decrescente,Céu Claro,Dupla,Curva,-19.77923,-47.96484,DEL13-MG,Risco Alto,Média
segunda-feira,BR-163,777.0,Plena Noite,Crescente,Nublado,Simples,Reta,-12.33165,-55.58957,DEL06-MT,Risco Médio,Alta
domingo,BR-376,191.9,Plena Noite,Decrescente,Céu Claro,Dupla,Reta,-23.46811,-51.42342,DEL09-PR,Risco Baixo,Baixa
segunda-feira,BR-381,492.0,Plena Noite,Crescente,Nublado,Múltipla,Retorno Regulamentado,-19.96125,-44.16377,DEL01-MG,Risco Baixo,Alta
sexta-feira,BR-153,196.9,Plena Noite,Crescente,Céu Claro,Simples,Curva,-19.94199,-48.9608,DEL13-MG,Risco Médio,Alta
domingo,BR-116,267.8,Plena Noite,Decrescente,Nublado,Dupla,Reta,-29.94142,-51.17697,DEL01-RS,Risco Baixo,Alta
domingo,BR-282,226.6,Plena Noite,Crescente,Céu Claro,Simples,Curva,-27.79691,-50.3946,DEL05-SC,Risco Alto,Baixa
quarta-feira,BR-116,105.0,Pleno dia,Crescente,Nublado,Dupla,Reta,-23.0076,-45.51471,DEL06-SP,Risco Médio,Alta
domingo,BR-101,74.0,Plena Noite,Decrescente,Chuva,Dupla,Reta,-9.38653,-35.8324,DEL01-AL,Risco Médio,Alta
domingo,BR-414,434.5,Pleno dia,Crescente,Céu Claro,Simples,Reta,-16.23714,-48.93294,DEL02-GO,Risco Médio,Baixa
sábado,BR-470,261.7,Pleno dia,Crescente,Céu Claro,Simples,Não Informado,-29.4815,-51.48249,DEL06-RS,Risco Médio,Baixa
sábado,BR-101,149.0,Pleno dia,Crescente,Céu Claro,Múltipla,Interseção de vias,-19.39619,-40.06436,DEL04-ES,Risco Alto,Alta
quarta-feira,BR-163,85.0,Pleno dia,Crescente,Chuva,Simples,Não Informado,-26.6073,-53.51704,DEL07-SC,Risco Médio,Alta
terça-feira,BR-470,79.3,Plena Noite,Crescente,Nublado,Simples,Reta,-26.95022,-49.31105,DEL04-SC,Risco Médio,Baixa
sexta-feira,BR-153,72.0,Pleno dia,Decrescente,Chuva,Simples,Reta,-20.86715,-49.41334,DEL09-SP,Risco Médio,Alta
sexta-feira,BR-277,348.6,Pleno dia,Crescente,Céu Claro,Simples,Reta,-25.38505,-51.51389,DEL08-PR,Risco Médio,Média
sexta-feira,BR-153,141.8,Plena Noite,Crescente,Céu Claro,Dupla,Reta,-7.175959,-48.21955,DEL02-TO,Risco Baixo,Alta
quarta-feira,BR-153,59.0,Pleno dia,Crescente,Nublado,Simples,Túnel,-20.78733,-49.35399,DEL09-SP,Risco Baixo,Alta
sexta-feira,BR-373,176.8,Plena Noite,Crescente,Nublado,Dupla,Reta,-25.05812,-50.22269,DEL03-PR,Risco Baixo,Baixa
terça-feira,BR-381,78.8,Pleno dia,Decrescente,Nublado,Dupla,Curva,-23.4032,-46.57565,DEL03-SP,Risco Médio,Alta
quarta-feira,BR-116,222.0,Plena Noite,Decrescente,Nublado,Múltipla,Reta,-23.47093,-46.51631,DEL01-SP,Risco Baixo,Alta
sexta-feira,BR-116,107.0,Pleno dia,Crescente,Céu Claro,Dupla,Reta,-23.01791,-45.53009,DEL02-SP,Risco Médio,Alta
quarta-feira,BR-50,183.2,Pleno dia,Decrescente,Sol,Dupla,Reta,-19.80163,-47.90599,DEL13-MG,Risco Médio,Média
quarta-feira,BR-364,1.0,Plena Noite,Crescente,Céu Claro,Dupla,Reta,-17.31227,-53.21828,DEL02-MT,Risco Baixo,Alta
sábado,BR-101,329.0,Amanhecer,Crescente,Céu Claro,Dupla,Reta,-28.44405,-48.96611,DEL02-SC,Risco Médio,Alta
quinta-feira,BR-116,332.0,Plena Noite,Decrescente,Garoa/Chuvisco,Simples,Curva,-30.3962,-51.44092,DEL02-RS,Risco Baixo,Alta
segunda-feira,BR-230,116.0,Anoitecer,Crescente,Céu Claro,Dupla,Interseção de vias,-5.359475,-49.08301,DEL03-PA,Risco Médio,Baixa
segunda-feira,BR-381,451.0,Pleno dia,Decrescente,Nublado,Simples,Não Informado,-19.83832,-43.88069,DEL01-MG,Risco Médio,Alta
sexta-feira,BR-285,177.0,Pleno dia,Crescente,Céu Claro,Simples,Não Informado,-28.29892,-51.38645,DEL08-RS,Risco Alto,Baixa
segunda-feira,BR-116,258.0,Plena Noite,Crescente,Céu Claro,Dupla,Reta,-29.86151,-51.18092,DEL01-RS,Risco Médio,Alta
domingo,BR-428,42.0,Pleno dia,Decrescente,Céu Claro,Simples,Reta,-8.576766,-39.58153,DEL05-PE,Risco Médio,Baixa
segunda-feira,BR-381,940.6,Plena Noite,Crescente,Nublado,Dupla,Curva,-22.85421,-46.3374,DEL16-MG,Risco Médio,Alta
sábado,BR-230,503.1,Plena Noite,Decrescente,Céu Claro,Simples,Curva,-6.89833,-38.54672,DEL03-PB,Risco Baixo,Baixa
sexta-feira,BR-242,352.0,Plena Noite,Decrescente,Nublado,Simples,Curva,-12.49857,-41.33159,DEL06-BA,Risco Alto,Baixa
sábado,BR-316,41.8,Pleno dia,Decrescente,Chuva,Dupla,Reta,-1.278658,-48.11355,DEL01-PA,Risco Médio,Baixa
segunda-feira,BR-282,221.0,Anoitecer,Decrescente,Céu Claro,Simples,Reta,-27.79636,-50.34343,DEL05-SC,Risco Médio,Baixa
segunda-feira,BR-405,132.9,Amanhecer,Decrescente,Sol,Simples,Reta,-5.968785,-38.13963,DEL04-RN,Risco Alto,Baixa
segunda-feira,BR-364,714.0,Pleno dia,Decrescente,Céu Claro,Simples,Viaduto,-8.773237,-63.88521,DEL01-RO,Risco Médio,Alta
quarta-feira,BR-465,1.0,Pleno dia,Decrescente,Céu Claro,Simples,Reta,-22.71983,-43.72574,DEL01-RJ,Risco Médio,Baixa
quinta-feira,BR-135,370.8,Plena Noite,Crescente,Céu Claro,Simples,Reta,-5.5362,-44.41253,DEL03-MA,Risco Alto,Baixa
terça-feira,BR-376,666.0,Plena Noite,Crescente,Garoa/Chuvisco,Dupla,Curva,-25.8644,-48.9499,DEL01-PR,Risco Baixo,Baixa
quinta-feira,BR-116,376.3,Plena Noite,Decrescente,Nublado,Dupla,Curva,-24.19166,-47.3598,DEL04-SP,Risco Baixo,Alta
sábado,BR-470,101.0,Pleno dia,Crescente,Céu Claro,Simples,Reta,-27.05308,-49.39002,DEL04-SC,Risco Médio,Baixa
domingo,BR-282,246.0,Amanhecer,Decrescente,Céu Claro,Simples,Não Informado,-27.72721,-50.52972,DEL05-SC,Risco Médio,Baixa
sábado,BR-376,164.0,Pleno dia,Decrescente,Nublado,Dupla,Reta,-23.38591,-52.0245,DEL09-PR,Risco Médio,Baixa
quinta-feira,BR-470,155.0,Pleno dia,Decrescente,Céu Claro,Simples,Retorno Regulamentado,-28.78244,-51.61512,DEL06-RS,Risco Médio,Baixa
quarta-feira,BR-116,223.5,Pleno dia,Decrescente,Céu Claro,Simples,Curva,-29.588,-51.09878,DEL05-RS,Risco Médio,Alta
sexta-feira,BR-364,942.0,Amanhecer,Crescente,Céu Claro,Simples,Reta,-9.671041,-65.44796,DEL01-RO,Risco Alto,Alta
quarta-feira,BR-116,87.9,Plena Noite,Decrescente,Nublado,Dupla,Reta,-25.4795,-49.10138,DEL01-PR,Risco Médio,Alta
quarta-feira,BR-376,213.8,Pleno dia,Decrescente,Céu Claro,Dupla,Reta,-23.58083,-51.65144,DEL09-PR,Risco Médio,Baixa
sábado,BR-101,104.0,Pleno dia,Crescente,Céu Claro,Múltipla,Viaduto,-5.8923,-35.2581,DEL01-RN,Risco Médio,Alta
sexta-feira,BR-319,64.1,Plena Noite,Decrescente,Céu Claro,Múltipla,Interseção de vias,-8.767344,-63.88397,DEL01-RO,Risco Médio,Baixa
sexta-feira,BR-163,489.7,Pleno dia,Crescente,Céu Claro,Simples,Desvio Temporário,-20.40828,-54.5516,DEL01-MS,Risco Médio,Alta
quarta-feira,BR-476,264.5,Pleno dia,Decrescente,Sol,Simples,Reta,-25.89103,-50.28245,DEL02-PR,Risco Alto,Baixa
domingo,BR-20,204.5,Pleno dia,Crescente,Céu Claro,Simples,Reta,-5.12155,-39.73265,DEL02-CE,Risco Médio,Baixa
quinta-feira,BR-116,78.0,Anoitecer,Crescente,Céu Claro,Simples,Reta,-22.37409,-42.9526,DEL04-RJ,Risco Baixo,Alta
terça-feira,BR-222,16.5,Pleno dia,Crescente,Céu Claro,Simples,Reta,-3.757321,-38.70346,DEL01-CE,Risco Alto,Baixa
quarta-feira,BR-277,178.0,Pleno dia,Decrescente,Céu Claro,Simples,Reta,-25.42094,-50.08199,DEL03-PR,Risco Baixo,Média
terça-feira,BR-116,123.0,Plena Noite,Decrescente,Chuva,Dupla,Reta,-23.08754,-45.6697,DEL02-SP,Risco Médio,Alta
quarta-feira,BR-267,5.9,Plena Noite,Decrescente,Vento,Simples,Reta,-21.74977,-52.19303,DEL02-MS,Risco Alto,Baixa
quarta-feira,BR-376,668.1,Plena Noite,Crescente,Chuva,Múltipla,Desvio Temporário,-25.88326,-48.57514,DEL01-PR,Risco Baixo,Baixa
domingo,BR-282,506.9,Plena Noite,Crescente,Céu Claro,Simples,Curva,-26.88571,-52.42907,DEL07-SC,Risco Médio,Baixa
domingo,BR-316,582.0,Plena Noite,Crescente,Céu Claro,Simples,Reta,-4.973422,-43.10664,DEL03-MA,Risco Alto,Baixa
quarta-feira,BR-459,22.6,Plena Noite,Crescente,Garoa/Chuvisco,Simples,Não Informado,-21.88216,-46.38305,DEL09-MG,Risco Baixo,Baixa
sábado,BR-116,524.8,Pleno dia,Crescente,Céu Claro,Simples,Rotatória,-19.76027,-42.13399,DEL06-MG,Risco Médio,Alta
quinta-feira,BR-116,813.0,Plena Noite,Decrescente,Céu Claro,Simples,Interseção de vias,-14.80156,-40.77613,DEL08-BA,Risco Médio,Alta
sábado,BR-10,306.8,Pleno dia,Decrescente,Céu Claro,Simples,Reta,-5.051734,-47.55434,DEL04-MA,Risco Médio,Baixa
sábado,BR-376,174.5,Plena Noite,Crescente,Chuva,Dupla,Não Informado,-23.4143,-51.94984,DEL09-PR,Risco Médio,Baixa
segunda-feira,BR-163,934.0,Plena Noite,Decrescente,Céu Claro,Simples,Reta,-11.13682,-55.31296,DEL06-MT,Risco Alto,Alta
segunda-feira,BR-376,540.0,Plena Noite,Decrescente,Céu Claro,Dupla,Reta,-25.4135,-49.77565,DEL01-PR,Risco Médio,Baixa
sábado,BR-116,210.3,Pleno dia,Decrescente,Céu Claro,Simples,Reta,-29.50597,-51.10138,DEL05-RS,Risco Médio,Alta