dia_semana,br,km,fase_dia,sentido_via,condicao_metereologica,tipo_pista,tracado_via,latitude,longitude,delegacia,classificacao_acidente,postos_policiais_PRF
domingo,BR-116,12.0,Pleno dia,Decrescente,Céu Claro,Dupla,Não Informado,-3.851907,-38.49534,DEL01-CE,Risco Médio,Alta
segunda-feira,BR-163,844.0,Pleno dia,Crescente,Céu Claro,Simples,Reta,-11.90745,-55.50727,DEL06-MT,Risco Médio,Alta
quinta-feira,BR-376,673.0,Plena Noite,Crescente,Céu Claro,Dupla,Não Informado,-25.8665,-48.94667,DEL01-PR,Risco Baixo,Baixa
terça-feira,BR-101,206.9,Pleno dia,Crescente,Céu Claro,Múltipla,Reta,-27.59194,-48.61825,DEL01-SC,Risco Médio,Alta
segunda-feira,BR-364,710.0,Plena Noite,Decrescente,Céu Claro,Dupla,Reta,-8.783424,-63.8625,DEL01-RO,Risco Médio,Alta
quarta-feira,BR-386,342.1,Plena Noite,Decrescente,Nublado,Simples,Reta,-29.43163,-52.01193,DEL04-RS,Risco Médio,Média
domingo,BR-116,488.9,Pleno dia,Crescente,Céu Claro,Simples,Curva,-19.4594,-42.13064,DEL06-MG,Risco Médio,Alta
quarta-feira,BR-316,24.0,Plena Noite,Crescente,Ignorado,Dupla,Reta,-1.345997,-48.25153,DEL01-PA,Risco Baixo,Baixa
segunda-feira,BR-376,325.5,Plena Noite,Crescente,Céu Claro,Simples,Curva,-24.05678,-51.06272,DEL07-PR,Risco Médio,Baixa
quinta-feira,BR-386,341.8,Amanhecer,Crescente,Céu Claro,Simples,Curva,-29.43571,-51.99852,DEL04-RS,Risco Médio,Média
quinta-feira,BR-476,127.7,Pleno dia,Crescente,Nublado,Dupla,Reta,-25.42517,-49.22716,DEL01-PR,Risco Médio,Baixa
segunda-feira,BR-232,43.0,Pleno dia,Decrescente,Céu Claro,Dupla,Curva,-8.117298,-35.26098,DEL01-PE,Risco Médio,Baixa
quarta-feira,BR-367,82.9,Anoitecer,Crescente,Céu Claro,Simples,Reta,-16.37206,-39.56163,DEL09-BA,Risco Médio,Baixa
segunda-feira,BR-470,134.0,Plena Noite,Decrescente,Céu Claro,Simples,Retorno Regulamentado,-27.17872,-49.59536,DEL04-SC,Risco Médio,Baixa
segunda-feira,BR-40,16.5,Pleno dia,Decrescente,Céu Claro,Dupla,Desvio Temporário,-16.17714,-47.92919,DEL01-DF,Risco Médio,Alta
segunda-feira,BR-364,342.9,Plena Noite,Crescente,Céu Claro,Dupla,Ponte,-10.88127,-61.9416,DEL02-RO,Risco Médio,Alta
domingo,BR-319,59.0,Plena Noite,Crescente,Céu Claro,Dupla,Interseção de vias,-8.742438,-63.90264,DEL01-RO,Risco Baixo,Baixa
domingo,BR-110,173.0,Plena Noite,Crescente,Céu Claro,Simples,Reta,-10.86945,-38.52734,DEL07-BA,Risco Baixo,Baixa
segunda-feira,BR-356,34.0,Pleno dia,Crescente,Chuva,Simples,Reta,-21.20442,-41.8906,DEL08-RJ,Risco Médio,Baixa
segunda-feira,BR-116,118.8,Pleno dia,Crescente,Céu Claro,Simples,Curva,-28.99136,-51.06761,DEL05-RS,Risco Baixo,Alta
quinta-feira,BR-364,64.0,Amanhecer,Crescente,Chuva,Simples,Reta,-18.70048,-50.9683,DEL05-GO,Risco Médio,Alta
sábado,BR-153,73.5,Pleno dia,Decrescente,Céu Claro,Dupla,Não Informado,-20.87627,-49.42005,DEL09-SP,Risco Médio,Alta
quarta-feira,BR-369,147.2,Pleno dia,Decrescente,Céu Claro,Dupla,Reta,-23.29311,-51.13553,DEL07-PR,Risco Baixo,Baixa
sexta-feira,BR-101,141.0,Pleno dia,Crescente,Nublado,Dupla,Reta,-27.04762,-48.59996,DEL04-SC,Risco Baixo,Alta
domingo,BR-116,650.8,Pleno dia,Crescente,Céu Claro,Simples,Curva,-20.71849,-42.27852,DEL07-MG,Risco Médio,Alta
terça-feira,BR-222,235.0,Pleno dia,Decrescente,Céu Claro,Simples,Reta,-5.277493,-49.07271,DEL03-PA,Risco Médio,Baixa
sábado,BR-101,12.0,Plena Noite,Crescente,Céu Claro,Simples,Reta,-18.26546,-39.95722,DEL04-ES,Risco Médio,Alta
sábado,BR-101,301.3,Plena Noite,Decrescente,Nublado,Dupla,Retorno Regulamentado,-20.36545,-40.44355,DEL01-ES,Risco Baixo,Alta
sábado,BR-40,289.5,Pleno dia,Decrescente,Céu Claro,Simples,Reta,-18.24883,-45.17457,DEL14-MG,Risco Médio,Alta
quarta-feira,BR-163,864.0,Pleno dia,Decrescente,Céu Claro,Simples,Reta,-11.60553,-55.42881,DEL06-MT,Risco Médio,Alta
sexta-feira,BR-101,201.0,Pleno dia,Crescente,Céu Claro,Dupla,Não Informado,-27.55188,-48.6198,DEL01-SC,Risco Médio,Alta
sexta-feira,BR-101,123.0,Pleno dia,Crescente,Céu Claro,Dupla,Reta,-26.93669,-48.69877,DEL04-SC,Risco Baixo,Alta
sexta-feira,BR-116,425.0,Anoitecer,Decrescente,Céu Claro,Simples,Desvio Temporário,-12.23737,-38.98,DEL02-BA,Risco Médio,Alta
quarta-feira,BR-116,528.1,Anoitecer,Crescente,Céu Claro,Dupla,Não Informado,-19.78511,-42.13445,DEL06-MG,Risco Médio,Alta
sexta-feira,BR-116,243.4,Plena Noite,Crescente,Céu Claro,Dupla,Não Informado,-29.73072,-51.14951,DEL01-RS,Risco Médio,Alta
segunda-feira,BR-116,477.0,Pleno dia,Crescente,Céu Claro,Dupla,Reta,-12.52425,-39.39962,DEL02-BA,Risco Baixo,Alta
sábado,BR-101,807.9,Pleno dia,Crescente,Céu Claro,Múltipla,Interseção de vias,-17.01855,-39.54164,DEL09-BA,Risco Médio,Alta
domingo,BR-50,41.5,Plena Noite,Decrescente,Céu Claro,Dupla,Curva,-18.68214,-48.17887,DEL15-MG,Risco Médio,Média
quinta-feira,BR-343,1.0,Pleno dia,Crescente,Sol,Múltipla,Reta,-5.089569,-42.80229,DEL01-PI,Risco Médio,Baixa
domingo,BR-101,27.1,Pleno dia,Crescente,Nublado,Simples,Rotatória,-26.20338,-48.91397,DEL03-SC,Risco Médio,Alta
domingo,BR-101,76.5,Pleno dia,Decrescente,Céu Claro,Dupla,Não Informado,-5.72603,-35.28461,DEL02-RN,Risco Alto,Alta
terça-feira,BR-163,1001.8,Pleno dia,Crescente,Céu Claro,Simples,Interseção de vias,-2.455928,-54.72859,DEL05-PA,Risco Médio,Alta
segunda-feira,BR-153,406.8,Pleno dia,Decrescente,Céu Claro,Simples,Reta,-30.01575,-52.91837,DEL02-RS,Risco Médio,Alta
sexta-feira,BR-20,419.0,Amanhecer,Crescente,Céu Claro,Dupla,Reta,-3.76999,-38.67006,DEL01-CE,Risco Médio,Baixa
sexta-feira,BR-290,111.7,Plena Noite,Decrescente,Céu Claro,Simples,Interseção de vias,-30.03207,-51.32514,DEL02-RS,Risco Baixo,Baixa
segunda-feira,BR-232,132.0,Pleno dia,Crescente,Céu Claro,Dupla,Reta,-8.306206,-36.01168,DEL02-PE,Risco Médio,Baixa
terça-feira,BR-116,225.0,Pleno dia,Crescente,Céu Claro,Múltipla,Não Informado,-23.48587,-46.54075,DEL01-SP,Risco Médio,Alta
sexta-feira,BR-476,132.0,Plena Noite,Crescente,Nublado,Dupla,Interseção de vias,-25.4605,-49.2504,DEL01-PR,Risco Médio,Baixa
domingo,BR-369,130.1,Pleno dia,Crescente,Chuva,Dupla,Curva,-23.25724,-50.98394,DEL07-PR,Risco Médio,Baixa
domingo,BR-471,174.0,Plena Noite,Decrescente,Nublado,Simples,Rotatória,-29.98161,-52.36932,DEL02-RS,Risco Baixo,Baixa
sábado,BR-376,178.3,Plena Noite,Crescente,Céu Claro,Múltipla,Reta,-23.41694,-51.9202,DEL07-PR,Risco Médio,Baixa
domingo,BR-10,253.0,Amanhecer,Decrescente,Céu Claro,Dupla,Reta,-5.526615,-47.47173,DEL04-MA,Risco Médio,Baixa
sexta-feira,BR-282,636.7,Amanhecer,Decrescente,Céu Claro,Simples,Curva,-26.80483,-53.4439,DEL07-SC,Risco Baixo,Baixa
quarta-feira,BR-101,380.0,Plena Noite,Crescente,Nublado,Simples,Curva,-20.80767,-40.83488,DEL03-ES,Risco Médio,Alta
sexta-feira,BR-116,48.9,Plena Noite,Crescente,Nublado,Simples,Curva,-28.56557,-50.99566,DEL05-RS,Risco Baixo,Alta
sábado,BR-116,325.0,Pleno dia,Crescente,Céu Claro,Simples,Reta,-30.33576,-51.42551,DEL02-RS,Risco Baixo,Alta
domingo,BR-60,288.0,Pleno dia,Crescente,Céu Claro,Dupla,Reta,-17.2861,-50.2592,DEL04-GO,Risco Médio,Média
domingo,BR-470,55.2,Plena Noite,Decrescente,Céu Claro,Simples,Reta,-26.87639,-49.12027,DEL04-SC,Risco Alto,Baixa
domingo,BR-163,171.0,Pleno dia,Decrescente,Céu Claro,Simples,Interseção de vias,-22.86671,-54.60871,DEL09-MS,Risco Baixo,Alta
terça-feira,BR-116,516.0,Pleno dia,Decrescente,Chuva,Dupla,Curva,-24.87423,-48.21908,DEL05-SP,Risco Médio,Alta
terça-feira,BR-163,806.0,Plena Noite,Crescente,Nublado,Simples,Reta,-11.92379,-55.51392,DEL06-MT,Risco Médio,Alta
sexta-feira,BR-230,615.0,Plena Noite,Crescente,Céu Claro,Simples,Reta,-7.541785,-63.06553,DEL01-RO,Risco Médio,Baixa
quarta-feira,BR-465,14.2,Pleno dia,Crescente,Céu Claro,Simples,Reta,-22.80498,-43.63883,DEL01-RJ,Risco Médio,Baixa
domingo,BR-20,431.0,Plena Noite,Crescente,Céu Claro,Simples,Reta,-3.863835,-38.47162,DEL01-CE,Risco Médio,Baixa
domingo,BR-493,21.0,Pleno dia,Decrescente,Céu Claro,Simples,Não Informado,-22.66151,-43.04481,DEL02-RJ,Risco Médio,Baixa
sexta-feira,BR-222,680.0,Plena Noite,Crescente,Céu Claro,Simples,Reta,-4.954806,-47.50095,DEL04-MA,Risco Baixo,Baixa
sábado,BR-343,599.0,Plena Noite,Decrescente,Chuva,Dupla,Reta,-6.827629,-43.06465,DEL03-PI,Risco Médio,Baixa
sábado,BR-116,764.9,Plena Noite,Crescente,Chuva,Múltipla,Interseção de vias,-21.51974,-42.64911,DEL07-MG,Risco Médio,Alta
sábado,BR-116,247.5,Plena Noite,Decrescente,Chuva,Dupla,Não Informado,-22.60655,-43.93505,DEL07-RJ,Risco Alto,Alta
quarta-feira,BR-101,200.0,Plena Noite,Crescente,Chuva,Dupla,Reta,-27.54019,-48.62288,DEL01-SC,Risco Baixo,Alta
quinta-feira,BR-282,3.5,Pleno dia,Decrescente,Céu Claro,Múltipla,Reta,-27.60038,-48.59971,DEL01-SC,Risco Médio,Baixa
domingo,BR-493,16.0,Plena Noite,Decrescente,Céu Claro,Simples,Reta,-22.66362,-42.99634,DEL02-RJ,Risco Médio,Baixa
segunda-feira,BR-470,68.0,Pleno dia,Crescente,Sol,Simples,Interseção de vias,-26.8702,-49.22742,DEL04-SC,Risco Médio,Baixa
quarta-feira,BR-290,50.3,Amanhecer,Decrescente,Nublado,Dupla,Reta,-29.90821,-50.7608,DEL03-RS,Risco Alto,Baixa
terça-feira,BR-235,57.0,Pleno dia,Crescente,Sol,Simples,Reta,-10.65001,-37.45125,DEL01-SE,Risco Médio,Baixa
domingo,BR-101,93.2,Plena Noite,Decrescente,Céu Claro,Dupla,Curva,-10.90212,-37.14495,DEL01-SE,Risco Médio,Alta
sábado,BR-60,93.0,Pleno dia,Decrescente,Céu Claro,Dupla,Viaduto,-16.3538,-48.9268,DEL02-GO,Risco Médio,Média
sábado,BR-364,270.3,Anoitecer,Crescente,Céu Claro,Simples,Não Informado,-15.96909,-54.94734,DEL02-MT,Risco Médio,Alta
sexta-feira,BR-386,276.1,Pleno dia,Crescente,Céu Claro,Simples,Ponte,-29.00722,-52.33866,DEL04-RS,Risco Alto,Média
domingo,BR-153,407.8,Pleno dia,Crescente,Céu Claro,Simples,Não Informado,-16.07692,-49.05264,DEL02-GO,Risco Médio,Alta
domingo,BR-153,348.3,Anoitecer,Decrescente,Nublado,Simples,Interseção de vias,-25.60511,-50.69259,DEL03-PR,Risco Médio,Alta
sábado,BR-163,829.0,Plena Noite,Crescente,Céu Claro,Simples,Retorno Regulamentado,-11.9132,-55.50867,DEL06-MT,Risco Médio,Alta
domingo,BR-381,349.0,Pleno dia,Decrescente,Nublado,Simples,Curva,-19.84992,-43.14868,DEL03-MG,Risco Médio,Alta
quinta-feira,BR-365,59.2,Anoitecer,Crescente,Chuva,Simples,Curva,-16.94953,-44.24376,DEL12-MG,Risco Alto,Média
sábado,BR-40,513.0,Pleno dia,Crescente,Céu Claro,Dupla,Não Informado,-19.7985,-44.1051,DEL01-MG,Risco Médio,Alta
quarta-feira,BR-277,125.0,Pleno dia,Decrescente,Céu Claro,Dupla,Não Informado,-25.44664,-49.48877,DEL01-PR,Risco Médio,Média
terça-feira,BR-280,30.0,Amanhecer,Decrescente,Nevoeiro/Neblina,Simples,Reta,-26.41415,-48.76209,DEL03-SC,Risco Médio,Baixa
sábado,BR-381,301.5,Anoitecer,Decrescente,Céu Claro,Simples,Curva,-19.59232,-42.74282,DEL03-MG,Risco Baixo,Alta
sábado,BR-116,67.8,Pleno dia,Crescente,Céu Claro,Simples,Reta,-28.70141,-51.07659,DEL05-RS,Risco Médio,Alta
sábado,BR-163,489.9,Pleno dia,Crescente,Céu Claro,Simples,Reta,-20.40828,-54.5516,DEL01-MS,Risco Médio,Alta
quarta-feira,BR-116,178.0,Pleno dia,Crescente,Céu Claro,Dupla,Reta,-22.77496,-43.40081,DEL01-RJ,Risco Baixo,Alta
quinta-feira,BR-101,458.0,Pleno dia,Decrescente,Chuva,Simples,Reta,-23.03769,-44.18393,DEL03-RJ,Risco Alto,Alta
segunda-feira,BR-423,26.0,Pleno dia,Decrescente,Céu Claro,Simples,Reta,-9.193462,-37.51482,DEL03-AL,Risco Médio,Baixa
sexta-feira,BR-153,492.9,Plena Noite,Decrescente,Céu Claro,Dupla,Não Informado,-16.6461,-49.2114,DEL01-GO,Risco Médio,Alta
segunda-feira,BR-242,868.0,Plena Noite,Crescente,Céu Claro,Simples,Reta,-12.08499,-45.45176,DEL10-BA,Risco Médio,Baixa
quinta-feira,BR-364,338.0,Pleno dia,Decrescente,Céu Claro,Dupla,Reta,-10.91694,-61.92986,DEL02-RO,Risco Médio,Alta
sexta-feira,BR-369,154.0,Plena Noite,Crescente,Céu Claro,Dupla,Reta,-23.29778,-51.19877,DEL07-PR,Risco Baixo,Baixa
quinta-feira,BR-70,10.8,Plena Noite,Decrescente,Céu Claro,Dupla,Não Informado,-15.78707,-48.14071,DEL01-DF,Risco Médio,Baixa
domingo,BR-101,716.1,Plena Noite,Crescente,Céu Claro,Simples,Reta,-16.35671,-39.57996,DEL09-BA,Risco Baixo,Alta
domingo,BR-262,27.0,Anoitecer,Decrescente,Nublado,Simples,Reta,-20.38399,-40.55226,DEL01-ES,Risco Médio,Média
segunda-feira,BR-470,219.9,Pleno dia,Crescente,Céu Claro,Dupla,Não Informado,-29.1963,-51.5189,DEL06-RS,Risco Baixo,Baixa
terça-feira,BR-135,20.0,Pleno dia,Crescente,Céu Claro,Dupla,Reta,-2.565898,-44.33025,DEL01-MA,Risco Médio,Baixa
quarta-feira,BR-235,1.6,Pleno dia,Crescente,Céu Claro,Dupla,Interseção de vias,-10.90841,-37.08723,DEL01-SE,Risco Médio,Baixa
domingo,BR-381,626.0,Pleno dia,Decrescente,Céu Claro,Dupla,Não Informado,-20.82829,-44.80796,DEL04-MG,Risco Médio,Alta
segunda-feira,BR-70,42.2,Plena Noite,Decrescente,Céu Claro,Simples,Reta,-15.76909,-52.57808,DEL07-MT,Risco Médio,Baixa
segunda-feira,BR-210,159.0,Plena Noite,Crescente,Céu Claro,Simples,Ponte,1.032246,-60.08553,DEL01-RR,Risco Alto,Baixa
quarta-feira,BR-116,124.0,Pleno dia,Decrescente,Céu Claro,Dupla,Reta,-22.66134,-43.11659,DEL04-RJ,Risco Baixo,Alta
terça-feira,BR-101,294.0,Pleno dia,Crescente,Sol,Dupla,Reta,-22.75844,-42.89502,DEL02-RJ,Risco Médio,Alta
quinta-feira,BR-116,313.5,Amanhecer,Decrescente,Céu Claro,Dupla,Reta,-23.88914,-46.98017,DEL04-SP,Risco Médio,Alta
sábado,BR-381,57.7,Pleno dia,Decrescente,Céu Claro,Dupla,Curva,-23.26582,-46.58399,DEL03-SP,Risco Baixo,Alta
sábado,BR-251,37.0,Pleno dia,Decrescente,Céu Claro,Simples,Interseção de vias,-15.94397,-47.7831,DEL01-DF,Risco Médio,Baixa
quarta-feira,BR-376,124.9,Pleno dia,Crescente,Céu Claro,Dupla,Não Informado,-23.144,-52.28186,DEL09-PR,Risco Médio,Baixa
quarta-feira,BR-101,139.0,Pleno dia,Decrescente,Nublado,Simples,Interseção de vias,-9.80856,-36.1163,DEL02-AL,Risco Baixo,Alta
terça-feira,BR-116,656.0,Pleno dia,Crescente,Chuva,Simples,Curva,-13.66414,-40.09537,DEL03-BA,Risco Médio,Alta
sábado,BR-40,0.0,Plena Noite,Crescente,Chuva,Dupla,Curva,-15.9769,-47.99013,DEL01-DF,Risco Médio,Alta
quinta-feira,BR-101,111.0,Pleno dia,Crescente,Céu Claro,Simples,Reta,-12.1673,-38.42258,DEL01-BA,Risco Médio,Alta
sexta-feira,BR-101,107.9,Pleno dia,Crescente,Céu Claro,Simples,Reta,-12.14965,-38.39721,DEL01-BA,Risco Médio,Alta
sábado,BR-50,202.8,Plena Noite,Crescente,Céu Claro,Dupla,Reta,-19.9517,-47.8044,DEL13-MG,Risco Médio,Média
sexta-feira,BR-393,130.2,Pleno dia,Decrescente,Céu Claro,Simples,Reta,-22.11964,-43.13474,DEL06-RJ,Risco Médio,Média
quarta-feira,BR-230,24.9,Plena Noite,Crescente,Céu Claro,Simples,Não Informado,-7.169598,-34.87312,DEL01-PB,Risco Médio,Baixa
terça-feira,BR-40,52.0,Plena Noite,Decrescente,Chuva,Dupla,Curva,-22.33571,-43.1332,DEL06-RJ,Risco Médio,Alta
quinta-feira,BR-153,574.0,Pleno dia,Decrescente,Nublado,Dupla,Curva,-17.3387,-49.2399,DEL03-GO,Risco Médio,Alta
quarta-feira,BR-277,707.0,Pleno dia,Decrescente,Céu Claro,Dupla,Reta,-25.43904,-54.38646,DEL05-PR,Risco Médio,Média
quarta-feira,BR-20,21.0,Plena Noite,Crescente,Céu Claro,Dupla,Reta,-15.60338,-47.68469,DEL02-DF,Risco Alto,Baixa
sábado,BR-277,81.6,Pleno dia,Decrescente,Céu Claro,Dupla,Reta,-25.4635,-49.21777,DEL01-PR,Risco Médio,Média
quarta-feira,BR-290,332.0,Anoitecer,Decrescente,Nublado,Simples,Desvio Temporário,-30.36409,-53.50509,DEL09-RS,Risco Baixo,Baixa
sábado,BR-101,718.0,Pleno dia,Decrescente,Céu Claro,Simples,Reta,-16.36494,-39.58031,DEL09-BA,Risco Baixo,Alta
segunda-feira,BR-316,22.3,Pleno dia,Decrescente,Sol,Simples,Reta,-5.275555,-42.72607,DEL01-PI,Risco Médio,Baixa
segunda-feira,BR-242,305.0,Pleno dia,Decrescente,Nublado,Simples,Reta,-12.4792,-41.12089,DEL06-BA,Risco Baixo,Baixa
domingo,BR-40,606.7,Amanhecer,Decrescente,Nublado,Simples,Reta,-20.47657,-43.8424,DEL05-MG,Risco Médio,Alta
quarta-feira,BR-262,104.0,Pleno dia,Decrescente,Céu Claro,Simples,Reta,-20.33303,-41.12932,DEL01-ES,Risco Médio,Média
quarta-feira,BR-364,18.9,Anoitecer,Crescente,Nublado,Simples,Reta,-12.72755,-60.183,DEL04-RO,Risco Médio,Alta
quinta-feira,BR-316,250.3,Pleno dia,Crescente,Sol,Simples,Reta,-3.654055,-45.47593,DEL02-MA,Risco Baixo,Baixa
sábado,BR-381,925.3,Pleno dia,Crescente,Céu Claro,Dupla,Curva,-22.77721,-46.23911,DEL16-MG,Risco Médio,Alta
quarta-feira,BR-60,57.0,Anoitecer,Decrescente,Ignorado,Simples,Reta,-18.99647,-52.97879,DEL08-MS,Risco Médio,Média
domingo,BR-40,517.0,Pleno dia,Decrescente,Céu Claro,Dupla,Reta,-19.82351,-44.08439,DEL01-MG,Risco Médio,Alta
sábado,BR-153,44.5,Pleno dia,Decrescente,Nublado,Múltipla,Interseção de vias,-27.6218,-52.23729,DEL08-RS,Risco Baixo,Alta
sábado,BR-116,504.0,Pleno dia,Decrescente,Chuva,Dupla,Curva,-24.73659,-48.12319,DEL05-SP,Risco Baixo,Alta
domingo,BR-70,469.0,Pleno dia,Crescente,Sol,Simples,Reta,-15.89734,-52.23385,DEL04-GO,Risco Médio,Baixa
domingo,BR-116,57.6,Pleno dia,Decrescente,Sol,Dupla,Curva,-25.29349,-48.9349,DEL01-PR,Risco Médio,Alta
quarta-feira,BR-277,517.0,Pleno dia,Decrescente,Céu Claro,Simples,Reta,-25.11378,-52.82231,DEL04-PR,Risco Médio,Média
domingo,BR-235,55.0,Pleno dia,Crescente,Céu Claro,Simples,Reta,-10.66739,-37.44601,DEL01-SE,Risco Médio,Baixa
quarta-feira,BR-158,537.0,Pleno dia,Crescente,Céu Claro,Simples,Reta,-13.8183,-52.0391,DEL07-MT,Risco Médio,Baixa
quinta-feira,BR-101,218.0,Plena Noite,Crescente,Nublado,Dupla,Reta,-22.5069,-42.2981,DEL02-RJ,Risco Baixo,Alta
segunda-feira,BR-163,987.0,Plena Noite,Crescente,Céu Claro,Simples,Reta,-2.583771,-54.7204,DEL05-PA,Risco Médio,Alta
quinta-feira,BR-376,3.0,Plena Noite,Decrescente,Nublado,Dupla,Reta,-25.5307,-49.1958,DEL01-PR,Risco Baixo,Baixa
sexta-feira,BR-20,10.4,Plena Noite,Decrescente,Céu Claro,Dupla,Reta,-15.6487,-47.77079,DEL02-DF,Risco Médio,Baixa
sexta-feira,BR-101,214.7,Anoitecer,Decrescente,Céu Claro,Dupla,Reta,-27.652,-48.676,DEL01-SC,Risco Médio,Alta
terça-feira,BR-158,525.0,Pleno dia,Crescente,Céu Claro,Simples,Reta,-26.15355,-52.66337,DEL02-PR,Risco Médio,Baixa
quarta-feira,BR-40,527.5,Pleno dia,Crescente,Céu Claro,Dupla,Reta,-19.909,-44.04445,DEL01-MG,Risco Médio,Alta
segunda-feira,BR-116,152.0,Pleno dia,Decrescente,Nublado,Simples,Curva,-29.18293,-51.16801,DEL05-RS,Risco Médio,Alta
quarta-feira,BR-324,573.2,Pleno dia,Decrescente,Céu Claro,Dupla,Reta,-12.57077,-38.54894,DEL01-BA,Risco Médio,Baixa
sábado,BR-101,101.3,Pleno dia,Decrescente,Sol,Simples,Ponte,-18.98834,-39.99933,DEL04-ES,Risco Alto,Alta
sexta-feira,BR-242,553.0,Plena Noite,Decrescente,Chuva,Simples,Reta,-12.13456,-42.88334,DEL10-BA,Risco Médio,Baixa
domingo,BR-40,714.5,Plena Noite,Decrescente,Chuva,Simples,Reta,-21.2669,-43.6529,DEL05-MG,Risco Baixo,Alta
segunda-feira,BR-40,120.0,Pleno dia,Crescente,Sol,Múltipla,Reta,-22.77281,-43.28627,DEL01-RJ,Risco Médio,Alta
quarta-feira,BR-163,77.0,Plena Noite,Decrescente,Céu Claro,Dupla,Reta,-23.4832,-54.18609,DEL09-MS,Risco Baixo,Alta
quarta-feira,BR-20,327.9,Pleno dia,Crescente,Céu Claro,Simples,Reta,-4.225334,-39.19641,DEL02-CE,Risco Baixo,Baixa
terça-feira,BR-116,220.0,Pleno dia,Crescente,Sol,Múltipla,Reta,-23.46459,-46.49832,DEL01-SP,Risco Médio,Alta
terça-feira,BR-40,19.0,Anoitecer,Decrescente,Chuva,Dupla,Curva,-22.1023,-43.17102,DEL06-RJ,Risco Médio,Alta
sábado,BR-116,208.3,Pleno dia,Decrescente,Sol,Simples,Reta,-26.07336,-49.74366,DEL06-SC,Risco Médio,Alta
domingo,BR-470,31.0,Pleno dia,Crescente,Céu Claro,Dupla,Reta,-26.89733,-48.92307,DEL04-SC,Risco Médio,Baixa
quarta-feira,BR-70,121.0,Amanhecer,Crescente,Céu Claro,Simples,Reta,-15.59978,-53.13011,DEL07-MT,Risco Médio,Baixa
sábado,BR-101,41.9,Pleno dia,Crescente,Céu Claro,Dupla,Reta,-26.32335,-48.86813,DEL03-SC,Risco Médio,Alta
quarta-feira,BR-101,209.0,Pleno dia,Decrescente,Céu Claro,Múltipla,Reta,-27.61001,-48.63895,DEL01-SC,Risco Médio,Alta
segunda-feira,BR-470,147.0,Pleno dia,Crescente,Céu Claro,Simples,Interseção de vias,-27.24344,-49.69002,DEL04-SC,Risco Médio,Baixa
domingo,BR-101,93.5,Pleno dia,Decrescente,Céu Claro,Simples,Reta,-8.242084,-35.00424,DEL01-PE,Risco Médio,Alta
quinta-feira,BR-116,218.0,Pleno dia,Decrescente,Céu Claro,Múltipla,Reta,-23.4597,-46.4843,DEL01-SP,Risco Baixo,Alta
segunda-feira,BR-364,293.0,Pleno dia,Decrescente,Sol,Simples,Reta,-11.30484,-61.88942,DEL02-RO,Risco Médio,Alta
sexta-feira,BR-101,104.9,Pleno dia,Crescente,Chuva,Dupla,Reta,-7.300291,-34.93889,DEL01-PB,Risco Baixo,Alta
segunda-feira,BR-116,600.0,Plena Noite,Decrescente,Céu Claro,Simples,Curva,-20.33158,-42.14776,DEL06-MG,Risco Alto,Alta
quinta-feira,BR-470,170.7,Pleno dia,Crescente,Sol,Simples,Não Informado,-27.2659,-49.89244,DEL04-SC,Risco Médio,Baixa
segunda-feira,BR-40,563.0,Pleno dia,Decrescente,Chuva,Dupla,Não Informado,-20.15709,-43.96325,DEL01-MG,Risco Médio,Alta
terça-feira,BR-101,81.0,Pleno dia,Crescente,Sol,Dupla,Reta,-5.764695,-35.28296,DEL02-RN,Risco Médio,Alta
segunda-feira,BR-232,7.0,Plena Noite,Decrescente,Céu Claro,Dupla,Reta,-8.072262,-34.9558,DEL01-PE,Risco Alto,Baixa
segunda-feira,BR-277,6.0,Pleno dia,Crescente,Nublado,Dupla,Interseção de vias,-25.46242,-54.58317,DEL05-PR,Risco Médio,Média
segunda-feira,BR-316,242.0,Amanhecer,Crescente,Nevoeiro/Neblina,Simples,Reta,-9.507274,-36.02114,DEL01-AL,Risco Baixo,Baixa
domingo,BR-101,510.0,Pleno dia,Decrescente,Nublado,Simples,Reta,-22.94413,-44.42941,DEL03-RJ,Risco Médio,Alta
quinta-feira,BR-104,86.8,Anoitecer,Crescente,Céu Claro,Dupla,Retorno Regulamentado,-9.466917,-35.82504,DEL01-AL,Risco Médio,Baixa
sábado,BR-470,86.5,Plena Noite,Crescente,Céu Claro,Simples,Ponte,-26.96157,-49.37192,DEL04-SC,Risco Médio,Baixa
terça-feira,BR-262,424.0,Pleno dia,Crescente,Céu Claro,Dupla,Reta,-19.89074,-44.80836,DEL08-MG,Risco Médio,Média
segunda-feira,BR-230,105.0,Pleno dia,Decrescente,Céu Claro,Simples,Curva,-5.937008,-47.89592,DEL02-TO,Risco Alto,Baixa
quinta-feira,BR-163,660.0,Plena Noite,Crescente,Céu Claro,Simples,Não Informado,-19.08203,-54.78594,DEL06-MS,Risco Médio,Alta
terça-feira,BR-116,427.0,Plena Noite,Decrescente,Garoa/Chuvisco,Simples,Reta,-12.26558,-38.98932,DEL02-BA,Risco Baixo,Alta
quinta-feira,BR-104,21.0,Pleno dia,Crescente,Chuva,Simples,Reta,-7.964189,-36.12438,DEL02-PE,Risco Médio,Baixa
domingo,BR-163,796.0,Anoitecer,Crescente,Céu Claro,Simples,Reta,-12.2094,-55.5391,DEL06-MT,Risco Médio,Alta