dia_semana,br,km,fase_dia,sentido_via,condicao_metereologica,tipo_pista,tracado_via,latitude,longitude,delegacia,classificacao_acidente,postos_policiais_PRF
terça-feira,BR-50,139.7,Pleno dia,Decrescente,Céu Claro,Dupla,Reta,-19.47292,-48.05461,DEL13-MG,Risco Médio,Média
terça-feira,BR-232,79.0,Pleno dia,Crescente,Nublado,Simples,Reta,-8.195243,-35.56256,DEL02-PE,Risco Médio,Baixa
sábado,BR-101,108.0,Pleno dia,Crescente,Chuva,Dupla,Curva,-21.9404,-41.632,DEL08-RJ,Risco Baixo,Alta
domingo,BR-116,415.8,Pleno dia,Decrescente,Sol,Dupla,Reta,-24.33544,-47.64192,DEL05-SP,Risco Médio,Alta
quinta-feira,BR-153,113.0,Pleno dia,Crescente,Chuva,Simples,Reta,-6.974135,-48.09966,DEL02-TO,Risco Baixo,Alta
sábado,BR-101,139.0,Pleno dia,Crescente,Nublado,Dupla,Curva,-27.02982,-48.60115,DEL04-SC,Risco Médio,Alta
sexta-feira,BR-116,6.0,Pleno dia,Crescente,Céu Claro,Simples,Reta,-25.3669,-49.0996,DEL01-PR,Risco Médio,Alta
segunda-feira,BR-381,487.0,Pleno dia,Decrescente,Céu Claro,Dupla,Não Informado,-19.95587,-44.1461,DEL01-MG,Risco Médio,Alta
segunda-feira,BR-242,225.0,Pleno dia,Decrescente,Sol,Simples,Reta,-12.5202,-40.27898,DEL06-BA,Risco Baixo,Baixa
segunda-feira,BR-101,447.0,Amanhecer,Crescente,Nublado,Simples,Reta,-23.00392,-44.09744,DEL03-RJ,Risco Médio,Alta
quarta-feira,BR-101,102.5,Amanhecer,Crescente,Céu Claro,Dupla,Retorno Regulamentado,-10.9488,-37.21099,DEL02-SE,Risco Baixo,Alta
segunda-feira,BR-116,307.4,Pleno dia,Crescente,Céu Claro,Dupla,Reta,-22.45713,-44.41064,DEL07-RJ,Risco Médio,Alta
domingo,BR-101,843.0,Amanhecer,Crescente,Céu Claro,Dupla,Desvio Temporário,-17.4612,-39.70128,DEL09-BA,Risco Médio,Alta
sexta-feira,BR-381,508.8,Pleno dia,Decrescente,Sol,Dupla,Não Informado,-20.04799,-44.27322,DEL04-MG,Risco Médio,Alta
segunda-feira,BR-104,74.0,Plena Noite,Decrescente,Nublado,Simples,Reta,-8.3513,-35.9861,DEL02-PE,Risco Médio,Baixa
quinta-feira,BR-287,362.0,Pleno dia,Decrescente,Chuva,Simples,Curva,-29.44017,-54.72914,DEL12-RS,Risco Médio,Baixa
domingo,BR-386,277.9,Pleno dia,Decrescente,Garoa/Chuvisco,Simples,Não Informado,-29.01208,-52.33166,DEL04-RS,Risco Médio,Média
sábado,BR-280,229.7,Pleno dia,Decrescente,Chuva,Simples,Reta,-26.18664,-50.35523,DEL06-SC,Risco Médio,Baixa
sábado,BR-163,30.7,Plena Noite,Decrescente,Chuva,Simples,Não Informado,-26.10522,-53.70303,DEL02-PR,Risco Médio,Alta
segunda-feira,BR-101,119.7,Pleno dia,Decrescente,Nublado,Dupla,Reta,-26.91151,-48.71213,DEL04-SC,Risco Médio,Alta
sábado,BR-230,106.0,Anoitecer,Crescente,Céu Claro,Simples,Reta,-5.381638,-48.99619,DEL03-PA,Risco Médio,Baixa
terça-feira,BR-421,68.0,Pleno dia,Decrescente,Céu Claro,Simples,Reta,-10.35471,-63.41624,DEL03-RO,Risco Baixo,Baixa
sábado,BR-386,398.0,Pleno dia,Crescente,Céu Claro,Dupla,Reta,-29.74369,-51.61705,DEL04-RS,Risco Médio,Média
segunda-feira,BR-60,27.6,Plena Noite,Decrescente,Chuva,Dupla,Não Informado,-16.01763,-48.24888,DEL01-DF,Risco Médio,Média
terça-feira,BR-262,512.0,Plena Noite,Crescente,Vento,Simples,Reta,-19.78883,-45.57627,DEL08-MG,Risco Médio,Média
terça-feira,BR-277,452.0,Amanhecer,Crescente,Garoa/Chuvisco,Simples,Interseção de vias,-25.37858,-52.39674,DEL04-PR,Risco Baixo,Média
domingo,BR-101,430.0,Pleno dia,Crescente,Céu Claro,Simples,Não Informado,-22.9371,-44.01084,DEL03-RJ,Risco Médio,Alta
terça-feira,BR-319,58.2,Pleno dia,Crescente,Céu Claro,Dupla,Reta,-8.743054,-63.90726,DEL01-RO,Risco Médio,Baixa
terça-feira,BR-101,107.5,Amanhecer,Decrescente,Chuva,Dupla,Reta,-8.309768,-35.0844,DEL01-PE,Risco Médio,Alta
terça-feira,BR-369,156.0,Pleno dia,Crescente,Céu Claro,Dupla,Reta,-23.29175,-51.21633,DEL07-PR,Risco Médio,Baixa
sábado,BR-116,548.0,Plena Noite,Crescente,Nevoeiro/Neblina,Simples,Curva,-24.9537,-48.45084,DEL05-SP,Risco Médio,Alta
quinta-feira,BR-40,465.2,Anoitecer,Decrescente,Céu Claro,Dupla,Reta,-19.4495,-44.3176,DEL02-MG,Risco Médio,Alta
sábado,BR-364,175.0,Pleno dia,Crescente,Nublado,Simples,Não Informado,-16.63298,-54.4388,DEL02-MT,Risco Médio,Alta
sábado,BR-40,508.0,Pleno dia,Decrescente,Nublado,Dupla,Reta,-19.76042,-44.13494,DEL02-MG,Risco Médio,Alta
segunda-feira,BR-101,3.6,Plena Noite,Decrescente,Chuva,Dupla,Curva,-26.00381,-48.87233,DEL03-SC,Risco Médio,Alta
sábado,BR-230,152.7,Amanhecer,Decrescente,Céu Claro,Simples,Curva,-7.2688,-35.8837,DEL02-PB,Risco Médio,Baixa
sexta-feira,BR-459,57.0,Pleno dia,Crescente,Céu Claro,Simples,Curva,-22.09213,-46.21376,DEL09-MG,Risco Médio,Baixa
segunda-feira,BR-381,358.0,Anoitecer,Decrescente,Nublado,Simples,Reta,-19.85593,-43.21689,DEL03-MG,Risco Médio,Alta
sábado,BR-356,50.0,Pleno dia,Decrescente,Céu Claro,Simples,Curva,-21.25735,-41.77513,DEL08-RJ,Risco Alto,Baixa
terça-feira,BR-381,492.0,Plena Noite,Decrescente,Chuva,Dupla,Reta,-19.9639,-44.1693,DEL01-MG,Risco Médio,Alta
sexta-feira,BR-116,38.5,Pleno dia,Crescente,Céu Claro,Simples,Não Informado,-28.50864,-50.92877,DEL05-RS,Risco Baixo,Alta
quinta-feira,BR-376,108.0,Pleno dia,Crescente,Céu Claro,Dupla,Viaduto,-23.07493,-52.41721,DEL07-PR,Risco Médio,Baixa
sábado,BR-251,387.3,Plena Noite,Crescente,Céu Claro,Simples,Reta,-16.26521,-42.82968,DEL12-MG,Risco Médio,Baixa
quarta-feira,BR-101,394.0,Plena Noite,Decrescente,Nublado,Dupla,Reta,-28.81326,-49.38912,DEL02-SC,Risco Médio,Alta
segunda-feira,BR-116,373.8,Pleno dia,Decrescente,Nublado,Dupla,Reta,-24.17119,-47.3399,DEL04-SP,Risco Médio,Alta
domingo,BR-101,122.0,Pleno dia,Crescente,Céu Claro,Dupla,Reta,-26.92956,-48.705,DEL04-SC,Risco Médio,Alta
quarta-feira,BR-364,438.0,Plena Noite,Crescente,Céu Claro,Simples,Não Informado,-15.60311,-56.20445,DEL01-MT,Risco Médio,Alta
domingo,BR-101,876.6,Plena Noite,Decrescente,Céu Claro,Simples,Reta,-17.7359,-39.7663,DEL09-BA,Risco Baixo,Alta
quinta-feira,BR-381,506.8,Pleno dia,Decrescente,Céu Claro,Múltipla,Reta,-20.03864,-44.25458,DEL01-MG,Risco Médio,Alta
sexta-feira,BR-135,184.3,Pleno dia,Crescente,Céu Claro,Simples,Reta,-4.055396,-44.47297,DEL03-MA,Risco Alto,Baixa
domingo,BR-101,288.4,Pleno dia,Crescente,Sol,Dupla,Curva,-20.2716,-40.39092,DEL01-ES,Risco Médio,Alta
segunda-feira,BR-101,68.0,Pleno dia,Crescente,Céu Claro,Dupla,Viaduto,-8.05213,-34.94622,DEL01-PE,Risco Médio,Alta
domingo,BR-70,1.7,Amanhecer,Crescente,Chuva,Dupla,Não Informado,-15.77579,-48.23259,DEL01-DF,Risco Baixo,Baixa
segunda-feira,BR-376,595.0,Pleno dia,Crescente,Ignorado,Dupla,Reta,-25.49318,-49.34371,DEL01-PR,Risco Médio,Baixa
sábado,BR-40,73.5,Plena Noite,Decrescente,Céu Claro,Dupla,Reta,-16.62148,-47.74885,DEL01-DF,Risco Médio,Alta
quinta-feira,BR-476,129.0,Pleno dia,Crescente,Céu Claro,Múltipla,Reta,-25.441,-49.2336,DEL01-PR,Risco Médio,Baixa
segunda-feira,BR-282,590.0,Pleno dia,Crescente,Céu Claro,Simples,Curva,-26.8277,-53.0776,DEL07-SC,Risco Médio,Baixa
sábado,BR-116,195.0,Plena Noite,Crescente,Céu Claro,Dupla,Reta,-22.73186,-43.60165,DEL01-RJ,Risco Baixo,Alta
segunda-feira,BR-158,331.0,Pleno dia,Decrescente,Sol,Simples,Reta,-21.2,-52.0009,DEL07-MS,Risco Médio,Baixa
domingo,BR-101,690.6,Pleno dia,Decrescente,Sol,Simples,Não Informado,-16.17247,-39.59473,DEL09-BA,Risco Médio,Alta
quinta-feira,BR-50,92.0,Plena Noite,Crescente,Céu Claro,Dupla,Reta,-19.06619,-48.19154,DEL15-MG,Risco Médio,Média
terça-feira,BR-251,469.4,Plena Noite,Crescente,Garoa/Chuvisco,Simples,Não Informado,-16.47846,-43.41953,DEL12-MG,Risco Baixo,Baixa
domingo,BR-158,176.9,Pleno dia,Decrescente,Sol,Simples,Não Informado,-28.48427,-53.54937,DEL10-RS,Risco Médio,Baixa
sexta-feira,BR-153,699.0,Pleno dia,Crescente,Céu Claro,Simples,Reta,-18.3862,-49.2076,DEL03-GO,Risco Médio,Alta
sexta-feira,BR-365,470.0,Plena Noite,Crescente,Céu Claro,Simples,Reta,-18.90934,-46.96792,DEL10-MG,Risco Médio,Média
quarta-feira,BR-316,21.0,Plena Noite,Decrescente,Céu Claro,Simples,Reta,-5.267463,-42.72741,DEL01-PI,Risco Médio,Baixa
sábado,BR-101,93.0,Plena Noite,Crescente,Ignorado,Simples,Reta,-18.92267,-39.96785,DEL04-ES,Risco Médio,Alta
sexta-feira,BR-104,48.2,Plena Noite,Decrescente,Céu Claro,Simples,Desvio Temporário,-9.245701,-36.00588,DEL01-AL,Risco Médio,Baixa
sábado,BR-10,438.0,Plena Noite,Crescente,Nublado,Múltipla,Reta,-10.22916,-48.3114,DEL01-TO,Risco Baixo,Baixa
quinta-feira,BR-116,548.0,Pleno dia,Decrescente,Chuva,Simples,Não Informado,-24.95393,-48.44727,DEL05-SP,Risco Médio,Alta
sábado,BR-381,925.0,Pleno dia,Crescente,Chuva,Dupla,Curva,-22.77097,-46.20326,DEL16-MG,Risco Baixo,Alta
segunda-feira,BR-60,430.0,Pleno dia,Decrescente,Garoa/Chuvisco,Simples,Reta,-20.96804,-54.9695,DEL01-MS,Risco Médio,Média
sábado,BR-116,625.8,Plena Noite,Decrescente,Nublado,Simples,Reta,-20.54581,-42.20774,DEL07-MG,Risco Alto,Alta
domingo,BR-70,316.0,Anoitecer,Crescente,Céu Claro,Simples,Reta,-15.5225,-54.62093,DEL05-MT,Risco Médio,Baixa
quinta-feira,BR-452,187.0,Plena Noite,Crescente,Céu Claro,Simples,Não Informado,-18.3988,-49.30124,DEL03-GO,Risco Médio,Baixa
quarta-feira,BR-70,509.1,Plena Noite,Crescente,Céu Claro,Simples,Reta,-15.65051,-55.99824,DEL01-MT,Risco Alto,Baixa
sexta-feira,BR-40,13.0,Plena Noite,Decrescente,Nublado,Dupla,Reta,-16.15183,-47.93916,DEL01-DF,Risco Médio,Alta
sábado,BR-116,185.9,Amanhecer,Decrescente,Nevoeiro/Neblina,Múltipla,Reta,-23.35176,-46.18966,DEL02-SP,Risco Baixo,Alta
sexta-feira,BR-324,521.2,Pleno dia,Decrescente,Sol,Dupla,Reta,-12.27919,-38.92646,DEL01-BA,Risco Médio,Baixa
quinta-feira,BR-158,500.0,Pleno dia,Decrescente,Chuva,Simples,Curva,-26.05397,-52.6243,DEL02-PR,Risco Baixo,Baixa
quarta-feira,BR-101,62.9,Pleno dia,Decrescente,Céu Claro,Dupla,Reta,-7.999059,-34.93899,DEL01-PE,Risco Médio,Alta
domingo,BR-226,41.0,Plena Noite,Crescente,Céu Claro,Simples,Reta,-6.721014,-47.76272,DEL02-TO,Risco Baixo,Baixa
segunda-feira,BR-465,2.0,Pleno dia,Crescente,Céu Claro,Simples,Curva,-22.72727,-43.71871,DEL01-RJ,Risco Médio,Baixa
segunda-feira,BR-316,156.0,Plena Noite,Crescente,Céu Claro,Simples,Rotatória,-9.421501,-36.62537,DEL03-AL,Risco Médio,Baixa
sexta-feira,BR-232,95.9,Plena Noite,Crescente,Chuva,Dupla,Reta,-8.23148,-35.70993,DEL01-PE,Risco Baixo,Baixa
domingo,BR-116,321.0,Plena Noite,Decrescente,Chuva,Dupla,Reta,-23.93461,-47.01729,DEL04-SP,Risco Médio,Alta
sábado,BR-364,346.1,Pleno dia,Crescente,Chuva,Simples,Curva,-15.7969,-55.55627,DEL02-MT,Risco Baixo,Alta
domingo,BR-277,586.3,Plena Noite,Decrescente,Céu Claro,Simples,Interseção de vias,-25.02817,-53.55983,DEL04-PR,Risco Médio,Média
sábado,BR-381,529.8,Pleno dia,Crescente,Céu Claro,Simples,Interseção de vias,-20.16152,-44.34601,DEL04-MG,Risco Baixo,Alta
terça-feira,BR-293,256.0,Plena Noite,Crescente,Nevoeiro/Neblina,Simples,Reta,-30.94142,-54.72928,DEL11-RS,Risco Baixo,Baixa
segunda-feira,BR-316,172.1,Plena Noite,Crescente,Céu Claro,Simples,Reta,-9.44035,-36.60753,DEL03-AL,Risco Baixo,Baixa
sábado,BR-470,186.0,Pleno dia,Crescente,Nublado,Dupla,Curva,-29.00635,-51.54974,DEL06-RS,Risco Baixo,Baixa
domingo,BR-476,119.0,Plena Noite,Crescente,Nublado,Dupla,Reta,-25.3642,-49.18583,DEL01-PR,Risco Baixo,Baixa
quinta-feira,BR-365,69.0,Pleno dia,Decrescente,Céu Claro,Dupla,Viaduto,-18.88359,-48.2662,DEL12-MG,Risco Médio,Média
terça-feira,BR-101,128.0,Pleno dia,Decrescente,Céu Claro,Dupla,Reta,-8.3811,-35.24585,DEL01-PE,Risco Médio,Alta
quarta-feira,BR-116,218.6,Pleno dia,Decrescente,Céu Claro,Simples,Não Informado,-17.39236,-41.52546,DEL11-MG,Risco Médio,Alta
segunda-feira,BR-452,186.2,Plena Noite,Decrescente,Nublado,Simples,Reta,-18.4009,-49.31007,DEL03-GO,Risco Médio,Baixa
quinta-feira,BR-364,293.2,Plena Noite,Crescente,Chuva,Dupla,Reta,-15.88519,-55.10937,DEL02-MT,Risco Médio,Alta
domingo,BR-70,317.0,Pleno dia,Decrescente,Sol,Simples,Interseção de vias,-15.87571,-50.85505,DEL04-GO,Risco Médio,Baixa
sexta-feira,BR-467,91.2,Amanhecer,Crescente,Céu Claro,Dupla,Curva,-24.8515,-53.6035,DEL04-PR,Risco Baixo,Baixa
domingo,BR-262,101.0,Pleno dia,Decrescente,Céu Claro,Dupla,Viaduto,-20.34357,-41.10951,DEL01-ES,Risco Médio,Média
terça-feira,BR-101,286.0,Pleno dia,Decrescente,Céu Claro,Dupla,Curva,-22.75409,-42.82492,DEL02-RJ,Risco Médio,Alta
terça-feira,BR-232,8.5,Pleno dia,Decrescente,Sol,Múltipla,Reta,-8.075837,-34.97016,DEL01-PE,Risco Médio,Baixa
sábado,BR-262,53.0,Pleno dia,Decrescente,Céu Claro,Simples,Não Informado,-20.414,-40.73385,DEL01-ES,Risco Médio,Média
terça-feira,BR-116,115.6,Anoitecer,Crescente,Céu Claro,Simples,Interseção de vias,-28.97509,-51.06792,DEL05-RS,Risco Médio,Alta
sexta-feira,BR-153,67.3,Plena Noite,Crescente,Nublado,Simples,Reta,-20.85055,-49.38166,DEL09-SP,Risco Médio,Alta
sexta-feira,BR-116,279.9,Pleno dia,Crescente,Céu Claro,Dupla,Não Informado,-22.54744,-44.18366,DEL07-RJ,Risco Baixo,Alta
segunda-feira,BR-40,50.1,Plena Noite,Decrescente,Céu Claro,Simples,Reta,-17.23931,-46.80041,DEL14-MG,Risco Médio,Alta
sexta-feira,BR-101,148.0,Plena Noite,Decrescente,Nublado,Simples,Reta,-27.10124,-48.61808,DEL04-SC,Risco Médio,Alta
quinta-feira,BR-101,293.7,Plena Noite,Crescente,Nublado,Dupla,Reta,-20.33651,-40.40231,DEL01-ES,Risco Médio,Alta
segunda-feira,BR-488,2.1,Anoitecer,Decrescente,Nublado,Simples,Reta,-22.85308,-45.23895,DEL08-SP,Risco Médio,Baixa
quarta-feira,BR-40,1.1,Plena Noite,Decrescente,Chuva,Dupla,Curva,-22.01197,-43.25809,DEL06-RJ,Risco Baixo,Alta
segunda-feira,BR-116,316.9,Pleno dia,Decrescente,Sol,Dupla,Reta,-23.91587,-46.9892,DEL04-SP,Risco Baixo,Alta
sexta-feira,BR-364,38.5,Plena Noite,Crescente,Céu Claro,Simples,Reta,-17.09735,-53.46365,DEL02-MT,Risco Baixo,Alta
quarta-feira,BR-40,447.9,Pleno dia,Decrescente,Céu Claro,Dupla,Não Informado,-19.2936,-44.38358,DEL02-MG,Risco Médio,Alta
quarta-feira,BR-304,38.0,Pleno dia,Crescente,Chuva,Dupla,Não Informado,-5.181385,-37.36832,DEL04-RN,Risco Alto,Baixa
quarta-feira,BR-116,179.9,Pleno dia,Decrescente,Nublado,Múltipla,Reta,-22.7699,-43.40804,DEL01-RJ,Risco Médio,Alta
terça-feira,BR-163,9.0,Plena Noite,Crescente,Céu Claro,Dupla,Reta,-26.2549,-53.6321,DEL02-PR,Risco Médio,Alta
quarta-feira,BR-376,314.6,Pleno dia,Crescente,Céu Claro,Simples,Não Informado,-23.98445,-51.08303,DEL07-PR,Risco Médio,Baixa
quarta-feira,BR-393,288.1,Anoitecer,Crescente,Céu Claro,Dupla,Curva,-22.50576,-44.07532,DEL05-RJ,Risco Médio,Média
segunda-feira,BR-376,185.5,Amanhecer,Crescente,Céu Claro,Dupla,Reta,-23.45147,-51.85362,DEL09-PR,Risco Baixo,Baixa
terça-feira,BR-364,55.0,Plena Noite,Decrescente,Nublado,Simples,Reta,-10.01205,-67.21876,DEL01-AC,Risco Médio,Alta
quarta-feira,BR-476,117.0,Pleno dia,Decrescente,Nublado,Dupla,Não Informado,-25.34862,-49.17566,DEL01-PR,Risco Médio,Baixa
terça-feira,BR-235,3.5,Plena Noite,Decrescente,Céu Claro,Dupla,Reta,-10.9059,-37.111,DEL01-SE,Risco Baixo,Baixa
terça-feira,BR-324,615.0,Pleno dia,Crescente,Céu Claro,Dupla,Reta,-12.87206,-38.42746,DEL01-BA,Risco Baixo,Baixa
terça-feira,BR-101,208.3,Pleno dia,Crescente,Sol,Múltipla,Não Informado,-27.60328,-48.63202,DEL01-SC,Risco Médio,Alta
domingo,BR-101,286.0,Plena Noite,Crescente,Céu Claro,Dupla,Não Informado,-20.25902,-40.37753,DEL01-ES,Risco Baixo,Alta
segunda-feira,BR-369,228.8,Pleno dia,Crescente,Céu Claro,Simples,Reta,-23.5893,-51.64618,DEL09-PR,Risco Médio,Baixa
sábado,BR-381,63.0,Plena Noite,Crescente,Céu Claro,Dupla,Curva,-23.306,-46.57521,DEL03-SP,Risco Médio,Alta
segunda-feira,BR-40,4.0,Plena Noite,Decrescente,Céu Claro,Dupla,Reta,-16.01203,-47.98212,DEL01-DF,Risco Médio,Alta
domingo,BR-381,925.0,Plena Noite,Decrescente,Céu Claro,Dupla,Reta,-22.77721,-46.23911,DEL16-MG,Risco Médio,Alta
segunda-feira,BR-488,3.0,Pleno dia,Crescente,Céu Claro,Dupla,Curva,-22.85374,-45.23987,DEL08-SP,Risco Médio,Baixa
segunda-feira,BR-116,136.0,Plena Noite,Decrescente,Nublado,Dupla,Desvio Temporário,-25.69309,-49.31768,DEL01-PR,Risco Baixo,Alta
terça-feira,BR-376,322.2,Pleno dia,Decrescente,Céu Claro,Simples,Curva,-24.04138,-51.07648,DEL07-PR,Risco Baixo,Baixa
segunda-feira,BR-116,624.3,Pleno dia,Crescente,Chuva,Simples,Reta,-20.51249,-42.1944,DEL07-MG,Risco Médio,Alta
segunda-feira,BR-40,0.0,Pleno dia,Decrescente,Céu Claro,Dupla,Reta,-16.05827,-47.98266,DEL01-DF,Risco Médio,Alta
sexta-feira,BR-381,788.1,Pleno dia,Crescente,Nublado,Dupla,Reta,-21.86664,-45.53576,DEL16-MG,Risco Médio,Alta
sábado,BR-316,9.4,Pleno dia,Crescente,Chuva,Dupla,Reta,-1.365861,-48.36333,DEL01-PA,Risco Médio,Baixa
sábado,BR-116,385.0,Pleno dia,Decrescente,Chuva,Simples,Reta,-30.81735,-51.70441,DEL02-RS,Risco Baixo,Alta
sábado,BR-290,674.0,Pleno dia,Decrescente,Nublado,Simples,Reta,-29.9312,-56.6316,DEL13-RS,Risco Baixo,Baixa
sábado,BR-116,522.0,Pleno dia,Crescente,Garoa/Chuvisco,Simples,Reta,-24.92334,-48.26191,DEL05-SP,Risco Médio,Alta
segunda-feira,BR-101,117.2,Pleno dia,Crescente,Nublado,Múltipla,Reta,-26.88747,-48.72253,DEL04-SC,Risco Médio,Alta
sexta-feira,BR-40,156.9,Pleno dia,Decrescente,Céu Claro,Simples,Reta,-17.03471,-47.16903,DEL01-DF,Risco Médio,Alta
sexta-feira,BR-324,617.0,Pleno dia,Crescente,Ignorado,Dupla,Reta,-12.89705,-38.44916,DEL01-BA,Risco Médio,Baixa
quarta-feira,BR-116,37.8,Plena Noite,Decrescente,Céu Claro,Simples,Rotatória,-28.50426,-50.92379,DEL05-RS,Risco Médio,Alta
sexta-feira,BR-153,27.0,Pleno dia,Crescente,Céu Claro,Dupla,Não Informado,-18.65527,-49.16986,DEL15-MG,Risco Médio,Alta
domingo,BR-230,672.0,Plena Noite,Decrescente,Chuva,Simples,Reta,-3.270316,-52.39201,DEL04-PA,Risco Médio,Baixa
quinta-feira,BR-101,270.4,Pleno dia,Decrescente,Sol,Dupla,Reta,-20.22662,-40.27075,DEL02-ES,Risco Baixo,Alta
quarta-feira,BR-101,74.5,Plena Noite,Decrescente,Céu Claro,Simples,Reta,-18.77756,-39.87357,DEL04-ES,Risco Médio,Alta
segunda-feira,BR-101,143.0,Pleno dia,Decrescente,Céu Claro,Dupla,Reta,-19.33285,-40.06851,DEL04-ES,Risco Médio,Alta
sábado,BR-381,732.5,Pleno dia,Decrescente,Chuva,Dupla,Reta,-21.55414,-45.24499,DEL16-MG,Risco Médio,Alta
quarta-feira,BR-153,568.2,Pleno dia,Crescente,Céu Claro,Dupla,Curva,-17.2854,-49.2361,DEL03-GO,Risco Médio,Alta
domingo,BR-153,146.0,Pleno dia,Decrescente,Céu Claro,Simples,Reta,-24.12558,-50.23718,DEL07-PR,Risco Médio,Alta
quarta-feira,BR-476,6.0,Pleno dia,Decrescente,Céu Claro,Simples,Curva,-24.69155,-48.99841,DEL01-PR,Risco Médio,Baixa
quinta-feira,BR-476,119.0,Plena Noite,Decrescente,Céu Claro,Dupla,Não Informado,-25.3642,-49.18583,DEL01-PR,Risco Médio,Baixa
domingo,BR-20,423.6,Plena Noite,Crescente,Céu Claro,Simples,Reta,-3.731862,-38.52667,DEL01-CE,Risco Médio,Baixa
sexta-feira,BR-287,401.0,Amanhecer,Crescente,Céu Claro,Simples,Interseção de vias,-29.16172,-54.8788,DEL12-RS,Risco Baixo,Baixa
quinta-feira,BR-116,141.9,Pleno dia,Decrescente,Céu Claro,Simples,Reta,-26.97282,-50.4031,DEL06-SC,Risco Médio,Alta
segunda-feira,BR-304,79.8,Pleno dia,Decrescente,Céu Claro,Simples,Reta,-4.7253,-37.5547,DEL03-CE,Risco Alto,Baixa
segunda-feira,BR-116,134.6,Anoitecer,Crescente,Nublado,Dupla,Reta,-23.1445,-45.77021,DEL06-SP,Risco Médio,Alta
terça-feira,BR-412,57.6,Pleno dia,Crescente,Céu Claro,Simples,Curva,-7.397518,-36.53091,DEL02-PB,Risco Médio,Baixa
terça-feira,BR-50,54.0,Pleno dia,Crescente,Sol,Dupla,Curva,-18.77181,-48.24471,DEL15-MG,Risco Médio,Média
sábado,BR-116,265.0,Plena Noite,Decrescente,Nublado,Simples,Reta,-17.73757,-41.51238,DEL11-MG,Risco Médio,Alta
segunda-feira,BR-135,16.0,Plena Noite,Crescente,Céu Claro,Simples,Reta,-2.557244,-44.35869,DEL01-MA,Risco Alto,Baixa
sexta-feira,BR-470,8.0,Pleno dia,Crescente,Céu Claro,Simples,Reta,-26.93962,-48.65321,DEL04-SC,Risco Médio,Baixa
quinta-feira,BR-101,41.0,Plena Noite,Decrescente,Nublado,Simples,Reta,-23.4159,-45.0364,DEL06-SP,Risco Baixo,Alta
quinta-feira,BR-101,206.0,Pleno dia,Decrescente,Céu Claro,Múltipla,Reta,-27.6001,-48.6225,DEL01-SC,Risco Médio,Alta
sexta-feira,BR-381,36.0,Amanhecer,Crescente,Nublado,Dupla,Reta,-23.10175,-46.56905,DEL03-SP,Risco Baixo,Alta
quarta-feira,BR-386,250.3,Plena Noite,Decrescente,Chuva,Simples,Reta,-28.83789,-52.45159,DEL04-RS,Risco Médio,Média
segunda-feira,BR-101,235.9,Plena Noite,Decrescente,Nublado,Simples,Reta,-19.98551,-40.41385,DEL02-ES,Risco Médio,Alta
terça-feira,BR-163,108.3,Pleno dia,Crescente,Céu Claro,Simples,Curva,-26.40599,-53.52416,DEL07-SC,Risco Médio,Alta
sábado,BR-101,99.5,Plena Noite,Crescente,Nublado,Dupla,Curva,-21.87582,-41.58329,DEL08-RJ,Risco Médio,Alta
segunda-feira,BR-101,203.2,Pleno dia,Decrescente,Nublado,Múltipla,Curva,-27.565,-48.6146,DEL01-SC,Risco Médio,Alta
quarta-feira,BR-267,77.6,Pleno dia,Decrescente,Chuva,Simples,Reta,-21.7608,-43.2216,DEL05-MG,Risco Baixo,Baixa
sexta-feira,BR-101,142.4,Plena Noite,Crescente,Garoa/Chuvisco,Múltipla,Curva,-27.05609,-48.59945,DEL04-SC,Risco Médio,Alta
sábado,BR-364,244.0,Pleno dia,Crescente,Sol,Simples,Reta,-17.76219,-52.1133,DEL05-GO,Risco Médio,Alta
sábado,BR-101,200.6,Plena Noite,Crescente,Céu Claro,Múltipla,Não Informado,-27.54837,-48.61978,DEL01-SC,Risco Médio,Alta
domingo,BR-116,106.7,Plena Noite,Decrescente,Nublado,Simples,Reta,-16.47949,-41.50735,DEL11-MG,Risco Médio,Alta
segunda-feira,BR-116,15.0,Plena Noite,Decrescente,Céu Claro,Simples,Não Informado,-14.896,-40.86,DEL08-BA,Risco Médio,Alta
terça-feira,BR-470,67.6,Pleno dia,Crescente,Céu Claro,Simples,Reta,-26.87495,-49.23632,DEL04-SC,Risco Médio,Baixa
terça-feira,BR-262,144.2,Pleno dia,Decrescente,Céu Claro,Simples,Reta,-20.23748,-41.40582,DEL01-ES,Risco Baixo,Média
sexta-feira,BR-262,32.7,Pleno dia,Decrescente,Céu Claro,Simples,Reta,-20.37886,-40.57773,DEL01-ES,Risco Médio,Média
domingo,BR-459,19.3,Plena Noite,Crescente,Chuva,Simples,Reta,-22.63985,-45.14991,DEL08-SP,Risco Médio,Baixa
domingo,BR-381,879.1,Pleno dia,Crescente,Céu Claro,Dupla,Não Informado,-22.45582,-46.00761,DEL16-MG,Risco Médio,Alta
segunda-feira,BR-316,4.9,Amanhecer,Crescente,Céu Claro,Múltipla,Reta,-1.381756,-48.40006,DEL01-PA,Risco Médio,Baixa
domingo,BR-153,533.0,Pleno dia,Decrescente,Céu Claro,Dupla,Não Informado,-16.9941,-49.2281,DEL01-GO,Risco Médio,Alta
domingo,BR-116,15.6,Plena Noite,Crescente,Garoa/Chuvisco,Dupla,Curva,-25.1007,-48.69493,DEL01-PR,Risco Médio,Alta