dia_semana,br,km,fase_dia,sentido_via,condicao_metereologica,tipo_pista,tracado_via,latitude,longitude,delegacia,classificacao_acidente,postos_policiais_PRF
sexta-feira,BR-40,5.5,Pleno dia,Decrescente,Nublado,Dupla,Reta,-16.09707,-47.97953,DEL01-DF,Risco Médio,Alta
segunda-feira,BR-324,623.0,Pleno dia,Decrescente,Céu Claro,Dupla,Reta,-12.92629,-38.46839,DEL01-BA,Risco Médio,Baixa
terça-feira,BR-101,147.1,Plena Noite,Decrescente,Nublado,Dupla,Reta,-6.27146,-35.20824,DEL01-RN,Risco Médio,Alta
sexta-feira,BR-101,330.0,Pleno dia,Decrescente,Chuva,Múltipla,Reta,-22.86827,-43.19344,DEL02-RJ,Risco Baixo,Alta
segunda-feira,BR-381,4.0,Pleno dia,Crescente,Céu Claro,Dupla,Reta,-22.88262,-46.4078,DEL03-SP,Risco Médio,Alta
segunda-feira,BR-230,131.7,Pleno dia,Crescente,Céu Claro,Dupla,Reta,-7.2746,-35.7269,DEL02-PB,Risco Médio,Baixa
terça-feira,BR-116,419.5,Pleno dia,Crescente,Céu Claro,Dupla,Reta,-12.19453,-38.96534,DEL02-BA,Risco Alto,Alta
sexta-feira,BR-101,317.0,Pleno dia,Decrescente,Céu Claro,Dupla,Curva,-22.8352,-43.0947,DEL02-RJ,Risco Baixo,Alta
segunda-feira,BR-116,261.0,Plena Noite,Crescente,Chuva,Dupla,Curva,-22.54465,-44.17177,DEL07-RJ,Risco Baixo,Alta
sábado,BR-10,267.8,Pleno dia,Decrescente,Céu Claro,Simples,Reta,-2.088508,-47.55984,DEL02-PA,Risco Médio,Baixa
domingo,BR-116,9.0,Plena Noite,Crescente,Nublado,Simples,Reta,-25.08357,-48.64281,DEL01-PR,Risco Médio,Alta
domingo,BR-101,474.0,Amanhecer,Crescente,Céu Claro,Simples,Reta,-22.99479,-44.24899,DEL03-RJ,Risco Médio,Alta
sábado,BR-70,10.0,Plena Noite,Crescente,Céu Claro,Dupla,Reta,-15.78733,-48.14004,DEL01-DF,Risco Médio,Baixa
sábado,BR-381,518.1,Pleno dia,Decrescente,Chuva,Dupla,Curva,-20.10853,-44.31555,DEL01-MG,Risco Médio,Alta
domingo,BR-267,68.2,Anoitecer,Crescente,Chuva,Simples,Reta,-21.7475,-43.1503,DEL05-MG,Risco Baixo,Baixa
sexta-feira,BR-116,274.0,Pleno dia,Decrescente,Garoa/Chuvisco,Dupla,Retorno Regulamentado,-22.5425,-44.1908,DEL07-RJ,Risco Baixo,Alta
sábado,BR-40,7.0,Pleno dia,Crescente,Céu Claro,Dupla,Reta,-22.02837,-43.23112,DEL06-RJ,Risco Baixo,Alta
sábado,BR-116,143.2,Plena Noite,Crescente,Céu Claro,Dupla,Reta,-23.1785,-45.83787,DEL06-SP,Risco Médio,Alta
quinta-feira,BR-277,725.8,Pleno dia,Decrescente,Céu Claro,Dupla,Viaduto,-25.51083,-54.55391,DEL05-PR,Risco Médio,Média
segunda-feira,BR-101,14.0,Plena Noite,Crescente,Céu Claro,Dupla,Reta,-26.09804,-48.86774,DEL03-SC,Risco Médio,Alta
segunda-feira,BR-116,17.0,Anoitecer,Decrescente,Nublado,Dupla,Reta,-25.38908,-49.18699,DEL01-PR,Risco Médio,Alta
domingo,BR-101,34.9,Pleno dia,Decrescente,Céu Claro,Simples,Não Informado,-10.47937,-36.94954,DEL02-SE,Risco Baixo,Alta
sexta-feira,BR-116,174.0,Plena Noite,Crescente,Céu Claro,Dupla,Reta,-22.76554,-43.41481,DEL01-RJ,Risco Médio,Alta
domingo,BR-230,23.5,Pleno dia,Decrescente,Céu Claro,Simples,Não Informado,-6.42705,-47.5582,DEL02-TO,Risco Médio,Baixa
segunda-feira,BR-116,149.0,Pleno dia,Decrescente,Céu Claro,Múltipla,Reta,-29.15997,-51.15645,DEL05-RS,Risco Médio,Alta
segunda-feira,BR-364,12.0,Plena Noite,Decrescente,Chuva,Simples,Reta,-12.7437,-60.12148,DEL04-RO,Risco Médio,Alta
domingo,BR-80,179.0,Plena Noite,Decrescente,Céu Claro,Simples,Curva,-14.5258,-49.1573,DEL07-GO,Risco Alto,Baixa
quinta-feira,BR-60,174.8,Pleno dia,Decrescente,Chuva,Dupla,Reta,-16.7474,-49.4238,DEL01-GO,Risco Alto,Média
quinta-feira,BR-116,224.0,Plena Noite,Decrescente,Nublado,Simples,Curva,-22.6335,-43.9046,DEL07-RJ,Risco Médio,Alta
terça-feira,BR-116,74.6,Pleno dia,Decrescente,Sol,Dupla,Curva,-22.87354,-45.2532,DEL06-SP,Risco Médio,Alta
quinta-feira,BR-282,21.6,Plena Noite,Decrescente,Nublado,Simples,Reta,-27.68907,-48.71754,DEL01-SC,Risco Médio,Baixa
quarta-feira,BR-163,837.0,Pleno dia,Decrescente,Nublado,Dupla,Interseção de vias,-11.84339,-55.49067,DEL06-MT,Risco Médio,Alta
domingo,BR-226,174.6,Pleno dia,Crescente,Céu Claro,Simples,Reta,-6.258015,-36.50638,DEL03-RN,Risco Médio,Baixa
quinta-feira,BR-277,584.0,Pleno dia,Decrescente,Céu Claro,Simples,Reta,-24.96684,-53.40258,DEL04-PR,Risco Baixo,Média
domingo,BR-386,65.0,Pleno dia,Decrescente,Céu Claro,Simples,Reta,-27.6178,-53.3443,DEL08-RS,Risco Baixo,Média
quinta-feira,BR-101,146.0,Pleno dia,Decrescente,Céu Claro,Simples,Reta,-6.262554,-35.21147,DEL01-RN,Risco Médio,Alta
segunda-feira,BR-163,993.0,Plena Noite,Decrescente,Nublado,Simples,Reta,-2.529841,-54.72259,DEL05-PA,Risco Médio,Alta
quinta-feira,BR-232,72.9,Pleno dia,Crescente,Céu Claro,Dupla,Reta,-8.187142,-35.50103,DEL01-PE,Risco Médio,Baixa
sexta-feira,BR-153,506.4,Pleno dia,Decrescente,Chuva,Dupla,Reta,-16.75706,-49.24071,DEL01-GO,Risco Baixo,Alta
domingo,BR-20,9.4,Amanhecer,Decrescente,Céu Claro,Dupla,Reta,-15.65198,-47.77847,DEL02-DF,Risco Médio,Baixa
segunda-feira,BR-365,489.0,Plena Noite,Crescente,Garoa/Chuvisco,Múltipla,Reta,-18.90067,-47.13307,DEL10-MG,Risco Médio,Média
quarta-feira,BR-251,27.5,Pleno dia,Decrescente,Céu Claro,Simples,Reta,-16.2028,-47.4392,DEL01-DF,Risco Médio,Baixa
quarta-feira,BR-101,203.3,Pleno dia,Crescente,Céu Claro,Dupla,Reta,-27.56686,-48.61414,DEL01-SC,Risco Médio,Alta
segunda-feira,BR-163,831.0,Plena Noite,Crescente,Chuva,Dupla,Reta,-11.75986,-55.46883,DEL06-MT,Risco Médio,Alta
domingo,BR-40,598.0,Pleno dia,Crescente,Céu Claro,Simples,Reta,-20.4227,-43.8717,DEL05-MG,Risco Médio,Alta
terça-feira,BR-365,737.0,Pleno dia,Crescente,Chuva,Simples,Reta,-18.90725,-49.33699,DEL15-MG,Risco Médio,Média
quarta-feira,BR-101,114.5,Pleno dia,Crescente,Sol,Múltipla,Reta,-26.86644,-48.72915,DEL04-SC,Risco Baixo,Alta
quinta-feira,BR-116,228.0,Plena Noite,Crescente,Nublado,Múltipla,Não Informado,-23.50343,-46.56639,DEL01-SP,Risco Baixo,Alta
domingo,BR-232,84.6,Pleno dia,Crescente,Céu Claro,Dupla,Reta,-8.205989,-35.6036,DEL01-PE,Risco Baixo,Baixa
sábado,BR-60,275.4,Pleno dia,Decrescente,Céu Claro,Dupla,Reta,-17.215,-50.1678,DEL04-GO,Risco Baixo,Média
terça-feira,BR-364,266.7,Amanhecer,Crescente,Céu Claro,Simples,Reta,-11.37629,-61.68297,DEL02-RO,Risco Médio,Alta
sexta-feira,BR-381,59.0,Plena Noite,Decrescente,Céu Claro,Múltipla,Curva,-23.28271,-46.58788,DEL03-SP,Risco Médio,Alta
quinta-feira,BR-476,60.0,Plena Noite,Crescente,Nublado,Simples,Reta,-25.0036,-49.0796,DEL01-PR,Risco Médio,Baixa
quinta-feira,BR-101,383.0,Plena Noite,Decrescente,Céu Claro,Dupla,Reta,-28.76443,-49.2938,DEL02-SC,Risco Baixo,Alta
domingo,BR-364,136.0,Plena Noite,Decrescente,Céu Claro,Dupla,Rotatória,-9.977156,-67.84925,DEL01-AC,Risco Baixo,Alta
terça-feira,BR-116,84.0,Plena Noite,Decrescente,Céu Claro,Dupla,Reta,-25.42605,-49.07743,DEL01-PR,Risco Médio,Alta
segunda-feira,BR-369,32.2,Pleno dia,Crescente,Céu Claro,Simples,Reta,-23.03752,-50.19334,DEL07-PR,Risco Baixo,Baixa
domingo,BR-116,124.0,Plena Noite,Decrescente,Céu Claro,Dupla,Reta,-22.64633,-43.07017,DEL02-RJ,Risco Alto,Alta
quinta-feira,BR-116,116.8,Pleno dia,Decrescente,Chuva,Dupla,Reta,-25.55645,-49.30614,DEL01-PR,Risco Médio,Alta
segunda-feira,BR-369,158.0,Pleno dia,Crescente,Céu Claro,Dupla,Não Informado,-23.28361,-51.24092,DEL07-PR,Risco Médio,Baixa
sábado,BR-324,295.0,Pleno dia,Crescente,Céu Claro,Dupla,Reta,-11.19322,-40.5011,DEL04-BA,Risco Médio,Baixa
sexta-feira,BR-101,119.0,Anoitecer,Crescente,Nublado,Múltipla,Não Informado,-26.90432,-48.71555,DEL04-SC,Risco Médio,Alta
segunda-feira,BR-392,200.6,Plena Noite,Crescente,Garoa/Chuvisco,Simples,Curva,-30.86751,-53.14001,DEL09-RS,Risco Médio,Média
sábado,BR-369,161.2,Plena Noite,Crescente,Chuva,Dupla,Não Informado,-23.28842,-51.26165,DEL07-PR,Risco Médio,Baixa
sábado,BR-222,243.0,Anoitecer,Crescente,Céu Claro,Simples,Reta,-5.339671,-49.08239,DEL03-PA,Risco Baixo,Baixa
domingo,BR-280,113.3,Pleno dia,Decrescente,Nublado,Simples,Curva,-26.29874,-49.398,DEL06-SC,Risco Médio,Baixa
sexta-feira,BR-280,23.0,Pleno dia,Decrescente,Céu Claro,Simples,Rotatória,-26.37146,-48.71189,DEL03-SC,Risco Médio,Baixa
domingo,BR-116,143.0,Pleno dia,Crescente,Céu Claro,Dupla,Interseção de vias,-29.1199,-51.12284,DEL05-RS,Risco Baixo,Alta
domingo,BR-101,119.0,Pleno dia,Decrescente,Céu Claro,Simples,Reta,-19.13567,-40.07109,DEL04-ES,Risco Médio,Alta
domingo,BR-376,189.9,Plena Noite,Crescente,Céu Claro,Dupla,Reta,-23.47092,-51.82146,DEL09-PR,Risco Médio,Baixa
sábado,BR-364,81.0,Amanhecer,Decrescente,Nublado,Simples,Reta,-12.4281,-60.5831,DEL04-RO,Risco Baixo,Alta
segunda-feira,BR-364,20.0,Pleno dia,Decrescente,Céu Claro,Simples,Reta,-17.21337,-53.34831,DEL02-MT,Risco Baixo,Alta
quinta-feira,BR-316,8.0,Pleno dia,Decrescente,Céu Claro,Dupla,Reta,-1.368011,-48.37212,DEL01-PA,Risco Médio,Baixa
terça-feira,BR-230,66.0,Pleno dia,Crescente,Chuva,Dupla,Não Informado,-7.184687,-35.19706,DEL01-PB,Risco Médio,Baixa
quinta-feira,BR-101,111.0,Pleno dia,Decrescente,Nublado,Dupla,Curva,-26.8394,-48.7141,DEL04-SC,Risco Médio,Alta
terça-feira,BR-116,444.0,Plena Noite,Decrescente,Céu Claro,Dupla,Retorno Regulamentado,-24.49129,-47.83615,DEL05-SP,Risco Baixo,Alta
quarta-feira,BR-153,458.0,Pleno dia,Crescente,Céu Claro,Simples,Viaduto,-26.2818,-51.1875,DEL02-PR,Risco Médio,Alta
quinta-feira,BR-116,413.0,Pleno dia,Crescente,Sol,Simples,Reta,-12.14247,-38.96658,DEL02-BA,Risco Médio,Alta
sexta-feira,BR-116,45.0,Pleno dia,Decrescente,Céu Claro,Dupla,Reta,-22.70845,-45.04562,DEL08-SP,Risco Médio,Alta
domingo,BR-101,83.3,Pleno dia,Crescente,Céu Claro,Dupla,Rotatória,-5.770696,-35.2681,DEL02-RN,Risco Baixo,Alta
terça-feira,BR-60,2.0,Plena Noite,Decrescente,Céu Claro,Dupla,Reta,-15.88738,-48.07799,DEL01-DF,Risco Médio,Média
terça-feira,BR-116,897.0,Amanhecer,Decrescente,Céu Claro,Simples,Reta,-15.4103,-41.2119,DEL08-BA,Risco Médio,Alta
segunda-feira,BR-101,479.0,Pleno dia,Crescente,Chuva,Simples,Curva,-14.64471,-39.33655,DEL05-BA,Risco Médio,Alta
terça-feira,BR-101,186.0,Plena Noite,Crescente,Nublado,Dupla,Curva,-27.43435,-48.62592,DEL01-SC,Risco Médio,Alta
quinta-feira,BR-116,274.8,Pleno dia,Decrescente,Nublado,Dupla,Reta,-23.6185,-46.80689,DEL04-SP,Risco Médio,Alta
segunda-feira,BR-101,135.9,Pleno dia,Crescente,Céu Claro,Dupla,Não Informado,-8.41464,-35.30457,DEL01-PE,Risco Médio,Alta
sexta-feira,BR-381,86.9,Pleno dia,Crescente,Céu Claro,Múltipla,Reta,-23.49348,-46.56006,DEL03-SP,Risco Baixo,Alta
segunda-feira,BR-101,297.0,Amanhecer,Decrescente,Céu Claro,Simples,Reta,-20.34814,-40.41089,DEL01-ES,Risco Médio,Alta
sexta-feira,BR-163,680.3,Pleno dia,Crescente,Céu Claro,Simples,Reta,-18.91669,-54.83839,DEL06-MS,Risco Médio,Alta
segunda-feira,BR-110,0.0,Plena Noite,Crescente,Céu Claro,Simples,Ponte,-9.4214,-38.1983,DEL07-BA,Risco Médio,Baixa
sexta-feira,BR-116,140.4,Plena Noite,Decrescente,Chuva,Simples,Curva,-26.96626,-50.40928,DEL06-SC,Risco Médio,Alta
terça-feira,BR-381,509.0,Pleno dia,Crescente,Céu Claro,Dupla,Reta,-20.04681,-44.27474,DEL01-MG,Risco Baixo,Alta
domingo,BR-222,161.9,Plena Noite,Crescente,Céu Claro,Simples,Reta,-3.737942,-39.88547,DEL04-CE,Risco Alto,Baixa
quarta-feira,BR-393,165.0,Plena Noite,Decrescente,Céu Claro,Simples,Curva,-22.12099,-43.15726,DEL06-RJ,Risco Médio,Média
sexta-feira,BR-116,11.0,Plena Noite,Crescente,Céu Claro,Simples,Reta,-3.850358,-38.49573,DEL01-CE,Risco Médio,Alta
quarta-feira,BR-262,590.2,Pleno dia,Crescente,Chuva,Simples,Não Informado,-19.66659,-46.15314,DEL08-MG,Risco Alto,Média
sábado,BR-101,4.1,Pleno dia,Decrescente,Céu Claro,Simples,Não Informado,-10.23232,-36.84818,DEL02-SE,Risco Alto,Alta
sábado,BR-376,187.0,Pleno dia,Crescente,Sol,Dupla,Reta,-23.4584,-51.8419,DEL07-PR,Risco Médio,Baixa
domingo,BR-116,245.9,Plena Noite,Decrescente,Céu Claro,Dupla,Reta,-29.7521,-51.15147,DEL01-RS,Risco Médio,Alta
sexta-feira,BR-290,87.0,Anoitecer,Decrescente,Céu Claro,Dupla,Reta,-29.96784,-51.1272,DEL01-RS,Risco Médio,Baixa
segunda-feira,BR-381,75.0,Pleno dia,Decrescente,Chuva,Dupla,Curva,-23.38009,-46.56333,DEL03-SP,Risco Baixo,Alta
segunda-feira,BR-101,104.2,Pleno dia,Crescente,Céu Claro,Dupla,Viaduto,-5.894319,-35.25766,DEL01-RN,Risco Médio,Alta
sábado,BR-10,253.7,Plena Noite,Crescente,Céu Claro,Simples,Interseção de vias,-5.526911,-47.47145,DEL04-MA,Risco Baixo,Baixa
segunda-feira,BR-60,45.8,Plena Noite,Decrescente,Céu Claro,Dupla,Não Informado,-16.1324,-48.5977,DEL02-GO,Risco Médio,Média
sábado,BR-101,414.0,Anoitecer,Decrescente,Céu Claro,Simples,Rotatória,-28.9536,-49.50985,DEL02-SC,Risco Baixo,Alta
domingo,BR-116,169.0,Pleno dia,Crescente,Céu Claro,Múltipla,Reta,-22.81621,-43.32446,DEL01-RJ,Risco Baixo,Alta
sábado,BR-421,10.0,Pleno dia,Crescente,Céu Claro,Simples,Reta,-9.970236,-63.12508,DEL03-RO,Risco Médio,Baixa
sábado,BR-282,217.0,Plena Noite,Crescente,Céu Claro,Simples,Interseção de vias,-27.79781,-50.3025,DEL05-SC,Risco Baixo,Baixa
domingo,BR-40,57.9,Pleno dia,Decrescente,Céu Claro,Dupla,Reta,-16.50267,-47.81029,DEL01-DF,Risco Baixo,Alta
sábado,BR-20,18.0,Pleno dia,Decrescente,Céu Claro,Dupla,Reta,-15.6169,-47.70893,DEL02-DF,Risco Alto,Baixa
sexta-feira,BR-277,589.1,Pleno dia,Crescente,Chuva,Simples,Reta,-24.9563,-53.45573,DEL04-PR,Risco Médio,Média
terça-feira,BR-317,290.0,Pleno dia,Crescente,Céu Claro,Simples,Reta,-11.0309,-68.73259,DEL01-AC,Risco Baixo,Baixa
sexta-feira,BR-153,80.0,Pleno dia,Crescente,Céu Claro,Simples,Reta,-19.0671,-49.0056,DEL15-MG,Risco Médio,Alta
sábado,BR-20,46.0,Anoitecer,Crescente,Céu Claro,Dupla,Reta,-15.58058,-47.45849,DEL02-DF,Risco Baixo,Baixa
sábado,BR-116,122.5,Pleno dia,Crescente,Céu Claro,Dupla,Reta,-25.60544,-49.31851,DEL01-PR,Risco Médio,Alta
segunda-feira,BR-290,173.9,Plena Noite,Decrescente,Nublado,Simples,Reta,-30.12905,-51.95964,DEL02-RS,Risco Médio,Baixa
sexta-feira,BR-282,673.2,Pleno dia,Crescente,Céu Claro,Simples,Não Informado,-26.61806,-53.66102,DEL07-SC,Risco Baixo,Baixa
segunda-feira,BR-235,113.6,Plena Noite,Crescente,Céu Claro,Simples,Reta,-10.32672,-37.7322,DEL01-SE,Risco Médio,Baixa
sexta-feira,BR-104,34.0,Plena Noite,Crescente,Céu Claro,Simples,Reta,-9.15396,-36.01318,DEL01-AL,Risco Médio,Baixa
sábado,BR-101,162.0,Plena Noite,Crescente,Céu Claro,Simples,Reta,-19.49015,-40.12624,DEL04-ES,Risco Baixo,Alta
quinta-feira,BR-116,199.0,Amanhecer,Crescente,Nublado,Dupla,Não Informado,-23.40185,-46.31154,DEL01-SP,Risco Médio,Alta
segunda-feira,BR-101,113.0,Pleno dia,Decrescente,Céu Claro,Dupla,Reta,-26.85311,-48.7269,DEL04-SC,Risco Médio,Alta
sábado,BR-101,51.0,Pleno dia,Crescente,Céu Claro,Simples,Reta,-23.45628,-45.07112,DEL06-SP,Risco Médio,Alta
terça-feira,BR-153,735.0,Pleno dia,Crescente,Chuva,Simples,Desvio Temporário,-12.25322,-49.15904,DEL01-TO,Risco Médio,Alta
quinta-feira,BR-470,194.2,Pleno dia,Decrescente,Nublado,Simples,Não Informado,-27.30088,-50.0754,DEL04-SC,Risco Médio,Baixa
terça-feira,BR-376,174.4,Pleno dia,Crescente,Chuva,Múltipla,Interseção de vias,-23.4143,-51.94984,DEL09-PR,Risco Médio,Baixa
quinta-feira,BR-116,150.0,Anoitecer,Crescente,Garoa/Chuvisco,Simples,Reta,-25.81557,-49.33089,DEL01-PR,Risco Médio,Alta
sábado,BR-101,143.0,Amanhecer,Decrescente,Nublado,Múltipla,Reta,-19.3667,-40.0653,DEL04-ES,Risco Médio,Alta
segunda-feira,BR-277,8.0,Plena Noite,Crescente,Garoa/Chuvisco,Dupla,Reta,-25.56374,-48.59399,DEL01-PR,Risco Médio,Média
terça-feira,BR-381,907.2,Pleno dia,Decrescente,Céu Claro,Dupla,Curva,-22.679,-46.0995,DEL16-MG,Risco Médio,Alta
quarta-feira,BR-365,262.0,Pleno dia,Decrescente,Céu Claro,Simples,Reta,-17.88006,-45.53451,DEL14-MG,Risco Baixo,Média
sábado,BR-393,110.0,Pleno dia,Decrescente,Chuva,Simples,Curva,-21.99548,-42.91481,DEL06-RJ,Risco Médio,Média
domingo,BR-116,67.2,Pleno dia,Crescente,Céu Claro,Simples,Rotatória,-22.82868,-45.20889,DEL08-SP,Risco Médio,Alta
quinta-feira,BR-60,48.0,Pleno dia,Crescente,Céu Claro,Dupla,Não Informado,-16.1529,-48.6109,DEL02-GO,Risco Médio,Média
sexta-feira,BR-153,22.4,Anoitecer,Crescente,Chuva,Simples,Curva,-23.1731,-49.9724,DEL07-PR,Risco Baixo,Alta
domingo,BR-116,458.2,Plena Noite,Decrescente,Céu Claro,Dupla,Reta,-12.41591,-39.19121,DEL02-BA,Risco Médio,Alta
sexta-feira,BR-232,9.0,Pleno dia,Decrescente,Sol,Dupla,Reta,-8.077644,-34.97864,DEL01-PE,Risco Médio,Baixa
domingo,BR-116,472.0,Plena Noite,Decrescente,Céu Claro,Dupla,Reta,-24.68466,-47.98725,DEL05-SP,Risco Baixo,Alta
quinta-feira,BR-10,46.0,Pleno dia,Crescente,Céu Claro,Simples,Reta,-4.062563,-47.54505,DEL02-PA,Risco Médio,Baixa
domingo,BR-116,46.2,Plena Noite,Decrescente,Céu Claro,Dupla,Reta,-22.71508,-45.05503,DEL08-SP,Risco Alto,Alta
sexta-feira,BR-210,1.1,Pleno dia,Crescente,Céu Claro,Dupla,Reta,0.07816717,-51.06999,DEL01-AP,Risco Médio,Baixa
sexta-feira,BR-277,100.0,Pleno dia,Crescente,Céu Claro,Dupla,Reta,-25.43179,-49.36505,DEL01-PR,Risco Baixo,Média
quinta-feira,BR-324,518.0,Pleno dia,Decrescente,Céu Claro,Dupla,Reta,-12.27711,-38.92925,DEL02-BA,Risco Baixo,Baixa
quarta-feira,BR-116,280.3,Pleno dia,Crescente,Chuva,Dupla,Reta,-22.51129,-44.21928,DEL07-RJ,Risco Médio,Alta
quarta-feira,BR-70,9.0,Pleno dia,Decrescente,Céu Claro,Dupla,Reta,-15.78728,-48.1394,DEL01-DF,Risco Médio,Baixa
sábado,BR-282,557.2,Pleno dia,Crescente,Céu Claro,Simples,Reta,-26.93212,-52.82912,DEL07-SC,Risco Médio,Baixa
domingo,BR-364,237.1,Plena Noite,Decrescente,Nublado,Simples,Reta,-11.44299,-61.44756,DEL02-RO,Risco Médio,Alta
sábado,BR-277,729.0,Anoitecer,Crescente,Nublado,Dupla,Reta,-25.5075,-54.5838,DEL05-PR,Risco Médio,Média
quarta-feira,BR-406,150.0,Pleno dia,Decrescente,Céu Claro,Simples,Reta,-5.64975,-35.43235,DEL02-RN,Risco Médio,Baixa
segunda-feira,BR-40,517.0,Pleno dia,Crescente,Céu Claro,Dupla,Reta,-19.82351,-44.08439,DEL01-MG,Risco Médio,Alta
domingo,BR-116,557.0,Pleno dia,Crescente,Céu Claro,Simples,Curva,-20.01149,-42.16007,DEL06-MG,Risco Médio,Alta
terça-feira,BR-163,486.8,Anoitecer,Crescente,Nublado,Simples,Desvio Temporário,-20.43364,-54.54377,DEL01-MS,Risco Médio,Alta
terça-feira,BR-104,133.0,Pleno dia,Decrescente,Céu Claro,Simples,Reta,-7.316748,-35.89501,DEL02-PB,Risco Médio,Baixa
quarta-feira,BR-226,3.4,Plena Noite,Crescente,Céu Claro,Simples,Não Informado,-5.820857,-35.25187,DEL01-RN,Risco Médio,Baixa
sexta-feira,BR-285,553.4,Plena Noite,Crescente,Céu Claro,Simples,Não Informado,-28.41726,-54.82418,DEL10-RS,Risco Médio,Baixa
quinta-feira,BR-230,157.0,Plena Noite,Crescente,Céu Claro,Simples,Interseção de vias,-7.267926,-35.91542,DEL02-PB,Risco Médio,Baixa
terça-feira,BR-364,269.0,Pleno dia,Crescente,Céu Claro,Dupla,Reta,-15.97423,-54.938,DEL02-MT,Risco Médio,Alta
domingo,BR-386,269.3,Plena Noite,Crescente,Nevoeiro/Neblina,Simples,Reta,-28.96376,-52.37232,DEL04-RS,Risco Médio,Média
domingo,BR-40,128.6,Plena Noite,Crescente,Céu Claro,Simples,Reta,-17.70328,-46.29786,DEL14-MG,Risco Médio,Alta
domingo,BR-277,598.2,Plena Noite,Crescente,Céu Claro,Dupla,Reta,-24.996,-53.5152,DEL04-PR,Risco Médio,Média
segunda-feira,BR-163,834.0,Pleno dia,Crescente,Céu Claro,Simples,Reta,-11.99586,-55.51709,DEL06-MT,Risco Médio,Alta
domingo,BR-324,537.0,Plena Noite,Crescente,Nublado,Dupla,Rotatória,-12.36902,-38.81385,DEL01-BA,Risco Médio,Baixa
terça-feira,BR-153,146.0,Pleno dia,Crescente,Céu Claro,Simples,Reta,-21.3785,-49.7911,DEL07-SP,Risco Médio,Alta
segunda-feira,BR-465,19.5,Pleno dia,Decrescente,Céu Claro,Simples,Reta,-22.83918,-43.61045,DEL01-RJ,Risco Médio,Baixa
terça-feira,BR-153,206.8,Pleno dia,Crescente,Céu Claro,Simples,Curva,-24.52645,-50.44577,DEL03-PR,Risco Médio,Alta
sexta-feira,BR-101,3.2,Plena Noite,Crescente,Céu Claro,Dupla,Reta,-29.32475,-49.77922,DEL03-RS,Risco Médio,Alta
sexta-feira,BR-116,544.0,Pleno dia,Decrescente,Nublado,Dupla,Reta,-24.95781,-48.42123,DEL05-SP,Risco Médio,Alta
quarta-feira,BR-101,144.0,Pleno dia,Crescente,Céu Claro,Dupla,Reta,-27.07327,-48.59673,DEL04-SC,Risco Médio,Alta
quinta-feira,BR-101,158.0,Plena Noite,Decrescente,Nublado,Dupla,Reta,-9.904431,-36.21943,DEL02-AL,Risco Baixo,Alta
sábado,BR-40,118.0,Pleno dia,Decrescente,Sol,Múltipla,Não Informado,-22.75471,-43.28738,DEL01-RJ,Risco Médio,Alta
segunda-feira,BR-116,186.0,Pleno dia,Crescente,Nublado,Dupla,Curva,-23.3571,-46.20764,DEL02-SP,Risco Médio,Alta
domingo,BR-365,26.1,Pleno dia,Crescente,Céu Claro,Simples,Reta,-16.85145,-44.06967,DEL12-MG,Risco Médio,Média
sábado,BR-101,84.7,Plena Noite,Decrescente,Chuva,Dupla,Rotatória,-29.86007,-50.24884,DEL03-RS,Risco Baixo,Alta
sexta-feira,BR-282,584.5,Plena Noite,Decrescente,Céu Claro,Simples,Reta,-26.83084,-53.02422,DEL07-SC,Risco Baixo,Baixa
quinta-feira,BR-116,115.0,Plena Noite,Decrescente,Nublado,Dupla,Reta,-23.0496,-45.59974,DEL06-SP,Risco Médio,Alta
segunda-feira,BR-40,100.0,Pleno dia,Decrescente,Garoa/Chuvisco,Simples,Curva,-22.6016,-43.28063,DEL01-RJ,Risco Médio,Alta
sexta-feira,BR-116,149.3,Pleno dia,Crescente,Chuva,Múltipla,Não Informado,-29.15997,-51.15645,DEL05-RS,Risco Baixo,Alta
domingo,BR-222,203.9,Pleno dia,Crescente,Céu Claro,Simples,Curva,-3.779905,-40.2266,DEL04-CE,Risco Baixo,Baixa
domingo,BR-101,207.0,Pleno dia,Crescente,Céu Claro,Múltipla,Não Informado,-27.60146,-48.62619,DEL01-SC,Risco Baixo,Alta
quinta-feira,BR-10,143.0,Anoitecer,Crescente,Céu Claro,Simples,Reta,-6.47001,-47.39645,DEL04-MA,Risco Alto,Baixa
quinta-feira,BR-50,68.0,Pleno dia,Decrescente,Céu Claro,Simples,Interseção de vias,-18.88202,-48.26382,DEL15-MG,Risco Médio,Média
sexta-feira,BR-116,245.0,Plena Noite,Crescente,Nublado,Múltipla,Rotatória,-29.74981,-51.15125,DEL01-RS,Risco Médio,Alta
sábado,BR-20,226.0,Plena Noite,Crescente,Nublado,Simples,Reta,-12.13684,-45.81548,DEL10-BA,Risco Médio,Baixa
terça-feira,BR-153,308.9,Plena Noite,Crescente,Céu Claro,Simples,Desvio Temporário,-15.34856,-49.5683,DEL02-GO,Risco Médio,Alta
domingo,BR-116,140.7,Plena Noite,Crescente,Céu Claro,Dupla,Reta,-23.1647,-45.8101,DEL06-SP,Risco Médio,Alta
sexta-feira,BR-116,245.7,Pleno dia,Crescente,Céu Claro,Simples,Rotatória,-27.79544,-50.36187,DEL05-SC,Risco Médio,Alta
segunda-feira,BR-101,86.7,Pleno dia,Decrescente,Céu Claro,Dupla,Reta,-26.64052,-48.69163,DEL03-SC,Risco Médio,Alta
sexta-feira,BR-493,50.0,Plena Noite,Decrescente,Chuva,Dupla,Reta,-22.67209,-43.28505,DEL01-RJ,Risco Médio,Baixa