dia_semana,br,km,fase_dia,sentido_via,condicao_metereologica,tipo_pista,tracado_via,latitude,longitude,delegacia,classificacao_acidente,postos_policiais_PRF
segunda-feira,BR-235,352.4,Plena Noite,Crescente,Céu Claro,Dupla,Reta,-9.430953,-40.50336,DEL04-BA,Risco Baixo,Baixa
quinta-feira,BR-101,109.0,Pleno dia,Decrescente,Nublado,Dupla,Desvio Temporário,-5.937378,-35.26483,DEL01-RN,Risco Médio,Alta
quarta-feira,BR-101,338.0,Pleno dia,Decrescente,Nublado,Dupla,Reta,-28.48572,-49.03726,DEL02-SC,Risco Médio,Alta
sábado,BR-101,432.0,Plena Noite,Crescente,Chuva,Simples,Curva,-14.1712,-39.32522,DEL05-BA,Risco Médio,Alta
domingo,BR-392,351.7,Plena Noite,Decrescente,Céu Claro,Simples,Reta,-29.72771,-53.80396,DEL09-RS,Risco Baixo,Média
quarta-feira,BR-343,0.0,Pleno dia,Crescente,Céu Claro,Dupla,Reta,-5.079933,-42.75677,DEL05-PI,Risco Médio,Baixa
sábado,BR-116,141.0,Pleno dia,Crescente,Nublado,Dupla,Rotatória,-25.77752,-49.32456,DEL01-PR,Risco Médio,Alta
domingo,BR-163,535.6,Plena Noite,Crescente,Céu Claro,Múltipla,Reta,-20.04033,-54.41261,DEL01-MS,Risco Baixo,Alta
domingo,BR-50,50.0,Anoitecer,Decrescente,Céu Claro,Dupla,Curva,-18.74429,-48.23132,DEL15-MG,Risco Alto,Média
terça-feira,BR-50,48.0,Pleno dia,Decrescente,Sol,Dupla,Não Informado,-18.73204,-48.21288,DEL15-MG,Risco Baixo,Média
terça-feira,BR-20,37.2,Pleno dia,Decrescente,Céu Claro,Simples,Reta,-15.43749,-47.09821,DEL02-DF,Risco Médio,Baixa
quarta-feira,BR-158,220.9,Plena Noite,Crescente,Céu Claro,Simples,Reta,-17.48084,-51.88861,DEL05-GO,Risco Médio,Baixa
quinta-feira,BR-304,296.9,Plena Noite,Crescente,Céu Claro,Dupla,Reta,-5.864849,-35.34931,DEL01-RN,Risco Médio,Baixa
sexta-feira,BR-427,13.6,Pleno dia,Decrescente,Nublado,Simples,Curva,-6.346073,-36.57845,DEL03-RN,Risco Médio,Baixa
quinta-feira,BR-116,781.4,Plena Noite,Decrescente,Céu Claro,Simples,Curva,-21.6224,-42.69546,DEL07-MG,Risco Médio,Alta
quinta-feira,BR-116,169.0,Pleno dia,Crescente,Sol,Múltipla,Reta,-22.7912,-43.36573,DEL01-RJ,Risco Médio,Alta
segunda-feira,BR-381,549.6,Pleno dia,Decrescente,Chuva,Dupla,Curva,-20.31815,-44.45449,DEL04-MG,Risco Baixo,Alta
domingo,BR-116,54.0,Amanhecer,Crescente,Céu Claro,Simples,Retorno Regulamentado,-22.20622,-42.87952,DEL04-RJ,Risco Médio,Alta
sábado,BR-116,147.9,Pleno dia,Crescente,Nublado,Dupla,Reta,-29.15408,-51.15062,DEL05-RS,Risco Baixo,Alta
quinta-feira,BR-101,115.8,Plena Noite,Decrescente,Céu Claro,Múltipla,Reta,-26.87064,-48.72954,DEL04-SC,Risco Baixo,Alta
quinta-feira,BR-405,3.8,Pleno dia,Decrescente,Céu Claro,Simples,Reta,-5.19456,-37.3861,DEL04-RN,Risco Médio,Baixa
sábado,BR-470,187.0,Pleno dia,Crescente,Céu Claro,Simples,Curva,-29.00814,-51.54854,DEL06-RS,Risco Médio,Baixa
segunda-feira,BR-174,14.0,Pleno dia,Crescente,Nublado,Dupla,Reta,-12.73307,-60.12981,DEL04-RO,Risco Médio,Baixa
quarta-feira,BR-376,176.0,Plena Noite,Decrescente,Céu Claro,Dupla,Interseção de vias,-23.4108,-51.9389,DEL07-PR,Risco Médio,Baixa
terça-feira,BR-364,358.1,Plena Noite,Decrescente,Céu Claro,Dupla,Reta,-15.78965,-55.65966,DEL02-MT,Risco Médio,Alta
terça-feira,BR-277,653.2,Plena Noite,Crescente,Céu Claro,Simples,Não Informado,-25.21335,-53.95144,DEL05-PR,Risco Baixo,Média
quinta-feira,BR-101,204.5,Pleno dia,Decrescente,Céu Claro,Dupla,Desvio Temporário,-27.57413,-48.61363,DEL01-SC,Risco Médio,Alta
terça-feira,BR-116,270.8,Pleno dia,Crescente,Céu Claro,Dupla,Reta,-22.56113,-44.17185,DEL07-RJ,Risco Baixo,Alta
terça-feira,BR-226,97.0,Pleno dia,Decrescente,Céu Claro,Simples,Reta,-6.26452,-35.90016,DEL03-RN,Risco Médio,Baixa
sábado,BR-40,804.4,Plena Noite,Decrescente,Céu Claro,Dupla,Curva,-21.86534,-43.36765,DEL05-MG,Risco Médio,Alta
quarta-feira,BR-376,177.0,Pleno dia,Decrescente,Garoa/Chuvisco,Múltipla,Reta,-23.41596,-51.92226,DEL09-PR,Risco Médio,Baixa
terça-feira,BR-101,148.0,Pleno dia,Decrescente,Céu Claro,Múltipla,Reta,-19.38787,-40.06753,DEL04-ES,Risco Baixo,Alta
segunda-feira,BR-316,406.0,Pleno dia,Crescente,Céu Claro,Simples,Reta,-4.24808,-44.43571,DEL03-MA,Risco Médio,Baixa
sexta-feira,BR-232,90.0,Pleno dia,Crescente,Céu Claro,Dupla,Curva,-8.217291,-35.65572,DEL02-PE,Risco Médio,Baixa
quinta-feira,BR-282,6.0,Pleno dia,Crescente,Céu Claro,Dupla,Curva,-27.58483,-48.61658,DEL01-SC,Risco Médio,Baixa
quarta-feira,BR-101,280.0,Plena Noite,Decrescente,Chuva,Dupla,Reta,-28.2087,-48.6989,DEL02-SC,Risco Baixo,Alta
quarta-feira,BR-304,296.0,Pleno dia,Decrescente,Céu Claro,Simples,Não Informado,-5.864849,-35.34931,DEL01-RN,Risco Baixo,Baixa
sexta-feira,BR-418,87.4,Pleno dia,Crescente,Céu Claro,Simples,Reta,-17.89208,-39.81627,DEL09-BA,Risco Médio,Baixa
sexta-feira,BR-376,668.1,Pleno dia,Crescente,Céu Claro,Múltipla,Não Informado,-25.86571,-48.93551,DEL01-PR,Risco Médio,Baixa
segunda-feira,BR-110,48.0,Pleno dia,Crescente,Céu Claro,Simples,Reta,-5.208812,-37.33285,DEL04-RN,Risco Médio,Baixa
sábado,BR-116,275.9,Amanhecer,Crescente,Céu Claro,Simples,Reta,-17.85026,-41.51507,DEL11-MG,Risco Baixo,Alta
segunda-feira,BR-163,190.5,Pleno dia,Crescente,Céu Claro,Simples,Desvio Temporário,-22.78083,-54.76304,DEL09-MS,Risco Médio,Alta
sexta-feira,BR-116,132.6,Amanhecer,Crescente,Céu Claro,Simples,Viaduto,-22.64988,-43.17972,DEL04-RJ,Risco Médio,Alta
segunda-feira,BR-277,511.6,Pleno dia,Decrescente,Sol,Simples,Desvio Temporário,-25.12171,-52.76594,DEL04-PR,Risco Alto,Média
segunda-feira,BR-316,162.0,Plena Noite,Decrescente,Nublado,Simples,Reta,-1.283997,-47.11355,DEL01-PA,Risco Baixo,Baixa
quarta-feira,BR-153,517.0,Pleno dia,Decrescente,Céu Claro,Simples,Reta,-30.63369,-53.39533,DEL09-RS,Risco Alto,Alta
sexta-feira,BR-262,474.9,Anoitecer,Decrescente,Céu Claro,Simples,Curva,-19.73686,-45.2526,DEL08-MG,Risco Alto,Média
terça-feira,BR-251,19.9,Plena Noite,Crescente,Nublado,Simples,Reta,-15.95484,-47.86471,DEL01-DF,Risco Baixo,Baixa
sexta-feira,BR-158,222.7,Plena Noite,Crescente,Chuva,Simples,Viaduto,-24.0786,-52.36599,DEL04-PR,Risco Alto,Baixa
quarta-feira,BR-230,130.3,Pleno dia,Decrescente,Chuva,Dupla,Reta,-7.2685,-35.7213,DEL02-PB,Risco Médio,Baixa
sábado,BR-364,718.0,Amanhecer,Crescente,Céu Claro,Dupla,Curva,-8.798451,-63.91144,DEL01-RO,Risco Baixo,Alta
sábado,BR-101,115.0,Pleno dia,Crescente,Nublado,Múltipla,Reta,-5.997178,-35.2613,DEL01-RN,Risco Baixo,Alta
quinta-feira,BR-381,368.0,Pleno dia,Decrescente,Céu Claro,Simples,Curva,-19.8493,-43.2542,DEL03-MG,Risco Baixo,Alta
segunda-feira,BR-324,558.0,Plena Noite,Crescente,Céu Claro,Dupla,Reta,-12.48183,-38.66808,DEL01-BA,Risco Médio,Baixa
quinta-feira,BR-101,116.0,Pleno dia,Crescente,Nublado,Dupla,Reta,-26.87906,-48.72604,DEL04-SC,Risco Médio,Alta
quarta-feira,BR-70,0.0,Pleno dia,Decrescente,Céu Claro,Dupla,Reta,-15.79235,-48.05451,DEL01-DF,Risco Médio,Baixa
sexta-feira,BR-110,97.7,Pleno dia,Crescente,Céu Claro,Simples,Reta,-8.372474,-37.29328,DEL03-PE,Risco Baixo,Baixa
sábado,BR-386,129.0,Pleno dia,Crescente,Garoa/Chuvisco,Simples,Reta,-27.95864,-52.91397,DEL08-RS,Risco Médio,Média
sábado,BR-277,147.0,Pleno dia,Crescente,Garoa/Chuvisco,Simples,Não Informado,-25.47113,-49.79966,DEL03-PR,Risco Médio,Média
sábado,BR-364,343.9,Pleno dia,Crescente,Sol,Simples,Desvio Temporário,-10.85305,-61.90527,DEL02-RO,Risco Médio,Alta
segunda-feira,BR-242,601.0,Pleno dia,Crescente,Céu Claro,Simples,Curva,-12.14305,-43.37196,DEL10-BA,Risco Médio,Baixa
segunda-feira,BR-472,158.9,Pleno dia,Crescente,Sol,Simples,Interseção de vias,-28.67297,-55.96601,DEL10-RS,Risco Médio,Baixa
domingo,BR-40,111.9,Pleno dia,Crescente,Chuva,Dupla,Curva,-16.849,-47.5022,DEL01-DF,Risco Médio,Alta
sexta-feira,BR-381,54.0,Plena Noite,Crescente,Céu Claro,Múltipla,Não Informado,-23.24491,-46.59562,DEL03-SP,Risco Médio,Alta
sábado,BR-406,141.9,Pleno dia,Decrescente,Céu Claro,Simples,Reta,-5.650333,-35.51275,DEL02-RN,Risco Médio,Baixa
quarta-feira,BR-470,222.0,Anoitecer,Crescente,Ignorado,Dupla,Não Informado,-29.22025,-51.51649,DEL06-RS,Risco Médio,Baixa
domingo,BR-101,203.0,Plena Noite,Crescente,Nublado,Dupla,Curva,-27.5742,-48.6134,DEL01-SC,Risco Médio,Alta
quarta-feira,BR-70,7.9,Plena Noite,Decrescente,Céu Claro,Simples,Reta,-15.87815,-52.32289,DEL07-MT,Risco Médio,Baixa
sábado,BR-285,124.1,Plena Noite,Crescente,Céu Claro,Simples,Reta,-28.49149,-50.95584,DEL05-RS,Risco Médio,Baixa
terça-feira,BR-101,617.0,Plena Noite,Crescente,Chuva,Simples,Curva,-15.62308,-39.43258,DEL05-BA,Risco Médio,Alta
sexta-feira,BR-376,601.0,Pleno dia,Crescente,Céu Claro,Dupla,Interseção de vias,-25.5436,-49.3078,DEL01-PR,Risco Médio,Baixa
sábado,BR-262,113.2,Pleno dia,Decrescente,Céu Claro,Simples,Reta,-20.2508,-42.60287,DEL03-MG,Risco Médio,Média
quinta-feira,BR-476,132.0,Pleno dia,Crescente,Céu Claro,Múltipla,Reta,-25.48295,-49.21875,DEL01-PR,Risco Médio,Baixa
domingo,BR-174,568.0,Plena Noite,Crescente,Céu Claro,Simples,Reta,-12.98419,-60.00015,DEL04-RO,Risco Médio,Baixa
quarta-feira,BR-290,76.0,Plena Noite,Crescente,Chuva,Múltipla,Reta,-29.95661,-51.01712,DEL01-RS,Risco Médio,Baixa
quinta-feira,BR-381,435.0,Pleno dia,Decrescente,Céu Claro,Simples,Curva,-19.8001,-43.75771,DEL01-MG,Risco Médio,Alta
domingo,BR-116,76.5,Pleno dia,Crescente,Céu Claro,Dupla,Reta,-22.87748,-45.27204,DEL06-SP,Risco Médio,Alta
domingo,BR-116,200.0,Pleno dia,Crescente,Céu Claro,Múltipla,Reta,-22.7272,-43.64353,DEL01-RJ,Risco Médio,Alta
sábado,BR-153,705.5,Pleno dia,Crescente,Céu Claro,Simples,Reta,-11.9958,-49.20151,DEL01-TO,Risco Médio,Alta
sexta-feira,BR-116,3.5,Pleno dia,Crescente,Nublado,Dupla,Não Informado,-3.779188,-38.51436,DEL01-CE,Risco Baixo,Alta
sexta-feira,BR-222,69.0,Pleno dia,Crescente,Sol,Simples,Não Informado,-3.67046,-39.16115,DEL01-CE,Risco Médio,Baixa
domingo,BR-163,706.1,Pleno dia,Decrescente,Céu Claro,Simples,Curva,-18.70089,-54.81783,DEL06-MS,Risco Baixo,Alta
sábado,BR-116,54.5,Plena Noite,Crescente,Céu Claro,Dupla,Reta,-22.75805,-45.1151,DEL08-SP,Risco Baixo,Alta
quinta-feira,BR-470,171.0,Pleno dia,Crescente,Céu Claro,Simples,Reta,-27.26083,-49.90046,DEL04-SC,Risco Médio,Baixa
sexta-feira,BR-116,6.0,Plena Noite,Crescente,Céu Claro,Múltipla,Curva,-3.802624,-38.504,DEL01-CE,Risco Médio,Alta
sexta-feira,BR-222,108.9,Plena Noite,Crescente,Céu Claro,Simples,Curva,-4.784832,-48.09514,DEL02-PA,Risco Alto,Baixa
sexta-feira,BR-392,203.2,Pleno dia,Crescente,Chuva,Simples,Curva,-30.85344,-53.15874,DEL09-RS,Risco Médio,Média
domingo,BR-101,215.6,Anoitecer,Crescente,Chuva,Múltipla,Não Informado,-27.65649,-48.6788,DEL01-SC,Risco Médio,Alta
sábado,BR-158,329.0,Plena Noite,Crescente,Céu Claro,Simples,Não Informado,-29.70106,-53.8392,DEL09-RS,Risco Médio,Baixa
domingo,BR-282,68.0,Pleno dia,Decrescente,Chuva,Simples,Curva,-27.69241,-49.07594,DEL01-SC,Risco Médio,Baixa
quarta-feira,BR-487,145.8,Pleno dia,Crescente,Nublado,Simples,Não Informado,-23.87102,-52.87655,DEL04-PR,Risco Baixo,Baixa
sábado,BR-452,146.5,Plena Noite,Crescente,Céu Claro,Simples,Reta,-18.28543,-49.6128,DEL03-GO,Risco Baixo,Baixa
quarta-feira,BR-101,537.0,Pleno dia,Crescente,Céu Claro,Simples,Reta,-23.04206,-44.57003,DEL03-RJ,Risco Médio,Alta
terça-feira,BR-470,40.0,Pleno dia,Crescente,Céu Claro,Simples,Reta,-26.88957,-48.99094,DEL04-SC,Risco Médio,Baixa
sábado,BR-343,12.0,Plena Noite,Decrescente,Céu Claro,Simples,Reta,-2.910035,-41.75366,DEL05-PI,Risco Médio,Baixa
sexta-feira,BR-116,19.2,Pleno dia,Crescente,Céu Claro,Dupla,Reta,-3.913844,-38.50667,DEL01-CE,Risco Médio,Alta
sexta-feira,BR-230,65.0,Plena Noite,Crescente,Céu Claro,Dupla,Reta,-7.1911,-35.1832,DEL01-PB,Risco Alto,Baixa
quinta-feira,BR-104,78.7,Amanhecer,Decrescente,Nublado,Dupla,Curva,-9.403201,-35.83869,DEL01-AL,Risco Baixo,Baixa
sábado,BR-407,143.6,Plena Noite,Crescente,Nublado,Simples,Reta,-10.60604,-40.13253,DEL04-BA,Risco Baixo,Baixa
sexta-feira,BR-251,505.2,Pleno dia,Decrescente,Céu Claro,Simples,Não Informado,-16.61553,-43.66542,DEL12-MG,Risco Médio,Baixa
domingo,BR-381,482.5,Pleno dia,Crescente,Nublado,Dupla,Curva,-19.95915,-44.07372,DEL01-MG,Risco Médio,Alta
sábado,BR-20,359.7,Plena Noite,Crescente,Céu Claro,Simples,Reta,-4.026968,-38.98797,DEL02-CE,Risco Médio,Baixa
segunda-feira,BR-230,19.9,Anoitecer,Crescente,Céu Claro,Dupla,Curva,-7.135014,-34.85466,DEL01-PB,Risco Baixo,Baixa
domingo,BR-116,587.4,Anoitecer,Decrescente,Céu Claro,Simples,Rotatória,-20.24174,-42.15868,DEL06-MG,Risco Médio,Alta
quarta-feira,BR-116,153.2,Amanhecer,Decrescente,Céu Claro,Dupla,Desvio Temporário,-29.18739,-51.17959,DEL05-RS,Risco Médio,Alta
quarta-feira,BR-40,577.5,Pleno dia,Decrescente,Céu Claro,Simples,Curva,-20.2752,-43.9488,DEL01-MG,Risco Médio,Alta
domingo,BR-116,299.8,Pleno dia,Decrescente,Céu Claro,Dupla,Viaduto,-30.11852,-51.34701,DEL02-RS,Risco Médio,Alta
quarta-feira,BR-101,269.5,Pleno dia,Crescente,Céu Claro,Dupla,Reta,-20.2174,-40.26991,DEL02-ES,Risco Baixo,Alta
sábado,BR-381,455.0,Pleno dia,Crescente,Sol,Simples,Não Informado,-19.85777,-43.90468,DEL01-MG,Risco Médio,Alta
quinta-feira,BR-316,170.0,Plena Noite,Crescente,Garoa/Chuvisco,Simples,Reta,-1.338,-47.06576,DEL01-PA,Risco Médio,Baixa
sábado,BR-290,372.9,Pleno dia,Decrescente,Chuva,Simples,Reta,-30.33892,-53.87802,DEL09-RS,Risco Médio,Baixa
sábado,BR-116,200.0,Plena Noite,Decrescente,Chuva,Simples,Curva,-29.4889,-51.13829,DEL05-RS,Risco Baixo,Alta
quarta-feira,BR-163,122.0,Pleno dia,Crescente,Chuva,Simples,Curva,-26.3046,-53.55088,DEL07-SC,Risco Baixo,Alta
sábado,BR-40,742.9,Pleno dia,Decrescente,Chuva,Simples,Não Informado,-21.43751,-43.55409,DEL05-MG,Risco Médio,Alta
domingo,BR-101,113.7,Plena Noite,Crescente,Nublado,Múltipla,Reta,-26.86078,-48.72824,DEL04-SC,Risco Alto,Alta
domingo,BR-50,6.3,Pleno dia,Decrescente,Céu Claro,Dupla,Curva,-18.93171,-48.23613,DEL15-MG,Risco Baixo,Média
terça-feira,BR-116,116.8,Plena Noite,Crescente,Céu Claro,Dupla,Reta,-23.05742,-45.61606,DEL06-SP,Risco Médio,Alta
terça-feira,BR-40,21.0,Plena Noite,Crescente,Nublado,Dupla,Reta,-22.11437,-43.15877,DEL06-RJ,Risco Alto,Alta
sábado,BR-101,154.0,Pleno dia,Crescente,Céu Claro,Dupla,Reta,-27.15382,-48.61086,DEL04-SC,Risco Médio,Alta
segunda-feira,BR-101,161.0,Pleno dia,Decrescente,Céu Claro,Múltipla,Reta,-27.21674,-48.62442,DEL04-SC,Risco Médio,Alta
quarta-feira,BR-230,87.9,Plena Noite,Decrescente,Nublado,Dupla,Reta,-7.1673,-35.3656,DEL01-PB,Risco Alto,Baixa
quarta-feira,BR-163,86.6,Plena Noite,Decrescente,Garoa/Chuvisco,Simples,Reta,-25.71619,-53.77785,DEL02-PR,Risco Médio,Alta
quinta-feira,BR-476,193.0,Pleno dia,Crescente,Nublado,Simples,Não Informado,-25.7302,-49.7074,DEL01-PR,Risco Médio,Baixa
sexta-feira,BR-116,180.0,Pleno dia,Crescente,Céu Claro,Múltipla,Reta,-22.76516,-43.41547,DEL01-RJ,Risco Médio,Alta
terça-feira,BR-376,624.0,Pleno dia,Crescente,Garoa/Chuvisco,Dupla,Reta,-25.64337,-49.15943,DEL01-PR,Risco Médio,Baixa
domingo,BR-361,22.3,Pleno dia,Crescente,Céu Claro,Simples,Reta,-7.083624,-37.4337,DEL03-PB,Risco Médio,Baixa
sábado,BR-376,229.8,Pleno dia,Crescente,Sol,Dupla,Reta,-23.56299,-51.53721,DEL07-PR,Risco Médio,Baixa
sexta-feira,BR-277,5.0,Pleno dia,Crescente,Céu Claro,Dupla,Não Informado,-25.55615,-48.56431,DEL01-PR,Risco Médio,Média
domingo,BR-376,159.8,Plena Noite,Crescente,Céu Claro,Dupla,Não Informado,-23.36498,-52.07632,DEL07-PR,Risco Médio,Baixa
sábado,BR-60,19.9,Pleno dia,Crescente,Céu Claro,Dupla,Reta,-16.0963,-48.5202,DEL01-DF,Risco Médio,Média
sexta-feira,BR-230,48.3,Plena Noite,Crescente,Nublado,Dupla,Reta,-7.141774,-35.0212,DEL01-PB,Risco Baixo,Baixa
terça-feira,BR-155,271.0,Amanhecer,Crescente,Chuva,Simples,Reta,-5.973413,-49.22815,DEL03-PA,Risco Médio,Baixa
quinta-feira,BR-381,54.0,Pleno dia,Crescente,Chuva,Dupla,Curva,-23.24491,-46.59562,DEL03-SP,Risco Baixo,Alta
quarta-feira,BR-101,321.0,Pleno dia,Crescente,Céu Claro,Múltipla,Reta,-22.86981,-43.11046,DEL02-RJ,Risco Médio,Alta
quinta-feira,BR-343,343.8,Pleno dia,Decrescente,Céu Claro,Simples,Reta,-5.092782,-42.7619,DEL01-PI,Risco Baixo,Baixa
sexta-feira,BR-376,302.5,Pleno dia,Decrescente,Chuva,Dupla,Curva,-23.9338,-51.1593,DEL07-PR,Risco Baixo,Baixa
domingo,BR-285,50.5,Pleno dia,Crescente,Céu Claro,Simples,Não Informado,-28.66272,-50.33303,DEL05-RS,Risco Médio,Baixa
quinta-feira,BR-381,425.0,Pleno dia,Crescente,Céu Claro,Simples,Não Informado,-19.78609,-43.66898,DEL01-MG,Risco Médio,Alta
quinta-feira,BR-277,40.0,Pleno dia,Crescente,Garoa/Chuvisco,Dupla,Curva,-25.57156,-48.83809,DEL01-PR,Risco Médio,Média
quinta-feira,BR-101,102.0,Pleno dia,Decrescente,Chuva,Simples,Retorno Regulamentado,-5.888582,-35.24019,DEL01-RN,Risco Médio,Alta
sexta-feira,BR-101,217.0,Pleno dia,Crescente,Chuva,Simples,Reta,-22.50769,-42.29165,DEL02-RJ,Risco Alto,Alta
domingo,BR-364,504.0,Plena Noite,Crescente,Céu Claro,Simples,Reta,-10.00241,-63.00926,DEL03-RO,Risco Médio,Alta
segunda-feira,BR-116,218.0,Pleno dia,Crescente,Céu Claro,Múltipla,Reta,-23.45703,-46.47848,DEL01-SP,Risco Médio,Alta
segunda-feira,BR-242,246.1,Pleno dia,Crescente,Chuva,Simples,Curva,-12.51101,-40.44236,DEL06-BA,Risco Médio,Baixa
quinta-feira,BR-101,383.0,Pleno dia,Decrescente,Céu Claro,Simples,Reta,-22.87655,-43.61463,DEL01-RJ,Risco Médio,Alta
quarta-feira,BR-101,386.0,Plena Noite,Crescente,Chuva,Simples,Não Informado,-28.78571,-49.33891,DEL02-SC,Risco Baixo,Alta
terça-feira,BR-381,866.0,Plena Noite,Decrescente,Céu Claro,Simples,Desvio Temporário,-22.40289,-45.96207,DEL16-MG,Risco Médio,Alta
sábado,BR-158,333.0,Pleno dia,Decrescente,Sol,Simples,Reta,-29.70847,-53.86426,DEL09-RS,Risco Médio,Baixa
sábado,BR-70,776.0,Pleno dia,Crescente,Nublado,Simples,Reta,-16.0707,-57.85397,DEL03-MT,Risco Médio,Baixa
segunda-feira,BR-116,283.0,Anoitecer,Crescente,Céu Claro,Dupla,Reta,-23.66984,-46.85587,DEL04-SP,Risco Médio,Alta
segunda-feira,BR-70,521.0,Pleno dia,Decrescente,Céu Claro,Simples,Reta,-15.66792,-56.18274,DEL01-MT,Risco Médio,Baixa
sexta-feira,BR-116,64.7,Plena Noite,Decrescente,Chuva,Dupla,Curva,-22.81942,-45.18421,DEL08-SP,Risco Alto,Alta
sábado,BR-262,123.5,Plena Noite,Crescente,Nublado,Simples,Reta,-20.2047,-42.67691,DEL03-MG,Risco Médio,Média
sábado,BR-101,255.5,Anoitecer,Decrescente,Céu Claro,Simples,Interseção de vias,-20.11488,-40.31944,DEL02-ES,Risco Baixo,Alta
segunda-feira,BR-153,144.1,Amanhecer,Crescente,Céu Claro,Simples,Curva,-24.2463,-50.2432,DEL07-PR,Risco Baixo,Alta
sexta-feira,BR-116,173.0,Amanhecer,Decrescente,Céu Claro,Múltipla,Reta,-22.7981,-43.35727,DEL01-RJ,Risco Médio,Alta
sábado,BR-101,61.4,Pleno dia,Decrescente,Sol,Dupla,Reta,-26.45474,-48.77699,DEL03-SC,Risco Médio,Alta
quinta-feira,BR-381,625.0,Plena Noite,Decrescente,Céu Claro,Dupla,Não Informado,-20.82314,-44.80114,DEL04-MG,Risco Médio,Alta
sábado,BR-101,80.0,Pleno dia,Crescente,Nublado,Dupla,Reta,-5.763532,-35.28661,DEL02-RN,Risco Médio,Alta
quarta-feira,BR-364,342.5,Pleno dia,Decrescente,Céu Claro,Dupla,Reta,-10.86871,-61.93457,DEL02-RO,Risco Médio,Alta
sexta-feira,BR-470,163.0,Anoitecer,Crescente,Céu Claro,Simples,Não Informado,-28.82879,-51.5788,DEL06-RS,Risco Médio,Baixa
terça-feira,BR-101,42.3,Pleno dia,Decrescente,Chuva,Dupla,Reta,-26.29252,-48.88474,DEL03-SC,Risco Médio,Alta
sábado,BR-116,737.9,Plena Noite,Crescente,Nublado,Simples,Reta,-14.3749,-40.3472,DEL08-BA,Risco Médio,Alta
terça-feira,BR-40,50.2,Pleno dia,Decrescente,Céu Claro,Simples,Curva,-17.23974,-46.79857,DEL14-MG,Risco Baixo,Alta
sábado,BR-40,517.0,Plena Noite,Decrescente,Céu Claro,Dupla,Reta,-19.8242,-44.08422,DEL01-MG,Risco Médio,Alta
domingo,BR-116,347.0,Pleno dia,Decrescente,Garoa/Chuvisco,Dupla,Curva,-24.0472,-47.1977,DEL04-SP,Risco Baixo,Alta
sábado,BR-365,429.0,Amanhecer,Decrescente,Céu Claro,Simples,Reta,-18.75713,-46.65767,DEL10-MG,Risco Baixo,Média
domingo,BR-373,191.1,Plena Noite,Crescente,Céu Claro,Simples,Curva,-25.05613,-50.34579,DEL03-PR,Risco Baixo,Baixa
domingo,BR-116,208.7,Plena Noite,Crescente,Céu Claro,Múltipla,Reta,-23.42222,-46.39328,DEL01-SP,Risco Médio,Alta
segunda-feira,BR-242,3.0,Pleno dia,Crescente,Sol,Simples,Rotatória,-12.11848,-44.95252,DEL10-BA,Risco Médio,Baixa
sábado,BR-163,474.9,Plena Noite,Crescente,Céu Claro,Simples,Curva,-20.52647,-54.56816,DEL01-MS,Risco Médio,Alta
sexta-feira,BR-116,10.0,Plena Noite,Crescente,Nublado,Dupla,Curva,-25.3719,-49.134,DEL01-PR,Risco Médio,Alta
quinta-feira,BR-470,201.0,Pleno dia,Decrescente,Céu Claro,Simples,Interseção de vias,-27.28326,-50.58488,DEL05-SC,Risco Médio,Baixa
sábado,BR-116,142.5,Plena Noite,Decrescente,Nublado,Dupla,Reta,-23.17429,-45.82946,DEL06-SP,Risco Médio,Alta
terça-feira,BR-40,666.9,Pleno dia,Decrescente,Céu Claro,Simples,Rotatória,-20.94838,-43.79702,DEL05-MG,Risco Baixo,Alta
segunda-feira,BR-20,4.0,Plena Noite,Crescente,Nublado,Dupla,Reta,-15.67548,-47.82376,DEL02-DF,Risco Médio,Baixa
quarta-feira,BR-101,255.4,Plena Noite,Decrescente,Nublado,Simples,Reta,-20.11732,-40.31463,DEL02-ES,Risco Médio,Alta
sexta-feira,BR-101,105.0,Pleno dia,Crescente,Céu Claro,Simples,Reta,-19.0212,-40.01496,DEL04-ES,Risco Médio,Alta
quinta-feira,BR-101,37.0,Pleno dia,Decrescente,Céu Claro,Dupla,Curva,-7.797267,-34.92749,DEL01-PE,Risco Baixo,Alta
sábado,BR-365,665.0,Plena Noite,Decrescente,Nublado,Dupla,Reta,-18.89197,-48.68891,DEL15-MG,Risco Médio,Média
quinta-feira,BR-116,147.8,Pleno dia,Decrescente,Nublado,Simples,Curva,-25.82531,-49.33574,DEL01-PR,Risco Médio,Alta
domingo,BR-376,617.7,Plena Noite,Decrescente,Nublado,Dupla,Reta,-25.59527,-49.17327,DEL01-PR,Risco Médio,Baixa
quinta-feira,BR-116,182.6,Plena Noite,Decrescente,Nublado,Múltipla,Reta,-22.75374,-43.436,DEL01-RJ,Risco Baixo,Alta
quarta-feira,BR-381,930.4,Plena Noite,Decrescente,Chuva,Dupla,Reta,-22.77908,-46.23984,DEL16-MG,Risco Médio,Alta
quarta-feira,BR-104,70.0,Pleno dia,Crescente,Sol,Dupla,Reta,-8.3264,-35.9852,DEL02-PE,Risco Médio,Baixa
domingo,BR-364,306.0,Plena Noite,Crescente,Nublado,Simples,Reta,-17.51141,-52.53632,DEL05-GO,Risco Médio,Alta
quinta-feira,BR-470,138.0,Pleno dia,Decrescente,Chuva,Simples,Reta,-27.19432,-49.62455,DEL04-SC,Risco Médio,Baixa