dia_semana,br,km,fase_dia,sentido_via,condicao_metereologica,tipo_pista,tracado_via,latitude,longitude,delegacia,classificacao_acidente,postos_policiais_PRF
terça-feira,BR-316,568.2,Pleno dia,Crescente,Chuva,Simples,Reta,-4.914432,-43.21693,DEL03-MA,Risco Médio,Baixa
segunda-feira,BR-381,744.1,Pleno dia,Decrescente,Chuva,Dupla,Reta,-21.63153,-45.2765,DEL16-MG,Risco Médio,Alta
domingo,BR-116,386.6,Pleno dia,Crescente,Céu Claro,Simples,Não Informado,-11.91017,-38.98362,DEL02-BA,Risco Alto,Alta
sexta-feira,BR-364,240.5,Pleno dia,Decrescente,Céu Claro,Simples,Reta,-11.43909,-61.47554,DEL02-RO,Risco Médio,Alta
sábado,BR-101,666.7,Pleno dia,Decrescente,Nublado,Simples,Curva,-15.98591,-39.56951,DEL09-BA,Risco Médio,Alta
segunda-feira,BR-101,51.1,Plena Noite,Decrescente,Céu Claro,Múltipla,Reta,-7.916997,-34.89689,DEL01-PE,Risco Médio,Alta
terça-feira,BR-365,677.7,Anoitecer,Crescente,Chuva,Dupla,Reta,-18.87612,-48.74848,DEL15-MG,Risco Alto,Média
quarta-feira,BR-101,243.0,Pleno dia,Crescente,Garoa/Chuvisco,Múltipla,Reta,-27.8842,-48.6475,DEL01-SC,Risco Médio,Alta
quinta-feira,BR-316,11.8,Plena Noite,Decrescente,Céu Claro,Simples,Reta,-5.203875,-42.75707,DEL01-PI,Risco Médio,Baixa
sábado,BR-373,177.7,Anoitecer,Decrescente,Chuva,Simples,Reta,-25.05306,-50.23171,DEL03-PR,Risco Médio,Baixa
sábado,BR-153,20.2,Plena Noite,Crescente,Céu Claro,Simples,Não Informado,-23.15817,-49.9596,DEL07-PR,Risco Médio,Alta
sábado,BR-364,713.0,Plena Noite,Crescente,Nublado,Múltipla,Curva,-8.771845,-63.88144,DEL01-RO,Risco Médio,Alta
segunda-feira,BR-101,312.0,Plena Noite,Decrescente,Céu Claro,Dupla,Reta,-22.80923,-43.06517,DEL02-RJ,Risco Baixo,Alta
sexta-feira,BR-116,300.0,Pleno dia,Decrescente,Nublado,Dupla,Interseção de vias,-22.45223,-44.35433,DEL07-RJ,Risco Baixo,Alta
quarta-feira,BR-174,495.0,Plena Noite,Decrescente,Céu Claro,Dupla,Reta,2.735398,-60.76544,DEL01-RR,Risco Médio,Baixa
quinta-feira,BR-158,126.1,Plena Noite,Crescente,Nublado,Simples,Reta,-16.6758,-51.69744,DEL04-GO,Risco Alto,Baixa
sábado,BR-262,152.8,Pleno dia,Crescente,Chuva,Simples,Não Informado,-20.21979,-41.45006,DEL01-ES,Risco Médio,Média
domingo,BR-116,204.2,Pleno dia,Decrescente,Sol,Simples,Reta,-27.482,-50.37912,DEL05-SC,Risco Médio,Alta
quinta-feira,BR-116,245.5,Anoitecer,Crescente,Chuva,Simples,Interseção de vias,-29.74981,-51.15125,DEL01-RS,Risco Médio,Alta
quarta-feira,BR-316,154.0,Anoitecer,Decrescente,Céu Claro,Simples,Reta,-9.430554,-36.64101,DEL03-AL,Risco Médio,Baixa
sexta-feira,BR-280,70.5,Pleno dia,Crescente,Nublado,Simples,Reta,-26.4632,-49.13112,DEL03-SC,Risco Médio,Baixa
terça-feira,BR-262,110.5,Pleno dia,Crescente,Céu Claro,Simples,Reta,-20.33643,-41.18082,DEL01-ES,Risco Alto,Média
sábado,BR-282,581.0,Pleno dia,Decrescente,Céu Claro,Simples,Reta,-26.83087,-52.99588,DEL07-SC,Risco Médio,Baixa
terça-feira,BR-101,277.5,Plena Noite,Decrescente,Nublado,Dupla,Reta,-28.15478,-48.69265,DEL02-SC,Risco Médio,Alta
terça-feira,BR-324,609.7,Anoitecer,Decrescente,Céu Claro,Dupla,Reta,-12.83624,-38.41346,DEL01-BA,Risco Médio,Baixa
terça-feira,BR-60,15.0,Pleno dia,Decrescente,Céu Claro,Dupla,Não Informado,-15.94412,-48.17192,DEL01-DF,Risco Médio,Média
sábado,BR-163,834.0,Pleno dia,Decrescente,Céu Claro,Simples,Reta,-11.86602,-55.49662,DEL06-MT,Risco Médio,Alta
sábado,BR-101,248.7,Plena Noite,Crescente,Ignorado,Dupla,Reta,-27.9362,-48.66309,DEL02-SC,Risco Baixo,Alta
quinta-feira,BR-262,395.0,Plena Noite,Crescente,Chuva,Dupla,Reta,-19.91419,-44.49887,DEL01-MG,Risco Médio,Média
sexta-feira,BR-101,262.5,Plena Noite,Decrescente,Céu Claro,Dupla,Reta,-20.15723,-40.27678,DEL02-ES,Risco Médio,Alta
quarta-feira,BR-101,53.0,Plena Noite,Crescente,Céu Claro,Simples,Reta,-21.66048,-41.31129,DEL08-RJ,Risco Médio,Alta
segunda-feira,BR-40,357.8,Amanhecer,Crescente,Garoa/Chuvisco,Simples,Reta,-18.73167,-44.87334,DEL02-MG,Risco Médio,Alta
sábado,BR-101,369.0,Plena Noite,Decrescente,Céu Claro,Dupla,Reta,-28.69776,-49.18293,DEL02-SC,Risco Médio,Alta
quarta-feira,BR-101,276.1,Pleno dia,Crescente,Chuva,Simples,Curva,-13.07658,-39.27382,DEL01-BA,Risco Médio,Alta
segunda-feira,BR-364,226.4,Pleno dia,Decrescente,Céu Claro,Dupla,Não Informado,-16.29974,-54.76034,DEL02-MT,Risco Médio,Alta
quarta-feira,BR-116,210.8,Pleno dia,Crescente,Céu Claro,Simples,Interseção de vias,-26.08611,-49.77986,DEL06-SC,Risco Médio,Alta
terça-feira,BR-70,7.5,Pleno dia,Decrescente,Céu Claro,Dupla,Reta,-15.7876,-48.11443,DEL01-DF,Risco Médio,Baixa
terça-feira,BR-262,94.0,Pleno dia,Decrescente,Céu Claro,Simples,Não Informado,-20.37387,-41.05852,DEL01-ES,Risco Médio,Média
sexta-feira,BR-50,114.1,Pleno dia,Crescente,Céu Claro,Dupla,Reta,-16.87859,-47.67935,DEL01-DF,Risco Médio,Média
quarta-feira,BR-365,170.0,Pleno dia,Decrescente,Céu Claro,Simples,Reta,-17.39883,-45.00106,DEL12-MG,Risco Baixo,Média
terça-feira,BR-376,493.9,Plena Noite,Crescente,Garoa/Chuvisco,Dupla,Curva,-25.16001,-50.12437,DEL03-PR,Risco Médio,Baixa
terça-feira,BR-153,78.0,Pleno dia,Decrescente,Céu Claro,Simples,Não Informado,-19.051,-49.0112,DEL15-MG,Risco Médio,Alta
terça-feira,BR-116,142.0,Plena Noite,Crescente,Céu Claro,Dupla,Reta,-22.66978,-43.27206,DEL04-RJ,Risco Médio,Alta
terça-feira,BR-153,309.9,Pleno dia,Crescente,Céu Claro,Simples,Não Informado,-15.38497,-49.55189,DEL02-GO,Risco Alto,Alta
quarta-feira,BR-262,97.0,Pleno dia,Crescente,Sol,Simples,Reta,-20.3602,-41.0768,DEL01-ES,Risco Médio,Média
sexta-feira,BR-230,673.0,Pleno dia,Crescente,Céu Claro,Simples,Desvio Temporário,-3.289,-52.49,DEL04-PA,Risco Alto,Baixa
sexta-feira,BR-364,446.0,Anoitecer,Decrescente,Céu Claro,Simples,Não Informado,-10.32726,-62.6176,DEL03-RO,Risco Baixo,Alta
domingo,BR-381,363.0,Amanhecer,Crescente,Céu Claro,Simples,Reta,-19.85012,-43.15096,DEL03-MG,Risco Médio,Alta
segunda-feira,BR-242,445.0,Pleno dia,Crescente,Nublado,Simples,Reta,-12.42753,-42.01832,DEL06-BA,Risco Alto,Baixa
quinta-feira,BR-407,445.0,Pleno dia,Crescente,Céu Claro,Simples,Não Informado,-7.228131,-41.26973,DEL04-PI,Risco Baixo,Baixa
sábado,BR-381,496.8,Pleno dia,Crescente,Sol,Dupla,Curva,-19.98972,-44.19145,DEL01-MG,Risco Médio,Alta
domingo,BR-290,61.0,Pleno dia,Crescente,Céu Claro,Múltipla,Reta,-29.92797,-50.8681,DEL03-RS,Risco Médio,Baixa
domingo,BR-369,372.5,Pleno dia,Crescente,Chuva,Simples,Não Informado,-24.1578,-52.4754,DEL09-PR,Risco Alto,Baixa
sábado,BR-376,180.2,Plena Noite,Crescente,Céu Claro,Dupla,Reta,-23.42244,-51.9036,DEL09-PR,Risco Médio,Baixa
segunda-feira,BR-364,16.4,Plena Noite,Decrescente,Nublado,Simples,Reta,-18.7958,-49.0827,DEL13-MG,Risco Médio,Alta
quinta-feira,BR-116,248.5,Plena Noite,Decrescente,Chuva,Múltipla,Interseção de vias,-29.77698,-51.15656,DEL01-RS,Risco Médio,Alta
sábado,BR-110,382.1,Pleno dia,Crescente,Céu Claro,Simples,Reta,-12.41287,-38.47159,DEL01-BA,Risco Médio,Baixa
quarta-feira,BR-262,160.1,Plena Noite,Decrescente,Garoa/Chuvisco,Simples,Não Informado,-19.96283,-42.83492,DEL03-MG,Risco Médio,Média
terça-feira,BR-163,1110.0,Pleno dia,Crescente,Céu Claro,Simples,Curva,-9.600864,-54.89122,DEL06-MT,Risco Médio,Alta
sexta-feira,BR-251,226.7,Plena Noite,Crescente,Garoa/Chuvisco,Simples,Reta,-15.95821,-41.65235,DEL11-MG,Risco Alto,Baixa
sábado,BR-40,755.0,Plena Noite,Decrescente,Céu Claro,Simples,Não Informado,-21.52828,-43.51951,DEL05-MG,Risco Médio,Alta
sábado,BR-290,107.7,Pleno dia,Crescente,Garoa/Chuvisco,Dupla,Curva,-30.00185,-51.30426,DEL02-RS,Risco Médio,Baixa
domingo,BR-153,265.0,Pleno dia,Crescente,Céu Claro,Simples,Reta,-15.03091,-49.43245,DEL07-GO,Risco Médio,Alta
terça-feira,BR-50,71.0,Pleno dia,Decrescente,Céu Claro,Simples,Rotatória,-18.89083,-48.25558,DEL15-MG,Risco Médio,Média
domingo,BR-153,630.0,Anoitecer,Crescente,Céu Claro,Dupla,Reta,-17.7942,-49.2016,DEL03-GO,Risco Médio,Alta
sábado,BR-101,86.0,Pleno dia,Crescente,Céu Claro,Dupla,Ponte,-5.786297,-35.24565,DEL02-RN,Risco Médio,Alta
quinta-feira,BR-282,108.3,Plena Noite,Crescente,Nublado,Simples,Curva,-27.71078,-49.35623,DEL01-SC,Risco Médio,Baixa
domingo,BR-287,275.0,Amanhecer,Crescente,Céu Claro,Simples,Reta,-29.66189,-54.12517,DEL09-RS,Risco Baixo,Baixa
quinta-feira,BR-153,510.6,Pleno dia,Decrescente,Céu Claro,Dupla,Reta,-16.7977,-49.2386,DEL01-GO,Risco Alto,Alta
segunda-feira,BR-222,4.0,Plena Noite,Decrescente,Céu Claro,Múltipla,Reta,-3.741648,-38.6045,DEL01-CE,Risco Baixo,Baixa
segunda-feira,BR-365,539.4,Plena Noite,Decrescente,Céu Claro,Simples,Interseção de vias,-18.93303,-47.58149,DEL10-MG,Risco Médio,Média
sexta-feira,BR-381,499.9,Pleno dia,Decrescente,Sol,Dupla,Reta,-19.99271,-44.20727,DEL01-MG,Risco Médio,Alta
segunda-feira,BR-101,58.0,Pleno dia,Crescente,Sol,Simples,Não Informado,-18.65547,-39.87148,DEL04-ES,Risco Médio,Alta
segunda-feira,BR-386,330.0,Pleno dia,Crescente,Céu Claro,Simples,Não Informado,-29.33565,-52.08704,DEL04-RS,Risco Médio,Média
quarta-feira,BR-116,360.0,Amanhecer,Decrescente,Céu Claro,Dupla,Curva,-24.11294,-47.2692,DEL04-SP,Risco Médio,Alta
sábado,BR-277,83.0,Pleno dia,Crescente,Céu Claro,Dupla,Reta,-25.42895,-49.26714,DEL01-PR,Risco Médio,Média
sexta-feira,BR-116,6.0,Pleno dia,Decrescente,Nublado,Múltipla,Reta,-3.802624,-38.504,DEL01-CE,Risco Médio,Alta
sábado,BR-40,506.4,Plena Noite,Decrescente,Céu Claro,Dupla,Reta,-19.74717,-44.14731,DEL02-MG,Risco Baixo,Alta
sexta-feira,BR-116,521.0,Pleno dia,Crescente,Céu Claro,Simples,Interseção de vias,-31.73249,-52.37499,DEL07-RS,Risco Médio,Alta
domingo,BR-316,18.0,Plena Noite,Decrescente,Garoa/Chuvisco,Dupla,Reta,-1.364856,-48.29644,DEL01-PA,Risco Médio,Baixa
sexta-feira,BR-376,598.9,Pleno dia,Decrescente,Céu Claro,Dupla,Reta,-25.51888,-49.33507,DEL01-PR,Risco Médio,Baixa
sábado,BR-316,7.0,Pleno dia,Decrescente,Sol,Simples,Desvio Temporário,-5.155845,-42.77171,DEL01-PI,Risco Baixo,Baixa
sexta-feira,BR-101,44.8,Plena Noite,Crescente,Nublado,Dupla,Reta,-26.31239,-48.87459,DEL03-SC,Risco Alto,Alta
quarta-feira,BR-101,666.6,Amanhecer,Decrescente,Céu Claro,Simples,Curva,-15.971,-39.562,DEL09-BA,Risco Médio,Alta
sexta-feira,BR-101,348.5,Plena Noite,Crescente,Céu Claro,Simples,Reta,-28.57318,-49.05292,DEL02-SC,Risco Médio,Alta
domingo,BR-277,351.8,Plena Noite,Decrescente,Céu Claro,Simples,Reta,-25.3996,-51.53873,DEL03-PR,Risco Médio,Média
sábado,BR-365,613.8,Pleno dia,Decrescente,Céu Claro,Simples,Reta,-18.8846,-48.26594,DEL15-MG,Risco Médio,Média
quarta-feira,BR-116,244.0,Amanhecer,Crescente,Céu Claro,Simples,Curva,-22.62454,-43.91765,DEL07-RJ,Risco Baixo,Alta
terça-feira,BR-428,141.8,Pleno dia,Decrescente,Céu Claro,Simples,Reta,-9.006626,-40.27388,DEL06-PE,Risco Médio,Baixa
sexta-feira,BR-101,282.0,Pleno dia,Decrescente,Nublado,Dupla,Reta,-22.73714,-42.79665,DEL02-RJ,Risco Baixo,Alta
sábado,BR-267,122.0,Amanhecer,Decrescente,Nublado,Simples,Reta,-21.71024,-43.49328,DEL05-MG,Risco Médio,Baixa
segunda-feira,BR-40,8.6,Pleno dia,Crescente,Chuva,Dupla,Curva,-22.0424,-43.21856,DEL06-RJ,Risco Médio,Alta
domingo,BR-287,303.0,Plena Noite,Decrescente,Chuva,Simples,Reta,-29.6458,-54.39029,DEL09-RS,Risco Alto,Baixa
quinta-feira,BR-101,50.7,Pleno dia,Decrescente,Céu Claro,Múltipla,Reta,-7.909386,-34.90123,DEL01-PE,Risco Baixo,Alta
segunda-feira,BR-101,322.0,Plena Noite,Crescente,Nublado,Dupla,Curva,-22.87892,-43.11068,DEL02-RJ,Risco Alto,Alta
quinta-feira,BR-319,61.0,Plena Noite,Decrescente,Céu Claro,Dupla,Não Informado,-8.744668,-63.88886,DEL01-RO,Risco Médio,Baixa
segunda-feira,BR-116,0.5,Anoitecer,Crescente,Garoa/Chuvisco,Dupla,Curva,-25.0604,-48.56297,DEL01-PR,Risco Médio,Alta
terça-feira,BR-262,444.5,Pleno dia,Decrescente,Céu Claro,Dupla,Reta,-19.86848,-44.98682,DEL08-MG,Risco Baixo,Média
terça-feira,BR-101,18.7,Plena Noite,Crescente,Céu Claro,Simples,Reta,-5.287273,-35.44535,DEL02-RN,Risco Médio,Alta
domingo,BR-304,268.0,Pleno dia,Decrescente,Céu Claro,Simples,Reta,-5.866039,-35.595,DEL01-RN,Risco Médio,Baixa
domingo,BR-381,382.0,Plena Noite,Decrescente,Nevoeiro/Neblina,Simples,Rotatória,-19.82039,-43.39028,DEL01-MG,Risco Médio,Alta
sábado,BR-116,328.0,Pleno dia,Decrescente,Céu Claro,Dupla,Não Informado,-22.5048,-44.59685,DEL07-RJ,Risco Médio,Alta
quinta-feira,BR-343,302.0,Plena Noite,Crescente,Céu Claro,Simples,Curva,-5.017174,-42.42399,DEL01-PI,Risco Alto,Baixa
quinta-feira,BR-20,2.0,Pleno dia,Crescente,Céu Claro,Simples,Desvio Temporário,-15.57387,-47.32749,DEL02-DF,Risco Médio,Baixa
terça-feira,BR-101,99.0,Pleno dia,Decrescente,Sol,Dupla,Curva,-26.7471,-48.69655,DEL03-SC,Risco Médio,Alta
terça-feira,BR-470,165.5,Pleno dia,Crescente,Garoa/Chuvisco,Simples,Não Informado,-28.8482,-51.57012,DEL06-RS,Risco Médio,Baixa
quinta-feira,BR-101,214.0,Pleno dia,Decrescente,Chuva,Simples,Reta,-27.652,-48.676,DEL01-SC,Risco Médio,Alta
segunda-feira,BR-376,587.0,Plena Noite,Crescente,Nublado,Dupla,Viaduto,-25.43001,-49.36605,DEL01-PR,Risco Médio,Baixa
domingo,BR-316,81.0,Plena Noite,Decrescente,Céu Claro,Simples,Reta,-1.30556,-47.77095,DEL01-PA,Risco Médio,Baixa
domingo,BR-116,120.7,Pleno dia,Decrescente,Céu Claro,Simples,Reta,-26.82745,-50.37663,DEL06-SC,Risco Médio,Alta
segunda-feira,BR-376,185.6,Plena Noite,Decrescente,Céu Claro,Dupla,Reta,-23.45147,-51.85362,DEL09-PR,Risco Médio,Baixa
terça-feira,BR-116,365.0,Plena Noite,Crescente,Chuva,Dupla,Reta,-24.1289,-47.27211,DEL04-SP,Risco Médio,Alta
quarta-feira,BR-153,51.3,Pleno dia,Crescente,Céu Claro,Simples,Reta,-20.71802,-49.33874,DEL09-SP,Risco Médio,Alta
quarta-feira,BR-135,7.5,Plena Noite,Decrescente,Céu Claro,Dupla,Rotatória,-2.640155,-44.2711,DEL01-MA,Risco Médio,Baixa
sexta-feira,BR-324,595.0,Amanhecer,Crescente,Nublado,Dupla,Não Informado,-12.71235,-38.45525,DEL01-BA,Risco Médio,Baixa
sexta-feira,BR-116,142.0,Plena Noite,Crescente,Céu Claro,Dupla,Reta,-25.74652,-49.31742,DEL01-PR,Risco Médio,Alta
sexta-feira,BR-282,592.0,Pleno dia,Decrescente,Céu Claro,Simples,Reta,-26.82587,-53.09184,DEL07-SC,Risco Médio,Baixa
quarta-feira,BR-364,131.4,Plena Noite,Crescente,Chuva,Simples,Curva,-10.0129,-67.84156,DEL01-AC,Risco Alto,Alta
domingo,BR-101,307.5,Plena Noite,Decrescente,Garoa/Chuvisco,Dupla,Reta,-22.79116,-43.01514,DEL02-RJ,Risco Médio,Alta
quinta-feira,BR-381,362.0,Pleno dia,Decrescente,Chuva,Simples,Curva,-19.8092,-43.1737,DEL03-MG,Risco Médio,Alta
sábado,BR-381,495.0,Pleno dia,Decrescente,Chuva,Dupla,Reta,-19.97335,-44.18453,DEL01-MG,Risco Médio,Alta
sábado,BR-116,396.4,Pleno dia,Crescente,Céu Claro,Simples,Curva,-18.74773,-41.98373,DEL06-MG,Risco Médio,Alta
domingo,BR-277,660.0,Pleno dia,Decrescente,Nevoeiro/Neblina,Dupla,Não Informado,-25.17919,-53.87587,DEL05-PR,Risco Médio,Média
sábado,BR-316,161.0,Pleno dia,Crescente,Sol,Simples,Reta,-1.277261,-47.11954,DEL01-PA,Risco Médio,Baixa
segunda-feira,BR-470,237.0,Pleno dia,Decrescente,Nublado,Simples,Reta,-29.33383,-51.50052,DEL06-RS,Risco Médio,Baixa
sexta-feira,BR-101,534.0,Amanhecer,Decrescente,Chuva,Simples,Não Informado,-15.15371,-39.40306,DEL05-BA,Risco Médio,Alta
domingo,BR-163,151.5,Pleno dia,Crescente,Garoa/Chuvisco,Simples,Reta,-25.40511,-53.5733,DEL04-PR,Risco Médio,Alta
sábado,BR-70,1.0,Pleno dia,Crescente,Céu Claro,Dupla,Reta,-15.7481,-48.2635,DEL01-DF,Risco Baixo,Baixa
sábado,BR-476,123.0,Plena Noite,Crescente,Chuva,Dupla,Reta,-25.3929,-49.20956,DEL01-PR,Risco Baixo,Baixa
terça-feira,BR-101,70.3,Pleno dia,Crescente,Nublado,Dupla,Reta,-8.071652,-34.94277,DEL01-PE,Risco Médio,Alta
quarta-feira,BR-230,18.8,Pleno dia,Crescente,Sol,Dupla,Reta,-7.1198,-34.8453,DEL01-PB,Risco Baixo,Baixa
terça-feira,BR-381,522.0,Pleno dia,Decrescente,Sol,Dupla,Não Informado,-20.14551,-44.32277,DEL04-MG,Risco Médio,Alta
sábado,BR-235,57.3,Pleno dia,Crescente,Nublado,Simples,Reta,-10.65001,-37.45125,DEL01-SE,Risco Médio,Baixa
sexta-feira,BR-116,206.6,Pleno dia,Crescente,Chuva,Simples,Curva,-29.49967,-51.1306,DEL05-RS,Risco Médio,Alta
domingo,BR-116,764.2,Plena Noite,Crescente,Nublado,Simples,Reta,-21.52172,-42.6403,DEL07-MG,Risco Médio,Alta
sábado,BR-232,410.2,Plena Noite,Crescente,Céu Claro,Simples,Reta,-7.982618,-38.3004,DEL04-PE,Risco Baixo,Baixa
quinta-feira,BR-153,595.0,Pleno dia,Decrescente,Céu Claro,Dupla,Não Informado,-17.5077,-49.2157,DEL03-GO,Risco Médio,Alta
sexta-feira,BR-381,913.0,Pleno dia,Decrescente,Chuva,Dupla,Não Informado,-22.7539,-46.1465,DEL16-MG,Risco Médio,Alta
domingo,BR-20,51.9,Pleno dia,Crescente,Céu Claro,Dupla,Curva,-15.58016,-47.40429,DEL02-DF,Risco Baixo,Baixa
segunda-feira,BR-101,50.0,Pleno dia,Decrescente,Sol,Múltipla,Reta,-7.9071,-34.9022,DEL01-PE,Risco Médio,Alta
segunda-feira,BR-101,108.0,Plena Noite,Crescente,Céu Claro,Dupla,Reta,-5.928251,-35.26466,DEL01-RN,Risco Médio,Alta
domingo,BR-392,284.2,Amanhecer,Decrescente,Céu Claro,Simples,Reta,-30.2727,-53.54258,DEL09-RS,Risco Médio,Média
domingo,BR-290,392.0,Plena Noite,Decrescente,Chuva,Simples,Não Informado,-30.33884,-54.06571,DEL09-RS,Risco Médio,Baixa
segunda-feira,BR-40,443.9,Pleno dia,Crescente,Chuva,Dupla,Curva,-19.289,-44.411,DEL02-MG,Risco Médio,Alta
segunda-feira,BR-277,205.0,Plena Noite,Crescente,Céu Claro,Simples,Reta,-25.46447,-50.24994,DEL08-PR,Risco Médio,Média
terça-feira,BR-101,430.0,Plena Noite,Crescente,Nublado,Simples,Curva,-22.90907,-43.87047,DEL03-RJ,Risco Médio,Alta
quarta-feira,BR-116,227.6,Pleno dia,Crescente,Nublado,Múltipla,Reta,-23.50137,-46.56659,DEL01-SP,Risco Médio,Alta
quinta-feira,BR-163,746.5,Plena Noite,Crescente,Céu Claro,Dupla,Rotatória,-12.59861,-55.74727,DEL06-MT,Risco Médio,Alta
sexta-feira,BR-104,34.5,Pleno dia,Crescente,Nublado,Dupla,Reta,-8.041054,-36.05138,DEL02-PE,Risco Médio,Baixa
quinta-feira,BR-20,18.4,Pleno dia,Decrescente,Céu Claro,Dupla,Não Informado,-15.6169,-47.70893,DEL02-DF,Risco Médio,Baixa
sexta-feira,BR-381,498.0,Plena Noite,Decrescente,Céu Claro,Dupla,Curva,-19.9954,-44.208,DEL01-MG,Risco Médio,Alta
domingo,BR-116,39.3,Plena Noite,Crescente,Chuva,Dupla,Curva,-25.15915,-48.86221,DEL01-PR,Risco Baixo,Alta
segunda-feira,BR-277,673.4,Plena Noite,Crescente,Nublado,Dupla,Viaduto,-25.29487,-54.11534,DEL05-PR,Risco Baixo,Média
sexta-feira,BR-381,925.5,Pleno dia,Decrescente,Chuva,Dupla,Curva,-22.7699,-46.2028,DEL16-MG,Risco Baixo,Alta
domingo,BR-101,333.0,Anoitecer,Crescente,Céu Claro,Simples,Reta,-22.87828,-43.21054,DEL02-RJ,Risco Médio,Alta
domingo,BR-424,92.4,Plena Noite,Crescente,Céu Claro,Simples,Reta,-8.91006,-36.49111,DEL03-PE,Risco Baixo,Baixa
segunda-feira,BR-316,10.4,Pleno dia,Decrescente,Céu Claro,Dupla,Reta,-1.365303,-48.35403,DEL01-PA,Risco Baixo,Baixa
domingo,BR-101,216.9,Pleno dia,Crescente,Chuva,Múltipla,Reta,-27.65981,-48.67748,DEL01-SC,Risco Médio,Alta
sexta-feira,BR-101,90.0,Pleno dia,Decrescente,Céu Claro,Simples,Retorno Regulamentado,-18.9171,-39.9652,DEL04-ES,Risco Médio,Alta
segunda-feira,BR-376,637.0,Plena Noite,Decrescente,Nublado,Dupla,Reta,-25.75614,-49.1261,DEL01-PR,Risco Baixo,Baixa
quinta-feira,BR-101,109.0,Pleno dia,Crescente,Sol,Dupla,Reta,-5.937378,-35.26483,DEL01-RN,Risco Médio,Alta
sábado,BR-376,592.0,Pleno dia,Crescente,Céu Claro,Dupla,Reta,-25.47985,-49.34945,DEL01-PR,Risco Médio,Baixa
quarta-feira,BR-116,275.0,Anoitecer,Crescente,Nublado,Dupla,Reta,-23.61873,-46.80244,DEL04-SP,Risco Baixo,Alta
quinta-feira,BR-116,217.0,Pleno dia,Crescente,Céu Claro,Múltipla,Interseção de vias,-29.5381,-51.07879,DEL05-RS,Risco Médio,Alta
segunda-feira,BR-364,198.0,Pleno dia,Decrescente,Céu Claro,Simples,Ponte,-16.50621,-54.62295,DEL02-MT,Risco Médio,Alta
sábado,BR-101,295.9,Anoitecer,Decrescente,Céu Claro,Múltipla,Não Informado,-20.33224,-40.40005,DEL01-ES,Risco Médio,Alta
domingo,BR-20,177.1,Pleno dia,Crescente,Céu Claro,Simples,Reta,-5.127904,-39.73254,DEL02-CE,Risco Médio,Baixa
quarta-feira,BR-50,174.2,Plena Noite,Decrescente,Céu Claro,Dupla,Viaduto,-19.77082,-47.97343,DEL13-MG,Risco Médio,Média
domingo,BR-376,168.0,Plena Noite,Decrescente,Céu Claro,Dupla,Reta,-23.40979,-51.98745,DEL07-PR,Risco Médio,Baixa
segunda-feira,BR-153,498.6,Plena Noite,Crescente,Chuva,Simples,Curva,-10.18395,-48.88017,DEL02-TO,Risco Médio,Alta
sábado,BR-40,74.0,Pleno dia,Crescente,Garoa/Chuvisco,Simples,Curva,-22.47247,-43.22432,DEL06-RJ,Risco Médio,Alta
segunda-feira,BR-101,946.0,Pleno dia,Crescente,Nublado,Simples,Reta,-18.1684,-39.91874,DEL09-BA,Risco Médio,Alta
quinta-feira,BR-101,146.7,Pleno dia,Crescente,Céu Claro,Múltipla,Interseção de vias,-19.36991,-40.06561,DEL04-ES,Risco Médio,Alta
domingo,BR-135,92.2,Anoitecer,Decrescente,Nublado,Simples,Reta,-3.307605,-44.42451,DEL01-MA,Risco Médio,Baixa
sexta-feira,BR-282,3.6,Pleno dia,Crescente,Céu Claro,Dupla,Reta,-27.59931,-48.60022,DEL01-SC,Risco Médio,Baixa
terça-feira,BR-316,2.4,Pleno dia,Decrescente,Sol,Múltipla,Reta,-5.124775,-42.79848,DEL01-PI,Risco Médio,Baixa
segunda-feira,BR-376,181.0,Pleno dia,Decrescente,Céu Claro,Múltipla,Curva,-23.43197,-51.88672,DEL07-PR,Risco Médio,Baixa
sábado,BR-40,113.0,Plena Noite,Crescente,Chuva,Múltipla,Não Informado,-22.70949,-43.2904,DEL01-RJ,Risco Médio,Alta
quinta-feira,BR-116,819.0,Plena Noite,Crescente,Céu Claro,Simples,Curva,-14.82955,-40.83409,DEL08-BA,Risco Médio,Alta
sexta-feira,BR-277,81.0,Pleno dia,Decrescente,Garoa/Chuvisco,Dupla,Reta,-25.4628,-49.21841,DEL01-PR,Risco Alto,Média
sexta-feira,BR-116,150.0,Plena Noite,Decrescente,Chuva,Múltipla,Reta,-23.21141,-45.89107,DEL02-SP,Risco Baixo,Alta
quinta-feira,BR-232,129.0,Pleno dia,Crescente,Céu Claro,Dupla,Reta,-8.303906,-35.97263,DEL02-PE,Risco Médio,Baixa
quinta-feira,BR-116,249.5,Pleno dia,Decrescente,Chuva,Dupla,Reta,-29.78444,-51.1612,DEL01-RS,Risco Médio,Alta
segunda-feira,BR-470,204.2,Pleno dia,Crescente,Céu Claro,Simples,Não Informado,-27.28937,-50.16633,DEL05-SC,Risco Médio,Baixa
domingo,BR-365,488.7,Pleno dia,Crescente,Sol,Simples,Reta,-18.93717,-47.21714,DEL10-MG,Risco Médio,Média
quinta-feira,BR-40,467.2,Pleno dia,Decrescente,Céu Claro,Dupla,Retorno Regulamentado,-19.45039,-44.31668,DEL02-MG,Risco Médio,Alta