dia_semana,br,km,fase_dia,sentido_via,condicao_metereologica,tipo_pista,tracado_via,latitude,longitude,delegacia,classificacao_acidente,postos_policiais_PRF
sábado,BR-116,609.0,Plena Noite,Decrescente,Céu Claro,Simples,Reta,-13.3118,-40.0209,DEL03-BA,Risco Baixo,Alta
terça-feira,BR-393,184.0,Plena Noite,Decrescente,Céu Claro,Simples,Reta,-22.14275,-43.28401,DEL05-RJ,Risco Médio,Média
terça-feira,BR-101,215.5,Pleno dia,Decrescente,Sol,Dupla,Interseção de vias,-27.65185,-48.67605,DEL01-SC,Risco Baixo,Alta
terça-feira,BR-101,61.2,Pleno dia,Decrescente,Sol,Simples,Não Informado,-18.6981,-39.8652,DEL04-ES,Risco Baixo,Alta
segunda-feira,BR-364,170.0,Pleno dia,Crescente,Sol,Simples,Reta,-11.8497,-61.0158,DEL02-RO,Risco Baixo,Alta
quarta-feira,BR-116,253.5,Pleno dia,Crescente,Céu Claro,Dupla,Reta,-29.81784,-51.16996,DEL01-RS,Risco Médio,Alta
terça-feira,BR-116,220.9,Amanhecer,Decrescente,Nublado,Múltipla,Reta,-23.46473,-46.49794,DEL01-SP,Risco Médio,Alta
quinta-feira,BR-448,10.0,Plena Noite,Decrescente,Céu Claro,Dupla,Não Informado,-29.90327,-51.24493,DEL01-RS,Risco Médio,Baixa
quinta-feira,BR-153,468.0,Plena Noite,Decrescente,Chuva,Simples,Não Informado,-26.3392,-51.255,DEL02-PR,Risco Baixo,Alta
quinta-feira,BR-316,27.5,Anoitecer,Decrescente,Céu Claro,Simples,Reta,-5.309823,-42.70452,DEL01-PI,Risco Médio,Baixa
terça-feira,BR-104,54.0,Pleno dia,Crescente,Nublado,Dupla,Reta,-8.18818,-35.96709,DEL02-PE,Risco Baixo,Baixa
sexta-feira,BR-116,17.0,Pleno dia,Crescente,Céu Claro,Dupla,Reta,-25.389,-49.1867,DEL01-PR,Risco Médio,Alta
domingo,BR-101,84.0,Pleno dia,Crescente,Céu Claro,Dupla,Reta,-7.143965,-34.91828,DEL01-PB,Risco Médio,Alta
quarta-feira,BR-373,175.0,Pleno dia,Decrescente,Ignorado,Dupla,Reta,-25.0694,-50.2116,DEL03-PR,Risco Médio,Baixa
sexta-feira,BR-470,79.4,Pleno dia,Decrescente,Céu Claro,Simples,Reta,-26.95156,-49.30653,DEL04-SC,Risco Médio,Baixa
sábado,BR-40,510.0,Pleno dia,Crescente,Céu Claro,Dupla,Reta,-19.77416,-44.12386,DEL01-MG,Risco Médio,Alta
segunda-feira,BR-116,488.0,Plena Noite,Crescente,Céu Claro,Dupla,Curva,-24.73098,-48.09816,DEL05-SP,Risco Médio,Alta
terça-feira,BR-116,178.2,Plena Noite,Crescente,Céu Claro,Múltipla,Reta,-22.74622,-43.44612,DEL01-RJ,Risco Baixo,Alta
quinta-feira,BR-153,193.0,Anoitecer,Crescente,Chuva,Simples,Reta,-19.95675,-48.98072,DEL13-MG,Risco Médio,Alta
domingo,BR-101,80.0,Plena Noite,Crescente,Céu Claro,Dupla,Reta,-5.758522,-35.28806,DEL02-RN,Risco Baixo,Alta
quinta-feira,BR-163,68.0,Pleno dia,Decrescente,Céu Claro,Simples,Reta,-26.75038,-53.50087,DEL07-SC,Risco Médio,Alta
domingo,BR-376,269.5,Plena Noite,Crescente,Chuva,Simples,Reta,-23.73705,-51.2793,DEL07-PR,Risco Médio,Baixa
terça-feira,BR-364,384.0,Anoitecer,Crescente,Céu Claro,Simples,Não Informado,-10.71525,-62.25065,DEL02-RO,Risco Médio,Alta
quinta-feira,BR-20,201.0,Plena Noite,Crescente,Céu Claro,Simples,Reta,-12.20313,-45.82861,DEL10-BA,Risco Alto,Baixa
domingo,BR-116,224.0,Pleno dia,Decrescente,Céu Claro,Simples,Não Informado,-29.58976,-51.10782,DEL01-RS,Risco Médio,Alta
domingo,BR-381,33.0,Plena Noite,Crescente,Garoa/Chuvisco,Dupla,Reta,-23.03539,-46.54911,DEL03-SP,Risco Médio,Alta
terça-feira,BR-163,3.0,Pleno dia,Crescente,Chuva,Simples,Reta,-26.2613,-53.6206,DEL07-SC,Risco Médio,Alta
sexta-feira,BR-381,901.0,Pleno dia,Decrescente,Nublado,Dupla,Reta,-22.66923,-46.09354,DEL16-MG,Risco Médio,Alta
domingo,BR-40,37.0,Pleno dia,Crescente,Céu Claro,Dupla,Curva,-22.22225,-43.12712,DEL06-RJ,Risco Médio,Alta
quinta-feira,BR-20,269.1,Plena Noite,Crescente,Nublado,Simples,Curva,-4.665451,-39.3995,DEL02-CE,Risco Baixo,Baixa
quinta-feira,BR-290,237.8,Plena Noite,Decrescente,Céu Claro,Simples,Reta,-30.21864,-52.5919,DEL02-RS,Risco Médio,Baixa
quinta-feira,BR-116,258.0,Pleno dia,Crescente,Sol,Dupla,Reta,-29.85753,-51.18073,DEL01-RS,Risco Médio,Alta
quarta-feira,BR-101,89.0,Pleno dia,Decrescente,Céu Claro,Dupla,Reta,-7.1673,-34.8974,DEL01-PB,Risco Médio,Alta
sexta-feira,BR-116,207.0,Plena Noite,Crescente,Nublado,Múltipla,Desvio Temporário,-23.41972,-46.38419,DEL01-SP,Risco Médio,Alta
quinta-feira,BR-232,30.7,Pleno dia,Decrescente,Nublado,Dupla,Curva,-8.107667,-35.1584,DEL01-PE,Risco Baixo,Baixa
segunda-feira,BR-80,177.2,Anoitecer,Decrescente,Céu Claro,Simples,Reta,-14.65249,-49.16578,DEL07-GO,Risco Médio,Baixa
terça-feira,BR-40,130.0,Plena Noite,Decrescente,Céu Claro,Dupla,Curva,-16.82262,-47.2776,DEL01-DF,Risco Médio,Alta
quarta-feira,BR-376,178.6,Pleno dia,Decrescente,Ignorado,Dupla,Reta,-23.41756,-51.91785,DEL07-PR,Risco Médio,Baixa
sexta-feira,BR-116,179.2,Plena Noite,Decrescente,Céu Claro,Múltipla,Reta,-22.7699,-43.40804,DEL01-RJ,Risco Médio,Alta
sexta-feira,BR-277,317.0,Anoitecer,Decrescente,Céu Claro,Simples,Reta,-25.32249,-51.2164,DEL08-PR,Risco Baixo,Média
sexta-feira,BR-282,248.0,Plena Noite,Decrescente,Céu Claro,Simples,Curva,-27.71197,-50.5327,DEL05-SC,Risco Baixo,Baixa
terça-feira,BR-316,3.0,Pleno dia,Decrescente,Nublado,Múltipla,Reta,-5.128264,-42.79292,DEL01-PI,Risco Médio,Baixa
quarta-feira,BR-381,440.0,Pleno dia,Crescente,Céu Claro,Simples,Não Informado,-19.8116,-43.79604,DEL01-MG,Risco Médio,Alta
quarta-feira,BR-277,331.3,Pleno dia,Decrescente,Nublado,Dupla,Reta,-25.3737,-51.31824,DEL08-PR,Risco Médio,Média
terça-feira,BR-364,199.0,Plena Noite,Decrescente,Céu Claro,Dupla,Retorno Regulamentado,-16.50117,-54.63072,DEL02-MT,Risco Médio,Alta
segunda-feira,BR-116,541.0,Plena Noite,Crescente,Chuva,Dupla,Curva,-24.97266,-48.40139,DEL05-SP,Risco Médio,Alta
domingo,BR-392,4.4,Plena Noite,Decrescente,Nevoeiro/Neblina,Simples,Reta,-32.0696,-52.09548,DEL07-RS,Risco Baixo,Média
sexta-feira,BR-101,127.0,Pleno dia,Crescente,Céu Claro,Dupla,Reta,-26.96393,-48.68328,DEL04-SC,Risco Médio,Alta
domingo,BR-467,100.9,Plena Noite,Crescente,Nublado,Simples,Curva,-24.8947,-53.5355,DEL04-PR,Risco Médio,Baixa
terça-feira,BR-116,105.0,Pleno dia,Crescente,Céu Claro,Dupla,Reta,-22.51503,-43.00052,DEL04-RJ,Risco Médio,Alta
quinta-feira,BR-101,130.0,Pleno dia,Decrescente,Céu Claro,Simples,Reta,-26.98408,-48.66977,DEL04-SC,Risco Baixo,Alta
quarta-feira,BR-116,8.6,Pleno dia,Decrescente,Garoa/Chuvisco,Múltipla,Reta,-3.81928,-38.50268,DEL01-CE,Risco Médio,Alta
segunda-feira,BR-116,209.8,Plena Noite,Decrescente,Nublado,Simples,Reta,-27.50301,-50.36571,DEL05-SC,Risco Baixo,Alta
segunda-feira,BR-232,82.8,Plena Noite,Crescente,Nublado,Dupla,Curva,-8.20257,-35.5954,DEL01-PE,Risco Médio,Baixa
sábado,BR-282,18.0,Pleno dia,Decrescente,Céu Claro,Dupla,Reta,-27.6728,-48.69429,DEL01-SC,Risco Médio,Baixa
domingo,BR-101,79.0,Plena Noite,Crescente,Céu Claro,Dupla,Reta,-29.81059,-50.24123,DEL03-RS,Risco Médio,Alta
quinta-feira,BR-116,347.0,Amanhecer,Crescente,Céu Claro,Simples,Não Informado,-30.49134,-51.48994,DEL02-RS,Risco Baixo,Alta
quarta-feira,BR-40,89.0,Pleno dia,Crescente,Nublado,Simples,Não Informado,-22.55626,-43.23718,DEL06-RJ,Risco Médio,Alta
sábado,BR-277,672.4,Pleno dia,Crescente,Céu Claro,Dupla,Reta,-25.29525,-54.09183,DEL05-PR,Risco Médio,Média
quinta-feira,BR-381,60.5,Anoitecer,Crescente,Chuva,Dupla,Curva,-23.28958,-46.5873,DEL03-SP,Risco Médio,Alta
sábado,BR-101,4.1,Pleno dia,Decrescente,Céu Claro,Dupla,Reta,-26.00909,-48.86449,DEL03-SC,Risco Baixo,Alta
domingo,BR-116,30.0,Plena Noite,Crescente,Céu Claro,Dupla,Reta,-25.108,-48.8244,DEL01-PR,Risco Alto,Alta
sexta-feira,BR-101,34.0,Pleno dia,Crescente,Chuva,Dupla,Curva,-9.117297,-35.76395,DEL01-AL,Risco Médio,Alta
quinta-feira,BR-364,253.0,Pleno dia,Crescente,Céu Claro,Simples,Reta,-9.202097,-68.54373,DEL01-AC,Risco Médio,Alta
domingo,BR-222,312.5,Amanhecer,Crescente,Céu Claro,Simples,Reta,-3.724336,-40.99739,DEL04-CE,Risco Médio,Baixa
quinta-feira,BR-280,186.0,Pleno dia,Decrescente,Céu Claro,Simples,Reta,-26.16977,-49.94509,DEL06-SC,Risco Médio,Baixa
segunda-feira,BR-277,729.1,Anoitecer,Crescente,Sol,Dupla,Viaduto,-25.50724,-54.58469,DEL05-PR,Risco Baixo,Média
domingo,BR-40,6.0,Plena Noite,Crescente,Céu Claro,Dupla,Reta,-16.03402,-47.97891,DEL01-DF,Risco Baixo,Alta
sábado,BR-386,8.3,Plena Noite,Decrescente,Nublado,Simples,Curva,-27.20169,-53.29281,DEL08-RS,Risco Médio,Média
segunda-feira,BR-356,76.0,Pleno dia,Crescente,Nublado,Simples,Reta,-21.43358,-41.69243,DEL08-RJ,Risco Médio,Baixa
quarta-feira,BR-304,223.6,Plena Noite,Decrescente,Nublado,Simples,Reta,-5.756589,-35.96484,DEL01-RN,Risco Médio,Baixa
quinta-feira,BR-470,7.0,Plena Noite,Crescente,Nublado,Simples,Não Informado,-26.85474,-48.70315,DEL04-SC,Risco Médio,Baixa
sábado,BR-101,97.0,Plena Noite,Decrescente,Céu Claro,Dupla,Reta,-10.9313,-37.1868,DEL02-SE,Risco Médio,Alta
quinta-feira,BR-101,54.4,Plena Noite,Decrescente,Céu Claro,Simples,Curva,-7.939611,-34.90357,DEL01-PE,Risco Médio,Alta
segunda-feira,BR-364,723.0,Pleno dia,Crescente,Céu Claro,Simples,Não Informado,-8.0,-63.0,DEL01-RO,Risco Médio,Alta
sexta-feira,BR-381,759.8,Pleno dia,Crescente,Céu Claro,Dupla,Reta,-21.69499,-45.35726,DEL16-MG,Risco Médio,Alta
quinta-feira,BR-153,81.5,Pleno dia,Decrescente,Céu Claro,Simples,Curva,-27.12063,-51.92287,DEL07-SC,Risco Médio,Alta
sexta-feira,BR-285,438.7,Pleno dia,Crescente,Chuva,Simples,Curva,-28.34421,-53.70135,DEL10-RS,Risco Médio,Baixa
segunda-feira,BR-116,304.3,Pleno dia,Crescente,Nublado,Simples,Não Informado,-18.02425,-41.64792,DEL11-MG,Risco Médio,Alta
sexta-feira,BR-324,588.0,Plena Noite,Crescente,Céu Claro,Dupla,Reta,-12.0,-38.0,DEL01-BA,Risco Baixo,Baixa
sábado,BR-381,489.0,Pleno dia,Decrescente,Nublado,Múltipla,Não Informado,-19.96246,-44.16455,DEL01-MG,Risco Baixo,Alta
sexta-feira,BR-459,11.2,Plena Noite,Crescente,Céu Claro,Simples,Reta,-21.82913,-46.44936,DEL09-MG,Risco Médio,Baixa
terça-feira,BR-116,515.0,Pleno dia,Decrescente,Chuva,Simples,Curva,-24.73659,-48.12319,DEL05-SP,Risco Baixo,Alta
terça-feira,BR-174,541.0,Plena Noite,Decrescente,Céu Claro,Simples,Reta,-13.18011,-59.87293,DEL04-MT,Risco Alto,Baixa
quinta-feira,BR-381,816.0,Pleno dia,Decrescente,Céu Claro,Dupla,Reta,-22.045,-45.6884,DEL16-MG,Risco Baixo,Alta
quinta-feira,BR-277,173.3,Plena Noite,Crescente,Chuva,Simples,Curva,-25.43018,-50.03869,DEL03-PR,Risco Baixo,Média
quinta-feira,BR-277,361.2,Pleno dia,Decrescente,Sol,Simples,Reta,-25.43854,-51.62132,DEL03-PR,Risco Baixo,Média
segunda-feira,BR-316,18.6,Pleno dia,Crescente,Céu Claro,Dupla,Reta,-1.364856,-48.29644,DEL01-PA,Risco Médio,Baixa
sábado,BR-116,189.0,Pleno dia,Decrescente,Garoa/Chuvisco,Dupla,Reta,-22.73766,-43.49182,DEL01-RJ,Risco Médio,Alta
quarta-feira,BR-386,313.5,Plena Noite,Crescente,Nublado,Simples,Reta,-29.23644,-52.1549,DEL04-RS,Risco Alto,Média
sábado,BR-101,29.0,Plena Noite,Decrescente,Céu Claro,Dupla,Não Informado,-26.2119,-48.9159,DEL03-SC,Risco Médio,Alta
sábado,BR-316,6.2,Plena Noite,Crescente,Nublado,Dupla,Reta,-1.375514,-48.38977,DEL01-PA,Risco Médio,Baixa
quinta-feira,BR-101,90.0,Pleno dia,Crescente,Céu Claro,Dupla,Retorno Regulamentado,-7.179652,-34.90042,DEL01-PB,Risco Médio,Alta
sábado,BR-376,107.9,Pleno dia,Crescente,Céu Claro,Dupla,Reta,-23.06898,-52.42455,DEL09-PR,Risco Médio,Baixa
sábado,BR-222,91.1,Plena Noite,Crescente,Céu Claro,Simples,Reta,-3.679219,-39.35448,DEL04-CE,Risco Baixo,Baixa
quarta-feira,BR-60,187.5,Pleno dia,Crescente,Nublado,Simples,Reta,-19.50907,-53.97017,DEL06-MS,Risco Médio,Média
quinta-feira,BR-317,235.0,Amanhecer,Decrescente,Céu Claro,Simples,Não Informado,-10.70413,-68.39642,DEL01-AC,Risco Baixo,Baixa
sábado,BR-116,497.0,Plena Noite,Crescente,Céu Claro,Dupla,Reta,-24.75898,-48.12595,DEL05-SP,Risco Médio,Alta
sábado,BR-467,93.1,Plena Noite,Crescente,Céu Claro,Dupla,Reta,-24.8599,-53.5868,DEL04-PR,Risco Baixo,Baixa
quinta-feira,BR-116,172.0,Anoitecer,Crescente,Garoa/Chuvisco,Múltipla,Reta,-22.80188,-43.35044,DEL01-RJ,Risco Médio,Alta
sábado,BR-153,244.0,Pleno dia,Crescente,Céu Claro,Simples,Curva,-24.80215,-50.46893,DEL03-PR,Risco Médio,Alta
sábado,BR-101,211.5,Pleno dia,Decrescente,Nublado,Múltipla,Viaduto,-27.6268,-48.6557,DEL01-SC,Risco Baixo,Alta
domingo,BR-163,344.0,Pleno dia,Crescente,Céu Claro,Simples,Reta,-24.10727,-54.23907,DEL06-PR,Risco Médio,Alta
quarta-feira,BR-101,105.0,Plena Noite,Crescente,Chuva,Dupla,Curva,-26.80215,-48.67891,DEL03-SC,Risco Médio,Alta
domingo,BR-282,25.7,Plena Noite,Crescente,Céu Claro,Simples,Curva,-27.67823,-48.7529,DEL01-SC,Risco Baixo,Baixa
sábado,BR-135,14.0,Pleno dia,Decrescente,Nublado,Dupla,Reta,-2.687923,-44.3001,DEL01-MA,Risco Médio,Baixa
sábado,BR-364,712.0,Plena Noite,Crescente,Céu Claro,Dupla,Rotatória,-8.776322,-63.87366,DEL01-RO,Risco Médio,Alta
sexta-feira,BR-116,5.5,Pleno dia,Crescente,Céu Claro,Simples,Reta,-26.145,-49.8214,DEL06-SC,Risco Médio,Alta
sábado,BR-116,140.5,Pleno dia,Decrescente,Céu Claro,Dupla,Reta,-23.16578,-45.81246,DEL06-SP,Risco Médio,Alta
quarta-feira,BR-364,198.5,Amanhecer,Crescente,Céu Claro,Dupla,Curva,-17.9206,-51.73927,DEL05-GO,Risco Baixo,Alta
terça-feira,BR-364,711.0,Pleno dia,Decrescente,Céu Claro,Dupla,Reta,-8.781539,-63.86531,DEL01-RO,Risco Médio,Alta
quinta-feira,BR-40,464.9,Anoitecer,Decrescente,Chuva,Dupla,Reta,-19.47461,-44.29169,DEL02-MG,Risco Médio,Alta
segunda-feira,BR-101,102.1,Pleno dia,Crescente,Céu Claro,Dupla,Retorno Regulamentado,-10.9488,-37.21099,DEL02-SE,Risco Baixo,Alta
segunda-feira,BR-280,54.4,Pleno dia,Decrescente,Nublado,Simples,Reta,-26.47543,-48.99009,DEL03-SC,Risco Médio,Baixa
quarta-feira,BR-282,5.8,Pleno dia,Decrescente,Céu Claro,Dupla,Reta,-27.58843,-48.61292,DEL01-SC,Risco Médio,Baixa
sexta-feira,BR-290,596.0,Pleno dia,Crescente,Céu Claro,Simples,Reta,-29.84829,-55.92645,DEL13-RS,Risco Médio,Baixa
terça-feira,BR-364,139.0,Plena Noite,Crescente,Céu Claro,Simples,Curva,-16.80095,-54.10993,DEL02-MT,Risco Baixo,Alta
sábado,BR-158,274.0,Plena Noite,Crescente,Céu Claro,Simples,Reta,-17.89704,-51.73663,DEL05-GO,Risco Médio,Baixa
segunda-feira,BR-381,636.7,Pleno dia,Crescente,Nublado,Dupla,Não Informado,-20.86956,-44.84241,DEL04-MG,Risco Baixo,Alta
quinta-feira,BR-101,149.0,Pleno dia,Crescente,Sol,Simples,Reta,-11.2687,-37.4421,DEL02-SE,Risco Médio,Alta
quinta-feira,BR-101,174.0,Pleno dia,Decrescente,Nublado,Dupla,Reta,-27.33082,-48.62698,DEL01-SC,Risco Médio,Alta
sexta-feira,BR-116,27.0,Plena Noite,Crescente,Céu Claro,Dupla,Reta,-3.984187,-38.51514,DEL01-CE,Risco Médio,Alta
terça-feira,BR-376,177.0,Pleno dia,Decrescente,Sol,Múltipla,Reta,-23.41596,-51.92226,DEL09-PR,Risco Médio,Baixa
sábado,BR-101,930.0,Plena Noite,Decrescente,Céu Claro,Simples,Reta,-18.16081,-39.91364,DEL09-BA,Risco Médio,Alta
segunda-feira,BR-116,229.8,Plena Noite,Crescente,Nublado,Múltipla,Reta,-23.51534,-46.57814,DEL01-SP,Risco Médio,Alta
quarta-feira,BR-40,5.0,Amanhecer,Decrescente,Céu Claro,Dupla,Reta,-16.0209,-47.98054,DEL01-DF,Risco Médio,Alta
sexta-feira,BR-101,68.0,Plena Noite,Decrescente,Nublado,Dupla,Viaduto,-8.05133,-34.94592,DEL01-PE,Risco Médio,Alta
quinta-feira,BR-116,212.0,Plena Noite,Crescente,Nublado,Múltipla,Reta,-23.4378,-46.43313,DEL01-SP,Risco Baixo,Alta
sábado,BR-369,17.8,Amanhecer,Decrescente,Céu Claro,Simples,Interseção de vias,-23.0337,-50.06018,DEL07-PR,Risco Médio,Baixa
domingo,BR-116,23.5,Plena Noite,Crescente,Céu Claro,Simples,Reta,-14.87077,-40.79968,DEL08-BA,Risco Médio,Alta
sábado,BR-230,25.9,Pleno dia,Crescente,Céu Claro,Dupla,Interseção de vias,-7.165151,-34.89049,DEL01-PB,Risco Baixo,Baixa
sexta-feira,BR-376,592.0,Pleno dia,Crescente,Céu Claro,Dupla,Reta,-25.46834,-49.35525,DEL01-PR,Risco Médio,Baixa
domingo,BR-230,9.1,Pleno dia,Crescente,Céu Claro,Dupla,Reta,-7.0433,-34.8466,DEL01-PB,Risco Médio,Baixa
sábado,BR-116,102.0,Pleno dia,Crescente,Garoa/Chuvisco,Dupla,Curva,-25.55064,-49.15025,DEL01-PR,Risco Baixo,Alta
domingo,BR-116,112.0,Pleno dia,Decrescente,Céu Claro,Dupla,Reta,-23.04159,-45.57066,DEL02-SP,Risco Médio,Alta
segunda-feira,BR-153,411.1,Pleno dia,Crescente,Céu Claro,Dupla,Curva,-9.507273,-48.58805,DEL02-TO,Risco Alto,Alta
quinta-feira,BR-101,366.1,Pleno dia,Crescente,Garoa/Chuvisco,Dupla,Reta,-28.68719,-49.15622,DEL02-SC,Risco Médio,Alta
sábado,BR-381,51.0,Plena Noite,Decrescente,Céu Claro,Dupla,Reta,-23.22191,-46.59644,DEL03-SP,Risco Médio,Alta
sexta-feira,BR-60,12.0,Pleno dia,Decrescente,Céu Claro,Dupla,Curva,-15.91627,-48.16427,DEL01-DF,Risco Baixo,Média
sábado,BR-163,530.0,Pleno dia,Decrescente,Céu Claro,Simples,Reta,-14.40904,-56.44655,DEL01-MT,Risco Baixo,Alta
sábado,BR-101,428.0,Plena Noite,Decrescente,Céu Claro,Simples,Interseção de vias,-22.93664,-44.00216,DEL03-RJ,Risco Médio,Alta
domingo,BR-163,997.0,Pleno dia,Decrescente,Céu Claro,Simples,Reta,-2.500629,-54.72995,DEL05-PA,Risco Médio,Alta
segunda-feira,BR-104,65.4,Pleno dia,Decrescente,Nublado,Dupla,Reta,-8.2867,-35.9838,DEL02-PE,Risco Médio,Baixa
sábado,BR-230,45.0,Plena Noite,Crescente,Garoa/Chuvisco,Dupla,Retorno Regulamentado,-7.1583,-35.0176,DEL01-PB,Risco Baixo,Baixa
segunda-feira,BR-116,419.2,Pleno dia,Crescente,Céu Claro,Dupla,Reta,-12.20487,-38.9654,DEL02-BA,Risco Médio,Alta
quinta-feira,BR-262,659.0,Amanhecer,Crescente,Nevoeiro/Neblina,Simples,Reta,-19.64485,-57.03621,DEL03-MS,Risco Médio,Média
terça-feira,BR-101,131.7,Plena Noite,Crescente,Nublado,Dupla,Reta,-26.99064,-48.66311,DEL04-SC,Risco Médio,Alta
quinta-feira,BR-70,10.2,Pleno dia,Decrescente,Céu Claro,Dupla,Reta,-15.78707,-48.14071,DEL01-DF,Risco Baixo,Baixa
sábado,BR-364,9.1,Anoitecer,Crescente,Céu Claro,Dupla,Reta,-12.75881,-60.10017,DEL04-RO,Risco Baixo,Alta
domingo,BR-60,231.0,Pleno dia,Decrescente,Céu Claro,Dupla,Reta,-17.0616,-49.7986,DEL01-GO,Risco Médio,Média
sábado,BR-116,169.4,Plena Noite,Crescente,Céu Claro,Simples,Curva,-17.00899,-41.44301,DEL11-MG,Risco Médio,Alta
terça-feira,BR-282,109.9,Plena Noite,Decrescente,Nublado,Simples,Curva,-27.71987,-49.3581,DEL01-SC,Risco Médio,Baixa
domingo,BR-40,510.0,Pleno dia,Crescente,Chuva,Dupla,Reta,-19.77237,-44.12551,DEL01-MG,Risco Baixo,Alta
domingo,BR-262,900.0,Pleno dia,Crescente,Céu Claro,Simples,Não Informado,-19.69795,-48.76359,DEL13-MG,Risco Médio,Média
sexta-feira,BR-116,167.0,Pleno dia,Decrescente,Céu Claro,Dupla,Reta,-22.80155,-43.35137,DEL01-RJ,Risco Baixo,Alta
sábado,BR-277,36.0,Pleno dia,Decrescente,Sol,Dupla,Reta,-25.57187,-48.83629,DEL01-PR,Risco Médio,Média
sexta-feira,BR-104,105.2,Plena Noite,Crescente,Céu Claro,Simples,Não Informado,-7.095698,-35.86106,DEL02-PB,Risco Alto,Baixa
sábado,BR-60,593.5,Anoitecer,Decrescente,Céu Claro,Dupla,Rotatória,-21.48782,-56.15614,DEL05-MS,Risco Médio,Média
sexta-feira,BR-406,169.9,Pleno dia,Crescente,Sol,Dupla,Reta,-5.755701,-35.30729,DEL02-RN,Risco Baixo,Baixa
quarta-feira,BR-476,155.0,Pleno dia,Crescente,Chuva,Dupla,Não Informado,-25.5909,-49.41062,DEL01-PR,Risco Baixo,Baixa
domingo,BR-101,311.8,Plena Noite,Decrescente,Céu Claro,Dupla,Não Informado,-28.44117,-48.8219,DEL02-SC,Risco Médio,Alta
sábado,BR-101,85.0,Plena Noite,Decrescente,Céu Claro,Dupla,Reta,-29.85719,-50.24792,DEL03-RS,Risco Médio,Alta
quinta-feira,BR-381,349.0,Pleno dia,Crescente,Céu Claro,Simples,Curva,-19.84992,-43.14868,DEL03-MG,Risco Médio,Alta
domingo,BR-158,760.0,Anoitecer,Crescente,Céu Claro,Simples,Reta,-15.5311,-52.20428,DEL07-MT,Risco Médio,Baixa
terça-feira,BR-70,10.3,Pleno dia,Decrescente,Céu Claro,Dupla,Reta,-15.78707,-48.14071,DEL01-DF,Risco Médio,Baixa
sexta-feira,BR-242,811.0,Pleno dia,Decrescente,Chuva,Simples,Não Informado,-12.12618,-45.13969,DEL10-BA,Risco Médio,Baixa
domingo,BR-316,82.0,Pleno dia,Crescente,Céu Claro,Simples,Interseção de vias,-5.758844,-42.61624,DEL01-PI,Risco Médio,Baixa
domingo,BR-135,388.0,Anoitecer,Decrescente,Céu Claro,Simples,Reta,-9.333512,-44.52121,DEL03-PI,Risco Médio,Baixa
segunda-feira,BR-476,127.0,Pleno dia,Decrescente,Chuva,Dupla,Reta,-25.42517,-49.22716,DEL01-PR,Risco Médio,Baixa
sábado,BR-226,3.0,Plena Noite,Decrescente,Nublado,Dupla,Reta,-5.815505,-35.24855,DEL01-RN,Risco Médio,Baixa
terça-feira,BR-381,382.7,Pleno dia,Decrescente,Céu Claro,Simples,Reta,-19.83271,-43.35948,DEL01-MG,Risco Alto,Alta
sábado,BR-280,295.0,Plena Noite,Decrescente,Nevoeiro/Neblina,Simples,Não Informado,-26.28877,-50.97367,DEL06-SC,Risco Médio,Baixa
sexta-feira,BR-277,3.0,Amanhecer,Decrescente,Nublado,Simples,Reta,-25.5414,-48.55912,DEL01-PR,Risco Médio,Média
sábado,BR-116,349.0,Plena Noite,Crescente,Céu Claro,Simples,Reta,-6.234896,-38.67925,DEL05-CE,Risco Médio,Alta
quinta-feira,BR-101,270.5,Pleno dia,Crescente,Céu Claro,Múltipla,Interseção de vias,-20.23041,-40.27355,DEL02-ES,Risco Médio,Alta
sexta-feira,BR-324,614.0,Pleno dia,Crescente,Chuva,Dupla,Reta,-12.87979,-38.43221,DEL01-BA,Risco Médio,Baixa
sexta-feira,BR-101,160.0,Pleno dia,Decrescente,Céu Claro,Dupla,Curva,-8.555592,-35.42238,DEL01-PE,Risco Médio,Alta
domingo,BR-316,234.0,Plena Noite,Decrescente,Chuva,Simples,Reta,-3.561282,-45.58654,DEL02-MA,Risco Médio,Baixa
terça-feira,BR-316,238.8,Plena Noite,Decrescente,Céu Claro,Simples,Reta,-9.502635,-36.04856,DEL01-AL,Risco Médio,Baixa
sábado,BR-116,778.0,Pleno dia,Crescente,Céu Claro,Simples,Reta,-21.6016,-42.69913,DEL07-MG,Risco Médio,Alta
sexta-feira,BR-101,212.0,Anoitecer,Decrescente,Céu Claro,Múltipla,Reta,-27.6302,-48.65912,DEL01-SC,Risco Médio,Alta
segunda-feira,BR-262,477.7,Pleno dia,Crescente,Céu Claro,Simples,Curva,-19.78873,-45.22074,DEL08-MG,Risco Médio,Média
sábado,BR-101,443.0,Plena Noite,Decrescente,Céu Claro,Simples,Reta,-29.135,-49.7066,DEL02-SC,Risco Alto,Alta
quinta-feira,BR-381,510.0,Pleno dia,Crescente,Céu Claro,Simples,Reta,-20.07738,-44.30434,DEL01-MG,Risco Médio,Alta
segunda-feira,BR-470,139.0,Pleno dia,Decrescente,Céu Claro,Simples,Reta,-27.21756,-49.65461,DEL04-SC,Risco Médio,Baixa
sábado,BR-153,230.0,Plena Noite,Crescente,Céu Claro,Simples,Curva,-22.08534,-49.90049,DEL07-SP,Risco Médio,Alta
segunda-feira,BR-393,2.7,Pleno dia,Decrescente,Céu Claro,Simples,Curva,-20.83243,-41.17491,DEL03-ES,Risco Médio,Média