dia_semana,br,km,fase_dia,sentido_via,condicao_metereologica,tipo_pista,tracado_via,latitude,longitude,delegacia,classificacao_acidente,postos_policiais_PRF
domingo,BR-471,175.7,Pleno dia,Decrescente,Céu Claro,Simples,Interseção de vias,-29.99308,-52.36812,DEL02-RS,Risco Baixo,Baixa
terça-feira,BR-101,148.0,Pleno dia,Crescente,Sol,Múltipla,Interseção de vias,-19.38787,-40.06753,DEL04-ES,Risco Médio,Alta
segunda-feira,BR-116,276.0,Pleno dia,Crescente,Céu Claro,Dupla,Reta,-23.62417,-46.81562,DEL04-SP,Risco Médio,Alta
sexta-feira,BR-369,423.1,Plena Noite,Crescente,Chuva,Simples,Reta,-24.40723,-52.81545,DEL04-PR,Risco Médio,Baixa
sexta-feira,BR-472,572.4,Plena Noite,Decrescente,Nublado,Simples,Não Informado,-29.76587,-57.03449,DEL13-RS,Risco Médio,Baixa
sexta-feira,BR-40,72.0,Plena Noite,Decrescente,Céu Claro,Dupla,Reta,-22.45853,-43.21601,DEL06-RJ,Risco Baixo,Alta
sexta-feira,BR-277,130.9,Amanhecer,Decrescente,Nublado,Dupla,Curva,-25.47799,-49.64413,DEL03-PR,Risco Baixo,Média
segunda-feira,BR-116,208.0,Pleno dia,Crescente,Nublado,Dupla,Reta,-23.42335,-46.39778,DEL01-SP,Risco Baixo,Alta
domingo,BR-262,97.0,Plena Noite,Crescente,Céu Claro,Simples,Reta,-20.36104,-41.07465,DEL01-ES,Risco Médio,Média
terça-feira,BR-40,123.0,Plena Noite,Crescente,Nublado,Dupla,Reta,-22.80079,-43.29042,DEL01-RJ,Risco Médio,Alta
segunda-feira,BR-101,214.5,Pleno dia,Decrescente,Céu Claro,Múltipla,Reta,-27.64817,-48.67332,DEL01-SC,Risco Médio,Alta
terça-feira,BR-101,407.0,Pleno dia,Decrescente,Céu Claro,Dupla,Reta,-22.87672,-43.81632,DEL01-RJ,Risco Alto,Alta
sexta-feira,BR-280,52.7,Pleno dia,Decrescente,Céu Claro,Simples,Interseção de vias,-26.47237,-48.97427,DEL03-SC,Risco Baixo,Baixa
quinta-feira,BR-40,448.0,Pleno dia,Crescente,Ignorado,Dupla,Reta,-19.3165,-44.3677,DEL02-MG,Risco Médio,Alta
quarta-feira,BR-116,146.0,Plena Noite,Decrescente,Céu Claro,Múltipla,Não Informado,-23.19123,-45.86328,DEL02-SP,Risco Médio,Alta
sexta-feira,BR-20,8.0,Pleno dia,Decrescente,Nublado,Dupla,Reta,-15.65839,-47.79153,DEL02-DF,Risco Médio,Baixa
segunda-feira,BR-116,275.0,Plena Noite,Crescente,Céu Claro,Simples,Reta,-10.97024,-38.79154,DEL07-BA,Risco Alto,Alta
domingo,BR-364,341.0,Pleno dia,Decrescente,Céu Claro,Simples,Não Informado,-10.88995,-61.93268,DEL02-RO,Risco Baixo,Alta
sexta-feira,BR-135,0.3,Plena Noite,Decrescente,Nublado,Dupla,Reta,-2.580456,-44.24195,DEL01-MA,Risco Baixo,Baixa
domingo,BR-40,524.0,Amanhecer,Decrescente,Nublado,Dupla,Reta,-19.87545,-44.05346,DEL01-MG,Risco Alto,Alta
quinta-feira,BR-70,737.0,Plena Noite,Crescente,Céu Claro,Simples,Reta,-16.12032,-57.664,DEL03-MT,Risco Alto,Baixa
sexta-feira,BR-364,605.0,Plena Noite,Decrescente,Céu Claro,Dupla,Reta,-9.18604,-63.19487,DEL03-RO,Risco Médio,Alta
segunda-feira,BR-101,295.0,Amanhecer,Decrescente,Céu Claro,Dupla,Reta,-22.76367,-42.90226,DEL02-RJ,Risco Médio,Alta
sábado,BR-364,714.0,Pleno dia,Decrescente,Chuva,Simples,Rotatória,-8.773237,-63.88521,DEL01-RO,Risco Médio,Alta
terça-feira,BR-324,625.0,Plena Noite,Crescente,Céu Claro,Dupla,Reta,-12.94195,-38.47081,DEL01-BA,Risco Médio,Baixa
domingo,BR-467,102.1,Pleno dia,Decrescente,Céu Claro,Dupla,Curva,-24.90153,-53.52141,DEL04-PR,Risco Alto,Baixa
domingo,BR-280,224.8,Pleno dia,Decrescente,Nublado,Simples,Não Informado,-26.17678,-50.30768,DEL06-SC,Risco Alto,Baixa
domingo,BR-386,344.2,Pleno dia,Crescente,Céu Claro,Simples,Reta,-29.43927,-51.99363,DEL04-RS,Risco Médio,Média
quinta-feira,BR-230,22.0,Pleno dia,Decrescente,Sol,Dupla,Reta,-7.151485,-34.85338,DEL01-PB,Risco Médio,Baixa
sexta-feira,BR-116,219.0,Plena Noite,Decrescente,Céu Claro,Múltipla,Reta,-23.46226,-46.49108,DEL01-SP,Risco Baixo,Alta
sábado,BR-163,191.1,Pleno dia,Crescente,Céu Claro,Simples,Não Informado,-22.77742,-54.76631,DEL04-MS,Risco Médio,Alta
domingo,BR-40,92.0,Pleno dia,Decrescente,Céu Claro,Simples,Curva,-22.56892,-43.24329,DEL06-RJ,Risco Médio,Alta
sábado,BR-369,152.7,Pleno dia,Crescente,Céu Claro,Dupla,Interseção de vias,-23.29356,-51.18738,DEL07-PR,Risco Médio,Baixa
sábado,BR-476,136.7,Anoitecer,Decrescente,Céu Claro,Múltipla,Reta,-25.4954,-49.27548,DEL01-PR,Risco Médio,Baixa
terça-feira,BR-153,507.8,Pleno dia,Decrescente,Céu Claro,Dupla,Não Informado,-16.7715,-49.2387,DEL01-GO,Risco Médio,Alta
sábado,BR-470,39.9,Plena Noite,Crescente,Céu Claro,Simples,Não Informado,-26.89734,-48.98688,DEL04-SC,Risco Médio,Baixa
sexta-feira,BR-476,124.0,Plena Noite,Crescente,Céu Claro,Dupla,Desvio Temporário,-25.39984,-49.21585,DEL01-PR,Risco Médio,Baixa
sábado,BR-116,44.8,Anoitecer,Crescente,Céu Claro,Dupla,Reta,-22.70288,-45.03788,DEL08-SP,Risco Médio,Alta
domingo,BR-116,428.5,Plena Noite,Crescente,Nublado,Dupla,Reta,-12.28939,-39.00712,DEL02-BA,Risco Alto,Alta
segunda-feira,BR-116,148.0,Pleno dia,Decrescente,Céu Claro,Dupla,Curva,-29.1546,-51.1514,DEL05-RS,Risco Alto,Alta
domingo,BR-290,637.0,Pleno dia,Crescente,Céu Claro,Simples,Reta,-30.0199,-56.28943,DEL13-RS,Risco Médio,Baixa
domingo,BR-40,526.0,Pleno dia,Crescente,Céu Claro,Dupla,Reta,-19.89029,-44.05014,DEL01-MG,Risco Médio,Alta
sexta-feira,BR-101,62.0,Plena Noite,Decrescente,Céu Claro,Simples,Reta,-18.7033,-39.8676,DEL04-ES,Risco Médio,Alta
sábado,BR-376,584.0,Plena Noite,Crescente,Céu Claro,Dupla,Reta,-25.43171,-49.3995,DEL01-PR,Risco Médio,Baixa
quinta-feira,BR-101,856.0,Plena Noite,Crescente,Garoa/Chuvisco,Simples,Curva,-17.3686,-39.65,DEL09-BA,Risco Médio,Alta
domingo,BR-476,212.0,Anoitecer,Decrescente,Céu Claro,Simples,Reta,-25.7826,-49.8633,DEL02-PR,Risco Baixo,Baixa
terça-feira,BR-267,86.9,Plena Noite,Crescente,Nublado,Simples,Reta,-21.86891,-52.9222,DEL02-MS,Risco Médio,Baixa
terça-feira,BR-101,43.0,Plena Noite,Crescente,Ignorado,Dupla,Reta,-26.3401,-48.8589,DEL03-SC,Risco Médio,Alta
terça-feira,BR-116,7.3,Plena Noite,Decrescente,Céu Claro,Dupla,Reta,-3.814808,-38.50148,DEL01-CE,Risco Médio,Alta
quinta-feira,BR-40,36.0,Plena Noite,Decrescente,Nublado,Dupla,Curva,-22.2232,-43.126,DEL06-RJ,Risco Alto,Alta
sexta-feira,BR-316,386.0,Pleno dia,Decrescente,Sol,Simples,Reta,-7.251333,-40.85441,DEL04-PI,Risco Médio,Baixa
sábado,BR-116,530.1,Plena Noite,Crescente,Nublado,Simples,Interseção de vias,-31.75908,-52.43688,DEL07-RS,Risco Médio,Alta
sexta-feira,BR-308,151.0,Plena Noite,Crescente,Céu Claro,Simples,Reta,-1.21064,-47.18274,DEL01-PA,Risco Médio,Baixa
sábado,BR-381,526.5,Plena Noite,Crescente,Chuva,Dupla,Não Informado,-20.16175,-44.34145,DEL04-MG,Risco Médio,Alta
domingo,BR-277,726.0,Pleno dia,Decrescente,Chuva,Dupla,Curva,-25.5106,-54.55482,DEL05-PR,Risco Baixo,Média
quinta-feira,BR-285,473.3,Pleno dia,Crescente,Sol,Simples,Reta,-28.3835,-54.0158,DEL10-RS,Risco Baixo,Baixa
quarta-feira,BR-60,92.5,Pleno dia,Crescente,Sol,Múltipla,Reta,-16.353,-48.9178,DEL02-GO,Risco Médio,Média
quarta-feira,BR-262,42.1,Pleno dia,Crescente,Nublado,Simples,Curva,-20.26976,-42.06894,DEL06-MG,Risco Médio,Média
segunda-feira,BR-381,452.3,Pleno dia,Crescente,Céu Claro,Simples,Reta,-19.83765,-43.86128,DEL01-MG,Risco Médio,Alta
domingo,BR-116,276.0,Plena Noite,Decrescente,Céu Claro,Dupla,Reta,-23.64262,-46.83811,DEL04-SP,Risco Baixo,Alta
sábado,BR-267,61.7,Pleno dia,Crescente,Céu Claro,Simples,Reta,-21.73132,-43.08078,DEL05-MG,Risco Médio,Baixa
sexta-feira,BR-324,585.0,Plena Noite,Decrescente,Céu Claro,Dupla,Reta,-12.64138,-38.47651,DEL01-BA,Risco Baixo,Baixa
sábado,BR-101,304.0,Plena Noite,Crescente,Chuva,Dupla,Reta,-22.7847,-42.9861,DEL02-RJ,Risco Médio,Alta
sábado,BR-116,232.5,Plena Noite,Decrescente,Ignorado,Simples,Reta,-29.63704,-51.14204,DEL01-RS,Risco Médio,Alta
quarta-feira,BR-262,462.9,Pleno dia,Crescente,Céu Claro,Simples,Reta,-20.54141,-55.55579,DEL03-MS,Risco Médio,Média
sábado,BR-343,307.3,Plena Noite,Decrescente,Chuva,Simples,Reta,-5.039802,-42.45952,DEL01-PI,Risco Baixo,Baixa
sábado,BR-116,173.0,Pleno dia,Decrescente,Céu Claro,Dupla,Reta,-23.3171,-46.08179,DEL02-SP,Risco Médio,Alta
domingo,BR-135,7.8,Plena Noite,Crescente,Céu Claro,Dupla,Retorno Regulamentado,-2.636088,-44.26849,DEL01-MA,Risco Baixo,Baixa
terça-feira,BR-262,44.7,Pleno dia,Decrescente,Sol,Simples,Curva,-20.26012,-42.08811,DEL06-MG,Risco Baixo,Média
domingo,BR-373,181.5,Plena Noite,Crescente,Céu Claro,Simples,Reta,-25.04315,-50.26335,DEL03-PR,Risco Médio,Baixa
sábado,BR-70,7.7,Pleno dia,Decrescente,Céu Claro,Dupla,Não Informado,-15.73868,-48.27304,DEL01-DF,Risco Médio,Baixa
sexta-feira,BR-101,110.0,Pleno dia,Crescente,Céu Claro,Dupla,Curva,-8.317046,-35.10726,DEL01-PE,Risco Médio,Alta
segunda-feira,BR-116,225.0,Anoitecer,Crescente,Céu Claro,Simples,Reta,-29.59705,-51.10912,DEL01-RS,Risco Médio,Alta
quinta-feira,BR-116,214.0,Plena Noite,Decrescente,Céu Claro,Múltipla,Reta,-23.444,-46.44714,DEL01-SP,Risco Alto,Alta
segunda-feira,BR-116,121.0,Anoitecer,Decrescente,Céu Claro,Dupla,Reta,-25.55993,-49.30744,DEL01-PR,Risco Médio,Alta
quinta-feira,BR-116,145.0,Plena Noite,Decrescente,Céu Claro,Dupla,Não Informado,-23.18698,-45.85481,DEL02-SP,Risco Médio,Alta
sábado,BR-116,627.1,Plena Noite,Crescente,Céu Claro,Simples,Ponte,-20.55687,-42.2088,DEL07-MG,Risco Baixo,Alta
sexta-feira,BR-153,172.0,Pleno dia,Decrescente,Céu Claro,Simples,Reta,-21.61519,-49.78602,DEL07-SP,Risco Baixo,Alta
quinta-feira,BR-101,346.0,Plena Noite,Decrescente,Chuva,Dupla,Reta,-28.57075,-49.05321,DEL02-SC,Risco Baixo,Alta
quarta-feira,BR-463,106.3,Plena Noite,Crescente,Céu Claro,Simples,Reta,-22.59656,-55.66537,DEL04-MS,Risco Médio,Baixa
sábado,BR-267,24.1,Pleno dia,Crescente,Chuva,Simples,Não Informado,-21.615,-42.80972,DEL07-MG,Risco Médio,Baixa
sábado,BR-153,31.7,Plena Noite,Crescente,Céu Claro,Simples,Reta,-23.28448,-50.05683,DEL07-PR,Risco Baixo,Alta
domingo,BR-230,502.0,Pleno dia,Decrescente,Céu Claro,Simples,Reta,-7.89672,-62.1764,DEL01-AM,Risco Médio,Baixa
sábado,BR-222,285.6,Pleno dia,Crescente,Céu Claro,Simples,Reta,-3.850876,-45.52619,DEL02-MA,Risco Médio,Baixa
segunda-feira,BR-135,10.6,Pleno dia,Decrescente,Sol,Dupla,Não Informado,-2.664607,-44.2864,DEL01-MA,Risco Médio,Baixa
sábado,BR-101,134.0,Pleno dia,Crescente,Céu Claro,Dupla,Reta,-27.0009,-48.64083,DEL04-SC,Risco Médio,Alta
sábado,BR-101,377.5,Plena Noite,Crescente,Nevoeiro/Neblina,Dupla,Reta,-28.73457,-49.24624,DEL02-SC,Risco Médio,Alta
quarta-feira,BR-116,427.7,Amanhecer,Crescente,Nublado,Dupla,Reta,-12.28077,-38.99783,DEL02-BA,Risco Médio,Alta
domingo,BR-40,31.0,Pleno dia,Crescente,Nublado,Dupla,Curva,-22.19305,-43.15866,DEL06-RJ,Risco Baixo,Alta
quarta-feira,BR-101,358.7,Plena Noite,Decrescente,Céu Claro,Dupla,Reta,-28.64277,-49.1004,DEL02-SC,Risco Médio,Alta
quinta-feira,BR-452,181.0,Plena Noite,Crescente,Céu Claro,Simples,Reta,-18.38028,-49.34811,DEL03-GO,Risco Baixo,Baixa
quinta-feira,BR-319,63.1,Pleno dia,Decrescente,Nublado,Dupla,Interseção de vias,-8.758739,-63.88611,DEL01-RO,Risco Baixo,Baixa
domingo,BR-407,124.2,Plena Noite,Decrescente,Céu Claro,Dupla,Curva,-9.369299,-40.54137,DEL06-PE,Risco Médio,Baixa
segunda-feira,BR-101,76.0,Pleno dia,Crescente,Chuva,Simples,Reta,-10.77298,-37.12525,DEL01-SE,Risco Médio,Alta
terça-feira,BR-101,49.2,Plena Noite,Crescente,Céu Claro,Dupla,Reta,-29.59966,-50.08022,DEL03-RS,Risco Médio,Alta
terça-feira,BR-153,515.1,Plena Noite,Decrescente,Céu Claro,Dupla,Reta,-16.8413,-49.2454,DEL01-GO,Risco Alto,Alta
sábado,BR-116,215.0,Pleno dia,Crescente,Céu Claro,Múltipla,Reta,-23.45074,-46.46486,DEL01-SP,Risco Médio,Alta
quinta-feira,BR-116,265.0,Plena Noite,Decrescente,Céu Claro,Múltipla,Reta,-29.91444,-51.17754,DEL01-RS,Risco Médio,Alta
quarta-feira,BR-230,18.0,Pleno dia,Decrescente,Chuva,Dupla,Reta,-7.1198,-34.8453,DEL01-PB,Risco Médio,Baixa
segunda-feira,BR-343,26.0,Plena Noite,Decrescente,Garoa/Chuvisco,Simples,Reta,-3.034567,-41.77211,DEL05-PI,Risco Médio,Baixa
quarta-feira,BR-287,358.3,Plena Noite,Decrescente,Céu Claro,Simples,Reta,-29.46641,-54.70986,DEL12-RS,Risco Baixo,Baixa
quarta-feira,BR-101,133.0,Pleno dia,Crescente,Céu Claro,Dupla,Reta,-27.0021,-48.6362,DEL04-SC,Risco Médio,Alta
domingo,BR-470,49.2,Plena Noite,Crescente,Nublado,Dupla,Reta,-26.86066,-49.06516,DEL04-SC,Risco Baixo,Baixa
sábado,BR-101,37.0,Anoitecer,Decrescente,Nublado,Simples,Reta,-21.52499,-41.33663,DEL08-RJ,Risco Médio,Alta
terça-feira,BR-116,547.7,Pleno dia,Decrescente,Chuva,Dupla,Curva,-24.9675,-48.44905,DEL05-SP,Risco Baixo,Alta
domingo,BR-60,373.2,Plena Noite,Crescente,Nublado,Simples,Curva,-20.6297,-54.75058,DEL01-MS,Risco Médio,Média
sexta-feira,BR-101,189.0,Pleno dia,Crescente,Céu Claro,Dupla,Reta,-27.45939,-48.63891,DEL01-SC,Risco Médio,Alta
quinta-feira,BR-116,443.0,Plena Noite,Crescente,Céu Claro,Dupla,Reta,-12.36128,-39.10373,DEL02-BA,Risco Médio,Alta
terça-feira,BR-364,566.0,Plena Noite,Crescente,Céu Claro,Simples,Curva,-9.507974,-63.07915,DEL01-RO,Risco Médio,Alta
sábado,BR-465,9.0,Pleno dia,Crescente,Céu Claro,Simples,Reta,-22.7414,-43.7053,DEL01-RJ,Risco Alto,Baixa
sexta-feira,BR-101,202.0,Pleno dia,Crescente,Céu Claro,Simples,Reta,-27.55712,-48.61898,DEL01-SC,Risco Médio,Alta
sexta-feira,BR-262,610.6,Pleno dia,Decrescente,Sol,Simples,Reta,-19.59168,-46.30837,DEL08-MG,Risco Alto,Média
quinta-feira,BR-316,9.6,Pleno dia,Crescente,Sol,Múltipla,Não Informado,-5.173817,-42.76625,DEL01-PI,Risco Médio,Baixa
sexta-feira,BR-470,224.0,Plena Noite,Decrescente,Céu Claro,Simples,Reta,-29.21556,-51.51744,DEL06-RS,Risco Médio,Baixa
segunda-feira,BR-476,82.0,Pleno dia,Crescente,Céu Claro,Simples,Curva,-25.138,-49.10474,DEL01-PR,Risco Médio,Baixa
sábado,BR-101,81.4,Pleno dia,Crescente,Céu Claro,Dupla,Reta,-5.764695,-35.28296,DEL02-RN,Risco Médio,Alta
sexta-feira,BR-40,510.9,Pleno dia,Decrescente,Nublado,Dupla,Reta,-19.78609,-44.11811,DEL01-MG,Risco Baixo,Alta
segunda-feira,BR-40,438.0,Pleno dia,Crescente,Céu Claro,Dupla,Reta,-19.231,-44.43562,DEL02-MG,Risco Médio,Alta
domingo,BR-316,89.0,Plena Noite,Decrescente,Céu Claro,Simples,Reta,-1.3198,-47.6903,DEL01-PA,Risco Alto,Baixa
quarta-feira,BR-381,525.5,Plena Noite,Crescente,Céu Claro,Dupla,Curva,-20.16711,-44.33422,DEL04-MG,Risco Baixo,Alta
sábado,BR-40,567.8,Pleno dia,Decrescente,Chuva,Simples,Não Informado,-20.19388,-43.97281,DEL01-MG,Risco Baixo,Alta
quarta-feira,BR-110,48.9,Plena Noite,Decrescente,Céu Claro,Dupla,Reta,-5.208812,-37.33285,DEL04-RN,Risco Médio,Baixa
terça-feira,BR-50,176.7,Plena Noite,Decrescente,Nublado,Dupla,Reta,-19.7792,-47.96003,DEL13-MG,Risco Médio,Média
sábado,BR-316,250.5,Plena Noite,Crescente,Nublado,Simples,Rotatória,-9.567474,-35.97008,DEL01-AL,Risco Médio,Baixa
sexta-feira,BR-365,646.5,Plena Noite,Decrescente,Céu Claro,Dupla,Reta,-18.87408,-48.53386,DEL15-MG,Risco Médio,Média
domingo,BR-101,353.0,Amanhecer,Crescente,Nublado,Simples,Curva,-13.77145,-39.49433,DEL05-BA,Risco Alto,Alta
sábado,BR-282,35.0,Pleno dia,Crescente,Sol,Simples,Curva,-27.70421,-48.83599,DEL01-SC,Risco Médio,Baixa
quarta-feira,BR-101,210.0,Pleno dia,Decrescente,Sol,Múltipla,Reta,-27.61673,-48.64573,DEL01-SC,Risco Médio,Alta
domingo,BR-476,141.0,Plena Noite,Crescente,Céu Claro,Dupla,Reta,-25.52861,-49.2988,DEL01-PR,Risco Baixo,Baixa
sábado,BR-116,265.0,Pleno dia,Crescente,Céu Claro,Múltipla,Reta,-29.92342,-51.17781,DEL01-RS,Risco Médio,Alta
sexta-feira,BR-316,267.0,Plena Noite,Decrescente,Nublado,Simples,Curva,-9.584,-35.84,DEL02-AL,Risco Médio,Baixa
sábado,BR-376,189.0,Plena Noite,Crescente,Céu Claro,Dupla,Reta,-23.46644,-51.82809,DEL07-PR,Risco Médio,Baixa
sábado,BR-40,92.9,Plena Noite,Crescente,Céu Claro,Simples,Reta,-16.73081,-47.62621,DEL01-DF,Risco Baixo,Alta
quarta-feira,BR-232,47.0,Pleno dia,Decrescente,Céu Claro,Dupla,Reta,-8.137697,-35.29734,DEL01-PE,Risco Baixo,Baixa
quarta-feira,BR-470,56.4,Pleno dia,Crescente,Nublado,Simples,Interseção de vias,-26.8732,-49.11422,DEL04-SC,Risco Médio,Baixa
domingo,BR-174,294.0,Pleno dia,Decrescente,Céu Claro,Simples,Reta,-15.21308,-59.32044,DEL04-MT,Risco Baixo,Baixa
terça-feira,BR-116,223.0,Anoitecer,Decrescente,Garoa/Chuvisco,Múltipla,Reta,-23.4782,-46.5287,DEL01-SP,Risco Médio,Alta
domingo,BR-465,15.2,Pleno dia,Decrescente,Céu Claro,Simples,Curva,-22.81093,-43.6315,DEL01-RJ,Risco Médio,Baixa
sexta-feira,BR-116,30.3,Plena Noite,Decrescente,Nublado,Dupla,Reta,-22.63522,-44.93449,DEL08-SP,Risco Baixo,Alta
sexta-feira,BR-364,704.0,Pleno dia,Decrescente,Sol,Dupla,Reta,-8.761161,-63.90043,DEL01-RO,Risco Baixo,Alta
quinta-feira,BR-381,752.0,Amanhecer,Decrescente,Nublado,Dupla,Curva,-21.67247,-45.3343,DEL16-MG,Risco Médio,Alta
quarta-feira,BR-476,324.3,Pleno dia,Decrescente,Sol,Simples,Reta,-26.08775,-50.76587,DEL02-PR,Risco Médio,Baixa
sábado,BR-381,490.0,Pleno dia,Decrescente,Nublado,Dupla,Reta,-19.96503,-44.17422,DEL01-MG,Risco Médio,Alta
quarta-feira,BR-101,875.3,Amanhecer,Decrescente,Nublado,Dupla,Interseção de vias,-17.5238,-39.7079,DEL09-BA,Risco Baixo,Alta
terça-feira,BR-280,118.4,Pleno dia,Decrescente,Céu Claro,Simples,Não Informado,-26.25978,-49.44444,DEL06-SC,Risco Médio,Baixa
sexta-feira,BR-381,500.3,Pleno dia,Decrescente,Sol,Dupla,Não Informado,-20.00255,-44.21196,DEL01-MG,Risco Médio,Alta
sábado,BR-70,8.8,Pleno dia,Crescente,Céu Claro,Dupla,Não Informado,-15.73584,-48.27729,DEL01-DF,Risco Baixo,Baixa
quinta-feira,BR-448,10.0,Plena Noite,Decrescente,Nublado,Simples,Não Informado,-29.90327,-51.24493,DEL01-RS,Risco Médio,Baixa
segunda-feira,BR-116,732.4,Plena Noite,Decrescente,Céu Claro,Simples,Reta,-21.28973,-42.41764,DEL07-MG,Risco Médio,Alta
segunda-feira,BR-290,89.0,Pleno dia,Crescente,Sol,Múltipla,Reta,-29.96789,-51.14733,DEL01-RS,Risco Médio,Baixa
domingo,BR-101,325.0,Pleno dia,Decrescente,Céu Claro,Dupla,Reta,-22.8784,-43.11457,DEL02-RJ,Risco Médio,Alta
sexta-feira,BR-376,3.8,Plena Noite,Crescente,Nublado,Simples,Reta,-23.55686,-51.44234,DEL07-PR,Risco Médio,Baixa
sexta-feira,BR-262,354.8,Pleno dia,Crescente,Sol,Dupla,Reta,-19.98367,-44.2089,DEL01-MG,Risco Alto,Média
sexta-feira,BR-101,200.0,Pleno dia,Crescente,Céu Claro,Múltipla,Reta,-27.54734,-48.61983,DEL01-SC,Risco Médio,Alta
terça-feira,BR-116,762.9,Pleno dia,Crescente,Céu Claro,Simples,Retorno Regulamentado,-21.52888,-42.62361,DEL07-MG,Risco Médio,Alta
quinta-feira,BR-230,203.9,Plena Noite,Crescente,Céu Claro,Simples,Reta,-7.0962,-36.2621,DEL02-PB,Risco Médio,Baixa
segunda-feira,BR-365,648.1,Plena Noite,Decrescente,Céu Claro,Dupla,Reta,-18.87285,-48.54027,DEL15-MG,Risco Médio,Média
sexta-feira,BR-316,596.1,Plena Noite,Decrescente,Céu Claro,Simples,Reta,-5.017139,-42.98926,DEL03-MA,Risco Alto,Baixa
sábado,BR-101,69.9,Pleno dia,Decrescente,Céu Claro,Múltipla,Curva,-8.059832,-34.94565,DEL01-PE,Risco Baixo,Alta
quinta-feira,BR-116,19.0,Pleno dia,Crescente,Nublado,Dupla,Reta,-3.9268,-38.5078,DEL01-CE,Risco Médio,Alta
domingo,BR-324,5.0,Plena Noite,Decrescente,Céu Claro,Dupla,Reta,-12.28217,-38.97651,DEL02-BA,Risco Médio,Baixa
quarta-feira,BR-153,617.2,Amanhecer,Decrescente,Céu Claro,Dupla,Desvio Temporário,-17.68881,-49.15787,DEL03-GO,Risco Médio,Alta
domingo,BR-116,171.2,Plena Noite,Decrescente,Céu Claro,Dupla,Reta,-23.31217,-46.0633,DEL02-SP,Risco Médio,Alta
domingo,BR-267,70.6,Plena Noite,Crescente,Nublado,Simples,Reta,-21.7569,-43.1648,DEL05-MG,Risco Médio,Baixa
segunda-feira,BR-101,282.0,Pleno dia,Crescente,Sol,Simples,Retorno Regulamentado,-22.73591,-42.80593,DEL02-RJ,Risco Médio,Alta
sexta-feira,BR-262,836.0,Pleno dia,Crescente,Céu Claro,Simples,Reta,-19.75218,-48.23839,DEL13-MG,Risco Médio,Média
quinta-feira,BR-174,277.0,Plena Noite,Decrescente,Céu Claro,Dupla,Curva,-15.31312,-59.24466,DEL04-MT,Risco Baixo,Baixa
sexta-feira,BR-226,51.0,Pleno dia,Crescente,Céu Claro,Simples,Não Informado,-6.799455,-47.80687,DEL02-TO,Risco Médio,Baixa
quinta-feira,BR-163,1029.0,Pleno dia,Crescente,Céu Claro,Simples,Interseção de vias,-10.24588,-54.98989,DEL06-MT,Risco Médio,Alta
sexta-feira,BR-116,530.5,Plena Noite,Crescente,Chuva,Simples,Reta,-19.81067,-42.13539,DEL06-MG,Risco Médio,Alta
sexta-feira,BR-116,218.0,Pleno dia,Crescente,Sol,Múltipla,Reta,-23.4584,-46.48277,DEL01-SP,Risco Médio,Alta
sexta-feira,BR-116,301.0,Plena Noite,Crescente,Céu Claro,Simples,Não Informado,-30.1319,-51.35387,DEL02-RS,Risco Médio,Alta
segunda-feira,BR-376,11.0,Anoitecer,Crescente,Céu Claro,Dupla,Reta,-23.38713,-51.89864,DEL07-PR,Risco Médio,Baixa
sábado,BR-101,322.0,Anoitecer,Decrescente,Céu Claro,Dupla,Reta,-22.87596,-43.1117,DEL02-RJ,Risco Médio,Alta
quarta-feira,BR-381,360.0,Plena Noite,Crescente,Nublado,Simples,Curva,-19.83952,-43.1965,DEL03-MG,Risco Médio,Alta
sexta-feira,BR-116,403.8,Plena Noite,Decrescente,Céu Claro,Simples,Curva,-18.80263,-41.9859,DEL06-MG,Risco Médio,Alta
terça-feira,BR-60,465.0,Pleno dia,Decrescente,Céu Claro,Dupla,Não Informado,-17.8893,-51.6555,DEL05-GO,Risco Médio,Média
sábado,BR-423,62.0,Plena Noite,Crescente,Nublado,Simples,Reta,-8.66011,-36.33781,DEL03-PE,Risco Alto,Baixa
sábado,BR-101,337.9,Plena Noite,Crescente,Céu Claro,Simples,Reta,-20.64604,-40.56522,DEL03-ES,Risco Médio,Alta
terça-feira,BR-222,664.0,Pleno dia,Decrescente,Sol,Simples,Reta,-4.8754,-47.3525,DEL04-MA,Risco Alto,Baixa
terça-feira,BR-163,317.0,Plena Noite,Crescente,Céu Claro,Simples,Reta,-24.3291,-54.15448,DEL06-PR,Risco Médio,Alta
sexta-feira,BR-364,423.0,Pleno dia,Decrescente,Céu Claro,Simples,Reta,-10.45221,-62.46072,DEL03-RO,Risco Médio,Alta
quinta-feira,BR-101,85.0,Pleno dia,Crescente,Céu Claro,Dupla,Reta,-5.777664,-35.24937,DEL02-RN,Risco Médio,Alta
segunda-feira,BR-369,178.0,Anoitecer,Crescente,Céu Claro,Dupla,Reta,-23.34611,-51.38631,DEL07-PR,Risco Médio,Baixa
domingo,BR-101,95.0,Plena Noite,Decrescente,Céu Claro,Dupla,Não Informado,-10.91256,-37.15981,DEL02-SE,Risco Médio,Alta
quinta-feira,BR-402,56.2,Pleno dia,Crescente,Chuva,Simples,Curva,-2.852267,-43.89262,DEL01-MA,Risco Alto,Baixa
sexta-feira,BR-116,86.0,Pleno dia,Crescente,Céu Claro,Dupla,Reta,-25.46536,-49.09013,DEL01-PR,Risco Médio,Alta
terça-feira,BR-470,194.8,Pleno dia,Decrescente,Chuva,Simples,Curva,-29.0503,-51.57387,DEL06-RS,Risco Médio,Baixa