dia_semana,br,km,fase_dia,sentido_via,condicao_metereologica,tipo_pista,tracado_via,latitude,longitude,delegacia,classificacao_acidente,postos_policiais_PRF
terça-feira,BR-60,212.6,Pleno dia,Decrescente,Chuva,Dupla,Curva,-16.9521,-49.6829,DEL01-GO,Risco Médio,Média
quinta-feira,BR-472,577.0,Plena Noite,Crescente,Céu Claro,Simples,Reta,-29.7658,-57.00835,DEL13-RS,Risco Médio,Baixa
sexta-feira,BR-267,262.8,Pleno dia,Decrescente,Nublado,Simples,Curva,-21.93725,-44.57099,DEL17-MG,Risco Médio,Baixa
sábado,BR-101,88.0,Pleno dia,Crescente,Nublado,Dupla,Reta,-8.199714,-34.97854,DEL01-PE,Risco Alto,Alta
quinta-feira,BR-116,458.1,Pleno dia,Crescente,Céu Claro,Dupla,Reta,-24.59585,-47.87715,DEL05-SP,Risco Médio,Alta
sexta-feira,BR-262,156.5,Anoitecer,Crescente,Céu Claro,Simples,Reta,-20.23031,-41.4827,DEL01-ES,Risco Médio,Média
quarta-feira,BR-101,269.0,Pleno dia,Decrescente,Céu Claro,Múltipla,Reta,-20.21665,-40.26971,DEL02-ES,Risco Médio,Alta
sábado,BR-230,38.0,Pleno dia,Crescente,Céu Claro,Dupla,Reta,-7.1341,-34.962,DEL01-PB,Risco Médio,Baixa
sexta-feira,BR-472,574.0,Anoitecer,Crescente,Céu Claro,Simples,Reta,-29.76328,-57.05464,DEL13-RS,Risco Médio,Baixa
terça-feira,BR-40,114.0,Plena Noite,Decrescente,Céu Claro,Dupla,Reta,-22.72537,-43.28939,DEL01-RJ,Risco Médio,Alta
terça-feira,BR-116,422.0,Pleno dia,Decrescente,Sol,Dupla,Rotatória,-12.23087,-38.964,DEL02-BA,Risco Médio,Alta
terça-feira,BR-476,138.0,Pleno dia,Crescente,Nublado,Múltipla,Reta,-25.50556,-49.28342,DEL01-PR,Risco Baixo,Baixa
sábado,BR-153,507.1,Plena Noite,Crescente,Nublado,Dupla,Reta,-16.76412,-49.23987,DEL01-GO,Risco Médio,Alta
quarta-feira,BR-364,713.0,Plena Noite,Crescente,Nublado,Dupla,Não Informado,-8.7726,-63.8809,DEL01-RO,Risco Baixo,Alta
sexta-feira,BR-316,137.0,Amanhecer,Decrescente,Chuva,Simples,Reta,-6.17742,-42.1257,DEL04-PI,Risco Baixo,Baixa
quinta-feira,BR-230,165.0,Amanhecer,Decrescente,Sol,Simples,Reta,-6.7071,-44.2594,DEL05-MA,Risco Médio,Baixa
domingo,BR-163,780.0,Pleno dia,Decrescente,Céu Claro,Simples,Reta,-12.44382,-55.65547,DEL06-MT,Risco Médio,Alta
quinta-feira,BR-116,170.0,Pleno dia,Crescente,Céu Claro,Dupla,Reta,-22.81113,-43.33367,DEL01-RJ,Risco Médio,Alta
terça-feira,BR-343,329.9,Pleno dia,Decrescente,Céu Claro,Simples,Reta,-5.064808,-42.64177,DEL01-PI,Risco Médio,Baixa
domingo,BR-116,62.0,Pleno dia,Crescente,Céu Claro,Simples,Reta,-22.25254,-42.91928,DEL04-RJ,Risco Médio,Alta
quinta-feira,BR-101,43.0,Plena Noite,Crescente,Céu Claro,Simples,Viaduto,-26.33345,-48.86118,DEL03-SC,Risco Médio,Alta
sexta-feira,BR-116,129.5,Pleno dia,Decrescente,Céu Claro,Dupla,Reta,-23.11886,-45.71948,DEL06-SP,Risco Médio,Alta
quinta-feira,BR-376,592.0,Pleno dia,Decrescente,Céu Claro,Dupla,Reta,-25.46834,-49.35525,DEL01-PR,Risco Médio,Baixa
sábado,BR-116,156.0,Plena Noite,Decrescente,Céu Claro,Dupla,Reta,-23.24844,-45.93254,DEL02-SP,Risco Baixo,Alta
segunda-feira,BR-287,241.2,Plena Noite,Crescente,Chuva,Múltipla,Desvio Temporário,-29.70285,-53.79074,DEL09-RS,Risco Médio,Baixa
quarta-feira,BR-364,236.1,Plena Noite,Decrescente,Nublado,Simples,Reta,-11.44587,-61.43786,DEL02-RO,Risco Médio,Alta
sábado,BR-101,97.7,Plena Noite,Crescente,Céu Claro,Múltipla,Reta,-5.863113,-35.2157,DEL01-RN,Risco Médio,Alta
domingo,BR-376,339.0,Pleno dia,Crescente,Sol,Dupla,Não Informado,-24.14011,-51.00561,DEL07-PR,Risco Baixo,Baixa
sábado,BR-163,829.0,Plena Noite,Decrescente,Céu Claro,Dupla,Rotatória,-12.0407,-55.51732,DEL06-MT,Risco Baixo,Alta
quarta-feira,BR-101,236.0,Pleno dia,Crescente,Céu Claro,Simples,Reta,-12.88118,-39.21999,DEL01-BA,Risco Médio,Alta
quinta-feira,BR-116,28.0,Pleno dia,Decrescente,Céu Claro,Simples,Reta,-8.0864,-39.1266,DEL05-PE,Risco Médio,Alta
sábado,BR-316,12.0,Plena Noite,Decrescente,Céu Claro,Dupla,Reta,-5.200644,-42.758,DEL01-PI,Risco Médio,Baixa
domingo,BR-116,585.2,Plena Noite,Crescente,Garoa/Chuvisco,Simples,Reta,-32.06747,-52.87898,DEL07-RS,Risco Médio,Alta
sexta-feira,BR-116,101.3,Plena Noite,Crescente,Céu Claro,Simples,Curva,-26.71955,-50.3067,DEL06-SC,Risco Médio,Alta
quarta-feira,BR-153,73.0,Plena Noite,Crescente,Chuva,Simples,Reta,-20.8761,-49.41992,DEL09-SP,Risco Médio,Alta
sábado,BR-364,0.3,Pleno dia,Decrescente,Céu Claro,Dupla,Reta,-17.31871,-53.2119,DEL02-MT,Risco Médio,Alta
segunda-feira,BR-470,11.0,Plena Noite,Crescente,Céu Claro,Dupla,Reta,-26.83431,-48.74727,DEL04-SC,Risco Médio,Baixa
terça-feira,BR-116,269.3,Pleno dia,Crescente,Céu Claro,Dupla,Reta,-23.61593,-46.78826,DEL04-SP,Risco Baixo,Alta
terça-feira,BR-230,433.0,Pleno dia,Decrescente,Céu Claro,Simples,Reta,-7.453,-46.2904,DEL05-MA,Risco Alto,Baixa
terça-feira,BR-101,805.0,Pleno dia,Decrescente,Céu Claro,Simples,Reta,-17.0018,-39.5509,DEL09-BA,Risco Médio,Alta
domingo,BR-158,332.1,Plena Noite,Crescente,Nublado,Simples,Interseção de vias,-29.70799,-53.85554,DEL09-RS,Risco Médio,Baixa
sexta-feira,BR-70,9.5,Pleno dia,Crescente,Nublado,Dupla,Reta,-15.78462,-48.13202,DEL01-DF,Risco Médio,Baixa
domingo,BR-116,148.0,Pleno dia,Decrescente,Sol,Dupla,Reta,-27.10714,-48.61398,DEL06-SC,Risco Médio,Alta
segunda-feira,BR-10,249.7,Pleno dia,Decrescente,Céu Claro,Simples,Rotatória,-5.551619,-47.46094,DEL04-MA,Risco Alto,Baixa
sexta-feira,BR-116,75.6,Plena Noite,Decrescente,Céu Claro,Dupla,Reta,-22.87522,-45.26277,DEL08-SP,Risco Médio,Alta
sábado,BR-153,517.0,Pleno dia,Decrescente,Céu Claro,Dupla,Reta,-16.8581,-49.2488,DEL01-GO,Risco Médio,Alta
terça-feira,BR-70,58.0,Pleno dia,Crescente,Sol,Simples,Curva,-15.70258,-52.67676,DEL07-MT,Risco Médio,Baixa
sábado,BR-316,3.0,Pleno dia,Crescente,Céu Claro,Dupla,Reta,-1.390174,-48.41406,DEL01-PA,Risco Médio,Baixa
segunda-feira,BR-470,217.0,Plena Noite,Crescente,Nublado,Dupla,Rotatória,-29.16463,-51.52552,DEL06-RS,Risco Médio,Baixa
domingo,BR-316,106.0,Anoitecer,Crescente,Chuva,Simples,Curva,-1.33581,-47.53827,DEL01-PA,Risco Médio,Baixa
domingo,BR-40,115.0,Plena Noite,Decrescente,Céu Claro,Dupla,Reta,-22.737,-43.28828,DEL01-RJ,Risco Médio,Alta
terça-feira,BR-386,345.4,Pleno dia,Crescente,Sol,Dupla,Reta,-29.44307,-51.98414,DEL04-RS,Risco Médio,Média
sexta-feira,BR-101,54.0,Pleno dia,Decrescente,Céu Claro,Simples,Reta,-10.62657,-36.99774,DEL02-SE,Risco Médio,Alta
sexta-feira,BR-364,200.5,Plena Noite,Crescente,Céu Claro,Simples,Reta,-11.64903,-61.19363,DEL02-RO,Risco Médio,Alta
sexta-feira,BR-116,225.0,Pleno dia,Crescente,Céu Claro,Múltipla,Reta,-23.4884,-46.54526,DEL01-SP,Risco Médio,Alta
domingo,BR-277,126.0,Anoitecer,Decrescente,Céu Claro,Dupla,Reta,-25.47001,-49.60953,DEL01-PR,Risco Médio,Média
segunda-feira,BR-470,142.1,Pleno dia,Decrescente,Nublado,Simples,Reta,-27.20497,-49.64094,DEL04-SC,Risco Médio,Baixa
quinta-feira,BR-116,554.0,Plena Noite,Decrescente,Chuva,Dupla,Curva,-24.976,-48.4961,DEL05-SP,Risco Baixo,Alta
quarta-feira,BR-290,405.5,Pleno dia,Decrescente,Céu Claro,Simples,Reta,-30.36444,-54.19842,DEL09-RS,Risco Alto,Baixa
terça-feira,BR-40,552.1,Plena Noite,Crescente,Céu Claro,Dupla,Reta,-20.06863,-43.98195,DEL01-MG,Risco Médio,Alta
quinta-feira,BR-364,38.5,Plena Noite,Decrescente,Céu Claro,Simples,Reta,-17.09735,-53.46365,DEL02-MT,Risco Alto,Alta
quinta-feira,BR-381,503.0,Plena Noite,Crescente,Céu Claro,Simples,Desvio Temporário,-20.0304,-44.236,DEL01-MG,Risco Médio,Alta
quinta-feira,BR-369,145.2,Anoitecer,Decrescente,Céu Claro,Dupla,Reta,-23.29322,-51.11807,DEL07-PR,Risco Médio,Baixa
sábado,BR-376,679.0,Plena Noite,Crescente,Céu Claro,Dupla,Curva,-25.95249,-48.90289,DEL01-PR,Risco Baixo,Baixa
domingo,BR-290,303.4,Plena Noite,Decrescente,Céu Claro,Simples,Reta,-30.32326,-53.23874,DEL09-RS,Risco Baixo,Baixa
terça-feira,BR-376,434.9,Plena Noite,Decrescente,Ignorado,Simples,Não Informado,-24.77164,-50.5219,DEL03-PR,Risco Médio,Baixa
terça-feira,BR-116,581.2,Pleno dia,Crescente,Chuva,Simples,Curva,-20.19603,-42.18344,DEL06-MG,Risco Médio,Alta
sexta-feira,BR-153,633.8,Pleno dia,Crescente,Nublado,Dupla,Reta,-17.8191,-49.2117,DEL03-GO,Risco Médio,Alta
sexta-feira,BR-476,130.0,Pleno dia,Decrescente,Sol,Múltipla,Reta,-25.45265,-49.24365,DEL01-PR,Risco Médio,Baixa
sábado,BR-376,679.0,Pleno dia,Crescente,Céu Claro,Dupla,Não Informado,-25.953,-48.9027,DEL01-PR,Risco Médio,Baixa
sexta-feira,BR-316,214.7,Plena Noite,Crescente,Chuva,Simples,Curva,-9.519835,-36.22965,DEL01-AL,Risco Médio,Baixa
quinta-feira,BR-262,81.5,Pleno dia,Decrescente,Céu Claro,Simples,Reta,-20.3355,-42.38662,DEL03-MG,Risco Médio,Média
sábado,BR-424,108.3,Plena Noite,Decrescente,Chuva,Simples,Reta,-8.989981,-36.47703,DEL03-PE,Risco Médio,Baixa
segunda-feira,BR-226,25.0,Plena Noite,Crescente,Nublado,Simples,Reta,-6.638903,-47.65845,DEL02-TO,Risco Baixo,Baixa
quarta-feira,BR-153,439.3,Pleno dia,Crescente,Céu Claro,Dupla,Não Informado,-16.29853,-48.92821,DEL02-GO,Risco Médio,Alta
domingo,BR-20,31.0,Plena Noite,Crescente,Céu Claro,Dupla,Reta,-15.59253,-47.59494,DEL02-DF,Risco Médio,Baixa
terça-feira,BR-101,298.9,Anoitecer,Decrescente,Chuva,Simples,Reta,-20.35374,-40.41564,DEL01-ES,Risco Médio,Alta
sábado,BR-280,46.0,Plena Noite,Crescente,Nublado,Simples,Reta,-26.45295,-48.90788,DEL03-SC,Risco Médio,Baixa
domingo,BR-316,252.8,Amanhecer,Crescente,Garoa/Chuvisco,Simples,Reta,-9.578894,-35.9617,DEL02-AL,Risco Alto,Baixa
domingo,BR-101,200.9,Pleno dia,Crescente,Nublado,Dupla,Não Informado,-27.5485,-48.6196,DEL01-SC,Risco Médio,Alta
quarta-feira,BR-101,121.0,Plena Noite,Crescente,Céu Claro,Dupla,Reta,-26.92103,-48.70856,DEL04-SC,Risco Médio,Alta
quarta-feira,BR-277,723.0,Plena Noite,Crescente,Nublado,Dupla,Reta,-25.49878,-54.52985,DEL05-PR,Risco Alto,Média
sexta-feira,BR-116,121.0,Pleno dia,Crescente,Nublado,Dupla,Reta,-25.55993,-49.30744,DEL01-PR,Risco Médio,Alta
sexta-feira,BR-407,126.6,Pleno dia,Decrescente,Céu Claro,Simples,Reta,-9.391096,-40.52025,DEL06-PE,Risco Baixo,Baixa
segunda-feira,BR-116,11.0,Pleno dia,Crescente,Céu Claro,Simples,Reta,-14.88098,-40.871,DEL08-BA,Risco Médio,Alta
sexta-feira,BR-116,33.0,Pleno dia,Decrescente,Nublado,Dupla,Curva,-25.1144,-48.8467,DEL01-PR,Risco Médio,Alta
sexta-feira,BR-116,60.0,Pleno dia,Crescente,Céu Claro,Dupla,Reta,-22.79107,-45.16105,DEL08-SP,Risco Médio,Alta
sábado,BR-116,132.0,Plena Noite,Crescente,Chuva,Dupla,Reta,-22.65703,-43.13458,DEL02-RJ,Risco Médio,Alta
terça-feira,BR-376,3.6,Pleno dia,Decrescente,Sol,Simples,Reta,-23.54797,-51.67126,DEL09-PR,Risco Médio,Baixa
sexta-feira,BR-364,367.5,Plena Noite,Crescente,Céu Claro,Dupla,Reta,-15.7421,-55.66284,DEL01-MT,Risco Médio,Alta
terça-feira,BR-50,16.6,Pleno dia,Crescente,Céu Claro,Dupla,Não Informado,-18.5561,-48.0562,DEL15-MG,Risco Médio,Média
segunda-feira,BR-101,21.0,Anoitecer,Crescente,Céu Claro,Dupla,Reta,-10.36934,-36.91236,DEL02-SE,Risco Médio,Alta
quinta-feira,BR-101,225.4,Pleno dia,Crescente,Nublado,Simples,Curva,-19.89691,-40.41145,DEL02-ES,Risco Baixo,Alta
quinta-feira,BR-153,663.0,Amanhecer,Decrescente,Nublado,Dupla,Reta,-18.0812,-49.271,DEL03-GO,Risco Alto,Alta
sábado,BR-116,265.0,Amanhecer,Crescente,Chuva,Múltipla,Desvio Temporário,-29.92341,-51.17781,DEL01-RS,Risco Médio,Alta
terça-feira,BR-262,76.0,Pleno dia,Decrescente,Nublado,Simples,Curva,-20.41279,-40.90834,DEL01-ES,Risco Médio,Média
sexta-feira,BR-376,203.0,Plena Noite,Crescente,Céu Claro,Dupla,Reta,-23.51213,-51.70943,DEL07-PR,Risco Médio,Baixa
segunda-feira,BR-60,78.0,Pleno dia,Decrescente,Céu Claro,Dupla,Não Informado,-16.2967,-48.8039,DEL02-GO,Risco Baixo,Média
quinta-feira,BR-101,206.0,Pleno dia,Crescente,Chuva,Dupla,Reta,-27.59194,-48.61825,DEL01-SC,Risco Médio,Alta
domingo,BR-282,518.6,Plena Noite,Decrescente,Céu Claro,Simples,Curva,-26.94541,-52.5128,DEL07-SC,Risco Baixo,Baixa
sábado,BR-369,162.0,Pleno dia,Decrescente,Céu Claro,Dupla,Reta,-23.29613,-51.2083,DEL07-PR,Risco Médio,Baixa
domingo,BR-290,207.0,Plena Noite,Crescente,Céu Claro,Simples,Ponte,-30.16791,-52.28826,DEL02-RS,Risco Baixo,Baixa
domingo,BR-277,434.7,Pleno dia,Crescente,Chuva,Simples,Não Informado,-25.37723,-52.23973,DEL04-PR,Risco Médio,Média
sábado,BR-367,73.0,Plena Noite,Crescente,Céu Claro,Simples,Curva,-16.38477,-39.48917,DEL09-BA,Risco Médio,Baixa
segunda-feira,BR-364,430.0,Pleno dia,Crescente,Garoa/Chuvisco,Simples,Não Informado,-10.41098,-62.5101,DEL03-RO,Risco Médio,Alta
sábado,BR-70,522.0,Pleno dia,Crescente,Céu Claro,Simples,Reta,-15.66205,-56.18614,DEL01-MT,Risco Médio,Baixa
quarta-feira,BR-101,271.0,Plena Noite,Crescente,Céu Claro,Dupla,Curva,-22.72443,-42.69368,DEL02-RJ,Risco Médio,Alta
sexta-feira,BR-20,407.0,Plena Noite,Decrescente,Céu Claro,Dupla,Reta,-3.76999,-38.67006,DEL01-CE,Risco Médio,Baixa
sábado,BR-428,188.2,Pleno dia,Crescente,Céu Claro,Simples,Interseção de vias,-9.375162,-40.49005,DEL06-PE,Risco Médio,Baixa
segunda-feira,BR-116,529.0,Plena Noite,Crescente,Nevoeiro/Neblina,Simples,Reta,-19.80359,-42.13619,DEL06-MG,Risco Médio,Alta
terça-feira,BR-364,349.0,Pleno dia,Crescente,Céu Claro,Dupla,Curva,-15.80503,-55.55464,DEL05-MT,Risco Médio,Alta
quinta-feira,BR-70,2.4,Pleno dia,Decrescente,Céu Claro,Dupla,Curva,-15.76336,-48.23284,DEL01-DF,Risco Médio,Baixa
sábado,BR-153,43.4,Pleno dia,Crescente,Céu Claro,Dupla,Reta,-23.30898,-50.07039,DEL07-PR,Risco Baixo,Alta
terça-feira,BR-285,354.0,Plena Noite,Crescente,Céu Claro,Simples,Reta,-28.3852,-53.0112,DEL08-RS,Risco Médio,Baixa
segunda-feira,BR-101,167.5,Pleno dia,Crescente,Céu Claro,Simples,Reta,-12.36027,-38.83595,DEL01-BA,Risco Médio,Alta
sábado,BR-376,543.9,Plena Noite,Crescente,Nublado,Dupla,Reta,-25.3817,-49.8088,DEL01-PR,Risco Médio,Baixa
quinta-feira,BR-101,207.0,Pleno dia,Crescente,Céu Claro,Dupla,Reta,-27.5998,-48.6225,DEL01-SC,Risco Médio,Alta
quarta-feira,BR-163,832.0,Pleno dia,Decrescente,Céu Claro,Dupla,Reta,-11.88644,-55.5019,DEL06-MT,Risco Médio,Alta
quarta-feira,BR-470,38.2,Anoitecer,Decrescente,Céu Claro,Simples,Curva,-26.91477,-48.97536,DEL04-SC,Risco Médio,Baixa
sábado,BR-40,82.0,Pleno dia,Decrescente,Garoa/Chuvisco,Simples,Curva,-22.51183,-43.23076,DEL06-RJ,Risco Médio,Alta
domingo,BR-324,620.0,Pleno dia,Decrescente,Chuva,Dupla,Reta,-12.91554,-38.46144,DEL01-BA,Risco Médio,Baixa
segunda-feira,BR-407,117.0,Pleno dia,Crescente,Céu Claro,Simples,Reta,-9.314647,-40.57336,DEL06-PE,Risco Médio,Baixa
quarta-feira,BR-262,100.8,Plena Noite,Crescente,Chuva,Simples,Reta,-20.3488,-41.1028,DEL01-ES,Risco Médio,Média
domingo,BR-423,58.0,Pleno dia,Decrescente,Céu Claro,Simples,Reta,-8.632413,-36.30454,DEL03-PE,Risco Baixo,Baixa
sábado,BR-421,50.0,Plena Noite,Decrescente,Céu Claro,Simples,Reta,-10.2652,-63.2955,DEL03-RO,Risco Médio,Baixa
sábado,BR-376,136.0,Pleno dia,Decrescente,Céu Claro,Simples,Não Informado,-23.20241,-52.19657,DEL07-PR,Risco Médio,Baixa
terça-feira,BR-163,484.4,Plena Noite,Crescente,Céu Claro,Simples,Interseção de vias,-20.45105,-54.54033,DEL01-MS,Risco Médio,Alta
quarta-feira,BR-101,211.0,Pleno dia,Decrescente,Nublado,Múltipla,Não Informado,-27.62344,-48.65228,DEL01-SC,Risco Alto,Alta
sábado,BR-153,73.0,Plena Noite,Crescente,Céu Claro,Simples,Não Informado,-13.45949,-49.13567,DEL07-GO,Risco Alto,Alta
segunda-feira,BR-116,2.9,Pleno dia,Decrescente,Céu Claro,Simples,Interseção de vias,-14.851,-40.8485,DEL08-BA,Risco Médio,Alta
domingo,BR-386,444.0,Pleno dia,Crescente,Nublado,Dupla,Reta,-29.8911,-51.20306,DEL01-RS,Risco Médio,Média
quinta-feira,BR-153,141.5,Pleno dia,Crescente,Céu Claro,Dupla,Rotatória,-7.175959,-48.21955,DEL02-TO,Risco Médio,Alta
domingo,BR-116,144.0,Plena Noite,Crescente,Céu Claro,Dupla,Reta,-22.67134,-43.279,DEL01-RJ,Risco Baixo,Alta
quarta-feira,BR-70,8.0,Plena Noite,Crescente,Nublado,Dupla,Desvio Temporário,-15.78497,-48.12211,DEL01-DF,Risco Médio,Baixa
quarta-feira,BR-40,79.0,Pleno dia,Crescente,Céu Claro,Simples,Reta,-17.45703,-46.66875,DEL14-MG,Risco Médio,Alta
domingo,BR-101,123.1,Anoitecer,Decrescente,Nublado,Dupla,Não Informado,-26.93669,-48.69877,DEL04-SC,Risco Médio,Alta
sábado,BR-101,146.0,Pleno dia,Crescente,Céu Claro,Simples,Reta,-27.0918,-48.6168,DEL04-SC,Risco Médio,Alta
segunda-feira,BR-153,478.5,Pleno dia,Crescente,Céu Claro,Simples,Reta,-26.34584,-51.25488,DEL07-SC,Risco Médio,Alta
domingo,BR-116,175.0,Pleno dia,Decrescente,Céu Claro,Múltipla,Reta,-22.78924,-43.37275,DEL01-RJ,Risco Médio,Alta
domingo,BR-101,301.9,Plena Noite,Decrescente,Garoa/Chuvisco,Dupla,Reta,-20.36958,-40.44385,DEL01-ES,Risco Médio,Alta
sexta-feira,BR-10,177.0,Plena Noite,Crescente,Céu Claro,Simples,Reta,-6.1712,-47.3649,DEL04-MA,Risco Médio,Baixa
sábado,BR-251,37.8,Plena Noite,Crescente,Céu Claro,Simples,Não Informado,-15.94583,-47.79063,DEL01-DF,Risco Médio,Baixa
quinta-feira,BR-40,91.7,Pleno dia,Crescente,Chuva,Simples,Não Informado,-22.54904,-43.2423,DEL06-RJ,Risco Médio,Alta
domingo,BR-20,125.4,Plena Noite,Decrescente,Céu Claro,Simples,Não Informado,-14.85423,-46.78397,DEL02-DF,Risco Baixo,Baixa
terça-feira,BR-101,270.0,Pleno dia,Crescente,Chuva,Múltipla,Reta,-20.22662,-40.27075,DEL02-ES,Risco Médio,Alta
sábado,BR-232,253.8,Plena Noite,Decrescente,Céu Claro,Simples,Reta,-8.425221,-37.07236,DEL03-PE,Risco Alto,Baixa
terça-feira,BR-386,396.0,Pleno dia,Decrescente,Chuva,Dupla,Desvio Temporário,-29.73257,-51.63193,DEL04-RS,Risco Médio,Média
quarta-feira,BR-376,180.0,Plena Noite,Decrescente,Chuva,Dupla,Reta,-23.42725,-51.89512,DEL09-PR,Risco Médio,Baixa
quarta-feira,BR-158,269.0,Pleno dia,Crescente,Céu Claro,Dupla,Rotatória,-17.8628,-51.7299,DEL05-GO,Risco Baixo,Baixa
quinta-feira,BR-230,152.2,Pleno dia,Crescente,Céu Claro,Simples,Não Informado,-7.2688,-35.8837,DEL02-PB,Risco Baixo,Baixa
sábado,BR-101,122.0,Pleno dia,Crescente,Nublado,Dupla,Reta,-7.450382,-34.97994,DEL01-PB,Risco Médio,Alta
sexta-feira,BR-70,230.0,Plena Noite,Decrescente,Céu Claro,Simples,Reta,-15.63921,-53.941,DEL05-MT,Risco Alto,Baixa
segunda-feira,BR-381,27.7,Plena Noite,Crescente,Céu Claro,Dupla,Curva,-23.03326,-46.54275,DEL03-SP,Risco Baixo,Alta
sábado,BR-432,202.0,Anoitecer,Decrescente,Céu Claro,Simples,Reta,2.700705,-60.60826,DEL01-RR,Risco Médio,Baixa
sábado,BR-10,236.0,Anoitecer,Decrescente,Céu Claro,Simples,Reta,-5.655617,-47.38898,DEL04-MA,Risco Médio,Baixa
sexta-feira,BR-153,46.0,Pleno dia,Decrescente,Céu Claro,Dupla,Não Informado,-18.78773,-49.08401,DEL15-MG,Risco Baixo,Alta
domingo,BR-408,90.7,Plena Noite,Decrescente,Chuva,Dupla,Reta,-7.988653,-35.07626,DEL01-PE,Risco Médio,Baixa
sábado,BR-272,369.5,Pleno dia,Decrescente,Céu Claro,Simples,Reta,-24.05873,-52.41945,DEL09-PR,Risco Médio,Baixa
terça-feira,BR-381,669.8,Plena Noite,Crescente,Ignorado,Dupla,Reta,-21.05544,-45.03617,DEL04-MG,Risco Baixo,Alta
sexta-feira,BR-101,212.0,Anoitecer,Crescente,Céu Claro,Dupla,Não Informado,-22.48423,-42.25171,DEL02-RJ,Risco Médio,Alta
quarta-feira,BR-116,153.7,Pleno dia,Decrescente,Céu Claro,Múltipla,Rotatória,-29.18809,-51.18219,DEL05-RS,Risco Baixo,Alta
quinta-feira,BR-232,7.9,Pleno dia,Decrescente,Nublado,Dupla,Reta,-8.07479,-34.96643,DEL01-PE,Risco Médio,Baixa
segunda-feira,BR-101,318.0,Pleno dia,Decrescente,Céu Claro,Dupla,Reta,-28.42945,-48.88023,DEL02-SC,Risco Médio,Alta
quinta-feira,BR-50,107.0,Pleno dia,Decrescente,Nublado,Dupla,Reta,-19.19728,-48.1525,DEL13-MG,Risco Médio,Média
segunda-feira,BR-158,506.2,Amanhecer,Crescente,Nublado,Simples,Reta,-30.5737,-55.08514,DEL11-RS,Risco Médio,Baixa
sábado,BR-316,267.9,Pleno dia,Crescente,Céu Claro,Simples,Curva,-9.577529,-35.83459,DEL02-AL,Risco Médio,Baixa
terça-feira,BR-101,121.0,Pleno dia,Decrescente,Céu Claro,Múltipla,Reta,-26.9297,-48.7048,DEL04-SC,Risco Médio,Alta
quarta-feira,BR-381,783.8,Pleno dia,Decrescente,Céu Claro,Dupla,Curva,-21.83386,-45.50288,DEL16-MG,Risco Baixo,Alta
segunda-feira,BR-304,181.0,Amanhecer,Decrescente,Céu Claro,Simples,Curva,-5.690104,-36.31103,DEL01-RN,Risco Médio,Baixa
sexta-feira,BR-101,65.5,Plena Noite,Crescente,Nublado,Múltipla,Reta,-18.70936,-39.87762,DEL04-ES,Risco Baixo,Alta
quarta-feira,BR-465,4.0,Pleno dia,Crescente,Nublado,Simples,Interseção de vias,-22.74092,-43.7058,DEL01-RJ,Risco Médio,Baixa
sexta-feira,BR-110,340.2,Pleno dia,Decrescente,Nublado,Simples,Reta,-12.16806,-38.41138,DEL01-BA,Risco Baixo,Baixa
quinta-feira,BR-110,47.5,Pleno dia,Decrescente,Chuva,Simples,Interseção de vias,-5.206198,-37.32942,DEL04-RN,Risco Médio,Baixa
sábado,BR-104,35.8,Anoitecer,Decrescente,Céu Claro,Simples,Reta,-9.16517,-36.01969,DEL01-AL,Risco Médio,Baixa
sexta-feira,BR-101,389.2,Plena Noite,Decrescente,Chuva,Simples,Curva,-20.8642,-40.88105,DEL03-ES,Risco Baixo,Alta
quarta-feira,BR-163,812.0,Pleno dia,Crescente,Céu Claro,Simples,Reta,-17.81993,-54.7296,DEL06-MS,Risco Alto,Alta
domingo,BR-101,25.0,Plena Noite,Decrescente,Chuva,Simples,Reta,-26.18347,-48.91059,DEL03-SC,Risco Médio,Alta
sexta-feira,BR-60,46.9,Amanhecer,Decrescente,Céu Claro,Dupla,Reta,-16.8101,-49.2397,DEL01-GO,Risco Médio,Média
sábado,BR-277,674.0,Pleno dia,Crescente,Céu Claro,Simples,Não Informado,-25.29484,-54.1151,DEL05-PR,Risco Médio,Média
segunda-feira,BR-262,97.4,Anoitecer,Crescente,Chuva,Simples,Curva,-20.36104,-41.07465,DEL01-ES,Risco Baixo,Média
sexta-feira,BR-495,30.0,Plena Noite,Decrescente,Céu Claro,Simples,Rotatória,-22.38546,-43.1296,DEL06-RJ,Risco Médio,Baixa
quinta-feira,BR-101,246.8,Pleno dia,Crescente,Chuva,Dupla,Reta,-27.91037,-48.64998,DEL02-SC,Risco Médio,Alta
sexta-feira,BR-116,309.8,Amanhecer,Crescente,Céu Claro,Simples,Reta,-5.89478,-38.61975,DEL05-CE,Risco Médio,Alta
sexta-feira,BR-226,549.0,Plena Noite,Decrescente,Céu Claro,Simples,Não Informado,-6.26512,-47.20783,DEL04-MA,Risco Alto,Baixa
quarta-feira,BR-60,460.2,Pleno dia,Crescente,Chuva,Dupla,Reta,-17.8715,-51.6163,DEL05-GO,Risco Médio,Média
terça-feira,BR-101,216.0,Plena Noite,Crescente,Chuva,Dupla,Reta,-27.65981,-48.67748,DEL01-SC,Risco Médio,Alta
sexta-feira,BR-116,513.7,Pleno dia,Decrescente,Céu Claro,Dupla,Curva,-24.73659,-48.12319,DEL05-SP,Risco Alto,Alta
domingo,BR-40,712.9,Pleno dia,Crescente,Céu Claro,Dupla,Reta,-21.25276,-43.6641,DEL05-MG,Risco Médio,Alta