dia_semana,br,km,fase_dia,sentido_via,condicao_metereologica,tipo_pista,tracado_via,latitude,longitude,delegacia,classificacao_acidente,postos_policiais_PRF
sexta-feira,BR-174,501.6,Pleno dia,Crescente,Céu Claro,Simples,Reta,-13.54988,-59.82605,DEL04-MT,Risco Baixo,Baixa
sexta-feira,BR-153,72.3,Plena Noite,Decrescente,Céu Claro,Dupla,Reta,-20.86716,-49.41334,DEL09-SP,Risco Médio,Alta
sábado,BR-101,41.0,Pleno dia,Crescente,Céu Claro,Dupla,Reta,-26.28215,-48.88973,DEL03-SC,Risco Médio,Alta
terça-feira,BR-470,169.6,Pleno dia,Decrescente,Sol,Simples,Reta,-27.26531,-49.88486,DEL04-SC,Risco Médio,Baixa
quarta-feira,BR-153,148.8,Plena Noite,Crescente,Chuva,Simples,Reta,-21.4067,-49.78829,DEL07-SP,Risco Baixo,Alta
quarta-feira,BR-232,7.9,Pleno dia,Decrescente,Sol,Múltipla,Não Informado,-8.075599,-34.96833,DEL01-PE,Risco Baixo,Baixa
quarta-feira,BR-381,454.9,Amanhecer,Crescente,Nublado,Simples,Reta,-19.83873,-43.87965,DEL01-MG,Risco Alto,Alta
sexta-feira,BR-40,547.0,Plena Noite,Decrescente,Céu Claro,Dupla,Reta,-20.02252,-43.97026,DEL01-MG,Risco Médio,Alta
quinta-feira,BR-364,7.0,Pleno dia,Decrescente,Céu Claro,Simples,Reta,-12.7787,-60.0924,DEL04-RO,Risco Baixo,Alta
quarta-feira,BR-116,427.0,Plena Noite,Decrescente,Céu Claro,Dupla,Reta,-12.25242,-38.98887,DEL02-BA,Risco Médio,Alta
sexta-feira,BR-70,265.0,Plena Noite,Crescente,Céu Claro,Simples,Reta,-15.5619,-54.1919,DEL05-MT,Risco Médio,Baixa
terça-feira,BR-364,162.0,Pleno dia,Crescente,Céu Claro,Simples,Reta,-11.90095,-60.97721,DEL02-RO,Risco Baixo,Alta
domingo,BR-153,58.0,Plena Noite,Crescente,Céu Claro,Dupla,Interseção de vias,-18.8878,-49.051,DEL15-MG,Risco Médio,Alta
sexta-feira,BR-381,478.0,Plena Noite,Decrescente,Céu Claro,Dupla,Reta,-19.9643,-44.044,DEL01-MG,Risco Médio,Alta
sexta-feira,BR-470,211.0,Amanhecer,Crescente,Céu Claro,Dupla,Não Informado,-29.11647,-51.54258,DEL06-RS,Risco Médio,Baixa
sexta-feira,BR-222,675.0,Pleno dia,Decrescente,Nublado,Simples,Reta,-4.954558,-47.50162,DEL04-MA,Risco Médio,Baixa
domingo,BR-153,350.8,Plena Noite,Decrescente,Nublado,Simples,Curva,-25.61189,-50.70182,DEL03-PR,Risco Médio,Alta
quarta-feira,BR-116,176.7,Pleno dia,Decrescente,Céu Claro,Dupla,Reta,-22.78395,-43.38195,DEL01-RJ,Risco Baixo,Alta
terça-feira,BR-419,261.5,Amanhecer,Crescente,Nublado,Simples,Curva,-20.64059,-55.88392,DEL03-MS,Risco Médio,Baixa
quarta-feira,BR-40,111.0,Pleno dia,Crescente,Céu Claro,Simples,Reta,-22.69187,-43.28745,DEL01-RJ,Risco Médio,Alta
domingo,BR-290,326.6,Pleno dia,Decrescente,Sol,Simples,Reta,-30.36116,-53.44457,DEL09-RS,Risco Baixo,Baixa
domingo,BR-470,57.8,Plena Noite,Crescente,Céu Claro,Simples,Reta,-26.87629,-49.12753,DEL04-SC,Risco Médio,Baixa
terça-feira,BR-476,169.7,Pleno dia,Decrescente,Nublado,Simples,Não Informado,-25.66625,-49.49592,DEL01-PR,Risco Médio,Baixa
domingo,BR-101,322.0,Pleno dia,Decrescente,Céu Claro,Dupla,Reta,-22.87892,-43.11068,DEL02-RJ,Risco Médio,Alta
domingo,BR-282,22.0,Pleno dia,Decrescente,Nublado,Simples,Reta,-27.6887,-48.7286,DEL01-SC,Risco Médio,Baixa
domingo,BR-116,301.8,Pleno dia,Crescente,Céu Claro,Simples,Não Informado,-30.1319,-51.35387,DEL02-RS,Risco Médio,Alta
terça-feira,BR-226,175.8,Pleno dia,Decrescente,Céu Claro,Dupla,Reta,-6.257745,-36.51017,DEL03-RN,Risco Médio,Baixa
quarta-feira,BR-364,201.0,Plena Noite,Decrescente,Céu Claro,Dupla,Rotatória,-16.48995,-54.6472,DEL02-MT,Risco Baixo,Alta
terça-feira,BR-104,43.0,Anoitecer,Crescente,Chuva,Simples,Reta,-9.222396,-36.03009,DEL01-AL,Risco Médio,Baixa
segunda-feira,BR-376,164.0,Plena Noite,Decrescente,Céu Claro,Dupla,Reta,-23.38591,-52.0245,DEL09-PR,Risco Médio,Baixa
quarta-feira,BR-10,252.0,Pleno dia,Decrescente,Céu Claro,Simples,Reta,-5.53562,-47.46959,DEL04-MA,Risco Baixo,Baixa
sexta-feira,BR-324,519.0,Plena Noite,Crescente,Céu Claro,Dupla,Reta,-12.26688,-38.9335,DEL02-BA,Risco Baixo,Baixa
sábado,BR-116,113.0,Pleno dia,Decrescente,Céu Claro,Dupla,Reta,-23.04408,-45.58041,DEL06-SP,Risco Médio,Alta
quarta-feira,BR-153,39.5,Plena Noite,Decrescente,Céu Claro,Simples,Curva,-20.61636,-49.33226,DEL09-SP,Risco Baixo,Alta
quarta-feira,BR-376,638.0,Amanhecer,Decrescente,Céu Claro,Dupla,Não Informado,-25.7675,-49.1239,DEL01-PR,Risco Alto,Baixa
sábado,BR-101,282.1,Pleno dia,Crescente,Nublado,Dupla,Reta,-28.22581,-48.70109,DEL02-SC,Risco Médio,Alta
terça-feira,BR-101,321.0,Pleno dia,Crescente,Céu Claro,Dupla,Curva,-22.86981,-43.11046,DEL02-RJ,Risco Médio,Alta
quarta-feira,BR-101,299.0,Pleno dia,Crescente,Céu Claro,Múltipla,Reta,-20.35861,-40.42328,DEL01-ES,Risco Baixo,Alta
sexta-feira,BR-20,13.5,Pleno dia,Crescente,Céu Claro,Simples,Reta,-3.843862,-38.5839,DEL02-CE,Risco Médio,Baixa
segunda-feira,BR-381,432.0,Plena Noite,Decrescente,Céu Claro,Dupla,Curva,-19.78996,-43.69125,DEL01-MG,Risco Médio,Alta
sábado,BR-116,122.8,Pleno dia,Crescente,Céu Claro,Dupla,Desvio Temporário,-23.08192,-45.66155,DEL06-SP,Risco Médio,Alta
domingo,BR-376,163.7,Plena Noite,Crescente,Céu Claro,Dupla,Reta,-23.3772,-52.04563,DEL07-PR,Risco Médio,Baixa
domingo,BR-101,914.0,Pleno dia,Crescente,Chuva,Simples,Reta,-17.8147,-39.7887,DEL09-BA,Risco Médio,Alta
quinta-feira,BR-101,253.0,Plena Noite,Decrescente,Nublado,Múltipla,Não Informado,-27.96715,-48.67953,DEL02-SC,Risco Alto,Alta
domingo,BR-163,917.0,Pleno dia,Crescente,Céu Claro,Simples,Reta,-11.28615,-55.31763,DEL06-MT,Risco Baixo,Alta
sábado,BR-101,290.2,Pleno dia,Decrescente,Chuva,Dupla,Não Informado,-28.28042,-48.70141,DEL02-SC,Risco Alto,Alta
domingo,BR-376,340.0,Pleno dia,Crescente,Céu Claro,Simples,Não Informado,-24.14426,-50.99828,DEL07-PR,Risco Médio,Baixa
quinta-feira,BR-316,34.2,Plena Noite,Decrescente,Céu Claro,Dupla,Reta,-1.294448,-48.1725,DEL01-PA,Risco Baixo,Baixa
sábado,BR-20,415.5,Plena Noite,Decrescente,Céu Claro,Dupla,Reta,-3.76999,-38.67006,DEL01-CE,Risco Baixo,Baixa
sexta-feira,BR-282,16.4,Pleno dia,Crescente,Nublado,Simples,Reta,-27.65861,-48.68185,DEL01-SC,Risco Médio,Baixa
quarta-feira,BR-282,303.2,Pleno dia,Decrescente,Chuva,Simples,Curva,-27.49877,-50.93105,DEL07-SC,Risco Baixo,Baixa
sábado,BR-10,231.0,Anoitecer,Decrescente,Chuva,Simples,Reta,-5.69286,-47.36414,DEL04-MA,Risco Alto,Baixa
domingo,BR-101,286.0,Plena Noite,Crescente,Céu Claro,Dupla,Reta,-22.75409,-42.82492,DEL02-RJ,Risco Médio,Alta
domingo,BR-158,340.6,Plena Noite,Crescente,Céu Claro,Simples,Curva,-21.2561,-52.02493,DEL07-MS,Risco Médio,Baixa
sexta-feira,BR-364,149.4,Plena Noite,Decrescente,Céu Claro,Dupla,Reta,-9.879423,-67.90515,DEL01-AC,Risco Médio,Alta
quinta-feira,BR-381,10.0,Plena Noite,Decrescente,Céu Claro,Dupla,Reta,-22.9224,-46.44346,DEL03-SP,Risco Médio,Alta
sexta-feira,BR-110,319.0,Pleno dia,Decrescente,Sol,Simples,Reta,-12.06025,-38.35628,DEL01-BA,Risco Médio,Baixa
quarta-feira,BR-343,4.5,Plena Noite,Crescente,Céu Claro,Múltipla,Interseção de vias,-5.080266,-42.78961,DEL01-PI,Risco Médio,Baixa
sábado,BR-282,355.0,Pleno dia,Crescente,Chuva,Simples,Reta,-27.35031,-51.33582,DEL07-SC,Risco Baixo,Baixa
quarta-feira,BR-116,474.0,Pleno dia,Crescente,Nublado,Dupla,Reta,-24.6824,-47.9852,DEL05-SP,Risco Baixo,Alta
sexta-feira,BR-277,622.8,Pleno dia,Decrescente,Céu Claro,Simples,Reta,-25.09042,-53.72857,DEL05-PR,Risco Médio,Média
quarta-feira,BR-392,350.1,Plena Noite,Crescente,Céu Claro,Simples,Reta,-29.73606,-53.79792,DEL09-RS,Risco Médio,Média
sexta-feira,BR-364,725.0,Amanhecer,Decrescente,Nublado,Simples,Reta,-8.851125,-63.93965,DEL01-RO,Risco Baixo,Alta
sábado,BR-262,476.3,Plena Noite,Crescente,Nublado,Simples,Reta,-19.78873,-45.22074,DEL08-MG,Risco Médio,Média
quarta-feira,BR-40,51.9,Amanhecer,Crescente,Nublado,Dupla,Reta,-22.32705,-43.13254,DEL06-RJ,Risco Médio,Alta
sábado,BR-163,1001.0,Pleno dia,Decrescente,Sol,Simples,Rotatória,-2.464507,-54.72745,DEL05-PA,Risco Médio,Alta
sexta-feira,BR-116,145.9,Plena Noite,Decrescente,Céu Claro,Dupla,Não Informado,-23.18698,-45.85481,DEL02-SP,Risco Médio,Alta
sábado,BR-40,61.2,Pleno dia,Crescente,Sol,Simples,Reta,-22.41019,-43.14376,DEL06-RJ,Risco Médio,Alta
sábado,BR-116,78.0,Pleno dia,Crescente,Chuva,Simples,Curva,-22.37409,-42.9526,DEL04-RJ,Risco Médio,Alta
sexta-feira,BR-277,340.0,Plena Noite,Crescente,Céu Claro,Dupla,Interseção de vias,-25.34491,-51.39231,DEL08-PR,Risco Médio,Média
sexta-feira,BR-476,77.0,Pleno dia,Decrescente,Chuva,Simples,Curva,-25.10409,-49.11227,DEL01-PR,Risco Médio,Baixa
quarta-feira,BR-277,15.0,Pleno dia,Decrescente,Céu Claro,Dupla,Reta,-25.5682,-48.61529,DEL01-PR,Risco Médio,Média
quinta-feira,BR-452,36.0,Pleno dia,Crescente,Céu Claro,Simples,Não Informado,-17.92761,-50.55878,DEL04-GO,Risco Médio,Baixa
sábado,BR-242,786.0,Pleno dia,Crescente,Céu Claro,Simples,Reta,-12.1373,-44.92107,DEL10-BA,Risco Baixo,Baixa
sábado,BR-116,418.0,Pleno dia,Decrescente,Céu Claro,Simples,Reta,-18.91059,-41.94157,DEL06-MG,Risco Médio,Alta
terça-feira,BR-163,73.2,Plena Noite,Crescente,Garoa/Chuvisco,Simples,Não Informado,-26.71085,-53.51502,DEL07-SC,Risco Médio,Alta
quinta-feira,BR-101,297.0,Pleno dia,Crescente,Céu Claro,Múltipla,Reta,-22.76942,-42.91874,DEL02-RJ,Risco Médio,Alta
segunda-feira,BR-304,295.0,Pleno dia,Crescente,Nublado,Dupla,Reta,-5.866059,-35.35822,DEL01-RN,Risco Médio,Baixa
sábado,BR-163,819.0,Plena Noite,Decrescente,Garoa/Chuvisco,Simples,Reta,-12.00734,-55.51761,DEL06-MT,Risco Médio,Alta
quinta-feira,BR-116,543.6,Pleno dia,Decrescente,Chuva,Simples,Não Informado,-19.91185,-42.13503,DEL06-MG,Risco Médio,Alta
terça-feira,BR-232,9.3,Plena Noite,Decrescente,Nublado,Dupla,Reta,-8.077644,-34.97864,DEL01-PE,Risco Médio,Baixa
quarta-feira,BR-324,564.4,Pleno dia,Crescente,Chuva,Dupla,Reta,-12.51387,-38.6248,DEL01-BA,Risco Médio,Baixa
domingo,BR-381,800.1,Plena Noite,Crescente,Céu Claro,Dupla,Reta,-21.9375,-45.614,DEL16-MG,Risco Baixo,Alta
sábado,BR-230,15.0,Plena Noite,Decrescente,Nublado,Dupla,Não Informado,-7.093,-34.8482,DEL01-PB,Risco Médio,Baixa
sábado,BR-343,344.6,Plena Noite,Decrescente,Céu Claro,Simples,Reta,-5.094729,-42.76277,DEL01-PI,Risco Baixo,Baixa
domingo,BR-232,405.0,Pleno dia,Crescente,Céu Claro,Simples,Reta,-7.988956,-38.25355,DEL04-PE,Risco Baixo,Baixa
quinta-feira,BR-392,283.0,Pleno dia,Decrescente,Nevoeiro/Neblina,Simples,Não Informado,-30.28162,-53.54113,DEL09-RS,Risco Baixo,Média
domingo,BR-230,23.0,Pleno dia,Crescente,Céu Claro,Dupla,Reta,-7.1562,-34.8574,DEL01-PB,Risco Médio,Baixa
quarta-feira,BR-40,121.0,Plena Noite,Decrescente,Céu Claro,Múltipla,Reta,-22.78185,-43.28571,DEL01-RJ,Risco Baixo,Alta
segunda-feira,BR-282,20.0,Anoitecer,Crescente,Céu Claro,Simples,Reta,-27.68396,-48.71006,DEL01-SC,Risco Médio,Baixa
terça-feira,BR-251,32.0,Pleno dia,Crescente,Céu Claro,Simples,Reta,-16.2028,-47.4392,DEL01-DF,Risco Médio,Baixa
terça-feira,BR-324,475.0,Pleno dia,Crescente,Céu Claro,Simples,Reta,-11.97809,-39.10112,DEL02-BA,Risco Médio,Baixa
sábado,BR-282,676.4,Pleno dia,Decrescente,Céu Claro,Simples,Curva,-26.61407,-53.68462,DEL07-SC,Risco Médio,Baixa
quinta-feira,BR-116,115.5,Pleno dia,Decrescente,Céu Claro,Dupla,Reta,-25.54492,-49.30366,DEL01-PR,Risco Médio,Alta
domingo,BR-376,311.0,Pleno dia,Crescente,Céu Claro,Múltipla,Não Informado,-23.9743,-51.1036,DEL07-PR,Risco Baixo,Baixa
segunda-feira,BR-376,594.0,Pleno dia,Crescente,Céu Claro,Dupla,Viaduto,-25.4848,-49.3473,DEL01-PR,Risco Médio,Baixa
quarta-feira,BR-116,438.9,Pleno dia,Crescente,Chuva,Dupla,Não Informado,-12.33704,-39.07529,DEL02-BA,Risco Médio,Alta
sábado,BR-163,831.0,Plena Noite,Crescente,Céu Claro,Dupla,Reta,-11.87676,-55.49778,DEL06-MT,Risco Médio,Alta
quinta-feira,BR-116,140.0,Plena Noite,Decrescente,Céu Claro,Dupla,Reta,-22.6592,-43.2506,DEL04-RJ,Risco Baixo,Alta
segunda-feira,BR-10,29.6,Pleno dia,Decrescente,Céu Claro,Simples,Reta,-4.198726,-47.54509,DEL02-PA,Risco Médio,Baixa
domingo,BR-259,46.2,Plena Noite,Crescente,Nublado,Simples,Reta,-19.53043,-40.5818,DEL02-ES,Risco Baixo,Baixa
domingo,BR-376,499.9,Plena Noite,Crescente,Céu Claro,Simples,Reta,-25.19475,-50.07739,DEL03-PR,Risco Médio,Baixa
domingo,BR-60,29.0,Plena Noite,Decrescente,Nublado,Dupla,Reta,-16.0963,-48.5202,DEL01-DF,Risco Médio,Média
sábado,BR-280,29.0,Plena Noite,Crescente,Chuva,Simples,Reta,-26.41066,-48.75296,DEL03-SC,Risco Baixo,Baixa
quinta-feira,BR-381,168.3,Pleno dia,Crescente,Céu Claro,Simples,Reta,-18.93845,-42.05521,DEL06-MG,Risco Médio,Alta
sábado,BR-153,513.2,Plena Noite,Crescente,Nublado,Dupla,Retorno Regulamentado,-16.8315,-49.2434,DEL01-GO,Risco Médio,Alta
sexta-feira,BR-101,292.0,Pleno dia,Decrescente,Nublado,Dupla,Reta,-20.30651,-40.39489,DEL01-ES,Risco Médio,Alta
sábado,BR-101,208.0,Plena Noite,Crescente,Nublado,Simples,Reta,-22.48067,-42.22017,DEL08-RJ,Risco Baixo,Alta
sexta-feira,BR-101,53.0,Plena Noite,Decrescente,Céu Claro,Dupla,Não Informado,-6.925064,-35.10664,DEL01-PB,Risco Baixo,Alta
domingo,BR-10,364.5,Plena Noite,Decrescente,Céu Claro,Simples,Reta,-4.562163,-47.49305,DEL04-MA,Risco Alto,Baixa
sábado,BR-70,707.8,Pleno dia,Crescente,Céu Claro,Simples,Curva,-16.23413,-57.56765,DEL03-MT,Risco Médio,Baixa
segunda-feira,BR-364,425.6,Plena Noite,Decrescente,Céu Claro,Dupla,Retorno Regulamentado,-10.4335,-62.47813,DEL03-RO,Risco Médio,Alta
sábado,BR-290,428.0,Pleno dia,Crescente,Chuva,Simples,Reta,-30.31157,-54.41585,DEL11-RS,Risco Alto,Baixa
quinta-feira,BR-101,91.0,Pleno dia,Crescente,Céu Claro,Simples,Reta,-12.0434,-38.3039,DEL01-BA,Risco Médio,Alta
segunda-feira,BR-277,44.0,Pleno dia,Crescente,Céu Claro,Dupla,Não Informado,-25.57847,-48.86175,DEL01-PR,Risco Médio,Média
quinta-feira,BR-10,26.6,Pleno dia,Crescente,Céu Claro,Simples,Não Informado,-4.225044,-47.54813,DEL02-PA,Risco Médio,Baixa
sábado,BR-393,152.0,Plena Noite,Decrescente,Céu Claro,Simples,Curva,-22.06816,-43.03291,DEL04-RJ,Risco Alto,Média
terça-feira,BR-135,379.0,Pleno dia,Decrescente,Céu Claro,Simples,Reta,-9.26846,-44.48363,DEL03-PI,Risco Médio,Baixa
sábado,BR-101,113.9,Plena Noite,Decrescente,Céu Claro,Simples,Reta,-19.12231,-40.06451,DEL04-ES,Risco Médio,Alta
sábado,BR-222,18.0,Pleno dia,Decrescente,Céu Claro,Simples,Reta,-3.749233,-38.71924,DEL01-CE,Risco Baixo,Baixa
quinta-feira,BR-20,416.0,Pleno dia,Crescente,Céu Claro,Simples,Não Informado,-3.87821,-38.626,DEL01-CE,Risco Médio,Baixa
sexta-feira,BR-316,14.0,Pleno dia,Decrescente,Sol,Simples,Desvio Temporário,-5.222825,-42.75125,DEL01-PI,Risco Médio,Baixa
sexta-feira,BR-70,5.0,Plena Noite,Crescente,Céu Claro,Dupla,Reta,-15.79466,-48.09678,DEL01-DF,Risco Baixo,Baixa
quarta-feira,BR-277,634.0,Pleno dia,Decrescente,Céu Claro,Simples,Reta,-25.13223,-53.82494,DEL05-PR,Risco Baixo,Média
sábado,BR-282,583.2,Pleno dia,Crescente,Nublado,Simples,Não Informado,-26.8289,-53.00955,DEL07-SC,Risco Médio,Baixa
segunda-feira,BR-163,794.0,Pleno dia,Crescente,Céu Claro,Simples,Reta,-12.33691,-55.5906,DEL06-MT,Risco Médio,Alta
segunda-feira,BR-230,25.0,Pleno dia,Decrescente,Céu Claro,Simples,Interseção de vias,-7.169367,-34.87949,DEL01-PB,Risco Médio,Baixa
segunda-feira,BR-262,313.7,Pleno dia,Crescente,Céu Claro,Simples,Reta,-20.4727,-54.41036,DEL01-MS,Risco Médio,Média
segunda-feira,BR-40,517.0,Plena Noite,Decrescente,Céu Claro,Dupla,Reta,-19.8351,-44.08,DEL01-MG,Risco Médio,Alta
sexta-feira,BR-470,72.2,Plena Noite,Decrescente,Céu Claro,Simples,Reta,-28.18181,-51.52385,DEL08-RS,Risco Alto,Baixa
segunda-feira,BR-116,1.0,Plena Noite,Decrescente,Céu Claro,Simples,Viaduto,-3.761599,-38.51901,DEL01-CE,Risco Baixo,Alta
segunda-feira,BR-153,225.5,Plena Noite,Decrescente,Céu Claro,Simples,Reta,-20.14374,-49.11057,DEL13-MG,Risco Médio,Alta
sábado,BR-365,627.3,Plena Noite,Crescente,Céu Claro,Dupla,Reta,-18.90359,-48.34362,DEL15-MG,Risco Médio,Média
domingo,BR-232,139.0,Plena Noite,Crescente,Céu Claro,Dupla,Retorno Regulamentado,-8.319471,-36.068,DEL02-PE,Risco Baixo,Baixa
quinta-feira,BR-493,110.0,Pleno dia,Decrescente,Céu Claro,Dupla,Reta,-22.79596,-43.78223,DEL03-RJ,Risco Baixo,Baixa
sexta-feira,BR-470,146.0,Plena Noite,Decrescente,Ignorado,Simples,Reta,-28.74486,-51.63153,DEL06-RS,Risco Médio,Baixa
sábado,BR-101,68.9,Pleno dia,Crescente,Sol,Múltipla,Reta,-8.059101,-34.94615,DEL01-PE,Risco Baixo,Alta
sábado,BR-40,456.6,Pleno dia,Decrescente,Céu Claro,Dupla,Reta,-19.37692,-44.3375,DEL02-MG,Risco Médio,Alta
quinta-feira,BR-116,298.0,Amanhecer,Decrescente,Garoa/Chuvisco,Múltipla,Não Informado,-23.79086,-46.9145,DEL04-SP,Risco Baixo,Alta
terça-feira,BR-30,352.0,Pleno dia,Crescente,Céu Claro,Simples,Reta,-14.26082,-41.79798,DEL08-BA,Risco Alto,Baixa
quinta-feira,BR-376,666.0,Pleno dia,Crescente,Céu Claro,Dupla,Curva,-25.86422,-48.95029,DEL01-PR,Risco Médio,Baixa
sábado,BR-101,96.0,Plena Noite,Crescente,Céu Claro,Simples,Reta,-18.9044,-40.0805,DEL04-ES,Risco Médio,Alta
segunda-feira,BR-262,36.0,Pleno dia,Decrescente,Céu Claro,Simples,Reta,-20.78547,-51.9316,DEL07-MS,Risco Médio,Média
sexta-feira,BR-470,234.0,Pleno dia,Crescente,Céu Claro,Simples,Não Informado,-29.30624,-51.48589,DEL06-RS,Risco Médio,Baixa
quarta-feira,BR-116,4.0,Pleno dia,Crescente,Nublado,Dupla,Reta,-23.46326,-46.53373,DEL01-SP,Risco Médio,Alta
sexta-feira,BR-116,415.7,Pleno dia,Decrescente,Sol,Simples,Reta,-30.946,-51.94755,DEL02-RS,Risco Baixo,Alta
domingo,BR-153,64.2,Plena Noite,Decrescente,Céu Claro,Dupla,Reta,-20.8308,-49.36183,DEL09-SP,Risco Médio,Alta
sexta-feira,BR-40,631.1,Plena Noite,Crescente,Céu Claro,Simples,Reta,-20.66692,-43.80314,DEL05-MG,Risco Médio,Alta
terça-feira,BR-40,21.0,Plena Noite,Crescente,Céu Claro,Simples,Curva,-22.11424,-43.15859,DEL06-RJ,Risco Médio,Alta
sábado,BR-369,180.9,Plena Noite,Crescente,Céu Claro,Dupla,Viaduto,-23.37379,-51.41293,DEL07-PR,Risco Baixo,Baixa
sábado,BR-364,223.0,Pleno dia,Decrescente,Céu Claro,Simples,Não Informado,-9.441306,-68.3997,DEL01-AC,Risco Médio,Alta
quarta-feira,BR-364,238.9,Pleno dia,Crescente,Chuva,Simples,Interseção de vias,-11.43885,-61.45473,DEL02-RO,Risco Baixo,Alta
quinta-feira,BR-101,84.0,Pleno dia,Crescente,Céu Claro,Simples,Reta,-7.139579,-34.92313,DEL01-PB,Risco Baixo,Alta
sexta-feira,BR-476,153.3,Plena Noite,Decrescente,Céu Claro,Dupla,Interseção de vias,-25.57864,-49.3938,DEL01-PR,Risco Médio,Baixa
domingo,BR-324,548.0,Plena Noite,Decrescente,Céu Claro,Dupla,Desvio Temporário,-12.4257,-38.73746,DEL01-BA,Risco Baixo,Baixa
sexta-feira,BR-251,469.2,Plena Noite,Decrescente,Garoa/Chuvisco,Simples,Curva,-16.47846,-43.41953,DEL12-MG,Risco Baixo,Baixa
segunda-feira,BR-364,251.0,Plena Noite,Crescente,Céu Claro,Simples,Não Informado,-16.11396,-54.85939,DEL02-MT,Risco Médio,Alta
sábado,BR-386,17.5,Pleno dia,Crescente,Céu Claro,Simples,Reta,-27.24415,-53.34363,DEL08-RS,Risco Baixo,Média
quarta-feira,BR-153,604.4,Anoitecer,Crescente,Chuva,Dupla,Retorno Regulamentado,-17.58254,-49.19588,DEL03-GO,Risco Médio,Alta
domingo,BR-364,183.8,Plena Noite,Decrescente,Céu Claro,Simples,Não Informado,-16.58837,-54.51578,DEL02-MT,Risco Médio,Alta
sábado,BR-493,76.0,Plena Noite,Decrescente,Chuva,Dupla,Reta,-22.68815,-43.49522,DEL01-RJ,Risco Médio,Baixa
segunda-feira,BR-116,19.0,Pleno dia,Crescente,Céu Claro,Dupla,Reta,-3.913844,-38.50667,DEL01-CE,Risco Médio,Alta
quarta-feira,BR-405,134.1,Pleno dia,Crescente,Céu Claro,Simples,Reta,-5.964527,-38.12877,DEL04-RN,Risco Médio,Baixa
terça-feira,BR-163,258.7,Pleno dia,Decrescente,Céu Claro,Simples,Não Informado,-22.25859,-54.78359,DEL04-MS,Risco Médio,Alta
quarta-feira,BR-153,406.0,Pleno dia,Crescente,Céu Claro,Simples,Reta,-30.0605,-52.9039,DEL02-RS,Risco Médio,Alta
quarta-feira,BR-381,757.5,Pleno dia,Decrescente,Céu Claro,Dupla,Reta,-21.68676,-45.34626,DEL16-MG,Risco Baixo,Alta
sábado,BR-293,338.0,Plena Noite,Crescente,Nublado,Simples,Reta,-30.85262,-55.51416,DEL11-RS,Risco Baixo,Baixa
domingo,BR-381,24.6,Pleno dia,Crescente,Céu Claro,Dupla,Curva,-23.01316,-46.52386,DEL03-SP,Risco Médio,Alta
quinta-feira,BR-316,61.0,Pleno dia,Crescente,Sol,Dupla,Desvio Temporário,-1.29686,-47.94639,DEL01-PA,Risco Médio,Baixa
quarta-feira,BR-277,134.0,Plena Noite,Decrescente,Nevoeiro/Neblina,Dupla,Não Informado,-25.47438,-49.70348,DEL01-PR,Risco Médio,Média
sexta-feira,BR-101,295.0,Pleno dia,Decrescente,Chuva,Simples,Reta,-13.33361,-39.37223,DEL01-BA,Risco Médio,Alta
sexta-feira,BR-101,50.0,Pleno dia,Crescente,Sol,Simples,Reta,-23.45019,-45.07744,DEL06-SP,Risco Médio,Alta
quarta-feira,BR-470,192.3,Pleno dia,Decrescente,Sol,Simples,Reta,-27.28332,-50.07345,DEL04-SC,Risco Baixo,Baixa
segunda-feira,BR-381,778.9,Pleno dia,Crescente,Sol,Dupla,Curva,-21.83281,-45.50065,DEL16-MG,Risco Médio,Alta
sábado,BR-316,260.0,Pleno dia,Crescente,Céu Claro,Simples,Não Informado,-3.669811,-45.39498,DEL02-MA,Risco Baixo,Baixa
domingo,BR-40,2.0,Pleno dia,Decrescente,Céu Claro,Dupla,Reta,-16.06713,-47.98423,DEL01-DF,Risco Médio,Alta
domingo,BR-277,36.5,Pleno dia,Decrescente,Nublado,Dupla,Curva,-25.56106,-48.80844,DEL01-PR,Risco Médio,Média
quinta-feira,BR-163,748.0,Plena Noite,Decrescente,Céu Claro,Simples,Reta,-18.3654,-54.66491,DEL06-MS,Risco Médio,Alta
quinta-feira,BR-116,626.3,Anoitecer,Decrescente,Chuva,Simples,Curva,-20.53751,-42.20368,DEL07-MG,Risco Médio,Alta
domingo,BR-60,202.6,Pleno dia,Decrescente,Céu Claro,Dupla,Reta,-16.8874,-49.6243,DEL01-GO,Risco Médio,Média
segunda-feira,BR-407,117.0,Pleno dia,Decrescente,Céu Claro,Simples,Reta,-9.327423,-40.56593,DEL06-PE,Risco Médio,Baixa
sábado,BR-369,147.9,Plena Noite,Crescente,Céu Claro,Dupla,Reta,-23.29287,-51.14172,DEL07-PR,Risco Alto,Baixa
sábado,BR-282,216.0,Pleno dia,Decrescente,Céu Claro,Simples,Reta,-27.79753,-50.29186,DEL05-SC,Risco Médio,Baixa
quinta-feira,BR-369,519.0,Pleno dia,Crescente,Céu Claro,Simples,Reta,-24.92295,-53.39077,DEL04-PR,Risco Médio,Baixa
segunda-feira,BR-277,16.9,Pleno dia,Crescente,Chuva,Dupla,Reta,-25.54574,-48.67915,DEL01-PR,Risco Médio,Média
domingo,BR-262,364.0,Pleno dia,Crescente,Céu Claro,Dupla,Reta,-19.98291,-44.24493,DEL01-MG,Risco Médio,Média