dia_semana,br,km,fase_dia,sentido_via,condicao_metereologica,tipo_pista,tracado_via,latitude,longitude,delegacia,classificacao_acidente,postos_policiais_PRF
domingo,BR-104,54.1,Amanhecer,Crescente,Céu Claro,Simples,Curva,-9.27416,-35.9652,DEL01-AL,Risco Médio,Baixa
quinta-feira,BR-101,44.9,Pleno dia,Decrescente,Garoa/Chuvisco,Dupla,Interseção de vias,-26.31239,-48.87459,DEL03-SC,Risco Médio,Alta
quinta-feira,BR-101,125.9,Pleno dia,Decrescente,Nublado,Dupla,Reta,-8.368,-35.2269,DEL01-PE,Risco Médio,Alta
quarta-feira,BR-365,843.8,Pleno dia,Crescente,Nublado,Simples,Reta,-18.9601,-50.28432,DEL15-MG,Risco Médio,Média
sábado,BR-110,249.7,Pleno dia,Decrescente,Nublado,Simples,Reta,-11.46069,-38.29511,DEL01-BA,Risco Médio,Baixa
sábado,BR-101,16.9,Plena Noite,Crescente,Nublado,Dupla,Curva,-29.41727,-49.85952,DEL03-RS,Risco Médio,Alta
sábado,BR-101,209.0,Pleno dia,Crescente,Chuva,Múltipla,Reta,-27.6176,-48.6463,DEL01-SC,Risco Médio,Alta
terça-feira,BR-470,228.2,Plena Noite,Decrescente,Ignorado,Simples,Reta,-29.26332,-51.50399,DEL06-RS,Risco Médio,Baixa
domingo,BR-116,15.0,Pleno dia,Crescente,Chuva,Dupla,Curva,-25.0997,-48.6923,DEL01-PR,Risco Médio,Alta
terça-feira,BR-101,485.0,Pleno dia,Crescente,Nublado,Dupla,Curva,-22.98574,-44.2971,DEL03-RJ,Risco Médio,Alta
quarta-feira,BR-222,254.7,Pleno dia,Crescente,Céu Claro,Simples,Reta,-3.573716,-44.58788,DEL01-MA,Risco Médio,Baixa
domingo,BR-101,13.9,Pleno dia,Crescente,Sol,Dupla,Reta,-26.09717,-48.86726,DEL03-SC,Risco Médio,Alta
domingo,BR-428,191.5,Plena Noite,Decrescente,Céu Claro,Dupla,Reta,-9.377664,-40.5027,DEL06-PE,Risco Médio,Baixa
sábado,BR-232,85.0,Plena Noite,Crescente,Céu Claro,Dupla,Reta,-8.209511,-35.61182,DEL02-PE,Risco Alto,Baixa
domingo,BR-116,217.1,Pleno dia,Crescente,Céu Claro,Simples,Não Informado,-29.54396,-51.08556,DEL05-RS,Risco Médio,Alta
quinta-feira,BR-392,98.6,Pleno dia,Crescente,Céu Claro,Simples,Reta,-31.54409,-52.56551,DEL07-RS,Risco Médio,Média
quarta-feira,BR-290,80.8,Pleno dia,Crescente,Céu Claro,Dupla,Reta,-29.95343,-51.05845,DEL01-RS,Risco Médio,Baixa
terça-feira,BR-101,172.0,Pleno dia,Decrescente,Céu Claro,Dupla,Não Informado,-27.31399,-48.63156,DEL04-SC,Risco Médio,Alta
sábado,BR-101,421.7,Plena Noite,Decrescente,Céu Claro,Simples,Reta,-20.97864,-41.11318,DEL03-ES,Risco Médio,Alta
domingo,BR-365,610.0,Plena Noite,Crescente,Ignorado,Dupla,Reta,-18.92794,-48.19198,DEL15-MG,Risco Médio,Média
sábado,BR-470,69.9,Pleno dia,Decrescente,Sol,Simples,Reta,-26.88375,-49.2467,DEL04-SC,Risco Médio,Baixa
sábado,BR-101,204.0,Pleno dia,Crescente,Céu Claro,Simples,Viaduto,-27.573,-48.614,DEL01-SC,Risco Baixo,Alta
terça-feira,BR-163,455.2,Pleno dia,Crescente,Céu Claro,Simples,Reta,-20.68017,-54.5554,DEL01-MS,Risco Alto,Alta
sábado,BR-282,521.6,Plena Noite,Crescente,Céu Claro,Simples,Rotatória,-26.95099,-52.53477,DEL07-SC,Risco Médio,Baixa
sexta-feira,BR-70,473.0,Plena Noite,Decrescente,Nublado,Dupla,Reta,-15.89646,-52.24188,DEL04-GO,Risco Médio,Baixa
quinta-feira,BR-163,103.0,Plena Noite,Crescente,Céu Claro,Simples,Rotatória,-23.24718,-54.22489,DEL09-MS,Risco Baixo,Alta
sábado,BR-277,504.3,Pleno dia,Decrescente,Nublado,Simples,Curva,-25.14324,-52.70593,DEL04-PR,Risco Alto,Média
segunda-feira,BR-116,190.0,Pleno dia,Decrescente,Nublado,Dupla,Reta,-22.7348,-43.5546,DEL01-RJ,Risco Médio,Alta
sexta-feira,BR-293,88.5,Pleno dia,Crescente,Garoa/Chuvisco,Simples,Reta,-31.63701,-53.16216,DEL07-RS,Risco Baixo,Baixa
domingo,BR-116,220.6,Plena Noite,Decrescente,Nublado,Simples,Rotatória,-27.59084,-50.36253,DEL05-SC,Risco Baixo,Alta
sexta-feira,BR-116,104.6,Pleno dia,Crescente,Céu Claro,Dupla,Reta,-23.00614,-45.51189,DEL06-SP,Risco Baixo,Alta
terça-feira,BR-235,2.5,Pleno dia,Crescente,Chuva,Dupla,Reta,-10.9062,-37.1034,DEL01-SE,Risco Médio,Baixa
sábado,BR-101,87.0,Pleno dia,Decrescente,Chuva,Dupla,Não Informado,-21.82627,-41.49641,DEL08-RJ,Risco Médio,Alta
quinta-feira,BR-470,56.0,Plena Noite,Decrescente,Nublado,Simples,Reta,-26.87159,-49.11192,DEL04-SC,Risco Médio,Baixa
sábado,BR-116,270.0,Anoitecer,Decrescente,Céu Claro,Dupla,Reta,-23.618,-46.79678,DEL04-SP,Risco Médio,Alta
sábado,BR-153,42.0,Pleno dia,Crescente,Céu Claro,Simples,Reta,-23.29715,-50.06853,DEL07-PR,Risco Médio,Alta
quinta-feira,BR-381,456.5,Pleno dia,Decrescente,Sol,Dupla,Curva,-19.85863,-43.91292,DEL01-MG,Risco Médio,Alta
sexta-feira,BR-290,36.5,Plena Noite,Decrescente,Nublado,Múltipla,Reta,-29.88505,-50.62245,DEL03-RS,Risco Baixo,Baixa
sábado,BR-101,259.0,Plena Noite,Crescente,Céu Claro,Dupla,Não Informado,-22.70382,-42.59638,DEL02-RJ,Risco Alto,Alta
terça-feira,BR-101,831.2,Plena Noite,Decrescente,Chuva,Simples,Curva,-17.18491,-39.58541,DEL09-BA,Risco Médio,Alta
sexta-feira,BR-101,9.5,Pleno dia,Crescente,Céu Claro,Dupla,Reta,-7.577889,-34.98848,DEL01-PE,Risco Médio,Alta
sábado,BR-163,127.0,Anoitecer,Crescente,Chuva,Simples,Reta,-25.57623,-53.56562,DEL02-PR,Risco Baixo,Alta
domingo,BR-282,79.0,Pleno dia,Crescente,Chuva,Simples,Desvio Temporário,-27.6707,-49.15576,DEL01-SC,Risco Médio,Baixa
sexta-feira,BR-70,362.6,Pleno dia,Crescente,Céu Claro,Simples,Reta,-15.92218,-51.29937,DEL04-GO,Risco Alto,Baixa
domingo,BR-153,108.0,Pleno dia,Decrescente,Céu Claro,Dupla,Reta,-19.29654,-48.90748,DEL15-MG,Risco Baixo,Alta
sábado,BR-381,908.2,Pleno dia,Decrescente,Chuva,Dupla,Não Informado,-22.71744,-46.12652,DEL16-MG,Risco Médio,Alta
segunda-feira,BR-287,401.0,Amanhecer,Crescente,Céu Claro,Simples,Rotatória,-29.16186,-54.87924,DEL12-RS,Risco Médio,Baixa
segunda-feira,BR-153,62.4,Plena Noite,Decrescente,Céu Claro,Simples,Reta,-13.35861,-49.12407,DEL07-GO,Risco Alto,Alta
quinta-feira,BR-101,80.4,Pleno dia,Decrescente,Sol,Dupla,Reta,-5.758522,-35.28806,DEL02-RN,Risco Médio,Alta
sábado,BR-101,132.0,Plena Noite,Crescente,Nublado,Múltipla,Reta,-26.99654,-48.65565,DEL04-SC,Risco Baixo,Alta
domingo,BR-116,197.5,Plena Noite,Crescente,Chuva,Simples,Curva,-26.01331,-49.67225,DEL06-SC,Risco Médio,Alta
terça-feira,BR-116,221.0,Pleno dia,Crescente,Céu Claro,Múltipla,Reta,-23.4692,-46.5109,DEL01-SP,Risco Médio,Alta
sexta-feira,BR-101,233.9,Plena Noite,Decrescente,Céu Claro,Simples,Curva,-19.96104,-40.40689,DEL02-ES,Risco Médio,Alta
sexta-feira,BR-376,168.0,Plena Noite,Decrescente,Céu Claro,Dupla,Reta,-23.40403,-51.99829,DEL07-PR,Risco Médio,Baixa
quarta-feira,BR-20,204.9,Pleno dia,Decrescente,Céu Claro,Simples,Reta,-5.126711,-39.73734,DEL02-CE,Risco Médio,Baixa
quinta-feira,BR-158,518.5,Pleno dia,Decrescente,Céu Claro,Simples,Não Informado,-30.67935,-55.12763,DEL11-RS,Risco Baixo,Baixa
domingo,BR-20,410.0,Plena Noite,Crescente,Céu Claro,Dupla,Não Informado,-3.79272,-38.64954,DEL01-CE,Risco Alto,Baixa
sábado,BR-101,83.0,Plena Noite,Decrescente,Céu Claro,Dupla,Reta,-7.13377,-34.92964,DEL01-PB,Risco Médio,Alta
segunda-feira,BR-470,140.7,Pleno dia,Decrescente,Sol,Simples,Reta,-27.22248,-49.66283,DEL04-SC,Risco Médio,Baixa
sexta-feira,BR-470,253.0,Pleno dia,Crescente,Céu Claro,Simples,Curva,-29.40056,-51.50572,DEL06-RS,Risco Médio,Baixa
terça-feira,BR-116,842.8,Pleno dia,Decrescente,Céu Claro,Simples,Não Informado,-15.00705,-40.94034,DEL08-BA,Risco Médio,Alta
domingo,BR-262,396.5,Plena Noite,Crescente,Céu Claro,Dupla,Reta,-19.90937,-44.50682,DEL01-MG,Risco Médio,Média
segunda-feira,BR-116,195.0,Pleno dia,Decrescente,Céu Claro,Simples,Reta,-17.20177,-41.49139,DEL11-MG,Risco Médio,Alta
domingo,BR-116,190.0,Pleno dia,Decrescente,Céu Claro,Dupla,Curva,-23.36822,-46.23367,DEL02-SP,Risco Médio,Alta
sábado,BR-40,7.0,Plena Noite,Crescente,Céu Claro,Dupla,Reta,-16.03867,-47.97969,DEL01-DF,Risco Baixo,Alta
sábado,BR-470,6.0,Plena Noite,Decrescente,Nublado,Simples,Rotatória,-26.85903,-48.68949,DEL04-SC,Risco Médio,Baixa
sábado,BR-282,27.7,Plena Noite,Decrescente,Nublado,Simples,Reta,-27.67411,-48.77726,DEL01-SC,Risco Baixo,Baixa
segunda-feira,BR-116,249.0,Pleno dia,Decrescente,Sol,Dupla,Reta,-29.78318,-51.16099,DEL01-RS,Risco Médio,Alta
quinta-feira,BR-365,698.0,Pleno dia,Crescente,Céu Claro,Dupla,Curva,-18.8782,-48.9513,DEL15-MG,Risco Médio,Média
quarta-feira,BR-101,276.8,Amanhecer,Crescente,Céu Claro,Dupla,Reta,-28.16708,-48.69412,DEL02-SC,Risco Alto,Alta
segunda-feira,BR-364,119.0,Plena Noite,Crescente,Céu Claro,Simples,Reta,-10.01234,-67.75191,DEL01-AC,Risco Baixo,Alta
quarta-feira,BR-116,461.0,Pleno dia,Crescente,Céu Claro,Simples,Curva,-12.44674,-39.24242,DEL02-BA,Risco Médio,Alta
quinta-feira,BR-373,181.3,Plena Noite,Crescente,Nublado,Simples,Não Informado,-25.04328,-50.25995,DEL03-PR,Risco Baixo,Baixa
domingo,BR-476,141.0,Plena Noite,Decrescente,Céu Claro,Dupla,Reta,-25.52861,-49.2988,DEL01-PR,Risco Baixo,Baixa
terça-feira,BR-354,765.9,Pleno dia,Decrescente,Chuva,Simples,Reta,-22.34694,-44.80705,DEL05-MG,Risco Baixo,Baixa
domingo,BR-493,84.0,Anoitecer,Crescente,Céu Claro,Dupla,Reta,-22.67263,-43.65383,DEL01-RJ,Risco Médio,Baixa
quinta-feira,BR-101,47.0,Plena Noite,Decrescente,Céu Claro,Dupla,Reta,-29.58431,-50.06892,DEL03-RS,Risco Baixo,Alta
quinta-feira,BR-116,219.0,Pleno dia,Crescente,Nublado,Múltipla,Reta,-23.46046,-46.48737,DEL01-SP,Risco Médio,Alta
quinta-feira,BR-470,48.7,Pleno dia,Crescente,Céu Claro,Simples,Reta,-26.85982,-49.05539,DEL04-SC,Risco Médio,Baixa
sábado,BR-158,495.2,Amanhecer,Decrescente,Céu Claro,Simples,Reta,-26.028,-52.5873,DEL02-PR,Risco Médio,Baixa
sábado,BR-381,478.0,Pleno dia,Decrescente,Sol,Dupla,Reta,-19.96193,-44.03857,DEL01-MG,Risco Médio,Alta
sexta-feira,BR-158,323.1,Pleno dia,Crescente,Sol,Dupla,Reta,-29.69557,-53.78022,DEL09-RS,Risco Médio,Baixa
quarta-feira,BR-20,0.5,Pleno dia,Decrescente,Céu Claro,Dupla,Reta,-15.68692,-47.85426,DEL02-DF,Risco Médio,Baixa
segunda-feira,BR-60,288.2,Pleno dia,Crescente,Chuva,Dupla,Não Informado,-17.2861,-50.2592,DEL04-GO,Risco Médio,Média
terça-feira,BR-101,225.0,Plena Noite,Decrescente,Céu Claro,Dupla,Reta,-27.7334,-48.6409,DEL01-SC,Risco Médio,Alta
sexta-feira,BR-343,4.0,Pleno dia,Crescente,Nublado,Dupla,Curva,-2.900253,-41.68917,DEL05-PI,Risco Baixo,Baixa
sábado,BR-153,786.2,Pleno dia,Decrescente,Céu Claro,Simples,Desvio Temporário,-12.69294,-49.0713,DEL01-TO,Risco Alto,Alta
sábado,BR-285,156.3,Pleno dia,Crescente,Sol,Simples,Não Informado,-28.32529,-51.18794,DEL05-RS,Risco Médio,Baixa
sábado,BR-163,853.0,Pleno dia,Decrescente,Sol,Simples,Reta,-11.7016,-55.45367,DEL06-MT,Risco Médio,Alta
quinta-feira,BR-116,168.1,Plena Noite,Decrescente,Chuva,Dupla,Reta,-22.81997,-43.315,DEL01-RJ,Risco Médio,Alta
segunda-feira,BR-230,158.1,Pleno dia,Crescente,Garoa/Chuvisco,Simples,Reta,-7.2582,-35.9267,DEL02-PB,Risco Médio,Baixa
segunda-feira,BR-163,6.0,Plena Noite,Decrescente,Ignorado,Simples,Reta,-24.00485,-54.31426,DEL09-MS,Risco Baixo,Alta
domingo,BR-376,370.8,Plena Noite,Decrescente,Chuva,Simples,Não Informado,-24.34287,-50.82816,DEL07-PR,Risco Médio,Baixa
sábado,BR-104,37.4,Anoitecer,Crescente,Céu Claro,Simples,Ponte,-9.174913,-36.02935,DEL01-AL,Risco Médio,Baixa
quarta-feira,BR-470,60.3,Pleno dia,Crescente,Céu Claro,Simples,Retorno Regulamentado,-26.88138,-49.16454,DEL04-SC,Risco Médio,Baixa
quinta-feira,BR-40,525.0,Pleno dia,Decrescente,Nublado,Dupla,Interseção de vias,-19.8971,-44.0497,DEL01-MG,Risco Baixo,Alta
domingo,BR-40,7.7,Pleno dia,Crescente,Céu Claro,Dupla,Reta,-16.10848,-47.97252,DEL01-DF,Risco Médio,Alta
sábado,BR-101,260.0,Pleno dia,Decrescente,Céu Claro,Simples,Desvio Temporário,-13.06515,-39.27837,DEL01-BA,Risco Médio,Alta
domingo,BR-135,270.0,Amanhecer,Decrescente,Céu Claro,Simples,Reta,-8.5136,-43.9203,DEL03-PI,Risco Baixo,Baixa
terça-feira,BR-381,496.0,Plena Noite,Decrescente,Chuva,Dupla,Curva,-19.99676,-44.20959,DEL01-MG,Risco Baixo,Alta
segunda-feira,BR-364,203.0,Pleno dia,Decrescente,Céu Claro,Dupla,Reta,-16.47555,-54.65345,DEL02-MT,Risco Médio,Alta
sábado,BR-163,351.4,Amanhecer,Crescente,Céu Claro,Simples,Reta,-21.58345,-54.42928,DEL02-MS,Risco Médio,Alta
quinta-feira,BR-386,355.9,Pleno dia,Crescente,Céu Claro,Dupla,Não Informado,-29.51507,-51.94008,DEL04-RS,Risco Baixo,Média
segunda-feira,BR-101,219.0,Pleno dia,Decrescente,Garoa/Chuvisco,Simples,Reta,-12.65542,-39.12368,DEL01-BA,Risco Médio,Alta
sexta-feira,BR-230,12.8,Amanhecer,Decrescente,Nublado,Dupla,Retorno Regulamentado,-7.075361,-34.84952,DEL01-PB,Risco Baixo,Baixa
sábado,BR-373,183.7,Pleno dia,Decrescente,Céu Claro,Simples,Retorno Regulamentado,-25.03936,-50.27676,DEL03-PR,Risco Médio,Baixa
terça-feira,BR-369,156.2,Pleno dia,Decrescente,Nublado,Dupla,Interseção de vias,-23.29156,-51.21776,DEL07-PR,Risco Médio,Baixa
terça-feira,BR-470,199.4,Pleno dia,Decrescente,Céu Claro,Simples,Rotatória,-27.30965,-50.12821,DEL05-SC,Risco Médio,Baixa
segunda-feira,BR-293,161.0,Plena Noite,Decrescente,Nublado,Simples,Não Informado,-31.39017,-53.88196,DEL11-RS,Risco Baixo,Baixa
quarta-feira,BR-60,469.0,Plena Noite,Crescente,Nublado,Dupla,Reta,-17.91,-51.6853,DEL05-GO,Risco Médio,Média
domingo,BR-101,151.0,Pleno dia,Decrescente,Céu Claro,Simples,Curva,-22.24497,-41.80721,DEL08-RJ,Risco Médio,Alta
domingo,BR-101,102.4,Plena Noite,Decrescente,Céu Claro,Simples,Reta,-12.10758,-38.38117,DEL01-BA,Risco Médio,Alta
quarta-feira,BR-277,584.8,Anoitecer,Crescente,Nublado,Dupla,Interseção de vias,-24.96684,-53.40258,DEL04-PR,Risco Médio,Média
sábado,BR-116,18.2,Pleno dia,Decrescente,Céu Claro,Simples,Curva,-14.89655,-40.83199,DEL08-BA,Risco Médio,Alta
quarta-feira,BR-324,518.0,Plena Noite,Decrescente,Céu Claro,Dupla,Não Informado,-12.27301,-38.93425,DEL02-BA,Risco Alto,Baixa
terça-feira,BR-470,99.0,Plena Noite,Crescente,Céu Claro,Dupla,Reta,-27.03796,-49.39342,DEL04-SC,Risco Médio,Baixa
quinta-feira,BR-153,288.9,Amanhecer,Crescente,Garoa/Chuvisco,Simples,Reta,-8.425939,-48.48197,DEL02-TO,Risco Médio,Alta
segunda-feira,BR-116,268.0,Pleno dia,Crescente,Céu Claro,Múltipla,Reta,-29.95043,-51.17653,DEL01-RS,Risco Médio,Alta
sábado,BR-369,159.0,Pleno dia,Decrescente,Céu Claro,Dupla,Reta,-23.2833,-51.24847,DEL07-PR,Risco Médio,Baixa
terça-feira,BR-101,81.9,Plena Noite,Decrescente,Céu Claro,Dupla,Reta,-7.125086,-34.94513,DEL01-PB,Risco Médio,Alta
quinta-feira,BR-20,417.0,Pleno dia,Decrescente,Céu Claro,Simples,Reta,-3.842781,-38.59127,DEL01-CE,Risco Médio,Baixa
quarta-feira,BR-232,514.0,Pleno dia,Decrescente,Céu Claro,Simples,Não Informado,-8.070405,-39.14726,DEL05-PE,Risco Médio,Baixa
sábado,BR-470,54.7,Pleno dia,Crescente,Nublado,Simples,Interseção de vias,-26.87459,-49.11603,DEL04-SC,Risco Médio,Baixa
sábado,BR-163,143.8,Amanhecer,Decrescente,Garoa/Chuvisco,Simples,Reta,-25.47149,-53.58638,DEL04-PR,Risco Baixo,Alta
sexta-feira,BR-376,4.8,Pleno dia,Crescente,Céu Claro,Simples,Reta,-23.52333,-51.67855,DEL09-PR,Risco Médio,Baixa
quinta-feira,BR-262,442.9,Plena Noite,Crescente,Céu Claro,Simples,Rotatória,-20.52699,-55.39979,DEL03-MS,Risco Baixo,Média
quinta-feira,BR-101,149.0,Pleno dia,Crescente,Céu Claro,Simples,Reta,-27.10896,-48.61278,DEL04-SC,Risco Médio,Alta
sábado,BR-277,0.3,Amanhecer,Crescente,Céu Claro,Dupla,Retorno Regulamentado,-25.5469,-54.5882,DEL05-PR,Risco Médio,Média
sexta-feira,BR-153,40.8,Plena Noite,Decrescente,Nublado,Simples,Interseção de vias,-23.28846,-50.05903,DEL07-PR,Risco Baixo,Alta
quarta-feira,BR-101,49.8,Pleno dia,Decrescente,Céu Claro,Simples,Reta,-7.9148,-34.8984,DEL01-PE,Risco Médio,Alta
segunda-feira,BR-116,209.0,Pleno dia,Crescente,Céu Claro,Dupla,Reta,-23.42512,-46.40221,DEL01-SP,Risco Médio,Alta
sábado,BR-70,730.8,Plena Noite,Decrescente,Céu Claro,Simples,Reta,-16.09963,-57.67803,DEL03-MT,Risco Médio,Baixa
terça-feira,BR-316,183.2,Anoitecer,Crescente,Céu Claro,Simples,Reta,-6.265935,-41.95654,DEL04-PI,Risco Médio,Baixa
sexta-feira,BR-373,198.0,Plena Noite,Decrescente,Céu Claro,Simples,Curva,-25.07815,-50.40118,DEL03-PR,Risco Médio,Baixa
sexta-feira,BR-101,158.2,Anoitecer,Crescente,Céu Claro,Simples,Reta,-19.46095,-40.10491,DEL04-ES,Risco Alto,Alta
quarta-feira,BR-364,696.0,Pleno dia,Crescente,Céu Claro,Dupla,Reta,-8.800484,-63.73423,DEL01-RO,Risco Médio,Alta
sexta-feira,BR-156,205.0,Pleno dia,Crescente,Céu Claro,Simples,Reta,0.0894752,-51.09217,DEL01-AP,Risco Alto,Baixa
terça-feira,BR-277,360.4,Pleno dia,Decrescente,Sol,Simples,Reta,-25.2664,-51.365,DEL03-PR,Risco Médio,Média
sábado,BR-304,34.0,Plena Noite,Crescente,Céu Claro,Dupla,Reta,-5.152558,-37.34874,DEL04-RN,Risco Alto,Baixa
sábado,BR-367,83.3,Pleno dia,Crescente,Céu Claro,Simples,Interseção de vias,-16.37256,-39.57064,DEL09-BA,Risco Médio,Baixa
domingo,BR-364,8.0,Plena Noite,Decrescente,Céu Claro,Simples,Reta,-17.27669,-53.26958,DEL02-MT,Risco Alto,Alta
sábado,BR-381,250.5,Pleno dia,Decrescente,Céu Claro,Simples,Interseção de vias,-19.45497,-42.52251,DEL06-MG,Risco Médio,Alta
segunda-feira,BR-381,502.0,Pleno dia,Decrescente,Céu Claro,Dupla,Reta,-20.0362,-44.24586,DEL01-MG,Risco Médio,Alta
domingo,BR-116,536.1,Pleno dia,Decrescente,Ignorado,Simples,Curva,-19.85829,-42.13539,DEL06-MG,Risco Médio,Alta
sexta-feira,BR-70,81.3,Pleno dia,Decrescente,Chuva,Simples,Não Informado,-15.63653,-52.81407,DEL07-MT,Risco Médio,Baixa
quinta-feira,BR-364,429.0,Pleno dia,Decrescente,Nublado,Simples,Reta,-10.41625,-62.5027,DEL03-RO,Risco Baixo,Alta
domingo,BR-101,235.0,Pleno dia,Decrescente,Chuva,Dupla,Não Informado,-27.81778,-48.6315,DEL01-SC,Risco Médio,Alta
sábado,BR-280,28.8,Pleno dia,Decrescente,Céu Claro,Simples,Reta,-26.4045,-48.74561,DEL03-SC,Risco Médio,Baixa
quarta-feira,BR-40,524.8,Pleno dia,Crescente,Céu Claro,Dupla,Reta,-19.87545,-44.05346,DEL01-MG,Risco Médio,Alta
sexta-feira,BR-232,13.0,Pleno dia,Decrescente,Céu Claro,Dupla,Reta,-8.088316,-35.01204,DEL01-PE,Risco Médio,Baixa
sábado,BR-104,87.0,Plena Noite,Decrescente,Céu Claro,Dupla,Reta,-9.489699,-35.81474,DEL01-AL,Risco Médio,Baixa
sexta-feira,BR-381,362.0,Pleno dia,Decrescente,Chuva,Simples,Reta,-19.85644,-43.24281,DEL03-MG,Risco Médio,Alta
sábado,BR-116,216.0,Plena Noite,Decrescente,Garoa/Chuvisco,Múltipla,Reta,-23.45057,-46.46258,DEL01-SP,Risco Baixo,Alta
domingo,BR-470,51.0,Pleno dia,Decrescente,Céu Claro,Simples,Não Informado,-26.86179,-49.08254,DEL04-SC,Risco Médio,Baixa
terça-feira,BR-101,45.6,Plena Noite,Decrescente,Céu Claro,Múltipla,Reta,-7.865213,-34.90715,DEL01-PE,Risco Baixo,Alta
sábado,BR-116,267.0,Plena Noite,Decrescente,Chuva,Múltipla,Reta,-29.94142,-51.17697,DEL01-RS,Risco Médio,Alta
sábado,BR-423,60.0,Plena Noite,Decrescente,Céu Claro,Simples,Interseção de vias,-8.656378,-36.32299,DEL03-PE,Risco Médio,Baixa
domingo,BR-242,359.8,Pleno dia,Crescente,Céu Claro,Simples,Reta,-11.82342,-48.91186,DEL02-TO,Risco Médio,Baixa
segunda-feira,BR-101,45.0,Pleno dia,Crescente,Nublado,Simples,Reta,-23.41776,-45.06787,DEL06-SP,Risco Médio,Alta
domingo,BR-324,301.5,Pleno dia,Crescente,Garoa/Chuvisco,Simples,Não Informado,-11.2077,-40.47346,DEL04-BA,Risco Médio,Baixa
sexta-feira,BR-471,171.2,Plena Noite,Decrescente,Céu Claro,Simples,Não Informado,-29.95717,-52.37097,DEL02-RS,Risco Baixo,Baixa
sexta-feira,BR-365,439.8,Plena Noite,Crescente,Chuva,Simples,Reta,-18.79199,-46.72668,DEL10-MG,Risco Médio,Média
quarta-feira,BR-230,152.0,Pleno dia,Crescente,Céu Claro,Dupla,Interseção de vias,-7.275452,-35.88827,DEL02-PB,Risco Médio,Baixa
domingo,BR-262,800.0,Amanhecer,Crescente,Céu Claro,Dupla,Reta,-19.77913,-47.94579,DEL13-MG,Risco Médio,Média
quinta-feira,BR-262,136.7,Amanhecer,Crescente,Céu Claro,Simples,Curva,-20.2381,-41.3395,DEL01-ES,Risco Médio,Média
sexta-feira,BR-282,393.0,Pleno dia,Crescente,Céu Claro,Simples,Curva,-27.16022,-51.5739,DEL07-SC,Risco Médio,Baixa
domingo,BR-20,426.0,Plena Noite,Decrescente,Ignorado,Dupla,Reta,-3.76999,-38.67006,DEL01-CE,Risco Médio,Baixa
sábado,BR-282,16.0,Plena Noite,Crescente,Céu Claro,Simples,Reta,-27.65829,-48.68152,DEL01-SC,Risco Médio,Baixa
terça-feira,BR-259,98.0,Anoitecer,Decrescente,Céu Claro,Simples,Reta,-19.51144,-40.90961,DEL02-ES,Risco Médio,Baixa
sábado,BR-101,142.0,Pleno dia,Crescente,Céu Claro,Múltipla,Reta,-19.33308,-40.06836,DEL04-ES,Risco Médio,Alta
sábado,BR-282,3.5,Pleno dia,Crescente,Nublado,Múltipla,Reta,-27.59641,-48.60093,DEL01-SC,Risco Médio,Baixa
quarta-feira,BR-356,53.0,Pleno dia,Decrescente,Céu Claro,Simples,Curva,-21.26928,-41.75248,DEL08-RJ,Risco Baixo,Baixa
terça-feira,BR-470,97.0,Pleno dia,Decrescente,Nublado,Simples,Reta,-27.02648,-49.37785,DEL04-SC,Risco Médio,Baixa
sábado,BR-116,55.3,Pleno dia,Decrescente,Nublado,Dupla,Reta,-22.76552,-45.12541,DEL08-SP,Risco Médio,Alta
sexta-feira,BR-364,108.0,Plena Noite,Crescente,Céu Claro,Dupla,Reta,-10.02113,-67.64917,DEL01-AC,Risco Médio,Alta
sexta-feira,BR-381,539.0,Amanhecer,Decrescente,Nublado,Dupla,Reta,-20.24255,-44.41252,DEL04-MG,Risco Médio,Alta
segunda-feira,BR-70,10.7,Anoitecer,Crescente,Céu Claro,Dupla,Reta,-15.78707,-48.14071,DEL01-DF,Risco Médio,Baixa
terça-feira,BR-290,142.0,Plena Noite,Crescente,Céu Claro,Simples,Reta,-30.08968,-51.62831,DEL02-RS,Risco Médio,Baixa
domingo,BR-158,93.0,Pleno dia,Crescente,Sol,Simples,Curva,-27.84494,-53.33109,DEL08-RS,Risco Médio,Baixa
sábado,BR-277,32.5,Pleno dia,Crescente,Garoa/Chuvisco,Simples,Não Informado,-25.54737,-48.79056,DEL01-PR,Risco Baixo,Média
quinta-feira,BR-364,712.3,Pleno dia,Crescente,Céu Claro,Simples,Rotatória,-8.77638,-63.87382,DEL01-RO,Risco Médio,Alta
terça-feira,BR-101,231.5,Pleno dia,Crescente,Céu Claro,Dupla,Reta,-27.78956,-48.63675,DEL01-SC,Risco Baixo,Alta
segunda-feira,BR-116,136.1,Pleno dia,Crescente,Céu Claro,Dupla,Reta,-23.14876,-45.77867,DEL06-SP,Risco Médio,Alta
domingo,BR-153,152.3,Plena Noite,Decrescente,Céu Claro,Simples,Não Informado,-7.264632,-48.26261,DEL02-TO,Risco Médio,Alta
quinta-feira,BR-262,463.3,Pleno dia,Decrescente,Céu Claro,Simples,Não Informado,-19.79787,-45.1442,DEL08-MG,Risco Baixo,Média
terça-feira,BR-110,133.0,Pleno dia,Decrescente,Céu Claro,Simples,Não Informado,-10.55946,-38.32812,DEL07-BA,Risco Alto,Baixa
terça-feira,BR-101,147.8,Pleno dia,Decrescente,Sol,Dupla,Reta,-27.09775,-48.61672,DEL04-SC,Risco Médio,Alta