dia_semana,br,km,fase_dia,sentido_via,condicao_metereologica,tipo_pista,tracado_via,latitude,longitude,delegacia,classificacao_acidente,postos_policiais_PRF
terça-feira,BR-101,441.0,Pleno dia,Crescente,Chuva,Simples,Reta,-22.96841,-44.08446,DEL03-RJ,Risco Médio,Alta
segunda-feira,BR-232,9.7,Plena Noite,Decrescente,Nublado,Dupla,Reta,-8.079014,-34.98571,DEL01-PE,Risco Baixo,Baixa
quarta-feira,BR-101,237.0,Pleno dia,Decrescente,Céu Claro,Dupla,Curva,-19.99307,-40.41417,DEL02-ES,Risco Médio,Alta
quarta-feira,BR-381,20.0,Amanhecer,Decrescente,Céu Claro,Dupla,Reta,-22.98444,-46.50353,DEL03-SP,Risco Baixo,Alta
quarta-feira,BR-222,675.0,Pleno dia,Crescente,Chuva,Simples,Não Informado,-4.57049,-47.29018,DEL04-MA,Risco Médio,Baixa
quinta-feira,BR-101,276.0,Anoitecer,Crescente,Céu Claro,Dupla,Reta,-22.73796,-42.73872,DEL02-RJ,Risco Médio,Alta
sexta-feira,BR-116,466.9,Pleno dia,Crescente,Céu Claro,Dupla,Reta,-24.64742,-47.92197,DEL05-SP,Risco Médio,Alta
segunda-feira,BR-316,314.0,Pleno dia,Crescente,Sol,Simples,Rotatória,-7.079535,-41.43305,DEL04-PI,Risco Médio,Baixa
segunda-feira,BR-324,581.0,Pleno dia,Decrescente,Sol,Dupla,Curva,-12.6104,-38.4916,DEL01-BA,Risco Médio,Baixa
sexta-feira,BR-20,6.3,Pleno dia,Decrescente,Céu Claro,Simples,Curva,-15.66589,-47.80831,DEL02-DF,Risco Médio,Baixa
sábado,BR-376,601.5,Anoitecer,Crescente,Ignorado,Múltipla,Interseção de vias,-25.54124,-49.31163,DEL01-PR,Risco Médio,Baixa
quinta-feira,BR-343,5.0,Plena Noite,Crescente,Céu Claro,Simples,Interseção de vias,-2.8956,-41.69684,DEL05-PI,Risco Alto,Baixa
domingo,BR-40,108.0,Plena Noite,Decrescente,Céu Claro,Dupla,Reta,-22.66477,-43.28495,DEL01-RJ,Risco Baixo,Alta
segunda-feira,BR-480,72.7,Pleno dia,Decrescente,Céu Claro,Simples,Curva,-27.64019,-52.29919,DEL08-RS,Risco Médio,Baixa
sexta-feira,BR-381,360.0,Plena Noite,Decrescente,Nublado,Simples,Não Informado,-19.85165,-43.14219,DEL03-MG,Risco Baixo,Alta
domingo,BR-222,208.0,Plena Noite,Decrescente,Céu Claro,Simples,Reta,-3.391571,-44.36271,DEL01-MA,Risco Baixo,Baixa
sábado,BR-50,15.0,Plena Noite,Crescente,Céu Claro,Dupla,Viaduto,-18.91408,-48.1723,DEL15-MG,Risco Médio,Média
domingo,BR-101,85.9,Plena Noite,Crescente,Nublado,Dupla,Ponte,-5.777664,-35.24937,DEL02-RN,Risco Baixo,Alta
quarta-feira,BR-364,546.0,Plena Noite,Decrescente,Vento,Simples,Desvio Temporário,-9.67581,-63.10144,DEL03-RO,Risco Baixo,Alta
sexta-feira,BR-101,420.8,Plena Noite,Decrescente,Céu Claro,Simples,Curva,-20.96575,-41.10736,DEL03-ES,Risco Médio,Alta
quarta-feira,BR-230,106.0,Pleno dia,Crescente,Sol,Dupla,Desvio Temporário,-7.2083,-35.5318,DEL01-PB,Risco Médio,Baixa
quarta-feira,BR-356,276.6,Pleno dia,Crescente,Sol,Simples,Curva,-21.12599,-42.27931,DEL07-MG,Risco Médio,Baixa
domingo,BR-277,199.1,Plena Noite,Crescente,Garoa/Chuvisco,Simples,Curva,-25.46676,-50.27192,DEL03-PR,Risco Baixo,Média
quinta-feira,BR-101,76.0,Pleno dia,Crescente,Nublado,Múltipla,Reta,-26.55955,-48.72063,DEL03-SC,Risco Médio,Alta
quarta-feira,BR-364,349.0,Pleno dia,Crescente,Céu Claro,Dupla,Curva,-15.7939,-55.5824,DEL02-MT,Risco Médio,Alta
terça-feira,BR-50,29.0,Plena Noite,Crescente,Céu Claro,Dupla,Curva,-18.62034,-48.11087,DEL15-MG,Risco Médio,Média
quarta-feira,BR-116,519.0,Pleno dia,Crescente,Céu Claro,Simples,Reta,-12.69735,-39.70593,DEL03-BA,Risco Baixo,Alta
domingo,BR-116,92.9,Pleno dia,Decrescente,Céu Claro,Simples,Reta,-22.47655,-42.99757,DEL04-RJ,Risco Médio,Alta
domingo,BR-101,368.8,Pleno dia,Crescente,Sol,Dupla,Não Informado,-28.69675,-49.1769,DEL02-SC,Risco Médio,Alta
quinta-feira,BR-393,123.0,Pleno dia,Decrescente,Céu Claro,Simples,Reta,-21.94047,-42.81407,DEL04-RJ,Risco Médio,Média
domingo,BR-381,496.0,Plena Noite,Crescente,Céu Claro,Dupla,Reta,-19.99676,-44.20959,DEL01-MG,Risco Médio,Alta
terça-feira,BR-319,64.0,Plena Noite,Crescente,Céu Claro,Dupla,Não Informado,-8.767519,-63.88432,DEL01-RO,Risco Médio,Baixa
segunda-feira,BR-381,705.5,Pleno dia,Crescente,Chuva,Dupla,Curva,-21.3192,-45.16685,DEL04-MG,Risco Baixo,Alta
quarta-feira,BR-364,323.4,Pleno dia,Crescente,Céu Claro,Simples,Ponte,-17.4005,-52.65256,DEL05-GO,Risco Alto,Alta
quarta-feira,BR-174,518.0,Plena Noite,Decrescente,Céu Claro,Simples,Reta,2.823575,-60.69591,DEL01-RR,Risco Médio,Baixa
domingo,BR-230,117.0,Plena Noite,Crescente,Céu Claro,Dupla,Reta,-5.355693,-49.09049,DEL03-PA,Risco Baixo,Baixa
sábado,BR-373,346.9,Anoitecer,Crescente,Nublado,Simples,Reta,-25.43905,-51.627,DEL03-PR,Risco Médio,Baixa
domingo,BR-153,343.0,Plena Noite,Crescente,Céu Claro,Simples,Reta,-25.55395,-50.67235,DEL03-PR,Risco Alto,Alta
quinta-feira,BR-242,283.0,Pleno dia,Crescente,Nublado,Simples,Reta,-12.44164,-40.7455,DEL06-BA,Risco Médio,Baixa
quarta-feira,BR-116,332.9,Plena Noite,Crescente,Nublado,Dupla,Ponte,-22.50162,-44.6677,DEL07-RJ,Risco Alto,Alta
sábado,BR-101,0.3,Plena Noite,Crescente,Céu Claro,Dupla,Reta,-20.22519,-40.27104,DEL04-ES,Risco Médio,Alta
sexta-feira,BR-280,16.9,Plena Noite,Crescente,Céu Claro,Simples,Curva,-26.35495,-48.65986,DEL03-SC,Risco Alto,Baixa
quarta-feira,BR-287,247.6,Pleno dia,Decrescente,Céu Claro,Dupla,Não Informado,-29.69992,-53.84176,DEL09-RS,Risco Médio,Baixa
sábado,BR-343,328.0,Pleno dia,Crescente,Sol,Simples,Reta,-5.069324,-42.63433,DEL01-PI,Risco Médio,Baixa
quarta-feira,BR-116,384.3,Pleno dia,Crescente,Céu Claro,Dupla,Reta,-30.79548,-51.67464,DEL02-RS,Risco Alto,Alta
quarta-feira,BR-364,344.0,Plena Noite,Decrescente,Céu Claro,Dupla,Interseção de vias,-10.87376,-61.95257,DEL02-RO,Risco Médio,Alta
quinta-feira,BR-163,254.0,Pleno dia,Crescente,Céu Claro,Dupla,Desvio Temporário,-22.27184,-54.81657,DEL04-MS,Risco Baixo,Alta
sábado,BR-262,89.1,Plena Noite,Decrescente,Céu Claro,Simples,Reta,-20.60739,-52.40176,DEL07-MS,Risco Baixo,Média
sábado,BR-163,586.0,Amanhecer,Crescente,Nublado,Simples,Reta,-4.943268,-56.20195,DEL05-PA,Risco Alto,Alta
sábado,BR-282,385.2,Pleno dia,Decrescente,Céu Claro,Simples,Não Informado,-27.19443,-51.51587,DEL07-SC,Risco Médio,Baixa
domingo,BR-365,371.5,Pleno dia,Decrescente,Chuva,Simples,Curva,-18.546,-46.208,DEL10-MG,Risco Baixo,Média
terça-feira,BR-101,127.8,Pleno dia,Decrescente,Céu Claro,Dupla,Reta,-26.96393,-48.68328,DEL04-SC,Risco Médio,Alta
terça-feira,BR-116,208.0,Plena Noite,Crescente,Chuva,Dupla,Reta,-23.42222,-46.39328,DEL01-SP,Risco Alto,Alta
domingo,BR-116,415.0,Anoitecer,Decrescente,Céu Claro,Simples,Retorno Regulamentado,-18.88588,-41.94628,DEL06-MG,Risco Médio,Alta
quinta-feira,BR-153,160.7,Plena Noite,Crescente,Céu Claro,Simples,Reta,-21.51022,-49.78058,DEL07-SP,Risco Médio,Alta
sexta-feira,BR-158,140.7,Plena Noite,Crescente,Céu Claro,Simples,Reta,-28.20133,-53.47405,DEL10-RS,Risco Médio,Baixa
quinta-feira,BR-470,269.0,Plena Noite,Crescente,Chuva,Simples,Curva,-27.31399,-50.75833,DEL07-SC,Risco Médio,Baixa
terça-feira,BR-116,226.0,Plena Noite,Crescente,Nevoeiro/Neblina,Simples,Não Informado,-17.33773,-41.53176,DEL11-MG,Risco Baixo,Alta
domingo,BR-101,566.7,Plena Noite,Crescente,Garoa/Chuvisco,Simples,Curva,-15.25416,-39.44909,DEL05-BA,Risco Baixo,Alta
quinta-feira,BR-364,619.4,Pleno dia,Decrescente,Céu Claro,Simples,Reta,-14.36618,-56.41411,DEL01-MT,Risco Baixo,Alta
quarta-feira,BR-222,308.4,Pleno dia,Crescente,Céu Claro,Dupla,Não Informado,-3.579753,-44.96373,DEL02-MA,Risco Alto,Baixa
segunda-feira,BR-262,635.5,Pleno dia,Crescente,Chuva,Simples,Curva,-19.57987,-46.5253,DEL08-MG,Risco Médio,Média
segunda-feira,BR-101,120.5,Plena Noite,Crescente,Céu Claro,Dupla,Reta,-22.02622,-41.69171,DEL08-RJ,Risco Alto,Alta
sexta-feira,BR-101,149.0,Pleno dia,Crescente,Céu Claro,Dupla,Interseção de vias,-19.39217,-40.06661,DEL04-ES,Risco Médio,Alta
quinta-feira,BR-381,71.0,Pleno dia,Decrescente,Chuva,Múltipla,Não Informado,-23.35048,-46.55267,DEL03-SP,Risco Médio,Alta
quarta-feira,BR-262,610.5,Pleno dia,Crescente,Chuva,Simples,Desvio Temporário,-19.59256,-46.30683,DEL08-MG,Risco Baixo,Média
sábado,BR-116,479.0,Plena Noite,Decrescente,Chuva,Dupla,Reta,-24.70935,-48.01821,DEL05-SP,Risco Médio,Alta
quinta-feira,BR-116,421.0,Amanhecer,Decrescente,Céu Claro,Dupla,Reta,-12.26711,-38.96699,DEL02-BA,Risco Baixo,Alta
sábado,BR-101,206.8,Pleno dia,Decrescente,Nublado,Dupla,Reta,-27.59897,-48.62112,DEL01-SC,Risco Médio,Alta
segunda-feira,BR-232,5.8,Pleno dia,Crescente,Sol,Dupla,Reta,-8.067958,-34.94535,DEL01-PE,Risco Médio,Baixa
quarta-feira,BR-230,91.0,Pleno dia,Crescente,Chuva,Simples,Curva,-5.473638,-48.79568,DEL03-PA,Risco Médio,Baixa
sábado,BR-381,794.2,Pleno dia,Crescente,Chuva,Dupla,Curva,-21.90956,-45.56546,DEL16-MG,Risco Médio,Alta
sábado,BR-376,426.6,Plena Noite,Decrescente,Céu Claro,Simples,Desvio Temporário,-24.71609,-50.54225,DEL03-PR,Risco Médio,Baixa
domingo,BR-153,230.0,Anoitecer,Decrescente,Chuva,Simples,Reta,-14.76295,-49.26105,DEL07-GO,Risco Médio,Alta
sábado,BR-101,148.2,Plena Noite,Crescente,Garoa/Chuvisco,Dupla,Reta,-27.109,-48.6126,DEL04-SC,Risco Médio,Alta
quarta-feira,BR-364,542.0,Plena Noite,Decrescente,Céu Claro,Simples,Reta,-14.91291,-56.47221,DEL01-MT,Risco Médio,Alta
terça-feira,BR-101,98.0,Pleno dia,Decrescente,Sol,Dupla,Não Informado,-5.865679,-35.21652,DEL01-RN,Risco Médio,Alta
segunda-feira,BR-290,29.7,Pleno dia,Decrescente,Céu Claro,Múltipla,Reta,-29.88347,-50.5498,DEL03-RS,Risco Médio,Baixa
sábado,BR-40,108.0,Pleno dia,Crescente,Céu Claro,Múltipla,Reta,-22.66477,-43.28495,DEL01-RJ,Risco Médio,Alta
segunda-feira,BR-476,95.6,Plena Noite,Crescente,Céu Claro,Simples,Não Informado,-25.2231,-49.11532,DEL01-PR,Risco Baixo,Baixa
sexta-feira,BR-10,249.7,Anoitecer,Crescente,Chuva,Simples,Reta,-5.553347,-47.45771,DEL04-MA,Risco Baixo,Baixa
domingo,BR-316,3.0,Plena Noite,Crescente,Céu Claro,Dupla,Reta,-1.393603,-48.41962,DEL01-PA,Risco Médio,Baixa
quinta-feira,BR-116,241.0,Anoitecer,Crescente,Chuva,Dupla,Reta,-29.71401,-51.14768,DEL01-RS,Risco Médio,Alta
sexta-feira,BR-316,54.0,Pleno dia,Decrescente,Céu Claro,Simples,Reta,-7.736698,-40.2945,DEL05-PE,Risco Médio,Baixa
domingo,BR-376,601.5,Pleno dia,Crescente,Céu Claro,Dupla,Reta,-25.54425,-49.30392,DEL01-PR,Risco Médio,Baixa
sábado,BR-364,14.8,Plena Noite,Decrescente,Nublado,Dupla,Rotatória,-12.73718,-60.14632,DEL04-RO,Risco Baixo,Alta
domingo,BR-116,340.0,Plena Noite,Crescente,Nublado,Simples,Reta,-30.45499,-51.48925,DEL02-RS,Risco Médio,Alta
domingo,BR-116,773.0,Pleno dia,Crescente,Céu Claro,Simples,Interseção de vias,-21.57227,-42.67921,DEL07-MG,Risco Médio,Alta
domingo,BR-282,207.0,Plena Noite,Decrescente,Nevoeiro/Neblina,Simples,Não Informado,-27.77346,-50.20209,DEL05-SC,Risco Baixo,Baixa
quinta-feira,BR-482,104.3,Anoitecer,Crescente,Garoa/Chuvisco,Simples,Reta,-20.78384,-41.66073,DEL03-ES,Risco Médio,Baixa
domingo,BR-116,20.8,Plena Noite,Crescente,Céu Claro,Dupla,Desvio Temporário,-3.922775,-38.50762,DEL01-CE,Risco Médio,Alta
sábado,BR-101,70.7,Amanhecer,Crescente,Nublado,Simples,Viaduto,-8.067761,-34.94265,DEL01-PE,Risco Médio,Alta
quarta-feira,BR-101,199.0,Plena Noite,Crescente,Céu Claro,Dupla,Reta,-27.53414,-48.63003,DEL01-SC,Risco Médio,Alta
quarta-feira,BR-163,280.0,Plena Noite,Crescente,Céu Claro,Simples,Reta,-24.57086,-53.99986,DEL06-PR,Risco Médio,Alta
segunda-feira,BR-316,269.0,Pleno dia,Crescente,Chuva,Simples,Reta,-9.57589,-35.83164,DEL02-AL,Risco Médio,Baixa
terça-feira,BR-424,59.0,Pleno dia,Crescente,Céu Claro,Simples,Reta,-8.739866,-36.71042,DEL03-PE,Risco Médio,Baixa
quinta-feira,BR-101,95.0,Pleno dia,Crescente,Céu Claro,Dupla,Reta,-5.831766,-35.21191,DEL01-RN,Risco Médio,Alta
sábado,BR-280,30.2,Plena Noite,Decrescente,Chuva,Simples,Reta,-26.41418,-48.76222,DEL03-SC,Risco Médio,Baixa
quinta-feira,BR-230,157.7,Plena Noite,Crescente,Céu Claro,Simples,Reta,-7.264,-35.9199,DEL02-PB,Risco Baixo,Baixa
domingo,BR-163,509.9,Amanhecer,Decrescente,Nublado,Dupla,Reta,-20.25418,-54.48233,DEL01-MS,Risco Médio,Alta
quarta-feira,BR-381,488.4,Pleno dia,Decrescente,Céu Claro,Dupla,Reta,-19.95987,-44.1549,DEL01-MG,Risco Médio,Alta
quarta-feira,BR-470,179.5,Pleno dia,Decrescente,Céu Claro,Simples,Interseção de vias,-28.95037,-51.55701,DEL06-RS,Risco Baixo,Baixa
sábado,BR-381,707.2,Plena Noite,Decrescente,Céu Claro,Dupla,Curva,-21.36199,-45.1917,DEL04-MG,Risco Médio,Alta
sexta-feira,BR-381,82.0,Pleno dia,Decrescente,Nublado,Múltipla,Reta,-23.42482,-46.57551,DEL03-SP,Risco Baixo,Alta
sábado,BR-153,172.0,Plena Noite,Decrescente,Nublado,Simples,Reta,-7.410807,-48.36054,DEL02-TO,Risco Médio,Alta
domingo,BR-365,754.1,Plena Noite,Crescente,Céu Claro,Simples,Não Informado,-18.94749,-49.45934,DEL15-MG,Risco Médio,Média
quarta-feira,BR-116,148.5,Amanhecer,Crescente,Chuva,Dupla,Não Informado,-29.15445,-51.15102,DEL05-RS,Risco Médio,Alta
sexta-feira,BR-40,487.0,Pleno dia,Decrescente,Céu Claro,Simples,Reta,-19.59896,-44.22304,DEL02-MG,Risco Médio,Alta
domingo,BR-50,93.2,Plena Noite,Crescente,Céu Claro,Dupla,Não Informado,-19.07493,-48.18892,DEL15-MG,Risco Baixo,Média
sábado,BR-386,367.4,Plena Noite,Decrescente,Céu Claro,Dupla,Retorno Regulamentado,-29.57211,-51.85578,DEL04-RS,Risco Médio,Média
segunda-feira,BR-316,4.0,Pleno dia,Crescente,Céu Claro,Dupla,Reta,-1.396582,-48.42299,DEL01-PA,Risco Médio,Baixa
segunda-feira,BR-10,247.0,Plena Noite,Crescente,Céu Claro,Simples,Reta,-5.573772,-47.44389,DEL04-MA,Risco Médio,Baixa
domingo,BR-70,514.0,Pleno dia,Decrescente,Céu Claro,Simples,Rotatória,-15.707,-56.12228,DEL01-MT,Risco Médio,Baixa
domingo,BR-364,402.0,Anoitecer,Crescente,Céu Claro,Simples,Interseção de vias,-15.66855,-55.95477,DEL01-MT,Risco Baixo,Alta
quarta-feira,BR-230,24.8,Pleno dia,Decrescente,Nublado,Dupla,Curva,-7.1637,-34.8618,DEL01-PB,Risco Médio,Baixa
quarta-feira,BR-101,265.7,Pleno dia,Crescente,Sol,Dupla,Reta,-22.70969,-42.649,DEL02-RJ,Risco Alto,Alta
quarta-feira,BR-381,269.0,Pleno dia,Decrescente,Chuva,Simples,Curva,-19.52339,-42.65107,DEL03-MG,Risco Alto,Alta
quinta-feira,BR-50,174.0,Plena Noite,Crescente,Céu Claro,Dupla,Interseção de vias,-19.77082,-47.97343,DEL13-MG,Risco Médio,Média
sábado,BR-376,205.8,Pleno dia,Crescente,Céu Claro,Simples,Reta,-23.51638,-51.6897,DEL07-PR,Risco Médio,Baixa
sexta-feira,BR-110,48.4,Plena Noite,Decrescente,Nublado,Dupla,Reta,-5.208813,-37.33285,DEL04-RN,Risco Médio,Baixa
segunda-feira,BR-267,20.2,Anoitecer,Crescente,Céu Claro,Simples,Reta,-21.58859,-42.77745,DEL07-MG,Risco Médio,Baixa
quarta-feira,BR-101,22.0,Plena Noite,Decrescente,Céu Claro,Simples,Reta,-26.1568,-48.90786,DEL03-SC,Risco Médio,Alta
sábado,BR-153,542.5,Anoitecer,Decrescente,Céu Claro,Dupla,Reta,-17.0727,-49.2238,DEL01-GO,Risco Médio,Alta
quarta-feira,BR-158,139.7,Pleno dia,Decrescente,Céu Claro,Simples,Reta,-28.19297,-53.47752,DEL08-RS,Risco Médio,Baixa
terça-feira,BR-104,196.2,Pleno dia,Decrescente,Nublado,Simples,Reta,-7.743205,-36.08227,DEL02-PB,Risco Médio,Baixa
quinta-feira,BR-476,122.0,Amanhecer,Crescente,Céu Claro,Dupla,Curva,-25.38911,-49.20595,DEL01-PR,Risco Médio,Baixa
domingo,BR-290,384.9,Plena Noite,Crescente,Céu Claro,Simples,Curva,-30.34428,-54.00335,DEL09-RS,Risco Baixo,Baixa
sábado,BR-277,299.9,Pleno dia,Decrescente,Sol,Simples,Reta,-25.29919,-51.14478,DEL08-PR,Risco Médio,Média
sábado,BR-316,33.2,Plena Noite,Crescente,Céu Claro,Simples,Reta,-7.634474,-40.44088,DEL05-PE,Risco Alto,Baixa
terça-feira,BR-393,283.5,Pleno dia,Crescente,Céu Claro,Simples,Interseção de vias,-22.49246,-44.06572,DEL05-RJ,Risco Baixo,Média
quinta-feira,BR-470,217.0,Pleno dia,Decrescente,Céu Claro,Dupla,Curva,-29.16463,-51.52552,DEL06-RS,Risco Médio,Baixa
sábado,BR-40,547.0,Anoitecer,Crescente,Chuva,Dupla,Não Informado,-20.033,-43.9691,DEL01-MG,Risco Médio,Alta
domingo,BR-101,285.6,Anoitecer,Decrescente,Céu Claro,Múltipla,Reta,-28.22117,-48.70063,DEL02-SC,Risco Baixo,Alta
sexta-feira,BR-277,361.6,Pleno dia,Crescente,Chuva,Simples,Não Informado,-25.43925,-51.62426,DEL03-PR,Risco Baixo,Média
segunda-feira,BR-476,135.1,Pleno dia,Decrescente,Céu Claro,Múltipla,Reta,-25.48379,-49.26581,DEL01-PR,Risco Médio,Baixa
sábado,BR-153,58.8,Pleno dia,Crescente,Sol,Simples,Não Informado,-20.78655,-49.35395,DEL09-SP,Risco Médio,Alta
segunda-feira,BR-153,62.1,Pleno dia,Crescente,Céu Claro,Dupla,Não Informado,-20.81325,-49.35676,DEL09-SP,Risco Médio,Alta
domingo,BR-101,381.0,Plena Noite,Decrescente,Nublado,Múltipla,Não Informado,-28.75478,-49.27732,DEL02-SC,Risco Baixo,Alta
terça-feira,BR-116,273.8,Anoitecer,Decrescente,Céu Claro,Dupla,Reta,-29.99209,-51.18551,DEL01-RS,Risco Médio,Alta
domingo,BR-470,294.6,Amanhecer,Crescente,Chuva,Simples,Não Informado,-27.34473,-51.00004,DEL07-SC,Risco Médio,Baixa
domingo,BR-381,455.0,Pleno dia,Crescente,Céu Claro,Dupla,Reta,-19.85777,-43.90468,DEL01-MG,Risco Médio,Alta
domingo,BR-470,268.5,Pleno dia,Crescente,Chuva,Simples,Não Informado,-27.31299,-50.73885,DEL05-SC,Risco Médio,Baixa
sábado,BR-163,525.4,Plena Noite,Crescente,Chuva,Simples,Desvio Temporário,-14.42803,-56.11748,DEL01-MT,Risco Baixo,Alta
quarta-feira,BR-101,216.6,Pleno dia,Crescente,Sol,Dupla,Interseção de vias,-27.65981,-48.67748,DEL01-SC,Risco Médio,Alta
sexta-feira,BR-163,597.0,Plena Noite,Decrescente,Céu Claro,Dupla,Reta,-13.84126,-56.08492,DEL01-MT,Risco Médio,Alta
segunda-feira,BR-101,122.0,Pleno dia,Crescente,Céu Claro,Dupla,Viaduto,-26.92956,-48.705,DEL04-SC,Risco Médio,Alta
domingo,BR-101,210.0,Plena Noite,Crescente,Nublado,Simples,Viaduto,-27.61673,-48.64573,DEL01-SC,Risco Baixo,Alta
quinta-feira,BR-282,524.1,Pleno dia,Crescente,Céu Claro,Simples,Não Informado,-26.96469,-52.55759,DEL07-SC,Risco Baixo,Baixa
terça-feira,BR-280,23.7,Pleno dia,Decrescente,Nublado,Simples,Reta,-26.37146,-48.71189,DEL03-SC,Risco Médio,Baixa
sábado,BR-381,806.4,Plena Noite,Decrescente,Céu Claro,Dupla,Curva,-21.97786,-45.6402,DEL16-MG,Risco Médio,Alta
sábado,BR-101,137.0,Plena Noite,Decrescente,Garoa/Chuvisco,Dupla,Reta,-27.01572,-48.61193,DEL04-SC,Risco Baixo,Alta
sábado,BR-381,86.0,Plena Noite,Crescente,Nublado,Múltipla,Curva,-23.4593,-46.57161,DEL03-SP,Risco Baixo,Alta
segunda-feira,BR-101,1.8,Pleno dia,Decrescente,Nublado,Dupla,Reta,-25.98896,-48.88356,DEL03-SC,Risco Médio,Alta
sábado,BR-163,744.0,Anoitecer,Decrescente,Céu Claro,Simples,Não Informado,-12.71578,-55.82369,DEL06-MT,Risco Médio,Alta
segunda-feira,BR-101,41.8,Plena Noite,Decrescente,Céu Claro,Dupla,Não Informado,-10.53266,-36.96045,DEL02-SE,Risco Médio,Alta
terça-feira,BR-277,604.0,Amanhecer,Decrescente,Céu Claro,Simples,Reta,-25.02906,-53.56961,DEL05-PR,Risco Baixo,Média
segunda-feira,BR-153,44.4,Pleno dia,Crescente,Céu Claro,Simples,Não Informado,-13.2038,-49.15596,DEL07-GO,Risco Alto,Alta
quarta-feira,BR-20,6.4,Plena Noite,Crescente,Garoa/Chuvisco,Dupla,Não Informado,-15.66444,-47.80461,DEL02-DF,Risco Médio,Baixa
terça-feira,BR-290,14.0,Plena Noite,Decrescente,Chuva,Dupla,Curva,-29.86739,-50.4012,DEL03-RS,Risco Médio,Baixa
quinta-feira,BR-101,60.0,Pleno dia,Crescente,Sol,Dupla,Curva,-7.983443,-34.93177,DEL01-PE,Risco Baixo,Alta
terça-feira,BR-392,180.0,Pleno dia,Crescente,Céu Claro,Simples,Reta,-28.29888,-52.74773,DEL07-RS,Risco Médio,Média
quarta-feira,BR-407,566.0,Pleno dia,Decrescente,Nublado,Simples,Reta,-8.077306,-41.16896,DEL04-PI,Risco Médio,Baixa
segunda-feira,BR-101,41.9,Pleno dia,Decrescente,Céu Claro,Dupla,Reta,-10.53666,-36.96329,DEL02-SE,Risco Baixo,Alta
quarta-feira,BR-101,204.0,Anoitecer,Crescente,Céu Claro,Dupla,Reta,-27.57413,-48.61363,DEL01-SC,Risco Médio,Alta
segunda-feira,BR-101,93.5,Plena Noite,Decrescente,Chuva,Dupla,Rotatória,-8.248892,-35.00394,DEL01-PE,Risco Baixo,Alta
quarta-feira,BR-101,83.8,Pleno dia,Crescente,Sol,Dupla,Reta,-5.771045,-35.26617,DEL02-RN,Risco Médio,Alta
domingo,BR-101,112.0,Amanhecer,Crescente,Céu Claro,Dupla,Curva,-8.327892,-35.11924,DEL01-PE,Risco Baixo,Alta
terça-feira,BR-116,216.3,Pleno dia,Decrescente,Céu Claro,Múltipla,Reta,-23.45252,-46.46768,DEL01-SP,Risco Médio,Alta
terça-feira,BR-242,519.0,Plena Noite,Decrescente,Céu Claro,Simples,Reta,-12.23519,-42.77646,DEL06-BA,Risco Baixo,Baixa
quinta-feira,BR-101,206.8,Plena Noite,Crescente,Céu Claro,Dupla,Reta,-27.59194,-48.61825,DEL01-SC,Risco Médio,Alta
quarta-feira,BR-381,54.0,Pleno dia,Crescente,Céu Claro,Dupla,Curva,-23.24491,-46.59562,DEL03-SP,Risco Médio,Alta
quarta-feira,BR-282,503.6,Pleno dia,Crescente,Céu Claro,Simples,Reta,-26.88492,-52.39979,DEL07-SC,Risco Médio,Baixa
segunda-feira,BR-222,95.5,Pleno dia,Crescente,Céu Claro,Simples,Reta,-3.702381,-39.38326,DEL04-CE,Risco Baixo,Baixa
segunda-feira,BR-153,164.2,Plena Noite,Decrescente,Céu Claro,Simples,Reta,-7.349972,-48.32704,DEL02-TO,Risco Médio,Alta
quarta-feira,BR-40,3.0,Pleno dia,Decrescente,Céu Claro,Simples,Reta,-16.00314,-47.98394,DEL01-DF,Risco Médio,Alta
quarta-feira,BR-153,107.9,Pleno dia,Crescente,Céu Claro,Simples,Interseção de vias,-21.06389,-49.66255,DEL09-SP,Risco Médio,Alta
quinta-feira,BR-101,171.5,Amanhecer,Decrescente,Garoa/Chuvisco,Dupla,Reta,-9.936979,-36.48418,DEL02-AL,Risco Alto,Alta
quarta-feira,BR-369,142.3,Pleno dia,Crescente,Céu Claro,Simples,Reta,-23.28316,-51.07104,DEL07-PR,Risco Médio,Baixa
domingo,BR-116,460.0,Plena Noite,Crescente,Nevoeiro/Neblina,Dupla,Reta,-24.61056,-47.88286,DEL05-SP,Risco Médio,Alta
sexta-feira,BR-40,112.0,Plena Noite,Crescente,Céu Claro,Múltipla,Desvio Temporário,-22.70343,-43.29053,DEL01-RJ,Risco Médio,Alta
quarta-feira,BR-316,10.0,Pleno dia,Crescente,Céu Claro,Dupla,Reta,-1.3656,-48.3577,DEL01-PA,Risco Médio,Baixa
sexta-feira,BR-174,9.2,Plena Noite,Decrescente,Céu Claro,Simples,Reta,-15.20256,-59.37065,DEL03-MT,Risco Médio,Baixa
quarta-feira,BR-101,277.9,Pleno dia,Crescente,Céu Claro,Dupla,Retorno Regulamentado,-20.21702,-40.32944,DEL02-ES,Risco Médio,Alta
terça-feira,BR-116,219.0,Pleno dia,Decrescente,Nublado,Múltipla,Reta,-23.467,-46.504,DEL01-SP,Risco Médio,Alta
domingo,BR-153,73.6,Anoitecer,Decrescente,Céu Claro,Simples,Túnel,-20.87625,-49.42003,DEL09-SP,Risco Médio,Alta