dia_semana,br,km,fase_dia,sentido_via,condicao_metereologica,tipo_pista,tracado_via,latitude,longitude,delegacia,classificacao_acidente,postos_policiais_PRF
terça-feira,BR-116,219.0,Plena Noite,Decrescente,Chuva,Simples,Curva,-22.67778,-43.81951,DEL07-RJ,Risco Médio,Alta
domingo,BR-364,405.0,Pleno dia,Decrescente,Sol,Simples,Reta,-10.5717,-62.3697,DEL03-RO,Risco Médio,Alta
segunda-feira,BR-392,265.0,Pleno dia,Crescente,Chuva,Simples,Não Informado,-30.43683,-53.49887,DEL09-RS,Risco Baixo,Média
terça-feira,BR-101,364.0,Pleno dia,Decrescente,Céu Claro,Dupla,Reta,-28.67131,-49.12537,DEL02-SC,Risco Médio,Alta
terça-feira,BR-158,346.5,Plena Noite,Decrescente,Céu Claro,Simples,Reta,-29.7571,-53.97677,DEL09-RS,Risco Médio,Baixa
sexta-feira,BR-101,46.9,Plena Noite,Decrescente,Chuva,Múltipla,Reta,-7.87406,-34.90588,DEL01-PE,Risco Médio,Alta
domingo,BR-116,13.9,Anoitecer,Decrescente,Céu Claro,Dupla,Reta,-3.882912,-38.50099,DEL01-CE,Risco Baixo,Alta
domingo,BR-373,427.7,Anoitecer,Decrescente,Céu Claro,Simples,Reta,-25.73213,-52.22268,DEL08-PR,Risco Alto,Baixa
quarta-feira,BR-116,180.0,Pleno dia,Decrescente,Céu Claro,Dupla,Reta,-22.76516,-43.41547,DEL01-RJ,Risco Médio,Alta
segunda-feira,BR-364,355.0,Pleno dia,Crescente,Chuva,Dupla,Curva,-15.79702,-55.60064,DEL05-MT,Risco Médio,Alta
terça-feira,BR-153,58.7,Pleno dia,Crescente,Céu Claro,Simples,Interseção de vias,-26.96981,-51.85547,DEL07-SC,Risco Médio,Alta
segunda-feira,BR-277,549.0,Pleno dia,Crescente,Nublado,Simples,Interseção de vias,-25.09035,-53.16765,DEL04-PR,Risco Baixo,Média
domingo,BR-493,5.8,Pleno dia,Decrescente,Céu Claro,Simples,Não Informado,-22.73999,-42.95375,DEL02-RJ,Risco Médio,Baixa
sábado,BR-356,25.0,Amanhecer,Crescente,Chuva,Simples,Reta,-21.1794,-41.95449,DEL08-RJ,Risco Médio,Baixa
domingo,BR-101,115.0,Pleno dia,Crescente,Céu Claro,Simples,Desvio Temporário,-12.17091,-38.4391,DEL01-BA,Risco Alto,Alta
sábado,BR-116,833.1,Amanhecer,Decrescente,Céu Claro,Simples,Reta,-14.93657,-40.89084,DEL08-BA,Risco Médio,Alta
quarta-feira,BR-101,147.8,Plena Noite,Crescente,Nublado,Simples,Reta,-27.09915,-48.6181,DEL04-SC,Risco Médio,Alta
sexta-feira,BR-101,439.0,Pleno dia,Crescente,Céu Claro,Dupla,Não Informado,-29.12382,-49.65694,DEL02-SC,Risco Médio,Alta
quinta-feira,BR-101,75.0,Plena Noite,Decrescente,Céu Claro,Dupla,Curva,-29.7874,-50.2307,DEL03-RS,Risco Baixo,Alta
sábado,BR-116,276.0,Pleno dia,Decrescente,Céu Claro,Simples,Reta,-22.53053,-44.19546,DEL07-RJ,Risco Médio,Alta
sexta-feira,BR-427,98.0,Anoitecer,Crescente,Céu Claro,Simples,Não Informado,-6.470299,-37.08559,DEL03-RN,Risco Médio,Baixa
domingo,BR-116,380.2,Pleno dia,Decrescente,Céu Claro,Simples,Curva,-18.6222,-41.94239,DEL06-MG,Risco Médio,Alta
terça-feira,BR-282,225.0,Pleno dia,Crescente,Céu Claro,Simples,Curva,-27.79418,-50.37956,DEL05-SC,Risco Baixo,Baixa
domingo,BR-222,12.0,Pleno dia,Decrescente,Nublado,Simples,Reta,-3.7648,-38.66897,DEL01-CE,Risco Médio,Baixa
quarta-feira,BR-324,612.0,Pleno dia,Crescente,Nublado,Dupla,Não Informado,-12.85882,-38.42183,DEL01-BA,Risco Baixo,Baixa
terça-feira,BR-116,275.0,Plena Noite,Crescente,Céu Claro,Simples,Curva,-22.56207,-44.15671,DEL07-RJ,Risco Baixo,Alta
sábado,BR-116,203.2,Pleno dia,Decrescente,Céu Claro,Simples,Curva,-29.48986,-51.15338,DEL05-RS,Risco Médio,Alta
segunda-feira,BR-470,186.1,Plena Noite,Decrescente,Nublado,Simples,Reta,-27.25414,-50.03304,DEL04-SC,Risco Alto,Baixa
terça-feira,BR-101,138.0,Pleno dia,Decrescente,Chuva,Dupla,Reta,-27.02397,-48.60762,DEL04-SC,Risco Médio,Alta
segunda-feira,BR-316,83.1,Pleno dia,Decrescente,Céu Claro,Simples,Desvio Temporário,-9.366476,-37.26096,DEL03-AL,Risco Médio,Baixa
segunda-feira,BR-356,48.0,Pleno dia,Crescente,Céu Claro,Simples,Curva,-21.25282,-41.78358,DEL08-RJ,Risco Médio,Baixa
domingo,BR-70,8.0,Plena Noite,Crescente,Céu Claro,Dupla,Reta,-15.73963,-48.27196,DEL01-DF,Risco Médio,Baixa
domingo,BR-470,9.0,Pleno dia,Crescente,Nublado,Simples,Reta,-26.84151,-48.71625,DEL04-SC,Risco Médio,Baixa
domingo,BR-116,708.7,Pleno dia,Decrescente,Céu Claro,Simples,Reta,-21.14077,-42.38088,DEL07-MG,Risco Médio,Alta
segunda-feira,BR-364,203.0,Plena Noite,Decrescente,Céu Claro,Dupla,Reta,-16.47555,-54.65345,DEL02-MT,Risco Baixo,Alta
terça-feira,BR-50,178.9,Pleno dia,Decrescente,Nublado,Dupla,Curva,-17.3972,-47.7778,DEL06-GO,Risco Médio,Média
quinta-feira,BR-262,458.0,Pleno dia,Crescente,Nublado,Simples,Reta,-19.81096,-45.10793,DEL08-MG,Risco Baixo,Média
segunda-feira,BR-376,455.4,Pleno dia,Crescente,Céu Claro,Dupla,Curva,-24.9031,-50.42231,DEL03-PR,Risco Alto,Baixa
domingo,BR-116,858.1,Anoitecer,Decrescente,Céu Claro,Simples,Reta,-15.121,-41.03298,DEL08-BA,Risco Médio,Alta
terça-feira,BR-230,10.0,Anoitecer,Decrescente,Céu Claro,Simples,Reta,-7.0514,-34.8499,DEL01-PB,Risco Médio,Baixa
terça-feira,BR-316,9.2,Plena Noite,Crescente,Nublado,Simples,Reta,-5.173879,-42.76623,DEL01-PI,Risco Médio,Baixa
domingo,BR-476,239.3,Plena Noite,Crescente,Nevoeiro/Neblina,Simples,Curva,-25.86999,-50.06122,DEL02-PR,Risco Baixo,Baixa
terça-feira,BR-381,692.0,Pleno dia,Decrescente,Céu Claro,Dupla,Curva,-21.2265,-45.1307,DEL04-MG,Risco Baixo,Alta
quinta-feira,BR-40,652.0,Plena Noite,Decrescente,Céu Claro,Dupla,Curva,-20.84063,-43.79908,DEL05-MG,Risco Alto,Alta
segunda-feira,BR-163,586.0,Pleno dia,Decrescente,Céu Claro,Dupla,Não Informado,-14.54221,-56.23232,DEL01-MT,Risco Médio,Alta
domingo,BR-116,223.0,Plena Noite,Crescente,Nublado,Múltipla,Reta,-23.48129,-46.53419,DEL01-SP,Risco Médio,Alta
segunda-feira,BR-116,164.2,Pleno dia,Crescente,Céu Claro,Simples,Reta,-4.96312,-38.00432,DEL03-CE,Risco Médio,Alta
quinta-feira,BR-364,10.0,Pleno dia,Crescente,Céu Claro,Simples,Reta,-18.99155,-50.57178,DEL05-GO,Risco Médio,Alta
sexta-feira,BR-20,11.7,Pleno dia,Crescente,Céu Claro,Dupla,Reta,-15.64654,-47.76642,DEL02-DF,Risco Médio,Baixa
quarta-feira,BR-277,650.0,Plena Noite,Crescente,Céu Claro,Simples,Reta,-25.19039,-53.93737,DEL05-PR,Risco Médio,Média
domingo,BR-364,420.6,Plena Noite,Crescente,Céu Claro,Simples,Reta,-10.4747,-62.44576,DEL03-RO,Risco Médio,Alta
domingo,BR-163,144.4,Plena Noite,Crescente,Céu Claro,Dupla,Reta,-25.44192,-53.57717,DEL05-PR,Risco Médio,Alta
terça-feira,BR-116,414.0,Plena Noite,Crescente,Céu Claro,Múltipla,Reta,-18.88103,-41.95911,DEL06-MG,Risco Médio,Alta
quinta-feira,BR-116,69.9,Plena Noite,Decrescente,Chuva,Simples,Reta,-26.46037,-50.2289,DEL06-SC,Risco Alto,Alta
segunda-feira,BR-452,140.4,Plena Noite,Crescente,Céu Claro,Simples,Reta,-18.26249,-49.66201,DEL03-GO,Risco Médio,Baixa
quinta-feira,BR-262,158.5,Anoitecer,Decrescente,Céu Claro,Simples,Interseção de vias,-20.23111,-41.49626,DEL01-ES,Risco Médio,Média
quarta-feira,BR-369,74.9,Pleno dia,Decrescente,Céu Claro,Simples,Reta,-23.14893,-50.53835,DEL07-PR,Risco Médio,Baixa
domingo,BR-364,199.9,Pleno dia,Crescente,Céu Claro,Simples,Reta,-11.66155,-61.19105,DEL02-RO,Risco Médio,Alta
sexta-feira,BR-101,9.8,Plena Noite,Decrescente,Céu Claro,Dupla,Não Informado,-7.584684,-34.98743,DEL01-PE,Risco Médio,Alta
terça-feira,BR-163,901.8,Pleno dia,Crescente,Céu Claro,Simples,Reta,-11.0618,-55.2773,DEL06-MT,Risco Médio,Alta
sexta-feira,BR-381,923.0,Amanhecer,Crescente,Céu Claro,Dupla,Reta,-22.77135,-46.18226,DEL16-MG,Risco Baixo,Alta
sexta-feira,BR-272,549.0,Plena Noite,Decrescente,Céu Claro,Simples,Reta,-24.08408,-54.10217,DEL06-PR,Risco Médio,Baixa
sexta-feira,BR-101,159.8,Plena Noite,Crescente,Nublado,Dupla,Reta,-27.19988,-48.61534,DEL04-SC,Risco Médio,Alta
sexta-feira,BR-40,12.0,Pleno dia,Decrescente,Céu Claro,Dupla,Reta,-16.14512,-47.94538,DEL01-DF,Risco Médio,Alta
quarta-feira,BR-116,25.8,Plena Noite,Crescente,Céu Claro,Múltipla,Reta,-22.60593,-44.89504,DEL08-SP,Risco Médio,Alta
segunda-feira,BR-153,138.9,Amanhecer,Decrescente,Céu Claro,Simples,Curva,-24.18724,-50.2108,DEL07-PR,Risco Baixo,Alta
segunda-feira,BR-235,4.0,Pleno dia,Decrescente,Nublado,Dupla,Reta,-10.90604,-37.11182,DEL01-SE,Risco Médio,Baixa
sábado,BR-40,684.9,Plena Noite,Crescente,Céu Claro,Simples,Reta,-21.08937,-43.77167,DEL05-MG,Risco Médio,Alta
sexta-feira,BR-101,313.0,Pleno dia,Crescente,Chuva,Dupla,Reta,-22.81049,-43.06983,DEL02-RJ,Risco Médio,Alta
quinta-feira,BR-70,514.0,Plena Noite,Decrescente,Céu Claro,Simples,Reta,-15.70884,-56.13917,DEL01-MT,Risco Médio,Baixa
quinta-feira,BR-381,70.0,Plena Noite,Decrescente,Ignorado,Múltipla,Curva,-23.34973,-46.5607,DEL03-SP,Risco Baixo,Alta
sexta-feira,BR-277,83.0,Anoitecer,Decrescente,Céu Claro,Dupla,Reta,-25.44823,-49.23111,DEL01-PR,Risco Médio,Média
sexta-feira,BR-116,716.0,Pleno dia,Crescente,Garoa/Chuvisco,Simples,Curva,-21.2125,-42.3892,DEL07-MG,Risco Alto,Alta
domingo,BR-40,44.0,Plena Noite,Decrescente,Nublado,Dupla,Reta,-22.27275,-43.10869,DEL06-RJ,Risco Médio,Alta
sábado,BR-101,8.0,Plena Noite,Crescente,Céu Claro,Simples,Não Informado,-11.6054,-37.8804,DEL02-SE,Risco Médio,Alta
quarta-feira,BR-226,2.0,Plena Noite,Crescente,Céu Claro,Simples,Reta,-5.813649,-35.24665,DEL01-RN,Risco Baixo,Baixa
sábado,BR-367,25.4,Pleno dia,Decrescente,Sol,Simples,Rotatória,-16.43567,-39.09446,DEL09-BA,Risco Médio,Baixa
domingo,BR-20,10.0,Pleno dia,Decrescente,Céu Claro,Dupla,Reta,-15.65024,-47.77387,DEL02-DF,Risco Médio,Baixa
quarta-feira,BR-367,49.4,Plena Noite,Crescente,Céu Claro,Simples,Curva,-16.37217,-39.28506,DEL09-BA,Risco Médio,Baixa
quinta-feira,BR-101,303.5,Anoitecer,Crescente,Céu Claro,Dupla,Reta,-20.37696,-40.44527,DEL01-ES,Risco Baixo,Alta
terça-feira,BR-10,326.0,Pleno dia,Crescente,Céu Claro,Simples,Reta,-4.902402,-47.50982,DEL04-MA,Risco Médio,Baixa
quinta-feira,BR-282,5.0,Pleno dia,Decrescente,Céu Claro,Dupla,Reta,-27.59081,-48.60825,DEL01-SC,Risco Médio,Baixa
domingo,BR-101,337.8,Pleno dia,Decrescente,Céu Claro,Dupla,Não Informado,-28.47802,-49.03246,DEL02-SC,Risco Médio,Alta
domingo,BR-158,368.8,Plena Noite,Decrescente,Céu Claro,Simples,Não Informado,-25.11801,-52.27106,DEL04-PR,Risco Alto,Baixa
domingo,BR-304,296.6,Plena Noite,Decrescente,Nublado,Dupla,Rotatória,-5.86401,-35.34353,DEL01-RN,Risco Médio,Baixa
sábado,BR-116,697.1,Pleno dia,Crescente,Garoa/Chuvisco,Simples,Curva,-21.07815,-42.37219,DEL07-MG,Risco Médio,Alta
segunda-feira,BR-435,64.0,Amanhecer,Crescente,Céu Claro,Simples,Curva,-13.0842,-60.3773,DEL04-RO,Risco Médio,Baixa
domingo,BR-153,219.0,Amanhecer,Crescente,Nublado,Simples,Reta,-20.14539,-49.11088,DEL13-MG,Risco Baixo,Alta
sábado,BR-376,615.1,Pleno dia,Crescente,Céu Claro,Dupla,Reta,-25.57305,-49.18052,DEL01-PR,Risco Médio,Baixa
domingo,BR-116,2.5,Pleno dia,Crescente,Nublado,Múltipla,Reta,-3.772221,-38.51665,DEL01-CE,Risco Médio,Alta
sábado,BR-262,476.7,Pleno dia,Crescente,Sol,Simples,Reta,-19.78799,-45.21134,DEL08-MG,Risco Médio,Média
segunda-feira,BR-135,497.1,Plena Noite,Crescente,Céu Claro,Simples,Reta,-17.75867,-44.13447,DEL02-MG,Risco Médio,Baixa
domingo,BR-230,81.0,Pleno dia,Decrescente,Sol,Simples,Reta,-5.472822,-48.8047,DEL03-PA,Risco Alto,Baixa
quarta-feira,BR-163,996.0,Pleno dia,Decrescente,Céu Claro,Simples,Reta,-2.507241,-54.72535,DEL05-PA,Risco Médio,Alta
sábado,BR-381,655.2,Plena Noite,Decrescente,Céu Claro,Dupla,Não Informado,-20.98333,-44.94423,DEL04-MG,Risco Médio,Alta
sábado,BR-153,502.7,Pleno dia,Decrescente,Sol,Dupla,Reta,-16.72337,-49.23984,DEL01-GO,Risco Médio,Alta
sexta-feira,BR-381,497.4,Plena Noite,Decrescente,Céu Claro,Dupla,Reta,-20.01173,-44.21976,DEL01-MG,Risco Médio,Alta
sábado,BR-277,44.0,Plena Noite,Decrescente,Nevoeiro/Neblina,Dupla,Não Informado,-25.47742,-48.83487,DEL01-PR,Risco Baixo,Média
segunda-feira,BR-262,19.0,Plena Noite,Decrescente,Céu Claro,Simples,Reta,-20.389,-40.4781,DEL01-ES,Risco Médio,Média
quarta-feira,BR-101,136.0,Pleno dia,Crescente,Céu Claro,Dupla,Reta,-27.0158,-48.6117,DEL04-SC,Risco Baixo,Alta
sábado,BR-101,277.0,Pleno dia,Decrescente,Céu Claro,Dupla,Reta,-22.73944,-42.74828,DEL02-RJ,Risco Médio,Alta
sábado,BR-101,113.8,Pleno dia,Decrescente,Céu Claro,Dupla,Reta,-26.85311,-48.7269,DEL04-SC,Risco Médio,Alta
sábado,BR-369,236.0,Plena Noite,Crescente,Garoa/Chuvisco,Simples,Curva,-23.63998,-51.67981,DEL07-PR,Risco Alto,Baixa
quinta-feira,BR-101,205.0,Pleno dia,Decrescente,Céu Claro,Dupla,Reta,-27.58313,-48.61533,DEL01-SC,Risco Médio,Alta
quinta-feira,BR-222,142.0,Plena Noite,Decrescente,Céu Claro,Simples,Reta,-3.763916,-39.7312,DEL04-CE,Risco Médio,Baixa
sábado,BR-277,2.0,Plena Noite,Decrescente,Céu Claro,Dupla,Reta,-25.49018,-54.5833,DEL05-PR,Risco Baixo,Média
sábado,BR-232,265.0,Pleno dia,Crescente,Sol,Simples,Reta,-8.4094,-37.1609,DEL03-PE,Risco Médio,Baixa
sábado,BR-280,105.2,Plena Noite,Decrescente,Nevoeiro/Neblina,Múltipla,Curva,-26.35641,-49.36407,DEL06-SC,Risco Baixo,Baixa
segunda-feira,BR-356,265.5,Pleno dia,Decrescente,Céu Claro,Simples,Rotatória,-21.12757,-42.36846,DEL07-MG,Risco Médio,Baixa
quinta-feira,BR-393,178.0,Pleno dia,Crescente,Céu Claro,Simples,Reta,-22.12634,-43.22812,DEL05-RJ,Risco Médio,Média
sexta-feira,BR-40,526.1,Plena Noite,Decrescente,Céu Claro,Dupla,Reta,-19.89341,-44.04988,DEL01-MG,Risco Médio,Alta
quinta-feira,BR-277,62.0,Pleno dia,Decrescente,Céu Claro,Dupla,Reta,-25.5307,-49.1958,DEL01-PR,Risco Baixo,Média
quarta-feira,BR-116,569.0,Pleno dia,Decrescente,Garoa/Chuvisco,Simples,Retorno Regulamentado,-24.9761,-48.38928,DEL05-SP,Risco Baixo,Alta
sábado,BR-373,440.4,Pleno dia,Decrescente,Garoa/Chuvisco,Simples,Reta,-25.81589,-52.29323,DEL02-PR,Risco Baixo,Baixa
quinta-feira,BR-153,772.1,Pleno dia,Crescente,Chuva,Simples,Reta,-12.57004,-49.0792,DEL01-TO,Risco Alto,Alta
sábado,BR-101,157.2,Plena Noite,Crescente,Céu Claro,Dupla,Reta,-6.347916,-35.16581,DEL01-RN,Risco Baixo,Alta
quinta-feira,BR-262,45.0,Plena Noite,Crescente,Chuva,Simples,Reta,-20.4,-40.67218,DEL01-ES,Risco Médio,Média
quinta-feira,BR-116,108.5,Pleno dia,Crescente,Nublado,Dupla,Reta,-25.57147,-49.19761,DEL01-PR,Risco Alto,Alta
quinta-feira,BR-163,86.9,Anoitecer,Decrescente,Céu Claro,Simples,Reta,-25.71619,-53.77785,DEL02-PR,Risco Médio,Alta
quinta-feira,BR-101,78.2,Pleno dia,Decrescente,Céu Claro,Simples,Não Informado,-8.1456,-34.9465,DEL01-PE,Risco Médio,Alta
quinta-feira,BR-230,148.0,Anoitecer,Decrescente,Céu Claro,Dupla,Desvio Temporário,-7.238,-35.8656,DEL02-PB,Risco Médio,Baixa
quarta-feira,BR-80,164.0,Pleno dia,Crescente,Chuva,Simples,Reta,-14.74401,-49.06975,DEL07-GO,Risco Médio,Baixa
sábado,BR-40,63.0,Plena Noite,Crescente,Céu Claro,Dupla,Reta,-22.4132,-43.14971,DEL06-RJ,Risco Baixo,Alta
domingo,BR-116,531.9,Plena Noite,Crescente,Nublado,Simples,Reta,-19.81938,-42.13693,DEL06-MG,Risco Médio,Alta
sábado,BR-101,715.0,Amanhecer,Decrescente,Sol,Simples,Reta,-16.34985,-39.58006,DEL09-BA,Risco Baixo,Alta
sexta-feira,BR-392,352.0,Pleno dia,Decrescente,Céu Claro,Dupla,Reta,-29.72833,-53.80329,DEL09-RS,Risco Médio,Média
sábado,BR-116,269.0,Pleno dia,Crescente,Céu Claro,Simples,Reta,-22.5751,-44.11542,DEL07-RJ,Risco Médio,Alta
sábado,BR-381,41.4,Pleno dia,Crescente,Céu Claro,Dupla,Reta,-23.13864,-46.57584,DEL03-SP,Risco Médio,Alta
quarta-feira,BR-40,524.5,Pleno dia,Crescente,Céu Claro,Dupla,Reta,-19.87545,-44.05346,DEL01-MG,Risco Médio,Alta
terça-feira,BR-101,475.0,Pleno dia,Decrescente,Céu Claro,Simples,Interseção de vias,-14.569,-39.33538,DEL05-BA,Risco Alto,Alta
domingo,BR-110,373.0,Plena Noite,Crescente,Céu Claro,Simples,Curva,-12.40252,-38.38912,DEL01-BA,Risco Médio,Baixa
sábado,BR-222,5.0,Pleno dia,Decrescente,Sol,Múltipla,Reta,-3.742969,-38.61331,DEL01-CE,Risco Baixo,Baixa
domingo,BR-116,198.0,Plena Noite,Decrescente,Céu Claro,Múltipla,Reta,-23.3998,-46.3016,DEL01-SP,Risco Médio,Alta
quarta-feira,BR-116,14.0,Pleno dia,Crescente,Sol,Dupla,Viaduto,-25.3818,-49.1643,DEL01-PR,Risco Médio,Alta
sábado,BR-101,206.6,Pleno dia,Decrescente,Sol,Dupla,Reta,-27.59194,-48.61825,DEL01-SC,Risco Médio,Alta
domingo,BR-153,76.0,Pleno dia,Crescente,Sol,Simples,Reta,-20.89941,-49.44319,DEL09-SP,Risco Alto,Alta
segunda-feira,BR-277,527.1,Pleno dia,Crescente,Céu Claro,Simples,Reta,-25.09165,-52.94926,DEL04-PR,Risco Alto,Média
sábado,BR-40,24.0,Plena Noite,Crescente,Céu Claro,Dupla,Retorno Regulamentado,-16.25274,-47.90044,DEL01-DF,Risco Baixo,Alta
quarta-feira,BR-376,467.5,Pleno dia,Crescente,Nublado,Dupla,Não Informado,-25.00389,-50.35988,DEL03-PR,Risco Médio,Baixa
sábado,BR-364,44.3,Amanhecer,Decrescente,Nevoeiro/Neblina,Simples,Reta,-12.60211,-60.34375,DEL04-RO,Risco Médio,Alta
quarta-feira,BR-153,47.0,Pleno dia,Decrescente,Céu Claro,Simples,Rotatória,-27.6453,-52.24998,DEL08-RS,Risco Médio,Alta
segunda-feira,BR-280,50.0,Plena Noite,Crescente,Chuva,Simples,Rotatória,-26.46773,-48.96229,DEL03-SC,Risco Médio,Baixa
quarta-feira,BR-158,519.0,Plena Noite,Decrescente,Céu Claro,Simples,Não Informado,-26.19918,-52.67489,DEL02-PR,Risco Médio,Baixa
sábado,BR-282,522.0,Plena Noite,Crescente,Céu Claro,Simples,Reta,-26.95624,-52.54264,DEL07-SC,Risco Médio,Baixa
sexta-feira,BR-116,119.0,Pleno dia,Decrescente,Nublado,Dupla,Reta,-25.54456,-49.30146,DEL01-PR,Risco Médio,Alta
segunda-feira,BR-116,162.0,Plena Noite,Decrescente,Chuva,Simples,Curva,-27.12681,-50.45792,DEL05-SC,Risco Baixo,Alta
quinta-feira,BR-60,423.5,Pleno dia,Decrescente,Céu Claro,Simples,Reta,-20.92092,-54.95181,DEL01-MS,Risco Médio,Média
quinta-feira,BR-267,396.0,Pleno dia,Crescente,Céu Claro,Simples,Reta,-21.6233,-55.4671,DEL05-MS,Risco Médio,Baixa
quinta-feira,BR-40,2.7,Pleno dia,Decrescente,Céu Claro,Dupla,Não Informado,-15.99435,-47.98595,DEL01-DF,Risco Médio,Alta
segunda-feira,BR-277,37.0,Plena Noite,Decrescente,Garoa/Chuvisco,Múltipla,Curva,-25.56012,-48.8144,DEL01-PR,Risco Baixo,Média
domingo,BR-101,207.0,Pleno dia,Crescente,Sol,Múltipla,Não Informado,-27.60001,-48.62265,DEL01-SC,Risco Médio,Alta
domingo,BR-20,16.0,Amanhecer,Crescente,Céu Claro,Simples,Reta,-15.56247,-47.21503,DEL02-DF,Risco Médio,Baixa
segunda-feira,BR-135,29.0,Pleno dia,Decrescente,Sol,Dupla,Reta,-2.78884,-44.37415,DEL01-MA,Risco Médio,Baixa
sexta-feira,BR-376,3.6,Plena Noite,Decrescente,Chuva,Dupla,Reta,-23.55851,-51.44064,DEL07-PR,Risco Baixo,Baixa
terça-feira,BR-70,4.7,Pleno dia,Decrescente,Sol,Dupla,Reta,-15.87907,-52.28563,DEL07-MT,Risco Médio,Baixa
terça-feira,BR-163,521.8,Pleno dia,Crescente,Sol,Dupla,Reta,-20.14442,-54.43975,DEL01-MS,Risco Médio,Alta
segunda-feira,BR-304,305.3,Pleno dia,Decrescente,Céu Claro,Múltipla,Não Informado,-5.886192,-35.27767,DEL01-RN,Risco Médio,Baixa
domingo,BR-116,214.0,Pleno dia,Crescente,Sol,Múltipla,Reta,-23.44552,-46.45123,DEL01-SP,Risco Médio,Alta
sábado,BR-277,72.0,Plena Noite,Decrescente,Nublado,Dupla,Reta,-25.50828,-49.13558,DEL01-PR,Risco Baixo,Média
domingo,BR-50,95.0,Plena Noite,Crescente,Céu Claro,Dupla,Não Informado,-16.9309,-47.7117,DEL01-DF,Risco Médio,Média
sexta-feira,BR-364,708.6,Plena Noite,Decrescente,Céu Claro,Dupla,Reta,-8.795541,-63.84072,DEL01-RO,Risco Médio,Alta
quarta-feira,BR-367,38.5,Pleno dia,Crescente,Sol,Simples,Reta,-16.39595,-39.19344,DEL09-BA,Risco Médio,Baixa
quarta-feira,BR-376,184.0,Pleno dia,Decrescente,Céu Claro,Dupla,Desvio Temporário,-23.44656,-51.86217,DEL09-PR,Risco Médio,Baixa
segunda-feira,BR-70,194.0,Pleno dia,Decrescente,Céu Claro,Simples,Reta,-15.72227,-53.69485,DEL05-MT,Risco Baixo,Baixa
segunda-feira,BR-116,1.0,Pleno dia,Decrescente,Céu Claro,Múltipla,Viaduto,-3.761599,-38.51901,DEL01-CE,Risco Baixo,Alta
sexta-feira,BR-101,221.0,Pleno dia,Crescente,Nublado,Dupla,Reta,-22.51706,-42.32716,DEL02-RJ,Risco Médio,Alta
domingo,BR-174,500.4,Plena Noite,Crescente,Nublado,Dupla,Reta,2.776633,-60.70886,DEL01-RR,Risco Médio,Baixa
quarta-feira,BR-381,849.0,Pleno dia,Decrescente,Chuva,Dupla,Curva,-22.23056,-45.876,DEL16-MG,Risco Baixo,Alta
terça-feira,BR-381,342.0,Pleno dia,Decrescente,Céu Claro,Simples,Reta,-19.82382,-43.08005,DEL03-MG,Risco Baixo,Alta
terça-feira,BR-262,865.8,Amanhecer,Crescente,Nublado,Dupla,Curva,-19.77808,-48.47911,DEL13-MG,Risco Médio,Média
segunda-feira,BR-101,139.0,Pleno dia,Crescente,Nublado,Múltipla,Curva,-27.02982,-48.60115,DEL04-SC,Risco Médio,Alta
sexta-feira,BR-101,73.7,Pleno dia,Crescente,Sol,Dupla,Reta,-26.53567,-48.71327,DEL03-SC,Risco Médio,Alta
quinta-feira,BR-364,148.0,Anoitecer,Decrescente,Céu Claro,Simples,Desvio Temporário,-16.79954,-54.188,DEL02-MT,Risco Baixo,Alta
segunda-feira,BR-465,17.0,Plena Noite,Decrescente,Céu Claro,Simples,Reta,-22.8241,-43.6194,DEL01-RJ,Risco Médio,Baixa
sexta-feira,BR-101,61.0,Pleno dia,Decrescente,Sol,Dupla,Desvio Temporário,-7.009494,-35.06072,DEL01-PB,Risco Médio,Alta
domingo,BR-40,14.0,Amanhecer,Decrescente,Céu Claro,Dupla,Não Informado,-16.15875,-47.93314,DEL01-DF,Risco Médio,Alta
domingo,BR-319,55.0,Pleno dia,Crescente,Céu Claro,Simples,Não Informado,-8.743597,-63.94901,DEL01-RO,Risco Médio,Baixa
domingo,BR-163,754.0,Plena Noite,Crescente,Céu Claro,Dupla,Não Informado,-12.54322,-55.7083,DEL06-MT,Risco Médio,Alta
segunda-feira,BR-277,38.5,Pleno dia,Decrescente,Nublado,Dupla,Não Informado,-25.57622,-48.85793,DEL01-PR,Risco Alto,Média
domingo,BR-282,6.0,Plena Noite,Crescente,Nublado,Simples,Curva,-27.59194,-48.61824,DEL01-SC,Risco Médio,Baixa
terça-feira,BR-30,238.0,Pleno dia,Decrescente,Ignorado,Simples,Curva,-14.12442,-42.61695,DEL08-BA,Risco Médio,Baixa
quarta-feira,BR-163,11.0,Amanhecer,Crescente,Céu Claro,Simples,Reta,-9.473932,-54.85889,DEL05-PA,Risco Médio,Alta
quinta-feira,BR-230,200.1,Plena Noite,Decrescente,Chuva,Simples,Reta,-7.1037,-36.2363,DEL02-PB,Risco Baixo,Baixa
sábado,BR-101,56.0,Pleno dia,Crescente,Nublado,Dupla,Reta,-7.9641,-34.9158,DEL01-PE,Risco Baixo,Alta
domingo,BR-116,11.0,Pleno dia,Crescente,Chuva,Múltipla,Não Informado,-3.836038,-38.50273,DEL01-CE,Risco Alto,Alta
domingo,BR-367,83.3,Plena Noite,Decrescente,Céu Claro,Simples,Reta,-16.37257,-39.57066,DEL09-BA,Risco Médio,Baixa
quinta-feira,BR-381,496.5,Pleno dia,Crescente,Céu Claro,Dupla,Curva,-19.97575,-44.19682,DEL01-MG,Risco Médio,Alta