dia_semana,br,km,fase_dia,sentido_via,condicao_metereologica,tipo_pista,tracado_via,latitude,longitude,delegacia,classificacao_acidente,postos_policiais_PRF
sexta-feira,BR-381,57.0,Anoitecer,Crescente,Céu Claro,Dupla,Não Informado,-23.27075,-46.58455,DEL03-SP,Risco Médio,Alta
sexta-feira,BR-153,339.9,Pleno dia,Decrescente,Ignorado,Simples,Curva,-15.58734,-49.41146,DEL02-GO,Risco Alto,Alta
segunda-feira,BR-116,269.0,Plena Noite,Decrescente,Nublado,Simples,Curva,-22.46905,-44.28105,DEL07-RJ,Risco Médio,Alta
segunda-feira,BR-116,548.0,Pleno dia,Crescente,Garoa/Chuvisco,Simples,Não Informado,-24.95393,-48.44727,DEL05-SP,Risco Médio,Alta
quarta-feira,BR-101,69.0,Amanhecer,Crescente,Céu Claro,Dupla,Reta,-8.059516,-34.94581,DEL01-PE,Risco Médio,Alta
domingo,BR-316,60.0,Pleno dia,Crescente,Chuva,Dupla,Reta,-1.296555,-47.92584,DEL01-PA,Risco Médio,Baixa
terça-feira,BR-277,73.4,Anoitecer,Crescente,Céu Claro,Dupla,Reta,-25.49907,-49.15614,DEL01-PR,Risco Médio,Média
quarta-feira,BR-316,8.6,Pleno dia,Crescente,Céu Claro,Simples,Não Informado,-5.164834,-42.769,DEL01-PI,Risco Médio,Baixa
sábado,BR-101,257.0,Pleno dia,Crescente,Céu Claro,Dupla,Curva,-27.9995,-48.692,DEL02-SC,Risco Baixo,Alta
segunda-feira,BR-101,83.3,Pleno dia,Crescente,Céu Claro,Dupla,Reta,-5.770616,-35.26736,DEL02-RN,Risco Médio,Alta
sexta-feira,BR-116,515.1,Plena Noite,Decrescente,Garoa/Chuvisco,Simples,Reta,-24.86919,-48.21067,DEL05-SP,Risco Baixo,Alta
sexta-feira,BR-30,271.0,Pleno dia,Decrescente,Céu Claro,Simples,Curva,-14.08937,-42.44753,DEL08-BA,Risco Médio,Baixa
domingo,BR-50,280.3,Plena Noite,Crescente,Céu Claro,Simples,Reta,-18.18454,-47.94496,DEL06-GO,Risco Baixo,Média
sexta-feira,BR-230,282.2,Plena Noite,Crescente,Céu Claro,Simples,Não Informado,-6.9203,-36.8532,DEL03-PB,Risco Alto,Baixa
sábado,BR-381,828.5,Plena Noite,Crescente,Céu Claro,Dupla,Reta,-22.1153,-45.7513,DEL16-MG,Risco Baixo,Alta
segunda-feira,BR-452,35.0,Pleno dia,Crescente,Céu Claro,Simples,Reta,-17.91542,-50.60148,DEL04-GO,Risco Médio,Baixa
quarta-feira,BR-364,658.0,Amanhecer,Crescente,Nublado,Simples,Reta,-8.844923,-63.44722,DEL01-RO,Risco Médio,Alta
sexta-feira,BR-70,2.2,Plena Noite,Decrescente,Céu Claro,Simples,Reta,-15.88465,-52.27254,DEL07-MT,Risco Baixo,Baixa
domingo,BR-116,802.7,Plena Noite,Crescente,Ignorado,Simples,Não Informado,-21.78236,-42.72264,DEL07-MG,Risco Médio,Alta
domingo,BR-101,221.0,Plena Noite,Crescente,Nublado,Dupla,Reta,-22.51706,-42.32716,DEL02-RJ,Risco Médio,Alta
quinta-feira,BR-101,49.8,Plena Noite,Decrescente,Céu Claro,Simples,Reta,-23.44883,-45.07883,DEL06-SP,Risco Médio,Alta
quinta-feira,BR-282,68.5,Plena Noite,Decrescente,Chuva,Simples,Curva,-27.69241,-49.07594,DEL01-SC,Risco Baixo,Baixa
sexta-feira,BR-116,309.0,Pleno dia,Crescente,Céu Claro,Dupla,Reta,-22.45853,-44.42673,DEL07-RJ,Risco Baixo,Alta
sábado,BR-153,72.8,Pleno dia,Decrescente,Nublado,Simples,Desvio Temporário,-20.87445,-49.41866,DEL09-SP,Risco Médio,Alta
domingo,BR-101,63.0,Amanhecer,Decrescente,Nevoeiro/Neblina,Simples,Reta,-21.74202,-41.33021,DEL08-RJ,Risco Médio,Alta
sábado,BR-40,83.1,Pleno dia,Decrescente,Nublado,Simples,Curva,-22.54585,-43.22708,DEL06-RJ,Risco Médio,Alta
quarta-feira,BR-364,514.0,Plena Noite,Crescente,Céu Claro,Simples,Reta,-9.926845,-63.05488,DEL03-RO,Risco Médio,Alta
segunda-feira,BR-242,352.4,Pleno dia,Decrescente,Nublado,Simples,Não Informado,-12.49857,-41.33159,DEL06-BA,Risco Alto,Baixa
sexta-feira,BR-116,159.8,Plena Noite,Crescente,Céu Claro,Dupla,Reta,-23.26585,-45.95984,DEL02-SP,Risco Alto,Alta
quinta-feira,BR-163,284.0,Pleno dia,Crescente,Céu Claro,Simples,Desvio Temporário,-24.5681,-54.03417,DEL06-PR,Risco Médio,Alta
quinta-feira,BR-153,314.0,Pleno dia,Decrescente,Sol,Simples,Desvio Temporário,-8.65746,-48.4949,DEL02-TO,Risco Baixo,Alta
sábado,BR-316,425.0,Plena Noite,Decrescente,Céu Claro,Simples,Não Informado,-4.374085,-44.33235,DEL03-MA,Risco Médio,Baixa
sexta-feira,BR-316,43.0,Pleno dia,Decrescente,Céu Claro,Dupla,Reta,-1.275856,-48.09602,DEL01-PA,Risco Baixo,Baixa
segunda-feira,BR-153,159.0,Plena Noite,Decrescente,Céu Claro,Simples,Curva,-14.15992,-49.1225,DEL07-GO,Risco Alto,Alta
terça-feira,BR-290,19.0,Pleno dia,Decrescente,Céu Claro,Dupla,Reta,-29.88441,-50.44489,DEL03-RS,Risco Médio,Baixa
quarta-feira,BR-158,335.0,Anoitecer,Crescente,Céu Claro,Simples,Reta,-29.70757,-53.87387,DEL09-RS,Risco Médio,Baixa
segunda-feira,BR-40,2.0,Pleno dia,Decrescente,Céu Claro,Dupla,Reta,-16.06713,-47.98423,DEL01-DF,Risco Baixo,Alta
domingo,BR-392,353.0,Plena Noite,Decrescente,Nublado,Dupla,Não Informado,-29.71573,-53.80989,DEL09-RS,Risco Médio,Média
domingo,BR-116,46.1,Plena Noite,Decrescente,Céu Claro,Dupla,Reta,-22.71394,-45.05336,DEL08-SP,Risco Médio,Alta
sexta-feira,BR-381,693.2,Amanhecer,Decrescente,Ignorado,Dupla,Reta,-21.2338,-45.1347,DEL04-MG,Risco Baixo,Alta
sábado,BR-101,180.0,Plena Noite,Decrescente,Céu Claro,Simples,Reta,-22.40868,-41.99839,DEL08-RJ,Risco Médio,Alta
sábado,BR-470,165.2,Pleno dia,Decrescente,Céu Claro,Simples,Reta,-27.27885,-49.8324,DEL04-SC,Risco Baixo,Baixa
sábado,BR-376,493.1,Anoitecer,Decrescente,Céu Claro,Simples,Reta,-25.12541,-50.18004,DEL03-PR,Risco Médio,Baixa
sábado,BR-230,513.8,Pleno dia,Crescente,Céu Claro,Simples,Reta,-6.8861,-38.6152,DEL03-PB,Risco Médio,Baixa
segunda-feira,BR-428,62.4,Pleno dia,Decrescente,Nublado,Simples,Reta,-8.640315,-39.71856,DEL06-PE,Risco Médio,Baixa
quinta-feira,BR-116,326.0,Plena Noite,Crescente,Céu Claro,Dupla,Curva,-23.93901,-47.06241,DEL04-SP,Risco Médio,Alta
sexta-feira,BR-116,202.0,Pleno dia,Crescente,Sol,Dupla,Reta,-22.72999,-43.61326,DEL01-RJ,Risco Alto,Alta
sábado,BR-376,509.6,Amanhecer,Decrescente,Céu Claro,Dupla,Reta,-25.2607,-50.00958,DEL03-PR,Risco Médio,Baixa
segunda-feira,BR-101,719.0,Plena Noite,Crescente,Céu Claro,Simples,Reta,-16.3807,-39.5834,DEL09-BA,Risco Médio,Alta
sexta-feira,BR-381,632.2,Pleno dia,Crescente,Chuva,Dupla,Não Informado,-20.86148,-44.84048,DEL04-MG,Risco Alto,Alta
quinta-feira,BR-116,35.0,Anoitecer,Decrescente,Céu Claro,Dupla,Reta,-4.0574,-38.5049,DEL01-CE,Risco Baixo,Alta
sábado,BR-427,95.9,Pleno dia,Crescente,Céu Claro,Simples,Reta,-6.472463,-37.07628,DEL03-RN,Risco Médio,Baixa
quarta-feira,BR-163,688.0,Plena Noite,Crescente,Céu Claro,Dupla,Interseção de vias,-13.06955,-55.92684,DEL06-MT,Risco Médio,Alta
sábado,BR-50,156.0,Pleno dia,Decrescente,Céu Claro,Dupla,Reta,-19.61676,-48.01874,DEL13-MG,Risco Médio,Média
segunda-feira,BR-135,87.5,Pleno dia,Crescente,Sol,Simples,Reta,-3.270561,-44.39989,DEL01-MA,Risco Baixo,Baixa
quinta-feira,BR-304,31.4,Pleno dia,Decrescente,Céu Claro,Simples,Reta,-5.133081,-37.3445,DEL04-RN,Risco Médio,Baixa
domingo,BR-116,7.0,Plena Noite,Crescente,Nublado,Dupla,Interseção de vias,-25.3683,-49.1074,DEL01-PR,Risco Médio,Alta
terça-feira,BR-324,518.0,Pleno dia,Crescente,Céu Claro,Dupla,Reta,-12.2582,-38.93218,DEL01-BA,Risco Médio,Baixa
terça-feira,BR-101,376.7,Pleno dia,Decrescente,Céu Claro,Simples,Curva,-20.79255,-40.8063,DEL03-ES,Risco Médio,Alta
sábado,BR-381,13.0,Pleno dia,Decrescente,Nublado,Dupla,Reta,-22.9332,-46.4698,DEL03-SP,Risco Médio,Alta
quarta-feira,BR-153,505.8,Pleno dia,Crescente,Céu Claro,Simples,Reta,-10.27187,-48.88103,DEL02-TO,Risco Médio,Alta
quinta-feira,BR-364,14.0,Pleno dia,Crescente,Céu Claro,Dupla,Reta,-17.2496,-53.31869,DEL02-MT,Risco Médio,Alta
quinta-feira,BR-381,75.0,Pleno dia,Decrescente,Céu Claro,Dupla,Curva,-23.3826,-46.56898,DEL03-SP,Risco Baixo,Alta
segunda-feira,BR-386,350.0,Amanhecer,Decrescente,Céu Claro,Dupla,Não Informado,-29.4743,-51.95292,DEL04-RS,Risco Médio,Média
quinta-feira,BR-277,243.0,Pleno dia,Crescente,Céu Claro,Simples,Reta,-25.4642,-50.56582,DEL03-PR,Risco Médio,Média
sexta-feira,BR-101,195.5,Pleno dia,Decrescente,Céu Claro,Múltipla,Reta,-27.50826,-48.64582,DEL01-SC,Risco Médio,Alta
segunda-feira,BR-116,100.6,Plena Noite,Decrescente,Ignorado,Dupla,Reta,-22.98908,-45.4778,DEL06-SP,Risco Médio,Alta
terça-feira,BR-101,206.0,Plena Noite,Crescente,Chuva,Múltipla,Reta,-27.59471,-48.61934,DEL01-SC,Risco Médio,Alta
quarta-feira,BR-476,121.9,Plena Noite,Decrescente,Céu Claro,Múltipla,Reta,-25.37922,-49.19768,DEL01-PR,Risco Médio,Baixa
quarta-feira,BR-277,166.0,Plena Noite,Crescente,Chuva,Simples,Reta,-25.47289,-49.89596,DEL01-PR,Risco Médio,Média
quarta-feira,BR-163,273.0,Plena Noite,Crescente,Céu Claro,Dupla,Reta,-22.17808,-54.67083,DEL04-MS,Risco Médio,Alta
sábado,BR-365,734.9,Anoitecer,Crescente,Chuva,Simples,Não Informado,-18.90459,-49.31684,DEL15-MG,Risco Médio,Média
quinta-feira,BR-364,186.9,Plena Noite,Crescente,Nublado,Simples,Reta,-16.57765,-54.53325,DEL02-MT,Risco Baixo,Alta
quinta-feira,BR-101,322.0,Pleno dia,Crescente,Nublado,Múltipla,Reta,-22.87878,-43.1146,DEL02-RJ,Risco Médio,Alta
quarta-feira,BR-304,140.3,Plena Noite,Crescente,Nublado,Simples,Reta,-5.667675,-36.67455,DEL04-RN,Risco Alto,Baixa
terça-feira,BR-116,316.6,Pleno dia,Decrescente,Céu Claro,Simples,Reta,-18.11983,-41.694,DEL11-MG,Risco Médio,Alta
domingo,BR-251,455.0,Pleno dia,Decrescente,Chuva,Simples,Curva,-16.42688,-43.34397,DEL12-MG,Risco Médio,Baixa
sexta-feira,BR-116,2.1,Pleno dia,Crescente,Nublado,Múltipla,Reta,-3.770198,-38.51725,DEL01-CE,Risco Baixo,Alta
segunda-feira,BR-282,264.2,Plena Noite,Decrescente,Ignorado,Simples,Reta,-27.62547,-50.62724,DEL05-SC,Risco Alto,Baixa
sábado,BR-40,97.0,Pleno dia,Crescente,Nublado,Simples,Curva,-22.57364,-43.27788,DEL06-RJ,Risco Médio,Alta
segunda-feira,BR-153,72.0,Pleno dia,Decrescente,Nublado,Dupla,Não Informado,-20.86716,-49.41334,DEL09-SP,Risco Médio,Alta
sexta-feira,BR-290,92.0,Pleno dia,Crescente,Nevoeiro/Neblina,Múltipla,Reta,-29.97192,-51.17684,DEL01-RS,Risco Baixo,Baixa
terça-feira,BR-40,102.0,Pleno dia,Decrescente,Céu Claro,Múltipla,Interseção de vias,-22.6205,-43.2868,DEL01-RJ,Risco Médio,Alta
quinta-feira,BR-324,607.0,Pleno dia,Decrescente,Céu Claro,Dupla,Reta,-12.81559,-38.40566,DEL01-BA,Risco Baixo,Baixa
quinta-feira,BR-163,834.3,Plena Noite,Crescente,Nublado,Dupla,Rotatória,-11.86688,-55.49663,DEL06-MT,Risco Médio,Alta
domingo,BR-376,591.0,Plena Noite,Decrescente,Nublado,Dupla,Reta,-25.46,-49.35895,DEL01-PR,Risco Alto,Baixa
terça-feira,BR-230,419.2,Pleno dia,Crescente,Céu Claro,Simples,Reta,-6.7179,-37.8467,DEL03-PB,Risco Médio,Baixa
terça-feira,BR-242,608.0,Pleno dia,Decrescente,Sol,Simples,Reta,-12.16554,-43.38741,DEL10-BA,Risco Médio,Baixa
sexta-feira,BR-10,335.0,Pleno dia,Decrescente,Céu Claro,Simples,Reta,-1.510919,-47.52236,DEL01-PA,Risco Médio,Baixa
sexta-feira,BR-60,46.5,Amanhecer,Decrescente,Céu Claro,Dupla,Curva,-16.1417,-48.5988,DEL02-GO,Risco Baixo,Média
quinta-feira,BR-101,124.6,Plena Noite,Crescente,Nublado,Dupla,Reta,-8.361745,-35.21311,DEL01-PE,Risco Médio,Alta
sábado,BR-101,330.9,Plena Noite,Crescente,Nublado,Dupla,Curva,-28.46303,-48.99228,DEL02-SC,Risco Baixo,Alta
quinta-feira,BR-381,340.0,Plena Noite,Crescente,Céu Claro,Simples,Reta,-19.84087,-43.09635,DEL03-MG,Risco Médio,Alta
sexta-feira,BR-280,58.0,Pleno dia,Crescente,Céu Claro,Simples,Curva,-26.47416,-49.02121,DEL03-SC,Risco Médio,Baixa
quinta-feira,BR-393,263.0,Pleno dia,Decrescente,Chuva,Simples,Não Informado,-22.45721,-43.84207,DEL05-RJ,Risco Médio,Média
sexta-feira,BR-116,210.0,Pleno dia,Crescente,Céu Claro,Dupla,Reta,-23.43159,-46.41809,DEL01-SP,Risco Médio,Alta
terça-feira,BR-467,112.0,Pleno dia,Decrescente,Céu Claro,Dupla,Reta,-24.9336,-53.4335,DEL04-PR,Risco Médio,Baixa
terça-feira,BR-376,665.0,Pleno dia,Crescente,Nublado,Múltipla,Curva,-25.86177,-48.95079,DEL01-PR,Risco Baixo,Baixa
quarta-feira,BR-316,303.8,Pleno dia,Crescente,Céu Claro,Simples,Reta,-8.612252,-38.56373,DEL04-PE,Risco Médio,Baixa
sábado,BR-101,107.0,Plena Noite,Crescente,Céu Claro,Dupla,Reta,-26.81931,-48.6839,DEL03-SC,Risco Baixo,Alta
sábado,BR-101,248.9,Plena Noite,Crescente,Chuva,Múltipla,Curva,-27.9385,-48.6634,DEL02-SC,Risco Médio,Alta
quinta-feira,BR-40,101.0,Plena Noite,Decrescente,Nublado,Dupla,Reta,-22.60246,-43.28381,DEL01-RJ,Risco Baixo,Alta
sábado,BR-316,244.8,Plena Noite,Crescente,Céu Claro,Simples,Reta,-1.749548,-46.55945,DEL01-PA,Risco Alto,Baixa
quinta-feira,BR-316,269.1,Pleno dia,Decrescente,Céu Claro,Simples,Curva,-9.57589,-35.83164,DEL02-AL,Risco Médio,Baixa
terça-feira,BR-280,52.7,Pleno dia,Decrescente,Nublado,Simples,Reta,-26.47126,-48.97125,DEL03-SC,Risco Médio,Baixa
sábado,BR-364,272.7,Pleno dia,Crescente,Nublado,Dupla,Desvio Temporário,-15.96668,-54.96122,DEL05-MT,Risco Médio,Alta
quinta-feira,BR-20,416.0,Pleno dia,Crescente,Céu Claro,Simples,Reta,-3.838505,-38.60246,DEL01-CE,Risco Médio,Baixa
terça-feira,BR-101,212.0,Pleno dia,Crescente,Céu Claro,Simples,Reta,-12.65352,-39.12237,DEL01-BA,Risco Baixo,Alta
quarta-feira,BR-116,487.9,Plena Noite,Decrescente,Nublado,Dupla,Curva,-24.72634,-48.08998,DEL05-SP,Risco Baixo,Alta
quinta-feira,BR-287,340.0,Plena Noite,Crescente,Nublado,Simples,Reta,-29.59618,-54.68583,DEL12-RS,Risco Baixo,Baixa
domingo,BR-101,294.0,Plena Noite,Decrescente,Céu Claro,Dupla,Reta,-20.32416,-40.39529,DEL01-ES,Risco Médio,Alta
segunda-feira,BR-101,78.0,Amanhecer,Crescente,Ignorado,Dupla,Reta,-8.139547,-34.94713,DEL01-PE,Risco Médio,Alta
quarta-feira,BR-104,90.0,Pleno dia,Crescente,Céu Claro,Dupla,Reta,-9.518212,-35.80313,DEL01-AL,Risco Baixo,Baixa
domingo,BR-230,159.4,Plena Noite,Crescente,Céu Claro,Simples,Rotatória,-7.252,-35.9334,DEL02-PB,Risco Médio,Baixa
sábado,BR-101,58.0,Pleno dia,Crescente,Sol,Múltipla,Curva,-26.44025,-48.80129,DEL03-SC,Risco Médio,Alta
domingo,BR-101,241.0,Anoitecer,Decrescente,Céu Claro,Simples,Retorno Regulamentado,-20.0239,-40.39998,DEL02-ES,Risco Médio,Alta
terça-feira,BR-369,195.2,Pleno dia,Decrescente,Céu Claro,Dupla,Reta,-23.4779,-51.42374,DEL07-PR,Risco Médio,Baixa
quarta-feira,BR-222,375.0,Pleno dia,Crescente,Nublado,Simples,Não Informado,-3.7662,-45.45313,DEL02-MA,Risco Médio,Baixa
quinta-feira,BR-135,45.4,Pleno dia,Crescente,Céu Claro,Dupla,Viaduto,-2.923733,-44.34013,DEL01-MA,Risco Médio,Baixa
sexta-feira,BR-262,380.0,Pleno dia,Decrescente,Chuva,Dupla,Curva,-19.94786,-44.38123,DEL01-MG,Risco Médio,Média
domingo,BR-116,81.9,Pleno dia,Decrescente,Chuva,Simples,Curva,-22.42436,-42.95311,DEL04-RJ,Risco Baixo,Alta
sábado,BR-116,250.3,Anoitecer,Crescente,Céu Claro,Dupla,Reta,-29.79149,-51.164,DEL01-RS,Risco Médio,Alta
quinta-feira,BR-364,75.0,Pleno dia,Decrescente,Chuva,Simples,Reta,-10.07699,-67.38297,DEL01-AC,Risco Médio,Alta
terça-feira,BR-101,277.0,Pleno dia,Crescente,Céu Claro,Dupla,Reta,-22.73944,-42.74828,DEL02-RJ,Risco Médio,Alta
segunda-feira,BR-101,139.0,Pleno dia,Decrescente,Sol,Simples,Interseção de vias,-9.817574,-36.12167,DEL02-AL,Risco Médio,Alta
sábado,BR-381,926.3,Pleno dia,Decrescente,Céu Claro,Dupla,Reta,-22.7679,-46.21365,DEL16-MG,Risco Médio,Alta
quinta-feira,BR-364,365.0,Pleno dia,Crescente,Céu Claro,Simples,Reta,-17.38687,-53.03346,DEL05-GO,Risco Alto,Alta
terça-feira,BR-222,1.1,Plena Noite,Decrescente,Céu Claro,Dupla,Reta,-3.737804,-38.57806,DEL01-CE,Risco Médio,Baixa
domingo,BR-40,80.0,Pleno dia,Decrescente,Céu Claro,Dupla,Reta,-16.66946,-47.71339,DEL01-DF,Risco Médio,Alta
quinta-feira,BR-101,16.5,Pleno dia,Crescente,Céu Claro,Dupla,Curva,-9.002143,-35.67482,DEL01-AL,Risco Médio,Alta
quinta-feira,BR-101,66.9,Amanhecer,Decrescente,Nublado,Dupla,Curva,-26.48594,-48.73441,DEL03-SC,Risco Médio,Alta
sexta-feira,BR-428,141.5,Pleno dia,Crescente,Nublado,Simples,Reta,-8.999874,-40.27213,DEL06-PE,Risco Baixo,Baixa
domingo,BR-104,62.0,Plena Noite,Crescente,Chuva,Dupla,Reta,-8.25051,-35.9751,DEL02-PE,Risco Médio,Baixa
sábado,BR-376,438.8,Plena Noite,Crescente,Ignorado,Dupla,Reta,-25.44108,-49.22737,DEL03-PR,Risco Médio,Baixa
segunda-feira,BR-381,62.6,Pleno dia,Decrescente,Sol,Dupla,Não Informado,-23.29863,-46.57174,DEL03-SP,Risco Médio,Alta
segunda-feira,BR-153,426.0,Pleno dia,Crescente,Céu Claro,Dupla,Não Informado,-16.22126,-49.01337,DEL02-GO,Risco Médio,Alta
quinta-feira,BR-282,301.0,Plena Noite,Decrescente,Céu Claro,Simples,Curva,-27.5107,-50.9253,DEL07-SC,Risco Médio,Baixa
segunda-feira,BR-116,317.8,Plena Noite,Decrescente,Nublado,Múltipla,Curva,-22.46708,-44.50067,DEL07-RJ,Risco Médio,Alta
sexta-feira,BR-369,85.9,Pleno dia,Crescente,Céu Claro,Simples,Não Informado,-23.17411,-50.62297,DEL07-PR,Risco Médio,Baixa
domingo,BR-104,27.4,Pleno dia,Crescente,Sol,Simples,Curva,-8.004067,-36.0879,DEL02-PE,Risco Médio,Baixa
terça-feira,BR-470,278.0,Pleno dia,Crescente,Céu Claro,Simples,Curva,-29.58315,-51.47468,DEL04-RS,Risco Médio,Baixa
segunda-feira,BR-282,263.0,Plena Noite,Decrescente,Ignorado,Simples,Não Informado,-27.6322,-50.61541,DEL05-SC,Risco Médio,Baixa
domingo,BR-277,241.1,Pleno dia,Crescente,Sol,Simples,Não Informado,-25.4642,-50.56582,DEL03-PR,Risco Baixo,Média
segunda-feira,BR-280,286.1,Pleno dia,Crescente,Céu Claro,Simples,Não Informado,-26.24611,-53.25384,DEL02-PR,Risco Médio,Baixa
sexta-feira,BR-101,715.0,Pleno dia,Decrescente,Sol,Simples,Não Informado,-16.34985,-39.58006,DEL09-BA,Risco Médio,Alta
domingo,BR-101,48.4,Plena Noite,Decrescente,Céu Claro,Múltipla,Reta,-7.891747,-34.90335,DEL01-PE,Risco Médio,Alta
sábado,BR-116,153.0,Plena Noite,Crescente,Nublado,Dupla,Reta,-29.1858,-51.17713,DEL05-RS,Risco Médio,Alta
quinta-feira,BR-287,282.0,Pleno dia,Crescente,Céu Claro,Simples,Reta,-29.6359,-54.18948,DEL09-RS,Risco Médio,Baixa
sexta-feira,BR-242,364.0,Plena Noite,Decrescente,Céu Claro,Simples,Curva,-12.44574,-41.55983,DEL06-BA,Risco Baixo,Baixa
quinta-feira,BR-324,623.0,Plena Noite,Crescente,Céu Claro,Múltipla,Reta,-12.95638,-38.47275,DEL01-BA,Risco Baixo,Baixa
terça-feira,BR-40,246.9,Pleno dia,Decrescente,Céu Claro,Simples,Não Informado,-18.10077,-45.46909,DEL14-MG,Risco Baixo,Alta
segunda-feira,BR-135,54.0,Pleno dia,Decrescente,Sol,Simples,Não Informado,-2.998221,-44.31333,DEL01-MA,Risco Baixo,Baixa
segunda-feira,BR-153,562.9,Plena Noite,Decrescente,Chuva,Simples,Não Informado,-31.0964,-53.73564,DEL11-RS,Risco Baixo,Alta
quinta-feira,BR-60,352.7,Pleno dia,Crescente,Céu Claro,Simples,Reta,-20.45344,-54.74919,DEL01-MS,Risco Baixo,Média
segunda-feira,BR-423,96.5,Plena Noite,Decrescente,Nublado,Simples,Não Informado,-8.880218,-36.48652,DEL03-PE,Risco Baixo,Baixa
sábado,BR-232,27.7,Plena Noite,Decrescente,Chuva,Dupla,Não Informado,-8.11322,-35.1324,DEL01-PE,Risco Alto,Baixa
segunda-feira,BR-369,446.4,Plena Noite,Crescente,Chuva,Simples,Não Informado,-24.55483,-52.9647,DEL04-PR,Risco Médio,Baixa
sábado,BR-277,588.9,Plena Noite,Decrescente,Céu Claro,Simples,Não Informado,-24.97369,-53.43817,DEL04-PR,Risco Alto,Média
quinta-feira,BR-235,1.0,Pleno dia,Decrescente,Chuva,Múltipla,Reta,-10.9073,-37.0947,DEL01-SE,Risco Baixo,Baixa
terça-feira,BR-153,502.0,Pleno dia,Decrescente,Céu Claro,Dupla,Reta,-16.71859,-49.23787,DEL01-GO,Risco Médio,Alta
sexta-feira,BR-376,474.0,Pleno dia,Crescente,Céu Claro,Dupla,Curva,-25.04787,-50.23558,DEL03-PR,Risco Baixo,Baixa
quinta-feira,BR-423,50.0,Plena Noite,Crescente,Céu Claro,Simples,Reta,-9.261628,-37.72222,DEL03-AL,Risco Baixo,Baixa
domingo,BR-356,164.0,Pleno dia,Decrescente,Céu Claro,Dupla,Reta,-21.71454,-41.13114,DEL08-RJ,Risco Médio,Baixa
sexta-feira,BR-392,636.5,Pleno dia,Decrescente,Sol,Simples,Reta,-28.1434,-54.49866,DEL10-RS,Risco Médio,Média
sábado,BR-70,696.0,Pleno dia,Decrescente,Chuva,Simples,Curva,-16.20412,-57.57523,DEL03-MT,Risco Baixo,Baixa
segunda-feira,BR-476,158.0,Plena Noite,Decrescente,Céu Claro,Simples,Reta,-25.61354,-49.42426,DEL01-PR,Risco Baixo,Baixa
sexta-feira,BR-101,431.7,Pleno dia,Decrescente,Chuva,Simples,Curva,-22.93295,-44.02007,DEL03-RJ,Risco Médio,Alta
segunda-feira,BR-116,106.0,Plena Noite,Decrescente,Céu Claro,Simples,Curva,-22.5461,-42.9881,DEL04-RJ,Risco Médio,Alta
sexta-feira,BR-365,622.0,Pleno dia,Decrescente,Céu Claro,Dupla,Reta,-18.90752,-48.29937,DEL15-MG,Risco Médio,Média
segunda-feira,BR-40,4.8,Pleno dia,Decrescente,Céu Claro,Dupla,Reta,-16.08524,-47.98675,DEL01-DF,Risco Médio,Alta
segunda-feira,BR-40,1.5,Plena Noite,Crescente,Chuva,Dupla,Reta,-16.05824,-47.98282,DEL01-DF,Risco Médio,Alta
segunda-feira,BR-472,486.0,Amanhecer,Crescente,Céu Claro,Simples,Reta,-29.17301,-56.51888,DEL13-RS,Risco Médio,Baixa
terça-feira,BR-153,116.0,Pleno dia,Decrescente,Céu Claro,Simples,Reta,-7.002875,-48.09811,DEL02-TO,Risco Médio,Alta
segunda-feira,BR-116,4.5,Plena Noite,Crescente,Chuva,Simples,Interseção de vias,-26.13911,-49.81267,DEL06-SC,Risco Médio,Alta
sexta-feira,BR-101,440.0,Pleno dia,Decrescente,Céu Claro,Simples,Reta,-14.27987,-39.32665,DEL05-BA,Risco Médio,Alta
terça-feira,BR-101,891.0,Plena Noite,Decrescente,Nevoeiro/Neblina,Simples,Desvio Temporário,-17.6488,-39.7708,DEL09-BA,Risco Baixo,Alta
quarta-feira,BR-447,13.0,Pleno dia,Crescente,Céu Claro,Dupla,Reta,-20.34679,-40.33102,DEL01-ES,Risco Médio,Baixa
quinta-feira,BR-376,505.1,Plena Noite,Crescente,Chuva,Dupla,Não Informado,-25.186,-50.088,DEL03-PR,Risco Alto,Baixa
sábado,BR-153,58.8,Pleno dia,Decrescente,Céu Claro,Simples,Interseção de vias,-20.7864,-49.35383,DEL09-SP,Risco Médio,Alta
terça-feira,BR-116,208.0,Pleno dia,Decrescente,Garoa/Chuvisco,Dupla,Curva,-22.72297,-43.67132,DEL01-RJ,Risco Baixo,Alta
domingo,BR-10,30.2,Plena Noite,Decrescente,Céu Claro,Simples,Reta,-4.189719,-47.54504,DEL02-PA,Risco Alto,Baixa
domingo,BR-470,274.6,Plena Noite,Crescente,Nublado,Simples,Reta,-27.32985,-50.81606,DEL07-SC,Risco Alto,Baixa
sábado,BR-116,639.0,Plena Noite,Decrescente,Ignorado,Simples,Não Informado,-13.52303,-40.06075,DEL03-BA,Risco Baixo,Alta
sexta-feira,BR-280,98.0,Pleno dia,Decrescente,Garoa/Chuvisco,Simples,Curva,-26.38347,-49.32297,DEL06-SC,Risco Médio,Baixa
quarta-feira,BR-116,415.8,Plena Noite,Decrescente,Céu Claro,Simples,Reta,-18.88401,-41.94924,DEL06-MG,Risco Médio,Alta
quarta-feira,BR-40,589.1,Plena Noite,Decrescente,Chuva,Simples,Reta,-20.3658,-43.9101,DEL01-MG,Risco Médio,Alta