dia_semana,br,km,fase_dia,sentido_via,condicao_metereologica,tipo_pista,tracado_via,latitude,longitude,delegacia,classificacao_acidente,postos_policiais_PRF
segunda-feira,BR-230,165.0,Pleno dia,Crescente,Chuva,Simples,Curva,-4.060601,-54.74588,DEL03-PA,Risco Baixo,Baixa
sábado,BR-40,84.0,Pleno dia,Crescente,Sol,Simples,Não Informado,-22.53079,-43.23594,DEL06-RJ,Risco Médio,Alta
segunda-feira,BR-262,45.0,Pleno dia,Crescente,Céu Claro,Simples,Interseção de vias,-20.3973,-40.6717,DEL01-ES,Risco Médio,Média
sexta-feira,BR-116,244.9,Pleno dia,Crescente,Céu Claro,Dupla,Reta,-29.74088,-51.1504,DEL01-RS,Risco Médio,Alta
sábado,BR-381,478.3,Plena Noite,Decrescente,Céu Claro,Dupla,Reta,-19.96164,-44.03816,DEL01-MG,Risco Médio,Alta
sexta-feira,BR-222,2.2,Plena Noite,Crescente,Céu Claro,Dupla,Reta,-3.739279,-38.58926,DEL01-CE,Risco Médio,Baixa
terça-feira,BR-101,78.0,Pleno dia,Crescente,Chuva,Dupla,Reta,-8.134965,-34.94739,DEL01-PE,Risco Médio,Alta
sexta-feira,BR-116,930.0,Pleno dia,Crescente,Nublado,Simples,Reta,-15.58476,-41.27869,DEL08-BA,Risco Baixo,Alta
quinta-feira,BR-163,289.0,Plena Noite,Decrescente,Céu Claro,Simples,Reta,-24.54325,-54.04537,DEL06-PR,Risco Baixo,Alta
quinta-feira,BR-116,269.0,Pleno dia,Decrescente,Céu Claro,Dupla,Reta,-23.61593,-46.78826,DEL04-SP,Risco Médio,Alta
segunda-feira,BR-116,302.0,Pleno dia,Decrescente,Nevoeiro/Neblina,Dupla,Reta,-30.14001,-51.35943,DEL02-RS,Risco Médio,Alta
sábado,BR-101,212.8,Pleno dia,Decrescente,Céu Claro,Dupla,Reta,-27.62997,-48.65904,DEL01-SC,Risco Médio,Alta
quarta-feira,BR-470,193.0,Plena Noite,Decrescente,Céu Claro,Simples,Não Informado,-29.04846,-51.5697,DEL06-RS,Risco Médio,Baixa
sábado,BR-30,444.0,Pleno dia,Crescente,Céu Claro,Simples,Reta,-14.3098,-39.3202,DEL08-BA,Risco Médio,Baixa
terça-feira,BR-376,343.0,Pleno dia,Crescente,Céu Claro,Simples,Reta,-24.1573,-50.9732,DEL07-PR,Risco Médio,Baixa
domingo,BR-230,306.0,Plena Noite,Decrescente,Céu Claro,Dupla,Reta,-6.795758,-42.97988,DEL03-PI,Risco Médio,Baixa
domingo,BR-40,75.0,Pleno dia,Decrescente,Nublado,Simples,Não Informado,-22.46857,-43.22959,DEL06-RJ,Risco Médio,Alta
sábado,BR-381,528.1,Pleno dia,Crescente,Céu Claro,Dupla,Não Informado,-20.16368,-44.36025,DEL04-MG,Risco Médio,Alta
terça-feira,BR-153,337.0,Plena Noite,Decrescente,Céu Claro,Simples,Reta,-8.8625,-48.5084,DEL02-TO,Risco Baixo,Alta
sexta-feira,BR-116,270.0,Plena Noite,Decrescente,Chuva,Dupla,Curva,-29.96839,-51.17624,DEL01-RS,Risco Médio,Alta
quinta-feira,BR-116,564.0,Pleno dia,Crescente,Nublado,Simples,Não Informado,-25.03564,-48.53738,DEL05-SP,Risco Médio,Alta
domingo,BR-101,146.0,Anoitecer,Decrescente,Céu Claro,Múltipla,Não Informado,-19.3942,-40.0655,DEL04-ES,Risco Médio,Alta
segunda-feira,BR-470,72.2,Plena Noite,Crescente,Céu Claro,Simples,Ponte,-26.90198,-49.26875,DEL04-SC,Risco Médio,Baixa
sábado,BR-101,123.0,Anoitecer,Crescente,Nublado,Simples,Interseção de vias,-26.93669,-48.69877,DEL04-SC,Risco Médio,Alta
quarta-feira,BR-262,3.0,Anoitecer,Decrescente,Céu Claro,Dupla,Desvio Temporário,-20.3332,-40.3685,DEL01-ES,Risco Médio,Média
quinta-feira,BR-369,133.3,Plena Noite,Decrescente,Nublado,Dupla,Curva,-23.26073,-51.01107,DEL07-PR,Risco Médio,Baixa
sexta-feira,BR-101,428.0,Pleno dia,Decrescente,Nublado,Dupla,Reta,-22.93392,-43.99,DEL03-RJ,Risco Médio,Alta
sexta-feira,BR-470,88.2,Plena Noite,Decrescente,Nublado,Simples,Curva,-26.9491,-49.36179,DEL04-SC,Risco Baixo,Baixa
quinta-feira,BR-101,270.7,Pleno dia,Decrescente,Céu Claro,Dupla,Reta,-20.22662,-40.27075,DEL02-ES,Risco Médio,Alta
sexta-feira,BR-153,86.5,Anoitecer,Decrescente,Chuva,Simples,Curva,-23.65669,-50.15313,DEL07-PR,Risco Baixo,Alta
quarta-feira,BR-423,95.3,Pleno dia,Crescente,Nublado,Simples,Curva,-8.87892,-36.47796,DEL03-PE,Risco Médio,Baixa
quarta-feira,BR-369,182.0,Amanhecer,Crescente,Ignorado,Simples,Reta,-23.3838,-51.41882,DEL07-PR,Risco Médio,Baixa
sexta-feira,BR-242,749.0,Amanhecer,Crescente,Céu Claro,Simples,Interseção de vias,-12.15984,-44.6335,DEL10-BA,Risco Médio,Baixa
sábado,BR-70,76.0,Pleno dia,Crescente,Céu Claro,Simples,Curva,-15.67422,-52.81409,DEL07-MT,Risco Médio,Baixa
sábado,BR-40,800.8,Plena Noite,Crescente,Chuva,Dupla,Curva,-21.8342,-43.37362,DEL05-MG,Risco Médio,Alta
quarta-feira,BR-116,456.6,Pleno dia,Decrescente,Nublado,Simples,Interseção de vias,-19.20869,-42.05228,DEL06-MG,Risco Médio,Alta
segunda-feira,BR-174,511.0,Plena Noite,Crescente,Céu Claro,Simples,Reta,2.861408,-60.69804,DEL01-RR,Risco Baixo,Baixa
domingo,BR-381,360.8,Plena Noite,Decrescente,Céu Claro,Múltipla,Curva,-19.8092,-43.1737,DEL03-MG,Risco Médio,Alta
quinta-feira,BR-116,172.0,Plena Noite,Crescente,Céu Claro,Dupla,Não Informado,-23.31528,-46.07232,DEL02-SP,Risco Médio,Alta
sábado,BR-40,6.7,Plena Noite,Crescente,Céu Claro,Dupla,Desvio Temporário,-16.10081,-47.97735,DEL01-DF,Risco Médio,Alta
sábado,BR-381,68.0,Pleno dia,Decrescente,Céu Claro,Dupla,Curva,-23.34044,-46.57434,DEL03-SP,Risco Médio,Alta
sexta-feira,BR-101,65.2,Pleno dia,Crescente,Sol,Dupla,Reta,-8.024786,-34.94277,DEL01-PE,Risco Médio,Alta
sexta-feira,BR-155,309.0,Pleno dia,Decrescente,Nublado,Simples,Não Informado,-5.660539,-49.11163,DEL03-PA,Risco Médio,Baixa
sábado,BR-101,214.1,Plena Noite,Crescente,Nublado,Dupla,Reta,-27.64443,-48.67057,DEL01-SC,Risco Médio,Alta
terça-feira,BR-116,35.0,Plena Noite,Crescente,Nublado,Dupla,Reta,-25.12295,-48.85611,DEL01-PR,Risco Baixo,Alta
quinta-feira,BR-364,9.0,Pleno dia,Decrescente,Céu Claro,Simples,Reta,-18.99785,-50.56349,DEL05-GO,Risco Médio,Alta
segunda-feira,BR-381,479.2,Pleno dia,Decrescente,Céu Claro,Múltipla,Curva,-19.96407,-44.04582,DEL01-MG,Risco Médio,Alta
sexta-feira,BR-364,15.0,Plena Noite,Decrescente,Céu Claro,Simples,Interseção de vias,-12.73594,-60.14929,DEL04-RO,Risco Médio,Alta
sexta-feira,BR-463,43.5,Plena Noite,Crescente,Céu Claro,Simples,Interseção de vias,-22.33517,-55.18956,DEL04-MS,Risco Baixo,Baixa
domingo,BR-116,228.0,Plena Noite,Decrescente,Chuva,Dupla,Curva,-22.66707,-43.84038,DEL07-RJ,Risco Médio,Alta
segunda-feira,BR-70,282.0,Pleno dia,Decrescente,Céu Claro,Simples,Reta,-15.57124,-54.31324,DEL05-MT,Risco Médio,Baixa
sábado,BR-116,383.7,Plena Noite,Decrescente,Céu Claro,Dupla,Não Informado,-30.78861,-51.66841,DEL02-RS,Risco Médio,Alta
terça-feira,BR-364,668.6,Pleno dia,Decrescente,Nublado,Dupla,Reta,-8.774283,-63.48379,DEL01-RO,Risco Médio,Alta
domingo,BR-10,355.0,Plena Noite,Crescente,Céu Claro,Simples,Reta,-1.343041,-47.57895,DEL01-PA,Risco Médio,Baixa
terça-feira,BR-101,82.0,Pleno dia,Crescente,Céu Claro,Dupla,Viaduto,-7.12911,-34.93714,DEL01-PB,Risco Médio,Alta
sábado,BR-101,200.5,Plena Noite,Decrescente,Céu Claro,Múltipla,Reta,-27.54019,-48.62288,DEL01-SC,Risco Médio,Alta
segunda-feira,BR-282,613.0,Pleno dia,Decrescente,Céu Claro,Simples,Reta,-26.76505,-53.25587,DEL07-SC,Risco Médio,Baixa
quarta-feira,BR-365,614.0,Pleno dia,Decrescente,Nublado,Simples,Reta,-18.91482,-48.21562,DEL15-MG,Risco Médio,Média
sábado,BR-324,514.1,Plena Noite,Crescente,Céu Claro,Simples,Reta,-12.2444,-38.93623,DEL02-BA,Risco Médio,Baixa
segunda-feira,BR-386,429.0,Pleno dia,Decrescente,Céu Claro,Simples,Viaduto,-29.82606,-51.33236,DEL01-RS,Risco Médio,Média
quarta-feira,BR-277,137.0,Plena Noite,Decrescente,Nevoeiro/Neblina,Dupla,Reta,-25.4756,-49.7093,DEL03-PR,Risco Médio,Média
sexta-feira,BR-40,513.0,Plena Noite,Decrescente,Céu Claro,Dupla,Reta,-19.79705,-44.10805,DEL01-MG,Risco Médio,Alta
quinta-feira,BR-262,127.9,Pleno dia,Crescente,Chuva,Simples,Curva,-20.1809,-42.69777,DEL03-MG,Risco Médio,Média
domingo,BR-101,206.0,Pleno dia,Crescente,Nublado,Dupla,Reta,-27.59194,-48.61825,DEL01-SC,Risco Médio,Alta
segunda-feira,BR-116,67.7,Plena Noite,Decrescente,Garoa/Chuvisco,Simples,Reta,-26.82584,-50.37086,DEL06-SC,Risco Médio,Alta
sábado,BR-116,299.0,Pleno dia,Decrescente,Garoa/Chuvisco,Dupla,Curva,-23.79881,-46.91524,DEL04-SP,Risco Baixo,Alta
sexta-feira,BR-116,247.7,Plena Noite,Decrescente,Chuva,Dupla,Curva,-29.76869,-51.1531,DEL01-RS,Risco Baixo,Alta
sábado,BR-104,48.8,Plena Noite,Crescente,Chuva,Dupla,Reta,-8.1437,-35.9869,DEL02-PE,Risco Baixo,Baixa
sexta-feira,BR-381,817.4,Plena Noite,Crescente,Céu Claro,Dupla,Não Informado,-22.0978,-45.71786,DEL16-MG,Risco Médio,Alta
sábado,BR-304,305.0,Plena Noite,Decrescente,Céu Claro,Dupla,Não Informado,-5.887693,-35.27219,DEL01-RN,Risco Médio,Baixa
quarta-feira,BR-277,130.4,Plena Noite,Crescente,Nublado,Simples,Não Informado,-25.45674,-49.63794,DEL01-PR,Risco Baixo,Média
sexta-feira,BR-174,17.3,Plena Noite,Crescente,Céu Claro,Simples,Interseção de vias,-12.71506,-60.12644,DEL04-RO,Risco Médio,Baixa
quarta-feira,BR-158,573.0,Plena Noite,Crescente,Céu Claro,Simples,Reta,-14.09691,-52.16701,DEL07-MT,Risco Médio,Baixa
terça-feira,BR-101,208.0,Amanhecer,Decrescente,Nublado,Dupla,Reta,-27.6101,-48.6388,DEL01-SC,Risco Médio,Alta
quarta-feira,BR-316,8.0,Plena Noite,Crescente,Nublado,Dupla,Reta,-1.366827,-48.3706,DEL01-PA,Risco Médio,Baixa
quarta-feira,BR-40,784.0,Plena Noite,Crescente,Céu Claro,Dupla,Retorno Regulamentado,-21.72974,-43.43693,DEL05-MG,Risco Médio,Alta
terça-feira,BR-116,99.0,Amanhecer,Crescente,Céu Claro,Dupla,Curva,-22.42118,-42.95071,DEL04-RJ,Risco Médio,Alta
sexta-feira,BR-10,307.3,Plena Noite,Decrescente,Céu Claro,Simples,Reta,-5.052458,-47.55461,DEL04-MA,Risco Médio,Baixa
sábado,BR-482,94.4,Pleno dia,Crescente,Céu Claro,Simples,Reta,-20.75965,-41.58398,DEL03-ES,Risco Médio,Baixa
terça-feira,BR-381,54.0,Pleno dia,Decrescente,Garoa/Chuvisco,Dupla,Não Informado,-23.24491,-46.59562,DEL03-SP,Risco Médio,Alta
terça-feira,BR-153,45.3,Plena Noite,Decrescente,Céu Claro,Dupla,Reta,-18.78147,-49.07956,DEL15-MG,Risco Baixo,Alta
domingo,BR-392,105.4,Plena Noite,Decrescente,Nublado,Simples,Reta,-31.58881,-52.63242,DEL07-RS,Risco Médio,Média
terça-feira,BR-116,168.7,Pleno dia,Crescente,Céu Claro,Dupla,Não Informado,-23.30595,-46.03762,DEL02-SP,Risco Baixo,Alta
sexta-feira,BR-376,290.0,Pleno dia,Crescente,Nublado,Dupla,Reta,-23.90544,-51.20205,DEL07-PR,Risco Médio,Baixa
quarta-feira,BR-116,243.5,Pleno dia,Decrescente,Nublado,Dupla,Curva,-22.63024,-43.91034,DEL07-RJ,Risco Médio,Alta
sexta-feira,BR-101,208.0,Plena Noite,Crescente,Céu Claro,Dupla,Reta,-27.60327,-48.63227,DEL01-SC,Risco Baixo,Alta
domingo,BR-435,75.5,Plena Noite,Decrescente,Ignorado,Simples,Reta,-13.1089,-60.46113,DEL04-RO,Risco Médio,Baixa
domingo,BR-10,301.0,Pleno dia,Decrescente,Céu Claro,Simples,Reta,-5.113793,-47.54988,DEL04-MA,Risco Médio,Baixa
quarta-feira,BR-40,81.5,Plena Noite,Crescente,Nublado,Dupla,Reta,-16.6807,-47.70566,DEL01-DF,Risco Baixo,Alta
sábado,BR-116,509.0,Pleno dia,Decrescente,Chuva,Simples,Curva,-24.82179,-48.21419,DEL05-SP,Risco Médio,Alta
terça-feira,BR-101,204.0,Anoitecer,Crescente,Nublado,Múltipla,Reta,-27.57413,-48.61363,DEL01-SC,Risco Médio,Alta
sábado,BR-392,120.7,Pleno dia,Crescente,Céu Claro,Simples,Rotatória,-31.39134,-52.69919,DEL07-RS,Risco Médio,Média
terça-feira,BR-343,290.0,Pleno dia,Crescente,Céu Claro,Simples,Reta,-4.950524,-42.34484,DEL01-PI,Risco Médio,Baixa
domingo,BR-60,268.5,Pleno dia,Decrescente,Céu Claro,Dupla,Reta,-17.2059,-50.1029,DEL01-GO,Risco Médio,Média
segunda-feira,BR-262,6.3,Pleno dia,Decrescente,Céu Claro,Dupla,Interseção de vias,-20.38276,-40.45958,DEL01-ES,Risco Médio,Média
domingo,BR-104,115.3,Plena Noite,Decrescente,Chuva,Simples,Reta,-7.172018,-35.85983,DEL02-PB,Risco Médio,Baixa
quarta-feira,BR-116,171.5,Plena Noite,Crescente,Nublado,Simples,Reta,-4.990244,-38.03622,DEL03-CE,Risco Médio,Alta
sexta-feira,BR-116,19.0,Plena Noite,Crescente,Céu Claro,Dupla,Curva,-3.913844,-38.50667,DEL01-CE,Risco Médio,Alta
sexta-feira,BR-163,880.0,Amanhecer,Decrescente,Céu Claro,Simples,Reta,-11.4805,-55.3616,DEL06-MT,Risco Médio,Alta
quinta-feira,BR-282,436.4,Pleno dia,Crescente,Nublado,Simples,Interseção de vias,-26.96937,-51.85426,DEL07-SC,Risco Médio,Baixa
domingo,BR-470,154.8,Plena Noite,Decrescente,Nublado,Simples,Reta,-28.77117,-51.61806,DEL06-RS,Risco Baixo,Baixa
domingo,BR-116,455.0,Plena Noite,Decrescente,Nevoeiro/Neblina,Dupla,Não Informado,-12.41838,-39.19501,DEL02-BA,Risco Médio,Alta
quinta-feira,BR-101,62.0,Anoitecer,Decrescente,Céu Claro,Simples,Reta,-21.73473,-41.32504,DEL08-RJ,Risco Médio,Alta
quarta-feira,BR-116,224.7,Amanhecer,Decrescente,Céu Claro,Múltipla,Reta,-23.48072,-46.53272,DEL01-SP,Risco Médio,Alta
terça-feira,BR-376,230.0,Plena Noite,Crescente,Céu Claro,Simples,Interseção de vias,-23.60232,-51.66604,DEL07-PR,Risco Médio,Baixa
terça-feira,BR-163,67.5,Pleno dia,Crescente,Céu Claro,Simples,Reta,-26.75944,-53.50055,DEL07-SC,Risco Médio,Alta
segunda-feira,BR-101,219.0,Pleno dia,Decrescente,Céu Claro,Simples,Reta,-22.51243,-42.31086,DEL02-RJ,Risco Alto,Alta
quinta-feira,BR-60,579.9,Plena Noite,Crescente,Céu Claro,Simples,Reta,-21.3872,-56.02643,DEL05-MS,Risco Médio,Média
sexta-feira,BR-70,25.0,Pleno dia,Decrescente,Chuva,Simples,Curva,-15.7484,-48.4116,DEL01-DF,Risco Médio,Baixa
sábado,BR-101,359.2,Pleno dia,Decrescente,Nublado,Simples,Curva,-20.69768,-40.71161,DEL03-ES,Risco Médio,Alta
segunda-feira,BR-101,279.3,Pleno dia,Decrescente,Céu Claro,Dupla,Reta,-20.21812,-40.33933,DEL02-ES,Risco Médio,Alta
segunda-feira,BR-369,1.0,Pleno dia,Crescente,Sol,Dupla,Reta,-23.45755,-51.42314,DEL07-PR,Risco Médio,Baixa
terça-feira,BR-116,170.0,Pleno dia,Crescente,Céu Claro,Múltipla,Reta,-22.78463,-43.38069,DEL01-RJ,Risco Médio,Alta
sexta-feira,BR-381,498.5,Amanhecer,Crescente,Nublado,Dupla,Não Informado,-20.01173,-44.21976,DEL01-MG,Risco Médio,Alta
terça-feira,BR-386,397.0,Plena Noite,Decrescente,Céu Claro,Simples,Não Informado,-29.7415,-51.61948,DEL04-RS,Risco Baixo,Média
terça-feira,BR-163,946.0,Pleno dia,Decrescente,Céu Claro,Simples,Não Informado,-10.93491,-55.20865,DEL06-MT,Risco Médio,Alta
quinta-feira,BR-116,210.0,Pleno dia,Crescente,Céu Claro,Múltipla,Reta,-23.46829,-46.49963,DEL01-SP,Risco Médio,Alta
sexta-feira,BR-116,85.5,Plena Noite,Crescente,Céu Claro,Simples,Reta,-4.435413,-38.39241,DEL03-CE,Risco Baixo,Alta
quinta-feira,BR-153,248.0,Pleno dia,Crescente,Céu Claro,Múltipla,Reta,-8.062201,-48.46672,DEL02-TO,Risco Alto,Alta
terça-feira,BR-40,552.0,Pleno dia,Crescente,Nublado,Dupla,Reta,-20.0622,-43.9782,DEL01-MG,Risco Médio,Alta
quinta-feira,BR-116,252.0,Plena Noite,Decrescente,Garoa/Chuvisco,Dupla,Curva,-22.66917,-43.85325,DEL07-RJ,Risco Médio,Alta
domingo,BR-282,572.5,Anoitecer,Decrescente,Céu Claro,Simples,Reta,-26.87933,-52.94942,DEL07-SC,Risco Médio,Baixa
domingo,BR-101,54.2,Pleno dia,Decrescente,Céu Claro,Simples,Desvio Temporário,-18.62068,-39.88189,DEL04-ES,Risco Baixo,Alta
segunda-feira,BR-304,280.0,Plena Noite,Crescente,Nublado,Simples,Rotatória,-5.889564,-35.48954,DEL01-RN,Risco Baixo,Baixa
sexta-feira,BR-116,54.0,Plena Noite,Crescente,Céu Claro,Múltipla,Reta,-22.76037,-45.11864,DEL08-SP,Risco Médio,Alta
quinta-feira,BR-376,654.8,Pleno dia,Decrescente,Chuva,Dupla,Reta,-25.85552,-48.95262,DEL01-PR,Risco Baixo,Baixa
quarta-feira,BR-222,241.0,Plena Noite,Crescente,Céu Claro,Simples,Retorno Regulamentado,-5.34301,-49.08121,DEL03-PA,Risco Médio,Baixa
sexta-feira,BR-101,25.9,Amanhecer,Crescente,Céu Claro,Dupla,Reta,-26.19011,-48.91193,DEL03-SC,Risco Médio,Alta
sábado,BR-40,1.8,Plena Noite,Decrescente,Céu Claro,Dupla,Reta,-16.06593,-47.98395,DEL01-DF,Risco Baixo,Alta
quinta-feira,BR-110,187.4,Pleno dia,Decrescente,Céu Claro,Simples,Reta,-7.924756,-37.16803,DEL02-PB,Risco Alto,Baixa
sábado,BR-101,790.6,Plena Noite,Crescente,Céu Claro,Simples,Curva,-16.89217,-39.52078,DEL09-BA,Risco Médio,Alta
quarta-feira,BR-104,129.6,Plena Noite,Crescente,Céu Claro,Simples,Reta,-7.290134,-35.8903,DEL02-PB,Risco Médio,Baixa
quinta-feira,BR-163,567.0,Pleno dia,Crescente,Céu Claro,Simples,Reta,-19.75511,-54.35762,DEL01-MS,Risco Baixo,Alta
segunda-feira,BR-290,334.3,Pleno dia,Decrescente,Céu Claro,Simples,Reta,-30.36467,-53.52872,DEL09-RS,Risco Baixo,Baixa
sexta-feira,BR-101,129.0,Pleno dia,Decrescente,Sol,Dupla,Reta,-26.98297,-48.67973,DEL04-SC,Risco Baixo,Alta
terça-feira,BR-230,660.0,Pleno dia,Crescente,Nublado,Simples,Desvio Temporário,-3.17162,-52.1647,DEL04-PA,Risco Baixo,Baixa
terça-feira,BR-116,262.0,Pleno dia,Decrescente,Céu Claro,Múltipla,Interseção de vias,-29.89647,-51.17593,DEL01-RS,Risco Médio,Alta
terça-feira,BR-423,71.6,Plena Noite,Decrescente,Chuva,Simples,Reta,-8.693317,-36.41196,DEL03-PE,Risco Alto,Baixa
quarta-feira,BR-40,41.0,Pleno dia,Crescente,Céu Claro,Simples,Curva,-16.3678,-47.82697,DEL01-DF,Risco Alto,Alta
terça-feira,BR-230,23.5,Plena Noite,Crescente,Vento,Dupla,Reta,-7.1562,-34.8574,DEL01-PB,Risco Médio,Baixa
quarta-feira,BR-101,74.0,Plena Noite,Decrescente,Chuva,Dupla,Curva,-8.101465,-34.94902,DEL01-PE,Risco Médio,Alta
sexta-feira,BR-116,216.0,Pleno dia,Decrescente,Sol,Simples,Não Informado,-29.54002,-51.07712,DEL05-RS,Risco Médio,Alta
terça-feira,BR-471,155.2,Plena Noite,Crescente,Céu Claro,Simples,Interseção de vias,-29.82024,-52.40285,DEL02-RS,Risco Médio,Baixa
terça-feira,BR-277,339.0,Pleno dia,Crescente,Nublado,Dupla,Interseção de vias,-25.34632,-51.38591,DEL08-PR,Risco Médio,Média
quinta-feira,BR-364,709.0,Plena Noite,Crescente,Nevoeiro/Neblina,Dupla,Interseção de vias,-8.788089,-63.85399,DEL01-RO,Risco Baixo,Alta
quinta-feira,BR-101,155.7,Pleno dia,Crescente,Céu Claro,Dupla,Reta,-27.16292,-48.61129,DEL04-SC,Risco Médio,Alta
sexta-feira,BR-381,908.0,Pleno dia,Crescente,Chuva,Dupla,Não Informado,-22.6862,-46.1031,DEL16-MG,Risco Baixo,Alta
domingo,BR-381,73.9,Pleno dia,Decrescente,Céu Claro,Dupla,Curva,-23.36553,-46.55254,DEL03-SP,Risco Baixo,Alta
sábado,BR-101,106.5,Pleno dia,Decrescente,Céu Claro,Dupla,Reta,-21.92533,-41.62219,DEL08-RJ,Risco Baixo,Alta
sexta-feira,BR-116,147.9,Plena Noite,Crescente,Garoa/Chuvisco,Múltipla,Interseção de vias,-23.19582,-45.87324,DEL02-SP,Risco Médio,Alta
domingo,BR-277,598.7,Plena Noite,Decrescente,Nublado,Dupla,Reta,-25.0055,-53.52696,DEL04-PR,Risco Baixo,Média
quarta-feira,BR-376,2.3,Pleno dia,Crescente,Sol,Simples,Reta,-23.51416,-51.70017,DEL09-PR,Risco Médio,Baixa
quinta-feira,BR-290,670.0,Pleno dia,Crescente,Chuva,Simples,Reta,-29.94953,-56.60639,DEL13-RS,Risco Médio,Baixa
sábado,BR-290,64.5,Amanhecer,Crescente,Céu Claro,Dupla,Reta,-29.94284,-50.90087,DEL03-RS,Risco Médio,Baixa
segunda-feira,BR-158,111.0,Pleno dia,Crescente,Céu Claro,Simples,Curva,-26.8959,-53.1903,DEL07-SC,Risco Médio,Baixa
sexta-feira,BR-116,121.9,Pleno dia,Crescente,Céu Claro,Dupla,Reta,-25.55993,-49.30744,DEL01-PR,Risco Médio,Alta
sábado,BR-116,117.0,Plena Noite,Crescente,Nublado,Múltipla,Reta,-25.54456,-49.30146,DEL01-PR,Risco Baixo,Alta
domingo,BR-116,144.0,Plena Noite,Crescente,Céu Claro,Dupla,Curva,-29.12696,-51.12779,DEL05-RS,Risco Baixo,Alta
terça-feira,BR-277,582.5,Pleno dia,Decrescente,Sol,Dupla,Reta,-24.97675,-53.38623,DEL04-PR,Risco Médio,Média
quarta-feira,BR-376,654.1,Pleno dia,Decrescente,Chuva,Dupla,Curva,-25.84099,-49.04228,DEL01-PR,Risco Baixo,Baixa
terça-feira,BR-153,349.0,Pleno dia,Decrescente,Céu Claro,Simples,Reta,-8.969533,-48.49502,DEL02-TO,Risco Baixo,Alta
quarta-feira,BR-40,510.4,Pleno dia,Crescente,Céu Claro,Dupla,Reta,-19.77464,-44.12322,DEL01-MG,Risco Médio,Alta
quinta-feira,BR-381,484.6,Pleno dia,Crescente,Céu Claro,Dupla,Reta,-19.95714,-44.09344,DEL01-MG,Risco Médio,Alta
segunda-feira,BR-153,702.5,Anoitecer,Decrescente,Céu Claro,Dupla,Reta,-18.4103,-49.1965,DEL03-GO,Risco Médio,Alta
domingo,BR-104,12.2,Pleno dia,Crescente,Céu Claro,Simples,Reta,-7.888657,-36.11044,DEL02-PE,Risco Alto,Baixa
segunda-feira,BR-101,219.0,Pleno dia,Decrescente,Céu Claro,Dupla,Interseção de vias,-12.65728,-39.12441,DEL01-BA,Risco Médio,Alta
sexta-feira,BR-101,4.9,Plena Noite,Decrescente,Céu Claro,Simples,Reta,-11.57046,-37.87094,DEL02-SE,Risco Alto,Alta
quinta-feira,BR-163,69.0,Pleno dia,Decrescente,Céu Claro,Dupla,Reta,-26.74133,-53.50121,DEL07-SC,Risco Médio,Alta
sexta-feira,BR-369,101.0,Pleno dia,Crescente,Céu Claro,Dupla,Reta,-23.24802,-50.75112,DEL07-PR,Risco Baixo,Baixa
sexta-feira,BR-381,249.0,Pleno dia,Crescente,Céu Claro,Simples,Reta,-19.45018,-42.51738,DEL06-MG,Risco Médio,Alta
sábado,BR-259,55.9,Pleno dia,Decrescente,Céu Claro,Simples,Desvio Temporário,-19.49729,-40.64565,DEL02-ES,Risco Médio,Baixa
terça-feira,BR-116,133.0,Pleno dia,Decrescente,Chuva,Simples,Curva,-29.0559,-51.0969,DEL05-RS,Risco Médio,Alta
sábado,BR-101,232.0,Pleno dia,Crescente,Chuva,Dupla,Não Informado,-27.8032,-48.6381,DEL01-SC,Risco Baixo,Alta
domingo,BR-101,669.3,Pleno dia,Decrescente,Sol,Simples,Não Informado,-16.00886,-39.60365,DEL09-BA,Risco Médio,Alta
sexta-feira,BR-101,176.0,Plena Noite,Decrescente,Chuva,Dupla,Curva,-27.34661,-48.63301,DEL01-SC,Risco Médio,Alta
quarta-feira,BR-282,23.0,Plena Noite,Crescente,Céu Claro,Simples,Interseção de vias,-27.68796,-48.73679,DEL01-SC,Risco Médio,Baixa
segunda-feira,BR-381,74.0,Plena Noite,Decrescente,Garoa/Chuvisco,Múltipla,Reta,-23.37208,-46.557,DEL03-SP,Risco Baixo,Alta
quinta-feira,BR-232,204.5,Plena Noite,Crescente,Céu Claro,Simples,Não Informado,-8.372663,-36.64813,DEL03-PE,Risco Médio,Baixa
quinta-feira,BR-267,242.0,Amanhecer,Crescente,Garoa/Chuvisco,Simples,Reta,-21.4847,-54.3075,DEL02-MS,Risco Médio,Baixa
domingo,BR-101,761.0,Pleno dia,Decrescente,Céu Claro,Simples,Não Informado,-16.83633,-39.48731,DEL09-BA,Risco Alto,Alta
sábado,BR-470,65.2,Pleno dia,Decrescente,Céu Claro,Simples,Reta,-26.87041,-49.21186,DEL04-SC,Risco Médio,Baixa
domingo,BR-158,398.3,Pleno dia,Decrescente,Chuva,Simples,Curva,-30.01108,-54.5109,DEL09-RS,Risco Médio,Baixa
quarta-feira,BR-285,455.2,Pleno dia,Decrescente,Sol,Simples,Reta,-28.38234,-53.88348,DEL10-RS,Risco Médio,Baixa
sábado,BR-343,341.1,Pleno dia,Decrescente,Céu Claro,Dupla,Reta,-5.077812,-42.74426,DEL01-PI,Risco Baixo,Baixa
domingo,BR-262,620.8,Pleno dia,Crescente,Céu Claro,Simples,Curva,-19.58811,-46.37889,DEL08-MG,Risco Médio,Média