dia_semana,br,km,fase_dia,sentido_via,condicao_metereologica,tipo_pista,tracado_via,latitude,longitude,delegacia,classificacao_acidente,postos_policiais_PRF
segunda-feira,BR-174,414.0,Pleno dia,Decrescente,Céu Claro,Simples,Curva,-14.27927,-59.68339,DEL04-MT,Risco Baixo,Baixa
sábado,BR-488,4.3,Plena Noite,Decrescente,Chuva,Simples,Reta,-22.8584,-45.25138,DEL08-SP,Risco Baixo,Baixa
terça-feira,BR-470,167.0,Plena Noite,Crescente,Céu Claro,Simples,Não Informado,-28.85062,-51.56265,DEL06-RS,Risco Médio,Baixa
domingo,BR-153,445.5,Pleno dia,Crescente,Céu Claro,Dupla,Reta,-16.35229,-48.92851,DEL02-GO,Risco Médio,Alta
sábado,BR-364,238.9,Pleno dia,Crescente,Nublado,Simples,Não Informado,-11.43418,-61.46277,DEL02-RO,Risco Médio,Alta
quarta-feira,BR-235,3.3,Pleno dia,Decrescente,Chuva,Dupla,Reta,-10.9059,-37.111,DEL01-SE,Risco Médio,Baixa
segunda-feira,BR-163,618.0,Pleno dia,Crescente,Céu Claro,Múltipla,Desvio Temporário,-8.632328,-55.04016,DEL05-PA,Risco Médio,Alta
terça-feira,BR-116,428.0,Plena Noite,Crescente,Céu Claro,Dupla,Reta,-24.39813,-47.73037,DEL05-SP,Risco Baixo,Alta
quinta-feira,BR-158,326.5,Plena Noite,Crescente,Céu Claro,Simples,Interseção de vias,-29.71519,-53.80966,DEL09-RS,Risco Médio,Baixa
segunda-feira,BR-381,78.0,Pleno dia,Crescente,Céu Claro,Dupla,Reta,-23.39621,-46.57355,DEL03-SP,Risco Médio,Alta
sábado,BR-262,6.5,Pleno dia,Decrescente,Céu Claro,Múltipla,Interseção de vias,-20.34007,-40.39451,DEL01-ES,Risco Baixo,Média
quinta-feira,BR-364,235.4,Pleno dia,Crescente,Nublado,Simples,Retorno Regulamentado,-11.44838,-61.43394,DEL02-RO,Risco Médio,Alta
quinta-feira,BR-116,230.4,Pleno dia,Decrescente,Nublado,Múltipla,Reta,-23.51548,-46.57903,DEL01-SP,Risco Médio,Alta
domingo,BR-495,25.0,Plena Noite,Decrescente,Nublado,Simples,Curva,-22.40377,-43.1039,DEL06-RJ,Risco Médio,Baixa
terça-feira,BR-101,41.2,Plena Noite,Crescente,Céu Claro,Dupla,Rotatória,-26.31881,-48.87191,DEL03-SC,Risco Médio,Alta
sexta-feira,BR-163,67.4,Pleno dia,Decrescente,Céu Claro,Dupla,Reta,-26.75944,-53.50055,DEL07-SC,Risco Médio,Alta
quarta-feira,BR-470,134.0,Anoitecer,Crescente,Chuva,Simples,Ponte,-27.18185,-49.60013,DEL04-SC,Risco Médio,Baixa
quarta-feira,BR-364,16.0,Pleno dia,Crescente,Sol,Simples,Desvio Temporário,-12.73438,-60.15697,DEL04-RO,Risco Baixo,Alta
terça-feira,BR-324,568.0,Plena Noite,Decrescente,Céu Claro,Dupla,Reta,-12.54461,-38.58287,DEL01-BA,Risco Baixo,Baixa
sexta-feira,BR-101,53.0,Pleno dia,Decrescente,Céu Claro,Múltipla,Reta,-7.931241,-34.90069,DEL01-PE,Risco Médio,Alta
terça-feira,BR-376,679.0,Pleno dia,Crescente,Céu Claro,Dupla,Curva,-25.88326,-48.57514,DEL01-PR,Risco Médio,Baixa
sexta-feira,BR-376,665.0,Pleno dia,Crescente,Chuva,Dupla,Curva,-25.8555,-48.9528,DEL01-PR,Risco Baixo,Baixa
domingo,BR-101,83.0,Plena Noite,Crescente,Céu Claro,Dupla,Reta,-5.771044,-35.26617,DEL02-RN,Risco Médio,Alta
terça-feira,BR-316,420.0,Pleno dia,Crescente,Sol,Simples,Reta,-4.3519,-44.3708,DEL03-MA,Risco Médio,Baixa
sábado,BR-40,117.0,Pleno dia,Decrescente,Céu Claro,Múltipla,Reta,-22.74568,-43.2881,DEL01-RJ,Risco Médio,Alta
sábado,BR-101,355.3,Plena Noite,Crescente,Céu Claro,Simples,Reta,-20.68854,-40.67979,DEL03-ES,Risco Baixo,Alta
domingo,BR-101,190.9,Pleno dia,Decrescente,Chuva,Dupla,Curva,-27.47637,-48.64125,DEL01-SC,Risco Médio,Alta
segunda-feira,BR-467,102.0,Pleno dia,Decrescente,Céu Claro,Dupla,Reta,-24.9036,-53.5184,DEL04-PR,Risco Baixo,Baixa
sábado,BR-101,151.0,Plena Noite,Decrescente,Céu Claro,Simples,Curva,-11.26151,-37.44123,DEL02-SE,Risco Médio,Alta
sábado,BR-101,208.7,Plena Noite,Crescente,Chuva,Dupla,Desvio Temporário,-27.60328,-48.63202,DEL01-SC,Risco Médio,Alta
sexta-feira,BR-101,91.0,Pleno dia,Decrescente,Chuva,Dupla,Reta,-21.92039,-41.61859,DEL08-RJ,Risco Baixo,Alta
sexta-feira,BR-277,12.0,Plena Noite,Decrescente,Céu Claro,Dupla,Reta,-25.56428,-48.63259,DEL01-PR,Risco Médio,Média
quinta-feira,BR-40,571.0,Plena Noite,Crescente,Nublado,Simples,Reta,-20.2282,-43.9698,DEL01-MG,Risco Baixo,Alta
segunda-feira,BR-356,2.0,Pleno dia,Crescente,Nublado,Simples,Curva,-21.14909,-42.16029,DEL08-RJ,Risco Médio,Baixa
domingo,BR-116,312.0,Plena Noite,Crescente,Nevoeiro/Neblina,Dupla,Reta,-23.88343,-46.97369,DEL04-SP,Risco Baixo,Alta
quinta-feira,BR-381,87.0,Pleno dia,Crescente,Nublado,Múltipla,Reta,-23.47078,-46.56678,DEL03-SP,Risco Médio,Alta
sexta-feira,BR-407,127.1,Pleno dia,Crescente,Sol,Simples,Interseção de vias,-9.391442,-40.51895,DEL06-PE,Risco Baixo,Baixa
domingo,BR-101,133.0,Pleno dia,Decrescente,Nublado,Dupla,Reta,-26.99936,-48.64609,DEL04-SC,Risco Médio,Alta
quinta-feira,BR-381,330.0,Pleno dia,Decrescente,Céu Claro,Dupla,Curva,-19.78715,-43.05118,DEL03-MG,Risco Baixo,Alta
segunda-feira,BR-116,211.3,Plena Noite,Decrescente,Céu Claro,Múltipla,Reta,-23.43243,-46.41944,DEL01-SP,Risco Médio,Alta
segunda-feira,BR-101,304.0,Pleno dia,Decrescente,Céu Claro,Dupla,Reta,-20.3975,-40.4572,DEL01-ES,Risco Médio,Alta
domingo,BR-101,718.0,Pleno dia,Decrescente,Céu Claro,Simples,Reta,-16.37022,-39.58305,DEL09-BA,Risco Médio,Alta
domingo,BR-381,528.2,Pleno dia,Decrescente,Nublado,Dupla,Não Informado,-20.16368,-44.36025,DEL04-MG,Risco Médio,Alta
quinta-feira,BR-282,341.0,Pleno dia,Crescente,Céu Claro,Simples,Reta,-27.38996,-51.21339,DEL07-SC,Risco Médio,Baixa
segunda-feira,BR-101,395.0,Plena Noite,Crescente,Ignorado,Dupla,Reta,-22.88237,-43.72206,DEL01-RJ,Risco Baixo,Alta
domingo,BR-262,628.4,Pleno dia,Decrescente,Céu Claro,Simples,Curva,-19.5761,-46.43935,DEL08-MG,Risco Alto,Média
segunda-feira,BR-393,289.1,Plena Noite,Crescente,Céu Claro,Dupla,Reta,-22.51691,-44.10869,DEL05-RJ,Risco Médio,Média
terça-feira,BR-135,23.0,Pleno dia,Decrescente,Chuva,Dupla,Não Informado,-2.53073,-44.3068,DEL01-MA,Risco Baixo,Baixa
segunda-feira,BR-116,116.1,Anoitecer,Decrescente,Céu Claro,Múltipla,Reta,-25.55376,-49.30541,DEL01-PR,Risco Médio,Alta
segunda-feira,BR-116,762.3,Plena Noite,Decrescente,Céu Claro,Simples,Reta,-21.52888,-42.62361,DEL07-MG,Risco Médio,Alta
terça-feira,BR-70,517.0,Pleno dia,Crescente,Céu Claro,Simples,Curva,-15.69862,-56.16511,DEL01-MT,Risco Médio,Baixa
domingo,BR-70,15.0,Pleno dia,Decrescente,Céu Claro,Dupla,Reta,-15.7972,-48.1907,DEL01-DF,Risco Médio,Baixa
domingo,BR-469,13.0,Pleno dia,Decrescente,Céu Claro,Simples,Reta,-25.58224,-54.52874,DEL05-PR,Risco Médio,Baixa
sexta-feira,BR-101,213.8,Pleno dia,Crescente,Sol,Múltipla,Reta,-27.64289,-48.66941,DEL01-SC,Risco Médio,Alta
domingo,BR-470,300.7,Pleno dia,Decrescente,Nublado,Simples,Curva,-27.37254,-51.04647,DEL07-SC,Risco Médio,Baixa
sexta-feira,BR-50,71.5,Plena Noite,Crescente,Céu Claro,Dupla,Reta,-18.8514,-48.25346,DEL15-MG,Risco Médio,Média
sábado,BR-471,173.3,Pleno dia,Decrescente,Céu Claro,Simples,Não Informado,-29.97364,-52.37089,DEL02-RS,Risco Alto,Baixa
segunda-feira,BR-101,60.3,Pleno dia,Crescente,Chuva,Dupla,Reta,-7.983443,-34.93177,DEL01-PE,Risco Médio,Alta
sexta-feira,BR-153,215.0,Pleno dia,Decrescente,Céu Claro,Simples,Curva,-24.58007,-50.44441,DEL03-PR,Risco Médio,Alta
sábado,BR-163,976.0,Plena Noite,Crescente,Céu Claro,Simples,Desvio Temporário,-10.63871,-55.13374,DEL06-MT,Risco Médio,Alta
terça-feira,BR-101,277.0,Plena Noite,Crescente,Céu Claro,Dupla,Reta,-22.73819,-42.74437,DEL02-RJ,Risco Baixo,Alta
quarta-feira,BR-277,587.9,Plena Noite,Crescente,Céu Claro,Simples,Reta,-25.02817,-53.55983,DEL04-PR,Risco Médio,Média
sábado,BR-101,241.5,Plena Noite,Decrescente,Nublado,Simples,Reta,-20.02946,-40.39787,DEL02-ES,Risco Médio,Alta
terça-feira,BR-163,607.0,Pleno dia,Decrescente,Nublado,Simples,Reta,-13.7412,-56.0504,DEL01-MT,Risco Médio,Alta
segunda-feira,BR-116,426.0,Plena Noite,Crescente,Ignorado,Múltipla,Interseção de vias,-12.26839,-38.9876,DEL02-BA,Risco Médio,Alta
quarta-feira,BR-163,802.0,Pleno dia,Crescente,Céu Claro,Simples,Reta,-12.15352,-55.51341,DEL06-MT,Risco Baixo,Alta
quarta-feira,BR-116,823.5,Pleno dia,Decrescente,Sol,Dupla,Reta,-14.85868,-40.84945,DEL08-BA,Risco Médio,Alta
terça-feira,BR-359,525.0,Pleno dia,Crescente,Céu Claro,Simples,Rotatória,-19.02964,-57.61845,DEL03-MS,Risco Médio,Baixa
sábado,BR-428,179.7,Plena Noite,Crescente,Céu Claro,Simples,Reta,-9.306529,-40.45307,DEL06-PE,Risco Médio,Baixa
sexta-feira,BR-50,175.0,Pleno dia,Crescente,Céu Claro,Dupla,Reta,-19.7788,-47.96951,DEL13-MG,Risco Médio,Média
terça-feira,BR-163,185.7,Plena Noite,Decrescente,Nublado,Simples,Reta,-22.80967,-54.72019,DEL09-MS,Risco Baixo,Alta
sexta-feira,BR-232,99.0,Plena Noite,Decrescente,Céu Claro,Dupla,Reta,-8.236728,-35.73402,DEL02-PE,Risco Médio,Baixa
quarta-feira,BR-101,325.0,Pleno dia,Decrescente,Céu Claro,Simples,Não Informado,-22.87293,-43.13626,DEL02-RJ,Risco Médio,Alta
segunda-feira,BR-153,74.6,Anoitecer,Decrescente,Céu Claro,Dupla,Não Informado,-20.88539,-49.42676,DEL09-SP,Risco Médio,Alta
quarta-feira,BR-364,251.3,Plena Noite,Decrescente,Céu Claro,Dupla,Reta,-16.11396,-54.85939,DEL02-MT,Risco Médio,Alta
domingo,BR-493,87.0,Anoitecer,Decrescente,Nublado,Dupla,Reta,-22.666,-43.633,DEL01-RJ,Risco Médio,Baixa
quinta-feira,BR-285,289.5,Amanhecer,Crescente,Chuva,Dupla,Reta,-28.23756,-52.37183,DEL08-RS,Risco Baixo,Baixa
domingo,BR-40,522.7,Plena Noite,Crescente,Nublado,Dupla,Reta,-19.86387,-44.0675,DEL01-MG,Risco Baixo,Alta
sábado,BR-101,67.7,Pleno dia,Crescente,Céu Claro,Dupla,Reta,-7.052981,-35.03595,DEL01-PB,Risco Baixo,Alta
domingo,BR-316,551.0,Plena Noite,Decrescente,Chuva,Simples,Ponte,-4.886332,-43.35339,DEL03-MA,Risco Médio,Baixa
domingo,BR-277,580.5,Pleno dia,Decrescente,Céu Claro,Dupla,Não Informado,-24.98474,-53.36895,DEL04-PR,Risco Médio,Média
sábado,BR-116,409.8,Pleno dia,Decrescente,Sol,Dupla,Reta,-18.84751,-41.97989,DEL06-MG,Risco Médio,Alta
sexta-feira,BR-116,448.2,Plena Noite,Crescente,Céu Claro,Dupla,Reta,-24.52258,-47.85418,DEL05-SP,Risco Médio,Alta
domingo,BR-20,414.0,Plena Noite,Decrescente,Céu Claro,Dupla,Reta,-3.76999,-38.67006,DEL01-CE,Risco Médio,Baixa
quinta-feira,BR-376,1.0,Plena Noite,Crescente,Nublado,Dupla,Reta,-25.5307,-49.1958,DEL01-PR,Risco Médio,Baixa
terça-feira,BR-262,141.0,Amanhecer,Crescente,Céu Claro,Simples,Curva,-20.065,-42.7184,DEL03-MG,Risco Baixo,Média
quinta-feira,BR-40,589.0,Pleno dia,Crescente,Chuva,Simples,Curva,-20.3658,-43.9101,DEL01-MG,Risco Médio,Alta
segunda-feira,BR-376,155.2,Pleno dia,Decrescente,Céu Claro,Dupla,Reta,-23.33852,-52.09846,DEL09-PR,Risco Médio,Baixa
segunda-feira,BR-101,7.0,Plena Noite,Crescente,Garoa/Chuvisco,Simples,Não Informado,-10.25591,-36.8613,DEL02-SE,Risco Médio,Alta
domingo,BR-101,300.0,Plena Noite,Decrescente,Céu Claro,Dupla,Reta,-22.77646,-42.94784,DEL02-RJ,Risco Médio,Alta
domingo,BR-381,32.3,Pleno dia,Decrescente,Nublado,Dupla,Desvio Temporário,-23.06461,-46.57048,DEL03-SP,Risco Médio,Alta
quinta-feira,BR-316,61.0,Anoitecer,Decrescente,Nublado,Dupla,Reta,-1.29686,-47.94639,DEL01-PA,Risco Baixo,Baixa
segunda-feira,BR-101,10.0,Pleno dia,Decrescente,Sol,Simples,Reta,-18.24799,-39.95344,DEL04-ES,Risco Médio,Alta
segunda-feira,BR-10,274.8,Pleno dia,Decrescente,Céu Claro,Simples,Reta,-5.338754,-47.48785,DEL04-MA,Risco Baixo,Baixa
segunda-feira,BR-369,447.0,Pleno dia,Crescente,Céu Claro,Simples,Reta,-24.5548,-52.9686,DEL04-PR,Risco Médio,Baixa
segunda-feira,BR-381,704.3,Pleno dia,Crescente,Céu Claro,Dupla,Curva,-21.34178,-45.17644,DEL04-MG,Risco Médio,Alta
segunda-feira,BR-20,427.0,Pleno dia,Crescente,Céu Claro,Dupla,Reta,-3.76999,-38.67006,DEL01-CE,Risco Médio,Baixa
domingo,BR-101,194.0,Plena Noite,Crescente,Céu Claro,Dupla,Reta,-27.4981,-48.6567,DEL01-SC,Risco Baixo,Alta
sábado,BR-364,572.0,Pleno dia,Decrescente,Chuva,Simples,Reta,-9.46344,-63.10195,DEL03-RO,Risco Médio,Alta
quinta-feira,BR-381,158.2,Plena Noite,Decrescente,Céu Claro,Simples,Reta,-18.91795,-42.01337,DEL06-MG,Risco Médio,Alta
terça-feira,BR-153,40.0,Pleno dia,Crescente,Céu Claro,Simples,Reta,-23.2845,-50.05672,DEL07-PR,Risco Baixo,Alta
sábado,BR-376,180.1,Plena Noite,Decrescente,Chuva,Múltipla,Reta,-23.42725,-51.89512,DEL07-PR,Risco Médio,Baixa
quinta-feira,BR-116,271.0,Pleno dia,Crescente,Nublado,Dupla,Reta,-23.60873,-46.76937,DEL04-SP,Risco Médio,Alta
sexta-feira,BR-116,5.0,Pleno dia,Decrescente,Chuva,Dupla,Curva,-25.0864,-48.6029,DEL01-PR,Risco Médio,Alta
terça-feira,BR-40,516.0,Plena Noite,Decrescente,Céu Claro,Dupla,Reta,-19.81629,-44.0896,DEL01-MG,Risco Médio,Alta
sexta-feira,BR-381,3.7,Plena Noite,Decrescente,Céu Claro,Simples,Curva,-22.88249,-46.40644,DEL03-SP,Risco Médio,Alta
segunda-feira,BR-163,996.0,Pleno dia,Decrescente,Céu Claro,Dupla,Não Informado,-2.5039,-54.72752,DEL05-PA,Risco Médio,Alta
terça-feira,BR-153,46.2,Pleno dia,Decrescente,Sol,Simples,Reta,-27.63947,-52.24218,DEL08-RS,Risco Médio,Alta
sábado,BR-101,416.0,Plena Noite,Crescente,Céu Claro,Simples,Reta,-22.91539,-43.89793,DEL03-RJ,Risco Baixo,Alta
terça-feira,BR-40,466.9,Plena Noite,Decrescente,Chuva,Dupla,Reta,-19.4485,-44.31878,DEL02-MG,Risco Médio,Alta
sexta-feira,BR-381,407.2,Pleno dia,Decrescente,Céu Claro,Simples,Reta,-19.74405,-43.52105,DEL01-MG,Risco Médio,Alta
sábado,BR-40,115.0,Pleno dia,Decrescente,Céu Claro,Dupla,Reta,-22.67436,-43.28598,DEL01-RJ,Risco Médio,Alta
domingo,BR-386,301.6,Pleno dia,Crescente,Sol,Simples,Desvio Temporário,-29.17689,-52.19921,DEL04-RS,Risco Médio,Média
sexta-feira,BR-267,362.6,Pleno dia,Decrescente,Céu Claro,Dupla,Reta,-21.64323,-55.12396,DEL02-MS,Risco Baixo,Baixa
quarta-feira,BR-110,47.3,Pleno dia,Crescente,Céu Claro,Simples,Interseção de vias,-5.205042,-37.32787,DEL04-RN,Risco Médio,Baixa
terça-feira,BR-386,258.0,Pleno dia,Crescente,Nublado,Simples,Curva,-28.89033,-52.41393,DEL04-RS,Risco Médio,Média
segunda-feira,BR-373,268.0,Plena Noite,Decrescente,Céu Claro,Simples,Reta,-25.21821,-51.01691,DEL03-PR,Risco Médio,Baixa
sábado,BR-101,145.9,Pleno dia,Crescente,Céu Claro,Dupla,Reta,-19.3609,-40.06464,DEL04-ES,Risco Médio,Alta
segunda-feira,BR-364,421.0,Pleno dia,Decrescente,Céu Claro,Simples,Não Informado,-10.4673,-62.45089,DEL03-RO,Risco Médio,Alta
segunda-feira,BR-435,88.0,Plena Noite,Crescente,Céu Claro,Simples,Reta,-13.13028,-60.54364,DEL04-RO,Risco Médio,Baixa
sexta-feira,BR-262,2.1,Pleno dia,Decrescente,Céu Claro,Dupla,Reta,-20.33291,-40.36093,DEL01-ES,Risco Médio,Média
segunda-feira,BR-101,31.1,Pleno dia,Crescente,Nublado,Dupla,Desvio Temporário,-6.7706,-35.1331,DEL01-PB,Risco Baixo,Alta
quarta-feira,BR-116,550.1,Pleno dia,Crescente,Céu Claro,Simples,Desvio Temporário,-19.96878,-42.13645,DEL06-MG,Risco Médio,Alta
domingo,BR-116,1.0,Amanhecer,Decrescente,Céu Claro,Dupla,Reta,-22.51857,-44.70794,DEL08-SP,Risco Médio,Alta
sexta-feira,BR-324,613.0,Pleno dia,Decrescente,Céu Claro,Dupla,Reta,-12.88108,-38.4328,DEL01-BA,Risco Baixo,Baixa
quarta-feira,BR-40,8.2,Pleno dia,Crescente,Céu Claro,Dupla,Reta,-16.03867,-47.97969,DEL01-DF,Risco Médio,Alta
quarta-feira,BR-316,521.0,Pleno dia,Decrescente,Sol,Simples,Reta,-4.777439,-43.59368,DEL03-MA,Risco Médio,Baixa
segunda-feira,BR-101,65.0,Pleno dia,Crescente,Chuva,Dupla,Reta,-8.024786,-34.94277,DEL01-PE,Risco Alto,Alta
quarta-feira,BR-407,123.0,Plena Noite,Crescente,Nublado,Simples,Desvio Temporário,-10.43,-40.18666,DEL04-BA,Risco Médio,Baixa
terça-feira,BR-251,0.0,Pleno dia,Crescente,Céu Claro,Dupla,Não Informado,-16.24892,-47.32813,DEL01-DF,Risco Médio,Baixa
sábado,BR-324,532.0,Pleno dia,Crescente,Céu Claro,Dupla,Não Informado,-12.34775,-38.83696,DEL01-BA,Risco Médio,Baixa
quinta-feira,BR-101,224.0,Plena Noite,Crescente,Nublado,Simples,Reta,-19.88448,-40.41556,DEL02-ES,Risco Médio,Alta
sexta-feira,BR-163,534.5,Pleno dia,Crescente,Céu Claro,Dupla,Reta,-20.04205,-54.41341,DEL01-MS,Risco Médio,Alta
domingo,BR-232,86.5,Plena Noite,Crescente,Céu Claro,Dupla,Curva,-8.213715,-35.62662,DEL01-PE,Risco Baixo,Baixa
domingo,BR-285,247.0,Pleno dia,Decrescente,Chuva,Simples,Reta,-28.27849,-51.9478,DEL08-RS,Risco Baixo,Baixa
sexta-feira,BR-116,116.0,Pleno dia,Decrescente,Chuva,Dupla,Não Informado,-25.55468,-49.27402,DEL01-PR,Risco Médio,Alta
sábado,BR-316,449.0,Anoitecer,Crescente,Céu Claro,Simples,Reta,-4.484224,-44.15078,DEL03-MA,Risco Médio,Baixa
sábado,BR-381,335.0,Pleno dia,Decrescente,Chuva,Simples,Curva,-19.81701,-43.06662,DEL03-MG,Risco Médio,Alta
sexta-feira,BR-116,388.2,Plena Noite,Decrescente,Nublado,Dupla,Reta,-24.26548,-47.38731,DEL04-SP,Risco Médio,Alta
sábado,BR-116,191.0,Plena Noite,Crescente,Nublado,Dupla,Curva,-22.74421,-43.50982,DEL01-RJ,Risco Alto,Alta
domingo,BR-369,130.1,Plena Noite,Crescente,Céu Claro,Dupla,Curva,-23.25752,-50.98517,DEL07-PR,Risco Médio,Baixa
quarta-feira,BR-153,411.0,Amanhecer,Decrescente,Céu Claro,Dupla,Curva,-9.4993,-48.5867,DEL02-TO,Risco Médio,Alta
domingo,BR-242,797.0,Pleno dia,Decrescente,Sol,Simples,Reta,-12.1275,-45.0229,DEL10-BA,Risco Médio,Baixa
domingo,BR-364,238.0,Plena Noite,Decrescente,Nublado,Dupla,Reta,-16.20171,-54.78181,DEL02-MT,Risco Baixo,Alta
quarta-feira,BR-163,68.6,Plena Noite,Crescente,Céu Claro,Dupla,Não Informado,-26.7447,-53.50095,DEL07-SC,Risco Baixo,Alta
quarta-feira,BR-116,4.3,Plena Noite,Crescente,Nublado,Simples,Reta,-14.82597,-40.87249,DEL08-BA,Risco Alto,Alta
domingo,BR-10,223.0,Plena Noite,Crescente,Céu Claro,Simples,Reta,-5.763178,-47.35939,DEL04-MA,Risco Baixo,Baixa
sábado,BR-116,147.4,Plena Noite,Crescente,Chuva,Dupla,Interseção de vias,-29.15181,-51.14757,DEL05-RS,Risco Baixo,Alta
domingo,BR-280,241.4,Pleno dia,Decrescente,Céu Claro,Simples,Reta,-26.2251,-50.46005,DEL06-SC,Risco Médio,Baixa
sexta-feira,BR-116,666.6,Pleno dia,Decrescente,Sol,Simples,Não Informado,-20.83041,-42.32256,DEL07-MG,Risco Médio,Alta
domingo,BR-116,94.0,Pleno dia,Decrescente,Chuva,Simples,Curva,-22.46644,-43.00089,DEL04-RJ,Risco Médio,Alta
terça-feira,BR-20,195.5,Plena Noite,Decrescente,Céu Claro,Simples,Curva,-14.3557,-46.44391,DEL02-DF,Risco Médio,Baixa
sábado,BR-267,251.7,Pleno dia,Decrescente,Nublado,Simples,Curva,-21.93969,-44.49101,DEL17-MG,Risco Médio,Baixa
sábado,BR-251,205.1,Plena Noite,Decrescente,Céu Claro,Simples,Não Informado,-15.87293,-41.52078,DEL11-MG,Risco Médio,Baixa
domingo,BR-40,93.0,Pleno dia,Decrescente,Chuva,Dupla,Não Informado,-22.55543,-43.2583,DEL06-RJ,Risco Médio,Alta
quinta-feira,BR-50,76.0,Plena Noite,Crescente,Céu Claro,Dupla,Reta,-18.98691,-48.21185,DEL15-MG,Risco Médio,Média
sexta-feira,BR-153,500.9,Plena Noite,Crescente,Céu Claro,Dupla,Reta,-16.7118,-49.2324,DEL01-GO,Risco Médio,Alta
segunda-feira,BR-101,51.0,Pleno dia,Crescente,Chuva,Dupla,Reta,-7.916997,-34.89689,DEL01-PE,Risco Médio,Alta
sábado,BR-393,236.9,Plena Noite,Crescente,Céu Claro,Simples,Reta,-22.40096,-43.66443,DEL05-RJ,Risco Médio,Média
sexta-feira,BR-381,493.4,Plena Noite,Crescente,Chuva,Dupla,Reta,-19.966,-44.1775,DEL01-MG,Risco Médio,Alta
sexta-feira,BR-393,182.0,Pleno dia,Crescente,Céu Claro,Simples,Rotatória,-22.14336,-43.28637,DEL05-RJ,Risco Médio,Média
quarta-feira,BR-421,35.0,Pleno dia,Crescente,Céu Claro,Simples,Não Informado,-10.15723,-63.22837,DEL03-RO,Risco Médio,Baixa
quarta-feira,BR-424,51.6,Pleno dia,Decrescente,Sol,Simples,Desvio Temporário,-8.720522,-36.77047,DEL03-PE,Risco Baixo,Baixa
quinta-feira,BR-230,116.0,Pleno dia,Crescente,Céu Claro,Dupla,Desvio Temporário,-5.355572,-49.09,DEL03-PA,Risco Médio,Baixa
domingo,BR-381,753.2,Pleno dia,Decrescente,Céu Claro,Dupla,Curva,-21.6672,-45.3155,DEL16-MG,Risco Médio,Alta
domingo,BR-101,163.5,Plena Noite,Decrescente,Céu Claro,Simples,Curva,-27.23462,-48.6304,DEL04-SC,Risco Baixo,Alta
segunda-feira,BR-488,2.3,Plena Noite,Crescente,Nublado,Dupla,Interseção de vias,-22.84922,-45.2368,DEL08-SP,Risco Médio,Baixa
quinta-feira,BR-101,120.7,Pleno dia,Crescente,Sol,Simples,Viaduto,-26.91945,-48.7108,DEL04-SC,Risco Médio,Alta
sexta-feira,BR-40,8.2,Pleno dia,Decrescente,Céu Claro,Dupla,Reta,-16.11514,-47.96783,DEL01-DF,Risco Médio,Alta
domingo,BR-470,14.0,Pleno dia,Crescente,Sol,Simples,Reta,-26.85648,-48.80895,DEL04-SC,Risco Médio,Baixa
terça-feira,BR-116,44.0,Pleno dia,Crescente,Céu Claro,Dupla,Não Informado,-25.18823,-48.88493,DEL01-PR,Risco Médio,Alta
sábado,BR-153,86.2,Plena Noite,Decrescente,Céu Claro,Simples,Não Informado,-27.15579,-51.91519,DEL07-SC,Risco Baixo,Alta
sexta-feira,BR-316,8.8,Pleno dia,Crescente,Céu Claro,Simples,Reta,-5.164834,-42.769,DEL01-PI,Risco Médio,Baixa
sexta-feira,BR-364,710.0,Amanhecer,Decrescente,Nublado,Dupla,Interseção de vias,-8.786216,-63.85713,DEL01-RO,Risco Médio,Alta
quarta-feira,BR-251,230.3,Pleno dia,Crescente,Céu Claro,Simples,Reta,-15.96745,-41.70259,DEL11-MG,Risco Médio,Baixa
segunda-feira,BR-420,269.0,Plena Noite,Decrescente,Chuva,Simples,Reta,-13.25693,-39.57781,DEL01-BA,Risco Médio,Baixa
terça-feira,BR-242,298.3,Plena Noite,Crescente,Céu Claro,Simples,Reta,-12.13999,-48.53704,DEL01-TO,Risco Médio,Baixa
sexta-feira,BR-393,102.5,Pleno dia,Decrescente,Céu Claro,Simples,Retorno Regulamentado,-21.87772,-42.67071,DEL06-RJ,Risco Médio,Média
quinta-feira,BR-376,170.0,Pleno dia,Crescente,Céu Claro,Dupla,Interseção de vias,-23.40703,-51.99152,DEL07-PR,Risco Médio,Baixa
quarta-feira,BR-116,133.0,Pleno dia,Crescente,Céu Claro,Dupla,Reta,-22.65418,-43.14383,DEL02-RJ,Risco Médio,Alta
quarta-feira,BR-376,274.9,Pleno dia,Crescente,Chuva,Simples,Reta,-23.77511,-51.26823,DEL07-PR,Risco Baixo,Baixa
sábado,BR-242,800.0,Pleno dia,Crescente,Nublado,Simples,Reta,-12.11868,-45.05553,DEL10-BA,Risco Médio,Baixa
quinta-feira,BR-369,37.0,Pleno dia,Decrescente,Céu Claro,Simples,Reta,-23.04107,-50.22748,DEL07-PR,Risco Médio,Baixa
sábado,BR-304,36.3,Pleno dia,Crescente,Céu Claro,Dupla,Viaduto,-5.170792,-37.35817,DEL04-RN,Risco Médio,Baixa
sábado,BR-381,620.8,Pleno dia,Decrescente,Chuva,Dupla,Curva,-20.78558,-44.78579,DEL04-MG,Risco Médio,Alta
quarta-feira,BR-101,116.0,Pleno dia,Crescente,Ignorado,Dupla,Reta,-26.87906,-48.72604,DEL04-SC,Risco Médio,Alta
sexta-feira,BR-101,128.6,Plena Noite,Crescente,Nublado,Dupla,Reta,-6.103735,-35.23427,DEL01-RN,Risco Médio,Alta