dia_semana,br,km,fase_dia,sentido_via,condicao_metereologica,tipo_pista,tracado_via,latitude,longitude,delegacia,classificacao_acidente,postos_policiais_PRF
quarta-feira,BR-163,116.0,Plena Noite,Decrescente,Céu Claro,Dupla,Não Informado,-16.52998,-54.66245,DEL02-MT,Risco Médio,Alta
sábado,BR-70,8.0,Plena Noite,Crescente,Céu Claro,Dupla,Reta,-15.7375,-48.2739,DEL01-DF,Risco Médio,Baixa
quarta-feira,BR-116,500.3,Plena Noite,Crescente,Nublado,Simples,Curva,-24.78455,-48.1881,DEL05-SP,Risco Médio,Alta
domingo,BR-101,229.0,Pleno dia,Crescente,Céu Claro,Simples,Reta,-12.82657,-39.19998,DEL01-BA,Risco Médio,Alta
domingo,BR-393,110.0,Plena Noite,Decrescente,Céu Claro,Simples,Reta,-21.9056,-42.7321,DEL06-RJ,Risco Médio,Média
quarta-feira,BR-408,79.3,Pleno dia,Decrescente,Sol,Dupla,Reta,-7.928638,-35.1435,DEL01-PE,Risco Médio,Baixa
quarta-feira,BR-280,66.7,Plena Noite,Decrescente,Chuva,Simples,Reta,-26.47607,-49.09569,DEL03-SC,Risco Médio,Baixa
segunda-feira,BR-369,506.9,Pleno dia,Decrescente,Céu Claro,Simples,Reta,-24.83204,-53.29967,DEL04-PR,Risco Médio,Baixa
segunda-feira,BR-476,140.0,Pleno dia,Decrescente,Nublado,Dupla,Reta,-25.52069,-49.29412,DEL01-PR,Risco Médio,Baixa
terça-feira,BR-343,4.5,Plena Noite,Crescente,Céu Claro,Dupla,Reta,-5.089569,-42.80229,DEL01-PI,Risco Médio,Baixa
segunda-feira,BR-316,12.0,Plena Noite,Decrescente,Céu Claro,Múltipla,Não Informado,-5.200803,-42.75798,DEL01-PI,Risco Médio,Baixa
quarta-feira,BR-60,387.2,Plena Noite,Crescente,Garoa/Chuvisco,Simples,Reta,-20.67423,-54.75929,DEL01-MS,Risco Alto,Média
quinta-feira,BR-423,35.1,Plena Noite,Crescente,Céu Claro,Simples,Reta,-8.459706,-36.21512,DEL02-PE,Risco Médio,Baixa
domingo,BR-116,230.0,Pleno dia,Decrescente,Céu Claro,Dupla,Curva,-22.65209,-43.82144,DEL07-RJ,Risco Médio,Alta
domingo,BR-101,70.0,Plena Noite,Decrescente,Céu Claro,Dupla,Reta,-8.073839,-34.94263,DEL01-PE,Risco Médio,Alta
quarta-feira,BR-316,169.6,Plena Noite,Crescente,Céu Claro,Simples,Reta,-1.33124,-47.07173,DEL01-PA,Risco Alto,Baixa
sexta-feira,BR-259,47.5,Plena Noite,Decrescente,Chuva,Simples,Curva,-19.52154,-40.59373,DEL02-ES,Risco Médio,Baixa
domingo,BR-407,4.6,Pleno dia,Decrescente,Céu Claro,Simples,Rotatória,-9.442966,-40.49234,DEL06-PE,Risco Médio,Baixa
segunda-feira,BR-282,489.3,Pleno dia,Crescente,Céu Claro,Simples,Desvio Temporário,-26.86325,-52.27039,DEL07-SC,Risco Médio,Baixa
quarta-feira,BR-104,150.1,Plena Noite,Crescente,Céu Claro,Simples,Reta,-7.45621,-35.9167,DEL02-PB,Risco Baixo,Baixa
sábado,BR-376,181.5,Plena Noite,Crescente,Sol,Dupla,Reta,-23.43197,-51.88672,DEL09-PR,Risco Médio,Baixa
quinta-feira,BR-116,349.9,Amanhecer,Decrescente,Céu Claro,Simples,Reta,-11.58232,-38.98686,DEL02-BA,Risco Baixo,Alta
quarta-feira,BR-116,15.0,Plena Noite,Decrescente,Céu Claro,Dupla,Curva,-25.09833,-48.68266,DEL01-PR,Risco Médio,Alta
segunda-feira,BR-324,569.2,Pleno dia,Crescente,Nublado,Dupla,Reta,-12.54066,-38.58869,DEL01-BA,Risco Médio,Baixa
segunda-feira,BR-277,584.6,Pleno dia,Crescente,Sol,Simples,Interseção de vias,-24.96684,-53.40258,DEL04-PR,Risco Médio,Média
terça-feira,BR-163,847.7,Plena Noite,Crescente,Céu Claro,Simples,Reta,-11.77042,-55.4714,DEL06-MT,Risco Alto,Alta
quinta-feira,BR-80,16.0,Plena Noite,Crescente,Céu Claro,Simples,Não Informado,-15.41442,-48.20076,DEL01-DF,Risco Baixo,Baixa
sábado,BR-116,840.0,Plena Noite,Decrescente,Garoa/Chuvisco,Simples,Reta,-14.98681,-40.92518,DEL08-BA,Risco Médio,Alta
domingo,BR-163,62.9,Pleno dia,Decrescente,Céu Claro,Simples,Não Informado,-25.84713,-53.75402,DEL02-PR,Risco Alto,Alta
terça-feira,BR-101,453.8,Pleno dia,Crescente,Sol,Simples,Reta,-22.9371,-44.01082,DEL03-RJ,Risco Baixo,Alta
quinta-feira,BR-476,253.0,Anoitecer,Crescente,Nublado,Simples,Curva,-25.85962,-50.09535,DEL02-PR,Risco Médio,Baixa
sábado,BR-163,880.0,Plena Noite,Decrescente,Céu Claro,Simples,Reta,-11.50963,-55.37109,DEL06-MT,Risco Baixo,Alta
domingo,BR-116,81.0,Pleno dia,Crescente,Nublado,Dupla,Reta,-25.42698,-49.07872,DEL01-PR,Risco Médio,Alta
quinta-feira,BR-135,35.5,Pleno dia,Crescente,Nublado,Dupla,Reta,-2.853205,-44.37515,DEL01-MA,Risco Baixo,Baixa
sexta-feira,BR-376,179.4,Pleno dia,Crescente,Sol,Dupla,Interseção de vias,-23.42065,-51.90917,DEL07-PR,Risco Médio,Baixa
sábado,BR-116,101.0,Plena Noite,Decrescente,Nublado,Dupla,Reta,-25.5646,-49.16296,DEL01-PR,Risco Médio,Alta
terça-feira,BR-101,321.0,Pleno dia,Crescente,Céu Claro,Dupla,Reta,-22.86981,-43.11046,DEL02-RJ,Risco Médio,Alta
sexta-feira,BR-381,910.0,Plena Noite,Crescente,Céu Claro,Dupla,Reta,-22.76087,-46.16279,DEL16-MG,Risco Médio,Alta
sábado,BR-163,739.9,Pleno dia,Crescente,Sol,Simples,Reta,-18.44125,-54.70167,DEL06-MS,Risco Médio,Alta
quinta-feira,BR-50,145.5,Amanhecer,Crescente,Céu Claro,Dupla,Curva,-19.52475,-48.03905,DEL13-MG,Risco Baixo,Média
terça-feira,BR-70,3.0,Pleno dia,Crescente,Céu Claro,Dupla,Não Informado,-15.88253,-52.27574,DEL07-MT,Risco Médio,Baixa
terça-feira,BR-163,616.0,Pleno dia,Crescente,Céu Claro,Simples,Interseção de vias,-19.39074,-54.57061,DEL06-MS,Risco Médio,Alta
domingo,BR-116,100.5,Pleno dia,Decrescente,Céu Claro,Dupla,Reta,-22.98655,-45.47276,DEL08-SP,Risco Médio,Alta
domingo,BR-40,85.5,Pleno dia,Decrescente,Garoa/Chuvisco,Simples,Não Informado,-22.52851,-43.23498,DEL06-RJ,Risco Médio,Alta
domingo,BR-60,183.1,Pleno dia,Decrescente,Sol,Dupla,Reta,-16.7848,-49.4946,DEL01-GO,Risco Médio,Média
segunda-feira,BR-381,923.3,Plena Noite,Crescente,Céu Claro,Dupla,Curva,-22.7751,-46.18743,DEL16-MG,Risco Médio,Alta
segunda-feira,BR-230,6.0,Pleno dia,Decrescente,Céu Claro,Dupla,Interseção de vias,-7.02,-34.8359,DEL01-PB,Risco Médio,Baixa
sexta-feira,BR-376,671.0,Pleno dia,Crescente,Céu Claro,Múltipla,Não Informado,-25.88764,-48.93517,DEL01-PR,Risco Médio,Baixa
sábado,BR-10,306.0,Pleno dia,Crescente,Sol,Simples,Reta,-5.052771,-47.55462,DEL04-MA,Risco Médio,Baixa
segunda-feira,BR-101,70.4,Pleno dia,Crescente,Céu Claro,Dupla,Interseção de vias,-8.071717,-34.94282,DEL01-PE,Risco Médio,Alta
sexta-feira,BR-251,512.7,Plena Noite,Crescente,Céu Claro,Simples,Curva,-16.65532,-43.71906,DEL12-MG,Risco Médio,Baixa
sábado,BR-153,621.0,Pleno dia,Decrescente,Céu Claro,Simples,Reta,-11.28284,-48.93835,DEL01-TO,Risco Médio,Alta
quinta-feira,BR-158,521.0,Plena Noite,Decrescente,Céu Claro,Simples,Reta,-26.20228,-52.67822,DEL02-PR,Risco Médio,Baixa
domingo,BR-116,123.0,Pleno dia,Crescente,Céu Claro,Dupla,Reta,-25.57736,-49.31244,DEL01-PR,Risco Baixo,Alta
terça-feira,BR-110,396.0,Pleno dia,Decrescente,Céu Claro,Simples,Reta,-12.50766,-38.49627,DEL01-BA,Risco Médio,Baixa
quinta-feira,BR-70,378.0,Pleno dia,Decrescente,Sol,Simples,Reta,-15.50286,-55.10465,DEL05-MT,Risco Alto,Baixa
segunda-feira,BR-158,76.0,Pleno dia,Crescente,Céu Claro,Simples,Não Informado,-19.53525,-51.26534,DEL08-MS,Risco Médio,Baixa
quinta-feira,BR-116,212.0,Plena Noite,Decrescente,Nublado,Múltipla,Reta,-23.43753,-46.43125,DEL01-SP,Risco Médio,Alta
domingo,BR-364,344.0,Plena Noite,Decrescente,Céu Claro,Dupla,Reta,-10.87376,-61.95257,DEL02-RO,Risco Médio,Alta
sábado,BR-364,323.0,Plena Noite,Decrescente,Garoa/Chuvisco,Dupla,Desvio Temporário,-15.81289,-55.35799,DEL02-MT,Risco Médio,Alta
sábado,BR-101,322.0,Pleno dia,Crescente,Nublado,Múltipla,Curva,-22.87892,-43.11068,DEL02-RJ,Risco Médio,Alta
quinta-feira,BR-40,44.2,Pleno dia,Decrescente,Céu Claro,Simples,Curva,-17.23102,-46.8539,DEL14-MG,Risco Baixo,Alta
sábado,BR-163,630.0,Pleno dia,Crescente,Céu Claro,Simples,Reta,-13.64699,-56.03554,DEL01-MT,Risco Baixo,Alta
quinta-feira,BR-470,241.7,Plena Noite,Crescente,Céu Claro,Simples,Curva,-29.34599,-51.50898,DEL06-RS,Risco Baixo,Baixa
segunda-feira,BR-70,10.0,Pleno dia,Decrescente,Céu Claro,Dupla,Reta,-15.78707,-48.14071,DEL01-DF,Risco Médio,Baixa
terça-feira,BR-381,439.6,Pleno dia,Crescente,Sol,Simples,Não Informado,-19.78803,-43.70945,DEL01-MG,Risco Médio,Alta
quinta-feira,BR-101,261.7,Pleno dia,Crescente,Nublado,Dupla,Reta,-28.03695,-48.71029,DEL02-SC,Risco Médio,Alta
sexta-feira,BR-290,89.0,Pleno dia,Decrescente,Céu Claro,Dupla,Reta,-29.96789,-51.14724,DEL01-RS,Risco Médio,Baixa
sábado,BR-316,376.0,Plena Noite,Decrescente,Céu Claro,Simples,Reta,-7.175864,-40.90114,DEL04-PI,Risco Médio,Baixa
domingo,BR-470,165.0,Plena Noite,Decrescente,Céu Claro,Simples,Curva,-28.84601,-51.57431,DEL06-RS,Risco Médio,Baixa
quarta-feira,BR-163,1043.0,Anoitecer,Crescente,Céu Claro,Simples,Reta,-10.14414,-54.92964,DEL06-MT,Risco Médio,Alta
domingo,BR-40,479.0,Anoitecer,Crescente,Céu Claro,Dupla,Reta,-19.53623,-44.25468,DEL02-MG,Risco Médio,Alta
domingo,BR-232,408.9,Plena Noite,Decrescente,Céu Claro,Simples,Reta,-8.057838,-34.8829,DEL04-PE,Risco Médio,Baixa
domingo,BR-343,341.0,Pleno dia,Crescente,Céu Claro,Simples,Não Informado,-5.077812,-42.74426,DEL01-PI,Risco Baixo,Baixa
sábado,BR-146,470.5,Pleno dia,Decrescente,Céu Claro,Simples,Interseção de vias,-21.466,-46.40392,DEL09-MG,Risco Médio,Baixa
segunda-feira,BR-40,109.0,Pleno dia,Crescente,Céu Claro,Múltipla,Reta,-22.67375,-43.28638,DEL01-RJ,Risco Médio,Alta
quarta-feira,BR-70,383.0,Pleno dia,Decrescente,Céu Claro,Simples,Reta,-15.5335,-55.1371,DEL02-MT,Risco Médio,Baixa
sexta-feira,BR-280,95.0,Plena Noite,Crescente,Garoa/Chuvisco,Simples,Curva,-26.38212,-49.31484,DEL06-SC,Risco Médio,Baixa
domingo,BR-40,5.0,Anoitecer,Decrescente,Garoa/Chuvisco,Dupla,Reta,-16.09313,-47.98224,DEL01-DF,Risco Médio,Alta
quarta-feira,BR-448,20.0,Plena Noite,Crescente,Céu Claro,Dupla,Reta,-29.95873,-51.20246,DEL01-RS,Risco Médio,Baixa
quarta-feira,BR-101,739.0,Amanhecer,Decrescente,Ignorado,Simples,Curva,-16.5271,-39.5673,DEL09-BA,Risco Médio,Alta
quinta-feira,BR-116,470.9,Pleno dia,Crescente,Sol,Simples,Reta,-19.31699,-42.07419,DEL06-MG,Risco Baixo,Alta
terça-feira,BR-251,506.0,Pleno dia,Decrescente,Céu Claro,Simples,Reta,-16.61895,-43.68878,DEL12-MG,Risco Alto,Baixa
terça-feira,BR-381,930.4,Pleno dia,Decrescente,Sol,Dupla,Reta,-22.78017,-46.24002,DEL16-MG,Risco Baixo,Alta
segunda-feira,BR-116,219.3,Plena Noite,Crescente,Garoa/Chuvisco,Múltipla,Reta,-23.46144,-46.48885,DEL01-SP,Risco Médio,Alta
segunda-feira,BR-116,288.6,Pleno dia,Decrescente,Céu Claro,Dupla,Reta,-23.71161,-46.87749,DEL04-SP,Risco Médio,Alta
sábado,BR-116,280.7,Pleno dia,Crescente,Sol,Dupla,Reta,-23.64884,-46.84377,DEL04-SP,Risco Médio,Alta
quarta-feira,BR-465,19.0,Pleno dia,Decrescente,Céu Claro,Simples,Reta,-22.83918,-43.61045,DEL01-RJ,Risco Médio,Baixa
quarta-feira,BR-60,34.0,Plena Noite,Decrescente,Céu Claro,Dupla,Reta,-16.11834,-48.43071,DEL01-DF,Risco Médio,Média
quarta-feira,BR-153,41.6,Plena Noite,Decrescente,Céu Claro,Dupla,Reta,-18.753,-49.08074,DEL15-MG,Risco Baixo,Alta
terça-feira,BR-116,207.2,Plena Noite,Crescente,Céu Claro,Simples,Desvio Temporário,-26.10175,-49.7808,DEL06-SC,Risco Médio,Alta
sábado,BR-280,73.4,Plena Noite,Crescente,Céu Claro,Simples,Rotatória,-26.45917,-49.15245,DEL03-SC,Risco Médio,Baixa
domingo,BR-153,113.0,Plena Noite,Decrescente,Céu Claro,Simples,Reta,-23.87864,-50.20479,DEL07-PR,Risco Baixo,Alta
quinta-feira,BR-376,343.0,Plena Noite,Crescente,Céu Claro,Simples,Reta,-24.19557,-50.95456,DEL07-PR,Risco Médio,Baixa
sexta-feira,BR-277,98.0,Plena Noite,Crescente,Nublado,Dupla,Interseção de vias,-25.43174,-49.36481,DEL01-PR,Risco Médio,Média
sábado,BR-163,697.2,Pleno dia,Decrescente,Céu Claro,Simples,Reta,-12.90686,-55.85106,DEL06-MT,Risco Médio,Alta
segunda-feira,BR-262,356.9,Pleno dia,Crescente,Céu Claro,Dupla,Reta,-19.98355,-44.24366,DEL01-MG,Risco Médio,Média
domingo,BR-116,681.9,Plena Noite,Decrescente,Céu Claro,Simples,Curva,-20.95652,-42.34998,DEL07-MG,Risco Médio,Alta
sábado,BR-476,165.1,Plena Noite,Crescente,Nublado,Simples,Reta,-25.64358,-49.47276,DEL01-PR,Risco Baixo,Baixa
quinta-feira,BR-101,400.0,Pleno dia,Decrescente,Chuva,Simples,Curva,-20.88158,-40.97483,DEL03-ES,Risco Baixo,Alta
quinta-feira,BR-40,504.8,Plena Noite,Decrescente,Nublado,Dupla,Desvio Temporário,-19.72988,-44.15253,DEL02-MG,Risco Médio,Alta
domingo,BR-70,4.0,Plena Noite,Decrescente,Céu Claro,Dupla,Reta,-15.87906,-52.28567,DEL07-MT,Risco Baixo,Baixa
domingo,BR-381,480.0,Pleno dia,Decrescente,Céu Claro,Dupla,Não Informado,-19.96048,-44.05255,DEL01-MG,Risco Médio,Alta
domingo,BR-116,0.8,Pleno dia,Decrescente,Céu Claro,Simples,Curva,-26.10894,-49.78419,DEL06-SC,Risco Baixo,Alta
quinta-feira,BR-70,524.0,Pleno dia,Decrescente,Céu Claro,Simples,Rotatória,-15.64921,-56.19486,DEL01-MT,Risco Médio,Baixa
quarta-feira,BR-40,119.0,Pleno dia,Crescente,Céu Claro,Múltipla,Reta,-22.68142,-43.28598,DEL01-RJ,Risco Médio,Alta
quarta-feira,BR-116,220.8,Pleno dia,Decrescente,Céu Claro,Dupla,Curva,-22.67778,-43.83013,DEL07-RJ,Risco Baixo,Alta
segunda-feira,BR-381,88.0,Plena Noite,Decrescente,Céu Claro,Múltipla,Reta,-23.47469,-46.56113,DEL03-SP,Risco Médio,Alta
quarta-feira,BR-153,133.0,Plena Noite,Crescente,Céu Claro,Simples,Não Informado,-7.114611,-48.18743,DEL02-TO,Risco Médio,Alta
quarta-feira,BR-376,588.0,Pleno dia,Decrescente,Sol,Dupla,Reta,-25.43382,-49.36546,DEL01-PR,Risco Baixo,Baixa
sexta-feira,BR-406,3.4,Plena Noite,Decrescente,Nublado,Simples,Reta,-5.141613,-36.61105,DEL02-RN,Risco Médio,Baixa
quarta-feira,BR-230,275.0,Amanhecer,Crescente,Céu Claro,Simples,Curva,-6.953298,-36.82163,DEL03-PB,Risco Baixo,Baixa
terça-feira,BR-153,330.0,Plena Noite,Decrescente,Céu Claro,Simples,Reta,-8.809863,-48.51218,DEL02-TO,Risco Alto,Alta
quarta-feira,BR-402,89.0,Anoitecer,Crescente,Nublado,Simples,Reta,-3.052235,-41.34143,DEL05-PI,Risco Médio,Baixa
quarta-feira,BR-153,333.0,Pleno dia,Crescente,Céu Claro,Simples,Reta,-8.826486,-48.51216,DEL02-TO,Risco Baixo,Alta
sexta-feira,BR-222,2.0,Pleno dia,Decrescente,Céu Claro,Dupla,Não Informado,-3.737804,-38.57806,DEL01-CE,Risco Médio,Baixa
sábado,BR-262,30.9,Pleno dia,Crescente,Nublado,Simples,Curva,-20.37978,-40.5679,DEL01-ES,Risco Baixo,Média
terça-feira,BR-364,179.0,Pleno dia,Decrescente,Céu Claro,Simples,Reta,-17.97108,-51.60106,DEL05-GO,Risco Médio,Alta
sexta-feira,BR-470,136.0,Plena Noite,Decrescente,Garoa/Chuvisco,Simples,Reta,-27.19432,-49.62455,DEL04-SC,Risco Médio,Baixa
sexta-feira,BR-174,1046.1,Pleno dia,Crescente,Céu Claro,Simples,Desvio Temporário,-1.613858,-60.1995,DEL01-AM,Risco Médio,Baixa
domingo,BR-116,517.3,Pleno dia,Crescente,Céu Claro,Simples,Curva,-19.7033,-42.11756,DEL06-MG,Risco Médio,Alta
domingo,BR-381,442.0,Plena Noite,Crescente,Céu Claro,Simples,Não Informado,-19.81839,-43.81132,DEL01-MG,Risco Médio,Alta
quarta-feira,BR-101,256.0,Pleno dia,Crescente,Chuva,Simples,Desvio Temporário,-20.12151,-40.30701,DEL02-ES,Risco Médio,Alta
sexta-feira,BR-262,530.7,Pleno dia,Crescente,Nublado,Simples,Reta,-19.77541,-45.75415,DEL08-MG,Risco Médio,Média
sexta-feira,BR-386,344.9,Plena Noite,Crescente,Céu Claro,Dupla,Reta,-29.4483,-51.97216,DEL04-RS,Risco Baixo,Média
sexta-feira,BR-101,114.8,Plena Noite,Decrescente,Chuva,Dupla,Reta,-7.402239,-34.95508,DEL01-PB,Risco Médio,Alta
sábado,BR-116,0.1,Plena Noite,Decrescente,Chuva,Dupla,Reta,-30.03354,-51.23045,DEL01-RS,Risco Médio,Alta
quarta-feira,BR-408,40.0,Anoitecer,Crescente,Chuva,Simples,Reta,-7.649305,-35.25214,DEL01-PE,Risco Baixo,Baixa
domingo,BR-116,281.0,Plena Noite,Decrescente,Céu Claro,Dupla,Desvio Temporário,-23.67785,-46.85769,DEL04-SP,Risco Alto,Alta
quarta-feira,BR-392,35.0,Plena Noite,Crescente,Céu Claro,Dupla,Reta,-32.00665,-52.28814,DEL07-RS,Risco Médio,Média
sábado,BR-425,98.0,Plena Noite,Crescente,Vento,Dupla,Interseção de vias,-10.41477,-65.33205,DEL01-RO,Risco Baixo,Baixa
domingo,BR-376,512.0,Plena Noite,Crescente,Nublado,Dupla,Reta,-25.19624,-50.07568,DEL03-PR,Risco Médio,Baixa
quinta-feira,BR-40,19.5,Pleno dia,Decrescente,Sol,Dupla,Reta,-16.20441,-47.91974,DEL01-DF,Risco Médio,Alta
domingo,BR-101,309.0,Plena Noite,Decrescente,Céu Claro,Dupla,Reta,-22.7947,-43.0334,DEL02-RJ,Risco Médio,Alta
segunda-feira,BR-40,479.8,Pleno dia,Crescente,Céu Claro,Dupla,Reta,-19.5457,-44.2475,DEL02-MG,Risco Médio,Alta
sábado,BR-101,33.9,Pleno dia,Decrescente,Nublado,Dupla,Reta,-7.77001,-34.93481,DEL01-PE,Risco Médio,Alta
sábado,BR-469,12.9,Pleno dia,Decrescente,Sol,Simples,Reta,-25.57801,-54.54108,DEL05-PR,Risco Médio,Baixa
sábado,BR-425,148.0,Pleno dia,Crescente,Nublado,Simples,Interseção de vias,-10.78921,-65.34328,DEL01-RO,Risco Médio,Baixa
sábado,BR-407,2.0,Plena Noite,Decrescente,Chuva,Simples,Curva,-9.424754,-40.50534,DEL06-PE,Risco Médio,Baixa
domingo,BR-101,80.0,Pleno dia,Crescente,Nublado,Simples,Reta,-21.83426,-41.43894,DEL08-RJ,Risco Médio,Alta
sábado,BR-101,135.1,Pleno dia,Crescente,Garoa/Chuvisco,Dupla,Não Informado,-6.164433,-35.22487,DEL01-RN,Risco Médio,Alta
sábado,BR-376,626.0,Pleno dia,Decrescente,Céu Claro,Dupla,Reta,-25.66095,-49.155,DEL01-PR,Risco Médio,Baixa
terça-feira,BR-427,25.8,Pleno dia,Crescente,Nublado,Simples,Curva,-6.41766,-36.64284,DEL03-RN,Risco Alto,Baixa
segunda-feira,BR-116,227.8,Pleno dia,Decrescente,Céu Claro,Simples,Curva,-17.46112,-41.49713,DEL11-MG,Risco Médio,Alta
quinta-feira,BR-163,983.0,Pleno dia,Decrescente,Céu Claro,Simples,Reta,-2.50453,-54.72732,DEL05-PA,Risco Médio,Alta
quarta-feira,BR-469,15.3,Pleno dia,Decrescente,Sol,Simples,Interseção de vias,-25.5813,-54.5315,DEL05-PR,Risco Baixo,Baixa
domingo,BR-381,503.7,Plena Noite,Decrescente,Céu Claro,Dupla,Curva,-20.03855,-44.25495,DEL01-MG,Risco Médio,Alta
sexta-feira,BR-282,87.0,Pleno dia,Crescente,Nublado,Simples,Curva,-27.6643,-49.2059,DEL01-SC,Risco Médio,Baixa
domingo,BR-116,161.0,Pleno dia,Crescente,Céu Claro,Dupla,Reta,-23.27491,-45.97422,DEL02-SP,Risco Baixo,Alta
sexta-feira,BR-101,112.0,Plena Noite,Crescente,Garoa/Chuvisco,Dupla,Desvio Temporário,-5.96429,-35.26488,DEL01-RN,Risco Médio,Alta
quinta-feira,BR-101,156.0,Pleno dia,Decrescente,Céu Claro,Dupla,Não Informado,-8.545977,-35.39141,DEL01-PE,Risco Médio,Alta
domingo,BR-101,68.9,Pleno dia,Crescente,Céu Claro,Simples,Reta,-21.7758,-41.36452,DEL08-RJ,Risco Alto,Alta
domingo,BR-262,369.1,Pleno dia,Crescente,Céu Claro,Dupla,Reta,-19.96003,-44.33763,DEL01-MG,Risco Médio,Média
sábado,BR-60,9.0,Pleno dia,Decrescente,Céu Claro,Dupla,Reta,-15.90629,-48.13996,DEL01-DF,Risco Médio,Média
sexta-feira,BR-116,136.0,Amanhecer,Crescente,Nublado,Dupla,Reta,-22.64989,-43.1725,DEL01-RJ,Risco Médio,Alta
quinta-feira,BR-116,206.3,Pleno dia,Crescente,Céu Claro,Dupla,Reta,-23.41723,-46.3751,DEL01-SP,Risco Médio,Alta
domingo,BR-153,115.8,Plena Noite,Crescente,Chuva,Simples,Reta,-6.901887,-48.02948,DEL02-TO,Risco Médio,Alta
segunda-feira,BR-116,205.0,Plena Noite,Decrescente,Nublado,Dupla,Reta,-23.41475,-46.36601,DEL01-SP,Risco Baixo,Alta
sexta-feira,BR-343,501.0,Plena Noite,Decrescente,Céu Claro,Simples,Reta,-6.24724,-42.81101,DEL03-PI,Risco Médio,Baixa
sábado,BR-376,488.1,Pleno dia,Crescente,Sol,Dupla,Reta,-25.1351,-50.16497,DEL03-PR,Risco Médio,Baixa
sábado,BR-405,0.3,Pleno dia,Decrescente,Céu Claro,Simples,Reta,-5.191467,-37.35189,DEL04-RN,Risco Médio,Baixa
segunda-feira,BR-101,177.0,Pleno dia,Crescente,Céu Claro,Simples,Reta,-12.4041,-38.8961,DEL01-BA,Risco Médio,Alta
domingo,BR-468,103.4,Plena Noite,Crescente,Céu Claro,Simples,Reta,-27.4599,-53.94121,DEL08-RS,Risco Médio,Baixa
segunda-feira,BR-392,5.6,Pleno dia,Crescente,Céu Claro,Simples,Reta,-32.07688,-52.10167,DEL07-RS,Risco Baixo,Média
segunda-feira,BR-116,101.0,Pleno dia,Crescente,Céu Claro,Dupla,Desvio Temporário,-22.99074,-45.48115,DEL06-SP,Risco Médio,Alta
domingo,BR-476,118.6,Plena Noite,Decrescente,Nublado,Dupla,Curva,-25.35006,-409.1655,DEL01-PR,Risco Médio,Baixa
terça-feira,BR-330,766.3,Pleno dia,Decrescente,Sol,Simples,Curva,-14.1352,-39.7351,DEL03-BA,Risco Médio,Baixa
domingo,BR-40,511.0,Pleno dia,Crescente,Nublado,Dupla,Reta,-19.78616,-44.115,DEL01-MG,Risco Baixo,Alta
terça-feira,BR-232,79.0,Pleno dia,Crescente,Nublado,Simples,Rotatória,-8.194648,-35.56198,DEL01-PE,Risco Baixo,Baixa
sexta-feira,BR-153,61.0,Plena Noite,Decrescente,Céu Claro,Dupla,Não Informado,-20.80503,-49.35575,DEL09-SP,Risco Baixo,Alta
sábado,BR-376,526.0,Pleno dia,Crescente,Céu Claro,Dupla,Não Informado,-25.32138,-49.87003,DEL03-PR,Risco Médio,Baixa
sexta-feira,BR-262,406.8,Plena Noite,Decrescente,Céu Claro,Dupla,Reta,-19.90439,-44.66386,DEL08-MG,Risco Baixo,Média
sexta-feira,BR-277,584.0,Plena Noite,Decrescente,Céu Claro,Dupla,Curva,-24.96684,-53.40258,DEL04-PR,Risco Baixo,Média
segunda-feira,BR-101,408.9,Pleno dia,Crescente,Nublado,Dupla,Reta,-28.91423,-49.48603,DEL02-SC,Risco Baixo,Alta
segunda-feira,BR-381,500.5,Pleno dia,Decrescente,Céu Claro,Dupla,Reta,-20.00525,-44.21392,DEL01-MG,Risco Médio,Alta
quarta-feira,BR-163,690.0,Pleno dia,Crescente,Nublado,Simples,Reta,-13.06084,-55.9183,DEL06-MT,Risco Médio,Alta
quinta-feira,BR-116,163.0,Anoitecer,Decrescente,Chuva,Dupla,Reta,-22.81621,-43.32474,DEL01-RJ,Risco Médio,Alta
sexta-feira,BR-116,302.5,Plena Noite,Decrescente,Céu Claro,Simples,Reta,-30.1397,-51.35943,DEL02-RS,Risco Médio,Alta
quinta-feira,BR-116,300.0,Pleno dia,Decrescente,Nublado,Dupla,Curva,-23.79737,-46.91454,DEL04-SP,Risco Médio,Alta
segunda-feira,BR-392,117.1,Plena Noite,Decrescente,Garoa/Chuvisco,Simples,Interseção de vias,-31.41369,-52.67628,DEL07-RS,Risco Médio,Média
sábado,BR-110,182.1,Plena Noite,Crescente,Céu Claro,Simples,Reta,-7.900546,-37.13125,DEL02-PB,Risco Médio,Baixa
segunda-feira,BR-101,148.5,Pleno dia,Crescente,Nublado,Simples,Reta,-11.2456,-37.4338,DEL02-SE,Risco Baixo,Alta
segunda-feira,BR-381,85.0,Pleno dia,Crescente,Céu Claro,Dupla,Reta,-23.44934,-46.56984,DEL03-SP,Risco Médio,Alta
segunda-feira,BR-70,56.0,Pleno dia,Crescente,Céu Claro,Simples,Desvio Temporário,-15.7045,-52.6745,DEL07-MT,Risco Médio,Baixa
segunda-feira,BR-381,495.0,Pleno dia,Decrescente,Garoa/Chuvisco,Múltipla,Reta,-19.98891,-44.20522,DEL01-MG,Risco Médio,Alta
sábado,BR-343,308.0,Amanhecer,Crescente,Céu Claro,Simples,Reta,-5.0243,-42.4333,DEL01-PI,Risco Médio,Baixa