dia_semana,br,km,fase_dia,sentido_via,condicao_metereologica,tipo_pista,tracado_via,latitude,longitude,delegacia,classificacao_acidente,postos_policiais_PRF
terça-feira,BR-364,425.3,Pleno dia,Decrescente,Céu Claro,Simples,Desvio Temporário,-10.44055,-62.47307,DEL03-RO,Risco Médio,Alta
sábado,BR-316,377.0,Plena Noite,Decrescente,Céu Claro,Simples,Curva,-7.183589,-40.89645,DEL04-PI,Risco Médio,Baixa
domingo,BR-174,888.0,Pleno dia,Decrescente,Sol,Simples,Desvio Temporário,-2.942329,-60.03368,DEL01-AM,Risco Baixo,Baixa
sábado,BR-116,147.0,Pleno dia,Decrescente,Céu Claro,Dupla,Reta,-23.19543,-45.87176,DEL02-SP,Risco Médio,Alta
sexta-feira,BR-386,270.0,Pleno dia,Decrescente,Céu Claro,Simples,Reta,-28.97817,-52.36774,DEL04-RS,Risco Médio,Média
sábado,BR-116,123.2,Pleno dia,Decrescente,Garoa/Chuvisco,Dupla,Desvio Temporário,-23.08754,-45.6697,DEL02-SP,Risco Médio,Alta
sábado,BR-381,43.0,Pleno dia,Crescente,Chuva,Dupla,Curva,-23.1611,-46.57397,DEL03-SP,Risco Médio,Alta
sexta-feira,BR-262,33.7,Amanhecer,Decrescente,Garoa/Chuvisco,Simples,Não Informado,-20.25551,-42.00465,DEL06-MG,Risco Médio,Média
domingo,BR-116,90.5,Plena Noite,Crescente,Céu Claro,Dupla,Reta,-25.49325,-49.11467,DEL01-PR,Risco Alto,Alta
sábado,BR-116,140.0,Pleno dia,Decrescente,Céu Claro,Dupla,Reta,-23.1658,-45.81251,DEL06-SP,Risco Baixo,Alta
sábado,BR-116,455.0,Plena Noite,Crescente,Céu Claro,Dupla,Reta,-24.57253,-47.88135,DEL05-SP,Risco Médio,Alta
segunda-feira,BR-60,117.0,Pleno dia,Crescente,Céu Claro,Dupla,Reta,-16.47625,-49.08335,DEL01-GO,Risco Baixo,Média
quarta-feira,BR-101,941.0,Plena Noite,Decrescente,Céu Claro,Simples,Não Informado,-17.25279,-39.62734,DEL09-BA,Risco Médio,Alta
segunda-feira,BR-104,31.2,Pleno dia,Decrescente,Céu Claro,Simples,Curva,-9.17153,-36.0212,DEL01-AL,Risco Baixo,Baixa
domingo,BR-262,46.5,Plena Noite,Decrescente,Céu Claro,Simples,Curva,-20.26326,-42.10572,DEL06-MG,Risco Médio,Média
segunda-feira,BR-101,149.0,Plena Noite,Crescente,Céu Claro,Dupla,Interseção de vias,-19.39878,-40.0627,DEL04-ES,Risco Médio,Alta
sábado,BR-364,122.3,Pleno dia,Decrescente,Sol,Dupla,Reta,-10.01213,-67.77492,DEL01-AC,Risco Médio,Alta
sexta-feira,BR-116,24.0,Pleno dia,Decrescente,Chuva,Dupla,Curva,-25.10886,-48.76564,DEL01-PR,Risco Médio,Alta
sábado,BR-232,522.5,Plena Noite,Crescente,Céu Claro,Simples,Reta,-8.063288,-39.21879,DEL05-PE,Risco Alto,Baixa
sexta-feira,BR-493,92.8,Pleno dia,Crescente,Céu Claro,Dupla,Reta,-22.68369,-43.66937,DEL01-RJ,Risco Médio,Baixa
terça-feira,BR-324,617.0,Pleno dia,Decrescente,Céu Claro,Dupla,Reta,-12.8955,-38.44817,DEL01-BA,Risco Baixo,Baixa
sexta-feira,BR-262,322.0,Plena Noite,Decrescente,Chuva,Simples,Reta,-20.87268,-51.48792,DEL07-MS,Risco Baixo,Média
sábado,BR-343,345.0,Pleno dia,Decrescente,Céu Claro,Dupla,Reta,-5.102889,-42.76651,DEL01-PI,Risco Baixo,Baixa
quarta-feira,BR-40,603.7,Pleno dia,Crescente,Nublado,Simples,Não Informado,-20.45365,-43.83968,DEL05-MG,Risco Médio,Alta
sexta-feira,BR-282,425.5,Pleno dia,Decrescente,Chuva,Simples,Curva,-26.98041,-51.75626,DEL07-SC,Risco Médio,Baixa
quinta-feira,BR-116,0.1,Plena Noite,Decrescente,Céu Claro,Múltipla,Reta,-3.754584,-38.52341,DEL01-CE,Risco Médio,Alta
segunda-feira,BR-376,176.0,Pleno dia,Decrescente,Sol,Dupla,Reta,-23.41136,-51.94078,DEL07-PR,Risco Médio,Baixa
quarta-feira,BR-376,425.3,Pleno dia,Decrescente,Nublado,Simples,Curva,-24.75898,-50.53032,DEL03-PR,Risco Baixo,Baixa
domingo,BR-424,20.0,Pleno dia,Decrescente,Céu Claro,Simples,Reta,-8.510249,-36.92902,DEL04-PE,Risco Alto,Baixa
sexta-feira,BR-116,529.9,Pleno dia,Crescente,Céu Claro,Dupla,Reta,-19.8021,-42.13678,DEL06-MG,Risco Médio,Alta
terça-feira,BR-101,96.0,Pleno dia,Crescente,Céu Claro,Múltipla,Reta,-5.849496,-35.20891,DEL01-RN,Risco Baixo,Alta
segunda-feira,BR-110,91.8,Pleno dia,Decrescente,Céu Claro,Simples,Reta,-7.009722,-37.29385,DEL03-PB,Risco Médio,Baixa
quinta-feira,BR-116,298.3,Amanhecer,Crescente,Garoa/Chuvisco,Dupla,Reta,-23.78252,-46.91496,DEL04-SP,Risco Médio,Alta
segunda-feira,BR-381,89.0,Pleno dia,Crescente,Sol,Dupla,Não Informado,-23.49651,-46.55984,DEL03-SP,Risco Baixo,Alta
sábado,BR-235,27.8,Pleno dia,Decrescente,Nublado,Simples,Curva,-10.79428,-37.27802,DEL01-SE,Risco Médio,Baixa
sexta-feira,BR-116,6.4,Pleno dia,Decrescente,Céu Claro,Simples,Não Informado,-3.812262,-38.50039,DEL01-CE,Risco Médio,Alta
domingo,BR-476,177.7,Plena Noite,Crescente,Ignorado,Simples,Reta,-25.69613,-49.56339,DEL01-PR,Risco Médio,Baixa
sexta-feira,BR-101,113.7,Pleno dia,Decrescente,Sol,Dupla,Reta,-26.85509,-48.72692,DEL04-SC,Risco Baixo,Alta
quarta-feira,BR-153,352.0,Pleno dia,Crescente,Sol,Simples,Não Informado,-15.68216,-49.34142,DEL02-GO,Risco Médio,Alta
domingo,BR-343,104.0,Pleno dia,Decrescente,Nublado,Simples,Reta,-3.606175,-41.69355,DEL05-PI,Risco Alto,Baixa
quarta-feira,BR-101,51.6,Pleno dia,Crescente,Céu Claro,Dupla,Reta,-29.615,-50.09153,DEL03-RS,Risco Médio,Alta
sábado,BR-50,72.0,Plena Noite,Crescente,Chuva,Dupla,Reta,-18.8514,-48.25346,DEL15-MG,Risco Médio,Média
sexta-feira,BR-222,340.7,Plena Noite,Decrescente,Céu Claro,Simples,Reta,-3.876871,-41.17893,DEL04-CE,Risco Médio,Baixa
domingo,BR-116,17.0,Plena Noite,Decrescente,Nublado,Múltipla,Não Informado,-25.389,-49.1867,DEL01-PR,Risco Baixo,Alta
quinta-feira,BR-101,122.7,Plena Noite,Crescente,Céu Claro,Dupla,Não Informado,-7.450382,-34.97994,DEL01-PB,Risco Médio,Alta
domingo,BR-393,13.3,Pleno dia,Crescente,Céu Claro,Simples,Reta,-20.86836,-41.25854,DEL03-ES,Risco Médio,Média
domingo,BR-232,404.8,Amanhecer,Crescente,Nublado,Simples,Curva,-7.98983,-38.2496,DEL04-PE,Risco Médio,Baixa
terça-feira,BR-282,6.0,Pleno dia,Decrescente,Chuva,Dupla,Curva,-27.5845,-48.617,DEL01-SC,Risco Baixo,Baixa
sábado,BR-101,137.4,Pleno dia,Decrescente,Sol,Simples,Viaduto,-27.01572,-48.61193,DEL04-SC,Risco Médio,Alta
domingo,BR-163,587.0,Pleno dia,Crescente,Céu Claro,Múltipla,Reta,-13.9147,-56.0928,DEL01-MT,Risco Baixo,Alta
segunda-feira,BR-116,367.0,Plena Noite,Decrescente,Chuva,Dupla,Curva,-24.14629,-47.29334,DEL04-SP,Risco Médio,Alta
domingo,BR-381,431.0,Pleno dia,Crescente,Garoa/Chuvisco,Simples,Curva,-19.78832,-43.73176,DEL01-MG,Risco Médio,Alta
quinta-feira,BR-116,5.9,Plena Noite,Decrescente,Nublado,Dupla,Reta,-25.36583,-49.0932,DEL01-PR,Risco Alto,Alta
sábado,BR-364,411.0,Plena Noite,Decrescente,Céu Claro,Simples,Não Informado,-10.52498,-62.39404,DEL03-RO,Risco Médio,Alta
sexta-feira,BR-232,223.1,Pleno dia,Crescente,Céu Claro,Simples,Reta,-8.404365,-36.81023,DEL03-PE,Risco Médio,Baixa
domingo,BR-116,146.0,Plena Noite,Decrescente,Nublado,Dupla,Reta,-23.1901,-45.8609,DEL02-SP,Risco Baixo,Alta
segunda-feira,BR-381,513.0,Plena Noite,Crescente,Céu Claro,Múltipla,Reta,-20.09999,-44.3189,DEL01-MG,Risco Médio,Alta
quarta-feira,BR-163,484.6,Pleno dia,Crescente,Nublado,Simples,Reta,-20.44573,-54.54126,DEL01-MS,Risco Médio,Alta
quinta-feira,BR-101,270.0,Pleno dia,Crescente,Nublado,Dupla,Reta,-20.226,-40.27089,DEL02-ES,Risco Médio,Alta
terça-feira,BR-101,72.0,Pleno dia,Crescente,Sol,Simples,Reta,-21.79176,-41.38841,DEL08-RJ,Risco Médio,Alta
terça-feira,BR-262,104.6,Pleno dia,Crescente,Sol,Simples,Reta,-20.3312,-41.1303,DEL01-ES,Risco Médio,Média
sábado,BR-356,38.0,Plena Noite,Crescente,Chuva,Simples,Reta,-21.21052,-41.85951,DEL08-RJ,Risco Alto,Baixa
terça-feira,BR-10,354.9,Plena Noite,Decrescente,Nublado,Simples,Reta,-1.356462,-47.57423,DEL01-PA,Risco Médio,Baixa
domingo,BR-304,37.3,Plena Noite,Crescente,Céu Claro,Dupla,Reta,-5.173674,-37.36131,DEL04-RN,Risco Médio,Baixa
segunda-feira,BR-470,187.0,Pleno dia,Crescente,Céu Claro,Simples,Curva,-29.00751,-51.55778,DEL06-RS,Risco Baixo,Baixa
segunda-feira,BR-282,4.5,Pleno dia,Crescente,Sol,Dupla,Reta,-27.59183,-48.60598,DEL01-SC,Risco Médio,Baixa
sábado,BR-476,146.0,Plena Noite,Decrescente,Céu Claro,Dupla,Reta,-25.55119,-49.33011,DEL01-PR,Risco Alto,Baixa
segunda-feira,BR-163,83.0,Plena Noite,Crescente,Céu Claro,Dupla,Não Informado,-16.7911,-54.6724,DEL02-MT,Risco Médio,Alta
sexta-feira,BR-381,873.2,Pleno dia,Decrescente,Céu Claro,Dupla,Curva,-22.422,-45.9667,DEL16-MG,Risco Baixo,Alta
terça-feira,BR-153,514.2,Plena Noite,Crescente,Garoa/Chuvisco,Dupla,Interseção de vias,-16.82688,-49.24252,DEL01-GO,Risco Baixo,Alta
quinta-feira,BR-101,213.9,Plena Noite,Crescente,Céu Claro,Múltipla,Reta,-27.6446,-48.6705,DEL01-SC,Risco Baixo,Alta
quarta-feira,BR-222,18.4,Pleno dia,Crescente,Nublado,Simples,Reta,-3.749233,-38.71924,DEL01-CE,Risco Médio,Baixa
terça-feira,BR-364,711.0,Pleno dia,Decrescente,Céu Claro,Dupla,Reta,-8.782,-63.8647,DEL01-RO,Risco Baixo,Alta
domingo,BR-290,369.0,Pleno dia,Crescente,Céu Claro,Simples,Não Informado,-30.34247,-53.84974,DEL09-RS,Risco Médio,Baixa
domingo,BR-101,193.0,Plena Noite,Decrescente,Garoa/Chuvisco,Simples,Reta,-27.48957,-48.65591,DEL01-SC,Risco Baixo,Alta
sexta-feira,BR-153,508.0,Pleno dia,Decrescente,Céu Claro,Simples,Reta,-16.7804,-49.2371,DEL01-GO,Risco Médio,Alta
domingo,BR-262,519.0,Pleno dia,Crescente,Céu Claro,Simples,Reta,-19.79063,-45.6103,DEL08-MG,Risco Médio,Média
domingo,BR-163,42.1,Pleno dia,Decrescente,Nublado,Simples,Desvio Temporário,-23.78171,-54.28498,DEL09-MS,Risco Baixo,Alta
terça-feira,BR-222,313.0,Plena Noite,Decrescente,Céu Claro,Simples,Reta,-3.723614,-40.9967,DEL04-CE,Risco Médio,Baixa
quarta-feira,BR-104,22.4,Pleno dia,Crescente,Céu Claro,Simples,Curva,-9.073717,-36.03703,DEL01-AL,Risco Médio,Baixa
sábado,BR-20,163.8,Plena Noite,Crescente,Nublado,Simples,Reta,-14.59584,-46.59422,DEL02-DF,Risco Médio,Baixa
sábado,BR-262,436.4,Pleno dia,Decrescente,Céu Claro,Dupla,Curva,-19.89784,-44.86032,DEL08-MG,Risco Médio,Média
sábado,BR-101,119.0,Anoitecer,Crescente,Céu Claro,Dupla,Reta,-26.9128,-48.7118,DEL04-SC,Risco Médio,Alta
sexta-feira,BR-376,173.7,Pleno dia,Crescente,Nublado,Dupla,Desvio Temporário,-23.41836,-51.97409,DEL07-PR,Risco Médio,Baixa
quinta-feira,BR-101,40.9,Pleno dia,Decrescente,Céu Claro,Dupla,Curva,-9.163779,-35.77035,DEL01-AL,Risco Médio,Alta
sexta-feira,BR-153,498.9,Plena Noite,Decrescente,Nublado,Simples,Não Informado,-10.18391,-48.88017,DEL01-TO,Risco Alto,Alta
quarta-feira,BR-101,337.8,Pleno dia,Decrescente,Nublado,Dupla,Não Informado,-28.49644,-49.04421,DEL02-SC,Risco Médio,Alta
sexta-feira,BR-282,4.0,Pleno dia,Crescente,Céu Claro,Dupla,Curva,-27.59265,-48.60403,DEL01-SC,Risco Médio,Baixa
segunda-feira,BR-392,352.4,Pleno dia,Crescente,Céu Claro,Simples,Reta,-29.7204,-53.80763,DEL09-RS,Risco Médio,Média
domingo,BR-116,479.6,Plena Noite,Decrescente,Nublado,Simples,Reta,-19.38339,-42.11227,DEL06-MG,Risco Médio,Alta
segunda-feira,BR-50,56.0,Pleno dia,Decrescente,Céu Claro,Dupla,Reta,-18.7819,-48.2362,DEL15-MG,Risco Médio,Média
sexta-feira,BR-324,609.0,Pleno dia,Crescente,Chuva,Dupla,Reta,-12.8303,-38.41087,DEL01-BA,Risco Baixo,Baixa
segunda-feira,BR-116,3.3,Pleno dia,Decrescente,Céu Claro,Múltipla,Reta,-3.778665,-38.5149,DEL01-CE,Risco Médio,Alta
terça-feira,BR-280,293.2,Pleno dia,Crescente,Céu Claro,Simples,Curva,-26.25672,-53.31182,DEL02-PR,Risco Baixo,Baixa
quinta-feira,BR-101,314.0,Pleno dia,Crescente,Nublado,Dupla,Reta,-22.8164,-43.07745,DEL02-RJ,Risco Médio,Alta
quinta-feira,BR-10,252.5,Pleno dia,Crescente,Céu Claro,Simples,Reta,-5.53562,-47.46959,DEL04-MA,Risco Baixo,Baixa
sábado,BR-101,21.1,Plena Noite,Crescente,Garoa/Chuvisco,Dupla,Curva,-26.14924,-48.90907,DEL03-SC,Risco Baixo,Alta
terça-feira,BR-280,68.0,Pleno dia,Crescente,Céu Claro,Simples,Reta,-26.46689,-49.12451,DEL03-SC,Risco Médio,Baixa
domingo,BR-40,569.8,Pleno dia,Decrescente,Céu Claro,Simples,Não Informado,-20.20394,-43.97409,DEL01-MG,Risco Médio,Alta
sexta-feira,BR-135,8.0,Pleno dia,Decrescente,Céu Claro,Dupla,Reta,-2.643494,-44.27357,DEL01-MA,Risco Alto,Baixa
domingo,BR-101,224.0,Pleno dia,Decrescente,Sol,Dupla,Reta,-27.72385,-48.64387,DEL01-SC,Risco Médio,Alta
terça-feira,BR-116,215.0,Pleno dia,Crescente,Garoa/Chuvisco,Dupla,Reta,-23.44696,-46.45394,DEL01-SP,Risco Médio,Alta
quarta-feira,BR-369,201.3,Pleno dia,Crescente,Garoa/Chuvisco,Simples,Reta,-23.53692,-51.45667,DEL07-PR,Risco Médio,Baixa
quarta-feira,BR-242,292.0,Pleno dia,Decrescente,Ignorado,Simples,Curva,-12.44545,-40.85732,DEL06-BA,Risco Médio,Baixa
sábado,BR-262,115.0,Pleno dia,Crescente,Nublado,Simples,Interseção de vias,-20.31847,-41.22539,DEL01-ES,Risco Médio,Média
quarta-feira,BR-116,126.0,Plena Noite,Decrescente,Nevoeiro/Neblina,Dupla,Não Informado,-25.6039,-49.31824,DEL01-PR,Risco Médio,Alta
quinta-feira,BR-290,722.6,Plena Noite,Crescente,Céu Claro,Simples,Reta,-29.75297,-57.06953,DEL13-RS,Risco Alto,Baixa
sábado,BR-226,10.0,Pleno dia,Crescente,Céu Claro,Simples,Reta,-5.841991,-35.29535,DEL01-RN,Risco Médio,Baixa
quinta-feira,BR-153,515.0,Pleno dia,Crescente,Céu Claro,Dupla,Retorno Regulamentado,-16.83248,-49.2436,DEL01-GO,Risco Médio,Alta
sábado,BR-101,5.0,Pleno dia,Decrescente,Chuva,Simples,Reta,-8.214314,-34.96412,DEL01-PE,Risco Alto,Alta
sexta-feira,BR-230,120.0,Plena Noite,Decrescente,Céu Claro,Dupla,Ponte,-5.357452,-49.12262,DEL03-PA,Risco Médio,Baixa
domingo,BR-373,272.9,Plena Noite,Crescente,Céu Claro,Simples,Curva,-25.24146,-51.04379,DEL08-PR,Risco Médio,Baixa
sábado,BR-101,480.0,Amanhecer,Decrescente,Chuva,Simples,Curva,-23.01402,-44.28558,DEL03-RJ,Risco Médio,Alta
domingo,BR-40,656.3,Pleno dia,Decrescente,Céu Claro,Dupla,Curva,-20.88173,-43.80365,DEL05-MG,Risco Baixo,Alta
terça-feira,BR-101,371.0,Pleno dia,Decrescente,Céu Claro,Dupla,Reta,-28.69798,-49.18489,DEL02-SC,Risco Baixo,Alta
terça-feira,BR-401,95.0,Pleno dia,Decrescente,Céu Claro,Simples,Desvio Temporário,3.0,-60.0,DEL01-RR,Risco Alto,Baixa
quinta-feira,BR-373,173.9,Pleno dia,Decrescente,Sol,Dupla,Reta,-25.07573,-50.21005,DEL03-PR,Risco Médio,Baixa
sexta-feira,BR-235,523.0,Pleno dia,Decrescente,Céu Claro,Simples,Curva,-9.568886,-42.05695,DEL04-BA,Risco Médio,Baixa
terça-feira,BR-153,519.5,Plena Noite,Crescente,Céu Claro,Dupla,Não Informado,-16.87588,-49.25236,DEL01-GO,Risco Baixo,Alta
domingo,BR-459,98.0,Anoitecer,Crescente,Nublado,Simples,Reta,-22.20206,-45.96096,DEL16-MG,Risco Médio,Baixa
sexta-feira,BR-116,375.7,Plena Noite,Crescente,Céu Claro,Simples,Reta,-6.405386,-38.84573,DEL05-CE,Risco Médio,Alta
sexta-feira,BR-242,492.0,Pleno dia,Crescente,Céu Claro,Dupla,Desvio Temporário,-12.40243,-42.38804,DEL06-BA,Risco Médio,Baixa
quarta-feira,BR-282,85.5,Pleno dia,Crescente,Chuva,Simples,Não Informado,-27.66561,-49.18817,DEL01-SC,Risco Médio,Baixa
segunda-feira,BR-50,98.0,Plena Noite,Decrescente,Nublado,Dupla,Reta,-19.11944,-48.17558,DEL15-MG,Risco Baixo,Média
quarta-feira,BR-373,223.5,Pleno dia,Crescente,Nublado,Dupla,Curva,-25.18058,-50.59711,DEL03-PR,Risco Baixo,Baixa
segunda-feira,BR-116,528.0,Pleno dia,Decrescente,Chuva,Simples,Reta,-30.34457,-51.42852,DEL07-RS,Risco Médio,Alta
sexta-feira,BR-101,309.0,Pleno dia,Decrescente,Céu Claro,Dupla,Reta,-22.79499,-43.03446,DEL02-RJ,Risco Médio,Alta
quinta-feira,BR-376,625.3,Pleno dia,Crescente,Nublado,Dupla,Não Informado,-25.66394,-49.1541,DEL01-PR,Risco Médio,Baixa
quarta-feira,BR-242,410.0,Amanhecer,Decrescente,Chuva,Simples,Reta,-12.45203,-41.75055,DEL06-BA,Risco Médio,Baixa
domingo,BR-101,91.0,Pleno dia,Crescente,Nublado,Dupla,Reta,-8.2308,-34.9969,DEL01-PE,Risco Médio,Alta
sexta-feira,BR-101,207.0,Pleno dia,Crescente,Céu Claro,Simples,Interseção de vias,-27.60001,-48.62265,DEL01-SC,Risco Médio,Alta
segunda-feira,BR-101,120.9,Plena Noite,Crescente,Céu Claro,Dupla,Não Informado,-7.435226,-34.97278,DEL01-PB,Risco Médio,Alta
domingo,BR-153,336.7,Plena Noite,Decrescente,Nublado,Simples,Reta,-25.50781,-50.65169,DEL03-PR,Risco Baixo,Alta
segunda-feira,BR-316,596.2,Plena Noite,Decrescente,Chuva,Simples,Reta,-5.017139,-42.98926,DEL03-MA,Risco Médio,Baixa
sexta-feira,BR-282,457.7,Plena Noite,Decrescente,Céu Claro,Simples,Curva,-26.8806,-52.01337,DEL07-SC,Risco Médio,Baixa
sexta-feira,BR-287,248.9,Plena Noite,Decrescente,Chuva,Simples,Reta,-29.69602,-53.85096,DEL09-RS,Risco Médio,Baixa
sexta-feira,BR-116,256.8,Plena Noite,Decrescente,Céu Claro,Dupla,Reta,-22.59137,-44.06644,DEL07-RJ,Risco Médio,Alta
quinta-feira,BR-304,47.0,Anoitecer,Crescente,Nublado,Dupla,Reta,-5.225972,-37.33087,DEL04-RN,Risco Médio,Baixa
sexta-feira,BR-262,119.1,Pleno dia,Crescente,Chuva,Simples,Curva,-20.30782,-41.23182,DEL01-ES,Risco Médio,Média
quinta-feira,BR-50,99.0,Pleno dia,Decrescente,Chuva,Dupla,Desvio Temporário,-16.9309,-47.7117,DEL01-DF,Risco Baixo,Média
sexta-feira,BR-319,48.8,Amanhecer,Decrescente,Sol,Simples,Reta,-8.708432,-63.98668,DEL01-RO,Risco Médio,Baixa
sexta-feira,BR-316,25.8,Plena Noite,Decrescente,Céu Claro,Simples,Reta,-5.295443,-42.71211,DEL01-PI,Risco Médio,Baixa
terça-feira,BR-262,360.0,Pleno dia,Decrescente,Céu Claro,Simples,Reta,-20.52484,-54.71056,DEL01-MS,Risco Médio,Média
segunda-feira,BR-101,296.0,Plena Noite,Decrescente,Nublado,Dupla,Reta,-22.76705,-42.9102,DEL02-RJ,Risco Médio,Alta
sexta-feira,BR-465,19.4,Plena Noite,Crescente,Nublado,Simples,Reta,-22.83918,-43.61045,DEL01-RJ,Risco Médio,Baixa
quarta-feira,BR-70,520.0,Pleno dia,Crescente,Chuva,Simples,Reta,-15.6478,-56.1332,DEL01-MT,Risco Médio,Baixa
segunda-feira,BR-135,17.2,Plena Noite,Crescente,Garoa/Chuvisco,Simples,Desvio Temporário,-2.53073,-44.3068,DEL01-MA,Risco Baixo,Baixa
terça-feira,BR-158,198.9,Plena Noite,Decrescente,Céu Claro,Simples,Interseção de vias,-28.67613,-53.59406,DEL10-RS,Risco Médio,Baixa
segunda-feira,BR-316,13.0,Pleno dia,Decrescente,Nublado,Dupla,Reta,-1.367067,-48.32789,DEL01-PA,Risco Baixo,Baixa
terça-feira,BR-101,308.0,Amanhecer,Crescente,Ignorado,Dupla,Reta,-22.7931,-43.02481,DEL02-RJ,Risco Médio,Alta
domingo,BR-101,215.0,Pleno dia,Decrescente,Céu Claro,Simples,Reta,-12.62882,-39.09199,DEL01-BA,Risco Médio,Alta
quinta-feira,BR-163,682.0,Pleno dia,Crescente,Nublado,Simples,Reta,-13.22457,-56.00446,DEL06-MT,Risco Médio,Alta
quinta-feira,BR-343,339.9,Pleno dia,Decrescente,Céu Claro,Simples,Interseção de vias,-5.073341,-42.73568,DEL01-PI,Risco Médio,Baixa
sábado,BR-116,270.8,Pleno dia,Crescente,Nublado,Múltipla,Reta,-23.61809,-46.80556,DEL04-SP,Risco Médio,Alta
quinta-feira,BR-381,943.7,Amanhecer,Crescente,Nublado,Dupla,Reta,-22.84391,-46.33092,DEL16-MG,Risco Médio,Alta
sexta-feira,BR-251,441.3,Pleno dia,Crescente,Sol,Simples,Reta,-16.4052,-43.221,DEL12-MG,Risco Médio,Baixa
domingo,BR-116,98.0,Plena Noite,Crescente,Céu Claro,Dupla,Reta,-25.51973,-49.13432,DEL01-PR,Risco Baixo,Alta
sexta-feira,BR-381,77.0,Plena Noite,Decrescente,Céu Claro,Dupla,Reta,-23.3927,-46.5714,DEL03-SP,Risco Baixo,Alta
domingo,BR-163,1029.0,Plena Noite,Crescente,Céu Claro,Simples,Reta,-10.251,-54.994,DEL06-MT,Risco Baixo,Alta
sexta-feira,BR-101,137.0,Plena Noite,Crescente,Céu Claro,Múltipla,Reta,-27.0157,-48.6119,DEL04-SC,Risco Médio,Alta
domingo,BR-116,237.0,Pleno dia,Decrescente,Sol,Dupla,Reta,-22.66483,-43.8735,DEL07-RJ,Risco Alto,Alta
sexta-feira,BR-116,126.4,Amanhecer,Crescente,Garoa/Chuvisco,Dupla,Reta,-25.64068,-49.31301,DEL01-PR,Risco Baixo,Alta
sábado,BR-40,508.8,Plena Noite,Decrescente,Chuva,Dupla,Reta,-19.76061,-44.13475,DEL01-MG,Risco Médio,Alta
sexta-feira,BR-116,51.1,Amanhecer,Crescente,Chuva,Dupla,Curva,-25.24361,-48.90249,DEL01-PR,Risco Baixo,Alta
terça-feira,BR-230,361.5,Pleno dia,Crescente,Céu Claro,Simples,Reta,-7.214147,-45.83724,DEL05-MA,Risco Alto,Baixa
sábado,BR-376,631.0,Pleno dia,Crescente,Céu Claro,Dupla,Reta,-25.70434,-49.14199,DEL01-PR,Risco Baixo,Baixa
segunda-feira,BR-381,5.0,Pleno dia,Crescente,Céu Claro,Dupla,Reta,-19.98801,-44.18654,DEL01-MG,Risco Baixo,Alta
domingo,BR-376,185.9,Pleno dia,Crescente,Céu Claro,Dupla,Reta,-23.44159,-51.87067,DEL07-PR,Risco Médio,Baixa
domingo,BR-116,551.1,Pleno dia,Decrescente,Céu Claro,Simples,Desvio Temporário,-19.97729,-42.13902,DEL06-MG,Risco Médio,Alta
quarta-feira,BR-116,127.0,Pleno dia,Decrescente,Nublado,Dupla,Reta,-25.6039,-49.31824,DEL01-PR,Risco Médio,Alta
domingo,BR-365,159.0,Plena Noite,Crescente,Céu Claro,Simples,Reta,-17.33065,-44.89705,DEL12-MG,Risco Médio,Média
segunda-feira,BR-40,747.3,Pleno dia,Crescente,Céu Claro,Simples,Não Informado,-21.43287,-43.55222,DEL05-MG,Risco Médio,Alta
quinta-feira,BR-376,12.4,Pleno dia,Crescente,Céu Claro,Dupla,Reta,-23.39389,-51.8891,DEL07-PR,Risco Alto,Baixa
domingo,BR-476,128.0,Pleno dia,Decrescente,Céu Claro,Múltipla,Curva,-25.4361,-49.234,DEL01-PR,Risco Baixo,Baixa
sexta-feira,BR-277,346.0,Plena Noite,Crescente,Nublado,Simples,Reta,-25.33928,-51.4288,DEL08-PR,Risco Médio,Média
quarta-feira,BR-324,620.0,Pleno dia,Decrescente,Céu Claro,Dupla,Interseção de vias,-12.9167,-38.46224,DEL01-BA,Risco Médio,Baixa
segunda-feira,BR-392,343.0,Pleno dia,Crescente,Céu Claro,Simples,Reta,-29.79635,-53.77914,DEL09-RS,Risco Médio,Média
sexta-feira,BR-381,503.0,Pleno dia,Decrescente,Ignorado,Dupla,Reta,-20.03855,-44.25495,DEL01-MG,Risco Médio,Alta
sábado,BR-153,11.0,Plena Noite,Decrescente,Céu Claro,Simples,Reta,-23.08445,-49.93637,DEL07-PR,Risco Baixo,Alta
sexta-feira,BR-116,412.5,Plena Noite,Crescente,Céu Claro,Múltipla,Retorno Regulamentado,-18.85114,-41.97829,DEL06-MG,Risco Médio,Alta
terça-feira,BR-381,484.4,Plena Noite,Crescente,Céu Claro,Dupla,Retorno Regulamentado,-19.95532,-44.11722,DEL01-MG,Risco Alto,Alta
sexta-feira,BR-116,165.6,Pleno dia,Crescente,Chuva,Dupla,Reta,-23.29743,-46.00946,DEL02-SP,Risco Baixo,Alta
quarta-feira,BR-158,473.1,Anoitecer,Crescente,Chuva,Simples,Não Informado,-13.30332,-51.97933,DEL07-MT,Risco Alto,Baixa
sexta-feira,BR-116,339.0,Amanhecer,Decrescente,Céu Claro,Simples,Reta,-23.99839,-47.14927,DEL04-SP,Risco Baixo,Alta
terça-feira,BR-116,212.0,Pleno dia,Crescente,Nublado,Múltipla,Não Informado,-23.43608,-46.42805,DEL01-SP,Risco Médio,Alta
terça-feira,BR-467,115.2,Pleno dia,Decrescente,Sol,Dupla,Reta,-24.9523,-53.41434,DEL04-PR,Risco Médio,Baixa
sexta-feira,BR-40,817.0,Pleno dia,Decrescente,Céu Claro,Dupla,Reta,-21.9386,-43.3088,DEL05-MG,Risco Baixo,Alta