dia_semana,br,km,fase_dia,sentido_via,condicao_metereologica,tipo_pista,tracado_via,latitude,longitude,delegacia,classificacao_acidente,postos_policiais_PRF
segunda-feira,BR-343,15.3,Plena Noite,Decrescente,Céu Claro,Dupla,Reta,-2.939671,-41.75545,DEL05-PI,Risco Baixo,Baixa
domingo,BR-476,123.2,Plena Noite,Crescente,Nublado,Múltipla,Reta,-25.39384,-49.21038,DEL01-PR,Risco Alto,Baixa
domingo,BR-101,285.0,Amanhecer,Crescente,Céu Claro,Múltipla,Não Informado,-20.25148,-40.3727,DEL01-ES,Risco Médio,Alta
sábado,BR-101,47.1,Pleno dia,Decrescente,Sol,Múltipla,Reta,-7.882907,-34.90461,DEL01-PE,Risco Médio,Alta
sexta-feira,BR-381,495.7,Plena Noite,Decrescente,Nublado,Dupla,Reta,-19.9751,-44.19078,DEL01-MG,Risco Médio,Alta
quarta-feira,BR-101,239.0,Pleno dia,Decrescente,Céu Claro,Dupla,Curva,-27.8602,-48.6446,DEL01-SC,Risco Baixo,Alta
terça-feira,BR-116,494.8,Pleno dia,Crescente,Nublado,Simples,Não Informado,-19.51189,-42.12804,DEL06-MG,Risco Alto,Alta
segunda-feira,BR-116,264.0,Plena Noite,Decrescente,Céu Claro,Múltipla,Reta,-29.91444,-51.17754,DEL01-RS,Risco Médio,Alta
sexta-feira,BR-101,211.3,Plena Noite,Crescente,Céu Claro,Simples,Reta,-27.62329,-48.65246,DEL01-SC,Risco Médio,Alta
quarta-feira,BR-101,271.0,Amanhecer,Crescente,Céu Claro,Dupla,Reta,-22.72443,-42.69368,DEL02-RJ,Risco Médio,Alta
domingo,BR-153,217.0,Amanhecer,Crescente,Ignorado,Simples,Não Informado,-7.793785,-48.46126,DEL02-TO,Risco Alto,Alta
sábado,BR-480,126.7,Plena Noite,Crescente,Céu Claro,Dupla,Não Informado,-27.02008,-52.63602,DEL07-SC,Risco Baixo,Baixa
quinta-feira,BR-110,367.0,Plena Noite,Crescente,Céu Claro,Simples,Reta,-12.40824,-38.39684,DEL01-BA,Risco Médio,Baixa
quarta-feira,BR-174,583.0,Plena Noite,Crescente,Céu Claro,Simples,Reta,-12.88868,-60.05735,DEL04-RO,Risco Alto,Baixa
quinta-feira,BR-232,41.3,Pleno dia,Decrescente,Céu Claro,Dupla,Reta,-8.115167,-35.25073,DEL01-PE,Risco Baixo,Baixa
quinta-feira,BR-293,15.0,Amanhecer,Crescente,Céu Claro,Simples,Interseção de vias,-31.74887,-52.47854,DEL07-RS,Risco Médio,Baixa
quinta-feira,BR-153,100.0,Pleno dia,Crescente,Céu Claro,Simples,Reta,-27.24264,-51.95171,DEL07-SC,Risco Médio,Alta
sexta-feira,BR-116,484.3,Amanhecer,Decrescente,Céu Claro,Dupla,Reta,-24.72208,-48.0685,DEL05-SP,Risco Baixo,Alta
segunda-feira,BR-116,517.0,Plena Noite,Crescente,Chuva,Simples,Reta,-31.67909,-52.34257,DEL07-RS,Risco Baixo,Alta
quinta-feira,BR-230,334.0,Pleno dia,Crescente,Céu Claro,Simples,Rotatória,-7.018598,-37.25922,DEL03-PB,Risco Baixo,Baixa
domingo,BR-116,816.0,Plena Noite,Crescente,Céu Claro,Simples,Reta,-14.8156,-40.8034,DEL08-BA,Risco Médio,Alta
segunda-feira,BR-376,678.8,Pleno dia,Crescente,Garoa/Chuvisco,Dupla,Curva,-25.94235,-48.90907,DEL01-PR,Risco Médio,Baixa
quarta-feira,BR-476,131.0,Plena Noite,Crescente,Céu Claro,Múltipla,Reta,-25.4544,-49.2475,DEL01-PR,Risco Médio,Baixa
domingo,BR-365,436.5,Pleno dia,Decrescente,Céu Claro,Simples,Não Informado,-18.77923,-46.70104,DEL10-MG,Risco Alto,Média
segunda-feira,BR-222,150.8,Amanhecer,Crescente,Céu Claro,Simples,Reta,-3.747336,-39.79028,DEL04-CE,Risco Médio,Baixa
sábado,BR-101,103.0,Pleno dia,Crescente,Céu Claro,Dupla,Reta,-7.3089,-34.9437,DEL01-PB,Risco Médio,Alta
segunda-feira,BR-101,876.0,Pleno dia,Crescente,Chuva,Simples,Reta,-17.53162,-39.71083,DEL09-BA,Risco Médio,Alta
segunda-feira,BR-101,409.0,Pleno dia,Crescente,Céu Claro,Dupla,Curva,-28.92302,-49.50272,DEL02-SC,Risco Médio,Alta
terça-feira,BR-116,466.9,Plena Noite,Decrescente,Céu Claro,Dupla,Reta,-24.64955,-47.93404,DEL05-SP,Risco Médio,Alta
domingo,BR-70,680.0,Plena Noite,Crescente,Garoa/Chuvisco,Simples,Reta,-16.12251,-57.31056,DEL03-MT,Risco Baixo,Baixa
quinta-feira,BR-116,274.9,Plena Noite,Decrescente,Céu Claro,Dupla,Reta,-23.63445,-46.82419,DEL04-SP,Risco Médio,Alta
quinta-feira,BR-116,88.0,Pleno dia,Decrescente,Céu Claro,Dupla,Não Informado,-25.44781,-49.09097,DEL01-PR,Risco Médio,Alta
quarta-feira,BR-153,729.7,Plena Noite,Decrescente,Garoa/Chuvisco,Simples,Reta,-12.19876,-49.1562,DEL01-TO,Risco Alto,Alta
sábado,BR-381,912.8,Pleno dia,Decrescente,Chuva,Dupla,Curva,-22.74838,-46.13961,DEL16-MG,Risco Médio,Alta
segunda-feira,BR-116,190.0,Pleno dia,Decrescente,Nublado,Dupla,Reta,-23.36822,-46.23367,DEL01-SP,Risco Médio,Alta
quarta-feira,BR-163,473.0,Pleno dia,Crescente,Céu Claro,Simples,Reta,-20.53459,-54.56411,DEL01-MS,Risco Médio,Alta
sexta-feira,BR-476,121.0,Pleno dia,Crescente,Garoa/Chuvisco,Dupla,Reta,-25.37922,-49.19768,DEL01-PR,Risco Médio,Baixa
sexta-feira,BR-470,138.1,Pleno dia,Decrescente,Céu Claro,Simples,Interseção de vias,-27.19446,-49.62439,DEL04-SC,Risco Médio,Baixa
sábado,BR-116,36.1,Plena Noite,Decrescente,Ignorado,Simples,Não Informado,-15.94951,-41.40265,DEL11-MG,Risco Médio,Alta
sexta-feira,BR-470,48.7,Pleno dia,Decrescente,Sol,Simples,Reta,-26.85982,-49.05539,DEL04-SC,Risco Médio,Baixa
domingo,BR-153,2.3,Pleno dia,Decrescente,Céu Claro,Simples,Não Informado,-25.19955,-50.59823,DEL03-PR,Risco Alto,Alta
terça-feira,BR-163,288.0,Anoitecer,Crescente,Nublado,Múltipla,Não Informado,-24.5209,-54.06703,DEL06-PR,Risco Médio,Alta
segunda-feira,BR-376,3.0,Pleno dia,Decrescente,Céu Claro,Simples,Reta,-23.51548,-51.69394,DEL07-PR,Risco Médio,Baixa
quinta-feira,BR-101,431.0,Plena Noite,Crescente,Chuva,Simples,Não Informado,-22.93295,-44.02007,DEL03-RJ,Risco Médio,Alta
sábado,BR-101,46.0,Plena Noite,Decrescente,Céu Claro,Múltipla,Reta,-7.87503,-34.9059,DEL01-PE,Risco Médio,Alta
segunda-feira,BR-381,498.9,Pleno dia,Crescente,Céu Claro,Múltipla,Reta,-20.0019,-44.21182,DEL01-MG,Risco Médio,Alta
domingo,BR-158,558.1,Pleno dia,Crescente,Sol,Simples,Não Informado,-30.84213,-55.43315,DEL11-RS,Risco Médio,Baixa
sexta-feira,BR-40,8.0,Plena Noite,Decrescente,Céu Claro,Dupla,Reta,-16.11616,-47.96761,DEL01-DF,Risco Médio,Alta
terça-feira,BR-381,512.1,Anoitecer,Crescente,Nublado,Dupla,Reta,-20.0924,-44.31458,DEL01-MG,Risco Médio,Alta
sábado,BR-101,60.0,Plena Noite,Decrescente,Céu Claro,Simples,Reta,-21.72047,-41.31446,DEL08-RJ,Risco Médio,Alta
quarta-feira,BR-40,24.0,Pleno dia,Decrescente,Céu Claro,Dupla,Interseção de vias,-16.25274,-47.90044,DEL01-DF,Risco Médio,Alta
sábado,BR-324,446.0,Pleno dia,Decrescente,Céu Claro,Simples,Não Informado,-11.85701,-39.32949,DEL02-BA,Risco Baixo,Baixa
domingo,BR-262,395.1,Amanhecer,Decrescente,Céu Claro,Dupla,Reta,-19.89557,-44.56629,DEL01-MG,Risco Médio,Média
sábado,BR-277,584.0,Amanhecer,Crescente,Céu Claro,Simples,Rotatória,-24.96684,-53.40258,DEL04-PR,Risco Baixo,Média
segunda-feira,BR-101,350.5,Plena Noite,Decrescente,Céu Claro,Dupla,Não Informado,-28.60019,-49.05159,DEL02-SC,Risco Médio,Alta
quinta-feira,BR-163,466.2,Plena Noite,Decrescente,Céu Claro,Simples,Rotatória,-20.58257,-54.58288,DEL01-MS,Risco Médio,Alta
sexta-feira,BR-101,258.0,Pleno dia,Crescente,Céu Claro,Dupla,Reta,-20.1306,-40.2961,DEL02-ES,Risco Médio,Alta
quarta-feira,BR-317,142.0,Amanhecer,Crescente,Nublado,Simples,Reta,-10.53743,-67.66994,DEL01-AC,Risco Médio,Baixa
terça-feira,BR-280,77.0,Plena Noite,Decrescente,Garoa/Chuvisco,Simples,Curva,-26.45514,-49.18726,DEL03-SC,Risco Médio,Baixa
sexta-feira,BR-376,629.0,Plena Noite,Decrescente,Garoa/Chuvisco,Dupla,Reta,-25.6897,-49.1459,DEL01-PR,Risco Baixo,Baixa
domingo,BR-316,202.3,Plena Noite,Crescente,Ignorado,Simples,Reta,-9.576854,-36.30326,DEL03-AL,Risco Médio,Baixa
domingo,BR-282,138.7,Plena Noite,Decrescente,Céu Claro,Simples,Reta,-27.82619,-49.57621,DEL05-SC,Risco Médio,Baixa
sexta-feira,BR-60,18.2,Pleno dia,Crescente,Chuva,Simples,Curva,-15.97621,-48.19856,DEL01-DF,Risco Médio,Média
domingo,BR-20,72.0,Anoitecer,Crescente,Céu Claro,Simples,Interseção de vias,-15.14836,-47.13538,DEL02-DF,Risco Médio,Baixa
terça-feira,BR-242,278.0,Plena Noite,Crescente,Céu Claro,Simples,Reta,-12.44856,-40.70098,DEL06-BA,Risco Baixo,Baixa
segunda-feira,BR-101,49.5,Anoitecer,Decrescente,Céu Claro,Simples,Não Informado,-26.3648,-48.85879,DEL03-SC,Risco Médio,Alta
quinta-feira,BR-316,244.0,Plena Noite,Decrescente,Céu Claro,Simples,Reta,-9.51022,-36.00471,DEL01-AL,Risco Médio,Baixa
sábado,BR-428,142.8,Pleno dia,Decrescente,Nublado,Simples,Reta,-9.02114,-40.28256,DEL06-PE,Risco Baixo,Baixa
sábado,BR-101,376.0,Plena Noite,Decrescente,Céu Claro,Simples,Curva,-20.73481,-40.75282,DEL03-ES,Risco Baixo,Alta
sexta-feira,BR-40,769.0,Pleno dia,Crescente,Chuva,Simples,Reta,-21.58923,-43.45835,DEL05-MG,Risco Médio,Alta
sexta-feira,BR-369,115.1,Pleno dia,Crescente,Céu Claro,Simples,Reta,-23.27971,-50.85426,DEL07-PR,Risco Médio,Baixa
terça-feira,BR-40,525.0,Pleno dia,Crescente,Nublado,Dupla,Reta,-19.88362,-44.05039,DEL01-MG,Risco Médio,Alta
quarta-feira,BR-381,946.0,Plena Noite,Decrescente,Céu Claro,Dupla,Reta,-22.87479,-46.36656,DEL16-MG,Risco Médio,Alta
quarta-feira,BR-101,207.0,Pleno dia,Crescente,Céu Claro,Múltipla,Reta,-27.59951,-48.62199,DEL01-SC,Risco Baixo,Alta
segunda-feira,BR-153,438.2,Plena Noite,Decrescente,Céu Claro,Dupla,Reta,-16.2916,-48.93481,DEL02-GO,Risco Baixo,Alta
sexta-feira,BR-465,21.0,Pleno dia,Decrescente,Céu Claro,Dupla,Reta,-22.85478,-43.60193,DEL01-RJ,Risco Baixo,Baixa
domingo,BR-70,2.0,Pleno dia,Crescente,Céu Claro,Dupla,Reta,-15.8852,-52.2713,DEL07-MT,Risco Baixo,Baixa
terça-feira,BR-116,4.5,Plena Noite,Decrescente,Céu Claro,Simples,Rotatória,-26.1397,-49.81296,DEL06-SC,Risco Baixo,Alta
sábado,BR-158,552.0,Plena Noite,Crescente,Céu Claro,Simples,Reta,-13.9283,-52.09721,DEL07-MT,Risco Baixo,Baixa
sexta-feira,BR-365,552.0,Amanhecer,Crescente,Céu Claro,Simples,Não Informado,-18.93028,-47.70424,DEL15-MG,Risco Médio,Média
sexta-feira,BR-60,36.9,Plena Noite,Crescente,Céu Claro,Dupla,Reta,-16.73597,-49.34757,DEL01-DF,Risco Médio,Média
terça-feira,BR-101,331.0,Pleno dia,Decrescente,Céu Claro,Dupla,Reta,-22.86766,-43.19534,DEL02-RJ,Risco Médio,Alta
sábado,BR-40,548.0,Pleno dia,Decrescente,Céu Claro,Dupla,Reta,-20.03136,-43.96968,DEL01-MG,Risco Médio,Alta
quarta-feira,BR-116,143.1,Plena Noite,Decrescente,Céu Claro,Dupla,Reta,-23.1785,-45.83787,DEL06-SP,Risco Médio,Alta
sexta-feira,BR-280,50.2,Pleno dia,Crescente,Garoa/Chuvisco,Simples,Curva,-26.46195,-48.94618,DEL03-SC,Risco Médio,Baixa
quinta-feira,BR-324,511.6,Pleno dia,Crescente,Céu Claro,Dupla,Reta,-12.23141,-38.95924,DEL02-BA,Risco Médio,Baixa
domingo,BR-116,238.0,Plena Noite,Crescente,Céu Claro,Dupla,Reta,-29.6874,-51.14197,DEL01-RS,Risco Baixo,Alta
terça-feira,BR-101,213.0,Pleno dia,Decrescente,Céu Claro,Dupla,Reta,-27.63697,-48.66514,DEL01-SC,Risco Médio,Alta
sábado,BR-153,106.0,Pleno dia,Decrescente,Céu Claro,Dupla,Reta,-19.28005,-48.91513,DEL15-MG,Risco Médio,Alta
segunda-feira,BR-242,671.0,Pleno dia,Decrescente,Céu Claro,Simples,Reta,-12.22799,-43.94628,DEL10-BA,Risco Alto,Baixa
quinta-feira,BR-116,202.2,Plena Noite,Decrescente,Garoa/Chuvisco,Dupla,Reta,-23.40844,-46.3401,DEL01-SP,Risco Médio,Alta
sábado,BR-319,61.5,Amanhecer,Crescente,Céu Claro,Múltipla,Reta,-8.744742,-63.88902,DEL01-RO,Risco Baixo,Baixa
quinta-feira,BR-402,14.1,Plena Noite,Crescente,Chuva,Simples,Reta,-2.948198,-44.21441,DEL01-MA,Risco Alto,Baixa
quinta-feira,BR-452,128.0,Anoitecer,Decrescente,Garoa/Chuvisco,Simples,Reta,-18.21073,-49.75679,DEL03-GO,Risco Médio,Baixa
domingo,BR-369,156.8,Anoitecer,Decrescente,Nublado,Dupla,Reta,-23.28925,-51.2226,DEL07-PR,Risco Médio,Baixa
quinta-feira,BR-101,83.0,Pleno dia,Crescente,Céu Claro,Dupla,Rotatória,-8.175172,-34.94264,DEL01-PE,Risco Médio,Alta
quinta-feira,BR-40,512.8,Pleno dia,Crescente,Céu Claro,Dupla,Reta,-19.78947,-44.11291,DEL01-MG,Risco Baixo,Alta
terça-feira,BR-280,29.0,Plena Noite,Crescente,Nublado,Simples,Reta,-26.41325,-48.75832,DEL03-SC,Risco Médio,Baixa
quarta-feira,BR-282,114.5,Pleno dia,Crescente,Nublado,Simples,Reta,-27.74855,-49.38818,DEL01-SC,Risco Médio,Baixa
sábado,BR-381,528.0,Plena Noite,Crescente,Garoa/Chuvisco,Dupla,Curva,-20.16368,-44.36025,DEL04-MG,Risco Médio,Alta
segunda-feira,BR-116,326.0,Pleno dia,Crescente,Nublado,Dupla,Reta,-22.49891,-44.57918,DEL07-RJ,Risco Médio,Alta
domingo,BR-116,412.4,Amanhecer,Crescente,Céu Claro,Simples,Não Informado,-18.86882,-41.97144,DEL06-MG,Risco Médio,Alta
sábado,BR-364,372.0,Pleno dia,Decrescente,Sol,Simples,Não Informado,-10.75389,-62.16275,DEL02-RO,Risco Médio,Alta
quarta-feira,BR-153,186.2,Plena Noite,Decrescente,Céu Claro,Simples,Reta,-7.529874,-48.40364,DEL02-TO,Risco Alto,Alta
sexta-feira,BR-101,34.0,Pleno dia,Crescente,Sol,Dupla,Reta,-7.781079,-34.9316,DEL01-PE,Risco Médio,Alta
sexta-feira,BR-153,256.0,Pleno dia,Crescente,Céu Claro,Simples,Reta,-14.9638,-49.38517,DEL07-GO,Risco Médio,Alta
terça-feira,BR-386,248.3,Plena Noite,Decrescente,Céu Claro,Simples,Não Informado,-28.8179,-52.48473,DEL04-RS,Risco Médio,Média
segunda-feira,BR-101,391.0,Pleno dia,Crescente,Garoa/Chuvisco,Dupla,Não Informado,-22.89483,-43.68492,DEL01-RJ,Risco Médio,Alta
segunda-feira,BR-116,153.3,Plena Noite,Decrescente,Céu Claro,Dupla,Reta,-23.23425,-45.91539,DEL02-SP,Risco Médio,Alta
terça-feira,BR-40,0.8,Plena Noite,Crescente,Céu Claro,Simples,Reta,-16.05827,-47.98266,DEL01-DF,Risco Médio,Alta
sexta-feira,BR-230,304.0,Pleno dia,Decrescente,Céu Claro,Simples,Reta,-6.7962,-42.9793,DEL03-PI,Risco Médio,Baixa
quinta-feira,BR-40,0.2,Plena Noite,Crescente,Céu Claro,Dupla,Reta,-16.05596,-47.98229,DEL01-DF,Risco Médio,Alta
sábado,BR-101,260.0,Pleno dia,Crescente,Chuva,Dupla,Curva,-28.0243,-48.7032,DEL02-SC,Risco Baixo,Alta
terça-feira,BR-116,179.0,Plena Noite,Decrescente,Chuva,Dupla,Reta,-22.74642,-43.44715,DEL01-RJ,Risco Médio,Alta
domingo,BR-304,99.6,Pleno dia,Decrescente,Céu Claro,Simples,Reta,-4.866288,-37.45598,DEL03-CE,Risco Médio,Baixa
quarta-feira,BR-101,298.0,Plena Noite,Crescente,Céu Claro,Dupla,Reta,-22.7714,-42.92896,DEL02-RJ,Risco Médio,Alta
terça-feira,BR-324,613.0,Pleno dia,Crescente,Céu Claro,Simples,Reta,-12.85532,-38.42055,DEL01-BA,Risco Baixo,Baixa
segunda-feira,BR-259,62.0,Pleno dia,Crescente,Nublado,Simples,Reta,-19.53124,-40.68991,DEL02-ES,Risco Médio,Baixa
segunda-feira,BR-324,539.2,Plena Noite,Decrescente,Céu Claro,Dupla,Reta,-12.39046,-38.78415,DEL01-BA,Risco Baixo,Baixa
quinta-feira,BR-364,161.0,Pleno dia,Decrescente,Céu Claro,Simples,Curva,-11.91065,-60.96645,DEL02-RO,Risco Médio,Alta
sábado,BR-470,91.5,Pleno dia,Decrescente,Céu Claro,Simples,Reta,-26.96763,-49.36835,DEL04-SC,Risco Médio,Baixa
sábado,BR-163,988.0,Pleno dia,Crescente,Céu Claro,Simples,Reta,-2.574782,-54.72089,DEL05-PA,Risco Baixo,Alta
terça-feira,BR-40,527.0,Plena Noite,Decrescente,Céu Claro,Múltipla,Desvio Temporário,-19.9015,-44.04939,DEL01-MG,Risco Médio,Alta
segunda-feira,BR-40,695.8,Plena Noite,Crescente,Nublado,Simples,Reta,-21.1392,-43.76577,DEL05-MG,Risco Alto,Alta
sexta-feira,BR-163,989.0,Plena Noite,Crescente,Nublado,Simples,Reta,-2.565797,-54.72138,DEL05-PA,Risco Médio,Alta
terça-feira,BR-470,265.2,Pleno dia,Decrescente,Sol,Simples,Reta,-27.30392,-50.71484,DEL05-SC,Risco Médio,Baixa
quinta-feira,BR-40,118.5,Plena Noite,Crescente,Céu Claro,Simples,Não Informado,-22.75471,-43.28738,DEL01-RJ,Risco Médio,Alta
segunda-feira,BR-163,524.0,Pleno dia,Decrescente,Chuva,Simples,Reta,-14.4923,-56.18361,DEL01-MT,Risco Médio,Alta
sábado,BR-116,165.0,Pleno dia,Crescente,Sol,Dupla,Reta,-22.80945,-43.33679,DEL01-RJ,Risco Médio,Alta
quarta-feira,BR-153,196.4,Pleno dia,Crescente,Céu Claro,Simples,Reta,-14.49041,-49.15002,DEL07-GO,Risco Médio,Alta
terça-feira,BR-381,56.0,Pleno dia,Decrescente,Céu Claro,Dupla,Não Informado,-23.25907,-46.58983,DEL03-SP,Risco Médio,Alta
quarta-feira,BR-116,504.0,Anoitecer,Decrescente,Céu Claro,Simples,Reta,-7.499331,-38.98461,DEL05-CE,Risco Médio,Alta
segunda-feira,BR-470,222.0,Plena Noite,Decrescente,Céu Claro,Dupla,Reta,-29.20373,-51.51787,DEL06-RS,Risco Médio,Baixa
sexta-feira,BR-116,215.0,Pleno dia,Crescente,Céu Claro,Múltipla,Reta,-23.44907,-46.45968,DEL01-SP,Risco Médio,Alta
sábado,BR-116,265.0,Plena Noite,Decrescente,Céu Claro,Múltipla,Interseção de vias,-29.92342,-51.17781,DEL01-RS,Risco Médio,Alta
quinta-feira,BR-101,207.7,Plena Noite,Crescente,Céu Claro,Dupla,Não Informado,-27.60001,-48.62265,DEL01-SC,Risco Médio,Alta
quinta-feira,BR-116,356.9,Pleno dia,Crescente,Garoa/Chuvisco,Dupla,Não Informado,-24.09035,-47.257,DEL04-SP,Risco Médio,Alta
domingo,BR-364,715.0,Pleno dia,Crescente,Céu Claro,Dupla,Curva,-8.786987,-63.89966,DEL01-RO,Risco Médio,Alta
quinta-feira,BR-267,63.1,Pleno dia,Crescente,Nublado,Simples,Curva,-21.73939,-43.10146,DEL05-MG,Risco Médio,Baixa
quinta-feira,BR-153,54.0,Plena Noite,Crescente,Nublado,Dupla,Reta,-20.74489,-49.33895,DEL09-SP,Risco Médio,Alta
quinta-feira,BR-101,301.4,Pleno dia,Crescente,Céu Claro,Dupla,Reta,-20.36866,-40.44381,DEL01-ES,Risco Baixo,Alta
sexta-feira,BR-101,132.0,Pleno dia,Crescente,Céu Claro,Dupla,Reta,-26.99654,-48.65565,DEL04-SC,Risco Médio,Alta
sexta-feira,BR-316,68.5,Pleno dia,Decrescente,Chuva,Simples,Desvio Temporário,-1.29245,-47.87175,DEL01-PA,Risco Baixo,Baixa
quinta-feira,BR-381,871.5,Plena Noite,Crescente,Nublado,Dupla,Reta,-22.39716,-45.96018,DEL16-MG,Risco Baixo,Alta
sábado,BR-369,243.5,Pleno dia,Decrescente,Céu Claro,Simples,Reta,-23.70109,-51.72025,DEL07-PR,Risco Alto,Baixa
segunda-feira,BR-116,619.5,Pleno dia,Crescente,Sol,Simples,Reta,-20.5063,-42.2083,DEL07-MG,Risco Médio,Alta
sábado,BR-364,84.0,Pleno dia,Crescente,Céu Claro,Simples,Reta,-12.41146,-60.60666,DEL04-RO,Risco Médio,Alta
terça-feira,BR-364,553.1,Pleno dia,Crescente,Garoa/Chuvisco,Simples,Não Informado,-9.623906,-63.07271,DEL03-RO,Risco Médio,Alta
sexta-feira,BR-20,180.6,Plena Noite,Decrescente,Céu Claro,Dupla,Reta,-14.47345,-46.48854,DEL02-DF,Risco Médio,Baixa
quarta-feira,BR-163,714.0,Plena Noite,Crescente,Céu Claro,Simples,Reta,-12.97102,-55.87534,DEL06-MT,Risco Médio,Alta
segunda-feira,BR-324,520.0,Pleno dia,Decrescente,Céu Claro,Dupla,Reta,-12.28896,-38.91347,DEL01-BA,Risco Baixo,Baixa
terça-feira,BR-251,469.9,Pleno dia,Crescente,Chuva,Simples,Curva,-16.46831,-43.40714,DEL12-MG,Risco Médio,Baixa
sexta-feira,BR-222,238.0,Anoitecer,Decrescente,Céu Claro,Simples,Reta,-5.301523,-49.0724,DEL03-PA,Risco Médio,Baixa
domingo,BR-381,630.5,Plena Noite,Decrescente,Nublado,Dupla,Curva,-20.84702,-44.83281,DEL04-MG,Risco Baixo,Alta
segunda-feira,BR-222,74.0,Plena Noite,Crescente,Céu Claro,Simples,Curva,-3.6707,-39.2042,DEL01-CE,Risco Médio,Baixa
domingo,BR-324,530.0,Plena Noite,Decrescente,Céu Claro,Dupla,Curva,-12.32818,-38.86174,DEL01-BA,Risco Baixo,Baixa
quinta-feira,BR-40,112.0,Pleno dia,Decrescente,Céu Claro,Múltipla,Reta,-22.69521,-43.28851,DEL01-RJ,Risco Baixo,Alta
domingo,BR-116,325.6,Pleno dia,Crescente,Chuva,Dupla,Reta,-23.93913,-47.06017,DEL04-SP,Risco Médio,Alta
quarta-feira,BR-262,362.5,Plena Noite,Decrescente,Céu Claro,Dupla,Reta,-19.97204,-44.28241,DEL01-MG,Risco Médio,Média
segunda-feira,BR-369,187.0,Pleno dia,Decrescente,Céu Claro,Simples,Reta,-23.42664,-51.42318,DEL07-PR,Risco Médio,Baixa
domingo,BR-101,93.2,Pleno dia,Decrescente,Céu Claro,Múltipla,Reta,-26.68887,-48.69613,DEL03-SC,Risco Baixo,Alta
quarta-feira,BR-116,11.0,Plena Noite,Decrescente,Céu Claro,Dupla,Reta,-3.824674,-38.50369,DEL01-CE,Risco Médio,Alta
domingo,BR-116,89.9,Pleno dia,Crescente,Chuva,Dupla,Reta,-25.48904,-49.11166,DEL01-PR,Risco Médio,Alta
domingo,BR-272,400.2,Plena Noite,Crescente,Céu Claro,Simples,Reta,-24.09354,-52.69412,DEL09-PR,Risco Alto,Baixa
domingo,BR-230,26.0,Pleno dia,Decrescente,Céu Claro,Simples,Não Informado,-6.420557,-47.58434,DEL02-TO,Risco Alto,Baixa
segunda-feira,BR-101,267.0,Pleno dia,Decrescente,Céu Claro,Dupla,Reta,-20.19931,-40.26885,DEL02-ES,Risco Médio,Alta
quinta-feira,BR-40,3.3,Pleno dia,Decrescente,Nublado,Dupla,Reta,-16.07608,-47.98567,DEL01-DF,Risco Alto,Alta
quinta-feira,BR-80,19.9,Plena Noite,Decrescente,Céu Claro,Dupla,Reta,-15.3782,-48.21375,DEL01-DF,Risco Médio,Baixa
sábado,BR-470,69.0,Plena Noite,Decrescente,Nublado,Simples,Não Informado,-26.88375,-49.2467,DEL04-SC,Risco Médio,Baixa
sábado,BR-226,400.4,Pleno dia,Decrescente,Céu Claro,Simples,Reta,-5.735839,-46.00508,DEL04-MA,Risco Baixo,Baixa
segunda-feira,BR-40,650.0,Pleno dia,Crescente,Céu Claro,Simples,Curva,-20.82568,-43.80918,DEL05-MG,Risco Médio,Alta
quinta-feira,BR-364,115.0,Pleno dia,Decrescente,Céu Claro,Simples,Desvio Temporário,-16.85723,-53.86482,DEL02-MT,Risco Médio,Alta
sábado,BR-414,440.0,Plena Noite,Decrescente,Céu Claro,Simples,Desvio Temporário,-16.2776,-48.94161,DEL02-GO,Risco Médio,Baixa
sexta-feira,BR-280,236.4,Pleno dia,Crescente,Chuva,Simples,Reta,-26.196,-50.425,DEL06-SC,Risco Médio,Baixa
sexta-feira,BR-101,71.9,Plena Noite,Decrescente,Nublado,Dupla,Reta,-26.52752,-48.71525,DEL03-SC,Risco Alto,Alta
quinta-feira,BR-316,106.0,Plena Noite,Decrescente,Céu Claro,Simples,Reta,-1.34102,-47.55123,DEL01-PA,Risco Médio,Baixa
sexta-feira,BR-470,84.7,Plena Noite,Crescente,Nublado,Simples,Reta,-26.96137,-49.34242,DEL04-SC,Risco Médio,Baixa
quarta-feira,BR-277,79.9,Plena Noite,Crescente,Nublado,Dupla,Reta,-25.47272,-49.21051,DEL01-PR,Risco Médio,Média
domingo,BR-116,185.0,Pleno dia,Decrescente,Céu Claro,Dupla,Reta,-22.74151,-43.45352,DEL01-RJ,Risco Médio,Alta
terça-feira,BR-174,580.0,Plena Noite,Crescente,Chuva,Simples,Reta,3.434722,-60.90626,DEL01-RR,Risco Alto,Baixa
sexta-feira,BR-116,173.0,Anoitecer,Crescente,Céu Claro,Múltipla,Reta,-22.7981,-43.35727,DEL01-RJ,Risco Médio,Alta
domingo,BR-135,323.0,Pleno dia,Decrescente,Nublado,Simples,Reta,-8.867694,-44.24013,DEL03-PI,Risco Baixo,Baixa
domingo,BR-116,683.8,Pleno dia,Crescente,Céu Claro,Simples,Curva,-20.95678,-42.35004,DEL07-MG,Risco Médio,Alta
terça-feira,BR-101,432.0,Pleno dia,Decrescente,Chuva,Simples,Curva,-22.93867,-44.03507,DEL03-RJ,Risco Médio,Alta
domingo,BR-222,5.0,Pleno dia,Decrescente,Céu Claro,Dupla,Reta,-3.731284,-38.76239,DEL01-CE,Risco Médio,Baixa
domingo,BR-101,42.0,Plena Noite,Crescente,Céu Claro,Múltipla,Reta,-7.838874,-34.91197,DEL01-PE,Risco Baixo,Alta