dia_semana,br,km,fase_dia,sentido_via,condicao_metereologica,tipo_pista,tracado_via,latitude,longitude,delegacia,classificacao_acidente,postos_policiais_PRF
sábado,BR-319,60.0,Pleno dia,Decrescente,Céu Claro,Dupla,Retorno Regulamentado,-8.740797,-63.89446,DEL01-RO,Risco Médio,Baixa
terça-feira,BR-364,176.0,Plena Noite,Crescente,Céu Claro,Simples,Reta,-17.98826,-51.58254,DEL05-GO,Risco Baixo,Alta
segunda-feira,BR-304,49.9,Amanhecer,Decrescente,Céu Claro,Simples,Reta,-5.243569,-37.31358,DEL04-RN,Risco Médio,Baixa
sexta-feira,BR-116,672.3,Pleno dia,Crescente,Garoa/Chuvisco,Simples,Reta,-13.85452,-40.11391,DEL03-BA,Risco Médio,Alta
terça-feira,BR-101,110.3,Pleno dia,Decrescente,Sol,Dupla,Reta,-5.946376,-35.26485,DEL01-RN,Risco Baixo,Alta
sábado,BR-470,32.0,Plena Noite,Decrescente,Céu Claro,Simples,Curva,-26.89417,-48.91656,DEL04-SC,Risco Baixo,Baixa
sexta-feira,BR-163,579.0,Pleno dia,Crescente,Chuva,Simples,Reta,-13.97138,-56.0907,DEL01-MT,Risco Médio,Alta
quarta-feira,BR-116,48.6,Pleno dia,Crescente,Nublado,Dupla,Reta,-22.72499,-45.06884,DEL08-SP,Risco Baixo,Alta
sexta-feira,BR-272,423.0,Pleno dia,Crescente,Céu Claro,Simples,Reta,-24.18728,-52.97095,DEL04-PR,Risco Médio,Baixa
terça-feira,BR-470,4.0,Pleno dia,Decrescente,Sol,Simples,Reta,-26.87308,-48.67046,DEL04-SC,Risco Médio,Baixa
domingo,BR-163,520.2,Pleno dia,Crescente,Céu Claro,Dupla,Reta,-20.15631,-54.44164,DEL01-MS,Risco Médio,Alta
sexta-feira,BR-324,6.9,Plena Noite,Crescente,Céu Claro,Dupla,Interseção de vias,-12.26946,-38.98777,DEL02-BA,Risco Médio,Baixa
segunda-feira,BR-230,119.0,Plena Noite,Crescente,Nublado,Dupla,Reta,-7.2423,-35.6312,DEL02-PB,Risco Médio,Baixa
sábado,BR-376,179.0,Plena Noite,Decrescente,Céu Claro,Múltipla,Reta,-23.42244,-51.9036,DEL09-PR,Risco Médio,Baixa
terça-feira,BR-425,107.0,Plena Noite,Crescente,Céu Claro,Simples,Não Informado,-10.4705,-65.34389,DEL01-RO,Risco Baixo,Baixa
segunda-feira,BR-364,181.4,Plena Noite,Decrescente,Nevoeiro/Neblina,Simples,Reta,-11.77036,-61.07912,DEL02-RO,Risco Médio,Alta
quarta-feira,BR-230,329.7,Pleno dia,Crescente,Céu Claro,Simples,Interseção de vias,-7.015268,-37.2217,DEL03-PB,Risco Alto,Baixa
domingo,BR-419,218.0,Pleno dia,Crescente,Céu Claro,Simples,Reta,-20.25588,-55.74925,DEL03-MS,Risco Médio,Baixa
quinta-feira,BR-101,146.3,Pleno dia,Decrescente,Céu Claro,Simples,Reta,-9.862277,-36.14333,DEL02-AL,Risco Baixo,Alta
segunda-feira,BR-116,65.0,Pleno dia,Crescente,Chuva,Dupla,Desvio Temporário,-22.82278,-45.19434,DEL08-SP,Risco Médio,Alta
quarta-feira,BR-101,261.0,Pleno dia,Crescente,Sol,Dupla,Não Informado,-20.12112,-40.31182,DEL02-ES,Risco Médio,Alta
domingo,BR-381,821.2,Plena Noite,Decrescente,Céu Claro,Dupla,Reta,-22.0784,-45.70158,DEL16-MG,Risco Médio,Alta
sexta-feira,BR-101,193.5,Pleno dia,Decrescente,Nublado,Múltipla,Reta,-27.48957,-48.65591,DEL01-SC,Risco Médio,Alta
sexta-feira,BR-386,403.0,Pleno dia,Crescente,Céu Claro,Simples,Reta,-29.76266,-51.58568,DEL04-RS,Risco Baixo,Média
sábado,BR-386,214.6,Pleno dia,Crescente,Céu Claro,Simples,Reta,-28.58832,-52.60036,DEL04-RS,Risco Alto,Média
domingo,BR-369,154.0,Plena Noite,Decrescente,Céu Claro,Múltipla,Reta,-23.29788,-51.19715,DEL07-PR,Risco Baixo,Baixa
segunda-feira,BR-386,143.4,Pleno dia,Crescente,Céu Claro,Simples,Curva,-28.03727,-52.8754,DEL08-RS,Risco Baixo,Média
terça-feira,BR-381,441.0,Plena Noite,Decrescente,Chuva,Simples,Reta,-19.79982,-43.75726,DEL01-MG,Risco Médio,Alta
sábado,BR-40,117.0,Pleno dia,Crescente,Chuva,Múltipla,Reta,-22.62669,-43.28598,DEL01-RJ,Risco Baixo,Alta
sábado,BR-101,136.0,Pleno dia,Crescente,Nublado,Simples,Interseção de vias,-27.00811,-48.61724,DEL04-SC,Risco Médio,Alta
domingo,BR-101,300.0,Pleno dia,Crescente,Nublado,Dupla,Reta,-22.77646,-42.94784,DEL02-RJ,Risco Médio,Alta
quinta-feira,BR-376,179.3,Pleno dia,Decrescente,Chuva,Dupla,Interseção de vias,-23.42043,-51.9095,DEL07-PR,Risco Médio,Baixa
quarta-feira,BR-290,101.4,Plena Noite,Crescente,Céu Claro,Dupla,Reta,-29.98578,-51.2462,DEL01-RS,Risco Alto,Baixa
quinta-feira,BR-110,356.0,Pleno dia,Decrescente,Céu Claro,Simples,Não Informado,-12.27839,-38.37033,DEL01-BA,Risco Médio,Baixa
sábado,BR-80,164.0,Plena Noite,Crescente,Céu Claro,Simples,Curva,-15.20888,-48.69731,DEL07-GO,Risco Médio,Baixa
sexta-feira,BR-101,102.6,Plena Noite,Decrescente,Céu Claro,Múltipla,Reta,-5.889346,-35.24409,DEL01-RN,Risco Médio,Alta
sexta-feira,BR-376,182.0,Pleno dia,Crescente,Céu Claro,Dupla,Reta,-23.43684,-51.87881,DEL07-PR,Risco Médio,Baixa
segunda-feira,BR-60,192.4,Amanhecer,Decrescente,Céu Claro,Dupla,Reta,-16.85187,-49.56956,DEL01-GO,Risco Baixo,Média
quinta-feira,BR-381,491.2,Pleno dia,Decrescente,Sol,Simples,Reta,-19.97018,-44.1821,DEL01-MG,Risco Médio,Alta
quinta-feira,BR-364,257.9,Pleno dia,Decrescente,Garoa/Chuvisco,Simples,Curva,-11.4329,-61.63257,DEL02-RO,Risco Médio,Alta
quinta-feira,BR-60,86.5,Pleno dia,Crescente,Céu Claro,Dupla,Reta,-16.3212,-48.8728,DEL02-GO,Risco Médio,Média
domingo,BR-376,169.7,Pleno dia,Crescente,Céu Claro,Dupla,Interseção de vias,-23.40336,-51.9964,DEL07-PR,Risco Alto,Baixa
sábado,BR-101,59.5,Pleno dia,Crescente,Céu Claro,Dupla,Curva,-7.980659,-34.931,DEL01-PE,Risco Médio,Alta
sexta-feira,BR-101,108.0,Pleno dia,Decrescente,Sol,Múltipla,Desvio Temporário,-26.8336,-48.6963,DEL03-SC,Risco Baixo,Alta
segunda-feira,BR-402,207.9,Plena Noite,Decrescente,Céu Claro,Simples,Reta,-3.239348,-39.97148,DEL01-CE,Risco Alto,Baixa
terça-feira,BR-116,412.7,Anoitecer,Decrescente,Céu Claro,Dupla,Reta,-18.86882,-41.97144,DEL06-MG,Risco Médio,Alta
terça-feira,BR-40,510.0,Plena Noite,Crescente,Céu Claro,Dupla,Reta,-19.77464,-44.12322,DEL01-MG,Risco Médio,Alta
domingo,BR-381,481.0,Plena Noite,Crescente,Nublado,Múltipla,Reta,-19.959,-44.0704,DEL01-MG,Risco Médio,Alta
sexta-feira,BR-40,523.7,Anoitecer,Decrescente,Céu Claro,Dupla,Reta,-19.86875,-44.05962,DEL01-MG,Risco Médio,Alta
sábado,BR-343,343.5,Plena Noite,Crescente,Céu Claro,Simples,Não Informado,-5.087362,-42.75785,DEL01-PI,Risco Médio,Baixa
domingo,BR-290,719.0,Plena Noite,Crescente,Céu Claro,Simples,Curva,-29.77229,-57.05367,DEL13-RS,Risco Baixo,Baixa
segunda-feira,BR-174,130.0,Anoitecer,Crescente,Chuva,Simples,Reta,-15.84651,-58.11694,DEL03-MT,Risco Médio,Baixa
sábado,BR-277,120.0,Plena Noite,Crescente,Garoa/Chuvisco,Dupla,Reta,-25.43551,-49.54195,DEL01-PR,Risco Médio,Média
quinta-feira,BR-364,314.0,Plena Noite,Crescente,Céu Claro,Simples,Reta,-11.11831,-61.90148,DEL02-RO,Risco Médio,Alta
terça-feira,BR-262,383.0,Pleno dia,Crescente,Sol,Múltipla,Reta,-19.9278,-44.462,DEL01-MG,Risco Baixo,Média
sábado,BR-262,253.0,Plena Noite,Crescente,Ignorado,Simples,Reta,-20.40781,-53.87353,DEL01-MS,Risco Médio,Média
quinta-feira,BR-20,8.5,Pleno dia,Decrescente,Céu Claro,Dupla,Não Informado,-15.65839,-47.79153,DEL02-DF,Risco Médio,Baixa
quarta-feira,BR-277,659.0,Pleno dia,Crescente,Céu Claro,Dupla,Curva,-25.25128,-53.98387,DEL05-PR,Risco Médio,Média
segunda-feira,BR-381,1.2,Pleno dia,Crescente,Céu Claro,Dupla,Curva,-22.88099,-46.38639,DEL03-SP,Risco Baixo,Alta
segunda-feira,BR-135,21.0,Anoitecer,Decrescente,Céu Claro,Dupla,Reta,-2.53073,-44.3068,DEL01-MA,Risco Baixo,Baixa
quarta-feira,BR-364,401.0,Anoitecer,Crescente,Céu Claro,Dupla,Reta,-15.67207,-55.94656,DEL02-MT,Risco Médio,Alta
sábado,BR-101,112.0,Pleno dia,Decrescente,Céu Claro,Dupla,Curva,-26.84589,-48.72131,DEL04-SC,Risco Médio,Alta
segunda-feira,BR-407,122.0,Plena Noite,Crescente,Céu Claro,Simples,Reta,-9.353687,-40.55052,DEL06-PE,Risco Médio,Baixa
quarta-feira,BR-470,58.0,Plena Noite,Crescente,Céu Claro,Simples,Não Informado,-26.8803,-49.1364,DEL04-SC,Risco Médio,Baixa
quinta-feira,BR-60,28.0,Pleno dia,Decrescente,Chuva,Dupla,Desvio Temporário,-16.0963,-48.5202,DEL01-DF,Risco Médio,Média
quarta-feira,BR-210,2.6,Plena Noite,Decrescente,Céu Claro,Simples,Reta,0.08583066,-51.08368,DEL01-AP,Risco Médio,Baixa
sexta-feira,BR-20,89.0,Pleno dia,Decrescente,Céu Claro,Simples,Não Informado,-15.0277,-47.05167,DEL02-DF,Risco Alto,Baixa
quarta-feira,BR-101,81.3,Pleno dia,Decrescente,Garoa/Chuvisco,Dupla,Não Informado,-9.447012,-35.85191,DEL01-AL,Risco Baixo,Alta
segunda-feira,BR-116,216.0,Pleno dia,Crescente,Nublado,Dupla,Reta,-22.70521,-43.74067,DEL01-RJ,Risco Baixo,Alta
domingo,BR-470,108.0,Plena Noite,Crescente,Céu Claro,Dupla,Reta,-27.08071,-49.44049,DEL04-SC,Risco Médio,Baixa
sexta-feira,BR-101,50.9,Anoitecer,Crescente,Céu Claro,Múltipla,Não Informado,-7.911179,-34.90156,DEL01-PE,Risco Baixo,Alta
quinta-feira,BR-262,503.5,Plena Noite,Decrescente,Chuva,Simples,Reta,-19.77743,-45.46422,DEL08-MG,Risco Baixo,Média
sábado,BR-60,11.0,Pleno dia,Crescente,Céu Claro,Dupla,Reta,-16.11347,-48.34202,DEL01-DF,Risco Médio,Média
quarta-feira,BR-116,155.0,Pleno dia,Crescente,Céu Claro,Dupla,Reta,-23.24524,-45.92773,DEL02-SP,Risco Médio,Alta
sexta-feira,BR-101,143.0,Pleno dia,Crescente,Chuva,Dupla,Não Informado,-9.848821,-36.14035,DEL02-AL,Risco Médio,Alta
quinta-feira,BR-101,71.0,Pleno dia,Crescente,Sol,Simples,Não Informado,-10.74265,-37.09335,DEL01-SE,Risco Baixo,Alta
domingo,BR-101,204.7,Pleno dia,Crescente,Céu Claro,Múltipla,Não Informado,-12.60329,-39.01486,DEL01-BA,Risco Médio,Alta
sexta-feira,BR-230,120.0,Pleno dia,Crescente,Céu Claro,Dupla,Reta,-5.3544,-49.1218,DEL03-PA,Risco Baixo,Baixa
sexta-feira,BR-70,357.0,Pleno dia,Decrescente,Nublado,Dupla,Curva,-15.77615,-55.63133,DEL05-MT,Risco Baixo,Baixa
quinta-feira,BR-324,595.7,Amanhecer,Decrescente,Nublado,Dupla,Curva,-12.71235,-38.45525,DEL01-BA,Risco Médio,Baixa
sábado,BR-116,723.9,Plena Noite,Decrescente,Céu Claro,Simples,Curva,-14.2672,-40.2905,DEL08-BA,Risco Médio,Alta
sexta-feira,BR-60,109.3,Pleno dia,Crescente,Chuva,Dupla,Reta,-16.4478,-49.0224,DEL01-GO,Risco Médio,Média
sexta-feira,BR-10,354.0,Pleno dia,Decrescente,Nublado,Simples,Reta,-1.347598,-47.57736,DEL01-PA,Risco Médio,Baixa
domingo,BR-235,5.4,Pleno dia,Crescente,Sol,Dupla,Reta,-10.90582,-37.11765,DEL01-SE,Risco Médio,Baixa
sexta-feira,BR-427,37.0,Pleno dia,Crescente,Céu Claro,Simples,Interseção de vias,-6.769732,-37.79582,DEL03-PB,Risco Baixo,Baixa
sábado,BR-101,300.0,Plena Noite,Decrescente,Chuva,Dupla,Reta,-20.35863,-40.43217,DEL01-ES,Risco Médio,Alta
terça-feira,BR-480,67.5,Plena Noite,Crescente,Céu Claro,Simples,Reta,-27.63348,-52.34271,DEL08-RS,Risco Médio,Baixa
domingo,BR-376,663.0,Plena Noite,Crescente,Céu Claro,Múltipla,Reta,-25.852,-48.9709,DEL01-PR,Risco Médio,Baixa
terça-feira,BR-135,24.8,Pleno dia,Decrescente,Nublado,Dupla,Não Informado,-2.717067,-44.37524,DEL01-MA,Risco Médio,Baixa
sexta-feira,BR-40,528.0,Pleno dia,Crescente,Ignorado,Dupla,Reta,-19.9123,-44.0413,DEL01-MG,Risco Médio,Alta
sábado,BR-50,262.5,Amanhecer,Crescente,Céu Claro,Simples,Curva,-18.0438,-47.8596,DEL06-GO,Risco Baixo,Média
sábado,BR-163,528.0,Pleno dia,Decrescente,Céu Claro,Simples,Reta,-14.46885,-56.156,DEL01-MT,Risco Médio,Alta
quinta-feira,BR-476,174.5,Anoitecer,Decrescente,Nublado,Simples,Reta,-25.68541,-49.53504,DEL01-PR,Risco Baixo,Baixa
sábado,BR-116,513.0,Pleno dia,Decrescente,Chuva,Simples,Curva,-24.8511,-48.21802,DEL05-SP,Risco Médio,Alta
domingo,BR-116,59.0,Plena Noite,Decrescente,Nublado,Simples,Reta,-22.22819,-42.90823,DEL04-RJ,Risco Médio,Alta
domingo,BR-116,269.0,Plena Noite,Decrescente,Nublado,Dupla,Não Informado,-22.5751,-44.11542,DEL07-RJ,Risco Médio,Alta
sábado,BR-40,794.0,Plena Noite,Crescente,Céu Claro,Dupla,Curva,-21.79926,-43.40729,DEL05-MG,Risco Médio,Alta
domingo,BR-324,0.8,Plena Noite,Decrescente,Céu Claro,Dupla,Reta,-12.279,-38.9412,DEL02-BA,Risco Médio,Baixa
terça-feira,BR-290,92.0,Plena Noite,Crescente,Céu Claro,Dupla,Curva,-29.97192,-51.17684,DEL01-RS,Risco Médio,Baixa
sexta-feira,BR-470,245.0,Pleno dia,Crescente,Nublado,Simples,Curva,-29.36752,-51.51082,DEL06-RS,Risco Médio,Baixa
quinta-feira,BR-116,210.0,Pleno dia,Decrescente,Nublado,Múltipla,Não Informado,-23.4287,-46.41086,DEL01-SP,Risco Médio,Alta
quarta-feira,BR-153,564.3,Pleno dia,Decrescente,Nublado,Dupla,Desvio Temporário,-17.2476,-49.2417,DEL03-GO,Risco Médio,Alta
sexta-feira,BR-40,703.4,Pleno dia,Decrescente,Céu Claro,Dupla,Não Informado,-21.22467,-43.7293,DEL05-MG,Risco Alto,Alta
sexta-feira,BR-230,396.0,Pleno dia,Crescente,Céu Claro,Simples,Reta,-7.457847,-46.01508,DEL05-MA,Risco Médio,Baixa
sexta-feira,BR-40,632.1,Pleno dia,Crescente,Garoa/Chuvisco,Dupla,Interseção de vias,-20.67795,-43.79447,DEL05-MG,Risco Médio,Alta
quinta-feira,BR-116,215.7,Pleno dia,Decrescente,Céu Claro,Simples,Reta,-27.55025,-50.37725,DEL05-SC,Risco Médio,Alta
quinta-feira,BR-116,296.0,Plena Noite,Crescente,Céu Claro,Dupla,Reta,-30.0863,-51.34221,DEL02-RS,Risco Médio,Alta
domingo,BR-381,51.6,Pleno dia,Decrescente,Sol,Dupla,Reta,-23.22651,-46.59788,DEL03-SP,Risco Médio,Alta
segunda-feira,BR-242,459.0,Pleno dia,Crescente,Nublado,Simples,Reta,-12.44991,-42.14186,DEL06-BA,Risco Alto,Baixa
segunda-feira,BR-116,414.5,Pleno dia,Decrescente,Céu Claro,Simples,Não Informado,-18.88103,-41.95911,DEL06-MG,Risco Médio,Alta
quinta-feira,BR-163,837.0,Plena Noite,Decrescente,Céu Claro,Simples,Reta,-11.844,-55.491,DEL06-MT,Risco Baixo,Alta
quarta-feira,BR-262,5.5,Plena Noite,Decrescente,Céu Claro,Dupla,Retorno Regulamentado,-20.78702,-51.67566,DEL07-MS,Risco Médio,Média
segunda-feira,BR-101,44.7,Pleno dia,Decrescente,Céu Claro,Múltipla,Reta,-7.86064,-34.9078,DEL01-PE,Risco Médio,Alta
segunda-feira,BR-381,866.1,Pleno dia,Crescente,Céu Claro,Dupla,Não Informado,-22.40289,-45.96207,DEL16-MG,Risco Médio,Alta
terça-feira,BR-20,2.5,Pleno dia,Crescente,Céu Claro,Simples,Rotatória,-15.6829,-47.84073,DEL02-DF,Risco Médio,Baixa
terça-feira,BR-280,50.0,Pleno dia,Crescente,Céu Claro,Simples,Reta,-26.46195,-48.94618,DEL03-SC,Risco Médio,Baixa
sexta-feira,BR-116,270.5,Pleno dia,Decrescente,Céu Claro,Múltipla,Reta,-23.618,-46.79678,DEL04-SP,Risco Médio,Alta
domingo,BR-153,230.0,Amanhecer,Decrescente,Céu Claro,Simples,Curva,-20.18508,-49.11706,DEL13-MG,Risco Médio,Alta
segunda-feira,BR-324,542.0,Pleno dia,Decrescente,Céu Claro,Dupla,Curva,-12.40374,-38.75487,DEL01-BA,Risco Médio,Baixa
sexta-feira,BR-70,0.0,Pleno dia,Decrescente,Céu Claro,Simples,Interseção de vias,-15.893,-52.2599,DEL05-MT,Risco Médio,Baixa
sexta-feira,BR-116,403.0,Pleno dia,Crescente,Sol,Dupla,Reta,-24.3169,-47.5286,DEL04-SP,Risco Baixo,Alta
terça-feira,BR-101,139.0,Pleno dia,Crescente,Nublado,Múltipla,Reta,-19.30186,-40.08372,DEL04-ES,Risco Médio,Alta
quinta-feira,BR-10,375.0,Pleno dia,Crescente,Céu Claro,Simples,Reta,-4.471299,-47.51604,DEL04-MA,Risco Alto,Baixa
sexta-feira,BR-101,405.6,Plena Noite,Decrescente,Nublado,Dupla,Curva,-28.89284,-49.46867,DEL02-SC,Risco Médio,Alta
sábado,BR-230,142.4,Pleno dia,Decrescente,Sol,Simples,Curva,-5.29838,-49.27862,DEL03-PA,Risco Alto,Baixa
sexta-feira,BR-277,38.5,Pleno dia,Crescente,Sol,Dupla,Não Informado,-25.57527,-48.85757,DEL01-PR,Risco Baixo,Média
sábado,BR-40,601.9,Plena Noite,Crescente,Céu Claro,Simples,Reta,-20.4368,-43.84638,DEL05-MG,Risco Médio,Alta
terça-feira,BR-116,454.0,Pleno dia,Crescente,Céu Claro,Dupla,Curva,-24.5673,-47.8756,DEL05-SP,Risco Médio,Alta
segunda-feira,BR-101,313.2,Pleno dia,Crescente,Nublado,Simples,Reta,-20.47702,-40.47176,DEL03-ES,Risco Médio,Alta
segunda-feira,BR-280,96.2,Plena Noite,Decrescente,Céu Claro,Simples,Curva,-26.41223,-49.27629,DEL06-SC,Risco Médio,Baixa
segunda-feira,BR-222,236.0,Pleno dia,Crescente,Sol,Simples,Reta,-5.285714,-49.07513,DEL03-PA,Risco Médio,Baixa
segunda-feira,BR-116,360.0,Pleno dia,Crescente,Céu Claro,Simples,Reta,-18.46116,-41.85182,DEL11-MG,Risco Médio,Alta
terça-feira,BR-101,400.0,Pleno dia,Decrescente,Céu Claro,Dupla,Reta,-22.84837,-43.76952,DEL03-RJ,Risco Baixo,Alta
domingo,BR-277,722.5,Plena Noite,Crescente,Céu Claro,Dupla,Reta,-25.49495,-54.52095,DEL05-PR,Risco Baixo,Média
quinta-feira,BR-230,18.0,Pleno dia,Decrescente,Sol,Dupla,Reta,-7.1198,-34.8453,DEL01-PB,Risco Médio,Baixa
terça-feira,BR-101,911.6,Pleno dia,Decrescente,Céu Claro,Simples,Desvio Temporário,-17.8147,-39.7887,DEL09-BA,Risco Médio,Alta
sábado,BR-163,742.0,Pleno dia,Crescente,Céu Claro,Simples,Reta,-12.73209,-55.83053,DEL06-MT,Risco Médio,Alta
sábado,BR-116,790.2,Pleno dia,Decrescente,Chuva,Simples,Não Informado,-21.67549,-42.73251,DEL07-MG,Risco Médio,Alta
sábado,BR-316,132.9,Plena Noite,Crescente,Céu Claro,Simples,Reta,-6.033495,-42.29186,DEL04-PI,Risco Médio,Baixa
domingo,BR-277,594.0,Plena Noite,Crescente,Céu Claro,Múltipla,Não Informado,-24.97948,-53.49233,DEL04-PR,Risco Baixo,Média
sábado,BR-101,157.0,Plena Noite,Decrescente,Nublado,Dupla,Reta,-27.18163,-48.61212,DEL04-SC,Risco Baixo,Alta
segunda-feira,BR-116,43.7,Plena Noite,Decrescente,Nublado,Simples,Ponte,-22.15063,-42.80151,DEL06-RJ,Risco Médio,Alta
sexta-feira,BR-101,70.0,Pleno dia,Crescente,Nublado,Dupla,Reta,-21.78101,-41.37336,DEL08-RJ,Risco Médio,Alta
sexta-feira,BR-319,64.1,Pleno dia,Crescente,Céu Claro,Dupla,Reta,-8.768283,-63.88382,DEL01-RO,Risco Médio,Baixa
domingo,BR-381,37.0,Pleno dia,Crescente,Céu Claro,Dupla,Reta,-23.19086,-46.58459,DEL03-SP,Risco Baixo,Alta
quarta-feira,BR-304,61.5,Amanhecer,Crescente,Céu Claro,Simples,Reta,-5.331259,-37.26515,DEL04-RN,Risco Médio,Baixa
quarta-feira,BR-40,144.0,Pleno dia,Decrescente,Céu Claro,Simples,Não Informado,-17.75025,-46.16939,DEL14-MG,Risco Alto,Alta
segunda-feira,BR-381,304.0,Pleno dia,Crescente,Chuva,Simples,Curva,-19.59666,-42.74538,DEL03-MG,Risco Médio,Alta
terça-feira,BR-153,242.1,Plena Noite,Crescente,Nublado,Simples,Reta,-20.26993,-49.18579,DEL13-MG,Risco Alto,Alta
sexta-feira,BR-376,651.0,Pleno dia,Crescente,Chuva,Dupla,Curva,-25.845,-49.0747,DEL01-PR,Risco Médio,Baixa
sábado,BR-376,179.5,Plena Noite,Decrescente,Céu Claro,Dupla,Reta,-23.42244,-51.9036,DEL09-PR,Risco Médio,Baixa
sexta-feira,BR-277,592.0,Pleno dia,Crescente,Sol,Simples,Interseção de vias,-24.98286,-53.47319,DEL04-PR,Risco Médio,Média
quarta-feira,BR-364,14.0,Pleno dia,Decrescente,Céu Claro,Dupla,Rotatória,-12.73898,-60.13911,DEL04-RO,Risco Baixo,Alta
sábado,BR-163,674.0,Amanhecer,Decrescente,Nevoeiro/Neblina,Simples,Reta,-13.1834,-55.986,DEL06-MT,Risco Baixo,Alta
domingo,BR-116,229.0,Pleno dia,Decrescente,Céu Claro,Múltipla,Reta,-23.51292,-46.57605,DEL01-SP,Risco Baixo,Alta
terça-feira,BR-116,414.2,Pleno dia,Crescente,Céu Claro,Simples,Reta,-18.88103,-41.95911,DEL06-MG,Risco Baixo,Alta
segunda-feira,BR-163,130.7,Amanhecer,Crescente,Céu Claro,Simples,Não Informado,-25.54964,-53.59159,DEL04-PR,Risco Médio,Alta
terça-feira,BR-116,225.0,Pleno dia,Decrescente,Chuva,Dupla,Reta,-23.48587,-46.54075,DEL01-SP,Risco Médio,Alta
quinta-feira,BR-381,86.0,Pleno dia,Decrescente,Céu Claro,Múltipla,Reta,-23.4593,-46.57161,DEL03-SP,Risco Médio,Alta
quinta-feira,BR-101,307.8,Plena Noite,Decrescente,Céu Claro,Dupla,Reta,-22.79116,-43.01514,DEL02-RJ,Risco Baixo,Alta
domingo,BR-470,42.0,Pleno dia,Crescente,Céu Claro,Simples,Túnel,-26.87572,-49.00375,DEL04-SC,Risco Médio,Baixa
terça-feira,BR-101,255.0,Pleno dia,Crescente,Céu Claro,Dupla,Reta,-20.11488,-40.31944,DEL02-ES,Risco Médio,Alta
sexta-feira,BR-110,103.0,Plena Noite,Decrescente,Céu Claro,Simples,Curva,-8.399123,-37.33957,DEL03-PE,Risco Médio,Baixa
domingo,BR-146,399.7,Plena Noite,Decrescente,Céu Claro,Simples,Curva,-21.29733,-46.67452,DEL09-MG,Risco Alto,Baixa
domingo,BR-381,905.2,Anoitecer,Crescente,Chuva,Dupla,Não Informado,-22.6748,-46.09492,DEL16-MG,Risco Baixo,Alta
sábado,BR-153,42.0,Plena Noite,Decrescente,Céu Claro,Simples,Interseção de vias,-23.29709,-50.06845,DEL07-PR,Risco Médio,Alta
sexta-feira,BR-153,623.0,Pleno dia,Crescente,Céu Claro,Simples,Rotatória,-31.32886,-53.98097,DEL11-RS,Risco Médio,Alta
quinta-feira,BR-101,97.3,Pleno dia,Crescente,Céu Claro,Dupla,Reta,-7.220986,-34.91461,DEL01-PB,Risco Médio,Alta
sábado,BR-116,146.7,Pleno dia,Decrescente,Chuva,Dupla,Não Informado,-23.19318,-45.86712,DEL02-SP,Risco Médio,Alta
sábado,BR-116,400.0,Pleno dia,Decrescente,Céu Claro,Dupla,Curva,-24.30807,-47.50101,DEL04-SP,Risco Médio,Alta
sábado,BR-376,15.6,Pleno dia,Crescente,Céu Claro,Dupla,Não Informado,-23.41656,-51.882,DEL09-PR,Risco Baixo,Baixa
segunda-feira,BR-401,7.0,Pleno dia,Decrescente,Nublado,Simples,Curva,3.349157,-59.90725,DEL01-RR,Risco Alto,Baixa
segunda-feira,BR-101,274.3,Pleno dia,Decrescente,Nublado,Dupla,Curva,-20.20743,-40.30776,DEL02-ES,Risco Médio,Alta
domingo,BR-101,94.0,Pleno dia,Decrescente,Céu Claro,Dupla,Não Informado,-10.94725,-37.07308,DEL01-SE,Risco Médio,Alta
sexta-feira,BR-116,227.0,Plena Noite,Crescente,Nublado,Múltipla,Reta,-23.49659,-46.55649,DEL01-SP,Risco Médio,Alta
quarta-feira,BR-251,443.3,Amanhecer,Crescente,Céu Claro,Simples,Curva,-16.4062,-43.2293,DEL12-MG,Risco Médio,Baixa
segunda-feira,BR-470,74.0,Pleno dia,Crescente,Céu Claro,Simples,Não Informado,-28.20329,-51.52544,DEL08-RS,Risco Médio,Baixa
quarta-feira,BR-393,280.0,Plena Noite,Crescente,Nublado,Simples,Ponte,-22.47751,-44.01954,DEL05-RJ,Risco Médio,Média
sábado,BR-262,409.8,Pleno dia,Crescente,Céu Claro,Simples,Reta,-20.43951,-55.11199,DEL01-MS,Risco Médio,Média
sábado,BR-356,265.7,Plena Noite,Decrescente,Céu Claro,Simples,Interseção de vias,-21.12839,-42.3668,DEL07-MG,Risco Médio,Baixa
domingo,BR-40,12.0,Plena Noite,Decrescente,Céu Claro,Dupla,Reta,-16.14512,-47.94538,DEL01-DF,Risco Médio,Alta
segunda-feira,BR-448,22.0,Plena Noite,Crescente,Céu Claro,Dupla,Não Informado,-29.97221,-51.19914,DEL01-RS,Risco Médio,Baixa
domingo,BR-116,170.0,Amanhecer,Crescente,Céu Claro,Múltipla,Reta,-22.81113,-43.33367,DEL01-RJ,Risco Médio,Alta
sábado,BR-373,176.6,Plena Noite,Decrescente,Céu Claro,Dupla,Reta,-25.06083,-50.21845,DEL03-PR,Risco Médio,Baixa
sexta-feira,BR-376,488.5,Pleno dia,Crescente,Nublado,Dupla,Reta,-25.08601,-50.19284,DEL03-PR,Risco Médio,Baixa
sexta-feira,BR-101,339.0,Pleno dia,Decrescente,Céu Claro,Simples,Reta,-20.64348,-40.55852,DEL03-ES,Risco Baixo,Alta