dia_semana,br,km,fase_dia,sentido_via,condicao_metereologica,tipo_pista,tracado_via,latitude,longitude,delegacia,classificacao_acidente,postos_policiais_PRF
quinta-feira,BR-376,394.0,Plena Noite,Crescente,Céu Claro,Dupla,Reta,-24.51066,-50.71409,DEL03-PR,Risco Médio,Baixa
segunda-feira,BR-116,257.0,Plena Noite,Crescente,Nublado,Simples,Interseção de vias,-29.85262,-51.17968,DEL01-RS,Risco Médio,Alta
domingo,BR-381,949.7,Pleno dia,Crescente,Céu Claro,Dupla,Reta,-22.87901,-46.37246,DEL16-MG,Risco Médio,Alta
domingo,BR-20,12.5,Pleno dia,Crescente,Céu Claro,Dupla,Não Informado,-15.64281,-47.75779,DEL02-DF,Risco Médio,Baixa
sábado,BR-369,182.2,Plena Noite,Decrescente,Chuva,Dupla,Reta,-23.38471,-51.41924,DEL07-PR,Risco Médio,Baixa
quarta-feira,BR-324,622.0,Plena Noite,Decrescente,Céu Claro,Dupla,Curva,-12.91889,-38.46502,DEL01-BA,Risco Baixo,Baixa
sábado,BR-80,128.0,Plena Noite,Decrescente,Nublado,Simples,Reta,-15.0151,-48.89912,DEL07-GO,Risco Médio,Baixa
sábado,BR-116,238.0,Pleno dia,Decrescente,Chuva,Simples,Não Informado,-22.66355,-43.84062,DEL07-RJ,Risco Baixo,Alta
sexta-feira,BR-386,346.5,Plena Noite,Decrescente,Céu Claro,Dupla,Reta,-29.44918,-51.97048,DEL04-RS,Risco Alto,Média
quinta-feira,BR-470,139.2,Anoitecer,Crescente,Céu Claro,Simples,Reta,-27.18897,-49.61599,DEL04-SC,Risco Baixo,Baixa
quinta-feira,BR-153,39.7,Pleno dia,Decrescente,Céu Claro,Simples,Não Informado,-20.61731,-49.33328,DEL09-SP,Risco Médio,Alta
segunda-feira,BR-101,117.8,Amanhecer,Crescente,Chuva,Dupla,Curva,-22.01354,-41.67502,DEL08-RJ,Risco Baixo,Alta
sábado,BR-471,680.0,Plena Noite,Crescente,Céu Claro,Simples,Reta,-33.68982,-53.45507,DEL07-RS,Risco Alto,Baixa
segunda-feira,BR-101,59.0,Pleno dia,Crescente,Chuva,Simples,Reta,-21.71366,-41.30862,DEL08-RJ,Risco Médio,Alta
segunda-feira,BR-101,96.9,Pleno dia,Decrescente,Céu Claro,Dupla,Não Informado,-10.90718,-37.15212,DEL02-SE,Risco Médio,Alta
terça-feira,BR-116,654.0,Pleno dia,Crescente,Céu Claro,Simples,Reta,-13.78787,-40.1084,DEL03-BA,Risco Baixo,Alta
quinta-feira,BR-116,782.0,Amanhecer,Decrescente,Céu Claro,Simples,Curva,-21.62704,-42.69997,DEL07-MG,Risco Médio,Alta
sexta-feira,BR-376,176.4,Plena Noite,Decrescente,Céu Claro,Dupla,Interseção de vias,-23.41269,-51.93158,DEL07-PR,Risco Médio,Baixa
segunda-feira,BR-277,453.9,Pleno dia,Decrescente,Chuva,Simples,Não Informado,-25.3857,-52.41112,DEL04-PR,Risco Médio,Média
domingo,BR-135,351.0,Plena Noite,Decrescente,Céu Claro,Simples,Não Informado,-9.076278,-44.34586,DEL03-PI,Risco Baixo,Baixa
sábado,BR-280,56.0,Plena Noite,Crescente,Garoa/Chuvisco,Simples,Reta,-26.47948,-49.00299,DEL03-SC,Risco Médio,Baixa
sábado,BR-280,283.0,Pleno dia,Decrescente,Garoa/Chuvisco,Simples,Reta,-26.29392,-50.85814,DEL06-SC,Risco Médio,Baixa
quarta-feira,BR-381,43.0,Pleno dia,Crescente,Céu Claro,Dupla,Reta,-23.15597,-46.57402,DEL03-SP,Risco Médio,Alta
sábado,BR-163,285.3,Plena Noite,Decrescente,Nublado,Dupla,Reta,-22.10441,-54.58144,DEL04-MS,Risco Médio,Alta
segunda-feira,BR-262,75.0,Pleno dia,Crescente,Nublado,Simples,Curva,-20.41312,-40.71722,DEL01-ES,Risco Médio,Média
sexta-feira,BR-290,60.1,Pleno dia,Crescente,Chuva,Dupla,Reta,-29.92469,-50.86009,DEL03-RS,Risco Baixo,Baixa
sexta-feira,BR-476,142.1,Pleno dia,Decrescente,Céu Claro,Dupla,Interseção de vias,-25.54101,-49.30239,DEL01-PR,Risco Médio,Baixa
domingo,BR-153,158.8,Pleno dia,Decrescente,Nublado,Simples,Reta,-21.49659,-49.77989,DEL07-SP,Risco Baixo,Alta
sexta-feira,BR-101,85.0,Pleno dia,Crescente,Céu Claro,Dupla,Reta,-5.777664,-35.24937,DEL02-RN,Risco Médio,Alta
quarta-feira,BR-101,12.0,Pleno dia,Crescente,Nublado,Dupla,Reta,-26.08104,-48.86176,DEL03-SC,Risco Médio,Alta
sábado,BR-459,82.0,Plena Noite,Decrescente,Nublado,Simples,Reta,-22.15297,-46.0612,DEL09-MG,Risco Médio,Baixa
domingo,BR-235,47.1,Pleno dia,Crescente,Céu Claro,Simples,Reta,-10.72868,-37.41378,DEL01-SE,Risco Baixo,Baixa
quarta-feira,BR-153,549.0,Plena Noite,Decrescente,Chuva,Simples,Curva,-31.0052,-53.6558,DEL09-RS,Risco Baixo,Alta
sexta-feira,BR-40,245.1,Amanhecer,Crescente,Chuva,Simples,Não Informado,-18.09554,-45.47502,DEL14-MG,Risco Baixo,Alta
sexta-feira,BR-101,303.0,Anoitecer,Crescente,Nublado,Dupla,Reta,-20.37696,-40.44527,DEL01-ES,Risco Médio,Alta
domingo,BR-376,232.7,Amanhecer,Crescente,Céu Claro,Dupla,Curva,-23.56887,-51.50858,DEL07-PR,Risco Alto,Baixa
quarta-feira,BR-116,59.6,Pleno dia,Decrescente,Sol,Dupla,Reta,-22.78915,-45.15846,DEL08-SP,Risco Baixo,Alta
terça-feira,BR-376,294.0,Plena Noite,Crescente,Céu Claro,Dupla,Reta,-23.9053,-51.20376,DEL07-PR,Risco Médio,Baixa
quarta-feira,BR-116,26.0,Plena Noite,Decrescente,Nublado,Dupla,Curva,-25.10684,-48.78534,DEL01-PR,Risco Médio,Alta
terça-feira,BR-40,7.2,Pleno dia,Crescente,Céu Claro,Dupla,Reta,-16.10848,-47.97252,DEL01-DF,Risco Médio,Alta
terça-feira,BR-476,357.0,Pleno dia,Decrescente,Céu Claro,Simples,Reta,-26.1974,-51.04232,DEL02-PR,Risco Baixo,Baixa
domingo,BR-262,114.0,Plena Noite,Decrescente,Céu Claro,Simples,Reta,-20.24886,-42.60445,DEL03-MG,Risco Médio,Média
segunda-feira,BR-381,433.8,Pleno dia,Decrescente,Céu Claro,Simples,Reta,-19.79269,-43.74585,DEL01-MG,Risco Médio,Alta
terça-feira,BR-392,2.5,Pleno dia,Crescente,Chuva,Dupla,Interseção de vias,-32.05362,-52.08646,DEL07-RS,Risco Baixo,Média
quinta-feira,BR-230,121.0,Plena Noite,Crescente,Céu Claro,Dupla,Reta,-7.2452,-35.649,DEL02-PB,Risco Médio,Baixa
terça-feira,BR-101,135.7,Pleno dia,Crescente,Nublado,Simples,Interseção de vias,-9.788349,-36.10509,DEL02-AL,Risco Médio,Alta
domingo,BR-242,780.3,Plena Noite,Decrescente,Ignorado,Simples,Não Informado,-12.14633,-44.70899,DEL10-BA,Risco Alto,Baixa
quarta-feira,BR-40,437.0,Pleno dia,Decrescente,Céu Claro,Dupla,Curva,-19.2494,-44.4242,DEL02-MG,Risco Médio,Alta
domingo,BR-376,262.8,Pleno dia,Crescente,Chuva,Simples,Curva,-23.69884,-51.33508,DEL07-PR,Risco Médio,Baixa
sábado,BR-343,280.0,Pleno dia,Crescente,Céu Claro,Simples,Reta,-4.919703,-42.26107,DEL01-PI,Risco Médio,Baixa
sexta-feira,BR-381,852.4,Plena Noite,Decrescente,Céu Claro,Dupla,Reta,-22.29623,-45.89935,DEL16-MG,Risco Alto,Alta
segunda-feira,BR-101,268.0,Pleno dia,Decrescente,Céu Claro,Dupla,Reta,-20.21549,-40.26927,DEL02-ES,Risco Médio,Alta
domingo,BR-316,314.9,Plena Noite,Decrescente,Garoa/Chuvisco,Múltipla,Reta,-7.088628,-41.39236,DEL04-PI,Risco Alto,Baixa
sábado,BR-101,204.9,Plena Noite,Decrescente,Céu Claro,Múltipla,Reta,-27.58342,-48.61514,DEL01-SC,Risco Médio,Alta
quinta-feira,BR-470,177.0,Plena Noite,Crescente,Céu Claro,Simples,Não Informado,-28.9348,-51.54253,DEL06-RS,Risco Médio,Baixa
sábado,BR-116,65.0,Plena Noite,Crescente,Céu Claro,Dupla,Reta,-22.85852,-45.23375,DEL08-SP,Risco Médio,Alta
segunda-feira,BR-365,2.9,Anoitecer,Crescente,Céu Claro,Simples,Reta,-16.72628,-43.88021,DEL12-MG,Risco Médio,Média
domingo,BR-262,13.0,Pleno dia,Decrescente,Sol,Simples,Curva,-20.8164,-51.72436,DEL07-MS,Risco Médio,Média
sexta-feira,BR-101,435.0,Pleno dia,Crescente,Nublado,Dupla,Não Informado,-29.09531,-49.63344,DEL02-SC,Risco Baixo,Alta
sábado,BR-158,265.0,Pleno dia,Crescente,Céu Claro,Simples,Reta,-20.74945,-51.71315,DEL07-MS,Risco Baixo,Baixa
segunda-feira,BR-101,144.0,Plena Noite,Decrescente,Céu Claro,Dupla,Reta,-6.244042,-35.21729,DEL01-RN,Risco Médio,Alta
quinta-feira,BR-163,510.0,Plena Noite,Crescente,Nublado,Simples,Reta,-14.51612,-56.21129,DEL01-MT,Risco Baixo,Alta
segunda-feira,BR-101,222.0,Pleno dia,Decrescente,Sol,Dupla,Reta,-27.7172,-48.6476,DEL01-SC,Risco Médio,Alta
sábado,BR-101,57.0,Pleno dia,Decrescente,Céu Claro,Dupla,Não Informado,-7.9717,-34.921,DEL01-PE,Risco Baixo,Alta
sábado,BR-101,47.0,Plena Noite,Decrescente,Nublado,Simples,Reta,-23.43192,-45.08417,DEL06-SP,Risco Médio,Alta
quinta-feira,BR-116,116.0,Pleno dia,Crescente,Céu Claro,Dupla,Curva,-26.80987,-50.3454,DEL06-SC,Risco Médio,Alta
segunda-feira,BR-116,132.0,Plena Noite,Crescente,Nublado,Dupla,Curva,-25.65734,-49.31213,DEL01-PR,Risco Médio,Alta
terça-feira,BR-316,83.0,Pleno dia,Decrescente,Céu Claro,Simples,Reta,-7.8773,-40.0796,DEL05-PE,Risco Médio,Baixa
domingo,BR-158,3.0,Plena Noite,Decrescente,Céu Claro,Simples,Reta,-24.01749,-52.36316,DEL04-PR,Risco Baixo,Baixa
sábado,BR-381,879.9,Pleno dia,Decrescente,Céu Claro,Dupla,Não Informado,-22.49922,-46.01371,DEL16-MG,Risco Médio,Alta
sábado,BR-116,499.0,Plena Noite,Crescente,Nublado,Múltipla,Curva,-24.78479,-48.18168,DEL05-SP,Risco Baixo,Alta
sexta-feira,BR-20,13.0,Pleno dia,Crescente,Céu Claro,Dupla,Reta,-15.63455,-47.7405,DEL02-DF,Risco Médio,Baixa
sexta-feira,BR-282,108.0,Pleno dia,Decrescente,Chuva,Simples,Curva,-27.71078,-49.35623,DEL01-SC,Risco Médio,Baixa
quinta-feira,BR-381,73.3,Pleno dia,Decrescente,Garoa/Chuvisco,Múltipla,Curva,-23.36936,-46.55628,DEL03-SP,Risco Baixo,Alta
sábado,BR-158,125.0,Pleno dia,Crescente,Céu Claro,Simples,Reta,-27.00453,-53.22525,DEL07-SC,Risco Médio,Baixa
sábado,BR-101,89.5,Plena Noite,Crescente,Nublado,Dupla,Retorno Regulamentado,-7.178132,-34.89968,DEL01-PB,Risco Médio,Alta
terça-feira,BR-116,581.5,Plena Noite,Decrescente,Nublado,Simples,Reta,-20.20872,-42.18196,DEL06-MG,Risco Alto,Alta
sábado,BR-101,3.0,Plena Noite,Crescente,Chuva,Dupla,Curva,-7.5328,-34.9909,DEL01-PE,Risco Baixo,Alta
domingo,BR-153,404.0,Amanhecer,Crescente,Céu Claro,Simples,Desvio Temporário,-9.445536,-48.57652,DEL02-TO,Risco Médio,Alta
sábado,BR-232,72.7,Pleno dia,Crescente,Céu Claro,Dupla,Reta,-8.187142,-35.50103,DEL02-PE,Risco Médio,Baixa
domingo,BR-20,35.9,Plena Noite,Crescente,Céu Claro,Dupla,Reta,-15.58201,-47.55052,DEL02-DF,Risco Baixo,Baixa
quarta-feira,BR-210,3.0,Anoitecer,Decrescente,Céu Claro,Simples,Não Informado,0.084722,-51.08136,DEL01-AP,Risco Médio,Baixa
quarta-feira,BR-282,6.0,Pleno dia,Decrescente,Sol,Múltipla,Curva,-27.59194,-48.61824,DEL01-SC,Risco Médio,Baixa
sábado,BR-285,121.8,Pleno dia,Decrescente,Garoa/Chuvisco,Simples,Interseção de vias,-28.51025,-50.93569,DEL05-RS,Risco Médio,Baixa
sexta-feira,BR-163,37.4,Pleno dia,Crescente,Céu Claro,Simples,Reta,-26.02898,-53.75885,DEL02-PR,Risco Médio,Alta
sábado,BR-470,26.4,Pleno dia,Crescente,Sol,Simples,Curva,-26.9002,-48.82765,DEL04-SC,Risco Médio,Baixa
domingo,BR-381,0.4,Plena Noite,Decrescente,Céu Claro,Dupla,Não Informado,-19.96825,-44.19871,DEL01-MG,Risco Médio,Alta
sexta-feira,BR-282,409.9,Pleno dia,Crescente,Sol,Simples,Rotatória,-27.06576,-51.66416,DEL07-SC,Risco Médio,Baixa
domingo,BR-101,66.2,Plena Noite,Decrescente,Céu Claro,Simples,Reta,-18.71695,-39.87351,DEL04-ES,Risco Médio,Alta
quinta-feira,BR-101,258.0,Plena Noite,Decrescente,Céu Claro,Dupla,Reta,-20.1306,-40.2961,DEL02-ES,Risco Médio,Alta
quinta-feira,BR-101,215.1,Anoitecer,Crescente,Nublado,Simples,Reta,-19.83202,-40.38029,DEL02-ES,Risco Médio,Alta
sábado,BR-277,129.5,Pleno dia,Decrescente,Nublado,Dupla,Não Informado,-25.47302,-49.636,DEL03-PR,Risco Médio,Média
quarta-feira,BR-10,177.1,Anoitecer,Decrescente,Céu Claro,Simples,Reta,-6.166694,-47.36596,DEL04-MA,Risco Médio,Baixa
sábado,BR-116,2.7,Pleno dia,Crescente,Chuva,Dupla,Curva,-22.5237,-44.72333,DEL08-SP,Risco Médio,Alta
terça-feira,BR-101,51.5,Pleno dia,Crescente,Garoa/Chuvisco,Simples,Interseção de vias,-23.46331,-45.06429,DEL06-SP,Risco Médio,Alta
sábado,BR-116,373.9,Pleno dia,Decrescente,Céu Claro,Simples,Reta,-11.75578,-38.98602,DEL02-BA,Risco Médio,Alta
sábado,BR-282,424.4,Pleno dia,Decrescente,Céu Claro,Simples,Curva,-26.98801,-51.75312,DEL07-SC,Risco Médio,Baixa
sexta-feira,BR-277,102.0,Pleno dia,Crescente,Nublado,Dupla,Reta,-25.51409,-49.33727,DEL01-PR,Risco Médio,Média
segunda-feira,BR-480,126.5,Anoitecer,Decrescente,Céu Claro,Simples,Reta,-27.02008,-52.63602,DEL07-SC,Risco Médio,Baixa
sexta-feira,BR-101,104.0,Pleno dia,Decrescente,Sol,Simples,Reta,-12.15964,-38.41162,DEL01-BA,Risco Alto,Alta
segunda-feira,BR-116,716.8,Pleno dia,Decrescente,Garoa/Chuvisco,Simples,Não Informado,-21.18891,-42.36752,DEL07-MG,Risco Médio,Alta
quarta-feira,BR-174,381.0,Amanhecer,Decrescente,Nevoeiro/Neblina,Simples,Curva,-14.53238,-59.55351,DEL04-MT,Risco Médio,Baixa
segunda-feira,BR-386,438.0,Pleno dia,Decrescente,Céu Claro,Dupla,Reta,-29.86327,-51.2529,DEL04-RS,Risco Médio,Média
terça-feira,BR-381,85.0,Pleno dia,Crescente,Céu Claro,Dupla,Reta,-23.44934,-46.56984,DEL03-SP,Risco Médio,Alta
sábado,BR-316,40.0,Plena Noite,Crescente,Nublado,Dupla,Reta,-1.279564,-48.12243,DEL01-PA,Risco Médio,Baixa
sexta-feira,BR-163,33.9,Pleno dia,Crescente,Sol,Simples,Reta,-26.07294,-53.71975,DEL02-PR,Risco Médio,Alta
sexta-feira,BR-70,4.4,Pleno dia,Decrescente,Céu Claro,Dupla,Desvio Temporário,-15.75956,-48.24919,DEL01-DF,Risco Médio,Baixa
sábado,BR-364,305.0,Plena Noite,Crescente,Chuva,Simples,Reta,-17.5052,-52.53967,DEL05-GO,Risco Alto,Alta
domingo,BR-116,43.5,Plena Noite,Decrescente,Céu Claro,Dupla,Reta,-4.118397,-38.48775,DEL01-CE,Risco Médio,Alta
quarta-feira,BR-381,195.0,Plena Noite,Crescente,Céu Claro,Simples,Curva,-19.13991,-42.22138,DEL06-MG,Risco Baixo,Alta
quinta-feira,BR-476,322.3,Pleno dia,Crescente,Céu Claro,Simples,Reta,-26.0762,-50.74652,DEL02-PR,Risco Médio,Baixa
segunda-feira,BR-101,486.0,Plena Noite,Crescente,Céu Claro,Simples,Reta,-22.97709,-44.29635,DEL03-RJ,Risco Baixo,Alta
segunda-feira,BR-60,165.3,Pleno dia,Crescente,Céu Claro,Dupla,Curva,-16.7084,-49.3503,DEL01-GO,Risco Médio,Média
sábado,BR-407,5.0,Pleno dia,Crescente,Céu Claro,Dupla,Reta,-9.447785,-40.49044,DEL06-PE,Risco Baixo,Baixa
segunda-feira,BR-155,318.0,Pleno dia,Crescente,Céu Claro,Simples,Reta,-5.592618,-49.07697,DEL03-PA,Risco Alto,Baixa
terça-feira,BR-40,655.0,Plena Noite,Crescente,Céu Claro,Simples,Não Informado,-20.8663,-43.79705,DEL05-MG,Risco Médio,Alta
sábado,BR-262,34.0,Pleno dia,Crescente,Céu Claro,Simples,Curva,-20.3752,-40.5893,DEL01-ES,Risco Baixo,Média
segunda-feira,BR-101,112.0,Plena Noite,Crescente,Céu Claro,Dupla,Reta,-5.956697,-35.26478,DEL01-RN,Risco Médio,Alta
sexta-feira,BR-369,524.0,Pleno dia,Crescente,Céu Claro,Simples,Curva,-24.9604,-53.3989,DEL04-PR,Risco Baixo,Baixa
sábado,BR-262,37.1,Pleno dia,Crescente,Céu Claro,Simples,Curva,-20.25749,-42.03049,DEL06-MG,Risco Médio,Média
quinta-feira,BR-163,1102.0,Pleno dia,Crescente,Céu Claro,Simples,Curva,-9.648083,-54.87252,DEL06-MT,Risco Médio,Alta
sexta-feira,BR-407,0.2,Pleno dia,Crescente,Céu Claro,Simples,Reta,-9.410208,-40.50541,DEL06-PE,Risco Médio,Baixa
segunda-feira,BR-386,378.1,Plena Noite,Decrescente,Chuva,Dupla,Curva,-29.63721,-51.77188,DEL04-RS,Risco Baixo,Média
sexta-feira,BR-163,544.0,Plena Noite,Decrescente,Nublado,Simples,Reta,-19.95438,-54.37498,DEL01-MS,Risco Médio,Alta
sexta-feira,BR-262,16.5,Pleno dia,Crescente,Nublado,Simples,Não Informado,-20.26155,-41.88525,DEL06-MG,Risco Alto,Média
quarta-feira,BR-40,447.5,Pleno dia,Decrescente,Nublado,Dupla,Reta,-19.2936,-44.38358,DEL02-MG,Risco Alto,Alta
sábado,BR-116,225.0,Anoitecer,Decrescente,Céu Claro,Múltipla,Reta,-23.48587,-46.54075,DEL01-SP,Risco Médio,Alta
domingo,BR-163,603.2,Pleno dia,Decrescente,Céu Claro,Simples,Reta,-13.88122,-56.08853,DEL01-MT,Risco Médio,Alta
sexta-feira,BR-101,328.0,Pleno dia,Decrescente,Céu Claro,Múltipla,Reta,-22.87029,-43.1658,DEL02-RJ,Risco Baixo,Alta
domingo,BR-316,33.5,Plena Noite,Crescente,Céu Claro,Simples,Reta,-5.34218,-42.68628,DEL01-PI,Risco Médio,Baixa
sábado,BR-101,79.0,Pleno dia,Decrescente,Céu Claro,Dupla,Reta,-8.1533,-34.9421,DEL01-PE,Risco Médio,Alta
quarta-feira,BR-280,100.1,Pleno dia,Crescente,Chuva,Simples,Curva,-26.36488,-49.33608,DEL06-SC,Risco Médio,Baixa
quinta-feira,BR-60,420.0,Plena Noite,Decrescente,Céu Claro,Simples,Reta,-20.90061,-54.92566,DEL01-MS,Risco Médio,Média
domingo,BR-10,208.0,Pleno dia,Crescente,Chuva,Simples,Desvio Temporário,-5.898466,-47.36589,DEL04-MA,Risco Médio,Baixa
terça-feira,BR-116,519.3,Plena Noite,Decrescente,Nublado,Simples,Curva,-19.71798,-42.12831,DEL06-MG,Risco Médio,Alta
quarta-feira,BR-40,24.8,Pleno dia,Crescente,Nublado,Dupla,Curva,-22.13813,-43.15928,DEL06-RJ,Risco Médio,Alta
quinta-feira,BR-277,32.0,Plena Noite,Crescente,Nublado,Simples,Curva,-25.54737,-48.79056,DEL01-PR,Risco Baixo,Média
quinta-feira,BR-369,384.0,Plena Noite,Decrescente,Céu Claro,Simples,Curva,-24.2417,-52.522,DEL04-PR,Risco Baixo,Baixa
segunda-feira,BR-101,155.3,Plena Noite,Crescente,Céu Claro,Dupla,Reta,-27.16537,-48.61142,DEL04-SC,Risco Baixo,Alta
segunda-feira,BR-316,557.0,Pleno dia,Decrescente,Garoa/Chuvisco,Simples,Reta,-4.884576,-43.30815,DEL03-MA,Risco Médio,Baixa
sábado,BR-423,43.8,Plena Noite,Decrescente,Céu Claro,Simples,Desvio Temporário,-9.2438,-37.6682,DEL03-AL,Risco Alto,Baixa
terça-feira,BR-153,390.2,Pleno dia,Decrescente,Céu Claro,Simples,Reta,-15.98883,-49.15465,DEL02-GO,Risco Médio,Alta
sábado,BR-316,615.3,Anoitecer,Decrescente,Céu Claro,Simples,Reta,-5.086548,-42.83727,DEL03-MA,Risco Médio,Baixa
quinta-feira,BR-470,70.0,Pleno dia,Crescente,Céu Claro,Simples,Reta,-26.88937,-49.25448,DEL04-SC,Risco Médio,Baixa
sábado,BR-101,143.0,Pleno dia,Decrescente,Céu Claro,Dupla,Reta,-19.34287,-40.06386,DEL04-ES,Risco Médio,Alta
sábado,BR-277,427.7,Plena Noite,Decrescente,Céu Claro,Simples,Curva,-25.38221,-52.11624,DEL04-PR,Risco Baixo,Média
sexta-feira,BR-40,300.0,Pleno dia,Crescente,Nublado,Simples,Não Informado,-18.35012,-45.09331,DEL14-MG,Risco Médio,Alta
sexta-feira,BR-116,6.0,Pleno dia,Crescente,Céu Claro,Dupla,Curva,-25.0871,-48.60776,DEL01-PR,Risco Alto,Alta
quinta-feira,BR-101,86.3,Plena Noite,Crescente,Céu Claro,Dupla,Interseção de vias,-26.63937,-48.69392,DEL03-SC,Risco Alto,Alta
segunda-feira,BR-153,74.8,Pleno dia,Decrescente,Céu Claro,Dupla,Não Informado,-20.89499,-49.4348,DEL09-SP,Risco Médio,Alta
quinta-feira,BR-101,128.5,Pleno dia,Decrescente,Céu Claro,Dupla,Reta,-9.741646,-36.06106,DEL02-AL,Risco Médio,Alta
terça-feira,BR-116,471.1,Plena Noite,Decrescente,Céu Claro,Simples,Reta,-7.278396,-38.85657,DEL05-CE,Risco Baixo,Alta
sábado,BR-158,513.8,Pleno dia,Crescente,Chuva,Simples,Reta,-26.05131,-52.6249,DEL02-PR,Risco Médio,Baixa
sexta-feira,BR-392,76.2,Pleno dia,Crescente,Céu Claro,Simples,Reta,-31.69748,-52.42086,DEL07-RS,Risco Médio,Média
quarta-feira,BR-116,140.0,Plena Noite,Crescente,Céu Claro,Simples,Não Informado,-26.96626,-50.40928,DEL06-SC,Risco Médio,Alta
sábado,BR-251,37.4,Pleno dia,Crescente,Céu Claro,Simples,Não Informado,-15.94542,-47.785,DEL01-DF,Risco Alto,Baixa
terça-feira,BR-101,482.0,Pleno dia,Crescente,Céu Claro,Dupla,Reta,-23.00453,-44.29746,DEL03-RJ,Risco Médio,Alta
segunda-feira,BR-280,91.0,Pleno dia,Decrescente,Céu Claro,Simples,Desvio Temporário,-26.40198,-49.29054,DEL06-SC,Risco Baixo,Baixa
domingo,BR-101,532.0,Pleno dia,Crescente,Nublado,Simples,Curva,-23.01787,-44.53024,DEL03-RJ,Risco Baixo,Alta
domingo,BR-163,477.0,Plena Noite,Decrescente,Nublado,Simples,Reta,-20.50428,-54.55557,DEL01-MS,Risco Baixo,Alta
domingo,BR-101,181.6,Amanhecer,Crescente,Céu Claro,Dupla,Reta,-27.38959,-48.63198,DEL01-SC,Risco Médio,Alta
sábado,BR-135,1.0,Pleno dia,Crescente,Céu Claro,Dupla,Curva,-2.53073,-44.3068,DEL01-MA,Risco Médio,Baixa
sábado,BR-116,17.0,Plena Noite,Decrescente,Céu Claro,Dupla,Reta,-3.896179,-38.50336,DEL01-CE,Risco Alto,Alta
quarta-feira,BR-101,141.3,Pleno dia,Crescente,Garoa/Chuvisco,Múltipla,Desvio Temporário,-27.04904,-48.60094,DEL04-SC,Risco Médio,Alta
quarta-feira,BR-101,353.5,Plena Noite,Decrescente,Céu Claro,Dupla,Reta,-28.61232,-49.06198,DEL02-SC,Risco Médio,Alta
sexta-feira,BR-381,838.0,Amanhecer,Crescente,Chuva,Dupla,Não Informado,-22.19253,-45.84776,DEL16-MG,Risco Baixo,Alta
quinta-feira,BR-425,54.2,Pleno dia,Crescente,Céu Claro,Simples,Reta,-10.02922,-65.31885,DEL01-RO,Risco Baixo,Baixa
quarta-feira,BR-285,450.6,Plena Noite,Crescente,Céu Claro,Simples,Curva,-28.37539,-53.84434,DEL10-RS,Risco Médio,Baixa
sexta-feira,BR-101,321.0,Pleno dia,Decrescente,Céu Claro,Dupla,Curva,-22.87832,-43.11442,DEL02-RJ,Risco Médio,Alta
segunda-feira,BR-262,36.4,Pleno dia,Crescente,Céu Claro,Simples,Rotatória,-20.25932,-42.02298,DEL06-MG,Risco Médio,Média
terça-feira,BR-230,115.0,Pleno dia,Crescente,Céu Claro,Múltipla,Reta,-5.356628,-49.08869,DEL03-PA,Risco Médio,Baixa
segunda-feira,BR-376,623.0,Pleno dia,Decrescente,Chuva,Dupla,Reta,-25.6378,-49.1608,DEL01-PR,Risco Baixo,Baixa
quinta-feira,BR-116,114.0,Pleno dia,Crescente,Chuva,Dupla,Reta,-25.56297,-49.25644,DEL01-PR,Risco Médio,Alta
sábado,BR-116,83.0,Plena Noite,Crescente,Nublado,Simples,Curva,-22.41517,-42.95011,DEL04-RJ,Risco Baixo,Alta
sábado,BR-267,23.0,Pleno dia,Crescente,Céu Claro,Simples,Reta,-21.72059,-52.35483,DEL02-MS,Risco Baixo,Baixa
domingo,BR-101,154.0,Anoitecer,Crescente,Nublado,Simples,Reta,-19.43088,-40.08394,DEL04-ES,Risco Baixo,Alta
sábado,BR-116,176.0,Pleno dia,Decrescente,Céu Claro,Dupla,Reta,-22.78395,-43.38195,DEL01-RJ,Risco Médio,Alta
domingo,BR-381,938.1,Pleno dia,Decrescente,Céu Claro,Dupla,Curva,-22.8194,-46.2984,DEL16-MG,Risco Baixo,Alta
sábado,BR-101,374.4,Plena Noite,Decrescente,Céu Claro,Dupla,Curva,-28.71633,-49.23042,DEL02-SC,Risco Baixo,Alta
quinta-feira,BR-476,124.0,Plena Noite,Crescente,Nublado,Múltipla,Reta,-25.39984,-49.21585,DEL01-PR,Risco Médio,Baixa
segunda-feira,BR-101,258.0,Pleno dia,Crescente,Céu Claro,Dupla,Não Informado,-28.00387,-48.69385,DEL02-SC,Risco Médio,Alta
segunda-feira,BR-365,65.9,Pleno dia,Crescente,Chuva,Simples,Curva,-17.03402,-44.318,DEL12-MG,Risco Médio,Média
sábado,BR-174,495.0,Plena Noite,Decrescente,Céu Claro,Dupla,Reta,2.758873,-60.73119,DEL01-RR,Risco Médio,Baixa
domingo,BR-343,311.6,Plena Noite,Decrescente,Chuva,Simples,Reta,-5.039865,-42.49408,DEL01-PI,Risco Médio,Baixa
quinta-feira,BR-101,65.0,Pleno dia,Crescente,Sol,Múltipla,Reta,-26.47136,-48.74457,DEL03-SC,Risco Médio,Alta
quarta-feira,BR-381,532.0,Plena Noite,Decrescente,Chuva,Dupla,Curva,-20.1642,-44.3666,DEL04-MG,Risco Baixo,Alta
quarta-feira,BR-40,331.4,Pleno dia,Decrescente,Céu Claro,Simples,Não Informado,-18.58524,-45.0112,DEL14-MG,Risco Médio,Alta