dia_semana,br,km,fase_dia,sentido_via,condicao_metereologica,tipo_pista,tracado_via,latitude,longitude,delegacia,classificacao_acidente,postos_policiais_PRF
domingo,BR-101,127.2,Pleno dia,Decrescente,Nublado,Dupla,Reta,-8.381106,-35.2343,DEL01-PE,Risco Baixo,Alta
quarta-feira,BR-251,279.0,Plena Noite,Crescente,Céu Claro,Simples,Não Informado,-16.02984,-42.09861,DEL12-MG,Risco Médio,Baixa
sábado,BR-226,70.0,Pleno dia,Crescente,Sol,Simples,Reta,-6.84718,-47.96069,DEL02-TO,Risco Baixo,Baixa
quinta-feira,BR-163,25.0,Pleno dia,Decrescente,Céu Claro,Simples,Não Informado,-26.1374,-53.6829,DEL02-PR,Risco Médio,Alta
segunda-feira,BR-101,508.5,Plena Noite,Decrescente,Nublado,Simples,Reta,-22.94164,-44.42239,DEL03-RJ,Risco Médio,Alta
domingo,BR-153,367.0,Plena Noite,Decrescente,Nublado,Simples,Reta,-25.72145,-50.79475,DEL08-PR,Risco Médio,Alta
quarta-feira,BR-376,467.8,Plena Noite,Decrescente,Chuva,Dupla,Reta,-25.00865,-50.35205,DEL03-PR,Risco Médio,Baixa
quinta-feira,BR-116,31.4,Pleno dia,Decrescente,Chuva,Simples,Reta,-26.31849,-49.97352,DEL06-SC,Risco Alto,Alta
quinta-feira,BR-319,60.1,Pleno dia,Decrescente,Sol,Dupla,Reta,-8.762345,-63.90435,DEL01-RO,Risco Baixo,Baixa
terça-feira,BR-20,421.3,Pleno dia,Crescente,Céu Claro,Dupla,Não Informado,-3.849868,-38.56782,DEL01-CE,Risco Alto,Baixa
quarta-feira,BR-153,77.2,Plena Noite,Crescente,Céu Claro,Simples,Reta,-13.55628,-49.06578,DEL07-GO,Risco Médio,Alta
quarta-feira,BR-116,189.0,Plena Noite,Crescente,Nublado,Dupla,Reta,-23.36435,-46.22489,DEL01-SP,Risco Médio,Alta
sábado,BR-101,362.0,Anoitecer,Crescente,Chuva,Simples,Curva,-28.6678,-49.1174,DEL02-SC,Risco Médio,Alta
sábado,BR-116,224.3,Plena Noite,Decrescente,Nublado,Múltipla,Reta,-23.48482,-46.53903,DEL01-SP,Risco Baixo,Alta
terça-feira,BR-448,0.2,Pleno dia,Decrescente,Chuva,Dupla,Viaduto,-29.82737,-51.17266,DEL01-RS,Risco Médio,Baixa
quarta-feira,BR-116,270.9,Plena Noite,Crescente,Nublado,Dupla,Reta,-23.60736,-46.765,DEL04-SP,Risco Baixo,Alta
sexta-feira,BR-428,47.0,Plena Noite,Crescente,Céu Claro,Simples,Reta,-8.605817,-39.59878,DEL05-PE,Risco Alto,Baixa
terça-feira,BR-282,487.0,Pleno dia,Crescente,Céu Claro,Simples,Reta,-26.85758,-52.2632,DEL07-SC,Risco Baixo,Baixa
sexta-feira,BR-277,1.0,Plena Noite,Decrescente,Nublado,Simples,Reta,-25.5301,-48.54849,DEL01-PR,Risco Médio,Média
sexta-feira,BR-174,509.0,Plena Noite,Crescente,Céu Claro,Simples,Reta,2.853548,-60.70208,DEL01-RR,Risco Médio,Baixa
terça-feira,BR-163,345.0,Plena Noite,Crescente,Céu Claro,Simples,Rotatória,-24.1066,-54.239,DEL06-PR,Risco Médio,Alta
domingo,BR-316,21.6,Pleno dia,Decrescente,Nublado,Dupla,Reta,-1.353875,-48.25763,DEL01-PA,Risco Alto,Baixa
quinta-feira,BR-116,65.1,Pleno dia,Decrescente,Nublado,Dupla,Curva,-22.8236,-45.19347,DEL08-SP,Risco Médio,Alta
quinta-feira,BR-153,626.0,Pleno dia,Decrescente,Céu Claro,Dupla,Reta,-17.7719,-49.1732,DEL03-GO,Risco Médio,Alta
segunda-feira,BR-463,6.1,Pleno dia,Crescente,Sol,Simples,Não Informado,-22.25631,-54.86215,DEL04-MS,Risco Médio,Baixa
sexta-feira,BR-316,10.7,Pleno dia,Crescente,Céu Claro,Dupla,Reta,-5.182895,-42.76347,DEL01-PI,Risco Médio,Baixa
sexta-feira,BR-471,150.8,Plena Noite,Decrescente,Céu Claro,Simples,Reta,-29.78233,-52.41358,DEL02-RS,Risco Alto,Baixa
terça-feira,BR-101,58.0,Pleno dia,Crescente,Céu Claro,Simples,Reta,-7.971799,-34.92125,DEL01-PE,Risco Baixo,Alta
segunda-feira,BR-210,2.0,Anoitecer,Crescente,Chuva,Simples,Reta,0.08677479,-51.08462,DEL01-AP,Risco Médio,Baixa
sábado,BR-101,256.9,Pleno dia,Crescente,Céu Claro,Dupla,Interseção de vias,-20.11912,-40.31101,DEL02-ES,Risco Médio,Alta
segunda-feira,BR-356,75.0,Pleno dia,Decrescente,Nublado,Simples,Reta,-21.4214,-41.69076,DEL08-RJ,Risco Médio,Baixa
sábado,BR-163,514.4,Pleno dia,Crescente,Nublado,Dupla,Reta,-20.21092,-54.47029,DEL01-MS,Risco Médio,Alta
sábado,BR-153,350.0,Plena Noite,Crescente,Nublado,Simples,Reta,-8.978193,-48.49765,DEL02-TO,Risco Médio,Alta
terça-feira,BR-101,47.6,Pleno dia,Crescente,Nublado,Dupla,Reta,-10.58858,-36.97237,DEL02-SE,Risco Baixo,Alta
terça-feira,BR-316,48.0,Pleno dia,Crescente,Céu Claro,Dupla,Reta,-1.291553,-48.05614,DEL01-PA,Risco Médio,Baixa
sexta-feira,BR-428,179.0,Plena Noite,Crescente,Céu Claro,Simples,Reta,-9.292183,-40.44575,DEL06-PE,Risco Médio,Baixa
sábado,BR-468,84.5,Plena Noite,Crescente,Céu Claro,Simples,Não Informado,-27.59202,-53.87237,DEL08-RS,Risco Alto,Baixa
sábado,BR-262,611.2,Pleno dia,Crescente,Chuva,Simples,Curva,-19.58868,-46.31305,DEL08-MG,Risco Médio,Média
sábado,BR-116,69.3,Pleno dia,Decrescente,Céu Claro,Simples,Interseção de vias,-22.84804,-45.2269,DEL08-SP,Risco Baixo,Alta
quinta-feira,BR-116,222.0,Pleno dia,Crescente,Céu Claro,Múltipla,Reta,-23.47103,-46.51766,DEL01-SP,Risco Médio,Alta
sábado,BR-153,147.1,Plena Noite,Decrescente,Chuva,Múltipla,Reta,-7.222652,-48.24839,DEL02-TO,Risco Médio,Alta
sexta-feira,BR-290,98.0,Pleno dia,Crescente,Céu Claro,Dupla,Reta,-29.99482,-51.2174,DEL01-RS,Risco Baixo,Baixa
segunda-feira,BR-277,466.7,Anoitecer,Crescente,Nublado,Simples,Curva,-25.34851,-52.48962,DEL04-PR,Risco Alto,Média
domingo,BR-116,142.0,Amanhecer,Decrescente,Céu Claro,Simples,Reta,-26.9788,-50.39611,DEL06-SC,Risco Médio,Alta
segunda-feira,BR-376,176.0,Plena Noite,Crescente,Nublado,Dupla,Reta,-23.41269,-51.93158,DEL07-PR,Risco Baixo,Baixa
terça-feira,BR-369,187.2,Plena Noite,Decrescente,Céu Claro,Simples,Interseção de vias,-23.42596,-51.42335,DEL07-PR,Risco Médio,Baixa
sexta-feira,BR-60,93.5,Pleno dia,Crescente,Céu Claro,Simples,Reta,-16.35362,-48.92758,DEL02-GO,Risco Médio,Média
domingo,BR-135,86.8,Plena Noite,Crescente,Nublado,Simples,Reta,-3.263683,-44.39405,DEL01-MA,Risco Alto,Baixa
segunda-feira,BR-304,49.7,Amanhecer,Crescente,Céu Claro,Simples,Reta,-4.578963,-37.77065,DEL03-CE,Risco Médio,Baixa
sexta-feira,BR-235,47.8,Plena Noite,Crescente,Nublado,Simples,Reta,-10.73189,-37.41134,DEL01-SE,Risco Médio,Baixa
quinta-feira,BR-101,716.0,Pleno dia,Decrescente,Sol,Simples,Não Informado,-16.35786,-39.57934,DEL09-BA,Risco Médio,Alta
terça-feira,BR-393,282.0,Pleno dia,Decrescente,Céu Claro,Simples,Reta,-22.4798,-44.063,DEL05-RJ,Risco Médio,Média
terça-feira,BR-40,72.9,Pleno dia,Crescente,Nublado,Simples,Não Informado,-22.45853,-43.21601,DEL06-RJ,Risco Alto,Alta
sexta-feira,BR-101,280.1,Pleno dia,Decrescente,Céu Claro,Múltipla,Reta,-20.21829,-40.34896,DEL02-ES,Risco Alto,Alta
quinta-feira,BR-282,2.8,Plena Noite,Crescente,Nublado,Dupla,Reta,-27.6009,-48.59737,DEL01-SC,Risco Médio,Baixa
sábado,BR-293,14.2,Plena Noite,Decrescente,Céu Claro,Simples,Reta,-31.75233,-52.461,DEL07-RS,Risco Médio,Baixa
quinta-feira,BR-406,151.0,Pleno dia,Crescente,Céu Claro,Simples,Reta,-5.648786,-35.44773,DEL02-RN,Risco Médio,Baixa
quinta-feira,BR-101,208.0,Plena Noite,Decrescente,Céu Claro,Múltipla,Reta,-27.60328,-48.63202,DEL01-SC,Risco Baixo,Alta
domingo,BR-163,586.0,Pleno dia,Crescente,Céu Claro,Simples,Reta,-14.03145,-56.09552,DEL01-MT,Risco Médio,Alta
sábado,BR-277,420.2,Pleno dia,Crescente,Nublado,Simples,Não Informado,-25.38164,-52.11643,DEL04-PR,Risco Baixo,Média
domingo,BR-101,269.8,Pleno dia,Decrescente,Nublado,Dupla,Reta,-20.2174,-40.26991,DEL02-ES,Risco Baixo,Alta
domingo,BR-364,290.0,Pleno dia,Decrescente,Nublado,Dupla,Curva,-15.90475,-55.09159,DEL05-MT,Risco Alto,Alta
quarta-feira,BR-381,440.0,Pleno dia,Crescente,Céu Claro,Simples,Não Informado,-19.8026,-43.7619,DEL01-MG,Risco Médio,Alta
sexta-feira,BR-277,106.8,Plena Noite,Decrescente,Nublado,Dupla,Reta,-25.57112,-49.19106,DEL01-PR,Risco Médio,Média
segunda-feira,BR-40,511.2,Plena Noite,Crescente,Nublado,Dupla,Retorno Regulamentado,-19.78164,-44.11733,DEL01-MG,Risco Médio,Alta
quarta-feira,BR-487,130.0,Plena Noite,Crescente,Chuva,Simples,Desvio Temporário,-23.88308,-52.83208,DEL09-PR,Risco Médio,Baixa
domingo,BR-60,39.0,Plena Noite,Decrescente,Céu Claro,Dupla,Não Informado,-16.1143,-48.5569,DEL01-DF,Risco Médio,Média
sexta-feira,BR-158,88.0,Plena Noite,Crescente,Chuva,Simples,Reta,-19.62102,-51.21352,DEL08-MS,Risco Médio,Baixa
terça-feira,BR-381,482.6,Pleno dia,Decrescente,Céu Claro,Dupla,Curva,-19.95833,-44.07656,DEL01-MG,Risco Médio,Alta
segunda-feira,BR-101,102.0,Plena Noite,Crescente,Nevoeiro/Neblina,Simples,Reta,-8.283689,-35.05796,DEL01-PE,Risco Médio,Alta
segunda-feira,BR-476,130.5,Pleno dia,Crescente,Nublado,Múltipla,Reta,-25.45284,-49.24271,DEL01-PR,Risco Médio,Baixa
sexta-feira,BR-158,125.0,Pleno dia,Decrescente,Céu Claro,Simples,Reta,-27.02885,-53.23391,DEL07-SC,Risco Baixo,Baixa
segunda-feira,BR-40,44.3,Plena Noite,Crescente,Céu Claro,Simples,Não Informado,-17.23242,-46.85153,DEL14-MG,Risco Médio,Alta
sábado,BR-476,128.3,Pleno dia,Decrescente,Sol,Múltipla,Curva,-25.43601,-49.23382,DEL01-PR,Risco Médio,Baixa
quinta-feira,BR-70,19.3,Pleno dia,Decrescente,Céu Claro,Dupla,Não Informado,-15.78954,-48.22306,DEL01-DF,Risco Médio,Baixa
domingo,BR-101,536.5,Plena Noite,Crescente,Céu Claro,Simples,Curva,-15.04669,-39.33411,DEL05-BA,Risco Médio,Alta
quarta-feira,BR-470,55.2,Pleno dia,Crescente,Céu Claro,Simples,Reta,-26.87641,-49.12276,DEL04-SC,Risco Médio,Baixa
terça-feira,BR-153,49.2,Pleno dia,Crescente,Céu Claro,Simples,Reta,-23.38045,-50.06146,DEL07-PR,Risco Baixo,Alta
domingo,BR-222,81.6,Plena Noite,Crescente,Céu Claro,Simples,Não Informado,-3.676688,-39.27707,DEL04-CE,Risco Baixo,Baixa
segunda-feira,BR-101,254.9,Plena Noite,Decrescente,Céu Claro,Dupla,Reta,-27.97742,-48.67948,DEL02-SC,Risco Baixo,Alta
quinta-feira,BR-116,16.5,Plena Noite,Crescente,Céu Claro,Dupla,Reta,-22.55822,-44.83795,DEL08-SP,Risco Baixo,Alta
domingo,BR-376,591.0,Plena Noite,Crescente,Nublado,Dupla,Reta,-25.46,-49.35895,DEL01-PR,Risco Baixo,Baixa
sexta-feira,BR-470,1.0,Plena Noite,Crescente,Nublado,Simples,Reta,-26.9194,-48.95923,DEL04-SC,Risco Médio,Baixa
domingo,BR-116,58.1,Plena Noite,Decrescente,Céu Claro,Simples,Reta,-4.23565,-38.48024,DEL03-CE,Risco Baixo,Alta
terça-feira,BR-101,877.0,Pleno dia,Decrescente,Céu Claro,Simples,Reta,-17.74485,-39.76601,DEL09-BA,Risco Médio,Alta
sexta-feira,BR-40,447.0,Anoitecer,Decrescente,Céu Claro,Múltipla,Reta,-19.29437,-44.38246,DEL02-MG,Risco Alto,Alta
quarta-feira,BR-116,46.3,Pleno dia,Crescente,Céu Claro,Dupla,Não Informado,-22.71394,-45.05336,DEL08-SP,Risco Médio,Alta
terça-feira,BR-40,517.7,Plena Noite,Decrescente,Nublado,Dupla,Reta,-19.83292,-44.08163,DEL01-MG,Risco Baixo,Alta
segunda-feira,BR-381,22.0,Plena Noite,Decrescente,Céu Claro,Simples,Reta,-22.99697,-46.51631,DEL03-SP,Risco Médio,Alta
terça-feira,BR-476,233.0,Pleno dia,Crescente,Garoa/Chuvisco,Simples,Curva,-25.88204,-50.00863,DEL02-PR,Risco Baixo,Baixa
terça-feira,BR-428,191.9,Pleno dia,Crescente,Sol,Simples,Reta,-9.377257,-40.48548,DEL06-PE,Risco Médio,Baixa
sexta-feira,BR-393,171.0,Pleno dia,Crescente,Céu Claro,Simples,Reta,-22.123,-43.16875,DEL06-RJ,Risco Médio,Média
terça-feira,BR-40,85.0,Pleno dia,Crescente,Céu Claro,Simples,Viaduto,-22.53134,-43.23588,DEL06-RJ,Risco Médio,Alta
segunda-feira,BR-376,167.9,Plena Noite,Crescente,Céu Claro,Dupla,Não Informado,-23.40324,-51.99632,DEL07-PR,Risco Médio,Baixa
domingo,BR-463,47.5,Plena Noite,Decrescente,Céu Claro,Simples,Reta,-22.35177,-55.2166,DEL04-MS,Risco Baixo,Baixa
sexta-feira,BR-163,1106.0,Plena Noite,Decrescente,Ignorado,Simples,Não Informado,-9.6401,-54.8807,DEL06-MT,Risco Médio,Alta
sábado,BR-116,801.3,Plena Noite,Crescente,Nublado,Simples,Reta,-21.77114,-42.73054,DEL07-MG,Risco Médio,Alta
quinta-feira,BR-230,177.5,Anoitecer,Crescente,Céu Claro,Simples,Curva,-7.1681,-36.0407,DEL02-PB,Risco Baixo,Baixa
sexta-feira,BR-364,196.0,Plena Noite,Crescente,Céu Claro,Dupla,Retorno Regulamentado,-17.91723,-51.72066,DEL05-GO,Risco Baixo,Alta
segunda-feira,BR-116,165.9,Pleno dia,Decrescente,Céu Claro,Dupla,Reta,-22.8074,-43.34394,DEL01-RJ,Risco Médio,Alta
quarta-feira,BR-470,108.0,Pleno dia,Crescente,Sol,Simples,Reta,-27.08098,-49.44105,DEL04-SC,Risco Médio,Baixa
sábado,BR-290,720.0,Plena Noite,Decrescente,Céu Claro,Simples,Rotatória,-29.77083,-57.05863,DEL13-RS,Risco Baixo,Baixa
segunda-feira,BR-60,107.2,Pleno dia,Decrescente,Céu Claro,Múltipla,Reta,-16.43817,-49.01871,DEL02-GO,Risco Médio,Média
terça-feira,BR-153,500.5,Anoitecer,Crescente,Céu Claro,Dupla,Reta,-16.7118,-49.2324,DEL01-GO,Risco Médio,Alta
terça-feira,BR-277,720.6,Plena Noite,Crescente,Céu Claro,Dupla,Reta,-25.48749,-54.50321,DEL05-PR,Risco Médio,Média
quinta-feira,BR-262,88.8,Pleno dia,Crescente,Céu Claro,Simples,Reta,-20.61163,-52.3919,DEL07-MS,Risco Médio,Média
sábado,BR-364,56.0,Pleno dia,Decrescente,Céu Claro,Simples,Desvio Temporário,-16.9526,-53.5261,DEL02-MT,Risco Médio,Alta
sábado,BR-381,774.0,Pleno dia,Crescente,Chuva,Dupla,Retorno Regulamentado,-21.79,-45.4453,DEL16-MG,Risco Baixo,Alta
quarta-feira,BR-101,70.0,Plena Noite,Decrescente,Céu Claro,Dupla,Reta,-9.364956,-35.83612,DEL01-AL,Risco Médio,Alta
sábado,BR-381,921.6,Pleno dia,Decrescente,Céu Claro,Dupla,Curva,-22.76514,-46.17348,DEL16-MG,Risco Baixo,Alta
quinta-feira,BR-101,259.0,Amanhecer,Crescente,Céu Claro,Simples,Reta,-12.95684,-39.26879,DEL01-BA,Risco Médio,Alta
sexta-feira,BR-316,110.0,Plena Noite,Crescente,Céu Claro,Simples,Reta,-1.322351,-47.52052,DEL01-PA,Risco Médio,Baixa
domingo,BR-381,71.0,Pleno dia,Crescente,Céu Claro,Dupla,Curva,-23.35048,-46.55267,DEL03-SP,Risco Médio,Alta
sexta-feira,BR-381,628.9,Pleno dia,Crescente,Chuva,Dupla,Não Informado,-20.8264,-44.8036,DEL04-MG,Risco Médio,Alta
sábado,BR-424,74.1,Plena Noite,Crescente,Céu Claro,Simples,Reta,-8.79969,-36.59106,DEL03-PE,Risco Médio,Baixa
segunda-feira,BR-101,270.8,Pleno dia,Crescente,Céu Claro,Dupla,Curva,-20.12909,-40.30812,DEL02-ES,Risco Médio,Alta
segunda-feira,BR-364,329.0,Pleno dia,Decrescente,Céu Claro,Simples,Reta,-15.82286,-55.41965,DEL02-MT,Risco Baixo,Alta
sexta-feira,BR-376,509.7,Pleno dia,Decrescente,Nublado,Dupla,Reta,-25.21985,-50.05491,DEL03-PR,Risco Médio,Baixa
terça-feira,BR-101,203.0,Anoitecer,Decrescente,Nublado,Dupla,Reta,-27.565,-48.6146,DEL01-SC,Risco Médio,Alta
segunda-feira,BR-381,712.9,Pleno dia,Decrescente,Céu Claro,Dupla,Não Informado,-21.37306,-45.19064,DEL04-MG,Risco Baixo,Alta
quarta-feira,BR-174,15.0,Pleno dia,Crescente,Céu Claro,Simples,Reta,-12.7326,-60.1298,DEL04-RO,Risco Médio,Baixa
domingo,BR-116,137.0,Pleno dia,Crescente,Céu Claro,Dupla,Reta,-23.15301,-45.78709,DEL02-SP,Risco Médio,Alta
segunda-feira,BR-230,51.1,Pleno dia,Crescente,Nublado,Dupla,Reta,-7.1897,-35.0615,DEL01-PB,Risco Baixo,Baixa
quinta-feira,BR-153,85.6,Pleno dia,Decrescente,Sol,Simples,Reta,-13.5535,-49.0828,DEL07-GO,Risco Médio,Alta
terça-feira,BR-146,397.0,Pleno dia,Crescente,Céu Claro,Simples,Rotatória,-21.28937,-46.70288,DEL09-MG,Risco Médio,Baixa
quarta-feira,BR-324,527.3,Plena Noite,Decrescente,Céu Claro,Dupla,Reta,-12.32276,-38.86869,DEL01-BA,Risco Baixo,Baixa
quinta-feira,BR-280,22.4,Plena Noite,Crescente,Chuva,Simples,Reta,-26.37112,-48.70596,DEL03-SC,Risco Médio,Baixa
quarta-feira,BR-343,590.0,Pleno dia,Decrescente,Garoa/Chuvisco,Dupla,Reta,-6.783895,-43.0151,DEL03-PI,Risco Médio,Baixa
quinta-feira,BR-381,890.5,Pleno dia,Crescente,Céu Claro,Dupla,Reta,-22.54357,-46.03842,DEL16-MG,Risco Baixo,Alta
domingo,BR-101,385.8,Plena Noite,Crescente,Céu Claro,Simples,Curva,-14.16462,-39.37394,DEL05-BA,Risco Médio,Alta
sábado,BR-365,156.0,Plena Noite,Decrescente,Céu Claro,Simples,Reta,-17.36237,-44.92459,DEL12-MG,Risco Médio,Média
domingo,BR-377,91.0,Plena Noite,Decrescente,Nublado,Simples,Reta,-28.6396,-53.5391,DEL10-RS,Risco Baixo,Baixa
terça-feira,BR-386,180.5,Pleno dia,Crescente,Céu Claro,Simples,Interseção de vias,-28.30044,-52.74493,DEL08-RS,Risco Baixo,Média
quarta-feira,BR-470,32.0,Plena Noite,Decrescente,Nublado,Dupla,Reta,-26.90179,-48.93181,DEL04-SC,Risco Médio,Baixa
quinta-feira,BR-381,521.2,Pleno dia,Decrescente,Chuva,Dupla,Curva,-20.1265,-44.3024,DEL04-MG,Risco Médio,Alta
quarta-feira,BR-116,297.5,Pleno dia,Decrescente,Nublado,Dupla,Curva,-23.77775,-46.91558,DEL04-SP,Risco Médio,Alta
terça-feira,BR-116,167.0,Plena Noite,Crescente,Céu Claro,Dupla,Curva,-22.8074,-43.34394,DEL01-RJ,Risco Médio,Alta
quinta-feira,BR-262,347.7,Pleno dia,Crescente,Céu Claro,Simples,Curva,-20.56572,-54.60345,DEL01-MS,Risco Baixo,Média
sábado,BR-101,206.0,Pleno dia,Crescente,Céu Claro,Dupla,Reta,-27.59194,-48.61825,DEL01-SC,Risco Médio,Alta
segunda-feira,BR-101,200.9,Pleno dia,Crescente,Céu Claro,Dupla,Reta,-27.54783,-48.6198,DEL01-SC,Risco Médio,Alta
sábado,BR-230,202.6,Pleno dia,Decrescente,Céu Claro,Simples,Reta,-6.822518,-44.55342,DEL05-MA,Risco Médio,Baixa
sábado,BR-116,473.0,Pleno dia,Crescente,Sol,Simples,Reta,-31.3687,-52.0918,DEL07-RS,Risco Baixo,Alta
quinta-feira,BR-135,6.8,Pleno dia,Crescente,Chuva,Dupla,Reta,-2.635162,-44.2678,DEL01-MA,Risco Médio,Baixa
sexta-feira,BR-463,3.5,Plena Noite,Crescente,Chuva,Simples,Não Informado,-22.25924,-54.83301,DEL04-MS,Risco Médio,Baixa
segunda-feira,BR-369,107.9,Pleno dia,Decrescente,Sol,Dupla,Não Informado,-23.26448,-50.78702,DEL07-PR,Risco Médio,Baixa
sábado,BR-116,143.0,Pleno dia,Decrescente,Sol,Dupla,Curva,-29.12758,-51.12715,DEL05-RS,Risco Médio,Alta
quarta-feira,BR-101,302.6,Plena Noite,Crescente,Céu Claro,Dupla,Curva,-20.36958,-40.44385,DEL01-ES,Risco Baixo,Alta
terça-feira,BR-116,211.3,Pleno dia,Crescente,Céu Claro,Simples,Interseção de vias,-26.10402,-49.7809,DEL06-SC,Risco Médio,Alta
segunda-feira,BR-290,141.5,Plena Noite,Crescente,Céu Claro,Simples,Reta,-30.08605,-51.61882,DEL02-RS,Risco Médio,Baixa
domingo,BR-101,300.0,Pleno dia,Crescente,Nublado,Múltipla,Reta,-20.35863,-40.43217,DEL01-ES,Risco Médio,Alta
sábado,BR-381,859.8,Plena Noite,Decrescente,Céu Claro,Dupla,Reta,-22.35094,-45.92749,DEL16-MG,Risco Alto,Alta
segunda-feira,BR-116,17.0,Pleno dia,Crescente,Céu Claro,Dupla,Curva,-25.10306,-48.70104,DEL01-PR,Risco Médio,Alta
terça-feira,BR-386,285.2,Plena Noite,Decrescente,Chuva,Simples,Não Informado,-29.07972,-52.27167,DEL04-RS,Risco Alto,Média
domingo,BR-163,147.2,Pleno dia,Crescente,Chuva,Dupla,Curva,-25.41785,-53.57301,DEL05-PR,Risco Médio,Alta
domingo,BR-135,193.0,Plena Noite,Decrescente,Céu Claro,Simples,Reta,-12.15321,-44.99036,DEL10-BA,Risco Médio,Baixa
segunda-feira,BR-104,118.5,Pleno dia,Decrescente,Céu Claro,Simples,Reta,-7.196378,-35.87571,DEL02-PB,Risco Médio,Baixa
domingo,BR-343,274.0,Pleno dia,Decrescente,Chuva,Simples,Reta,-4.879998,-42.22644,DEL01-PI,Risco Médio,Baixa
segunda-feira,BR-163,688.0,Plena Noite,Crescente,Céu Claro,Simples,Reta,-13.06878,-55.94101,DEL06-MT,Risco Baixo,Alta
sexta-feira,BR-222,537.0,Pleno dia,Decrescente,Céu Claro,Simples,Curva,-4.303105,-46.50272,DEL04-MA,Risco Alto,Baixa
quarta-feira,BR-470,140.4,Plena Noite,Decrescente,Garoa/Chuvisco,Simples,Reta,-27.20529,-49.64112,DEL04-SC,Risco Baixo,Baixa
sexta-feira,BR-381,531.0,Pleno dia,Decrescente,Chuva,Dupla,Curva,-20.18183,-44.37896,DEL04-MG,Risco Médio,Alta
segunda-feira,BR-470,192.0,Pleno dia,Decrescente,Chuva,Simples,Curva,-27.28366,-50.07092,DEL04-SC,Risco Baixo,Baixa
quinta-feira,BR-364,570.0,Pleno dia,Decrescente,Nublado,Simples,Curva,-9.480047,-63.10189,DEL03-RO,Risco Médio,Alta
sábado,BR-101,195.0,Pleno dia,Crescente,Nublado,Dupla,Reta,-27.50947,-48.64488,DEL01-SC,Risco Médio,Alta
segunda-feira,BR-364,516.2,Pleno dia,Decrescente,Céu Claro,Múltipla,Reta,-9.913706,-63.05564,DEL03-RO,Risco Médio,Alta
domingo,BR-262,382.0,Pleno dia,Crescente,Céu Claro,Dupla,Não Informado,-19.93396,-44.39357,DEL01-MG,Risco Médio,Média
domingo,BR-163,657.0,Pleno dia,Crescente,Céu Claro,Simples,Reta,-19.10256,-54.76796,DEL06-MS,Risco Baixo,Alta
quinta-feira,BR-153,333.0,Plena Noite,Decrescente,Céu Claro,Simples,Não Informado,-25.47272,-50.63775,DEL08-PR,Risco Médio,Alta
sexta-feira,BR-304,31.4,Anoitecer,Crescente,Céu Claro,Simples,Reta,-5.133081,-37.3445,DEL04-RN,Risco Médio,Baixa
terça-feira,BR-386,248.3,Pleno dia,Decrescente,Céu Claro,Simples,Não Informado,-28.8179,-52.48473,DEL04-RS,Risco Baixo,Média
domingo,BR-459,18.4,Plena Noite,Decrescente,Céu Claro,Simples,Não Informado,-21.85755,-46.43354,DEL09-MG,Risco Médio,Baixa
segunda-feira,BR-470,214.3,Pleno dia,Decrescente,Nublado,Simples,Reta,-27.30755,-50.24436,DEL02-SC,Risco Baixo,Baixa
quinta-feira,BR-116,35.0,Pleno dia,Crescente,Céu Claro,Simples,Reta,-8.144699,-39.11121,DEL05-PE,Risco Baixo,Alta
domingo,BR-101,340.0,Plena Noite,Decrescente,Nublado,Dupla,Desvio Temporário,-28.5023,-49.0475,DEL02-SC,Risco Médio,Alta
quinta-feira,BR-163,258.8,Pleno dia,Decrescente,Céu Claro,Dupla,Reta,-22.25258,-54.77697,DEL04-MS,Risco Médio,Alta
sábado,BR-101,415.0,Pleno dia,Decrescente,Sol,Dupla,Retorno Regulamentado,-22.90433,-43.88183,DEL03-RJ,Risco Médio,Alta
sábado,BR-476,148.0,Plena Noite,Crescente,Céu Claro,Dupla,Reta,-25.5568,-49.34693,DEL01-PR,Risco Baixo,Baixa
terça-feira,BR-101,212.5,Amanhecer,Decrescente,Céu Claro,Múltipla,Reta,-27.62997,-48.65904,DEL01-SC,Risco Médio,Alta
quarta-feira,BR-101,151.3,Plena Noite,Decrescente,Nublado,Dupla,Reta,-27.12906,-48.60972,DEL04-SC,Risco Médio,Alta
domingo,BR-116,167.2,Plena Noite,Decrescente,Céu Claro,Múltipla,Reta,-22.79981,-43.35464,DEL01-RJ,Risco Médio,Alta
sábado,BR-153,516.5,Plena Noite,Crescente,Nublado,Dupla,Retorno Regulamentado,-16.8504,-49.2473,DEL01-GO,Risco Baixo,Alta
domingo,BR-70,8.0,Plena Noite,Decrescente,Céu Claro,Dupla,Curva,-15.78497,-48.12211,DEL01-DF,Risco Médio,Baixa
sábado,BR-101,61.9,Amanhecer,Crescente,Céu Claro,Dupla,Curva,-26.45501,-48.76754,DEL03-SC,Risco Médio,Alta
terça-feira,BR-40,4.0,Plena Noite,Crescente,Céu Claro,Dupla,Curva,-16.08524,-47.98675,DEL01-DF,Risco Médio,Alta
quinta-feira,BR-116,343.0,Plena Noite,Crescente,Nublado,Dupla,Reta,-24.02387,-47.17257,DEL04-SP,Risco Baixo,Alta
sexta-feira,BR-282,218.0,Plena Noite,Decrescente,Céu Claro,Simples,Reta,-27.79724,-50.31361,DEL05-SC,Risco Baixo,Baixa