dia_semana,br,km,fase_dia,sentido_via,condicao_metereologica,tipo_pista,tracado_via,latitude,longitude,delegacia,classificacao_acidente,postos_policiais_PRF
terça-feira,BR-101,716.5,Plena Noite,Decrescente,Céu Claro,Múltipla,Reta,-16.29457,-39.58878,DEL09-BA,Risco Médio,Alta
sexta-feira,BR-116,498.0,Amanhecer,Crescente,Céu Claro,Dupla,Curva,-24.7847,-48.18111,DEL05-SP,Risco Baixo,Alta
quarta-feira,BR-251,285.1,Amanhecer,Crescente,Nublado,Simples,Reta,-16.03525,-42.12227,DEL11-MG,Risco Alto,Baixa
domingo,BR-381,477.5,Pleno dia,Decrescente,Céu Claro,Dupla,Não Informado,-19.96179,-44.05042,DEL01-MG,Risco Baixo,Alta
sexta-feira,BR-369,149.5,Pleno dia,Decrescente,Sol,Dupla,Reta,-23.29297,-51.15681,DEL07-PR,Risco Médio,Baixa
sexta-feira,BR-116,71.8,Plena Noite,Crescente,Nublado,Simples,Não Informado,-26.47804,-50.23239,DEL06-SC,Risco Médio,Alta
domingo,BR-277,134.0,Pleno dia,Decrescente,Céu Claro,Múltipla,Reta,-25.46841,-49.25383,DEL01-PR,Risco Baixo,Média
domingo,BR-277,133.0,Plena Noite,Decrescente,Céu Claro,Dupla,Não Informado,-25.47168,-49.67014,DEL03-PR,Risco Baixo,Média
domingo,BR-101,210.7,Plena Noite,Decrescente,Nublado,Simples,Reta,-27.62666,-48.65501,DEL01-SC,Risco Médio,Alta
domingo,BR-101,297.0,Pleno dia,Crescente,Sol,Simples,Reta,-22.76942,-42.91874,DEL02-RJ,Risco Médio,Alta
quinta-feira,BR-381,541.1,Plena Noite,Decrescente,Ignorado,Dupla,Não Informado,-20.239,-44.4108,DEL04-MG,Risco Médio,Alta
quarta-feira,BR-153,659.5,Plena Noite,Decrescente,Céu Claro,Simples,Não Informado,-11.70578,-49.06975,DEL02-TO,Risco Baixo,Alta
domingo,BR-277,35.0,Plena Noite,Decrescente,Chuva,Dupla,Reta,-25.55225,-48.79893,DEL01-PR,Risco Médio,Média
sábado,BR-364,221.0,Pleno dia,Decrescente,Sol,Simples,Reta,-11.52919,-61.33069,DEL02-RO,Risco Médio,Alta
domingo,BR-361,4.0,Anoitecer,Crescente,Céu Claro,Simples,Reta,-7.031776,-37.2926,DEL03-PB,Risco Baixo,Baixa
segunda-feira,BR-364,730.0,Pleno dia,Decrescente,Nublado,Simples,Reta,-14.16968,-57.26891,DEL01-MT,Risco Baixo,Alta
terça-feira,BR-163,282.0,Pleno dia,Decrescente,Céu Claro,Simples,Reta,-24.56833,-54.02001,DEL06-PR,Risco Médio,Alta
sexta-feira,BR-60,97.1,Pleno dia,Crescente,Céu Claro,Dupla,Reta,-16.3774,-48.9483,DEL02-GO,Risco Médio,Média
segunda-feira,BR-101,161.0,Plena Noite,Crescente,Nublado,Simples,Reta,-27.2237,-48.6271,DEL04-SC,Risco Médio,Alta
quarta-feira,BR-230,112.0,Plena Noite,Crescente,Céu Claro,Simples,Reta,-5.892259,-47.93835,DEL02-TO,Risco Alto,Baixa
sábado,BR-116,17.0,Pleno dia,Crescente,Chuva,Dupla,Reta,-3.896179,-38.50336,DEL01-CE,Risco Médio,Alta
quarta-feira,BR-386,349.0,Pleno dia,Decrescente,Chuva,Dupla,Reta,-29.46548,-51.95509,DEL04-RS,Risco Médio,Média
quinta-feira,BR-354,719.7,Pleno dia,Crescente,Chuva,Simples,Não Informado,-22.08481,-44.95463,DEL17-MG,Risco Médio,Baixa
terça-feira,BR-116,565.1,Pleno dia,Crescente,Chuva,Múltipla,Curva,-25.04311,-48.54046,DEL05-SP,Risco Baixo,Alta
sexta-feira,BR-101,287.0,Plena Noite,Crescente,Céu Claro,Dupla,Não Informado,-20.26494,-40.38472,DEL01-ES,Risco Médio,Alta
domingo,BR-40,111.2,Pleno dia,Decrescente,Céu Claro,Múltipla,Desvio Temporário,-22.69509,-43.28833,DEL01-RJ,Risco Médio,Alta
quinta-feira,BR-116,560.6,Pleno dia,Crescente,Chuva,Dupla,Curva,-25.01923,-48.51466,DEL05-SP,Risco Baixo,Alta
segunda-feira,BR-277,574.3,Amanhecer,Crescente,Céu Claro,Simples,Reta,-24.99201,-53.31389,DEL04-PR,Risco Alto,Média
sexta-feira,BR-364,25.3,Pleno dia,Decrescente,Céu Claro,Simples,Ponte,-17.18398,-53.37848,DEL02-MT,Risco Médio,Alta
sexta-feira,BR-470,46.9,Pleno dia,Decrescente,Céu Claro,Simples,Reta,-26.86742,-49.03047,DEL04-SC,Risco Médio,Baixa
sexta-feira,BR-369,523.5,Plena Noite,Crescente,Céu Claro,Simples,Reta,-24.9502,-53.3984,DEL04-PR,Risco Médio,Baixa
domingo,BR-163,418.0,Pleno dia,Decrescente,Céu Claro,Simples,Reta,-21.00893,-54.50877,DEL02-MS,Risco Médio,Alta
terça-feira,BR-277,721.6,Pleno dia,Crescente,Céu Claro,Dupla,Retorno Regulamentado,-25.49115,-54.51185,DEL05-PR,Risco Médio,Média
terça-feira,BR-282,349.8,Pleno dia,Decrescente,Céu Claro,Simples,Reta,-27.35825,-51.29035,DEL07-SC,Risco Baixo,Baixa
quinta-feira,BR-428,181.0,Plena Noite,Decrescente,Céu Claro,Simples,Não Informado,-9.30817,-40.4539,DEL06-PE,Risco Médio,Baixa
sábado,BR-262,159.2,Plena Noite,Decrescente,Céu Claro,Múltipla,Interseção de vias,-20.23452,-41.50626,DEL01-ES,Risco Baixo,Média
sábado,BR-101,73.8,Plena Noite,Crescente,Céu Claro,Simples,Reta,-5.706872,-35.26688,DEL02-RN,Risco Alto,Alta
domingo,BR-40,327.0,Pleno dia,Crescente,Céu Claro,Simples,Reta,-18.5582,-45.0251,DEL14-MG,Risco Médio,Alta
quarta-feira,BR-153,35.2,Pleno dia,Crescente,Céu Claro,Simples,Reta,-23.24784,-50.04312,DEL07-PR,Risco Baixo,Alta
segunda-feira,BR-153,61.4,Pleno dia,Crescente,Céu Claro,Dupla,Desvio Temporário,-20.80863,-49.3561,DEL09-SP,Risco Médio,Alta
quinta-feira,BR-20,8.5,Pleno dia,Decrescente,Céu Claro,Simples,Não Informado,-15.55298,-47.27902,DEL02-DF,Risco Médio,Baixa
quarta-feira,BR-290,61.0,Pleno dia,Crescente,Céu Claro,Dupla,Não Informado,-29.92451,-50.85853,DEL03-RS,Risco Baixo,Baixa
sábado,BR-364,343.0,Pleno dia,Crescente,Céu Claro,Dupla,Não Informado,-10.8776,-61.94683,DEL02-RO,Risco Baixo,Alta
segunda-feira,BR-470,52.7,Pleno dia,Decrescente,Chuva,Simples,Não Informado,-26.86604,-49.10023,DEL04-SC,Risco Baixo,Baixa
segunda-feira,BR-277,0.0,Pleno dia,Crescente,Chuva,Dupla,Interseção de vias,-25.5682,-48.61529,DEL01-PR,Risco Médio,Média
domingo,BR-116,530.5,Pleno dia,Crescente,Nublado,Simples,Curva,-19.81067,-42.13539,DEL06-MG,Risco Médio,Alta
segunda-feira,BR-222,520.5,Plena Noite,Crescente,Céu Claro,Simples,Reta,-4.350405,-46.40805,DEL02-MA,Risco Médio,Baixa
sábado,BR-259,22.0,Amanhecer,Crescente,Nublado,Simples,Reta,-19.55615,-40.53865,DEL02-ES,Risco Médio,Baixa
quinta-feira,BR-376,151.0,Pleno dia,Crescente,Céu Claro,Dupla,Reta,-23.30679,-52.11086,DEL07-PR,Risco Médio,Baixa
terça-feira,BR-116,148.5,Anoitecer,Crescente,Céu Claro,Dupla,Não Informado,-29.15445,-51.15102,DEL05-RS,Risco Médio,Alta
terça-feira,BR-381,525.5,Plena Noite,Crescente,Céu Claro,Dupla,Curva,-20.16711,-44.33422,DEL04-MG,Risco Alto,Alta
quinta-feira,BR-369,133.5,Pleno dia,Crescente,Céu Claro,Dupla,Interseção de vias,-23.26062,-51.01274,DEL07-PR,Risco Médio,Baixa
sábado,BR-282,3.0,Plena Noite,Crescente,Céu Claro,Dupla,Não Informado,-27.60038,-48.59971,DEL01-SC,Risco Médio,Baixa
domingo,BR-251,399.4,Pleno dia,Decrescente,Céu Claro,Simples,Reta,-16.23199,-42.90965,DEL12-MG,Risco Alto,Baixa
sábado,BR-116,529.9,Anoitecer,Crescente,Céu Claro,Dupla,Retorno Regulamentado,-19.8021,-42.13678,DEL06-MG,Risco Médio,Alta
terça-feira,BR-364,712.0,Pleno dia,Crescente,Céu Claro,Dupla,Reta,-8.775927,-63.8753,DEL01-RO,Risco Médio,Alta
segunda-feira,BR-277,662.5,Pleno dia,Decrescente,Nublado,Dupla,Reta,-25.25122,-54.00914,DEL05-PR,Risco Médio,Média
sexta-feira,BR-365,620.9,Plena Noite,Decrescente,Céu Claro,Dupla,Não Informado,-18.89281,-48.27152,DEL15-MG,Risco Médio,Média
terça-feira,BR-222,107.4,Pleno dia,Decrescente,Chuva,Simples,Reta,-3.761549,-39.47092,DEL04-CE,Risco Médio,Baixa
sábado,BR-356,146.0,Pleno dia,Crescente,Céu Claro,Simples,Reta,-21.77778,-41.30671,DEL08-RJ,Risco Médio,Baixa
sábado,BR-70,2.1,Plena Noite,Decrescente,Céu Claro,Dupla,Reta,-15.79866,-48.07425,DEL01-DF,Risco Médio,Baixa
sábado,BR-235,5.2,Plena Noite,Crescente,Céu Claro,Dupla,Não Informado,-10.9064,-37.11939,DEL01-SE,Risco Médio,Baixa
sexta-feira,BR-116,284.7,Plena Noite,Decrescente,Céu Claro,Simples,Reta,-11.04571,-38.83682,DEL02-BA,Risco Médio,Alta
terça-feira,BR-226,1.7,Pleno dia,Decrescente,Céu Claro,Dupla,Reta,-5.812104,-35.24562,DEL01-RN,Risco Médio,Baixa
domingo,BR-50,30.0,Pleno dia,Decrescente,Céu Claro,Dupla,Curva,-18.61551,-48.11661,DEL15-MG,Risco Baixo,Média
domingo,BR-280,273.8,Plena Noite,Crescente,Chuva,Simples,Curva,-26.24878,-53.21571,DEL02-PR,Risco Médio,Baixa
segunda-feira,BR-116,865.0,Amanhecer,Crescente,Nublado,Simples,Reta,-15.1667,-41.0609,DEL08-BA,Risco Médio,Alta
quinta-feira,BR-343,346.9,Plena Noite,Decrescente,Céu Claro,Simples,Reta,-5.113816,-42.77632,DEL01-PI,Risco Alto,Baixa
segunda-feira,BR-493,96.0,Plena Noite,Crescente,Nublado,Simples,Reta,-22.71243,-43.70271,DEL01-RJ,Risco Alto,Baixa
sábado,BR-472,562.7,Pleno dia,Decrescente,Céu Claro,Simples,Reta,-29.68921,-56.91215,DEL13-RS,Risco Alto,Baixa
sexta-feira,BR-381,487.0,Pleno dia,Decrescente,Chuva,Dupla,Curva,-19.95757,-44.12008,DEL01-MG,Risco Baixo,Alta
sexta-feira,BR-376,176.0,Pleno dia,Crescente,Céu Claro,Dupla,Reta,-23.41269,-51.93158,DEL09-PR,Risco Médio,Baixa
sábado,BR-277,717.9,Plena Noite,Crescente,Céu Claro,Dupla,Reta,-25.47954,-54.48481,DEL05-PR,Risco Médio,Média
sexta-feira,BR-153,505.3,Pleno dia,Crescente,Garoa/Chuvisco,Dupla,Não Informado,-16.7537,-49.2411,DEL01-GO,Risco Baixo,Alta
sexta-feira,BR-101,136.0,Pleno dia,Decrescente,Céu Claro,Dupla,Reta,-27.00811,-48.61724,DEL04-SC,Risco Médio,Alta
terça-feira,BR-153,74.7,Pleno dia,Decrescente,Céu Claro,Dupla,Reta,-20.89197,-49.43159,DEL09-SP,Risco Médio,Alta
quarta-feira,BR-163,1000.0,Pleno dia,Crescente,Céu Claro,Simples,Reta,-10.4936,-55.0713,DEL06-MT,Risco Médio,Alta
terça-feira,BR-222,102.8,Pleno dia,Decrescente,Chuva,Simples,Curva,-3.743251,-39.44034,DEL04-CE,Risco Baixo,Baixa
sábado,BR-116,247.0,Pleno dia,Crescente,Nublado,Simples,Reta,-22.5811,-43.978,DEL07-RJ,Risco Médio,Alta
sábado,BR-40,84.0,Pleno dia,Crescente,Céu Claro,Simples,Não Informado,-22.52384,-43.23738,DEL06-RJ,Risco Médio,Alta
terça-feira,BR-40,631.5,Pleno dia,Decrescente,Céu Claro,Simples,Reta,-20.67355,-43.79684,DEL05-MG,Risco Médio,Alta
terça-feira,BR-277,529.9,Plena Noite,Crescente,Céu Claro,Simples,Reta,-25.09555,-52.96097,DEL04-PR,Risco Médio,Média
quinta-feira,BR-60,248.3,Pleno dia,Decrescente,Céu Claro,Dupla,Reta,-17.1134,-49.9449,DEL01-GO,Risco Médio,Média
quarta-feira,BR-101,214.0,Pleno dia,Decrescente,Céu Claro,Simples,Reta,-12.60684,-39.05983,DEL01-BA,Risco Médio,Alta
terça-feira,BR-101,204.0,Pleno dia,Decrescente,Sol,Múltipla,Interseção de vias,-27.57457,-48.61342,DEL01-SC,Risco Médio,Alta
quarta-feira,BR-470,227.7,Plena Noite,Crescente,Chuva,Simples,Não Informado,-29.26145,-51.50666,DEL06-RS,Risco Alto,Baixa
sexta-feira,BR-470,231.9,Plena Noite,Crescente,Chuva,Simples,Curva,-27.30572,-50.39574,DEL05-SC,Risco Alto,Baixa
sábado,BR-282,277.0,Plena Noite,Decrescente,Céu Claro,Simples,Não Informado,-27.59322,-50.73601,DEL05-SC,Risco Alto,Baixa
quinta-feira,BR-116,233.7,Pleno dia,Crescente,Céu Claro,Simples,Reta,-29.64155,-51.14259,DEL01-RS,Risco Médio,Alta
domingo,BR-116,272.4,Pleno dia,Decrescente,Sol,Dupla,Reta,-23.61407,-46.78258,DEL04-SP,Risco Médio,Alta
segunda-feira,BR-153,70.9,Plena Noite,Decrescente,Nublado,Simples,Não Informado,-20.85734,-49.40636,DEL09-SP,Risco Baixo,Alta
domingo,BR-116,204.3,Plena Noite,Crescente,Céu Claro,Simples,Reta,-26.05508,-49.71686,DEL06-SC,Risco Médio,Alta
sexta-feira,BR-135,233.0,Plena Noite,Crescente,Céu Claro,Simples,Reta,-8.2134,-43.7952,DEL03-PI,Risco Alto,Baixa
sábado,BR-407,123.0,Amanhecer,Decrescente,Céu Claro,Simples,Reta,-10.43,-40.18666,DEL04-BA,Risco Médio,Baixa
quarta-feira,BR-285,378.1,Pleno dia,Crescente,Céu Claro,Simples,Reta,-28.42737,-53.15357,DEL10-RS,Risco Baixo,Baixa
quinta-feira,BR-386,409.0,Plena Noite,Decrescente,Céu Claro,Simples,Não Informado,-29.80215,-51.51188,DEL04-RS,Risco Médio,Média
domingo,BR-407,68.0,Anoitecer,Crescente,Céu Claro,Simples,Reta,-8.963758,-40.71945,DEL06-PE,Risco Médio,Baixa
domingo,BR-381,578.0,Plena Noite,Decrescente,Nublado,Dupla,Reta,-20.49228,-44.60322,DEL04-MG,Risco Médio,Alta
sexta-feira,BR-235,9.0,Pleno dia,Decrescente,Céu Claro,Simples,Reta,-10.88359,-37.13908,DEL01-SE,Risco Médio,Baixa
domingo,BR-235,298.0,Plena Noite,Decrescente,Nublado,Simples,Reta,-9.528006,-40.0692,DEL07-BA,Risco Alto,Baixa
sexta-feira,BR-392,5.0,Pleno dia,Crescente,Céu Claro,Simples,Reta,-32.07688,-52.10167,DEL07-RS,Risco Médio,Média
domingo,BR-381,30.0,Plena Noite,Crescente,Céu Claro,Dupla,Reta,-23.04562,-46.56209,DEL03-SP,Risco Médio,Alta
sábado,BR-101,121.0,Plena Noite,Crescente,Céu Claro,Dupla,Não Informado,-9.689032,-36.03449,DEL02-AL,Risco Baixo,Alta
domingo,BR-40,115.0,Pleno dia,Decrescente,Nublado,Dupla,Reta,-22.72757,-43.28916,DEL01-RJ,Risco Médio,Alta
sábado,BR-101,60.3,Amanhecer,Crescente,Chuva,Dupla,Reta,-29.68692,-50.1517,DEL03-RS,Risco Médio,Alta
domingo,BR-282,519.3,Pleno dia,Crescente,Sol,Simples,Reta,-26.94753,-52.51754,DEL07-SC,Risco Médio,Baixa
terça-feira,BR-476,245.5,Plena Noite,Decrescente,Céu Claro,Simples,Não Informado,-25.8626,-50.11426,DEL02-PR,Risco Médio,Baixa
sexta-feira,BR-116,157.3,Pleno dia,Decrescente,Sol,Dupla,Não Informado,-23.2558,-45.94407,DEL02-SP,Risco Médio,Alta
domingo,BR-304,283.0,Pleno dia,Decrescente,Céu Claro,Múltipla,Reta,-5.867572,-35.37088,DEL01-RN,Risco Médio,Baixa
terça-feira,BR-282,16.3,Anoitecer,Crescente,Céu Claro,Simples,Interseção de vias,-27.66168,-48.68452,DEL01-SC,Risco Médio,Baixa
terça-feira,BR-470,142.3,Plena Noite,Crescente,Céu Claro,Simples,Reta,-27.20529,-49.64371,DEL04-SC,Risco Médio,Baixa
quinta-feira,BR-101,108.1,Pleno dia,Crescente,Céu Claro,Dupla,Não Informado,-10.9674,-37.27393,DEL02-SE,Risco Médio,Alta
segunda-feira,BR-476,47.0,Plena Noite,Decrescente,Ignorado,Simples,Reta,-24.91541,-49.10144,DEL01-PR,Risco Médio,Baixa
sábado,BR-101,267.1,Pleno dia,Crescente,Nublado,Dupla,Reta,-28.08687,-48.7106,DEL02-SC,Risco Baixo,Alta
sexta-feira,BR-222,371.5,Anoitecer,Decrescente,Céu Claro,Simples,Ponte,-3.736266,-45.4327,DEL02-MA,Risco Médio,Baixa
sexta-feira,BR-369,174.0,Amanhecer,Crescente,Nublado,Simples,Interseção de vias,-23.31845,-51.37933,DEL07-PR,Risco Médio,Baixa
terça-feira,BR-135,387.0,Plena Noite,Crescente,Céu Claro,Simples,Reta,-9.325157,-44.51786,DEL03-PI,Risco Médio,Baixa
quarta-feira,BR-153,334.0,Pleno dia,Decrescente,Céu Claro,Simples,Reta,-8.835718,-48.51212,DEL02-TO,Risco Médio,Alta
quarta-feira,BR-470,58.0,Pleno dia,Crescente,Céu Claro,Simples,Reta,-26.88388,-49.14562,DEL04-SC,Risco Médio,Baixa
segunda-feira,BR-20,253.3,Pleno dia,Crescente,Céu Claro,Simples,Reta,-4.762243,-39.48557,DEL02-CE,Risco Médio,Baixa
quarta-feira,BR-163,860.0,Plena Noite,Crescente,Ignorado,Simples,Reta,-11.86459,-55.50293,DEL06-MT,Risco Baixo,Alta
terça-feira,BR-101,334.9,Pleno dia,Decrescente,Chuva,Simples,Interseção de vias,-28.4673,-49.0071,DEL02-SC,Risco Baixo,Alta
quinta-feira,BR-381,789.8,Plena Noite,Decrescente,Céu Claro,Dupla,Reta,-21.8793,-45.5429,DEL16-MG,Risco Médio,Alta
quarta-feira,BR-381,72.9,Pleno dia,Crescente,Chuva,Dupla,Curva,-23.36387,-46.55257,DEL03-SP,Risco Médio,Alta
domingo,BR-116,259.0,Plena Noite,Decrescente,Chuva,Dupla,Curva,-22.58205,-44.03113,DEL07-RJ,Risco Baixo,Alta
quinta-feira,BR-60,83.3,Anoitecer,Crescente,Nublado,Dupla,Não Informado,-16.3149,-48.846,DEL02-GO,Risco Alto,Média
domingo,BR-60,189.0,Plena Noite,Decrescente,Céu Claro,Dupla,Reta,-16.8222,-49.534,DEL01-GO,Risco Médio,Média
quarta-feira,BR-116,171.4,Plena Noite,Crescente,Céu Claro,Dupla,Reta,-23.31304,-46.06518,DEL02-SP,Risco Médio,Alta
terça-feira,BR-163,1001.0,Pleno dia,Decrescente,Céu Claro,Simples,Interseção de vias,-2.464507,-54.72745,DEL05-PA,Risco Baixo,Alta
sexta-feira,BR-116,379.8,Pleno dia,Decrescente,Sol,Dupla,Reta,-30.76077,-51.64398,DEL02-RS,Risco Médio,Alta
domingo,BR-116,38.6,Amanhecer,Crescente,Garoa/Chuvisco,Dupla,Curva,-25.16045,-48.86145,DEL01-PR,Risco Médio,Alta
segunda-feira,BR-116,221.0,Pleno dia,Crescente,Céu Claro,Múltipla,Reta,-23.46802,-46.50705,DEL01-SP,Risco Médio,Alta
domingo,BR-70,41.0,Plena Noite,Decrescente,Céu Claro,Simples,Reta,-15.7754,-52.57182,DEL07-MT,Risco Médio,Baixa
sábado,BR-101,269.0,Plena Noite,Crescente,Céu Claro,Múltipla,Reta,-20.12152,-40.30779,DEL02-ES,Risco Baixo,Alta
domingo,BR-482,8.6,Pleno dia,Crescente,Céu Claro,Dupla,Reta,-20.86187,-41.11846,DEL03-ES,Risco Médio,Baixa
domingo,BR-116,125.0,Plena Noite,Crescente,Céu Claro,Dupla,Curva,-22.65157,-43.0777,DEL02-RJ,Risco Médio,Alta
segunda-feira,BR-153,18.5,Pleno dia,Crescente,Céu Claro,Simples,Interseção de vias,-23.1494,-49.95343,DEL07-PR,Risco Médio,Alta
quinta-feira,BR-262,368.2,Pleno dia,Crescente,Céu Claro,Dupla,Não Informado,-19.96164,-44.33623,DEL01-MG,Risco Alto,Média
sexta-feira,BR-80,22.0,Plena Noite,Crescente,Ignorado,Simples,Reta,-15.64789,-48.20176,DEL01-DF,Risco Médio,Baixa
quarta-feira,BR-262,447.0,Pleno dia,Decrescente,Nublado,Simples,Não Informado,-20.53588,-55.42832,DEL03-MS,Risco Médio,Média
sexta-feira,BR-277,83.5,Anoitecer,Decrescente,Nublado,Dupla,Viaduto,-25.56894,-49.18198,DEL01-PR,Risco Médio,Média
sábado,BR-369,161.2,Pleno dia,Decrescente,Sol,Dupla,Interseção de vias,-23.28864,-51.26166,DEL07-PR,Risco Médio,Baixa
quarta-feira,BR-158,323.0,Pleno dia,Decrescente,Céu Claro,Simples,Reta,-29.69557,-53.78022,DEL09-RS,Risco Alto,Baixa
sexta-feira,BR-428,187.9,Pleno dia,Crescente,Céu Claro,Simples,Rotatória,-9.356043,-40.47854,DEL06-PE,Risco Baixo,Baixa
quinta-feira,BR-381,922.0,Plena Noite,Decrescente,Céu Claro,Dupla,Reta,-22.76708,-46.2179,DEL16-MG,Risco Médio,Alta
sábado,BR-101,136.7,Pleno dia,Decrescente,Céu Claro,Dupla,Reta,-27.0158,-48.6117,DEL04-SC,Risco Médio,Alta
sábado,BR-116,220.8,Pleno dia,Decrescente,Céu Claro,Múltipla,Reta,-23.4686,-46.50913,DEL01-SP,Risco Médio,Alta
segunda-feira,BR-116,147.0,Pleno dia,Crescente,Céu Claro,Dupla,Reta,-29.14908,-51.143,DEL05-RS,Risco Médio,Alta
sexta-feira,BR-470,40.6,Plena Noite,Crescente,Nublado,Simples,Reta,-26.89776,-48.98637,DEL04-SC,Risco Baixo,Baixa
sábado,BR-280,24.2,Pleno dia,Crescente,Sol,Simples,Reta,-26.37857,-48.72108,DEL03-SC,Risco Médio,Baixa
segunda-feira,BR-101,302.0,Pleno dia,Decrescente,Céu Claro,Dupla,Reta,-22.78069,-42.96706,DEL02-RJ,Risco Baixo,Alta
terça-feira,BR-60,166.9,Pleno dia,Decrescente,Céu Claro,Simples,Não Informado,-16.71971,-49.36915,DEL01-GO,Risco Médio,Média
sexta-feira,BR-101,334.6,Plena Noite,Decrescente,Céu Claro,Simples,Não Informado,-28.4673,-49.00604,DEL02-SC,Risco Médio,Alta
sábado,BR-101,400.5,Pleno dia,Crescente,Sol,Dupla,Curva,-22.84837,-43.76952,DEL03-RJ,Risco Médio,Alta
sexta-feira,BR-70,11.6,Pleno dia,Crescente,Céu Claro,Múltipla,Desvio Temporário,-15.73878,-48.30124,DEL01-DF,Risco Médio,Baixa
domingo,BR-116,409.0,Pleno dia,Decrescente,Céu Claro,Simples,Interseção de vias,-18.84795,-41.97973,DEL06-MG,Risco Médio,Alta
sábado,BR-381,887.0,Plena Noite,Decrescente,Nublado,Dupla,Reta,-22.56149,-46.04081,DEL16-MG,Risco Médio,Alta
sexta-feira,BR-232,36.2,Anoitecer,Decrescente,Céu Claro,Dupla,Reta,-8.110828,-35.20126,DEL01-PE,Risco Baixo,Baixa
sábado,BR-116,219.0,Plena Noite,Crescente,Céu Claro,Múltipla,Reta,-23.46144,-46.48885,DEL01-SP,Risco Médio,Alta
domingo,BR-101,116.6,Plena Noite,Decrescente,Céu Claro,Múltipla,Reta,-26.87906,-48.72604,DEL04-SC,Risco Baixo,Alta
terça-feira,BR-364,715.0,Anoitecer,Crescente,Céu Claro,Simples,Interseção de vias,-8.781028,-63.89351,DEL01-RO,Risco Médio,Alta
sexta-feira,BR-282,17.5,Pleno dia,Decrescente,Céu Claro,Simples,Reta,-27.66999,-48.6918,DEL01-SC,Risco Baixo,Baixa
quinta-feira,BR-40,23.1,Pleno dia,Decrescente,Garoa/Chuvisco,Simples,Interseção de vias,-17.12046,-46.98625,DEL14-MG,Risco Médio,Alta
sexta-feira,BR-277,322.0,Pleno dia,Crescente,Chuva,Simples,Curva,-25.37729,-51.28855,DEL03-PR,Risco Baixo,Média
quarta-feira,BR-316,4.7,Amanhecer,Crescente,Céu Claro,Dupla,Reta,-5.136559,-42.789,DEL01-PI,Risco Baixo,Baixa
domingo,BR-20,11.0,Plena Noite,Decrescente,Céu Claro,Dupla,Reta,-15.64568,-47.76404,DEL02-DF,Risco Médio,Baixa
sábado,BR-222,129.0,Pleno dia,Crescente,Nublado,Simples,Curva,-3.706649,-39.6224,DEL04-CE,Risco Baixo,Baixa
sábado,BR-493,0.1,Pleno dia,Decrescente,Nublado,Simples,Curva,-22.76811,-42.92249,DEL02-RJ,Risco Médio,Baixa
domingo,BR-163,308.0,Plena Noite,Decrescente,Ignorado,Simples,Reta,-7.074452,-55.40738,DEL05-PA,Risco Médio,Alta
segunda-feira,BR-116,565.7,Plena Noite,Decrescente,Chuva,Simples,Reta,-20.06875,-42.17752,DEL06-MG,Risco Baixo,Alta
segunda-feira,BR-116,42.0,Pleno dia,Crescente,Céu Claro,Simples,Reta,-22.14561,-42.79363,DEL04-RJ,Risco Médio,Alta
quarta-feira,BR-487,158.8,Plena Noite,Crescente,Nublado,Simples,Não Informado,-23.96846,-52.56932,DEL04-PR,Risco Baixo,Baixa
domingo,BR-10,242.0,Pleno dia,Crescente,Céu Claro,Simples,Reta,-5.610982,-47.41887,DEL04-MA,Risco Médio,Baixa
sexta-feira,BR-101,76.0,Pleno dia,Crescente,Céu Claro,Dupla,Reta,-8.118138,-34.94329,DEL01-PE,Risco Baixo,Alta
terça-feira,BR-316,225.0,Pleno dia,Decrescente,Chuva,Simples,Curva,-9.466922,-36.1803,DEL01-AL,Risco Médio,Baixa
sexta-feira,BR-163,117.2,Pleno dia,Crescente,Nublado,Simples,Não Informado,-26.35441,-53.54348,DEL07-SC,Risco Baixo,Alta
quinta-feira,BR-470,69.0,Pleno dia,Decrescente,Céu Claro,Simples,Não Informado,-26.88375,-49.2467,DEL04-SC,Risco Médio,Baixa
quinta-feira,BR-116,121.7,Plena Noite,Decrescente,Nublado,Dupla,Viaduto,-23.0782,-45.65724,DEL06-SP,Risco Alto,Alta
domingo,BR-153,8.2,Pleno dia,Crescente,Céu Claro,Simples,Reta,-20.3757,-49.22841,DEL09-SP,Risco Médio,Alta
quinta-feira,BR-116,105.0,Pleno dia,Decrescente,Céu Claro,Dupla,Reta,-23.00758,-45.51467,DEL08-SP,Risco Baixo,Alta
domingo,BR-153,508.0,Amanhecer,Decrescente,Céu Claro,Dupla,Não Informado,-16.7804,-49.2371,DEL01-GO,Risco Médio,Alta
segunda-feira,BR-101,141.7,Pleno dia,Decrescente,Céu Claro,Simples,Reta,-27.04762,-48.59996,DEL04-SC,Risco Médio,Alta
sábado,BR-116,153.0,Plena Noite,Crescente,Céu Claro,Simples,Reta,-25.86456,-49.36303,DEL01-PR,Risco Baixo,Alta
terça-feira,BR-101,313.0,Plena Noite,Crescente,Céu Claro,Simples,Reta,-22.81049,-43.06983,DEL02-RJ,Risco Médio,Alta
sexta-feira,BR-354,703.5,Plena Noite,Decrescente,Céu Claro,Simples,Reta,-21.97541,-44.92323,DEL05-MG,Risco Baixo,Baixa
sexta-feira,BR-381,876.6,Amanhecer,Decrescente,Nublado,Dupla,Curva,-22.47281,-46.01073,DEL16-MG,Risco Médio,Alta