dia_semana,br,km,fase_dia,sentido_via,condicao_metereologica,tipo_pista,tracado_via,latitude,longitude,delegacia,classificacao_acidente,postos_policiais_PRF
quarta-feira,BR-262,761.6,Pleno dia,Crescente,Céu Claro,Simples,Reta,-19.66958,-47.61672,DEL13-MG,Risco Médio,Média
domingo,BR-70,11.2,Pleno dia,Decrescente,Céu Claro,Dupla,Não Informado,-15.78976,-48.14873,DEL01-DF,Risco Médio,Baixa
domingo,BR-470,142.5,Plena Noite,Crescente,Céu Claro,Simples,Curva,-27.21647,-49.65357,DEL04-SC,Risco Médio,Baixa
quinta-feira,BR-116,107.6,Pleno dia,Decrescente,Céu Claro,Simples,Curva,-26.76856,-50.35053,DEL06-SC,Risco Médio,Alta
quarta-feira,BR-230,402.6,Pleno dia,Decrescente,Céu Claro,Simples,Interseção de vias,-7.516066,-46.03475,DEL05-MA,Risco Baixo,Baixa
sexta-feira,BR-40,130.2,Pleno dia,Crescente,Garoa/Chuvisco,Simples,Reta,-16.90881,-47.35007,DEL01-DF,Risco Médio,Alta
sábado,BR-101,82.0,Pleno dia,Crescente,Nublado,Dupla,Reta,-8.1768,-34.9443,DEL01-PE,Risco Médio,Alta
quinta-feira,BR-153,49.0,Pleno dia,Decrescente,Céu Claro,Simples,Interseção de vias,-27.65389,-52.26093,DEL08-RS,Risco Médio,Alta
sábado,BR-60,386.0,Pleno dia,Crescente,Céu Claro,Dupla,Reta,-17.8029,-50.9205,DEL04-GO,Risco Baixo,Média
segunda-feira,BR-101,111.0,Pleno dia,Decrescente,Nublado,Dupla,Reta,-10.9935,-37.2986,DEL02-SE,Risco Médio,Alta
sábado,BR-101,295.0,Pleno dia,Crescente,Chuva,Múltipla,Reta,-22.76365,-42.90224,DEL02-RJ,Risco Médio,Alta
quinta-feira,BR-101,81.0,Plena Noite,Crescente,Céu Claro,Dupla,Reta,-7.127571,-34.94027,DEL01-PB,Risco Médio,Alta
quarta-feira,BR-316,128.6,Plena Noite,Crescente,Nublado,Simples,Reta,-9.3921,-36.86106,DEL03-AL,Risco Baixo,Baixa
segunda-feira,BR-470,69.7,Pleno dia,Decrescente,Céu Claro,Simples,Reta,-26.88375,-49.2467,DEL04-SC,Risco Médio,Baixa
terça-feira,BR-381,681.2,Plena Noite,Crescente,Céu Claro,Dupla,Reta,-21.13696,-45.10506,DEL04-MG,Risco Baixo,Alta
segunda-feira,BR-163,556.0,Pleno dia,Crescente,Céu Claro,Simples,Reta,-14.3246,-56.14357,DEL01-MT,Risco Alto,Alta
quarta-feira,BR-277,176.7,Pleno dia,Crescente,Céu Claro,Simples,Não Informado,-25.43552,-50.01389,DEL03-PR,Risco Médio,Média
domingo,BR-70,3.2,Amanhecer,Decrescente,Céu Claro,Dupla,Curva,-15.80245,-48.08039,DEL01-DF,Risco Alto,Baixa
quarta-feira,BR-116,107.6,Pleno dia,Crescente,Sol,Simples,Não Informado,-26.7539,-50.33261,DEL06-SC,Risco Alto,Alta
sexta-feira,BR-116,422.0,Pleno dia,Decrescente,Céu Claro,Simples,Interseção de vias,-12.23148,-38.96926,DEL02-BA,Risco Baixo,Alta
sexta-feira,BR-116,3.0,Pleno dia,Decrescente,Chuva,Dupla,Curva,-25.0746,-48.5888,DEL01-PR,Risco Baixo,Alta
quarta-feira,BR-104,137.3,Pleno dia,Decrescente,Céu Claro,Simples,Reta,-7.352277,-35.90094,DEL02-PB,Risco Médio,Baixa
domingo,BR-104,185.0,Pleno dia,Decrescente,Nublado,Simples,Curva,-7.66764,-36.0808,DEL02-PB,Risco Médio,Baixa
sábado,BR-381,932.5,Pleno dia,Decrescente,Céu Claro,Dupla,Curva,-22.79265,-46.25024,DEL16-MG,Risco Médio,Alta
domingo,BR-381,485.0,Pleno dia,Crescente,Céu Claro,Dupla,Curva,-19.95908,-44.09032,DEL01-MG,Risco Médio,Alta
quarta-feira,BR-381,480.5,Pleno dia,Crescente,Céu Claro,Múltipla,Reta,-19.95929,-44.05445,DEL01-MG,Risco Médio,Alta
sábado,BR-280,24.1,Plena Noite,Decrescente,Nublado,Simples,Não Informado,-26.37826,-48.7206,DEL03-SC,Risco Médio,Baixa
quarta-feira,BR-277,433.9,Pleno dia,Decrescente,Céu Claro,Simples,Curva,-25.38158,-52.19989,DEL04-PR,Risco Médio,Média
segunda-feira,BR-376,497.0,Pleno dia,Decrescente,Céu Claro,Dupla,Viaduto,-25.14942,-50.14542,DEL03-PR,Risco Baixo,Baixa
domingo,BR-230,296.4,Pleno dia,Crescente,Céu Claro,Simples,Não Informado,-6.834371,-42.90653,DEL03-PI,Risco Baixo,Baixa
sexta-feira,BR-280,239.6,Plena Noite,Decrescente,Nevoeiro/Neblina,Simples,Reta,-26.20971,-50.44782,DEL06-SC,Risco Médio,Baixa
segunda-feira,BR-101,100.8,Pleno dia,Decrescente,Céu Claro,Múltipla,Reta,-8.290301,-35.04371,DEL01-PE,Risco Médio,Alta
sábado,BR-101,95.0,Anoitecer,Decrescente,Céu Claro,Múltipla,Interseção de vias,-5.8395,-35.211,DEL01-RN,Risco Baixo,Alta
segunda-feira,BR-324,512.9,Pleno dia,Crescente,Nublado,Simples,Reta,-12.23193,-38.95541,DEL02-BA,Risco Médio,Baixa
terça-feira,BR-101,218.3,Anoitecer,Crescente,Nublado,Múltipla,Reta,-27.67586,-48.67053,DEL01-SC,Risco Médio,Alta
terça-feira,BR-369,159.0,Pleno dia,Decrescente,Céu Claro,Dupla,Reta,-23.28316,-51.24767,DEL07-PR,Risco Médio,Baixa
sábado,BR-116,226.0,Pleno dia,Crescente,Nublado,Simples,Curva,-22.65417,-43.83639,DEL07-RJ,Risco Médio,Alta
quinta-feira,BR-40,66.0,Amanhecer,Decrescente,Chuva,Dupla,Reta,-22.43457,-43.17255,DEL06-RJ,Risco Médio,Alta
quinta-feira,BR-116,157.0,Pleno dia,Crescente,Sol,Dupla,Reta,-23.25558,-45.94378,DEL02-SP,Risco Médio,Alta
domingo,BR-101,266.3,Plena Noite,Decrescente,Nublado,Múltipla,Interseção de vias,-20.1936,-40.2683,DEL02-ES,Risco Baixo,Alta
quarta-feira,BR-476,130.0,Anoitecer,Crescente,Nublado,Múltipla,Reta,-25.45377,-49.24536,DEL01-PR,Risco Médio,Baixa
segunda-feira,BR-319,64.0,Pleno dia,Decrescente,Nublado,Dupla,Reta,-8.766685,-63.88405,DEL01-RO,Risco Médio,Baixa
quarta-feira,BR-101,138.0,Plena Noite,Crescente,Céu Claro,Dupla,Reta,-27.02397,-48.60762,DEL04-SC,Risco Médio,Alta
domingo,BR-471,463.0,Pleno dia,Crescente,Céu Claro,Simples,Reta,-32.09106,-52.3047,DEL07-RS,Risco Médio,Baixa
segunda-feira,BR-163,854.9,Pleno dia,Crescente,Céu Claro,Simples,Interseção de vias,-11.69345,-55.45161,DEL06-MT,Risco Baixo,Alta
sábado,BR-174,426.0,Plena Noite,Crescente,Nublado,Simples,Curva,2.277648,-60.96292,DEL01-RR,Risco Médio,Baixa
segunda-feira,BR-242,399.0,Plena Noite,Crescente,Céu Claro,Simples,Curva,-12.47381,-41.68235,DEL06-BA,Risco Médio,Baixa
domingo,BR-470,214.5,Pleno dia,Crescente,Garoa/Chuvisco,Simples,Curva,-29.14409,-51.53555,DEL06-RS,Risco Médio,Baixa
domingo,BR-414,379.5,Anoitecer,Decrescente,Céu Claro,Simples,Curva,-15.82355,-48.77925,DEL02-GO,Risco Médio,Baixa
quinta-feira,BR-381,671.8,Pleno dia,Crescente,Céu Claro,Dupla,Curva,-21.0708,-45.0516,DEL04-MG,Risco Médio,Alta
sábado,BR-376,217.8,Pleno dia,Crescente,Céu Claro,Simples,Interseção de vias,-23.59689,-51.6353,DEL09-PR,Risco Médio,Baixa
quinta-feira,BR-101,203.0,Anoitecer,Crescente,Céu Claro,Dupla,Reta,-27.565,-48.6146,DEL01-SC,Risco Médio,Alta
quinta-feira,BR-230,22.0,Pleno dia,Decrescente,Céu Claro,Dupla,Reta,-7.150871,-34.8526,DEL01-PB,Risco Médio,Baixa
domingo,BR-101,572.0,Plena Noite,Crescente,Nublado,Simples,Reta,-23.19406,-44.7277,DEL03-RJ,Risco Alto,Alta
terça-feira,BR-116,146.1,Pleno dia,Crescente,Sol,Múltipla,Reta,-23.19364,-45.86821,DEL02-SP,Risco Médio,Alta
quinta-feira,BR-116,282.1,Pleno dia,Decrescente,Sol,Dupla,Reta,-23.66331,-46.85337,DEL04-SP,Risco Médio,Alta
quinta-feira,BR-116,530.0,Pleno dia,Decrescente,Céu Claro,Múltipla,Reta,-19.77951,-42.13292,DEL06-MG,Risco Médio,Alta
quinta-feira,BR-381,368.0,Pleno dia,Decrescente,Céu Claro,Simples,Curva,-19.85073,-43.28377,DEL03-MG,Risco Baixo,Alta
quinta-feira,BR-101,306.9,Pleno dia,Crescente,Céu Claro,Simples,Reta,-20.39894,-40.45649,DEL03-ES,Risco Médio,Alta
terça-feira,BR-116,144.0,Amanhecer,Crescente,Céu Claro,Simples,Curva,-22.67168,-43.28579,DEL04-RJ,Risco Médio,Alta
sexta-feira,BR-376,251.8,Pleno dia,Crescente,Chuva,Dupla,Reta,-23.62493,-51.38216,DEL07-PR,Risco Médio,Baixa
quarta-feira,BR-230,125.0,Pleno dia,Crescente,Sol,Simples,Reta,-5.376522,-49.14349,DEL03-PA,Risco Médio,Baixa
sexta-feira,BR-376,112.3,Pleno dia,Decrescente,Chuva,Simples,Desvio Temporário,-23.093,-52.38453,DEL09-PR,Risco Médio,Baixa
segunda-feira,BR-163,90.4,Pleno dia,Decrescente,Sol,Simples,Reta,-26.5554,-53.51498,DEL07-SC,Risco Baixo,Alta
sexta-feira,BR-381,691.5,Pleno dia,Crescente,Céu Claro,Dupla,Reta,-21.24243,-45.13577,DEL04-MG,Risco Alto,Alta
segunda-feira,BR-101,313.0,Pleno dia,Crescente,Nublado,Dupla,Reta,-22.81049,-43.06983,DEL02-RJ,Risco Médio,Alta
segunda-feira,BR-262,678.3,Pleno dia,Crescente,Céu Claro,Simples,Curva,-19.55519,-46.88719,DEL08-MG,Risco Médio,Média
quarta-feira,BR-476,180.0,Pleno dia,Decrescente,Céu Claro,Simples,Curva,-25.70667,-49.59128,DEL01-PR,Risco Médio,Baixa
quarta-feira,BR-101,204.0,Pleno dia,Decrescente,Chuva,Dupla,Curva,-27.574,-48.6136,DEL01-SC,Risco Médio,Alta
domingo,BR-101,5.5,Plena Noite,Crescente,Céu Claro,Dupla,Reta,-10.24008,-36.85267,DEL02-SE,Risco Alto,Alta
sábado,BR-60,18.5,Pleno dia,Crescente,Sol,Dupla,Curva,-16.11455,-48.38611,DEL01-DF,Risco Baixo,Média
quarta-feira,BR-369,185.0,Plena Noite,Decrescente,Céu Claro,Simples,Interseção de vias,-23.40777,-51.42802,DEL07-PR,Risco Médio,Baixa
sábado,BR-304,213.3,Anoitecer,Decrescente,Céu Claro,Simples,Reta,-5.750528,-36.05106,DEL01-RN,Risco Alto,Baixa
sexta-feira,BR-222,3.1,Pleno dia,Crescente,Céu Claro,Simples,Reta,-3.740385,-38.59575,DEL01-CE,Risco Médio,Baixa
domingo,BR-101,73.0,Pleno dia,Decrescente,Céu Claro,Múltipla,Reta,-5.706872,-35.26688,DEL02-RN,Risco Médio,Alta
terça-feira,BR-381,89.0,Pleno dia,Crescente,Céu Claro,Múltipla,Reta,-23.48723,-46.55966,DEL03-SP,Risco Médio,Alta
quinta-feira,BR-101,100.5,Pleno dia,Crescente,Céu Claro,Simples,Reta,-8.289379,-35.04184,DEL01-PE,Risco Médio,Alta
sexta-feira,BR-153,441.0,Anoitecer,Crescente,Céu Claro,Dupla,Não Informado,-16.31587,-48.92161,DEL02-GO,Risco Alto,Alta
segunda-feira,BR-116,121.0,Pleno dia,Crescente,Nublado,Dupla,Reta,-23.07634,-45.65341,DEL06-SP,Risco Médio,Alta
terça-feira,BR-50,67.0,Pleno dia,Crescente,Céu Claro,Simples,Viaduto,-18.88408,-48.26603,DEL15-MG,Risco Baixo,Média
sábado,BR-101,57.0,Pleno dia,Decrescente,Sol,Dupla,Reta,-7.9642,-34.9165,DEL01-PE,Risco Baixo,Alta
quarta-feira,BR-116,179.0,Plena Noite,Decrescente,Céu Claro,Dupla,Reta,-22.76987,-43.40808,DEL01-RJ,Risco Médio,Alta
quarta-feira,BR-101,540.0,Plena Noite,Crescente,Chuva,Simples,Não Informado,-23.05467,-44.59038,DEL03-RJ,Risco Médio,Alta
segunda-feira,BR-381,445.0,Plena Noite,Crescente,Chuva,Simples,Curva,-19.82543,-43.8341,DEL01-MG,Risco Médio,Alta
terça-feira,BR-60,186.8,Pleno dia,Crescente,Céu Claro,Dupla,Reta,-16.81867,-49.53198,DEL01-GO,Risco Alto,Média
terça-feira,BR-163,314.0,Plena Noite,Crescente,Céu Claro,Simples,Reta,-24.363,-54.147,DEL06-PR,Risco Baixo,Alta
domingo,BR-70,516.6,Plena Noite,Decrescente,Céu Claro,Simples,Reta,-15.70206,-56.15671,DEL01-MT,Risco Médio,Baixa
terça-feira,BR-116,194.0,Plena Noite,Decrescente,Nublado,Dupla,Não Informado,-23.38436,-46.26443,DEL02-SP,Risco Médio,Alta
quarta-feira,BR-230,120.0,Plena Noite,Decrescente,Nublado,Dupla,Curva,-5.351785,-49.12098,DEL03-PA,Risco Médio,Baixa
segunda-feira,BR-163,823.0,Pleno dia,Decrescente,Sol,Simples,Não Informado,-11.96421,-55.51712,DEL06-MT,Risco Médio,Alta
domingo,BR-470,176.0,Plena Noite,Decrescente,Céu Claro,Simples,Não Informado,-27.25188,-50.01938,DEL04-SC,Risco Médio,Baixa
terça-feira,BR-319,62.0,Pleno dia,Decrescente,Nublado,Múltipla,Reta,-8.766685,-63.88405,DEL01-RO,Risco Médio,Baixa
segunda-feira,BR-290,353.0,Plena Noite,Decrescente,Céu Claro,Simples,Reta,-30.37643,-53.71074,DEL09-RS,Risco Médio,Baixa
quinta-feira,BR-135,23.5,Pleno dia,Decrescente,Céu Claro,Dupla,Reta,-2.551139,-44.30696,DEL01-MA,Risco Baixo,Baixa
domingo,BR-174,173.0,Pleno dia,Decrescente,Céu Claro,Simples,Reta,0.601002,-60.46169,DEL01-RR,Risco Médio,Baixa
terça-feira,BR-40,532.8,Pleno dia,Crescente,Céu Claro,Dupla,Não Informado,-19.92373,-44.01701,DEL01-MG,Risco Médio,Alta
terça-feira,BR-282,16.2,Pleno dia,Decrescente,Céu Claro,Simples,Reta,-27.65861,-48.68185,DEL01-SC,Risco Médio,Baixa
segunda-feira,BR-262,747.3,Pleno dia,Decrescente,Nublado,Simples,Reta,-19.62382,-47.4861,DEL13-MG,Risco Médio,Média
domingo,BR-290,580.0,Plena Noite,Decrescente,Nublado,Simples,Não Informado,-29.80499,-55.77748,DEL13-RS,Risco Baixo,Baixa
sábado,BR-277,309.0,Pleno dia,Decrescente,Chuva,Simples,Curva,-25.3074,-51.21097,DEL03-PR,Risco Baixo,Média
quarta-feira,BR-116,738.7,Pleno dia,Decrescente,Céu Claro,Simples,Reta,-14.38391,-40.34716,DEL08-BA,Risco Médio,Alta
quarta-feira,BR-282,113.0,Plena Noite,Decrescente,Céu Claro,Simples,Reta,-27.74034,-49.38419,DEL01-SC,Risco Médio,Baixa
domingo,BR-101,74.0,Pleno dia,Crescente,Céu Claro,Dupla,Reta,-8.101465,-34.94902,DEL01-PE,Risco Médio,Alta
sábado,BR-324,583.0,Amanhecer,Decrescente,Nublado,Dupla,Reta,-12.62878,-38.47953,DEL01-BA,Risco Médio,Baixa
sábado,BR-101,137.0,Anoitecer,Decrescente,Nublado,Múltipla,Reta,-27.01572,-48.61193,DEL04-SC,Risco Baixo,Alta
segunda-feira,BR-381,823.0,Plena Noite,Decrescente,Chuva,Dupla,Reta,-22.0973,-45.71703,DEL16-MG,Risco Médio,Alta
quinta-feira,BR-364,227.5,Pleno dia,Crescente,Céu Claro,Dupla,Não Informado,-16.28205,-54.76703,DEL02-MT,Risco Baixo,Alta
quarta-feira,BR-40,514.0,Pleno dia,Crescente,Céu Claro,Dupla,Reta,-19.80152,-44.1,DEL01-MG,Risco Médio,Alta
sábado,BR-101,88.9,Plena Noite,Decrescente,Nublado,Simples,Reta,-8.2073,-34.9836,DEL01-PE,Risco Médio,Alta
sexta-feira,BR-60,96.0,Pleno dia,Decrescente,Chuva,Simples,Reta,-16.37044,-48.9416,DEL02-GO,Risco Baixo,Média
quinta-feira,BR-116,140.3,Pleno dia,Decrescente,Céu Claro,Dupla,Reta,-23.16578,-45.81246,DEL06-SP,Risco Baixo,Alta
segunda-feira,BR-470,213.0,Plena Noite,Crescente,Céu Claro,Simples,Túnel,-29.1387,-51.54271,DEL06-RS,Risco Médio,Baixa
sexta-feira,BR-101,125.0,Pleno dia,Crescente,Sol,Simples,Reta,-6.07238,-35.23552,DEL01-RN,Risco Médio,Alta
terça-feira,BR-116,99.0,Pleno dia,Decrescente,Céu Claro,Dupla,Reta,-29.991,-51.2302,DEL05-RS,Risco Médio,Alta
quarta-feira,BR-101,9.0,Pleno dia,Crescente,Chuva,Dupla,Reta,-10.27168,-36.8699,DEL02-SE,Risco Médio,Alta
quinta-feira,BR-262,594.0,Pleno dia,Decrescente,Nublado,Simples,Rotatória,-19.66568,-46.16902,DEL08-MG,Risco Médio,Média
terça-feira,BR-405,156.7,Pleno dia,Decrescente,Sol,Simples,Reta,-6.158541,-38.20774,DEL04-RN,Risco Baixo,Baixa
domingo,BR-304,33.0,Pleno dia,Crescente,Chuva,Dupla,Reta,-5.148076,-37.3476,DEL04-RN,Risco Médio,Baixa
sexta-feira,BR-158,145.7,Pleno dia,Decrescente,Chuva,Simples,Reta,-28.24135,-53.48066,DEL10-RS,Risco Médio,Baixa
sábado,BR-470,53.1,Plena Noite,Crescente,Nublado,Simples,Rotatória,-26.86243,-49.08488,DEL04-SC,Risco Médio,Baixa
sábado,BR-381,564.0,Amanhecer,Decrescente,Chuva,Dupla,Curva,-20.3874,-44.4912,DEL04-MG,Risco Baixo,Alta
domingo,BR-116,173.0,Plena Noite,Decrescente,Céu Claro,Dupla,Reta,-22.7981,-43.35727,DEL01-RJ,Risco Baixo,Alta
segunda-feira,BR-230,40.0,Plena Noite,Decrescente,Céu Claro,Dupla,Desvio Temporário,-7.141649,-34.97813,DEL01-PB,Risco Baixo,Baixa
domingo,BR-493,10.0,Amanhecer,Crescente,Chuva,Simples,Reta,-22.69546,-42.95667,DEL04-RJ,Risco Médio,Baixa
terça-feira,BR-101,94.0,Plena Noite,Decrescente,Nublado,Dupla,Retorno Regulamentado,-10.90471,-37.14851,DEL01-SE,Risco Médio,Alta
sexta-feira,BR-235,204.2,Pleno dia,Crescente,Céu Claro,Simples,Interseção de vias,-8.950702,-48.49931,DEL02-TO,Risco Médio,Baixa
terça-feira,BR-470,172.1,Amanhecer,Decrescente,Nublado,Simples,Reta,-27.25753,-49.90959,DEL04-SC,Risco Médio,Baixa
sexta-feira,BR-153,679.3,Pleno dia,Decrescente,Céu Claro,Simples,Não Informado,-11.78392,-49.11469,DEL02-TO,Risco Médio,Alta
quinta-feira,BR-376,539.0,Plena Noite,Decrescente,Céu Claro,Dupla,Reta,-25.36636,-49.823,DEL01-PR,Risco Baixo,Baixa
domingo,BR-153,507.7,Amanhecer,Crescente,Garoa/Chuvisco,Múltipla,Desvio Temporário,-16.76896,-49.23933,DEL01-GO,Risco Baixo,Alta
quinta-feira,BR-40,522.0,Plena Noite,Decrescente,Céu Claro,Dupla,Reta,-19.86387,-44.0675,DEL01-MG,Risco Médio,Alta
terça-feira,BR-50,248.0,Pleno dia,Crescente,Céu Claro,Dupla,Reta,-17.9522,-47.7883,DEL06-GO,Risco Médio,Média
sexta-feira,BR-277,644.0,Pleno dia,Crescente,Céu Claro,Simples,Reta,-25.17363,-53.88602,DEL05-PR,Risco Médio,Média
sexta-feira,BR-101,77.7,Pleno dia,Crescente,Sol,Dupla,Reta,-8.126982,-34.94386,DEL01-PE,Risco Médio,Alta
quarta-feira,BR-376,4.2,Pleno dia,Decrescente,Céu Claro,Simples,Interseção de vias,-22.223,-54.6679,DEL04-MS,Risco Baixo,Baixa
segunda-feira,BR-424,76.2,Pleno dia,Crescente,Céu Claro,Simples,Reta,-8.809965,-36.57629,DEL03-PE,Risco Médio,Baixa
segunda-feira,BR-153,240.0,Pleno dia,Crescente,Céu Claro,Simples,Reta,-7.994203,-48.46468,DEL02-TO,Risco Alto,Alta
domingo,BR-101,204.5,Plena Noite,Decrescente,Nublado,Múltipla,Reta,-27.57413,-48.61363,DEL01-SC,Risco Médio,Alta
terça-feira,BR-163,351.0,Pleno dia,Decrescente,Chuva,Simples,Reta,-24.06803,-54.25049,DEL06-PR,Risco Médio,Alta
terça-feira,BR-101,293.0,Pleno dia,Crescente,Céu Claro,Simples,Curva,-13.32192,-39.35923,DEL01-BA,Risco Baixo,Alta
terça-feira,BR-101,214.4,Plena Noite,Crescente,Céu Claro,Simples,Reta,-27.64443,-48.67057,DEL01-SC,Risco Médio,Alta
domingo,BR-101,262.1,Plena Noite,Crescente,Céu Claro,Dupla,Desvio Temporário,-20.15904,-40.27642,DEL02-ES,Risco Médio,Alta
quarta-feira,BR-101,101.0,Pleno dia,Crescente,Chuva,Dupla,Reta,-7.27367,-34.93816,DEL01-PB,Risco Baixo,Alta
domingo,BR-259,59.0,Pleno dia,Crescente,Céu Claro,Simples,Reta,-19.52125,-40.66594,DEL02-ES,Risco Baixo,Baixa
segunda-feira,BR-101,117.0,Plena Noite,Crescente,Céu Claro,Simples,Reta,-19.1399,-40.0732,DEL04-ES,Risco Médio,Alta
quarta-feira,BR-232,174.8,Amanhecer,Decrescente,Chuva,Simples,Reta,-8.339786,-36.37821,DEL02-PE,Risco Alto,Baixa
sexta-feira,BR-290,127.0,Plena Noite,Crescente,Nublado,Simples,Reta,-30.05642,-51.47967,DEL02-RS,Risco Médio,Baixa
quinta-feira,BR-116,236.0,Pleno dia,Crescente,Sol,Dupla,Reta,-22.66633,-43.84705,DEL07-RJ,Risco Baixo,Alta
sábado,BR-373,431.2,Pleno dia,Decrescente,Garoa/Chuvisco,Simples,Reta,-25.74775,-52.24359,DEL02-PR,Risco Alto,Baixa
domingo,BR-153,2.0,Plena Noite,Crescente,Céu Claro,Simples,Reta,-23.02856,-49.91495,DEL07-PR,Risco Médio,Alta
sexta-feira,BR-163,512.7,Pleno dia,Crescente,Céu Claro,Dupla,Reta,-20.22783,-54.47718,DEL01-MS,Risco Médio,Alta
sexta-feira,BR-153,673.9,Pleno dia,Crescente,Céu Claro,Simples,Reta,-11.74596,-49.08518,DEL01-TO,Risco Médio,Alta
domingo,BR-40,100.0,Pleno dia,Crescente,Céu Claro,Simples,Reta,-22.59405,-43.2808,DEL06-RJ,Risco Médio,Alta
sexta-feira,BR-101,207.0,Anoitecer,Decrescente,Céu Claro,Dupla,Reta,-27.60001,-48.62265,DEL01-SC,Risco Médio,Alta
terça-feira,BR-116,624.6,Plena Noite,Decrescente,Nublado,Simples,Reta,-32.33909,-53.15747,DEL07-RS,Risco Alto,Alta
sábado,BR-70,515.0,Pleno dia,Crescente,Nublado,Simples,Reta,-15.70832,-56.13104,DEL01-MT,Risco Alto,Baixa
sábado,BR-116,251.6,Pleno dia,Crescente,Céu Claro,Simples,Curva,-17.65138,-41.49335,DEL11-MG,Risco Médio,Alta
segunda-feira,BR-324,512.0,Plena Noite,Crescente,Céu Claro,Simples,Reta,-12.23184,-38.95457,DEL02-BA,Risco Médio,Baixa
segunda-feira,BR-40,426.8,Plena Noite,Crescente,Nublado,Dupla,Não Informado,-19.17424,-44.50831,DEL02-MG,Risco Médio,Alta
domingo,BR-280,102.1,Anoitecer,Crescente,Chuva,Simples,Curva,-26.36503,-49.34191,DEL06-SC,Risco Médio,Baixa
terça-feira,BR-381,338.0,Plena Noite,Decrescente,Ignorado,Simples,Curva,-19.82924,-43.08945,DEL03-MG,Risco Médio,Alta
quinta-feira,BR-364,586.8,Amanhecer,Decrescente,Garoa/Chuvisco,Dupla,Reta,-14.5384,-56.23132,DEL01-MT,Risco Baixo,Alta
domingo,BR-259,25.4,Plena Noite,Crescente,Céu Claro,Simples,Curva,-19.61948,-40.47748,DEL02-ES,Risco Médio,Baixa
domingo,BR-116,275.4,Plena Noite,Crescente,Céu Claro,Dupla,Reta,-23.62007,-46.811,DEL04-SP,Risco Médio,Alta
sexta-feira,BR-116,347.0,Pleno dia,Decrescente,Chuva,Dupla,Não Informado,-24.04699,-47.19706,DEL04-SP,Risco Médio,Alta
domingo,BR-101,135.2,Pleno dia,Crescente,Nublado,Simples,Reta,-27.00501,-48.62677,DEL04-SC,Risco Médio,Alta
terça-feira,BR-116,178.6,Pleno dia,Crescente,Céu Claro,Simples,Interseção de vias,-5.042383,-38.092,DEL03-CE,Risco Médio,Alta
quarta-feira,BR-101,154.3,Pleno dia,Decrescente,Sol,Múltipla,Reta,-27.15382,-48.61086,DEL04-SC,Risco Médio,Alta
terça-feira,BR-435,85.1,Pleno dia,Crescente,Céu Claro,Simples,Reta,-13.11885,-60.53173,DEL04-RO,Risco Médio,Baixa
segunda-feira,BR-316,11.0,Pleno dia,Decrescente,Céu Claro,Simples,Reta,-1.355656,-48.34232,DEL01-PA,Risco Médio,Baixa
segunda-feira,BR-101,45.7,Pleno dia,Crescente,Nublado,Dupla,Reta,-9.202512,-35.78757,DEL01-AL,Risco Baixo,Alta
terça-feira,BR-230,120.5,Plena Noite,Crescente,Céu Claro,Dupla,Reta,-7.245683,-35.65238,DEL02-PB,Risco Médio,Baixa
quinta-feira,BR-158,514.6,Pleno dia,Crescente,Nublado,Simples,Reta,-30.64185,-55.11159,DEL11-RS,Risco Médio,Baixa
sábado,BR-423,131.5,Pleno dia,Crescente,Céu Claro,Simples,Curva,-8.959244,-36.7648,DEL03-PE,Risco Médio,Baixa
terça-feira,BR-158,315.0,Pleno dia,Decrescente,Céu Claro,Dupla,Reta,-29.65415,-53.77083,DEL09-RS,Risco Médio,Baixa
domingo,BR-116,527.0,Pleno dia,Crescente,Nublado,Simples,Não Informado,-12.71201,-39.7368,DEL03-BA,Risco Médio,Alta
terça-feira,BR-101,66.0,Pleno dia,Crescente,Sol,Dupla,Viaduto,-8.033685,-34.94184,DEL01-PE,Risco Médio,Alta
terça-feira,BR-163,145.5,Pleno dia,Crescente,Céu Claro,Simples,Reta,-22.99506,-54.39465,DEL09-MS,Risco Médio,Alta
quinta-feira,BR-116,124.0,Plena Noite,Decrescente,Céu Claro,Dupla,Reta,-25.62151,-49.31626,DEL01-PR,Risco Médio,Alta
domingo,BR-262,107.0,Plena Noite,Crescente,Chuva,Simples,Curva,-20.2744,-42.56313,DEL03-MG,Risco Médio,Média
domingo,BR-174,13.0,Plena Noite,Decrescente,Céu Claro,Dupla,Interseção de vias,-12.7414,-60.13026,DEL04-RO,Risco Médio,Baixa
segunda-feira,BR-20,145.0,Pleno dia,Decrescente,Chuva,Simples,Desvio Temporário,-12.67843,-45.93061,DEL10-BA,Risco Médio,Baixa
sexta-feira,BR-116,820.8,Plena Noite,Decrescente,Céu Claro,Simples,Não Informado,-14.8353,-40.84045,DEL08-BA,Risco Alto,Alta
sábado,BR-153,34.0,Pleno dia,Decrescente,Nublado,Dupla,Curva,-18.7089,-49.1391,DEL15-MG,Risco Médio,Alta
sábado,BR-40,756.0,Plena Noite,Crescente,Céu Claro,Simples,Curva,-21.5344,-43.5128,DEL05-MG,Risco Médio,Alta
segunda-feira,BR-101,715.0,Plena Noite,Decrescente,Céu Claro,Simples,Reta,-16.3467,-39.5804,DEL09-BA,Risco Médio,Alta
sexta-feira,BR-401,163.0,Plena Noite,Crescente,Nublado,Simples,Reta,3.759944,-59.78842,DEL01-RR,Risco Médio,Baixa