dia_semana,br,km,fase_dia,sentido_via,condicao_metereologica,tipo_pista,tracado_via,latitude,longitude,delegacia,classificacao_acidente,postos_policiais_PRF
domingo,BR-376,666.0,Plena Noite,Decrescente,Céu Claro,Dupla,Não Informado,-25.8644,-48.9499,DEL01-PR,Risco Baixo,Baixa
quarta-feira,BR-381,892.0,Pleno dia,Decrescente,Céu Claro,Dupla,Reta,-22.60215,-46.05862,DEL16-MG,Risco Médio,Alta
sexta-feira,BR-104,56.0,Plena Noite,Crescente,Céu Claro,Simples,Curva,-9.291148,-35.9607,DEL01-AL,Risco Médio,Baixa
quinta-feira,BR-232,8.0,Pleno dia,Decrescente,Chuva,Dupla,Reta,-8.075837,-34.97016,DEL01-PE,Risco Baixo,Baixa
sábado,BR-101,83.0,Pleno dia,Decrescente,Céu Claro,Dupla,Reta,-8.175172,-34.94264,DEL01-PE,Risco Médio,Alta
quarta-feira,BR-364,380.0,Anoitecer,Crescente,Chuva,Simples,Reta,-15.70279,-55.78199,DEL02-MT,Risco Médio,Alta
segunda-feira,BR-369,362.0,Pleno dia,Crescente,Céu Claro,Dupla,Retorno Regulamentado,-23.49072,-51.42344,DEL04-PR,Risco Médio,Baixa
domingo,BR-235,14.5,Plena Noite,Crescente,Nublado,Simples,Curva,-10.86222,-37.17863,DEL01-SE,Risco Baixo,Baixa
domingo,BR-262,189.0,Plena Noite,Crescente,Céu Claro,Simples,Reta,-20.31436,-41.73037,DEL01-ES,Risco Baixo,Média
quinta-feira,BR-153,65.0,Plena Noite,Decrescente,Céu Claro,Simples,Reta,-13.3807,-49.1274,DEL07-GO,Risco Médio,Alta
quinta-feira,BR-101,391.0,Anoitecer,Crescente,Nublado,Dupla,Reta,-22.89483,-43.68492,DEL01-RJ,Risco Médio,Alta
quinta-feira,BR-101,590.9,Pleno dia,Crescente,Nublado,Simples,Curva,-15.42994,-39.44669,DEL05-BA,Risco Médio,Alta
quinta-feira,BR-70,22.6,Anoitecer,Crescente,Céu Claro,Dupla,Reta,-15.73777,-48.39276,DEL01-DF,Risco Médio,Baixa
quinta-feira,BR-101,374.8,Plena Noite,Decrescente,Céu Claro,Dupla,Não Informado,-28.7207,-49.23729,DEL02-SC,Risco Médio,Alta
domingo,BR-469,15.4,Plena Noite,Crescente,Céu Claro,Simples,Não Informado,-25.58209,-54.5271,DEL05-PR,Risco Baixo,Baixa
quinta-feira,BR-230,121.0,Anoitecer,Decrescente,Céu Claro,Dupla,Interseção de vias,-5.352974,-49.12144,DEL03-PA,Risco Médio,Baixa
segunda-feira,BR-101,146.8,Anoitecer,Crescente,Nublado,Simples,Reta,-27.09107,-48.61571,DEL04-SC,Risco Médio,Alta
sexta-feira,BR-282,4.5,Plena Noite,Decrescente,Nublado,Múltipla,Reta,-27.59265,-48.60403,DEL01-SC,Risco Médio,Baixa
sexta-feira,BR-470,67.0,Plena Noite,Decrescente,Céu Claro,Simples,Reta,-26.87216,-49.23127,DEL04-SC,Risco Médio,Baixa
terça-feira,BR-116,665.6,Pleno dia,Decrescente,Nublado,Simples,Reta,-20.82714,-42.32224,DEL07-MG,Risco Médio,Alta
sábado,BR-365,714.0,Pleno dia,Crescente,Nublado,Simples,Reta,-18.87985,-49.12576,DEL15-MG,Risco Médio,Média
domingo,BR-232,422.4,Pleno dia,Crescente,Céu Claro,Simples,Reta,-8.001183,-38.42959,DEL04-PE,Risco Médio,Baixa
quinta-feira,BR-319,63.0,Plena Noite,Crescente,Céu Claro,Múltipla,Reta,-8.766685,-63.88405,DEL01-RO,Risco Baixo,Baixa
quarta-feira,BR-116,505.8,Plena Noite,Decrescente,Nublado,Dupla,Reta,-24.79028,-48.21075,DEL05-SP,Risco Baixo,Alta
sexta-feira,BR-280,33.2,Pleno dia,Crescente,Nublado,Simples,Reta,-26.42577,-48.78742,DEL03-SC,Risco Médio,Baixa
sábado,BR-222,3.9,Plena Noite,Crescente,Nublado,Múltipla,Reta,-3.740377,-38.59569,DEL01-CE,Risco Médio,Baixa
terça-feira,BR-277,120.0,Pleno dia,Decrescente,Nublado,Dupla,Reta,-25.43949,-49.55327,DEL01-PR,Risco Baixo,Média
domingo,BR-290,79.0,Plena Noite,Crescente,Céu Claro,Dupla,Curva,-29.95291,-51.04805,DEL01-RS,Risco Baixo,Baixa
sábado,BR-467,82.4,Pleno dia,Decrescente,Céu Claro,Dupla,Curva,-24.80581,-53.67154,DEL04-PR,Risco Médio,Baixa
sábado,BR-101,407.7,Plena Noite,Crescente,Céu Claro,Dupla,Viaduto,-22.8802,-43.82323,DEL03-RJ,Risco Médio,Alta
domingo,BR-163,485.4,Plena Noite,Crescente,Nublado,Simples,Interseção de vias,-20.44234,-54.54202,DEL01-MS,Risco Médio,Alta
domingo,BR-381,59.6,Pleno dia,Crescente,Nublado,Dupla,Não Informado,-23.28271,-46.58788,DEL03-SP,Risco Médio,Alta
sábado,BR-324,469.6,Anoitecer,Crescente,Céu Claro,Simples,Reta,-11.96152,-39.15309,DEL02-BA,Risco Alto,Baixa
sexta-feira,BR-262,390.0,Plena Noite,Crescente,Céu Claro,Dupla,Não Informado,-19.91449,-44.49866,DEL01-MG,Risco Médio,Média
quarta-feira,BR-40,437.4,Plena Noite,Crescente,Céu Claro,Dupla,Reta,-19.231,-44.43562,DEL02-MG,Risco Alto,Alta
sábado,BR-153,502.0,Pleno dia,Decrescente,Sol,Dupla,Não Informado,-16.7189,-49.2382,DEL01-GO,Risco Baixo,Alta
sexta-feira,BR-470,125.9,Pleno dia,Decrescente,Céu Claro,Simples,Não Informado,-27.11609,-49.53249,DEL04-SC,Risco Baixo,Baixa
quarta-feira,BR-101,164.0,Amanhecer,Crescente,Nublado,Dupla,Reta,-12.35551,-38.78248,DEL01-BA,Risco Médio,Alta
quarta-feira,BR-153,103.0,Pleno dia,Decrescente,Céu Claro,Simples,Reta,-21.03114,-49.64642,DEL09-SP,Risco Médio,Alta
terça-feira,BR-116,106.1,Pleno dia,Crescente,Céu Claro,Simples,Reta,-4.55985,-38.26127,DEL03-CE,Risco Baixo,Alta
domingo,BR-40,43.2,Pleno dia,Decrescente,Nublado,Dupla,Não Informado,-22.27172,-43.11026,DEL06-RJ,Risco Médio,Alta
sexta-feira,BR-316,310.0,Pleno dia,Decrescente,Céu Claro,Simples,Reta,-7.076392,-41.47475,DEL04-PI,Risco Alto,Baixa
terça-feira,BR-316,207.6,Pleno dia,Crescente,Céu Claro,Simples,Curva,-9.5585,-36.27068,DEL01-AL,Risco Médio,Baixa
terça-feira,BR-381,68.0,Pleno dia,Crescente,Céu Claro,Dupla,Curva,-23.34415,-46.5731,DEL03-SP,Risco Médio,Alta
sexta-feira,BR-364,564.0,Pleno dia,Crescente,Céu Claro,Simples,Reta,-9.507445,-63.07957,DEL03-RO,Risco Médio,Alta
sexta-feira,BR-116,702.0,Anoitecer,Decrescente,Garoa/Chuvisco,Simples,Curva,-14.08518,-40.21439,DEL03-BA,Risco Médio,Alta
terça-feira,BR-381,175.6,Plena Noite,Crescente,Céu Claro,Simples,Reta,-18.9806,-42.10246,DEL06-MG,Risco Médio,Alta
terça-feira,BR-364,313.9,Plena Noite,Crescente,Céu Claro,Simples,Reta,-11.12733,-61.90124,DEL02-RO,Risco Médio,Alta
quarta-feira,BR-116,160.0,Pleno dia,Decrescente,Céu Claro,Dupla,Reta,-23.27,-45.9662,DEL02-SP,Risco Baixo,Alta
quinta-feira,BR-324,569.0,Pleno dia,Decrescente,Céu Claro,Dupla,Reta,-12.59234,-38.51914,DEL01-BA,Risco Médio,Baixa
sábado,BR-40,747.6,Pleno dia,Decrescente,Céu Claro,Simples,Não Informado,-21.43287,-43.55222,DEL05-MG,Risco Médio,Alta
quinta-feira,BR-316,583.0,Plena Noite,Decrescente,Céu Claro,Simples,Reta,-4.9728,-43.1082,DEL03-MA,Risco Médio,Baixa
terça-feira,BR-470,59.0,Pleno dia,Crescente,Chuva,Simples,Retorno Regulamentado,-26.88109,-49.13747,DEL04-SC,Risco Médio,Baixa
quinta-feira,BR-232,237.8,Plena Noite,Decrescente,Céu Claro,Simples,Desvio Temporário,-8.414692,-36.93267,DEL03-PE,Risco Médio,Baixa
sábado,BR-101,427.2,Plena Noite,Crescente,Nublado,Simples,Curva,-20.91465,-41.19869,DEL03-ES,Risco Alto,Alta
sábado,BR-407,126.0,Plena Noite,Decrescente,Céu Claro,Dupla,Reta,-9.384913,-40.5281,DEL06-PE,Risco Médio,Baixa
sábado,BR-110,49.9,Pleno dia,Decrescente,Nublado,Dupla,Reta,-5.219105,-37.3276,DEL04-RN,Risco Médio,Baixa
domingo,BR-232,81.9,Amanhecer,Crescente,Céu Claro,Dupla,Reta,-8.196977,-35.5785,DEL02-PE,Risco Alto,Baixa
sexta-feira,BR-262,98.0,Plena Noite,Crescente,Céu Claro,Simples,Reta,-20.35624,-41.08499,DEL01-ES,Risco Médio,Média
domingo,BR-393,181.0,Plena Noite,Decrescente,Céu Claro,Simples,Reta,-22.12695,-43.23513,DEL05-RJ,Risco Médio,Média
segunda-feira,BR-304,49.0,Plena Noite,Crescente,Céu Claro,Simples,Reta,-5.236461,-37.3175,DEL04-RN,Risco Médio,Baixa
sexta-feira,BR-70,673.0,Pleno dia,Crescente,Chuva,Simples,Reta,-16.13906,-57.3301,DEL03-MT,Risco Médio,Baixa
sábado,BR-101,205.9,Pleno dia,Decrescente,Céu Claro,Múltipla,Reta,-27.58313,-48.61533,DEL01-SC,Risco Baixo,Alta
segunda-feira,BR-40,532.0,Anoitecer,Decrescente,Nublado,Dupla,Reta,-19.92373,-44.01701,DEL01-MG,Risco Médio,Alta
quarta-feira,BR-101,248.0,Amanhecer,Decrescente,Chuva,Dupla,Reta,-27.92619,-48.65828,DEL02-SC,Risco Médio,Alta
sexta-feira,BR-116,227.9,Plena Noite,Decrescente,Céu Claro,Dupla,Curva,-22.66756,-43.843,DEL07-RJ,Risco Baixo,Alta
sexta-feira,BR-116,3.1,Plena Noite,Crescente,Céu Claro,Múltipla,Reta,-3.778665,-38.5149,DEL01-CE,Risco Médio,Alta
quarta-feira,BR-392,20.1,Plena Noite,Decrescente,Céu Claro,Dupla,Reta,-32.08573,-52.1969,DEL07-RS,Risco Médio,Média
terça-feira,BR-163,609.9,Plena Noite,Crescente,Céu Claro,Simples,Reta,-13.78149,-56.06049,DEL01-MT,Risco Baixo,Alta
terça-feira,BR-282,72.1,Pleno dia,Crescente,Céu Claro,Simples,Não Informado,-27.68317,-49.10635,DEL01-SC,Risco Baixo,Baixa
quarta-feira,BR-101,39.0,Plena Noite,Crescente,Garoa/Chuvisco,Dupla,Curva,-29.53294,-50.01957,DEL03-RS,Risco Baixo,Alta
sexta-feira,BR-470,224.9,Plena Noite,Decrescente,Garoa/Chuvisco,Simples,Curva,-27.31991,-50.33639,DEL05-SC,Risco Médio,Baixa
segunda-feira,BR-364,699.0,Pleno dia,Crescente,Garoa/Chuvisco,Dupla,Reta,-8.800551,-63.76826,DEL01-RO,Risco Médio,Alta
domingo,BR-70,506.0,Plena Noite,Crescente,Céu Claro,Simples,Reta,-15.66089,-55.97312,DEL02-MT,Risco Médio,Baixa
sábado,BR-101,269.7,Plena Noite,Crescente,Céu Claro,Múltipla,Reta,-20.2174,-40.26991,DEL02-ES,Risco Baixo,Alta
sexta-feira,BR-101,846.0,Plena Noite,Crescente,Céu Claro,Simples,Reta,-17.4873,-39.70591,DEL09-BA,Risco Alto,Alta
quarta-feira,BR-316,6.8,Pleno dia,Crescente,Sol,Simples,Reta,-5.147021,-42.77439,DEL01-PI,Risco Médio,Baixa
terça-feira,BR-116,51.5,Pleno dia,Crescente,Nublado,Dupla,Reta,-22.74158,-45.09206,DEL08-SP,Risco Médio,Alta
terça-feira,BR-163,41.4,Pleno dia,Crescente,Garoa/Chuvisco,Simples,Reta,-26.02143,-53.7314,DEL02-PR,Risco Médio,Alta
quinta-feira,BR-364,446.0,Plena Noite,Crescente,Céu Claro,Simples,Reta,-10.3219,-62.62499,DEL03-RO,Risco Médio,Alta
quinta-feira,BR-242,770.0,Pleno dia,Decrescente,Chuva,Simples,Reta,-12.15728,-44.83845,DEL10-BA,Risco Médio,Baixa
quinta-feira,BR-116,245.5,Plena Noite,Decrescente,Céu Claro,Simples,Rotatória,-27.79978,-50.36356,DEL05-SC,Risco Baixo,Alta
quinta-feira,BR-232,212.0,Pleno dia,Crescente,Céu Claro,Simples,Reta,-8.373281,-36.71377,DEL02-PE,Risco Médio,Baixa
quinta-feira,BR-222,2.9,Anoitecer,Crescente,Céu Claro,Simples,Reta,-3.736507,-38.65337,DEL01-CE,Risco Alto,Baixa
domingo,BR-60,32.0,Anoitecer,Crescente,Céu Claro,Dupla,Reta,-16.0963,-48.5202,DEL01-DF,Risco Médio,Média
segunda-feira,BR-324,523.0,Pleno dia,Crescente,Céu Claro,Dupla,Reta,-12.29007,-38.91207,DEL01-BA,Risco Médio,Baixa
domingo,BR-116,141.0,Pleno dia,Crescente,Céu Claro,Dupla,Reta,-22.64724,-43.22083,DEL01-RJ,Risco Médio,Alta
sábado,BR-262,161.2,Plena Noite,Decrescente,Céu Claro,Simples,Reta,-20.2364,-41.52254,DEL01-ES,Risco Médio,Média
quinta-feira,BR-277,31.0,Pleno dia,Decrescente,Garoa/Chuvisco,Dupla,Curva,-25.47742,-48.83487,DEL01-PR,Risco Médio,Média
sexta-feira,BR-232,232.1,Pleno dia,Crescente,Céu Claro,Simples,Curva,-8.404856,-36.89733,DEL03-PE,Risco Alto,Baixa
terça-feira,BR-116,15.0,Amanhecer,Decrescente,Nevoeiro/Neblina,Dupla,Não Informado,-25.3848,-49.1711,DEL01-PR,Risco Médio,Alta
sábado,BR-232,151.0,Plena Noite,Decrescente,Céu Claro,Simples,Reta,-8.32643,-36.17196,DEL03-PE,Risco Médio,Baixa
segunda-feira,BR-381,484.0,Pleno dia,Decrescente,Sol,Dupla,Retorno Regulamentado,-19.95532,-44.11722,DEL01-MG,Risco Médio,Alta
domingo,BR-163,415.0,Plena Noite,Decrescente,Nublado,Simples,Reta,-6.178977,-55.63295,DEL05-PA,Risco Baixo,Alta
domingo,BR-153,128.0,Pleno dia,Crescente,Céu Claro,Simples,Reta,-7.085229,-48.15468,DEL02-TO,Risco Médio,Alta
segunda-feira,BR-282,485.0,Pleno dia,Crescente,Céu Claro,Simples,Não Informado,-26.8556,-52.2564,DEL07-SC,Risco Médio,Baixa
sexta-feira,BR-324,614.0,Pleno dia,Crescente,Céu Claro,Dupla,Reta,-12.86398,-38.4237,DEL01-BA,Risco Baixo,Baixa
quinta-feira,BR-116,187.0,Amanhecer,Crescente,Céu Claro,Múltipla,Reta,-22.73909,-43.46972,DEL01-RJ,Risco Baixo,Alta
sábado,BR-376,179.6,Plena Noite,Crescente,Céu Claro,Múltipla,Reta,-23.42167,-51.90577,DEL07-PR,Risco Médio,Baixa
quinta-feira,BR-40,562.5,Pleno dia,Decrescente,Céu Claro,Dupla,Reta,-20.14452,-43.95966,DEL01-MG,Risco Médio,Alta
sábado,BR-153,224.0,Pleno dia,Decrescente,Nublado,Simples,Não Informado,-14.71835,-49.23024,DEL07-GO,Risco Médio,Alta
quinta-feira,BR-101,262.2,Pleno dia,Decrescente,Nublado,Dupla,Reta,-20.16095,-40.27557,DEL02-ES,Risco Médio,Alta
sexta-feira,BR-116,42.0,Plena Noite,Decrescente,Céu Claro,Dupla,Reta,-4.108579,-38.49422,DEL01-CE,Risco Médio,Alta
quarta-feira,BR-381,481.7,Plena Noite,Decrescente,Céu Claro,Dupla,Não Informado,-19.95913,-44.07215,DEL01-MG,Risco Médio,Alta
domingo,BR-393,235.0,Pleno dia,Decrescente,Sol,Simples,Reta,-22.41177,-43.67362,DEL05-RJ,Risco Alto,Média
sexta-feira,BR-60,38.5,Plena Noite,Decrescente,Nublado,Múltipla,Reta,-16.75102,-49.34063,DEL01-GO,Risco Médio,Média
terça-feira,BR-290,81.0,Pleno dia,Crescente,Céu Claro,Dupla,Reta,-29.95444,-51.06881,DEL01-RS,Risco Médio,Baixa
sábado,BR-101,57.0,Pleno dia,Crescente,Céu Claro,Dupla,Reta,-6.977757,-35.07771,DEL01-PB,Risco Baixo,Alta
quinta-feira,BR-262,460.1,Amanhecer,Crescente,Garoa/Chuvisco,Simples,Reta,-20.55177,-55.54578,DEL03-MS,Risco Médio,Média
domingo,BR-116,175.8,Pleno dia,Crescente,Céu Claro,Dupla,Reta,-22.75092,-43.43976,DEL01-RJ,Risco Médio,Alta
terça-feira,BR-40,200.0,Plena Noite,Crescente,Céu Claro,Simples,Reta,-18.01034,-45.81235,DEL14-MG,Risco Médio,Alta
sábado,BR-277,639.0,Pleno dia,Crescente,Céu Claro,Simples,Curva,-25.16311,-53.85897,DEL05-PR,Risco Médio,Média
sexta-feira,BR-304,53.2,Plena Noite,Decrescente,Céu Claro,Simples,Interseção de vias,-4.574024,-37.73636,DEL03-CE,Risco Baixo,Baixa
sexta-feira,BR-232,8.0,Pleno dia,Crescente,Sol,Dupla,Reta,-8.075837,-34.97016,DEL01-PE,Risco Baixo,Baixa
terça-feira,BR-40,466.0,Plena Noite,Crescente,Céu Claro,Dupla,Reta,-19.4548,-44.3112,DEL02-MG,Risco Médio,Alta
sábado,BR-101,294.0,Pleno dia,Decrescente,Sol,Dupla,Reta,-22.75844,-42.89502,DEL02-RJ,Risco Médio,Alta
quarta-feira,BR-101,349.0,Pleno dia,Crescente,Céu Claro,Dupla,Curva,-28.58202,-49.05059,DEL02-SC,Risco Baixo,Alta
domingo,BR-222,0.8,Pleno dia,Decrescente,Sol,Dupla,Curva,-3.74319,-38.62149,DEL01-CE,Risco Médio,Baixa
sexta-feira,BR-60,210.1,Plena Noite,Decrescente,Céu Claro,Dupla,Reta,-16.9243,-49.6642,DEL01-GO,Risco Baixo,Média
sábado,BR-287,357.0,Pleno dia,Decrescente,Céu Claro,Simples,Curva,-29.47029,-54.70059,DEL12-RS,Risco Médio,Baixa
sexta-feira,BR-153,281.8,Plena Noite,Crescente,Céu Claro,Simples,Reta,-22.4221,-49.86001,DEL07-SP,Risco Médio,Alta
domingo,BR-153,329.7,Pleno dia,Decrescente,Chuva,Simples,Curva,-15.51973,-49.4683,DEL02-GO,Risco Médio,Alta
quinta-feira,BR-226,113.6,Plena Noite,Decrescente,Céu Claro,Simples,Curva,-6.211205,-36.01975,DEL03-RN,Risco Alto,Baixa
quinta-feira,BR-381,456.0,Pleno dia,Decrescente,Chuva,Simples,Reta,-19.8464,-43.8875,DEL01-MG,Risco Médio,Alta
terça-feira,BR-116,2.9,Plena Noite,Crescente,Nublado,Dupla,Reta,-25.3562,-49.0677,DEL01-PR,Risco Alto,Alta
sábado,BR-101,197.0,Pleno dia,Crescente,Céu Claro,Dupla,Reta,-27.51844,-48.63848,DEL01-SC,Risco Médio,Alta
segunda-feira,BR-163,832.0,Pleno dia,Crescente,Céu Claro,Dupla,Não Informado,-12.0138,-55.51719,DEL06-MT,Risco Médio,Alta
sábado,BR-381,505.7,Anoitecer,Crescente,Nublado,Dupla,Reta,-20.06278,-44.29329,DEL01-MG,Risco Médio,Alta
terça-feira,BR-415,29.0,Plena Noite,Crescente,Chuva,Dupla,Reta,-14.79427,-39.21205,DEL05-BA,Risco Baixo,Baixa
quarta-feira,BR-448,22.0,Pleno dia,Crescente,Garoa/Chuvisco,Múltipla,Curva,-29.97353,-51.19962,DEL01-RS,Risco Médio,Baixa
segunda-feira,BR-110,386.0,Plena Noite,Crescente,Céu Claro,Simples,Curva,-12.49943,-38.49254,DEL01-BA,Risco Médio,Baixa
quarta-feira,BR-116,524.0,Pleno dia,Crescente,Nublado,Simples,Reta,-7.64286,-39.02366,DEL05-CE,Risco Médio,Alta
segunda-feira,BR-70,12.5,Pleno dia,Crescente,Céu Claro,Dupla,Reta,-15.79403,-48.16468,DEL01-DF,Risco Médio,Baixa
segunda-feira,BR-40,494.2,Pleno dia,Decrescente,Chuva,Dupla,Curva,-19.66514,-44.19554,DEL02-MG,Risco Médio,Alta
sexta-feira,BR-381,40.6,Plena Noite,Decrescente,Céu Claro,Dupla,Reta,-23.13512,-46.5763,DEL03-SP,Risco Médio,Alta
domingo,BR-470,11.9,Pleno dia,Crescente,Céu Claro,Simples,Interseção de vias,-26.83356,-48.73635,DEL04-SC,Risco Médio,Baixa
quarta-feira,BR-116,209.0,Pleno dia,Crescente,Ignorado,Simples,Reta,-26.07621,-49.75231,DEL06-SC,Risco Médio,Alta
sábado,BR-364,27.0,Plena Noite,Crescente,Céu Claro,Simples,Reta,-18.90395,-50.70463,DEL05-GO,Risco Médio,Alta
sábado,BR-364,339.8,Plena Noite,Crescente,Céu Claro,Múltipla,Reta,-10.90264,-61.93037,DEL02-RO,Risco Médio,Alta
terça-feira,BR-232,29.0,Pleno dia,Decrescente,Céu Claro,Dupla,Reta,-8.1112,-35.1438,DEL01-PE,Risco Médio,Baixa
quinta-feira,BR-101,183.0,Pleno dia,Crescente,Nublado,Simples,Não Informado,-12.45612,-38.92901,DEL01-BA,Risco Baixo,Alta
domingo,BR-116,104.6,Pleno dia,Crescente,Sol,Dupla,Reta,-23.0034,-45.50627,DEL08-SP,Risco Baixo,Alta
sexta-feira,BR-116,258.1,Pleno dia,Crescente,Chuva,Dupla,Curva,-22.56088,-44.12224,DEL07-RJ,Risco Médio,Alta
segunda-feira,BR-40,531.0,Plena Noite,Crescente,Nublado,Dupla,Não Informado,-19.91927,-44.02639,DEL01-MG,Risco Médio,Alta
sexta-feira,BR-101,51.0,Plena Noite,Decrescente,Nublado,Simples,Reta,-23.45529,-45.07227,DEL06-SP,Risco Médio,Alta
segunda-feira,BR-407,128.9,Pleno dia,Decrescente,Sol,Simples,Reta,-9.399396,-40.50453,DEL06-PE,Risco Médio,Baixa
terça-feira,BR-277,698.0,Pleno dia,Crescente,Céu Claro,Dupla,Reta,-25.39642,-54.31172,DEL05-PR,Risco Alto,Média
quarta-feira,BR-174,504.0,Anoitecer,Crescente,Nublado,Simples,Viaduto,2.811655,-60.69169,DEL01-RR,Risco Baixo,Baixa
domingo,BR-230,244.3,Amanhecer,Decrescente,Nublado,Simples,Reta,-7.0692,-36.6002,DEL02-PB,Risco Alto,Baixa
quarta-feira,BR-364,668.0,Pleno dia,Crescente,Céu Claro,Simples,Não Informado,-8.774283,-63.48379,DEL01-RO,Risco Baixo,Alta
quarta-feira,BR-10,199.1,Plena Noite,Decrescente,Céu Claro,Simples,Reta,-2.698803,-47.4688,DEL02-PA,Risco Médio,Baixa
terça-feira,BR-116,293.0,Pleno dia,Crescente,Céu Claro,Simples,Reta,-17.95016,-41.53264,DEL11-MG,Risco Médio,Alta
quinta-feira,BR-50,110.9,Plena Noite,Decrescente,Céu Claro,Dupla,Reta,-19.22352,-48.14476,DEL13-MG,Risco Médio,Média
domingo,BR-232,82.9,Pleno dia,Decrescente,Chuva,Dupla,Reta,-8.193437,-35.55186,DEL01-PE,Risco Baixo,Baixa
sábado,BR-277,36.4,Plena Noite,Crescente,Céu Claro,Dupla,Reta,-25.57121,-48.83982,DEL01-PR,Risco Baixo,Média
quinta-feira,BR-393,256.0,Plena Noite,Crescente,Chuva,Simples,Não Informado,-22.45677,-43.84288,DEL05-RJ,Risco Médio,Média
segunda-feira,BR-101,373.7,Pleno dia,Decrescente,Céu Claro,Dupla,Curva,-28.71383,-49.21842,DEL02-SC,Risco Médio,Alta
sexta-feira,BR-101,261.7,Pleno dia,Crescente,Nublado,Dupla,Não Informado,-22.71259,-42.61652,DEL02-RJ,Risco Baixo,Alta
quarta-feira,BR-467,81.0,Pleno dia,Crescente,Céu Claro,Dupla,Curva,-24.7961,-53.6747,DEL04-PR,Risco Baixo,Baixa
terça-feira,BR-232,41.8,Amanhecer,Crescente,Céu Claro,Dupla,Reta,-8.115188,-35.25143,DEL01-PE,Risco Médio,Baixa
sábado,BR-101,102.0,Amanhecer,Decrescente,Nublado,Dupla,Curva,-7.282653,-34.93939,DEL01-PB,Risco Médio,Alta
domingo,BR-104,100.5,Plena Noite,Crescente,Céu Claro,Simples,Desvio Temporário,-8.563684,-35.94758,DEL02-PE,Risco Médio,Baixa
domingo,BR-386,73.3,Pleno dia,Decrescente,Nublado,Simples,Reta,-27.69354,-53.30094,DEL08-RS,Risco Médio,Média
quinta-feira,BR-101,135.1,Plena Noite,Crescente,Nublado,Múltipla,Reta,-27.00544,-48.6259,DEL04-SC,Risco Alto,Alta
quinta-feira,BR-70,180.0,Anoitecer,Decrescente,Céu Claro,Simples,Reta,-15.6677,-53.5928,DEL05-MT,Risco Baixo,Baixa
domingo,BR-316,257.1,Plena Noite,Crescente,Nublado,Simples,Reta,-3.655594,-45.41629,DEL02-MA,Risco Alto,Baixa
quinta-feira,BR-80,120.0,Plena Noite,Decrescente,Nublado,Simples,Reta,-15.08008,-48.86307,DEL07-GO,Risco Médio,Baixa
sábado,BR-282,609.2,Plena Noite,Decrescente,Céu Claro,Simples,Não Informado,-26.7593,-53.22524,DEL07-SC,Risco Alto,Baixa
sábado,BR-376,652.4,Pleno dia,Decrescente,Chuva,Dupla,Curva,-25.84616,-49.06888,DEL01-PR,Risco Baixo,Baixa
quinta-feira,BR-101,41.3,Plena Noite,Decrescente,Céu Claro,Dupla,Reta,-26.28215,-48.88973,DEL03-SC,Risco Médio,Alta
domingo,BR-80,13.9,Anoitecer,Crescente,Chuva,Simples,Desvio Temporário,-15.72803,-48.19377,DEL01-DF,Risco Médio,Baixa
quinta-feira,BR-376,666.0,Pleno dia,Decrescente,Chuva,Dupla,Curva,-25.86037,-48.95087,DEL01-PR,Risco Médio,Baixa
sábado,BR-290,96.8,Pleno dia,Crescente,Sol,Dupla,Reta,-29.99905,-51.20622,DEL01-RS,Risco Médio,Baixa
sábado,BR-60,375.0,Pleno dia,Crescente,Céu Claro,Dupla,Não Informado,-17.7251,-50.8623,DEL04-GO,Risco Médio,Média
segunda-feira,BR-153,510.8,Pleno dia,Decrescente,Céu Claro,Dupla,Reta,-16.79592,-49.23846,DEL01-GO,Risco Baixo,Alta
domingo,BR-116,269.9,Pleno dia,Decrescente,Céu Claro,Dupla,Curva,-22.5751,-44.11542,DEL07-RJ,Risco Médio,Alta
terça-feira,BR-101,493.0,Plena Noite,Crescente,Céu Claro,Simples,Curva,-22.94375,-44.32522,DEL03-RJ,Risco Médio,Alta
quinta-feira,BR-242,627.0,Pleno dia,Crescente,Sol,Simples,Interseção de vias,-12.21537,-43.54493,DEL10-BA,Risco Médio,Baixa
quarta-feira,BR-316,353.0,Pleno dia,Crescente,Sol,Simples,Reta,-8.883367,-38.27402,DEL04-PE,Risco Baixo,Baixa
quinta-feira,BR-158,520.0,Plena Noite,Crescente,Céu Claro,Simples,Curva,-13.67502,-52.00088,DEL07-MT,Risco Médio,Baixa
sexta-feira,BR-376,600.7,Plena Noite,Decrescente,Nublado,Dupla,Reta,-25.53196,-49.32206,DEL01-PR,Risco Médio,Baixa
domingo,BR-60,252.0,Amanhecer,Crescente,Céu Claro,Dupla,Viaduto,-17.1383,-49.9938,DEL01-GO,Risco Alto,Média
quarta-feira,BR-381,921.4,Pleno dia,Crescente,Sol,Dupla,Não Informado,-22.76297,-46.17055,DEL16-MG,Risco Médio,Alta
sábado,BR-232,72.7,Amanhecer,Crescente,Chuva,Simples,Reta,-8.19068,-35.50948,DEL01-PE,Risco Médio,Baixa
domingo,BR-262,553.3,Pleno dia,Decrescente,Sol,Simples,Não Informado,-19.70811,-45.91902,DEL08-MG,Risco Médio,Média
quinta-feira,BR-116,177.0,Plena Noite,Crescente,Céu Claro,Dupla,Reta,-22.78055,-43.39209,DEL01-RJ,Risco Médio,Alta
terça-feira,BR-285,73.5,Pleno dia,Decrescente,Sol,Simples,Curva,-28.18709,-51.52504,DEL05-RS,Risco Baixo,Baixa