dia_semana,br,km,fase_dia,sentido_via,condicao_metereologica,tipo_pista,tracado_via,latitude,longitude,delegacia,classificacao_acidente,postos_policiais_PRF
segunda-feira,BR-101,328.0,Pleno dia,Decrescente,Nublado,Dupla,Não Informado,-22.87029,-43.1658,DEL02-RJ,Risco Alto,Alta
segunda-feira,BR-116,217.4,Plena Noite,Decrescente,Nublado,Múltipla,Não Informado,-23.45424,-46.47119,DEL01-SP,Risco Médio,Alta
terça-feira,BR-155,328.0,Plena Noite,Crescente,Chuva,Simples,Não Informado,-5.388045,-49.07902,DEL03-PA,Risco Médio,Baixa
quarta-feira,BR-101,58.0,Pleno dia,Decrescente,Céu Claro,Simples,Reta,-5.5869,-35.2774,DEL02-RN,Risco Baixo,Alta
quarta-feira,BR-116,143.5,Plena Noite,Decrescente,Chuva,Simples,Reta,-23.17729,-45.83504,DEL02-SP,Risco Baixo,Alta
quarta-feira,BR-267,8.3,Pleno dia,Decrescente,Céu Claro,Simples,Reta,-21.5704,-42.6914,DEL07-MG,Risco Alto,Baixa
sábado,BR-343,22.8,Plena Noite,Decrescente,Céu Claro,Simples,Reta,-2.998956,-41.76561,DEL05-PI,Risco Médio,Baixa
quinta-feira,BR-393,5.5,Plena Noite,Crescente,Céu Claro,Simples,Curva,-20.82267,-41.20459,DEL03-ES,Risco Médio,Média
domingo,BR-251,508.7,Plena Noite,Crescente,Céu Claro,Simples,Não Informado,-16.6222,-43.6917,DEL12-MG,Risco Baixo,Baixa
segunda-feira,BR-230,35.0,Pleno dia,Decrescente,Céu Claro,Simples,Não Informado,-7.168467,-34.8971,DEL01-PB,Risco Baixo,Baixa
sábado,BR-60,442.6,Pleno dia,Decrescente,Garoa/Chuvisco,Dupla,Retorno Regulamentado,-17.8421,-51.4504,DEL05-GO,Risco Médio,Média
domingo,BR-381,487.2,Plena Noite,Crescente,Nublado,Dupla,Curva,-19.95587,-44.1461,DEL01-MG,Risco Baixo,Alta
quinta-feira,BR-282,54.0,Pleno dia,Crescente,Céu Claro,Simples,Não Informado,-27.68801,-48.97894,DEL01-SC,Risco Médio,Baixa
sexta-feira,BR-290,22.4,Amanhecer,Crescente,Céu Claro,Dupla,Reta,-29.88883,-50.47482,DEL03-RS,Risco Baixo,Baixa
sexta-feira,BR-476,109.0,Pleno dia,Crescente,Sol,Simples,Reta,-25.30442,-49.14669,DEL01-PR,Risco Médio,Baixa
quinta-feira,BR-116,413.0,Plena Noite,Decrescente,Céu Claro,Simples,Desvio Temporário,-18.87302,-41.96719,DEL06-MG,Risco Médio,Alta
segunda-feira,BR-393,203.0,Pleno dia,Crescente,Céu Claro,Simples,Reta,-22.22573,-43.42188,DEL05-RJ,Risco Médio,Média
domingo,BR-116,249.4,Plena Noite,Crescente,Céu Claro,Dupla,Reta,-29.78583,-51.1632,DEL01-RS,Risco Baixo,Alta
segunda-feira,BR-230,18.0,Plena Noite,Decrescente,Céu Claro,Dupla,Reta,-7.1198,-34.8453,DEL01-PB,Risco Médio,Baixa
quarta-feira,BR-116,325.5,Plena Noite,Crescente,Chuva,Simples,Reta,-30.33204,-51.4239,DEL02-RS,Risco Alto,Alta
sábado,BR-153,471.0,Pleno dia,Decrescente,Céu Claro,Simples,Não Informado,-10.00613,-48.76656,DEL02-TO,Risco Médio,Alta
sábado,BR-493,97.0,Anoitecer,Decrescente,Nublado,Dupla,Curva,-22.7188,-43.7037,DEL03-RJ,Risco Médio,Baixa
domingo,BR-101,460.0,Plena Noite,Crescente,Céu Claro,Simples,Reta,-23.03769,-44.18393,DEL03-RJ,Risco Alto,Alta
quarta-feira,BR-101,421.0,Pleno dia,Crescente,Chuva,Simples,Curva,-22.91667,-43.93081,DEL03-RJ,Risco Baixo,Alta
quarta-feira,BR-364,455.1,Pleno dia,Crescente,Céu Claro,Simples,Curva,-9.969509,-63.04127,DEL03-RO,Risco Baixo,Alta
sábado,BR-60,15.0,Amanhecer,Decrescente,Céu Claro,Dupla,Não Informado,-16.10958,-48.35756,DEL01-DF,Risco Baixo,Média
sexta-feira,BR-116,464.0,Plena Noite,Crescente,Nublado,Dupla,Reta,-12.44411,-39.23774,DEL02-BA,Risco Médio,Alta
segunda-feira,BR-153,211.7,Plena Noite,Decrescente,Céu Claro,Simples,Reta,-24.68208,-50.44439,DEL03-PR,Risco Baixo,Alta
sábado,BR-116,162.2,Pleno dia,Crescente,Nublado,Dupla,Reta,-23.28133,-45.98395,DEL02-SP,Risco Médio,Alta
segunda-feira,BR-163,263.9,Pleno dia,Crescente,Nublado,Dupla,Rotatória,-22.22339,-54.73185,DEL04-MS,Risco Médio,Alta
terça-feira,BR-153,671.0,Plena Noite,Decrescente,Céu Claro,Dupla,Reta,-11.72076,-49.07714,DEL01-TO,Risco Médio,Alta
sexta-feira,BR-364,137.0,Pleno dia,Decrescente,Céu Claro,Dupla,Reta,-9.9701,-67.8524,DEL01-AC,Risco Médio,Alta
domingo,BR-101,163.1,Amanhecer,Crescente,Céu Claro,Simples,Reta,-27.24,-48.63737,DEL04-SC,Risco Médio,Alta
sexta-feira,BR-285,238.0,Pleno dia,Crescente,Chuva,Simples,Não Informado,-28.25251,-51.85885,DEL08-RS,Risco Médio,Baixa
quarta-feira,BR-174,489.0,Plena Noite,Crescente,Céu Claro,Simples,Reta,2.715696,-60.83061,DEL01-RR,Risco Médio,Baixa
sábado,BR-285,211.5,Pleno dia,Decrescente,Céu Claro,Simples,Não Informado,-28.23705,-51.63974,DEL08-RS,Risco Baixo,Baixa
domingo,BR-232,62.9,Pleno dia,Decrescente,Nublado,Simples,Não Informado,-8.157697,-35.42903,DEL01-PE,Risco Alto,Baixa
segunda-feira,BR-116,272.0,Plena Noite,Crescente,Céu Claro,Dupla,Reta,-23.61383,-46.78229,DEL04-SP,Risco Médio,Alta
quinta-feira,BR-60,162.6,Plena Noite,Crescente,Céu Claro,Dupla,Desvio Temporário,-16.6953,-49.3255,DEL01-GO,Risco Médio,Média
quinta-feira,BR-101,64.3,Pleno dia,Crescente,Sol,Dupla,Reta,-8.020623,-34.94271,DEL01-PE,Risco Médio,Alta
terça-feira,BR-251,437.5,Anoitecer,Crescente,Céu Claro,Simples,Não Informado,-16.3953,-43.20402,DEL12-MG,Risco Médio,Baixa
sábado,BR-364,346.0,Plena Noite,Crescente,Nublado,Simples,Reta,-10.8676,-61.9657,DEL02-RO,Risco Baixo,Alta
quarta-feira,BR-153,57.8,Pleno dia,Crescente,Céu Claro,Simples,Não Informado,-20.76991,-49.34982,DEL09-SP,Risco Médio,Alta
sábado,BR-163,524.0,Pleno dia,Decrescente,Céu Claro,Simples,Reta,-14.4923,-56.18361,DEL01-MT,Risco Baixo,Alta
sábado,BR-101,288.0,Amanhecer,Crescente,Céu Claro,Dupla,Reta,-22.75934,-42.84321,DEL02-RJ,Risco Baixo,Alta
domingo,BR-163,747.0,Pleno dia,Decrescente,Chuva,Dupla,Retorno Regulamentado,-12.59274,-55.74304,DEL06-MT,Risco Baixo,Alta
sexta-feira,BR-101,8.4,Pleno dia,Decrescente,Céu Claro,Dupla,Reta,-11.55009,-37.86548,DEL02-SE,Risco Alto,Alta
quarta-feira,BR-262,479.0,Pleno dia,Crescente,Chuva,Simples,Curva,-19.7839,-45.2707,DEL08-MG,Risco Médio,Média
domingo,BR-116,72.0,Amanhecer,Crescente,Garoa/Chuvisco,Dupla,Reta,-25.35167,-49.0425,DEL01-PR,Risco Baixo,Alta
sábado,BR-324,605.0,Plena Noite,Crescente,Céu Claro,Dupla,Reta,-12.78605,-38.40973,DEL01-BA,Risco Médio,Baixa
sábado,BR-282,643.0,Pleno dia,Crescente,Sol,Simples,Reta,-26.76897,-53.46977,DEL07-SC,Risco Médio,Baixa
sexta-feira,BR-282,167.7,Plena Noite,Crescente,Céu Claro,Simples,Reta,-27.74884,-49.81735,DEL05-SC,Risco Médio,Baixa
terça-feira,BR-101,154.0,Plena Noite,Crescente,Céu Claro,Simples,Reta,-22.25724,-41.8344,DEL02-RJ,Risco Médio,Alta
segunda-feira,BR-364,18.8,Plena Noite,Crescente,Nublado,Simples,Reta,-20.05489,-48.82471,DEL13-MG,Risco Baixo,Alta
quinta-feira,BR-50,55.7,Anoitecer,Decrescente,Céu Claro,Dupla,Não Informado,-18.78097,-48.23804,DEL15-MG,Risco Médio,Média
segunda-feira,BR-365,604.0,Anoitecer,Crescente,Nublado,Simples,Reta,-18.90391,-48.16354,DEL15-MG,Risco Médio,Média
sábado,BR-381,840.1,Plena Noite,Decrescente,Céu Claro,Dupla,Não Informado,-22.17198,-45.83786,DEL16-MG,Risco Médio,Alta
segunda-feira,BR-135,11.0,Amanhecer,Decrescente,Céu Claro,Dupla,Reta,-2.664592,-44.28649,DEL01-MA,Risco Médio,Baixa
sábado,BR-101,86.9,Plena Noite,Crescente,Céu Claro,Dupla,Reta,-8.190953,-34.97433,DEL01-PE,Risco Médio,Alta
sábado,BR-262,22.0,Plena Noite,Decrescente,Nublado,Simples,Reta,-20.37597,-40.51251,DEL01-ES,Risco Baixo,Média
sábado,BR-235,40.8,Pleno dia,Crescente,Chuva,Simples,Reta,-10.76946,-37.36425,DEL01-SE,Risco Médio,Baixa
quarta-feira,BR-116,94.0,Pleno dia,Crescente,Céu Claro,Simples,Desvio Temporário,-28.88007,-51.1387,DEL05-RS,Risco Baixo,Alta
terça-feira,BR-163,1004.0,Plena Noite,Decrescente,Céu Claro,Dupla,Reta,-2.437163,-54.73317,DEL05-PA,Risco Médio,Alta
segunda-feira,BR-163,802.7,Plena Noite,Decrescente,Céu Claro,Simples,Curva,-12.0982,-55.5177,DEL06-MT,Risco Baixo,Alta
domingo,BR-386,51.5,Plena Noite,Decrescente,Céu Claro,Simples,Não Informado,-27.50087,-53.38809,DEL08-RS,Risco Médio,Média
segunda-feira,BR-163,870.0,Pleno dia,Decrescente,Céu Claro,Simples,Reta,-11.68154,-55.44847,DEL06-MT,Risco Médio,Alta
sexta-feira,BR-230,18.0,Pleno dia,Decrescente,Céu Claro,Dupla,Curva,-7.1198,-34.8453,DEL01-PB,Risco Médio,Baixa
terça-feira,BR-163,374.0,Pleno dia,Decrescente,Chuva,Simples,Reta,-6.516,-55.537,DEL05-PA,Risco Médio,Alta
quinta-feira,BR-376,172.0,Pleno dia,Crescente,Céu Claro,Simples,Rotatória,-23.4191,-51.96817,DEL09-PR,Risco Baixo,Baixa
sexta-feira,BR-282,461.7,Plena Noite,Decrescente,Nublado,Simples,Reta,-26.8564,-52.04133,DEL07-SC,Risco Médio,Baixa
segunda-feira,BR-116,260.9,Pleno dia,Decrescente,Céu Claro,Dupla,Reta,-29.87921,-51.18046,DEL01-RS,Risco Médio,Alta
domingo,BR-101,201.0,Amanhecer,Crescente,Ignorado,Dupla,Reta,-27.54837,-48.61978,DEL01-SC,Risco Baixo,Alta
domingo,BR-267,163.4,Plena Noite,Crescente,Nublado,Simples,Reta,-21.84706,-43.79596,DEL05-MG,Risco Médio,Baixa
terça-feira,BR-316,10.0,Pleno dia,Decrescente,Céu Claro,Múltipla,Reta,-5.192243,-42.7605,DEL01-PI,Risco Médio,Baixa
domingo,BR-381,491.1,Pleno dia,Decrescente,Céu Claro,Dupla,Reta,-19.96173,-44.15971,DEL01-MG,Risco Médio,Alta
segunda-feira,BR-101,475.0,Pleno dia,Crescente,Chuva,Simples,Curva,-22.99759,-44.26688,DEL03-RJ,Risco Médio,Alta
terça-feira,BR-262,109.0,Pleno dia,Crescente,Céu Claro,Simples,Reta,-20.3359,-41.1728,DEL01-ES,Risco Médio,Média
domingo,BR-282,511.2,Plena Noite,Crescente,Céu Claro,Simples,Reta,-26.9054,-52.4642,DEL07-SC,Risco Baixo,Baixa
quarta-feira,BR-60,3.0,Plena Noite,Decrescente,Céu Claro,Dupla,Reta,-15.89052,-48.08686,DEL01-DF,Risco Baixo,Média
quarta-feira,BR-290,634.0,Plena Noite,Crescente,Nublado,Simples,Reta,-30.02261,-56.2594,DEL13-RS,Risco Médio,Baixa
sexta-feira,BR-101,42.5,Pleno dia,Decrescente,Nublado,Múltipla,Reta,-7.838874,-34.91197,DEL01-PE,Risco Médio,Alta
sexta-feira,BR-364,124.0,Pleno dia,Crescente,Céu Claro,Dupla,Rotatória,-10.0122,-67.79835,DEL01-AC,Risco Médio,Alta
sexta-feira,BR-153,137.0,Pleno dia,Decrescente,Chuva,Dupla,Não Informado,-7.154303,-48.20406,DEL02-TO,Risco Baixo,Alta
domingo,BR-116,85.5,Anoitecer,Crescente,Céu Claro,Simples,Reta,-26.60123,-50.22615,DEL06-SC,Risco Médio,Alta
sábado,BR-116,220.8,Plena Noite,Crescente,Nublado,Múltipla,Reta,-23.46832,-46.50884,DEL01-SP,Risco Médio,Alta
sábado,BR-60,164.0,Plena Noite,Decrescente,Céu Claro,Múltipla,Reta,-16.7036,-49.342,DEL01-GO,Risco Médio,Média
segunda-feira,BR-376,210.0,Amanhecer,Crescente,Chuva,Simples,Reta,-23.54856,-51.66792,DEL07-PR,Risco Médio,Baixa
sexta-feira,BR-116,64.0,Plena Noite,Decrescente,Chuva,Simples,Curva,-22.31024,-42.93795,DEL04-RJ,Risco Alto,Alta
segunda-feira,BR-158,522.0,Pleno dia,Decrescente,Céu Claro,Simples,Não Informado,-26.22591,-52.68871,DEL02-PR,Risco Médio,Baixa
terça-feira,BR-381,22.0,Amanhecer,Decrescente,Nublado,Dupla,Reta,-22.99697,-46.51631,DEL03-SP,Risco Médio,Alta
segunda-feira,BR-251,472.3,Pleno dia,Crescente,Céu Claro,Simples,Reta,-16.46691,-43.43948,DEL12-MG,Risco Alto,Baixa
quinta-feira,BR-10,216.0,Pleno dia,Crescente,Garoa/Chuvisco,Simples,Reta,-2.539026,-47.49819,DEL02-PA,Risco Médio,Baixa
sábado,BR-158,25.3,Pleno dia,Crescente,Céu Claro,Simples,Reta,-27.22469,-53.32088,DEL08-RS,Risco Baixo,Baixa
quinta-feira,BR-101,58.8,Pleno dia,Crescente,Céu Claro,Dupla,Reta,-7.970632,-34.92065,DEL01-PE,Risco Médio,Alta
segunda-feira,BR-232,467.0,Pleno dia,Crescente,Céu Claro,Simples,Reta,-8.023419,-38.71465,DEL05-PE,Risco Alto,Baixa
domingo,BR-101,27.3,Plena Noite,Crescente,Chuva,Dupla,Interseção de vias,-26.2013,-48.91332,DEL03-SC,Risco Médio,Alta
domingo,BR-381,880.3,Amanhecer,Decrescente,Ignorado,Dupla,Reta,-22.50771,-46.01674,DEL16-MG,Risco Médio,Alta
sábado,BR-407,5.8,Pleno dia,Crescente,Céu Claro,Dupla,Rotatória,-9.449094,-40.48997,DEL06-PE,Risco Baixo,Baixa
quinta-feira,BR-364,192.5,Amanhecer,Decrescente,Nublado,Dupla,Rotatória,-17.92209,-51.69062,DEL05-GO,Risco Médio,Alta
terça-feira,BR-116,252.9,Pleno dia,Decrescente,Sol,Dupla,Reta,-29.81358,-51.16873,DEL01-RS,Risco Médio,Alta
segunda-feira,BR-465,3.0,Pleno dia,Crescente,Nublado,Simples,Reta,-22.73892,-43.70759,DEL01-RJ,Risco Médio,Baixa
sexta-feira,BR-110,49.9,Plena Noite,Crescente,Chuva,Dupla,Reta,-5.21646,-37.32927,DEL04-RN,Risco Alto,Baixa
sexta-feira,BR-364,713.0,Pleno dia,Crescente,Vento,Simples,Viaduto,-8.773316,-63.87969,DEL01-RO,Risco Médio,Alta
sexta-feira,BR-116,739.0,Anoitecer,Crescente,Chuva,Simples,Curva,-21.43673,-42.52922,DEL07-MG,Risco Médio,Alta
domingo,BR-116,414.0,Pleno dia,Crescente,Céu Claro,Simples,Não Informado,-18.88103,-41.95911,DEL06-MG,Risco Médio,Alta
segunda-feira,BR-101,69.6,Pleno dia,Crescente,Céu Claro,Dupla,Reta,-8.064989,-34.94394,DEL01-PE,Risco Médio,Alta
sábado,BR-116,90.0,Amanhecer,Crescente,Céu Claro,Dupla,Não Informado,-25.49405,-49.11528,DEL01-PR,Risco Baixo,Alta
quarta-feira,BR-343,313.1,Amanhecer,Crescente,Nublado,Simples,Reta,-5.04086,-42.48831,DEL01-PI,Risco Médio,Baixa
quinta-feira,BR-101,128.0,Pleno dia,Decrescente,Céu Claro,Dupla,Reta,-26.97284,-48.68299,DEL04-SC,Risco Médio,Alta
quarta-feira,BR-153,321.0,Pleno dia,Decrescente,Nublado,Simples,Reta,-8.718998,-48.50635,DEL02-TO,Risco Médio,Alta
segunda-feira,BR-101,205.0,Plena Noite,Decrescente,Garoa/Chuvisco,Múltipla,Reta,-27.58313,-48.61533,DEL01-SC,Risco Médio,Alta
sexta-feira,BR-101,55.9,Plena Noite,Decrescente,Nublado,Dupla,Reta,-26.43325,-48.82069,DEL03-SC,Risco Médio,Alta
sexta-feira,BR-392,266.5,Pleno dia,Decrescente,Nublado,Simples,Não Informado,-30.4188,-53.49846,DEL09-RS,Risco Baixo,Média
segunda-feira,BR-40,83.0,Pleno dia,Decrescente,Céu Claro,Dupla,Curva,-22.5191,-43.22873,DEL06-RJ,Risco Baixo,Alta
domingo,BR-470,74.0,Plena Noite,Decrescente,Nublado,Simples,Reta,-26.90327,-49.26989,DEL04-SC,Risco Baixo,Baixa
domingo,BR-262,57.9,Pleno dia,Decrescente,Nublado,Simples,Curva,-20.42088,-40.76727,DEL01-ES,Risco Médio,Média
domingo,BR-116,98.0,Plena Noite,Crescente,Chuva,Simples,Curva,-22.48286,-42.99724,DEL02-RJ,Risco Baixo,Alta
segunda-feira,BR-40,709.4,Pleno dia,Crescente,Chuva,Dupla,Curva,-21.24944,-43.66648,DEL05-MG,Risco Baixo,Alta
sexta-feira,BR-116,375.0,Anoitecer,Crescente,Céu Claro,Simples,Reta,-6.395125,-38.83102,DEL05-CE,Risco Médio,Alta
quinta-feira,BR-324,517.0,Pleno dia,Crescente,Céu Claro,Simples,Reta,-12.25542,-38.93233,DEL02-BA,Risco Médio,Baixa
segunda-feira,BR-101,267.9,Pleno dia,Crescente,Céu Claro,Múltipla,Interseção de vias,-20.20842,-40.2694,DEL02-ES,Risco Baixo,Alta
domingo,BR-381,340.0,Pleno dia,Decrescente,Sol,Simples,Reta,-19.7784,-43.0437,DEL03-MG,Risco Médio,Alta
quinta-feira,BR-153,522.3,Amanhecer,Crescente,Chuva,Dupla,Reta,-16.9027,-49.2546,DEL01-GO,Risco Médio,Alta
terça-feira,BR-364,129.0,Plena Noite,Crescente,Céu Claro,Dupla,Reta,-10.02882,-67.82933,DEL01-AC,Risco Médio,Alta
domingo,BR-101,139.0,Anoitecer,Crescente,Chuva,Múltipla,Não Informado,-27.02982,-48.60115,DEL04-SC,Risco Médio,Alta
sábado,BR-101,39.0,Pleno dia,Crescente,Nublado,Dupla,Reta,-26.26281,-48.90192,DEL03-SC,Risco Médio,Alta
terça-feira,BR-369,368.0,Plena Noite,Crescente,Chuva,Simples,Reta,-24.13939,-52.44259,DEL04-PR,Risco Baixo,Baixa
domingo,BR-285,474.2,Anoitecer,Decrescente,Céu Claro,Simples,Não Informado,-28.38227,-54.06174,DEL10-RS,Risco Baixo,Baixa
quarta-feira,BR-381,90.0,Pleno dia,Decrescente,Nublado,Simples,Reta,-23.49479,-46.5596,DEL03-SP,Risco Médio,Alta
sábado,BR-101,782.7,Plena Noite,Crescente,Ignorado,Simples,Reta,-16.8264,-39.4793,DEL09-BA,Risco Médio,Alta
sexta-feira,BR-40,469.0,Pleno dia,Decrescente,Chuva,Dupla,Não Informado,-19.46099,-44.30122,DEL02-MG,Risco Médio,Alta
sexta-feira,BR-101,738.9,Pleno dia,Decrescente,Sol,Simples,Não Informado,-16.53298,-39.56656,DEL09-BA,Risco Médio,Alta
quarta-feira,BR-369,73.5,Pleno dia,Decrescente,Nublado,Simples,Reta,-23.15334,-50.52217,DEL07-PR,Risco Médio,Baixa
segunda-feira,BR-381,803.2,Pleno dia,Decrescente,Céu Claro,Dupla,Reta,-21.95966,-45.6256,DEL16-MG,Risco Médio,Alta
sexta-feira,BR-70,535.0,Plena Noite,Crescente,Chuva,Simples,Não Informado,-15.77543,-56.34599,DEL01-MT,Risco Médio,Baixa
domingo,BR-470,7.5,Pleno dia,Crescente,Céu Claro,Simples,Túnel,-26.84499,-48.71505,DEL04-SC,Risco Baixo,Baixa
quarta-feira,BR-101,95.1,Pleno dia,Decrescente,Céu Claro,Dupla,Reta,-5.851608,-35.20996,DEL01-RN,Risco Baixo,Alta
domingo,BR-116,27.8,Pleno dia,Decrescente,Nublado,Dupla,Curva,-22.6185,-44.9063,DEL08-SP,Risco Baixo,Alta
quarta-feira,BR-316,354.0,Pleno dia,Decrescente,Céu Claro,Simples,Reta,-7.118267,-41.17109,DEL04-PI,Risco Baixo,Baixa
terça-feira,BR-153,1.0,Plena Noite,Decrescente,Céu Claro,Múltipla,Desvio Temporário,-18.42609,-49.19359,DEL15-MG,Risco Alto,Alta
quinta-feira,BR-262,4.2,Plena Noite,Decrescente,Céu Claro,Dupla,Reta,-20.33799,-40.38084,DEL01-ES,Risco Médio,Média
sábado,BR-116,413.0,Pleno dia,Decrescente,Céu Claro,Simples,Reta,-18.87391,-41.96637,DEL06-MG,Risco Médio,Alta
domingo,BR-101,289.7,Pleno dia,Decrescente,Céu Claro,Dupla,Reta,-20.28029,-40.39303,DEL01-ES,Risco Médio,Alta
sexta-feira,BR-116,271.4,Plena Noite,Crescente,Céu Claro,Dupla,Reta,-23.61809,-46.80556,DEL04-SP,Risco Baixo,Alta
quinta-feira,BR-230,106.1,Pleno dia,Decrescente,Céu Claro,Dupla,Reta,-7.2083,-35.5318,DEL01-PB,Risco Médio,Baixa
sábado,BR-373,252.5,Pleno dia,Decrescente,Nublado,Dupla,Reta,-25.16766,-50.80833,DEL03-PR,Risco Médio,Baixa
segunda-feira,BR-282,2.1,Amanhecer,Decrescente,Céu Claro,Dupla,Reta,-27.60329,-48.59042,DEL01-SC,Risco Médio,Baixa
domingo,BR-116,486.0,Pleno dia,Decrescente,Nublado,Dupla,Reta,-24.72175,-48.08178,DEL05-SP,Risco Médio,Alta
quarta-feira,BR-40,1.9,Plena Noite,Decrescente,Céu Claro,Dupla,Reta,-16.06617,-47.98399,DEL01-DF,Risco Médio,Alta
segunda-feira,BR-262,385.0,Plena Noite,Decrescente,Ignorado,Dupla,Não Informado,-19.93325,-44.42077,DEL01-MG,Risco Médio,Média
terça-feira,BR-153,506.0,Pleno dia,Decrescente,Céu Claro,Dupla,Desvio Temporário,-16.76155,-49.24007,DEL01-GO,Risco Médio,Alta
domingo,BR-116,119.0,Plena Noite,Decrescente,Nublado,Dupla,Reta,-25.54456,-49.30146,DEL01-PR,Risco Baixo,Alta
segunda-feira,BR-104,117.3,Plena Noite,Decrescente,Céu Claro,Simples,Reta,-7.190307,-35.86737,DEL02-PB,Risco Médio,Baixa
quinta-feira,BR-163,748.0,Pleno dia,Crescente,Ignorado,Dupla,Reta,-12.60013,-55.75012,DEL06-MT,Risco Médio,Alta
quinta-feira,BR-381,394.0,Pleno dia,Crescente,Nublado,Simples,Não Informado,-19.73814,-43.50935,DEL01-MG,Risco Médio,Alta
sábado,BR-365,344.0,Plena Noite,Decrescente,Céu Claro,Simples,Reta,-18.31607,-45.98143,DEL10-MG,Risco Médio,Média
quarta-feira,BR-116,220.0,Plena Noite,Crescente,Céu Claro,Simples,Curva,-22.6709,-43.818,DEL07-RJ,Risco Baixo,Alta
segunda-feira,BR-40,555.7,Plena Noite,Crescente,Céu Claro,Simples,Não Informado,-20.08473,-43.97697,DEL01-MG,Risco Baixo,Alta
sexta-feira,BR-365,612.0,Anoitecer,Crescente,Chuva,Simples,Reta,-18.91693,-48.21187,DEL15-MG,Risco Médio,Média
segunda-feira,BR-116,106.4,Plena Noite,Crescente,Céu Claro,Simples,Reta,-22.52195,-43.0007,DEL04-RJ,Risco Médio,Alta
domingo,BR-80,101.2,Plena Noite,Crescente,Céu Claro,Simples,Curva,-15.20888,-48.69731,DEL07-GO,Risco Baixo,Baixa
domingo,BR-316,64.0,Plena Noite,Decrescente,Céu Claro,Dupla,Reta,-1.296222,-47.91862,DEL01-PA,Risco Baixo,Baixa
quinta-feira,BR-101,43.1,Pleno dia,Decrescente,Céu Claro,Dupla,Reta,-26.30357,-48.88226,DEL03-SC,Risco Médio,Alta
sábado,BR-423,69.2,Plena Noite,Crescente,Nublado,Simples,Não Informado,-8.676487,-36.40183,DEL03-PE,Risco Médio,Baixa
quinta-feira,BR-476,128.4,Pleno dia,Decrescente,Nublado,Múltipla,Curva,-25.43545,-49.23364,DEL01-PR,Risco Médio,Baixa
quinta-feira,BR-282,310.8,Pleno dia,Decrescente,Céu Claro,Simples,Não Informado,-27.47391,-50.98249,DEL07-SC,Risco Alto,Baixa
domingo,BR-40,11.0,Pleno dia,Decrescente,Céu Claro,Dupla,Reta,-16.13834,-47.95164,DEL01-DF,Risco Médio,Alta
domingo,BR-40,795.9,Plena Noite,Crescente,Céu Claro,Dupla,Reta,-21.80557,-43.39957,DEL05-MG,Risco Baixo,Alta
segunda-feira,BR-467,97.0,Pleno dia,Decrescente,Sol,Dupla,Reta,-24.9261,-53.4589,DEL04-PR,Risco Médio,Baixa
quinta-feira,BR-163,462.6,Pleno dia,Decrescente,Céu Claro,Simples,Reta,-20.62069,-54.57427,DEL01-MS,Risco Baixo,Alta
sexta-feira,BR-470,60.9,Plena Noite,Decrescente,Nublado,Simples,Curva,-26.88302,-49.15613,DEL04-SC,Risco Alto,Baixa
domingo,BR-40,750.6,Pleno dia,Decrescente,Nublado,Simples,Curva,-21.45724,-43.55822,DEL05-MG,Risco Médio,Alta
sábado,BR-277,653.2,Pleno dia,Crescente,Céu Claro,Simples,Reta,-25.21335,-53.95144,DEL05-PR,Risco Médio,Média
quinta-feira,BR-101,504.0,Plena Noite,Crescente,Garoa/Chuvisco,Simples,Curva,-14.7971,-39.2904,DEL05-BA,Risco Médio,Alta
sexta-feira,BR-230,1113.0,Plena Noite,Decrescente,Garoa/Chuvisco,Simples,Não Informado,-4.399108,-55.91887,DEL05-PA,Risco Médio,Baixa
domingo,BR-135,64.0,Plena Noite,Crescente,Nublado,Simples,Reta,-3.08772,-44.32136,DEL01-MA,Risco Alto,Baixa
segunda-feira,BR-293,36.4,Pleno dia,Decrescente,Nublado,Simples,Reta,-31.73887,-52.68331,DEL07-RS,Risco Baixo,Baixa
terça-feira,BR-101,95.3,Pleno dia,Decrescente,Céu Claro,Dupla,Reta,-8.25099,-35.01426,DEL01-PE,Risco Médio,Alta
domingo,BR-277,682.9,Plena Noite,Decrescente,Céu Claro,Dupla,Reta,-25.32987,-54.18272,DEL05-PR,Risco Baixo,Média
segunda-feira,BR-470,96.1,Pleno dia,Decrescente,Céu Claro,Simples,Curva,-27.02077,-49.37134,DEL04-SC,Risco Médio,Baixa
domingo,BR-365,470.0,Pleno dia,Crescente,Céu Claro,Simples,Reta,-18.91815,-46.97867,DEL10-MG,Risco Médio,Média
segunda-feira,BR-153,694.0,Pleno dia,Crescente,Céu Claro,Simples,Reta,-11.90376,-49.17221,DEL01-TO,Risco Médio,Alta
segunda-feira,BR-116,397.0,Plena Noite,Decrescente,Céu Claro,Simples,Reta,-30.84181,-51.75015,DEL02-RS,Risco Médio,Alta
terça-feira,BR-116,107.2,Amanhecer,Decrescente,Céu Claro,Dupla,Reta,-22.52826,-42.99737,DEL04-RJ,Risco Médio,Alta
quinta-feira,BR-101,197.0,Pleno dia,Crescente,Céu Claro,Dupla,Reta,-27.51844,-48.63848,DEL01-SC,Risco Médio,Alta
segunda-feira,BR-101,42.0,Pleno dia,Decrescente,Céu Claro,Múltipla,Curva,-7.83561,-34.91246,DEL01-PE,Risco Baixo,Alta