dia_semana,br,km,fase_dia,sentido_via,condicao_metereologica,tipo_pista,tracado_via,latitude,longitude,delegacia,classificacao_acidente,postos_policiais_PRF
sexta-feira,BR-60,385.0,Plena Noite,Decrescente,Céu Claro,Dupla,Reta,-17.7964,-50.914,DEL04-GO,Risco Médio,Média
terça-feira,BR-101,78.0,Pleno dia,Crescente,Garoa/Chuvisco,Dupla,Reta,-8.134965,-34.94739,DEL01-PE,Risco Médio,Alta
domingo,BR-50,226.0,Pleno dia,Crescente,Céu Claro,Dupla,Reta,-17.77193,-47.74997,DEL06-GO,Risco Alto,Média
domingo,BR-470,1.0,Plena Noite,Decrescente,Nublado,Dupla,Reta,-26.87538,-48.66828,DEL04-SC,Risco Médio,Baixa
terça-feira,BR-356,183.0,Anoitecer,Crescente,Garoa/Chuvisco,Simples,Reta,-21.71855,-41.10128,DEL08-RJ,Risco Médio,Baixa
domingo,BR-267,202.3,Pleno dia,Decrescente,Nublado,Simples,Curva,-21.92951,-44.0998,DEL05-MG,Risco Alto,Baixa
segunda-feira,BR-376,181.0,Plena Noite,Crescente,Céu Claro,Dupla,Reta,-23.42828,-51.89323,DEL07-PR,Risco Médio,Baixa
quinta-feira,BR-290,95.0,Plena Noite,Decrescente,Garoa/Chuvisco,Dupla,Reta,-29.98283,-51.20157,DEL01-RS,Risco Médio,Baixa
segunda-feira,BR-101,261.2,Plena Noite,Decrescente,Chuva,Dupla,Não Informado,-20.15301,-40.27828,DEL02-ES,Risco Médio,Alta
sexta-feira,BR-116,211.8,Pleno dia,Crescente,Sol,Múltipla,Desvio Temporário,-23.43592,-46.42828,DEL01-SP,Risco Baixo,Alta
quarta-feira,BR-153,435.0,Pleno dia,Decrescente,Chuva,Dupla,Não Informado,-16.28052,-48.96005,DEL02-GO,Risco Médio,Alta
terça-feira,BR-277,584.0,Pleno dia,Crescente,Céu Claro,Dupla,Desvio Temporário,-24.96684,-53.40258,DEL04-PR,Risco Baixo,Média
sexta-feira,BR-364,390.0,Pleno dia,Crescente,Garoa/Chuvisco,Simples,Não Informado,-10.67404,-62.28482,DEL03-RO,Risco Médio,Alta
quarta-feira,BR-116,243.5,Plena Noite,Decrescente,Céu Claro,Múltipla,Viaduto,-29.73196,-51.14952,DEL01-RS,Risco Médio,Alta
sábado,BR-230,28.0,Amanhecer,Decrescente,Céu Claro,Dupla,Não Informado,-7.1651,-34.8941,DEL01-PB,Risco Médio,Baixa
segunda-feira,BR-101,237.0,Plena Noite,Crescente,Céu Claro,Simples,Retorno Regulamentado,-19.99827,-40.41398,DEL02-ES,Risco Baixo,Alta
segunda-feira,BR-116,242.0,Pleno dia,Decrescente,Nublado,Dupla,Reta,-29.72297,-51.14859,DEL01-RS,Risco Médio,Alta
sexta-feira,BR-116,230.0,Plena Noite,Crescente,Céu Claro,Simples,Reta,-29.62134,-51.12781,DEL01-RS,Risco Alto,Alta
quarta-feira,BR-316,103.8,Amanhecer,Decrescente,Nublado,Simples,Reta,-9.390129,-37.09053,DEL03-AL,Risco Baixo,Baixa
domingo,BR-369,187.0,Plena Noite,Crescente,Céu Claro,Simples,Não Informado,-23.42562,-51.42345,DEL07-PR,Risco Baixo,Baixa
sexta-feira,BR-40,587.6,Plena Noite,Decrescente,Céu Claro,Simples,Não Informado,-20.35072,-43.91516,DEL01-MG,Risco Médio,Alta
domingo,BR-381,767.9,Pleno dia,Decrescente,Chuva,Dupla,Não Informado,-21.75237,-45.39386,DEL16-MG,Risco Médio,Alta
quinta-feira,BR-116,448.0,Plena Noite,Crescente,Céu Claro,Dupla,Não Informado,-12.36969,-39.11399,DEL02-BA,Risco Médio,Alta
terça-feira,BR-116,173.9,Pleno dia,Decrescente,Sol,Simples,Curva,-17.06614,-41.47435,DEL11-MG,Risco Médio,Alta
sábado,BR-376,140.0,Plena Noite,Decrescente,Céu Claro,Dupla,Reta,-23.24011,-52.17195,DEL09-PR,Risco Médio,Baixa
quarta-feira,BR-364,120.0,Plena Noite,Crescente,Garoa/Chuvisco,Simples,Reta,-10.01227,-67.75534,DEL01-AC,Risco Médio,Alta
quinta-feira,BR-153,27.0,Pleno dia,Crescente,Chuva,Simples,Curva,-23.214,-49.98826,DEL07-PR,Risco Baixo,Alta
quarta-feira,BR-153,61.6,Pleno dia,Crescente,Céu Claro,Dupla,Não Informado,-20.80503,-49.35575,DEL09-SP,Risco Médio,Alta
sábado,BR-376,127.0,Pleno dia,Crescente,Céu Claro,Dupla,Desvio Temporário,-23.16114,-52.25909,DEL07-PR,Risco Médio,Baixa
segunda-feira,BR-232,9.0,Pleno dia,Crescente,Céu Claro,Dupla,Reta,-8.077644,-34.97864,DEL01-PE,Risco Médio,Baixa
segunda-feira,BR-163,539.0,Pleno dia,Crescente,Nublado,Simples,Reta,-14.34591,-56.11194,DEL01-MT,Risco Médio,Alta
domingo,BR-406,40.6,Plena Noite,Decrescente,Chuva,Simples,Reta,-5.274752,-36.31045,DEL02-RN,Risco Alto,Baixa
quinta-feira,BR-101,3.0,Pleno dia,Decrescente,Nublado,Simples,Não Informado,-29.32477,-49.77888,DEL03-RS,Risco Médio,Alta
sexta-feira,BR-163,691.0,Pleno dia,Crescente,Sol,Simples,Desvio Temporário,-18.83492,-54.81341,DEL06-MS,Risco Médio,Alta
domingo,BR-364,209.1,Pleno dia,Crescente,Chuva,Dupla,Reta,-16.42895,-54.69338,DEL02-MT,Risco Médio,Alta
sábado,BR-40,0.4,Pleno dia,Crescente,Nublado,Simples,Curva,-17.03625,-47.15627,DEL14-MG,Risco Médio,Alta
domingo,BR-116,323.1,Anoitecer,Decrescente,Nublado,Dupla,Reta,-23.93663,-47.03568,DEL04-SP,Risco Médio,Alta
terça-feira,BR-381,487.0,Pleno dia,Decrescente,Céu Claro,Dupla,Não Informado,-19.95587,-44.1461,DEL01-MG,Risco Médio,Alta
sexta-feira,BR-290,156.1,Anoitecer,Crescente,Sol,Simples,Não Informado,-30.10721,-51.77273,DEL02-RS,Risco Médio,Baixa
sábado,BR-116,150.3,Pleno dia,Crescente,Céu Claro,Dupla,Reta,-29.17082,-51.15977,DEL05-RS,Risco Médio,Alta
terça-feira,BR-232,8.0,Pleno dia,Decrescente,Céu Claro,Dupla,Reta,-8.075837,-34.97016,DEL01-PE,Risco Médio,Baixa
terça-feira,BR-356,33.0,Anoitecer,Crescente,Céu Claro,Dupla,Interseção de vias,-21.20065,-41.89855,DEL08-RJ,Risco Médio,Baixa
sexta-feira,BR-116,86.6,Plena Noite,Decrescente,Céu Claro,Múltipla,Reta,-22.92639,-45.35308,DEL06-SP,Risco Médio,Alta
domingo,BR-262,377.0,Pleno dia,Crescente,Nublado,Dupla,Reta,-19.9322,-44.417,DEL01-MG,Risco Baixo,Média
domingo,BR-20,174.5,Pleno dia,Crescente,Nublado,Simples,Reta,-14.51948,-46.52816,DEL02-DF,Risco Baixo,Baixa
domingo,BR-101,82.8,Plena Noite,Decrescente,Céu Claro,Dupla,Reta,-5.767915,-35.27456,DEL02-RN,Risco Médio,Alta
domingo,BR-116,228.0,Pleno dia,Decrescente,Céu Claro,Múltipla,Reta,-23.50343,-46.56639,DEL01-SP,Risco Baixo,Alta
terça-feira,BR-116,223.0,Pleno dia,Decrescente,Céu Claro,Múltipla,Reta,-23.4756,-46.52466,DEL01-SP,Risco Médio,Alta
segunda-feira,BR-153,495.5,Pleno dia,Decrescente,Céu Claro,Simples,Reta,-16.66475,-49.22405,DEL01-GO,Risco Baixo,Alta
segunda-feira,BR-116,18.3,Plena Noite,Decrescente,Céu Claro,Dupla,Não Informado,-3.910539,-38.50617,DEL01-CE,Risco Médio,Alta
sexta-feira,BR-495,30.0,Plena Noite,Crescente,Céu Claro,Simples,Curva,-22.38076,-43.13146,DEL06-RJ,Risco Médio,Baixa
domingo,BR-116,12.9,Plena Noite,Crescente,Nublado,Dupla,Reta,-22.55125,-44.81189,DEL08-SP,Risco Médio,Alta
sábado,BR-427,0.0,Plena Noite,Decrescente,Céu Claro,Simples,Interseção de vias,-6.275713,-36.52199,DEL03-RN,Risco Médio,Baixa
sexta-feira,BR-101,147.0,Pleno dia,Decrescente,Céu Claro,Dupla,Reta,-27.09237,-48.61731,DEL04-SC,Risco Médio,Alta
domingo,BR-376,216.0,Plena Noite,Decrescente,Céu Claro,Simples,Interseção de vias,-23.58881,-51.6456,DEL07-PR,Risco Médio,Baixa
quinta-feira,BR-101,77.3,Plena Noite,Crescente,Chuva,Dupla,Reta,-8.131257,-34.94537,DEL01-PE,Risco Baixo,Alta
sábado,BR-101,418.5,Pleno dia,Crescente,Céu Claro,Simples,Reta,-22.91783,-43.90472,DEL03-RJ,Risco Baixo,Alta
terça-feira,BR-280,3.8,Pleno dia,Decrescente,Nublado,Simples,Rotatória,-26.25191,-48.61763,DEL03-SC,Risco Médio,Baixa
domingo,BR-116,301.0,Pleno dia,Decrescente,Céu Claro,Simples,Não Informado,-30.1319,-51.35387,DEL02-RS,Risco Baixo,Alta
segunda-feira,BR-116,9.9,Pleno dia,Crescente,Nublado,Dupla,Reta,-25.3708,-49.1246,DEL01-PR,Risco Médio,Alta
sábado,BR-101,205.1,Pleno dia,Decrescente,Chuva,Dupla,Reta,-27.592,-48.6181,DEL01-SC,Risco Médio,Alta
sábado,BR-414,418.6,Pleno dia,Decrescente,Nublado,Simples,Reta,-16.11097,-48.8828,DEL02-GO,Risco Baixo,Baixa
quarta-feira,BR-369,131.7,Plena Noite,Decrescente,Céu Claro,Dupla,Não Informado,-23.2614,-50.9971,DEL07-PR,Risco Médio,Baixa
quinta-feira,BR-242,660.0,Pleno dia,Decrescente,Céu Claro,Simples,Desvio Temporário,-12.23014,-43.83951,DEL10-BA,Risco Médio,Baixa
sábado,BR-116,95.0,Pleno dia,Crescente,Céu Claro,Simples,Reta,-22.47375,-43.00118,DEL02-RJ,Risco Médio,Alta
sexta-feira,BR-364,12.0,Pleno dia,Crescente,Céu Claro,Simples,Reta,-20.12243,-48.71867,DEL13-MG,Risco Baixo,Alta
quinta-feira,BR-101,77.0,Pleno dia,Crescente,Céu Claro,Dupla,Reta,-5.7379,-35.29077,DEL02-RN,Risco Médio,Alta
terça-feira,BR-101,247.0,Plena Noite,Decrescente,Nublado,Simples,Curva,-12.86442,-39.21648,DEL01-BA,Risco Médio,Alta
sexta-feira,BR-364,347.4,Anoitecer,Crescente,Nublado,Simples,Reta,-10.86587,-61.96865,DEL02-RO,Risco Médio,Alta
domingo,BR-386,439.0,Plena Noite,Decrescente,Nublado,Dupla,Reta,-29.87214,-51.24809,DEL01-RS,Risco Médio,Média
terça-feira,BR-242,889.0,Plena Noite,Decrescente,Chuva,Simples,Reta,-12.0991,-45.85409,DEL10-BA,Risco Alto,Baixa
segunda-feira,BR-226,39.0,Pleno dia,Decrescente,Nublado,Simples,Reta,-6.7131,-47.7578,DEL02-TO,Risco Baixo,Baixa
terça-feira,BR-316,9.9,Plena Noite,Crescente,Céu Claro,Dupla,Reta,-1.365636,-48.35879,DEL01-PA,Risco Alto,Baixa
quarta-feira,BR-470,66.3,Pleno dia,Crescente,Nublado,Simples,Não Informado,-26.86987,-49.22444,DEL04-SC,Risco Médio,Baixa
terça-feira,BR-364,479.9,Pleno dia,Decrescente,Chuva,Simples,Reta,-10.14114,-62.85422,DEL03-RO,Risco Médio,Alta
domingo,BR-101,91.0,Anoitecer,Decrescente,Chuva,Dupla,Reta,-21.85124,-41.52048,DEL08-RJ,Risco Médio,Alta
terça-feira,BR-414,437.0,Pleno dia,Crescente,Céu Claro,Simples,Rotatória,-16.26365,-48.93824,DEL02-GO,Risco Médio,Baixa
quarta-feira,BR-282,499.7,Amanhecer,Crescente,Céu Claro,Múltipla,Não Informado,-26.88422,-52.38944,DEL07-SC,Risco Baixo,Baixa
quinta-feira,BR-277,217.0,Plena Noite,Decrescente,Chuva,Simples,Reta,-25.46575,-50.36536,DEL08-PR,Risco Alto,Média
sexta-feira,BR-381,284.0,Pleno dia,Decrescente,Céu Claro,Simples,Reta,-19.61562,-42.79146,DEL03-MG,Risco Médio,Alta
sábado,BR-116,193.0,Plena Noite,Decrescente,Céu Claro,Dupla,Reta,-22.7396,-43.52859,DEL01-RJ,Risco Médio,Alta
sábado,BR-50,71.6,Pleno dia,Crescente,Sol,Múltipla,Não Informado,-18.89811,-48.24408,DEL15-MG,Risco Médio,Média
domingo,BR-277,69.0,Plena Noite,Decrescente,Nublado,Dupla,Reta,-25.53715,-49.07077,DEL01-PR,Risco Médio,Média
terça-feira,BR-364,645.0,Amanhecer,Decrescente,Ignorado,Simples,Reta,-8.96616,-63.42678,DEL03-RO,Risco Médio,Alta
domingo,BR-40,688.6,Amanhecer,Decrescente,Garoa/Chuvisco,Simples,Curva,-21.0876,-43.77189,DEL05-MG,Risco Médio,Alta
terça-feira,BR-365,325.0,Pleno dia,Decrescente,Céu Claro,Simples,Reta,-18.27817,-45.89941,DEL10-MG,Risco Médio,Média
quarta-feira,BR-101,16.4,Plena Noite,Crescente,Céu Claro,Dupla,Curva,-8.997307,-35.67603,DEL01-AL,Risco Baixo,Alta
quarta-feira,BR-40,558.5,Plena Noite,Decrescente,Céu Claro,Dupla,Não Informado,-20.11083,-43.97222,DEL01-MG,Risco Alto,Alta
sábado,BR-116,638.0,Plena Noite,Decrescente,Nevoeiro/Neblina,Simples,Reta,-32.43815,-53.25732,DEL07-RS,Risco Baixo,Alta
sexta-feira,BR-40,24.0,Plena Noite,Crescente,Nublado,Dupla,Reta,-16.25274,-47.90044,DEL01-DF,Risco Médio,Alta
sexta-feira,BR-408,100.1,Pleno dia,Decrescente,Céu Claro,Dupla,Curva,-8.048484,-35.00776,DEL01-PE,Risco Médio,Baixa
domingo,BR-262,446.7,Plena Noite,Decrescente,Nublado,Simples,Reta,-19.86171,-45.00293,DEL08-MG,Risco Médio,Média
sexta-feira,BR-20,49.2,Plena Noite,Decrescente,Chuva,Simples,Reta,-15.43447,-47.09844,DEL02-DF,Risco Médio,Baixa
quinta-feira,BR-304,49.5,Plena Noite,Decrescente,Céu Claro,Simples,Reta,-5.241364,-37.31481,DEL04-RN,Risco Baixo,Baixa
sábado,BR-40,805.8,Pleno dia,Crescente,Céu Claro,Simples,Não Informado,-21.86534,-43.36765,DEL05-MG,Risco Médio,Alta
domingo,BR-381,928.9,Pleno dia,Crescente,Nublado,Dupla,Reta,-22.77063,-46.2333,DEL16-MG,Risco Médio,Alta
domingo,BR-277,684.3,Pleno dia,Decrescente,Céu Claro,Dupla,Reta,-25.33865,-54.19917,DEL05-PR,Risco Médio,Média
domingo,BR-163,680.1,Plena Noite,Crescente,Céu Claro,Simples,Reta,-18.91986,-54.83749,DEL06-MS,Risco Médio,Alta
domingo,BR-285,477.6,Pleno dia,Decrescente,Sol,Simples,Reta,-28.38208,-54.08198,DEL10-RS,Risco Baixo,Baixa
sexta-feira,BR-116,694.8,Plena Noite,Decrescente,Nublado,Simples,Reta,-21.05321,-42.36837,DEL07-MG,Risco Médio,Alta
sábado,BR-153,214.0,Pleno dia,Crescente,Nublado,Simples,Reta,-20.06166,-49.0624,DEL13-MG,Risco Médio,Alta
sábado,BR-116,108.6,Plena Noite,Decrescente,Nevoeiro/Neblina,Simples,Não Informado,-26.75208,-50.33425,DEL06-SC,Risco Médio,Alta
terça-feira,BR-40,33.9,Pleno dia,Crescente,Nublado,Simples,Curva,-17.18749,-46.92356,DEL14-MG,Risco Médio,Alta
terça-feira,BR-101,81.0,Pleno dia,Decrescente,Céu Claro,Dupla,Rotatória,-5.758522,-35.28806,DEL02-RN,Risco Médio,Alta
sábado,BR-277,694.2,Plena Noite,Crescente,Céu Claro,Dupla,Reta,-25.37728,-54.27854,DEL05-PR,Risco Médio,Média
sexta-feira,BR-116,133.0,Pleno dia,Crescente,Céu Claro,Múltipla,Reta,-22.64722,-43.18623,DEL04-RJ,Risco Baixo,Alta
segunda-feira,BR-316,620.1,Pleno dia,Crescente,Céu Claro,Simples,Reta,-5.129572,-42.82131,DEL03-MA,Risco Médio,Baixa
sábado,BR-262,369.0,Plena Noite,Decrescente,Nublado,Dupla,Reta,-19.9566,-44.3527,DEL01-MG,Risco Baixo,Média
quarta-feira,BR-101,331.0,Pleno dia,Decrescente,Garoa/Chuvisco,Dupla,Reta,-22.86766,-43.19534,DEL02-RJ,Risco Médio,Alta
quarta-feira,BR-364,198.0,Plena Noite,Crescente,Céu Claro,Dupla,Retorno Regulamentado,-16.50621,-54.62295,DEL02-MT,Risco Baixo,Alta
sábado,BR-376,177.0,Pleno dia,Crescente,Sol,Dupla,Reta,-23.41322,-51.93079,DEL07-PR,Risco Médio,Baixa
sexta-feira,BR-282,92.0,Pleno dia,Crescente,Nublado,Simples,Curva,-27.69736,-49.23542,DEL01-SC,Risco Baixo,Baixa
terça-feira,BR-60,65.0,Plena Noite,Crescente,Céu Claro,Simples,Não Informado,-19.0534,-53.01508,DEL06-MS,Risco Médio,Média
domingo,BR-70,316.0,Plena Noite,Decrescente,Nublado,Dupla,Não Informado,-15.87586,-50.87065,DEL04-GO,Risco Alto,Baixa
domingo,BR-476,111.0,Pleno dia,Crescente,Nublado,Simples,Curva,-25.31512,-49.15386,DEL01-PR,Risco Médio,Baixa
segunda-feira,BR-277,582.2,Pleno dia,Crescente,Céu Claro,Simples,Reta,-24.9755,-53.38865,DEL04-PR,Risco Médio,Média
terça-feira,BR-222,2.0,Pleno dia,Crescente,Nublado,Simples,Reta,-3.686506,-40.35005,DEL04-CE,Risco Médio,Baixa
sexta-feira,BR-376,541.0,Plena Noite,Decrescente,Chuva,Dupla,Não Informado,-25.41972,-49.76851,DEL03-PR,Risco Médio,Baixa
segunda-feira,BR-232,261.5,Anoitecer,Crescente,Nublado,Simples,Reta,-8.406896,-37.12869,DEL03-PE,Risco Médio,Baixa
domingo,BR-376,4.5,Pleno dia,Crescente,Céu Claro,Dupla,Não Informado,-23.55275,-51.44736,DEL07-PR,Risco Médio,Baixa
segunda-feira,BR-365,405.3,Pleno dia,Crescente,Céu Claro,Simples,Interseção de vias,-18.63258,-46.47045,DEL10-MG,Risco Médio,Média
segunda-feira,BR-364,367.6,Plena Noite,Crescente,Céu Claro,Simples,Reta,-10.76728,-62.11907,DEL02-RO,Risco Médio,Alta
sexta-feira,BR-101,203.5,Pleno dia,Decrescente,Sol,Múltipla,Não Informado,-27.56919,-48.61373,DEL01-SC,Risco Baixo,Alta
domingo,BR-232,78.5,Plena Noite,Crescente,Céu Claro,Dupla,Reta,-8.193437,-35.55187,DEL02-PE,Risco Baixo,Baixa
domingo,BR-230,31.0,Pleno dia,Decrescente,Nublado,Dupla,Reta,-7.1484,-34.9129,DEL01-PB,Risco Médio,Baixa
quinta-feira,BR-60,6.6,Pleno dia,Decrescente,Céu Claro,Dupla,Reta,-15.90016,-48.11884,DEL01-DF,Risco Médio,Média
quinta-feira,BR-101,192.0,Plena Noite,Decrescente,Chuva,Dupla,Reta,-27.47994,-48.64476,DEL01-SC,Risco Médio,Alta
segunda-feira,BR-408,102.0,Plena Noite,Decrescente,Nublado,Dupla,Reta,-8.053232,-35.00248,DEL01-PE,Risco Baixo,Baixa
sábado,BR-60,191.8,Plena Noite,Crescente,Nublado,Dupla,Curva,-16.85095,-49.56356,DEL01-GO,Risco Médio,Média
sexta-feira,BR-381,686.6,Pleno dia,Crescente,Chuva,Dupla,Curva,-21.20031,-45.11944,DEL04-MG,Risco Médio,Alta
quinta-feira,BR-101,408.0,Pleno dia,Crescente,Sol,Simples,Reta,-22.88088,-43.82442,DEL03-RJ,Risco Médio,Alta
terça-feira,BR-319,57.0,Pleno dia,Crescente,Céu Claro,Simples,Curva,-8.737307,-63.91786,DEL01-RO,Risco Médio,Baixa
sábado,BR-146,490.6,Plena Noite,Crescente,Céu Claro,Simples,Reta,-21.80793,-46.48002,DEL09-MG,Risco Alto,Baixa
sábado,BR-70,13.6,Plena Noite,Crescente,Céu Claro,Dupla,Rotatória,-15.79605,-48.17208,DEL01-DF,Risco Médio,Baixa
sexta-feira,BR-153,20.0,Pleno dia,Crescente,Nublado,Simples,Curva,-27.46701,-52.10388,DEL08-RS,Risco Médio,Alta
domingo,BR-101,270.6,Pleno dia,Decrescente,Céu Claro,Dupla,Reta,-20.22662,-40.27075,DEL02-ES,Risco Médio,Alta
sexta-feira,BR-40,615.4,Plena Noite,Crescente,Céu Claro,Simples,Não Informado,-20.54557,-43.82049,DEL05-MG,Risco Médio,Alta
terça-feira,BR-101,149.4,Plena Noite,Decrescente,Chuva,Múltipla,Reta,-19.39619,-40.06436,DEL04-ES,Risco Médio,Alta
segunda-feira,BR-470,193.0,Plena Noite,Crescente,Garoa/Chuvisco,Simples,Curva,-27.29125,-50.07294,DEL04-SC,Risco Médio,Baixa
sábado,BR-381,529.9,Pleno dia,Decrescente,Chuva,Dupla,Curva,-20.1623,-44.3484,DEL04-MG,Risco Médio,Alta
domingo,BR-493,1.0,Pleno dia,Crescente,Sol,Simples,Não Informado,-22.76399,-42.92732,DEL02-RJ,Risco Médio,Baixa
sexta-feira,BR-369,191.0,Amanhecer,Decrescente,Céu Claro,Dupla,Reta,-23.45504,-51.42352,DEL07-PR,Risco Médio,Baixa
sábado,BR-116,574.0,Anoitecer,Crescente,Nublado,Simples,Curva,-13.07096,-39.96101,DEL03-BA,Risco Médio,Alta
quarta-feira,BR-282,6.0,Pleno dia,Decrescente,Céu Claro,Dupla,Reta,-27.58435,-48.60722,DEL01-SC,Risco Médio,Baixa
terça-feira,BR-101,337.0,Pleno dia,Decrescente,Céu Claro,Múltipla,Viaduto,-28.47802,-49.03246,DEL02-SC,Risco Médio,Alta
quarta-feira,BR-101,214.9,Amanhecer,Decrescente,Céu Claro,Múltipla,Reta,-27.65083,-48.67521,DEL01-SC,Risco Baixo,Alta
quinta-feira,BR-277,198.4,Plena Noite,Decrescente,Chuva,Simples,Reta,-25.46504,-50.26731,DEL03-PR,Risco Alto,Média
terça-feira,BR-163,485.0,Pleno dia,Decrescente,Céu Claro,Simples,Reta,-20.44234,-54.54202,DEL01-MS,Risco Baixo,Alta
domingo,BR-277,584.4,Plena Noite,Crescente,Céu Claro,Múltipla,Não Informado,-24.96684,-53.40258,DEL04-PR,Risco Baixo,Média
sábado,BR-365,26.9,Plena Noite,Crescente,Céu Claro,Simples,Curva,-16.85145,-44.06967,DEL12-MG,Risco Alto,Média
domingo,BR-282,5.0,Plena Noite,Decrescente,Céu Claro,Simples,Curva,-27.589,-48.6113,DEL01-SC,Risco Baixo,Baixa
sábado,BR-116,931.0,Pleno dia,Crescente,Céu Claro,Simples,Reta,-15.59285,-41.28019,DEL08-BA,Risco Médio,Alta
sexta-feira,BR-230,22.0,Plena Noite,Crescente,Nublado,Dupla,Reta,-7.157834,-34.85827,DEL01-PB,Risco Baixo,Baixa
quinta-feira,BR-101,72.0,Pleno dia,Decrescente,Céu Claro,Dupla,Reta,-8.084931,-34.94506,DEL01-PE,Risco Médio,Alta
domingo,BR-101,266.5,Pleno dia,Crescente,Céu Claro,Múltipla,Interseção de vias,-20.19327,-40.26676,DEL02-ES,Risco Médio,Alta
sábado,BR-290,654.0,Pleno dia,Crescente,Céu Claro,Simples,Reta,-30.00782,-56.45895,DEL13-RS,Risco Médio,Baixa
quarta-feira,BR-282,45.5,Plena Noite,Decrescente,Garoa/Chuvisco,Simples,Não Informado,-27.71926,-48.92165,DEL01-SC,Risco Médio,Baixa
terça-feira,BR-262,426.3,Pleno dia,Decrescente,Céu Claro,Dupla,Reta,-19.88955,-44.83079,DEL08-MG,Risco Médio,Média
sexta-feira,BR-101,69.6,Plena Noite,Decrescente,Nublado,Simples,Reta,-21.78,-41.3715,DEL08-RJ,Risco Médio,Alta
sábado,BR-116,245.1,Plena Noite,Crescente,Garoa/Chuvisco,Simples,Reta,-29.74653,-51.15129,DEL01-RS,Risco Médio,Alta
sábado,BR-476,145.3,Pleno dia,Decrescente,Céu Claro,Dupla,Reta,-25.54859,-49.3236,DEL01-PR,Risco Médio,Baixa
quarta-feira,BR-424,90.0,Plena Noite,Crescente,Chuva,Simples,Reta,-8.896138,-36.50145,DEL03-PE,Risco Médio,Baixa
domingo,BR-293,60.0,Plena Noite,Crescente,Chuva,Simples,Não Informado,-31.69867,-52.96577,DEL07-RS,Risco Médio,Baixa
domingo,BR-230,41.9,Plena Noite,Crescente,Céu Claro,Dupla,Curva,-7.14266,-34.99473,DEL01-PB,Risco Médio,Baixa
domingo,BR-316,85.0,Pleno dia,Decrescente,Céu Claro,Simples,Reta,-1.312751,-47.72907,DEL01-PA,Risco Médio,Baixa
segunda-feira,BR-369,120.5,Pleno dia,Crescente,Céu Claro,Simples,Reta,-23.28497,-50.90268,DEL07-PR,Risco Médio,Baixa
quinta-feira,BR-101,62.0,Pleno dia,Decrescente,Céu Claro,Simples,Reta,-21.73473,-41.32504,DEL08-RJ,Risco Baixo,Alta
segunda-feira,BR-364,436.0,Pleno dia,Decrescente,Nublado,Dupla,Reta,-15.64173,-56.13034,DEL01-MT,Risco Médio,Alta
terça-feira,BR-316,13.0,Anoitecer,Decrescente,Nublado,Simples,Reta,-5.209631,-42.75527,DEL01-PI,Risco Baixo,Baixa
quinta-feira,BR-50,175.0,Plena Noite,Crescente,Céu Claro,Dupla,Reta,-19.7778,-47.9709,DEL13-MG,Risco Médio,Média
quinta-feira,BR-232,40.0,Plena Noite,Decrescente,Céu Claro,Dupla,Curva,-8.115172,-35.23668,DEL01-PE,Risco Médio,Baixa
sexta-feira,BR-116,37.9,Pleno dia,Decrescente,Nublado,Simples,Curva,-22.12796,-42.781,DEL04-RJ,Risco Médio,Alta
domingo,BR-467,75.8,Amanhecer,Crescente,Céu Claro,Dupla,Reta,-24.7592,-53.6955,DEL04-PR,Risco Médio,Baixa
quinta-feira,BR-153,563.5,Pleno dia,Decrescente,Céu Claro,Dupla,Reta,-17.2383,-49.239,DEL03-GO,Risco Médio,Alta
domingo,BR-50,62.0,Plena Noite,Crescente,Céu Claro,Dupla,Reta,-18.82553,-48.24979,DEL15-MG,Risco Médio,Média
sábado,BR-381,927.0,Pleno dia,Crescente,Céu Claro,Múltipla,Não Informado,-22.76723,-46.22062,DEL16-MG,Risco Médio,Alta
domingo,BR-20,20.0,Pleno dia,Crescente,Céu Claro,Dupla,Reta,-15.60791,-47.69279,DEL02-DF,Risco Baixo,Baixa
sexta-feira,BR-153,492.0,Amanhecer,Crescente,Céu Claro,Dupla,Curva,-16.6461,-49.2114,DEL01-GO,Risco Baixo,Alta
quarta-feira,BR-242,488.0,Pleno dia,Crescente,Céu Claro,Simples,Não Informado,-12.41267,-42.3617,DEL06-BA,Risco Médio,Baixa
sábado,BR-373,245.7,Anoitecer,Crescente,Nublado,Simples,Curva,-25.19186,-50.80515,DEL03-PR,Risco Médio,Baixa
domingo,BR-235,53.9,Pleno dia,Crescente,Céu Claro,Simples,Interseção de vias,-10.68471,-37.44054,DEL01-SE,Risco Médio,Baixa
terça-feira,BR-364,704.0,Pleno dia,Crescente,Céu Claro,Dupla,Reta,-8.800327,-63.80454,DEL01-RO,Risco Médio,Alta
terça-feira,BR-343,320.0,Plena Noite,Decrescente,Céu Claro,Simples,Reta,-5.048756,-42.56928,DEL01-PI,Risco Médio,Baixa
sábado,BR-158,597.4,Plena Noite,Decrescente,Nublado,Simples,Reta,-14.29488,-52.169,DEL07-MT,Risco Baixo,Baixa
segunda-feira,BR-101,169.0,Amanhecer,Crescente,Ignorado,Dupla,Rotatória,-22.47312,-42.17208,DEL02-RJ,Risco Médio,Alta
domingo,BR-282,408.0,Pleno dia,Crescente,Chuva,Simples,Não Informado,-27.07481,-51.66327,DEL07-SC,Risco Baixo,Baixa
quinta-feira,BR-267,122.2,Plena Noite,Crescente,Nublado,Simples,Reta,-21.71024,-43.49328,DEL05-MG,Risco Médio,Baixa