dia_semana,br,km,fase_dia,sentido_via,condicao_metereologica,tipo_pista,tracado_via,latitude,longitude,delegacia,classificacao_acidente,postos_policiais_PRF
segunda-feira,BR-282,97.0,Pleno dia,Decrescente,Nublado,Simples,Curva,-27.70797,-49.27218,DEL01-SC,Risco Médio,Baixa
quinta-feira,BR-226,287.6,Pleno dia,Crescente,Céu Claro,Simples,Reta,-5.865753,-37.27874,DEL03-RN,Risco Médio,Baixa
sexta-feira,BR-40,726.9,Pleno dia,Crescente,Ignorado,Dupla,Curva,-21.35828,-43.5799,DEL05-MG,Risco Médio,Alta
sexta-feira,BR-163,730.0,Pleno dia,Crescente,Chuva,Simples,Reta,-12.7282,-55.83,DEL06-MT,Risco Baixo,Alta
segunda-feira,BR-470,140.5,Pleno dia,Decrescente,Nublado,Simples,Reta,-27.19651,-49.62713,DEL04-SC,Risco Médio,Baixa
terça-feira,BR-101,89.8,Pleno dia,Decrescente,Céu Claro,Simples,Interseção de vias,-26.68007,-48.69264,DEL03-SC,Risco Médio,Alta
sábado,BR-60,9.0,Plena Noite,Crescente,Chuva,Simples,Viaduto,-15.90735,-48.142,DEL01-DF,Risco Baixo,Média
terça-feira,BR-116,522.0,Pleno dia,Decrescente,Céu Claro,Dupla,Reta,-24.9046,-48.2545,DEL05-SP,Risco Médio,Alta
quarta-feira,BR-153,391.0,Pleno dia,Crescente,Chuva,Simples,Reta,-9.337582,-48.53512,DEL02-TO,Risco Baixo,Alta
sábado,BR-116,423.2,Plena Noite,Crescente,Céu Claro,Simples,Interseção de vias,-12.24473,-38.98636,DEL02-BA,Risco Baixo,Alta
quinta-feira,BR-101,81.0,Pleno dia,Crescente,Nublado,Dupla,Não Informado,-7.125086,-34.94513,DEL01-PB,Risco Baixo,Alta
segunda-feira,BR-10,253.7,Pleno dia,Crescente,Céu Claro,Simples,Reta,-5.526881,-47.47124,DEL04-MA,Risco Médio,Baixa
segunda-feira,BR-20,177.9,Pleno dia,Decrescente,Chuva,Simples,Rotatória,-14.49861,-46.51016,DEL02-DF,Risco Médio,Baixa
terça-feira,BR-101,144.9,Pleno dia,Crescente,Céu Claro,Simples,Retorno Regulamentado,-19.35967,-40.06451,DEL04-ES,Risco Médio,Alta
quarta-feira,BR-376,176.9,Pleno dia,Decrescente,Céu Claro,Dupla,Reta,-23.41269,-51.93158,DEL09-PR,Risco Médio,Baixa
terça-feira,BR-381,525.5,Plena Noite,Crescente,Céu Claro,Dupla,Curva,-20.16711,-44.33422,DEL04-MG,Risco Médio,Alta
terça-feira,BR-163,151.8,Pleno dia,Decrescente,Céu Claro,Simples,Não Informado,-25.37433,-53.5751,DEL04-PR,Risco Médio,Alta
sexta-feira,BR-116,140.7,Pleno dia,Decrescente,Céu Claro,Simples,Interseção de vias,-26.96626,-50.40928,DEL06-SC,Risco Médio,Alta
terça-feira,BR-135,4.5,Pleno dia,Crescente,Céu Claro,Simples,Reta,-2.564776,-44.33754,DEL01-MA,Risco Médio,Baixa
domingo,BR-116,210.0,Plena Noite,Decrescente,Nublado,Múltipla,Reta,-23.42521,-46.40219,DEL01-SP,Risco Médio,Alta
domingo,BR-40,569.0,Plena Noite,Crescente,Chuva,Simples,Reta,-20.20394,-43.97409,DEL01-MG,Risco Médio,Alta
sexta-feira,BR-381,50.0,Plena Noite,Crescente,Céu Claro,Dupla,Não Informado,-23.20535,-46.59067,DEL03-SP,Risco Alto,Alta
quarta-feira,BR-376,249.5,Plena Noite,Crescente,Céu Claro,Simples,Curva,-23.61067,-51.399,DEL07-PR,Risco Médio,Baixa
domingo,BR-376,179.0,Pleno dia,Decrescente,Céu Claro,Múltipla,Reta,-23.42725,-51.89512,DEL07-PR,Risco Médio,Baixa
domingo,BR-101,520.0,Pleno dia,Decrescente,Céu Claro,Simples,Reta,-23.0052,-44.45276,DEL03-RJ,Risco Médio,Alta
quarta-feira,BR-10,257.0,Pleno dia,Decrescente,Céu Claro,Simples,Reta,-5.483,-47.472,DEL04-MA,Risco Médio,Baixa
segunda-feira,BR-153,701.9,Pleno dia,Decrescente,Céu Claro,Dupla,Reta,-18.40361,-49.2015,DEL03-GO,Risco Alto,Alta
quarta-feira,BR-290,86.0,Pleno dia,Crescente,Céu Claro,Simples,Curva,-29.95396,-51.00252,DEL01-RS,Risco Médio,Baixa
domingo,BR-280,53.0,Plena Noite,Crescente,Céu Claro,Simples,Reta,-26.47237,-48.97427,DEL03-SC,Risco Médio,Baixa
sexta-feira,BR-116,245.5,Pleno dia,Crescente,Garoa/Chuvisco,Simples,Interseção de vias,-27.79978,-50.36367,DEL05-SC,Risco Médio,Alta
segunda-feira,BR-101,201.0,Pleno dia,Crescente,Céu Claro,Simples,Curva,-12.59464,-38.9892,DEL01-BA,Risco Baixo,Alta
segunda-feira,BR-110,182.0,Pleno dia,Crescente,Sol,Simples,Reta,-10.95001,-38.52121,DEL07-BA,Risco Baixo,Baixa
sexta-feira,BR-40,114.0,Pleno dia,Decrescente,Céu Claro,Múltipla,Reta,-22.71854,-43.28993,DEL01-RJ,Risco Médio,Alta
sexta-feira,BR-101,321.0,Pleno dia,Decrescente,Céu Claro,Múltipla,Reta,-22.86981,-43.11046,DEL02-RJ,Risco Médio,Alta
domingo,BR-174,210.0,Plena Noite,Crescente,Céu Claro,Simples,Reta,0.927564,-60.42947,DEL01-RR,Risco Alto,Baixa
segunda-feira,BR-364,341.0,Pleno dia,Decrescente,Nublado,Dupla,Reta,-10.88988,-61.93127,DEL02-RO,Risco Médio,Alta
domingo,BR-40,7.3,Plena Noite,Decrescente,Nublado,Dupla,Não Informado,-16.03867,-47.97969,DEL01-DF,Risco Médio,Alta
terça-feira,BR-174,282.0,Pleno dia,Decrescente,Céu Claro,Simples,Reta,-15.28339,-59.28525,DEL04-MT,Risco Médio,Baixa
sábado,BR-316,315.0,Pleno dia,Decrescente,Nublado,Simples,Interseção de vias,-7.079513,-41.43236,DEL04-PI,Risco Médio,Baixa
terça-feira,BR-386,356.0,Pleno dia,Decrescente,Céu Claro,Dupla,Curva,-29.52261,-51.93502,DEL04-RS,Risco Médio,Média
quarta-feira,BR-101,204.0,Plena Noite,Crescente,Céu Claro,Simples,Reta,-19.74949,-40.37923,DEL02-ES,Risco Médio,Alta
sexta-feira,BR-116,475.3,Plena Noite,Decrescente,Nublado,Dupla,Reta,-24.68648,-47.9891,DEL05-SP,Risco Médio,Alta
sexta-feira,BR-282,107.0,Anoitecer,Crescente,Céu Claro,Simples,Reta,-27.70437,-49.34935,DEL01-SC,Risco Médio,Baixa
sexta-feira,BR-364,457.0,Pleno dia,Decrescente,Sol,Simples,Reta,-15.4913,-56.2809,DEL01-MT,Risco Baixo,Alta
quarta-feira,BR-116,46.0,Plena Noite,Crescente,Céu Claro,Dupla,Curva,-4.139241,-38.47995,DEL01-CE,Risco Médio,Alta
sexta-feira,BR-163,618.0,Pleno dia,Decrescente,Céu Claro,Simples,Reta,-13.6365,-56.03466,DEL01-MT,Risco Alto,Alta
terça-feira,BR-230,41.4,Amanhecer,Decrescente,Céu Claro,Dupla,Curva,-7.142146,-34.99441,DEL01-PB,Risco Médio,Baixa
domingo,BR-101,99.6,Pleno dia,Crescente,Céu Claro,Dupla,Rotatória,-7.261314,-34.93608,DEL01-PB,Risco Médio,Alta
sábado,BR-272,367.0,Plena Noite,Decrescente,Céu Claro,Dupla,Reta,-24.05064,-52.4017,DEL04-PR,Risco Médio,Baixa
sexta-feira,BR-101,83.5,Pleno dia,Crescente,Céu Claro,Dupla,Reta,-7.13377,-34.92964,DEL01-PB,Risco Médio,Alta
terça-feira,BR-116,245.1,Pleno dia,Crescente,Garoa/Chuvisco,Dupla,Reta,-29.74981,-51.15125,DEL01-RS,Risco Médio,Alta
sábado,BR-470,57.0,Pleno dia,Crescente,Nublado,Simples,Interseção de vias,-26.88043,-49.13653,DEL04-SC,Risco Médio,Baixa
sábado,BR-282,487.0,Pleno dia,Crescente,Chuva,Simples,Rotatória,-26.85758,-52.2632,DEL07-SC,Risco Médio,Baixa
quinta-feira,BR-376,176.8,Pleno dia,Crescente,Nublado,Dupla,Reta,-23.41261,-51.93173,DEL07-PR,Risco Médio,Baixa
quinta-feira,BR-280,57.0,Pleno dia,Crescente,Nublado,Simples,Viaduto,-26.47702,-49.01456,DEL03-SC,Risco Médio,Baixa
terça-feira,BR-40,39.0,Plena Noite,Decrescente,Céu Claro,Simples,Curva,-22.23332,-43.11414,DEL06-RJ,Risco Médio,Alta
sexta-feira,BR-277,108.0,Pleno dia,Crescente,Nublado,Dupla,Reta,-25.43589,-49.44224,DEL01-PR,Risco Médio,Média
sexta-feira,BR-40,13.0,Plena Noite,Crescente,Céu Claro,Dupla,Reta,-16.1509,-47.93997,DEL01-DF,Risco Médio,Alta
quinta-feira,BR-262,72.0,Plena Noite,Crescente,Ignorado,Dupla,Reta,-20.41678,-40.87963,DEL01-ES,Risco Médio,Média
sexta-feira,BR-282,4.5,Pleno dia,Crescente,Céu Claro,Múltipla,Reta,-27.59151,-48.60617,DEL01-SC,Risco Médio,Baixa
quarta-feira,BR-153,291.8,Pleno dia,Decrescente,Sol,Simples,Reta,-22.51261,-49.88948,DEL07-SP,Risco Baixo,Alta
domingo,BR-163,285.0,Plena Noite,Crescente,Céu Claro,Dupla,Reta,-24.5681,-54.03417,DEL06-PR,Risco Alto,Alta
sábado,BR-116,155.7,Plena Noite,Crescente,Céu Claro,Dupla,Reta,-23.24524,-45.92773,DEL02-SP,Risco Baixo,Alta
sábado,BR-116,513.0,Pleno dia,Crescente,Céu Claro,Simples,Curva,-19.66929,-42.11717,DEL06-MG,Risco Médio,Alta
segunda-feira,BR-364,248.0,Amanhecer,Crescente,Ignorado,Dupla,Túnel,-16.13033,-54.83824,DEL02-MT,Risco Médio,Alta
sábado,BR-60,105.1,Pleno dia,Crescente,Céu Claro,Dupla,Reta,-16.4156,-49.0087,DEL02-GO,Risco Médio,Média
domingo,BR-104,76.7,Pleno dia,Crescente,Céu Claro,Simples,Reta,-8.367286,-35.98515,DEL02-PE,Risco Médio,Baixa
quarta-feira,BR-354,756.0,Pleno dia,Crescente,Nublado,Simples,Reta,-22.31636,-44.85332,DEL05-MG,Risco Baixo,Baixa
sábado,BR-343,305.9,Plena Noite,Crescente,Chuva,Simples,Reta,-5.038756,-42.45089,DEL01-PI,Risco Médio,Baixa
domingo,BR-116,817.8,Pleno dia,Crescente,Nublado,Simples,Reta,-14.82368,-40.81799,DEL08-BA,Risco Alto,Alta
terça-feira,BR-101,120.5,Pleno dia,Crescente,Chuva,Dupla,Não Informado,-7.437705,-34.977,DEL01-PB,Risco Baixo,Alta
terça-feira,BR-101,89.3,Plena Noite,Crescente,Chuva,Simples,Reta,-26.66148,-48.68879,DEL03-SC,Risco Médio,Alta
terça-feira,BR-40,526.5,Pleno dia,Decrescente,Céu Claro,Dupla,Reta,-19.89255,-44.04985,DEL01-MG,Risco Baixo,Alta
segunda-feira,BR-407,479.0,Plena Noite,Crescente,Nublado,Simples,Reta,-7.430244,-41.2063,DEL04-PI,Risco Alto,Baixa
domingo,BR-242,818.0,Pleno dia,Decrescente,Céu Claro,Simples,Reta,-12.11882,-45.20029,DEL10-BA,Risco Médio,Baixa
quarta-feira,BR-230,14.8,Pleno dia,Crescente,Nublado,Dupla,Não Informado,-7.110027,-34.843,DEL01-PB,Risco Baixo,Baixa
segunda-feira,BR-163,261.1,Plena Noite,Crescente,Nublado,Dupla,Reta,-22.23703,-54.76042,DEL04-MS,Risco Baixo,Alta
segunda-feira,BR-230,23.7,Pleno dia,Crescente,Céu Claro,Dupla,Reta,-7.161851,-34.86086,DEL01-PB,Risco Médio,Baixa
quinta-feira,BR-101,73.5,Plena Noite,Crescente,Céu Claro,Dupla,Reta,-26.54517,-48.71231,DEL03-SC,Risco Baixo,Alta
sábado,BR-116,268.3,Plena Noite,Decrescente,Ignorado,Dupla,Reta,-29.94943,-51.17675,DEL01-RS,Risco Médio,Alta
sábado,BR-470,65.8,Pleno dia,Decrescente,Céu Claro,Simples,Curva,-26.87016,-49.20097,DEL04-SC,Risco Médio,Baixa
domingo,BR-116,154.0,Plena Noite,Crescente,Ignorado,Simples,Curva,-16.8846,-41.476,DEL11-MG,Risco Médio,Alta
quinta-feira,BR-40,521.0,Pleno dia,Crescente,Céu Claro,Dupla,Curva,-19.8665,-44.064,DEL01-MG,Risco Médio,Alta
quinta-feira,BR-101,108.0,Pleno dia,Crescente,Céu Claro,Simples,Interseção de vias,-12.1502,-38.3981,DEL01-BA,Risco Médio,Alta
sábado,BR-101,125.0,Plena Noite,Crescente,Chuva,Dupla,Reta,-22.0661,-41.6851,DEL02-RJ,Risco Baixo,Alta
sexta-feira,BR-277,719.0,Plena Noite,Crescente,Céu Claro,Dupla,Reta,-25.48378,-54.49428,DEL05-PR,Risco Médio,Média
quinta-feira,BR-369,161.0,Plena Noite,Decrescente,Céu Claro,Dupla,Reta,-23.28965,-51.26296,DEL07-PR,Risco Médio,Baixa
sexta-feira,BR-365,610.0,Amanhecer,Crescente,Céu Claro,Simples,Reta,-18.91133,-48.2217,DEL15-MG,Risco Médio,Média
terça-feira,BR-101,82.0,Pleno dia,Crescente,Céu Claro,Dupla,Reta,-8.168383,-34.9376,DEL01-PE,Risco Médio,Alta
sexta-feira,BR-153,137.0,Anoitecer,Decrescente,Nublado,Dupla,Não Informado,-7.146306,-48.20256,DEL02-TO,Risco Médio,Alta
domingo,BR-116,426.0,Pleno dia,Crescente,Céu Claro,Simples,Reta,-12.2442,-38.98564,DEL02-BA,Risco Médio,Alta
terça-feira,BR-116,56.0,Plena Noite,Crescente,Chuva,Simples,Curva,-22.07132,-42.79621,DEL04-RJ,Risco Médio,Alta
sexta-feira,BR-101,144.6,Plena Noite,Crescente,Céu Claro,Dupla,Reta,-19.35188,-40.06367,DEL04-ES,Risco Médio,Alta
quinta-feira,BR-40,815.2,Pleno dia,Decrescente,Sol,Dupla,Curva,-21.89994,-43.31156,DEL05-MG,Risco Médio,Alta
sábado,BR-408,96.4,Pleno dia,Decrescente,Sol,Dupla,Desvio Temporário,-8.0258,-35.03843,DEL01-PE,Risco Médio,Baixa
terça-feira,BR-381,488.8,Pleno dia,Crescente,Céu Claro,Dupla,Reta,-19.9587,-44.13033,DEL01-MG,Risco Médio,Alta
sábado,BR-116,139.0,Plena Noite,Decrescente,Céu Claro,Dupla,Reta,-22.64655,-43.20143,DEL04-RJ,Risco Alto,Alta
sábado,BR-116,27.0,Pleno dia,Decrescente,Céu Claro,Dupla,Curva,-3.989921,-38.51601,DEL01-CE,Risco Médio,Alta
sábado,BR-381,84.3,Plena Noite,Crescente,Céu Claro,Dupla,Reta,-23.44892,-46.56976,DEL03-SP,Risco Médio,Alta
quinta-feira,BR-316,19.8,Plena Noite,Decrescente,Nublado,Simples,Não Informado,-5.265742,-42.72772,DEL01-PI,Risco Médio,Baixa
quinta-feira,BR-116,104.0,Pleno dia,Decrescente,Sol,Dupla,Reta,-25.56473,-49.1586,DEL01-PR,Risco Médio,Alta
sexta-feira,BR-40,275.8,Pleno dia,Crescente,Céu Claro,Simples,Não Informado,-18.19946,-45.23771,DEL14-MG,Risco Médio,Alta
sábado,BR-242,798.0,Pleno dia,Decrescente,Chuva,Simples,Desvio Temporário,-12.11997,-45.04042,DEL10-BA,Risco Baixo,Baixa
quarta-feira,BR-116,230.0,Amanhecer,Crescente,Nublado,Múltipla,Reta,-23.52252,-46.58557,DEL01-SP,Risco Médio,Alta
sábado,BR-20,90.0,Plena Noite,Crescente,Céu Claro,Simples,Reta,-15.02026,-47.04642,DEL02-DF,Risco Médio,Baixa
domingo,BR-262,5.5,Plena Noite,Crescente,Céu Claro,Simples,Curva,-20.25763,-41.8017,DEL06-MG,Risco Baixo,Média
quinta-feira,BR-414,356.4,Amanhecer,Crescente,Céu Claro,Simples,Curva,-15.67983,-48.70568,DEL02-GO,Risco Médio,Baixa
sexta-feira,BR-101,137.1,Plena Noite,Decrescente,Nublado,Dupla,Reta,-27.01572,-48.61193,DEL04-SC,Risco Baixo,Alta
sábado,BR-101,164.5,Pleno dia,Decrescente,Sol,Dupla,Reta,-6.404333,-35.1336,DEL01-RN,Risco Baixo,Alta
sábado,BR-163,122.2,Plena Noite,Crescente,Céu Claro,Simples,Reta,-23.09713,-54.22433,DEL09-MS,Risco Médio,Alta
sábado,BR-280,18.8,Anoitecer,Decrescente,Céu Claro,Simples,Curva,-26.36432,-48.66445,DEL03-SC,Risco Baixo,Baixa
quarta-feira,BR-222,671.0,Pleno dia,Decrescente,Céu Claro,Simples,Reta,-4.9068,-47.4068,DEL04-MA,Risco Médio,Baixa
quinta-feira,BR-381,73.0,Pleno dia,Crescente,Chuva,Dupla,Não Informado,-23.3737,-46.56006,DEL03-SP,Risco Médio,Alta
sexta-feira,BR-153,507.0,Plena Noite,Crescente,Céu Claro,Dupla,Não Informado,-16.7633,-49.24,DEL01-GO,Risco Médio,Alta
sexta-feira,BR-116,580.0,Pleno dia,Decrescente,Céu Claro,Simples,Curva,-13.08916,-39.9629,DEL03-BA,Risco Médio,Alta
sábado,BR-116,294.0,Plena Noite,Crescente,Céu Claro,Dupla,Reta,-22.4499,-44.33086,DEL07-RJ,Risco Baixo,Alta
terça-feira,BR-373,176.4,Pleno dia,Crescente,Céu Claro,Dupla,Reta,-25.05892,-50.22156,DEL03-PR,Risco Médio,Baixa
segunda-feira,BR-116,186.8,Amanhecer,Crescente,Nublado,Múltipla,Reta,-22.73902,-43.47029,DEL01-RJ,Risco Médio,Alta
quinta-feira,BR-272,365.0,Pleno dia,Crescente,Céu Claro,Dupla,Rotatória,-24.04191,-52.40307,DEL09-PR,Risco Médio,Baixa
quarta-feira,BR-116,16.0,Pleno dia,Crescente,Céu Claro,Dupla,Reta,-3.892696,-38.50245,DEL01-CE,Risco Baixo,Alta
sexta-feira,BR-158,204.3,Pleno dia,Crescente,Céu Claro,Simples,Reta,-28.72968,-53.59767,DEL10-RS,Risco Baixo,Baixa
quinta-feira,BR-101,211.6,Amanhecer,Decrescente,Chuva,Múltipla,Reta,-27.62329,-48.65246,DEL01-SC,Risco Médio,Alta
segunda-feira,BR-50,119.3,Pleno dia,Decrescente,Céu Claro,Dupla,Reta,-19.29969,-48.11377,DEL13-MG,Risco Médio,Média
sábado,BR-472,120.0,Pleno dia,Decrescente,Céu Claro,Simples,Curva,-27.68714,-54.15325,DEL10-RS,Risco Médio,Baixa
quarta-feira,BR-316,11.0,Pleno dia,Decrescente,Céu Claro,Múltipla,Rotatória,-5.191739,-42.76076,DEL01-PI,Risco Médio,Baixa
sábado,BR-40,503.9,Plena Noite,Crescente,Céu Claro,Dupla,Reta,-19.7353,-44.1505,DEL02-MG,Risco Médio,Alta
sexta-feira,BR-381,683.3,Plena Noite,Crescente,Céu Claro,Dupla,Reta,-21.15352,-45.11259,DEL04-MG,Risco Baixo,Alta
sexta-feira,BR-101,383.0,Plena Noite,Decrescente,Nevoeiro/Neblina,Dupla,Reta,-28.76443,-49.2938,DEL02-SC,Risco Baixo,Alta
quarta-feira,BR-381,848.2,Pleno dia,Crescente,Sol,Dupla,Reta,-22.26114,-45.8901,DEL16-MG,Risco Médio,Alta
sexta-feira,BR-101,321.0,Pleno dia,Crescente,Sol,Dupla,Curva,-22.86981,-43.11046,DEL02-RJ,Risco Médio,Alta
quinta-feira,BR-163,66.8,Plena Noite,Decrescente,Céu Claro,Dupla,Não Informado,-26.74568,-53.50092,DEL07-SC,Risco Médio,Alta
quinta-feira,BR-471,521.0,Pleno dia,Crescente,Chuva,Simples,Reta,-32.4109,-52.5607,DEL07-RS,Risco Baixo,Baixa
quarta-feira,BR-262,817.8,Plena Noite,Decrescente,Céu Claro,Dupla,Reta,-19.76026,-48.04704,DEL13-MG,Risco Médio,Média
segunda-feira,BR-101,386.8,Pleno dia,Crescente,Chuva,Dupla,Desvio Temporário,-28.77717,-49.32065,DEL02-SC,Risco Baixo,Alta
sexta-feira,BR-324,542.0,Pleno dia,Decrescente,Nublado,Dupla,Curva,-12.4034,-38.75441,DEL01-BA,Risco Médio,Baixa
quinta-feira,BR-369,155.2,Pleno dia,Decrescente,Sol,Múltipla,Não Informado,-23.29392,-51.2123,DEL07-PR,Risco Médio,Baixa
quarta-feira,BR-230,48.0,Pleno dia,Decrescente,Garoa/Chuvisco,Dupla,Reta,-7.165244,-35.02686,DEL01-PB,Risco Médio,Baixa
domingo,BR-262,474.6,Pleno dia,Crescente,Sol,Simples,Não Informado,-19.78663,-45.23173,DEL08-MG,Risco Alto,Média
sábado,BR-277,95.0,Plena Noite,Decrescente,Céu Claro,Dupla,Não Informado,-25.54838,-49.28587,DEL01-PR,Risco Baixo,Média
quinta-feira,BR-222,201.9,Pleno dia,Crescente,Céu Claro,Simples,Reta,-3.801369,-40.20766,DEL04-CE,Risco Baixo,Baixa
sexta-feira,BR-116,157.5,Anoitecer,Decrescente,Nublado,Simples,Reta,-23.25558,-45.94378,DEL02-SP,Risco Médio,Alta
segunda-feira,BR-280,99.1,Pleno dia,Decrescente,Chuva,Simples,Curva,-26.3648,-49.33527,DEL06-SC,Risco Médio,Baixa
sábado,BR-40,668.0,Pleno dia,Decrescente,Sol,Simples,Curva,-20.95644,-43.79155,DEL05-MG,Risco Médio,Alta
segunda-feira,BR-153,1.6,Pleno dia,Decrescente,Chuva,Dupla,Reta,-23.01205,-49.90963,DEL07-PR,Risco Médio,Alta
quinta-feira,BR-101,447.5,Pleno dia,Crescente,Sol,Simples,Curva,-21.12838,-41.28001,DEL03-ES,Risco Médio,Alta
sábado,BR-365,869.1,Plena Noite,Crescente,Céu Claro,Múltipla,Não Informado,-19.04543,-50.49618,DEL15-MG,Risco Baixo,Média
sábado,BR-290,52.5,Pleno dia,Crescente,Nublado,Dupla,Reta,-29.91152,-50.77748,DEL03-RS,Risco Médio,Baixa
sábado,BR-116,145.0,Pleno dia,Crescente,Céu Claro,Simples,Não Informado,-25.75534,-49.31864,DEL01-PR,Risco Baixo,Alta
segunda-feira,BR-116,12.1,Plena Noite,Crescente,Céu Claro,Múltipla,Reta,-3.852077,-38.49553,DEL01-CE,Risco Médio,Alta
domingo,BR-101,246.0,Pleno dia,Decrescente,Nublado,Dupla,Reta,-27.91037,-48.64998,DEL02-SC,Risco Médio,Alta
sábado,BR-158,268.0,Pleno dia,Decrescente,Céu Claro,Dupla,Curva,-17.84628,-51.73647,DEL05-GO,Risco Médio,Baixa
sábado,BR-376,158.7,Plena Noite,Decrescente,Nublado,Múltipla,Não Informado,-23.35252,-52.09127,DEL07-PR,Risco Médio,Baixa
sábado,BR-40,25.6,Pleno dia,Decrescente,Chuva,Simples,Reta,-16.26848,-47.88558,DEL01-DF,Risco Médio,Alta
domingo,BR-101,96.0,Plena Noite,Crescente,Céu Claro,Dupla,Viaduto,-5.849496,-35.20891,DEL01-RN,Risco Baixo,Alta
terça-feira,BR-116,276.3,Plena Noite,Decrescente,Céu Claro,Simples,Reta,-17.85106,-41.51454,DEL11-MG,Risco Médio,Alta
sexta-feira,BR-101,444.0,Pleno dia,Crescente,Céu Claro,Simples,Não Informado,-14.3094,-39.3208,DEL05-BA,Risco Médio,Alta
quinta-feira,BR-381,343.0,Pleno dia,Crescente,Céu Claro,Simples,Curva,-19.83075,-43.09148,DEL03-MG,Risco Médio,Alta
quarta-feira,BR-116,423.0,Pleno dia,Decrescente,Céu Claro,Simples,Reta,-12.23588,-38.97805,DEL02-BA,Risco Médio,Alta
sábado,BR-476,133.2,Pleno dia,Decrescente,Céu Claro,Múltipla,Reta,-25.47038,-49.25461,DEL01-PR,Risco Médio,Baixa
quarta-feira,BR-101,11.0,Plena Noite,Crescente,Nublado,Simples,Curva,-21.30767,-41.32533,DEL08-RJ,Risco Médio,Alta
segunda-feira,BR-316,95.7,Pleno dia,Decrescente,Céu Claro,Simples,Reta,-9.387308,-37.16162,DEL03-AL,Risco Baixo,Baixa
domingo,BR-116,7.2,Anoitecer,Crescente,Sol,Simples,Não Informado,-3.811295,-38.50145,DEL01-CE,Risco Médio,Alta
sábado,BR-163,605.3,Pleno dia,Decrescente,Sol,Dupla,Reta,-19.46634,-54.50386,DEL06-MS,Risco Médio,Alta
quarta-feira,BR-101,245.0,Pleno dia,Crescente,Chuva,Simples,Curva,-10.18344,-36.82898,DEL02-AL,Risco Baixo,Alta
terça-feira,BR-343,537.8,Amanhecer,Crescente,Céu Claro,Simples,Reta,-6.508012,-42.7961,DEL03-PI,Risco Médio,Baixa
terça-feira,BR-381,21.5,Pleno dia,Crescente,Céu Claro,Dupla,Curva,-22.99324,-46.51277,DEL03-SP,Risco Baixo,Alta
domingo,BR-158,197.0,Plena Noite,Decrescente,Céu Claro,Dupla,Reta,-20.37,-51.42724,DEL07-MS,Risco Médio,Baixa
sexta-feira,BR-101,35.0,Plena Noite,Decrescente,Céu Claro,Simples,Não Informado,-23.39244,-45.00823,DEL06-SP,Risco Médio,Alta
sexta-feira,BR-470,216.0,Pleno dia,Crescente,Céu Claro,Simples,Retorno Regulamentado,-29.15887,-51.53142,DEL06-RS,Risco Médio,Baixa
domingo,BR-153,480.8,Plena Noite,Crescente,Céu Claro,Simples,Reta,-10.19381,-48.87826,DEL02-TO,Risco Médio,Alta
quinta-feira,BR-381,535.5,Plena Noite,Crescente,Céu Claro,Dupla,Reta,-20.18403,-44.3801,DEL04-MG,Risco Alto,Alta
sexta-feira,BR-280,41.9,Pleno dia,Decrescente,Céu Claro,Simples,Reta,-26.45066,-48.86845,DEL03-SC,Risco Médio,Baixa
sexta-feira,BR-476,153.0,Pleno dia,Decrescente,Céu Claro,Dupla,Reta,-25.42895,-49.26714,DEL01-PR,Risco Médio,Baixa
sexta-feira,BR-101,130.0,Pleno dia,Crescente,Céu Claro,Dupla,Reta,-26.98408,-48.66977,DEL04-SC,Risco Médio,Alta
sexta-feira,BR-163,45.0,Plena Noite,Crescente,Céu Claro,Simples,Curva,-26.03203,-53.73488,DEL02-PR,Risco Baixo,Alta
quarta-feira,BR-230,141.0,Pleno dia,Decrescente,Nublado,Simples,Não Informado,-7.2612,-35.8061,DEL02-PB,Risco Baixo,Baixa
domingo,BR-40,97.0,Plena Noite,Decrescente,Chuva,Simples,Não Informado,-22.57356,-43.27803,DEL01-RJ,Risco Médio,Alta
terça-feira,BR-381,526.8,Amanhecer,Decrescente,Nublado,Dupla,Curva,-20.1511,-44.3256,DEL04-MG,Risco Médio,Alta
segunda-feira,BR-163,478.9,Anoitecer,Decrescente,Céu Claro,Simples,Reta,-20.4963,-54.55917,DEL01-MS,Risco Médio,Alta
quarta-feira,BR-290,674.0,Plena Noite,Decrescente,Céu Claro,Simples,Reta,-29.92623,-56.63795,DEL13-RS,Risco Médio,Baixa
terça-feira,BR-116,109.0,Plena Noite,Crescente,Céu Claro,Dupla,Reta,-23.02871,-45.54517,DEL08-SP,Risco Médio,Alta
segunda-feira,BR-230,72.0,Pleno dia,Decrescente,Sol,Dupla,Reta,-7.191116,-35.22077,DEL01-PB,Risco Médio,Baixa
segunda-feira,BR-101,217.1,Pleno dia,Decrescente,Céu Claro,Dupla,Interseção de vias,-27.66918,-48.67311,DEL01-SC,Risco Médio,Alta
sábado,BR-365,796.0,Plena Noite,Crescente,Céu Claro,Simples,Reta,-18.91893,-49.87242,DEL15-MG,Risco Médio,Média
sábado,BR-316,1.0,Pleno dia,Decrescente,Céu Claro,Simples,Reta,-5.128619,-42.80707,DEL01-PI,Risco Médio,Baixa
terça-feira,BR-316,33.4,Pleno dia,Decrescente,Sol,Dupla,Reta,-1.295128,-48.17328,DEL01-PA,Risco Médio,Baixa
sexta-feira,BR-319,60.0,Pleno dia,Crescente,Sol,Dupla,Reta,-8.766685,-63.88405,DEL01-RO,Risco Médio,Baixa