dia_semana,br,km,fase_dia,sentido_via,condicao_metereologica,tipo_pista,tracado_via,latitude,longitude,delegacia,classificacao_acidente,postos_policiais_PRF
terça-feira,BR-386,326.9,Anoitecer,Decrescente,Céu Claro,Simples,Curva,-29.32706,-52.10182,DEL04-RS,Risco Médio,Média
quinta-feira,BR-40,40.1,Plena Noite,Crescente,Céu Claro,Dupla,Não Informado,-22.23902,-43.10808,DEL06-RJ,Risco Médio,Alta
domingo,BR-277,21.8,Pleno dia,Decrescente,Sol,Dupla,Reta,-25.52977,-48.72251,DEL01-PR,Risco Médio,Média
segunda-feira,BR-101,145.0,Pleno dia,Decrescente,Céu Claro,Dupla,Reta,-27.08139,-48.60131,DEL04-SC,Risco Médio,Alta
sábado,BR-101,82.0,Pleno dia,Crescente,Chuva,Simples,Curva,-21.82752,-41.45414,DEL08-RJ,Risco Médio,Alta
sábado,BR-282,377.0,Pleno dia,Decrescente,Sol,Simples,Reta,-27.21697,-51.47006,DEL07-SC,Risco Baixo,Baixa
sábado,BR-40,79.0,Pleno dia,Decrescente,Céu Claro,Simples,Curva,-22.4913,-43.22294,DEL06-RJ,Risco Médio,Alta
sábado,BR-381,422.0,Pleno dia,Decrescente,Céu Claro,Simples,Curva,-19.7684,-43.6462,DEL01-MG,Risco Médio,Alta
sexta-feira,BR-222,4.0,Pleno dia,Decrescente,Céu Claro,Múltipla,Reta,-3.742628,-38.60998,DEL01-CE,Risco Médio,Baixa
domingo,BR-101,344.0,Pleno dia,Decrescente,Céu Claro,Múltipla,Reta,-28.53648,-49.05318,DEL02-SC,Risco Médio,Alta
quinta-feira,BR-153,201.0,Pleno dia,Crescente,Céu Claro,Simples,Reta,-14.51963,-49.15497,DEL07-GO,Risco Médio,Alta
sábado,BR-407,1.0,Plena Noite,Crescente,Céu Claro,Simples,Reta,-9.418456,-40.50726,DEL06-PE,Risco Médio,Baixa
quinta-feira,BR-232,75.1,Pleno dia,Crescente,Céu Claro,Dupla,Não Informado,-8.197378,-35.52548,DEL02-PE,Risco Médio,Baixa
terça-feira,BR-343,33.4,Pleno dia,Crescente,Sol,Simples,Interseção de vias,-3.097037,-41.78012,DEL05-PI,Risco Baixo,Baixa
quinta-feira,BR-116,258.0,Plena Noite,Decrescente,Céu Claro,Dupla,Reta,-29.86588,-51.18056,DEL01-RS,Risco Médio,Alta
sexta-feira,BR-210,108.0,Plena Noite,Decrescente,Céu Claro,Simples,Reta,0.6999,-51.4243,DEL01-AP,Risco Médio,Baixa
domingo,BR-480,129.8,Amanhecer,Decrescente,Céu Claro,Dupla,Curva,-27.05699,-52.63687,DEL07-SC,Risco Médio,Baixa
segunda-feira,BR-60,49.1,Plena Noite,Decrescente,Céu Claro,Dupla,Reta,-16.8101,-49.2397,DEL01-GO,Risco Médio,Média
terça-feira,BR-381,570.0,Pleno dia,Crescente,Céu Claro,Dupla,Curva,-20.43702,-44.55966,DEL04-MG,Risco Médio,Alta
segunda-feira,BR-153,332.0,Plena Noite,Decrescente,Céu Claro,Simples,Reta,-25.46681,-50.63031,DEL03-PR,Risco Médio,Alta
domingo,BR-277,212.9,Pleno dia,Crescente,Nublado,Simples,Curva,-25.46931,-50.37437,DEL03-PR,Risco Alto,Média
segunda-feira,BR-381,888.8,Pleno dia,Decrescente,Chuva,Dupla,Curva,-22.5331,-46.0297,DEL16-MG,Risco Médio,Alta
domingo,BR-116,605.0,Pleno dia,Crescente,Nublado,Simples,Não Informado,-32.20542,-53.02239,DEL07-RS,Risco Baixo,Alta
sexta-feira,BR-356,20.0,Plena Noite,Crescente,Nublado,Simples,Não Informado,-21.17558,-42.01088,DEL08-RJ,Risco Alto,Baixa
terça-feira,BR-262,36.9,Pleno dia,Decrescente,Nublado,Simples,Reta,-20.25559,-42.03095,DEL06-MG,Risco Médio,Média
sexta-feira,BR-153,148.0,Pleno dia,Decrescente,Céu Claro,Simples,Interseção de vias,-19.62938,-48.84899,DEL13-MG,Risco Médio,Alta
domingo,BR-116,276.2,Pleno dia,Crescente,Sol,Simples,Não Informado,-17.85238,-41.5145,DEL11-MG,Risco Médio,Alta
sexta-feira,BR-116,270.0,Pleno dia,Decrescente,Garoa/Chuvisco,Dupla,Curva,-23.618,-46.79678,DEL04-SP,Risco Médio,Alta
quinta-feira,BR-101,97.5,Pleno dia,Decrescente,Céu Claro,Simples,Reta,-26.73658,-48.69915,DEL03-SC,Risco Médio,Alta
domingo,BR-262,186.2,Pleno dia,Crescente,Nublado,Simples,Reta,-20.42867,-53.24813,DEL07-MS,Risco Médio,Média
sábado,BR-381,907.3,Amanhecer,Decrescente,Céu Claro,Dupla,Curva,-22.71022,-46.12178,DEL16-MG,Risco Baixo,Alta
sábado,BR-259,48.4,Plena Noite,Crescente,Céu Claro,Simples,Interseção de vias,-19.52272,-40.59356,DEL02-ES,Risco Médio,Baixa
segunda-feira,BR-277,433.0,Pleno dia,Crescente,Céu Claro,Simples,Curva,-25.37266,-52.22706,DEL04-PR,Risco Médio,Média
sexta-feira,BR-364,434.8,Amanhecer,Crescente,Céu Claro,Simples,Curva,-10.39005,-62.54016,DEL03-RO,Risco Baixo,Alta
terça-feira,BR-262,366.9,Pleno dia,Crescente,Céu Claro,Dupla,Curva,-19.97391,-44.32802,DEL01-MG,Risco Médio,Média
sexta-feira,BR-116,168.0,Plena Noite,Crescente,Chuva,Dupla,Reta,-23.30546,-46.03568,DEL02-SP,Risco Médio,Alta
sexta-feira,BR-110,5.0,Pleno dia,Decrescente,Ignorado,Simples,Reta,-4.9483,-37.0966,DEL04-RN,Risco Médio,Baixa
quarta-feira,BR-282,331.0,Pleno dia,Decrescente,Céu Claro,Simples,Reta,-27.38794,-51.11608,DEL07-SC,Risco Médio,Baixa
segunda-feira,BR-476,153.1,Amanhecer,Decrescente,Nevoeiro/Neblina,Dupla,Reta,-25.57689,-49.39177,DEL01-PR,Risco Baixo,Baixa
quarta-feira,BR-376,667.4,Pleno dia,Crescente,Céu Claro,Dupla,Curva,-25.8665,-48.94667,DEL01-PR,Risco Alto,Baixa
terça-feira,BR-392,44.5,Pleno dia,Decrescente,Céu Claro,Dupla,Reta,-31.93017,-52.31259,DEL07-RS,Risco Baixo,Média
sexta-feira,BR-364,271.8,Plena Noite,Crescente,Céu Claro,Dupla,Reta,-15.96963,-54.95363,DEL02-MT,Risco Médio,Alta
domingo,BR-277,97.0,Plena Noite,Crescente,Céu Claro,Dupla,Reta,-25.42826,-49.27348,DEL01-PR,Risco Médio,Média
terça-feira,BR-101,142.0,Pleno dia,Decrescente,Céu Claro,Dupla,Reta,-27.0645,-48.5958,DEL04-SC,Risco Médio,Alta
quarta-feira,BR-259,60.0,Anoitecer,Crescente,Céu Claro,Simples,Reta,-19.5253,-40.67461,DEL02-ES,Risco Médio,Baixa
sábado,BR-364,426.0,Plena Noite,Decrescente,Céu Claro,Simples,Reta,-10.43243,-62.47961,DEL03-RO,Risco Médio,Alta
segunda-feira,BR-280,129.0,Pleno dia,Crescente,Céu Claro,Simples,Reta,-26.24586,-49.52285,DEL06-SC,Risco Médio,Baixa
quarta-feira,BR-101,40.8,Pleno dia,Decrescente,Céu Claro,Dupla,Reta,-7.830383,-34.91427,DEL01-PE,Risco Médio,Alta
terça-feira,BR-153,494.3,Anoitecer,Decrescente,Ignorado,Dupla,Reta,-16.6614,-49.2218,DEL01-GO,Risco Médio,Alta
domingo,BR-282,652.5,Plena Noite,Crescente,Céu Claro,Simples,Curva,-26.70715,-53.5161,DEL07-SC,Risco Alto,Baixa
quinta-feira,BR-101,199.0,Plena Noite,Crescente,Céu Claro,Dupla,Reta,-27.5341,-48.6301,DEL01-SC,Risco Médio,Alta
sábado,BR-381,456.0,Plena Noite,Decrescente,Chuva,Simples,Curva,-19.84156,-43.86214,DEL01-MG,Risco Médio,Alta
quinta-feira,BR-116,895.0,Plena Noite,Decrescente,Céu Claro,Simples,Reta,-15.32564,-41.15465,DEL08-BA,Risco Médio,Alta
segunda-feira,BR-282,645.8,Pleno dia,Decrescente,Céu Claro,Simples,Reta,-26.76518,-53.48782,DEL07-SC,Risco Médio,Baixa
quarta-feira,BR-343,589.4,Plena Noite,Crescente,Céu Claro,Dupla,Reta,-6.776695,-43.00935,DEL03-PI,Risco Médio,Baixa
quinta-feira,BR-60,199.0,Plena Noite,Decrescente,Céu Claro,Simples,Curva,-19.54532,-54.04289,DEL06-MS,Risco Médio,Média
quinta-feira,BR-470,206.8,Amanhecer,Decrescente,Céu Claro,Simples,Retorno Regulamentado,-29.09849,-51.54381,DEL06-RS,Risco Médio,Baixa
segunda-feira,BR-10,249.0,Pleno dia,Crescente,Céu Claro,Simples,Reta,-5.558508,-47.45417,DEL04-MA,Risco Médio,Baixa
domingo,BR-364,562.1,Plena Noite,Crescente,Céu Claro,Simples,Reta,-9.553194,-63.07575,DEL01-RO,Risco Alto,Alta
quarta-feira,BR-101,42.0,Plena Noite,Crescente,Nublado,Múltipla,Reta,-7.838874,-34.91197,DEL01-PE,Risco Baixo,Alta
quarta-feira,BR-369,73.9,Pleno dia,Crescente,Céu Claro,Simples,Reta,-23.15201,-50.5242,DEL07-PR,Risco Médio,Baixa
terça-feira,BR-476,122.9,Pleno dia,Decrescente,Sol,Múltipla,Curva,-25.38577,-49.20338,DEL01-PR,Risco Médio,Baixa
sexta-feira,BR-290,143.0,Plena Noite,Crescente,Céu Claro,Simples,Reta,-30.09514,-51.6425,DEL02-RS,Risco Médio,Baixa
segunda-feira,BR-40,638.2,Pleno dia,Decrescente,Céu Claro,Simples,Reta,-20.73027,-43.80043,DEL05-MG,Risco Médio,Alta
segunda-feira,BR-116,614.5,Amanhecer,Crescente,Céu Claro,Simples,Não Informado,-13.32186,-40.017,DEL03-BA,Risco Alto,Alta
terça-feira,BR-364,499.8,Plena Noite,Crescente,Céu Claro,Simples,Curva,-10.03389,-62.97767,DEL03-RO,Risco Baixo,Alta
segunda-feira,BR-116,285.5,Pleno dia,Decrescente,Céu Claro,Dupla,Reta,-23.68895,-46.86186,DEL04-SP,Risco Médio,Alta
domingo,BR-116,30.0,Pleno dia,Decrescente,Garoa/Chuvisco,Dupla,Curva,-25.10003,-48.8209,DEL01-PR,Risco Médio,Alta
quinta-feira,BR-40,619.8,Plena Noite,Decrescente,Céu Claro,Simples,Curva,-20.57051,-43.81191,DEL05-MG,Risco Alto,Alta
sábado,BR-153,35.7,Plena Noite,Crescente,Céu Claro,Simples,Reta,-20.58059,-49.31938,DEL09-SP,Risco Baixo,Alta
sábado,BR-376,172.0,Pleno dia,Crescente,Céu Claro,Dupla,Curva,-23.4191,-51.96817,DEL09-PR,Risco Médio,Baixa
segunda-feira,BR-476,125.0,Pleno dia,Crescente,Sol,Dupla,Reta,-25.4083,-49.21966,DEL01-PR,Risco Médio,Baixa
sábado,BR-70,2.8,Amanhecer,Crescente,Céu Claro,Dupla,Reta,-15.76702,-48.22995,DEL01-DF,Risco Médio,Baixa
segunda-feira,BR-262,144.0,Pleno dia,Decrescente,Céu Claro,Dupla,Interseção de vias,-20.44382,-52.88127,DEL07-MS,Risco Médio,Média
segunda-feira,BR-230,25.1,Pleno dia,Decrescente,Céu Claro,Múltipla,Reta,-7.170665,-34.86956,DEL01-PB,Risco Baixo,Baixa
sábado,BR-364,17.2,Pleno dia,Crescente,Céu Claro,Simples,Reta,-12.73208,-60.16589,DEL04-RO,Risco Baixo,Alta
segunda-feira,BR-282,492.2,Pleno dia,Decrescente,Nublado,Simples,Reta,-26.87028,-52.31731,DEL07-SC,Risco Médio,Baixa
sexta-feira,BR-101,137.0,Plena Noite,Decrescente,Garoa/Chuvisco,Dupla,Reta,-27.01572,-48.61193,DEL04-SC,Risco Médio,Alta
quarta-feira,BR-101,96.0,Pleno dia,Crescente,Céu Claro,Dupla,Interseção de vias,-5.854283,-35.21156,DEL01-RN,Risco Médio,Alta
terça-feira,BR-116,26.2,Pleno dia,Decrescente,Chuva,Simples,Curva,-25.10827,-48.78717,DEL01-PR,Risco Baixo,Alta
domingo,BR-319,58.0,Anoitecer,Crescente,Céu Claro,Dupla,Desvio Temporário,-8.743427,-63.91499,DEL01-RO,Risco Baixo,Baixa
sábado,BR-476,144.0,Pleno dia,Crescente,Céu Claro,Dupla,Não Informado,-25.5425,-49.31301,DEL01-PR,Risco Baixo,Baixa
sábado,BR-406,150.0,Plena Noite,Decrescente,Céu Claro,Simples,Reta,-5.64975,-35.43235,DEL02-RN,Risco Médio,Baixa
segunda-feira,BR-155,288.2,Pleno dia,Crescente,Sol,Simples,Curva,-5.831201,-49.19678,DEL03-PA,Risco Médio,Baixa
terça-feira,BR-116,62.6,Pleno dia,Decrescente,Chuva,Dupla,Reta,-22.80547,-45.17244,DEL08-SP,Risco Médio,Alta
sábado,BR-40,116.0,Pleno dia,Decrescente,Sol,Múltipla,Reta,-22.74632,-43.28779,DEL01-RJ,Risco Médio,Alta
terça-feira,BR-251,243.4,Plena Noite,Decrescente,Céu Claro,Simples,Curva,-16.01006,-41.7917,DEL12-MG,Risco Médio,Baixa
quarta-feira,BR-101,210.0,Plena Noite,Decrescente,Garoa/Chuvisco,Múltipla,Não Informado,-27.6173,-48.6463,DEL01-SC,Risco Médio,Alta
terça-feira,BR-101,134.0,Pleno dia,Crescente,Sol,Simples,Reta,-27.00218,-48.63643,DEL04-SC,Risco Médio,Alta
segunda-feira,BR-101,531.0,Plena Noite,Crescente,Nublado,Simples,Curva,-23.02014,-44.52649,DEL03-RJ,Risco Baixo,Alta
terça-feira,BR-364,536.0,Pleno dia,Crescente,Nublado,Simples,Reta,-14.95358,-56.50745,DEL01-MT,Risco Médio,Alta
sexta-feira,BR-376,649.0,Plena Noite,Crescente,Céu Claro,Dupla,Curva,-25.84592,-49.09776,DEL01-PR,Risco Baixo,Baixa
sexta-feira,BR-101,717.0,Plena Noite,Decrescente,Nublado,Múltipla,Reta,-16.3544,-39.57962,DEL09-BA,Risco Médio,Alta
domingo,BR-116,53.9,Pleno dia,Decrescente,Céu Claro,Dupla,Rotatória,-26.39325,-50.15515,DEL06-SC,Risco Médio,Alta
domingo,BR-116,826.0,Pleno dia,Decrescente,Céu Claro,Dupla,Reta,-14.88079,-40.85593,DEL08-BA,Risco Médio,Alta
domingo,BR-163,680.9,Plena Noite,Crescente,Céu Claro,Simples,Reta,-18.92417,-54.83539,DEL06-MS,Risco Médio,Alta
domingo,BR-153,119.6,Pleno dia,Crescente,Céu Claro,Simples,Rotatória,-21.16748,-49.7136,DEL09-SP,Risco Médio,Alta
quarta-feira,BR-319,63.0,Plena Noite,Crescente,Céu Claro,Simples,Interseção de vias,-8.766685,-63.88405,DEL01-RO,Risco Médio,Baixa
domingo,BR-316,14.4,Pleno dia,Decrescente,Sol,Dupla,Reta,-5.218378,-42.75258,DEL01-PI,Risco Baixo,Baixa
domingo,BR-116,330.0,Pleno dia,Decrescente,Céu Claro,Simples,Curva,-22.50454,-44.61629,DEL07-RJ,Risco Médio,Alta
sexta-feira,BR-116,774.6,Pleno dia,Decrescente,Céu Claro,Simples,Curva,-21.60381,-42.69974,DEL07-MG,Risco Médio,Alta
domingo,BR-101,317.2,Plena Noite,Crescente,Céu Claro,Dupla,Reta,-28.42885,-48.86929,DEL02-SC,Risco Médio,Alta
domingo,BR-101,59.5,Pleno dia,Crescente,Nublado,Dupla,Reta,-6.993524,-35.06896,DEL01-PB,Risco Médio,Alta
quarta-feira,BR-101,43.0,Pleno dia,Decrescente,Sol,Dupla,Reta,-26.3314,-48.8619,DEL03-SC,Risco Médio,Alta
domingo,BR-158,316.4,Pleno dia,Crescente,Céu Claro,Simples,Não Informado,-29.65579,-53.77379,DEL09-RS,Risco Médio,Baixa
sábado,BR-101,89.8,Pleno dia,Crescente,Céu Claro,Dupla,Interseção de vias,-7.180595,-34.90075,DEL01-PB,Risco Médio,Alta
quinta-feira,BR-116,557.0,Plena Noite,Decrescente,Nublado,Simples,Reta,-24.99078,-48.50678,DEL05-SP,Risco Baixo,Alta
sábado,BR-364,287.0,Plena Noite,Crescente,Ignorado,Dupla,Reta,-15.90305,-55.06514,DEL05-MT,Risco Médio,Alta
segunda-feira,BR-116,292.0,Plena Noite,Decrescente,Nublado,Dupla,Reta,-22.44937,-44.32171,DEL07-RJ,Risco Médio,Alta
terça-feira,BR-369,37.0,Pleno dia,Decrescente,Nublado,Dupla,Não Informado,-23.04768,-50.23591,DEL07-PR,Risco Médio,Baixa
quinta-feira,BR-392,1.0,Anoitecer,Decrescente,Céu Claro,Simples,Reta,-31.77242,-52.34297,DEL07-RS,Risco Médio,Média
terça-feira,BR-232,158.3,Plena Noite,Decrescente,Céu Claro,Simples,Reta,-8.330595,-36.23647,DEL02-PE,Risco Médio,Baixa
domingo,BR-116,259.7,Anoitecer,Crescente,Céu Claro,Dupla,Reta,-29.87041,-51.17991,DEL01-RS,Risco Baixo,Alta
domingo,BR-470,90.0,Pleno dia,Crescente,Céu Claro,Simples,Reta,-26.96934,-49.36772,DEL04-SC,Risco Médio,Baixa
quinta-feira,BR-153,683.8,Plena Noite,Crescente,Ignorado,Dupla,Reta,-18.24673,-49.25346,DEL03-GO,Risco Médio,Alta
sábado,BR-365,338.1,Pleno dia,Crescente,Nublado,Simples,Não Informado,-18.33509,-46.01221,DEL10-MG,Risco Médio,Média
quinta-feira,BR-316,550.6,Plena Noite,Crescente,Nublado,Simples,Reta,-4.887297,-43.36736,DEL03-MA,Risco Médio,Baixa
segunda-feira,BR-163,161.3,Pleno dia,Crescente,Céu Claro,Simples,Curva,-22.91472,-54.51938,DEL09-MS,Risco Médio,Alta
domingo,BR-163,78.0,Amanhecer,Crescente,Céu Claro,Dupla,Reta,-16.83404,-54.69901,DEL02-MT,Risco Médio,Alta
segunda-feira,BR-277,76.0,Anoitecer,Crescente,Céu Claro,Dupla,Reta,-25.48844,-49.17962,DEL01-PR,Risco Médio,Média
sexta-feira,BR-280,205.1,Pleno dia,Decrescente,Céu Claro,Simples,Reta,-26.16343,-50.1217,DEL06-SC,Risco Baixo,Baixa
sexta-feira,BR-364,355.0,Pleno dia,Crescente,Céu Claro,Simples,Reta,-10.80768,-62.02082,DEL02-RO,Risco Baixo,Alta
sexta-feira,BR-364,181.0,Pleno dia,Crescente,Céu Claro,Simples,Não Informado,-16.59921,-54.5008,DEL02-MT,Risco Baixo,Alta
quarta-feira,BR-101,212.0,Pleno dia,Decrescente,Céu Claro,Dupla,Viaduto,-27.62997,-48.65904,DEL01-SC,Risco Médio,Alta
quarta-feira,BR-153,387.0,Pleno dia,Decrescente,Sol,Simples,Reta,-9.30444,-48.54983,DEL02-TO,Risco Médio,Alta
sábado,BR-324,287.0,Plena Noite,Decrescente,Ignorado,Simples,Interseção de vias,-11.1661,-40.54636,DEL04-BA,Risco Médio,Baixa
quarta-feira,BR-376,239.0,Pleno dia,Crescente,Chuva,Dupla,Não Informado,-23.58261,-51.445,DEL07-PR,Risco Médio,Baixa
sábado,BR-470,272.0,Plena Noite,Crescente,Chuva,Simples,Reta,-29.53087,-51.48544,DEL04-RS,Risco Médio,Baixa
terça-feira,BR-101,332.0,Plena Noite,Decrescente,Nevoeiro/Neblina,Dupla,Reta,-22.8712,-43.2042,DEL02-RJ,Risco Baixo,Alta
sábado,BR-482,114.1,Plena Noite,Decrescente,Céu Claro,Simples,Não Informado,-20.80381,-41.72513,DEL03-ES,Risco Alto,Baixa
quinta-feira,BR-153,55.6,Plena Noite,Crescente,Céu Claro,Dupla,Reta,-18.85996,-49.075,DEL15-MG,Risco Médio,Alta
quarta-feira,BR-285,559.7,Plena Noite,Crescente,Céu Claro,Simples,Reta,-28.41901,-54.88554,DEL10-RS,Risco Médio,Baixa
segunda-feira,BR-163,205.7,Pleno dia,Decrescente,Céu Claro,Simples,Reta,-22.6612,-54.80076,DEL04-MS,Risco Médio,Alta
segunda-feira,BR-116,207.0,Pleno dia,Crescente,Sol,Múltipla,Reta,-22.7162,-43.7158,DEL01-RJ,Risco Baixo,Alta
quarta-feira,BR-101,203.9,Pleno dia,Crescente,Céu Claro,Dupla,Reta,-27.57418,-48.61357,DEL01-SC,Risco Baixo,Alta
sábado,BR-373,180.0,Pleno dia,Decrescente,Céu Claro,Dupla,Reta,-25.03984,-50.24853,DEL03-PR,Risco Médio,Baixa
sábado,BR-40,439.4,Anoitecer,Crescente,Céu Claro,Dupla,Reta,-19.26088,-44.42166,DEL02-MG,Risco Médio,Alta
segunda-feira,BR-364,339.7,Pleno dia,Decrescente,Nublado,Múltipla,Não Informado,-10.90782,-61.93017,DEL02-RO,Risco Médio,Alta
quinta-feira,BR-222,6.0,Pleno dia,Crescente,Céu Claro,Dupla,Reta,-3.745392,-38.62188,DEL01-CE,Risco Médio,Baixa
sexta-feira,BR-101,54.0,Plena Noite,Decrescente,Nublado,Simples,Não Informado,-21.66938,-41.31112,DEL08-RJ,Risco Médio,Alta
domingo,BR-381,908.0,Pleno dia,Decrescente,Chuva,Dupla,Curva,-22.71744,-46.12652,DEL16-MG,Risco Médio,Alta
sábado,BR-40,549.0,Plena Noite,Decrescente,Céu Claro,Dupla,Curva,-20.03972,-43.96703,DEL01-MG,Risco Médio,Alta
sábado,BR-70,730.0,Anoitecer,Crescente,Nublado,Simples,Reta,-16.15478,-57.61816,DEL03-MT,Risco Alto,Baixa
quarta-feira,BR-101,139.0,Pleno dia,Decrescente,Nublado,Múltipla,Reta,-19.31017,-40.07997,DEL04-ES,Risco Médio,Alta
domingo,BR-386,358.0,Pleno dia,Crescente,Céu Claro,Dupla,Reta,-29.53306,-51.91964,DEL04-RS,Risco Médio,Média
quinta-feira,BR-381,89.0,Pleno dia,Decrescente,Nublado,Dupla,Reta,-23.49611,-46.55943,DEL03-SP,Risco Médio,Alta
sábado,BR-101,143.0,Pleno dia,Decrescente,Nublado,Dupla,Reta,-27.06436,-48.59599,DEL04-SC,Risco Médio,Alta
quinta-feira,BR-153,501.0,Pleno dia,Decrescente,Céu Claro,Dupla,Reta,-16.7118,-49.2324,DEL01-GO,Risco Médio,Alta
quinta-feira,BR-153,230.5,Plena Noite,Crescente,Céu Claro,Simples,Reta,-7.906061,-48.46298,DEL02-TO,Risco Alto,Alta
domingo,BR-116,68.0,Pleno dia,Crescente,Céu Claro,Dupla,Reta,-25.32366,-49.02532,DEL01-PR,Risco Médio,Alta
sábado,BR-369,137.0,Anoitecer,Decrescente,Nublado,Simples,Rotatória,-23.27194,-51.05175,DEL07-PR,Risco Médio,Baixa
quarta-feira,BR-135,477.6,Pleno dia,Crescente,Céu Claro,Simples,Curva,-9.65516,-45.11052,DEL03-PI,Risco Baixo,Baixa
quarta-feira,BR-116,878.0,Pleno dia,Decrescente,Céu Claro,Simples,Reta,-15.26768,-41.12244,DEL08-BA,Risco Médio,Alta
quinta-feira,BR-376,217.0,Plena Noite,Decrescente,Céu Claro,Simples,Reta,-23.59784,-51.62416,DEL09-PR,Risco Médio,Baixa
quarta-feira,BR-262,350.2,Pleno dia,Crescente,Nublado,Dupla,Reta,-20.56803,-54.63428,DEL01-MS,Risco Baixo,Média
terça-feira,BR-153,209.9,Plena Noite,Crescente,Céu Claro,Simples,Interseção de vias,-20.02004,-49.04765,DEL13-MG,Risco Médio,Alta
segunda-feira,BR-230,134.7,Pleno dia,Decrescente,Céu Claro,Múltipla,Reta,-7.280385,-35.76152,DEL02-PB,Risco Médio,Baixa
sexta-feira,BR-343,293.3,Pleno dia,Decrescente,Céu Claro,Simples,Reta,-4.924991,-42.27954,DEL01-PI,Risco Médio,Baixa
quinta-feira,BR-40,7.9,Plena Noite,Crescente,Céu Claro,Dupla,Reta,-16.03867,-47.97969,DEL01-DF,Risco Médio,Alta
quarta-feira,BR-373,173.0,Anoitecer,Decrescente,Céu Claro,Dupla,Reta,-25.08057,-50.20176,DEL03-PR,Risco Médio,Baixa
sábado,BR-163,131.9,Pleno dia,Crescente,Chuva,Simples,Reta,-25.56778,-53.57407,DEL04-PR,Risco Médio,Alta
quarta-feira,BR-60,358.0,Pleno dia,Decrescente,Nublado,Dupla,Curva,-17.6147,-50.7544,DEL04-GO,Risco Médio,Média
terça-feira,BR-116,412.2,Anoitecer,Crescente,Céu Claro,Dupla,Retorno Regulamentado,-18.86882,-41.97144,DEL06-MG,Risco Médio,Alta
sábado,BR-476,55.0,Plena Noite,Crescente,Nublado,Simples,Não Informado,-24.96676,-49.08572,DEL01-PR,Risco Médio,Baixa
sábado,BR-386,349.0,Pleno dia,Decrescente,Céu Claro,Simples,Reta,-29.46548,-51.95509,DEL04-RS,Risco Médio,Média
domingo,BR-376,647.6,Pleno dia,Decrescente,Céu Claro,Dupla,Reta,-25.83292,-49.11121,DEL01-PR,Risco Médio,Baixa
segunda-feira,BR-101,41.8,Pleno dia,Crescente,Sol,Múltipla,Reta,-7.830383,-34.91427,DEL01-PE,Risco Médio,Alta
domingo,BR-262,49.2,Pleno dia,Crescente,Chuva,Simples,Reta,-20.24782,-42.12958,DEL06-MG,Risco Alto,Média
sexta-feira,BR-101,51.0,Plena Noite,Crescente,Céu Claro,Múltipla,Reta,-7.913738,-34.89953,DEL01-PE,Risco Médio,Alta
domingo,BR-277,13.2,Plena Noite,Crescente,Garoa/Chuvisco,Dupla,Reta,-25.5205,-48.5095,DEL01-PR,Risco Médio,Média
domingo,BR-232,105.0,Plena Noite,Decrescente,Céu Claro,Dupla,Reta,-8.260122,-35.78562,DEL02-PE,Risco Baixo,Baixa
sábado,BR-381,849.0,Pleno dia,Decrescente,Chuva,Dupla,Curva,-22.26991,-45.89241,DEL16-MG,Risco Médio,Alta
domingo,BR-101,312.0,Plena Noite,Crescente,Céu Claro,Dupla,Reta,-22.80548,-43.06159,DEL02-RJ,Risco Médio,Alta
segunda-feira,BR-116,433.0,Pleno dia,Decrescente,Nublado,Simples,Reta,-24.4203,-47.77032,DEL05-SP,Risco Médio,Alta
sexta-feira,BR-230,27.5,Pleno dia,Decrescente,Céu Claro,Dupla,Reta,-7.1677,-34.8855,DEL01-PB,Risco Médio,Baixa
sexta-feira,BR-452,186.5,Plena Noite,Crescente,Ignorado,Simples,Curva,-18.4009,-49.31007,DEL03-GO,Risco Alto,Baixa
terça-feira,BR-316,80.0,Pleno dia,Crescente,Céu Claro,Simples,Reta,-2.243207,-45.85651,DEL02-MA,Risco Alto,Baixa
domingo,BR-470,225.3,Plena Noite,Decrescente,Céu Claro,Simples,Reta,-29.21454,-51.51763,DEL06-RS,Risco Baixo,Baixa
quarta-feira,BR-116,275.0,Amanhecer,Decrescente,Céu Claro,Simples,Reta,-17.84235,-41.5141,DEL11-MG,Risco Médio,Alta
sexta-feira,BR-153,95.9,Plena Noite,Crescente,Céu Claro,Simples,Não Informado,-20.97639,-49.61036,DEL09-SP,Risco Médio,Alta
sábado,BR-262,401.5,Plena Noite,Crescente,Céu Claro,Dupla,Curva,-19.88351,-44.61467,DEL08-MG,Risco Médio,Média
terça-feira,BR-153,359.0,Plena Noite,Decrescente,Garoa/Chuvisco,Simples,Reta,-9.055402,-48.51837,DEL02-TO,Risco Médio,Alta
sexta-feira,BR-369,125.9,Plena Noite,Crescente,Céu Claro,Dupla,Curva,-23.28255,-50.95627,DEL07-PR,Risco Médio,Baixa
domingo,BR-101,262.0,Pleno dia,Decrescente,Nublado,Dupla,Curva,-22.71368,-42.62053,DEL02-RJ,Risco Médio,Alta
sábado,BR-364,227.5,Pleno dia,Crescente,Nublado,Dupla,Não Informado,-16.29055,-54.7638,DEL02-MT,Risco Baixo,Alta
sexta-feira,BR-476,131.0,Pleno dia,Decrescente,Céu Claro,Dupla,Reta,-25.46073,-49.25018,DEL01-PR,Risco Baixo,Baixa
quarta-feira,BR-70,5.0,Plena Noite,Crescente,Céu Claro,Dupla,Reta,-15.87809,-52.29405,DEL07-MT,Risco Médio,Baixa