dia_semana,br,km,fase_dia,sentido_via,condicao_metereologica,tipo_pista,tracado_via,latitude,longitude,delegacia,classificacao_acidente,postos_policiais_PRF
terça-feira,BR-101,108.0,Plena Noite,Decrescente,Céu Claro,Simples,Curva,-9.596569,-36.00914,DEL02-AL,Risco Baixo,Alta
domingo,BR-60,128.0,Plena Noite,Decrescente,Chuva,Dupla,Reta,-16.5498,-49.1518,DEL01-GO,Risco Médio,Média
quarta-feira,BR-277,410.8,Pleno dia,Crescente,Céu Claro,Simples,Curva,-25.43185,-52.00714,DEL04-PR,Risco Médio,Média
quinta-feira,BR-364,138.0,Pleno dia,Crescente,Céu Claro,Dupla,Interseção de vias,-9.961125,-67.85647,DEL01-AC,Risco Médio,Alta
sábado,BR-40,20.1,Pleno dia,Crescente,Céu Claro,Dupla,Reta,-16.21849,-47.91548,DEL01-DF,Risco Médio,Alta
quinta-feira,BR-277,673.0,Pleno dia,Decrescente,Céu Claro,Dupla,Reta,-25.29057,-54.1065,DEL05-PR,Risco Baixo,Média
domingo,BR-20,19.7,Amanhecer,Crescente,Céu Claro,Dupla,Não Informado,-15.60954,-47.6946,DEL02-DF,Risco Alto,Baixa
segunda-feira,BR-116,230.5,Pleno dia,Crescente,Sol,Múltipla,Reta,-23.52252,-46.58557,DEL01-SP,Risco Médio,Alta
quarta-feira,BR-277,122.0,Pleno dia,Decrescente,Céu Claro,Dupla,Reta,-25.44584,-49.56769,DEL03-PR,Risco Baixo,Média
sábado,BR-369,162.0,Plena Noite,Crescente,Céu Claro,Dupla,Reta,-23.2751,-51.2815,DEL07-PR,Risco Médio,Baixa
domingo,BR-343,264.0,Plena Noite,Decrescente,Céu Claro,Simples,Curva,-4.827662,-42.16259,DEL01-PI,Risco Médio,Baixa
terça-feira,BR-429,346.0,Pleno dia,Decrescente,Céu Claro,Simples,Reta,-10.86783,-61.96626,DEL02-RO,Risco Médio,Baixa
quarta-feira,BR-343,348.4,Plena Noite,Decrescente,Céu Claro,Simples,Interseção de vias,-5.120096,-42.78909,DEL01-PI,Risco Médio,Baixa
sábado,BR-376,171.0,Pleno dia,Decrescente,Céu Claro,Dupla,Interseção de vias,-23.40999,-51.98713,DEL07-PR,Risco Baixo,Baixa
sábado,BR-316,1.0,Plena Noite,Decrescente,Céu Claro,Simples,Ponte,-5.128619,-42.80707,DEL01-PI,Risco Baixo,Baixa
quarta-feira,BR-153,336.5,Pleno dia,Decrescente,Céu Claro,Simples,Não Informado,-15.56266,-49.42136,DEL02-GO,Risco Baixo,Alta
quarta-feira,BR-282,542.9,Pleno dia,Crescente,Céu Claro,Simples,Não Informado,-27.0013,-52.70757,DEL07-SC,Risco Médio,Baixa
segunda-feira,BR-40,749.0,Plena Noite,Decrescente,Garoa/Chuvisco,Simples,Curva,-21.4837,-43.538,DEL05-MG,Risco Médio,Alta
sábado,BR-262,118.8,Plena Noite,Decrescente,Céu Claro,Simples,Não Informado,-20.50995,-52.65413,DEL07-MS,Risco Médio,Média
sábado,BR-40,545.5,Amanhecer,Crescente,Céu Claro,Dupla,Reta,-20.0067,-43.96419,DEL01-MG,Risco Baixo,Alta
quinta-feira,BR-277,722.8,Pleno dia,Crescente,Céu Claro,Dupla,Reta,-25.49495,-54.52095,DEL05-PR,Risco Médio,Média
segunda-feira,BR-116,515.0,Pleno dia,Decrescente,Chuva,Dupla,Curva,-24.86704,-48.21738,DEL05-SP,Risco Médio,Alta
sexta-feira,BR-116,135.5,Pleno dia,Crescente,Céu Claro,Dupla,Reta,-23.1445,-45.77021,DEL06-SP,Risco Baixo,Alta
quinta-feira,BR-376,599.0,Plena Noite,Decrescente,Nublado,Dupla,Reta,-25.5263,-49.32958,DEL01-PR,Risco Médio,Baixa
sexta-feira,BR-376,324.5,Pleno dia,Crescente,Nublado,Simples,Curva,-24.08336,-51.05937,DEL07-PR,Risco Médio,Baixa
sábado,BR-277,673.0,Plena Noite,Decrescente,Céu Claro,Simples,Interseção de vias,-25.29056,-54.10646,DEL05-PR,Risco Médio,Média
quinta-feira,BR-101,158.8,Plena Noite,Crescente,Céu Claro,Dupla,Reta,-9.90051,-36.2466,DEL02-AL,Risco Médio,Alta
sábado,BR-319,811.0,Plena Noite,Crescente,Céu Claro,Simples,Reta,-8.551578,-63.98789,DEL01-RO,Risco Médio,Baixa
quarta-feira,BR-381,169.0,Plena Noite,Decrescente,Chuva,Simples,Reta,-18.96703,-42.09036,DEL06-MG,Risco Médio,Alta
quinta-feira,BR-60,34.0,Plena Noite,Crescente,Céu Claro,Dupla,Curva,-16.0963,-48.5202,DEL01-DF,Risco Médio,Média
domingo,BR-163,558.0,Plena Noite,Crescente,Céu Claro,Simples,Reta,-19.82859,-54.37037,DEL01-MS,Risco Médio,Alta
segunda-feira,BR-285,122.3,Plena Noite,Crescente,Céu Claro,Simples,Reta,-28.5127,-50.93433,DEL05-RS,Risco Baixo,Baixa
quinta-feira,BR-153,305.9,Plena Noite,Decrescente,Nublado,Simples,Reta,-8.574359,-48.48336,DEL02-TO,Risco Baixo,Alta
quarta-feira,BR-116,755.6,Pleno dia,Decrescente,Céu Claro,Simples,Reta,-14.51294,-40.36599,DEL08-BA,Risco Médio,Alta
segunda-feira,BR-232,180.0,Pleno dia,Crescente,Chuva,Simples,Reta,-8.345753,-36.43531,DEL02-PE,Risco Alto,Baixa
quarta-feira,BR-101,293.0,Pleno dia,Crescente,Céu Claro,Dupla,Reta,-22.74864,-42.86436,DEL02-RJ,Risco Médio,Alta
sexta-feira,BR-40,522.0,Anoitecer,Decrescente,Céu Claro,Dupla,Reta,-19.86387,-44.0675,DEL01-MG,Risco Médio,Alta
sábado,BR-381,417.0,Pleno dia,Decrescente,Céu Claro,Dupla,Reta,-19.75815,-43.63602,DEL01-MG,Risco Médio,Alta
sábado,BR-101,403.0,Pleno dia,Crescente,Céu Claro,Dupla,Reta,-22.85925,-43.79011,DEL03-RJ,Risco Médio,Alta
segunda-feira,BR-163,834.0,Pleno dia,Decrescente,Céu Claro,Dupla,Rotatória,-11.86588,-55.49633,DEL06-MT,Risco Médio,Alta
domingo,BR-116,258.6,Amanhecer,Crescente,Nublado,Simples,Reta,-29.86151,-51.18092,DEL01-RS,Risco Médio,Alta
sexta-feira,BR-163,854.0,Pleno dia,Crescente,Céu Claro,Simples,Interseção de vias,-11.69313,-55.45151,DEL06-MT,Risco Alto,Alta
segunda-feira,BR-470,137.7,Pleno dia,Crescente,Céu Claro,Simples,Reta,-27.18479,-49.60447,DEL04-SC,Risco Baixo,Baixa
quarta-feira,BR-116,864.0,Pleno dia,Crescente,Sol,Simples,Reta,-15.13394,-41.04063,DEL08-BA,Risco Médio,Alta
sábado,BR-262,159.9,Pleno dia,Decrescente,Nublado,Simples,Reta,-20.23761,-41.51169,DEL01-ES,Risco Médio,Média
terça-feira,BR-163,50.0,Pleno dia,Decrescente,Céu Claro,Dupla,Não Informado,-17.07465,-54.75921,DEL02-MT,Risco Médio,Alta
quinta-feira,BR-381,185.4,Pleno dia,Crescente,Nublado,Simples,Reta,-19.04567,-42.15327,DEL06-MG,Risco Médio,Alta
sábado,BR-101,162.0,Plena Noite,Crescente,Céu Claro,Simples,Curva,-19.49015,-40.12624,DEL04-ES,Risco Médio,Alta
sexta-feira,BR-282,643.6,Plena Noite,Decrescente,Nublado,Simples,Curva,-26.76897,-53.46977,DEL07-SC,Risco Baixo,Baixa
terça-feira,BR-116,4.0,Amanhecer,Crescente,Nublado,Dupla,Reta,-25.3629,-49.0822,DEL01-PR,Risco Médio,Alta
domingo,BR-364,226.7,Plena Noite,Crescente,Céu Claro,Dupla,Curva,-16.29722,-54.76127,DEL02-MT,Risco Médio,Alta
sábado,BR-101,72.4,Pleno dia,Crescente,Nublado,Dupla,Não Informado,-8.090814,-34.94691,DEL01-PE,Risco Alto,Alta
quinta-feira,BR-232,229.0,Pleno dia,Crescente,Céu Claro,Dupla,Reta,-8.400704,-36.86508,DEL03-PE,Risco Médio,Baixa
domingo,BR-116,80.5,Pleno dia,Crescente,Céu Claro,Simples,Reta,-4.395583,-38.42674,DEL03-CE,Risco Baixo,Alta
sexta-feira,BR-476,137.0,Pleno dia,Crescente,Céu Claro,Dupla,Curva,-25.4983,-49.27755,DEL01-PR,Risco Médio,Baixa
sábado,BR-40,300.0,Pleno dia,Decrescente,Chuva,Simples,Curva,-18.35014,-45.09329,DEL14-MG,Risco Médio,Alta
quinta-feira,BR-230,158.0,Amanhecer,Crescente,Céu Claro,Simples,Reta,-7.2582,-35.9267,DEL02-PB,Risco Médio,Baixa
sábado,BR-116,367.0,Pleno dia,Crescente,Céu Claro,Dupla,Reta,-30.68127,-51.57375,DEL02-RS,Risco Médio,Alta
domingo,BR-222,339.9,Plena Noite,Decrescente,Céu Claro,Simples,Curva,-3.87434,-41.17075,DEL04-CE,Risco Baixo,Baixa
segunda-feira,BR-101,35.9,Plena Noite,Crescente,Chuva,Dupla,Reta,-29.5172,-49.99124,DEL03-RS,Risco Médio,Alta
terça-feira,BR-116,442.9,Amanhecer,Crescente,Céu Claro,Dupla,Reta,-24.4761,-47.82735,DEL05-SP,Risco Médio,Alta
terça-feira,BR-158,338.7,Pleno dia,Decrescente,Céu Claro,Simples,Reta,-29.72521,-53.9077,DEL09-RS,Risco Médio,Baixa
quarta-feira,BR-153,506.0,Pleno dia,Crescente,Céu Claro,Dupla,Reta,-16.7633,-49.24,DEL01-GO,Risco Médio,Alta
domingo,BR-163,99.6,Pleno dia,Crescente,Céu Claro,Simples,Reta,-26.49444,-53.50152,DEL07-SC,Risco Médio,Alta
sábado,BR-471,172.0,Pleno dia,Crescente,Céu Claro,Simples,Reta,-29.95607,-52.37119,DEL02-RS,Risco Médio,Baixa
domingo,BR-324,549.0,Pleno dia,Crescente,Céu Claro,Dupla,Reta,-12.4028,-38.7551,DEL01-BA,Risco Baixo,Baixa
terça-feira,BR-116,10.0,Plena Noite,Decrescente,Céu Claro,Múltipla,Reta,-3.836038,-38.50273,DEL01-CE,Risco Médio,Alta
segunda-feira,BR-101,99.3,Pleno dia,Decrescente,Nublado,Simples,Reta,-18.97189,-39.99152,DEL04-ES,Risco Alto,Alta
quinta-feira,BR-277,120.0,Anoitecer,Decrescente,Nublado,Dupla,Reta,-25.4368,-49.54535,DEL01-PR,Risco Médio,Média
segunda-feira,BR-101,73.2,Pleno dia,Decrescente,Sol,Simples,Reta,-5.70588,-35.26643,DEL02-RN,Risco Médio,Alta
segunda-feira,BR-163,735.0,Amanhecer,Crescente,Céu Claro,Simples,Reta,-18.46897,-54.716,DEL06-MS,Risco Médio,Alta
terça-feira,BR-277,113.0,Pleno dia,Decrescente,Nublado,Dupla,Reta,-25.44681,-49.48657,DEL01-PR,Risco Médio,Média
terça-feira,BR-70,184.0,Pleno dia,Crescente,Chuva,Simples,Reta,-15.6994,-53.61434,DEL05-MT,Risco Médio,Baixa
quarta-feira,BR-493,96.0,Amanhecer,Decrescente,Céu Claro,Dupla,Curva,-22.71547,-43.70458,DEL01-RJ,Risco Baixo,Baixa
segunda-feira,BR-163,485.1,Pleno dia,Crescente,Chuva,Simples,Reta,-20.44234,-54.54202,DEL01-MS,Risco Baixo,Alta
sábado,BR-381,188.6,Pleno dia,Crescente,Nublado,Simples,Curva,-19.09255,-42.19075,DEL06-MG,Risco Médio,Alta
sexta-feira,BR-210,3.0,Pleno dia,Crescente,Céu Claro,Dupla,Reta,0.08723365,-51.08569,DEL01-AP,Risco Médio,Baixa
terça-feira,BR-101,207.0,Plena Noite,Crescente,Céu Claro,Dupla,Não Informado,-27.60149,-48.626,DEL01-SC,Risco Baixo,Alta
sábado,BR-277,77.5,Plena Noite,Decrescente,Céu Claro,Dupla,Reta,-25.51328,-49.12433,DEL01-PR,Risco Médio,Média
sábado,BR-101,415.0,Plena Noite,Crescente,Chuva,Dupla,Curva,-28.96435,-49.52201,DEL02-SC,Risco Baixo,Alta
segunda-feira,BR-242,350.0,Plena Noite,Crescente,Garoa/Chuvisco,Simples,Desvio Temporário,-12.49155,-41.32473,DEL06-BA,Risco Médio,Baixa
segunda-feira,BR-50,82.0,Amanhecer,Decrescente,Céu Claro,Dupla,Não Informado,-18.98691,-48.21185,DEL15-MG,Risco Médio,Média
sábado,BR-116,215.0,Pleno dia,Decrescente,Nublado,Múltipla,Reta,-23.44696,-46.45394,DEL01-SP,Risco Médio,Alta
sexta-feira,BR-262,3.6,Plena Noite,Crescente,Nublado,Dupla,Reta,-20.33374,-40.36911,DEL01-ES,Risco Médio,Média
quarta-feira,BR-116,704.3,Plena Noite,Crescente,Nublado,Simples,Reta,-21.12024,-42.37994,DEL05-MG,Risco Alto,Alta
sábado,BR-10,226.3,Plena Noite,Crescente,Céu Claro,Simples,Reta,-5.736645,-47.35976,DEL04-MA,Risco Médio,Baixa
quarta-feira,BR-101,132.6,Plena Noite,Crescente,Chuva,Múltipla,Reta,-26.99654,-48.65565,DEL04-SC,Risco Médio,Alta
quinta-feira,BR-101,129.0,Plena Noite,Crescente,Nublado,Dupla,Reta,-26.98064,-48.67907,DEL04-SC,Risco Médio,Alta
domingo,BR-101,45.7,Plena Noite,Crescente,Céu Claro,Múltipla,Reta,-7.8728,-34.9061,DEL01-PE,Risco Baixo,Alta
terça-feira,BR-70,25.2,Pleno dia,Crescente,Céu Claro,Simples,Não Informado,-15.83258,-52.46567,DEL07-MT,Risco Médio,Baixa
quarta-feira,BR-280,58.3,Plena Noite,Crescente,Chuva,Simples,Reta,-26.47416,-49.02121,DEL03-SC,Risco Médio,Baixa
sexta-feira,BR-381,56.0,Pleno dia,Crescente,Céu Claro,Dupla,Não Informado,-23.2583,-46.59057,DEL03-SP,Risco Baixo,Alta
sábado,BR-381,481.0,Plena Noite,Crescente,Nublado,Dupla,Reta,-19.9584,-44.0607,DEL01-MG,Risco Médio,Alta
domingo,BR-369,193.0,Plena Noite,Decrescente,Céu Claro,Dupla,Reta,-23.48312,-51.42371,DEL07-PR,Risco Médio,Baixa
sexta-feira,BR-262,230.0,Pleno dia,Crescente,Céu Claro,Simples,Reta,-20.47438,-53.64933,DEL07-MS,Risco Médio,Média
quinta-feira,BR-40,62.0,Plena Noite,Crescente,Chuva,Dupla,Curva,-22.40889,-43.14898,DEL06-RJ,Risco Médio,Alta
quinta-feira,BR-277,7.3,Pleno dia,Decrescente,Céu Claro,Dupla,Reta,-25.5682,-48.61529,DEL01-PR,Risco Médio,Média
sexta-feira,BR-290,77.0,Pleno dia,Decrescente,Sol,Múltipla,Reta,-29.95503,-51.02736,DEL01-RS,Risco Médio,Baixa
segunda-feira,BR-116,716.0,Pleno dia,Decrescente,Céu Claro,Simples,Curva,-14.16524,-40.25368,DEL08-BA,Risco Baixo,Alta
quinta-feira,BR-101,347.1,Pleno dia,Decrescente,Sol,Dupla,Desvio Temporário,-28.56403,-49.05411,DEL02-SC,Risco Médio,Alta
sábado,BR-104,66.0,Plena Noite,Crescente,Chuva,Simples,Viaduto,-8.2937,-35.9864,DEL02-PE,Risco Médio,Baixa
domingo,BR-153,63.0,Pleno dia,Crescente,Céu Claro,Dupla,Não Informado,-20.82047,-49.35769,DEL09-SP,Risco Médio,Alta
segunda-feira,BR-40,634.1,Plena Noite,Decrescente,Céu Claro,Simples,Curva,-20.69499,-43.78987,DEL05-MG,Risco Alto,Alta
segunda-feira,BR-116,156.5,Pleno dia,Decrescente,Nublado,Dupla,Reta,-23.25124,-45.93693,DEL02-SP,Risco Médio,Alta
segunda-feira,BR-381,482.0,Pleno dia,Crescente,Céu Claro,Dupla,Reta,-19.95553,-44.09721,DEL01-MG,Risco Médio,Alta
segunda-feira,BR-158,521.0,Pleno dia,Decrescente,Céu Claro,Simples,Reta,-26.21907,-52.6819,DEL02-PR,Risco Médio,Baixa
quinta-feira,BR-116,11.0,Amanhecer,Crescente,Garoa/Chuvisco,Dupla,Viaduto,-3.843947,-38.49892,DEL01-CE,Risco Médio,Alta
sábado,BR-101,361.9,Amanhecer,Crescente,Céu Claro,Dupla,Reta,-28.66764,-49.11746,DEL02-SC,Risco Médio,Alta
quarta-feira,BR-116,70.6,Anoitecer,Decrescente,Céu Claro,Dupla,Reta,-22.84853,-45.22705,DEL08-SP,Risco Médio,Alta
terça-feira,BR-101,319.6,Pleno dia,Decrescente,Céu Claro,Dupla,Reta,-22.85656,-43.10297,DEL02-RJ,Risco Médio,Alta
domingo,BR-116,357.5,Pleno dia,Decrescente,Nublado,Dupla,Curva,-24.10277,-47.25691,DEL04-SP,Risco Médio,Alta
terça-feira,BR-116,26.5,Plena Noite,Decrescente,Nublado,Dupla,Curva,-25.10892,-48.78676,DEL01-PR,Risco Médio,Alta
sexta-feira,BR-101,51.0,Plena Noite,Crescente,Nublado,Simples,Reta,-23.45628,-45.07112,DEL06-SP,Risco Médio,Alta
quarta-feira,BR-101,484.0,Plena Noite,Crescente,Nublado,Simples,Curva,-22.98297,-44.29593,DEL03-RJ,Risco Médio,Alta
segunda-feira,BR-381,752.0,Plena Noite,Crescente,Céu Claro,Dupla,Retorno Regulamentado,-21.67247,-45.3343,DEL16-MG,Risco Médio,Alta
domingo,BR-365,666.0,Pleno dia,Decrescente,Céu Claro,Dupla,Não Informado,-18.89035,-48.67332,DEL15-MG,Risco Médio,Média
quarta-feira,BR-153,504.0,Plena Noite,Crescente,Céu Claro,Múltipla,Não Informado,-16.73634,-49.24299,DEL01-GO,Risco Médio,Alta
sábado,BR-230,36.1,Plena Noite,Crescente,Chuva,Dupla,Não Informado,-7.126199,-34.94923,DEL01-PB,Risco Médio,Baixa
sexta-feira,BR-116,175.0,Pleno dia,Crescente,Céu Claro,Múltipla,Reta,-22.78924,-43.37275,DEL01-RJ,Risco Médio,Alta
sexta-feira,BR-369,523.0,Amanhecer,Decrescente,Céu Claro,Simples,Reta,-24.9502,-53.3984,DEL04-PR,Risco Alto,Baixa
domingo,BR-235,53.4,Pleno dia,Crescente,Céu Claro,Simples,Reta,-10.68471,-37.44054,DEL01-SE,Risco Médio,Baixa
segunda-feira,BR-116,410.1,Pleno dia,Crescente,Céu Claro,Múltipla,Reta,-18.8513,-41.97807,DEL06-MG,Risco Médio,Alta
quinta-feira,BR-101,96.0,Pleno dia,Crescente,Chuva,Dupla,Reta,-5.849496,-35.20891,DEL01-RN,Risco Baixo,Alta
terça-feira,BR-116,231.2,Pleno dia,Decrescente,Sol,Múltipla,Reta,-23.52906,-46.59398,DEL01-SP,Risco Baixo,Alta
sábado,BR-369,129.0,Pleno dia,Decrescente,Céu Claro,Dupla,Não Informado,-23.25745,-50.9822,DEL07-PR,Risco Médio,Baixa
segunda-feira,BR-230,43.0,Pleno dia,Decrescente,Sol,Dupla,Reta,-7.1479,-35.0029,DEL01-PB,Risco Baixo,Baixa
sexta-feira,BR-101,70.7,Plena Noite,Crescente,Nublado,Simples,Reta,-26.51813,-48.71919,DEL03-SC,Risco Médio,Alta
sábado,BR-376,182.0,Pleno dia,Crescente,Céu Claro,Dupla,Reta,-23.43301,-51.88671,DEL09-PR,Risco Médio,Baixa
sexta-feira,BR-40,556.9,Plena Noite,Decrescente,Céu Claro,Dupla,Curva,-20.09356,-43.97554,DEL01-MG,Risco Baixo,Alta
sexta-feira,BR-230,14.7,Pleno dia,Crescente,Céu Claro,Simples,Interseção de vias,-7.0844,-34.8488,DEL01-PB,Risco Médio,Baixa
sábado,BR-376,525.1,Plena Noite,Crescente,Garoa/Chuvisco,Dupla,Curva,-25.27095,-49.93252,DEL03-PR,Risco Médio,Baixa
sexta-feira,BR-116,274.3,Pleno dia,Decrescente,Céu Claro,Dupla,Reta,-23.61844,-46.80742,DEL04-SP,Risco Médio,Alta
quinta-feira,BR-470,146.0,Pleno dia,Crescente,Nublado,Simples,Reta,-27.23459,-49.67573,DEL04-SC,Risco Médio,Baixa
domingo,BR-70,7.2,Pleno dia,Crescente,Céu Claro,Dupla,Reta,-15.74376,-48.2678,DEL01-DF,Risco Baixo,Baixa
sábado,BR-101,218.2,Plena Noite,Crescente,Céu Claro,Dupla,Reta,-27.67598,-48.67092,DEL01-SC,Risco Baixo,Alta
domingo,BR-101,48.1,Plena Noite,Decrescente,Céu Claro,Múltipla,Reta,-7.891747,-34.90335,DEL01-PE,Risco Médio,Alta
sexta-feira,BR-116,803.1,Pleno dia,Decrescente,Céu Claro,Simples,Reta,-21.78566,-42.7204,DEL07-MG,Risco Médio,Alta
segunda-feira,BR-304,50.7,Plena Noite,Decrescente,Céu Claro,Simples,Reta,-5.248999,-37.31063,DEL04-RN,Risco Médio,Baixa
quinta-feira,BR-116,285.0,Plena Noite,Crescente,Nublado,Dupla,Reta,-23.68782,-46.86137,DEL04-SP,Risco Médio,Alta
terça-feira,BR-476,266.0,Anoitecer,Decrescente,Nublado,Simples,Reta,-25.89258,-50.30605,DEL02-PR,Risco Médio,Baixa
sábado,BR-101,203.8,Plena Noite,Decrescente,Chuva,Múltipla,Reta,-27.57218,-48.6138,DEL01-SC,Risco Baixo,Alta
sexta-feira,BR-381,452.0,Pleno dia,Crescente,Céu Claro,Simples,Reta,-19.82519,-43.83387,DEL01-MG,Risco Médio,Alta
segunda-feira,BR-20,231.6,Plena Noite,Decrescente,Céu Claro,Simples,Reta,-4.907689,-39.6134,DEL02-CE,Risco Médio,Baixa
sábado,BR-101,485.0,Plena Noite,Crescente,Céu Claro,Simples,Reta,-22.98612,-44.29762,DEL03-RJ,Risco Baixo,Alta
domingo,BR-101,34.0,Pleno dia,Decrescente,Nublado,Dupla,Reta,-26.2614,-48.9031,DEL03-SC,Risco Médio,Alta
quinta-feira,BR-116,77.0,Plena Noite,Crescente,Nublado,Simples,Reta,-22.36918,-42.94877,DEL04-RJ,Risco Médio,Alta
sábado,BR-40,598.9,Plena Noite,Crescente,Nublado,Simples,Curva,-20.42327,-43.8677,DEL05-MG,Risco Médio,Alta
sábado,BR-116,189.3,Pleno dia,Crescente,Nublado,Simples,Curva,-29.41312,-51.12745,DEL05-RS,Risco Médio,Alta
segunda-feira,BR-381,908.0,Pleno dia,Decrescente,Céu Claro,Dupla,Curva,-22.6862,-46.1031,DEL16-MG,Risco Médio,Alta
terça-feira,BR-40,599.0,Pleno dia,Decrescente,Céu Claro,Simples,Reta,-20.42419,-43.8656,DEL05-MG,Risco Médio,Alta
domingo,BR-424,4.5,Plena Noite,Crescente,Céu Claro,Simples,Reta,-8.460993,-37.04337,DEL03-PE,Risco Alto,Baixa
segunda-feira,BR-101,181.3,Plena Noite,Decrescente,Céu Claro,Simples,Reta,-27.38959,-48.63198,DEL01-SC,Risco Médio,Alta
quinta-feira,BR-277,725.3,Pleno dia,Crescente,Céu Claro,Dupla,Reta,-25.50824,-54.5462,DEL05-PR,Risco Baixo,Média
sábado,BR-364,204.0,Plena Noite,Crescente,Nublado,Dupla,Desvio Temporário,-16.46484,-54.65836,DEL02-MT,Risco Médio,Alta
quinta-feira,BR-282,109.8,Anoitecer,Decrescente,Nublado,Simples,Curva,-27.72732,-49.36054,DEL01-SC,Risco Médio,Baixa
sexta-feira,BR-101,84.0,Plena Noite,Crescente,Nublado,Dupla,Desvio Temporário,-5.774175,-35.2578,DEL02-RN,Risco Baixo,Alta
domingo,BR-20,426.0,Pleno dia,Decrescente,Sol,Dupla,Não Informado,-3.863345,-38.5247,DEL01-CE,Risco Médio,Baixa
segunda-feira,BR-116,419.8,Pleno dia,Crescente,Chuva,Dupla,Reta,-12.20625,-38.96537,DEL02-BA,Risco Médio,Alta
domingo,BR-226,42.7,Pleno dia,Decrescente,Nublado,Simples,Reta,-6.728148,-47.76828,DEL02-TO,Risco Médio,Baixa
sexta-feira,BR-381,316.0,Amanhecer,Decrescente,Chuva,Simples,Curva,-19.69896,-42.99487,DEL03-MG,Risco Médio,Alta
quarta-feira,BR-470,143.5,Pleno dia,Crescente,Nublado,Simples,Reta,-27.21058,-49.65185,DEL04-SC,Risco Médio,Baixa
domingo,BR-267,374.3,Pleno dia,Decrescente,Sol,Simples,Reta,-21.65844,-55.23287,DEL05-MS,Risco Médio,Baixa
quarta-feira,BR-277,463.6,Plena Noite,Crescente,Nublado,Simples,Reta,-25.30741,-52.54183,DEL04-PR,Risco Alto,Média
segunda-feira,BR-267,50.9,Plena Noite,Crescente,Nublado,Simples,Não Informado,-21.69577,-42.98279,DEL07-MG,Risco Baixo,Baixa
sábado,BR-393,180.0,Anoitecer,Decrescente,Chuva,Simples,Reta,-22.13161,-43.24326,DEL05-RJ,Risco Baixo,Média
sábado,BR-405,45.6,Pleno dia,Decrescente,Céu Claro,Simples,Reta,-6.826035,-38.40419,DEL03-PB,Risco Médio,Baixa
quinta-feira,BR-110,48.5,Pleno dia,Decrescente,Sol,Dupla,Reta,-5.212524,-37.33155,DEL04-RN,Risco Médio,Baixa
quinta-feira,BR-235,199.5,Pleno dia,Crescente,Garoa/Chuvisco,Simples,Curva,-8.937385,-48.44962,DEL02-TO,Risco Médio,Baixa
terça-feira,BR-101,904.0,Plena Noite,Decrescente,Nublado,Simples,Não Informado,-17.7582,-39.7728,DEL09-BA,Risco Médio,Alta
quarta-feira,BR-116,142.7,Pleno dia,Decrescente,Sol,Dupla,Curva,-29.11727,-51.11521,DEL05-RS,Risco Médio,Alta
segunda-feira,BR-116,146.8,Anoitecer,Decrescente,Céu Claro,Dupla,Desvio Temporário,-23.19327,-45.86752,DEL02-SP,Risco Médio,Alta
quarta-feira,BR-427,98.2,Pleno dia,Crescente,Nublado,Simples,Interseção de vias,-6.464375,-37.09221,DEL03-RN,Risco Baixo,Baixa
sexta-feira,BR-285,357.3,Plena Noite,Crescente,Céu Claro,Simples,Reta,-28.35304,-52.9493,DEL08-RS,Risco Baixo,Baixa
domingo,BR-376,173.0,Pleno dia,Decrescente,Céu Claro,Dupla,Reta,-23.41923,-51.96928,DEL07-PR,Risco Médio,Baixa
quinta-feira,BR-101,94.0,Pleno dia,Crescente,Céu Claro,Dupla,Reta,-5.824996,-35.20964,DEL01-RN,Risco Médio,Alta
domingo,BR-70,18.4,Amanhecer,Decrescente,Céu Claro,Dupla,Reta,-15.79035,-48.21498,DEL01-DF,Risco Médio,Baixa
segunda-feira,BR-101,922.8,Pleno dia,Crescente,Chuva,Simples,Interseção de vias,-17.89511,-39.81904,DEL09-BA,Risco Alto,Alta
segunda-feira,BR-153,78.0,Pleno dia,Crescente,Céu Claro,Simples,Não Informado,-20.90428,-49.46169,DEL09-SP,Risco Médio,Alta
domingo,BR-116,21.0,Pleno dia,Crescente,Céu Claro,Simples,Não Informado,-21.59336,-42.79252,DEL08-BA,Risco Médio,Alta
terça-feira,BR-101,478.0,Pleno dia,Decrescente,Nublado,Simples,Reta,-23.00247,-44.27271,DEL03-RJ,Risco Médio,Alta
sábado,BR-153,55.3,Pleno dia,Decrescente,Nublado,Simples,Não Informado,-20.75322,-49.3426,DEL09-SP,Risco Médio,Alta
segunda-feira,BR-290,588.0,Amanhecer,Crescente,Nublado,Simples,Reta,-29.80999,-55.85669,DEL13-RS,Risco Médio,Baixa
quinta-feira,BR-101,86.7,Pleno dia,Crescente,Céu Claro,Dupla,Curva,-7.145742,-34.92287,DEL01-PB,Risco Médio,Alta
segunda-feira,BR-153,58.0,Plena Noite,Crescente,Nublado,Simples,Não Informado,-18.879,-49.05704,DEL15-MG,Risco Médio,Alta
terça-feira,BR-101,43.0,Plena Noite,Crescente,Céu Claro,Simples,Reta,-21.5724,-41.3235,DEL08-RJ,Risco Baixo,Alta
quinta-feira,BR-158,327.9,Anoitecer,Decrescente,Céu Claro,Simples,Interseção de vias,-29.71495,-53.81083,DEL09-RS,Risco Médio,Baixa
sexta-feira,BR-153,638.5,Pleno dia,Decrescente,Céu Claro,Dupla,Reta,-17.8627,-49.2241,DEL03-GO,Risco Médio,Alta