dia_semana,br,km,fase_dia,sentido_via,condicao_metereologica,tipo_pista,tracado_via,latitude,longitude,delegacia,classificacao_acidente,postos_policiais_PRF
domingo,BR-153,13.0,Pleno dia,Crescente,Céu Claro,Simples,Reta,-12.94594,-49.13414,DEL07-GO,Risco Médio,Alta
domingo,BR-381,496.3,Plena Noite,Decrescente,Céu Claro,Dupla,Reta,-19.97526,-44.19496,DEL01-MG,Risco Médio,Alta
quarta-feira,BR-110,382.0,Plena Noite,Crescente,Céu Claro,Simples,Não Informado,-12.41275,-38.47125,DEL01-BA,Risco Médio,Baixa
sábado,BR-470,3.8,Plena Noite,Crescente,Céu Claro,Simples,Reta,-27.61697,-51.4836,DEL08-RS,Risco Médio,Baixa
sexta-feira,BR-116,183.0,Pleno dia,Crescente,Nublado,Dupla,Reta,-22.7516,-43.4385,DEL01-RJ,Risco Baixo,Alta
terça-feira,BR-277,71.8,Anoitecer,Decrescente,Chuva,Dupla,Reta,-25.5292,-49.08863,DEL01-PR,Risco Médio,Média
quarta-feira,BR-116,763.0,Pleno dia,Decrescente,Céu Claro,Simples,Rotatória,-21.52618,-42.63291,DEL07-MG,Risco Médio,Alta
sábado,BR-470,273.0,Pleno dia,Decrescente,Céu Claro,Simples,Curva,-29.53825,-51.48858,DEL06-RS,Risco Médio,Baixa
terça-feira,BR-277,336.3,Plena Noite,Crescente,Céu Claro,Dupla,Reta,-25.34146,-51.41306,DEL08-PR,Risco Alto,Média
sábado,BR-476,141.3,Pleno dia,Decrescente,Céu Claro,Dupla,Não Informado,-25.53029,-49.29922,DEL01-PR,Risco Médio,Baixa
terça-feira,BR-70,517.0,Plena Noite,Crescente,Céu Claro,Simples,Não Informado,-15.70145,-56.15983,DEL01-MT,Risco Médio,Baixa
sexta-feira,BR-40,74.0,Plena Noite,Decrescente,Chuva,Simples,Reta,-22.47225,-43.22333,DEL06-RJ,Risco Médio,Alta
segunda-feira,BR-285,311.4,Plena Noite,Crescente,Céu Claro,Simples,Reta,-28.23848,-52.5331,DEL08-RS,Risco Médio,Baixa
quarta-feira,BR-267,481.6,Plena Noite,Decrescente,Céu Claro,Dupla,Reta,-21.47874,-56.13899,DEL05-MS,Risco Baixo,Baixa
sexta-feira,BR-222,670.0,Pleno dia,Crescente,Céu Claro,Simples,Reta,-4.939692,-47.46334,DEL04-MA,Risco Baixo,Baixa
domingo,BR-153,510.0,Pleno dia,Decrescente,Céu Claro,Múltipla,Reta,-16.7977,-49.2386,DEL01-GO,Risco Médio,Alta
sexta-feira,BR-163,588.1,Anoitecer,Crescente,Chuva,Simples,Reta,-14.01403,-56.09918,DEL01-MT,Risco Médio,Alta
segunda-feira,BR-174,337.0,Pleno dia,Decrescente,Céu Claro,Simples,Reta,-14.82585,-59.32097,DEL04-MT,Risco Médio,Baixa
sexta-feira,BR-60,166.0,Pleno dia,Crescente,Céu Claro,Dupla,Reta,-16.7129,-49.358,DEL01-GO,Risco Médio,Média
terça-feira,BR-364,237.1,Pleno dia,Crescente,Chuva,Simples,Reta,-11.44341,-61.44673,DEL02-RO,Risco Baixo,Alta
sexta-feira,BR-282,23.5,Pleno dia,Decrescente,Nublado,Simples,Reta,-27.68796,-48.73679,DEL01-SC,Risco Baixo,Baixa
terça-feira,BR-101,72.8,Anoitecer,Crescente,Céu Claro,Múltipla,Retorno Regulamentado,-7.079423,-34.98654,DEL01-PB,Risco Médio,Alta
domingo,BR-272,367.3,Pleno dia,Crescente,Céu Claro,Dupla,Não Informado,-24.05064,-52.4017,DEL04-PR,Risco Médio,Baixa
domingo,BR-116,195.9,Plena Noite,Decrescente,Céu Claro,Simples,Curva,-29.46517,-51.14805,DEL05-RS,Risco Baixo,Alta
quarta-feira,BR-277,728.9,Pleno dia,Decrescente,Céu Claro,Dupla,Reta,-25.50976,-54.57387,DEL05-PR,Risco Médio,Média
sexta-feira,BR-267,171.0,Anoitecer,Decrescente,Chuva,Simples,Reta,-21.86295,-43.87592,DEL05-MG,Risco Médio,Baixa
sexta-feira,BR-116,282.8,Plena Noite,Crescente,Nublado,Dupla,Reta,-23.66622,-46.85489,DEL04-SP,Risco Baixo,Alta
terça-feira,BR-280,262.0,Pleno dia,Crescente,Céu Claro,Simples,Reta,-26.18575,-53.07715,DEL02-PR,Risco Médio,Baixa
sábado,BR-116,835.0,Plena Noite,Decrescente,Nublado,Simples,Reta,-14.95019,-40.89929,DEL08-BA,Risco Baixo,Alta
terça-feira,BR-277,234.0,Pleno dia,Crescente,Nublado,Simples,Interseção de vias,-25.46484,-50.57454,DEL03-PR,Risco Médio,Média
quinta-feira,BR-116,115.0,Plena Noite,Crescente,Céu Claro,Dupla,Reta,-25.55953,-49.2656,DEL01-PR,Risco Médio,Alta
segunda-feira,BR-324,520.0,Pleno dia,Decrescente,Céu Claro,Dupla,Reta,-12.28356,-38.92037,DEL01-BA,Risco Médio,Baixa
sábado,BR-116,225.0,Pleno dia,Crescente,Sol,Simples,Reta,-10.50794,-39.01615,DEL07-BA,Risco Médio,Alta
sábado,BR-40,700.3,Plena Noite,Crescente,Céu Claro,Simples,Curva,-21.17761,-43.75627,DEL05-MG,Risco Médio,Alta
quarta-feira,BR-356,27.0,Pleno dia,Decrescente,Céu Claro,Simples,Reta,-21.18163,-41.94542,DEL08-RJ,Risco Médio,Baixa
sexta-feira,BR-135,167.8,Pleno dia,Crescente,Céu Claro,Simples,Reta,-3.904813,-44.48042,DEL01-MA,Risco Médio,Baixa
quinta-feira,BR-101,122.5,Amanhecer,Crescente,Chuva,Dupla,Reta,-26.9366,-48.6987,DEL04-SC,Risco Baixo,Alta
sábado,BR-101,103.9,Pleno dia,Crescente,Céu Claro,Dupla,Curva,-10.956,-37.22267,DEL02-SE,Risco Médio,Alta
sexta-feira,BR-101,138.0,Pleno dia,Crescente,Sol,Simples,Reta,-27.0238,-48.6077,DEL04-SC,Risco Médio,Alta
domingo,BR-232,110.0,Pleno dia,Crescente,Nublado,Dupla,Curva,-8.26199,-35.78893,DEL02-PE,Risco Médio,Baixa
quinta-feira,BR-101,269.9,Pleno dia,Crescente,Céu Claro,Dupla,Reta,-20.22413,-40.27026,DEL02-ES,Risco Médio,Alta
quinta-feira,BR-290,102.0,Pleno dia,Crescente,Céu Claro,Simples,Reta,-29.99343,-51.22075,DEL02-RS,Risco Médio,Baixa
terça-feira,BR-290,96.0,Pleno dia,Decrescente,Céu Claro,Dupla,Reta,-29.99202,-51.20398,DEL01-RS,Risco Baixo,Baixa
domingo,BR-146,538.2,Plena Noite,Decrescente,Chuva,Simples,Reta,-21.35442,-46.53244,DEL16-MG,Risco Médio,Baixa
domingo,BR-381,481.1,Amanhecer,Decrescente,Chuva,Simples,Reta,-19.95845,-44.06166,DEL01-MG,Risco Médio,Alta
quinta-feira,BR-116,179.9,Plena Noite,Crescente,Céu Claro,Dupla,Reta,-23.33513,-46.14294,DEL02-SP,Risco Alto,Alta
sábado,BR-116,211.5,Pleno dia,Crescente,Sol,Múltipla,Reta,-23.4355,-46.42746,DEL01-SP,Risco Médio,Alta
segunda-feira,BR-163,598.5,Pleno dia,Decrescente,Céu Claro,Dupla,Reta,-13.92549,-56.09416,DEL01-MT,Risco Médio,Alta
quinta-feira,BR-10,197.4,Pleno dia,Crescente,Céu Claro,Simples,Reta,-5.99197,-47.38325,DEL04-MA,Risco Baixo,Baixa
quinta-feira,BR-495,15.0,Pleno dia,Crescente,Céu Claro,Simples,Curva,-22.41893,-43.05574,DEL06-RJ,Risco Médio,Baixa
terça-feira,BR-116,115.0,Pleno dia,Decrescente,Céu Claro,Múltipla,Reta,-25.55096,-49.30475,DEL01-PR,Risco Médio,Alta
segunda-feira,BR-174,5.0,Pleno dia,Decrescente,Céu Claro,Dupla,Desvio Temporário,2.813252,-60.69233,DEL01-RR,Risco Médio,Baixa
sexta-feira,BR-116,117.5,Plena Noite,Decrescente,Nublado,Dupla,Curva,-25.5613,-49.3078,DEL01-PR,Risco Médio,Alta
segunda-feira,BR-50,102.0,Plena Noite,Crescente,Céu Claro,Dupla,Reta,-16.9309,-47.7117,DEL01-DF,Risco Médio,Média
segunda-feira,BR-381,660.9,Pleno dia,Decrescente,Céu Claro,Dupla,Não Informado,-21.01265,-44.98507,DEL04-MG,Risco Baixo,Alta
terça-feira,BR-101,79.9,Pleno dia,Crescente,Céu Claro,Dupla,Reta,-8.143661,-34.94723,DEL01-PE,Risco Baixo,Alta
quinta-feira,BR-158,323.0,Pleno dia,Decrescente,Nublado,Dupla,Interseção de vias,-29.69557,-53.78022,DEL09-RS,Risco Baixo,Baixa
sexta-feira,BR-290,52.0,Pleno dia,Decrescente,Nublado,Dupla,Reta,-29.9116,-50.7774,DEL03-RS,Risco Médio,Baixa
quinta-feira,BR-376,191.7,Plena Noite,Decrescente,Nublado,Dupla,Retorno Regulamentado,-23.48496,-51.82027,DEL09-PR,Risco Médio,Baixa
sexta-feira,BR-116,87.0,Plena Noite,Crescente,Nublado,Dupla,Reta,-22.93065,-45.36166,DEL06-SP,Risco Baixo,Alta
domingo,BR-101,325.0,Pleno dia,Decrescente,Céu Claro,Dupla,Não Informado,-22.87293,-43.13626,DEL02-RJ,Risco Médio,Alta
sexta-feira,BR-364,578.5,Pleno dia,Crescente,Sol,Simples,Curva,-9.411045,-63.12309,DEL03-RO,Risco Baixo,Alta
segunda-feira,BR-277,83.5,Plena Noite,Decrescente,Nublado,Dupla,Reta,-25.56894,-49.18198,DEL01-PR,Risco Médio,Média
terça-feira,BR-116,704.5,Pleno dia,Crescente,Céu Claro,Simples,Interseção de vias,-21.12464,-42.3816,DEL07-MG,Risco Médio,Alta
quarta-feira,BR-101,66.0,Plena Noite,Crescente,Nublado,Simples,Rotatória,-21.7609,-41.34789,DEL08-RJ,Risco Médio,Alta
quarta-feira,BR-116,776.0,Anoitecer,Decrescente,Céu Claro,Simples,Curva,-21.57965,-42.68382,DEL07-MG,Risco Médio,Alta
sexta-feira,BR-80,31.8,Anoitecer,Crescente,Chuva,Simples,Não Informado,-15.58047,-48.18481,DEL01-DF,Risco Médio,Baixa
segunda-feira,BR-324,623.0,Pleno dia,Decrescente,Céu Claro,Múltipla,Reta,-12.93848,-38.47273,DEL01-BA,Risco Médio,Baixa
domingo,BR-414,329.4,Plena Noite,Crescente,Céu Claro,Simples,Curva,-15.46332,-48.61343,DEL02-GO,Risco Médio,Baixa
sexta-feira,BR-282,0.8,Pleno dia,Decrescente,Céu Claro,Múltipla,Reta,-27.59845,-48.572,DEL01-SC,Risco Médio,Baixa
domingo,BR-60,380.0,Plena Noite,Crescente,Céu Claro,Dupla,Reta,-17.7646,-50.8822,DEL04-GO,Risco Médio,Média
quinta-feira,BR-364,354.6,Pleno dia,Decrescente,Céu Claro,Simples,Reta,-10.8182,-62.017,DEL02-RO,Risco Baixo,Alta
segunda-feira,BR-101,947.1,Pleno dia,Decrescente,Nublado,Simples,Não Informado,-18.1018,-39.88913,DEL09-BA,Risco Baixo,Alta
segunda-feira,BR-230,481.0,Pleno dia,Crescente,Sol,Simples,Reta,-7.999914,-61.99447,DEL01-AM,Risco Alto,Baixa
sábado,BR-364,273.0,Plena Noite,Crescente,Ignorado,Dupla,Reta,-15.96078,-54.96773,DEL05-MT,Risco Médio,Alta
segunda-feira,BR-50,70.0,Plena Noite,Decrescente,Céu Claro,Dupla,Reta,-18.89155,-48.25461,DEL15-MG,Risco Médio,Média
segunda-feira,BR-110,2.0,Pleno dia,Decrescente,Céu Claro,Simples,Rotatória,-9.438182,-38.2044,DEL07-BA,Risco Baixo,Baixa
segunda-feira,BR-304,296.0,Plena Noite,Crescente,Nublado,Simples,Reta,-5.865844,-35.35719,DEL01-RN,Risco Médio,Baixa
sábado,BR-364,515.0,Pleno dia,Decrescente,Céu Claro,Simples,Reta,-15.64221,-56.15868,DEL01-MT,Risco Médio,Alta
sexta-feira,BR-163,11.0,Plena Noite,Decrescente,Céu Claro,Simples,Reta,-23.96873,-54.32871,DEL09-MS,Risco Médio,Alta
quarta-feira,BR-101,204.0,Plena Noite,Decrescente,Chuva,Simples,Reta,-27.57413,-48.61363,DEL01-SC,Risco Médio,Alta
quinta-feira,BR-101,47.0,Anoitecer,Crescente,Céu Claro,Simples,Reta,-21.45975,-41.33725,DEL08-RJ,Risco Médio,Alta
quarta-feira,BR-70,581.0,Plena Noite,Decrescente,Céu Claro,Simples,Reta,-15.75533,-56.57603,DEL03-MT,Risco Baixo,Baixa
sexta-feira,BR-101,263.5,Pleno dia,Crescente,Sol,Dupla,Reta,-20.16555,-40.27302,DEL02-ES,Risco Médio,Alta
domingo,BR-20,414.6,Plena Noite,Crescente,Chuva,Simples,Rotatória,-3.76999,-38.67006,DEL01-CE,Risco Médio,Baixa
quinta-feira,BR-116,270.2,Pleno dia,Decrescente,Céu Claro,Múltipla,Reta,-23.61005,-46.77096,DEL04-SP,Risco Médio,Alta
sábado,BR-280,227.0,Plena Noite,Decrescente,Céu Claro,Simples,Ponte,-26.18194,-50.32832,DEL06-SC,Risco Médio,Baixa
domingo,BR-364,265.0,Pleno dia,Decrescente,Sol,Simples,Reta,-16.0044,-54.92002,DEL02-MT,Risco Alto,Alta
quarta-feira,BR-40,119.0,Pleno dia,Decrescente,Sol,Múltipla,Reta,-22.76376,-43.28683,DEL01-RJ,Risco Baixo,Alta
quarta-feira,BR-153,62.1,Plena Noite,Crescente,Céu Claro,Dupla,Reta,-20.81325,-49.35676,DEL09-SP,Risco Médio,Alta
sábado,BR-232,180.3,Amanhecer,Crescente,Nublado,Simples,Reta,-8.344424,-36.42883,DEL02-PE,Risco Baixo,Baixa
sábado,BR-153,523.1,Amanhecer,Decrescente,Céu Claro,Dupla,Reta,-16.9113,-49.2534,DEL01-GO,Risco Baixo,Alta
quinta-feira,BR-101,74.0,Pleno dia,Decrescente,Céu Claro,Simples,Reta,-21.80723,-41.39734,DEL08-RJ,Risco Médio,Alta
domingo,BR-381,532.0,Pleno dia,Crescente,Nublado,Dupla,Curva,-20.1642,-44.3666,DEL04-MG,Risco Baixo,Alta
segunda-feira,BR-116,488.0,Pleno dia,Decrescente,Céu Claro,Dupla,Curva,-24.73098,-48.09816,DEL05-SP,Risco Baixo,Alta
quarta-feira,BR-381,541.8,Plena Noite,Decrescente,Céu Claro,Dupla,Não Informado,-20.23704,-44.41008,DEL04-MG,Risco Médio,Alta
domingo,BR-116,543.0,Anoitecer,Decrescente,Céu Claro,Simples,Reta,-19.91185,-42.13503,DEL06-MG,Risco Médio,Alta
quinta-feira,BR-116,416.5,Plena Noite,Crescente,Céu Claro,Simples,Reta,-12.16836,-38.96499,DEL02-BA,Risco Baixo,Alta
domingo,BR-222,314.0,Plena Noite,Decrescente,Céu Claro,Simples,Não Informado,-3.743804,-41.00859,DEL04-CE,Risco Médio,Baixa
domingo,BR-290,88.0,Pleno dia,Crescente,Céu Claro,Dupla,Reta,-29.96753,-51.13726,DEL01-RS,Risco Médio,Baixa
terça-feira,BR-324,450.0,Amanhecer,Crescente,Céu Claro,Simples,Reta,-11.8759,-39.30512,DEL02-BA,Risco Alto,Baixa
terça-feira,BR-343,307.7,Plena Noite,Decrescente,Chuva,Simples,Reta,-5.039802,-42.45952,DEL01-PI,Risco Médio,Baixa
segunda-feira,BR-40,4.6,Plena Noite,Decrescente,Céu Claro,Dupla,Reta,-16.01817,-47.98118,DEL01-DF,Risco Médio,Alta
quinta-feira,BR-423,8.4,Plena Noite,Decrescente,Céu Claro,Simples,Interseção de vias,-9.144331,-37.36398,DEL03-AL,Risco Médio,Baixa
sábado,BR-222,377.0,Plena Noite,Decrescente,Céu Claro,Dupla,Reta,-3.875216,-45.55618,DEL02-MA,Risco Alto,Baixa
sábado,BR-101,66.6,Pleno dia,Crescente,Nublado,Dupla,Rotatória,-21.76559,-41.34657,DEL08-RJ,Risco Médio,Alta
sábado,BR-101,349.0,Plena Noite,Decrescente,Céu Claro,Simples,Reta,-13.65199,-39.48589,DEL05-BA,Risco Médio,Alta
terça-feira,BR-116,58.5,Plena Noite,Crescente,Céu Claro,Dupla,Retorno Regulamentado,-22.77748,-45.14267,DEL08-SP,Risco Médio,Alta
domingo,BR-470,224.3,Pleno dia,Decrescente,Chuva,Simples,Curva,-27.32696,-50.3422,DEL05-SC,Risco Médio,Baixa
quinta-feira,BR-282,526.9,Plena Noite,Crescente,Céu Claro,Simples,Curva,-26.97119,-52.5819,DEL07-SC,Risco Médio,Baixa
sábado,BR-242,861.0,Pleno dia,Crescente,Chuva,Simples,Reta,-12.09458,-45.38824,DEL10-BA,Risco Médio,Baixa
sexta-feira,BR-40,40.0,Pleno dia,Decrescente,Céu Claro,Simples,Reta,-22.23902,-43.10808,DEL06-RJ,Risco Médio,Alta
terça-feira,BR-101,54.9,Plena Noite,Decrescente,Chuva,Dupla,Reta,-7.939611,-34.90357,DEL01-PE,Risco Médio,Alta
domingo,BR-242,400.0,Plena Noite,Crescente,Céu Claro,Simples,Curva,-12.47134,-41.69102,DEL06-BA,Risco Médio,Baixa
sexta-feira,BR-116,3.0,Pleno dia,Decrescente,Nublado,Dupla,Curva,-3.7874,-38.5109,DEL01-CE,Risco Médio,Alta
sexta-feira,BR-365,92.2,Pleno dia,Crescente,Chuva,Simples,Reta,-17.21605,-44.45299,DEL12-MG,Risco Médio,Média
terça-feira,BR-116,3.5,Plena Noite,Crescente,Chuva,Dupla,Reta,-22.52383,-44.72622,DEL08-SP,Risco Médio,Alta
sábado,BR-60,99.4,Amanhecer,Decrescente,Nublado,Dupla,Curva,-16.39466,-48.96176,DEL02-GO,Risco Médio,Média
sábado,BR-222,22.0,Pleno dia,Decrescente,Nublado,Simples,Reta,-3.733423,-38.75084,DEL01-CE,Risco Baixo,Baixa
quinta-feira,BR-393,240.3,Anoitecer,Crescente,Céu Claro,Simples,Curva,-22.41456,-43.67662,DEL05-RJ,Risco Alto,Média
sexta-feira,BR-116,511.1,Amanhecer,Crescente,Nublado,Simples,Não Informado,-24.83558,-48.22237,DEL05-SP,Risco Médio,Alta
domingo,BR-262,526.3,Plena Noite,Crescente,Céu Claro,Simples,Não Informado,-19.78237,-45.67644,DEL08-MG,Risco Baixo,Média
quarta-feira,BR-316,13.0,Anoitecer,Crescente,Céu Claro,Simples,Reta,-5.044685,-42.76623,DEL01-PI,Risco Médio,Baixa
sexta-feira,BR-101,557.0,Plena Noite,Crescente,Chuva,Simples,Curva,-15.32683,-39.50062,DEL05-BA,Risco Baixo,Alta
quarta-feira,BR-424,86.0,Pleno dia,Decrescente,Nublado,Simples,Não Informado,-8.869644,-36.50827,DEL03-PE,Risco Alto,Baixa
quinta-feira,BR-153,132.7,Amanhecer,Decrescente,Céu Claro,Simples,Reta,-24.02185,-50.25026,DEL07-PR,Risco Alto,Alta
terça-feira,BR-153,106.6,Anoitecer,Decrescente,Céu Claro,Simples,Curva,-27.29546,-51.97764,DEL07-SC,Risco Médio,Alta
segunda-feira,BR-116,164.0,Plena Noite,Crescente,Céu Claro,Múltipla,Reta,-22.81074,-43.28844,DEL01-RJ,Risco Médio,Alta
sábado,BR-262,161.5,Plena Noite,Crescente,Céu Claro,Simples,Reta,-20.2351,-41.5249,DEL01-ES,Risco Médio,Média
domingo,BR-101,236.0,Plena Noite,Crescente,Céu Claro,Simples,Reta,-19.98435,-40.41371,DEL02-ES,Risco Médio,Alta
domingo,BR-153,413.1,Pleno dia,Decrescente,Garoa/Chuvisco,Dupla,Curva,-9.523778,-48.5923,DEL01-TO,Risco Médio,Alta
sábado,BR-277,688.0,Plena Noite,Decrescente,Céu Claro,Dupla,Não Informado,-25.34525,-54.23409,DEL05-PR,Risco Médio,Média
sábado,BR-135,274.0,Pleno dia,Crescente,Céu Claro,Simples,Não Informado,-8.5432,-43.942,DEL03-PI,Risco Médio,Baixa
sexta-feira,BR-101,328.0,Pleno dia,Crescente,Céu Claro,Dupla,Desvio Temporário,-22.87027,-43.16594,DEL02-RJ,Risco Médio,Alta
segunda-feira,BR-381,760.1,Pleno dia,Decrescente,Céu Claro,Dupla,Reta,-21.72401,-45.38148,DEL16-MG,Risco Médio,Alta
domingo,BR-153,20.0,Pleno dia,Crescente,Chuva,Dupla,Reta,-18.59688,-49.19243,DEL15-MG,Risco Médio,Alta
terça-feira,BR-262,385.8,Pleno dia,Crescente,Sol,Múltipla,Curva,-19.93753,-44.43008,DEL01-MG,Risco Médio,Média
domingo,BR-262,389.0,Plena Noite,Crescente,Céu Claro,Múltipla,Reta,-19.93731,-44.45267,DEL01-MG,Risco Baixo,Média
segunda-feira,BR-116,222.0,Plena Noite,Decrescente,Nublado,Múltipla,Reta,-23.47093,-46.51631,DEL01-SP,Risco Médio,Alta
segunda-feira,BR-40,768.9,Plena Noite,Crescente,Nevoeiro/Neblina,Simples,Reta,-21.5824,-43.46596,DEL05-MG,Risco Médio,Alta
domingo,BR-116,324.0,Pleno dia,Decrescente,Céu Claro,Dupla,Não Informado,-22.49106,-44.56184,DEL07-RJ,Risco Médio,Alta
domingo,BR-20,361.0,Plena Noite,Crescente,Céu Claro,Simples,Desvio Temporário,-4.0,-39.0,DEL02-CE,Risco Médio,Baixa
segunda-feira,BR-101,298.0,Pleno dia,Crescente,Céu Claro,Dupla,Viaduto,-22.7714,-42.92896,DEL02-RJ,Risco Médio,Alta
sexta-feira,BR-163,770.0,Pleno dia,Crescente,Nevoeiro/Neblina,Simples,Reta,-12.52146,-55.70016,DEL06-MT,Risco Médio,Alta
quinta-feira,BR-153,9.1,Plena Noite,Decrescente,Céu Claro,Dupla,Retorno Regulamentado,-18.49822,-49.18899,DEL15-MG,Risco Médio,Alta
terça-feira,BR-135,393.0,Plena Noite,Decrescente,Céu Claro,Simples,Reta,-9.3466,-44.5435,DEL03-PI,Risco Médio,Baixa
sábado,BR-104,145.0,Plena Noite,Crescente,Céu Claro,Simples,Reta,-7.458135,-35.91877,DEL02-PB,Risco Médio,Baixa
quinta-feira,BR-381,595.0,Plena Noite,Crescente,Céu Claro,Dupla,Reta,-20.5749,-44.6826,DEL04-MG,Risco Médio,Alta
quinta-feira,BR-376,215.9,Pleno dia,Decrescente,Chuva,Simples,Não Informado,-23.58946,-51.64548,DEL09-PR,Risco Baixo,Baixa
quarta-feira,BR-153,659.0,Pleno dia,Decrescente,Nublado,Dupla,Não Informado,-18.0447,-49.26763,DEL03-GO,Risco Baixo,Alta
quinta-feira,BR-324,622.0,Pleno dia,Decrescente,Nublado,Dupla,Reta,-12.91889,-38.46502,DEL01-BA,Risco Médio,Baixa
sábado,BR-101,131.0,Pleno dia,Crescente,Céu Claro,Dupla,Interseção de vias,-26.99064,-48.66311,DEL04-SC,Risco Médio,Alta
domingo,BR-116,287.0,Anoitecer,Decrescente,Garoa/Chuvisco,Dupla,Reta,-23.69977,-46.8675,DEL04-SP,Risco Médio,Alta
terça-feira,BR-116,134.9,Pleno dia,Decrescente,Céu Claro,Simples,Não Informado,-25.71826,-49.31808,DEL01-PR,Risco Médio,Alta
sexta-feira,BR-472,148.9,Plena Noite,Crescente,Nublado,Simples,Curva,-27.79221,-54.38995,DEL10-RS,Risco Alto,Baixa
sábado,BR-262,382.0,Amanhecer,Crescente,Garoa/Chuvisco,Dupla,Curva,-19.93698,-44.44785,DEL01-MG,Risco Baixo,Média
sábado,BR-316,251.0,Pleno dia,Crescente,Céu Claro,Dupla,Não Informado,-9.563696,-35.97112,DEL01-AL,Risco Médio,Baixa
sábado,BR-280,285.0,Pleno dia,Crescente,Sol,Simples,Reta,-26.2399,-53.2479,DEL02-PR,Risco Baixo,Baixa
terça-feira,BR-40,3.0,Plena Noite,Decrescente,Céu Claro,Dupla,Reta,-16.07608,-47.98567,DEL01-DF,Risco Baixo,Alta
quinta-feira,BR-230,111.0,Pleno dia,Decrescente,Ignorado,Simples,Reta,-5.3699,-49.0459,DEL03-PA,Risco Médio,Baixa
domingo,BR-364,11.2,Plena Noite,Decrescente,Ignorado,Simples,Curva,-12.74606,-60.1127,DEL04-RO,Risco Médio,Alta
quarta-feira,BR-277,25.0,Pleno dia,Crescente,Céu Claro,Dupla,Reta,-25.55959,-48.65244,DEL01-PR,Risco Baixo,Média
quarta-feira,BR-101,88.1,Pleno dia,Crescente,Céu Claro,Dupla,Reta,-26.64254,-48.68951,DEL03-SC,Risco Médio,Alta
terça-feira,BR-376,357.2,Pleno dia,Decrescente,Chuva,Simples,Reta,-24.25267,-50.90127,DEL03-PR,Risco Médio,Baixa
sexta-feira,BR-277,442.6,Pleno dia,Crescente,Céu Claro,Simples,Curva,-25.37052,-52.30706,DEL04-PR,Risco Médio,Média
domingo,BR-101,199.0,Pleno dia,Decrescente,Chuva,Dupla,Reta,-27.53414,-48.63003,DEL01-SC,Risco Médio,Alta
quarta-feira,BR-235,20.1,Pleno dia,Crescente,Sol,Simples,Não Informado,-10.19986,-37.86803,DEL01-SE,Risco Médio,Baixa
quinta-feira,BR-386,335.0,Pleno dia,Decrescente,Chuva,Dupla,Não Informado,-29.38553,-52.05277,DEL04-RS,Risco Médio,Média
quarta-feira,BR-50,249.8,Plena Noite,Crescente,Céu Claro,Simples,Reta,-17.959,-47.7944,DEL06-GO,Risco Médio,Média
quarta-feira,BR-163,288.0,Amanhecer,Decrescente,Nublado,Dupla,Curva,-24.55144,-54.0412,DEL06-PR,Risco Médio,Alta
segunda-feira,BR-116,2.0,Pleno dia,Decrescente,Céu Claro,Simples,Rotatória,-21.87949,-42.68105,DEL04-RJ,Risco Médio,Alta
segunda-feira,BR-381,676.0,Pleno dia,Crescente,Céu Claro,Simples,Não Informado,-21.1029,-45.0881,DEL04-MG,Risco Médio,Alta
segunda-feira,BR-476,7.9,Pleno dia,Crescente,Chuva,Simples,Curva,-24.70049,-49.01163,DEL01-PR,Risco Médio,Baixa
quarta-feira,BR-40,533.0,Pleno dia,Crescente,Céu Claro,Simples,Curva,-19.90159,-44.04371,DEL01-MG,Risco Médio,Alta
terça-feira,BR-267,461.8,Plena Noite,Decrescente,Céu Claro,Simples,Reta,-21.42438,-55.97359,DEL05-MS,Risco Alto,Baixa
segunda-feira,BR-232,22.3,Pleno dia,Crescente,Céu Claro,Dupla,Reta,-8.097586,-35.09104,DEL01-PE,Risco Médio,Baixa
sábado,BR-116,25.0,Plena Noite,Decrescente,Nublado,Simples,Curva,-14.85997,-40.79909,DEL08-BA,Risco Alto,Alta
segunda-feira,BR-116,289.2,Plena Noite,Decrescente,Garoa/Chuvisco,Simples,Reta,-5.765492,-38.52274,DEL05-CE,Risco Médio,Alta
sexta-feira,BR-163,953.0,Plena Noite,Decrescente,Ignorado,Simples,Reta,-2.782566,-54.90023,DEL05-PA,Risco Médio,Alta
terça-feira,BR-116,292.0,Amanhecer,Decrescente,Nublado,Dupla,Curva,-23.74582,-46.90003,DEL04-SP,Risco Médio,Alta
domingo,BR-364,443.0,Amanhecer,Crescente,Céu Claro,Simples,Reta,-15.64036,-56.20203,DEL01-MT,Risco Médio,Alta
sexta-feira,BR-287,406.0,Pleno dia,Decrescente,Chuva,Simples,Reta,-29.1154,-54.9101,DEL12-RS,Risco Médio,Baixa
domingo,BR-101,364.0,Plena Noite,Decrescente,Céu Claro,Dupla,Reta,-28.68569,-49.15309,DEL02-SC,Risco Médio,Alta
terça-feira,BR-369,147.0,Plena Noite,Decrescente,Céu Claro,Dupla,Não Informado,-23.29308,-51.14297,DEL07-PR,Risco Médio,Baixa
sábado,BR-316,2.7,Plena Noite,Crescente,Ignorado,Múltipla,Reta,-5.131186,-42.79169,DEL01-PI,Risco Baixo,Baixa
terça-feira,BR-280,73.3,Plena Noite,Decrescente,Nublado,Simples,Reta,-26.45917,-49.15245,DEL03-SC,Risco Médio,Baixa
quinta-feira,BR-116,498.0,Pleno dia,Crescente,Garoa/Chuvisco,Simples,Reta,-24.77566,-48.17083,DEL05-SP,Risco Médio,Alta