dia_semana,br,km,fase_dia,sentido_via,condicao_metereologica,tipo_pista,tracado_via,latitude,longitude,delegacia,classificacao_acidente,postos_policiais_PRF
sábado,BR-476,141.7,Pleno dia,Decrescente,Sol,Dupla,Não Informado,-25.534,-49.30058,DEL01-PR,Risco Baixo,Baixa
segunda-feira,BR-376,592.0,Pleno dia,Decrescente,Chuva,Dupla,Reta,-25.46834,-49.35525,DEL01-PR,Risco Médio,Baixa
sexta-feira,BR-135,0.6,Pleno dia,Crescente,Sol,Dupla,Reta,-2.580456,-44.24195,DEL01-MA,Risco Médio,Baixa
terça-feira,BR-101,1.3,Pleno dia,Decrescente,Chuva,Simples,Viaduto,-29.30763,-49.77276,DEL03-RS,Risco Médio,Alta
sexta-feira,BR-376,167.0,Pleno dia,Crescente,Céu Claro,Dupla,Reta,-23.40979,-51.98745,DEL07-PR,Risco Médio,Baixa
terça-feira,BR-10,11.0,Pleno dia,Crescente,Chuva,Simples,Curva,-4.338794,-47.53643,DEL02-PA,Risco Baixo,Baixa
segunda-feira,BR-101,122.8,Pleno dia,Crescente,Céu Claro,Dupla,Reta,-7.450382,-34.97994,DEL01-PB,Risco Baixo,Alta
sexta-feira,BR-277,351.2,Amanhecer,Crescente,Nublado,Simples,Reta,-25.39622,-51.53219,DEL08-PR,Risco Médio,Média
sexta-feira,BR-158,539.0,Pleno dia,Crescente,Céu Claro,Simples,Reta,-26.26663,-52.71008,DEL02-PR,Risco Médio,Baixa
segunda-feira,BR-101,208.2,Pleno dia,Decrescente,Nublado,Dupla,Reta,-27.60328,-48.63202,DEL01-SC,Risco Baixo,Alta
sexta-feira,BR-376,177.0,Pleno dia,Crescente,Céu Claro,Dupla,Reta,-23.41269,-51.93158,DEL07-PR,Risco Médio,Baixa
segunda-feira,BR-163,840.0,Pleno dia,Crescente,Céu Claro,Simples,Reta,-11.79969,-55.47917,DEL06-MT,Risco Médio,Alta
sexta-feira,BR-364,199.0,Plena Noite,Crescente,Ignorado,Dupla,Reta,-16.50117,-54.63072,DEL02-MT,Risco Baixo,Alta
domingo,BR-116,147.2,Plena Noite,Decrescente,Nublado,Simples,Reta,-25.79054,-49.32744,DEL01-PR,Risco Médio,Alta
terça-feira,BR-163,263.0,Pleno dia,Crescente,Céu Claro,Dupla,Rotatória,-22.23203,-54.74786,DEL04-MS,Risco Médio,Alta
quinta-feira,BR-280,72.0,Plena Noite,Crescente,Ignorado,Simples,Reta,-26.45891,-49.15855,DEL03-SC,Risco Médio,Baixa
terça-feira,BR-70,376.0,Plena Noite,Decrescente,Nublado,Simples,Reta,-15.917,-51.4133,DEL04-GO,Risco Médio,Baixa
sábado,BR-282,34.9,Plena Noite,Decrescente,Céu Claro,Simples,Curva,-27.70425,-48.81755,DEL01-SC,Risco Baixo,Baixa
domingo,BR-60,4.5,Pleno dia,Crescente,Céu Claro,Dupla,Reta,-15.89342,-48.0971,DEL01-DF,Risco Médio,Média
domingo,BR-381,846.5,Pleno dia,Decrescente,Sol,Dupla,Reta,-22.24429,-45.88357,DEL16-MG,Risco Médio,Alta
quarta-feira,BR-101,96.9,Pleno dia,Decrescente,Sol,Dupla,Reta,-5.849496,-35.20891,DEL01-RN,Risco Baixo,Alta
sábado,BR-423,132.0,Plena Noite,Crescente,Céu Claro,Simples,Não Informado,-8.961248,-36.7324,DEL03-PE,Risco Alto,Baixa
segunda-feira,BR-285,76.4,Pleno dia,Crescente,Céu Claro,Simples,Curva,-28.64162,-50.56379,DEL05-RS,Risco Médio,Baixa
domingo,BR-262,4.0,Pleno dia,Crescente,Nublado,Simples,Rotatória,-20.33537,-40.37565,DEL01-ES,Risco Médio,Média
domingo,BR-116,221.0,Plena Noite,Crescente,Nublado,Múltipla,Reta,-23.46802,-46.50705,DEL01-SP,Risco Baixo,Alta
terça-feira,BR-467,112.0,Pleno dia,Decrescente,Céu Claro,Dupla,Viaduto,-24.93342,-53.43355,DEL04-PR,Risco Médio,Baixa
quarta-feira,BR-262,127.4,Pleno dia,Decrescente,Céu Claro,Simples,Curva,-20.17541,-42.6966,DEL03-MG,Risco Médio,Média
sexta-feira,BR-135,4.3,Pleno dia,Crescente,Céu Claro,Dupla,Reta,-2.614249,-44.25257,DEL01-MA,Risco Médio,Baixa
sábado,BR-381,352.0,Pleno dia,Decrescente,Céu Claro,Simples,Curva,-19.85815,-43.1231,DEL03-MG,Risco Médio,Alta
sexta-feira,BR-101,33.0,Pleno dia,Crescente,Céu Claro,Simples,Não Informado,-26.25709,-48.90633,DEL03-SC,Risco Médio,Alta
domingo,BR-290,112.9,Pleno dia,Crescente,Sol,Simples,Curva,-30.04413,-51.33636,DEL02-RS,Risco Médio,Baixa
segunda-feira,BR-116,833.3,Pleno dia,Decrescente,Céu Claro,Simples,Reta,-14.93586,-40.89045,DEL08-BA,Risco Baixo,Alta
sábado,BR-407,176.0,Plena Noite,Crescente,Garoa/Chuvisco,Simples,Reta,-10.86322,-40.13394,DEL04-BA,Risco Médio,Baixa
segunda-feira,BR-101,71.0,Pleno dia,Crescente,Céu Claro,Simples,Reta,-18.75351,-39.8626,DEL04-ES,Risco Médio,Alta
domingo,BR-101,31.5,Plena Noite,Decrescente,Céu Claro,Simples,Não Informado,-10.45377,-36.94004,DEL02-SE,Risco Baixo,Alta
quinta-feira,BR-251,516.0,Pleno dia,Crescente,Ignorado,Simples,Não Informado,-16.66056,-43.75217,DEL12-MG,Risco Médio,Baixa
sexta-feira,BR-101,324.0,Plena Noite,Decrescente,Céu Claro,Simples,Desvio Temporário,-13.42729,-39.41763,DEL05-BA,Risco Médio,Alta
sexta-feira,BR-304,24.2,Pleno dia,Crescente,Céu Claro,Simples,Rotatória,-5.064882,-37.33287,DEL04-RN,Risco Médio,Baixa
domingo,BR-316,51.0,Pleno dia,Crescente,Céu Claro,Dupla,Curva,-1.304277,-48.04272,DEL01-PA,Risco Médio,Baixa
sábado,BR-277,4.8,Pleno dia,Decrescente,Céu Claro,Simples,Viaduto,-25.55407,-48.56254,DEL01-PR,Risco Médio,Média
terça-feira,BR-262,444.0,Pleno dia,Crescente,Sol,Dupla,Reta,-19.88113,-44.9315,DEL08-MG,Risco Médio,Média
terça-feira,BR-364,411.0,Pleno dia,Crescente,Garoa/Chuvisco,Simples,Reta,-10.52498,-62.39404,DEL03-RO,Risco Médio,Alta
sexta-feira,BR-104,68.8,Plena Noite,Decrescente,Chuva,Dupla,Curva,-8.321019,-35.99113,DEL02-PE,Risco Baixo,Baixa
sábado,BR-316,10.0,Plena Noite,Crescente,Céu Claro,Dupla,Reta,-5.182802,-42.7635,DEL01-PI,Risco Baixo,Baixa
segunda-feira,BR-116,154.4,Plena Noite,Crescente,Céu Claro,Simples,Curva,-29.19517,-51.17858,DEL05-RS,Risco Médio,Alta
terça-feira,BR-381,58.3,Plena Noite,Crescente,Nublado,Dupla,Reta,-23.28018,-46.5863,DEL03-SP,Risco Médio,Alta
sexta-feira,BR-407,2.0,Plena Noite,Crescente,Céu Claro,Simples,Reta,-9.425482,-40.50216,DEL06-PE,Risco Médio,Baixa
segunda-feira,BR-465,18.0,Amanhecer,Crescente,Nublado,Simples,Reta,-22.83188,-43.61572,DEL01-RJ,Risco Médio,Baixa
quarta-feira,BR-153,494.8,Pleno dia,Decrescente,Sol,Dupla,Reta,-16.6681,-49.2263,DEL01-GO,Risco Médio,Alta
quinta-feira,BR-282,4.5,Pleno dia,Crescente,Sol,Dupla,Desvio Temporário,-27.59038,-48.60854,DEL01-SC,Risco Baixo,Baixa
domingo,BR-101,79.5,Pleno dia,Crescente,Céu Claro,Dupla,Curva,-8.147413,-34.94471,DEL01-PE,Risco Médio,Alta
sábado,BR-356,155.0,Plena Noite,Decrescente,Céu Claro,Simples,Reta,-21.74815,-41.22062,DEL08-RJ,Risco Médio,Baixa
sábado,BR-235,53.5,Pleno dia,Crescente,Nublado,Simples,Reta,-10.67605,-37.44328,DEL01-SE,Risco Médio,Baixa
segunda-feira,BR-101,127.7,Plena Noite,Decrescente,Céu Claro,Dupla,Reta,-26.96393,-48.68328,DEL04-SC,Risco Médio,Alta
segunda-feira,BR-101,98.0,Pleno dia,Decrescente,Céu Claro,Simples,Não Informado,-5.866059,-35.21651,DEL01-RN,Risco Baixo,Alta
sexta-feira,BR-116,395.0,Pleno dia,Crescente,Céu Claro,Dupla,Reta,-30.84888,-51.76593,DEL02-RS,Risco Baixo,Alta
domingo,BR-421,0.1,Pleno dia,Crescente,Céu Claro,Simples,Desvio Temporário,-9.916055,-63.05571,DEL03-RO,Risco Médio,Baixa
segunda-feira,BR-116,53.7,Pleno dia,Decrescente,Céu Claro,Dupla,Curva,-4.2045,-38.4708,DEL03-CE,Risco Baixo,Alta
segunda-feira,BR-40,557.2,Pleno dia,Decrescente,Sol,Dupla,Curva,-20.10255,-43.97493,DEL01-MG,Risco Médio,Alta
domingo,BR-116,214.0,Plena Noite,Crescente,Garoa/Chuvisco,Dupla,Reta,-23.44333,-46.44531,DEL01-SP,Risco Médio,Alta
sábado,BR-364,211.0,Pleno dia,Decrescente,Chuva,Dupla,Túnel,-16.41095,-54.71215,DEL02-MT,Risco Médio,Alta
quinta-feira,BR-428,181.9,Plena Noite,Crescente,Céu Claro,Simples,Reta,-9.326931,-40.46368,DEL06-PE,Risco Médio,Baixa
sexta-feira,BR-287,407.0,Pleno dia,Crescente,Céu Claro,Simples,Reta,-29.11092,-54.91264,DEL12-RS,Risco Médio,Baixa
quinta-feira,BR-476,269.7,Plena Noite,Crescente,Céu Claro,Simples,Reta,-25.89831,-50.33167,DEL02-PR,Risco Médio,Baixa
sexta-feira,BR-101,67.0,Pleno dia,Crescente,Céu Claro,Simples,Não Informado,-21.76751,-41.34876,DEL08-RJ,Risco Médio,Alta
terça-feira,BR-365,626.0,Pleno dia,Crescente,Nublado,Dupla,Reta,-18.90812,-48.31282,DEL15-MG,Risco Baixo,Média
quarta-feira,BR-230,167.4,Plena Noite,Crescente,Chuva,Simples,Não Informado,-7.195,-35.9619,DEL02-PB,Risco Baixo,Baixa
sábado,BR-116,72.2,Pleno dia,Decrescente,Nublado,Dupla,Reta,-22.86354,-45.23746,DEL08-SP,Risco Médio,Alta
quarta-feira,BR-20,283.7,Pleno dia,Crescente,Nublado,Simples,Reta,-4.528566,-39.36368,DEL02-CE,Risco Médio,Baixa
domingo,BR-40,730.0,Plena Noite,Decrescente,Ignorado,Dupla,Não Informado,-21.33379,-43.58662,DEL05-MG,Risco Médio,Alta
segunda-feira,BR-222,121.0,Pleno dia,Crescente,Céu Claro,Simples,Reta,-3.707015,-39.56969,DEL04-CE,Risco Médio,Baixa
sexta-feira,BR-101,418.0,Plena Noite,Crescente,Chuva,Múltipla,Reta,-28.98044,-49.5371,DEL02-SC,Risco Médio,Alta
sexta-feira,BR-493,91.5,Pleno dia,Crescente,Céu Claro,Dupla,Reta,-22.66915,-43.64594,DEL01-RJ,Risco Baixo,Baixa
terça-feira,BR-232,156.8,Pleno dia,Crescente,Céu Claro,Dupla,Reta,-8.329235,-36.22327,DEL02-PE,Risco Baixo,Baixa
quinta-feira,BR-101,131.1,Plena Noite,Decrescente,Céu Claro,Dupla,Reta,-26.99064,-48.66311,DEL04-SC,Risco Médio,Alta
quarta-feira,BR-319,61.9,Pleno dia,Crescente,Céu Claro,Dupla,Reta,-8.74024,-63.89218,DEL01-RO,Risco Médio,Baixa
terça-feira,BR-101,133.0,Pleno dia,Crescente,Nublado,Dupla,Reta,-26.99613,-48.65845,DEL04-SC,Risco Médio,Alta
segunda-feira,BR-101,535.0,Pleno dia,Decrescente,Chuva,Simples,Curva,-15.0218,-39.3291,DEL05-BA,Risco Médio,Alta
quinta-feira,BR-101,79.0,Plena Noite,Decrescente,Nublado,Dupla,Reta,-26.5972,-48.7233,DEL03-SC,Risco Baixo,Alta
domingo,BR-116,142.0,Plena Noite,Decrescente,Céu Claro,Dupla,Reta,-25.74652,-49.31742,DEL01-PR,Risco Médio,Alta
terça-feira,BR-101,571.0,Pleno dia,Crescente,Céu Claro,Simples,Reta,-15.28292,-39.47645,DEL05-BA,Risco Médio,Alta
segunda-feira,BR-277,680.4,Pleno dia,Crescente,Céu Claro,Dupla,Reta,-25.32254,-54.16502,DEL05-PR,Risco Médio,Média
segunda-feira,BR-101,117.0,Pleno dia,Crescente,Sol,Simples,Reta,-19.11933,-40.06303,DEL04-ES,Risco Médio,Alta
sexta-feira,BR-101,209.0,Plena Noite,Decrescente,Céu Claro,Dupla,Reta,-27.6099,-48.6389,DEL01-SC,Risco Médio,Alta
sexta-feira,BR-116,120.9,Pleno dia,Crescente,Céu Claro,Dupla,Reta,-23.07158,-45.64462,DEL06-SP,Risco Médio,Alta
sexta-feira,BR-267,302.8,Plena Noite,Decrescente,Nublado,Simples,Não Informado,-21.96181,-44.91893,DEL17-MG,Risco Médio,Baixa
quarta-feira,BR-493,84.0,Plena Noite,Decrescente,Nevoeiro/Neblina,Dupla,Reta,-22.6739,-43.54362,DEL01-RJ,Risco Baixo,Baixa
sexta-feira,BR-101,108.0,Plena Noite,Decrescente,Chuva,Múltipla,Reta,-26.8259,-48.6904,DEL03-SC,Risco Médio,Alta
terça-feira,BR-116,106.4,Pleno dia,Decrescente,Céu Claro,Dupla,Reta,-25.56977,-49.22173,DEL01-PR,Risco Baixo,Alta
domingo,BR-101,2.0,Plena Noite,Decrescente,Céu Claro,Dupla,Reta,-10.22261,-36.8305,DEL02-SE,Risco Médio,Alta
domingo,BR-290,64.7,Plena Noite,Crescente,Chuva,Dupla,Reta,-29.94045,-50.89553,DEL03-RS,Risco Médio,Baixa
terça-feira,BR-163,906.0,Pleno dia,Decrescente,Céu Claro,Simples,Reta,-11.0,-55.0,DEL06-MT,Risco Médio,Alta
sábado,BR-101,253.5,Plena Noite,Crescente,Céu Claro,Simples,Reta,-12.91034,-39.24078,DEL01-BA,Risco Médio,Alta
sexta-feira,BR-369,157.9,Plena Noite,Crescente,Nublado,Dupla,Curva,-23.28546,-51.23118,DEL07-PR,Risco Médio,Baixa
segunda-feira,BR-469,12.0,Pleno dia,Crescente,Céu Claro,Dupla,Reta,-25.5754,-54.5489,DEL05-PR,Risco Médio,Baixa
segunda-feira,BR-476,114.1,Plena Noite,Decrescente,Céu Claro,Simples,Reta,-25.34141,-49.15774,DEL01-PR,Risco Médio,Baixa
quarta-feira,BR-153,581.5,Pleno dia,Decrescente,Chuva,Simples,Curva,-31.21089,-53.8606,DEL11-RS,Risco Baixo,Alta
terça-feira,BR-116,303.0,Plena Noite,Crescente,Céu Claro,Dupla,Não Informado,-23.82761,-46.92631,DEL04-SP,Risco Médio,Alta
sexta-feira,BR-116,35.0,Pleno dia,Crescente,Nublado,Simples,Reta,-26.33569,-50.00491,DEL06-SC,Risco Baixo,Alta
terça-feira,BR-116,188.9,Pleno dia,Decrescente,Céu Claro,Simples,Curva,-29.4247,-51.13441,DEL05-RS,Risco Médio,Alta
quarta-feira,BR-40,124.0,Plena Noite,Crescente,Céu Claro,Múltipla,Reta,-22.80795,-43.28912,DEL01-RJ,Risco Alto,Alta
sábado,BR-116,500.3,Plena Noite,Decrescente,Chuva,Simples,Curva,-19.56131,-42.12284,DEL06-MG,Risco Médio,Alta
domingo,BR-101,542.0,Plena Noite,Crescente,Céu Claro,Simples,Interseção de vias,-15.0795,-39.3389,DEL05-BA,Risco Médio,Alta
domingo,BR-101,209.0,Plena Noite,Crescente,Nublado,Dupla,Reta,-27.61001,-48.63895,DEL01-SC,Risco Baixo,Alta
sábado,BR-381,735.2,Pleno dia,Decrescente,Céu Claro,Dupla,Reta,-21.5799,-45.23994,DEL16-MG,Risco Baixo,Alta
sexta-feira,BR-467,73.0,Pleno dia,Decrescente,Céu Claro,Dupla,Desvio Temporário,-24.7322,-53.7,DEL04-PR,Risco Baixo,Baixa
domingo,BR-101,415.0,Pleno dia,Crescente,Céu Claro,Simples,Curva,-22.90433,-43.88181,DEL01-RJ,Risco Médio,Alta
domingo,BR-101,186.8,Anoitecer,Crescente,Nublado,Simples,Curva,-19.66488,-40.24929,DEL04-ES,Risco Médio,Alta
quinta-feira,BR-101,149.0,Pleno dia,Crescente,Céu Claro,Simples,Reta,-27.11288,-48.6106,DEL04-SC,Risco Médio,Alta
segunda-feira,BR-369,130.1,Plena Noite,Crescente,Garoa/Chuvisco,Dupla,Ponte,-23.25725,-50.98389,DEL07-PR,Risco Médio,Baixa
sábado,BR-242,324.0,Plena Noite,Crescente,Céu Claro,Simples,Curva,-12.41906,-41.77062,DEL06-BA,Risco Baixo,Baixa
sábado,BR-222,673.2,Pleno dia,Crescente,Céu Claro,Simples,Reta,-4.929605,-47.4459,DEL04-MA,Risco Médio,Baixa
segunda-feira,BR-285,309.8,Plena Noite,Crescente,Céu Claro,Simples,Reta,-28.23465,-52.52423,DEL08-RS,Risco Médio,Baixa
sexta-feira,BR-282,406.5,Pleno dia,Decrescente,Céu Claro,Simples,Curva,-27.0927,-51.6599,DEL07-SC,Risco Médio,Baixa
segunda-feira,BR-116,154.0,Pleno dia,Crescente,Nublado,Dupla,Reta,-23.2376,-45.9189,DEL02-SP,Risco Médio,Alta
quinta-feira,BR-304,34.5,Pleno dia,Crescente,Céu Claro,Dupla,Não Informado,-5.152558,-37.34874,DEL04-RN,Risco Médio,Baixa
sexta-feira,BR-50,19.1,Pleno dia,Decrescente,Céu Claro,Dupla,Reta,-18.93343,-48.19932,DEL15-MG,Risco Médio,Média
terça-feira,BR-40,110.0,Anoitecer,Decrescente,Nublado,Múltipla,Reta,-22.6924,-43.2875,DEL01-RJ,Risco Médio,Alta
sexta-feira,BR-232,48.3,Pleno dia,Decrescente,Sol,Dupla,Reta,-8.138755,-35.29951,DEL02-PE,Risco Médio,Baixa
quarta-feira,BR-316,328.0,Pleno dia,Crescente,Céu Claro,Simples,Reta,-8.735326,-38.45082,DEL04-PE,Risco Alto,Baixa
domingo,BR-110,97.0,Pleno dia,Crescente,Sol,Simples,Reta,-8.372472,-37.29327,DEL03-PE,Risco Baixo,Baixa
sexta-feira,BR-381,531.2,Pleno dia,Crescente,Garoa/Chuvisco,Dupla,Curva,-20.163,-44.35932,DEL04-MG,Risco Baixo,Alta
domingo,BR-101,32.8,Pleno dia,Crescente,Nublado,Dupla,Interseção de vias,-26.25005,-48.90901,DEL03-SC,Risco Médio,Alta
sexta-feira,BR-101,309.9,Plena Noite,Decrescente,Céu Claro,Dupla,Reta,-28.40755,-48.79169,DEL02-SC,Risco Médio,Alta
sexta-feira,BR-282,599.0,Plena Noite,Crescente,Céu Claro,Simples,Curva,-26.8178,-53.1593,DEL07-SC,Risco Médio,Baixa
terça-feira,BR-70,3.0,Plena Noite,Crescente,Chuva,Dupla,Curva,-15.80245,-48.08039,DEL01-DF,Risco Médio,Baixa
quarta-feira,BR-393,275.0,Pleno dia,Decrescente,Sol,Simples,Reta,-22.4754,-44.00289,DEL05-RJ,Risco Baixo,Média
quarta-feira,BR-277,132.0,Pleno dia,Crescente,Chuva,Múltipla,Reta,-25.47055,-49.6582,DEL01-PR,Risco Baixo,Média
quinta-feira,BR-116,21.0,Plena Noite,Decrescente,Céu Claro,Dupla,Não Informado,-3.931759,-38.50825,DEL01-CE,Risco Alto,Alta
quarta-feira,BR-376,521.2,Pleno dia,Decrescente,Céu Claro,Dupla,Reta,-25.26705,-49.96754,DEL03-PR,Risco Médio,Baixa
sábado,BR-116,223.0,Plena Noite,Crescente,Céu Claro,Múltipla,Reta,-23.4756,-46.52466,DEL01-SP,Risco Alto,Alta
quarta-feira,BR-470,115.7,Pleno dia,Crescente,Céu Claro,Simples,Ponte,-27.08042,-49.48535,DEL04-SC,Risco Médio,Baixa
domingo,BR-282,579.3,Plena Noite,Crescente,Céu Claro,Simples,Reta,-26.83544,-52.99058,DEL07-SC,Risco Baixo,Baixa
quinta-feira,BR-470,167.7,Pleno dia,Decrescente,Nublado,Múltipla,Não Informado,-27.26984,-49.86309,DEL04-SC,Risco Baixo,Baixa
quarta-feira,BR-277,0.0,Pleno dia,Crescente,Céu Claro,Dupla,Não Informado,-25.50666,-54.58454,DEL05-PR,Risco Médio,Média
domingo,BR-101,132.7,Pleno dia,Decrescente,Céu Claro,Dupla,Reta,-26.99656,-48.65523,DEL04-SC,Risco Médio,Alta
sábado,BR-356,267.7,Plena Noite,Decrescente,Nublado,Simples,Retorno Regulamentado,-21.12934,-42.35092,DEL07-MG,Risco Médio,Baixa
sábado,BR-476,123.5,Pleno dia,Crescente,Sol,Dupla,Reta,-25.39984,-49.21585,DEL01-PR,Risco Médio,Baixa
segunda-feira,BR-101,298.5,Pleno dia,Crescente,Céu Claro,Simples,Viaduto,-20.35374,-40.41564,DEL01-ES,Risco Médio,Alta
sábado,BR-50,52.8,Anoitecer,Crescente,Chuva,Dupla,Desvio Temporário,-18.75813,-48.24066,DEL15-MG,Risco Baixo,Média
domingo,BR-101,412.0,Plena Noite,Crescente,Garoa/Chuvisco,Simples,Reta,-28.93933,-49.49751,DEL02-SC,Risco Médio,Alta
domingo,BR-101,45.0,Pleno dia,Decrescente,Nublado,Dupla,Curva,-9.202512,-35.78757,DEL01-AL,Risco Médio,Alta
domingo,BR-232,29.0,Anoitecer,Crescente,Céu Claro,Dupla,Não Informado,-8.1112,-35.1438,DEL01-PE,Risco Baixo,Baixa
segunda-feira,BR-277,1.0,Plena Noite,Decrescente,Nublado,Simples,Rotatória,-25.5682,-48.61529,DEL01-PR,Risco Médio,Média
domingo,BR-424,93.3,Amanhecer,Decrescente,Céu Claro,Simples,Reta,-8.90961,-36.48755,DEL03-PE,Risco Médio,Baixa
sábado,BR-354,727.9,Pleno dia,Crescente,Nublado,Simples,Não Informado,-22.14267,-44.96824,DEL17-MG,Risco Alto,Baixa
sexta-feira,BR-230,9.8,Plena Noite,Crescente,Céu Claro,Dupla,Não Informado,-7.0433,-34.8466,DEL01-PB,Risco Médio,Baixa
sexta-feira,BR-101,160.8,Plena Noite,Decrescente,Nublado,Simples,Reta,-19.47663,-40.11403,DEL04-ES,Risco Alto,Alta
terça-feira,BR-101,133.6,Pleno dia,Decrescente,Nublado,Simples,Interseção de vias,-9.772675,-36.10117,DEL02-AL,Risco Médio,Alta
domingo,BR-158,265.0,Amanhecer,Decrescente,Céu Claro,Dupla,Reta,-17.83651,-51.76247,DEL05-GO,Risco Baixo,Baixa
sábado,BR-116,40.4,Pleno dia,Crescente,Sol,Simples,Interseção de vias,-28.52119,-50.94261,DEL05-RS,Risco Baixo,Alta
sábado,BR-153,519.3,Plena Noite,Decrescente,Nublado,Dupla,Reta,-16.86977,-49.25109,DEL01-GO,Risco Médio,Alta
sexta-feira,BR-163,258.8,Pleno dia,Decrescente,Nublado,Dupla,Reta,-22.25503,-54.77852,DEL04-MS,Risco Médio,Alta
terça-feira,BR-101,80.4,Pleno dia,Crescente,Céu Claro,Dupla,Não Informado,-8.157003,-34.94137,DEL01-PE,Risco Baixo,Alta
segunda-feira,BR-277,83.5,Pleno dia,Decrescente,Céu Claro,Dupla,Reta,-25.44773,-49.23055,DEL01-PR,Risco Médio,Média
quarta-feira,BR-60,10.0,Amanhecer,Decrescente,Céu Claro,Dupla,Reta,-15.90948,-48.1496,DEL01-DF,Risco Médio,Média
domingo,BR-116,40.0,Plena Noite,Crescente,Céu Claro,Dupla,Reta,-4.107714,-38.49521,DEL01-CE,Risco Médio,Alta
domingo,BR-158,530.0,Pleno dia,Decrescente,Céu Claro,Simples,Não Informado,-26.19443,-52.67299,DEL02-PR,Risco Médio,Baixa
terça-feira,BR-40,113.0,Amanhecer,Crescente,Sol,Dupla,Reta,-22.70949,-43.2904,DEL01-RJ,Risco Médio,Alta
quarta-feira,BR-101,111.2,Pleno dia,Crescente,Sol,Dupla,Reta,-26.8399,-48.71445,DEL04-SC,Risco Médio,Alta
sexta-feira,BR-101,124.0,Plena Noite,Crescente,Céu Claro,Dupla,Reta,-26.9433,-48.692,DEL04-SC,Risco Médio,Alta
terça-feira,BR-493,2.0,Plena Noite,Decrescente,Céu Claro,Dupla,Reta,-22.7595,-42.93545,DEL02-RJ,Risco Alto,Baixa
domingo,BR-116,415.5,Pleno dia,Crescente,Céu Claro,Dupla,Interseção de vias,-18.88613,-41.94644,DEL06-MG,Risco Médio,Alta
terça-feira,BR-116,278.0,Plena Noite,Crescente,Nublado,Dupla,Interseção de vias,-23.63675,-46.83311,DEL04-SP,Risco Médio,Alta
terça-feira,BR-222,2.1,Pleno dia,Crescente,Céu Claro,Múltipla,Reta,-3.739111,-38.58687,DEL01-CE,Risco Médio,Baixa
quinta-feira,BR-386,47.0,Pleno dia,Decrescente,Nublado,Simples,Reta,-27.45748,-53.40946,DEL08-RS,Risco Alto,Média
segunda-feira,BR-282,584.4,Pleno dia,Crescente,Chuva,Simples,Curva,-26.83196,-53.0212,DEL07-SC,Risco Alto,Baixa
terça-feira,BR-470,173.4,Amanhecer,Crescente,Nublado,Simples,Reta,-27.25773,-49.90836,DEL04-SC,Risco Baixo,Baixa
quinta-feira,BR-277,687.0,Plena Noite,Decrescente,Céu Claro,Dupla,Reta,-25.34377,-54.22446,DEL05-PR,Risco Médio,Média
terça-feira,BR-222,301.5,Plena Noite,Crescente,Nublado,Simples,Desvio Temporário,-3.661232,-40.95124,DEL04-CE,Risco Alto,Baixa
quinta-feira,BR-101,262.1,Pleno dia,Crescente,Sol,Dupla,Não Informado,-20.15723,-40.27678,DEL02-ES,Risco Médio,Alta
quinta-feira,BR-428,185.5,Plena Noite,Decrescente,Céu Claro,Simples,Reta,-9.340092,-40.47032,DEL06-PE,Risco Médio,Baixa
sexta-feira,BR-376,650.0,Plena Noite,Crescente,Garoa/Chuvisco,Dupla,Reta,-25.84565,-49.08816,DEL01-PR,Risco Baixo,Baixa
segunda-feira,BR-376,653.0,Pleno dia,Crescente,Céu Claro,Dupla,Curva,-25.8422,-49.0573,DEL01-PR,Risco Baixo,Baixa
quinta-feira,BR-158,520.0,Pleno dia,Decrescente,Céu Claro,Simples,Curva,-26.20833,-52.68029,DEL02-PR,Risco Baixo,Baixa
sexta-feira,BR-116,126.6,Pleno dia,Decrescente,Nublado,Dupla,Reta,-25.64134,-49.31286,DEL01-PR,Risco Médio,Alta
sexta-feira,BR-110,192.0,Plena Noite,Decrescente,Céu Claro,Simples,Desvio Temporário,-11.0007,-38.5152,DEL07-BA,Risco Médio,Baixa
quarta-feira,BR-423,72.0,Amanhecer,Crescente,Céu Claro,Simples,Não Informado,-8.701182,-36.41546,DEL03-PE,Risco Alto,Baixa
terça-feira,BR-60,431.1,Plena Noite,Decrescente,Céu Claro,Simples,Rotatória,-20.97883,-54.97255,DEL01-MS,Risco Médio,Média
terça-feira,BR-104,131.6,Plena Noite,Decrescente,Céu Claro,Simples,Curva,-7.299004,-35.89187,DEL02-PB,Risco Médio,Baixa
quarta-feira,BR-116,509.0,Pleno dia,Decrescente,Chuva,Simples,Não Informado,-24.81959,-48.21141,DEL05-SP,Risco Médio,Alta
domingo,BR-163,324.2,Plena Noite,Decrescente,Céu Claro,Simples,Reta,-21.77505,-54.52581,DEL02-MS,Risco Médio,Alta
domingo,BR-386,147.0,Plena Noite,Crescente,Céu Claro,Simples,Curva,-28.0658,-52.8684,DEL08-RS,Risco Alto,Média
sexta-feira,BR-376,216.7,Pleno dia,Decrescente,Céu Claro,Simples,Interseção de vias,-23.59521,-51.64146,DEL09-PR,Risco Médio,Baixa
segunda-feira,BR-163,752.0,Pleno dia,Crescente,Chuva,Dupla,Viaduto,-12.65455,-55.78936,DEL06-MT,Risco Médio,Alta
sábado,BR-116,98.7,Plena Noite,Decrescente,Ignorado,Simples,Curva,-16.5151,-41.50635,DEL11-MG,Risco Médio,Alta
quinta-feira,BR-40,109.5,Pleno dia,Decrescente,Nublado,Dupla,Curva,-22.67375,-43.28638,DEL01-RJ,Risco Médio,Alta