dia_semana,br,km,fase_dia,sentido_via,condicao_metereologica,tipo_pista,tracado_via,latitude,longitude,delegacia,classificacao_acidente,postos_policiais_PRF
sexta-feira,BR-153,451.0,Pleno dia,Decrescente,Céu Claro,Simples,Reta,-26.19802,-51.06964,DEL02-PR,Risco Médio,Alta
quarta-feira,BR-101,49.7,Pleno dia,Crescente,Céu Claro,Simples,Reta,-7.900515,-34.90181,DEL01-PE,Risco Médio,Alta
sexta-feira,BR-116,139.1,Pleno dia,Decrescente,Nublado,Dupla,Reta,-23.16029,-45.80137,DEL06-SP,Risco Médio,Alta
quarta-feira,BR-381,502.5,Pleno dia,Decrescente,Chuva,Múltipla,Curva,-20.02386,-44.23044,DEL01-MG,Risco Médio,Alta
sábado,BR-369,130.0,Plena Noite,Crescente,Nublado,Dupla,Não Informado,-23.25792,-50.98572,DEL07-PR,Risco Baixo,Baixa
terça-feira,BR-153,508.8,Plena Noite,Crescente,Céu Claro,Simples,Reta,-16.7804,-49.2371,DEL01-GO,Risco Médio,Alta
sexta-feira,BR-262,240.0,Pleno dia,Crescente,Céu Claro,Simples,Reta,-20.45767,-53.76552,DEL01-MS,Risco Médio,Média
sexta-feira,BR-153,56.0,Pleno dia,Crescente,Céu Claro,Simples,Reta,-20.76156,-49.34622,DEL09-SP,Risco Médio,Alta
sexta-feira,BR-381,496.3,Pleno dia,Crescente,Céu Claro,Dupla,Reta,-19.9753,-44.1935,DEL01-MG,Risco Médio,Alta
sexta-feira,BR-232,19.7,Pleno dia,Decrescente,Céu Claro,Dupla,Desvio Temporário,-8.097524,-35.06683,DEL01-PE,Risco Alto,Baixa
sábado,BR-116,206.0,Pleno dia,Crescente,Céu Claro,Dupla,Reta,-23.41723,-46.3751,DEL01-SP,Risco Médio,Alta
quinta-feira,BR-101,278.0,Pleno dia,Decrescente,Céu Claro,Dupla,Reta,-22.74024,-42.758,DEL02-RJ,Risco Médio,Alta
sexta-feira,BR-304,40.5,Pleno dia,Crescente,Sol,Dupla,Retorno Regulamentado,-5.230694,-37.32092,DEL04-RN,Risco Baixo,Baixa
quinta-feira,BR-158,327.4,Pleno dia,Crescente,Céu Claro,Simples,Reta,-29.71094,-53.82005,DEL09-RS,Risco Baixo,Baixa
quarta-feira,BR-163,594.0,Plena Noite,Decrescente,Chuva,Dupla,Reta,-13.96102,-56.09763,DEL01-MT,Risco Médio,Alta
domingo,BR-324,608.0,Pleno dia,Decrescente,Céu Claro,Dupla,Interseção de vias,-12.82235,-38.40837,DEL01-BA,Risco Médio,Baixa
domingo,BR-290,138.9,Pleno dia,Decrescente,Sol,Simples,Reta,-30.07512,-51.59038,DEL02-RS,Risco Médio,Baixa
segunda-feira,BR-116,370.0,Pleno dia,Decrescente,Céu Claro,Dupla,Curva,-24.16119,-47.32774,DEL04-SP,Risco Médio,Alta
segunda-feira,BR-381,479.0,Pleno dia,Decrescente,Céu Claro,Dupla,Reta,-19.96171,-44.05085,DEL01-MG,Risco Baixo,Alta
domingo,BR-101,156.0,Plena Noite,Crescente,Ignorado,Dupla,Reta,-27.17227,-48.6117,DEL04-SC,Risco Médio,Alta
terça-feira,BR-285,292.7,Pleno dia,Crescente,Chuva,Dupla,Reta,-28.23902,-52.36528,DEL08-RS,Risco Médio,Baixa
quinta-feira,BR-423,52.1,Plena Noite,Decrescente,Céu Claro,Simples,Reta,-9.267387,-37.73947,DEL03-AL,Risco Baixo,Baixa
sexta-feira,BR-376,547.0,Plena Noite,Decrescente,Céu Claro,Dupla,Reta,-25.40536,-49.78364,DEL03-PR,Risco Médio,Baixa
segunda-feira,BR-277,42.1,Pleno dia,Decrescente,Sol,Dupla,Não Informado,-25.58864,-48.87347,DEL01-PR,Risco Médio,Média
domingo,BR-277,75.1,Pleno dia,Crescente,Chuva,Dupla,Reta,-25.49485,-49.16531,DEL01-PR,Risco Médio,Média
terça-feira,BR-174,505.0,Pleno dia,Crescente,Céu Claro,Dupla,Reta,2.802627,-60.69363,DEL01-RR,Risco Médio,Baixa
sexta-feira,BR-381,876.6,Pleno dia,Decrescente,Chuva,Dupla,Curva,-22.43872,-45.98423,DEL16-MG,Risco Médio,Alta
sexta-feira,BR-101,357.0,Plena Noite,Crescente,Céu Claro,Simples,Curva,-28.6439,-49.1003,DEL02-SC,Risco Médio,Alta
sexta-feira,BR-262,6.5,Pleno dia,Decrescente,Céu Claro,Múltipla,Reta,-20.34184,-40.39722,DEL01-ES,Risco Médio,Média
segunda-feira,BR-60,50.8,Pleno dia,Crescente,Nublado,Dupla,Reta,-16.78766,-49.23732,DEL01-GO,Risco Médio,Média
segunda-feira,BR-376,203.9,Pleno dia,Decrescente,Céu Claro,Dupla,Não Informado,-23.50951,-51.7214,DEL09-PR,Risco Médio,Baixa
quinta-feira,BR-40,62.0,Pleno dia,Crescente,Céu Claro,Simples,Reta,-16.54149,-47.79488,DEL01-DF,Risco Baixo,Alta
sexta-feira,BR-285,213.0,Plena Noite,Crescente,Céu Claro,Simples,Não Informado,-28.24639,-51.64683,DEL08-RS,Risco Médio,Baixa
quinta-feira,BR-50,118.0,Plena Noite,Crescente,Céu Claro,Dupla,Reta,-19.2922,-48.1172,DEL13-MG,Risco Baixo,Média
domingo,BR-459,32.6,Plena Noite,Crescente,Céu Claro,Simples,Curva,-21.9461,-46.34431,DEL09-MG,Risco Baixo,Baixa
quinta-feira,BR-365,671.0,Pleno dia,Crescente,Céu Claro,Dupla,Reta,-18.8792,-48.74332,DEL15-MG,Risco Médio,Média
sábado,BR-135,21.2,Plena Noite,Decrescente,Nublado,Dupla,Reta,-2.53073,-44.3068,DEL01-MA,Risco Médio,Baixa
domingo,BR-393,286.0,Pleno dia,Decrescente,Céu Claro,Simples,Curva,-22.49134,-44.06506,DEL05-RJ,Risco Médio,Média
quarta-feira,BR-40,511.6,Pleno dia,Decrescente,Céu Claro,Dupla,Não Informado,-19.78164,-44.11733,DEL01-MG,Risco Médio,Alta
domingo,BR-101,422.0,Plena Noite,Decrescente,Chuva,Múltipla,Viaduto,-29.00913,-49.57006,DEL02-SC,Risco Médio,Alta
quinta-feira,BR-381,250.1,Pleno dia,Decrescente,Nublado,Simples,Não Informado,-19.48378,-42.55378,DEL06-MG,Risco Médio,Alta
terça-feira,BR-316,217.4,Amanhecer,Decrescente,Céu Claro,Simples,Reta,-6.45055,-41.74761,DEL04-PI,Risco Alto,Baixa
terça-feira,BR-153,243.5,Pleno dia,Decrescente,Céu Claro,Simples,Retorno Regulamentado,-20.28064,-49.1939,DEL13-MG,Risco Médio,Alta
sexta-feira,BR-232,10.0,Pleno dia,Decrescente,Sol,Dupla,Reta,-8.079172,-34.98719,DEL01-PE,Risco Baixo,Baixa
domingo,BR-116,122.5,Pleno dia,Decrescente,Nublado,Dupla,Não Informado,-23.08754,-45.6697,DEL02-SP,Risco Baixo,Alta
sexta-feira,BR-285,345.9,Pleno dia,Decrescente,Céu Claro,Simples,Reta,-28.33027,-52.83997,DEL08-RS,Risco Médio,Baixa
sexta-feira,BR-40,664.2,Pleno dia,Decrescente,Céu Claro,Simples,Reta,-20.94363,-43.80986,DEL05-MG,Risco Médio,Alta
sábado,BR-230,23.6,Pleno dia,Decrescente,Céu Claro,Dupla,Curva,-7.164682,-34.86219,DEL01-PB,Risco Baixo,Baixa
quinta-feira,BR-40,1.0,Pleno dia,Decrescente,Chuva,Dupla,Curva,-22.01279,-43.2572,DEL06-RJ,Risco Baixo,Alta
terça-feira,BR-364,237.1,Pleno dia,Decrescente,Céu Claro,Simples,Reta,-11.44341,-61.44673,DEL02-RO,Risco Médio,Alta
domingo,BR-408,45.0,Plena Noite,Crescente,Céu Claro,Simples,Reta,-7.690333,-35.24923,DEL01-PE,Risco Médio,Baixa
quarta-feira,BR-277,724.0,Pleno dia,Crescente,Nublado,Dupla,Interseção de vias,-25.50256,-54.53868,DEL05-PR,Risco Médio,Média
quinta-feira,BR-381,720.8,Plena Noite,Decrescente,Céu Claro,Dupla,Curva,-21.46061,-45.20744,DEL04-MG,Risco Médio,Alta
domingo,BR-153,39.5,Plena Noite,Crescente,Nublado,Simples,Reta,-27.58083,-52.22808,DEL08-RS,Risco Médio,Alta
terça-feira,BR-40,462.0,Pleno dia,Crescente,Chuva,Dupla,Reta,-19.4295,-44.3368,DEL02-MG,Risco Médio,Alta
domingo,BR-101,440.8,Anoitecer,Crescente,Nublado,Simples,Reta,-29.1242,-49.6672,DEL02-SC,Risco Médio,Alta
quarta-feira,BR-163,15.5,Pleno dia,Decrescente,Céu Claro,Simples,Reta,-23.95439,-54.30075,DEL09-MS,Risco Médio,Alta
sábado,BR-101,843.2,Pleno dia,Crescente,Céu Claro,Simples,Reta,-17.26544,-39.63234,DEL09-BA,Risco Médio,Alta
domingo,BR-20,16.0,Pleno dia,Crescente,Céu Claro,Dupla,Desvio Temporário,-15.62567,-47.72516,DEL02-DF,Risco Médio,Baixa
terça-feira,BR-235,50.9,Pleno dia,Crescente,Céu Claro,Dupla,Rotatória,-10.70108,-37.43072,DEL01-SE,Risco Médio,Baixa
quinta-feira,BR-476,129.0,Pleno dia,Crescente,Sol,Múltipla,Reta,-25.44098,-49.23371,DEL01-PR,Risco Médio,Baixa
segunda-feira,BR-476,144.2,Pleno dia,Decrescente,Céu Claro,Dupla,Reta,-25.5425,-49.31301,DEL01-PR,Risco Médio,Baixa
quinta-feira,BR-116,360.0,Pleno dia,Decrescente,Céu Claro,Múltipla,Curva,-24.11249,-47.26511,DEL04-SP,Risco Médio,Alta
sexta-feira,BR-116,426.0,Plena Noite,Crescente,Céu Claro,Simples,Não Informado,-12.2685,-38.9876,DEL02-BA,Risco Médio,Alta
quarta-feira,BR-470,48.0,Pleno dia,Crescente,Nublado,Simples,Curva,-26.86099,-49.0361,DEL04-SC,Risco Médio,Baixa
sábado,BR-277,107.5,Pleno dia,Crescente,Céu Claro,Dupla,Reta,-25.43364,-49.4369,DEL01-PR,Risco Médio,Média
terça-feira,BR-376,598.0,Plena Noite,Decrescente,Céu Claro,Dupla,Reta,-25.51888,-49.33507,DEL01-PR,Risco Baixo,Baixa
segunda-feira,BR-116,152.6,Plena Noite,Decrescente,Céu Claro,Simples,Curva,-29.18293,-51.16802,DEL05-RS,Risco Médio,Alta
domingo,BR-232,6.1,Pleno dia,Decrescente,Céu Claro,Dupla,Reta,-8.071285,-34.95484,DEL01-PE,Risco Médio,Baixa
sexta-feira,BR-116,522.9,Plena Noite,Crescente,Nublado,Dupla,Reta,-24.91116,-48.25324,DEL05-SP,Risco Baixo,Alta
sábado,BR-101,103.0,Pleno dia,Crescente,Céu Claro,Múltipla,Reta,-5.89034,-35.24895,DEL01-RN,Risco Médio,Alta
segunda-feira,BR-101,204.0,Plena Noite,Decrescente,Garoa/Chuvisco,Múltipla,Interseção de vias,-27.57413,-48.61363,DEL01-SC,Risco Baixo,Alta
segunda-feira,BR-10,236.0,Plena Noite,Decrescente,Chuva,Simples,Não Informado,-2.372881,-47.55066,DEL02-PA,Risco Médio,Baixa
quarta-feira,BR-376,406.0,Amanhecer,Decrescente,Céu Claro,Dupla,Curva,-24.63926,-50.62953,DEL03-PR,Risco Médio,Baixa
quinta-feira,BR-101,68.0,Pleno dia,Crescente,Céu Claro,Dupla,Reta,-21.77187,-41.35705,DEL08-RJ,Risco Médio,Alta
domingo,BR-116,374.8,Pleno dia,Crescente,Céu Claro,Simples,Reta,-18.57167,-41.91083,DEL11-MG,Risco Médio,Alta
domingo,BR-373,173.0,Pleno dia,Crescente,Nublado,Dupla,Reta,-25.07918,-50.20422,DEL03-PR,Risco Baixo,Baixa
sexta-feira,BR-381,457.0,Plena Noite,Decrescente,Céu Claro,Simples,Reta,-19.83991,-43.87702,DEL01-MG,Risco Médio,Alta
sábado,BR-101,343.5,Plena Noite,Crescente,Chuva,Dupla,Reta,-28.5345,-49.05411,DEL02-SC,Risco Médio,Alta
quinta-feira,BR-40,92.0,Pleno dia,Crescente,Chuva,Simples,Não Informado,-22.55192,-43.25069,DEL06-RJ,Risco Médio,Alta
domingo,BR-101,150.0,Plena Noite,Crescente,Céu Claro,Simples,Reta,-11.25101,-37.43657,DEL02-SE,Risco Médio,Alta
sexta-feira,BR-40,2.6,Pleno dia,Decrescente,Chuva,Dupla,Reta,-15.99965,-47.98487,DEL01-DF,Risco Médio,Alta
sexta-feira,BR-470,170.7,Pleno dia,Crescente,Nublado,Simples,Curva,-27.2659,-49.89244,DEL04-SC,Risco Médio,Baixa
terça-feira,BR-10,253.0,Pleno dia,Decrescente,Céu Claro,Simples,Reta,-2.222594,-47.56226,DEL02-PA,Risco Médio,Baixa
quarta-feira,BR-393,105.0,Plena Noite,Decrescente,Céu Claro,Simples,Reta,-21.88419,-42.69133,DEL06-RJ,Risco Médio,Média
terça-feira,BR-101,99.5,Pleno dia,Decrescente,Sol,Simples,Reta,-5.875973,-35.22209,DEL01-RN,Risco Médio,Alta
domingo,BR-282,252.8,Pleno dia,Crescente,Céu Claro,Simples,Ponte,-27.68615,-50.56586,DEL05-SC,Risco Médio,Baixa
quinta-feira,BR-262,125.0,Pleno dia,Decrescente,Céu Claro,Simples,Reta,-20.19374,-42.68465,DEL03-MG,Risco Médio,Média
sexta-feira,BR-101,72.0,Pleno dia,Crescente,Céu Claro,Dupla,Reta,-8.084931,-34.94506,DEL01-PE,Risco Médio,Alta
sexta-feira,BR-493,3.0,Pleno dia,Decrescente,Sol,Simples,Interseção de vias,-22.7523,-42.9419,DEL04-RJ,Risco Médio,Baixa
sábado,BR-116,39.3,Pleno dia,Crescente,Céu Claro,Simples,Interseção de vias,-28.51396,-50.93496,DEL05-RS,Risco Baixo,Alta
sexta-feira,BR-277,83.0,Pleno dia,Decrescente,Sol,Dupla,Reta,-25.42826,-49.27348,DEL01-PR,Risco Baixo,Média
sexta-feira,BR-60,78.2,Pleno dia,Crescente,Céu Claro,Dupla,Não Informado,-16.2967,-48.8039,DEL02-GO,Risco Médio,Média
segunda-feira,BR-381,692.8,Plena Noite,Decrescente,Nublado,Simples,Não Informado,-21.22634,-45.13149,DEL04-MG,Risco Alto,Alta
quinta-feira,BR-381,79.0,Plena Noite,Crescente,Céu Claro,Dupla,Curva,-23.4032,-46.57565,DEL03-SP,Risco Médio,Alta
sexta-feira,BR-158,75.2,Pleno dia,Crescente,Céu Claro,Simples,Reta,-27.7094,-53.31684,DEL08-RS,Risco Médio,Baixa
quarta-feira,BR-163,288.0,Plena Noite,Crescente,Céu Claro,Simples,Reta,-24.52321,-54.063,DEL06-PR,Risco Médio,Alta
quarta-feira,BR-232,103.0,Plena Noite,Decrescente,Céu Claro,Dupla,Não Informado,-8.25219,-35.76585,DEL02-PE,Risco Médio,Baixa
domingo,BR-470,56.4,Pleno dia,Crescente,Céu Claro,Simples,Interseção de vias,-26.87318,-49.11421,DEL04-SC,Risco Baixo,Baixa
sexta-feira,BR-104,5.0,Pleno dia,Crescente,Céu Claro,Dupla,Reta,-5.148984,-36.59986,DEL02-RN,Risco Médio,Baixa
sexta-feira,BR-290,59.3,Pleno dia,Decrescente,Céu Claro,Múltipla,Reta,-29.92243,-50.84845,DEL03-RS,Risco Baixo,Baixa
domingo,BR-116,90.0,Plena Noite,Crescente,Chuva,Simples,Desvio Temporário,-28.86375,-51.11648,DEL05-RS,Risco Médio,Alta
quinta-feira,BR-290,675.0,Pleno dia,Crescente,Céu Claro,Simples,Reta,-29.81198,-57.00247,DEL13-RS,Risco Baixo,Baixa
quarta-feira,BR-101,156.0,Plena Noite,Crescente,Céu Claro,Simples,Reta,-27.17227,-48.6117,DEL04-SC,Risco Baixo,Alta
terça-feira,BR-392,324.0,Pleno dia,Crescente,Céu Claro,Dupla,Reta,-29.95108,-53.70097,DEL09-RS,Risco Médio,Média
terça-feira,BR-280,228.1,Anoitecer,Crescente,Céu Claro,Simples,Reta,-26.18378,-50.33861,DEL06-SC,Risco Médio,Baixa
segunda-feira,BR-116,276.0,Pleno dia,Decrescente,Céu Claro,Simples,Rotatória,-17.85106,-41.51454,DEL11-MG,Risco Médio,Alta
domingo,BR-40,680.8,Pleno dia,Decrescente,Céu Claro,Simples,Curva,-21.06575,-43.76839,DEL05-MG,Risco Alto,Alta
domingo,BR-116,15.0,Pleno dia,Crescente,Nublado,Dupla,Curva,-25.0995,-48.6896,DEL01-PR,Risco Médio,Alta
domingo,BR-381,693.0,Pleno dia,Crescente,Céu Claro,Dupla,Não Informado,-21.22582,-45.13045,DEL04-MG,Risco Alto,Alta
quinta-feira,BR-290,6.0,Pleno dia,Decrescente,Nublado,Dupla,Reta,-29.89619,-50.33411,DEL03-RS,Risco Médio,Baixa
quinta-feira,BR-101,104.4,Pleno dia,Decrescente,Céu Claro,Dupla,Curva,-5.894968,-35.25785,DEL01-RN,Risco Baixo,Alta
sexta-feira,BR-40,19.0,Pleno dia,Crescente,Céu Claro,Dupla,Reta,-16.20156,-47.92131,DEL01-DF,Risco Médio,Alta
domingo,BR-277,47.0,Pleno dia,Decrescente,Chuva,Dupla,Reta,-25.59308,-48.88229,DEL01-PR,Risco Baixo,Média
terça-feira,BR-116,338.5,Pleno dia,Decrescente,Chuva,Simples,Reta,-30.43868,-51.47955,DEL02-RS,Risco Médio,Alta
domingo,BR-365,747.4,Pleno dia,Crescente,Céu Claro,Simples,Não Informado,-18.93385,-49.42824,DEL15-MG,Risco Médio,Média
sábado,BR-101,70.0,Plena Noite,Crescente,Céu Claro,Dupla,Reta,-8.067761,-34.94265,DEL01-PE,Risco Baixo,Alta
terça-feira,BR-50,27.5,Pleno dia,Decrescente,Céu Claro,Dupla,Não Informado,-18.61973,-48.09986,DEL15-MG,Risco Médio,Média
quinta-feira,BR-116,288.0,Pleno dia,Decrescente,Garoa/Chuvisco,Dupla,Reta,-23.71925,-46.88314,DEL04-SP,Risco Médio,Alta
sábado,BR-262,398.1,Plena Noite,Crescente,Céu Claro,Dupla,Reta,-19.89012,-44.58645,DEL01-MG,Risco Médio,Média
segunda-feira,BR-40,85.0,Plena Noite,Crescente,Chuva,Simples,Curva,-22.53285,-43.23349,DEL06-RJ,Risco Médio,Alta
segunda-feira,BR-101,50.0,Pleno dia,Crescente,Céu Claro,Simples,Reta,-7.909386,-34.90123,DEL01-PE,Risco Médio,Alta
sexta-feira,BR-381,763.0,Plena Noite,Crescente,Chuva,Dupla,Reta,-21.74874,-45.38843,DEL16-MG,Risco Médio,Alta
sábado,BR-285,320.7,Plena Noite,Crescente,Céu Claro,Simples,Curva,-28.2729,-52.6481,DEL08-RS,Risco Médio,Baixa
quinta-feira,BR-364,541.0,Plena Noite,Decrescente,Nublado,Simples,Não Informado,-9.716742,-63.11815,DEL03-RO,Risco Baixo,Alta
quarta-feira,BR-116,1.2,Plena Noite,Crescente,Nublado,Dupla,Reta,-3.7704,-38.5169,DEL01-CE,Risco Médio,Alta
domingo,BR-381,0.7,Anoitecer,Decrescente,Céu Claro,Dupla,Não Informado,-19.96681,-44.15955,DEL01-MG,Risco Médio,Alta
sexta-feira,BR-392,193.9,Plena Noite,Crescente,Céu Claro,Simples,Curva,-30.91423,-53.10589,DEL07-RS,Risco Alto,Média
terça-feira,BR-116,230.0,Pleno dia,Crescente,Sol,Múltipla,Reta,-23.51418,-46.57792,DEL01-SP,Risco Médio,Alta
quinta-feira,BR-324,622.0,Pleno dia,Decrescente,Nublado,Múltipla,Reta,-12.91889,-38.46502,DEL01-BA,Risco Médio,Baixa
terça-feira,BR-40,234.9,Amanhecer,Decrescente,Nublado,Simples,Reta,-18.02168,-45.54019,DEL14-MG,Risco Médio,Alta
sábado,BR-277,61.0,Pleno dia,Crescente,Sol,Dupla,Reta,-25.55004,-49.04147,DEL01-PR,Risco Alto,Média
sábado,BR-20,13.0,Anoitecer,Crescente,Céu Claro,Simples,Reta,-15.56932,-47.24058,DEL02-DF,Risco Alto,Baixa
segunda-feira,BR-70,9.0,Plena Noite,Decrescente,Céu Claro,Dupla,Reta,-15.78462,-48.13202,DEL01-DF,Risco Baixo,Baixa
sexta-feira,BR-277,0.0,Plena Noite,Decrescente,Nublado,Dupla,Rotatória,-25.55592,-48.56386,DEL01-PR,Risco Baixo,Média
quinta-feira,BR-364,37.0,Anoitecer,Crescente,Céu Claro,Simples,Reta,-12.65068,-60.31947,DEL04-RO,Risco Baixo,Alta
domingo,BR-226,96.1,Pleno dia,Crescente,Garoa/Chuvisco,Simples,Curva,-6.26292,-35.89127,DEL03-RN,Risco Médio,Baixa
sábado,BR-470,75.0,Plena Noite,Crescente,Chuva,Simples,Reta,-26.90975,-49.27582,DEL04-SC,Risco Médio,Baixa
terça-feira,BR-104,42.7,Pleno dia,Crescente,Sol,Dupla,Reta,-8.1065,-36.0218,DEL02-PE,Risco Baixo,Baixa
sábado,BR-364,710.0,Amanhecer,Decrescente,Céu Claro,Dupla,Reta,-8.785226,-63.85933,DEL01-RO,Risco Médio,Alta
sábado,BR-174,499.0,Plena Noite,Crescente,Céu Claro,Dupla,Reta,2.781923,-60.70307,DEL01-RR,Risco Médio,Baixa
sábado,BR-101,117.8,Pleno dia,Crescente,Céu Claro,Dupla,Reta,-26.89429,-48.71977,DEL04-SC,Risco Baixo,Alta
sexta-feira,BR-60,4.0,Pleno dia,Crescente,Céu Claro,Dupla,Curva,-16.08961,-48.27454,DEL01-DF,Risco Baixo,Média
sábado,BR-116,480.5,Pleno dia,Crescente,Céu Claro,Simples,Reta,-7.308772,-38.93138,DEL05-CE,Risco Médio,Alta
domingo,BR-364,435.0,Pleno dia,Decrescente,Céu Claro,Simples,Reta,-10.3851,-62.5464,DEL03-RO,Risco Médio,Alta
terça-feira,BR-277,565.9,Anoitecer,Decrescente,Céu Claro,Simples,Desvio Temporário,-24.9563,-53.45573,DEL04-PR,Risco Médio,Média
domingo,BR-262,47.1,Pleno dia,Decrescente,Céu Claro,Simples,Reta,-20.4113,-40.67927,DEL01-ES,Risco Médio,Média
quinta-feira,BR-101,131.0,Pleno dia,Decrescente,Céu Claro,Simples,Não Informado,-9.749633,-36.06531,DEL02-AL,Risco Baixo,Alta
quarta-feira,BR-262,361.5,Plena Noite,Crescente,Céu Claro,Dupla,Reta,-19.97906,-44.21765,DEL01-MG,Risco Baixo,Média
sábado,BR-40,7.5,Plena Noite,Decrescente,Céu Claro,Dupla,Reta,-16.11379,-47.96869,DEL01-DF,Risco Médio,Alta
segunda-feira,BR-285,463.2,Pleno dia,Crescente,Sol,Simples,Reta,-28.41088,-53.93572,DEL10-RS,Risco Baixo,Baixa
terça-feira,BR-407,126.0,Pleno dia,Decrescente,Céu Claro,Simples,Reta,-9.384913,-40.5281,DEL06-PE,Risco Médio,Baixa
segunda-feira,BR-324,616.0,Pleno dia,Decrescente,Céu Claro,Dupla,Reta,-12.89414,-38.44734,DEL01-BA,Risco Médio,Baixa
sábado,BR-381,931.5,Pleno dia,Decrescente,Chuva,Dupla,Curva,-22.78864,-46.24429,DEL16-MG,Risco Alto,Alta
sábado,BR-376,632.0,Pleno dia,Decrescente,Céu Claro,Dupla,Reta,-25.71306,-49.13941,DEL01-PR,Risco Baixo,Baixa
sexta-feira,BR-101,314.0,Plena Noite,Decrescente,Céu Claro,Dupla,Ponte,-28.44044,-48.82497,DEL02-SC,Risco Médio,Alta
sexta-feira,BR-324,609.8,Pleno dia,Decrescente,Céu Claro,Dupla,Reta,-12.83761,-38.41367,DEL01-BA,Risco Médio,Baixa
quinta-feira,BR-381,936.0,Pleno dia,Decrescente,Céu Claro,Dupla,Reta,-22.82915,-46.3147,DEL16-MG,Risco Médio,Alta
segunda-feira,BR-101,174.2,Plena Noite,Decrescente,Céu Claro,Dupla,Não Informado,-9.902704,-36.35878,DEL02-AL,Risco Baixo,Alta
sexta-feira,BR-343,285.0,Plena Noite,Crescente,Céu Claro,Simples,Reta,-4.0,-42.0,DEL01-PI,Risco Baixo,Baixa
sábado,BR-354,753.0,Plena Noite,Crescente,Céu Claro,Simples,Reta,-22.27788,-44.87422,DEL17-MG,Risco Baixo,Baixa
sábado,BR-163,982.0,Pleno dia,Crescente,Céu Claro,Simples,Reta,-2.61206,-54.72529,DEL05-PA,Risco Médio,Alta
quinta-feira,BR-153,623.4,Pleno dia,Decrescente,Nublado,Simples,Reta,-11.32033,-48.94478,DEL02-TO,Risco Médio,Alta
segunda-feira,BR-277,714.0,Pleno dia,Decrescente,Céu Claro,Dupla,Reta,-25.47551,-54.48871,DEL05-PR,Risco Baixo,Média
segunda-feira,BR-285,480.6,Pleno dia,Decrescente,Céu Claro,Simples,Não Informado,-28.37152,-54.10872,DEL10-RS,Risco Médio,Baixa
quarta-feira,BR-470,44.5,Anoitecer,Decrescente,Céu Claro,Simples,Reta,-26.87066,-49.0219,DEL04-SC,Risco Médio,Baixa
segunda-feira,BR-163,787.0,Pleno dia,Crescente,Nublado,Simples,Curva,-12.39315,-55.61836,DEL06-MT,Risco Baixo,Alta
sábado,BR-376,6.0,Pleno dia,Crescente,Céu Claro,Simples,Reta,-23.54797,-51.67126,DEL09-PR,Risco Médio,Baixa
domingo,BR-116,216.0,Plena Noite,Decrescente,Nublado,Múltipla,Reta,-23.45339,-46.46937,DEL01-SP,Risco Médio,Alta
sábado,BR-101,195.0,Plena Noite,Crescente,Céu Claro,Simples,Não Informado,-19.70199,-40.32193,DEL04-ES,Risco Médio,Alta
quarta-feira,BR-316,4.0,Pleno dia,Decrescente,Céu Claro,Múltipla,Reta,-5.136559,-42.789,DEL01-PI,Risco Médio,Baixa
segunda-feira,BR-40,523.8,Plena Noite,Decrescente,Céu Claro,Dupla,Reta,-19.86875,-44.05962,DEL01-MG,Risco Médio,Alta
terça-feira,BR-101,190.7,Plena Noite,Crescente,Céu Claro,Simples,Reta,-19.68561,-40.27854,DEL04-ES,Risco Médio,Alta
sexta-feira,BR-40,780.9,Pleno dia,Decrescente,Céu Claro,Dupla,Reta,-21.6794,-43.44987,DEL05-MG,Risco Baixo,Alta
quarta-feira,BR-290,26.9,Plena Noite,Crescente,Nublado,Dupla,Reta,-29.88124,-50.52352,DEL03-RS,Risco Médio,Baixa
domingo,BR-401,4.0,Pleno dia,Decrescente,Céu Claro,Dupla,Reta,2.798035,-60.63471,DEL01-RR,Risco Médio,Baixa
domingo,BR-101,49.9,Pleno dia,Crescente,Céu Claro,Múltipla,Reta,-7.915734,-34.8981,DEL01-PE,Risco Médio,Alta
quarta-feira,BR-364,235.1,Plena Noite,Crescente,Nublado,Simples,Não Informado,-11.45061,-61.43026,DEL02-RO,Risco Médio,Alta
sexta-feira,BR-262,762.5,Pleno dia,Decrescente,Céu Claro,Simples,Reta,-19.67049,-47.62034,DEL13-MG,Risco Médio,Média
sábado,BR-101,255.0,Plena Noite,Decrescente,Céu Claro,Simples,Reta,-20.11488,-40.31944,DEL02-ES,Risco Médio,Alta
segunda-feira,BR-407,129.0,Pleno dia,Decrescente,Céu Claro,Simples,Rotatória,-9.403,-40.51483,DEL06-PE,Risco Médio,Baixa
sexta-feira,BR-282,416.8,Pleno dia,Crescente,Chuva,Simples,Reta,-27.03841,-51.71445,DEL07-SC,Risco Médio,Baixa
sábado,BR-40,124.0,Pleno dia,Crescente,Chuva,Múltipla,Reta,-22.80795,-43.28912,DEL01-RJ,Risco Médio,Alta
terça-feira,BR-324,584.0,Amanhecer,Crescente,Céu Claro,Dupla,Reta,-12.62182,-38.48261,DEL01-BA,Risco Médio,Baixa
sábado,BR-116,224.0,Plena Noite,Decrescente,Céu Claro,Simples,Reta,-29.58976,-51.10782,DEL01-RS,Risco Médio,Alta
terça-feira,BR-101,79.4,Pleno dia,Crescente,Céu Claro,Dupla,Reta,-26.5856,-48.72192,DEL03-SC,Risco Médio,Alta
domingo,BR-101,19.0,Amanhecer,Crescente,Céu Claro,Simples,Reta,-21.3736,-41.342,DEL08-RJ,Risco Alto,Alta