dia_semana,br,km,fase_dia,sentido_via,condicao_metereologica,tipo_pista,tracado_via,latitude,longitude,delegacia,classificacao_acidente,postos_policiais_PRF
quinta-feira,BR-116,5.3,Pleno dia,Decrescente,Céu Claro,Dupla,Reta,-3.794671,-38.50773,DEL01-CE,Risco Baixo,Alta
sexta-feira,BR-101,149.7,Pleno dia,Decrescente,Céu Claro,Simples,Reta,-11.24878,-37.43562,DEL02-SE,Risco Médio,Alta
quinta-feira,BR-251,389.2,Pleno dia,Decrescente,Chuva,Simples,Reta,-16.26594,-42.8292,DEL12-MG,Risco Médio,Baixa
sexta-feira,BR-50,174.0,Plena Noite,Decrescente,Céu Claro,Dupla,Interseção de vias,-19.77454,-47.97197,DEL13-MG,Risco Médio,Média
domingo,BR-230,329.5,Pleno dia,Decrescente,Céu Claro,Simples,Reta,-7.072615,-45.59532,DEL05-MA,Risco Alto,Baixa
segunda-feira,BR-470,176.9,Pleno dia,Crescente,Céu Claro,Simples,Rotatória,-27.25087,-49.95951,DEL04-SC,Risco Médio,Baixa
terça-feira,BR-428,176.0,Anoitecer,Decrescente,Ignorado,Simples,Reta,-9.268243,-40.43344,DEL06-PE,Risco Médio,Baixa
quarta-feira,BR-101,327.0,Pleno dia,Decrescente,Céu Claro,Simples,Não Informado,-28.43023,-48.95205,DEL02-SC,Risco Baixo,Alta
domingo,BR-230,131.7,Plena Noite,Crescente,Céu Claro,Dupla,Reta,-7.2746,-35.7269,DEL02-PB,Risco Baixo,Baixa
sexta-feira,BR-60,88.9,Plena Noite,Crescente,Céu Claro,Dupla,Reta,-16.3315,-48.8885,DEL02-GO,Risco Médio,Média
domingo,BR-262,588.2,Anoitecer,Decrescente,Céu Claro,Simples,Não Informado,-19.66225,-46.11856,DEL08-MG,Risco Médio,Média
quarta-feira,BR-290,718.5,Plena Noite,Decrescente,Céu Claro,Simples,Reta,-29.79358,-57.01492,DEL13-RS,Risco Médio,Baixa
quinta-feira,BR-277,590.0,Pleno dia,Decrescente,Nublado,Simples,Reta,-24.98262,-53.45949,DEL04-PR,Risco Médio,Média
quarta-feira,BR-116,201.0,Pleno dia,Crescente,Chuva,Múltipla,Reta,-23.40363,-46.3305,DEL01-SP,Risco Médio,Alta
sexta-feira,BR-364,450.0,Pleno dia,Decrescente,Céu Claro,Simples,Reta,-15.59527,-56.22617,DEL01-MT,Risco Médio,Alta
sexta-feira,BR-60,14.8,Pleno dia,Decrescente,Nublado,Dupla,Não Informado,-16.10931,-48.3588,DEL01-DF,Risco Médio,Média
quarta-feira,BR-116,224.0,Plena Noite,Decrescente,Chuva,Simples,Retorno Regulamentado,-29.58976,-51.10782,DEL01-RS,Risco Baixo,Alta
terça-feira,BR-381,75.0,Plena Noite,Decrescente,Chuva,Dupla,Curva,-23.5489,-46.6388,DEL03-SP,Risco Baixo,Alta
sexta-feira,BR-282,530.8,Pleno dia,Decrescente,Sol,Simples,Curva,-26.98817,-52.61088,DEL07-SC,Risco Médio,Baixa
terça-feira,BR-50,172.7,Anoitecer,Decrescente,Céu Claro,Dupla,Reta,-19.75868,-47.97875,DEL13-MG,Risco Médio,Média
domingo,BR-153,467.0,Pleno dia,Crescente,Sol,Simples,Não Informado,-9.975181,-48.74732,DEL01-TO,Risco Baixo,Alta
sexta-feira,BR-116,257.2,Plena Noite,Crescente,Nublado,Múltipla,Interseção de vias,-29.85064,-51.17916,DEL01-RS,Risco Médio,Alta
domingo,BR-116,413.9,Plena Noite,Crescente,Céu Claro,Simples,Reta,-12.15497,-38.9649,DEL02-BA,Risco Médio,Alta
sábado,BR-116,213.0,Plena Noite,Crescente,Céu Claro,Múltipla,Reta,-23.435,-46.426,DEL01-SP,Risco Baixo,Alta
quinta-feira,BR-364,779.0,Pleno dia,Crescente,Céu Claro,Simples,Reta,-9.184548,-64.24134,DEL01-RO,Risco Baixo,Alta
terça-feira,BR-376,619.0,Pleno dia,Crescente,Nublado,Simples,Reta,-25.61099,-49.17144,DEL01-PR,Risco Médio,Baixa
sábado,BR-393,1.7,Pleno dia,Decrescente,Céu Claro,Simples,Reta,-20.83226,-41.17805,DEL03-ES,Risco Médio,Média
sábado,BR-40,554.0,Pleno dia,Decrescente,Céu Claro,Dupla,Reta,-20.0858,-43.9765,DEL01-MG,Risco Médio,Alta
quinta-feira,BR-20,4.9,Pleno dia,Crescente,Céu Claro,Simples,Reta,-15.56139,-47.3137,DEL02-DF,Risco Médio,Baixa
sexta-feira,BR-153,585.6,Pleno dia,Decrescente,Nevoeiro/Neblina,Dupla,Reta,-17.4342,-49.23,DEL03-GO,Risco Médio,Alta
sexta-feira,BR-101,324.0,Pleno dia,Decrescente,Céu Claro,Múltipla,Reta,-22.87381,-43.12641,DEL02-RJ,Risco Médio,Alta
sexta-feira,BR-146,516.6,Pleno dia,Crescente,Céu Claro,Simples,Não Informado,-21.80556,-46.45722,DEL09-MG,Risco Médio,Baixa
sexta-feira,BR-364,200.0,Pleno dia,Crescente,Sol,Simples,Reta,-16.4954,-54.6395,DEL02-MT,Risco Baixo,Alta
quarta-feira,BR-369,175.5,Pleno dia,Crescente,Céu Claro,Simples,Reta,-23324900.0,-51386350.0,DEL07-PR,Risco Baixo,Baixa
sábado,BR-282,516.0,Pleno dia,Decrescente,Nublado,Simples,Curva,-26.93086,-52.49916,DEL07-SC,Risco Médio,Baixa
quinta-feira,BR-101,17.9,Pleno dia,Decrescente,Céu Claro,Dupla,Reta,-6.638444,-35.12334,DEL01-PB,Risco Médio,Alta
quarta-feira,BR-381,440.1,Pleno dia,Crescente,Sol,Simples,Reta,-19.80425,-43.76193,DEL01-MG,Risco Médio,Alta
terça-feira,BR-101,95.0,Pleno dia,Crescente,Céu Claro,Dupla,Reta,-5.840768,-35.21036,DEL01-RN,Risco Médio,Alta
sábado,BR-393,285.7,Anoitecer,Crescente,Céu Claro,Simples,Reta,-22.48173,-44.06309,DEL05-RJ,Risco Médio,Média
quinta-feira,BR-386,290.8,Pleno dia,Decrescente,Nublado,Simples,Curva,-29.11627,-52.24365,DEL04-RS,Risco Médio,Média
terça-feira,BR-376,142.1,Plena Noite,Crescente,Chuva,Dupla,Reta,-23.25682,-52.16533,DEL09-PR,Risco Baixo,Baixa
segunda-feira,BR-101,29.0,Pleno dia,Decrescente,Garoa/Chuvisco,Dupla,Reta,-26.2119,-48.9159,DEL03-SC,Risco Médio,Alta
sábado,BR-423,96.4,Plena Noite,Crescente,Céu Claro,Simples,Não Informado,-8.880218,-36.48652,DEL03-PE,Risco Médio,Baixa
sexta-feira,BR-364,711.0,Pleno dia,Decrescente,Céu Claro,Dupla,Reta,-8.781833,-63.8651,DEL01-RO,Risco Baixo,Alta
sábado,BR-116,105.5,Plena Noite,Decrescente,Nublado,Dupla,Reta,-25.57094,-49.21394,DEL01-PR,Risco Médio,Alta
domingo,BR-230,407.0,Plena Noite,Crescente,Céu Claro,Simples,Curva,-6.7733,-37.798,DEL03-PB,Risco Médio,Baixa
quarta-feira,BR-282,529.7,Pleno dia,Crescente,Nublado,Simples,Não Informado,-26.984,-52.60337,DEL07-SC,Risco Médio,Baixa
sexta-feira,BR-101,121.3,Pleno dia,Crescente,Nublado,Múltipla,Reta,-26.92279,-48.70783,DEL04-SC,Risco Baixo,Alta
quarta-feira,BR-381,525.3,Pleno dia,Crescente,Céu Claro,Dupla,Curva,-20.16711,-44.33422,DEL04-MG,Risco Médio,Alta
quinta-feira,BR-376,617.0,Pleno dia,Decrescente,Sol,Dupla,Reta,-25.58426,-49.17619,DEL01-PR,Risco Baixo,Baixa
sábado,BR-470,226.5,Amanhecer,Decrescente,Céu Claro,Simples,Curva,-29.25005,-51.51404,DEL06-RS,Risco Alto,Baixa
sábado,BR-101,137.8,Pleno dia,Crescente,Céu Claro,Dupla,Reta,-22.15452,-41.73977,DEL08-RJ,Risco Médio,Alta
segunda-feira,BR-381,348.0,Pleno dia,Decrescente,Nublado,Simples,Curva,-19.85244,-43.14084,DEL03-MG,Risco Baixo,Alta
sábado,BR-116,289.9,Pleno dia,Crescente,Sol,Dupla,Reta,-22.48279,-44.25964,DEL07-RJ,Risco Médio,Alta
segunda-feira,BR-381,695.1,Amanhecer,Crescente,Céu Claro,Dupla,Reta,-21.2429,-45.13598,DEL04-MG,Risco Baixo,Alta
terça-feira,BR-381,351.0,Anoitecer,Crescente,Garoa/Chuvisco,Simples,Curva,-19.84644,-43.16611,DEL03-MG,Risco Baixo,Alta
domingo,BR-60,32.0,Pleno dia,Crescente,Céu Claro,Dupla,Reta,-16.0963,-48.5202,DEL01-DF,Risco Médio,Média
terça-feira,BR-343,2.0,Plena Noite,Decrescente,Garoa/Chuvisco,Dupla,Reta,-5.081807,-42.76864,DEL01-PI,Risco Médio,Baixa
segunda-feira,BR-381,88.0,Pleno dia,Decrescente,Céu Claro,Múltipla,Reta,-23.47469,-46.56113,DEL03-SP,Risco Médio,Alta
sábado,BR-101,110.4,Plena Noite,Decrescente,Céu Claro,Dupla,Reta,-26.83578,-48.70991,DEL04-SC,Risco Médio,Alta
sexta-feira,BR-116,89.3,Pleno dia,Crescente,Garoa/Chuvisco,Dupla,Reta,-25.48884,-49.11129,DEL01-PR,Risco Baixo,Alta
domingo,BR-40,519.5,Plena Noite,Crescente,Céu Claro,Dupla,Reta,-19.83958,-44.07684,DEL01-MG,Risco Médio,Alta
domingo,BR-153,194.8,Pleno dia,Decrescente,Céu Claro,Simples,Ponte,-19.96223,-48.98832,DEL13-MG,Risco Médio,Alta
domingo,BR-116,319.0,Plena Noite,Crescente,Céu Claro,Dupla,Reta,-22.47136,-44.51923,DEL07-RJ,Risco Médio,Alta
sexta-feira,BR-116,264.0,Anoitecer,Decrescente,Nublado,Dupla,Curva,-22.57106,-44.11594,DEL07-RJ,Risco Baixo,Alta
sexta-feira,BR-285,310.1,Pleno dia,Decrescente,Céu Claro,Simples,Desvio Temporário,-28.24174,-52.54229,DEL08-RS,Risco Baixo,Baixa
domingo,BR-70,289.0,Plena Noite,Crescente,Céu Claro,Simples,Reta,-15.57724,-54.37705,DEL05-MT,Risco Médio,Baixa
segunda-feira,BR-101,350.0,Plena Noite,Decrescente,Céu Claro,Simples,Curva,-20.65986,-40.64895,DEL03-ES,Risco Médio,Alta
domingo,BR-101,199.6,Pleno dia,Decrescente,Céu Claro,Múltipla,Não Informado,-27.53414,-48.63003,DEL01-SC,Risco Médio,Alta
domingo,BR-381,485.0,Pleno dia,Decrescente,Céu Claro,Dupla,Reta,-19.95616,-44.1021,DEL01-MG,Risco Médio,Alta
sábado,BR-104,112.6,Anoitecer,Crescente,Nublado,Simples,Reta,-7.145029,-35.85693,DEL02-PB,Risco Médio,Baixa
terça-feira,BR-40,33.0,Pleno dia,Crescente,Céu Claro,Simples,Reta,-16.29956,-47.84716,DEL01-DF,Risco Médio,Alta
domingo,BR-20,428.3,Anoitecer,Crescente,Céu Claro,Dupla,Reta,-3.867894,-38.51021,DEL01-CE,Risco Médio,Baixa
domingo,BR-135,13.5,Pleno dia,Decrescente,Céu Claro,Dupla,Não Informado,-2.684081,-44.29673,DEL01-MA,Risco Baixo,Baixa
sábado,BR-408,100.7,Pleno dia,Decrescente,Nublado,Dupla,Rotatória,-8.043641,-35.01675,DEL01-PE,Risco Médio,Baixa
segunda-feira,BR-116,270.5,Pleno dia,Decrescente,Nublado,Dupla,Reta,-23.60756,-46.76568,DEL04-SP,Risco Baixo,Alta
sábado,BR-101,270.0,Pleno dia,Decrescente,Nublado,Múltipla,Curva,-20.22662,-40.27075,DEL02-ES,Risco Baixo,Alta
quinta-feira,BR-101,321.0,Pleno dia,Crescente,Nublado,Dupla,Curva,-22.86981,-43.11046,DEL02-RJ,Risco Médio,Alta
quarta-feira,BR-285,298.0,Pleno dia,Crescente,Céu Claro,Simples,Reta,-28.23641,-52.42347,DEL08-RS,Risco Médio,Baixa
quinta-feira,BR-101,207.8,Pleno dia,Decrescente,Céu Claro,Simples,Reta,-27.60001,-48.62265,DEL01-SC,Risco Médio,Alta
segunda-feira,BR-101,210.5,Plena Noite,Crescente,Céu Claro,Múltipla,Reta,-27.61673,-48.64573,DEL01-SC,Risco Baixo,Alta
sexta-feira,BR-280,101.0,Pleno dia,Decrescente,Nublado,Simples,Curva,-26.35996,-49.3462,DEL06-SC,Risco Baixo,Baixa
quarta-feira,BR-232,32.3,Plena Noite,Decrescente,Céu Claro,Dupla,Reta,-8.104608,-35.17101,DEL01-PE,Risco Baixo,Baixa
segunda-feira,BR-470,49.0,Pleno dia,Decrescente,Nublado,Simples,Reta,-26.85999,-49.05481,DEL04-SC,Risco Médio,Baixa
sábado,BR-476,280.1,Plena Noite,Crescente,Céu Claro,Simples,Reta,-25.87352,-50.41557,DEL02-PR,Risco Baixo,Baixa
quarta-feira,BR-104,96.3,Pleno dia,Decrescente,Céu Claro,Simples,Reta,-8.532571,-35.93865,DEL02-PE,Risco Médio,Baixa
quinta-feira,BR-262,38.5,Pleno dia,Decrescente,Nublado,Simples,Reta,-20.26307,-42.03684,DEL06-MG,Risco Médio,Média
domingo,BR-365,457.8,Pleno dia,Decrescente,Céu Claro,Simples,Reta,-18.85993,-46.88715,DEL10-MG,Risco Médio,Média
sábado,BR-408,26.0,Plena Noite,Decrescente,Céu Claro,Simples,Não Informado,-7.522572,-35.29948,DEL01-PE,Risco Alto,Baixa
quinta-feira,BR-470,155.3,Plena Noite,Crescente,Nevoeiro/Neblina,Simples,Curva,-27.27659,-49.74081,DEL04-SC,Risco Médio,Baixa
quarta-feira,BR-262,465.7,Pleno dia,Decrescente,Chuva,Simples,Reta,-19.80935,-45.11588,DEL08-MG,Risco Médio,Média
quarta-feira,BR-277,96.0,Plena Noite,Decrescente,Ignorado,Dupla,Reta,-25.54577,-49.29537,DEL01-PR,Risco Médio,Média
domingo,BR-40,734.2,Plena Noite,Decrescente,Nublado,Simples,Reta,-21.38297,-43.57034,DEL05-MG,Risco Médio,Alta
segunda-feira,BR-282,2.0,Plena Noite,Crescente,Garoa/Chuvisco,Múltipla,Reta,-27.60366,-48.58601,DEL01-SC,Risco Médio,Baixa
domingo,BR-20,165.0,Pleno dia,Decrescente,Garoa/Chuvisco,Simples,Reta,-5.318476,-39.92127,DEL02-CE,Risco Baixo,Baixa
domingo,BR-20,403.5,Plena Noite,Crescente,Céu Claro,Simples,Reta,-3.779199,-38.6872,DEL01-CE,Risco Alto,Baixa
domingo,BR-230,8.0,Pleno dia,Decrescente,Céu Claro,Dupla,Reta,-7.0355,-34.8429,DEL01-PB,Risco Médio,Baixa
sexta-feira,BR-285,670.0,Pleno dia,Decrescente,Céu Claro,Simples,Reta,-28.66956,-55.95982,DEL12-RS,Risco Baixo,Baixa
sexta-feira,BR-60,0.0,Pleno dia,Decrescente,Chuva,Dupla,Não Informado,-16.05272,-48.25977,DEL01-DF,Risco Médio,Média
quarta-feira,BR-40,529.5,Amanhecer,Crescente,Céu Claro,Dupla,Reta,-19.91636,-44.03967,DEL01-MG,Risco Alto,Alta
quinta-feira,BR-282,153.9,Plena Noite,Decrescente,Garoa/Chuvisco,Simples,Reta,-27.75589,-49.68778,DEL05-SC,Risco Alto,Baixa
quinta-feira,BR-101,268.1,Plena Noite,Decrescente,Céu Claro,Múltipla,Reta,-20.20842,-40.2694,DEL02-ES,Risco Médio,Alta
quarta-feira,BR-110,26.0,Pleno dia,Decrescente,Céu Claro,Simples,Reta,-9.683525,-38.22592,DEL07-BA,Risco Baixo,Baixa
sábado,BR-282,1.0,Pleno dia,Crescente,Sol,Dupla,Reta,-27.60296,-48.58051,DEL01-SC,Risco Baixo,Baixa
sábado,BR-476,132.0,Plena Noite,Crescente,Chuva,Múltipla,Reta,-25.4605,-49.2504,DEL01-PR,Risco Médio,Baixa
sexta-feira,BR-101,310.0,Plena Noite,Decrescente,Ignorado,Dupla,Reta,-22.79718,-43.04407,DEL02-RJ,Risco Médio,Alta
domingo,BR-386,354.6,Plena Noite,Decrescente,Chuva,Dupla,Curva,-29.50661,-51.94301,DEL04-RS,Risco Médio,Média
quarta-feira,BR-381,751.3,Pleno dia,Crescente,Sol,Dupla,Reta,-21.65243,-45.29985,DEL16-MG,Risco Médio,Alta
sábado,BR-427,99.1,Pleno dia,Crescente,Céu Claro,Simples,Reta,-6.459299,-37.09848,DEL03-RN,Risco Médio,Baixa
domingo,BR-116,2.0,Plena Noite,Crescente,Céu Claro,Dupla,Reta,-23.44339,-46.49451,DEL04-SP,Risco Médio,Alta
domingo,BR-101,173.0,Plena Noite,Crescente,Ignorado,Simples,Reta,-19.56254,-40.17743,DEL04-ES,Risco Médio,Alta
segunda-feira,BR-116,13.7,Pleno dia,Decrescente,Céu Claro,Dupla,Reta,-3.860904,-38.49713,DEL01-CE,Risco Médio,Alta
domingo,BR-116,8.0,Pleno dia,Crescente,Sol,Dupla,Reta,-25.3697,-49.1158,DEL01-PR,Risco Médio,Alta
domingo,BR-222,148.0,Plena Noite,Decrescente,Céu Claro,Simples,Reta,-3.750012,-39.77295,DEL04-CE,Risco Médio,Baixa
domingo,BR-277,662.0,Amanhecer,Crescente,Céu Claro,Dupla,Reta,-25.25122,-54.00914,DEL05-PR,Risco Médio,Média
sexta-feira,BR-116,300.0,Plena Noite,Crescente,Garoa/Chuvisco,Dupla,Reta,-23.80425,-46.92144,DEL04-SP,Risco Médio,Alta
sábado,BR-381,455.9,Plena Noite,Decrescente,Céu Claro,Simples,Curva,-19.84358,-43.88489,DEL01-MG,Risco Médio,Alta
domingo,BR-471,163.9,Pleno dia,Decrescente,Nublado,Simples,Reta,-29.89859,-52.39234,DEL02-RS,Risco Médio,Baixa
domingo,BR-101,97.0,Plena Noite,Decrescente,Garoa/Chuvisco,Simples,Curva,-5.857589,-35.21271,DEL01-RN,Risco Baixo,Alta
quinta-feira,BR-316,220.6,Pleno dia,Crescente,Nublado,Simples,Curva,-9.468,-36.18857,DEL01-AL,Risco Baixo,Baixa
terça-feira,BR-20,18.9,Pleno dia,Crescente,Céu Claro,Dupla,Desvio Temporário,-15.6169,-47.70893,DEL02-DF,Risco Médio,Baixa
sábado,BR-262,644.0,Pleno dia,Crescente,Céu Claro,Simples,Reta,-19.5793,-46.6031,DEL08-MG,Risco Médio,Média
terça-feira,BR-376,220.9,Pleno dia,Decrescente,Céu Claro,Dupla,Reta,-23.60242,-51.59826,DEL09-PR,Risco Médio,Baixa
sábado,BR-316,280.0,Amanhecer,Decrescente,Céu Claro,Simples,Reta,-3.747769,-45.2397,DEL02-MA,Risco Alto,Baixa
segunda-feira,BR-381,406.2,Plena Noite,Decrescente,Ignorado,Dupla,Não Informado,-19.75444,-43.53016,DEL01-MG,Risco Médio,Alta
quinta-feira,BR-230,115.0,Pleno dia,Decrescente,Céu Claro,Dupla,Reta,-5.3606,-49.0807,DEL03-PA,Risco Baixo,Baixa
sábado,BR-101,208.8,Anoitecer,Decrescente,Céu Claro,Múltipla,Reta,-27.60328,-48.63202,DEL01-SC,Risco Médio,Alta
quinta-feira,BR-376,425.1,Pleno dia,Decrescente,Chuva,Simples,Curva,-24.70408,-50.55825,DEL03-PR,Risco Médio,Baixa
sexta-feira,BR-101,201.7,Plena Noite,Crescente,Céu Claro,Múltipla,Reta,-27.54837,-48.61978,DEL01-SC,Risco Baixo,Alta
terça-feira,BR-290,671.4,Plena Noite,Crescente,Céu Claro,Simples,Reta,-29.94659,-56.61126,DEL13-RS,Risco Médio,Baixa
domingo,BR-101,182.4,Plena Noite,Crescente,Nublado,Simples,Reta,-11.37408,-37.65569,DEL02-SE,Risco Médio,Alta
quarta-feira,BR-376,626.0,Pleno dia,Crescente,Sol,Dupla,Rotatória,-25.66095,-49.155,DEL01-PR,Risco Baixo,Baixa
segunda-feira,BR-476,135.0,Plena Noite,Decrescente,Nublado,Múltipla,Reta,-25.48379,-49.26581,DEL01-PR,Risco Médio,Baixa
sábado,BR-40,740.0,Pleno dia,Decrescente,Chuva,Simples,Curva,-21.43101,-43.55287,DEL05-MG,Risco Baixo,Alta
sexta-feira,BR-153,38.7,Pleno dia,Crescente,Céu Claro,Simples,Não Informado,-26.84024,-51.74695,DEL07-SC,Risco Alto,Alta
sexta-feira,BR-80,25.0,Pleno dia,Crescente,Céu Claro,Simples,Reta,-15.62121,-48.19896,DEL01-DF,Risco Baixo,Baixa
quinta-feira,BR-393,286.0,Pleno dia,Decrescente,Céu Claro,Simples,Interseção de vias,-22.49134,-44.06506,DEL05-RJ,Risco Médio,Média
sábado,BR-116,16.7,Pleno dia,Decrescente,Sol,Simples,Interseção de vias,-14.90235,-40.84422,DEL08-BA,Risco Médio,Alta
sábado,BR-465,2.0,Amanhecer,Decrescente,Chuva,Simples,Reta,-22.72727,-43.71871,DEL01-RJ,Risco Médio,Baixa
sexta-feira,BR-381,728.6,Plena Noite,Decrescente,Céu Claro,Dupla,Curva,-21.52361,-45.22482,DEL04-MG,Risco Médio,Alta
quinta-feira,BR-153,33.2,Pleno dia,Crescente,Céu Claro,Simples,Não Informado,-23.23586,-50.03854,DEL07-PR,Risco Médio,Alta
terça-feira,BR-101,308.0,Anoitecer,Crescente,Chuva,Dupla,Reta,-22.79309,-43.0248,DEL02-RJ,Risco Médio,Alta
quinta-feira,BR-101,187.0,Pleno dia,Crescente,Céu Claro,Dupla,Reta,-27.44307,-48.62848,DEL01-SC,Risco Médio,Alta
sábado,BR-470,38.9,Plena Noite,Decrescente,Nublado,Simples,Curva,-26.9135,-48.97759,DEL04-SC,Risco Médio,Baixa
quinta-feira,BR-101,40.8,Pleno dia,Decrescente,Chuva,Dupla,Reta,-7.821475,-34.91654,DEL01-PE,Risco Médio,Alta
quarta-feira,BR-101,17.8,Anoitecer,Crescente,Céu Claro,Simples,Não Informado,-18.30706,-39.95727,DEL04-ES,Risco Médio,Alta
domingo,BR-364,507.0,Pleno dia,Crescente,Céu Claro,Simples,Reta,-9.983479,-63.02364,DEL03-RO,Risco Médio,Alta
quarta-feira,BR-369,147.0,Pleno dia,Decrescente,Chuva,Dupla,Reta,-23.29318,-51.13476,DEL07-PR,Risco Baixo,Baixa
segunda-feira,BR-101,261.0,Pleno dia,Crescente,Chuva,Simples,Desvio Temporário,-22.71493,-42.65212,DEL02-RJ,Risco Médio,Alta
terça-feira,BR-262,444.8,Pleno dia,Decrescente,Céu Claro,Dupla,Reta,-19.88113,-44.9315,DEL08-MG,Risco Médio,Média
sexta-feira,BR-232,549.0,Pleno dia,Decrescente,Céu Claro,Simples,Reta,-8.090978,-39.57865,DEL05-PE,Risco Alto,Baixa
sexta-feira,BR-222,244.0,Plena Noite,Crescente,Céu Claro,Dupla,Reta,-5.347676,-49.08046,DEL03-PA,Risco Baixo,Baixa
quarta-feira,BR-101,173.9,Pleno dia,Decrescente,Céu Claro,Simples,Reta,-12.38044,-38.88102,DEL01-BA,Risco Baixo,Alta
terça-feira,BR-277,96.0,Pleno dia,Decrescente,Céu Claro,Dupla,Reta,-25.43075,-49.32937,DEL01-PR,Risco Médio,Média
quinta-feira,BR-381,760.7,Plena Noite,Decrescente,Nublado,Dupla,Não Informado,-21.69894,-45.367,DEL16-MG,Risco Médio,Alta
sexta-feira,BR-381,480.5,Amanhecer,Crescente,Nublado,Dupla,Curva,-19.9575,-44.079,DEL01-MG,Risco Alto,Alta
sexta-feira,BR-153,24.8,Pleno dia,Crescente,Céu Claro,Simples,Interseção de vias,-23.18976,-49.98573,DEL07-PR,Risco Médio,Alta
quarta-feira,BR-101,208.2,Pleno dia,Decrescente,Nublado,Dupla,Reta,-27.60328,-48.63202,DEL01-SC,Risco Médio,Alta
terça-feira,BR-259,81.9,Pleno dia,Crescente,Céu Claro,Simples,Curva,-19.5098,-40.85515,DEL02-ES,Risco Médio,Baixa
quarta-feira,BR-116,153.0,Plena Noite,Decrescente,Céu Claro,Dupla,Reta,-23.23262,-45.91373,DEL02-SP,Risco Médio,Alta
sábado,BR-230,81.0,Plena Noite,Crescente,Céu Claro,Simples,Reta,-6.487142,-43.61078,DEL03-PI,Risco Médio,Baixa
sábado,BR-262,466.3,Pleno dia,Crescente,Sol,Simples,Não Informado,-19.78593,-45.16806,DEL08-MG,Risco Médio,Média
quarta-feira,BR-50,34.0,Pleno dia,Crescente,Céu Claro,Dupla,Reta,-18.64696,-48.13009,DEL15-MG,Risco Médio,Média
sexta-feira,BR-116,853.0,Pleno dia,Crescente,Céu Claro,Simples,Curva,-15.0722,-41.00355,DEL08-BA,Risco Médio,Alta
terça-feira,BR-116,207.0,Plena Noite,Decrescente,Chuva,Dupla,Reta,-22.71571,-43.72524,DEL01-RJ,Risco Baixo,Alta
quarta-feira,BR-316,1.2,Pleno dia,Crescente,Céu Claro,Dupla,Interseção de vias,-5.126508,-42.7993,DEL01-PI,Risco Baixo,Baixa
quarta-feira,BR-364,69.3,Pleno dia,Crescente,Sol,Simples,Desvio Temporário,-12.47609,-60.49646,DEL04-RO,Risco Médio,Alta
domingo,BR-324,624.0,Plena Noite,Decrescente,Nublado,Dupla,Desvio Temporário,-12.93384,-38.47191,DEL01-BA,Risco Médio,Baixa
segunda-feira,BR-116,211.0,Pleno dia,Crescente,Céu Claro,Múltipla,Reta,-23.43243,-46.41944,DEL01-SP,Risco Médio,Alta
quarta-feira,BR-369,506.5,Plena Noite,Crescente,Céu Claro,Simples,Reta,-24.8326,-53.3005,DEL04-PR,Risco Médio,Baixa
sábado,BR-101,287.0,Plena Noite,Decrescente,Céu Claro,Dupla,Reta,-20.26494,-40.38472,DEL01-ES,Risco Médio,Alta
sexta-feira,BR-277,531.6,Plena Noite,Decrescente,Céu Claro,Simples,Reta,-25.09586,-52.96367,DEL04-PR,Risco Médio,Média
sexta-feira,BR-116,173.0,Pleno dia,Decrescente,Céu Claro,Dupla,Reta,-22.7981,-43.35727,DEL01-RJ,Risco Médio,Alta
sexta-feira,BR-472,523.0,Pleno dia,Decrescente,Céu Claro,Simples,Reta,-29.48315,-56.68674,DEL13-RS,Risco Médio,Baixa
sábado,BR-163,346.1,Pleno dia,Crescente,Céu Claro,Simples,Rotatória,-24.10543,-54.23907,DEL06-PR,Risco Médio,Alta
segunda-feira,BR-101,91.5,Plena Noite,Crescente,Chuva,Dupla,Reta,-26.67121,-48.69012,DEL03-SC,Risco Baixo,Alta
sexta-feira,BR-40,530.0,Pleno dia,Crescente,Céu Claro,Dupla,Retorno Regulamentado,-19.9214,-44.023,DEL01-MG,Risco Médio,Alta
terça-feira,BR-116,221.0,Amanhecer,Crescente,Ignorado,Múltipla,Reta,-23.46326,-46.53373,DEL01-SP,Risco Médio,Alta
segunda-feira,BR-40,105.0,Pleno dia,Decrescente,Nublado,Simples,Reta,-22.63785,-43.28429,DEL01-RJ,Risco Médio,Alta
domingo,BR-70,12.2,Pleno dia,Decrescente,Céu Claro,Simples,Não Informado,-15.74037,-48.31035,DEL01-DF,Risco Médio,Baixa
domingo,BR-153,514.1,Plena Noite,Decrescente,Céu Claro,Dupla,Reta,-16.8315,-49.2434,DEL01-GO,Risco Médio,Alta
sexta-feira,BR-381,876.6,Pleno dia,Decrescente,Chuva,Dupla,Curva,-22.47281,-46.01073,DEL16-MG,Risco Baixo,Alta
sexta-feira,BR-116,408.0,Plena Noite,Crescente,Chuva,Dupla,Reta,-24.32873,-47.57542,DEL05-SP,Risco Baixo,Alta
domingo,BR-158,320.0,Pleno dia,Crescente,Sol,Simples,Reta,-29.67612,-53.77816,DEL09-RS,Risco Baixo,Baixa
terça-feira,BR-116,382.0,Pleno dia,Crescente,Sol,Simples,Reta,-11.87608,-38.97927,DEL02-BA,Risco Alto,Alta
quarta-feira,BR-367,68.0,Pleno dia,Decrescente,Céu Claro,Simples,Reta,-16.38726,-39.45087,DEL09-BA,Risco Médio,Baixa
sexta-feira,BR-60,40.0,Anoitecer,Crescente,Céu Claro,Dupla,Não Informado,-16.11069,-48.56367,DEL01-DF,Risco Médio,Média