dia_semana,br,km,fase_dia,sentido_via,condicao_metereologica,tipo_pista,tracado_via,latitude,longitude,delegacia,classificacao_acidente,postos_policiais_PRF
quarta-feira,BR-304,41.6,Plena Noite,Crescente,Céu Claro,Simples,Reta,-4.579584,-37.84254,DEL03-CE,Risco Médio,Baixa
sábado,BR-116,10.7,Plena Noite,Crescente,Nublado,Simples,Reta,-15.78393,-41.34013,DEL08-BA,Risco Médio,Alta
quinta-feira,BR-163,557.6,Pleno dia,Decrescente,Céu Claro,Simples,Reta,-14.25367,-56.13978,DEL01-MT,Risco Médio,Alta
sábado,BR-116,232.0,Plena Noite,Decrescente,Chuva,Simples,Curva,-29.633,-51.14325,DEL01-RS,Risco Baixo,Alta
sábado,BR-116,186.2,Pleno dia,Crescente,Nublado,Dupla,Curva,-23.35221,-46.19935,DEL01-SP,Risco Médio,Alta
quarta-feira,BR-476,277.0,Pleno dia,Decrescente,Sol,Simples,Reta,-25.87505,-50.39092,DEL02-PR,Risco Médio,Baixa
quarta-feira,BR-116,250.0,Pleno dia,Crescente,Chuva,Dupla,Reta,-29.79149,-51.164,DEL01-RS,Risco Baixo,Alta
segunda-feira,BR-116,669.0,Plena Noite,Crescente,Céu Claro,Simples,Curva,-13.77544,-40.10191,DEL03-BA,Risco Médio,Alta
quinta-feira,BR-153,377.2,Pleno dia,Decrescente,Céu Claro,Simples,Reta,-15.58958,-49.4107,DEL02-GO,Risco Médio,Alta
sábado,BR-414,226.0,Pleno dia,Crescente,Céu Claro,Simples,Reta,-14.62295,-48.5909,DEL07-GO,Risco Médio,Baixa
domingo,BR-101,41.9,Amanhecer,Crescente,Céu Claro,Múltipla,Não Informado,-7.830383,-34.91427,DEL01-PE,Risco Baixo,Alta
quinta-feira,BR-174,18.0,Pleno dia,Decrescente,Céu Claro,Simples,Curva,-15.18381,-59.44668,DEL03-MT,Risco Baixo,Baixa
domingo,BR-174,424.0,Anoitecer,Crescente,Céu Claro,Simples,Reta,2.262994,-60.97258,DEL01-RR,Risco Baixo,Baixa
sexta-feira,BR-163,313.4,Amanhecer,Crescente,Céu Claro,Dupla,Reta,-21.8654,-54.5284,DEL02-MS,Risco Médio,Alta
segunda-feira,BR-10,214.0,Plena Noite,Crescente,Nublado,Simples,Reta,-2.561519,-47.49348,DEL02-PA,Risco Médio,Baixa
quarta-feira,BR-153,504.0,Plena Noite,Crescente,Céu Claro,Dupla,Reta,-16.7451,-49.2408,DEL01-GO,Risco Médio,Alta
domingo,BR-290,54.0,Amanhecer,Crescente,Céu Claro,Dupla,Reta,-29.91264,-50.7981,DEL03-RS,Risco Médio,Baixa
quarta-feira,BR-60,30.0,Pleno dia,Decrescente,Céu Claro,Dupla,Reta,-16.03854,-48.25596,DEL01-DF,Risco Baixo,Média
segunda-feira,BR-116,138.0,Plena Noite,Decrescente,Céu Claro,Dupla,Reta,-23.1573,-45.79559,DEL06-SP,Risco Médio,Alta
quinta-feira,BR-470,87.0,Plena Noite,Crescente,Céu Claro,Simples,Reta,-26.94848,-49.36683,DEL04-SC,Risco Médio,Baixa
sexta-feira,BR-280,53.8,Pleno dia,Crescente,Céu Claro,Simples,Reta,-26.47237,-48.97427,DEL03-SC,Risco Médio,Baixa
sábado,BR-101,327.0,Plena Noite,Decrescente,Garoa/Chuvisco,Dupla,Reta,-22.87117,-43.15595,DEL02-RJ,Risco Médio,Alta
terça-feira,BR-116,275.0,Plena Noite,Crescente,Céu Claro,Dupla,Desvio Temporário,-22.55541,-44.11204,DEL07-RJ,Risco Médio,Alta
sexta-feira,BR-40,98.0,Pleno dia,Decrescente,Sol,Simples,Reta,-22.57774,-43.27329,DEL01-RJ,Risco Médio,Alta
sábado,BR-376,639.0,Pleno dia,Decrescente,Garoa/Chuvisco,Dupla,Curva,-25.7764,-49.1205,DEL01-PR,Risco Médio,Baixa
sábado,BR-476,278.8,Plena Noite,Crescente,Nublado,Simples,Reta,-25.89415,-50.3755,DEL02-PR,Risco Baixo,Baixa
domingo,BR-330,828.0,Pleno dia,Crescente,Céu Claro,Simples,Interseção de vias,-14.26661,-39.32661,DEL05-BA,Risco Médio,Baixa
sábado,BR-40,117.0,Pleno dia,Crescente,Céu Claro,Múltipla,Reta,-22.74568,-43.2881,DEL01-RJ,Risco Alto,Alta
sábado,BR-116,81.0,Anoitecer,Crescente,Céu Claro,Simples,Curva,-22.42447,-42.95365,DEL04-RJ,Risco Baixo,Alta
sábado,BR-230,114.0,Anoitecer,Decrescente,Nublado,Dupla,Reta,-5.364667,-49.06623,DEL03-PA,Risco Médio,Baixa
domingo,BR-101,85.9,Plena Noite,Decrescente,Chuva,Múltipla,Rotatória,-29.87917,-50.26054,DEL03-RS,Risco Médio,Alta
terça-feira,BR-101,313.0,Pleno dia,Decrescente,Céu Claro,Dupla,Reta,-22.80737,-43.06465,DEL02-RJ,Risco Baixo,Alta
sábado,BR-222,163.0,Pleno dia,Crescente,Céu Claro,Simples,Reta,-3.732195,-39.90252,DEL04-CE,Risco Médio,Baixa
terça-feira,BR-423,132.1,Pleno dia,Crescente,Céu Claro,Simples,Desvio Temporário,-8.959435,-36.76462,DEL03-PE,Risco Alto,Baixa
sexta-feira,BR-262,445.3,Pleno dia,Decrescente,Céu Claro,Simples,Reta,-19.878,-44.94086,DEL08-MG,Risco Médio,Média
terça-feira,BR-367,23.0,Pleno dia,Crescente,Céu Claro,Simples,Reta,-16.43518,-39.07201,DEL09-BA,Risco Médio,Baixa
quarta-feira,BR-174,914.0,Plena Noite,Decrescente,Nevoeiro/Neblina,Simples,Reta,-2.816858,-60.03651,DEL01-AM,Risco Médio,Baixa
quinta-feira,BR-60,385.0,Plena Noite,Decrescente,Céu Claro,Simples,Reta,-20.66978,-54.75725,DEL01-MS,Risco Médio,Média
segunda-feira,BR-101,69.7,Pleno dia,Crescente,Garoa/Chuvisco,Dupla,Viaduto,-26.52283,-48.71617,DEL03-SC,Risco Médio,Alta
quarta-feira,BR-101,703.1,Plena Noite,Decrescente,Céu Claro,Simples,Curva,-16.26755,-39.5846,DEL09-BA,Risco Alto,Alta
quinta-feira,BR-381,788.9,Anoitecer,Crescente,Chuva,Dupla,Curva,-21.8699,-45.53842,DEL16-MG,Risco Baixo,Alta
segunda-feira,BR-280,125.9,Plena Noite,Decrescente,Nublado,Simples,Reta,-26.23764,-49.48434,DEL06-SC,Risco Médio,Baixa
terça-feira,BR-116,438.5,Plena Noite,Decrescente,Nublado,Dupla,Reta,-24.45024,-47.80784,DEL05-SP,Risco Baixo,Alta
quinta-feira,BR-290,275.6,Amanhecer,Decrescente,Chuva,Simples,Reta,-30.25807,-52.98971,DEL02-RS,Risco Médio,Baixa
quarta-feira,BR-153,92.8,Pleno dia,Crescente,Chuva,Simples,Desvio Temporário,-23.71109,-50.17616,DEL07-PR,Risco Médio,Alta
terça-feira,BR-251,357.0,Pleno dia,Crescente,Céu Claro,Simples,Curva,-16.26805,-42.5632,DEL12-MG,Risco Médio,Baixa
quarta-feira,BR-277,101.0,Amanhecer,Decrescente,Chuva,Dupla,Reta,-25.42882,-49.37945,DEL01-PR,Risco Médio,Média
terça-feira,BR-60,100.0,Plena Noite,Crescente,Céu Claro,Dupla,Reta,-16.3979,-48.9664,DEL02-GO,Risco Médio,Média
segunda-feira,BR-163,66.1,Plena Noite,Decrescente,Nublado,Dupla,Reta,-26.75228,-53.50064,DEL07-SC,Risco Baixo,Alta
sábado,BR-222,7.6,Pleno dia,Crescente,Céu Claro,Dupla,Reta,-3.751208,-38.63373,DEL01-CE,Risco Alto,Baixa
segunda-feira,BR-174,939.1,Pleno dia,Decrescente,Nublado,Simples,Desvio Temporário,-3.102328,-60.02544,DEL01-AM,Risco Médio,Baixa
segunda-feira,BR-101,321.0,Pleno dia,Crescente,Nublado,Múltipla,Reta,-22.86981,-43.11046,DEL02-RJ,Risco Médio,Alta
sábado,BR-232,59.0,Pleno dia,Crescente,Céu Claro,Dupla,Interseção de vias,-8.1471,-35.3975,DEL01-PE,Risco Médio,Baixa
quinta-feira,BR-101,261.0,Pleno dia,Crescente,Céu Claro,Dupla,Reta,-20.13754,-40.29212,DEL02-ES,Risco Médio,Alta
sábado,BR-101,89.2,Pleno dia,Crescente,Sol,Simples,Reta,-26.66212,-48.68892,DEL03-SC,Risco Médio,Alta
quarta-feira,BR-116,119.0,Pleno dia,Crescente,Chuva,Dupla,Não Informado,-25.57572,-49.31229,DEL01-PR,Risco Médio,Alta
sábado,BR-287,275.0,Amanhecer,Crescente,Nublado,Simples,Reta,-29.66189,-54.12517,DEL09-RS,Risco Médio,Baixa
quarta-feira,BR-153,107.1,Pleno dia,Crescente,Céu Claro,Simples,Reta,-6.036651,-48.62827,DEL03-PA,Risco Médio,Alta
segunda-feira,BR-116,189.0,Pleno dia,Decrescente,Céu Claro,Dupla,Reta,-22.73766,-43.49182,DEL01-RJ,Risco Médio,Alta
quarta-feira,BR-40,445.0,Anoitecer,Decrescente,Garoa/Chuvisco,Dupla,Curva,-19.2937,-44.3832,DEL02-MG,Risco Baixo,Alta
segunda-feira,BR-101,174.0,Pleno dia,Decrescente,Chuva,Simples,Reta,-12.381,-38.8815,DEL01-BA,Risco Baixo,Alta
sexta-feira,BR-381,940.0,Pleno dia,Decrescente,Chuva,Dupla,Curva,-22.85421,-46.3374,DEL16-MG,Risco Baixo,Alta
sábado,BR-361,6.0,Plena Noite,Crescente,Céu Claro,Simples,Reta,-7.035943,-37.31113,DEL03-PB,Risco Médio,Baixa
segunda-feira,BR-356,271.5,Plena Noite,Crescente,Nublado,Simples,Curva,-21.1321,-42.31712,DEL07-MG,Risco Médio,Baixa
segunda-feira,BR-381,583.0,Pleno dia,Crescente,Chuva,Dupla,Reta,-20.5117,-44.6119,DEL04-MG,Risco Médio,Alta
terça-feira,BR-369,91.0,Pleno dia,Crescente,Chuva,Simples,Curva,-23.20913,-50.66266,DEL07-PR,Risco Baixo,Baixa
quinta-feira,BR-230,92.0,Plena Noite,Crescente,Céu Claro,Simples,Não Informado,-5.451901,-48.89451,DEL03-PA,Risco Baixo,Baixa
domingo,BR-308,189.0,Plena Noite,Decrescente,Céu Claro,Simples,Reta,-1.0828,-46.8907,DEL01-PA,Risco Médio,Baixa
sexta-feira,BR-153,54.6,Plena Noite,Decrescente,Chuva,Dupla,Curva,-18.85512,-49.08053,DEL15-MG,Risco Médio,Alta
quarta-feira,BR-476,124.1,Pleno dia,Crescente,Nublado,Dupla,Reta,-25.40079,-49.21626,DEL01-PR,Risco Médio,Baixa
sexta-feira,BR-364,435.2,Pleno dia,Crescente,Céu Claro,Dupla,Rotatória,-15.64889,-56.19618,DEL01-MT,Risco Médio,Alta
sexta-feira,BR-116,83.0,Pleno dia,Decrescente,Céu Claro,Dupla,Reta,-25.42089,-49.07238,DEL01-PR,Risco Baixo,Alta
sábado,BR-381,671.4,Pleno dia,Crescente,Garoa/Chuvisco,Dupla,Não Informado,-21.06564,-45.0527,DEL04-MG,Risco Alto,Alta
terça-feira,BR-101,16.0,Plena Noite,Decrescente,Céu Claro,Dupla,Reta,-26.1216,-48.8826,DEL03-SC,Risco Médio,Alta
quinta-feira,BR-381,612.3,Amanhecer,Decrescente,Nublado,Dupla,Curva,-20.69711,-44.74852,DEL04-MG,Risco Alto,Alta
segunda-feira,BR-116,162.0,Pleno dia,Decrescente,Céu Claro,Dupla,Reta,-23.28077,-45.98328,DEL02-SP,Risco Médio,Alta
sábado,BR-116,10.1,Anoitecer,Crescente,Céu Claro,Múltipla,Não Informado,-3.836038,-38.50273,DEL01-CE,Risco Médio,Alta
sábado,BR-101,117.5,Pleno dia,Decrescente,Céu Claro,Simples,Interseção de vias,-26.89061,-48.72055,DEL04-SC,Risco Médio,Alta
quinta-feira,BR-376,159.8,Pleno dia,Crescente,Céu Claro,Múltipla,Curva,-23.36498,-52.07632,DEL09-PR,Risco Médio,Baixa
sexta-feira,BR-381,478.2,Pleno dia,Decrescente,Sol,Dupla,Não Informado,-19.95826,-44.05921,DEL01-MG,Risco Médio,Alta
segunda-feira,BR-20,83.0,Pleno dia,Crescente,Sol,Simples,Reta,-13.23493,-46.04782,DEL10-BA,Risco Médio,Baixa
segunda-feira,BR-116,310.0,Anoitecer,Crescente,Céu Claro,Dupla,Reta,-23.87171,-46.96137,DEL04-SP,Risco Médio,Alta
quinta-feira,BR-280,20.0,Plena Noite,Crescente,Céu Claro,Simples,Reta,-26.3699,-48.6819,DEL03-SC,Risco Médio,Baixa
segunda-feira,BR-101,144.6,Pleno dia,Decrescente,Céu Claro,Dupla,Reta,-19.35188,-40.06367,DEL04-ES,Risco Médio,Alta
sexta-feira,BR-70,38.1,Amanhecer,Decrescente,Céu Claro,Simples,Curva,-15.7769,-52.54596,DEL07-MT,Risco Alto,Baixa
quinta-feira,BR-280,28.0,Pleno dia,Decrescente,Chuva,Simples,Reta,-26.4045,-48.74561,DEL03-SC,Risco Médio,Baixa
segunda-feira,BR-226,296.9,Pleno dia,Crescente,Céu Claro,Simples,Não Informado,-5.500236,-45.22057,DEL03-MA,Risco Médio,Baixa
domingo,BR-153,347.5,Plena Noite,Decrescente,Chuva,Simples,Reta,-25.60353,-50.69178,DEL03-PR,Risco Médio,Alta
segunda-feira,BR-101,167.0,Pleno dia,Decrescente,Céu Claro,Simples,Reta,-19.52735,-40.15218,DEL04-ES,Risco Médio,Alta
quarta-feira,BR-116,17.0,Pleno dia,Crescente,Céu Claro,Dupla,Reta,-25.389,-49.1867,DEL01-PR,Risco Médio,Alta
segunda-feira,BR-469,2.0,Plena Noite,Crescente,Chuva,Simples,Reta,-25.5469,-54.5882,DEL05-PR,Risco Médio,Baixa
sábado,BR-364,3.0,Pleno dia,Decrescente,Céu Claro,Simples,Reta,-20.13824,-48.70235,DEL13-MG,Risco Médio,Alta
terça-feira,BR-429,108.0,Pleno dia,Crescente,Céu Claro,Simples,Reta,-11.45444,-62.38457,DEL02-RO,Risco Médio,Baixa
sábado,BR-101,126.9,Plena Noite,Decrescente,Céu Claro,Dupla,Interseção de vias,-7.500773,-34.98495,DEL01-PB,Risco Médio,Alta
sábado,BR-101,51.5,Plena Noite,Crescente,Céu Claro,Múltipla,Reta,-7.917448,-34.89858,DEL01-PE,Risco Médio,Alta
sábado,BR-101,239.9,Plena Noite,Crescente,Nublado,Dupla,Desvio Temporário,-10.13713,-36.80203,DEL02-AL,Risco Médio,Alta
sábado,BR-116,224.0,Pleno dia,Decrescente,Céu Claro,Simples,Curva,-22.68709,-43.81059,DEL07-RJ,Risco Médio,Alta
quinta-feira,BR-476,136.9,Plena Noite,Crescente,Garoa/Chuvisco,Múltipla,Reta,-25.4967,-49.27669,DEL01-PR,Risco Baixo,Baixa
segunda-feira,BR-101,294.4,Pleno dia,Decrescente,Céu Claro,Múltipla,Viaduto,-20.32858,-40.39789,DEL01-ES,Risco Médio,Alta
segunda-feira,BR-262,431.1,Pleno dia,Crescente,Nublado,Dupla,Reta,-19.8942,-44.88091,DEL08-MG,Risco Baixo,Média
segunda-feira,BR-230,80.7,Pleno dia,Decrescente,Céu Claro,Simples,Curva,-6.488239,-43.60144,DEL03-PI,Risco Médio,Baixa
domingo,BR-153,317.5,Plena Noite,Decrescente,Chuva,Simples,Reta,-15.43416,-49.51126,DEL02-GO,Risco Médio,Alta
quinta-feira,BR-364,162.0,Pleno dia,Crescente,Céu Claro,Simples,Reta,-16.70477,-54.27845,DEL02-MT,Risco Baixo,Alta
terça-feira,BR-316,87.9,Pleno dia,Decrescente,Céu Claro,Simples,Curva,-5.780948,-42.56498,DEL04-PI,Risco Médio,Baixa
terça-feira,BR-386,418.0,Pleno dia,Crescente,Garoa/Chuvisco,Simples,Reta,-29.81961,-51.44281,DEL04-RS,Risco Baixo,Média
sexta-feira,BR-101,213.0,Pleno dia,Decrescente,Céu Claro,Dupla,Reta,-27.63697,-48.66514,DEL01-SC,Risco Baixo,Alta
segunda-feira,BR-163,484.3,Plena Noite,Crescente,Céu Claro,Simples,Reta,-20.44742,-54.54092,DEL01-MS,Risco Médio,Alta
sexta-feira,BR-101,41.2,Pleno dia,Crescente,Nublado,Dupla,Rotatória,-26.31872,-48.87226,DEL03-SC,Risco Médio,Alta
domingo,BR-365,626.0,Pleno dia,Decrescente,Céu Claro,Dupla,Não Informado,-18.90659,-48.33469,DEL15-MG,Risco Médio,Média
sexta-feira,BR-343,172.9,Plena Noite,Decrescente,Céu Claro,Simples,Reta,-4.177041,-41.78833,DEL02-PI,Risco Médio,Baixa
quarta-feira,BR-153,73.8,Plena Noite,Crescente,Chuva,Dupla,Desvio Temporário,-20.87627,-49.42005,DEL09-SP,Risco Médio,Alta
sexta-feira,BR-381,902.0,Plena Noite,Decrescente,Nublado,Dupla,Reta,-22.6371,-46.07921,DEL16-MG,Risco Médio,Alta
sexta-feira,BR-101,117.3,Pleno dia,Crescente,Céu Claro,Simples,Rotatória,-26.88747,-48.72253,DEL04-SC,Risco Médio,Alta
quinta-feira,BR-470,192.7,Pleno dia,Crescente,Chuva,Simples,Não Informado,-29.03048,-51.56646,DEL06-RS,Risco Médio,Baixa
quinta-feira,BR-110,59.0,Plena Noite,Crescente,Chuva,Simples,Reta,-9.960297,-38.30595,DEL07-BA,Risco Médio,Baixa
sexta-feira,BR-50,174.4,Pleno dia,Decrescente,Céu Claro,Dupla,Reta,-19.77082,-47.97343,DEL13-MG,Risco Médio,Média
sexta-feira,BR-101,713.0,Pleno dia,Crescente,Céu Claro,Simples,Reta,-16.33529,-39.5815,DEL09-BA,Risco Baixo,Alta
terça-feira,BR-116,237.0,Anoitecer,Crescente,Nublado,Simples,Reta,-22.63017,-43.91029,DEL07-RJ,Risco Médio,Alta
quarta-feira,BR-101,85.4,Plena Noite,Crescente,Céu Claro,Simples,Reta,-8.184645,-34.95202,DEL01-PE,Risco Baixo,Alta
segunda-feira,BR-282,221.0,Pleno dia,Decrescente,Céu Claro,Simples,Reta,-27.79636,-50.34343,DEL05-SC,Risco Médio,Baixa
sábado,BR-365,629.1,Plena Noite,Crescente,Céu Claro,Dupla,Não Informado,-18.90049,-48.36226,DEL15-MG,Risco Alto,Média
terça-feira,BR-365,497.4,Pleno dia,Crescente,Sol,Simples,Desvio Temporário,-18.92144,-47.20686,DEL10-MG,Risco Alto,Média
terça-feira,BR-386,83.0,Plena Noite,Decrescente,Garoa/Chuvisco,Simples,Curva,-27.72543,-53.23523,DEL08-RS,Risco Baixo,Média
sábado,BR-376,158.0,Pleno dia,Crescente,Sol,Dupla,Reta,-23.35517,-52.09045,DEL09-PR,Risco Médio,Baixa
sábado,BR-60,137.0,Amanhecer,Crescente,Céu Claro,Simples,Reta,-16.603,-49.2023,DEL01-GO,Risco Médio,Média
quinta-feira,BR-153,178.7,Pleno dia,Crescente,Céu Claro,Simples,Reta,-19.83944,-48.96458,DEL13-MG,Risco Médio,Alta
domingo,BR-70,535.0,Pleno dia,Decrescente,Nublado,Simples,Reta,-15.64921,-56.19486,DEL01-MT,Risco Médio,Baixa
sábado,BR-468,69.0,Pleno dia,Decrescente,Céu Claro,Simples,Curva,-27.72108,-53.84459,DEL08-RS,Risco Baixo,Baixa
sábado,BR-364,270.0,Pleno dia,Crescente,Céu Claro,Dupla,Reta,-15.96898,-54.94463,DEL02-MT,Risco Médio,Alta
quarta-feira,BR-163,258.2,Plena Noite,Crescente,Céu Claro,Dupla,Curva,-22.25582,-54.77873,DEL04-MS,Risco Médio,Alta
domingo,BR-101,91.0,Plena Noite,Decrescente,Nublado,Simples,Reta,-18.90627,-39.95996,DEL04-ES,Risco Médio,Alta
domingo,BR-153,97.9,Plena Noite,Crescente,Céu Claro,Simples,Reta,-19.2113,-48.93783,DEL15-MG,Risco Médio,Alta
quarta-feira,BR-116,496.4,Plena Noite,Decrescente,Céu Claro,Simples,Reta,-19.51783,-42.12798,DEL06-MG,Risco Médio,Alta
quarta-feira,BR-381,60.0,Plena Noite,Crescente,Nublado,Dupla,Reta,-23.17635,-46.58002,DEL03-SP,Risco Médio,Alta
sábado,BR-324,358.0,Plena Noite,Crescente,Garoa/Chuvisco,Simples,Reta,-11.39224,-39.97628,DEL04-BA,Risco Baixo,Baixa
segunda-feira,BR-376,240.9,Pleno dia,Crescente,Chuva,Dupla,Curva,-23.58352,-51.4471,DEL07-PR,Risco Médio,Baixa
segunda-feira,BR-116,204.5,Plena Noite,Crescente,Céu Claro,Simples,Não Informado,-29.49524,-51.14188,DEL05-RS,Risco Alto,Alta
segunda-feira,BR-70,8.3,Pleno dia,Crescente,Nublado,Dupla,Curva,-15.73581,-48.27645,DEL01-DF,Risco Médio,Baixa
sexta-feira,BR-101,446.7,Plena Noite,Crescente,Céu Claro,Dupla,Reta,-29.14529,-49.7224,DEL02-SC,Risco Médio,Alta
sábado,BR-101,43.7,Pleno dia,Crescente,Céu Claro,Dupla,Não Informado,-6.865561,-35.13337,DEL01-PB,Risco Médio,Alta
sábado,BR-163,82.9,Plena Noite,Crescente,Céu Claro,Simples,Reta,-23.44133,-54.20312,DEL09-MS,Risco Médio,Alta
segunda-feira,BR-470,68.0,Pleno dia,Crescente,Nublado,Simples,Túnel,-26.87761,-49.23923,DEL04-SC,Risco Médio,Baixa
terça-feira,BR-116,4.0,Anoitecer,Crescente,Céu Claro,Dupla,Reta,-3.77494,-38.51638,DEL01-CE,Risco Médio,Alta
terça-feira,BR-116,450.8,Pleno dia,Crescente,Céu Claro,Dupla,Reta,-24.54409,-47.86162,DEL05-SP,Risco Médio,Alta
segunda-feira,BR-316,17.0,Pleno dia,Crescente,Céu Claro,Dupla,Reta,-1.3645,-48.2948,DEL01-PA,Risco Médio,Baixa
terça-feira,BR-153,213.0,Plena Noite,Crescente,Nublado,Simples,Interseção de vias,-14.63458,-49.17599,DEL07-GO,Risco Médio,Alta
terça-feira,BR-364,280.0,Plena Noite,Decrescente,Céu Claro,Múltipla,Reta,-15.934,-55.0207,DEL02-MT,Risco Médio,Alta
quarta-feira,BR-153,168.5,Pleno dia,Crescente,Céu Claro,Simples,Reta,-7.388201,-48.35735,DEL02-TO,Risco Médio,Alta
quinta-feira,BR-116,84.9,Plena Noite,Crescente,Chuva,Simples,Curva,-22.42261,-42.95115,DEL04-RJ,Risco Médio,Alta
domingo,BR-60,404.0,Plena Noite,Crescente,Céu Claro,Simples,Curva,-20.83788,-54.80719,DEL01-MS,Risco Médio,Média
sábado,BR-40,513.0,Pleno dia,Crescente,Céu Claro,Dupla,Não Informado,-19.79705,-44.10805,DEL01-MG,Risco Médio,Alta
quinta-feira,BR-70,103.0,Pleno dia,Decrescente,Céu Claro,Simples,Reta,-15.5653,-52.9808,DEL07-MT,Risco Médio,Baixa
segunda-feira,BR-364,20.0,Amanhecer,Crescente,Chuva,Simples,Desvio Temporário,-12.72973,-60.1748,DEL04-RO,Risco Alto,Alta
domingo,BR-381,69.0,Anoitecer,Decrescente,Chuva,Dupla,Desvio Temporário,-23.34553,-46.56788,DEL03-SP,Risco Médio,Alta
quarta-feira,BR-101,55.8,Pleno dia,Crescente,Céu Claro,Simples,Reta,-21.68547,-41.31104,DEL08-RJ,Risco Médio,Alta
sexta-feira,BR-369,0.6,Pleno dia,Decrescente,Nublado,Múltipla,Reta,-23.00402,-49.90964,DEL07-PR,Risco Médio,Baixa
domingo,BR-40,85.0,Pleno dia,Crescente,Céu Claro,Simples,Curva,-22.55423,-43.25182,DEL06-RJ,Risco Médio,Alta
terça-feira,BR-282,324.0,Pleno dia,Decrescente,Céu Claro,Simples,Curva,-27.38733,-51.0559,DEL07-SC,Risco Baixo,Baixa
quarta-feira,BR-153,47.9,Plena Noite,Crescente,Nublado,Simples,Reta,-27.6453,-52.24998,DEL08-RS,Risco Baixo,Alta
quinta-feira,BR-381,504.9,Pleno dia,Crescente,Nublado,Dupla,Não Informado,-20.03487,-44.24358,DEL01-MG,Risco Médio,Alta
quinta-feira,BR-101,359.0,Pleno dia,Crescente,Nublado,Simples,Não Informado,-20.69768,-40.71161,DEL03-ES,Risco Baixo,Alta
sexta-feira,BR-392,150.1,Pleno dia,Crescente,Chuva,Simples,Viaduto,-31.17223,-52.84831,DEL07-RS,Risco Médio,Média
domingo,BR-116,445.2,Amanhecer,Decrescente,Nublado,Dupla,Desvio Temporário,-24.50069,-47.84481,DEL05-SP,Risco Médio,Alta
sábado,BR-163,123.6,Plena Noite,Decrescente,Céu Claro,Simples,Interseção de vias,-25.60438,-53.56316,DEL02-PR,Risco Médio,Alta
quarta-feira,BR-262,6.8,Pleno dia,Decrescente,Céu Claro,Dupla,Reta,-20.34007,-40.39451,DEL01-ES,Risco Médio,Média
segunda-feira,BR-101,143.0,Pleno dia,Decrescente,Céu Claro,Múltipla,Reta,-27.06436,-48.59599,DEL04-SC,Risco Médio,Alta
quarta-feira,BR-153,99.8,Anoitecer,Decrescente,Garoa/Chuvisco,Simples,Reta,-27.23551,-51.95107,DEL07-SC,Risco Médio,Alta
terça-feira,BR-282,404.0,Pleno dia,Crescente,Chuva,Simples,Curva,-27.10956,-51.63424,DEL07-SC,Risco Baixo,Baixa
sábado,BR-381,521.5,Pleno dia,Crescente,Chuva,Dupla,Curva,-20.1265,-44.3024,DEL04-MG,Risco Médio,Alta
quinta-feira,BR-116,347.7,Pleno dia,Crescente,Céu Claro,Múltipla,Não Informado,-24.04699,-47.19706,DEL04-SP,Risco Médio,Alta
quarta-feira,BR-60,165.8,Plena Noite,Decrescente,Céu Claro,Simples,Reta,-16.7084,-49.3503,DEL01-GO,Risco Alto,Média
sexta-feira,BR-110,48.4,Plena Noite,Crescente,Céu Claro,Dupla,Reta,-5.208813,-37.33285,DEL04-RN,Risco Médio,Baixa
sábado,BR-232,44.7,Amanhecer,Crescente,Céu Claro,Dupla,Reta,-8.128181,-35.28168,DEL01-PE,Risco Alto,Baixa
domingo,BR-277,8.9,Pleno dia,Decrescente,Céu Claro,Dupla,Reta,-25.5682,-48.61529,DEL01-PR,Risco Médio,Média
domingo,BR-116,39.9,Plena Noite,Crescente,Céu Claro,Simples,Reta,-28.51201,-50.93238,DEL05-RS,Risco Baixo,Alta
sábado,BR-101,111.0,Anoitecer,Crescente,Chuva,Dupla,Desvio Temporário,-5.955333,-35.26486,DEL01-RN,Risco Médio,Alta
sexta-feira,BR-376,347.0,Pleno dia,Decrescente,Céu Claro,Simples,Curva,-24.2008,-50.94858,DEL07-PR,Risco Médio,Baixa
sexta-feira,BR-153,506.6,Plena Noite,Decrescente,Chuva,Múltipla,Curva,-16.7633,-49.24,DEL01-GO,Risco Médio,Alta
quarta-feira,BR-104,55.0,Pleno dia,Crescente,Nublado,Dupla,Não Informado,-8.191723,-35.9666,DEL02-PE,Risco Médio,Baixa
domingo,BR-277,660.0,Plena Noite,Decrescente,Céu Claro,Dupla,Reta,-25.25139,-53.99031,DEL05-PR,Risco Baixo,Média
sábado,BR-226,12.0,Plena Noite,Decrescente,Céu Claro,Simples,Reta,-6.6181,-47.5523,DEL02-TO,Risco Médio,Baixa
quinta-feira,BR-386,338.0,Amanhecer,Crescente,Nevoeiro/Neblina,Simples,Não Informado,-29.40405,-52.03652,DEL04-RS,Risco Médio,Média
sábado,BR-343,344.5,Pleno dia,Decrescente,Céu Claro,Simples,Reta,-5.094729,-42.76277,DEL01-PI,Risco Baixo,Baixa
domingo,BR-226,107.0,Amanhecer,Crescente,Chuva,Simples,Reta,-6.244968,-35.98651,DEL03-RN,Risco Médio,Baixa
segunda-feira,BR-40,706.8,Pleno dia,Crescente,Céu Claro,Dupla,Curva,-21.21921,-43.73715,DEL05-MG,Risco Médio,Alta
segunda-feira,BR-324,568.0,Pleno dia,Crescente,Chuva,Dupla,Reta,-12.53528,-38.59596,DEL01-BA,Risco Médio,Baixa
terça-feira,BR-381,572.0,Pleno dia,Decrescente,Céu Claro,Dupla,Reta,-20.45207,-44.56891,DEL04-MG,Risco Médio,Alta