dia_semana,br,km,fase_dia,sentido_via,condicao_metereologica,tipo_pista,tracado_via,latitude,longitude,delegacia,classificacao_acidente,postos_policiais_PRF
domingo,BR-60,48.2,Amanhecer,Decrescente,Céu Claro,Dupla,Desvio Temporário,-16.15474,-48.61117,DEL02-GO,Risco Médio,Média
quarta-feira,BR-101,331.8,Plena Noite,Crescente,Céu Claro,Simples,Interseção de vias,-28.45933,-48.98798,DEL02-SC,Risco Médio,Alta
quinta-feira,BR-304,305.7,Pleno dia,Crescente,Céu Claro,Múltipla,Não Informado,-5.889601,-35.26585,DEL01-RN,Risco Alto,Baixa
quinta-feira,BR-316,35.0,Pleno dia,Decrescente,Chuva,Dupla,Reta,-1.291462,-48.16456,DEL01-PA,Risco Médio,Baixa
sábado,BR-427,28.0,Pleno dia,Crescente,Céu Claro,Simples,Reta,-6.438207,-36.63912,DEL03-RN,Risco Médio,Baixa
sábado,BR-280,57.4,Plena Noite,Crescente,Céu Claro,Simples,Não Informado,-26.47811,-49.01259,DEL03-SC,Risco Médio,Baixa
sexta-feira,BR-392,45.3,Pleno dia,Crescente,Céu Claro,Dupla,Reta,-31.91917,-52.3145,DEL07-RS,Risco Médio,Média
quinta-feira,BR-101,57.0,Amanhecer,Crescente,Chuva,Simples,Reta,-21.69917,-41.31021,DEL08-RJ,Risco Médio,Alta
quarta-feira,BR-163,486.0,Pleno dia,Decrescente,Céu Claro,Simples,Não Informado,-20.44234,-54.54202,DEL01-MS,Risco Médio,Alta
quinta-feira,BR-424,56.4,Pleno dia,Decrescente,Céu Claro,Simples,Desvio Temporário,-8.730672,-36.75016,DEL03-PE,Risco Médio,Baixa
sábado,BR-163,536.0,Pleno dia,Decrescente,Céu Claro,Simples,Reta,-14.23776,-56.11336,DEL01-MT,Risco Baixo,Alta
segunda-feira,BR-230,156.4,Pleno dia,Crescente,Nublado,Simples,Reta,-7.2693,-35.9138,DEL02-PB,Risco Médio,Baixa
quinta-feira,BR-232,408.0,Pleno dia,Decrescente,Céu Claro,Simples,Desvio Temporário,-7.983714,-38.28048,DEL04-PE,Risco Médio,Baixa
segunda-feira,BR-418,60.0,Plena Noite,Crescente,Nevoeiro/Neblina,Simples,Reta,-17.78859,-39.60382,DEL09-BA,Risco Médio,Baixa
segunda-feira,BR-101,284.1,Pleno dia,Crescente,Chuva,Dupla,Não Informado,-20.24279,-40.36967,DEL01-ES,Risco Médio,Alta
quarta-feira,BR-101,362.0,Pleno dia,Decrescente,Nublado,Simples,Curva,-13.85005,-39.49736,DEL05-BA,Risco Médio,Alta
sexta-feira,BR-482,119.0,Pleno dia,Crescente,Chuva,Simples,Curva,-20.79119,-41.75998,DEL03-ES,Risco Médio,Baixa
quinta-feira,BR-101,264.0,Plena Noite,Decrescente,Céu Claro,Dupla,Não Informado,-20.17293,-40.26736,DEL02-ES,Risco Médio,Alta
domingo,BR-101,297.0,Amanhecer,Crescente,Céu Claro,Simples,Reta,-22.76942,-42.91874,DEL02-RJ,Risco Médio,Alta
sexta-feira,BR-393,223.0,Plena Noite,Crescente,Nublado,Simples,Reta,-22.33148,-43.5447,DEL05-RJ,Risco Médio,Média
domingo,BR-262,99.7,Pleno dia,Crescente,Nublado,Simples,Reta,-20.34991,-41.09827,DEL01-ES,Risco Médio,Média
terça-feira,BR-427,0.5,Pleno dia,Decrescente,Céu Claro,Simples,Reta,-6.270221,-36.52319,DEL03-RN,Risco Médio,Baixa
quarta-feira,BR-40,72.0,Plena Noite,Decrescente,Céu Claro,Simples,Reta,-22.45853,-43.21601,DEL06-RJ,Risco Baixo,Alta
terça-feira,BR-242,287.0,Pleno dia,Crescente,Céu Claro,Simples,Reta,-12.44276,-40.7816,DEL06-BA,Risco Médio,Baixa
segunda-feira,BR-101,19.2,Pleno dia,Crescente,Chuva,Simples,Curva,-29.42308,-49.87817,DEL03-RS,Risco Médio,Alta
sábado,BR-116,6.0,Plena Noite,Crescente,Garoa/Chuvisco,Dupla,Curva,-25.0845,-48.6107,DEL01-PR,Risco Baixo,Alta
terça-feira,BR-158,245.0,Plena Noite,Decrescente,Nublado,Simples,Reta,-17.69269,-51.83679,DEL05-GO,Risco Médio,Baixa
sexta-feira,BR-222,90.0,Plena Noite,Crescente,Céu Claro,Simples,Reta,-4.23702,-41.87876,DEL02-PI,Risco Alto,Baixa
domingo,BR-20,9.3,Plena Noite,Decrescente,Céu Claro,Dupla,Reta,-15.65467,-47.78292,DEL02-DF,Risco Médio,Baixa
domingo,BR-376,665.0,Plena Noite,Crescente,Garoa/Chuvisco,Simples,Curva,-25.8555,-48.9528,DEL01-PR,Risco Baixo,Baixa
terça-feira,BR-70,171.0,Plena Noite,Crescente,Céu Claro,Simples,Reta,-15.61418,-53.5336,DEL05-MT,Risco Médio,Baixa
segunda-feira,BR-330,788.6,Pleno dia,Crescente,Céu Claro,Simples,Reta,-14.193,-39.651,DEL03-BA,Risco Médio,Baixa
sábado,BR-262,36.5,Pleno dia,Crescente,Céu Claro,Simples,Reta,-20.25932,-42.02298,DEL06-MG,Risco Médio,Média
segunda-feira,BR-222,389.0,Pleno dia,Crescente,Céu Claro,Simples,Não Informado,-3.858646,-45.53679,DEL02-MA,Risco Médio,Baixa
quinta-feira,BR-282,215.5,Plena Noite,Decrescente,Nublado,Simples,Não Informado,-27.79264,-50.27873,DEL05-SC,Risco Médio,Baixa
sábado,BR-365,705.9,Pleno dia,Decrescente,Céu Claro,Dupla,Curva,-18.8803,-49.04541,DEL15-MG,Risco Médio,Média
quarta-feira,BR-101,46.0,Plena Noite,Crescente,Céu Claro,Simples,Interseção de vias,-23.42267,-45.07328,DEL06-SP,Risco Médio,Alta
domingo,BR-163,478.0,Plena Noite,Crescente,Ignorado,Simples,Reta,-20.4963,-54.55917,DEL01-MS,Risco Médio,Alta
segunda-feira,BR-116,125.0,Plena Noite,Crescente,Nublado,Dupla,Reta,-25.59505,-49.31631,DEL01-PR,Risco Médio,Alta
sábado,BR-116,107.0,Pleno dia,Decrescente,Céu Claro,Simples,Não Informado,-26.75569,-50.32812,DEL06-SC,Risco Baixo,Alta
domingo,BR-101,294.0,Plena Noite,Crescente,Céu Claro,Dupla,Reta,-22.75844,-42.89502,DEL02-RJ,Risco Baixo,Alta
sábado,BR-232,79.0,Anoitecer,Decrescente,Céu Claro,Múltipla,Reta,-8.194606,-35.56075,DEL02-PE,Risco Médio,Baixa
sábado,BR-235,1.8,Plena Noite,Crescente,Céu Claro,Dupla,Não Informado,-10.90779,-37.09076,DEL01-SE,Risco Médio,Baixa
domingo,BR-280,49.5,Plena Noite,Crescente,Nublado,Simples,Reta,-26.4585,-48.93693,DEL03-SC,Risco Médio,Baixa
segunda-feira,BR-60,16.0,Pleno dia,Decrescente,Céu Claro,Dupla,Reta,-15.95225,-48.17434,DEL01-DF,Risco Médio,Média
domingo,BR-406,150.0,Plena Noite,Decrescente,Garoa/Chuvisco,Simples,Reta,-5.649722,-35.43256,DEL02-RN,Risco Médio,Baixa
domingo,BR-316,135.3,Pleno dia,Decrescente,Céu Claro,Simples,Desvio Temporário,-2.728781,-45.72578,DEL02-MA,Risco Alto,Baixa
quarta-feira,BR-369,151.4,Pleno dia,Crescente,Céu Claro,Dupla,Não Informado,-23.29274,-51.17517,DEL07-PR,Risco Médio,Baixa
sábado,BR-407,126.0,Pleno dia,Crescente,Céu Claro,Dupla,Curva,-9.387454,-40.52601,DEL06-PE,Risco Médio,Baixa
quarta-feira,BR-116,115.0,Amanhecer,Crescente,Chuva,Dupla,Reta,-25.55953,-49.2656,DEL01-PR,Risco Médio,Alta
quarta-feira,BR-101,81.0,Plena Noite,Crescente,Céu Claro,Múltipla,Reta,-26.6138,-48.7205,DEL03-SC,Risco Baixo,Alta
sábado,BR-316,480.6,Plena Noite,Decrescente,Céu Claro,Simples,Reta,-4.625822,-43.914,DEL03-MA,Risco Alto,Baixa
sexta-feira,BR-156,60.0,Pleno dia,Crescente,Céu Claro,Simples,Curva,-0.456592,-52.07767,DEL01-AP,Risco Médio,Baixa
quarta-feira,BR-40,625.0,Plena Noite,Decrescente,Ignorado,Simples,Curva,-20.6294,-43.81,DEL05-MG,Risco Médio,Alta
domingo,BR-40,509.0,Plena Noite,Decrescente,Céu Claro,Dupla,Reta,-19.76729,-44.12856,DEL01-MG,Risco Baixo,Alta
sexta-feira,BR-116,205.0,Plena Noite,Decrescente,Céu Claro,Múltipla,Reta,-23.41475,-46.36601,DEL01-SP,Risco Médio,Alta
sábado,BR-101,482.2,Plena Noite,Crescente,Garoa/Chuvisco,Dupla,Rotatória,-23.00453,-44.29746,DEL03-RJ,Risco Médio,Alta
quinta-feira,BR-282,58.2,Pleno dia,Crescente,Chuva,Simples,Não Informado,-27.68359,-49.00554,DEL01-SC,Risco Médio,Baixa
sexta-feira,BR-116,86.1,Plena Noite,Decrescente,Nublado,Dupla,Reta,-22.9262,-45.35258,DEL06-SP,Risco Médio,Alta
quarta-feira,BR-101,96.0,Pleno dia,Decrescente,Céu Claro,Dupla,Reta,-5.849496,-35.20891,DEL01-RN,Risco Baixo,Alta
quinta-feira,BR-135,28.8,Plena Noite,Crescente,Céu Claro,Simples,Reta,-2.786069,-44.37413,DEL01-MA,Risco Médio,Baixa
sábado,BR-101,136.5,Plena Noite,Decrescente,Nublado,Simples,Não Informado,-27.00811,-48.61724,DEL04-SC,Risco Médio,Alta
sexta-feira,BR-101,199.2,Plena Noite,Crescente,Céu Claro,Múltipla,Reta,-27.53532,-48.62866,DEL01-SC,Risco Médio,Alta
sexta-feira,BR-101,180.4,Pleno dia,Crescente,Chuva,Simples,Curva,-22.40868,-41.99839,DEL02-RJ,Risco Médio,Alta
terça-feira,BR-232,180.0,Plena Noite,Decrescente,Chuva,Simples,Reta,-8.344497,-36.42888,DEL02-PE,Risco Baixo,Baixa
quarta-feira,BR-116,208.0,Plena Noite,Crescente,Céu Claro,Múltipla,Reta,-23.42222,-46.39328,DEL01-SP,Risco Médio,Alta
quarta-feira,BR-153,112.0,Pleno dia,Decrescente,Céu Claro,Simples,Não Informado,-23.87105,-50.20235,DEL07-PR,Risco Médio,Alta
sábado,BR-262,22.0,Plena Noite,Crescente,Céu Claro,Simples,Curva,-20.37573,-40.51281,DEL01-ES,Risco Médio,Média
terça-feira,BR-316,547.0,Pleno dia,Decrescente,Sol,Simples,Rotatória,-4.879837,-43.38731,DEL03-MA,Risco Baixo,Baixa
quinta-feira,BR-416,40.0,Plena Noite,Crescente,Céu Claro,Simples,Curva,-8.95432,-35.87403,DEL01-AL,Risco Alto,Baixa
terça-feira,BR-381,74.0,Pleno dia,Crescente,Garoa/Chuvisco,Dupla,Curva,-23.40666,-46.57601,DEL03-SP,Risco Médio,Alta
quinta-feira,BR-376,253.7,Plena Noite,Decrescente,Céu Claro,Dupla,Reta,-23.6373,-51.3781,DEL07-PR,Risco Baixo,Baixa
quinta-feira,BR-158,565.7,Pleno dia,Crescente,Nublado,Simples,Reta,-30.8486,-55.4777,DEL11-RS,Risco Médio,Baixa
sexta-feira,BR-116,157.0,Plena Noite,Crescente,Garoa/Chuvisco,Simples,Reta,-25.86771,-49.3647,DEL01-PR,Risco Médio,Alta
quarta-feira,BR-487,147.9,Plena Noite,Crescente,Céu Claro,Simples,Não Informado,-23.93892,-52.66845,DEL04-PR,Risco Médio,Baixa
sábado,BR-116,536.8,Pleno dia,Decrescente,Chuva,Simples,Curva,-19.85645,-42.14028,DEL06-MG,Risco Médio,Alta
quarta-feira,BR-343,0.0,Pleno dia,Decrescente,Céu Claro,Dupla,Rotatória,-5.078761,-42.74976,DEL01-PI,Risco Médio,Baixa
terça-feira,BR-324,615.0,Pleno dia,Decrescente,Céu Claro,Dupla,Reta,-12.87924,-38.43154,DEL01-BA,Risco Médio,Baixa
segunda-feira,BR-116,201.0,Pleno dia,Crescente,Céu Claro,Dupla,Reta,-22.73124,-43.60372,DEL01-RJ,Risco Baixo,Alta
quarta-feira,BR-381,375.0,Plena Noite,Crescente,Chuva,Simples,Curva,-19.84692,-43.30671,DEL01-MG,Risco Alto,Alta
sexta-feira,BR-459,84.7,Anoitecer,Decrescente,Céu Claro,Simples,Reta,-22.15319,-46.06242,DEL09-MG,Risco Médio,Baixa
domingo,BR-101,14.8,Pleno dia,Crescente,Chuva,Dupla,Reta,-10.31158,-36.89174,DEL02-SE,Risco Médio,Alta
quarta-feira,BR-304,94.2,Pleno dia,Decrescente,Sol,Simples,Reta,-4.82984,-37.47952,DEL03-CE,Risco Baixo,Baixa
sexta-feira,BR-101,112.7,Pleno dia,Crescente,Nublado,Dupla,Retorno Regulamentado,-5.968059,-35.26492,DEL01-RN,Risco Médio,Alta
sexta-feira,BR-262,444.1,Amanhecer,Decrescente,Ignorado,Simples,Reta,-19.88113,-44.9315,DEL08-MG,Risco Médio,Média
quinta-feira,BR-101,343.4,Pleno dia,Decrescente,Nublado,Simples,Curva,-20.66369,-40.59397,DEL03-ES,Risco Alto,Alta
segunda-feira,BR-116,273.0,Anoitecer,Decrescente,Céu Claro,Dupla,Reta,-23.6281,-46.8187,DEL04-SP,Risco Médio,Alta
terça-feira,BR-40,522.0,Pleno dia,Crescente,Céu Claro,Dupla,Reta,-19.86387,-44.0675,DEL01-MG,Risco Médio,Alta
sábado,BR-467,117.0,Plena Noite,Crescente,Céu Claro,Dupla,Não Informado,-24.96419,-53.40604,DEL04-PR,Risco Baixo,Baixa
segunda-feira,BR-101,264.3,Pleno dia,Crescente,Nublado,Múltipla,Interseção de vias,-20.17293,-40.26736,DEL02-ES,Risco Médio,Alta
sexta-feira,BR-235,74.7,Pleno dia,Crescente,Céu Claro,Simples,Reta,-10.54446,-37.54591,DEL01-SE,Risco Médio,Baixa
sábado,BR-153,642.0,Pleno dia,Crescente,Garoa/Chuvisco,Dupla,Não Informado,-17.8972,-49.2348,DEL03-GO,Risco Médio,Alta
quarta-feira,BR-116,132.0,Pleno dia,Decrescente,Céu Claro,Simples,Curva,-22.65703,-43.13458,DEL02-RJ,Risco Médio,Alta
quarta-feira,BR-364,302.0,Pleno dia,Crescente,Céu Claro,Simples,Reta,-11.22664,-61.90184,DEL02-RO,Risco Médio,Alta
domingo,BR-40,44.9,Pleno dia,Crescente,Chuva,Simples,Curva,-16.39314,-47.82487,DEL01-DF,Risco Médio,Alta
domingo,BR-101,207.5,Pleno dia,Crescente,Céu Claro,Simples,Não Informado,-12.59673,-39.03579,DEL01-BA,Risco Médio,Alta
sexta-feira,BR-116,178.0,Pleno dia,Decrescente,Céu Claro,Múltipla,Reta,-22.74698,-43.44524,DEL01-RJ,Risco Médio,Alta
domingo,BR-467,109.7,Pleno dia,Crescente,Sol,Dupla,Reta,-24.9261,-53.4589,DEL04-PR,Risco Médio,Baixa
sábado,BR-369,172.0,Pleno dia,Crescente,Sol,Simples,Reta,-23.31509,-51.37557,DEL07-PR,Risco Médio,Baixa
quarta-feira,BR-262,364.1,Pleno dia,Crescente,Céu Claro,Dupla,Reta,-19.98291,-44.24493,DEL01-MG,Risco Baixo,Média
segunda-feira,BR-70,513.6,Pleno dia,Crescente,Céu Claro,Simples,Reta,-15.6478,-56.1332,DEL01-MT,Risco Baixo,Baixa
sábado,BR-60,387.3,Plena Noite,Crescente,Céu Claro,Dupla,Curva,-17.8098,-50.9267,DEL04-GO,Risco Baixo,Média
sábado,BR-222,244.0,Pleno dia,Crescente,Sol,Simples,Não Informado,-5.347676,-49.08046,DEL03-PA,Risco Médio,Baixa
domingo,BR-101,311.4,Plena Noite,Decrescente,Céu Claro,Dupla,Reta,-28.44105,-48.81588,DEL02-SC,Risco Alto,Alta
domingo,BR-163,850.4,Plena Noite,Decrescente,Céu Claro,Simples,Reta,-11.72558,-55.45995,DEL06-MT,Risco Alto,Alta
segunda-feira,BR-316,9.0,Plena Noite,Decrescente,Céu Claro,Simples,Reta,-5.173817,-42.76625,DEL01-PI,Risco Médio,Baixa
quarta-feira,BR-50,176.0,Pleno dia,Decrescente,Céu Claro,Dupla,Não Informado,-19.7792,-47.96003,DEL13-MG,Risco Alto,Média
domingo,BR-235,2.0,Plena Noite,Crescente,Céu Claro,Dupla,Reta,-10.90719,-37.09481,DEL01-SE,Risco Médio,Baixa
sábado,BR-104,63.0,Anoitecer,Crescente,Nublado,Dupla,Reta,-8.2618,-35.9762,DEL02-PE,Risco Médio,Baixa
quinta-feira,BR-277,55.4,Pleno dia,Crescente,Chuva,Dupla,Reta,-25.58845,-48.94524,DEL01-PR,Risco Médio,Média
domingo,BR-101,311.8,Anoitecer,Crescente,Nublado,Dupla,Reta,-22.80062,-43.05319,DEL02-RJ,Risco Médio,Alta
sábado,BR-290,108.5,Pleno dia,Crescente,Céu Claro,Dupla,Reta,-30.00655,-51.31293,DEL02-RS,Risco Médio,Baixa
sábado,BR-116,499.8,Plena Noite,Decrescente,Céu Claro,Simples,Reta,-7.401674,-38.96239,DEL05-CE,Risco Médio,Alta
terça-feira,BR-60,37.0,Pleno dia,Crescente,Céu Claro,Dupla,Não Informado,-16.11383,-48.54533,DEL01-DF,Risco Médio,Média
domingo,BR-40,476.0,Pleno dia,Crescente,Céu Claro,Dupla,Não Informado,-19.51363,-44.27021,DEL02-MG,Risco Médio,Alta
segunda-feira,BR-116,289.0,Plena Noite,Crescente,Nublado,Dupla,Reta,-23.72291,-46.89097,DEL04-SP,Risco Médio,Alta
quinta-feira,BR-285,294.0,Pleno dia,Crescente,Céu Claro,Simples,Reta,-28.23455,-52.38497,DEL08-RS,Risco Médio,Baixa
quinta-feira,BR-277,115.0,Pleno dia,Crescente,Céu Claro,Dupla,Reta,-25.4442,-49.50255,DEL01-PR,Risco Médio,Média
sábado,BR-376,496.5,Pleno dia,Decrescente,Céu Claro,Dupla,Não Informado,-25.14875,-50.14707,DEL03-PR,Risco Baixo,Baixa
quinta-feira,BR-116,103.0,Plena Noite,Decrescente,Céu Claro,Dupla,Desvio Temporário,-22.99919,-45.49789,DEL06-SP,Risco Médio,Alta
quarta-feira,BR-158,151.7,Pleno dia,Decrescente,Ignorado,Simples,Reta,-16.90254,-51.79738,DEL04-GO,Risco Médio,Baixa
quinta-feira,BR-163,618.0,Pleno dia,Crescente,Céu Claro,Simples,Reta,-13.75259,-56.05355,DEL01-MT,Risco Médio,Alta
domingo,BR-470,151.7,Plena Noite,Decrescente,Céu Claro,Simples,Rotatória,-27.25726,-49.71234,DEL04-SC,Risco Baixo,Baixa
quarta-feira,BR-40,104.0,Plena Noite,Decrescente,Céu Claro,Dupla,Reta,-22.6383,-43.2839,DEL01-RJ,Risco Médio,Alta
domingo,BR-287,249.0,Plena Noite,Decrescente,Céu Claro,Simples,Não Informado,-29.69401,-53.861,DEL09-RS,Risco Médio,Baixa
sexta-feira,BR-262,6.4,Plena Noite,Decrescente,Nublado,Múltipla,Reta,-20.3419,-40.3978,DEL01-ES,Risco Médio,Média
domingo,BR-116,15.2,Plena Noite,Crescente,Céu Claro,Dupla,Reta,-25.3856,-49.17322,DEL01-PR,Risco Médio,Alta
terça-feira,BR-282,26.7,Pleno dia,Decrescente,Céu Claro,Simples,Reta,-27.68027,-48.76248,DEL01-SC,Risco Médio,Baixa
sexta-feira,BR-40,696.0,Plena Noite,Crescente,Chuva,Dupla,Desvio Temporário,-21.181,-43.7557,DEL05-MG,Risco Médio,Alta
sexta-feira,BR-364,187.0,Pleno dia,Decrescente,Sol,Simples,Reta,-11.7379,-61.1186,DEL02-RO,Risco Baixo,Alta
terça-feira,BR-210,52.5,Pleno dia,Decrescente,Chuva,Simples,Reta,0.4501008,-51.0599,DEL01-AP,Risco Médio,Baixa
sexta-feira,BR-376,589.0,Pleno dia,Decrescente,Céu Claro,Dupla,Reta,-25.44234,-49.36406,DEL01-PR,Risco Baixo,Baixa
segunda-feira,BR-277,668.7,Plena Noite,Decrescente,Céu Claro,Dupla,Reta,-25.27064,-54.06253,DEL05-PR,Risco Baixo,Média
sexta-feira,BR-285,455.9,Pleno dia,Decrescente,Céu Claro,Simples,Rotatória,-28.38494,-53.88792,DEL10-RS,Risco Médio,Baixa
domingo,BR-470,66.7,Pleno dia,Decrescente,Nublado,Simples,Não Informado,-26.87116,-49.22926,DEL04-SC,Risco Baixo,Baixa
sexta-feira,BR-101,151.0,Plena Noite,Crescente,Garoa/Chuvisco,Simples,Reta,-27.12654,-48.60964,DEL04-SC,Risco Baixo,Alta
sábado,BR-116,27.7,Plena Noite,Decrescente,Garoa/Chuvisco,Dupla,Curva,-22.62284,-44.90964,DEL08-SP,Risco Baixo,Alta
quarta-feira,BR-70,9.3,Pleno dia,Crescente,Céu Claro,Dupla,Reta,-15.78533,-48.13449,DEL01-DF,Risco Alto,Baixa
terça-feira,BR-101,51.0,Pleno dia,Decrescente,Céu Claro,Dupla,Reta,-26.38507,-48.84918,DEL03-SC,Risco Médio,Alta
sexta-feira,BR-381,38.9,Plena Noite,Crescente,Céu Claro,Dupla,Reta,-23.11332,-46.57175,DEL03-SP,Risco Médio,Alta
quinta-feira,BR-465,13.0,Pleno dia,Crescente,Céu Claro,Simples,Interseção de vias,-22.79847,-43.64551,DEL01-RJ,Risco Médio,Baixa
terça-feira,BR-116,70.0,Pleno dia,Crescente,Sol,Dupla,Não Informado,-25.3385,-49.03793,DEL01-PR,Risco Médio,Alta
domingo,BR-10,6.3,Pleno dia,Crescente,Sol,Simples,Não Informado,-4.384393,-47.53529,DEL02-PA,Risco Médio,Baixa
domingo,BR-222,438.1,Anoitecer,Crescente,Nublado,Simples,Desvio Temporário,-4.08276,-45.87955,DEL02-MA,Risco Alto,Baixa
quinta-feira,BR-381,435.8,Pleno dia,Decrescente,Chuva,Simples,Reta,-19.78497,-43.72312,DEL01-MG,Risco Médio,Alta
sexta-feira,BR-101,64.5,Pleno dia,Decrescente,Nublado,Simples,Reta,-21.75235,-41.33981,DEL08-RJ,Risco Baixo,Alta
terça-feira,BR-146,513.4,Pleno dia,Decrescente,Chuva,Simples,Curva,-21.79002,-46.44262,DEL09-MG,Risco Médio,Baixa
quarta-feira,BR-316,28.3,Pleno dia,Crescente,Sol,Dupla,Reta,-1.308289,-48.21693,DEL01-PA,Risco Médio,Baixa
sexta-feira,BR-153,119.7,Pleno dia,Decrescente,Chuva,Simples,Reta,-13.82057,-49.04136,DEL07-GO,Risco Médio,Alta
terça-feira,BR-116,273.0,Plena Noite,Decrescente,Nublado,Simples,Reta,-17.85115,-41.51449,DEL11-MG,Risco Médio,Alta
domingo,BR-116,209.0,Plena Noite,Crescente,Nublado,Dupla,Não Informado,-23.42512,-46.40221,DEL01-SP,Risco Médio,Alta
quarta-feira,BR-463,43.0,Plena Noite,Decrescente,Céu Claro,Simples,Reta,-22.32906,-55.17964,DEL04-MS,Risco Médio,Baixa
quinta-feira,BR-50,75.9,Plena Noite,Crescente,Céu Claro,Dupla,Viaduto,-18.926,-48.22156,DEL15-MG,Risco Médio,Média
domingo,BR-262,711.2,Plena Noite,Decrescente,Céu Claro,Simples,Reta,-19.60285,-47.15316,DEL08-MG,Risco Alto,Média
quarta-feira,BR-470,95.3,Anoitecer,Crescente,Nublado,Simples,Reta,26.0,49.0,DEL04-SC,Risco Médio,Baixa
sexta-feira,BR-470,89.9,Pleno dia,Decrescente,Céu Claro,Simples,Reta,-26.96157,-49.37192,DEL04-SC,Risco Médio,Baixa
quinta-feira,BR-101,77.0,Pleno dia,Decrescente,Céu Claro,Dupla,Reta,-5.731805,-35.29112,DEL02-RN,Risco Baixo,Alta
quarta-feira,BR-480,130.8,Pleno dia,Crescente,Sol,Simples,Reta,-27.05264,-52.63562,DEL07-SC,Risco Médio,Baixa
quarta-feira,BR-101,65.0,Plena Noite,Crescente,Céu Claro,Simples,Reta,-5.640876,-35.25009,DEL02-RN,Risco Baixo,Alta
sábado,BR-163,69.4,Plena Noite,Decrescente,Céu Claro,Dupla,Desvio Temporário,-26.74027,-53.5012,DEL07-SC,Risco Médio,Alta
terça-feira,BR-40,8.1,Pleno dia,Decrescente,Nublado,Dupla,Reta,-16.03867,-47.97969,DEL01-DF,Risco Médio,Alta
sábado,BR-110,323.8,Pleno dia,Decrescente,Nublado,Simples,Reta,-12.0412,-38.3632,DEL01-BA,Risco Médio,Baixa
quarta-feira,BR-316,4.9,Anoitecer,Decrescente,Nublado,Múltipla,Interseção de vias,-5.143664,-42.77792,DEL01-PI,Risco Médio,Baixa
domingo,BR-20,419.1,Pleno dia,Crescente,Nublado,Simples,Reta,-3.87821,-38.626,DEL01-CE,Risco Baixo,Baixa
quinta-feira,BR-285,311.3,Pleno dia,Crescente,Céu Claro,Simples,Reta,-28.24065,-52.54298,DEL08-RS,Risco Médio,Baixa
segunda-feira,BR-230,17.9,Pleno dia,Crescente,Sol,Dupla,Não Informado,-7.1121,-34.8426,DEL01-PB,Risco Baixo,Baixa
sábado,BR-272,524.0,Amanhecer,Crescente,Céu Claro,Simples,Reta,-24.0628,-53.8339,DEL06-PR,Risco Médio,Baixa
sexta-feira,BR-262,364.5,Pleno dia,Crescente,Céu Claro,Dupla,Curva,-19.97315,-44.30417,DEL01-MG,Risco Baixo,Média
sábado,BR-381,499.9,Pleno dia,Crescente,Céu Claro,Dupla,Não Informado,-20.01793,-44.22614,DEL01-MG,Risco Baixo,Alta
terça-feira,BR-163,534.6,Pleno dia,Crescente,Ignorado,Simples,Reta,-5.294635,-55.98535,DEL05-PA,Risco Baixo,Alta
domingo,BR-402,32.0,Plena Noite,Decrescente,Céu Claro,Simples,Curva,-2.865154,-44.08615,DEL01-MA,Risco Médio,Baixa
sábado,BR-50,68.0,Plena Noite,Decrescente,Nublado,Dupla,Reta,-18.8514,-48.25346,DEL15-MG,Risco Médio,Média
sexta-feira,BR-365,720.8,Plena Noite,Crescente,Céu Claro,Simples,Reta,-18.87956,-49.11192,DEL15-MG,Risco Médio,Média
segunda-feira,BR-163,479.0,Plena Noite,Decrescente,Céu Claro,Simples,Reta,-20.48769,-54.55929,DEL01-MS,Risco Médio,Alta
sexta-feira,BR-101,46.0,Anoitecer,Crescente,Céu Claro,Dupla,Reta,-7.87406,-34.90588,DEL01-PE,Risco Médio,Alta
domingo,BR-135,46.5,Pleno dia,Decrescente,Chuva,Dupla,Reta,-2.930485,-44.33427,DEL01-MA,Risco Baixo,Baixa
sábado,BR-116,68.0,Plena Noite,Crescente,Céu Claro,Simples,Reta,-4.31407,-38.49724,DEL03-CE,Risco Médio,Alta
sexta-feira,BR-101,197.0,Pleno dia,Decrescente,Sol,Múltipla,Reta,-27.51844,-48.63848,DEL01-SC,Risco Médio,Alta
quarta-feira,BR-316,12.0,Pleno dia,Crescente,Nublado,Dupla,Reta,-1.365627,-48.33962,DEL01-PA,Risco Médio,Baixa
quinta-feira,BR-116,130.1,Anoitecer,Crescente,Nublado,Simples,Curva,-29.03571,-51.09399,DEL05-RS,Risco Médio,Alta
domingo,BR-369,63.0,Pleno dia,Crescente,Céu Claro,Simples,Reta,-23.13245,-50.43086,DEL07-PR,Risco Médio,Baixa
sexta-feira,BR-407,425.0,Plena Noite,Decrescente,Céu Claro,Simples,Interseção de vias,-7.094478,-41.42313,DEL04-PI,Risco Médio,Baixa
quinta-feira,BR-280,58.4,Pleno dia,Decrescente,Céu Claro,Simples,Reta,-26.47447,-49.0252,DEL03-SC,Risco Médio,Baixa
quinta-feira,BR-262,17.3,Plena Noite,Crescente,Nublado,Simples,Interseção de vias,-20.38636,-40.47273,DEL01-ES,Risco Médio,Média
terça-feira,BR-70,369.0,Plena Noite,Crescente,Céu Claro,Simples,Reta,-15.92838,-51.32033,DEL04-GO,Risco Médio,Baixa
quarta-feira,BR-262,58.0,Pleno dia,Decrescente,Sol,Simples,Não Informado,-20.42076,-40.76928,DEL01-ES,Risco Médio,Média