dia_semana,br,km,fase_dia,sentido_via,condicao_metereologica,tipo_pista,tracado_via,latitude,longitude,delegacia,classificacao_acidente,postos_policiais_PRF
quinta-feira,BR-324,626.0,Pleno dia,Decrescente,Céu Claro,Dupla,Reta,-12.94195,-38.47081,DEL01-BA,Risco Médio,Baixa
quinta-feira,BR-60,0.6,Anoitecer,Crescente,Céu Claro,Dupla,Reta,-15.88382,-48.06594,DEL01-DF,Risco Médio,Média
quinta-feira,BR-40,467.5,Pleno dia,Crescente,Chuva,Dupla,Reta,-19.45039,-44.31668,DEL02-MG,Risco Baixo,Alta
quinta-feira,BR-324,487.4,Pleno dia,Crescente,Céu Claro,Simples,Reta,-12.03364,-39.01582,DEL02-BA,Risco Médio,Baixa
domingo,BR-364,341.1,Pleno dia,Crescente,Céu Claro,Dupla,Reta,-10.89016,-61.93143,DEL02-RO,Risco Médio,Alta
quarta-feira,BR-158,544.0,Plena Noite,Decrescente,Céu Claro,Simples,Reta,-13.86999,-52.06355,DEL07-MT,Risco Baixo,Baixa
terça-feira,BR-163,271.0,Plena Noite,Decrescente,Céu Claro,Simples,Reta,-24.6194,-53.9265,DEL04-PR,Risco Baixo,Alta
sexta-feira,BR-277,665.0,Plena Noite,Decrescente,Céu Claro,Dupla,Não Informado,-25.256,-54.03773,DEL05-PR,Risco Baixo,Média
quarta-feira,BR-101,340.0,Pleno dia,Decrescente,Céu Claro,Múltipla,Reta,-28.5023,-49.0475,DEL02-SC,Risco Médio,Alta
quarta-feira,BR-116,178.0,Plena Noite,Decrescente,Céu Claro,Dupla,Reta,-22.75223,-43.43791,DEL01-RJ,Risco Alto,Alta
terça-feira,BR-101,327.2,Pleno dia,Crescente,Céu Claro,Múltipla,Não Informado,-28.43023,-48.95205,DEL02-SC,Risco Médio,Alta
sábado,BR-316,547.0,Pleno dia,Decrescente,Céu Claro,Simples,Rotatória,-4.875084,-43.39661,DEL03-MA,Risco Médio,Baixa
sexta-feira,BR-452,134.1,Pleno dia,Crescente,Céu Claro,Simples,Reta,-18.2179,-49.74612,DEL03-GO,Risco Baixo,Baixa
sábado,BR-277,125.0,Plena Noite,Crescente,Céu Claro,Dupla,Não Informado,-25.42184,-49.76536,DEL01-PR,Risco Baixo,Média
sexta-feira,BR-116,71.0,Pleno dia,Crescente,Céu Claro,Simples,Curva,-22.85824,-45.23357,DEL08-SP,Risco Médio,Alta
quarta-feira,BR-101,228.0,Pleno dia,Crescente,Garoa/Chuvisco,Dupla,Curva,-27.75972,-48.63079,DEL01-SC,Risco Médio,Alta
terça-feira,BR-282,3.0,Pleno dia,Crescente,Nublado,Dupla,Reta,-27.60038,-48.59971,DEL01-SC,Risco Médio,Baixa
segunda-feira,BR-364,423.0,Pleno dia,Crescente,Céu Claro,Simples,Reta,-10.45221,-62.46072,DEL03-RO,Risco Baixo,Alta
segunda-feira,BR-101,67.0,Pleno dia,Crescente,Céu Claro,Dupla,Reta,-8.043755,-34.9438,DEL01-PE,Risco Baixo,Alta
quinta-feira,BR-60,550.0,Pleno dia,Crescente,Céu Claro,Simples,Reta,-21.20183,-55.89639,DEL05-MS,Risco Médio,Média
sábado,BR-116,343.0,Pleno dia,Crescente,Nublado,Simples,Reta,-11.5443,-38.9911,DEL02-BA,Risco Médio,Alta
segunda-feira,BR-101,405.0,Plena Noite,Decrescente,Céu Claro,Dupla,Reta,-22.86761,-43.80274,DEL01-RJ,Risco Baixo,Alta
terça-feira,BR-101,83.1,Pleno dia,Crescente,Céu Claro,Dupla,Reta,-5.771045,-35.26617,DEL02-RN,Risco Baixo,Alta
quinta-feira,BR-277,6.8,Plena Noite,Crescente,Chuva,Simples,Reta,-25.5205,-48.5095,DEL01-PR,Risco Médio,Média
domingo,BR-393,238.0,Pleno dia,Crescente,Céu Claro,Simples,Reta,-22.40096,-43.66443,DEL05-RJ,Risco Baixo,Média
sábado,BR-262,747.6,Pleno dia,Crescente,Sol,Simples,Reta,-19.61161,-47.44692,DEL13-MG,Risco Baixo,Média
segunda-feira,BR-365,431.5,Pleno dia,Crescente,Céu Claro,Dupla,Interseção de vias,-18.7642,-46.67446,DEL10-MG,Risco Médio,Média
terça-feira,BR-402,35.0,Plena Noite,Crescente,Céu Claro,Simples,Reta,-2.938421,-41.74277,DEL05-PI,Risco Médio,Baixa
terça-feira,BR-470,91.0,Pleno dia,Crescente,Sol,Simples,Reta,-26.96617,-49.36861,DEL04-SC,Risco Baixo,Baixa
sexta-feira,BR-116,158.9,Plena Noite,Decrescente,Céu Claro,Dupla,Reta,-23.26502,-45.95824,DEL02-SP,Risco Baixo,Alta
quarta-feira,BR-407,530.0,Pleno dia,Crescente,Céu Claro,Simples,Reta,-7.767051,-41.26144,DEL04-PI,Risco Médio,Baixa
terça-feira,BR-50,123.0,Pleno dia,Decrescente,Nublado,Dupla,Reta,-19.33326,-48.09914,DEL13-MG,Risco Médio,Média
sexta-feira,BR-40,533.0,Plena Noite,Crescente,Céu Claro,Dupla,Reta,-19.92613,-44.00909,DEL01-MG,Risco Baixo,Alta
domingo,BR-40,4.0,Plena Noite,Crescente,Céu Claro,Dupla,Reta,-16.09284,-47.98239,DEL01-DF,Risco Médio,Alta
domingo,BR-232,25.0,Pleno dia,Crescente,Céu Claro,Simples,Curva,-8.111918,-35.10837,DEL01-PE,Risco Médio,Baixa
segunda-feira,BR-163,680.8,Anoitecer,Decrescente,Céu Claro,Dupla,Reta,-18.91321,-54.83955,DEL06-MS,Risco Médio,Alta
sexta-feira,BR-101,50.0,Pleno dia,Crescente,Sol,Simples,Desvio Temporário,-21.6339,-41.31293,DEL08-RJ,Risco Médio,Alta
segunda-feira,BR-101,147.0,Plena Noite,Crescente,Céu Claro,Simples,Interseção de vias,-19.37887,-40.06658,DEL04-ES,Risco Médio,Alta
domingo,BR-116,91.1,Pleno dia,Crescente,Nublado,Múltipla,Reta,-25.49833,-49.11839,DEL01-PR,Risco Baixo,Alta
terça-feira,BR-101,119.5,Pleno dia,Crescente,Céu Claro,Dupla,Reta,-8.352915,-35.1693,DEL01-PE,Risco Baixo,Alta
quinta-feira,BR-376,531.0,Plena Noite,Decrescente,Céu Claro,Dupla,Curva,-25.31069,-49.88386,DEL01-PR,Risco Baixo,Baixa
quinta-feira,BR-230,115.0,Pleno dia,Crescente,Céu Claro,Dupla,Reta,-5.354723,-49.09219,DEL03-PA,Risco Médio,Baixa
sábado,BR-116,560.0,Pleno dia,Decrescente,Céu Claro,Simples,Reta,-12.96897,-39.93206,DEL03-BA,Risco Alto,Alta
quarta-feira,BR-101,385.3,Pleno dia,Crescente,Céu Claro,Simples,Reta,-20.81427,-40.84094,DEL03-ES,Risco Médio,Alta
domingo,BR-101,115.8,Pleno dia,Decrescente,Céu Claro,Dupla,Não Informado,-11.01137,-37.31464,DEL02-SE,Risco Baixo,Alta
quinta-feira,BR-101,378.0,Pleno dia,Crescente,Céu Claro,Dupla,Reta,-28.7434,-49.2542,DEL02-SC,Risco Médio,Alta
quinta-feira,BR-20,16.0,Pleno dia,Decrescente,Sol,Dupla,Reta,-15.62567,-47.72516,DEL02-DF,Risco Baixo,Baixa
sexta-feira,BR-163,754.0,Pleno dia,Decrescente,Céu Claro,Dupla,Reta,-12.55061,-55.71335,DEL06-MT,Risco Médio,Alta
domingo,BR-470,54.4,Plena Noite,Crescente,Chuva,Simples,Interseção de vias,-26.87107,-49.11037,DEL04-SC,Risco Médio,Baixa
quarta-feira,BR-116,194.0,Pleno dia,Crescente,Sol,Dupla,Reta,-23.3817,-46.26141,DEL02-SP,Risco Médio,Alta
sexta-feira,BR-304,299.9,Pleno dia,Decrescente,Céu Claro,Dupla,Reta,-5.870605,-35.32377,DEL01-RN,Risco Baixo,Baixa
terça-feira,BR-116,276.1,Plena Noite,Decrescente,Céu Claro,Simples,Reta,-17.85106,-41.51454,DEL11-MG,Risco Médio,Alta
quinta-feira,BR-116,94.0,Pleno dia,Crescente,Céu Claro,Dupla,Reta,-25.48958,-49.11205,DEL01-PR,Risco Baixo,Alta
segunda-feira,BR-369,141.5,Anoitecer,Crescente,Céu Claro,Dupla,Reta,-23.28849,-51.0802,DEL07-PR,Risco Médio,Baixa
terça-feira,BR-116,52.6,Pleno dia,Crescente,Céu Claro,Múltipla,Não Informado,-28.5823,-51.02379,DEL05-RS,Risco Baixo,Alta
terça-feira,BR-222,225.1,Pleno dia,Crescente,Nublado,Simples,Curva,-3.708213,-40.3521,DEL04-CE,Risco Médio,Baixa
quinta-feira,BR-242,685.0,Pleno dia,Crescente,Nublado,Simples,Reta,-12.21622,-43.86072,DEL10-BA,Risco Médio,Baixa
domingo,BR-230,337.0,Pleno dia,Decrescente,Sol,Simples,Não Informado,-7.0083,-37.2832,DEL03-PB,Risco Médio,Baixa
quinta-feira,BR-476,142.0,Pleno dia,Decrescente,Céu Claro,Dupla,Reta,-25.53716,-49.30163,DEL01-PR,Risco Médio,Baixa
quinta-feira,BR-116,275.5,Plena Noite,Crescente,Ignorado,Simples,Reta,-17.85713,-41.51079,DEL11-MG,Risco Médio,Alta
sábado,BR-364,140.0,Plena Noite,Decrescente,Chuva,Dupla,Reta,-9.94781,-67.86812,DEL01-AC,Risco Médio,Alta
domingo,BR-40,710.3,Amanhecer,Decrescente,Céu Claro,Dupla,Reta,-21.24588,-43.68395,DEL05-MG,Risco Médio,Alta
segunda-feira,BR-20,178.0,Amanhecer,Decrescente,Céu Claro,Simples,Reta,-12.38402,-45.86611,DEL10-BA,Risco Médio,Baixa
quarta-feira,BR-116,280.0,Plena Noite,Decrescente,Céu Claro,Dupla,Reta,-23.66996,-46.85591,DEL04-SP,Risco Médio,Alta
sábado,BR-262,562.5,Pleno dia,Decrescente,Sol,Simples,Reta,-19.74645,-45.9778,DEL08-MG,Risco Médio,Média
domingo,BR-343,306.0,Plena Noite,Decrescente,Chuva,Simples,Reta,-5.038756,-42.45089,DEL01-PI,Risco Alto,Baixa
sábado,BR-381,261.0,Plena Noite,Decrescente,Céu Claro,Simples,Curva,-19.53051,-42.58103,DEL03-MG,Risco Médio,Alta
domingo,BR-101,66.0,Plena Noite,Decrescente,Céu Claro,Simples,Reta,-21.7603,-41.3481,DEL08-RJ,Risco Médio,Alta
segunda-feira,BR-20,5.0,Pleno dia,Decrescente,Nublado,Simples,Reta,-13.91022,-46.18677,DEL10-BA,Risco Médio,Baixa
segunda-feira,BR-415,54.0,Pleno dia,Decrescente,Céu Claro,Simples,Reta,-14.81574,-39.29612,DEL05-BA,Risco Médio,Baixa
sexta-feira,BR-392,241.3,Pleno dia,Decrescente,Chuva,Simples,Curva,-30.60351,-53.36833,DEL09-RS,Risco Alto,Média
sábado,BR-116,276.4,Plena Noite,Crescente,Céu Claro,Simples,Reta,-17.85106,-41.51454,DEL11-MG,Risco Médio,Alta
quinta-feira,BR-101,948.0,Plena Noite,Crescente,Chuva,Simples,Reta,-18.1684,-39.91874,DEL09-BA,Risco Médio,Alta
quarta-feira,BR-101,74.0,Plena Noite,Crescente,Nublado,Dupla,Retorno Regulamentado,-29.78051,-50.22493,DEL03-RS,Risco Médio,Alta
quarta-feira,BR-116,147.3,Pleno dia,Decrescente,Garoa/Chuvisco,Dupla,Não Informado,-29.14908,-51.143,DEL05-RS,Risco Baixo,Alta
segunda-feira,BR-367,60.5,Anoitecer,Decrescente,Céu Claro,Simples,Reta,-16.38901,-39.38363,DEL09-BA,Risco Alto,Baixa
segunda-feira,BR-101,49.0,Plena Noite,Decrescente,Nublado,Simples,Reta,-21.62508,-41.31411,DEL08-RJ,Risco Alto,Alta
sábado,BR-470,225.0,Pleno dia,Crescente,Sol,Simples,Não Informado,-29.21454,-51.51763,DEL06-RS,Risco Médio,Baixa
segunda-feira,BR-277,0.2,Pleno dia,Crescente,Céu Claro,Simples,Curva,-25.52186,-48.54656,DEL01-PR,Risco Baixo,Média
sexta-feira,BR-10,249.0,Pleno dia,Crescente,Céu Claro,Simples,Reta,-5.558508,-47.45417,DEL04-MA,Risco Médio,Baixa
domingo,BR-364,401.9,Plena Noite,Decrescente,Nublado,Simples,Desvio Temporário,-15.65085,-55.99767,DEL01-MT,Risco Alto,Alta
terça-feira,BR-101,48.0,Pleno dia,Crescente,Nublado,Múltipla,Reta,-7.891747,-34.90335,DEL01-PE,Risco Médio,Alta
sábado,BR-135,109.6,Pleno dia,Decrescente,Céu Claro,Simples,Não Informado,-7.527103,-43.91581,DEL03-PI,Risco Alto,Baixa
domingo,BR-277,637.8,Pleno dia,Decrescente,Céu Claro,Simples,Interseção de vias,-25.15729,-53.85065,DEL05-PR,Risco Médio,Média
quarta-feira,BR-343,2.4,Pleno dia,Decrescente,Sol,Dupla,Reta,-5.089569,-42.80229,DEL01-PI,Risco Médio,Baixa
domingo,BR-101,48.3,Pleno dia,Decrescente,Nublado,Simples,Reta,-23.43696,-45.08769,DEL06-SP,Risco Médio,Alta
sexta-feira,BR-407,123.3,Pleno dia,Decrescente,Céu Claro,Simples,Reta,-9.361492,-40.54594,DEL06-PE,Risco Médio,Baixa
domingo,BR-381,484.1,Amanhecer,Crescente,Céu Claro,Dupla,Não Informado,-19.95947,-44.08766,DEL01-MG,Risco Médio,Alta
terça-feira,BR-101,203.7,Pleno dia,Crescente,Nublado,Múltipla,Reta,-27.565,-48.6146,DEL01-SC,Risco Médio,Alta
sexta-feira,BR-410,33.0,Pleno dia,Crescente,Chuva,Simples,Reta,-10.97784,-38.77964,DEL07-BA,Risco Médio,Baixa
domingo,BR-70,521.0,Pleno dia,Crescente,Nublado,Simples,Não Informado,-15.67428,-56.17682,DEL01-MT,Risco Alto,Baixa
domingo,BR-373,175.6,Pleno dia,Crescente,Céu Claro,Dupla,Curva,-25.0644,-50.21309,DEL03-PR,Risco Médio,Baixa
domingo,BR-316,80.0,Plena Noite,Decrescente,Céu Claro,Simples,Reta,-9.345937,-37.27811,DEL03-AL,Risco Médio,Baixa
sábado,BR-101,421.6,Pleno dia,Crescente,Céu Claro,Dupla,Curva,-29.00351,-49.56139,DEL02-SC,Risco Médio,Alta
sexta-feira,BR-163,648.0,Pleno dia,Decrescente,Céu Claro,Simples,Reta,-13.02061,-55.89569,DEL06-MT,Risco Médio,Alta
sexta-feira,BR-40,779.9,Plena Noite,Crescente,Nublado,Dupla,Reta,-21.6794,-43.44987,DEL05-MG,Risco Médio,Alta
terça-feira,BR-116,303.9,Pleno dia,Crescente,Céu Claro,Simples,Reta,-5.903073,-38.62314,DEL05-CE,Risco Médio,Alta
sexta-feira,BR-116,528.0,Pleno dia,Decrescente,Nublado,Dupla,Curva,-19.79403,-42.13731,DEL06-MG,Risco Médio,Alta
terça-feira,BR-232,27.0,Pleno dia,Crescente,Chuva,Dupla,Reta,-8.114184,-35.12569,DEL01-PE,Risco Médio,Baixa
domingo,BR-20,2.7,Plena Noite,Crescente,Céu Claro,Simples,Reta,-15.57387,-47.32749,DEL02-DF,Risco Médio,Baixa
terça-feira,BR-470,59.0,Pleno dia,Crescente,Nublado,Simples,Reta,-26.88281,-49.1548,DEL04-SC,Risco Médio,Baixa
domingo,BR-226,5.0,Plena Noite,Decrescente,Céu Claro,Simples,Não Informado,-6.575779,-47.5113,DEL02-TO,Risco Médio,Baixa
terça-feira,BR-262,148.8,Pleno dia,Crescente,Chuva,Simples,Não Informado,-20.21477,-41.42393,DEL01-ES,Risco Médio,Média
terça-feira,BR-251,501.9,Plena Noite,Decrescente,Céu Claro,Simples,Reta,-16.60342,-43.65175,DEL12-MG,Risco Baixo,Baixa
terça-feira,BR-364,484.0,Plena Noite,Crescente,Nublado,Simples,Reta,-10.12309,-62.89605,DEL03-RO,Risco Médio,Alta
domingo,BR-262,101.0,Pleno dia,Crescente,Sol,Simples,Desvio Temporário,-20.3438,-41.1098,DEL01-ES,Risco Médio,Média
terça-feira,BR-101,90.1,Pleno dia,Decrescente,Sol,Dupla,Reta,-26.66149,-48.68866,DEL03-SC,Risco Médio,Alta
terça-feira,BR-153,196.5,Plena Noite,Crescente,Nublado,Simples,Curva,-24.45793,-50.42454,DEL03-PR,Risco Médio,Alta
sábado,BR-222,600.0,Amanhecer,Decrescente,Chuva,Simples,Reta,-4.608062,-46.93476,DEL04-MA,Risco Médio,Baixa
segunda-feira,BR-290,60.0,Pleno dia,Crescente,Céu Claro,Dupla,Reta,-29.92451,-50.85853,DEL03-RS,Risco Baixo,Baixa
terça-feira,BR-316,5.6,Pleno dia,Crescente,Céu Claro,Dupla,Reta,-1.378319,-48.39454,DEL01-PA,Risco Baixo,Baixa
sexta-feira,BR-262,0.8,Plena Noite,Crescente,Nublado,Dupla,Não Informado,-20.32079,-40.35332,DEL01-ES,Risco Médio,Média
domingo,BR-101,315.0,Plena Noite,Crescente,Céu Claro,Simples,Reta,-13.3668,-39.3764,DEL05-BA,Risco Médio,Alta
terça-feira,BR-364,499.0,Pleno dia,Crescente,Garoa/Chuvisco,Simples,Curva,-10.03751,-62.9766,DEL03-RO,Risco Alto,Alta
segunda-feira,BR-277,114.0,Pleno dia,Crescente,Chuva,Dupla,Reta,-25.42767,-49.38724,DEL03-PR,Risco Médio,Média
domingo,BR-163,936.0,Plena Noite,Crescente,Chuva,Simples,Reta,-2.920207,-54.92463,DEL05-PA,Risco Médio,Alta
domingo,BR-116,459.0,Plena Noite,Crescente,Céu Claro,Dupla,Reta,-12.43859,-39.22647,DEL02-BA,Risco Médio,Alta
sábado,BR-262,409.4,Pleno dia,Decrescente,Céu Claro,Dupla,Reta,-19.89014,-44.62313,DEL08-MG,Risco Alto,Média
domingo,BR-135,235.1,Plena Noite,Crescente,Nublado,Simples,Reta,-4.450527,-44.37572,DEL03-MA,Risco Médio,Baixa
quinta-feira,BR-156,371.0,Plena Noite,Decrescente,Garoa/Chuvisco,Simples,Ponte,0.7929921,-51.24069,DEL01-AP,Risco Médio,Baixa
sexta-feira,BR-381,479.8,Plena Noite,Decrescente,Céu Claro,Dupla,Reta,-19.96235,-44.04992,DEL01-MG,Risco Baixo,Alta
domingo,BR-110,253.0,Plena Noite,Crescente,Nublado,Simples,Reta,-11.49654,-38.29654,DEL01-BA,Risco Alto,Baixa
sábado,BR-101,19.6,Pleno dia,Decrescente,Céu Claro,Dupla,Reta,-10.35366,-36.90338,DEL02-SE,Risco Médio,Alta
domingo,BR-280,80.5,Plena Noite,Crescente,Céu Claro,Simples,Reta,-26.44405,-49.20981,DEL06-SC,Risco Médio,Baixa
sexta-feira,BR-116,338.8,Pleno dia,Crescente,Nublado,Simples,Reta,-6.142929,-38.64955,DEL05-CE,Risco Alto,Alta
quinta-feira,BR-116,58.8,Pleno dia,Crescente,Nublado,Dupla,Reta,-22.7801,-45.14578,DEL08-SP,Risco Médio,Alta
quinta-feira,BR-476,132.0,Pleno dia,Crescente,Céu Claro,Múltipla,Reta,-25.46072,-49.25049,DEL01-PR,Risco Médio,Baixa
domingo,BR-174,285.0,Plena Noite,Decrescente,Chuva,Simples,Reta,-15.26012,-59.30416,DEL04-MT,Risco Médio,Baixa
segunda-feira,BR-470,35.0,Anoitecer,Decrescente,Céu Claro,Simples,Interseção de vias,-26.91286,-48.95896,DEL04-SC,Risco Médio,Baixa
sexta-feira,BR-116,5.0,Pleno dia,Crescente,Chuva,Múltipla,Reta,-3.796814,-38.50683,DEL01-CE,Risco Médio,Alta
segunda-feira,BR-470,287.0,Pleno dia,Decrescente,Céu Claro,Simples,Rotatória,-29.64979,-51.45798,DEL04-RS,Risco Médio,Baixa
sexta-feira,BR-101,80.0,Pleno dia,Crescente,Céu Claro,Dupla,Rotatória,-5.763302,-35.28716,DEL02-RN,Risco Médio,Alta
terça-feira,BR-153,57.0,Plena Noite,Crescente,Céu Claro,Dupla,Reta,-20.76991,-49.34982,DEL09-SP,Risco Médio,Alta
quinta-feira,BR-116,850.2,Plena Noite,Decrescente,Céu Claro,Simples,Reta,-15.05687,-40.98407,DEL08-BA,Risco Médio,Alta
terça-feira,BR-163,759.0,Amanhecer,Decrescente,Chuva,Dupla,Não Informado,-12.50086,-55.6892,DEL06-MT,Risco Médio,Alta
sábado,BR-423,100.9,Plena Noite,Crescente,Céu Claro,Simples,Reta,-8.874771,-36.52085,DEL03-PE,Risco Alto,Baixa
sábado,BR-50,189.9,Pleno dia,Crescente,Céu Claro,Dupla,Desvio Temporário,-19.84851,-47.8747,DEL13-MG,Risco Médio,Média
sexta-feira,BR-369,144.7,Pleno dia,Decrescente,Céu Claro,Dupla,Reta,-23.29366,-51.1109,DEL07-PR,Risco Médio,Baixa
domingo,BR-116,224.0,Plena Noite,Decrescente,Nublado,Múltipla,Reta,-23.48408,-46.53795,DEL01-SP,Risco Médio,Alta
terça-feira,BR-101,40.0,Pleno dia,Decrescente,Nublado,Dupla,Reta,-7.8203,-34.9169,DEL01-PE,Risco Baixo,Alta
sábado,BR-376,134.9,Pleno dia,Crescente,Sol,Dupla,Não Informado,-23.20345,-52.19572,DEL09-PR,Risco Médio,Baixa
sexta-feira,BR-116,361.0,Pleno dia,Crescente,Céu Claro,Dupla,Curva,-24.12151,-47.26986,DEL04-SP,Risco Baixo,Alta
terça-feira,BR-230,115.0,Pleno dia,Crescente,Céu Claro,Dupla,Reta,-5.362414,-49.07496,DEL03-PA,Risco Médio,Baixa
segunda-feira,BR-316,370.1,Plena Noite,Decrescente,Céu Claro,Simples,Curva,-7.143038,-40.9393,DEL04-PI,Risco Médio,Baixa
domingo,BR-101,43.4,Pleno dia,Decrescente,Céu Claro,Múltipla,Reta,-7.847538,-34.90977,DEL01-PE,Risco Médio,Alta
quinta-feira,BR-262,442.0,Amanhecer,Crescente,Sol,Simples,Não Informado,-20.53411,-55.4195,DEL03-MS,Risco Baixo,Média
terça-feira,BR-369,184.2,Pleno dia,Decrescente,Nublado,Simples,Não Informado,-23.40129,-51.42751,DEL07-PR,Risco Médio,Baixa
segunda-feira,BR-116,374.0,Plena Noite,Crescente,Nublado,Dupla,Reta,-24.17696,-47.34705,DEL04-SP,Risco Baixo,Alta
quinta-feira,BR-101,291.9,Pleno dia,Decrescente,Céu Claro,Dupla,Não Informado,-20.29756,-40.39446,DEL01-ES,Risco Médio,Alta
quarta-feira,BR-282,534.8,Pleno dia,Decrescente,Nublado,Simples,Reta,-26.99757,-52.64238,DEL07-SC,Risco Médio,Baixa
terça-feira,BR-364,464.0,Pleno dia,Crescente,Céu Claro,Simples,Ponte,-15.49417,-56.27739,DEL01-MT,Risco Médio,Alta
sexta-feira,BR-116,210.0,Pleno dia,Crescente,Nublado,Múltipla,Reta,-23.4287,-46.41086,DEL01-SP,Risco Médio,Alta
quarta-feira,BR-282,2.0,Plena Noite,Crescente,Nublado,Dupla,Reta,-27.60329,-48.59042,DEL01-SC,Risco Médio,Baixa
sábado,BR-376,161.4,Pleno dia,Crescente,Céu Claro,Dupla,Não Informado,-23.37282,-52.05547,DEL07-PR,Risco Médio,Baixa
sexta-feira,BR-116,822.6,Plena Noite,Crescente,Céu Claro,Dupla,Reta,-14.85022,-40.84848,DEL08-BA,Risco Médio,Alta
terça-feira,BR-101,865.0,Pleno dia,Crescente,Céu Claro,Simples,Reta,-17.438,-39.6904,DEL09-BA,Risco Médio,Alta
domingo,BR-60,185.1,Pleno dia,Decrescente,Chuva,Dupla,Reta,-16.7956,-49.51,DEL01-GO,Risco Médio,Média
quinta-feira,BR-163,556.0,Pleno dia,Crescente,Céu Claro,Simples,Desvio Temporário,-19.85579,-54.36913,DEL01-MS,Risco Médio,Alta
sexta-feira,BR-101,294.0,Pleno dia,Crescente,Sol,Dupla,Não Informado,-20.32416,-40.39529,DEL01-ES,Risco Médio,Alta
domingo,BR-101,237.0,Plena Noite,Crescente,Garoa/Chuvisco,Dupla,Reta,-20.00594,-40.41235,DEL02-ES,Risco Médio,Alta
quarta-feira,BR-282,438.0,Pleno dia,Decrescente,Céu Claro,Simples,Reta,-26.95389,-51.85571,DEL07-SC,Risco Baixo,Baixa
quinta-feira,BR-60,2.0,Anoitecer,Decrescente,Céu Claro,Dupla,Curva,-16.07811,-48.26852,DEL01-DF,Risco Baixo,Média
sexta-feira,BR-101,204.5,Plena Noite,Crescente,Céu Claro,Múltipla,Curva,-27.5832,-48.6151,DEL01-SC,Risco Médio,Alta
domingo,BR-116,146.0,Plena Noite,Crescente,Nublado,Dupla,Reta,-23.19063,-45.85808,DEL02-SP,Risco Baixo,Alta
terça-feira,BR-163,491.6,Pleno dia,Crescente,Céu Claro,Simples,Reta,-20.36435,-54.52854,DEL01-MS,Risco Médio,Alta
quinta-feira,BR-101,136.0,Pleno dia,Crescente,Céu Claro,Simples,Reta,-27.0158,-48.6117,DEL04-SC,Risco Médio,Alta
quinta-feira,BR-230,403.0,Pleno dia,Crescente,Céu Claro,Simples,Curva,-7.532914,-46.03592,DEL05-MA,Risco Alto,Baixa
terça-feira,BR-153,188.0,Pleno dia,Crescente,Céu Claro,Simples,Reta,-19.92356,-48.95951,DEL13-MG,Risco Médio,Alta
segunda-feira,BR-376,242.6,Pleno dia,Crescente,Nublado,Simples,Curva,-23.58176,-51.42439,DEL07-PR,Risco Médio,Baixa
segunda-feira,BR-287,409.0,Plena Noite,Decrescente,Céu Claro,Simples,Interseção de vias,-29.09538,-54.92258,DEL12-RS,Risco Baixo,Baixa
domingo,BR-40,768.4,Pleno dia,Crescente,Nublado,Simples,Curva,-21.6108,-43.4574,DEL05-MG,Risco Alto,Alta
sábado,BR-163,118.0,Pleno dia,Crescente,Céu Claro,Dupla,Reta,-16.51361,-54.6552,DEL02-MT,Risco Baixo,Alta
quarta-feira,BR-101,213.7,Plena Noite,Decrescente,Nublado,Simples,Reta,-19.82396,-40.36973,DEL02-ES,Risco Médio,Alta
domingo,BR-365,628.1,Plena Noite,Decrescente,Ignorado,Dupla,Reta,-18.9079,-48.3145,DEL15-MG,Risco Médio,Média
segunda-feira,BR-369,150.8,Plena Noite,Crescente,Céu Claro,Dupla,Reta,-23.2927,-51.16898,DEL07-PR,Risco Médio,Baixa
quinta-feira,BR-40,114.0,Pleno dia,Crescente,Garoa/Chuvisco,Simples,Curva,-22.71824,-43.29044,DEL01-RJ,Risco Médio,Alta
sábado,BR-116,93.7,Pleno dia,Crescente,Sol,Dupla,Desvio Temporário,-25.52063,-49.13498,DEL01-PR,Risco Médio,Alta
quinta-feira,BR-262,443.9,Plena Noite,Decrescente,Céu Claro,Dupla,Reta,-19.86495,-44.99539,DEL08-MG,Risco Médio,Média
domingo,BR-470,228.8,Pleno dia,Decrescente,Nublado,Simples,Não Informado,-29.26906,-51.49905,DEL06-RS,Risco Médio,Baixa
domingo,BR-364,492.0,Pleno dia,Decrescente,Céu Claro,Simples,Reta,-10.09561,-62.9627,DEL03-RO,Risco Médio,Alta
sexta-feira,BR-101,63.5,Pleno dia,Decrescente,Nublado,Simples,Reta,-11.95647,-38.08556,DEL01-BA,Risco Médio,Alta
sábado,BR-381,493.5,Amanhecer,Decrescente,Céu Claro,Dupla,Não Informado,-19.97671,-44.19963,DEL01-MG,Risco Médio,Alta
domingo,BR-116,104.0,Pleno dia,Decrescente,Chuva,Dupla,Reta,-22.0,-42.0,DEL04-RJ,Risco Alto,Alta
quarta-feira,BR-101,72.3,Pleno dia,Crescente,Nublado,Dupla,Reta,-10.75137,-37.10038,DEL01-SE,Risco Baixo,Alta
terça-feira,BR-101,75.0,Pleno dia,Crescente,Sol,Simples,Reta,-8.118194,-34.94325,DEL01-PE,Risco Médio,Alta
domingo,BR-470,122.5,Pleno dia,Crescente,Chuva,Simples,Curva,-27.0958,-49.52683,DEL04-SC,Risco Baixo,Baixa
terça-feira,BR-116,301.0,Pleno dia,Crescente,Nublado,Dupla,Reta,-22.45683,-44.41063,DEL07-RJ,Risco Baixo,Alta