dia_semana,br,km,fase_dia,sentido_via,condicao_metereologica,tipo_pista,tracado_via,latitude,longitude,delegacia,classificacao_acidente,postos_policiais_PRF
quarta-feira,BR-163,61.5,Plena Noite,Crescente,Chuva,Simples,Não Informado,-25.89818,-53.75308,DEL02-PR,Risco Alto,Alta
sexta-feira,BR-470,68.3,Plena Noite,Crescente,Chuva,Simples,Rotatória,-26.87761,-49.23923,DEL04-SC,Risco Médio,Baixa
quinta-feira,BR-277,4.7,Plena Noite,Crescente,Nublado,Dupla,Rotatória,-25.55607,-48.56541,DEL01-PR,Risco Baixo,Média
domingo,BR-381,937.0,Pleno dia,Crescente,Céu Claro,Dupla,Curva,-22.81167,-46.28927,DEL16-MG,Risco Baixo,Alta
segunda-feira,BR-101,86.4,Plena Noite,Crescente,Céu Claro,Dupla,Reta,-8.1847,-34.96817,DEL01-PE,Risco Alto,Alta
sábado,BR-365,529.0,Plena Noite,Decrescente,Nublado,Simples,Reta,-18.91571,-47.47433,DEL10-MG,Risco Alto,Média
quarta-feira,BR-381,499.9,Pleno dia,Crescente,Céu Claro,Dupla,Reta,-20.00239,-44.21207,DEL01-MG,Risco Baixo,Alta
quinta-feira,BR-230,78.5,Pleno dia,Crescente,Céu Claro,Dupla,Desvio Temporário,-6.792412,-39.28646,DEL05-CE,Risco Alto,Baixa
sexta-feira,BR-282,225.0,Amanhecer,Decrescente,Chuva,Simples,Curva,-27.79418,-50.37956,DEL05-SC,Risco Médio,Baixa
quinta-feira,BR-116,266.0,Anoitecer,Decrescente,Chuva,Dupla,Reta,-29.93242,-51.17742,DEL01-RS,Risco Médio,Alta
quinta-feira,BR-324,623.0,Pleno dia,Crescente,Céu Claro,Dupla,Reta,-12.93491,-38.47315,DEL01-BA,Risco Médio,Baixa
domingo,BR-210,1.0,Plena Noite,Decrescente,Céu Claro,Dupla,Reta,0.07816717,-51.06999,DEL01-AP,Risco Médio,Baixa
quinta-feira,BR-324,574.0,Pleno dia,Decrescente,Céu Claro,Dupla,Reta,-12.56759,-38.55239,DEL01-BA,Risco Médio,Baixa
terça-feira,BR-153,82.0,Pleno dia,Decrescente,Céu Claro,Simples,Ponte,-19.08091,-48.99734,DEL15-MG,Risco Médio,Alta
segunda-feira,BR-101,99.0,Pleno dia,Decrescente,Céu Claro,Simples,Reta,-12.09341,-38.36227,DEL01-BA,Risco Médio,Alta
segunda-feira,BR-277,78.8,Plena Noite,Crescente,Ignorado,Dupla,Reta,-25.48047,-49.19884,DEL01-PR,Risco Médio,Média
quarta-feira,BR-104,88.0,Pleno dia,Decrescente,Nublado,Dupla,Reta,-9.486228,-35.81715,DEL01-AL,Risco Médio,Baixa
sábado,BR-282,518.6,Plena Noite,Decrescente,Céu Claro,Simples,Reta,-26.9441,-52.50843,DEL07-SC,Risco Médio,Baixa
sexta-feira,BR-101,816.0,Amanhecer,Decrescente,Nevoeiro/Neblina,Simples,Reta,-17.06722,-39.5569,DEL09-BA,Risco Médio,Alta
quarta-feira,BR-381,491.0,Pleno dia,Crescente,Céu Claro,Dupla,Curva,-19.97018,-44.1821,DEL01-MG,Risco Médio,Alta
sábado,BR-158,267.7,Plena Noite,Decrescente,Céu Claro,Simples,Reta,-20.76029,-51.69385,DEL07-MS,Risco Médio,Baixa
segunda-feira,BR-20,396.6,Pleno dia,Decrescente,Céu Claro,Simples,Não Informado,-3.820801,-38.74413,DEL01-CE,Risco Médio,Baixa
sexta-feira,BR-381,526.0,Pleno dia,Crescente,Céu Claro,Dupla,Curva,-20.16175,-44.34145,DEL04-MG,Risco Médio,Alta
sábado,BR-282,463.0,Pleno dia,Crescente,Nublado,Simples,Rotatória,-26.85504,-52.05955,DEL07-SC,Risco Médio,Baixa
domingo,BR-116,349.0,Pleno dia,Crescente,Céu Claro,Dupla,Curva,-24.05191,-47.21305,DEL04-SP,Risco Médio,Alta
quinta-feira,BR-116,352.9,Pleno dia,Decrescente,Céu Claro,Simples,Reta,-6.255623,-38.69644,DEL05-CE,Risco Baixo,Alta
quinta-feira,BR-381,671.5,Plena Noite,Decrescente,Nublado,Dupla,Não Informado,-21.06632,-45.0524,DEL04-MG,Risco Médio,Alta
sábado,BR-277,650.0,Plena Noite,Crescente,Nublado,Simples,Reta,-25.17904,-53.876,DEL05-PR,Risco Baixo,Média
sexta-feira,BR-163,657.8,Plena Noite,Decrescente,Nublado,Simples,Não Informado,-19.10774,-54.7654,DEL06-MS,Risco Médio,Alta
sábado,BR-153,58.0,Pleno dia,Crescente,Céu Claro,Simples,Reta,-20.77838,-49.35301,DEL09-SP,Risco Baixo,Alta
domingo,BR-369,39.0,Amanhecer,Decrescente,Céu Claro,Simples,Interseção de vias,-23.06078,-50.25421,DEL07-PR,Risco Médio,Baixa
quinta-feira,BR-242,1.0,Pleno dia,Crescente,Céu Claro,Simples,Reta,-12.15321,-44.99036,DEL10-BA,Risco Médio,Baixa
quinta-feira,BR-101,83.8,Pleno dia,Decrescente,Céu Claro,Simples,Reta,-8.175172,-34.94264,DEL01-PE,Risco Médio,Alta
domingo,BR-364,13.0,Pleno dia,Crescente,Céu Claro,Dupla,Rotatória,-12.73898,-60.13911,DEL04-RO,Risco Médio,Alta
sábado,BR-153,409.3,Anoitecer,Decrescente,Chuva,Simples,Desvio Temporário,-16.0882,-49.0388,DEL02-GO,Risco Médio,Alta
sexta-feira,BR-101,270.0,Pleno dia,Crescente,Céu Claro,Múltipla,Reta,-20.22662,-40.27075,DEL02-ES,Risco Médio,Alta
quarta-feira,BR-116,23.6,Amanhecer,Decrescente,Céu Claro,Dupla,Reta,-22.59456,-44.88668,DEL08-SP,Risco Baixo,Alta
quinta-feira,BR-282,329.0,Pleno dia,Crescente,Céu Claro,Simples,Não Informado,-27.38009,-51.0977,DEL07-SC,Risco Médio,Baixa
sábado,BR-381,669.7,Pleno dia,Decrescente,Nublado,Dupla,Não Informado,-21.07596,-45.05548,DEL04-MG,Risco Baixo,Alta
sábado,BR-277,78.0,Pleno dia,Decrescente,Céu Claro,Dupla,Reta,-25.51328,-49.12433,DEL01-PR,Risco Baixo,Média
quarta-feira,BR-277,707.8,Anoitecer,Crescente,Céu Claro,Dupla,Não Informado,-25.43906,-54.38652,DEL05-PR,Risco Baixo,Média
sábado,BR-381,598.8,Plena Noite,Decrescente,Céu Claro,Dupla,Não Informado,-20.59829,-44.70956,DEL04-MG,Risco Médio,Alta
domingo,BR-116,302.4,Amanhecer,Decrescente,Céu Claro,Simples,Curva,-18.01809,-41.63419,DEL11-MG,Risco Médio,Alta
terça-feira,BR-40,15.0,Plena Noite,Decrescente,Céu Claro,Dupla,Não Informado,-16.1671,-47.93016,DEL01-DF,Risco Alto,Alta
terça-feira,BR-230,41.9,Pleno dia,Decrescente,Sol,Dupla,Desvio Temporário,-7.144968,-34.99806,DEL01-PB,Risco Médio,Baixa
domingo,BR-285,325.2,Amanhecer,Crescente,Céu Claro,Simples,Reta,-28.26864,-52.66795,DEL08-RS,Risco Médio,Baixa
quinta-feira,BR-316,35.6,Pleno dia,Crescente,Céu Claro,Dupla,Reta,-1.2896,-48.15514,DEL01-PA,Risco Médio,Baixa
segunda-feira,BR-364,268.0,Pleno dia,Decrescente,Sol,Simples,Reta,-17.67066,-52.29396,DEL05-GO,Risco Médio,Alta
domingo,BR-421,17.0,Anoitecer,Crescente,Céu Claro,Simples,Não Informado,-10.01767,-63.16713,DEL03-RO,Risco Médio,Baixa
sábado,BR-116,911.8,Plena Noite,Decrescente,Nublado,Simples,Reta,-15.5287,-41.24612,DEL08-BA,Risco Alto,Alta
segunda-feira,BR-369,187.4,Pleno dia,Crescente,Céu Claro,Simples,Reta,-23.41411,-51.42838,DEL07-PR,Risco Médio,Baixa
segunda-feira,BR-373,271.8,Pleno dia,Crescente,Céu Claro,Simples,Reta,-25.24369,-51.04628,DEL03-PR,Risco Baixo,Baixa
sábado,BR-40,8.0,Pleno dia,Decrescente,Céu Claro,Dupla,Reta,-16.11616,-47.96761,DEL01-DF,Risco Médio,Alta
quinta-feira,BR-116,457.7,Pleno dia,Decrescente,Céu Claro,Dupla,Reta,-24.59567,-47.87763,DEL05-SP,Risco Baixo,Alta
sexta-feira,BR-116,529.9,Pleno dia,Crescente,Céu Claro,Simples,Interseção de vias,-19.79784,-42.13824,DEL06-MG,Risco Baixo,Alta
quarta-feira,BR-262,248.0,Plena Noite,Decrescente,Nublado,Simples,Reta,-20.4307,-53.83848,DEL01-MS,Risco Médio,Média
quinta-feira,BR-163,771.0,Pleno dia,Crescente,Chuva,Simples,Reta,-12.51359,-55.69587,DEL06-MT,Risco Médio,Alta
domingo,BR-116,144.0,Pleno dia,Decrescente,Céu Claro,Simples,Desvio Temporário,-23.18274,-45.84634,DEL02-SP,Risco Baixo,Alta
terça-feira,BR-472,553.0,Pleno dia,Decrescente,Céu Claro,Simples,Reta,-29.59921,-56.86448,DEL13-RS,Risco Médio,Baixa
segunda-feira,BR-40,120.0,Pleno dia,Crescente,Céu Claro,Múltipla,Reta,-22.7807,-43.2856,DEL01-RJ,Risco Médio,Alta
terça-feira,BR-101,45.0,Pleno dia,Decrescente,Céu Claro,Múltipla,Reta,-7.865213,-34.90715,DEL01-PE,Risco Baixo,Alta
domingo,BR-232,135.0,Plena Noite,Crescente,Céu Claro,Dupla,Não Informado,-8.310966,-36.03309,DEL02-PE,Risco Alto,Baixa
terça-feira,BR-153,188.1,Anoitecer,Crescente,Chuva,Simples,Não Informado,-19.86841,-48.97016,DEL13-MG,Risco Baixo,Alta
domingo,BR-40,789.9,Plena Noite,Decrescente,Nevoeiro/Neblina,Dupla,Reta,-21.7755,-43.4327,DEL05-MG,Risco Médio,Alta
domingo,BR-365,476.0,Plena Noite,Crescente,Garoa/Chuvisco,Simples,Não Informado,-18.9209,-47.0199,DEL10-MG,Risco Baixo,Média
sexta-feira,BR-101,57.1,Pleno dia,Crescente,Chuva,Dupla,Reta,-7.963462,-34.91513,DEL01-PE,Risco Médio,Alta
quarta-feira,BR-210,104.0,Plena Noite,Crescente,Céu Claro,Simples,Reta,0.6985633,-51.39692,DEL01-AP,Risco Médio,Baixa
sábado,BR-50,118.0,Anoitecer,Decrescente,Céu Claro,Dupla,Reta,-19.2913,-48.11742,DEL13-MG,Risco Médio,Média
domingo,BR-364,548.8,Pleno dia,Decrescente,Céu Claro,Simples,Reta,-9.662858,-63.09027,DEL03-RO,Risco Médio,Alta
sábado,BR-116,232.0,Plena Noite,Decrescente,Nublado,Simples,Reta,-29.633,-51.14325,DEL01-RS,Risco Baixo,Alta
sábado,BR-463,39.0,Pleno dia,Decrescente,Sol,Simples,Reta,-22.31198,-55.15181,DEL04-MS,Risco Médio,Baixa
quinta-feira,BR-381,345.0,Pleno dia,Crescente,Chuva,Simples,Curva,-19.7784,-43.0437,DEL03-MG,Risco Médio,Alta
domingo,BR-101,494.0,Amanhecer,Crescente,Chuva,Simples,Curva,-22.93753,-44.31852,DEL03-RJ,Risco Baixo,Alta
sexta-feira,BR-158,516.0,Pleno dia,Crescente,Céu Claro,Simples,Curva,-26.1809,-52.6633,DEL02-PR,Risco Baixo,Baixa
domingo,BR-116,818.1,Pleno dia,Decrescente,Céu Claro,Simples,Reta,-14.78622,-40.74705,DEL08-BA,Risco Baixo,Alta
sábado,BR-101,131.3,Pleno dia,Crescente,Sol,Dupla,Reta,-11.1178,-37.3775,DEL02-SE,Risco Baixo,Alta
sábado,BR-376,155.3,Plena Noite,Crescente,Céu Claro,Simples,Reta,-23.34975,-52.09103,DEL07-PR,Risco Médio,Baixa
sexta-feira,BR-282,347.2,Pleno dia,Decrescente,Céu Claro,Simples,Reta,-27.36728,-51.25845,DEL07-SC,Risco Alto,Baixa
segunda-feira,BR-116,168.0,Pleno dia,Crescente,Nublado,Dupla,Curva,-22.79992,-43.35583,DEL01-RJ,Risco Médio,Alta
domingo,BR-153,34.2,Pleno dia,Decrescente,Céu Claro,Simples,Reta,-27.5477,-52.1962,DEL08-RS,Risco Médio,Alta
segunda-feira,BR-40,93.0,Pleno dia,Decrescente,Céu Claro,Simples,Curva,-22.56896,-43.24361,DEL06-RJ,Risco Médio,Alta
sábado,BR-40,43.0,Pleno dia,Decrescente,Nublado,Dupla,Curva,-22.19122,-43.16185,DEL06-RJ,Risco Médio,Alta
domingo,BR-367,24.0,Plena Noite,Decrescente,Céu Claro,Simples,Curva,-16.43764,-39.08138,DEL09-BA,Risco Médio,Baixa
sábado,BR-304,35.0,Pleno dia,Crescente,Sol,Múltipla,Não Informado,-5.161495,-37.35068,DEL04-RN,Risco Médio,Baixa
terça-feira,BR-116,562.9,Plena Noite,Decrescente,Nublado,Dupla,Curva,-25.02464,-48.52214,DEL05-SP,Risco Alto,Alta
domingo,BR-287,393.0,Plena Noite,Decrescente,Céu Claro,Simples,Não Informado,-29.21593,-54.84426,DEL12-RS,Risco Baixo,Baixa
sábado,BR-470,146.9,Plena Noite,Crescente,Céu Claro,Simples,Reta,-27.24067,-49.68582,DEL04-SC,Risco Médio,Baixa
sábado,BR-116,709.9,Pleno dia,Crescente,Céu Claro,Simples,Reta,-14.10719,-40.22427,DEL03-BA,Risco Alto,Alta
sábado,BR-476,171.8,Plena Noite,Crescente,Céu Claro,Múltipla,Reta,-25.6725,-49.51061,DEL01-PR,Risco Médio,Baixa
quinta-feira,BR-282,1.5,Plena Noite,Crescente,Céu Claro,Dupla,Curva,-27.60296,-48.58051,DEL01-SC,Risco Médio,Baixa
sexta-feira,BR-230,171.2,Pleno dia,Decrescente,Nublado,Simples,Reta,-7.18,-35.9938,DEL02-PB,Risco Baixo,Baixa
segunda-feira,BR-230,294.0,Pleno dia,Crescente,Céu Claro,Simples,Não Informado,-6.845063,-42.89192,DEL03-PI,Risco Baixo,Baixa
quarta-feira,BR-116,212.0,Pleno dia,Crescente,Céu Claro,Múltipla,Reta,-23.43608,-46.42805,DEL01-SP,Risco Baixo,Alta
segunda-feira,BR-343,340.0,Pleno dia,Crescente,Céu Claro,Simples,Reta,-5.074137,-42.73629,DEL01-PI,Risco Médio,Baixa
quarta-feira,BR-101,58.0,Pleno dia,Crescente,Céu Claro,Simples,Reta,-21.70489,-41.3098,DEL08-RJ,Risco Médio,Alta
quinta-feira,BR-60,394.7,Anoitecer,Crescente,Céu Claro,Simples,Reta,-20.75567,-54.78573,DEL01-MS,Risco Alto,Média
domingo,BR-101,3.0,Plena Noite,Crescente,Céu Claro,Dupla,Não Informado,-6.532513,-35.11559,DEL01-PB,Risco Médio,Alta
terça-feira,BR-50,78.0,Pleno dia,Decrescente,Sol,Dupla,Reta,-18.98691,-48.21185,DEL15-MG,Risco Médio,Média
terça-feira,BR-230,77.5,Plena Noite,Decrescente,Nublado,Simples,Reta,-6.790688,-39.2719,DEL05-CE,Risco Alto,Baixa
quinta-feira,BR-277,355.1,Pleno dia,Crescente,Céu Claro,Dupla,Curva,-25.39062,-51.52124,DEL03-PR,Risco Médio,Média
sábado,BR-101,321.4,Plena Noite,Decrescente,Nublado,Dupla,Reta,-28.42779,-48.9116,DEL02-SC,Risco Médio,Alta
domingo,BR-381,525.2,Amanhecer,Crescente,Nublado,Dupla,Não Informado,-20.16711,-44.33422,DEL04-MG,Risco Médio,Alta
sexta-feira,BR-376,155.0,Pleno dia,Crescente,Céu Claro,Dupla,Reta,-23.33852,-52.09846,DEL07-PR,Risco Médio,Baixa
sexta-feira,BR-101,1.0,Pleno dia,Crescente,Sol,Dupla,Reta,-20.24498,-40.28349,DEL02-ES,Risco Médio,Alta
quinta-feira,BR-163,575.2,Pleno dia,Decrescente,Céu Claro,Simples,Não Informado,-19.6868,-54.35044,DEL01-MS,Risco Médio,Alta
segunda-feira,BR-40,712.0,Pleno dia,Decrescente,Chuva,Dupla,Reta,-21.256,-43.6621,DEL05-MG,Risco Médio,Alta
quarta-feira,BR-101,114.0,Plena Noite,Decrescente,Nublado,Dupla,Reta,-26.86193,-48.72867,DEL04-SC,Risco Médio,Alta
domingo,BR-316,218.0,Pleno dia,Decrescente,Céu Claro,Simples,Rotatória,-8.547112,-39.22861,DEL05-PE,Risco Médio,Baixa
segunda-feira,BR-222,306.0,Pleno dia,Crescente,Céu Claro,Simples,Reta,-3.674763,-40.96798,DEL04-CE,Risco Baixo,Baixa
terça-feira,BR-230,155.0,Pleno dia,Decrescente,Céu Claro,Simples,Reta,-5.243139,-49.3317,DEL03-PA,Risco Médio,Baixa
domingo,BR-101,148.0,Amanhecer,Decrescente,Céu Claro,Múltipla,Reta,-19.4069,-40.0635,DEL04-ES,Risco Baixo,Alta
segunda-feira,BR-40,78.0,Pleno dia,Crescente,Chuva,Dupla,Curva,-22.48486,-43.22843,DEL06-RJ,Risco Médio,Alta
sexta-feira,BR-381,929.8,Pleno dia,Crescente,Chuva,Dupla,Curva,-22.77196,-46.23488,DEL16-MG,Risco Médio,Alta
domingo,BR-101,431.0,Plena Noite,Decrescente,Céu Claro,Simples,Reta,-14.19689,-39.31392,DEL05-BA,Risco Alto,Alta
domingo,BR-222,3.8,Pleno dia,Crescente,Céu Claro,Múltipla,Reta,-3.74137,-38.60372,DEL01-CE,Risco Médio,Baixa
quinta-feira,BR-101,252.3,Pleno dia,Decrescente,Nublado,Múltipla,Interseção de vias,-27.96057,-48.67864,DEL02-SC,Risco Médio,Alta
domingo,BR-381,442.0,Pleno dia,Decrescente,Chuva,Simples,Curva,-19.79925,-43.76095,DEL01-MG,Risco Médio,Alta
sábado,BR-116,541.0,Plena Noite,Crescente,Céu Claro,Simples,Curva,-12.8309,-39.8297,DEL03-BA,Risco Médio,Alta
sábado,BR-316,56.0,Pleno dia,Decrescente,Nublado,Dupla,Reta,-1.306071,-48.00711,DEL01-PA,Risco Baixo,Baixa
quinta-feira,BR-101,73.0,Plena Noite,Crescente,Céu Claro,Simples,Reta,-18.77025,-39.86803,DEL04-ES,Risco Médio,Alta
sábado,BR-158,300.0,Pleno dia,Crescente,Céu Claro,Simples,Reta,-11.94462,-51.67108,DEL07-MT,Risco Médio,Baixa
terça-feira,BR-40,660.8,Pleno dia,Decrescente,Céu Claro,Simples,Reta,-20.90213,-43.82736,DEL05-MG,Risco Baixo,Alta
quinta-feira,BR-70,19.0,Pleno dia,Decrescente,Nublado,Dupla,Reta,-15.78887,-48.22024,DEL01-DF,Risco Baixo,Baixa
terça-feira,BR-262,56.9,Anoitecer,Crescente,Céu Claro,Simples,Reta,-20.26638,-42.18214,DEL06-MG,Risco Médio,Média
sexta-feira,BR-116,823.2,Pleno dia,Decrescente,Sol,Dupla,Reta,-14.8523,-40.8486,DEL08-BA,Risco Médio,Alta
sexta-feira,BR-282,351.0,Pleno dia,Decrescente,Garoa/Chuvisco,Simples,Reta,-27.36137,-51.30197,DEL07-SC,Risco Médio,Baixa
quinta-feira,BR-101,241.4,Pleno dia,Crescente,Sol,Simples,Interseção de vias,-20.02928,-40.39784,DEL02-ES,Risco Médio,Alta
terça-feira,BR-364,197.0,Plena Noite,Decrescente,Céu Claro,Dupla,Reta,-17.9203,-51.7318,DEL05-GO,Risco Médio,Alta
sábado,BR-116,415.1,Plena Noite,Decrescente,Chuva,Simples,Ponte,-18.88328,-41.95322,DEL06-MG,Risco Baixo,Alta
terça-feira,BR-369,511.1,Plena Noite,Crescente,Nublado,Simples,Curva,-24.8639,-53.3378,DEL04-PR,Risco Médio,Baixa
quinta-feira,BR-40,6.0,Pleno dia,Crescente,Nublado,Dupla,Reta,-16.1015,-47.97695,DEL01-DF,Risco Médio,Alta
sexta-feira,BR-101,96.4,Pleno dia,Decrescente,Sol,Múltipla,Reta,-5.849889,-35.20914,DEL01-RN,Risco Baixo,Alta
quarta-feira,BR-287,247.0,Pleno dia,Crescente,Céu Claro,Simples,Não Informado,-29.69992,-53.84176,DEL09-RS,Risco Médio,Baixa
domingo,BR-116,530.1,Pleno dia,Crescente,Céu Claro,Simples,Interseção de vias,-31.75908,-52.43688,DEL07-RS,Risco Médio,Alta
domingo,BR-324,611.0,Plena Noite,Crescente,Céu Claro,Dupla,Reta,-12.83798,-38.41427,DEL01-BA,Risco Médio,Baixa
segunda-feira,BR-163,570.0,Pleno dia,Crescente,Céu Claro,Simples,Reta,-14.20049,-56.07422,DEL01-MT,Risco Médio,Alta
segunda-feira,BR-343,337.5,Pleno dia,Crescente,Chuva,Dupla,Reta,-5.061833,-42.71412,DEL01-PI,Risco Médio,Baixa
sábado,BR-60,217.9,Plena Noite,Decrescente,Nublado,Dupla,Ponte,-16.98179,-49.74547,DEL01-GO,Risco Baixo,Média
sexta-feira,BR-376,653.0,Pleno dia,Decrescente,Céu Claro,Dupla,Não Informado,-25.8442,-49.06044,DEL01-PR,Risco Médio,Baixa
domingo,BR-40,525.0,Pleno dia,Decrescente,Céu Claro,Dupla,Reta,-19.88362,-44.05039,DEL01-MG,Risco Médio,Alta
domingo,BR-304,46.5,Plena Noite,Crescente,Ignorado,Dupla,Retorno Regulamentado,-5.225942,-37.33522,DEL04-RN,Risco Médio,Baixa
segunda-feira,BR-101,82.0,Pleno dia,Decrescente,Nublado,Dupla,Reta,-8.175082,-34.94252,DEL01-PE,Risco Médio,Alta
sexta-feira,BR-116,320.6,Plena Noite,Decrescente,Céu Claro,Dupla,Reta,-23.93226,-47.00835,DEL04-SP,Risco Médio,Alta
sábado,BR-153,0.1,Amanhecer,Decrescente,Nublado,Simples,Não Informado,-18.41758,-49.19443,DEL15-MG,Risco Médio,Alta
terça-feira,BR-381,756.0,Plena Noite,Crescente,Nublado,Simples,Não Informado,-21.68327,-45.34332,DEL16-MG,Risco Médio,Alta
sexta-feira,BR-364,681.0,Pleno dia,Crescente,Céu Claro,Simples,Reta,-8.786651,-63.59725,DEL01-RO,Risco Médio,Alta
segunda-feira,BR-364,435.0,Pleno dia,Crescente,Céu Claro,Simples,Reta,-15.64128,-56.13085,DEL01-MT,Risco Médio,Alta
quinta-feira,BR-282,20.7,Plena Noite,Crescente,Céu Claro,Simples,Não Informado,-27.68922,-48.71614,DEL01-SC,Risco Alto,Baixa
segunda-feira,BR-40,551.7,Pleno dia,Decrescente,Céu Claro,Dupla,Reta,-20.05411,-43.97102,DEL01-MG,Risco Médio,Alta
sexta-feira,BR-116,190.1,Plena Noite,Crescente,Nublado,Dupla,Reta,-22.73383,-43.55591,DEL01-RJ,Risco Baixo,Alta
quarta-feira,BR-153,56.0,Pleno dia,Crescente,Sol,Dupla,Não Informado,-20.74489,-49.33895,DEL09-SP,Risco Médio,Alta
segunda-feira,BR-277,14.0,Pleno dia,Decrescente,Céu Claro,Dupla,Reta,-25.5682,-48.61529,DEL01-PR,Risco Médio,Média
domingo,BR-290,97.0,Plena Noite,Decrescente,Chuva,Dupla,Reta,-29.9964,-51.21215,DEL01-RS,Risco Baixo,Baixa
sábado,BR-116,21.0,Pleno dia,Crescente,Nublado,Dupla,Reta,-25.11048,-48.75592,DEL01-PR,Risco Médio,Alta
terça-feira,BR-230,80.0,Pleno dia,Crescente,Céu Claro,Dupla,Curva,-7.177778,-35.32324,DEL01-PB,Risco Médio,Baixa
terça-feira,BR-101,414.4,Pleno dia,Crescente,Sol,Simples,Rotatória,-20.92346,-41.07836,DEL03-ES,Risco Baixo,Alta
quarta-feira,BR-101,24.5,Anoitecer,Decrescente,Céu Claro,Simples,Reta,-29.45523,-49.92523,DEL03-RS,Risco Médio,Alta
domingo,BR-116,114.0,Pleno dia,Crescente,Céu Claro,Dupla,Reta,-25.56297,-49.25644,DEL01-PR,Risco Baixo,Alta
segunda-feira,BR-101,234.0,Plena Noite,Crescente,Céu Claro,Dupla,Reta,-22.57674,-42.37912,DEL02-RJ,Risco Baixo,Alta
quinta-feira,BR-232,109.5,Pleno dia,Crescente,Céu Claro,Dupla,Curva,-8.280368,-35.81085,DEL02-PE,Risco Alto,Baixa
domingo,BR-381,349.0,Pleno dia,Decrescente,Chuva,Simples,Não Informado,-19.84992,-43.14868,DEL03-MG,Risco Médio,Alta
sábado,BR-476,224.0,Plena Noite,Crescente,Nublado,Simples,Curva,-25.84857,-49.94143,DEL02-PR,Risco Médio,Baixa
domingo,BR-116,104.2,Pleno dia,Decrescente,Céu Claro,Simples,Reta,-22.50842,-42.99821,DEL04-RJ,Risco Médio,Alta
sábado,BR-376,500.0,Pleno dia,Crescente,Céu Claro,Simples,Interseção de vias,-25.20185,-50.07092,DEL03-PR,Risco Médio,Baixa
segunda-feira,BR-407,14.0,Pleno dia,Decrescente,Céu Claro,Simples,Reta,-9.520744,-40.4557,DEL04-BA,Risco Médio,Baixa
quinta-feira,BR-476,104.6,Pleno dia,Crescente,Nublado,Simples,Reta,-25.27128,-49.14089,DEL01-PR,Risco Médio,Baixa
sábado,BR-277,4.0,Anoitecer,Crescente,Céu Claro,Dupla,Reta,-25.51766,-54.58557,DEL05-PR,Risco Médio,Média
quinta-feira,BR-116,101.0,Pleno dia,Decrescente,Céu Claro,Dupla,Reta,-22.9905,-45.4807,DEL06-SP,Risco Baixo,Alta
sexta-feira,BR-381,533.5,Pleno dia,Crescente,Chuva,Dupla,Curva,-20.1781,-44.3771,DEL04-MG,Risco Médio,Alta
terça-feira,BR-316,272.0,Plena Noite,Decrescente,Garoa/Chuvisco,Simples,Reta,-6.934338,-41.74457,DEL04-PI,Risco Médio,Baixa
terça-feira,BR-381,357.2,Pleno dia,Decrescente,Garoa/Chuvisco,Simples,Curva,-19.85125,-43.21582,DEL03-MG,Risco Médio,Alta
sexta-feira,BR-471,164.4,Pleno dia,Crescente,Céu Claro,Simples,Desvio Temporário,-29.90567,-52.3917,DEL02-RS,Risco Médio,Baixa
sexta-feira,BR-381,922.0,Plena Noite,Decrescente,Chuva,Dupla,Curva,-22.7719,-46.1831,DEL16-MG,Risco Médio,Alta
terça-feira,BR-222,328.1,Plena Noite,Crescente,Céu Claro,Simples,Reta,-3.815112,-41.09337,DEL04-CE,Risco Médio,Baixa
sexta-feira,BR-70,1.5,Pleno dia,Decrescente,Nublado,Simples,Reta,-15.89164,-52.26203,DEL07-MT,Risco Médio,Baixa
terça-feira,BR-116,246.0,Pleno dia,Decrescente,Céu Claro,Simples,Reta,-27.8042,-50.36509,DEL05-SC,Risco Médio,Alta
terça-feira,BR-153,49.5,Pleno dia,Crescente,Céu Claro,Dupla,Reta,-18.81503,-49.08722,DEL15-MG,Risco Médio,Alta
segunda-feira,BR-101,45.0,Pleno dia,Decrescente,Céu Claro,Múltipla,Reta,-7.865213,-34.90715,DEL01-PE,Risco Médio,Alta
sábado,BR-381,86.1,Plena Noite,Crescente,Céu Claro,Dupla,Reta,-23.4593,-46.57161,DEL03-SP,Risco Baixo,Alta
sábado,BR-163,744.0,Pleno dia,Crescente,Céu Claro,Simples,Reta,-12.71578,-55.82369,DEL06-MT,Risco Médio,Alta
sábado,BR-386,341.3,Pleno dia,Crescente,Nublado,Simples,Reta,-29.43458,-52.00419,DEL04-RS,Risco Baixo,Média
domingo,BR-116,814.8,Pleno dia,Crescente,Sol,Simples,Reta,-14.81388,-40.80022,DEL08-BA,Risco Médio,Alta
segunda-feira,BR-364,710.0,Pleno dia,Decrescente,Céu Claro,Dupla,Reta,-8.782957,-63.8638,DEL01-RO,Risco Médio,Alta
segunda-feira,BR-153,28.5,Pleno dia,Crescente,Céu Claro,Simples,Não Informado,-23.2161,-49.99265,DEL07-PR,Risco Alto,Alta
sexta-feira,BR-101,401.0,Pleno dia,Decrescente,Céu Claro,Dupla,Reta,-28.85594,-49.44019,DEL02-SC,Risco Baixo,Alta
quinta-feira,BR-163,537.0,Pleno dia,Crescente,Céu Claro,Simples,Reta,-14.3192,-56.1419,DEL01-MT,Risco Baixo,Alta
sábado,BR-324,621.0,Plena Noite,Decrescente,Garoa/Chuvisco,Simples,Reta,-12.91234,-38.45957,DEL01-BA,Risco Médio,Baixa
quarta-feira,BR-290,111.0,Pleno dia,Decrescente,Nevoeiro/Neblina,Dupla,Reta,-30.03207,-51.32514,DEL02-RS,Risco Médio,Baixa