dia_semana,br,km,fase_dia,sentido_via,condicao_metereologica,tipo_pista,tracado_via,latitude,longitude,delegacia,classificacao_acidente,postos_policiais_PRF
sexta-feira,BR-116,817.0,Amanhecer,Crescente,Céu Claro,Simples,Reta,-14.82072,-40.81313,DEL08-BA,Risco Médio,Alta
terça-feira,BR-277,435.0,Pleno dia,Crescente,Céu Claro,Simples,Curva,-25.37723,-52.21201,DEL04-PR,Risco Médio,Média
sábado,BR-316,76.0,Pleno dia,Crescente,Céu Claro,Simples,Reta,-1.298629,-47.8145,DEL01-PA,Risco Médio,Baixa
domingo,BR-70,4.0,Pleno dia,Decrescente,Chuva,Dupla,Reta,-15.79502,-48.19916,DEL01-DF,Risco Baixo,Baixa
segunda-feira,BR-153,653.0,Pleno dia,Crescente,Chuva,Dupla,Retorno Regulamentado,-17.98563,-49.25823,DEL03-GO,Risco Médio,Alta
terça-feira,BR-40,588.4,Pleno dia,Crescente,Chuva,Dupla,Curva,-20.3578,-43.9098,DEL01-MG,Risco Médio,Alta
segunda-feira,BR-116,542.3,Plena Noite,Decrescente,Nublado,Simples,Reta,-19.90319,-42.13408,DEL06-MG,Risco Alto,Alta
sábado,BR-40,666.0,Pleno dia,Decrescente,Nublado,Simples,Não Informado,-20.94471,-43.80862,DEL05-MG,Risco Médio,Alta
sexta-feira,BR-163,753.6,Pleno dia,Decrescente,Céu Claro,Dupla,Não Informado,-12.5457,-55.70976,DEL06-MT,Risco Baixo,Alta
sábado,BR-101,690.4,Pleno dia,Decrescente,Nublado,Simples,Curva,-16.33256,-39.58174,DEL09-BA,Risco Médio,Alta
quarta-feira,BR-280,30.0,Pleno dia,Crescente,Nublado,Simples,Reta,-26.41415,-48.76209,DEL03-SC,Risco Médio,Baixa
terça-feira,BR-230,157.3,Plena Noite,Decrescente,Céu Claro,Simples,Não Informado,-6.673921,-44.20676,DEL05-MA,Risco Médio,Baixa
domingo,BR-116,244.0,Pleno dia,Crescente,Céu Claro,Simples,Reta,-10.67056,-38.94267,DEL07-BA,Risco Médio,Alta
segunda-feira,BR-116,167.4,Amanhecer,Decrescente,Céu Claro,Múltipla,Reta,-22.81804,-43.30787,DEL01-RJ,Risco Baixo,Alta
terça-feira,BR-476,157.5,Pleno dia,Crescente,Céu Claro,Simples,Reta,-25.5974,-49.4167,DEL01-PR,Risco Baixo,Baixa
quarta-feira,BR-163,116.1,Plena Noite,Decrescente,Céu Claro,Dupla,Reta,-16.53003,-54.66247,DEL02-MT,Risco Médio,Alta
segunda-feira,BR-101,373.8,Pleno dia,Decrescente,Céu Claro,Dupla,Reta,-20.7836,-40.78155,DEL03-ES,Risco Médio,Alta
domingo,BR-101,261.2,Amanhecer,Decrescente,Céu Claro,Dupla,Reta,-20.14854,-40.27971,DEL02-ES,Risco Baixo,Alta
quinta-feira,BR-163,103.0,Pleno dia,Crescente,Chuva,Simples,Rotatória,-23.24764,-54.22535,DEL09-MS,Risco Médio,Alta
domingo,BR-290,103.0,Pleno dia,Crescente,Céu Claro,Dupla,Ponte,-29.99017,-51.26577,DEL01-RS,Risco Baixo,Baixa
quinta-feira,BR-290,257.7,Pleno dia,Crescente,Nublado,Simples,Reta,-30.25395,-52.80012,DEL02-RS,Risco Médio,Baixa
sexta-feira,BR-101,229.5,Pleno dia,Crescente,Céu Claro,Dupla,Reta,-22.56627,-42.37323,DEL02-RJ,Risco Baixo,Alta
segunda-feira,BR-230,8.8,Plena Noite,Decrescente,Céu Claro,Dupla,Não Informado,-7.043149,-34.84622,DEL01-PB,Risco Médio,Baixa
domingo,BR-393,284.2,Pleno dia,Crescente,Céu Claro,Dupla,Reta,-22.51094,-44.08446,DEL05-RJ,Risco Médio,Média
sexta-feira,BR-101,31.7,Plena Noite,Decrescente,Nublado,Dupla,Reta,-26.24239,-48.91168,DEL03-SC,Risco Médio,Alta
sexta-feira,BR-116,220.0,Plena Noite,Decrescente,Nublado,Múltipla,Reta,-23.46473,-46.49794,DEL01-SP,Risco Baixo,Alta
segunda-feira,BR-230,483.8,Pleno dia,Decrescente,Céu Claro,Simples,Não Informado,-6.857111,-38.371,DEL03-PB,Risco Médio,Baixa
domingo,BR-476,149.1,Plena Noite,Crescente,Céu Claro,Dupla,Reta,-25.55855,-49.35917,DEL01-PR,Risco Médio,Baixa
terça-feira,BR-116,325.0,Plena Noite,Crescente,Garoa/Chuvisco,Dupla,Reta,-23.94085,-47.05337,DEL04-SP,Risco Médio,Alta
sábado,BR-364,19.8,Pleno dia,Decrescente,Sol,Simples,Reta,-12.7274,-60.18371,DEL04-RO,Risco Médio,Alta
terça-feira,BR-280,52.0,Pleno dia,Crescente,Chuva,Simples,Não Informado,-26.4689,-48.96492,DEL03-SC,Risco Médio,Baixa
sexta-feira,BR-101,209.8,Pleno dia,Decrescente,Céu Claro,Simples,Curva,-9.997543,-36.60136,DEL02-AL,Risco Médio,Alta
sábado,BR-381,68.0,Pleno dia,Crescente,Nublado,Dupla,Não Informado,-23.34044,-46.57434,DEL03-SP,Risco Baixo,Alta
terça-feira,BR-407,597.0,Pleno dia,Decrescente,Céu Claro,Simples,Reta,-8.31,-41.0618,DEL04-PI,Risco Baixo,Baixa
sábado,BR-101,59.0,Pleno dia,Crescente,Céu Claro,Simples,Reta,-21.71364,-41.30861,DEL08-RJ,Risco Baixo,Alta
quinta-feira,BR-230,12.0,Pleno dia,Crescente,Céu Claro,Dupla,Retorno Regulamentado,-7.068,-34.85,DEL01-PB,Risco Médio,Baixa
sábado,BR-343,596.7,Plena Noite,Crescente,Céu Claro,Dupla,Reta,-6.802661,-43.0501,DEL03-PI,Risco Médio,Baixa
sábado,BR-116,218.0,Pleno dia,Crescente,Chuva,Múltipla,Reta,-23.45868,-46.48298,DEL01-SP,Risco Médio,Alta
quinta-feira,BR-381,758.8,Pleno dia,Crescente,Céu Claro,Dupla,Reta,-21.70753,-45.37423,DEL16-MG,Risco Médio,Alta
domingo,BR-101,82.0,Plena Noite,Crescente,Céu Claro,Simples,Curva,-21.82752,-41.45414,DEL08-RJ,Risco Médio,Alta
terça-feira,BR-427,99.8,Pleno dia,Crescente,Sol,Simples,Reta,-6.459299,-37.09848,DEL03-RN,Risco Médio,Baixa
quarta-feira,BR-230,27.8,Pleno dia,Decrescente,Céu Claro,Dupla,Curva,-7.1651,-34.8941,DEL01-PB,Risco Médio,Baixa
sexta-feira,BR-153,163.4,Plena Noite,Crescente,Céu Claro,Simples,Reta,-14.19568,-49.12835,DEL07-GO,Risco Médio,Alta
quinta-feira,BR-381,839.0,Pleno dia,Crescente,Nublado,Dupla,Reta,-22.19834,-45.85343,DEL16-MG,Risco Médio,Alta
terça-feira,BR-116,359.5,Pleno dia,Crescente,Sol,Simples,Reta,-18.45228,-41.84951,DEL11-MG,Risco Médio,Alta
quarta-feira,BR-135,325.0,Pleno dia,Decrescente,Céu Claro,Simples,Reta,-8.885297,-44.24417,DEL03-PI,Risco Alto,Baixa
sábado,BR-101,387.0,Plena Noite,Decrescente,Nublado,Dupla,Reta,-22.88538,-43.64966,DEL01-RJ,Risco Baixo,Alta
sábado,BR-285,16.6,Amanhecer,Decrescente,Céu Claro,Simples,Reta,-28.74305,-50.06156,DEL05-RS,Risco Médio,Baixa
quinta-feira,BR-116,105.7,Plena Noite,Decrescente,Garoa/Chuvisco,Dupla,Viaduto,-25.57005,-49.21954,DEL01-PR,Risco Baixo,Alta
quinta-feira,BR-20,198.0,Amanhecer,Decrescente,Céu Claro,Simples,Reta,-12.19844,-45.828,DEL10-BA,Risco Médio,Baixa
segunda-feira,BR-280,56.3,Anoitecer,Crescente,Céu Claro,Simples,Curva,-26.47948,-49.00299,DEL03-SC,Risco Médio,Baixa
quinta-feira,BR-262,94.0,Plena Noite,Decrescente,Chuva,Simples,Curva,-20.3751,-41.0566,DEL01-ES,Risco Baixo,Média
sábado,BR-277,157.0,Amanhecer,Crescente,Nublado,Simples,Rotatória,-25.47289,-49.89596,DEL03-PR,Risco Médio,Média
domingo,BR-158,92.0,Pleno dia,Decrescente,Chuva,Dupla,Reta,-19.66559,-51.20421,DEL08-MS,Risco Baixo,Baixa
quarta-feira,BR-381,434.8,Amanhecer,Crescente,Céu Claro,Simples,Reta,-19.8893,-43.805,DEL01-MG,Risco Alto,Alta
segunda-feira,BR-101,816.3,Plena Noite,Decrescente,Céu Claro,Simples,Reta,-17.07919,-39.56733,DEL09-BA,Risco Baixo,Alta
quinta-feira,BR-381,540.0,Pleno dia,Decrescente,Sol,Dupla,Curva,-20.25146,-44.41136,DEL04-MG,Risco Baixo,Alta
quinta-feira,BR-101,304.0,Plena Noite,Decrescente,Nublado,Dupla,Reta,-20.38006,-40.45431,DEL01-ES,Risco Alto,Alta
sábado,BR-101,260.0,Pleno dia,Decrescente,Céu Claro,Dupla,Reta,-22.71135,-42.60965,DEL02-RJ,Risco Médio,Alta
sábado,BR-60,42.7,Anoitecer,Decrescente,Céu Claro,Múltipla,Reta,-16.77136,-49.31117,DEL01-GO,Risco Médio,Média
segunda-feira,BR-392,2.0,Pleno dia,Crescente,Céu Claro,Simples,Reta,-31.7602,-52.4381,DEL07-RS,Risco Médio,Média
segunda-feira,BR-101,204.0,Pleno dia,Decrescente,Céu Claro,Dupla,Reta,-27.5832,-48.6151,DEL01-SC,Risco Baixo,Alta
sábado,BR-174,1.0,Pleno dia,Crescente,Céu Claro,Simples,Reta,-15.24683,-59.31976,DEL04-MT,Risco Médio,Baixa
quinta-feira,BR-285,319.1,Pleno dia,Crescente,Sol,Simples,Desvio Temporário,-28.26901,-52.61069,DEL08-RS,Risco Médio,Baixa
quinta-feira,BR-101,45.3,Amanhecer,Crescente,Céu Claro,Múltipla,Reta,-7.866912,-34.90708,DEL01-PE,Risco Alto,Alta
quinta-feira,BR-116,15.0,Plena Noite,Crescente,Nublado,Dupla,Curva,-25.09855,-48.68481,DEL01-PR,Risco Médio,Alta
sábado,BR-70,54.0,Pleno dia,Decrescente,Céu Claro,Simples,Reta,-15.74964,-48.65417,DEL01-DF,Risco Médio,Baixa
segunda-feira,BR-101,47.2,Pleno dia,Crescente,Nublado,Simples,Interseção de vias,-23.43354,-45.086,DEL06-SP,Risco Médio,Alta
quinta-feira,BR-381,437.0,Anoitecer,Decrescente,Céu Claro,Simples,Não Informado,-19.80933,-43.76827,DEL01-MG,Risco Baixo,Alta
domingo,BR-232,337.0,Plena Noite,Crescente,Céu Claro,Simples,Não Informado,-8.082432,-37.66571,DEL04-PE,Risco Médio,Baixa
sábado,BR-70,9.0,Pleno dia,Crescente,Céu Claro,Dupla,Reta,-15.73577,-48.28288,DEL01-DF,Risco Médio,Baixa
domingo,BR-262,428.8,Pleno dia,Crescente,Céu Claro,Dupla,Curva,-19.88673,-44.78674,DEL08-MG,Risco Médio,Média
segunda-feira,BR-476,124.0,Plena Noite,Crescente,Céu Claro,Dupla,Reta,-25.46382,-49.25188,DEL01-PR,Risco Médio,Baixa
quarta-feira,BR-116,216.0,Amanhecer,Decrescente,Céu Claro,Múltipla,Reta,-23.45057,-46.46258,DEL01-SP,Risco Médio,Alta
terça-feira,BR-116,322.5,Plena Noite,Decrescente,Céu Claro,Simples,Reta,-6.027556,-38.64344,DEL05-CE,Risco Alto,Alta
domingo,BR-101,98.0,Amanhecer,Decrescente,Céu Claro,Dupla,Reta,-26.7493,-48.6944,DEL03-SC,Risco Baixo,Alta
sábado,BR-365,154.0,Amanhecer,Decrescente,Chuva,Simples,Reta,-17.31576,-44.89563,DEL12-MG,Risco Médio,Média
sexta-feira,BR-101,58.0,Pleno dia,Crescente,Chuva,Dupla,Curva,-9.279333,-35.7984,DEL01-AL,Risco Médio,Alta
quinta-feira,BR-101,256.6,Pleno dia,Decrescente,Nublado,Múltipla,Não Informado,-20.1228,-40.3055,DEL02-ES,Risco Alto,Alta
quarta-feira,BR-277,724.8,Plena Noite,Decrescente,Céu Claro,Dupla,Não Informado,-25.50734,-54.54497,DEL05-PR,Risco Médio,Média
segunda-feira,BR-226,479.0,Plena Noite,Decrescente,Céu Claro,Simples,Reta,-6.037126,-46.63464,DEL04-MA,Risco Médio,Baixa
segunda-feira,BR-116,167.1,Pleno dia,Crescente,Sol,Simples,Curva,-29.27521,-51.15873,DEL05-RS,Risco Alto,Alta
sábado,BR-381,921.3,Pleno dia,Crescente,Garoa/Chuvisco,Dupla,Curva,-22.76323,-46.17154,DEL16-MG,Risco Médio,Alta
segunda-feira,BR-101,267.5,Pleno dia,Decrescente,Nublado,Dupla,Reta,-20.20708,-40.26937,DEL02-ES,Risco Médio,Alta
sábado,BR-365,193.6,Plena Noite,Decrescente,Ignorado,Simples,Curva,-17.4513,-45.18,DEL12-MG,Risco Médio,Média
sexta-feira,BR-262,19.5,Pleno dia,Crescente,Nublado,Simples,Curva,-20.39191,-40.49002,DEL01-ES,Risco Médio,Média
quarta-feira,BR-116,192.0,Pleno dia,Crescente,Céu Claro,Múltipla,Reta,-22.74208,-43.51924,DEL01-RJ,Risco Médio,Alta
sexta-feira,BR-280,24.2,Plena Noite,Decrescente,Nublado,Simples,Reta,-26.37725,-48.71953,DEL03-SC,Risco Alto,Baixa
segunda-feira,BR-101,106.0,Pleno dia,Decrescente,Céu Claro,Dupla,Retorno Regulamentado,-5.910553,-35.26131,DEL01-RN,Risco Médio,Alta
sexta-feira,BR-116,40.5,Pleno dia,Crescente,Céu Claro,Simples,Reta,-28.51839,-50.93942,DEL05-RS,Risco Médio,Alta
terça-feira,BR-262,32.1,Pleno dia,Crescente,Céu Claro,Simples,Reta,-20.25556,-41.99815,DEL06-MG,Risco Médio,Média
sábado,BR-393,127.0,Pleno dia,Decrescente,Céu Claro,Simples,Reta,-21.95405,-42.8451,DEL06-RJ,Risco Médio,Média
sábado,BR-116,169.0,Plena Noite,Crescente,Céu Claro,Múltipla,Reta,-22.79073,-43.37011,DEL01-RJ,Risco Baixo,Alta
domingo,BR-101,85.0,Plena Noite,Decrescente,Céu Claro,Dupla,Reta,-7.150088,-34.91085,DEL01-PB,Risco Baixo,Alta
sexta-feira,BR-104,61.0,Pleno dia,Decrescente,Céu Claro,Dupla,Reta,-8.2529,-35.9751,DEL02-PE,Risco Médio,Baixa
quinta-feira,BR-316,13.0,Plena Noite,Decrescente,Nublado,Dupla,Reta,-1.365636,-48.35879,DEL01-PA,Risco Médio,Baixa
quarta-feira,BR-101,388.8,Pleno dia,Crescente,Sol,Dupla,Reta,-28.7908,-49.3468,DEL02-SC,Risco Médio,Alta
quinta-feira,BR-230,277.0,Pleno dia,Decrescente,Céu Claro,Simples,Não Informado,-6.9579,-36.8398,DEL03-PB,Risco Alto,Baixa
segunda-feira,BR-116,142.0,Plena Noite,Crescente,Céu Claro,Dupla,Reta,-22.6679,-43.2674,DEL04-RJ,Risco Médio,Alta
sábado,BR-101,214.3,Plena Noite,Crescente,Chuva,Dupla,Reta,-27.64978,-48.67435,DEL01-SC,Risco Médio,Alta
sexta-feira,BR-101,299.0,Pleno dia,Decrescente,Sol,Dupla,Reta,-22.77433,-42.93823,DEL02-RJ,Risco Médio,Alta
sábado,BR-381,517.9,Pleno dia,Crescente,Chuva,Dupla,Curva,-20.11382,-44.30721,DEL04-MG,Risco Médio,Alta
sábado,BR-381,800.1,Plena Noite,Crescente,Chuva,Dupla,Curva,-21.93658,-45.61373,DEL16-MG,Risco Alto,Alta
terça-feira,BR-393,238.0,Pleno dia,Decrescente,Sol,Simples,Interseção de vias,-22.40096,-43.66443,DEL05-RJ,Risco Baixo,Média
sábado,BR-376,660.0,Pleno dia,Decrescente,Garoa/Chuvisco,Múltipla,Reta,-25.85115,-48.99389,DEL01-PR,Risco Baixo,Baixa
segunda-feira,BR-316,186.0,Plena Noite,Decrescente,Céu Claro,Simples,Reta,-6.286585,-41.93976,DEL04-PI,Risco Alto,Baixa
sábado,BR-153,632.0,Plena Noite,Decrescente,Céu Claro,Dupla,Não Informado,-17.81433,-49.20991,DEL03-GO,Risco Médio,Alta
sexta-feira,BR-392,202.7,Anoitecer,Crescente,Chuva,Simples,Curva,-30.85501,-53.15815,DEL09-RS,Risco Baixo,Média
sexta-feira,BR-476,116.0,Plena Noite,Decrescente,Céu Claro,Múltipla,Reta,-25.34996,-49.16642,DEL01-PR,Risco Médio,Baixa
terça-feira,BR-259,82.0,Pleno dia,Crescente,Céu Claro,Simples,Curva,-19.50994,-40.85404,DEL02-ES,Risco Médio,Baixa
sexta-feira,BR-116,149.0,Pleno dia,Crescente,Céu Claro,Dupla,Reta,-23.20697,-45.88656,DEL02-SP,Risco Médio,Alta
quinta-feira,BR-365,808.3,Pleno dia,Decrescente,Céu Claro,Simples,Reta,-18.897,-49.958,DEL15-MG,Risco Alto,Média
domingo,BR-381,452.0,Plena Noite,Crescente,Céu Claro,Simples,Não Informado,-19.83698,-43.86138,DEL01-MG,Risco Baixo,Alta
sábado,BR-101,123.0,Pleno dia,Decrescente,Céu Claro,Dupla,Curva,-7.4667,-34.9775,DEL01-PB,Risco Baixo,Alta
terça-feira,BR-153,144.3,Pleno dia,Decrescente,Céu Claro,Simples,Reta,-7.20792,-48.24197,DEL02-TO,Risco Alto,Alta
sábado,BR-364,728.0,Amanhecer,Decrescente,Céu Claro,Simples,Reta,-8.874556,-63.94798,DEL01-RO,Risco Baixo,Alta
sábado,BR-70,509.0,Pleno dia,Decrescente,Céu Claro,Simples,Reta,-15.69468,-56.09159,DEL01-MT,Risco Médio,Baixa
sexta-feira,BR-101,114.5,Anoitecer,Crescente,Céu Claro,Simples,Reta,-19.09485,-40.05096,DEL04-ES,Risco Médio,Alta
terça-feira,BR-364,425.0,Pleno dia,Crescente,Céu Claro,Simples,Reta,-10.43752,-62.4717,DEL03-RO,Risco Médio,Alta
sexta-feira,BR-470,120.7,Pleno dia,Crescente,Sol,Simples,Curva,-27.08992,-49.52042,DEL04-SC,Risco Médio,Baixa
quarta-feira,BR-101,78.0,Plena Noite,Crescente,Céu Claro,Simples,Reta,-12.00612,-38.26183,DEL01-BA,Risco Médio,Alta
domingo,BR-316,156.0,Pleno dia,Crescente,Céu Claro,Simples,Reta,-6.159527,-42.12928,DEL04-PI,Risco Médio,Baixa
domingo,BR-316,307.3,Pleno dia,Decrescente,Céu Claro,Simples,Não Informado,-7.078273,-41.50175,DEL04-PI,Risco Médio,Baixa
quarta-feira,BR-287,330.0,Pleno dia,Decrescente,Céu Claro,Simples,Interseção de vias,-29.685,-54.66501,DEL12-RS,Risco Baixo,Baixa
sexta-feira,BR-101,390.0,Plena Noite,Crescente,Céu Claro,Dupla,Reta,-22.89347,-43.67543,DEL03-RJ,Risco Alto,Alta
segunda-feira,BR-376,136.0,Pleno dia,Crescente,Céu Claro,Simples,Reta,-22.37395,-53.68122,DEL04-MS,Risco Alto,Baixa
segunda-feira,BR-290,96.0,Pleno dia,Crescente,Sol,Dupla,Reta,-29.99211,-51.20452,DEL01-RS,Risco Baixo,Baixa
domingo,BR-163,1004.0,Plena Noite,Crescente,Céu Claro,Dupla,Reta,-2.432826,-54.73397,DEL05-PA,Risco Médio,Alta
quinta-feira,BR-101,133.5,Plena Noite,Crescente,Céu Claro,Múltipla,Reta,-27.00124,-48.64062,DEL04-SC,Risco Médio,Alta
quarta-feira,BR-101,301.9,Pleno dia,Decrescente,Céu Claro,Dupla,Reta,-20.3657,-40.44354,DEL01-ES,Risco Médio,Alta
sexta-feira,BR-242,462.0,Plena Noite,Decrescente,Céu Claro,Simples,Curva,-12.44441,-42.17198,DEL06-BA,Risco Médio,Baixa
sexta-feira,BR-20,7.0,Pleno dia,Crescente,Nublado,Simples,Curva,-15.5476,-47.29159,DEL02-DF,Risco Médio,Baixa
quinta-feira,BR-282,4.6,Pleno dia,Decrescente,Céu Claro,Múltipla,Reta,-27.59051,-48.60867,DEL01-SC,Risco Médio,Baixa
quarta-feira,BR-376,626.0,Pleno dia,Decrescente,Céu Claro,Simples,Rotatória,-25.56279,-49.18098,DEL01-PR,Risco Baixo,Baixa
quarta-feira,BR-262,2.1,Pleno dia,Crescente,Sol,Dupla,Reta,-20.33108,-40.36429,DEL01-ES,Risco Baixo,Média
sexta-feira,BR-116,189.5,Pleno dia,Decrescente,Sol,Dupla,Reta,-22.73767,-43.49187,DEL01-RJ,Risco Médio,Alta
quarta-feira,BR-230,160.0,Amanhecer,Decrescente,Céu Claro,Simples,Reta,-7.24379,-35.93752,DEL02-PB,Risco Médio,Baixa
sábado,BR-316,14.0,Pleno dia,Crescente,Céu Claro,Dupla,Reta,-1.367254,-48.32314,DEL01-PA,Risco Baixo,Baixa
quinta-feira,BR-153,141.0,Plena Noite,Decrescente,Céu Claro,Simples,Reta,-19.57419,-48.82521,DEL15-MG,Risco Médio,Alta
domingo,BR-343,71.9,Amanhecer,Crescente,Céu Claro,Simples,Reta,-3.328566,-41.73501,DEL05-PI,Risco Médio,Baixa
quinta-feira,BR-235,11.0,Plena Noite,Crescente,Céu Claro,Dupla,Não Informado,-10.87788,-37.15605,DEL01-SE,Risco Médio,Baixa
domingo,BR-116,98.0,Plena Noite,Decrescente,Nublado,Dupla,Reta,-22.97805,-45.45583,DEL08-SP,Risco Baixo,Alta
quarta-feira,BR-364,708.0,Pleno dia,Crescente,Céu Claro,Dupla,Retorno Regulamentado,-8.795541,-63.84072,DEL01-RO,Risco Médio,Alta
sábado,BR-324,615.0,Pleno dia,Crescente,Ignorado,Dupla,Reta,-12.87206,-38.42746,DEL01-BA,Risco Médio,Baixa
segunda-feira,BR-364,338.0,Pleno dia,Decrescente,Céu Claro,Simples,Desvio Temporário,-10.9192,-61.9299,DEL02-RO,Risco Médio,Alta
quinta-feira,BR-101,21.0,Pleno dia,Decrescente,Céu Claro,Simples,Não Informado,-21.39099,-41.34415,DEL08-RJ,Risco Médio,Alta
domingo,BR-101,190.9,Pleno dia,Decrescente,Nublado,Dupla,Curva,-27.477,-48.641,DEL01-SC,Risco Médio,Alta
terça-feira,BR-153,61.5,Pleno dia,Crescente,Céu Claro,Dupla,Reta,-20.807,-49.35622,DEL09-SP,Risco Médio,Alta
quarta-feira,BR-101,271.0,Pleno dia,Crescente,Nublado,Dupla,Reta,-20.23267,-40.27658,DEL02-ES,Risco Médio,Alta
quinta-feira,BR-364,237.7,Anoitecer,Crescente,Nublado,Simples,Reta,-11.44341,-61.44673,DEL02-RO,Risco Médio,Alta
quarta-feira,BR-116,168.3,Plena Noite,Decrescente,Céu Claro,Simples,Reta,-4.975627,-38.01382,DEL03-CE,Risco Médio,Alta
quarta-feira,BR-40,59.0,Pleno dia,Crescente,Nublado,Simples,Curva,-22.38629,-43.13543,DEL06-RJ,Risco Médio,Alta
segunda-feira,BR-376,130.8,Plena Noite,Crescente,Céu Claro,Dupla,Não Informado,-23.17505,-52.23424,DEL07-PR,Risco Médio,Baixa
terça-feira,BR-153,730.0,Pleno dia,Decrescente,Chuva,Simples,Desvio Temporário,-12.22477,-49.15722,DEL02-TO,Risco Médio,Alta
domingo,BR-40,246.0,Pleno dia,Crescente,Garoa/Chuvisco,Simples,Curva,-18.10077,-45.46909,DEL14-MG,Risco Médio,Alta
sexta-feira,BR-101,217.7,Plena Noite,Crescente,Chuva,Múltipla,Reta,-27.66779,-48.67394,DEL01-SC,Risco Alto,Alta
segunda-feira,BR-101,129.0,Pleno dia,Crescente,Céu Claro,Dupla,Reta,-26.984,-48.6695,DEL04-SC,Risco Médio,Alta
sábado,BR-343,166.0,Plena Noite,Crescente,Céu Claro,Simples,Reta,-4.1266,-41.7837,DEL02-PI,Risco Médio,Baixa
domingo,BR-381,528.0,Pleno dia,Crescente,Céu Claro,Dupla,Curva,-20.16368,-44.36025,DEL04-MG,Risco Médio,Alta
quinta-feira,BR-163,1039.0,Pleno dia,Crescente,Nublado,Simples,Rotatória,-10.18477,-54.94538,DEL06-MT,Risco Médio,Alta
terça-feira,BR-381,483.5,Plena Noite,Crescente,Nublado,Dupla,Reta,-19.95946,-44.08692,DEL01-MG,Risco Baixo,Alta
quinta-feira,BR-262,437.0,Pleno dia,Crescente,Céu Claro,Dupla,Reta,-19.89622,-44.86973,DEL08-MG,Risco Alto,Média
quarta-feira,BR-386,37.1,Anoitecer,Decrescente,Céu Claro,Simples,Reta,-27.38235,-53.39961,DEL08-RS,Risco Baixo,Média
segunda-feira,BR-101,82.5,Pleno dia,Crescente,Céu Claro,Dupla,Reta,-5.76878,-35.27275,DEL02-RN,Risco Médio,Alta
terça-feira,BR-235,4.9,Pleno dia,Decrescente,Nublado,Dupla,Não Informado,-10.9064,-37.1197,DEL01-SE,Risco Médio,Baixa
domingo,BR-101,145.5,Plena Noite,Crescente,Céu Claro,Dupla,Reta,-8.459499,-35.36465,DEL01-PE,Risco Baixo,Alta
sexta-feira,BR-364,430.0,Pleno dia,Decrescente,Garoa/Chuvisco,Simples,Rotatória,-10.40718,-62.51553,DEL03-RO,Risco Médio,Alta
quarta-feira,BR-116,7.0,Pleno dia,Decrescente,Céu Claro,Dupla,Reta,-3.8366,-38.5009,DEL01-CE,Risco Médio,Alta
segunda-feira,BR-153,61.7,Anoitecer,Crescente,Céu Claro,Dupla,Reta,-20.80503,-49.35575,DEL09-SP,Risco Médio,Alta
sexta-feira,BR-101,878.0,Plena Noite,Decrescente,Céu Claro,Simples,Reta,-17.75175,-39.76518,DEL09-BA,Risco Alto,Alta
segunda-feira,BR-101,150.0,Anoitecer,Crescente,Nublado,Simples,Reta,-8.4967,-35.38211,DEL01-PE,Risco Médio,Alta
sexta-feira,BR-116,273.0,Plena Noite,Decrescente,Céu Claro,Simples,Viaduto,-23.6281,-46.8187,DEL04-SP,Risco Baixo,Alta
quarta-feira,BR-262,6.1,Pleno dia,Decrescente,Sol,Múltipla,Reta,-20.34231,-40.39861,DEL01-ES,Risco Baixo,Média
sábado,BR-101,448.5,Pleno dia,Crescente,Céu Claro,Simples,Reta,-14.3318,-39.3155,DEL05-BA,Risco Baixo,Alta
domingo,BR-364,374.0,Pleno dia,Crescente,Nublado,Simples,Reta,-15.70488,-55.70999,DEL02-MT,Risco Médio,Alta
quinta-feira,BR-369,187.6,Plena Noite,Decrescente,Céu Claro,Simples,Reta,-23.42911,-51.42295,DEL07-PR,Risco Baixo,Baixa
quinta-feira,BR-470,72.5,Pleno dia,Decrescente,Nublado,Simples,Reta,-26.90563,-49.2721,DEL04-SC,Risco Médio,Baixa
sábado,BR-364,183.5,Pleno dia,Crescente,Céu Claro,Simples,Reta,-16.5859,-54.51905,DEL02-MT,Risco Baixo,Alta
quinta-feira,BR-101,111.9,Pleno dia,Crescente,Garoa/Chuvisco,Simples,Ponte,-26.83956,-48.71418,DEL04-SC,Risco Médio,Alta
domingo,BR-277,340.8,Plena Noite,Crescente,Céu Claro,Dupla,Reta,-25.34328,-51.41077,DEL08-PR,Risco Baixo,Média
domingo,BR-232,293.6,Plena Noite,Decrescente,Nublado,Simples,Reta,-8.289433,-37.38013,DEL03-PE,Risco Baixo,Baixa
terça-feira,BR-470,68.1,Plena Noite,Decrescente,Céu Claro,Simples,Interseção de vias,-26.87815,-49.23988,DEL04-SC,Risco Médio,Baixa
quinta-feira,BR-386,440.1,Pleno dia,Crescente,Nevoeiro/Neblina,Dupla,Reta,-29.87826,-51.24195,DEL01-RS,Risco Médio,Média
quarta-feira,BR-116,115.6,Pleno dia,Decrescente,Céu Claro,Simples,Reta,-28.9712,-51.0722,DEL05-RS,Risco Médio,Alta
terça-feira,BR-101,138.0,Plena Noite,Decrescente,Chuva,Múltipla,Reta,-27.02397,-48.60762,DEL04-SC,Risco Baixo,Alta
domingo,BR-101,71.2,Plena Noite,Crescente,Nublado,Dupla,Reta,-8.076631,-34.94278,DEL01-PE,Risco Baixo,Alta
sexta-feira,BR-116,56.0,Plena Noite,Decrescente,Céu Claro,Simples,Não Informado,-4.2217,-38.4761,DEL03-CE,Risco Alto,Alta