dia_semana,br,km,fase_dia,sentido_via,condicao_metereologica,tipo_pista,tracado_via,latitude,longitude,delegacia,classificacao_acidente,postos_policiais_PRF
sexta-feira,BR-381,488.6,Pleno dia,Decrescente,Chuva,Simples,Rotatória,-19.95987,-44.1549,DEL01-MG,Risco Médio,Alta
quarta-feira,BR-116,228.9,Pleno dia,Crescente,Nublado,Múltipla,Reta,-23.51024,-46.57419,DEL01-SP,Risco Médio,Alta
terça-feira,BR-369,178.0,Plena Noite,Crescente,Ignorado,Simples,Reta,-23.34657,-51.38631,DEL07-PR,Risco Médio,Baixa
sexta-feira,BR-101,153.0,Pleno dia,Crescente,Nublado,Múltipla,Retorno Regulamentado,-27.14472,-48.61064,DEL04-SC,Risco Médio,Alta
sábado,BR-381,557.0,Pleno dia,Crescente,Chuva,Dupla,Curva,-20.3544,-44.4529,DEL04-MG,Risco Médio,Alta
quinta-feira,BR-116,114.2,Pleno dia,Decrescente,Céu Claro,Dupla,Reta,-25.54616,-49.29531,DEL01-PR,Risco Médio,Alta
sábado,BR-174,99.0,Pleno dia,Decrescente,Chuva,Simples,Curva,-15.85068,-57.84599,DEL03-MT,Risco Baixo,Baixa
segunda-feira,BR-376,250.8,Plena Noite,Crescente,Céu Claro,Dupla,Reta,-23.63346,-51.378,DEL07-PR,Risco Médio,Baixa
segunda-feira,BR-163,244.9,Pleno dia,Decrescente,Céu Claro,Simples,Reta,-7.574678,-55.24308,DEL05-PA,Risco Baixo,Alta
quarta-feira,BR-280,29.0,Pleno dia,Crescente,Céu Claro,Simples,Interseção de vias,-26.41066,-48.75296,DEL03-SC,Risco Médio,Baixa
terça-feira,BR-116,261.0,Pleno dia,Decrescente,Chuva,Dupla,Não Informado,-22.58941,-44.10547,DEL07-RJ,Risco Médio,Alta
segunda-feira,BR-116,125.0,Pleno dia,Decrescente,Céu Claro,Dupla,Reta,-25.59505,-49.31631,DEL01-PR,Risco Médio,Alta
domingo,BR-116,310.8,Pleno dia,Decrescente,Nublado,Dupla,Não Informado,-22.4667,-44.4985,DEL07-RJ,Risco Baixo,Alta
sexta-feira,BR-369,123.9,Pleno dia,Decrescente,Sol,Simples,Não Informado,-23.28483,-50.93669,DEL07-PR,Risco Médio,Baixa
sábado,BR-110,228.4,Plena Noite,Crescente,Céu Claro,Simples,Reta,-9.051886,-38.26907,DEL07-BA,Risco Alto,Baixa
domingo,BR-282,380.5,Pleno dia,Crescente,Chuva,Simples,Curva,-27.21342,-51.50013,DEL07-SC,Risco Baixo,Baixa
terça-feira,BR-470,54.1,Pleno dia,Crescente,Céu Claro,Simples,Reta,-26.8716,-49.1119,DEL04-SC,Risco Médio,Baixa
segunda-feira,BR-116,209.0,Plena Noite,Decrescente,Céu Claro,Dupla,Reta,-22.70462,-43.74275,DEL01-RJ,Risco Baixo,Alta
segunda-feira,BR-230,31.0,Plena Noite,Crescente,Céu Claro,Dupla,Reta,-7.145782,-34.91606,DEL01-PB,Risco Médio,Baixa
terça-feira,BR-40,10.0,Amanhecer,Decrescente,Céu Claro,Dupla,Reta,-16.13006,-47.95835,DEL01-DF,Risco Baixo,Alta
terça-feira,BR-50,27.0,Plena Noite,Crescente,Céu Claro,Dupla,Não Informado,-18.61943,-48.09375,DEL15-MG,Risco Médio,Média
sábado,BR-232,259.3,Plena Noite,Crescente,Céu Claro,Simples,Curva,-8.406518,-37.12023,DEL03-PE,Risco Médio,Baixa
domingo,BR-267,307.6,Anoitecer,Crescente,Chuva,Simples,Reta,-21.9777,-44.93288,DEL05-MG,Risco Médio,Baixa
quinta-feira,BR-262,231.0,Pleno dia,Decrescente,Céu Claro,Simples,Reta,-20.46781,-53.68107,DEL07-MS,Risco Médio,Média
segunda-feira,BR-101,9.0,Plena Noite,Crescente,Chuva,Dupla,Reta,-7.578116,-34.98837,DEL01-PE,Risco Baixo,Alta
segunda-feira,BR-70,382.0,Pleno dia,Crescente,Céu Claro,Simples,Reta,-15.52716,-55.1308,DEL05-MT,Risco Médio,Baixa
terça-feira,BR-116,278.0,Anoitecer,Decrescente,Céu Claro,Dupla,Curva,-22.55271,-44.17778,DEL07-RJ,Risco Médio,Alta
terça-feira,BR-376,172.8,Pleno dia,Decrescente,Céu Claro,Simples,Rotatória,-23.41842,-51.97187,DEL07-PR,Risco Médio,Baixa
domingo,BR-424,87.6,Pleno dia,Crescente,Céu Claro,Simples,Desvio Temporário,-8.874289,-36.50761,DEL03-PE,Risco Baixo,Baixa
sexta-feira,BR-116,142.0,Plena Noite,Decrescente,Nublado,Dupla,Reta,-29.11828,-51.11629,DEL05-RS,Risco Médio,Alta
terça-feira,BR-40,43.4,Pleno dia,Crescente,Céu Claro,Simples,Não Informado,-17.22598,-46.86164,DEL14-MG,Risco Médio,Alta
terça-feira,BR-116,498.5,Pleno dia,Crescente,Céu Claro,Simples,Não Informado,-19.5443,-42.12645,DEL06-MG,Risco Médio,Alta
sábado,BR-40,510.0,Pleno dia,Crescente,Céu Claro,Dupla,Reta,-19.77464,-44.12322,DEL01-MG,Risco Médio,Alta
domingo,BR-116,167.0,Plena Noite,Crescente,Céu Claro,Dupla,Curva,-22.81804,-43.30787,DEL01-RJ,Risco Baixo,Alta
terça-feira,BR-110,103.9,Plena Noite,Decrescente,Céu Claro,Simples,Curva,-8.399123,-37.33957,DEL03-PE,Risco Médio,Baixa
quarta-feira,BR-40,93.0,Pleno dia,Crescente,Chuva,Simples,Curva,-22.5699,-43.2515,DEL06-RJ,Risco Baixo,Alta
segunda-feira,BR-101,289.3,Plena Noite,Crescente,Nublado,Simples,Não Informado,-28.25395,-48.7029,DEL02-SC,Risco Médio,Alta
sexta-feira,BR-101,503.0,Plena Noite,Decrescente,Céu Claro,Simples,Reta,-14.93204,-39.30058,DEL05-BA,Risco Médio,Alta
domingo,BR-470,106.0,Pleno dia,Crescente,Chuva,Simples,Reta,-27.07311,-49.42294,DEL04-SC,Risco Baixo,Baixa
sábado,BR-452,75.7,Plena Noite,Crescente,Nevoeiro/Neblina,Simples,Reta,-18.04548,-50.25746,DEL04-GO,Risco Baixo,Baixa
quinta-feira,BR-290,720.0,Pleno dia,Decrescente,Chuva,Múltipla,Reta,-29.7665,-57.05823,DEL13-RS,Risco Médio,Baixa
quinta-feira,BR-343,299.0,Pleno dia,Crescente,Nublado,Simples,Reta,-5.010064,-42.42002,DEL01-PI,Risco Alto,Baixa
quinta-feira,BR-40,71.6,Pleno dia,Crescente,Chuva,Simples,Curva,-17.40773,-46.72153,DEL14-MG,Risco Médio,Alta
quarta-feira,BR-282,27.4,Pleno dia,Crescente,Nublado,Simples,Curva,-27.67398,-48.76968,DEL01-SC,Risco Baixo,Baixa
quarta-feira,BR-60,40.4,Pleno dia,Decrescente,Sol,Dupla,Reta,-16.8101,-49.2397,DEL01-GO,Risco Médio,Média
quarta-feira,BR-470,163.1,Pleno dia,Crescente,Sol,Simples,Reta,-27.27898,-49.826,DEL04-SC,Risco Médio,Baixa
domingo,BR-373,266.0,Plena Noite,Decrescente,Céu Claro,Simples,Reta,-25.20222,-50.9816,DEL03-PR,Risco Baixo,Baixa
segunda-feira,BR-158,201.0,Plena Noite,Crescente,Céu Claro,Simples,Reta,-11.12885,-51.70286,DEL07-MT,Risco Médio,Baixa
terça-feira,BR-116,215.1,Plena Noite,Crescente,Nublado,Múltipla,Reta,-23.4485,-46.45774,DEL01-SP,Risco Médio,Alta
terça-feira,BR-277,584.0,Pleno dia,Crescente,Sol,Dupla,Reta,-24.96684,-53.40258,DEL04-PR,Risco Médio,Média
quinta-feira,BR-116,166.0,Pleno dia,Decrescente,Céu Claro,Múltipla,Reta,-22.8156,-43.30052,DEL01-RJ,Risco Baixo,Alta
terça-feira,BR-364,592.0,Plena Noite,Crescente,Céu Claro,Simples,Reta,-9.2954,-63.1527,DEL03-RO,Risco Médio,Alta
quinta-feira,BR-232,6.1,Pleno dia,Decrescente,Garoa/Chuvisco,Dupla,Reta,-8.071702,-34.95591,DEL01-PE,Risco Baixo,Baixa
sábado,BR-277,135.0,Pleno dia,Crescente,Céu Claro,Dupla,Não Informado,-25.48083,-49.67777,DEL03-PR,Risco Baixo,Média
sábado,BR-158,624.5,Plena Noite,Decrescente,Céu Claro,Simples,Reta,-14.4847,-52.28141,DEL07-MT,Risco Médio,Baixa
sábado,BR-381,30.2,Pleno dia,Decrescente,Céu Claro,Dupla,Reta,-23.04885,-46.56483,DEL03-SP,Risco Médio,Alta
domingo,BR-386,247.5,Plena Noite,Crescente,Garoa/Chuvisco,Simples,Reta,-28.81493,-52.49002,DEL04-RS,Risco Baixo,Média
terça-feira,BR-70,673.0,Pleno dia,Decrescente,Céu Claro,Simples,Desvio Temporário,-16.13652,-57.32722,DEL03-MT,Risco Médio,Baixa
domingo,BR-316,555.0,Pleno dia,Decrescente,Céu Claro,Simples,Não Informado,-4.871665,-43.32215,DEL03-MA,Risco Médio,Baixa
sábado,BR-116,297.7,Pleno dia,Crescente,Chuva,Dupla,Reta,-22.45391,-44.37425,DEL07-RJ,Risco Médio,Alta
quarta-feira,BR-324,560.0,Pleno dia,Decrescente,Céu Claro,Dupla,Reta,-12.4925,-38.65367,DEL01-BA,Risco Baixo,Baixa
domingo,BR-10,166.0,Pleno dia,Crescente,Céu Claro,Simples,Interseção de vias,-2.982992,-47.45475,DEL02-PA,Risco Médio,Baixa
sexta-feira,BR-153,436.0,Pleno dia,Crescente,Nublado,Dupla,Reta,-16.28399,-48.95176,DEL02-GO,Risco Médio,Alta
terça-feira,BR-101,180.9,Pleno dia,Crescente,Chuva,Simples,Reta,-12.43432,-38.91529,DEL01-BA,Risco Baixo,Alta
sábado,BR-476,50.0,Pleno dia,Decrescente,Ignorado,Simples,Reta,-24.76846,-49.02593,DEL01-PR,Risco Médio,Baixa
terça-feira,BR-40,506.3,Plena Noite,Crescente,Céu Claro,Dupla,Não Informado,-19.74785,-44.14747,DEL02-MG,Risco Médio,Alta
sábado,BR-20,212.5,Plena Noite,Crescente,Céu Claro,Simples,Reta,-5.061345,-39.69473,DEL02-CE,Risco Médio,Baixa
segunda-feira,BR-470,214.0,Plena Noite,Crescente,Céu Claro,Simples,Desvio Temporário,-29.15144,-51.53004,DEL06-RS,Risco Alto,Baixa
sexta-feira,BR-116,174.0,Plena Noite,Crescente,Céu Claro,Dupla,Reta,-22.76318,-43.4204,DEL01-RJ,Risco Médio,Alta
sábado,BR-40,111.0,Plena Noite,Crescente,Céu Claro,Múltipla,Reta,-22.69187,-43.28745,DEL01-RJ,Risco Médio,Alta
terça-feira,BR-163,264.0,Pleno dia,Crescente,Céu Claro,Dupla,Rotatória,-22.22583,-54.7352,DEL04-MS,Risco Médio,Alta
sexta-feira,BR-101,82.0,Pleno dia,Crescente,Céu Claro,Dupla,Reta,-7.1313,-34.9326,DEL01-PB,Risco Baixo,Alta
domingo,BR-277,7.0,Pleno dia,Crescente,Nublado,Simples,Curva,-25.56103,-48.58395,DEL01-PR,Risco Baixo,Média
terça-feira,BR-222,5.5,Pleno dia,Decrescente,Sol,Múltipla,Curva,-3.742969,-38.61331,DEL01-CE,Risco Médio,Baixa
sexta-feira,BR-476,142.0,Pleno dia,Decrescente,Sol,Dupla,Reta,-25.54368,-49.30664,DEL01-PR,Risco Médio,Baixa
quinta-feira,BR-364,714.0,Amanhecer,Decrescente,Sol,Dupla,Desvio Temporário,-8.773237,-63.88521,DEL01-RO,Risco Baixo,Alta
terça-feira,BR-316,95.0,Pleno dia,Crescente,Chuva,Simples,Reta,-5.810263,-42.52113,DEL04-PI,Risco Baixo,Baixa
sexta-feira,BR-470,138.1,Pleno dia,Crescente,Céu Claro,Simples,Interseção de vias,-27.20721,-49.64848,DEL04-SC,Risco Médio,Baixa
sexta-feira,BR-386,268.5,Pleno dia,Crescente,Sol,Simples,Não Informado,-28.97194,-52.36955,DEL04-RS,Risco Baixo,Média
sábado,BR-356,65.0,Pleno dia,Decrescente,Garoa/Chuvisco,Simples,Reta,-21.33213,-41.7111,DEL08-RJ,Risco Médio,Baixa
segunda-feira,BR-163,512.0,Pleno dia,Decrescente,Nublado,Simples,Reta,-14.49746,-56.18968,DEL01-MT,Risco Baixo,Alta
domingo,BR-365,393.4,Pleno dia,Crescente,Céu Claro,Simples,Curva,-18.63482,-46.34837,DEL10-MG,Risco Médio,Média
sábado,BR-101,144.0,Pleno dia,Crescente,Nublado,Dupla,Curva,-22.20934,-41.7544,DEL02-RJ,Risco Médio,Alta
sexta-feira,BR-116,101.0,Pleno dia,Decrescente,Nublado,Dupla,Reta,-22.9905,-45.4807,DEL06-SP,Risco Médio,Alta
quinta-feira,BR-20,126.9,Plena Noite,Decrescente,Céu Claro,Simples,Reta,-14.85129,-46.77523,DEL02-DF,Risco Baixo,Baixa
segunda-feira,BR-101,473.0,Plena Noite,Crescente,Nublado,Múltipla,Retorno Regulamentado,-22.98961,-44.24169,DEL03-RJ,Risco Médio,Alta
quinta-feira,BR-116,148.5,Amanhecer,Crescente,Nublado,Simples,Curva,-25.83226,-49.33612,DEL01-PR,Risco Baixo,Alta
domingo,BR-356,276.0,Plena Noite,Crescente,Nublado,Simples,Ponte,-21.1299,-42.3671,DEL07-MG,Risco Baixo,Baixa
segunda-feira,BR-146,492.6,Plena Noite,Crescente,Céu Claro,Simples,Curva,-21.64744,-46.40705,DEL09-MG,Risco Baixo,Baixa
segunda-feira,BR-70,703.0,Pleno dia,Crescente,Garoa/Chuvisco,Simples,Não Informado,-16.24618,-57.53555,DEL03-MT,Risco Baixo,Baixa
sábado,BR-364,328.4,Pleno dia,Crescente,Céu Claro,Simples,Reta,-15.8227,-55.41829,DEL02-MT,Risco Médio,Alta
sexta-feira,BR-392,317.7,Pleno dia,Crescente,Céu Claro,Simples,Interseção de vias,-30.00982,-53.68362,DEL09-RS,Risco Médio,Média
terça-feira,BR-381,262.0,Plena Noite,Crescente,Nublado,Simples,Curva,-19.53468,-42.59762,DEL03-MG,Risco Alto,Alta
domingo,BR-70,4.0,Amanhecer,Crescente,Nublado,Dupla,Reta,-15.75984,-48.24601,DEL01-DF,Risco Médio,Baixa
sexta-feira,BR-376,641.8,Plena Noite,Crescente,Garoa/Chuvisco,Dupla,Curva,-25.79034,-49.12563,DEL01-PR,Risco Baixo,Baixa
segunda-feira,BR-364,147.9,Pleno dia,Crescente,Céu Claro,Dupla,Reta,-9.894361,-67.8954,DEL01-AC,Risco Baixo,Alta
sábado,BR-101,143.7,Plena Noite,Crescente,Céu Claro,Múltipla,Curva,-19.34946,-40.06363,DEL04-ES,Risco Baixo,Alta
sábado,BR-277,4.0,Plena Noite,Decrescente,Ignorado,Dupla,Reta,-25.48268,-54.58265,DEL05-PR,Risco Médio,Média
terça-feira,BR-60,72.0,Plena Noite,Decrescente,Céu Claro,Dupla,Curva,-16.2635,-48.76394,DEL02-GO,Risco Médio,Média
quarta-feira,BR-70,134.2,Pleno dia,Decrescente,Chuva,Simples,Curva,-15.59554,-53.22749,DEL07-MT,Risco Médio,Baixa
terça-feira,BR-116,274.8,Pleno dia,Crescente,Sol,Simples,Reta,-17.83385,-41.51094,DEL11-MG,Risco Baixo,Alta
quarta-feira,BR-116,16.0,Pleno dia,Decrescente,Chuva,Dupla,Reta,-25.3874,-49.1774,DEL01-PR,Risco Médio,Alta
quinta-feira,BR-277,650.0,Pleno dia,Decrescente,Céu Claro,Simples,Reta,-25.19036,-53.93738,DEL05-PR,Risco Médio,Média
sexta-feira,BR-393,167.0,Amanhecer,Decrescente,Céu Claro,Simples,Reta,-22.12236,-43.13977,DEL04-RJ,Risco Médio,Média
quarta-feira,BR-101,336.5,Anoitecer,Crescente,Nublado,Simples,Reta,-20.6449,-40.56055,DEL03-ES,Risco Médio,Alta
terça-feira,BR-153,494.0,Pleno dia,Crescente,Céu Claro,Dupla,Reta,-16.65687,-49.21892,DEL01-GO,Risco Médio,Alta
domingo,BR-230,236.8,Plena Noite,Decrescente,Nublado,Simples,Reta,-7.0495,-36.5348,DEL02-PB,Risco Médio,Baixa
sábado,BR-277,720.0,Plena Noite,Crescente,Céu Claro,Dupla,Não Informado,-25.48751,-54.50318,DEL05-PR,Risco Médio,Média
quarta-feira,BR-163,469.9,Pleno dia,Decrescente,Céu Claro,Simples,Reta,-20.56721,-54.56186,DEL01-MS,Risco Baixo,Alta
domingo,BR-470,225.3,Pleno dia,Crescente,Céu Claro,Simples,Retorno Regulamentado,-29.24604,-51.51611,DEL06-RS,Risco Médio,Baixa
sábado,BR-163,1.2,Pleno dia,Decrescente,Céu Claro,Simples,Não Informado,-26.26604,-53.62578,DEL07-SC,Risco Médio,Alta
quarta-feira,BR-163,143.9,Pleno dia,Decrescente,Céu Claro,Simples,Retorno Regulamentado,-25.47036,-53.58387,DEL04-PR,Risco Médio,Alta
quinta-feira,BR-101,321.0,Plena Noite,Decrescente,Nublado,Dupla,Reta,-22.86981,-43.11046,DEL02-RJ,Risco Médio,Alta
quinta-feira,BR-367,83.0,Plena Noite,Crescente,Céu Claro,Simples,Interseção de vias,-16.37349,-39.57476,DEL09-BA,Risco Médio,Baixa
sábado,BR-101,402.9,Plena Noite,Decrescente,Céu Claro,Dupla,Reta,-28.88256,-49.46114,DEL02-SC,Risco Baixo,Alta
quinta-feira,BR-364,449.0,Plena Noite,Decrescente,Céu Claro,Simples,Não Informado,-10.30505,-62.6464,DEL03-RO,Risco Médio,Alta
sábado,BR-116,35.3,Anoitecer,Decrescente,Céu Claro,Simples,Desvio Temporário,-26.33589,-50.0052,DEL06-SC,Risco Médio,Alta
quarta-feira,BR-116,245.0,Plena Noite,Crescente,Nublado,Simples,Reta,-29.74981,-51.15125,DEL01-RS,Risco Médio,Alta
sábado,BR-242,333.0,Pleno dia,Decrescente,Céu Claro,Simples,Reta,-12.47644,-41.36075,DEL06-BA,Risco Baixo,Baixa
segunda-feira,BR-116,219.0,Amanhecer,Crescente,Céu Claro,Múltipla,Reta,-23.46144,-46.48885,DEL01-SP,Risco Médio,Alta
sexta-feira,BR-364,219.0,Plena Noite,Crescente,Céu Claro,Dupla,Reta,-16.35492,-54.7339,DEL02-MT,Risco Médio,Alta
sábado,BR-101,121.0,Plena Noite,Crescente,Nublado,Dupla,Reta,-22.0352,-41.69373,DEL08-RJ,Risco Médio,Alta
sexta-feira,BR-364,712.0,Plena Noite,Crescente,Céu Claro,Dupla,Reta,-8.777035,-63.87316,DEL01-RO,Risco Médio,Alta
domingo,BR-356,283.6,Pleno dia,Crescente,Nublado,Simples,Reta,-21.12197,-42.2208,DEL07-MG,Risco Alto,Baixa
quarta-feira,BR-364,343.0,Plena Noite,Crescente,Céu Claro,Simples,Não Informado,-10.87879,-61.94499,DEL02-RO,Risco Médio,Alta
quinta-feira,BR-163,62.5,Pleno dia,Decrescente,Céu Claro,Simples,Não Informado,-25.84981,-53.75128,DEL02-PR,Risco Médio,Alta
sexta-feira,BR-470,228.1,Pleno dia,Crescente,Céu Claro,Simples,Interseção de vias,-29.2176,-51.51704,DEL06-RS,Risco Médio,Baixa
segunda-feira,BR-116,155.0,Anoitecer,Crescente,Garoa/Chuvisco,Simples,Reta,-25.86702,-49.37925,DEL01-PR,Risco Médio,Alta
sábado,BR-116,152.0,Pleno dia,Decrescente,Céu Claro,Dupla,Reta,-23.2262,-45.90683,DEL02-SP,Risco Médio,Alta
segunda-feira,BR-470,9.9,Amanhecer,Decrescente,Nublado,Simples,Interseção de vias,-26.83314,-48.72743,DEL04-SC,Risco Médio,Baixa
sábado,BR-381,75.0,Pleno dia,Decrescente,Chuva,Dupla,Reta,-23.37999,-46.56322,DEL03-SP,Risco Médio,Alta
quinta-feira,BR-364,552.4,Pleno dia,Crescente,Nublado,Dupla,Curva,-14.83431,-56.43364,DEL01-MT,Risco Médio,Alta
domingo,BR-163,85.1,Plena Noite,Crescente,Chuva,Simples,Reta,-25.69527,-53.779,DEL02-PR,Risco Médio,Alta
sexta-feira,BR-20,420.0,Pleno dia,Crescente,Céu Claro,Simples,Reta,-3.844029,-38.58284,DEL01-CE,Risco Médio,Baixa
terça-feira,BR-316,25.0,Amanhecer,Crescente,Céu Claro,Dupla,Reta,-1.32527,-48.23212,DEL01-PA,Risco Alto,Baixa
sexta-feira,BR-262,56.0,Plena Noite,Crescente,Chuva,Simples,Curva,-20.41333,-40.75453,DEL01-ES,Risco Médio,Média
sábado,BR-230,146.0,Plena Noite,Crescente,Céu Claro,Simples,Reta,-5.714294,-48.16597,DEL02-TO,Risco Médio,Baixa
quinta-feira,BR-163,145.0,Pleno dia,Crescente,Sol,Simples,Não Informado,-25.4617,-53.582,DEL04-PR,Risco Baixo,Alta
terça-feira,BR-282,505.5,Pleno dia,Decrescente,Sol,Dupla,Reta,-26.88588,-52.41876,DEL07-SC,Risco Médio,Baixa
domingo,BR-116,210.0,Plena Noite,Decrescente,Nublado,Múltipla,Reta,-23.43019,-46.41397,DEL01-SP,Risco Alto,Alta
quarta-feira,BR-40,92.7,Pleno dia,Decrescente,Céu Claro,Simples,Interseção de vias,-16.73354,-47.62196,DEL01-DF,Risco Médio,Alta
domingo,BR-381,481.8,Pleno dia,Decrescente,Chuva,Múltipla,Reta,-19.95932,-44.08826,DEL01-MG,Risco Médio,Alta
terça-feira,BR-405,41.3,Pleno dia,Crescente,Céu Claro,Simples,Reta,-6.795116,-38.41877,DEL03-PB,Risco Médio,Baixa
sexta-feira,BR-101,314.0,Pleno dia,Crescente,Céu Claro,Simples,Reta,-28.43639,-48.84075,DEL02-SC,Risco Baixo,Alta
quarta-feira,BR-369,91.0,Amanhecer,Decrescente,Céu Claro,Simples,Curva,-23.1813,-50.648,DEL07-PR,Risco Médio,Baixa
quinta-feira,BR-104,85.0,Pleno dia,Decrescente,Sol,Dupla,Reta,-9.458496,-35.82849,DEL01-AL,Risco Médio,Baixa
domingo,BR-116,18.5,Anoitecer,Crescente,Nublado,Simples,Curva,-15.83089,-41.39133,DEL08-BA,Risco Médio,Alta
segunda-feira,BR-412,96.8,Plena Noite,Crescente,Vento,Simples,Reta,-7.596476,-36.80786,DEL02-PB,Risco Alto,Baixa
segunda-feira,BR-376,374.0,Plena Noite,Crescente,Ignorado,Dupla,Curva,-24.36477,-50.80353,DEL03-PR,Risco Baixo,Baixa
quarta-feira,BR-316,33.0,Pleno dia,Decrescente,Céu Claro,Simples,Reta,-9.111412,-37.62654,DEL03-AL,Risco Médio,Baixa
segunda-feira,BR-267,288.0,Pleno dia,Crescente,Nublado,Simples,Curva,-21.93763,-44.57119,DEL05-MG,Risco Baixo,Baixa
segunda-feira,BR-116,217.0,Plena Noite,Decrescente,Céu Claro,Múltipla,Desvio Temporário,-23.45424,-46.47119,DEL01-SP,Risco Médio,Alta
sábado,BR-381,430.5,Plena Noite,Decrescente,Céu Claro,Simples,Curva,-19.78762,-43.69041,DEL01-MG,Risco Médio,Alta
sexta-feira,BR-101,261.0,Plena Noite,Decrescente,Nublado,Dupla,Curva,-22.7114,-42.6113,DEL02-RJ,Risco Médio,Alta
sexta-feira,BR-163,98.0,Pleno dia,Crescente,Céu Claro,Dupla,Reta,-16.67672,-54.673,DEL02-MT,Risco Baixo,Alta
quinta-feira,BR-290,93.0,Pleno dia,Decrescente,Sol,Dupla,Reta,-29.97084,-51.18773,DEL01-RS,Risco Médio,Baixa
domingo,BR-277,690.0,Pleno dia,Crescente,Céu Claro,Dupla,Não Informado,-25.36023,-54.24884,DEL05-PR,Risco Médio,Média
terça-feira,BR-319,62.0,Pleno dia,Decrescente,Céu Claro,Dupla,Reta,-8.75546,-63.8865,DEL01-RO,Risco Médio,Baixa
sábado,BR-20,63.0,Plena Noite,Crescente,Chuva,Simples,Não Informado,-15.22244,-47.16995,DEL02-DF,Risco Alto,Baixa
segunda-feira,BR-101,269.5,Pleno dia,Crescente,Céu Claro,Dupla,Reta,-20.22358,-40.27014,DEL02-ES,Risco Médio,Alta
domingo,BR-153,135.8,Pleno dia,Crescente,Nublado,Simples,Retorno Regulamentado,-7.128967,-48.19843,DEL02-TO,Risco Médio,Alta
quarta-feira,BR-163,37.0,Pleno dia,Crescente,Céu Claro,Simples,Desvio Temporário,-23.80318,-54.30389,DEL09-MS,Risco Alto,Alta
sexta-feira,BR-116,598.1,Plena Noite,Crescente,Céu Claro,Simples,Curva,-32.15306,-52.96742,DEL07-RS,Risco Médio,Alta
domingo,BR-20,40.0,Pleno dia,Crescente,Céu Claro,Dupla,Desvio Temporário,-15.58185,-47.51271,DEL02-DF,Risco Médio,Baixa
sábado,BR-101,96.1,Plena Noite,Crescente,Céu Claro,Dupla,Viaduto,-5.849496,-35.20891,DEL01-RN,Risco Médio,Alta
terça-feira,BR-101,789.5,Pleno dia,Crescente,Céu Claro,Simples,Reta,-16.8698,-39.5032,DEL09-BA,Risco Médio,Alta
sexta-feira,BR-392,0.8,Plena Noite,Crescente,Chuva,Simples,Ponte,-31.7602,-52.4381,DEL07-RS,Risco Médio,Média
quarta-feira,BR-116,528.2,Plena Noite,Decrescente,Céu Claro,Simples,Não Informado,-31.75074,-52.41851,DEL07-RS,Risco Baixo,Alta
terça-feira,BR-386,389.0,Pleno dia,Decrescente,Nublado,Dupla,Reta,-29.6998,-51.68691,DEL04-RS,Risco Baixo,Média
sábado,BR-116,296.8,Plena Noite,Decrescente,Nublado,Dupla,Reta,-30.08861,-51.3423,DEL02-RS,Risco Baixo,Alta
quinta-feira,BR-381,361.0,Pleno dia,Decrescente,Céu Claro,Simples,Não Informado,-19.85881,-43.23411,DEL03-MG,Risco Médio,Alta
domingo,BR-282,96.9,Pleno dia,Crescente,Chuva,Simples,Curva,-27.71025,-49.26744,DEL01-SC,Risco Médio,Baixa
quarta-feira,BR-101,205.8,Pleno dia,Crescente,Chuva,Múltipla,Curva,-27.58716,-48.61685,DEL01-SC,Risco Médio,Alta
domingo,BR-10,326.0,Plena Noite,Crescente,Céu Claro,Simples,Reta,-1.5852,-47.4973,DEL01-PA,Risco Médio,Baixa
quarta-feira,BR-381,53.0,Plena Noite,Decrescente,Céu Claro,Dupla,Reta,-23.23728,-46.59981,DEL03-SP,Risco Médio,Alta
sexta-feira,BR-287,330.0,Plena Noite,Crescente,Céu Claro,Simples,Interseção de vias,-29.68468,-54.66531,DEL12-RS,Risco Médio,Baixa
quinta-feira,BR-482,105.0,Pleno dia,Crescente,Céu Claro,Simples,Interseção de vias,-20.77743,-41.66744,DEL03-ES,Risco Médio,Baixa
sábado,BR-116,177.0,Plena Noite,Crescente,Céu Claro,Múltipla,Reta,-22.78055,-43.39209,DEL01-RJ,Risco Baixo,Alta
domingo,BR-316,415.9,Pleno dia,Crescente,Céu Claro,Simples,Curva,-7.445727,-40.66239,DEL04-PI,Risco Médio,Baixa
domingo,BR-262,29.0,Pleno dia,Crescente,Nublado,Simples,Rotatória,-20.24722,-41.98203,DEL06-MG,Risco Médio,Média
quinta-feira,BR-448,14.0,Plena Noite,Decrescente,Céu Claro,Dupla,Viaduto,-29.92485,-51.22543,DEL01-RS,Risco Alto,Baixa
sábado,BR-116,498.8,Pleno dia,Crescente,Nublado,Simples,Reta,-24.7759,-48.1715,DEL05-SP,Risco Baixo,Alta
sexta-feira,BR-70,522.0,Pleno dia,Crescente,Nublado,Simples,Reta,-15.65922,-56.18812,DEL01-MT,Risco Médio,Baixa
quinta-feira,BR-262,719.6,Pleno dia,Decrescente,Chuva,Simples,Reta,-19.61793,-47.2236,DEL08-MG,Risco Médio,Média
sábado,BR-376,167.0,Plena Noite,Crescente,Garoa/Chuvisco,Dupla,Reta,-23.40324,-51.99632,DEL09-PR,Risco Baixo,Baixa
terça-feira,BR-116,357.0,Plena Noite,Crescente,Nublado,Simples,Reta,-30.58731,-51.53524,DEL02-RS,Risco Baixo,Alta