dia_semana,br,km,fase_dia,sentido_via,condicao_metereologica,tipo_pista,tracado_via,latitude,longitude,delegacia,classificacao_acidente,postos_policiais_PRF
terça-feira,BR-116,362.0,Pleno dia,Crescente,Chuva,Dupla,Curva,-24.12202,-47.27048,DEL04-SP,Risco Médio,Alta
sexta-feira,BR-369,134.0,Plena Noite,Crescente,Céu Claro,Simples,Reta,-23.2619,-51.0307,DEL07-PR,Risco Alto,Baixa
domingo,BR-459,84.1,Pleno dia,Crescente,Céu Claro,Simples,Reta,-22.15044,-46.04011,DEL09-MG,Risco Médio,Baixa
sexta-feira,BR-373,172.4,Pleno dia,Crescente,Ignorado,Dupla,Reta,-25.09547,-50.16237,DEL03-PR,Risco Médio,Baixa
sexta-feira,BR-101,229.8,Pleno dia,Crescente,Céu Claro,Dupla,Reta,-22.56735,-42.37441,DEL02-RJ,Risco Médio,Alta
domingo,BR-116,54.7,Plena Noite,Crescente,Céu Claro,Dupla,Reta,-22.75804,-45.11508,DEL08-SP,Risco Médio,Alta
segunda-feira,BR-80,22.0,Pleno dia,Crescente,Céu Claro,Dupla,Reta,-15.36183,-48.22394,DEL01-DF,Risco Médio,Baixa
sábado,BR-386,303.0,Pleno dia,Decrescente,Nublado,Simples,Curva,-29.18615,-52.18993,DEL04-RS,Risco Baixo,Média
domingo,BR-251,449.8,Plena Noite,Decrescente,Ignorado,Simples,Curva,-16.43384,-43.27388,DEL12-MG,Risco Médio,Baixa
sábado,BR-277,592.7,Pleno dia,Decrescente,Céu Claro,Simples,Não Informado,-24.98118,-53.48081,DEL04-PR,Risco Médio,Média
domingo,BR-101,129.0,Pleno dia,Decrescente,Céu Claro,Dupla,Curva,-8.3837,-35.2487,DEL01-PE,Risco Baixo,Alta
quarta-feira,BR-364,203.0,Plena Noite,Crescente,Céu Claro,Dupla,Reta,-16.47555,-54.65345,DEL02-MT,Risco Médio,Alta
segunda-feira,BR-135,10.0,Pleno dia,Crescente,Sol,Simples,Interseção de vias,-10.91829,-45.17742,DEL10-BA,Risco Médio,Baixa
domingo,BR-163,485.0,Plena Noite,Decrescente,Céu Claro,Simples,Reta,-20.44234,-54.54202,DEL01-MS,Risco Médio,Alta
quinta-feira,BR-101,444.9,Anoitecer,Decrescente,Céu Claro,Simples,Reta,-14.31156,-39.31592,DEL05-BA,Risco Médio,Alta
terça-feira,BR-364,274.5,Pleno dia,Crescente,Sol,Simples,Reta,-11.38661,-61.75016,DEL02-RO,Risco Médio,Alta
segunda-feira,BR-70,301.8,Pleno dia,Decrescente,Nublado,Simples,Reta,-15.57828,-54.48051,DEL05-MT,Risco Médio,Baixa
segunda-feira,BR-262,398.2,Pleno dia,Crescente,Nublado,Dupla,Reta,-19.89013,-44.58628,DEL01-MG,Risco Médio,Média
quinta-feira,BR-381,779.5,Pleno dia,Decrescente,Nublado,Dupla,Curva,-21.80836,-45.48144,DEL16-MG,Risco Médio,Alta
sábado,BR-153,392.2,Pleno dia,Decrescente,Céu Claro,Simples,Curva,-25.89849,-50.83374,DEL02-PR,Risco Médio,Alta
quinta-feira,BR-376,1.0,Plena Noite,Crescente,Céu Claro,Dupla,Não Informado,-23.5107,-51.71701,DEL07-PR,Risco Médio,Baixa
domingo,BR-60,606.3,Pleno dia,Crescente,Chuva,Simples,Reta,-21.5045,-56.1652,DEL05-MS,Risco Médio,Média
segunda-feira,BR-10,261.9,Pleno dia,Crescente,Céu Claro,Simples,Reta,-5.443704,-47.47264,DEL04-MA,Risco Médio,Baixa
segunda-feira,BR-163,30.0,Pleno dia,Crescente,Céu Claro,Dupla,Reta,-17.25349,-54.76219,DEL02-MT,Risco Médio,Alta
domingo,BR-476,199.4,Pleno dia,Decrescente,Chuva,Simples,Não Informado,-25.77207,-49.74566,DEL02-PR,Risco Médio,Baixa
terça-feira,BR-262,385.6,Plena Noite,Crescente,Céu Claro,Simples,Reta,-20.43132,-54.89119,DEL01-MS,Risco Alto,Média
domingo,BR-459,103.7,Amanhecer,Decrescente,Ignorado,Dupla,Reta,-22.23048,-45.93678,DEL16-MG,Risco Médio,Baixa
domingo,BR-116,52.4,Pleno dia,Crescente,Céu Claro,Dupla,Curva,-22.74708,-45.09973,DEL08-SP,Risco Médio,Alta
quarta-feira,BR-70,575.0,Plena Noite,Decrescente,Chuva,Simples,Reta,-15.73158,-56.527,DEL03-MT,Risco Baixo,Baixa
quinta-feira,BR-153,320.7,Pleno dia,Crescente,Chuva,Múltipla,Ponte,-15.44784,-49.50545,DEL02-GO,Risco Baixo,Alta
quinta-feira,BR-470,11.9,Amanhecer,Decrescente,Nublado,Simples,Interseção de vias,-26.83361,-48.73634,DEL04-SC,Risco Médio,Baixa
sábado,BR-101,662.0,Pleno dia,Decrescente,Chuva,Simples,Curva,-15.9874,-39.57241,DEL05-BA,Risco Médio,Alta
quarta-feira,BR-153,218.0,Pleno dia,Crescente,Chuva,Simples,Reta,-7.801458,-48.45676,DEL02-TO,Risco Baixo,Alta
sábado,BR-20,15.0,Pleno dia,Crescente,Céu Claro,Simples,Curva,-15.56481,-47.22262,DEL02-DF,Risco Médio,Baixa
domingo,BR-232,156.6,Plena Noite,Crescente,Céu Claro,Simples,Reta,-8.32936,-36.21722,DEL03-PE,Risco Médio,Baixa
sábado,BR-316,65.0,Anoitecer,Crescente,Garoa/Chuvisco,Simples,Reta,-1.295804,-47.91084,DEL01-PA,Risco Médio,Baixa
sábado,BR-101,1.8,Amanhecer,Decrescente,Chuva,Dupla,Reta,-25.99572,-48.87927,DEL03-SC,Risco Baixo,Alta
quarta-feira,BR-376,648.0,Pleno dia,Crescente,Céu Claro,Dupla,Curva,-25.84026,-49.1055,DEL01-PR,Risco Médio,Baixa
sábado,BR-101,69.0,Pleno dia,Crescente,Sol,Dupla,Desvio Temporário,-18.73556,-39.8607,DEL04-ES,Risco Médio,Alta
terça-feira,BR-381,776.0,Amanhecer,Crescente,Chuva,Dupla,Curva,-21.79725,-45.45521,DEL16-MG,Risco Médio,Alta
domingo,BR-163,14.0,Plena Noite,Crescente,Nublado,Dupla,Reta,-17.39383,-54.75826,DEL02-MT,Risco Baixo,Alta
sábado,BR-116,131.5,Plena Noite,Crescente,Céu Claro,Dupla,Reta,-23.12742,-45.73637,DEL06-SP,Risco Alto,Alta
terça-feira,BR-40,5.5,Pleno dia,Crescente,Céu Claro,Dupla,Curva,-22.04491,-43.21987,DEL06-RJ,Risco Médio,Alta
sexta-feira,BR-101,941.0,Plena Noite,Decrescente,Nublado,Simples,Reta,-18.1684,-39.91874,DEL09-BA,Risco Médio,Alta
quarta-feira,BR-153,616.0,Amanhecer,Decrescente,Céu Claro,Simples,Reta,-11.2383,-48.93397,DEL01-TO,Risco Baixo,Alta
segunda-feira,BR-153,497.0,Pleno dia,Decrescente,Céu Claro,Simples,Curva,-10.20192,-48.87367,DEL02-TO,Risco Médio,Alta
terça-feira,BR-282,221.1,Pleno dia,Crescente,Céu Claro,Simples,Reta,-27.79636,-50.34343,DEL05-SC,Risco Baixo,Baixa
terça-feira,BR-101,217.7,Pleno dia,Decrescente,Céu Claro,Dupla,Reta,-27.67109,-48.67245,DEL01-SC,Risco Médio,Alta
terça-feira,BR-393,281.2,Plena Noite,Decrescente,Nublado,Simples,Interseção de vias,-22.47382,-44.06148,DEL05-RJ,Risco Médio,Média
terça-feira,BR-381,777.9,Pleno dia,Crescente,Chuva,Dupla,Curva,-21.82473,-45.49551,DEL16-MG,Risco Médio,Alta
sexta-feira,BR-101,40.5,Pleno dia,Crescente,Chuva,Dupla,Reta,-26.27176,-48.89468,DEL03-SC,Risco Médio,Alta
quinta-feira,BR-429,4.3,Pleno dia,Decrescente,Céu Claro,Dupla,Reta,-10.88535,-61.93549,DEL02-RO,Risco Médio,Baixa
quinta-feira,BR-116,18.0,Pleno dia,Crescente,Nublado,Simples,Não Informado,-26.22553,-49.89348,DEL06-SC,Risco Médio,Alta
quinta-feira,BR-40,41.3,Pleno dia,Decrescente,Céu Claro,Múltipla,Interseção de vias,-17.21448,-46.87082,DEL14-MG,Risco Médio,Alta
domingo,BR-116,66.4,Plena Noite,Crescente,Nublado,Simples,Curva,-22.31004,-42.93794,DEL04-RJ,Risco Médio,Alta
terça-feira,BR-116,314.6,Pleno dia,Decrescente,Céu Claro,Simples,Reta,-11.28263,-38.92745,DEL02-BA,Risco Baixo,Alta
segunda-feira,BR-251,472.8,Plena Noite,Crescente,Céu Claro,Simples,Curva,-16.472,-43.4251,DEL12-MG,Risco Alto,Baixa
sexta-feira,BR-381,487.5,Pleno dia,Decrescente,Céu Claro,Dupla,Reta,-19.95697,-44.11909,DEL01-MG,Risco Baixo,Alta
domingo,BR-470,230.0,Pleno dia,Decrescente,Nublado,Simples,Reta,-29.27577,-51.49379,DEL06-RS,Risco Baixo,Baixa
quinta-feira,BR-40,41.0,Pleno dia,Crescente,Céu Claro,Dupla,Curva,-22.2578,-43.1086,DEL06-RJ,Risco Baixo,Alta
terça-feira,BR-381,584.0,Pleno dia,Decrescente,Ignorado,Dupla,Reta,-20.52949,-44.63875,DEL04-MG,Risco Médio,Alta
sexta-feira,BR-153,558.6,Pleno dia,Crescente,Céu Claro,Simples,Desvio Temporário,-10.72204,-48.90464,DEL02-TO,Risco Baixo,Alta
domingo,BR-153,63.0,Plena Noite,Crescente,Céu Claro,Simples,Reta,-13.37528,-49.12653,DEL07-GO,Risco Baixo,Alta
quarta-feira,BR-101,242.9,Pleno dia,Decrescente,Céu Claro,Simples,Reta,-20.03213,-40.39676,DEL02-ES,Risco Médio,Alta
quarta-feira,BR-116,14.5,Pleno dia,Crescente,Nublado,Dupla,Reta,-25.38183,-49.16459,DEL01-PR,Risco Médio,Alta
domingo,BR-282,222.4,Pleno dia,Crescente,Garoa/Chuvisco,Simples,Curva,-27.79774,-50.35341,DEL05-SC,Risco Médio,Baixa
sábado,BR-101,100.0,Pleno dia,Crescente,Nublado,Múltipla,Não Informado,-26.75483,-48.68994,DEL03-SC,Risco Médio,Alta
quarta-feira,BR-116,120.8,Amanhecer,Decrescente,Céu Claro,Dupla,Não Informado,-25.55122,-49.30504,DEL01-PR,Risco Médio,Alta
domingo,BR-101,193.0,Plena Noite,Crescente,Céu Claro,Dupla,Curva,-27.4895,-48.6559,DEL01-SC,Risco Baixo,Alta
sábado,BR-163,161.0,Pleno dia,Decrescente,Sol,Simples,Reta,-25.3309,-53.5907,DEL04-PR,Risco Baixo,Alta
segunda-feira,BR-470,54.0,Pleno dia,Crescente,Céu Claro,Simples,Reta,-26.87107,-49.11037,DEL04-SC,Risco Baixo,Baixa
terça-feira,BR-365,626.7,Plena Noite,Crescente,Céu Claro,Simples,Reta,-18.90645,-48.33032,DEL15-MG,Risco Médio,Média
quinta-feira,BR-101,66.8,Plena Noite,Crescente,Céu Claro,Dupla,Curva,-8.033685,-34.94184,DEL01-PE,Risco Médio,Alta
domingo,BR-104,104.0,Plena Noite,Decrescente,Garoa/Chuvisco,Simples,Não Informado,-7.080616,-35.85414,DEL02-PB,Risco Médio,Baixa
domingo,BR-262,609.5,Plena Noite,Decrescente,Nublado,Simples,Curva,-19.59634,-46.29879,DEL08-MG,Risco Médio,Média
domingo,BR-101,72.0,Plena Noite,Decrescente,Céu Claro,Simples,Reta,-5.698662,-35.26317,DEL02-RN,Risco Médio,Alta
terça-feira,BR-116,246.7,Pleno dia,Crescente,Chuva,Simples,Não Informado,-29.76149,-51.15234,DEL01-RS,Risco Médio,Alta
domingo,BR-50,280.3,Plena Noite,Decrescente,Ignorado,Simples,Não Informado,-18.1784,-47.9362,DEL06-GO,Risco Médio,Média
domingo,BR-365,750.0,Amanhecer,Decrescente,Céu Claro,Simples,Não Informado,-18.91566,-49.37684,DEL15-MG,Risco Médio,Média
sexta-feira,BR-101,260.9,Pleno dia,Decrescente,Céu Claro,Simples,Não Informado,-20.14616,-40.28836,DEL02-ES,Risco Médio,Alta
segunda-feira,BR-381,439.0,Amanhecer,Crescente,Nublado,Simples,Reta,-19.80928,-43.78706,DEL01-MG,Risco Médio,Alta
quinta-feira,BR-285,298.0,Pleno dia,Decrescente,Céu Claro,Simples,Não Informado,-28.23644,-52.42295,DEL08-RS,Risco Médio,Baixa
quarta-feira,BR-153,497.5,Pleno dia,Crescente,Céu Claro,Dupla,Curva,-16.6854,-49.2338,DEL01-GO,Risco Médio,Alta
segunda-feira,BR-373,440.0,Pleno dia,Crescente,Sol,Simples,Reta,-25.81075,-52.28878,DEL02-PR,Risco Médio,Baixa
segunda-feira,BR-376,538.1,Pleno dia,Crescente,Céu Claro,Dupla,Reta,-25.34506,-49.84506,DEL01-PR,Risco Baixo,Baixa
sexta-feira,BR-376,9.8,Anoitecer,Crescente,Céu Claro,Múltipla,Não Informado,-23.4273,-51.9375,DEL09-PR,Risco Médio,Baixa
quinta-feira,BR-101,67.8,Pleno dia,Crescente,Céu Claro,Dupla,Reta,-21.77144,-41.35623,DEL08-RJ,Risco Médio,Alta
terça-feira,BR-116,597.0,Pleno dia,Decrescente,Céu Claro,Simples,Não Informado,-13.18866,-40.00636,DEL03-BA,Risco Baixo,Alta
segunda-feira,BR-60,115.4,Pleno dia,Decrescente,Sol,Dupla,Reta,-16.4691,-49.0705,DEL01-GO,Risco Médio,Média
segunda-feira,BR-153,617.3,Plena Noite,Crescente,Céu Claro,Dupla,Não Informado,-17.6951,-49.1559,DEL03-GO,Risco Médio,Alta
quarta-feira,BR-101,399.2,Pleno dia,Decrescente,Chuva,Múltipla,Reta,-28.84171,-49.42814,DEL02-SC,Risco Médio,Alta
terça-feira,BR-324,582.0,Pleno dia,Crescente,Nublado,Dupla,Reta,-12.60857,-38.49391,DEL01-BA,Risco Baixo,Baixa
quarta-feira,BR-369,440.0,Plena Noite,Decrescente,Céu Claro,Simples,Reta,-24.51227,-52.92483,DEL04-PR,Risco Baixo,Baixa
terça-feira,BR-116,567.0,Pleno dia,Decrescente,Chuva,Dupla,Curva,-25.04755,-48.55355,DEL05-SP,Risco Médio,Alta
segunda-feira,BR-282,506.8,Plena Noite,Decrescente,Chuva,Dupla,Retorno Regulamentado,-26.88533,-52.43426,DEL07-SC,Risco Baixo,Baixa
domingo,BR-277,586.9,Plena Noite,Crescente,Garoa/Chuvisco,Simples,Não Informado,-24.96495,-53.42105,DEL04-PR,Risco Médio,Média
quinta-feira,BR-365,752.9,Pleno dia,Crescente,Sol,Simples,Não Informado,-18.94749,-49.45934,DEL15-MG,Risco Médio,Média
sábado,BR-381,248.2,Pleno dia,Decrescente,Céu Claro,Simples,Reta,-19.47089,-42.53936,DEL06-MG,Risco Médio,Alta
segunda-feira,BR-222,243.0,Anoitecer,Decrescente,Céu Claro,Simples,Reta,-5.339671,-49.08239,DEL03-PA,Risco Médio,Baixa
domingo,BR-153,524.9,Pleno dia,Decrescente,Garoa/Chuvisco,Simples,Reta,-10.42434,-48.89877,DEL02-TO,Risco Médio,Alta
sábado,BR-174,3.0,Pleno dia,Decrescente,Chuva,Simples,Curva,-15.24146,-59.33463,DEL04-MT,Risco Médio,Baixa
quarta-feira,BR-376,183.0,Plena Noite,Decrescente,Céu Claro,Múltipla,Reta,-23.44159,-51.87067,DEL07-PR,Risco Alto,Baixa
domingo,BR-364,2.0,Pleno dia,Decrescente,Céu Claro,Simples,Interseção de vias,-20.14768,-48.68843,DEL13-MG,Risco Médio,Alta
sábado,BR-10,340.0,Plena Noite,Crescente,Céu Claro,Simples,Curva,-4.7744,-47.4889,DEL04-MA,Risco Baixo,Baixa
quinta-feira,BR-101,294.1,Pleno dia,Crescente,Chuva,Dupla,Reta,-20.32416,-40.39529,DEL01-ES,Risco Baixo,Alta
sábado,BR-343,438.8,Plena Noite,Decrescente,Nublado,Simples,Reta,-5.843313,-42.62442,DEL01-PI,Risco Alto,Baixa
domingo,BR-277,69.0,Pleno dia,Decrescente,Nublado,Dupla,Reta,-25.53715,-49.07077,DEL01-PR,Risco Médio,Média
domingo,BR-230,2.0,Anoitecer,Decrescente,Céu Claro,Dupla,Não Informado,-3.180906,-52.18458,DEL04-PA,Risco Médio,Baixa
terça-feira,BR-101,144.0,Pleno dia,Decrescente,Céu Claro,Dupla,Reta,-27.07327,-48.59673,DEL04-SC,Risco Médio,Alta
domingo,BR-116,444.9,Pleno dia,Crescente,Céu Claro,Simples,Interseção de vias,-24.49129,-47.83615,DEL05-SP,Risco Médio,Alta
sábado,BR-101,302.0,Pleno dia,Crescente,Chuva,Dupla,Reta,-22.77828,-42.95636,DEL02-RJ,Risco Baixo,Alta
quarta-feira,BR-381,395.5,Pleno dia,Decrescente,Céu Claro,Dupla,Curva,-19.75227,-43.48017,DEL01-MG,Risco Baixo,Alta
domingo,BR-163,779.0,Plena Noite,Decrescente,Céu Claro,Simples,Reta,-12.45099,-55.66089,DEL06-MT,Risco Médio,Alta
domingo,BR-116,56.2,Anoitecer,Decrescente,Chuva,Simples,Curva,-28.61311,-51.0431,DEL05-RS,Risco Baixo,Alta
segunda-feira,BR-277,591.9,Pleno dia,Crescente,Céu Claro,Simples,Desvio Temporário,-24.98493,-53.46492,DEL04-PR,Risco Médio,Média
domingo,BR-104,57.5,Pleno dia,Decrescente,Nublado,Dupla,Reta,-8.21474,-35.9734,DEL02-PE,Risco Alto,Baixa
quinta-feira,BR-153,336.1,Pleno dia,Decrescente,Céu Claro,Simples,Reta,-25.49933,-50.64875,DEL03-PR,Risco Baixo,Alta
quinta-feira,BR-381,358.1,Plena Noite,Decrescente,Nublado,Simples,Não Informado,-19.85593,-43.21689,DEL03-MG,Risco Baixo,Alta
quinta-feira,BR-116,132.3,Pleno dia,Crescente,Sol,Dupla,Reta,-23.13298,-45.74737,DEL06-SP,Risco Médio,Alta
quinta-feira,BR-282,500.3,Pleno dia,Crescente,Chuva,Dupla,Interseção de vias,-26.88104,-52.37064,DEL07-SC,Risco Médio,Baixa
quinta-feira,BR-376,184.5,Plena Noite,Crescente,Vento,Dupla,Reta,-23.44656,-51.86217,DEL09-PR,Risco Médio,Baixa
quarta-feira,BR-101,93.0,Pleno dia,Decrescente,Céu Claro,Simples,Reta,-10.90212,-37.14495,DEL01-SE,Risco Médio,Alta
segunda-feira,BR-101,202.0,Plena Noite,Crescente,Chuva,Dupla,Reta,-27.55712,-48.61898,DEL01-SC,Risco Médio,Alta
sexta-feira,BR-364,359.0,Pleno dia,Decrescente,Céu Claro,Simples,Reta,-15.7766,-55.6477,DEL02-MT,Risco Médio,Alta
sábado,BR-158,327.0,Plena Noite,Crescente,Céu Claro,Simples,Não Informado,-29.71136,-53.81926,DEL09-RS,Risco Médio,Baixa
sábado,BR-40,123.0,Plena Noite,Decrescente,Céu Claro,Múltipla,Reta,-22.80064,-43.29027,DEL01-RJ,Risco Baixo,Alta
sexta-feira,BR-116,272.0,Pleno dia,Decrescente,Céu Claro,Dupla,Reta,-23.62169,-46.81329,DEL04-SP,Risco Médio,Alta
quinta-feira,BR-470,182.9,Plena Noite,Decrescente,Céu Claro,Simples,Reta,-27.24977,-49.98815,DEL04-SC,Risco Médio,Baixa
domingo,BR-50,89.0,Amanhecer,Decrescente,Nublado,Dupla,Não Informado,-19.03998,-48.19939,DEL15-MG,Risco Médio,Média
terça-feira,BR-116,219.0,Plena Noite,Crescente,Céu Claro,Múltipla,Não Informado,-23.4627,-46.49367,DEL01-SP,Risco Médio,Alta
domingo,BR-153,469.0,Pleno dia,Crescente,Chuva,Múltipla,Curva,-26.28922,-51.19934,DEL02-PR,Risco Médio,Alta
quarta-feira,BR-101,307.2,Plena Noite,Decrescente,Céu Claro,Dupla,Reta,-28.40831,-48.79196,DEL02-SC,Risco Baixo,Alta
quarta-feira,BR-101,83.9,Anoitecer,Crescente,Céu Claro,Simples,Reta,-8.1777,-34.9526,DEL01-PE,Risco Médio,Alta
sábado,BR-101,71.8,Pleno dia,Crescente,Céu Claro,Dupla,Reta,-8.076631,-34.94278,DEL01-PE,Risco Médio,Alta
quinta-feira,BR-330,728.3,Pleno dia,Crescente,Céu Claro,Simples,Curva,-13.88302,-40.03242,DEL03-BA,Risco Médio,Baixa
domingo,BR-101,74.6,Plena Noite,Crescente,Céu Claro,Simples,Reta,-5.714063,-35.27233,DEL02-RN,Risco Médio,Alta
sexta-feira,BR-153,436.5,Pleno dia,Decrescente,Céu Claro,Dupla,Curva,-16.28875,-48.93798,DEL02-GO,Risco Médio,Alta
sábado,BR-116,751.0,Pleno dia,Decrescente,Céu Claro,Simples,Curva,-14.43696,-40.35286,DEL08-BA,Risco Médio,Alta
domingo,BR-116,405.5,Pleno dia,Crescente,Céu Claro,Simples,Reta,-30.90414,-51.8668,DEL02-RS,Risco Baixo,Alta
quinta-feira,BR-471,544.2,Plena Noite,Decrescente,Chuva,Simples,Reta,-32.76624,-52.65575,DEL07-RS,Risco Baixo,Baixa
quarta-feira,BR-116,12.0,Pleno dia,Decrescente,Nublado,Simples,Reta,-25.37668,-49.15138,DEL01-PR,Risco Médio,Alta
sábado,BR-116,222.8,Pleno dia,Decrescente,Céu Claro,Múltipla,Reta,-23.481,-46.533,DEL01-SP,Risco Baixo,Alta
segunda-feira,BR-163,477.0,Pleno dia,Crescente,Céu Claro,Simples,Reta,-20.50428,-54.55557,DEL01-MS,Risco Médio,Alta
sábado,BR-251,4.0,Anoitecer,Crescente,Céu Claro,Dupla,Reta,-16.01558,-47.54927,DEL01-DF,Risco Médio,Baixa
quinta-feira,BR-493,50.0,Amanhecer,Decrescente,Nevoeiro/Neblina,Dupla,Não Informado,-22.67209,-43.28505,DEL01-RJ,Risco Médio,Baixa
segunda-feira,BR-10,254.8,Pleno dia,Decrescente,Céu Claro,Simples,Retorno Regulamentado,-5.517879,-47.47158,DEL04-MA,Risco Baixo,Baixa
terça-feira,BR-101,436.7,Anoitecer,Crescente,Céu Claro,Múltipla,Curva,-29.12087,-49.64252,DEL02-SC,Risco Médio,Alta
domingo,BR-116,713.6,Plena Noite,Decrescente,Garoa/Chuvisco,Simples,Não Informado,-21.19366,-42.37695,DEL07-MG,Risco Médio,Alta
segunda-feira,BR-232,312.6,Plena Noite,Crescente,Céu Claro,Simples,Reta,-8.141986,-37.47043,DEL03-PE,Risco Médio,Baixa
terça-feira,BR-316,7.0,Pleno dia,Decrescente,Céu Claro,Dupla,Reta,-1.3716,-48.3836,DEL01-PA,Risco Médio,Baixa
segunda-feira,BR-381,659.3,Pleno dia,Decrescente,Nublado,Dupla,Não Informado,-21.02449,-44.99763,DEL04-MG,Risco Médio,Alta
terça-feira,BR-319,63.4,Pleno dia,Crescente,Céu Claro,Múltipla,Reta,-8.766685,-63.88405,DEL01-RO,Risco Médio,Baixa
terça-feira,BR-232,7.8,Pleno dia,Decrescente,Céu Claro,Dupla,Reta,-8.073346,-34.96188,DEL01-PE,Risco Baixo,Baixa
sexta-feira,BR-386,347.2,Plena Noite,Crescente,Chuva,Múltipla,Reta,-29.45174,-51.96589,DEL04-RS,Risco Médio,Média
segunda-feira,BR-101,61.4,Plena Noite,Decrescente,Nublado,Simples,Reta,-18.68153,-39.86365,DEL04-ES,Risco Médio,Alta
sábado,BR-20,125.7,Pleno dia,Decrescente,Céu Claro,Simples,Curva,-14.85423,-46.78397,DEL02-DF,Risco Alto,Baixa
sexta-feira,BR-470,3.0,Pleno dia,Crescente,Nublado,Dupla,Não Informado,-26.86194,-48.68162,DEL04-SC,Risco Médio,Baixa
domingo,BR-365,504.0,Pleno dia,Decrescente,Céu Claro,Simples,Reta,-18.95876,-47.2492,DEL10-MG,Risco Médio,Média
domingo,BR-158,115.5,Plena Noite,Crescente,Céu Claro,Simples,Reta,-26.93076,-53.19988,DEL07-SC,Risco Baixo,Baixa
terça-feira,BR-116,106.8,Pleno dia,Crescente,Céu Claro,Simples,Reta,-28.91382,-51.11046,DEL05-RS,Risco Médio,Alta
quarta-feira,BR-369,201.9,Plena Noite,Decrescente,Vento,Simples,Não Informado,-23.54099,-51.4567,DEL07-PR,Risco Médio,Baixa
domingo,BR-40,768.6,Plena Noite,Decrescente,Céu Claro,Simples,Reta,-21.619,-43.4549,DEL05-MG,Risco Médio,Alta
quinta-feira,BR-116,504.5,Pleno dia,Crescente,Nublado,Simples,Reta,-31.58614,-52.27749,DEL07-RS,Risco Médio,Alta
segunda-feira,BR-101,149.1,Pleno dia,Crescente,Chuva,Múltipla,Reta,-27.10896,-48.61278,DEL04-SC,Risco Médio,Alta
quinta-feira,BR-101,353.3,Pleno dia,Crescente,Chuva,Simples,Reta,-13.63097,-39.49344,DEL05-BA,Risco Médio,Alta
segunda-feira,BR-282,3.0,Anoitecer,Crescente,Céu Claro,Múltipla,Reta,-27.6015,-48.59809,DEL01-SC,Risco Baixo,Baixa
sábado,BR-101,257.8,Pleno dia,Decrescente,Céu Claro,Múltipla,Reta,-20.12455,-40.30332,DEL02-ES,Risco Médio,Alta
domingo,BR-116,216.7,Plena Noite,Decrescente,Garoa/Chuvisco,Múltipla,Reta,-23.45476,-46.47249,DEL01-SP,Risco Médio,Alta
sexta-feira,BR-267,297.1,Plena Noite,Crescente,Nublado,Simples,Interseção de vias,-21.93594,-44.87266,DEL17-MG,Risco Baixo,Baixa
terça-feira,BR-116,302.0,Amanhecer,Decrescente,Céu Claro,Dupla,Não Informado,-30.1397,-51.35943,DEL02-RS,Risco Baixo,Alta
segunda-feira,BR-365,656.0,Pleno dia,Decrescente,Garoa/Chuvisco,Dupla,Reta,-18.88179,-48.60754,DEL15-MG,Risco Médio,Média
domingo,BR-101,420.0,Amanhecer,Decrescente,Nublado,Dupla,Reta,-28.9989,-49.5559,DEL02-SC,Risco Médio,Alta
quinta-feira,BR-153,3.0,Pleno dia,Decrescente,Céu Claro,Simples,Reta,-27.39203,-52.00953,DEL08-RS,Risco Baixo,Alta
sexta-feira,BR-101,247.0,Pleno dia,Crescente,Chuva,Dupla,Reta,-10.19937,-36.8206,DEL02-AL,Risco Médio,Alta
terça-feira,BR-393,283.2,Pleno dia,Crescente,Céu Claro,Múltipla,Curva,-22.48888,-44.064,DEL05-RJ,Risco Médio,Média
domingo,BR-232,17.2,Pleno dia,Decrescente,Céu Claro,Dupla,Reta,-8.096016,-35.04525,DEL01-PE,Risco Médio,Baixa
quinta-feira,BR-232,9.7,Anoitecer,Decrescente,Céu Claro,Múltipla,Reta,-8.078847,-34.98467,DEL01-PE,Risco Médio,Baixa
segunda-feira,BR-116,253.5,Pleno dia,Decrescente,Nublado,Dupla,Viaduto,-29.81859,-51.17035,DEL01-RS,Risco Médio,Alta
terça-feira,BR-285,152.8,Pleno dia,Decrescente,Céu Claro,Simples,Curva,-28.3373,-51.15345,DEL05-RS,Risco Médio,Baixa
sábado,BR-116,702.4,Plena Noite,Crescente,Nublado,Simples,Reta,-21.11938,-42.38006,DEL07-MG,Risco Médio,Alta
segunda-feira,BR-282,516.3,Pleno dia,Decrescente,Sol,Simples,Reta,-26.93086,-52.49916,DEL07-SC,Risco Baixo,Baixa
sábado,BR-364,710.0,Amanhecer,Decrescente,Céu Claro,Dupla,Reta,-8.786216,-63.85713,DEL01-RO,Risco Médio,Alta
quinta-feira,BR-101,82.7,Anoitecer,Decrescente,Céu Claro,Dupla,Reta,-8.1768,-34.9443,DEL01-PE,Risco Baixo,Alta
sexta-feira,BR-435,71.0,Pleno dia,Decrescente,Céu Claro,Simples,Curva,-13.09219,-60.36661,DEL04-RO,Risco Médio,Baixa
quarta-feira,BR-135,20.0,Pleno dia,Crescente,Céu Claro,Dupla,Reta,-2.53073,-44.3068,DEL01-MA,Risco Médio,Baixa
quinta-feira,BR-116,269.4,Plena Noite,Crescente,Céu Claro,Simples,Curva,-17.79409,-41.50238,DEL11-MG,Risco Alto,Alta