dia_semana,br,km,fase_dia,sentido_via,condicao_metereologica,tipo_pista,tracado_via,latitude,longitude,delegacia,classificacao_acidente,postos_policiais_PRF
sexta-feira,BR-116,131.0,Pleno dia,Decrescente,Céu Claro,Simples,Curva,-25.42895,-49.26714,DEL01-PR,Risco Baixo,Alta
quinta-feira,BR-470,66.2,Pleno dia,Decrescente,Céu Claro,Simples,Reta,-26.86989,-49.20155,DEL04-SC,Risco Baixo,Baixa
sábado,BR-230,11.0,Pleno dia,Decrescente,Sol,Dupla,Reta,-7.067632,-34.85005,DEL01-PB,Risco Médio,Baixa
sexta-feira,BR-356,268.5,Plena Noite,Decrescente,Nublado,Simples,Reta,-21.12691,-42.34244,DEL07-MG,Risco Médio,Baixa
segunda-feira,BR-376,499.0,Plena Noite,Crescente,Céu Claro,Dupla,Reta,-25.19475,-50.07739,DEL03-PR,Risco Baixo,Baixa
domingo,BR-116,57.0,Plena Noite,Decrescente,Chuva,Simples,Ponte,-22.21209,-42.90069,DEL04-RJ,Risco Médio,Alta
quarta-feira,BR-116,5.7,Pleno dia,Decrescente,Chuva,Dupla,Curva,-25.08301,-48.59995,DEL01-PR,Risco Médio,Alta
terça-feira,BR-324,526.0,Pleno dia,Decrescente,Chuva,Dupla,Reta,-12.3157,-38.8783,DEL01-BA,Risco Médio,Baixa
domingo,BR-101,181.0,Plena Noite,Crescente,Céu Claro,Simples,Reta,-11.36892,-37.64792,DEL02-SE,Risco Baixo,Alta
domingo,BR-470,177.0,Plena Noite,Decrescente,Nublado,Simples,Rotatória,-27.25097,-49.95964,DEL04-SC,Risco Médio,Baixa
domingo,BR-101,193.0,Pleno dia,Crescente,Céu Claro,Múltipla,Reta,-22.47572,-42.08867,DEL02-RJ,Risco Baixo,Alta
segunda-feira,BR-116,457.0,Plena Noite,Crescente,Chuva,Dupla,Reta,-12.41101,-39.18357,DEL02-BA,Risco Médio,Alta
sábado,BR-364,496.5,Pleno dia,Decrescente,Garoa/Chuvisco,Simples,Reta,-15.27668,-56.44276,DEL01-MT,Risco Baixo,Alta
segunda-feira,BR-459,94.2,Pleno dia,Decrescente,Céu Claro,Simples,Reta,-22.18468,-45.98868,DEL13-MG,Risco Alto,Baixa
quarta-feira,BR-251,478.4,Pleno dia,Crescente,Céu Claro,Simples,Reta,-16.47014,-43.47634,DEL12-MG,Risco Médio,Baixa
sexta-feira,BR-316,34.0,Pleno dia,Decrescente,Céu Claro,Dupla,Reta,-1.2923,-48.1692,DEL01-PA,Risco Médio,Baixa
quarta-feira,BR-364,238.9,Anoitecer,Crescente,Nublado,Simples,Interseção de vias,-11.43886,-61.45471,DEL02-RO,Risco Médio,Alta
quarta-feira,BR-369,174.0,Pleno dia,Crescente,Céu Claro,Simples,Reta,-23.31845,-51.37918,DEL07-PR,Risco Médio,Baixa
segunda-feira,BR-40,508.0,Plena Noite,Crescente,Céu Claro,Dupla,Reta,-19.1648,-44.5195,DEL02-MG,Risco Médio,Alta
segunda-feira,BR-101,916.2,Plena Noite,Decrescente,Céu Claro,Simples,Não Informado,-18.05632,-39.87353,DEL09-BA,Risco Médio,Alta
quinta-feira,BR-101,57.5,Pleno dia,Decrescente,Céu Claro,Simples,Reta,-21.69602,-41.31017,DEL08-RJ,Risco Médio,Alta
quinta-feira,BR-163,537.0,Pleno dia,Crescente,Chuva,Simples,Reta,-20.0134,-54.40063,DEL01-MS,Risco Médio,Alta
sábado,BR-116,192.0,Anoitecer,Crescente,Céu Claro,Dupla,Reta,-22.74208,-43.51924,DEL01-RJ,Risco Baixo,Alta
domingo,BR-116,702.2,Pleno dia,Crescente,Céu Claro,Simples,Reta,-21.12396,-42.38092,DEL07-MG,Risco Médio,Alta
quarta-feira,BR-232,7.3,Pleno dia,Decrescente,Céu Claro,Dupla,Reta,-8.07417,-34.96429,DEL01-PE,Risco Médio,Baixa
quinta-feira,BR-376,471.0,Pleno dia,Decrescente,Chuva,Dupla,Reta,-25.0434,-50.26076,DEL03-PR,Risco Médio,Baixa
sábado,BR-364,342.0,Plena Noite,Decrescente,Céu Claro,Simples,Reta,-10.88488,-61.93605,DEL02-RO,Risco Médio,Alta
quarta-feira,BR-153,408.0,Pleno dia,Crescente,Céu Claro,Simples,Reta,-26.03328,-50.83448,DEL08-PR,Risco Médio,Alta
segunda-feira,BR-116,425.0,Pleno dia,Decrescente,Céu Claro,Simples,Não Informado,-12.23737,-38.98,DEL02-BA,Risco Baixo,Alta
quarta-feira,BR-304,101.7,Plena Noite,Crescente,Céu Claro,Simples,Reta,-5.58003,-37.01613,DEL04-RN,Risco Alto,Baixa
segunda-feira,BR-153,86.0,Pleno dia,Decrescente,Céu Claro,Simples,Curva,-27.14958,-51.91122,DEL07-SC,Risco Baixo,Alta
quinta-feira,BR-364,207.0,Pleno dia,Crescente,Céu Claro,Simples,Reta,-11.6028,-61.22968,DEL02-RO,Risco Médio,Alta
quinta-feira,BR-10,251.1,Plena Noite,Crescente,Céu Claro,Simples,Reta,-5.539125,-47.46725,DEL04-MA,Risco Médio,Baixa
segunda-feira,BR-40,650.9,Plena Noite,Crescente,Céu Claro,Simples,Reta,-20.8322,-43.80617,DEL05-MG,Risco Médio,Alta
quarta-feira,BR-101,210.0,Pleno dia,Crescente,Céu Claro,Múltipla,Reta,-27.61704,-48.64617,DEL01-SC,Risco Médio,Alta
terça-feira,BR-101,110.8,Pleno dia,Decrescente,Céu Claro,Simples,Reta,-12.16537,-38.4197,DEL01-BA,Risco Médio,Alta
sábado,BR-324,542.8,Plena Noite,Decrescente,Céu Claro,Dupla,Curva,-12.4028,-38.7551,DEL01-BA,Risco Médio,Baixa
terça-feira,BR-262,364.0,Pleno dia,Decrescente,Chuva,Dupla,Curva,-19.9735,-44.3155,DEL01-MG,Risco Médio,Média
sábado,BR-116,218.0,Plena Noite,Decrescente,Chuva,Múltipla,Reta,-23.4597,-46.4843,DEL01-SP,Risco Médio,Alta
quarta-feira,BR-116,170.0,Pleno dia,Crescente,Nublado,Dupla,Reta,-22.8111,-43.33373,DEL01-RJ,Risco Baixo,Alta
sábado,BR-163,184.9,Pleno dia,Decrescente,Chuva,Dupla,Curva,-25.11886,-53.58616,DEL04-PR,Risco Médio,Alta
domingo,BR-364,332.8,Pleno dia,Crescente,Garoa/Chuvisco,Simples,Reta,-17.39324,-52.74625,DEL05-GO,Risco Alto,Alta
quinta-feira,BR-158,96.4,Pleno dia,Crescente,Céu Claro,Simples,Curva,-27.92981,-53.32389,DEL08-RS,Risco Alto,Baixa
quinta-feira,BR-101,718.0,Pleno dia,Crescente,Céu Claro,Simples,Não Informado,-16.48614,-39.57938,DEL09-BA,Risco Médio,Alta
quinta-feira,BR-163,953.0,Plena Noite,Decrescente,Chuva,Simples,Reta,-2.794152,-54.90076,DEL05-PA,Risco Alto,Alta
domingo,BR-116,79.9,Amanhecer,Decrescente,Nublado,Simples,Reta,-16.27389,-41.48212,DEL11-MG,Risco Médio,Alta
quinta-feira,BR-101,65.6,Pleno dia,Decrescente,Chuva,Simples,Rotatória,-18.71663,-39.87372,DEL04-ES,Risco Médio,Alta
terça-feira,BR-116,415.0,Pleno dia,Crescente,Céu Claro,Simples,Reta,-18.88401,-41.94924,DEL06-MG,Risco Médio,Alta
quarta-feira,BR-317,88.0,Plena Noite,Decrescente,Ignorado,Simples,Reta,-10.13477,-67.70406,DEL01-AC,Risco Médio,Baixa
quarta-feira,BR-101,104.7,Pleno dia,Crescente,Sol,Múltipla,Viaduto,-26.8022,-48.6787,DEL03-SC,Risco Médio,Alta
quarta-feira,BR-364,124.9,Amanhecer,Decrescente,Céu Claro,Simples,Rotatória,-10.01152,-67.7914,DEL01-AC,Risco Médio,Alta
domingo,BR-116,185.0,Plena Noite,Crescente,Céu Claro,Dupla,Reta,-22.74151,-43.45352,DEL01-RJ,Risco Baixo,Alta
domingo,BR-376,547.0,Plena Noite,Crescente,Céu Claro,Dupla,Reta,-25.46047,-49.73127,DEL03-PR,Risco Baixo,Baixa
quinta-feira,BR-386,157.2,Plena Noite,Decrescente,Céu Claro,Simples,Reta,-28.13385,-52.84868,DEL08-RS,Risco Médio,Média
domingo,BR-369,150.2,Amanhecer,Crescente,Céu Claro,Dupla,Reta,-23.29282,-51.16301,DEL07-PR,Risco Médio,Baixa
segunda-feira,BR-116,12.0,Plena Noite,Crescente,Céu Claro,Dupla,Curva,-3.852077,-38.49553,DEL01-CE,Risco Médio,Alta
domingo,BR-153,639.8,Pleno dia,Crescente,Céu Claro,Simples,Reta,-11.4404,-48.98876,DEL02-TO,Risco Médio,Alta
quinta-feira,BR-116,506.1,Pleno dia,Crescente,Céu Claro,Simples,Reta,-19.59809,-42.11207,DEL06-MG,Risco Baixo,Alta
quinta-feira,BR-70,11.0,Amanhecer,Crescente,Nevoeiro/Neblina,Dupla,Reta,-15.78976,-48.14873,DEL01-DF,Risco Médio,Baixa
sábado,BR-116,137.2,Pleno dia,Crescente,Nublado,Dupla,Reta,-22.64787,-43.2293,DEL04-RJ,Risco Médio,Alta
domingo,BR-470,45.6,Plena Noite,Crescente,Garoa/Chuvisco,Simples,Reta,-26.86706,-49.03111,DEL04-SC,Risco Médio,Baixa
domingo,BR-101,296.0,Plena Noite,Crescente,Nublado,Dupla,Reta,-22.76705,-42.9102,DEL02-RJ,Risco Baixo,Alta
domingo,BR-116,245.0,Anoitecer,Decrescente,Nublado,Simples,Reta,-17.59985,-41.49227,DEL11-MG,Risco Médio,Alta
domingo,BR-101,204.9,Plena Noite,Decrescente,Nublado,Simples,Rotatória,-19.7579,-40.3788,DEL02-ES,Risco Médio,Alta
sábado,BR-369,164.0,Pleno dia,Decrescente,Céu Claro,Dupla,Não Informado,-23.29525,-51.29438,DEL07-PR,Risco Baixo,Baixa
terça-feira,BR-376,547.0,Plena Noite,Decrescente,Céu Claro,Dupla,Reta,-25.46047,-49.73127,DEL01-PR,Risco Médio,Baixa
terça-feira,BR-373,180.1,Plena Noite,Crescente,Céu Claro,Dupla,Reta,-25.04005,-50.24494,DEL03-PR,Risco Baixo,Baixa
sábado,BR-381,389.5,Pleno dia,Decrescente,Céu Claro,Dupla,Reta,-19.82576,-43.38513,DEL01-MG,Risco Médio,Alta
domingo,BR-101,219.7,Pleno dia,Decrescente,Chuva,Dupla,Reta,-22.51169,-42.30901,DEL02-RJ,Risco Médio,Alta
segunda-feira,BR-290,177.5,Pleno dia,Decrescente,Chuva,Simples,Reta,-30.13281,-51.98224,DEL02-RS,Risco Médio,Baixa
terça-feira,BR-369,176.0,Plena Noite,Crescente,Céu Claro,Simples,Reta,-23.34338,-51.38696,DEL07-PR,Risco Alto,Baixa
quarta-feira,BR-376,182.0,Pleno dia,Decrescente,Céu Claro,Dupla,Reta,-23.4343,-51.8833,DEL07-PR,Risco Médio,Baixa
segunda-feira,BR-153,466.5,Pleno dia,Decrescente,Chuva,Simples,Desvio Temporário,-26.2771,-51.18087,DEL02-PR,Risco Médio,Alta
sexta-feira,BR-116,47.0,Plena Noite,Decrescente,Céu Claro,Dupla,Reta,-4.1569,-38.4823,DEL01-CE,Risco Médio,Alta
segunda-feira,BR-40,509.0,Pleno dia,Crescente,Céu Claro,Dupla,Reta,-19.771,-44.1266,DEL01-MG,Risco Médio,Alta
terça-feira,BR-392,257.0,Pleno dia,Crescente,Sol,Simples,Não Informado,-30.49675,-53.47704,DEL09-RS,Risco Baixo,Média
sexta-feira,BR-386,339.4,Plena Noite,Decrescente,Chuva,Simples,Reta,-29.41021,-52.02908,DEL04-RS,Risco Alto,Média
domingo,BR-163,1035.0,Plena Noite,Crescente,Ignorado,Simples,Reta,-10.2006,-54.9567,DEL06-MT,Risco Médio,Alta
sábado,BR-101,105.0,Pleno dia,Crescente,Céu Claro,Múltipla,Interseção de vias,-5.901652,-35.25929,DEL01-RN,Risco Médio,Alta
segunda-feira,BR-116,146.0,Plena Noite,Decrescente,Céu Claro,Dupla,Reta,-23.19491,-45.87084,DEL02-SP,Risco Médio,Alta
terça-feira,BR-324,519.0,Anoitecer,Decrescente,Céu Claro,Dupla,Reta,-12.2756,-38.93246,DEL02-BA,Risco Médio,Baixa
quinta-feira,BR-101,43.0,Plena Noite,Decrescente,Nublado,Simples,Interseção de vias,-23.4122,-45.05738,DEL06-SP,Risco Médio,Alta
quarta-feira,BR-476,163.7,Pleno dia,Crescente,Céu Claro,Simples,Não Informado,-25.63364,-49.46001,DEL01-PR,Risco Médio,Baixa
terça-feira,BR-343,305.3,Pleno dia,Decrescente,Céu Claro,Simples,Reta,-5.03444,-42.44338,DEL01-PI,Risco Médio,Baixa
terça-feira,BR-316,7.0,Pleno dia,Decrescente,Céu Claro,Dupla,Reta,-1.366236,-48.3678,DEL01-PA,Risco Baixo,Baixa
sexta-feira,BR-330,797.0,Pleno dia,Decrescente,Céu Claro,Simples,Reta,-13.92327,-40.00455,DEL03-BA,Risco Baixo,Baixa
sexta-feira,BR-381,27.7,Pleno dia,Crescente,Nublado,Dupla,Curva,-23.03377,-46.54362,DEL03-SP,Risco Médio,Alta
segunda-feira,BR-101,150.0,Pleno dia,Crescente,Céu Claro,Simples,Reta,-27.1267,-48.6095,DEL04-SC,Risco Médio,Alta
terça-feira,BR-393,246.0,Pleno dia,Crescente,Nublado,Simples,Curva,-22.4705,-43.8268,DEL05-RJ,Risco Médio,Média
quinta-feira,BR-101,82.7,Pleno dia,Crescente,Céu Claro,Simples,Curva,-21.82353,-41.45804,DEL08-RJ,Risco Médio,Alta
terça-feira,BR-476,252.3,Pleno dia,Crescente,Céu Claro,Simples,Reta,-25.88122,-50.174,DEL02-PR,Risco Médio,Baixa
segunda-feira,BR-116,152.0,Pleno dia,Decrescente,Chuva,Simples,Interseção de vias,-25.83236,-49.3361,DEL01-PR,Risco Baixo,Alta
quinta-feira,BR-277,22.2,Plena Noite,Decrescente,Nublado,Dupla,Reta,-25.52881,-48.74222,DEL01-PR,Risco Médio,Média
domingo,BR-364,527.0,Pleno dia,Decrescente,Céu Claro,Simples,Reta,-9.82714,-63.07045,DEL03-RO,Risco Médio,Alta
segunda-feira,BR-376,514.5,Pleno dia,Crescente,Céu Claro,Dupla,Reta,-25.24415,-50.02498,DEL03-PR,Risco Médio,Baixa
sábado,BR-116,11.0,Plena Noite,Crescente,Céu Claro,Dupla,Não Informado,-3.851327,-38.4956,DEL01-CE,Risco Médio,Alta
terça-feira,BR-101,12.9,Pleno dia,Decrescente,Chuva,Dupla,Desvio Temporário,-6.60556,-35.1402,DEL01-PB,Risco Médio,Alta
segunda-feira,BR-364,527.0,Pleno dia,Crescente,Céu Claro,Simples,Reta,-9.819958,-63.07303,DEL03-RO,Risco Baixo,Alta
sexta-feira,BR-101,104.0,Pleno dia,Crescente,Céu Claro,Simples,Curva,-12.15964,-38.41162,DEL01-BA,Risco Médio,Alta
quinta-feira,BR-392,8.5,Anoitecer,Decrescente,Nublado,Simples,Reta,-32.10247,-52.11069,DEL07-RS,Risco Baixo,Média
quinta-feira,BR-116,440.0,Pleno dia,Crescente,Céu Claro,Dupla,Reta,-24.46885,-47.82224,DEL05-SP,Risco Médio,Alta
quarta-feira,BR-116,212.0,Plena Noite,Decrescente,Céu Claro,Múltipla,Reta,-23.43882,-46.43483,DEL01-SP,Risco Médio,Alta
sábado,BR-407,153.0,Plena Noite,Crescente,Céu Claro,Simples,Reta,-10.70788,-40.12392,DEL04-BA,Risco Alto,Baixa
sexta-feira,BR-364,712.0,Plena Noite,Decrescente,Céu Claro,Dupla,Não Informado,-8.777035,-63.87316,DEL01-RO,Risco Médio,Alta
quinta-feira,BR-101,0.8,Pleno dia,Crescente,Céu Claro,Simples,Interseção de vias,-10.20733,-36.82,DEL02-SE,Risco Médio,Alta
segunda-feira,BR-40,651.4,Pleno dia,Crescente,Nublado,Simples,Não Informado,-20.83853,-43.80015,DEL05-MG,Risco Alto,Alta
sexta-feira,BR-116,315.0,Pleno dia,Decrescente,Céu Claro,Dupla,Curva,-23.93215,-47.06874,DEL04-SP,Risco Médio,Alta
sexta-feira,BR-116,189.8,Pleno dia,Crescente,Céu Claro,Simples,Reta,-25.94705,-49.64359,DEL01-PR,Risco Médio,Alta
sexta-feira,BR-163,819.0,Anoitecer,Crescente,Nublado,Simples,Reta,-11.99468,-55.51704,DEL06-MT,Risco Médio,Alta
sexta-feira,BR-101,149.2,Plena Noite,Crescente,Céu Claro,Dupla,Curva,-9.894027,-36.1411,DEL02-AL,Risco Baixo,Alta
sábado,BR-101,122.0,Pleno dia,Decrescente,Chuva,Simples,Curva,-12.17564,-38.57512,DEL01-BA,Risco Alto,Alta
sábado,BR-116,273.2,Pleno dia,Decrescente,Garoa/Chuvisco,Dupla,Reta,-23.61644,-46.79022,DEL04-SP,Risco Médio,Alta
sábado,BR-101,109.0,Plena Noite,Crescente,Garoa/Chuvisco,Dupla,Reta,-26.8333,-48.6962,DEL03-SC,Risco Médio,Alta
domingo,BR-174,8.0,Plena Noite,Crescente,Céu Claro,Simples,Reta,-15.21483,-59.35442,DEL04-MT,Risco Baixo,Baixa
quarta-feira,BR-135,37.0,Pleno dia,Crescente,Chuva,Dupla,Reta,-2.867093,-44.37482,DEL01-MA,Risco Médio,Baixa
sábado,BR-70,36.0,Pleno dia,Decrescente,Céu Claro,Simples,Reta,-16.07091,-57.70571,DEL07-MT,Risco Médio,Baixa
segunda-feira,BR-116,357.0,Amanhecer,Decrescente,Chuva,Dupla,Não Informado,-24.0988,-47.25461,DEL04-SP,Risco Baixo,Alta
domingo,BR-116,103.0,Plena Noite,Crescente,Chuva,Simples,Não Informado,-22.50316,-42.9991,DEL04-RJ,Risco Médio,Alta
sábado,BR-222,3.0,Pleno dia,Crescente,Céu Claro,Dupla,Não Informado,-3.740377,-38.59569,DEL01-CE,Risco Médio,Baixa
quinta-feira,BR-174,378.8,Plena Noite,Decrescente,Céu Claro,Simples,Reta,-14.54657,-59.54231,DEL04-MT,Risco Alto,Baixa
sexta-feira,BR-304,300.0,Pleno dia,Decrescente,Nublado,Dupla,Reta,-5.873767,-35.31504,DEL01-RN,Risco Médio,Baixa
terça-feira,BR-116,211.2,Pleno dia,Crescente,Céu Claro,Simples,Não Informado,-27.51445,-50.36566,DEL05-SC,Risco Baixo,Alta
sexta-feira,BR-101,197.0,Anoitecer,Decrescente,Céu Claro,Múltipla,Não Informado,-27.5267,-48.6349,DEL01-SC,Risco Médio,Alta
domingo,BR-381,682.3,Plena Noite,Crescente,Nublado,Dupla,Reta,-21.16801,-45.12657,DEL04-MG,Risco Médio,Alta
sábado,BR-116,26.3,Plena Noite,Crescente,Céu Claro,Simples,Reta,-8.069921,-39.13364,DEL05-PE,Risco Baixo,Alta
sexta-feira,BR-280,32.7,Pleno dia,Decrescente,Sol,Simples,Reta,-26.42062,-48.77934,DEL03-SC,Risco Médio,Baixa
domingo,BR-262,45.6,Pleno dia,Crescente,Céu Claro,Simples,Reta,-20.25915,-42.10928,DEL06-MG,Risco Médio,Média
sábado,BR-163,840.0,Pleno dia,Crescente,Céu Claro,Simples,Reta,-11.94214,-55.5163,DEL06-MT,Risco Médio,Alta
domingo,BR-381,507.0,Pleno dia,Crescente,Sol,Múltipla,Curva,-20.05643,-44.28663,DEL01-MG,Risco Baixo,Alta
terça-feira,BR-262,449.8,Pleno dia,Decrescente,Sol,Simples,Reta,-19.85133,-45.02644,DEL08-MG,Risco Médio,Média
sábado,BR-381,492.0,Pleno dia,Decrescente,Sol,Múltipla,Reta,-19.9613,-44.1602,DEL01-MG,Risco Médio,Alta
sábado,BR-304,293.0,Pleno dia,Decrescente,Chuva,Simples,Reta,-5.868462,-35.37603,DEL01-RN,Risco Médio,Baixa
domingo,BR-153,496.0,Plena Noite,Crescente,Céu Claro,Simples,Interseção de vias,-10.16528,-48.88095,DEL01-TO,Risco Médio,Alta
segunda-feira,BR-153,45.6,Anoitecer,Crescente,Chuva,Dupla,Não Informado,-18.78036,-49.07866,DEL15-MG,Risco Médio,Alta
segunda-feira,BR-40,513.0,Pleno dia,Crescente,Nublado,Dupla,Curva,-19.8048,-44.0972,DEL01-MG,Risco Médio,Alta
quarta-feira,BR-101,284.2,Pleno dia,Crescente,Céu Claro,Dupla,Desvio Temporário,-20.24335,-40.36969,DEL01-ES,Risco Médio,Alta
quinta-feira,BR-290,54.0,Pleno dia,Crescente,Céu Claro,Dupla,Reta,-29.91264,-50.7981,DEL03-RS,Risco Médio,Baixa
sexta-feira,BR-222,660.0,Plena Noite,Crescente,Céu Claro,Simples,Não Informado,-4.897725,-47.39135,DEL04-MA,Risco Alto,Baixa
segunda-feira,BR-262,398.9,Pleno dia,Decrescente,Céu Claro,Dupla,Reta,-19.8862,-44.60106,DEL01-MG,Risco Médio,Média
sexta-feira,BR-324,514.8,Plena Noite,Decrescente,Céu Claro,Simples,Retorno Regulamentado,-12.24452,-38.93575,DEL02-BA,Risco Alto,Baixa
terça-feira,BR-116,227.0,Pleno dia,Decrescente,Nublado,Dupla,Reta,-22.66661,-43.84094,DEL07-RJ,Risco Médio,Alta
segunda-feira,BR-101,287.7,Plena Noite,Crescente,Céu Claro,Dupla,Curva,-28.23766,-48.7006,DEL02-SC,Risco Baixo,Alta
domingo,BR-116,182.0,Pleno dia,Decrescente,Céu Claro,Dupla,Reta,-22.75678,-43.43107,DEL01-RJ,Risco Médio,Alta
sexta-feira,BR-365,614.0,Pleno dia,Crescente,Céu Claro,Simples,Rotatória,-18.92433,-48.19996,DEL15-MG,Risco Baixo,Média
terça-feira,BR-293,163.7,Plena Noite,Crescente,Nublado,Simples,Reta,-31.38262,-53.90125,DEL11-RS,Risco Médio,Baixa
sexta-feira,BR-40,121.2,Pleno dia,Crescente,Nublado,Múltipla,Reta,-22.78185,-43.28571,DEL01-RJ,Risco Médio,Alta
quarta-feira,BR-101,46.6,Plena Noite,Crescente,Céu Claro,Múltipla,Reta,-7.87406,-34.90588,DEL01-PE,Risco Médio,Alta
segunda-feira,BR-101,394.4,Plena Noite,Decrescente,Nublado,Simples,Curva,-20.86562,-40.92319,DEL03-ES,Risco Médio,Alta
segunda-feira,BR-116,296.0,Anoitecer,Crescente,Céu Claro,Múltipla,Retorno Regulamentado,-22.44937,-44.32171,DEL07-RJ,Risco Baixo,Alta
domingo,BR-101,105.0,Plena Noite,Crescente,Céu Claro,Dupla,Não Informado,-10.9586,-37.2485,DEL02-SE,Risco Baixo,Alta
domingo,BR-70,18.0,Plena Noite,Decrescente,Céu Claro,Dupla,Reta,-15.79109,-48.21096,DEL01-DF,Risco Médio,Baixa
sexta-feira,BR-20,11.3,Pleno dia,Decrescente,Céu Claro,Dupla,Reta,-15.64654,-47.76642,DEL02-DF,Risco Médio,Baixa
quarta-feira,BR-153,257.2,Plena Noite,Decrescente,Céu Claro,Dupla,Curva,-22.23982,-49.91965,DEL07-SP,Risco Médio,Alta
segunda-feira,BR-101,43.0,Plena Noite,Decrescente,Vento,Múltipla,Reta,-7.847538,-34.90977,DEL01-PE,Risco Médio,Alta
terça-feira,BR-101,111.8,Pleno dia,Decrescente,Nublado,Dupla,Não Informado,-26.84589,-48.72131,DEL04-SC,Risco Médio,Alta
domingo,BR-158,203.0,Plena Noite,Decrescente,Chuva,Dupla,Reta,-23.95339,-52.34975,DEL04-PR,Risco Baixo,Baixa
quarta-feira,BR-101,63.2,Pleno dia,Crescente,Sol,Dupla,Curva,-8.008006,-34.93757,DEL01-PE,Risco Médio,Alta
segunda-feira,BR-369,148.1,Plena Noite,Decrescente,Nublado,Dupla,Não Informado,-23.29312,-51.14316,DEL07-PR,Risco Médio,Baixa
sábado,BR-116,419.0,Pleno dia,Decrescente,Nublado,Dupla,Reta,-12.207,-38.966,DEL02-BA,Risco Médio,Alta
sexta-feira,BR-116,483.5,Amanhecer,Decrescente,Sol,Simples,Reta,-24.72274,-48.05287,DEL05-SP,Risco Baixo,Alta
quarta-feira,BR-110,237.7,Plena Noite,Crescente,Ignorado,Simples,Reta,-9.048038,-38.2493,DEL07-BA,Risco Médio,Baixa
domingo,BR-40,77.0,Anoitecer,Crescente,Chuva,Simples,Curva,-22.48525,-43.22936,DEL06-RJ,Risco Médio,Alta
quarta-feira,BR-40,2.0,Plena Noite,Crescente,Céu Claro,Dupla,Reta,-15.99435,-47.98595,DEL01-DF,Risco Médio,Alta
segunda-feira,BR-262,6.3,Pleno dia,Crescente,Sol,Múltipla,Não Informado,-20.34134,-40.39705,DEL01-ES,Risco Baixo,Média
segunda-feira,BR-381,478.6,Pleno dia,Decrescente,Céu Claro,Múltipla,Reta,-19.96302,-44.04106,DEL01-MG,Risco Médio,Alta
quinta-feira,BR-470,269.0,Pleno dia,Decrescente,Céu Claro,Simples,Não Informado,-29.51993,-51.47336,DEL04-RS,Risco Médio,Baixa
sexta-feira,BR-135,4.0,Plena Noite,Decrescente,Céu Claro,Dupla,Reta,-2.613303,-44.25149,DEL01-MA,Risco Médio,Baixa
sexta-feira,BR-101,29.0,Plena Noite,Decrescente,Nublado,Dupla,Reta,-26.2283,-48.9165,DEL03-SC,Risco Médio,Alta
terça-feira,BR-381,600.2,Plena Noite,Crescente,Céu Claro,Dupla,Não Informado,-20.6031,-44.72059,DEL04-MG,Risco Médio,Alta
segunda-feira,BR-101,134.0,Pleno dia,Crescente,Céu Claro,Simples,Reta,-27.0049,-48.6266,DEL04-SC,Risco Médio,Alta
quarta-feira,BR-381,686.3,Pleno dia,Crescente,Céu Claro,Dupla,Curva,-21.15752,-45.1169,DEL04-MG,Risco Médio,Alta
quinta-feira,BR-40,3.9,Plena Noite,Crescente,Céu Claro,Dupla,Desvio Temporário,-16.07608,-47.98567,DEL01-DF,Risco Médio,Alta
sexta-feira,BR-101,25.0,Anoitecer,Decrescente,Céu Claro,Simples,Reta,-26.18347,-48.91059,DEL03-SC,Risco Médio,Alta
quinta-feira,BR-40,120.0,Anoitecer,Decrescente,Nublado,Múltipla,Reta,-22.77281,-43.28627,DEL01-RJ,Risco Médio,Alta
domingo,BR-153,43.0,Plena Noite,Crescente,Céu Claro,Dupla,Reta,-18.76411,-49.07452,DEL15-MG,Risco Médio,Alta
sexta-feira,BR-116,442.1,Amanhecer,Crescente,Céu Claro,Dupla,Curva,-12.33676,-39.07329,DEL02-BA,Risco Alto,Alta
terça-feira,BR-116,152.7,Plena Noite,Decrescente,Céu Claro,Simples,Não Informado,-29.18575,-51.17424,DEL05-RS,Risco Médio,Alta
terça-feira,BR-101,75.3,Pleno dia,Crescente,Sol,Dupla,Desvio Temporário,-26.55197,-48.71688,DEL03-SC,Risco Médio,Alta
quarta-feira,BR-101,106.3,Plena Noite,Crescente,Céu Claro,Dupla,Reta,-5.910839,-35.26155,DEL01-RN,Risco Médio,Alta
terça-feira,BR-101,195.0,Pleno dia,Decrescente,Nublado,Simples,Reta,-19.70199,-40.32193,DEL04-ES,Risco Médio,Alta
quarta-feira,BR-116,18.0,Anoitecer,Crescente,Céu Claro,Múltipla,Reta,-3.905701,-38.50485,DEL01-CE,Risco Médio,Alta
quarta-feira,BR-285,216.0,Pleno dia,Decrescente,Chuva,Simples,Reta,-28.22243,-51.59523,DEL08-RS,Risco Baixo,Baixa
sexta-feira,BR-381,336.0,Amanhecer,Decrescente,Garoa/Chuvisco,Simples,Não Informado,-19.79437,-43.05519,DEL03-MG,Risco Médio,Alta
sexta-feira,BR-60,614.6,Plena Noite,Decrescente,Céu Claro,Simples,Não Informado,-21.64149,-56.23487,DEL05-MS,Risco Médio,Média
quinta-feira,BR-282,210.7,Plena Noite,Decrescente,Garoa/Chuvisco,Dupla,Não Informado,-27.77858,-50.23181,DEL05-SC,Risco Médio,Baixa
sexta-feira,BR-101,45.0,Pleno dia,Crescente,Céu Claro,Dupla,Interseção de vias,-6.882417,-35.13119,DEL01-PB,Risco Médio,Alta