dia_semana,br,km,fase_dia,sentido_via,condicao_metereologica,tipo_pista,tracado_via,latitude,longitude,delegacia,classificacao_acidente,postos_policiais_PRF
terça-feira,BR-101,195.0,Pleno dia,Decrescente,Sol,Dupla,Reta,-27.5055,-48.6491,DEL01-SC,Risco Médio,Alta
quarta-feira,BR-476,196.0,Plena Noite,Crescente,Nublado,Simples,Rotatória,-25.75344,-49.72575,DEL01-PR,Risco Baixo,Baixa
segunda-feira,BR-116,7.0,Pleno dia,Decrescente,Céu Claro,Dupla,Reta,-3.810731,-38.50075,DEL01-CE,Risco Médio,Alta
terça-feira,BR-356,265.5,Pleno dia,Crescente,Céu Claro,Simples,Não Informado,-21.12729,-42.36915,DEL07-MG,Risco Médio,Baixa
quinta-feira,BR-381,895.0,Plena Noite,Crescente,Chuva,Dupla,Reta,-22.62325,-46.07504,DEL16-MG,Risco Médio,Alta
sexta-feira,BR-376,1.5,Plena Noite,Crescente,Céu Claro,Simples,Reta,-23.5513,-51.46127,DEL01-PR,Risco Médio,Baixa
sexta-feira,BR-116,712.8,Plena Noite,Decrescente,Céu Claro,Simples,Curva,-21.17559,-42.37196,DEL07-MG,Risco Médio,Alta
sexta-feira,BR-381,485.4,Pleno dia,Crescente,Céu Claro,Múltipla,Não Informado,-19.95584,-44.09989,DEL01-MG,Risco Médio,Alta
sábado,BR-101,339.0,Plena Noite,Crescente,Céu Claro,Simples,Não Informado,-20.64347,-40.55827,DEL03-ES,Risco Médio,Alta
terça-feira,BR-116,277.1,Pleno dia,Decrescente,Céu Claro,Dupla,Desvio Temporário,-23.64871,-46.84395,DEL04-SP,Risco Médio,Alta
domingo,BR-101,333.0,Pleno dia,Decrescente,Céu Claro,Dupla,Não Informado,-22.87828,-43.21054,DEL02-RJ,Risco Médio,Alta
segunda-feira,BR-468,123.4,Plena Noite,Crescente,Céu Claro,Simples,Reta,-27.40043,-54.05755,DEL08-RS,Risco Médio,Baixa
sábado,BR-242,605.0,Plena Noite,Crescente,Céu Claro,Simples,Reta,-12.18221,-43.39628,DEL10-BA,Risco Médio,Baixa
segunda-feira,BR-285,430.3,Plena Noite,Crescente,Nublado,Simples,Ponte,-28.32406,-53.64778,DEL10-RS,Risco Médio,Baixa
terça-feira,BR-101,221.8,Pleno dia,Decrescente,Céu Claro,Dupla,Reta,-27.7096,-48.6544,DEL01-SC,Risco Médio,Alta
sábado,BR-381,930.3,Pleno dia,Decrescente,Céu Claro,Dupla,Reta,-22.77938,-46.23978,DEL16-MG,Risco Médio,Alta
sábado,BR-101,316.0,Anoitecer,Decrescente,Céu Claro,Dupla,Reta,-22.8268,-43.0913,DEL02-RJ,Risco Médio,Alta
quinta-feira,BR-116,223.3,Pleno dia,Decrescente,Céu Claro,Simples,Não Informado,-22.65498,-43.82151,DEL07-RJ,Risco Baixo,Alta
domingo,BR-116,17.4,Pleno dia,Crescente,Chuva,Dupla,Não Informado,-25.38904,-49.19066,DEL01-PR,Risco Médio,Alta
quinta-feira,BR-101,120.0,Anoitecer,Crescente,Nublado,Dupla,Reta,-26.91276,-48.712,DEL04-SC,Risco Médio,Alta
domingo,BR-20,400.0,Plena Noite,Crescente,Céu Claro,Simples,Reta,-3.81801,-38.74148,DEL01-CE,Risco Médio,Baixa
sábado,BR-101,87.2,Plena Noite,Decrescente,Chuva,Dupla,Reta,-26.64377,-48.68837,DEL03-SC,Risco Médio,Alta
segunda-feira,BR-277,725.2,Pleno dia,Decrescente,Nublado,Dupla,Desvio Temporário,-25.51097,-54.55123,DEL05-PR,Risco Médio,Média
sábado,BR-116,476.0,Amanhecer,Decrescente,Céu Claro,Dupla,Reta,-24.70068,-48.00545,DEL05-SP,Risco Alto,Alta
domingo,BR-153,509.0,Plena Noite,Decrescente,Chuva,Dupla,Não Informado,-16.7888,-49.2379,DEL01-GO,Risco Médio,Alta
sexta-feira,BR-116,228.0,Pleno dia,Decrescente,Nublado,Múltipla,Reta,-23.5489,-46.6388,DEL01-SP,Risco Baixo,Alta
domingo,BR-50,52.9,Pleno dia,Decrescente,Chuva,Dupla,Não Informado,-18.7514,-48.23697,DEL15-MG,Risco Médio,Média
quinta-feira,BR-230,155.3,Pleno dia,Crescente,Céu Claro,Simples,Reta,-7.2748,-35.9058,DEL02-PB,Risco Médio,Baixa
terça-feira,BR-470,233.0,Plena Noite,Decrescente,Céu Claro,Simples,Reta,-29.30179,-51.48405,DEL06-RS,Risco Médio,Baixa
sábado,BR-235,54.7,Pleno dia,Crescente,Chuva,Simples,Reta,-10.68471,-37.44054,DEL01-SE,Risco Médio,Baixa
quarta-feira,BR-40,790.8,Pleno dia,Crescente,Céu Claro,Dupla,Reta,-21.77131,-43.43619,DEL05-MG,Risco Médio,Alta
sábado,BR-116,218.0,Plena Noite,Decrescente,Nublado,Simples,Reta,-27.56573,-50.37459,DEL05-SC,Risco Médio,Alta
sábado,BR-262,804.0,Anoitecer,Crescente,Céu Claro,Dupla,Interseção de vias,-19.7751,-47.97202,DEL13-MG,Risco Médio,Média
domingo,BR-101,434.0,Plena Noite,Crescente,Céu Claro,Simples,Reta,-29.10291,-49.63601,DEL02-SC,Risco Médio,Alta
sexta-feira,BR-101,138.0,Pleno dia,Crescente,Céu Claro,Simples,Reta,-9.809752,-36.11702,DEL02-AL,Risco Médio,Alta
sábado,BR-465,21.0,Amanhecer,Decrescente,Nublado,Simples,Curva,-22.86194,-43.60147,DEL01-RJ,Risco Baixo,Baixa
segunda-feira,BR-163,112.8,Plena Noite,Decrescente,Céu Claro,Dupla,Reta,-16.54808,-54.67204,DEL02-MT,Risco Baixo,Alta
domingo,BR-343,155.0,Plena Noite,Decrescente,Céu Claro,Simples,Reta,-4.02898,-41.77164,DEL02-PI,Risco Baixo,Baixa
quarta-feira,BR-163,202.0,Pleno dia,Crescente,Nublado,Simples,Desvio Temporário,-25.01364,-53.55458,DEL04-PR,Risco Médio,Alta
sexta-feira,BR-116,54.3,Plena Noite,Crescente,Nublado,Simples,Curva,-4.200862,-38.46979,DEL03-CE,Risco Médio,Alta
segunda-feira,BR-381,532.1,Pleno dia,Crescente,Nublado,Dupla,Curva,-20.17025,-44.37228,DEL04-MG,Risco Baixo,Alta
domingo,BR-316,408.0,Plena Noite,Crescente,Céu Claro,Simples,Reta,-7.3991,-40.72817,DEL04-PI,Risco Baixo,Baixa
sexta-feira,BR-101,451.8,Pleno dia,Decrescente,Nublado,Dupla,Viaduto,-29.18933,-49.75433,DEL02-SC,Risco Baixo,Alta
domingo,BR-153,38.7,Pleno dia,Decrescente,Chuva,Dupla,Curva,-18.72712,-49.1151,DEL15-MG,Risco Baixo,Alta
sábado,BR-381,345.0,Pleno dia,Decrescente,Céu Claro,Simples,Curva,-19.7784,-43.0437,DEL03-MG,Risco Médio,Alta
segunda-feira,BR-101,108.0,Plena Noite,Decrescente,Céu Claro,Dupla,Reta,-8.306702,-35.09303,DEL01-PE,Risco Médio,Alta
domingo,BR-135,43.0,Pleno dia,Crescente,Céu Claro,Simples,Reta,-2.886787,-44.37491,DEL01-MA,Risco Médio,Baixa
domingo,BR-40,509.7,Plena Noite,Decrescente,Céu Claro,Dupla,Não Informado,-19.76776,-44.12849,DEL01-MG,Risco Alto,Alta
terça-feira,BR-116,283.0,Pleno dia,Decrescente,Céu Claro,Dupla,Reta,-23.69297,-46.86353,DEL04-SP,Risco Baixo,Alta
segunda-feira,BR-60,106.9,Plena Noite,Crescente,Céu Claro,Dupla,Reta,-16.43005,-49.01777,DEL02-GO,Risco Médio,Média
quarta-feira,BR-364,423.0,Pleno dia,Crescente,Céu Claro,Simples,Ponte,-10.44726,-62.46416,DEL03-RO,Risco Médio,Alta
domingo,BR-242,572.0,Amanhecer,Crescente,Garoa/Chuvisco,Simples,Curva,-12.08734,-43.15804,DEL10-BA,Risco Baixo,Baixa
sexta-feira,BR-101,135.3,Plena Noite,Decrescente,Céu Claro,Dupla,Reta,-6.15815,-35.22623,DEL01-RN,Risco Médio,Alta
quarta-feira,BR-101,402.0,Pleno dia,Decrescente,Céu Claro,Simples,Viaduto,-20.88915,-40.99004,DEL03-ES,Risco Médio,Alta
sábado,BR-101,208.5,Plena Noite,Crescente,Chuva,Simples,Viaduto,-27.60328,-48.63202,DEL01-SC,Risco Baixo,Alta
segunda-feira,BR-392,352.9,Anoitecer,Crescente,Céu Claro,Simples,Interseção de vias,-29.71546,-53.80962,DEL09-RS,Risco Médio,Média
sábado,BR-116,296.6,Pleno dia,Crescente,Céu Claro,Simples,Reta,-5.83658,-38.55612,DEL05-CE,Risco Médio,Alta
segunda-feira,BR-10,262.0,Plena Noite,Decrescente,Céu Claro,Simples,Reta,-5.445326,-47.47254,DEL04-MA,Risco Alto,Baixa
segunda-feira,BR-101,254.9,Pleno dia,Crescente,Sol,Simples,Reta,-20.11565,-40.31822,DEL02-ES,Risco Médio,Alta
domingo,BR-116,117.5,Pleno dia,Crescente,Céu Claro,Dupla,Reta,-25.56327,-49.30872,DEL01-PR,Risco Médio,Alta
quinta-feira,BR-116,135.0,Plena Noite,Crescente,Céu Claro,Simples,Desvio Temporário,-25.68413,-49.3164,DEL01-PR,Risco Médio,Alta
quinta-feira,BR-101,71.0,Pleno dia,Crescente,Sol,Dupla,Reta,-8.076631,-34.94278,DEL01-PE,Risco Médio,Alta
terça-feira,BR-230,8.0,Plena Noite,Decrescente,Céu Claro,Dupla,Não Informado,-7.035,-34.8426,DEL01-PB,Risco Médio,Baixa
sexta-feira,BR-356,49.0,Pleno dia,Crescente,Nublado,Simples,Curva,-21.25301,-41.78326,DEL08-RJ,Risco Médio,Baixa
sexta-feira,BR-153,62.5,Pleno dia,Crescente,Céu Claro,Dupla,Não Informado,-20.81639,-49.35729,DEL09-SP,Risco Baixo,Alta
quarta-feira,BR-116,205.0,Amanhecer,Crescente,Nublado,Dupla,Reta,-23.41475,-46.36601,DEL01-SP,Risco Médio,Alta
segunda-feira,BR-163,910.0,Plena Noite,Crescente,Céu Claro,Simples,Curva,-11.11912,-55.31033,DEL06-MT,Risco Baixo,Alta
terça-feira,BR-116,236.0,Anoitecer,Crescente,Chuva,Simples,Curva,-22.66633,-43.84705,DEL07-RJ,Risco Baixo,Alta
segunda-feira,BR-80,18.5,Pleno dia,Crescente,Céu Claro,Dupla,Retorno Regulamentado,-15.68426,-48.20514,DEL01-DF,Risco Médio,Baixa
segunda-feira,BR-369,501.3,Pleno dia,Crescente,Céu Claro,Simples,Reta,-24.7919,-53.2884,DEL04-PR,Risco Baixo,Baixa
segunda-feira,BR-163,664.0,Plena Noite,Crescente,Céu Claro,Simples,Reta,-13.36939,-56.07439,DEL06-MT,Risco Médio,Alta
terça-feira,BR-262,19.8,Plena Noite,Decrescente,Nublado,Simples,Curva,-20.24924,-41.90854,DEL06-MG,Risco Médio,Média
domingo,BR-476,138.0,Amanhecer,Crescente,Nublado,Simples,Reta,-25.50933,-49.28679,DEL01-PR,Risco Médio,Baixa
terça-feira,BR-282,479.5,Pleno dia,Crescente,Céu Claro,Simples,Curva,-26.87967,-52.18307,DEL07-SC,Risco Baixo,Baixa
quinta-feira,BR-262,202.0,Plena Noite,Crescente,Céu Claro,Simples,Reta,-20.0,-53.0,DEL07-MS,Risco Médio,Média
terça-feira,BR-101,120.9,Pleno dia,Crescente,Nublado,Dupla,Reta,-26.91983,-48.70903,DEL04-SC,Risco Médio,Alta
terça-feira,BR-476,237.9,Plena Noite,Decrescente,Garoa/Chuvisco,Simples,Não Informado,-25.87473,-50.04536,DEL02-PR,Risco Baixo,Baixa
sexta-feira,BR-285,96.0,Pleno dia,Decrescente,Céu Claro,Simples,Interseção de vias,-28.59743,-50.74264,DEL05-RS,Risco Médio,Baixa
terça-feira,BR-392,655.1,Plena Noite,Decrescente,Céu Claro,Simples,Reta,-28.12343,-54.74918,DEL10-RS,Risco Baixo,Média
terça-feira,BR-376,490.0,Amanhecer,Crescente,Céu Claro,Dupla,Reta,-25.09963,-50.19745,DEL03-PR,Risco Médio,Baixa
quinta-feira,BR-101,295.0,Plena Noite,Decrescente,Chuva,Dupla,Curva,-22.76365,-42.90224,DEL02-RJ,Risco Médio,Alta
domingo,BR-116,451.0,Pleno dia,Crescente,Nublado,Simples,Não Informado,-12.39908,-39.1649,DEL02-BA,Risco Baixo,Alta
terça-feira,BR-277,659.3,Amanhecer,Decrescente,Céu Claro,Dupla,Curva,-25.25128,-53.98387,DEL05-PR,Risco Médio,Média
domingo,BR-290,482.0,Anoitecer,Crescente,Céu Claro,Simples,Rotatória,-30.24129,-54.94474,DEL11-RS,Risco Baixo,Baixa
sábado,BR-116,187.7,Pleno dia,Decrescente,Chuva,Dupla,Reta,-23.35713,-46.20738,DEL01-SP,Risco Médio,Alta
sábado,BR-40,634.4,Pleno dia,Decrescente,Céu Claro,Simples,Reta,-20.68976,-43.79012,DEL05-MG,Risco Médio,Alta
terça-feira,BR-40,2.0,Plena Noite,Decrescente,Ignorado,Dupla,Não Informado,-15.99435,-47.98595,DEL01-DF,Risco Médio,Alta
sexta-feira,BR-101,374.4,Plena Noite,Crescente,Céu Claro,Dupla,Reta,-28.72815,-49.24073,DEL02-SC,Risco Médio,Alta
sexta-feira,BR-222,14.8,Pleno dia,Decrescente,Céu Claro,Simples,Reta,-4.319848,-47.55181,DEL02-PA,Risco Médio,Baixa
quinta-feira,BR-282,4.5,Pleno dia,Decrescente,Céu Claro,Simples,Retorno Regulamentado,-27.59265,-48.60403,DEL01-SC,Risco Baixo,Baixa
segunda-feira,BR-324,516.8,Plena Noite,Crescente,Céu Claro,Simples,Reta,-12.25102,-38.93319,DEL02-BA,Risco Médio,Baixa
terça-feira,BR-116,171.0,Plena Noite,Crescente,Nublado,Múltipla,Reta,-22.80604,-43.3429,DEL01-RJ,Risco Médio,Alta
quinta-feira,BR-381,776.0,Plena Noite,Crescente,Céu Claro,Dupla,Reta,-21.7989,-45.4617,DEL16-MG,Risco Médio,Alta
sábado,BR-448,11.0,Plena Noite,Decrescente,Nublado,Dupla,Interseção de vias,-29.88084,-51.23555,DEL01-RS,Risco Baixo,Baixa
quarta-feira,BR-316,10.0,Pleno dia,Crescente,Sol,Dupla,Reta,-1.365265,-48.35302,DEL01-PA,Risco Médio,Baixa
quarta-feira,BR-116,417.9,Pleno dia,Decrescente,Céu Claro,Simples,Reta,-18.90501,-41.94309,DEL06-MG,Risco Alto,Alta
sexta-feira,BR-364,705.9,Pleno dia,Crescente,Sol,Dupla,Reta,-8.800437,-63.83237,DEL01-RO,Risco Médio,Alta
sábado,BR-369,91.9,Pleno dia,Decrescente,Céu Claro,Simples,Reta,-23.20678,-50.65771,DEL07-PR,Risco Médio,Baixa
quinta-feira,BR-116,198.0,Plena Noite,Crescente,Céu Claro,Múltipla,Reta,-23.40655,-46.31973,DEL01-SP,Risco Médio,Alta
quinta-feira,BR-470,341.7,Plena Noite,Decrescente,Céu Claro,Simples,Interseção de vias,-27.52786,-51.3805,DEL07-SC,Risco Médio,Baixa
sexta-feira,BR-135,23.1,Pleno dia,Decrescente,Chuva,Simples,Retorno Regulamentado,-2.752656,-44.34833,DEL01-MA,Risco Baixo,Baixa
sexta-feira,BR-267,238.3,Pleno dia,Crescente,Céu Claro,Simples,Reta,-21.46629,-54.38433,DEL02-MS,Risco Baixo,Baixa
segunda-feira,BR-101,258.1,Pleno dia,Decrescente,Sol,Dupla,Não Informado,-20.1306,-40.2961,DEL02-ES,Risco Médio,Alta
quarta-feira,BR-116,163.0,Anoitecer,Crescente,Céu Claro,Múltipla,Reta,-22.81717,-43.32248,DEL01-RJ,Risco Médio,Alta
sábado,BR-381,86.0,Plena Noite,Decrescente,Céu Claro,Múltipla,Reta,-23.4593,-46.57161,DEL03-SP,Risco Alto,Alta
sábado,BR-101,162.9,Pleno dia,Crescente,Sol,Dupla,Viaduto,-27.2325,-48.6299,DEL04-SC,Risco Médio,Alta
sexta-feira,BR-116,421.0,Pleno dia,Crescente,Sol,Dupla,Rotatória,-12.21194,-38.96567,DEL02-BA,Risco Médio,Alta
sexta-feira,BR-259,90.8,Plena Noite,Crescente,Céu Claro,Simples,Reta,-19.50862,-40.91647,DEL02-ES,Risco Médio,Baixa
segunda-feira,BR-116,118.0,Plena Noite,Crescente,Céu Claro,Dupla,Reta,-25.54657,-49.29174,DEL01-PR,Risco Médio,Alta
domingo,BR-262,394.0,Pleno dia,Crescente,Céu Claro,Dupla,Não Informado,-19.9187,-44.49079,DEL01-MG,Risco Médio,Média
quarta-feira,BR-116,51.0,Plena Noite,Crescente,Chuva,Dupla,Curva,-25.2472,-48.9048,DEL01-PR,Risco Baixo,Alta
domingo,BR-316,605.3,Pleno dia,Crescente,Céu Claro,Simples,Reta,-5.047525,-42.91575,DEL03-MA,Risco Médio,Baixa
segunda-feira,BR-376,253.9,Plena Noite,Crescente,Céu Claro,Dupla,Reta,-23.65862,-51.37193,DEL07-PR,Risco Médio,Baixa
quinta-feira,BR-364,277.4,Pleno dia,Decrescente,Céu Claro,Simples,Desvio Temporário,-15.95077,-54.99952,DEL02-MT,Risco Baixo,Alta
sábado,BR-101,180.9,Plena Noite,Crescente,Céu Claro,Dupla,Reta,-27.38112,-48.63091,DEL01-SC,Risco Médio,Alta
domingo,BR-101,233.8,Plena Noite,Crescente,Céu Claro,Dupla,Reta,-27.80376,-48.63826,DEL01-SC,Risco Baixo,Alta
quarta-feira,BR-116,125.0,Pleno dia,Decrescente,Sol,Simples,Reta,-16.64445,-41.5013,DEL11-MG,Risco Médio,Alta
sexta-feira,BR-290,153.2,Pleno dia,Decrescente,Sol,Simples,Reta,-30.10565,-51.73777,DEL02-RS,Risco Baixo,Baixa
sábado,BR-40,617.0,Plena Noite,Crescente,Chuva,Simples,Reta,-20.5647,-43.8114,DEL05-MG,Risco Médio,Alta
quinta-feira,BR-101,159.0,Plena Noite,Crescente,Céu Claro,Dupla,Reta,-27.2072,-48.619,DEL04-SC,Risco Médio,Alta
domingo,BR-101,326.0,Pleno dia,Decrescente,Céu Claro,Dupla,Não Informado,-28.42524,-48.94303,DEL02-SC,Risco Médio,Alta
segunda-feira,BR-381,925.1,Pleno dia,Crescente,Chuva,Dupla,Não Informado,-22.77111,-46.19923,DEL16-MG,Risco Médio,Alta
quarta-feira,BR-277,588.0,Pleno dia,Decrescente,Céu Claro,Simples,Reta,-24.9563,-53.45573,DEL04-PR,Risco Médio,Média
domingo,BR-116,515.9,Plena Noite,Crescente,Céu Claro,Dupla,Reta,-31.66114,-52.33868,DEL07-RS,Risco Baixo,Alta
sexta-feira,BR-153,199.9,Pleno dia,Decrescente,Céu Claro,Simples,Não Informado,-21.81094,-49.90138,DEL07-SP,Risco Baixo,Alta
domingo,BR-277,123.0,Pleno dia,Decrescente,Nublado,Dupla,Reta,-25.44558,-49.46925,DEL01-PR,Risco Baixo,Média
segunda-feira,BR-364,423.0,Pleno dia,Crescente,Céu Claro,Simples,Não Informado,-10.45221,-62.46072,DEL03-RO,Risco Médio,Alta
sábado,BR-116,202.0,Plena Noite,Crescente,Céu Claro,Dupla,Reta,-23.40809,-46.3386,DEL01-SP,Risco Médio,Alta
sexta-feira,BR-101,414.6,Plena Noite,Decrescente,Céu Claro,Dupla,Curva,-28.87801,-49.45745,DEL02-SC,Risco Médio,Alta
quarta-feira,BR-101,334.0,Pleno dia,Decrescente,Céu Claro,Múltipla,Não Informado,-28.4701,-49.0169,DEL02-SC,Risco Médio,Alta
segunda-feira,BR-386,266.6,Pleno dia,Decrescente,Nevoeiro/Neblina,Simples,Reta,-28.93692,-52.37606,DEL04-RS,Risco Médio,Média
sábado,BR-101,289.0,Plena Noite,Decrescente,Céu Claro,Dupla,Curva,-28.27354,-48.6999,DEL02-SC,Risco Baixo,Alta
quarta-feira,BR-423,95.6,Pleno dia,Decrescente,Nublado,Simples,Curva,-8.87892,-36.47796,DEL03-PE,Risco Médio,Baixa
sábado,BR-101,517.0,Pleno dia,Crescente,Céu Claro,Simples,Curva,-23.00098,-44.44227,DEL03-RJ,Risco Médio,Alta
quarta-feira,BR-280,53.7,Plena Noite,Decrescente,Céu Claro,Simples,Reta,-26.47237,-48.97427,DEL03-SC,Risco Médio,Baixa
sexta-feira,BR-40,121.0,Pleno dia,Crescente,Céu Claro,Simples,Reta,-17.6639,-46.35562,DEL14-MG,Risco Médio,Alta
quarta-feira,BR-316,318.0,Pleno dia,Crescente,Céu Claro,Simples,Reta,-7.086065,-41.40601,DEL04-PI,Risco Médio,Baixa
sexta-feira,BR-60,131.3,Anoitecer,Decrescente,Céu Claro,Dupla,Curva,-16.5754,-49.1602,DEL01-GO,Risco Médio,Média
quinta-feira,BR-163,949.0,Pleno dia,Decrescente,Céu Claro,Simples,Desvio Temporário,-11.01706,-55.25615,DEL06-MT,Risco Baixo,Alta
domingo,BR-101,180.0,Plena Noite,Crescente,Céu Claro,Simples,Curva,-11.3651,-37.6393,DEL02-SE,Risco Médio,Alta
terça-feira,BR-428,135.0,Pleno dia,Crescente,Céu Claro,Simples,Reta,-8.9725,-40.237,DEL06-PE,Risco Baixo,Baixa
sábado,BR-407,3.8,Pleno dia,Decrescente,Céu Claro,Simples,Reta,-9.43134,-40.49823,DEL06-PE,Risco Médio,Baixa
quarta-feira,BR-101,76.0,Plena Noite,Decrescente,Céu Claro,Dupla,Reta,-8.120599,-34.94282,DEL01-PE,Risco Alto,Alta
terça-feira,BR-101,269.0,Pleno dia,Crescente,Céu Claro,Múltipla,Reta,-20.2174,-40.26991,DEL02-ES,Risco Médio,Alta
quarta-feira,BR-365,757.0,Plena Noite,Crescente,Céu Claro,Dupla,Rotatória,-18.96359,-49.47738,DEL15-MG,Risco Baixo,Média
quarta-feira,BR-158,6.0,Pleno dia,Decrescente,Sol,Simples,Reta,-15.91929,-52.21483,DEL04-GO,Risco Médio,Baixa
segunda-feira,BR-470,56.3,Pleno dia,Crescente,Céu Claro,Simples,Reta,-26.87674,-49.12774,DEL04-SC,Risco Médio,Baixa
sexta-feira,BR-174,497.4,Pleno dia,Decrescente,Céu Claro,Dupla,Reta,2.763303,-60.7256,DEL01-RR,Risco Médio,Baixa
quarta-feira,BR-116,148.9,Pleno dia,Crescente,Céu Claro,Simples,Curva,-27.01295,-50.42072,DEL06-SC,Risco Baixo,Alta
quarta-feira,BR-174,124.6,Pleno dia,Crescente,Céu Claro,Simples,Curva,-15.81664,-58.08381,DEL03-MT,Risco Médio,Baixa
sábado,BR-407,2.6,Pleno dia,Decrescente,Céu Claro,Simples,Rotatória,-9.425092,-40.50358,DEL06-PE,Risco Médio,Baixa
terça-feira,BR-277,349.6,Pleno dia,Crescente,Céu Claro,Simples,Não Informado,-25.33928,-51.4288,DEL03-PR,Risco Médio,Média
quarta-feira,BR-282,533.3,Pleno dia,Decrescente,Céu Claro,Simples,Não Informado,-27.0968,-52.6186,DEL07-SC,Risco Baixo,Baixa
sábado,BR-222,120.7,Plena Noite,Crescente,Céu Claro,Simples,Reta,-3.709412,-39.56863,DEL04-CE,Risco Alto,Baixa
quinta-feira,BR-101,43.0,Pleno dia,Crescente,Céu Claro,Simples,Reta,-18.52562,-39.91069,DEL04-ES,Risco Médio,Alta
terça-feira,BR-470,71.8,Anoitecer,Crescente,Céu Claro,Simples,Interseção de vias,-26.90064,-49.26757,DEL04-SC,Risco Médio,Baixa
terça-feira,BR-116,360.0,Plena Noite,Crescente,Nublado,Simples,Reta,-11.67414,-38.99715,DEL02-BA,Risco Médio,Alta
sábado,BR-60,113.0,Pleno dia,Crescente,Céu Claro,Dupla,Reta,-16.4572,-49.0567,DEL01-GO,Risco Baixo,Média
sexta-feira,BR-101,199.0,Plena Noite,Decrescente,Céu Claro,Simples,Reta,-27.53414,-48.63003,DEL01-SC,Risco Médio,Alta
quinta-feira,BR-376,0.0,Pleno dia,Crescente,Céu Claro,Dupla,Não Informado,-23.40961,-51.98747,DEL07-PR,Risco Médio,Baixa
domingo,BR-392,45.5,Plena Noite,Decrescente,Nublado,Dupla,Reta,-31.9115,-52.31528,DEL07-RS,Risco Médio,Média
sexta-feira,BR-116,128.0,Pleno dia,Decrescente,Céu Claro,Dupla,Reta,-22.66571,-43.10092,DEL02-RJ,Risco Médio,Alta
quarta-feira,BR-242,430.3,Pleno dia,Crescente,Céu Claro,Simples,Reta,-11.89032,-49.35026,DEL02-TO,Risco Médio,Baixa
quinta-feira,BR-101,205.9,Plena Noite,Crescente,Nublado,Múltipla,Reta,-27.58313,-48.61533,DEL01-SC,Risco Médio,Alta
segunda-feira,BR-101,201.0,Pleno dia,Crescente,Céu Claro,Múltipla,Reta,-27.5572,-48.6188,DEL01-SC,Risco Baixo,Alta
sexta-feira,BR-60,125.2,Pleno dia,Decrescente,Garoa/Chuvisco,Dupla,Reta,-16.52983,-49.14092,DEL01-GO,Risco Baixo,Média
domingo,BR-116,276.0,Pleno dia,Decrescente,Céu Claro,Dupla,Reta,-23.64262,-46.83811,DEL04-SP,Risco Médio,Alta
terça-feira,BR-116,173.0,Plena Noite,Crescente,Céu Claro,Simples,Reta,-25.8948,-49.54614,DEL01-PR,Risco Médio,Alta
domingo,BR-364,735.0,Plena Noite,Crescente,Céu Claro,Simples,Interseção de vias,-8.936826,-63.97654,DEL01-RO,Risco Médio,Alta
domingo,BR-101,4.1,Amanhecer,Decrescente,Nublado,Simples,Não Informado,-18.20224,-39.93045,DEL04-ES,Risco Médio,Alta
domingo,BR-376,490.1,Pleno dia,Decrescente,Nublado,Dupla,Reta,-25.10335,-50.19647,DEL03-PR,Risco Médio,Baixa
sábado,BR-101,52.0,Pleno dia,Decrescente,Céu Claro,Simples,Curva,-23.46721,-45.06299,DEL06-SP,Risco Médio,Alta
segunda-feira,BR-101,49.9,Pleno dia,Crescente,Nublado,Múltipla,Reta,-7.906657,-34.90213,DEL01-PE,Risco Médio,Alta
sexta-feira,BR-158,113.3,Pleno dia,Decrescente,Chuva,Simples,Reta,-28.00586,-53.34139,DEL08-RS,Risco Alto,Baixa
sábado,BR-40,98.0,Pleno dia,Crescente,Chuva,Simples,Não Informado,-16.76883,-47.59225,DEL01-DF,Risco Médio,Alta
sexta-feira,BR-277,0.8,Plena Noite,Crescente,Garoa/Chuvisco,Simples,Reta,-25.5682,-48.61529,DEL01-PR,Risco Médio,Média
quinta-feira,BR-392,119.8,Plena Noite,Decrescente,Céu Claro,Simples,Curva,-31.39295,-52.68763,DEL07-RS,Risco Baixo,Média
domingo,BR-316,258.3,Pleno dia,Crescente,Céu Claro,Simples,Reta,-9.591383,-35.92309,DEL02-AL,Risco Médio,Baixa
quarta-feira,BR-101,31.0,Plena Noite,Decrescente,Céu Claro,Simples,Reta,-18.48209,-39.92466,DEL04-ES,Risco Médio,Alta
domingo,BR-232,213.5,Plena Noite,Crescente,Céu Claro,Simples,Não Informado,-8.376621,-36.72174,DEL03-PE,Risco Médio,Baixa
segunda-feira,BR-373,261.0,Anoitecer,Decrescente,Céu Claro,Simples,Retorno Regulamentado,-25.20786,-50.93986,DEL03-PR,Risco Baixo,Baixa
sexta-feira,BR-408,84.4,Pleno dia,Decrescente,Chuva,Dupla,Curva,-7.954064,-35.10744,DEL01-PE,Risco Médio,Baixa
terça-feira,BR-135,110.0,Pleno dia,Decrescente,Chuva,Simples,Curva,-7.534732,-43.92038,DEL03-PI,Risco Baixo,Baixa
quarta-feira,BR-153,491.0,Pleno dia,Crescente,Céu Claro,Múltipla,Não Informado,-16.639,-49.2063,DEL01-GO,Risco Médio,Alta
quinta-feira,BR-70,54.5,Pleno dia,Crescente,Chuva,Simples,Não Informado,-15.71368,-52.66575,DEL07-MT,Risco Médio,Baixa
terça-feira,BR-116,271.0,Amanhecer,Crescente,Chuva,Dupla,Reta,-23.61809,-46.80556,DEL04-SP,Risco Alto,Alta