dia_semana,br,km,fase_dia,sentido_via,condicao_metereologica,tipo_pista,tracado_via,latitude,longitude,delegacia,classificacao_acidente,postos_policiais_PRF
quarta-feira,BR-40,24.0,Plena Noite,Crescente,Céu Claro,Dupla,Não Informado,-16.25274,-47.90044,DEL01-DF,Risco Médio,Alta
sábado,BR-116,182.5,Amanhecer,Crescente,Céu Claro,Dupla,Reta,-22.75678,-43.43107,DEL01-RJ,Risco Médio,Alta
quarta-feira,BR-381,407.0,Pleno dia,Decrescente,Céu Claro,Simples,Não Informado,-19.7506,-43.5425,DEL01-MG,Risco Médio,Alta
quinta-feira,BR-354,745.3,Plena Noite,Crescente,Céu Claro,Simples,Não Informado,-22.25323,-44.93086,DEL17-MG,Risco Médio,Baixa
sexta-feira,BR-343,341.0,Plena Noite,Decrescente,Céu Claro,Múltipla,Reta,-5.077812,-42.74426,DEL01-PI,Risco Médio,Baixa
sexta-feira,BR-435,103.5,Plena Noite,Decrescente,Céu Claro,Simples,Curva,-13.22925,-60.75894,DEL04-RO,Risco Médio,Baixa
terça-feira,BR-40,718.0,Pleno dia,Decrescente,Chuva,Dupla,Curva,-21.2916,-43.6372,DEL05-MG,Risco Médio,Alta
domingo,BR-476,104.7,Plena Noite,Crescente,Céu Claro,Dupla,Reta,-24.91469,-53.50234,DEL01-PR,Risco Alto,Baixa
sábado,BR-153,367.0,Plena Noite,Crescente,Chuva,Simples,Reta,-25.73325,-50.79682,DEL03-PR,Risco Baixo,Alta
quarta-feira,BR-60,117.2,Pleno dia,Crescente,Céu Claro,Dupla,Interseção de vias,-16.4789,-49.0864,DEL01-GO,Risco Médio,Média
terça-feira,BR-101,51.0,Pleno dia,Decrescente,Céu Claro,Simples,Reta,-23.45628,-45.07112,DEL06-SP,Risco Médio,Alta
quarta-feira,BR-116,243.5,Anoitecer,Decrescente,Chuva,Dupla,Viaduto,-29.73045,-51.14936,DEL01-RS,Risco Médio,Alta
terça-feira,BR-50,168.0,Plena Noite,Crescente,Nublado,Dupla,Não Informado,-19.71879,-47.97991,DEL13-MG,Risco Médio,Média
terça-feira,BR-40,95.9,Plena Noite,Crescente,Céu Claro,Simples,Desvio Temporário,-16.75055,-47.60755,DEL01-DF,Risco Médio,Alta
quarta-feira,BR-135,171.0,Amanhecer,Decrescente,Céu Claro,Simples,Reta,-12.1075,-44.98153,DEL10-BA,Risco Médio,Baixa
sábado,BR-60,118.8,Pleno dia,Decrescente,Céu Claro,Dupla,Não Informado,-16.4848,-49.0935,DEL01-GO,Risco Médio,Média
terça-feira,BR-407,106.5,Plena Noite,Decrescente,Céu Claro,Simples,Reta,-9.2372,-40.61865,DEL06-PE,Risco Baixo,Baixa
sábado,BR-282,460.0,Plena Noite,Crescente,Nevoeiro/Neblina,Simples,Reta,-26.85606,-52.03215,DEL07-SC,Risco Médio,Baixa
domingo,BR-101,325.0,Pleno dia,Crescente,Céu Claro,Dupla,Reta,-22.87293,-43.13626,DEL02-RJ,Risco Médio,Alta
sábado,BR-290,110.0,Pleno dia,Decrescente,Céu Claro,Dupla,Reta,-30.02355,-51.32109,DEL02-RS,Risco Médio,Baixa
domingo,BR-290,107.0,Amanhecer,Decrescente,Chuva,Dupla,Reta,-30.00185,-51.30426,DEL02-RS,Risco Baixo,Baixa
sexta-feira,BR-277,659.0,Pleno dia,Crescente,Sol,Dupla,Não Informado,-25.24664,-53.98335,DEL05-PR,Risco Médio,Média
domingo,BR-101,127.9,Pleno dia,Decrescente,Céu Claro,Dupla,Reta,-26.96393,-48.68328,DEL04-SC,Risco Médio,Alta
segunda-feira,BR-101,208.0,Pleno dia,Crescente,Chuva,Dupla,Reta,-27.60328,-48.63202,DEL01-SC,Risco Médio,Alta
domingo,BR-116,557.1,Pleno dia,Crescente,Céu Claro,Simples,Curva,-20.0123,-42.16117,DEL06-MG,Risco Médio,Alta
domingo,BR-471,171.9,Plena Noite,Decrescente,Céu Claro,Simples,Desvio Temporário,-30.00571,-52.36783,DEL02-RS,Risco Médio,Baixa
sábado,BR-476,116.7,Pleno dia,Crescente,Céu Claro,Dupla,Reta,-25.34996,-49.16642,DEL01-PR,Risco Médio,Baixa
quarta-feira,BR-163,485.0,Pleno dia,Decrescente,Céu Claro,Simples,Reta,-20.44234,-54.54202,DEL01-MS,Risco Alto,Alta
quarta-feira,BR-40,10.1,Pleno dia,Crescente,Céu Claro,Dupla,Reta,-16.13128,-47.95792,DEL01-DF,Risco Baixo,Alta
sábado,BR-381,528.0,Pleno dia,Crescente,Céu Claro,Dupla,Curva,-20.1667,-44.3321,DEL04-MG,Risco Baixo,Alta
sexta-feira,BR-163,1004.0,Pleno dia,Crescente,Céu Claro,Dupla,Reta,-2.436996,-54.7331,DEL05-PA,Risco Médio,Alta
sábado,BR-101,85.3,Pleno dia,Crescente,Céu Claro,Dupla,Não Informado,-5.777664,-35.24937,DEL02-RN,Risco Baixo,Alta
quarta-feira,BR-163,49.6,Plena Noite,Decrescente,Céu Claro,Simples,Desvio Temporário,-23.705,-54.26921,DEL09-MS,Risco Médio,Alta
domingo,BR-222,34.0,Plena Noite,Crescente,Céu Claro,Simples,Reta,-3.702964,-38.85573,DEL01-CE,Risco Médio,Baixa
quinta-feira,BR-381,19.0,Pleno dia,Crescente,Céu Claro,Simples,Não Informado,-22.98142,-46.49611,DEL03-SP,Risco Médio,Alta
sábado,BR-280,233.6,Amanhecer,Decrescente,Céu Claro,Simples,Reta,-26.19146,-50.39215,DEL06-SC,Risco Baixo,Baixa
segunda-feira,BR-381,726.7,Pleno dia,Decrescente,Céu Claro,Dupla,Não Informado,-21.47844,-45.20112,DEL04-MG,Risco Médio,Alta
quinta-feira,BR-282,4.4,Plena Noite,Decrescente,Céu Claro,Simples,Reta,-27.59265,-48.60403,DEL01-SC,Risco Médio,Baixa
quarta-feira,BR-101,152.0,Pleno dia,Decrescente,Céu Claro,Simples,Não Informado,-27.1448,-48.6102,DEL04-SC,Risco Médio,Alta
terça-feira,BR-319,59.5,Plena Noite,Decrescente,Nublado,Dupla,Interseção de vias,-8.742452,-63.9026,DEL01-RO,Risco Baixo,Baixa
sábado,BR-101,149.0,Pleno dia,Decrescente,Nublado,Múltipla,Reta,-19.39619,-40.06436,DEL04-ES,Risco Médio,Alta
quarta-feira,BR-376,659.3,Pleno dia,Crescente,Céu Claro,Dupla,Curva,-25.85405,-49.00726,DEL01-PR,Risco Baixo,Baixa
sexta-feira,BR-428,182.0,Plena Noite,Crescente,Céu Claro,Simples,Reta,-9.325,-40.4626,DEL06-PE,Risco Alto,Baixa
terça-feira,BR-101,54.0,Pleno dia,Decrescente,Céu Claro,Dupla,Reta,-6.953964,-35.09058,DEL01-PB,Risco Médio,Alta
sexta-feira,BR-470,172.5,Pleno dia,Decrescente,Céu Claro,Simples,Reta,-27.25753,-49.90959,DEL04-SC,Risco Médio,Baixa
quinta-feira,BR-101,228.0,Plena Noite,Crescente,Céu Claro,Simples,Reta,-19.91869,-40.40571,DEL02-ES,Risco Médio,Alta
segunda-feira,BR-101,150.0,Pleno dia,Decrescente,Céu Claro,Dupla,Reta,-27.11745,-48.60941,DEL04-SC,Risco Médio,Alta
terça-feira,BR-50,158.5,Pleno dia,Crescente,Sol,Dupla,Retorno Regulamentado,-19.63739,-48.01105,DEL13-MG,Risco Baixo,Média
domingo,BR-262,4.3,Pleno dia,Decrescente,Sol,Múltipla,Reta,-20.33609,-40.37813,DEL01-ES,Risco Médio,Média
terça-feira,BR-163,431.1,Pleno dia,Decrescente,Nublado,Dupla,Reta,-20.89246,-54.503,DEL01-MS,Risco Médio,Alta
quinta-feira,BR-174,505.0,Pleno dia,Decrescente,Céu Claro,Simples,Rotatória,2.805917,-60.69062,DEL01-RR,Risco Médio,Baixa
sábado,BR-153,499.9,Plena Noite,Crescente,Chuva,Dupla,Reta,-16.7118,-49.2324,DEL01-GO,Risco Médio,Alta
terça-feira,BR-116,243.5,Pleno dia,Decrescente,Céu Claro,Dupla,Reta,-29.73283,-51.14944,DEL01-RS,Risco Médio,Alta
domingo,BR-101,56.6,Pleno dia,Crescente,Céu Claro,Simples,Reta,-21.68714,-41.31064,DEL08-RJ,Risco Médio,Alta
sábado,BR-101,489.3,Plena Noite,Crescente,Chuva,Simples,Curva,-14.68477,-39.36431,DEL05-BA,Risco Médio,Alta
sexta-feira,BR-116,150.3,Pleno dia,Decrescente,Céu Claro,Dupla,Reta,-23.21336,-45.89306,DEL02-SP,Risco Baixo,Alta
quinta-feira,BR-365,399.0,Plena Noite,Decrescente,Nublado,Simples,Reta,-18.63131,-46.41739,DEL10-MG,Risco Alto,Média
sexta-feira,BR-110,401.0,Plena Noite,Crescente,Nublado,Simples,Reta,-12.5625,-38.52718,DEL01-BA,Risco Baixo,Baixa
domingo,BR-365,324.8,Plena Noite,Crescente,Chuva,Simples,Desvio Temporário,-18.28696,-45.92076,DEL10-MG,Risco Médio,Média
sexta-feira,BR-116,4.6,Pleno dia,Decrescente,Céu Claro,Dupla,Reta,-3.7956,-38.507,DEL01-CE,Risco Médio,Alta
terça-feira,BR-116,550.3,Pleno dia,Decrescente,Chuva,Dupla,Curva,-24.96696,-48.46919,DEL05-SP,Risco Baixo,Alta
segunda-feira,BR-163,1071.0,Plena Noite,Crescente,Céu Claro,Simples,Reta,-10.034,-54.90986,DEL06-MT,Risco Alto,Alta
terça-feira,BR-146,489.6,Pleno dia,Decrescente,Céu Claro,Dupla,Não Informado,-21.80795,-46.47158,DEL09-MG,Risco Médio,Baixa
sábado,BR-101,53.0,Pleno dia,Crescente,Nublado,Dupla,Curva,-26.3401,-48.8589,DEL03-SC,Risco Médio,Alta
terça-feira,BR-235,47.5,Anoitecer,Crescente,Nublado,Simples,Não Informado,-10.72327,-37.41793,DEL01-SE,Risco Baixo,Baixa
quarta-feira,BR-364,555.5,Pleno dia,Crescente,Sol,Dupla,Reta,-14.81342,-56.42026,DEL01-MT,Risco Médio,Alta
quinta-feira,BR-40,672.9,Plena Noite,Decrescente,Céu Claro,Simples,Curva,-20.98067,-43.78258,DEL05-MG,Risco Médio,Alta
quinta-feira,BR-277,726.4,Plena Noite,Crescente,Céu Claro,Dupla,Rotatória,-25.51011,-54.55929,DEL05-PR,Risco Médio,Média
quarta-feira,BR-435,123.0,Plena Noite,Decrescente,Céu Claro,Dupla,Interseção de vias,-13.1889,-60.819,DEL04-RO,Risco Médio,Baixa
terça-feira,BR-101,88.0,Pleno dia,Decrescente,Céu Claro,Dupla,Interseção de vias,-26.6597,-48.6883,DEL03-SC,Risco Médio,Alta
terça-feira,BR-364,343.3,Pleno dia,Decrescente,Céu Claro,Simples,Interseção de vias,-10.87777,-61.9471,DEL02-RO,Risco Médio,Alta
quinta-feira,BR-116,143.0,Pleno dia,Decrescente,Céu Claro,Simples,Reta,-22.65237,-43.23918,DEL01-RJ,Risco Baixo,Alta
segunda-feira,BR-40,123.0,Amanhecer,Crescente,Chuva,Dupla,Reta,-16.86744,-47.39585,DEL01-DF,Risco Médio,Alta
terça-feira,BR-101,217.4,Pleno dia,Decrescente,Chuva,Dupla,Curva,-10.03,-36.63,DEL02-AL,Risco Baixo,Alta
sexta-feira,BR-174,122.0,Anoitecer,Decrescente,Garoa/Chuvisco,Simples,Desvio Temporário,-15.82743,-58.07244,DEL03-MT,Risco Baixo,Baixa
sexta-feira,BR-376,490.3,Plena Noite,Decrescente,Céu Claro,Dupla,Viaduto,-25.10323,-50.19632,DEL03-PR,Risco Baixo,Baixa
sexta-feira,BR-116,49.1,Pleno dia,Crescente,Céu Claro,Simples,Reta,-26.37077,-50.1256,DEL06-SC,Risco Médio,Alta
quarta-feira,BR-101,75.0,Pleno dia,Crescente,Nublado,Dupla,Reta,-29.7969,-50.23236,DEL03-RS,Risco Baixo,Alta
quarta-feira,BR-381,489.0,Plena Noite,Crescente,Céu Claro,Dupla,Reta,-19.96246,-44.16455,DEL01-MG,Risco Alto,Alta
quinta-feira,BR-116,221.0,Pleno dia,Crescente,Céu Claro,Dupla,Reta,-23.46802,-46.50705,DEL01-SP,Risco Médio,Alta
sábado,BR-101,77.0,Plena Noite,Decrescente,Céu Claro,Dupla,Reta,-8.126982,-34.94386,DEL01-PE,Risco Médio,Alta
quinta-feira,BR-135,184.0,Amanhecer,Crescente,Céu Claro,Simples,Reta,-12.0,-45.0,DEL10-BA,Risco Médio,Baixa
quinta-feira,BR-116,258.0,Plena Noite,Decrescente,Céu Claro,Dupla,Reta,-29.86151,-51.18092,DEL01-RS,Risco Médio,Alta
sábado,BR-282,39.8,Pleno dia,Decrescente,Céu Claro,Simples,Desvio Temporário,-27.71563,-48.86879,DEL01-SC,Risco Médio,Baixa
segunda-feira,BR-50,61.0,Pleno dia,Decrescente,Céu Claro,Dupla,Reta,-18.8149,-48.25,DEL15-MG,Risco Baixo,Média
sábado,BR-364,228.0,Pleno dia,Crescente,Céu Claro,Simples,Reta,-11.4899,-61.3807,DEL02-RO,Risco Médio,Alta
sexta-feira,BR-277,643.0,Pleno dia,Decrescente,Chuva,Simples,Não Informado,-25.17676,-53.87753,DEL05-PR,Risco Médio,Média
quinta-feira,BR-493,115.2,Pleno dia,Crescente,Sol,Dupla,Reta,-22.84523,-43.81148,DEL03-RJ,Risco Médio,Baixa
sexta-feira,BR-470,209.8,Plena Noite,Decrescente,Chuva,Simples,Reta,-27.3028,-50.22058,DEL05-SC,Risco Alto,Baixa
terça-feira,BR-70,514.0,Pleno dia,Decrescente,Céu Claro,Simples,Interseção de vias,-15.70608,-56.13221,DEL01-MT,Risco Médio,Baixa
sexta-feira,BR-369,503.0,Pleno dia,Crescente,Garoa/Chuvisco,Simples,Não Informado,-24.8096,-53.2937,DEL04-PR,Risco Baixo,Baixa
sábado,BR-381,832.0,Pleno dia,Decrescente,Chuva,Dupla,Reta,-22.15138,-45.82354,DEL16-MG,Risco Médio,Alta
quinta-feira,BR-50,311.0,Amanhecer,Decrescente,Céu Claro,Dupla,Curva,-18.4065,-48.08,DEL06-GO,Risco Médio,Média
sexta-feira,BR-230,9.0,Pleno dia,Crescente,Céu Claro,Dupla,Interseção de vias,-7.0433,-34.8466,DEL01-PB,Risco Médio,Baixa
sábado,BR-40,122.0,Plena Noite,Crescente,Chuva,Múltipla,Reta,-22.67449,-43.28542,DEL01-RJ,Risco Médio,Alta
sábado,BR-476,160.8,Plena Noite,Crescente,Céu Claro,Simples,Não Informado,-25.61901,-49.44013,DEL01-PR,Risco Médio,Baixa
terça-feira,BR-101,13.5,Anoitecer,Decrescente,Céu Claro,Simples,Reta,-11.59355,-37.8772,DEL02-SE,Risco Baixo,Alta
sexta-feira,BR-101,32.0,Pleno dia,Crescente,Céu Claro,Dupla,Reta,-29.49424,-49.97664,DEL03-RS,Risco Médio,Alta
segunda-feira,BR-116,178.0,Pleno dia,Crescente,Sol,Múltipla,Reta,-22.74833,-43.44353,DEL01-RJ,Risco Médio,Alta
sábado,BR-381,787.0,Pleno dia,Crescente,Céu Claro,Dupla,Curva,-21.89946,-45.55428,DEL16-MG,Risco Médio,Alta
sábado,BR-163,72.5,Plena Noite,Crescente,Céu Claro,Dupla,Curva,-26.71487,-53.51749,DEL07-SC,Risco Médio,Alta
quarta-feira,BR-463,31.9,Pleno dia,Decrescente,Céu Claro,Simples,Reta,-22.29674,-55.07601,DEL04-MS,Risco Alto,Baixa
sábado,BR-277,84.0,Pleno dia,Decrescente,Céu Claro,Dupla,Reta,-25.44385,-49.23528,DEL01-PR,Risco Médio,Média
sexta-feira,BR-60,0.5,Plena Noite,Decrescente,Céu Claro,Dupla,Reta,-15.8825,-48.06021,DEL01-DF,Risco Médio,Média
quinta-feira,BR-153,545.5,Pleno dia,Crescente,Chuva,Simples,Curva,-30.80405,-53.57956,DEL09-RS,Risco Baixo,Alta
terça-feira,BR-116,377.0,Pleno dia,Decrescente,Céu Claro,Simples,Reta,-18.59672,-41.92547,DEL06-MG,Risco Médio,Alta
sexta-feira,BR-153,8.5,Plena Noite,Crescente,Céu Claro,Dupla,Retorno Regulamentado,-18.48778,-49.18862,DEL15-MG,Risco Baixo,Alta
segunda-feira,BR-324,515.0,Anoitecer,Decrescente,Céu Claro,Simples,Reta,-12.23548,-38.94397,DEL02-BA,Risco Médio,Baixa
domingo,BR-226,4.9,Pleno dia,Decrescente,Céu Claro,Simples,Reta,-5.81958,-35.25969,DEL01-RN,Risco Médio,Baixa
segunda-feira,BR-392,352.5,Pleno dia,Decrescente,Nublado,Simples,Reta,-29.68464,-53.80741,DEL09-RS,Risco Baixo,Média
quinta-feira,BR-163,146.3,Plena Noite,Crescente,Nublado,Simples,Reta,-22.98869,-54.40155,DEL09-MS,Risco Médio,Alta
sexta-feira,BR-40,5.8,Pleno dia,Crescente,Céu Claro,Simples,Desvio Temporário,-17.21746,-46.87231,DEL14-MG,Risco Médio,Alta
terça-feira,BR-163,668.0,Pleno dia,Crescente,Chuva,Simples,Reta,-13.0507,-55.91154,DEL06-MT,Risco Baixo,Alta
domingo,BR-158,398.0,Pleno dia,Decrescente,Sol,Simples,Interseção de vias,-25.37396,-52.38934,DEL04-PR,Risco Baixo,Baixa
sexta-feira,BR-116,16.0,Plena Noite,Crescente,Nublado,Dupla,Não Informado,-25.38791,-49.18108,DEL01-PR,Risco Alto,Alta
terça-feira,BR-364,16.0,Pleno dia,Decrescente,Céu Claro,Dupla,Reta,-12.73438,-60.15697,DEL04-RO,Risco Médio,Alta
sábado,BR-163,925.0,Pleno dia,Crescente,Nublado,Simples,Reta,-11.09099,-55.29183,DEL06-MT,Risco Médio,Alta
sábado,BR-70,11.3,Plena Noite,Crescente,Céu Claro,Dupla,Reta,-15.78976,-48.14873,DEL01-DF,Risco Médio,Baixa
sábado,BR-251,344.9,Pleno dia,Crescente,Nublado,Simples,Curva,-16.26359,-42.50357,DEL12-MG,Risco Alto,Baixa
segunda-feira,BR-153,498.0,Pleno dia,Crescente,Céu Claro,Simples,Curva,-26.54922,-51.42975,DEL02-PR,Risco Médio,Alta
quinta-feira,BR-324,527.0,Pleno dia,Crescente,Céu Claro,Dupla,Reta,-12.31184,-38.88332,DEL01-BA,Risco Médio,Baixa
domingo,BR-40,647.4,Plena Noite,Crescente,Garoa/Chuvisco,Simples,Não Informado,-20.80378,-43.80884,DEL05-MG,Risco Médio,Alta
sexta-feira,BR-163,282.0,Plena Noite,Crescente,Céu Claro,Simples,Não Informado,-24.57865,-53.99236,DEL06-PR,Risco Médio,Alta
segunda-feira,BR-153,490.0,Pleno dia,Crescente,Céu Claro,Simples,Reta,-26.42084,-51.30125,DEL02-PR,Risco Médio,Alta
sábado,BR-364,171.0,Pleno dia,Decrescente,Céu Claro,Simples,Desvio Temporário,-18.02314,-51.55196,DEL05-GO,Risco Baixo,Alta
sexta-feira,BR-70,498.7,Pleno dia,Crescente,Céu Claro,Simples,Reta,-15.66703,-56.00884,DEL01-MT,Risco Alto,Baixa
segunda-feira,BR-116,0.6,Pleno dia,Crescente,Céu Claro,Simples,Reta,-29.98401,-51.18093,DEL05-RS,Risco Médio,Alta
segunda-feira,BR-470,316.9,Pleno dia,Decrescente,Nublado,Simples,Curva,-27.4061,-51.20749,DEL07-SC,Risco Alto,Baixa
quinta-feira,BR-40,2.0,Plena Noite,Crescente,Céu Claro,Dupla,Não Informado,-16.06713,-47.98423,DEL01-DF,Risco Médio,Alta
segunda-feira,BR-101,41.2,Pleno dia,Decrescente,Céu Claro,Simples,Não Informado,-26.28215,-48.88973,DEL03-SC,Risco Médio,Alta
terça-feira,BR-116,54.0,Pleno dia,Decrescente,Céu Claro,Dupla,Curva,-4.195666,-38.47124,DEL03-CE,Risco Médio,Alta
quarta-feira,BR-367,84.3,Pleno dia,Crescente,Sol,Simples,Não Informado,-16.39767,-39.45515,DEL09-BA,Risco Médio,Baixa
sábado,BR-163,343.6,Anoitecer,Crescente,Nublado,Simples,Reta,-24.1192,-54.23969,DEL06-PR,Risco Médio,Alta
quarta-feira,BR-280,320.5,Plena Noite,Crescente,Nevoeiro/Neblina,Simples,Reta,-26.2502,-53.6352,DEL02-PR,Risco Baixo,Baixa
quinta-feira,BR-116,154.0,Plena Noite,Crescente,Céu Claro,Múltipla,Reta,-23.23904,-45.92062,DEL02-SP,Risco Baixo,Alta
quarta-feira,BR-226,3.6,Pleno dia,Crescente,Sol,Simples,Reta,-5.820901,-35.26828,DEL01-RN,Risco Médio,Baixa
quarta-feira,BR-277,595.4,Pleno dia,Decrescente,Sol,Simples,Reta,-24.98155,-53.50142,DEL04-PR,Risco Médio,Média
quarta-feira,BR-110,47.5,Plena Noite,Decrescente,Ignorado,Simples,Reta,-5.203384,-37.32563,DEL04-RN,Risco Baixo,Baixa
quinta-feira,BR-116,167.0,Plena Noite,Crescente,Nublado,Múltipla,Reta,-22.81804,-43.30787,DEL01-RJ,Risco Médio,Alta
quarta-feira,BR-304,45.0,Anoitecer,Crescente,Céu Claro,Simples,Reta,-4.578123,-37.8067,DEL03-CE,Risco Médio,Baixa
domingo,BR-155,326.0,Pleno dia,Decrescente,Céu Claro,Simples,Reta,-5.525206,-49.07595,DEL03-PA,Risco Médio,Baixa
segunda-feira,BR-101,76.0,Pleno dia,Crescente,Céu Claro,Dupla,Reta,-29.79576,-50.23117,DEL03-RS,Risco Médio,Alta
quarta-feira,BR-369,177.0,Pleno dia,Decrescente,Céu Claro,Dupla,Curva,-23.35234,-51.38739,DEL07-PR,Risco Médio,Baixa
sexta-feira,BR-262,37.5,Pleno dia,Decrescente,Chuva,Simples,Curva,-20.25749,-42.03049,DEL06-MG,Risco Médio,Média
sexta-feira,BR-116,176.0,Plena Noite,Crescente,Céu Claro,Dupla,Reta,-22.78395,-43.38195,DEL01-RJ,Risco Médio,Alta
sábado,BR-116,279.0,Plena Noite,Crescente,Nublado,Dupla,Reta,-23.63816,-46.83506,DEL04-SP,Risco Médio,Alta
sábado,BR-116,128.8,Plena Noite,Decrescente,Chuva,Dupla,Reta,-23.11455,-45.71106,DEL06-SP,Risco Alto,Alta
sábado,BR-472,141.4,Plena Noite,Crescente,Nublado,Simples,Curva,-27.77591,-54.32825,DEL10-RS,Risco Médio,Baixa
terça-feira,BR-381,480.0,Pleno dia,Decrescente,Céu Claro,Dupla,Curva,-19.95853,-44.05536,DEL01-MG,Risco Médio,Alta
sexta-feira,BR-116,161.3,Pleno dia,Decrescente,Céu Claro,Dupla,Reta,-23.27616,-45.89992,DEL02-SP,Risco Baixo,Alta
segunda-feira,BR-153,235.7,Pleno dia,Crescente,Céu Claro,Simples,Curva,-7.94983,-48.4643,DEL02-TO,Risco Médio,Alta
domingo,BR-101,443.0,Plena Noite,Crescente,Chuva,Simples,Curva,-22.98108,-44.08442,DEL03-RJ,Risco Médio,Alta
domingo,BR-101,130.0,Pleno dia,Decrescente,Chuva,Dupla,Reta,-8.392345,-35.25706,DEL01-PE,Risco Médio,Alta
terça-feira,BR-80,41.9,Pleno dia,Decrescente,Sol,Simples,Desvio Temporário,-15.20405,-48.28282,DEL01-DF,Risco Baixo,Baixa
sexta-feira,BR-101,125.2,Plena Noite,Decrescente,Céu Claro,Dupla,Reta,-26.9557,-48.6796,DEL04-SC,Risco Alto,Alta
sexta-feira,BR-470,50.0,Plena Noite,Crescente,Nublado,Simples,Túnel,-26.85977,-49.07449,DEL04-SC,Risco Médio,Baixa
terça-feira,BR-365,6.1,Pleno dia,Crescente,Céu Claro,Simples,Curva,-16.76417,-43.8841,DEL12-MG,Risco Médio,Média
domingo,BR-163,1076.0,Plena Noite,Crescente,Chuva,Simples,Curva,-9.857331,-54.88139,DEL06-MT,Risco Médio,Alta
segunda-feira,BR-101,19.9,Plena Noite,Crescente,Chuva,Dupla,Reta,-26.15015,-48.90845,DEL03-SC,Risco Médio,Alta
quinta-feira,BR-101,123.0,Pleno dia,Decrescente,Céu Claro,Dupla,Interseção de vias,-26.93669,-48.69877,DEL04-SC,Risco Médio,Alta
quinta-feira,BR-290,250.3,Pleno dia,Crescente,Céu Claro,Simples,Reta,-30.2303,-52.69043,DEL02-RS,Risco Médio,Baixa
terça-feira,BR-230,508.1,Pleno dia,Crescente,Nublado,Simples,Reta,-6.890721,-38.58725,DEL03-PB,Risco Médio,Baixa
segunda-feira,BR-116,577.3,Pleno dia,Crescente,Céu Claro,Simples,Reta,-20.16129,-42.18907,DEL06-MG,Risco Médio,Alta
domingo,BR-361,8.0,Plena Noite,Decrescente,Céu Claro,Simples,Reta,-7.04031,-37.32559,DEL03-PB,Risco Médio,Baixa
segunda-feira,BR-381,334.0,Pleno dia,Decrescente,Sol,Dupla,Não Informado,-19.77107,-43.04696,DEL03-MG,Risco Baixo,Alta
segunda-feira,BR-60,416.2,Pleno dia,Decrescente,Céu Claro,Dupla,Reta,-17.8196,-51.202,DEL04-GO,Risco Médio,Média
domingo,BR-156,213.0,Pleno dia,Decrescente,Céu Claro,Simples,Reta,0.2028299,-51.11631,DEL01-AP,Risco Médio,Baixa
terça-feira,BR-262,93.0,Plena Noite,Decrescente,Chuva,Simples,Curva,-20.58967,-52.43306,DEL07-MS,Risco Baixo,Média
segunda-feira,BR-426,73.4,Plena Noite,Crescente,Céu Claro,Simples,Reta,-7.249526,-37.94168,DEL03-PB,Risco Médio,Baixa
sexta-feira,BR-277,215.8,Pleno dia,Crescente,Nublado,Simples,Não Informado,-25.46596,-50.41372,DEL03-PR,Risco Baixo,Média
sábado,BR-290,63.0,Pleno dia,Decrescente,Garoa/Chuvisco,Dupla,Reta,-29.93692,-50.88606,DEL03-RS,Risco Médio,Baixa
quarta-feira,BR-101,290.8,Anoitecer,Decrescente,Céu Claro,Dupla,Retorno Regulamentado,-20.28928,-40.39182,DEL01-ES,Risco Médio,Alta
terça-feira,BR-287,248.0,Pleno dia,Crescente,Céu Claro,Simples,Reta,-29.69602,-53.85096,DEL09-RS,Risco Médio,Baixa
terça-feira,BR-230,163.0,Plena Noite,Decrescente,Céu Claro,Simples,Curva,-7.2198,-35.9443,DEL02-PB,Risco Médio,Baixa
quinta-feira,BR-290,103.4,Plena Noite,Crescente,Céu Claro,Dupla,Ponte,-29.99241,-51.27113,DEL02-RS,Risco Médio,Baixa
sábado,BR-116,196.7,Pleno dia,Crescente,Céu Claro,Dupla,Reta,-23.39504,-46.28954,DEL01-SP,Risco Médio,Alta
quinta-feira,BR-101,186.7,Plena Noite,Decrescente,Céu Claro,Dupla,Reta,-27.43873,-48.62629,DEL01-SC,Risco Médio,Alta
quarta-feira,BR-101,82.0,Pleno dia,Crescente,Sol,Dupla,Não Informado,-7.12911,-34.93714,DEL01-PB,Risco Médio,Alta
segunda-feira,BR-376,251.0,Plena Noite,Crescente,Céu Claro,Dupla,Reta,-23.62474,-51.38405,DEL07-PR,Risco Baixo,Baixa
quarta-feira,BR-282,517.6,Plena Noite,Crescente,Céu Claro,Simples,Interseção de vias,-26.94136,-52.50387,DEL07-SC,Risco Médio,Baixa
sexta-feira,BR-153,598.0,Plena Noite,Crescente,Nublado,Dupla,Reta,-17.5271,-49.2152,DEL03-GO,Risco Baixo,Alta
quarta-feira,BR-356,82.3,Plena Noite,Crescente,Céu Claro,Simples,Reta,-21.47159,-41.67335,DEL08-RJ,Risco Alto,Baixa
quarta-feira,BR-163,166.0,Pleno dia,Crescente,Céu Claro,Simples,Reta,-25.29249,-53.57039,DEL04-PR,Risco Médio,Alta
sábado,BR-101,81.7,Pleno dia,Crescente,Chuva,Dupla,Reta,-8.177874,-34.94733,DEL01-PE,Risco Médio,Alta
domingo,BR-153,468.5,Pleno dia,Crescente,Chuva,Simples,Não Informado,-26.28486,-51.19431,DEL02-PR,Risco Médio,Alta
sexta-feira,BR-232,96.0,Plena Noite,Decrescente,Céu Claro,Dupla,Reta,-8.230769,-35.70778,DEL01-PE,Risco Baixo,Baixa