dia_semana,br,km,fase_dia,sentido_via,condicao_metereologica,tipo_pista,tracado_via,latitude,longitude,delegacia,classificacao_acidente,postos_policiais_PRF
sábado,BR-101,457.0,Plena Noite,Decrescente,Céu Claro,Simples,Reta,-23.0315,-44.17715,DEL03-RJ,Risco Médio,Alta
domingo,BR-101,262.6,Plena Noite,Crescente,Nublado,Dupla,Reta,-20.15723,-40.27678,DEL02-ES,Risco Baixo,Alta
sexta-feira,BR-282,147.3,Pleno dia,Decrescente,Céu Claro,Simples,Reta,-27.78956,-49.64041,DEL05-SC,Risco Baixo,Baixa
sábado,BR-365,343.0,Amanhecer,Crescente,Céu Claro,Simples,Reta,-18.31597,-45.97726,DEL10-MG,Risco Médio,Média
quarta-feira,BR-101,49.9,Pleno dia,Decrescente,Chuva,Múltipla,Reta,-7.9157,-34.8977,DEL01-PE,Risco Médio,Alta
sexta-feira,BR-476,140.0,Pleno dia,Crescente,Céu Claro,Dupla,Reta,-25.52069,-49.29412,DEL01-PR,Risco Médio,Baixa
terça-feira,BR-316,155.0,Pleno dia,Crescente,Céu Claro,Simples,Não Informado,-1.2459,-47.1479,DEL01-PA,Risco Médio,Baixa
domingo,BR-153,518.0,Pleno dia,Crescente,Céu Claro,Simples,Não Informado,-10.36226,-48.8911,DEL01-TO,Risco Baixo,Alta
quinta-feira,BR-40,507.9,Plena Noite,Crescente,Céu Claro,Dupla,Reta,-19.75994,-44.13567,DEL02-MG,Risco Médio,Alta
sexta-feira,BR-163,345.0,Plena Noite,Crescente,Céu Claro,Simples,Reta,-24.10853,-54.239,DEL06-PR,Risco Médio,Alta
sábado,BR-101,416.0,Pleno dia,Crescente,Céu Claro,Simples,Reta,-20.9406,-41.08479,DEL03-ES,Risco Médio,Alta
segunda-feira,BR-40,94.0,Pleno dia,Crescente,Chuva,Dupla,Curva,-22.55763,-43.26574,DEL01-RJ,Risco Médio,Alta
quarta-feira,BR-20,214.7,Pleno dia,Decrescente,Céu Claro,Simples,Não Informado,-14.23945,-46.20477,DEL02-DF,Risco Médio,Baixa
quinta-feira,BR-376,590.0,Plena Noite,Decrescente,Céu Claro,Dupla,Reta,-25.45705,-49.36011,DEL01-PR,Risco Médio,Baixa
sábado,BR-101,206.0,Pleno dia,Decrescente,Céu Claro,Múltipla,Reta,-27.59194,-48.61825,DEL01-SC,Risco Médio,Alta
segunda-feira,BR-116,5.0,Pleno dia,Decrescente,Nublado,Simples,Curva,-3.794671,-38.50773,DEL01-CE,Risco Médio,Alta
sexta-feira,BR-364,183.0,Pleno dia,Decrescente,Céu Claro,Simples,Reta,-16.58837,-54.51578,DEL02-MT,Risco Médio,Alta
segunda-feira,BR-153,245.0,Pleno dia,Crescente,Céu Claro,Simples,Desvio Temporário,-20.2909,-49.2021,DEL13-MG,Risco Médio,Alta
sexta-feira,BR-116,275.8,Plena Noite,Decrescente,Nublado,Múltipla,Curva,-17.85196,-41.51426,DEL11-MG,Risco Médio,Alta
quinta-feira,BR-369,92.8,Pleno dia,Decrescente,Sol,Simples,Não Informado,-23.21079,-50.66528,DEL07-PR,Risco Médio,Baixa
terça-feira,BR-116,363.9,Plena Noite,Crescente,Céu Claro,Dupla,Curva,-24.13904,-47.27294,DEL04-SP,Risco Baixo,Alta
quarta-feira,BR-153,477.0,Plena Noite,Crescente,Céu Claro,Simples,Reta,-10.04092,-48.80805,DEL01-TO,Risco Baixo,Alta
terça-feira,BR-40,29.6,Pleno dia,Decrescente,Chuva,Dupla,Curva,-22.17757,-43.16802,DEL06-RJ,Risco Médio,Alta
sábado,BR-381,333.7,Plena Noite,Crescente,Chuva,Dupla,Não Informado,-19.76266,-43.04816,DEL03-MG,Risco Baixo,Alta
sábado,BR-367,26.0,Pleno dia,Crescente,Nublado,Simples,Reta,-16.43072,-39.09562,DEL09-BA,Risco Baixo,Baixa
domingo,BR-101,232.7,Plena Noite,Decrescente,Céu Claro,Dupla,Reta,-27.79567,-48.63815,DEL01-SC,Risco Médio,Alta
quarta-feira,BR-101,362.9,Plena Noite,Decrescente,Nublado,Dupla,Não Informado,-28.67136,-49.12226,DEL02-SC,Risco Baixo,Alta
domingo,BR-277,725.5,Plena Noite,Decrescente,Céu Claro,Dupla,Interseção de vias,-25.51101,-54.55128,DEL05-PR,Risco Médio,Média
quinta-feira,BR-155,332.0,Pleno dia,Crescente,Nublado,Simples,Reta,-5.468274,-49.0759,DEL03-PA,Risco Médio,Baixa
domingo,BR-232,58.0,Pleno dia,Crescente,Chuva,Dupla,Não Informado,-8.144629,-35.39035,DEL02-PE,Risco Médio,Baixa
sexta-feira,BR-230,5.5,Amanhecer,Decrescente,Nublado,Simples,Reta,-6.743692,-43.05606,DEL03-PI,Risco Médio,Baixa
quinta-feira,BR-373,231.5,Plena Noite,Crescente,Céu Claro,Simples,Reta,-25.18288,-50.67781,DEL03-PR,Risco Baixo,Baixa
segunda-feira,BR-470,53.1,Anoitecer,Crescente,Céu Claro,Simples,Rotatória,-26.86237,-49.08502,DEL04-SC,Risco Médio,Baixa
quinta-feira,BR-280,127.2,Pleno dia,Decrescente,Nublado,Simples,Não Informado,-26.23944,-49.50421,DEL06-SC,Risco Médio,Baixa
segunda-feira,BR-230,19.1,Plena Noite,Crescente,Céu Claro,Dupla,Reta,-7.131371,-34.85271,DEL01-PB,Risco Médio,Baixa
domingo,BR-381,77.0,Pleno dia,Crescente,Chuva,Dupla,Não Informado,-23.38884,-46.56935,DEL03-SP,Risco Médio,Alta
quinta-feira,BR-153,501.4,Pleno dia,Decrescente,Céu Claro,Múltipla,Reta,-16.71858,-49.23775,DEL01-GO,Risco Médio,Alta
segunda-feira,BR-20,11.4,Plena Noite,Crescente,Céu Claro,Dupla,Reta,-15.64654,-47.76642,DEL02-DF,Risco Médio,Baixa
quarta-feira,BR-277,15.0,Plena Noite,Crescente,Nublado,Dupla,Reta,-25.5682,-48.61529,DEL01-PR,Risco Médio,Média
quarta-feira,BR-316,76.0,Amanhecer,Decrescente,Céu Claro,Simples,Reta,-1.3022,-47.8064,DEL01-PA,Risco Médio,Baixa
quarta-feira,BR-381,361.1,Amanhecer,Crescente,Nublado,Simples,Reta,-19.85881,-43.23411,DEL03-MG,Risco Médio,Alta
terça-feira,BR-101,29.8,Pleno dia,Crescente,Céu Claro,Dupla,Não Informado,-26.22433,-48.91663,DEL03-SC,Risco Médio,Alta
terça-feira,BR-116,207.0,Pleno dia,Crescente,Céu Claro,Simples,Reta,-27.482,-50.37912,DEL05-SC,Risco Baixo,Alta
sábado,BR-116,773.1,Pleno dia,Crescente,Céu Claro,Simples,Curva,-21.54104,-42.65381,DEL07-MG,Risco Médio,Alta
sexta-feira,BR-356,265.0,Pleno dia,Decrescente,Sol,Simples,Reta,-21.12839,-42.3668,DEL07-MG,Risco Médio,Baixa
sexta-feira,BR-376,598.4,Plena Noite,Crescente,Nevoeiro/Neblina,Dupla,Curva,-25.51888,-49.33507,DEL01-PR,Risco Médio,Baixa
domingo,BR-235,60.4,Anoitecer,Decrescente,Céu Claro,Simples,Não Informado,-10.62654,-37.46325,DEL01-SE,Risco Médio,Baixa
domingo,BR-242,421.0,Plena Noite,Crescente,Céu Claro,Simples,Reta,-12.42677,-41.83135,DEL06-BA,Risco Médio,Baixa
sábado,BR-316,5.6,Pleno dia,Crescente,Sol,Múltipla,Interseção de vias,-5.141699,-42.78157,DEL01-PI,Risco Médio,Baixa
quinta-feira,BR-101,297.0,Plena Noite,Decrescente,Céu Claro,Simples,Reta,-22.76942,-42.91874,DEL02-RJ,Risco Alto,Alta
sábado,BR-277,172.0,Pleno dia,Decrescente,Nublado,Simples,Reta,-25.43087,-50.02899,DEL03-PR,Risco Médio,Média
domingo,BR-381,549.5,Pleno dia,Crescente,Céu Claro,Dupla,Curva,-20.29515,-44.4388,DEL04-MG,Risco Baixo,Alta
segunda-feira,BR-376,679.0,Pleno dia,Crescente,Céu Claro,Dupla,Curva,-25.9505,-48.90514,DEL01-PR,Risco Médio,Baixa
domingo,BR-116,145.0,Plena Noite,Decrescente,Céu Claro,Múltipla,Reta,-23.18698,-45.85481,DEL02-SP,Risco Alto,Alta
segunda-feira,BR-230,14.8,Plena Noite,Crescente,Nublado,Dupla,Retorno Regulamentado,-7.091545,-34.84837,DEL01-PB,Risco Médio,Baixa
quinta-feira,BR-343,309.0,Pleno dia,Decrescente,Céu Claro,Simples,Reta,-5.039716,-42.47255,DEL01-PI,Risco Médio,Baixa
sábado,BR-101,136.0,Plena Noite,Decrescente,Nublado,Múltipla,Reta,-27.00811,-48.61724,DEL04-SC,Risco Médio,Alta
segunda-feira,BR-50,178.0,Plena Noite,Decrescente,Céu Claro,Dupla,Não Informado,-19.7783,-47.9318,DEL13-MG,Risco Baixo,Média
sexta-feira,BR-116,290.0,Plena Noite,Crescente,Céu Claro,Simples,Não Informado,-22.45427,-44.30202,DEL07-RJ,Risco Médio,Alta
sábado,BR-40,460.0,Plena Noite,Crescente,Céu Claro,Dupla,Reta,-19.47446,-44.29168,DEL02-MG,Risco Médio,Alta
sexta-feira,BR-369,4.4,Pleno dia,Crescente,Céu Claro,Dupla,Reta,-23.00264,-49.92222,DEL07-PR,Risco Médio,Baixa
terça-feira,BR-392,207.3,Plena Noite,Crescente,Céu Claro,Simples,Não Informado,-30.82849,-53.17128,DEL09-RS,Risco Médio,Média
quarta-feira,BR-285,291.0,Plena Noite,Crescente,Céu Claro,Dupla,Reta,-28.23822,-52.35524,DEL08-RS,Risco Médio,Baixa
sexta-feira,BR-381,479.1,Plena Noite,Decrescente,Céu Claro,Dupla,Curva,-19.9589,-44.0692,DEL01-MG,Risco Médio,Alta
sexta-feira,BR-226,11.3,Pleno dia,Decrescente,Céu Claro,Simples,Reta,-5.84573,-35.3034,DEL01-RN,Risco Médio,Baixa
sábado,BR-153,109.6,Pleno dia,Decrescente,Garoa/Chuvisco,Simples,Curva,-27.30809,-51.98094,DEL07-SC,Risco Médio,Alta
terça-feira,BR-153,230.0,Pleno dia,Crescente,Céu Claro,Simples,Reta,-7.906061,-48.46298,DEL02-TO,Risco Médio,Alta
quinta-feira,BR-230,12.8,Plena Noite,Decrescente,Céu Claro,Dupla,Interseção de vias,-7.068,-34.85,DEL01-PB,Risco Médio,Baixa
domingo,BR-405,180.0,Plena Noite,Crescente,Céu Claro,Simples,Reta,-6.350066,-38.29534,DEL04-RN,Risco Médio,Baixa
terça-feira,BR-116,580.0,Amanhecer,Decrescente,Céu Claro,Simples,Reta,-13.08916,-39.9629,DEL03-BA,Risco Baixo,Alta
terça-feira,BR-381,579.0,Pleno dia,Decrescente,Sol,Dupla,Curva,-20.4775,-44.585,DEL04-MG,Risco Médio,Alta
sexta-feira,BR-60,95.2,Pleno dia,Crescente,Céu Claro,Dupla,Reta,-16.3679,-48.939,DEL02-GO,Risco Médio,Média
sexta-feira,BR-381,888.0,Pleno dia,Decrescente,Céu Claro,Dupla,Reta,-22.5331,-46.0297,DEL16-MG,Risco Médio,Alta
sábado,BR-116,204.0,Pleno dia,Decrescente,Céu Claro,Dupla,Não Informado,-17.27546,-41.51381,DEL11-MG,Risco Médio,Alta
terça-feira,BR-222,192.4,Pleno dia,Crescente,Chuva,Simples,Curva,-3.793604,-40.1357,DEL04-CE,Risco Médio,Baixa
segunda-feira,BR-163,638.0,Pleno dia,Crescente,Céu Claro,Simples,Reta,-13.57556,-56.02965,DEL01-MT,Risco Médio,Alta
quarta-feira,BR-290,306.6,Pleno dia,Decrescente,Céu Claro,Simples,Reta,-30.33868,-53.27174,DEL09-RS,Risco Baixo,Baixa
sexta-feira,BR-110,183.6,Plena Noite,Decrescente,Nublado,Simples,Reta,-7.908707,-37.14303,DEL02-PB,Risco Alto,Baixa
quarta-feira,BR-369,162.9,Pleno dia,Crescente,Nublado,Dupla,Reta,-23.29671,-51.27555,DEL07-PR,Risco Médio,Baixa
sábado,BR-222,263.7,Pleno dia,Decrescente,Sol,Simples,Reta,-3.57555,-44.67289,DEL01-MA,Risco Médio,Baixa
quarta-feira,BR-116,265.0,Plena Noite,Crescente,Nevoeiro/Neblina,Dupla,Não Informado,-29.92342,-51.17781,DEL01-RS,Risco Baixo,Alta
quarta-feira,BR-116,133.0,Plena Noite,Crescente,Céu Claro,Simples,Reta,-29.0559,-51.0969,DEL05-RS,Risco Médio,Alta
sábado,BR-277,476.0,Pleno dia,Decrescente,Garoa/Chuvisco,Simples,Não Informado,-25.3057,-52.55588,DEL04-PR,Risco Baixo,Média
quinta-feira,BR-364,233.3,Pleno dia,Crescente,Céu Claro,Simples,Reta,-16.23729,-54.78175,DEL02-MT,Risco Baixo,Alta
quinta-feira,BR-376,165.8,Plena Noite,Crescente,Nevoeiro/Neblina,Dupla,Desvio Temporário,-23.39039,-52.01422,DEL07-PR,Risco Alto,Baixa
sábado,BR-50,52.0,Pleno dia,Crescente,Sol,Dupla,Desvio Temporário,-18.75754,-48.24041,DEL15-MG,Risco Médio,Média
segunda-feira,BR-369,133.3,Pleno dia,Crescente,Céu Claro,Simples,Interseção de vias,-23.26062,-51.01278,DEL07-PR,Risco Médio,Baixa
segunda-feira,BR-393,168.0,Pleno dia,Crescente,Sol,Simples,Reta,-22.12222,-43.16718,DEL04-RJ,Risco Médio,Média
quarta-feira,BR-60,28.3,Amanhecer,Crescente,Vento,Dupla,Curva,-16.0963,-48.5202,DEL01-DF,Risco Médio,Média
domingo,BR-364,631.0,Pleno dia,Crescente,Céu Claro,Simples,Reta,-9.080139,-63.3809,DEL03-RO,Risco Médio,Alta
sexta-feira,BR-101,141.9,Pleno dia,Crescente,Céu Claro,Simples,Reta,-19.33655,-40.06646,DEL04-ES,Risco Médio,Alta
quarta-feira,BR-476,112.0,Plena Noite,Decrescente,Chuva,Simples,Reta,-25.31848,-49.159,DEL01-PR,Risco Alto,Baixa
quarta-feira,BR-153,161.4,Anoitecer,Decrescente,Céu Claro,Simples,Interseção de vias,-21.51956,-49.78104,DEL07-SP,Risco Alto,Alta
sábado,BR-20,57.0,Plena Noite,Crescente,Céu Claro,Dupla,Reta,-15.58633,-47.35843,DEL02-DF,Risco Médio,Baixa
domingo,BR-101,374.2,Plena Noite,Decrescente,Nublado,Simples,Reta,-20.7949,-40.8141,DEL03-ES,Risco Médio,Alta
quinta-feira,BR-324,583.0,Pleno dia,Crescente,Chuva,Dupla,Reta,-12.61419,-38.487,DEL01-BA,Risco Baixo,Baixa
sábado,BR-282,40.9,Plena Noite,Decrescente,Nublado,Simples,Reta,-27.71615,-48.86958,DEL01-SC,Risco Médio,Baixa
terça-feira,BR-116,659.1,Anoitecer,Decrescente,Céu Claro,Simples,Não Informado,-20.77309,-42.30049,DEL07-MG,Risco Médio,Alta
terça-feira,BR-116,5.7,Pleno dia,Decrescente,Nublado,Simples,Reta,-3.799469,-38.50554,DEL01-CE,Risco Médio,Alta
quinta-feira,BR-469,13.0,Plena Noite,Decrescente,Nublado,Simples,Reta,-25.57861,-54.53934,DEL05-PR,Risco Baixo,Baixa
sábado,BR-40,90.5,Plena Noite,Decrescente,Céu Claro,Simples,Ponte,-17.50034,-46.576,DEL14-MG,Risco Baixo,Alta
segunda-feira,BR-101,46.0,Plena Noite,Decrescente,Chuva,Simples,Reta,-21.59884,-41.31688,DEL08-RJ,Risco Alto,Alta
quarta-feira,BR-146,519.8,Plena Noite,Decrescente,Nublado,Simples,Reta,-21.30686,-46.64708,DEL09-MG,Risco Médio,Baixa
domingo,BR-470,72.4,Plena Noite,Decrescente,Céu Claro,Simples,Não Informado,-26.90198,-49.26875,DEL04-SC,Risco Médio,Baixa
quarta-feira,BR-381,69.4,Pleno dia,Crescente,Chuva,Dupla,Curva,-23.34913,-46.56096,DEL03-SP,Risco Médio,Alta
segunda-feira,BR-101,93.3,Plena Noite,Decrescente,Céu Claro,Dupla,Curva,-10.90212,-37.14495,DEL01-SE,Risco Médio,Alta
terça-feira,BR-376,436.0,Pleno dia,Decrescente,Chuva,Dupla,Curva,-24.78965,-50.50454,DEL03-PR,Risco Médio,Baixa
quinta-feira,BR-365,627.0,Pleno dia,Crescente,Nublado,Dupla,Reta,-18.90359,-48.34362,DEL15-MG,Risco Médio,Média
sexta-feira,BR-222,668.0,Plena Noite,Crescente,Céu Claro,Múltipla,Reta,-4.907109,-47.4074,DEL04-MA,Risco Médio,Baixa
sábado,BR-381,86.0,Anoitecer,Crescente,Céu Claro,Dupla,Reta,-23.4593,-46.57161,DEL03-SP,Risco Médio,Alta
sábado,BR-135,18.0,Amanhecer,Crescente,Nublado,Dupla,Rotatória,-2.717199,-44.32099,DEL01-MA,Risco Médio,Baixa
terça-feira,BR-101,162.3,Amanhecer,Decrescente,Garoa/Chuvisco,Simples,Reta,-27.22554,-48.62794,DEL04-SC,Risco Baixo,Alta
domingo,BR-153,109.0,Plena Noite,Crescente,Céu Claro,Simples,Não Informado,-21.08027,-49.67062,DEL09-SP,Risco Baixo,Alta
terça-feira,BR-376,117.7,Plena Noite,Crescente,Céu Claro,Dupla,Desvio Temporário,-23.09506,-52.37918,DEL07-PR,Risco Médio,Baixa
domingo,BR-116,33.8,Pleno dia,Decrescente,Chuva,Dupla,Curva,-25.10682,-48.84932,DEL01-PR,Risco Médio,Alta
sexta-feira,BR-262,10.3,Amanhecer,Decrescente,Nublado,Múltipla,Reta,-20.24525,-41.8402,DEL06-MG,Risco Baixo,Média
segunda-feira,BR-354,761.8,Plena Noite,Decrescente,Vento,Simples,Reta,-22.33634,-44.82846,DEL05-MG,Risco Médio,Baixa
domingo,BR-40,111.0,Pleno dia,Crescente,Sol,Múltipla,Reta,-22.69529,-43.28858,DEL01-RJ,Risco Médio,Alta
sábado,BR-116,104.3,Plena Noite,Decrescente,Nublado,Dupla,Reta,-23.0034,-45.50627,DEL02-SP,Risco Médio,Alta
quarta-feira,BR-282,494.9,Pleno dia,Crescente,Garoa/Chuvisco,Simples,Curva,-26.87149,-52.31877,DEL07-SC,Risco Baixo,Baixa
terça-feira,BR-376,595.0,Pleno dia,Decrescente,Céu Claro,Dupla,Reta,-25.49318,-49.34371,DEL01-PR,Risco Baixo,Baixa
terça-feira,BR-101,200.0,Pleno dia,Crescente,Céu Claro,Dupla,Reta,-27.5485,-48.6196,DEL01-SC,Risco Médio,Alta
quinta-feira,BR-116,202.0,Amanhecer,Crescente,Garoa/Chuvisco,Dupla,Reta,-22.72997,-43.61317,DEL01-RJ,Risco Alto,Alta
quinta-feira,BR-356,266.1,Amanhecer,Decrescente,Nublado,Simples,Curva,-21.12823,-42.35802,DEL07-MG,Risco Médio,Baixa
sexta-feira,BR-101,41.5,Plena Noite,Decrescente,Nublado,Dupla,Reta,-26.28215,-48.88973,DEL03-SC,Risco Médio,Alta
segunda-feira,BR-476,134.0,Amanhecer,Decrescente,Céu Claro,Simples,Reta,-25.47652,-49.25994,DEL01-PR,Risco Médio,Baixa
segunda-feira,BR-376,242.0,Plena Noite,Decrescente,Céu Claro,Dupla,Reta,-23.58054,-51.43568,DEL07-PR,Risco Baixo,Baixa
sábado,BR-386,417.0,Plena Noite,Decrescente,Céu Claro,Dupla,Curva,-29.81951,-51.45103,DEL04-RS,Risco Médio,Média
sábado,BR-101,208.5,Pleno dia,Decrescente,Céu Claro,Múltipla,Reta,-27.60328,-48.63202,DEL01-SC,Risco Médio,Alta
sexta-feira,BR-116,412.5,Pleno dia,Decrescente,Céu Claro,Simples,Reta,-18.87792,-41.96212,DEL06-MG,Risco Médio,Alta
sexta-feira,BR-381,671.3,Pleno dia,Crescente,Chuva,Dupla,Não Informado,-21.06464,-45.05253,DEL04-MG,Risco Médio,Alta
sábado,BR-251,445.0,Pleno dia,Crescente,Chuva,Simples,Curva,-16.42542,-43.26662,DEL12-MG,Risco Médio,Baixa
sexta-feira,BR-376,159.6,Pleno dia,Crescente,Céu Claro,Dupla,Não Informado,-23.36498,-52.07632,DEL09-PR,Risco Médio,Baixa
terça-feira,BR-116,193.3,Pleno dia,Decrescente,Nublado,Dupla,Reta,-23.38041,-46.25851,DEL02-SP,Risco Médio,Alta
sexta-feira,BR-101,65.8,Pleno dia,Decrescente,Céu Claro,Múltipla,Interseção de vias,-18.70936,-39.87762,DEL04-ES,Risco Médio,Alta
quarta-feira,BR-116,296.9,Pleno dia,Crescente,Céu Claro,Simples,Reta,-18.00243,-41.58315,DEL11-MG,Risco Médio,Alta
domingo,BR-116,214.8,Plena Noite,Crescente,Céu Claro,Múltipla,Reta,-23.44661,-46.45385,DEL01-SP,Risco Médio,Alta
sábado,BR-40,118.0,Pleno dia,Crescente,Nublado,Múltipla,Reta,-22.75471,-43.28738,DEL01-RJ,Risco Médio,Alta
domingo,BR-104,30.0,Plena Noite,Decrescente,Céu Claro,Simples,Reta,-8.0137,-36.0565,DEL02-PE,Risco Médio,Baixa
sexta-feira,BR-116,146.4,Pleno dia,Decrescente,Sol,Dupla,Reta,-23.19123,-45.86328,DEL02-SP,Risco Médio,Alta
domingo,BR-116,230.0,Anoitecer,Crescente,Céu Claro,Simples,Não Informado,-29.62222,-51.13039,DEL01-RS,Risco Médio,Alta
terça-feira,BR-101,718.0,Anoitecer,Decrescente,Céu Claro,Simples,Curva,-16.32138,-39.59679,DEL09-BA,Risco Médio,Alta
segunda-feira,BR-101,214.7,Plena Noite,Crescente,Céu Claro,Simples,Reta,-27.64443,-48.67057,DEL01-SC,Risco Baixo,Alta
sexta-feira,BR-364,133.0,Pleno dia,Crescente,Nublado,Dupla,Reta,-10.00249,-67.84954,DEL01-AC,Risco Médio,Alta
quinta-feira,BR-277,532.5,Plena Noite,Decrescente,Céu Claro,Simples,Reta,-25.09711,-52.968,DEL04-PR,Risco Médio,Média
quinta-feira,BR-116,200.5,Plena Noite,Decrescente,Céu Claro,Dupla,Reta,-22.73061,-43.59402,DEL01-RJ,Risco Alto,Alta
segunda-feira,BR-101,134.0,Pleno dia,Crescente,Céu Claro,Dupla,Reta,-27.00218,-48.63643,DEL04-SC,Risco Médio,Alta
sexta-feira,BR-364,240.0,Pleno dia,Crescente,Nublado,Simples,Reta,-11.43579,-61.47097,DEL02-RO,Risco Médio,Alta
quinta-feira,BR-116,229.0,Pleno dia,Decrescente,Céu Claro,Múltipla,Reta,-23.51133,-46.57455,DEL01-SP,Risco Médio,Alta
sexta-feira,BR-101,261.0,Pleno dia,Crescente,Ignorado,Dupla,Curva,-22.71139,-42.61157,DEL02-RJ,Risco Médio,Alta
segunda-feira,BR-101,825.0,Pleno dia,Crescente,Chuva,Simples,Reta,-17.14554,-39.5678,DEL09-BA,Risco Médio,Alta
sexta-feira,BR-376,622.0,Pleno dia,Decrescente,Nublado,Dupla,Reta,-25.6291,-49.1642,DEL01-PR,Risco Médio,Baixa
sábado,BR-369,168.0,Pleno dia,Crescente,Céu Claro,Dupla,Não Informado,-23.29681,-51.31776,DEL07-PR,Risco Baixo,Baixa
segunda-feira,BR-116,277.4,Plena Noite,Crescente,Céu Claro,Simples,Reta,-5.671621,-38.4622,DEL05-CE,Risco Baixo,Alta
quarta-feira,BR-262,3.6,Pleno dia,Decrescente,Céu Claro,Múltipla,Reta,-20.38712,-40.46925,DEL01-ES,Risco Médio,Média
domingo,BR-101,110.7,Plena Noite,Decrescente,Céu Claro,Dupla,Reta,-26.83477,-48.70615,DEL04-SC,Risco Médio,Alta
quinta-feira,BR-60,431.0,Amanhecer,Crescente,Ignorado,Simples,Rotatória,-20.97651,-54.97034,DEL01-MS,Risco Médio,Média
segunda-feira,BR-282,209.0,Pleno dia,Crescente,Céu Claro,Simples,Não Informado,-27.77693,-50.22189,DEL05-SC,Risco Médio,Baixa
sexta-feira,BR-10,268.0,Plena Noite,Crescente,Nevoeiro/Neblina,Simples,Reta,-2.08714,-47.55983,DEL02-PA,Risco Alto,Baixa
quarta-feira,BR-101,328.0,Plena Noite,Decrescente,Céu Claro,Dupla,Não Informado,-22.87027,-43.16594,DEL02-RJ,Risco Baixo,Alta
segunda-feira,BR-101,203.5,Plena Noite,Crescente,Nublado,Dupla,Reta,-27.565,-48.6146,DEL01-SC,Risco Médio,Alta
quinta-feira,BR-364,345.5,Pleno dia,Decrescente,Nublado,Dupla,Reta,-10.86881,-61.96018,DEL02-RO,Risco Médio,Alta
quinta-feira,BR-251,423.7,Amanhecer,Crescente,Ignorado,Simples,Não Informado,-16.311,-43.0964,DEL12-MG,Risco Baixo,Baixa
quarta-feira,BR-20,17.2,Pleno dia,Crescente,Céu Claro,Dupla,Reta,-15.62137,-47.71698,DEL02-DF,Risco Médio,Baixa
quarta-feira,BR-277,454.7,Pleno dia,Crescente,Céu Claro,Simples,Curva,-25.3698,-52.37913,DEL04-PR,Risco Médio,Média
domingo,BR-324,408.3,Plena Noite,Crescente,Céu Claro,Simples,Interseção de vias,-11.63059,-39.60527,DEL04-BA,Risco Alto,Baixa
terça-feira,BR-116,391.0,Amanhecer,Decrescente,Nublado,Dupla,Curva,-24.2797,-47.4238,DEL04-SP,Risco Médio,Alta
segunda-feira,BR-392,339.6,Pleno dia,Decrescente,Céu Claro,Simples,Reta,-29.82937,-53.7629,DEL09-RS,Risco Médio,Média
domingo,BR-364,276.6,Plena Noite,Decrescente,Ignorado,Simples,Desvio Temporário,-15.95345,-54.99099,DEL02-MT,Risco Médio,Alta
sábado,BR-146,505.4,Anoitecer,Crescente,Céu Claro,Simples,Curva,-21.74101,-46.40779,DEL09-MG,Risco Baixo,Baixa
segunda-feira,BR-116,270.0,Amanhecer,Decrescente,Céu Claro,Dupla,Reta,-23.60767,-46.76153,DEL04-SP,Risco Médio,Alta
terça-feira,BR-381,796.1,Anoitecer,Decrescente,Chuva,Dupla,Reta,-21.9153,-45.58223,DEL16-MG,Risco Médio,Alta
quinta-feira,BR-116,220.1,Pleno dia,Crescente,Céu Claro,Dupla,Curva,-22.6688,-43.81707,DEL07-RJ,Risco Baixo,Alta
domingo,BR-381,447.8,Plena Noite,Decrescente,Céu Claro,Simples,Reta,-19.82242,-43.81691,DEL01-MG,Risco Médio,Alta
terça-feira,BR-153,111.3,Plena Noite,Crescente,Céu Claro,Simples,Não Informado,-21.09663,-49.67871,DEL09-SP,Risco Médio,Alta
terça-feira,BR-101,157.7,Pleno dia,Decrescente,Nublado,Simples,Reta,-19.45345,-40.09963,DEL04-ES,Risco Médio,Alta
sexta-feira,BR-104,51.0,Pleno dia,Decrescente,Céu Claro,Dupla,Reta,-8.159284,-35.98204,DEL02-PE,Risco Médio,Baixa
quarta-feira,BR-242,778.0,Plena Noite,Crescente,Céu Claro,Simples,Desvio Temporário,-12.15593,-44.88186,DEL10-BA,Risco Baixo,Baixa
terça-feira,BR-262,461.4,Pleno dia,Crescente,Sol,Simples,Reta,-19.80737,-45.1236,DEL08-MG,Risco Médio,Média
sábado,BR-101,474.0,Pleno dia,Crescente,Céu Claro,Simples,Não Informado,-22.99499,-44.2492,DEL03-RJ,Risco Médio,Alta
quarta-feira,BR-277,111.8,Pleno dia,Crescente,Céu Claro,Dupla,Não Informado,-25.44596,-49.4711,DEL01-PR,Risco Médio,Média
domingo,BR-40,100.0,Pleno dia,Decrescente,Chuva,Simples,Curva,-22.64333,-43.28135,DEL06-RJ,Risco Baixo,Alta
segunda-feira,BR-381,652.3,Plena Noite,Crescente,Céu Claro,Dupla,Não Informado,-20.98385,-44.9448,DEL04-MG,Risco Médio,Alta
sábado,BR-251,427.0,Pleno dia,Crescente,Nublado,Simples,Curva,-16.33691,-43.13798,DEL12-MG,Risco Médio,Baixa
sábado,BR-101,108.9,Plena Noite,Decrescente,Céu Claro,Dupla,Reta,-26.82607,-48.69052,DEL03-SC,Risco Médio,Alta