dia_semana,br,km,fase_dia,sentido_via,condicao_metereologica,tipo_pista,tracado_via,latitude,longitude,delegacia,classificacao_acidente,postos_policiais_PRF
quinta-feira,BR-116,104.0,Pleno dia,Crescente,Nublado,Dupla,Reta,-22.50842,-42.99821,DEL04-RJ,Risco Médio,Alta
quarta-feira,BR-116,210.0,Pleno dia,Decrescente,Céu Claro,Dupla,Não Informado,-22.7068,-43.73827,DEL01-RJ,Risco Médio,Alta
sábado,BR-210,6.0,Pleno dia,Decrescente,Céu Claro,Dupla,Reta,0.09349,-51.11222,DEL01-AP,Risco Médio,Baixa
quarta-feira,BR-319,63.0,Pleno dia,Crescente,Céu Claro,Dupla,Não Informado,-8.766685,-63.88405,DEL01-RO,Risco Médio,Baixa
quarta-feira,BR-101,151.2,Anoitecer,Decrescente,Céu Claro,Simples,Reta,-11.2687,-37.4421,DEL02-SE,Risco Médio,Alta
sexta-feira,BR-101,287.0,Pleno dia,Crescente,Céu Claro,Dupla,Reta,-20.26717,-40.38733,DEL01-ES,Risco Médio,Alta
domingo,BR-285,520.0,Plena Noite,Decrescente,Nublado,Simples,Curva,-28.39859,-54.49373,DEL10-RS,Risco Médio,Baixa
segunda-feira,BR-80,17.0,Plena Noite,Crescente,Chuva,Dupla,Não Informado,-15.69207,-48.20514,DEL01-DF,Risco Médio,Baixa
quarta-feira,BR-135,178.0,Plena Noite,Crescente,Céu Claro,Simples,Reta,-4.003014,-44.47056,DEL01-MA,Risco Médio,Baixa
sábado,BR-470,138.0,Plena Noite,Crescente,Céu Claro,Simples,Reta,-27.20721,-49.64848,DEL04-SC,Risco Baixo,Baixa
quarta-feira,BR-381,496.9,Pleno dia,Crescente,Céu Claro,Dupla,Curva,-19.99676,-44.20959,DEL01-MG,Risco Médio,Alta
sexta-feira,BR-60,169.3,Pleno dia,Decrescente,Nublado,Dupla,Reta,-16.7269,-49.3822,DEL01-GO,Risco Médio,Média
quarta-feira,BR-116,121.0,Pleno dia,Crescente,Garoa/Chuvisco,Dupla,Não Informado,-25.55993,-49.30744,DEL01-PR,Risco Médio,Alta
segunda-feira,BR-40,93.7,Pleno dia,Crescente,Nublado,Dupla,Não Informado,-22.55543,-43.2583,DEL01-RJ,Risco Médio,Alta
sábado,BR-116,203.2,Pleno dia,Crescente,Chuva,Simples,Reta,-5.209596,-38.20513,DEL03-CE,Risco Alto,Alta
sexta-feira,BR-365,15.8,Pleno dia,Decrescente,Céu Claro,Simples,Curva,-16.85721,-43.97704,DEL12-MG,Risco Médio,Média
terça-feira,BR-381,487.1,Pleno dia,Decrescente,Céu Claro,Múltipla,Não Informado,-19.95549,-44.11737,DEL01-MG,Risco Médio,Alta
sábado,BR-470,143.0,Pleno dia,Decrescente,Sol,Simples,Reta,-27.23314,-49.67289,DEL04-SC,Risco Médio,Baixa
sábado,BR-316,224.0,Plena Noite,Decrescente,Ignorado,Simples,Reta,-1.685249,-46.70707,DEL01-PA,Risco Médio,Baixa
quinta-feira,BR-116,193.8,Plena Noite,Decrescente,Céu Claro,Dupla,Reta,-23.38041,-46.25851,DEL01-SP,Risco Médio,Alta
quinta-feira,BR-101,739.6,Plena Noite,Decrescente,Céu Claro,Simples,Não Informado,-16.5271,-39.5673,DEL09-BA,Risco Médio,Alta
sábado,BR-277,600.2,Anoitecer,Decrescente,Céu Claro,Dupla,Reta,-25.01271,-53.53644,DEL04-PR,Risco Médio,Média
domingo,BR-116,133.0,Pleno dia,Crescente,Céu Claro,Múltipla,Reta,-22.64715,-43.18753,DEL04-RJ,Risco Baixo,Alta
terça-feira,BR-101,268.8,Pleno dia,Decrescente,Céu Claro,Dupla,Reta,-22.7113,-42.66923,DEL02-RJ,Risco Baixo,Alta
domingo,BR-452,43.0,Pleno dia,Crescente,Garoa/Chuvisco,Simples,Reta,-17.93789,-50.53443,DEL04-GO,Risco Baixo,Baixa
quarta-feira,BR-452,28.0,Pleno dia,Decrescente,Nublado,Simples,Reta,-17.89189,-50.66205,DEL04-GO,Risco Baixo,Baixa
terça-feira,BR-101,166.4,Amanhecer,Decrescente,Nevoeiro/Neblina,Simples,Interseção de vias,-19.5136,-40.13995,DEL04-ES,Risco Médio,Alta
sexta-feira,BR-365,620.0,Plena Noite,Decrescente,Céu Claro,Dupla,Reta,-18.9113,-48.2622,DEL15-MG,Risco Médio,Média
quarta-feira,BR-482,87.9,Pleno dia,Crescente,Chuva,Simples,Curva,-20.75686,-41.55546,DEL03-ES,Risco Médio,Baixa
sexta-feira,BR-101,461.0,Plena Noite,Decrescente,Céu Claro,Dupla,Reta,-29.26682,-49.75518,DEL03-RS,Risco Médio,Alta
domingo,BR-420,347.0,Pleno dia,Decrescente,Céu Claro,Simples,Curva,-13.50742,-40.03401,DEL03-BA,Risco Médio,Baixa
quarta-feira,BR-101,51.5,Pleno dia,Decrescente,Céu Claro,Simples,Reta,-10.61153,-36.97738,DEL02-SE,Risco Médio,Alta
sábado,BR-324,516.0,Pleno dia,Crescente,Céu Claro,Simples,Reta,-12.25518,-38.93236,DEL02-BA,Risco Médio,Baixa
sábado,BR-324,516.0,Pleno dia,Crescente,Céu Claro,Simples,Reta,-12.25293,-38.93246,DEL02-BA,Risco Médio,Baixa
quinta-feira,BR-116,67.0,Pleno dia,Decrescente,Céu Claro,Dupla,Reta,-25.3191,-49.0205,DEL01-PR,Risco Baixo,Alta
terça-feira,BR-101,86.0,Pleno dia,Decrescente,Chuva,Dupla,Curva,-21.82667,-41.48685,DEL08-RJ,Risco Baixo,Alta
domingo,BR-381,278.0,Pleno dia,Crescente,Céu Claro,Simples,Reta,-19.56046,-42.7104,DEL03-MG,Risco Médio,Alta
quarta-feira,BR-267,52.8,Pleno dia,Crescente,Céu Claro,Simples,Reta,-21.72283,-43.01438,DEL07-MG,Risco Médio,Baixa
segunda-feira,BR-381,248.0,Plena Noite,Decrescente,Ignorado,Simples,Reta,-19.45175,-42.51489,DEL06-MG,Risco Médio,Alta
sábado,BR-222,673.0,Pleno dia,Decrescente,Céu Claro,Simples,Interseção de vias,-4.929605,-47.4459,DEL04-MA,Risco Baixo,Baixa
sexta-feira,BR-277,689.0,Plena Noite,Crescente,Céu Claro,Dupla,Curva,-25.35059,-54.24065,DEL05-PR,Risco Médio,Média
sexta-feira,BR-226,334.6,Pleno dia,Decrescente,Chuva,Simples,Não Informado,-5.46562,-45.48894,DEL03-MA,Risco Baixo,Baixa
domingo,BR-50,175.8,Anoitecer,Decrescente,Chuva,Dupla,Reta,-19.77882,-47.96816,DEL13-MG,Risco Médio,Média
sábado,BR-116,218.0,Plena Noite,Crescente,Céu Claro,Múltipla,Reta,-23.45797,-46.47993,DEL01-SP,Risco Médio,Alta
terça-feira,BR-376,492.1,Plena Noite,Decrescente,Ignorado,Dupla,Reta,-25.12073,-50.1852,DEL03-PR,Risco Baixo,Baixa
segunda-feira,BR-116,824.0,Pleno dia,Decrescente,Céu Claro,Dupla,Reta,-14.8681,-40.85059,DEL08-BA,Risco Médio,Alta
quarta-feira,BR-153,327.5,Pleno dia,Decrescente,Nublado,Simples,Reta,-15.50462,-49.47885,DEL02-GO,Risco Médio,Alta
quarta-feira,BR-277,108.0,Amanhecer,Crescente,Céu Claro,Dupla,Reta,-25.46338,-49.35755,DEL01-PR,Risco Médio,Média
sexta-feira,BR-153,506.8,Pleno dia,Crescente,Céu Claro,Múltipla,Desvio Temporário,-16.7633,-49.24,DEL01-GO,Risco Baixo,Alta
quinta-feira,BR-465,6.0,Anoitecer,Crescente,Céu Claro,Dupla,Reta,-22.75431,-43.69288,DEL01-RJ,Risco Médio,Baixa
segunda-feira,BR-365,266.0,Pleno dia,Crescente,Chuva,Simples,Curva,-17.8959,-45.5664,DEL14-MG,Risco Médio,Média
terça-feira,BR-101,197.0,Plena Noite,Decrescente,Garoa/Chuvisco,Dupla,Curva,-27.51844,-48.63848,DEL01-SC,Risco Baixo,Alta
domingo,BR-232,515.0,Pleno dia,Crescente,Céu Claro,Simples,Reta,-8.068192,-39.18004,DEL05-PE,Risco Médio,Baixa
quarta-feira,BR-60,99.0,Pleno dia,Crescente,Céu Claro,Simples,Não Informado,-16.39476,-48.96192,DEL02-GO,Risco Médio,Média
sexta-feira,BR-116,145.4,Plena Noite,Crescente,Céu Claro,Múltipla,Desvio Temporário,-23.18698,-45.85481,DEL02-SP,Risco Médio,Alta
terça-feira,BR-316,99.0,Pleno dia,Crescente,Chuva,Simples,Reta,-1.328786,-47.63912,DEL01-PA,Risco Médio,Baixa
quarta-feira,BR-135,0.8,Pleno dia,Decrescente,Céu Claro,Dupla,Reta,-2.585287,-44.24292,DEL01-MA,Risco Baixo,Baixa
terça-feira,BR-158,386.0,Amanhecer,Decrescente,Céu Claro,Simples,Reta,-12.64899,-51.78341,DEL07-MT,Risco Médio,Baixa
sexta-feira,BR-101,206.9,Pleno dia,Crescente,Céu Claro,Dupla,Reta,-27.59194,-48.61825,DEL01-SC,Risco Baixo,Alta
domingo,BR-116,166.0,Pleno dia,Crescente,Céu Claro,Múltipla,Reta,-22.80623,-43.34252,DEL01-RJ,Risco Baixo,Alta
sábado,BR-116,31.0,Pleno dia,Decrescente,Nublado,Simples,Curva,-22.08325,-42.81367,DEL04-RJ,Risco Médio,Alta
terça-feira,BR-163,485.0,Plena Noite,Crescente,Céu Claro,Simples,Reta,-20.44234,-54.54202,DEL01-MS,Risco Médio,Alta
segunda-feira,BR-230,133.0,Amanhecer,Crescente,Chuva,Dupla,Curva,-7.272646,-35.75253,DEL02-PB,Risco Baixo,Baixa
quarta-feira,BR-116,101.0,Pleno dia,Crescente,Céu Claro,Dupla,Reta,-22.99074,-45.48115,DEL08-SP,Risco Alto,Alta
quarta-feira,BR-30,306.2,Plena Noite,Decrescente,Ignorado,Simples,Curva,-14.17153,-42.18784,DEL08-BA,Risco Médio,Baixa
sexta-feira,BR-282,82.7,Pleno dia,Decrescente,Nublado,Simples,Curva,-27.66593,-49.17768,DEL01-SC,Risco Médio,Baixa
quarta-feira,BR-116,545.8,Anoitecer,Crescente,Chuva,Simples,Curva,-24.95017,-48.424,DEL05-SP,Risco Médio,Alta
quinta-feira,BR-116,519.3,Plena Noite,Decrescente,Céu Claro,Dupla,Viaduto,-31.69577,-52.35651,DEL07-RS,Risco Baixo,Alta
sábado,BR-101,55.7,Pleno dia,Crescente,Céu Claro,Dupla,Reta,-26.42281,-48.82977,DEL03-SC,Risco Médio,Alta
quarta-feira,BR-153,511.5,Pleno dia,Decrescente,Nublado,Múltipla,Reta,-16.8026,-49.2388,DEL01-GO,Risco Médio,Alta
sexta-feira,BR-101,377.0,Pleno dia,Decrescente,Céu Claro,Simples,Reta,-20.79291,-40.80874,DEL03-ES,Risco Baixo,Alta
terça-feira,BR-70,693.0,Pleno dia,Decrescente,Chuva,Simples,Desvio Temporário,-16.20286,-57.38699,DEL03-MT,Risco Médio,Baixa
sexta-feira,BR-101,49.5,Pleno dia,Decrescente,Nublado,Simples,Reta,-23.44839,-45.07938,DEL06-SP,Risco Médio,Alta
quinta-feira,BR-163,548.0,Pleno dia,Crescente,Céu Claro,Simples,Não Informado,-19.91562,-54.36943,DEL01-MS,Risco Baixo,Alta
domingo,BR-316,5.3,Plena Noite,Crescente,Céu Claro,Múltipla,Desvio Temporário,-5.141699,-42.78157,DEL01-PI,Risco Alto,Baixa
terça-feira,BR-116,53.2,Plena Noite,Decrescente,Céu Claro,Simples,Não Informado,-26.39325,-50.15515,DEL06-SC,Risco Médio,Alta
segunda-feira,BR-116,214.5,Plena Noite,Decrescente,Nublado,Múltipla,Reta,-23.44667,-46.45341,DEL01-SP,Risco Médio,Alta
domingo,BR-386,152.7,Anoitecer,Decrescente,Céu Claro,Simples,Reta,-28.095,-52.86078,DEL08-RS,Risco Médio,Média
sexta-feira,BR-70,736.0,Pleno dia,Crescente,Céu Claro,Simples,Reta,-16.12756,-57.65875,DEL03-MT,Risco Médio,Baixa
sábado,BR-101,39.6,Plena Noite,Crescente,Céu Claro,Dupla,Reta,-26.3096,-48.878,DEL03-SC,Risco Médio,Alta
segunda-feira,BR-116,117.0,Pleno dia,Decrescente,Céu Claro,Dupla,Não Informado,-25.54989,-49.28248,DEL01-PR,Risco Médio,Alta
quinta-feira,BR-386,428.0,Pleno dia,Decrescente,Nublado,Dupla,Reta,-29.82469,-51.34358,DEL04-RS,Risco Baixo,Média
sábado,BR-116,415.3,Plena Noite,Decrescente,Chuva,Simples,Reta,-18.88401,-41.94924,DEL06-MG,Risco Médio,Alta
sexta-feira,BR-235,11.0,Pleno dia,Crescente,Céu Claro,Simples,Não Informado,-10.87788,-37.15605,DEL01-SE,Risco Médio,Baixa
sábado,BR-40,812.2,Pleno dia,Decrescente,Garoa/Chuvisco,Dupla,Curva,-21.89476,-43.31288,DEL05-MG,Risco Médio,Alta
domingo,BR-402,62.0,Pleno dia,Decrescente,Céu Claro,Simples,Curva,-3.079398,-41.55392,DEL05-PI,Risco Alto,Baixa
sábado,BR-116,149.4,Pleno dia,Decrescente,Nublado,Múltipla,Não Informado,-23.207,-45.88627,DEL02-SP,Risco Baixo,Alta
segunda-feira,BR-163,942.0,Pleno dia,Crescente,Chuva,Simples,Reta,-10.939,-55.211,DEL06-MT,Risco Alto,Alta
domingo,BR-158,532.0,Pleno dia,Decrescente,Céu Claro,Simples,Interseção de vias,-26.211,-52.68072,DEL02-PR,Risco Médio,Baixa
domingo,BR-293,53.0,Plena Noite,Crescente,Garoa/Chuvisco,Simples,Não Informado,-31.72723,-52.85762,DEL07-RS,Risco Baixo,Baixa
quarta-feira,BR-101,209.5,Pleno dia,Decrescente,Nublado,Múltipla,Reta,-27.61001,-48.63895,DEL01-SC,Risco Médio,Alta
terça-feira,BR-423,26.0,Pleno dia,Decrescente,Céu Claro,Simples,Reta,-8.401994,-36.1843,DEL02-PE,Risco Médio,Baixa
segunda-feira,BR-116,189.4,Amanhecer,Crescente,Céu Claro,Simples,Curva,-29.41339,-51.13114,DEL05-RS,Risco Baixo,Alta
terça-feira,BR-386,338.5,Pleno dia,Crescente,Sol,Simples,Reta,-29.40475,-52.03574,DEL04-RS,Risco Médio,Média
sábado,BR-393,111.5,Plena Noite,Crescente,Céu Claro,Simples,Reta,-21.9116,-42.7438,DEL06-RJ,Risco Médio,Média
terça-feira,BR-251,449.8,Pleno dia,Decrescente,Sol,Simples,Curva,-16.42053,-43.28967,DEL12-MG,Risco Alto,Baixa
domingo,BR-369,95.1,Plena Noite,Decrescente,Céu Claro,Simples,Não Informado,-23.22719,-50.67591,DEL07-PR,Risco Médio,Baixa
domingo,BR-146,538.5,Pleno dia,Decrescente,Chuva,Simples,Interseção de vias,-21.35468,-46.51641,DEL09-MG,Risco Médio,Baixa
segunda-feira,BR-324,516.0,Plena Noite,Decrescente,Céu Claro,Simples,Reta,-12.26711,-38.96699,DEL02-BA,Risco Médio,Baixa
sexta-feira,BR-393,235.0,Plena Noite,Crescente,Nublado,Simples,Reta,-22.38371,-43.64221,DEL05-RJ,Risco Médio,Média
segunda-feira,BR-116,266.0,Plena Noite,Crescente,Nublado,Dupla,Reta,-22.54465,-44.17177,DEL07-RJ,Risco Médio,Alta
sábado,BR-116,17.1,Pleno dia,Decrescente,Sol,Simples,Reta,-14.89842,-40.83546,DEL08-BA,Risco Médio,Alta
sexta-feira,BR-153,44.4,Pleno dia,Crescente,Céu Claro,Simples,Rotatória,-27.6221,-52.23767,DEL08-RS,Risco Médio,Alta
domingo,BR-101,200.0,Pleno dia,Decrescente,Sol,Múltipla,Reta,-27.54019,-48.62288,DEL01-SC,Risco Médio,Alta
quarta-feira,BR-364,523.0,Pleno dia,Decrescente,Céu Claro,Simples,Ponte,-9.852343,-63.05884,DEL03-RO,Risco Médio,Alta
sábado,BR-60,173.0,Plena Noite,Crescente,Céu Claro,Dupla,Reta,-16.7474,-49.4238,DEL01-GO,Risco Médio,Média
domingo,BR-20,80.0,Pleno dia,Crescente,Nublado,Simples,Reta,-15.09036,-47.10455,DEL02-DF,Risco Alto,Baixa
quinta-feira,BR-101,44.1,Pleno dia,Decrescente,Sol,Múltipla,Reta,-7.85561,-34.90887,DEL01-PE,Risco Baixo,Alta
quinta-feira,BR-116,171.2,Plena Noite,Crescente,Nublado,Simples,Reta,-27.20242,-50.46574,DEL05-SC,Risco Baixo,Alta
sábado,BR-101,671.5,Plena Noite,Decrescente,Nublado,Simples,Reta,-16.03863,-39.60947,DEL09-BA,Risco Médio,Alta
quarta-feira,BR-262,21.3,Pleno dia,Decrescente,Céu Claro,Simples,Desvio Temporário,-20.2512,-41.91772,DEL06-MG,Risco Médio,Média
segunda-feira,BR-116,157.4,Anoitecer,Crescente,Céu Claro,Dupla,Reta,-23.25774,-45.94746,DEL02-SP,Risco Médio,Alta
quarta-feira,BR-381,754.5,Pleno dia,Crescente,Sol,Dupla,Reta,-21.68627,-45.34601,DEL16-MG,Risco Médio,Alta
domingo,BR-364,268.0,Plena Noite,Decrescente,Céu Claro,Simples,Reta,-15.98124,-54.9324,DEL02-MT,Risco Médio,Alta
quinta-feira,BR-40,528.0,Amanhecer,Crescente,Céu Claro,Dupla,Reta,-19.9123,-44.0413,DEL01-MG,Risco Médio,Alta
segunda-feira,BR-50,177.1,Pleno dia,Crescente,Céu Claro,Dupla,Retorno Regulamentado,-19.77915,-47.95048,DEL13-MG,Risco Médio,Média
quinta-feira,BR-40,789.5,Plena Noite,Crescente,Céu Claro,Dupla,Reta,-21.75969,-43.44078,DEL05-MG,Risco Médio,Alta
domingo,BR-262,324.0,Plena Noite,Decrescente,Céu Claro,Simples,Reta,-20.46865,-54.51559,DEL01-MS,Risco Médio,Média
sexta-feira,BR-40,531.0,Pleno dia,Crescente,Ignorado,Dupla,Reta,-19.9211,-44.02377,DEL01-MG,Risco Médio,Alta
sábado,BR-262,439.0,Plena Noite,Crescente,Vento,Dupla,Reta,-19.89197,-44.88685,DEL08-MG,Risco Baixo,Média
sábado,BR-60,91.0,Plena Noite,Decrescente,Céu Claro,Dupla,Reta,-16.3491,-48.9095,DEL02-GO,Risco Baixo,Média
quinta-feira,BR-376,649.0,Plena Noite,Crescente,Chuva,Dupla,Reta,-25.84717,-49.09378,DEL01-PR,Risco Baixo,Baixa
terça-feira,BR-116,345.4,Pleno dia,Crescente,Céu Claro,Simples,Desvio Temporário,-11.551,-38.99,DEL02-BA,Risco Médio,Alta
sexta-feira,BR-101,128.8,Pleno dia,Crescente,Sol,Dupla,Reta,-6.110472,-35.23377,DEL01-RN,Risco Baixo,Alta
sábado,BR-262,100.0,Pleno dia,Decrescente,Chuva,Simples,Curva,-20.3489,-41.10207,DEL01-ES,Risco Baixo,Média
quarta-feira,BR-470,132.0,Pleno dia,Crescente,Sol,Simples,Reta,-27.17194,-49.58362,DEL04-SC,Risco Médio,Baixa
sábado,BR-262,401.7,Plena Noite,Decrescente,Céu Claro,Dupla,Curva,-19.88526,-44.61772,DEL08-MG,Risco Baixo,Média
sábado,BR-365,756.0,Plena Noite,Decrescente,Céu Claro,Simples,Rotatória,-18.96618,-49.50633,DEL15-MG,Risco Médio,Média
domingo,BR-101,225.5,Pleno dia,Decrescente,Céu Claro,Dupla,Reta,-27.7422,-48.638,DEL01-SC,Risco Médio,Alta
sábado,BR-101,69.0,Pleno dia,Decrescente,Céu Claro,Simples,Rotatória,-5.672473,-35.25973,DEL02-RN,Risco Médio,Alta
segunda-feira,BR-101,148.0,Pleno dia,Crescente,Céu Claro,Simples,Reta,-27.109,-48.6126,DEL04-SC,Risco Médio,Alta
quarta-feira,BR-364,401.2,Plena Noite,Decrescente,Ignorado,Simples,Reta,-15.65301,-55.99217,DEL02-MT,Risco Médio,Alta
sábado,BR-116,25.0,Plena Noite,Decrescente,Chuva,Dupla,Reta,-25.10785,-48.77549,DEL01-PR,Risco Médio,Alta
sexta-feira,BR-116,67.1,Pleno dia,Decrescente,Céu Claro,Simples,Interseção de vias,-4.311813,-38.4989,DEL03-CE,Risco Médio,Alta
sábado,BR-277,82.0,Plena Noite,Crescente,Nublado,Dupla,Reta,-25.57978,-49.23083,DEL01-PR,Risco Médio,Média
quarta-feira,BR-101,73.5,Pleno dia,Decrescente,Nublado,Múltipla,Curva,-26.53567,-48.71327,DEL03-SC,Risco Baixo,Alta
sábado,BR-251,444.0,Pleno dia,Decrescente,Garoa/Chuvisco,Simples,Reta,-16.41851,-43.26071,DEL12-MG,Risco Médio,Baixa
sexta-feira,BR-116,8.3,Plena Noite,Decrescente,Céu Claro,Simples,Reta,-22.53633,-44.7714,DEL08-SP,Risco Alto,Alta
terça-feira,BR-407,4.9,Pleno dia,Crescente,Céu Claro,Simples,Reta,-9.445495,-40.49169,DEL04-BA,Risco Alto,Baixa
quinta-feira,BR-376,416.7,Pleno dia,Crescente,Céu Claro,Simples,Desvio Temporário,-24.66312,-50.60578,DEL03-PR,Risco Médio,Baixa
quarta-feira,BR-40,526.0,Pleno dia,Decrescente,Chuva,Dupla,Reta,-19.89255,-44.04985,DEL01-MG,Risco Médio,Alta
segunda-feira,BR-101,96.0,Plena Noite,Decrescente,Céu Claro,Múltipla,Curva,-5.8482,-35.2086,DEL01-RN,Risco Médio,Alta
quarta-feira,BR-381,338.0,Plena Noite,Crescente,Nublado,Simples,Curva,-19.80194,-43.05397,DEL03-MG,Risco Baixo,Alta
quarta-feira,BR-282,5.3,Pleno dia,Crescente,Sol,Dupla,Reta,-27.58733,-48.61486,DEL01-SC,Risco Médio,Baixa
terça-feira,BR-163,4.0,Plena Noite,Decrescente,Céu Claro,Dupla,Desvio Temporário,-17.48392,-54.73979,DEL02-MT,Risco Médio,Alta
segunda-feira,BR-470,22.8,Plena Noite,Decrescente,Nublado,Dupla,Reta,-26.88007,-48.83622,DEL04-SC,Risco Médio,Baixa
domingo,BR-101,369.0,Plena Noite,Decrescente,Nublado,Dupla,Reta,-28.69776,-49.18293,DEL02-SC,Risco Médio,Alta
sexta-feira,BR-40,104.0,Pleno dia,Crescente,Chuva,Dupla,Reta,-22.62898,-43.2858,DEL01-RJ,Risco Médio,Alta
quinta-feira,BR-116,7.0,Plena Noite,Decrescente,Ignorado,Múltipla,Reta,-3.81026,-38.50052,DEL01-CE,Risco Médio,Alta
domingo,BR-476,48.0,Pleno dia,Crescente,Nublado,Simples,Curva,-24.92094,-49.09756,DEL01-PR,Risco Alto,Baixa
quarta-feira,BR-277,111.0,Pleno dia,Decrescente,Chuva,Dupla,Reta,-25.44521,-49.46856,DEL01-PR,Risco Médio,Média
domingo,BR-116,386.0,Amanhecer,Decrescente,Nublado,Dupla,Reta,-24.2641,-47.38437,DEL04-SP,Risco Médio,Alta
sexta-feira,BR-364,707.0,Pleno dia,Decrescente,Céu Claro,Dupla,Curva,-8.800372,-63.83263,DEL01-RO,Risco Médio,Alta
segunda-feira,BR-393,160.3,Anoitecer,Crescente,Chuva,Simples,Não Informado,-22.11093,-43.1119,DEL06-RJ,Risco Médio,Média
domingo,BR-365,165.0,Pleno dia,Decrescente,Sol,Simples,Rotatória,-17.38125,-44.9609,DEL12-MG,Risco Médio,Média
segunda-feira,BR-101,63.0,Pleno dia,Crescente,Chuva,Dupla,Reta,-29.70684,-50.18211,DEL03-RS,Risco Baixo,Alta
sábado,BR-262,451.0,Plena Noite,Crescente,Chuva,Simples,Reta,-19.85477,-45.02271,DEL08-MG,Risco Médio,Média
sábado,BR-20,190.8,Plena Noite,Decrescente,Céu Claro,Simples,Reta,-5.213917,-39.79974,DEL02-CE,Risco Baixo,Baixa
sexta-feira,BR-101,65.0,Pleno dia,Crescente,Céu Claro,Simples,Reta,-21.7538,-41.3436,DEL08-RJ,Risco Médio,Alta
sexta-feira,BR-290,444.0,Pleno dia,Crescente,Céu Claro,Simples,Reta,-30.25674,-54.55888,DEL11-RS,Risco Médio,Baixa
segunda-feira,BR-356,268.2,Pleno dia,Crescente,Nublado,Simples,Reta,-21.12691,-42.34244,DEL07-MG,Risco Médio,Baixa
domingo,BR-101,297.0,Pleno dia,Decrescente,Céu Claro,Dupla,Reta,-22.76942,-42.91874,DEL02-RJ,Risco Médio,Alta
sexta-feira,BR-116,67.0,Pleno dia,Crescente,Chuva,Dupla,Curva,-25.31874,-49.02023,DEL01-PR,Risco Médio,Alta
domingo,BR-304,306.0,Pleno dia,Crescente,Céu Claro,Dupla,Desvio Temporário,-5.890122,-35.26352,DEL01-RN,Risco Médio,Baixa
sexta-feira,BR-153,2.0,Plena Noite,Decrescente,Nublado,Dupla,Retorno Regulamentado,-18.43435,-49.19083,DEL15-MG,Risco Médio,Alta
segunda-feira,BR-324,605.0,Pleno dia,Decrescente,Sol,Dupla,Reta,-12.80121,-38.4039,DEL01-BA,Risco Baixo,Baixa
sexta-feira,BR-230,32.0,Pleno dia,Decrescente,Céu Claro,Dupla,Reta,-7.138317,-34.92437,DEL01-PB,Risco Médio,Baixa
domingo,BR-470,37.5,Pleno dia,Decrescente,Céu Claro,Dupla,Não Informado,-26.91273,-48.97804,DEL04-SC,Risco Alto,Baixa
sábado,BR-101,300.0,Plena Noite,Decrescente,Céu Claro,Dupla,Reta,-20.35863,-40.43217,DEL01-ES,Risco Médio,Alta
segunda-feira,BR-476,112.0,Amanhecer,Crescente,Nublado,Simples,Não Informado,-25.31848,-49.159,DEL01-PR,Risco Médio,Baixa
terça-feira,BR-465,15.0,Plena Noite,Crescente,Ignorado,Simples,Reta,-22.81093,-43.6315,DEL01-RJ,Risco Baixo,Baixa
domingo,BR-116,82.1,Pleno dia,Decrescente,Céu Claro,Simples,Rotatória,-8.546804,-39.22565,DEL05-PE,Risco Alto,Alta
sábado,BR-423,69.0,Plena Noite,Crescente,Céu Claro,Simples,Não Informado,-8.676487,-36.40183,DEL03-PE,Risco Médio,Baixa
terça-feira,BR-30,659.0,Pleno dia,Crescente,Céu Claro,Simples,Reta,-14.23148,-39.10311,DEL05-BA,Risco Alto,Baixa
sábado,BR-20,41.9,Plena Noite,Decrescente,Céu Claro,Simples,Reta,-13.58761,-46.11738,DEL10-BA,Risco Baixo,Baixa
sexta-feira,BR-376,655.6,Pleno dia,Crescente,Chuva,Dupla,Reta,-25.84165,-49.04247,DEL01-PR,Risco Médio,Baixa
terça-feira,BR-476,129.2,Pleno dia,Crescente,Céu Claro,Simples,Curva,-25.44098,-49.23371,DEL01-PR,Risco Baixo,Baixa
terça-feira,BR-316,268.0,Pleno dia,Decrescente,Sol,Simples,Reta,-9.576852,-35.83378,DEL02-AL,Risco Baixo,Baixa
segunda-feira,BR-381,767.4,Pleno dia,Crescente,Céu Claro,Dupla,Curva,-21.7528,-45.3956,DEL16-MG,Risco Médio,Alta
terça-feira,BR-116,362.0,Plena Noite,Crescente,Nublado,Simples,Curva,-24.12202,-47.27048,DEL04-SP,Risco Baixo,Alta
sexta-feira,BR-381,505.0,Anoitecer,Decrescente,Céu Claro,Simples,Reta,-20.04478,-44.27276,DEL01-MG,Risco Médio,Alta
quarta-feira,BR-435,71.0,Plena Noite,Decrescente,Céu Claro,Simples,Curva,-13.10217,-60.41099,DEL04-RO,Risco Médio,Baixa
sábado,BR-222,137.0,Plena Noite,Crescente,Céu Claro,Simples,Reta,-3.744355,-39.79727,DEL04-CE,Risco Médio,Baixa
quarta-feira,BR-101,379.9,Plena Noite,Crescente,Ignorado,Dupla,Reta,-28.74937,-49.26648,DEL02-SC,Risco Baixo,Alta
terça-feira,BR-471,175.7,Plena Noite,Decrescente,Céu Claro,Simples,Interseção de vias,-29.99308,-52.36814,DEL02-RS,Risco Médio,Baixa
sexta-feira,BR-381,502.5,Pleno dia,Crescente,Céu Claro,Dupla,Curva,-20.01735,-44.22473,DEL01-MG,Risco Médio,Alta
domingo,BR-324,547.3,Pleno dia,Decrescente,Chuva,Dupla,Não Informado,-12.43074,-38.73263,DEL01-BA,Risco Médio,Baixa