dia_semana,br,km,fase_dia,sentido_via,condicao_metereologica,tipo_pista,tracado_via,latitude,longitude,delegacia,classificacao_acidente,postos_policiais_PRF
sexta-feira,BR-376,181.9,Pleno dia,Crescente,Sol,Dupla,Reta,-23.43171,-51.8883,DEL07-PR,Risco Médio,Baixa
terça-feira,BR-116,224.0,Pleno dia,Crescente,Nublado,Múltipla,Reta,-23.48072,-46.53272,DEL01-SP,Risco Médio,Alta
domingo,BR-116,169.0,Plena Noite,Crescente,Nublado,Múltipla,Reta,-22.81621,-43.32446,DEL01-RJ,Risco Médio,Alta
sábado,BR-230,515.0,Pleno dia,Decrescente,Céu Claro,Simples,Curva,-6.505675,-43.8854,DEL05-MA,Risco Médio,Baixa
quarta-feira,BR-50,29.0,Pleno dia,Crescente,Céu Claro,Múltipla,Curva,-18.62034,-48.11087,DEL15-MG,Risco Médio,Média
sábado,BR-364,236.0,Pleno dia,Decrescente,Céu Claro,Simples,Reta,-17.79771,-52.05103,DEL05-GO,Risco Médio,Alta
sexta-feira,BR-470,175.0,Anoitecer,Decrescente,Céu Claro,Simples,Desvio Temporário,-27.25617,-49.93897,DEL04-SC,Risco Médio,Baixa
quarta-feira,BR-101,409.0,Pleno dia,Crescente,Chuva,Simples,Curva,-20.89643,-41.04527,DEL03-ES,Risco Médio,Alta
sexta-feira,BR-116,274.8,Anoitecer,Decrescente,Nublado,Dupla,Reta,-17.84044,-41.51329,DEL11-MG,Risco Médio,Alta
domingo,BR-116,829.5,Pleno dia,Decrescente,Céu Claro,Simples,Não Informado,-14.9054,-40.87138,DEL08-BA,Risco Médio,Alta
domingo,BR-381,691.0,Pleno dia,Decrescente,Nublado,Dupla,Reta,-21.24243,-45.13577,DEL04-MG,Risco Baixo,Alta
quinta-feira,BR-116,27.0,Plena Noite,Crescente,Céu Claro,Dupla,Reta,-3.984187,-38.51514,DEL01-CE,Risco Médio,Alta
quinta-feira,BR-101,185.3,Amanhecer,Decrescente,Sol,Dupla,Reta,-19.66049,-40.24099,DEL04-ES,Risco Médio,Alta
segunda-feira,BR-101,213.0,Pleno dia,Decrescente,Chuva,Dupla,Reta,-27.6446,-48.6705,DEL01-SC,Risco Baixo,Alta
domingo,BR-316,46.0,Amanhecer,Crescente,Céu Claro,Múltipla,Curva,-1.2834,-48.0647,DEL01-PA,Risco Médio,Baixa
sexta-feira,BR-153,496.9,Pleno dia,Crescente,Céu Claro,Dupla,Reta,-16.6776,-49.2314,DEL01-GO,Risco Médio,Alta
quarta-feira,BR-101,112.5,Pleno dia,Decrescente,Céu Claro,Múltipla,Curva,-26.8533,-48.7265,DEL04-SC,Risco Médio,Alta
sábado,BR-277,5.0,Pleno dia,Decrescente,Céu Claro,Dupla,Reta,-25.46364,-54.58349,DEL05-PR,Risco Baixo,Média
sábado,BR-319,64.0,Pleno dia,Crescente,Sol,Dupla,Interseção de vias,-8.766112,-63.88462,DEL01-RO,Risco Médio,Baixa
sexta-feira,BR-101,41.7,Pleno dia,Crescente,Céu Claro,Múltipla,Reta,-7.837,-34.9124,DEL01-PE,Risco Baixo,Alta
terça-feira,BR-364,440.0,Anoitecer,Crescente,Céu Claro,Simples,Curva,-15.61181,-56.20414,DEL01-MT,Risco Médio,Alta
quinta-feira,BR-70,288.0,Amanhecer,Decrescente,Céu Claro,Simples,Reta,-15.57668,-54.36786,DEL05-MT,Risco Médio,Baixa
sábado,BR-40,620.1,Pleno dia,Crescente,Céu Claro,Simples,Reta,-20.57784,-43.80982,DEL05-MG,Risco Médio,Alta
sábado,BR-470,327.1,Pleno dia,Crescente,Céu Claro,Simples,Reta,-27.46564,-51.26857,DEL07-SC,Risco Alto,Baixa
segunda-feira,BR-174,15.0,Plena Noite,Decrescente,Céu Claro,Simples,Interseção de vias,-12.72332,-60.12801,DEL04-RO,Risco Médio,Baixa
sábado,BR-163,578.0,Plena Noite,Decrescente,Nublado,Simples,Reta,-13.94929,-56.09737,DEL01-MT,Risco Médio,Alta
segunda-feira,BR-158,158.0,Amanhecer,Crescente,Nublado,Simples,Reta,-15.208,-52.1806,DEL07-MT,Risco Médio,Baixa
sábado,BR-420,241.0,Pleno dia,Crescente,Nublado,Simples,Reta,-13.16529,-39.40661,DEL01-BA,Risco Alto,Baixa
segunda-feira,BR-116,14.0,Pleno dia,Crescente,Céu Claro,Múltipla,Reta,-3.869734,-38.49827,DEL01-CE,Risco Médio,Alta
quinta-feira,BR-316,553.0,Pleno dia,Crescente,Céu Claro,Simples,Reta,-4.877648,-43.33816,DEL03-MA,Risco Médio,Baixa
segunda-feira,BR-116,146.1,Pleno dia,Crescente,Sol,Dupla,Não Informado,-23.1908,-45.86282,DEL02-SP,Risco Alto,Alta
sábado,BR-101,39.0,Pleno dia,Crescente,Céu Claro,Dupla,Reta,-26.26281,-48.90192,DEL03-SC,Risco Baixo,Alta
sexta-feira,BR-110,113.8,Pleno dia,Crescente,Chuva,Simples,Curva,-5.741,-37.284,DEL04-RN,Risco Médio,Baixa
segunda-feira,BR-101,225.0,Plena Noite,Decrescente,Nublado,Dupla,Reta,-27.71127,-48.6541,DEL01-SC,Risco Médio,Alta
domingo,BR-373,274.0,Pleno dia,Crescente,Céu Claro,Simples,Reta,-25.2519,-51.05917,DEL08-PR,Risco Médio,Baixa
segunda-feira,BR-101,354.9,Pleno dia,Crescente,Sol,Dupla,Reta,-28.62028,-49.07337,DEL02-SC,Risco Médio,Alta
quinta-feira,BR-364,269.8,Pleno dia,Crescente,Céu Claro,Dupla,Interseção de vias,-15.97423,-54.938,DEL02-MT,Risco Médio,Alta
sábado,BR-376,657.0,Pleno dia,Crescente,Nublado,Simples,Curva,-25.85232,-49.03033,DEL01-PR,Risco Médio,Baixa
terça-feira,BR-10,108.0,Pleno dia,Decrescente,Céu Claro,Simples,Reta,-3.592898,-47.48995,DEL02-PA,Risco Médio,Baixa
domingo,BR-163,793.0,Plena Noite,Crescente,Céu Claro,Simples,Reta,-17.97932,-54.67846,DEL06-MS,Risco Baixo,Alta
segunda-feira,BR-402,254.0,Plena Noite,Crescente,Céu Claro,Simples,Reta,-3.473327,-39.63696,DEL01-CE,Risco Alto,Baixa
terça-feira,BR-20,108.0,Pleno dia,Decrescente,Chuva,Simples,Reta,-14.90874,-46.93142,DEL02-DF,Risco Médio,Baixa
sábado,BR-251,23.0,Pleno dia,Decrescente,Céu Claro,Simples,Curva,-15.955,-47.673,DEL01-DF,Risco Médio,Baixa
domingo,BR-116,827.5,Pleno dia,Decrescente,Céu Claro,Simples,Reta,-14.89096,-40.86246,DEL08-BA,Risco Médio,Alta
segunda-feira,BR-101,270.5,Pleno dia,Crescente,Céu Claro,Dupla,Reta,-20.23107,-40.27387,DEL02-ES,Risco Médio,Alta
quarta-feira,BR-381,764.0,Pleno dia,Decrescente,Nublado,Dupla,Reta,-21.7319,-45.3825,DEL16-MG,Risco Baixo,Alta
quinta-feira,BR-472,582.0,Pleno dia,Decrescente,Nublado,Simples,Reta,-29.81025,-57.09528,DEL13-RS,Risco Médio,Baixa
terça-feira,BR-381,52.2,Pleno dia,Decrescente,Céu Claro,Dupla,Não Informado,-23.23165,-46.60096,DEL03-SP,Risco Baixo,Alta
segunda-feira,BR-116,220.0,Pleno dia,Decrescente,Céu Claro,Múltipla,Reta,-23.46473,-46.49794,DEL01-SP,Risco Médio,Alta
quinta-feira,BR-116,316.9,Pleno dia,Crescente,Céu Claro,Dupla,Reta,-23.917,-46.98945,DEL04-SP,Risco Médio,Alta
sábado,BR-153,294.4,Plena Noite,Crescente,Céu Claro,Simples,Interseção de vias,-8.483209,-48.48985,DEL02-TO,Risco Médio,Alta
domingo,BR-407,4.0,Plena Noite,Crescente,Céu Claro,Simples,Rotatória,-9.439575,-40.49433,DEL06-PE,Risco Alto,Baixa
domingo,BR-316,12.0,Pleno dia,Crescente,Céu Claro,Dupla,Reta,-1.365636,-48.35879,DEL01-PA,Risco Alto,Baixa
sexta-feira,BR-316,75.0,Plena Noite,Decrescente,Céu Claro,Simples,Reta,-1.303827,-47.79018,DEL01-PA,Risco Médio,Baixa
terça-feira,BR-116,248.2,Plena Noite,Decrescente,Chuva,Dupla,Curva,-29.77734,-51.15526,DEL01-RS,Risco Médio,Alta
sábado,BR-163,534.0,Plena Noite,Decrescente,Céu Claro,Dupla,Reta,-20.04205,-54.41341,DEL01-MS,Risco Baixo,Alta
quinta-feira,BR-116,111.2,Pleno dia,Crescente,Sol,Múltipla,Reta,-25.56885,-49.22725,DEL01-PR,Risco Médio,Alta
domingo,BR-232,181.3,Plena Noite,Crescente,Chuva,Simples,Curva,-8.34628,-36.43776,DEL02-PE,Risco Médio,Baixa
domingo,BR-267,131.6,Plena Noite,Crescente,Nublado,Simples,Reta,-21.73909,-43.55312,DEL05-MG,Risco Médio,Baixa
sábado,BR-101,298.0,Pleno dia,Decrescente,Nublado,Dupla,Reta,-22.7714,-42.92896,DEL02-RJ,Risco Médio,Alta
sexta-feira,BR-116,155.0,Plena Noite,Crescente,Nublado,Dupla,Reta,-23.24709,-45.93082,DEL02-SP,Risco Médio,Alta
terça-feira,BR-20,10.9,Plena Noite,Decrescente,Céu Claro,Simples,Reta,-15.55845,-47.26619,DEL02-DF,Risco Médio,Baixa
domingo,BR-20,12.1,Pleno dia,Crescente,Céu Claro,Dupla,Reta,-15.64242,-47.75701,DEL02-DF,Risco Médio,Baixa
quinta-feira,BR-101,117.9,Pleno dia,Decrescente,Céu Claro,Dupla,Reta,-7.427492,-34.96579,DEL01-PB,Risco Médio,Alta
sexta-feira,BR-101,204.7,Pleno dia,Crescente,Céu Claro,Múltipla,Não Informado,-27.57999,-48.61427,DEL01-SC,Risco Médio,Alta
domingo,BR-101,41.0,Pleno dia,Decrescente,Nublado,Simples,Reta,-23.41742,-45.04506,DEL06-SP,Risco Médio,Alta
quarta-feira,BR-101,83.0,Anoitecer,Crescente,Céu Claro,Dupla,Reta,-8.1767,-34.9445,DEL01-PE,Risco Médio,Alta
sábado,BR-60,163.8,Pleno dia,Crescente,Chuva,Múltipla,Não Informado,-16.70311,-49.3406,DEL01-GO,Risco Médio,Média
sexta-feira,BR-226,110.7,Anoitecer,Crescente,Nublado,Simples,Reta,-6.235576,-36.01209,DEL03-RN,Risco Médio,Baixa
sábado,BR-101,207.4,Pleno dia,Crescente,Céu Claro,Múltipla,Reta,-27.60001,-48.62265,DEL01-SC,Risco Médio,Alta
sexta-feira,BR-470,58.3,Plena Noite,Decrescente,Nublado,Simples,Reta,-26.87814,-49.13228,DEL04-SC,Risco Baixo,Baixa
sexta-feira,BR-116,575.8,Anoitecer,Crescente,Nublado,Simples,Curva,-20.14598,-42.18538,DEL06-MG,Risco Médio,Alta
quinta-feira,BR-116,147.0,Pleno dia,Crescente,Céu Claro,Múltipla,Reta,-22.66978,-43.27286,DEL01-RJ,Risco Médio,Alta
quinta-feira,BR-101,227.8,Pleno dia,Crescente,Céu Claro,Dupla,Curva,-22.55519,-42.35509,DEL02-RJ,Risco Médio,Alta
quarta-feira,BR-116,823.4,Plena Noite,Decrescente,Céu Claro,Dupla,Reta,-14.85654,-40.84916,DEL08-BA,Risco Médio,Alta
segunda-feira,BR-116,435.0,Pleno dia,Decrescente,Garoa/Chuvisco,Dupla,Reta,-24.42979,-47.78559,DEL05-SP,Risco Médio,Alta
quarta-feira,BR-381,815.1,Pleno dia,Crescente,Céu Claro,Dupla,Curva,-22.03315,-45.67651,DEL16-MG,Risco Médio,Alta
sábado,BR-277,454.0,Plena Noite,Decrescente,Chuva,Simples,Curva,-25.3698,-52.37913,DEL04-PR,Risco Alto,Média
domingo,BR-452,120.0,Plena Noite,Crescente,Céu Claro,Simples,Reta,-18.19594,-49.82868,DEL03-GO,Risco Médio,Baixa
domingo,BR-40,76.5,Plena Noite,Decrescente,Céu Claro,Simples,Curva,-22.47193,-43.23779,DEL06-RJ,Risco Médio,Alta
sábado,BR-277,67.1,Pleno dia,Decrescente,Nublado,Múltipla,Reta,-25.55438,-49.1589,DEL01-PR,Risco Médio,Média
sábado,BR-101,164.0,Plena Noite,Crescente,Céu Claro,Simples,Reta,-12.35483,-38.80844,DEL01-BA,Risco Médio,Alta
sábado,BR-376,590.2,Plena Noite,Decrescente,Céu Claro,Dupla,Reta,-25.45156,-49.36238,DEL01-PR,Risco Baixo,Baixa
sexta-feira,BR-369,199.1,Plena Noite,Decrescente,Céu Claro,Simples,Reta,-23.5247,-51.4442,DEL07-PR,Risco Alto,Baixa
sábado,BR-293,2.5,Plena Noite,Crescente,Céu Claro,Simples,Reta,-31.75043,-52.35999,DEL07-RS,Risco Médio,Baixa
domingo,BR-163,854.2,Pleno dia,Crescente,Nublado,Simples,Interseção de vias,-11.69363,-55.45143,DEL06-MT,Risco Baixo,Alta
segunda-feira,BR-116,186.0,Pleno dia,Crescente,Nublado,Dupla,Reta,-22.74206,-43.51974,DEL01-RJ,Risco Médio,Alta
quinta-feira,BR-163,212.8,Pleno dia,Decrescente,Céu Claro,Simples,Não Informado,-22.59807,-54.81688,DEL04-MS,Risco Médio,Alta
terça-feira,BR-364,203.4,Amanhecer,Crescente,Nublado,Simples,Não Informado,-11.62947,-61.20569,DEL02-RO,Risco Médio,Alta
quarta-feira,BR-101,149.0,Pleno dia,Crescente,Céu Claro,Simples,Não Informado,-9.8853,-36.1387,DEL02-AL,Risco Médio,Alta
domingo,BR-232,23.9,Pleno dia,Crescente,Céu Claro,Dupla,Reta,-8.103307,-35.1025,DEL01-PE,Risco Médio,Baixa
domingo,BR-277,129.4,Pleno dia,Decrescente,Chuva,Simples,Reta,-25.469,-49.63,DEL03-PR,Risco Médio,Média
sexta-feira,BR-285,265.6,Pleno dia,Crescente,Céu Claro,Simples,Reta,-28.30313,-52.12681,DEL08-RS,Risco Alto,Baixa
quarta-feira,BR-101,83.0,Pleno dia,Crescente,Sol,Dupla,Viaduto,-7.13377,-34.92964,DEL01-PB,Risco Baixo,Alta
sábado,BR-316,179.4,Pleno dia,Crescente,Céu Claro,Simples,Reta,-3.115491,-45.64304,DEL02-MA,Risco Médio,Baixa
terça-feira,BR-381,929.1,Amanhecer,Decrescente,Céu Claro,Dupla,Curva,-22.78455,-46.24252,DEL16-MG,Risco Baixo,Alta
terça-feira,BR-101,310.9,Pleno dia,Crescente,Sol,Simples,Interseção de vias,-28.43949,-48.81247,DEL02-SC,Risco Médio,Alta
terça-feira,BR-116,110.3,Anoitecer,Crescente,Céu Claro,Dupla,Reta,-23.03577,-45.55503,DEL06-SP,Risco Médio,Alta
sexta-feira,BR-282,16.9,Pleno dia,Crescente,Nublado,Simples,Reta,-27.66578,-48.68808,DEL01-SC,Risco Médio,Baixa
sexta-feira,BR-153,69.7,Anoitecer,Crescente,Chuva,Simples,Curva,-27.04189,-51.88258,DEL07-SC,Risco Baixo,Alta
sexta-feira,BR-364,74.3,Pleno dia,Crescente,Céu Claro,Simples,Reta,-18.62235,-51.03121,DEL05-GO,Risco Médio,Alta
quinta-feira,BR-116,26.7,Plena Noite,Crescente,Céu Claro,Simples,Reta,-8.069921,-39.13364,DEL05-PE,Risco Médio,Alta
quinta-feira,BR-116,704.5,Pleno dia,Decrescente,Céu Claro,Simples,Interseção de vias,-21.12474,-42.38133,DEL07-MG,Risco Médio,Alta
sábado,BR-376,436.8,Pleno dia,Crescente,Chuva,Dupla,Curva,-24.83716,-50.47644,DEL03-PR,Risco Médio,Baixa
sábado,BR-230,11.1,Amanhecer,Decrescente,Céu Claro,Dupla,Reta,-7.0596,-34.8506,DEL01-PB,Risco Médio,Baixa
domingo,BR-101,264.0,Pleno dia,Decrescente,Céu Claro,Dupla,Interseção de vias,-20.17693,-40.26604,DEL02-ES,Risco Médio,Alta
domingo,BR-316,5.0,Anoitecer,Decrescente,Céu Claro,Dupla,Não Informado,-5.143834,-42.77755,DEL01-PI,Risco Baixo,Baixa
quinta-feira,BR-381,52.0,Plena Noite,Crescente,Vento,Dupla,Não Informado,-23.23006,-46.59963,DEL03-SP,Risco Médio,Alta
terça-feira,BR-101,381.9,Pleno dia,Crescente,Céu Claro,Simples,Reta,-20.81427,-40.84094,DEL03-ES,Risco Médio,Alta
sexta-feira,BR-262,461.9,Pleno dia,Decrescente,Nublado,Simples,Desvio Temporário,-19.82283,-45.08196,DEL08-MG,Risco Médio,Média
sexta-feira,BR-493,73.0,Pleno dia,Crescente,Céu Claro,Dupla,Curva,-22.68372,-43.45058,DEL01-RJ,Risco Alto,Baixa
terça-feira,BR-153,426.2,Pleno dia,Decrescente,Nublado,Dupla,Não Informado,-16.22126,-49.01337,DEL02-GO,Risco Médio,Alta
quinta-feira,BR-40,5.2,Pleno dia,Crescente,Céu Claro,Dupla,Reta,-16.09313,-47.98224,DEL01-DF,Risco Médio,Alta
domingo,BR-324,371.0,Pleno dia,Crescente,Sol,Simples,Reta,-11.43088,-39.87265,DEL04-BA,Risco Médio,Baixa
segunda-feira,BR-116,97.0,Plena Noite,Crescente,Céu Claro,Dupla,Reta,-25.54349,-49.15083,DEL01-PR,Risco Médio,Alta
domingo,BR-163,149.0,Pleno dia,Decrescente,Céu Claro,Simples,Não Informado,-22.96919,-54.42187,DEL09-MS,Risco Médio,Alta
domingo,BR-101,147.5,Plena Noite,Crescente,Céu Claro,Dupla,Curva,-11.23754,-37.42978,DEL02-SE,Risco Alto,Alta
terça-feira,BR-40,282.0,Plena Noite,Decrescente,Céu Claro,Simples,Reta,-18.24924,-45.20221,DEL14-MG,Risco Médio,Alta
sábado,BR-470,123.0,Pleno dia,Crescente,Nublado,Simples,Curva,-27.08236,-49.51675,DEL04-SC,Risco Médio,Baixa
quinta-feira,BR-101,67.0,Pleno dia,Crescente,Céu Claro,Dupla,Reta,-8.042039,-34.9432,DEL01-PE,Risco Médio,Alta
domingo,BR-101,104.0,Pleno dia,Decrescente,Céu Claro,Dupla,Reta,-26.79282,-48.68081,DEL03-SC,Risco Médio,Alta
quarta-feira,BR-101,807.0,Plena Noite,Crescente,Céu Claro,Simples,Reta,-17.18821,-39.58798,DEL09-BA,Risco Alto,Alta
quarta-feira,BR-116,145.0,Anoitecer,Crescente,Céu Claro,Simples,Curva,-25.7729,-49.32326,DEL01-PR,Risco Alto,Alta
sábado,BR-20,308.0,Plena Noite,Decrescente,Céu Claro,Simples,Reta,-4.34381,-39.29514,DEL02-CE,Risco Baixo,Baixa
terça-feira,BR-222,39.4,Pleno dia,Crescente,Céu Claro,Simples,Reta,-3.687913,-38.90338,DEL01-CE,Risco Médio,Baixa
quinta-feira,BR-282,584.6,Pleno dia,Crescente,Nublado,Simples,Não Informado,-26.83187,-53.01658,DEL07-SC,Risco Médio,Baixa
quarta-feira,BR-146,571.0,Pleno dia,Decrescente,Chuva,Simples,Não Informado,-21.55635,-46.40327,DEL16-MG,Risco Médio,Baixa
terça-feira,BR-101,99.5,Plena Noite,Decrescente,Chuva,Dupla,Reta,-21.87919,-41.58642,DEL08-RJ,Risco Baixo,Alta
sexta-feira,BR-364,712.0,Pleno dia,Crescente,Céu Claro,Múltipla,Reta,-8.777035,-63.87316,DEL01-RO,Risco Médio,Alta
domingo,BR-230,244.6,Plena Noite,Crescente,Céu Claro,Simples,Reta,-7.0692,-36.6002,DEL02-PB,Risco Alto,Baixa
quarta-feira,BR-222,203.9,Pleno dia,Crescente,Céu Claro,Simples,Curva,-3.789336,-40.21799,DEL04-CE,Risco Baixo,Baixa
quinta-feira,BR-116,761.0,Plena Noite,Crescente,Ignorado,Simples,Reta,-21.52207,-42.61775,DEL07-MG,Risco Médio,Alta
domingo,BR-101,391.0,Plena Noite,Decrescente,Céu Claro,Dupla,Reta,-22.89209,-43.69655,DEL03-RJ,Risco Baixo,Alta
sexta-feira,BR-381,334.0,Plena Noite,Decrescente,Céu Claro,Dupla,Curva,-19.81026,-43.06303,DEL03-MG,Risco Médio,Alta
sábado,BR-293,252.1,Plena Noite,Crescente,Céu Claro,Simples,Interseção de vias,-30.9634,-54.67162,DEL11-RS,Risco Baixo,Baixa
segunda-feira,BR-116,261.5,Plena Noite,Crescente,Céu Claro,Dupla,Curva,-22.58263,-44.11011,DEL07-RJ,Risco Médio,Alta
quarta-feira,BR-304,265.0,Plena Noite,Decrescente,Céu Claro,Simples,Reta,-5.857031,-35.62864,DEL01-RN,Risco Alto,Baixa
terça-feira,BR-369,229.0,Pleno dia,Crescente,Céu Claro,Simples,Reta,-23.59486,-51.65366,DEL09-PR,Risco Médio,Baixa
domingo,BR-386,34.5,Pleno dia,Crescente,Chuva,Simples,Interseção de vias,-27.35844,-53.3883,DEL08-RS,Risco Baixo,Média
terça-feira,BR-364,711.0,Anoitecer,Decrescente,Nublado,Múltipla,Não Informado,-8.774718,-63.87767,DEL01-RO,Risco Médio,Alta
sexta-feira,BR-116,103.1,Pleno dia,Crescente,Sol,Dupla,Não Informado,-22.99919,-45.49789,DEL06-SP,Risco Médio,Alta
sábado,BR-364,196.7,Pleno dia,Decrescente,Céu Claro,Simples,Reta,-11.68672,-61.18348,DEL02-RO,Risco Médio,Alta
segunda-feira,BR-116,444.7,Plena Noite,Crescente,Céu Claro,Simples,Reta,-24.4971,-47.8415,DEL05-SP,Risco Baixo,Alta
domingo,BR-470,175.0,Plena Noite,Decrescente,Céu Claro,Simples,Reta,-27.25617,-49.93897,DEL04-SC,Risco Médio,Baixa
sexta-feira,BR-116,375.0,Pleno dia,Decrescente,Chuva,Dupla,Reta,-24.18239,-47.35449,DEL04-SP,Risco Médio,Alta
sexta-feira,BR-101,206.1,Anoitecer,Crescente,Nublado,Múltipla,Reta,-27.59194,-48.61825,DEL01-SC,Risco Médio,Alta
terça-feira,BR-101,208.0,Pleno dia,Decrescente,Céu Claro,Múltipla,Reta,-27.60328,-48.63202,DEL01-SC,Risco Baixo,Alta
domingo,BR-476,312.8,Pleno dia,Crescente,Chuva,Simples,Não Informado,-26.02743,-50.67822,DEL02-PR,Risco Médio,Baixa
sábado,BR-381,506.5,Plena Noite,Decrescente,Nublado,Dupla,Reta,-20.0411,-44.2619,DEL01-MG,Risco Médio,Alta
sexta-feira,BR-116,269.0,Plena Noite,Crescente,Céu Claro,Múltipla,Reta,-29.961,-51.17621,DEL01-RS,Risco Médio,Alta
domingo,BR-116,315.0,Pleno dia,Decrescente,Nublado,Dupla,Reta,-23.90252,-46.99049,DEL04-SP,Risco Médio,Alta
sábado,BR-376,363.0,Plena Noite,Crescente,Garoa/Chuvisco,Simples,Curva,-24.33517,-50.8405,DEL07-PR,Risco Médio,Baixa
quarta-feira,BR-101,100.0,Plena Noite,Decrescente,Nublado,Dupla,Retorno Regulamentado,-7.258667,-34.9358,DEL01-PB,Risco Médio,Alta
sexta-feira,BR-101,266.2,Plena Noite,Decrescente,Céu Claro,Múltipla,Reta,-20.2102,-40.2697,DEL02-ES,Risco Médio,Alta
sexta-feira,BR-163,498.0,Pleno dia,Crescente,Céu Claro,Simples,Reta,-15.66783,-56.0092,DEL01-MT,Risco Médio,Alta
terça-feira,BR-116,192.0,Pleno dia,Decrescente,Céu Claro,Dupla,Reta,-22.74208,-43.51924,DEL01-RJ,Risco Médio,Alta
sexta-feira,BR-285,384.3,Plena Noite,Crescente,Chuva,Simples,Reta,-28.40464,-53.22843,DEL10-RS,Risco Médio,Baixa
sexta-feira,BR-324,562.0,Pleno dia,Decrescente,Céu Claro,Dupla,Reta,-12.5032,-38.63922,DEL01-BA,Risco Médio,Baixa
segunda-feira,BR-20,8.0,Anoitecer,Decrescente,Chuva,Dupla,Desvio Temporário,-15.65839,-47.79153,DEL02-DF,Risco Baixo,Baixa
terça-feira,BR-392,233.2,Plena Noite,Crescente,Céu Claro,Simples,Reta,-30.64372,-53.30233,DEL09-RS,Risco Alto,Média
terça-feira,BR-262,47.0,Pleno dia,Crescente,Céu Claro,Simples,Interseção de vias,-20.4113,-40.67927,DEL01-ES,Risco Médio,Média
domingo,BR-316,52.9,Plena Noite,Crescente,Céu Claro,Simples,Reta,-7.728401,-40.30952,DEL05-PE,Risco Médio,Baixa
sexta-feira,BR-376,75.7,Pleno dia,Decrescente,Céu Claro,Simples,Rotatória,-22.95602,-52.69687,DEL09-PR,Risco Médio,Baixa
domingo,BR-364,583.3,Pleno dia,Crescente,Sol,Múltipla,Curva,-14.56745,-56.22146,DEL01-MT,Risco Médio,Alta
terça-feira,BR-110,41.9,Anoitecer,Crescente,Chuva,Simples,Reta,-5.1764,-37.2793,DEL04-RN,Risco Médio,Baixa
quinta-feira,BR-20,179.0,Plena Noite,Crescente,Céu Claro,Simples,Reta,-14.48516,-46.49855,DEL02-DF,Risco Médio,Baixa
sábado,BR-470,1.0,Pleno dia,Decrescente,Céu Claro,Simples,Reta,-26.9242,-48.95916,DEL04-SC,Risco Médio,Baixa
domingo,BR-381,73.2,Pleno dia,Decrescente,Chuva,Múltipla,Curva,-23.37314,-46.55148,DEL03-SP,Risco Baixo,Alta
quarta-feira,BR-386,32.7,Pleno dia,Decrescente,Céu Claro,Simples,Interseção de vias,-27.3414,-53.38753,DEL08-RS,Risco Baixo,Média
quarta-feira,BR-277,589.0,Pleno dia,Decrescente,Sol,Simples,Não Informado,-24.97777,-53.44689,DEL04-PR,Risco Médio,Média
domingo,BR-222,211.0,Pleno dia,Crescente,Céu Claro,Simples,Reta,-5.165652,-48.9198,DEL03-PA,Risco Médio,Baixa
quinta-feira,BR-116,15.0,Pleno dia,Decrescente,Chuva,Dupla,Curva,-25.09833,-48.68274,DEL01-PR,Risco Médio,Alta
quinta-feira,BR-116,192.0,Pleno dia,Decrescente,Céu Claro,Simples,Reta,-10.33007,-39.06154,DEL07-BA,Risco Médio,Alta
segunda-feira,BR-60,4.7,Pleno dia,Crescente,Céu Claro,Dupla,Não Informado,-15.8945,-48.10153,DEL01-DF,Risco Médio,Média
segunda-feira,BR-40,4.0,Pleno dia,Crescente,Céu Claro,Dupla,Reta,-16.08524,-47.98675,DEL01-DF,Risco Médio,Alta
quarta-feira,BR-60,398.8,Pleno dia,Decrescente,Céu Claro,Simples,Reta,-20.78195,-54.79259,DEL01-MS,Risco Médio,Média
terça-feira,BR-381,900.0,Pleno dia,Decrescente,Nublado,Múltipla,Reta,-22.6298,-46.0781,DEL16-MG,Risco Médio,Alta
segunda-feira,BR-381,5.5,Pleno dia,Crescente,Sol,Dupla,Curva,-19.98997,-44.1916,DEL01-MG,Risco Médio,Alta
segunda-feira,BR-365,593.0,Plena Noite,Decrescente,Chuva,Simples,Reta,-18.87279,-48.07876,DEL15-MG,Risco Baixo,Média
sábado,BR-277,591.8,Plena Noite,Decrescente,Garoa/Chuvisco,Simples,Curva,-24.98473,-53.46502,DEL04-PR,Risco Alto,Média
sábado,BR-163,140.0,Plena Noite,Crescente,Ignorado,Simples,Reta,-8.462672,-55.13387,DEL05-PA,Risco Médio,Alta
segunda-feira,BR-174,106.0,Plena Noite,Decrescente,Céu Claro,Simples,Reta,-15.82612,-57.92334,DEL03-MT,Risco Médio,Baixa
sábado,BR-116,526.0,Plena Noite,Decrescente,Céu Claro,Simples,Curva,-7.689089,-39.00749,DEL05-CE,Risco Baixo,Alta
segunda-feira,BR-101,43.9,Pleno dia,Crescente,Céu Claro,Múltipla,Reta,-7.847538,-34.90977,DEL01-PE,Risco Médio,Alta
quinta-feira,BR-116,531.0,Plena Noite,Decrescente,Céu Claro,Simples,Reta,-12.74596,-39.79188,DEL03-BA,Risco Médio,Alta
quinta-feira,BR-386,343.2,Plena Noite,Crescente,Céu Claro,Simples,Reta,-29.43498,-52.00206,DEL04-RS,Risco Médio,Média
terça-feira,BR-381,542.4,Plena Noite,Crescente,Céu Claro,Dupla,Reta,-20.24151,-44.41187,DEL04-MG,Risco Baixo,Alta
terça-feira,BR-280,52.0,Plena Noite,Decrescente,Céu Claro,Simples,Reta,-26.4689,-48.96492,DEL03-SC,Risco Médio,Baixa