dia_semana,br,km,fase_dia,sentido_via,condicao_metereologica,tipo_pista,tracado_via,latitude,longitude,delegacia,classificacao_acidente,postos_policiais_PRF
quinta-feira,BR-470,191.9,Pleno dia,Crescente,Céu Claro,Simples,Reta,-29.02063,-51.56379,DEL06-RS,Risco Médio,Baixa
sexta-feira,BR-60,135.0,Pleno dia,Crescente,Céu Claro,Dupla,Desvio Temporário,-16.589,-49.1945,DEL01-GO,Risco Médio,Média
quarta-feira,BR-116,94.0,Pleno dia,Crescente,Chuva,Simples,Não Informado,-22.46644,-43.00089,DEL02-RJ,Risco Médio,Alta
terça-feira,BR-386,247.9,Plena Noite,Decrescente,Céu Claro,Simples,Reta,-28.81318,-52.49359,DEL04-RS,Risco Médio,Média
domingo,BR-365,358.7,Pleno dia,Decrescente,Céu Claro,Simples,Não Informado,-18.39826,-46.05315,DEL10-MG,Risco Alto,Média
quinta-feira,BR-230,16.2,Pleno dia,Decrescente,Céu Claro,Dupla,Reta,-7.107578,-34.84362,DEL01-PB,Risco Médio,Baixa
domingo,BR-116,216.0,Plena Noite,Crescente,Céu Claro,Múltipla,Não Informado,-23.45057,-46.46258,DEL01-SP,Risco Médio,Alta
terça-feira,BR-116,168.0,Pleno dia,Crescente,Céu Claro,Múltipla,Reta,-22.81997,-43.315,DEL01-RJ,Risco Médio,Alta
quarta-feira,BR-101,715.4,Plena Noite,Crescente,Nublado,Simples,Curva,-16.35789,-39.57938,DEL09-BA,Risco Médio,Alta
sexta-feira,BR-116,189.0,Plena Noite,Crescente,Nublado,Simples,Reta,-25.94705,-49.64359,DEL01-PR,Risco Alto,Alta
quinta-feira,BR-116,248.0,Pleno dia,Decrescente,Céu Claro,Múltipla,Não Informado,-29.78013,-51.15763,DEL01-RS,Risco Baixo,Alta
sábado,BR-407,438.0,Plena Noite,Decrescente,Céu Claro,Simples,Reta,-7.175347,-41.33767,DEL04-PI,Risco Médio,Baixa
domingo,BR-488,4.2,Plena Noite,Crescente,Céu Claro,Dupla,Curva,-22.8584,-45.25138,DEL08-SP,Risco Baixo,Baixa
domingo,BR-110,371.8,Anoitecer,Decrescente,Céu Claro,Simples,Curva,-12.41152,-38.43143,DEL01-BA,Risco Médio,Baixa
quinta-feira,BR-163,66.4,Pleno dia,Crescente,Céu Claro,Dupla,Não Informado,-26.7568,-53.50055,DEL07-SC,Risco Médio,Alta
terça-feira,BR-116,144.7,Plena Noite,Crescente,Céu Claro,Múltipla,Reta,-23.18442,-45.84992,DEL02-SP,Risco Médio,Alta
quarta-feira,BR-369,198.8,Plena Noite,Decrescente,Céu Claro,Dupla,Curva,-23.52301,-51.44226,DEL07-PR,Risco Médio,Baixa
segunda-feira,BR-116,248.0,Pleno dia,Decrescente,Chuva,Dupla,Curva,-22.57851,-43.98205,DEL07-RJ,Risco Médio,Alta
terça-feira,BR-369,507.0,Pleno dia,Crescente,Céu Claro,Simples,Curva,-24.96326,-53.40665,DEL04-PR,Risco Médio,Baixa
segunda-feira,BR-262,111.9,Pleno dia,Crescente,Chuva,Simples,Curva,-20.26298,-42.59741,DEL03-MG,Risco Médio,Média
quarta-feira,BR-116,110.0,Pleno dia,Decrescente,Céu Claro,Dupla,Reta,-23.0351,-45.554,DEL06-SP,Risco Baixo,Alta
domingo,BR-316,14.2,Pleno dia,Crescente,Sol,Simples,Reta,-5.223245,-42.7511,DEL01-PI,Risco Médio,Baixa
domingo,BR-116,152.0,Anoitecer,Decrescente,Nublado,Dupla,Reta,-25.83236,-49.3361,DEL01-PR,Risco Médio,Alta
domingo,BR-282,15.6,Pleno dia,Decrescente,Sol,Simples,Reta,-27.6561,-48.67957,DEL01-SC,Risco Médio,Baixa
segunda-feira,BR-10,238.5,Pleno dia,Decrescente,Céu Claro,Simples,Reta,-5.640739,-47.39894,DEL04-MA,Risco Alto,Baixa
quarta-feira,BR-163,906.0,Pleno dia,Crescente,Céu Claro,Simples,Reta,-11.25981,-55.31093,DEL06-MT,Risco Médio,Alta
quarta-feira,BR-101,293.0,Pleno dia,Crescente,Céu Claro,Múltipla,Interseção de vias,-20.31794,-40.39598,DEL01-ES,Risco Médio,Alta
sábado,BR-116,782.0,Pleno dia,Decrescente,Céu Claro,Simples,Curva,-21.6262,-42.6997,DEL07-MG,Risco Médio,Alta
segunda-feira,BR-412,96.8,Pleno dia,Decrescente,Céu Claro,Simples,Reta,-7.600691,-36.81148,DEL02-PB,Risco Alto,Baixa
quinta-feira,BR-381,672.3,Plena Noite,Crescente,Ignorado,Dupla,Não Informado,-21.09393,-45.07727,DEL04-MG,Risco Alto,Alta
sexta-feira,BR-163,260.0,Pleno dia,Decrescente,Nublado,Dupla,Reta,-22.24489,-54.77203,DEL04-MS,Risco Médio,Alta
segunda-feira,BR-392,113.3,Plena Noite,Crescente,Nevoeiro/Neblina,Simples,Reta,-31.43953,-52.64988,DEL07-RS,Risco Baixo,Média
quinta-feira,BR-40,108.0,Pleno dia,Crescente,Céu Claro,Dupla,Reta,-22.6746,-43.2861,DEL01-RJ,Risco Médio,Alta
domingo,BR-290,56.7,Plena Noite,Crescente,Céu Claro,Dupla,Reta,-29.91545,-50.81851,DEL03-RS,Risco Baixo,Baixa
quarta-feira,BR-10,66.0,Plena Noite,Crescente,Céu Claro,Dupla,Reta,-3.869258,-47.524,DEL02-PA,Risco Médio,Baixa
sexta-feira,BR-116,228.6,Pleno dia,Crescente,Céu Claro,Múltipla,Reta,-23.50835,-46.57247,DEL01-SP,Risco Médio,Alta
domingo,BR-116,903.4,Plena Noite,Decrescente,Chuva,Simples,Reta,-15.4975,-41.237,DEL08-BA,Risco Alto,Alta
sábado,BR-381,575.2,Plena Noite,Decrescente,Nublado,Dupla,Curva,-20.47363,-44.58423,DEL04-MG,Risco Médio,Alta
domingo,BR-230,58.6,Pleno dia,Decrescente,Nublado,Dupla,Reta,-7.2035,-35.1214,DEL01-PB,Risco Baixo,Baixa
sexta-feira,BR-282,340.0,Plena Noite,Crescente,Céu Claro,Simples,Reta,-27.39284,-51.19496,DEL07-SC,Risco Baixo,Baixa
segunda-feira,BR-153,90.0,Plena Noite,Crescente,Céu Claro,Simples,Reta,-13.57213,-49.04602,DEL07-GO,Risco Médio,Alta
quinta-feira,BR-80,17.0,Pleno dia,Decrescente,Céu Claro,Dupla,Retorno Regulamentado,-15.68957,-48.20598,DEL01-DF,Risco Médio,Baixa
sábado,BR-163,114.0,Plena Noite,Decrescente,Céu Claro,Simples,Reta,-26.3743,-53.52975,DEL07-SC,Risco Baixo,Alta
sábado,BR-324,527.2,Plena Noite,Decrescente,Céu Claro,Dupla,Curva,-12.31184,-38.88332,DEL01-BA,Risco Médio,Baixa
terça-feira,BR-251,333.8,Plena Noite,Decrescente,Céu Claro,Simples,Curva,-16.25684,-42.43114,DEL12-MG,Risco Médio,Baixa
quinta-feira,BR-277,583.8,Pleno dia,Crescente,Céu Claro,Simples,Desvio Temporário,-24.97165,-53.39429,DEL04-PR,Risco Médio,Média
domingo,BR-101,141.9,Plena Noite,Crescente,Céu Claro,Simples,Reta,-19.32656,-40.07192,DEL04-ES,Risco Médio,Alta
terça-feira,BR-101,755.0,Pleno dia,Crescente,Sol,Simples,Reta,-16.63882,-39.51662,DEL09-BA,Risco Médio,Alta
domingo,BR-267,177.0,Amanhecer,Decrescente,Céu Claro,Simples,Reta,-21.61321,-53.73072,DEL02-MS,Risco Baixo,Baixa
segunda-feira,BR-470,192.0,Amanhecer,Decrescente,Céu Claro,Simples,Curva,-29.03388,-51.5668,DEL06-RS,Risco Médio,Baixa
domingo,BR-40,662.0,Pleno dia,Crescente,Céu Claro,Dupla,Curva,-20.91349,-43.82688,DEL05-MG,Risco Baixo,Alta
domingo,BR-116,165.0,Pleno dia,Decrescente,Nublado,Múltipla,Reta,-22.81549,-43.29087,DEL01-RJ,Risco Médio,Alta
quinta-feira,BR-116,393.0,Pleno dia,Decrescente,Sol,Simples,Não Informado,-30.83892,-51.74405,DEL02-RS,Risco Médio,Alta
quarta-feira,BR-365,454.9,Pleno dia,Crescente,Céu Claro,Simples,Reta,-18.77986,-46.69298,DEL10-MG,Risco Médio,Média
sexta-feira,BR-174,13.9,Plena Noite,Crescente,Céu Claro,Dupla,Interseção de vias,-12.73358,-60.12993,DEL04-RO,Risco Baixo,Baixa
sexta-feira,BR-277,49.0,Plena Noite,Crescente,Garoa/Chuvisco,Múltipla,Reta,-25.59244,-48.89076,DEL01-PR,Risco Baixo,Média
sexta-feira,BR-222,349.9,Pleno dia,Decrescente,Sol,Simples,Não Informado,-3.691162,-45.28049,DEL02-MA,Risco Médio,Baixa
quarta-feira,BR-101,141.0,Plena Noite,Crescente,Nublado,Múltipla,Reta,-19.32656,-40.07192,DEL04-ES,Risco Médio,Alta
sábado,BR-262,37.5,Pleno dia,Crescente,Céu Claro,Simples,Reta,-20.38437,-40.61504,DEL01-ES,Risco Médio,Média
sábado,BR-116,48.0,Plena Noite,Decrescente,Céu Claro,Simples,Reta,-22.17604,-42.83938,DEL04-RJ,Risco Médio,Alta
sexta-feira,BR-376,206.9,Pleno dia,Decrescente,Céu Claro,Dupla,Reta,-23.53548,-51.71091,DEL09-PR,Risco Baixo,Baixa
sexta-feira,BR-381,547.6,Plena Noite,Decrescente,Céu Claro,Dupla,Curva,-20.2843,-44.4322,DEL04-MG,Risco Médio,Alta
terça-feira,BR-376,0.2,Plena Noite,Crescente,Céu Claro,Dupla,Curva,-23.40944,-51.98695,DEL07-PR,Risco Médio,Baixa
domingo,BR-40,6.8,Anoitecer,Crescente,Céu Claro,Dupla,Reta,-16.10081,-47.97735,DEL01-DF,Risco Médio,Alta
domingo,BR-110,205.8,Pleno dia,Crescente,Garoa/Chuvisco,Simples,Reta,-11.15074,-38.50982,DEL07-BA,Risco Médio,Baixa
sexta-feira,BR-158,0.9,Plena Noite,Decrescente,Nublado,Dupla,Reta,-30.88019,-55.51878,DEL11-RS,Risco Médio,Baixa
quinta-feira,BR-392,352.0,Pleno dia,Decrescente,Chuva,Simples,Reta,-29.7204,-53.80763,DEL09-RS,Risco Médio,Média
quinta-feira,BR-277,83.0,Anoitecer,Decrescente,Nublado,Dupla,Reta,-25.56894,-49.18198,DEL01-PR,Risco Médio,Média
segunda-feira,BR-101,206.2,Pleno dia,Crescente,Céu Claro,Dupla,Reta,-27.59338,-48.61891,DEL01-SC,Risco Médio,Alta
segunda-feira,BR-470,95.0,Pleno dia,Decrescente,Céu Claro,Simples,Reta,-27.01199,-49.3721,DEL04-SC,Risco Médio,Baixa
terça-feira,BR-277,348.8,Pleno dia,Decrescente,Chuva,Simples,Reta,-25.33928,-51.4288,DEL03-PR,Risco Médio,Média
terça-feira,BR-116,252.0,Plena Noite,Crescente,Nublado,Dupla,Reta,-29.81027,-51.16807,DEL01-RS,Risco Médio,Alta
segunda-feira,BR-116,270.5,Anoitecer,Crescente,Céu Claro,Dupla,Reta,-23.6078,-46.7529,DEL04-SP,Risco Médio,Alta
terça-feira,BR-277,729.2,Plena Noite,Crescente,Nublado,Dupla,Interseção de vias,-25.50347,-54.58437,DEL05-PR,Risco Médio,Média
terça-feira,BR-101,24.6,Pleno dia,Crescente,Céu Claro,Dupla,Curva,-7.692183,-34.92212,DEL01-PE,Risco Médio,Alta
quinta-feira,BR-280,124.0,Pleno dia,Crescente,Céu Claro,Simples,Interseção de vias,-26.23884,-49.50099,DEL06-SC,Risco Baixo,Baixa
quinta-feira,BR-60,380.0,Plena Noite,Decrescente,Céu Claro,Dupla,Reta,-17.76778,-50.88311,DEL04-GO,Risco Baixo,Média
terça-feira,BR-101,213.9,Plena Noite,Crescente,Céu Claro,Múltipla,Reta,-27.64443,-48.67057,DEL01-SC,Risco Médio,Alta
quarta-feira,BR-116,225.5,Pleno dia,Crescente,Nublado,Simples,Reta,-27.62834,-50.33762,DEL05-SC,Risco Baixo,Alta
domingo,BR-282,193.0,Pleno dia,Crescente,Céu Claro,Simples,Reta,-27.7433,-50.0585,DEL05-SC,Risco Médio,Baixa
domingo,BR-101,207.0,Plena Noite,Decrescente,Nublado,Múltipla,Interseção de vias,-27.59951,-48.62177,DEL01-SC,Risco Médio,Alta
sábado,BR-470,236.4,Amanhecer,Crescente,Céu Claro,Simples,Não Informado,-29.32243,-51.49744,DEL06-RS,Risco Médio,Baixa
terça-feira,BR-277,35.0,Plena Noite,Decrescente,Céu Claro,Dupla,Reta,-25.55225,-48.79893,DEL01-PR,Risco Baixo,Média
sexta-feira,BR-222,665.7,Pleno dia,Crescente,Céu Claro,Simples,Desvio Temporário,-4.898161,-47.39198,DEL04-MA,Risco Baixo,Baixa
segunda-feira,BR-369,128.4,Pleno dia,Crescente,Céu Claro,Dupla,Reta,-23.26502,-50.97227,DEL07-PR,Risco Médio,Baixa
quinta-feira,BR-222,5.7,Amanhecer,Crescente,Nublado,Dupla,Viaduto,-3.743891,-38.6201,DEL01-CE,Risco Médio,Baixa
segunda-feira,BR-40,80.0,Pleno dia,Crescente,Nublado,Simples,Curva,-22.49799,-43.22879,DEL06-RJ,Risco Médio,Alta
quarta-feira,BR-158,138.9,Pleno dia,Decrescente,Céu Claro,Simples,Curva,-28.19239,-53.47769,DEL08-RS,Risco Baixo,Baixa
domingo,BR-101,328.0,Plena Noite,Crescente,Chuva,Dupla,Reta,-28.43648,-48.95989,DEL02-SC,Risco Médio,Alta
segunda-feira,BR-364,698.0,Pleno dia,Crescente,Céu Claro,Dupla,Curva,-8.80299,-63.75179,DEL01-RO,Risco Médio,Alta
terça-feira,BR-222,182.0,Pleno dia,Decrescente,Sol,Simples,Reta,-3.489691,-44.17747,DEL01-MA,Risco Baixo,Baixa
quinta-feira,BR-116,178.0,Pleno dia,Decrescente,Céu Claro,Múltipla,Reta,-22.77496,-43.40081,DEL01-RJ,Risco Médio,Alta
sexta-feira,BR-101,17.5,Anoitecer,Decrescente,Chuva,Simples,Curva,-23.31985,-44.89033,DEL06-SP,Risco Médio,Alta
domingo,BR-364,0.7,Plena Noite,Decrescente,Nublado,Dupla,Reta,-17.31871,-53.2119,DEL02-MT,Risco Médio,Alta
sexta-feira,BR-135,20.7,Pleno dia,Crescente,Chuva,Dupla,Desvio Temporário,-2.744267,-44.34104,DEL01-MA,Risco Baixo,Baixa
segunda-feira,BR-70,514.0,Pleno dia,Crescente,Céu Claro,Simples,Reta,-15.62833,-56.11413,DEL01-MT,Risco Médio,Baixa
segunda-feira,BR-101,64.3,Pleno dia,Decrescente,Chuva,Simples,Curva,-21.74909,-41.33632,DEL08-RJ,Risco Baixo,Alta
domingo,BR-110,85.0,Pleno dia,Crescente,Sol,Simples,Reta,-10.147,-38.29156,DEL07-BA,Risco Alto,Baixa
quarta-feira,BR-101,120.8,Plena Noite,Decrescente,Céu Claro,Múltipla,Retorno Regulamentado,-26.91276,-48.712,DEL04-SC,Risco Médio,Alta
quinta-feira,BR-423,49.1,Amanhecer,Crescente,Céu Claro,Simples,Reta,-8.565572,-36.27906,DEL03-PE,Risco Médio,Baixa
terça-feira,BR-251,473.1,Plena Noite,Decrescente,Nublado,Simples,Não Informado,-16.46777,-43.43149,DEL12-MG,Risco Alto,Baixa
domingo,BR-153,249.0,Pleno dia,Decrescente,Chuva,Simples,Reta,-8.070951,-48.46698,DEL02-TO,Risco Médio,Alta
sábado,BR-101,210.0,Pleno dia,Decrescente,Chuva,Simples,Reta,-9.996,-36.5983,DEL02-AL,Risco Médio,Alta
domingo,BR-10,253.0,Pleno dia,Decrescente,Céu Claro,Simples,Reta,-5.526911,-47.47145,DEL04-MA,Risco Médio,Baixa
terça-feira,BR-101,400.6,Pleno dia,Crescente,Céu Claro,Simples,Curva,-20.88154,-40.97435,DEL03-ES,Risco Médio,Alta
quinta-feira,BR-116,213.0,Pleno dia,Crescente,Céu Claro,Múltipla,Reta,-23.43971,-46.43668,DEL01-SP,Risco Baixo,Alta
segunda-feira,BR-210,0.2,Pleno dia,Crescente,Nublado,Simples,Reta,0.1091105,-51.12719,DEL01-AP,Risco Médio,Baixa
quinta-feira,BR-262,545.9,Pleno dia,Crescente,Chuva,Simples,Curva,-19.74122,-45.8525,DEL08-MG,Risco Médio,Média
segunda-feira,BR-232,408.0,Pleno dia,Crescente,Céu Claro,Simples,Reta,-7.983399,-38.2813,DEL04-PE,Risco Alto,Baixa
quarta-feira,BR-470,50.4,Pleno dia,Crescente,Céu Claro,Simples,Não Informado,-26.85977,-49.07449,DEL04-SC,Risco Médio,Baixa
sábado,BR-116,61.0,Plena Noite,Decrescente,Céu Claro,Dupla,Reta,-22.78994,-45.15946,DEL08-SP,Risco Médio,Alta
quarta-feira,BR-364,9.0,Pleno dia,Decrescente,Céu Claro,Dupla,Reta,-12.75881,-60.10017,DEL04-RO,Risco Baixo,Alta
quinta-feira,BR-277,116.8,Plena Noite,Crescente,Céu Claro,Dupla,Curva,-25.43559,-49.51642,DEL01-PR,Risco Médio,Média
domingo,BR-242,573.4,Plena Noite,Decrescente,Céu Claro,Simples,Curva,-12.08834,-43.15616,DEL10-BA,Risco Alto,Baixa
quarta-feira,BR-70,712.0,Pleno dia,Crescente,Céu Claro,Simples,Não Informado,-16.11155,-57.67191,DEL03-MT,Risco Baixo,Baixa
quinta-feira,BR-101,161.0,Plena Noite,Decrescente,Chuva,Múltipla,Reta,-27.21674,-48.62442,DEL04-SC,Risco Baixo,Alta
quinta-feira,BR-232,144.0,Plena Noite,Crescente,Nublado,Dupla,Reta,-8.325222,-36.11251,DEL03-PE,Risco Baixo,Baixa
sexta-feira,BR-435,84.1,Pleno dia,Decrescente,Céu Claro,Dupla,Não Informado,-13.1208,-60.54286,DEL04-RO,Risco Médio,Baixa
segunda-feira,BR-135,42.0,Pleno dia,Crescente,Céu Claro,Dupla,Desvio Temporário,-2.976393,-44.31613,DEL01-MA,Risco Médio,Baixa
terça-feira,BR-101,161.2,Pleno dia,Crescente,Céu Claro,Dupla,Reta,-27.21759,-48.62676,DEL04-SC,Risco Médio,Alta
quarta-feira,BR-163,38.2,Amanhecer,Crescente,Céu Claro,Simples,Reta,-23.80009,-54.29387,DEL09-MS,Risco Médio,Alta
quarta-feira,BR-356,109.0,Pleno dia,Decrescente,Vento,Simples,Reta,-21.51473,-41.59046,DEL08-RJ,Risco Baixo,Baixa
quarta-feira,BR-101,139.0,Plena Noite,Decrescente,Vento,Simples,Interseção de vias,-9.817574,-36.12167,DEL02-AL,Risco Baixo,Alta
quinta-feira,BR-153,45.0,Plena Noite,Decrescente,Céu Claro,Dupla,Reta,-18.7859,-49.0832,DEL15-MG,Risco Baixo,Alta
sábado,BR-230,427.0,Pleno dia,Decrescente,Céu Claro,Simples,Curva,-6.7349,-37.916,DEL03-PB,Risco Médio,Baixa
domingo,BR-116,100.0,Pleno dia,Decrescente,Chuva,Dupla,Reta,-22.98655,-45.47277,DEL06-SP,Risco Médio,Alta
sábado,BR-232,59.2,Plena Noite,Crescente,Nublado,Dupla,Curva,-8.147123,-35.39891,DEL01-PE,Risco Alto,Baixa
domingo,BR-60,378.0,Pleno dia,Decrescente,Céu Claro,Dupla,Reta,-17.73699,-50.87182,DEL04-GO,Risco Baixo,Média
quinta-feira,BR-242,3.0,Pleno dia,Decrescente,Sol,Simples,Reta,-12.11781,-44.95288,DEL10-BA,Risco Médio,Baixa
sábado,BR-230,239.0,Pleno dia,Decrescente,Céu Claro,Simples,Reta,-6.985528,-42.44645,DEL03-PI,Risco Médio,Baixa
quinta-feira,BR-40,779.7,Pleno dia,Crescente,Céu Claro,Simples,Curva,-21.67721,-43.44749,DEL05-MG,Risco Médio,Alta
domingo,BR-435,86.0,Plena Noite,Decrescente,Céu Claro,Simples,Reta,-13.12027,-60.54055,DEL04-RO,Risco Médio,Baixa
sábado,BR-364,266.5,Pleno dia,Crescente,Sol,Simples,Reta,-11.3765,-61.67765,DEL02-RO,Risco Baixo,Alta
domingo,BR-101,88.0,Pleno dia,Decrescente,Céu Claro,Dupla,Reta,-7.1603,-34.9055,DEL01-PB,Risco Médio,Alta
quarta-feira,BR-381,927.5,Pleno dia,Decrescente,Céu Claro,Dupla,Curva,-22.79271,-46.24637,DEL16-MG,Risco Médio,Alta
sábado,BR-116,199.0,Pleno dia,Decrescente,Nublado,Múltipla,Reta,-22.72899,-43.58452,DEL01-RJ,Risco Alto,Alta
segunda-feira,BR-153,722.5,Pleno dia,Decrescente,Céu Claro,Simples,Reta,-12.13719,-49.16925,DEL01-TO,Risco Médio,Alta
sábado,BR-381,947.5,Pleno dia,Decrescente,Sol,Dupla,Reta,-22.87479,-46.36656,DEL16-MG,Risco Médio,Alta
sábado,BR-282,522.1,Plena Noite,Decrescente,Céu Claro,Simples,Desvio Temporário,-26.95624,-52.54264,DEL07-SC,Risco Baixo,Baixa
terça-feira,BR-153,441.0,Pleno dia,Crescente,Nublado,Dupla,Reta,-16.31587,-48.92161,DEL02-GO,Risco Médio,Alta
quinta-feira,BR-308,151.3,Plena Noite,Decrescente,Céu Claro,Simples,Reta,-1.21064,-47.18274,DEL01-PA,Risco Médio,Baixa
sábado,BR-282,16.3,Pleno dia,Crescente,Nublado,Simples,Reta,-27.65861,-48.68185,DEL01-SC,Risco Médio,Baixa
quarta-feira,BR-386,401.6,Pleno dia,Crescente,Céu Claro,Dupla,Reta,-29.75919,-51.59202,DEL04-RS,Risco Médio,Média
domingo,BR-493,97.0,Plena Noite,Crescente,Céu Claro,Simples,Interseção de vias,-22.71751,-43.71123,DEL01-RJ,Risco Médio,Baixa
sábado,BR-277,727.6,Amanhecer,Crescente,Céu Claro,Dupla,Reta,-25.51057,-54.5701,DEL05-PR,Risco Médio,Média
terça-feira,BR-116,125.0,Pleno dia,Decrescente,Céu Claro,Dupla,Reta,-25.62151,-49.31622,DEL01-PR,Risco Médio,Alta
terça-feira,BR-101,223.4,Pleno dia,Crescente,Sol,Dupla,Reta,-27.71553,-48.64881,DEL01-SC,Risco Médio,Alta
quarta-feira,BR-116,220.0,Pleno dia,Decrescente,Chuva,Múltipla,Reta,-23.40276,-46.31664,DEL01-SP,Risco Médio,Alta
terça-feira,BR-104,130.0,Pleno dia,Decrescente,Céu Claro,Dupla,Reta,-7.290134,-35.8903,DEL02-PB,Risco Médio,Baixa
quinta-feira,BR-476,169.0,Pleno dia,Crescente,Nublado,Simples,Curva,-25.66625,-49.49592,DEL01-PR,Risco Médio,Baixa
sexta-feira,BR-316,85.2,Pleno dia,Crescente,Sol,Simples,Não Informado,-5.771778,-42.59317,DEL04-PI,Risco Médio,Baixa
domingo,BR-40,766.5,Plena Noite,Crescente,Céu Claro,Simples,Reta,-21.59022,-43.45845,DEL05-MG,Risco Baixo,Alta
terça-feira,BR-153,534.0,Plena Noite,Crescente,Nublado,Dupla,Reta,-17.0016,-49.2231,DEL01-GO,Risco Médio,Alta
domingo,BR-293,266.1,Pleno dia,Decrescente,Nublado,Simples,Reta,-30.91019,-54.81156,DEL11-RS,Risco Médio,Baixa
terça-feira,BR-40,104.0,Plena Noite,Crescente,Céu Claro,Dupla,Reta,-22.62898,-43.2858,DEL01-RJ,Risco Médio,Alta
sábado,BR-101,0.0,Plena Noite,Crescente,Céu Claro,Dupla,Reta,-20.12909,-40.30812,DEL02-ES,Risco Médio,Alta
sexta-feira,BR-40,149.5,Pleno dia,Crescente,Chuva,Simples,Reta,-17.782,-46.1371,DEL14-MG,Risco Baixo,Alta
quinta-feira,BR-230,36.0,Pleno dia,Decrescente,Nublado,Dupla,Não Informado,-7.125336,-34.94747,DEL01-PB,Risco Baixo,Baixa
quinta-feira,BR-101,211.5,Pleno dia,Crescente,Nublado,Múltipla,Reta,-27.62329,-48.65246,DEL01-SC,Risco Médio,Alta
terça-feira,BR-101,203.0,Plena Noite,Crescente,Céu Claro,Dupla,Interseção de vias,-27.565,-48.6146,DEL01-SC,Risco Médio,Alta
sábado,BR-376,175.9,Plena Noite,Crescente,Céu Claro,Dupla,Reta,-23.41179,-51.94127,DEL07-PR,Risco Médio,Baixa
sábado,BR-459,19.6,Plena Noite,Crescente,Céu Claro,Simples,Curva,-22.6432,-45.14708,DEL08-SP,Risco Médio,Baixa
sexta-feira,BR-116,225.0,Pleno dia,Decrescente,Sol,Múltipla,Reta,-23.48587,-46.54075,DEL01-SP,Risco Médio,Alta
quinta-feira,BR-163,171.1,Plena Noite,Crescente,Chuva,Simples,Não Informado,-25.24874,-53.57891,DEL04-PR,Risco Alto,Alta
domingo,BR-242,723.0,Amanhecer,Decrescente,Céu Claro,Simples,Reta,-12.23328,-44.399,DEL10-BA,Risco Médio,Baixa
quinta-feira,BR-285,314.0,Pleno dia,Decrescente,Céu Claro,Simples,Reta,-28.24579,-52.57226,DEL08-RS,Risco Médio,Baixa
domingo,BR-116,104.0,Plena Noite,Decrescente,Céu Claro,Dupla,Reta,-23.0034,-45.50627,DEL06-SP,Risco Baixo,Alta
quinta-feira,BR-267,246.7,Pleno dia,Decrescente,Sol,Simples,Reta,-21.48374,-54.35966,DEL02-MS,Risco Médio,Baixa
quinta-feira,BR-116,251.0,Pleno dia,Crescente,Nublado,Dupla,Não Informado,-29.79652,-51.16505,DEL01-RS,Risco Médio,Alta
domingo,BR-210,2.2,Pleno dia,Decrescente,Garoa/Chuvisco,Múltipla,Reta,0.08282017,-51.07776,DEL01-AP,Risco Médio,Baixa
quarta-feira,BR-116,752.0,Pleno dia,Crescente,Céu Claro,Simples,Reta,-14.44442,-40.35241,DEL08-BA,Risco Médio,Alta
quinta-feira,BR-101,408.0,Plena Noite,Crescente,Céu Claro,Simples,Reta,-22.88094,-43.82515,DEL03-RJ,Risco Médio,Alta
quinta-feira,BR-116,347.0,Pleno dia,Crescente,Céu Claro,Dupla,Desvio Temporário,-24.04699,-47.19706,DEL04-SP,Risco Baixo,Alta
terça-feira,BR-116,923.2,Plena Noite,Decrescente,Céu Claro,Simples,Reta,-15.53124,-41.24735,DEL08-BA,Risco Médio,Alta
sábado,BR-116,6.0,Plena Noite,Crescente,Céu Claro,Dupla,Reta,-22.53158,-44.75375,DEL08-SP,Risco Médio,Alta
terça-feira,BR-470,65.2,Plena Noite,Decrescente,Céu Claro,Simples,Reta,-26.87041,-49.21186,DEL04-SC,Risco Médio,Baixa
domingo,BR-116,306.7,Anoitecer,Crescente,Chuva,Dupla,Curva,-23.84861,-46.93802,DEL04-SP,Risco Médio,Alta
domingo,BR-116,151.7,Plena Noite,Crescente,Céu Claro,Dupla,Não Informado,-29.17695,-51.16174,DEL05-RS,Risco Médio,Alta
quarta-feira,BR-101,150.0,Pleno dia,Decrescente,Sol,Simples,Reta,-27.11745,-48.60941,DEL04-SC,Risco Médio,Alta
sexta-feira,BR-381,448.0,Plena Noite,Crescente,Céu Claro,Simples,Reta,-19.82229,-43.81292,DEL01-MG,Risco Alto,Alta
terça-feira,BR-116,297.5,Plena Noite,Crescente,Céu Claro,Simples,Reta,-18.00882,-41.58955,DEL11-MG,Risco Alto,Alta
sexta-feira,BR-259,45.5,Pleno dia,Crescente,Sol,Simples,Rotatória,-19.53218,-40.57939,DEL02-ES,Risco Médio,Baixa
sexta-feira,BR-408,104.9,Anoitecer,Decrescente,Céu Claro,Dupla,Reta,-8.076651,-34.99225,DEL01-PE,Risco Médio,Baixa
segunda-feira,BR-470,9.0,Pleno dia,Crescente,Céu Claro,Simples,Reta,-26.79435,-48.68351,DEL04-SC,Risco Médio,Baixa
segunda-feira,BR-452,182.3,Anoitecer,Crescente,Céu Claro,Simples,Reta,-18.38772,-49.3397,DEL03-GO,Risco Médio,Baixa
terça-feira,BR-101,90.2,Pleno dia,Crescente,Garoa/Chuvisco,Dupla,Reta,-26.66149,-48.68866,DEL03-SC,Risco Médio,Alta