dia_semana,br,km,fase_dia,sentido_via,condicao_metereologica,tipo_pista,tracado_via,latitude,longitude,delegacia,classificacao_acidente,postos_policiais_PRF
segunda-feira,BR-116,178.0,Pleno dia,Crescente,Chuva,Dupla,Retorno Regulamentado,-23.32738,-46.12794,DEL02-SP,Risco Baixo,Alta
terça-feira,BR-369,479.4,Pleno dia,Crescente,Céu Claro,Simples,Não Informado,-24.63829,-53.20835,DEL04-PR,Risco Alto,Baixa
sábado,BR-101,416.0,Anoitecer,Crescente,Chuva,Simples,Reta,-22.9073,-43.89025,DEL03-RJ,Risco Médio,Alta
sexta-feira,BR-60,365.2,Pleno dia,Decrescente,Céu Claro,Dupla,Reta,-17.65614,-50.80716,DEL04-GO,Risco Médio,Média
sábado,BR-116,288.0,Pleno dia,Decrescente,Garoa/Chuvisco,Simples,Retorno Regulamentado,-23.7069,-46.8747,DEL04-SP,Risco Médio,Alta
sexta-feira,BR-116,116.5,Pleno dia,Decrescente,Sol,Dupla,Reta,-23.05376,-45.60879,DEL06-SP,Risco Médio,Alta
domingo,BR-101,465.0,Pleno dia,Crescente,Céu Claro,Dupla,Reta,-29.29817,-49.76898,DEL03-RS,Risco Médio,Alta
sexta-feira,BR-101,162.0,Plena Noite,Crescente,Céu Claro,Dupla,Reta,-27.2325,-48.6299,DEL04-SC,Risco Baixo,Alta
quinta-feira,BR-381,871.8,Pleno dia,Decrescente,Céu Claro,Dupla,Curva,-22.40513,-45.95999,DEL16-MG,Risco Médio,Alta
sábado,BR-163,1002.0,Plena Noite,Crescente,Nublado,Simples,Interseção de vias,-2.451462,-54.72955,DEL05-PA,Risco Médio,Alta
domingo,BR-427,99.6,Plena Noite,Crescente,Céu Claro,Simples,Reta,-6.459299,-37.09848,DEL03-RN,Risco Médio,Baixa
quinta-feira,BR-392,66.0,Plena Noite,Crescente,Céu Claro,Simples,Curva,-31.76275,-52.39165,DEL07-RS,Risco Baixo,Média
quinta-feira,BR-277,325.3,Pleno dia,Crescente,Céu Claro,Simples,Curva,-25.37307,-51.32023,DEL03-PR,Risco Médio,Média
domingo,BR-354,769.0,Pleno dia,Decrescente,Chuva,Simples,Curva,-22.35428,-44.79815,DEL05-MG,Risco Médio,Baixa
quarta-feira,BR-60,468.8,Pleno dia,Decrescente,Nublado,Dupla,Curva,-17.90889,-51.68383,DEL05-GO,Risco Baixo,Média
quarta-feira,BR-251,432.1,Pleno dia,Decrescente,Céu Claro,Simples,Não Informado,-16.35412,-43.15958,DEL12-MG,Risco Médio,Baixa
quinta-feira,BR-277,406.3,Plena Noite,Crescente,Céu Claro,Simples,Curva,-25.42715,-52.01889,DEL04-PR,Risco Médio,Média
quarta-feira,BR-364,195.6,Plena Noite,Decrescente,Céu Claro,Simples,Reta,-11.69166,-61.17951,DEL02-RO,Risco Médio,Alta
terça-feira,BR-158,774.0,Pleno dia,Decrescente,Céu Claro,Simples,Reta,-15.69918,-52.23603,DEL07-MT,Risco Médio,Baixa
domingo,BR-364,137.0,Plena Noite,Decrescente,Garoa/Chuvisco,Simples,Reta,-18.20227,-51.32395,DEL05-GO,Risco Médio,Alta
domingo,BR-392,3.0,Plena Noite,Crescente,Céu Claro,Simples,Reta,-32.06221,-52.0895,DEL07-RS,Risco Médio,Média
domingo,BR-381,403.0,Amanhecer,Decrescente,Céu Claro,Simples,Reta,-19.75138,-43.53638,DEL01-MG,Risco Médio,Alta
sexta-feira,BR-316,546.0,Plena Noite,Decrescente,Céu Claro,Simples,Reta,-4.875501,-43.39522,DEL03-MA,Risco Médio,Baixa
sexta-feira,BR-101,30.4,Pleno dia,Decrescente,Nublado,Simples,Não Informado,-18.40842,-39.93733,DEL04-ES,Risco Médio,Alta
sábado,BR-293,5.1,Amanhecer,Decrescente,Céu Claro,Simples,Curva,-31.72728,-52.38253,DEL07-RS,Risco Médio,Baixa
segunda-feira,BR-472,579.0,Plena Noite,Decrescente,Céu Claro,Simples,Reta,-29.78777,-57.08556,DEL13-RS,Risco Médio,Baixa
sábado,BR-116,781.1,Amanhecer,Decrescente,Céu Claro,Simples,Curva,-21.6262,-42.6997,DEL07-MG,Risco Médio,Alta
sábado,BR-324,515.0,Plena Noite,Crescente,Céu Claro,Simples,Interseção de vias,-12.23693,-38.94211,DEL02-BA,Risco Médio,Baixa
domingo,BR-153,286.0,Pleno dia,Crescente,Céu Claro,Simples,Reta,-15.1785,-49.54499,DEL07-GO,Risco Médio,Alta
terça-feira,BR-230,123.3,Anoitecer,Decrescente,Céu Claro,Dupla,Reta,-5.371162,-49.13008,DEL03-PA,Risco Médio,Baixa
terça-feira,BR-381,722.1,Pleno dia,Decrescente,Nublado,Dupla,Curva,-21.4773,-45.20208,DEL04-MG,Risco Médio,Alta
sábado,BR-135,170.0,Pleno dia,Crescente,Céu Claro,Dupla,Reta,-12.08929,-44.97288,DEL10-BA,Risco Médio,Baixa
quinta-feira,BR-163,737.0,Plena Noite,Crescente,Nublado,Simples,Reta,-12.65671,-55.79004,DEL06-MT,Risco Baixo,Alta
domingo,BR-116,222.3,Pleno dia,Decrescente,Chuva,Simples,Curva,-29.58421,-51.09587,DEL05-RS,Risco Médio,Alta
sábado,BR-116,370.5,Pleno dia,Crescente,Sol,Simples,Reta,-11.70032,-38.98602,DEL02-BA,Risco Médio,Alta
sexta-feira,BR-116,235.0,Pleno dia,Crescente,Céu Claro,Dupla,Reta,-29.66038,-51.14387,DEL01-RS,Risco Médio,Alta
quinta-feira,BR-101,41.6,Plena Noite,Crescente,Nublado,Dupla,Reta,-26.32286,-48.86847,DEL03-SC,Risco Baixo,Alta
quinta-feira,BR-20,19.0,Pleno dia,Crescente,Céu Claro,Dupla,Reta,-15.61218,-47.70093,DEL02-DF,Risco Médio,Baixa
segunda-feira,BR-381,238.0,Pleno dia,Decrescente,Céu Claro,Simples,Reta,-19.36916,-42.45311,DEL06-MG,Risco Baixo,Alta
segunda-feira,BR-470,127.5,Pleno dia,Decrescente,Céu Claro,Simples,Não Informado,-27.14236,-49.54879,DEL04-SC,Risco Baixo,Baixa
segunda-feira,BR-153,320.5,Plena Noite,Decrescente,Céu Claro,Simples,Reta,-15.45964,-49.5013,DEL02-GO,Risco Médio,Alta
sexta-feira,BR-277,352.2,Plena Noite,Decrescente,Céu Claro,Simples,Reta,-25.40158,-51.54255,DEL03-PR,Risco Baixo,Média
domingo,BR-116,302.0,Plena Noite,Decrescente,Céu Claro,Simples,Reta,-11.15706,-38.8513,DEL02-BA,Risco Médio,Alta
domingo,BR-262,98.0,Pleno dia,Crescente,Sol,Simples,Interseção de vias,-20.35488,-41.08739,DEL01-ES,Risco Médio,Média
segunda-feira,BR-60,416.0,Pleno dia,Decrescente,Nublado,Dupla,Reta,-17.8196,-51.202,DEL04-GO,Risco Baixo,Média
quarta-feira,BR-381,887.0,Pleno dia,Crescente,Céu Claro,Simples,Interseção de vias,-22.51909,-46.02242,DEL16-MG,Risco Médio,Alta
sábado,BR-232,81.0,Pleno dia,Crescente,Sol,Dupla,Não Informado,-8.186316,-35.49926,DEL01-PE,Risco Médio,Baixa
terça-feira,BR-158,142.3,Plena Noite,Decrescente,Chuva,Simples,Curva,-28.21817,-53.47083,DEL10-RS,Risco Médio,Baixa
segunda-feira,BR-324,614.0,Pleno dia,Decrescente,Sol,Múltipla,Reta,-12.87048,-38.42627,DEL01-BA,Risco Médio,Baixa
segunda-feira,BR-381,0.5,Pleno dia,Decrescente,Céu Claro,Dupla,Reta,-22.87867,-46.37214,DEL03-SP,Risco Médio,Alta
quarta-feira,BR-381,378.0,Anoitecer,Decrescente,Céu Claro,Simples,Não Informado,-19.841,-43.3321,DEL01-MG,Risco Médio,Alta
terça-feira,BR-408,89.4,Plena Noite,Crescente,Céu Claro,Dupla,Retorno Regulamentado,-7.983646,-35.07983,DEL01-PE,Risco Alto,Baixa
sábado,BR-235,53.8,Plena Noite,Crescente,Céu Claro,Simples,Reta,-10.68471,-37.44054,DEL01-SE,Risco Médio,Baixa
sexta-feira,BR-277,130.0,Pleno dia,Decrescente,Chuva,Dupla,Reta,-25.47921,-49.6458,DEL01-PR,Risco Baixo,Média
domingo,BR-116,146.3,Plena Noite,Decrescente,Céu Claro,Simples,Reta,-25.81351,-49.32903,DEL01-PR,Risco Baixo,Alta
sexta-feira,BR-153,508.0,Anoitecer,Decrescente,Céu Claro,Múltipla,Não Informado,-16.7804,-49.2371,DEL01-GO,Risco Médio,Alta
sexta-feira,BR-101,201.0,Anoitecer,Crescente,Chuva,Múltipla,Reta,-27.55712,-48.61898,DEL01-SC,Risco Médio,Alta
terça-feira,BR-476,116.8,Plena Noite,Crescente,Nublado,Dupla,Curva,-25.34785,-49.1742,DEL01-PR,Risco Médio,Baixa
domingo,BR-262,443.0,Pleno dia,Decrescente,Céu Claro,Dupla,Reta,-19.87455,-44.96298,DEL08-MG,Risco Médio,Média
sexta-feira,BR-101,79.0,Pleno dia,Decrescente,Sol,Simples,Não Informado,-8.1533,-34.9421,DEL01-PE,Risco Médio,Alta
terça-feira,BR-116,116.0,Plena Noite,Crescente,Céu Claro,Simples,Reta,-28.9701,-51.0696,DEL05-RS,Risco Médio,Alta
quarta-feira,BR-163,248.5,Plena Noite,Crescente,Céu Claro,Simples,Não Informado,-22.3239,-54.81909,DEL04-MS,Risco Médio,Alta
quinta-feira,BR-280,111.0,Plena Noite,Decrescente,Céu Claro,Simples,Não Informado,-26.31296,-49.38838,DEL06-SC,Risco Médio,Baixa
segunda-feira,BR-101,216.3,Plena Noite,Decrescente,Céu Claro,Múltipla,Reta,-27.65981,-48.67748,DEL01-SC,Risco Médio,Alta
quinta-feira,BR-101,115.0,Pleno dia,Crescente,Nublado,Dupla,Reta,-26.8793,-48.7258,DEL04-SC,Risco Médio,Alta
terça-feira,BR-376,185.3,Amanhecer,Crescente,Céu Claro,Dupla,Reta,-23.45147,-51.85362,DEL09-PR,Risco Médio,Baixa
sábado,BR-101,869.0,Plena Noite,Decrescente,Nublado,Simples,Reta,-17.63888,-39.76942,DEL09-BA,Risco Médio,Alta
segunda-feira,BR-101,26.7,Pleno dia,Decrescente,Chuva,Dupla,Curva,-6.720598,-35.11948,DEL01-PB,Risco Médio,Alta
domingo,BR-365,410.7,Pleno dia,Decrescente,Céu Claro,Simples,Não Informado,-18.65773,-46.52207,DEL10-MG,Risco Médio,Média
sábado,BR-285,293.0,Pleno dia,Decrescente,Céu Claro,Simples,Não Informado,-28.23664,-52.37516,DEL08-RS,Risco Baixo,Baixa
quarta-feira,BR-493,53.0,Plena Noite,Decrescente,Garoa/Chuvisco,Dupla,Reta,-22.67209,-43.28505,DEL01-RJ,Risco Médio,Baixa
sábado,BR-153,682.7,Pleno dia,Decrescente,Sol,Simples,Reta,-11.8058,-49.12547,DEL01-TO,Risco Alto,Alta
quinta-feira,BR-60,377.0,Plena Noite,Decrescente,Céu Claro,Dupla,Reta,-17.74397,-50.87444,DEL04-GO,Risco Médio,Média
quarta-feira,BR-70,529.0,Plena Noite,Decrescente,Céu Claro,Simples,Reta,-15.64921,-56.19486,DEL01-MT,Risco Alto,Baixa
sábado,BR-116,214.0,Pleno dia,Decrescente,Chuva,Dupla,Curva,-22.7414,-43.7053,DEL01-RJ,Risco Baixo,Alta
quarta-feira,BR-163,102.0,Plena Noite,Crescente,Céu Claro,Dupla,Reta,-16.64506,-54.68994,DEL02-MT,Risco Médio,Alta
segunda-feira,BR-101,317.0,Pleno dia,Crescente,Sol,Dupla,Reta,-22.83708,-43.09492,DEL02-RJ,Risco Médio,Alta
domingo,BR-116,711.0,Amanhecer,Crescente,Céu Claro,Simples,Reta,-14.14368,-40.24183,DEL08-BA,Risco Baixo,Alta
sábado,BR-101,51.6,Pleno dia,Decrescente,Céu Claro,Dupla,Curva,-7.916997,-34.89689,DEL01-PE,Risco Médio,Alta
domingo,BR-30,242.8,Anoitecer,Crescente,Chuva,Simples,Não Informado,-14.1145,-42.60245,DEL08-BA,Risco Médio,Baixa
sábado,BR-153,256.7,Pleno dia,Decrescente,Céu Claro,Dupla,Rotatória,-22.23859,-49.9195,DEL07-SP,Risco Médio,Alta
sexta-feira,BR-282,5.1,Pleno dia,Decrescente,Céu Claro,Dupla,Reta,-27.58855,-48.61217,DEL01-SC,Risco Médio,Baixa
sábado,BR-163,691.0,Plena Noite,Crescente,Céu Claro,Dupla,Reta,-13.0613,-55.9186,DEL06-MT,Risco Médio,Alta
sábado,BR-116,336.0,Plena Noite,Crescente,Nublado,Dupla,Curva,-23.97544,-47.14214,DEL04-SP,Risco Médio,Alta
terça-feira,BR-373,419.0,Plena Noite,Crescente,Céu Claro,Simples,Reta,-25.68841,-52.15392,DEL08-PR,Risco Médio,Baixa
quarta-feira,BR-60,2.0,Plena Noite,Decrescente,Céu Claro,Dupla,Reta,-15.89002,-48.08514,DEL01-DF,Risco Médio,Média
domingo,BR-101,146.0,Pleno dia,Crescente,Céu Claro,Simples,Interseção de vias,-19.36991,-40.06561,DEL04-ES,Risco Baixo,Alta
sábado,BR-381,529.0,Pleno dia,Decrescente,Céu Claro,Dupla,Curva,-20.1623,-44.3484,DEL04-MG,Risco Médio,Alta
domingo,BR-116,77.0,Pleno dia,Crescente,Nublado,Dupla,Reta,-22.88337,-45.27938,DEL06-SP,Risco Médio,Alta
terça-feira,BR-267,480.9,Pleno dia,Decrescente,Nublado,Simples,Reta,-21.47867,-56.13881,DEL05-MS,Risco Médio,Baixa
domingo,BR-174,13.0,Pleno dia,Crescente,Céu Claro,Dupla,Interseção de vias,-12.7414,-60.13026,DEL04-RO,Risco Médio,Baixa
quarta-feira,BR-381,929.8,Pleno dia,Crescente,Céu Claro,Dupla,Não Informado,-22.77076,-46.23562,DEL16-MG,Risco Médio,Alta
quinta-feira,BR-101,201.6,Pleno dia,Crescente,Nublado,Múltipla,Reta,-27.55431,-48.61943,DEL01-SC,Risco Baixo,Alta
sábado,BR-262,4.7,Pleno dia,Decrescente,Sol,Múltipla,Interseção de vias,-20.33783,-40.3847,DEL01-ES,Risco Baixo,Média
terça-feira,BR-116,54.8,Pleno dia,Decrescente,Céu Claro,Simples,Reta,-26.39448,-50.1648,DEL06-SC,Risco Médio,Alta
sexta-feira,BR-381,845.1,Pleno dia,Crescente,Céu Claro,Dupla,Curva,-22.20134,-45.85953,DEL16-MG,Risco Baixo,Alta
domingo,BR-282,51.0,Plena Noite,Decrescente,Chuva,Simples,Curva,-27.70371,-48.95927,DEL01-SC,Risco Médio,Baixa
segunda-feira,BR-101,46.0,Pleno dia,Crescente,Céu Claro,Múltipla,Reta,-7.87406,-34.90588,DEL01-PE,Risco Médio,Alta
domingo,BR-232,85.0,Anoitecer,Decrescente,Céu Claro,Simples,Interseção de vias,-8.209511,-35.61182,DEL01-PE,Risco Médio,Baixa
terça-feira,BR-376,182.5,Plena Noite,Crescente,Céu Claro,Dupla,Interseção de vias,-23.4364,-51.87972,DEL07-PR,Risco Médio,Baixa
sábado,BR-365,596.3,Pleno dia,Decrescente,Nublado,Simples,Não Informado,-18.87324,-48.07771,DEL15-MG,Risco Alto,Média
domingo,BR-324,437.6,Pleno dia,Crescente,Nublado,Simples,Reta,-11.80312,-39.39509,DEL04-BA,Risco Baixo,Baixa
domingo,BR-101,168.2,Plena Noite,Decrescente,Nublado,Simples,Reta,-12.3586,-38.8405,DEL01-BA,Risco Alto,Alta
segunda-feira,BR-470,174.7,Plena Noite,Decrescente,Nevoeiro/Neblina,Simples,Reta,-27.25988,-49.92044,DEL04-SC,Risco Médio,Baixa
segunda-feira,BR-40,755.6,Pleno dia,Decrescente,Céu Claro,Simples,Reta,-21.48605,-43.53483,DEL05-MG,Risco Médio,Alta
sexta-feira,BR-116,164.0,Plena Noite,Decrescente,Céu Claro,Dupla,Reta,-23.29166,-46.00002,DEL02-SP,Risco Médio,Alta
terça-feira,BR-324,530.0,Pleno dia,Decrescente,Céu Claro,Dupla,Reta,-12.32818,-38.86174,DEL01-BA,Risco Alto,Baixa
domingo,BR-40,453.0,Pleno dia,Decrescente,Nublado,Dupla,Reta,-19.34189,-44.35668,DEL02-MG,Risco Baixo,Alta
quinta-feira,BR-70,6.5,Pleno dia,Decrescente,Céu Claro,Dupla,Reta,-15.78957,-48.11011,DEL01-DF,Risco Médio,Baixa
sexta-feira,BR-174,13.1,Pleno dia,Decrescente,Nublado,Dupla,Interseção de vias,-12.7414,-60.13026,DEL04-RO,Risco Médio,Baixa
quarta-feira,BR-116,5.0,Pleno dia,Crescente,Sol,Dupla,Viaduto,-3.794671,-38.50773,DEL01-CE,Risco Médio,Alta
terça-feira,BR-381,37.0,Plena Noite,Crescente,Chuva,Dupla,Reta,-23.10506,-46.56882,DEL03-SP,Risco Médio,Alta
sexta-feira,BR-101,50.0,Anoitecer,Decrescente,Céu Claro,Simples,Reta,-21.6339,-41.31293,DEL08-RJ,Risco Médio,Alta
sábado,BR-116,247.0,Anoitecer,Crescente,Chuva,Dupla,Reta,-29.76733,-51.15353,DEL01-RS,Risco Baixo,Alta
domingo,BR-282,581.5,Plena Noite,Decrescente,Céu Claro,Simples,Não Informado,-26.82875,-52.99793,DEL07-SC,Risco Médio,Baixa
quarta-feira,BR-50,179.0,Pleno dia,Decrescente,Chuva,Dupla,Não Informado,-19.77827,-47.93141,DEL13-MG,Risco Médio,Média
sexta-feira,BR-116,395.0,Pleno dia,Decrescente,Nublado,Dupla,Reta,-24.28895,-47.4608,DEL04-SP,Risco Médio,Alta
segunda-feira,BR-116,16.9,Pleno dia,Decrescente,Nublado,Dupla,Reta,-3.887328,-38.50185,DEL01-CE,Risco Baixo,Alta
segunda-feira,BR-163,213.5,Pleno dia,Crescente,Céu Claro,Simples,Não Informado,-22.59501,-54.81727,DEL04-MS,Risco Médio,Alta
quarta-feira,BR-101,158.0,Plena Noite,Crescente,Céu Claro,Múltipla,Reta,-27.19096,-48.61259,DEL04-SC,Risco Médio,Alta
sexta-feira,BR-364,105.9,Pleno dia,Crescente,Céu Claro,Simples,Desvio Temporário,-16.84418,-53.80288,DEL02-MT,Risco Médio,Alta
sábado,BR-435,14.0,Plena Noite,Crescente,Céu Claro,Simples,Reta,-12.7286,-60.26851,DEL04-RO,Risco Baixo,Baixa
quarta-feira,BR-101,50.4,Pleno dia,Decrescente,Sol,Simples,Reta,-7.9091,-34.9012,DEL01-PE,Risco Médio,Alta
sexta-feira,BR-277,1.5,Pleno dia,Crescente,Nublado,Simples,Reta,-25.51861,-48.54093,DEL01-PR,Risco Médio,Média
quarta-feira,BR-222,5.0,Pleno dia,Crescente,Céu Claro,Dupla,Não Informado,-3.74297,-38.61331,DEL01-CE,Risco Médio,Baixa
quarta-feira,BR-324,622.0,Pleno dia,Crescente,Céu Claro,Dupla,Reta,-12.91889,-38.46502,DEL01-BA,Risco Médio,Baixa
domingo,BR-386,434.0,Plena Noite,Crescente,Ignorado,Dupla,Reta,-29.84339,-51.28545,DEL04-RS,Risco Médio,Média
sexta-feira,BR-381,685.5,Pleno dia,Decrescente,Céu Claro,Dupla,Curva,-21.16755,-45.1252,DEL04-MG,Risco Médio,Alta
terça-feira,BR-101,245.0,Plena Noite,Crescente,Céu Claro,Simples,Reta,-12.84477,-39.2059,DEL01-BA,Risco Médio,Alta
terça-feira,BR-470,149.6,Amanhecer,Crescente,Nublado,Simples,Rotatória,-27.25511,-49.70713,DEL04-SC,Risco Baixo,Baixa
domingo,BR-373,183.0,Pleno dia,Decrescente,Nublado,Dupla,Interseção de vias,-25.09547,-50.16237,DEL03-PR,Risco Baixo,Baixa
sábado,BR-386,436.5,Pleno dia,Decrescente,Céu Claro,Dupla,Reta,-29.85049,-51.26676,DEL01-RS,Risco Médio,Média
sexta-feira,BR-277,674.0,Amanhecer,Crescente,Céu Claro,Dupla,Viaduto,-25.296,-54.11784,DEL05-PR,Risco Baixo,Média
domingo,BR-116,101.0,Plena Noite,Crescente,Nublado,Dupla,Reta,-22.99074,-45.48115,DEL06-SP,Risco Médio,Alta
quinta-feira,BR-101,213.3,Pleno dia,Decrescente,Céu Claro,Simples,Reta,-27.63697,-48.66514,DEL01-SC,Risco Médio,Alta
terça-feira,BR-232,380.8,Anoitecer,Crescente,Céu Claro,Simples,Reta,-8.0,-38.0,DEL04-PE,Risco Alto,Baixa
segunda-feira,BR-101,191.0,Pleno dia,Decrescente,Chuva,Dupla,Curva,-27.4773,-48.64127,DEL01-SC,Risco Médio,Alta
sexta-feira,BR-386,238.2,Pleno dia,Crescente,Sol,Simples,Reta,-28.75224,-52.54018,DEL04-RS,Risco Médio,Média
quarta-feira,BR-365,604.0,Plena Noite,Crescente,Céu Claro,Simples,Curva,-18.89351,-48.13697,DEL15-MG,Risco Médio,Média
sábado,BR-304,7.9,Plena Noite,Crescente,Céu Claro,Simples,Reta,-4.933459,-37.41315,DEL04-RN,Risco Médio,Baixa
sábado,BR-153,144.0,Plena Noite,Crescente,Chuva,Dupla,Desvio Temporário,-7.202215,-48.23915,DEL02-TO,Risco Médio,Alta
sábado,BR-230,404.0,Plena Noite,Crescente,Céu Claro,Simples,Reta,-6.7942,-37.7839,DEL03-PB,Risco Baixo,Baixa
quinta-feira,BR-304,144.5,Pleno dia,Crescente,Chuva,Simples,Reta,-5.672347,-36.64578,DEL04-RN,Risco Baixo,Baixa
segunda-feira,BR-242,855.0,Plena Noite,Decrescente,Céu Claro,Simples,Reta,-12.06991,-45.55122,DEL10-BA,Risco Baixo,Baixa
segunda-feira,BR-381,532.1,Pleno dia,Crescente,Céu Claro,Dupla,Curva,-20.16445,-44.36718,DEL04-MG,Risco Baixo,Alta
quinta-feira,BR-428,189.0,Plena Noite,Decrescente,Céu Claro,Múltipla,Retorno Regulamentado,-9.378089,-40.50422,DEL06-PE,Risco Médio,Baixa
segunda-feira,BR-101,86.7,Plena Noite,Crescente,Nublado,Dupla,Reta,-26.63591,-48.69823,DEL03-SC,Risco Médio,Alta
quinta-feira,BR-365,680.0,Pleno dia,Crescente,Céu Claro,Dupla,Reta,-18.84915,-48.81914,DEL15-MG,Risco Médio,Média
terça-feira,BR-60,81.6,Pleno dia,Crescente,Céu Claro,Dupla,Curva,-16.3116,-48.8277,DEL02-GO,Risco Médio,Média
terça-feira,BR-267,31.0,Plena Noite,Crescente,Céu Claro,Dupla,Reta,-21.72629,-52.44077,DEL02-MS,Risco Médio,Baixa
quarta-feira,BR-376,652.0,Pleno dia,Crescente,Chuva,Dupla,Curva,-25.8468,-49.0649,DEL01-PR,Risco Baixo,Baixa
sábado,BR-101,206.8,Plena Noite,Crescente,Nublado,Múltipla,Não Informado,-27.59819,-48.62163,DEL01-SC,Risco Alto,Alta
sábado,BR-40,124.0,Pleno dia,Crescente,Céu Claro,Múltipla,Reta,-22.80734,-43.28898,DEL01-RJ,Risco Baixo,Alta
quinta-feira,BR-277,578.0,Plena Noite,Decrescente,Céu Claro,Simples,Reta,-25.42826,-49.27348,DEL04-PR,Risco Médio,Média
quarta-feira,BR-470,138.0,Pleno dia,Crescente,Céu Claro,Simples,Reta,-27.19681,-49.62736,DEL04-SC,Risco Médio,Baixa
segunda-feira,BR-393,242.0,Pleno dia,Decrescente,Sol,Simples,Curva,-22.42557,-43.6918,DEL05-RJ,Risco Médio,Média
quinta-feira,BR-153,73.4,Plena Noite,Decrescente,Céu Claro,Dupla,Não Informado,-20.87627,-49.42005,DEL09-SP,Risco Baixo,Alta
sexta-feira,BR-50,100.7,Plena Noite,Crescente,Céu Claro,Dupla,Não Informado,-19.13609,-48.17068,DEL15-MG,Risco Médio,Média
quinta-feira,BR-381,570.5,Plena Noite,Decrescente,Céu Claro,Dupla,Reta,-20.4216,-44.53605,DEL04-MG,Risco Baixo,Alta
terça-feira,BR-386,276.4,Pleno dia,Decrescente,Chuva,Simples,Curva,-29.00416,-52.3502,DEL04-RS,Risco Médio,Média
sábado,BR-104,130.8,Plena Noite,Decrescente,Céu Claro,Simples,Reta,-7.307876,-35.89344,DEL02-PB,Risco Médio,Baixa
segunda-feira,BR-116,226.5,Pleno dia,Crescente,Sol,Múltipla,Reta,-23.49607,-46.55647,DEL01-SP,Risco Médio,Alta
domingo,BR-470,1.5,Pleno dia,Decrescente,Nublado,Simples,Reta,-26.87538,-48.66828,DEL04-SC,Risco Médio,Baixa
sábado,BR-392,87.0,Plena Noite,Decrescente,Chuva,Simples,Desvio Temporário,-31.62766,-52.4999,DEL07-RS,Risco Médio,Média
quarta-feira,BR-104,84.0,Plena Noite,Crescente,Céu Claro,Simples,Reta,-8.430662,-35.95916,DEL02-PE,Risco Alto,Baixa
terça-feira,BR-163,65.5,Amanhecer,Decrescente,Nevoeiro/Neblina,Dupla,Reta,-16.94492,-54.73615,DEL02-MT,Risco Médio,Alta
quinta-feira,BR-135,9.0,Pleno dia,Decrescente,Nublado,Dupla,Curva,-2.649414,-44.28039,DEL01-MA,Risco Médio,Baixa
sábado,BR-174,6.0,Pleno dia,Crescente,Céu Claro,Simples,Reta,-15.22654,-59.33573,DEL04-MT,Risco Médio,Baixa
sexta-feira,BR-101,181.0,Plena Noite,Crescente,Céu Claro,Simples,Interseção de vias,-19.63224,-40.22644,DEL04-ES,Risco Médio,Alta
quarta-feira,BR-381,489.0,Pleno dia,Decrescente,Céu Claro,Múltipla,Reta,-19.956,-44.1334,DEL01-MG,Risco Médio,Alta
segunda-feira,BR-101,25.0,Pleno dia,Decrescente,Céu Claro,Simples,Reta,-18.3674,-39.95085,DEL04-ES,Risco Médio,Alta
sexta-feira,BR-262,67.7,Plena Noite,Crescente,Chuva,Simples,Curva,-20.30577,-42.26806,DEL06-MG,Risco Médio,Média
sábado,BR-50,70.0,Plena Noite,Decrescente,Céu Claro,Dupla,Não Informado,-18.8514,-48.25346,DEL15-MG,Risco Baixo,Média
segunda-feira,BR-60,175.4,Plena Noite,Crescente,Chuva,Múltipla,Não Informado,-16.75481,-49.43697,DEL01-GO,Risco Médio,Média
terça-feira,BR-116,483.4,Pleno dia,Decrescente,Céu Claro,Simples,Reta,-31.43108,-52.18729,DEL07-RS,Risco Médio,Alta
sexta-feira,BR-101,307.6,Plena Noite,Decrescente,Céu Claro,Simples,Reta,-28.41486,-48.79421,DEL02-SC,Risco Médio,Alta
sábado,BR-277,660.7,Plena Noite,Decrescente,Nublado,Dupla,Reta,-25.25136,-53.99028,DEL05-PR,Risco Médio,Média
sexta-feira,BR-116,420.0,Pleno dia,Crescente,Chuva,Dupla,Reta,-12.20321,-38.96556,DEL02-BA,Risco Médio,Alta
sexta-feira,BR-153,43.0,Pleno dia,Crescente,Nublado,Simples,Rotatória,-23.30212,-50.07031,DEL07-PR,Risco Médio,Alta
quarta-feira,BR-392,241.1,Pleno dia,Decrescente,Céu Claro,Simples,Não Informado,-30.60476,-53.36822,DEL09-RS,Risco Baixo,Média
sexta-feira,BR-316,253.0,Plena Noite,Crescente,Nublado,Simples,Reta,-9.578992,-35.96164,DEL02-AL,Risco Baixo,Baixa
domingo,BR-40,443.0,Plena Noite,Crescente,Céu Claro,Dupla,Curva,-19.28815,-44.392,DEL02-MG,Risco Médio,Alta
terça-feira,BR-476,131.0,Pleno dia,Decrescente,Céu Claro,Simples,Não Informado,-25.4544,-49.2475,DEL01-PR,Risco Médio,Baixa
sexta-feira,BR-381,172.5,Plena Noite,Decrescente,Céu Claro,Simples,Reta,-18.98622,-42.10907,DEL06-MG,Risco Baixo,Alta
quarta-feira,BR-116,152.4,Plena Noite,Crescente,Nublado,Dupla,Reta,-29.18411,-51.17127,DEL05-RS,Risco Médio,Alta
sexta-feira,BR-101,297.7,Pleno dia,Decrescente,Garoa/Chuvisco,Dupla,Não Informado,-22.77145,-42.92416,DEL02-RJ,Risco Médio,Alta