dia_semana,br,km,fase_dia,sentido_via,condicao_metereologica,tipo_pista,tracado_via,latitude,longitude,delegacia,classificacao_acidente,postos_policiais_PRF
sexta-feira,BR-226,74.8,Plena Noite,Decrescente,Céu Claro,Simples,Reta,-6.145722,-35.73718,DEL01-RN,Risco Médio,Baixa
domingo,BR-101,23.0,Amanhecer,Decrescente,Céu Claro,Dupla,Não Informado,-10.38709,-36.9157,DEL02-SE,Risco Médio,Alta
quinta-feira,BR-116,64.0,Pleno dia,Crescente,Céu Claro,Simples,Reta,-22.26893,-42.92498,DEL04-RJ,Risco Médio,Alta
sábado,BR-381,934.5,Pleno dia,Crescente,Chuva,Simples,Não Informado,-22.79947,-46.26416,DEL16-MG,Risco Médio,Alta
domingo,BR-376,644.2,Pleno dia,Decrescente,Céu Claro,Dupla,Reta,-25.81782,-49.12966,DEL01-PR,Risco Médio,Baixa
quarta-feira,BR-316,307.6,Pleno dia,Decrescente,Chuva,Simples,Não Informado,-7.078273,-41.50175,DEL04-PI,Risco Médio,Baixa
segunda-feira,BR-101,454.6,Pleno dia,Crescente,Sol,Simples,Curva,-21.06465,-41.36675,DEL03-ES,Risco Alto,Alta
segunda-feira,BR-282,5.0,Pleno dia,Crescente,Céu Claro,Dupla,Reta,-27.58843,-48.61292,DEL01-SC,Risco Médio,Baixa
domingo,BR-277,727.6,Plena Noite,Crescente,Céu Claro,Dupla,Reta,-25.50997,-54.57033,DEL05-PR,Risco Médio,Média
quinta-feira,BR-153,491.0,Pleno dia,Decrescente,Céu Claro,Dupla,Curva,-16.63261,-49.20509,DEL01-GO,Risco Médio,Alta
domingo,BR-60,618.3,Pleno dia,Decrescente,Céu Claro,Simples,Reta,-21.69417,-56.2779,DEL05-MS,Risco Médio,Média
quarta-feira,BR-364,5.0,Pleno dia,Decrescente,Céu Claro,Simples,Reta,-12.79099,-60.08831,DEL04-RO,Risco Médio,Alta
sábado,BR-104,66.7,Pleno dia,Decrescente,Céu Claro,Dupla,Reta,-8.290317,-35.98555,DEL02-PE,Risco Médio,Baixa
sábado,BR-262,404.8,Pleno dia,Crescente,Sol,Dupla,Desvio Temporário,-19.89195,-44.58054,DEL01-MG,Risco Médio,Média
quarta-feira,BR-230,462.8,Pleno dia,Decrescente,Céu Claro,Simples,Reta,-6.778613,-38.23613,DEL03-PB,Risco Médio,Baixa
segunda-feira,BR-116,7.0,Plena Noite,Crescente,Chuva,Dupla,Curva,-25.0813,-48.6204,DEL01-PR,Risco Baixo,Alta
sábado,BR-386,294.5,Pleno dia,Decrescente,Chuva,Simples,Curva,-29.12439,-52.25232,DEL04-RS,Risco Médio,Média
quarta-feira,BR-416,17.0,Anoitecer,Decrescente,Céu Claro,Simples,Reta,-8.91326,-35.71596,DEL01-AL,Risco Alto,Baixa
quarta-feira,BR-364,121.0,Plena Noite,Crescente,Céu Claro,Simples,Rotatória,-10.01205,-67.7705,DEL01-AC,Risco Alto,Alta
sexta-feira,BR-116,540.0,Plena Noite,Crescente,Céu Claro,Simples,Curva,-19.08678,-41.99833,DEL06-MG,Risco Médio,Alta
quinta-feira,BR-356,267.0,Pleno dia,Decrescente,Céu Claro,Simples,Não Informado,-21.12726,-42.35053,DEL07-MG,Risco Médio,Baixa
sexta-feira,BR-163,672.0,Amanhecer,Decrescente,Céu Claro,Simples,Reta,-18.99093,-54.83044,DEL06-MS,Risco Médio,Alta
quarta-feira,BR-174,503.0,Pleno dia,Crescente,Chuva,Dupla,Interseção de vias,2.794901,-60.69844,DEL01-RR,Risco Baixo,Baixa
segunda-feira,BR-116,422.0,Pleno dia,Decrescente,Sol,Dupla,Reta,-12.22804,-38.96482,DEL02-BA,Risco Médio,Alta
quarta-feira,BR-290,50.0,Pleno dia,Decrescente,Chuva,Dupla,Reta,-29.90663,-50.75771,DEL03-RS,Risco Médio,Baixa
sexta-feira,BR-116,488.1,Pleno dia,Decrescente,Nevoeiro/Neblina,Dupla,Reta,-12.55756,-39.46691,DEL02-BA,Risco Médio,Alta
terça-feira,BR-101,307.0,Plena Noite,Decrescente,Nublado,Dupla,Reta,-22.79116,-43.01514,DEL02-RJ,Risco Médio,Alta
quarta-feira,BR-10,105.0,Pleno dia,Crescente,Céu Claro,Simples,Reta,-3.507253,-47.48085,DEL02-PA,Risco Alto,Baixa
quarta-feira,BR-153,256.3,Pleno dia,Decrescente,Céu Claro,Dupla,Não Informado,-22.23815,-49.91904,DEL07-SP,Risco Médio,Alta
segunda-feira,BR-40,20.0,Pleno dia,Crescente,Céu Claro,Dupla,Reta,-16.21849,-47.91548,DEL01-DF,Risco Alto,Alta
quarta-feira,BR-40,113.0,Pleno dia,Crescente,Sol,Múltipla,Reta,-22.70949,-43.2904,DEL01-RJ,Risco Médio,Alta
terça-feira,BR-262,51.0,Pleno dia,Decrescente,Céu Claro,Simples,Reta,-20.24788,-42.1455,DEL06-MG,Risco Médio,Média
sexta-feira,BR-101,215.9,Plena Noite,Crescente,Nublado,Múltipla,Reta,-27.65185,-48.67605,DEL01-SC,Risco Médio,Alta
sexta-feira,BR-40,16.5,Plena Noite,Crescente,Céu Claro,Dupla,Reta,-16.17518,-47.92964,DEL01-DF,Risco Médio,Alta
domingo,BR-163,59.0,Anoitecer,Crescente,Céu Claro,Simples,Reta,-23.6375,-54.2436,DEL09-MS,Risco Baixo,Alta
sábado,BR-277,519.5,Pleno dia,Decrescente,Céu Claro,Simples,Reta,-25.11162,-52.84195,DEL04-PR,Risco Médio,Média
domingo,BR-365,454.5,Plena Noite,Crescente,Chuva,Simples,Reta,-18.84,-46.851,DEL10-MG,Risco Médio,Média
sexta-feira,BR-116,176.7,Pleno dia,Crescente,Céu Claro,Simples,Não Informado,-5.022437,-38.06426,DEL03-CE,Risco Alto,Alta
sexta-feira,BR-381,485.0,Pleno dia,Crescente,Céu Claro,Dupla,Não Informado,-19.95659,-44.12623,DEL01-MG,Risco Médio,Alta
sábado,BR-392,108.6,Plena Noite,Decrescente,Garoa/Chuvisco,Simples,Reta,-31.47375,-52.62745,DEL07-RS,Risco Baixo,Média
segunda-feira,BR-153,211.9,Plena Noite,Decrescente,Céu Claro,Simples,Não Informado,-14.63493,-49.17629,DEL07-GO,Risco Médio,Alta
segunda-feira,BR-343,337.0,Pleno dia,Crescente,Céu Claro,Dupla,Reta,-5.061969,-42.71404,DEL01-PI,Risco Médio,Baixa
domingo,BR-116,78.9,Plena Noite,Decrescente,Nevoeiro/Neblina,Simples,Curva,-22.39998,-42.95484,DEL04-RJ,Risco Médio,Alta
terça-feira,BR-60,117.4,Anoitecer,Decrescente,Céu Claro,Dupla,Interseção de vias,-16.4789,-49.0864,DEL01-GO,Risco Médio,Média
sábado,BR-262,136.0,Pleno dia,Decrescente,Sol,Simples,Curva,-20.10451,-42.69792,DEL03-MG,Risco Médio,Média
segunda-feira,BR-262,607.5,Pleno dia,Decrescente,Sol,Simples,Curva,-19.62458,-46.26931,DEL08-MG,Risco Médio,Média
terça-feira,BR-116,131.2,Pleno dia,Crescente,Nublado,Dupla,Reta,-23.12873,-45.73927,DEL06-SP,Risco Médio,Alta
segunda-feira,BR-70,587.0,Pleno dia,Decrescente,Céu Claro,Simples,Reta,-15.78362,-56.62179,DEL03-MT,Risco Alto,Baixa
domingo,BR-116,62.8,Plena Noite,Decrescente,Céu Claro,Dupla,Reta,-22.81146,-45.17713,DEL08-SP,Risco Médio,Alta
quarta-feira,BR-471,497.0,Anoitecer,Decrescente,Chuva,Simples,Reta,-32.33791,-52.54264,DEL07-RS,Risco Médio,Baixa
terça-feira,BR-163,477.5,Pleno dia,Crescente,Nublado,Simples,Reta,-20.50228,-54.55708,DEL01-MS,Risco Médio,Alta
sexta-feira,BR-470,69.0,Plena Noite,Crescente,Nublado,Simples,Rotatória,-26.87527,-49.23604,DEL04-SC,Risco Baixo,Baixa
sexta-feira,BR-101,78.1,Pleno dia,Crescente,Céu Claro,Dupla,Reta,-8.137659,-34.94753,DEL01-PE,Risco Médio,Alta
terça-feira,BR-40,105.0,Pleno dia,Crescente,Céu Claro,Dupla,Reta,-22.63785,-43.28429,DEL01-RJ,Risco Médio,Alta
terça-feira,BR-163,284.0,Pleno dia,Crescente,Céu Claro,Simples,Não Informado,-24.5681,-54.03417,DEL06-PR,Risco Médio,Alta
quinta-feira,BR-472,130.0,Pleno dia,Decrescente,Chuva,Simples,Reta,-27.74498,-54.21975,DEL10-RS,Risco Alto,Baixa
quarta-feira,BR-101,77.5,Plena Noite,Crescente,Céu Claro,Dupla,Reta,-8.126982,-34.94386,DEL01-PE,Risco Médio,Alta
quinta-feira,BR-101,302.8,Plena Noite,Crescente,Nublado,Dupla,Curva,-20.39452,-40.41854,DEL01-ES,Risco Médio,Alta
quarta-feira,BR-101,51.0,Amanhecer,Decrescente,Nublado,Múltipla,Reta,-7.916997,-34.89689,DEL01-PE,Risco Baixo,Alta
sábado,BR-116,509.0,Anoitecer,Decrescente,Garoa/Chuvisco,Dupla,Curva,-24.82179,-48.21419,DEL05-SP,Risco Baixo,Alta
domingo,BR-262,554.0,Pleno dia,Crescente,Nublado,Simples,Curva,-19.7148,-45.90726,DEL08-MG,Risco Médio,Média
sábado,BR-116,735.5,Pleno dia,Crescente,Sol,Simples,Reta,-21.34261,-42.46192,DEL07-MG,Risco Médio,Alta
terça-feira,BR-364,239.2,Anoitecer,Crescente,Nublado,Simples,Não Informado,-11.43345,-61.46669,DEL02-RO,Risco Médio,Alta
quarta-feira,BR-153,639.0,Pleno dia,Crescente,Nublado,Dupla,Reta,-17.8714,-49.2268,DEL03-GO,Risco Médio,Alta
terça-feira,BR-101,333.0,Pleno dia,Crescente,Céu Claro,Dupla,Reta,-28.4663,-48.99653,DEL02-SC,Risco Médio,Alta
segunda-feira,BR-116,19.0,Amanhecer,Decrescente,Céu Claro,Dupla,Curva,-25.10503,-48.71472,DEL01-PR,Risco Médio,Alta
segunda-feira,BR-285,493.0,Pleno dia,Decrescente,Sol,Simples,Reta,-28.37499,-54.22764,DEL10-RS,Risco Médio,Baixa
sábado,BR-60,521.3,Plena Noite,Decrescente,Céu Claro,Simples,Reta,-21.1475,-55.6729,DEL05-MS,Risco Alto,Média
quarta-feira,BR-40,90.0,Plena Noite,Decrescente,Céu Claro,Simples,Curva,-22.55901,-43.23084,DEL06-RJ,Risco Médio,Alta
sábado,BR-70,12.4,Plena Noite,Crescente,Céu Claro,Dupla,Reta,-15.79224,-48.15854,DEL01-DF,Risco Médio,Baixa
segunda-feira,BR-242,272.0,Amanhecer,Decrescente,Céu Claro,Simples,Reta,-12.0,-40.0,DEL06-BA,Risco Médio,Baixa
domingo,BR-412,144.2,Plena Noite,Crescente,Chuva,Simples,Reta,-7.891878,-37.11134,DEL02-PB,Risco Médio,Baixa
quinta-feira,BR-116,101.4,Pleno dia,Crescente,Céu Claro,Simples,Curva,-16.43827,-41.49825,DEL11-MG,Risco Médio,Alta
terça-feira,BR-316,551.7,Plena Noite,Crescente,Céu Claro,Simples,Reta,-4.88652,-43.3565,DEL03-MA,Risco Médio,Baixa
domingo,BR-153,164.9,Pleno dia,Decrescente,Chuva,Simples,Curva,-24.24915,-50.2491,DEL03-PR,Risco Médio,Alta
sábado,BR-116,476.0,Pleno dia,Decrescente,Céu Claro,Simples,Reta,-24.69283,-47.99567,DEL05-SP,Risco Médio,Alta
segunda-feira,BR-104,116.7,Pleno dia,Decrescente,Céu Claro,Simples,Reta,-7.169871,-35.85908,DEL02-PB,Risco Alto,Baixa
sábado,BR-277,685.0,Pleno dia,Decrescente,Céu Claro,Dupla,Curva,-25.33509,-54.20727,DEL05-PR,Risco Médio,Média
sexta-feira,BR-101,34.0,Pleno dia,Decrescente,Chuva,Dupla,Reta,-29.50955,-49.98734,DEL03-RS,Risco Baixo,Alta
domingo,BR-101,85.1,Plena Noite,Decrescente,Chuva,Dupla,Reta,-8.180656,-34.95965,DEL01-PE,Risco Baixo,Alta
sábado,BR-230,24.4,Pleno dia,Decrescente,Céu Claro,Dupla,Curva,-7.169973,-34.86564,DEL01-PB,Risco Baixo,Baixa
quarta-feira,BR-230,158.3,Plena Noite,Crescente,Céu Claro,Simples,Reta,-7.2582,-35.9267,DEL02-PB,Risco Alto,Baixa
quinta-feira,BR-222,102.0,Pleno dia,Decrescente,Chuva,Simples,Curva,-3.737497,-39.43419,DEL04-CE,Risco Baixo,Baixa
sábado,BR-277,667.0,Plena Noite,Decrescente,Céu Claro,Dupla,Reta,-25.26577,-54.05433,DEL05-PR,Risco Médio,Média
sexta-feira,BR-232,26.8,Pleno dia,Crescente,Céu Claro,Dupla,Não Informado,-8.113744,-35.11689,DEL01-PE,Risco Médio,Baixa
domingo,BR-153,519.8,Pleno dia,Crescente,Céu Claro,Dupla,Não Informado,-16.8755,-49.2523,DEL01-GO,Risco Médio,Alta
sexta-feira,BR-280,56.5,Pleno dia,Crescente,Céu Claro,Dupla,Reta,-26.47948,-49.00299,DEL03-SC,Risco Alto,Baixa
quarta-feira,BR-153,504.5,Pleno dia,Crescente,Céu Claro,Simples,Reta,-16.74122,-49.24191,DEL01-GO,Risco Médio,Alta
segunda-feira,BR-376,644.3,Pleno dia,Crescente,Garoa/Chuvisco,Dupla,Curva,-25.82214,-49.12708,DEL01-PR,Risco Médio,Baixa
quinta-feira,BR-381,481.5,Plena Noite,Decrescente,Céu Claro,Dupla,Reta,-19.959,-44.0704,DEL01-MG,Risco Médio,Alta
domingo,BR-116,110.4,Pleno dia,Crescente,Céu Claro,Dupla,Reta,-23.03686,-45.55748,DEL06-SP,Risco Médio,Alta
sexta-feira,BR-280,93.0,Pleno dia,Crescente,Garoa/Chuvisco,Simples,Curva,-26.39963,-49.29783,DEL06-SC,Risco Médio,Baixa
segunda-feira,BR-282,6.2,Pleno dia,Decrescente,Céu Claro,Dupla,Curva,-27.58441,-48.61745,DEL01-SC,Risco Médio,Baixa
segunda-feira,BR-470,1.3,Pleno dia,Crescente,Nublado,Simples,Reta,-26.9002,-48.82765,DEL04-SC,Risco Médio,Baixa
sexta-feira,BR-20,19.2,Pleno dia,Crescente,Céu Claro,Dupla,Desvio Temporário,-15.62137,-47.71698,DEL02-DF,Risco Médio,Baixa
quinta-feira,BR-116,64.8,Pleno dia,Crescente,Céu Claro,Simples,Não Informado,-4.281252,-38.49424,DEL03-CE,Risco Médio,Alta
sexta-feira,BR-381,857.8,Plena Noite,Decrescente,Céu Claro,Dupla,Reta,-22.33418,-45.92157,DEL16-MG,Risco Médio,Alta
sexta-feira,BR-116,132.0,Pleno dia,Decrescente,Céu Claro,Dupla,Viaduto,-22.65703,-43.13458,DEL02-RJ,Risco Médio,Alta
quarta-feira,BR-251,474.1,Pleno dia,Crescente,Céu Claro,Simples,Não Informado,-16.4713,-43.45674,DEL12-MG,Risco Médio,Baixa
sexta-feira,BR-10,39.0,Anoitecer,Decrescente,Céu Claro,Simples,Reta,-4.125916,-47.54883,DEL02-PA,Risco Médio,Baixa
terça-feira,BR-365,625.0,Pleno dia,Decrescente,Céu Claro,Dupla,Não Informado,-18.89208,-48.27108,DEL15-MG,Risco Médio,Média
terça-feira,BR-470,48.1,Anoitecer,Crescente,Nublado,Simples,Reta,-26.85982,-49.05539,DEL04-SC,Risco Médio,Baixa
terça-feira,BR-290,194.6,Plena Noite,Crescente,Céu Claro,Simples,Reta,-30.16365,-52.15506,DEL02-RS,Risco Baixo,Baixa
quinta-feira,BR-282,23.4,Plena Noite,Crescente,Céu Claro,Simples,Reta,-27.68527,-48.7424,DEL01-SC,Risco Médio,Baixa
domingo,BR-101,184.0,Amanhecer,Crescente,Céu Claro,Simples,Curva,-22.42859,-42.02598,DEL08-RJ,Risco Baixo,Alta
domingo,BR-153,496.0,Anoitecer,Crescente,Céu Claro,Dupla,Reta,-16.6776,-49.2314,DEL01-GO,Risco Médio,Alta
sexta-feira,BR-116,822.0,Pleno dia,Crescente,Céu Claro,Dupla,Reta,-14.8503,-40.84862,DEL08-BA,Risco Médio,Alta
domingo,BR-381,88.0,Pleno dia,Decrescente,Céu Claro,Múltipla,Reta,-23.4856,-46.55966,DEL03-SP,Risco Médio,Alta
quarta-feira,BR-101,89.5,Pleno dia,Crescente,Céu Claro,Dupla,Reta,-26.66119,-48.68875,DEL03-SC,Risco Médio,Alta
sábado,BR-376,523.7,Plena Noite,Crescente,Nublado,Dupla,Reta,-25.27311,-49.92964,DEL03-PR,Risco Médio,Baixa
quinta-feira,BR-116,96.0,Amanhecer,Crescente,Nublado,Múltipla,Curva,-25.50485,-49.12323,DEL01-PR,Risco Médio,Alta
terça-feira,BR-232,255.8,Plena Noite,Crescente,Ignorado,Simples,Reta,-8.412402,-37.08494,DEL03-PE,Risco Médio,Baixa
quinta-feira,BR-423,51.5,Plena Noite,Decrescente,Céu Claro,Simples,Reta,-8.581321,-36.28787,DEL03-PE,Risco Médio,Baixa
sexta-feira,BR-381,921.5,Pleno dia,Crescente,Chuva,Dupla,Não Informado,-22.76809,-46.20854,DEL16-MG,Risco Médio,Alta
sábado,BR-116,49.1,Pleno dia,Decrescente,Céu Claro,Simples,Curva,-28.56891,-51.00387,DEL05-RS,Risco Médio,Alta
quarta-feira,BR-365,647.0,Pleno dia,Crescente,Céu Claro,Dupla,Reta,-18.87454,-48.53094,DEL15-MG,Risco Médio,Média
quinta-feira,BR-470,225.4,Anoitecer,Decrescente,Nublado,Simples,Curva,-27.32673,-50.35802,DEL05-SC,Risco Médio,Baixa
domingo,BR-116,56.5,Amanhecer,Decrescente,Céu Claro,Dupla,Reta,-22.76904,-45.13041,DEL08-SP,Risco Baixo,Alta
segunda-feira,BR-277,703.0,Anoitecer,Crescente,Nublado,Dupla,Reta,-25.42057,-54.35325,DEL05-PR,Risco Baixo,Média
terça-feira,BR-470,69.6,Pleno dia,Crescente,Céu Claro,Dupla,Reta,-26.87761,-49.23923,DEL04-SC,Risco Baixo,Baixa
sábado,BR-235,349.9,Pleno dia,Crescente,Céu Claro,Simples,Reta,-9.431745,-40.49804,DEL06-PE,Risco Alto,Baixa
sexta-feira,BR-101,98.0,Pleno dia,Crescente,Céu Claro,Múltipla,Interseção de vias,-5.865679,-35.21652,DEL01-RN,Risco Médio,Alta
sexta-feira,BR-101,461.0,Pleno dia,Crescente,Chuva,Simples,Curva,-14.31712,-39.32755,DEL05-BA,Risco Médio,Alta
terça-feira,BR-277,74.0,Plena Noite,Crescente,Garoa/Chuvisco,Dupla,Reta,-25.49596,-49.16287,DEL01-PR,Risco Médio,Média
sexta-feira,BR-369,146.0,Pleno dia,Decrescente,Céu Claro,Dupla,Reta,-23.29433,-51.09398,DEL07-PR,Risco Médio,Baixa
quinta-feira,BR-101,138.2,Pleno dia,Crescente,Nublado,Múltipla,Curva,-27.0287,-48.60437,DEL04-SC,Risco Médio,Alta
domingo,BR-153,501.0,Pleno dia,Decrescente,Chuva,Simples,Reta,-16.68689,-49.26479,DEL01-GO,Risco Baixo,Alta
domingo,BR-428,172.8,Plena Noite,Decrescente,Céu Claro,Simples,Reta,-9.236323,-40.41702,DEL06-PE,Risco Médio,Baixa
sábado,BR-290,127.6,Pleno dia,Decrescente,Sol,Simples,Reta,-30.05642,-51.47967,DEL02-RS,Risco Médio,Baixa
domingo,BR-70,2.0,Plena Noite,Crescente,Céu Claro,Dupla,Reta,-15.79692,-48.07018,DEL01-DF,Risco Médio,Baixa
quarta-feira,BR-232,510.0,Plena Noite,Crescente,Céu Claro,Simples,Reta,-8.067472,-39.13817,DEL05-PE,Risco Médio,Baixa
domingo,BR-101,40.1,Pleno dia,Decrescente,Céu Claro,Simples,Não Informado,-18.49981,-39.91852,DEL04-ES,Risco Baixo,Alta
sexta-feira,BR-280,26.7,Plena Noite,Crescente,Nublado,Simples,Reta,-26.39569,-48.73947,DEL03-SC,Risco Médio,Baixa
quarta-feira,BR-101,133.0,Pleno dia,Crescente,Sol,Dupla,Reta,-27.0021,-48.6362,DEL04-SC,Risco Médio,Alta
domingo,BR-163,276.4,Plena Noite,Decrescente,Céu Claro,Dupla,Rotatória,-22.15892,-54.64619,DEL04-MS,Risco Médio,Alta
quarta-feira,BR-101,118.5,Pleno dia,Decrescente,Garoa/Chuvisco,Dupla,Reta,-26.9045,-48.7153,DEL04-SC,Risco Baixo,Alta
sábado,BR-80,50.8,Plena Noite,Crescente,Céu Claro,Simples,Não Informado,-15.15711,-48.32044,DEL01-DF,Risco Baixo,Baixa
sábado,BR-101,268.5,Plena Noite,Decrescente,Nublado,Dupla,Reta,-20.20842,-40.2694,DEL02-ES,Risco Médio,Alta
quarta-feira,BR-101,201.0,Pleno dia,Crescente,Chuva,Dupla,Reta,-27.54837,-48.61978,DEL01-SC,Risco Médio,Alta
quarta-feira,BR-242,461.5,Pleno dia,Decrescente,Céu Claro,Simples,Reta,-11.80284,-49.59991,DEL01-TO,Risco Médio,Baixa
sábado,BR-153,26.0,Pleno dia,Decrescente,Céu Claro,Simples,Reta,-23.20082,-49.98485,DEL07-PR,Risco Médio,Alta
terça-feira,BR-381,599.8,Pleno dia,Crescente,Chuva,Dupla,Não Informado,-20.61547,-44.73611,DEL04-MG,Risco Médio,Alta
sábado,BR-116,50.5,Amanhecer,Crescente,Nevoeiro/Neblina,Simples,Reta,-26.37798,-50.13162,DEL06-SC,Risco Médio,Alta
sexta-feira,BR-277,383.0,Pleno dia,Decrescente,Sol,Simples,Não Informado,-25.40946,-51.76928,DEL03-PR,Risco Alto,Média
sexta-feira,BR-282,341.8,Amanhecer,Decrescente,Céu Claro,Simples,Reta,-27.38996,-51.21339,DEL07-SC,Risco Médio,Baixa
terça-feira,BR-376,323.0,Pleno dia,Crescente,Garoa/Chuvisco,Simples,Curva,-24.06841,-51.06298,DEL07-PR,Risco Médio,Baixa
quarta-feira,BR-163,1.0,Amanhecer,Decrescente,Céu Claro,Simples,Não Informado,-24.03924,-54.27975,DEL09-MS,Risco Médio,Alta
sexta-feira,BR-465,20.0,Pleno dia,Crescente,Nublado,Simples,Reta,-22.84683,-43.60534,DEL01-RJ,Risco Médio,Baixa
quarta-feira,BR-316,333.0,Pleno dia,Decrescente,Céu Claro,Simples,Reta,-7.106655,-41.27195,DEL04-PI,Risco Alto,Baixa
sábado,BR-101,478.0,Plena Noite,Decrescente,Chuva,Simples,Curva,-23.00247,-44.27271,DEL03-RJ,Risco Médio,Alta
sábado,BR-226,13.0,Pleno dia,Crescente,Céu Claro,Simples,Reta,-6.618478,-47.5532,DEL02-TO,Risco Médio,Baixa
sábado,BR-101,69.0,Pleno dia,Crescente,Céu Claro,Simples,Interseção de vias,-8.059516,-34.94581,DEL01-PE,Risco Médio,Alta
terça-feira,BR-163,222.0,Pleno dia,Crescente,Céu Claro,Simples,Reta,-22.52568,-54.85592,DEL04-MS,Risco Baixo,Alta
domingo,BR-101,99.0,Plena Noite,Crescente,Céu Claro,Simples,Reta,-5.873592,-35.22063,DEL01-RN,Risco Médio,Alta
quinta-feira,BR-277,45.4,Pleno dia,Crescente,Céu Claro,Dupla,Não Informado,-25.59377,-48.89633,DEL01-PR,Risco Baixo,Média
quarta-feira,BR-293,249.5,Plena Noite,Decrescente,Céu Claro,Simples,Reta,-30.97717,-54.64589,DEL11-RS,Risco Médio,Baixa
segunda-feira,BR-376,656.0,Pleno dia,Crescente,Garoa/Chuvisco,Dupla,Curva,-25.8495,-49.0359,DEL01-PR,Risco Médio,Baixa
domingo,BR-116,24.0,Plena Noite,Decrescente,Céu Claro,Simples,Reta,-8.052562,-39.13718,DEL05-PE,Risco Médio,Alta
sexta-feira,BR-116,113.0,Amanhecer,Crescente,Nublado,Simples,Reta,-16.53941,-41.50577,DEL11-MG,Risco Médio,Alta
domingo,BR-116,22.0,Plena Noite,Decrescente,Céu Claro,Simples,Reta,-8.0349,-39.142,DEL05-PE,Risco Baixo,Alta
sexta-feira,BR-110,46.0,Pleno dia,Decrescente,Céu Claro,Simples,Reta,-5.197977,-37.3184,DEL04-RN,Risco Médio,Baixa
domingo,BR-153,22.7,Pleno dia,Crescente,Nublado,Simples,Não Informado,-20.47685,-49.29651,DEL09-SP,Risco Médio,Alta
quinta-feira,BR-423,31.0,Plena Noite,Crescente,Ignorado,Simples,Reta,-9.207602,-37.55804,DEL03-AL,Risco Baixo,Baixa
sexta-feira,BR-376,4.0,Pleno dia,Crescente,Garoa/Chuvisco,Simples,Reta,-23.51738,-51.68271,DEL09-PR,Risco Médio,Baixa
domingo,BR-104,34.1,Plena Noite,Crescente,Céu Claro,Simples,Reta,-9.15381,-36.01296,DEL01-AL,Risco Alto,Baixa
segunda-feira,BR-101,96.0,Pleno dia,Decrescente,Céu Claro,Múltipla,Reta,-5.849496,-35.20891,DEL01-RN,Risco Baixo,Alta
segunda-feira,BR-277,123.0,Pleno dia,Decrescente,Chuva,Dupla,Reta,-25.44558,-49.46925,DEL01-PR,Risco Baixo,Média
sábado,BR-101,306.4,Plena Noite,Decrescente,Chuva,Simples,Não Informado,-20.39179,-40.46265,DEL03-ES,Risco Médio,Alta
segunda-feira,BR-40,479.0,Plena Noite,Crescente,Céu Claro,Dupla,Reta,-19.53623,-44.25468,DEL02-MG,Risco Médio,Alta
domingo,BR-101,406.0,Plena Noite,Decrescente,Céu Claro,Simples,Reta,-22.87189,-43.80896,DEL03-RJ,Risco Médio,Alta
domingo,BR-376,631.0,Plena Noite,Decrescente,Nublado,Dupla,Reta,-25.70434,-49.14199,DEL01-PR,Risco Médio,Baixa
segunda-feira,BR-319,59.0,Pleno dia,Decrescente,Céu Claro,Dupla,Reta,-8.766685,-63.88405,DEL01-RO,Risco Médio,Baixa
sábado,BR-364,35.0,Pleno dia,Crescente,Sol,Simples,Reta,-12.67081,-60.30359,DEL04-RO,Risco Médio,Alta
sábado,BR-116,506.0,Pleno dia,Decrescente,Céu Claro,Dupla,Reta,-24.81191,-48.21086,DEL05-SP,Risco Baixo,Alta
terça-feira,BR-343,206.9,Pleno dia,Crescente,Céu Claro,Simples,Reta,-4.417403,-41.88747,DEL02-PI,Risco Alto,Baixa
sexta-feira,BR-381,335.0,Plena Noite,Decrescente,Céu Claro,Simples,Curva,-19.81701,-43.06662,DEL03-MG,Risco Médio,Alta
segunda-feira,BR-40,519.0,Pleno dia,Crescente,Chuva,Dupla,Reta,-19.83958,-44.07684,DEL01-MG,Risco Médio,Alta
domingo,BR-259,104.6,Amanhecer,Crescente,Céu Claro,Simples,Reta,-19.50153,-41.03766,DEL02-ES,Risco Alto,Baixa
domingo,BR-101,96.0,Plena Noite,Decrescente,Céu Claro,Dupla,Reta,-7.230921,-34.92115,DEL01-PB,Risco Médio,Alta
domingo,BR-277,524.0,Plena Noite,Crescente,Céu Claro,Simples,Reta,-25.11018,-52.85168,DEL04-PR,Risco Médio,Média
domingo,BR-376,112.3,Plena Noite,Decrescente,Chuva,Simples,Não Informado,-23.08968,-52.39358,DEL07-PR,Risco Médio,Baixa
terça-feira,BR-280,43.7,Pleno dia,Decrescente,Sol,Simples,Reta,-26.45119,-48.8779,DEL03-SC,Risco Médio,Baixa
sexta-feira,BR-70,7.6,Pleno dia,Crescente,Céu Claro,Dupla,Reta,-15.74376,-48.2678,DEL01-DF,Risco Baixo,Baixa
quinta-feira,BR-324,613.0,Pleno dia,Crescente,Nublado,Dupla,Reta,-12.85532,-38.42055,DEL01-BA,Risco Médio,Baixa
domingo,BR-407,92.7,Plena Noite,Crescente,Céu Claro,Simples,Não Informado,-9.107169,-40.64758,DEL06-PE,Risco Médio,Baixa
sábado,BR-222,232.0,Plena Noite,Crescente,Céu Claro,Simples,Reta,-3.7066,-40.4078,DEL04-CE,Risco Médio,Baixa
quarta-feira,BR-40,55.0,Pleno dia,Decrescente,Céu Claro,Simples,Reta,-17.27574,-46.77689,DEL14-MG,Risco Médio,Alta
terça-feira,BR-369,143.0,Pleno dia,Crescente,Céu Claro,Dupla,Reta,-23.29654,-51.09701,DEL07-PR,Risco Baixo,Baixa