dia_semana,br,km,fase_dia,sentido_via,condicao_metereologica,tipo_pista,tracado_via,latitude,longitude,delegacia,classificacao_acidente,postos_policiais_PRF
segunda-feira,BR-116,114.1,Pleno dia,Decrescente,Céu Claro,Dupla,Reta,-23.04654,-45.59017,DEL06-SP,Risco Médio,Alta
sexta-feira,BR-50,69.0,Pleno dia,Decrescente,Sol,Dupla,Reta,-18.884,-48.26563,DEL15-MG,Risco Baixo,Média
sábado,BR-116,226.0,Plena Noite,Decrescente,Garoa/Chuvisco,Múltipla,Não Informado,-23.49607,-46.55577,DEL01-SP,Risco Médio,Alta
quinta-feira,BR-116,215.0,Plena Noite,Crescente,Céu Claro,Múltipla,Reta,-23.45149,-46.46548,DEL01-SP,Risco Baixo,Alta
sexta-feira,BR-343,640.0,Pleno dia,Decrescente,Céu Claro,Simples,Reta,-7.008149,-43.33789,DEL03-PI,Risco Médio,Baixa
terça-feira,BR-70,76.0,Pleno dia,Crescente,Céu Claro,Simples,Curva,-15.67422,-52.81409,DEL07-MT,Risco Médio,Baixa
quarta-feira,BR-101,81.3,Pleno dia,Crescente,Garoa/Chuvisco,Dupla,Reta,-26.60572,-48.72437,DEL03-SC,Risco Alto,Alta
sábado,BR-277,242.4,Plena Noite,Crescente,Chuva,Simples,Reta,-25.45315,-50.65137,DEL03-PR,Risco Alto,Média
sábado,BR-116,30.0,Pleno dia,Crescente,Céu Claro,Dupla,Reta,-4.01095,-38.51802,DEL01-CE,Risco Baixo,Alta
quinta-feira,BR-262,357.0,Pleno dia,Crescente,Céu Claro,Dupla,Curva,-19.97471,-44.18805,DEL01-MG,Risco Médio,Média
sábado,BR-282,5.0,Plena Noite,Crescente,Nublado,Múltipla,Reta,-27.58843,-48.61292,DEL01-SC,Risco Médio,Baixa
domingo,BR-60,117.9,Plena Noite,Decrescente,Céu Claro,Dupla,Retorno Regulamentado,-16.4789,-49.0864,DEL01-GO,Risco Médio,Média
domingo,BR-470,338.0,Pleno dia,Crescente,Nublado,Simples,Reta,-27.52045,-51.35284,DEL07-SC,Risco Médio,Baixa
terça-feira,BR-40,188.8,Pleno dia,Crescente,Chuva,Simples,Reta,-17.99572,-45.91598,DEL14-MG,Risco Alto,Alta
sábado,BR-116,823.3,Pleno dia,Crescente,Céu Claro,Dupla,Reta,-14.85699,-40.84948,DEL08-BA,Risco Baixo,Alta
terça-feira,BR-230,18.0,Pleno dia,Decrescente,Céu Claro,Dupla,Reta,-7.1198,-34.8453,DEL01-PB,Risco Médio,Baixa
sexta-feira,BR-304,263.8,Pleno dia,Decrescente,Céu Claro,Simples,Não Informado,-5.854556,-35.63874,DEL01-RN,Risco Médio,Baixa
sábado,BR-386,168.0,Pleno dia,Decrescente,Nublado,Simples,Reta,-28.22236,-52.82127,DEL08-RS,Risco Médio,Média
sexta-feira,BR-365,193.8,Pleno dia,Decrescente,Nublado,Simples,Não Informado,-17.45771,-45.18704,DEL12-MG,Risco Baixo,Média
sexta-feira,BR-116,511.0,Plena Noite,Crescente,Chuva,Dupla,Curva,-24.8432,-48.2121,DEL05-SP,Risco Baixo,Alta
terça-feira,BR-163,652.0,Pleno dia,Crescente,Sol,Simples,Reta,-13.3657,-56.0705,DEL06-MT,Risco Baixo,Alta
sexta-feira,BR-381,74.7,Plena Noite,Decrescente,Garoa/Chuvisco,Dupla,Não Informado,-23.3783,-46.56459,DEL03-SP,Risco Baixo,Alta
domingo,BR-101,150.0,Plena Noite,Crescente,Nublado,Dupla,Retorno Regulamentado,-27.11745,-48.60941,DEL04-SC,Risco Baixo,Alta
segunda-feira,BR-101,203.9,Pleno dia,Decrescente,Nublado,Múltipla,Reta,-27.57355,-48.6135,DEL01-SC,Risco Alto,Alta
sexta-feira,BR-262,906.5,Anoitecer,Crescente,Céu Claro,Dupla,Retorno Regulamentado,-19.65224,-48.7947,DEL13-MG,Risco Médio,Média
sábado,BR-381,492.0,Plena Noite,Decrescente,Céu Claro,Dupla,Reta,-19.9628,-44.16507,DEL01-MG,Risco Médio,Alta
quarta-feira,BR-101,732.0,Pleno dia,Decrescente,Céu Claro,Simples,Curva,-16.64243,-39.51341,DEL09-BA,Risco Médio,Alta
sexta-feira,BR-153,49.8,Pleno dia,Crescente,Chuva,Simples,Curva,-26.91218,-51.79556,DEL07-SC,Risco Médio,Alta
sexta-feira,BR-364,341.0,Amanhecer,Crescente,Nublado,Dupla,Reta,-10.88565,-61.9347,DEL02-RO,Risco Médio,Alta
domingo,BR-364,485.0,Plena Noite,Crescente,Chuva,Simples,Curva,-15.26233,-56.45651,DEL01-MT,Risco Baixo,Alta
sábado,BR-369,188.6,Pleno dia,Crescente,Céu Claro,Dupla,Reta,-23.44056,-51.42259,DEL07-PR,Risco Médio,Baixa
quarta-feira,BR-101,98.0,Plena Noite,Crescente,Nublado,Dupla,Reta,-8.274348,-35.26669,DEL01-PE,Risco Médio,Alta
domingo,BR-101,32.0,Pleno dia,Crescente,Nublado,Dupla,Reta,-11.80296,-37.95772,DEL02-SE,Risco Alto,Alta
domingo,BR-376,417.0,Pleno dia,Decrescente,Céu Claro,Dupla,Reta,-24.70246,-50.56298,DEL03-PR,Risco Médio,Baixa
quinta-feira,BR-101,266.6,Pleno dia,Decrescente,Céu Claro,Múltipla,Reta,-20.1902,-40.26829,DEL02-ES,Risco Médio,Alta
domingo,BR-262,447.0,Pleno dia,Decrescente,Céu Claro,Dupla,Reta,-19.87658,-44.98399,DEL08-MG,Risco Alto,Média
quinta-feira,BR-476,186.0,Anoitecer,Crescente,Nublado,Simples,Reta,-25.7176,-49.64659,DEL02-PR,Risco Médio,Baixa
domingo,BR-262,167.9,Pleno dia,Decrescente,Sol,Simples,Reta,-20.4254,-53.11031,DEL07-MS,Risco Médio,Média
sábado,BR-324,606.0,Plena Noite,Crescente,Céu Claro,Dupla,Reta,-12.81173,-38.40467,DEL01-BA,Risco Médio,Baixa
segunda-feira,BR-381,58.0,Pleno dia,Crescente,Nublado,Dupla,Reta,-23.27438,-46.58531,DEL03-SP,Risco Médio,Alta
sexta-feira,BR-381,791.7,Pleno dia,Decrescente,Chuva,Dupla,Curva,-21.89463,-45.54923,DEL16-MG,Risco Médio,Alta
terça-feira,BR-392,66.0,Pleno dia,Decrescente,Nublado,Simples,Não Informado,-31.7619,-52.3929,DEL07-RS,Risco Médio,Média
quarta-feira,BR-110,117.0,Pleno dia,Crescente,Garoa/Chuvisco,Simples,Reta,-10.44021,-38.19689,DEL07-BA,Risco Baixo,Baixa
domingo,BR-393,132.0,Plena Noite,Decrescente,Céu Claro,Simples,Reta,-21.97476,-42.88419,DEL04-RJ,Risco Baixo,Média
quarta-feira,BR-232,439.6,Plena Noite,Decrescente,Céu Claro,Simples,Curva,-8.010445,-38.55081,DEL04-PE,Risco Baixo,Baixa
quinta-feira,BR-116,164.0,Pleno dia,Decrescente,Céu Claro,Múltipla,Reta,-22.81074,-43.28844,DEL01-RJ,Risco Médio,Alta
segunda-feira,BR-282,628.4,Pleno dia,Crescente,Céu Claro,Simples,Desvio Temporário,-26.81875,-53.36549,DEL07-SC,Risco Médio,Baixa
domingo,BR-381,413.0,Pleno dia,Crescente,Céu Claro,Dupla,Reta,-19.72397,-43.57993,DEL01-MG,Risco Médio,Alta
quinta-feira,BR-163,900.6,Plena Noite,Crescente,Céu Claro,Simples,Reta,-11.42933,-55.3543,DEL06-MT,Risco Alto,Alta
sexta-feira,BR-393,278.0,Pleno dia,Decrescente,Céu Claro,Simples,Reta,-22.48029,-44.03238,DEL05-RJ,Risco Médio,Média
domingo,BR-428,189.9,Pleno dia,Crescente,Céu Claro,Dupla,Reta,-9.371975,-40.4868,DEL06-PE,Risco Médio,Baixa
terça-feira,BR-101,139.0,Pleno dia,Decrescente,Céu Claro,Dupla,Reta,-27.02982,-48.60115,DEL04-SC,Risco Baixo,Alta
sábado,BR-101,48.5,Pleno dia,Decrescente,Céu Claro,Múltipla,Reta,-7.891747,-34.90335,DEL01-PE,Risco Médio,Alta
segunda-feira,BR-343,304.5,Pleno dia,Crescente,Céu Claro,Simples,Reta,-5.003201,-42.4141,DEL01-PI,Risco Baixo,Baixa
sexta-feira,BR-101,876.0,Pleno dia,Decrescente,Céu Claro,Simples,Reta,-17.7359,-39.7663,DEL09-BA,Risco Médio,Alta
domingo,BR-101,9.3,Pleno dia,Decrescente,Céu Claro,Dupla,Reta,-26.0564,-48.8595,DEL03-SC,Risco Alto,Alta
domingo,BR-376,420.1,Plena Noite,Crescente,Céu Claro,Simples,Reta,-24.68508,-50.592,DEL03-PR,Risco Médio,Baixa
quinta-feira,BR-222,4.0,Pleno dia,Crescente,Céu Claro,Dupla,Reta,-3.742665,-38.61209,DEL01-CE,Risco Médio,Baixa
quinta-feira,BR-381,451.5,Pleno dia,Crescente,Céu Claro,Simples,Reta,-19.83832,-43.88069,DEL01-MG,Risco Médio,Alta
terça-feira,BR-153,54.0,Pleno dia,Crescente,Céu Claro,Simples,Reta,-13.28466,-49.12676,DEL07-GO,Risco Médio,Alta
quarta-feira,BR-116,26.7,Amanhecer,Crescente,Céu Claro,Dupla,Reta,-25.10684,-48.78533,DEL01-PR,Risco Médio,Alta
sábado,BR-116,176.0,Amanhecer,Decrescente,Nublado,Múltipla,Reta,-22.78395,-43.38195,DEL01-RJ,Risco Médio,Alta
domingo,BR-101,400.0,Plena Noite,Decrescente,Céu Claro,Dupla,Reta,-22.85435,-43.78399,DEL03-RJ,Risco Médio,Alta
sexta-feira,BR-381,627.4,Amanhecer,Crescente,Céu Claro,Dupla,Não Informado,-20.81702,-44.79664,DEL04-MG,Risco Baixo,Alta
domingo,BR-60,93.0,Plena Noite,Decrescente,Céu Claro,Dupla,Curva,-16.3538,-48.9268,DEL02-GO,Risco Médio,Média
quarta-feira,BR-367,53.0,Pleno dia,Decrescente,Céu Claro,Simples,Reta,-16.3791,-39.32439,DEL09-BA,Risco Médio,Baixa
terça-feira,BR-101,208.5,Plena Noite,Decrescente,Chuva,Dupla,Reta,-27.60654,-48.63539,DEL01-SC,Risco Médio,Alta
segunda-feira,BR-235,34.8,Pleno dia,Decrescente,Céu Claro,Simples,Reta,-10.76038,-37.31305,DEL01-SE,Risco Médio,Baixa
domingo,BR-116,11.0,Plena Noite,Crescente,Céu Claro,Simples,Reta,-14.851,-40.8485,DEL08-BA,Risco Médio,Alta
domingo,BR-232,409.9,Plena Noite,Crescente,Céu Claro,Simples,Reta,-7.986138,-38.26866,DEL04-PE,Risco Baixo,Baixa
segunda-feira,BR-470,66.9,Pleno dia,Decrescente,Nublado,Dupla,Não Informado,-26.87214,-49.23115,DEL04-SC,Risco Médio,Baixa
quinta-feira,BR-376,172.5,Plena Noite,Decrescente,Chuva,Dupla,Reta,-23.41611,-51.9794,DEL07-PR,Risco Médio,Baixa
sexta-feira,BR-20,429.0,Pleno dia,Crescente,Céu Claro,Dupla,Reta,-3.868928,-38.50715,DEL01-CE,Risco Médio,Baixa
sexta-feira,BR-116,12.9,Anoitecer,Decrescente,Céu Claro,Simples,Reta,-14.88451,-40.87064,DEL08-BA,Risco Médio,Alta
quarta-feira,BR-116,185.0,Pleno dia,Decrescente,Céu Claro,Simples,Reta,-22.74151,-43.45352,DEL01-RJ,Risco Médio,Alta
domingo,BR-316,197.0,Plena Noite,Crescente,Céu Claro,Simples,Reta,-3.2735,-45.656,DEL02-MA,Risco Médio,Baixa
sexta-feira,BR-101,204.8,Pleno dia,Crescente,Sol,Múltipla,Não Informado,-27.58042,-48.61441,DEL01-SC,Risco Alto,Alta
segunda-feira,BR-116,218.1,Plena Noite,Decrescente,Nublado,Múltipla,Não Informado,-23.45797,-46.47993,DEL01-SP,Risco Médio,Alta
quinta-feira,BR-60,395.8,Pleno dia,Decrescente,Nublado,Simples,Reta,-20.81004,-54.7998,DEL01-MS,Risco Médio,Média
segunda-feira,BR-381,685.7,Anoitecer,Decrescente,Chuva,Dupla,Curva,-21.17002,-45.12614,DEL04-MG,Risco Baixo,Alta
domingo,BR-40,506.1,Pleno dia,Crescente,Céu Claro,Dupla,Reta,-19.7503,-44.1454,DEL02-MG,Risco Médio,Alta
domingo,BR-40,457.3,Pleno dia,Crescente,Céu Claro,Dupla,Reta,-19.38259,-44.33752,DEL02-MG,Risco Médio,Alta
segunda-feira,BR-282,669.1,Anoitecer,Decrescente,Céu Claro,Simples,Curva,-26.63857,-53.63315,DEL07-SC,Risco Médio,Baixa
sexta-feira,BR-407,126.9,Pleno dia,Crescente,Céu Claro,Simples,Reta,-9.384913,-40.5281,DEL06-PE,Risco Baixo,Baixa
terça-feira,BR-163,106.7,Plena Noite,Decrescente,Céu Claro,Dupla,Não Informado,-23.22825,-54.21969,DEL09-MS,Risco Baixo,Alta
segunda-feira,BR-324,579.4,Plena Noite,Crescente,Céu Claro,Dupla,Reta,-12.60223,-38.50276,DEL01-BA,Risco Médio,Baixa
quarta-feira,BR-101,368.9,Pleno dia,Decrescente,Sol,Múltipla,Reta,-28.69573,-49.17347,DEL02-SC,Risco Médio,Alta
quinta-feira,BR-135,635.0,Plena Noite,Crescente,Céu Claro,Simples,Reta,-18.8728,-44.4957,DEL02-MG,Risco Médio,Baixa
terça-feira,BR-317,184.0,Anoitecer,Crescente,Céu Claro,Simples,Não Informado,-10.59782,-67.99446,DEL01-AC,Risco Alto,Baixa
segunda-feira,BR-282,5.5,Pleno dia,Crescente,Nublado,Dupla,Reta,-27.58843,-48.61292,DEL01-SC,Risco Baixo,Baixa
sábado,BR-116,478.5,Pleno dia,Crescente,Nublado,Simples,Reta,-19.37485,-42.1066,DEL06-MG,Risco Médio,Alta
quinta-feira,BR-101,81.3,Pleno dia,Crescente,Sol,Dupla,Retorno Regulamentado,-7.126743,-34.94201,DEL01-PB,Risco Médio,Alta
terça-feira,BR-230,48.0,Pleno dia,Decrescente,Nublado,Dupla,Interseção de vias,-7.176136,-35.0416,DEL01-PB,Risco Médio,Baixa
quarta-feira,BR-40,92.0,Pleno dia,Crescente,Nublado,Simples,Curva,-22.55192,-43.25069,DEL06-RJ,Risco Médio,Alta
sexta-feira,BR-476,42.0,Pleno dia,Crescente,Céu Claro,Simples,Curva,-24.85314,-49.05567,DEL01-PR,Risco Médio,Baixa
sábado,BR-101,257.0,Pleno dia,Decrescente,Chuva,Dupla,Não Informado,-27.99701,-48.68755,DEL02-SC,Risco Alto,Alta
segunda-feira,BR-290,11.0,Pleno dia,Decrescente,Nublado,Dupla,Reta,-29.89005,-50.38202,DEL03-RS,Risco Médio,Baixa
quarta-feira,BR-386,343.3,Pleno dia,Crescente,Nublado,Simples,Não Informado,-29.43483,-52.00236,DEL04-RS,Risco Médio,Média
domingo,BR-280,32.0,Plena Noite,Decrescente,Chuva,Simples,Desvio Temporário,-26.41897,-48.77854,DEL03-SC,Risco Médio,Baixa
quinta-feira,BR-116,120.3,Pleno dia,Decrescente,Céu Claro,Dupla,Reta,-25.58599,-49.31421,DEL01-PR,Risco Médio,Alta
segunda-feira,BR-158,0.0,Pleno dia,Decrescente,Céu Claro,Dupla,Rotatória,-15.89575,-52.25162,DEL04-GO,Risco Médio,Baixa
sábado,BR-364,196.0,Plena Noite,Crescente,Céu Claro,Dupla,Reta,-17.91723,-51.72066,DEL05-GO,Risco Baixo,Alta
quinta-feira,BR-316,23.0,Plena Noite,Crescente,Garoa/Chuvisco,Dupla,Reta,-1.345997,-48.25153,DEL01-PA,Risco Médio,Baixa
domingo,BR-116,228.0,Pleno dia,Decrescente,Céu Claro,Dupla,Curva,-22.66598,-43.84644,DEL07-RJ,Risco Médio,Alta
terça-feira,BR-101,341.0,Plena Noite,Crescente,Nublado,Múltipla,Reta,-28.50999,-49.05071,DEL02-SC,Risco Médio,Alta
sexta-feira,BR-116,594.0,Pleno dia,Decrescente,Céu Claro,Simples,Curva,-20.285,-42.1462,DEL06-MG,Risco Médio,Alta
segunda-feira,BR-110,48.0,Plena Noite,Crescente,Céu Claro,Simples,Reta,-5.20866,-37.33278,DEL04-RN,Risco Médio,Baixa
domingo,BR-116,459.0,Plena Noite,Crescente,Céu Claro,Simples,Curva,-19.21718,-42.05777,DEL06-MG,Risco Alto,Alta
sábado,BR-381,601.1,Pleno dia,Decrescente,Chuva,Dupla,Não Informado,-20.63244,-44.73521,DEL04-MG,Risco Médio,Alta
segunda-feira,BR-116,70.1,Plena Noite,Decrescente,Céu Claro,Dupla,Curva,-22.84774,-45.22722,DEL08-SP,Risco Médio,Alta
terça-feira,BR-369,133.2,Pleno dia,Decrescente,Sol,Dupla,Interseção de vias,-23.26061,-51.01275,DEL07-PR,Risco Médio,Baixa
quinta-feira,BR-232,168.9,Pleno dia,Crescente,Sol,Simples,Reta,-8.340085,-36.32951,DEL02-PE,Risco Médio,Baixa
domingo,BR-101,196.6,Plena Noite,Crescente,Nublado,Dupla,Não Informado,-27.51101,-48.64322,DEL01-SC,Risco Médio,Alta
quarta-feira,BR-470,11.1,Pleno dia,Decrescente,Sol,Simples,Reta,-26.83431,-48.74727,DEL04-SC,Risco Médio,Baixa
terça-feira,BR-381,702.0,Pleno dia,Decrescente,Céu Claro,Dupla,Reta,-21.32686,-45.16839,DEL04-MG,Risco Médio,Alta
quarta-feira,BR-101,310.0,Pleno dia,Crescente,Céu Claro,Múltipla,Reta,-22.79717,-43.04405,DEL02-RJ,Risco Médio,Alta
sábado,BR-116,131.0,Pleno dia,Crescente,Sol,Dupla,Reta,-22.64947,-43.18923,DEL04-RJ,Risco Médio,Alta
terça-feira,BR-381,57.0,Plena Noite,Decrescente,Céu Claro,Dupla,Reta,-23.26582,-46.58399,DEL03-SP,Risco Alto,Alta
quarta-feira,BR-116,346.0,Pleno dia,Crescente,Chuva,Dupla,Curva,-24.18058,-47.3497,DEL04-SP,Risco Médio,Alta
terça-feira,BR-290,77.4,Pleno dia,Decrescente,Céu Claro,Simples,Não Informado,-29.9552,-51.03161,DEL01-RS,Risco Baixo,Baixa
sábado,BR-262,382.1,Anoitecer,Crescente,Ignorado,Dupla,Curva,-19.93755,-44.45046,DEL01-MG,Risco Baixo,Média
segunda-feira,BR-116,219.0,Pleno dia,Decrescente,Céu Claro,Múltipla,Reta,-23.46144,-46.48885,DEL01-SP,Risco Médio,Alta
sexta-feira,BR-101,33.0,Pleno dia,Crescente,Garoa/Chuvisco,Simples,Viaduto,-26.2577,-48.90538,DEL03-SC,Risco Médio,Alta
sexta-feira,BR-267,37.0,Plena Noite,Decrescente,Nublado,Simples,Não Informado,-21.66671,-42.88427,DEL07-MG,Risco Médio,Baixa
sábado,BR-319,63.0,Pleno dia,Decrescente,Céu Claro,Dupla,Reta,-8.753036,-63.887,DEL01-RO,Risco Médio,Baixa
domingo,BR-153,505.9,Amanhecer,Decrescente,Céu Claro,Múltipla,Reta,-16.7537,-49.2411,DEL01-GO,Risco Médio,Alta
domingo,BR-381,707.1,Pleno dia,Decrescente,Céu Claro,Dupla,Não Informado,-21.3329,-45.17091,DEL04-MG,Risco Médio,Alta
segunda-feira,BR-210,4.0,Pleno dia,Decrescente,Chuva,Dupla,Reta,0.08824228,-51.09473,DEL01-AP,Risco Médio,Baixa
sábado,BR-232,62.4,Plena Noite,Decrescente,Céu Claro,Dupla,Curva,-8.157118,-35.42816,DEL01-PE,Risco Alto,Baixa
sexta-feira,BR-116,424.0,Pleno dia,Crescente,Céu Claro,Simples,Reta,-12.239,-38.982,DEL02-BA,Risco Médio,Alta
sábado,BR-50,162.0,Pleno dia,Decrescente,Nublado,Dupla,Reta,-17.2714,-47.7665,DEL06-GO,Risco Médio,Média
quarta-feira,BR-381,520.9,Pleno dia,Decrescente,Nublado,Dupla,Não Informado,-20.11813,-44.30226,DEL04-MG,Risco Médio,Alta
quinta-feira,BR-101,67.0,Plena Noite,Decrescente,Chuva,Simples,Reta,-21.76801,-41.34982,DEL08-RJ,Risco Médio,Alta
quinta-feira,BR-262,748.8,Pleno dia,Decrescente,Nevoeiro/Neblina,Simples,Ponte,-19.61324,-47.45605,DEL13-MG,Risco Médio,Média
quinta-feira,BR-116,229.7,Pleno dia,Decrescente,Céu Claro,Dupla,Reta,-23.51467,-46.57889,DEL01-SP,Risco Baixo,Alta
quinta-feira,BR-376,666.0,Pleno dia,Crescente,Chuva,Dupla,Curva,-25.8644,-48.9499,DEL01-PR,Risco Baixo,Baixa
sábado,BR-373,414.0,Pleno dia,Crescente,Nublado,Simples,Reta,-25.66088,-52.11933,DEL08-PR,Risco Médio,Baixa
terça-feira,BR-308,178.0,Pleno dia,Crescente,Céu Claro,Simples,Reta,-1.198672,-47.06179,DEL01-PA,Risco Alto,Baixa
sexta-feira,BR-153,49.9,Pleno dia,Decrescente,Céu Claro,Simples,Reta,-27.65514,-52.2658,DEL08-RS,Risco Médio,Alta
terça-feira,BR-153,87.1,Pleno dia,Crescente,Céu Claro,Simples,Não Informado,-20.94498,-49.5346,DEL09-SP,Risco Médio,Alta
sexta-feira,BR-174,19.5,Pleno dia,Crescente,Sol,Simples,Reta,-12.69112,-60.11335,DEL04-RO,Risco Médio,Baixa
segunda-feira,BR-104,66.8,Pleno dia,Decrescente,Céu Claro,Dupla,Reta,-8.292301,-35.98598,DEL02-PE,Risco Médio,Baixa
sábado,BR-381,839.0,Pleno dia,Decrescente,Nublado,Dupla,Reta,-22.19834,-45.85343,DEL16-MG,Risco Médio,Alta
sexta-feira,BR-376,179.0,Plena Noite,Crescente,Céu Claro,Dupla,Reta,-23.42243,-51.90421,DEL09-PR,Risco Médio,Baixa
domingo,BR-230,163.0,Plena Noite,Crescente,Céu Claro,Simples,Reta,-5.187297,-49.36527,DEL03-PA,Risco Alto,Baixa
domingo,BR-476,134.0,Plena Noite,Decrescente,Céu Claro,Múltipla,Reta,-25.47652,-49.25994,DEL01-PR,Risco Médio,Baixa
sexta-feira,BR-414,324.0,Plena Noite,Crescente,Céu Claro,Simples,Interseção de vias,-15.42015,-48.62364,DEL02-GO,Risco Médio,Baixa
segunda-feira,BR-470,103.1,Pleno dia,Crescente,Chuva,Simples,Curva,-27.06482,-49.40242,DEL04-SC,Risco Baixo,Baixa
quinta-feira,BR-101,279.0,Plena Noite,Decrescente,Nublado,Dupla,Reta,-20.21812,-40.33933,DEL02-ES,Risco Alto,Alta
sexta-feira,BR-369,167.0,Pleno dia,Decrescente,Sol,Dupla,Reta,-23.29707,-51.31815,DEL07-PR,Risco Médio,Baixa
sexta-feira,BR-101,210.0,Anoitecer,Crescente,Céu Claro,Múltipla,Reta,-27.61988,-48.64912,DEL01-SC,Risco Médio,Alta
terça-feira,BR-101,267.8,Pleno dia,Crescente,Céu Claro,Múltipla,Interseção de vias,-20.20572,-40.26962,DEL02-ES,Risco Baixo,Alta
segunda-feira,BR-290,188.8,Pleno dia,Decrescente,Chuva,Simples,Reta,-30.15358,-52.0939,DEL02-RS,Risco Médio,Baixa
terça-feira,BR-232,494.0,Plena Noite,Decrescente,Céu Claro,Simples,Reta,-8.013075,-39.01279,DEL05-PE,Risco Baixo,Baixa
quinta-feira,BR-367,73.0,Pleno dia,Crescente,Sol,Simples,Reta,-16.3857,-39.4861,DEL09-BA,Risco Médio,Baixa
quinta-feira,BR-101,119.3,Pleno dia,Decrescente,Nublado,Dupla,Reta,-26.87064,-48.72954,DEL04-SC,Risco Médio,Alta
domingo,BR-251,319.8,Plena Noite,Decrescente,Céu Claro,Simples,Curva,-16.20517,-42.35675,DEL12-MG,Risco Médio,Baixa
quarta-feira,BR-116,1.8,Pleno dia,Crescente,Nublado,Simples,Reta,-21.87744,-42.67293,DEL04-RJ,Risco Médio,Alta
segunda-feira,BR-116,84.0,Pleno dia,Crescente,Chuva,Simples,Reta,-22.42261,-42.95115,DEL04-RJ,Risco Médio,Alta
segunda-feira,BR-470,54.4,Plena Noite,Crescente,Céu Claro,Simples,Não Informado,-26.87319,-49.11418,DEL04-SC,Risco Médio,Baixa
segunda-feira,BR-356,274.5,Pleno dia,Crescente,Sol,Simples,Curva,-21.1337,-42.29561,DEL07-MG,Risco Baixo,Baixa
segunda-feira,BR-101,123.9,Plena Noite,Decrescente,Céu Claro,Dupla,Reta,-8.359634,-35.2042,DEL01-PE,Risco Alto,Alta
sábado,BR-364,11.0,Plena Noite,Crescente,Chuva,Simples,Curva,-12.74606,-60.1127,DEL04-RO,Risco Médio,Alta
segunda-feira,BR-392,46.5,Pleno dia,Decrescente,Nublado,Dupla,Reta,-31.91018,-52.31606,DEL07-RS,Risco Baixo,Média
quinta-feira,BR-101,49.3,Pleno dia,Crescente,Nublado,Múltipla,Reta,-7.903938,-34.90194,DEL01-PE,Risco Baixo,Alta
sábado,BR-365,325.0,Plena Noite,Crescente,Chuva,Simples,Reta,-18.28042,-45.9048,DEL10-MG,Risco Médio,Média
sábado,BR-163,69.2,Pleno dia,Crescente,Sol,Simples,Reta,-26.74133,-53.50121,DEL07-SC,Risco Médio,Alta
sábado,BR-459,12.4,Pleno dia,Decrescente,Sol,Simples,Não Informado,-22.59787,-45.18333,DEL08-SP,Risco Baixo,Baixa
sexta-feira,BR-424,78.9,Pleno dia,Decrescente,Céu Claro,Simples,Reta,-8.824907,-36.55482,DEL03-PE,Risco Médio,Baixa
quinta-feira,BR-116,409.0,Pleno dia,Crescente,Céu Claro,Dupla,Reta,-18.84937,-41.97891,DEL06-MG,Risco Médio,Alta
segunda-feira,BR-251,361.5,Anoitecer,Decrescente,Céu Claro,Simples,Interseção de vias,-16.26007,-42.61699,DEL12-MG,Risco Médio,Baixa
sábado,BR-116,2.5,Pleno dia,Decrescente,Sol,Múltipla,Reta,-3.770198,-38.51725,DEL01-CE,Risco Médio,Alta
sexta-feira,BR-472,577.0,Pleno dia,Decrescente,Nublado,Simples,Reta,-29.7658,-57.00835,DEL13-RS,Risco Médio,Baixa
segunda-feira,BR-232,144.5,Pleno dia,Crescente,Nublado,Dupla,Desvio Temporário,-8.327336,-36.11741,DEL02-PE,Risco Médio,Baixa
sábado,BR-376,550.4,Anoitecer,Crescente,Nublado,Dupla,Reta,-25.4277,-49.75871,DEL01-PR,Risco Baixo,Baixa
terça-feira,BR-60,36.7,Plena Noite,Decrescente,Céu Claro,Dupla,Reta,-16.6777,-49.2676,DEL01-GO,Risco Baixo,Média
segunda-feira,BR-470,173.9,Amanhecer,Decrescente,Nublado,Simples,Reta,-27.25818,-49.92915,DEL04-SC,Risco Médio,Baixa
sexta-feira,BR-50,286.8,Pleno dia,Decrescente,Céu Claro,Simples,Não Informado,-18.22327,-47.9741,DEL06-GO,Risco Médio,Média
sábado,BR-116,798.0,Plena Noite,Crescente,Céu Claro,Simples,Reta,-14.73953,-40.65751,DEL08-BA,Risco Médio,Alta
sábado,BR-101,832.7,Plena Noite,Crescente,Céu Claro,Simples,Reta,-17.37297,-39.65593,DEL09-BA,Risco Médio,Alta
terça-feira,BR-40,523.0,Pleno dia,Crescente,Céu Claro,Dupla,Reta,-19.87305,-44.05553,DEL01-MG,Risco Médio,Alta
sábado,BR-40,103.7,Plena Noite,Decrescente,Céu Claro,Múltipla,Reta,-22.64083,-43.28325,DEL01-RJ,Risco Médio,Alta
sábado,BR-262,416.0,Amanhecer,Crescente,Céu Claro,Simples,Curva,-20.45158,-55.16901,DEL01-MS,Risco Médio,Média
segunda-feira,BR-116,336.0,Plena Noite,Crescente,Garoa/Chuvisco,Dupla,Curva,-23.9753,-47.1422,DEL04-SP,Risco Baixo,Alta
domingo,BR-402,40.4,Plena Noite,Decrescente,Céu Claro,Simples,Reta,-2.972447,-41.70728,DEL05-PI,Risco Alto,Baixa
segunda-feira,BR-116,210.0,Pleno dia,Decrescente,Céu Claro,Dupla,Reta,-23.4287,-46.41086,DEL01-SP,Risco Médio,Alta
sexta-feira,BR-381,557.0,Plena Noite,Crescente,Céu Claro,Dupla,Reta,-20.36904,-44.46939,DEL04-MG,Risco Médio,Alta