dia_semana,br,km,fase_dia,sentido_via,condicao_metereologica,tipo_pista,tracado_via,latitude,longitude,delegacia,classificacao_acidente,postos_policiais_PRF
quinta-feira,BR-232,186.0,Plena Noite,Decrescente,Céu Claro,Simples,Reta,-8.352896,-36.48256,DEL03-PE,Risco Médio,Baixa
sábado,BR-290,100.0,Pleno dia,Decrescente,Céu Claro,Dupla,Reta,-29.98865,-51.23655,DEL01-RS,Risco Baixo,Baixa
sábado,BR-262,38.4,Pleno dia,Crescente,Nublado,Múltipla,Reta,-20.26306,-42.03685,DEL06-MG,Risco Médio,Média
terça-feira,BR-116,550.0,Anoitecer,Decrescente,Chuva,Simples,Curva,-24.9575,-48.46441,DEL05-SP,Risco Médio,Alta
segunda-feira,BR-50,192.3,Pleno dia,Crescente,Nublado,Dupla,Não Informado,-19.87188,-47.85892,DEL13-MG,Risco Médio,Média
quarta-feira,BR-386,220.8,Pleno dia,Decrescente,Sol,Simples,Curva,-28.61817,-52.61254,DEL04-RS,Risco Alto,Média
sábado,BR-324,607.0,Pleno dia,Decrescente,Céu Claro,Dupla,Não Informado,-12.80271,-38.40391,DEL01-BA,Risco Médio,Baixa
segunda-feira,BR-174,503.0,Pleno dia,Crescente,Céu Claro,Dupla,Reta,2.80555,-60.69081,DEL01-RR,Risco Baixo,Baixa
domingo,BR-471,174.9,Plena Noite,Decrescente,Chuva,Simples,Rotatória,-29.98972,-52.36824,DEL02-RS,Risco Médio,Baixa
terça-feira,BR-293,224.9,Pleno dia,Crescente,Céu Claro,Simples,Reta,-31.05235,-54.51004,DEL11-RS,Risco Médio,Baixa
sábado,BR-158,535.0,Pleno dia,Crescente,Céu Claro,Simples,Rotatória,-26.23547,-52.69067,DEL02-PR,Risco Médio,Baixa
sábado,BR-304,51.0,Pleno dia,Decrescente,Sol,Simples,Curva,-4.569423,-37.75342,DEL03-CE,Risco Médio,Baixa
quinta-feira,BR-230,24.5,Plena Noite,Decrescente,Céu Claro,Dupla,Reta,-7.164932,-34.86246,DEL01-PB,Risco Baixo,Baixa
quarta-feira,BR-101,210.0,Plena Noite,Decrescente,Chuva,Múltipla,Interseção de vias,-27.61672,-48.64524,DEL01-SC,Risco Baixo,Alta
domingo,BR-354,742.0,Pleno dia,Crescente,Céu Claro,Simples,Desvio Temporário,-22.23119,-44.93324,DEL17-MG,Risco Médio,Baixa
terça-feira,BR-230,157.9,Plena Noite,Crescente,Vento,Simples,Reta,-7.265196,-35.9187,DEL02-PB,Risco Médio,Baixa
terça-feira,BR-262,34.6,Pleno dia,Decrescente,Céu Claro,Simples,Curva,-20.37646,-40.59254,DEL01-ES,Risco Médio,Média
quarta-feira,BR-40,549.0,Pleno dia,Decrescente,Céu Claro,Dupla,Não Informado,-20.03972,-43.96703,DEL01-MG,Risco Médio,Alta
quinta-feira,BR-135,74.4,Pleno dia,Crescente,Céu Claro,Simples,Reta,-7.298811,-43.7031,DEL03-PI,Risco Baixo,Baixa
domingo,BR-50,178.0,Pleno dia,Decrescente,Céu Claro,Dupla,Curva,-19.77857,-47.93618,DEL13-MG,Risco Médio,Média
quinta-feira,BR-364,277.0,Amanhecer,Decrescente,Chuva,Simples,Curva,-17.64548,-52.36663,DEL05-GO,Risco Médio,Alta
terça-feira,BR-376,176.5,Pleno dia,Crescente,Céu Claro,Dupla,Interseção de vias,-23.41101,-51.93597,DEL07-PR,Risco Médio,Baixa
sexta-feira,BR-343,10.6,Plena Noite,Decrescente,Céu Claro,Simples,Reta,-2.902849,-41.74764,DEL05-PI,Risco Alto,Baixa
segunda-feira,BR-116,37.1,Pleno dia,Decrescente,Sol,Simples,Interseção de vias,-28.50079,-50.91967,DEL05-RS,Risco Médio,Alta
sexta-feira,BR-386,430.0,Pleno dia,Decrescente,Céu Claro,Simples,Reta,-29.82841,-51.32245,DEL04-RS,Risco Médio,Média
sábado,BR-465,22.0,Plena Noite,Decrescente,Chuva,Simples,Curva,-22.85593,-43.60199,DEL01-RJ,Risco Médio,Baixa
quarta-feira,BR-116,224.0,Plena Noite,Crescente,Chuva,Dupla,Não Informado,-29.58976,-51.10782,DEL01-RS,Risco Médio,Alta
quarta-feira,BR-232,130.4,Plena Noite,Crescente,Nublado,Dupla,Desvio Temporário,-8.299923,-35.99354,DEL02-PE,Risco Alto,Baixa
segunda-feira,BR-116,205.5,Pleno dia,Crescente,Nublado,Múltipla,Reta,-23.41475,-46.36601,DEL01-SP,Risco Médio,Alta
quinta-feira,BR-262,412.2,Amanhecer,Decrescente,Céu Claro,Dupla,Reta,-19.89761,-44.69962,DEL08-MG,Risco Médio,Média
segunda-feira,BR-282,529.7,Pleno dia,Crescente,Céu Claro,Simples,Curva,-26.98219,-52.59734,DEL07-SC,Risco Médio,Baixa
terça-feira,BR-277,410.0,Plena Noite,Crescente,Céu Claro,Simples,Não Informado,-25.43185,-52.00714,DEL04-PR,Risco Médio,Média
domingo,BR-364,290.0,Plena Noite,Crescente,Céu Claro,Dupla,Reta,-15.90475,-55.09159,DEL05-MT,Risco Baixo,Alta
segunda-feira,BR-393,285.0,Plena Noite,Decrescente,Céu Claro,Simples,Curva,-22.48173,-44.06309,DEL05-RJ,Risco Médio,Média
sábado,BR-60,313.6,Pleno dia,Decrescente,Céu Claro,Dupla,Reta,-17.4334,-50.4268,DEL04-GO,Risco Médio,Média
quarta-feira,BR-381,520.1,Amanhecer,Decrescente,Céu Claro,Dupla,Não Informado,-20.11546,-44.30462,DEL01-MG,Risco Médio,Alta
segunda-feira,BR-101,203.0,Plena Noite,Crescente,Nublado,Dupla,Reta,-27.5742,-48.6134,DEL01-SC,Risco Médio,Alta
sábado,BR-364,719.0,Pleno dia,Crescente,Céu Claro,Simples,Reta,-8.806429,-63.91581,DEL01-RO,Risco Baixo,Alta
quinta-feira,BR-470,59.9,Pleno dia,Decrescente,Sol,Simples,Reta,-26.88281,-49.1548,DEL04-SC,Risco Médio,Baixa
quarta-feira,BR-316,302.8,Pleno dia,Decrescente,Céu Claro,Simples,Reta,-7.052542,-41.53175,DEL04-PI,Risco Médio,Baixa
sexta-feira,BR-101,193.0,Plena Noite,Crescente,Chuva,Dupla,Reta,-8.721573,-35.60951,DEL01-PE,Risco Baixo,Alta
segunda-feira,BR-470,75.0,Pleno dia,Decrescente,Nublado,Simples,Reta,-26.92483,-49.284,DEL04-SC,Risco Médio,Baixa
domingo,BR-316,82.8,Plena Noite,Decrescente,Céu Claro,Simples,Curva,-9.36139,-37.26855,DEL03-AL,Risco Médio,Baixa
domingo,BR-381,453.0,Pleno dia,Decrescente,Céu Claro,Simples,Reta,-19.85198,-43.88851,DEL01-MG,Risco Médio,Alta
sexta-feira,BR-381,418.0,Pleno dia,Crescente,Sol,Simples,Não Informado,-19.73997,-43.60637,DEL01-MG,Risco Médio,Alta
sábado,BR-101,147.0,Plena Noite,Crescente,Nublado,Dupla,Reta,-27.0922,-48.6173,DEL04-SC,Risco Médio,Alta
sexta-feira,BR-262,327.0,Pleno dia,Crescente,Céu Claro,Simples,Reta,-20.4664,-54.54406,DEL01-MS,Risco Médio,Média
sábado,BR-381,487.6,Anoitecer,Decrescente,Chuva,Dupla,Curva,-19.9563,-44.12,DEL01-MG,Risco Médio,Alta
sábado,BR-369,420.0,Plena Noite,Decrescente,Céu Claro,Simples,Reta,-24.3853,-52.7888,DEL09-PR,Risco Médio,Baixa
segunda-feira,BR-222,363.3,Anoitecer,Crescente,Céu Claro,Simples,Reta,-3.6771,-45.39147,DEL02-MA,Risco Alto,Baixa
sábado,BR-101,150.0,Amanhecer,Crescente,Céu Claro,Dupla,Reta,-19.40437,-40.06079,DEL04-ES,Risco Médio,Alta
sábado,BR-116,108.7,Plena Noite,Decrescente,Garoa/Chuvisco,Dupla,Desvio Temporário,-23.0296,-45.5464,DEL06-SP,Risco Baixo,Alta
domingo,BR-163,81.4,Plena Noite,Crescente,Céu Claro,Simples,Não Informado,-25.71874,-53.77735,DEL02-PR,Risco Baixo,Alta
quarta-feira,BR-101,149.0,Plena Noite,Decrescente,Céu Claro,Simples,Curva,-9.894027,-36.1411,DEL02-AL,Risco Médio,Alta
sábado,BR-174,993.0,Plena Noite,Crescente,Céu Claro,Simples,Reta,-2.0307,-60.026,DEL01-AM,Risco Baixo,Baixa
quinta-feira,BR-365,503.0,Plena Noite,Decrescente,Céu Claro,Dupla,Desvio Temporário,-18.95912,-47.25201,DEL10-MG,Risco Médio,Média
quarta-feira,BR-101,118.6,Pleno dia,Decrescente,Céu Claro,Dupla,Reta,-26.89586,-48.71903,DEL04-SC,Risco Médio,Alta
domingo,BR-101,264.1,Anoitecer,Crescente,Nublado,Dupla,Reta,-20.1746,-40.26683,DEL02-ES,Risco Médio,Alta
quinta-feira,BR-262,152.0,Amanhecer,Decrescente,Céu Claro,Simples,Reta,-20.46929,-52.9506,DEL07-MS,Risco Médio,Média
terça-feira,BR-324,545.0,Pleno dia,Decrescente,Chuva,Dupla,Reta,-12.40647,-38.75314,DEL01-BA,Risco Baixo,Baixa
quarta-feira,BR-101,290.0,Plena Noite,Crescente,Nublado,Dupla,Retorno Regulamentado,-20.28928,-40.39182,DEL01-ES,Risco Médio,Alta
domingo,BR-381,904.0,Pleno dia,Decrescente,Céu Claro,Dupla,Não Informado,-22.68842,-46.10648,DEL16-MG,Risco Médio,Alta
sábado,BR-116,267.0,Plena Noite,Decrescente,Chuva,Dupla,Reta,-29.94142,-51.17697,DEL01-RS,Risco Baixo,Alta
domingo,BR-290,105.8,Plena Noite,Decrescente,Céu Claro,Dupla,Reta,-29.99608,-51.28502,DEL02-RS,Risco Médio,Baixa
segunda-feira,BR-101,271.1,Plena Noite,Decrescente,Chuva,Múltipla,Reta,-28.11012,-48.70211,DEL02-SC,Risco Médio,Alta
sábado,BR-116,700.7,Plena Noite,Decrescente,Céu Claro,Simples,Reta,-21.09311,-42.37329,DEL07-MG,Risco Médio,Alta
quinta-feira,BR-470,158.4,Pleno dia,Crescente,Nublado,Simples,Reta,-27.28546,-49.76649,DEL04-SC,Risco Baixo,Baixa
quarta-feira,BR-116,185.0,Plena Noite,Decrescente,Céu Claro,Dupla,Reta,-23.35199,-46.18776,DEL02-SP,Risco Baixo,Alta
domingo,BR-262,360.1,Pleno dia,Crescente,Céu Claro,Simples,Reta,-20.51688,-54.71774,DEL01-MS,Risco Médio,Média
terça-feira,BR-262,800.0,Plena Noite,Decrescente,Chuva,Dupla,Curva,-19.76897,-47.89088,DEL13-MG,Risco Baixo,Média
domingo,BR-116,121.0,Plena Noite,Decrescente,Nublado,Dupla,Reta,-25.59617,-49.31644,DEL01-PR,Risco Baixo,Alta
sexta-feira,BR-116,856.8,Pleno dia,Crescente,Céu Claro,Simples,Reta,-15.08837,-41.01334,DEL08-BA,Risco Médio,Alta
quarta-feira,BR-381,269.0,Pleno dia,Crescente,Céu Claro,Simples,Reta,-19.53585,-42.67365,DEL03-MG,Risco Baixo,Alta
domingo,BR-40,61.5,Pleno dia,Crescente,Céu Claro,Simples,Curva,-16.53866,-47.79805,DEL01-DF,Risco Baixo,Alta
sexta-feira,BR-369,186.5,Pleno dia,Decrescente,Garoa/Chuvisco,Simples,Interseção de vias,-23.42154,-51.42461,DEL07-PR,Risco Médio,Baixa
domingo,BR-471,171.7,Plena Noite,Decrescente,Céu Claro,Simples,Viaduto,-29.96211,-52.37058,DEL02-RS,Risco Médio,Baixa
terça-feira,BR-153,27.5,Anoitecer,Decrescente,Céu Claro,Simples,Curva,-23.20965,-49.98695,DEL07-PR,Risco Médio,Alta
quinta-feira,BR-110,0.3,Pleno dia,Crescente,Sol,Simples,Reta,-4.953822,-37.12908,DEL04-RN,Risco Médio,Baixa
sábado,BR-101,877.0,Anoitecer,Decrescente,Céu Claro,Simples,Reta,-17.539,-39.715,DEL09-BA,Risco Baixo,Alta
segunda-feira,BR-101,483.6,Pleno dia,Crescente,Céu Claro,Simples,Reta,-14.63603,-39.33617,DEL05-BA,Risco Médio,Alta
segunda-feira,BR-376,470.5,Pleno dia,Crescente,Garoa/Chuvisco,Dupla,Curva,-25.01952,-50.33511,DEL03-PR,Risco Baixo,Baixa
quarta-feira,BR-316,290.0,Pleno dia,Decrescente,Céu Claro,Simples,Reta,-6.996812,-41.61968,DEL04-PI,Risco Médio,Baixa
quarta-feira,BR-101,333.5,Pleno dia,Crescente,Chuva,Dupla,Reta,-20.61464,-40.51385,DEL03-ES,Risco Médio,Alta
terça-feira,BR-230,143.0,Plena Noite,Decrescente,Céu Claro,Simples,Não Informado,-5.305966,-49.26057,DEL03-PA,Risco Alto,Baixa
sábado,BR-232,173.0,Pleno dia,Crescente,Céu Claro,Simples,Não Informado,-8.339163,-36.36917,DEL02-PE,Risco Médio,Baixa
domingo,BR-101,65.3,Pleno dia,Crescente,Céu Claro,Múltipla,Reta,-8.024786,-34.94277,DEL01-PE,Risco Médio,Alta
segunda-feira,BR-365,468.5,Plena Noite,Crescente,Céu Claro,Simples,Reta,-18.91179,-46.97055,DEL10-MG,Risco Baixo,Média
terça-feira,BR-101,119.9,Amanhecer,Crescente,Céu Claro,Simples,Não Informado,-19.13567,-40.07109,DEL04-ES,Risco Médio,Alta
sexta-feira,BR-262,353.5,Pleno dia,Decrescente,Céu Claro,Dupla,Não Informado,-19.98589,-44.20331,DEL01-MG,Risco Baixo,Média
terça-feira,BR-262,43.1,Pleno dia,Decrescente,Céu Claro,Simples,Curva,-20.38621,-40.6653,DEL01-ES,Risco Médio,Média
quarta-feira,BR-381,358.2,Pleno dia,Crescente,Chuva,Simples,Reta,-19.83884,-43.18287,DEL03-MG,Risco Médio,Alta
quarta-feira,BR-465,20.0,Pleno dia,Decrescente,Nublado,Simples,Reta,-22.84683,-43.60534,DEL01-RJ,Risco Médio,Baixa
domingo,BR-101,112.0,Anoitecer,Decrescente,Céu Claro,Dupla,Reta,-26.84589,-48.72131,DEL04-SC,Risco Médio,Alta
segunda-feira,BR-101,327.0,Pleno dia,Decrescente,Céu Claro,Múltipla,Não Informado,-22.87147,-43.15155,DEL02-RJ,Risco Médio,Alta
quinta-feira,BR-316,0.4,Pleno dia,Crescente,Céu Claro,Simples,Ponte,-5.131168,-42.81564,DEL01-PI,Risco Alto,Baixa
segunda-feira,BR-386,343.0,Anoitecer,Decrescente,Nublado,Simples,Reta,-29.43483,-52.00236,DEL04-RS,Risco Médio,Média
sexta-feira,BR-135,175.0,Pleno dia,Decrescente,Céu Claro,Dupla,Reta,-7.98954,-43.86771,DEL03-PI,Risco Alto,Baixa
sexta-feira,BR-101,349.2,Plena Noite,Decrescente,Nublado,Simples,Reta,-28.58202,-49.05059,DEL02-SC,Risco Baixo,Alta
terça-feira,BR-324,608.0,Pleno dia,Crescente,Céu Claro,Dupla,Reta,-12.81183,-38.40479,DEL01-BA,Risco Médio,Baixa
sexta-feira,BR-262,6.0,Pleno dia,Crescente,Céu Claro,Múltipla,Reta,-20.3404,-40.395,DEL01-ES,Risco Médio,Média
domingo,BR-116,820.9,Amanhecer,Crescente,Céu Claro,Simples,Não Informado,-14.83349,-40.83909,DEL08-BA,Risco Baixo,Alta
quinta-feira,BR-376,592.8,Anoitecer,Crescente,Nublado,Dupla,Reta,-25.47789,-49.35055,DEL01-PR,Risco Médio,Baixa
sábado,BR-40,173.0,Pleno dia,Crescente,Céu Claro,Múltipla,Reta,-17.94571,-46.0344,DEL14-MG,Risco Médio,Alta
segunda-feira,BR-60,48.0,Plena Noite,Crescente,Céu Claro,Dupla,Não Informado,-16.1529,-48.6109,DEL02-GO,Risco Médio,Média
sexta-feira,BR-277,80.0,Plena Noite,Crescente,Nublado,Dupla,Reta,-25.47041,-49.21052,DEL01-PR,Risco Médio,Média
quinta-feira,BR-364,279.0,Pleno dia,Decrescente,Céu Claro,Dupla,Não Informado,-15.94253,-55.01486,DEL02-MT,Risco Baixo,Alta
quinta-feira,BR-285,516.0,Pleno dia,Decrescente,Céu Claro,Simples,Reta,-28.39637,-54.45341,DEL10-RS,Risco Médio,Baixa
domingo,BR-364,258.0,Pleno dia,Crescente,Sol,Simples,Não Informado,-11.4322,-61.63311,DEL02-RO,Risco Médio,Alta
sábado,BR-476,141.9,Plena Noite,Decrescente,Céu Claro,Dupla,Reta,-25.53658,-49.30131,DEL01-PR,Risco Médio,Baixa
quinta-feira,BR-40,51.9,Pleno dia,Crescente,Sol,Simples,Reta,-17.24394,-46.79248,DEL14-MG,Risco Médio,Alta
sábado,BR-153,617.5,Pleno dia,Decrescente,Céu Claro,Dupla,Não Informado,-17.6951,-49.1559,DEL03-GO,Risco Médio,Alta
sexta-feira,BR-364,605.0,Pleno dia,Decrescente,Céu Claro,Simples,Curva,-14.47257,-56.24276,DEL01-MT,Risco Médio,Alta
sexta-feira,BR-101,206.7,Pleno dia,Crescente,Nublado,Múltipla,Reta,-27.59835,-48.62104,DEL01-SC,Risco Médio,Alta
domingo,BR-50,12.9,Plena Noite,Decrescente,Céu Claro,Dupla,Rotatória,-18.90198,-48.18724,DEL15-MG,Risco Médio,Média
quinta-feira,BR-210,0.3,Pleno dia,Crescente,Nublado,Dupla,Interseção de vias,0.07780012,-51.06097,DEL01-AP,Risco Médio,Baixa
terça-feira,BR-135,110.0,Pleno dia,Crescente,Céu Claro,Simples,Curva,-3.435197,-44.52091,DEL01-MA,Risco Baixo,Baixa
sexta-feira,BR-470,189.4,Pleno dia,Crescente,Nublado,Simples,Curva,-27.27537,-50.06321,DEL04-SC,Risco Médio,Baixa
quinta-feira,BR-280,56.0,Plena Noite,Crescente,Céu Claro,Dupla,Reta,-26.47948,-49.00299,DEL03-SC,Risco Médio,Baixa
quinta-feira,BR-470,47.5,Pleno dia,Crescente,Céu Claro,Simples,Curva,-26.86065,-49.03678,DEL04-SC,Risco Médio,Baixa
quarta-feira,BR-116,497.0,Anoitecer,Decrescente,Céu Claro,Dupla,Reta,-24.76749,-48.16861,DEL05-SP,Risco Baixo,Alta
terça-feira,BR-101,96.0,Pleno dia,Crescente,Chuva,Dupla,Curva,-26.71843,-48.70233,DEL03-SC,Risco Médio,Alta
quinta-feira,BR-116,823.0,Pleno dia,Crescente,Céu Claro,Dupla,Interseção de vias,-14.85806,-40.84956,DEL08-BA,Risco Baixo,Alta
domingo,BR-116,737.1,Pleno dia,Crescente,Chuva,Simples,Curva,-21.36879,-42.47694,DEL07-MG,Risco Médio,Alta
sábado,BR-369,35.0,Pleno dia,Crescente,Céu Claro,Simples,Curva,-23.02887,-50.20855,DEL07-PR,Risco Médio,Baixa
segunda-feira,BR-135,508.8,Pleno dia,Decrescente,Sol,Simples,Reta,-9.774404,-45.32178,DEL03-PI,Risco Médio,Baixa
sábado,BR-282,280.0,Plena Noite,Crescente,Céu Claro,Simples,Reta,-26.83659,-52.98904,DEL05-SC,Risco Médio,Baixa
domingo,BR-101,78.0,Plena Noite,Decrescente,Céu Claro,Dupla,Reta,-5.740719,-35.29021,DEL02-RN,Risco Médio,Alta
domingo,BR-222,3.2,Pleno dia,Crescente,Nublado,Múltipla,Viaduto,-3.741358,-38.60352,DEL01-CE,Risco Médio,Baixa
sexta-feira,BR-381,86.5,Pleno dia,Crescente,Céu Claro,Múltipla,Reta,-23.46972,-46.56825,DEL03-SP,Risco Alto,Alta
domingo,BR-101,146.1,Plena Noite,Crescente,Céu Claro,Dupla,Desvio Temporário,-11.21285,-37.4151,DEL02-SE,Risco Médio,Alta
segunda-feira,BR-101,309.0,Pleno dia,Crescente,Nublado,Dupla,Reta,-22.79499,-43.03446,DEL02-RJ,Risco Médio,Alta
segunda-feira,BR-406,125.7,Plena Noite,Decrescente,Céu Claro,Simples,Reta,-5.598069,-35.62126,DEL02-RN,Risco Médio,Baixa
terça-feira,BR-343,229.0,Pleno dia,Decrescente,Céu Claro,Simples,Reta,-4.590938,-41.98361,DEL01-PI,Risco Médio,Baixa
quinta-feira,BR-376,347.0,Pleno dia,Decrescente,Céu Claro,Simples,Não Informado,-24.18883,-50.96087,DEL07-PR,Risco Baixo,Baixa
quinta-feira,BR-70,18.0,Pleno dia,Crescente,Céu Claro,Dupla,Reta,-15.79109,-48.21096,DEL01-DF,Risco Médio,Baixa
domingo,BR-230,340.3,Pleno dia,Crescente,Céu Claro,Simples,Reta,-6.998189,-37.31063,DEL03-PB,Risco Médio,Baixa
quinta-feira,BR-101,1.0,Plena Noite,Crescente,Chuva,Múltipla,Reta,-25.9973,-48.8786,DEL03-SC,Risco Médio,Alta
quarta-feira,BR-101,209.0,Plena Noite,Crescente,Nublado,Múltipla,Reta,-27.609,-48.638,DEL01-SC,Risco Médio,Alta
domingo,BR-392,352.0,Plena Noite,Crescente,Céu Claro,Simples,Não Informado,-29.71788,-53.80847,DEL09-RS,Risco Médio,Média
domingo,BR-40,762.8,Pleno dia,Decrescente,Céu Claro,Simples,Não Informado,-21.54602,-43.50918,DEL05-MG,Risco Médio,Alta
quinta-feira,BR-280,67.9,Plena Noite,Crescente,Ignorado,Simples,Reta,-26.47165,-49.11271,DEL03-SC,Risco Médio,Baixa
quinta-feira,BR-319,61.5,Pleno dia,Decrescente,Sol,Dupla,Interseção de vias,-8.762345,-63.90435,DEL01-RO,Risco Médio,Baixa
terça-feira,BR-101,325.0,Pleno dia,Crescente,Céu Claro,Dupla,Reta,-22.87293,-43.13626,DEL02-RJ,Risco Médio,Alta
domingo,BR-232,24.0,Plena Noite,Crescente,Céu Claro,Múltipla,Não Informado,-8.104882,-35.10348,DEL01-PE,Risco Baixo,Baixa
domingo,BR-70,678.0,Plena Noite,Decrescente,Chuva,Simples,Curva,-16.20316,-57.38777,DEL03-MT,Risco Baixo,Baixa
sexta-feira,BR-116,218.5,Pleno dia,Crescente,Céu Claro,Dupla,Curva,-22.6828,-43.81285,DEL07-RJ,Risco Médio,Alta
quarta-feira,BR-463,55.9,Pleno dia,Crescente,Nublado,Simples,Reta,-22.3967,-55.28954,DEL04-MS,Risco Médio,Baixa
sábado,BR-381,519.5,Pleno dia,Decrescente,Céu Claro,Dupla,Não Informado,-20.1127,-44.3091,DEL01-MG,Risco Médio,Alta
sexta-feira,BR-116,54.3,Plena Noite,Decrescente,Garoa/Chuvisco,Simples,Curva,-28.59551,-51.03139,DEL05-RS,Risco Médio,Alta
sábado,BR-381,791.0,Pleno dia,Decrescente,Nublado,Dupla,Curva,-21.91695,-45.5891,DEL16-MG,Risco Médio,Alta
domingo,BR-116,209.0,Pleno dia,Decrescente,Céu Claro,Múltipla,Reta,-23.42512,-46.40221,DEL01-SP,Risco Médio,Alta
quinta-feira,BR-230,116.0,Anoitecer,Crescente,Céu Claro,Dupla,Reta,-5.359473,-49.08301,DEL03-PA,Risco Baixo,Baixa
sexta-feira,BR-468,7.0,Pleno dia,Decrescente,Céu Claro,Simples,Reta,-27.84731,-53.37064,DEL08-RS,Risco Médio,Baixa
sábado,BR-381,907.4,Pleno dia,Crescente,Chuva,Dupla,Não Informado,-22.66877,-46.09961,DEL16-MG,Risco Médio,Alta
sábado,BR-116,499.0,Amanhecer,Crescente,Céu Claro,Dupla,Não Informado,-24.73659,-48.12319,DEL05-SP,Risco Baixo,Alta
terça-feira,BR-101,712.5,Pleno dia,Crescente,Garoa/Chuvisco,Simples,Reta,-16.3237,-39.588,DEL09-BA,Risco Médio,Alta
terça-feira,BR-222,6.0,Plena Noite,Crescente,Céu Claro,Simples,Reta,-3.743307,-38.61902,DEL01-CE,Risco Médio,Baixa
quinta-feira,BR-101,281.2,Plena Noite,Decrescente,Nublado,Dupla,Reta,-28.20649,-48.69858,DEL02-SC,Risco Baixo,Alta
sábado,BR-50,119.0,Pleno dia,Decrescente,Chuva,Dupla,Curva,-16.92626,-47.70576,DEL01-DF,Risco Médio,Média
segunda-feira,BR-381,671.5,Pleno dia,Crescente,Chuva,Dupla,Curva,-21.0708,-45.0516,DEL04-MG,Risco Médio,Alta
sexta-feira,BR-230,87.0,Plena Noite,Decrescente,Céu Claro,Simples,Reta,-6.066871,-47.92614,DEL02-TO,Risco Médio,Baixa
sábado,BR-230,734.5,Pleno dia,Crescente,Nublado,Simples,Reta,-3.423534,-52.80216,DEL04-PA,Risco Médio,Baixa
domingo,BR-163,40.0,Anoitecer,Decrescente,Céu Claro,Simples,Rotatória,-23.78571,-54.27793,DEL09-MS,Risco Baixo,Alta
quarta-feira,BR-116,142.2,Pleno dia,Decrescente,Sol,Dupla,Curva,-29.11727,-51.11521,DEL05-RS,Risco Médio,Alta
segunda-feira,BR-116,150.8,Plena Noite,Crescente,Céu Claro,Simples,Reta,-23.21336,-45.89306,DEL02-SP,Risco Médio,Alta
sábado,BR-381,500.0,Plena Noite,Crescente,Nublado,Dupla,Reta,-20.02513,-44.23113,DEL01-MG,Risco Médio,Alta
terça-feira,BR-10,40.5,Plena Noite,Crescente,Céu Claro,Simples,Não Informado,-4.100141,-47.54617,DEL02-PA,Risco Médio,Baixa
sábado,BR-280,44.1,Plena Noite,Crescente,Céu Claro,Simples,Ponte,-26.45207,-48.88999,DEL03-SC,Risco Médio,Baixa
sábado,BR-316,312.0,Plena Noite,Crescente,Céu Claro,Simples,Reta,-7.080925,-41.45826,DEL04-PI,Risco Baixo,Baixa
domingo,BR-116,223.6,Plena Noite,Crescente,Céu Claro,Simples,Curva,-29.58827,-51.09918,DEL01-RS,Risco Médio,Alta
terça-feira,BR-232,244.6,Pleno dia,Crescente,Céu Claro,Simples,Reta,-8.418634,-36.99827,DEL03-PE,Risco Baixo,Baixa
domingo,BR-40,90.2,Pleno dia,Crescente,Chuva,Simples,Curva,-22.54889,-43.23681,DEL06-RJ,Risco Médio,Alta
sábado,BR-277,21.4,Pleno dia,Decrescente,Céu Claro,Dupla,Reta,-25.53346,-48.71407,DEL01-PR,Risco Médio,Média
segunda-feira,BR-381,436.2,Amanhecer,Decrescente,Céu Claro,Simples,Reta,-19.78659,-43.72005,DEL01-MG,Risco Médio,Alta
quarta-feira,BR-116,146.0,Pleno dia,Decrescente,Céu Claro,Dupla,Reta,-23.19389,-45.86863,DEL02-SP,Risco Baixo,Alta
segunda-feira,BR-364,272.0,Pleno dia,Decrescente,Nublado,Simples,Reta,-9.081453,-68.65955,DEL01-AC,Risco Médio,Alta
sexta-feira,BR-101,68.0,Pleno dia,Decrescente,Céu Claro,Simples,Reta,-21.8353,-41.4201,DEL08-RJ,Risco Baixo,Alta
terça-feira,BR-324,531.5,Pleno dia,Decrescente,Sol,Dupla,Não Informado,-12.33362,-38.85454,DEL01-BA,Risco Médio,Baixa
quinta-feira,BR-116,256.5,Anoitecer,Crescente,Chuva,Simples,Reta,-17.6952,-41.4848,DEL11-MG,Risco Médio,Alta
sábado,BR-376,670.0,Pleno dia,Crescente,Céu Claro,Dupla,Reta,-25.87689,-48.93586,DEL01-PR,Risco Médio,Baixa
domingo,BR-10,260.0,Pleno dia,Decrescente,Céu Claro,Simples,Reta,-5.463579,-47.47433,DEL04-MA,Risco Baixo,Baixa
sábado,BR-50,31.5,Plena Noite,Crescente,Céu Claro,Dupla,Reta,-18.6268,-48.11785,DEL15-MG,Risco Médio,Média
sábado,BR-381,566.8,Pleno dia,Crescente,Nublado,Dupla,Curva,-20.41642,-44.52998,DEL04-MG,Risco Médio,Alta
sábado,BR-282,220.0,Plena Noite,Crescente,Chuva,Simples,Reta,-26.17912,-50.21965,DEL05-SC,Risco Médio,Baixa
terça-feira,BR-376,458.8,Pleno dia,Crescente,Chuva,Dupla,Curva,-24.94103,-50.40451,DEL03-PR,Risco Baixo,Baixa
terça-feira,BR-20,196.7,Plena Noite,Decrescente,Céu Claro,Simples,Reta,-5.128491,-39.738,DEL02-CE,Risco Baixo,Baixa
domingo,BR-40,3.9,Plena Noite,Decrescente,Céu Claro,Simples,Reta,-16.09341,-47.98167,DEL01-DF,Risco Baixo,Alta