dia_semana,br,km,fase_dia,sentido_via,condicao_metereologica,tipo_pista,tracado_via,latitude,longitude,delegacia,classificacao_acidente,postos_policiais_PRF
quarta-feira,BR-452,43.0,Pleno dia,Crescente,Chuva,Simples,Reta,-17.93789,-50.53443,DEL04-GO,Risco Baixo,Baixa
sábado,BR-116,378.0,Pleno dia,Crescente,Nublado,Simples,Reta,-11.8512,-38.9762,DEL02-BA,Risco Baixo,Alta
sexta-feira,BR-116,416.7,Pleno dia,Decrescente,Céu Claro,Simples,Reta,-18.89215,-41.947,DEL06-MG,Risco Médio,Alta
domingo,BR-116,121.0,Pleno dia,Decrescente,Céu Claro,Dupla,Reta,-25.5921,-49.3157,DEL01-PR,Risco Médio,Alta
domingo,BR-101,136.9,Pleno dia,Crescente,Nublado,Dupla,Reta,-27.00811,-48.61724,DEL04-SC,Risco Médio,Alta
quinta-feira,BR-467,85.2,Anoitecer,Decrescente,Chuva,Dupla,Reta,-24.82485,-53.64846,DEL04-PR,Risco Baixo,Baixa
quinta-feira,BR-153,4.7,Pleno dia,Crescente,Céu Claro,Simples,Reta,-23.027,-49.91481,DEL07-PR,Risco Médio,Alta
segunda-feira,BR-101,214.0,Amanhecer,Decrescente,Nublado,Simples,Reta,-27.64443,-48.67057,DEL01-SC,Risco Médio,Alta
terça-feira,BR-381,755.0,Plena Noite,Decrescente,Céu Claro,Dupla,Reta,-21.69306,-45.35229,DEL16-MG,Risco Médio,Alta
quinta-feira,BR-101,128.0,Pleno dia,Decrescente,Céu Claro,Múltipla,Reta,-26.97284,-48.68299,DEL04-SC,Risco Baixo,Alta
segunda-feira,BR-354,750.2,Plena Noite,Decrescente,Céu Claro,Simples,Curva,-22.28078,-44.87171,DEL16-MG,Risco Médio,Baixa
quarta-feira,BR-116,480.5,Pleno dia,Decrescente,Céu Claro,Simples,Reta,-19.39396,-42.11351,DEL06-MG,Risco Médio,Alta
sábado,BR-101,395.0,Plena Noite,Decrescente,Céu Claro,Dupla,Reta,-22.88237,-43.72206,DEL01-RJ,Risco Médio,Alta
sexta-feira,BR-470,112.6,Pleno dia,Crescente,Sol,Simples,Reta,-27.09612,-49.45784,DEL04-SC,Risco Médio,Baixa
quarta-feira,BR-277,1.7,Plena Noite,Crescente,Chuva,Dupla,Reta,-25.5469,-54.5882,DEL05-PR,Risco Baixo,Média
sábado,BR-116,765.2,Plena Noite,Decrescente,Céu Claro,Simples,Interseção de vias,-21.52626,-42.63281,DEL07-MG,Risco Alto,Alta
domingo,BR-116,121.0,Pleno dia,Decrescente,Céu Claro,Dupla,Reta,-22.62884,-43.04925,DEL04-RJ,Risco Médio,Alta
quinta-feira,BR-376,4.0,Pleno dia,Crescente,Céu Claro,Simples,Reta,-23.5513,-51.46127,DEL07-PR,Risco Médio,Baixa
sexta-feira,BR-470,287.0,Plena Noite,Crescente,Céu Claro,Simples,Reta,-29.64951,-51.45828,DEL04-RS,Risco Médio,Baixa
sábado,BR-324,525.0,Pleno dia,Decrescente,Céu Claro,Dupla,Reta,-12.30107,-38.89779,DEL01-BA,Risco Médio,Baixa
sábado,BR-153,505.4,Pleno dia,Crescente,Céu Claro,Dupla,Reta,-16.7537,-49.2411,DEL01-GO,Risco Baixo,Alta
quinta-feira,BR-365,8.5,Plena Noite,Crescente,Céu Claro,Simples,Não Informado,-16.83232,-43.93448,DEL12-MG,Risco Médio,Média
quarta-feira,BR-324,542.9,Pleno dia,Decrescente,Chuva,Dupla,Retorno Regulamentado,-12.39373,-38.77646,DEL01-BA,Risco Médio,Baixa
domingo,BR-153,58.0,Pleno dia,Decrescente,Céu Claro,Simples,Interseção de vias,-26.96973,-51.85402,DEL07-SC,Risco Médio,Alta
segunda-feira,BR-493,23.0,Plena Noite,Crescente,Nublado,Dupla,Curva,-22.65705,-43.06174,DEL04-RJ,Risco Alto,Baixa
domingo,BR-316,5.1,Pleno dia,Crescente,Céu Claro,Dupla,Viaduto,-5.14539,-42.7764,DEL01-PI,Risco Médio,Baixa
sexta-feira,BR-471,175.0,Pleno dia,Crescente,Céu Claro,Simples,Interseção de vias,-29.993,-52.36822,DEL02-RS,Risco Médio,Baixa
quarta-feira,BR-174,99.0,Pleno dia,Decrescente,Céu Claro,Simples,Reta,-15.84437,-57.85952,DEL03-MT,Risco Médio,Baixa
segunda-feira,BR-101,328.9,Pleno dia,Decrescente,Céu Claro,Dupla,Reta,-28.44605,-48.96915,DEL02-SC,Risco Médio,Alta
terça-feira,BR-316,120.0,Amanhecer,Decrescente,Céu Claro,Simples,Reta,-1.312934,-47.4346,DEL01-PA,Risco Médio,Baixa
domingo,BR-116,304.1,Plena Noite,Crescente,Chuva,Dupla,Reta,-22.45924,-44.43478,DEL07-RJ,Risco Médio,Alta
segunda-feira,BR-116,72.6,Pleno dia,Decrescente,Ignorado,Simples,Curva,-25.36167,-49.04044,DEL01-PR,Risco Baixo,Alta
sexta-feira,BR-20,405.5,Plena Noite,Decrescente,Céu Claro,Simples,Reta,-3.76999,-38.67006,DEL01-CE,Risco Médio,Baixa
sexta-feira,BR-101,65.4,Amanhecer,Decrescente,Nublado,Múltipla,Reta,-8.024786,-34.94277,DEL01-PE,Risco Médio,Alta
quinta-feira,BR-116,229.1,Pleno dia,Crescente,Garoa/Chuvisco,Simples,Reta,-22.66634,-43.8625,DEL07-RJ,Risco Médio,Alta
terça-feira,BR-40,8.9,Pleno dia,Crescente,Nublado,Dupla,Reta,-16.11616,-47.96761,DEL01-DF,Risco Médio,Alta
sexta-feira,BR-101,52.0,Plena Noite,Crescente,Céu Claro,Simples,Não Informado,-11.88467,-38.01739,DEL01-BA,Risco Médio,Alta
terça-feira,BR-116,677.6,Plena Noite,Crescente,Céu Claro,Simples,Reta,-20.91065,-42.3499,DEL07-MG,Risco Médio,Alta
sexta-feira,BR-424,133.0,Pleno dia,Crescente,Céu Claro,Simples,Reta,-8.969136,-36.51962,DEL03-PE,Risco Alto,Baixa
sexta-feira,BR-408,99.0,Plena Noite,Decrescente,Garoa/Chuvisco,Dupla,Curva,-8.041336,-35.02531,DEL01-PE,Risco Médio,Baixa
segunda-feira,BR-230,502.6,Pleno dia,Decrescente,Nublado,Simples,Curva,-6.8979,-38.5233,DEL03-PB,Risco Médio,Baixa
sexta-feira,BR-50,176.0,Pleno dia,Crescente,Céu Claro,Dupla,Não Informado,-19.7792,-47.96003,DEL13-MG,Risco Médio,Média
domingo,BR-163,716.9,Pleno dia,Crescente,Céu Claro,Simples,Reta,-12.9543,-55.86884,DEL06-MT,Risco Alto,Alta
domingo,BR-376,97.0,Pleno dia,Crescente,Céu Claro,Simples,Reta,-23.01892,-52.5028,DEL09-PR,Risco Médio,Baixa
quinta-feira,BR-381,596.6,Amanhecer,Crescente,Céu Claro,Dupla,Reta,-20.60213,-44.71579,DEL04-MG,Risco Médio,Alta
sexta-feira,BR-101,141.0,Pleno dia,Decrescente,Céu Claro,Simples,Reta,-27.04762,-48.59996,DEL04-SC,Risco Médio,Alta
quinta-feira,BR-153,43.0,Plena Noite,Decrescente,Ignorado,Dupla,Reta,-18.7618,-49.0756,DEL15-MG,Risco Médio,Alta
sábado,BR-163,174.0,Plena Noite,Crescente,Chuva,Simples,Reta,-22.85984,-54.62816,DEL09-MS,Risco Baixo,Alta
segunda-feira,BR-470,42.0,Pleno dia,Crescente,Céu Claro,Dupla,Reta,-26.87572,-49.00375,DEL04-SC,Risco Médio,Baixa
domingo,BR-290,130.4,Pleno dia,Crescente,Nublado,Simples,Retorno Regulamentado,-30.05846,-51.51053,DEL02-RS,Risco Médio,Baixa
sábado,BR-40,634.2,Plena Noite,Crescente,Céu Claro,Simples,Reta,-20.68976,-43.79012,DEL05-MG,Risco Médio,Alta
quarta-feira,BR-262,557.0,Pleno dia,Decrescente,Céu Claro,Simples,Não Informado,-19.7154,-45.9294,DEL08-MG,Risco Médio,Média
quarta-feira,BR-110,209.0,Plena Noite,Decrescente,Céu Claro,Simples,Reta,-11.18521,-38.49876,DEL07-BA,Risco Médio,Baixa
sexta-feira,BR-101,211.0,Pleno dia,Decrescente,Céu Claro,Dupla,Reta,-22.48162,-42.24616,DEL02-RJ,Risco Médio,Alta
domingo,BR-101,289.0,Pleno dia,Decrescente,Nublado,Simples,Não Informado,-22.7472,-42.8585,DEL02-RJ,Risco Médio,Alta
sexta-feira,BR-101,210.3,Plena Noite,Crescente,Nublado,Múltipla,Reta,-27.61673,-48.64573,DEL01-SC,Risco Médio,Alta
sábado,BR-101,85.8,Anoitecer,Decrescente,Céu Claro,Dupla,Interseção de vias,-29.87667,-50.25807,DEL03-RS,Risco Médio,Alta
domingo,BR-470,47.0,Plena Noite,Decrescente,Céu Claro,Dupla,Não Informado,-26.86012,-49.06329,DEL04-SC,Risco Baixo,Baixa
terça-feira,BR-364,435.5,Pleno dia,Crescente,Céu Claro,Simples,Curva,-10.38185,-62.5492,DEL03-RO,Risco Baixo,Alta
sábado,BR-381,583.5,Pleno dia,Crescente,Nublado,Dupla,Curva,-20.5077,-44.6102,DEL04-MG,Risco Médio,Alta
sábado,BR-163,1091.5,Pleno dia,Crescente,Céu Claro,Simples,Reta,-9.650846,-54.87328,DEL06-MT,Risco Médio,Alta
sexta-feira,BR-70,76.0,Pleno dia,Crescente,Céu Claro,Simples,Curva,-15.67422,-52.81409,DEL07-MT,Risco Médio,Baixa
sábado,BR-101,339.8,Amanhecer,Crescente,Garoa/Chuvisco,Dupla,Reta,-28.49351,-49.04179,DEL02-SC,Risco Médio,Alta
domingo,BR-365,9.8,Plena Noite,Crescente,Garoa/Chuvisco,Simples,Curva,-16.83154,-43.93274,DEL12-MG,Risco Alto,Média
terça-feira,BR-316,202.0,Pleno dia,Decrescente,Chuva,Simples,Reta,-1.55277,-46.87336,DEL01-PA,Risco Médio,Baixa
sábado,BR-290,14.1,Plena Noite,Crescente,Nublado,Dupla,Curva,-29.86739,-50.4012,DEL03-RS,Risco Médio,Baixa
sexta-feira,BR-101,413.4,Pleno dia,Decrescente,Céu Claro,Simples,Interseção de vias,-28.96399,-49.52019,DEL02-SC,Risco Médio,Alta
terça-feira,BR-116,269.0,Plena Noite,Crescente,Céu Claro,Dupla,Reta,-29.96361,-51.17658,DEL01-RS,Risco Médio,Alta
sexta-feira,BR-381,17.3,Plena Noite,Crescente,Céu Claro,Dupla,Não Informado,-22.97064,-46.48646,DEL03-SP,Risco Médio,Alta
sexta-feira,BR-40,576.0,Plena Noite,Crescente,Céu Claro,Simples,Não Informado,-20.26486,-43.95735,DEL01-MG,Risco Médio,Alta
quinta-feira,BR-381,803.0,Pleno dia,Decrescente,Céu Claro,Dupla,Reta,-21.99043,-45.66661,DEL16-MG,Risco Baixo,Alta
sexta-feira,BR-470,215.9,Plena Noite,Crescente,Céu Claro,Simples,Reta,-27.30355,-50.25643,DEL05-SC,Risco Baixo,Baixa
segunda-feira,BR-343,474.3,Plena Noite,Crescente,Ignorado,Simples,Reta,-6.12501,-42.72524,DEL01-PI,Risco Médio,Baixa
sexta-feira,BR-364,733.7,Pleno dia,Crescente,Céu Claro,Simples,Reta,-8.922931,-63.97032,DEL01-RO,Risco Médio,Alta
domingo,BR-452,1.0,Pleno dia,Decrescente,Céu Claro,Dupla,Retorno Regulamentado,-17.78701,-50.90086,DEL04-GO,Risco Médio,Baixa
domingo,BR-116,273.0,Plena Noite,Crescente,Nublado,Dupla,Reta,-23.61569,-46.78801,DEL04-SP,Risco Baixo,Alta
terça-feira,BR-343,591.0,Pleno dia,Crescente,Céu Claro,Dupla,Reta,-6.781361,-43.02322,DEL03-PI,Risco Médio,Baixa
terça-feira,BR-262,53.7,Pleno dia,Decrescente,Céu Claro,Simples,Reta,-20.25951,-42.16394,DEL06-MG,Risco Médio,Média
quarta-feira,BR-493,112.1,Anoitecer,Decrescente,Céu Claro,Dupla,Reta,-22.8589,-43.75913,DEL01-RJ,Risco Médio,Baixa
sábado,BR-364,346.4,Anoitecer,Crescente,Céu Claro,Simples,Reta,-10.86587,-61.96865,DEL02-RO,Risco Baixo,Alta
sexta-feira,BR-101,250.0,Pleno dia,Crescente,Céu Claro,Simples,Reta,-12.98496,-39.29116,DEL01-BA,Risco Médio,Alta
sexta-feira,BR-354,753.3,Pleno dia,Crescente,Sol,Simples,Reta,-22.2799,-44.87262,DEL17-MG,Risco Médio,Baixa
sexta-feira,BR-101,85.0,Pleno dia,Crescente,Sol,Dupla,Reta,-10.8416,-37.1373,DEL01-SE,Risco Médio,Alta
quarta-feira,BR-324,475.0,Pleno dia,Crescente,Nublado,Simples,Reta,-11.9782,-39.10206,DEL02-BA,Risco Médio,Baixa
quinta-feira,BR-376,75.7,Pleno dia,Decrescente,Sol,Simples,Não Informado,-22.95411,-52.70157,DEL09-PR,Risco Médio,Baixa
sexta-feira,BR-316,1.8,Pleno dia,Decrescente,Céu Claro,Simples,Curva,-5.12364,-42.79505,DEL01-PI,Risco Baixo,Baixa
domingo,BR-470,128.2,Anoitecer,Decrescente,Chuva,Simples,Não Informado,-27.14595,-49.54954,DEL04-SC,Risco Médio,Baixa
segunda-feira,BR-101,211.7,Pleno dia,Crescente,Céu Claro,Múltipla,Reta,-27.62329,-48.65246,DEL01-SC,Risco Médio,Alta
sexta-feira,BR-116,228.3,Pleno dia,Decrescente,Chuva,Dupla,Curva,-22.6335,-43.9046,DEL07-RJ,Risco Baixo,Alta
domingo,BR-116,362.0,Plena Noite,Crescente,Céu Claro,Dupla,Reta,-30.63994,-51.55692,DEL02-RS,Risco Médio,Alta
domingo,BR-101,417.0,Pleno dia,Crescente,Sol,Simples,Não Informado,-22.91644,-43.91077,DEL03-RJ,Risco Médio,Alta
segunda-feira,BR-316,28.2,Plena Noite,Decrescente,Céu Claro,Simples,Reta,-5.309823,-42.70452,DEL01-PI,Risco Alto,Baixa
segunda-feira,BR-364,404.4,Pleno dia,Crescente,Sol,Dupla,Reta,-15.66159,-55.97144,DEL01-MT,Risco Médio,Alta
segunda-feira,BR-135,228.0,Pleno dia,Decrescente,Garoa/Chuvisco,Simples,Reta,-4.382047,-44.3438,DEL03-MA,Risco Médio,Baixa
quinta-feira,BR-116,259.9,Pleno dia,Decrescente,Nublado,Simples,Não Informado,-27.90463,-50.43617,DEL05-SC,Risco Baixo,Alta
quinta-feira,BR-101,148.0,Pleno dia,Decrescente,Céu Claro,Dupla,Reta,-27.109,-48.6126,DEL04-SC,Risco Médio,Alta
segunda-feira,BR-364,219.8,Plena Noite,Decrescente,Céu Claro,Simples,Não Informado,-11.53738,-61.31468,DEL02-RO,Risco Baixo,Alta
domingo,BR-101,101.6,Pleno dia,Crescente,Nublado,Dupla,Reta,-26.76404,-48.68658,DEL03-SC,Risco Médio,Alta
terça-feira,BR-101,86.4,Pleno dia,Crescente,Chuva,Dupla,Retorno Regulamentado,-7.15119,-34.91012,DEL01-PB,Risco Médio,Alta
domingo,BR-101,134.5,Plena Noite,Decrescente,Céu Claro,Dupla,Reta,-8.409949,-35.28709,DEL01-PE,Risco Alto,Alta
terça-feira,BR-386,167.9,Pleno dia,Decrescente,Chuva,Simples,Não Informado,-28.21437,-52.82551,DEL08-RS,Risco Médio,Média
quinta-feira,BR-376,379.0,Amanhecer,Crescente,Nevoeiro/Neblina,Simples,Reta,-24.44403,-50.76103,DEL03-PR,Risco Médio,Baixa
quarta-feira,BR-40,25.8,Anoitecer,Decrescente,Céu Claro,Dupla,Retorno Regulamentado,-22.15366,-43.15801,DEL06-RJ,Risco Médio,Alta
sábado,BR-135,545.0,Plena Noite,Decrescente,Chuva,Simples,Reta,-18.1433,-44.2992,DEL02-MG,Risco Médio,Baixa
domingo,BR-232,129.6,Pleno dia,Crescente,Sol,Dupla,Interseção de vias,-8.300491,-35.98645,DEL02-PE,Risco Médio,Baixa
sábado,BR-262,381.7,Pleno dia,Crescente,Chuva,Dupla,Não Informado,-19.94062,-44.38697,DEL01-MG,Risco Baixo,Média
sexta-feira,BR-381,39.5,Plena Noite,Crescente,Céu Claro,Dupla,Não Informado,-23.12158,-46.57472,DEL03-SP,Risco Baixo,Alta
segunda-feira,BR-428,162.0,Pleno dia,Crescente,Nublado,Simples,Reta,-9.162692,-40.36612,DEL06-PE,Risco Médio,Baixa
quarta-feira,BR-135,1.0,Plena Noite,Crescente,Céu Claro,Dupla,Reta,-2.589179,-44.24424,DEL01-MA,Risco Alto,Baixa
sábado,BR-304,34.8,Plena Noite,Crescente,Céu Claro,Dupla,Reta,-5.163169,-37.35102,DEL04-RN,Risco Alto,Baixa
terça-feira,BR-101,89.0,Plena Noite,Decrescente,Céu Claro,Dupla,Curva,-7.171069,-34.89765,DEL01-PB,Risco Médio,Alta
sexta-feira,BR-101,80.9,Pleno dia,Decrescente,Céu Claro,Dupla,Rotatória,-5.758523,-35.28806,DEL02-RN,Risco Baixo,Alta
quinta-feira,BR-10,236.6,Pleno dia,Decrescente,Sol,Simples,Reta,-5.655617,-47.38898,DEL04-MA,Risco Médio,Baixa
sábado,BR-116,140.4,Plena Noite,Decrescente,Céu Claro,Simples,Reta,-26.96626,-50.40928,DEL06-SC,Risco Baixo,Alta
terça-feira,BR-277,345.6,Pleno dia,Decrescente,Sol,Simples,Reta,-25.33928,-51.4288,DEL03-PR,Risco Médio,Média
domingo,BR-262,103.0,Pleno dia,Crescente,Céu Claro,Simples,Reta,-20.33613,-41.1265,DEL01-ES,Risco Médio,Média
quarta-feira,BR-40,102.0,Plena Noite,Crescente,Nublado,Dupla,Reta,-22.60755,-43.28585,DEL01-RJ,Risco Médio,Alta
sábado,BR-364,710.0,Pleno dia,Crescente,Nublado,Simples,Não Informado,-8.784993,-63.85913,DEL01-RO,Risco Baixo,Alta
segunda-feira,BR-262,487.0,Plena Noite,Decrescente,Nublado,Simples,Reta,-19.78526,-45.31344,DEL08-MG,Risco Médio,Média
sábado,BR-40,56.8,Plena Noite,Crescente,Céu Claro,Dupla,Reta,-22.36179,-43.12627,DEL06-RJ,Risco Médio,Alta
quarta-feira,BR-101,286.5,Plena Noite,Decrescente,Chuva,Dupla,Reta,-20.25902,-40.37753,DEL01-ES,Risco Médio,Alta
segunda-feira,BR-282,92.4,Pleno dia,Crescente,Céu Claro,Simples,Curva,-27.70058,-49.23661,DEL01-SC,Risco Médio,Baixa
segunda-feira,BR-101,389.0,Plena Noite,Crescente,Céu Claro,Dupla,Reta,-28.79023,-49.34586,DEL02-SC,Risco Médio,Alta
domingo,BR-364,341.2,Pleno dia,Decrescente,Céu Claro,Dupla,Viaduto,-10.88988,-61.93127,DEL02-RO,Risco Médio,Alta
sexta-feira,BR-376,295.1,Pleno dia,Crescente,Nevoeiro/Neblina,Simples,Viaduto,-23.90769,-51.19205,DEL07-PR,Risco Médio,Baixa
sexta-feira,BR-20,68.0,Plena Noite,Crescente,Céu Claro,Simples,Reta,-15.18714,-47.14936,DEL02-DF,Risco Médio,Baixa
sexta-feira,BR-290,54.0,Pleno dia,Crescente,Nublado,Dupla,Reta,-29.9134,-50.80843,DEL03-RS,Risco Médio,Baixa
sábado,BR-232,405.2,Plena Noite,Decrescente,Nublado,Simples,Reta,-7.988956,-38.25355,DEL04-PE,Risco Médio,Baixa
domingo,BR-101,74.8,Plena Noite,Decrescente,Nublado,Simples,Reta,-5.714063,-35.27233,DEL02-RN,Risco Médio,Alta
segunda-feira,BR-20,153.0,Pleno dia,Decrescente,Céu Claro,Simples,Reta,-14.67083,-46.64566,DEL02-DF,Risco Baixo,Baixa
quarta-feira,BR-410,27.0,Plena Noite,Decrescente,Céu Claro,Simples,Não Informado,-10.95142,-38.73229,DEL07-BA,Risco Baixo,Baixa
sábado,BR-153,213.9,Plena Noite,Crescente,Nublado,Simples,Reta,-21.93519,-49.9193,DEL07-SP,Risco Baixo,Alta
terça-feira,BR-101,201.0,Pleno dia,Crescente,Céu Claro,Simples,Reta,-27.55111,-48.6197,DEL01-SC,Risco Médio,Alta
quinta-feira,BR-230,458.3,Plena Noite,Crescente,Nublado,Simples,Reta,-6.77704,-38.18353,DEL03-PB,Risco Baixo,Baixa
domingo,BR-116,545.0,Plena Noite,Crescente,Chuva,Dupla,Curva,-24.96229,-48.41384,DEL05-SP,Risco Baixo,Alta
segunda-feira,BR-101,201.0,Pleno dia,Crescente,Chuva,Múltipla,Reta,-27.5572,-48.6188,DEL01-SC,Risco Médio,Alta
terça-feira,BR-381,429.0,Plena Noite,Decrescente,Céu Claro,Simples,Reta,-19.78664,-43.71434,DEL01-MG,Risco Baixo,Alta
quinta-feira,BR-153,322.0,Amanhecer,Crescente,Céu Claro,Simples,Reta,-8.727874,-48.5071,DEL02-TO,Risco Baixo,Alta
segunda-feira,BR-376,660.0,Pleno dia,Decrescente,Chuva,Dupla,Curva,-25.85168,-49.00332,DEL01-PR,Risco Médio,Baixa
quinta-feira,BR-101,242.2,Pleno dia,Crescente,Céu Claro,Dupla,Reta,-10.16107,-36.81395,DEL02-AL,Risco Médio,Alta
quarta-feira,BR-101,93.8,Pleno dia,Decrescente,Céu Claro,Dupla,Reta,-7.205825,-34.90879,DEL01-PB,Risco Médio,Alta
sexta-feira,BR-101,145.0,Pleno dia,Decrescente,Céu Claro,Dupla,Reta,-19.3609,-40.06464,DEL04-ES,Risco Médio,Alta
sábado,BR-282,73.3,Pleno dia,Crescente,Céu Claro,Simples,Reta,-27.68144,-49.11339,DEL01-SC,Risco Médio,Baixa
sexta-feira,BR-222,115.7,Plena Noite,Crescente,Vento,Simples,Curva,-3.745047,-39.53631,DEL04-CE,Risco Alto,Baixa
domingo,BR-280,196.5,Pleno dia,Crescente,Céu Claro,Simples,Curva,-26.17463,-50.03373,DEL06-SC,Risco Baixo,Baixa
terça-feira,BR-104,52.0,Pleno dia,Decrescente,Céu Claro,Dupla,Reta,-8.167598,-35.97684,DEL02-PE,Risco Médio,Baixa
quinta-feira,BR-282,22.0,Pleno dia,Crescente,Chuva,Simples,Reta,-27.68851,-48.72739,DEL01-SC,Risco Médio,Baixa
segunda-feira,BR-232,89.0,Pleno dia,Crescente,Sol,Dupla,Reta,-8.216311,-35.64669,DEL01-PE,Risco Médio,Baixa
sexta-feira,BR-324,624.2,Plena Noite,Crescente,Céu Claro,Múltipla,Reta,-12.94784,-38.46983,DEL01-BA,Risco Médio,Baixa
quinta-feira,BR-365,413.0,Pleno dia,Decrescente,Céu Claro,Simples,Reta,-18.67418,-46.54413,DEL10-MG,Risco Baixo,Média
terça-feira,BR-242,378.0,Pleno dia,Crescente,Céu Claro,Simples,Curva,-12.46977,-41.69981,DEL06-BA,Risco Alto,Baixa
domingo,BR-10,264.0,Amanhecer,Decrescente,Nevoeiro/Neblina,Simples,Reta,-2.123257,-47.56058,DEL02-PA,Risco Alto,Baixa
sábado,BR-153,633.0,Plena Noite,Decrescente,Céu Claro,Dupla,Reta,-17.8191,-49.2117,DEL03-GO,Risco Baixo,Alta
sexta-feira,BR-153,151.7,Amanhecer,Decrescente,Nevoeiro/Neblina,Simples,Não Informado,-21.42974,-49.78661,DEL07-SP,Risco Médio,Alta
sábado,BR-116,149.8,Pleno dia,Decrescente,Nublado,Dupla,Reta,-23.207,-45.88627,DEL02-SP,Risco Médio,Alta
terça-feira,BR-135,164.0,Plena Noite,Decrescente,Céu Claro,Simples,Curva,-7.929582,-43.80043,DEL03-PI,Risco Médio,Baixa
quarta-feira,BR-40,61.0,Pleno dia,Decrescente,Céu Claro,Dupla,Curva,-22.40241,-43.13786,DEL06-RJ,Risco Baixo,Alta
sexta-feira,BR-232,66.7,Plena Noite,Decrescente,Céu Claro,Simples,Curva,-8.167074,-35.45583,DEL02-PE,Risco Médio,Baixa
segunda-feira,BR-101,323.8,Pleno dia,Crescente,Chuva,Dupla,Não Informado,-28.42462,-48.9386,DEL02-SC,Risco Baixo,Alta
sexta-feira,BR-153,71.0,Amanhecer,Decrescente,Céu Claro,Simples,Reta,-20.8652,-49.4119,DEL09-SP,Risco Médio,Alta
quinta-feira,BR-280,48.0,Plena Noite,Decrescente,Céu Claro,Simples,Interseção de vias,-26.45507,-48.92767,DEL03-SC,Risco Médio,Baixa
sexta-feira,BR-153,333.0,Pleno dia,Decrescente,Céu Claro,Dupla,Reta,-8.826486,-48.51216,DEL02-TO,Risco Médio,Alta
quinta-feira,BR-381,942.0,Pleno dia,Decrescente,Chuva,Dupla,Curva,-22.86606,-46.3494,DEL16-MG,Risco Médio,Alta
domingo,BR-40,749.5,Pleno dia,Crescente,Nublado,Simples,Curva,-21.44787,-43.55739,DEL05-MG,Risco Médio,Alta
domingo,BR-116,114.0,Pleno dia,Crescente,Céu Claro,Simples,Reta,-16.59013,-41.50199,DEL11-MG,Risco Médio,Alta
quarta-feira,BR-251,481.5,Anoitecer,Decrescente,Céu Claro,Simples,Reta,-16.48546,-43.5098,DEL12-MG,Risco Baixo,Baixa
quarta-feira,BR-290,423.0,Pleno dia,Crescente,Garoa/Chuvisco,Simples,Rotatória,-30.3284,-54.36789,DEL11-RS,Risco Baixo,Baixa
domingo,BR-376,489.6,Anoitecer,Decrescente,Chuva,Dupla,Não Informado,-25.09611,-50.19695,DEL03-PR,Risco Médio,Baixa
sexta-feira,BR-116,15.5,Pleno dia,Decrescente,Chuva,Dupla,Curva,-25.09833,-48.68274,DEL01-PR,Risco Baixo,Alta
domingo,BR-470,138.6,Plena Noite,Decrescente,Chuva,Simples,Reta,-27.20721,-49.64848,DEL04-SC,Risco Médio,Baixa
quinta-feira,BR-277,4.3,Pleno dia,Crescente,Céu Claro,Dupla,Reta,-25.46951,-54.5848,DEL05-PR,Risco Médio,Média
quinta-feira,BR-153,682.5,Amanhecer,Decrescente,Céu Claro,Simples,Reta,-31.76963,-54.15606,DEL11-RS,Risco Médio,Alta
sexta-feira,BR-262,800.0,Plena Noite,Crescente,Céu Claro,Dupla,Reta,-19.77913,-47.94579,DEL13-MG,Risco Médio,Média
quinta-feira,BR-116,146.0,Plena Noite,Crescente,Céu Claro,Dupla,Não Informado,-23.18989,-45.86111,DEL02-SP,Risco Médio,Alta
domingo,BR-101,371.6,Pleno dia,Crescente,Céu Claro,Simples,Curva,-20.77036,-40.76847,DEL03-ES,Risco Médio,Alta
sábado,BR-381,501.8,Plena Noite,Crescente,Chuva,Dupla,Não Informado,-20.01573,-44.2225,DEL01-MG,Risco Médio,Alta
quinta-feira,BR-158,550.0,Plena Noite,Crescente,Céu Claro,Simples,Reta,-13.91399,-52.08686,DEL07-MT,Risco Médio,Baixa
segunda-feira,BR-282,305.0,Pleno dia,Crescente,Chuva,Simples,Curva,-27.50068,-50.94905,DEL07-SC,Risco Médio,Baixa
domingo,BR-230,121.0,Plena Noite,Crescente,Nublado,Simples,Interseção de vias,-5.352974,-49.12144,DEL03-PA,Risco Médio,Baixa
quinta-feira,BR-116,227.0,Pleno dia,Crescente,Céu Claro,Múltipla,Reta,-23.49659,-46.55649,DEL01-SP,Risco Médio,Alta
terça-feira,BR-70,515.0,Anoitecer,Crescente,Céu Claro,Simples,Reta,-15.70528,-56.14532,DEL01-MT,Risco Médio,Baixa
domingo,BR-101,441.9,Pleno dia,Crescente,Garoa/Chuvisco,Múltipla,Reta,-29.12392,-49.66052,DEL02-SC,Risco Alto,Alta
domingo,BR-40,766.0,Pleno dia,Crescente,Céu Claro,Simples,Reta,-21.56884,-43.47868,DEL05-MG,Risco Baixo,Alta
quarta-feira,BR-285,672.0,Pleno dia,Crescente,Céu Claro,Simples,Interseção de vias,-28.66617,-55.98212,DEL12-RS,Risco Médio,Baixa
domingo,BR-470,227.0,Plena Noite,Crescente,Céu Claro,Simples,Interseção de vias,-29.26333,-51.50415,DEL06-RS,Risco Baixo,Baixa
sexta-feira,BR-230,19.0,Plena Noite,Crescente,Chuva,Dupla,Reta,-7.1281,-34.8466,DEL01-PB,Risco Baixo,Baixa