dia_semana,br,km,fase_dia,sentido_via,condicao_metereologica,tipo_pista,tracado_via,latitude,longitude,delegacia,classificacao_acidente,postos_policiais_PRF
sábado,BR-376,154.0,Anoitecer,Crescente,Nublado,Simples,Não Informado,-23.33304,-52.11156,DEL07-PR,Risco Médio,Baixa
domingo,BR-80,5.3,Plena Noite,Crescente,Céu Claro,Simples,Interseção de vias,-15.7296,-48.12415,DEL01-DF,Risco Médio,Baixa
segunda-feira,BR-290,92.0,Pleno dia,Decrescente,Nublado,Simples,Reta,-29.9693,-51.17292,DEL01-RS,Risco Médio,Baixa
terça-feira,BR-280,56.0,Pleno dia,Decrescente,Sol,Dupla,Reta,-26.47948,-49.00299,DEL03-SC,Risco Médio,Baixa
terça-feira,BR-101,79.0,Plena Noite,Crescente,Céu Claro,Dupla,Curva,-8.143661,-34.94723,DEL01-PE,Risco Baixo,Alta
sábado,BR-116,16.0,Plena Noite,Decrescente,Céu Claro,Simples,Reta,-14.90245,-40.84616,DEL08-BA,Risco Baixo,Alta
quinta-feira,BR-381,663.5,Pleno dia,Decrescente,Sol,Dupla,Curva,-21.0363,-45.0019,DEL04-MG,Risco Médio,Alta
sábado,BR-153,72.0,Pleno dia,Crescente,Céu Claro,Simples,Reta,-20.86715,-49.41334,DEL09-SP,Risco Médio,Alta
sexta-feira,BR-304,295.1,Pleno dia,Crescente,Céu Claro,Dupla,Reta,-5.86862,-35.37729,DEL01-RN,Risco Médio,Baixa
sexta-feira,BR-101,213.0,Pleno dia,Crescente,Céu Claro,Múltipla,Reta,-27.63697,-48.66514,DEL01-SC,Risco Baixo,Alta
segunda-feira,BR-70,0.0,Pleno dia,Decrescente,Céu Claro,Dupla,Não Informado,-15.78887,-48.22024,DEL01-DF,Risco Médio,Baixa
quarta-feira,BR-60,352.6,Pleno dia,Decrescente,Sol,Simples,Reta,-20.44323,-54.64683,DEL01-MS,Risco Médio,Média
sexta-feira,BR-406,110.9,Plena Noite,Crescente,Céu Claro,Simples,Reta,-5.558301,-35.74902,DEL02-RN,Risco Médio,Baixa
domingo,BR-101,84.5,Pleno dia,Decrescente,Nublado,Dupla,Reta,-7.139579,-34.92313,DEL01-PB,Risco Médio,Alta
sábado,BR-158,393.5,Pleno dia,Crescente,Céu Claro,Simples,Curva,-25.29871,-52.31355,DEL04-PR,Risco Médio,Baixa
segunda-feira,BR-101,70.4,Pleno dia,Crescente,Nublado,Múltipla,Reta,-8.07325,-34.94287,DEL01-PE,Risco Médio,Alta
quarta-feira,BR-376,616.0,Pleno dia,Crescente,Céu Claro,Dupla,Não Informado,-25.57584,-49.17954,DEL01-PR,Risco Médio,Baixa
domingo,BR-116,43.0,Pleno dia,Decrescente,Céu Claro,Simples,Curva,-22.16196,-42.81228,DEL04-RJ,Risco Médio,Alta
domingo,BR-235,8.7,Plena Noite,Decrescente,Garoa/Chuvisco,Simples,Curva,-10.88523,-37.13705,DEL01-SE,Risco Baixo,Baixa
quinta-feira,BR-376,601.0,Pleno dia,Decrescente,Chuva,Dupla,Reta,-25.54268,-49.30875,DEL01-PR,Risco Médio,Baixa
quarta-feira,BR-101,347.7,Pleno dia,Decrescente,Céu Claro,Dupla,Não Informado,-28.58,-49.05183,DEL02-SC,Risco Médio,Alta
sábado,BR-116,24.0,Anoitecer,Decrescente,Nevoeiro/Neblina,Simples,Desvio Temporário,-14.8666,-40.7998,DEL05-PE,Risco Alto,Alta
sábado,BR-153,502.0,Plena Noite,Crescente,Céu Claro,Dupla,Reta,-16.7287,-49.2424,DEL01-GO,Risco Médio,Alta
sexta-feira,BR-376,185.6,Pleno dia,Decrescente,Chuva,Dupla,Reta,-23.45147,-51.85362,DEL09-PR,Risco Médio,Baixa
sexta-feira,BR-290,418.8,Plena Noite,Crescente,Nublado,Simples,Rotatória,-30.35253,-54.33207,DEL11-RS,Risco Médio,Baixa
domingo,BR-116,3.0,Pleno dia,Crescente,Nublado,Múltipla,Reta,-3.677892,-38.54279,DEL01-CE,Risco Baixo,Alta
quarta-feira,BR-101,199.7,Plena Noite,Crescente,Nublado,Múltipla,Reta,-27.53414,-48.63003,DEL01-SC,Risco Médio,Alta
domingo,BR-50,180.0,Pleno dia,Crescente,Céu Claro,Dupla,Interseção de vias,-19.77844,-47.9234,DEL13-MG,Risco Médio,Média
terça-feira,BR-222,235.0,Anoitecer,Crescente,Céu Claro,Simples,Reta,-5.277493,-49.07271,DEL03-PA,Risco Médio,Baixa
segunda-feira,BR-101,115.8,Pleno dia,Crescente,Céu Claro,Dupla,Reta,-26.87064,-48.72954,DEL04-SC,Risco Médio,Alta
domingo,BR-40,505.0,Plena Noite,Decrescente,Céu Claro,Dupla,Reta,-19.7504,-44.1449,DEL02-MG,Risco Médio,Alta
quarta-feira,BR-259,19.0,Pleno dia,Crescente,Céu Claro,Simples,Reta,-19.66056,-40.45632,DEL02-ES,Risco Médio,Baixa
segunda-feira,BR-369,147.6,Anoitecer,Crescente,Céu Claro,Dupla,Reta,-23.29295,-51.14013,DEL07-PR,Risco Baixo,Baixa
sexta-feira,BR-277,594.5,Plena Noite,Decrescente,Céu Claro,Simples,Reta,-24.97948,-53.49233,DEL04-PR,Risco Médio,Média
segunda-feira,BR-101,434.0,Plena Noite,Decrescente,Céu Claro,Múltipla,Reta,-29.09705,-49.63391,DEL02-SC,Risco Médio,Alta
terça-feira,BR-40,474.3,Pleno dia,Crescente,Céu Claro,Múltipla,Não Informado,-19.4989,-44.27861,DEL02-MG,Risco Médio,Alta
sexta-feira,BR-262,640.3,Pleno dia,Decrescente,Nublado,Simples,Reta,-19.57072,-46.57159,DEL08-MG,Risco Baixo,Média
quarta-feira,BR-80,67.0,Amanhecer,Decrescente,Céu Claro,Simples,Reta,-15.20256,-48.45714,DEL01-DF,Risco Baixo,Baixa
segunda-feira,BR-116,318.0,Pleno dia,Decrescente,Chuva,Dupla,Reta,-22.4927,-44.56408,DEL07-RJ,Risco Médio,Alta
domingo,BR-101,376.0,Plena Noite,Decrescente,Céu Claro,Simples,Reta,-20.79013,-40.80344,DEL03-ES,Risco Médio,Alta
sexta-feira,BR-293,50.8,Pleno dia,Decrescente,Céu Claro,Simples,Interseção de vias,-31.72977,-52.83454,DEL07-RS,Risco Médio,Baixa
quinta-feira,BR-369,118.9,Pleno dia,Crescente,Céu Claro,Dupla,Não Informado,-23.28595,-50.88718,DEL07-PR,Risco Médio,Baixa
quarta-feira,BR-101,44.4,Pleno dia,Crescente,Céu Claro,Simples,Reta,-26.31239,-48.87459,DEL03-SC,Risco Médio,Alta
quarta-feira,BR-116,328.0,Pleno dia,Decrescente,Céu Claro,Simples,Reta,-11.40398,-38.96876,DEL02-BA,Risco Médio,Alta
domingo,BR-116,545.6,Plena Noite,Crescente,Nublado,Simples,Curva,-19.9214,-42.13167,DEL06-MG,Risco Médio,Alta
terça-feira,BR-116,277.8,Plena Noite,Crescente,Céu Claro,Simples,Reta,-17.86716,-41.51684,DEL11-MG,Risco Médio,Alta
terça-feira,BR-116,115.0,Plena Noite,Decrescente,Nublado,Múltipla,Reta,-25.55953,-49.2656,DEL01-PR,Risco Baixo,Alta
sexta-feira,BR-476,322.3,Pleno dia,Crescente,Sol,Simples,Reta,-26.0762,-50.74652,DEL02-PR,Risco Médio,Baixa
sábado,BR-101,92.3,Pleno dia,Decrescente,Nublado,Dupla,Reta,-26.6806,-48.69315,DEL03-SC,Risco Médio,Alta
domingo,BR-116,100.0,Anoitecer,Crescente,Chuva,Simples,Reta,-22.50707,-42.99693,DEL02-RJ,Risco Médio,Alta
quarta-feira,BR-153,112.0,Pleno dia,Decrescente,Céu Claro,Simples,Interseção de vias,-23.87155,-50.20191,DEL07-PR,Risco Baixo,Alta
domingo,BR-163,175.8,Plena Noite,Crescente,Céu Claro,Dupla,Curva,-25.21735,-53.59538,DEL04-PR,Risco Médio,Alta
segunda-feira,BR-116,513.4,Pleno dia,Crescente,Céu Claro,Dupla,Reta,-31.61457,-52.31329,DEL07-RS,Risco Médio,Alta
sábado,BR-50,101.0,Plena Noite,Decrescente,Vento,Dupla,Reta,-19.1462,-48.1679,DEL15-MG,Risco Baixo,Média
sábado,BR-262,75.6,Plena Noite,Decrescente,Céu Claro,Simples,Reta,-20.32381,-42.33886,DEL03-MG,Risco Baixo,Média
domingo,BR-476,344.0,Plena Noite,Decrescente,Nublado,Simples,Reta,-26.18194,-50.92369,DEL02-PR,Risco Alto,Baixa
domingo,BR-153,715.5,Plena Noite,Decrescente,Céu Claro,Simples,Reta,-12.10533,-49.18496,DEL01-TO,Risco Médio,Alta
sábado,BR-290,410.3,Plena Noite,Decrescente,Céu Claro,Simples,Reta,-30.36338,-54.24945,DEL09-RS,Risco Médio,Baixa
sexta-feira,BR-343,185.7,Amanhecer,Crescente,Céu Claro,Simples,Reta,-4.280882,-41.76389,DEL02-PI,Risco Médio,Baixa
quinta-feira,BR-101,307.8,Pleno dia,Crescente,Sol,Dupla,Reta,-22.79116,-43.01514,DEL02-RJ,Risco Baixo,Alta
quarta-feira,BR-101,175.0,Plena Noite,Crescente,Chuva,Simples,Reta,-22.37849,-41.96904,DEL02-RJ,Risco Médio,Alta
domingo,BR-163,95.0,Pleno dia,Decrescente,Céu Claro,Dupla,Reta,-16.70046,-54.66027,DEL02-MT,Risco Médio,Alta
sexta-feira,BR-232,15.8,Pleno dia,Decrescente,Chuva,Dupla,Curva,-8.09347,-35.03147,DEL01-PE,Risco Baixo,Baixa
quinta-feira,BR-290,101.0,Amanhecer,Crescente,Céu Claro,Dupla,Curva,-29.98578,-51.2462,DEL01-RS,Risco Médio,Baixa
sábado,BR-101,96.0,Anoitecer,Crescente,Céu Claro,Simples,Reta,-26.72919,-48.70182,DEL03-SC,Risco Médio,Alta
sexta-feira,BR-470,253.0,Pleno dia,Crescente,Céu Claro,Simples,Reta,-27.31248,-50.60022,DEL05-SC,Risco Médio,Baixa
terça-feira,BR-230,2.0,Pleno dia,Crescente,Céu Claro,Dupla,Reta,-6.9837,-34.8295,DEL01-PB,Risco Médio,Baixa
sábado,BR-163,209.5,Plena Noite,Crescente,Céu Claro,Simples,Curva,-22.6269,-54.81891,DEL04-MS,Risco Médio,Alta
terça-feira,BR-40,13.0,Plena Noite,Decrescente,Céu Claro,Dupla,Reta,-16.15183,-47.93916,DEL01-DF,Risco Médio,Alta
segunda-feira,BR-104,87.0,Plena Noite,Crescente,Céu Claro,Simples,Reta,-8.454104,-35.94552,DEL02-PE,Risco Médio,Baixa
segunda-feira,BR-435,123.0,Plena Noite,Decrescente,Céu Claro,Dupla,Reta,-13.18889,-60.80842,DEL04-RO,Risco Médio,Baixa
sábado,BR-365,708.9,Plena Noite,Crescente,Céu Claro,Simples,Não Informado,-18.87859,-49.05618,DEL15-MG,Risco Alto,Média
domingo,BR-116,860.9,Plena Noite,Decrescente,Céu Claro,Simples,Reta,-15.0,-41.04195,DEL08-BA,Risco Médio,Alta
segunda-feira,BR-235,351.0,Pleno dia,Crescente,Céu Claro,Simples,Reta,-9.412096,-40.49894,DEL07-BA,Risco Médio,Baixa
quinta-feira,BR-40,78.0,Pleno dia,Crescente,Nublado,Simples,Curva,-22.48486,-43.22843,DEL06-RJ,Risco Médio,Alta
segunda-feira,BR-316,8.7,Plena Noite,Crescente,Céu Claro,Simples,Reta,-5.164834,-42.769,DEL01-PI,Risco Médio,Baixa
domingo,BR-262,1.0,Plena Noite,Crescente,Nublado,Dupla,Ponte,-20.3225,-40.35402,DEL01-ES,Risco Baixo,Média
terça-feira,BR-381,558.0,Plena Noite,Crescente,Chuva,Dupla,Reta,-20.37564,-44.47423,DEL04-MG,Risco Médio,Alta
quinta-feira,BR-116,190.0,Plena Noite,Crescente,Chuva,Dupla,Reta,-22.74124,-43.50073,DEL01-RJ,Risco Médio,Alta
quinta-feira,BR-40,92.0,Pleno dia,Crescente,Chuva,Simples,Curva,-22.55519,-43.25604,DEL06-RJ,Risco Baixo,Alta
sexta-feira,BR-116,147.2,Pleno dia,Decrescente,Sol,Dupla,Reta,-23.19526,-45.87174,DEL02-SP,Risco Médio,Alta
domingo,BR-20,19.0,Plena Noite,Crescente,Céu Claro,Dupla,Desvio Temporário,-15.61218,-47.70093,DEL02-DF,Risco Alto,Baixa
quarta-feira,BR-50,274.9,Anoitecer,Decrescente,Céu Claro,Simples,Não Informado,-18.1392,-47.9059,DEL06-GO,Risco Alto,Média
sexta-feira,BR-116,637.1,Amanhecer,Crescente,Nevoeiro/Neblina,Simples,Reta,-13.55393,-40.07409,DEL03-BA,Risco Médio,Alta
quinta-feira,BR-282,521.4,Pleno dia,Crescente,Nublado,Simples,Desvio Temporário,-26.95273,-52.53851,DEL07-SC,Risco Médio,Baixa
terça-feira,BR-101,109.0,Plena Noite,Decrescente,Céu Claro,Dupla,Reta,-7.364334,-34.95255,DEL01-PB,Risco Baixo,Alta
domingo,BR-222,235.9,Amanhecer,Decrescente,Céu Claro,Simples,Reta,-3.713653,-40.43544,DEL04-CE,Risco Médio,Baixa
sexta-feira,BR-304,281.0,Plena Noite,Decrescente,Céu Claro,Simples,Não Informado,-5.886984,-35.48092,DEL01-RN,Risco Médio,Baixa
sábado,BR-364,344.0,Plena Noite,Decrescente,Céu Claro,Dupla,Interseção de vias,-10.87389,-61.95287,DEL02-RO,Risco Médio,Alta
domingo,BR-163,106.6,Pleno dia,Decrescente,Chuva,Simples,Curva,-26.41925,-53.52656,DEL07-SC,Risco Baixo,Alta
terça-feira,BR-101,470.2,Plena Noite,Decrescente,Chuva,Simples,Reta,-14.5274,-39.33463,DEL05-BA,Risco Médio,Alta
sexta-feira,BR-482,10.1,Pleno dia,Decrescente,Céu Claro,Simples,Reta,-20.84937,-41.11313,DEL03-ES,Risco Alto,Baixa
sábado,BR-364,221.8,Plena Noite,Decrescente,Chuva,Simples,Reta,-11.52522,-61.33891,DEL02-RO,Risco Baixo,Alta
quinta-feira,BR-381,500.0,Pleno dia,Crescente,Céu Claro,Dupla,Não Informado,-20.02513,-44.23113,DEL04-MG,Risco Médio,Alta
segunda-feira,BR-116,24.0,Pleno dia,Decrescente,Nublado,Simples,Curva,-22.04058,-42.78233,DEL04-RJ,Risco Médio,Alta
terça-feira,BR-470,275.7,Pleno dia,Crescente,Chuva,Simples,Reta,-27.3292,-50.81352,DEL07-SC,Risco Médio,Baixa
sábado,BR-251,475.5,Pleno dia,Crescente,Céu Claro,Simples,Reta,-16.47174,-43.46597,DEL12-MG,Risco Alto,Baixa
sexta-feira,BR-381,478.0,Pleno dia,Decrescente,Nublado,Dupla,Reta,-19.9643,-44.044,DEL01-MG,Risco Médio,Alta
terça-feira,BR-364,13.0,Pleno dia,Crescente,Sol,Dupla,Rotatória,-12.7414,-60.13026,DEL04-RO,Risco Médio,Alta
segunda-feira,BR-101,113.0,Pleno dia,Decrescente,Chuva,Dupla,Não Informado,-7.3838,-34.95703,DEL01-PB,Risco Baixo,Alta
sábado,BR-40,470.5,Amanhecer,Crescente,Céu Claro,Dupla,Reta,-19.46787,-44.29556,DEL02-MG,Risco Médio,Alta
domingo,BR-101,422.0,Amanhecer,Crescente,Nublado,Simples,Curva,-14.01327,-39.43606,DEL05-BA,Risco Médio,Alta
terça-feira,BR-277,66.7,Pleno dia,Crescente,Sol,Simples,Não Informado,-25.53098,-49.0852,DEL01-PR,Risco Médio,Média
terça-feira,BR-116,222.0,Plena Noite,Crescente,Nublado,Múltipla,Reta,-23.47093,-46.51631,DEL01-SP,Risco Alto,Alta
quarta-feira,BR-101,253.0,Plena Noite,Crescente,Céu Claro,Dupla,Reta,-27.96493,-48.67962,DEL02-SC,Risco Médio,Alta
terça-feira,BR-230,18.7,Pleno dia,Crescente,Céu Claro,Dupla,Curva,-7.1198,-34.8453,DEL01-PB,Risco Médio,Baixa
sexta-feira,BR-116,281.0,Pleno dia,Crescente,Céu Claro,Dupla,Reta,-23.67785,-46.85769,DEL04-SP,Risco Médio,Alta
quarta-feira,BR-70,515.0,Plena Noite,Decrescente,Céu Claro,Simples,Não Informado,-15.70631,-56.14131,DEL01-MT,Risco Médio,Baixa
domingo,BR-116,118.0,Pleno dia,Decrescente,Céu Claro,Dupla,Reta,-22.60969,-43.03076,DEL02-RJ,Risco Baixo,Alta
sábado,BR-101,736.0,Plena Noite,Crescente,Céu Claro,Simples,Curva,-16.57547,-39.55367,DEL09-BA,Risco Médio,Alta
sexta-feira,BR-364,718.0,Pleno dia,Decrescente,Nublado,Dupla,Reta,-8.798451,-63.91144,DEL01-RO,Risco Baixo,Alta
segunda-feira,BR-381,547.0,Pleno dia,Crescente,Céu Claro,Dupla,Reta,-20.277,-44.4273,DEL04-MG,Risco Baixo,Alta
quarta-feira,BR-10,150.0,Pleno dia,Decrescente,Céu Claro,Simples,Não Informado,-6.408138,-47.39132,DEL04-MA,Risco Médio,Baixa
quinta-feira,BR-230,110.0,Plena Noite,Decrescente,Ignorado,Simples,Curva,-5.3722,-49.0372,DEL03-PA,Risco Baixo,Baixa
quarta-feira,BR-230,506.4,Plena Noite,Decrescente,Nublado,Simples,Reta,-6.9008,-38.5559,DEL03-PB,Risco Baixo,Baixa
segunda-feira,BR-381,83.0,Anoitecer,Decrescente,Garoa/Chuvisco,Dupla,Reta,-23.43554,-46.56812,DEL03-SP,Risco Médio,Alta
segunda-feira,BR-356,6.0,Pleno dia,Crescente,Céu Claro,Simples,Curva,-21.15756,-42.12828,DEL08-RJ,Risco Baixo,Baixa
quarta-feira,BR-101,157.0,Pleno dia,Decrescente,Céu Claro,Múltipla,Reta,-27.18163,-48.61212,DEL04-SC,Risco Médio,Alta
segunda-feira,BR-356,271.3,Plena Noite,Crescente,Nublado,Simples,Reta,-21.1299,-42.3671,DEL07-MG,Risco Médio,Baixa
terça-feira,BR-373,236.2,Pleno dia,Decrescente,Nublado,Simples,Reta,-25.18044,-50.71624,DEL03-PR,Risco Alto,Baixa
quarta-feira,BR-222,206.0,Amanhecer,Crescente,Ignorado,Simples,Reta,-3.785023,-40.23753,DEL04-CE,Risco Médio,Baixa
terça-feira,BR-20,14.0,Plena Noite,Crescente,Céu Claro,Dupla,Reta,-15.63494,-47.74124,DEL02-DF,Risco Médio,Baixa
quinta-feira,BR-101,89.7,Plena Noite,Crescente,Céu Claro,Simples,Reta,-9.500133,-35.90487,DEL01-AL,Risco Baixo,Alta
sábado,BR-277,108.7,Amanhecer,Crescente,Céu Claro,Dupla,Curva,-25.43929,-49.44664,DEL01-PR,Risco Médio,Média
sábado,BR-116,254.5,Plena Noite,Decrescente,Céu Claro,Dupla,Reta,-29.82655,-51.17241,DEL01-RS,Risco Médio,Alta
domingo,BR-116,8.1,Plena Noite,Crescente,Céu Claro,Simples,Interseção de vias,-22.53637,-44.77189,DEL08-SP,Risco Baixo,Alta
domingo,BR-476,141.0,Plena Noite,Decrescente,Céu Claro,Dupla,Reta,-25.52861,-49.2988,DEL01-PR,Risco Médio,Baixa
sexta-feira,BR-381,495.5,Plena Noite,Decrescente,Céu Claro,Dupla,Não Informado,-19.97488,-44.18778,DEL01-MG,Risco Médio,Alta
sexta-feira,BR-153,187.0,Pleno dia,Crescente,Céu Claro,Simples,Desvio Temporário,-14.40348,-49.1575,DEL07-GO,Risco Médio,Alta
sexta-feira,BR-470,120.9,Plena Noite,Decrescente,Nublado,Simples,Reta,-27.08428,-49.52042,DEL04-SC,Risco Baixo,Baixa
quinta-feira,BR-153,565.0,Anoitecer,Crescente,Chuva,Dupla,Não Informado,-17.2566,-49.2418,DEL03-GO,Risco Médio,Alta
quinta-feira,BR-158,125.1,Anoitecer,Crescente,Céu Claro,Simples,Curva,-27.00305,-53.22598,DEL07-SC,Risco Médio,Baixa
quinta-feira,BR-470,217.0,Plena Noite,Decrescente,Céu Claro,Simples,Interseção de vias,-29.16463,-51.52552,DEL06-RS,Risco Médio,Baixa
quarta-feira,BR-343,341.6,Pleno dia,Crescente,Nublado,Dupla,Rotatória,-5.078152,-42.74973,DEL01-PI,Risco Médio,Baixa
terça-feira,BR-367,84.0,Pleno dia,Crescente,Sol,Múltipla,Reta,-16.37454,-39.5788,DEL09-BA,Risco Médio,Baixa
domingo,BR-116,111.8,Plena Noite,Crescente,Chuva,Dupla,Reta,-23.04142,-45.57013,DEL06-SP,Risco Médio,Alta
terça-feira,BR-20,6.7,Anoitecer,Decrescente,Céu Claro,Dupla,Curva,-15.66589,-47.80831,DEL02-DF,Risco Médio,Baixa
domingo,BR-101,229.0,Pleno dia,Crescente,Céu Claro,Dupla,Reta,-27.76889,-48.63205,DEL01-SC,Risco Baixo,Alta
domingo,BR-60,2.0,Pleno dia,Crescente,Céu Claro,Dupla,Reta,-15.88738,-48.07799,DEL01-DF,Risco Médio,Média
segunda-feira,BR-40,124.0,Amanhecer,Crescente,Céu Claro,Múltipla,Reta,-22.81266,-43.28823,DEL01-RJ,Risco Médio,Alta
quarta-feira,BR-153,414.0,Pleno dia,Crescente,Céu Claro,Dupla,Rotatória,-9.532369,-48.59341,DEL02-TO,Risco Médio,Alta
sábado,BR-101,131.0,Pleno dia,Crescente,Nublado,Múltipla,Reta,-26.99064,-48.66311,DEL04-SC,Risco Médio,Alta
sábado,BR-10,261.0,Plena Noite,Crescente,Céu Claro,Simples,Reta,-5.454371,-47.47244,DEL04-MA,Risco Médio,Baixa
quarta-feira,BR-369,172.0,Pleno dia,Crescente,Ignorado,Simples,Reta,-23.30292,-51.35497,DEL07-PR,Risco Médio,Baixa
sexta-feira,BR-316,57.4,Plena Noite,Crescente,Céu Claro,Simples,Curva,-5.54844,-42.61484,DEL01-PI,Risco Médio,Baixa
sábado,BR-470,56.0,Plena Noite,Decrescente,Garoa/Chuvisco,Simples,Reta,-26.87742,-49.1298,DEL04-SC,Risco Médio,Baixa
segunda-feira,BR-230,152.6,Pleno dia,Decrescente,Céu Claro,Simples,Reta,-7.2688,-35.8837,DEL02-PB,Risco Médio,Baixa
segunda-feira,BR-226,0.4,Pleno dia,Crescente,Céu Claro,Simples,Curva,-5.800019,-35.23817,DEL01-RN,Risco Médio,Baixa
domingo,BR-364,421.1,Amanhecer,Decrescente,Céu Claro,Simples,Reta,-10.44704,-62.46425,DEL03-RO,Risco Médio,Alta
sábado,BR-101,307.0,Plena Noite,Decrescente,Nublado,Dupla,Não Informado,-20.39979,-40.45605,DEL01-ES,Risco Baixo,Alta
segunda-feira,BR-101,474.0,Pleno dia,Decrescente,Chuva,Simples,Curva,-22.99499,-44.2492,DEL03-RJ,Risco Médio,Alta
domingo,BR-277,634.4,Pleno dia,Crescente,Sol,Simples,Curva,-25.13574,-53.82605,DEL05-PR,Risco Alto,Média
domingo,BR-60,129.3,Pleno dia,Decrescente,Chuva,Dupla,Desvio Temporário,-16.5587,-49.1534,DEL01-GO,Risco Médio,Média
quarta-feira,BR-262,552.7,Amanhecer,Decrescente,Chuva,Simples,Curva,-20.26924,-56.3322,DEL03-MS,Risco Médio,Média
quarta-feira,BR-282,223.0,Plena Noite,Crescente,Céu Claro,Dupla,Não Informado,-27.7975,-50.353,DEL05-SC,Risco Médio,Baixa
sexta-feira,BR-101,293.0,Plena Noite,Crescente,Chuva,Dupla,Curva,-22.7562,-42.88724,DEL02-RJ,Risco Médio,Alta
segunda-feira,BR-304,292.5,Pleno dia,Crescente,Sol,Simples,Reta,-5.866667,-35.40051,DEL01-RN,Risco Baixo,Baixa
quinta-feira,BR-101,280.0,Pleno dia,Crescente,Sol,Dupla,Reta,-20.22526,-40.36193,DEL02-ES,Risco Baixo,Alta
terça-feira,BR-101,50.0,Pleno dia,Crescente,Nublado,Múltipla,Reta,-7.9071,-34.9022,DEL01-PE,Risco Baixo,Alta
quarta-feira,BR-369,161.0,Pleno dia,Decrescente,Céu Claro,Dupla,Reta,-23.28409,-51.24316,DEL07-PR,Risco Médio,Baixa
quarta-feira,BR-369,155.5,Pleno dia,Crescente,Céu Claro,Dupla,Reta,-23.2945,-51.21075,DEL07-PR,Risco Baixo,Baixa
segunda-feira,BR-116,208.0,Plena Noite,Decrescente,Nublado,Dupla,Não Informado,-23.4254,-46.40303,DEL01-SP,Risco Médio,Alta
domingo,BR-356,152.2,Pleno dia,Crescente,Céu Claro,Simples,Curva,-21.75886,-41.25302,DEL08-RJ,Risco Médio,Baixa
quarta-feira,BR-232,130.0,Plena Noite,Crescente,Céu Claro,Dupla,Interseção de vias,-8.299833,-35.98966,DEL02-PE,Risco Alto,Baixa
terça-feira,BR-116,165.0,Pleno dia,Decrescente,Sol,Múltipla,Reta,-22.8099,-43.3361,DEL01-RJ,Risco Médio,Alta
sábado,BR-262,372.0,Plena Noite,Crescente,Ignorado,Dupla,Reta,-19.9736,-44.31765,DEL01-MG,Risco Alto,Média
domingo,BR-414,438.2,Pleno dia,Crescente,Céu Claro,Simples,Reta,-16.26894,-48.93954,DEL02-GO,Risco Médio,Baixa
segunda-feira,BR-262,355.8,Plena Noite,Crescente,Céu Claro,Dupla,Reta,-19.96467,-44.17285,DEL01-MG,Risco Baixo,Média
sábado,BR-163,656.0,Plena Noite,Decrescente,Céu Claro,Simples,Reta,-19.10419,-54.77114,DEL06-MS,Risco Baixo,Alta
sábado,BR-410,19.0,Plena Noite,Decrescente,Céu Claro,Simples,Reta,-10.90591,-38.67589,DEL07-BA,Risco Baixo,Baixa
sexta-feira,BR-116,122.0,Pleno dia,Decrescente,Céu Claro,Dupla,Reta,-22.63512,-43.05581,DEL04-RJ,Risco Baixo,Alta
sexta-feira,BR-343,626.0,Pleno dia,Decrescente,Céu Claro,Simples,Reta,-6.972541,-43.25503,DEL03-PI,Risco Baixo,Baixa
sexta-feira,BR-20,8.5,Pleno dia,Crescente,Céu Claro,Dupla,Não Informado,-15.65839,-47.79153,DEL02-DF,Risco Médio,Baixa
segunda-feira,BR-232,130.4,Plena Noite,Decrescente,Céu Claro,Dupla,Reta,-8.301595,-35.99932,DEL02-PE,Risco Médio,Baixa
domingo,BR-116,457.0,Plena Noite,Crescente,Céu Claro,Dupla,Reta,-12.42487,-39.20549,DEL02-BA,Risco Médio,Alta
terça-feira,BR-277,62.0,Pleno dia,Decrescente,Céu Claro,Dupla,Reta,-25.56498,-49.00826,DEL01-PR,Risco Médio,Média
domingo,BR-381,499.0,Pleno dia,Crescente,Céu Claro,Dupla,Reta,-20.0033,-44.2125,DEL01-MG,Risco Baixo,Alta
sábado,BR-101,111.0,Plena Noite,Crescente,Ignorado,Simples,Reta,-12.16491,-38.41917,DEL01-BA,Risco Médio,Alta
segunda-feira,BR-364,603.8,Pleno dia,Decrescente,Céu Claro,Dupla,Reta,-9.198434,-63.18258,DEL01-RO,Risco Médio,Alta
quarta-feira,BR-262,192.5,Anoitecer,Decrescente,Nublado,Simples,Reta,-19.86935,-43.08349,DEL03-MG,Risco Médio,Média
sábado,BR-277,73.0,Plena Noite,Decrescente,Nevoeiro/Neblina,Dupla,Não Informado,-25.52124,-49.10648,DEL01-PR,Risco Médio,Média
quinta-feira,BR-470,249.5,Plena Noite,Crescente,Garoa/Chuvisco,Simples,Rotatória,-27.28326,-50.58488,DEL05-SC,Risco Médio,Baixa
segunda-feira,BR-304,36.0,Anoitecer,Crescente,Céu Claro,Múltipla,Viaduto,-5.168536,-37.3554,DEL04-RN,Risco Médio,Baixa
quarta-feira,BR-304,40.0,Anoitecer,Crescente,Céu Claro,Dupla,Reta,-5.196199,-37.3785,DEL04-RN,Risco Médio,Baixa
domingo,BR-101,291.0,Pleno dia,Crescente,Nublado,Múltipla,Reta,-28.28981,-48.70798,DEL02-SC,Risco Baixo,Alta
quinta-feira,BR-232,9.4,Pleno dia,Crescente,Céu Claro,Dupla,Reta,-8.07852,-34.98351,DEL01-PE,Risco Médio,Baixa
sexta-feira,BR-381,88.0,Plena Noite,Crescente,Céu Claro,Dupla,Reta,-23.45013,-46.56419,DEL03-SP,Risco Médio,Alta