dia_semana,br,km,fase_dia,sentido_via,condicao_metereologica,tipo_pista,tracado_via,latitude,longitude,delegacia,classificacao_acidente,postos_policiais_PRF
quinta-feira,BR-163,615.4,Pleno dia,Crescente,Céu Claro,Simples,Reta,-19.39851,-54.5658,DEL06-MS,Risco Médio,Alta
sexta-feira,BR-104,9.5,Pleno dia,Crescente,Céu Claro,Simples,Reta,-8.971085,-36.01805,DEL01-AL,Risco Alto,Baixa
quarta-feira,BR-316,96.0,Plena Noite,Decrescente,Chuva,Simples,Reta,-9.387187,-37.1525,DEL03-AL,Risco Baixo,Baixa
segunda-feira,BR-423,56.0,Pleno dia,Crescente,Céu Claro,Simples,Reta,-8.63338,-36.30541,DEL03-PE,Risco Baixo,Baixa
quarta-feira,BR-381,529.0,Plena Noite,Decrescente,Céu Claro,Dupla,Curva,-20.1634,-44.3397,DEL04-MG,Risco Baixo,Alta
sexta-feira,BR-101,210.0,Plena Noite,Crescente,Céu Claro,Dupla,Desvio Temporário,-27.6235,-48.6524,DEL01-SC,Risco Alto,Alta
terça-feira,BR-101,63.5,Pleno dia,Crescente,Chuva,Simples,Não Informado,-10.6951,-37.0438,DEL02-SE,Risco Baixo,Alta
domingo,BR-116,322.1,Plena Noite,Decrescente,Nublado,Dupla,Reta,-23.9348,-47.0256,DEL04-SP,Risco Alto,Alta
sábado,BR-116,163.0,Pleno dia,Crescente,Céu Claro,Dupla,Reta,-22.80273,-43.29042,DEL01-RJ,Risco Médio,Alta
quarta-feira,BR-116,171.0,Plena Noite,Decrescente,Céu Claro,Dupla,Reta,-22.80604,-43.3429,DEL01-RJ,Risco Médio,Alta
quinta-feira,BR-153,417.4,Pleno dia,Decrescente,Céu Claro,Simples,Reta,-16.151,-49.04475,DEL02-GO,Risco Alto,Alta
quinta-feira,BR-401,1.0,Pleno dia,Crescente,Céu Claro,Múltipla,Reta,2.802294,-60.68243,DEL01-RR,Risco Médio,Baixa
quinta-feira,BR-70,268.0,Pleno dia,Crescente,Nublado,Simples,Não Informado,-15.53677,-54.19778,DEL05-MT,Risco Baixo,Baixa
domingo,BR-230,231.9,Plena Noite,Crescente,Céu Claro,Simples,Reta,-7.0343,-36.4926,DEL02-PB,Risco Médio,Baixa
quinta-feira,BR-242,798.0,Plena Noite,Crescente,Céu Claro,Simples,Reta,-12.16785,-44.86772,DEL10-BA,Risco Baixo,Baixa
sexta-feira,BR-116,444.6,Plena Noite,Crescente,Nublado,Simples,Reta,-31.15085,-52.03074,DEL02-RS,Risco Baixo,Alta
sexta-feira,BR-101,88.1,Plena Noite,Decrescente,Céu Claro,Dupla,Reta,-26.65106,-48.68704,DEL03-SC,Risco Baixo,Alta
sábado,BR-40,515.0,Plena Noite,Crescente,Céu Claro,Dupla,Reta,-19.819,-44.0869,DEL01-MG,Risco Médio,Alta
domingo,BR-392,51.5,Anoitecer,Crescente,Céu Claro,Dupla,Reta,-31.85622,-52.32535,DEL07-RS,Risco Médio,Média
sábado,BR-101,568.3,Plena Noite,Decrescente,Céu Claro,Simples,Curva,-15.2588,-39.4587,DEL05-BA,Risco Médio,Alta
segunda-feira,BR-476,241.0,Pleno dia,Crescente,Sol,Simples,Curva,-25.85926,-50.0773,DEL02-PR,Risco Médio,Baixa
quarta-feira,BR-158,646.0,Plena Noite,Decrescente,Céu Claro,Simples,Reta,-14.62406,-52.35734,DEL07-MT,Risco Alto,Baixa
terça-feira,BR-381,563.0,Amanhecer,Decrescente,Céu Claro,Dupla,Não Informado,-20.40233,-44.50913,DEL04-MG,Risco Médio,Alta
quarta-feira,BR-101,167.0,Pleno dia,Crescente,Céu Claro,Dupla,Reta,-27.2703,-48.63177,DEL04-SC,Risco Baixo,Alta
domingo,BR-381,579.3,Amanhecer,Decrescente,Nevoeiro/Neblina,Dupla,Curva,-20.4775,-44.585,DEL04-MG,Risco Baixo,Alta
quarta-feira,BR-317,234.0,Plena Noite,Crescente,Nublado,Simples,Reta,-10.701,-68.3879,DEL01-AC,Risco Baixo,Baixa
terça-feira,BR-406,153.0,Anoitecer,Crescente,Céu Claro,Simples,Reta,-5.663652,-35.41112,DEL02-RN,Risco Médio,Baixa
terça-feira,BR-316,556.2,Plena Noite,Decrescente,Chuva,Simples,Reta,-4.879539,-43.31774,DEL03-MA,Risco Baixo,Baixa
domingo,BR-277,371.9,Pleno dia,Crescente,Chuva,Simples,Não Informado,-25.40738,-51.71121,DEL03-PR,Risco Médio,Média
terça-feira,BR-365,607.7,Pleno dia,Decrescente,Sol,Dupla,Reta,-18.91414,-48.174,DEL15-MG,Risco Médio,Média
domingo,BR-116,4.9,Plena Noite,Decrescente,Nevoeiro/Neblina,Dupla,Retorno Regulamentado,-25.3638,-49.08404,DEL01-PR,Risco Baixo,Alta
domingo,BR-262,81.7,Plena Noite,Decrescente,Garoa/Chuvisco,Simples,Curva,-20.40767,-40.94805,DEL01-ES,Risco Médio,Média
domingo,BR-101,199.9,Pleno dia,Decrescente,Chuva,Múltipla,Reta,-27.53944,-48.62333,DEL01-SC,Risco Médio,Alta
sexta-feira,BR-415,48.9,Pleno dia,Crescente,Céu Claro,Simples,Reta,-14.81574,-39.29612,DEL05-BA,Risco Médio,Baixa
domingo,BR-262,402.0,Pleno dia,Decrescente,Céu Claro,Dupla,Não Informado,-19.89743,-44.56209,DEL08-MG,Risco Baixo,Média
sexta-feira,BR-470,137.9,Plena Noite,Crescente,Chuva,Simples,Reta,-27.2032,-49.63506,DEL04-SC,Risco Médio,Baixa
sábado,BR-153,71.6,Amanhecer,Crescente,Céu Claro,Dupla,Reta,-20.85802,-49.40666,DEL09-SP,Risco Médio,Alta
quarta-feira,BR-210,3.0,Pleno dia,Decrescente,Céu Claro,Simples,Interseção de vias,0.08723365,-51.08569,DEL01-AP,Risco Baixo,Baixa
terça-feira,BR-101,60.9,Pleno dia,Crescente,Nublado,Dupla,Curva,-7.983443,-34.93177,DEL01-PE,Risco Médio,Alta
segunda-feira,BR-116,362.9,Plena Noite,Crescente,Nublado,Dupla,Curva,-24.13692,-47.27256,DEL04-SP,Risco Médio,Alta
segunda-feira,BR-116,595.0,Pleno dia,Decrescente,Céu Claro,Dupla,Reta,-13.17352,-39.99933,DEL03-BA,Risco Médio,Alta
domingo,BR-101,827.8,Pleno dia,Decrescente,Céu Claro,Simples,Curva,-17.34156,-39.63011,DEL09-BA,Risco Médio,Alta
sexta-feira,BR-116,199.0,Plena Noite,Crescente,Garoa/Chuvisco,Dupla,Não Informado,-23.40185,-46.31154,DEL01-SP,Risco Baixo,Alta
segunda-feira,BR-470,139.3,Anoitecer,Crescente,Céu Claro,Simples,Reta,-27.19013,-49.61967,DEL04-SC,Risco Médio,Baixa
domingo,BR-376,17.2,Plena Noite,Crescente,Céu Claro,Simples,Reta,-22.3128,-54.5874,DEL04-MS,Risco Médio,Baixa
quinta-feira,BR-101,214.4,Pleno dia,Decrescente,Céu Claro,Múltipla,Viaduto,-27.64443,-48.67057,DEL01-SC,Risco Médio,Alta
segunda-feira,BR-101,96.2,Plena Noite,Crescente,Céu Claro,Dupla,Reta,-7.230921,-34.92115,DEL01-PB,Risco Médio,Alta
domingo,BR-116,228.0,Pleno dia,Decrescente,Céu Claro,Dupla,Curva,-22.66566,-43.84923,DEL07-RJ,Risco Médio,Alta
quinta-feira,BR-364,711.5,Anoitecer,Crescente,Céu Claro,Múltipla,Reta,-8.779702,-63.86873,DEL01-RO,Risco Médio,Alta
quarta-feira,BR-222,237.0,Anoitecer,Decrescente,Céu Claro,Simples,Reta,-5.2824,-49.0741,DEL03-PA,Risco Médio,Baixa
sexta-feira,BR-20,49.0,Pleno dia,Crescente,Céu Claro,Múltipla,Reta,-15.5824,-47.43051,DEL02-DF,Risco Baixo,Baixa
sábado,BR-364,1062.0,Anoitecer,Decrescente,Nublado,Simples,Reta,-9.786353,-66.55164,DEL01-RO,Risco Alto,Alta
domingo,BR-70,529.0,Plena Noite,Decrescente,Chuva,Simples,Reta,-15.65775,-56.2076,DEL01-MT,Risco Médio,Baixa
sábado,BR-116,99.0,Plena Noite,Decrescente,Garoa/Chuvisco,Dupla,Reta,-25.52682,-49.14039,DEL01-PR,Risco Baixo,Alta
quinta-feira,BR-116,197.0,Pleno dia,Decrescente,Céu Claro,Dupla,Não Informado,-23.39439,-46.28803,DEL01-SP,Risco Baixo,Alta
domingo,BR-101,416.0,Amanhecer,Crescente,Nublado,Dupla,Reta,-28.96709,-49.52339,DEL02-SC,Risco Baixo,Alta
sexta-feira,BR-153,63.0,Plena Noite,Decrescente,Céu Claro,Dupla,Reta,-20.8208,-49.3575,DEL09-SP,Risco Baixo,Alta
terça-feira,BR-262,380.7,Pleno dia,Decrescente,Céu Claro,Dupla,Não Informado,-19.93579,-44.43684,DEL01-MG,Risco Médio,Média
quarta-feira,BR-282,606.0,Plena Noite,Crescente,Céu Claro,Simples,Não Informado,-26.77718,-53.2002,DEL07-SC,Risco Médio,Baixa
segunda-feira,BR-163,561.0,Plena Noite,Decrescente,Chuva,Simples,Não Informado,-14.23219,-56.11056,DEL01-MT,Risco Médio,Alta
terça-feira,BR-101,214.9,Pleno dia,Decrescente,Sol,Dupla,Reta,-27.64443,-48.67057,DEL01-SC,Risco Médio,Alta
quinta-feira,BR-367,26.8,Pleno dia,Decrescente,Céu Claro,Simples,Reta,-16.4307,-39.09563,DEL09-BA,Risco Médio,Baixa
domingo,BR-232,128.8,Plena Noite,Crescente,Chuva,Dupla,Reta,-8.303993,-35.97216,DEL02-PE,Risco Baixo,Baixa
quarta-feira,BR-476,112.0,Anoitecer,Crescente,Nublado,Simples,Reta,-25.31848,-49.159,DEL01-PR,Risco Baixo,Baixa
domingo,BR-232,210.8,Anoitecer,Crescente,Céu Claro,Simples,Reta,-8.365376,-36.69767,DEL03-PE,Risco Alto,Baixa
sábado,BR-101,215.0,Pleno dia,Crescente,Sol,Simples,Retorno Regulamentado,-19.83184,-40.38013,DEL02-ES,Risco Médio,Alta
domingo,BR-101,162.0,Amanhecer,Decrescente,Céu Claro,Simples,Reta,-27.22554,-48.62794,DEL04-SC,Risco Médio,Alta
sexta-feira,BR-343,264.5,Pleno dia,Crescente,Sol,Simples,Reta,-4.83647,-42.1669,DEL01-PI,Risco Médio,Baixa
segunda-feira,BR-101,412.0,Pleno dia,Decrescente,Céu Claro,Dupla,Reta,-28.93933,-49.49751,DEL02-SC,Risco Baixo,Alta
sábado,BR-376,681.0,Anoitecer,Crescente,Céu Claro,Dupla,Não Informado,-25.96597,-48.89663,DEL01-PR,Risco Médio,Baixa
domingo,BR-101,376.2,Pleno dia,Crescente,Nublado,Simples,Curva,-20.7984,-40.8238,DEL03-ES,Risco Médio,Alta
domingo,BR-101,3.2,Plena Noite,Crescente,Chuva,Dupla,Curva,-7.523874,-34.99333,DEL01-PE,Risco Médio,Alta
sexta-feira,BR-101,292.9,Pleno dia,Decrescente,Céu Claro,Dupla,Reta,-20.31625,-40.39561,DEL01-ES,Risco Médio,Alta
quarta-feira,BR-101,214.0,Amanhecer,Decrescente,Céu Claro,Múltipla,Reta,-27.64236,-48.66876,DEL01-SC,Risco Baixo,Alta
sábado,BR-116,139.0,Plena Noite,Decrescente,Nublado,Dupla,Reta,-22.64655,-43.20139,DEL02-RJ,Risco Médio,Alta
terça-feira,BR-101,70.0,Pleno dia,Crescente,Céu Claro,Dupla,Viaduto,-8.067761,-34.94265,DEL01-PE,Risco Médio,Alta
sábado,BR-20,408.1,Pleno dia,Crescente,Chuva,Dupla,Não Informado,-3.784406,-38.65611,DEL01-CE,Risco Alto,Baixa
quarta-feira,BR-116,82.7,Pleno dia,Crescente,Nublado,Dupla,Reta,-22.90919,-45.31883,DEL08-SP,Risco Médio,Alta
segunda-feira,BR-116,461.2,Pleno dia,Decrescente,Céu Claro,Simples,Não Informado,-12.44689,-39.24351,DEL02-BA,Risco Médio,Alta
quinta-feira,BR-153,648.0,Pleno dia,Crescente,Céu Claro,Simples,Reta,-11.51791,-49.01269,DEL02-TO,Risco Baixo,Alta
sábado,BR-153,12.0,Amanhecer,Decrescente,Céu Claro,Dupla,Reta,-18.52416,-49.1908,DEL15-MG,Risco Baixo,Alta
sexta-feira,BR-116,284.6,Pleno dia,Crescente,Sol,Dupla,Interseção de vias,-23.67986,-46.85884,DEL04-SP,Risco Médio,Alta
sábado,BR-365,691.0,Pleno dia,Decrescente,Sol,Dupla,Reta,-18.8769,-48.91253,DEL15-MG,Risco Médio,Média
quinta-feira,BR-101,144.0,Pleno dia,Crescente,Céu Claro,Simples,Rotatória,-22.21328,-41.75427,DEL08-RJ,Risco Médio,Alta
sexta-feira,BR-104,41.0,Plena Noite,Decrescente,Céu Claro,Simples,Reta,-9.204973,-36.03164,DEL01-AL,Risco Médio,Baixa
domingo,BR-116,127.3,Pleno dia,Decrescente,Nublado,Simples,Interseção de vias,-26.8727,-50.4155,DEL06-SC,Risco Médio,Alta
domingo,BR-376,590.0,Plena Noite,Decrescente,Céu Claro,Dupla,Reta,-25.45156,-49.36238,DEL01-PR,Risco Médio,Baixa
domingo,BR-101,37.6,Plena Noite,Decrescente,Céu Claro,Dupla,Não Informado,-7.797267,-34.92749,DEL01-PE,Risco Alto,Alta
domingo,BR-423,74.4,Pleno dia,Crescente,Chuva,Simples,Reta,-8.716704,-36.42229,DEL03-PE,Risco Médio,Baixa
sábado,BR-277,625.0,Pleno dia,Crescente,Nublado,Simples,Reta,-25.10778,-53.74934,DEL05-PR,Risco Médio,Média
segunda-feira,BR-153,303.3,Pleno dia,Crescente,Chuva,Simples,Reta,-8.560836,-48.48318,DEL02-TO,Risco Médio,Alta
sábado,BR-365,166.3,Plena Noite,Crescente,Céu Claro,Simples,Reta,-17.382,-44.97027,DEL12-MG,Risco Médio,Média
domingo,BR-277,108.9,Plena Noite,Crescente,Nublado,Dupla,Curva,-25.43786,-49.44578,DEL01-PR,Risco Médio,Média
quinta-feira,BR-282,424.9,Pleno dia,Crescente,Chuva,Simples,Curva,-26.98801,-51.75312,DEL07-SC,Risco Médio,Baixa
sexta-feira,BR-116,425.0,Amanhecer,Decrescente,Nevoeiro/Neblina,Simples,Reta,-12.23737,-38.98,DEL02-BA,Risco Médio,Alta
segunda-feira,BR-116,548.1,Plena Noite,Decrescente,Céu Claro,Simples,Curva,-19.95272,-42.13044,DEL06-MG,Risco Médio,Alta
domingo,BR-101,38.0,Plena Noite,Crescente,Chuva,Simples,Curva,-23.40938,-45.01933,DEL06-SP,Risco Médio,Alta
terça-feira,BR-101,313.2,Pleno dia,Crescente,Nublado,Dupla,Curva,-22.81124,-43.0719,DEL02-RJ,Risco Médio,Alta
terça-feira,BR-381,532.0,Pleno dia,Crescente,Chuva,Dupla,Curva,-20.1709,-44.3729,DEL04-MG,Risco Baixo,Alta
terça-feira,BR-101,783.9,Pleno dia,Crescente,Céu Claro,Simples,Não Informado,-16.83893,-39.48715,DEL09-BA,Risco Baixo,Alta
domingo,BR-459,106.2,Pleno dia,Crescente,Ignorado,Simples,Reta,-22.23387,-45.89814,DEL16-MG,Risco Médio,Baixa
quinta-feira,BR-277,689.5,Plena Noite,Crescente,Céu Claro,Dupla,Reta,-25.35059,-54.24065,DEL05-PR,Risco Alto,Média
sexta-feira,BR-262,812.0,Pleno dia,Decrescente,Nublado,Dupla,Reta,-19.76553,-48.11855,DEL13-MG,Risco Médio,Média
quarta-feira,BR-476,314.0,Pleno dia,Crescente,Sol,Simples,Reta,-25.89417,-50.37546,DEL02-PR,Risco Alto,Baixa
sexta-feira,BR-50,271.1,Plena Noite,Decrescente,Céu Claro,Dupla,Reta,-18.22214,-47.9727,DEL06-GO,Risco Médio,Média
sábado,BR-386,256.0,Pleno dia,Crescente,Céu Claro,Simples,Reta,-28.8715,-52.43914,DEL04-RS,Risco Médio,Média
domingo,BR-10,247.9,Plena Noite,Decrescente,Céu Claro,Simples,Reta,-5.566768,-47.44828,DEL04-MA,Risco Médio,Baixa
segunda-feira,BR-158,565.5,Plena Noite,Decrescente,Céu Claro,Simples,Reta,-30.87694,-55.5144,DEL11-RS,Risco Médio,Baixa
quinta-feira,BR-101,123.7,Pleno dia,Crescente,Céu Claro,Múltipla,Reta,-26.94153,-48.69382,DEL04-SC,Risco Médio,Alta
quarta-feira,BR-116,295.4,Pleno dia,Crescente,Céu Claro,Dupla,Reta,-30.07971,-51.34155,DEL02-RS,Risco Médio,Alta
terça-feira,BR-20,15.9,Pleno dia,Crescente,Céu Claro,Dupla,Reta,-15.6261,-47.72547,DEL02-DF,Risco Baixo,Baixa
domingo,BR-381,918.0,Pleno dia,Decrescente,Céu Claro,Dupla,Não Informado,-22.75568,-46.15052,DEL16-MG,Risco Médio,Alta
sábado,BR-40,406.0,Pleno dia,Decrescente,Céu Claro,Simples,Reta,-19.08329,-44.65463,DEL02-MG,Risco Médio,Alta
sábado,BR-230,12.0,Plena Noite,Decrescente,Céu Claro,Dupla,Reta,-7.068,-34.85,DEL01-PB,Risco Médio,Baixa
terça-feira,BR-356,49.0,Pleno dia,Crescente,Céu Claro,Simples,Curva,-21.25301,-41.78326,DEL08-RJ,Risco Alto,Baixa
domingo,BR-280,231.8,Plena Noite,Crescente,Garoa/Chuvisco,Simples,Não Informado,-26.18989,-50.37847,DEL06-SC,Risco Médio,Baixa
segunda-feira,BR-381,747.5,Pleno dia,Decrescente,Sol,Dupla,Não Informado,-21.64809,-45.29857,DEL16-MG,Risco Médio,Alta
sexta-feira,BR-116,353.5,Pleno dia,Crescente,Nublado,Simples,Reta,-30.56585,-51.52133,DEL02-RS,Risco Médio,Alta
quarta-feira,BR-116,47.6,Anoitecer,Decrescente,Céu Claro,Dupla,Reta,-22.72276,-45.0657,DEL08-SP,Risco Médio,Alta
domingo,BR-222,617.0,Pleno dia,Crescente,Chuva,Simples,Desvio Temporário,-4.717068,-47.00209,DEL04-MA,Risco Baixo,Baixa
domingo,BR-40,474.0,Pleno dia,Decrescente,Nublado,Dupla,Não Informado,-19.49805,-44.2793,DEL02-MG,Risco Médio,Alta
sexta-feira,BR-470,54.6,Pleno dia,Crescente,Nublado,Simples,Interseção de vias,-26.87324,-49.11414,DEL04-SC,Risco Médio,Baixa
terça-feira,BR-262,105.0,Anoitecer,Crescente,Chuva,Dupla,Reta,-20.32575,-41.13623,DEL01-ES,Risco Médio,Média
segunda-feira,BR-116,543.0,Plena Noite,Decrescente,Nublado,Simples,Reta,-31.82729,-52.54497,DEL07-RS,Risco Baixo,Alta
sábado,BR-116,416.9,Anoitecer,Decrescente,Céu Claro,Simples,Curva,-18.8963,-41.94774,DEL06-MG,Risco Médio,Alta
sexta-feira,BR-381,876.5,Plena Noite,Decrescente,Chuva,Dupla,Reta,-22.43793,-45.98372,DEL16-MG,Risco Baixo,Alta
domingo,BR-230,75.2,Anoitecer,Decrescente,Céu Claro,Dupla,Reta,-7.1908,-35.2682,DEL01-PB,Risco Alto,Baixa
sexta-feira,BR-158,0.0,Pleno dia,Crescente,Céu Claro,Simples,Rotatória,-30.87451,-55.51175,DEL08-RS,Risco Médio,Baixa
sábado,BR-153,142.0,Amanhecer,Crescente,Céu Claro,Dupla,Reta,-7.182288,-48.2258,DEL02-TO,Risco Baixo,Alta
segunda-feira,BR-280,165.5,Plena Noite,Crescente,Nublado,Simples,Curva,-26.18505,-49.81197,DEL06-SC,Risco Médio,Baixa
sábado,BR-101,257.0,Pleno dia,Crescente,Céu Claro,Dupla,Reta,-20.11912,-40.31101,DEL02-ES,Risco Médio,Alta
sábado,BR-277,639.7,Plena Noite,Crescente,Céu Claro,Simples,Reta,-25.16935,-53.85957,DEL05-PR,Risco Médio,Média
sábado,BR-101,404.0,Plena Noite,Decrescente,Céu Claro,Dupla,Reta,-22.86343,-43.79642,DEL01-RJ,Risco Alto,Alta
domingo,BR-101,190.5,Pleno dia,Decrescente,Garoa/Chuvisco,Dupla,Curva,-27.4775,-48.6413,DEL01-SC,Risco Médio,Alta
quarta-feira,BR-163,982.0,Pleno dia,Decrescente,Sol,Simples,Rotatória,-10.60478,-55.1076,DEL06-MT,Risco Médio,Alta
quinta-feira,BR-116,221.2,Plena Noite,Decrescente,Nublado,Múltipla,Reta,-23.46802,-46.50705,DEL01-SP,Risco Médio,Alta
terça-feira,BR-40,0.4,Plena Noite,Decrescente,Chuva,Dupla,Reta,-15.97977,-47.98896,DEL01-DF,Risco Médio,Alta
terça-feira,BR-392,7.8,Pleno dia,Crescente,Chuva,Simples,Reta,-32.10053,-52.1103,DEL07-RS,Risco Médio,Média
terça-feira,BR-324,537.0,Pleno dia,Decrescente,Céu Claro,Dupla,Interseção de vias,-12.37746,-38.80251,DEL01-BA,Risco Médio,Baixa
segunda-feira,BR-153,506.0,Pleno dia,Crescente,Céu Claro,Dupla,Reta,-16.76031,-49.24015,DEL01-GO,Risco Baixo,Alta
sexta-feira,BR-381,54.0,Pleno dia,Decrescente,Chuva,Dupla,Curva,-23.24491,-46.59562,DEL03-SP,Risco Médio,Alta
segunda-feira,BR-163,832.5,Plena Noite,Crescente,Céu Claro,Simples,Retorno Regulamentado,-11.88174,-55.50064,DEL06-MT,Risco Médio,Alta
terça-feira,BR-153,341.0,Pleno dia,Decrescente,Nublado,Dupla,Ponte,-22.94146,-49.91173,DEL07-SP,Risco Baixo,Alta
sexta-feira,BR-262,496.1,Plena Noite,Decrescente,Céu Claro,Simples,Reta,-20.50257,-55.87189,DEL03-MS,Risco Médio,Média
quinta-feira,BR-135,401.2,Anoitecer,Decrescente,Céu Claro,Simples,Reta,-9.404148,-44.59012,DEL03-PI,Risco Baixo,Baixa
quinta-feira,BR-116,178.0,Pleno dia,Crescente,Sol,Simples,Curva,-29.3492,-51.13822,DEL05-RS,Risco Baixo,Alta
domingo,BR-101,158.1,Plena Noite,Decrescente,Nublado,Dupla,Reta,-27.19096,-48.61259,DEL04-SC,Risco Médio,Alta
quinta-feira,BR-364,694.0,Plena Noite,Crescente,Céu Claro,Dupla,Reta,-8.797872,-63.70321,DEL01-RO,Risco Baixo,Alta
quarta-feira,BR-101,327.0,Pleno dia,Decrescente,Garoa/Chuvisco,Múltipla,Interseção de vias,-28.43023,-48.95205,DEL02-SC,Risco Médio,Alta
sábado,BR-365,23.3,Plena Noite,Crescente,Céu Claro,Simples,Reta,-16.86307,-44.02782,DEL12-MG,Risco Médio,Média
segunda-feira,BR-376,657.0,Pleno dia,Decrescente,Garoa/Chuvisco,Dupla,Curva,-25.84354,-49.01464,DEL01-PR,Risco Médio,Baixa
domingo,BR-116,223.0,Pleno dia,Decrescente,Céu Claro,Dupla,Reta,-23.4756,-46.52466,DEL01-SP,Risco Médio,Alta
domingo,BR-386,347.3,Plena Noite,Decrescente,Céu Claro,Dupla,Reta,-29.45174,-51.96589,DEL04-RS,Risco Médio,Média
domingo,BR-40,12.0,Plena Noite,Crescente,Céu Claro,Dupla,Reta,-16.14751,-47.9433,DEL01-DF,Risco Baixo,Alta
segunda-feira,BR-153,364.0,Pleno dia,Crescente,Céu Claro,Simples,Reta,-15.79496,-49.30125,DEL02-GO,Risco Baixo,Alta
domingo,BR-163,195.0,Plena Noite,Crescente,Nublado,Dupla,Curva,-22.74809,-54.78914,DEL04-MS,Risco Médio,Alta
sexta-feira,BR-70,301.0,Pleno dia,Crescente,Céu Claro,Simples,Reta,-15.57828,-54.48051,DEL05-MT,Risco Baixo,Baixa
terça-feira,BR-146,488.1,Plena Noite,Decrescente,Céu Claro,Simples,Não Informado,-21.60903,-46.41092,DEL09-MG,Risco Baixo,Baixa
quarta-feira,BR-163,686.0,Plena Noite,Crescente,Céu Claro,Simples,Reta,-13.0834,-55.9407,DEL06-MT,Risco Baixo,Alta
segunda-feira,BR-392,5.3,Pleno dia,Decrescente,Céu Claro,Simples,Reta,-32.07695,-52.10172,DEL07-RS,Risco Médio,Média
segunda-feira,BR-369,522.8,Pleno dia,Crescente,Sol,Simples,Reta,-24.9408,-53.3978,DEL04-PR,Risco Médio,Baixa
quarta-feira,BR-365,489.8,Pleno dia,Crescente,Céu Claro,Simples,Reta,-18.90109,-46.95351,DEL10-MG,Risco Médio,Média
segunda-feira,BR-470,140.9,Pleno dia,Decrescente,Céu Claro,Simples,Não Informado,-27.20721,-49.64848,DEL04-SC,Risco Médio,Baixa
terça-feira,BR-242,787.0,Plena Noite,Crescente,Céu Claro,Simples,Reta,-12.11494,-44.95555,DEL10-BA,Risco Baixo,Baixa
sábado,BR-230,240.0,Plena Noite,Crescente,Céu Claro,Simples,Reta,-7.0634,-36.563,DEL02-PB,Risco Médio,Baixa
domingo,BR-373,231.7,Pleno dia,Crescente,Chuva,Simples,Reta,-25.18288,-50.67781,DEL03-PR,Risco Baixo,Baixa
sexta-feira,BR-277,431.0,Pleno dia,Decrescente,Céu Claro,Simples,Curva,-25.3784,-52.20277,DEL04-PR,Risco Baixo,Média
sábado,BR-381,885.9,Pleno dia,Crescente,Céu Claro,Dupla,Reta,-22.51111,-46.01868,DEL16-MG,Risco Baixo,Alta
sábado,BR-304,49.5,Pleno dia,Crescente,Céu Claro,Dupla,Não Informado,-4.5751,-37.79824,DEL03-CE,Risco Médio,Baixa
terça-feira,BR-386,427.8,Plena Noite,Decrescente,Chuva,Simples,Túnel,-29.82315,-51.34993,DEL04-RS,Risco Médio,Média
quinta-feira,BR-40,739.7,Pleno dia,Decrescente,Céu Claro,Simples,Curva,-21.4275,-43.55607,DEL05-MG,Risco Médio,Alta
quarta-feira,BR-282,16.8,Pleno dia,Crescente,Céu Claro,Simples,Reta,-27.66507,-48.68747,DEL01-SC,Risco Médio,Baixa
domingo,BR-280,31.9,Pleno dia,Decrescente,Nublado,Simples,Não Informado,-26.41995,-48.77877,DEL03-SC,Risco Médio,Baixa
domingo,BR-470,2.5,Pleno dia,Decrescente,Céu Claro,Dupla,Reta,-26.86855,-48.67483,DEL04-SC,Risco Médio,Baixa
sexta-feira,BR-230,405.0,Anoitecer,Crescente,Céu Claro,Simples,Reta,-7.521334,-46.04969,DEL05-MA,Risco Médio,Baixa
sábado,BR-101,54.6,Pleno dia,Decrescente,Sol,Simples,Rotatória,-7.939611,-34.90357,DEL01-PE,Risco Médio,Alta
sábado,BR-230,119.0,Anoitecer,Decrescente,Céu Claro,Dupla,Reta,-7.2423,-35.6312,DEL02-PB,Risco Baixo,Baixa
quinta-feira,BR-435,83.0,Plena Noite,Decrescente,Céu Claro,Dupla,Não Informado,-13.11902,-60.53192,DEL04-RO,Risco Médio,Baixa
sábado,BR-158,663.0,Pleno dia,Crescente,Céu Claro,Simples,Reta,-14.76891,-52.32651,DEL07-MT,Risco Baixo,Baixa
segunda-feira,BR-470,135.0,Pleno dia,Crescente,Céu Claro,Simples,Reta,-27.18849,-49.61232,DEL04-SC,Risco Médio,Baixa
domingo,BR-277,70.0,Plena Noite,Decrescente,Garoa/Chuvisco,Dupla,Reta,-25.53318,-49.0797,DEL01-PR,Risco Baixo,Média
domingo,BR-280,32.9,Pleno dia,Crescente,Nublado,Simples,Reta,-26.42062,-48.77934,DEL03-SC,Risco Médio,Baixa
quarta-feira,BR-10,316.4,Plena Noite,Decrescente,Céu Claro,Simples,Não Informado,-4.982702,-47.52222,DEL04-MA,Risco Alto,Baixa
quinta-feira,BR-116,25.0,Pleno dia,Crescente,Céu Claro,Simples,Rotatória,-8.061417,-39.13598,DEL05-PE,Risco Médio,Alta
domingo,BR-20,238.4,Anoitecer,Crescente,Nublado,Simples,Reta,-14.04779,-46.2719,DEL02-DF,Risco Médio,Baixa
segunda-feira,BR-282,46.0,Plena Noite,Decrescente,Nublado,Simples,Curva,-27.6969,-48.96469,DEL01-SC,Risco Médio,Baixa
quinta-feira,BR-153,506.1,Anoitecer,Crescente,Nublado,Múltipla,Reta,-16.7633,-49.24,DEL01-GO,Risco Médio,Alta