dia_semana,br,km,fase_dia,sentido_via,condicao_metereologica,tipo_pista,tracado_via,latitude,longitude,delegacia,classificacao_acidente,postos_policiais_PRF
sexta-feira,BR-251,440.0,Plena Noite,Decrescente,Nublado,Simples,Não Informado,-16.40655,-43.228,DEL12-MG,Risco Médio,Baixa
segunda-feira,BR-80,15.0,Pleno dia,Crescente,Céu Claro,Simples,Desvio Temporário,-15.71001,-48.19949,DEL01-DF,Risco Médio,Baixa
terça-feira,BR-282,159.0,Pleno dia,Crescente,Nublado,Simples,Reta,-27.73749,-49.74404,DEL05-SC,Risco Médio,Baixa
quinta-feira,BR-116,113.3,Plena Noite,Decrescente,Céu Claro,Dupla,Reta,-25.54784,-49.28803,DEL01-PR,Risco Alto,Alta
sexta-feira,BR-285,235.4,Plena Noite,Decrescente,Céu Claro,Simples,Reta,-28.25163,-51.83282,DEL08-RS,Risco Alto,Baixa
sábado,BR-262,176.7,Pleno dia,Decrescente,Céu Claro,Simples,Curva,-20.27596,-41.63802,DEL01-ES,Risco Médio,Média
sexta-feira,BR-282,57.0,Plena Noite,Crescente,Chuva,Simples,Curva,-27.68319,-49.00589,DEL01-SC,Risco Baixo,Baixa
quarta-feira,BR-376,4.3,Pleno dia,Crescente,Céu Claro,Simples,Interseção de vias,-23.5513,-51.46127,DEL07-PR,Risco Médio,Baixa
sexta-feira,BR-376,652.0,Pleno dia,Decrescente,Chuva,Dupla,Curva,-25.84053,-49.044,DEL01-PR,Risco Médio,Baixa
domingo,BR-116,303.0,Pleno dia,Crescente,Nublado,Dupla,Reta,-22.45863,-44.43317,DEL07-RJ,Risco Médio,Alta
quarta-feira,BR-369,162.3,Plena Noite,Crescente,Nublado,Dupla,Desvio Temporário,-23.29495,-51.27035,DEL07-PR,Risco Médio,Baixa
quinta-feira,BR-415,53.1,Plena Noite,Crescente,Garoa/Chuvisco,Simples,Reta,-14.84336,-39.33465,DEL05-BA,Risco Médio,Baixa
domingo,BR-226,1.0,Plena Noite,Crescente,Céu Claro,Simples,Não Informado,-6.561846,-47.46742,DEL02-TO,Risco Médio,Baixa
sábado,BR-365,487.2,Plena Noite,Crescente,Céu Claro,Simples,Curva,-18.89567,-47.11539,DEL10-MG,Risco Alto,Média
sexta-feira,BR-20,3.0,Plena Noite,Crescente,Céu Claro,Dupla,Não Informado,-15.67985,-47.83221,DEL02-DF,Risco Médio,Baixa
sexta-feira,BR-392,35.5,Pleno dia,Decrescente,Céu Claro,Dupla,Curva,-31.98711,-52.28782,DEL07-RS,Risco Baixo,Média
domingo,BR-476,273.9,Plena Noite,Crescente,Nublado,Simples,Curva,-25.89293,-50.37807,DEL02-PR,Risco Médio,Baixa
segunda-feira,BR-316,47.9,Pleno dia,Decrescente,Céu Claro,Dupla,Reta,-1.295289,-48.05207,DEL01-PA,Risco Médio,Baixa
sábado,BR-101,494.0,Pleno dia,Crescente,Céu Claro,Simples,Reta,-22.93753,-44.31852,DEL03-RJ,Risco Médio,Alta
terça-feira,BR-101,183.7,Anoitecer,Decrescente,Chuva,Dupla,Reta,-27.41323,-48.62724,DEL01-SC,Risco Médio,Alta
sexta-feira,BR-50,142.8,Amanhecer,Crescente,Chuva,Dupla,Reta,-17.11032,-47.72048,DEL06-GO,Risco Médio,Média
segunda-feira,BR-153,512.0,Pleno dia,Decrescente,Céu Claro,Dupla,Reta,-16.8156,-49.2402,DEL01-GO,Risco Médio,Alta
terça-feira,BR-116,248.0,Anoitecer,Crescente,Chuva,Simples,Interseção de vias,-29.77606,-51.15509,DEL01-RS,Risco Médio,Alta
domingo,BR-153,419.5,Plena Noite,Crescente,Céu Claro,Dupla,Reta,-16.16876,-49.04319,DEL02-GO,Risco Baixo,Alta
domingo,BR-232,68.6,Pleno dia,Decrescente,Céu Claro,Dupla,Curva,-8.167289,-35.47308,DEL02-PE,Risco Médio,Baixa
sábado,BR-153,240.8,Pleno dia,Decrescente,Céu Claro,Simples,Reta,-7.994203,-48.46468,DEL02-TO,Risco Baixo,Alta
quinta-feira,BR-116,262.0,Plena Noite,Crescente,Céu Claro,Dupla,Reta,-29.89647,-51.17593,DEL01-RS,Risco Médio,Alta
sexta-feira,BR-365,626.0,Pleno dia,Crescente,Céu Claro,Dupla,Reta,-18.90659,-48.33469,DEL15-MG,Risco Médio,Média
sábado,BR-70,386.0,Plena Noite,Crescente,Ignorado,Simples,Reta,-15.59907,-55.18687,DEL05-MT,Risco Alto,Baixa
sexta-feira,BR-381,490.1,Pleno dia,Decrescente,Sol,Múltipla,Reta,-19.95754,-44.14986,DEL01-MG,Risco Baixo,Alta
quarta-feira,BR-324,576.0,Plena Noite,Crescente,Céu Claro,Dupla,Reta,-12.57834,-38.5379,DEL01-BA,Risco Médio,Baixa
quarta-feira,BR-101,41.5,Pleno dia,Crescente,Sol,Dupla,Reta,-6.852197,-35.13499,DEL01-PB,Risco Médio,Alta
sábado,BR-459,103.8,Plena Noite,Decrescente,Nublado,Dupla,Não Informado,-22.23384,-45.89796,DEL16-MG,Risco Médio,Baixa
terça-feira,BR-277,653.6,Pleno dia,Decrescente,Céu Claro,Simples,Reta,-25.21335,-53.95144,DEL05-PR,Risco Médio,Média
sábado,BR-116,65.0,Plena Noite,Decrescente,Céu Claro,Simples,Reta,-22.82327,-45.19281,DEL08-SP,Risco Médio,Alta
sábado,BR-376,351.9,Pleno dia,Decrescente,Céu Claro,Simples,Reta,-24.21894,-50.93442,DEL03-PR,Risco Médio,Baixa
segunda-feira,BR-101,304.6,Pleno dia,Decrescente,Sol,Dupla,Reta,-20.38006,-40.45431,DEL01-ES,Risco Médio,Alta
segunda-feira,BR-262,802.0,Pleno dia,Crescente,Chuva,Dupla,Reta,-19.77923,-47.96484,DEL13-MG,Risco Médio,Média
sexta-feira,BR-232,9.5,Pleno dia,Crescente,Nublado,Dupla,Reta,-8.078552,-34.98359,DEL01-PE,Risco Médio,Baixa
domingo,BR-10,352.0,Pleno dia,Crescente,Sol,Simples,Reta,-1.356462,-47.57423,DEL01-PA,Risco Baixo,Baixa
segunda-feira,BR-158,152.3,Plena Noite,Crescente,Garoa/Chuvisco,Simples,Interseção de vias,-28.29805,-53.48528,DEL10-RS,Risco Baixo,Baixa
sábado,BR-101,87.0,Anoitecer,Crescente,Céu Claro,Dupla,Curva,-7.158868,-34.90629,DEL01-PB,Risco Médio,Alta
sábado,BR-101,37.0,Pleno dia,Crescente,Céu Claro,Dupla,Reta,-7.797267,-34.92749,DEL01-PE,Risco Médio,Alta
domingo,BR-104,133.0,Pleno dia,Crescente,Nublado,Simples,Reta,-7.323266,-35.89612,DEL02-PB,Risco Baixo,Baixa
quinta-feira,BR-316,8.4,Pleno dia,Crescente,Sol,Dupla,Reta,-1.366917,-48.37192,DEL01-PA,Risco Médio,Baixa
segunda-feira,BR-316,611.0,Pleno dia,Decrescente,Céu Claro,Múltipla,Desvio Temporário,-5.069847,-42.87663,DEL03-MA,Risco Alto,Baixa
domingo,BR-116,311.5,Plena Noite,Crescente,Nublado,Dupla,Reta,-23.87738,-46.96818,DEL04-SP,Risco Alto,Alta
sábado,BR-381,277.4,Plena Noite,Decrescente,Nublado,Simples,Curva,-19.55372,-42.70941,DEL03-MG,Risco Médio,Alta
domingo,BR-116,136.6,Plena Noite,Crescente,Céu Claro,Dupla,Reta,-22.64703,-43.22047,DEL04-RJ,Risco Médio,Alta
sexta-feira,BR-232,512.0,Pleno dia,Decrescente,Céu Claro,Simples,Reta,-8.053791,-39.10583,DEL05-PE,Risco Médio,Baixa
sábado,BR-40,734.9,Pleno dia,Decrescente,Chuva,Simples,Curva,-21.36248,-43.57519,DEL05-MG,Risco Alto,Alta
quarta-feira,BR-282,1.9,Pleno dia,Decrescente,Sol,Dupla,Reta,-27.60296,-48.58051,DEL01-SC,Risco Médio,Baixa
domingo,BR-324,548.8,Pleno dia,Crescente,Céu Claro,Dupla,Reta,-12.43926,-38.72406,DEL01-BA,Risco Médio,Baixa
terça-feira,BR-210,2.0,Pleno dia,Crescente,Céu Claro,Dupla,Reta,0.082879,-51.07785,DEL01-AP,Risco Médio,Baixa
domingo,BR-101,85.0,Pleno dia,Crescente,Nublado,Dupla,Não Informado,-7.145382,-34.91663,DEL01-PB,Risco Médio,Alta
sexta-feira,BR-376,593.0,Pleno dia,Crescente,Céu Claro,Dupla,Reta,-25.47643,-49.35092,DEL01-PR,Risco Médio,Baixa
sexta-feira,BR-242,590.0,Pleno dia,Crescente,Céu Claro,Simples,Reta,-12.16162,-43.28906,DEL10-BA,Risco Médio,Baixa
sexta-feira,BR-101,71.8,Pleno dia,Crescente,Sol,Dupla,Reta,-10.74265,-37.09335,DEL01-SE,Risco Médio,Alta
sábado,BR-251,471.8,Pleno dia,Crescente,Garoa/Chuvisco,Simples,Não Informado,-16.46801,-43.43121,DEL12-MG,Risco Médio,Baixa
domingo,BR-381,490.5,Pleno dia,Decrescente,Céu Claro,Múltipla,Reta,-19.95656,-44.14748,DEL01-MG,Risco Médio,Alta
terça-feira,BR-376,674.1,Pleno dia,Crescente,Sol,Dupla,Curva,-25.91963,-48.91859,DEL01-PR,Risco Médio,Baixa
sexta-feira,BR-153,498.3,Pleno dia,Crescente,Nublado,Dupla,Reta,-16.6939,-49.2321,DEL01-GO,Risco Médio,Alta
segunda-feira,BR-470,141.3,Pleno dia,Decrescente,Nublado,Simples,Curva,-27.21056,-49.65165,DEL04-SC,Risco Médio,Baixa
sexta-feira,BR-116,416.5,Plena Noite,Decrescente,Céu Claro,Simples,Reta,-18.89215,-41.947,DEL06-MG,Risco Médio,Alta
sexta-feira,BR-101,50.0,Pleno dia,Crescente,Sol,Múltipla,Reta,-7.9148,-34.8984,DEL01-PE,Risco Médio,Alta
domingo,BR-20,210.6,Plena Noite,Crescente,Céu Claro,Simples,Reta,-14.26892,-46.3802,DEL02-DF,Risco Médio,Baixa
domingo,BR-20,186.0,Plena Noite,Crescente,Chuva,Simples,Reta,-14.39942,-46.45037,DEL02-DF,Risco Médio,Baixa
quinta-feira,BR-282,395.0,Plena Noite,Crescente,Céu Claro,Simples,Curva,-27.15689,-51.59208,DEL07-SC,Risco Baixo,Baixa
segunda-feira,BR-135,350.0,Pleno dia,Crescente,Céu Claro,Simples,Não Informado,-9.075595,-44.34774,DEL03-PI,Risco Médio,Baixa
segunda-feira,BR-470,158.0,Pleno dia,Decrescente,Sol,Simples,Rotatória,-27.28702,-49.77839,DEL04-SC,Risco Médio,Baixa
terça-feira,BR-470,172.8,Plena Noite,Crescente,Nublado,Múltipla,Reta,-27.26326,-49.89668,DEL04-SC,Risco Médio,Baixa
domingo,BR-116,228.0,Plena Noite,Decrescente,Céu Claro,Simples,Reta,-10.61453,-38.96799,DEL07-BA,Risco Médio,Alta
domingo,BR-280,165.9,Plena Noite,Decrescente,Chuva,Simples,Reta,-26.18505,-49.81197,DEL06-SC,Risco Médio,Baixa
segunda-feira,BR-116,168.7,Pleno dia,Crescente,Céu Claro,Dupla,Reta,-23.30546,-46.03568,DEL02-SP,Risco Médio,Alta
quarta-feira,BR-40,105.0,Anoitecer,Crescente,Céu Claro,Simples,Não Informado,-22.63785,-43.28429,DEL01-RJ,Risco Médio,Alta
terça-feira,BR-304,28.4,Amanhecer,Crescente,Céu Claro,Simples,Reta,-4.582831,-37.95952,DEL03-CE,Risco Alto,Baixa
domingo,BR-135,20.2,Pleno dia,Crescente,Céu Claro,Dupla,Reta,-2.565952,-44.32795,DEL01-MA,Risco Médio,Baixa
quinta-feira,BR-163,478.3,Plena Noite,Decrescente,Nublado,Simples,Reta,-20.49486,-54.55922,DEL01-MS,Risco Médio,Alta
sexta-feira,BR-386,93.4,Anoitecer,Decrescente,Chuva,Simples,Reta,-27.73442,-53.16963,DEL08-RS,Risco Médio,Média
terça-feira,BR-376,4.3,Pleno dia,Crescente,Céu Claro,Simples,Interseção de vias,-22.22976,-54.66181,DEL04-MS,Risco Baixo,Baixa
sábado,BR-101,505.0,Pleno dia,Crescente,Céu Claro,Simples,Não Informado,-14.80003,-39.29097,DEL05-BA,Risco Médio,Alta
terça-feira,BR-116,220.2,Plena Noite,Crescente,Nublado,Múltipla,Reta,-23.46444,-46.49786,DEL01-SP,Risco Médio,Alta
quarta-feira,BR-282,618.0,Pleno dia,Decrescente,Sol,Simples,Reta,-26.78926,-53.29393,DEL07-SC,Risco Médio,Baixa
quinta-feira,BR-423,18.0,Pleno dia,Crescente,Céu Claro,Dupla,Interseção de vias,-8.330331,-36.1447,DEL02-PE,Risco Baixo,Baixa
sexta-feira,BR-116,307.0,Pleno dia,Crescente,Garoa/Chuvisco,Dupla,Curva,-23.8557,-46.9406,DEL04-SP,Risco Baixo,Alta
terça-feira,BR-361,30.5,Anoitecer,Crescente,Céu Claro,Simples,Reta,-7.086992,-37.50979,DEL03-PB,Risco Médio,Baixa
quinta-feira,BR-230,69.8,Pleno dia,Decrescente,Céu Claro,Simples,Reta,-6.192219,-47.85988,DEL02-TO,Risco Médio,Baixa
domingo,BR-101,79.2,Plena Noite,Crescente,Nublado,Dupla,Não Informado,-8.143661,-34.94723,DEL01-PE,Risco Médio,Alta
domingo,BR-319,59.0,Pleno dia,Decrescente,Chuva,Simples,Curva,-8.743597,-63.94876,DEL01-RO,Risco Médio,Baixa
sexta-feira,BR-222,239.4,Pleno dia,Crescente,Céu Claro,Simples,Reta,-5.302089,-49.0723,DEL03-PA,Risco Médio,Baixa
terça-feira,BR-101,144.0,Pleno dia,Crescente,Céu Claro,Múltipla,Reta,-27.07327,-48.59673,DEL04-SC,Risco Médio,Alta
sexta-feira,BR-153,417.5,Anoitecer,Decrescente,Céu Claro,Simples,Não Informado,-16.151,-49.04475,DEL02-GO,Risco Médio,Alta
quinta-feira,BR-116,26.3,Pleno dia,Decrescente,Nublado,Simples,Reta,-26.28815,-49.93703,DEL06-SC,Risco Baixo,Alta
quinta-feira,BR-116,154.0,Plena Noite,Crescente,Céu Claro,Simples,Reta,-29.19075,-51.18074,DEL05-RS,Risco Médio,Alta
sexta-feira,BR-101,75.9,Pleno dia,Crescente,Céu Claro,Dupla,Viaduto,-8.109735,-34.9466,DEL01-PE,Risco Médio,Alta
sábado,BR-153,511.0,Plena Noite,Crescente,Céu Claro,Dupla,Reta,-16.7977,-49.2386,DEL01-GO,Risco Médio,Alta
quarta-feira,BR-242,416.0,Plena Noite,Decrescente,Nublado,Simples,Ponte,-12.42835,-41.77706,DEL06-BA,Risco Baixo,Baixa
domingo,BR-470,116.0,Pleno dia,Decrescente,Nublado,Simples,Não Informado,-27.07918,-49.49904,DEL04-SC,Risco Médio,Baixa
quinta-feira,BR-316,148.7,Plena Noite,Crescente,Céu Claro,Simples,Reta,-9.407182,-36.68907,DEL03-AL,Risco Médio,Baixa
terça-feira,BR-70,8.0,Plena Noite,Crescente,Céu Claro,Dupla,Não Informado,-15.78497,-48.12211,DEL01-DF,Risco Médio,Baixa
quarta-feira,BR-101,316.0,Pleno dia,Crescente,Céu Claro,Dupla,Reta,-22.79044,-43.02352,DEL02-RJ,Risco Médio,Alta
sexta-feira,BR-116,210.0,Pleno dia,Decrescente,Céu Claro,Simples,Reta,-23.46326,-46.53373,DEL01-SP,Risco Médio,Alta
sexta-feira,BR-376,546.0,Pleno dia,Decrescente,Chuva,Dupla,Reta,-25.39703,-49.79217,DEL01-PR,Risco Baixo,Baixa
domingo,BR-222,89.0,Pleno dia,Crescente,Nublado,Simples,Reta,-3.677995,-39.3474,DEL04-CE,Risco Médio,Baixa
quinta-feira,BR-163,26.0,Pleno dia,Crescente,Céu Claro,Simples,Não Informado,-26.11876,-53.68104,DEL02-PR,Risco Médio,Alta
segunda-feira,BR-381,228.5,Pleno dia,Crescente,Chuva,Dupla,Reta,-19.31949,-42.40414,DEL06-MG,Risco Baixo,Alta
segunda-feira,BR-282,511.1,Plena Noite,Decrescente,Céu Claro,Simples,Curva,-26.90343,-52.4627,DEL07-SC,Risco Baixo,Baixa
domingo,BR-116,292.9,Pleno dia,Decrescente,Céu Claro,Dupla,Reta,-22.44989,-44.3277,DEL07-RJ,Risco Alto,Alta
quinta-feira,BR-369,90.5,Pleno dia,Decrescente,Nublado,Dupla,Curva,-23.1962,-50.65383,DEL07-PR,Risco Médio,Baixa
sábado,BR-469,16.0,Pleno dia,Decrescente,Céu Claro,Simples,Reta,-25.5844,-54.5245,DEL05-PR,Risco Médio,Baixa
segunda-feira,BR-10,257.0,Plena Noite,Crescente,Céu Claro,Simples,Reta,-5.488532,-47.47233,DEL04-MA,Risco Médio,Baixa
segunda-feira,BR-226,239.1,Pleno dia,Crescente,Céu Claro,Simples,Reta,-5.3781,-44.78222,DEL03-MA,Risco Médio,Baixa
quinta-feira,BR-101,202.9,Pleno dia,Crescente,Sol,Dupla,Reta,-9.96383,-36.54921,DEL02-AL,Risco Médio,Alta
domingo,BR-116,759.3,Plena Noite,Crescente,Nublado,Simples,Reta,-21.50589,-42.60924,DEL07-MG,Risco Médio,Alta
segunda-feira,BR-386,38.7,Pleno dia,Decrescente,Céu Claro,Simples,Não Informado,-27.39817,-53.40315,DEL08-RS,Risco Médio,Média
quarta-feira,BR-316,153.0,Pleno dia,Crescente,Céu Claro,Simples,Reta,-9.431079,-36.6498,DEL03-AL,Risco Baixo,Baixa
domingo,BR-365,688.0,Pleno dia,Crescente,Sol,Dupla,Não Informado,-18.86276,-48.86496,DEL15-MG,Risco Baixo,Média
sábado,BR-262,27.5,Pleno dia,Crescente,Céu Claro,Simples,Curva,-20.24057,-41.96631,DEL06-MG,Risco Alto,Média
segunda-feira,BR-493,24.0,Pleno dia,Crescente,Céu Claro,Simples,Reta,-22.65773,-43.07495,DEL04-RJ,Risco Médio,Baixa
quinta-feira,BR-392,42.7,Plena Noite,Crescente,Céu Claro,Dupla,Rotatória,-31.94615,-52.30982,DEL07-RS,Risco Baixo,Média
sábado,BR-381,22.0,Amanhecer,Crescente,Nublado,Dupla,Curva,-23.00075,-46.51766,DEL03-SP,Risco Médio,Alta
sexta-feira,BR-277,721.0,Pleno dia,Crescente,Céu Claro,Dupla,Não Informado,-25.49115,-54.51185,DEL05-PR,Risco Médio,Média
sábado,BR-116,97.8,Pleno dia,Decrescente,Céu Claro,Simples,Curva,-22.47811,-42.99603,DEL04-RJ,Risco Médio,Alta
domingo,BR-163,256.0,Plena Noite,Crescente,Céu Claro,Dupla,Reta,-22.26343,-54.80682,DEL04-MS,Risco Médio,Alta
sábado,BR-369,160.1,Pleno dia,Decrescente,Chuva,Dupla,Não Informado,-23.28175,-51.25486,DEL07-PR,Risco Baixo,Baixa
quarta-feira,BR-70,533.0,Pleno dia,Crescente,Céu Claro,Simples,Reta,-15.67527,-56.25275,DEL01-MT,Risco Médio,Baixa
sábado,BR-364,197.0,Amanhecer,Decrescente,Céu Claro,Simples,Viaduto,-11.67921,-61.18776,DEL02-RO,Risco Médio,Alta
sábado,BR-381,75.0,Pleno dia,Decrescente,Garoa/Chuvisco,Múltipla,Não Informado,-23.38041,-46.56307,DEL03-SP,Risco Médio,Alta
quinta-feira,BR-116,383.4,Plena Noite,Crescente,Céu Claro,Simples,Reta,-11.88267,-38.97999,DEL02-BA,Risco Alto,Alta
terça-feira,BR-470,54.0,Pleno dia,Decrescente,Nublado,Simples,Interseção de vias,-26.87107,-49.11037,DEL04-SC,Risco Médio,Baixa
quarta-feira,BR-70,695.0,Pleno dia,Decrescente,Sol,Simples,Curva,-16.23218,-57.43488,DEL03-MT,Risco Médio,Baixa
domingo,BR-364,57.0,Plena Noite,Decrescente,Chuva,Simples,Desvio Temporário,-16.94437,-53.53016,DEL02-MT,Risco Baixo,Alta
sábado,BR-116,743.7,Pleno dia,Decrescente,Céu Claro,Simples,Não Informado,-21.4144,-42.50433,DEL07-MG,Risco Médio,Alta
quinta-feira,BR-40,804.0,Pleno dia,Decrescente,Céu Claro,Dupla,Curva,-21.865,-43.3683,DEL05-MG,Risco Baixo,Alta
segunda-feira,BR-101,85.0,Pleno dia,Decrescente,Céu Claro,Dupla,Curva,-7.145382,-34.91663,DEL01-PB,Risco Médio,Alta
sexta-feira,BR-282,578.4,Pleno dia,Crescente,Céu Claro,Simples,Reta,-26.83836,-52.98528,DEL07-SC,Risco Alto,Baixa
quarta-feira,BR-386,199.2,Pleno dia,Crescente,Sol,Simples,Reta,-28.4675,-52.6606,DEL04-RS,Risco Médio,Média
segunda-feira,BR-153,6.4,Plena Noite,Decrescente,Céu Claro,Dupla,Reta,-18.47334,-49.18848,DEL15-MG,Risco Médio,Alta
domingo,BR-116,362.0,Pleno dia,Crescente,Céu Claro,Dupla,Curva,-24.12202,-47.27048,DEL04-SP,Risco Alto,Alta
quarta-feira,BR-476,358.6,Pleno dia,Crescente,Céu Claro,Simples,Não Informado,-26.1981,-51.05214,DEL02-PR,Risco Médio,Baixa
quinta-feira,BR-405,1.0,Pleno dia,Decrescente,Céu Claro,Dupla,Reta,-5.191702,-37.36147,DEL04-RN,Risco Médio,Baixa
sexta-feira,BR-116,847.7,Anoitecer,Crescente,Céu Claro,Simples,Reta,-15.07511,-41.00527,DEL08-BA,Risco Médio,Alta
sábado,BR-282,86.9,Pleno dia,Crescente,Sol,Simples,Curva,-27.66414,-49.20567,DEL01-SC,Risco Médio,Baixa
segunda-feira,BR-381,794.1,Pleno dia,Crescente,Nublado,Dupla,Curva,-21.90956,-45.57221,DEL16-MG,Risco Baixo,Alta
domingo,BR-116,539.8,Plena Noite,Decrescente,Nublado,Simples,Reta,-19.88564,-42.13664,DEL06-MG,Risco Alto,Alta
segunda-feira,BR-101,102.8,Pleno dia,Crescente,Garoa/Chuvisco,Simples,Reta,-26.77383,-48.68594,DEL03-SC,Risco Médio,Alta
domingo,BR-116,58.4,Pleno dia,Crescente,Céu Claro,Simples,Reta,-16.22296,-41.47729,DEL11-MG,Risco Baixo,Alta
terça-feira,BR-101,290.0,Pleno dia,Decrescente,Céu Claro,Dupla,Reta,-22.76708,-42.86081,DEL02-RJ,Risco Baixo,Alta
sábado,BR-393,256.0,Pleno dia,Crescente,Céu Claro,Simples,Reta,-22.45345,-43.80779,DEL05-RJ,Risco Médio,Média
domingo,BR-376,294.0,Pleno dia,Crescente,Garoa/Chuvisco,Simples,Reta,-23.90556,-51.20073,DEL07-PR,Risco Médio,Baixa
sábado,BR-364,500.0,Plena Noite,Decrescente,Nublado,Simples,Reta,-15.25106,-56.4682,DEL01-MT,Risco Baixo,Alta
quinta-feira,BR-381,671.7,Pleno dia,Crescente,Céu Claro,Dupla,Reta,-21.06626,-45.05252,DEL04-MG,Risco Médio,Alta
quinta-feira,BR-10,255.6,Pleno dia,Crescente,Nublado,Simples,Reta,-5.499715,-47.47184,DEL04-MA,Risco Médio,Baixa
quarta-feira,BR-282,259.9,Pleno dia,Decrescente,Nevoeiro/Neblina,Simples,Reta,-27.64337,-50.59489,DEL05-SC,Risco Médio,Baixa
terça-feira,BR-116,601.5,Pleno dia,Decrescente,Céu Claro,Simples,Curva,-20.34205,-42.1463,DEL06-MG,Risco Médio,Alta
sábado,BR-101,282.0,Amanhecer,Decrescente,Nublado,Dupla,Reta,-22.73661,-42.79861,DEL02-RJ,Risco Médio,Alta
segunda-feira,BR-282,219.0,Pleno dia,Decrescente,Céu Claro,Simples,Reta,-27.79552,-50.32361,DEL05-SC,Risco Baixo,Baixa
domingo,BR-101,211.8,Pleno dia,Crescente,Céu Claro,Múltipla,Reta,-27.62329,-48.65246,DEL01-SC,Risco Médio,Alta
quinta-feira,BR-101,17.8,Pleno dia,Decrescente,Nublado,Dupla,Reta,-7.64662,-34.95132,DEL01-PE,Risco Baixo,Alta
sexta-feira,BR-262,369.9,Plena Noite,Crescente,Céu Claro,Dupla,Reta,-19.95701,-44.36344,DEL01-MG,Risco Médio,Média
domingo,BR-40,467.0,Pleno dia,Decrescente,Céu Claro,Dupla,Reta,-19.45039,-44.31668,DEL02-MG,Risco Médio,Alta
sábado,BR-116,320.4,Pleno dia,Decrescente,Sol,Dupla,Não Informado,-30.29216,-51.41443,DEL02-RS,Risco Médio,Alta
quarta-feira,BR-116,42.0,Plena Noite,Decrescente,Céu Claro,Dupla,Reta,-4.108579,-38.49422,DEL01-CE,Risco Médio,Alta
quinta-feira,BR-116,106.7,Pleno dia,Decrescente,Céu Claro,Dupla,Não Informado,-25.56887,-49.22875,DEL01-PR,Risco Alto,Alta
domingo,BR-101,65.8,Amanhecer,Crescente,Céu Claro,Dupla,Reta,-8.045266,-34.94443,DEL01-PE,Risco Baixo,Alta
segunda-feira,BR-158,629.0,Amanhecer,Crescente,Céu Claro,Simples,Reta,-14.52499,-52.30291,DEL07-MT,Risco Médio,Baixa
sexta-feira,BR-153,146.0,Anoitecer,Crescente,Chuva,Simples,Reta,-24.12737,-50.23683,DEL07-PR,Risco Alto,Alta
sábado,BR-101,374.0,Plena Noite,Decrescente,Céu Claro,Dupla,Reta,-28.71534,-49.22723,DEL02-SC,Risco Médio,Alta
segunda-feira,BR-153,116.0,Pleno dia,Crescente,Chuva,Simples,Reta,-19.36692,-48.8996,DEL15-MG,Risco Médio,Alta
sexta-feira,BR-116,174.5,Pleno dia,Crescente,Céu Claro,Simples,Curva,-17.05141,-41.45884,DEL11-MG,Risco Médio,Alta
quinta-feira,BR-287,330.7,Amanhecer,Decrescente,Nevoeiro/Neblina,Simples,Não Informado,-29.6822,-54.66681,DEL12-RS,Risco Médio,Baixa
sexta-feira,BR-282,502.6,Pleno dia,Crescente,Céu Claro,Simples,Interseção de vias,-26.88458,-52.39091,DEL07-SC,Risco Médio,Baixa
domingo,BR-101,199.3,Pleno dia,Decrescente,Céu Claro,Dupla,Não Informado,-12.60775,-39.0628,DEL01-BA,Risco Baixo,Alta
segunda-feira,BR-235,64.4,Pleno dia,Crescente,Céu Claro,Simples,Curva,-10.59581,-37.4799,DEL01-SE,Risco Médio,Baixa
quarta-feira,BR-101,447.9,Plena Noite,Crescente,Céu Claro,Simples,Curva,-21.12406,-41.27538,DEL03-ES,Risco Médio,Alta
quarta-feira,BR-316,8.0,Pleno dia,Crescente,Céu Claro,Simples,Reta,-5.164834,-42.769,DEL01-PI,Risco Baixo,Baixa
sexta-feira,BR-285,307.0,Pleno dia,Decrescente,Céu Claro,Simples,Curva,-28.22683,-52.50696,DEL08-RS,Risco Médio,Baixa
quinta-feira,BR-20,417.0,Pleno dia,Crescente,Nublado,Dupla,Interseção de vias,-3.840541,-38.59758,DEL01-CE,Risco Médio,Baixa
domingo,BR-376,660.0,Pleno dia,Decrescente,Chuva,Dupla,Curva,-25.8529,-49.0007,DEL01-PR,Risco Baixo,Baixa
quinta-feira,BR-408,54.2,Pleno dia,Decrescente,Sol,Simples,Não Informado,-7.763207,-35.2343,DEL01-PE,Risco Médio,Baixa
terça-feira,BR-101,45.0,Pleno dia,Crescente,Céu Claro,Simples,Reta,-7.865213,-34.90715,DEL01-PE,Risco Médio,Alta
terça-feira,BR-153,607.5,Pleno dia,Crescente,Céu Claro,Dupla,Não Informado,-17.60746,-49.18532,DEL03-GO,Risco Baixo,Alta
domingo,BR-407,125.0,Pleno dia,Decrescente,Céu Claro,Dupla,Reta,-9.377393,-40.53596,DEL06-PE,Risco Médio,Baixa
sábado,BR-101,69.0,Pleno dia,Decrescente,Céu Claro,Simples,Reta,-18.69829,-39.86664,DEL04-ES,Risco Médio,Alta
quinta-feira,BR-428,140.0,Pleno dia,Decrescente,Céu Claro,Simples,Reta,-8.998742,-40.27205,DEL06-PE,Risco Médio,Baixa
quinta-feira,BR-386,126.8,Pleno dia,Crescente,Céu Claro,Simples,Curva,-27.91127,-52.97313,DEL08-RS,Risco Alto,Média
quarta-feira,BR-364,515.0,Plena Noite,Crescente,Chuva,Simples,Reta,-9.924973,-63.05491,DEL03-RO,Risco Baixo,Alta