dia_semana,br,km,fase_dia,sentido_via,condicao_metereologica,tipo_pista,tracado_via,latitude,longitude,delegacia,classificacao_acidente,postos_policiais_PRF
terça-feira,BR-101,376.2,Plena Noite,Crescente,Nublado,Simples,Reta,-20.8042,-40.8307,DEL03-ES,Risco Alto,Alta
quinta-feira,BR-470,180.3,Plena Noite,Crescente,Céu Claro,Simples,Não Informado,-27.25072,-49.99245,DEL04-SC,Risco Médio,Baixa
segunda-feira,BR-60,259.2,Pleno dia,Crescente,Nublado,Dupla,Não Informado,-17.1596,-50.0359,DEL01-GO,Risco Médio,Média
segunda-feira,BR-282,36.0,Anoitecer,Crescente,Garoa/Chuvisco,Simples,Reta,-27.70485,-48.83403,DEL01-SC,Risco Médio,Baixa
terça-feira,BR-476,144.4,Pleno dia,Crescente,Céu Claro,Dupla,Reta,-25.5425,-49.31301,DEL01-PR,Risco Médio,Baixa
domingo,BR-316,11.5,Plena Noite,Decrescente,Céu Claro,Dupla,Reta,-5.202485,-42.75724,DEL01-PI,Risco Médio,Baixa
terça-feira,BR-369,190.0,Plena Noite,Crescente,Céu Claro,Dupla,Reta,-23.45239,-51.42349,DEL07-PR,Risco Médio,Baixa
terça-feira,BR-365,25.1,Plena Noite,Crescente,Céu Claro,Simples,Curva,-16.85571,-44.06141,DEL12-MG,Risco Médio,Média
quarta-feira,BR-101,460.0,Plena Noite,Crescente,Céu Claro,Simples,Reta,-21.06465,-41.36675,DEL03-ES,Risco Médio,Alta
domingo,BR-290,95.0,Anoitecer,Decrescente,Céu Claro,Múltipla,Reta,-29.98181,-51.20105,DEL01-RS,Risco Médio,Baixa
terça-feira,BR-280,69.0,Pleno dia,Crescente,Céu Claro,Simples,Reta,-26.46664,-49.12174,DEL03-SC,Risco Médio,Baixa
terça-feira,BR-101,239.3,Plena Noite,Crescente,Céu Claro,Dupla,Reta,-10.17544,-36.82484,DEL02-AL,Risco Médio,Alta
segunda-feira,BR-153,239.8,Pleno dia,Decrescente,Céu Claro,Simples,Reta,-20.25895,-49.17652,DEL13-MG,Risco Médio,Alta
quinta-feira,BR-280,54.6,Plena Noite,Crescente,Nublado,Simples,Interseção de vias,-26.4754,-48.99012,DEL03-SC,Risco Médio,Baixa
sábado,BR-70,11.4,Pleno dia,Decrescente,Céu Claro,Dupla,Reta,-15.79116,-48.15351,DEL01-DF,Risco Médio,Baixa
sábado,BR-153,510.0,Pleno dia,Crescente,Sol,Dupla,Reta,-16.7977,-49.2386,DEL01-GO,Risco Baixo,Alta
terça-feira,BR-287,374.0,Pleno dia,Crescente,Céu Claro,Simples,Curva,-29.35281,-54.76007,DEL12-RS,Risco Médio,Baixa
sexta-feira,BR-101,330.0,Pleno dia,Crescente,Sol,Dupla,Reta,-22.87858,-43.11449,DEL02-RJ,Risco Médio,Alta
quarta-feira,BR-476,139.0,Plena Noite,Crescente,Nublado,Múltipla,Interseção de vias,-25.51284,-49.28926,DEL01-PR,Risco Alto,Baixa
segunda-feira,BR-470,8.0,Anoitecer,Crescente,Nublado,Simples,Reta,-26.83688,-48.71885,DEL04-SC,Risco Médio,Baixa
terça-feira,BR-163,20.0,Anoitecer,Decrescente,Céu Claro,Simples,Não Informado,-23.91587,-54.29161,DEL09-MS,Risco Médio,Alta
terça-feira,BR-116,174.0,Plena Noite,Crescente,Céu Claro,Dupla,Reta,-22.79424,-43.36404,DEL01-RJ,Risco Médio,Alta
sexta-feira,BR-470,175.0,Plena Noite,Decrescente,Céu Claro,Simples,Reta,-27.2591,-49.92449,DEL04-SC,Risco Médio,Baixa
sexta-feira,BR-153,104.1,Plena Noite,Crescente,Chuva,Simples,Curva,-19.26654,-48.92161,DEL15-MG,Risco Médio,Alta
domingo,BR-381,15.0,Plena Noite,Decrescente,Chuva,Dupla,Curva,-22.9501,-46.4792,DEL03-SP,Risco Baixo,Alta
domingo,BR-10,273.0,Plena Noite,Crescente,Céu Claro,Simples,Reta,-2.040023,-47.54738,DEL02-PA,Risco Alto,Baixa
sexta-feira,BR-80,14.8,Plena Noite,Crescente,Céu Claro,Simples,Não Informado,-15.71183,-48.19896,DEL01-DF,Risco Alto,Baixa
quinta-feira,BR-116,0.3,Pleno dia,Crescente,Céu Claro,Simples,Curva,-29.96944,-51.17674,DEL05-RS,Risco Médio,Alta
terça-feira,BR-116,375.5,Pleno dia,Crescente,Céu Claro,Simples,Não Informado,-6.404941,-38.84498,DEL05-CE,Risco Médio,Alta
quarta-feira,BR-280,23.5,Anoitecer,Crescente,Nublado,Simples,Reta,-26.37146,-48.71189,DEL03-SC,Risco Médio,Baixa
quinta-feira,BR-277,573.7,Pleno dia,Decrescente,Nublado,Simples,Reta,-24.99848,-53.29667,DEL04-PR,Risco Médio,Média
terça-feira,BR-381,86.0,Pleno dia,Crescente,Céu Claro,Múltipla,Reta,-23.47108,-46.56614,DEL03-SP,Risco Médio,Alta
segunda-feira,BR-277,32.4,Pleno dia,Crescente,Chuva,Simples,Não Informado,-25.56041,-48.81535,DEL01-PR,Risco Médio,Média
sábado,BR-386,277.0,Pleno dia,Crescente,Céu Claro,Simples,Curva,-29.01208,-52.33166,DEL04-RS,Risco Baixo,Média
sexta-feira,BR-262,0.1,Pleno dia,Decrescente,Céu Claro,Dupla,Ponte,-20.32079,-40.35332,DEL01-ES,Risco Médio,Média
terça-feira,BR-116,49.0,Amanhecer,Decrescente,Nublado,Dupla,Reta,-22.73052,-45.07659,DEL08-SP,Risco Médio,Alta
sábado,BR-101,51.9,Plena Noite,Crescente,Nublado,Simples,Reta,-23.4623,-45.065,DEL06-SP,Risco Médio,Alta
quarta-feira,BR-364,237.0,Pleno dia,Crescente,Sol,Simples,Reta,-11.44341,-61.44673,DEL02-RO,Risco Médio,Alta
quinta-feira,BR-101,1.0,Pleno dia,Decrescente,Nublado,Dupla,Reta,-20.12909,-40.30812,DEL02-ES,Risco Médio,Alta
quinta-feira,BR-101,199.0,Pleno dia,Decrescente,Céu Claro,Múltipla,Reta,-27.5402,-48.6226,DEL01-SC,Risco Médio,Alta
domingo,BR-101,74.5,Amanhecer,Decrescente,Céu Claro,Simples,Reta,-10.7853,-37.1421,DEL01-SE,Risco Médio,Alta
sexta-feira,BR-60,89.1,Plena Noite,Decrescente,Céu Claro,Dupla,Reta,-16.3367,-48.8957,DEL02-GO,Risco Médio,Média
sexta-feira,BR-101,25.0,Pleno dia,Crescente,Nublado,Dupla,Reta,-10.40497,-36.91876,DEL02-SE,Risco Médio,Alta
domingo,BR-381,89.0,Plena Noite,Decrescente,Céu Claro,Múltipla,Reta,-23.48469,-46.55983,DEL03-SP,Risco Baixo,Alta
sábado,BR-222,374.0,Pleno dia,Decrescente,Céu Claro,Simples,Reta,-3.758693,-45.44805,DEL02-MA,Risco Médio,Baixa
quarta-feira,BR-101,376.0,Pleno dia,Crescente,Céu Claro,Simples,Reta,-13.84075,-39.49629,DEL05-BA,Risco Médio,Alta
quarta-feira,BR-101,260.0,Pleno dia,Crescente,Céu Claro,Múltipla,Reta,-20.19385,-40.2685,DEL02-ES,Risco Médio,Alta
domingo,BR-101,296.8,Pleno dia,Decrescente,Nublado,Dupla,Curva,-20.34398,-40.40782,DEL01-ES,Risco Médio,Alta
domingo,BR-60,118.0,Plena Noite,Crescente,Céu Claro,Dupla,Reta,-16.4848,-49.0935,DEL01-GO,Risco Baixo,Média
quarta-feira,BR-101,209.2,Amanhecer,Crescente,Chuva,Dupla,Reta,-27.61001,-48.63895,DEL01-SC,Risco Médio,Alta
terça-feira,BR-50,124.0,Pleno dia,Decrescente,Céu Claro,Dupla,Reta,-19.34165,-48.09547,DEL13-MG,Risco Médio,Média
quarta-feira,BR-116,313.6,Pleno dia,Decrescente,Sol,Simples,Reta,-5.928935,-38.63086,DEL05-CE,Risco Médio,Alta
segunda-feira,BR-381,750.1,Plena Noite,Crescente,Céu Claro,Dupla,Curva,-21.64336,-45.28972,DEL16-MG,Risco Médio,Alta
sexta-feira,BR-101,7.2,Pleno dia,Crescente,Céu Claro,Dupla,Curva,-29.35399,-49.80045,DEL03-RS,Risco Médio,Alta
quarta-feira,BR-116,207.0,Pleno dia,Decrescente,Céu Claro,Dupla,Reta,-23.41972,-46.38419,DEL01-SP,Risco Médio,Alta
sábado,BR-470,219.0,Pleno dia,Crescente,Sol,Simples,Curva,-29.17909,-51.51856,DEL06-RS,Risco Baixo,Baixa
sábado,BR-153,492.0,Pleno dia,Crescente,Sol,Dupla,Reta,-16.639,-49.2063,DEL01-GO,Risco Médio,Alta
domingo,BR-153,18.2,Pleno dia,Decrescente,Céu Claro,Simples,Reta,-27.45756,-52.08853,DEL08-RS,Risco Médio,Alta
sábado,BR-40,501.0,Plena Noite,Crescente,Nublado,Dupla,Não Informado,-19.70736,-44.16737,DEL02-MG,Risco Médio,Alta
quinta-feira,BR-116,218.0,Pleno dia,Crescente,Céu Claro,Dupla,Reta,-23.45797,-46.47993,DEL01-SP,Risco Médio,Alta
terça-feira,BR-235,391.0,Pleno dia,Crescente,Céu Claro,Simples,Não Informado,-9.245667,-45.62186,DEL03-PI,Risco Médio,Baixa
segunda-feira,BR-116,818.6,Anoitecer,Decrescente,Céu Claro,Simples,Reta,-14.78622,-40.74705,DEL08-BA,Risco Baixo,Alta
quarta-feira,BR-277,729.0,Pleno dia,Crescente,Céu Claro,Dupla,Reta,-25.50755,-54.58375,DEL05-PR,Risco Baixo,Média
sexta-feira,BR-277,575.3,Pleno dia,Decrescente,Céu Claro,Dupla,Reta,-24.98693,-53.3303,DEL04-PR,Risco Alto,Média
terça-feira,BR-304,69.9,Pleno dia,Crescente,Céu Claro,Simples,Reta,-4.652705,-37.62064,DEL03-CE,Risco Alto,Baixa
sexta-feira,BR-116,142.0,Pleno dia,Decrescente,Céu Claro,Dupla,Reta,-29.11727,-51.11521,DEL05-RS,Risco Baixo,Alta
sábado,BR-290,149.8,Pleno dia,Crescente,Céu Claro,Simples,Não Informado,-30.10657,-51.69654,DEL02-RS,Risco Médio,Baixa
domingo,BR-10,333.6,Plena Noite,Crescente,Nevoeiro/Neblina,Simples,Reta,-1.521818,-47.51968,DEL01-PA,Risco Baixo,Baixa
terça-feira,BR-401,81.0,Plena Noite,Crescente,Céu Claro,Dupla,Reta,3.219378,-60.14665,DEL01-RR,Risco Médio,Baixa
terça-feira,BR-40,572.0,Plena Noite,Decrescente,Nublado,Simples,Reta,-20.23059,-43.96905,DEL01-MG,Risco Alto,Alta
sexta-feira,BR-40,588.1,Pleno dia,Crescente,Céu Claro,Simples,Não Informado,-20.35204,-43.91291,DEL01-MG,Risco Médio,Alta
quinta-feira,BR-116,174.6,Pleno dia,Decrescente,Céu Claro,Simples,Reta,-25.89917,-49.55722,DEL01-PR,Risco Baixo,Alta
segunda-feira,BR-476,148.0,Pleno dia,Decrescente,Nublado,Dupla,Não Informado,-25.55712,-49.34873,DEL01-PR,Risco Baixo,Baixa
terça-feira,BR-40,97.0,Plena Noite,Crescente,Céu Claro,Múltipla,Desvio Temporário,-16.76463,-47.59576,DEL01-DF,Risco Médio,Alta
quarta-feira,BR-470,67.9,Amanhecer,Decrescente,Garoa/Chuvisco,Simples,Não Informado,-26.87832,-49.24004,DEL04-SC,Risco Médio,Baixa
segunda-feira,BR-101,145.7,Pleno dia,Crescente,Nublado,Dupla,Curva,-8.4834,-35.3723,DEL01-PE,Risco Médio,Alta
terça-feira,BR-163,248.0,Plena Noite,Crescente,Nublado,Simples,Reta,-24.69787,-53.73808,DEL06-PR,Risco Médio,Alta
quarta-feira,BR-407,4.8,Pleno dia,Decrescente,Sol,Simples,Reta,-9.439575,-40.49433,DEL06-PE,Risco Médio,Baixa
quarta-feira,BR-40,655.1,Pleno dia,Decrescente,Chuva,Dupla,Curva,-20.87936,-43.80075,DEL05-MG,Risco Médio,Alta
quinta-feira,BR-232,240.3,Pleno dia,Decrescente,Céu Claro,Simples,Reta,-8.416499,-36.95471,DEL03-PE,Risco Médio,Baixa
quinta-feira,BR-280,232.0,Pleno dia,Crescente,Céu Claro,Simples,Rotatória,-26.19015,-50.38187,DEL06-SC,Risco Baixo,Baixa
domingo,BR-10,320.9,Pleno dia,Crescente,Céu Claro,Simples,Reta,-1.62767,-47.4819,DEL01-PA,Risco Médio,Baixa
sábado,BR-101,102.0,Plena Noite,Crescente,Céu Claro,Simples,Reta,-5.89034,-35.24895,DEL01-RN,Risco Baixo,Alta
sábado,BR-116,652.0,Plena Noite,Crescente,Céu Claro,Simples,Reta,-13.67952,-40.09593,DEL03-BA,Risco Baixo,Alta
domingo,BR-101,208.0,Plena Noite,Decrescente,Céu Claro,Dupla,Reta,-27.60328,-48.63202,DEL01-SC,Risco Médio,Alta
sexta-feira,BR-153,111.8,Pleno dia,Decrescente,Nublado,Simples,Não Informado,-13.75506,-49.02889,DEL07-GO,Risco Médio,Alta
domingo,BR-330,782.0,Pleno dia,Crescente,Céu Claro,Simples,Reta,-14.16,-39.692,DEL03-BA,Risco Alto,Baixa
terça-feira,BR-376,175.5,Pleno dia,Decrescente,Céu Claro,Dupla,Reta,-23.41492,-51.92549,DEL09-PR,Risco Médio,Baixa
segunda-feira,BR-280,90.0,Pleno dia,Crescente,Garoa/Chuvisco,Simples,Curva,-26.40742,-49.2835,DEL06-SC,Risco Médio,Baixa
sexta-feira,BR-116,106.0,Plena Noite,Decrescente,Ignorado,Simples,Curva,-22.54633,-42.98725,DEL04-RJ,Risco Médio,Alta
terça-feira,BR-493,85.0,Pleno dia,Crescente,Céu Claro,Dupla,Reta,-22.68769,-43.67655,DEL01-RJ,Risco Baixo,Baixa
segunda-feira,BR-381,805.2,Pleno dia,Crescente,Céu Claro,Dupla,Reta,-21.97035,-45.63086,DEL16-MG,Risco Baixo,Alta
sexta-feira,BR-290,108.0,Plena Noite,Decrescente,Nublado,Dupla,Reta,-30.0086,-51.3142,DEL02-RS,Risco Médio,Baixa
quinta-feira,BR-158,501.0,Plena Noite,Decrescente,Ignorado,Simples,Reta,-26.0572,-52.626,DEL02-PR,Risco Baixo,Baixa
domingo,BR-101,214.8,Pleno dia,Crescente,Nublado,Múltipla,Reta,-27.65014,-48.67491,DEL01-SC,Risco Médio,Alta
quinta-feira,BR-470,172.2,Pleno dia,Decrescente,Céu Claro,Simples,Reta,-27.25753,-49.90959,DEL04-SC,Risco Médio,Baixa
sexta-feira,BR-386,32.1,Plena Noite,Crescente,Chuva,Simples,Reta,-27.3414,-53.38753,DEL08-RS,Risco Baixo,Média
quinta-feira,BR-280,166.0,Pleno dia,Crescente,Céu Claro,Simples,Reta,-26.17709,-49.81617,DEL06-SC,Risco Médio,Baixa
terça-feira,BR-101,282.0,Pleno dia,Crescente,Nublado,Simples,Não Informado,-20.22694,-40.36458,DEL01-ES,Risco Médio,Alta
terça-feira,BR-222,0.6,Plena Noite,Crescente,Nublado,Múltipla,Reta,-3.736774,-38.56923,DEL01-CE,Risco Médio,Baixa
quinta-feira,BR-101,76.0,Plena Noite,Decrescente,Chuva,Simples,Reta,-21.82386,-41.4023,DEL08-RJ,Risco Médio,Alta
quinta-feira,BR-116,526.2,Anoitecer,Crescente,Céu Claro,Múltipla,Retorno Regulamentado,-19.77654,-42.13328,DEL06-MG,Risco Médio,Alta
quinta-feira,BR-40,70.0,Anoitecer,Decrescente,Céu Claro,Dupla,Curva,-22.45853,-43.21601,DEL06-RJ,Risco Médio,Alta
domingo,BR-392,668.0,Plena Noite,Decrescente,Céu Claro,Simples,Reta,-28.12138,-54.78961,DEL10-RS,Risco Médio,Média
terça-feira,BR-101,93.6,Plena Noite,Crescente,Céu Claro,Múltipla,Curva,-5.831766,-35.21191,DEL01-RN,Risco Baixo,Alta
sábado,BR-116,527.6,Pleno dia,Crescente,Nublado,Dupla,Interseção de vias,-19.78511,-42.13445,DEL06-MG,Risco Médio,Alta
sexta-feira,BR-153,759.9,Plena Noite,Crescente,Céu Claro,Dupla,Rotatória,-12.49161,-49.11697,DEL02-TO,Risco Médio,Alta
quinta-feira,BR-381,477.5,Plena Noite,Crescente,Céu Claro,Dupla,Reta,-19.95871,-44.03215,DEL01-MG,Risco Alto,Alta
sábado,BR-101,417.0,Plena Noite,Crescente,Céu Claro,Simples,Desvio Temporário,-22.91677,-43.90919,DEL03-RJ,Risco Baixo,Alta
segunda-feira,BR-163,262.6,Plena Noite,Crescente,Céu Claro,Dupla,Reta,-22.23304,-54.75058,DEL04-MS,Risco Baixo,Alta
sábado,BR-116,6.0,Pleno dia,Decrescente,Garoa/Chuvisco,Dupla,Curva,-25.0871,-48.60776,DEL01-PR,Risco Médio,Alta
sexta-feira,BR-470,247.0,Pleno dia,Crescente,Garoa/Chuvisco,Simples,Rotatória,-27.31317,-50.57732,DEL05-SC,Risco Baixo,Baixa
quinta-feira,BR-101,113.3,Plena Noite,Crescente,Garoa/Chuvisco,Dupla,Reta,-26.85311,-48.7269,DEL04-SC,Risco Baixo,Alta
segunda-feira,BR-101,313.0,Pleno dia,Crescente,Céu Claro,Múltipla,Reta,-22.81049,-43.06983,DEL02-RJ,Risco Médio,Alta
quarta-feira,BR-101,107.0,Plena Noite,Crescente,Nublado,Simples,Reta,-12.16492,-38.47703,DEL01-BA,Risco Baixo,Alta
sexta-feira,BR-101,96.0,Plena Noite,Decrescente,Céu Claro,Simples,Reta,-18.94725,-39.97973,DEL04-ES,Risco Baixo,Alta
quinta-feira,BR-60,18.7,Pleno dia,Crescente,Nublado,Dupla,Curva,-16.0963,-48.5202,DEL01-DF,Risco Médio,Média
domingo,BR-50,185.2,Pleno dia,Crescente,Céu Claro,Dupla,Reta,-19.81722,-47.89582,DEL13-MG,Risco Baixo,Média
terça-feira,BR-10,259.0,Plena Noite,Crescente,Céu Claro,Simples,Desvio Temporário,-5.472474,-47.47222,DEL04-MA,Risco Médio,Baixa
quarta-feira,BR-381,881.7,Pleno dia,Decrescente,Chuva,Dupla,Não Informado,-22.4624,-46.00879,DEL16-MG,Risco Baixo,Alta
sábado,BR-267,482.0,Amanhecer,Decrescente,Nublado,Simples,Rotatória,-21.4832,-56.1459,DEL05-MS,Risco Médio,Baixa
quinta-feira,BR-101,432.0,Pleno dia,Decrescente,Chuva,Simples,Não Informado,-22.935,-44.0278,DEL03-RJ,Risco Médio,Alta
sábado,BR-116,311.0,Pleno dia,Crescente,Céu Claro,Simples,Interseção de vias,-22.46087,-44.44296,DEL07-RJ,Risco Médio,Alta
domingo,BR-116,106.0,Pleno dia,Crescente,Céu Claro,Dupla,Reta,-23.01251,-45.52256,DEL08-SP,Risco Médio,Alta
quarta-feira,BR-60,94.4,Pleno dia,Decrescente,Céu Claro,Dupla,Interseção de vias,-16.36103,-48.93273,DEL02-GO,Risco Médio,Média
quinta-feira,BR-316,82.9,Pleno dia,Crescente,Céu Claro,Simples,Curva,-5.758844,-42.61624,DEL04-PI,Risco Médio,Baixa
segunda-feira,BR-40,5.9,Pleno dia,Crescente,Céu Claro,Dupla,Reta,-16.02916,-47.97872,DEL01-DF,Risco Baixo,Alta
sexta-feira,BR-101,202.0,Plena Noite,Decrescente,Chuva,Múltipla,Reta,-27.5571,-48.619,DEL01-SC,Risco Médio,Alta
quarta-feira,BR-408,94.0,Pleno dia,Crescente,Céu Claro,Múltipla,Reta,-8.004482,-35.04643,DEL01-PE,Risco Médio,Baixa
sábado,BR-116,702.0,Pleno dia,Decrescente,Céu Claro,Simples,Interseção de vias,-21.12682,-42.38322,DEL07-MG,Risco Médio,Alta
segunda-feira,BR-101,716.9,Pleno dia,Crescente,Nublado,Dupla,Reta,-16.36297,-39.58094,DEL09-BA,Risco Médio,Alta
segunda-feira,BR-40,484.1,Plena Noite,Crescente,Céu Claro,Dupla,Não Informado,-19.57299,-44.23021,DEL02-MG,Risco Médio,Alta
domingo,BR-116,520.4,Pleno dia,Crescente,Chuva,Simples,Curva,-24.8947,-48.23814,DEL05-SP,Risco Baixo,Alta
terça-feira,BR-153,280.1,Plena Noite,Crescente,Nublado,Simples,Interseção de vias,-22.41677,-49.86061,DEL07-SP,Risco Alto,Alta
quinta-feira,BR-101,392.0,Plena Noite,Crescente,Chuva,Dupla,Reta,-22.89397,-43.69057,DEL03-RJ,Risco Alto,Alta
domingo,BR-381,705.5,Pleno dia,Crescente,Céu Claro,Dupla,Curva,-21.31762,-45.16775,DEL04-MG,Risco Baixo,Alta
quinta-feira,BR-60,53.3,Pleno dia,Decrescente,Céu Claro,Dupla,Reta,-16.1761,-48.6498,DEL02-GO,Risco Baixo,Média
quinta-feira,BR-423,95.9,Plena Noite,Crescente,Céu Claro,Simples,Curva,-8.881717,-36.48811,DEL03-PE,Risco Médio,Baixa
sexta-feira,BR-20,202.0,Plena Noite,Crescente,Céu Claro,Simples,Reta,-5.1364,-39.738,DEL02-CE,Risco Médio,Baixa
quinta-feira,BR-381,885.0,Pleno dia,Crescente,Céu Claro,Dupla,Curva,-22.50106,-46.01398,DEL16-MG,Risco Médio,Alta
sábado,BR-364,361.0,Pleno dia,Decrescente,Nublado,Simples,Reta,-8.798706,-69.39178,DEL01-AC,Risco Médio,Alta
sábado,BR-174,81.6,Amanhecer,Decrescente,Céu Claro,Simples,Reta,-15.96925,-57.76737,DEL03-MT,Risco Médio,Baixa
quinta-feira,BR-101,337.6,Pleno dia,Decrescente,Céu Claro,Dupla,Reta,-28.48269,-49.03572,DEL02-SC,Risco Baixo,Alta
quarta-feira,BR-316,103.1,Pleno dia,Crescente,Sol,Simples,Reta,-9.388789,-37.08673,DEL03-AL,Risco Médio,Baixa
sábado,BR-277,529.0,Amanhecer,Crescente,Céu Claro,Simples,Curva,-25.1039,-52.8686,DEL04-PR,Risco Médio,Média
domingo,BR-153,29.2,Pleno dia,Decrescente,Nublado,Simples,Ponte,-23.21844,-50.00194,DEL07-PR,Risco Baixo,Alta
sábado,BR-116,175.2,Pleno dia,Crescente,Sol,Dupla,Não Informado,-23.32164,-46.10074,DEL02-SP,Risco Baixo,Alta
sexta-feira,BR-316,95.2,Pleno dia,Crescente,Sol,Simples,Reta,-5.810263,-42.52113,DEL04-PI,Risco Médio,Baixa
sábado,BR-285,564.4,Plena Noite,Decrescente,Garoa/Chuvisco,Simples,Reta,-28.41929,-54.95724,DEL10-RS,Risco Baixo,Baixa
sábado,BR-364,343.1,Plena Noite,Crescente,Céu Claro,Dupla,Reta,-10.87776,-61.94665,DEL02-RO,Risco Médio,Alta
domingo,BR-116,253.0,Pleno dia,Crescente,Chuva,Dupla,Não Informado,-29.81788,-51.1703,DEL01-RS,Risco Baixo,Alta
segunda-feira,BR-20,215.5,Pleno dia,Crescente,Céu Claro,Simples,Não Informado,-14.23111,-46.34398,DEL02-DF,Risco Médio,Baixa
quarta-feira,BR-163,479.3,Pleno dia,Decrescente,Céu Claro,Simples,Reta,-20.48373,-54.55935,DEL01-MS,Risco Médio,Alta
terça-feira,BR-232,15.9,Pleno dia,Decrescente,Sol,Dupla,Reta,-8.091011,-35.0338,DEL01-PE,Risco Médio,Baixa
segunda-feira,BR-381,29.0,Pleno dia,Decrescente,Céu Claro,Dupla,Reta,-23.03606,-46.55057,DEL03-SP,Risco Médio,Alta
sábado,BR-230,387.0,Amanhecer,Crescente,Céu Claro,Simples,Desvio Temporário,-7.384402,-45.97981,DEL05-MA,Risco Médio,Baixa
quarta-feira,BR-101,106.0,Pleno dia,Crescente,Céu Claro,Múltipla,Reta,-5.910564,-35.26131,DEL01-RN,Risco Médio,Alta
terça-feira,BR-476,144.6,Pleno dia,Decrescente,Nublado,Dupla,Desvio Temporário,-25.54548,-49.31796,DEL01-PR,Risco Médio,Baixa
segunda-feira,BR-116,115.0,Plena Noite,Decrescente,Céu Claro,Dupla,Reta,-22.61664,-43.03921,DEL04-RJ,Risco Médio,Alta
sexta-feira,BR-280,58.0,Plena Noite,Decrescente,Garoa/Chuvisco,Simples,Reta,-26.47446,-49.02524,DEL03-SC,Risco Médio,Baixa
segunda-feira,BR-429,129.9,Plena Noite,Crescente,Ignorado,Simples,Curva,-11.50761,-62.53452,DEL02-RO,Risco Médio,Baixa
domingo,BR-116,205.0,Plena Noite,Crescente,Chuva,Simples,Curva,-26.10175,-49.7808,DEL06-SC,Risco Médio,Alta
segunda-feira,BR-101,206.7,Pleno dia,Decrescente,Sol,Dupla,Não Informado,-27.59755,-48.6202,DEL01-SC,Risco Médio,Alta
quarta-feira,BR-116,311.0,Pleno dia,Decrescente,Céu Claro,Dupla,Reta,-22.46087,-44.44296,DEL07-RJ,Risco Médio,Alta
domingo,BR-40,617.7,Pleno dia,Crescente,Nublado,Simples,Reta,-20.55295,-43.81451,DEL05-MG,Risco Médio,Alta
terça-feira,BR-40,531.0,Pleno dia,Decrescente,Chuva,Dupla,Reta,-19.91962,-44.02523,DEL01-MG,Risco Médio,Alta
terça-feira,BR-407,421.0,Plena Noite,Crescente,Chuva,Simples,Reta,-7.079897,-41.4506,DEL04-PI,Risco Médio,Baixa
quinta-feira,BR-40,2.0,Pleno dia,Crescente,Nublado,Dupla,Reta,-16.06713,-47.98423,DEL01-DF,Risco Baixo,Alta
quarta-feira,BR-364,220.0,Pleno dia,Crescente,Sol,Dupla,Reta,-16.34786,-54.7395,DEL02-MT,Risco Médio,Alta
sábado,BR-262,160.6,Pleno dia,Crescente,Céu Claro,Simples,Reta,-20.23736,-41.5138,DEL01-ES,Risco Médio,Média
segunda-feira,BR-381,802.1,Pleno dia,Decrescente,Céu Claro,Dupla,Reta,-21.94527,-45.62014,DEL16-MG,Risco Médio,Alta
sábado,BR-101,292.0,Plena Noite,Decrescente,Céu Claro,Dupla,Desvio Temporário,-20.30651,-40.39489,DEL01-ES,Risco Médio,Alta
terça-feira,BR-60,200.0,Pleno dia,Crescente,Céu Claro,Dupla,Reta,-16.8736,-49.6126,DEL01-GO,Risco Baixo,Média
sábado,BR-282,607.2,Plena Noite,Crescente,Céu Claro,Simples,Não Informado,-26.77014,-53.20943,DEL07-SC,Risco Médio,Baixa
sexta-feira,BR-153,49.9,Plena Noite,Decrescente,Céu Claro,Simples,Reta,-27.65514,-52.2658,DEL08-RS,Risco Médio,Alta
terça-feira,BR-290,616.0,Pleno dia,Decrescente,Céu Claro,Simples,Desvio Temporário,-29.94731,-56.09802,DEL13-RS,Risco Médio,Baixa
domingo,BR-116,5.5,Pleno dia,Crescente,Nublado,Simples,Reta,-26.14094,-49.81508,DEL06-SC,Risco Médio,Alta
domingo,BR-476,141.0,Plena Noite,Decrescente,Garoa/Chuvisco,Múltipla,Curva,-25.52861,-49.2988,DEL01-PR,Risco Médio,Baixa
segunda-feira,BR-116,55.5,Pleno dia,Crescente,Sol,Dupla,Reta,-22.76356,-45.12272,DEL08-SP,Risco Médio,Alta
terça-feira,BR-40,356.0,Pleno dia,Crescente,Céu Claro,Simples,Reta,-18.73054,-44.88269,DEL02-MG,Risco Médio,Alta
quinta-feira,BR-262,327.7,Plena Noite,Decrescente,Céu Claro,Dupla,Reta,-20.46069,-54.55111,DEL01-MS,Risco Alto,Média
terça-feira,BR-282,84.0,Pleno dia,Crescente,Chuva,Simples,Não Informado,-27.66699,-49.18355,DEL01-SC,Risco Médio,Baixa
quarta-feira,BR-101,487.8,Plena Noite,Decrescente,Céu Claro,Simples,Reta,-22.96829,-44.29865,DEL03-RJ,Risco Médio,Alta
sábado,BR-262,41.1,Pleno dia,Crescente,Nublado,Simples,Curva,-20.27444,-42.05896,DEL06-MG,Risco Médio,Média
quarta-feira,BR-393,262.0,Plena Noite,Crescente,Chuva,Simples,Reta,-22.46663,-43.85829,DEL05-RJ,Risco Alto,Média
terça-feira,BR-324,519.0,Pleno dia,Decrescente,Sol,Dupla,Reta,-12.26688,-38.9335,DEL02-BA,Risco Baixo,Baixa
domingo,BR-267,24.0,Anoitecer,Decrescente,Nublado,Simples,Curva,-21.61212,-42.808,DEL07-MG,Risco Médio,Baixa