dia_semana,br,km,fase_dia,sentido_via,condicao_metereologica,tipo_pista,tracado_via,latitude,longitude,delegacia,classificacao_acidente,postos_policiais_PRF
segunda-feira,BR-101,218.0,Pleno dia,Crescente,Céu Claro,Dupla,Reta,-27.6769,-48.6703,DEL01-SC,Risco Médio,Alta
sexta-feira,BR-153,541.0,Pleno dia,Decrescente,Céu Claro,Simples,Reta,-30.77937,-53.56449,DEL09-RS,Risco Médio,Alta
sábado,BR-60,12.0,Pleno dia,Decrescente,Céu Claro,Dupla,Reta,-16.11462,-48.33369,DEL01-DF,Risco Médio,Média
terça-feira,BR-153,501.9,Pleno dia,Decrescente,Sol,Simples,Reta,-10.20951,-48.8741,DEL02-TO,Risco Médio,Alta
quarta-feira,BR-116,104.0,Pleno dia,Crescente,Céu Claro,Dupla,Reta,-25.56473,-49.1586,DEL01-PR,Risco Médio,Alta
quarta-feira,BR-365,421.0,Pleno dia,Crescente,Céu Claro,Dupla,Reta,-18.6822,-46.5683,DEL10-MG,Risco Médio,Média
terça-feira,BR-153,592.0,Anoitecer,Crescente,Céu Claro,Dupla,Reta,-17.4826,-49.2097,DEL03-GO,Risco Médio,Alta
quinta-feira,BR-174,303.0,Pleno dia,Decrescente,Céu Claro,Simples,Reta,-15.10719,-59.30807,DEL04-MT,Risco Alto,Baixa
sábado,BR-101,153.9,Anoitecer,Crescente,Céu Claro,Dupla,Reta,-27.14472,-48.61064,DEL04-SC,Risco Médio,Alta
sexta-feira,BR-20,7.0,Anoitecer,Crescente,Chuva,Dupla,Reta,-15.66221,-47.79987,DEL02-DF,Risco Médio,Baixa
quinta-feira,BR-174,511.0,Plena Noite,Decrescente,Nublado,Simples,Reta,2.861408,-60.69804,DEL01-RR,Risco Alto,Baixa
segunda-feira,BR-282,65.2,Pleno dia,Crescente,Céu Claro,Simples,Não Informado,-27.69289,-49.05901,DEL01-SC,Risco Baixo,Baixa
terça-feira,BR-116,283.0,Pleno dia,Crescente,Céu Claro,Simples,Reta,-17.90722,-41.52295,DEL11-MG,Risco Alto,Alta
quarta-feira,BR-277,8.5,Plena Noite,Decrescente,Céu Claro,Dupla,Reta,-25.56425,-48.59578,DEL01-PR,Risco Baixo,Média
domingo,BR-476,320.7,Plena Noite,Decrescente,Céu Claro,Simples,Desvio Temporário,-26.06657,-50.72976,DEL02-PR,Risco Baixo,Baixa
quinta-feira,BR-364,703.0,Plena Noite,Crescente,Garoa/Chuvisco,Múltipla,Reta,-8.800427,-63.8027,DEL01-RO,Risco Médio,Alta
sexta-feira,BR-116,550.0,Anoitecer,Crescente,Nublado,Simples,Curva,-24.96707,-48.46765,DEL05-SP,Risco Médio,Alta
segunda-feira,BR-116,118.0,Pleno dia,Crescente,Céu Claro,Múltipla,Não Informado,-23.06266,-45.62665,DEL02-SP,Risco Médio,Alta
sexta-feira,BR-116,225.4,Pleno dia,Crescente,Nublado,Múltipla,Não Informado,-23.48587,-46.54075,DEL01-SP,Risco Médio,Alta
quarta-feira,BR-210,0.0,Pleno dia,Crescente,Céu Claro,Dupla,Reta,0.0779,-51.0635,DEL01-AP,Risco Baixo,Baixa
quinta-feira,BR-70,5.0,Amanhecer,Decrescente,Céu Claro,Dupla,Reta,-15.79466,-48.09678,DEL01-DF,Risco Médio,Baixa
quinta-feira,BR-470,257.0,Pleno dia,Decrescente,Céu Claro,Simples,Curva,-29.4522,-51.50431,DEL06-RS,Risco Baixo,Baixa
sexta-feira,BR-381,43.0,Pleno dia,Decrescente,Céu Claro,Dupla,Reta,-23.15597,-46.57402,DEL03-SP,Risco Médio,Alta
domingo,BR-316,180.0,Pleno dia,Decrescente,Céu Claro,Simples,Curva,-6.242098,-41.96422,DEL04-PI,Risco Médio,Baixa
sexta-feira,BR-470,225.6,Pleno dia,Crescente,Chuva,Simples,Desvio Temporário,-27.32802,-50.35148,DEL05-SC,Risco Baixo,Baixa
sábado,BR-101,216.7,Pleno dia,Decrescente,Nublado,Múltipla,Reta,-27.65981,-48.67748,DEL01-SC,Risco Baixo,Alta
domingo,BR-60,387.0,Pleno dia,Decrescente,Sol,Simples,Reta,-20.7501,-54.7842,DEL01-MS,Risco Baixo,Média
domingo,BR-135,600.0,Pleno dia,Crescente,Céu Claro,Simples,Reta,-18.5803,-44.4647,DEL02-MG,Risco Médio,Baixa
sábado,BR-10,256.5,Pleno dia,Decrescente,Céu Claro,Simples,Interseção de vias,-5.490599,-47.47203,DEL04-MA,Risco Baixo,Baixa
terça-feira,BR-163,81.9,Pleno dia,Decrescente,Nublado,Simples,Não Informado,-23.44967,-54.19943,DEL09-MS,Risco Alto,Alta
sábado,BR-101,246.0,Plena Noite,Decrescente,Céu Claro,Dupla,Reta,-27.91037,-48.64998,DEL02-SC,Risco Médio,Alta
sábado,BR-226,130.5,Pleno dia,Crescente,Céu Claro,Simples,Curva,-6.218327,-36.16743,DEL03-RN,Risco Baixo,Baixa
quarta-feira,BR-277,724.0,Plena Noite,Decrescente,Nublado,Dupla,Reta,-25.50258,-54.53868,DEL05-PR,Risco Baixo,Média
terça-feira,BR-116,150.3,Pleno dia,Decrescente,Céu Claro,Múltipla,Reta,-29.16843,-51.15834,DEL05-RS,Risco Médio,Alta
quinta-feira,BR-101,238.1,Pleno dia,Decrescente,Chuva,Simples,Curva,-20.0204,-40.4028,DEL02-ES,Risco Baixo,Alta
sábado,BR-376,374.5,Pleno dia,Crescente,Sol,Simples,Curva,-24.36492,-50.80524,DEL03-PR,Risco Baixo,Baixa
domingo,BR-364,15.2,Plena Noite,Crescente,Céu Claro,Simples,Reta,-20.06985,-48.79031,DEL13-MG,Risco Médio,Alta
domingo,BR-101,395.0,Plena Noite,Decrescente,Céu Claro,Dupla,Curva,-22.87974,-43.73068,DEL03-RJ,Risco Baixo,Alta
sábado,BR-101,351.9,Plena Noite,Decrescente,Chuva,Dupla,Desvio Temporário,-28.59776,-49.04944,DEL02-SC,Risco Médio,Alta
sexta-feira,BR-116,262.1,Pleno dia,Decrescente,Céu Claro,Simples,Não Informado,-17.7393,-41.50092,DEL11-MG,Risco Baixo,Alta
terça-feira,BR-101,198.7,Pleno dia,Decrescente,Céu Claro,Múltipla,Reta,-27.53252,-48.6312,DEL01-SC,Risco Médio,Alta
domingo,BR-304,119.9,Plena Noite,Crescente,Chuva,Simples,Não Informado,-5.633478,-36.85713,DEL04-RN,Risco Médio,Baixa
quinta-feira,BR-230,152.8,Plena Noite,Crescente,Céu Claro,Simples,Reta,-7.274781,-35.88716,DEL02-PB,Risco Médio,Baixa
quinta-feira,BR-316,63.0,Plena Noite,Crescente,Céu Claro,Dupla,Reta,-1.296794,-47.92878,DEL01-PA,Risco Baixo,Baixa
sábado,BR-285,296.0,Plena Noite,Decrescente,Céu Claro,Simples,Reta,-28.23238,-52.4039,DEL08-RS,Risco Médio,Baixa
terça-feira,BR-101,215.7,Pleno dia,Decrescente,Céu Claro,Simples,Curva,-27.65185,-48.67605,DEL01-SC,Risco Médio,Alta
quarta-feira,BR-232,145.1,Plena Noite,Crescente,Nublado,Dupla,Reta,-8.329145,-36.12224,DEL02-PE,Risco Baixo,Baixa
sábado,BR-381,590.0,Plena Noite,Crescente,Céu Claro,Dupla,Reta,-20.5668,-44.6731,DEL04-MG,Risco Médio,Alta
segunda-feira,BR-230,2.1,Pleno dia,Decrescente,Céu Claro,Simples,Reta,-6.754515,-43.0254,DEL03-PI,Risco Médio,Baixa
quarta-feira,BR-364,342.8,Amanhecer,Decrescente,Céu Claro,Dupla,Reta,-10.88144,-61.94148,DEL02-RO,Risco Médio,Alta
segunda-feira,BR-262,142.8,Plena Noite,Crescente,Nevoeiro/Neblina,Simples,Reta,-20.44583,-52.86945,DEL07-MS,Risco Médio,Média
quarta-feira,BR-277,723.0,Plena Noite,Crescente,Garoa/Chuvisco,Dupla,Interseção de vias,-25.49878,-54.52985,DEL05-PR,Risco Médio,Média
sábado,BR-470,156.0,Plena Noite,Crescente,Garoa/Chuvisco,Simples,Curva,-28.78875,-51.61532,DEL06-RS,Risco Médio,Baixa
sexta-feira,BR-163,694.0,Pleno dia,Crescente,Céu Claro,Simples,Reta,-13.02587,-55.8967,DEL06-MT,Risco Alto,Alta
segunda-feira,BR-381,478.3,Anoitecer,Crescente,Céu Claro,Dupla,Reta,-19.95826,-44.05921,DEL01-MG,Risco Alto,Alta
quarta-feira,BR-101,123.0,Pleno dia,Decrescente,Céu Claro,Múltipla,Reta,-22.04926,-41.6848,DEL08-RJ,Risco Baixo,Alta
segunda-feira,BR-135,80.0,Pleno dia,Crescente,Céu Claro,Simples,Não Informado,-3.221162,-44.36206,DEL01-MA,Risco Baixo,Baixa
domingo,BR-116,78.6,Amanhecer,Decrescente,Céu Claro,Dupla,Reta,-22.89164,-45.29151,DEL06-SP,Risco Médio,Alta
quinta-feira,BR-116,215.5,Pleno dia,Decrescente,Sol,Múltipla,Reta,-23.44696,-46.45394,DEL01-SP,Risco Médio,Alta
terça-feira,BR-116,200.0,Pleno dia,Decrescente,Céu Claro,Dupla,Reta,-22.73061,-43.59402,DEL01-RJ,Risco Alto,Alta
sábado,BR-259,100.0,Plena Noite,Decrescente,Nublado,Simples,Reta,-19.51441,-40.99561,DEL02-ES,Risco Médio,Baixa
quinta-feira,BR-101,379.7,Pleno dia,Crescente,Sol,Simples,Curva,-20.80349,-40.82867,DEL03-ES,Risco Médio,Alta
quarta-feira,BR-230,162.2,Plena Noite,Decrescente,Céu Claro,Simples,Curva,-7.229947,-35.94381,DEL02-PB,Risco Médio,Baixa
sexta-feira,BR-101,151.0,Plena Noite,Decrescente,Céu Claro,Simples,Reta,-19.41157,-40.06592,DEL04-ES,Risco Médio,Alta
segunda-feira,BR-376,590.8,Pleno dia,Crescente,Nublado,Múltipla,Reta,-25.45156,-49.36238,DEL01-PR,Risco Médio,Baixa
quinta-feira,BR-381,908.2,Pleno dia,Crescente,Chuva,Dupla,Curva,-22.68099,-46.10143,DEL16-MG,Risco Baixo,Alta
quinta-feira,BR-101,64.3,Pleno dia,Decrescente,Sol,Múltipla,Interseção de vias,-18.71676,-39.87369,DEL04-ES,Risco Baixo,Alta
quinta-feira,BR-277,83.0,Anoitecer,Crescente,Nublado,Dupla,Reta,-25.42826,-49.27348,DEL01-PR,Risco Baixo,Média
terça-feira,BR-40,116.0,Pleno dia,Crescente,Céu Claro,Dupla,Reta,-22.73662,-43.28859,DEL01-RJ,Risco Médio,Alta
segunda-feira,BR-259,37.1,Plena Noite,Decrescente,Nublado,Simples,Reta,-19.55632,-40.51127,DEL02-ES,Risco Médio,Baixa
quarta-feira,BR-423,142.7,Pleno dia,Crescente,Nublado,Simples,Reta,-8.993431,-36.84577,DEL03-PE,Risco Médio,Baixa
quinta-feira,BR-316,2.0,Pleno dia,Decrescente,Sol,Múltipla,Reta,-5.124775,-42.79848,DEL01-PI,Risco Baixo,Baixa
sábado,BR-262,767.7,Amanhecer,Crescente,Garoa/Chuvisco,Simples,Interseção de vias,-19.68308,-47.66694,DEL13-MG,Risco Baixo,Média
domingo,BR-277,69.2,Amanhecer,Decrescente,Céu Claro,Dupla,Reta,-25.53715,-49.07077,DEL01-PR,Risco Alto,Média
terça-feira,BR-116,153.0,Pleno dia,Crescente,Céu Claro,Dupla,Reta,-23.23262,-45.91373,DEL02-SP,Risco Médio,Alta
sexta-feira,BR-101,196.2,Pleno dia,Decrescente,Céu Claro,Múltipla,Reta,-27.5187,-48.63812,DEL01-SC,Risco Médio,Alta
sábado,BR-116,827.3,Pleno dia,Decrescente,Sol,Simples,Reta,-14.82538,-40.82217,DEL08-BA,Risco Médio,Alta
segunda-feira,BR-60,251.4,Pleno dia,Decrescente,Céu Claro,Múltipla,Reta,-17.13595,-49.98855,DEL01-GO,Risco Baixo,Média
segunda-feira,BR-369,157.8,Amanhecer,Crescente,Céu Claro,Dupla,Interseção de vias,-23.28535,-51.23217,DEL07-PR,Risco Médio,Baixa
sexta-feira,BR-470,140.3,Plena Noite,Decrescente,Céu Claro,Simples,Reta,-27.22248,-49.66283,DEL04-SC,Risco Médio,Baixa
sábado,BR-101,228.7,Plena Noite,Crescente,Nublado,Dupla,Reta,-27.75972,-48.63079,DEL01-SC,Risco Médio,Alta
sexta-feira,BR-381,58.0,Anoitecer,Crescente,Céu Claro,Dupla,Não Informado,-23.27438,-46.58531,DEL03-SP,Risco Médio,Alta
terça-feira,BR-316,63.0,Pleno dia,Crescente,Céu Claro,Dupla,Reta,-1.2962,-47.9214,DEL01-PA,Risco Baixo,Baixa
sábado,BR-153,117.5,Plena Noite,Decrescente,Céu Claro,Simples,Curva,-23.90415,-50.20574,DEL07-PR,Risco Médio,Alta
sexta-feira,BR-101,332.7,Plena Noite,Decrescente,Chuva,Simples,Curva,-20.62716,-40.5317,DEL03-ES,Risco Médio,Alta
domingo,BR-381,526.6,Pleno dia,Crescente,Chuva,Dupla,Curva,-20.15536,-44.3284,DEL04-MG,Risco Médio,Alta
quinta-feira,BR-101,232.7,Plena Noite,Decrescente,Céu Claro,Dupla,Reta,-27.79567,-48.63815,DEL01-SC,Risco Médio,Alta
sexta-feira,BR-364,126.0,Plena Noite,Decrescente,Céu Claro,Dupla,Reta,-10.01282,-67.80875,DEL01-AC,Risco Médio,Alta
terça-feira,BR-101,88.7,Pleno dia,Decrescente,Céu Claro,Dupla,Reta,-26.65299,-48.68709,DEL03-SC,Risco Médio,Alta
sábado,BR-367,83.7,Pleno dia,Decrescente,Céu Claro,Simples,Interseção de vias,-16.37256,-39.57064,DEL09-BA,Risco Médio,Baixa
segunda-feira,BR-101,216.2,Plena Noite,Crescente,Nublado,Múltipla,Reta,-27.65981,-48.67748,DEL01-SC,Risco Médio,Alta
sábado,BR-386,257.1,Plena Noite,Decrescente,Nublado,Simples,Curva,-28.88732,-52.42105,DEL04-RS,Risco Médio,Média
quarta-feira,BR-316,2.9,Pleno dia,Crescente,Céu Claro,Múltipla,Reta,-5.13005,-42.79224,DEL01-PI,Risco Médio,Baixa
quinta-feira,BR-116,31.9,Pleno dia,Crescente,Sol,Dupla,Não Informado,-4.026499,-38.51421,DEL01-CE,Risco Médio,Alta
quarta-feira,BR-364,994.0,Pleno dia,Crescente,Chuva,Simples,Não Informado,-9.684446,-65.94207,DEL01-RO,Risco Médio,Alta
quarta-feira,BR-70,16.0,Pleno dia,Crescente,Céu Claro,Simples,Reta,-15.8669,-52.398,DEL07-MT,Risco Baixo,Baixa
quarta-feira,BR-158,537.0,Pleno dia,Crescente,Céu Claro,Simples,Reta,-26.24775,-52.70513,DEL02-PR,Risco Médio,Baixa
sexta-feira,BR-369,154.0,Plena Noite,Decrescente,Céu Claro,Dupla,Reta,-23.29648,-51.20756,DEL07-PR,Risco Médio,Baixa
sexta-feira,BR-476,355.5,Pleno dia,Crescente,Nublado,Simples,Ponte,-26.19624,-51.02349,DEL02-PR,Risco Baixo,Baixa
domingo,BR-364,236.8,Plena Noite,Crescente,Céu Claro,Simples,Reta,-11.44389,-61.44515,DEL02-RO,Risco Médio,Alta
terça-feira,BR-116,117.0,Pleno dia,Crescente,Sol,Dupla,Interseção de vias,-25.42895,-49.26714,DEL01-PR,Risco Baixo,Alta
segunda-feira,BR-364,200.0,Plena Noite,Decrescente,Nublado,Simples,Reta,-11.65284,-61.19276,DEL02-RO,Risco Médio,Alta
domingo,BR-424,16.0,Pleno dia,Crescente,Céu Claro,Simples,Não Informado,-8.499679,-36.95655,DEL04-PE,Risco Médio,Baixa
terça-feira,BR-116,278.0,Plena Noite,Crescente,Céu Claro,Simples,Reta,-17.8521,-41.5141,DEL11-MG,Risco Médio,Alta
segunda-feira,BR-251,384.0,Plena Noite,Crescente,Céu Claro,Simples,Reta,-16.28187,-42.80859,DEL12-MG,Risco Médio,Baixa
terça-feira,BR-116,373.0,Plena Noite,Crescente,Nublado,Simples,Reta,-6.405386,-38.84573,DEL05-CE,Risco Médio,Alta
sábado,BR-364,135.0,Plena Noite,Decrescente,Céu Claro,Dupla,Rotatória,-9.985881,-67.84524,DEL01-AC,Risco Baixo,Alta
quinta-feira,BR-116,170.0,Plena Noite,Crescente,Céu Claro,Dupla,Reta,-22.78061,-43.39119,DEL01-RJ,Risco Médio,Alta
sexta-feira,BR-104,63.0,Pleno dia,Crescente,Sol,Dupla,Não Informado,-8.2698,-35.9803,DEL02-PE,Risco Médio,Baixa
domingo,BR-116,150.0,Pleno dia,Decrescente,Nublado,Simples,Não Informado,-16.85155,-41.47816,DEL11-MG,Risco Baixo,Alta
domingo,BR-163,818.9,Pleno dia,Crescente,Céu Claro,Simples,Reta,-12.13923,-55.51456,DEL06-MT,Risco Médio,Alta
quinta-feira,BR-101,375.0,Pleno dia,Crescente,Céu Claro,Dupla,Reta,-28.14977,-48.69248,DEL02-SC,Risco Baixo,Alta
quinta-feira,BR-369,178.0,Plena Noite,Decrescente,Céu Claro,Dupla,Reta,-23.31041,-51.36967,DEL07-PR,Risco Médio,Baixa
domingo,BR-20,179.7,Plena Noite,Crescente,Céu Claro,Simples,Reta,-14.48516,-46.49855,DEL02-DF,Risco Médio,Baixa
quinta-feira,BR-101,321.0,Pleno dia,Crescente,Céu Claro,Dupla,Curva,-22.87024,-43.11046,DEL02-RJ,Risco Médio,Alta
terça-feira,BR-316,20.0,Plena Noite,Decrescente,Céu Claro,Simples,Interseção de vias,-7.5599,-40.5343,DEL05-PE,Risco Médio,Baixa
quinta-feira,BR-70,327.5,Plena Noite,Crescente,Garoa/Chuvisco,Simples,Rotatória,-15.82058,-55.40998,DEL05-MT,Risco Baixo,Baixa
domingo,BR-376,666.1,Pleno dia,Crescente,Céu Claro,Dupla,Curva,-25.86217,-48.94941,DEL01-PR,Risco Médio,Baixa
terça-feira,BR-50,157.4,Plena Noite,Decrescente,Céu Claro,Dupla,Retorno Regulamentado,-19.62829,-48.01456,DEL13-MG,Risco Baixo,Média
terça-feira,BR-324,615.0,Pleno dia,Decrescente,Céu Claro,Dupla,Reta,-12.87206,-38.42746,DEL01-BA,Risco Médio,Baixa
sexta-feira,BR-476,50.6,Pleno dia,Decrescente,Céu Claro,Simples,Reta,-24.93569,-49.09416,DEL01-PR,Risco Médio,Baixa
quinta-feira,BR-376,172.0,Plena Noite,Decrescente,Chuva,Dupla,Não Informado,-23.41583,-51.97805,DEL09-PR,Risco Baixo,Baixa
sábado,BR-101,533.0,Pleno dia,Decrescente,Sol,Simples,Reta,-23.02406,-44.53704,DEL03-RJ,Risco Médio,Alta
terça-feira,BR-235,3.0,Pleno dia,Decrescente,Céu Claro,Dupla,Reta,-10.9059,-37.111,DEL01-SE,Risco Médio,Baixa
domingo,BR-116,94.0,Pleno dia,Decrescente,Garoa/Chuvisco,Dupla,Reta,-25.48954,-49.11202,DEL01-PR,Risco Médio,Alta
sábado,BR-101,84.7,Plena Noite,Crescente,Céu Claro,Dupla,Reta,-5.774175,-35.2578,DEL02-RN,Risco Alto,Alta
domingo,BR-101,895.5,Pleno dia,Decrescente,Chuva,Simples,Curva,-17.75163,-39.76433,DEL09-BA,Risco Médio,Alta
segunda-feira,BR-101,408.0,Pleno dia,Decrescente,Céu Claro,Simples,Reta,-14.04106,-39.39977,DEL05-BA,Risco Médio,Alta
segunda-feira,BR-70,7.7,Anoitecer,Crescente,Nublado,Dupla,Desvio Temporário,-15.7876,-48.11443,DEL01-DF,Risco Médio,Baixa
sexta-feira,BR-163,808.7,Amanhecer,Decrescente,Céu Claro,Simples,Reta,-17.84003,-54.71239,DEL06-MS,Risco Médio,Alta
sexta-feira,BR-470,41.0,Pleno dia,Decrescente,Céu Claro,Dupla,Não Informado,-26.88234,-48.99697,DEL04-SC,Risco Médio,Baixa
quinta-feira,BR-369,18.0,Plena Noite,Decrescente,Céu Claro,Simples,Reta,-23.0339,-50.06078,DEL07-PR,Risco Baixo,Baixa
terça-feira,BR-116,227.0,Pleno dia,Crescente,Céu Claro,Múltipla,Curva,-23.49929,-46.5616,DEL01-SP,Risco Médio,Alta
segunda-feira,BR-70,507.0,Pleno dia,Crescente,Céu Claro,Simples,Reta,-15.69775,-56.08555,DEL02-MT,Risco Médio,Baixa
sábado,BR-174,375.1,Pleno dia,Crescente,Céu Claro,Simples,Curva,-14.57827,-59.52942,DEL04-MT,Risco Médio,Baixa
domingo,BR-101,207.9,Plena Noite,Decrescente,Nublado,Dupla,Reta,-27.60001,-48.62265,DEL01-SC,Risco Médio,Alta
sábado,BR-468,87.0,Pleno dia,Crescente,Céu Claro,Simples,Reta,-27.56721,-53.86053,DEL08-RS,Risco Alto,Baixa
segunda-feira,BR-381,528.2,Pleno dia,Crescente,Chuva,Dupla,Curva,-20.16412,-44.33834,DEL04-MG,Risco Baixo,Alta
quinta-feira,BR-101,144.0,Amanhecer,Decrescente,Nublado,Dupla,Reta,-19.35188,-40.06367,DEL04-ES,Risco Médio,Alta
sábado,BR-222,53.3,Pleno dia,Crescente,Céu Claro,Simples,Reta,-3.66899,-39.0234,DEL01-CE,Risco Baixo,Baixa
segunda-feira,BR-40,673.6,Pleno dia,Decrescente,Céu Claro,Simples,Não Informado,-21.00116,-43.77735,DEL05-MG,Risco Médio,Alta
sexta-feira,BR-222,315.0,Pleno dia,Crescente,Céu Claro,Simples,Reta,-3.738862,-41.00539,DEL04-CE,Risco Médio,Baixa
sexta-feira,BR-10,332.0,Pleno dia,Decrescente,Céu Claro,Simples,Desvio Temporário,-4.84645,-47.51459,DEL04-MA,Risco Médio,Baixa
quarta-feira,BR-101,125.0,Plena Noite,Decrescente,Nevoeiro/Neblina,Dupla,Reta,-26.94802,-48.68339,DEL04-SC,Risco Alto,Alta
quarta-feira,BR-487,130.0,Pleno dia,Crescente,Chuva,Simples,Reta,-23.88227,-52.83453,DEL04-PR,Risco Baixo,Baixa
quarta-feira,BR-230,13.0,Pleno dia,Decrescente,Sol,Dupla,Reta,-7.091122,-34.84822,DEL01-PB,Risco Médio,Baixa
terça-feira,BR-163,470.6,Pleno dia,Crescente,Céu Claro,Simples,Interseção de vias,-20.55501,-54.55583,DEL01-MS,Risco Médio,Alta
terça-feira,BR-222,300.0,Pleno dia,Crescente,Céu Claro,Simples,Não Informado,-3.656531,-40.93476,DEL04-CE,Risco Baixo,Baixa
sexta-feira,BR-40,524.0,Pleno dia,Decrescente,Sol,Dupla,Curva,-19.879,-44.0511,DEL01-MG,Risco Baixo,Alta
segunda-feira,BR-282,530.4,Pleno dia,Decrescente,Céu Claro,Simples,Reta,-26.98655,-52.60524,DEL07-SC,Risco Baixo,Baixa
sábado,BR-392,117.9,Plena Noite,Crescente,Nublado,Dupla,Não Informado,-31.41369,-52.67628,DEL07-RS,Risco Baixo,Média
sexta-feira,BR-101,312.0,Pleno dia,Crescente,Sol,Dupla,Reta,-22.80547,-43.06157,DEL02-RJ,Risco Médio,Alta
quarta-feira,BR-262,68.7,Pleno dia,Crescente,Céu Claro,Simples,Curva,-20.3074,-42.2873,DEL06-MG,Risco Médio,Média
sábado,BR-116,152.0,Pleno dia,Decrescente,Céu Claro,Dupla,Curva,-29.18293,-51.16802,DEL05-RS,Risco Médio,Alta
terça-feira,BR-386,337.9,Pleno dia,Decrescente,Nublado,Simples,Curva,-29.41282,-52.02618,DEL04-RS,Risco Baixo,Média
sábado,BR-232,107.1,Pleno dia,Decrescente,Sol,Dupla,Reta,-8.26839,-35.79747,DEL02-PE,Risco Médio,Baixa
domingo,BR-393,236.4,Plena Noite,Decrescente,Chuva,Simples,Reta,-22.38997,-43.64928,DEL05-RJ,Risco Médio,Média
sexta-feira,BR-428,178.0,Pleno dia,Crescente,Garoa/Chuvisco,Simples,Reta,-9.28421,-40.44163,DEL06-PE,Risco Médio,Baixa
sábado,BR-101,165.2,Plena Noite,Crescente,Nublado,Dupla,Reta,-27.25266,-48.63155,DEL04-SC,Risco Médio,Alta
segunda-feira,BR-40,626.0,Pleno dia,Decrescente,Sol,Simples,Reta,-20.63283,-43.81231,DEL05-MG,Risco Médio,Alta
quinta-feira,BR-101,117.0,Plena Noite,Crescente,Céu Claro,Múltipla,Reta,-26.87906,-48.72604,DEL04-SC,Risco Médio,Alta
sexta-feira,BR-101,881.8,Anoitecer,Decrescente,Céu Claro,Simples,Reta,-17.57738,-39.7365,DEL09-BA,Risco Médio,Alta
quarta-feira,BR-10,248.1,Pleno dia,Decrescente,Céu Claro,Simples,Reta,-5.566143,-47.44903,DEL04-MA,Risco Médio,Baixa
quarta-feira,BR-116,616.0,Pleno dia,Decrescente,Céu Claro,Simples,Reta,-13.3815,-40.02075,DEL03-BA,Risco Médio,Alta
domingo,BR-277,76.0,Amanhecer,Crescente,Nublado,Dupla,Reta,-25.51328,-49.12433,DEL01-PR,Risco Baixo,Média
sábado,BR-116,444.0,Plena Noite,Decrescente,Ignorado,Dupla,Reta,-24.49129,-47.83615,DEL05-SP,Risco Médio,Alta
domingo,BR-70,161.0,Pleno dia,Decrescente,Céu Claro,Simples,Curva,-15.55785,-53.46438,DEL05-MT,Risco Médio,Baixa
quinta-feira,BR-222,11.9,Plena Noite,Crescente,Céu Claro,Simples,Reta,-3.765979,-38.66222,DEL01-CE,Risco Médio,Baixa
sexta-feira,BR-163,542.0,Plena Noite,Crescente,Céu Claro,Simples,Reta,-19.97194,-54.38262,DEL01-MS,Risco Médio,Alta
sexta-feira,BR-408,105.0,Pleno dia,Decrescente,Céu Claro,Dupla,Retorno Regulamentado,-8.073094,-34.99191,DEL01-PE,Risco Baixo,Baixa
terça-feira,BR-316,310.0,Pleno dia,Crescente,Céu Claro,Simples,Reta,-7.076392,-41.47475,DEL04-PI,Risco Baixo,Baixa
segunda-feira,BR-470,71.0,Plena Noite,Crescente,Nublado,Simples,Não Informado,-26.89524,-49.2621,DEL04-SC,Risco Médio,Baixa
sábado,BR-376,410.8,Pleno dia,Crescente,Céu Claro,Simples,Reta,-24.62248,-50.64621,DEL03-PR,Risco Médio,Baixa
quarta-feira,BR-272,435.9,Pleno dia,Crescente,Nublado,Simples,Reta,-24.17964,-53.00869,DEL04-PR,Risco Médio,Baixa
domingo,BR-40,527.9,Amanhecer,Crescente,Nublado,Dupla,Não Informado,-19.90896,-44.0449,DEL01-MG,Risco Médio,Alta
quinta-feira,BR-104,66.0,Pleno dia,Decrescente,Céu Claro,Dupla,Interseção de vias,-8.288756,-35.98422,DEL02-PE,Risco Baixo,Baixa
sexta-feira,BR-116,147.0,Pleno dia,Decrescente,Chuva,Múltipla,Reta,-23.19547,-45.87185,DEL02-SP,Risco Médio,Alta
terça-feira,BR-282,15.5,Plena Noite,Crescente,Chuva,Simples,Reta,-27.65185,-48.67605,DEL01-SC,Risco Médio,Baixa
quarta-feira,BR-101,83.9,Pleno dia,Decrescente,Céu Claro,Dupla,Reta,-5.771045,-35.26617,DEL02-RN,Risco Médio,Alta
domingo,BR-101,45.0,Plena Noite,Crescente,Céu Claro,Simples,Reta,-18.54284,-39.90547,DEL04-ES,Risco Baixo,Alta
quinta-feira,BR-316,6.8,Plena Noite,Crescente,Céu Claro,Simples,Reta,-5.147021,-42.77439,DEL01-PI,Risco Médio,Baixa
quinta-feira,BR-116,101.1,Pleno dia,Decrescente,Céu Claro,Dupla,Reta,-22.99074,-45.48115,DEL08-SP,Risco Médio,Alta
quinta-feira,BR-316,318.0,Pleno dia,Crescente,Céu Claro,Simples,Reta,-7.087414,-41.40291,DEL04-PI,Risco Médio,Baixa
quinta-feira,BR-101,121.5,Amanhecer,Crescente,Ignorado,Simples,Não Informado,-12.15209,-38.51688,DEL01-BA,Risco Médio,Alta
sexta-feira,BR-101,331.6,Plena Noite,Decrescente,Céu Claro,Simples,Reta,-28.45568,-48.98127,DEL02-SC,Risco Médio,Alta
domingo,BR-282,528.0,Anoitecer,Decrescente,Nevoeiro/Neblina,Simples,Curva,-26.9788,-52.58857,DEL07-SC,Risco Médio,Baixa