dia_semana,br,km,fase_dia,sentido_via,condicao_metereologica,tipo_pista,tracado_via,latitude,longitude,delegacia,classificacao_acidente,postos_policiais_PRF
sexta-feira,BR-153,61.0,Pleno dia,Crescente,Céu Claro,Dupla,Desvio Temporário,-20.79929,-49.35546,DEL09-SP,Risco Baixo,Alta
terça-feira,BR-381,767.0,Plena Noite,Crescente,Céu Claro,Dupla,Curva,-21.7528,-45.3956,DEL16-MG,Risco Médio,Alta
sexta-feira,BR-101,260.1,Plena Noite,Decrescente,Céu Claro,Dupla,Reta,-20.14616,-40.28836,DEL02-ES,Risco Baixo,Alta
sábado,BR-60,379.0,Pleno dia,Decrescente,Céu Claro,Dupla,Retorno Regulamentado,-17.7564,-50.8793,DEL04-GO,Risco Médio,Média
terça-feira,BR-163,819.0,Pleno dia,Crescente,Céu Claro,Simples,Não Informado,-12.00995,-55.51721,DEL06-MT,Risco Alto,Alta
sexta-feira,BR-262,359.0,Pleno dia,Decrescente,Céu Claro,Dupla,Desvio Temporário,-19.9739,-44.2692,DEL01-MG,Risco Médio,Média
sexta-feira,BR-60,593.0,Pleno dia,Decrescente,Céu Claro,Simples,Reta,-21.48542,-56.15041,DEL05-MS,Risco Médio,Média
sábado,BR-116,814.6,Plena Noite,Decrescente,Chuva,Simples,Curva,-21.85059,-42.66364,DEL07-MG,Risco Médio,Alta
quinta-feira,BR-101,476.0,Pleno dia,Crescente,Céu Claro,Simples,Desvio Temporário,-23.00518,-44.25933,DEL03-RJ,Risco Médio,Alta
segunda-feira,BR-277,83.0,Plena Noite,Decrescente,Céu Claro,Dupla,Reta,-25.44594,-49.23171,DEL01-PR,Risco Baixo,Média
sexta-feira,BR-101,16.0,Pleno dia,Crescente,Céu Claro,Simples,Reta,-5.278807,-35.46122,DEL02-RN,Risco Médio,Alta
segunda-feira,BR-476,146.0,Pleno dia,Decrescente,Céu Claro,Dupla,Reta,-25.55119,-49.33011,DEL01-PR,Risco Baixo,Baixa
sábado,BR-101,41.0,Amanhecer,Crescente,Nublado,Dupla,Viaduto,-26.28215,-48.88973,DEL03-SC,Risco Médio,Alta
quinta-feira,BR-364,1246.0,Plena Noite,Crescente,Céu Claro,Simples,Reta,-13.66218,-59.75315,DEL04-MT,Risco Baixo,Alta
sábado,BR-101,128.6,Plena Noite,Decrescente,Chuva,Dupla,Curva,-26.97284,-48.68299,DEL04-SC,Risco Baixo,Alta
domingo,BR-116,110.1,Amanhecer,Decrescente,Céu Claro,Simples,Reta,-16.51283,-41.5062,DEL11-MG,Risco Alto,Alta
terça-feira,BR-101,41.5,Pleno dia,Crescente,Nublado,Simples,Curva,-11.81894,-37.97408,DEL02-SE,Risco Alto,Alta
domingo,BR-153,292.0,Plena Noite,Decrescente,Céu Claro,Simples,Reta,-8.492672,-48.49075,DEL02-TO,Risco Médio,Alta
quarta-feira,BR-392,626.1,Plena Noite,Crescente,Céu Claro,Simples,Curva,-28.16455,-54.42095,DEL10-RS,Risco Médio,Média
sábado,BR-369,487.0,Pleno dia,Crescente,Céu Claro,Simples,Curva,-24.6901,-53.2359,DEL04-PR,Risco Médio,Baixa
sábado,BR-40,84.2,Pleno dia,Crescente,Céu Claro,Simples,Não Informado,-22.5511,-43.2257,DEL06-RJ,Risco Médio,Alta
domingo,BR-408,75.2,Amanhecer,Decrescente,Céu Claro,Dupla,Curva,-7.905946,-35.17326,DEL01-PE,Risco Baixo,Baixa
quinta-feira,BR-376,179.0,Pleno dia,Crescente,Chuva,Dupla,Reta,-23.4194,-51.91278,DEL07-PR,Risco Baixo,Baixa
domingo,BR-116,22.1,Anoitecer,Decrescente,Céu Claro,Simples,Não Informado,-26.25967,-49.91314,DEL06-SC,Risco Alto,Alta
quarta-feira,BR-101,76.4,Plena Noite,Crescente,Céu Claro,Dupla,Ponte,-7.094745,-34.96747,DEL01-PB,Risco Médio,Alta
domingo,BR-40,6.7,Anoitecer,Decrescente,Céu Claro,Simples,Reta,-16.10081,-47.97735,DEL01-DF,Risco Médio,Alta
domingo,BR-116,576.0,Plena Noite,Crescente,Nublado,Simples,Reta,-13.0556,-39.95874,DEL03-BA,Risco Médio,Alta
terça-feira,BR-174,508.0,Anoitecer,Crescente,Céu Claro,Simples,Reta,2.831192,-60.6989,DEL01-RR,Risco Médio,Baixa
domingo,BR-381,576.0,Anoitecer,Crescente,Céu Claro,Dupla,Curva,-20.481,-44.58883,DEL04-MG,Risco Médio,Alta
domingo,BR-262,446.5,Plena Noite,Decrescente,Céu Claro,Simples,Reta,-19.8616,-45.00327,DEL08-MG,Risco Médio,Média
sexta-feira,BR-316,619.4,Plena Noite,Crescente,Céu Claro,Simples,Reta,-5.107641,-42.8279,DEL03-MA,Risco Médio,Baixa
domingo,BR-316,21.2,Plena Noite,Decrescente,Nublado,Dupla,Não Informado,-1.3572,-48.25995,DEL01-PA,Risco Alto,Baixa
sábado,BR-101,68.0,Pleno dia,Crescente,Sol,Múltipla,Reta,-8.050743,-34.94581,DEL01-PE,Risco Baixo,Alta
segunda-feira,BR-376,381.7,Plena Noite,Decrescente,Céu Claro,Simples,Reta,-24.4196,-50.7737,DEL03-PR,Risco Baixo,Baixa
quinta-feira,BR-104,117.0,Plena Noite,Crescente,Céu Claro,Simples,Não Informado,-7.190307,-35.86737,DEL02-PB,Risco Médio,Baixa
sábado,BR-116,284.0,Pleno dia,Crescente,Nublado,Dupla,Reta,-23.69998,-46.86777,DEL04-SP,Risco Médio,Alta
quinta-feira,BR-163,484.5,Pleno dia,Decrescente,Céu Claro,Simples,Reta,-20.44722,-54.54109,DEL01-MS,Risco Médio,Alta
quinta-feira,BR-408,70.8,Pleno dia,Decrescente,Nublado,Dupla,Curva,-7.871694,-35.19399,DEL01-PE,Risco Médio,Baixa
sábado,BR-153,674.7,Plena Noite,Crescente,Chuva,Simples,Não Informado,-11.76889,-49.10236,DEL02-TO,Risco Baixo,Alta
sexta-feira,BR-364,761.0,Pleno dia,Decrescente,Nublado,Simples,Não Informado,-9.099978,-64.09508,DEL01-RO,Risco Baixo,Alta
sexta-feira,BR-324,526.0,Pleno dia,Decrescente,Nublado,Dupla,Reta,-12.3064,-38.89052,DEL01-BA,Risco Médio,Baixa
quinta-feira,BR-163,114.0,Pleno dia,Crescente,Céu Claro,Dupla,Reta,-16.5384,-54.6669,DEL02-MT,Risco Médio,Alta
segunda-feira,BR-116,529.0,Pleno dia,Crescente,Sol,Simples,Retorno Regulamentado,-31.75446,-52.42804,DEL07-RS,Risco Médio,Alta
sábado,BR-277,273.4,Plena Noite,Crescente,Nevoeiro/Neblina,Simples,Reta,-25.2128,-50.9817,DEL03-PR,Risco Baixo,Média
terça-feira,BR-116,530.1,Plena Noite,Decrescente,Céu Claro,Simples,Interseção de vias,-31.76014,-52.43847,DEL07-RS,Risco Médio,Alta
domingo,BR-50,93.8,Plena Noite,Decrescente,Chuva,Dupla,Não Informado,-19.07493,-48.18892,DEL15-MG,Risco Médio,Média
sábado,BR-393,289.0,Plena Noite,Decrescente,Garoa/Chuvisco,Dupla,Interseção de vias,-22.51094,-44.08446,DEL05-RJ,Risco Baixo,Média
sábado,BR-101,99.0,Pleno dia,Decrescente,Céu Claro,Dupla,Reta,-26.7471,-48.69655,DEL03-SC,Risco Médio,Alta
quarta-feira,BR-50,169.0,Pleno dia,Decrescente,Sol,Dupla,Reta,-19.7366,-47.9829,DEL13-MG,Risco Médio,Média
sábado,BR-158,518.7,Pleno dia,Decrescente,Céu Claro,Simples,Curva,-26.20228,-52.67822,DEL02-PR,Risco Médio,Baixa
quarta-feira,BR-230,404.0,Pleno dia,Crescente,Céu Claro,Simples,Reta,-7.523399,-46.04122,DEL05-MA,Risco Médio,Baixa
quinta-feira,BR-116,278.0,Pleno dia,Decrescente,Chuva,Dupla,Curva,-22.55271,-44.17778,DEL07-RJ,Risco Baixo,Alta
sexta-feira,BR-369,165.5,Pleno dia,Decrescente,Garoa/Chuvisco,Dupla,Reta,-23.29529,-51.29846,DEL07-PR,Risco Médio,Baixa
segunda-feira,BR-222,31.6,Pleno dia,Decrescente,Nublado,Simples,Reta,-3.710199,-38.82872,DEL01-CE,Risco Médio,Baixa
quinta-feira,BR-116,144.7,Pleno dia,Decrescente,Céu Claro,Dupla,Reta,-23.18274,-45.84634,DEL02-SP,Risco Médio,Alta
sexta-feira,BR-40,655.7,Pleno dia,Decrescente,Céu Claro,Simples,Curva,-20.8746,-43.80001,DEL05-MG,Risco Médio,Alta
sábado,BR-116,528.3,Pleno dia,Crescente,Nublado,Dupla,Interseção de vias,-19.79411,-42.13773,DEL06-MG,Risco Médio,Alta
sábado,BR-50,98.5,Plena Noite,Decrescente,Céu Claro,Simples,Reta,-16.76907,-47.614,DEL01-DF,Risco Médio,Média
sábado,BR-381,398.2,Plena Noite,Crescente,Céu Claro,Simples,Reta,-19.75212,-43.47634,DEL01-MG,Risco Médio,Alta
domingo,BR-262,99.0,Pleno dia,Crescente,Céu Claro,Simples,Reta,-20.6252,-52.3598,DEL07-MS,Risco Baixo,Média
sexta-feira,BR-277,10.5,Amanhecer,Crescente,Chuva,Dupla,Reta,-25.5682,-48.61529,DEL01-PR,Risco Alto,Média
segunda-feira,BR-101,40.0,Plena Noite,Decrescente,Nublado,Dupla,Reta,-7.8203,-34.9169,DEL01-PE,Risco Baixo,Alta
quarta-feira,BR-101,133.0,Plena Noite,Crescente,Ignorado,Simples,Rotatória,-9.772675,-36.10117,DEL02-AL,Risco Médio,Alta
sexta-feira,BR-280,181.0,Pleno dia,Crescente,Céu Claro,Simples,Curva,-26.17201,-49.89655,DEL06-SC,Risco Baixo,Baixa
domingo,BR-364,338.0,Pleno dia,Decrescente,Céu Claro,Dupla,Não Informado,-15.83561,-55.47671,DEL05-MT,Risco Médio,Alta
domingo,BR-101,416.0,Pleno dia,Crescente,Céu Claro,Múltipla,Reta,-28.96709,-49.52339,DEL02-SC,Risco Médio,Alta
quinta-feira,BR-376,492.0,Plena Noite,Crescente,Nublado,Dupla,Curva,-25.12224,-50.18393,DEL03-PR,Risco Médio,Baixa
quarta-feira,BR-407,5.0,Pleno dia,Decrescente,Céu Claro,Simples,Reta,-9.451358,-40.48869,DEL06-PE,Risco Médio,Baixa
domingo,BR-153,24.5,Plena Noite,Crescente,Céu Claro,Simples,Interseção de vias,-23.18884,-49.98639,DEL07-PR,Risco Médio,Alta
quarta-feira,BR-262,326.0,Plena Noite,Crescente,Céu Claro,Dupla,Reta,-20.46867,-54.53456,DEL01-MS,Risco Baixo,Média
quinta-feira,BR-40,676.3,Amanhecer,Crescente,Garoa/Chuvisco,Dupla,Curva,-21.02631,-43.78334,DEL05-MG,Risco Médio,Alta
sábado,BR-50,160.0,Plena Noite,Crescente,Céu Claro,Dupla,Reta,-17.2544,-47.7671,DEL06-GO,Risco Baixo,Média
sábado,BR-470,171.0,Pleno dia,Decrescente,Chuva,Simples,Curva,-28.89156,-51.54959,DEL06-RS,Risco Médio,Baixa
segunda-feira,BR-277,139.0,Pleno dia,Crescente,Chuva,Dupla,Curva,-25.4737,-49.7229,DEL01-PR,Risco Baixo,Média
quinta-feira,BR-40,102.0,Plena Noite,Crescente,Céu Claro,Dupla,Reta,-22.61089,-43.28656,DEL01-RJ,Risco Médio,Alta
terça-feira,BR-101,181.3,Plena Noite,Crescente,Céu Claro,Múltipla,Reta,-27.38959,-48.63198,DEL01-SC,Risco Médio,Alta
quinta-feira,BR-381,479.0,Pleno dia,Crescente,Céu Claro,Dupla,Não Informado,-19.9589,-44.0692,DEL01-MG,Risco Médio,Alta
quarta-feira,BR-40,518.0,Pleno dia,Decrescente,Céu Claro,Dupla,Reta,-19.83212,-44.08209,DEL01-MG,Risco Médio,Alta
quarta-feira,BR-369,150.0,Pleno dia,Crescente,Nublado,Dupla,Não Informado,-23.29291,-51.1631,DEL07-PR,Risco Médio,Baixa
domingo,BR-282,505.2,Pleno dia,Crescente,Céu Claro,Simples,Reta,-26.88588,-52.41876,DEL07-SC,Risco Médio,Baixa
domingo,BR-10,316.0,Plena Noite,Crescente,Céu Claro,Simples,Reta,-1.667351,-47.49702,DEL01-PA,Risco Alto,Baixa
segunda-feira,BR-435,24.0,Pleno dia,Decrescente,Céu Claro,Simples,Reta,-12.77549,-60.32739,DEL04-RO,Risco Baixo,Baixa
sábado,BR-324,618.0,Plena Noite,Decrescente,Chuva,Dupla,Reta,-12.89908,-38.45078,DEL01-BA,Risco Médio,Baixa
terça-feira,BR-101,11.0,Amanhecer,Decrescente,Céu Claro,Simples,Reta,-7.6026,-34.9792,DEL01-PE,Risco Médio,Alta
segunda-feira,BR-40,96.1,Plena Noite,Crescente,Céu Claro,Simples,Desvio Temporário,-15.79423,-47.88217,DEL01-DF,Risco Baixo,Alta
quarta-feira,BR-116,370.0,Pleno dia,Decrescente,Céu Claro,Múltipla,Reta,-24.1523,-47.32082,DEL04-SP,Risco Baixo,Alta
domingo,BR-153,500.5,Plena Noite,Crescente,Chuva,Dupla,Reta,-16.7118,-49.2324,DEL01-GO,Risco Médio,Alta
segunda-feira,BR-470,218.2,Pleno dia,Crescente,Nublado,Simples,Interseção de vias,-29.18235,-51.52028,DEL06-RS,Risco Médio,Baixa
domingo,BR-60,137.0,Pleno dia,Crescente,Céu Claro,Dupla,Desvio Temporário,-16.603,-49.2023,DEL01-GO,Risco Médio,Média
segunda-feira,BR-116,520.1,Plena Noite,Decrescente,Nublado,Simples,Reta,-19.71526,-42.12626,DEL06-MG,Risco Médio,Alta
sexta-feira,BR-135,113.0,Pleno dia,Decrescente,Nublado,Simples,Reta,-3.460817,-44.52959,DEL01-MA,Risco Médio,Baixa
sexta-feira,BR-230,125.1,Pleno dia,Crescente,Céu Claro,Simples,Não Informado,-7.2498,-35.6827,DEL02-PB,Risco Médio,Baixa
terça-feira,BR-369,72.0,Plena Noite,Decrescente,Chuva,Simples,Curva,-23.15279,-50.50164,DEL07-PR,Risco Baixo,Baixa
sexta-feira,BR-116,489.3,Pleno dia,Decrescente,Nublado,Dupla,Retorno Regulamentado,-24.73207,-48.1115,DEL05-SP,Risco Médio,Alta
sábado,BR-60,130.2,Pleno dia,Crescente,Céu Claro,Simples,Reta,-19.34311,-53.48847,DEL06-MS,Risco Alto,Média
sexta-feira,BR-222,3.0,Plena Noite,Decrescente,Céu Claro,Dupla,Reta,-3.68954,-40.34832,DEL04-CE,Risco Médio,Baixa
terça-feira,BR-101,333.0,Pleno dia,Decrescente,Nublado,Múltipla,Reta,-22.87847,-43.21072,DEL02-RJ,Risco Médio,Alta
domingo,BR-392,703.2,Amanhecer,Decrescente,Nublado,Simples,Reta,-28.04502,-55.08751,DEL10-RS,Risco Médio,Média
sexta-feira,BR-101,277.0,Pleno dia,Crescente,Chuva,Dupla,Reta,-22.73932,-42.7489,DEL02-RJ,Risco Baixo,Alta
terça-feira,BR-316,311.0,Plena Noite,Crescente,Chuva,Simples,Reta,-7.079842,-41.45995,DEL04-PI,Risco Baixo,Baixa
sábado,BR-101,113.0,Amanhecer,Crescente,Nublado,Dupla,Reta,-26.86162,-48.72874,DEL04-SC,Risco Médio,Alta
terça-feira,BR-60,12.6,Plena Noite,Crescente,Nublado,Dupla,Não Informado,-16.11399,-48.33922,DEL01-DF,Risco Médio,Média
sexta-feira,BR-232,33.8,Pleno dia,Decrescente,Sol,Dupla,Reta,-8.107348,-35.18502,DEL01-PE,Risco Alto,Baixa
sábado,BR-101,424.0,Amanhecer,Decrescente,Chuva,Simples,Reta,-14.14911,-39.34768,DEL05-BA,Risco Alto,Alta
sexta-feira,BR-262,401.4,Plena Noite,Crescente,Céu Claro,Dupla,Reta,-19.90019,-44.55287,DEL08-MG,Risco Médio,Média
sexta-feira,BR-116,564.5,Plena Noite,Decrescente,Céu Claro,Simples,Curva,-20.06217,-42.17191,DEL06-MG,Risco Baixo,Alta
quinta-feira,BR-101,214.0,Pleno dia,Crescente,Céu Claro,Múltipla,Reta,-27.64443,-48.67057,DEL01-SC,Risco Médio,Alta
sábado,BR-40,90.0,Pleno dia,Decrescente,Chuva,Simples,Curva,-22.55074,-43.2364,DEL06-RJ,Risco Médio,Alta
domingo,BR-230,56.0,Pleno dia,Crescente,Céu Claro,Dupla,Reta,-7.2021,-35.1038,DEL01-PB,Risco Médio,Baixa
terça-feira,BR-476,130.4,Pleno dia,Decrescente,Céu Claro,Múltipla,Reta,-25.4528,-49.24268,DEL01-PR,Risco Alto,Baixa
sábado,BR-392,29.5,Plena Noite,Decrescente,Céu Claro,Dupla,Reta,-32.05789,-52.27184,DEL07-RS,Risco Alto,Média
quinta-feira,BR-418,89.0,Pleno dia,Crescente,Nublado,Simples,Reta,-17.88306,-39.85272,DEL09-BA,Risco Médio,Baixa
quinta-feira,BR-50,191.0,Plena Noite,Crescente,Céu Claro,Dupla,Desvio Temporário,-19.8617,-47.866,DEL13-MG,Risco Médio,Média
terça-feira,BR-277,479.2,Pleno dia,Decrescente,Chuva,Simples,Curva,-25.29255,-52.57591,DEL04-PR,Risco Médio,Média
sábado,BR-232,190.7,Pleno dia,Crescente,Chuva,Simples,Reta,-8.356256,-36.5187,DEL03-PE,Risco Alto,Baixa
terça-feira,BR-262,369.0,Pleno dia,Decrescente,Nublado,Dupla,Reta,-19.97081,-44.28988,DEL01-MG,Risco Baixo,Média
quinta-feira,BR-272,368.0,Pleno dia,Crescente,Céu Claro,Dupla,Reta,-24.04841,-52.39707,DEL04-PR,Risco Médio,Baixa
sexta-feira,BR-277,419.8,Plena Noite,Crescente,Garoa/Chuvisco,Simples,Reta,-25.38793,-52.11331,DEL04-PR,Risco Médio,Média
sexta-feira,BR-101,245.0,Plena Noite,Crescente,Céu Claro,Dupla,Reta,-22.64538,-42.48207,DEL02-RJ,Risco Médio,Alta
terça-feira,BR-116,270.8,Plena Noite,Decrescente,Céu Claro,Dupla,Não Informado,-22.5626,-44.12205,DEL07-RJ,Risco Médio,Alta
quinta-feira,BR-373,184.0,Pleno dia,Crescente,Céu Claro,Dupla,Reta,-25.0442,-50.28427,DEL03-PR,Risco Baixo,Baixa
segunda-feira,BR-381,909.0,Plena Noite,Crescente,Céu Claro,Dupla,Desvio Temporário,-22.72449,-46.1321,DEL16-MG,Risco Baixo,Alta
quarta-feira,BR-381,453.0,Pleno dia,Decrescente,Céu Claro,Simples,Reta,-19.82485,-43.83339,DEL01-MG,Risco Médio,Alta
domingo,BR-60,101.5,Plena Noite,Decrescente,Chuva,Dupla,Interseção de vias,-16.40367,-48.9775,DEL02-GO,Risco Baixo,Média
quarta-feira,BR-381,722.0,Plena Noite,Crescente,Céu Claro,Dupla,Curva,-21.44244,-45.20863,DEL04-MG,Risco Médio,Alta
sábado,BR-40,3.6,Plena Noite,Decrescente,Céu Claro,Dupla,Reta,-16.08244,-47.98641,DEL01-DF,Risco Baixo,Alta
segunda-feira,BR-116,216.0,Amanhecer,Crescente,Céu Claro,Dupla,Reta,-23.46326,-46.53373,DEL01-SP,Risco Médio,Alta
quinta-feira,BR-319,54.0,Pleno dia,Crescente,Céu Claro,Simples,Curva,-8.743809,-63.94871,DEL01-RO,Risco Baixo,Baixa
domingo,BR-386,281.6,Plena Noite,Decrescente,Céu Claro,Simples,Reta,-29.04322,-52.29784,DEL04-RS,Risco Alto,Média
sábado,BR-20,133.0,Pleno dia,Crescente,Céu Claro,Simples,Reta,-12.78267,-45.95135,DEL10-BA,Risco Médio,Baixa
quinta-feira,BR-376,601.0,Anoitecer,Crescente,Céu Claro,Dupla,Reta,-25.53902,-49.31265,DEL01-PR,Risco Médio,Baixa
quarta-feira,BR-116,307.0,Plena Noite,Crescente,Nublado,Dupla,Não Informado,-22.45713,-44.41064,DEL07-RJ,Risco Baixo,Alta
domingo,BR-101,717.0,Plena Noite,Decrescente,Céu Claro,Simples,Não Informado,-16.37052,-39.58248,DEL09-BA,Risco Médio,Alta
quarta-feira,BR-232,176.5,Pleno dia,Crescente,Sol,Simples,Curva,-8.34628,-36.43776,DEL02-PE,Risco Baixo,Baixa
terça-feira,BR-101,242.0,Pleno dia,Crescente,Sol,Dupla,Reta,-10.16107,-36.81395,DEL02-AL,Risco Alto,Alta
segunda-feira,BR-324,602.0,Pleno dia,Decrescente,Céu Claro,Dupla,Reta,-12.8003,-38.40396,DEL01-BA,Risco Médio,Baixa
terça-feira,BR-235,5.8,Pleno dia,Decrescente,Céu Claro,Dupla,Reta,-10.9041,-37.1278,DEL01-SE,Risco Médio,Baixa
sábado,BR-163,596.0,Pleno dia,Crescente,Céu Claro,Simples,Reta,-13.8345,-56.0825,DEL01-MT,Risco Médio,Alta
quinta-feira,BR-381,632.8,Pleno dia,Crescente,Sol,Dupla,Curva,-20.86148,-44.84048,DEL04-MG,Risco Baixo,Alta
quarta-feira,BR-153,371.0,Amanhecer,Crescente,Nevoeiro/Neblina,Simples,Reta,-25.74661,-50.8161,DEL08-PR,Risco Médio,Alta
domingo,BR-364,270.0,Pleno dia,Crescente,Sol,Simples,Curva,-17.66832,-52.31225,DEL05-GO,Risco Alto,Alta
domingo,BR-280,163.0,Pleno dia,Crescente,Céu Claro,Simples,Reta,-26.19739,-49.79756,DEL06-SC,Risco Médio,Baixa
segunda-feira,BR-101,294.0,Anoitecer,Decrescente,Céu Claro,Dupla,Reta,-22.75844,-42.89502,DEL02-RJ,Risco Médio,Alta
quinta-feira,BR-116,94.0,Plena Noite,Crescente,Chuva,Dupla,Não Informado,-25.48954,-49.11202,DEL01-PR,Risco Médio,Alta
quinta-feira,BR-365,220.0,Plena Noite,Crescente,Nevoeiro/Neblina,Simples,Reta,-17.60093,-45.37494,DEL12-MG,Risco Médio,Média
domingo,BR-116,263.0,Pleno dia,Crescente,Chuva,Dupla,Curva,-22.5922,-44.06782,DEL07-RJ,Risco Baixo,Alta
sábado,BR-277,27.0,Anoitecer,Crescente,Nublado,Dupla,Reta,-25.52935,-48.72535,DEL01-PR,Risco Médio,Média
terça-feira,BR-381,894.4,Plena Noite,Decrescente,Céu Claro,Dupla,Reta,-22.58044,-46.04546,DEL16-MG,Risco Médio,Alta
sábado,BR-116,425.0,Pleno dia,Crescente,Céu Claro,Dupla,Curva,-24.37992,-47.71316,DEL05-SP,Risco Alto,Alta
segunda-feira,BR-116,225.0,Pleno dia,Crescente,Nublado,Múltipla,Reta,-23.48983,-46.54749,DEL01-SP,Risco Médio,Alta
terça-feira,BR-222,30.0,Pleno dia,Decrescente,Céu Claro,Simples,Não Informado,-3.71178,-38.81972,DEL01-CE,Risco Médio,Baixa
sábado,BR-40,566.8,Pleno dia,Crescente,Céu Claro,Simples,Curva,-20.2041,-43.9741,DEL01-MG,Risco Alto,Alta
domingo,BR-163,260.0,Pleno dia,Decrescente,Céu Claro,Dupla,Curva,-22.24489,-54.77203,DEL04-MS,Risco Médio,Alta
domingo,BR-364,207.9,Plena Noite,Decrescente,Nublado,Dupla,Reta,-16.43683,-54.68191,DEL02-MT,Risco Alto,Alta
segunda-feira,BR-116,45.4,Pleno dia,Crescente,Sol,Dupla,Reta,-22.71051,-45.04874,DEL08-SP,Risco Médio,Alta
sexta-feira,BR-163,996.0,Pleno dia,Decrescente,Céu Claro,Simples,Não Informado,-2.5039,-54.72752,DEL05-PA,Risco Médio,Alta
terça-feira,BR-40,566.0,Amanhecer,Decrescente,Nublado,Simples,Reta,-20.1863,-43.9677,DEL01-MG,Risco Médio,Alta
quinta-feira,BR-251,414.4,Pleno dia,Crescente,Céu Claro,Simples,Curva,-16.29284,-43.03366,DEL12-MG,Risco Médio,Baixa
sábado,BR-242,783.0,Pleno dia,Decrescente,Céu Claro,Simples,Reta,-12.14113,-44.90172,DEL10-BA,Risco Médio,Baixa
sábado,BR-230,126.0,Plena Noite,Decrescente,Céu Claro,Simples,Reta,-5.375874,-49.15164,DEL03-PA,Risco Médio,Baixa
sexta-feira,BR-116,145.0,Pleno dia,Crescente,Céu Claro,Dupla,Reta,-23.18698,-45.85481,DEL02-SP,Risco Médio,Alta
sábado,BR-280,124.8,Plena Noite,Crescente,Nublado,Simples,Reta,-26.23953,-49.47888,DEL06-SC,Risco Médio,Baixa
quarta-feira,BR-116,150.0,Anoitecer,Crescente,Nublado,Múltipla,Reta,-23.21487,-45.89521,DEL02-SP,Risco Médio,Alta
segunda-feira,BR-70,2.3,Pleno dia,Decrescente,Céu Claro,Dupla,Reta,-15.8875,-52.26811,DEL07-MT,Risco Médio,Baixa
segunda-feira,BR-40,522.0,Anoitecer,Crescente,Nublado,Dupla,Curva,-19.86387,-44.0675,DEL01-MG,Risco Baixo,Alta
quinta-feira,BR-20,143.0,Pleno dia,Crescente,Chuva,Simples,Curva,-14.75532,-46.66338,DEL02-DF,Risco Médio,Baixa
sábado,BR-116,297.3,Anoitecer,Crescente,Céu Claro,Dupla,Reta,-22.45012,-44.33019,DEL07-RJ,Risco Médio,Alta
terça-feira,BR-408,97.0,Pleno dia,Crescente,Céu Claro,Dupla,Reta,-8.00352,-35.0214,DEL01-PE,Risco Médio,Baixa
quinta-feira,BR-282,222.8,Pleno dia,Crescente,Céu Claro,Simples,Não Informado,-27.79996,-50.36131,DEL05-SC,Risco Médio,Baixa
quinta-feira,BR-376,386.7,Plena Noite,Crescente,Nevoeiro/Neblina,Dupla,Reta,-24.45356,-50.75658,DEL03-PR,Risco Médio,Baixa
quinta-feira,BR-277,729.3,Pleno dia,Decrescente,Sol,Dupla,Reta,-25.49504,-54.58385,DEL05-PR,Risco Médio,Média
segunda-feira,BR-163,529.8,Pleno dia,Decrescente,Chuva,Simples,Reta,-14.46298,-56.14911,DEL01-MT,Risco Médio,Alta
sexta-feira,BR-40,736.4,Plena Noite,Crescente,Céu Claro,Simples,Reta,-21.3761,-43.56994,DEL05-MG,Risco Médio,Alta
quinta-feira,BR-40,514.4,Pleno dia,Crescente,Chuva,Dupla,Reta,-19.80152,-44.1,DEL01-MG,Risco Médio,Alta
domingo,BR-101,254.3,Plena Noite,Crescente,Céu Claro,Simples,Curva,-20.11119,-40.32628,DEL02-ES,Risco Médio,Alta
segunda-feira,BR-101,174.1,Pleno dia,Decrescente,Céu Claro,Dupla,Reta,-27.33082,-48.62698,DEL01-SC,Risco Médio,Alta
segunda-feira,BR-290,91.0,Plena Noite,Decrescente,Vento,Dupla,Reta,-29.96908,-51.16737,DEL01-RS,Risco Médio,Baixa
sábado,BR-381,893.9,Pleno dia,Decrescente,Nevoeiro/Neblina,Dupla,Reta,-22.57246,-46.04242,DEL16-MG,Risco Médio,Alta
sexta-feira,BR-116,703.5,Pleno dia,Decrescente,Chuva,Simples,Não Informado,-21.12256,-42.37992,DEL07-MG,Risco Médio,Alta
sexta-feira,BR-343,245.3,Plena Noite,Decrescente,Céu Claro,Simples,Reta,-4.687044,-42.08302,DEL01-PI,Risco Médio,Baixa
domingo,BR-116,656.1,Plena Noite,Decrescente,Céu Claro,Simples,Rotatória,-32.54639,-53.37415,DEL07-RS,Risco Médio,Alta
quinta-feira,BR-20,184.0,Plena Noite,Decrescente,Nublado,Simples,Reta,-14.45001,-46.46824,DEL02-DF,Risco Médio,Baixa
quarta-feira,BR-230,191.7,Pleno dia,Decrescente,Céu Claro,Simples,Reta,-7.13269,-36.16264,DEL02-PB,Risco Baixo,Baixa
sexta-feira,BR-364,429.0,Amanhecer,Crescente,Céu Claro,Simples,Reta,-10.4157,-62.5039,DEL03-RO,Risco Médio,Alta
segunda-feira,BR-242,3.0,Pleno dia,Decrescente,Sol,Simples,Reta,-12.12098,-44.95088,DEL10-BA,Risco Alto,Baixa
quinta-feira,BR-174,910.0,Pleno dia,Crescente,Nublado,Simples,Reta,-2.744606,-60.04346,DEL01-AM,Risco Médio,Baixa
sábado,BR-101,333.0,Pleno dia,Crescente,Céu Claro,Múltipla,Não Informado,-28.4663,-48.99653,DEL02-SC,Risco Médio,Alta