dia_semana,br,km,fase_dia,sentido_via,condicao_metereologica,tipo_pista,tracado_via,latitude,longitude,delegacia,classificacao_acidente,postos_policiais_PRF
segunda-feira,BR-163,165.0,Anoitecer,Decrescente,Céu Claro,Simples,Reta,-25.3003,-53.57517,DEL04-PR,Risco Médio,Alta
sábado,BR-116,541.0,Pleno dia,Crescente,Céu Claro,Simples,Reta,-7.770284,-39.068,DEL05-CE,Risco Baixo,Alta
sábado,BR-101,408.0,Pleno dia,Decrescente,Céu Claro,Múltipla,Não Informado,-22.88171,-43.82566,DEL01-RJ,Risco Médio,Alta
quinta-feira,BR-10,284.8,Pleno dia,Decrescente,Céu Claro,Simples,Reta,-1.9404,-47.52412,DEL02-PA,Risco Alto,Baixa
segunda-feira,BR-304,185.1,Pleno dia,Decrescente,Céu Claro,Simples,Reta,-5.69021,-36.29728,DEL01-RN,Risco Alto,Baixa
terça-feira,BR-369,160.8,Pleno dia,Crescente,Céu Claro,Dupla,Não Informado,-23.28591,-51.25957,DEL07-PR,Risco Baixo,Baixa
quarta-feira,BR-423,107.0,Plena Noite,Crescente,Céu Claro,Simples,Reta,-8.88398,-36.58154,DEL03-PE,Risco Médio,Baixa
quarta-feira,BR-10,299.0,Amanhecer,Decrescente,Céu Claro,Simples,Reta,-1.817349,-47.51474,DEL02-PA,Risco Médio,Baixa
quarta-feira,BR-116,42.0,Pleno dia,Crescente,Céu Claro,Simples,Reta,-22.14561,-42.79363,DEL04-RJ,Risco Médio,Alta
sexta-feira,BR-153,497.6,Pleno dia,Crescente,Céu Claro,Dupla,Reta,-16.6854,-49.2338,DEL01-GO,Risco Baixo,Alta
quarta-feira,BR-376,227.2,Anoitecer,Crescente,Chuva,Dupla,Não Informado,-23.5787,-51.55403,DEL07-PR,Risco Baixo,Baixa
domingo,BR-163,559.3,Plena Noite,Decrescente,Céu Claro,Simples,Reta,-14.24294,-56.12516,DEL01-MT,Risco Baixo,Alta
domingo,BR-50,145.6,Plena Noite,Crescente,Céu Claro,Dupla,Curva,-19.52425,-48.03897,DEL13-MG,Risco Médio,Média
sábado,BR-50,265.0,Pleno dia,Crescente,Céu Claro,Dupla,Viaduto,-18.0702,-47.8644,DEL06-GO,Risco Baixo,Média
quarta-feira,BR-381,688.0,Pleno dia,Decrescente,Chuva,Múltipla,Interseção de vias,-21.1946,-45.1182,DEL04-MG,Risco Médio,Alta
terça-feira,BR-40,483.0,Pleno dia,Decrescente,Sol,Dupla,Curva,-19.56753,-44.23715,DEL02-MG,Risco Baixo,Alta
domingo,BR-101,7.5,Anoitecer,Decrescente,Chuva,Simples,Curva,-29.6781,-50.2066,DEL03-RS,Risco Alto,Alta
sábado,BR-262,439.1,Plena Noite,Crescente,Céu Claro,Simples,Não Informado,-19.87707,-44.94359,DEL08-MG,Risco Médio,Média
segunda-feira,BR-153,554.3,Pleno dia,Decrescente,Céu Claro,Dupla,Curva,-17.1765,-49.2104,DEL03-GO,Risco Médio,Alta
sexta-feira,BR-101,423.0,Pleno dia,Decrescente,Céu Claro,Simples,Reta,-22.91801,-43.94821,DEL03-RJ,Risco Médio,Alta
quinta-feira,BR-376,666.0,Plena Noite,Crescente,Céu Claro,Múltipla,Não Informado,-25.86037,-48.95087,DEL01-PR,Risco Baixo,Baixa
domingo,BR-101,334.0,Anoitecer,Crescente,Céu Claro,Dupla,Rotatória,-28.4655,-48.99569,DEL02-SC,Risco Médio,Alta
segunda-feira,BR-80,230.0,Plena Noite,Crescente,Céu Claro,Simples,Reta,-14.0,-49.0,DEL07-GO,Risco Alto,Baixa
sexta-feira,BR-470,50.7,Pleno dia,Crescente,Nublado,Simples,Reta,-26.86,-49.06324,DEL04-SC,Risco Médio,Baixa
domingo,BR-135,601.0,Pleno dia,Crescente,Chuva,Simples,Reta,-10.52372,-45.19292,DEL03-PI,Risco Médio,Baixa
sábado,BR-101,214.5,Amanhecer,Decrescente,Céu Claro,Múltipla,Reta,-27.64443,-48.67057,DEL01-SC,Risco Médio,Alta
segunda-feira,BR-60,136.9,Pleno dia,Crescente,Nublado,Dupla,Curva,-16.5959,-49.1965,DEL01-GO,Risco Baixo,Média
segunda-feira,BR-116,220.6,Pleno dia,Crescente,Céu Claro,Múltipla,Reta,-23.46473,-46.49794,DEL01-SP,Risco Médio,Alta
quarta-feira,BR-153,497.0,Pleno dia,Crescente,Céu Claro,Dupla,Não Informado,-16.6854,-49.2338,DEL01-GO,Risco Médio,Alta
terça-feira,BR-471,174.0,Pleno dia,Decrescente,Céu Claro,Simples,Rotatória,-29.98215,-52.36968,DEL02-RS,Risco Médio,Baixa
quinta-feira,BR-364,197.9,Plena Noite,Crescente,Garoa/Chuvisco,Simples,Não Informado,-11.67025,-61.19134,DEL02-RO,Risco Médio,Alta
segunda-feira,BR-493,3.0,Plena Noite,Crescente,Ignorado,Simples,Reta,-22.76303,-42.93,DEL02-RJ,Risco Médio,Baixa
domingo,BR-174,510.0,Plena Noite,Decrescente,Nublado,Simples,Reta,2.865208,-60.69706,DEL01-RR,Risco Médio,Baixa
sábado,BR-101,28.0,Pleno dia,Decrescente,Sol,Dupla,Reta,-26.20886,-48.91541,DEL03-SC,Risco Médio,Alta
sábado,BR-316,8.8,Pleno dia,Crescente,Nublado,Dupla,Reta,-1.366402,-48.36864,DEL01-PA,Risco Médio,Baixa
sábado,BR-116,270.0,Plena Noite,Decrescente,Céu Claro,Simples,Viaduto,-22.56199,-44.16826,DEL07-RJ,Risco Médio,Alta
domingo,BR-376,525.0,Plena Noite,Crescente,Céu Claro,Dupla,Não Informado,-25.31566,-49.87766,DEL03-PR,Risco Baixo,Baixa
sexta-feira,BR-116,330.0,Pleno dia,Decrescente,Chuva,Dupla,Desvio Temporário,-23.94429,-47.09669,DEL04-SP,Risco Alto,Alta
quinta-feira,BR-158,496.0,Amanhecer,Crescente,Céu Claro,Simples,Curva,-25.97664,-52.5651,DEL02-PR,Risco Médio,Baixa
sábado,BR-376,172.0,Plena Noite,Crescente,Céu Claro,Dupla,Rotatória,-23.4187,-51.97209,DEL09-PR,Risco Médio,Baixa
quinta-feira,BR-116,97.3,Plena Noite,Crescente,Chuva,Dupla,Curva,-25.54491,-49.15099,DEL01-PR,Risco Baixo,Alta
quinta-feira,BR-40,124.0,Pleno dia,Decrescente,Sol,Múltipla,Reta,-22.80795,-43.28912,DEL01-RJ,Risco Médio,Alta
terça-feira,BR-476,140.0,Plena Noite,Decrescente,Garoa/Chuvisco,Dupla,Reta,-25.52069,-49.29412,DEL01-PR,Risco Médio,Baixa
sábado,BR-230,18.1,Plena Noite,Crescente,Nublado,Dupla,Reta,-7.120551,-34.84508,DEL01-PB,Risco Médio,Baixa
domingo,BR-376,129.8,Pleno dia,Crescente,Céu Claro,Dupla,Curva,-23.17167,-52.24331,DEL07-PR,Risco Médio,Baixa
sábado,BR-40,474.0,Amanhecer,Crescente,Céu Claro,Dupla,Reta,-19.47887,-44.29052,DEL02-MG,Risco Baixo,Alta
domingo,BR-316,82.6,Plena Noite,Crescente,Ignorado,Simples,Reta,-7.871291,-40.09366,DEL05-PE,Risco Médio,Baixa
quarta-feira,BR-101,837.5,Pleno dia,Crescente,Chuva,Simples,Curva,-17.12075,-39.5679,DEL09-BA,Risco Baixo,Alta
sábado,BR-116,130.2,Plena Noite,Crescente,Céu Claro,Dupla,Curva,-22.65342,-43.1578,DEL04-RJ,Risco Médio,Alta
domingo,BR-471,631.0,Pleno dia,Crescente,Céu Claro,Simples,Reta,-33.35953,-53.17534,DEL07-RS,Risco Médio,Baixa
terça-feira,BR-20,57.5,Pleno dia,Crescente,Céu Claro,Simples,Reta,-6.143286,-40.46677,DEL02-CE,Risco Médio,Baixa
quinta-feira,BR-282,4.5,Plena Noite,Crescente,Nublado,Múltipla,Reta,-27.59265,-48.60403,DEL01-SC,Risco Baixo,Baixa
domingo,BR-290,94.0,Amanhecer,Crescente,Céu Claro,Dupla,Curva,-29.97386,-51.19785,DEL01-RS,Risco Alto,Baixa
quinta-feira,BR-282,335.7,Pleno dia,Decrescente,Nublado,Simples,Interseção de vias,-27.39379,-51.19174,DEL07-SC,Risco Baixo,Baixa
sábado,BR-259,84.5,Pleno dia,Decrescente,Céu Claro,Simples,Reta,-19.51023,-40.86873,DEL02-ES,Risco Alto,Baixa
segunda-feira,BR-232,9.9,Pleno dia,Decrescente,Céu Claro,Dupla,Reta,-8.07833,-34.908,DEL01-PE,Risco Médio,Baixa
quarta-feira,BR-230,158.9,Pleno dia,Decrescente,Nublado,Simples,Não Informado,-7.2582,-35.9267,DEL02-PB,Risco Médio,Baixa
segunda-feira,BR-153,653.0,Plena Noite,Decrescente,Nublado,Simples,Não Informado,-11.57229,-49.03091,DEL01-TO,Risco Médio,Alta
segunda-feira,BR-104,65.0,Anoitecer,Crescente,Nublado,Dupla,Não Informado,-8.2867,-35.9838,DEL02-PE,Risco Médio,Baixa
domingo,BR-101,70.0,Pleno dia,Crescente,Céu Claro,Simples,Reta,-21.7816,-41.3744,DEL08-RJ,Risco Baixo,Alta
sábado,BR-116,507.1,Pleno dia,Crescente,Sol,Simples,Reta,-19.60842,-42.11454,DEL06-MG,Risco Alto,Alta
quinta-feira,BR-116,824.0,Pleno dia,Crescente,Céu Claro,Dupla,Não Informado,-14.86977,-40.85103,DEL08-BA,Risco Baixo,Alta
sábado,BR-343,343.0,Plena Noite,Crescente,Céu Claro,Simples,Reta,-5.087362,-42.75785,DEL01-PI,Risco Médio,Baixa
domingo,BR-116,44.5,Plena Noite,Decrescente,Céu Claro,Dupla,Reta,-22.70289,-45.03789,DEL08-SP,Risco Médio,Alta
domingo,BR-101,97.0,Pleno dia,Crescente,Sol,Múltipla,Curva,-26.7319,-48.7013,DEL03-SC,Risco Médio,Alta
sexta-feira,BR-222,311.0,Plena Noite,Decrescente,Céu Claro,Simples,Reta,-3.711973,-40.98436,DEL04-CE,Risco Médio,Baixa
sexta-feira,BR-386,213.7,Pleno dia,Crescente,Sol,Simples,Não Informado,-28.58088,-52.59894,DEL04-RS,Risco Médio,Média
domingo,BR-392,257.0,Amanhecer,Crescente,Céu Claro,Simples,Curva,-30.50181,-53.47575,DEL09-RS,Risco Baixo,Média
terça-feira,BR-476,137.0,Pleno dia,Decrescente,Céu Claro,Múltipla,Reta,-25.4983,-49.27755,DEL01-PR,Risco Médio,Baixa
quarta-feira,BR-428,44.9,Plena Noite,Decrescente,Céu Claro,Simples,Reta,-8.583335,-39.58548,DEL05-PE,Risco Baixo,Baixa
quarta-feira,BR-116,113.9,Plena Noite,Decrescente,Céu Claro,Dupla,Reta,-23.04648,-45.58985,DEL06-SP,Risco Baixo,Alta
segunda-feira,BR-40,544.0,Anoitecer,Decrescente,Nublado,Dupla,Curva,-19.99848,-43.96257,DEL01-MG,Risco Médio,Alta
quinta-feira,BR-381,349.6,Pleno dia,Decrescente,Céu Claro,Simples,Curva,-19.84992,-43.14868,DEL03-MG,Risco Alto,Alta
sábado,BR-101,204.0,Pleno dia,Crescente,Nublado,Múltipla,Reta,-27.57413,-48.61363,DEL01-SC,Risco Baixo,Alta
quarta-feira,BR-369,184.9,Plena Noite,Crescente,Céu Claro,Simples,Reta,-23.40652,-51.4282,DEL07-PR,Risco Alto,Baixa
domingo,BR-116,149.0,Pleno dia,Crescente,Céu Claro,Dupla,Reta,-29.15997,-51.15645,DEL05-RS,Risco Baixo,Alta
segunda-feira,BR-153,799.0,Anoitecer,Crescente,Céu Claro,Simples,Reta,-12.80893,-49.09652,DEL01-TO,Risco Médio,Alta
sábado,BR-101,83.6,Plena Noite,Decrescente,Céu Claro,Dupla,Reta,-7.13377,-34.92964,DEL01-PB,Risco Alto,Alta
segunda-feira,BR-373,237.4,Pleno dia,Decrescente,Céu Claro,Simples,Curva,-25.18011,-50.72786,DEL03-PR,Risco Baixo,Baixa
domingo,BR-70,523.0,Plena Noite,Crescente,Céu Claro,Simples,Reta,-15.656,-56.19,DEL01-MT,Risco Médio,Baixa
segunda-feira,BR-163,251.0,Pleno dia,Decrescente,Sol,Simples,Interseção de vias,-24.6897,-53.7579,DEL06-PR,Risco Alto,Alta
sexta-feira,BR-381,674.4,Plena Noite,Crescente,Nublado,Dupla,Não Informado,-21.08912,-45.06752,DEL04-MG,Risco Médio,Alta
sexta-feira,BR-277,43.2,Plena Noite,Crescente,Céu Claro,Dupla,Não Informado,-25.59308,-48.88228,DEL01-PR,Risco Médio,Média
terça-feira,BR-101,104.0,Pleno dia,Crescente,Sol,Dupla,Curva,-5.892745,-35.25722,DEL01-RN,Risco Médio,Alta
segunda-feira,BR-267,15.0,Plena Noite,Crescente,Céu Claro,Dupla,Reta,-21.72527,-52.26833,DEL02-MS,Risco Baixo,Baixa
segunda-feira,BR-110,142.1,Amanhecer,Decrescente,Ignorado,Simples,Interseção de vias,-10.60635,-38.38461,DEL07-BA,Risco Médio,Baixa
quinta-feira,BR-153,140.7,Plena Noite,Crescente,Ignorado,Múltipla,Reta,-7.174305,-48.218,DEL02-TO,Risco Médio,Alta
sexta-feira,BR-101,508.0,Pleno dia,Decrescente,Sol,Simples,Reta,-14.97,-39.31996,DEL05-BA,Risco Médio,Alta
sexta-feira,BR-158,529.7,Plena Noite,Decrescente,Céu Claro,Simples,Curva,-26.18599,-52.66856,DEL02-PR,Risco Médio,Baixa
quinta-feira,BR-365,290.0,Plena Noite,Decrescente,Ignorado,Simples,Reta,-18.63107,-46.51394,DEL10-MG,Risco Médio,Média
quarta-feira,BR-470,163.2,Plena Noite,Crescente,Céu Claro,Simples,Reta,-27.28351,-49.81424,DEL04-SC,Risco Médio,Baixa
sexta-feira,BR-101,73.0,Pleno dia,Crescente,Céu Claro,Simples,Reta,-5.706872,-35.26688,DEL02-RN,Risco Médio,Alta
segunda-feira,BR-158,706.0,Amanhecer,Crescente,Nublado,Simples,Reta,-15.10821,-52.21274,DEL07-MT,Risco Médio,Baixa
quinta-feira,BR-316,54.2,Plena Noite,Decrescente,Céu Claro,Dupla,Reta,-1.305635,-47.99963,DEL01-PA,Risco Médio,Baixa
sábado,BR-104,35.0,Plena Noite,Decrescente,Céu Claro,Dupla,Reta,-8.0567,-36.0485,DEL02-PE,Risco Baixo,Baixa
segunda-feira,BR-163,49.9,Amanhecer,Crescente,Chuva,Dupla,Reta,-17.07532,-54.75925,DEL02-MT,Risco Médio,Alta
sábado,BR-381,877.0,Plena Noite,Crescente,Chuva,Dupla,Reta,-22.4465,-45.9943,DEL16-MG,Risco Baixo,Alta
sexta-feira,BR-101,307.0,Pleno dia,Decrescente,Sol,Simples,Reta,-13.41295,-39.41078,DEL05-BA,Risco Médio,Alta
quarta-feira,BR-101,176.0,Plena Noite,Decrescente,Céu Claro,Dupla,Reta,-27.34661,-48.63301,DEL01-SC,Risco Médio,Alta
quinta-feira,BR-70,0.0,Pleno dia,Decrescente,Céu Claro,Simples,Interseção de vias,-15.8956,-52.2561,DEL07-MT,Risco Médio,Baixa
quarta-feira,BR-101,267.7,Pleno dia,Decrescente,Sol,Múltipla,Interseção de vias,-20.19931,-40.26885,DEL02-ES,Risco Médio,Alta
quinta-feira,BR-40,89.0,Plena Noite,Decrescente,Garoa/Chuvisco,Simples,Curva,-22.55626,-43.23718,DEL06-RJ,Risco Médio,Alta
terça-feira,BR-116,2.0,Pleno dia,Crescente,Céu Claro,Simples,Reta,-23.46326,-46.53373,DEL01-SP,Risco Médio,Alta
terça-feira,BR-174,502.0,Pleno dia,Decrescente,Nublado,Dupla,Reta,2.787376,-60.69952,DEL01-RR,Risco Médio,Baixa
domingo,BR-40,6.9,Plena Noite,Crescente,Nublado,Dupla,Reta,-16.10081,-47.97735,DEL01-DF,Risco Médio,Alta
quarta-feira,BR-267,293.7,Plena Noite,Decrescente,Céu Claro,Simples,Reta,-21.9312,-44.83482,DEL17-MG,Risco Médio,Baixa
quarta-feira,BR-101,61.0,Pleno dia,Decrescente,Céu Claro,Dupla,Reta,-26.4548,-48.7765,DEL03-SC,Risco Médio,Alta
segunda-feira,BR-116,560.8,Pleno dia,Crescente,Garoa/Chuvisco,Dupla,Não Informado,-25.0193,-48.51475,DEL05-SP,Risco Baixo,Alta
sábado,BR-392,644.4,Plena Noite,Crescente,Céu Claro,Simples,Interseção de vias,-28.14875,-54.56978,DEL10-RS,Risco Médio,Média
sábado,BR-324,356.0,Pleno dia,Decrescente,Céu Claro,Simples,Reta,-11.38832,-39.98651,DEL04-BA,Risco Médio,Baixa
terça-feira,BR-290,690.0,Pleno dia,Decrescente,Céu Claro,Simples,Reta,-29.878,-56.783,DEL13-RS,Risco Baixo,Baixa
terça-feira,BR-116,76.0,Pleno dia,Crescente,Céu Claro,Simples,Reta,-28.76982,-51.09269,DEL05-RS,Risco Médio,Alta
segunda-feira,BR-116,15.0,Pleno dia,Crescente,Chuva,Dupla,Curva,-25.0995,-48.6896,DEL01-PR,Risco Baixo,Alta
sexta-feira,BR-210,2.0,Plena Noite,Decrescente,Céu Claro,Múltipla,Reta,0.08356687,-51.07991,DEL01-AP,Risco Médio,Baixa
domingo,BR-40,560.0,Pleno dia,Crescente,Céu Claro,Dupla,Reta,-20.12725,-43.96512,DEL01-MG,Risco Médio,Alta
quarta-feira,BR-101,0.6,Pleno dia,Crescente,Céu Claro,Dupla,Desvio Temporário,-20.2383,-40.27844,DEL02-ES,Risco Médio,Alta
quarta-feira,BR-116,270.0,Amanhecer,Decrescente,Nublado,Dupla,Reta,-23.60737,-46.76424,DEL04-SP,Risco Médio,Alta
domingo,BR-287,250.0,Plena Noite,Decrescente,Céu Claro,Dupla,Reta,-29.69118,-53.87009,DEL09-RS,Risco Médio,Baixa
sexta-feira,BR-116,229.0,Plena Noite,Decrescente,Vento,Dupla,Reta,-23.51292,-46.57605,DEL01-SP,Risco Alto,Alta
quinta-feira,BR-116,97.8,Pleno dia,Decrescente,Céu Claro,Dupla,Reta,-22.97389,-45.44754,DEL06-SP,Risco Médio,Alta
sexta-feira,BR-267,650.8,Plena Noite,Decrescente,Ignorado,Simples,Reta,-21.71868,-57.75513,DEL05-MS,Risco Médio,Baixa
domingo,BR-101,135.0,Plena Noite,Decrescente,Nublado,Múltipla,Curva,-27.00501,-48.62677,DEL04-SC,Risco Baixo,Alta
segunda-feira,BR-262,186.7,Pleno dia,Crescente,Sol,Simples,Reta,-19.89609,-43.0405,DEL03-MG,Risco Médio,Média
quinta-feira,BR-393,178.0,Plena Noite,Crescente,Céu Claro,Simples,Reta,-22.13639,-43.2514,DEL05-RJ,Risco Médio,Média
domingo,BR-277,5.3,Pleno dia,Decrescente,Céu Claro,Dupla,Reta,-25.55767,-48.56937,DEL01-PR,Risco Médio,Média
quinta-feira,BR-40,60.1,Pleno dia,Decrescente,Céu Claro,Dupla,Curva,-22.39595,-43.13568,DEL06-RJ,Risco Médio,Alta
quarta-feira,BR-101,553.0,Pleno dia,Crescente,Sol,Simples,Reta,-23.06494,-44.68449,DEL03-RJ,Risco Médio,Alta
sexta-feira,BR-116,329.0,Pleno dia,Crescente,Nublado,Dupla,Desvio Temporário,-23.94033,-47.0901,DEL04-SP,Risco Médio,Alta
sexta-feira,BR-116,274.8,Pleno dia,Crescente,Céu Claro,Dupla,Reta,-23.61802,-46.80564,DEL04-SP,Risco Médio,Alta
sábado,BR-364,115.7,Amanhecer,Crescente,Chuva,Simples,Não Informado,-12.16555,-60.71298,DEL02-RO,Risco Médio,Alta
domingo,BR-262,699.3,Plena Noite,Crescente,Nublado,Simples,Curva,-19.5693,-47.02051,DEL08-MG,Risco Médio,Média
terça-feira,BR-116,121.3,Pleno dia,Decrescente,Nublado,Dupla,Reta,-25.59463,-49.31632,DEL01-PR,Risco Baixo,Alta
quinta-feira,BR-101,195.0,Plena Noite,Decrescente,Céu Claro,Múltipla,Reta,-27.50471,-48.65011,DEL01-SC,Risco Médio,Alta
quinta-feira,BR-428,4.0,Plena Noite,Crescente,Céu Claro,Simples,Reta,-8.531813,-39.25892,DEL05-PE,Risco Alto,Baixa
sexta-feira,BR-40,5.3,Pleno dia,Decrescente,Céu Claro,Dupla,Curva,-16.0209,-47.98054,DEL01-DF,Risco Médio,Alta
quinta-feira,BR-467,82.7,Pleno dia,Decrescente,Céu Claro,Dupla,Reta,-24.80657,-53.67128,DEL04-PR,Risco Médio,Baixa
domingo,BR-116,39.2,Plena Noite,Crescente,Chuva,Dupla,Não Informado,-25.16496,-48.86268,DEL01-PR,Risco Médio,Alta
segunda-feira,BR-101,212.0,Anoitecer,Decrescente,Céu Claro,Múltipla,Reta,-27.63301,-48.66197,DEL01-SC,Risco Médio,Alta
terça-feira,BR-116,228.0,Pleno dia,Decrescente,Nublado,Simples,Curva,-22.66661,-43.84918,DEL07-RJ,Risco Baixo,Alta
sábado,BR-153,400.5,Plena Noite,Decrescente,Céu Claro,Simples,Não Informado,-30.01155,-52.92076,DEL02-RS,Risco Alto,Alta
sábado,BR-101,409.0,Plena Noite,Decrescente,Céu Claro,Dupla,Rotatória,-28.91483,-49.48625,DEL02-SC,Risco Médio,Alta
sábado,BR-482,106.0,Plena Noite,Crescente,Nublado,Simples,Reta,-20.77496,-41.676,DEL03-ES,Risco Médio,Baixa
domingo,BR-104,80.8,Plena Noite,Decrescente,Céu Claro,Simples,Reta,-8.397874,-35.9734,DEL02-PE,Risco Médio,Baixa
quarta-feira,BR-101,117.4,Anoitecer,Decrescente,Céu Claro,Múltipla,Curva,-26.88747,-48.72253,DEL04-SC,Risco Médio,Alta
quinta-feira,BR-376,647.5,Pleno dia,Decrescente,Céu Claro,Dupla,Não Informado,-25.83875,-49.1062,DEL01-PR,Risco Baixo,Baixa
quarta-feira,BR-101,111.0,Pleno dia,Crescente,Céu Claro,Dupla,Ponte,-26.83956,-48.71418,DEL04-SC,Risco Médio,Alta
segunda-feira,BR-472,466.5,Pleno dia,Decrescente,Céu Claro,Simples,Curva,-29.16128,-56.35918,DEL12-RS,Risco Baixo,Baixa
domingo,BR-262,147.0,Pleno dia,Crescente,Nublado,Simples,Curva,-20.22097,-41.41902,DEL01-ES,Risco Médio,Média
domingo,BR-381,486.0,Plena Noite,Decrescente,Céu Claro,Múltipla,Reta,-19.95644,-44.13612,DEL01-MG,Risco Baixo,Alta
sábado,BR-101,297.0,Plena Noite,Decrescente,Céu Claro,Dupla,Não Informado,-22.76942,-42.91874,DEL02-RJ,Risco Alto,Alta
domingo,BR-116,169.0,Pleno dia,Decrescente,Céu Claro,Dupla,Reta,-22.81621,-43.32446,DEL01-RJ,Risco Alto,Alta
quinta-feira,BR-101,116.0,Plena Noite,Crescente,Nublado,Múltipla,Reta,-26.87906,-48.72604,DEL04-SC,Risco Baixo,Alta
quinta-feira,BR-376,658.0,Plena Noite,Decrescente,Céu Claro,Dupla,Curva,-25.85301,-49.02166,DEL01-PR,Risco Baixo,Baixa
quarta-feira,BR-104,67.7,Pleno dia,Crescente,Céu Claro,Dupla,Reta,-8.3016,-35.9882,DEL02-PE,Risco Baixo,Baixa
sábado,BR-373,250.5,Plena Noite,Crescente,Nublado,Simples,Reta,-25.18359,-50.69431,DEL03-PR,Risco Baixo,Baixa
terça-feira,BR-153,511.0,Plena Noite,Crescente,Céu Claro,Simples,Não Informado,-10.2969,-48.8838,DEL02-TO,Risco Médio,Alta
quarta-feira,BR-381,37.0,Pleno dia,Crescente,Céu Claro,Dupla,Reta,-23.10506,-46.56882,DEL03-SP,Risco Médio,Alta
terça-feira,BR-50,176.0,Plena Noite,Decrescente,Céu Claro,Dupla,Reta,-19.7792,-47.96003,DEL13-MG,Risco Médio,Média
domingo,BR-230,20.0,Pleno dia,Crescente,Céu Claro,Dupla,Não Informado,-7.1337,-34.8544,DEL01-PB,Risco Médio,Baixa
segunda-feira,BR-369,165.9,Pleno dia,Crescente,Sol,Dupla,Não Informado,-23.29512,-51.30305,DEL07-PR,Risco Médio,Baixa
domingo,BR-290,142.2,Pleno dia,Crescente,Nublado,Simples,Reta,-30.09172,-51.63368,DEL02-RS,Risco Médio,Baixa
quarta-feira,BR-110,87.9,Pleno dia,Crescente,Chuva,Simples,Reta,-5.557964,-37.32083,DEL04-RN,Risco Baixo,Baixa
sábado,BR-470,66.0,Pleno dia,Crescente,Céu Claro,Simples,Reta,-26.87041,-49.22184,DEL04-SC,Risco Médio,Baixa
sábado,BR-406,103.0,Plena Noite,Crescente,Céu Claro,Simples,Reta,-5.536725,-35.81408,DEL02-RN,Risco Médio,Baixa
domingo,BR-60,24.0,Pleno dia,Crescente,Céu Claro,Dupla,Reta,-15.99181,-48.23207,DEL01-DF,Risco Médio,Média
terça-feira,BR-60,111.0,Pleno dia,Crescente,Chuva,Dupla,Reta,-16.451,-49.0409,DEL01-GO,Risco Médio,Média
quarta-feira,BR-101,94.0,Pleno dia,Decrescente,Chuva,Dupla,Não Informado,-7.214833,-34.91175,DEL01-PB,Risco Médio,Alta
sexta-feira,BR-116,14.9,Plena Noite,Crescente,Garoa/Chuvisco,Dupla,Curva,-25.09912,-48.6887,DEL01-PR,Risco Baixo,Alta
domingo,BR-101,202.0,Plena Noite,Crescente,Céu Claro,Dupla,Reta,-27.55712,-48.61898,DEL01-SC,Risco Médio,Alta
segunda-feira,BR-40,5.2,Plena Noite,Decrescente,Céu Claro,Dupla,Curva,-16.09313,-47.98224,DEL01-DF,Risco Médio,Alta
segunda-feira,BR-153,494.8,Plena Noite,Decrescente,Céu Claro,Simples,Reta,-10.15434,-48.8835,DEL02-TO,Risco Médio,Alta
quinta-feira,BR-376,134.0,Anoitecer,Decrescente,Céu Claro,Dupla,Reta,-23.19499,-52.20268,DEL09-PR,Risco Médio,Baixa
segunda-feira,BR-386,52.0,Plena Noite,Crescente,Céu Claro,Simples,Reta,-27.5086,-53.381,DEL08-RS,Risco Alto,Média
segunda-feira,BR-365,622.0,Pleno dia,Decrescente,Céu Claro,Dupla,Não Informado,-18.9113,-48.2622,DEL15-MG,Risco Médio,Média
quarta-feira,BR-80,17.0,Pleno dia,Decrescente,Céu Claro,Dupla,Reta,-15.69207,-48.20514,DEL01-DF,Risco Médio,Baixa
segunda-feira,BR-153,17.5,Plena Noite,Decrescente,Céu Claro,Simples,Reta,-26.70456,-51.59643,DEL07-SC,Risco Médio,Alta
sexta-feira,BR-487,135.0,Pleno dia,Decrescente,Chuva,Simples,Desvio Temporário,-23.89903,-52.78612,DEL09-PR,Risco Médio,Baixa
terça-feira,BR-285,569.2,Plena Noite,Crescente,Céu Claro,Simples,Reta,-28.41305,-54.9857,DEL12-RS,Risco Alto,Baixa
quinta-feira,BR-364,202.9,Plena Noite,Decrescente,Céu Claro,Simples,Não Informado,-16.47226,-54.65445,DEL02-MT,Risco Médio,Alta
sábado,BR-376,644.0,Pleno dia,Decrescente,Chuva,Dupla,Curva,-25.8165,-49.1305,DEL01-PR,Risco Baixo,Baixa
segunda-feira,BR-287,324.0,Pleno dia,Crescente,Sol,Simples,Reta,-29.6699,-54.61082,DEL09-RS,Risco Médio,Baixa
terça-feira,BR-376,418.4,Pleno dia,Crescente,Chuva,Simples,Reta,-24.6746,-50.6002,DEL03-PR,Risco Baixo,Baixa
quinta-feira,BR-116,250.0,Pleno dia,Decrescente,Céu Claro,Simples,Reta,-27.83627,-50.38045,DEL05-SC,Risco Médio,Alta
sábado,BR-101,414.0,Pleno dia,Decrescente,Céu Claro,Dupla,Curva,-28.9536,-49.50985,DEL02-SC,Risco Médio,Alta
domingo,BR-262,371.7,Plena Noite,Crescente,Nublado,Dupla,Não Informado,-19.9736,-44.31765,DEL01-MG,Risco Médio,Média
sábado,BR-282,54.9,Pleno dia,Crescente,Chuva,Simples,Não Informado,-27.69181,-48.99129,DEL01-SC,Risco Alto,Baixa
domingo,BR-60,198.3,Plena Noite,Decrescente,Garoa/Chuvisco,Dupla,Curva,-17.92179,-51.74517,DEL01-GO,Risco Médio,Média