dia_semana,br,km,fase_dia,sentido_via,condicao_metereologica,tipo_pista,tracado_via,latitude,longitude,delegacia,classificacao_acidente,postos_policiais_PRF
domingo,BR-262,800.9,Pleno dia,Decrescente,Céu Claro,Dupla,Reta,-19.77913,-47.94579,DEL13-MG,Risco Médio,Média
quarta-feira,BR-116,380.9,Pleno dia,Decrescente,Chuva,Simples,Reta,-30.76779,-51.65,DEL02-RS,Risco Médio,Alta
domingo,BR-116,93.2,Pleno dia,Crescente,Céu Claro,Dupla,Reta,-22.95653,-45.413,DEL08-SP,Risco Baixo,Alta
sexta-feira,BR-70,9.0,Plena Noite,Decrescente,Nublado,Dupla,Reta,-15.78462,-48.13202,DEL01-DF,Risco Médio,Baixa
domingo,BR-10,210.6,Pleno dia,Crescente,Sol,Simples,Não Informado,-5.880962,-47.36172,DEL04-MA,Risco Baixo,Baixa
quarta-feira,BR-158,190.0,Pleno dia,Crescente,Céu Claro,Simples,Reta,-20.31481,-51.41755,DEL08-MS,Risco Médio,Baixa
quarta-feira,BR-116,284.0,Pleno dia,Decrescente,Nublado,Dupla,Reta,-23.69998,-46.86777,DEL04-SP,Risco Médio,Alta
quarta-feira,BR-262,21.0,Pleno dia,Crescente,Céu Claro,Simples,Reta,-20.37939,-40.50522,DEL01-ES,Risco Médio,Média
sábado,BR-251,389.0,Pleno dia,Decrescente,Nublado,Simples,Reta,-16.2645,-42.8303,DEL12-MG,Risco Baixo,Baixa
sexta-feira,BR-153,55.0,Pleno dia,Decrescente,Sol,Simples,Não Informado,-20.75322,-49.3426,DEL09-SP,Risco Baixo,Alta
terça-feira,BR-376,667.9,Plena Noite,Decrescente,Céu Claro,Dupla,Curva,-25.8665,-48.94667,DEL01-PR,Risco Baixo,Baixa
quarta-feira,BR-408,83.0,Plena Noite,Decrescente,Garoa/Chuvisco,Dupla,Reta,-7.945493,-35.11581,DEL01-PE,Risco Médio,Baixa
sexta-feira,BR-116,670.0,Plena Noite,Decrescente,Ignorado,Simples,Desvio Temporário,-13.78273,-40.10686,DEL03-BA,Risco Baixo,Alta
sexta-feira,BR-116,210.0,Pleno dia,Crescente,Nublado,Múltipla,Não Informado,-23.4287,-46.41086,DEL01-SP,Risco Médio,Alta
domingo,BR-364,425.7,Pleno dia,Crescente,Céu Claro,Simples,Rotatória,-10.43752,-62.4717,DEL03-RO,Risco Médio,Alta
quarta-feira,BR-50,75.0,Pleno dia,Crescente,Céu Claro,Dupla,Reta,-18.9187,-48.2226,DEL15-MG,Risco Médio,Média
quinta-feira,BR-392,115.7,Pleno dia,Decrescente,Céu Claro,Simples,Desvio Temporário,-31.42457,-52.6615,DEL07-RS,Risco Baixo,Média
domingo,BR-163,786.0,Pleno dia,Crescente,Nublado,Simples,Reta,-18.04197,-54.68639,DEL06-MS,Risco Médio,Alta
quinta-feira,BR-116,447.0,Amanhecer,Crescente,Nublado,Dupla,Reta,-24.4859,-47.8331,DEL05-SP,Risco Alto,Alta
terça-feira,BR-381,498.0,Pleno dia,Crescente,Céu Claro,Dupla,Reta,-19.99011,-44.20645,DEL01-MG,Risco Médio,Alta
sexta-feira,BR-232,9.0,Pleno dia,Decrescente,Sol,Dupla,Reta,-8.077656,-34.97871,DEL01-PE,Risco Médio,Baixa
terça-feira,BR-40,820.5,Pleno dia,Crescente,Chuva,Dupla,Curva,-21.9584,-43.299,DEL05-MG,Risco Médio,Alta
quarta-feira,BR-135,141.0,Amanhecer,Crescente,Céu Claro,Simples,Reta,-11.86464,-44.84398,DEL10-BA,Risco Alto,Baixa
terça-feira,BR-174,4.2,Pleno dia,Crescente,Céu Claro,Simples,Reta,-15.22788,-59.31845,DEL04-MT,Risco Alto,Baixa
domingo,BR-116,66.1,Anoitecer,Decrescente,Céu Claro,Simples,Curva,-28.68668,-51.06935,DEL05-RS,Risco Médio,Alta
quinta-feira,BR-116,42.7,Plena Noite,Crescente,Céu Claro,Dupla,Reta,-22.69183,-45.02241,DEL08-SP,Risco Baixo,Alta
quarta-feira,BR-101,307.0,Pleno dia,Crescente,Chuva,Dupla,Curva,-28.4008,-48.7864,DEL02-SC,Risco Baixo,Alta
quinta-feira,BR-116,481.0,Pleno dia,Decrescente,Céu Claro,Dupla,Reta,-24.71687,-48.03567,DEL05-SP,Risco Médio,Alta
segunda-feira,BR-386,334.8,Plena Noite,Decrescente,Ignorado,Simples,Curva,-29.37803,-52.05743,DEL04-RS,Risco Médio,Média
quinta-feira,BR-376,144.9,Pleno dia,Crescente,Sol,Dupla,Reta,-23.27343,-52.15721,DEL09-PR,Risco Médio,Baixa
terça-feira,BR-476,116.3,Anoitecer,Decrescente,Nublado,Dupla,Reta,-25.34996,-49.16642,DEL01-PR,Risco Baixo,Baixa
sexta-feira,BR-116,134.1,Pleno dia,Crescente,Céu Claro,Dupla,Reta,-23.14024,-45.76175,DEL06-SP,Risco Médio,Alta
quarta-feira,BR-116,147.2,Anoitecer,Decrescente,Céu Claro,Dupla,Reta,-23.19543,-45.87176,DEL02-SP,Risco Médio,Alta
domingo,BR-376,465.0,Pleno dia,Decrescente,Chuva,Dupla,Não Informado,-24.98477,-50.3688,DEL03-PR,Risco Médio,Baixa
sexta-feira,BR-369,177.0,Plena Noite,Crescente,Chuva,Simples,Reta,-23.33719,-51.38876,DEL07-PR,Risco Médio,Baixa
sábado,BR-290,80.0,Plena Noite,Decrescente,Chuva,Múltipla,Reta,-29.95343,-51.05845,DEL01-RS,Risco Baixo,Baixa
sexta-feira,BR-101,263.9,Plena Noite,Decrescente,Chuva,Dupla,Reta,-28.0431,-48.71351,DEL02-SC,Risco Baixo,Alta
sexta-feira,BR-163,832.0,Plena Noite,Decrescente,Ignorado,Simples,Reta,-12.0138,-55.51719,DEL06-MT,Risco Médio,Alta
quinta-feira,BR-277,345.1,Pleno dia,Crescente,Céu Claro,Simples,Reta,-25.36636,-51.48949,DEL03-PR,Risco Médio,Média
sexta-feira,BR-232,130.0,Pleno dia,Decrescente,Sol,Dupla,Desvio Temporário,-8.264093,-36.03447,DEL02-PE,Risco Médio,Baixa
quarta-feira,BR-60,6.0,Pleno dia,Crescente,Céu Claro,Simples,Curva,-16.09639,-48.28292,DEL01-DF,Risco Médio,Média
sexta-feira,BR-104,87.0,Pleno dia,Crescente,Nublado,Simples,Reta,-8.456847,-35.94344,DEL02-PE,Risco Baixo,Baixa
sábado,BR-448,6.0,Plena Noite,Crescente,Nublado,Dupla,Reta,-29.87262,-51.23069,DEL01-RS,Risco Baixo,Baixa
quarta-feira,BR-324,561.0,Pleno dia,Decrescente,Céu Claro,Dupla,Reta,-12.5095,-38.63021,DEL01-BA,Risco Médio,Baixa
quinta-feira,BR-324,614.0,Plena Noite,Decrescente,Nublado,Dupla,Reta,-12.86398,-38.4237,DEL01-BA,Risco Alto,Baixa
sábado,BR-116,147.0,Plena Noite,Crescente,Ignorado,Simples,Reta,-25.79054,-49.32744,DEL01-PR,Risco Médio,Alta
domingo,BR-116,141.0,Plena Noite,Crescente,Nublado,Dupla,Desvio Temporário,-25.7729,-49.32325,DEL01-PR,Risco Médio,Alta
sábado,BR-101,271.3,Pleno dia,Crescente,Céu Claro,Dupla,Reta,-22.72691,-42.69555,DEL02-RJ,Risco Médio,Alta
quinta-feira,BR-262,164.5,Pleno dia,Crescente,Chuva,Simples,Não Informado,-20.24824,-41.54887,DEL01-ES,Risco Médio,Média
domingo,BR-425,143.0,Plena Noite,Decrescente,Céu Claro,Dupla,Reta,-10.76079,-65.31241,DEL01-RO,Risco Médio,Baixa
quinta-feira,BR-386,36.1,Plena Noite,Decrescente,Nublado,Simples,Reta,-27.3767,-53.39811,DEL08-RS,Risco Baixo,Média
quarta-feira,BR-324,1.0,Plena Noite,Decrescente,Céu Claro,Dupla,Reta,-12.27951,-38.94174,DEL02-BA,Risco Médio,Baixa
domingo,BR-163,833.0,Pleno dia,Decrescente,Garoa/Chuvisco,Dupla,Reta,-11.8848,-55.5013,DEL06-MT,Risco Médio,Alta
quarta-feira,BR-376,45.6,Plena Noite,Crescente,Chuva,Simples,Reta,-22.86162,-52.96577,DEL07-PR,Risco Baixo,Baixa
sábado,BR-470,221.4,Pleno dia,Decrescente,Céu Claro,Simples,Desvio Temporário,-27.30594,-50.30682,DEL05-SC,Risco Médio,Baixa
terça-feira,BR-364,568.0,Plena Noite,Decrescente,Céu Claro,Simples,Curva,-14.6782,-56.3,DEL01-MT,Risco Médio,Alta
domingo,BR-116,183.0,Plena Noite,Decrescente,Céu Claro,Múltipla,Reta,-22.75159,-43.43851,DEL01-RJ,Risco Médio,Alta
segunda-feira,BR-280,109.6,Pleno dia,Decrescente,Céu Claro,Simples,Não Informado,-26.32444,-49.38548,DEL06-SC,Risco Médio,Baixa
sexta-feira,BR-282,377.0,Plena Noite,Decrescente,Garoa/Chuvisco,Simples,Não Informado,-27.21697,-51.47006,DEL07-SC,Risco Médio,Baixa
sábado,BR-70,447.0,Pleno dia,Crescente,Céu Claro,Simples,Reta,-15.90827,-52.03364,DEL04-GO,Risco Baixo,Baixa
sábado,BR-60,27.0,Pleno dia,Decrescente,Chuva,Dupla,Reta,-15.79423,-47.88217,DEL01-DF,Risco Médio,Média
terça-feira,BR-232,356.1,Amanhecer,Crescente,Céu Claro,Simples,Reta,-8.048491,-37.84055,DEL04-PE,Risco Médio,Baixa
terça-feira,BR-20,27.0,Anoitecer,Crescente,Céu Claro,Dupla,Não Informado,-15.59705,-47.63106,DEL02-DF,Risco Alto,Baixa
terça-feira,BR-405,93.0,Pleno dia,Decrescente,Nublado,Simples,Reta,-5.750717,-37.8783,DEL04-RN,Risco Médio,Baixa
domingo,BR-101,63.1,Pleno dia,Crescente,Céu Claro,Simples,Curva,-18.69831,-39.86481,DEL04-ES,Risco Médio,Alta
segunda-feira,BR-116,773.1,Pleno dia,Decrescente,Céu Claro,Simples,Interseção de vias,-21.57186,-42.67977,DEL07-MG,Risco Médio,Alta
segunda-feira,BR-290,69.1,Pleno dia,Crescente,Céu Claro,Dupla,Reta,-29.94493,-50.94644,DEL03-RS,Risco Baixo,Baixa
quinta-feira,BR-70,19.0,Amanhecer,Decrescente,Chuva,Dupla,Reta,-15.78887,-48.22024,DEL01-DF,Risco Médio,Baixa
sábado,BR-369,244.2,Plena Noite,Crescente,Céu Claro,Simples,Não Informado,-23.69819,-51.71308,DEL09-PR,Risco Alto,Baixa
sexta-feira,BR-386,214.4,Pleno dia,Decrescente,Sol,Simples,Reta,-28.57666,-52.59603,DEL04-RS,Risco Médio,Média
quinta-feira,BR-116,704.8,Pleno dia,Crescente,Céu Claro,Simples,Interseção de vias,-21.12713,-42.38334,DEL07-MG,Risco Médio,Alta
segunda-feira,BR-101,145.0,Pleno dia,Crescente,Chuva,Simples,Desvio Temporário,-27.08139,-48.60131,DEL04-SC,Risco Médio,Alta
sexta-feira,BR-282,1.0,Pleno dia,Decrescente,Sol,Dupla,Reta,-27.60158,-48.57841,DEL01-SC,Risco Médio,Baixa
sexta-feira,BR-101,435.5,Pleno dia,Decrescente,Céu Claro,Múltipla,Rotatória,-29.11134,-49.63818,DEL02-SC,Risco Médio,Alta
sexta-feira,BR-116,125.7,Pleno dia,Decrescente,Chuva,Dupla,Curva,-22.6516,-43.07775,DEL04-RJ,Risco Médio,Alta
segunda-feira,BR-153,679.0,Pleno dia,Crescente,Nublado,Simples,Reta,-11.78189,-49.11322,DEL02-TO,Risco Médio,Alta
sexta-feira,BR-470,66.0,Anoitecer,Crescente,Nublado,Simples,Reta,-26.87041,-49.22184,DEL04-SC,Risco Médio,Baixa
terça-feira,BR-364,330.1,Pleno dia,Crescente,Céu Claro,Simples,Reta,-10.97951,-61.91718,DEL02-RO,Risco Baixo,Alta
domingo,BR-470,213.0,Anoitecer,Decrescente,Garoa/Chuvisco,Simples,Reta,-29.14836,-51.53114,DEL06-RS,Risco Baixo,Baixa
quarta-feira,BR-376,175.0,Pleno dia,Crescente,Céu Claro,Dupla,Reta,-23.41157,-51.94156,DEL07-PR,Risco Médio,Baixa
segunda-feira,BR-381,85.0,Amanhecer,Crescente,Céu Claro,Dupla,Reta,-23.45609,-46.57139,DEL03-SP,Risco Baixo,Alta
quarta-feira,BR-116,137.0,Pleno dia,Decrescente,Céu Claro,Simples,Reta,-29.08966,-51.1129,DEL05-RS,Risco Médio,Alta
segunda-feira,BR-40,1.7,Pleno dia,Crescente,Céu Claro,Dupla,Reta,-16.06579,-47.98406,DEL01-DF,Risco Médio,Alta
terça-feira,BR-282,487.7,Pleno dia,Crescente,Céu Claro,Simples,Rotatória,-26.85758,-52.2632,DEL07-SC,Risco Baixo,Baixa
quarta-feira,BR-116,25.0,Pleno dia,Crescente,Céu Claro,Simples,Reta,-15.87145,-41.43022,DEL08-BA,Risco Médio,Alta
sábado,BR-101,231.5,Pleno dia,Crescente,Céu Claro,Dupla,Reta,-27.78923,-48.63691,DEL01-SC,Risco Médio,Alta
sexta-feira,BR-163,98.9,Pleno dia,Decrescente,Céu Claro,Simples,Não Informado,-25.60487,-53.77907,DEL02-PR,Risco Baixo,Alta
quarta-feira,BR-316,155.0,Plena Noite,Crescente,Nublado,Simples,Reta,-9.426233,-36.63305,DEL03-AL,Risco Médio,Baixa
quinta-feira,BR-116,185.0,Pleno dia,Decrescente,Céu Claro,Dupla,Reta,-23.35187,-46.19617,DEL02-SP,Risco Médio,Alta
terça-feira,BR-364,158.3,Pleno dia,Crescente,Céu Claro,Simples,Reta,-11.93385,-60.95965,DEL02-RO,Risco Baixo,Alta
quarta-feira,BR-364,26.4,Pleno dia,Crescente,Céu Claro,Simples,Rotatória,-20.02519,-48.94096,DEL13-MG,Risco Médio,Alta
terça-feira,BR-116,19.0,Pleno dia,Crescente,Sol,Dupla,Reta,-3.918674,-38.50742,DEL01-CE,Risco Médio,Alta
sábado,BR-277,361.7,Pleno dia,Crescente,Chuva,Simples,Curva,-25.4393,-51.62457,DEL08-PR,Risco Alto,Média
terça-feira,BR-304,51.4,Pleno dia,Decrescente,Céu Claro,Dupla,Curva,-4.569423,-37.75342,DEL03-CE,Risco Médio,Baixa
sexta-feira,BR-381,528.1,Pleno dia,Crescente,Chuva,Dupla,Curva,-20.16744,-44.33371,DEL04-MG,Risco Baixo,Alta
sábado,BR-364,272.0,Plena Noite,Crescente,Ignorado,Dupla,Curva,-15.95462,-54.97625,DEL02-MT,Risco Médio,Alta
domingo,BR-116,214.0,Plena Noite,Decrescente,Céu Claro,Múltipla,Reta,-23.46326,-46.53373,DEL01-SP,Risco Baixo,Alta
sábado,BR-116,424.8,Plena Noite,Crescente,Nublado,Simples,Reta,-12.24301,-38.98503,DEL02-BA,Risco Médio,Alta
sexta-feira,BR-116,240.8,Pleno dia,Crescente,Céu Claro,Simples,Reta,-17.8521,-41.5141,DEL11-MG,Risco Baixo,Alta
sexta-feira,BR-101,174.5,Plena Noite,Decrescente,Nublado,Dupla,Reta,-9.899678,-36.28305,DEL02-AL,Risco Alto,Alta
sábado,BR-116,201.0,Plena Noite,Crescente,Céu Claro,Múltipla,Não Informado,-23.40363,-46.3305,DEL01-SP,Risco Médio,Alta
quinta-feira,BR-381,935.0,Pleno dia,Decrescente,Céu Claro,Dupla,Não Informado,-22.84908,-46.33586,DEL16-MG,Risco Médio,Alta
terça-feira,BR-40,513.0,Pleno dia,Crescente,Céu Claro,Dupla,Reta,-19.79705,-44.10805,DEL01-MG,Risco Médio,Alta
sábado,BR-135,89.1,Pleno dia,Crescente,Nublado,Simples,Reta,-3.257396,-44.38857,DEL01-MA,Risco Médio,Baixa
sexta-feira,BR-381,752.5,Pleno dia,Decrescente,Sol,Dupla,Reta,-21.65855,-45.304,DEL16-MG,Risco Médio,Alta
sábado,BR-222,2.0,Plena Noite,Decrescente,Céu Claro,Múltipla,Não Informado,-3.739111,-38.58687,DEL01-CE,Risco Baixo,Baixa
sábado,BR-40,528.0,Anoitecer,Crescente,Chuva,Múltipla,Não Informado,-19.9191,-44.0391,DEL01-MG,Risco Baixo,Alta
sábado,BR-280,204.0,Anoitecer,Crescente,Chuva,Simples,Reta,-26.16577,-50.11188,DEL06-SC,Risco Médio,Baixa
sexta-feira,BR-101,105.0,Pleno dia,Crescente,Céu Claro,Dupla,Reta,-5.8973,-35.2585,DEL01-RN,Risco Baixo,Alta
segunda-feira,BR-317,120.0,Plena Noite,Decrescente,Céu Claro,Simples,Reta,-10.36723,-67.70969,DEL01-AC,Risco Médio,Baixa
quarta-feira,BR-290,19.0,Plena Noite,Decrescente,Chuva,Dupla,Reta,-29.88626,-50.44933,DEL03-RS,Risco Baixo,Baixa
segunda-feira,BR-163,85.5,Amanhecer,Crescente,Céu Claro,Simples,Não Informado,-25.69238,-53.78096,DEL02-PR,Risco Médio,Alta
quarta-feira,BR-50,280.6,Anoitecer,Crescente,Nublado,Simples,Não Informado,-18.18174,-47.94136,DEL06-GO,Risco Médio,Média
quarta-feira,BR-101,262.0,Plena Noite,Crescente,Céu Claro,Dupla,Curva,-22.71367,-42.62053,DEL02-RJ,Risco Médio,Alta
quarta-feira,BR-316,464.0,Plena Noite,Decrescente,Nublado,Simples,Curva,-4.538033,-44.02654,DEL03-MA,Risco Baixo,Baixa
quinta-feira,BR-116,115.8,Pleno dia,Decrescente,Nevoeiro/Neblina,Dupla,Reta,-25.55953,-49.2656,DEL01-PR,Risco Médio,Alta
terça-feira,BR-116,259.0,Amanhecer,Decrescente,Céu Claro,Simples,Curva,-29.87041,-51.17991,DEL01-RS,Risco Baixo,Alta
quarta-feira,BR-364,713.0,Pleno dia,Crescente,Céu Claro,Dupla,Não Informado,-8.772884,-63.88491,DEL01-RO,Risco Médio,Alta
quinta-feira,BR-293,137.0,Plena Noite,Crescente,Céu Claro,Simples,Interseção de vias,-31.46954,-53.65592,DEL11-RS,Risco Médio,Baixa
sexta-feira,BR-101,883.0,Plena Noite,Crescente,Céu Claro,Simples,Não Informado,-17.57694,-39.73583,DEL09-BA,Risco Médio,Alta
domingo,BR-459,9.5,Plena Noite,Decrescente,Chuva,Simples,Curva,-21.80789,-46.47942,DEL09-MG,Risco Baixo,Baixa
domingo,BR-116,109.7,Plena Noite,Crescente,Garoa/Chuvisco,Múltipla,Curva,-22.54742,-42.98985,DEL04-RJ,Risco Médio,Alta
sexta-feira,BR-101,90.0,Pleno dia,Decrescente,Céu Claro,Múltipla,Não Informado,-26.678,-48.692,DEL03-SC,Risco Baixo,Alta
segunda-feira,BR-101,39.8,Pleno dia,Decrescente,Céu Claro,Dupla,Reta,-7.812599,-34.9189,DEL01-PE,Risco Alto,Alta
sexta-feira,BR-304,38.0,Pleno dia,Decrescente,Sol,Dupla,Reta,-5.186901,-37.37274,DEL04-RN,Risco Médio,Baixa
quarta-feira,BR-282,0.3,Plena Noite,Crescente,Céu Claro,Múltipla,Reta,-27.59845,-48.572,DEL01-SC,Risco Baixo,Baixa
segunda-feira,BR-101,82.9,Pleno dia,Crescente,Sol,Dupla,Viaduto,-7.13285,-34.93061,DEL01-PB,Risco Médio,Alta
sexta-feira,BR-381,711.2,Pleno dia,Crescente,Chuva,Dupla,Curva,-21.36053,-45.19133,DEL04-MG,Risco Baixo,Alta
sexta-feira,BR-364,223.0,Pleno dia,Decrescente,Céu Claro,Simples,Desvio Temporário,-9.435091,-68.40489,DEL01-AC,Risco Médio,Alta
terça-feira,BR-116,23.1,Pleno dia,Crescente,Céu Claro,Dupla,Reta,-3.949939,-38.51225,DEL01-CE,Risco Médio,Alta
sexta-feira,BR-386,110.0,Pleno dia,Decrescente,Sol,Simples,Curva,-27.80911,-53.05153,DEL08-RS,Risco Baixo,Média
quinta-feira,BR-343,307.2,Pleno dia,Crescente,Céu Claro,Simples,Reta,-5.039802,-42.45952,DEL01-PI,Risco Médio,Baixa
quinta-feira,BR-174,10.0,Pleno dia,Crescente,Sol,Simples,Reta,-12.75194,-60.10601,DEL04-RO,Risco Médio,Baixa
segunda-feira,BR-101,86.0,Pleno dia,Crescente,Céu Claro,Dupla,Reta,-8.1847,-34.96817,DEL01-PE,Risco Médio,Alta
segunda-feira,BR-101,202.0,Pleno dia,Crescente,Céu Claro,Simples,Reta,-27.55712,-48.61898,DEL01-SC,Risco Médio,Alta
terça-feira,BR-381,349.0,Pleno dia,Crescente,Chuva,Simples,Curva,-19.85441,-43.11175,DEL03-MG,Risco Baixo,Alta
quinta-feira,BR-222,32.7,Pleno dia,Crescente,Céu Claro,Simples,Reta,-3.707839,-38.83775,DEL01-CE,Risco Médio,Baixa
quarta-feira,BR-135,1.5,Pleno dia,Decrescente,Céu Claro,Dupla,Reta,-2.589179,-44.24424,DEL01-MA,Risco Médio,Baixa
quarta-feira,BR-290,31.0,Pleno dia,Crescente,Sol,Dupla,Reta,-29.88582,-50.58633,DEL03-RS,Risco Médio,Baixa
terça-feira,BR-235,318.0,Pleno dia,Crescente,Céu Claro,Simples,Reta,-9.483893,-40.24002,DEL07-BA,Risco Médio,Baixa
terça-feira,BR-222,5.6,Plena Noite,Crescente,Céu Claro,Múltipla,Viaduto,-3.742969,-38.61331,DEL01-CE,Risco Médio,Baixa
segunda-feira,BR-364,280.0,Pleno dia,Crescente,Céu Claro,Simples,Reta,-15.93645,-55.0199,DEL05-MT,Risco Baixo,Alta
sábado,BR-116,92.0,Plena Noite,Decrescente,Céu Claro,Múltipla,Não Informado,-25.47691,-49.09767,DEL01-PR,Risco Baixo,Alta
quarta-feira,BR-262,362.0,Anoitecer,Decrescente,Céu Claro,Dupla,Curva,-19.97355,-44.30223,DEL01-MG,Risco Médio,Média
sábado,BR-116,374.8,Plena Noite,Crescente,Chuva,Simples,Reta,-18.5723,-41.91181,DEL11-MG,Risco Alto,Alta
quinta-feira,BR-386,349.0,Plena Noite,Crescente,Nublado,Dupla,Reta,-29.47854,-51.95358,DEL04-RS,Risco Baixo,Média
terça-feira,BR-163,77.8,Pleno dia,Crescente,Chuva,Dupla,Reta,-23.4832,-54.18609,DEL09-MS,Risco Médio,Alta
segunda-feira,BR-101,209.3,Pleno dia,Crescente,Céu Claro,Dupla,Reta,-27.61001,-48.63895,DEL01-SC,Risco Médio,Alta
terça-feira,BR-163,641.0,Pleno dia,Crescente,Céu Claro,Simples,Reta,-13.54878,-56.02742,DEL01-MT,Risco Baixo,Alta
terça-feira,BR-116,149.5,Plena Noite,Crescente,Céu Claro,Dupla,Desvio Temporário,-23.207,-45.88627,DEL02-SP,Risco Médio,Alta
sábado,BR-459,81.9,Pleno dia,Crescente,Céu Claro,Simples,Reta,-22.15706,-46.09114,DEL13-MG,Risco Médio,Baixa
quinta-feira,BR-153,65.5,Pleno dia,Decrescente,Nublado,Simples,Curva,-18.93538,-49.02954,DEL15-MG,Risco Médio,Alta
quinta-feira,BR-40,595.0,Pleno dia,Crescente,Céu Claro,Simples,Reta,-20.40831,-43.89611,DEL05-MG,Risco Baixo,Alta
sexta-feira,BR-364,347.0,Amanhecer,Crescente,Céu Claro,Dupla,Desvio Temporário,-15.80735,-55.54692,DEL02-MT,Risco Médio,Alta
domingo,BR-101,76.8,Pleno dia,Crescente,Garoa/Chuvisco,Dupla,Não Informado,-8.118138,-34.94329,DEL01-PE,Risco Baixo,Alta
quarta-feira,BR-381,532.0,Amanhecer,Decrescente,Nublado,Dupla,Curva,-20.19043,-44.38269,DEL04-MG,Risco Médio,Alta
segunda-feira,BR-101,83.7,Pleno dia,Crescente,Chuva,Dupla,Reta,-5.771044,-35.26617,DEL02-RN,Risco Médio,Alta
sábado,BR-386,288.9,Plena Noite,Decrescente,Nevoeiro/Neblina,Simples,Curva,-29.09019,-52.25319,DEL04-RS,Risco Médio,Média
terça-feira,BR-304,82.0,Plena Noite,Crescente,Céu Claro,Simples,Reta,-5.487455,-37.15823,DEL04-RN,Risco Médio,Baixa
sábado,BR-101,209.9,Pleno dia,Crescente,Céu Claro,Simples,Não Informado,-19.79803,-40.37011,DEL02-ES,Risco Médio,Alta
sexta-feira,BR-101,217.0,Plena Noite,Decrescente,Nublado,Dupla,Reta,-27.6771,-48.67,DEL01-SC,Risco Médio,Alta
domingo,BR-163,365.0,Plena Noite,Crescente,Céu Claro,Simples,Reta,-21.46415,-54.38293,DEL02-MS,Risco Médio,Alta
sábado,BR-364,238.1,Pleno dia,Crescente,Sol,Simples,Retorno Regulamentado,-11.43886,-61.45471,DEL02-RO,Risco Médio,Alta
terça-feira,BR-324,530.0,Pleno dia,Decrescente,Nublado,Dupla,Retorno Regulamentado,-12.32818,-38.86174,DEL01-BA,Risco Médio,Baixa
quinta-feira,BR-364,130.0,Pleno dia,Decrescente,Céu Claro,Simples,Reta,-16.82986,-54.01579,DEL02-MT,Risco Médio,Alta
quinta-feira,BR-116,149.0,Pleno dia,Decrescente,Nublado,Dupla,Reta,-29.15997,-51.15645,DEL05-RS,Risco Médio,Alta
sábado,BR-20,16.2,Pleno dia,Crescente,Céu Claro,Simples,Reta,-15.62567,-47.72516,DEL02-DF,Risco Médio,Baixa
sábado,BR-101,446.5,Pleno dia,Crescente,Nublado,Simples,Não Informado,-22.99899,-44.09791,DEL03-RJ,Risco Baixo,Alta
sábado,BR-40,11.5,Pleno dia,Decrescente,Sol,Dupla,Reta,-16.13834,-47.95164,DEL01-DF,Risco Médio,Alta
domingo,BR-116,146.4,Plena Noite,Decrescente,Céu Claro,Dupla,Desvio Temporário,-23.19123,-45.86328,DEL02-SP,Risco Médio,Alta
quinta-feira,BR-101,264.0,Pleno dia,Crescente,Céu Claro,Dupla,Interseção de vias,-20.17642,-40.26612,DEL02-ES,Risco Médio,Alta
segunda-feira,BR-116,839.0,Pleno dia,Decrescente,Nublado,Simples,Reta,-14.98249,-40.92143,DEL08-BA,Risco Médio,Alta
quinta-feira,BR-163,2.5,Pleno dia,Crescente,Nublado,Simples,Reta,-26.26738,-53.63734,DEL07-SC,Risco Alto,Alta
segunda-feira,BR-101,838.0,Pleno dia,Decrescente,Céu Claro,Simples,Curva,-17.2283,-39.6193,DEL09-BA,Risco Baixo,Alta
segunda-feira,BR-101,275.6,Plena Noite,Crescente,Chuva,Dupla,Curva,-20.09661,-40.33931,DEL02-ES,Risco Médio,Alta
sábado,BR-493,109.0,Pleno dia,Crescente,Céu Claro,Dupla,Reta,-22.78291,-43.75803,DEL01-RJ,Risco Baixo,Baixa
segunda-feira,BR-116,522.2,Plena Noite,Decrescente,Nublado,Simples,Interseção de vias,-19.743,-42.13232,DEL06-MG,Risco Médio,Alta
quarta-feira,BR-354,744.3,Plena Noite,Decrescente,Céu Claro,Simples,Reta,-22.28592,-44.86816,DEL17-MG,Risco Médio,Baixa
quinta-feira,BR-428,108.0,Pleno dia,Crescente,Céu Claro,Simples,Reta,-8.873273,-40.01846,DEL06-PE,Risco Médio,Baixa
domingo,BR-287,248.0,Plena Noite,Crescente,Céu Claro,Simples,Não Informado,-29.69602,-53.85096,DEL09-RS,Risco Baixo,Baixa
quarta-feira,BR-386,243.4,Pleno dia,Crescente,Nublado,Simples,Reta,-28.80347,-52.50763,DEL04-RS,Risco Médio,Média
sexta-feira,BR-324,622.0,Anoitecer,Decrescente,Ignorado,Múltipla,Reta,-12.92806,-38.46835,DEL01-BA,Risco Baixo,Baixa
sexta-feira,BR-280,31.0,Pleno dia,Crescente,Sol,Simples,Rotatória,-26.4165,-48.77181,DEL03-SC,Risco Médio,Baixa
segunda-feira,BR-70,542.0,Pleno dia,Decrescente,Céu Claro,Simples,Reta,-15.67792,-56.32656,DEL03-MT,Risco Médio,Baixa
quinta-feira,BR-267,238.2,Pleno dia,Crescente,Chuva,Simples,Curva,-21.9405,-44.37927,DEL05-MG,Risco Médio,Baixa
sábado,BR-101,226.0,Pleno dia,Crescente,Céu Claro,Dupla,Não Informado,-27.74234,-48.63812,DEL01-SC,Risco Médio,Alta
terça-feira,BR-280,50.0,Plena Noite,Decrescente,Nublado,Simples,Não Informado,-26.46195,-48.94618,DEL03-SC,Risco Médio,Baixa