dia_semana,br,km,fase_dia,sentido_via,condicao_metereologica,tipo_pista,tracado_via,latitude,longitude,delegacia,classificacao_acidente,postos_policiais_PRF
quarta-feira,BR-369,4.2,Plena Noite,Decrescente,Céu Claro,Simples,Não Informado,-24.0567,-52.3819,DEL07-PR,Risco Médio,Baixa
quarta-feira,BR-210,8.0,Pleno dia,Decrescente,Céu Claro,Dupla,Rotatória,0.1045,-51.12608,DEL01-AP,Risco Médio,Baixa
segunda-feira,BR-101,72.2,Plena Noite,Decrescente,Céu Claro,Simples,Reta,-18.76249,-39.86354,DEL04-ES,Risco Médio,Alta
sábado,BR-242,5.0,Pleno dia,Crescente,Céu Claro,Simples,Reta,-12.10256,-44.9708,DEL01-BA,Risco Alto,Baixa
segunda-feira,BR-163,837.0,Plena Noite,Crescente,Céu Claro,Simples,Reta,-11.96832,-55.5169,DEL06-MT,Risco Médio,Alta
segunda-feira,BR-471,504.0,Plena Noite,Decrescente,Céu Claro,Simples,Reta,-32.40653,-52.55959,DEL07-RS,Risco Médio,Baixa
segunda-feira,BR-354,754.2,Pleno dia,Decrescente,Nublado,Simples,Reta,-22.3048,-44.85575,DEL17-MG,Risco Médio,Baixa
domingo,BR-101,84.0,Amanhecer,Crescente,Céu Claro,Simples,Curva,-21.82137,-41.47024,DEL08-RJ,Risco Médio,Alta
domingo,BR-116,129.5,Plena Noite,Crescente,Céu Claro,Dupla,Reta,-25.66732,-49.31451,DEL01-PR,Risco Alto,Alta
sábado,BR-60,381.0,Pleno dia,Crescente,Céu Claro,Dupla,Viaduto,-17.7727,-50.8862,DEL04-GO,Risco Médio,Média
domingo,BR-153,356.2,Pleno dia,Decrescente,Sol,Dupla,Não Informado,-15.70755,-49.33113,DEL02-GO,Risco Médio,Alta
domingo,BR-392,74.0,Pleno dia,Crescente,Céu Claro,Simples,Reta,-31.70784,-52.40359,DEL07-RS,Risco Baixo,Média
quinta-feira,BR-70,14.4,Pleno dia,Decrescente,Céu Claro,Dupla,Reta,-15.79882,-48.17948,DEL01-DF,Risco Baixo,Baixa
segunda-feira,BR-101,176.1,Pleno dia,Decrescente,Nublado,Dupla,Curva,-6.501665,-35.112,DEL01-RN,Risco Médio,Alta
sábado,BR-267,556.0,Plena Noite,Crescente,Céu Claro,Simples,Ponte,-21.68131,-56.76289,DEL05-MS,Risco Médio,Baixa
sábado,BR-262,767.0,Pleno dia,Crescente,Nublado,Simples,Reta,-19.6695,-47.6158,DEL13-MG,Risco Baixo,Média
domingo,BR-116,375.4,Plena Noite,Crescente,Céu Claro,Simples,Reta,-6.395125,-38.83102,DEL05-CE,Risco Alto,Alta
domingo,BR-60,116.1,Amanhecer,Crescente,Céu Claro,Dupla,Não Informado,-16.47377,-49.07965,DEL01-GO,Risco Médio,Média
quarta-feira,BR-277,242.4,Pleno dia,Decrescente,Sol,Simples,Curva,-25.4642,-50.56582,DEL03-PR,Risco Baixo,Média
sábado,BR-381,89.0,Pleno dia,Decrescente,Céu Claro,Simples,Curva,-23.48469,-46.55983,DEL03-SP,Risco Médio,Alta
terça-feira,BR-232,7.7,Plena Noite,Decrescente,Céu Claro,Dupla,Reta,-8.073335,-34.96184,DEL01-PE,Risco Médio,Baixa
domingo,BR-232,23.0,Pleno dia,Decrescente,Céu Claro,Dupla,Reta,-8.0986,-35.09353,DEL01-PE,Risco Médio,Baixa
sábado,BR-174,13.0,Pleno dia,Crescente,Céu Claro,Dupla,Interseção de vias,-12.7414,-60.13026,DEL04-RO,Risco Médio,Baixa
segunda-feira,BR-60,4.8,Plena Noite,Crescente,Céu Claro,Dupla,Reta,-15.89502,-48.1033,DEL01-DF,Risco Baixo,Média
sexta-feira,BR-364,18.0,Pleno dia,Crescente,Céu Claro,Simples,Rotatória,-20.05909,-48.81491,DEL13-MG,Risco Médio,Alta
sexta-feira,BR-116,657.0,Pleno dia,Decrescente,Nublado,Simples,Não Informado,-32.56887,-53.37924,DEL07-RS,Risco Médio,Alta
sábado,BR-116,3.0,Pleno dia,Decrescente,Sol,Simples,Não Informado,-3.779814,-38.51405,DEL01-CE,Risco Baixo,Alta
sexta-feira,BR-386,346.1,Plena Noite,Decrescente,Céu Claro,Dupla,Reta,-29.45415,-51.96074,DEL04-RS,Risco Alto,Média
domingo,BR-101,296.0,Plena Noite,Crescente,Nublado,Simples,Reta,-28.30564,-48.72104,DEL02-SC,Risco Médio,Alta
domingo,BR-386,270.6,Plena Noite,Crescente,Céu Claro,Simples,Não Informado,-28.97789,-52.3678,DEL04-RS,Risco Alto,Média
segunda-feira,BR-476,126.0,Plena Noite,Crescente,Nublado,Simples,Reta,-25.42884,-49.22891,DEL01-PR,Risco Médio,Baixa
quinta-feira,BR-104,110.0,Anoitecer,Crescente,Céu Claro,Simples,Curva,-8.633043,-36.01535,DEL02-PE,Risco Médio,Baixa
domingo,BR-116,253.9,Pleno dia,Decrescente,Céu Claro,Dupla,Reta,-22.58322,-44.04248,DEL07-RJ,Risco Médio,Alta
terça-feira,BR-20,13.5,Pleno dia,Decrescente,Céu Claro,Dupla,Reta,-15.63875,-47.7496,DEL02-DF,Risco Baixo,Baixa
segunda-feira,BR-376,168.0,Pleno dia,Crescente,Céu Claro,Dupla,Reta,-23.40979,-51.98745,DEL09-PR,Risco Médio,Baixa
domingo,BR-116,276.0,Plena Noite,Decrescente,Céu Claro,Simples,Interseção de vias,-17.85106,-41.51454,DEL11-MG,Risco Baixo,Alta
quinta-feira,BR-40,530.0,Plena Noite,Crescente,Céu Claro,Dupla,Curva,-19.92065,-44.03357,DEL01-MG,Risco Baixo,Alta
terça-feira,BR-116,282.9,Plena Noite,Decrescente,Céu Claro,Dupla,Reta,-23.66787,-46.85529,DEL04-SP,Risco Médio,Alta
quarta-feira,BR-381,518.7,Plena Noite,Decrescente,Céu Claro,Dupla,Curva,-20.10995,-44.31986,DEL01-MG,Risco Baixo,Alta
domingo,BR-381,59.0,Plena Noite,Crescente,Céu Claro,Simples,Não Informado,-23.28271,-46.58788,DEL03-SP,Risco Médio,Alta
segunda-feira,BR-101,76.0,Pleno dia,Crescente,Nublado,Simples,Reta,-9.4157,-35.8404,DEL01-AL,Risco Médio,Alta
quarta-feira,BR-343,348.0,Pleno dia,Crescente,Céu Claro,Dupla,Reta,-5.118706,-42.78641,DEL01-PI,Risco Médio,Baixa
quarta-feira,BR-277,3.0,Plena Noite,Decrescente,Céu Claro,Múltipla,Reta,-25.54387,-48.55943,DEL01-PR,Risco Médio,Média
sexta-feira,BR-158,463.7,Pleno dia,Crescente,Céu Claro,Simples,Reta,-13.20221,-51.90664,DEL07-MT,Risco Médio,Baixa
sexta-feira,BR-153,435.8,Plena Noite,Decrescente,Céu Claro,Dupla,Reta,-16.28702,-48.94324,DEL02-GO,Risco Médio,Alta
sexta-feira,BR-381,214.8,Pleno dia,Crescente,Céu Claro,Simples,Interseção de vias,-19.26346,-42.34572,DEL06-MG,Risco Alto,Alta
quinta-feira,BR-459,99.4,Pleno dia,Decrescente,Sol,Dupla,Reta,-22.20348,-45.95165,DEL16-MG,Risco Médio,Baixa
domingo,BR-343,86.0,Plena Noite,Decrescente,Nublado,Simples,Reta,-3.459998,-41.74587,DEL05-PI,Risco Alto,Baixa
terça-feira,BR-101,137.0,Pleno dia,Crescente,Chuva,Simples,Curva,-27.01572,-48.61193,DEL04-SC,Risco Médio,Alta
quarta-feira,BR-116,223.0,Plena Noite,Decrescente,Céu Claro,Múltipla,Reta,-23.4782,-46.5287,DEL01-SP,Risco Baixo,Alta
sábado,BR-343,8.4,Plena Noite,Crescente,Céu Claro,Simples,Túnel,-2.899382,-41.72372,DEL05-PI,Risco Médio,Baixa
quarta-feira,BR-319,63.8,Pleno dia,Crescente,Sol,Dupla,Reta,-8.766093,-63.88419,DEL01-RO,Risco Baixo,Baixa
domingo,BR-262,357.0,Pleno dia,Decrescente,Sol,Dupla,Reta,-19.97471,-44.18805,DEL01-MG,Risco Médio,Média
domingo,BR-493,22.0,Pleno dia,Decrescente,Nevoeiro/Neblina,Simples,Reta,-22.65931,-43.0533,DEL04-RJ,Risco Médio,Baixa
quinta-feira,BR-40,598.2,Pleno dia,Crescente,Sol,Simples,Reta,-20.42297,-43.87357,DEL05-MG,Risco Alto,Alta
terça-feira,BR-153,188.0,Pleno dia,Crescente,Céu Claro,Simples,Desvio Temporário,-14.4168,-49.1573,DEL07-GO,Risco Médio,Alta
sábado,BR-222,4.5,Plena Noite,Crescente,Céu Claro,Múltipla,Interseção de vias,-3.742269,-38.61092,DEL01-CE,Risco Médio,Baixa
quinta-feira,BR-40,5.8,Plena Noite,Crescente,Céu Claro,Simples,Reta,-16.02796,-47.97907,DEL01-DF,Risco Médio,Alta
quarta-feira,BR-277,723.7,Pleno dia,Crescente,Céu Claro,Múltipla,Reta,-25.42895,-49.26714,DEL05-PR,Risco Médio,Média
quinta-feira,BR-116,142.0,Pleno dia,Decrescente,Céu Claro,Dupla,Não Informado,-25.74652,-49.31742,DEL01-PR,Risco Baixo,Alta
sexta-feira,BR-153,193.0,Pleno dia,Crescente,Sol,Simples,Desvio Temporário,-19.91074,-48.96474,DEL13-MG,Risco Médio,Alta
terça-feira,BR-116,11.0,Pleno dia,Crescente,Céu Claro,Simples,Interseção de vias,-14.87316,-40.8714,DEL05-PE,Risco Médio,Alta
sábado,BR-280,50.3,Pleno dia,Decrescente,Sol,Simples,Reta,-26.46395,-48.95129,DEL03-SC,Risco Médio,Baixa
domingo,BR-364,187.5,Pleno dia,Decrescente,Sol,Simples,Curva,-17.93325,-51.6795,DEL05-GO,Risco Médio,Alta
terça-feira,BR-101,194.7,Pleno dia,Crescente,Céu Claro,Múltipla,Reta,-27.50217,-48.65307,DEL01-SC,Risco Baixo,Alta
domingo,BR-262,32.0,Plena Noite,Crescente,Nublado,Simples,Não Informado,-20.7918,-51.9071,DEL07-MS,Risco Médio,Média
sábado,BR-101,206.6,Pleno dia,Crescente,Céu Claro,Múltipla,Reta,-27.59744,-48.62024,DEL01-SC,Risco Alto,Alta
segunda-feira,BR-101,133.0,Pleno dia,Decrescente,Céu Claro,Dupla,Reta,-27.0021,-48.6362,DEL04-SC,Risco Médio,Alta
quinta-feira,BR-282,385.6,Plena Noite,Crescente,Chuva,Simples,Curva,-27.19443,-51.51587,DEL07-SC,Risco Médio,Baixa
quinta-feira,BR-267,80.2,Amanhecer,Decrescente,Céu Claro,Simples,Reta,-21.71463,-52.42265,DEL02-MS,Risco Baixo,Baixa
domingo,BR-101,68.9,Plena Noite,Decrescente,Garoa/Chuvisco,Simples,Reta,-11.97074,-38.18069,DEL01-BA,Risco Baixo,Alta
terça-feira,BR-324,601.0,Plena Noite,Decrescente,Céu Claro,Dupla,Reta,-12.75619,-38.42804,DEL01-BA,Risco Médio,Baixa
quinta-feira,BR-116,353.0,Pleno dia,Crescente,Garoa/Chuvisco,Simples,Não Informado,-24.0705,-47.2429,DEL04-SP,Risco Baixo,Alta
domingo,BR-101,435.0,Plena Noite,Crescente,Céu Claro,Simples,Reta,-29.09949,-49.63481,DEL02-SC,Risco Médio,Alta
quinta-feira,BR-101,203.0,Pleno dia,Decrescente,Nublado,Dupla,Reta,-27.5742,-48.6134,DEL01-SC,Risco Médio,Alta
segunda-feira,BR-101,222.0,Pleno dia,Crescente,Céu Claro,Múltipla,Reta,-27.70865,-48.65586,DEL01-SC,Risco Médio,Alta
sábado,BR-373,230.8,Plena Noite,Crescente,Nublado,Simples,Reta,-25.18073,-50.66818,DEL03-PR,Risco Baixo,Baixa
domingo,BR-470,68.0,Pleno dia,Crescente,Céu Claro,Simples,Reta,-26.87761,-49.23923,DEL04-SC,Risco Médio,Baixa
quarta-feira,BR-101,92.2,Plena Noite,Crescente,Chuva,Dupla,Curva,-10.90169,-37.13619,DEL01-SE,Risco Baixo,Alta
sábado,BR-356,156.0,Plena Noite,Crescente,Chuva,Simples,Reta,-21.74176,-41.21113,DEL08-RJ,Risco Baixo,Baixa
sexta-feira,BR-242,549.0,Amanhecer,Decrescente,Céu Claro,Simples,Reta,-12.17172,-42.84378,DEL10-BA,Risco Médio,Baixa
sábado,BR-470,167.9,Pleno dia,Decrescente,Céu Claro,Simples,Interseção de vias,-28.85916,-51.55529,DEL06-RS,Risco Médio,Baixa
domingo,BR-104,26.9,Pleno dia,Decrescente,Chuva,Simples,Curva,-9.157688,-36.01336,DEL01-AL,Risco Médio,Baixa
quinta-feira,BR-277,199.8,Pleno dia,Decrescente,Chuva,Simples,Curva,-25.47083,-50.27709,DEL03-PR,Risco Alto,Média
terça-feira,BR-232,116.7,Pleno dia,Decrescente,Céu Claro,Dupla,Reta,-8.297,-35.86666,DEL02-PE,Risco Médio,Baixa
terça-feira,BR-282,424.0,Pleno dia,Crescente,Nublado,Simples,Curva,-26.99503,-51.75273,DEL07-SC,Risco Alto,Baixa
quarta-feira,BR-381,579.4,Pleno dia,Decrescente,Chuva,Dupla,Não Informado,-20.48018,-44.58744,DEL04-MG,Risco Médio,Alta
sexta-feira,BR-470,56.3,Anoitecer,Decrescente,Céu Claro,Simples,Reta,-26.87674,-49.12774,DEL04-SC,Risco Médio,Baixa
segunda-feira,BR-290,147.5,Plena Noite,Crescente,Céu Claro,Simples,Reta,-30.10718,-51.6862,DEL02-RS,Risco Médio,Baixa
sexta-feira,BR-381,628.4,Plena Noite,Decrescente,Chuva,Dupla,Não Informado,-20.82226,-44.80089,DEL04-MG,Risco Médio,Alta
terça-feira,BR-101,269.9,Plena Noite,Decrescente,Chuva,Múltipla,Reta,-20.22,-40.27039,DEL02-ES,Risco Alto,Alta
sexta-feira,BR-101,209.0,Plena Noite,Decrescente,Céu Claro,Dupla,Reta,-27.6103,-48.63901,DEL01-SC,Risco Baixo,Alta
sexta-feira,BR-277,78.0,Pleno dia,Decrescente,Nublado,Dupla,Reta,-25.37381,-49.25171,DEL01-PR,Risco Médio,Média
domingo,BR-381,940.9,Pleno dia,Crescente,Chuva,Dupla,Curva,-22.82607,-46.31332,DEL16-MG,Risco Médio,Alta
segunda-feira,BR-381,703.9,Pleno dia,Decrescente,Nublado,Dupla,Reta,-21.30889,-45.16095,DEL04-MG,Risco Baixo,Alta
sábado,BR-153,282.0,Amanhecer,Crescente,Céu Claro,Simples,Curva,-8.372322,-48.48973,DEL02-TO,Risco Médio,Alta
segunda-feira,BR-376,178.7,Pleno dia,Decrescente,Céu Claro,Múltipla,Reta,-23.41921,-51.91294,DEL09-PR,Risco Médio,Baixa
sexta-feira,BR-101,396.0,Pleno dia,Decrescente,Céu Claro,Simples,Reta,-20.86826,-40.93994,DEL03-ES,Risco Médio,Alta
segunda-feira,BR-116,192.0,Pleno dia,Crescente,Sol,Dupla,Reta,-22.7299,-43.5723,DEL01-RJ,Risco Médio,Alta
segunda-feira,BR-116,616.7,Pleno dia,Crescente,Sol,Simples,Reta,-13.33684,-40.01667,DEL03-BA,Risco Médio,Alta
sábado,BR-316,211.9,Plena Noite,Crescente,Nublado,Simples,Curva,-9.536453,-36.2434,DEL01-AL,Risco Médio,Baixa
domingo,BR-163,270.0,Pleno dia,Crescente,Céu Claro,Dupla,Interseção de vias,-22.19492,-54.69296,DEL04-MS,Risco Médio,Alta
sábado,BR-101,232.0,Pleno dia,Crescente,Ignorado,Simples,Reta,-12.74192,-39.1842,DEL01-BA,Risco Baixo,Alta
quinta-feira,BR-381,946.3,Pleno dia,Crescente,Nublado,Dupla,Não Informado,-22.86221,-46.34454,DEL16-MG,Risco Médio,Alta
sexta-feira,BR-110,168.0,Plena Noite,Crescente,Céu Claro,Simples,Reta,-10.8246,-38.53163,DEL07-BA,Risco Médio,Baixa
domingo,BR-316,518.0,Plena Noite,Decrescente,Céu Claro,Simples,Reta,-4.767323,-43.61478,DEL03-MA,Risco Médio,Baixa
quinta-feira,BR-376,501.8,Pleno dia,Decrescente,Nublado,Dupla,Não Informado,-25.20895,-50.06445,DEL03-PR,Risco Médio,Baixa
sexta-feira,BR-101,78.0,Anoitecer,Decrescente,Céu Claro,Dupla,Não Informado,-8.137056,-34.94747,DEL01-PE,Risco Médio,Alta
terça-feira,BR-470,60.0,Pleno dia,Decrescente,Céu Claro,Simples,Reta,-26.88402,-49.14673,DEL04-SC,Risco Baixo,Baixa
quinta-feira,BR-116,142.0,Plena Noite,Crescente,Chuva,Dupla,Reta,-22.64876,-43.23032,DEL04-RJ,Risco Médio,Alta
sexta-feira,BR-163,844.0,Plena Noite,Crescente,Céu Claro,Simples,Reta,-11.78213,-55.47467,DEL06-MT,Risco Médio,Alta
sexta-feira,BR-290,175.8,Plena Noite,Crescente,Nublado,Simples,Reta,-30.12934,-51.96182,DEL02-RS,Risco Médio,Baixa
terça-feira,BR-470,61.5,Pleno dia,Crescente,Sol,Simples,Reta,-26.88248,-49.15793,DEL04-SC,Risco Médio,Baixa
terça-feira,BR-116,210.9,Anoitecer,Crescente,Chuva,Simples,Não Informado,-26.07479,-49.76117,DEL06-SC,Risco Médio,Alta
quinta-feira,BR-101,191.0,Pleno dia,Decrescente,Céu Claro,Simples,Não Informado,-19.68909,-40.28696,DEL04-ES,Risco Médio,Alta
sexta-feira,BR-116,90.0,Pleno dia,Crescente,Nublado,Dupla,Reta,-25.46112,-49.0888,DEL01-PR,Risco Médio,Alta
segunda-feira,BR-319,63.0,Pleno dia,Crescente,Céu Claro,Dupla,Interseção de vias,-8.766685,-63.88405,DEL01-RO,Risco Médio,Baixa
domingo,BR-40,58.0,Plena Noite,Crescente,Céu Claro,Dupla,Reta,-22.37278,-43.12941,DEL06-RJ,Risco Médio,Alta
sexta-feira,BR-60,169.8,Pleno dia,Decrescente,Céu Claro,Dupla,Não Informado,-16.7223,-49.3746,DEL01-GO,Risco Médio,Média
sábado,BR-153,160.0,Pleno dia,Decrescente,Céu Claro,Simples,Reta,-21.50732,-49.78042,DEL07-SP,Risco Médio,Alta
quinta-feira,BR-40,97.5,Pleno dia,Crescente,Céu Claro,Simples,Desvio Temporário,-16.76463,-47.59576,DEL01-DF,Risco Médio,Alta
domingo,BR-381,539.5,Pleno dia,Crescente,Céu Claro,Dupla,Reta,-20.2242,-44.3959,DEL04-MG,Risco Baixo,Alta
domingo,BR-153,764.0,Pleno dia,Decrescente,Céu Claro,Simples,Reta,-12.50714,-49.11199,DEL01-TO,Risco Médio,Alta
sábado,BR-277,395.0,Pleno dia,Decrescente,Nublado,Simples,Reta,-25.44961,-51.92457,DEL03-PR,Risco Médio,Média
sexta-feira,BR-50,182.0,Pleno dia,Crescente,Céu Claro,Dupla,Reta,-19.79381,-47.91116,DEL13-MG,Risco Baixo,Média
quinta-feira,BR-116,901.4,Pleno dia,Decrescente,Céu Claro,Simples,Reta,-15.36851,-41.18454,DEL08-BA,Risco Baixo,Alta
sexta-feira,BR-153,151.0,Anoitecer,Decrescente,Céu Claro,Simples,Reta,-7.256388,-48.25895,DEL02-TO,Risco Baixo,Alta
sexta-feira,BR-280,53.1,Amanhecer,Crescente,Nublado,Simples,Reta,-26.47237,-48.97427,DEL03-SC,Risco Médio,Baixa
domingo,BR-101,532.0,Plena Noite,Decrescente,Céu Claro,Simples,Interseção de vias,-23.02192,-44.53548,DEL03-RJ,Risco Médio,Alta
quarta-feira,BR-116,253.0,Pleno dia,Crescente,Nublado,Dupla,Não Informado,-29.81784,-51.16996,DEL01-RS,Risco Médio,Alta
sábado,BR-101,267.0,Pleno dia,Crescente,Céu Claro,Múltipla,Interseção de vias,-20.18451,-40.26695,DEL02-ES,Risco Médio,Alta
terça-feira,BR-495,15.0,Plena Noite,Crescente,Céu Claro,Simples,Desvio Temporário,-22.41893,-43.05574,DEL06-RJ,Risco Médio,Baixa
quinta-feira,BR-116,222.0,Pleno dia,Crescente,Céu Claro,Simples,Reta,-23.47093,-46.51631,DEL01-SP,Risco Médio,Alta
sexta-feira,BR-282,96.0,Pleno dia,Crescente,Céu Claro,Simples,Curva,-27.71241,-49.26362,DEL01-SC,Risco Baixo,Baixa
domingo,BR-414,431.1,Plena Noite,Crescente,Céu Claro,Simples,Reta,-16.2215,-48.92287,DEL02-GO,Risco Alto,Baixa
sábado,BR-381,921.0,Pleno dia,Crescente,Céu Claro,Dupla,Curva,-22.76809,-46.20854,DEL16-MG,Risco Médio,Alta
sábado,BR-232,380.0,Pleno dia,Crescente,Céu Claro,Simples,Reta,-8.040308,-38.05015,DEL04-PE,Risco Alto,Baixa
quarta-feira,BR-277,544.3,Plena Noite,Crescente,Céu Claro,Simples,Reta,-25.10685,-53.01267,DEL04-PR,Risco Médio,Média
domingo,BR-101,356.0,Plena Noite,Decrescente,Céu Claro,Simples,Curva,-28.6293,-49.08665,DEL02-SC,Risco Baixo,Alta
segunda-feira,BR-287,257.0,Pleno dia,Decrescente,Chuva,Simples,Desvio Temporário,-29.68139,-53.94121,DEL09-RS,Risco Médio,Baixa
domingo,BR-101,188.5,Pleno dia,Decrescente,Sol,Dupla,Reta,-27.445,-48.63,DEL01-SC,Risco Médio,Alta
domingo,BR-101,305.0,Amanhecer,Crescente,Céu Claro,Dupla,Reta,-28.38955,-48.77606,DEL02-SC,Risco Médio,Alta
sábado,BR-163,474.7,Plena Noite,Crescente,Céu Claro,Simples,Curva,-20.52647,-54.56816,DEL01-MS,Risco Médio,Alta
quarta-feira,BR-277,73.0,Plena Noite,Decrescente,Garoa/Chuvisco,Dupla,Reta,-25.52124,-49.10648,DEL01-PR,Risco Médio,Média
domingo,BR-316,615.0,Pleno dia,Decrescente,Céu Claro,Simples,Reta,-5.086548,-42.83727,DEL03-MA,Risco Médio,Baixa
segunda-feira,BR-163,266.0,Pleno dia,Crescente,Céu Claro,Dupla,Reta,-22.21821,-54.72287,DEL04-MS,Risco Médio,Alta
quarta-feira,BR-153,62.0,Pleno dia,Decrescente,Sol,Dupla,Desvio Temporário,-20.81259,-49.35671,DEL09-SP,Risco Médio,Alta
quinta-feira,BR-116,157.7,Pleno dia,Crescente,Céu Claro,Múltipla,Curva,-29.21504,-51.17676,DEL05-RS,Risco Médio,Alta
segunda-feira,BR-116,35.1,Pleno dia,Crescente,Céu Claro,Simples,Não Informado,-15.93244,-41.39967,DEL11-MG,Risco Baixo,Alta
terça-feira,BR-251,222.0,Plena Noite,Crescente,Céu Claro,Simples,Desvio Temporário,-15.95896,-41.63528,DEL11-MG,Risco Médio,Baixa
quarta-feira,BR-153,506.9,Pleno dia,Crescente,Sol,Múltipla,Não Informado,-16.7715,-49.2387,DEL01-GO,Risco Médio,Alta
segunda-feira,BR-280,23.8,Pleno dia,Decrescente,Céu Claro,Simples,Interseção de vias,-26.37146,-48.71189,DEL03-SC,Risco Médio,Baixa
sábado,BR-101,319.0,Plena Noite,Decrescente,Ignorado,Múltipla,Curva,-22.87846,-43.11455,DEL02-RJ,Risco Baixo,Alta
segunda-feira,BR-40,506.7,Pleno dia,Crescente,Céu Claro,Dupla,Reta,-19.74717,-44.14731,DEL02-MG,Risco Baixo,Alta
sexta-feira,BR-376,598.0,Plena Noite,Crescente,Céu Claro,Dupla,Não Informado,-25.51888,-49.33507,DEL01-PR,Risco Médio,Baixa
terça-feira,BR-381,510.0,Pleno dia,Crescente,Céu Claro,Múltipla,Reta,-20.06141,-44.28864,DEL01-MG,Risco Médio,Alta
quinta-feira,BR-376,174.0,Pleno dia,Decrescente,Céu Claro,Dupla,Não Informado,-23.4143,-51.94984,DEL09-PR,Risco Médio,Baixa
terça-feira,BR-40,5.0,Pleno dia,Decrescente,Céu Claro,Dupla,Reta,-16.0209,-47.98054,DEL01-DF,Risco Médio,Alta
quinta-feira,BR-60,219.0,Pleno dia,Decrescente,Chuva,Dupla,Reta,-16.9757,-49.7408,DEL01-GO,Risco Médio,Média
domingo,BR-116,220.0,Anoitecer,Decrescente,Céu Claro,Múltipla,Reta,-23.46473,-46.49794,DEL01-SP,Risco Médio,Alta
quarta-feira,BR-116,163.0,Pleno dia,Decrescente,Sol,Dupla,Reta,-22.80273,-43.29042,DEL01-RJ,Risco Baixo,Alta
quarta-feira,BR-153,246.4,Plena Noite,Decrescente,Nublado,Simples,Não Informado,-20.29847,-49.20615,DEL13-MG,Risco Médio,Alta
sexta-feira,BR-101,208.2,Anoitecer,Decrescente,Céu Claro,Dupla,Reta,-27.6047,-48.63329,DEL01-SC,Risco Médio,Alta
quinta-feira,BR-116,529.0,Pleno dia,Decrescente,Nublado,Simples,Não Informado,-31.75446,-52.42804,DEL07-RS,Risco Médio,Alta
quarta-feira,BR-467,83.0,Plena Noite,Decrescente,Ignorado,Dupla,Reta,-24.80507,-53.67187,DEL04-PR,Risco Médio,Baixa
terça-feira,BR-262,321.0,Anoitecer,Decrescente,Céu Claro,Dupla,Reta,-20.7893,-51.6111,DEL07-MS,Risco Baixo,Média
sexta-feira,BR-226,31.0,Pleno dia,Crescente,Céu Claro,Simples,Reta,-6.043687,-38.49463,DEL05-CE,Risco Médio,Baixa
quarta-feira,BR-423,126.2,Pleno dia,Crescente,Céu Claro,Simples,Não Informado,-8.919696,-36.71197,DEL03-PE,Risco Alto,Baixa
terça-feira,BR-222,14.8,Pleno dia,Crescente,Sol,Simples,Reta,-3.761685,-38.68641,DEL01-CE,Risco Alto,Baixa
quarta-feira,BR-155,265.0,Anoitecer,Crescente,Chuva,Simples,Curva,-6.014546,-49.26331,DEL03-PA,Risco Baixo,Baixa
domingo,BR-50,67.3,Plena Noite,Decrescente,Nublado,Dupla,Reta,-18.87541,-48.25918,DEL15-MG,Risco Médio,Média
quarta-feira,BR-40,5.0,Pleno dia,Crescente,Sol,Dupla,Não Informado,-16.09313,-47.98224,DEL01-DF,Risco Médio,Alta
segunda-feira,BR-116,172.0,Plena Noite,Decrescente,Céu Claro,Simples,Não Informado,-27.21244,-50.46525,DEL05-SC,Risco Médio,Alta
domingo,BR-376,679.1,Pleno dia,Decrescente,Nublado,Dupla,Reta,-25.9505,-48.90514,DEL01-PR,Risco Alto,Baixa
quinta-feira,BR-364,106.7,Plena Noite,Crescente,Céu Claro,Simples,Reta,-16.84615,-53.80821,DEL02-MT,Risco Baixo,Alta
quinta-feira,BR-101,265.3,Plena Noite,Crescente,Céu Claro,Dupla,Reta,-20.18168,-40.26536,DEL02-ES,Risco Médio,Alta
sábado,BR-116,143.0,Plena Noite,Decrescente,Nublado,Simples,Reta,-25.75534,-49.31864,DEL01-PR,Risco Alto,Alta
domingo,BR-101,33.2,Amanhecer,Crescente,Chuva,Dupla,Reta,-6.7886,-35.1348,DEL01-PB,Risco Médio,Alta
segunda-feira,BR-405,156.0,Plena Noite,Decrescente,Céu Claro,Simples,Reta,-6.158541,-38.20774,DEL04-RN,Risco Médio,Baixa
sábado,BR-70,334.1,Amanhecer,Crescente,Céu Claro,Simples,Reta,-15.8844,-51.04317,DEL04-GO,Risco Médio,Baixa
segunda-feira,BR-174,14.5,Pleno dia,Decrescente,Sol,Dupla,Reta,-12.73307,-60.12981,DEL04-RO,Risco Médio,Baixa
domingo,BR-101,23.7,Pleno dia,Crescente,Céu Claro,Simples,Reta,-23.34352,-44.93992,DEL06-SP,Risco Médio,Alta
sábado,BR-60,224.8,Plena Noite,Decrescente,Céu Claro,Dupla,Reta,-17.0148,-49.7762,DEL01-GO,Risco Médio,Média
quinta-feira,BR-101,878.3,Anoitecer,Crescente,Nublado,Simples,Reta,-17.55882,-39.72614,DEL09-BA,Risco Médio,Alta
quarta-feira,BR-280,8.7,Pleno dia,Crescente,Céu Claro,Simples,Reta,-26.27891,-48.6467,DEL03-SC,Risco Médio,Baixa
quarta-feira,BR-465,19.0,Pleno dia,Crescente,Céu Claro,Simples,Reta,-22.83918,-43.61045,DEL01-RJ,Risco Médio,Baixa