dia_semana,br,km,fase_dia,sentido_via,condicao_metereologica,tipo_pista,tracado_via,latitude,longitude,delegacia,classificacao_acidente,postos_policiais_PRF
sexta-feira,BR-101,146.6,Amanhecer,Crescente,Céu Claro,Dupla,Reta,-11.21285,-37.4151,DEL02-SE,Risco Médio,Alta
quinta-feira,BR-116,440.0,Plena Noite,Decrescente,Céu Claro,Dupla,Reta,-24.4616,-47.81714,DEL05-SP,Risco Baixo,Alta
sábado,BR-262,472.5,Plena Noite,Decrescente,Céu Claro,Simples,Não Informado,-20.5105,-55.64403,DEL03-MS,Risco Médio,Média
domingo,BR-20,405.0,Plena Noite,Decrescente,Céu Claro,Simples,Reta,-3.770495,-38.67111,DEL01-CE,Risco Médio,Baixa
domingo,BR-407,136.0,Pleno dia,Crescente,Garoa/Chuvisco,Simples,Reta,-10.5283,-40.13882,DEL04-BA,Risco Médio,Baixa
segunda-feira,BR-324,625.0,Plena Noite,Decrescente,Nublado,Dupla,Reta,-12.94195,-38.47081,DEL01-BA,Risco Médio,Baixa
sábado,BR-277,22.3,Plena Noite,Crescente,Céu Claro,Dupla,Reta,-25.54261,-48.68665,DEL01-PR,Risco Alto,Média
domingo,BR-20,12.0,Anoitecer,Crescente,Garoa/Chuvisco,Dupla,Reta,-15.64281,-47.75779,DEL02-DF,Risco Alto,Baixa
domingo,BR-116,183.0,Pleno dia,Decrescente,Céu Claro,Simples,Reta,-29.38207,-51.12331,DEL05-RS,Risco Médio,Alta
sábado,BR-153,56.9,Plena Noite,Crescente,Céu Claro,Dupla,Rotatória,-18.87761,-49.05743,DEL15-MG,Risco Médio,Alta
sábado,BR-381,794.0,Plena Noite,Decrescente,Chuva,Dupla,Reta,-21.90953,-45.56514,DEL16-MG,Risco Baixo,Alta
domingo,BR-369,19.6,Plena Noite,Crescente,Chuva,Simples,Reta,-23.03626,-50.07923,DEL07-PR,Risco Médio,Baixa
terça-feira,BR-101,98.0,Pleno dia,Crescente,Céu Claro,Simples,Interseção de vias,-5.85705,-35.21278,DEL01-RN,Risco Médio,Alta
sábado,BR-262,467.8,Plena Noite,Crescente,Céu Claro,Simples,Curva,-19.7887,-45.18002,DEL08-MG,Risco Médio,Média
segunda-feira,BR-262,442.0,Pleno dia,Crescente,Nublado,Dupla,Reta,-19.88062,-44.91232,DEL08-MG,Risco Médio,Média
sábado,BR-116,223.0,Pleno dia,Decrescente,Céu Claro,Dupla,Curva,-22.66162,-43.82485,DEL07-RJ,Risco Baixo,Alta
domingo,BR-232,331.0,Anoitecer,Crescente,Céu Claro,Simples,Reta,-8.088689,-37.62797,DEL03-PE,Risco Médio,Baixa
domingo,BR-116,510.0,Plena Noite,Decrescente,Chuva,Dupla,Curva,-24.82769,-48.21856,DEL05-SP,Risco Médio,Alta
domingo,BR-262,349.0,Pleno dia,Decrescente,Céu Claro,Simples,Reta,-20.56506,-54.622,DEL01-MS,Risco Médio,Média
terça-feira,BR-277,94.0,Plena Noite,Decrescente,Céu Claro,Dupla,Reta,-25.43129,-49.31584,DEL01-PR,Risco Médio,Média
sexta-feira,BR-376,493.0,Amanhecer,Decrescente,Chuva,Dupla,Curva,-25.1244,-50.1815,DEL03-PR,Risco Médio,Baixa
quarta-feira,BR-470,283.8,Plena Noite,Crescente,Nevoeiro/Neblina,Simples,Curva,-29.62802,-51.47214,DEL04-RS,Risco Médio,Baixa
segunda-feira,BR-262,441.6,Plena Noite,Crescente,Céu Claro,Simples,Reta,-20.5221,-55.38558,DEL03-MS,Risco Médio,Média
quarta-feira,BR-110,320.0,Plena Noite,Decrescente,Céu Claro,Simples,Reta,-12.06773,-38.35113,DEL01-BA,Risco Médio,Baixa
quarta-feira,BR-428,191.0,Pleno dia,Decrescente,Sol,Simples,Reta,-9.372067,-40.48684,DEL06-PE,Risco Baixo,Baixa
segunda-feira,BR-158,264.3,Pleno dia,Crescente,Céu Claro,Simples,Reta,-29.22185,-53.66932,DEL09-RS,Risco Baixo,Baixa
sexta-feira,BR-465,7.0,Plena Noite,Decrescente,Nublado,Simples,Reta,-22.7414,-43.7053,DEL01-RJ,Risco Médio,Baixa
quarta-feira,BR-163,826.0,Pleno dia,Crescente,Céu Claro,Dupla,Retorno Regulamentado,-11.93853,-55.51529,DEL06-MT,Risco Médio,Alta
segunda-feira,BR-101,105.0,Pleno dia,Decrescente,Nublado,Múltipla,Reta,-5.901652,-35.25929,DEL01-RN,Risco Médio,Alta
sexta-feira,BR-356,161.0,Plena Noite,Crescente,Céu Claro,Simples,Reta,-21.71363,-41.16351,DEL08-RJ,Risco Baixo,Baixa
segunda-feira,BR-222,2.9,Pleno dia,Decrescente,Céu Claro,Múltipla,Reta,-3.739117,-38.58691,DEL01-CE,Risco Médio,Baixa
quinta-feira,BR-277,200.3,Pleno dia,Decrescente,Céu Claro,Simples,Reta,-25.45399,-50.20301,DEL03-PR,Risco Médio,Média
quarta-feira,BR-101,206.9,Pleno dia,Crescente,Nublado,Múltipla,Reta,-27.6001,-48.6225,DEL01-SC,Risco Médio,Alta
quinta-feira,BR-226,3.0,Pleno dia,Decrescente,Céu Claro,Simples,Curva,-5.820857,-35.25187,DEL01-RN,Risco Médio,Baixa
terça-feira,BR-304,302.0,Pleno dia,Crescente,Céu Claro,Dupla,Reta,-5.879374,-35.29791,DEL01-RN,Risco Médio,Baixa
terça-feira,BR-381,439.0,Pleno dia,Crescente,Chuva,Simples,Curva,-19.78719,-43.74272,DEL01-MG,Risco Médio,Alta
domingo,BR-101,86.0,Plena Noite,Crescente,Garoa/Chuvisco,Simples,Curva,-7.15119,-34.91012,DEL01-PB,Risco Baixo,Alta
quarta-feira,BR-153,512.0,Pleno dia,Crescente,Nublado,Dupla,Reta,-16.8156,-49.2402,DEL01-GO,Risco Médio,Alta
sexta-feira,BR-393,1.0,Pleno dia,Crescente,Nublado,Simples,Reta,-20.83723,-41.16733,DEL03-ES,Risco Médio,Média
quarta-feira,BR-476,295.0,Pleno dia,Crescente,Nublado,Simples,Reta,-25.96015,-50.52235,DEL02-PR,Risco Médio,Baixa
quarta-feira,BR-324,574.0,Pleno dia,Decrescente,Garoa/Chuvisco,Dupla,Não Informado,-12.56759,-38.55239,DEL01-BA,Risco Baixo,Baixa
segunda-feira,BR-465,9.0,Plena Noite,Decrescente,Garoa/Chuvisco,Simples,Reta,-22.77176,-43.67053,DEL01-RJ,Risco Alto,Baixa
quinta-feira,BR-101,216.7,Pleno dia,Decrescente,Céu Claro,Múltipla,Reta,-27.65981,-48.67748,DEL01-SC,Risco Médio,Alta
domingo,BR-116,828.0,Pleno dia,Decrescente,Céu Claro,Simples,Viaduto,-14.89544,-40.86433,DEL08-BA,Risco Baixo,Alta
quinta-feira,BR-158,1.0,Pleno dia,Decrescente,Chuva,Simples,Reta,-30.87963,-55.51798,DEL08-RS,Risco Médio,Baixa
segunda-feira,BR-470,5.0,Pleno dia,Decrescente,Céu Claro,Dupla,Não Informado,-26.85569,-48.70033,DEL04-SC,Risco Médio,Baixa
domingo,BR-40,633.0,Plena Noite,Decrescente,Nublado,Simples,Reta,-20.68902,-43.79046,DEL05-MG,Risco Médio,Alta
domingo,BR-163,981.8,Plena Noite,Decrescente,Céu Claro,Simples,Reta,-2.619648,-54.73259,DEL05-PA,Risco Alto,Alta
terça-feira,BR-163,668.0,Pleno dia,Decrescente,Nublado,Simples,Reta,-13.23192,-56.01105,DEL06-MT,Risco Baixo,Alta
segunda-feira,BR-319,63.0,Plena Noite,Crescente,Céu Claro,Dupla,Interseção de vias,-8.75582,-63.88681,DEL01-RO,Risco Médio,Baixa
sábado,BR-163,80.1,Pleno dia,Crescente,Céu Claro,Simples,Não Informado,-26.65044,-53.51855,DEL07-SC,Risco Alto,Alta
sábado,BR-116,144.8,Pleno dia,Crescente,Nublado,Simples,Curva,-26.99398,-50.39845,DEL06-SC,Risco Médio,Alta
quinta-feira,BR-158,152.0,Pleno dia,Crescente,Nublado,Simples,Reta,-20.08646,-51.14263,DEL08-MS,Risco Médio,Baixa
segunda-feira,BR-163,820.0,Plena Noite,Crescente,Céu Claro,Simples,Reta,-11.99235,-55.51713,DEL06-MT,Risco Médio,Alta
quinta-feira,BR-290,73.0,Pleno dia,Decrescente,Chuva,Múltipla,Curva,-29.95136,-51.06171,DEL03-RS,Risco Médio,Baixa
sábado,BR-101,66.0,Pleno dia,Crescente,Nublado,Dupla,Reta,-18.71652,-39.87436,DEL04-ES,Risco Médio,Alta
quinta-feira,BR-116,42.0,Pleno dia,Decrescente,Céu Claro,Dupla,Reta,-4.110875,-38.4921,DEL01-CE,Risco Baixo,Alta
quarta-feira,BR-369,146.1,Anoitecer,Decrescente,Céu Claro,Dupla,Retorno Regulamentado,-23.29331,-51.12348,DEL07-PR,Risco Médio,Baixa
segunda-feira,BR-381,525.5,Plena Noite,Crescente,Céu Claro,Dupla,Curva,-20.16711,-44.33422,DEL04-MG,Risco Médio,Alta
quinta-feira,BR-158,335.4,Plena Noite,Crescente,Céu Claro,Simples,Interseção de vias,-29.70758,-53.87395,DEL09-RS,Risco Médio,Baixa
quinta-feira,BR-262,358.0,Pleno dia,Decrescente,Sol,Dupla,Curva,-19.97563,-44.19775,DEL01-MG,Risco Médio,Média
terça-feira,BR-101,210.5,Pleno dia,Crescente,Céu Claro,Dupla,Reta,-27.61673,-48.64573,DEL01-SC,Risco Médio,Alta
domingo,BR-116,86.3,Plena Noite,Crescente,Céu Claro,Múltipla,Reta,-22.92644,-45.35316,DEL06-SP,Risco Médio,Alta
quarta-feira,BR-40,277.8,Plena Noite,Crescente,Nublado,Simples,Não Informado,-18.21265,-45.22481,DEL14-MG,Risco Médio,Alta
terça-feira,BR-40,7.0,Pleno dia,Crescente,Céu Claro,Dupla,Não Informado,-16.10848,-47.97252,DEL01-DF,Risco Médio,Alta
sábado,BR-376,189.7,Plena Noite,Crescente,Céu Claro,Dupla,Curva,-23.47171,-51.82021,DEL09-PR,Risco Médio,Baixa
domingo,BR-116,318.1,Plena Noite,Decrescente,Garoa/Chuvisco,Dupla,Reta,-23.92656,-46.99466,DEL04-SP,Risco Médio,Alta
segunda-feira,BR-70,7.3,Plena Noite,Crescente,Céu Claro,Dupla,Não Informado,-15.74376,-48.2678,DEL01-DF,Risco Médio,Baixa
sexta-feira,BR-104,69.4,Pleno dia,Decrescente,Céu Claro,Dupla,Reta,-8.3196,-35.9912,DEL02-PE,Risco Médio,Baixa
domingo,BR-101,89.6,Pleno dia,Crescente,Céu Claro,Dupla,Reta,-7.1807,-34.9005,DEL01-PB,Risco Médio,Alta
domingo,BR-116,229.0,Anoitecer,Crescente,Céu Claro,Múltipla,Reta,-23.51244,-46.57639,DEL01-SP,Risco Médio,Alta
quinta-feira,BR-116,113.8,Pleno dia,Crescente,Nublado,Dupla,Reta,-25.54456,-49.30146,DEL01-PR,Risco Alto,Alta
segunda-feira,BR-354,742.9,Pleno dia,Crescente,Céu Claro,Simples,Curva,-22.23381,-44.93374,DEL05-MG,Risco Médio,Baixa
quinta-feira,BR-101,291.9,Pleno dia,Crescente,Céu Claro,Dupla,Não Informado,-20.29756,-40.39446,DEL01-ES,Risco Médio,Alta
sexta-feira,BR-50,140.0,Pleno dia,Decrescente,Céu Claro,Dupla,Reta,-19.47658,-48.05333,DEL13-MG,Risco Médio,Média
sexta-feira,BR-163,766.0,Pleno dia,Decrescente,Sol,Múltipla,Reta,-12.4503,-55.6604,DEL06-MT,Risco Baixo,Alta
segunda-feira,BR-277,4.5,Pleno dia,Crescente,Céu Claro,Simples,Reta,-25.55096,-48.56146,DEL01-PR,Risco Médio,Média
segunda-feira,BR-373,231.9,Anoitecer,Crescente,Céu Claro,Simples,Reta,-25.18384,-50.68136,DEL03-PR,Risco Alto,Baixa
quinta-feira,BR-101,42.8,Plena Noite,Decrescente,Chuva,Simples,Reta,-7.838874,-34.91197,DEL01-PE,Risco Baixo,Alta
domingo,BR-465,14.0,Plena Noite,Crescente,Céu Claro,Simples,Reta,-22.80498,-43.63883,DEL01-RJ,Risco Médio,Baixa
sexta-feira,BR-101,189.0,Plena Noite,Crescente,Céu Claro,Dupla,Reta,-27.4593,-48.6389,DEL01-SC,Risco Baixo,Alta
sexta-feira,BR-381,720.0,Pleno dia,Decrescente,Céu Claro,Dupla,Curva,-21.46061,-45.20744,DEL04-MG,Risco Médio,Alta
terça-feira,BR-262,664.0,Pleno dia,Crescente,Nublado,Simples,Reta,-19.56217,-46.75072,DEL08-MG,Risco Médio,Média
domingo,BR-163,930.0,Plena Noite,Crescente,Céu Claro,Simples,Não Informado,-11.03267,-55.26654,DEL06-MT,Risco Médio,Alta
quarta-feira,BR-158,518.2,Plena Noite,Decrescente,Céu Claro,Simples,Não Informado,-26.19638,-52.67452,DEL02-PR,Risco Médio,Baixa
quinta-feira,BR-472,155.7,Pleno dia,Decrescente,Garoa/Chuvisco,Simples,Reta,-27.83543,-54.4297,DEL10-RS,Risco Médio,Baixa
segunda-feira,BR-324,542.0,Pleno dia,Crescente,Chuva,Dupla,Não Informado,-12.39373,-38.77646,DEL01-BA,Risco Baixo,Baixa
quarta-feira,BR-470,86.8,Pleno dia,Crescente,Nublado,Simples,Curva,-26.94801,-49.36516,DEL04-SC,Risco Médio,Baixa
segunda-feira,BR-153,364.4,Pleno dia,Decrescente,Céu Claro,Simples,Curva,-25.70656,-50.78358,DEL03-PR,Risco Médio,Alta
sexta-feira,BR-20,418.3,Pleno dia,Decrescente,Céu Claro,Dupla,Retorno Regulamentado,-3.76999,-38.67006,DEL01-CE,Risco Médio,Baixa
sexta-feira,BR-101,48.8,Pleno dia,Crescente,Céu Claro,Múltipla,Reta,-7.891747,-34.90335,DEL01-PE,Risco Médio,Alta
domingo,BR-376,160.0,Pleno dia,Crescente,Chuva,Dupla,Curva,-23.35252,-52.09127,DEL07-PR,Risco Médio,Baixa
quinta-feira,BR-101,378.5,Pleno dia,Crescente,Chuva,Simples,Curva,-13.82862,-39.49345,DEL05-BA,Risco Médio,Alta
quinta-feira,BR-116,222.0,Pleno dia,Crescente,Sol,Múltipla,Reta,-23.47128,-46.51684,DEL01-SP,Risco Médio,Alta
domingo,BR-116,710.7,Pleno dia,Decrescente,Sol,Simples,Reta,-14.15588,-40.24841,DEL03-BA,Risco Baixo,Alta
domingo,BR-495,29.0,Pleno dia,Crescente,Céu Claro,Simples,Reta,-22.39161,-43.1262,DEL06-RJ,Risco Médio,Baixa
domingo,BR-364,202.8,Anoitecer,Crescente,Céu Claro,Dupla,Reta,-16.47582,-54.65335,DEL02-MT,Risco Médio,Alta
sexta-feira,BR-101,81.3,Pleno dia,Crescente,Céu Claro,Dupla,Reta,-5.764695,-35.28296,DEL02-RN,Risco Médio,Alta
segunda-feira,BR-101,201.0,Plena Noite,Crescente,Céu Claro,Múltipla,Reta,-27.5484,-48.6198,DEL01-SC,Risco Baixo,Alta
segunda-feira,BR-365,749.1,Pleno dia,Crescente,Céu Claro,Dupla,Retorno Regulamentado,-18.94112,-49.44783,DEL15-MG,Risco Médio,Média
segunda-feira,BR-493,1.0,Plena Noite,Crescente,Chuva,Dupla,Reta,-22.76399,-42.92732,DEL02-RJ,Risco Médio,Baixa
segunda-feira,BR-101,265.0,Plena Noite,Crescente,Chuva,Múltipla,Reta,-20.18168,-40.26536,DEL02-ES,Risco Baixo,Alta
sexta-feira,BR-101,50.2,Plena Noite,Crescente,Céu Claro,Múltipla,Interseção de vias,-7.909386,-34.90123,DEL01-PE,Risco Médio,Alta
sexta-feira,BR-153,348.0,Pleno dia,Decrescente,Céu Claro,Simples,Reta,-15.6529,-49.36359,DEL02-GO,Risco Médio,Alta
sexta-feira,BR-116,253.4,Plena Noite,Crescente,Nublado,Simples,Reta,-29.81784,-51.16996,DEL01-RS,Risco Médio,Alta
sexta-feira,BR-324,547.0,Pleno dia,Decrescente,Chuva,Dupla,Reta,-12.41478,-38.75221,DEL01-BA,Risco Baixo,Baixa
sábado,BR-163,493.0,Plena Noite,Decrescente,Céu Claro,Simples,Reta,-20.37763,-54.53752,DEL01-MS,Risco Baixo,Alta
sexta-feira,BR-381,262.0,Plena Noite,Decrescente,Céu Claro,Simples,Não Informado,-19.53237,-42.60185,DEL03-MG,Risco Médio,Alta
quarta-feira,BR-381,210.1,Pleno dia,Decrescente,Nublado,Simples,Reta,-19.23,-42.32682,DEL06-MG,Risco Alto,Alta
terça-feira,BR-116,41.5,Plena Noite,Decrescente,Nevoeiro/Neblina,Simples,Curva,-8.19792,-39.10089,DEL05-PE,Risco Médio,Alta
quinta-feira,BR-376,34.1,Plena Noite,Decrescente,Nublado,Simples,Desvio Temporário,-22.39631,-54.4686,DEL04-MS,Risco Médio,Baixa
sexta-feira,BR-116,45.8,Plena Noite,Crescente,Chuva,Dupla,Reta,-25.19503,-48.89004,DEL01-PR,Risco Médio,Alta
sexta-feira,BR-277,671.5,Pleno dia,Crescente,Céu Claro,Dupla,Desvio Temporário,-25.28486,-54.08752,DEL05-PR,Risco Médio,Média
terça-feira,BR-277,124.0,Pleno dia,Crescente,Céu Claro,Dupla,Não Informado,-25.45071,-49.59359,DEL01-PR,Risco Médio,Média
quarta-feira,BR-369,190.2,Pleno dia,Crescente,Céu Claro,Dupla,Reta,-23.46751,-51.42358,DEL07-PR,Risco Médio,Baixa
segunda-feira,BR-70,278.0,Anoitecer,Decrescente,Céu Claro,Simples,Não Informado,-15.56637,-54.30384,DEL05-MT,Risco Médio,Baixa
quinta-feira,BR-153,385.3,Plena Noite,Decrescente,Nublado,Simples,Não Informado,-25.8583,-50.84102,DEL03-PR,Risco Baixo,Alta
sexta-feira,BR-101,94.8,Pleno dia,Crescente,Nublado,Múltipla,Viaduto,-5.831766,-35.21191,DEL01-RN,Risco Médio,Alta
sexta-feira,BR-381,643.0,Pleno dia,Decrescente,Ignorado,Dupla,Curva,-20.94414,-44.88059,DEL04-MG,Risco Médio,Alta
quarta-feira,BR-40,113.8,Pleno dia,Crescente,Céu Claro,Dupla,Reta,-22.70949,-43.2904,DEL01-RJ,Risco Médio,Alta
sábado,BR-158,288.0,Amanhecer,Decrescente,Céu Claro,Simples,Reta,-29.44959,-53.68405,DEL09-RS,Risco Médio,Baixa
terça-feira,BR-356,276.4,Pleno dia,Decrescente,Chuva,Simples,Curva,-21.12428,-42.2813,DEL07-MG,Risco Médio,Baixa
segunda-feira,BR-70,270.0,Pleno dia,Decrescente,Céu Claro,Simples,Reta,-15.53352,-54.22097,DEL05-MT,Risco Baixo,Baixa
sábado,BR-251,475.0,Pleno dia,Decrescente,Nublado,Simples,Reta,-16.47174,-43.46597,DEL12-MG,Risco Alto,Baixa
quarta-feira,BR-364,240.9,Pleno dia,Decrescente,Céu Claro,Simples,Reta,-17.78124,-52.09198,DEL05-GO,Risco Baixo,Alta
sábado,BR-101,110.6,Plena Noite,Decrescente,Chuva,Dupla,Curva,-26.83761,-48.71086,DEL04-SC,Risco Médio,Alta
sexta-feira,BR-365,793.0,Plena Noite,Crescente,Céu Claro,Simples,Reta,-18.92857,-49.84572,DEL15-MG,Risco Médio,Média
quarta-feira,BR-101,197.0,Plena Noite,Decrescente,Chuva,Simples,Reta,-19.70367,-40.33123,DEL04-ES,Risco Médio,Alta
sexta-feira,BR-104,27.5,Plena Noite,Decrescente,Nublado,Simples,Não Informado,-8.0051,-36.0804,DEL02-PE,Risco Baixo,Baixa
sábado,BR-277,64.0,Plena Noite,Decrescente,Nublado,Dupla,Reta,-25.55704,-49.02613,DEL01-PR,Risco Baixo,Média
sexta-feira,BR-40,531.8,Plena Noite,Crescente,Céu Claro,Dupla,Reta,-19.92412,-44.01571,DEL01-MG,Risco Médio,Alta
domingo,BR-163,617.0,Pleno dia,Decrescente,Céu Claro,Simples,Reta,-19.37774,-54.57873,DEL06-MS,Risco Médio,Alta
domingo,BR-163,70.0,Anoitecer,Decrescente,Céu Claro,Dupla,Reta,-26.73458,-53.50685,DEL07-SC,Risco Médio,Alta
terça-feira,BR-40,91.0,Pleno dia,Decrescente,Chuva,Simples,Curva,-22.54904,-43.2423,DEL06-RJ,Risco Médio,Alta
quarta-feira,BR-251,465.4,Plena Noite,Crescente,Céu Claro,Simples,Curva,-16.48152,-43.40973,DEL12-MG,Risco Baixo,Baixa
quarta-feira,BR-470,247.3,Amanhecer,Crescente,Nublado,Simples,Reta,-27.31531,-50.54451,DEL05-SC,Risco Médio,Baixa
segunda-feira,BR-101,81.5,Pleno dia,Crescente,Chuva,Dupla,Reta,-29.83476,-50.24629,DEL03-RS,Risco Médio,Alta
terça-feira,BR-285,333.1,Pleno dia,Decrescente,Céu Claro,Simples,Reta,-28.29965,-52.74014,DEL08-RS,Risco Alto,Baixa
terça-feira,BR-116,15.8,Plena Noite,Decrescente,Céu Claro,Dupla,Reta,-25.38418,-49.1695,DEL01-PR,Risco Médio,Alta
sexta-feira,BR-101,21.0,Pleno dia,Decrescente,Céu Claro,Dupla,Retorno Regulamentado,-7.667766,-34.93266,DEL01-PE,Risco Médio,Alta
quinta-feira,BR-101,199.1,Pleno dia,Decrescente,Céu Claro,Múltipla,Reta,-27.53414,-48.63003,DEL01-SC,Risco Médio,Alta
segunda-feira,BR-381,628.0,Plena Noite,Crescente,Céu Claro,Dupla,Reta,-20.83305,-44.82506,DEL04-MG,Risco Médio,Alta
domingo,BR-316,3.2,Pleno dia,Decrescente,Céu Claro,Simples,Interseção de vias,-5.135773,-42.78933,DEL01-PI,Risco Baixo,Baixa
sexta-feira,BR-70,279.0,Pleno dia,Crescente,Céu Claro,Simples,Interseção de vias,-15.55907,-54.28878,DEL05-MT,Risco Médio,Baixa
quarta-feira,BR-60,106.3,Pleno dia,Decrescente,Céu Claro,Dupla,Reta,-16.4232,-49.0134,DEL02-GO,Risco Alto,Média
quinta-feira,BR-174,26.0,Pleno dia,Crescente,Nevoeiro/Neblina,Simples,Reta,-12.63169,-60.09417,DEL04-RO,Risco Médio,Baixa
quinta-feira,BR-135,187.9,Pleno dia,Decrescente,Céu Claro,Simples,Desvio Temporário,-12.19239,-45.01373,DEL10-BA,Risco Médio,Baixa
segunda-feira,BR-316,270.5,Plena Noite,Decrescente,Garoa/Chuvisco,Simples,Curva,-9.567017,-35.80775,DEL02-AL,Risco Baixo,Baixa
segunda-feira,BR-116,124.0,Pleno dia,Decrescente,Chuva,Dupla,Reta,-23.09312,-45.6779,DEL02-SP,Risco Médio,Alta
quinta-feira,BR-60,468.0,Pleno dia,Crescente,Céu Claro,Dupla,Reta,-17.9044,-51.6779,DEL05-GO,Risco Médio,Média
quarta-feira,BR-367,24.7,Pleno dia,Decrescente,Céu Claro,Simples,Reta,-16.43764,-39.08138,DEL09-BA,Risco Médio,Baixa
sexta-feira,BR-393,243.0,Anoitecer,Crescente,Céu Claro,Simples,Curva,-22.43123,-43.73996,DEL05-RJ,Risco Médio,Média
sábado,BR-277,472.6,Plena Noite,Crescente,Céu Claro,Simples,Não Informado,-25.30836,-52.54776,DEL04-PR,Risco Médio,Média
terça-feira,BR-364,182.0,Pleno dia,Decrescente,Céu Claro,Simples,Reta,-17.95675,-51.62147,DEL05-GO,Risco Baixo,Alta
sábado,BR-364,254.0,Amanhecer,Decrescente,Garoa/Chuvisco,Simples,Reta,-11.43633,-61.59744,DEL02-RO,Risco Baixo,Alta
sábado,BR-262,174.0,Pleno dia,Decrescente,Chuva,Simples,Ponte,-20.27069,-41.62019,DEL01-ES,Risco Médio,Média
quinta-feira,BR-381,353.6,Pleno dia,Decrescente,Céu Claro,Simples,Curva,-19.83895,-43.18249,DEL03-MG,Risco Médio,Alta
domingo,BR-70,3.3,Pleno dia,Crescente,Céu Claro,Dupla,Reta,-15.80245,-48.08039,DEL01-DF,Risco Médio,Baixa
domingo,BR-116,121.0,Anoitecer,Decrescente,Céu Claro,Dupla,Reta,-25.55993,-49.30744,DEL01-PR,Risco Médio,Alta
quinta-feira,BR-158,329.8,Plena Noite,Crescente,Céu Claro,Simples,Rotatória,-29.70652,-53.82856,DEL09-RS,Risco Baixo,Baixa
sábado,BR-153,27.1,Plena Noite,Crescente,Nublado,Simples,Curva,-23.19179,-49.98572,DEL07-PR,Risco Baixo,Alta
terça-feira,BR-60,303.9,Plena Noite,Crescente,Ignorado,Dupla,Reta,-17.37902,-50.36798,DEL04-GO,Risco Alto,Média
domingo,BR-406,170.0,Pleno dia,Crescente,Céu Claro,Dupla,Desvio Temporário,-5.758721,-35.29922,DEL02-RN,Risco Médio,Baixa
segunda-feira,BR-116,76.8,Pleno dia,Crescente,Chuva,Dupla,Reta,-22.87748,-45.27204,DEL08-SP,Risco Médio,Alta
segunda-feira,BR-60,26.0,Pleno dia,Decrescente,Céu Claro,Dupla,Reta,-16.0963,-48.5202,DEL01-DF,Risco Médio,Média
sexta-feira,BR-406,101.7,Anoitecer,Decrescente,Nublado,Simples,Não Informado,-5.524457,-35.81994,DEL02-RN,Risco Médio,Baixa
segunda-feira,BR-364,402.0,Plena Noite,Decrescente,Céu Claro,Dupla,Não Informado,-15.64906,-56.00186,DEL02-MT,Risco Médio,Alta
terça-feira,BR-116,88.7,Plena Noite,Crescente,Céu Claro,Dupla,Reta,-22.93501,-45.37019,DEL08-SP,Risco Alto,Alta
domingo,BR-465,3.0,Plena Noite,Crescente,Nublado,Simples,Reta,-22.73427,-43.71199,DEL01-RJ,Risco Médio,Baixa
domingo,BR-277,549.0,Plena Noite,Decrescente,Céu Claro,Simples,Interseção de vias,-25.09578,-53.12731,DEL04-PR,Risco Médio,Média
domingo,BR-343,336.4,Plena Noite,Crescente,Céu Claro,Dupla,Não Informado,-5.061716,-42.7094,DEL01-PI,Risco Médio,Baixa
sábado,BR-376,492.0,Pleno dia,Crescente,Céu Claro,Dupla,Reta,-25.1556,-50.13323,DEL03-PR,Risco Baixo,Baixa
terça-feira,BR-104,68.3,Plena Noite,Decrescente,Céu Claro,Dupla,Reta,-8.3107,-35.9904,DEL02-PE,Risco Médio,Baixa
quarta-feira,BR-116,145.0,Pleno dia,Decrescente,Céu Claro,Múltipla,Não Informado,-23.18698,-45.85481,DEL02-SP,Risco Médio,Alta
sábado,BR-277,97.1,Plena Noite,Decrescente,Céu Claro,Dupla,Reta,-25.43049,-49.34378,DEL01-PR,Risco Médio,Média
sábado,BR-70,377.0,Pleno dia,Crescente,Céu Claro,Simples,Reta,-15.93633,-51.38238,DEL04-GO,Risco Médio,Baixa
sábado,BR-153,456.0,Amanhecer,Decrescente,Garoa/Chuvisco,Simples,Reta,-26.21268,-51.12573,DEL02-PR,Risco Baixo,Alta
sexta-feira,BR-153,496.1,Pleno dia,Crescente,Céu Claro,Dupla,Viaduto,-16.6776,-49.2314,DEL01-GO,Risco Baixo,Alta
terça-feira,BR-365,5.6,Pleno dia,Crescente,Chuva,Simples,Curva,-16.74574,-43.88392,DEL12-MG,Risco Médio,Média
sexta-feira,BR-101,121.7,Pleno dia,Crescente,Céu Claro,Dupla,Reta,-26.92911,-48.70583,DEL04-SC,Risco Médio,Alta
segunda-feira,BR-280,213.9,Pleno dia,Crescente,Sol,Simples,Reta,-26.1809,-50.19718,DEL06-SC,Risco Médio,Baixa
quinta-feira,BR-304,120.0,Plena Noite,Crescente,Céu Claro,Simples,Reta,-5.633924,-36.85617,DEL04-RN,Risco Médio,Baixa
quarta-feira,BR-316,1.7,Amanhecer,Crescente,Céu Claro,Dupla,Rotatória,-5.123506,-42.79557,DEL01-PI,Risco Médio,Baixa
sexta-feira,BR-101,47.0,Plena Noite,Crescente,Céu Claro,Múltipla,Reta,-7.87977,-34.90524,DEL01-PE,Risco Baixo,Alta
quarta-feira,BR-376,387.0,Pleno dia,Decrescente,Ignorado,Dupla,Reta,-24.50165,-50.71899,DEL03-PR,Risco Médio,Baixa