dia_semana,br,km,fase_dia,sentido_via,condicao_metereologica,tipo_pista,tracado_via,latitude,longitude,delegacia,classificacao_acidente,postos_policiais_PRF
quarta-feira,BR-116,113.0,Pleno dia,Crescente,Céu Claro,Dupla,Reta,-25.54976,-49.28287,DEL01-PR,Risco Baixo,Alta
quinta-feira,BR-101,293.3,Pleno dia,Crescente,Céu Claro,Dupla,Reta,-20.31809,-40.39646,DEL01-ES,Risco Médio,Alta
quinta-feira,BR-365,3.9,Pleno dia,Decrescente,Chuva,Simples,Reta,-16.8703,-43.7055,DEL12-MG,Risco Médio,Média
quarta-feira,BR-369,126.0,Pleno dia,Crescente,Céu Claro,Simples,Curva,-23.28347,-50.95438,DEL07-PR,Risco Médio,Baixa
domingo,BR-60,72.0,Plena Noite,Crescente,Céu Claro,Dupla,Curva,-16.26212,-48.76354,DEL02-GO,Risco Médio,Média
quinta-feira,BR-153,357.0,Plena Noite,Crescente,Céu Claro,Simples,Reta,-9.039378,-48.51008,DEL02-TO,Risco Baixo,Alta
sexta-feira,BR-324,572.0,Anoitecer,Decrescente,Chuva,Dupla,Reta,-12.55681,-38.5669,DEL01-BA,Risco Baixo,Baixa
terça-feira,BR-381,344.0,Pleno dia,Decrescente,Sol,Simples,Curva,-19.85987,-43.11281,DEL03-MG,Risco Médio,Alta
quarta-feira,BR-153,147.9,Plena Noite,Decrescente,Céu Claro,Simples,Interseção de vias,-19.62432,-48.84561,DEL13-MG,Risco Médio,Alta
terça-feira,BR-116,819.0,Pleno dia,Decrescente,Céu Claro,Múltipla,Viaduto,-14.8283,-40.8278,DEL08-BA,Risco Baixo,Alta
domingo,BR-402,42.5,Plena Noite,Crescente,Céu Claro,Simples,Curva,-3.000665,-41.70404,DEL05-PI,Risco Médio,Baixa
quinta-feira,BR-232,134.0,Amanhecer,Decrescente,Céu Claro,Dupla,Reta,-8.308535,-36.02442,DEL02-PE,Risco Médio,Baixa
sexta-feira,BR-116,215.8,Pleno dia,Decrescente,Sol,Múltipla,Reta,-23.44696,-46.45394,DEL01-SP,Risco Baixo,Alta
domingo,BR-304,24.8,Pleno dia,Crescente,Nublado,Múltipla,Rotatória,-5.066632,-37.33096,DEL04-RN,Risco Médio,Baixa
domingo,BR-116,520.0,Pleno dia,Decrescente,Nublado,Dupla,Reta,-24.89364,-48.24164,DEL05-SP,Risco Médio,Alta
quarta-feira,BR-116,119.0,Pleno dia,Crescente,Céu Claro,Dupla,Curva,-25.5743,-49.3118,DEL01-PR,Risco Baixo,Alta
quinta-feira,BR-406,92.7,Pleno dia,Crescente,Céu Claro,Simples,Reta,-5.470165,-35.92528,DEL02-RN,Risco Médio,Baixa
domingo,BR-316,65.5,Plena Noite,Decrescente,Céu Claro,Simples,Não Informado,-7.787132,-40.21815,DEL05-PE,Risco Alto,Baixa
domingo,BR-262,469.0,Pleno dia,Crescente,Céu Claro,Simples,Reta,-20.51367,-55.61603,DEL03-MS,Risco Baixo,Média
segunda-feira,BR-60,15.9,Pleno dia,Crescente,Céu Claro,Simples,Reta,-18.81578,-52.6675,DEL08-MS,Risco Alto,Média
sábado,BR-116,542.4,Plena Noite,Decrescente,Nublado,Simples,Reta,-19.90508,-42.13446,DEL06-MG,Risco Médio,Alta
sábado,BR-369,189.9,Plena Noite,Decrescente,Céu Claro,Dupla,Reta,-23.44988,-51.42328,DEL07-PR,Risco Médio,Baixa
terça-feira,BR-116,223.0,Plena Noite,Decrescente,Nublado,Simples,Curva,-22.67991,-43.81422,DEL07-RJ,Risco Baixo,Alta
sábado,BR-262,509.0,Plena Noite,Decrescente,Vento,Simples,Não Informado,-19.778,-45.5497,DEL08-MG,Risco Médio,Média
sexta-feira,BR-40,9.1,Plena Noite,Crescente,Garoa/Chuvisco,Dupla,Reta,-16.13116,-47.95774,DEL01-DF,Risco Médio,Alta
terça-feira,BR-364,422.5,Amanhecer,Decrescente,Sol,Simples,Reta,-10.45975,-62.4558,DEL03-RO,Risco Médio,Alta
sábado,BR-470,125.0,Plena Noite,Crescente,Céu Claro,Simples,Não Informado,-27.12125,-49.5354,DEL04-SC,Risco Médio,Baixa
terça-feira,BR-116,208.5,Plena Noite,Decrescente,Céu Claro,Simples,Interseção de vias,-26.08226,-49.77377,DEL06-SC,Risco Médio,Alta
terça-feira,BR-476,124.0,Pleno dia,Crescente,Sol,Dupla,Não Informado,-25.39984,-49.21585,DEL01-PR,Risco Médio,Baixa
terça-feira,BR-40,528.8,Pleno dia,Crescente,Nublado,Dupla,Reta,-19.91497,-44.03992,DEL01-MG,Risco Médio,Alta
sexta-feira,BR-40,4.5,Pleno dia,Decrescente,Céu Claro,Dupla,Reta,-16.08524,-47.98675,DEL01-DF,Risco Médio,Alta
domingo,BR-386,34.1,Pleno dia,Crescente,Nublado,Simples,Interseção de vias,-27.35844,-53.3883,DEL08-RS,Risco Médio,Média
quinta-feira,BR-153,254.0,Pleno dia,Crescente,Garoa/Chuvisco,Simples,Reta,-8.116837,-48.47068,DEL02-TO,Risco Médio,Alta
segunda-feira,BR-101,64.0,Anoitecer,Decrescente,Céu Claro,Simples,Reta,-18.70429,-39.87066,DEL04-ES,Risco Médio,Alta
sexta-feira,BR-262,407.5,Plena Noite,Crescente,Céu Claro,Dupla,Não Informado,-19.88288,-44.60783,DEL08-MG,Risco Médio,Média
terça-feira,BR-386,341.0,Pleno dia,Decrescente,Nublado,Simples,Não Informado,-29.43437,-52.00507,DEL04-RS,Risco Médio,Média
quarta-feira,BR-50,166.7,Anoitecer,Decrescente,Céu Claro,Dupla,Reta,-19.70635,-47.98446,DEL13-MG,Risco Médio,Média
quarta-feira,BR-470,31.9,Pleno dia,Decrescente,Chuva,Dupla,Interseção de vias,-26.89733,-48.92307,DEL04-SC,Risco Médio,Baixa
segunda-feira,BR-116,229.0,Plena Noite,Decrescente,Nublado,Dupla,Reta,-23.522,-46.585,DEL01-SP,Risco Baixo,Alta
sexta-feira,BR-282,250.2,Pleno dia,Crescente,Sol,Simples,Curva,-27.69749,-50.54348,DEL05-SC,Risco Médio,Baixa
sexta-feira,BR-381,503.5,Pleno dia,Crescente,Sol,Dupla,Não Informado,-20.04165,-44.26387,DEL01-MG,Risco Médio,Alta
domingo,BR-101,435.0,Plena Noite,Decrescente,Nublado,Simples,Reta,-29.09949,-49.63481,DEL02-SC,Risco Baixo,Alta
sexta-feira,BR-70,521.0,Pleno dia,Crescente,Céu Claro,Simples,Reta,-15.6669,-56.18249,DEL01-MT,Risco Médio,Baixa
terça-feira,BR-101,98.0,Pleno dia,Decrescente,Céu Claro,Dupla,Interseção de vias,-8.277835,-35.02956,DEL01-PE,Risco Médio,Alta
sexta-feira,BR-376,177.5,Pleno dia,Decrescente,Céu Claro,Dupla,Não Informado,-23.4149,-51.92561,DEL07-PR,Risco Médio,Baixa
terça-feira,BR-174,45.0,Plena Noite,Decrescente,Céu Claro,Simples,Reta,-15.06582,-59.71653,DEL03-MT,Risco Médio,Baixa
domingo,BR-40,96.1,Plena Noite,Crescente,Chuva,Múltipla,Reta,-16.75768,-47.60161,DEL01-DF,Risco Médio,Alta
sexta-feira,BR-50,90.0,Pleno dia,Decrescente,Céu Claro,Dupla,Reta,-19.04872,-48.19677,DEL15-MG,Risco Médio,Média
sexta-feira,BR-135,138.0,Amanhecer,Crescente,Chuva,Simples,Reta,-3.657468,-44.53947,DEL01-MA,Risco Médio,Baixa
terça-feira,BR-116,65.0,Pleno dia,Crescente,Chuva,Dupla,Curva,-25.31032,-49.00208,DEL01-PR,Risco Médio,Alta
domingo,BR-242,761.0,Pleno dia,Crescente,Sol,Simples,Reta,-12.14364,-44.80217,DEL10-BA,Risco Médio,Baixa
domingo,BR-428,189.0,Plena Noite,Crescente,Céu Claro,Simples,Reta,-9.376554,-40.4971,DEL06-PE,Risco Médio,Baixa
sábado,BR-381,665.7,Pleno dia,Crescente,Céu Claro,Dupla,Curva,-21.0522,-45.0049,DEL04-MG,Risco Baixo,Alta
sexta-feira,BR-280,48.0,Plena Noite,Decrescente,Nublado,Simples,Reta,-26.45507,-48.92767,DEL03-SC,Risco Médio,Baixa
sábado,BR-101,129.6,Pleno dia,Decrescente,Céu Claro,Dupla,Reta,-26.98064,-48.67907,DEL04-SC,Risco Médio,Alta
sábado,BR-316,86.0,Plena Noite,Crescente,Chuva,Simples,Reta,-1.309834,-47.74791,DEL01-PA,Risco Baixo,Baixa
sábado,BR-364,151.0,Plena Noite,Crescente,Céu Claro,Simples,Rotatória,-9.871093,-67.91073,DEL01-AC,Risco Alto,Alta
sexta-feira,BR-316,559.0,Amanhecer,Crescente,Céu Claro,Simples,Não Informado,-4.897447,-43.2591,DEL03-MA,Risco Médio,Baixa
domingo,BR-101,133.8,Plena Noite,Crescente,Céu Claro,Simples,Rotatória,-9.773268,-36.09361,DEL02-AL,Risco Baixo,Alta
quarta-feira,BR-101,281.0,Plena Noite,Decrescente,Céu Claro,Múltipla,Reta,-28.20375,-48.69823,DEL02-SC,Risco Médio,Alta
quinta-feira,BR-277,82.0,Pleno dia,Decrescente,Céu Claro,Dupla,Reta,-25.46187,-49.21944,DEL01-PR,Risco Médio,Média
quinta-feira,BR-101,84.0,Plena Noite,Crescente,Céu Claro,Dupla,Interseção de vias,-5.774175,-35.2578,DEL02-RN,Risco Médio,Alta
sábado,BR-101,95.5,Plena Noite,Crescente,Céu Claro,Simples,Reta,-26.70876,-48.70221,DEL03-SC,Risco Médio,Alta
sexta-feira,BR-20,12.0,Amanhecer,Decrescente,Céu Claro,Dupla,Reta,-15.64281,-47.75779,DEL02-DF,Risco Médio,Baixa
terça-feira,BR-60,19.0,Pleno dia,Crescente,Céu Claro,Dupla,Reta,-16.0963,-48.5202,DEL01-DF,Risco Médio,Média
domingo,BR-405,101.9,Amanhecer,Crescente,Céu Claro,Simples,Desvio Temporário,-5.798529,-37.92977,DEL04-RN,Risco Alto,Baixa
quinta-feira,BR-116,122.0,Plena Noite,Crescente,Céu Claro,Dupla,Curva,-25.56857,-49.31023,DEL01-PR,Risco Médio,Alta
sábado,BR-101,270.0,Pleno dia,Decrescente,Nublado,Múltipla,Reta,-20.23083,-40.2732,DEL02-ES,Risco Médio,Alta
quarta-feira,BR-280,57.9,Pleno dia,Decrescente,Nublado,Simples,Rotatória,-26.47428,-49.02013,DEL03-SC,Risco Médio,Baixa
sexta-feira,BR-163,511.0,Pleno dia,Crescente,Céu Claro,Simples,Reta,-14.5019,-56.1951,DEL01-MT,Risco Baixo,Alta
quinta-feira,BR-50,96.0,Pleno dia,Crescente,Céu Claro,Simples,Reta,-16.9309,-47.7117,DEL01-DF,Risco Médio,Média
terça-feira,BR-356,265.7,Pleno dia,Crescente,Céu Claro,Simples,Interseção de vias,-21.12839,-42.3668,DEL07-MG,Risco Médio,Baixa
quinta-feira,BR-232,269.0,Pleno dia,Decrescente,Chuva,Simples,Curva,-8.405207,-37.20955,DEL03-PE,Risco Baixo,Baixa
sábado,BR-40,5.0,Pleno dia,Crescente,Céu Claro,Dupla,Viaduto,-16.0209,-47.98054,DEL01-DF,Risco Médio,Alta
sexta-feira,BR-101,358.0,Pleno dia,Crescente,Céu Claro,Dupla,Curva,-28.64432,-49.10083,DEL02-SC,Risco Médio,Alta
sábado,BR-101,408.0,Plena Noite,Crescente,Céu Claro,Dupla,Reta,-22.88088,-43.82441,DEL01-RJ,Risco Baixo,Alta
sexta-feira,BR-423,38.6,Plena Noite,Decrescente,Garoa/Chuvisco,Simples,Reta,-9.227387,-37.61856,DEL03-AL,Risco Médio,Baixa
sábado,BR-101,38.9,Pleno dia,Decrescente,Céu Claro,Dupla,Reta,-26.30068,-48.88337,DEL03-SC,Risco Médio,Alta
segunda-feira,BR-60,267.0,Pleno dia,Decrescente,Céu Claro,Dupla,Reta,-17.20666,-50.11588,DEL01-GO,Risco Médio,Média
segunda-feira,BR-381,387.5,Amanhecer,Crescente,Nublado,Simples,Reta,-19.82584,-43.38486,DEL01-MG,Risco Alto,Alta
segunda-feira,BR-376,440.0,Pleno dia,Crescente,Céu Claro,Dupla,Não Informado,-24.80572,-50.48857,DEL03-PR,Risco Alto,Baixa
terça-feira,BR-70,116.0,Plena Noite,Crescente,Céu Claro,Simples,Curva,-15.60817,-53.09028,DEL07-MT,Risco Médio,Baixa
domingo,BR-101,143.9,Pleno dia,Crescente,Céu Claro,Múltipla,Curva,-19.35037,-40.06359,DEL04-ES,Risco Médio,Alta
domingo,BR-40,114.0,Amanhecer,Crescente,Céu Claro,Dupla,Reta,-22.67436,-43.28598,DEL01-RJ,Risco Médio,Alta
sexta-feira,BR-101,206.9,Pleno dia,Crescente,Chuva,Múltipla,Reta,-27.60001,-48.62265,DEL01-SC,Risco Médio,Alta
segunda-feira,BR-282,405.0,Plena Noite,Decrescente,Chuva,Simples,Reta,-27.0978,-51.65185,DEL07-SC,Risco Baixo,Baixa
sábado,BR-308,165.0,Plena Noite,Crescente,Ignorado,Simples,Reta,-1.1982,-47.06,DEL01-PA,Risco Alto,Baixa
quinta-feira,BR-153,54.0,Pleno dia,Crescente,Chuva,Dupla,Curva,-18.85278,-49.08302,DEL15-MG,Risco Médio,Alta
sábado,BR-381,38.8,Amanhecer,Decrescente,Nublado,Dupla,Reta,-23.11332,-46.57175,DEL03-SP,Risco Médio,Alta
domingo,BR-364,514.0,Pleno dia,Crescente,Céu Claro,Simples,Reta,-15.07256,-56.51788,DEL01-MT,Risco Médio,Alta
segunda-feira,BR-381,74.0,Pleno dia,Decrescente,Céu Claro,Dupla,Curva,-23.37671,-46.56381,DEL03-SP,Risco Baixo,Alta
domingo,BR-381,876.9,Pleno dia,Crescente,Nublado,Dupla,Reta,-22.43539,-45.9808,DEL16-MG,Risco Médio,Alta
segunda-feira,BR-470,60.7,Plena Noite,Crescente,Céu Claro,Simples,Reta,-26.88138,-49.16454,DEL04-SC,Risco Médio,Baixa
sábado,BR-476,231.5,Pleno dia,Decrescente,Chuva,Múltipla,Curva,-25.88207,-49.98906,DEL02-PR,Risco Alto,Baixa
domingo,BR-116,31.0,Pleno dia,Decrescente,Sol,Dupla,Reta,-4.019893,-38.5189,DEL01-CE,Risco Médio,Alta
domingo,BR-408,61.3,Pleno dia,Decrescente,Nublado,Simples,Não Informado,-7.823013,-35.24568,DEL01-PE,Risco Médio,Baixa
domingo,BR-116,370.9,Plena Noite,Decrescente,Céu Claro,Dupla,Reta,-24.15882,-47.32622,DEL04-SP,Risco Médio,Alta
domingo,BR-174,100.2,Plena Noite,Decrescente,Nublado,Simples,Reta,-15.83932,-57.87185,DEL03-MT,Risco Baixo,Baixa
sexta-feira,BR-153,340.0,Pleno dia,Decrescente,Céu Claro,Simples,Reta,-8.890417,-48.5089,DEL02-TO,Risco Médio,Alta
sábado,BR-470,63.9,Pleno dia,Decrescente,Chuva,Simples,Curva,-26.8724,-49.19228,DEL04-SC,Risco Médio,Baixa
quinta-feira,BR-40,234.0,Anoitecer,Decrescente,Céu Claro,Simples,Curva,-18.02167,-45.5402,DEL14-MG,Risco Médio,Alta
sábado,BR-20,42.0,Plena Noite,Crescente,Chuva,Dupla,Reta,-15.57922,-47.49434,DEL02-DF,Risco Baixo,Baixa
sábado,BR-285,307.0,Plena Noite,Crescente,Céu Claro,Simples,Reta,-28.22683,-52.50696,DEL08-RS,Risco Médio,Baixa
segunda-feira,BR-101,298.0,Pleno dia,Decrescente,Céu Claro,Dupla,Reta,-22.7714,-42.92896,DEL02-RJ,Risco Baixo,Alta
domingo,BR-20,424.0,Pleno dia,Crescente,Céu Claro,Simples,Reta,-3.857714,-38.54848,DEL01-CE,Risco Alto,Baixa
quinta-feira,BR-101,427.0,Pleno dia,Crescente,Céu Claro,Simples,Reta,-22.89741,-43.85632,DEL03-RJ,Risco Médio,Alta
quarta-feira,BR-116,176.0,Plena Noite,Decrescente,Céu Claro,Dupla,Curva,-22.78395,-43.38195,DEL01-RJ,Risco Baixo,Alta
domingo,BR-101,181.0,Plena Noite,Crescente,Nublado,Dupla,Reta,-27.37945,-48.6308,DEL01-SC,Risco Médio,Alta
terça-feira,BR-101,63.7,Plena Noite,Decrescente,Nublado,Simples,Curva,-18.69831,-39.86481,DEL04-ES,Risco Médio,Alta
quinta-feira,BR-116,15.3,Amanhecer,Decrescente,Garoa/Chuvisco,Dupla,Reta,-25.09833,-48.68266,DEL01-PR,Risco Médio,Alta
quinta-feira,BR-369,147.3,Plena Noite,Crescente,Céu Claro,Dupla,Interseção de vias,-23.29321,-51.13446,DEL07-PR,Risco Médio,Baixa
domingo,BR-101,271.8,Pleno dia,Crescente,Nublado,Múltipla,Não Informado,-20.22923,-40.28221,DEL02-ES,Risco Médio,Alta
domingo,BR-116,446.0,Plena Noite,Decrescente,Nublado,Dupla,Ponte,-24.50944,-47.84804,DEL05-SP,Risco Médio,Alta
terça-feira,BR-116,527.0,Pleno dia,Decrescente,Céu Claro,Simples,Reta,-31.74702,-52.409,DEL07-RS,Risco Baixo,Alta
segunda-feira,BR-163,1002.0,Pleno dia,Crescente,Céu Claro,Simples,Reta,-2.45137,-54.72949,DEL05-PA,Risco Médio,Alta
sexta-feira,BR-116,248.6,Plena Noite,Decrescente,Céu Claro,Múltipla,Reta,-29.77606,-51.15509,DEL01-RS,Risco Médio,Alta
quinta-feira,BR-282,3.0,Pleno dia,Decrescente,Chuva,Dupla,Reta,-27.60038,-48.59971,DEL01-SC,Risco Médio,Baixa
quinta-feira,BR-304,111.2,Plena Noite,Crescente,Ignorado,Simples,Não Informado,-5.597801,-36.92937,DEL04-RN,Risco Alto,Baixa
segunda-feira,BR-101,286.3,Plena Noite,Crescente,Céu Claro,Dupla,Reta,-22.75409,-42.82492,DEL02-RJ,Risco Médio,Alta
domingo,BR-116,508.5,Plena Noite,Decrescente,Nublado,Simples,Reta,-7.565013,-39.02035,DEL05-CE,Risco Baixo,Alta
domingo,BR-40,504.5,Pleno dia,Crescente,Céu Claro,Dupla,Reta,-19.72988,-44.15253,DEL02-MG,Risco Médio,Alta
sábado,BR-316,261.0,Pleno dia,Crescente,Céu Claro,Dupla,Reta,-3.664562,-45.38315,DEL02-MA,Risco Baixo,Baixa
sábado,BR-230,391.4,Pleno dia,Crescente,Céu Claro,Simples,Reta,-6.8904,-37.7258,DEL03-PB,Risco Médio,Baixa
quarta-feira,BR-116,573.3,Amanhecer,Crescente,Nublado,Simples,Reta,-20.13212,-42.1784,DEL06-MG,Risco Médio,Alta
quinta-feira,BR-116,305.4,Amanhecer,Crescente,Nublado,Simples,Não Informado,-28.19929,-50.72765,DEL05-SC,Risco Alto,Alta
terça-feira,BR-376,11.0,Pleno dia,Decrescente,Céu Claro,Dupla,Reta,-23.3817,-51.90887,DEL07-PR,Risco Médio,Baixa
sábado,BR-101,256.0,Pleno dia,Crescente,Chuva,Dupla,Curva,-20.11912,-40.31101,DEL02-ES,Risco Médio,Alta
segunda-feira,BR-476,124.0,Pleno dia,Crescente,Céu Claro,Dupla,Não Informado,-25.39984,-49.21585,DEL01-PR,Risco Médio,Baixa
sábado,BR-364,574.0,Plena Noite,Crescente,Nublado,Simples,Não Informado,-14.69987,-56.31727,DEL01-MT,Risco Baixo,Alta
quinta-feira,BR-158,513.6,Plena Noite,Crescente,Nublado,Simples,Reta,-30.60599,-55.09626,DEL11-RS,Risco Baixo,Baixa
segunda-feira,BR-324,610.0,Pleno dia,Crescente,Céu Claro,Dupla,Reta,-12.82932,-38.41113,DEL01-BA,Risco Médio,Baixa
quarta-feira,BR-116,56.3,Plena Noite,Decrescente,Nevoeiro/Neblina,Simples,Curva,-26.38887,-50.18346,DEL06-SC,Risco Alto,Alta
sábado,BR-280,0.1,Plena Noite,Decrescente,Garoa/Chuvisco,Simples,Não Informado,-26.24113,-48.63402,DEL03-SC,Risco Médio,Baixa
sexta-feira,BR-116,18.0,Pleno dia,Decrescente,Nublado,Dupla,Reta,-3.904966,-38.50519,DEL01-CE,Risco Baixo,Alta
domingo,BR-267,63.0,Pleno dia,Decrescente,Céu Claro,Simples,Reta,-21.7397,-43.1022,DEL05-MG,Risco Médio,Baixa
terça-feira,BR-116,309.6,Pleno dia,Decrescente,Céu Claro,Dupla,Reta,-22.45853,-44.42673,DEL07-RJ,Risco Médio,Alta
quinta-feira,BR-364,424.9,Pleno dia,Crescente,Nublado,Simples,Interseção de vias,-10.43972,-62.46881,DEL03-RO,Risco Baixo,Alta
sexta-feira,BR-101,447.0,Pleno dia,Crescente,Chuva,Simples,Curva,-14.47399,-39.3275,DEL05-BA,Risco Baixo,Alta
terça-feira,BR-40,11.8,Pleno dia,Crescente,Céu Claro,Dupla,Reta,-16.14384,-47.94663,DEL01-DF,Risco Médio,Alta
sábado,BR-101,119.0,Pleno dia,Crescente,Sol,Dupla,Reta,-26.90432,-48.71555,DEL04-SC,Risco Médio,Alta
segunda-feira,BR-277,82.0,Plena Noite,Crescente,Céu Claro,Dupla,Reta,-25.56894,-49.18198,DEL01-PR,Risco Baixo,Média
sábado,BR-251,0.5,Plena Noite,Decrescente,Céu Claro,Dupla,Reta,-16.0498,-47.53721,DEL01-DF,Risco Médio,Baixa
sexta-feira,BR-230,20.0,Pleno dia,Crescente,Céu Claro,Dupla,Reta,-7.142317,-34.85179,DEL01-PB,Risco Médio,Baixa
domingo,BR-381,485.8,Pleno dia,Crescente,Céu Claro,Múltipla,Reta,-19.95606,-44.1041,DEL01-MG,Risco Médio,Alta
sábado,BR-280,50.4,Pleno dia,Crescente,Céu Claro,Simples,Reta,-26.46424,-48.95224,DEL03-SC,Risco Médio,Baixa
sábado,BR-364,331.0,Plena Noite,Decrescente,Céu Claro,Simples,Curva,-15.83181,-55.4401,DEL02-MT,Risco Baixo,Alta
quarta-feira,BR-393,121.0,Plena Noite,Decrescente,Céu Claro,Simples,Curva,-21.9435,-42.829,DEL06-RJ,Risco Alto,Média
domingo,BR-116,181.3,Plena Noite,Decrescente,Céu Claro,Simples,Curva,-27.29102,-50.42976,DEL05-SC,Risco Médio,Alta
sexta-feira,BR-10,437.0,Pleno dia,Crescente,Sol,Múltipla,Reta,-10.24206,-48.29725,DEL01-TO,Risco Médio,Baixa
quinta-feira,BR-364,435.0,Plena Noite,Crescente,Céu Claro,Simples,Reta,-15.64486,-56.19987,DEL01-MT,Risco Médio,Alta
sábado,BR-285,606.2,Pleno dia,Crescente,Chuva,Simples,Curva,-28.49195,-55.3178,DEL12-RS,Risco Alto,Baixa
sábado,BR-101,386.9,Pleno dia,Crescente,Céu Claro,Dupla,Reta,-28.7806,-49.328,DEL02-SC,Risco Baixo,Alta
quinta-feira,BR-469,20.0,Pleno dia,Decrescente,Chuva,Simples,Não Informado,-25.60797,-54.49154,DEL05-PR,Risco Médio,Baixa
sábado,BR-116,328.9,Pleno dia,Decrescente,Sol,Dupla,Reta,-23.86637,-47.0335,DEL04-SP,Risco Médio,Alta
terça-feira,BR-373,199.8,Pleno dia,Decrescente,Céu Claro,Simples,Reta,-25.08427,-50.4085,DEL03-PR,Risco Médio,Baixa
domingo,BR-116,511.4,Pleno dia,Decrescente,Nublado,Simples,Desvio Temporário,-24.84548,-48.21198,DEL05-SP,Risco Baixo,Alta
segunda-feira,BR-262,460.8,Pleno dia,Decrescente,Céu Claro,Simples,Reta,-19.82719,-45.07371,DEL08-MG,Risco Baixo,Média
sexta-feira,BR-405,69.0,Plena Noite,Crescente,Céu Claro,Simples,Reta,-5.626919,-37.79984,DEL04-RN,Risco Médio,Baixa
sábado,BR-116,342.0,Pleno dia,Crescente,Chuva,Múltipla,Curva,-24.01625,-47.16798,DEL04-SP,Risco Baixo,Alta
quinta-feira,BR-30,310.0,Pleno dia,Crescente,Céu Claro,Simples,Curva,-14.17819,-42.17411,DEL08-BA,Risco Médio,Baixa
sábado,BR-40,111.0,Amanhecer,Decrescente,Céu Claro,Dupla,Reta,-22.69187,-43.28745,DEL01-RJ,Risco Médio,Alta
sexta-feira,BR-163,308.3,Plena Noite,Crescente,Nublado,Simples,Curva,-21.90666,-54.53235,DEL02-MS,Risco Médio,Alta
sábado,BR-101,137.1,Plena Noite,Decrescente,Nublado,Dupla,Interseção de vias,-27.01572,-48.61193,DEL04-SC,Risco Médio,Alta
domingo,BR-343,271.4,Plena Noite,Decrescente,Céu Claro,Simples,Curva,-4.866084,-42.21493,DEL01-PI,Risco Baixo,Baixa
sábado,BR-369,427.0,Pleno dia,Crescente,Nublado,Simples,Reta,-24.4327,-52.8333,DEL04-PR,Risco Médio,Baixa
domingo,BR-277,82.0,Pleno dia,Crescente,Nublado,Dupla,Reta,-25.46919,-49.21306,DEL01-PR,Risco Baixo,Média
domingo,BR-356,147.0,Pleno dia,Crescente,Céu Claro,Dupla,Reta,-21.7854,-41.29978,DEL08-RJ,Risco Baixo,Baixa
segunda-feira,BR-381,563.5,Plena Noite,Decrescente,Nublado,Dupla,Curva,-20.3877,-44.491,DEL04-MG,Risco Médio,Alta
sábado,BR-222,232.9,Pleno dia,Decrescente,Céu Claro,Simples,Reta,-3.706055,-40.42328,DEL04-CE,Risco Baixo,Baixa
sábado,BR-40,8.0,Plena Noite,Decrescente,Céu Claro,Dupla,Reta,-16.13116,-47.95774,DEL01-DF,Risco Médio,Alta
quinta-feira,BR-373,430.0,Pleno dia,Crescente,Céu Claro,Simples,Curva,-25.74532,-52.23504,DEL02-PR,Risco Alto,Baixa
quinta-feira,BR-101,895.6,Pleno dia,Decrescente,Chuva,Simples,Curva,-17.75196,-39.76501,DEL09-BA,Risco Médio,Alta
quinta-feira,BR-116,124.6,Pleno dia,Crescente,Céu Claro,Simples,Curva,-26.9602,-50.4164,DEL06-SC,Risco Médio,Alta
domingo,BR-428,183.5,Pleno dia,Crescente,Céu Claro,Simples,Reta,-9.32413,-40.46211,DEL06-PE,Risco Médio,Baixa
domingo,BR-459,28.2,Pleno dia,Decrescente,Nublado,Simples,Reta,-22.71152,-45.1119,DEL08-SP,Risco Médio,Baixa
domingo,BR-470,128.4,Plena Noite,Decrescente,Nublado,Simples,Interseção de vias,-27.13618,-49.54251,DEL04-SC,Risco Baixo,Baixa
quinta-feira,BR-386,348.9,Plena Noite,Crescente,Céu Claro,Dupla,Reta,-29.45664,-51.95733,DEL04-RS,Risco Baixo,Média
sábado,BR-277,108.0,Amanhecer,Crescente,Nublado,Dupla,Curva,-25.46338,-49.35755,DEL01-PR,Risco Médio,Média
terça-feira,BR-381,68.0,Plena Noite,Decrescente,Céu Claro,Dupla,Curva,-23.32203,-46.58296,DEL03-SP,Risco Baixo,Alta
terça-feira,BR-116,278.2,Pleno dia,Crescente,Garoa/Chuvisco,Dupla,Reta,-22.51155,-44.21685,DEL07-RJ,Risco Baixo,Alta
sábado,BR-251,26.0,Plena Noite,Crescente,Céu Claro,Simples,Reta,-15.94641,-47.68422,DEL01-DF,Risco Médio,Baixa
segunda-feira,BR-60,65.0,Anoitecer,Crescente,Céu Claro,Simples,Desvio Temporário,-19.0534,-53.01508,DEL06-MS,Risco Médio,Média
quinta-feira,BR-174,502.0,Plena Noite,Crescente,Céu Claro,Múltipla,Interseção de vias,2.781689,-60.70383,DEL01-RR,Risco Alto,Baixa
quarta-feira,BR-116,813.3,Pleno dia,Decrescente,Nublado,Simples,Reta,-14.76463,-40.70569,DEL08-BA,Risco Baixo,Alta
sexta-feira,BR-316,7.2,Pleno dia,Decrescente,Sol,Dupla,Reta,-5.147021,-42.77439,DEL01-PI,Risco Médio,Baixa
segunda-feira,BR-116,292.8,Plena Noite,Crescente,Nublado,Dupla,Reta,-23.74097,-46.89833,DEL04-SP,Risco Alto,Alta
quarta-feira,BR-163,636.1,Anoitecer,Crescente,Céu Claro,Simples,Reta,-13.48933,-56.05542,DEL01-MT,Risco Médio,Alta
quinta-feira,BR-364,486.0,Pleno dia,Crescente,Céu Claro,Simples,Reta,-15.2949,-56.435,DEL01-MT,Risco Baixo,Alta