dia_semana,br,km,fase_dia,sentido_via,condicao_metereologica,tipo_pista,tracado_via,latitude,longitude,delegacia,classificacao_acidente,postos_policiais_PRF
sábado,BR-101,149.0,Pleno dia,Crescente,Sol,Dupla,Interseção de vias,-19.39619,-40.06436,DEL04-ES,Risco Médio,Alta
segunda-feira,BR-280,55.0,Amanhecer,Crescente,Chuva,Dupla,Rotatória,-26.47584,-48.99379,DEL03-SC,Risco Médio,Baixa
sexta-feira,BR-116,560.0,Pleno dia,Decrescente,Céu Claro,Simples,Reta,-12.9619,-39.9264,DEL03-BA,Risco Médio,Alta
sábado,BR-470,126.3,Pleno dia,Crescente,Sol,Simples,Reta,-27.129,-49.53828,DEL04-SC,Risco Médio,Baixa
quarta-feira,BR-20,47.0,Pleno dia,Crescente,Chuva,Múltipla,Desvio Temporário,-15.58334,-47.44974,DEL02-DF,Risco Médio,Baixa
sexta-feira,BR-381,485.4,Pleno dia,Crescente,Nublado,Dupla,Reta,-19.9561,-44.1064,DEL01-MG,Risco Alto,Alta
quinta-feira,BR-476,132.3,Pleno dia,Decrescente,Garoa/Chuvisco,Dupla,Reta,-25.46331,-49.25122,DEL01-PR,Risco Médio,Baixa
terça-feira,BR-153,41.4,Plena Noite,Crescente,Céu Claro,Simples,Reta,-27.59756,-52.23493,DEL08-RS,Risco Médio,Alta
quinta-feira,BR-101,197.0,Pleno dia,Crescente,Sol,Dupla,Não Informado,-27.51844,-48.63848,DEL01-SC,Risco Baixo,Alta
quinta-feira,BR-235,60.0,Pleno dia,Crescente,Céu Claro,Simples,Não Informado,-10.6304,-37.4583,DEL01-SE,Risco Baixo,Baixa
domingo,BR-116,139.5,Anoitecer,Crescente,Céu Claro,Dupla,Reta,-23.16225,-45.80525,DEL06-SP,Risco Médio,Alta
sábado,BR-163,1105.3,Plena Noite,Decrescente,Céu Claro,Simples,Não Informado,-9.644492,-54.87866,DEL06-MT,Risco Médio,Alta
terça-feira,BR-262,3.9,Pleno dia,Decrescente,Céu Claro,Dupla,Reta,-20.33609,-40.37744,DEL01-ES,Risco Médio,Média
quinta-feira,BR-262,363.9,Amanhecer,Decrescente,Céu Claro,Simples,Reta,-20.50499,-54.72804,DEL01-MS,Risco Baixo,Média
sexta-feira,BR-116,107.0,Pleno dia,Crescente,Céu Claro,Simples,Reta,-25.5699,-49.18778,DEL01-PR,Risco Baixo,Alta
segunda-feira,BR-40,588.5,Pleno dia,Crescente,Chuva,Simples,Reta,-20.35741,-43.90981,DEL01-MG,Risco Médio,Alta
quinta-feira,BR-290,306.0,Pleno dia,Crescente,Chuva,Simples,Curva,-30.33986,-53.27505,DEL09-RS,Risco Baixo,Baixa
sábado,BR-280,31.0,Pleno dia,Crescente,Sol,Simples,Reta,-26.4165,-48.77181,DEL03-SC,Risco Médio,Baixa
quarta-feira,BR-343,335.2,Pleno dia,Decrescente,Céu Claro,Simples,Curva,-5.061626,-42.69665,DEL01-PI,Risco Médio,Baixa
sexta-feira,BR-155,274.0,Pleno dia,Crescente,Sol,Simples,Reta,-5.94769,-49.21949,DEL03-PA,Risco Médio,Baixa
sexta-feira,BR-364,709.0,Pleno dia,Crescente,Chuva,Dupla,Reta,-8.789514,-63.85144,DEL01-RO,Risco Médio,Alta
terça-feira,BR-60,181.8,Pleno dia,Crescente,Céu Claro,Dupla,Não Informado,-16.78924,-49.50112,DEL01-GO,Risco Médio,Média
sábado,BR-101,67.0,Pleno dia,Decrescente,Chuva,Simples,Interseção de vias,-18.72054,-39.86589,DEL04-ES,Risco Médio,Alta
quarta-feira,BR-381,777.5,Plena Noite,Decrescente,Céu Claro,Dupla,Não Informado,-21.82473,-45.49551,DEL16-MG,Risco Baixo,Alta
sexta-feira,BR-482,104.8,Plena Noite,Crescente,Céu Claro,Simples,Reta,-20.78384,-41.66073,DEL03-ES,Risco Alto,Baixa
sexta-feira,BR-40,529.0,Anoitecer,Decrescente,Céu Claro,Dupla,Não Informado,-19.91644,-44.0396,DEL01-MG,Risco Baixo,Alta
domingo,BR-393,274.0,Pleno dia,Crescente,Chuva,Simples,Curva,-22.48328,-43.96043,DEL05-RJ,Risco Médio,Média
quarta-feira,BR-116,19.0,Plena Noite,Crescente,Céu Claro,Dupla,Reta,-3.924104,-38.50775,DEL01-CE,Risco Médio,Alta
quinta-feira,BR-364,288.8,Pleno dia,Decrescente,Nublado,Dupla,Curva,-15.90472,-55.07406,DEL05-MT,Risco Médio,Alta
domingo,BR-116,687.0,Plena Noite,Crescente,Ignorado,Simples,Reta,-13.88098,-40.13648,DEL03-BA,Risco Baixo,Alta
segunda-feira,BR-373,231.0,Pleno dia,Crescente,Céu Claro,Simples,Reta,-25.18288,-50.67781,DEL03-PR,Risco Baixo,Baixa
domingo,BR-60,229.5,Pleno dia,Crescente,Céu Claro,Dupla,Desvio Temporário,-17.05156,-49.78887,DEL01-GO,Risco Baixo,Média
segunda-feira,BR-365,621.0,Plena Noite,Decrescente,Céu Claro,Dupla,Não Informado,-18.8974,-48.2715,DEL15-MG,Risco Médio,Média
terça-feira,BR-153,498.0,Pleno dia,Crescente,Chuva,Simples,Curva,-26.4675,-51.32607,DEL02-PR,Risco Médio,Alta
quinta-feira,BR-174,13.0,Pleno dia,Decrescente,Céu Claro,Dupla,Rotatória,-12.7414,-60.13026,DEL04-RO,Risco Baixo,Baixa
domingo,BR-40,735.0,Pleno dia,Decrescente,Chuva,Simples,Curva,-21.37013,-43.57559,DEL05-MG,Risco Médio,Alta
domingo,BR-163,611.0,Pleno dia,Decrescente,Céu Claro,Simples,Reta,-13.81151,-56.07354,DEL01-MT,Risco Médio,Alta
sábado,BR-414,437.9,Plena Noite,Crescente,Céu Claro,Simples,Ponte,-16.26365,-48.93824,DEL02-GO,Risco Baixo,Baixa
terça-feira,BR-101,896.0,Pleno dia,Crescente,Céu Claro,Simples,Curva,-17.6892,-39.77317,DEL09-BA,Risco Médio,Alta
quinta-feira,BR-376,245.0,Pleno dia,Decrescente,Chuva,Dupla,Reta,-23.57931,-51.41908,DEL07-PR,Risco Médio,Baixa
quarta-feira,BR-116,24.2,Pleno dia,Decrescente,Céu Claro,Dupla,Curva,-25.10885,-48.76564,DEL01-PR,Risco Médio,Alta
quarta-feira,BR-381,46.0,Pleno dia,Crescente,Céu Claro,Dupla,Reta,-23.1809,-46.58078,DEL03-SP,Risco Médio,Alta
quinta-feira,BR-364,357.0,Pleno dia,Decrescente,Sol,Dupla,Não Informado,-15.7849,-55.60856,DEL02-MT,Risco Médio,Alta
segunda-feira,BR-381,6.0,Pleno dia,Crescente,Nublado,Dupla,Reta,-19.96825,-44.19871,DEL01-MG,Risco Médio,Alta
sábado,BR-392,82.3,Amanhecer,Crescente,Chuva,Simples,Reta,-31.6527,-52.4714,DEL07-RS,Risco Alto,Média
quinta-feira,BR-116,425.0,Plena Noite,Crescente,Céu Claro,Simples,Reta,-12.25329,-38.98908,DEL02-BA,Risco Médio,Alta
domingo,BR-373,202.7,Pleno dia,Crescente,Céu Claro,Simples,Curva,-25.12539,-50.44098,DEL03-PR,Risco Médio,Baixa
domingo,BR-70,516.1,Plena Noite,Crescente,Nublado,Simples,Reta,-15.70293,-56.15186,DEL01-MT,Risco Baixo,Baixa
quarta-feira,BR-60,420.0,Plena Noite,Decrescente,Chuva,Dupla,Curva,-17.8214,-51.2417,DEL04-GO,Risco Baixo,Média
sexta-feira,BR-101,145.0,Pleno dia,Decrescente,Céu Claro,Dupla,Reta,-27.08139,-48.60131,DEL04-SC,Risco Médio,Alta
quinta-feira,BR-452,180.9,Pleno dia,Crescente,Céu Claro,Simples,Não Informado,-18.3749,-49.35444,DEL03-GO,Risco Médio,Baixa
quarta-feira,BR-116,51.4,Pleno dia,Decrescente,Céu Claro,Dupla,Reta,-22.74158,-45.09206,DEL08-SP,Risco Baixo,Alta
domingo,BR-101,201.8,Plena Noite,Crescente,Céu Claro,Múltipla,Reta,-27.5572,-48.6188,DEL01-SC,Risco Baixo,Alta
terça-feira,BR-153,144.0,Pleno dia,Crescente,Sol,Múltipla,Desvio Temporário,-7.196628,-48.23637,DEL02-TO,Risco Médio,Alta
sábado,BR-40,54.0,Pleno dia,Crescente,Céu Claro,Dupla,Reta,-22.35271,-43.12124,DEL06-RJ,Risco Médio,Alta
sexta-feira,BR-373,478.6,Pleno dia,Crescente,Céu Claro,Simples,Interseção de vias,-25.97273,-52.53404,DEL02-PR,Risco Médio,Baixa
domingo,BR-373,229.2,Anoitecer,Decrescente,Chuva,Simples,Não Informado,-25.1767,-50.64681,DEL03-PR,Risco Médio,Baixa
domingo,BR-470,59.0,Pleno dia,Crescente,Céu Claro,Simples,Interseção de vias,-26.88281,-49.1548,DEL04-SC,Risco Baixo,Baixa
sábado,BR-50,174.4,Pleno dia,Crescente,Nublado,Simples,Curva,-19.7751,-47.97202,DEL13-MG,Risco Médio,Média
sábado,BR-116,243.8,Plena Noite,Crescente,Céu Claro,Múltipla,Reta,-29.73629,-51.15009,DEL01-RS,Risco Baixo,Alta
segunda-feira,BR-101,57.5,Pleno dia,Crescente,Céu Claro,Dupla,Desvio Temporário,-7.963462,-34.91513,DEL01-PE,Risco Médio,Alta
domingo,BR-101,97.0,Pleno dia,Crescente,Céu Claro,Simples,Curva,-5.857612,-35.21272,DEL01-RN,Risco Baixo,Alta
sexta-feira,BR-101,878.0,Anoitecer,Decrescente,Chuva,Simples,Reta,-17.55161,-39.72193,DEL09-BA,Risco Médio,Alta
terça-feira,BR-324,230.0,Anoitecer,Decrescente,Sol,Simples,Curva,-11.37309,-40.00776,DEL04-BA,Risco Médio,Baixa
domingo,BR-251,427.9,Amanhecer,Crescente,Céu Claro,Simples,Não Informado,-16.32525,-43.12292,DEL12-MG,Risco Alto,Baixa
domingo,BR-101,5.9,Plena Noite,Crescente,Chuva,Dupla,Curva,-27.58525,-48.61626,DEL03-SC,Risco Baixo,Alta
sexta-feira,BR-369,156.0,Pleno dia,Crescente,Sol,Dupla,Reta,-23.29105,-51.2181,DEL07-PR,Risco Médio,Baixa
quinta-feira,BR-163,6.9,Pleno dia,Crescente,Céu Claro,Simples,Reta,-24.0016,-54.3193,DEL09-MS,Risco Médio,Alta
terça-feira,BR-40,770.7,Pleno dia,Crescente,Céu Claro,Simples,Curva,-21.59924,-43.45791,DEL05-MG,Risco Médio,Alta
quinta-feira,BR-277,677.4,Pleno dia,Crescente,Céu Claro,Dupla,Reta,-25.30961,-54.14386,DEL05-PR,Risco Baixo,Média
domingo,BR-158,240.0,Pleno dia,Decrescente,Céu Claro,Simples,Reta,-17.64509,-51.84643,DEL05-GO,Risco Alto,Baixa
quinta-feira,BR-153,5.1,Amanhecer,Decrescente,Chuva,Simples,Curva,-27.40513,-52.01429,DEL08-RS,Risco Baixo,Alta
quinta-feira,BR-101,142.8,Pleno dia,Crescente,Nublado,Simples,Reta,-27.05787,-48.59796,DEL04-SC,Risco Médio,Alta
sábado,BR-373,178.0,Plena Noite,Crescente,Nublado,Dupla,Curva,-25.05025,-50.23418,DEL03-PR,Risco Baixo,Baixa
domingo,BR-101,417.0,Pleno dia,Crescente,Céu Claro,Simples,Não Informado,-22.91784,-43.9045,DEL03-RJ,Risco Médio,Alta
domingo,BR-402,142.6,Plena Noite,Crescente,Ignorado,Simples,Reta,-2.813004,-43.22512,DEL01-MA,Risco Baixo,Baixa
quarta-feira,BR-410,29.0,Plena Noite,Crescente,Chuva,Simples,Reta,-10.96066,-38.74778,DEL07-BA,Risco Médio,Baixa
sábado,BR-290,48.0,Plena Noite,Decrescente,Chuva,Dupla,Reta,-29.8985,-50.739,DEL03-RS,Risco Médio,Baixa
quarta-feira,BR-232,8.0,Pleno dia,Decrescente,Céu Claro,Dupla,Reta,-8.075855,-34.97022,DEL01-PE,Risco Médio,Baixa
sábado,BR-101,53.0,Plena Noite,Decrescente,Céu Claro,Simples,Reta,-7.9407,-34.9037,DEL01-PE,Risco Baixo,Alta
quinta-feira,BR-116,82.0,Amanhecer,Decrescente,Chuva,Dupla,Reta,-25.4153,-49.06782,DEL01-PR,Risco Baixo,Alta
terça-feira,BR-101,80.5,Plena Noite,Decrescente,Céu Claro,Dupla,Curva,-7.117537,-34.94951,DEL01-PB,Risco Médio,Alta
domingo,BR-381,232.0,Pleno dia,Crescente,Céu Claro,Simples,Não Informado,-19.36793,-42.45119,DEL06-MG,Risco Médio,Alta
segunda-feira,BR-101,144.0,Plena Noite,Decrescente,Céu Claro,Dupla,Interseção de vias,-19.35188,-40.06367,DEL04-ES,Risco Médio,Alta
sexta-feira,BR-116,21.0,Plena Noite,Decrescente,Garoa/Chuvisco,Dupla,Curva,-25.06919,-48.58429,DEL01-PR,Risco Baixo,Alta
sexta-feira,BR-116,131.6,Pleno dia,Crescente,Céu Claro,Dupla,Reta,-23.12742,-45.73637,DEL02-SP,Risco Médio,Alta
quarta-feira,BR-40,11.8,Pleno dia,Crescente,Nublado,Dupla,Reta,-16.1437,-47.9467,DEL01-DF,Risco Médio,Alta
sábado,BR-60,264.3,Plena Noite,Crescente,Céu Claro,Dupla,Reta,-17.20033,-50.08795,DEL01-GO,Risco Baixo,Média
domingo,BR-20,415.0,Pleno dia,Crescente,Céu Claro,Dupla,Reta,-3.76999,-38.67006,DEL01-CE,Risco Médio,Baixa
sábado,BR-262,555.5,Pleno dia,Decrescente,Céu Claro,Simples,Não Informado,-19.74019,-45.86035,DEL08-MG,Risco Médio,Média
quinta-feira,BR-163,114.0,Plena Noite,Crescente,Céu Claro,Dupla,Reta,-16.53566,-54.66529,DEL02-MT,Risco Médio,Alta
segunda-feira,BR-153,560.5,Pleno dia,Decrescente,Chuva,Dupla,Curva,-17.2174,-49.2288,DEL03-GO,Risco Baixo,Alta
quinta-feira,BR-40,120.0,Plena Noite,Decrescente,Chuva,Múltipla,Reta,-22.77281,-43.28627,DEL01-RJ,Risco Baixo,Alta
sexta-feira,BR-153,658.7,Plena Noite,Crescente,Céu Claro,Dupla,Reta,-18.03393,-49.26605,DEL03-GO,Risco Médio,Alta
quarta-feira,BR-101,85.6,Pleno dia,Crescente,Chuva,Dupla,Reta,-5.777664,-35.24937,DEL02-RN,Risco Médio,Alta
quarta-feira,BR-376,391.1,Pleno dia,Decrescente,Sol,Dupla,Curva,-24.55403,-50.68692,DEL03-PR,Risco Médio,Baixa
quarta-feira,BR-101,155.0,Pleno dia,Crescente,Nublado,Simples,Reta,-27.1627,-48.6113,DEL04-SC,Risco Médio,Alta
segunda-feira,BR-470,69.0,Pleno dia,Decrescente,Céu Claro,Simples,Reta,-26.88375,-49.2467,DEL04-SC,Risco Médio,Baixa
terça-feira,BR-101,212.7,Pleno dia,Crescente,Céu Claro,Múltipla,Reta,-27.62997,-48.65904,DEL01-SC,Risco Baixo,Alta
quarta-feira,BR-153,501.0,Plena Noite,Crescente,Nublado,Dupla,Reta,-16.7189,-49.2382,DEL01-GO,Risco Médio,Alta
sexta-feira,BR-365,609.0,Plena Noite,Crescente,Céu Claro,Dupla,Reta,-18.92039,-48.18218,DEL15-MG,Risco Médio,Média
quinta-feira,BR-226,14.0,Plena Noite,Crescente,Céu Claro,Simples,Curva,-5.853694,-35.32758,DEL01-RN,Risco Alto,Baixa
domingo,BR-293,105.9,Amanhecer,Decrescente,Garoa/Chuvisco,Simples,Interseção de vias,-31.57487,-53.3718,DEL11-RS,Risco Médio,Baixa
quarta-feira,BR-116,222.0,Pleno dia,Decrescente,Céu Claro,Simples,Curva,-17.42343,-41.51419,DEL11-MG,Risco Alto,Alta
quarta-feira,BR-101,204.7,Pleno dia,Decrescente,Céu Claro,Múltipla,Interseção de vias,-27.57895,-48.61356,DEL01-SC,Risco Médio,Alta
quinta-feira,BR-277,69.0,Pleno dia,Crescente,Céu Claro,Dupla,Reta,-25.5307,-49.1958,DEL01-PR,Risco Médio,Média
sábado,BR-174,498.0,Pleno dia,Decrescente,Céu Claro,Dupla,Reta,2.739235,-60.7659,DEL01-RR,Risco Médio,Baixa
quinta-feira,BR-153,194.8,Amanhecer,Decrescente,Chuva,Simples,Curva,-19.92672,-48.95826,DEL13-MG,Risco Médio,Alta
sábado,BR-104,38.3,Plena Noite,Crescente,Céu Claro,Simples,Reta,-9.176723,-36.03141,DEL01-AL,Risco Alto,Baixa
sexta-feira,BR-381,489.0,Plena Noite,Crescente,Céu Claro,Múltipla,Reta,-19.96246,-44.16455,DEL01-MG,Risco Médio,Alta
sábado,BR-70,6.2,Plena Noite,Decrescente,Céu Claro,Dupla,Reta,-15.75049,-48.26124,DEL01-DF,Risco Médio,Baixa
quinta-feira,BR-116,119.5,Pleno dia,Decrescente,Céu Claro,Dupla,Não Informado,-23.0671,-45.63563,DEL06-SP,Risco Médio,Alta
quinta-feira,BR-101,399.0,Amanhecer,Decrescente,Céu Claro,Dupla,Não Informado,-28.8506,-49.4359,DEL02-SC,Risco Baixo,Alta
sexta-feira,BR-262,862.0,Plena Noite,Crescente,Céu Claro,Dupla,Reta,-19.7888,-48.41295,DEL13-MG,Risco Médio,Média
sábado,BR-174,13.5,Plena Noite,Crescente,Céu Claro,Dupla,Interseção de vias,-12.7414,-60.13026,DEL04-RO,Risco Médio,Baixa
segunda-feira,BR-135,1.5,Pleno dia,Decrescente,Céu Claro,Dupla,Reta,-2.589179,-44.24424,DEL01-MA,Risco Médio,Baixa
segunda-feira,BR-386,378.1,Pleno dia,Decrescente,Céu Claro,Dupla,Reta,-29.6503,-51.76048,DEL04-RS,Risco Baixo,Média
segunda-feira,BR-101,312.0,Amanhecer,Crescente,Céu Claro,Dupla,Reta,-22.80548,-43.06159,DEL02-RJ,Risco Baixo,Alta
domingo,BR-316,416.6,Pleno dia,Decrescente,Sol,Simples,Reta,-7.43756,-40.67492,DEL04-PI,Risco Médio,Baixa
terça-feira,BR-101,284.9,Pleno dia,Crescente,Nublado,Dupla,Curva,-28.23777,-48.70054,DEL02-SC,Risco Médio,Alta
segunda-feira,BR-155,255.0,Pleno dia,Decrescente,Nublado,Simples,Curva,-6.085104,-49.31873,DEL03-PA,Risco Baixo,Baixa
sexta-feira,BR-116,911.1,Pleno dia,Decrescente,Céu Claro,Simples,Desvio Temporário,-15.52369,-41.24358,DEL08-BA,Risco Alto,Alta
domingo,BR-381,363.5,Pleno dia,Crescente,Céu Claro,Simples,Não Informado,-19.85208,-43.21781,DEL03-MG,Risco Médio,Alta
quinta-feira,BR-381,26.3,Pleno dia,Decrescente,Céu Claro,Dupla,Reta,-23.02638,-46.53539,DEL03-SP,Risco Médio,Alta
quinta-feira,BR-70,240.0,Pleno dia,Crescente,Céu Claro,Simples,Reta,-15.6222,-54.02873,DEL05-MT,Risco Baixo,Baixa
quinta-feira,BR-369,433.5,Pleno dia,Decrescente,Nublado,Simples,Reta,-24.4843,-52.8875,DEL04-PR,Risco Baixo,Baixa
sábado,BR-406,101.5,Plena Noite,Decrescente,Nublado,Simples,Curva,-5.506614,-35.87596,DEL02-RN,Risco Alto,Baixa
domingo,BR-101,95.5,Pleno dia,Decrescente,Céu Claro,Dupla,Reta,-8.2505,-35.01325,DEL01-PE,Risco Médio,Alta
sábado,BR-20,271.8,Pleno dia,Decrescente,Céu Claro,Simples,Reta,-4.649882,-39.39114,DEL02-CE,Risco Médio,Baixa
sexta-feira,BR-101,208.0,Anoitecer,Crescente,Céu Claro,Dupla,Reta,-27.6032,-48.6319,DEL01-SC,Risco Médio,Alta
quarta-feira,BR-70,379.0,Plena Noite,Crescente,Céu Claro,Simples,Reta,-15.50815,-55.1119,DEL05-MT,Risco Baixo,Baixa
sábado,BR-153,70.0,Pleno dia,Crescente,Céu Claro,Dupla,Reta,-20.85198,-49.4007,DEL09-SP,Risco Médio,Alta
sábado,BR-235,21.5,Amanhecer,Crescente,Céu Claro,Simples,Curva,-10.82748,-37.22776,DEL01-SE,Risco Médio,Baixa
domingo,BR-116,631.8,Pleno dia,Decrescente,Sol,Simples,Interseção de vias,-13.50905,-40.0546,DEL03-BA,Risco Médio,Alta
sábado,BR-101,134.1,Pleno dia,Decrescente,Nublado,Múltipla,Reta,-27.00218,-48.63643,DEL04-SC,Risco Médio,Alta
sexta-feira,BR-381,27.9,Plena Noite,Decrescente,Céu Claro,Dupla,Não Informado,-23.03326,-46.54275,DEL03-SP,Risco Baixo,Alta
domingo,BR-222,313.0,Anoitecer,Crescente,Céu Claro,Simples,Reta,-3.723614,-40.9967,DEL04-CE,Risco Médio,Baixa
segunda-feira,BR-471,164.5,Pleno dia,Decrescente,Chuva,Simples,Não Informado,-29.93995,-52.38518,DEL02-RS,Risco Baixo,Baixa
segunda-feira,BR-163,148.0,Pleno dia,Crescente,Céu Claro,Simples,Não Informado,-25.43548,-53.57679,DEL04-PR,Risco Médio,Alta
domingo,BR-60,43.6,Anoitecer,Decrescente,Céu Claro,Dupla,Reta,-16.77332,-49.3063,DEL01-GO,Risco Baixo,Média
terça-feira,BR-101,4.0,Pleno dia,Crescente,Céu Claro,Dupla,Curva,-6.5393,-35.117,DEL01-PB,Risco Médio,Alta
quinta-feira,BR-40,123.0,Plena Noite,Crescente,Nublado,Múltipla,Reta,-22.79908,-43.29016,DEL01-RJ,Risco Médio,Alta
domingo,BR-392,16.5,Pleno dia,Crescente,Céu Claro,Dupla,Retorno Regulamentado,-32.10244,-52.16347,DEL07-RS,Risco Médio,Média
quinta-feira,BR-153,243.8,Pleno dia,Decrescente,Céu Claro,Simples,Não Informado,-24.81381,-50.48522,DEL03-PR,Risco Baixo,Alta
quinta-feira,BR-381,527.5,Pleno dia,Decrescente,Céu Claro,Dupla,Não Informado,-20.16283,-44.35073,DEL04-MG,Risco Médio,Alta
sexta-feira,BR-101,134.0,Plena Noite,Decrescente,Chuva,Dupla,Reta,-27.0049,-48.6266,DEL04-SC,Risco Médio,Alta
domingo,BR-210,3.0,Pleno dia,Decrescente,Sol,Dupla,Reta,0.08723365,-51.08569,DEL01-AP,Risco Médio,Baixa
quinta-feira,BR-452,187.0,Pleno dia,Crescente,Chuva,Dupla,Reta,-18.3841,-49.34517,DEL03-GO,Risco Médio,Baixa
sábado,BR-158,220.0,Pleno dia,Decrescente,Nublado,Simples,Reta,-24.00197,-52.32546,DEL04-PR,Risco Baixo,Baixa
terça-feira,BR-20,4.1,Pleno dia,Crescente,Céu Claro,Dupla,Reta,-15.67548,-47.82376,DEL02-DF,Risco Médio,Baixa
segunda-feira,BR-101,73.0,Pleno dia,Decrescente,Céu Claro,Dupla,Reta,-8.093369,-34.94746,DEL01-PE,Risco Médio,Alta
domingo,BR-40,101.0,Plena Noite,Decrescente,Céu Claro,Dupla,Viaduto,-22.60755,-43.28588,DEL06-RJ,Risco Médio,Alta
quinta-feira,BR-222,134.4,Pleno dia,Crescente,Céu Claro,Simples,Reta,-3.714893,-39.64005,DEL04-CE,Risco Baixo,Baixa
sexta-feira,BR-428,183.0,Plena Noite,Crescente,Céu Claro,Simples,Reta,-9.32413,-40.46211,DEL06-PE,Risco Médio,Baixa
sábado,BR-369,106.8,Pleno dia,Decrescente,Céu Claro,Simples,Interseção de vias,-23.26224,-50.77641,DEL07-PR,Risco Médio,Baixa
domingo,BR-316,421.0,Plena Noite,Crescente,Céu Claro,Simples,Reta,-4.35627,-44.36382,DEL03-MA,Risco Baixo,Baixa
quarta-feira,BR-386,432.9,Pleno dia,Crescente,Chuva,Simples,Não Informado,-29.83997,-51.29493,DEL04-RS,Risco Médio,Média
segunda-feira,BR-101,132.5,Pleno dia,Crescente,Céu Claro,Múltipla,Reta,-26.99654,-48.65565,DEL04-SC,Risco Médio,Alta
domingo,BR-343,592.0,Plena Noite,Crescente,Céu Claro,Dupla,Interseção de vias,-6.777731,-43.03156,DEL03-PI,Risco Médio,Baixa
segunda-feira,BR-60,46.3,Pleno dia,Crescente,Chuva,Dupla,Curva,-16.14354,-48.60001,DEL02-GO,Risco Médio,Média
domingo,BR-364,436.0,Plena Noite,Decrescente,Céu Claro,Simples,Reta,-10.3774,-62.55303,DEL03-RO,Risco Médio,Alta
sábado,BR-282,507.6,Plena Noite,Crescente,Céu Claro,Simples,Curva,-26.88617,-52.43911,DEL07-SC,Risco Médio,Baixa
terça-feira,BR-116,447.2,Pleno dia,Crescente,Céu Claro,Simples,Reta,-19.12791,-42.01328,DEL06-MG,Risco Alto,Alta
quarta-feira,BR-230,24.0,Pleno dia,Decrescente,Sol,Dupla,Viaduto,-7.16549,-34.86273,DEL01-PB,Risco Médio,Baixa
quinta-feira,BR-364,349.0,Pleno dia,Crescente,Nublado,Dupla,Curva,-15.80503,-55.55464,DEL05-MT,Risco Médio,Alta
quinta-feira,BR-101,196.0,Plena Noite,Decrescente,Céu Claro,Simples,Viaduto,-27.51101,-48.64322,DEL01-SC,Risco Médio,Alta
terça-feira,BR-116,530.1,Plena Noite,Decrescente,Céu Claro,Simples,Interseção de vias,-31.75908,-52.43688,DEL07-RS,Risco Médio,Alta
segunda-feira,BR-101,716.0,Plena Noite,Decrescente,Céu Claro,Simples,Reta,-16.33464,-39.58202,DEL09-BA,Risco Baixo,Alta
terça-feira,BR-373,183.0,Pleno dia,Decrescente,Nublado,Simples,Curva,-25.03935,-50.27542,DEL03-PR,Risco Baixo,Baixa
quarta-feira,BR-40,590.0,Pleno dia,Decrescente,Céu Claro,Dupla,Curva,-20.36808,-43.90983,DEL01-MG,Risco Médio,Alta
domingo,BR-116,255.0,Pleno dia,Crescente,Sol,Dupla,Reta,-29.83523,-51.17484,DEL01-RS,Risco Médio,Alta
domingo,BR-429,246.6,Amanhecer,Crescente,Céu Claro,Simples,Curva,-12.04216,-63.33926,DEL02-RO,Risco Alto,Baixa
sábado,BR-153,677.9,Pleno dia,Crescente,Chuva,Dupla,Reta,-18.2009,-49.27989,DEL03-GO,Risco Médio,Alta
domingo,BR-40,516.0,Plena Noite,Decrescente,Chuva,Dupla,Interseção de vias,-19.8278,-44.0836,DEL01-MG,Risco Médio,Alta
sexta-feira,BR-101,255.0,Plena Noite,Decrescente,Garoa/Chuvisco,Simples,Reta,-20.11643,-40.31646,DEL02-ES,Risco Médio,Alta
domingo,BR-40,424.6,Plena Noite,Decrescente,Céu Claro,Dupla,Reta,-19.1615,-44.52348,DEL02-MG,Risco Alto,Alta
segunda-feira,BR-40,144.1,Amanhecer,Decrescente,Céu Claro,Simples,Curva,-17.75155,-46.16879,DEL14-MG,Risco Médio,Alta
terça-feira,BR-232,146.0,Pleno dia,Crescente,Chuva,Dupla,Reta,-8.333588,-36.13121,DEL02-PE,Risco Baixo,Baixa
segunda-feira,BR-116,46.0,Pleno dia,Decrescente,Sol,Dupla,Retorno Regulamentado,-4.1565,-38.4819,DEL01-CE,Risco Médio,Alta
quinta-feira,BR-210,0.0,Pleno dia,Decrescente,Céu Claro,Dupla,Reta,0.0775641,-51.06379,DEL01-AP,Risco Médio,Baixa
domingo,BR-101,103.6,Plena Noite,Decrescente,Nublado,Dupla,Desvio Temporário,-5.891363,-35.2538,DEL01-RN,Risco Médio,Alta
quarta-feira,BR-262,48.3,Plena Noite,Decrescente,Nublado,Simples,Não Informado,-20.25366,-42.12296,DEL06-MG,Risco Baixo,Média
quarta-feira,BR-101,150.0,Pleno dia,Decrescente,Céu Claro,Dupla,Reta,-27.11745,-48.60941,DEL04-SC,Risco Baixo,Alta
segunda-feira,BR-101,190.6,Pleno dia,Crescente,Sol,Dupla,Reta,-22.46341,-42.06588,DEL02-RJ,Risco Médio,Alta
domingo,BR-116,614.6,Pleno dia,Crescente,Sol,Simples,Reta,-13.36039,-40.01629,DEL03-BA,Risco Médio,Alta
quinta-feira,BR-101,508.0,Plena Noite,Crescente,Garoa/Chuvisco,Simples,Reta,-14.97,-39.31996,DEL05-BA,Risco Médio,Alta
sábado,BR-304,246.7,Pleno dia,Decrescente,Céu Claro,Simples,Reta,-5.827299,-35.77145,DEL01-RN,Risco Médio,Baixa