dia_semana,br,km,fase_dia,sentido_via,condicao_metereologica,tipo_pista,tracado_via,latitude,longitude,delegacia,classificacao_acidente,postos_policiais_PRF
sábado,BR-40,679.5,Plena Noite,Decrescente,Nublado,Dupla,Curva,-21.04512,-43.76033,DEL05-MG,Risco Baixo,Alta
sábado,BR-163,892.0,Plena Noite,Decrescente,Céu Claro,Simples,Reta,-11.50322,-55.36888,DEL06-MT,Risco Médio,Alta
terça-feira,BR-381,308.0,Pleno dia,Crescente,Céu Claro,Dupla,Curva,-19.64252,-42.91878,DEL03-MG,Risco Médio,Alta
quinta-feira,BR-101,15.0,Pleno dia,Crescente,Chuva,Dupla,Reta,-10.32029,-36.89368,DEL02-SE,Risco Médio,Alta
segunda-feira,BR-101,196.0,Plena Noite,Decrescente,Garoa/Chuvisco,Múltipla,Reta,-27.51101,-48.64322,DEL01-SC,Risco Médio,Alta
segunda-feira,BR-226,3.0,Plena Noite,Crescente,Céu Claro,Simples,Reta,-6.565606,-47.4838,DEL02-TO,Risco Alto,Baixa
terça-feira,BR-476,133.0,Pleno dia,Crescente,Céu Claro,Múltipla,Reta,-25.46922,-49.25414,DEL01-PR,Risco Baixo,Baixa
domingo,BR-40,655.0,Pleno dia,Decrescente,Nublado,Dupla,Curva,-20.87994,-43.8014,DEL05-MG,Risco Médio,Alta
sábado,BR-116,175.7,Plena Noite,Decrescente,Céu Claro,Múltipla,Reta,-22.78395,-43.38195,DEL01-RJ,Risco Médio,Alta
sexta-feira,BR-101,155.0,Pleno dia,Decrescente,Céu Claro,Simples,Interseção de vias,-12.35551,-38.78248,DEL01-BA,Risco Médio,Alta
terça-feira,BR-40,43.9,Pleno dia,Crescente,Céu Claro,Simples,Reta,-17.23057,-46.85471,DEL14-MG,Risco Médio,Alta
domingo,BR-242,778.0,Pleno dia,Crescente,Céu Claro,Simples,Reta,-12.14226,-44.88421,DEL10-BA,Risco Baixo,Baixa
sexta-feira,BR-476,331.0,Plena Noite,Decrescente,Céu Claro,Simples,Reta,-26.11696,-50.82068,DEL02-PR,Risco Baixo,Baixa
segunda-feira,BR-376,523.9,Pleno dia,Decrescente,Céu Claro,Dupla,Reta,-25.26652,-49.95177,DEL03-PR,Risco Médio,Baixa
quarta-feira,BR-364,236.6,Pleno dia,Crescente,Sol,Simples,Não Informado,-11.44407,-61.444,DEL02-RO,Risco Médio,Alta
domingo,BR-230,122.0,Plena Noite,Decrescente,Céu Claro,Dupla,Reta,-5.361375,-49.12376,DEL03-PA,Risco Médio,Baixa
quinta-feira,BR-364,128.0,Plena Noite,Crescente,Céu Claro,Simples,Reta,-10.02636,-67.83491,DEL01-AC,Risco Médio,Alta
quarta-feira,BR-262,814.0,Pleno dia,Decrescente,Nublado,Dupla,Túnel,-19.76507,-48.12286,DEL13-MG,Risco Médio,Média
quinta-feira,BR-40,4.0,Plena Noite,Decrescente,Garoa/Chuvisco,Dupla,Reta,-16.01203,-47.98212,DEL01-DF,Risco Médio,Alta
terça-feira,BR-222,49.1,Amanhecer,Decrescente,Nublado,Simples,Reta,-3.66734,-38.98635,DEL01-CE,Risco Alto,Baixa
quarta-feira,BR-381,510.3,Pleno dia,Decrescente,Céu Claro,Dupla,Reta,-20.06022,-44.29093,DEL01-MG,Risco Médio,Alta
sábado,BR-415,48.0,Anoitecer,Crescente,Nublado,Simples,Reta,-14.81945,-39.3047,DEL05-BA,Risco Médio,Baixa
domingo,BR-381,523.0,Pleno dia,Decrescente,Céu Claro,Dupla,Curva,-20.15307,-44.32618,DEL04-MG,Risco Alto,Alta
domingo,BR-104,132.0,Plena Noite,Decrescente,Céu Claro,Simples,Reta,-7.307876,-35.89344,DEL02-PB,Risco Médio,Baixa
sexta-feira,BR-476,245.0,Plena Noite,Decrescente,Céu Claro,Simples,Curva,-25.8626,-50.11426,DEL02-PR,Risco Baixo,Baixa
quinta-feira,BR-116,338.1,Pleno dia,Decrescente,Céu Claro,Simples,Reta,-30.43136,-51.47438,DEL02-RS,Risco Médio,Alta
sexta-feira,BR-101,120.9,Plena Noite,Decrescente,Céu Claro,Dupla,Reta,-6.039258,-35.24723,DEL01-RN,Risco Médio,Alta
quarta-feira,BR-153,41.3,Pleno dia,Crescente,Céu Claro,Dupla,Reta,-18.7497,-49.08485,DEL15-MG,Risco Médio,Alta
sábado,BR-101,18.0,Pleno dia,Decrescente,Céu Claro,Simples,Túnel,-10.34642,-36.89794,DEL02-SE,Risco Médio,Alta
quarta-feira,BR-40,25.0,Pleno dia,Crescente,Céu Claro,Dupla,Curva,-22.15404,-43.15816,DEL06-RJ,Risco Baixo,Alta
domingo,BR-282,5.0,Pleno dia,Crescente,Céu Claro,Dupla,Reta,-27.58843,-48.61292,DEL01-SC,Risco Médio,Baixa
quarta-feira,BR-101,128.1,Plena Noite,Crescente,Nublado,Dupla,Não Informado,-26.97284,-48.68299,DEL04-SC,Risco Médio,Alta
quarta-feira,BR-116,279.0,Pleno dia,Crescente,Céu Claro,Simples,Curva,-23.66234,-46.85293,DEL04-SP,Risco Médio,Alta
sexta-feira,BR-392,351.9,Pleno dia,Crescente,Céu Claro,Simples,Reta,-29.72843,-53.80324,DEL09-RS,Risco Médio,Média
sexta-feira,BR-304,39.3,Pleno dia,Decrescente,Sol,Dupla,Reta,-5.190308,-37.37548,DEL04-RN,Risco Médio,Baixa
quinta-feira,BR-230,35.0,Pleno dia,Crescente,Sol,Dupla,Curva,-7.1268,-34.9412,DEL01-PB,Risco Médio,Baixa
sexta-feira,BR-116,204.0,Pleno dia,Decrescente,Céu Claro,Dupla,Reta,-22.72895,-43.63189,DEL01-RJ,Risco Alto,Alta
segunda-feira,BR-116,259.0,Pleno dia,Crescente,Céu Claro,Dupla,Não Informado,-29.87041,-51.17991,DEL01-RS,Risco Médio,Alta
domingo,BR-116,284.0,Pleno dia,Crescente,Céu Claro,Simples,Viaduto,-23.68192,-46.8602,DEL04-SP,Risco Médio,Alta
segunda-feira,BR-116,411.2,Pleno dia,Decrescente,Céu Claro,Dupla,Reta,-18.86245,-41.97405,DEL06-MG,Risco Médio,Alta
sábado,BR-101,209.0,Plena Noite,Decrescente,Nublado,Múltipla,Reta,-27.61001,-48.63895,DEL01-SC,Risco Médio,Alta
segunda-feira,BR-277,528.9,Plena Noite,Crescente,Céu Claro,Simples,Curva,-25.09182,-52.9493,DEL04-PR,Risco Médio,Média
quarta-feira,BR-415,22.0,Pleno dia,Crescente,Chuva,Simples,Curva,-14.7972,-39.0344,DEL05-BA,Risco Médio,Baixa
sábado,BR-116,422.5,Pleno dia,Crescente,Sol,Simples,Interseção de vias,-18.94513,-41.95003,DEL06-MG,Risco Médio,Alta
segunda-feira,BR-116,68.0,Pleno dia,Crescente,Nublado,Dupla,Não Informado,-22.83353,-45.21711,DEL08-SP,Risco Médio,Alta
sábado,BR-470,51.0,Pleno dia,Crescente,Sol,Simples,Reta,-26.86036,-49.06445,DEL04-SC,Risco Médio,Baixa
domingo,BR-40,568.0,Plena Noite,Crescente,Céu Claro,Simples,Reta,-20.2041,-43.9741,DEL01-MG,Risco Alto,Alta
quinta-feira,BR-50,177.0,Pleno dia,Crescente,Céu Claro,Dupla,Reta,-19.77915,-47.95048,DEL13-MG,Risco Médio,Média
terça-feira,BR-381,931.6,Plena Noite,Crescente,Céu Claro,Dupla,Curva,-22.80764,-46.27637,DEL16-MG,Risco Médio,Alta
quinta-feira,BR-381,939.0,Pleno dia,Decrescente,Nublado,Dupla,Não Informado,-22.84701,-46.33321,DEL16-MG,Risco Médio,Alta
quarta-feira,BR-369,501.1,Plena Noite,Decrescente,Céu Claro,Dupla,Reta,-24.7919,-53.2884,DEL04-PR,Risco Médio,Baixa
terça-feira,BR-324,560.0,Anoitecer,Decrescente,Céu Claro,Dupla,Reta,-12.4925,-38.65367,DEL01-BA,Risco Médio,Baixa
quarta-feira,BR-101,1.0,Plena Noite,Decrescente,Nublado,Dupla,Reta,-20.12909,-40.30812,DEL02-ES,Risco Médio,Alta
quinta-feira,BR-376,186.5,Plena Noite,Decrescente,Céu Claro,Simples,Interseção de vias,-23.42011,-51.4253,DEL09-PR,Risco Médio,Baixa
domingo,BR-381,439.0,Anoitecer,Crescente,Céu Claro,Simples,Reta,-19.80087,-43.75112,DEL01-MG,Risco Médio,Alta
segunda-feira,BR-343,256.0,Amanhecer,Crescente,Nublado,Simples,Reta,-4.783408,-42.08588,DEL01-PI,Risco Médio,Baixa
quinta-feira,BR-407,7.6,Plena Noite,Crescente,Nublado,Simples,Reta,-9.467919,-40.48086,DEL06-PE,Risco Alto,Baixa
quinta-feira,BR-402,178.0,Plena Noite,Decrescente,Céu Claro,Simples,Reta,-3.123899,-40.1276,DEL01-CE,Risco Alto,Baixa
quinta-feira,BR-153,499.0,Plena Noite,Crescente,Céu Claro,Dupla,Reta,-16.7033,-49.2311,DEL01-GO,Risco Médio,Alta
terça-feira,BR-153,535.0,Plena Noite,Crescente,Nublado,Dupla,Reta,-17.01,-49.2202,DEL01-GO,Risco Médio,Alta
sábado,BR-282,411.0,Plena Noite,Decrescente,Céu Claro,Simples,Reta,-27.0592,-51.68005,DEL07-SC,Risco Médio,Baixa
domingo,BR-235,28.0,Plena Noite,Crescente,Céu Claro,Dupla,Curva,-10.79377,-37.2787,DEL01-SE,Risco Médio,Baixa
domingo,BR-316,3.3,Pleno dia,Crescente,Céu Claro,Simples,Viaduto,-5.135587,-42.7898,DEL01-PI,Risco Médio,Baixa
terça-feira,BR-407,129.0,Plena Noite,Crescente,Céu Claro,Simples,Não Informado,-9.399915,-40.50493,DEL06-PE,Risco Médio,Baixa
domingo,BR-423,27.1,Pleno dia,Crescente,Céu Claro,Simples,Reta,-9.196392,-37.52343,DEL03-AL,Risco Alto,Baixa
quarta-feira,BR-40,526.5,Pleno dia,Crescente,Nublado,Múltipla,Reta,-19.8983,-44.04998,DEL01-MG,Risco Médio,Alta
quinta-feira,BR-40,569.0,Pleno dia,Crescente,Céu Claro,Simples,Reta,-20.20394,-43.97409,DEL01-MG,Risco Médio,Alta
terça-feira,BR-277,206.4,Pleno dia,Decrescente,Nublado,Simples,Curva,-25.46067,-50.33162,DEL03-PR,Risco Baixo,Média
domingo,BR-40,351.0,Plena Noite,Crescente,Céu Claro,Simples,Reta,-18.72775,-44.92991,DEL02-MG,Risco Alto,Alta
quinta-feira,BR-116,12.0,Plena Noite,Crescente,Céu Claro,Dupla,Reta,-25.3755,-49.1496,DEL01-PR,Risco Baixo,Alta
domingo,BR-343,12.0,Pleno dia,Crescente,Céu Claro,Simples,Interseção de vias,-2.910035,-41.75366,DEL05-PI,Risco Médio,Baixa
sexta-feira,BR-424,90.1,Pleno dia,Decrescente,Céu Claro,Simples,Não Informado,-8.896357,-36.50158,DEL03-PE,Risco Médio,Baixa
quinta-feira,BR-101,209.5,Pleno dia,Decrescente,Sol,Múltipla,Reta,-27.6085,-48.63729,DEL01-SC,Risco Médio,Alta
terça-feira,BR-101,716.0,Pleno dia,Decrescente,Sol,Múltipla,Não Informado,-16.3555,-39.5795,DEL09-BA,Risco Médio,Alta
segunda-feira,BR-40,77.0,Pleno dia,Crescente,Céu Claro,Dupla,Retorno Regulamentado,-22.48006,-43.23544,DEL06-RJ,Risco Médio,Alta
domingo,BR-324,614.5,Pleno dia,Decrescente,Nublado,Dupla,Reta,-12.88505,-38.43626,DEL01-BA,Risco Médio,Baixa
quarta-feira,BR-40,129.8,Pleno dia,Decrescente,Céu Claro,Simples,Reta,-17.70526,-46.2893,DEL14-MG,Risco Médio,Alta
quinta-feira,BR-262,443.9,Pleno dia,Decrescente,Sol,Dupla,Reta,-19.88065,-44.92197,DEL08-MG,Risco Médio,Média
quarta-feira,BR-364,645.0,Pleno dia,Decrescente,Céu Claro,Simples,Reta,-8.96616,-63.42678,DEL03-RO,Risco Médio,Alta
quinta-feira,BR-364,139.0,Pleno dia,Crescente,Ignorado,Simples,Rotatória,-9.953593,-67.8612,DEL01-AC,Risco Médio,Alta
segunda-feira,BR-110,242.0,Anoitecer,Decrescente,Céu Claro,Simples,Reta,-9.157352,-38.28225,DEL07-BA,Risco Médio,Baixa
quinta-feira,BR-116,526.0,Pleno dia,Crescente,Céu Claro,Simples,Rotatória,-31.74269,-52.39886,DEL07-RS,Risco Médio,Alta
terça-feira,BR-163,833.0,Pleno dia,Crescente,Céu Claro,Simples,Reta,-12.00483,-55.51713,DEL06-MT,Risco Médio,Alta
segunda-feira,BR-428,180.7,Plena Noite,Crescente,Céu Claro,Simples,Reta,-9.306455,-40.45303,DEL06-PE,Risco Médio,Baixa
quinta-feira,BR-101,137.4,Pleno dia,Crescente,Céu Claro,Simples,Não Informado,-9.79208,-36.10706,DEL02-AL,Risco Médio,Alta
sábado,BR-20,121.0,Plena Noite,Crescente,Céu Claro,Simples,Desvio Temporário,-5.718456,-40.13566,DEL02-CE,Risco Baixo,Baixa
quarta-feira,BR-116,736.0,Pleno dia,Crescente,Chuva,Simples,Curva,-14.36043,-40.3394,DEL08-BA,Risco Médio,Alta
terça-feira,BR-101,908.5,Plena Noite,Crescente,Céu Claro,Simples,Reta,-17.7905,-39.7796,DEL09-BA,Risco Médio,Alta
segunda-feira,BR-40,320.0,Plena Noite,Decrescente,Nublado,Simples,Desvio Temporário,-18.51803,-45.0769,DEL14-MG,Risco Médio,Alta
sábado,BR-153,39.6,Pleno dia,Decrescente,Céu Claro,Simples,Interseção de vias,-20.61768,-49.33342,DEL09-SP,Risco Médio,Alta
sexta-feira,BR-116,524.9,Pleno dia,Crescente,Céu Claro,Simples,Curva,-19.75541,-42.13303,DEL06-MG,Risco Médio,Alta
segunda-feira,BR-174,285.5,Pleno dia,Decrescente,Céu Claro,Simples,Reta,1.413336,-60.66381,DEL01-RR,Risco Médio,Baixa
sexta-feira,BR-116,174.0,Pleno dia,Crescente,Céu Claro,Dupla,Reta,-22.76523,-43.41529,DEL01-RJ,Risco Médio,Alta
quinta-feira,BR-232,95.0,Pleno dia,Crescente,Céu Claro,Dupla,Curva,-8.227716,-35.69932,DEL01-PE,Risco Baixo,Baixa
domingo,BR-308,151.0,Plena Noite,Crescente,Céu Claro,Simples,Reta,-1.21064,-47.18274,DEL01-PA,Risco Médio,Baixa
sexta-feira,BR-153,575.0,Pleno dia,Crescente,Céu Claro,Simples,Não Informado,-10.87325,-48.90596,DEL01-TO,Risco Médio,Alta
segunda-feira,BR-232,9.0,Plena Noite,Crescente,Céu Claro,Dupla,Reta,-8.077644,-34.97864,DEL01-PE,Risco Baixo,Baixa
quarta-feira,BR-50,178.2,Pleno dia,Crescente,Céu Claro,Dupla,Desvio Temporário,-19.77897,-47.94094,DEL13-MG,Risco Médio,Média
segunda-feira,BR-468,120.9,Anoitecer,Crescente,Céu Claro,Simples,Curva,-27.40703,-54.03577,DEL08-RS,Risco Médio,Baixa
domingo,BR-376,179.3,Plena Noite,Decrescente,Céu Claro,Dupla,Reta,-23.42008,-51.91034,DEL07-PR,Risco Médio,Baixa
domingo,BR-116,347.0,Pleno dia,Crescente,Céu Claro,Dupla,Curva,-24.04699,-47.19706,DEL04-SP,Risco Médio,Alta
domingo,BR-116,675.1,Plena Noite,Crescente,Nublado,Simples,Curva,-20.90348,-42.35057,DEL07-MG,Risco Médio,Alta
quarta-feira,BR-230,173.0,Anoitecer,Decrescente,Céu Claro,Simples,Reta,-7.178223,-36.01936,DEL02-PB,Risco Médio,Baixa
terça-feira,BR-277,518.0,Plena Noite,Crescente,Céu Claro,Simples,Rotatória,-25.1039,-52.8686,DEL04-PR,Risco Médio,Média
sexta-feira,BR-158,137.0,Pleno dia,Decrescente,Chuva,Simples,Reta,-27.12052,-53.21461,DEL07-SC,Risco Baixo,Baixa
sábado,BR-364,1038.0,Plena Noite,Crescente,Céu Claro,Simples,Reta,-9.770519,-66.3376,DEL01-RO,Risco Médio,Alta
domingo,BR-116,551.0,Pleno dia,Decrescente,Céu Claro,Simples,Curva,-24.9663,-48.46949,DEL05-SP,Risco Médio,Alta
segunda-feira,BR-251,18.7,Plena Noite,Decrescente,Céu Claro,Simples,Reta,-16.17513,-47.47277,DEL01-DF,Risco Alto,Baixa
sábado,BR-235,347.0,Pleno dia,Crescente,Céu Claro,Simples,Reta,-9.448257,-40.48923,DEL07-BA,Risco Médio,Baixa
quarta-feira,BR-470,223.5,Plena Noite,Crescente,Chuva,Simples,Reta,-27.32383,-50.33875,DEL02-SC,Risco Médio,Baixa
sexta-feira,BR-116,161.4,Pleno dia,Decrescente,Nublado,Simples,Ponte,-16.94237,-41.4596,DEL11-MG,Risco Médio,Alta
terça-feira,BR-470,45.0,Pleno dia,Decrescente,Nublado,Simples,Reta,-26.86039,-49.03762,DEL04-SC,Risco Médio,Baixa
sexta-feira,BR-381,479.6,Plena Noite,Crescente,Céu Claro,Múltipla,Reta,-19.9589,-44.0692,DEL01-MG,Risco Médio,Alta
sexta-feira,BR-381,45.0,Anoitecer,Crescente,Céu Claro,Dupla,Reta,-23.17274,-46.57748,DEL03-SP,Risco Médio,Alta
segunda-feira,BR-20,205.8,Pleno dia,Decrescente,Céu Claro,Simples,Curva,-5.127904,-39.73254,DEL02-CE,Risco Médio,Baixa
sexta-feira,BR-222,2.9,Anoitecer,Decrescente,Nublado,Múltipla,Reta,-3.74016,-38.5943,DEL01-CE,Risco Médio,Baixa
domingo,BR-163,419.6,Plena Noite,Crescente,Céu Claro,Simples,Reta,-20.99999,-54.50767,DEL01-MS,Risco Médio,Alta
domingo,BR-101,83.0,Plena Noite,Crescente,Céu Claro,Dupla,Reta,-5.7696,-35.2702,DEL02-RN,Risco Médio,Alta
quinta-feira,BR-116,537.0,Pleno dia,Crescente,Nublado,Simples,Reta,-12.76347,-39.80608,DEL03-BA,Risco Médio,Alta
quinta-feira,BR-10,217.0,Amanhecer,Crescente,Céu Claro,Simples,Não Informado,-2.531868,-47.50025,DEL02-PA,Risco Baixo,Baixa
domingo,BR-116,86.8,Anoitecer,Crescente,Nublado,Dupla,Reta,-22.92992,-45.35981,DEL06-SP,Risco Médio,Alta
sábado,BR-365,5.4,Pleno dia,Crescente,Céu Claro,Simples,Não Informado,-16.80972,-43.90467,DEL12-MG,Risco Médio,Média
domingo,BR-116,24.0,Plena Noite,Crescente,Céu Claro,Simples,Reta,-8.052562,-39.13718,DEL05-PE,Risco Médio,Alta
sexta-feira,BR-70,2.9,Plena Noite,Crescente,Céu Claro,Dupla,Não Informado,-15.76702,-48.22995,DEL01-DF,Risco Médio,Baixa
sexta-feira,BR-290,99.0,Pleno dia,Crescente,Céu Claro,Dupla,Reta,-29.99176,-51.22699,DEL01-RS,Risco Baixo,Baixa
domingo,BR-470,25.3,Pleno dia,Decrescente,Céu Claro,Dupla,Reta,-26.88376,-48.86599,DEL04-SC,Risco Médio,Baixa
terça-feira,BR-304,211.0,Pleno dia,Crescente,Céu Claro,Simples,Não Informado,-5.747003,-36.07034,DEL01-RN,Risco Médio,Baixa
domingo,BR-101,295.0,Plena Noite,Crescente,Nublado,Dupla,Curva,-22.76365,-42.90224,DEL02-RJ,Risco Médio,Alta
terça-feira,BR-235,51.5,Anoitecer,Crescente,Chuva,Simples,Reta,-10.69915,-37.4326,DEL01-SE,Risco Médio,Baixa
domingo,BR-116,89.5,Plena Noite,Decrescente,Nublado,Simples,Curva,-16.34248,-41.47615,DEL11-MG,Risco Médio,Alta
quinta-feira,BR-316,16.0,Anoitecer,Decrescente,Garoa/Chuvisco,Dupla,Reta,-1.364718,-48.30332,DEL01-PA,Risco Médio,Baixa
quarta-feira,BR-369,152.0,Plena Noite,Decrescente,Céu Claro,Dupla,Reta,-23.30695,-51.2011,DEL07-PR,Risco Baixo,Baixa
sexta-feira,BR-101,207.1,Pleno dia,Crescente,Céu Claro,Múltipla,Reta,-27.60001,-48.62265,DEL01-SC,Risco Médio,Alta
quinta-feira,BR-222,2.0,Plena Noite,Crescente,Céu Claro,Dupla,Reta,-3.739111,-38.58687,DEL01-CE,Risco Médio,Baixa
domingo,BR-101,241.7,Plena Noite,Crescente,Chuva,Dupla,Reta,-27.86672,-48.64607,DEL01-SC,Risco Médio,Alta
segunda-feira,BR-230,366.5,Anoitecer,Decrescente,Céu Claro,Simples,Curva,-6.907811,-37.50744,DEL03-PB,Risco Alto,Baixa
sexta-feira,BR-110,145.0,Plena Noite,Decrescente,Céu Claro,Simples,Não Informado,-10.65947,-38.41422,DEL07-BA,Risco Médio,Baixa
sexta-feira,BR-381,851.0,Pleno dia,Decrescente,Céu Claro,Dupla,Reta,-22.25665,-45.88889,DEL16-MG,Risco Baixo,Alta
sexta-feira,BR-282,18.0,Pleno dia,Crescente,Nublado,Simples,Reta,-27.6728,-48.69429,DEL01-SC,Risco Médio,Baixa
domingo,BR-222,581.0,Plena Noite,Crescente,Céu Claro,Simples,Reta,-4.466751,-46.85431,DEL04-MA,Risco Médio,Baixa
domingo,BR-262,393.7,Pleno dia,Crescente,Céu Claro,Múltipla,Reta,-19.9021,-44.54633,DEL01-MG,Risco Médio,Média
terça-feira,BR-101,110.0,Pleno dia,Decrescente,Nublado,Simples,Reta,-7.352556,-34.94941,DEL01-PB,Risco Médio,Alta
domingo,BR-70,19.6,Plena Noite,Decrescente,Céu Claro,Dupla,Não Informado,-15.78917,-48.22642,DEL01-DF,Risco Médio,Baixa
sábado,BR-153,144.7,Pleno dia,Crescente,Nublado,Simples,Curva,-24.11589,-50.24469,DEL07-PR,Risco Médio,Alta
segunda-feira,BR-101,145.0,Plena Noite,Decrescente,Céu Claro,Múltipla,Reta,-19.35972,-40.06427,DEL04-ES,Risco Alto,Alta
sábado,BR-163,251.0,Anoitecer,Decrescente,Céu Claro,Simples,Reta,-22.29689,-54.82117,DEL04-MS,Risco Médio,Alta
sexta-feira,BR-116,136.0,Plena Noite,Crescente,Céu Claro,Dupla,Rotatória,-22.64989,-43.1725,DEL01-RJ,Risco Baixo,Alta
sábado,BR-153,695.7,Plena Noite,Decrescente,Céu Claro,Dupla,Reta,-18.3517,-49.2189,DEL03-GO,Risco Alto,Alta
segunda-feira,BR-101,430.0,Pleno dia,Crescente,Céu Claro,Simples,Curva,-22.9371,-44.01084,DEL03-RJ,Risco Médio,Alta
segunda-feira,BR-101,372.0,Pleno dia,Crescente,Nublado,Simples,Reta,-20.788,-40.7896,DEL03-ES,Risco Médio,Alta
sábado,BR-290,336.0,Plena Noite,Crescente,Céu Claro,Simples,Reta,-30.37232,-53.5388,DEL09-RS,Risco Baixo,Baixa
domingo,BR-101,436.0,Plena Noite,Decrescente,Céu Claro,Simples,Reta,-29.10517,-49.63625,DEL02-SC,Risco Baixo,Alta
sábado,BR-364,209.9,Pleno dia,Crescente,Sol,Dupla,Curva,-16.42895,-54.69338,DEL02-MT,Risco Alto,Alta
sexta-feira,BR-116,145.0,Pleno dia,Decrescente,Nublado,Dupla,Reta,-23.1861,-45.8528,DEL02-SP,Risco Médio,Alta
quarta-feira,BR-232,60.7,Pleno dia,Crescente,Céu Claro,Dupla,Reta,-8.147884,-35.40768,DEL02-PE,Risco Baixo,Baixa
quinta-feira,BR-60,201.7,Pleno dia,Crescente,Chuva,Dupla,Curva,-16.8815,-49.6179,DEL01-GO,Risco Médio,Média
domingo,BR-364,486.0,Pleno dia,Decrescente,Céu Claro,Simples,Reta,-15.35831,-56.4122,DEL01-MT,Risco Médio,Alta
segunda-feira,BR-101,80.0,Plena Noite,Crescente,Garoa/Chuvisco,Dupla,Reta,-8.151126,-34.94289,DEL01-PE,Risco Médio,Alta
domingo,BR-60,47.0,Plena Noite,Decrescente,Céu Claro,Dupla,Não Informado,-16.1464,-48.6047,DEL02-GO,Risco Médio,Média
segunda-feira,BR-262,87.3,Pleno dia,Crescente,Céu Claro,Simples,Não Informado,-20.33321,-42.43765,DEL03-MG,Risco Baixo,Média
sábado,BR-470,16.0,Pleno dia,Decrescente,Céu Claro,Simples,Reta,-26.84302,-48.79443,DEL04-SC,Risco Médio,Baixa
domingo,BR-280,165.5,Plena Noite,Crescente,Céu Claro,Simples,Reta,-26.18505,-49.81197,DEL06-SC,Risco Baixo,Baixa
quinta-feira,BR-101,131.0,Plena Noite,Crescente,Céu Claro,Dupla,Reta,-26.99064,-48.66311,DEL04-SC,Risco Médio,Alta
terça-feira,BR-222,4.0,Pleno dia,Crescente,Céu Claro,Dupla,Reta,-3.741648,-38.6045,DEL01-CE,Risco Médio,Baixa
domingo,BR-407,110.0,Amanhecer,Crescente,Chuva,Simples,Reta,-9.26444,-40.60269,DEL06-PE,Risco Médio,Baixa
sábado,BR-116,271.0,Plena Noite,Crescente,Garoa/Chuvisco,Dupla,Reta,-23.61809,-46.80556,DEL04-SP,Risco Médio,Alta
quarta-feira,BR-267,203.6,Pleno dia,Decrescente,Nublado,Simples,Não Informado,-21.58905,-53.97773,DEL02-MS,Risco Médio,Baixa
quinta-feira,BR-116,22.2,Plena Noite,Crescente,Céu Claro,Dupla,Curva,-22.58473,-44.87886,DEL08-SP,Risco Baixo,Alta
sábado,BR-423,100.0,Pleno dia,Crescente,Garoa/Chuvisco,Simples,Reta,-8.874771,-36.52085,DEL03-PE,Risco Médio,Baixa
sexta-feira,BR-230,121.0,Pleno dia,Decrescente,Céu Claro,Dupla,Reta,-5.352974,-49.12144,DEL03-PA,Risco Médio,Baixa
quarta-feira,BR-381,340.3,Plena Noite,Crescente,Nublado,Simples,Reta,-19.80966,-43.06344,DEL03-MG,Risco Médio,Alta
quinta-feira,BR-364,612.0,Pleno dia,Decrescente,Garoa/Chuvisco,Simples,Reta,-9.14091,-63.23951,DEL03-RO,Risco Baixo,Alta
terça-feira,BR-101,455.0,Plena Noite,Crescente,Céu Claro,Dupla,Reta,-29.21441,-49.75854,DEL02-SC,Risco Baixo,Alta
terça-feira,BR-101,434.2,Pleno dia,Crescente,Céu Claro,Dupla,Reta,-29.09075,-49.63226,DEL02-SC,Risco Médio,Alta
quarta-feira,BR-101,45.4,Anoitecer,Crescente,Chuva,Dupla,Desvio Temporário,-26.35351,-48.85869,DEL03-SC,Risco Baixo,Alta
segunda-feira,BR-222,4.2,Pleno dia,Crescente,Céu Claro,Múltipla,Reta,-3.740171,-38.60636,DEL01-CE,Risco Médio,Baixa
domingo,BR-493,68.0,Plena Noite,Crescente,Ignorado,Dupla,Reta,-22.68217,-43.46646,DEL01-RJ,Risco Médio,Baixa
quinta-feira,BR-116,43.0,Pleno dia,Crescente,Sol,Dupla,Reta,-22.69718,-45.03014,DEL08-SP,Risco Baixo,Alta
domingo,BR-232,325.0,Plena Noite,Decrescente,Céu Claro,Simples,Reta,-8.092507,-37.57562,DEL04-PE,Risco Médio,Baixa
sábado,BR-116,179.2,Plena Noite,Crescente,Céu Claro,Múltipla,Reta,-22.74706,-43.44531,DEL01-RJ,Risco Alto,Alta
domingo,BR-316,202.0,Plena Noite,Crescente,Céu Claro,Simples,Não Informado,-1.55277,-46.87336,DEL01-PA,Risco Alto,Baixa
sábado,BR-324,512.0,Pleno dia,Crescente,Nublado,Simples,Reta,-12.2313,-38.95939,DEL02-BA,Risco Médio,Baixa
terça-feira,BR-163,182.9,Plena Noite,Decrescente,Nevoeiro/Neblina,Dupla,Curva,-25.13514,-53.58401,DEL04-PR,Risco Médio,Alta
sexta-feira,BR-230,356.0,Plena Noite,Crescente,Céu Claro,Simples,Ponte,-4.061994,-50.29497,DEL03-PA,Risco Alto,Baixa
terça-feira,BR-116,225.0,Plena Noite,Decrescente,Céu Claro,Dupla,Reta,-23.48587,-46.54075,DEL01-SP,Risco Médio,Alta
sábado,BR-262,86.6,Pleno dia,Crescente,Céu Claro,Simples,Curva,-20.39846,-40.99222,DEL01-ES,Risco Médio,Média
segunda-feira,BR-364,425.0,Pleno dia,Decrescente,Céu Claro,Simples,Reta,-10.43752,-62.4717,DEL03-RO,Risco Médio,Alta