dia_semana,br,km,fase_dia,sentido_via,condicao_metereologica,tipo_pista,tracado_via,latitude,longitude,delegacia,classificacao_acidente,postos_policiais_PRF
sábado,BR-476,136.0,Pleno dia,Crescente,Sol,Dupla,Reta,-25.49105,-49.27168,DEL01-PR,Risco Médio,Baixa
sábado,BR-262,582.7,Pleno dia,Crescente,Chuva,Simples,Reta,-19.65951,-46.08816,DEL08-MG,Risco Médio,Média
quarta-feira,BR-101,550.0,Pleno dia,Decrescente,Nublado,Simples,Reta,-15.09241,-39.34823,DEL05-BA,Risco Médio,Alta
sexta-feira,BR-101,42.0,Pleno dia,Crescente,Céu Claro,Dupla,Reta,-26.32358,-48.86822,DEL03-SC,Risco Médio,Alta
terça-feira,BR-369,143.7,Plena Noite,Decrescente,Céu Claro,Dupla,Não Informado,-23.29313,-51.10063,DEL07-PR,Risco Médio,Baixa
segunda-feira,BR-364,711.7,Pleno dia,Crescente,Céu Claro,Dupla,Reta,-8.777613,-63.87166,DEL01-RO,Risco Médio,Alta
segunda-feira,BR-386,352.7,Plena Noite,Crescente,Nublado,Dupla,Rotatória,-29.49889,-51.95028,DEL04-RS,Risco Médio,Média
domingo,BR-472,408.0,Plena Noite,Decrescente,Chuva,Simples,Reta,-28.71498,-56.00773,DEL12-RS,Risco Alto,Baixa
quarta-feira,BR-470,63.3,Plena Noite,Crescente,Céu Claro,Simples,Reta,-26.8724,-49.19228,DEL04-SC,Risco Médio,Baixa
segunda-feira,BR-70,6.7,Pleno dia,Crescente,Céu Claro,Dupla,Rotatória,-15.8778,-52.31368,DEL07-MT,Risco Médio,Baixa
sexta-feira,BR-386,366.1,Plena Noite,Decrescente,Céu Claro,Dupla,Interseção de vias,-29.58122,-51.84049,DEL04-RS,Risco Médio,Média
sexta-feira,BR-267,185.8,Pleno dia,Crescente,Céu Claro,Simples,Curva,-21.9167,-43.97838,DEL05-MG,Risco Médio,Baixa
terça-feira,BR-40,411.3,Anoitecer,Crescente,Céu Claro,Simples,Não Informado,-19.12285,-44.63864,DEL02-MG,Risco Baixo,Alta
quarta-feira,BR-101,97.0,Pleno dia,Crescente,Céu Claro,Múltipla,Reta,-5.849496,-35.20891,DEL01-RN,Risco Médio,Alta
sábado,BR-262,47.0,Plena Noite,Decrescente,Céu Claro,Simples,Retorno Regulamentado,-20.41151,-40.67998,DEL01-ES,Risco Baixo,Média
quinta-feira,BR-101,67.4,Pleno dia,Decrescente,Chuva,Múltipla,Reta,-8.042334,-34.9431,DEL01-PE,Risco Médio,Alta
domingo,BR-116,222.0,Pleno dia,Decrescente,Chuva,Dupla,Reta,-22.6897,-43.79175,DEL07-RJ,Risco Médio,Alta
quinta-feira,BR-116,116.0,Plena Noite,Decrescente,Nublado,Múltipla,Reta,-25.55468,-49.27402,DEL01-PR,Risco Baixo,Alta
segunda-feira,BR-163,578.0,Amanhecer,Crescente,Ignorado,Simples,Reta,-13.9957,-56.097,DEL01-MT,Risco Baixo,Alta
sábado,BR-277,634.4,Pleno dia,Crescente,Céu Claro,Simples,Curva,-25.13567,-53.82599,DEL05-PR,Risco Médio,Média
segunda-feira,BR-414,437.0,Pleno dia,Decrescente,Céu Claro,Simples,Reta,-16.2584,-48.937,DEL02-GO,Risco Médio,Baixa
domingo,BR-101,100.3,Pleno dia,Decrescente,Céu Claro,Dupla,Desvio Temporário,-10.93091,-37.18494,DEL02-SE,Risco Médio,Alta
quinta-feira,BR-116,18.0,Anoitecer,Decrescente,Nublado,Múltipla,Não Informado,-25.38881,-49.2009,DEL01-PR,Risco Médio,Alta
sábado,BR-470,124.1,Plena Noite,Crescente,Chuva,Simples,Desvio Temporário,-27.11319,-49.52916,DEL04-SC,Risco Baixo,Baixa
quinta-feira,BR-381,390.0,Pleno dia,Decrescente,Céu Claro,Dupla,Reta,-19.77537,-43.4432,DEL01-MG,Risco Médio,Alta
sexta-feira,BR-158,81.0,Anoitecer,Decrescente,Céu Claro,Simples,Não Informado,-19.57273,-51.23869,DEL08-MS,Risco Alto,Baixa
segunda-feira,BR-20,406.1,Plena Noite,Decrescente,Céu Claro,Dupla,Interseção de vias,-3.767609,-38.66562,DEL01-CE,Risco Médio,Baixa
sábado,BR-101,98.5,Plena Noite,Crescente,Céu Claro,Dupla,Reta,-26.73761,-48.69919,DEL03-SC,Risco Médio,Alta
segunda-feira,BR-116,286.0,Plena Noite,Decrescente,Céu Claro,Dupla,Reta,-23.69369,-46.86371,DEL04-SP,Risco Baixo,Alta
sexta-feira,BR-101,57.0,Pleno dia,Decrescente,Céu Claro,Dupla,Reta,-7.963462,-34.91513,DEL01-PE,Risco Baixo,Alta
segunda-feira,BR-376,504.0,Pleno dia,Decrescente,Nublado,Dupla,Reta,-25.23024,-50.04503,DEL03-PR,Risco Baixo,Baixa
terça-feira,BR-381,505.5,Pleno dia,Crescente,Sol,Dupla,Reta,-20.0384,-44.2529,DEL01-MG,Risco Alto,Alta
quarta-feira,BR-354,733.3,Pleno dia,Crescente,Chuva,Simples,Reta,-22.17638,-44.97442,DEL16-MG,Risco Médio,Baixa
segunda-feira,BR-101,193.9,Pleno dia,Crescente,Nublado,Dupla,Reta,-27.4975,-48.65707,DEL01-SC,Risco Médio,Alta
terça-feira,BR-101,55.4,Pleno dia,Crescente,Nublado,Dupla,Reta,-6.9728,-35.0805,DEL01-PB,Risco Médio,Alta
segunda-feira,BR-101,142.9,Plena Noite,Decrescente,Céu Claro,Dupla,Reta,-19.36565,-40.06519,DEL04-ES,Risco Baixo,Alta
terça-feira,BR-116,172.0,Plena Noite,Crescente,Céu Claro,Múltipla,Reta,-22.80188,-43.35044,DEL01-RJ,Risco Médio,Alta
sábado,BR-163,853.8,Plena Noite,Decrescente,Céu Claro,Simples,Reta,-11.69706,-55.45247,DEL06-MT,Risco Médio,Alta
segunda-feira,BR-116,40.0,Plena Noite,Crescente,Nublado,Simples,Curva,-22.13343,-42.77952,DEL04-RJ,Risco Baixo,Alta
sexta-feira,BR-251,369.5,Plena Noite,Decrescente,Céu Claro,Simples,Reta,-16.27298,-42.66026,DEL12-MG,Risco Médio,Baixa
segunda-feira,BR-316,312.0,Pleno dia,Decrescente,Céu Claro,Simples,Reta,-7.079238,-41.4489,DEL04-PI,Risco Médio,Baixa
quarta-feira,BR-70,398.3,Pleno dia,Decrescente,Céu Claro,Simples,Reta,-15.66271,-55.97045,DEL05-MT,Risco Médio,Baixa
quarta-feira,BR-153,7.0,Pleno dia,Crescente,Sol,Múltipla,Reta,-18.48097,-49.18868,DEL15-MG,Risco Médio,Alta
domingo,BR-316,24.0,Anoitecer,Decrescente,Céu Claro,Simples,Reta,-1.345997,-48.25153,DEL01-PA,Risco Médio,Baixa
quinta-feira,BR-476,115.0,Pleno dia,Decrescente,Nublado,Dupla,Reta,-25.5453,-49.30366,DEL01-PR,Risco Médio,Baixa
quinta-feira,BR-116,239.0,Plena Noite,Decrescente,Chuva,Múltipla,Retorno Regulamentado,-22.65832,-43.8897,DEL07-RJ,Risco Médio,Alta
quinta-feira,BR-407,222.0,Pleno dia,Decrescente,Sol,Simples,Reta,-11.2759,-40.02211,DEL04-BA,Risco Médio,Baixa
quinta-feira,BR-343,1.7,Pleno dia,Crescente,Céu Claro,Dupla,Interseção de vias,-5.081296,-42.76595,DEL05-PI,Risco Baixo,Baixa
sexta-feira,BR-480,72.7,Plena Noite,Decrescente,Chuva,Simples,Reta,-27.64068,-52.30016,DEL08-RS,Risco Médio,Baixa
segunda-feira,BR-116,96.4,Plena Noite,Crescente,Garoa/Chuvisco,Dupla,Reta,-25.50784,-49.12542,DEL01-PR,Risco Médio,Alta
sábado,BR-282,217.7,Pleno dia,Decrescente,Céu Claro,Simples,Não Informado,-27.79792,-50.30294,DEL05-SC,Risco Alto,Baixa
sexta-feira,BR-101,62.0,Plena Noite,Decrescente,Chuva,Simples,Reta,-21.73473,-41.32504,DEL08-RJ,Risco Médio,Alta
segunda-feira,BR-262,618.8,Plena Noite,Crescente,Céu Claro,Simples,Reta,-19.96734,-56.83602,DEL03-MS,Risco Médio,Média
segunda-feira,BR-386,53.0,Plena Noite,Crescente,Céu Claro,Simples,Curva,-27.51727,-53.3769,DEL08-RS,Risco Baixo,Média
quarta-feira,BR-101,304.0,Pleno dia,Crescente,Sol,Dupla,Reta,-20.38006,-40.45431,DEL01-ES,Risco Baixo,Alta
domingo,BR-392,693.0,Anoitecer,Decrescente,Céu Claro,Simples,Reta,-28.10699,-55.02767,DEL10-RS,Risco Médio,Média
segunda-feira,BR-40,98.0,Pleno dia,Decrescente,Nublado,Dupla,Reta,-22.58578,-43.2705,DEL01-RJ,Risco Médio,Alta
segunda-feira,BR-116,327.0,Pleno dia,Decrescente,Chuva,Dupla,Curva,-22.4968,-44.6436,DEL07-RJ,Risco Médio,Alta
quarta-feira,BR-116,584.5,Pleno dia,Crescente,Céu Claro,Simples,Reta,-32.06439,-52.87612,DEL07-RS,Risco Médio,Alta
segunda-feira,BR-158,328.4,Anoitecer,Decrescente,Céu Claro,Múltipla,Não Informado,-29.71113,-53.81968,DEL09-RS,Risco Médio,Baixa
segunda-feira,BR-101,101.0,Pleno dia,Decrescente,Chuva,Dupla,Reta,-21.88787,-41.59598,DEL08-RJ,Risco Médio,Alta
quarta-feira,BR-405,129.0,Plena Noite,Crescente,Céu Claro,Simples,Não Informado,-5.95022,-38.12311,DEL04-RN,Risco Baixo,Baixa
sexta-feira,BR-174,940.0,Pleno dia,Crescente,Nublado,Simples,Reta,-2.487206,-60.03295,DEL01-AM,Risco Médio,Baixa
sexta-feira,BR-386,405.2,Pleno dia,Crescente,Chuva,Dupla,Curva,-29.77722,-51.56083,DEL04-RS,Risco Baixo,Média
quarta-feira,BR-40,471.1,Pleno dia,Crescente,Nublado,Simples,Desvio Temporário,-19.47544,-44.29067,DEL02-MG,Risco Médio,Alta
quarta-feira,BR-163,18.0,Anoitecer,Decrescente,Céu Claro,Simples,Reta,-23.94186,-54.28068,DEL09-MS,Risco Médio,Alta
quarta-feira,BR-101,215.5,Pleno dia,Decrescente,Céu Claro,Múltipla,Viaduto,-27.6601,-48.6774,DEL01-SC,Risco Médio,Alta
domingo,BR-60,75.0,Pleno dia,Decrescente,Céu Claro,Dupla,Reta,-16.2774,-48.7864,DEL02-GO,Risco Baixo,Média
terça-feira,BR-376,437.0,Pleno dia,Crescente,Chuva,Dupla,Não Informado,-24.78938,-50.50455,DEL03-PR,Risco Médio,Baixa
segunda-feira,BR-158,237.4,Pleno dia,Crescente,Céu Claro,Simples,Curva,-29.00219,-53.64609,DEL10-RS,Risco Médio,Baixa
quarta-feira,BR-280,35.2,Pleno dia,Decrescente,Céu Claro,Simples,Interseção de vias,-26.43448,-48.80454,DEL03-SC,Risco Médio,Baixa
quinta-feira,BR-262,355.0,Pleno dia,Crescente,Céu Claro,Dupla,Reta,-19.96467,-44.17285,DEL01-MG,Risco Baixo,Média
terça-feira,BR-381,513.0,Anoitecer,Crescente,Nublado,Simples,Não Informado,-20.07369,-44.30151,DEL01-MG,Risco Baixo,Alta
quinta-feira,BR-116,238.0,Pleno dia,Crescente,Céu Claro,Simples,Interseção de vias,-29.6874,-51.14197,DEL01-RS,Risco Médio,Alta
segunda-feira,BR-101,730.0,Pleno dia,Decrescente,Céu Claro,Simples,Não Informado,-16.6281,-39.52485,DEL09-BA,Risco Médio,Alta
terça-feira,BR-40,508.3,Pleno dia,Decrescente,Céu Claro,Dupla,Reta,-19.76567,-44.12956,DEL01-MG,Risco Médio,Alta
sexta-feira,BR-470,192.8,Pleno dia,Decrescente,Chuva,Simples,Curva,-27.29332,-50.07868,DEL04-SC,Risco Médio,Baixa
quarta-feira,BR-316,5.0,Pleno dia,Decrescente,Nublado,Dupla,Reta,-1.3809,-48.3991,DEL01-PA,Risco Médio,Baixa
segunda-feira,BR-101,175.0,Plena Noite,Crescente,Céu Claro,Dupla,Reta,-19.58855,-40.19197,DEL04-ES,Risco Alto,Alta
sexta-feira,BR-277,27.5,Pleno dia,Crescente,Céu Claro,Dupla,Curva,-25.55111,-48.78273,DEL01-PR,Risco Médio,Média
segunda-feira,BR-369,154.6,Pleno dia,Decrescente,Céu Claro,Dupla,Reta,-23.29676,-51.20517,DEL07-PR,Risco Médio,Baixa
terça-feira,BR-101,30.0,Pleno dia,Crescente,Sol,Dupla,Curva,-7.7457,-34.9381,DEL01-PE,Risco Médio,Alta
segunda-feira,BR-365,48.8,Pleno dia,Crescente,Chuva,Simples,Não Informado,-16.93287,-44.23666,DEL12-MG,Risco Médio,Média
quinta-feira,BR-116,27.3,Pleno dia,Decrescente,Nublado,Múltipla,Não Informado,-25.10991,-48.79906,DEL01-PR,Risco Baixo,Alta
sábado,BR-424,83.0,Plena Noite,Decrescente,Nublado,Simples,Reta,-8.845934,-36.52457,DEL03-PE,Risco Baixo,Baixa
segunda-feira,BR-386,367.4,Plena Noite,Decrescente,Nublado,Dupla,Reta,-29.5818,-51.83978,DEL04-RS,Risco Alto,Média
sábado,BR-116,501.9,Pleno dia,Crescente,Céu Claro,Simples,Reta,-7.516151,-38.99175,DEL05-CE,Risco Alto,Alta
segunda-feira,BR-158,0.4,Amanhecer,Crescente,Nublado,Simples,Reta,-30.87755,-55.51512,DEL11-RS,Risco Médio,Baixa
sexta-feira,BR-251,362.0,Pleno dia,Decrescente,Chuva,Simples,Curva,-16.2644,-42.6111,DEL12-MG,Risco Médio,Baixa
domingo,BR-470,66.4,Amanhecer,Decrescente,Céu Claro,Simples,Rotatória,-26.87035,-49.22742,DEL04-SC,Risco Médio,Baixa
domingo,BR-367,46.0,Anoitecer,Crescente,Céu Claro,Simples,Curva,-16.37147,-39.26194,DEL09-BA,Risco Médio,Baixa
sexta-feira,BR-423,94.5,Plena Noite,Crescente,Chuva,Simples,Reta,-8.877609,-36.47547,DEL03-PE,Risco Baixo,Baixa
domingo,BR-470,200.0,Pleno dia,Decrescente,Céu Claro,Simples,Não Informado,-29.06737,-51.57996,DEL06-RS,Risco Médio,Baixa
sexta-feira,BR-364,15.8,Pleno dia,Decrescente,Sol,Simples,Rotatória,-17.23347,-53.32208,DEL02-MT,Risco Médio,Alta
sexta-feira,BR-101,177.1,Pleno dia,Crescente,Céu Claro,Dupla,Curva,-8.602966,-35.5353,DEL01-PE,Risco Médio,Alta
quinta-feira,BR-116,60.6,Pleno dia,Crescente,Nublado,Dupla,Não Informado,-22.79411,-45.16527,DEL08-SP,Risco Médio,Alta
segunda-feira,BR-101,289.6,Pleno dia,Crescente,Sol,Dupla,Não Informado,-20.28555,-40.39269,DEL01-ES,Risco Médio,Alta
sábado,BR-364,370.0,Pleno dia,Crescente,Ignorado,Simples,Reta,-8.760126,-69.46475,DEL01-AC,Risco Baixo,Alta
quarta-feira,BR-116,222.8,Plena Noite,Decrescente,Nublado,Dupla,Reta,-23.47717,-46.52697,DEL01-SP,Risco Baixo,Alta
domingo,BR-381,431.0,Pleno dia,Crescente,Céu Claro,Simples,Curva,-19.78832,-43.73176,DEL01-MG,Risco Médio,Alta
sábado,BR-101,203.9,Plena Noite,Crescente,Chuva,Dupla,Reta,-8.795151,-35.62595,DEL01-PE,Risco Médio,Alta
domingo,BR-262,378.0,Pleno dia,Decrescente,Céu Claro,Dupla,Curva,-19.95652,-44.36483,DEL01-MG,Risco Médio,Média
domingo,BR-116,575.5,Pleno dia,Decrescente,Sol,Simples,Curva,-20.14598,-42.18538,DEL06-MG,Risco Médio,Alta
segunda-feira,BR-101,287.7,Pleno dia,Crescente,Céu Claro,Dupla,Curva,-28.26071,-48.70456,DEL02-SC,Risco Médio,Alta
terça-feira,BR-277,589.9,Plena Noite,Decrescente,Céu Claro,Simples,Reta,-24.97777,-53.44689,DEL04-PR,Risco Médio,Média
sábado,BR-232,273.0,Plena Noite,Crescente,Céu Claro,Simples,Reta,-8.399017,-37.22061,DEL03-PE,Risco Médio,Baixa
sábado,BR-277,10.1,Pleno dia,Crescente,Sol,Dupla,Reta,-25.56779,-48.61662,DEL01-PR,Risco Baixo,Média
domingo,BR-101,146.6,Plena Noite,Crescente,Céu Claro,Múltipla,Interseção de vias,-19.37554,-40.0664,DEL04-ES,Risco Médio,Alta
quarta-feira,BR-40,807.6,Plena Noite,Decrescente,Nublado,Dupla,Reta,-21.86786,-43.35553,DEL05-MG,Risco Médio,Alta
quinta-feira,BR-381,54.0,Pleno dia,Decrescente,Garoa/Chuvisco,Dupla,Não Informado,-23.24491,-46.59562,DEL03-SP,Risco Médio,Alta
quarta-feira,BR-153,494.2,Plena Noite,Crescente,Céu Claro,Dupla,Reta,-16.65524,-49.21812,DEL01-GO,Risco Médio,Alta
segunda-feira,BR-10,6.4,Plena Noite,Crescente,Céu Claro,Simples,Não Informado,-4.393088,-47.53295,DEL02-PA,Risco Médio,Baixa
quarta-feira,BR-412,6.8,Anoitecer,Crescente,Sol,Simples,Reta,-7.180256,-36.15236,DEL02-PB,Risco Médio,Baixa
segunda-feira,BR-153,501.0,Pleno dia,Decrescente,Sol,Múltipla,Reta,-16.61097,-49.20746,DEL01-GO,Risco Médio,Alta
quinta-feira,BR-116,511.0,Pleno dia,Decrescente,Sol,Dupla,Curva,-24.83558,-48.22237,DEL05-SP,Risco Médio,Alta
sexta-feira,BR-116,530.3,Plena Noite,Decrescente,Garoa/Chuvisco,Simples,Interseção de vias,-31.75908,-52.43688,DEL07-RS,Risco Médio,Alta
quarta-feira,BR-285,125.2,Pleno dia,Crescente,Céu Claro,Simples,Reta,-28.4838,-50.96035,DEL05-RS,Risco Médio,Baixa
sexta-feira,BR-101,119.0,Anoitecer,Crescente,Céu Claro,Dupla,Interseção de vias,-26.90432,-48.71555,DEL04-SC,Risco Médio,Alta
quarta-feira,BR-116,654.8,Plena Noite,Crescente,Nublado,Simples,Não Informado,-20.74986,-42.29241,DEL07-MG,Risco Médio,Alta
segunda-feira,BR-381,513.0,Pleno dia,Crescente,Céu Claro,Simples,Reta,-20.07617,-44.30376,DEL01-MG,Risco Médio,Alta
segunda-feira,BR-376,246.6,Plena Noite,Crescente,Céu Claro,Dupla,Reta,-23.60968,-51.40136,DEL07-PR,Risco Médio,Baixa
quarta-feira,BR-285,292.9,Pleno dia,Decrescente,Céu Claro,Simples,Reta,-28.23571,-52.38048,DEL08-RS,Risco Baixo,Baixa
sábado,BR-365,482.8,Pleno dia,Decrescente,Céu Claro,Simples,Curva,-18.9004,-47.05775,DEL10-MG,Risco Médio,Média
segunda-feira,BR-405,0.0,Pleno dia,Crescente,Céu Claro,Simples,Reta,-5.191467,-37.35189,DEL04-RN,Risco Médio,Baixa
segunda-feira,BR-364,498.2,Plena Noite,Decrescente,Garoa/Chuvisco,Simples,Reta,-15.21168,-56.50434,DEL01-MT,Risco Alto,Alta
domingo,BR-174,214.5,Pleno dia,Crescente,Céu Claro,Simples,Reta,-15.63368,-58.78699,DEL04-MT,Risco Médio,Baixa
sexta-feira,BR-40,92.0,Pleno dia,Crescente,Chuva,Dupla,Não Informado,-22.55192,-43.25069,DEL06-RJ,Risco Médio,Alta
sábado,BR-153,577.1,Plena Noite,Decrescente,Céu Claro,Dupla,Não Informado,-17.362,-49.2477,DEL03-GO,Risco Médio,Alta
segunda-feira,BR-116,106.6,Pleno dia,Crescente,Céu Claro,Dupla,Reta,-25.56831,-49.178,DEL01-PR,Risco Médio,Alta
quarta-feira,BR-50,70.0,Pleno dia,Decrescente,Céu Claro,Dupla,Não Informado,-18.89147,-48.25483,DEL15-MG,Risco Médio,Média
domingo,BR-222,10.5,Plena Noite,Decrescente,Céu Claro,Dupla,Reta,-3.76215,-38.65467,DEL01-CE,Risco Baixo,Baixa
sexta-feira,BR-376,245.0,Plena Noite,Crescente,Nublado,Simples,Não Informado,-23.69951,-51.71914,DEL07-PR,Risco Médio,Baixa
quarta-feira,BR-101,67.6,Pleno dia,Decrescente,Garoa/Chuvisco,Simples,Curva,-26.49287,-48.7331,DEL03-SC,Risco Baixo,Alta
sábado,BR-163,328.0,Pleno dia,Crescente,Céu Claro,Simples,Reta,-21.74229,-54.51551,DEL02-MS,Risco Médio,Alta
domingo,BR-280,43.7,Plena Noite,Crescente,Chuva,Simples,Reta,-26.45119,-48.8779,DEL03-SC,Risco Médio,Baixa
sexta-feira,BR-101,83.0,Pleno dia,Decrescente,Nublado,Simples,Curva,-21.82199,-41.46111,DEL08-RJ,Risco Médio,Alta
sábado,BR-153,692.0,Pleno dia,Decrescente,Chuva,Simples,Reta,-11.88743,-49.16442,DEL01-TO,Risco Médio,Alta
sexta-feira,BR-369,157.9,Pleno dia,Decrescente,Céu Claro,Dupla,Viaduto,-23.28736,-51.2368,DEL07-PR,Risco Médio,Baixa
segunda-feira,BR-153,500.6,Pleno dia,Crescente,Nublado,Dupla,Curva,-16.7084,-49.23188,DEL01-GO,Risco Baixo,Alta
segunda-feira,BR-470,117.3,Pleno dia,Crescente,Céu Claro,Simples,Reta,-27.07762,-49.49566,DEL04-SC,Risco Baixo,Baixa
domingo,BR-277,594.8,Anoitecer,Decrescente,Céu Claro,Simples,Não Informado,-24.97989,-53.49933,DEL04-PR,Risco Médio,Média
terça-feira,BR-476,84.0,Anoitecer,Decrescente,Nublado,Simples,Não Informado,-25.1523,-49.11064,DEL01-PR,Risco Médio,Baixa
sábado,BR-343,307.6,Pleno dia,Decrescente,Céu Claro,Simples,Reta,-5.039176,-42.46371,DEL01-PI,Risco Médio,Baixa
sexta-feira,BR-381,66.0,Plena Noite,Crescente,Chuva,Dupla,Reta,-23.32587,-46.5792,DEL03-SP,Risco Médio,Alta
segunda-feira,BR-226,495.9,Amanhecer,Decrescente,Céu Claro,Simples,Não Informado,-6.1592,-46.9797,DEL04-MA,Risco Alto,Baixa
segunda-feira,BR-101,269.5,Pleno dia,Decrescente,Céu Claro,Múltipla,Reta,-20.2174,-40.26991,DEL02-ES,Risco Médio,Alta
quinta-feira,BR-116,25.0,Pleno dia,Decrescente,Céu Claro,Simples,Reta,-14.8572,-40.79799,DEL08-BA,Risco Médio,Alta
sexta-feira,BR-163,515.0,Plena Noite,Decrescente,Céu Claro,Simples,Reta,-14.51347,-56.20365,DEL01-MT,Risco Médio,Alta
segunda-feira,BR-101,45.0,Plena Noite,Decrescente,Chuva,Dupla,Reta,-7.865213,-34.90715,DEL01-PE,Risco Médio,Alta
quinta-feira,BR-381,33.0,Pleno dia,Decrescente,Céu Claro,Dupla,Reta,-23.0728,-46.56674,DEL03-SP,Risco Baixo,Alta
segunda-feira,BR-116,259.5,Pleno dia,Crescente,Céu Claro,Dupla,Curva,-29.8708,-51.17991,DEL01-RS,Risco Médio,Alta
quinta-feira,BR-101,258.8,Pleno dia,Decrescente,Nublado,Dupla,Curva,-28.00482,-48.6919,DEL02-SC,Risco Médio,Alta
sábado,BR-277,138.5,Pleno dia,Crescente,Céu Claro,Dupla,Desvio Temporário,-25.47611,-49.71369,DEL01-PR,Risco Médio,Média
terça-feira,BR-319,62.0,Plena Noite,Decrescente,Nublado,Múltipla,Reta,-8.766685,-63.88405,DEL01-RO,Risco Médio,Baixa
segunda-feira,BR-469,33.0,Pleno dia,Decrescente,Céu Claro,Simples,Reta,-25.6907,-54.4367,DEL05-PR,Risco Médio,Baixa
domingo,BR-470,65.9,Pleno dia,Crescente,Garoa/Chuvisco,Simples,Interseção de vias,-26.87041,-49.21186,DEL04-SC,Risco Médio,Baixa
sábado,BR-104,91.8,Pleno dia,Crescente,Chuva,Dupla,Reta,-9.508989,-35.80777,DEL01-AL,Risco Médio,Baixa
sábado,BR-163,985.0,Pleno dia,Crescente,Céu Claro,Simples,Reta,-2.601709,-54.71932,DEL05-PA,Risco Médio,Alta
domingo,BR-364,267.8,Amanhecer,Crescente,Céu Claro,Simples,Reta,-11.37708,-61.6933,DEL02-RO,Risco Médio,Alta
sexta-feira,BR-101,33.0,Pleno dia,Decrescente,Céu Claro,Múltipla,Reta,-7.761909,-34.93565,DEL01-PE,Risco Médio,Alta
segunda-feira,BR-116,25.1,Plena Noite,Decrescente,Céu Claro,Simples,Interseção de vias,-15.87342,-41.43088,DEL08-BA,Risco Médio,Alta
sábado,BR-20,21.5,Plena Noite,Crescente,Céu Claro,Simples,Reta,-3.80407,-38.64034,DEL02-CE,Risco Médio,Baixa
domingo,BR-116,125.0,Plena Noite,Crescente,Nevoeiro/Neblina,Dupla,Reta,-25.6277,-49.3145,DEL01-PR,Risco Médio,Alta
quarta-feira,BR-251,284.0,Plena Noite,Decrescente,Ignorado,Simples,Reta,-16.03212,-42.10792,DEL11-MG,Risco Baixo,Baixa
terça-feira,BR-116,45.0,Plena Noite,Decrescente,Vento,Dupla,Retorno Regulamentado,-4.148244,-38.47743,DEL01-CE,Risco Médio,Alta
domingo,BR-467,93.5,Plena Noite,Crescente,Céu Claro,Dupla,Reta,-24.8599,-53.5868,DEL04-PR,Risco Médio,Baixa
domingo,BR-116,2.0,Pleno dia,Crescente,Chuva,Dupla,Não Informado,-25.06637,-48.5778,DEL01-PR,Risco Baixo,Alta
segunda-feira,BR-364,675.0,Amanhecer,Crescente,Garoa/Chuvisco,Simples,Reta,-8.78635,-63.59513,DEL01-RO,Risco Médio,Alta
sexta-feira,BR-259,58.0,Pleno dia,Crescente,Sol,Simples,Curva,-19.52423,-40.7037,DEL02-ES,Risco Médio,Baixa
terça-feira,BR-393,284.3,Plena Noite,Crescente,Chuva,Simples,Reta,-22.49646,-44.07097,DEL05-RJ,Risco Baixo,Média
quarta-feira,BR-319,64.0,Plena Noite,Decrescente,Céu Claro,Dupla,Reta,-8.767519,-63.88427,DEL01-RO,Risco Baixo,Baixa
sexta-feira,BR-158,503.0,Pleno dia,Crescente,Chuva,Simples,Não Informado,-25.99111,-52.55705,DEL02-PR,Risco Médio,Baixa
quinta-feira,BR-60,169.0,Pleno dia,Crescente,Céu Claro,Dupla,Não Informado,-16.7269,-49.3822,DEL01-GO,Risco Médio,Média
quarta-feira,BR-280,126.0,Pleno dia,Crescente,Nublado,Simples,Não Informado,-26.2378,-49.49427,DEL06-SC,Risco Médio,Baixa
domingo,BR-101,259.6,Pleno dia,Crescente,Céu Claro,Dupla,Reta,-20.1384,-40.29221,DEL02-ES,Risco Alto,Alta
domingo,BR-365,621.7,Pleno dia,Decrescente,Céu Claro,Dupla,Não Informado,-18.9048,-48.29053,DEL15-MG,Risco Médio,Média
terça-feira,BR-101,896.0,Plena Noite,Decrescente,Nevoeiro/Neblina,Simples,Curva,-17.75365,-39.76677,DEL09-BA,Risco Baixo,Alta
sábado,BR-101,121.0,Pleno dia,Crescente,Céu Claro,Dupla,Reta,-26.92103,-48.70856,DEL04-SC,Risco Médio,Alta
terça-feira,BR-101,93.5,Plena Noite,Decrescente,Céu Claro,Dupla,Retorno Regulamentado,-10.90529,-37.14351,DEL01-SE,Risco Médio,Alta
segunda-feira,BR-40,547.0,Pleno dia,Decrescente,Chuva,Dupla,Não Informado,-20.02252,-43.97026,DEL01-MG,Risco Médio,Alta
domingo,BR-472,577.0,Pleno dia,Crescente,Céu Claro,Simples,Não Informado,-29.7783,-57.06128,DEL13-RS,Risco Médio,Baixa
quarta-feira,BR-369,163.5,Pleno dia,Decrescente,Sol,Dupla,Não Informado,-23.29669,-51.28114,DEL07-PR,Risco Médio,Baixa
quinta-feira,BR-101,208.8,Pleno dia,Decrescente,Céu Claro,Dupla,Reta,-27.6083,-48.63708,DEL01-SC,Risco Médio,Alta
sexta-feira,BR-364,15.0,Pleno dia,Crescente,Céu Claro,Simples,Interseção de vias,-12.73673,-60.14804,DEL04-RO,Risco Médio,Alta
quinta-feira,BR-116,563.0,Plena Noite,Decrescente,Céu Claro,Simples,Reta,-12.98325,-39.94205,DEL03-BA,Risco Médio,Alta