dia_semana,br,km,fase_dia,sentido_via,condicao_metereologica,tipo_pista,tracado_via,latitude,longitude,delegacia,classificacao_acidente,postos_policiais_PRF
segunda-feira,BR-163,558.5,Pleno dia,Decrescente,Céu Claro,Simples,Reta,-14.22844,-56.10443,DEL01-MT,Risco Baixo,Alta
segunda-feira,BR-40,48.5,Amanhecer,Decrescente,Céu Claro,Simples,Curva,-16.42778,-47.82118,DEL01-DF,Risco Médio,Alta
domingo,BR-262,3.7,Pleno dia,Decrescente,Nublado,Múltipla,Interseção de vias,-20.33374,-40.36911,DEL01-ES,Risco Médio,Média
domingo,BR-40,513.0,Plena Noite,Crescente,Nublado,Dupla,Reta,-19.79705,-44.10805,DEL01-MG,Risco Médio,Alta
domingo,BR-262,363.0,Pleno dia,Decrescente,Céu Claro,Dupla,Desvio Temporário,-19.97167,-44.285,DEL01-MG,Risco Baixo,Média
domingo,BR-251,465.4,Plena Noite,Decrescente,Céu Claro,Simples,Curva,-16.4571,-43.40387,DEL12-MG,Risco Baixo,Baixa
segunda-feira,BR-386,153.8,Pleno dia,Decrescente,Céu Claro,Simples,Reta,-28.10332,-52.86085,DEL08-RS,Risco Baixo,Média
sexta-feira,BR-277,582.8,Plena Noite,Crescente,Céu Claro,Simples,Reta,-24.97113,-53.3951,DEL04-PR,Risco Médio,Média
sábado,BR-101,85.0,Pleno dia,Crescente,Céu Claro,Simples,Curva,-5.777664,-35.24937,DEL02-RN,Risco Alto,Alta
domingo,BR-369,166.2,Plena Noite,Crescente,Céu Claro,Dupla,Reta,-23.2952,-51.30888,DEL07-PR,Risco Alto,Baixa
segunda-feira,BR-101,153.0,Pleno dia,Decrescente,Céu Claro,Dupla,Reta,-27.14472,-48.61064,DEL04-SC,Risco Médio,Alta
sexta-feira,BR-174,179.9,Pleno dia,Decrescente,Céu Claro,Simples,Não Informado,-15.83684,-58.54978,DEL03-MT,Risco Alto,Baixa
domingo,BR-316,289.0,Plena Noite,Decrescente,Céu Claro,Simples,Reta,-6.999435,-41.61454,DEL04-PI,Risco Médio,Baixa
quarta-feira,BR-376,595.0,Pleno dia,Crescente,Sol,Dupla,Reta,-25.49318,-49.34371,DEL01-PR,Risco Médio,Baixa
segunda-feira,BR-373,222.4,Pleno dia,Decrescente,Nublado,Simples,Reta,-25.18101,-50.58787,DEL03-PR,Risco Médio,Baixa
sexta-feira,BR-101,82.3,Plena Noite,Decrescente,Céu Claro,Dupla,Reta,-8.168383,-34.9376,DEL01-PE,Risco Baixo,Alta
quarta-feira,BR-101,210.0,Pleno dia,Decrescente,Nublado,Dupla,Curva,-22.48147,-42.22898,DEL02-RJ,Risco Baixo,Alta
segunda-feira,BR-116,281.9,Plena Noite,Crescente,Céu Claro,Dupla,Desvio Temporário,-23.67785,-46.85769,DEL04-SP,Risco Médio,Alta
quinta-feira,BR-381,925.0,Pleno dia,Crescente,Sol,Dupla,Curva,-22.77098,-46.20352,DEL16-MG,Risco Baixo,Alta
segunda-feira,BR-364,56.0,Plena Noite,Crescente,Céu Claro,Simples,Reta,-12.52264,-60.39976,DEL04-RO,Risco Alto,Alta
sábado,BR-406,102.9,Pleno dia,Crescente,Céu Claro,Simples,Reta,-5.529005,-35.81762,DEL02-RN,Risco Médio,Baixa
sábado,BR-381,417.9,Pleno dia,Decrescente,Céu Claro,Dupla,Curva,-19.76425,-43.64211,DEL01-MG,Risco Alto,Alta
sexta-feira,BR-386,50.3,Pleno dia,Crescente,Sol,Simples,Reta,-27.49168,-53.38917,DEL08-RS,Risco Baixo,Média
segunda-feira,BR-381,873.8,Pleno dia,Crescente,Chuva,Dupla,Curva,-22.42012,-45.96509,DEL16-MG,Risco Médio,Alta
segunda-feira,BR-50,174.2,Amanhecer,Decrescente,Céu Claro,Dupla,Interseção de vias,-19.77018,-47.973,DEL13-MG,Risco Médio,Média
domingo,BR-262,802.0,Plena Noite,Decrescente,Céu Claro,Dupla,Reta,-19.77317,-47.9155,DEL13-MG,Risco Médio,Média
quinta-feira,BR-40,0.5,Pleno dia,Crescente,Céu Claro,Dupla,Reta,-15.98181,-47.98893,DEL01-DF,Risco Médio,Alta
quarta-feira,BR-316,553.5,Pleno dia,Crescente,Céu Claro,Dupla,Retorno Regulamentado,-4.877648,-43.33816,DEL03-MA,Risco Médio,Baixa
domingo,BR-116,140.0,Pleno dia,Decrescente,Céu Claro,Dupla,Reta,-25.77109,-49.3228,DEL01-PR,Risco Baixo,Alta
sábado,BR-290,588.0,Pleno dia,Decrescente,Céu Claro,Simples,Reta,-29.81122,-55.85972,DEL13-RS,Risco Médio,Baixa
quinta-feira,BR-316,27.0,Pleno dia,Decrescente,Chuva,Dupla,Reta,-1.318248,-48.22663,DEL01-PA,Risco Médio,Baixa
segunda-feira,BR-101,577.0,Pleno dia,Crescente,Céu Claro,Simples,Reta,-23.23073,-44.72004,DEL03-RJ,Risco Médio,Alta
sábado,BR-40,656.0,Pleno dia,Decrescente,Chuva,Dupla,Não Informado,-20.87952,-43.80065,DEL05-MG,Risco Médio,Alta
sexta-feira,BR-487,135.0,Amanhecer,Decrescente,Garoa/Chuvisco,Simples,Reta,-23.869,-52.87017,DEL04-PR,Risco Médio,Baixa
domingo,BR-101,207.0,Pleno dia,Crescente,Céu Claro,Múltipla,Curva,-27.5998,-48.6225,DEL01-SC,Risco Médio,Alta
sábado,BR-104,34.8,Plena Noite,Crescente,Nublado,Simples,Curva,-9.15381,-36.01296,DEL01-AL,Risco Médio,Baixa
sábado,BR-40,600.0,Anoitecer,Decrescente,Céu Claro,Simples,Reta,-20.43485,-43.84944,DEL05-MG,Risco Médio,Alta
sexta-feira,BR-40,549.0,Pleno dia,Decrescente,Céu Claro,Dupla,Não Informado,-20.03972,-43.96703,DEL01-MG,Risco Médio,Alta
segunda-feira,BR-277,33.0,Pleno dia,Decrescente,Chuva,Dupla,Curva,-25.55427,-48.80058,DEL01-PR,Risco Médio,Média
terça-feira,BR-393,184.0,Pleno dia,Crescente,Sol,Simples,Reta,-22.14297,-43.2757,DEL05-RJ,Risco Médio,Média
sábado,BR-135,96.0,Amanhecer,Decrescente,Sol,Simples,Rotatória,-3.334748,-44.44835,DEL01-MA,Risco Médio,Baixa
segunda-feira,BR-262,28.9,Pleno dia,Decrescente,Céu Claro,Dupla,Reta,-20.37794,-40.56054,DEL01-ES,Risco Baixo,Média
terça-feira,BR-116,673.7,Pleno dia,Decrescente,Chuva,Simples,Reta,-20.89732,-42.34379,DEL07-MG,Risco Médio,Alta
terça-feira,BR-226,2.0,Plena Noite,Decrescente,Nublado,Dupla,Reta,-5.131185,-42.8157,DEL03-MA,Risco Médio,Baixa
quarta-feira,BR-386,131.0,Pleno dia,Crescente,Céu Claro,Simples,Curva,-27.94147,-52.93995,DEL08-RS,Risco Médio,Média
domingo,BR-40,794.0,Plena Noite,Crescente,Céu Claro,Dupla,Curva,-21.7994,-43.4124,DEL05-MG,Risco Médio,Alta
quinta-feira,BR-101,165.5,Plena Noite,Decrescente,Céu Claro,Dupla,Reta,-9.899678,-36.28305,DEL02-AL,Risco Alto,Alta
quarta-feira,BR-40,92.9,Pleno dia,Crescente,Céu Claro,Dupla,Desvio Temporário,-22.55517,-43.25599,DEL01-RJ,Risco Médio,Alta
quarta-feira,BR-116,149.0,Pleno dia,Crescente,Nublado,Simples,Reta,-25.80786,-49.32658,DEL01-PR,Risco Médio,Alta
terça-feira,BR-101,49.0,Plena Noite,Crescente,Chuva,Múltipla,Retorno Regulamentado,-7.900515,-34.90181,DEL01-PE,Risco Baixo,Alta
sexta-feira,BR-116,289.0,Plena Noite,Decrescente,Ignorado,Dupla,Curva,-23.7143,-46.8796,DEL04-SP,Risco Médio,Alta
sábado,BR-116,311.3,Plena Noite,Decrescente,Céu Claro,Simples,Reta,-30.20959,-51.40329,DEL02-RS,Risco Baixo,Alta
segunda-feira,BR-135,95.0,Pleno dia,Decrescente,Céu Claro,Simples,Reta,-3.327972,-44.44236,DEL01-MA,Risco Médio,Baixa
quinta-feira,BR-135,6.0,Pleno dia,Decrescente,Nublado,Múltipla,Reta,-2.62878,-44.26322,DEL01-MA,Risco Baixo,Baixa
quarta-feira,BR-285,447.4,Pleno dia,Crescente,Nublado,Simples,Curva,-28.36444,-53.8022,DEL10-RS,Risco Médio,Baixa
quinta-feira,BR-40,771.2,Pleno dia,Decrescente,Céu Claro,Simples,Reta,-21.60933,-43.45893,DEL05-MG,Risco Baixo,Alta
quarta-feira,BR-230,21.9,Pleno dia,Decrescente,Nublado,Dupla,Reta,-7.1415,-34.8519,DEL01-PB,Risco Baixo,Baixa
sexta-feira,BR-116,172.0,Pleno dia,Crescente,Céu Claro,Múltipla,Reta,-22.81985,-43.32781,DEL01-RJ,Risco Baixo,Alta
quarta-feira,BR-20,376.9,Pleno dia,Crescente,Céu Claro,Simples,Reta,-3.946272,-38.87102,DEL01-CE,Risco Médio,Baixa
quinta-feira,BR-101,240.0,Pleno dia,Decrescente,Chuva,Simples,Curva,-20.0447,-40.3891,DEL02-ES,Risco Baixo,Alta
quarta-feira,BR-40,116.0,Pleno dia,Decrescente,Céu Claro,Dupla,Reta,-22.73662,-43.28859,DEL01-RJ,Risco Médio,Alta
domingo,BR-282,53.5,Anoitecer,Decrescente,Chuva,Simples,Curva,-27.69151,-48.97022,DEL01-SC,Risco Médio,Baixa
quinta-feira,BR-116,16.0,Anoitecer,Crescente,Nublado,Dupla,Reta,-25.3874,-49.1774,DEL01-PR,Risco Médio,Alta
terça-feira,BR-40,61.0,Plena Noite,Crescente,Céu Claro,Simples,Reta,-22.41008,-43.14503,DEL06-RJ,Risco Médio,Alta
sábado,BR-158,302.3,Pleno dia,Crescente,Chuva,Simples,Curva,-29.54648,-53.75607,DEL09-RS,Risco Médio,Baixa
segunda-feira,BR-230,36.0,Pleno dia,Decrescente,Céu Claro,Dupla,Não Informado,-7.1246,-34.9473,DEL01-PB,Risco Médio,Baixa
sábado,BR-495,25.0,Plena Noite,Crescente,Céu Claro,Simples,Reta,-22.40941,-43.10029,DEL06-RJ,Risco Médio,Baixa
quinta-feira,BR-153,363.2,Plena Noite,Crescente,Céu Claro,Simples,Reta,-15.77487,-49.30648,DEL02-GO,Risco Médio,Alta
sábado,BR-222,297.5,Plena Noite,Decrescente,Chuva,Simples,Não Informado,-3.658261,-40.92483,DEL04-CE,Risco Médio,Baixa
quinta-feira,BR-277,49.1,Plena Noite,Decrescente,Nevoeiro/Neblina,Dupla,Reta,-25.47742,-48.83487,DEL01-PR,Risco Baixo,Média
sábado,BR-70,2.7,Pleno dia,Crescente,Céu Claro,Dupla,Curva,-15.76702,-48.22995,DEL01-DF,Risco Médio,Baixa
terça-feira,BR-101,11.0,Anoitecer,Crescente,Ignorado,Dupla,Reta,-4.997848,-37.09262,DEL02-RN,Risco Médio,Alta
sexta-feira,BR-101,53.0,Plena Noite,Decrescente,Garoa/Chuvisco,Simples,Desvio Temporário,-21.66048,-41.31129,DEL08-RJ,Risco Médio,Alta
sexta-feira,BR-163,66.8,Pleno dia,Decrescente,Nublado,Simples,Não Informado,-26.76095,-53.50061,DEL07-SC,Risco Médio,Alta
sexta-feira,BR-280,24.0,Pleno dia,Crescente,Céu Claro,Simples,Reta,-26.37725,-48.71953,DEL03-SC,Risco Médio,Baixa
quinta-feira,BR-101,132.0,Pleno dia,Decrescente,Céu Claro,Dupla,Reta,-26.99654,-48.65565,DEL04-SC,Risco Baixo,Alta
segunda-feira,BR-381,22.0,Pleno dia,Crescente,Garoa/Chuvisco,Simples,Retorno Regulamentado,-22.99697,-46.51631,DEL03-SP,Risco Médio,Alta
segunda-feira,BR-282,18.8,Pleno dia,Crescente,Nublado,Simples,Não Informado,-27.6728,-48.69429,DEL01-SC,Risco Médio,Baixa
terça-feira,BR-116,827.2,Pleno dia,Crescente,Céu Claro,Simples,Interseção de vias,-14.82538,-40.82217,DEL08-BA,Risco Médio,Alta
quarta-feira,BR-163,1003.0,Pleno dia,Decrescente,Chuva,Dupla,Reta,-2.446885,-54.73048,DEL05-PA,Risco Médio,Alta
quinta-feira,BR-277,120.0,Pleno dia,Crescente,Nublado,Dupla,Reta,-25.43652,-49.44347,DEL03-PR,Risco Médio,Média
domingo,BR-101,111.0,Plena Noite,Crescente,Céu Claro,Dupla,Curva,-26.83956,-48.71418,DEL04-SC,Risco Baixo,Alta
terça-feira,BR-101,335.0,Plena Noite,Crescente,Nublado,Dupla,Curva,-20.62718,-40.52742,DEL03-ES,Risco Médio,Alta
segunda-feira,BR-101,40.0,Pleno dia,Crescente,Nublado,Múltipla,Reta,-26.30757,-48.88058,DEL03-SC,Risco Médio,Alta
quinta-feira,BR-116,403.0,Pleno dia,Decrescente,Nublado,Simples,Reta,-30.88593,-51.83356,DEL02-RS,Risco Baixo,Alta
quinta-feira,BR-116,679.6,Pleno dia,Crescente,Céu Claro,Simples,Curva,-20.93762,-42.3431,DEL07-MG,Risco Médio,Alta
sexta-feira,BR-381,922.0,Plena Noite,Decrescente,Chuva,Dupla,Curva,-22.76708,-46.2179,DEL16-MG,Risco Baixo,Alta
sábado,BR-364,125.8,Pleno dia,Crescente,Chuva,Simples,Não Informado,-10.01619,-67.81267,DEL01-AC,Risco Médio,Alta
quarta-feira,BR-101,481.0,Amanhecer,Crescente,Céu Claro,Simples,Reta,-23.00976,-44.29153,DEL03-RJ,Risco Médio,Alta
sexta-feira,BR-101,101.1,Pleno dia,Decrescente,Céu Claro,Dupla,Viaduto,-5.887051,-35.23233,DEL01-RN,Risco Médio,Alta
quinta-feira,BR-369,163.0,Plena Noite,Crescente,Céu Claro,Dupla,Reta,-23.2852,-51.23874,DEL07-PR,Risco Médio,Baixa
sexta-feira,BR-364,710.0,Pleno dia,Crescente,Garoa/Chuvisco,Dupla,Reta,-8.781204,-63.86602,DEL01-RO,Risco Médio,Alta
segunda-feira,BR-116,115.0,Pleno dia,Decrescente,Sol,Dupla,Reta,-25.55953,-49.2656,DEL01-PR,Risco Médio,Alta
segunda-feira,BR-101,363.0,Plena Noite,Decrescente,Céu Claro,Simples,Reta,-13.85684,-39.49253,DEL05-BA,Risco Médio,Alta
terça-feira,BR-101,17.2,Anoitecer,Crescente,Nublado,Simples,Reta,-11.62518,-37.88578,DEL02-SE,Risco Médio,Alta
domingo,BR-470,114.0,Pleno dia,Crescente,Céu Claro,Simples,Reta,-27.08639,-49.478,DEL04-SC,Risco Médio,Baixa
domingo,BR-376,665.0,Pleno dia,Crescente,Céu Claro,Simples,Curva,-25.85456,-48.95671,DEL01-PR,Risco Alto,Baixa
quinta-feira,BR-101,275.0,Plena Noite,Decrescente,Céu Claro,Dupla,Reta,-22.73653,-42.72909,DEL02-RJ,Risco Médio,Alta
quinta-feira,BR-163,68.0,Pleno dia,Decrescente,Céu Claro,Dupla,Desvio Temporário,-26.75036,-53.50087,DEL07-SC,Risco Médio,Alta
domingo,BR-153,553.0,Pleno dia,Crescente,Céu Claro,Dupla,Reta,-17.1589,-49.2139,DEL01-GO,Risco Médio,Alta
sábado,BR-116,457.3,Pleno dia,Crescente,Céu Claro,Simples,Reta,-19.20869,-42.05228,DEL06-MG,Risco Médio,Alta
sexta-feira,BR-163,113.4,Pleno dia,Crescente,Céu Claro,Simples,Reta,-26.36757,-53.53322,DEL07-SC,Risco Baixo,Alta
quarta-feira,BR-447,13.2,Plena Noite,Crescente,Céu Claro,Dupla,Reta,-20.34183,-40.32823,DEL01-ES,Risco Baixo,Baixa
sexta-feira,BR-364,242.0,Amanhecer,Crescente,Céu Claro,Simples,Rotatória,-11.44085,-61.48771,DEL02-RO,Risco Médio,Alta
segunda-feira,BR-364,203.0,Pleno dia,Decrescente,Céu Claro,Dupla,Não Informado,-16.47916,-54.65169,DEL02-MT,Risco Médio,Alta
quarta-feira,BR-364,12.0,Pleno dia,Crescente,Nublado,Simples,Interseção de vias,-12.7437,-60.12148,DEL04-RO,Risco Médio,Alta
sexta-feira,BR-381,849.0,Plena Noite,Decrescente,Nublado,Dupla,Reta,-22.2389,-45.8802,DEL16-MG,Risco Baixo,Alta
quarta-feira,BR-101,314.0,Plena Noite,Decrescente,Céu Claro,Dupla,Reta,-22.79045,-43.02434,DEL02-RJ,Risco Médio,Alta
quinta-feira,BR-20,354.0,Pleno dia,Decrescente,Ignorado,Simples,Reta,-4.058914,-39.0266,DEL02-CE,Risco Baixo,Baixa
sábado,BR-282,622.6,Plena Noite,Crescente,Céu Claro,Simples,Não Informado,-26.79744,-53.32335,DEL07-SC,Risco Médio,Baixa
segunda-feira,BR-20,13.7,Pleno dia,Crescente,Céu Claro,Dupla,Reta,-15.63875,-47.7496,DEL02-DF,Risco Médio,Baixa
domingo,BR-428,187.1,Amanhecer,Decrescente,Céu Claro,Simples,Reta,-9.356043,-40.47854,DEL06-PE,Risco Baixo,Baixa
terça-feira,BR-101,196.4,Plena Noite,Crescente,Nublado,Dupla,Curva,-22.49297,-42.11235,DEL08-RJ,Risco Médio,Alta
sexta-feira,BR-153,132.5,Pleno dia,Decrescente,Céu Claro,Simples,Não Informado,-19.49973,-48.8514,DEL15-MG,Risco Médio,Alta
sábado,BR-316,292.0,Pleno dia,Decrescente,Céu Claro,Simples,Ponte,-8.636002,-38.67316,DEL04-PE,Risco Baixo,Baixa
quinta-feira,BR-280,164.7,Plena Noite,Decrescente,Céu Claro,Simples,Reta,-26.19131,-49.80487,DEL06-SC,Risco Médio,Baixa
quinta-feira,BR-381,943.5,Pleno dia,Crescente,Nublado,Simples,Não Informado,-22.87479,-46.36656,DEL16-MG,Risco Médio,Alta
terça-feira,BR-304,34.3,Plena Noite,Decrescente,Céu Claro,Dupla,Viaduto,-5.164447,-37.35124,DEL04-RN,Risco Baixo,Baixa
terça-feira,BR-101,498.0,Pleno dia,Decrescente,Céu Claro,Simples,Reta,-22.91379,-44.3369,DEL03-RJ,Risco Médio,Alta
quarta-feira,BR-40,451.8,Plena Noite,Crescente,Chuva,Dupla,Reta,-19.32548,-44.36467,DEL02-MG,Risco Médio,Alta
domingo,BR-376,619.0,Pleno dia,Crescente,Sol,Dupla,Reta,-25.5307,-49.1958,DEL01-PR,Risco Baixo,Baixa
sexta-feira,BR-101,267.9,Pleno dia,Crescente,Sol,Dupla,Curva,-20.19931,-40.26885,DEL02-ES,Risco Alto,Alta
quarta-feira,BR-40,739.7,Pleno dia,Decrescente,Sol,Simples,Curva,-21.4229,-43.5578,DEL05-MG,Risco Médio,Alta
domingo,BR-60,45.0,Pleno dia,Crescente,Sol,Dupla,Reta,-16.8101,-49.2397,DEL01-GO,Risco Médio,Média
terça-feira,BR-156,668.0,Pleno dia,Crescente,Sol,Simples,Ponte,2.675173,-51.35265,DEL01-AP,Risco Baixo,Baixa
quinta-feira,BR-364,800.0,Plena Noite,Decrescente,Nublado,Simples,Reta,-9.258353,-64.40201,DEL01-RO,Risco Médio,Alta
segunda-feira,BR-369,148.0,Pleno dia,Decrescente,Nublado,Dupla,Reta,-23.29302,-51.143,DEL07-PR,Risco Médio,Baixa
segunda-feira,BR-116,481.4,Pleno dia,Crescente,Céu Claro,Simples,Curva,-7.309006,-38.93635,DEL05-CE,Risco Médio,Alta
quarta-feira,BR-116,116.0,Pleno dia,Crescente,Ignorado,Dupla,Reta,-25.55468,-49.30605,DEL01-PR,Risco Médio,Alta
segunda-feira,BR-101,269.7,Pleno dia,Crescente,Céu Claro,Múltipla,Reta,-28.10298,-48.70366,DEL02-SC,Risco Médio,Alta
domingo,BR-116,810.4,Plena Noite,Crescente,Chuva,Simples,Não Informado,-21.83278,-42.67716,DEL07-MG,Risco Baixo,Alta
sábado,BR-381,508.2,Pleno dia,Decrescente,Céu Claro,Dupla,Curva,-20.06278,-44.29329,DEL01-MG,Risco Médio,Alta
quarta-feira,BR-116,179.0,Pleno dia,Crescente,Céu Claro,Dupla,Rotatória,-5.037505,-38.0863,DEL03-CE,Risco Médio,Alta
terça-feira,BR-101,181.7,Plena Noite,Crescente,Chuva,Simples,Reta,-19.63125,-40.22615,DEL04-ES,Risco Médio,Alta
domingo,BR-230,62.1,Anoitecer,Decrescente,Céu Claro,Dupla,Reta,-7.202,-35.1574,DEL01-PB,Risco Médio,Baixa
terça-feira,BR-470,76.0,Pleno dia,Crescente,Garoa/Chuvisco,Simples,Reta,-26.90523,-49.27162,DEL04-SC,Risco Baixo,Baixa
quinta-feira,BR-482,41.5,Pleno dia,Crescente,Céu Claro,Simples,Reta,-20.76235,-41.20395,DEL03-ES,Risco Médio,Baixa
sábado,BR-101,46.0,Pleno dia,Crescente,Chuva,Dupla,Reta,-26.3315,-48.86188,DEL03-SC,Risco Médio,Alta
quinta-feira,BR-163,1065.0,Pleno dia,Decrescente,Céu Claro,Simples,Reta,-9.951161,-54.90416,DEL06-MT,Risco Médio,Alta
sexta-feira,BR-381,404.5,Plena Noite,Crescente,Céu Claro,Simples,Reta,-19.74538,-43.49625,DEL01-MG,Risco Médio,Alta
sábado,BR-101,210.0,Plena Noite,Decrescente,Céu Claro,Dupla,Reta,-27.61673,-48.64573,DEL01-SC,Risco Baixo,Alta
terça-feira,BR-356,14.0,Pleno dia,Decrescente,Céu Claro,Simples,Reta,-21.17751,-42.06762,DEL08-RJ,Risco Baixo,Baixa
quinta-feira,BR-467,103.8,Pleno dia,Crescente,Céu Claro,Dupla,Reta,-24.9098,-53.5103,DEL04-PR,Risco Médio,Baixa
terça-feira,BR-20,19.0,Pleno dia,Crescente,Chuva,Dupla,Desvio Temporário,-15.61218,-47.70093,DEL02-DF,Risco Médio,Baixa
sábado,BR-101,142.0,Pleno dia,Decrescente,Céu Claro,Simples,Interseção de vias,-19.32656,-40.07192,DEL04-ES,Risco Médio,Alta
domingo,BR-116,114.0,Plena Noite,Decrescente,Nublado,Simples,Reta,-22.58015,-43.01155,DEL04-RJ,Risco Médio,Alta
domingo,BR-101,70.8,Plena Noite,Crescente,Céu Claro,Dupla,Reta,-8.067761,-34.94265,DEL01-PE,Risco Médio,Alta
segunda-feira,BR-40,44.0,Pleno dia,Decrescente,Chuva,Dupla,Curva,-22.2795,-43.1166,DEL06-RJ,Risco Baixo,Alta
quarta-feira,BR-116,173.0,Anoitecer,Crescente,Céu Claro,Dupla,Reta,-22.7981,-43.35727,DEL01-RJ,Risco Médio,Alta
sábado,BR-418,49.0,Pleno dia,Crescente,Nublado,Simples,Reta,-17.73242,-39.26617,DEL09-BA,Risco Alto,Baixa
sexta-feira,BR-116,122.4,Pleno dia,Crescente,Céu Claro,Dupla,Reta,-25.60426,-49.31809,DEL01-PR,Risco Médio,Alta
quinta-feira,BR-163,107.0,Plena Noite,Decrescente,Ignorado,Dupla,Reta,-16.60001,-54.69598,DEL02-MT,Risco Baixo,Alta
terça-feira,BR-116,72.0,Plena Noite,Crescente,Céu Claro,Simples,Reta,-22.33623,-42.93866,DEL04-RJ,Risco Baixo,Alta
quarta-feira,BR-101,206.6,Pleno dia,Decrescente,Nublado,Múltipla,Reta,-27.59194,-48.61825,DEL01-SC,Risco Médio,Alta
quinta-feira,BR-285,317.5,Plena Noite,Crescente,Chuva,Simples,Reta,-28.26869,-52.61542,DEL08-RS,Risco Baixo,Baixa
sexta-feira,BR-101,208.0,Pleno dia,Crescente,Céu Claro,Múltipla,Reta,-27.60328,-48.63202,DEL01-SC,Risco Médio,Alta
segunda-feira,BR-116,415.0,Pleno dia,Decrescente,Céu Claro,Simples,Reta,-18.88049,-41.95965,DEL06-MG,Risco Médio,Alta
terça-feira,BR-262,649.0,Plena Noite,Crescente,Nublado,Simples,Reta,-19.5722,-46.64249,DEL08-MG,Risco Médio,Média
quarta-feira,BR-153,507.2,Amanhecer,Crescente,Céu Claro,Dupla,Reta,-16.7715,-49.2387,DEL01-GO,Risco Médio,Alta
sábado,BR-101,293.0,Pleno dia,Decrescente,Céu Claro,Dupla,Reta,-20.31526,-40.39567,DEL01-ES,Risco Médio,Alta
quarta-feira,BR-101,112.0,Plena Noite,Decrescente,Chuva,Dupla,Não Informado,-26.84589,-48.72131,DEL04-SC,Risco Médio,Alta
segunda-feira,BR-101,262.1,Pleno dia,Crescente,Nublado,Múltipla,Reta,-20.15723,-40.27678,DEL02-ES,Risco Médio,Alta
sexta-feira,BR-101,103.0,Anoitecer,Crescente,Nublado,Dupla,Não Informado,-26.78324,-48.68315,DEL03-SC,Risco Médio,Alta
domingo,BR-230,66.0,Pleno dia,Crescente,Chuva,Dupla,Curva,-7.1874,-35.1889,DEL01-PB,Risco Médio,Baixa
domingo,BR-116,566.6,Plena Noite,Crescente,Nevoeiro/Neblina,Simples,Não Informado,-20.07456,-42.18352,DEL06-MG,Risco Médio,Alta
sexta-feira,BR-101,210.5,Plena Noite,Crescente,Chuva,Múltipla,Reta,-27.6372,-48.6651,DEL01-SC,Risco Médio,Alta
quarta-feira,BR-101,123.0,Pleno dia,Decrescente,Céu Claro,Simples,Desvio Temporário,-19.16835,-40.08717,DEL04-ES,Risco Médio,Alta
quarta-feira,BR-40,7.1,Pleno dia,Crescente,Céu Claro,Dupla,Reta,-16.10848,-47.97252,DEL01-DF,Risco Médio,Alta
terça-feira,BR-116,263.0,Pleno dia,Crescente,Céu Claro,Múltipla,Reta,-29.90545,-51.17674,DEL01-RS,Risco Baixo,Alta
domingo,BR-410,3.0,Pleno dia,Decrescente,Nublado,Simples,Não Informado,-10.82941,-38.55274,DEL07-BA,Risco Médio,Baixa
sábado,BR-101,68.0,Pleno dia,Decrescente,Chuva,Dupla,Reta,-7.056862,-35.0278,DEL01-PB,Risco Médio,Alta
sábado,BR-365,514.0,Plena Noite,Decrescente,Céu Claro,Simples,Reta,-18.91673,-47.34975,DEL10-MG,Risco Médio,Média
domingo,BR-60,95.3,Pleno dia,Decrescente,Céu Claro,Dupla,Não Informado,-16.3678,-48.93889,DEL02-GO,Risco Médio,Média
domingo,BR-101,269.0,Plena Noite,Decrescente,Céu Claro,Dupla,Reta,-20.22304,-40.26987,DEL02-ES,Risco Baixo,Alta
quinta-feira,BR-40,607.9,Pleno dia,Crescente,Céu Claro,Dupla,Reta,-20.4758,-43.8427,DEL05-MG,Risco Médio,Alta
segunda-feira,BR-101,771.1,Plena Noite,Decrescente,Céu Claro,Simples,Curva,-16.74815,-39.45106,DEL09-BA,Risco Médio,Alta
quarta-feira,BR-381,54.8,Plena Noite,Decrescente,Chuva,Dupla,Não Informado,-23.25253,-46.59492,DEL03-SP,Risco Baixo,Alta
sexta-feira,BR-381,915.8,Plena Noite,Decrescente,Céu Claro,Dupla,Curva,-22.76087,-46.16279,DEL16-MG,Risco Médio,Alta
domingo,BR-80,43.0,Pleno dia,Crescente,Céu Claro,Dupla,Curva,-15.19426,-48.28407,DEL01-DF,Risco Médio,Baixa
terça-feira,BR-116,326.0,Pleno dia,Crescente,Céu Claro,Dupla,Reta,-23.93901,-47.06241,DEL04-SP,Risco Médio,Alta
quarta-feira,BR-381,359.0,Pleno dia,Decrescente,Céu Claro,Simples,Não Informado,-19.85515,-43.22402,DEL03-MG,Risco Baixo,Alta
terça-feira,BR-230,213.1,Plena Noite,Crescente,Chuva,Simples,Reta,-7.0705,-36.348,DEL02-PB,Risco Médio,Baixa
quinta-feira,BR-476,240.7,Pleno dia,Crescente,Sol,Simples,Curva,-25.86434,-50.0698,DEL02-PR,Risco Baixo,Baixa
segunda-feira,BR-367,74.0,Plena Noite,Crescente,Céu Claro,Simples,Curva,-16.38071,-39.49691,DEL09-BA,Risco Médio,Baixa
quinta-feira,BR-101,203.0,Pleno dia,Decrescente,Sol,Dupla,Reta,-27.567,-48.614,DEL01-SC,Risco Baixo,Alta
sexta-feira,BR-381,455.0,Pleno dia,Decrescente,Chuva,Simples,Reta,-19.85594,-43.89662,DEL01-MG,Risco Médio,Alta
quinta-feira,BR-101,144.3,Pleno dia,Decrescente,Sol,Dupla,Reta,-27.07914,-48.59982,DEL04-SC,Risco Médio,Alta