dia_semana,br,km,fase_dia,sentido_via,condicao_metereologica,tipo_pista,tracado_via,latitude,longitude,delegacia,classificacao_acidente,postos_policiais_PRF
quarta-feira,BR-153,69.2,Plena Noite,Decrescente,Céu Claro,Simples,Reta,-13.40643,-49.1313,DEL07-GO,Risco Alto,Alta
terça-feira,BR-280,239.7,Plena Noite,Decrescente,Garoa/Chuvisco,Simples,Não Informado,-26.20971,-50.44782,DEL06-SC,Risco Médio,Baixa
segunda-feira,BR-343,0.3,Pleno dia,Crescente,Sol,Dupla,Retorno Regulamentado,-5.078884,-42.75209,DEL01-PI,Risco Médio,Baixa
segunda-feira,BR-364,202.0,Pleno dia,Decrescente,Céu Claro,Dupla,Não Informado,-16.48347,-54.6497,DEL02-MT,Risco Médio,Alta
sexta-feira,BR-153,256.8,Pleno dia,Crescente,Nublado,Dupla,Não Informado,-22.24249,-49.92014,DEL07-SP,Risco Médio,Alta
sábado,BR-158,97.0,Pleno dia,Decrescente,Céu Claro,Simples,Não Informado,-27.86913,-53.33416,DEL08-RS,Risco Médio,Baixa
sábado,BR-402,285.0,Pleno dia,Crescente,Céu Claro,Simples,Reta,-3.589248,-39.44432,DEL01-CE,Risco Médio,Baixa
terça-feira,BR-304,53.8,Plena Noite,Crescente,Céu Claro,Dupla,Reta,-4.574024,-37.73636,DEL03-CE,Risco Médio,Baixa
terça-feira,BR-40,291.4,Plena Noite,Decrescente,Céu Claro,Simples,Desvio Temporário,-18.28688,-45.13128,DEL14-MG,Risco Médio,Alta
domingo,BR-116,302.0,Plena Noite,Crescente,Céu Claro,Dupla,Reta,-22.45365,-44.37041,DEL07-RJ,Risco Médio,Alta
sexta-feira,BR-116,215.0,Pleno dia,Crescente,Céu Claro,Simples,Reta,-5.297797,-38.17445,DEL03-CE,Risco Baixo,Alta
terça-feira,BR-282,569.9,Anoitecer,Crescente,Céu Claro,Simples,Reta,-26.89434,-52.92387,DEL07-SC,Risco Médio,Baixa
terça-feira,BR-262,583.9,Anoitecer,Crescente,Chuva,Simples,Reta,-19.65531,-46.08643,DEL08-MG,Risco Baixo,Média
domingo,BR-40,721.4,Plena Noite,Crescente,Céu Claro,Dupla,Curva,-21.3029,-43.6141,DEL05-MG,Risco Médio,Alta
domingo,BR-163,652.0,Plena Noite,Crescente,Céu Claro,Simples,Reta,-13.3657,-56.0705,DEL06-MT,Risco Baixo,Alta
sábado,BR-101,124.6,Plena Noite,Decrescente,Céu Claro,Dupla,Reta,-26.94335,-48.69199,DEL04-SC,Risco Médio,Alta
quarta-feira,BR-364,539.0,Pleno dia,Crescente,Céu Claro,Simples,Reta,-14.84724,-56.44398,DEL01-MT,Risco Baixo,Alta
terça-feira,BR-60,88.9,Pleno dia,Decrescente,Chuva,Dupla,Reta,-16.34346,-48.90271,DEL02-GO,Risco Baixo,Média
quinta-feira,BR-116,474.9,Pleno dia,Crescente,Sol,Simples,Reta,-31.37799,-52.1084,DEL07-RS,Risco Baixo,Alta
sábado,BR-116,152.0,Plena Noite,Crescente,Nublado,Simples,Reta,-25.83236,-49.3361,DEL01-PR,Risco Médio,Alta
domingo,BR-465,6.0,Plena Noite,Crescente,Nublado,Simples,Reta,-22.74896,-43.69489,DEL01-RJ,Risco Médio,Baixa
quarta-feira,BR-116,173.0,Plena Noite,Crescente,Céu Claro,Simples,Reta,-27.21942,-50.46323,DEL05-SC,Risco Baixo,Alta
terça-feira,BR-222,5.3,Pleno dia,Decrescente,Céu Claro,Múltipla,Retorno Regulamentado,-3.742969,-38.61331,DEL01-CE,Risco Médio,Baixa
sexta-feira,BR-232,12.1,Pleno dia,Decrescente,Céu Claro,Dupla,Reta,-8.085777,-35.00346,DEL01-PE,Risco Médio,Baixa
sábado,BR-354,702.8,Plena Noite,Decrescente,Céu Claro,Simples,Reta,-21.96745,-44.92219,DEL17-MG,Risco Médio,Baixa
sábado,BR-381,949.6,Plena Noite,Decrescente,Céu Claro,Dupla,Reta,-22.87816,-46.37131,DEL16-MG,Risco Médio,Alta
sábado,BR-230,40.9,Pleno dia,Crescente,Céu Claro,Dupla,Retorno Regulamentado,-7.143,-34.9891,DEL01-PB,Risco Baixo,Baixa
domingo,BR-40,498.0,Plena Noite,Decrescente,Nublado,Dupla,Não Informado,-19.68697,-44.1804,DEL02-MG,Risco Alto,Alta
segunda-feira,BR-116,242.9,Plena Noite,Crescente,Céu Claro,Dupla,Reta,-22.58263,-43.97312,DEL07-RJ,Risco Alto,Alta
terça-feira,BR-116,204.0,Plena Noite,Crescente,Céu Claro,Dupla,Reta,-22.72044,-43.68598,DEL01-RJ,Risco Médio,Alta
sexta-feira,BR-386,161.5,Pleno dia,Crescente,Garoa/Chuvisco,Simples,Curva,-28.1735,-52.8364,DEL08-RS,Risco Médio,Média
quarta-feira,BR-163,686.5,Pleno dia,Crescente,Chuva,Dupla,Reta,-13.08025,-55.93787,DEL06-MT,Risco Baixo,Alta
terça-feira,BR-381,498.0,Pleno dia,Decrescente,Céu Claro,Simples,Curva,-19.9871,-44.2039,DEL01-MG,Risco Médio,Alta
quinta-feira,BR-232,77.0,Pleno dia,Crescente,Chuva,Dupla,Reta,-8.1934,-35.5434,DEL01-PE,Risco Médio,Baixa
segunda-feira,BR-316,162.0,Plena Noite,Decrescente,Chuva,Dupla,Reta,-1.283997,-47.11355,DEL01-PA,Risco Médio,Baixa
sábado,BR-376,175.6,Pleno dia,Decrescente,Nublado,Dupla,Reta,-23.41136,-51.94078,DEL09-PR,Risco Médio,Baixa
segunda-feira,BR-20,5.9,Pleno dia,Decrescente,Sol,Dupla,Desvio Temporário,-15.67055,-47.81604,DEL02-DF,Risco Médio,Baixa
quinta-feira,BR-232,128.2,Pleno dia,Crescente,Sol,Múltipla,Desvio Temporário,-8.30338,-35.97423,DEL02-PE,Risco Médio,Baixa
segunda-feira,BR-290,143.0,Plena Noite,Decrescente,Céu Claro,Simples,Reta,-30.09331,-51.6378,DEL02-RS,Risco Médio,Baixa
terça-feira,BR-101,453.4,Plena Noite,Decrescente,Céu Claro,Múltipla,Reta,-29.1976,-49.75264,DEL02-SC,Risco Baixo,Alta
quinta-feira,BR-304,299.0,Pleno dia,Crescente,Céu Claro,Dupla,Reta,-5.870959,-35.3236,DEL01-RN,Risco Médio,Baixa
terça-feira,BR-230,406.7,Pleno dia,Decrescente,Sol,Simples,Reta,-6.776462,-37.79836,DEL03-PB,Risco Médio,Baixa
terça-feira,BR-232,407.1,Plena Noite,Crescente,Chuva,Simples,Desvio Temporário,-7.98544,-38.27148,DEL04-PE,Risco Médio,Baixa
sábado,BR-40,668.2,Pleno dia,Decrescente,Céu Claro,Simples,Não Informado,-20.9703,-43.785,DEL05-MG,Risco Médio,Alta
quinta-feira,BR-470,53.0,Pleno dia,Crescente,Céu Claro,Simples,Reta,-26.86712,-49.10207,DEL04-SC,Risco Baixo,Baixa
sábado,BR-60,199.0,Pleno dia,Decrescente,Céu Claro,Dupla,Reta,-16.8669,-49.608,DEL01-GO,Risco Médio,Média
quarta-feira,BR-407,2.0,Pleno dia,Decrescente,Céu Claro,Simples,Rotatória,-9.426233,-40.50062,DEL06-PE,Risco Médio,Baixa
segunda-feira,BR-343,341.0,Pleno dia,Decrescente,Céu Claro,Simples,Não Informado,-5.077812,-42.74426,DEL01-PI,Risco Médio,Baixa
quarta-feira,BR-116,423.9,Pleno dia,Decrescente,Céu Claro,Simples,Reta,-12.2293,-38.96453,DEL02-BA,Risco Médio,Alta
segunda-feira,BR-116,227.9,Pleno dia,Crescente,Céu Claro,Simples,Desvio Temporário,-5.397618,-38.23796,DEL03-CE,Risco Médio,Alta
domingo,BR-101,310.9,Plena Noite,Crescente,Nublado,Simples,Ponte,-20.43221,-40.45955,DEL03-ES,Risco Médio,Alta
terça-feira,BR-101,195.0,Plena Noite,Decrescente,Céu Claro,Dupla,Reta,-22.49221,-42.1002,DEL02-RJ,Risco Médio,Alta
domingo,BR-40,6.0,Plena Noite,Crescente,Céu Claro,Simples,Reta,-16.10081,-47.97735,DEL01-DF,Risco Médio,Alta
domingo,BR-386,410.7,Pleno dia,Crescente,Chuva,Simples,Não Informado,-29.80323,-51.51086,DEL04-RS,Risco Alto,Média
quarta-feira,BR-116,19.8,Pleno dia,Decrescente,Céu Claro,Dupla,Curva,-22.56335,-44.86498,DEL08-SP,Risco Baixo,Alta
sábado,BR-470,1.3,Pleno dia,Crescente,Nublado,Simples,Não Informado,-26.87538,-48.66828,DEL04-SC,Risco Médio,Baixa
domingo,BR-376,202.4,Pleno dia,Decrescente,Sol,Dupla,Não Informado,-23.50881,-51.72461,DEL09-PR,Risco Baixo,Baixa
domingo,BR-40,565.0,Pleno dia,Decrescente,Céu Claro,Simples,Desvio Temporário,-20.1721,-43.96585,DEL01-MG,Risco Alto,Alta
quarta-feira,BR-70,95.0,Pleno dia,Decrescente,Sol,Simples,Curva,-15.57484,-52.90472,DEL07-MT,Risco Alto,Baixa
quarta-feira,BR-230,135.9,Pleno dia,Crescente,Nublado,Dupla,Curva,-7.276919,-35.77304,DEL02-PB,Risco Médio,Baixa
terça-feira,BR-272,556.0,Plena Noite,Crescente,Ignorado,Simples,Desvio Temporário,-24.08104,-54.15316,DEL06-PR,Risco Médio,Baixa
sábado,BR-381,346.0,Pleno dia,Decrescente,Garoa/Chuvisco,Simples,Curva,-19.7784,-43.0437,DEL03-MG,Risco Médio,Alta
terça-feira,BR-101,264.0,Pleno dia,Decrescente,Céu Claro,Múltipla,Reta,-20.17876,-40.26524,DEL02-ES,Risco Médio,Alta
sábado,BR-101,436.0,Pleno dia,Decrescente,Céu Claro,Simples,Curva,-14.24641,-39.32007,DEL05-BA,Risco Baixo,Alta
segunda-feira,BR-60,180.8,Pleno dia,Decrescente,Garoa/Chuvisco,Dupla,Reta,-16.7666,-49.4751,DEL01-GO,Risco Baixo,Média
segunda-feira,BR-101,207.0,Pleno dia,Crescente,Nublado,Múltipla,Interseção de vias,-27.6034,-48.632,DEL01-SC,Risco Médio,Alta
quinta-feira,BR-101,274.0,Pleno dia,Crescente,Nublado,Simples,Viaduto,-28.12985,-48.69322,DEL02-SC,Risco Baixo,Alta
sexta-feira,BR-316,310.0,Pleno dia,Decrescente,Céu Claro,Simples,Reta,-7.076392,-41.47475,DEL04-PI,Risco Médio,Baixa
sexta-feira,BR-470,192.5,Pleno dia,Decrescente,Nublado,Simples,Curva,-27.28367,-50.07724,DEL04-SC,Risco Médio,Baixa
terça-feira,BR-101,349.0,Plena Noite,Crescente,Céu Claro,Múltipla,Reta,-28.5878,-49.0464,DEL02-SC,Risco Médio,Alta
segunda-feira,BR-163,283.5,Pleno dia,Crescente,Céu Claro,Simples,Rotatória,-24.56833,-54.03426,DEL06-PR,Risco Médio,Alta
sexta-feira,BR-343,340.1,Plena Noite,Crescente,Céu Claro,Simples,Rotatória,-5.074658,-42.73713,DEL01-PI,Risco Médio,Baixa
quarta-feira,BR-116,301.0,Plena Noite,Crescente,Céu Claro,Dupla,Reta,-22.45588,-44.39781,DEL07-RJ,Risco Baixo,Alta
quinta-feira,BR-101,69.1,Pleno dia,Crescente,Sol,Dupla,Reta,-8.059516,-34.94581,DEL01-PE,Risco Médio,Alta
domingo,BR-277,534.4,Plena Noite,Decrescente,Ignorado,Simples,Não Informado,-25.10266,-52.98681,DEL04-PR,Risco Baixo,Média
domingo,BR-101,200.5,Pleno dia,Crescente,Céu Claro,Simples,Reta,-19.73036,-40.35937,DEL04-ES,Risco Baixo,Alta
sábado,BR-116,116.0,Pleno dia,Decrescente,Céu Claro,Simples,Retorno Regulamentado,-16.56522,-41.50465,DEL11-MG,Risco Médio,Alta
terça-feira,BR-116,461.0,Pleno dia,Decrescente,Céu Claro,Dupla,Reta,-24.61672,-47.88934,DEL05-SP,Risco Baixo,Alta
sábado,BR-364,308.5,Pleno dia,Crescente,Céu Claro,Simples,Retorno Regulamentado,-11.17243,-61.90157,DEL02-RO,Risco Médio,Alta
terça-feira,BR-163,479.3,Pleno dia,Decrescente,Chuva,Dupla,Viaduto,-20.48732,-54.55929,DEL01-MS,Risco Médio,Alta
terça-feira,BR-116,109.5,Plena Noite,Decrescente,Céu Claro,Dupla,Reta,-25.5714,-49.20749,DEL01-PR,Risco Médio,Alta
sábado,BR-116,897.8,Pleno dia,Crescente,Céu Claro,Simples,Reta,-15.41757,-41.21479,DEL08-BA,Risco Baixo,Alta
sábado,BR-324,527.0,Pleno dia,Decrescente,Céu Claro,Dupla,Curva,-12.31944,-38.87272,DEL01-BA,Risco Baixo,Baixa
sábado,BR-364,343.0,Pleno dia,Decrescente,Nublado,Simples,Reta,-10.87879,-61.94499,DEL02-RO,Risco Baixo,Alta
domingo,BR-476,273.9,Plena Noite,Decrescente,Céu Claro,Simples,Não Informado,-25.89429,-50.36856,DEL02-PR,Risco Médio,Baixa
quinta-feira,BR-282,5.0,Pleno dia,Decrescente,Céu Claro,Múltipla,Reta,-27.58843,-48.61292,DEL01-SC,Risco Médio,Baixa
quarta-feira,BR-116,534.2,Pleno dia,Crescente,Céu Claro,Simples,Reta,-19.8447,-42.13982,DEL06-MG,Risco Médio,Alta
quarta-feira,BR-282,443.0,Pleno dia,Decrescente,Céu Claro,Simples,Curva,-26.92329,-51.88087,DEL07-SC,Risco Baixo,Baixa
sábado,BR-116,426.0,Amanhecer,Decrescente,Céu Claro,Simples,Reta,-12.2442,-38.98564,DEL02-BA,Risco Baixo,Alta
quarta-feira,BR-280,128.7,Pleno dia,Crescente,Sol,Simples,Reta,-26.24433,-49.51646,DEL06-SC,Risco Médio,Baixa
domingo,BR-476,132.0,Pleno dia,Crescente,Céu Claro,Dupla,Reta,-25.46072,-49.25049,DEL01-PR,Risco Médio,Baixa
sábado,BR-116,166.8,Plena Noite,Decrescente,Nublado,Múltipla,Reta,-22.80177,-43.35112,DEL01-RJ,Risco Médio,Alta
sexta-feira,BR-60,78.7,Pleno dia,Decrescente,Nublado,Dupla,Curva,-16.30481,-48.8203,DEL02-GO,Risco Médio,Média
segunda-feira,BR-381,86.0,Pleno dia,Crescente,Sol,Múltipla,Reta,-23.4593,-46.57161,DEL03-SP,Risco Médio,Alta
sábado,BR-465,4.0,Plena Noite,Crescente,Chuva,Simples,Reta,-22.74097,-43.7056,DEL01-RJ,Risco Alto,Baixa
sexta-feira,BR-40,717.7,Pleno dia,Decrescente,Nublado,Dupla,Curva,-21.284,-43.64246,DEL05-MG,Risco Baixo,Alta
sexta-feira,BR-343,343.0,Amanhecer,Crescente,Céu Claro,Simples,Reta,-5.087362,-42.75785,DEL01-PI,Risco Médio,Baixa
domingo,BR-381,672.8,Plena Noite,Crescente,Nublado,Dupla,Não Informado,-21.07713,-45.0569,DEL04-MG,Risco Baixo,Alta
sábado,BR-101,57.0,Pleno dia,Decrescente,Céu Claro,Dupla,Curva,-7.963841,-34.91591,DEL01-PE,Risco Médio,Alta
quinta-feira,BR-356,268.7,Plena Noite,Crescente,Ignorado,Simples,Não Informado,-21.12737,-42.3445,DEL07-MG,Risco Médio,Baixa
domingo,BR-116,116.0,Pleno dia,Crescente,Nublado,Dupla,Reta,-25.55559,-49.30624,DEL01-PR,Risco Médio,Alta
segunda-feira,BR-407,186.0,Pleno dia,Decrescente,Céu Claro,Simples,Reta,-10.98686,-40.10197,DEL04-BA,Risco Alto,Baixa
quinta-feira,BR-101,20.7,Pleno dia,Crescente,Sol,Simples,Curva,-21.38838,-41.34213,DEL08-RJ,Risco Baixo,Alta
terça-feira,BR-101,923.4,Pleno dia,Crescente,Céu Claro,Simples,Curva,-18.10584,-39.8836,DEL09-BA,Risco Alto,Alta
quinta-feira,BR-101,25.0,Anoitecer,Crescente,Nublado,Simples,Interseção de vias,-26.18471,-48.9108,DEL03-SC,Risco Médio,Alta
sexta-feira,BR-153,107.0,Pleno dia,Decrescente,Céu Claro,Simples,Reta,-23.83801,-50.19312,DEL07-PR,Risco Médio,Alta
quarta-feira,BR-153,495.2,Pleno dia,Crescente,Sol,Múltipla,Não Informado,-16.66676,-49.2254,DEL01-GO,Risco Médio,Alta
sexta-feira,BR-316,86.2,Pleno dia,Crescente,Céu Claro,Simples,Não Informado,-9.374468,-37.2318,DEL03-AL,Risco Baixo,Baixa
quinta-feira,BR-116,166.0,Pleno dia,Crescente,Sol,Dupla,Interseção de vias,-23.30127,-46.02207,DEL02-SP,Risco Médio,Alta
terça-feira,BR-116,272.1,Plena Noite,Crescente,Céu Claro,Dupla,Reta,-23.62169,-46.81329,DEL04-SP,Risco Médio,Alta
quarta-feira,BR-116,21.0,Anoitecer,Decrescente,Garoa/Chuvisco,Dupla,Reta,-25.108,-48.7433,DEL01-PR,Risco Baixo,Alta
sexta-feira,BR-381,375.0,Pleno dia,Decrescente,Sol,Simples,Não Informado,-19.83666,-43.33682,DEL01-MG,Risco Baixo,Alta
quinta-feira,BR-282,553.0,Pleno dia,Decrescente,Chuva,Simples,Curva,-26.93815,-52.79192,DEL07-SC,Risco Médio,Baixa
domingo,BR-393,285.0,Pleno dia,Decrescente,Céu Claro,Dupla,Reta,-22.48173,-44.06309,DEL05-RJ,Risco Baixo,Média
segunda-feira,BR-290,91.0,Pleno dia,Decrescente,Nublado,Simples,Reta,-29.96906,-51.16744,DEL01-RS,Risco Baixo,Baixa
sexta-feira,BR-10,348.0,Plena Noite,Crescente,Céu Claro,Simples,Não Informado,-4.73474,-47.4956,DEL04-MA,Risco Médio,Baixa
domingo,BR-116,314.8,Amanhecer,Decrescente,Céu Claro,Dupla,Reta,-23.89563,-46.98556,DEL04-SP,Risco Médio,Alta
quinta-feira,BR-365,633.5,Pleno dia,Decrescente,Sol,Dupla,Reta,-18.89846,-48.37986,DEL15-MG,Risco Médio,Média
terça-feira,BR-367,26.0,Pleno dia,Decrescente,Céu Claro,Simples,Reta,-16.4415,-39.06566,DEL09-BA,Risco Médio,Baixa
sexta-feira,BR-101,272.5,Anoitecer,Decrescente,Nublado,Simples,Retorno Regulamentado,-20.22725,-40.28427,DEL02-ES,Risco Médio,Alta
quinta-feira,BR-364,521.0,Pleno dia,Crescente,Céu Claro,Simples,Reta,-9.866421,-63.05811,DEL03-RO,Risco Médio,Alta
quinta-feira,BR-381,706.7,Plena Noite,Crescente,Céu Claro,Dupla,Reta,-21.34127,-45.17658,DEL04-MG,Risco Baixo,Alta
domingo,BR-290,580.0,Pleno dia,Crescente,Céu Claro,Simples,Reta,-29.80519,-55.78026,DEL13-RS,Risco Baixo,Baixa
quarta-feira,BR-285,320.7,Pleno dia,Crescente,Sol,Simples,Curva,-28.27386,-52.64461,DEL08-RS,Risco Médio,Baixa
quinta-feira,BR-101,451.4,Pleno dia,Crescente,Chuva,Simples,Não Informado,-21.15236,-41.27414,DEL03-ES,Risco Médio,Alta
quinta-feira,BR-60,364.0,Plena Noite,Crescente,Garoa/Chuvisco,Dupla,Reta,-17.6495,-50.7985,DEL04-GO,Risco Baixo,Média
quarta-feira,BR-354,752.7,Pleno dia,Crescente,Céu Claro,Simples,Reta,-22.29341,-44.86366,DEL17-MG,Risco Médio,Baixa
quinta-feira,BR-365,363.0,Plena Noite,Crescente,Céu Claro,Dupla,Curva,-18.45085,-46.07877,DEL10-MG,Risco Médio,Média
domingo,BR-381,637.4,Pleno dia,Crescente,Sol,Dupla,Curva,-20.89963,-44.85538,DEL04-MG,Risco Baixo,Alta
quarta-feira,BR-40,422.0,Pleno dia,Decrescente,Céu Claro,Simples,Reta,-19.1534,-44.5376,DEL02-MG,Risco Médio,Alta
domingo,BR-381,62.0,Pleno dia,Crescente,Céu Claro,Dupla,Não Informado,-23.29438,-46.57255,DEL03-SP,Risco Médio,Alta
terça-feira,BR-116,26.8,Pleno dia,Crescente,Céu Claro,Dupla,Reta,-22.61888,-44.90677,DEL08-SP,Risco Médio,Alta
domingo,BR-153,521.7,Plena Noite,Decrescente,Céu Claro,Dupla,Reta,-16.8937,-49.2557,DEL01-GO,Risco Médio,Alta
quarta-feira,BR-101,18.2,Amanhecer,Decrescente,Céu Claro,Dupla,Rotatória,-29.42186,-49.86832,DEL03-RS,Risco Baixo,Alta
quinta-feira,BR-364,449.1,Anoitecer,Decrescente,Céu Claro,Simples,Não Informado,-10.30286,-62.64955,DEL03-RO,Risco Médio,Alta
terça-feira,BR-277,730.0,Pleno dia,Decrescente,Céu Claro,Dupla,Curva,-25.50826,-54.59239,DEL05-PR,Risco Médio,Média
sábado,BR-101,335.0,Pleno dia,Crescente,Céu Claro,Simples,Interseção de vias,-28.46962,-49.015,DEL02-SC,Risco Médio,Alta
sexta-feira,BR-101,107.0,Pleno dia,Decrescente,Céu Claro,Simples,Reta,-12.13829,-38.39216,DEL01-BA,Risco Médio,Alta
terça-feira,BR-116,269.0,Pleno dia,Crescente,Chuva,Dupla,Curva,-22.5751,-44.11542,DEL07-RJ,Risco Baixo,Alta
quarta-feira,BR-116,115.9,Pleno dia,Crescente,Céu Claro,Múltipla,Não Informado,-16.56732,-41.5051,DEL11-MG,Risco Médio,Alta
sábado,BR-163,246.7,Anoitecer,Crescente,Nublado,Simples,Reta,-22.34043,-54.8113,DEL04-MS,Risco Médio,Alta
sexta-feira,BR-423,68.7,Plena Noite,Crescente,Garoa/Chuvisco,Simples,Reta,-8.672637,-36.39347,DEL03-PE,Risco Médio,Baixa
segunda-feira,BR-20,423.5,Pleno dia,Crescente,Céu Claro,Dupla,Reta,-3.857694,-38.54955,DEL01-CE,Risco Médio,Baixa
terça-feira,BR-428,24.0,Plena Noite,Crescente,Céu Claro,Simples,Reta,-8.48458,-39.43306,DEL05-PE,Risco Médio,Baixa
quinta-feira,BR-116,45.2,Plena Noite,Crescente,Céu Claro,Dupla,Reta,-4.137804,-38.48064,DEL01-CE,Risco Alto,Alta
sábado,BR-376,618.0,Plena Noite,Crescente,Chuva,Simples,Reta,-25.597,-49.17412,DEL01-PR,Risco Médio,Baixa
segunda-feira,BR-376,672.0,Plena Noite,Crescente,Chuva,Dupla,Reta,-25.89358,-48.93147,DEL01-PR,Risco Baixo,Baixa
segunda-feira,BR-262,161.1,Plena Noite,Decrescente,Céu Claro,Simples,Reta,-20.23727,-41.51813,DEL01-ES,Risco Baixo,Média
quinta-feira,BR-20,376.3,Plena Noite,Crescente,Céu Claro,Simples,Reta,-3.942351,-38.86843,DEL01-CE,Risco Médio,Baixa
sexta-feira,BR-163,664.0,Plena Noite,Decrescente,Nublado,Múltipla,Reta,-13.36939,-56.07439,DEL06-MT,Risco Médio,Alta
sexta-feira,BR-376,157.8,Pleno dia,Decrescente,Sol,Dupla,Retorno Regulamentado,-23.35111,-52.09125,DEL07-PR,Risco Médio,Baixa
sábado,BR-343,10.0,Pleno dia,Crescente,Sol,Simples,Reta,-2.90187,-41.74131,DEL05-PI,Risco Médio,Baixa
sábado,BR-262,6.5,Plena Noite,Crescente,Nublado,Múltipla,Retorno Regulamentado,-20.34159,-40.39734,DEL01-ES,Risco Médio,Média
sexta-feira,BR-116,269.6,Pleno dia,Crescente,Céu Claro,Múltipla,Interseção de vias,-23.60864,-46.758,DEL04-SP,Risco Médio,Alta
sábado,BR-282,377.5,Pleno dia,Crescente,Céu Claro,Simples,Curva,-27.21697,-51.47006,DEL07-SC,Risco Médio,Baixa
segunda-feira,BR-116,753.4,Plena Noite,Decrescente,Nublado,Simples,Reta,-14.49853,-40.35181,DEL08-BA,Risco Médio,Alta
segunda-feira,BR-232,407.9,Plena Noite,Decrescente,Céu Claro,Simples,Reta,-7.984421,-38.27707,DEL04-PE,Risco Médio,Baixa
segunda-feira,BR-369,94.0,Plena Noite,Decrescente,Céu Claro,Simples,Reta,-23.21575,-50.6695,DEL07-PR,Risco Baixo,Baixa
sexta-feira,BR-116,214.0,Pleno dia,Crescente,Céu Claro,Múltipla,Reta,-23.44333,-46.44531,DEL01-SP,Risco Médio,Alta
sexta-feira,BR-317,154.0,Plena Noite,Crescente,Céu Claro,Simples,Reta,-10.60283,-67.73891,DEL01-AC,Risco Médio,Baixa
terça-feira,BR-277,78.0,Pleno dia,Crescente,Nublado,Dupla,Reta,-25.48078,-49.19575,DEL01-PR,Risco Médio,Média
sábado,BR-101,322.0,Pleno dia,Crescente,Céu Claro,Dupla,Interseção de vias,-22.87892,-43.11068,DEL02-RJ,Risco Baixo,Alta
sexta-feira,BR-101,119.0,Plena Noite,Decrescente,Céu Claro,Dupla,Reta,-26.90432,-48.71555,DEL04-SC,Risco Médio,Alta
sexta-feira,BR-101,164.0,Pleno dia,Decrescente,Céu Claro,Dupla,Ponte,-27.24387,-48.6309,DEL04-SC,Risco Médio,Alta
domingo,BR-60,100.4,Plena Noite,Decrescente,Chuva,Dupla,Curva,-16.39859,-48.96738,DEL02-GO,Risco Médio,Média
quarta-feira,BR-386,242.2,Plena Noite,Decrescente,Céu Claro,Simples,Desvio Temporário,-28.7851,-52.52916,DEL04-RS,Risco Alto,Média
sábado,BR-277,69.0,Pleno dia,Crescente,Nublado,Dupla,Reta,-25.5189,-49.10957,DEL01-PR,Risco Médio,Média
sexta-feira,BR-163,666.0,Plena Noite,Crescente,Céu Claro,Simples,Reta,-13.35615,-56.06234,DEL06-MT,Risco Médio,Alta
sábado,BR-116,147.0,Plena Noite,Decrescente,Céu Claro,Múltipla,Reta,-23.19543,-45.87176,DEL02-SP,Risco Médio,Alta
segunda-feira,BR-116,222.0,Pleno dia,Decrescente,Nublado,Simples,Curva,-22.6897,-43.79175,DEL07-RJ,Risco Baixo,Alta
quinta-feira,BR-428,145.3,Pleno dia,Crescente,Céu Claro,Simples,Reta,-9.031335,-40.28849,DEL06-PE,Risco Médio,Baixa
sábado,BR-153,536.2,Anoitecer,Decrescente,Nublado,Dupla,Desvio Temporário,-17.0193,-49.2217,DEL01-GO,Risco Médio,Alta
quinta-feira,BR-470,65.0,Plena Noite,Crescente,Nublado,Simples,Reta,-26.87041,-49.21186,DEL04-SC,Risco Médio,Baixa
sábado,BR-324,517.0,Pleno dia,Decrescente,Sol,Simples,Reta,-12.26711,-38.96699,DEL02-BA,Risco Médio,Baixa
sexta-feira,BR-101,931.4,Pleno dia,Decrescente,Chuva,Simples,Reta,-17.97144,-39.85918,DEL09-BA,Risco Baixo,Alta
quarta-feira,BR-319,64.0,Pleno dia,Crescente,Céu Claro,Dupla,Reta,-8.762345,-63.90435,DEL01-RO,Risco Médio,Baixa
quinta-feira,BR-116,277.1,Pleno dia,Crescente,Céu Claro,Simples,Reta,-17.85876,-41.51254,DEL11-MG,Risco Baixo,Alta
quarta-feira,BR-116,511.0,Plena Noite,Decrescente,Céu Claro,Dupla,Não Informado,-24.8432,-48.2121,DEL05-SP,Risco Baixo,Alta
quinta-feira,BR-470,70.0,Plena Noite,Crescente,Chuva,Simples,Rotatória,-26.88039,-49.24256,DEL04-SC,Risco Médio,Baixa
domingo,BR-476,159.0,Pleno dia,Crescente,Céu Claro,Simples,Reta,-25.61573,-49.427,DEL01-PR,Risco Médio,Baixa
sexta-feira,BR-40,1.6,Pleno dia,Decrescente,Céu Claro,Dupla,Reta,-16.05824,-47.98282,DEL01-DF,Risco Médio,Alta
domingo,BR-101,428.0,Pleno dia,Decrescente,Céu Claro,Simples,Curva,-14.24693,-39.31944,DEL05-BA,Risco Baixo,Alta
quarta-feira,BR-40,793.2,Pleno dia,Crescente,Chuva,Dupla,Curva,-21.79449,-43.41425,DEL05-MG,Risco Médio,Alta
quarta-feira,BR-316,83.5,Anoitecer,Decrescente,Céu Claro,Dupla,Interseção de vias,-9.366476,-37.26096,DEL03-AL,Risco Médio,Baixa
sexta-feira,BR-101,152.5,Pleno dia,Decrescente,Sol,Simples,Reta,-12.3069,-38.71971,DEL01-BA,Risco Médio,Alta