dia_semana,br,km,fase_dia,sentido_via,condicao_metereologica,tipo_pista,tracado_via,latitude,longitude,delegacia,classificacao_acidente,postos_policiais_PRF
domingo,BR-316,72.2,Plena Noite,Crescente,Nublado,Simples,Reta,-7.817543,-40.16547,DEL05-PE,Risco Alto,Baixa
terça-feira,BR-101,72.0,Pleno dia,Decrescente,Garoa/Chuvisco,Simples,Reta,-21.79873,-41.39393,DEL08-RJ,Risco Médio,Alta
sexta-feira,BR-153,559.0,Plena Noite,Decrescente,Céu Claro,Dupla,Reta,-17.2115,-49.2226,DEL03-GO,Risco Médio,Alta
sábado,BR-364,34.0,Anoitecer,Crescente,Nublado,Simples,Reta,-12.67639,-60.29635,DEL04-RO,Risco Médio,Alta
quarta-feira,BR-364,70.0,Amanhecer,Crescente,Nublado,Simples,Desvio Temporário,-12.46733,-60.49874,DEL04-RO,Risco Baixo,Alta
sábado,BR-282,69.8,Pleno dia,Crescente,Chuva,Simples,Desvio Temporário,-27.694,-49.08893,DEL01-SC,Risco Médio,Baixa
sábado,BR-50,54.0,Plena Noite,Decrescente,Chuva,Dupla,Curva,-18.91461,-48.27538,DEL15-MG,Risco Baixo,Média
domingo,BR-277,123.1,Pleno dia,Crescente,Sol,Dupla,Reta,-25.44558,-49.46925,DEL01-PR,Risco Médio,Média
segunda-feira,BR-364,441.0,Plena Noite,Crescente,Céu Claro,Simples,Reta,-15.60189,-56.20505,DEL01-MT,Risco Alto,Alta
domingo,BR-364,121.0,Plena Noite,Crescente,Céu Claro,Dupla,Reta,-10.01192,-67.77133,DEL01-AC,Risco Médio,Alta
terça-feira,BR-470,3.0,Plena Noite,Crescente,Nublado,Simples,Não Informado,-26.86194,-48.68162,DEL04-SC,Risco Médio,Baixa
quarta-feira,BR-153,736.2,Pleno dia,Decrescente,Céu Claro,Simples,Reta,-12.26229,-49.15951,DEL01-TO,Risco Baixo,Alta
terça-feira,BR-101,415.0,Pleno dia,Decrescente,Nublado,Dupla,Não Informado,-22.90433,-43.88181,DEL03-RJ,Risco Médio,Alta
quinta-feira,BR-376,209.0,Pleno dia,Crescente,Céu Claro,Simples,Interseção de vias,-23.52241,-51.67904,DEL07-PR,Risco Médio,Baixa
sábado,BR-230,382.0,Pleno dia,Crescente,Céu Claro,Simples,Reta,-7.343626,-45.96021,DEL05-MA,Risco Médio,Baixa
sábado,BR-101,200.0,Plena Noite,Crescente,Nublado,Dupla,Não Informado,-27.5402,-48.6229,DEL01-SC,Risco Médio,Alta
segunda-feira,BR-262,408.0,Plena Noite,Decrescente,Céu Claro,Dupla,Reta,-19.9056,-44.6666,DEL08-MG,Risco Médio,Média
sexta-feira,BR-60,163.0,Plena Noite,Decrescente,Chuva,Dupla,Interseção de vias,-16.7002,-49.3335,DEL01-GO,Risco Médio,Média
domingo,BR-116,5.0,Pleno dia,Crescente,Céu Claro,Simples,Reta,-7.879868,-39.10489,DEL05-PE,Risco Médio,Alta
sábado,BR-70,94.7,Plena Noite,Decrescente,Céu Claro,Simples,Curva,-15.57394,-52.8946,DEL07-MT,Risco Baixo,Baixa
domingo,BR-365,325.0,Pleno dia,Decrescente,Céu Claro,Simples,Não Informado,-18.28289,-45.91092,DEL10-MG,Risco Baixo,Média
terça-feira,BR-304,32.0,Pleno dia,Crescente,Céu Claro,Simples,Reta,-5.137324,-37.3455,DEL04-RN,Risco Baixo,Baixa
segunda-feira,BR-381,743.8,Pleno dia,Decrescente,Chuva,Dupla,Curva,-21.62607,-45.26881,DEL16-MG,Risco Médio,Alta
sábado,BR-116,89.0,Pleno dia,Decrescente,Céu Claro,Dupla,Não Informado,-25.45429,-49.08817,DEL01-PR,Risco Médio,Alta
quinta-feira,BR-153,500.0,Pleno dia,Crescente,Céu Claro,Dupla,Reta,-16.7063,-49.23076,DEL01-GO,Risco Médio,Alta
sábado,BR-10,248.0,Pleno dia,Crescente,Céu Claro,Simples,Reta,-5.566143,-47.44903,DEL04-MA,Risco Médio,Baixa
sexta-feira,BR-101,55.0,Pleno dia,Crescente,Céu Claro,Dupla,Reta,-26.42281,-48.82977,DEL03-SC,Risco Médio,Alta
quarta-feira,BR-242,343.0,Pleno dia,Crescente,Chuva,Simples,Reta,-12.4701,-41.40816,DEL06-BA,Risco Baixo,Baixa
terça-feira,BR-493,85.0,Pleno dia,Crescente,Garoa/Chuvisco,Dupla,Reta,-22.65758,-43.61624,DEL01-RJ,Risco Alto,Baixa
domingo,BR-262,417.7,Pleno dia,Crescente,Céu Claro,Dupla,Não Informado,-19.90564,-44.68893,DEL08-MG,Risco Médio,Média
quarta-feira,BR-232,65.5,Plena Noite,Crescente,Céu Claro,Simples,Curva,-8.167335,-35.45365,DEL02-PE,Risco Baixo,Baixa
terça-feira,BR-369,133.3,Pleno dia,Decrescente,Céu Claro,Dupla,Interseção de vias,-23.26062,-51.01268,DEL07-PR,Risco Médio,Baixa
terça-feira,BR-116,242.7,Plena Noite,Decrescente,Garoa/Chuvisco,Dupla,Reta,-29.72555,-51.14884,DEL01-RS,Risco Médio,Alta
quinta-feira,BR-364,817.7,Plena Noite,Decrescente,Céu Claro,Simples,Reta,-14.17885,-57.99013,DEL01-MT,Risco Médio,Alta
sábado,BR-158,65.0,Plena Noite,Crescente,Céu Claro,Simples,Reta,-27.6148,-53.3448,DEL08-RS,Risco Baixo,Baixa
quarta-feira,BR-101,192.3,Pleno dia,Crescente,Nublado,Múltipla,Curva,-27.48444,-48.64765,DEL01-SC,Risco Médio,Alta
sexta-feira,BR-116,25.0,Plena Noite,Decrescente,Nevoeiro/Neblina,Múltipla,Reta,-25.10784,-48.77549,DEL01-PR,Risco Baixo,Alta
quarta-feira,BR-319,62.0,Pleno dia,Decrescente,Céu Claro,Dupla,Reta,-8.748029,-63.88811,DEL01-RO,Risco Baixo,Baixa
quinta-feira,BR-101,77.0,Plena Noite,Crescente,Céu Claro,Dupla,Reta,-8.132903,-34.94676,DEL01-PE,Risco Alto,Alta
sexta-feira,BR-470,55.0,Pleno dia,Crescente,Céu Claro,Simples,Reta,-26.8756,-49.11799,DEL04-SC,Risco Médio,Baixa
quinta-feira,BR-393,129.0,Plena Noite,Crescente,Céu Claro,Simples,Curva,-21.95979,-42.85154,DEL06-RJ,Risco Alto,Média
quarta-feira,BR-116,223.4,Pleno dia,Decrescente,Chuva,Simples,Não Informado,-22.6779,-43.83529,DEL07-RJ,Risco Médio,Alta
terça-feira,BR-116,808.0,Plena Noite,Crescente,Nublado,Simples,Reta,-21.81918,-42.68924,DEL07-MG,Risco Baixo,Alta
segunda-feira,BR-415,51.9,Plena Noite,Decrescente,Chuva,Simples,Ponte,-14.81574,-39.29612,DEL05-BA,Risco Baixo,Baixa
segunda-feira,BR-101,47.5,Pleno dia,Crescente,Sol,Simples,Rotatória,-23.43351,-45.08591,DEL06-SP,Risco Médio,Alta
quarta-feira,BR-40,135.8,Pleno dia,Decrescente,Céu Claro,Simples,Reta,-16.94228,-47.31384,DEL01-DF,Risco Médio,Alta
segunda-feira,BR-381,872.8,Pleno dia,Crescente,Chuva,Dupla,Não Informado,-22.40716,-45.96187,DEL16-MG,Risco Baixo,Alta
sexta-feira,BR-470,183.5,Plena Noite,Crescente,Chuva,Simples,Reta,-27.25185,-50.02294,DEL04-SC,Risco Alto,Baixa
domingo,BR-364,218.5,Pleno dia,Decrescente,Céu Claro,Simples,Reta,-11.53945,-61.30855,DEL02-RO,Risco Médio,Alta
quinta-feira,BR-235,54.7,Pleno dia,Decrescente,Sol,Múltipla,Não Informado,-10.67605,-37.44328,DEL01-SE,Risco Médio,Baixa
terça-feira,BR-472,570.0,Plena Noite,Crescente,Céu Claro,Simples,Reta,-29.75518,-57.08882,DEL13-RS,Risco Médio,Baixa
sexta-feira,BR-282,522.7,Pleno dia,Decrescente,Céu Claro,Simples,Reta,-26.95624,-52.54264,DEL07-SC,Risco Médio,Baixa
quarta-feira,BR-153,387.9,Pleno dia,Crescente,Sol,Simples,Desvio Temporário,-25.87687,-50.83529,DEL03-PR,Risco Médio,Alta
quinta-feira,BR-101,63.0,Plena Noite,Decrescente,Chuva,Dupla,Reta,-26.45934,-48.75766,DEL03-SC,Risco Baixo,Alta
domingo,BR-381,35.0,Pleno dia,Crescente,Céu Claro,Dupla,Reta,-23.08859,-46.5718,DEL03-SP,Risco Médio,Alta
sábado,BR-470,240.0,Plena Noite,Crescente,Céu Claro,Simples,Não Informado,-29.32956,-51.49894,DEL06-RS,Risco Baixo,Baixa
segunda-feira,BR-116,29.0,Pleno dia,Decrescente,Sol,Dupla,Curva,-25.10669,-48.80407,DEL01-PR,Risco Baixo,Alta
sábado,BR-153,418.5,Pleno dia,Crescente,Chuva,Simples,Reta,-16.17695,-49.04298,DEL02-GO,Risco Médio,Alta
sexta-feira,BR-232,290.0,Pleno dia,Crescente,Sol,Simples,Reta,-8.006573,-38.97879,DEL03-PE,Risco Médio,Baixa
sexta-feira,BR-116,173.0,Plena Noite,Crescente,Céu Claro,Múltipla,Reta,-22.7981,-43.35727,DEL01-RJ,Risco Médio,Alta
sábado,BR-262,174.0,Amanhecer,Decrescente,Chuva,Simples,Não Informado,-20.26926,-41.60921,DEL01-ES,Risco Médio,Média
terça-feira,BR-101,45.0,Pleno dia,Decrescente,Céu Claro,Dupla,Reta,-23.41779,-45.06788,DEL06-SP,Risco Médio,Alta
domingo,BR-116,208.0,Plena Noite,Crescente,Céu Claro,Dupla,Reta,-23.42222,-46.39328,DEL01-SP,Risco Médio,Alta
sábado,BR-376,590.0,Pleno dia,Decrescente,Céu Claro,Dupla,Reta,-25.45156,-49.36238,DEL01-PR,Risco Médio,Baixa
sábado,BR-40,780.4,Plena Noite,Decrescente,Céu Claro,Simples,Interseção de vias,-21.69974,-43.45044,DEL05-MG,Risco Baixo,Alta
domingo,BR-116,147.0,Plena Noite,Crescente,Chuva,Dupla,Reta,-23.19702,-45.87412,DEL02-SP,Risco Médio,Alta
sábado,BR-381,815.1,Pleno dia,Decrescente,Chuva,Dupla,Curva,-22.0374,-45.6835,DEL16-MG,Risco Médio,Alta
quinta-feira,BR-101,82.0,Pleno dia,Crescente,Céu Claro,Dupla,Reta,-7.139048,-34.93309,DEL01-PB,Risco Médio,Alta
quinta-feira,BR-116,644.0,Plena Noite,Crescente,Chuva,Múltipla,Curva,-13.61431,-40.09201,DEL03-BA,Risco Médio,Alta
sábado,BR-381,670.0,Plena Noite,Decrescente,Chuva,Dupla,Reta,-21.08238,-45.06247,DEL04-MG,Risco Médio,Alta
domingo,BR-324,550.0,Plena Noite,Decrescente,Céu Claro,Dupla,Reta,-12.43833,-38.72507,DEL01-BA,Risco Médio,Baixa
segunda-feira,BR-101,64.7,Pleno dia,Crescente,Céu Claro,Dupla,Reta,-8.016292,-34.94046,DEL01-PE,Risco Baixo,Alta
sexta-feira,BR-116,137.7,Plena Noite,Crescente,Garoa/Chuvisco,Simples,Curva,-26.9377,-50.43146,DEL06-SC,Risco Médio,Alta
segunda-feira,BR-369,168.1,Plena Noite,Decrescente,Céu Claro,Dupla,Reta,-23.29994,-51.32598,DEL07-PR,Risco Médio,Baixa
quinta-feira,BR-343,341.0,Pleno dia,Decrescente,Nublado,Dupla,Não Informado,-5.0615,-42.7107,DEL01-PI,Risco Baixo,Baixa
segunda-feira,BR-116,423.0,Pleno dia,Crescente,Céu Claro,Simples,Reta,-18.94501,-41.95005,DEL06-MG,Risco Médio,Alta
terça-feira,BR-293,15.5,Amanhecer,Crescente,Céu Claro,Simples,Interseção de vias,-31.749,-52.47794,DEL07-RS,Risco Médio,Baixa
segunda-feira,BR-222,197.5,Pleno dia,Crescente,Céu Claro,Simples,Curva,-3.803,-40.184,DEL04-CE,Risco Médio,Baixa
sábado,BR-381,76.0,Plena Noite,Decrescente,Céu Claro,Dupla,Não Informado,-23.38372,-46.56502,DEL03-SP,Risco Médio,Alta
quarta-feira,BR-354,15.0,Pleno dia,Crescente,Nublado,Dupla,Ponte,-22.44549,-44.72896,DEL07-RJ,Risco Baixo,Baixa
quarta-feira,BR-230,370.0,Plena Noite,Crescente,Céu Claro,Simples,Reta,-6.9079,-37.5497,DEL03-PB,Risco Alto,Baixa
quarta-feira,BR-365,772.6,Pleno dia,Decrescente,Sol,Simples,Reta,-18.95966,-49.65646,DEL15-MG,Risco Médio,Média
sexta-feira,BR-135,4.0,Plena Noite,Decrescente,Céu Claro,Dupla,Desvio Temporário,-2.614249,-44.25257,DEL01-MA,Risco Médio,Baixa
segunda-feira,BR-232,6.7,Pleno dia,Decrescente,Céu Claro,Dupla,Reta,-8.072784,-34.95961,DEL01-PE,Risco Médio,Baixa
quarta-feira,BR-470,161.1,Pleno dia,Crescente,Nublado,Simples,Reta,-27.28671,-49.79564,DEL04-SC,Risco Médio,Baixa
sexta-feira,BR-50,163.9,Anoitecer,Crescente,Chuva,Dupla,Não Informado,-19.67627,-47.99599,DEL13-MG,Risco Médio,Média
sexta-feira,BR-364,1235.0,Plena Noite,Decrescente,Chuva,Simples,Reta,-13.67635,-59.72854,DEL04-MT,Risco Médio,Alta
quinta-feira,BR-101,22.6,Plena Noite,Crescente,Chuva,Dupla,Interseção de vias,-26.16229,-48.90759,DEL03-SC,Risco Médio,Alta
sexta-feira,BR-60,65.3,Pleno dia,Crescente,Céu Claro,Simples,Curva,-19.03827,-53.00817,DEL06-MS,Risco Médio,Média
sábado,BR-376,270.0,Pleno dia,Decrescente,Céu Claro,Dupla,Reta,-23.76531,-51.27235,DEL07-PR,Risco Médio,Baixa
segunda-feira,BR-376,594.5,Pleno dia,Decrescente,Céu Claro,Dupla,Reta,-25.4848,-49.3473,DEL01-PR,Risco Baixo,Baixa
domingo,BR-290,179.9,Plena Noite,Crescente,Nublado,Simples,Reta,-30.14021,-52.02449,DEL02-RS,Risco Médio,Baixa
sexta-feira,BR-452,3.0,Pleno dia,Crescente,Céu Claro,Dupla,Curva,-17.80066,-50.87743,DEL04-GO,Risco Médio,Baixa
sábado,BR-381,67.0,Plena Noite,Decrescente,Chuva,Múltipla,Reta,-23.33226,-46.57675,DEL03-SP,Risco Médio,Alta
sábado,BR-420,332.5,Plena Noite,Crescente,Céu Claro,Simples,Não Informado,-13.47567,-39.94895,DEL03-BA,Risco Baixo,Baixa
terça-feira,BR-153,437.9,Plena Noite,Crescente,Nublado,Dupla,Reta,-16.28705,-48.94264,DEL02-GO,Risco Alto,Alta
sexta-feira,BR-101,191.0,Anoitecer,Decrescente,Céu Claro,Simples,Curva,-9.93302,-36.47142,DEL02-AL,Risco Baixo,Alta
sábado,BR-364,425.0,Pleno dia,Decrescente,Céu Claro,Simples,Reta,-10.43396,-62.47733,DEL03-RO,Risco Médio,Alta
quinta-feira,BR-101,204.8,Pleno dia,Decrescente,Céu Claro,Dupla,Reta,-27.57413,-48.61363,DEL01-SC,Risco Baixo,Alta
quinta-feira,BR-104,107.9,Plena Noite,Crescente,Nublado,Simples,Reta,-7.108665,-35.86803,DEL02-PB,Risco Médio,Baixa
domingo,BR-459,30.1,Pleno dia,Decrescente,Chuva,Simples,Reta,-22.72641,-45.10272,DEL08-SP,Risco Médio,Baixa
quarta-feira,BR-101,136.0,Plena Noite,Decrescente,Céu Claro,Múltipla,Curva,-27.01029,-48.61469,DEL04-SC,Risco Alto,Alta
quarta-feira,BR-393,1.0,Pleno dia,Crescente,Céu Claro,Simples,Reta,-20.8372,-41.1674,DEL03-ES,Risco Médio,Média
domingo,BR-324,579.0,Pleno dia,Decrescente,Céu Claro,Dupla,Não Informado,-12.59425,-38.5164,DEL01-BA,Risco Médio,Baixa
segunda-feira,BR-116,145.0,Pleno dia,Crescente,Céu Claro,Múltipla,Não Informado,-23.18585,-45.85318,DEL02-SP,Risco Médio,Alta
sábado,BR-10,285.0,Pleno dia,Crescente,Céu Claro,Simples,Reta,-1.941083,-47.52411,DEL02-PA,Risco Médio,Baixa
domingo,BR-153,610.0,Plena Noite,Crescente,Céu Claro,Simples,Reta,-31.25136,-53.8989,DEL11-RS,Risco Baixo,Alta
terça-feira,BR-104,78.4,Pleno dia,Decrescente,Sol,Simples,Não Informado,-8.386462,-35.97943,DEL02-PE,Risco Médio,Baixa
quinta-feira,BR-116,282.0,Pleno dia,Crescente,Céu Claro,Dupla,Reta,-22.52405,-44.20073,DEL07-RJ,Risco Baixo,Alta
sexta-feira,BR-10,252.0,Pleno dia,Crescente,Sol,Simples,Reta,-5.53562,-47.46959,DEL04-MA,Risco Baixo,Baixa
terça-feira,BR-116,218.0,Plena Noite,Crescente,Nublado,Múltipla,Desvio Temporário,-23.46032,-46.48641,DEL01-SP,Risco Médio,Alta
segunda-feira,BR-381,618.0,Plena Noite,Crescente,Chuva,Dupla,Curva,-20.76896,-44.78172,DEL04-MG,Risco Médio,Alta
quinta-feira,BR-316,180.6,Pleno dia,Crescente,Céu Claro,Simples,Curva,-6.248582,-41.96615,DEL04-PI,Risco Baixo,Baixa
domingo,BR-60,117.9,Pleno dia,Decrescente,Céu Claro,Múltipla,Não Informado,-16.48421,-49.09279,DEL01-GO,Risco Médio,Média
domingo,BR-235,51.0,Plena Noite,Decrescente,Nublado,Múltipla,Interseção de vias,-10.70023,-37.43142,DEL01-SE,Risco Baixo,Baixa
quarta-feira,BR-116,6.0,Pleno dia,Decrescente,Céu Claro,Simples,Interseção de vias,-14.83237,-40.88692,DEL05-PE,Risco Médio,Alta
segunda-feira,BR-50,176.3,Pleno dia,Crescente,Céu Claro,Dupla,Reta,-19.7792,-47.96003,DEL13-MG,Risco Médio,Média
terça-feira,BR-116,22.5,Pleno dia,Crescente,Nublado,Dupla,Curva,-25.11109,-48.75104,DEL01-PR,Risco Baixo,Alta
segunda-feira,BR-251,465.2,Pleno dia,Crescente,Chuva,Simples,Não Informado,-16.4571,-43.40387,DEL12-MG,Risco Alto,Baixa
sexta-feira,BR-101,100.3,Pleno dia,Decrescente,Céu Claro,Dupla,Reta,-5.883806,-35.22636,DEL01-RN,Risco Médio,Alta
terça-feira,BR-282,1.7,Plena Noite,Decrescente,Nublado,Múltipla,Reta,-27.60296,-48.58051,DEL01-SC,Risco Médio,Baixa
sexta-feira,BR-50,80.0,Plena Noite,Crescente,Céu Claro,Dupla,Reta,-18.98691,-48.21185,DEL15-MG,Risco Médio,Média
segunda-feira,BR-110,47.8,Anoitecer,Crescente,Nublado,Simples,Não Informado,-5.207961,-37.33184,DEL04-RN,Risco Médio,Baixa
segunda-feira,BR-280,22.5,Anoitecer,Decrescente,Céu Claro,Simples,Reta,-26.37157,-48.70171,DEL03-SC,Risco Médio,Baixa
terça-feira,BR-356,109.0,Pleno dia,Crescente,Céu Claro,Simples,Curva,-21.55575,-41.46193,DEL08-RJ,Risco Médio,Baixa
sábado,BR-381,86.8,Pleno dia,Crescente,Céu Claro,Dupla,Reta,-23.4593,-46.57161,DEL03-SP,Risco Baixo,Alta
domingo,BR-116,213.0,Pleno dia,Decrescente,Céu Claro,Múltipla,Reta,-23.43971,-46.43668,DEL01-SP,Risco Médio,Alta
sábado,BR-153,150.6,Anoitecer,Crescente,Céu Claro,Simples,Reta,-7.248126,-48.25534,DEL02-TO,Risco Alto,Alta
segunda-feira,BR-381,707.0,Pleno dia,Crescente,Chuva,Dupla,Curva,-22.22708,-45.93937,DEL04-MG,Risco Baixo,Alta
domingo,BR-262,47.0,Plena Noite,Decrescente,Chuva,Simples,Reta,-20.41398,-40.71402,DEL01-ES,Risco Baixo,Média
quarta-feira,BR-70,11.2,Pleno dia,Crescente,Céu Claro,Dupla,Retorno Regulamentado,-15.78976,-48.14873,DEL01-DF,Risco Baixo,Baixa
quarta-feira,BR-101,208.6,Anoitecer,Crescente,Chuva,Múltipla,Reta,-27.6101,-48.6388,DEL01-SC,Risco Médio,Alta
sexta-feira,BR-277,79.0,Anoitecer,Crescente,Céu Claro,Dupla,Reta,-25.42895,-49.26714,DEL01-PR,Risco Médio,Média
domingo,BR-376,651.0,Plena Noite,Decrescente,Chuva,Dupla,Curva,-25.84524,-49.07858,DEL01-PR,Risco Médio,Baixa
terça-feira,BR-392,1.0,Plena Noite,Decrescente,Céu Claro,Simples,Reta,-31.7602,-52.4381,DEL07-RS,Risco Médio,Média
sábado,BR-259,15.9,Pleno dia,Crescente,Nublado,Simples,Curva,-19.65669,-40.42321,DEL02-ES,Risco Baixo,Baixa
domingo,BR-40,5.1,Plena Noite,Decrescente,Céu Claro,Dupla,Reta,-16.09313,-47.98224,DEL01-DF,Risco Médio,Alta
domingo,BR-356,271.1,Pleno dia,Crescente,Sol,Simples,Curva,-21.1321,-42.31712,DEL07-MG,Risco Alto,Baixa
quarta-feira,BR-316,88.4,Pleno dia,Decrescente,Céu Claro,Simples,Reta,-1.31635,-47.70955,DEL01-PA,Risco Médio,Baixa
quarta-feira,BR-316,242.0,Pleno dia,Crescente,Céu Claro,Simples,Rotatória,-9.507274,-36.02114,DEL01-AL,Risco Médio,Baixa
sábado,BR-163,1001.0,Pleno dia,Decrescente,Céu Claro,Simples,Reta,-2.464507,-54.72745,DEL05-PA,Risco Médio,Alta
sexta-feira,BR-40,548.0,Pleno dia,Decrescente,Chuva,Dupla,Reta,-20.02862,-43.96959,DEL01-MG,Risco Médio,Alta
domingo,BR-163,433.0,Plena Noite,Decrescente,Céu Claro,Simples,Reta,-20.87463,-54.50627,DEL01-MS,Risco Baixo,Alta
sexta-feira,BR-324,625.0,Plena Noite,Crescente,Nublado,Múltipla,Reta,-12.94195,-38.47081,DEL01-BA,Risco Médio,Baixa
sábado,BR-146,479.9,Pleno dia,Decrescente,Céu Claro,Simples,Reta,-21.76026,-46.4086,DEL09-MG,Risco Médio,Baixa
sexta-feira,BR-116,35.5,Pleno dia,Crescente,Nublado,Simples,Não Informado,-26.33589,-50.0052,DEL06-SC,Risco Baixo,Alta
domingo,BR-392,685.0,Plena Noite,Crescente,Céu Claro,Simples,Reta,-28.11723,-54.95598,DEL10-RS,Risco Alto,Média
terça-feira,BR-153,138.0,Plena Noite,Crescente,Céu Claro,Dupla,Rotatória,-7.1551,-48.20416,DEL02-TO,Risco Médio,Alta
sexta-feira,BR-364,287.6,Plena Noite,Decrescente,Céu Claro,Dupla,Reta,-15.90482,-55.07498,DEL02-MT,Risco Baixo,Alta
domingo,BR-262,801.9,Plena Noite,Decrescente,Céu Claro,Dupla,Reta,-19.77095,-47.90748,DEL13-MG,Risco Médio,Média
terça-feira,BR-376,629.0,Plena Noite,Crescente,Nublado,Dupla,Reta,-25.67832,-49.14963,DEL01-PR,Risco Baixo,Baixa
quinta-feira,BR-116,269.7,Plena Noite,Crescente,Céu Claro,Dupla,Interseção de vias,-23.60862,-46.7582,DEL04-SP,Risco Médio,Alta
domingo,BR-40,784.0,Pleno dia,Decrescente,Céu Claro,Dupla,Retorno Regulamentado,-21.72879,-43.43702,DEL05-MG,Risco Médio,Alta
terça-feira,BR-40,695.3,Pleno dia,Decrescente,Nublado,Simples,Não Informado,-21.16565,-43.75758,DEL05-MG,Risco Médio,Alta
sexta-feira,BR-290,617.0,Pleno dia,Crescente,Céu Claro,Simples,Reta,-29.94731,-56.09802,DEL13-RS,Risco Médio,Baixa
domingo,BR-406,150.0,Pleno dia,Crescente,Céu Claro,Simples,Reta,-5.64975,-35.43235,DEL02-RN,Risco Médio,Baixa
segunda-feira,BR-101,167.0,Pleno dia,Crescente,Céu Claro,Simples,Reta,-19.52623,-40.15116,DEL04-ES,Risco Médio,Alta
quinta-feira,BR-324,7.0,Plena Noite,Crescente,Nublado,Dupla,Viaduto,-12.26951,-38.98787,DEL02-BA,Risco Médio,Baixa
quarta-feira,BR-373,177.3,Plena Noite,Crescente,Chuva,Dupla,Reta,-25.05553,-50.22747,DEL03-PR,Risco Médio,Baixa
sexta-feira,BR-280,46.1,Plena Noite,Decrescente,Chuva,Simples,Reta,-26.45296,-48.90799,DEL03-SC,Risco Médio,Baixa
sábado,BR-153,393.5,Plena Noite,Decrescente,Céu Claro,Simples,Reta,-9.352753,-48.54369,DEL02-TO,Risco Médio,Alta
quarta-feira,BR-116,55.0,Plena Noite,Decrescente,Céu Claro,Simples,Reta,-4.203642,-38.47065,DEL03-CE,Risco Alto,Alta
quinta-feira,BR-369,152.1,Pleno dia,Crescente,Céu Claro,Dupla,Reta,-23.29265,-51.16639,DEL07-PR,Risco Médio,Baixa
sexta-feira,BR-40,803.0,Anoitecer,Decrescente,Ignorado,Dupla,Reta,-21.8568,-43.37748,DEL05-MG,Risco Médio,Alta
sábado,BR-324,582.0,Pleno dia,Crescente,Céu Claro,Dupla,Reta,-12.6165,-38.4852,DEL01-BA,Risco Baixo,Baixa
sexta-feira,BR-104,0.2,Pleno dia,Crescente,Nublado,Simples,Curva,-7.818907,-36.09856,DEL02-PE,Risco Médio,Baixa
sexta-feira,BR-354,13.0,Anoitecer,Crescente,Céu Claro,Simples,Reta,-22.43662,-44.73552,DEL07-RJ,Risco Médio,Baixa
quinta-feira,BR-242,323.0,Pleno dia,Decrescente,Céu Claro,Simples,Curva,-12.46734,-41.08997,DEL06-BA,Risco Médio,Baixa
quarta-feira,BR-101,258.2,Pleno dia,Decrescente,Garoa/Chuvisco,Dupla,Curva,-20.13191,-40.29459,DEL02-ES,Risco Médio,Alta
sexta-feira,BR-381,890.2,Pleno dia,Decrescente,Chuva,Dupla,Curva,-22.54088,-46.03746,DEL16-MG,Risco Médio,Alta
terça-feira,BR-60,13.5,Pleno dia,Crescente,Nublado,Dupla,Reta,-16.11206,-48.34621,DEL01-DF,Risco Médio,Média
domingo,BR-116,285.1,Plena Noite,Decrescente,Céu Claro,Dupla,Não Informado,-23.70517,-46.87241,DEL04-SP,Risco Médio,Alta
sábado,BR-470,38.0,Pleno dia,Crescente,Céu Claro,Simples,Não Informado,-26.9147,-48.97554,DEL04-SC,Risco Médio,Baixa
sexta-feira,BR-101,116.0,Pleno dia,Decrescente,Céu Claro,Dupla,Curva,-11.00551,-37.30923,DEL02-SE,Risco Médio,Alta
segunda-feira,BR-163,1002.0,Anoitecer,Crescente,Nublado,Simples,Reta,-2.45567,-54.72855,DEL05-PA,Risco Médio,Alta
terça-feira,BR-101,7.6,Pleno dia,Decrescente,Nublado,Simples,Desvio Temporário,-18.23062,-39.94876,DEL04-ES,Risco Alto,Alta
domingo,BR-407,6.2,Plena Noite,Crescente,Céu Claro,Dupla,Reta,-9.455955,-40.48656,DEL06-PE,Risco Médio,Baixa
domingo,BR-235,12.4,Plena Noite,Crescente,Céu Claro,Simples,Curva,-10.87264,-37.16325,DEL01-SE,Risco Alto,Baixa
quarta-feira,BR-116,269.0,Pleno dia,Decrescente,Céu Claro,Múltipla,Reta,-29.95943,-51.17609,DEL01-RS,Risco Baixo,Alta
segunda-feira,BR-251,460.0,Pleno dia,Crescente,Chuva,Simples,Reta,-16.41811,-43.38361,DEL12-MG,Risco Médio,Baixa
sexta-feira,BR-386,35.8,Pleno dia,Crescente,Nublado,Simples,Reta,-27.36511,-53.3949,DEL08-RS,Risco Alto,Média
domingo,BR-116,39.8,Pleno dia,Decrescente,Céu Claro,Dupla,Reta,-22.67528,-44.99918,DEL08-SP,Risco Médio,Alta
segunda-feira,BR-116,322.6,Pleno dia,Crescente,Nublado,Simples,Reta,-18.03158,-41.68535,DEL11-MG,Risco Médio,Alta
terça-feira,BR-316,216.4,Pleno dia,Decrescente,Nublado,Simples,Curva,-9.503598,-36.21488,DEL01-AL,Risco Médio,Baixa
segunda-feira,BR-262,376.0,Pleno dia,Crescente,Nublado,Dupla,Curva,-19.9303,-44.3987,DEL01-MG,Risco Médio,Média
quarta-feira,BR-153,498.1,Pleno dia,Decrescente,Céu Claro,Dupla,Não Informado,-16.6939,-49.2321,DEL01-GO,Risco Médio,Alta
terça-feira,BR-293,83.7,Pleno dia,Crescente,Chuva,Simples,Curva,-31.64477,-53.14521,DEL07-RS,Risco Médio,Baixa