dia_semana,br,km,fase_dia,sentido_via,condicao_metereologica,tipo_pista,tracado_via,latitude,longitude,delegacia,classificacao_acidente,postos_policiais_PRF
domingo,BR-116,14.6,Plena Noite,Crescente,Garoa/Chuvisco,Dupla,Curva,-25.09836,-48.67392,DEL01-PR,Risco Médio,Alta
quarta-feira,BR-235,51.9,Pleno dia,Crescente,Céu Claro,Simples,Reta,-10.70023,-37.43142,DEL01-SE,Risco Médio,Baixa
sexta-feira,BR-101,288.4,Plena Noite,Crescente,Céu Claro,Dupla,Reta,-20.26437,-40.42034,DEL01-ES,Risco Médio,Alta
sexta-feira,BR-116,130.0,Pleno dia,Crescente,Nublado,Dupla,Reta,-25.67173,-49.31518,DEL01-PR,Risco Médio,Alta
quinta-feira,BR-277,74.0,Pleno dia,Decrescente,Céu Claro,Dupla,Reta,-25.51726,-49.11541,DEL01-PR,Risco Médio,Média
sexta-feira,BR-135,595.0,Pleno dia,Crescente,Céu Claro,Simples,Não Informado,-10.47825,-45.18265,DEL03-PI,Risco Alto,Baixa
domingo,BR-381,52.5,Anoitecer,Crescente,Céu Claro,Dupla,Não Informado,-23.23329,-46.60207,DEL03-SP,Risco Médio,Alta
segunda-feira,BR-476,67.0,Pleno dia,Decrescente,Nublado,Simples,Curva,-25.05416,-49.08772,DEL01-PR,Risco Médio,Baixa
sexta-feira,BR-277,69.0,Plena Noite,Decrescente,Nublado,Dupla,Reta,-25.53715,-49.07077,DEL01-PR,Risco Médio,Média
domingo,BR-369,109.5,Plena Noite,Crescente,Chuva,Simples,Reta,-23.26682,-50.79838,DEL07-PR,Risco Médio,Baixa
sábado,BR-282,498.8,Pleno dia,Crescente,Sol,Simples,Reta,-26.87978,-52.35383,DEL07-SC,Risco Baixo,Baixa
sexta-feira,BR-285,583.1,Pleno dia,Decrescente,Chuva,Simples,Reta,-28.4501,-55.11946,DEL12-RS,Risco Médio,Baixa
sexta-feira,BR-369,94.0,Plena Noite,Crescente,Céu Claro,Simples,Interseção de vias,-23.21298,-50.67002,DEL07-PR,Risco Médio,Baixa
terça-feira,BR-101,208.3,Pleno dia,Decrescente,Céu Claro,Dupla,Reta,-27.60328,-48.63202,DEL01-SC,Risco Médio,Alta
terça-feira,BR-50,77.0,Pleno dia,Crescente,Chuva,Simples,Curva,-18.84814,-48.25195,DEL15-MG,Risco Médio,Média
quinta-feira,BR-282,1.0,Pleno dia,Decrescente,Nublado,Dupla,Reta,-27.6018,-48.5789,DEL01-SC,Risco Médio,Baixa
terça-feira,BR-470,58.1,Pleno dia,Decrescente,Céu Claro,Simples,Retorno Regulamentado,-26.88388,-49.14562,DEL04-SC,Risco Médio,Baixa
segunda-feira,BR-101,117.9,Anoitecer,Crescente,Nublado,Dupla,Reta,-26.88747,-48.72253,DEL04-SC,Risco Médio,Alta
quinta-feira,BR-101,258.1,Pleno dia,Decrescente,Céu Claro,Dupla,Reta,-20.1306,-40.2961,DEL02-ES,Risco Médio,Alta
sábado,BR-414,331.5,Pleno dia,Crescente,Chuva,Simples,Reta,-15.48294,-48.61679,DEL02-GO,Risco Médio,Baixa
sábado,BR-470,245.9,Plena Noite,Crescente,Nublado,Simples,Curva,-27.31526,-50.54637,DEL05-SC,Risco Alto,Baixa
terça-feira,BR-101,265.7,Anoitecer,Decrescente,Ignorado,Múltipla,Reta,-20.18168,-40.26536,DEL02-ES,Risco Médio,Alta
domingo,BR-101,118.0,Plena Noite,Decrescente,Nublado,Dupla,Reta,-26.89586,-48.71903,DEL04-SC,Risco Médio,Alta
quinta-feira,BR-470,227.0,Plena Noite,Decrescente,Céu Claro,Dupla,Curva,-29.21658,-51.51723,DEL06-RS,Risco Médio,Baixa
domingo,BR-101,254.6,Pleno dia,Decrescente,Chuva,Simples,Reta,-20.11464,-40.31994,DEL02-ES,Risco Baixo,Alta
segunda-feira,BR-277,581.9,Plena Noite,Crescente,Céu Claro,Dupla,Reta,-24.98125,-53.37779,DEL04-PR,Risco Baixo,Média
segunda-feira,BR-364,236.7,Pleno dia,Crescente,Céu Claro,Simples,Não Informado,-11.44587,-61.43786,DEL02-RO,Risco Médio,Alta
quinta-feira,BR-163,509.0,Pleno dia,Crescente,Garoa/Chuvisco,Simples,Reta,-14.5959,-56.23653,DEL01-MT,Risco Baixo,Alta
domingo,BR-101,284.5,Pleno dia,Crescente,Céu Claro,Dupla,Curva,-20.24774,-40.37037,DEL01-ES,Risco Médio,Alta
domingo,BR-153,328.0,Pleno dia,Crescente,Céu Claro,Simples,Reta,-22.83492,-49.88963,DEL07-SP,Risco Médio,Alta
quarta-feira,BR-101,34.2,Plena Noite,Decrescente,Céu Claro,Dupla,Curva,-9.114396,-35.76425,DEL01-AL,Risco Médio,Alta
domingo,BR-251,299.0,Plena Noite,Decrescente,Céu Claro,Simples,Não Informado,-16.12787,-42.22597,DEL12-MG,Risco Médio,Baixa
sábado,BR-262,394.0,Plena Noite,Decrescente,Céu Claro,Dupla,Reta,-19.9187,-44.49079,DEL01-MG,Risco Médio,Média
segunda-feira,BR-230,240.7,Plena Noite,Crescente,Céu Claro,Simples,Reta,-7.0634,-36.563,DEL02-PB,Risco Médio,Baixa
quarta-feira,BR-101,45.6,Pleno dia,Crescente,Céu Claro,Múltipla,Reta,-7.865213,-34.90715,DEL01-PE,Risco Baixo,Alta
terça-feira,BR-324,539.0,Pleno dia,Decrescente,Chuva,Dupla,Reta,-12.37996,-38.79955,DEL01-BA,Risco Médio,Baixa
domingo,BR-101,275.0,Anoitecer,Decrescente,Chuva,Dupla,Reta,-22.73643,-42.72854,DEL02-RJ,Risco Médio,Alta
quinta-feira,BR-60,28.3,Pleno dia,Decrescente,Chuva,Dupla,Curva,-16.02064,-48.25083,DEL01-DF,Risco Médio,Média
sexta-feira,BR-373,174.2,Plena Noite,Crescente,Nublado,Dupla,Retorno Regulamentado,-25.07595,-50.20996,DEL03-PR,Risco Médio,Baixa
domingo,BR-476,159.0,Plena Noite,Decrescente,Chuva,Simples,Reta,-25.61716,-49.43169,DEL01-PR,Risco Baixo,Baixa
sábado,BR-116,547.0,Pleno dia,Crescente,Nublado,Simples,Reta,-12.87766,-39.85745,DEL03-BA,Risco Médio,Alta
quarta-feira,BR-316,272.9,Anoitecer,Decrescente,Céu Claro,Simples,Curva,-6.934338,-41.74457,DEL04-PI,Risco Médio,Baixa
segunda-feira,BR-116,271.0,Pleno dia,Decrescente,Sol,Dupla,Reta,-23.61809,-46.80556,DEL04-SP,Risco Médio,Alta
sexta-feira,BR-277,43.0,Plena Noite,Decrescente,Céu Claro,Dupla,Não Informado,-25.57438,-48.85419,DEL01-PR,Risco Baixo,Média
domingo,BR-116,230.0,Plena Noite,Decrescente,Nublado,Múltipla,Reta,-23.52252,-46.58557,DEL01-SP,Risco Médio,Alta
domingo,BR-222,140.0,Plena Noite,Crescente,Chuva,Simples,Reta,-3.744561,-39.79057,DEL04-CE,Risco Médio,Baixa
sábado,BR-50,94.0,Plena Noite,Decrescente,Céu Claro,Dupla,Reta,-19.10114,-48.1811,DEL15-MG,Risco Médio,Média
sábado,BR-116,632.0,Plena Noite,Decrescente,Garoa/Chuvisco,Simples,Reta,-13.46756,-40.03653,DEL03-BA,Risco Médio,Alta
quinta-feira,BR-376,184.0,Pleno dia,Decrescente,Céu Claro,Múltipla,Não Informado,-23.44656,-51.86217,DEL09-PR,Risco Médio,Baixa
quinta-feira,BR-230,8.5,Pleno dia,Crescente,Céu Claro,Simples,Não Informado,-7.0355,-34.8429,DEL01-PB,Risco Médio,Baixa
sábado,BR-163,974.5,Plena Noite,Crescente,Céu Claro,Simples,Reta,-10.67174,-55.13935,DEL06-MT,Risco Baixo,Alta
segunda-feira,BR-101,298.0,Pleno dia,Crescente,Nublado,Dupla,Não Informado,-22.7714,-42.92896,DEL02-RJ,Risco Médio,Alta
quarta-feira,BR-476,140.0,Plena Noite,Decrescente,Garoa/Chuvisco,Múltipla,Reta,-25.52069,-49.29412,DEL01-PR,Risco Alto,Baixa
quinta-feira,BR-101,137.7,Plena Noite,Crescente,Céu Claro,Simples,Interseção de vias,-27.01572,-48.61193,DEL04-SC,Risco Médio,Alta
terça-feira,BR-222,523.0,Plena Noite,Crescente,Céu Claro,Simples,Curva,-4.338139,-46.43018,DEL02-MA,Risco Alto,Baixa
sábado,BR-324,613.6,Plena Noite,Crescente,Céu Claro,Dupla,Reta,-12.87028,-38.42628,DEL01-BA,Risco Médio,Baixa
sexta-feira,BR-235,350.0,Plena Noite,Crescente,Céu Claro,Simples,Rotatória,-9.425031,-40.50389,DEL06-PE,Risco Médio,Baixa
quarta-feira,BR-101,291.3,Plena Noite,Decrescente,Nublado,Dupla,Não Informado,-20.29756,-40.39446,DEL01-ES,Risco Médio,Alta
sábado,BR-470,120.0,Pleno dia,Crescente,Céu Claro,Simples,Reta,-27.08992,-49.52042,DEL04-SC,Risco Médio,Baixa
quarta-feira,BR-476,142.0,Plena Noite,Crescente,Nublado,Dupla,Reta,-25.53716,-49.30163,DEL01-PR,Risco Médio,Baixa
domingo,BR-230,370.0,Plena Noite,Crescente,Céu Claro,Simples,Reta,-6.908284,-37.55526,DEL03-PB,Risco Alto,Baixa
domingo,BR-116,154.4,Pleno dia,Crescente,Sol,Dupla,Reta,-23.23904,-45.92062,DEL02-SP,Risco Médio,Alta
terça-feira,BR-235,50.3,Pleno dia,Crescente,Céu Claro,Simples,Reta,-10.70788,-37.42606,DEL01-SE,Risco Médio,Baixa
sábado,BR-476,122.3,Pleno dia,Crescente,Chuva,Dupla,Reta,-25.38591,-49.20342,DEL01-PR,Risco Médio,Baixa
quarta-feira,BR-116,16.8,Plena Noite,Decrescente,Nevoeiro/Neblina,Simples,Curva,-15.8176,-41.3876,DEL08-BA,Risco Baixo,Alta
domingo,BR-364,1.4,Plena Noite,Crescente,Nublado,Simples,Reta,-19.04021,-50.51025,DEL05-GO,Risco Alto,Alta
domingo,BR-381,493.1,Pleno dia,Decrescente,Sol,Múltipla,Reta,-19.966,-44.1775,DEL01-MG,Risco Médio,Alta
sábado,BR-230,36.0,Plena Noite,Crescente,Vento,Dupla,Reta,-7.1246,-34.9473,DEL01-PB,Risco Baixo,Baixa
quarta-feira,BR-369,159.0,Pleno dia,Decrescente,Céu Claro,Dupla,Reta,-23.28248,-51.25104,DEL07-PR,Risco Alto,Baixa
quinta-feira,BR-230,115.3,Amanhecer,Crescente,Garoa/Chuvisco,Dupla,Curva,-7.2296,-35.5998,DEL01-PB,Risco Baixo,Baixa
segunda-feira,BR-330,815.0,Amanhecer,Crescente,Chuva,Simples,Curva,-14.01401,-39.88163,DEL05-BA,Risco Médio,Baixa
quinta-feira,BR-110,103.8,Pleno dia,Crescente,Céu Claro,Simples,Reta,-10.2989,-38.3113,DEL07-BA,Risco Médio,Baixa
sexta-feira,BR-232,13.2,Plena Noite,Decrescente,Céu Claro,Dupla,Reta,-8.088133,-35.00996,DEL01-PE,Risco Médio,Baixa
quinta-feira,BR-116,268.9,Plena Noite,Decrescente,Nublado,Dupla,Reta,-23.60753,-46.75235,DEL04-SP,Risco Médio,Alta
terça-feira,BR-280,129.7,Plena Noite,Decrescente,Garoa/Chuvisco,Simples,Reta,-26.24586,-49.52285,DEL06-SC,Risco Médio,Baixa
segunda-feira,BR-101,137.4,Pleno dia,Crescente,Céu Claro,Dupla,Não Informado,-27.01572,-48.61193,DEL04-SC,Risco Médio,Alta
terça-feira,BR-101,29.2,Plena Noite,Decrescente,Chuva,Simples,Reta,-10.43548,-36.93334,DEL02-SE,Risco Baixo,Alta
quinta-feira,BR-376,589.5,Pleno dia,Crescente,Nublado,Dupla,Desvio Temporário,-25.44274,-49.3642,DEL01-PR,Risco Baixo,Baixa
sexta-feira,BR-277,482.1,Pleno dia,Decrescente,Céu Claro,Múltipla,Curva,-25.30092,-52.5581,DEL04-PR,Risco Alto,Média
segunda-feira,BR-20,17.8,Plena Noite,Crescente,Céu Claro,Dupla,Não Informado,-15.61775,-47.71031,DEL02-DF,Risco Médio,Baixa
quarta-feira,BR-232,71.4,Plena Noite,Decrescente,Céu Claro,Dupla,Não Informado,-8.18611,-35.49809,DEL01-PE,Risco Médio,Baixa
quarta-feira,BR-101,106.0,Pleno dia,Decrescente,Nublado,Simples,Interseção de vias,-5.901652,-35.25929,DEL01-RN,Risco Baixo,Alta
terça-feira,BR-480,124.0,Plena Noite,Crescente,Céu Claro,Simples,Reta,-27.0036,-52.64391,DEL07-SC,Risco Médio,Baixa
segunda-feira,BR-70,19.0,Plena Noite,Decrescente,Céu Claro,Múltipla,Reta,-15.78887,-48.22024,DEL01-DF,Risco Médio,Baixa
segunda-feira,BR-386,132.1,Plena Noite,Decrescente,Céu Claro,Simples,Não Informado,-27.94537,-52.93162,DEL08-RS,Risco Alto,Média
quinta-feira,BR-101,292.0,Pleno dia,Crescente,Nublado,Múltipla,Reta,-20.31542,-40.39582,DEL01-ES,Risco Médio,Alta
quarta-feira,BR-277,32.2,Pleno dia,Crescente,Garoa/Chuvisco,Dupla,Curva,-25.54737,-48.79056,DEL01-PR,Risco Médio,Média
domingo,BR-116,144.5,Pleno dia,Decrescente,Chuva,Simples,Curva,-26.99398,-50.39845,DEL06-SC,Risco Médio,Alta
quarta-feira,BR-262,3.0,Plena Noite,Crescente,Céu Claro,Dupla,Curva,-20.33374,-40.36911,DEL01-ES,Risco Médio,Média
sábado,BR-376,488.0,Plena Noite,Decrescente,Céu Claro,Dupla,Reta,-25.1351,-50.16497,DEL03-PR,Risco Médio,Baixa
sábado,BR-101,104.5,Pleno dia,Decrescente,Garoa/Chuvisco,Múltipla,Não Informado,-26.79282,-48.68081,DEL03-SC,Risco Baixo,Alta
segunda-feira,BR-364,11.0,Pleno dia,Decrescente,Nublado,Dupla,Rotatória,-12.74605,-60.11273,DEL04-RO,Risco Baixo,Alta
domingo,BR-476,124.0,Pleno dia,Decrescente,Garoa/Chuvisco,Dupla,Reta,-25.39984,-49.21585,DEL01-PR,Risco Médio,Baixa
quinta-feira,BR-290,86.0,Pleno dia,Crescente,Céu Claro,Múltipla,Reta,-29.96841,-51.11714,DEL01-RS,Risco Médio,Baixa
sábado,BR-364,209.3,Pleno dia,Decrescente,Céu Claro,Simples,Reta,-11.59199,-61.24934,DEL02-RO,Risco Médio,Alta
segunda-feira,BR-116,409.0,Plena Noite,Crescente,Céu Claro,Simples,Reta,-12.12016,-38.96838,DEL02-BA,Risco Médio,Alta
domingo,BR-427,3.0,Amanhecer,Crescente,Céu Claro,Simples,Reta,-6.652994,-37.49915,DEL03-PB,Risco Médio,Baixa
sexta-feira,BR-40,12.2,Pleno dia,Crescente,Nublado,Dupla,Reta,-16.15064,-47.94,DEL01-DF,Risco Médio,Alta
domingo,BR-235,6.0,Plena Noite,Decrescente,Chuva,Dupla,Reta,-10.90385,-37.12868,DEL01-SE,Risco Médio,Baixa
domingo,BR-277,375.0,Plena Noite,Decrescente,Céu Claro,Simples,Reta,-25.40701,-51.69218,DEL08-PR,Risco Baixo,Média
segunda-feira,BR-116,210.8,Pleno dia,Decrescente,Nublado,Múltipla,Reta,-23.43226,-46.41925,DEL01-SP,Risco Médio,Alta
domingo,BR-459,106.0,Plena Noite,Decrescente,Céu Claro,Simples,Curva,-22.23387,-45.89814,DEL16-MG,Risco Médio,Baixa
sexta-feira,BR-364,342.4,Plena Noite,Crescente,Chuva,Dupla,Ponte,-10.88381,-61.93741,DEL02-RO,Risco Baixo,Alta
sexta-feira,BR-242,571.0,Plena Noite,Crescente,Chuva,Simples,Curva,-12.08745,-43.15762,DEL10-BA,Risco Baixo,Baixa
segunda-feira,BR-423,122.0,Plena Noite,Crescente,Céu Claro,Simples,Reta,-8.919695,-36.71197,DEL03-PE,Risco Médio,Baixa
segunda-feira,BR-174,567.0,Plena Noite,Crescente,Chuva,Simples,Reta,-13.02835,-59.91864,DEL04-RO,Risco Baixo,Baixa
sexta-feira,BR-135,72.0,Pleno dia,Decrescente,Nublado,Simples,Não Informado,-3.157596,-44.33373,DEL01-MA,Risco Médio,Baixa
domingo,BR-101,162.4,Plena Noite,Decrescente,Garoa/Chuvisco,Múltipla,Reta,-27.22554,-48.62794,DEL04-SC,Risco Médio,Alta
sábado,BR-343,305.5,Plena Noite,Crescente,Céu Claro,Simples,Reta,-5.03553,-42.445,DEL01-PI,Risco Alto,Baixa
terça-feira,BR-267,19.9,Pleno dia,Crescente,Vento,Simples,Não Informado,-21.72647,-52.3253,DEL02-MS,Risco Médio,Baixa
terça-feira,BR-232,415.3,Plena Noite,Crescente,Céu Claro,Simples,Reta,-7.995105,-38.34324,DEL04-PE,Risco Baixo,Baixa
sábado,BR-376,19.0,Pleno dia,Crescente,Céu Claro,Simples,Reta,-22.3251,-54.57634,DEL04-MS,Risco Médio,Baixa
sexta-feira,BR-365,0.2,Pleno dia,Crescente,Sol,Simples,Reta,-16.7664,-43.8838,DEL12-MG,Risco Médio,Média
terça-feira,BR-324,587.0,Pleno dia,Crescente,Sol,Dupla,Reta,-12.64715,-38.47504,DEL01-BA,Risco Médio,Baixa
quarta-feira,BR-101,266.3,Pleno dia,Crescente,Céu Claro,Múltipla,Reta,-20.1902,-40.26829,DEL02-ES,Risco Médio,Alta
domingo,BR-470,141.0,Pleno dia,Decrescente,Céu Claro,Simples,Reta,-27.22606,-49.66616,DEL04-SC,Risco Médio,Baixa
sábado,BR-277,72.0,Pleno dia,Decrescente,Céu Claro,Dupla,Reta,-25.50939,-49.13301,DEL01-PR,Risco Médio,Média
quinta-feira,BR-101,112.0,Pleno dia,Decrescente,Céu Claro,Dupla,Ponte,-26.84589,-48.72131,DEL04-SC,Risco Médio,Alta
sexta-feira,BR-135,390.0,Pleno dia,Decrescente,Céu Claro,Simples,Reta,-9.34334,-44.53544,DEL03-PI,Risco Baixo,Baixa
segunda-feira,BR-381,490.8,Pleno dia,Decrescente,Céu Claro,Múltipla,Reta,-19.95744,-44.14979,DEL01-MG,Risco Médio,Alta
sexta-feira,BR-232,43.0,Plena Noite,Decrescente,Céu Claro,Dupla,Retorno Regulamentado,-8.117716,-35.25966,DEL01-PE,Risco Médio,Baixa
segunda-feira,BR-470,3.2,Pleno dia,Decrescente,Chuva,Múltipla,Reta,-26.86194,-48.68162,DEL04-SC,Risco Baixo,Baixa
segunda-feira,BR-40,444.0,Plena Noite,Crescente,Céu Claro,Dupla,Reta,-19.28815,-44.392,DEL02-MG,Risco Médio,Alta
domingo,BR-101,97.0,Pleno dia,Crescente,Garoa/Chuvisco,Dupla,Reta,-7.238463,-34.92685,DEL01-PB,Risco Médio,Alta
domingo,BR-381,527.7,Pleno dia,Decrescente,Chuva,Dupla,Curva,-20.16283,-44.35073,DEL04-MG,Risco Médio,Alta
sexta-feira,BR-116,226.0,Plena Noite,Crescente,Chuva,Dupla,Curva,-22.65925,-43.83867,DEL07-RJ,Risco Médio,Alta
segunda-feira,BR-116,638.0,Plena Noite,Crescente,Ignorado,Simples,Curva,-13.51479,-40.05716,DEL03-BA,Risco Médio,Alta
segunda-feira,BR-376,214.0,Amanhecer,Crescente,Céu Claro,Dupla,Curva,-23.98,-51.082,DEL09-PR,Risco Alto,Baixa
quarta-feira,BR-316,309.8,Pleno dia,Crescente,Sol,Simples,Reta,-7.079014,-41.46155,DEL04-PI,Risco Médio,Baixa
terça-feira,BR-376,591.6,Pleno dia,Decrescente,Céu Claro,Dupla,Reta,-25.46893,-49.355,DEL01-PR,Risco Médio,Baixa
segunda-feira,BR-101,129.0,Pleno dia,Decrescente,Céu Claro,Dupla,Reta,-26.98064,-48.67907,DEL04-SC,Risco Médio,Alta
sexta-feira,BR-153,235.0,Plena Noite,Crescente,Céu Claro,Simples,Reta,-14.80125,-49.28538,DEL07-GO,Risco Baixo,Alta
terça-feira,BR-101,37.9,Plena Noite,Decrescente,Céu Claro,Dupla,Reta,-26.25473,-48.90561,DEL03-SC,Risco Médio,Alta
sexta-feira,BR-70,538.0,Anoitecer,Decrescente,Chuva,Simples,Reta,-15.65161,-56.1999,DEL01-MT,Risco Médio,Baixa
terça-feira,BR-153,165.7,Plena Noite,Decrescente,Céu Claro,Simples,Reta,-19.7209,-48.97717,DEL13-MG,Risco Baixo,Alta
domingo,BR-116,138.0,Plena Noite,Crescente,Céu Claro,Dupla,Reta,-22.65063,-43.23528,DEL04-RJ,Risco Médio,Alta
sábado,BR-158,522.0,Pleno dia,Decrescente,Sol,Simples,Reta,-26.21151,-52.67944,DEL02-PR,Risco Médio,Baixa
sábado,BR-459,104.0,Plena Noite,Decrescente,Nublado,Dupla,Curva,-22.23887,-45.89247,DEL16-MG,Risco Médio,Baixa
terça-feira,BR-60,512.4,Pleno dia,Crescente,Céu Claro,Simples,Desvio Temporário,-21.1652,-55.66566,DEL05-MS,Risco Médio,Média
quarta-feira,BR-116,143.3,Plena Noite,Decrescente,Céu Claro,Dupla,Curva,-29.12351,-51.12345,DEL05-RS,Risco Médio,Alta
sábado,BR-163,335.8,Pleno dia,Crescente,Céu Claro,Simples,Reta,-21.6883,-54.48633,DEL02-MS,Risco Alto,Alta
sexta-feira,BR-116,277.0,Plena Noite,Crescente,Ignorado,Dupla,Reta,-17.85994,-41.51514,DEL11-MG,Risco Médio,Alta
quarta-feira,BR-116,653.0,Pleno dia,Decrescente,Céu Claro,Simples,Reta,-13.70103,-40.09666,DEL03-BA,Risco Baixo,Alta
sábado,BR-153,552.4,Plena Noite,Crescente,Chuva,Dupla,Não Informado,-17.1589,-49.2139,DEL01-GO,Risco Médio,Alta
sexta-feira,BR-230,17.0,Pleno dia,Decrescente,Nublado,Dupla,Não Informado,-7.1121,-34.8426,DEL01-PB,Risco Médio,Baixa
quinta-feira,BR-282,631.0,Pleno dia,Crescente,Chuva,Simples,Reta,-26.82436,-53.39437,DEL07-SC,Risco Baixo,Baixa
domingo,BR-277,26.0,Pleno dia,Decrescente,Chuva,Dupla,Reta,-25.53377,-48.75904,DEL01-PR,Risco Médio,Média
segunda-feira,BR-163,196.1,Pleno dia,Decrescente,Chuva,Dupla,Reta,-25.04757,-53.55674,DEL04-PR,Risco Alto,Alta
sábado,BR-116,264.7,Pleno dia,Crescente,Chuva,Dupla,Não Informado,-22.56341,-44.12202,DEL07-RJ,Risco Baixo,Alta
sábado,BR-153,104.1,Pleno dia,Crescente,Chuva,Simples,Desvio Temporário,-19.28636,-48.91251,DEL15-MG,Risco Alto,Alta
sexta-feira,BR-470,135.0,Pleno dia,Crescente,Chuva,Simples,Reta,-27.17075,-49.57148,DEL04-SC,Risco Baixo,Baixa
quinta-feira,BR-381,399.5,Pleno dia,Decrescente,Céu Claro,Simples,Desvio Temporário,-19.74875,-43.48978,DEL01-MG,Risco Médio,Alta
domingo,BR-116,145.1,Pleno dia,Crescente,Sol,Múltipla,Reta,-23.18698,-45.85481,DEL02-SP,Risco Baixo,Alta
quinta-feira,BR-468,99.8,Anoitecer,Crescente,Chuva,Simples,Interseção de vias,-27.47871,-53.91031,DEL08-RS,Risco Baixo,Baixa
quinta-feira,BR-163,147.0,Pleno dia,Crescente,Céu Claro,Simples,Reta,-25.4459,-53.5794,DEL04-PR,Risco Baixo,Alta
sexta-feira,BR-230,121.0,Pleno dia,Decrescente,Céu Claro,Dupla,Curva,-7.2452,-35.649,DEL02-PB,Risco Médio,Baixa
segunda-feira,BR-381,626.8,Pleno dia,Decrescente,Chuva,Dupla,Não Informado,-20.82829,-44.80796,DEL04-MG,Risco Médio,Alta
terça-feira,BR-277,5.0,Plena Noite,Crescente,Nublado,Dupla,Reta,-25.55793,-48.57347,DEL01-PR,Risco Médio,Média
sexta-feira,BR-116,204.0,Plena Noite,Decrescente,Nublado,Múltipla,Reta,-23.41326,-46.36079,DEL01-SP,Risco Baixo,Alta
sábado,BR-290,12.6,Plena Noite,Crescente,Chuva,Dupla,Reta,-29.89193,-50.35789,DEL03-RS,Risco Baixo,Baixa
terça-feira,BR-116,423.0,Pleno dia,Decrescente,Ignorado,Simples,Reta,-12.23415,-38.97546,DEL02-BA,Risco Médio,Alta
quinta-feira,BR-116,125.0,Pleno dia,Decrescente,Nublado,Dupla,Reta,-25.59505,-49.31631,DEL01-PR,Risco Médio,Alta
sexta-feira,BR-470,180.0,Pleno dia,Crescente,Céu Claro,Simples,Reta,-27.25056,-49.99247,DEL04-SC,Risco Médio,Baixa
sábado,BR-262,76.1,Pleno dia,Crescente,Garoa/Chuvisco,Simples,Curva,-20.41279,-40.90834,DEL01-ES,Risco Médio,Média
sexta-feira,BR-116,57.0,Pleno dia,Decrescente,Chuva,Dupla,Não Informado,-25.28822,-48.93334,DEL01-PR,Risco Médio,Alta
quinta-feira,BR-280,181.1,Plena Noite,Decrescente,Nublado,Simples,Ponte,-26.17262,-49.89355,DEL06-SC,Risco Médio,Baixa
quinta-feira,BR-407,116.0,Plena Noite,Crescente,Céu Claro,Simples,Reta,-9.31144,-40.57527,DEL06-PE,Risco Médio,Baixa
sexta-feira,BR-364,356.0,Plena Noite,Crescente,Chuva,Simples,Curva,-10.80011,-62.02535,DEL02-RO,Risco Médio,Alta
quarta-feira,BR-381,359.2,Plena Noite,Decrescente,Céu Claro,Simples,Reta,-19.85515,-43.22402,DEL03-MG,Risco Médio,Alta
domingo,BR-386,435.7,Plena Noite,Decrescente,Céu Claro,Dupla,Curva,-29.84794,-51.27051,DEL04-RS,Risco Baixo,Média
segunda-feira,BR-285,151.7,Pleno dia,Crescente,Céu Claro,Simples,Reta,-28.34384,-51.14823,DEL05-RS,Risco Médio,Baixa
sexta-feira,BR-20,417.0,Plena Noite,Decrescente,Chuva,Dupla,Não Informado,-3.76999,-38.67006,DEL01-CE,Risco Médio,Baixa
terça-feira,BR-277,403.7,Pleno dia,Decrescente,Sol,Simples,Curva,-25.4446,-51.9773,DEL04-PR,Risco Baixo,Média
segunda-feira,BR-116,84.5,Plena Noite,Decrescente,Céu Claro,Dupla,Reta,-22.91974,-45.33978,DEL06-SP,Risco Alto,Alta
domingo,BR-101,45.0,Pleno dia,Crescente,Nublado,Dupla,Reta,-6.883229,-35.13035,DEL01-PB,Risco Médio,Alta
sábado,BR-163,772.0,Plena Noite,Decrescente,Céu Claro,Simples,Curva,-18.15529,-54.67067,DEL06-MS,Risco Médio,Alta
sexta-feira,BR-222,24.0,Pleno dia,Crescente,Céu Claro,Simples,Reta,-4.3082,-47.6062,DEL02-PA,Risco Médio,Baixa
sexta-feira,BR-101,719.0,Plena Noite,Crescente,Nublado,Simples,Reta,-16.38661,-39.5866,DEL09-BA,Risco Médio,Alta
sábado,BR-163,37.3,Plena Noite,Crescente,Céu Claro,Simples,Não Informado,-23.80261,-54.30177,DEL09-MS,Risco Médio,Alta
sexta-feira,BR-277,19.1,Pleno dia,Crescente,Céu Claro,Dupla,Reta,-25.47742,-48.83487,DEL01-PR,Risco Médio,Média
terça-feira,BR-101,269.8,Plena Noite,Decrescente,Nublado,Múltipla,Reta,-28.10247,-48.70371,DEL02-SC,Risco Médio,Alta
sábado,BR-376,615.4,Pleno dia,Decrescente,Nublado,Dupla,Reta,-25.57509,-49.17963,DEL01-PR,Risco Médio,Baixa
domingo,BR-406,116.0,Anoitecer,Crescente,Céu Claro,Simples,Reta,-5.572921,-35.70209,DEL02-RN,Risco Médio,Baixa
sexta-feira,BR-232,29.0,Plena Noite,Crescente,Nublado,Dupla,Reta,-8.111266,-35.14315,DEL01-PE,Risco Alto,Baixa
segunda-feira,BR-381,49.0,Pleno dia,Crescente,Nublado,Dupla,Reta,-23.20802,-46.59171,DEL03-SP,Risco Médio,Alta
quinta-feira,BR-381,33.0,Pleno dia,Decrescente,Céu Claro,Dupla,Reta,-23.0728,-46.56674,DEL03-SP,Risco Médio,Alta