dia_semana,br,km,fase_dia,sentido_via,condicao_metereologica,tipo_pista,tracado_via,latitude,longitude,delegacia,classificacao_acidente,postos_policiais_PRF
domingo,BR-277,120.0,Pleno dia,Crescente,Céu Claro,Dupla,Reta,-25.43767,-49.54853,DEL01-PR,Risco Médio,Média
quinta-feira,BR-316,61.0,Pleno dia,Decrescente,Céu Claro,Dupla,Reta,-1.29686,-47.94639,DEL01-PA,Risco Médio,Baixa
terça-feira,BR-101,88.7,Pleno dia,Crescente,Sol,Dupla,Curva,-21.83355,-41.50192,DEL08-RJ,Risco Médio,Alta
quarta-feira,BR-381,737.0,Plena Noite,Crescente,Chuva,Dupla,Não Informado,-21.5974,-45.2388,DEL16-MG,Risco Médio,Alta
domingo,BR-386,344.5,Plena Noite,Decrescente,Céu Claro,Simples,Reta,-29.44119,-51.98827,DEL04-RS,Risco Médio,Média
domingo,BR-277,18.0,Plena Noite,Decrescente,Nublado,Dupla,Reta,-25.54445,-48.68239,DEL01-PR,Risco Médio,Média
quinta-feira,BR-101,458.0,Pleno dia,Crescente,Céu Claro,Dupla,Reta,-29.24076,-49.75536,DEL02-SC,Risco Médio,Alta
sábado,BR-116,230.0,Pleno dia,Decrescente,Sol,Múltipla,Reta,-23.52252,-46.58557,DEL01-SP,Risco Médio,Alta
sábado,BR-153,516.3,Pleno dia,Crescente,Céu Claro,Dupla,Não Informado,-16.84467,-49.24607,DEL01-GO,Risco Médio,Alta
segunda-feira,BR-116,291.5,Plena Noite,Decrescente,Nevoeiro/Neblina,Dupla,Reta,-30.04794,-51.33298,DEL02-RS,Risco Alto,Alta
terça-feira,BR-428,11.0,Plena Noite,Decrescente,Céu Claro,Simples,Não Informado,-8.506323,-39.31653,DEL05-PE,Risco Baixo,Baixa
sábado,BR-101,213.7,Pleno dia,Crescente,Céu Claro,Múltipla,Reta,-27.6446,-48.6705,DEL01-SC,Risco Médio,Alta
sábado,BR-277,0.1,Pleno dia,Crescente,Chuva,Simples,Reta,-25.52139,-48.54559,DEL01-PR,Risco Médio,Média
domingo,BR-381,943.3,Plena Noite,Decrescente,Céu Claro,Dupla,Não Informado,-22.87018,-46.35815,DEL16-MG,Risco Médio,Alta
quinta-feira,BR-40,614.2,Pleno dia,Decrescente,Céu Claro,Simples,Curva,-20.52978,-43.82351,DEL05-MG,Risco Médio,Alta
quarta-feira,BR-10,348.0,Pleno dia,Decrescente,Céu Claro,Simples,Desvio Temporário,-1.399155,-47.55908,DEL01-PA,Risco Médio,Baixa
sábado,BR-230,16.0,Pleno dia,Decrescente,Sol,Dupla,Não Informado,-7.1039,-34.8458,DEL01-PB,Risco Médio,Baixa
segunda-feira,BR-364,344.2,Pleno dia,Crescente,Céu Claro,Simples,Curva,-10.87376,-61.95257,DEL02-RO,Risco Médio,Alta
terça-feira,BR-10,253.5,Plena Noite,Crescente,Nublado,Simples,Reta,-5.526911,-47.47145,DEL04-MA,Risco Médio,Baixa
sábado,BR-472,565.0,Anoitecer,Decrescente,Céu Claro,Simples,Reta,-29.69729,-56.91678,DEL13-RS,Risco Alto,Baixa
segunda-feira,BR-101,121.8,Pleno dia,Decrescente,Nublado,Dupla,Reta,-26.93017,-48.70475,DEL04-SC,Risco Médio,Alta
domingo,BR-316,23.9,Anoitecer,Decrescente,Céu Claro,Dupla,Reta,-1.338901,-48.24318,DEL01-PA,Risco Médio,Baixa
quinta-feira,BR-262,412.3,Amanhecer,Decrescente,Céu Claro,Simples,Reta,-20.44403,-55.13298,DEL01-MS,Risco Baixo,Média
quinta-feira,BR-101,266.0,Pleno dia,Decrescente,Céu Claro,Múltipla,Interseção de vias,-20.19568,-40.2687,DEL02-ES,Risco Médio,Alta
sábado,BR-101,206.0,Pleno dia,Crescente,Chuva,Dupla,Não Informado,-8.819059,-35.63956,DEL01-PE,Risco Médio,Alta
sexta-feira,BR-40,525.0,Plena Noite,Crescente,Nublado,Dupla,Reta,-19.88362,-44.05039,DEL01-MG,Risco Médio,Alta
sábado,BR-116,235.0,Pleno dia,Crescente,Nublado,Simples,Curva,-27.71168,-50.33626,DEL05-SC,Risco Baixo,Alta
sábado,BR-80,30.0,Pleno dia,Decrescente,Céu Claro,Simples,Reta,-15.29762,-48.23671,DEL01-DF,Risco Médio,Baixa
segunda-feira,BR-230,193.0,Plena Noite,Decrescente,Chuva,Simples,Reta,-6.99025,-42.09712,DEL04-PI,Risco Alto,Baixa
terça-feira,BR-459,102.2,Plena Noite,Crescente,Céu Claro,Dupla,Reta,-22.21177,-45.92467,DEL16-MG,Risco Médio,Baixa
domingo,BR-40,11.4,Pleno dia,Crescente,Céu Claro,Dupla,Reta,-16.13834,-47.95164,DEL01-DF,Risco Médio,Alta
segunda-feira,BR-381,849.0,Pleno dia,Decrescente,Sol,Dupla,Curva,-22.26991,-45.89241,DEL16-MG,Risco Baixo,Alta
sexta-feira,BR-116,437.7,Plena Noite,Decrescente,Nublado,Simples,Reta,-31.04003,-52.04314,DEL02-RS,Risco Baixo,Alta
quarta-feira,BR-60,34.3,Anoitecer,Decrescente,Céu Claro,Dupla,Reta,-16.7158,-49.35701,DEL01-GO,Risco Baixo,Média
sábado,BR-153,18.8,Pleno dia,Crescente,Céu Claro,Simples,Não Informado,-23.15062,-49.95438,DEL07-PR,Risco Médio,Alta
sexta-feira,BR-101,43.7,Plena Noite,Crescente,Céu Claro,Simples,Interseção de vias,-26.30357,-48.88226,DEL03-SC,Risco Médio,Alta
quarta-feira,BR-488,0.0,Pleno dia,Decrescente,Céu Claro,Dupla,Reta,-22.85835,-45.23337,DEL08-SP,Risco Baixo,Baixa
sábado,BR-116,255.2,Amanhecer,Decrescente,Céu Claro,Dupla,Reta,-29.83354,-51.1745,DEL01-RS,Risco Médio,Alta
domingo,BR-376,140.0,Pleno dia,Decrescente,Céu Claro,Simples,Curva,-25.4665,-49.72617,DEL09-PR,Risco Médio,Baixa
quarta-feira,BR-470,174.5,Pleno dia,Decrescente,Nublado,Simples,Não Informado,-27.25666,-49.93671,DEL04-SC,Risco Médio,Baixa
terça-feira,BR-376,177.5,Pleno dia,Decrescente,Sol,Dupla,Reta,-23.41505,-51.92542,DEL07-PR,Risco Médio,Baixa
terça-feira,BR-262,64.5,Plena Noite,Crescente,Céu Claro,Simples,Curva,-20.41797,-40.81618,DEL01-ES,Risco Baixo,Média
segunda-feira,BR-230,23.9,Plena Noite,Decrescente,Nublado,Dupla,Reta,-7.1562,-34.8574,DEL01-PB,Risco Médio,Baixa
domingo,BR-116,152.0,Pleno dia,Crescente,Céu Claro,Simples,Reta,-25.83236,-49.3361,DEL01-PR,Risco Médio,Alta
quarta-feira,BR-116,375.1,Pleno dia,Decrescente,Garoa/Chuvisco,Dupla,Curva,-24.18239,-47.35449,DEL04-SP,Risco Médio,Alta
sábado,BR-116,17.0,Plena Noite,Decrescente,Garoa/Chuvisco,Dupla,Reta,-25.38947,-49.1997,DEL01-PR,Risco Médio,Alta
domingo,BR-101,382.9,Plena Noite,Crescente,Chuva,Dupla,Reta,-28.75967,-49.28552,DEL02-SC,Risco Médio,Alta
domingo,BR-70,8.0,Pleno dia,Crescente,Sol,Múltipla,Não Informado,-15.73734,-48.27407,DEL01-DF,Risco Alto,Baixa
terça-feira,BR-381,45.0,Pleno dia,Crescente,Céu Claro,Dupla,Não Informado,-23.17274,-46.57748,DEL03-SP,Risco Médio,Alta
domingo,BR-50,3.0,Pleno dia,Crescente,Céu Claro,Múltipla,Curva,-18.44504,-48.0519,DEL15-MG,Risco Médio,Média
sábado,BR-386,387.5,Pleno dia,Decrescente,Céu Claro,Dupla,Reta,-29.69139,-51.70654,DEL04-RS,Risco Médio,Média
domingo,BR-277,77.0,Pleno dia,Decrescente,Nublado,Dupla,Reta,-25.42895,-49.26714,DEL01-PR,Risco Médio,Média
domingo,BR-60,164.1,Plena Noite,Crescente,Nublado,Dupla,Não Informado,-16.70529,-49.34496,DEL01-GO,Risco Médio,Média
sábado,BR-135,23.7,Plena Noite,Decrescente,Céu Claro,Dupla,Reta,-2.752656,-44.34833,DEL01-MA,Risco Médio,Baixa
quinta-feira,BR-373,172.7,Pleno dia,Crescente,Céu Claro,Dupla,Reta,-25.0814,-50.19201,DEL03-PR,Risco Médio,Baixa
segunda-feira,BR-104,80.6,Plena Noite,Crescente,Céu Claro,Simples,Reta,-8.397874,-35.9734,DEL02-PE,Risco Alto,Baixa
sábado,BR-153,453.0,Pleno dia,Crescente,Sol,Simples,Reta,-9.85275,-48.72206,DEL02-TO,Risco Baixo,Alta
quinta-feira,BR-163,476.8,Pleno dia,Crescente,Céu Claro,Simples,Reta,-20.51163,-54.56031,DEL01-MS,Risco Médio,Alta
segunda-feira,BR-40,522.9,Plena Noite,Crescente,Nublado,Dupla,Reta,-19.86387,-44.0675,DEL01-MG,Risco Médio,Alta
quinta-feira,BR-101,932.0,Plena Noite,Crescente,Céu Claro,Simples,Reta,-18.1684,-39.91874,DEL09-BA,Risco Médio,Alta
domingo,BR-116,178.0,Pleno dia,Crescente,Céu Claro,Dupla,Reta,-22.77496,-43.40081,DEL01-RJ,Risco Médio,Alta
domingo,BR-158,94.2,Pleno dia,Decrescente,Céu Claro,Dupla,Reta,-19.68597,-51.19916,DEL08-MS,Risco Médio,Baixa
segunda-feira,BR-470,140.5,Pleno dia,Decrescente,Nublado,Simples,Reta,-27.19652,-49.62715,DEL04-SC,Risco Baixo,Baixa
sábado,BR-230,18.0,Pleno dia,Crescente,Sol,Dupla,Desvio Temporário,-7.1198,-34.8453,DEL01-PB,Risco Médio,Baixa
sábado,BR-415,49.4,Amanhecer,Crescente,Céu Claro,Simples,Reta,-14.82175,-39.30949,DEL05-BA,Risco Médio,Baixa
quarta-feira,BR-101,48.7,Pleno dia,Crescente,Nublado,Simples,Reta,-23.43696,-45.08769,DEL06-SP,Risco Médio,Alta
domingo,BR-116,278.0,Plena Noite,Crescente,Nevoeiro/Neblina,Dupla,Reta,-23.65508,-46.84919,DEL04-SP,Risco Médio,Alta
terça-feira,BR-20,16.0,Anoitecer,Crescente,Céu Claro,Dupla,Reta,-15.62567,-47.72516,DEL02-DF,Risco Médio,Baixa
quinta-feira,BR-101,234.0,Pleno dia,Decrescente,Céu Claro,Dupla,Não Informado,-27.81044,-48.63537,DEL01-SC,Risco Médio,Alta
sexta-feira,BR-40,749.2,Pleno dia,Crescente,Nublado,Simples,Curva,-21.44787,-43.55739,DEL05-MG,Risco Médio,Alta
sexta-feira,BR-242,532.0,Pleno dia,Decrescente,Céu Claro,Simples,Reta,-12.14707,-42.87007,DEL10-BA,Risco Baixo,Baixa
domingo,BR-163,534.0,Plena Noite,Crescente,Céu Claro,Dupla,Reta,-20.04205,-54.41341,DEL01-MS,Risco Médio,Alta
sexta-feira,BR-101,422.5,Pleno dia,Decrescente,Céu Claro,Dupla,Não Informado,-29.00684,-49.56673,DEL02-SC,Risco Baixo,Alta
domingo,BR-163,1.9,Pleno dia,Crescente,Chuva,Simples,Curva,-26.26987,-53.63124,DEL07-SC,Risco Médio,Alta
sábado,BR-376,506.0,Plena Noite,Crescente,Nublado,Dupla,Reta,-25.19792,-50.07443,DEL03-PR,Risco Médio,Baixa
quarta-feira,BR-381,649.5,Pleno dia,Crescente,Céu Claro,Dupla,Curva,-20.9548,-44.9114,DEL04-MG,Risco Médio,Alta
quarta-feira,BR-392,67.0,Pleno dia,Crescente,Sol,Simples,Interseção de vias,-31.7571,-52.39981,DEL07-RS,Risco Baixo,Média
sexta-feira,BR-376,184.8,Plena Noite,Crescente,Céu Claro,Dupla,Desvio Temporário,-23.44373,-51.86746,DEL07-PR,Risco Alto,Baixa
terça-feira,BR-356,267.5,Pleno dia,Decrescente,Sol,Simples,Rotatória,-21.12576,-42.3527,DEL07-MG,Risco Médio,Baixa
sábado,BR-101,191.0,Pleno dia,Crescente,Chuva,Dupla,Curva,-27.4772,-48.6412,DEL01-SC,Risco Baixo,Alta
domingo,BR-376,137.0,Plena Noite,Crescente,Céu Claro,Dupla,Reta,-23.21172,-52.19068,DEL09-PR,Risco Médio,Baixa
terça-feira,BR-232,16.0,Plena Noite,Decrescente,Nublado,Simples,Curva,-8.093455,-35.03148,DEL01-PE,Risco Médio,Baixa
quarta-feira,BR-153,593.0,Pleno dia,Crescente,Céu Claro,Simples,Reta,-31.14947,-53.81058,DEL11-RS,Risco Médio,Alta
domingo,BR-135,23.2,Pleno dia,Decrescente,Nublado,Dupla,Interseção de vias,-2.552072,-44.30733,DEL01-MA,Risco Baixo,Baixa
domingo,BR-376,602.1,Plena Noite,Decrescente,Nublado,Dupla,Interseção de vias,-25.5429,-49.30782,DEL01-PR,Risco Baixo,Baixa
sábado,BR-116,516.9,Pleno dia,Decrescente,Céu Claro,Simples,Curva,-19.63575,-42.10591,DEL06-MG,Risco Médio,Alta
domingo,BR-470,279.0,Amanhecer,Decrescente,Céu Claro,Simples,Curva,-29.52394,-51.4875,DEL04-RS,Risco Médio,Baixa
quinta-feira,BR-116,0.7,Plena Noite,Decrescente,Céu Claro,Múltipla,Viaduto,-3.76057,-38.51901,DEL01-CE,Risco Alto,Alta
domingo,BR-364,198.8,Anoitecer,Decrescente,Nublado,Simples,Reta,-11.66319,-61.19141,DEL02-RO,Risco Médio,Alta
domingo,BR-116,71.0,Pleno dia,Decrescente,Céu Claro,Simples,Retorno Regulamentado,-22.32739,-42.93858,DEL04-RJ,Risco Baixo,Alta
sexta-feira,BR-262,447.5,Plena Noite,Decrescente,Céu Claro,Simples,Reta,-20.53794,-55.43454,DEL03-MS,Risco Médio,Média
sábado,BR-70,516.0,Pleno dia,Decrescente,Céu Claro,Simples,Reta,-15.70262,-56.15421,DEL01-MT,Risco Médio,Baixa
terça-feira,BR-381,386.0,Pleno dia,Decrescente,Céu Claro,Simples,Reta,-19.79738,-43.4174,DEL01-MG,Risco Médio,Alta
segunda-feira,BR-116,126.0,Pleno dia,Crescente,Nublado,Simples,Curva,-25.64079,-49.31284,DEL01-PR,Risco Médio,Alta
domingo,BR-20,11.8,Plena Noite,Decrescente,Céu Claro,Dupla,Reta,-15.64315,-47.75926,DEL02-DF,Risco Alto,Baixa
sábado,BR-10,248.2,Pleno dia,Crescente,Nublado,Simples,Reta,-5.566143,-47.44903,DEL04-MA,Risco Médio,Baixa
quarta-feira,BR-386,415.0,Pleno dia,Decrescente,Céu Claro,Simples,Reta,-29.81752,-51.4732,DEL04-RS,Risco Baixo,Média
terça-feira,BR-60,137.0,Pleno dia,Crescente,Céu Claro,Dupla,Reta,-16.603,-49.2023,DEL01-GO,Risco Médio,Média
quarta-feira,BR-424,69.0,Pleno dia,Decrescente,Céu Claro,Simples,Reta,-8.773986,-36.62798,DEL03-PE,Risco Médio,Baixa
quarta-feira,BR-116,278.0,Pleno dia,Crescente,Nublado,Simples,Reta,-28.02262,-50.5576,DEL05-SC,Risco Médio,Alta
quinta-feira,BR-316,15.0,Plena Noite,Decrescente,Céu Claro,Dupla,Reta,-1.364718,-48.3067,DEL01-PA,Risco Médio,Baixa
domingo,BR-232,49.9,Plena Noite,Crescente,Nublado,Dupla,Reta,-8.139056,-35.32176,DEL01-PE,Risco Médio,Baixa
segunda-feira,BR-381,349.0,Pleno dia,Crescente,Chuva,Simples,Curva,-19.85428,-43.11183,DEL03-MG,Risco Baixo,Alta
sexta-feira,BR-392,28.0,Plena Noite,Decrescente,Céu Claro,Dupla,Reta,-32.06592,-52.26687,DEL07-RS,Risco Médio,Média
quarta-feira,BR-20,416.0,Amanhecer,Crescente,Céu Claro,Múltipla,Não Informado,-3.832997,-38.61511,DEL01-CE,Risco Médio,Baixa
sexta-feira,BR-282,502.6,Pleno dia,Crescente,Sol,Simples,Interseção de vias,-26.8855,-52.39353,DEL07-SC,Risco Médio,Baixa
terça-feira,BR-153,78.4,Plena Noite,Decrescente,Nublado,Simples,Não Informado,-19.05558,-49.01035,DEL15-MG,Risco Médio,Alta
quinta-feira,BR-470,286.6,Pleno dia,Crescente,Céu Claro,Simples,Curva,-27.32847,-50.92261,DEL07-SC,Risco Médio,Baixa
segunda-feira,BR-470,118.4,Plena Noite,Crescente,Nublado,Simples,Interseção de vias,-27.08218,-49.51182,DEL04-SC,Risco Médio,Baixa
terça-feira,BR-101,417.0,Pleno dia,Decrescente,Chuva,Simples,Curva,-22.91294,-43.89732,DEL03-RJ,Risco Médio,Alta
quinta-feira,BR-280,52.2,Plena Noite,Crescente,Chuva,Simples,Interseção de vias,-26.47137,-48.97148,DEL03-SC,Risco Médio,Baixa
terça-feira,BR-316,90.6,Pleno dia,Crescente,Céu Claro,Simples,Não Informado,-5.787423,-42.55777,DEL04-PI,Risco Médio,Baixa
domingo,BR-319,56.0,Anoitecer,Decrescente,Céu Claro,Simples,Reta,-8.739822,-63.91704,DEL01-RO,Risco Médio,Baixa
terça-feira,BR-230,114.0,Pleno dia,Crescente,Céu Claro,Múltipla,Reta,-5.356573,-49.08873,DEL03-PA,Risco Médio,Baixa
terça-feira,BR-116,276.1,Plena Noite,Decrescente,Chuva,Múltipla,Interseção de vias,-17.85106,-41.51454,DEL11-MG,Risco Médio,Alta
segunda-feira,BR-280,262.9,Pleno dia,Decrescente,Nublado,Simples,Reta,-26.18575,-53.07715,DEL02-PR,Risco Médio,Baixa
sábado,BR-135,582.0,Pleno dia,Decrescente,Sol,Simples,Reta,-10.37062,-45.16516,DEL03-PI,Risco Médio,Baixa
terça-feira,BR-277,8.5,Pleno dia,Decrescente,Nublado,Dupla,Reta,-25.5682,-48.61529,DEL01-PR,Risco Médio,Média
terça-feira,BR-476,278.0,Plena Noite,Decrescente,Céu Claro,Simples,Reta,-25.8683,-50.395,DEL02-PR,Risco Médio,Baixa
domingo,BR-262,447.0,Plena Noite,Decrescente,Céu Claro,Simples,Reta,-19.86029,-45.00646,DEL08-MG,Risco Baixo,Média
domingo,BR-277,586.9,Plena Noite,Crescente,Céu Claro,Simples,Reta,-24.96853,-53.42801,DEL04-PR,Risco Médio,Média
sexta-feira,BR-101,72.2,Amanhecer,Crescente,Céu Claro,Dupla,Reta,-26.527,-48.71551,DEL03-SC,Risco Baixo,Alta
sábado,BR-116,150.0,Pleno dia,Decrescente,Céu Claro,Dupla,Reta,-23.21336,-45.89306,DEL02-SP,Risco Médio,Alta
quarta-feira,BR-116,257.0,Plena Noite,Decrescente,Céu Claro,Dupla,Reta,-29.8505,-51.1792,DEL01-RS,Risco Médio,Alta
sábado,BR-163,22.0,Pleno dia,Crescente,Céu Claro,Simples,Desvio Temporário,-23.9169,-54.2906,DEL09-MS,Risco Baixo,Alta
quinta-feira,BR-343,345.0,Plena Noite,Decrescente,Céu Claro,Simples,Reta,-5.102889,-42.76651,DEL01-PI,Risco Médio,Baixa
sexta-feira,BR-364,288.6,Pleno dia,Crescente,Garoa/Chuvisco,Dupla,Reta,-15.90635,-55.08349,DEL02-MT,Risco Médio,Alta
domingo,BR-60,41.0,Amanhecer,Crescente,Nublado,Dupla,Curva,-16.1138,-48.5578,DEL01-DF,Risco Médio,Média
quinta-feira,BR-101,51.5,Pleno dia,Decrescente,Nublado,Simples,Reta,-10.61153,-36.97738,DEL02-SE,Risco Alto,Alta
quarta-feira,BR-381,484.7,Pleno dia,Decrescente,Céu Claro,Dupla,Reta,-19.95532,-44.11722,DEL01-MG,Risco Médio,Alta
sábado,BR-116,11.0,Plena Noite,Decrescente,Nublado,Simples,Reta,-14.851,-40.8485,DEL08-BA,Risco Médio,Alta
quarta-feira,BR-290,96.9,Pleno dia,Decrescente,Sol,Simples,Não Informado,-29.99877,-51.20685,DEL01-RS,Risco Baixo,Baixa
sexta-feira,BR-101,189.0,Pleno dia,Crescente,Céu Claro,Dupla,Não Informado,-27.45939,-48.63891,DEL01-SC,Risco Médio,Alta
sábado,BR-116,704.0,Pleno dia,Decrescente,Céu Claro,Simples,Reta,-14.06332,-40.20551,DEL03-BA,Risco Alto,Alta
terça-feira,BR-424,91.3,Plena Noite,Crescente,Nublado,Simples,Reta,-8.907468,-36.49745,DEL03-PE,Risco Baixo,Baixa
terça-feira,BR-277,125.0,Pleno dia,Crescente,Céu Claro,Simples,Reta,-25.45026,-49.59434,DEL01-PR,Risco Médio,Média
quinta-feira,BR-262,558.1,Plena Noite,Crescente,Céu Claro,Simples,Rotatória,-20.23005,-56.39267,DEL03-MS,Risco Médio,Média
quinta-feira,BR-116,384.0,Pleno dia,Crescente,Céu Claro,Simples,Reta,-11.88688,-38.98079,DEL02-BA,Risco Médio,Alta
terça-feira,BR-110,113.9,Plena Noite,Crescente,Céu Claro,Simples,Não Informado,-5.736823,-37.28767,DEL04-RN,Risco Alto,Baixa
domingo,BR-40,4.0,Pleno dia,Crescente,Céu Claro,Dupla,Reta,-16.01203,-47.98212,DEL01-DF,Risco Baixo,Alta
sábado,BR-153,181.7,Pleno dia,Crescente,Nublado,Simples,Reta,-19.81504,-48.96779,DEL13-MG,Risco Baixo,Alta
quinta-feira,BR-262,371.0,Plena Noite,Decrescente,Céu Claro,Dupla,Reta,-19.9537,-44.3708,DEL01-MG,Risco Baixo,Média
quarta-feira,BR-304,112.5,Pleno dia,Decrescente,Céu Claro,Simples,Interseção de vias,-5.601821,-36.92122,DEL04-RN,Risco Médio,Baixa
sexta-feira,BR-101,432.8,Pleno dia,Crescente,Chuva,Simples,Reta,-21.03366,-41.18125,DEL03-ES,Risco Médio,Alta
terça-feira,BR-116,126.2,Pleno dia,Decrescente,Nublado,Dupla,Reta,-25.63843,-49.31276,DEL01-PR,Risco Médio,Alta
domingo,BR-101,49.2,Pleno dia,Crescente,Céu Claro,Dupla,Não Informado,-10.59423,-36.97488,DEL02-SE,Risco Baixo,Alta
quinta-feira,BR-381,411.0,Pleno dia,Crescente,Céu Claro,Simples,Reta,-19.72793,-43.56319,DEL01-MG,Risco Médio,Alta
quinta-feira,BR-116,142.0,Plena Noite,Decrescente,Chuva,Simples,Interseção de vias,-22.66962,-43.27184,DEL04-RJ,Risco Médio,Alta
terça-feira,BR-364,62.5,Pleno dia,Crescente,Chuva,Simples,Interseção de vias,-17.92298,-51.70306,DEL05-GO,Risco Médio,Alta
quarta-feira,BR-101,20.9,Plena Noite,Crescente,Céu Claro,Dupla,Reta,-26.14723,-48.90821,DEL03-SC,Risco Médio,Alta
quinta-feira,BR-163,794.0,Plena Noite,Crescente,Chuva,Simples,Reta,-12.01649,-55.51666,DEL06-MT,Risco Baixo,Alta
quinta-feira,BR-230,151.9,Plena Noite,Crescente,Céu Claro,Simples,Não Informado,-7.2587,-35.8778,DEL02-PB,Risco Alto,Baixa
sexta-feira,BR-101,86.0,Plena Noite,Crescente,Céu Claro,Dupla,Reta,-21.82667,-41.48737,DEL08-RJ,Risco Médio,Alta
segunda-feira,BR-290,97.0,Pleno dia,Decrescente,Céu Claro,Dupla,Ponte,-29.99779,-51.20779,DEL01-RS,Risco Baixo,Baixa
segunda-feira,BR-101,41.5,Plena Noite,Decrescente,Nublado,Dupla,Não Informado,-7.830383,-34.91427,DEL01-PE,Risco Médio,Alta
quinta-feira,BR-376,242.2,Pleno dia,Decrescente,Chuva,Dupla,Não Informado,-23.58005,-51.4188,DEL07-PR,Risco Baixo,Baixa
sábado,BR-393,175.0,Pleno dia,Crescente,Nublado,Simples,Interseção de vias,-22.1231,-43.20364,DEL06-RJ,Risco Médio,Média
domingo,BR-356,65.0,Anoitecer,Crescente,Céu Claro,Simples,Reta,-21.34907,-41.71378,DEL08-RJ,Risco Médio,Baixa
terça-feira,BR-470,158.5,Pleno dia,Crescente,Nublado,Simples,Não Informado,-27.28702,-49.77839,DEL04-SC,Risco Médio,Baixa
domingo,BR-104,117.7,Plena Noite,Crescente,Céu Claro,Simples,Reta,-7.207776,-35.87924,DEL02-PB,Risco Médio,Baixa
domingo,BR-364,401.0,Plena Noite,Crescente,Céu Claro,Dupla,Reta,-15.67207,-55.94656,DEL02-MT,Risco Médio,Alta
sábado,BR-116,413.0,Plena Noite,Crescente,Céu Claro,Simples,Interseção de vias,-18.87391,-41.96637,DEL06-MG,Risco Médio,Alta
segunda-feira,BR-343,515.9,Pleno dia,Crescente,Céu Claro,Simples,Desvio Temporário,-6.31934,-42.80335,DEL03-PI,Risco Baixo,Baixa
domingo,BR-163,1050.0,Plena Noite,Crescente,Nublado,Simples,Reta,-10.10663,-54.92689,DEL06-MT,Risco Médio,Alta
quinta-feira,BR-116,492.9,Amanhecer,Decrescente,Nublado,Dupla,Reta,-24.74308,-48.13259,DEL05-SP,Risco Médio,Alta
terça-feira,BR-104,115.0,Pleno dia,Decrescente,Sol,Simples,Não Informado,-8.662445,-36.01451,DEL02-PE,Risco Alto,Baixa
sábado,BR-101,70.0,Pleno dia,Crescente,Céu Claro,Dupla,Não Informado,-29.7596,-50.21723,DEL03-RS,Risco Médio,Alta
terça-feira,BR-262,93.0,Plena Noite,Crescente,Céu Claro,Simples,Reta,-20.3804,-41.0491,DEL01-ES,Risco Médio,Média
terça-feira,BR-80,25.1,Pleno dia,Decrescente,Chuva,Simples,Não Informado,-15.62121,-48.19896,DEL01-DF,Risco Médio,Baixa
terça-feira,BR-470,214.0,Pleno dia,Crescente,Céu Claro,Simples,Reta,-29.15282,-51.52963,DEL06-RS,Risco Médio,Baixa
sábado,BR-116,111.4,Plena Noite,Crescente,Céu Claro,Dupla,Reta,-25.56885,-49.22725,DEL01-PR,Risco Médio,Alta
quarta-feira,BR-101,52.0,Pleno dia,Crescente,Céu Claro,Dupla,Interseção de vias,-7.923588,-34.89607,DEL01-PE,Risco Médio,Alta
domingo,BR-235,235.0,Pleno dia,Decrescente,Céu Claro,Simples,Reta,-9.809208,-39.53835,DEL07-BA,Risco Alto,Baixa
sexta-feira,BR-365,5.5,Pleno dia,Decrescente,Nublado,Simples,Viaduto,-16.81163,-43.84931,DEL12-MG,Risco Baixo,Média
domingo,BR-381,632.4,Pleno dia,Crescente,Céu Claro,Dupla,Reta,-20.8449,-44.8297,DEL04-MG,Risco Médio,Alta
sexta-feira,BR-277,723.0,Pleno dia,Crescente,Céu Claro,Dupla,Retorno Regulamentado,-25.49878,-54.52985,DEL05-PR,Risco Médio,Média
terça-feira,BR-101,197.8,Pleno dia,Decrescente,Céu Claro,Dupla,Curva,-27.52659,-48.63506,DEL01-SC,Risco Médio,Alta
domingo,BR-476,117.0,Plena Noite,Decrescente,Céu Claro,Dupla,Reta,-25.34862,-49.17566,DEL01-PR,Risco Baixo,Baixa
quinta-feira,BR-242,308.0,Plena Noite,Decrescente,Céu Claro,Simples,Reta,-12.46975,-40.95992,DEL06-BA,Risco Médio,Baixa
sábado,BR-471,148.4,Plena Noite,Decrescente,Céu Claro,Simples,Reta,-29.79977,-52.40718,DEL02-RS,Risco Baixo,Baixa
segunda-feira,BR-282,209.0,Pleno dia,Decrescente,Céu Claro,Simples,Reta,-27.77693,-50.22189,DEL05-SC,Risco Médio,Baixa
terça-feira,BR-101,185.0,Plena Noite,Decrescente,Céu Claro,Dupla,Reta,-27.42537,-48.62466,DEL01-SC,Risco Baixo,Alta
sábado,BR-262,423.0,Pleno dia,Decrescente,Céu Claro,Dupla,Desvio Temporário,-19.88412,-44.73943,DEL08-MG,Risco Médio,Média
quarta-feira,BR-373,174.1,Pleno dia,Decrescente,Chuva,Dupla,Reta,-25.07658,-50.20958,DEL03-PR,Risco Baixo,Baixa
quarta-feira,BR-50,276.9,Anoitecer,Crescente,Céu Claro,Simples,Rotatória,-18.1644,-47.91098,DEL06-GO,Risco Médio,Média
sexta-feira,BR-364,270.0,Amanhecer,Crescente,Céu Claro,Simples,Não Informado,-15.96898,-54.94463,DEL02-MT,Risco Médio,Alta