dia_semana,br,km,fase_dia,sentido_via,condicao_metereologica,tipo_pista,tracado_via,latitude,longitude,delegacia,classificacao_acidente,postos_policiais_PRF
sábado,BR-101,324.3,Pleno dia,Decrescente,Céu Claro,Simples,Reta,-20.5488,-40.4811,DEL03-ES,Risco Médio,Alta
domingo,BR-40,522.9,Pleno dia,Crescente,Céu Claro,Dupla,Reta,-19.86387,-44.0675,DEL01-MG,Risco Médio,Alta
terça-feira,BR-40,474.5,Pleno dia,Decrescente,Céu Claro,Dupla,Reta,-19.5079,-44.2734,DEL02-MG,Risco Baixo,Alta
terça-feira,BR-163,24.6,Pleno dia,Decrescente,Céu Claro,Simples,Reta,-26.18258,-53.66225,DEL02-PR,Risco Baixo,Alta
sexta-feira,BR-60,511.0,Pleno dia,Crescente,Sol,Simples,Reta,-21.17733,-55.62823,DEL05-MS,Risco Baixo,Média
quinta-feira,BR-116,546.0,Pleno dia,Decrescente,Garoa/Chuvisco,Dupla,Não Informado,-24.96427,-48.42567,DEL05-SP,Risco Baixo,Alta
quinta-feira,BR-277,710.0,Pleno dia,Decrescente,Céu Claro,Dupla,Reta,-25.45043,-54.41349,DEL05-PR,Risco Médio,Média
sexta-feira,BR-282,488.6,Pleno dia,Crescente,Céu Claro,Simples,Não Informado,-26.86306,-52.26265,DEL07-SC,Risco Médio,Baixa
segunda-feira,BR-116,167.0,Plena Noite,Crescente,Céu Claro,Múltipla,Reta,-22.81804,-43.30787,DEL01-RJ,Risco Médio,Alta
domingo,BR-135,3.0,Plena Noite,Decrescente,Céu Claro,Dupla,Reta,-2.662214,-44.30198,DEL01-MA,Risco Baixo,Baixa
sábado,BR-262,58.1,Plena Noite,Crescente,Nevoeiro/Neblina,Simples,Curva,-20.27682,-42.19922,DEL06-MG,Risco Médio,Média
sábado,BR-277,81.9,Pleno dia,Crescente,Céu Claro,Dupla,Reta,-25.56894,-49.18198,DEL01-PR,Risco Médio,Média
terça-feira,BR-116,117.0,Pleno dia,Decrescente,Nublado,Múltipla,Reta,-25.55917,-49.30686,DEL01-PR,Risco Médio,Alta
domingo,BR-230,506.0,Pleno dia,Crescente,Sol,Simples,Reta,-7.4089,-46.8706,DEL05-MA,Risco Baixo,Baixa
sábado,BR-392,208.7,Pleno dia,Crescente,Garoa/Chuvisco,Simples,Não Informado,-30.82112,-53.17498,DEL09-RS,Risco Médio,Média
sábado,BR-20,13.7,Pleno dia,Decrescente,Sol,Dupla,Reta,-15.63875,-47.7496,DEL02-DF,Risco Baixo,Baixa
sexta-feira,BR-101,2.7,Amanhecer,Decrescente,Céu Claro,Dupla,Reta,-7.523874,-34.99333,DEL01-PE,Risco Alto,Alta
quarta-feira,BR-40,617.0,Pleno dia,Crescente,Sol,Simples,Interseção de vias,-20.55295,-43.81451,DEL05-MG,Risco Médio,Alta
domingo,BR-153,438.8,Amanhecer,Crescente,Céu Claro,Dupla,Reta,-16.2916,-48.93481,DEL02-GO,Risco Médio,Alta
sexta-feira,BR-116,411.5,Plena Noite,Crescente,Céu Claro,Dupla,Reta,-18.86074,-41.97456,DEL06-MG,Risco Médio,Alta
domingo,BR-317,126.0,Pleno dia,Crescente,Céu Claro,Simples,Reta,-10.41855,-67.72332,DEL01-AC,Risco Médio,Baixa
sexta-feira,BR-290,130.6,Amanhecer,Decrescente,Céu Claro,Simples,Reta,-30.05846,-51.51053,DEL02-RS,Risco Médio,Baixa
terça-feira,BR-40,510.0,Plena Noite,Decrescente,Nublado,Dupla,Reta,-19.77778,-44.12125,DEL01-MG,Risco Médio,Alta
quarta-feira,BR-116,538.3,Anoitecer,Crescente,Ignorado,Simples,Curva,-19.87458,-42.13217,DEL06-MG,Risco Médio,Alta
sábado,BR-470,246.0,Plena Noite,Crescente,Céu Claro,Simples,Curva,-29.3742,-51.50585,DEL06-RS,Risco Médio,Baixa
quinta-feira,BR-153,256.0,Pleno dia,Decrescente,Nublado,Dupla,Reta,-22.23721,-49.91918,DEL07-SP,Risco Médio,Alta
domingo,BR-285,672.0,Plena Noite,Crescente,Céu Claro,Simples,Reta,-28.66794,-55.97824,DEL12-RS,Risco Médio,Baixa
domingo,BR-101,113.4,Pleno dia,Crescente,Céu Claro,Dupla,Não Informado,-10.99152,-37.29599,DEL02-SE,Risco Médio,Alta
sábado,BR-70,2.3,Plena Noite,Crescente,Nublado,Dupla,Curva,-15.76702,-48.22995,DEL01-DF,Risco Alto,Baixa
sábado,BR-472,139.3,Plena Noite,Crescente,Chuva,Simples,Reta,-27.77426,-54.30612,DEL10-RS,Risco Baixo,Baixa
quinta-feira,BR-365,162.0,Plena Noite,Crescente,Ignorado,Simples,Reta,-17.35852,-44.91616,DEL12-MG,Risco Médio,Média
sábado,BR-153,685.1,Pleno dia,Crescente,Nublado,Dupla,Reta,-18.2073,-49.27638,DEL03-GO,Risco Baixo,Alta
segunda-feira,BR-280,58.6,Pleno dia,Crescente,Nublado,Simples,Não Informado,-26.4754,-49.03122,DEL03-SC,Risco Médio,Baixa
quinta-feira,BR-153,158.0,Pleno dia,Decrescente,Céu Claro,Simples,Reta,-21.4893,-49.78,DEL07-SP,Risco Médio,Alta
sábado,BR-222,291.5,Pleno dia,Crescente,Céu Claro,Simples,Reta,-3.45305,-44.8576,DEL02-MA,Risco Alto,Baixa
sábado,BR-116,815.0,Pleno dia,Crescente,Sol,Simples,Reta,-14.81287,-40.7978,DEL08-BA,Risco Médio,Alta
quinta-feira,BR-277,590.1,Pleno dia,Decrescente,Céu Claro,Simples,Reta,-25.02817,-53.55983,DEL04-PR,Risco Médio,Média
sexta-feira,BR-70,13.4,Pleno dia,Crescente,Céu Claro,Dupla,Reta,-15.79456,-48.16658,DEL01-DF,Risco Médio,Baixa
segunda-feira,BR-135,222.0,Pleno dia,Decrescente,Céu Claro,Simples,Reta,-8.150776,-43.7601,DEL03-PI,Risco Médio,Baixa
quinta-feira,BR-116,145.0,Plena Noite,Crescente,Céu Claro,Dupla,Desvio Temporário,-23.18698,-45.85481,DEL02-SP,Risco Médio,Alta
sexta-feira,BR-50,78.8,Pleno dia,Crescente,Céu Claro,Dupla,Desvio Temporário,-18.98691,-48.21185,DEL15-MG,Risco Alto,Média
sexta-feira,BR-60,4.4,Plena Noite,Crescente,Céu Claro,Dupla,Reta,-15.89272,-48.09574,DEL01-DF,Risco Médio,Média
segunda-feira,BR-226,280.2,Pleno dia,Decrescente,Céu Claro,Simples,Reta,-5.863305,-37.21344,DEL03-RN,Risco Médio,Baixa
domingo,BR-280,146.0,Pleno dia,Decrescente,Céu Claro,Simples,Curva,-26.25518,-49.66206,DEL06-SC,Risco Médio,Baixa
sexta-feira,BR-101,83.6,Plena Noite,Decrescente,Céu Claro,Dupla,Reta,-7.143,-34.9192,DEL01-PB,Risco Alto,Alta
sábado,BR-429,168.0,Pleno dia,Crescente,Céu Claro,Simples,Curva,-11.72349,-62.77981,DEL02-RO,Risco Alto,Baixa
quarta-feira,BR-101,214.5,Pleno dia,Decrescente,Céu Claro,Simples,Curva,-19.82969,-40.37884,DEL02-ES,Risco Médio,Alta
domingo,BR-116,297.0,Pleno dia,Decrescente,Céu Claro,Dupla,Interseção de vias,-23.78323,-46.91437,DEL04-SP,Risco Médio,Alta
sábado,BR-40,32.0,Pleno dia,Decrescente,Céu Claro,Dupla,Curva,-22.19935,-43.15764,DEL06-RJ,Risco Médio,Alta
sábado,BR-153,411.0,Plena Noite,Crescente,Céu Claro,Dupla,Curva,-9.507273,-48.58805,DEL02-TO,Risco Médio,Alta
quarta-feira,BR-277,33.0,Pleno dia,Decrescente,Sol,Dupla,Curva,-25.59323,-48.89053,DEL01-PR,Risco Médio,Média
terça-feira,BR-116,182.0,Anoitecer,Crescente,Céu Claro,Dupla,Reta,-23.34506,-46.16214,DEL01-SP,Risco Médio,Alta
sábado,BR-116,412.2,Plena Noite,Decrescente,Céu Claro,Dupla,Interseção de vias,-18.86817,-41.97237,DEL06-MG,Risco Médio,Alta
sábado,BR-163,77.8,Pleno dia,Decrescente,Nevoeiro/Neblina,Simples,Não Informado,-26.67615,-53.5167,DEL07-SC,Risco Médio,Alta
quinta-feira,BR-101,77.0,Pleno dia,Crescente,Sol,Dupla,Curva,-5.731805,-35.29112,DEL02-RN,Risco Médio,Alta
segunda-feira,BR-40,571.0,Plena Noite,Crescente,Céu Claro,Simples,Reta,-20.2282,-43.9698,DEL01-MG,Risco Médio,Alta
domingo,BR-101,331.0,Pleno dia,Decrescente,Céu Claro,Dupla,Reta,-22.86766,-43.19534,DEL02-RJ,Risco Médio,Alta
segunda-feira,BR-101,2.3,Pleno dia,Crescente,Nublado,Dupla,Reta,-20.25459,-40.2891,DEL04-ES,Risco Baixo,Alta
terça-feira,BR-101,739.0,Plena Noite,Crescente,Nublado,Simples,Reta,-16.5271,-39.5673,DEL09-BA,Risco Médio,Alta
sábado,BR-364,643.8,Plena Noite,Decrescente,Chuva,Simples,Reta,-8.984054,-63.4238,DEL03-RO,Risco Médio,Alta
quinta-feira,BR-163,823.0,Pleno dia,Crescente,Céu Claro,Dupla,Reta,-11.8328,-55.4878,DEL06-MT,Risco Médio,Alta
sexta-feira,BR-262,35.8,Pleno dia,Decrescente,Céu Claro,Simples,Reta,-20.25559,-42.03095,DEL06-MG,Risco Médio,Média
quinta-feira,BR-230,407.9,Pleno dia,Decrescente,Céu Claro,Simples,Reta,-6.7733,-37.798,DEL03-PB,Risco Médio,Baixa
segunda-feira,BR-476,111.0,Pleno dia,Decrescente,Garoa/Chuvisco,Simples,Curva,-25.31506,-49.15355,DEL01-PR,Risco Baixo,Baixa
quinta-feira,BR-277,724.0,Plena Noite,Crescente,Céu Claro,Dupla,Interseção de vias,-25.50256,-54.53868,DEL05-PR,Risco Médio,Média
segunda-feira,BR-101,407.0,Pleno dia,Decrescente,Céu Claro,Dupla,Reta,-22.88088,-43.82441,DEL03-RJ,Risco Médio,Alta
quinta-feira,BR-110,97.0,Pleno dia,Decrescente,Céu Claro,Simples,Reta,-10.2719,-38.30739,DEL07-BA,Risco Médio,Baixa
domingo,BR-40,35.2,Amanhecer,Crescente,Chuva,Dupla,Curva,-22.20956,-43.13583,DEL06-RJ,Risco Baixo,Alta
quarta-feira,BR-104,19.6,Plena Noite,Crescente,Céu Claro,Simples,Reta,-9.050981,-36.03736,DEL01-AL,Risco Médio,Baixa
segunda-feira,BR-369,381.0,Pleno dia,Crescente,Céu Claro,Simples,Não Informado,-24.2176,-52.5106,DEL04-PR,Risco Médio,Baixa
quarta-feira,BR-282,528.8,Plena Noite,Crescente,Nublado,Simples,Curva,-26.9902,-52.61001,DEL07-SC,Risco Médio,Baixa
quinta-feira,BR-101,120.0,Amanhecer,Decrescente,Chuva,Dupla,Reta,-26.92041,-48.70871,DEL04-SC,Risco Baixo,Alta
terça-feira,BR-373,389.0,Pleno dia,Crescente,Céu Claro,Simples,Reta,-25.51684,-51.96267,DEL08-PR,Risco Baixo,Baixa
quarta-feira,BR-174,506.0,Plena Noite,Crescente,Nublado,Dupla,Reta,2.822366,-60.69558,DEL01-RR,Risco Médio,Baixa
sábado,BR-163,1004.0,Anoitecer,Crescente,Céu Claro,Simples,Reta,-2.434118,-54.73371,DEL05-PA,Risco Médio,Alta
terça-feira,BR-304,7.9,Amanhecer,Crescente,Céu Claro,Simples,Reta,-4.917918,-37.42311,DEL04-RN,Risco Baixo,Baixa
quarta-feira,BR-116,146.0,Pleno dia,Decrescente,Céu Claro,Dupla,Não Informado,-23.19218,-45.86522,DEL02-SP,Risco Médio,Alta
sábado,BR-232,409.0,Pleno dia,Crescente,Céu Claro,Simples,Não Informado,-7.981944,-38.28947,DEL04-PE,Risco Médio,Baixa
quarta-feira,BR-116,35.0,Pleno dia,Decrescente,Chuva,Dupla,Retorno Regulamentado,-4.052181,-38.50628,DEL01-CE,Risco Baixo,Alta
sábado,BR-40,705.4,Pleno dia,Decrescente,Chuva,Dupla,Curva,-21.2452,-43.7189,DEL05-MG,Risco Médio,Alta
quarta-feira,BR-135,2.5,Pleno dia,Crescente,Céu Claro,Dupla,Curva,-2.598067,-44.24574,DEL01-MA,Risco Médio,Baixa
domingo,BR-361,111.5,Pleno dia,Decrescente,Céu Claro,Simples,Reta,-7.300401,-38.12823,DEL03-PB,Risco Médio,Baixa
terça-feira,BR-153,501.0,Plena Noite,Crescente,Céu Claro,Dupla,Reta,-16.7189,-49.2382,DEL01-GO,Risco Médio,Alta
domingo,BR-407,46.9,Pleno dia,Decrescente,Céu Claro,Simples,Reta,-8.784816,-40.87824,DEL06-PE,Risco Médio,Baixa
sexta-feira,BR-101,45.3,Anoitecer,Crescente,Céu Claro,Simples,Reta,-7.865213,-34.90715,DEL01-PE,Risco Médio,Alta
sexta-feira,BR-285,257.9,Plena Noite,Decrescente,Céu Claro,Simples,Reta,-28.29982,-52.14851,DEL08-RS,Risco Baixo,Baixa
segunda-feira,BR-101,339.3,Pleno dia,Decrescente,Céu Claro,Simples,Reta,-20.64371,-40.56102,DEL03-ES,Risco Baixo,Alta
sábado,BR-415,31.0,Anoitecer,Crescente,Céu Claro,Simples,Reta,-14.78367,-39.23249,DEL05-BA,Risco Médio,Baixa
segunda-feira,BR-146,426.0,Pleno dia,Decrescente,Céu Claro,Simples,Reta,-21.37339,-46.46124,DEL09-MG,Risco Baixo,Baixa
terça-feira,BR-376,496.0,Anoitecer,Decrescente,Chuva,Dupla,Reta,-25.10674,-50.1931,DEL03-PR,Risco Médio,Baixa
sexta-feira,BR-153,147.0,Plena Noite,Decrescente,Chuva,Múltipla,Rotatória,-7.221103,-48.24785,DEL02-TO,Risco Baixo,Alta
quarta-feira,BR-135,1.0,Plena Noite,Decrescente,Chuva,Dupla,Reta,-2.53073,-44.3068,DEL01-MA,Risco Médio,Baixa
quarta-feira,BR-116,86.7,Pleno dia,Crescente,Chuva,Dupla,Reta,-22.92644,-45.35316,DEL06-SP,Risco Médio,Alta
quinta-feira,BR-70,580.3,Pleno dia,Decrescente,Sol,Simples,Reta,-15.75124,-56.56791,DEL03-MT,Risco Médio,Baixa
segunda-feira,BR-153,34.0,Pleno dia,Crescente,Céu Claro,Simples,Não Informado,-13.10346,-49.19918,DEL07-GO,Risco Médio,Alta
segunda-feira,BR-116,205.2,Pleno dia,Crescente,Céu Claro,Múltipla,Reta,-23.41475,-46.36601,DEL01-SP,Risco Médio,Alta
sexta-feira,BR-262,389.0,Pleno dia,Decrescente,Chuva,Dupla,Reta,-19.907,-44.5119,DEL01-MG,Risco Baixo,Média
segunda-feira,BR-277,722.3,Plena Noite,Decrescente,Nublado,Dupla,Retorno Regulamentado,-25.49495,-54.52095,DEL05-PR,Risco Baixo,Média
terça-feira,BR-116,519.3,Plena Noite,Decrescente,Céu Claro,Dupla,Viaduto,-31.69369,-52.35459,DEL07-RS,Risco Médio,Alta
sexta-feira,BR-116,356.6,Plena Noite,Crescente,Céu Claro,Simples,Curva,-30.34457,-51.42852,DEL02-RS,Risco Médio,Alta
terça-feira,BR-280,80.1,Anoitecer,Crescente,Nublado,Simples,Reta,-26.44412,-49.20975,DEL06-SC,Risco Médio,Baixa
terça-feira,BR-423,88.6,Pleno dia,Decrescente,Céu Claro,Simples,Reta,-8.835711,-36.45511,DEL03-PE,Risco Baixo,Baixa
terça-feira,BR-493,86.0,Pleno dia,Decrescente,Céu Claro,Múltipla,Não Informado,-22.66091,-43.3493,DEL01-RJ,Risco Alto,Baixa
quarta-feira,BR-290,150.0,Plena Noite,Crescente,Nublado,Simples,Ponte,-30.1055,-51.7139,DEL02-RS,Risco Baixo,Baixa
sábado,BR-364,0.5,Pleno dia,Crescente,Céu Claro,Dupla,Reta,-17.31871,-53.2119,DEL02-MT,Risco Médio,Alta
terça-feira,BR-153,256.6,Pleno dia,Crescente,Céu Claro,Simples,Reta,-14.96847,-49.38859,DEL07-GO,Risco Médio,Alta
segunda-feira,BR-369,156.0,Anoitecer,Decrescente,Céu Claro,Dupla,Reta,-23.29195,-51.21622,DEL07-PR,Risco Médio,Baixa
sábado,BR-420,335.0,Plena Noite,Decrescente,Céu Claro,Simples,Reta,-13.50051,-39.95696,DEL03-BA,Risco Médio,Baixa
sábado,BR-376,172.8,Plena Noite,Crescente,Céu Claro,Dupla,Rotatória,-23.41879,-51.97209,DEL07-PR,Risco Médio,Baixa
sábado,BR-153,633.0,Pleno dia,Decrescente,Céu Claro,Simples,Não Informado,-11.40685,-48.97293,DEL02-TO,Risco Médio,Alta
domingo,BR-101,144.8,Pleno dia,Crescente,Nublado,Simples,Reta,-19.39159,-40.07256,DEL04-ES,Risco Médio,Alta
sexta-feira,BR-365,726.0,Plena Noite,Crescente,Céu Claro,Simples,Reta,-18.8935,-49.24241,DEL15-MG,Risco Baixo,Média
quarta-feira,BR-324,441.2,Plena Noite,Crescente,Céu Claro,Simples,Reta,-11.82257,-39.36898,DEL02-BA,Risco Médio,Baixa
quarta-feira,BR-324,556.0,Pleno dia,Crescente,Céu Claro,Dupla,Reta,-12.47106,-38.68242,DEL01-BA,Risco Médio,Baixa
sábado,BR-290,230.0,Plena Noite,Decrescente,Céu Claro,Simples,Reta,-30.21176,-52.5301,DEL02-RS,Risco Baixo,Baixa
domingo,BR-101,126.6,Plena Noite,Decrescente,Céu Claro,Dupla,Reta,-8.369582,-35.2292,DEL01-PE,Risco Alto,Alta
sexta-feira,BR-343,4.0,Plena Noite,Decrescente,Céu Claro,Múltipla,Interseção de vias,-5.080642,-42.78389,DEL01-PI,Risco Baixo,Baixa
domingo,BR-293,24.6,Pleno dia,Decrescente,Nublado,Simples,Reta,-31.73067,-52.57151,DEL07-RS,Risco Baixo,Baixa
sexta-feira,BR-282,2.5,Pleno dia,Decrescente,Sol,Dupla,Reta,-27.60339,-48.58171,DEL01-SC,Risco Médio,Baixa
segunda-feira,BR-116,109.0,Plena Noite,Crescente,Céu Claro,Múltipla,Reta,-22.67971,-43.28614,DEL02-RJ,Risco Médio,Alta
quinta-feira,BR-101,198.8,Plena Noite,Crescente,Chuva,Simples,Curva,-19.71699,-40.34091,DEL04-ES,Risco Médio,Alta
sexta-feira,BR-104,46.5,Plena Noite,Crescente,Nublado,Dupla,Não Informado,-8.121792,-35.99633,DEL02-PE,Risco Baixo,Baixa
domingo,BR-354,762.9,Pleno dia,Decrescente,Nublado,Simples,Não Informado,-22.33754,-44.8227,DEL17-MG,Risco Médio,Baixa
terça-feira,BR-226,45.5,Plena Noite,Crescente,Céu Claro,Simples,Reta,-6.754564,-47.78456,DEL02-TO,Risco Médio,Baixa
quarta-feira,BR-101,128.1,Pleno dia,Decrescente,Nublado,Dupla,Não Informado,-26.97357,-48.68258,DEL04-SC,Risco Médio,Alta
terça-feira,BR-282,6.0,Plena Noite,Crescente,Céu Claro,Dupla,Não Informado,-27.58499,-48.61636,DEL01-SC,Risco Baixo,Baixa
quarta-feira,BR-116,153.0,Pleno dia,Crescente,Nublado,Simples,Não Informado,-25.83871,-49.34315,DEL01-PR,Risco Baixo,Alta
sábado,BR-40,559.6,Pleno dia,Crescente,Céu Claro,Múltipla,Reta,-20.12537,-43.96632,DEL01-MG,Risco Médio,Alta
quarta-feira,BR-232,172.5,Pleno dia,Decrescente,Sol,Simples,Não Informado,-8.338549,-36.36013,DEL02-PE,Risco Baixo,Baixa
quinta-feira,BR-316,306.1,Anoitecer,Crescente,Céu Claro,Simples,Curva,-8.706353,-38.51373,DEL04-PE,Risco Alto,Baixa
sexta-feira,BR-101,329.9,Plena Noite,Decrescente,Céu Claro,Dupla,Reta,-20.58543,-40.49702,DEL03-ES,Risco Médio,Alta
sexta-feira,BR-163,606.0,Pleno dia,Crescente,Céu Claro,Simples,Curva,-13.85461,-56.08514,DEL01-MT,Risco Médio,Alta
domingo,BR-116,531.3,Plena Noite,Crescente,Chuva,Simples,Reta,-19.7902,-42.13953,DEL06-MG,Risco Médio,Alta
terça-feira,BR-116,171.3,Plena Noite,Crescente,Céu Claro,Dupla,Reta,-22.78205,-43.38824,DEL01-RJ,Risco Médio,Alta
terça-feira,BR-376,454.3,Pleno dia,Decrescente,Céu Claro,Dupla,Reta,-24.96428,-50.38758,DEL03-PR,Risco Baixo,Baixa
quarta-feira,BR-364,697.0,Pleno dia,Decrescente,Céu Claro,Dupla,Reta,-8.803119,-63.74662,DEL01-RO,Risco Médio,Alta
domingo,BR-476,128.2,Plena Noite,Decrescente,Céu Claro,Múltipla,Curva,-25.43426,-49.23255,DEL01-PR,Risco Baixo,Baixa
quinta-feira,BR-376,492.8,Anoitecer,Crescente,Nublado,Dupla,Reta,-25.12346,-50.1831,DEL03-PR,Risco Médio,Baixa
sexta-feira,BR-324,614.0,Anoitecer,Crescente,Céu Claro,Dupla,Reta,-12.85257,-38.41966,DEL01-BA,Risco Médio,Baixa
terça-feira,BR-101,43.4,Pleno dia,Decrescente,Chuva,Simples,Reta,-29.55749,-50.04076,DEL03-RS,Risco Médio,Alta
sexta-feira,BR-262,768.0,Plena Noite,Decrescente,Chuva,Simples,Interseção de vias,-19.6852,-47.67621,DEL13-MG,Risco Médio,Média
sexta-feira,BR-101,198.0,Pleno dia,Crescente,Céu Claro,Dupla,Reta,-27.52659,-48.63506,DEL01-SC,Risco Médio,Alta
terça-feira,BR-10,354.0,Plena Noite,Crescente,Céu Claro,Simples,Reta,-1.347598,-47.57736,DEL01-PA,Risco Médio,Baixa
sábado,BR-386,176.0,Plena Noite,Crescente,Céu Claro,Simples,Interseção de vias,-28.27455,-52.77069,DEL08-RS,Risco Médio,Média
terça-feira,BR-428,159.0,Pleno dia,Crescente,Céu Claro,Simples,Reta,-9.139505,-40.35244,DEL06-PE,Risco Médio,Baixa
quarta-feira,BR-415,18.0,Pleno dia,Decrescente,Céu Claro,Simples,Reta,-14.8482,-39.28199,DEL05-BA,Risco Médio,Baixa
segunda-feira,BR-116,226.0,Plena Noite,Decrescente,Céu Claro,Múltipla,Reta,-23.49103,-46.54878,DEL01-SP,Risco Médio,Alta
terça-feira,BR-232,55.0,Plena Noite,Decrescente,Céu Claro,Dupla,Reta,-8.132558,-35.3657,DEL01-PE,Risco Médio,Baixa
quinta-feira,BR-381,707.5,Pleno dia,Decrescente,Chuva,Dupla,Não Informado,-21.3348,-45.1734,DEL04-MG,Risco Baixo,Alta
sexta-feira,BR-365,351.0,Plena Noite,Crescente,Céu Claro,Simples,Reta,-18.3324,-46.01089,DEL10-MG,Risco Médio,Média
sábado,BR-476,93.0,Plena Noite,Crescente,Céu Claro,Simples,Interseção de vias,-25.20938,-49.1133,DEL01-PR,Risco Médio,Baixa
sexta-feira,BR-381,313.0,Pleno dia,Decrescente,Chuva,Simples,Não Informado,-19.68108,-42.98148,DEL03-MG,Risco Médio,Alta
sábado,BR-101,237.7,Pleno dia,Crescente,Sol,Dupla,Interseção de vias,-19.99307,-40.41417,DEL02-ES,Risco Médio,Alta
sábado,BR-101,210.0,Pleno dia,Decrescente,Céu Claro,Dupla,Reta,-22.4831,-42.2354,DEL02-RJ,Risco Baixo,Alta
quinta-feira,BR-116,114.0,Anoitecer,Decrescente,Chuva,Dupla,Reta,-25.56297,-49.25644,DEL01-PR,Risco Baixo,Alta
quinta-feira,BR-116,8.1,Pleno dia,Crescente,Sol,Simples,Retorno Regulamentado,-22.53638,-44.77215,DEL08-SP,Risco Baixo,Alta
quinta-feira,BR-282,497.2,Pleno dia,Decrescente,Sol,Simples,Não Informado,-26.88006,-52.34468,DEL07-SC,Risco Médio,Baixa
domingo,BR-381,744.0,Plena Noite,Crescente,Nevoeiro/Neblina,Dupla,Reta,-21.61909,-45.25072,DEL16-MG,Risco Médio,Alta
segunda-feira,BR-381,482.7,Pleno dia,Decrescente,Céu Claro,Múltipla,Não Informado,-19.95553,-44.09721,DEL01-MG,Risco Médio,Alta
domingo,BR-242,357.1,Amanhecer,Crescente,Céu Claro,Simples,Curva,-11.83476,-48.89517,DEL02-TO,Risco Baixo,Baixa
sábado,BR-230,85.5,Plena Noite,Decrescente,Nublado,Dupla,Interseção de vias,-7.149183,-34.91178,DEL01-PB,Risco Médio,Baixa
sexta-feira,BR-267,286.6,Pleno dia,Decrescente,Nublado,Simples,Curva,-21.92772,-44.76683,DEL05-MG,Risco Baixo,Baixa
sexta-feira,BR-407,5.0,Anoitecer,Crescente,Céu Claro,Simples,Interseção de vias,-9.412096,-40.49894,DEL06-PE,Risco Médio,Baixa
sexta-feira,BR-235,1.8,Pleno dia,Crescente,Céu Claro,Simples,Não Informado,-10.9062,-37.1034,DEL01-SE,Risco Médio,Baixa
sexta-feira,BR-364,267.0,Plena Noite,Crescente,Céu Claro,Dupla,Não Informado,-15.98825,-54.9268,DEL02-MT,Risco Médio,Alta
segunda-feira,BR-101,108.9,Pleno dia,Decrescente,Céu Claro,Dupla,Não Informado,-10.96644,-37.27063,DEL02-SE,Risco Baixo,Alta
sábado,BR-376,256.0,Plena Noite,Decrescente,Céu Claro,Simples,Curva,-23.66119,-51.36825,DEL07-PR,Risco Baixo,Baixa
sábado,BR-408,64.0,Pleno dia,Crescente,Céu Claro,Simples,Curva,-7.846511,-35.24029,DEL01-PE,Risco Médio,Baixa
segunda-feira,BR-262,20.5,Plena Noite,Decrescente,Céu Claro,Simples,Reta,-20.38335,-40.5007,DEL01-ES,Risco Médio,Média
segunda-feira,BR-101,482.7,Plena Noite,Crescente,Céu Claro,Simples,Curva,-23.00453,-44.29746,DEL03-RJ,Risco Médio,Alta
quinta-feira,BR-476,122.0,Pleno dia,Crescente,Nublado,Múltipla,Reta,-25.38585,-49.20327,DEL01-PR,Risco Médio,Baixa
segunda-feira,BR-163,431.6,Pleno dia,Crescente,Céu Claro,Dupla,Reta,-20.89204,-54.50294,DEL01-MS,Risco Baixo,Alta
sexta-feira,BR-277,592.0,Pleno dia,Crescente,Céu Claro,Simples,Reta,-24.98286,-53.47319,DEL04-PR,Risco Médio,Média
sexta-feira,BR-381,640.0,Plena Noite,Decrescente,Céu Claro,Dupla,Reta,-20.92113,-44.87074,DEL04-MG,Risco Médio,Alta
segunda-feira,BR-376,624.0,Pleno dia,Decrescente,Garoa/Chuvisco,Dupla,Reta,-25.5307,-49.1958,DEL01-PR,Risco Baixo,Baixa
sábado,BR-116,262.0,Pleno dia,Decrescente,Céu Claro,Dupla,Reta,-29.89647,-51.17593,DEL01-RS,Risco Médio,Alta
domingo,BR-364,350.0,Amanhecer,Decrescente,Nublado,Dupla,Reta,-15.80517,-55.55693,DEL02-MT,Risco Médio,Alta
terça-feira,BR-116,180.5,Plena Noite,Decrescente,Céu Claro,Simples,Reta,-5.117457,-38.14383,DEL03-CE,Risco Médio,Alta
segunda-feira,BR-153,9.8,Plena Noite,Decrescente,Céu Claro,Simples,Reta,-6.454327,-48.50462,DEL02-TO,Risco Alto,Alta
sexta-feira,BR-282,560.7,Amanhecer,Decrescente,Chuva,Simples,Reta,-26.92713,-52.85621,DEL07-SC,Risco Médio,Baixa
quinta-feira,BR-242,351.0,Anoitecer,Decrescente,Céu Claro,Simples,Curva,-12.49244,-41.32808,DEL08-BA,Risco Baixo,Baixa
quinta-feira,BR-116,405.0,Anoitecer,Decrescente,Céu Claro,Simples,Desvio Temporário,-6.637297,-38.82673,DEL05-CE,Risco Médio,Alta
segunda-feira,BR-381,566.7,Pleno dia,Crescente,Chuva,Dupla,Curva,-20.4025,-44.5126,DEL04-MG,Risco Baixo,Alta
segunda-feira,BR-116,110.0,Plena Noite,Decrescente,Céu Claro,Múltipla,Reta,-22.68681,-43.28571,DEL04-RJ,Risco Médio,Alta
domingo,BR-365,419.0,Plena Noite,Crescente,Céu Claro,Simples,Reta,-18.69581,-46.59449,DEL10-MG,Risco Alto,Média
domingo,BR-40,12.0,Pleno dia,Crescente,Céu Claro,Dupla,Reta,-16.14512,-47.94538,DEL01-DF,Risco Médio,Alta