dia_semana,br,km,fase_dia,sentido_via,condicao_metereologica,tipo_pista,tracado_via,latitude,longitude,delegacia,classificacao_acidente,postos_policiais_PRF
terça-feira,BR-242,860.0,Pleno dia,Crescente,Chuva,Simples,Reta,-12.06606,-45.57841,DEL10-BA,Risco Baixo,Baixa
quinta-feira,BR-116,153.7,Pleno dia,Crescente,Nublado,Múltipla,Reta,-23.23262,-45.91373,DEL02-SP,Risco Médio,Alta
segunda-feira,BR-70,18.0,Pleno dia,Decrescente,Céu Claro,Dupla,Curva,-15.79109,-48.21096,DEL01-DF,Risco Médio,Baixa
terça-feira,BR-101,883.0,Plena Noite,Crescente,Nublado,Simples,Reta,-17.57792,-39.73686,DEL09-BA,Risco Médio,Alta
sexta-feira,BR-392,200.0,Pleno dia,Decrescente,Chuva,Simples,Rotatória,-30.87178,-53.13722,DEL09-RS,Risco Médio,Média
quinta-feira,BR-116,63.6,Pleno dia,Crescente,Céu Claro,Simples,Não Informado,-4.272633,-38.49159,DEL03-CE,Risco Médio,Alta
quarta-feira,BR-222,310.7,Plena Noite,Crescente,Céu Claro,Simples,Não Informado,-3.706706,-40.97707,DEL04-CE,Risco Médio,Baixa
quinta-feira,BR-285,617.0,Amanhecer,Crescente,Céu Claro,Simples,Curva,-28.50048,-55.45679,DEL12-RS,Risco Médio,Baixa
terça-feira,BR-40,547.0,Pleno dia,Decrescente,Céu Claro,Dupla,Curva,-20.02252,-43.97026,DEL01-MG,Risco Médio,Alta
terça-feira,BR-40,1.9,Pleno dia,Crescente,Céu Claro,Dupla,Reta,-16.05824,-47.98282,DEL01-DF,Risco Médio,Alta
terça-feira,BR-116,213.0,Pleno dia,Crescente,Céu Claro,Dupla,Reta,-23.43971,-46.43668,DEL01-SP,Risco Médio,Alta
domingo,BR-116,365.0,Plena Noite,Crescente,Chuva,Simples,Curva,-30.658,-51.56433,DEL02-RS,Risco Baixo,Alta
segunda-feira,BR-116,262.0,Pleno dia,Decrescente,Nublado,Dupla,Reta,-29.8938,-51.1765,DEL01-RS,Risco Médio,Alta
segunda-feira,BR-415,18.0,Pleno dia,Crescente,Céu Claro,Simples,Reta,-14.8482,-39.28199,DEL05-BA,Risco Baixo,Baixa
segunda-feira,BR-282,388.0,Pleno dia,Crescente,Céu Claro,Simples,Reta,-27.179,-51.53162,DEL07-SC,Risco Médio,Baixa
sexta-feira,BR-101,398.0,Plena Noite,Decrescente,Nublado,Dupla,Reta,-22.86788,-43.74863,DEL01-RJ,Risco Médio,Alta
quarta-feira,BR-163,151.2,Pleno dia,Decrescente,Chuva,Simples,Reta,-25.40806,-53.57254,DEL04-PR,Risco Baixo,Alta
quinta-feira,BR-267,432.4,Pleno dia,Crescente,Céu Claro,Simples,Reta,-21.52559,-55.73534,DEL05-MS,Risco Médio,Baixa
sexta-feira,BR-116,215.0,Pleno dia,Decrescente,Nublado,Múltipla,Reta,-23.44696,-46.45394,DEL01-SP,Risco Médio,Alta
terça-feira,BR-381,499.0,Plena Noite,Decrescente,Céu Claro,Dupla,Reta,-20.01793,-44.22614,DEL01-MG,Risco Médio,Alta
domingo,BR-285,297.4,Pleno dia,Decrescente,Céu Claro,Simples,Reta,-28.23514,-52.41339,DEL08-RS,Risco Médio,Baixa
sábado,BR-364,344.8,Pleno dia,Decrescente,Céu Claro,Simples,Interseção de vias,-10.87023,-61.95779,DEL02-RO,Risco Médio,Alta
terça-feira,BR-427,64.5,Anoitecer,Decrescente,Céu Claro,Simples,Reta,-6.573257,-36.84279,DEL03-RN,Risco Médio,Baixa
sábado,BR-163,1004.0,Pleno dia,Decrescente,Céu Claro,Dupla,Reta,-2.438245,-54.73277,DEL05-PA,Risco Baixo,Alta
quinta-feira,BR-101,433.7,Plena Noite,Decrescente,Chuva,Múltipla,Reta,-29.08201,-49.62972,DEL02-SC,Risco Médio,Alta
segunda-feira,BR-116,401.0,Plena Noite,Crescente,Céu Claro,Simples,Interseção de vias,-18.7676,-41.98503,DEL06-MG,Risco Médio,Alta
segunda-feira,BR-381,597.7,Pleno dia,Crescente,Céu Claro,Dupla,Reta,-20.59166,-44.7015,DEL04-MG,Risco Baixo,Alta
quinta-feira,BR-356,274.4,Pleno dia,Crescente,Sol,Simples,Curva,-21.13526,-42.2965,DEL07-MG,Risco Médio,Baixa
terça-feira,BR-101,212.0,Pleno dia,Crescente,Céu Claro,Múltipla,Interseção de vias,-27.62997,-48.65904,DEL01-SC,Risco Médio,Alta
terça-feira,BR-262,159.0,Plena Noite,Decrescente,Nublado,Simples,Reta,-20.23356,-41.50512,DEL01-ES,Risco Médio,Média
sexta-feira,BR-116,2.9,Pleno dia,Crescente,Nublado,Múltipla,Reta,-3.77339,-38.51637,DEL01-CE,Risco Médio,Alta
domingo,BR-476,123.2,Anoitecer,Crescente,Nublado,Dupla,Reta,-25.39384,-49.21038,DEL01-PR,Risco Médio,Baixa
terça-feira,BR-40,477.8,Pleno dia,Decrescente,Céu Claro,Dupla,Reta,-19.52131,-44.26526,DEL02-MG,Risco Médio,Alta
terça-feira,BR-60,97.0,Pleno dia,Crescente,Nublado,Dupla,Não Informado,-16.3774,-48.9483,DEL02-GO,Risco Médio,Média
sábado,BR-393,251.0,Pleno dia,Crescente,Céu Claro,Simples,Reta,-22.42818,-43.76843,DEL05-RJ,Risco Médio,Média
quarta-feira,BR-280,229.0,Plena Noite,Crescente,Nevoeiro/Neblina,Simples,Ponte,-26.18642,-50.3542,DEL06-SC,Risco Médio,Baixa
sábado,BR-405,156.0,Pleno dia,Decrescente,Ignorado,Simples,Reta,-6.133889,-38.20573,DEL04-RN,Risco Alto,Baixa
sexta-feira,BR-40,8.2,Pleno dia,Crescente,Céu Claro,Dupla,Reta,-16.11616,-47.96761,DEL01-DF,Risco Alto,Alta
terça-feira,BR-304,156.7,Plena Noite,Crescente,Céu Claro,Simples,Curva,-5.698046,-36.5372,DEL04-RN,Risco Médio,Baixa
sexta-feira,BR-101,214.4,Anoitecer,Decrescente,Nublado,Simples,Reta,-27.64443,-48.67057,DEL01-SC,Risco Baixo,Alta
terça-feira,BR-232,8.0,Pleno dia,Decrescente,Céu Claro,Dupla,Reta,-8.075855,-34.97022,DEL01-PE,Risco Baixo,Baixa
quarta-feira,BR-408,61.0,Pleno dia,Decrescente,Céu Claro,Simples,Reta,-7.823013,-35.24568,DEL01-PE,Risco Médio,Baixa
sábado,BR-277,66.0,Pleno dia,Decrescente,Sol,Dupla,Reta,-25.54909,-49.04398,DEL01-PR,Risco Médio,Média
sexta-feira,BR-40,449.5,Plena Noite,Decrescente,Céu Claro,Dupla,Reta,-19.30932,-44.37279,DEL02-MG,Risco Baixo,Alta
quarta-feira,BR-163,166.2,Pleno dia,Decrescente,Chuva,Simples,Reta,-25.29266,-53.5715,DEL04-PR,Risco Médio,Alta
segunda-feira,BR-116,191.6,Pleno dia,Decrescente,Chuva,Dupla,Curva,-23.37456,-46.24625,DEL02-SP,Risco Médio,Alta
sexta-feira,BR-116,199.8,Plena Noite,Decrescente,Nublado,Simples,Reta,-26.04067,-49.70101,DEL06-SC,Risco Baixo,Alta
terça-feira,BR-367,71.6,Pleno dia,Decrescente,Céu Claro,Simples,Reta,-16.38866,-39.47809,DEL09-BA,Risco Médio,Baixa
domingo,BR-470,116.0,Pleno dia,Crescente,Nublado,Simples,Reta,-27.08114,-49.4989,DEL04-SC,Risco Médio,Baixa
segunda-feira,BR-262,583.7,Pleno dia,Decrescente,Chuva,Simples,Reta,-19.64963,-46.08065,DEL08-MG,Risco Médio,Média
quarta-feira,BR-70,13.7,Pleno dia,Decrescente,Céu Claro,Dupla,Rotatória,-15.79652,-48.17238,DEL01-DF,Risco Médio,Baixa
terça-feira,BR-381,760.2,Pleno dia,Decrescente,Sol,Dupla,Não Informado,-21.70012,-45.3661,DEL16-MG,Risco Baixo,Alta
segunda-feira,BR-110,75.8,Plena Noite,Decrescente,Céu Claro,Simples,Desvio Temporário,-6.92624,-37.4072,DEL03-PB,Risco Médio,Baixa
quinta-feira,BR-465,12.0,Amanhecer,Crescente,Céu Claro,Simples,Reta,-22.79125,-43.65126,DEL01-RJ,Risco Alto,Baixa
sexta-feira,BR-282,23.3,Anoitecer,Crescente,Céu Claro,Simples,Reta,-27.68628,-48.74018,DEL01-SC,Risco Médio,Baixa
quinta-feira,BR-116,422.0,Pleno dia,Decrescente,Céu Claro,Simples,Reta,-12.23089,-38.96722,DEL02-BA,Risco Médio,Alta
quarta-feira,BR-381,289.0,Pleno dia,Crescente,Nublado,Simples,Curva,-19.61661,-42.7826,DEL03-MG,Risco Baixo,Alta
sexta-feira,BR-277,7.0,Plena Noite,Crescente,Céu Claro,Dupla,Curva,-25.56068,-48.58311,DEL01-PR,Risco Médio,Média
segunda-feira,BR-40,516.0,Pleno dia,Decrescente,Nublado,Dupla,Reta,-19.81629,-44.0896,DEL01-MG,Risco Médio,Alta
quinta-feira,BR-60,189.9,Plena Noite,Decrescente,Céu Claro,Dupla,Não Informado,-16.8222,-49.534,DEL01-GO,Risco Médio,Média
quinta-feira,BR-116,223.5,Plena Noite,Decrescente,Garoa/Chuvisco,Dupla,Reta,-23.4756,-46.52466,DEL01-SP,Risco Baixo,Alta
terça-feira,BR-101,334.0,Plena Noite,Decrescente,Chuva,Dupla,Reta,-20.62138,-40.52011,DEL03-ES,Risco Médio,Alta
quarta-feira,BR-40,524.0,Pleno dia,Crescente,Sol,Dupla,Reta,-19.8881,-44.0502,DEL01-MG,Risco Médio,Alta
segunda-feira,BR-222,315.0,Pleno dia,Crescente,Céu Claro,Dupla,Curva,-3.74264,-41.00818,DEL04-CE,Risco Alto,Baixa
quinta-feira,BR-101,210.8,Plena Noite,Crescente,Nublado,Múltipla,Reta,-27.61673,-48.64573,DEL01-SC,Risco Médio,Alta
domingo,BR-101,203.0,Plena Noite,Decrescente,Chuva,Dupla,Curva,-9.97356,-36.55619,DEL02-AL,Risco Baixo,Alta
terça-feira,BR-290,632.4,Plena Noite,Decrescente,Chuva,Simples,Reta,-30.01768,-56.23352,DEL13-RS,Risco Baixo,Baixa
sábado,BR-116,70.0,Pleno dia,Decrescente,Sol,Simples,Curva,-25.3385,-49.03793,DEL01-PR,Risco Médio,Alta
sexta-feira,BR-354,753.6,Pleno dia,Crescente,Nublado,Simples,Reta,-22.28437,-44.87038,DEL05-MG,Risco Médio,Baixa
segunda-feira,BR-116,217.0,Plena Noite,Crescente,Céu Claro,Múltipla,Não Informado,-23.45424,-46.47119,DEL01-SP,Risco Médio,Alta
sexta-feira,BR-116,119.8,Pleno dia,Crescente,Nublado,Simples,Curva,-28.9962,-51.07362,DEL05-RS,Risco Médio,Alta
terça-feira,BR-163,419.6,Plena Noite,Crescente,Chuva,Simples,Reta,-20.99999,-54.50767,DEL01-MS,Risco Médio,Alta
sexta-feira,BR-376,243.2,Pleno dia,Crescente,Nublado,Dupla,Curva,-23.58183,-51.4258,DEL07-PR,Risco Médio,Baixa
sábado,BR-40,632.5,Plena Noite,Decrescente,Céu Claro,Simples,Não Informado,-20.6813,-43.79426,DEL05-MG,Risco Médio,Alta
terça-feira,BR-116,257.0,Pleno dia,Crescente,Céu Claro,Dupla,Reta,-22.58632,-44.01407,DEL07-RJ,Risco Médio,Alta
domingo,BR-285,197.0,Pleno dia,Decrescente,Chuva,Simples,Reta,-28.21849,-51.50967,DEL08-RS,Risco Médio,Baixa
segunda-feira,BR-20,81.0,Pleno dia,Decrescente,Chuva,Simples,Reta,-15.08368,-47.09825,DEL02-DF,Risco Médio,Baixa
terça-feira,BR-163,866.0,Plena Noite,Decrescente,Céu Claro,Simples,Reta,-11.57437,-55.41361,DEL06-MT,Risco Médio,Alta
sexta-feira,BR-135,12.7,Pleno dia,Crescente,Garoa/Chuvisco,Dupla,Reta,-2.672236,-44.29174,DEL01-MA,Risco Médio,Baixa
terça-feira,BR-116,50.0,Pleno dia,Crescente,Nublado,Simples,Curva,-28.57078,-51.01318,DEL05-RS,Risco Médio,Alta
sábado,BR-70,9.7,Pleno dia,Decrescente,Céu Claro,Dupla,Reta,-15.78462,-48.13202,DEL01-DF,Risco Médio,Baixa
sexta-feira,BR-285,409.3,Plena Noite,Crescente,Chuva,Simples,Reta,-28.36073,-53.44125,DEL10-RS,Risco Médio,Baixa
quarta-feira,BR-277,724.0,Plena Noite,Crescente,Céu Claro,Dupla,Reta,-25.50258,-54.53868,DEL05-PR,Risco Baixo,Média
quarta-feira,BR-101,327.0,Pleno dia,Crescente,Céu Claro,Simples,Reta,-28.43023,-48.95205,DEL02-SC,Risco Médio,Alta
sábado,BR-364,350.0,Plena Noite,Decrescente,Garoa/Chuvisco,Simples,Desvio Temporário,-10.84541,-61.99883,DEL02-RO,Risco Alto,Alta
segunda-feira,BR-476,138.2,Anoitecer,Crescente,Céu Claro,Múltipla,Reta,-25.50556,-49.28342,DEL01-PR,Risco Médio,Baixa
quarta-feira,BR-381,82.0,Pleno dia,Crescente,Céu Claro,Dupla,Reta,-23.4173,-46.5797,DEL03-SP,Risco Médio,Alta
sábado,BR-290,86.0,Plena Noite,Decrescente,Céu Claro,Dupla,Reta,-29.96834,-51.11548,DEL01-RS,Risco Médio,Baixa
quinta-feira,BR-101,73.4,Amanhecer,Crescente,Céu Claro,Dupla,Reta,-7.078282,-34.98824,DEL01-PB,Risco Médio,Alta
quarta-feira,BR-163,961.0,Pleno dia,Decrescente,Céu Claro,Simples,Não Informado,-10.84831,-55.18034,DEL06-MT,Risco Médio,Alta
terça-feira,BR-101,334.8,Plena Noite,Decrescente,Nublado,Dupla,Interseção de vias,-28.4695,-49.01532,DEL02-SC,Risco Médio,Alta
sexta-feira,BR-101,129.3,Plena Noite,Crescente,Nublado,Dupla,Reta,-26.98064,-48.67907,DEL04-SC,Risco Médio,Alta
segunda-feira,BR-381,578.6,Plena Noite,Crescente,Céu Claro,Dupla,Reta,-20.46759,-44.58162,DEL04-MG,Risco Médio,Alta
sábado,BR-158,569.0,Pleno dia,Decrescente,Céu Claro,Dupla,Reta,-14.06431,-52.15396,DEL07-MT,Risco Médio,Baixa
sábado,BR-116,172.8,Pleno dia,Decrescente,Sol,Múltipla,Reta,-22.77495,-43.40158,DEL01-RJ,Risco Médio,Alta
sexta-feira,BR-70,11.7,Pleno dia,Decrescente,Céu Claro,Dupla,Retorno Regulamentado,-15.79152,-48.15509,DEL01-DF,Risco Médio,Baixa
sábado,BR-101,260.5,Pleno dia,Crescente,Céu Claro,Dupla,Curva,-20.1621,-40.2747,DEL02-ES,Risco Alto,Alta
sábado,BR-116,219.9,Pleno dia,Crescente,Sol,Simples,Reta,-27.58529,-50.36618,DEL05-SC,Risco Baixo,Alta
terça-feira,BR-116,243.0,Pleno dia,Decrescente,Céu Claro,Dupla,Interseção de vias,-29.7277,-51.1493,DEL01-RS,Risco Médio,Alta
segunda-feira,BR-116,270.0,Pleno dia,Decrescente,Sol,Dupla,Reta,-29.96839,-51.17624,DEL01-RS,Risco Médio,Alta
domingo,BR-364,467.0,Plena Noite,Crescente,Céu Claro,Simples,Reta,-10.2068,-62.77988,DEL03-RO,Risco Baixo,Alta
sexta-feira,BR-101,195.0,Amanhecer,Decrescente,Céu Claro,Dupla,Reta,-27.504,-48.65058,DEL01-SC,Risco Baixo,Alta
terça-feira,BR-381,493.0,Pleno dia,Decrescente,Céu Claro,Dupla,Reta,-19.97671,-44.19963,DEL04-MG,Risco Médio,Alta
segunda-feira,BR-101,70.3,Plena Noite,Decrescente,Céu Claro,Dupla,Reta,-8.070706,-34.94242,DEL01-PE,Risco Médio,Alta
terça-feira,BR-116,9.5,Pleno dia,Crescente,Céu Claro,Dupla,Reta,-3.827791,-38.50486,DEL01-CE,Risco Médio,Alta
quarta-feira,BR-116,210.3,Pleno dia,Decrescente,Céu Claro,Múltipla,Reta,-23.4287,-46.41086,DEL01-SP,Risco Baixo,Alta
sábado,BR-60,1.0,Pleno dia,Crescente,Chuva,Simples,Reta,-15.88509,-48.06895,DEL01-DF,Risco Médio,Média
domingo,BR-40,78.0,Pleno dia,Crescente,Nublado,Dupla,Curva,-22.48486,-43.22843,DEL06-RJ,Risco Médio,Alta
sexta-feira,BR-364,511.0,Plena Noite,Crescente,Céu Claro,Simples,Não Informado,-9.937994,-63.05555,DEL03-RO,Risco Alto,Alta
quinta-feira,BR-116,213.0,Amanhecer,Decrescente,Céu Claro,Dupla,Reta,-23.43971,-46.43668,DEL01-SP,Risco Médio,Alta
quinta-feira,BR-158,323.2,Pleno dia,Decrescente,Céu Claro,Dupla,Não Informado,-29.69557,-53.78022,DEL09-RS,Risco Baixo,Baixa
domingo,BR-376,135.0,Anoitecer,Decrescente,Nublado,Dupla,Reta,-23.20194,-52.1969,DEL07-PR,Risco Médio,Baixa
terça-feira,BR-116,357.0,Pleno dia,Crescente,Céu Claro,Dupla,Reta,-24.03369,-47.18306,DEL04-SP,Risco Médio,Alta
segunda-feira,BR-135,53.0,Anoitecer,Decrescente,Chuva,Simples,Reta,-2.989199,-44.31243,DEL01-MA,Risco Médio,Baixa
sábado,BR-153,604.0,Pleno dia,Crescente,Chuva,Dupla,Reta,-17.5862,-49.1944,DEL03-GO,Risco Médio,Alta
terça-feira,BR-20,180.0,Pleno dia,Decrescente,Céu Claro,Simples,Reta,-14.47774,-46.49216,DEL02-DF,Risco Médio,Baixa
sexta-feira,BR-101,99.0,Pleno dia,Decrescente,Céu Claro,Múltipla,Reta,-7.255733,-34.93469,DEL01-PB,Risco Médio,Alta
segunda-feira,BR-101,52.0,Plena Noite,Decrescente,Céu Claro,Dupla,Curva,-7.923588,-34.89607,DEL01-PE,Risco Médio,Alta
sexta-feira,BR-101,260.0,Pleno dia,Crescente,Céu Claro,Dupla,Não Informado,-22.71143,-42.61477,DEL02-RJ,Risco Baixo,Alta
quinta-feira,BR-381,249.0,Pleno dia,Decrescente,Céu Claro,Simples,Interseção de vias,-19.44333,-42.51327,DEL06-MG,Risco Médio,Alta
quinta-feira,BR-476,193.3,Pleno dia,Decrescente,Nublado,Simples,Reta,-25.73145,-49.70941,DEL01-PR,Risco Médio,Baixa
sábado,BR-343,344.0,Plena Noite,Decrescente,Garoa/Chuvisco,Simples,Reta,-5.094729,-42.76277,DEL01-PI,Risco Alto,Baixa
quinta-feira,BR-101,251.5,Amanhecer,Crescente,Céu Claro,Dupla,Reta,-27.95955,-48.67862,DEL02-SC,Risco Médio,Alta
sábado,BR-343,142.0,Plena Noite,Decrescente,Céu Claro,Simples,Reta,-3.938679,-41.71943,DEL02-PI,Risco Médio,Baixa
sexta-feira,BR-282,3.0,Pleno dia,Crescente,Céu Claro,Dupla,Reta,-27.60038,-48.59971,DEL01-SC,Risco Médio,Baixa
terça-feira,BR-316,149.0,Pleno dia,Crescente,Céu Claro,Simples,Interseção de vias,-9.412015,-36.68062,DEL03-AL,Risco Médio,Baixa
terça-feira,BR-369,190.9,Pleno dia,Crescente,Chuva,Dupla,Não Informado,-23.46377,-51.42356,DEL07-PR,Risco Médio,Baixa
terça-feira,BR-101,80.2,Plena Noite,Decrescente,Chuva,Dupla,Reta,-5.761201,-35.28732,DEL02-RN,Risco Médio,Alta
quinta-feira,BR-364,8.4,Pleno dia,Decrescente,Sol,Simples,Reta,-12.76679,-60.09631,DEL04-RO,Risco Alto,Alta
sábado,BR-135,4.9,Pleno dia,Crescente,Sol,Dupla,Reta,-2.621384,-44.25792,DEL01-MA,Risco Baixo,Baixa
quinta-feira,BR-101,319.0,Pleno dia,Decrescente,Céu Claro,Múltipla,Reta,-22.86172,-43.10718,DEL02-RJ,Risco Médio,Alta
quinta-feira,BR-20,10.0,Plena Noite,Crescente,Ignorado,Dupla,Reta,-15.65024,-47.77387,DEL02-DF,Risco Médio,Baixa
domingo,BR-316,6.4,Pleno dia,Decrescente,Céu Claro,Dupla,Reta,-1.366236,-48.3678,DEL01-PA,Risco Médio,Baixa
sábado,BR-101,228.1,Plena Noite,Decrescente,Céu Claro,Dupla,Reta,-27.75972,-48.63079,DEL01-SC,Risco Baixo,Alta
quinta-feira,BR-407,128.0,Pleno dia,Crescente,Ignorado,Simples,Reta,-9.392161,-40.52101,DEL06-PE,Risco Baixo,Baixa
sexta-feira,BR-70,3.0,Plena Noite,Crescente,Nublado,Dupla,Não Informado,-15.76177,-48.23687,DEL01-DF,Risco Médio,Baixa
terça-feira,BR-163,260.1,Pleno dia,Decrescente,Sol,Dupla,Reta,-22.24489,-54.77203,DEL04-MS,Risco Médio,Alta
sexta-feira,BR-116,175.0,Pleno dia,Crescente,Chuva,Dupla,Reta,-22.78924,-43.37275,DEL01-RJ,Risco Médio,Alta
terça-feira,BR-101,136.0,Pleno dia,Decrescente,Céu Claro,Dupla,Reta,-22.1501,-41.7311,DEL02-RJ,Risco Médio,Alta
sexta-feira,BR-324,550.1,Pleno dia,Crescente,Nublado,Dupla,Reta,-12.44781,-38.71433,DEL01-BA,Risco Médio,Baixa
domingo,BR-135,41.5,Amanhecer,Decrescente,Céu Claro,Simples,Reta,-7.090292,-43.51112,DEL03-PI,Risco Médio,Baixa
sábado,BR-116,538.9,Plena Noite,Decrescente,Céu Claro,Simples,Reta,-19.87458,-42.13217,DEL06-MG,Risco Baixo,Alta
terça-feira,BR-459,50.8,Pleno dia,Decrescente,Céu Claro,Simples,Curva,-22.07293,-46.26532,DEL09-MG,Risco Médio,Baixa
sexta-feira,BR-285,464.0,Plena Noite,Decrescente,Chuva,Simples,Reta,-28.4059,-53.94562,DEL10-RS,Risco Médio,Baixa
quarta-feira,BR-280,31.5,Pleno dia,Decrescente,Céu Claro,Simples,Rotatória,-26.41839,-48.77852,DEL03-SC,Risco Baixo,Baixa
domingo,BR-122,36.0,Plena Noite,Crescente,Céu Claro,Simples,Reta,-4.572301,-38.60917,DEL03-CE,Risco Baixo,Baixa
sábado,BR-277,688.0,Pleno dia,Decrescente,Sol,Dupla,Interseção de vias,-25.34525,-54.23409,DEL05-PR,Risco Médio,Média
quarta-feira,BR-230,56.0,Plena Noite,Crescente,Céu Claro,Dupla,Reta,-7.2021,-35.1038,DEL01-PB,Risco Baixo,Baixa
segunda-feira,BR-116,484.0,Pleno dia,Decrescente,Nublado,Simples,Reta,-19.4285,-42.12289,DEL06-MG,Risco Médio,Alta
domingo,BR-116,122.1,Plena Noite,Decrescente,Céu Claro,Múltipla,Curva,-29.01041,-51.07328,DEL05-RS,Risco Médio,Alta
sábado,BR-40,474.2,Pleno dia,Crescente,Sol,Dupla,Viaduto,-19.49894,-44.27998,DEL02-MG,Risco Baixo,Alta
quarta-feira,BR-367,32.6,Anoitecer,Decrescente,Céu Claro,Simples,Reta,-16.422,-39.14463,DEL09-BA,Risco Médio,Baixa
quarta-feira,BR-116,101.0,Pleno dia,Decrescente,Sol,Dupla,Reta,-25.54168,-49.15094,DEL01-PR,Risco Médio,Alta
quinta-feira,BR-277,654.3,Pleno dia,Crescente,Sol,Dupla,Reta,-25.22241,-53.95135,DEL05-PR,Risco Médio,Média
quinta-feira,BR-293,293.0,Plena Noite,Crescente,Nevoeiro/Neblina,Simples,Reta,-30.83197,-55.07437,DEL11-RS,Risco Baixo,Baixa
sexta-feira,BR-262,369.0,Pleno dia,Decrescente,Céu Claro,Simples,Curva,-20.47955,-54.76962,DEL01-MS,Risco Médio,Média
quinta-feira,BR-277,662.0,Plena Noite,Crescente,Chuva,Dupla,Reta,-25.25122,-54.00914,DEL05-PR,Risco Médio,Média
sexta-feira,BR-280,48.1,Pleno dia,Decrescente,Céu Claro,Simples,Reta,-26.45529,-48.92829,DEL03-SC,Risco Médio,Baixa
sexta-feira,BR-116,474.8,Pleno dia,Crescente,Nublado,Dupla,Curva,-24.70567,-48.01025,DEL05-SP,Risco Baixo,Alta
sábado,BR-116,690.5,Pleno dia,Crescente,Céu Claro,Simples,Reta,-21.0067,-42.36204,DEL07-MG,Risco Alto,Alta
segunda-feira,BR-163,33.0,Pleno dia,Crescente,Céu Claro,Simples,Desvio Temporário,-26.11742,-53.6896,DEL02-PR,Risco Médio,Alta
segunda-feira,BR-163,677.0,Plena Noite,Decrescente,Vento,Simples,Reta,-13.1575,-55.9743,DEL06-MT,Risco Baixo,Alta
domingo,BR-376,4.5,Plena Noite,Crescente,Céu Claro,Dupla,Reta,-23.5524,-51.4477,DEL07-PR,Risco Médio,Baixa
quinta-feira,BR-487,164.0,Plena Noite,Decrescente,Céu Claro,Simples,Reta,-23.98652,-52.52053,DEL09-PR,Risco Baixo,Baixa
quinta-feira,BR-364,349.8,Pleno dia,Decrescente,Céu Claro,Simples,Reta,-10.84674,-61.99699,DEL02-RO,Risco Médio,Alta
terça-feira,BR-222,220.6,Pleno dia,Decrescente,Chuva,Simples,Não Informado,-3.72425,-40.32372,DEL04-CE,Risco Baixo,Baixa
domingo,BR-290,70.0,Plena Noite,Crescente,Céu Claro,Dupla,Reta,-29.94805,-50.95619,DEL03-RS,Risco Médio,Baixa
terça-feira,BR-116,255.0,Plena Noite,Decrescente,Céu Claro,Dupla,Reta,-22.59035,-44.06468,DEL07-RJ,Risco Médio,Alta
quinta-feira,BR-153,432.0,Pleno dia,Decrescente,Céu Claro,Dupla,Desvio Temporário,-16.2648,-48.98236,DEL02-GO,Risco Médio,Alta
segunda-feira,BR-277,191.5,Plena Noite,Crescente,Céu Claro,Simples,Reta,-25.44684,-50.18795,DEL03-PR,Risco Médio,Média
domingo,BR-101,527.0,Plena Noite,Decrescente,Nublado,Simples,Curva,-23.01849,-44.5267,DEL03-RJ,Risco Médio,Alta
quarta-feira,BR-158,648.8,Amanhecer,Decrescente,Nublado,Simples,Reta,-14.63332,-52.35602,DEL07-MT,Risco Médio,Baixa
quarta-feira,BR-104,36.5,Plena Noite,Crescente,Céu Claro,Simples,Reta,-9.168592,-36.02288,DEL01-AL,Risco Alto,Baixa
sábado,BR-381,324.0,Plena Noite,Decrescente,Céu Claro,Simples,Curva,-19.72498,-43.00924,DEL03-MG,Risco Médio,Alta
domingo,BR-116,154.3,Pleno dia,Decrescente,Céu Claro,Dupla,Reta,-23.23904,-45.92062,DEL02-SP,Risco Médio,Alta
quarta-feira,BR-116,94.0,Pleno dia,Crescente,Céu Claro,Dupla,Reta,-25.42895,-49.26714,DEL01-PR,Risco Médio,Alta
quinta-feira,BR-101,133.0,Plena Noite,Decrescente,Chuva,Múltipla,Curva,-26.9993,-48.6461,DEL04-SC,Risco Médio,Alta
sexta-feira,BR-116,149.2,Pleno dia,Decrescente,Sol,Múltipla,Não Informado,-29.16266,-51.15734,DEL05-RS,Risco Médio,Alta
domingo,BR-381,589.8,Anoitecer,Decrescente,Chuva,Dupla,Curva,-20.5449,-44.64822,DEL04-MG,Risco Baixo,Alta
quinta-feira,BR-101,269.7,Pleno dia,Crescente,Nublado,Dupla,Interseção de vias,-20.22311,-40.27057,DEL02-ES,Risco Médio,Alta
terça-feira,BR-116,560.0,Pleno dia,Crescente,Nublado,Dupla,Curva,-25.0153,-48.5094,DEL05-SP,Risco Baixo,Alta
domingo,BR-20,5.7,Pleno dia,Crescente,Céu Claro,Simples,Reta,-15.55194,-47.30164,DEL02-DF,Risco Médio,Baixa
quarta-feira,BR-153,49.0,Pleno dia,Decrescente,Céu Claro,Simples,Curva,-26.9106,-51.787,DEL07-SC,Risco Médio,Alta
sexta-feira,BR-316,420.6,Plena Noite,Crescente,Céu Claro,Simples,Reta,-4.355021,-44.36588,DEL03-MA,Risco Baixo,Baixa
terça-feira,BR-101,270.4,Pleno dia,Decrescente,Sol,Dupla,Reta,-20.22662,-40.27075,DEL02-ES,Risco Médio,Alta
sexta-feira,BR-465,18.0,Anoitecer,Decrescente,Céu Claro,Simples,Reta,-22.84026,-43.61004,DEL01-RJ,Risco Médio,Baixa
sábado,BR-101,231.6,Plena Noite,Decrescente,Chuva,Simples,Reta,-19.94426,-40.40662,DEL02-ES,Risco Baixo,Alta
terça-feira,BR-101,112.0,Pleno dia,Decrescente,Nublado,Dupla,Não Informado,-26.84589,-48.72131,DEL04-SC,Risco Médio,Alta