dia_semana,br,km,fase_dia,sentido_via,condicao_metereologica,tipo_pista,tracado_via,latitude,longitude,delegacia,classificacao_acidente,postos_policiais_PRF
quarta-feira,BR-101,332.2,Plena Noite,Crescente,Céu Claro,Múltipla,Não Informado,-28.46756,-49.00062,DEL02-SC,Risco Alto,Alta
sábado,BR-393,2.3,Pleno dia,Decrescente,Céu Claro,Simples,Interseção de vias,-20.83243,-41.17491,DEL03-ES,Risco Médio,Média
quarta-feira,BR-116,94.0,Pleno dia,Crescente,Sol,Dupla,Reta,-25.48954,-49.11202,DEL01-PR,Risco Médio,Alta
sábado,BR-101,413.0,Plena Noite,Crescente,Céu Claro,Simples,Interseção de vias,-28.94928,-49.50704,DEL02-SC,Risco Médio,Alta
sexta-feira,BR-354,713.4,Pleno dia,Crescente,Nublado,Simples,Curva,-22.05666,-44.9272,DEL05-MG,Risco Alto,Baixa
quinta-feira,BR-163,730.8,Plena Noite,Crescente,Nublado,Simples,Reta,-12.73111,-55.83012,DEL06-MT,Risco Médio,Alta
quinta-feira,BR-364,148.0,Plena Noite,Decrescente,Céu Claro,Simples,Reta,-16.79954,-54.188,DEL02-MT,Risco Baixo,Alta
domingo,BR-101,297.5,Plena Noite,Crescente,Nublado,Múltipla,Reta,-20.3453,-40.41027,DEL01-ES,Risco Médio,Alta
terça-feira,BR-282,218.8,Pleno dia,Crescente,Sol,Dupla,Reta,-27.7974,-50.31043,DEL05-SC,Risco Médio,Baixa
quinta-feira,BR-101,69.0,Anoitecer,Crescente,Céu Claro,Dupla,Viaduto,-8.062092,-34.94579,DEL01-PE,Risco Baixo,Alta
segunda-feira,BR-282,386.0,Anoitecer,Crescente,Chuva,Dupla,Curva,-27.1859,-51.51884,DEL07-SC,Risco Médio,Baixa
quarta-feira,BR-282,472.0,Pleno dia,Crescente,Chuva,Simples,Curva,-26.86862,-52.13773,DEL07-SC,Risco Médio,Baixa
quinta-feira,BR-153,148.2,Plena Noite,Crescente,Céu Claro,Dupla,Rotatória,-7.233402,-48.25264,DEL02-TO,Risco Médio,Alta
sexta-feira,BR-101,270.1,Plena Noite,Crescente,Céu Claro,Dupla,Reta,-20.22662,-40.27075,DEL02-ES,Risco Médio,Alta
segunda-feira,BR-116,444.3,Pleno dia,Decrescente,Nublado,Múltipla,Reta,-24.49313,-47.83821,DEL05-SP,Risco Médio,Alta
sexta-feira,BR-470,70.3,Plena Noite,Decrescente,Céu Claro,Simples,Interseção de vias,-26.88051,-49.24292,DEL04-SC,Risco Médio,Baixa
quarta-feira,BR-290,477.7,Pleno dia,Decrescente,Céu Claro,Simples,Reta,-30.24226,-54.91325,DEL11-RS,Risco Baixo,Baixa
terça-feira,BR-230,0.0,Pleno dia,Decrescente,Céu Claro,Simples,Reta,-6.760894,-43.01105,DEL03-PI,Risco Baixo,Baixa
terça-feira,BR-116,46.4,Plena Noite,Decrescente,Céu Claro,Dupla,Reta,-22.71394,-45.05336,DEL08-SP,Risco Médio,Alta
segunda-feira,BR-376,314.2,Pleno dia,Crescente,Chuva,Simples,Curva,-24.01895,-51.09284,DEL07-PR,Risco Médio,Baixa
terça-feira,BR-364,715.0,Plena Noite,Crescente,Céu Claro,Dupla,Túnel,-8.798495,-63.89931,DEL01-RO,Risco Médio,Alta
segunda-feira,BR-365,708.0,Pleno dia,Crescente,Céu Claro,Dupla,Desvio Temporário,-18.87903,-49.07356,DEL15-MG,Risco Médio,Média
quarta-feira,BR-104,27.0,Amanhecer,Decrescente,Nublado,Simples,Curva,-9.106763,-36.05271,DEL01-AL,Risco Médio,Baixa
domingo,BR-262,110.0,Plena Noite,Decrescente,Céu Claro,Simples,Não Informado,-20.33717,-41.19,DEL01-ES,Risco Médio,Média
sábado,BR-222,616.0,Plena Noite,Decrescente,Céu Claro,Simples,Reta,-4.7073,-46.9956,DEL04-MA,Risco Alto,Baixa
sexta-feira,BR-116,231.0,Anoitecer,Crescente,Sol,Simples,Desvio Temporário,-29.62743,-51.13859,DEL01-RS,Risco Médio,Alta
terça-feira,BR-40,31.1,Pleno dia,Crescente,Céu Claro,Dupla,Curva,-22.19494,-43.15881,DEL06-RJ,Risco Médio,Alta
segunda-feira,BR-470,9.9,Pleno dia,Crescente,Sol,Simples,Não Informado,-26.83314,-48.72743,DEL04-SC,Risco Baixo,Baixa
quarta-feira,BR-470,72.0,Pleno dia,Decrescente,Nublado,Simples,Reta,-26.90198,-49.26875,DEL04-SC,Risco Médio,Baixa
sexta-feira,BR-470,53.5,Plena Noite,Crescente,Céu Claro,Simples,Reta,-26.86295,-49.08833,DEL04-SC,Risco Alto,Baixa
domingo,BR-153,108.1,Pleno dia,Crescente,Garoa/Chuvisco,Simples,Não Informado,-21.07208,-49.66657,DEL09-SP,Risco Médio,Alta
quarta-feira,BR-316,156.0,Plena Noite,Crescente,Céu Claro,Simples,Reta,-9.421501,-36.62537,DEL03-AL,Risco Médio,Baixa
terça-feira,BR-376,291.5,Plena Noite,Crescente,Céu Claro,Dupla,Reta,-23.90757,-51.19266,DEL07-PR,Risco Médio,Baixa
quarta-feira,BR-163,18.0,Plena Noite,Crescente,Nublado,Simples,Interseção de vias,-23.94186,-54.28068,DEL09-MS,Risco Médio,Alta
terça-feira,BR-381,159.6,Amanhecer,Decrescente,Nevoeiro/Neblina,Simples,Não Informado,-18.89173,-42.00453,DEL06-MG,Risco Baixo,Alta
quarta-feira,BR-262,47.0,Pleno dia,Crescente,Céu Claro,Simples,Reta,-20.4113,-40.67927,DEL01-ES,Risco Médio,Média
domingo,BR-376,159.0,Plena Noite,Crescente,Céu Claro,Dupla,Reta,-23.3641,-52.0841,DEL07-PR,Risco Médio,Baixa
quinta-feira,BR-101,194.5,Pleno dia,Decrescente,Céu Claro,Múltipla,Reta,-27.50158,-48.65304,DEL01-SC,Risco Médio,Alta
quarta-feira,BR-470,125.7,Plena Noite,Decrescente,Céu Claro,Simples,Reta,-27.12051,-49.53495,DEL04-SC,Risco Médio,Baixa
quarta-feira,BR-280,59.0,Pleno dia,Crescente,Céu Claro,Dupla,Curva,-26.47526,-49.03099,DEL03-SC,Risco Médio,Baixa
sábado,BR-282,1.0,Plena Noite,Decrescente,Chuva,Dupla,Curva,-27.60296,-48.58051,DEL01-SC,Risco Médio,Baixa
quarta-feira,BR-50,70.0,Plena Noite,Crescente,Céu Claro,Dupla,Reta,-18.88996,-48.25752,DEL15-MG,Risco Médio,Média
domingo,BR-262,413.0,Pleno dia,Decrescente,Nublado,Dupla,Reta,-19.8878,-44.7154,DEL08-MG,Risco Alto,Média
terça-feira,BR-70,7.0,Plena Noite,Crescente,Céu Claro,Simples,Não Informado,-15.87814,-52.31679,DEL07-MT,Risco Médio,Baixa
sexta-feira,BR-70,15.4,Plena Noite,Crescente,Céu Claro,Dupla,Desvio Temporário,-15.75579,-48.33283,DEL01-DF,Risco Alto,Baixa
domingo,BR-174,158.0,Pleno dia,Decrescente,Sol,Simples,Reta,0.466045,-60.47051,DEL01-RR,Risco Alto,Baixa
domingo,BR-232,470.3,Pleno dia,Crescente,Céu Claro,Simples,Reta,-8.019833,-38.80195,DEL05-PE,Risco Médio,Baixa
segunda-feira,BR-381,929.3,Pleno dia,Decrescente,Chuva,Dupla,Curva,-22.7766,-46.2388,DEL16-MG,Risco Médio,Alta
sexta-feira,BR-116,318.0,Plena Noite,Crescente,Céu Claro,Múltipla,Reta,-22.46798,-44.5103,DEL07-RJ,Risco Médio,Alta
domingo,BR-153,68.3,Plena Noite,Decrescente,Nublado,Dupla,Desvio Temporário,-20.85058,-49.38379,DEL09-SP,Risco Médio,Alta
segunda-feira,BR-101,58.0,Pleno dia,Crescente,Nublado,Dupla,Não Informado,-7.970632,-34.92065,DEL01-PE,Risco Médio,Alta
segunda-feira,BR-153,368.2,Pleno dia,Crescente,Céu Claro,Simples,Reta,-15.81543,-49.29018,DEL02-GO,Risco Médio,Alta
segunda-feira,BR-386,414.0,Anoitecer,Decrescente,Chuva,Dupla,Rotatória,-29.81648,-51.4817,DEL04-RS,Risco Médio,Média
sexta-feira,BR-365,688.0,Pleno dia,Crescente,Céu Claro,Dupla,Reta,-18.8619,-48.8639,DEL15-MG,Risco Médio,Média
quinta-feira,BR-324,307.0,Pleno dia,Crescente,Céu Claro,Simples,Reta,-11.20676,-40.41854,DEL04-BA,Risco Baixo,Baixa
sábado,BR-101,314.6,Plena Noite,Crescente,Céu Claro,Dupla,Reta,-28.44044,-48.82497,DEL02-SC,Risco Médio,Alta
sábado,BR-381,938.0,Plena Noite,Decrescente,Céu Claro,Dupla,Curva,-22.81636,-46.29235,DEL16-MG,Risco Baixo,Alta
quinta-feira,BR-101,96.5,Pleno dia,Decrescente,Nublado,Simples,Desvio Temporário,-18.94725,-39.97973,DEL04-ES,Risco Baixo,Alta
domingo,BR-376,174.2,Anoitecer,Crescente,Céu Claro,Dupla,Interseção de vias,-23.4143,-51.94984,DEL07-PR,Risco Médio,Baixa
domingo,BR-290,6.5,Pleno dia,Crescente,Céu Claro,Múltipla,Reta,-29.89619,-50.33411,DEL03-RS,Risco Alto,Baixa
quinta-feira,BR-116,0.9,Plena Noite,Crescente,Ignorado,Simples,Reta,-26.10894,-49.78419,DEL06-SC,Risco Médio,Alta
quarta-feira,BR-101,869.0,Anoitecer,Decrescente,Nublado,Simples,Curva,-17.46694,-39.70356,DEL09-BA,Risco Médio,Alta
domingo,BR-70,627.2,Pleno dia,Crescente,Céu Claro,Simples,Reta,-15.93517,-57.00754,DEL03-MT,Risco Baixo,Baixa
domingo,BR-282,199.0,Pleno dia,Crescente,Céu Claro,Simples,Reta,-27.75673,-50.12343,DEL05-SC,Risco Médio,Baixa
sexta-feira,BR-40,21.0,Pleno dia,Decrescente,Chuva,Dupla,Interseção de vias,-22.11424,-43.15859,DEL06-RJ,Risco Médio,Alta
sábado,BR-324,1.3,Pleno dia,Crescente,Céu Claro,Simples,Não Informado,-12.28307,-38.94647,DEL02-BA,Risco Médio,Baixa
quinta-feira,BR-101,404.0,Pleno dia,Crescente,Sol,Simples,Curva,-14.0193,-39.4304,DEL05-BA,Risco Médio,Alta
sexta-feira,BR-101,380.5,Pleno dia,Crescente,Céu Claro,Dupla,Reta,-28.75192,-49.27168,DEL02-SC,Risco Baixo,Alta
segunda-feira,BR-153,104.1,Pleno dia,Crescente,Ignorado,Simples,Desvio Temporário,-19.26347,-48.9226,DEL15-MG,Risco Médio,Alta
terça-feira,BR-470,75.0,Plena Noite,Decrescente,Céu Claro,Simples,Reta,-26.90755,-49.27387,DEL04-SC,Risco Médio,Baixa
domingo,BR-277,518.8,Plena Noite,Crescente,Céu Claro,Simples,Reta,-25.10787,-52.85938,DEL04-PR,Risco Alto,Média
quarta-feira,BR-116,108.0,Plena Noite,Decrescente,Chuva,Dupla,Reta,-23.02331,-45.53764,DEL08-SP,Risco Médio,Alta
sexta-feira,BR-116,226.8,Anoitecer,Decrescente,Céu Claro,Múltipla,Não Informado,-23.49511,-46.55446,DEL01-SP,Risco Médio,Alta
domingo,BR-116,210.0,Plena Noite,Crescente,Céu Claro,Múltipla,Reta,-23.4274,-46.40827,DEL01-SP,Risco Médio,Alta
segunda-feira,BR-101,107.5,Pleno dia,Decrescente,Nublado,Dupla,Reta,-26.81931,-48.6839,DEL03-SC,Risco Médio,Alta
segunda-feira,BR-277,722.6,Plena Noite,Crescente,Céu Claro,Dupla,Reta,-25.49287,-54.50661,DEL05-PR,Risco Médio,Média
sábado,BR-376,176.8,Plena Noite,Crescente,Céu Claro,Múltipla,Não Informado,-23.41277,-51.93205,DEL07-PR,Risco Médio,Baixa
quarta-feira,BR-153,61.0,Plena Noite,Crescente,Céu Claro,Dupla,Desvio Temporário,-20.8046,-49.3556,DEL09-SP,Risco Baixo,Alta
terça-feira,BR-116,61.9,Pleno dia,Decrescente,Sol,Dupla,Reta,-25.30265,-48.96353,DEL01-PR,Risco Baixo,Alta
quarta-feira,BR-116,1.4,Pleno dia,Crescente,Céu Claro,Dupla,Reta,-29.96912,-51.1765,DEL05-RS,Risco Médio,Alta
domingo,BR-116,278.0,Plena Noite,Decrescente,Nublado,Dupla,Curva,-23.66056,-46.85171,DEL04-SP,Risco Médio,Alta
quarta-feira,BR-277,95.2,Plena Noite,Decrescente,Chuva,Dupla,Curva,-25.43083,-49.3229,DEL01-PR,Risco Médio,Média
sábado,BR-116,321.0,Plena Noite,Decrescente,Céu Claro,Dupla,Retorno Regulamentado,-30.29961,-51.41723,DEL02-RS,Risco Médio,Alta
domingo,BR-101,35.8,Plena Noite,Decrescente,Céu Claro,Dupla,Reta,-26.24113,-48.91227,DEL03-SC,Risco Médio,Alta
segunda-feira,BR-293,11.8,Pleno dia,Decrescente,Céu Claro,Simples,Curva,-31.7559,-52.43912,DEL07-RS,Risco Médio,Baixa
sábado,BR-101,571.6,Plena Noite,Decrescente,Céu Claro,Simples,Reta,-15.28242,-39.47598,DEL05-BA,Risco Alto,Alta
sábado,BR-381,671.1,Plena Noite,Crescente,Chuva,Dupla,Curva,-21.06988,-45.05151,DEL04-MG,Risco Baixo,Alta
sábado,BR-40,2.5,Plena Noite,Decrescente,Nublado,Dupla,Reta,-16.06713,-47.98423,DEL01-DF,Risco Médio,Alta
domingo,BR-158,636.0,Plena Noite,Crescente,Céu Claro,Simples,Reta,-14.53643,-52.3544,DEL07-MT,Risco Baixo,Baixa
terça-feira,BR-262,379.0,Pleno dia,Crescente,Sol,Simples,Reta,-20.47462,-54.83963,DEL01-MS,Risco Médio,Média
quarta-feira,BR-280,230.9,Amanhecer,Decrescente,Nevoeiro/Neblina,Simples,Reta,-26.28403,-51.0254,DEL06-SC,Risco Médio,Baixa
domingo,BR-70,4.0,Plena Noite,Crescente,Céu Claro,Dupla,Não Informado,-15.75984,-48.24601,DEL01-DF,Risco Alto,Baixa
domingo,BR-282,519.8,Plena Noite,Crescente,Céu Claro,Simples,Reta,-26.94753,-52.51754,DEL07-SC,Risco Médio,Baixa
quinta-feira,BR-364,241.9,Pleno dia,Decrescente,Céu Claro,Simples,Não Informado,-11.4407,-61.47861,DEL02-RO,Risco Médio,Alta
sexta-feira,BR-163,114.0,Pleno dia,Crescente,Chuva,Dupla,Reta,-16.54595,-54.67086,DEL02-MT,Risco Baixo,Alta
quinta-feira,BR-60,2.0,Pleno dia,Decrescente,Céu Claro,Simples,Reta,-15.88873,-48.0822,DEL01-DF,Risco Médio,Média
sábado,BR-364,234.7,Anoitecer,Decrescente,Céu Claro,Simples,Rotatória,-11.45288,-61.42833,DEL02-RO,Risco Médio,Alta
domingo,BR-116,533.0,Plena Noite,Decrescente,Céu Claro,Simples,Não Informado,-12.76782,-39.80898,DEL03-BA,Risco Médio,Alta
sábado,BR-116,378.3,Anoitecer,Crescente,Nublado,Dupla,Interseção de vias,-30.75375,-51.63796,DEL02-RS,Risco Médio,Alta
sábado,BR-101,309.0,Pleno dia,Crescente,Céu Claro,Dupla,Reta,-22.79499,-43.03446,DEL02-RJ,Risco Baixo,Alta
quarta-feira,BR-101,200.0,Plena Noite,Decrescente,Céu Claro,Dupla,Reta,-27.54019,-48.62288,DEL01-SC,Risco Médio,Alta
domingo,BR-116,196.0,Pleno dia,Crescente,Chuva,Dupla,Curva,-22.7298,-43.6106,DEL01-RJ,Risco Baixo,Alta
terça-feira,BR-101,262.7,Plena Noite,Crescente,Céu Claro,Dupla,Reta,-28.04289,-48.71295,DEL02-SC,Risco Médio,Alta
quarta-feira,BR-405,59.9,Pleno dia,Decrescente,Céu Claro,Simples,Reta,-5.531928,-37.72636,DEL04-RN,Risco Alto,Baixa
domingo,BR-282,653.7,Pleno dia,Crescente,Céu Claro,Múltipla,Curva,-26.7082,-53.51431,DEL07-SC,Risco Médio,Baixa
sexta-feira,BR-230,120.9,Pleno dia,Crescente,Céu Claro,Múltipla,Reta,-5.350383,-49.11434,DEL03-PA,Risco Médio,Baixa
terça-feira,BR-104,23.0,Pleno dia,Decrescente,Céu Claro,Simples,Reta,-7.97182,-36.10993,DEL02-PE,Risco Médio,Baixa
quinta-feira,BR-277,354.0,Plena Noite,Crescente,Nublado,Simples,Curva,-25.39062,-51.52124,DEL08-PR,Risco Baixo,Média
segunda-feira,BR-153,64.3,Plena Noite,Crescente,Nublado,Simples,Curva,-20.82919,-49.36046,DEL09-SP,Risco Médio,Alta
sexta-feira,BR-116,237.8,Pleno dia,Crescente,Nublado,Simples,Reta,-17.54651,-41.47668,DEL11-MG,Risco Médio,Alta
segunda-feira,BR-381,356.0,Anoitecer,Decrescente,Chuva,Dupla,Reta,-19.9871,-44.20681,DEL03-MG,Risco Médio,Alta
sábado,BR-277,342.9,Plena Noite,Crescente,Chuva,Dupla,Reta,-25.34328,-51.41077,DEL03-PR,Risco Baixo,Média
domingo,BR-163,249.8,Pleno dia,Crescente,Sol,Dupla,Reta,-24.69103,-53.74568,DEL06-PR,Risco Médio,Alta
terça-feira,BR-381,348.0,Plena Noite,Decrescente,Céu Claro,Simples,Curva,-19.85375,-43.11201,DEL03-MG,Risco Baixo,Alta
terça-feira,BR-101,275.0,Plena Noite,Decrescente,Céu Claro,Dupla,Reta,-22.73653,-42.72909,DEL02-RJ,Risco Médio,Alta
segunda-feira,BR-101,76.0,Pleno dia,Decrescente,Sol,Simples,Reta,-8.1284,-34.9439,DEL01-PE,Risco Médio,Alta
sábado,BR-230,103.0,Plena Noite,Decrescente,Céu Claro,Simples,Reta,-6.863568,-39.48015,DEL05-CE,Risco Alto,Baixa
sexta-feira,BR-116,160.3,Pleno dia,Crescente,Sol,Dupla,Reta,-23.27102,-45.96788,DEL02-SP,Risco Médio,Alta
sábado,BR-262,465.8,Plena Noite,Decrescente,Céu Claro,Simples,Reta,-19.80935,-45.11588,DEL08-MG,Risco Médio,Média
sexta-feira,BR-277,666.0,Plena Noite,Decrescente,Céu Claro,Dupla,Não Informado,-25.26087,-54.04612,DEL05-PR,Risco Médio,Média
terça-feira,BR-101,85.0,Pleno dia,Crescente,Céu Claro,Dupla,Reta,-7.145382,-34.91663,DEL01-PB,Risco Médio,Alta
domingo,BR-116,21.0,Plena Noite,Crescente,Nublado,Simples,Reta,-22.65939,-43.09102,DEL04-RJ,Risco Médio,Alta
sábado,BR-381,212.2,Amanhecer,Crescente,Nublado,Simples,Curva,-19.21797,-42.30766,DEL06-MG,Risco Baixo,Alta
sexta-feira,BR-40,355.0,Pleno dia,Decrescente,Nublado,Simples,Não Informado,-18.73,-44.89202,DEL02-MG,Risco Alto,Alta
domingo,BR-116,279.0,Pleno dia,Decrescente,Nevoeiro/Neblina,Dupla,Reta,-23.66234,-46.85293,DEL04-SP,Risco Baixo,Alta
sexta-feira,BR-364,334.0,Plena Noite,Decrescente,Ignorado,Simples,Não Informado,-17.8015,-52.04779,DEL05-GO,Risco Médio,Alta
quarta-feira,BR-163,25.0,Pleno dia,Crescente,Céu Claro,Simples,Não Informado,-26.1374,-53.6829,DEL02-PR,Risco Médio,Alta
sexta-feira,BR-232,8.0,Pleno dia,Decrescente,Céu Claro,Dupla,Não Informado,-8.075837,-34.97016,DEL01-PE,Risco Médio,Baixa
domingo,BR-116,10.4,Pleno dia,Decrescente,Céu Claro,Simples,Reta,-26.17228,-49.8566,DEL06-SC,Risco Baixo,Alta
quarta-feira,BR-393,161.0,Pleno dia,Decrescente,Céu Claro,Simples,Curva,-22.10009,-43.0937,DEL06-RJ,Risco Baixo,Média
quarta-feira,BR-70,1.3,Pleno dia,Crescente,Céu Claro,Dupla,Reta,-15.77579,-48.23259,DEL01-DF,Risco Médio,Baixa
quarta-feira,BR-116,265.0,Plena Noite,Decrescente,Céu Claro,Simples,Não Informado,-29.92617,-51.17778,DEL01-RS,Risco Baixo,Alta
sábado,BR-280,19.0,Pleno dia,Decrescente,Céu Claro,Simples,Reta,-26.36937,-48.67222,DEL03-SC,Risco Médio,Baixa
quinta-feira,BR-392,122.7,Pleno dia,Crescente,Nublado,Simples,Reta,-31.38011,-52.71229,DEL07-RS,Risco Médio,Média
terça-feira,BR-101,329.0,Pleno dia,Crescente,Céu Claro,Múltipla,Reta,-22.86939,-43.17564,DEL02-RJ,Risco Médio,Alta
sábado,BR-116,423.0,Pleno dia,Crescente,Céu Claro,Simples,Interseção de vias,-18.91634,-41.94128,DEL06-MG,Risco Médio,Alta
domingo,BR-116,4.0,Amanhecer,Decrescente,Céu Claro,Dupla,Não Informado,-25.3629,-49.0822,DEL01-PR,Risco Médio,Alta
sexta-feira,BR-40,113.0,Plena Noite,Decrescente,Céu Claro,Múltipla,Reta,-22.70581,-43.29023,DEL01-RJ,Risco Médio,Alta
quarta-feira,BR-290,98.0,Pleno dia,Decrescente,Sol,Dupla,Ponte,-29.99334,-51.22217,DEL01-RS,Risco Médio,Baixa
terça-feira,BR-259,30.5,Pleno dia,Crescente,Céu Claro,Simples,Curva,-19.59519,-40.5065,DEL02-ES,Risco Médio,Baixa
domingo,BR-116,13.0,Plena Noite,Crescente,Nublado,Dupla,Reta,-25.3785,-49.1564,DEL01-PR,Risco Baixo,Alta
sexta-feira,BR-386,297.2,Plena Noite,Crescente,Céu Claro,Simples,Curva,-29.14061,-52.23918,DEL04-RS,Risco Médio,Média
sexta-feira,BR-280,266.0,Anoitecer,Crescente,Céu Claro,Simples,Reta,-26.26348,-50.69806,DEL06-SC,Risco Médio,Baixa
terça-feira,BR-381,563.0,Pleno dia,Decrescente,Céu Claro,Dupla,Curva,-20.40233,-44.50913,DEL04-MG,Risco Médio,Alta
terça-feira,BR-50,58.4,Plena Noite,Crescente,Céu Claro,Dupla,Não Informado,-18.79408,-48.23422,DEL15-MG,Risco Médio,Média
quinta-feira,BR-135,2.0,Plena Noite,Decrescente,Chuva,Dupla,Reta,-2.598067,-44.24574,DEL01-MA,Risco Médio,Baixa
quarta-feira,BR-272,391.1,Amanhecer,Crescente,Céu Claro,Simples,Reta,-24.08509,-52.61529,DEL04-PR,Risco Alto,Baixa
quarta-feira,BR-50,178.0,Anoitecer,Decrescente,Céu Claro,Dupla,Não Informado,-19.77897,-47.94094,DEL13-MG,Risco Médio,Média
quarta-feira,BR-70,523.0,Plena Noite,Decrescente,Céu Claro,Simples,Reta,-15.6518,-56.19438,DEL01-MT,Risco Baixo,Baixa
quarta-feira,BR-101,96.1,Pleno dia,Decrescente,Sol,Dupla,Reta,-7.226791,-34.91734,DEL01-PB,Risco Médio,Alta
sábado,BR-459,43.2,Pleno dia,Crescente,Céu Claro,Simples,Reta,-22.00153,-46.31276,DEL09-MG,Risco Médio,Baixa
terça-feira,BR-101,129.7,Plena Noite,Crescente,Céu Claro,Dupla,Reta,-26.98064,-48.67907,DEL04-SC,Risco Médio,Alta
quarta-feira,BR-471,691.8,Plena Noite,Decrescente,Céu Claro,Simples,Curva,-33.68727,-53.44728,DEL07-RS,Risco Médio,Baixa
sábado,BR-153,463.6,Pleno dia,Decrescente,Céu Claro,Simples,Curva,-26.1625,-51.2329,DEL02-PR,Risco Médio,Alta
domingo,BR-230,158.0,Plena Noite,Crescente,Céu Claro,Simples,Reta,-7.251754,-35.93373,DEL02-PB,Risco Médio,Baixa
sábado,BR-153,510.8,Pleno dia,Crescente,Céu Claro,Dupla,Reta,-16.7977,-49.2386,DEL01-GO,Risco Baixo,Alta
segunda-feira,BR-101,266.1,Pleno dia,Decrescente,Céu Claro,Múltipla,Reta,-20.1902,-40.26829,DEL02-ES,Risco Médio,Alta
sábado,BR-280,301.2,Anoitecer,Crescente,Céu Claro,Simples,Reta,-26.28208,-51.03061,DEL06-SC,Risco Médio,Baixa
domingo,BR-376,654.0,Amanhecer,Decrescente,Garoa/Chuvisco,Dupla,Curva,-25.84326,-49.05169,DEL01-PR,Risco Baixo,Baixa
segunda-feira,BR-316,18.0,Pleno dia,Decrescente,Céu Claro,Dupla,Reta,-1.364856,-48.29644,DEL01-PA,Risco Médio,Baixa
sábado,BR-116,42.6,Pleno dia,Crescente,Chuva,Dupla,Curva,-25.17792,-48.87938,DEL01-PR,Risco Médio,Alta
sexta-feira,BR-153,61.2,Pleno dia,Crescente,Sol,Dupla,Não Informado,-20.80503,-49.35575,DEL09-SP,Risco Médio,Alta
domingo,BR-40,449.9,Pleno dia,Decrescente,Chuva,Simples,Reta,-19.32377,-44.36513,DEL02-MG,Risco Baixo,Alta
domingo,BR-277,718.0,Plena Noite,Decrescente,Céu Claro,Dupla,Reta,-25.48013,-54.4853,DEL05-PR,Risco Médio,Média
terça-feira,BR-232,27.7,Anoitecer,Decrescente,Sol,Dupla,Não Informado,-8.114184,-35.12569,DEL01-PE,Risco Baixo,Baixa
sábado,BR-470,175.5,Pleno dia,Decrescente,Céu Claro,Simples,Reta,-28.93106,-51.5419,DEL06-RS,Risco Médio,Baixa
sábado,BR-280,28.0,Plena Noite,Decrescente,Nublado,Simples,Reta,-26.4045,-48.74561,DEL03-SC,Risco Médio,Baixa
domingo,BR-116,171.4,Pleno dia,Crescente,Nublado,Múltipla,Reta,-22.80604,-43.3429,DEL01-RJ,Risco Médio,Alta
domingo,BR-135,16.4,Pleno dia,Decrescente,Chuva,Dupla,Reta,-2.702641,-44.3105,DEL01-MA,Risco Médio,Baixa
sábado,BR-267,19.9,Pleno dia,Crescente,Nublado,Simples,Não Informado,-21.54104,-42.65381,DEL07-MG,Risco Baixo,Baixa
sábado,BR-424,47.7,Pleno dia,Decrescente,Nublado,Simples,Não Informado,-8.702029,-36.79031,DEL03-PE,Risco Alto,Baixa
sexta-feira,BR-316,596.0,Plena Noite,Crescente,Céu Claro,Simples,Reta,-5.017139,-42.98926,DEL03-MA,Risco Alto,Baixa
sábado,BR-376,617.0,Plena Noite,Crescente,Céu Claro,Simples,Reta,-25.58426,-49.17619,DEL01-PR,Risco Baixo,Baixa
segunda-feira,BR-70,8.0,Pleno dia,Crescente,Céu Claro,Dupla,Reta,-15.78497,-48.12211,DEL01-DF,Risco Médio,Baixa
domingo,BR-369,132.0,Pleno dia,Crescente,Céu Claro,Dupla,Reta,-23.26003,-51.00093,DEL07-PR,Risco Baixo,Baixa
sábado,BR-40,634.0,Pleno dia,Decrescente,Céu Claro,Simples,Reta,-20.68976,-43.79012,DEL05-MG,Risco Baixo,Alta
quinta-feira,BR-101,289.4,Plena Noite,Crescente,Céu Claro,Dupla,Reta,-28.2869,-48.7051,DEL02-SC,Risco Médio,Alta
quinta-feira,BR-101,194.0,Pleno dia,Crescente,Sol,Múltipla,Viaduto,-27.49928,-48.65599,DEL01-SC,Risco Médio,Alta
quarta-feira,BR-40,3.0,Plena Noite,Crescente,Céu Claro,Dupla,Viaduto,-16.00314,-47.98394,DEL01-DF,Risco Médio,Alta
sexta-feira,BR-101,119.0,Plena Noite,Decrescente,Garoa/Chuvisco,Dupla,Reta,-26.90432,-48.71555,DEL04-SC,Risco Médio,Alta
sexta-feira,BR-290,273.0,Plena Noite,Crescente,Céu Claro,Simples,Reta,-30.27157,-52.95619,DEL02-RS,Risco Médio,Baixa
terça-feira,BR-153,10.0,Plena Noite,Decrescente,Nublado,Dupla,Reta,-18.50603,-49.18897,DEL15-MG,Risco Médio,Alta
sábado,BR-101,85.0,Pleno dia,Decrescente,Céu Claro,Dupla,Interseção de vias,-7.145382,-34.91663,DEL01-PB,Risco Médio,Alta
sexta-feira,BR-282,490.0,Plena Noite,Crescente,Céu Claro,Simples,Reta,-26.8746,-52.28281,DEL07-SC,Risco Médio,Baixa
domingo,BR-262,9.5,Pleno dia,Crescente,Nublado,Simples,Curva,-20.24779,-41.83764,DEL06-MG,Risco Médio,Média
domingo,BR-40,508.0,Pleno dia,Crescente,Céu Claro,Dupla,Reta,-19.7699,-44.1272,DEL02-MG,Risco Médio,Alta