dia_semana,br,km,fase_dia,sentido_via,condicao_metereologica,tipo_pista,tracado_via,latitude,longitude,delegacia,classificacao_acidente,postos_policiais_PRF
sábado,BR-262,149.3,Plena Noite,Decrescente,Céu Claro,Simples,Curva,-20.23893,-41.40372,DEL01-ES,Risco Médio,Média
quinta-feira,BR-232,24.3,Pleno dia,Decrescente,Nublado,Dupla,Reta,-8.107752,-35.10441,DEL01-PE,Risco Baixo,Baixa
terça-feira,BR-174,1049.9,Amanhecer,Decrescente,Nevoeiro/Neblina,Simples,Reta,-1.400617,-60.33691,DEL01-AM,Risco Médio,Baixa
sexta-feira,BR-308,0.0,Pleno dia,Crescente,Nublado,Dupla,Não Informado,-1.406125,-48.43445,DEL01-PA,Risco Baixo,Baixa
segunda-feira,BR-101,265.8,Pleno dia,Decrescente,Chuva,Dupla,Reta,-28.06001,-48.71691,DEL02-SC,Risco Médio,Alta
quinta-feira,BR-101,147.0,Anoitecer,Decrescente,Nublado,Dupla,Reta,-19.37887,-40.06658,DEL04-ES,Risco Médio,Alta
domingo,BR-230,394.8,Pleno dia,Decrescente,Céu Claro,Simples,Desvio Temporário,-6.8687,-37.7351,DEL03-PB,Risco Médio,Baixa
sexta-feira,BR-116,487.9,Plena Noite,Crescente,Garoa/Chuvisco,Simples,Curva,-19.45139,-42.12752,DEL06-MG,Risco Baixo,Alta
sábado,BR-116,4.3,Pleno dia,Decrescente,Nublado,Simples,Reta,-15.73749,-41.33933,DEL08-BA,Risco Médio,Alta
sábado,BR-406,39.0,Pleno dia,Crescente,Céu Claro,Simples,Reta,-5.27117,-36.31874,DEL02-RN,Risco Médio,Baixa
segunda-feira,BR-40,97.6,Pleno dia,Decrescente,Sol,Simples,Não Informado,-16.76463,-47.59576,DEL01-DF,Risco Alto,Alta
quinta-feira,BR-324,570.1,Plena Noite,Decrescente,Céu Claro,Dupla,Reta,-12.54604,-38.58143,DEL01-BA,Risco Médio,Baixa
domingo,BR-40,462.0,Pleno dia,Crescente,Nublado,Dupla,Não Informado,-19.4295,-44.3368,DEL02-MG,Risco Baixo,Alta
terça-feira,BR-153,652.1,Plena Noite,Decrescente,Céu Claro,Simples,Reta,-31.7206,-54.15492,DEL11-RS,Risco Baixo,Alta
sexta-feira,BR-116,84.5,Plena Noite,Decrescente,Céu Claro,Simples,Curva,-28.83138,-51.12053,DEL05-RS,Risco Baixo,Alta
quinta-feira,BR-364,628.7,Amanhecer,Decrescente,Chuva,Simples,Reta,-9.077279,-63.35428,DEL03-RO,Risco Baixo,Alta
quarta-feira,BR-376,345.7,Pleno dia,Crescente,Sol,Simples,Curva,-24.17338,-50.96599,DEL07-PR,Risco Baixo,Baixa
terça-feira,BR-116,701.0,Pleno dia,Crescente,Céu Claro,Simples,Reta,-21.11085,-42.38061,DEL07-MG,Risco Médio,Alta
sábado,BR-280,285.7,Plena Noite,Crescente,Chuva,Simples,Não Informado,-26.24409,-53.26711,DEL02-PR,Risco Médio,Baixa
terça-feira,BR-423,98.0,Plena Noite,Decrescente,Céu Claro,Simples,Rotatória,-8.877901,-36.5061,DEL03-PE,Risco Baixo,Baixa
domingo,BR-116,248.4,Plena Noite,Decrescente,Nublado,Múltipla,Curva,-29.77648,-51.15524,DEL01-RS,Risco Médio,Alta
domingo,BR-405,155.2,Plena Noite,Decrescente,Céu Claro,Simples,Reta,-6.151361,-38.20618,DEL04-RN,Risco Alto,Baixa
sexta-feira,BR-364,213.8,Pleno dia,Decrescente,Chuva,Simples,Curva,-11.56927,-61.28013,DEL02-RO,Risco Médio,Alta
sexta-feira,BR-343,4.7,Pleno dia,Crescente,Céu Claro,Simples,Curva,-2.89561,-41.69647,DEL05-PI,Risco Médio,Baixa
quarta-feira,BR-285,294.9,Plena Noite,Crescente,Céu Claro,Simples,Reta,-28.23455,-52.38497,DEL08-RS,Risco Médio,Baixa
quinta-feira,BR-116,285.0,Pleno dia,Decrescente,Nublado,Simples,Curva,-23.70408,-46.8725,DEL04-SP,Risco Médio,Alta
quarta-feira,BR-222,0.2,Plena Noite,Decrescente,Nublado,Múltipla,Reta,-3.736774,-38.56923,DEL01-CE,Risco Médio,Baixa
domingo,BR-259,90.0,Plena Noite,Crescente,Garoa/Chuvisco,Dupla,Reta,-19.51045,-40.97765,DEL02-ES,Risco Médio,Baixa
terça-feira,BR-493,102.0,Pleno dia,Crescente,Céu Claro,Dupla,Reta,-22.75762,-43.73235,DEL03-RJ,Risco Médio,Baixa
quarta-feira,BR-110,163.0,Pleno dia,Crescente,Céu Claro,Simples,Reta,-10.7471,-38.5047,DEL07-BA,Risco Médio,Baixa
segunda-feira,BR-116,97.0,Pleno dia,Crescente,Nublado,Múltipla,Reta,-25.5485,-49.15058,DEL01-PR,Risco Médio,Alta
sábado,BR-101,214.6,Pleno dia,Decrescente,Chuva,Múltipla,Reta,-27.64699,-48.67211,DEL01-SC,Risco Médio,Alta
sexta-feira,BR-40,105.0,Pleno dia,Crescente,Chuva,Dupla,Reta,-22.6476,-43.2836,DEL01-RJ,Risco Médio,Alta
quinta-feira,BR-423,70.0,Pleno dia,Decrescente,Céu Claro,Simples,Reta,-9.306502,-37.89829,DEL03-AL,Risco Médio,Baixa
segunda-feira,BR-80,13.0,Pleno dia,Crescente,Céu Claro,Simples,Não Informado,-15.72803,-48.19377,DEL01-DF,Risco Baixo,Baixa
quinta-feira,BR-290,92.0,Pleno dia,Decrescente,Céu Claro,Dupla,Reta,-29.97192,-51.17684,DEL01-RS,Risco Médio,Baixa
segunda-feira,BR-116,414.0,Pleno dia,Crescente,Céu Claro,Múltipla,Retorno Regulamentado,-12.15092,-38.96472,DEL02-BA,Risco Médio,Alta
sábado,BR-101,322.0,Pleno dia,Crescente,Céu Claro,Dupla,Curva,-22.87857,-43.11098,DEL02-RJ,Risco Médio,Alta
domingo,BR-70,515.0,Pleno dia,Crescente,Céu Claro,Simples,Reta,-15.70632,-56.1419,DEL01-MT,Risco Médio,Baixa
sexta-feira,BR-20,421.0,Pleno dia,Crescente,Céu Claro,Dupla,Reta,-3.76999,-38.67006,DEL01-CE,Risco Médio,Baixa
segunda-feira,BR-428,186.9,Pleno dia,Crescente,Nublado,Simples,Reta,-9.348078,-40.47441,DEL06-PE,Risco Médio,Baixa
sexta-feira,BR-70,6.8,Plena Noite,Decrescente,Céu Claro,Dupla,Reta,-15.79124,-48.10576,DEL01-DF,Risco Baixo,Baixa
quarta-feira,BR-376,597.0,Pleno dia,Crescente,Céu Claro,Dupla,Reta,-25.51057,-49.33885,DEL01-PR,Risco Médio,Baixa
quinta-feira,BR-324,588.0,Plena Noite,Decrescente,Garoa/Chuvisco,Dupla,Reta,-12.65567,-38.47272,DEL01-BA,Risco Médio,Baixa
sexta-feira,BR-465,20.0,Pleno dia,Decrescente,Céu Claro,Simples,Reta,-22.7598,-43.4516,DEL01-RJ,Risco Médio,Baixa
segunda-feira,BR-282,300.8,Pleno dia,Decrescente,Nublado,Simples,Curva,-27.38728,-51.11418,DEL07-SC,Risco Baixo,Baixa
sábado,BR-476,352.5,Anoitecer,Crescente,Céu Claro,Simples,Não Informado,-26.19768,-50.99411,DEL02-PR,Risco Baixo,Baixa
sexta-feira,BR-401,5.0,Amanhecer,Crescente,Nublado,Dupla,Retorno Regulamentado,2.786236,-60.65054,DEL01-RR,Risco Médio,Baixa
terça-feira,BR-476,133.0,Pleno dia,Decrescente,Céu Claro,Múltipla,Não Informado,-25.47084,-49.25497,DEL01-PR,Risco Médio,Baixa
sexta-feira,BR-116,60.0,Pleno dia,Crescente,Nublado,Simples,Reta,-22.13343,-42.77952,DEL04-RJ,Risco Médio,Alta
sábado,BR-116,150.2,Plena Noite,Crescente,Céu Claro,Múltipla,Reta,-23.21336,-45.89306,DEL02-SP,Risco Alto,Alta
segunda-feira,BR-470,218.0,Plena Noite,Crescente,Céu Claro,Simples,Curva,-29.17292,-51.52425,DEL06-RS,Risco Médio,Baixa
domingo,BR-406,168.8,Plena Noite,Crescente,Céu Claro,Dupla,Reta,-5.754088,-35.31189,DEL02-RN,Risco Médio,Baixa
quinta-feira,BR-20,175.0,Plena Noite,Crescente,Céu Claro,Simples,Reta,-12.0,-45.0,DEL10-BA,Risco Médio,Baixa
domingo,BR-50,134.6,Pleno dia,Crescente,Nublado,Dupla,Reta,-17.041,-47.7587,DEL06-GO,Risco Baixo,Média
sexta-feira,BR-304,53.0,Pleno dia,Crescente,Céu Claro,Simples,Reta,-4.574024,-37.73636,DEL03-CE,Risco Baixo,Baixa
segunda-feira,BR-101,304.0,Pleno dia,Crescente,Sol,Dupla,Reta,-20.38289,-40.45961,DEL01-ES,Risco Baixo,Alta
sábado,BR-116,248.0,Pleno dia,Decrescente,Céu Claro,Dupla,Reta,-29.77606,-51.15509,DEL01-RS,Risco Médio,Alta
quinta-feira,BR-101,141.8,Plena Noite,Crescente,Céu Claro,Dupla,Rotatória,-19.32656,-40.07192,DEL04-ES,Risco Médio,Alta
terça-feira,BR-116,51.0,Anoitecer,Crescente,Garoa/Chuvisco,Dupla,Curva,-25.24255,-48.90289,DEL01-PR,Risco Baixo,Alta
sexta-feira,BR-60,6.0,Plena Noite,Crescente,Céu Claro,Dupla,Reta,-15.89794,-48.11306,DEL01-DF,Risco Médio,Média
quinta-feira,BR-324,592.0,Pleno dia,Crescente,Sol,Simples,Não Informado,-12.7088,-38.46305,DEL01-BA,Risco Médio,Baixa
domingo,BR-381,519.0,Pleno dia,Decrescente,Garoa/Chuvisco,Dupla,Curva,-20.12834,-44.30331,DEL04-MG,Risco Baixo,Alta
quarta-feira,BR-116,221.0,Pleno dia,Crescente,Chuva,Múltipla,Reta,-23.46802,-46.50705,DEL01-SP,Risco Médio,Alta
domingo,BR-50,30.3,Pleno dia,Decrescente,Céu Claro,Dupla,Curva,-18.61551,-48.11661,DEL15-MG,Risco Alto,Média
terça-feira,BR-476,119.1,Pleno dia,Crescente,Céu Claro,Múltipla,Reta,-25.3642,-49.18583,DEL01-PR,Risco Baixo,Baixa
domingo,BR-262,39.3,Pleno dia,Crescente,Céu Claro,Simples,Reta,-20.27166,-42.0395,DEL06-MG,Risco Médio,Média
domingo,BR-116,246.0,Pleno dia,Decrescente,Céu Claro,Múltipla,Não Informado,-29.76065,-51.15187,DEL01-RS,Risco Médio,Alta
sábado,BR-364,219.1,Plena Noite,Decrescente,Céu Claro,Dupla,Reta,-16.35492,-54.73391,DEL02-MT,Risco Médio,Alta
segunda-feira,BR-104,65.0,Plena Noite,Decrescente,Céu Claro,Múltipla,Interseção de vias,-8.2867,-35.9838,DEL02-PE,Risco Médio,Baixa
quarta-feira,BR-435,123.0,Pleno dia,Crescente,Céu Claro,Dupla,Interseção de vias,-13.18904,-60.81666,DEL04-RO,Risco Médio,Baixa
quarta-feira,BR-376,493.6,Plena Noite,Decrescente,Nublado,Dupla,Desvio Temporário,-25.12775,-50.17611,DEL03-PR,Risco Médio,Baixa
domingo,BR-101,149.5,Pleno dia,Decrescente,Céu Claro,Dupla,Reta,-27.10896,-48.61278,DEL04-SC,Risco Médio,Alta
sábado,BR-116,7.0,Pleno dia,Crescente,Céu Claro,Simples,Reta,-14.83605,-40.88752,DEL08-BA,Risco Médio,Alta
quarta-feira,BR-116,244.0,Anoitecer,Decrescente,Céu Claro,Dupla,Reta,-29.7422,-51.1505,DEL01-RS,Risco Médio,Alta
terça-feira,BR-324,310.0,Pleno dia,Crescente,Céu Claro,Simples,Interseção de vias,-11.20426,-40.42448,DEL04-BA,Risco Médio,Baixa
sábado,BR-116,26.0,Plena Noite,Decrescente,Nublado,Dupla,Curva,-25.10684,-48.78534,DEL01-PR,Risco Baixo,Alta
quinta-feira,BR-262,107.0,Plena Noite,Decrescente,Chuva,Simples,Reta,-20.33232,-41.15878,DEL01-ES,Risco Médio,Média
sábado,BR-101,494.6,Pleno dia,Decrescente,Chuva,Simples,Curva,-22.93601,-44.31769,DEL03-RJ,Risco Baixo,Alta
sábado,BR-427,100.3,Pleno dia,Decrescente,Céu Claro,Simples,Curva,-6.46081,-37.10724,DEL03-RN,Risco Médio,Baixa
domingo,BR-163,329.0,Pleno dia,Decrescente,Céu Claro,Simples,Reta,-24.26973,-54.18115,DEL06-PR,Risco Médio,Alta
quinta-feira,BR-319,59.0,Plena Noite,Decrescente,Céu Claro,Dupla,Não Informado,-8.741521,-63.89836,DEL01-RO,Risco Médio,Baixa
quinta-feira,BR-40,24.0,Pleno dia,Crescente,Céu Claro,Dupla,Interseção de vias,-16.25274,-47.90044,DEL01-DF,Risco Médio,Alta
quinta-feira,BR-364,528.0,Anoitecer,Crescente,Céu Claro,Simples,Curva,-9.8125,-63.0742,DEL03-RO,Risco Baixo,Alta
domingo,BR-116,547.7,Plena Noite,Crescente,Céu Claro,Simples,Não Informado,-19.9406,-42.13018,DEL06-MG,Risco Médio,Alta
sábado,BR-364,16.0,Pleno dia,Decrescente,Céu Claro,Dupla,Reta,-12.73438,-60.15697,DEL04-RO,Risco Baixo,Alta
quarta-feira,BR-116,20.0,Pleno dia,Decrescente,Céu Claro,Dupla,Reta,-3.885203,-38.50137,DEL01-CE,Risco Médio,Alta
segunda-feira,BR-163,526.5,Plena Noite,Crescente,Céu Claro,Simples,Reta,-20.11625,-54.44375,DEL01-MS,Risco Médio,Alta
quinta-feira,BR-116,201.0,Pleno dia,Crescente,Nublado,Simples,Não Informado,-27.43687,-50.40435,DEL05-SC,Risco Médio,Alta
terça-feira,BR-116,416.6,Plena Noite,Crescente,Nublado,Simples,Interseção de vias,-18.89215,-41.947,DEL06-MG,Risco Médio,Alta
terça-feira,BR-316,51.0,Pleno dia,Decrescente,Céu Claro,Dupla,Desvio Temporário,-1.306961,-48.03478,DEL01-PA,Risco Médio,Baixa
sexta-feira,BR-101,118.0,Pleno dia,Decrescente,Céu Claro,Múltipla,Reta,-26.9045,-48.7153,DEL04-SC,Risco Médio,Alta
sexta-feira,BR-50,107.5,Pleno dia,Decrescente,Céu Claro,Dupla,Desvio Temporário,-19.19728,-48.1525,DEL13-MG,Risco Médio,Média
domingo,BR-104,110.0,Plena Noite,Decrescente,Nublado,Simples,Reta,-7.128448,-35.86085,DEL02-PB,Risco Médio,Baixa
domingo,BR-70,66.8,Plena Noite,Decrescente,Nublado,Simples,Reta,-15.70651,-52.76436,DEL07-MT,Risco Médio,Baixa
segunda-feira,BR-476,145.0,Pleno dia,Crescente,Céu Claro,Dupla,Reta,-25.54775,-49.32095,DEL01-PR,Risco Médio,Baixa
segunda-feira,BR-381,324.0,Pleno dia,Crescente,Sol,Simples,Não Informado,-19.75903,-43.02865,DEL03-MG,Risco Baixo,Alta
sexta-feira,BR-365,419.0,Amanhecer,Decrescente,Céu Claro,Simples,Reta,-18.69581,-46.59449,DEL10-MG,Risco Baixo,Média
segunda-feira,BR-488,2.7,Pleno dia,Crescente,Chuva,Dupla,Curva,-22.8541,-45.24038,DEL08-SP,Risco Médio,Baixa
domingo,BR-116,171.0,Amanhecer,Crescente,Céu Claro,Dupla,Curva,-23.311,-46.0616,DEL02-SP,Risco Baixo,Alta
sábado,BR-101,213.8,Plena Noite,Decrescente,Céu Claro,Dupla,Reta,-27.63697,-48.66514,DEL01-SC,Risco Médio,Alta
sábado,BR-277,673.5,Amanhecer,Decrescente,Céu Claro,Dupla,Desvio Temporário,-25.2874,-54.09701,DEL05-PR,Risco Médio,Média
domingo,BR-40,12.5,Anoitecer,Decrescente,Céu Claro,Dupla,Reta,-16.14988,-47.9409,DEL01-DF,Risco Médio,Alta
quarta-feira,BR-163,10.7,Pleno dia,Crescente,Sol,Simples,Desvio Temporário,-26.24411,-53.63406,DEL02-PR,Risco Médio,Alta
domingo,BR-20,22.0,Pleno dia,Crescente,Nublado,Simples,Reta,-6.376753,-40.66628,DEL02-CE,Risco Médio,Baixa
quinta-feira,BR-101,148.1,Pleno dia,Crescente,Céu Claro,Múltipla,Curva,-19.38875,-40.0677,DEL04-ES,Risco Médio,Alta
sexta-feira,BR-262,156.5,Amanhecer,Crescente,Nevoeiro/Neblina,Simples,Reta,-20.2306,-41.4851,DEL01-ES,Risco Alto,Média
domingo,BR-101,284.5,Plena Noite,Crescente,Céu Claro,Dupla,Curva,-20.24665,-40.36998,DEL01-ES,Risco Médio,Alta
quinta-feira,BR-101,127.6,Pleno dia,Decrescente,Céu Claro,Dupla,Reta,-6.095313,-35.23432,DEL01-RN,Risco Médio,Alta
sábado,BR-376,277.9,Amanhecer,Crescente,Nublado,Simples,Reta,-23.80697,-51.26342,DEL07-PR,Risco Alto,Baixa
quinta-feira,BR-116,205.0,Plena Noite,Decrescente,Céu Claro,Múltipla,Reta,-23.41475,-46.36601,DEL01-SP,Risco Médio,Alta
quinta-feira,BR-153,573.5,Plena Noite,Crescente,Céu Claro,Dupla,Reta,-17.3299,-49.2395,DEL03-GO,Risco Médio,Alta
sábado,BR-101,202.0,Plena Noite,Crescente,Céu Claro,Dupla,Reta,-9.966425,-36.55066,DEL02-AL,Risco Médio,Alta
sexta-feira,BR-376,419.0,Pleno dia,Crescente,Céu Claro,Simples,Não Informado,-24.71398,-50.54955,DEL03-PR,Risco Médio,Baixa
segunda-feira,BR-101,269.0,Amanhecer,Crescente,Céu Claro,Dupla,Interseção de vias,-20.2174,-40.26991,DEL02-ES,Risco Médio,Alta
sexta-feira,BR-163,324.1,Pleno dia,Crescente,Céu Claro,Dupla,Reta,-21.77659,-54.52602,DEL02-MS,Risco Baixo,Alta
terça-feira,BR-20,408.0,Anoitecer,Decrescente,Céu Claro,Dupla,Reta,-3.76999,-38.67006,DEL01-CE,Risco Médio,Baixa
segunda-feira,BR-376,173.0,Pleno dia,Crescente,Nublado,Dupla,Desvio Temporário,-23.41722,-51.95892,DEL09-PR,Risco Médio,Baixa
sexta-feira,BR-135,310.0,Pleno dia,Crescente,Céu Claro,Simples,Reta,-8.771895,-44.18039,DEL03-PI,Risco Médio,Baixa
sábado,BR-40,2.0,Plena Noite,Decrescente,Céu Claro,Dupla,Reta,-16.06713,-47.98423,DEL01-DF,Risco Médio,Alta
sexta-feira,BR-153,74.0,Pleno dia,Decrescente,Céu Claro,Simples,Curva,-27.0849,-51.90986,DEL07-SC,Risco Médio,Alta
sábado,BR-101,271.0,Pleno dia,Crescente,Chuva,Múltipla,Reta,-20.23267,-40.27658,DEL02-ES,Risco Médio,Alta
terça-feira,BR-406,163.8,Plena Noite,Decrescente,Céu Claro,Simples,Reta,-5.735272,-35.35544,DEL02-RN,Risco Médio,Baixa
quinta-feira,BR-101,115.9,Pleno dia,Decrescente,Sol,Dupla,Reta,-26.87064,-48.72954,DEL04-SC,Risco Médio,Alta
terça-feira,BR-230,87.0,Pleno dia,Decrescente,Céu Claro,Dupla,Reta,-7.1673,-35.3656,DEL01-PB,Risco Médio,Baixa
quarta-feira,BR-20,394.9,Pleno dia,Decrescente,Céu Claro,Simples,Reta,-3.832102,-38.75817,DEL01-CE,Risco Médio,Baixa
terça-feira,BR-365,625.0,Pleno dia,Crescente,Céu Claro,Dupla,Reta,-18.90585,-48.32526,DEL15-MG,Risco Médio,Média
sexta-feira,BR-174,1019.0,Plena Noite,Decrescente,Céu Claro,Simples,Não Informado,-1.522595,-60.25104,DEL01-AM,Risco Baixo,Baixa
sábado,BR-277,165.6,Plena Noite,Crescente,Céu Claro,Simples,Reta,-25.47289,-49.89596,DEL01-PR,Risco Médio,Média
domingo,BR-153,147.8,Plena Noite,Crescente,Nublado,Dupla,Reta,-7.221757,-48.24826,DEL02-TO,Risco Baixo,Alta
sábado,BR-277,634.6,Pleno dia,Crescente,Chuva,Simples,Reta,-25.17903,-53.87604,DEL05-PR,Risco Médio,Média
terça-feira,BR-101,112.5,Pleno dia,Decrescente,Céu Claro,Dupla,Não Informado,-7.369871,-34.95429,DEL01-PB,Risco Baixo,Alta
sábado,BR-262,483.1,Pleno dia,Crescente,Sol,Simples,Reta,-19.78562,-45.30956,DEL08-MG,Risco Médio,Média
terça-feira,BR-290,59.0,Pleno dia,Decrescente,Chuva,Múltipla,Reta,-29.92243,-50.84845,DEL03-RS,Risco Baixo,Baixa
segunda-feira,BR-158,511.0,Plena Noite,Crescente,Chuva,Simples,Curva,-26.1377,-52.658,DEL02-PR,Risco Médio,Baixa
sexta-feira,BR-101,203.0,Pleno dia,Crescente,Céu Claro,Dupla,Não Informado,-27.565,-48.6146,DEL01-SC,Risco Médio,Alta
sexta-feira,BR-277,254.0,Pleno dia,Crescente,Céu Claro,Simples,Reta,-25.44185,-50.68869,DEL08-PR,Risco Médio,Média
sexta-feira,BR-116,211.0,Plena Noite,Decrescente,Nublado,Múltipla,Reta,-23.43212,-46.4186,DEL01-SP,Risco Médio,Alta
domingo,BR-381,761.0,Plena Noite,Crescente,Céu Claro,Dupla,Curva,-21.73238,-45.38248,DEL16-MG,Risco Médio,Alta
quarta-feira,BR-407,60.0,Plena Noite,Crescente,Céu Claro,Simples,Reta,-8.859024,-40.77908,DEL06-PE,Risco Baixo,Baixa
segunda-feira,BR-226,1.0,Pleno dia,Decrescente,Céu Claro,Simples,Desvio Temporário,-6.561294,-47.4648,DEL02-TO,Risco Baixo,Baixa
terça-feira,BR-364,258.0,Pleno dia,Crescente,Chuva,Simples,Reta,-16.07782,-54.87426,DEL02-MT,Risco Médio,Alta
sábado,BR-364,119.0,Pleno dia,Crescente,Céu Claro,Dupla,Reta,-16.41676,-54.70658,DEL02-MT,Risco Médio,Alta
sexta-feira,BR-163,807.0,Plena Noite,Crescente,Céu Claro,Simples,Reta,-12.1162,-55.5164,DEL06-MT,Risco Baixo,Alta
domingo,BR-381,372.0,Pleno dia,Crescente,Céu Claro,Simples,Curva,-19.85194,-43.27049,DEL01-MG,Risco Alto,Alta
segunda-feira,BR-367,23.2,Anoitecer,Crescente,Nublado,Simples,Reta,-16.45019,-39.06505,DEL09-BA,Risco Médio,Baixa
terça-feira,BR-407,125.0,Pleno dia,Crescente,Céu Claro,Múltipla,Reta,-10.45458,-40.18172,DEL04-BA,Risco Médio,Baixa
domingo,BR-116,120.0,Pleno dia,Decrescente,Garoa/Chuvisco,Dupla,Reta,-23.07156,-45.64459,DEL02-SP,Risco Médio,Alta
sexta-feira,BR-116,416.0,Pleno dia,Crescente,Céu Claro,Dupla,Reta,-12.16836,-38.96499,DEL02-BA,Risco Médio,Alta
quinta-feira,BR-101,146.8,Pleno dia,Decrescente,Nublado,Múltipla,Não Informado,-27.08667,-48.60956,DEL04-SC,Risco Médio,Alta
sexta-feira,BR-135,3.5,Pleno dia,Crescente,Céu Claro,Dupla,Desvio Temporário,-2.606802,-44.24751,DEL01-MA,Risco Médio,Baixa
segunda-feira,BR-153,579.6,Pleno dia,Decrescente,Céu Claro,Dupla,Curva,-17.3767,-49.2382,DEL03-GO,Risco Médio,Alta
terça-feira,BR-101,85.0,Plena Noite,Crescente,Céu Claro,Dupla,Reta,-29.86833,-50.25172,DEL03-RS,Risco Médio,Alta
quinta-feira,BR-282,568.0,Pleno dia,Decrescente,Chuva,Simples,Rotatória,-26.89968,-52.91576,DEL07-SC,Risco Médio,Baixa
segunda-feira,BR-101,45.0,Plena Noite,Crescente,Céu Claro,Simples,Curva,-6.874513,-35.13233,DEL01-PB,Risco Médio,Alta
sexta-feira,BR-101,312.0,Pleno dia,Crescente,Sol,Dupla,Não Informado,-28.4337,-48.80634,DEL02-SC,Risco Médio,Alta
sexta-feira,BR-101,208.0,Pleno dia,Decrescente,Sol,Dupla,Interseção de vias,-27.6101,-48.6388,DEL01-SC,Risco Médio,Alta
sexta-feira,BR-163,1001.0,Pleno dia,Crescente,Céu Claro,Simples,Reta,-2.464507,-54.72745,DEL05-PA,Risco Médio,Alta
domingo,BR-408,102.7,Pleno dia,Decrescente,Céu Claro,Dupla,Reta,-8.053232,-35.00248,DEL01-PE,Risco Médio,Baixa
domingo,BR-262,147.0,Pleno dia,Crescente,Céu Claro,Simples,Curva,-20.22097,-41.41902,DEL01-ES,Risco Alto,Média
sexta-feira,BR-116,654.5,Plena Noite,Crescente,Céu Claro,Simples,Curva,-20.74097,-42.28631,DEL07-MG,Risco Médio,Alta
terça-feira,BR-364,323.3,Anoitecer,Crescente,Céu Claro,Múltipla,Reta,-15.81221,-55.36897,DEL02-MT,Risco Médio,Alta
segunda-feira,BR-471,566.7,Pleno dia,Decrescente,Chuva,Simples,Reta,-32.90232,-52.73232,DEL07-RS,Risco Baixo,Baixa
quarta-feira,BR-428,188.3,Pleno dia,Decrescente,Céu Claro,Dupla,Reta,-9.364006,-40.48267,DEL06-PE,Risco Médio,Baixa
sábado,BR-101,197.0,Plena Noite,Crescente,Céu Claro,Simples,Reta,-27.51844,-48.63848,DEL01-SC,Risco Médio,Alta
sexta-feira,BR-153,540.4,Pleno dia,Crescente,Céu Claro,Dupla,Reta,-17.0547,-49.2269,DEL01-GO,Risco Médio,Alta
segunda-feira,BR-116,173.0,Pleno dia,Crescente,Chuva,Múltipla,Reta,-22.7981,-43.35727,DEL01-RJ,Risco Baixo,Alta
sábado,BR-153,7.0,Plena Noite,Crescente,Céu Claro,Dupla,Reta,-18.47866,-49.18844,DEL15-MG,Risco Baixo,Alta
quarta-feira,BR-101,66.0,Pleno dia,Decrescente,Céu Claro,Dupla,Reta,-8.033685,-34.94184,DEL01-PE,Risco Médio,Alta
sexta-feira,BR-470,59.1,Pleno dia,Crescente,Nublado,Simples,Reta,-26.88113,-49.13751,DEL04-SC,Risco Médio,Baixa
segunda-feira,BR-153,578.0,Amanhecer,Crescente,Céu Claro,Dupla,Reta,-17.3706,-49.2442,DEL03-GO,Risco Médio,Alta
terça-feira,BR-174,503.2,Pleno dia,Decrescente,Céu Claro,Dupla,Rotatória,2.796112,-60.69845,DEL01-RR,Risco Médio,Baixa
sexta-feira,BR-116,242.0,Pleno dia,Crescente,Sol,Dupla,Não Informado,-22.63024,-43.91034,DEL07-RJ,Risco Médio,Alta
domingo,BR-470,99.7,Pleno dia,Decrescente,Céu Claro,Simples,Reta,-27.03361,-49.38719,DEL04-SC,Risco Médio,Baixa
quarta-feira,BR-101,324.0,Pleno dia,Crescente,Céu Claro,Múltipla,Reta,-22.87381,-43.12641,DEL02-RJ,Risco Médio,Alta
quarta-feira,BR-101,286.0,Plena Noite,Crescente,Céu Claro,Dupla,Curva,-28.22948,-48.70164,DEL02-SC,Risco Médio,Alta
domingo,BR-365,682.0,Plena Noite,Decrescente,Nublado,Dupla,Reta,-18.85061,-48.83796,DEL15-MG,Risco Baixo,Média
quarta-feira,BR-262,79.0,Plena Noite,Decrescente,Céu Claro,Simples,Não Informado,-20.6401,-52.3244,DEL07-MS,Risco Baixo,Média
quinta-feira,BR-364,530.3,Pleno dia,Decrescente,Nublado,Simples,Reta,-9.798181,-63.08591,DEL03-RO,Risco Médio,Alta
domingo,BR-232,129.6,Plena Noite,Crescente,Céu Claro,Simples,Curva,-8.300148,-35.98684,DEL02-PE,Risco Alto,Baixa
segunda-feira,BR-324,546.0,Pleno dia,Decrescente,Garoa/Chuvisco,Dupla,Reta,-12.42641,-38.73616,DEL01-BA,Risco Baixo,Baixa
sexta-feira,BR-476,119.0,Anoitecer,Decrescente,Céu Claro,Dupla,Reta,-25.3642,-49.18583,DEL01-PR,Risco Médio,Baixa
quarta-feira,BR-392,276.0,Pleno dia,Crescente,Céu Claro,Simples,Curva,-30.34025,-53.52092,DEL09-RS,Risco Médio,Média
sábado,BR-277,724.0,Pleno dia,Crescente,Ignorado,Dupla,Reta,-25.50189,-54.53708,DEL05-PR,Risco Médio,Média
terça-feira,BR-376,169.0,Plena Noite,Decrescente,Nublado,Dupla,Retorno Regulamentado,-23.4273,-51.9375,DEL07-PR,Risco Médio,Baixa
segunda-feira,BR-101,194.0,Plena Noite,Decrescente,Céu Claro,Dupla,Reta,-27.49815,-48.65661,DEL01-SC,Risco Médio,Alta