dia_semana,br,km,fase_dia,sentido_via,condicao_metereologica,tipo_pista,tracado_via,latitude,longitude,delegacia,classificacao_acidente,postos_policiais_PRF
quinta-feira,BR-116,267.8,Pleno dia,Decrescente,Céu Claro,Múltipla,Reta,-29.944,-51.17676,DEL01-RS,Risco Médio,Alta
terça-feira,BR-116,292.0,Plena Noite,Crescente,Nublado,Dupla,Reta,-23.73442,-46.89492,DEL04-SP,Risco Médio,Alta
quinta-feira,BR-316,5.0,Plena Noite,Crescente,Céu Claro,Simples,Reta,-1.396582,-48.42299,DEL01-PA,Risco Médio,Baixa
sexta-feira,BR-60,45.0,Pleno dia,Decrescente,Céu Claro,Dupla,Reta,-16.1324,-48.5977,DEL02-GO,Risco Baixo,Média
segunda-feira,BR-230,707.0,Pleno dia,Decrescente,Céu Claro,Simples,Reta,-7.776025,-63.15268,DEL01-RO,Risco Alto,Baixa
domingo,BR-116,129.0,Pleno dia,Decrescente,Céu Claro,Dupla,Reta,-23.11886,-45.71948,DEL06-SP,Risco Médio,Alta
quinta-feira,BR-101,75.0,Amanhecer,Decrescente,Nevoeiro/Neblina,Simples,Curva,-21.81652,-41.39769,DEL08-RJ,Risco Médio,Alta
quinta-feira,BR-116,218.5,Pleno dia,Crescente,Sol,Múltipla,Reta,-23.45797,-46.47993,DEL01-SP,Risco Médio,Alta
segunda-feira,BR-324,0.5,Pleno dia,Decrescente,Céu Claro,Dupla,Reta,-12.27568,-38.93795,DEL02-BA,Risco Médio,Baixa
segunda-feira,BR-405,0.4,Pleno dia,Decrescente,Céu Claro,Dupla,Não Informado,-5.19105,-37.35632,DEL04-RN,Risco Baixo,Baixa
domingo,BR-163,730.0,Plena Noite,Decrescente,Céu Claro,Simples,Interseção de vias,-18.50979,-54.73602,DEL06-MS,Risco Baixo,Alta
sexta-feira,BR-376,3.4,Pleno dia,Decrescente,Nublado,Simples,Curva,-23.55904,-51.43921,DEL07-PR,Risco Médio,Baixa
terça-feira,BR-251,504.0,Pleno dia,Crescente,Chuva,Simples,Reta,-16.609,-43.6592,DEL12-MG,Risco Médio,Baixa
quinta-feira,BR-101,129.0,Pleno dia,Crescente,Sol,Dupla,Reta,-26.98064,-48.67907,DEL04-SC,Risco Médio,Alta
segunda-feira,BR-116,3.0,Pleno dia,Decrescente,Chuva,Dupla,Reta,-3.778665,-38.5149,DEL01-CE,Risco Médio,Alta
quinta-feira,BR-287,274.0,Amanhecer,Crescente,Nublado,Simples,Reta,-29.66371,-54.11505,DEL09-RS,Risco Médio,Baixa
segunda-feira,BR-381,712.7,Pleno dia,Crescente,Nublado,Dupla,Curva,-21.37152,-45.1889,DEL04-MG,Risco Médio,Alta
sexta-feira,BR-381,533.4,Pleno dia,Crescente,Nublado,Dupla,Curva,-20.17354,-44.37468,DEL04-MG,Risco Médio,Alta
sexta-feira,BR-343,343.5,Pleno dia,Decrescente,Céu Claro,Simples,Rotatória,-5.090303,-42.76036,DEL01-PI,Risco Médio,Baixa
domingo,BR-153,386.8,Pleno dia,Decrescente,Sol,Simples,Não Informado,-9.296131,-48.55345,DEL02-TO,Risco Médio,Alta
sexta-feira,BR-101,55.8,Anoitecer,Decrescente,Céu Claro,Dupla,Reta,-26.42281,-48.82977,DEL03-SC,Risco Médio,Alta
sábado,BR-50,69.0,Pleno dia,Crescente,Céu Claro,Dupla,Viaduto,-18.8907,-48.256,DEL15-MG,Risco Baixo,Média
segunda-feira,BR-316,0.0,Pleno dia,Crescente,Nublado,Dupla,Não Informado,-5.127659,-42.80431,DEL01-PI,Risco Baixo,Baixa
terça-feira,BR-364,315.0,Pleno dia,Crescente,Chuva,Simples,Reta,-11.1128,-61.9016,DEL02-RO,Risco Médio,Alta
terça-feira,BR-262,193.1,Plena Noite,Crescente,Garoa/Chuvisco,Simples,Reta,-20.44958,-53.31992,DEL07-MS,Risco Médio,Média
sexta-feira,BR-316,273.0,Pleno dia,Crescente,Céu Claro,Simples,Não Informado,-6.942086,-41.741,DEL04-PI,Risco Médio,Baixa
domingo,BR-153,164.5,Anoitecer,Crescente,Chuva,Simples,Curva,-24.24915,-50.2491,DEL03-PR,Risco Alto,Alta
quinta-feira,BR-50,12.1,Amanhecer,Crescente,Céu Claro,Dupla,Viaduto,-18.87315,-48.21419,DEL15-MG,Risco Médio,Média
terça-feira,BR-116,670.0,Amanhecer,Crescente,Ignorado,Simples,Rotatória,-13.78273,-40.10686,DEL03-BA,Risco Médio,Alta
sábado,BR-316,270.3,Plena Noite,Decrescente,Nublado,Simples,Curva,-9.571656,-35.82411,DEL02-AL,Risco Alto,Baixa
quarta-feira,BR-364,709.0,Plena Noite,Decrescente,Nublado,Dupla,Reta,-8.789642,-63.85132,DEL01-RO,Risco Baixo,Alta
sábado,BR-381,509.2,Plena Noite,Decrescente,Chuva,Dupla,Curva,-20.04998,-44.27821,DEL01-MG,Risco Baixo,Alta
sábado,BR-364,645.0,Pleno dia,Decrescente,Nublado,Simples,Reta,-8.790083,-63.85529,DEL01-RO,Risco Médio,Alta
sexta-feira,BR-290,146.9,Plena Noite,Decrescente,Nublado,Simples,Não Informado,-30.10419,-51.66626,DEL02-RS,Risco Médio,Baixa
domingo,BR-101,96.0,Plena Noite,Decrescente,Céu Claro,Simples,Reta,-18.94725,-39.97973,DEL04-ES,Risco Médio,Alta
segunda-feira,BR-262,2.2,Pleno dia,Decrescente,Sol,Dupla,Reta,-20.33276,-40.36078,DEL01-ES,Risco Médio,Média
domingo,BR-364,277.6,Pleno dia,Crescente,Céu Claro,Dupla,Não Informado,-15.94853,-55.0044,DEL02-MT,Risco Médio,Alta
terça-feira,BR-101,148.0,Plena Noite,Crescente,Céu Claro,Dupla,Reta,-19.38471,-40.06733,DEL04-ES,Risco Baixo,Alta
terça-feira,BR-101,94.5,Pleno dia,Decrescente,Sol,Dupla,Reta,-5.831841,-35.21184,DEL01-RN,Risco Baixo,Alta
terça-feira,BR-50,54.8,Pleno dia,Decrescente,Céu Claro,Dupla,Curva,-18.7726,-48.24112,DEL15-MG,Risco Médio,Média
terça-feira,BR-376,616.0,Plena Noite,Decrescente,Céu Claro,Dupla,Reta,-25.57584,-49.17954,DEL01-PR,Risco Médio,Baixa
domingo,BR-116,512.6,Pleno dia,Decrescente,Céu Claro,Dupla,Reta,-31.61517,-52.31346,DEL07-RS,Risco Médio,Alta
domingo,BR-381,939.8,Plena Noite,Crescente,Céu Claro,Dupla,Reta,-22.84701,-46.33321,DEL16-MG,Risco Alto,Alta
domingo,BR-10,253.0,Pleno dia,Decrescente,Céu Claro,Dupla,Reta,-5.526911,-47.47145,DEL04-MA,Risco Baixo,Baixa
sábado,BR-101,33.0,Plena Noite,Decrescente,Nublado,Dupla,Reta,-6.776278,-35.1335,DEL01-PB,Risco Médio,Alta
segunda-feira,BR-153,500.7,Plena Noite,Decrescente,Céu Claro,Simples,Viaduto,-16.70958,-49.23098,DEL01-GO,Risco Médio,Alta
quinta-feira,BR-116,415.5,Pleno dia,Crescente,Nublado,Simples,Retorno Regulamentado,-18.88419,-41.94856,DEL06-MG,Risco Baixo,Alta
quinta-feira,BR-386,12.4,Pleno dia,Crescente,Céu Claro,Simples,Curva,-27.22357,-53.32528,DEL08-RS,Risco Baixo,Média
domingo,BR-163,93.0,Pleno dia,Crescente,Céu Claro,Simples,Curva,-25.64699,-53.80315,DEL02-PR,Risco Alto,Alta
domingo,BR-10,326.0,Plena Noite,Crescente,Céu Claro,Simples,Reta,-1.574527,-47.50467,DEL01-PA,Risco Alto,Baixa
quinta-feira,BR-163,595.0,Pleno dia,Decrescente,Céu Claro,Dupla,Reta,-19.53794,-54.44797,DEL06-MS,Risco Baixo,Alta
domingo,BR-365,704.0,Plena Noite,Crescente,Céu Claro,Dupla,Reta,-18.8818,-49.0189,DEL15-MG,Risco Médio,Média
quarta-feira,BR-70,11.6,Pleno dia,Crescente,Céu Claro,Dupla,Não Informado,-15.78976,-48.14873,DEL01-DF,Risco Médio,Baixa
terça-feira,BR-101,67.0,Anoitecer,Decrescente,Céu Claro,Simples,Interseção de vias,-18.72054,-39.86589,DEL04-ES,Risco Médio,Alta
quarta-feira,BR-230,16.0,Anoitecer,Decrescente,Céu Claro,Dupla,Reta,-7.1039,-34.8458,DEL01-PB,Risco Baixo,Baixa
terça-feira,BR-135,577.0,Pleno dia,Decrescente,Chuva,Simples,Não Informado,-10.32417,-45.17096,DEL03-PI,Risco Médio,Baixa
quinta-feira,BR-259,89.0,Plena Noite,Crescente,Céu Claro,Simples,Não Informado,-19.51969,-40.9076,DEL02-ES,Risco Médio,Baixa
terça-feira,BR-262,3.0,Pleno dia,Crescente,Céu Claro,Dupla,Reta,-20.33374,-40.36911,DEL01-ES,Risco Médio,Média
segunda-feira,BR-116,301.0,Plena Noite,Decrescente,Nublado,Dupla,Reta,-22.45294,-44.36237,DEL07-RJ,Risco Baixo,Alta
terça-feira,BR-324,619.9,Pleno dia,Crescente,Nublado,Múltipla,Não Informado,-12.91278,-38.45989,DEL01-BA,Risco Médio,Baixa
domingo,BR-381,498.0,Pleno dia,Decrescente,Céu Claro,Dupla,Reta,-20.01173,-44.21976,DEL01-MG,Risco Médio,Alta
domingo,BR-101,73.0,Pleno dia,Decrescente,Céu Claro,Dupla,Curva,-8.10267,-34.94832,DEL01-PE,Risco Médio,Alta
segunda-feira,BR-324,619.0,Pleno dia,Crescente,Céu Claro,Dupla,Reta,-12.84665,-38.41742,DEL01-BA,Risco Médio,Baixa
domingo,BR-40,516.0,Amanhecer,Crescente,Céu Claro,Dupla,Reta,-19.81629,-44.0896,DEL01-MG,Risco Médio,Alta
quinta-feira,BR-116,290.0,Pleno dia,Decrescente,Céu Claro,Simples,Curva,-22.47547,-44.26675,DEL07-RJ,Risco Médio,Alta
quarta-feira,BR-153,69.1,Plena Noite,Crescente,Chuva,Simples,Não Informado,-23.51658,-50.11471,DEL07-PR,Risco Alto,Alta
terça-feira,BR-381,525.5,Plena Noite,Crescente,Céu Claro,Dupla,Curva,-20.1511,-44.3256,DEL04-MG,Risco Baixo,Alta
sábado,BR-277,654.8,Pleno dia,Decrescente,Céu Claro,Simples,Curva,-25.25339,-53.98613,DEL05-PR,Risco Médio,Média
domingo,BR-364,3.0,Plena Noite,Decrescente,Nublado,Simples,Curva,-20.14814,-48.68849,DEL13-MG,Risco Médio,Alta
terça-feira,BR-230,121.6,Pleno dia,Crescente,Sol,Dupla,Ponte,-5.357281,-49.12331,DEL03-PA,Risco Baixo,Baixa
domingo,BR-101,137.0,Pleno dia,Decrescente,Sol,Dupla,Reta,-27.01572,-48.61193,DEL04-SC,Risco Baixo,Alta
domingo,BR-101,92.1,Anoitecer,Decrescente,Nublado,Dupla,Reta,-10.90169,-37.13619,DEL01-SE,Risco Médio,Alta
sábado,BR-262,14.9,Plena Noite,Crescente,Garoa/Chuvisco,Simples,Reta,-20.24786,-41.83754,DEL06-MG,Risco Médio,Média
quinta-feira,BR-470,141.9,Pleno dia,Crescente,Céu Claro,Simples,Reta,-27.22606,-49.66616,DEL04-SC,Risco Médio,Baixa
domingo,BR-470,62.0,Plena Noite,Decrescente,Nublado,Dupla,Reta,-26.87452,-49.18294,DEL04-SC,Risco Médio,Baixa
terça-feira,BR-381,649.2,Plena Noite,Crescente,Céu Claro,Dupla,Reta,-20.95533,-44.90685,DEL04-MG,Risco Médio,Alta
quarta-feira,BR-285,348.2,Plena Noite,Decrescente,Céu Claro,Simples,Reta,-28.3326,-52.86647,DEL08-RS,Risco Médio,Baixa
terça-feira,BR-153,443.5,Plena Noite,Crescente,Céu Claro,Dupla,Desvio Temporário,-16.34673,-48.92613,DEL02-GO,Risco Médio,Alta
domingo,BR-40,87.0,Plena Noite,Crescente,Nublado,Simples,Curva,-22.54414,-43.23288,DEL06-RJ,Risco Baixo,Alta
segunda-feira,BR-376,186.0,Pleno dia,Crescente,Nublado,Dupla,Reta,-23.44656,-51.86217,DEL07-PR,Risco Médio,Baixa
quinta-feira,BR-407,116.9,Plena Noite,Crescente,Nublado,Simples,Reta,-9.30684,-40.57793,DEL06-PE,Risco Médio,Baixa
sábado,BR-369,153.8,Plena Noite,Crescente,Garoa/Chuvisco,Dupla,Retorno Regulamentado,-23.29786,-51.19641,DEL07-PR,Risco Médio,Baixa
domingo,BR-356,49.0,Amanhecer,Crescente,Céu Claro,Simples,Curva,-21.25537,-41.77735,DEL08-RJ,Risco Médio,Baixa
domingo,BR-381,746.1,Pleno dia,Crescente,Chuva,Dupla,Não Informado,-21.6434,-45.29047,DEL16-MG,Risco Médio,Alta
terça-feira,BR-381,483.5,Plena Noite,Crescente,Céu Claro,Dupla,Curva,-19.95951,-44.089,DEL01-MG,Risco Médio,Alta
quarta-feira,BR-316,86.0,Plena Noite,Decrescente,Céu Claro,Simples,Curva,-5.776299,-42.58552,DEL04-PI,Risco Médio,Baixa
sábado,BR-230,13.0,Plena Noite,Decrescente,Céu Claro,Dupla,Reta,-7.081824,-34.84891,DEL01-PB,Risco Médio,Baixa
domingo,BR-232,16.3,Anoitecer,Crescente,Céu Claro,Dupla,Reta,-8.094206,-35.03734,DEL01-PE,Risco Médio,Baixa
quarta-feira,BR-116,168.0,Pleno dia,Decrescente,Céu Claro,Dupla,Reta,-22.81997,-43.315,DEL01-RJ,Risco Médio,Alta
domingo,BR-364,515.0,Pleno dia,Crescente,Céu Claro,Simples,Reta,-10.29871,-63.32108,DEL03-RO,Risco Médio,Alta
sexta-feira,BR-232,508.0,Plena Noite,Decrescente,Céu Claro,Simples,Reta,-8.062233,-39.12095,DEL05-PE,Risco Médio,Baixa
quinta-feira,BR-10,259.0,Pleno dia,Decrescente,Céu Claro,Simples,Interseção de vias,-5.472474,-47.47222,DEL04-MA,Risco Médio,Baixa
quinta-feira,BR-285,55.5,Pleno dia,Crescente,Céu Claro,Simples,Reta,-28.64957,-50.37412,DEL05-RS,Risco Alto,Baixa
segunda-feira,BR-369,164.5,Plena Noite,Decrescente,Nublado,Dupla,Não Informado,-23.2954,-51.28939,DEL07-PR,Risco Médio,Baixa
domingo,BR-40,576.1,Pleno dia,Decrescente,Céu Claro,Simples,Reta,-20.26955,-43.95415,DEL01-MG,Risco Alto,Alta
quinta-feira,BR-116,414.0,Plena Noite,Crescente,Céu Claro,Dupla,Reta,-24.3214,-47.6373,DEL05-SP,Risco Baixo,Alta
sábado,BR-282,137.2,Pleno dia,Decrescente,Céu Claro,Simples,Não Informado,-27.82283,-49.5695,DEL05-SC,Risco Médio,Baixa
sexta-feira,BR-116,251.6,Plena Noite,Decrescente,Céu Claro,Simples,Reta,-22.58482,-43.95962,DEL07-RJ,Risco Alto,Alta
terça-feira,BR-116,424.0,Pleno dia,Crescente,Nublado,Simples,Reta,-12.23895,-38.98163,DEL02-BA,Risco Médio,Alta
sábado,BR-414,437.0,Plena Noite,Decrescente,Céu Claro,Simples,Reta,-16.25565,-48.93624,DEL02-GO,Risco Médio,Baixa
domingo,BR-304,93.0,Pleno dia,Decrescente,Céu Claro,Simples,Reta,-4.820711,-37.48542,DEL03-CE,Risco Médio,Baixa
domingo,BR-101,143.0,Plena Noite,Decrescente,Céu Claro,Dupla,Desvio Temporário,-19.34114,-40.06441,DEL04-ES,Risco Médio,Alta
quinta-feira,BR-153,80.4,Anoitecer,Crescente,Chuva,Simples,Não Informado,-27.11752,-51.91481,DEL07-SC,Risco Médio,Alta
quarta-feira,BR-364,382.1,Anoitecer,Crescente,Céu Claro,Simples,Reta,-17.34263,-53.17389,DEL05-GO,Risco Alto,Alta
sexta-feira,BR-40,17.5,Amanhecer,Crescente,Céu Claro,Dupla,Não Informado,-16.18487,-47.92864,DEL01-DF,Risco Médio,Alta
sábado,BR-40,5.4,Pleno dia,Crescente,Céu Claro,Dupla,Reta,-16.09313,-47.98224,DEL01-DF,Risco Médio,Alta
quinta-feira,BR-116,164.0,Pleno dia,Crescente,Chuva,Simples,Curva,-29.26345,-51.16114,DEL05-RS,Risco Médio,Alta
quarta-feira,BR-364,705.0,Pleno dia,Crescente,Céu Claro,Dupla,Reta,-8.8004,-63.814,DEL01-RO,Risco Baixo,Alta
terça-feira,BR-369,507.0,Pleno dia,Crescente,Chuva,Simples,Reta,-24.8386,-53.3091,DEL04-PR,Risco Médio,Baixa
sexta-feira,BR-364,6.0,Pleno dia,Crescente,Céu Claro,Dupla,Curva,-19.0141,-50.54209,DEL05-GO,Risco Baixo,Alta
quarta-feira,BR-324,619.0,Plena Noite,Decrescente,Céu Claro,Dupla,Reta,-12.89821,-38.45012,DEL01-BA,Risco Médio,Baixa
domingo,BR-470,52.0,Pleno dia,Decrescente,Nublado,Simples,Reta,-26.86038,-49.07928,DEL04-SC,Risco Médio,Baixa
terça-feira,BR-101,125.3,Pleno dia,Crescente,Céu Claro,Simples,Reta,-19.18496,-40.0943,DEL04-ES,Risco Médio,Alta
sábado,BR-232,415.2,Pleno dia,Crescente,Céu Claro,Simples,Reta,-7.988996,-38.33054,DEL04-PE,Risco Médio,Baixa
quinta-feira,BR-101,115.5,Pleno dia,Crescente,Céu Claro,Simples,Reta,-9.628554,-36.03072,DEL02-AL,Risco Baixo,Alta
sábado,BR-470,0.0,Pleno dia,Crescente,Céu Claro,Simples,Reta,-26.91987,-48.9592,DEL04-SC,Risco Médio,Baixa
sexta-feira,BR-101,68.0,Pleno dia,Decrescente,Nublado,Simples,Reta,-21.77187,-41.35705,DEL08-RJ,Risco Médio,Alta
segunda-feira,BR-448,20.0,Plena Noite,Decrescente,Chuva,Múltipla,Reta,-29.96921,-51.18032,DEL01-RS,Risco Médio,Baixa
domingo,BR-262,800.0,Pleno dia,Crescente,Céu Claro,Dupla,Não Informado,-19.77913,-47.94579,DEL13-MG,Risco Médio,Média
domingo,BR-381,508.5,Plena Noite,Decrescente,Céu Claro,Dupla,Reta,-20.05805,-44.28845,DEL01-MG,Risco Médio,Alta
domingo,BR-230,121.0,Plena Noite,Crescente,Céu Claro,Múltipla,Reta,-7.2452,-35.649,DEL02-PB,Risco Médio,Baixa
sábado,BR-463,0.6,Anoitecer,Crescente,Céu Claro,Simples,Desvio Temporário,-22.25897,-54.80774,DEL04-MS,Risco Médio,Baixa
sábado,BR-101,97.3,Plena Noite,Crescente,Céu Claro,Dupla,Reta,-26.72824,-48.70225,DEL03-SC,Risco Médio,Alta
sexta-feira,BR-376,667.0,Plena Noite,Crescente,Garoa/Chuvisco,Múltipla,Não Informado,-25.8658,-48.9427,DEL01-PR,Risco Baixo,Baixa
sábado,BR-116,404.0,Plena Noite,Crescente,Nublado,Dupla,Reta,-24.32148,-47.53767,DEL04-SP,Risco Baixo,Alta
segunda-feira,BR-101,795.5,Amanhecer,Crescente,Ignorado,Simples,Curva,-16.9188,-39.5356,DEL09-BA,Risco Médio,Alta
sexta-feira,BR-101,212.7,Pleno dia,Decrescente,Garoa/Chuvisco,Dupla,Reta,-27.63697,-48.66514,DEL01-SC,Risco Médio,Alta
terça-feira,BR-381,706.0,Pleno dia,Decrescente,Nublado,Dupla,Curva,-21.35646,-45.18478,DEL04-MG,Risco Médio,Alta
quarta-feira,BR-135,335.2,Pleno dia,Decrescente,Céu Claro,Simples,Não Informado,-8.972399,-44.27116,DEL03-PI,Risco Baixo,Baixa
sábado,BR-476,192.1,Plena Noite,Crescente,Chuva,Simples,Não Informado,-25.7293,-49.70125,DEL01-PR,Risco Médio,Baixa
sexta-feira,BR-20,13.0,Anoitecer,Crescente,Nublado,Dupla,Reta,-15.63875,-47.7496,DEL02-DF,Risco Baixo,Baixa
domingo,BR-101,5.0,Plena Noite,Crescente,Nublado,Simples,Curva,-21.25738,-41.32576,DEL08-RJ,Risco Baixo,Alta
segunda-feira,BR-101,90.0,Pleno dia,Decrescente,Céu Claro,Dupla,Reta,-8.227998,-34.99501,DEL01-PE,Risco Médio,Alta
quarta-feira,BR-393,281.0,Pleno dia,Crescente,Sol,Simples,Ponte,-22.47853,-44.06323,DEL05-RJ,Risco Baixo,Média
quinta-feira,BR-101,148.0,Pleno dia,Crescente,Céu Claro,Simples,Reta,-19.38787,-40.06753,DEL04-ES,Risco Médio,Alta
quinta-feira,BR-116,179.0,Pleno dia,Decrescente,Céu Claro,Simples,Não Informado,-27.26275,-50.4446,DEL05-SC,Risco Baixo,Alta
terça-feira,BR-163,195.1,Anoitecer,Crescente,Céu Claro,Dupla,Reta,-25.04757,-53.55674,DEL04-PR,Risco Médio,Alta
sexta-feira,BR-488,3.0,Anoitecer,Crescente,Chuva,Dupla,Reta,-22.85506,-45.24342,DEL08-SP,Risco Médio,Baixa
terça-feira,BR-101,98.2,Plena Noite,Decrescente,Garoa/Chuvisco,Dupla,Reta,-5.86632,-35.21702,DEL01-RN,Risco Médio,Alta
quinta-feira,BR-277,592.9,Pleno dia,Crescente,Sol,Simples,Reta,-24.9563,-53.45573,DEL04-PR,Risco Baixo,Média
sexta-feira,BR-101,112.4,Pleno dia,Crescente,Sol,Múltipla,Reta,-26.85691,-48.7276,DEL04-SC,Risco Médio,Alta
sexta-feira,BR-40,630.0,Plena Noite,Crescente,Céu Claro,Simples,Reta,-20.65824,-43.80259,DEL05-MG,Risco Médio,Alta
quinta-feira,BR-319,64.0,Amanhecer,Decrescente,Céu Claro,Múltipla,Não Informado,-8.766088,-63.88416,DEL01-RO,Risco Médio,Baixa
sexta-feira,BR-101,100.1,Pleno dia,Crescente,Nublado,Simples,Reta,-8.28703,-35.03905,DEL01-PE,Risco Médio,Alta
sexta-feira,BR-381,378.0,Pleno dia,Decrescente,Chuva,Simples,Curva,-19.8414,-43.31572,DEL01-MG,Risco Alto,Alta
quarta-feira,BR-60,203.0,Pleno dia,Crescente,Céu Claro,Dupla,Desvio Temporário,-16.8931,-49.6321,DEL01-GO,Risco Médio,Média
segunda-feira,BR-277,601.4,Pleno dia,Crescente,Céu Claro,Dupla,Reta,-25.01834,-53.54357,DEL04-PR,Risco Médio,Média
quarta-feira,BR-282,461.1,Plena Noite,Crescente,Céu Claro,Simples,Reta,-26.87477,-52.01756,DEL07-SC,Risco Médio,Baixa
quarta-feira,BR-153,134.7,Pleno dia,Crescente,Céu Claro,Dupla,Não Informado,-19.51732,-48.83715,DEL15-MG,Risco Médio,Alta
sexta-feira,BR-163,86.8,Pleno dia,Decrescente,Céu Claro,Simples,Reta,-25.71619,-53.77785,DEL02-PR,Risco Médio,Alta
quarta-feira,BR-101,258.1,Pleno dia,Decrescente,Céu Claro,Dupla,Não Informado,-20.13179,-40.29495,DEL02-ES,Risco Médio,Alta
domingo,BR-116,254.1,Pleno dia,Decrescente,Nublado,Múltipla,Reta,-29.82341,-51.17154,DEL01-RS,Risco Médio,Alta
segunda-feira,BR-470,57.3,Pleno dia,Crescente,Chuva,Simples,Reta,-26.88043,-49.13653,DEL04-SC,Risco Médio,Baixa
domingo,BR-222,237.0,Plena Noite,Crescente,Céu Claro,Simples,Reta,-5.282033,-49.07363,DEL03-PA,Risco Médio,Baixa
terça-feira,BR-262,811.0,Pleno dia,Decrescente,Céu Claro,Simples,Reta,-19.76528,-48.11639,DEL13-MG,Risco Médio,Média
quinta-feira,BR-101,321.0,Pleno dia,Decrescente,Chuva,Dupla,Curva,-22.86981,-43.11046,DEL02-RJ,Risco Baixo,Alta
quinta-feira,BR-381,704.6,Pleno dia,Decrescente,Garoa/Chuvisco,Dupla,Curva,-21.3156,-45.1672,DEL04-MG,Risco Médio,Alta
sábado,BR-376,174.8,Pleno dia,Decrescente,Céu Claro,Dupla,Não Informado,-23.4154,-51.95323,DEL07-PR,Risco Médio,Baixa
segunda-feira,BR-40,523.0,Pleno dia,Crescente,Céu Claro,Dupla,Reta,-19.86875,-44.05962,DEL01-MG,Risco Médio,Alta
sábado,BR-153,156.4,Pleno dia,Crescente,Céu Claro,Simples,Reta,-21.47208,-49.78201,DEL07-SP,Risco Médio,Alta
domingo,BR-369,174.9,Plena Noite,Decrescente,Céu Claro,Simples,Reta,-23.32157,-51.38276,DEL07-PR,Risco Médio,Baixa
domingo,BR-101,98.5,Plena Noite,Crescente,Nublado,Dupla,Reta,-26.74243,-48.6981,DEL03-SC,Risco Baixo,Alta
segunda-feira,BR-163,704.0,Plena Noite,Decrescente,Céu Claro,Simples,Reta,-13.00214,-55.88697,DEL06-MT,Risco Baixo,Alta
sábado,BR-116,361.0,Amanhecer,Decrescente,Garoa/Chuvisco,Dupla,Não Informado,-24.11887,-47.26595,DEL04-SP,Risco Médio,Alta
sexta-feira,BR-316,19.0,Pleno dia,Crescente,Céu Claro,Simples,Reta,-5.251331,-42.73007,DEL01-PI,Risco Médio,Baixa
quinta-feira,BR-101,44.0,Pleno dia,Decrescente,Céu Claro,Simples,Reta,-21.58105,-41.32049,DEL08-RJ,Risco Médio,Alta
quinta-feira,BR-163,650.0,Pleno dia,Decrescente,Céu Claro,Dupla,Reta,-19.16069,-54.76002,DEL06-MS,Risco Médio,Alta
quinta-feira,BR-101,52.0,Plena Noite,Decrescente,Chuva,Dupla,Reta,-26.4036,-48.8392,DEL03-SC,Risco Baixo,Alta
sexta-feira,BR-364,12.0,Pleno dia,Crescente,Céu Claro,Dupla,Reta,-12.7437,-60.12148,DEL04-RO,Risco Baixo,Alta
domingo,BR-40,114.0,Plena Noite,Decrescente,Chuva,Múltipla,Reta,-22.71854,-43.28993,DEL01-RJ,Risco Médio,Alta
sábado,BR-277,124.4,Plena Noite,Crescente,Chuva,Dupla,Curva,-25.58437,-49.63598,DEL01-PR,Risco Alto,Média
sábado,BR-116,412.0,Plena Noite,Crescente,Céu Claro,Simples,Reta,-18.82513,-41.98652,DEL06-MG,Risco Baixo,Alta
sábado,BR-116,115.0,Pleno dia,Crescente,Céu Claro,Dupla,Reta,-25.42895,-49.26714,DEL01-PR,Risco Médio,Alta
sábado,BR-60,17.0,Pleno dia,Crescente,Chuva,Dupla,Não Informado,-15.96048,-48.17803,DEL01-DF,Risco Médio,Média
segunda-feira,BR-153,364.0,Pleno dia,Crescente,Céu Claro,Simples,Interseção de vias,-25.67504,-50.7509,DEL08-PR,Risco Médio,Alta
quinta-feira,BR-116,25.9,Amanhecer,Crescente,Chuva,Dupla,Desvio Temporário,-22.60593,-44.89504,DEL08-SP,Risco Baixo,Alta
quinta-feira,BR-116,211.0,Plena Noite,Decrescente,Nublado,Múltipla,Não Informado,-23.434,-46.423,DEL01-SP,Risco Médio,Alta
sexta-feira,BR-116,259.0,Pleno dia,Crescente,Céu Claro,Simples,Desvio Temporário,-22.58205,-44.03113,DEL07-RJ,Risco Médio,Alta
sexta-feira,BR-364,339.0,Amanhecer,Crescente,Céu Claro,Múltipla,Reta,-10.90782,-61.93017,DEL02-RO,Risco Médio,Alta
quinta-feira,BR-135,307.0,Plena Noite,Decrescente,Céu Claro,Simples,Não Informado,-8.754728,-44.15935,DEL03-PI,Risco Médio,Baixa
sábado,BR-364,514.0,Pleno dia,Crescente,Céu Claro,Simples,Reta,-9.933984,-63.05523,DEL03-RO,Risco Médio,Alta
domingo,BR-116,613.6,Plena Noite,Crescente,Chuva,Simples,Reta,-32.25819,-53.08396,DEL07-RS,Risco Baixo,Alta
sábado,BR-470,236.0,Pleno dia,Decrescente,Nublado,Simples,Reta,-27.30307,-50.44749,DEL05-SC,Risco Médio,Baixa
sexta-feira,BR-163,783.0,Anoitecer,Crescente,Chuva,Simples,Reta,-18.0817,-54.6932,DEL06-MS,Risco Baixo,Alta
terça-feira,BR-280,54.2,Pleno dia,Crescente,Chuva,Simples,Reta,-26.4754,-48.98375,DEL03-SC,Risco Médio,Baixa
sábado,BR-101,42.4,Plena Noite,Crescente,Nublado,Múltipla,Reta,-7.830383,-34.91427,DEL01-PE,Risco Médio,Alta
domingo,BR-381,69.0,Pleno dia,Crescente,Garoa/Chuvisco,Dupla,Curva,-23.34553,-46.56788,DEL03-SP,Risco Baixo,Alta