dia_semana,br,km,fase_dia,sentido_via,condicao_metereologica,tipo_pista,tracado_via,latitude,longitude,delegacia,classificacao_acidente,postos_policiais_PRF
terça-feira,BR-381,757.8,Anoitecer,Decrescente,Nublado,Dupla,Reta,-21.6869,-45.3464,DEL16-MG,Risco Médio,Alta
quinta-feira,BR-40,528.8,Plena Noite,Decrescente,Céu Claro,Dupla,Não Informado,-19.91559,-44.03984,DEL01-MG,Risco Médio,Alta
sexta-feira,BR-101,50.1,Pleno dia,Decrescente,Céu Claro,Simples,Reta,-23.45325,-45.07438,DEL06-SP,Risco Médio,Alta
quarta-feira,BR-101,301.8,Pleno dia,Crescente,Sol,Dupla,Reta,-28.34625,-48.73549,DEL02-SC,Risco Médio,Alta
quarta-feira,BR-50,278.7,Plena Noite,Crescente,Céu Claro,Simples,Interseção de vias,-18.17261,-47.92623,DEL06-GO,Risco Baixo,Média
quinta-feira,BR-101,229.9,Pleno dia,Decrescente,Sol,Simples,Não Informado,-19.93558,-40.40603,DEL02-ES,Risco Médio,Alta
segunda-feira,BR-242,220.0,Plena Noite,Crescente,Céu Claro,Simples,Reta,-12.52109,-40.23315,DEL06-BA,Risco Médio,Baixa
sábado,BR-101,120.0,Pleno dia,Decrescente,Sol,Múltipla,Reta,-26.9211,-48.7084,DEL04-SC,Risco Médio,Alta
sexta-feira,BR-304,256.0,Pleno dia,Decrescente,Céu Claro,Simples,Reta,-5.840245,-35.69945,DEL01-RN,Risco Médio,Baixa
quinta-feira,BR-153,224.4,Anoitecer,Crescente,Céu Claro,Simples,Reta,-22.03197,-49.90532,DEL07-SP,Risco Baixo,Alta
sábado,BR-293,348.0,Pleno dia,Crescente,Vento,Simples,Reta,-30.85488,-55.5431,DEL11-RS,Risco Médio,Baixa
quinta-feira,BR-304,283.0,Plena Noite,Decrescente,Céu Claro,Simples,Reta,-5.881783,-35.4637,DEL01-RN,Risco Médio,Baixa
sábado,BR-282,17.0,Plena Noite,Crescente,Nublado,Simples,Reta,-27.66571,-48.68807,DEL01-SC,Risco Alto,Baixa
quarta-feira,BR-163,845.0,Pleno dia,Decrescente,Céu Claro,Simples,Reta,-11.89878,-55.50501,DEL06-MT,Risco Médio,Alta
quarta-feira,BR-101,114.1,Pleno dia,Decrescente,Céu Claro,Múltipla,Reta,-26.86994,-48.72923,DEL04-SC,Risco Médio,Alta
domingo,BR-101,353.0,Pleno dia,Decrescente,Céu Claro,Simples,Curva,-13.6408,-39.4875,DEL05-BA,Risco Médio,Alta
sábado,BR-116,28.1,Pleno dia,Decrescente,Chuva,Dupla,Não Informado,-25.07409,-48.75355,DEL01-PR,Risco Baixo,Alta
sábado,BR-40,6.0,Plena Noite,Crescente,Céu Claro,Dupla,Reta,-16.02974,-47.97887,DEL01-DF,Risco Médio,Alta
sexta-feira,BR-364,424.0,Pleno dia,Crescente,Céu Claro,Simples,Não Informado,-10.44457,-62.46568,DEL03-RO,Risco Baixo,Alta
segunda-feira,BR-290,101.0,Pleno dia,Decrescente,Céu Claro,Dupla,Reta,-29.98578,-51.2462,DEL01-RS,Risco Médio,Baixa
sexta-feira,BR-282,505.7,Pleno dia,Crescente,Sol,Dupla,Reta,-26.88588,-52.41876,DEL07-SC,Risco Médio,Baixa
domingo,BR-369,421.7,Plena Noite,Crescente,Céu Claro,Simples,Curva,-24.39815,-52.80895,DEL09-PR,Risco Médio,Baixa
domingo,BR-381,433.5,Plena Noite,Crescente,Céu Claro,Simples,Curva,-19.78633,-43.71614,DEL01-MG,Risco Médio,Alta
segunda-feira,BR-116,556.0,Pleno dia,Decrescente,Nublado,Simples,Reta,-12.91848,-39.87282,DEL03-BA,Risco Médio,Alta
sexta-feira,BR-222,201.9,Plena Noite,Crescente,Céu Claro,Simples,Curva,-3.794218,-40.2184,DEL04-CE,Risco Médio,Baixa
quarta-feira,BR-40,5.5,Pleno dia,Crescente,Céu Claro,Dupla,Reta,-16.09313,-47.98224,DEL01-DF,Risco Médio,Alta
terça-feira,BR-381,478.0,Pleno dia,Crescente,Nublado,Dupla,Não Informado,-19.95826,-44.05921,DEL01-MG,Risco Médio,Alta
sexta-feira,BR-386,23.6,Pleno dia,Decrescente,Céu Claro,Simples,Curva,-27.28099,-53.35166,DEL08-RS,Risco Médio,Média
sexta-feira,BR-262,382.0,Pleno dia,Crescente,Céu Claro,Dupla,Curva,-19.93705,-44.44699,DEL01-MG,Risco Baixo,Média
segunda-feira,BR-232,536.0,Pleno dia,Crescente,Nublado,Simples,Reta,-8.0776,-39.3395,DEL05-PE,Risco Médio,Baixa
sexta-feira,BR-101,326.0,Pleno dia,Decrescente,Nublado,Dupla,Reta,-22.87206,-43.1461,DEL02-RJ,Risco Médio,Alta
sábado,BR-222,81.0,Pleno dia,Decrescente,Sol,Simples,Não Informado,-3.675722,-39.2683,DEL04-CE,Risco Médio,Baixa
sexta-feira,BR-158,153.9,Plena Noite,Crescente,Nublado,Dupla,Curva,-28.31003,-53.49241,DEL10-RS,Risco Médio,Baixa
sexta-feira,BR-101,134.0,Pleno dia,Decrescente,Nublado,Dupla,Reta,-22.13818,-41.71721,DEL08-RJ,Risco Médio,Alta
sábado,BR-280,279.1,Pleno dia,Crescente,Céu Claro,Simples,Curva,-26.24889,-53.21482,DEL02-PR,Risco Médio,Baixa
segunda-feira,BR-101,156.6,Pleno dia,Decrescente,Sol,Simples,Reta,-19.45158,-40.09836,DEL04-ES,Risco Médio,Alta
sexta-feira,BR-470,60.1,Pleno dia,Decrescente,Céu Claro,Simples,Reta,-26.88138,-49.16454,DEL04-SC,Risco Médio,Baixa
quarta-feira,BR-232,118.4,Pleno dia,Crescente,Chuva,Dupla,Reta,-8.294316,-35.88437,DEL02-PE,Risco Médio,Baixa
quarta-feira,BR-101,81.5,Plena Noite,Crescente,Céu Claro,Simples,Reta,-7.125086,-34.94513,DEL01-PB,Risco Médio,Alta
quarta-feira,BR-163,724.0,Pleno dia,Crescente,Céu Claro,Simples,Reta,-18.56047,-54.75518,DEL06-MS,Risco Médio,Alta
segunda-feira,BR-158,315.3,Amanhecer,Decrescente,Céu Claro,Múltipla,Não Informado,-29.65006,-53.75696,DEL09-RS,Risco Médio,Baixa
segunda-feira,BR-101,127.0,Pleno dia,Decrescente,Chuva,Simples,Curva,-9.757149,-36.06971,DEL02-AL,Risco Médio,Alta
sexta-feira,BR-343,343.5,Plena Noite,Decrescente,Céu Claro,Simples,Não Informado,-5.087362,-42.75785,DEL01-PI,Risco Baixo,Baixa
quarta-feira,BR-101,341.4,Pleno dia,Crescente,Céu Claro,Simples,Interseção de vias,-28.52752,-49.05585,DEL02-SC,Risco Médio,Alta
quarta-feira,BR-101,280.0,Plena Noite,Crescente,Céu Claro,Dupla,Reta,-22.7384,-42.77719,DEL02-RJ,Risco Médio,Alta
quarta-feira,BR-116,7.4,Plena Noite,Decrescente,Céu Claro,Dupla,Reta,-22.53626,-44.7667,DEL08-SP,Risco Baixo,Alta
segunda-feira,BR-153,504.0,Pleno dia,Decrescente,Céu Claro,Simples,Não Informado,-10.24938,-48.87854,DEL01-TO,Risco Médio,Alta
terça-feira,BR-242,257.0,Pleno dia,Decrescente,Céu Claro,Simples,Reta,-12.0,-40.0,DEL06-BA,Risco Médio,Baixa
sexta-feira,BR-262,453.8,Plena Noite,Crescente,Nublado,Simples,Interseção de vias,-19.85207,-45.05768,DEL08-MG,Risco Médio,Média
segunda-feira,BR-116,79.0,Amanhecer,Crescente,Nevoeiro/Neblina,Simples,Reta,-22.3817,-42.95478,DEL04-RJ,Risco Médio,Alta
domingo,BR-101,46.8,Plena Noite,Decrescente,Garoa/Chuvisco,Múltipla,Reta,-26.36525,-48.85854,DEL03-SC,Risco Médio,Alta
quinta-feira,BR-116,38.1,Pleno dia,Crescente,Nublado,Múltipla,Reta,-4.082445,-38.4987,DEL01-CE,Risco Baixo,Alta
sexta-feira,BR-60,274.0,Pleno dia,Decrescente,Céu Claro,Dupla,Reta,-17.21728,-50.17518,DEL01-GO,Risco Médio,Média
terça-feira,BR-20,196.8,Pleno dia,Crescente,Chuva,Simples,Reta,-14.34779,-46.43987,DEL02-DF,Risco Médio,Baixa
segunda-feira,BR-381,533.5,Pleno dia,Crescente,Garoa/Chuvisco,Dupla,Curva,-20.17393,-44.37572,DEL04-MG,Risco Baixo,Alta
quinta-feira,BR-50,138.0,Plena Noite,Crescente,Céu Claro,Dupla,Reta,-19.45923,-48.05873,DEL13-MG,Risco Baixo,Média
sexta-feira,BR-20,21.0,Plena Noite,Crescente,Céu Claro,Dupla,Reta,-15.60338,-47.68469,DEL02-DF,Risco Baixo,Baixa
quarta-feira,BR-153,499.5,Pleno dia,Decrescente,Céu Claro,Dupla,Reta,-16.7033,-49.2311,DEL01-GO,Risco Baixo,Alta
domingo,BR-376,218.5,Pleno dia,Decrescente,Céu Claro,Simples,Interseção de vias,-23.59855,-51.62785,DEL07-PR,Risco Médio,Baixa
terça-feira,BR-316,298.3,Pleno dia,Crescente,Céu Claro,Dupla,Reta,-3.887804,-45.16643,DEL02-MA,Risco Médio,Baixa
segunda-feira,BR-116,212.4,Pleno dia,Crescente,Nublado,Dupla,Reta,-23.4385,-46.43442,DEL01-SP,Risco Baixo,Alta
domingo,BR-153,139.0,Pleno dia,Decrescente,Chuva,Simples,Reta,-13.9842,-49.09059,DEL07-GO,Risco Médio,Alta
terça-feira,BR-101,14.8,Anoitecer,Crescente,Céu Claro,Dupla,Curva,-26.09804,-48.86774,DEL03-SC,Risco Médio,Alta
sábado,BR-381,822.0,Pleno dia,Crescente,Céu Claro,Dupla,Reta,-22.11701,-45.75397,DEL16-MG,Risco Médio,Alta
domingo,BR-428,187.9,Plena Noite,Decrescente,Céu Claro,Simples,Rotatória,-9.375074,-40.4886,DEL06-PE,Risco Médio,Baixa
quarta-feira,BR-381,491.9,Pleno dia,Crescente,Sol,Múltipla,Reta,-19.96092,-44.15947,DEL01-MG,Risco Médio,Alta
quinta-feira,BR-468,84.5,Pleno dia,Crescente,Céu Claro,Simples,Rotatória,-27.58706,-53.87049,DEL08-RS,Risco Médio,Baixa
domingo,BR-101,63.4,Plena Noite,Decrescente,Céu Claro,Múltipla,Reta,-8.013069,-34.93858,DEL01-PE,Risco Baixo,Alta
quarta-feira,BR-316,56.0,Plena Noite,Decrescente,Ignorado,Simples,Reta,-7.743809,-40.27876,DEL05-PE,Risco Alto,Baixa
sábado,BR-101,95.2,Anoitecer,Decrescente,Chuva,Dupla,Curva,-7.223794,-34.91488,DEL01-PB,Risco Baixo,Alta
segunda-feira,BR-251,504.8,Plena Noite,Crescente,Céu Claro,Simples,Curva,-16.61696,-43.67247,DEL12-MG,Risco Médio,Baixa
quarta-feira,BR-153,331.0,Pleno dia,Decrescente,Céu Claro,Dupla,Reta,-25.46305,-50.62307,DEL08-PR,Risco Médio,Alta
quinta-feira,BR-70,190.3,Pleno dia,Crescente,Céu Claro,Simples,Reta,-16.02977,-49.78041,DEL02-GO,Risco Alto,Baixa
quarta-feira,BR-153,507.0,Pleno dia,Crescente,Céu Claro,Simples,Reta,-10.26343,-48.88009,DEL01-TO,Risco Médio,Alta
sábado,BR-163,821.0,Amanhecer,Crescente,Céu Claro,Simples,Reta,-12.11241,-55.51673,DEL06-MT,Risco Médio,Alta
segunda-feira,BR-116,528.0,Pleno dia,Crescente,Sol,Simples,Reta,-19.79469,-42.13732,DEL06-MG,Risco Médio,Alta
quarta-feira,BR-101,215.8,Pleno dia,Crescente,Céu Claro,Dupla,Reta,-27.65845,-48.67714,DEL01-SC,Risco Baixo,Alta
quinta-feira,BR-251,474.1,Pleno dia,Crescente,Chuva,Simples,Curva,-16.4713,-43.45674,DEL12-MG,Risco Médio,Baixa
terça-feira,BR-476,147.0,Pleno dia,Decrescente,Céu Claro,Dupla,Reta,-25.55463,-49.33927,DEL01-PR,Risco Baixo,Baixa
quarta-feira,BR-282,486.6,Pleno dia,Crescente,Nevoeiro/Neblina,Simples,Reta,-26.85542,-52.25423,DEL07-SC,Risco Médio,Baixa
sábado,BR-116,150.0,Pleno dia,Crescente,Céu Claro,Dupla,Reta,-23.213,-45.8923,DEL02-SP,Risco Médio,Alta
terça-feira,BR-381,456.0,Pleno dia,Decrescente,Chuva,Dupla,Não Informado,-19.84507,-43.88658,DEL01-MG,Risco Médio,Alta
quarta-feira,BR-415,23.0,Pleno dia,Decrescente,Sol,Simples,Reta,-14.79305,-39.17353,DEL05-BA,Risco Médio,Baixa
sexta-feira,BR-116,115.9,Pleno dia,Crescente,Nublado,Simples,Reta,-16.56715,-41.505,DEL11-MG,Risco Médio,Alta
segunda-feira,BR-40,82.0,Pleno dia,Decrescente,Céu Claro,Simples,Reta,-22.53831,-43.22281,DEL06-RJ,Risco Médio,Alta
sábado,BR-277,518.2,Anoitecer,Crescente,Nublado,Simples,Interseção de vias,-25.11241,-52.83208,DEL04-PR,Risco Médio,Média
quarta-feira,BR-116,209.0,Pleno dia,Crescente,Céu Claro,Múltipla,Reta,-23.42474,-46.40155,DEL01-SP,Risco Médio,Alta
terça-feira,BR-386,419.6,Pleno dia,Decrescente,Sol,Dupla,Reta,-29.81764,-51.43282,DEL04-RS,Risco Médio,Média
quinta-feira,BR-316,303.0,Pleno dia,Decrescente,Céu Claro,Simples,Interseção de vias,-8.607351,-38.58095,DEL04-PE,Risco Médio,Baixa
quarta-feira,BR-116,422.8,Pleno dia,Crescente,Céu Claro,Simples,Não Informado,-6.775893,-38.77058,DEL05-CE,Risco Médio,Alta
domingo,BR-101,68.0,Plena Noite,Crescente,Nublado,Simples,Não Informado,-18.7266,-39.85975,DEL04-ES,Risco Médio,Alta
terça-feira,BR-116,153.7,Plena Noite,Decrescente,Céu Claro,Simples,Rotatória,-29.1884,-51.18247,DEL05-RS,Risco Baixo,Alta
sexta-feira,BR-242,730.0,Plena Noite,Crescente,Chuva,Simples,Reta,-12.20242,-44.47699,DEL10-BA,Risco Alto,Baixa
sexta-feira,BR-116,3.0,Pleno dia,Crescente,Céu Claro,Simples,Não Informado,-3.7874,-38.5109,DEL01-CE,Risco Médio,Alta
sexta-feira,BR-277,534.0,Pleno dia,Decrescente,Chuva,Simples,Reta,-25.10685,-53.01267,DEL04-PR,Risco Médio,Média
sexta-feira,BR-381,597.0,Pleno dia,Decrescente,Chuva,Dupla,Reta,-20.58794,-44.69564,DEL04-MG,Risco Baixo,Alta
terça-feira,BR-101,527.0,Pleno dia,Crescente,Garoa/Chuvisco,Simples,Curva,-23.01868,-44.49205,DEL03-RJ,Risco Baixo,Alta
sexta-feira,BR-70,516.0,Plena Noite,Crescente,Ignorado,Simples,Reta,-15.6478,-56.1332,DEL01-MT,Risco Médio,Baixa
terça-feira,BR-262,144.5,Anoitecer,Decrescente,Nublado,Simples,Desvio Temporário,-20.43959,-52.86506,DEL07-MS,Risco Baixo,Média
quinta-feira,BR-60,93.0,Pleno dia,Decrescente,Céu Claro,Dupla,Reta,-16.3538,-48.9268,DEL02-GO,Risco Médio,Média
quinta-feira,BR-116,467.0,Pleno dia,Crescente,Nublado,Simples,Não Informado,-19.29348,-42.07682,DEL06-MG,Risco Médio,Alta
quarta-feira,BR-101,68.0,Pleno dia,Decrescente,Sol,Simples,Reta,-8.050743,-34.94581,DEL01-PE,Risco Médio,Alta
quinta-feira,BR-476,122.0,Plena Noite,Decrescente,Nublado,Dupla,Reta,-25.38204,-49.20005,DEL01-PR,Risco Médio,Baixa
domingo,BR-393,178.0,Pleno dia,Decrescente,Céu Claro,Simples,Reta,-22.12634,-43.22812,DEL05-RJ,Risco Baixo,Média
sábado,BR-364,658.0,Pleno dia,Crescente,Céu Claro,Simples,Reta,-8.774475,-63.48567,DEL01-RO,Risco Baixo,Alta
terça-feira,BR-364,129.0,Plena Noite,Decrescente,Nublado,Simples,Curva,-10.02882,-67.82933,DEL01-AC,Risco Médio,Alta
terça-feira,BR-376,160.9,Anoitecer,Crescente,Céu Claro,Simples,Não Informado,-22.33443,-53.48355,DEL04-MS,Risco Alto,Baixa
quarta-feira,BR-153,502.1,Pleno dia,Decrescente,Sol,Dupla,Reta,-16.7287,-49.2424,DEL01-GO,Risco Médio,Alta
terça-feira,BR-60,232.1,Pleno dia,Decrescente,Nublado,Dupla,Não Informado,-17.06888,-49.80697,DEL01-GO,Risco Médio,Média
segunda-feira,BR-376,176.3,Pleno dia,Decrescente,Céu Claro,Dupla,Reta,-23.41107,-51.93651,DEL09-PR,Risco Médio,Baixa
domingo,BR-282,5.0,Plena Noite,Decrescente,Chuva,Simples,Não Informado,-27.58843,-48.61292,DEL01-SC,Risco Médio,Baixa
terça-feira,BR-101,202.4,Pleno dia,Crescente,Céu Claro,Dupla,Reta,-27.55987,-48.61746,DEL01-SC,Risco Médio,Alta
terça-feira,BR-415,32.0,Pleno dia,Crescente,Céu Claro,Simples,Reta,-14.8482,-39.28199,DEL05-BA,Risco Médio,Baixa
segunda-feira,BR-116,409.5,Plena Noite,Crescente,Nublado,Dupla,Não Informado,-18.85562,-41.97562,DEL06-MG,Risco Médio,Alta
sábado,BR-40,22.0,Anoitecer,Decrescente,Céu Claro,Dupla,Reta,-16.22748,-47.91411,DEL01-DF,Risco Baixo,Alta
domingo,BR-153,597.0,Pleno dia,Decrescente,Sol,Simples,Não Informado,-11.06936,-48.9153,DEL01-TO,Risco Alto,Alta
terça-feira,BR-116,287.0,Pleno dia,Decrescente,Céu Claro,Simples,Reta,-17.95192,-41.53354,DEL11-MG,Risco Médio,Alta
domingo,BR-10,178.0,Plena Noite,Decrescente,Nublado,Simples,Reta,-6.158751,-47.36765,DEL04-MA,Risco Alto,Baixa
domingo,BR-470,199.0,Amanhecer,Decrescente,Nublado,Simples,Curva,-29.06818,-51.5818,DEL06-RS,Risco Baixo,Baixa
sexta-feira,BR-40,716.1,Plena Noite,Decrescente,Céu Claro,Dupla,Curva,-21.25154,-43.66402,DEL05-MG,Risco Médio,Alta
sexta-feira,BR-230,36.0,Plena Noite,Crescente,Céu Claro,Dupla,Reta,-7.1246,-34.9473,DEL01-PB,Risco Baixo,Baixa
quinta-feira,BR-280,35.7,Plena Noite,Crescente,Céu Claro,Simples,Reta,-26.43972,-48.80726,DEL03-SC,Risco Médio,Baixa
terça-feira,BR-319,64.0,Pleno dia,Crescente,Céu Claro,Dupla,Reta,-8.763175,-63.88482,DEL01-RO,Risco Baixo,Baixa
terça-feira,BR-101,109.0,Pleno dia,Crescente,Céu Claro,Dupla,Não Informado,-5.937378,-35.26483,DEL01-RN,Risco Médio,Alta
terça-feira,BR-101,311.0,Pleno dia,Decrescente,Céu Claro,Dupla,Reta,-22.80062,-43.05319,DEL02-RJ,Risco Médio,Alta
sábado,BR-153,439.7,Plena Noite,Crescente,Céu Claro,Dupla,Não Informado,-16.29853,-48.92821,DEL02-GO,Risco Baixo,Alta
segunda-feira,BR-40,9.4,Amanhecer,Crescente,Céu Claro,Dupla,Reta,-16.13116,-47.95774,DEL01-DF,Risco Médio,Alta
sábado,BR-381,457.0,Amanhecer,Crescente,Céu Claro,Simples,Reta,-19.84006,-43.87622,DEL01-MG,Risco Médio,Alta
segunda-feira,BR-101,3.4,Pleno dia,Decrescente,Chuva,Dupla,Desvio Temporário,-26.00543,-48.86863,DEL03-SC,Risco Baixo,Alta
sábado,BR-428,158.1,Pleno dia,Crescente,Nublado,Simples,Reta,-9.1404,-40.35299,DEL06-PE,Risco Médio,Baixa
quinta-feira,BR-40,144.0,Pleno dia,Crescente,Céu Claro,Simples,Curva,-17.74968,-46.16993,DEL14-MG,Risco Médio,Alta
quinta-feira,BR-116,435.0,Pleno dia,Crescente,Nublado,Dupla,Reta,-24.42979,-47.78559,DEL05-SP,Risco Médio,Alta
quarta-feira,BR-230,140.0,Pleno dia,Crescente,Chuva,Dupla,Reta,-7.262068,-35.80486,DEL02-PB,Risco Médio,Baixa
quinta-feira,BR-101,309.4,Plena Noite,Crescente,Céu Claro,Dupla,Reta,-22.79499,-43.03446,DEL02-RJ,Risco Médio,Alta
domingo,BR-101,252.5,Plena Noite,Crescente,Céu Claro,Múltipla,Reta,-22.6851,-42.5377,DEL02-RJ,Risco Baixo,Alta
segunda-feira,BR-40,435.0,Pleno dia,Crescente,Céu Claro,Dupla,Reta,-19.2198,-44.45034,DEL02-MG,Risco Alto,Alta
sexta-feira,BR-101,205.2,Plena Noite,Decrescente,Nublado,Múltipla,Reta,-27.58364,-48.61537,DEL01-SC,Risco Baixo,Alta
quarta-feira,BR-101,415.0,Pleno dia,Crescente,Céu Claro,Simples,Rotatória,-28.95803,-49.51426,DEL02-SC,Risco Médio,Alta
terça-feira,BR-316,259.8,Pleno dia,Decrescente,Céu Claro,Simples,Curva,-3.662971,-45.40026,DEL02-MA,Risco Baixo,Baixa
quarta-feira,BR-232,16.0,Pleno dia,Decrescente,Céu Claro,Dupla,Reta,-8.094142,-35.03717,DEL01-PE,Risco Médio,Baixa
segunda-feira,BR-280,143.1,Pleno dia,Crescente,Céu Claro,Simples,Reta,-26.24765,-49.63189,DEL06-SC,Risco Baixo,Baixa
sexta-feira,BR-153,602.2,Pleno dia,Decrescente,Céu Claro,Dupla,Reta,-17.5635,-49.20093,DEL03-GO,Risco Médio,Alta
sábado,BR-116,130.4,Plena Noite,Crescente,Nublado,Dupla,Reta,-23.12486,-45.73131,DEL06-SP,Risco Baixo,Alta
sexta-feira,BR-153,660.2,Pleno dia,Decrescente,Céu Claro,Simples,Curva,-18.04806,-49.26783,DEL03-GO,Risco Médio,Alta
quarta-feira,BR-153,42.1,Plena Noite,Crescente,Céu Claro,Simples,Reta,-23.29512,-50.06578,DEL07-PR,Risco Médio,Alta
domingo,BR-277,671.0,Plena Noite,Crescente,Céu Claro,Dupla,Reta,-25.2849,-54.08745,DEL05-PR,Risco Baixo,Média
sábado,BR-381,493.5,Pleno dia,Crescente,Sol,Múltipla,Não Informado,-19.9648,-44.1733,DEL01-MG,Risco Baixo,Alta
quarta-feira,BR-70,9.8,Plena Noite,Decrescente,Chuva,Dupla,Reta,-15.73577,-48.28288,DEL01-DF,Risco Alto,Baixa
sexta-feira,BR-364,210.7,Pleno dia,Crescente,Céu Claro,Simples,Reta,-11.58573,-61.25984,DEL02-RO,Risco Médio,Alta
quarta-feira,BR-135,5.1,Pleno dia,Decrescente,Chuva,Dupla,Reta,-2.62282,-44.25871,DEL01-MA,Risco Médio,Baixa
terça-feira,BR-230,9.0,Plena Noite,Crescente,Nublado,Dupla,Reta,-7.0433,-34.8466,DEL01-PB,Risco Médio,Baixa
terça-feira,BR-153,328.0,Plena Noite,Crescente,Chuva,Simples,Reta,-25.44434,-50.61463,DEL03-PR,Risco Alto,Alta
sexta-feira,BR-287,326.0,Pleno dia,Crescente,Céu Claro,Simples,Não Informado,-29.71252,-53.8065,DEL09-RS,Risco Médio,Baixa
quarta-feira,BR-364,6.0,Pleno dia,Crescente,Céu Claro,Dupla,Reta,-19.0103,-50.5471,DEL05-GO,Risco Médio,Alta
domingo,BR-230,407.3,Plena Noite,Crescente,Céu Claro,Simples,Não Informado,-6.7733,-37.798,DEL03-PB,Risco Médio,Baixa
domingo,BR-470,134.0,Amanhecer,Crescente,Céu Claro,Simples,Reta,-27.17135,-49.57844,DEL04-SC,Risco Baixo,Baixa
quarta-feira,BR-262,785.0,Plena Noite,Decrescente,Céu Claro,Simples,Reta,-19.74446,-47.76041,DEL13-MG,Risco Médio,Média
terça-feira,BR-316,260.0,Pleno dia,Decrescente,Céu Claro,Simples,Reta,-3.663603,-45.387,DEL02-MA,Risco Médio,Baixa
quarta-feira,BR-101,49.5,Pleno dia,Decrescente,Céu Claro,Múltipla,Reta,-7.902472,-34.90251,DEL01-PE,Risco Baixo,Alta
quinta-feira,BR-40,515.0,Pleno dia,Crescente,Sol,Dupla,Reta,-19.819,-44.0869,DEL01-MG,Risco Médio,Alta
sábado,BR-470,160.7,Plena Noite,Crescente,Nevoeiro/Neblina,Simples,Curva,-27.28628,-49.79803,DEL04-SC,Risco Baixo,Baixa
quinta-feira,BR-101,432.2,Plena Noite,Decrescente,Céu Claro,Dupla,Reta,-29.07327,-49.62718,DEL02-SC,Risco Médio,Alta
domingo,BR-116,221.0,Plena Noite,Decrescente,Nublado,Múltipla,Reta,-23.46802,-46.50705,DEL01-SP,Risco Médio,Alta
sábado,BR-40,2.0,Pleno dia,Crescente,Céu Claro,Dupla,Reta,-16.06713,-47.98423,DEL01-DF,Risco Médio,Alta
terça-feira,BR-381,62.5,Plena Noite,Crescente,Céu Claro,Dupla,Curva,-23.29438,-46.57255,DEL03-SP,Risco Alto,Alta
sexta-feira,BR-324,273.0,Pleno dia,Crescente,Céu Claro,Simples,Curva,-11.13906,-40.59347,DEL04-BA,Risco Médio,Baixa
domingo,BR-101,84.0,Plena Noite,Decrescente,Chuva,Dupla,Reta,-5.774175,-35.2578,DEL02-RN,Risco Médio,Alta
sábado,BR-116,797.0,Pleno dia,Decrescente,Céu Claro,Simples,Reta,-14.73328,-40.64578,DEL08-BA,Risco Médio,Alta
domingo,BR-414,371.0,Plena Noite,Decrescente,Nublado,Dupla,Não Informado,-15.76598,-48.75888,DEL02-GO,Risco Médio,Baixa
terça-feira,BR-290,126.0,Pleno dia,Decrescente,Nublado,Simples,Reta,-30.05573,-51.46933,DEL02-RS,Risco Médio,Baixa
quarta-feira,BR-101,398.8,Plena Noite,Crescente,Céu Claro,Simples,Reta,-28.85306,-49.43792,DEL02-SC,Risco Médio,Alta
quinta-feira,BR-101,193.0,Plena Noite,Crescente,Céu Claro,Múltipla,Reta,-27.48957,-48.65591,DEL01-SC,Risco Médio,Alta
domingo,BR-101,87.0,Pleno dia,Crescente,Céu Claro,Dupla,Não Informado,-10.8745,-37.1341,DEL01-SE,Risco Médio,Alta
segunda-feira,BR-272,540.0,Plena Noite,Crescente,Céu Claro,Simples,Curva,-24.07549,-53.96573,DEL06-PR,Risco Baixo,Baixa
quinta-feira,BR-60,275.0,Plena Noite,Crescente,Céu Claro,Dupla,Reta,-17.215,-50.1678,DEL04-GO,Risco Alto,Média
domingo,BR-116,249.0,Plena Noite,Decrescente,Garoa/Chuvisco,Dupla,Curva,-29.78318,-51.16099,DEL01-RS,Risco Baixo,Alta
sábado,BR-101,272.0,Plena Noite,Crescente,Chuva,Dupla,Curva,-22.72936,-42.70113,DEL02-RJ,Risco Baixo,Alta
quarta-feira,BR-101,290.5,Plena Noite,Decrescente,Nublado,Dupla,Reta,-20.28928,-40.39182,DEL01-ES,Risco Médio,Alta
sábado,BR-364,322.0,Pleno dia,Crescente,Céu Claro,Simples,Reta,-11.05285,-61.92995,DEL02-RO,Risco Médio,Alta
domingo,BR-470,281.0,Pleno dia,Crescente,Chuva,Simples,Curva,-27.334,-50.87285,DEL07-SC,Risco Médio,Baixa
quarta-feira,BR-153,104.0,Pleno dia,Decrescente,Chuva,Simples,Desvio Temporário,-18.91461,-48.27538,DEL15-MG,Risco Médio,Alta
sexta-feira,BR-381,864.0,Pleno dia,Crescente,Céu Claro,Múltipla,Não Informado,-22.38757,-45.95265,DEL16-MG,Risco Baixo,Alta
sábado,BR-277,98.7,Plena Noite,Crescente,Céu Claro,Dupla,Reta,-25.43098,-49.35877,DEL01-PR,Risco Baixo,Média
sábado,BR-116,516.0,Pleno dia,Crescente,Garoa/Chuvisco,Dupla,Curva,-24.87423,-48.21908,DEL05-SP,Risco Baixo,Alta
quinta-feira,BR-101,415.7,Pleno dia,Decrescente,Sol,Simples,Interseção de vias,-28.96041,-49.51653,DEL02-SC,Risco Baixo,Alta
terça-feira,BR-101,269.6,Anoitecer,Decrescente,Nublado,Dupla,Reta,-20.22274,-40.27028,DEL02-ES,Risco Médio,Alta
terça-feira,BR-20,6.3,Amanhecer,Crescente,Céu Claro,Simples,Não Informado,-15.54921,-47.30023,DEL02-DF,Risco Alto,Baixa