dia_semana,br,km,fase_dia,sentido_via,condicao_metereologica,tipo_pista,tracado_via,latitude,longitude,delegacia,classificacao_acidente,postos_policiais_PRF
quinta-feira,BR-153,82.2,Pleno dia,Crescente,Garoa/Chuvisco,Simples,Não Informado,-27.12625,-51.92072,DEL07-SC,Risco Médio,Alta
sexta-feira,BR-381,335.0,Pleno dia,Crescente,Chuva,Simples,Curva,-19.7837,-43.04431,DEL03-MG,Risco Baixo,Alta
sábado,BR-319,63.0,Pleno dia,Crescente,Céu Claro,Dupla,Interseção de vias,-8.766685,-63.88405,DEL01-RO,Risco Médio,Baixa
quinta-feira,BR-324,0.0,Pleno dia,Decrescente,Céu Claro,Dupla,Interseção de vias,-12.26711,-38.96699,DEL02-BA,Risco Médio,Baixa
sexta-feira,BR-381,676.7,Plena Noite,Decrescente,Céu Claro,Simples,Curva,-21.12376,-45.09791,DEL04-MG,Risco Baixo,Alta
quinta-feira,BR-104,30.9,Plena Noite,Crescente,Céu Claro,Simples,Reta,-8.009795,-36.0579,DEL02-PE,Risco Baixo,Baixa
segunda-feira,BR-428,189.4,Pleno dia,Crescente,Céu Claro,Simples,Rotatória,-9.374601,-40.48874,DEL06-PE,Risco Médio,Baixa
domingo,BR-381,519.0,Plena Noite,Decrescente,Chuva,Dupla,Não Informado,-20.12834,-44.30331,DEL04-MG,Risco Médio,Alta
sexta-feira,BR-153,106.0,Plena Noite,Decrescente,Céu Claro,Múltipla,Reta,-19.28005,-48.91513,DEL15-MG,Risco Médio,Alta
sexta-feira,BR-116,279.0,Pleno dia,Crescente,Garoa/Chuvisco,Múltipla,Reta,-23.638,-46.83429,DEL04-SP,Risco Médio,Alta
sábado,BR-70,731.0,Plena Noite,Decrescente,Céu Claro,Simples,Reta,-16.09661,-57.67858,DEL03-MT,Risco Médio,Baixa
domingo,BR-60,383.8,Plena Noite,Decrescente,Céu Claro,Múltipla,Não Informado,-17.79954,-50.91743,DEL04-GO,Risco Alto,Média
terça-feira,BR-40,4.6,Pleno dia,Decrescente,Céu Claro,Dupla,Reta,-16.08524,-47.98675,DEL01-DF,Risco Médio,Alta
quarta-feira,BR-381,477.0,Pleno dia,Decrescente,Sol,Dupla,Reta,-19.9605,-44.0357,DEL01-MG,Risco Médio,Alta
domingo,BR-101,88.0,Pleno dia,Decrescente,Chuva,Dupla,Interseção de vias,-7.1603,-34.9055,DEL01-PB,Risco Médio,Alta
sexta-feira,BR-40,7.0,Pleno dia,Decrescente,Céu Claro,Dupla,Reta,-16.03524,-47.97888,DEL01-DF,Risco Médio,Alta
sexta-feira,BR-459,30.9,Pleno dia,Decrescente,Céu Claro,Simples,Rotatória,-22.72502,-45.10353,DEL08-SP,Risco Baixo,Baixa
sexta-feira,BR-60,171.5,Pleno dia,Decrescente,Chuva,Dupla,Desvio Temporário,-16.78692,-49.49707,DEL01-GO,Risco Baixo,Média
segunda-feira,BR-101,59.5,Pleno dia,Decrescente,Sol,Simples,Reta,-21.71364,-41.30861,DEL08-RJ,Risco Médio,Alta
terça-feira,BR-381,676.6,Pleno dia,Crescente,Céu Claro,Simples,Reta,-21.12376,-45.09791,DEL04-MG,Risco Médio,Alta
terça-feira,BR-282,5.3,Pleno dia,Decrescente,Céu Claro,Dupla,Reta,-27.58714,-48.61561,DEL01-SC,Risco Baixo,Baixa
terça-feira,BR-376,665.0,Pleno dia,Crescente,Chuva,Simples,Curva,-25.85456,-48.95671,DEL01-PR,Risco Médio,Baixa
quinta-feira,BR-101,272.0,Plena Noite,Decrescente,Chuva,Dupla,Curva,-22.7149,-42.67416,DEL02-RJ,Risco Médio,Alta
quinta-feira,BR-222,5.0,Plena Noite,Crescente,Céu Claro,Dupla,Viaduto,-3.742969,-38.61331,DEL01-CE,Risco Médio,Baixa
quarta-feira,BR-116,504.0,Pleno dia,Crescente,Céu Claro,Simples,Reta,-19.59445,-42.11241,DEL06-MG,Risco Médio,Alta
segunda-feira,BR-116,151.6,Plena Noite,Decrescente,Céu Claro,Dupla,Curva,-29.17695,-51.16174,DEL05-RS,Risco Médio,Alta
segunda-feira,BR-101,135.8,Pleno dia,Crescente,Nublado,Simples,Rotatória,-9.780519,-36.10611,DEL02-AL,Risco Baixo,Alta
quinta-feira,BR-163,388.8,Pleno dia,Decrescente,Céu Claro,Simples,Desvio Temporário,-21.27193,-54.44314,DEL02-MS,Risco Médio,Alta
sexta-feira,BR-222,1.8,Plena Noite,Decrescente,Nublado,Múltipla,Reta,-3.738854,-38.58506,DEL01-CE,Risco Médio,Baixa
sábado,BR-386,223.9,Plena Noite,Crescente,Céu Claro,Simples,Reta,-28.64498,-52.61491,DEL04-RS,Risco Baixo,Média
domingo,BR-101,209.3,Plena Noite,Decrescente,Céu Claro,Múltipla,Reta,-27.61001,-48.63895,DEL01-SC,Risco Médio,Alta
domingo,BR-101,119.0,Plena Noite,Decrescente,Céu Claro,Dupla,Reta,-8.352915,-35.1693,DEL01-PE,Risco Baixo,Alta
quinta-feira,BR-463,103.2,Plena Noite,Decrescente,Chuva,Simples,Reta,-22.6122,-55.64158,DEL04-MS,Risco Médio,Baixa
sábado,BR-226,25.0,Pleno dia,Crescente,Céu Claro,Simples,Reta,-6.638903,-47.65845,DEL02-TO,Risco Baixo,Baixa
domingo,BR-116,398.4,Pleno dia,Decrescente,Céu Claro,Simples,Reta,-30.8494,-51.80483,DEL02-RS,Risco Baixo,Alta
quarta-feira,BR-280,226.9,Pleno dia,Decrescente,Sol,Simples,Reta,-26.18106,-50.32269,DEL06-SC,Risco Médio,Baixa
sexta-feira,BR-232,7.2,Plena Noite,Decrescente,Céu Claro,Dupla,Reta,-8.074023,-34.96353,DEL01-PE,Risco Médio,Baixa
terça-feira,BR-163,6.0,Pleno dia,Crescente,Céu Claro,Dupla,Reta,-24.00615,-54.31202,DEL09-MS,Risco Médio,Alta
quarta-feira,BR-174,1047.0,Pleno dia,Decrescente,Céu Claro,Simples,Não Informado,-1.605784,-60.20343,DEL01-AM,Risco Baixo,Baixa
quarta-feira,BR-423,94.8,Pleno dia,Crescente,Céu Claro,Simples,Reta,-8.878749,-36.47765,DEL03-PE,Risco Médio,Baixa
segunda-feira,BR-40,1.9,Pleno dia,Decrescente,Céu Claro,Dupla,Reta,-15.99317,-47.98599,DEL01-DF,Risco Médio,Alta
quinta-feira,BR-153,62.0,Pleno dia,Crescente,Chuva,Dupla,Não Informado,-20.81325,-49.35676,DEL09-SP,Risco Médio,Alta
sexta-feira,BR-470,98.0,Pleno dia,Crescente,Nublado,Simples,Reta,-27.03254,-49.38547,DEL04-SC,Risco Médio,Baixa
segunda-feira,BR-174,101.0,Pleno dia,Decrescente,Sol,Simples,Curva,-15.83768,-57.87723,DEL03-MT,Risco Médio,Baixa
quarta-feira,BR-476,135.0,Pleno dia,Crescente,Nublado,Múltipla,Reta,-25.48379,-49.26581,DEL01-PR,Risco Baixo,Baixa
sexta-feira,BR-290,54.8,Anoitecer,Decrescente,Céu Claro,Dupla,Reta,-29.91264,-50.7981,DEL03-RS,Risco Médio,Baixa
quinta-feira,BR-116,99.0,Plena Noite,Crescente,Nevoeiro/Neblina,Dupla,Curva,-22.48851,-42.99935,DEL04-RJ,Risco Alto,Alta
sábado,BR-70,659.0,Plena Noite,Crescente,Nublado,Simples,Reta,-16.04053,-57.25764,DEL03-MT,Risco Médio,Baixa
domingo,BR-381,486.0,Pleno dia,Decrescente,Céu Claro,Múltipla,Curva,-19.956,-44.1064,DEL01-MG,Risco Médio,Alta
sábado,BR-116,89.0,Plena Noite,Crescente,Céu Claro,Dupla,Reta,-22.45706,-42.96222,DEL04-RJ,Risco Médio,Alta
sexta-feira,BR-267,122.0,Plena Noite,Crescente,Céu Claro,Simples,Reta,-21.7082,-43.482,DEL05-MG,Risco Médio,Baixa
quinta-feira,BR-290,140.5,Plena Noite,Decrescente,Nublado,Simples,Reta,-30.08242,-51.60934,DEL02-RS,Risco Baixo,Baixa
domingo,BR-364,53.0,Plena Noite,Decrescente,Chuva,Simples,Não Informado,-16.97504,-53.5127,DEL02-MT,Risco Médio,Alta
quinta-feira,BR-163,1005.0,Pleno dia,Decrescente,Céu Claro,Dupla,Interseção de vias,-2.429436,-54.73463,DEL05-PA,Risco Médio,Alta
sábado,BR-414,414.4,Pleno dia,Decrescente,Céu Claro,Simples,Não Informado,-16.09411,-48.85335,DEL02-GO,Risco Médio,Baixa
sábado,BR-364,16.0,Amanhecer,Crescente,Céu Claro,Simples,Reta,-12.73438,-60.15697,DEL04-RO,Risco Médio,Alta
segunda-feira,BR-287,248.5,Plena Noite,Crescente,Céu Claro,Simples,Reta,-29.69602,-53.85096,DEL09-RS,Risco Médio,Baixa
domingo,BR-101,90.0,Plena Noite,Crescente,Céu Claro,Simples,Reta,-8.232365,-34.97653,DEL01-PE,Risco Baixo,Alta
segunda-feira,BR-364,98.0,Plena Noite,Decrescente,Nevoeiro/Neblina,Simples,Rotatória,-10.06827,-67.5836,DEL01-AC,Risco Alto,Alta
terça-feira,BR-116,424.5,Pleno dia,Decrescente,Sol,Simples,Reta,-12.23878,-38.98137,DEL02-BA,Risco Alto,Alta
sexta-feira,BR-356,42.0,Plena Noite,Crescente,Nublado,Simples,Não Informado,-21.21473,-41.83389,DEL08-RJ,Risco Médio,Baixa
sábado,BR-242,749.0,Pleno dia,Crescente,Céu Claro,Simples,Reta,-12.15995,-44.6296,DEL10-BA,Risco Alto,Baixa
sábado,BR-116,1.0,Plena Noite,Decrescente,Ignorado,Dupla,Reta,-25.06368,-48.57052,DEL01-PR,Risco Médio,Alta
domingo,BR-116,636.4,Pleno dia,Crescente,Céu Claro,Simples,Curva,-20.62691,-42.22298,DEL07-MG,Risco Médio,Alta
sábado,BR-277,651.0,Pleno dia,Decrescente,Nublado,Simples,Reta,-25.19741,-53.94341,DEL05-PR,Risco Médio,Média
quarta-feira,BR-364,713.0,Pleno dia,Decrescente,Sol,Dupla,Viaduto,-8.7726,-63.8809,DEL01-RO,Risco Médio,Alta
sábado,BR-232,370.0,Plena Noite,Crescente,Chuva,Simples,Reta,-8.032137,-37.96567,DEL04-PE,Risco Médio,Baixa
terça-feira,BR-290,92.0,Pleno dia,Crescente,Chuva,Múltipla,Reta,-29.96966,-51.17705,DEL01-RS,Risco Médio,Baixa
domingo,BR-415,51.0,Amanhecer,Crescente,Céu Claro,Simples,Reta,-14.81574,-39.29612,DEL05-BA,Risco Baixo,Baixa
sábado,BR-365,510.0,Plena Noite,Crescente,Céu Claro,Simples,Reta,-18.9355,-47.31753,DEL10-MG,Risco Médio,Média
domingo,BR-428,185.0,Pleno dia,Decrescente,Céu Claro,Simples,Reta,-9.350737,-40.47572,DEL06-PE,Risco Médio,Baixa
sábado,BR-101,186.1,Pleno dia,Crescente,Nublado,Dupla,Curva,-27.4432,-48.6284,DEL01-SC,Risco Médio,Alta
quarta-feira,BR-60,208.0,Plena Noite,Crescente,Céu Claro,Dupla,Não Informado,-16.9243,-49.6642,DEL01-GO,Risco Alto,Média
sexta-feira,BR-410,32.0,Pleno dia,Decrescente,Céu Claro,Simples,Reta,-10.97381,-38.7716,DEL07-BA,Risco Médio,Baixa
domingo,BR-40,112.0,Plena Noite,Decrescente,Céu Claro,Múltipla,Reta,-22.67436,-43.28598,DEL01-RJ,Risco Baixo,Alta
sexta-feira,BR-101,456.0,Plena Noite,Decrescente,Chuva,Simples,Reta,-21.17417,-41.29486,DEL03-ES,Risco Médio,Alta
segunda-feira,BR-101,188.7,Pleno dia,Decrescente,Sol,Simples,Reta,-8.690569,-35.6025,DEL01-PE,Risco Médio,Alta
sábado,BR-376,300.3,Pleno dia,Decrescente,Chuva,Dupla,Curva,-23.93668,-51.16367,DEL07-PR,Risco Médio,Baixa
domingo,BR-316,223.0,Pleno dia,Crescente,Céu Claro,Simples,Reta,-6.502203,-41.73878,DEL04-PI,Risco Médio,Baixa
sábado,BR-101,151.5,Plena Noite,Crescente,Céu Claro,Simples,Reta,-19.39159,-40.07256,DEL04-ES,Risco Médio,Alta
quarta-feira,BR-282,531.5,Pleno dia,Crescente,Céu Claro,Simples,Retorno Regulamentado,-26.99075,-52.60978,DEL07-SC,Risco Médio,Baixa
sexta-feira,BR-116,529.0,Pleno dia,Crescente,Ignorado,Simples,Reta,-19.79395,-42.13738,DEL06-MG,Risco Médio,Alta
terça-feira,BR-101,130.7,Pleno dia,Crescente,Chuva,Dupla,Reta,-11.10454,-37.37248,DEL02-SE,Risco Médio,Alta
segunda-feira,BR-40,92.1,Pleno dia,Crescente,Céu Claro,Simples,Curva,-22.55192,-43.25069,DEL06-RJ,Risco Médio,Alta
segunda-feira,BR-101,197.0,Pleno dia,Crescente,Garoa/Chuvisco,Múltipla,Reta,-27.51844,-48.63848,DEL01-SC,Risco Médio,Alta
segunda-feira,BR-116,304.1,Plena Noite,Decrescente,Céu Claro,Dupla,Reta,-23.83515,-46.92964,DEL04-SP,Risco Baixo,Alta
quinta-feira,BR-101,323.0,Plena Noite,Decrescente,Céu Claro,Dupla,Reta,-22.87362,-43.12872,DEL02-RJ,Risco Médio,Alta
domingo,BR-116,332.0,Plena Noite,Decrescente,Céu Claro,Dupla,Reta,-22.50083,-44.63502,DEL07-RJ,Risco Médio,Alta
quinta-feira,BR-230,11.6,Pleno dia,Crescente,Garoa/Chuvisco,Múltipla,Retorno Regulamentado,-7.0596,-34.8506,DEL01-PB,Risco Médio,Baixa
sábado,BR-282,0.5,Plena Noite,Decrescente,Nublado,Múltipla,Curva,-27.59845,-48.572,DEL01-SC,Risco Baixo,Baixa
quinta-feira,BR-116,279.0,Pleno dia,Decrescente,Nublado,Simples,Curva,-22.53802,-44.19444,DEL07-RJ,Risco Médio,Alta
domingo,BR-472,122.0,Pleno dia,Decrescente,Céu Claro,Simples,Curva,-27.71932,-54.18749,DEL10-RS,Risco Alto,Baixa
domingo,BR-174,271.0,Plena Noite,Crescente,Céu Claro,Simples,Reta,1.32047,-60.58038,DEL01-RR,Risco Alto,Baixa
quinta-feira,BR-277,27.0,Pleno dia,Crescente,Nublado,Dupla,Reta,-25.52935,-48.72535,DEL01-PR,Risco Baixo,Média
sexta-feira,BR-101,147.5,Plena Noite,Decrescente,Céu Claro,Simples,Reta,-12.27929,-38.69299,DEL01-BA,Risco Baixo,Alta
sexta-feira,BR-316,68.0,Pleno dia,Crescente,Nublado,Simples,Não Informado,-1.294405,-47.88382,DEL01-PA,Risco Baixo,Baixa
sábado,BR-20,101.0,Amanhecer,Crescente,Garoa/Chuvisco,Simples,Reta,-15.16194,-47.141,DEL02-DF,Risco Baixo,Baixa
domingo,BR-20,23.0,Pleno dia,Crescente,Sol,Simples,Não Informado,-6.37107,-40.65934,DEL02-CE,Risco Alto,Baixa
sábado,BR-476,139.0,Plena Noite,Crescente,Garoa/Chuvisco,Dupla,Reta,-25.51284,-49.28926,DEL01-PR,Risco Médio,Baixa
terça-feira,BR-116,499.3,Pleno dia,Crescente,Nublado,Simples,Curva,-24.78486,-48.18123,DEL05-SP,Risco Médio,Alta
sexta-feira,BR-277,345.4,Pleno dia,Crescente,Céu Claro,Simples,Não Informado,-25.36587,-51.48978,DEL03-PR,Risco Baixo,Média
sábado,BR-101,219.9,Plena Noite,Crescente,Chuva,Dupla,Reta,-27.68617,-48.66607,DEL01-SC,Risco Baixo,Alta
sábado,BR-10,29.4,Plena Noite,Decrescente,Céu Claro,Simples,Não Informado,-4.198726,-47.54509,DEL02-PA,Risco Médio,Baixa
quarta-feira,BR-343,53.9,Plena Noite,Crescente,Nublado,Simples,Reta,-3.201669,-41.83581,DEL05-PI,Risco Baixo,Baixa
sexta-feira,BR-101,328.8,Pleno dia,Decrescente,Chuva,Dupla,Ponte,-28.43648,-48.95989,DEL02-SC,Risco Médio,Alta
sexta-feira,BR-60,100.6,Amanhecer,Decrescente,Nublado,Dupla,Reta,-16.3979,-48.9664,DEL02-GO,Risco Médio,Média
terça-feira,BR-153,109.9,Plena Noite,Decrescente,Céu Claro,Simples,Curva,-27.31779,-51.9873,DEL07-SC,Risco Baixo,Alta
terça-feira,BR-101,609.0,Plena Noite,Decrescente,Nublado,Simples,Reta,-15.56734,-39.4025,DEL05-BA,Risco Médio,Alta
segunda-feira,BR-324,565.0,Pleno dia,Decrescente,Céu Claro,Simples,Curva,-12.53024,-38.60205,DEL01-BA,Risco Médio,Baixa
sábado,BR-116,309.9,Amanhecer,Crescente,Nublado,Simples,Reta,-30.19416,-51.39856,DEL02-RS,Risco Médio,Alta
sábado,BR-101,280.0,Pleno dia,Crescente,Céu Claro,Dupla,Reta,-28.17963,-48.69563,DEL02-SC,Risco Médio,Alta
sábado,BR-163,996.0,Amanhecer,Crescente,Nublado,Simples,Reta,-2.456279,-54.72845,DEL05-PA,Risco Alto,Alta
quarta-feira,BR-470,223.9,Pleno dia,Decrescente,Sol,Simples,Desvio Temporário,-29.23198,-51.51592,DEL06-RS,Risco Médio,Baixa
sexta-feira,BR-50,140.5,Plena Noite,Decrescente,Céu Claro,Dupla,Reta,-19.47658,-48.05333,DEL13-MG,Risco Médio,Média
sexta-feira,BR-163,89.4,Plena Noite,Decrescente,Céu Claro,Simples,Reta,-23.37905,-54.21242,DEL09-MS,Risco Baixo,Alta
sexta-feira,BR-280,8.4,Pleno dia,Decrescente,Nublado,Simples,Reta,-26.27887,-48.64669,DEL03-SC,Risco Médio,Baixa
domingo,BR-101,173.0,Plena Noite,Crescente,Céu Claro,Dupla,Interseção de vias,-19.60908,-40.20766,DEL04-ES,Risco Baixo,Alta
terça-feira,BR-230,8.0,Plena Noite,Decrescente,Céu Claro,Simples,Reta,-6.735285,-43.0773,DEL03-PI,Risco Médio,Baixa
quinta-feira,BR-470,139.7,Amanhecer,Crescente,Garoa/Chuvisco,Simples,Reta,-27.21756,-49.65461,DEL04-SC,Risco Baixo,Baixa
quinta-feira,BR-116,439.0,Plena Noite,Crescente,Chuva,Dupla,Viaduto,-24.45434,-47.81205,DEL05-SP,Risco Baixo,Alta
terça-feira,BR-101,144.2,Pleno dia,Decrescente,Sol,Múltipla,Não Informado,-19.35188,-40.06367,DEL04-ES,Risco Médio,Alta
domingo,BR-232,136.0,Plena Noite,Crescente,Nublado,Dupla,Não Informado,-8.313399,-36.04176,DEL02-PE,Risco Médio,Baixa
sábado,BR-153,427.9,Plena Noite,Crescente,Chuva,Dupla,Desvio Temporário,-16.22934,-49.00944,DEL02-GO,Risco Médio,Alta
segunda-feira,BR-174,15.0,Pleno dia,Crescente,Céu Claro,Simples,Reta,-12.71706,-60.1268,DEL04-RO,Risco Médio,Baixa
sábado,BR-163,615.0,Anoitecer,Decrescente,Céu Claro,Simples,Interseção de vias,-19.39851,-54.5658,DEL06-MS,Risco Médio,Alta
terça-feira,BR-20,0.3,Plena Noite,Decrescente,Céu Claro,Dupla,Reta,-15.68815,-47.8588,DEL02-DF,Risco Médio,Baixa
sábado,BR-116,812.0,Pleno dia,Decrescente,Céu Claro,Simples,Reta,-14.79839,-40.77031,DEL08-BA,Risco Médio,Alta
quarta-feira,BR-222,128.8,Pleno dia,Crescente,Garoa/Chuvisco,Simples,Curva,-3.706756,-39.62245,DEL04-CE,Risco Alto,Baixa
sexta-feira,BR-101,71.5,Pleno dia,Decrescente,Céu Claro,Simples,Reta,-18.75351,-39.8626,DEL04-ES,Risco Médio,Alta
sábado,BR-282,441.0,Pleno dia,Decrescente,Céu Claro,Simples,Reta,-26.92963,-51.87466,DEL07-SC,Risco Médio,Baixa
quinta-feira,BR-101,83.0,Plena Noite,Crescente,Céu Claro,Dupla,Reta,-7.13377,-34.92964,DEL01-PB,Risco Médio,Alta
quarta-feira,BR-116,385.0,Pleno dia,Decrescente,Chuva,Dupla,Reta,-30.80196,-51.68142,DEL02-RS,Risco Baixo,Alta
sexta-feira,BR-476,248.8,Plena Noite,Crescente,Nublado,Múltipla,Curva,-25.8622,-50.13697,DEL02-PR,Risco Médio,Baixa
sábado,BR-101,25.0,Pleno dia,Crescente,Sol,Dupla,Reta,-26.1925,-48.912,DEL03-SC,Risco Baixo,Alta
sábado,BR-116,418.0,Pleno dia,Crescente,Chuva,Simples,Reta,-18.91059,-41.94157,DEL06-MG,Risco Médio,Alta
segunda-feira,BR-381,562.4,Plena Noite,Decrescente,Nublado,Dupla,Reta,-20.39575,-44.50362,DEL04-MG,Risco Médio,Alta
quinta-feira,BR-101,215.4,Pleno dia,Crescente,Nublado,Múltipla,Interseção de vias,-27.65185,-48.67605,DEL01-SC,Risco Médio,Alta
quinta-feira,BR-116,225.0,Anoitecer,Decrescente,Nublado,Simples,Reta,-23.4888,-46.5453,DEL01-SP,Risco Médio,Alta
segunda-feira,BR-356,69.0,Anoitecer,Decrescente,Céu Claro,Simples,Reta,-21.3756,-41.69375,DEL08-RJ,Risco Baixo,Baixa
domingo,BR-10,458.0,Plena Noite,Crescente,Céu Claro,Múltipla,Reta,-10.2608,-48.30933,DEL01-TO,Risco Médio,Baixa
sexta-feira,BR-40,18.9,Plena Noite,Crescente,Céu Claro,Dupla,Reta,-16.19349,-47.92558,DEL01-DF,Risco Médio,Alta
terça-feira,BR-480,129.4,Pleno dia,Crescente,Chuva,Simples,Interseção de vias,-27.05057,-52.63541,DEL07-SC,Risco Baixo,Baixa
sexta-feira,BR-40,614.0,Plena Noite,Crescente,Céu Claro,Simples,Reta,-20.52978,-43.82351,DEL05-MG,Risco Médio,Alta
domingo,BR-20,425.0,Plena Noite,Crescente,Chuva,Dupla,Reta,-3.76999,-38.67006,DEL01-CE,Risco Médio,Baixa
sábado,BR-101,111.3,Plena Noite,Crescente,Garoa/Chuvisco,Dupla,Reta,-26.84411,-48.71911,DEL04-SC,Risco Baixo,Alta
quarta-feira,BR-226,9.0,Plena Noite,Crescente,Nublado,Simples,Curva,-5.835539,-35.28919,DEL01-RN,Risco Médio,Baixa
sábado,BR-116,326.0,Pleno dia,Crescente,Sol,Dupla,Reta,-23.93901,-47.06241,DEL04-SP,Risco Médio,Alta
sexta-feira,BR-232,8.3,Pleno dia,Crescente,Céu Claro,Múltipla,Não Informado,-8.075837,-34.97016,DEL01-PE,Risco Médio,Baixa
sábado,BR-262,327.4,Pleno dia,Decrescente,Céu Claro,Simples,Reta,-20.46865,-54.51559,DEL01-MS,Risco Médio,Média
domingo,BR-381,13.0,Pleno dia,Decrescente,Céu Claro,Dupla,Curva,-22.9332,-46.4698,DEL03-SP,Risco Médio,Alta
segunda-feira,BR-116,51.1,Pleno dia,Decrescente,Chuva,Simples,Curva,-28.57758,-51.01884,DEL05-RS,Risco Médio,Alta
domingo,BR-174,512.0,Pleno dia,Decrescente,Nublado,Simples,Reta,2.894009,-60.7029,DEL01-RR,Risco Médio,Baixa
domingo,BR-282,2.6,Plena Noite,Decrescente,Chuva,Dupla,Reta,-27.60329,-48.59042,DEL01-SC,Risco Médio,Baixa
sexta-feira,BR-386,192.0,Pleno dia,Decrescente,Céu Claro,Simples,Não Informado,-28.39484,-52.69204,DEL08-RS,Risco Baixo,Média
sábado,BR-70,15.0,Plena Noite,Decrescente,Céu Claro,Dupla,Rotatória,-15.79497,-48.19914,DEL01-DF,Risco Médio,Baixa
quinta-feira,BR-20,335.6,Plena Noite,Crescente,Chuva,Simples,Ponte,-4.160035,-39.14766,DEL02-CE,Risco Alto,Baixa
quarta-feira,BR-262,389.5,Pleno dia,Decrescente,Céu Claro,Simples,Reta,-20.42641,-54.91954,DEL01-MS,Risco Médio,Média
segunda-feira,BR-40,457.0,Plena Noite,Crescente,Céu Claro,Dupla,Não Informado,-19.37147,-44.33613,DEL02-MG,Risco Baixo,Alta
segunda-feira,BR-280,32.8,Plena Noite,Decrescente,Garoa/Chuvisco,Simples,Reta,-26.42522,-48.78656,DEL03-SC,Risco Médio,Baixa
sexta-feira,BR-20,24.0,Plena Noite,Crescente,Céu Claro,Dupla,Reta,-15.59483,-47.65861,DEL02-DF,Risco Baixo,Baixa
quarta-feira,BR-290,162.0,Plena Noite,Crescente,Céu Claro,Simples,Reta,-30.11495,-51.84115,DEL02-RS,Risco Médio,Baixa
domingo,BR-116,566.0,Pleno dia,Decrescente,Céu Claro,Dupla,Reta,-25.0417,-48.54981,DEL05-SP,Risco Médio,Alta
terça-feira,BR-116,222.0,Pleno dia,Decrescente,Sol,Múltipla,Reta,-23.47093,-46.51631,DEL01-SP,Risco Médio,Alta
sábado,BR-470,71.1,Plena Noite,Decrescente,Chuva,Simples,Reta,-26.89524,-49.2621,DEL04-SC,Risco Alto,Baixa
terça-feira,BR-470,178.9,Anoitecer,Decrescente,Nublado,Simples,Reta,-28.94753,-51.55413,DEL06-RS,Risco Médio,Baixa
domingo,BR-116,8.0,Plena Noite,Decrescente,Céu Claro,Dupla,Reta,-25.36757,-49.10305,DEL01-PR,Risco Baixo,Alta
quarta-feira,BR-369,152.7,Pleno dia,Decrescente,Céu Claro,Dupla,Desvio Temporário,-23.2939,-51.18763,DEL07-PR,Risco Baixo,Baixa
quinta-feira,BR-364,273.0,Pleno dia,Decrescente,Céu Claro,Dupla,Reta,-15.95431,-54.97705,DEL02-MT,Risco Médio,Alta
domingo,BR-316,16.0,Plena Noite,Decrescente,Céu Claro,Dupla,Reta,-5.232937,-42.74591,DEL01-PI,Risco Médio,Baixa
quarta-feira,BR-376,190.0,Pleno dia,Decrescente,Chuva,Dupla,Não Informado,-23.4746,-51.8203,DEL07-PR,Risco Baixo,Baixa
domingo,BR-376,176.0,Pleno dia,Crescente,Nublado,Dupla,Reta,-23.41278,-51.93229,DEL07-PR,Risco Baixo,Baixa
domingo,BR-282,219.0,Plena Noite,Crescente,Céu Claro,Simples,Reta,-27.79552,-50.32361,DEL05-SC,Risco Baixo,Baixa
sábado,BR-101,62.0,Plena Noite,Decrescente,Garoa/Chuvisco,Simples,Não Informado,-18.6902,-39.86154,DEL04-ES,Risco Médio,Alta
segunda-feira,BR-116,359.0,Pleno dia,Crescente,Céu Claro,Simples,Desvio Temporário,-11.66618,-39.00086,DEL02-BA,Risco Médio,Alta
quinta-feira,BR-163,72.2,Pleno dia,Decrescente,Céu Claro,Dupla,Não Informado,-26.71909,-53.51578,DEL07-SC,Risco Médio,Alta
domingo,BR-101,202.8,Pleno dia,Crescente,Céu Claro,Dupla,Reta,-27.5651,-48.6144,DEL01-SC,Risco Médio,Alta
sexta-feira,BR-376,617.0,Pleno dia,Crescente,Garoa/Chuvisco,Dupla,Curva,-25.58426,-49.17619,DEL01-PR,Risco Médio,Baixa
domingo,BR-316,256.6,Pleno dia,Decrescente,Sol,Simples,Reta,-9.59161,-35.92564,DEL02-AL,Risco Médio,Baixa
quinta-feira,BR-465,21.0,Pleno dia,Decrescente,Nublado,Simples,Reta,-22.85478,-43.60193,DEL01-RJ,Risco Médio,Baixa
quarta-feira,BR-116,236.1,Pleno dia,Crescente,Céu Claro,Simples,Interseção de vias,-29.67019,-51.14312,DEL01-RS,Risco Médio,Alta
terça-feira,BR-116,152.0,Plena Noite,Crescente,Nevoeiro/Neblina,Simples,Rotatória,-25.83236,-49.3361,DEL01-PR,Risco Médio,Alta
quarta-feira,BR-230,41.0,Pleno dia,Crescente,Chuva,Dupla,Reta,-7.144127,-34.98805,DEL01-PB,Risco Médio,Baixa
domingo,BR-116,19.5,Pleno dia,Decrescente,Céu Claro,Simples,Reta,-26.23188,-49.8972,DEL06-SC,Risco Médio,Alta
domingo,BR-153,93.0,Plena Noite,Decrescente,Céu Claro,Simples,Reta,-5.440313,-48.91584,DEL03-PA,Risco Alto,Alta
sexta-feira,BR-476,140.0,Plena Noite,Decrescente,Nublado,Dupla,Reta,-25.52069,-49.29412,DEL01-PR,Risco Médio,Baixa
sábado,BR-40,1.0,Plena Noite,Decrescente,Céu Claro,Dupla,Reta,-15.98791,-47.98697,DEL01-DF,Risco Baixo,Alta