dia_semana,br,km,fase_dia,sentido_via,condicao_metereologica,tipo_pista,tracado_via,latitude,longitude,delegacia,classificacao_acidente,postos_policiais_PRF
sexta-feira,BR-470,48.7,Pleno dia,Decrescente,Garoa/Chuvisco,Simples,Não Informado,-26.85973,-49.06231,DEL04-SC,Risco Médio,Baixa
domingo,BR-316,259.0,Pleno dia,Decrescente,Céu Claro,Simples,Reta,-9.591656,-35.91403,DEL02-AL,Risco Médio,Baixa
sábado,BR-324,614.0,Plena Noite,Crescente,Céu Claro,Dupla,Curva,-12.86398,-38.4237,DEL01-BA,Risco Médio,Baixa
domingo,BR-222,226.0,Plena Noite,Crescente,Céu Claro,Simples,Reta,-3.706484,-40.361,DEL04-CE,Risco Médio,Baixa
quarta-feira,BR-226,68.0,Pleno dia,Crescente,Céu Claro,Simples,Reta,-6.103733,-35.70532,DEL01-RN,Risco Baixo,Baixa
terça-feira,BR-424,77.0,Pleno dia,Decrescente,Céu Claro,Simples,Reta,-8.815046,-36.56904,DEL03-PE,Risco Médio,Baixa
sábado,BR-324,599.0,Plena Noite,Decrescente,Céu Claro,Múltipla,Reta,-12.74195,-38.43854,DEL01-BA,Risco Médio,Baixa
quarta-feira,BR-153,462.0,Pleno dia,Crescente,Céu Claro,Simples,Desvio Temporário,-9.924482,-48.73321,DEL01-TO,Risco Médio,Alta
quarta-feira,BR-40,671.5,Plena Noite,Decrescente,Céu Claro,Simples,Curva,-20.9855,-43.78118,DEL05-MG,Risco Baixo,Alta
quinta-feira,BR-470,217.0,Plena Noite,Decrescente,Céu Claro,Dupla,Interseção de vias,-29.17495,-51.5231,DEL06-RS,Risco Baixo,Baixa
sábado,BR-101,63.7,Plena Noite,Crescente,Céu Claro,Dupla,Reta,-8.008006,-34.93757,DEL01-PE,Risco Baixo,Alta
sábado,BR-101,194.0,Plena Noite,Crescente,Céu Claro,Dupla,Curva,-8.728161,-35.60912,DEL01-PE,Risco Médio,Alta
segunda-feira,BR-101,104.0,Anoitecer,Decrescente,Chuva,Dupla,Interseção de vias,-9.587146,-35.98028,DEL02-AL,Risco Médio,Alta
quarta-feira,BR-365,180.0,Pleno dia,Crescente,Céu Claro,Simples,Reta,-17.40875,-45.08803,DEL12-MG,Risco Médio,Média
sábado,BR-230,85.7,Pleno dia,Decrescente,Céu Claro,Dupla,Reta,-7.168499,-35.37027,DEL01-PB,Risco Alto,Baixa
quinta-feira,BR-40,98.0,Pleno dia,Decrescente,Céu Claro,Simples,Reta,-22.58795,-43.27366,DEL01-RJ,Risco Baixo,Alta
sábado,BR-116,211.3,Plena Noite,Decrescente,Chuva,Múltipla,Reta,-23.43243,-46.41944,DEL01-SP,Risco Médio,Alta
domingo,BR-285,336.6,Pleno dia,Decrescente,Sol,Simples,Reta,-28.31443,-52.78354,DEL08-RS,Risco Médio,Baixa
quinta-feira,BR-343,154.6,Plena Noite,Decrescente,Céu Claro,Simples,Não Informado,-4.024584,-41.77151,DEL02-PI,Risco Alto,Baixa
segunda-feira,BR-287,279.3,Pleno dia,Crescente,Chuva,Simples,Reta,-29.64978,-54.15771,DEL09-RS,Risco Médio,Baixa
domingo,BR-386,270.9,Plena Noite,Crescente,Céu Claro,Simples,Interseção de vias,-28.97239,-52.36907,DEL04-RS,Risco Baixo,Média
segunda-feira,BR-101,206.9,Pleno dia,Decrescente,Céu Claro,Simples,Interseção de vias,-27.59955,-48.62177,DEL01-SC,Risco Médio,Alta
sábado,BR-364,674.0,Plena Noite,Crescente,Céu Claro,Simples,Reta,-8.780491,-63.54027,DEL01-RO,Risco Médio,Alta
segunda-feira,BR-285,546.9,Pleno dia,Crescente,Nublado,Simples,Reta,-28.41003,-54.75346,DEL10-RS,Risco Médio,Baixa
quarta-feira,BR-101,139.0,Pleno dia,Decrescente,Garoa/Chuvisco,Simples,Reta,-9.817574,-36.12167,DEL02-AL,Risco Médio,Alta
sexta-feira,BR-110,113.1,Pleno dia,Decrescente,Céu Claro,Simples,Não Informado,-5.730751,-37.29458,DEL04-RN,Risco Médio,Baixa
sexta-feira,BR-381,487.0,Pleno dia,Crescente,Chuva,Dupla,Curva,-19.9553,-44.11729,DEL01-MG,Risco Médio,Alta
sábado,BR-476,71.0,Pleno dia,Decrescente,Ignorado,Simples,Curva,-25.0789,-49.0858,DEL01-PR,Risco Alto,Baixa
sábado,BR-386,437.9,Anoitecer,Crescente,Chuva,Dupla,Reta,-29.85803,-51.26123,DEL01-RS,Risco Médio,Média
quarta-feira,BR-40,589.9,Plena Noite,Decrescente,Chuva,Dupla,Curva,-20.37419,-43.90878,DEL01-MG,Risco Baixo,Alta
quarta-feira,BR-110,51.6,Plena Noite,Crescente,Céu Claro,Simples,Interseção de vias,-5.421816,-37.3273,DEL04-RN,Risco Médio,Baixa
quarta-feira,BR-101,65.7,Pleno dia,Crescente,Céu Claro,Dupla,Interseção de vias,-18.71591,-39.87625,DEL04-ES,Risco Médio,Alta
domingo,BR-163,592.4,Anoitecer,Decrescente,Céu Claro,Simples,Reta,-13.9788,-56.09915,DEL01-MT,Risco Médio,Alta
quinta-feira,BR-471,173.1,Pleno dia,Crescente,Céu Claro,Simples,Não Informado,-30.01442,-52.36963,DEL02-RS,Risco Médio,Baixa
quarta-feira,BR-50,74.5,Plena Noite,Crescente,Céu Claro,Dupla,Reta,-18.91306,-48.22596,DEL15-MG,Risco Baixo,Média
sábado,BR-493,102.0,Pleno dia,Crescente,Céu Claro,Dupla,Reta,-22.74574,-43.72459,DEL03-RJ,Risco Baixo,Baixa
domingo,BR-101,111.0,Pleno dia,Decrescente,Céu Claro,Dupla,Reta,-26.8394,-48.7141,DEL04-SC,Risco Médio,Alta
domingo,BR-116,231.9,Pleno dia,Crescente,Céu Claro,Simples,Reta,-29.62984,-51.1438,DEL01-RS,Risco Baixo,Alta
quarta-feira,BR-163,143.9,Pleno dia,Crescente,Sol,Simples,Reta,-25.47087,-53.58425,DEL04-PR,Risco Baixo,Alta
terça-feira,BR-290,24.2,Plena Noite,Crescente,Nublado,Dupla,Reta,-29.88201,-50.49397,DEL03-RS,Risco Médio,Baixa
segunda-feira,BR-153,219.5,Pleno dia,Decrescente,Céu Claro,Simples,Reta,-14.68026,-49.2056,DEL07-GO,Risco Médio,Alta
sexta-feira,BR-364,290.0,Plena Noite,Crescente,Céu Claro,Simples,Curva,-17.58997,-52.46759,DEL05-GO,Risco Médio,Alta
segunda-feira,BR-232,128.0,Pleno dia,Decrescente,Sol,Dupla,Reta,-8.303148,-35.97664,DEL02-PE,Risco Médio,Baixa
sábado,BR-163,449.1,Pleno dia,Decrescente,Garoa/Chuvisco,Simples,Reta,-20.73343,-54.53902,DEL01-MS,Risco Baixo,Alta
sábado,BR-262,345.5,Amanhecer,Crescente,Céu Claro,Simples,Reta,-20.57325,-54.59501,DEL01-MS,Risco Médio,Média
quinta-feira,BR-376,162.0,Pleno dia,Crescente,Céu Claro,Dupla,Não Informado,-23.37711,-52.04511,DEL09-PR,Risco Médio,Baixa
terça-feira,BR-101,69.0,Plena Noite,Crescente,Chuva,Simples,Reta,-8.066126,-34.94483,DEL01-PE,Risco Baixo,Alta
sexta-feira,BR-420,343.0,Pleno dia,Crescente,Céu Claro,Simples,Curva,-13.50612,-40.03162,DEL03-BA,Risco Médio,Baixa
quarta-feira,BR-476,134.5,Pleno dia,Crescente,Céu Claro,Múltipla,Reta,-25.48053,-49.26316,DEL01-PR,Risco Baixo,Baixa
quinta-feira,BR-116,54.4,Plena Noite,Crescente,Céu Claro,Simples,Curva,-28.59551,-51.03139,DEL05-RS,Risco Alto,Alta
domingo,BR-40,137.4,Plena Noite,Crescente,Céu Claro,Simples,Não Informado,-16.9504,-47.3066,DEL01-DF,Risco Baixo,Alta
sábado,BR-469,13.0,Plena Noite,Decrescente,Céu Claro,Simples,Reta,-25.5754,-54.5489,DEL05-PR,Risco Médio,Baixa
domingo,BR-116,62.0,Plena Noite,Crescente,Nublado,Simples,Reta,-22.28413,-42.92973,DEL04-RJ,Risco Médio,Alta
quarta-feira,BR-40,526.0,Pleno dia,Crescente,Céu Claro,Simples,Reta,-19.89255,-44.04985,DEL01-MG,Risco Médio,Alta
segunda-feira,BR-101,192.6,Plena Noite,Crescente,Céu Claro,Simples,Reta,-9.93276,-36.48032,DEL02-AL,Risco Baixo,Alta
sexta-feira,BR-230,22.1,Pleno dia,Decrescente,Chuva,Dupla,Reta,-7.1495,-34.8517,DEL01-PB,Risco Médio,Baixa
sábado,BR-101,152.0,Pleno dia,Crescente,Céu Claro,Simples,Reta,-22.24915,-41.8153,DEL08-RJ,Risco Médio,Alta
terça-feira,BR-101,338.0,Pleno dia,Crescente,Sol,Simples,Curva,-13.5377,-39.44881,DEL05-BA,Risco Médio,Alta
sexta-feira,BR-381,433.8,Pleno dia,Crescente,Chuva,Simples,Desvio Temporário,-19.78565,-43.72404,DEL01-MG,Risco Médio,Alta
terça-feira,BR-381,483.0,Plena Noite,Crescente,Chuva,Dupla,Não Informado,-19.95594,-44.10722,DEL01-MG,Risco Médio,Alta
sábado,BR-280,238.0,Pleno dia,Crescente,Céu Claro,Simples,Reta,-26.20665,-50.44305,DEL06-SC,Risco Baixo,Baixa
sexta-feira,BR-101,204.1,Pleno dia,Decrescente,Nublado,Múltipla,Reta,-27.57413,-48.61363,DEL01-SC,Risco Médio,Alta
sábado,BR-116,70.4,Pleno dia,Crescente,Chuva,Dupla,Não Informado,-22.85166,-45.22779,DEL08-SP,Risco Médio,Alta
terça-feira,BR-376,335.2,Anoitecer,Decrescente,Chuva,Simples,Curva,-24.14293,-50.99538,DEL07-PR,Risco Médio,Baixa
quarta-feira,BR-262,356.0,Plena Noite,Crescente,Céu Claro,Dupla,Reta,-19.9843,-44.2418,DEL01-MG,Risco Médio,Média
domingo,BR-40,121.0,Plena Noite,Decrescente,Nublado,Múltipla,Reta,-22.78185,-43.28571,DEL01-RJ,Risco Médio,Alta
terça-feira,BR-364,383.0,Pleno dia,Crescente,Sol,Múltipla,Reta,-15.70277,-55.79135,DEL02-MT,Risco Baixo,Alta
sexta-feira,BR-470,50.3,Pleno dia,Decrescente,Céu Claro,Simples,Não Informado,-26.85977,-49.07449,DEL04-SC,Risco Médio,Baixa
sábado,BR-158,260.0,Pleno dia,Decrescente,Céu Claro,Simples,Reta,-20.72107,-51.74683,DEL07-MS,Risco Médio,Baixa
sexta-feira,BR-116,264.0,Pleno dia,Decrescente,Sol,Múltipla,Reta,-29.91379,-51.17777,DEL01-RS,Risco Médio,Alta
quarta-feira,BR-381,499.0,Pleno dia,Crescente,Sol,Múltipla,Reta,-19.99019,-44.20622,DEL01-MG,Risco Médio,Alta
quarta-feira,BR-101,266.2,Pleno dia,Decrescente,Nublado,Múltipla,Interseção de vias,-20.1902,-40.26829,DEL02-ES,Risco Médio,Alta
sábado,BR-116,27.8,Pleno dia,Decrescente,Chuva,Dupla,Curva,-22.62312,-44.90962,DEL08-SP,Risco Baixo,Alta
segunda-feira,BR-364,254.0,Pleno dia,Crescente,Céu Claro,Simples,Reta,-16.0898,-54.8692,DEL02-MT,Risco Baixo,Alta
terça-feira,BR-101,79.0,Pleno dia,Decrescente,Céu Claro,Dupla,Reta,-7.114753,-34.95794,DEL01-PB,Risco Alto,Alta
domingo,BR-116,14.0,Plena Noite,Decrescente,Chuva,Dupla,Curva,-25.09842,-48.67397,DEL01-PR,Risco Médio,Alta
domingo,BR-290,112.0,Pleno dia,Decrescente,Céu Claro,Simples,Reta,-30.04046,-51.32919,DEL02-RS,Risco Médio,Baixa
segunda-feira,BR-470,290.0,Pleno dia,Decrescente,Céu Claro,Simples,Reta,-27.33558,-50.96218,DEL07-SC,Risco Médio,Baixa
domingo,BR-324,526.0,Pleno dia,Crescente,Sol,Dupla,Reta,-12.3064,-38.89052,DEL01-BA,Risco Médio,Baixa
quarta-feira,BR-116,548.0,Plena Noite,Crescente,Chuva,Simples,Não Informado,-24.9669,-48.4513,DEL05-SP,Risco Médio,Alta
domingo,BR-386,245.3,Plena Noite,Crescente,Ignorado,Simples,Reta,-28.802,-52.50971,DEL04-RS,Risco Baixo,Média
sexta-feira,BR-364,352.0,Pleno dia,Decrescente,Céu Claro,Simples,Reta,-10.83322,-62.01157,DEL02-RO,Risco Baixo,Alta
quinta-feira,BR-376,669.5,Pleno dia,Crescente,Céu Claro,Múltipla,Reta,-25.87605,-48.93555,DEL01-PR,Risco Baixo,Baixa
sábado,BR-116,144.0,Plena Noite,Decrescente,Céu Claro,Múltipla,Reta,-22.67178,-43.27951,DEL01-RJ,Risco Médio,Alta
sábado,BR-101,149.0,Plena Noite,Crescente,Céu Claro,Dupla,Reta,-19.39619,-40.06436,DEL04-ES,Risco Baixo,Alta
domingo,BR-116,410.0,Plena Noite,Decrescente,Céu Claro,Simples,Reta,-12.122,-38.96824,DEL02-BA,Risco Médio,Alta
quinta-feira,BR-316,58.0,Pleno dia,Crescente,Céu Claro,Dupla,Curva,-1.29983,-47.97307,DEL01-PA,Risco Médio,Baixa
terça-feira,BR-277,176.8,Pleno dia,Decrescente,Céu Claro,Simples,Não Informado,-25.42242,-50.07679,DEL08-PR,Risco Médio,Média
quarta-feira,BR-101,106.3,Pleno dia,Crescente,Céu Claro,Múltipla,Reta,-5.910564,-35.26131,DEL01-RN,Risco Médio,Alta
terça-feira,BR-235,4.0,Pleno dia,Decrescente,Céu Claro,Dupla,Reta,-10.9064,-37.1197,DEL01-SE,Risco Médio,Baixa
sábado,BR-423,94.1,Pleno dia,Crescente,Céu Claro,Simples,Reta,-8.87688,-36.47388,DEL03-PE,Risco Médio,Baixa
domingo,BR-262,380.4,Plena Noite,Decrescente,Céu Claro,Simples,Reta,-20.45157,-54.8466,DEL01-MS,Risco Médio,Média
segunda-feira,BR-381,272.2,Plena Noite,Crescente,Nublado,Simples,Reta,-19.54206,-42.68816,DEL03-MG,Risco Baixo,Alta
segunda-feira,BR-262,64.0,Plena Noite,Crescente,Nublado,Simples,Curva,-20.41726,-40.81559,DEL01-ES,Risco Baixo,Média
sábado,BR-381,729.7,Pleno dia,Decrescente,Chuva,Dupla,Curva,-21.49999,-45.21363,DEL04-MG,Risco Médio,Alta
sábado,BR-101,878.0,Plena Noite,Crescente,Céu Claro,Simples,Reta,-17.5466,-39.7192,DEL09-BA,Risco Baixo,Alta
sexta-feira,BR-277,75.0,Pleno dia,Crescente,Nublado,Dupla,Reta,-25.49473,-49.16519,DEL01-PR,Risco Médio,Média
sábado,BR-101,208.0,Pleno dia,Decrescente,Nublado,Simples,Reta,-19.7808,-40.37161,DEL02-ES,Risco Médio,Alta
quarta-feira,BR-376,616.0,Pleno dia,Decrescente,Chuva,Dupla,Reta,-25.5858,-49.17755,DEL01-PR,Risco Médio,Baixa
sexta-feira,BR-116,213.0,Plena Noite,Decrescente,Chuva,Simples,Reta,-23.42991,-46.41376,DEL01-SP,Risco Médio,Alta
domingo,BR-153,37.5,Pleno dia,Decrescente,Céu Claro,Simples,Não Informado,-20.60262,-49.32086,DEL09-SP,Risco Médio,Alta
segunda-feira,BR-364,710.0,Pleno dia,Decrescente,Céu Claro,Dupla,Reta,-8.783652,-63.86215,DEL01-RO,Risco Médio,Alta
domingo,BR-116,4.0,Plena Noite,Crescente,Nublado,Simples,Curva,-23.42277,-46.48417,DEL01-SP,Risco Médio,Alta
sábado,BR-101,419.5,Pleno dia,Decrescente,Céu Claro,Dupla,Reta,-22.9197,-43.92675,DEL03-RJ,Risco Baixo,Alta
terça-feira,BR-116,414.0,Pleno dia,Crescente,Céu Claro,Simples,Interseção de vias,-6.740304,-38.79324,DEL05-CE,Risco Médio,Alta
sexta-feira,BR-101,25.0,Plena Noite,Decrescente,Chuva,Dupla,Reta,-26.1925,-48.912,DEL03-SC,Risco Médio,Alta
quinta-feira,BR-50,70.0,Pleno dia,Decrescente,Céu Claro,Simples,Reta,-18.8514,-48.25346,DEL15-MG,Risco Médio,Média
domingo,BR-316,55.5,Pleno dia,Crescente,Nublado,Dupla,Reta,-1.302411,-47.98874,DEL01-PA,Risco Médio,Baixa
sexta-feira,BR-280,120.0,Pleno dia,Crescente,Sol,Simples,Reta,-26.26094,-49.44274,DEL06-SC,Risco Médio,Baixa
sexta-feira,BR-116,220.5,Plena Noite,Decrescente,Nublado,Múltipla,Reta,-23.46473,-46.49794,DEL01-SP,Risco Médio,Alta
domingo,BR-364,124.9,Pleno dia,Decrescente,Céu Claro,Dupla,Curva,-10.01211,-67.79876,DEL01-AC,Risco Médio,Alta
segunda-feira,BR-116,676.2,Pleno dia,Crescente,Sol,Simples,Interseção de vias,-20.89913,-42.34656,DEL07-MG,Risco Médio,Alta
terça-feira,BR-116,889.0,Plena Noite,Crescente,Céu Claro,Simples,Reta,-15.27806,-41.12881,DEL08-BA,Risco Alto,Alta
domingo,BR-392,1.5,Plena Noite,Crescente,Garoa/Chuvisco,Simples,Não Informado,-30.87242,-53.11575,DEL09-RS,Risco Médio,Média
domingo,BR-101,413.0,Pleno dia,Crescente,Céu Claro,Dupla,Reta,-22.89932,-43.86529,DEL01-RJ,Risco Médio,Alta
terça-feira,BR-116,230.0,Pleno dia,Crescente,Céu Claro,Dupla,Reta,-23.51729,-46.5811,DEL01-SP,Risco Médio,Alta
segunda-feira,BR-376,11.2,Plena Noite,Crescente,Nublado,Dupla,Reta,-23.3851,-51.90291,DEL07-PR,Risco Médio,Baixa
domingo,BR-163,535.5,Pleno dia,Decrescente,Chuva,Simples,Curva,-14.35687,-56.14872,DEL01-MT,Risco Médio,Alta
quinta-feira,BR-242,315.8,Plena Noite,Decrescente,Céu Claro,Simples,Reta,-12.00505,-48.59062,DEL02-TO,Risco Médio,Baixa
quinta-feira,BR-101,276.0,Amanhecer,Crescente,Garoa/Chuvisco,Simples,Curva,-13.19115,-39.3248,DEL01-BA,Risco Médio,Alta
sexta-feira,BR-101,27.0,Pleno dia,Decrescente,Sol,Simples,Rotatória,-26.20331,-48.91341,DEL03-SC,Risco Médio,Alta
sexta-feira,BR-101,311.0,Plena Noite,Decrescente,Céu Claro,Dupla,Reta,-22.80062,-43.05319,DEL02-RJ,Risco Médio,Alta
sexta-feira,BR-480,127.6,Pleno dia,Crescente,Sol,Simples,Reta,-27.02886,-52.6338,DEL07-SC,Risco Médio,Baixa
terça-feira,BR-365,603.5,Pleno dia,Decrescente,Sol,Simples,Reta,-18.894,-48.13528,DEL15-MG,Risco Médio,Média
terça-feira,BR-376,382.0,Plena Noite,Decrescente,Nublado,Simples,Reta,-24.4212,-50.7724,DEL03-PR,Risco Médio,Baixa
domingo,BR-101,415.8,Plena Noite,Crescente,Nublado,Simples,Não Informado,-28.9673,-49.52396,DEL02-SC,Risco Baixo,Alta
segunda-feira,BR-364,423.0,Pleno dia,Crescente,Céu Claro,Simples,Reta,-10.4525,-62.4606,DEL03-RO,Risco Médio,Alta
sábado,BR-101,209.0,Pleno dia,Decrescente,Nublado,Simples,Reta,-9.992,-36.59,DEL02-AL,Risco Médio,Alta
quinta-feira,BR-20,408.0,Plena Noite,Crescente,Céu Claro,Dupla,Interseção de vias,-3.76999,-38.67006,DEL01-CE,Risco Médio,Baixa
quinta-feira,BR-423,25.0,Anoitecer,Crescente,Céu Claro,Simples,Reta,-8.379416,-36.17292,DEL02-PE,Risco Médio,Baixa
terça-feira,BR-242,415.0,Anoitecer,Decrescente,Céu Claro,Simples,Reta,-12.42862,-41.77926,DEL06-BA,Risco Médio,Baixa
domingo,BR-262,29.4,Pleno dia,Crescente,Céu Claro,Simples,Curva,-20.37325,-40.55934,DEL01-ES,Risco Médio,Média
segunda-feira,BR-116,217.0,Pleno dia,Decrescente,Sol,Simples,Curva,-22.70207,-43.74864,DEL01-RJ,Risco Médio,Alta
quarta-feira,BR-116,269.5,Pleno dia,Crescente,Sol,Dupla,Interseção de vias,-23.6086,-46.75805,DEL04-SP,Risco Médio,Alta
terça-feira,BR-277,29.0,Pleno dia,Crescente,Garoa/Chuvisco,Dupla,Reta,-25.52875,-48.73513,DEL01-PR,Risco Médio,Média
sábado,BR-116,327.8,Plena Noite,Decrescente,Nublado,Dupla,Curva,-23.93596,-47.07099,DEL04-SP,Risco Médio,Alta
segunda-feira,BR-116,207.9,Pleno dia,Crescente,Sol,Dupla,Reta,-23.42226,-46.3934,DEL01-SP,Risco Médio,Alta
sexta-feira,BR-40,1.0,Anoitecer,Crescente,Chuva,Dupla,Reta,-16.05824,-47.98282,DEL01-DF,Risco Médio,Alta
terça-feira,BR-70,131.0,Amanhecer,Crescente,Céu Claro,Simples,Não Informado,-15.59942,-53.20801,DEL07-MT,Risco Médio,Baixa
segunda-feira,BR-376,236.1,Plena Noite,Crescente,Chuva,Simples,Não Informado,-23.58522,-51.47298,DEL07-PR,Risco Médio,Baixa
sexta-feira,BR-153,335.9,Pleno dia,Decrescente,Céu Claro,Simples,Reta,-25.48894,-50.64509,DEL03-PR,Risco Médio,Alta
sexta-feira,BR-40,113.0,Plena Noite,Crescente,Nublado,Múltipla,Não Informado,-22.70949,-43.2904,DEL01-RJ,Risco Médio,Alta
sábado,BR-163,1005.0,Plena Noite,Crescente,Céu Claro,Dupla,Reta,-2.428967,-54.73483,DEL05-PA,Risco Médio,Alta
segunda-feira,BR-381,89.0,Pleno dia,Decrescente,Céu Claro,Dupla,Reta,-23.48243,-46.55987,DEL03-SP,Risco Médio,Alta
domingo,BR-101,91.9,Plena Noite,Decrescente,Nublado,Dupla,Reta,-8.241424,-34.98749,DEL01-PE,Risco Baixo,Alta
quarta-feira,BR-262,34.2,Pleno dia,Decrescente,Céu Claro,Simples,Não Informado,-20.25693,-42.01099,DEL06-MG,Risco Médio,Média
terça-feira,BR-343,331.0,Plena Noite,Decrescente,Céu Claro,Simples,Reta,-5.057324,-42.67124,DEL01-PI,Risco Médio,Baixa
sexta-feira,BR-116,274.0,Pleno dia,Decrescente,Céu Claro,Dupla,Reta,-23.61665,-46.79045,DEL04-SP,Risco Médio,Alta
segunda-feira,BR-277,726.1,Pleno dia,Decrescente,Céu Claro,Dupla,Reta,-25.51063,-54.55668,DEL05-PR,Risco Médio,Média
segunda-feira,BR-101,67.0,Pleno dia,Crescente,Garoa/Chuvisco,Dupla,Reta,-8.042334,-34.9431,DEL01-PE,Risco Médio,Alta
sábado,BR-116,214.0,Pleno dia,Crescente,Nublado,Dupla,Reta,-22.71344,-43.73409,DEL01-RJ,Risco Médio,Alta
segunda-feira,BR-10,243.5,Pleno dia,Crescente,Céu Claro,Simples,Reta,-5.597049,-47.42825,DEL04-MA,Risco Baixo,Baixa
segunda-feira,BR-116,148.6,Pleno dia,Decrescente,Sol,Dupla,Curva,-29.15445,-51.15102,DEL05-RS,Risco Médio,Alta
sábado,BR-101,574.0,Pleno dia,Decrescente,Céu Claro,Dupla,Interseção de vias,-23.21106,-44.73373,DEL03-RJ,Risco Médio,Alta
quinta-feira,BR-369,232.0,Pleno dia,Crescente,Chuva,Simples,Reta,-23.63623,-51.67741,DEL07-PR,Risco Médio,Baixa
domingo,BR-101,1.0,Plena Noite,Crescente,Céu Claro,Dupla,Curva,-25.98919,-48.88346,DEL03-SC,Risco Baixo,Alta
domingo,BR-10,429.0,Plena Noite,Crescente,Chuva,Múltipla,Reta,-10.27921,-48.29924,DEL01-TO,Risco Médio,Baixa
sábado,BR-282,16.0,Plena Noite,Decrescente,Céu Claro,Simples,Interseção de vias,-27.65861,-48.68185,DEL01-SC,Risco Baixo,Baixa
sexta-feira,BR-60,382.0,Anoitecer,Crescente,Céu Claro,Dupla,Rotatória,-17.779,-50.8933,DEL04-GO,Risco Médio,Média
segunda-feira,BR-70,311.0,Amanhecer,Crescente,Céu Claro,Simples,Reta,-15.87417,-50.82138,DEL04-GO,Risco Médio,Baixa
sábado,BR-163,195.0,Pleno dia,Decrescente,Garoa/Chuvisco,Dupla,Reta,-25.0646,-53.5674,DEL04-PR,Risco Baixo,Alta
quinta-feira,BR-80,21.0,Plena Noite,Decrescente,Nublado,Dupla,Interseção de vias,-15.36978,-48.21958,DEL01-DF,Risco Médio,Baixa
terça-feira,BR-324,584.0,Plena Noite,Decrescente,Garoa/Chuvisco,Dupla,Reta,-12.63242,-38.47981,DEL01-BA,Risco Médio,Baixa
sábado,BR-116,208.0,Pleno dia,Decrescente,Céu Claro,Dupla,Não Informado,-26.07336,-49.74366,DEL06-SC,Risco Médio,Alta
terça-feira,BR-101,333.6,Pleno dia,Crescente,Céu Claro,Dupla,Não Informado,-28.4663,-48.99653,DEL02-SC,Risco Médio,Alta
segunda-feira,BR-101,233.0,Pleno dia,Crescente,Chuva,Dupla,Curva,-27.80376,-48.63826,DEL01-SC,Risco Médio,Alta
terça-feira,BR-407,126.2,Pleno dia,Decrescente,Céu Claro,Dupla,Interseção de vias,-9.387419,-40.52599,DEL06-PE,Risco Médio,Baixa
sexta-feira,BR-116,173.0,Pleno dia,Decrescente,Céu Claro,Múltipla,Reta,-22.79817,-43.35746,DEL01-RJ,Risco Médio,Alta
terça-feira,BR-356,273.3,Pleno dia,Decrescente,Céu Claro,Simples,Reta,-21.13693,-42.30183,DEL07-MG,Risco Médio,Baixa
domingo,BR-116,516.0,Plena Noite,Crescente,Céu Claro,Simples,Reta,-12.66884,-39.64653,DEL03-BA,Risco Médio,Alta
sexta-feira,BR-40,627.4,Plena Noite,Crescente,Céu Claro,Simples,Não Informado,-20.63592,-43.81353,DEL05-MG,Risco Médio,Alta
domingo,BR-282,58.0,Pleno dia,Crescente,Chuva,Simples,Curva,-27.68359,-49.00554,DEL01-SC,Risco Médio,Baixa
terça-feira,BR-153,330.0,Pleno dia,Crescente,Céu Claro,Dupla,Não Informado,-25.45471,-50.61962,DEL08-PR,Risco Médio,Alta
segunda-feira,BR-343,23.7,Pleno dia,Crescente,Céu Claro,Simples,Reta,-3.007861,-41.76722,DEL05-PI,Risco Médio,Baixa
quarta-feira,BR-369,149.0,Pleno dia,Crescente,Céu Claro,Dupla,Interseção de vias,-23.29286,-51.15464,DEL07-PR,Risco Médio,Baixa
sábado,BR-262,525.1,Pleno dia,Decrescente,Céu Claro,Simples,Reta,-20.38011,-56.10876,DEL03-MS,Risco Baixo,Média
domingo,BR-135,72.8,Pleno dia,Crescente,Céu Claro,Simples,Desvio Temporário,-3.157596,-44.33373,DEL01-MA,Risco Médio,Baixa
quinta-feira,BR-365,505.0,Plena Noite,Decrescente,Céu Claro,Simples,Reta,-18.95645,-47.25488,DEL10-MG,Risco Alto,Média
quinta-feira,BR-376,655.4,Plena Noite,Crescente,Chuva,Dupla,Curva,-25.84408,-49.03713,DEL01-PR,Risco Baixo,Baixa
quinta-feira,BR-101,108.2,Plena Noite,Crescente,Chuva,Dupla,Curva,-26.82738,-48.69156,DEL03-SC,Risco Alto,Alta
quinta-feira,BR-116,486.0,Plena Noite,Decrescente,Céu Claro,Dupla,Reta,-12.54979,-39.45109,DEL02-BA,Risco Médio,Alta
domingo,BR-230,37.6,Pleno dia,Crescente,Nublado,Dupla,Não Informado,-7.129293,-34.9536,DEL01-PB,Risco Alto,Baixa
domingo,BR-116,820.5,Anoitecer,Crescente,Céu Claro,Simples,Não Informado,-14.8311,-40.83719,DEL08-BA,Risco Médio,Alta
segunda-feira,BR-290,116.0,Pleno dia,Decrescente,Céu Claro,Simples,Reta,-30.0469,-51.3716,DEL02-RS,Risco Médio,Baixa
sexta-feira,BR-290,236.1,Pleno dia,Crescente,Céu Claro,Simples,Não Informado,-30.21739,-52.58161,DEL02-RS,Risco Baixo,Baixa
sábado,BR-365,517.0,Amanhecer,Crescente,Céu Claro,Simples,Reta,-18.91497,-47.37774,DEL10-MG,Risco Médio,Média
domingo,BR-20,268.5,Pleno dia,Decrescente,Céu Claro,Simples,Reta,-4.66668,-39.4016,DEL02-CE,Risco Médio,Baixa