dia_semana,br,km,fase_dia,sentido_via,condicao_metereologica,tipo_pista,tracado_via,latitude,longitude,delegacia,classificacao_acidente,postos_policiais_PRF
terça-feira,BR-376,179.0,Plena Noite,Crescente,Céu Claro,Múltipla,Reta,-23.42244,-51.9036,DEL09-PR,Risco Médio,Baixa
quarta-feira,BR-316,270.7,Anoitecer,Decrescente,Céu Claro,Simples,Reta,-6.82985,-41.7415,DEL04-PI,Risco Médio,Baixa
quinta-feira,BR-40,555.3,Amanhecer,Decrescente,Nublado,Múltipla,Reta,-20.08473,-43.97697,DEL01-MG,Risco Médio,Alta
sábado,BR-116,223.0,Anoitecer,Crescente,Céu Claro,Múltipla,Reta,-23.4756,-46.52466,DEL01-SP,Risco Baixo,Alta
quinta-feira,BR-116,20.0,Pleno dia,Crescente,Sol,Simples,Reta,-22.66629,-43.00255,DEL06-RJ,Risco Médio,Alta
sexta-feira,BR-163,120.0,Plena Noite,Decrescente,Nublado,Dupla,Não Informado,-16.50541,-54.65154,DEL02-MT,Risco Médio,Alta
sexta-feira,BR-381,483.0,Pleno dia,Decrescente,Céu Claro,Dupla,Curva,-19.9596,-44.0877,DEL01-MG,Risco Médio,Alta
sábado,BR-262,37.1,Plena Noite,Decrescente,Nublado,Simples,Curva,-20.38128,-40.61151,DEL01-ES,Risco Alto,Média
segunda-feira,BR-232,100.2,Anoitecer,Decrescente,Céu Claro,Simples,Interseção de vias,-8.239617,-35.74704,DEL01-PE,Risco Médio,Baixa
domingo,BR-101,108.0,Pleno dia,Crescente,Céu Claro,Simples,Não Informado,-9.586626,-35.9893,DEL02-AL,Risco Baixo,Alta
terça-feira,BR-163,742.4,Pleno dia,Crescente,Céu Claro,Simples,Reta,-18.50711,-54.76044,DEL06-MS,Risco Médio,Alta
quinta-feira,BR-277,670.7,Pleno dia,Crescente,Nevoeiro/Neblina,Dupla,Reta,-25.28037,-54.07911,DEL05-PR,Risco Baixo,Média
segunda-feira,BR-40,142.9,Pleno dia,Crescente,Sol,Simples,Interseção de vias,-17.74039,-46.18572,DEL14-MG,Risco Baixo,Alta
terça-feira,BR-476,277.0,Pleno dia,Decrescente,Céu Claro,Simples,Reta,-25.8752,-50.3907,DEL02-PR,Risco Médio,Baixa
sexta-feira,BR-101,84.0,Plena Noite,Crescente,Céu Claro,Dupla,Reta,-8.177786,-34.95087,DEL01-PE,Risco Baixo,Alta
terça-feira,BR-116,235.7,Pleno dia,Crescente,Sol,Dupla,Reta,-29.66336,-51.14378,DEL01-RS,Risco Médio,Alta
sábado,BR-235,42.0,Plena Noite,Crescente,Céu Claro,Simples,Reta,-10.76695,-37.38167,DEL01-SE,Risco Médio,Baixa
terça-feira,BR-230,13.6,Plena Noite,Decrescente,Céu Claro,Dupla,Reta,-7.0772,-34.8494,DEL01-PB,Risco Médio,Baixa
segunda-feira,BR-304,304.0,Pleno dia,Crescente,Sol,Dupla,Reta,-5.884971,-35.28078,DEL01-RN,Risco Médio,Baixa
sexta-feira,BR-20,5.0,Pleno dia,Decrescente,Céu Claro,Dupla,Não Informado,-15.66552,-47.8082,DEL02-DF,Risco Médio,Baixa
quarta-feira,BR-116,292.0,Plena Noite,Decrescente,Chuva,Dupla,Reta,-23.74582,-46.90003,DEL04-SP,Risco Baixo,Alta
sábado,BR-423,155.0,Plena Noite,Decrescente,Céu Claro,Simples,Reta,-9.057367,-36.93551,DEL03-PE,Risco Alto,Baixa
segunda-feira,BR-277,175.0,Pleno dia,Decrescente,Céu Claro,Simples,Não Informado,-25.43433,-50.05479,DEL08-PR,Risco Médio,Média
domingo,BR-267,305.0,Pleno dia,Crescente,Céu Claro,Simples,Curva,-21.71627,-54.64176,DEL02-MS,Risco Médio,Baixa
domingo,BR-376,170.0,Plena Noite,Decrescente,Céu Claro,Dupla,Não Informado,-23.40903,-51.98846,DEL09-PR,Risco Médio,Baixa
quinta-feira,BR-277,659.8,Plena Noite,Crescente,Céu Claro,Dupla,Reta,-25.24664,-53.98335,DEL05-PR,Risco Médio,Média
sábado,BR-116,173.0,Pleno dia,Decrescente,Céu Claro,Dupla,Reta,-22.7981,-43.35727,DEL01-RJ,Risco Baixo,Alta
quarta-feira,BR-364,1167.0,Plena Noite,Decrescente,Chuva,Simples,Reta,-13.61683,-59.11206,DEL04-MT,Risco Médio,Alta
quinta-feira,BR-470,111.3,Pleno dia,Decrescente,Chuva,Simples,Curva,-27.09539,-49.45788,DEL04-SC,Risco Médio,Baixa
sexta-feira,BR-101,199.0,Pleno dia,Crescente,Nublado,Dupla,Reta,-27.53028,-48.63273,DEL01-SC,Risco Médio,Alta
sexta-feira,BR-262,32.0,Pleno dia,Decrescente,Céu Claro,Simples,Reta,-20.25556,-41.99815,DEL06-MG,Risco Alto,Média
sábado,BR-277,582.6,Plena Noite,Crescente,Nublado,Simples,Reta,-24.97395,-53.39135,DEL04-PR,Risco Baixo,Média
domingo,BR-280,51.0,Plena Noite,Crescente,Nublado,Simples,Não Informado,-26.46539,-48.95544,DEL03-SC,Risco Médio,Baixa
domingo,BR-470,89.9,Pleno dia,Crescente,Céu Claro,Simples,Reta,-26.96157,-49.37192,DEL04-SC,Risco Médio,Baixa
quarta-feira,BR-259,39.0,Pleno dia,Decrescente,Sol,Simples,Reta,-19.55773,-40.52969,DEL02-ES,Risco Médio,Baixa
domingo,BR-330,792.0,Plena Noite,Decrescente,Céu Claro,Simples,Reta,-13.91224,-40.01407,DEL03-BA,Risco Médio,Baixa
domingo,BR-381,667.1,Plena Noite,Crescente,Ignorado,Dupla,Não Informado,-21.05932,-45.04948,DEL04-MG,Risco Médio,Alta
sábado,BR-70,708.0,Pleno dia,Crescente,Chuva,Simples,Curva,-16.22588,-57.56978,DEL03-MT,Risco Baixo,Baixa
domingo,BR-262,380.0,Pleno dia,Decrescente,Chuva,Dupla,Curva,-19.94786,-44.38123,DEL01-MG,Risco Médio,Média
sexta-feira,BR-101,65.8,Plena Noite,Decrescente,Chuva,Dupla,Curva,-8.0,-34.9415,DEL01-PE,Risco Médio,Alta
segunda-feira,BR-116,176.0,Plena Noite,Decrescente,Céu Claro,Múltipla,Reta,-22.78395,-43.38195,DEL01-RJ,Risco Médio,Alta
sexta-feira,BR-470,180.0,Pleno dia,Crescente,Céu Claro,Simples,Reta,-27.25853,-49.93432,DEL04-SC,Risco Baixo,Baixa
sexta-feira,BR-80,15.0,Pleno dia,Crescente,Céu Claro,Simples,Reta,-15.71001,-48.19949,DEL01-DF,Risco Médio,Baixa
sábado,BR-116,395.0,Pleno dia,Crescente,Céu Claro,Dupla,Reta,-24.28895,-47.4608,DEL04-SP,Risco Médio,Alta
segunda-feira,BR-251,26.8,Plena Noite,Crescente,Céu Claro,Simples,Reta,-16.10107,-47.50059,DEL01-DF,Risco Alto,Baixa
quarta-feira,BR-376,187.0,Plena Noite,Decrescente,Céu Claro,Múltipla,Reta,-23.46141,-51.8366,DEL09-PR,Risco Médio,Baixa
quarta-feira,BR-282,301.0,Pleno dia,Decrescente,Chuva,Simples,Curva,-27.53202,-50.8897,DEL07-SC,Risco Baixo,Baixa
segunda-feira,BR-116,703.0,Pleno dia,Crescente,Céu Claro,Simples,Interseção de vias,-21.12171,-42.37985,DEL07-MG,Risco Médio,Alta
sábado,BR-101,876.0,Plena Noite,Crescente,Céu Claro,Simples,Reta,-17.53236,-39.71108,DEL09-BA,Risco Médio,Alta
sexta-feira,BR-230,176.1,Pleno dia,Crescente,Céu Claro,Simples,Não Informado,-7.0,-36.0,DEL02-PB,Risco Médio,Baixa
sexta-feira,BR-116,67.0,Pleno dia,Decrescente,Nublado,Simples,Reta,-22.31694,-42.93746,DEL04-RJ,Risco Baixo,Alta
segunda-feira,BR-101,315.4,Pleno dia,Decrescente,Céu Claro,Dupla,Reta,-22.828,-43.083,DEL02-RJ,Risco Baixo,Alta
segunda-feira,BR-386,370.9,Plena Noite,Crescente,Chuva,Dupla,Reta,-29.59144,-51.82266,DEL04-RS,Risco Médio,Média
sexta-feira,BR-230,2.0,Pleno dia,Decrescente,Céu Claro,Simples,Não Informado,-6.9837,-34.8295,DEL01-PB,Risco Baixo,Baixa
domingo,BR-116,146.6,Plena Noite,Decrescente,Nublado,Simples,Reta,-25.81874,-49.3331,DEL01-PR,Risco Baixo,Alta
domingo,BR-381,886.2,Pleno dia,Decrescente,Nublado,Dupla,Reta,-22.5168,-46.0215,DEL16-MG,Risco Médio,Alta
quarta-feira,BR-230,22.0,Pleno dia,Decrescente,Sol,Dupla,Reta,-7.155347,-34.85658,DEL01-PB,Risco Médio,Baixa
domingo,BR-470,140.0,Pleno dia,Crescente,Céu Claro,Simples,Reta,-27.22248,-49.66283,DEL04-SC,Risco Baixo,Baixa
quinta-feira,BR-116,351.9,Anoitecer,Decrescente,Céu Claro,Simples,Reta,-30.54582,-51.51176,DEL02-RS,Risco Médio,Alta
sexta-feira,BR-40,652.0,Plena Noite,Crescente,Céu Claro,Simples,Reta,-20.84063,-43.79908,DEL05-MG,Risco Médio,Alta
terça-feira,BR-116,228.4,Pleno dia,Crescente,Céu Claro,Múltipla,Reta,-23.506,-46.57,DEL01-SP,Risco Médio,Alta
quinta-feira,BR-116,596.0,Pleno dia,Decrescente,Garoa/Chuvisco,Simples,Curva,-13.18014,-40.00488,DEL03-BA,Risco Médio,Alta
sábado,BR-316,28.0,Anoitecer,Decrescente,Chuva,Dupla,Reta,-1.313092,-48.22292,DEL01-PA,Risco Médio,Baixa
terça-feira,BR-230,12.0,Pleno dia,Crescente,Sol,Dupla,Curva,-7.073024,-34.84975,DEL01-PB,Risco Médio,Baixa
quarta-feira,BR-116,63.6,Plena Noite,Decrescente,Nublado,Dupla,Reta,-22.81768,-45.18153,DEL08-SP,Risco Médio,Alta
domingo,BR-316,606.9,Plena Noite,Crescente,Céu Claro,Simples,Reta,-5.05098,-42.90975,DEL03-MA,Risco Médio,Baixa
terça-feira,BR-101,47.0,Pleno dia,Decrescente,Céu Claro,Múltipla,Reta,-7.8801,-34.9053,DEL01-PE,Risco Médio,Alta
sexta-feira,BR-316,18.8,Pleno dia,Crescente,Céu Claro,Simples,Reta,-5.244772,-42.73465,DEL01-PI,Risco Alto,Baixa
quarta-feira,BR-104,88.9,Pleno dia,Decrescente,Céu Claro,Dupla,Retorno Regulamentado,-9.483752,-35.81816,DEL01-AL,Risco Médio,Baixa
domingo,BR-324,299.0,Plena Noite,Crescente,Nublado,Simples,Curva,-11.20202,-40.49072,DEL04-BA,Risco Médio,Baixa
segunda-feira,BR-101,298.0,Anoitecer,Decrescente,Céu Claro,Dupla,Reta,-22.7712,-42.9295,DEL02-RJ,Risco Médio,Alta
terça-feira,BR-163,486.7,Plena Noite,Decrescente,Céu Claro,Simples,Reta,-20.43731,-54.53957,DEL01-MS,Risco Baixo,Alta
quarta-feira,BR-101,118.0,Pleno dia,Crescente,Nublado,Múltipla,Reta,-26.9045,-48.7153,DEL04-SC,Risco Baixo,Alta
sexta-feira,BR-101,275.0,Pleno dia,Decrescente,Céu Claro,Múltipla,Reta,-28.13809,-48.69218,DEL02-SC,Risco Médio,Alta
quinta-feira,BR-40,526.9,Pleno dia,Crescente,Céu Claro,Dupla,Reta,-19.89255,-44.04985,DEL01-MG,Risco Médio,Alta
domingo,BR-101,0.2,Plena Noite,Decrescente,Céu Claro,Dupla,Interseção de vias,-20.23608,-40.27686,DEL02-ES,Risco Médio,Alta
quarta-feira,BR-381,518.0,Pleno dia,Decrescente,Céu Claro,Dupla,Não Informado,-20.111,-44.3263,DEL01-MG,Risco Médio,Alta
terça-feira,BR-304,39.0,Pleno dia,Crescente,Céu Claro,Dupla,Reta,-5.188467,-37.3741,DEL04-RN,Risco Médio,Baixa
quinta-feira,BR-153,605.9,Pleno dia,Crescente,Céu Claro,Dupla,Não Informado,-17.5952,-49.1912,DEL03-GO,Risco Médio,Alta
sábado,BR-101,103.0,Amanhecer,Crescente,Garoa/Chuvisco,Dupla,Reta,-26.784,-48.6829,DEL03-SC,Risco Médio,Alta
terça-feira,BR-381,443.0,Pleno dia,Crescente,Chuva,Simples,Curva,-19.82519,-43.83387,DEL01-MG,Risco Baixo,Alta
domingo,BR-40,509.0,Plena Noite,Crescente,Nublado,Dupla,Reta,-19.7774,-44.1209,DEL01-MG,Risco Médio,Alta
quinta-feira,BR-222,371.0,Plena Noite,Decrescente,Ignorado,Simples,Reta,-3.7662,-45.45313,DEL02-MA,Risco Médio,Baixa
domingo,BR-470,55.1,Pleno dia,Crescente,Céu Claro,Simples,Não Informado,-27.96783,-51.45809,DEL08-RS,Risco Médio,Baixa
sábado,BR-393,168.0,Plena Noite,Crescente,Céu Claro,Simples,Curva,-22.1275,-43.14702,DEL06-RJ,Risco Médio,Média
quarta-feira,BR-101,232.5,Plena Noite,Crescente,Chuva,Dupla,Não Informado,-27.79819,-48.6382,DEL01-SC,Risco Baixo,Alta
quinta-feira,BR-282,516.1,Pleno dia,Crescente,Céu Claro,Simples,Curva,-26.93937,-52.50006,DEL07-SC,Risco Médio,Baixa
quinta-feira,BR-470,71.3,Pleno dia,Decrescente,Céu Claro,Simples,Desvio Temporário,-26.88738,-49.25185,DEL04-SC,Risco Médio,Baixa
sábado,BR-116,581.2,Plena Noite,Decrescente,Céu Claro,Simples,Reta,-32.04158,-52.85337,DEL07-RS,Risco Baixo,Alta
quarta-feira,BR-40,29.0,Anoitecer,Decrescente,Céu Claro,Simples,Reta,-17.14892,-46.94276,DEL14-MG,Risco Médio,Alta
domingo,BR-40,453.0,Pleno dia,Decrescente,Nublado,Dupla,Reta,-19.3571,-44.3478,DEL02-MG,Risco Médio,Alta
quarta-feira,BR-135,1.5,Pleno dia,Crescente,Céu Claro,Dupla,Reta,-2.557125,-44.31223,DEL01-MA,Risco Médio,Baixa
domingo,BR-369,52.0,Plena Noite,Crescente,Céu Claro,Simples,Interseção de vias,-23.11163,-50.33455,DEL07-PR,Risco Médio,Baixa
domingo,BR-153,30.6,Pleno dia,Crescente,Céu Claro,Dupla,Reta,-18.67927,-49.15605,DEL15-MG,Risco Alto,Alta
sábado,BR-364,197.0,Plena Noite,Decrescente,Céu Claro,Dupla,Rotatória,-16.51126,-54.61518,DEL02-MT,Risco Médio,Alta
domingo,BR-356,34.0,Plena Noite,Decrescente,Céu Claro,Simples,Reta,-21.20442,-41.8906,DEL08-RJ,Risco Médio,Baixa
segunda-feira,BR-415,50.0,Plena Noite,Decrescente,Chuva,Simples,Reta,-14.81574,-39.29612,DEL05-BA,Risco Médio,Baixa
sexta-feira,BR-135,0.4,Pleno dia,Decrescente,Sol,Dupla,Reta,-2.580456,-44.24195,DEL01-MA,Risco Médio,Baixa
quinta-feira,BR-386,427.1,Pleno dia,Crescente,Chuva,Simples,Não Informado,-29.82187,-51.35223,DEL04-RS,Risco Baixo,Média
sexta-feira,BR-381,225.1,Plena Noite,Crescente,Nublado,Simples,Reta,-19.32412,-42.41551,DEL06-MG,Risco Alto,Alta
sexta-feira,BR-493,1.0,Pleno dia,Crescente,Nublado,Simples,Reta,-22.76399,-42.92732,DEL04-RJ,Risco Médio,Baixa
sábado,BR-101,574.0,Plena Noite,Decrescente,Céu Claro,Simples,Reta,-23.21106,-44.73373,DEL03-RJ,Risco Médio,Alta
sábado,BR-101,276.9,Plena Noite,Crescente,Nublado,Múltipla,Não Informado,-28.165,-48.69385,DEL02-SC,Risco Baixo,Alta
sábado,BR-405,32.0,Pleno dia,Decrescente,Céu Claro,Simples,Reta,-6.719008,-38.44913,DEL03-PB,Risco Médio,Baixa
domingo,BR-407,13.0,Pleno dia,Crescente,Sol,Simples,Reta,-9.512621,-40.45959,DEL04-BA,Risco Baixo,Baixa
sexta-feira,BR-235,36.9,Plena Noite,Crescente,Chuva,Simples,Reta,-10.76906,-37.3345,DEL01-SE,Risco Alto,Baixa
quinta-feira,BR-116,812.6,Pleno dia,Decrescente,Chuva,Simples,Curva,-21.84676,-42.67048,DEL07-MG,Risco Alto,Alta
quinta-feira,BR-277,20.5,Plena Noite,Crescente,Nublado,Dupla,Reta,-25.53338,-48.71195,DEL01-PR,Risco Alto,Média
sexta-feira,BR-116,219.0,Pleno dia,Crescente,Céu Claro,Simples,Reta,-23.46144,-46.48885,DEL01-SP,Risco Baixo,Alta
segunda-feira,BR-116,208.9,Pleno dia,Crescente,Nublado,Dupla,Reta,-23.42511,-46.40212,DEL01-SP,Risco Médio,Alta
sábado,BR-386,180.3,Plena Noite,Decrescente,Céu Claro,Simples,Reta,-28.30044,-52.74493,DEL08-RS,Risco Médio,Média
segunda-feira,BR-116,39.9,Plena Noite,Decrescente,Nublado,Simples,Curva,-22.14165,-42.78918,DEL04-RJ,Risco Médio,Alta
domingo,BR-40,55.1,Pleno dia,Decrescente,Nublado,Dupla,Reta,-22.36201,-43.12644,DEL06-RJ,Risco Médio,Alta
terça-feira,BR-163,830.0,Amanhecer,Crescente,Nublado,Dupla,Reta,-17.66326,-54.74797,DEL06-MS,Risco Médio,Alta
sexta-feira,BR-116,168.7,Pleno dia,Decrescente,Céu Claro,Simples,Desvio Temporário,-25.87257,-49.46296,DEL01-PR,Risco Médio,Alta
segunda-feira,BR-381,654.1,Pleno dia,Decrescente,Chuva,Dupla,Curva,-20.97481,-44.93776,DEL04-MG,Risco Médio,Alta
domingo,BR-158,51.0,Amanhecer,Decrescente,Céu Claro,Simples,Reta,-19.28688,-51.47552,DEL08-MS,Risco Médio,Baixa
quarta-feira,BR-376,173.8,Plena Noite,Crescente,Nublado,Dupla,Não Informado,-23.41722,-51.95892,DEL09-PR,Risco Médio,Baixa
domingo,BR-116,194.0,Pleno dia,Crescente,Nublado,Múltipla,Reta,-22.73712,-43.53794,DEL01-RJ,Risco Alto,Alta
sábado,BR-116,217.0,Pleno dia,Decrescente,Nublado,Múltipla,Reta,-23.45424,-46.47119,DEL01-SP,Risco Baixo,Alta
sexta-feira,BR-40,503.0,Plena Noite,Crescente,Céu Claro,Dupla,Desvio Temporário,-19.7353,-44.1505,DEL02-MG,Risco Médio,Alta
quarta-feira,BR-282,43.1,Amanhecer,Decrescente,Garoa/Chuvisco,Simples,Curva,-27.71935,-48.89853,DEL01-SC,Risco Baixo,Baixa
segunda-feira,BR-407,505.0,Pleno dia,Crescente,Céu Claro,Simples,Reta,-7.624902,-41.28828,DEL04-PI,Risco Alto,Baixa
segunda-feira,BR-101,329.0,Pleno dia,Decrescente,Céu Claro,Dupla,Reta,-22.86939,-43.17564,DEL02-RJ,Risco Médio,Alta
quarta-feira,BR-381,941.0,Plena Noite,Decrescente,Céu Claro,Dupla,Curva,-22.86022,-46.34261,DEL16-MG,Risco Médio,Alta
domingo,BR-116,200.6,Plena Noite,Decrescente,Céu Claro,Dupla,Reta,-22.72582,-43.65423,DEL01-RJ,Risco Baixo,Alta
domingo,BR-163,645.0,Pleno dia,Crescente,Sol,Simples,Reta,-4.549433,-55.91569,DEL05-PA,Risco Alto,Alta
domingo,BR-116,125.2,Plena Noite,Crescente,Nublado,Dupla,Reta,-23.09873,-45.68608,DEL06-SP,Risco Alto,Alta
domingo,BR-116,211.9,Plena Noite,Crescente,Céu Claro,Múltipla,Reta,-23.436,-46.429,DEL01-SP,Risco Médio,Alta
sábado,BR-343,320.4,Pleno dia,Decrescente,Céu Claro,Simples,Reta,-5.048756,-42.56928,DEL01-PI,Risco Médio,Baixa
domingo,BR-101,37.0,Plena Noite,Decrescente,Céu Claro,Múltipla,Reta,-26.293,-48.8845,DEL03-SC,Risco Médio,Alta
sexta-feira,BR-262,771.3,Pleno dia,Decrescente,Sol,Simples,Reta,-19.08286,-57.62168,DEL03-MS,Risco Baixo,Média
domingo,BR-116,57.1,Pleno dia,Crescente,Céu Claro,Simples,Reta,-4.231292,-38.47876,DEL03-CE,Risco Médio,Alta
terça-feira,BR-116,263.0,Pleno dia,Crescente,Nublado,Dupla,Curva,-22.5753,-44.1153,DEL07-RJ,Risco Baixo,Alta
quinta-feira,BR-116,100.0,Plena Noite,Decrescente,Céu Claro,Dupla,Reta,-25.53379,-49.14664,DEL01-PR,Risco Baixo,Alta
sábado,BR-101,214.7,Pleno dia,Decrescente,Céu Claro,Dupla,Interseção de vias,-27.64443,-48.67057,DEL01-SC,Risco Médio,Alta
domingo,BR-70,450.0,Plena Noite,Crescente,Céu Claro,Simples,Reta,-15.91049,-52.10678,DEL04-GO,Risco Médio,Baixa
quarta-feira,BR-40,6.9,Anoitecer,Crescente,Céu Claro,Dupla,Reta,-16.1069,-47.97351,DEL01-DF,Risco Médio,Alta
quinta-feira,BR-262,6.5,Pleno dia,Decrescente,Sol,Dupla,Não Informado,-20.34007,-40.39451,DEL01-ES,Risco Médio,Média
quarta-feira,BR-40,509.1,Anoitecer,Crescente,Nublado,Dupla,Reta,-19.76993,-44.12742,DEL01-MG,Risco Médio,Alta
sexta-feira,BR-153,108.0,Plena Noite,Decrescente,Céu Claro,Simples,Reta,-19.29654,-48.90748,DEL15-MG,Risco Médio,Alta
segunda-feira,BR-101,23.0,Pleno dia,Decrescente,Sol,Dupla,Reta,-7.6845,-34.9237,DEL01-PE,Risco Baixo,Alta
quinta-feira,BR-163,835.0,Pleno dia,Crescente,Céu Claro,Simples,Rotatória,-11.86719,-55.49673,DEL06-MT,Risco Médio,Alta
sábado,BR-381,636.0,Pleno dia,Crescente,Chuva,Dupla,Curva,-20.86219,-44.84108,DEL04-MG,Risco Médio,Alta
terça-feira,BR-101,623.4,Pleno dia,Crescente,Chuva,Simples,Curva,-15.85878,-39.52039,DEL05-BA,Risco Alto,Alta
segunda-feira,BR-101,213.9,Pleno dia,Crescente,Céu Claro,Múltipla,Reta,-27.6446,-48.6705,DEL01-SC,Risco Médio,Alta
domingo,BR-393,106.0,Plena Noite,Decrescente,Céu Claro,Simples,Reta,-21.87764,-42.67026,DEL04-RJ,Risco Alto,Média
quarta-feira,BR-364,15.0,Pleno dia,Crescente,Céu Claro,Simples,Interseção de vias,-12.73673,-60.14804,DEL04-RO,Risco Médio,Alta
domingo,BR-365,810.3,Plena Noite,Crescente,Céu Claro,Simples,Reta,-18.89045,-50.16243,DEL15-MG,Risco Médio,Média
sábado,BR-282,623.4,Pleno dia,Crescente,Sol,Simples,Reta,-26.79908,-53.34218,DEL07-SC,Risco Baixo,Baixa
quarta-feira,BR-304,36.0,Pleno dia,Decrescente,Céu Claro,Simples,Reta,-5.168536,-37.3554,DEL04-RN,Risco Médio,Baixa
sábado,BR-290,103.0,Pleno dia,Crescente,Céu Claro,Dupla,Ponte,-29.99017,-51.26577,DEL01-RS,Risco Médio,Baixa
sábado,BR-393,284.0,Pleno dia,Crescente,Céu Claro,Dupla,Reta,-22.49507,-44.07027,DEL05-RJ,Risco Médio,Média
quarta-feira,BR-369,500.7,Plena Noite,Crescente,Céu Claro,Simples,Não Informado,-24.79268,-53.28859,DEL04-PR,Risco Médio,Baixa
terça-feira,BR-262,1.8,Pleno dia,Decrescente,Nublado,Múltipla,Reta,-20.33291,-40.35882,DEL01-ES,Risco Médio,Média
terça-feira,BR-407,132.1,Pleno dia,Decrescente,Céu Claro,Simples,Desvio Temporário,-10.50289,-40.15595,DEL04-BA,Risco Médio,Baixa
sábado,BR-364,296.2,Pleno dia,Crescente,Céu Claro,Dupla,Reta,-15.85784,-55.13083,DEL02-MT,Risco Médio,Alta
sábado,BR-101,138.8,Pleno dia,Decrescente,Céu Claro,Múltipla,Reta,-19.30849,-40.08086,DEL04-ES,Risco Baixo,Alta
domingo,BR-163,82.0,Amanhecer,Decrescente,Garoa/Chuvisco,Simples,Reta,-25.718,-53.7775,DEL02-PR,Risco Médio,Alta
quarta-feira,BR-70,8.0,Pleno dia,Crescente,Chuva,Dupla,Reta,-15.78497,-48.12211,DEL01-DF,Risco Baixo,Baixa
terça-feira,BR-163,65.9,Pleno dia,Decrescente,Nublado,Dupla,Reta,-27.54115,-48.55064,DEL07-SC,Risco Médio,Alta
domingo,BR-401,6.0,Pleno dia,Decrescente,Nublado,Dupla,Reta,2.790518,-60.64301,DEL01-RR,Risco Médio,Baixa
sábado,BR-316,61.0,Pleno dia,Decrescente,Céu Claro,Dupla,Interseção de vias,-1.29686,-47.94639,DEL01-PA,Risco Médio,Baixa
quinta-feira,BR-101,243.0,Plena Noite,Crescente,Chuva,Múltipla,Reta,-27.8842,-48.6475,DEL01-SC,Risco Médio,Alta
sexta-feira,BR-116,224.0,Plena Noite,Decrescente,Nublado,Múltipla,Reta,-23.48072,-46.53272,DEL01-SP,Risco Médio,Alta
quinta-feira,BR-101,266.0,Pleno dia,Crescente,Céu Claro,Dupla,Reta,-20.19703,-40.26938,DEL02-ES,Risco Médio,Alta
quinta-feira,BR-364,605.0,Plena Noite,Crescente,Céu Claro,Simples,Curva,-14.4238,-56.305,DEL01-MT,Risco Médio,Alta
sábado,BR-163,677.0,Pleno dia,Decrescente,Chuva,Simples,Reta,-18.96,-54.83,DEL06-MS,Risco Baixo,Alta
sábado,BR-101,343.0,Plena Noite,Decrescente,Chuva,Simples,Reta,-20.66363,-40.59586,DEL03-ES,Risco Alto,Alta
sexta-feira,BR-116,132.0,Plena Noite,Decrescente,Céu Claro,Dupla,Reta,-25.65845,-49.31236,DEL01-PR,Risco Médio,Alta
quarta-feira,BR-153,494.9,Pleno dia,Decrescente,Céu Claro,Simples,Não Informado,-10.15535,-48.88315,DEL02-TO,Risco Médio,Alta
sábado,BR-262,100.0,Pleno dia,Crescente,Nublado,Simples,Reta,-20.3489,-41.10207,DEL01-ES,Risco Baixo,Média
domingo,BR-135,35.0,Plena Noite,Crescente,Céu Claro,Simples,Reta,-2.8484,-44.3747,DEL01-MA,Risco Alto,Baixa
sexta-feira,BR-116,32.0,Plena Noite,Decrescente,Nublado,Simples,Reta,-15.91576,-41.39625,DEL11-MG,Risco Baixo,Alta
terça-feira,BR-324,357.0,Pleno dia,Crescente,Céu Claro,Simples,Reta,-11.39067,-39.98231,DEL04-BA,Risco Médio,Baixa
segunda-feira,BR-101,61.9,Pleno dia,Decrescente,Céu Claro,Dupla,Reta,-7.990971,-34.93598,DEL01-PE,Risco Médio,Alta
sábado,BR-135,101.8,Plena Noite,Crescente,Céu Claro,Simples,Reta,-7.473255,-43.87008,DEL03-PI,Risco Médio,Baixa
terça-feira,BR-153,143.5,Pleno dia,Crescente,Céu Claro,Dupla,Rotatória,-7.193466,-48.2347,DEL02-TO,Risco Médio,Alta
sábado,BR-230,24.8,Pleno dia,Decrescente,Sol,Dupla,Curva,-7.170903,-34.86783,DEL01-PB,Risco Médio,Baixa
quarta-feira,BR-282,18.3,Plena Noite,Crescente,Chuva,Simples,Reta,-27.6728,-48.69429,DEL01-SC,Risco Médio,Baixa
domingo,BR-290,96.5,Pleno dia,Decrescente,Nublado,Dupla,Reta,-29.99211,-51.20452,DEL01-RS,Risco Baixo,Baixa
quarta-feira,BR-381,671.5,Plena Noite,Crescente,Garoa/Chuvisco,Dupla,Curva,-21.0662,-45.05115,DEL04-MG,Risco Médio,Alta
terça-feira,BR-116,436.7,Plena Noite,Decrescente,Céu Claro,Simples,Reta,-19.04421,-41.99275,DEL06-MG,Risco Médio,Alta
quinta-feira,BR-364,254.0,Plena Noite,Crescente,Céu Claro,Simples,Desvio Temporário,-16.08583,-54.8708,DEL02-MT,Risco Médio,Alta
sexta-feira,BR-116,39.2,Pleno dia,Decrescente,Céu Claro,Simples,Interseção de vias,-28.51347,-50.93389,DEL05-RS,Risco Médio,Alta
quinta-feira,BR-101,242.0,Pleno dia,Crescente,Céu Claro,Simples,Reta,-12.8271,-39.2001,DEL01-BA,Risco Baixo,Alta
segunda-feira,BR-101,335.0,Pleno dia,Crescente,Nublado,Simples,Viaduto,-20.62718,-40.52742,DEL03-ES,Risco Médio,Alta
quinta-feira,BR-267,302.8,Pleno dia,Crescente,Chuva,Simples,Reta,-21.95643,-44.91078,DEL05-MG,Risco Médio,Baixa