dia_semana,br,km,fase_dia,sentido_via,condicao_metereologica,tipo_pista,tracado_via,latitude,longitude,delegacia,classificacao_acidente,postos_policiais_PRF
domingo,BR-101,195.0,Plena Noite,Decrescente,Chuva,Múltipla,Reta,-27.5055,-48.6491,DEL01-SC,Risco Médio,Alta
terça-feira,BR-101,4.0,Pleno dia,Decrescente,Chuva,Simples,Reta,-21.25155,-41.32615,DEL08-RJ,Risco Médio,Alta
sexta-feira,BR-381,737.8,Pleno dia,Crescente,Céu Claro,Dupla,Não Informado,-21.5974,-45.2388,DEL16-MG,Risco Médio,Alta
quinta-feira,BR-163,1062.0,Pleno dia,Crescente,Céu Claro,Simples,Reta,-9.9731,-54.9056,DEL06-MT,Risco Baixo,Alta
sábado,BR-319,63.0,Amanhecer,Crescente,Sol,Dupla,Reta,-8.759139,-63.88561,DEL01-RO,Risco Baixo,Baixa
sábado,BR-365,750.0,Plena Noite,Crescente,Céu Claro,Dupla,Reta,-18.94742,-49.45964,DEL15-MG,Risco Médio,Média
terça-feira,BR-381,920.6,Plena Noite,Crescente,Céu Claro,Dupla,Não Informado,-22.76108,-46.16264,DEL16-MG,Risco Médio,Alta
domingo,BR-50,234.0,Pleno dia,Crescente,Chuva,Dupla,Não Informado,-17.8361,-47.7727,DEL06-GO,Risco Baixo,Média
terça-feira,BR-222,1.3,Plena Noite,Crescente,Céu Claro,Múltipla,Reta,-3.737804,-38.57806,DEL01-CE,Risco Baixo,Baixa
terça-feira,BR-369,487.0,Pleno dia,Crescente,Céu Claro,Simples,Curva,-24.69378,-53.2397,DEL04-PR,Risco Médio,Baixa
domingo,BR-70,707.0,Pleno dia,Crescente,Céu Claro,Simples,Reta,-16.24565,-57.48585,DEL03-MT,Risco Médio,Baixa
sexta-feira,BR-116,11.0,Pleno dia,Decrescente,Céu Claro,Múltipla,Reta,-3.843947,-38.49892,DEL01-CE,Risco Médio,Alta
segunda-feira,BR-116,227.0,Plena Noite,Decrescente,Nublado,Múltipla,Reta,-23.49659,-46.55649,DEL01-SP,Risco Médio,Alta
terça-feira,BR-163,9.0,Pleno dia,Decrescente,Céu Claro,Dupla,Reta,-26.25752,-53.62584,DEL02-PR,Risco Médio,Alta
segunda-feira,BR-386,245.3,Pleno dia,Crescente,Céu Claro,Simples,Reta,-28.80432,-52.50708,DEL04-RS,Risco Médio,Média
segunda-feira,BR-101,85.1,Plena Noite,Crescente,Céu Claro,Dupla,Reta,-7.145382,-34.91663,DEL01-PB,Risco Médio,Alta
segunda-feira,BR-418,47.2,Pleno dia,Crescente,Céu Claro,Simples,Reta,-17.10999,-40.51758,DEL09-BA,Risco Baixo,Baixa
segunda-feira,BR-230,33.5,Pleno dia,Decrescente,Nublado,Dupla,Viaduto,-7.131345,-34.93278,DEL01-PB,Risco Médio,Baixa
sexta-feira,BR-116,100.2,Pleno dia,Crescente,Nublado,Dupla,Reta,-25.53379,-49.14664,DEL01-PR,Risco Alto,Alta
segunda-feira,BR-153,147.2,Anoitecer,Decrescente,Céu Claro,Simples,Desvio Temporário,-24.18058,-50.2114,DEL07-PR,Risco Baixo,Alta
sábado,BR-222,3.7,Pleno dia,Crescente,Céu Claro,Simples,Reta,-3.740377,-38.59569,DEL01-CE,Risco Médio,Baixa
quarta-feira,BR-324,565.6,Pleno dia,Crescente,Céu Claro,Dupla,Reta,-12.5303,-38.60274,DEL01-BA,Risco Médio,Baixa
terça-feira,BR-116,125.0,Pleno dia,Crescente,Céu Claro,Dupla,Reta,-25.59505,-49.31631,DEL01-PR,Risco Médio,Alta
domingo,BR-153,427.8,Plena Noite,Decrescente,Céu Claro,Dupla,Reta,-16.22934,-49.00944,DEL02-GO,Risco Médio,Alta
segunda-feira,BR-280,52.1,Plena Noite,Decrescente,Nublado,Simples,Reta,-26.46944,-48.96627,DEL03-SC,Risco Médio,Baixa
domingo,BR-163,31.0,Pleno dia,Decrescente,Céu Claro,Simples,Reta,-23.84168,-54.33554,DEL09-MS,Risco Baixo,Alta
quinta-feira,BR-70,31.0,Pleno dia,Crescente,Céu Claro,Simples,Curva,-15.79253,-52.48943,DEL07-MT,Risco Alto,Baixa
quarta-feira,BR-104,88.0,Plena Noite,Decrescente,Céu Claro,Dupla,Reta,-9.483752,-35.81816,DEL01-AL,Risco Médio,Baixa
sexta-feira,BR-101,208.0,Anoitecer,Crescente,Garoa/Chuvisco,Múltipla,Curva,-27.60328,-48.63202,DEL01-SC,Risco Médio,Alta
segunda-feira,BR-116,1.0,Anoitecer,Decrescente,Céu Claro,Simples,Retorno Regulamentado,-29.98207,-51.17991,DEL05-RS,Risco Baixo,Alta
sábado,BR-116,303.0,Amanhecer,Crescente,Nublado,Dupla,Reta,-22.45435,-44.37845,DEL07-RJ,Risco Alto,Alta
domingo,BR-381,90.0,Plena Noite,Decrescente,Garoa/Chuvisco,Dupla,Reta,-23.49479,-46.5596,DEL03-SP,Risco Médio,Alta
sábado,BR-282,502.0,Pleno dia,Crescente,Céu Claro,Simples,Não Informado,-26.88458,-52.39091,DEL07-SC,Risco Médio,Baixa
quinta-feira,BR-153,50.9,Pleno dia,Crescente,Céu Claro,Dupla,Desvio Temporário,-18.82841,-49.08837,DEL15-MG,Risco Médio,Alta
terça-feira,BR-116,427.9,Plena Noite,Decrescente,Nublado,Dupla,Reta,-24.39236,-47.72343,DEL05-SP,Risco Médio,Alta
terça-feira,BR-367,24.0,Pleno dia,Decrescente,Céu Claro,Simples,Reta,-16.46673,-39.05914,DEL09-BA,Risco Médio,Baixa
domingo,BR-101,512.0,Anoitecer,Crescente,Céu Claro,Simples,Desvio Temporário,-14.8508,-39.2813,DEL05-BA,Risco Baixo,Alta
sexta-feira,BR-324,515.0,Plena Noite,Crescente,Céu Claro,Simples,Não Informado,-12.24098,-38.93838,DEL02-BA,Risco Baixo,Baixa
quarta-feira,BR-116,38.0,Pleno dia,Decrescente,Nublado,Simples,Interseção de vias,-28.50548,-50.92516,DEL05-RS,Risco Médio,Alta
segunda-feira,BR-304,294.6,Pleno dia,Crescente,Sol,Simples,Reta,-5.86738,-35.36818,DEL01-RN,Risco Baixo,Baixa
sábado,BR-101,415.2,Plena Noite,Decrescente,Nublado,Simples,Reta,-28.96028,-49.51646,DEL02-SC,Risco Baixo,Alta
sábado,BR-60,134.8,Pleno dia,Crescente,Sol,Dupla,Reta,-16.5827,-49.1876,DEL01-GO,Risco Médio,Média
terça-feira,BR-101,304.0,Anoitecer,Crescente,Nublado,Múltipla,Reta,-28.38833,-48.77517,DEL02-SC,Risco Médio,Alta
segunda-feira,BR-101,10.0,Pleno dia,Decrescente,Sol,Múltipla,Reta,-7.586792,-34.98736,DEL01-PE,Risco Médio,Alta
segunda-feira,BR-376,133.0,Anoitecer,Decrescente,Garoa/Chuvisco,Múltipla,Reta,-25.4744,-49.25773,DEL09-PR,Risco Médio,Baixa
sexta-feira,BR-101,271.2,Pleno dia,Crescente,Céu Claro,Simples,Interseção de vias,-20.23099,-40.27887,DEL02-ES,Risco Baixo,Alta
terça-feira,BR-101,365.0,Plena Noite,Crescente,Nublado,Simples,Reta,-12.0,-38.0,DEL05-BA,Risco Alto,Alta
segunda-feira,BR-393,2.2,Pleno dia,Decrescente,Nublado,Simples,Rotatória,-20.83243,-41.17491,DEL03-ES,Risco Médio,Média
sábado,BR-101,520.0,Pleno dia,Crescente,Sol,Simples,Reta,-23.0052,-44.45276,DEL03-RJ,Risco Médio,Alta
quinta-feira,BR-222,666.5,Plena Noite,Crescente,Céu Claro,Simples,Não Informado,-4.8864,-47.37175,DEL04-MA,Risco Baixo,Baixa
segunda-feira,BR-101,158.0,Pleno dia,Crescente,Garoa/Chuvisco,Simples,Curva,-22.26971,-41.8675,DEL08-RJ,Risco Alto,Alta
quinta-feira,BR-116,537.3,Plena Noite,Crescente,Nublado,Simples,Reta,-19.8662,-42.13524,DEL06-MG,Risco Médio,Alta
domingo,BR-163,989.0,Plena Noite,Crescente,Céu Claro,Simples,Reta,-2.565797,-54.72138,DEL05-PA,Risco Médio,Alta
sexta-feira,BR-70,281.0,Plena Noite,Crescente,Céu Claro,Simples,Reta,-15.56703,-54.30513,DEL05-MT,Risco Médio,Baixa
segunda-feira,BR-158,203.0,Pleno dia,Crescente,Céu Claro,Simples,Não Informado,-28.71189,-53.59961,DEL10-RS,Risco Médio,Baixa
domingo,BR-381,926.1,Pleno dia,Crescente,Céu Claro,Dupla,Não Informado,-22.76845,-46.2076,DEL16-MG,Risco Médio,Alta
domingo,BR-448,0.0,Plena Noite,Decrescente,Garoa/Chuvisco,Dupla,Curva,-29.82725,-51.17332,DEL01-RS,Risco Baixo,Baixa
sábado,BR-277,133.0,Plena Noite,Crescente,Garoa/Chuvisco,Dupla,Reta,-25.47161,-49.66808,DEL01-PR,Risco Médio,Média
quarta-feira,BR-135,6.0,Plena Noite,Crescente,Céu Claro,Dupla,Reta,-2.627058,-44.26202,DEL01-MA,Risco Baixo,Baixa
quarta-feira,BR-101,21.0,Pleno dia,Crescente,Céu Claro,Dupla,Curva,-26.1569,-48.9077,DEL03-SC,Risco Médio,Alta
quinta-feira,BR-282,424.8,Pleno dia,Crescente,Nublado,Simples,Curva,-26.98801,-51.75312,DEL07-SC,Risco Médio,Baixa
sábado,BR-116,699.6,Pleno dia,Crescente,Nublado,Simples,Reta,-21.0947,-42.3737,DEL07-MG,Risco Médio,Alta
terça-feira,BR-116,20.0,Plena Noite,Crescente,Chuva,Dupla,Reta,-25.10052,-48.72982,DEL01-PR,Risco Médio,Alta
segunda-feira,BR-116,128.5,Pleno dia,Decrescente,Sol,Dupla,Desvio Temporário,-23.11495,-45.7117,DEL06-SP,Risco Baixo,Alta
terça-feira,BR-116,40.3,Pleno dia,Crescente,Céu Claro,Dupla,Reta,-4.09497,-38.50352,DEL01-CE,Risco Médio,Alta
terça-feira,BR-50,203.0,Pleno dia,Crescente,Céu Claro,Simples,Reta,-17.5986,-47.7992,DEL06-GO,Risco Baixo,Média
sexta-feira,BR-364,11.0,Pleno dia,Crescente,Céu Claro,Simples,Curva,-12.74606,-60.1127,DEL04-RO,Risco Médio,Alta
sexta-feira,BR-290,32.0,Pleno dia,Decrescente,Céu Claro,Dupla,Reta,-29.8852,-50.5764,DEL03-RS,Risco Médio,Baixa
domingo,BR-116,817.0,Pleno dia,Decrescente,Nublado,Simples,Reta,-14.78186,-40.73871,DEL08-BA,Risco Médio,Alta
quinta-feira,BR-153,40.8,Plena Noite,Decrescente,Céu Claro,Simples,Não Informado,-20.6197,-49.33411,DEL09-SP,Risco Médio,Alta
sábado,BR-277,111.0,Amanhecer,Decrescente,Chuva,Dupla,Não Informado,-25.43731,-49.36497,DEL01-PR,Risco Baixo,Média
quarta-feira,BR-101,503.0,Pleno dia,Decrescente,Chuva,Simples,Reta,-22.92895,-44.3788,DEL03-RJ,Risco Médio,Alta
quarta-feira,BR-488,1.5,Plena Noite,Crescente,Céu Claro,Dupla,Reta,-22.85016,-45.23181,DEL08-SP,Risco Médio,Baixa
terça-feira,BR-101,299.0,Plena Noite,Decrescente,Ignorado,Dupla,Reta,-22.77433,-42.93823,DEL02-RJ,Risco Baixo,Alta
quinta-feira,BR-381,518.3,Plena Noite,Decrescente,Céu Claro,Dupla,Curva,-20.1107,-44.32301,DEL01-MG,Risco Baixo,Alta
sexta-feira,BR-226,242.3,Plena Noite,Crescente,Céu Claro,Simples,Reta,-6.049646,-36.99317,DEL03-RN,Risco Alto,Baixa
quarta-feira,BR-222,664.0,Plena Noite,Decrescente,Céu Claro,Simples,Reta,-4.889208,-47.37658,DEL04-MA,Risco Médio,Baixa
terça-feira,BR-135,7.0,Amanhecer,Decrescente,Céu Claro,Dupla,Não Informado,-2.636088,-44.26849,DEL01-MA,Risco Médio,Baixa
domingo,BR-116,122.0,Plena Noite,Decrescente,Nublado,Dupla,Curva,-25.60821,-49.31909,DEL01-PR,Risco Baixo,Alta
segunda-feira,BR-40,102.0,Pleno dia,Crescente,Céu Claro,Múltipla,Reta,-22.6205,-43.2868,DEL01-RJ,Risco Baixo,Alta
quinta-feira,BR-153,220.8,Plena Noite,Decrescente,Céu Claro,Simples,Reta,-22.0056,-49.91107,DEL07-SP,Risco Alto,Alta
sexta-feira,BR-40,105.0,Anoitecer,Decrescente,Céu Claro,Múltipla,Reta,-22.63785,-43.28429,DEL01-RJ,Risco Médio,Alta
quinta-feira,BR-104,116.1,Anoitecer,Crescente,Céu Claro,Simples,Curva,-7.180221,-35.86481,DEL02-PB,Risco Médio,Baixa
segunda-feira,BR-163,1004.0,Pleno dia,Decrescente,Sol,Dupla,Reta,-2.438245,-54.73277,DEL05-PA,Risco Médio,Alta
segunda-feira,BR-316,17.0,Pleno dia,Decrescente,Céu Claro,Dupla,Reta,-1.36445,-48.28751,DEL01-PA,Risco Médio,Baixa
domingo,BR-304,48.3,Plena Noite,Decrescente,Céu Claro,Dupla,Reta,-5.228686,-37.32203,DEL04-RN,Risco Médio,Baixa
segunda-feira,BR-110,209.0,Plena Noite,Crescente,Céu Claro,Simples,Reta,-11.18521,-38.49876,DEL07-BA,Risco Médio,Baixa
segunda-feira,BR-285,332.5,Pleno dia,Crescente,Céu Claro,Simples,Curva,-28.30262,-52.74425,DEL08-RS,Risco Médio,Baixa
quarta-feira,BR-20,422.0,Pleno dia,Decrescente,Céu Claro,Dupla,Reta,-3.76999,-38.67006,DEL01-CE,Risco Médio,Baixa
segunda-feira,BR-116,99.0,Pleno dia,Crescente,Céu Claro,Dupla,Curva,-22.48851,-42.99935,DEL04-RJ,Risco Médio,Alta
sábado,BR-407,125.0,Pleno dia,Decrescente,Céu Claro,Dupla,Reta,-9.377393,-40.53596,DEL06-PE,Risco Baixo,Baixa
sábado,BR-424,88.0,Plena Noite,Crescente,Céu Claro,Simples,Desvio Temporário,-8.88171,-36.50792,DEL03-PE,Risco Médio,Baixa
quinta-feira,BR-101,83.0,Pleno dia,Decrescente,Nublado,Múltipla,Não Informado,-9.451163,-35.86953,DEL01-AL,Risco Médio,Alta
domingo,BR-101,403.0,Pleno dia,Crescente,Chuva,Simples,Curva,-14.1168,-39.36407,DEL05-BA,Risco Médio,Alta
segunda-feira,BR-262,3.9,Plena Noite,Crescente,Chuva,Múltipla,Curva,-20.33374,-40.36911,DEL01-ES,Risco Médio,Média
quarta-feira,BR-381,703.5,Plena Noite,Crescente,Céu Claro,Dupla,Reta,-21.3063,-45.15805,DEL04-MG,Risco Médio,Alta
sábado,BR-158,111.0,Pleno dia,Decrescente,Sol,Simples,Reta,-19.79621,-51.11301,DEL08-MS,Risco Baixo,Baixa
quarta-feira,BR-153,502.9,Plena Noite,Crescente,Céu Claro,Dupla,Reta,-16.72772,-49.24198,DEL01-GO,Risco Médio,Alta
sábado,BR-40,482.1,Plena Noite,Crescente,Céu Claro,Dupla,Não Informado,-19.55921,-44.24033,DEL02-MG,Risco Médio,Alta
quinta-feira,BR-116,267.8,Plena Noite,Decrescente,Céu Claro,Dupla,Reta,-29.94904,-51.17647,DEL01-RS,Risco Médio,Alta
sábado,BR-40,2.0,Pleno dia,Crescente,Garoa/Chuvisco,Dupla,Reta,-16.06713,-47.98423,DEL01-DF,Risco Baixo,Alta
sexta-feira,BR-40,129.2,Plena Noite,Decrescente,Céu Claro,Simples,Reta,-17.70395,-46.29471,DEL14-MG,Risco Médio,Alta
sábado,BR-116,10.4,Plena Noite,Decrescente,Céu Claro,Simples,Desvio Temporário,-14.86253,-40.87416,DEL08-BA,Risco Médio,Alta
domingo,BR-230,50.0,Plena Noite,Decrescente,Céu Claro,Simples,Reta,-6.607965,-43.40563,DEL03-PI,Risco Médio,Baixa
quarta-feira,BR-381,60.8,Pleno dia,Crescente,Chuva,Dupla,Curva,-23.28958,-46.5873,DEL03-SP,Risco Médio,Alta
sábado,BR-101,124.3,Plena Noite,Decrescente,Céu Claro,Dupla,Reta,-26.94471,-48.68942,DEL04-SC,Risco Médio,Alta
quinta-feira,BR-364,135.0,Plena Noite,Crescente,Céu Claro,Simples,Não Informado,-16.79847,-54.16593,DEL02-MT,Risco Alto,Alta
segunda-feira,BR-116,276.5,Pleno dia,Crescente,Céu Claro,Simples,Curva,-17.85106,-41.51454,DEL11-MG,Risco Médio,Alta
sábado,BR-392,639.4,Plena Noite,Crescente,Nublado,Simples,Reta,-28.1382,-54.5891,DEL10-RS,Risco Baixo,Média
sábado,BR-316,324.2,Pleno dia,Crescente,Céu Claro,Simples,Reta,-7.097811,-41.35221,DEL04-PI,Risco Médio,Baixa
sexta-feira,BR-381,615.4,Pleno dia,Decrescente,Chuva,Dupla,Curva,-20.71924,-44.76606,DEL04-MG,Risco Baixo,Alta
sexta-feira,BR-232,62.0,Plena Noite,Crescente,Nublado,Simples,Reta,-8.155986,-35.42308,DEL01-PE,Risco Baixo,Baixa
quarta-feira,BR-381,487.4,Anoitecer,Crescente,Chuva,Dupla,Reta,-19.9572,-44.1243,DEL01-MG,Risco Médio,Alta
quinta-feira,BR-262,244.3,Anoitecer,Decrescente,Nublado,Simples,Curva,-20.4542,-53.80637,DEL01-MS,Risco Médio,Média
segunda-feira,BR-116,827.0,Plena Noite,Decrescente,Céu Claro,Simples,Reta,-14.8869,-40.85997,DEL08-BA,Risco Médio,Alta
sábado,BR-116,42.0,Amanhecer,Crescente,Garoa/Chuvisco,Dupla,Curva,-25.17612,-48.87426,DEL01-PR,Risco Baixo,Alta
terça-feira,BR-316,552.0,Pleno dia,Crescente,Céu Claro,Dupla,Rotatória,-4.8864,-43.3538,DEL03-MA,Risco Baixo,Baixa
quarta-feira,BR-116,517.0,Pleno dia,Decrescente,Sol,Múltipla,Não Informado,-31.67909,-52.34257,DEL07-RS,Risco Médio,Alta
domingo,BR-364,204.0,Plena Noite,Crescente,Nublado,Simples,Curva,-17.90759,-51.79198,DEL05-GO,Risco Médio,Alta
quinta-feira,BR-101,51.6,Plena Noite,Crescente,Céu Claro,Simples,Não Informado,-10.61153,-36.97738,DEL02-SE,Risco Médio,Alta
domingo,BR-407,423.3,Pleno dia,Crescente,Céu Claro,Simples,Reta,-7.08126,-41.43119,DEL04-PI,Risco Médio,Baixa
domingo,BR-116,211.5,Pleno dia,Decrescente,Céu Claro,Simples,Reta,-26.07981,-49.76935,DEL06-SC,Risco Médio,Alta
terça-feira,BR-376,588.0,Pleno dia,Decrescente,Céu Claro,Dupla,Reta,-25.43382,-49.36546,DEL01-PR,Risco Médio,Baixa
segunda-feira,BR-365,614.3,Amanhecer,Decrescente,Céu Claro,Simples,Não Informado,-18.91224,-48.21995,DEL15-MG,Risco Baixo,Média
terça-feira,BR-316,20.0,Anoitecer,Crescente,Nublado,Dupla,Curva,-1.364234,-48.26658,DEL01-PA,Risco Médio,Baixa
domingo,BR-392,112.0,Anoitecer,Crescente,Céu Claro,Simples,Interseção de vias,-31.44667,-52.64345,DEL07-RS,Risco Médio,Média
quinta-feira,BR-40,523.7,Pleno dia,Crescente,Céu Claro,Dupla,Reta,-19.86875,-44.05962,DEL01-MG,Risco Médio,Alta
segunda-feira,BR-101,324.0,Plena Noite,Crescente,Chuva,Dupla,Reta,-22.87463,-43.1275,DEL02-RJ,Risco Baixo,Alta
sexta-feira,BR-262,325.0,Pleno dia,Decrescente,Céu Claro,Múltipla,Reta,-20.46852,-54.52515,DEL01-MS,Risco Médio,Média
domingo,BR-262,801.0,Plena Noite,Decrescente,Céu Claro,Dupla,Não Informado,-19.7792,-47.95532,DEL13-MG,Risco Baixo,Média
sexta-feira,BR-376,174.5,Pleno dia,Decrescente,Céu Claro,Dupla,Reta,-23.41479,-51.95107,DEL07-PR,Risco Médio,Baixa
quarta-feira,BR-364,327.0,Pleno dia,Crescente,Céu Claro,Simples,Reta,-11.01013,-61.92228,DEL02-RO,Risco Baixo,Alta
quinta-feira,BR-282,83.0,Pleno dia,Decrescente,Garoa/Chuvisco,Simples,Curva,-27.66615,-49.17502,DEL01-SC,Risco Médio,Baixa
sábado,BR-381,477.7,Pleno dia,Crescente,Nevoeiro/Neblina,Dupla,Reta,-19.96179,-44.05042,DEL01-MG,Risco Médio,Alta
quinta-feira,BR-116,146.0,Plena Noite,Decrescente,Céu Claro,Simples,Reta,-25.78173,-49.32535,DEL01-PR,Risco Médio,Alta
segunda-feira,BR-101,234.3,Pleno dia,Decrescente,Chuva,Dupla,Curva,-22.60593,-42.38989,DEL02-RJ,Risco Baixo,Alta
segunda-feira,BR-364,61.0,Pleno dia,Crescente,Chuva,Simples,Reta,-18.73359,-50.94677,DEL05-GO,Risco Médio,Alta
terça-feira,BR-40,705.0,Plena Noite,Crescente,Céu Claro,Dupla,Curva,-21.21659,-43.74626,DEL05-MG,Risco Médio,Alta
sábado,BR-70,39.9,Plena Noite,Crescente,Céu Claro,Simples,Reta,-15.77993,-48.52026,DEL01-DF,Risco Baixo,Baixa
domingo,BR-116,14.8,Plena Noite,Crescente,Céu Claro,Simples,Reta,-14.89663,-40.85993,DEL08-BA,Risco Alto,Alta
domingo,BR-230,391.6,Anoitecer,Decrescente,Céu Claro,Simples,Curva,-6.887743,-37.73107,DEL03-PB,Risco Médio,Baixa
domingo,BR-116,586.9,Pleno dia,Crescente,Céu Claro,Simples,Reta,-32.0746,-52.88596,DEL07-RS,Risco Médio,Alta
domingo,BR-116,241.2,Pleno dia,Decrescente,Céu Claro,Dupla,Reta,-29.7119,-51.14766,DEL01-RS,Risco Baixo,Alta
sábado,BR-101,339.0,Pleno dia,Crescente,Céu Claro,Múltipla,Reta,-28.5026,-49.0474,DEL02-SC,Risco Médio,Alta
quinta-feira,BR-101,41.0,Pleno dia,Decrescente,Nublado,Simples,Reta,-23.41971,-45.04287,DEL06-SP,Risco Baixo,Alta
segunda-feira,BR-135,11.0,Plena Noite,Decrescente,Céu Claro,Dupla,Reta,-2.665,-44.2868,DEL01-MA,Risco Baixo,Baixa
domingo,BR-153,72.5,Plena Noite,Crescente,Céu Claro,Dupla,Desvio Temporário,-20.87223,-49.41712,DEL09-SP,Risco Alto,Alta
sábado,BR-116,209.0,Pleno dia,Decrescente,Céu Claro,Dupla,Reta,-23.42512,-46.40221,DEL01-SP,Risco Médio,Alta
domingo,BR-104,131.2,Plena Noite,Decrescente,Chuva,Simples,Interseção de vias,-7.279273,-35.8889,DEL02-PB,Risco Alto,Baixa
quarta-feira,BR-50,68.0,Amanhecer,Crescente,Ignorado,Dupla,Reta,-18.8514,-48.25346,DEL15-MG,Risco Médio,Média
segunda-feira,BR-158,315.1,Pleno dia,Crescente,Céu Claro,Simples,Curva,-29.65285,-53.75954,DEL09-RS,Risco Médio,Baixa
quinta-feira,BR-153,185.8,Pleno dia,Crescente,Céu Claro,Simples,Reta,-7.526854,-48.40164,DEL02-TO,Risco Baixo,Alta
segunda-feira,BR-20,8.0,Pleno dia,Decrescente,Chuva,Dupla,Não Informado,-15.65839,-47.79153,DEL02-DF,Risco Médio,Baixa
quinta-feira,BR-40,81.0,Plena Noite,Decrescente,Nublado,Simples,Reta,-22.5056,-43.23186,DEL06-RJ,Risco Médio,Alta
segunda-feira,BR-282,442.1,Amanhecer,Decrescente,Céu Claro,Simples,Ponte,-26.92963,-51.87466,DEL07-SC,Risco Alto,Baixa
segunda-feira,BR-40,741.0,Plena Noite,Decrescente,Chuva,Simples,Interseção de vias,-21.43633,-43.55346,DEL05-MG,Risco Médio,Alta
sábado,BR-493,22.0,Pleno dia,Crescente,Chuva,Simples,Curva,-22.65931,-43.0533,DEL02-RJ,Risco Médio,Baixa
quarta-feira,BR-101,233.0,Pleno dia,Decrescente,Céu Claro,Dupla,Curva,-19.96104,-40.40689,DEL02-ES,Risco Médio,Alta
quinta-feira,BR-101,195.9,Pleno dia,Crescente,Céu Claro,Múltipla,Reta,-27.50471,-48.65011,DEL01-SC,Risco Médio,Alta
sábado,BR-287,240.2,Pleno dia,Crescente,Céu Claro,Simples,Reta,-29.70792,-53.78018,DEL09-RS,Risco Médio,Baixa
terça-feira,BR-376,115.0,Plena Noite,Crescente,Céu Claro,Dupla,Retorno Regulamentado,-25.44625,-49.49063,DEL09-PR,Risco Médio,Baixa
segunda-feira,BR-116,183.0,Pleno dia,Crescente,Céu Claro,Múltipla,Reta,-22.74647,-43.44594,DEL01-RJ,Risco Médio,Alta
quarta-feira,BR-116,154.3,Plena Noite,Crescente,Céu Claro,Dupla,Reta,-23.24021,-45.92211,DEL02-SP,Risco Médio,Alta
sexta-feira,BR-101,879.0,Plena Noite,Decrescente,Céu Claro,Simples,Reta,-17.5466,-39.7192,DEL09-BA,Risco Médio,Alta
sexta-feira,BR-60,106.4,Plena Noite,Crescente,Céu Claro,Dupla,Não Informado,-16.42657,-49.01573,DEL02-GO,Risco Alto,Média
quinta-feira,BR-101,80.8,Pleno dia,Decrescente,Chuva,Dupla,Reta,-10.80591,-37.14014,DEL01-SE,Risco Médio,Alta
quinta-feira,BR-60,172.0,Pleno dia,Crescente,Céu Claro,Simples,Curva,-19.51522,-53.95075,DEL06-MS,Risco Baixo,Média
sábado,BR-116,733.5,Amanhecer,Crescente,Céu Claro,Simples,Não Informado,-14.298,-40.31405,DEL08-BA,Risco Médio,Alta
sexta-feira,BR-364,396.0,Pleno dia,Decrescente,Sol,Simples,Reta,-10.63143,-62.32007,DEL03-RO,Risco Médio,Alta
sexta-feira,BR-308,168.0,Pleno dia,Crescente,Nublado,Simples,Reta,-1.191625,-47.03577,DEL01-PA,Risco Baixo,Baixa
quinta-feira,BR-369,186.7,Plena Noite,Crescente,Céu Claro,Simples,Interseção de vias,-23.42153,-51.42466,DEL07-PR,Risco Baixo,Baixa
quarta-feira,BR-116,16.3,Pleno dia,Decrescente,Nublado,Simples,Interseção de vias,-14.9024,-40.84421,DEL08-BA,Risco Médio,Alta
segunda-feira,BR-285,474.3,Pleno dia,Decrescente,Chuva,Simples,Reta,-28.3838,-54.0259,DEL10-RS,Risco Baixo,Baixa
quarta-feira,BR-158,102.8,Anoitecer,Decrescente,Nublado,Simples,Curva,-26.83765,-53.17492,DEL07-SC,Risco Médio,Baixa
domingo,BR-381,913.0,Pleno dia,Decrescente,Chuva,Dupla,Curva,-22.73924,-46.13525,DEL16-MG,Risco Médio,Alta
quarta-feira,BR-101,267.8,Pleno dia,Decrescente,Céu Claro,Dupla,Reta,-20.19931,-40.26885,DEL02-ES,Risco Médio,Alta
sexta-feira,BR-163,838.0,Pleno dia,Decrescente,Céu Claro,Dupla,Retorno Regulamentado,-11.96001,-55.51691,DEL06-MT,Risco Médio,Alta
quarta-feira,BR-369,136.0,Pleno dia,Decrescente,Céu Claro,Simples,Reta,-23.27216,-51.04048,DEL07-PR,Risco Médio,Baixa
domingo,BR-407,94.0,Plena Noite,Crescente,Céu Claro,Simples,Reta,-10.25074,-40.1952,DEL04-BA,Risco Médio,Baixa
quarta-feira,BR-116,510.9,Plena Noite,Crescente,Nublado,Simples,Reta,-19.64532,-42.10797,DEL06-MG,Risco Médio,Alta
quinta-feira,BR-381,946.9,Pleno dia,Crescente,Nublado,Dupla,Reta,-22.86574,-46.34851,DEL16-MG,Risco Alto,Alta
segunda-feira,BR-116,115.0,Plena Noite,Decrescente,Garoa/Chuvisco,Simples,Reta,-16.55656,-41.50193,DEL11-MG,Risco Médio,Alta
terça-feira,BR-381,508.0,Pleno dia,Crescente,Sol,Dupla,Reta,-20.044,-44.2707,DEL01-MG,Risco Médio,Alta
sábado,BR-101,51.0,Pleno dia,Decrescente,Céu Claro,Múltipla,Reta,-7.916593,-34.89715,DEL01-PE,Risco Médio,Alta
sexta-feira,BR-493,1.7,Plena Noite,Crescente,Chuva,Simples,Reta,-22.76175,-42.93448,DEL04-RJ,Risco Médio,Baixa
domingo,BR-116,99.0,Plena Noite,Crescente,Céu Claro,Dupla,Curva,-22.98237,-45.46437,DEL08-SP,Risco Médio,Alta