dia_semana,br,km,fase_dia,sentido_via,condicao_metereologica,tipo_pista,tracado_via,latitude,longitude,delegacia,classificacao_acidente,postos_policiais_PRF
sexta-feira,BR-101,3.0,Pleno dia,Crescente,Chuva,Dupla,Reta,-7.5238,-34.9936,DEL01-PE,Risco Médio,Alta
terça-feira,BR-116,125.0,Pleno dia,Decrescente,Chuva,Dupla,Curva,-22.65623,-43.12494,DEL04-RJ,Risco Baixo,Alta
sábado,BR-101,16.0,Pleno dia,Decrescente,Céu Claro,Múltipla,Interseção de vias,-6.6422,-35.1225,DEL01-PB,Risco Médio,Alta
domingo,BR-381,489.5,Plena Noite,Decrescente,Chuva,Múltipla,Não Informado,-19.96246,-44.16455,DEL01-MG,Risco Médio,Alta
quinta-feira,BR-232,57.5,Plena Noite,Decrescente,Céu Claro,Dupla,Retorno Regulamentado,-8.141213,-35.38181,DEL02-PE,Risco Médio,Baixa
terça-feira,BR-364,348.0,Pleno dia,Crescente,Céu Claro,Simples,Curva,-15.80417,-55.5543,DEL02-MT,Risco Médio,Alta
sábado,BR-381,497.2,Pleno dia,Crescente,Sol,Múltipla,Reta,-19.98271,-44.20246,DEL01-MG,Risco Médio,Alta
segunda-feira,BR-40,360.0,Pleno dia,Decrescente,Céu Claro,Simples,Rotatória,-18.74935,-44.8523,DEL02-MG,Risco Médio,Alta
sábado,BR-10,452.9,Pleno dia,Crescente,Céu Claro,Dupla,Rotatória,-10.22866,-48.17871,DEL01-TO,Risco Baixo,Baixa
segunda-feira,BR-230,8.0,Pleno dia,Crescente,Nublado,Dupla,Não Informado,-7.0355,-34.8429,DEL01-PB,Risco Baixo,Baixa
terça-feira,BR-376,329.0,Pleno dia,Decrescente,Sol,Simples,Não Informado,-24.11363,-51.03159,DEL07-PR,Risco Médio,Baixa
segunda-feira,BR-101,334.0,Pleno dia,Decrescente,Céu Claro,Múltipla,Curva,-22.88518,-43.21704,DEL02-RJ,Risco Médio,Alta
domingo,BR-376,2.3,Pleno dia,Crescente,Nublado,Dupla,Reta,-25.5491,-49.18851,DEL01-PR,Risco Médio,Baixa
sexta-feira,BR-376,632.0,Plena Noite,Crescente,Chuva,Dupla,Reta,-25.71306,-49.13941,DEL01-PR,Risco Médio,Baixa
quinta-feira,BR-116,64.4,Anoitecer,Crescente,Céu Claro,Simples,Curva,-28.67071,-51.06396,DEL05-RS,Risco Médio,Alta
quinta-feira,BR-232,112.0,Plena Noite,Crescente,Céu Claro,Dupla,Curva,-8.29839,-35.8367,DEL02-PE,Risco Médio,Baixa
quinta-feira,BR-153,699.4,Pleno dia,Crescente,Céu Claro,Dupla,Reta,-18.38944,-49.20642,DEL03-GO,Risco Médio,Alta
sexta-feira,BR-343,348.4,Amanhecer,Crescente,Nublado,Simples,Interseção de vias,-5.095137,-42.76302,DEL01-PI,Risco Médio,Baixa
domingo,BR-470,169.0,Pleno dia,Crescente,Céu Claro,Simples,Não Informado,-27.26547,-49.88244,DEL04-SC,Risco Médio,Baixa
sexta-feira,BR-101,330.0,Pleno dia,Decrescente,Céu Claro,Dupla,Reta,-22.86848,-43.18568,DEL02-RJ,Risco Médio,Alta
terça-feira,BR-386,88.7,Pleno dia,Crescente,Céu Claro,Simples,Reta,-27.74597,-53.20292,DEL08-RS,Risco Médio,Média
sexta-feira,BR-110,45.7,Pleno dia,Decrescente,Sol,Simples,Reta,-5.19258,-37.31115,DEL04-RN,Risco Médio,Baixa
sexta-feira,BR-343,9.1,Plena Noite,Crescente,Céu Claro,Simples,Reta,-2.900722,-41.73268,DEL05-PI,Risco Médio,Baixa
sexta-feira,BR-116,1.0,Pleno dia,Crescente,Céu Claro,Múltipla,Reta,-3.759315,-38.51933,DEL01-CE,Risco Baixo,Alta
terça-feira,BR-116,11.0,Pleno dia,Crescente,Sol,Dupla,Reta,-3.843947,-38.49892,DEL01-CE,Risco Médio,Alta
quinta-feira,BR-50,271.4,Pleno dia,Crescente,Céu Claro,Dupla,Não Informado,-18.1158,-47.8936,DEL06-GO,Risco Médio,Média
sábado,BR-116,567.0,Pleno dia,Crescente,Céu Claro,Simples,Retorno Regulamentado,-13.0144,-39.9585,DEL03-BA,Risco Alto,Alta
domingo,BR-470,83.0,Pleno dia,Crescente,Céu Claro,Simples,Reta,-26.96099,-49.32612,DEL04-SC,Risco Médio,Baixa
terça-feira,BR-101,116.0,Pleno dia,Crescente,Céu Claro,Dupla,Não Informado,-8.345322,-35.14677,DEL01-PE,Risco Baixo,Alta
domingo,BR-153,306.0,Plena Noite,Crescente,Céu Claro,Simples,Curva,-25.25725,-50.64051,DEL08-PR,Risco Médio,Alta
domingo,BR-40,587.1,Pleno dia,Decrescente,Céu Claro,Simples,Curva,-20.34858,-43.92201,DEL01-MG,Risco Alto,Alta
quarta-feira,BR-40,332.8,Pleno dia,Crescente,Chuva,Dupla,Não Informado,-18.5983,-45.01026,DEL14-MG,Risco Médio,Alta
domingo,BR-116,71.5,Pleno dia,Crescente,Céu Claro,Dupla,Interseção de vias,-22.85652,-45.23114,DEL08-SP,Risco Médio,Alta
domingo,BR-376,170.8,Plena Noite,Decrescente,Céu Claro,Dupla,Não Informado,-23.40966,-51.98745,DEL07-PR,Risco Médio,Baixa
domingo,BR-101,484.0,Plena Noite,Decrescente,Céu Claro,Simples,Curva,-22.99096,-44.3043,DEL03-RJ,Risco Médio,Alta
sábado,BR-40,732.6,Pleno dia,Crescente,Garoa/Chuvisco,Dupla,Não Informado,-21.3683,-43.5762,DEL05-MG,Risco Médio,Alta
quinta-feira,BR-135,17.0,Plena Noite,Crescente,Céu Claro,Dupla,Reta,-2.709919,-44.31583,DEL01-MA,Risco Baixo,Baixa
sexta-feira,BR-153,503.7,Pleno dia,Crescente,Céu Claro,Simples,Curva,-26.17202,-50.91258,DEL02-PR,Risco Médio,Alta
quinta-feira,BR-282,15.6,Pleno dia,Decrescente,Sol,Simples,Reta,-27.65185,-48.67605,DEL01-SC,Risco Médio,Baixa
segunda-feira,BR-365,571.0,Pleno dia,Crescente,Céu Claro,Simples,Reta,-18.93109,-47.75018,DEL15-MG,Risco Médio,Média
domingo,BR-101,484.0,Pleno dia,Crescente,Nublado,Simples,Não Informado,-22.99345,-44.30255,DEL03-RJ,Risco Médio,Alta
sexta-feira,BR-447,12.5,Plena Noite,Decrescente,Nublado,Dupla,Reta,-20.34775,-40.33175,DEL01-ES,Risco Médio,Baixa
quarta-feira,BR-60,84.1,Pleno dia,Decrescente,Sol,Dupla,Reta,-16.31637,-48.85611,DEL02-GO,Risco Médio,Média
segunda-feira,BR-282,186.2,Plena Noite,Decrescente,Céu Claro,Simples,Reta,-27.73554,-49.99821,DEL05-SC,Risco Médio,Baixa
domingo,BR-493,9.0,Plena Noite,Crescente,Céu Claro,Simples,Não Informado,-22.70437,-42.95501,DEL04-RJ,Risco Alto,Baixa
domingo,BR-418,89.0,Plena Noite,Crescente,Céu Claro,Simples,Reta,-17.88709,-39.83068,DEL09-BA,Risco Alto,Baixa
sexta-feira,BR-364,45.4,Anoitecer,Decrescente,Céu Claro,Simples,Reta,-17.04109,-53.48136,DEL02-MT,Risco Baixo,Alta
sábado,BR-116,153.7,Pleno dia,Crescente,Céu Claro,Múltipla,Rotatória,-29.1858,-51.17713,DEL05-RS,Risco Médio,Alta
sexta-feira,BR-376,600.9,Anoitecer,Crescente,Céu Claro,Dupla,Reta,-25.53196,-49.32206,DEL01-PR,Risco Médio,Baixa
sexta-feira,BR-365,746.0,Plena Noite,Crescente,Ignorado,Simples,Reta,-18.9005,-49.273,DEL15-MG,Risco Médio,Média
terça-feira,BR-70,18.0,Pleno dia,Crescente,Céu Claro,Dupla,Reta,-15.79109,-48.21096,DEL01-DF,Risco Médio,Baixa
domingo,BR-232,37.9,Plena Noite,Decrescente,Chuva,Dupla,Reta,-8.112855,-35.20989,DEL02-PE,Risco Médio,Baixa
domingo,BR-101,362.1,Pleno dia,Crescente,Céu Claro,Dupla,Reta,-28.66843,-49.11808,DEL02-SC,Risco Baixo,Alta
sábado,BR-470,13.0,Amanhecer,Crescente,Céu Claro,Simples,Curva,-26.83911,-48.76626,DEL04-SC,Risco Médio,Baixa
sexta-feira,BR-316,79.0,Plena Noite,Decrescente,Nublado,Simples,Reta,-9.340226,-37.28513,DEL03-AL,Risco Médio,Baixa
sábado,BR-316,18.7,Pleno dia,Crescente,Nublado,Simples,Curva,-5.249643,-42.73057,DEL01-PI,Risco Médio,Baixa
quinta-feira,BR-101,212.8,Anoitecer,Decrescente,Nublado,Múltipla,Reta,-27.62997,-48.65904,DEL01-SC,Risco Médio,Alta
quarta-feira,BR-101,35.0,Pleno dia,Decrescente,Céu Claro,Simples,Reta,-18.45417,-39.93076,DEL04-ES,Risco Baixo,Alta
domingo,BR-262,593.1,Plena Noite,Crescente,Céu Claro,Simples,Reta,-20.13658,-56.63611,DEL03-MS,Risco Alto,Média
quinta-feira,BR-316,97.0,Plena Noite,Crescente,Céu Claro,Simples,Reta,-9.388907,-37.19713,DEL03-AL,Risco Médio,Baixa
sábado,BR-158,157.2,Plena Noite,Decrescente,Céu Claro,Simples,Reta,-20.15012,-51.20166,DEL08-MS,Risco Médio,Baixa
segunda-feira,BR-101,201.0,Pleno dia,Crescente,Céu Claro,Dupla,Reta,-27.54837,-48.61978,DEL01-SC,Risco Médio,Alta
segunda-feira,BR-476,141.0,Pleno dia,Crescente,Nublado,Dupla,Reta,-25.52861,-49.2988,DEL01-PR,Risco Médio,Baixa
terça-feira,BR-50,113.8,Pleno dia,Decrescente,Céu Claro,Dupla,Reta,-19.2591,-48.1315,DEL13-MG,Risco Médio,Média
sexta-feira,BR-158,331.8,Pleno dia,Decrescente,Garoa/Chuvisco,Simples,Interseção de vias,-29.70713,-53.85227,DEL09-RS,Risco Médio,Baixa
sexta-feira,BR-116,149.0,Plena Noite,Crescente,Garoa/Chuvisco,Múltipla,Reta,-29.15997,-51.15645,DEL05-RS,Risco Baixo,Alta
quinta-feira,BR-101,582.0,Plena Noite,Decrescente,Céu Claro,Simples,Reta,-15.53161,-39.42312,DEL05-BA,Risco Alto,Alta
quinta-feira,BR-259,17.9,Plena Noite,Crescente,Céu Claro,Simples,Curva,-19.66253,-40.43983,DEL02-ES,Risco Médio,Baixa
segunda-feira,BR-101,55.0,Plena Noite,Crescente,Chuva,Dupla,Não Informado,-7.948066,-34.90621,DEL01-PE,Risco Médio,Alta
sábado,BR-343,327.9,Anoitecer,Crescente,Céu Claro,Simples,Reta,-5.071425,-42.62594,DEL01-PI,Risco Médio,Baixa
terça-feira,BR-116,99.0,Plena Noite,Crescente,Nublado,Dupla,Curva,-25.52682,-49.14039,DEL01-PR,Risco Médio,Alta
sábado,BR-282,516.0,Pleno dia,Crescente,Sol,Simples,Curva,-26.93086,-52.49916,DEL07-SC,Risco Médio,Baixa
terça-feira,BR-101,69.5,Amanhecer,Decrescente,Chuva,Simples,Reta,-10.72937,-37.08101,DEL01-SE,Risco Médio,Alta
sábado,BR-116,515.0,Pleno dia,Decrescente,Céu Claro,Dupla,Curva,-24.86704,-48.21738,DEL05-SP,Risco Médio,Alta
terça-feira,BR-267,427.3,Pleno dia,Decrescente,Céu Claro,Simples,Reta,-21.55809,-55.69607,DEL05-MS,Risco Alto,Baixa
terça-feira,BR-369,154.0,Plena Noite,Decrescente,Céu Claro,Dupla,Reta,-23.29654,-51.18936,DEL07-PR,Risco Médio,Baixa
sexta-feira,BR-101,96.0,Pleno dia,Decrescente,Céu Claro,Dupla,Reta,-5.844212,-35.20889,DEL01-RN,Risco Médio,Alta
quinta-feira,BR-153,505.5,Pleno dia,Decrescente,Sol,Dupla,Reta,-16.7537,-49.2411,DEL01-GO,Risco Baixo,Alta
domingo,BR-365,275.0,Plena Noite,Crescente,Céu Claro,Simples,Reta,-17.98029,-45.60927,DEL10-MG,Risco Alto,Média
terça-feira,BR-210,0.0,Plena Noite,Decrescente,Céu Claro,Dupla,Reta,0.07780012,-51.06097,DEL01-AP,Risco Médio,Baixa
segunda-feira,BR-174,506.0,Plena Noite,Decrescente,Nublado,Dupla,Reta,2.816381,-60.69325,DEL01-RR,Risco Médio,Baixa
quinta-feira,BR-365,789.0,Amanhecer,Crescente,Céu Claro,Simples,Reta,-18.93899,-49.80833,DEL15-MG,Risco Médio,Média
sexta-feira,BR-470,88.0,Pleno dia,Decrescente,Nublado,Simples,Reta,-26.95536,-49.37317,DEL04-SC,Risco Médio,Baixa
quarta-feira,BR-101,146.5,Pleno dia,Decrescente,Céu Claro,Simples,Reta,-6.262554,-35.21147,DEL01-RN,Risco Médio,Alta
segunda-feira,BR-277,688.0,Pleno dia,Crescente,Céu Claro,Dupla,Reta,-25.34552,-54.23633,DEL05-PR,Risco Médio,Média
sexta-feira,BR-101,31.2,Pleno dia,Decrescente,Céu Claro,Dupla,Reta,-26.2448,-48.9103,DEL03-SC,Risco Médio,Alta
domingo,BR-235,80.0,Plena Noite,Crescente,Céu Claro,Simples,Reta,-10.54321,-37.59966,DEL01-SE,Risco Médio,Baixa
quarta-feira,BR-343,317.0,Plena Noite,Decrescente,Céu Claro,Simples,Reta,-5.044959,-42.5445,DEL01-PI,Risco Médio,Baixa
domingo,BR-158,239.8,Pleno dia,Crescente,Nublado,Simples,Curva,-29.01972,-53.64719,DEL10-RS,Risco Médio,Baixa
sábado,BR-116,325.6,Pleno dia,Crescente,Garoa/Chuvisco,Dupla,Reta,-23.94085,-47.05337,DEL04-SP,Risco Médio,Alta
sexta-feira,BR-343,2.4,Pleno dia,Decrescente,Céu Claro,Dupla,Reta,-5.081703,-42.77117,DEL01-PI,Risco Médio,Baixa
sexta-feira,BR-393,104.0,Plena Noite,Decrescente,Céu Claro,Simples,Interseção de vias,-21.88395,-42.69105,DEL06-RJ,Risco Médio,Média
terça-feira,BR-116,394.9,Pleno dia,Crescente,Nublado,Dupla,Reta,-30.84498,-51.75688,DEL02-RS,Risco Baixo,Alta
domingo,BR-116,157.1,Pleno dia,Crescente,Nublado,Simples,Reta,-25.86771,-49.3647,DEL01-PR,Risco Alto,Alta
quarta-feira,BR-101,258.2,Amanhecer,Crescente,Céu Claro,Dupla,Não Informado,-28.00179,-48.69338,DEL02-SC,Risco Médio,Alta
quinta-feira,BR-163,567.0,Pleno dia,Decrescente,Céu Claro,Simples,Reta,-14.18845,-56.08772,DEL01-MT,Risco Médio,Alta
quinta-feira,BR-324,626.0,Plena Noite,Crescente,Chuva,Dupla,Reta,-12.96291,-38.47655,DEL01-BA,Risco Baixo,Baixa
sábado,BR-101,41.0,Pleno dia,Crescente,Céu Claro,Simples,Rotatória,-26.28215,-48.88973,DEL03-SC,Risco Médio,Alta
segunda-feira,BR-110,188.0,Pleno dia,Decrescente,Nublado,Simples,Reta,-11.01669,-38.5112,DEL07-BA,Risco Médio,Baixa
terça-feira,BR-459,21.0,Plena Noite,Crescente,Céu Claro,Simples,Reta,-22.68995,-45.13687,DEL08-SP,Risco Médio,Baixa
domingo,BR-116,224.0,Pleno dia,Crescente,Céu Claro,Múltipla,Reta,-23.48072,-46.53272,DEL01-SP,Risco Baixo,Alta
domingo,BR-101,91.6,Plena Noite,Decrescente,Céu Claro,Dupla,Viaduto,-10.90296,-37.1324,DEL01-SE,Risco Baixo,Alta
quinta-feira,BR-116,95.0,Pleno dia,Decrescente,Céu Claro,Dupla,Reta,-25.4972,-49.11762,DEL01-PR,Risco Médio,Alta
quinta-feira,BR-116,220.8,Pleno dia,Crescente,Nublado,Múltipla,Reta,-23.4682,-46.50884,DEL01-SP,Risco Médio,Alta
domingo,BR-101,132.0,Anoitecer,Decrescente,Nublado,Simples,Não Informado,-9.770472,-36.08833,DEL02-AL,Risco Médio,Alta
quinta-feira,BR-343,8.0,Pleno dia,Crescente,Sol,Simples,Reta,-2.899382,-41.72372,DEL05-PI,Risco Baixo,Baixa
quarta-feira,BR-290,118.9,Pleno dia,Crescente,Sol,Simples,Reta,-30.04847,-51.38795,DEL02-RS,Risco Baixo,Baixa
domingo,BR-101,148.0,Pleno dia,Decrescente,Nublado,Dupla,Desvio Temporário,-27.10124,-48.61808,DEL04-SC,Risco Médio,Alta
segunda-feira,BR-163,147.8,Pleno dia,Crescente,Sol,Simples,Reta,-25.44416,-53.5785,DEL04-PR,Risco Médio,Alta
terça-feira,BR-40,4.2,Plena Noite,Crescente,Céu Claro,Dupla,Reta,-16.01203,-47.98212,DEL01-DF,Risco Médio,Alta
sábado,BR-116,209.3,Plena Noite,Decrescente,Nublado,Simples,Curva,-26.07621,-49.75231,DEL06-SC,Risco Alto,Alta
sexta-feira,BR-280,56.8,Plena Noite,Crescente,Céu Claro,Simples,Não Informado,-26.47791,-49.01284,DEL03-SC,Risco Médio,Baixa
sexta-feira,BR-110,44.7,Plena Noite,Decrescente,Céu Claro,Simples,Não Informado,-5.191149,-37.3092,DEL04-RN,Risco Médio,Baixa
quinta-feira,BR-369,161.0,Pleno dia,Decrescente,Céu Claro,Dupla,Reta,-23.29047,-51.26414,DEL07-PR,Risco Médio,Baixa
quinta-feira,BR-376,214.0,Anoitecer,Crescente,Nevoeiro/Neblina,Dupla,Reta,-23.57279,-51.6537,DEL07-PR,Risco Médio,Baixa
segunda-feira,BR-101,666.0,Pleno dia,Decrescente,Céu Claro,Simples,Curva,-16.04713,-39.61498,DEL09-BA,Risco Médio,Alta
sábado,BR-230,156.0,Plena Noite,Decrescente,Céu Claro,Simples,Reta,-7.2693,-35.9138,DEL02-PB,Risco Baixo,Baixa
sexta-feira,BR-40,113.0,Plena Noite,Decrescente,Chuva,Múltipla,Reta,-22.70949,-43.2904,DEL01-RJ,Risco Médio,Alta
terça-feira,BR-116,228.1,Plena Noite,Decrescente,Nublado,Múltipla,Reta,-23.50088,-46.56167,DEL01-SP,Risco Médio,Alta
domingo,BR-101,101.0,Pleno dia,Crescente,Nublado,Dupla,Reta,-5.886811,-35.23143,DEL01-RN,Risco Médio,Alta
segunda-feira,BR-153,144.2,Pleno dia,Crescente,Nublado,Dupla,Reta,-7.198687,-48.23752,DEL02-TO,Risco Médio,Alta
quinta-feira,BR-116,2.0,Plena Noite,Crescente,Nublado,Dupla,Reta,-25.54459,-49.19084,DEL01-PR,Risco Médio,Alta
sexta-feira,BR-116,427.5,Pleno dia,Decrescente,Nublado,Dupla,Reta,-24.3927,-47.7255,DEL05-SP,Risco Médio,Alta
domingo,BR-50,94.0,Pleno dia,Crescente,Céu Claro,Múltipla,Curva,-19.08366,-48.18632,DEL15-MG,Risco Alto,Média
segunda-feira,BR-101,25.3,Plena Noite,Decrescente,Nublado,Simples,Reta,-26.18347,-48.91059,DEL03-SC,Risco Médio,Alta
sábado,BR-101,136.1,Plena Noite,Decrescente,Nublado,Simples,Desvio Temporário,-9.780312,-36.10618,DEL02-AL,Risco Baixo,Alta
quarta-feira,BR-101,120.5,Pleno dia,Decrescente,Nublado,Dupla,Reta,-26.91276,-48.712,DEL04-SC,Risco Médio,Alta
segunda-feira,BR-101,104.0,Pleno dia,Crescente,Céu Claro,Simples,Reta,-12.1167,-38.3929,DEL01-BA,Risco Médio,Alta
sexta-feira,BR-262,588.5,Pleno dia,Decrescente,Chuva,Simples,Reta,-19.66225,-46.11856,DEL08-MG,Risco Médio,Média
terça-feira,BR-116,461.0,Pleno dia,Crescente,Sol,Simples,Não Informado,-12.4459,-39.2414,DEL02-BA,Risco Baixo,Alta
segunda-feira,BR-101,324.0,Pleno dia,Crescente,Nublado,Dupla,Reta,-22.87381,-43.12641,DEL02-RJ,Risco Médio,Alta
terça-feira,BR-50,280.6,Pleno dia,Crescente,Sol,Simples,Rotatória,-18.1784,-47.9362,DEL06-GO,Risco Médio,Média
domingo,BR-262,422.3,Pleno dia,Decrescente,Sol,Dupla,Reta,-19.88478,-44.72993,DEL08-MG,Risco Médio,Média
segunda-feira,BR-40,52.0,Pleno dia,Decrescente,Chuva,Simples,Curva,-22.3449,-43.1322,DEL06-RJ,Risco Médio,Alta
segunda-feira,BR-116,561.5,Pleno dia,Crescente,Chuva,Dupla,Curva,-25.02045,-48.51586,DEL05-SP,Risco Médio,Alta
quinta-feira,BR-472,567.0,Plena Noite,Crescente,Céu Claro,Simples,Reta,-29.74545,-56.9857,DEL13-RS,Risco Médio,Baixa
domingo,BR-101,406.0,Plena Noite,Crescente,Garoa/Chuvisco,Dupla,Reta,-22.87189,-43.80896,DEL01-RJ,Risco Médio,Alta
domingo,BR-381,363.5,Pleno dia,Crescente,Céu Claro,Simples,Curva,-19.8509,-43.21728,DEL03-MG,Risco Médio,Alta
terça-feira,BR-101,265.6,Pleno dia,Crescente,Nublado,Dupla,Reta,-22.71025,-42.64785,DEL02-RJ,Risco Baixo,Alta
quarta-feira,BR-163,618.8,Plena Noite,Crescente,Nublado,Simples,Reta,-13.63524,-56.03454,DEL01-MT,Risco Médio,Alta
quarta-feira,BR-287,280.0,Plena Noite,Crescente,Céu Claro,Simples,Não Informado,-29.64103,-54.17002,DEL09-RS,Risco Médio,Baixa
domingo,BR-324,524.0,Plena Noite,Decrescente,Céu Claro,Dupla,Reta,-12.29551,-38.90487,DEL01-BA,Risco Médio,Baixa
quarta-feira,BR-116,27.6,Pleno dia,Decrescente,Céu Claro,Dupla,Não Informado,-25.11261,-48.80384,DEL01-PR,Risco Baixo,Alta
terça-feira,BR-101,117.2,Pleno dia,Decrescente,Sol,Múltipla,Reta,-26.88747,-48.72253,DEL04-SC,Risco Médio,Alta
sábado,BR-381,0.5,Plena Noite,Decrescente,Chuva,Dupla,Reta,-22.88134,-46.37861,DEL03-SP,Risco Alto,Alta
sexta-feira,BR-101,489.0,Plena Noite,Decrescente,Chuva,Simples,Reta,-22.95688,-44.30847,DEL03-RJ,Risco Baixo,Alta
segunda-feira,BR-262,476.8,Plena Noite,Crescente,Céu Claro,Simples,Reta,-19.78799,-45.21134,DEL08-MG,Risco Alto,Média
sexta-feira,BR-407,126.0,Pleno dia,Crescente,Céu Claro,Simples,Rotatória,-10.45836,-40.17975,DEL04-BA,Risco Médio,Baixa
quinta-feira,BR-116,187.0,Pleno dia,Decrescente,Nublado,Simples,Reta,-22.73884,-43.47245,DEL01-RJ,Risco Médio,Alta
sábado,BR-364,230.0,Pleno dia,Crescente,Sol,Simples,Reta,-11.47694,-61.39323,DEL02-RO,Risco Médio,Alta
terça-feira,BR-70,280.0,Plena Noite,Crescente,Céu Claro,Simples,Reta,-15.56281,-54.29702,DEL05-MT,Risco Médio,Baixa
segunda-feira,BR-356,266.4,Pleno dia,Decrescente,Céu Claro,Simples,Interseção de vias,-21.12839,-42.3668,DEL07-MG,Risco Médio,Baixa
quarta-feira,BR-376,165.0,Pleno dia,Crescente,Garoa/Chuvisco,Dupla,Reta,-23.38289,-52.03194,DEL09-PR,Risco Médio,Baixa
terça-feira,BR-251,467.8,Pleno dia,Crescente,Céu Claro,Simples,Reta,-16.45684,-43.40388,DEL12-MG,Risco Baixo,Baixa
domingo,BR-277,713.4,Anoitecer,Crescente,Nublado,Dupla,Reta,-25.4629,-54.44366,DEL05-PR,Risco Baixo,Média
sábado,BR-163,38.0,Plena Noite,Crescente,Ignorado,Simples,Não Informado,-9.248941,-54.84303,DEL05-PA,Risco Alto,Alta
terça-feira,BR-135,0.6,Pleno dia,Decrescente,Céu Claro,Dupla,Reta,-2.585776,-44.24323,DEL01-MA,Risco Médio,Baixa
sábado,BR-402,75.0,Pleno dia,Decrescente,Céu Claro,Simples,Reta,-3.09392,-41.4555,DEL05-PI,Risco Médio,Baixa
domingo,BR-101,664.0,Pleno dia,Crescente,Chuva,Simples,Curva,-15.97541,-39.56308,DEL09-BA,Risco Médio,Alta
sábado,BR-405,75.9,Plena Noite,Decrescente,Céu Claro,Dupla,Reta,-5.643015,-37.79996,DEL04-RN,Risco Médio,Baixa
domingo,BR-277,586.2,Plena Noite,Crescente,Céu Claro,Simples,Interseção de vias,-24.9669,-53.42464,DEL04-PR,Risco Médio,Média
terça-feira,BR-386,347.0,Anoitecer,Crescente,Ignorado,Dupla,Reta,-29.45449,-51.96053,DEL04-RS,Risco Médio,Média
sábado,BR-262,124.0,Pleno dia,Decrescente,Chuva,Simples,Reta,-20.49937,-52.71071,DEL07-MS,Risco Alto,Média
quinta-feira,BR-364,205.0,Pleno dia,Crescente,Sol,Dupla,Retorno Regulamentado,-16.45929,-54.66092,DEL02-MT,Risco Médio,Alta
terça-feira,BR-158,351.0,Pleno dia,Decrescente,Céu Claro,Simples,Reta,-21.25912,-51.92305,DEL07-MS,Risco Baixo,Baixa
domingo,BR-226,174.1,Plena Noite,Crescente,Céu Claro,Simples,Reta,-6.258179,-36.50117,DEL03-RN,Risco Alto,Baixa
quinta-feira,BR-101,211.0,Pleno dia,Decrescente,Céu Claro,Simples,Reta,-27.62519,-48.65427,DEL01-SC,Risco Médio,Alta
quarta-feira,BR-101,208.5,Plena Noite,Crescente,Nublado,Simples,Reta,-9.99005,-36.58595,DEL02-AL,Risco Baixo,Alta
sábado,BR-101,155.0,Pleno dia,Crescente,Céu Claro,Múltipla,Curva,-27.16292,-48.61129,DEL04-SC,Risco Baixo,Alta
terça-feira,BR-116,3.5,Pleno dia,Crescente,Nublado,Dupla,Reta,-3.778665,-38.5149,DEL01-CE,Risco Médio,Alta
quarta-feira,BR-116,210.0,Plena Noite,Decrescente,Ignorado,Múltipla,Reta,-23.4287,-46.41086,DEL01-SP,Risco Médio,Alta
sábado,BR-116,704.5,Pleno dia,Decrescente,Nublado,Simples,Curva,-21.13417,-42.38723,DEL07-MG,Risco Médio,Alta
domingo,BR-116,39.0,Anoitecer,Crescente,Chuva,Dupla,Curva,-25.15617,-48.86134,DEL01-PR,Risco Médio,Alta
sexta-feira,BR-259,16.4,Plena Noite,Decrescente,Nublado,Simples,Reta,-19.6566,-40.4229,DEL02-ES,Risco Médio,Baixa
domingo,BR-101,87.5,Pleno dia,Crescente,Sol,Dupla,Curva,-26.64598,-48.68737,DEL03-SC,Risco Médio,Alta
domingo,BR-135,129.4,Plena Noite,Crescente,Céu Claro,Simples,Reta,-3.5845,-44.57513,DEL01-MA,Risco Médio,Baixa
sábado,BR-135,133.1,Anoitecer,Decrescente,Ignorado,Simples,Reta,-3.616944,-44.55929,DEL01-MA,Risco Alto,Baixa
sábado,BR-386,118.0,Plena Noite,Decrescente,Céu Claro,Simples,Curva,-27.86265,-53.01236,DEL08-RS,Risco Baixo,Média
segunda-feira,BR-70,503.0,Plena Noite,Crescente,Céu Claro,Simples,Reta,-15.67139,-55.94815,DEL01-MT,Risco Médio,Baixa
sexta-feira,BR-40,124.0,Pleno dia,Crescente,Chuva,Múltipla,Reta,-22.80795,-43.28912,DEL01-RJ,Risco Baixo,Alta
terça-feira,BR-101,428.0,Pleno dia,Crescente,Céu Claro,Simples,Reta,-21.01942,-41.15231,DEL03-ES,Risco Alto,Alta
quinta-feira,BR-290,107.0,Pleno dia,Decrescente,Céu Claro,Dupla,Não Informado,-30.00185,-51.30426,DEL02-RS,Risco Médio,Baixa
quarta-feira,BR-319,60.9,Plena Noite,Decrescente,Céu Claro,Dupla,Curva,-8.740188,-63.89,DEL01-RO,Risco Médio,Baixa
sexta-feira,BR-423,92.9,Pleno dia,Crescente,Nublado,Múltipla,Curva,-8.869174,-36.4627,DEL03-PE,Risco Baixo,Baixa
sexta-feira,BR-381,537.2,Plena Noite,Decrescente,Céu Claro,Dupla,Não Informado,-20.20562,-44.38917,DEL04-MG,Risco Médio,Alta
terça-feira,BR-101,45.2,Pleno dia,Decrescente,Sol,Dupla,Desvio Temporário,-26.32214,-48.86895,DEL03-SC,Risco Médio,Alta
terça-feira,BR-153,202.0,Pleno dia,Decrescente,Céu Claro,Simples,Interseção de vias,-14.5278,-49.15969,DEL07-GO,Risco Médio,Alta