dia_semana,br,km,fase_dia,sentido_via,condicao_metereologica,tipo_pista,tracado_via,latitude,longitude,delegacia,classificacao_acidente,postos_policiais_PRF
segunda-feira,BR-116,133.0,Pleno dia,Decrescente,Céu Claro,Dupla,Reta,-23.13596,-45.75327,DEL06-SP,Risco Médio,Alta
sexta-feira,BR-40,110.0,Pleno dia,Decrescente,Céu Claro,Múltipla,Reta,-22.6829,-43.28549,DEL01-RJ,Risco Médio,Alta
terça-feira,BR-101,629.0,Pleno dia,Crescente,Céu Claro,Simples,Curva,-15.72072,-39.45581,DEL05-BA,Risco Médio,Alta
quinta-feira,BR-116,222.2,Pleno dia,Crescente,Céu Claro,Múltipla,Reta,-23.473,-46.521,DEL01-SP,Risco Médio,Alta
domingo,BR-267,483.9,Pleno dia,Crescente,Sol,Simples,Reta,-21.47787,-56.16641,DEL05-MS,Risco Médio,Baixa
quinta-feira,BR-158,722.6,Plena Noite,Crescente,Céu Claro,Simples,Reta,-15.25238,-52.18366,DEL07-MT,Risco Baixo,Baixa
quarta-feira,BR-381,69.0,Pleno dia,Decrescente,Céu Claro,Dupla,Curva,-23.34553,-46.56788,DEL03-SP,Risco Médio,Alta
quarta-feira,BR-101,887.0,Pleno dia,Decrescente,Céu Claro,Simples,Reta,-17.61464,-39.76075,DEL09-BA,Risco Médio,Alta
quarta-feira,BR-226,116.0,Anoitecer,Decrescente,Céu Claro,Simples,Reta,-6.196536,-36.04174,DEL03-RN,Risco Baixo,Baixa
terça-feira,BR-222,230.6,Plena Noite,Crescente,Céu Claro,Simples,Não Informado,-3.70483,-40.40355,DEL04-CE,Risco Médio,Baixa
sexta-feira,BR-393,175.9,Amanhecer,Decrescente,Céu Claro,Simples,Reta,-22.1231,-43.20364,DEL05-RJ,Risco Médio,Média
domingo,BR-116,147.0,Pleno dia,Decrescente,Nublado,Dupla,Reta,-29.16034,-51.14479,DEL05-RS,Risco Médio,Alta
sábado,BR-267,165.5,Plena Noite,Crescente,Céu Claro,Simples,Reta,-21.84298,-43.79343,DEL05-MG,Risco Baixo,Baixa
quarta-feira,BR-20,406.5,Pleno dia,Crescente,Céu Claro,Dupla,Reta,-3.769472,-38.66454,DEL01-CE,Risco Médio,Baixa
sábado,BR-343,617.0,Plena Noite,Decrescente,Nublado,Simples,Reta,-6.929653,-43.18681,DEL03-PI,Risco Médio,Baixa
segunda-feira,BR-290,91.0,Plena Noite,Decrescente,Céu Claro,Dupla,Não Informado,-29.96906,-51.16744,DEL01-RS,Risco Médio,Baixa
sexta-feira,BR-116,183.0,Plena Noite,Crescente,Nevoeiro/Neblina,Simples,Curva,-27.29292,-50.43357,DEL05-SC,Risco Médio,Alta
quarta-feira,BR-116,17.0,Pleno dia,Decrescente,Garoa/Chuvisco,Dupla,Curva,-25.10309,-48.7011,DEL01-PR,Risco Médio,Alta
domingo,BR-285,324.7,Amanhecer,Crescente,Céu Claro,Simples,Reta,-28.26927,-52.65913,DEL08-RS,Risco Baixo,Baixa
segunda-feira,BR-101,174.0,Pleno dia,Decrescente,Sol,Dupla,Reta,-27.35798,-48.6326,DEL01-SC,Risco Médio,Alta
segunda-feira,BR-470,184.0,Pleno dia,Decrescente,Céu Claro,Simples,Reta,-27.25461,-49.94511,DEL04-SC,Risco Baixo,Baixa
domingo,BR-153,86.2,Pleno dia,Decrescente,Céu Claro,Simples,Não Informado,-20.94035,-49.52635,DEL09-SP,Risco Médio,Alta
quinta-feira,BR-381,511.3,Pleno dia,Crescente,Céu Claro,Múltipla,Não Informado,-20.08463,-44.30994,DEL04-MG,Risco Médio,Alta
terça-feira,BR-20,412.0,Pleno dia,Decrescente,Sol,Simples,Reta,-3.836891,-38.60421,DEL01-CE,Risco Médio,Baixa
domingo,BR-153,660.0,Plena Noite,Crescente,Chuva,Simples,Reta,-11.62242,-49.04762,DEL02-TO,Risco Baixo,Alta
domingo,BR-277,68.0,Pleno dia,Crescente,Sol,Dupla,Reta,-25.54112,-49.06183,DEL01-PR,Risco Médio,Média
terça-feira,BR-163,681.0,Pleno dia,Decrescente,Céu Claro,Simples,Reta,-18.91333,-54.83934,DEL06-MS,Risco Médio,Alta
domingo,BR-153,6.0,Pleno dia,Crescente,Sol,Dupla,Reta,-18.4699,-49.1884,DEL15-MG,Risco Médio,Alta
sexta-feira,BR-163,563.3,Pleno dia,Crescente,Céu Claro,Simples,Desvio Temporário,-19.78519,-54.36559,DEL01-MS,Risco Médio,Alta
terça-feira,BR-163,711.0,Plena Noite,Crescente,Céu Claro,Simples,Reta,-12.99609,-55.8851,DEL06-MT,Risco Médio,Alta
segunda-feira,BR-116,121.5,Pleno dia,Decrescente,Nublado,Simples,Curva,-26.83035,-50.38618,DEL06-SC,Risco Médio,Alta
sexta-feira,BR-116,300.0,Pleno dia,Crescente,Céu Claro,Dupla,Não Informado,-30.12369,-51.34923,DEL02-RS,Risco Baixo,Alta
sábado,BR-381,722.5,Pleno dia,Decrescente,Céu Claro,Dupla,Curva,-21.4485,-45.2114,DEL04-MG,Risco Baixo,Alta
domingo,BR-116,12.0,Anoitecer,Crescente,Garoa/Chuvisco,Simples,Reta,-14.87118,-40.8715,DEL05-PE,Risco Médio,Alta
sexta-feira,BR-230,20.1,Pleno dia,Crescente,Nublado,Dupla,Não Informado,-7.136955,-34.85412,DEL01-PB,Risco Baixo,Baixa
sábado,BR-386,347.0,Plena Noite,Decrescente,Nublado,Dupla,Viaduto,-29.44682,-51.97437,DEL04-RS,Risco Baixo,Média
sábado,BR-381,876.5,Pleno dia,Decrescente,Nublado,Dupla,Curva,-22.4379,-45.98378,DEL16-MG,Risco Médio,Alta
quinta-feira,BR-101,48.0,Pleno dia,Crescente,Céu Claro,Simples,Não Informado,-23.43696,-45.08769,DEL06-SP,Risco Médio,Alta
segunda-feira,BR-116,828.2,Plena Noite,Crescente,Nublado,Simples,Rotatória,-14.89728,-40.8665,DEL08-BA,Risco Médio,Alta
sábado,BR-262,4.7,Pleno dia,Crescente,Céu Claro,Múltipla,Interseção de vias,-20.33808,-40.38475,DEL01-ES,Risco Baixo,Média
sexta-feira,BR-116,275.5,Pleno dia,Crescente,Céu Claro,Simples,Interseção de vias,-10.97662,-38.79429,DEL07-BA,Risco Médio,Alta
sexta-feira,BR-40,269.5,Pleno dia,Crescente,Céu Claro,Simples,Curva,-18.17203,-45.28526,DEL14-MG,Risco Médio,Alta
segunda-feira,BR-101,206.9,Plena Noite,Decrescente,Nublado,Dupla,Viaduto,-27.59194,-48.61825,DEL01-SC,Risco Médio,Alta
segunda-feira,BR-101,262.0,Pleno dia,Decrescente,Céu Claro,Dupla,Curva,-22.7133,-42.6203,DEL02-RJ,Risco Baixo,Alta
quinta-feira,BR-116,116.0,Pleno dia,Decrescente,Sol,Dupla,Reta,-25.55217,-49.30505,DEL01-PR,Risco Médio,Alta
domingo,BR-369,502.1,Plena Noite,Crescente,Céu Claro,Dupla,Reta,-24.801,-53.2905,DEL04-PR,Risco Médio,Baixa
sábado,BR-386,35.0,Pleno dia,Crescente,Sol,Simples,Reta,-27.3724,-53.3978,DEL08-RS,Risco Médio,Média
quarta-feira,BR-116,53.9,Pleno dia,Decrescente,Céu Claro,Dupla,Curva,-4.196848,-38.47089,DEL03-CE,Risco Baixo,Alta
quinta-feira,BR-222,5.5,Pleno dia,Crescente,Chuva,Dupla,Reta,-3.742969,-38.61331,DEL01-CE,Risco Médio,Baixa
domingo,BR-364,275.3,Plena Noite,Decrescente,Ignorado,Simples,Não Informado,-15.95086,-54.98238,DEL05-MT,Risco Médio,Alta
segunda-feira,BR-60,113.0,Amanhecer,Decrescente,Céu Claro,Dupla,Reta,-16.4572,-49.0567,DEL01-GO,Risco Médio,Média
quinta-feira,BR-230,46.0,Plena Noite,Crescente,Céu Claro,Dupla,Retorno Regulamentado,-7.1635,-35.025,DEL01-PB,Risco Baixo,Baixa
sábado,BR-364,648.0,Plena Noite,Decrescente,Céu Claro,Simples,Desvio Temporário,-8.939251,-63.43127,DEL03-RO,Risco Médio,Alta
domingo,BR-174,160.0,Pleno dia,Decrescente,Nublado,Simples,Curva,-15.80577,-58.39185,DEL03-MT,Risco Médio,Baixa
domingo,BR-251,477.5,Pleno dia,Crescente,Céu Claro,Simples,Reta,-16.46898,-43.48431,DEL12-MG,Risco Alto,Baixa
sexta-feira,BR-376,135.0,Anoitecer,Crescente,Céu Claro,Dupla,Interseção de vias,-23.20194,-52.1969,DEL07-PR,Risco Médio,Baixa
segunda-feira,BR-242,225.0,Pleno dia,Crescente,Céu Claro,Simples,Curva,-12.52849,-40.30476,DEL06-BA,Risco Baixo,Baixa
segunda-feira,BR-116,68.4,Pleno dia,Decrescente,Nublado,Dupla,Reta,-22.83589,-45.2201,DEL08-SP,Risco Baixo,Alta
quarta-feira,BR-316,1.0,Plena Noite,Crescente,Garoa/Chuvisco,Dupla,Curva,-1.403899,-48.4294,DEL01-PA,Risco Médio,Baixa
sexta-feira,BR-20,429.5,Pleno dia,Crescente,Céu Claro,Dupla,Reta,-3.870677,-38.50121,DEL01-CE,Risco Médio,Baixa
domingo,BR-262,371.5,Plena Noite,Decrescente,Céu Claro,Dupla,Não Informado,-19.95566,-44.36719,DEL01-MG,Risco Baixo,Média
terça-feira,BR-470,131.3,Plena Noite,Crescente,Céu Claro,Simples,Reta,-27.15474,-49.55645,DEL04-SC,Risco Baixo,Baixa
quarta-feira,BR-116,461.6,Plena Noite,Decrescente,Nublado,Simples,Reta,-7.200055,-38.80475,DEL05-CE,Risco Médio,Alta
sexta-feira,BR-40,6.0,Pleno dia,Decrescente,Sol,Dupla,Reta,-22.02617,-43.23147,DEL06-RJ,Risco Médio,Alta
domingo,BR-70,20.5,Plena Noite,Decrescente,Céu Claro,Simples,Não Informado,-15.74231,-48.37845,DEL01-DF,Risco Médio,Baixa
segunda-feira,BR-101,209.0,Plena Noite,Decrescente,Chuva,Múltipla,Reta,-27.61001,-48.63895,DEL01-SC,Risco Médio,Alta
segunda-feira,BR-381,873.8,Pleno dia,Crescente,Chuva,Dupla,Curva,-22.42072,-45.96557,DEL16-MG,Risco Médio,Alta
sexta-feira,BR-316,80.0,Plena Noite,Decrescente,Céu Claro,Simples,Reta,-7.86203,-40.10894,DEL05-PE,Risco Médio,Baixa
segunda-feira,BR-20,194.1,Pleno dia,Decrescente,Céu Claro,Simples,Reta,-5.193425,-39.78257,DEL02-CE,Risco Baixo,Baixa
sábado,BR-174,223.0,Pleno dia,Crescente,Sol,Simples,Reta,-15.34237,-58.86684,DEL04-MT,Risco Médio,Baixa
quinta-feira,BR-316,265.0,Pleno dia,Crescente,Céu Claro,Simples,Reta,-9.563767,-35.82474,DEL02-AL,Risco Médio,Baixa
sábado,BR-470,45.0,Plena Noite,Crescente,Nublado,Simples,Curva,-26.87383,-49.01386,DEL04-SC,Risco Baixo,Baixa
domingo,BR-373,181.9,Plena Noite,Decrescente,Nublado,Simples,Reta,-25.04269,-50.2654,DEL03-PR,Risco Médio,Baixa
quinta-feira,BR-101,171.4,Pleno dia,Decrescente,Céu Claro,Dupla,Reta,-6.428258,-35.11988,DEL01-RN,Risco Médio,Alta
sábado,BR-364,699.0,Pleno dia,Crescente,Nublado,Dupla,Reta,-8.800473,-63.76923,DEL01-RO,Risco Médio,Alta
quinta-feira,BR-316,10.0,Plena Noite,Crescente,Céu Claro,Dupla,Reta,-5.188994,-42.76191,DEL01-PI,Risco Baixo,Baixa
terça-feira,BR-290,127.5,Pleno dia,Decrescente,Céu Claro,Simples,Reta,-30.05642,-51.47967,DEL02-RS,Risco Médio,Baixa
sábado,BR-10,239.2,Pleno dia,Decrescente,Céu Claro,Simples,Desvio Temporário,-2.348771,-47.56223,DEL02-PA,Risco Médio,Baixa
sexta-feira,BR-282,115.3,Pleno dia,Crescente,Garoa/Chuvisco,Simples,Curva,-27.75542,-49.39444,DEL01-SC,Risco Médio,Baixa
sábado,BR-163,766.0,Pleno dia,Crescente,Céu Claro,Simples,Reta,-18.205,-54.65239,DEL06-MS,Risco Médio,Alta
quarta-feira,BR-116,39.0,Pleno dia,Crescente,Chuva,Dupla,Curva,-25.15625,-48.86134,DEL01-PR,Risco Médio,Alta
domingo,BR-101,161.0,Pleno dia,Crescente,Chuva,Dupla,Reta,-8.557518,-35.4296,DEL01-PE,Risco Baixo,Alta
segunda-feira,BR-153,321.0,Plena Noite,Decrescente,Chuva,Simples,Curva,-25.38002,-50.62271,DEL08-PR,Risco Médio,Alta
terça-feira,BR-101,148.8,Plena Noite,Decrescente,Céu Claro,Dupla,Reta,-19.39468,-40.06524,DEL04-ES,Risco Médio,Alta
terça-feira,BR-282,3.0,Pleno dia,Decrescente,Céu Claro,Dupla,Reta,-27.59538,-48.54805,DEL01-SC,Risco Médio,Baixa
sábado,BR-116,283.0,Plena Noite,Decrescente,Nublado,Dupla,Reta,-23.67233,-46.85631,DEL04-SP,Risco Alto,Alta
terça-feira,BR-277,21.7,Pleno dia,Crescente,Sol,Dupla,Reta,-25.52991,-48.7211,DEL01-PR,Risco Médio,Média
quinta-feira,BR-476,355.0,Anoitecer,Crescente,Céu Claro,Simples,Reta,-26.18872,-50.97794,DEL02-PR,Risco Baixo,Baixa
quarta-feira,BR-476,124.0,Pleno dia,Crescente,Céu Claro,Múltipla,Reta,-25.39984,-49.21585,DEL01-PR,Risco Médio,Baixa
quarta-feira,BR-101,87.0,Plena Noite,Crescente,Céu Claro,Dupla,Reta,-7.158868,-34.90629,DEL01-PB,Risco Médio,Alta
quarta-feira,BR-101,89.0,Pleno dia,Crescente,Céu Claro,Dupla,Não Informado,-7.171069,-34.89765,DEL01-PB,Risco Médio,Alta
terça-feira,BR-101,67.0,Amanhecer,Decrescente,Chuva,Simples,Reta,-10.7218,-37.07006,DEL01-SE,Risco Médio,Alta
terça-feira,BR-277,73.0,Pleno dia,Decrescente,Céu Claro,Múltipla,Reta,-25.52124,-49.10648,DEL01-PR,Risco Médio,Média
sábado,BR-381,10.0,Pleno dia,Crescente,Garoa/Chuvisco,Dupla,Reta,-22.9224,-46.44346,DEL03-SP,Risco Médio,Alta
domingo,BR-116,142.2,Plena Noite,Crescente,Céu Claro,Dupla,Reta,-22.66838,-43.26891,DEL04-RJ,Risco Médio,Alta
quarta-feira,BR-101,414.5,Pleno dia,Decrescente,Chuva,Simples,Reta,-20.92346,-41.07836,DEL03-ES,Risco Médio,Alta
quinta-feira,BR-376,176.0,Pleno dia,Decrescente,Céu Claro,Múltipla,Reta,-23.41269,-51.93158,DEL07-PR,Risco Baixo,Baixa
sábado,BR-262,369.9,Plena Noite,Crescente,Céu Claro,Dupla,Curva,-19.95698,-44.36376,DEL01-MG,Risco Baixo,Média
segunda-feira,BR-277,112.3,Pleno dia,Decrescente,Nublado,Dupla,Reta,-25.44739,-49.47684,DEL01-PR,Risco Médio,Média
sexta-feira,BR-101,97.0,Pleno dia,Crescente,Chuva,Múltipla,Reta,-5.857612,-35.21272,DEL01-RN,Risco Médio,Alta
sábado,BR-20,16.0,Plena Noite,Crescente,Céu Claro,Dupla,Não Informado,-15.62567,-47.72516,DEL02-DF,Risco Médio,Baixa
segunda-feira,BR-40,618.6,Pleno dia,Decrescente,Chuva,Simples,Não Informado,-20.57253,-43.81235,DEL05-MG,Risco Baixo,Alta
segunda-feira,BR-101,92.7,Pleno dia,Decrescente,Céu Claro,Dupla,Curva,-21.82963,-41.45691,DEL08-RJ,Risco Médio,Alta
terça-feira,BR-153,38.1,Pleno dia,Decrescente,Chuva,Dupla,Reta,-18.73203,-49.10871,DEL15-MG,Risco Médio,Alta
quarta-feira,BR-40,91.5,Pleno dia,Crescente,Céu Claro,Simples,Reta,-16.72736,-47.63496,DEL01-DF,Risco Médio,Alta
sábado,BR-153,518.7,Plena Noite,Crescente,Céu Claro,Dupla,Reta,-16.867,-49.2505,DEL01-GO,Risco Médio,Alta
domingo,BR-282,90.4,Pleno dia,Decrescente,Céu Claro,Simples,Curva,-27.6838,-49.22237,DEL01-SC,Risco Médio,Baixa
sexta-feira,BR-70,9.0,Plena Noite,Crescente,Céu Claro,Dupla,Reta,-15.78462,-48.13202,DEL01-DF,Risco Médio,Baixa
segunda-feira,BR-135,20.2,Pleno dia,Decrescente,Céu Claro,Dupla,Não Informado,-2.731439,-44.33163,DEL01-MA,Risco Médio,Baixa
terça-feira,BR-429,88.1,Plena Noite,Decrescente,Céu Claro,Simples,Reta,-11.32062,-62.26108,DEL02-RO,Risco Alto,Baixa
sexta-feira,BR-262,431.3,Amanhecer,Decrescente,Céu Claro,Dupla,Curva,-19.8947,-44.87648,DEL08-MG,Risco Alto,Média
terça-feira,BR-377,84.7,Pleno dia,Crescente,Céu Claro,Simples,Reta,-28.60552,-53.38218,DEL10-RS,Risco Médio,Baixa
segunda-feira,BR-101,202.0,Pleno dia,Crescente,Céu Claro,Dupla,Reta,-27.55712,-48.61898,DEL01-SC,Risco Médio,Alta
sábado,BR-290,44.1,Pleno dia,Decrescente,Nublado,Múltipla,Reta,-29.89026,-50.70261,DEL03-RS,Risco Médio,Baixa
domingo,BR-101,879.0,Plena Noite,Decrescente,Céu Claro,Simples,Interseção de vias,-17.55409,-39.72341,DEL09-BA,Risco Médio,Alta
terça-feira,BR-116,342.6,Plena Noite,Crescente,Céu Claro,Dupla,Reta,-24.01625,-47.16798,DEL04-SP,Risco Baixo,Alta
quinta-feira,BR-101,33.5,Pleno dia,Crescente,Céu Claro,Simples,Curva,-26.25724,-48.90495,DEL03-SC,Risco Médio,Alta
domingo,BR-262,371.4,Pleno dia,Crescente,Céu Claro,Simples,Reta,-20.4831,-54.78814,DEL01-MS,Risco Médio,Média
sexta-feira,BR-101,149.0,Pleno dia,Crescente,Céu Claro,Múltipla,Interseção de vias,-27.10896,-48.61278,DEL04-SC,Risco Baixo,Alta
sábado,BR-163,363.9,Pleno dia,Decrescente,Céu Claro,Dupla,Reta,-21.48135,-54.38905,DEL02-MS,Risco Médio,Alta
sexta-feira,BR-70,5.0,Plena Noite,Crescente,Nublado,Dupla,Retorno Regulamentado,-15.8779,-52.2974,DEL07-MT,Risco Médio,Baixa
domingo,BR-367,81.0,Anoitecer,Crescente,Céu Claro,Simples,Não Informado,-16.37176,-39.55261,DEL09-BA,Risco Médio,Baixa
segunda-feira,BR-116,100.2,Pleno dia,Crescente,Nublado,Dupla,Reta,-25.56598,-49.16621,DEL01-PR,Risco Médio,Alta
sábado,BR-40,18.8,Pleno dia,Crescente,Céu Claro,Dupla,Reta,-16.19349,-47.92558,DEL01-DF,Risco Médio,Alta
segunda-feira,BR-381,531.0,Plena Noite,Decrescente,Céu Claro,Dupla,Curva,-20.1627,-44.3575,DEL04-MG,Risco Médio,Alta
segunda-feira,BR-153,78.9,Plena Noite,Crescente,Nublado,Simples,Desvio Temporário,-20.90428,-49.46169,DEL09-SP,Risco Baixo,Alta
terça-feira,BR-381,479.3,Pleno dia,Decrescente,Sol,Múltipla,Reta,-19.96335,-44.04728,DEL01-MG,Risco Médio,Alta
quarta-feira,BR-116,152.8,Pleno dia,Crescente,Céu Claro,Simples,Interseção de vias,-25.8621,-49.36179,DEL01-PR,Risco Médio,Alta
segunda-feira,BR-116,270.0,Pleno dia,Crescente,Sol,Dupla,Reta,-29.96257,-51.17632,DEL01-RS,Risco Médio,Alta
terça-feira,BR-101,270.0,Pleno dia,Crescente,Sol,Múltipla,Reta,-20.2174,-40.26991,DEL02-ES,Risco Baixo,Alta
sábado,BR-101,1.0,Pleno dia,Crescente,Céu Claro,Dupla,Reta,-20.24156,-40.28061,DEL04-ES,Risco Médio,Alta
sábado,BR-80,2.0,Amanhecer,Decrescente,Nevoeiro/Neblina,Dupla,Desvio Temporário,-15.5025,-48.21132,DEL01-DF,Risco Médio,Baixa
quarta-feira,BR-364,424.0,Pleno dia,Decrescente,Céu Claro,Dupla,Interseção de vias,-10.44457,-62.46568,DEL03-RO,Risco Médio,Alta
sexta-feira,BR-403,4.7,Plena Noite,Crescente,Céu Claro,Simples,Reta,-2.920246,-40.11997,DEL01-CE,Risco Alto,Baixa
sábado,BR-381,510.2,Plena Noite,Crescente,Nublado,Múltipla,Rotatória,-20.0565,-44.28593,DEL01-MG,Risco Médio,Alta
domingo,BR-116,211.0,Amanhecer,Decrescente,Céu Claro,Múltipla,Reta,-23.43243,-46.41944,DEL01-SP,Risco Médio,Alta
quinta-feira,BR-381,477.0,Amanhecer,Decrescente,Céu Claro,Dupla,Túnel,-19.95759,-44.02936,DEL01-MG,Risco Baixo,Alta
quarta-feira,BR-116,277.5,Pleno dia,Decrescente,Céu Claro,Dupla,Reta,-23.63478,-46.82456,DEL04-SP,Risco Baixo,Alta
terça-feira,BR-369,183.3,Plena Noite,Crescente,Céu Claro,Dupla,Reta,-23.4378,-51.42219,DEL07-PR,Risco Médio,Baixa
segunda-feira,BR-364,279.0,Plena Noite,Crescente,Céu Claro,Dupla,Reta,-15.94251,-55.0145,DEL02-MT,Risco Médio,Alta
domingo,BR-316,61.0,Pleno dia,Crescente,Sol,Simples,Reta,-5.5903,-42.6143,DEL01-PI,Risco Baixo,Baixa
sábado,BR-369,156.0,Pleno dia,Decrescente,Céu Claro,Dupla,Reta,-23.29252,-51.21535,DEL07-PR,Risco Médio,Baixa
quarta-feira,BR-153,23.0,Pleno dia,Decrescente,Céu Claro,Dupla,Curva,-18.6299,-49.1844,DEL15-MG,Risco Médio,Alta
segunda-feira,BR-324,555.5,Plena Noite,Decrescente,Nublado,Dupla,Reta,-12.46574,-38.68964,DEL01-BA,Risco Médio,Baixa
quinta-feira,BR-163,606.0,Pleno dia,Decrescente,Céu Claro,Simples,Curva,-13.7506,-56.053,DEL01-MT,Risco Baixo,Alta
sexta-feira,BR-116,27.7,Plena Noite,Decrescente,Ignorado,Dupla,Curva,-3.994753,-38.51566,DEL01-CE,Risco Médio,Alta
quinta-feira,BR-153,494.5,Pleno dia,Crescente,Céu Claro,Dupla,Reta,-16.65755,-49.2195,DEL01-GO,Risco Baixo,Alta
quinta-feira,BR-104,35.4,Plena Noite,Crescente,Garoa/Chuvisco,Simples,Reta,-9.161668,-36.01701,DEL01-AL,Risco Médio,Baixa
sexta-feira,BR-40,546.0,Plena Noite,Decrescente,Céu Claro,Dupla,Reta,-20.01445,-43.96894,DEL01-MG,Risco Médio,Alta
domingo,BR-280,267.0,Plena Noite,Decrescente,Ignorado,Simples,Reta,-26.26411,-50.70796,DEL06-SC,Risco Médio,Baixa
sexta-feira,BR-20,26.0,Pleno dia,Crescente,Céu Claro,Simples,Reta,-15.52858,-47.12961,DEL02-DF,Risco Baixo,Baixa
sábado,BR-158,528.0,Pleno dia,Crescente,Sol,Simples,Reta,-26.17853,-52.66277,DEL02-PR,Risco Médio,Baixa
quarta-feira,BR-210,104.9,Pleno dia,Crescente,Céu Claro,Simples,Reta,0.6985633,-51.39692,DEL01-AP,Risco Médio,Baixa
sexta-feira,BR-116,771.7,Pleno dia,Decrescente,Garoa/Chuvisco,Simples,Curva,-21.53755,-42.65613,DEL07-MG,Risco Médio,Alta
quinta-feira,BR-365,774.3,Plena Noite,Decrescente,Céu Claro,Simples,Reta,-18.95966,-49.65646,DEL15-MG,Risco Médio,Média
sexta-feira,BR-226,121.0,Plena Noite,Decrescente,Céu Claro,Simples,Reta,-6.193309,-36.08468,DEL03-RN,Risco Médio,Baixa
quinta-feira,BR-116,211.0,Plena Noite,Decrescente,Chuva,Múltipla,Reta,-23.43301,-46.42076,DEL01-SP,Risco Médio,Alta
terça-feira,BR-40,519.0,Plena Noite,Decrescente,Nublado,Dupla,Reta,-19.84186,-44.07565,DEL01-MG,Risco Médio,Alta
quinta-feira,BR-116,4.5,Plena Noite,Crescente,Céu Claro,Múltipla,Interseção de vias,-3.797098,-38.50672,DEL01-CE,Risco Médio,Alta
domingo,BR-381,287.0,Pleno dia,Crescente,Nublado,Simples,Não Informado,-19.63435,-42.80726,DEL03-MG,Risco Médio,Alta
sábado,BR-153,195.0,Plena Noite,Decrescente,Céu Claro,Simples,Interseção de vias,-21.77644,-49.89232,DEL07-SP,Risco Médio,Alta
sexta-feira,BR-222,641.0,Plena Noite,Crescente,Céu Claro,Simples,Não Informado,-4.791137,-47.20409,DEL04-MA,Risco Médio,Baixa
quarta-feira,BR-316,120.0,Pleno dia,Crescente,Chuva,Simples,Curva,-1.3145,-47.4226,DEL01-PA,Risco Baixo,Baixa
domingo,BR-222,22.8,Plena Noite,Decrescente,Nublado,Simples,Reta,-4.303772,-47.59163,DEL02-PA,Risco Médio,Baixa
segunda-feira,BR-290,88.0,Pleno dia,Decrescente,Céu Claro,Dupla,Reta,-29.96753,-51.13726,DEL01-RS,Risco Médio,Baixa
terça-feira,BR-316,1.0,Plena Noite,Decrescente,Céu Claro,Dupla,Reta,-1.403197,-48.42909,DEL01-PA,Risco Baixo,Baixa
quarta-feira,BR-163,956.0,Plena Noite,Crescente,Céu Claro,Simples,Não Informado,-10.9637,-55.22303,DEL06-MT,Risco Médio,Alta
terça-feira,BR-116,147.0,Pleno dia,Crescente,Céu Claro,Simples,Reta,-23.19543,-45.87176,DEL02-SP,Risco Médio,Alta
quinta-feira,BR-277,306.0,Plena Noite,Crescente,Céu Claro,Simples,Curva,-25.29938,-51.14538,DEL08-PR,Risco Médio,Média
segunda-feira,BR-324,295.0,Anoitecer,Decrescente,Céu Claro,Simples,Reta,-11.18353,-40.51782,DEL04-BA,Risco Alto,Baixa
segunda-feira,BR-101,843.6,Pleno dia,Decrescente,Céu Claro,Simples,Reta,-17.4612,-39.70128,DEL09-BA,Risco Médio,Alta
sábado,BR-116,106.0,Pleno dia,Decrescente,Sol,Dupla,Reta,-25.56831,-49.178,DEL01-PR,Risco Médio,Alta
quinta-feira,BR-267,36.8,Pleno dia,Decrescente,Nublado,Simples,Curva,-21.6601,-42.87518,DEL07-MG,Risco Baixo,Baixa
quarta-feira,BR-101,109.2,Pleno dia,Crescente,Chuva,Dupla,Curva,-8.310128,-35.09968,DEL01-PE,Risco Médio,Alta
sábado,BR-101,283.0,Pleno dia,Decrescente,Chuva,Simples,Curva,-13.25171,-39.32329,DEL01-BA,Risco Médio,Alta
quarta-feira,BR-101,145.0,Pleno dia,Crescente,Sol,Múltipla,Reta,-19.362,-40.06508,DEL04-ES,Risco Médio,Alta
quinta-feira,BR-101,55.0,Pleno dia,Decrescente,Nublado,Dupla,Curva,-26.42281,-48.82977,DEL03-SC,Risco Baixo,Alta
sábado,BR-101,271.2,Pleno dia,Crescente,Céu Claro,Múltipla,Reta,-20.23096,-40.27942,DEL02-ES,Risco Médio,Alta
quinta-feira,BR-163,143.0,Pleno dia,Decrescente,Céu Claro,Simples,Reta,-25.47148,-53.58479,DEL04-PR,Risco Médio,Alta
segunda-feira,BR-101,174.0,Plena Noite,Crescente,Céu Claro,Múltipla,Reta,-19.62577,-40.22129,DEL04-ES,Risco Baixo,Alta
segunda-feira,BR-277,434.5,Pleno dia,Crescente,Chuva,Simples,Não Informado,-25.3784,-52.20277,DEL04-PR,Risco Alto,Média
terça-feira,BR-381,250.6,Plena Noite,Decrescente,Céu Claro,Simples,Retorno Regulamentado,-19.48378,-42.55378,DEL06-MG,Risco Médio,Alta
sábado,BR-364,710.0,Plena Noite,Crescente,Nublado,Dupla,Reta,-8.784352,-63.85996,DEL01-RO,Risco Médio,Alta
quarta-feira,BR-101,74.0,Pleno dia,Decrescente,Céu Claro,Dupla,Não Informado,-8.101737,-34.94886,DEL01-PE,Risco Médio,Alta
quinta-feira,BR-101,66.6,Pleno dia,Crescente,Céu Claro,Dupla,Viaduto,-8.040083,-34.94237,DEL01-PE,Risco Médio,Alta
segunda-feira,BR-40,519.8,Plena Noite,Decrescente,Chuva,Dupla,Reta,-19.84479,-44.07393,DEL01-MG,Risco Médio,Alta