dia_semana,br,km,fase_dia,sentido_via,condicao_metereologica,tipo_pista,tracado_via,latitude,longitude,delegacia,classificacao_acidente,postos_policiais_PRF
terça-feira,BR-262,7.1,Pleno dia,Crescente,Céu Claro,Dupla,Curva,-20.34284,-40.40435,DEL01-ES,Risco Médio,Média
quarta-feira,BR-293,177.9,Amanhecer,Decrescente,Nublado,Simples,Desvio Temporário,-31.30045,-54.05433,DEL11-RS,Risco Baixo,Baixa
sábado,BR-153,565.5,Plena Noite,Crescente,Céu Claro,Simples,Reta,-17.25227,-49.24201,DEL03-GO,Risco Baixo,Alta
quinta-feira,BR-116,182.0,Plena Noite,Crescente,Céu Claro,Múltipla,Reta,-22.75678,-43.43107,DEL01-RJ,Risco Médio,Alta
segunda-feira,BR-116,132.9,Pleno dia,Decrescente,Céu Claro,Simples,Rotatória,-26.9129,-50.44403,DEL06-SC,Risco Médio,Alta
segunda-feira,BR-251,428.0,Anoitecer,Decrescente,Céu Claro,Simples,Curva,-16.34305,-43.14477,DEL12-MG,Risco Baixo,Baixa
domingo,BR-101,148.0,Plena Noite,Decrescente,Céu Claro,Dupla,Reta,-27.10124,-48.61808,DEL04-SC,Risco Médio,Alta
quinta-feira,BR-376,594.3,Plena Noite,Crescente,Nublado,Dupla,Desvio Temporário,-25.4848,-49.3473,DEL01-PR,Risco Médio,Baixa
domingo,BR-101,334.1,Plena Noite,Decrescente,Nublado,Dupla,Reta,-28.4673,-49.00604,DEL02-SC,Risco Médio,Alta
quarta-feira,BR-222,405.3,Pleno dia,Crescente,Sol,Dupla,Reta,-3.946907,-45.64889,DEL02-MA,Risco Médio,Baixa
sexta-feira,BR-376,67.1,Amanhecer,Crescente,Céu Claro,Simples,Reta,-22.93149,-52.76661,DEL09-PR,Risco Médio,Baixa
segunda-feira,BR-40,4.0,Pleno dia,Crescente,Céu Claro,Dupla,Reta,-16.01203,-47.98212,DEL01-DF,Risco Médio,Alta
segunda-feira,BR-116,470.0,Pleno dia,Crescente,Nublado,Dupla,Curva,-24.65404,-47.95946,DEL05-SP,Risco Médio,Alta
sábado,BR-285,574.0,Pleno dia,Crescente,Céu Claro,Simples,Reta,-28.41892,-55.03653,DEL12-RS,Risco Médio,Baixa
quinta-feira,BR-116,778.0,Pleno dia,Crescente,Céu Claro,Simples,Reta,-14.6158,-40.44411,DEL08-BA,Risco Médio,Alta
quinta-feira,BR-293,18.9,Pleno dia,Decrescente,Garoa/Chuvisco,Simples,Reta,-31.742,-52.51286,DEL07-RS,Risco Baixo,Baixa
sábado,BR-101,197.0,Pleno dia,Decrescente,Nublado,Dupla,Desvio Temporário,-27.5267,-48.6349,DEL01-SC,Risco Médio,Alta
quinta-feira,BR-282,164.8,Pleno dia,Decrescente,Céu Claro,Simples,Reta,-27.73319,-49.79279,DEL05-SC,Risco Baixo,Baixa
quarta-feira,BR-101,440.0,Plena Noite,Crescente,Céu Claro,Simples,Reta,-14.28961,-39.32469,DEL05-BA,Risco Médio,Alta
domingo,BR-392,303.4,Plena Noite,Crescente,Céu Claro,Simples,Reta,-30.11985,-53.61779,DEL09-RS,Risco Médio,Média
terça-feira,BR-364,384.0,Plena Noite,Decrescente,Céu Claro,Simples,Interseção de vias,-10.71525,-62.25065,DEL02-RO,Risco Médio,Alta
sábado,BR-467,76.4,Pleno dia,Crescente,Céu Claro,Simples,Não Informado,-24.76164,-53.69249,DEL04-PR,Risco Médio,Baixa
segunda-feira,BR-163,1003.0,Plena Noite,Decrescente,Céu Claro,Simples,Reta,-2.443986,-54.73112,DEL05-PA,Risco Médio,Alta
sábado,BR-163,85.0,Pleno dia,Decrescente,Céu Claro,Simples,Desvio Temporário,-25.7243,-53.77992,DEL02-PR,Risco Médio,Alta
domingo,BR-470,37.0,Pleno dia,Decrescente,Sol,Simples,Reta,-26.91295,-48.96033,DEL04-SC,Risco Baixo,Baixa
sexta-feira,BR-116,390.1,Pleno dia,Decrescente,Céu Claro,Dupla,Retorno Regulamentado,-11.939,-38.97937,DEL02-BA,Risco Médio,Alta
sábado,BR-470,54.5,Pleno dia,Crescente,Céu Claro,Simples,Retorno Regulamentado,-26.8743,-49.11548,DEL04-SC,Risco Médio,Baixa
terça-feira,BR-101,389.0,Pleno dia,Decrescente,Sol,Dupla,Reta,-28.79258,-49.34904,DEL02-SC,Risco Médio,Alta
terça-feira,BR-230,42.2,Pleno dia,Decrescente,Sol,Dupla,Reta,-7.146745,-35.00104,DEL01-PB,Risco Alto,Baixa
sábado,BR-116,182.0,Plena Noite,Decrescente,Nublado,Simples,Curva,-25.91143,-49.59186,DEL01-PR,Risco Baixo,Alta
quinta-feira,BR-101,94.5,Anoitecer,Decrescente,Nublado,Múltipla,Interseção de vias,-5.830011,-35.21129,DEL01-RN,Risco Médio,Alta
terça-feira,BR-116,49.5,Pleno dia,Crescente,Céu Claro,Dupla,Reta,-22.73312,-45.08065,DEL08-SP,Risco Médio,Alta
domingo,BR-153,500.0,Pleno dia,Crescente,Sol,Dupla,Reta,-16.7118,-49.2324,DEL01-GO,Risco Médio,Alta
sábado,BR-101,262.0,Pleno dia,Crescente,Céu Claro,Simples,Não Informado,-13.0815,-39.27559,DEL01-BA,Risco Médio,Alta
terça-feira,BR-101,186.3,Anoitecer,Decrescente,Céu Claro,Simples,Reta,-19.66716,-40.25306,DEL04-ES,Risco Médio,Alta
sábado,BR-40,628.0,Plena Noite,Decrescente,Céu Claro,Dupla,Reta,-20.64636,-43.81002,DEL05-MG,Risco Médio,Alta
terça-feira,BR-210,3.0,Anoitecer,Crescente,Céu Claro,Dupla,Reta,0.0875,-51.0873,DEL01-AP,Risco Baixo,Baixa
terça-feira,BR-222,1.0,Pleno dia,Decrescente,Céu Claro,Dupla,Reta,-3.737804,-38.57806,DEL01-CE,Risco Médio,Baixa
sexta-feira,BR-158,750.5,Pleno dia,Decrescente,Céu Claro,Simples,Reta,-15.49418,-52.20272,DEL07-MT,Risco Baixo,Baixa
quarta-feira,BR-470,54.0,Pleno dia,Crescente,Garoa/Chuvisco,Simples,Interseção de vias,-26.87107,-49.11037,DEL04-SC,Risco Médio,Baixa
quarta-feira,BR-110,44.8,Pleno dia,Crescente,Céu Claro,Simples,Reta,-5.187178,-37.30391,DEL04-RN,Risco Médio,Baixa
terça-feira,BR-116,149.2,Plena Noite,Crescente,Nublado,Dupla,Interseção de vias,-29.15997,-51.15645,DEL05-RS,Risco Médio,Alta
domingo,BR-104,53.5,Plena Noite,Decrescente,Céu Claro,Simples,Curva,-9.265478,-35.96476,DEL01-AL,Risco Médio,Baixa
domingo,BR-222,313.6,Pleno dia,Decrescente,Céu Claro,Múltipla,Túnel,-3.734603,-41.00267,DEL04-CE,Risco Médio,Baixa
sábado,BR-60,396.0,Pleno dia,Crescente,Céu Claro,Simples,Reta,-20.7644,-54.78814,DEL01-MS,Risco Médio,Média
segunda-feira,BR-40,43.1,Pleno dia,Decrescente,Céu Claro,Dupla,Curva,-22.26514,-43.10851,DEL06-RJ,Risco Médio,Alta
quarta-feira,BR-101,162.0,Pleno dia,Decrescente,Céu Claro,Múltipla,Reta,-27.22554,-48.62794,DEL04-SC,Risco Médio,Alta
terça-feira,BR-319,64.0,Pleno dia,Crescente,Céu Claro,Múltipla,Interseção de vias,-8.766098,-63.88455,DEL01-RO,Risco Médio,Baixa
quarta-feira,BR-10,130.0,Pleno dia,Decrescente,Céu Claro,Simples,Reta,-6.553709,-47.44068,DEL04-MA,Risco Médio,Baixa
domingo,BR-304,45.0,Plena Noite,Crescente,Céu Claro,Dupla,Reta,-5.22507,-37.349,DEL04-RN,Risco Médio,Baixa
quarta-feira,BR-70,297.3,Pleno dia,Crescente,Céu Claro,Simples,Reta,-15.58134,-54.4465,DEL05-MT,Risco Médio,Baixa
segunda-feira,BR-40,729.0,Plena Noite,Decrescente,Céu Claro,Dupla,Não Informado,-21.32603,-43.58446,DEL05-MG,Risco Médio,Alta
segunda-feira,BR-60,368.8,Pleno dia,Crescente,Céu Claro,Dupla,Desvio Temporário,-17.6726,-50.8261,DEL04-GO,Risco Médio,Média
domingo,BR-402,13.8,Amanhecer,Crescente,Céu Claro,Simples,Curva,-2.945172,-44.20997,DEL01-MA,Risco Médio,Baixa
segunda-feira,BR-381,27.2,Pleno dia,Decrescente,Céu Claro,Dupla,Reta,-23.03326,-46.54275,DEL03-SP,Risco Médio,Alta
sábado,BR-381,359.0,Pleno dia,Crescente,Nublado,Simples,Reta,-19.83824,-43.18483,DEL03-MG,Risco Médio,Alta
sábado,BR-235,98.0,Plena Noite,Decrescente,Céu Claro,Simples,Reta,-10.43739,-37.67749,DEL01-SE,Risco Médio,Baixa
quinta-feira,BR-116,427.0,Pleno dia,Decrescente,Céu Claro,Simples,Curva,-30.99035,-52.03836,DEL02-RS,Risco Médio,Alta
quarta-feira,BR-101,146.8,Plena Noite,Crescente,Céu Claro,Dupla,Reta,-19.36991,-40.06561,DEL04-ES,Risco Médio,Alta
sábado,BR-153,441.0,Pleno dia,Decrescente,Céu Claro,Dupla,Reta,-16.3369,-48.92259,DEL02-GO,Risco Médio,Alta
domingo,BR-135,45.0,Pleno dia,Decrescente,Céu Claro,Simples,Ponte,-11.15232,-45.06893,DEL10-BA,Risco Médio,Baixa
quinta-feira,BR-262,118.8,Pleno dia,Crescente,Ignorado,Simples,Rotatória,-20.22995,-42.63699,DEL03-MG,Risco Médio,Média
segunda-feira,BR-381,862.0,Plena Noite,Decrescente,Céu Claro,Dupla,Não Informado,-22.3394,-45.9252,DEL16-MG,Risco Baixo,Alta
terça-feira,BR-101,234.1,Plena Noite,Decrescente,Céu Claro,Dupla,Reta,-27.8109,-48.63527,DEL01-SC,Risco Baixo,Alta
quarta-feira,BR-101,84.0,Plena Noite,Crescente,Nublado,Múltipla,Reta,-26.62405,-48.71395,DEL03-SC,Risco Médio,Alta
terça-feira,BR-232,408.3,Pleno dia,Decrescente,Céu Claro,Simples,Reta,-7.983714,-38.28048,DEL04-PE,Risco Médio,Baixa
segunda-feira,BR-110,198.3,Pleno dia,Decrescente,Céu Claro,Simples,Reta,-11.09239,-38.50849,DEL07-BA,Risco Médio,Baixa
sábado,BR-381,652.2,Pleno dia,Decrescente,Chuva,Dupla,Não Informado,-20.9697,-44.9314,DEL04-MG,Risco Médio,Alta
sábado,BR-40,606.0,Plena Noite,Crescente,Céu Claro,Simples,Curva,-20.46835,-43.84095,DEL05-MG,Risco Alto,Alta
quarta-feira,BR-480,129.0,Pleno dia,Crescente,Céu Claro,Simples,Desvio Temporário,-27.04676,-52.63544,DEL07-SC,Risco Médio,Baixa
sábado,BR-407,126.0,Plena Noite,Crescente,Nublado,Simples,Rotatória,-10.45893,-40.17818,DEL04-BA,Risco Baixo,Baixa
quinta-feira,BR-101,266.2,Amanhecer,Crescente,Garoa/Chuvisco,Múltipla,Interseção de vias,-20.19371,-40.26866,DEL02-ES,Risco Alto,Alta
quinta-feira,BR-116,362.9,Pleno dia,Crescente,Céu Claro,Simples,Interseção de vias,-30.63715,-51.55331,DEL02-RS,Risco Médio,Alta
sábado,BR-101,412.0,Plena Noite,Decrescente,Céu Claro,Dupla,Reta,-22.9129,-43.8969,DEL03-RJ,Risco Médio,Alta
domingo,BR-476,217.9,Plena Noite,Crescente,Nublado,Simples,Não Informado,-25.80584,-49.90411,DEL02-PR,Risco Alto,Baixa
terça-feira,BR-386,74.8,Pleno dia,Crescente,Céu Claro,Simples,Interseção de vias,-27.68566,-53.30841,DEL08-RS,Risco Baixo,Média
terça-feira,BR-163,831.0,Pleno dia,Crescente,Céu Claro,Dupla,Rotatória,-11.89385,-55.50375,DEL06-MT,Risco Baixo,Alta
domingo,BR-101,47.8,Pleno dia,Crescente,Céu Claro,Simples,Reta,-23.43725,-45.08772,DEL06-SP,Risco Médio,Alta
segunda-feira,BR-280,57.9,Pleno dia,Decrescente,Céu Claro,Simples,Reta,-26.47446,-49.02491,DEL03-SC,Risco Médio,Baixa
domingo,BR-116,269.9,Plena Noite,Crescente,Céu Claro,Simples,Curva,-22.56152,-44.16341,DEL07-RJ,Risco Baixo,Alta
domingo,BR-104,66.8,Plena Noite,Decrescente,Céu Claro,Dupla,Reta,-8.291297,-35.98514,DEL02-PE,Risco Médio,Baixa
domingo,BR-262,78.5,Pleno dia,Crescente,Nublado,Simples,Curva,-20.41116,-40.92351,DEL01-ES,Risco Baixo,Média
terça-feira,BR-470,32.2,Pleno dia,Crescente,Nublado,Simples,Interseção de vias,-26.90179,-48.93181,DEL04-SC,Risco Médio,Baixa
sexta-feira,BR-70,185.5,Amanhecer,Decrescente,Nevoeiro/Neblina,Simples,Desvio Temporário,-16.00019,-49.74809,DEL02-GO,Risco Médio,Baixa
sexta-feira,BR-116,327.0,Pleno dia,Decrescente,Chuva,Simples,Curva,-22.4968,-44.6436,DEL07-RJ,Risco Médio,Alta
quinta-feira,BR-10,244.0,Pleno dia,Crescente,Céu Claro,Simples,Desvio Temporário,-5.596112,-47.42886,DEL04-MA,Risco Médio,Baixa
sexta-feira,BR-101,321.0,Pleno dia,Decrescente,Sol,Simples,Reta,-13.40209,-39.40694,DEL05-BA,Risco Baixo,Alta
domingo,BR-376,536.0,Pleno dia,Decrescente,Céu Claro,Dupla,Reta,-25.33233,-49.85762,DEL01-PR,Risco Médio,Baixa
quinta-feira,BR-116,209.0,Pleno dia,Crescente,Nublado,Múltipla,Reta,-23.42512,-46.40221,DEL01-SP,Risco Baixo,Alta
sábado,BR-153,723.0,Plena Noite,Crescente,Céu Claro,Simples,Reta,-12.14588,-49.16654,DEL01-TO,Risco Médio,Alta
sábado,BR-116,516.0,Plena Noite,Crescente,Chuva,Simples,Reta,-12.68497,-39.68018,DEL03-BA,Risco Médio,Alta
sexta-feira,BR-364,699.0,Pleno dia,Crescente,Céu Claro,Dupla,Curva,-8.800429,-63.76018,DEL01-RO,Risco Médio,Alta
domingo,BR-116,275.3,Pleno dia,Decrescente,Nublado,Dupla,Reta,-22.53341,-44.19611,DEL07-RJ,Risco Baixo,Alta
sexta-feira,BR-282,17.0,Pleno dia,Crescente,Céu Claro,Simples,Reta,-27.66571,-48.68807,DEL01-SC,Risco Médio,Baixa
domingo,BR-367,49.8,Pleno dia,Crescente,Sol,Simples,Reta,-16.37442,-39.28823,DEL09-BA,Risco Baixo,Baixa
domingo,BR-116,225.0,Pleno dia,Decrescente,Chuva,Dupla,Reta,-23.48587,-46.54075,DEL01-SP,Risco Médio,Alta
domingo,BR-354,18.0,Pleno dia,Crescente,Céu Claro,Simples,Não Informado,-22.4656,-44.71699,DEL07-RJ,Risco Médio,Baixa
domingo,BR-470,36.0,Pleno dia,Crescente,Céu Claro,Simples,Interseção de vias,-26.91455,-48.97558,DEL04-SC,Risco Baixo,Baixa
segunda-feira,BR-146,401.2,Pleno dia,Crescente,Céu Claro,Simples,Não Informado,-21.29654,-46.67588,DEL09-MG,Risco Médio,Baixa
sexta-feira,BR-101,10.1,Pleno dia,Crescente,Céu Claro,Dupla,Reta,-8.078812,-34.9835,DEL01-PE,Risco Baixo,Alta
sexta-feira,BR-101,324.0,Pleno dia,Crescente,Nublado,Dupla,Reta,-22.87381,-43.12644,DEL02-RJ,Risco Médio,Alta
domingo,BR-343,348.4,Pleno dia,Decrescente,Sol,Simples,Reta,-5.095041,-42.76298,DEL01-PI,Risco Médio,Baixa
domingo,BR-116,764.9,Plena Noite,Decrescente,Ignorado,Simples,Reta,-21.51974,-42.64911,DEL07-MG,Risco Baixo,Alta
quarta-feira,BR-153,115.9,Plena Noite,Crescente,Céu Claro,Simples,Curva,-23.90126,-50.20513,DEL07-PR,Risco Baixo,Alta
domingo,BR-40,516.5,Plena Noite,Decrescente,Chuva,Dupla,Não Informado,-19.81629,-44.0896,DEL01-MG,Risco Médio,Alta
sábado,BR-163,478.0,Pleno dia,Crescente,Sol,Simples,Reta,-20.4963,-54.55917,DEL01-MS,Risco Médio,Alta
sábado,BR-153,467.0,Anoitecer,Crescente,Céu Claro,Simples,Reta,-9.975181,-48.74732,DEL02-TO,Risco Médio,Alta
sexta-feira,BR-70,17.0,Plena Noite,Crescente,Céu Claro,Dupla,Reta,-15.79021,-48.21443,DEL01-DF,Risco Médio,Baixa
quinta-feira,BR-364,831.0,Plena Noite,Decrescente,Céu Claro,Simples,Reta,-9.438817,-64.71544,DEL01-RO,Risco Médio,Alta
sábado,BR-153,521.0,Pleno dia,Decrescente,Nublado,Dupla,Reta,-16.8937,-49.2557,DEL01-GO,Risco Alto,Alta
quinta-feira,BR-116,89.0,Pleno dia,Crescente,Céu Claro,Dupla,Reta,-25.49201,-49.11327,DEL01-PR,Risco Baixo,Alta
domingo,BR-376,176.0,Plena Noite,Decrescente,Céu Claro,Dupla,Não Informado,-23.41103,-51.93649,DEL07-PR,Risco Médio,Baixa
quinta-feira,BR-316,102.1,Pleno dia,Decrescente,Céu Claro,Simples,Reta,-9.389183,-37.09787,DEL03-AL,Risco Médio,Baixa
sábado,BR-381,270.0,Pleno dia,Decrescente,Nublado,Simples,Curva,-19.5327,-42.6726,DEL03-MG,Risco Médio,Alta
sábado,BR-101,66.1,Plena Noite,Crescente,Nublado,Simples,Viaduto,-18.72511,-39.86071,DEL04-ES,Risco Médio,Alta
terça-feira,BR-116,117.0,Pleno dia,Decrescente,Nublado,Dupla,Reta,-23.05823,-45.6177,DEL02-SP,Risco Médio,Alta
domingo,BR-116,793.1,Pleno dia,Crescente,Sol,Simples,Não Informado,-21.70196,-42.72965,DEL07-MG,Risco Médio,Alta
sábado,BR-364,352.0,Pleno dia,Decrescente,Céu Claro,Simples,Reta,-15.79887,-55.60791,DEL02-MT,Risco Alto,Alta
quinta-feira,BR-285,71.9,Plena Noite,Decrescente,Nublado,Simples,Não Informado,-28.639,-50.52554,DEL05-RS,Risco Baixo,Baixa
terça-feira,BR-324,574.0,Pleno dia,Crescente,Céu Claro,Dupla,Reta,-12.5744,-38.5433,DEL01-BA,Risco Baixo,Baixa
segunda-feira,BR-101,84.9,Plena Noite,Crescente,Céu Claro,Dupla,Reta,-29.86007,-50.24884,DEL03-RS,Risco Médio,Alta
quarta-feira,BR-101,191.0,Pleno dia,Crescente,Nublado,Dupla,Curva,-27.4773,-48.64127,DEL01-SC,Risco Médio,Alta
quinta-feira,BR-101,245.7,Plena Noite,Crescente,Chuva,Dupla,Desvio Temporário,-20.05454,-40.3819,DEL02-ES,Risco Médio,Alta
sábado,BR-40,2.0,Plena Noite,Crescente,Céu Claro,Dupla,Reta,-15.99435,-47.98595,DEL01-DF,Risco Baixo,Alta
terça-feira,BR-290,51.9,Pleno dia,Decrescente,Nublado,Dupla,Reta,-29.90994,-50.76732,DEL03-RS,Risco Médio,Baixa
domingo,BR-386,403.1,Pleno dia,Decrescente,Céu Claro,Dupla,Reta,-29.7693,-51.57792,DEL04-RS,Risco Baixo,Média
sábado,BR-373,215.0,Plena Noite,Crescente,Chuva,Simples,Curva,-25.15461,-50.53263,DEL03-PR,Risco Alto,Baixa
quarta-feira,BR-101,366.0,Plena Noite,Crescente,Nublado,Dupla,Reta,-28.69261,-49.16748,DEL02-SC,Risco Médio,Alta
quinta-feira,BR-381,864.0,Amanhecer,Crescente,Sol,Múltipla,Não Informado,-22.34685,-45.92664,DEL16-MG,Risco Médio,Alta
terça-feira,BR-101,114.0,Plena Noite,Crescente,Céu Claro,Dupla,Curva,-26.86193,-48.72867,DEL04-SC,Risco Médio,Alta
quarta-feira,BR-285,297.9,Pleno dia,Crescente,Céu Claro,Simples,Reta,-28.23084,-52.43932,DEL08-RS,Risco Médio,Baixa
sábado,BR-277,509.3,Plena Noite,Decrescente,Céu Claro,Simples,Reta,-25.12193,-52.77164,DEL04-PR,Risco Médio,Média
quarta-feira,BR-381,845.0,Amanhecer,Decrescente,Nevoeiro/Neblina,Dupla,Reta,-22.20072,-45.85781,DEL16-MG,Risco Baixo,Alta
domingo,BR-381,435.0,Pleno dia,Crescente,Céu Claro,Simples,Reta,-19.78779,-43.73776,DEL01-MG,Risco Baixo,Alta
domingo,BR-472,447.9,Plena Noite,Crescente,Chuva,Simples,Reta,-29.04775,-56.22242,DEL12-RS,Risco Médio,Baixa
quarta-feira,BR-163,486.0,Pleno dia,Decrescente,Sol,Simples,Reta,-20.43364,-54.54377,DEL01-MS,Risco Médio,Alta
sexta-feira,BR-226,1.0,Pleno dia,Crescente,Céu Claro,Simples,Curva,-6.561846,-47.46742,DEL02-TO,Risco Médio,Baixa
sábado,BR-101,41.1,Pleno dia,Crescente,Céu Claro,Dupla,Reta,-7.829063,-34.91458,DEL01-PE,Risco Médio,Alta
terça-feira,BR-153,51.0,Pleno dia,Crescente,Céu Claro,Simples,Reta,-23.37679,-50.06257,DEL07-PR,Risco Médio,Alta
sábado,BR-381,478.0,Pleno dia,Decrescente,Céu Claro,Dupla,Não Informado,-19.96048,-44.03543,DEL01-MG,Risco Médio,Alta
domingo,BR-158,327.0,Amanhecer,Crescente,Céu Claro,Simples,Não Informado,-29.71495,-53.81083,DEL09-RS,Risco Médio,Baixa
quarta-feira,BR-365,383.8,Pleno dia,Decrescente,Nublado,Simples,Reta,-18.57369,-46.26046,DEL10-MG,Risco Médio,Média
quarta-feira,BR-316,268.0,Pleno dia,Decrescente,Céu Claro,Simples,Reta,-9.576931,-35.83391,DEL02-AL,Risco Baixo,Baixa
terça-feira,BR-470,51.0,Pleno dia,Crescente,Céu Claro,Simples,Não Informado,-26.86234,-49.08404,DEL04-SC,Risco Médio,Baixa
quarta-feira,BR-116,462.0,Plena Noite,Decrescente,Nevoeiro/Neblina,Dupla,Reta,-24.62289,-47.8958,DEL05-SP,Risco Médio,Alta
quinta-feira,BR-101,271.1,Pleno dia,Crescente,Sol,Dupla,Ponte,-28.11604,-48.70016,DEL02-SC,Risco Médio,Alta
sexta-feira,BR-116,167.0,Pleno dia,Crescente,Céu Claro,Dupla,Não Informado,-23.30255,-46.0264,DEL02-SP,Risco Médio,Alta
segunda-feira,BR-101,389.4,Pleno dia,Crescente,Céu Claro,Simples,Curva,-20.86208,-40.88062,DEL03-ES,Risco Médio,Alta
segunda-feira,BR-101,133.5,Plena Noite,Decrescente,Nublado,Dupla,Reta,-27.0007,-48.64132,DEL04-SC,Risco Médio,Alta
domingo,BR-101,88.0,Pleno dia,Decrescente,Céu Claro,Simples,Curva,-7.1647,-34.89994,DEL01-PB,Risco Médio,Alta
quarta-feira,BR-282,300.9,Pleno dia,Decrescente,Chuva,Simples,Não Informado,-27.51596,-50.91788,DEL07-SC,Risco Médio,Baixa
quinta-feira,BR-230,28.0,Pleno dia,Crescente,Céu Claro,Dupla,Reta,-7.1651,-34.8941,DEL01-PB,Risco Médio,Baixa
quarta-feira,BR-116,709.1,Anoitecer,Crescente,Céu Claro,Simples,Curva,-21.16713,-42.37131,DEL07-MG,Risco Médio,Alta
quarta-feira,BR-116,86.0,Pleno dia,Crescente,Chuva,Simples,Curva,-22.43671,-42.94971,DEL04-RJ,Risco Médio,Alta
sábado,BR-116,204.0,Pleno dia,Decrescente,Nublado,Dupla,Não Informado,-23.41237,-46.35733,DEL01-SP,Risco Médio,Alta
quinta-feira,BR-381,722.0,Pleno dia,Decrescente,Céu Claro,Dupla,Curva,-21.4485,-45.2114,DEL04-MG,Risco Médio,Alta
segunda-feira,BR-381,399.0,Pleno dia,Crescente,Céu Claro,Simples,Rotatória,-19.73902,-43.50728,DEL01-MG,Risco Médio,Alta
domingo,BR-101,34.5,Anoitecer,Crescente,Chuva,Dupla,Curva,-26.26596,-48.89864,DEL03-SC,Risco Médio,Alta
domingo,BR-381,479.0,Pleno dia,Decrescente,Ignorado,Dupla,Não Informado,-19.96496,-44.04556,DEL01-MG,Risco Médio,Alta
quinta-feira,BR-101,276.0,Anoitecer,Decrescente,Céu Claro,Simples,Reta,-20.20789,-40.31335,DEL02-ES,Risco Médio,Alta
terça-feira,BR-116,149.6,Amanhecer,Decrescente,Nevoeiro/Neblina,Dupla,Não Informado,-23.207,-45.88627,DEL02-SP,Risco Médio,Alta
domingo,BR-163,692.0,Pleno dia,Crescente,Céu Claro,Simples,Reta,-13.04081,-55.90231,DEL06-MT,Risco Médio,Alta
segunda-feira,BR-101,795.0,Plena Noite,Decrescente,Ignorado,Simples,Reta,-16.916,-39.5325,DEL09-BA,Risco Baixo,Alta
quinta-feira,BR-381,649.1,Pleno dia,Crescente,Céu Claro,Dupla,Reta,-20.96227,-44.92925,DEL04-MG,Risco Médio,Alta
segunda-feira,BR-316,21.7,Pleno dia,Decrescente,Céu Claro,Simples,Interseção de vias,-7.568393,-40.52717,DEL05-PE,Risco Médio,Baixa
sábado,BR-251,472.5,Pleno dia,Decrescente,Céu Claro,Simples,Curva,-16.46691,-43.43948,DEL12-MG,Risco Médio,Baixa
segunda-feira,BR-153,50.0,Anoitecer,Decrescente,Céu Claro,Simples,Reta,-27.65623,-52.27555,DEL08-RS,Risco Médio,Alta
sábado,BR-267,373.5,Plena Noite,Decrescente,Céu Claro,Simples,Reta,-21.658,-55.23141,DEL05-MS,Risco Médio,Baixa
terça-feira,BR-101,59.0,Pleno dia,Crescente,Chuva,Simples,Reta,-21.71364,-41.30861,DEL08-RJ,Risco Médio,Alta
terça-feira,BR-101,213.4,Pleno dia,Crescente,Céu Claro,Dupla,Reta,-27.63986,-48.66747,DEL01-SC,Risco Médio,Alta
sábado,BR-116,115.0,Plena Noite,Crescente,Garoa/Chuvisco,Dupla,Reta,-23.0496,-45.59974,DEL02-SP,Risco Médio,Alta
quinta-feira,BR-116,120.0,Anoitecer,Crescente,Ignorado,Dupla,Reta,-25.59788,-49.31694,DEL01-PR,Risco Médio,Alta
quinta-feira,BR-101,220.0,Plena Noite,Decrescente,Garoa/Chuvisco,Dupla,Reta,-27.69199,-48.66368,DEL01-SC,Risco Médio,Alta
domingo,BR-101,430.0,Pleno dia,Decrescente,Nublado,Dupla,Curva,-22.9371,-44.01084,DEL03-RJ,Risco Médio,Alta
quinta-feira,BR-70,18.3,Pleno dia,Decrescente,Céu Claro,Dupla,Reta,-15.79109,-48.21096,DEL01-DF,Risco Baixo,Baixa
segunda-feira,BR-60,370.0,Amanhecer,Crescente,Céu Claro,Simples,Reta,-20.5697,-54.69201,DEL01-MS,Risco Alto,Média
domingo,BR-392,634.0,Amanhecer,Crescente,Céu Claro,Simples,Reta,-28.14721,-54.48044,DEL10-RS,Risco Médio,Média
quinta-feira,BR-40,614.7,Plena Noite,Crescente,Céu Claro,Simples,Não Informado,-20.53983,-43.82101,DEL05-MG,Risco Médio,Alta
sexta-feira,BR-116,0.5,Pleno dia,Crescente,Céu Claro,Simples,Reta,-21.8777,-42.67006,DEL04-RJ,Risco Médio,Alta
terça-feira,BR-116,304.4,Plena Noite,Crescente,Céu Claro,Simples,Reta,-22.4591,-44.43743,DEL07-RJ,Risco Alto,Alta
segunda-feira,BR-163,149.0,Pleno dia,Decrescente,Sol,Simples,Não Informado,-11.59843,-85.42969,DEL04-PR,Risco Médio,Alta
sábado,BR-116,521.0,Pleno dia,Crescente,Céu Claro,Dupla,Rotatória,-31.70752,-52.36801,DEL07-RS,Risco Baixo,Alta
quarta-feira,BR-101,347.9,Plena Noite,Crescente,Chuva,Simples,Reta,-20.65366,-40.62631,DEL03-ES,Risco Médio,Alta
terça-feira,BR-116,225.0,Plena Noite,Decrescente,Céu Claro,Simples,Não Informado,-22.669,-43.8291,DEL07-RJ,Risco Baixo,Alta
segunda-feira,BR-304,301.2,Plena Noite,Crescente,Céu Claro,Dupla,Reta,-5.875952,-35.30877,DEL01-RN,Risco Médio,Baixa
sábado,BR-376,374.1,Pleno dia,Crescente,Chuva,Simples,Curva,-24.3638,-50.8068,DEL03-PR,Risco Baixo,Baixa