dia_semana,br,km,fase_dia,sentido_via,condicao_metereologica,tipo_pista,tracado_via,latitude,longitude,delegacia,classificacao_acidente,postos_policiais_PRF
domingo,BR-60,3.0,Pleno dia,Crescente,Céu Claro,Dupla,Reta,-15.89052,-48.08686,DEL01-DF,Risco Médio,Média
segunda-feira,BR-116,897.8,Pleno dia,Crescente,Céu Claro,Simples,Não Informado,-15.34164,-41.16302,DEL08-BA,Risco Médio,Alta
sexta-feira,BR-381,365.2,Plena Noite,Crescente,Chuva,Simples,Curva,-19.85465,-43.26107,DEL03-MG,Risco Baixo,Alta
domingo,BR-262,569.5,Pleno dia,Decrescente,Céu Claro,Simples,Curva,-19.71984,-46.02316,DEL08-MG,Risco Médio,Média
domingo,BR-373,177.1,Plena Noite,Crescente,Nublado,Dupla,Reta,-25.05597,-50.22678,DEL03-PR,Risco Médio,Baixa
sexta-feira,BR-101,163.7,Pleno dia,Decrescente,Céu Claro,Simples,Curva,-11.30467,-37.50743,DEL02-SE,Risco Baixo,Alta
quinta-feira,BR-116,448.9,Plena Noite,Crescente,Céu Claro,Simples,Reta,-12.4376,-39.225,DEL02-BA,Risco Médio,Alta
segunda-feira,BR-470,133.2,Pleno dia,Crescente,Céu Claro,Simples,Reta,-27.17419,-49.5885,DEL04-SC,Risco Médio,Baixa
quinta-feira,BR-101,121.0,Anoitecer,Decrescente,Céu Claro,Dupla,Reta,-6.024968,-35.25098,DEL01-RN,Risco Alto,Alta
quarta-feira,BR-101,133.8,Plena Noite,Crescente,Nublado,Simples,Rotatória,-9.772675,-36.10117,DEL02-AL,Risco Alto,Alta
terça-feira,BR-153,515.6,Plena Noite,Crescente,Céu Claro,Dupla,Reta,-16.8413,-49.2454,DEL01-GO,Risco Médio,Alta
quinta-feira,BR-116,216.0,Plena Noite,Decrescente,Céu Claro,Múltipla,Reta,-23.45223,-46.46654,DEL01-SP,Risco Baixo,Alta
sexta-feira,BR-262,63.7,Pleno dia,Crescente,Nublado,Simples,Reta,-20.42077,-40.80814,DEL01-ES,Risco Médio,Média
quarta-feira,BR-407,4.0,Plena Noite,Crescente,Céu Claro,Simples,Reta,-9.43965,-40.49429,DEL06-PE,Risco Médio,Baixa
sábado,BR-101,172.0,Pleno dia,Decrescente,Céu Claro,Simples,Interseção de vias,-12.36633,-38.86826,DEL01-BA,Risco Médio,Alta
sexta-feira,BR-386,410.9,Pleno dia,Decrescente,Chuva,Simples,Curva,-29.80068,-51.51841,DEL04-RS,Risco Médio,Média
segunda-feira,BR-470,222.0,Pleno dia,Crescente,Chuva,Simples,Curva,-27.31602,-50.32732,DEL05-SC,Risco Médio,Baixa
sexta-feira,BR-277,658.0,Pleno dia,Crescente,Céu Claro,Dupla,Curva,-25.24341,-53.98083,DEL05-PR,Risco Baixo,Média
quinta-feira,BR-101,305.0,Plena Noite,Decrescente,Céu Claro,Dupla,Reta,-22.78703,-42.99589,DEL02-RJ,Risco Médio,Alta
terça-feira,BR-70,679.8,Pleno dia,Decrescente,Chuva,Simples,Reta,-16.11587,-57.30465,DEL03-MT,Risco Baixo,Baixa
domingo,BR-324,593.0,Pleno dia,Decrescente,Céu Claro,Dupla,Curva,-12.6989,-38.46419,DEL01-BA,Risco Médio,Baixa
segunda-feira,BR-101,197.3,Pleno dia,Crescente,Nublado,Múltipla,Rotatória,-27.51844,-48.63848,DEL01-SC,Risco Médio,Alta
sábado,BR-324,543.0,Plena Noite,Decrescente,Céu Claro,Dupla,Rotatória,-12.39713,-38.76807,DEL01-BA,Risco Baixo,Baixa
quinta-feira,BR-116,18.5,Anoitecer,Decrescente,Nublado,Dupla,Reta,-25.3891,-49.1966,DEL01-PR,Risco Alto,Alta
quarta-feira,BR-116,275.0,Plena Noite,Crescente,Céu Claro,Dupla,Curva,-23.63639,-46.83252,DEL04-SP,Risco Médio,Alta
segunda-feira,BR-381,63.5,Pleno dia,Crescente,Nublado,Dupla,Reta,-23.3028,-46.57277,DEL03-SP,Risco Médio,Alta
sexta-feira,BR-101,88.0,Pleno dia,Crescente,Céu Claro,Dupla,Reta,-8.2073,-34.9836,DEL01-PE,Risco Baixo,Alta
sexta-feira,BR-116,308.0,Pleno dia,Crescente,Céu Claro,Simples,Reta,-18.03158,-41.68535,DEL11-MG,Risco Médio,Alta
segunda-feira,BR-40,4.5,Pleno dia,Decrescente,Céu Claro,Dupla,Reta,-16.08925,-47.98475,DEL01-DF,Risco Médio,Alta
quinta-feira,BR-40,455.8,Plena Noite,Crescente,Céu Claro,Dupla,Não Informado,-19.36133,-44.34181,DEL02-MG,Risco Médio,Alta
domingo,BR-262,549.1,Pleno dia,Decrescente,Nublado,Simples,Reta,-19.71564,-45.88381,DEL08-MG,Risco Médio,Média
quarta-feira,BR-222,163.0,Pleno dia,Crescente,Céu Claro,Simples,Curva,-3.732162,-39.90261,DEL04-CE,Risco Baixo,Baixa
terça-feira,BR-365,605.4,Pleno dia,Decrescente,Nublado,Simples,Curva,-18.91046,-48.17036,DEL15-MG,Risco Médio,Média
terça-feira,BR-324,610.0,Anoitecer,Crescente,Chuva,Dupla,Reta,-12.82932,-38.41113,DEL01-BA,Risco Médio,Baixa
sexta-feira,BR-282,547.4,Amanhecer,Crescente,Chuva,Simples,Reta,-26.9739,-52.7454,DEL07-SC,Risco Alto,Baixa
sábado,BR-101,209.6,Pleno dia,Crescente,Chuva,Múltipla,Interseção de vias,-27.61001,-48.63895,DEL01-SC,Risco Médio,Alta
quinta-feira,BR-280,57.2,Pleno dia,Decrescente,Céu Claro,Simples,Ponte,-26.47811,-49.01259,DEL03-SC,Risco Médio,Baixa
sexta-feira,BR-116,63.8,Pleno dia,Decrescente,Céu Claro,Dupla,Curva,-22.8127,-45.17801,DEL08-SP,Risco Médio,Alta
quarta-feira,BR-101,298.0,Pleno dia,Decrescente,Céu Claro,Dupla,Reta,-22.7714,-42.92896,DEL02-RJ,Risco Médio,Alta
quarta-feira,BR-60,26.5,Pleno dia,Decrescente,Céu Claro,Dupla,Não Informado,-16.10697,-48.45112,DEL01-DF,Risco Baixo,Média
quarta-feira,BR-153,86.0,Pleno dia,Crescente,Céu Claro,Simples,Reta,-13.55489,-49.07429,DEL07-GO,Risco Baixo,Alta
sexta-feira,BR-369,119.2,Plena Noite,Crescente,Céu Claro,Simples,Não Informado,-23.28551,-50.89006,DEL07-PR,Risco Baixo,Baixa
quinta-feira,BR-230,459.1,Plena Noite,Crescente,Céu Claro,Simples,Reta,-6.7762,-38.1899,DEL03-PB,Risco Médio,Baixa
quarta-feira,BR-282,591.0,Pleno dia,Crescente,Chuva,Simples,Curva,-26.82566,-53.09204,DEL07-SC,Risco Médio,Baixa
sábado,BR-101,298.0,Pleno dia,Crescente,Céu Claro,Dupla,Reta,-20.38294,-40.4597,DEL01-ES,Risco Médio,Alta
quinta-feira,BR-116,14.8,Pleno dia,Decrescente,Céu Claro,Simples,Reta,-15.80521,-41.36362,DEL08-BA,Risco Médio,Alta
sexta-feira,BR-158,43.0,Pleno dia,Decrescente,Nublado,Simples,Não Informado,-19.32131,-51.43461,DEL08-MS,Risco Médio,Baixa
segunda-feira,BR-174,501.0,Plena Noite,Crescente,Céu Claro,Dupla,Reta,2.781689,-60.70383,DEL01-RR,Risco Médio,Baixa
sexta-feira,BR-116,269.0,Plena Noite,Decrescente,Garoa/Chuvisco,Dupla,Reta,-23.60878,-46.75836,DEL04-SP,Risco Médio,Alta
domingo,BR-101,841.0,Amanhecer,Decrescente,Céu Claro,Simples,Não Informado,-17.2518,-39.62758,DEL09-BA,Risco Médio,Alta
quarta-feira,BR-251,523.0,Amanhecer,Crescente,Céu Claro,Simples,Reta,-16.80578,-43.85748,DEL12-MG,Risco Médio,Baixa
terça-feira,BR-70,4.8,Anoitecer,Crescente,Céu Claro,Dupla,Reta,-15.79476,-48.09569,DEL01-DF,Risco Médio,Baixa
terça-feira,BR-116,116.7,Pleno dia,Decrescente,Nublado,Dupla,Reta,-25.54456,-49.30146,DEL01-PR,Risco Médio,Alta
sábado,BR-135,236.0,Anoitecer,Decrescente,Céu Claro,Simples,Reta,-8.2385,-43.7903,DEL03-PI,Risco Alto,Baixa
quarta-feira,BR-373,264.9,Pleno dia,Crescente,Sol,Simples,Reta,-25.20016,-50.97375,DEL08-PR,Risco Médio,Baixa
domingo,BR-104,129.0,Plena Noite,Crescente,Céu Claro,Dupla,Reta,-7.281206,-35.88916,DEL02-PB,Risco Baixo,Baixa
domingo,BR-262,46.4,Pleno dia,Crescente,Céu Claro,Simples,Interseção de vias,-20.41066,-40.67684,DEL01-ES,Risco Médio,Média
domingo,BR-116,209.9,Plena Noite,Decrescente,Céu Claro,Simples,Curva,-27.49607,-50.37005,DEL05-SC,Risco Baixo,Alta
sábado,BR-101,210.4,Plena Noite,Crescente,Nublado,Dupla,Reta,-27.61673,-48.64573,DEL01-SC,Risco Baixo,Alta
quinta-feira,BR-153,503.0,Anoitecer,Crescente,Céu Claro,Dupla,Reta,-16.7287,-49.2424,DEL01-GO,Risco Baixo,Alta
sábado,BR-110,48.0,Pleno dia,Crescente,Céu Claro,Simples,Reta,-5.209,-37.333,DEL04-RN,Risco Médio,Baixa
quinta-feira,BR-230,126.4,Anoitecer,Crescente,Céu Claro,Simples,Não Informado,-5.375874,-49.15164,DEL03-PA,Risco Médio,Baixa
quarta-feira,BR-235,55.0,Pleno dia,Crescente,Céu Claro,Simples,Reta,-10.66739,-37.44601,DEL01-SE,Risco Médio,Baixa
quinta-feira,BR-116,149.1,Pleno dia,Decrescente,Céu Claro,Simples,Não Informado,-23.20943,-45.88863,DEL02-SP,Risco Médio,Alta
segunda-feira,BR-101,71.1,Pleno dia,Decrescente,Céu Claro,Dupla,Reta,-8.080687,-34.94307,DEL01-PE,Risco Médio,Alta
sexta-feira,BR-386,401.0,Anoitecer,Decrescente,Garoa/Chuvisco,Dupla,Rotatória,-29.75868,-51.59336,DEL04-RS,Risco Baixo,Média
terça-feira,BR-101,176.0,Anoitecer,Decrescente,Nublado,Múltipla,Não Informado,-6.503372,-35.11162,DEL01-RN,Risco Médio,Alta
terça-feira,BR-135,380.0,Pleno dia,Crescente,Céu Claro,Simples,Reta,-9.276035,-44.48853,DEL03-PI,Risco Médio,Baixa
sábado,BR-101,40.8,Amanhecer,Crescente,Nublado,Simples,Reta,-23.41907,-45.04369,DEL06-SP,Risco Médio,Alta
domingo,BR-116,259.0,Plena Noite,Decrescente,Nublado,Múltipla,Curva,-29.87041,-51.17991,DEL01-RS,Risco Baixo,Alta
sábado,BR-280,68.5,Pleno dia,Crescente,Céu Claro,Simples,Reta,-26.48532,-49.07524,DEL03-SC,Risco Médio,Baixa
domingo,BR-381,924.6,Pleno dia,Crescente,Chuva,Dupla,Curva,-22.77,-46.19412,DEL16-MG,Risco Médio,Alta
segunda-feira,BR-101,395.0,Pleno dia,Crescente,Chuva,Simples,Curva,-13.9819,-39.4788,DEL05-BA,Risco Médio,Alta
segunda-feira,BR-104,29.1,Pleno dia,Decrescente,Céu Claro,Simples,Reta,-8.0078,-36.0621,DEL02-PE,Risco Médio,Baixa
segunda-feira,BR-116,16.9,Pleno dia,Decrescente,Garoa/Chuvisco,Dupla,Curva,-25.10281,-48.70038,DEL01-PR,Risco Médio,Alta
quarta-feira,BR-476,130.0,Plena Noite,Crescente,Céu Claro,Dupla,Não Informado,-25.44956,-49.23643,DEL01-PR,Risco Baixo,Baixa
sábado,BR-459,62.0,Plena Noite,Decrescente,Céu Claro,Simples,Não Informado,-22.10694,-46.1789,DEL09-MG,Risco Alto,Baixa
sábado,BR-222,220.0,Pleno dia,Crescente,Nublado,Simples,Interseção de vias,-3.725576,-40.323,DEL04-CE,Risco Baixo,Baixa
sábado,BR-406,169.6,Plena Noite,Crescente,Chuva,Dupla,Retorno Regulamentado,-5.757441,-35.30236,DEL02-RN,Risco Baixo,Baixa
domingo,BR-174,450.0,Plena Noite,Decrescente,Chuva,Simples,Reta,2.458398,-60.91843,DEL01-RR,Risco Médio,Baixa
quinta-feira,BR-116,34.4,Plena Noite,Decrescente,Chuva,Simples,Reta,-22.09725,-42.80651,DEL04-RJ,Risco Médio,Alta
segunda-feira,BR-116,225.0,Pleno dia,Crescente,Céu Claro,Dupla,Reta,-23.48587,-46.54075,DEL01-SP,Risco Médio,Alta
segunda-feira,BR-70,9.9,Plena Noite,Crescente,Céu Claro,Dupla,Reta,-15.78462,-48.13202,DEL01-DF,Risco Médio,Baixa
sábado,BR-381,1.5,Anoitecer,Crescente,Céu Claro,Dupla,Desvio Temporário,-19.98916,-44.1892,DEL01-MG,Risco Médio,Alta
domingo,BR-222,31.0,Pleno dia,Decrescente,Céu Claro,Simples,Não Informado,-3.710199,-38.82872,DEL01-CE,Risco Médio,Baixa
domingo,BR-101,46.0,Plena Noite,Decrescente,Céu Claro,Dupla,Reta,-7.8728,-34.9064,DEL01-PE,Risco Médio,Alta
segunda-feira,BR-324,6.0,Plena Noite,Decrescente,Céu Claro,Dupla,Reta,-12.27522,-38.98378,DEL02-BA,Risco Baixo,Baixa
domingo,BR-40,524.5,Pleno dia,Crescente,Nublado,Dupla,Reta,-19.87545,-44.05346,DEL01-MG,Risco Médio,Alta
domingo,BR-101,286.0,Pleno dia,Decrescente,Chuva,Dupla,Curva,-20.25902,-40.37753,DEL01-ES,Risco Médio,Alta
sexta-feira,BR-116,123.0,Plena Noite,Crescente,Chuva,Dupla,Curva,-25.6114,-49.319,DEL01-PR,Risco Médio,Alta
domingo,BR-230,127.0,Pleno dia,Crescente,Sol,Simples,Reta,-5.374525,-49.15972,DEL03-PA,Risco Médio,Baixa
sábado,BR-267,72.3,Plena Noite,Decrescente,Garoa/Chuvisco,Simples,Curva,-21.75643,-43.17786,DEL05-MG,Risco Baixo,Baixa
quinta-feira,BR-20,376.7,Pleno dia,Decrescente,Chuva,Simples,Reta,-3.938817,-38.86601,DEL01-CE,Risco Baixo,Baixa
quinta-feira,BR-364,4.2,Pleno dia,Decrescente,Céu Claro,Simples,Reta,-20.13824,-48.70235,DEL13-MG,Risco Médio,Alta
sábado,BR-20,0.0,Pleno dia,Crescente,Chuva,Dupla,Desvio Temporário,-15.57691,-47.33076,DEL02-DF,Risco Baixo,Baixa
segunda-feira,BR-101,238.7,Pleno dia,Decrescente,Sol,Dupla,Reta,-27.84294,-48.63472,DEL01-SC,Risco Médio,Alta
sábado,BR-381,547.0,Plena Noite,Decrescente,Céu Claro,Dupla,Reta,-20.30273,-44.44474,DEL04-MG,Risco Médio,Alta
sábado,BR-364,277.0,Pleno dia,Decrescente,Céu Claro,Simples,Reta,-15.95077,-54.99952,DEL02-MT,Risco Alto,Alta
segunda-feira,BR-232,179.0,Plena Noite,Crescente,Céu Claro,Simples,Interseção de vias,-8.343532,-36.41997,DEL02-PE,Risco Médio,Baixa
domingo,BR-277,577.0,Plena Noite,Crescente,Céu Claro,Simples,Reta,-24.9851,-53.33985,DEL04-PR,Risco Baixo,Média
quarta-feira,BR-376,181.1,Pleno dia,Crescente,Sol,Dupla,Reta,-23.42986,-51.89097,DEL07-PR,Risco Médio,Baixa
quinta-feira,BR-476,133.8,Plena Noite,Crescente,Céu Claro,Múltipla,Reta,-25.46922,-49.25414,DEL01-PR,Risco Baixo,Baixa
sábado,BR-427,66.4,Amanhecer,Decrescente,Céu Claro,Simples,Curva,-6.573295,-36.86598,DEL03-RN,Risco Médio,Baixa
quinta-feira,BR-381,329.3,Pleno dia,Decrescente,Nublado,Dupla,Não Informado,-19.78359,-43.04435,DEL03-MG,Risco Médio,Alta
segunda-feira,BR-381,686.5,Plena Noite,Decrescente,Nublado,Dupla,Curva,-21.17624,-45.12483,DEL04-MG,Risco Médio,Alta
quarta-feira,BR-116,667.6,Plena Noite,Crescente,Nublado,Simples,Curva,-20.89103,-42.34286,DEL07-MG,Risco Médio,Alta
quinta-feira,BR-343,0.3,Plena Noite,Decrescente,Céu Claro,Simples,Curva,-2.885213,-41.66533,DEL05-PI,Risco Médio,Baixa
domingo,BR-376,16.8,Plena Noite,Decrescente,Céu Claro,Simples,Reta,-22.31157,-54.58828,DEL04-MS,Risco Alto,Baixa
domingo,BR-163,485.1,Plena Noite,Crescente,Céu Claro,Simples,Reta,-20.44039,-54.54237,DEL01-MS,Risco Médio,Alta
sábado,BR-116,316.0,Pleno dia,Decrescente,Céu Claro,Simples,Reta,-22.4656,-44.49103,DEL07-RJ,Risco Médio,Alta
quinta-feira,BR-116,120.1,Pleno dia,Decrescente,Nublado,Dupla,Reta,-25.58444,-49.31383,DEL01-PR,Risco Médio,Alta
quinta-feira,BR-101,41.0,Plena Noite,Decrescente,Céu Claro,Dupla,Não Informado,-9.171043,-35.7746,DEL01-AL,Risco Baixo,Alta
segunda-feira,BR-222,312.0,Pleno dia,Crescente,Céu Claro,Simples,Reta,-3.716993,-40.99142,DEL04-CE,Risco Médio,Baixa
sábado,BR-101,62.0,Amanhecer,Decrescente,Nublado,Dupla,Reta,-21.7344,-41.3249,DEL08-RJ,Risco Médio,Alta
quinta-feira,BR-60,136.5,Pleno dia,Decrescente,Céu Claro,Simples,Reta,-16.5959,-49.1965,DEL01-GO,Risco Médio,Média
quarta-feira,BR-493,105.0,Pleno dia,Crescente,Nublado,Dupla,Reta,-22.8623,-43.77908,DEL01-RJ,Risco Médio,Baixa
sábado,BR-116,184.4,Pleno dia,Decrescente,Céu Claro,Simples,Rotatória,-27.29903,-50.42724,DEL05-SC,Risco Médio,Alta
sexta-feira,BR-116,272.0,Plena Noite,Crescente,Céu Claro,Dupla,Reta,-23.61428,-46.78382,DEL04-SP,Risco Médio,Alta
terça-feira,BR-222,656.0,Pleno dia,Decrescente,Céu Claro,Simples,Curva,-4.857413,-47.31514,DEL04-MA,Risco Médio,Baixa
sábado,BR-277,637.0,Pleno dia,Decrescente,Céu Claro,Simples,Não Informado,-25.42895,-49.26714,DEL05-PR,Risco Baixo,Média
sexta-feira,BR-135,258.0,Pleno dia,Crescente,Céu Claro,Simples,Reta,-4.640124,-44.33563,DEL03-MA,Risco Médio,Baixa
domingo,BR-116,311.9,Pleno dia,Decrescente,Céu Claro,Simples,Curva,-18.08391,-41.68586,DEL11-MG,Risco Médio,Alta
sábado,BR-259,49.6,Anoitecer,Crescente,Nublado,Múltipla,Curva,-19.51058,-40.60596,DEL02-ES,Risco Médio,Baixa
sexta-feira,BR-101,198.7,Plena Noite,Crescente,Céu Claro,Múltipla,Reta,-27.52659,-48.63506,DEL01-SC,Risco Médio,Alta
quarta-feira,BR-381,409.9,Plena Noite,Crescente,Céu Claro,Simples,Reta,-19.7352,-43.55843,DEL01-MG,Risco Médio,Alta
sexta-feira,BR-277,122.0,Pleno dia,Decrescente,Céu Claro,Dupla,Interseção de vias,-25.44344,-49.45985,DEL03-PR,Risco Médio,Média
sábado,BR-116,582.3,Pleno dia,Decrescente,Céu Claro,Simples,Não Informado,-20.22426,-42.17832,DEL06-MG,Risco Médio,Alta
quarta-feira,BR-60,468.0,Plena Noite,Decrescente,Céu Claro,Dupla,Curva,-17.9044,-51.6779,DEL05-GO,Risco Médio,Média
terça-feira,BR-470,137.5,Plena Noite,Crescente,Nublado,Simples,Reta,-27.18343,-49.60259,DEL04-SC,Risco Médio,Baixa
segunda-feira,BR-459,7.1,Plena Noite,Crescente,Nublado,Simples,Não Informado,-22.57378,-45.19343,DEL08-SP,Risco Médio,Baixa
quinta-feira,BR-222,67.4,Pleno dia,Decrescente,Céu Claro,Simples,Reta,-3.670685,-39.15157,DEL01-CE,Risco Médio,Baixa
quinta-feira,BR-40,783.8,Pleno dia,Decrescente,Nublado,Dupla,Não Informado,-21.70406,-43.45068,DEL05-MG,Risco Médio,Alta
quarta-feira,BR-287,233.8,Pleno dia,Decrescente,Nublado,Dupla,Reta,-29.70685,-53.71606,DEL09-RS,Risco Médio,Baixa
quarta-feira,BR-381,518.2,Plena Noite,Decrescente,Céu Claro,Dupla,Curva,-20.11083,-44.32258,DEL01-MG,Risco Médio,Alta
sexta-feira,BR-116,198.0,Anoitecer,Crescente,Céu Claro,Dupla,Reta,-27.41378,-50.4168,DEL05-SC,Risco Médio,Alta
domingo,BR-101,302.0,Plena Noite,Decrescente,Céu Claro,Dupla,Reta,-22.78069,-42.96706,DEL02-RJ,Risco Médio,Alta
domingo,BR-280,0.2,Plena Noite,Decrescente,Nublado,Simples,Interseção de vias,-26.24039,-48.61793,DEL03-SC,Risco Médio,Baixa
sábado,BR-381,509.0,Pleno dia,Decrescente,Sol,Dupla,Interseção de vias,-20.07008,-44.29882,DEL01-MG,Risco Médio,Alta
terça-feira,BR-407,5.0,Plena Noite,Crescente,Céu Claro,Simples,Rotatória,-9.447785,-40.49044,DEL06-PE,Risco Médio,Baixa
terça-feira,BR-470,136.0,Pleno dia,Crescente,Nublado,Simples,Reta,-27.19432,-49.62455,DEL04-SC,Risco Médio,Baixa
sábado,BR-262,367.4,Pleno dia,Crescente,Céu Claro,Dupla,Reta,-19.97391,-44.27096,DEL01-MG,Risco Médio,Média
sábado,BR-80,24.8,Amanhecer,Decrescente,Céu Claro,Simples,Ponte,-15.6231,-48.1992,DEL01-DF,Risco Baixo,Baixa
quinta-feira,BR-324,557.0,Plena Noite,Decrescente,Céu Claro,Dupla,Reta,-12.4764,-38.67522,DEL01-BA,Risco Médio,Baixa
quinta-feira,BR-80,5.4,Plena Noite,Crescente,Garoa/Chuvisco,Simples,Reta,-15.7312,-48.1486,DEL01-DF,Risco Baixo,Baixa
segunda-feira,BR-364,90.0,Pleno dia,Crescente,Nublado,Simples,Reta,-16.86209,-53.72619,DEL02-MT,Risco Médio,Alta
quinta-feira,BR-40,111.0,Plena Noite,Decrescente,Céu Claro,Múltipla,Reta,-22.69734,-43.28785,DEL01-RJ,Risco Médio,Alta
domingo,BR-116,521.0,Amanhecer,Decrescente,Céu Claro,Dupla,Reta,-31.70752,-52.36801,DEL07-RS,Risco Baixo,Alta
sábado,BR-230,154.5,Pleno dia,Decrescente,Céu Claro,Simples,Reta,-7.2777,-35.8985,DEL02-PB,Risco Médio,Baixa
sexta-feira,BR-364,947.0,Plena Noite,Decrescente,Chuva,Simples,Reta,-9.663448,-65.49252,DEL01-RO,Risco Médio,Alta
sexta-feira,BR-316,68.0,Pleno dia,Crescente,Céu Claro,Dupla,Reta,-1.294405,-47.88382,DEL01-PA,Risco Médio,Baixa
quarta-feira,BR-153,141.2,Plena Noite,Decrescente,Céu Claro,Múltipla,Desvio Temporário,-7.18324,-48.22694,DEL02-TO,Risco Médio,Alta
quinta-feira,BR-40,517.0,Plena Noite,Decrescente,Céu Claro,Dupla,Reta,-19.82351,-44.08439,DEL01-MG,Risco Médio,Alta
terça-feira,BR-101,60.2,Amanhecer,Decrescente,Céu Claro,Dupla,Reta,-7.001414,-35.0646,DEL01-PB,Risco Médio,Alta
terça-feira,BR-376,653.0,Pleno dia,Crescente,Chuva,Dupla,Curva,-25.8422,-49.0573,DEL01-PR,Risco Baixo,Baixa
segunda-feira,BR-376,176.0,Pleno dia,Crescente,Sol,Dupla,Interseção de vias,-23.41269,-51.93158,DEL09-PR,Risco Médio,Baixa
quarta-feira,BR-110,1.0,Pleno dia,Decrescente,Céu Claro,Simples,Reta,-9.46296,-38.20358,DEL07-BA,Risco Baixo,Baixa
quarta-feira,BR-153,516.2,Plena Noite,Decrescente,Céu Claro,Dupla,Não Informado,-16.8504,-49.2473,DEL01-GO,Risco Médio,Alta
sexta-feira,BR-232,410.9,Pleno dia,Decrescente,Céu Claro,Simples,Reta,-7.982228,-38.3016,DEL04-PE,Risco Médio,Baixa
sábado,BR-116,3.0,Plena Noite,Decrescente,Garoa/Chuvisco,Dupla,Curva,-25.07172,-48.5857,DEL01-PR,Risco Médio,Alta
terça-feira,BR-230,260.0,Pleno dia,Crescente,Céu Claro,Simples,Reta,-7.0033,-36.7061,DEL03-PB,Risco Médio,Baixa
segunda-feira,BR-381,345.0,Plena Noite,Crescente,Chuva,Simples,Curva,-19.8431,-43.1007,DEL03-MG,Risco Médio,Alta
quarta-feira,BR-282,269.3,Pleno dia,Decrescente,Céu Claro,Simples,Reta,-27.61626,-50.66743,DEL05-SC,Risco Médio,Baixa
terça-feira,BR-101,138.0,Pleno dia,Crescente,Nublado,Simples,Reta,-9.809752,-36.11702,DEL02-AL,Risco Médio,Alta
terça-feira,BR-230,157.7,Pleno dia,Decrescente,Céu Claro,Dupla,Interseção de vias,-7.262714,-35.92152,DEL02-PB,Risco Médio,Baixa
sábado,BR-116,251.5,Plena Noite,Decrescente,Chuva,Simples,Curva,-27.85421,-50.38328,DEL05-SC,Risco Médio,Alta
quinta-feira,BR-470,124.9,Anoitecer,Crescente,Chuva,Simples,Reta,-27.11319,-49.52916,DEL04-SC,Risco Médio,Baixa
domingo,BR-365,642.8,Pleno dia,Crescente,Céu Claro,Dupla,Reta,-18.88238,-48.48418,DEL15-MG,Risco Médio,Média
segunda-feira,BR-230,287.0,Plena Noite,Decrescente,Céu Claro,Simples,Reta,-6.8929,-36.8861,DEL03-PB,Risco Médio,Baixa
sábado,BR-153,40.1,Plena Noite,Crescente,Céu Claro,Simples,Reta,-20.62122,-49.33452,DEL09-SP,Risco Médio,Alta
quinta-feira,BR-277,57.0,Pleno dia,Crescente,Nublado,Dupla,Reta,-25.57341,-48.98924,DEL01-PR,Risco Baixo,Média
domingo,BR-101,247.6,Pleno dia,Crescente,Sol,Simples,Curva,-10.19937,-36.82059,DEL02-AL,Risco Médio,Alta
terça-feira,BR-343,308.7,Plena Noite,Crescente,Céu Claro,Simples,Reta,-5.038669,-42.46817,DEL01-PI,Risco Alto,Baixa
sábado,BR-116,385.0,Pleno dia,Crescente,Céu Claro,Simples,Não Informado,-11.89449,-38.9815,DEL02-BA,Risco Médio,Alta
quinta-feira,BR-116,507.9,Plena Noite,Decrescente,Garoa/Chuvisco,Simples,Curva,-24.80529,-48.21497,DEL05-SP,Risco Baixo,Alta
sexta-feira,BR-262,763.9,Plena Noite,Crescente,Céu Claro,Simples,Reta,-19.6755,-47.63898,DEL13-MG,Risco Médio,Média
sexta-feira,BR-116,128.0,Plena Noite,Decrescente,Céu Claro,Dupla,Reta,-23.11455,-45.71106,DEL06-SP,Risco Médio,Alta
sábado,BR-101,268.9,Plena Noite,Crescente,Nublado,Múltipla,Reta,-20.23173,-40.27629,DEL02-ES,Risco Médio,Alta
quinta-feira,BR-262,446.0,Pleno dia,Crescente,Sol,Dupla,Viaduto,-19.87515,-44.95031,DEL08-MG,Risco Médio,Média
terça-feira,BR-343,491.0,Pleno dia,Crescente,Céu Claro,Simples,Reta,-6.2093,-42.7028,DEL01-PI,Risco Baixo,Baixa
terça-feira,BR-101,83.8,Pleno dia,Decrescente,Céu Claro,Dupla,Reta,-5.771045,-35.26617,DEL02-RN,Risco Médio,Alta
sábado,BR-101,512.0,Pleno dia,Decrescente,Nublado,Simples,Reta,-22.96909,-44.44151,DEL03-RJ,Risco Médio,Alta
domingo,BR-277,27.5,Plena Noite,Crescente,Nublado,Dupla,Curva,-25.52935,-48.72535,DEL01-PR,Risco Médio,Média
quarta-feira,BR-459,25.2,Pleno dia,Decrescente,Nublado,Simples,Curva,-21.90181,-46.38196,DEL09-MG,Risco Médio,Baixa
domingo,BR-101,457.5,Pleno dia,Decrescente,Céu Claro,Simples,Reta,-21.19405,-41.29778,DEL03-ES,Risco Médio,Alta
domingo,BR-60,180.7,Pleno dia,Crescente,Céu Claro,Dupla,Não Informado,-16.7666,-49.4751,DEL01-GO,Risco Médio,Média
terça-feira,BR-153,4.0,Plena Noite,Crescente,Céu Claro,Simples,Reta,-26.63515,-51.50895,DEL07-SC,Risco Alto,Alta
domingo,BR-232,202.4,Plena Noite,Crescente,Céu Claro,Simples,Reta,-8.371391,-36.62566,DEL03-PE,Risco Médio,Baixa