dia_semana,br,km,fase_dia,sentido_via,condicao_metereologica,tipo_pista,tracado_via,latitude,longitude,delegacia,classificacao_acidente,postos_policiais_PRF
quinta-feira,BR-163,105.6,Plena Noite,Decrescente,Céu Claro,Dupla,Não Informado,-16.6127,-54.70056,DEL02-MT,Risco Médio,Alta
sexta-feira,BR-101,271.5,Plena Noite,Decrescente,Chuva,Múltipla,Reta,-20.23267,-40.27658,DEL02-ES,Risco Médio,Alta
quarta-feira,BR-104,33.0,Plena Noite,Decrescente,Céu Claro,Simples,Reta,-9.143579,-36.01589,DEL01-AL,Risco Médio,Baixa
quinta-feira,BR-381,86.2,Plena Noite,Crescente,Nublado,Múltipla,Curva,-23.46835,-46.57106,DEL03-SP,Risco Médio,Alta
quarta-feira,BR-222,673.9,Pleno dia,Decrescente,Céu Claro,Simples,Desvio Temporário,-4.929605,-47.4459,DEL04-MA,Risco Médio,Baixa
segunda-feira,BR-40,2.8,Pleno dia,Decrescente,Nublado,Dupla,Reta,-16.07436,-47.98515,DEL01-DF,Risco Médio,Alta
terça-feira,BR-101,6.6,Plena Noite,Decrescente,Céu Claro,Dupla,Reta,-29.35078,-49.7967,DEL03-RS,Risco Baixo,Alta
quinta-feira,BR-40,11.0,Pleno dia,Decrescente,Céu Claro,Dupla,Reta,-16.13722,-47.95274,DEL01-DF,Risco Médio,Alta
terça-feira,BR-116,115.6,Pleno dia,Crescente,Céu Claro,Simples,Rotatória,-28.97407,-51.06955,DEL05-RS,Risco Baixo,Alta
quarta-feira,BR-282,567.9,Pleno dia,Crescente,Nublado,Simples,Rotatória,-26.90447,-52.90764,DEL07-SC,Risco Médio,Baixa
sábado,BR-364,8.0,Plena Noite,Decrescente,Céu Claro,Simples,Não Informado,-12.76679,-60.09631,DEL04-RO,Risco Médio,Alta
terça-feira,BR-316,17.0,Anoitecer,Decrescente,Chuva,Dupla,Reta,-1.355656,-48.34232,DEL01-PA,Risco Médio,Baixa
domingo,BR-465,1.0,Pleno dia,Crescente,Céu Claro,Simples,Reta,-22.71983,-43.72574,DEL01-RJ,Risco Médio,Baixa
quarta-feira,BR-101,251.0,Pleno dia,Decrescente,Céu Claro,Simples,Reta,-12.99277,-39.28802,DEL01-BA,Risco Médio,Alta
quarta-feira,BR-369,153.6,Plena Noite,Crescente,Chuva,Dupla,Reta,-23.29729,-51.1923,DEL07-PR,Risco Médio,Baixa
terça-feira,BR-40,692.6,Plena Noite,Crescente,Céu Claro,Simples,Reta,-21.1638,-43.7596,DEL05-MG,Risco Médio,Alta
terça-feira,BR-101,116.0,Plena Noite,Decrescente,Céu Claro,Dupla,Não Informado,-5.999234,-35.26039,DEL01-RN,Risco Médio,Alta
domingo,BR-463,108.8,Plena Noite,Decrescente,Nevoeiro/Neblina,Dupla,Curva,-22.45182,-55.38627,DEL04-MS,Risco Médio,Baixa
quinta-feira,BR-282,570.1,Plena Noite,Decrescente,Nevoeiro/Neblina,Simples,Não Informado,-26.89006,-52.93306,DEL07-SC,Risco Baixo,Baixa
sábado,BR-116,351.5,Plena Noite,Crescente,Céu Claro,Dupla,Não Informado,-30.54143,-51.50945,DEL02-RS,Risco Alto,Alta
segunda-feira,BR-364,628.0,Pleno dia,Decrescente,Céu Claro,Simples,Reta,-14.3788,-56.37228,DEL01-MT,Risco Médio,Alta
segunda-feira,BR-116,154.7,Plena Noite,Crescente,Chuva,Dupla,Desvio Temporário,-23.24243,-45.92451,DEL02-SP,Risco Baixo,Alta
quarta-feira,BR-163,695.0,Plena Noite,Crescente,Céu Claro,Dupla,Reta,-18.78932,-54.82658,DEL06-MS,Risco Médio,Alta
sexta-feira,BR-116,170.5,Plena Noite,Decrescente,Céu Claro,Simples,Curva,-25.89496,-49.52471,DEL01-PR,Risco Médio,Alta
quarta-feira,BR-101,320.0,Pleno dia,Decrescente,Céu Claro,Simples,Reta,-13.39197,-39.40017,DEL05-BA,Risco Alto,Alta
quinta-feira,BR-459,105.5,Pleno dia,Crescente,Nublado,Dupla,Viaduto,-22.22788,-45.90397,DEL16-MG,Risco Médio,Baixa
sábado,BR-230,22.3,Plena Noite,Crescente,Chuva,Dupla,Reta,-7.1495,-34.8517,DEL01-PB,Risco Médio,Baixa
sábado,BR-153,358.5,Plena Noite,Crescente,Céu Claro,Simples,Desvio Temporário,-15.73375,-49.32386,DEL02-GO,Risco Alto,Alta
sexta-feira,BR-116,383.0,Plena Noite,Crescente,Céu Claro,Dupla,Reta,-24.24953,-47.37174,DEL04-SP,Risco Baixo,Alta
quinta-feira,BR-101,96.5,Pleno dia,Crescente,Céu Claro,Dupla,Reta,-8.25147,-35.02181,DEL01-PE,Risco Alto,Alta
quinta-feira,BR-364,129.1,Plena Noite,Decrescente,Céu Claro,Simples,Reta,-10.02877,-67.82992,DEL01-AC,Risco Médio,Alta
segunda-feira,BR-324,598.0,Pleno dia,Crescente,Nublado,Dupla,Reta,-12.74549,-38.43538,DEL01-BA,Risco Médio,Baixa
segunda-feira,BR-101,411.8,Pleno dia,Decrescente,Nublado,Simples,Rotatória,-28.9399,-49.49754,DEL02-SC,Risco Baixo,Alta
terça-feira,BR-369,208.0,Pleno dia,Crescente,Chuva,Simples,Interseção de vias,-23.56293,-51.4888,DEL07-PR,Risco Médio,Baixa
quarta-feira,BR-101,258.1,Pleno dia,Decrescente,Sol,Dupla,Não Informado,-20.1306,-40.2961,DEL02-ES,Risco Médio,Alta
terça-feira,BR-40,607.5,Pleno dia,Decrescente,Céu Claro,Simples,Não Informado,-20.4758,-43.8427,DEL05-MG,Risco Médio,Alta
terça-feira,BR-116,166.0,Pleno dia,Decrescente,Sol,Simples,Reta,-22.8156,-43.30052,DEL01-RJ,Risco Médio,Alta
quarta-feira,BR-364,27.0,Anoitecer,Decrescente,Chuva,Simples,Reta,-12.72361,-60.25726,DEL04-RO,Risco Baixo,Alta
domingo,BR-116,168.8,Pleno dia,Decrescente,Céu Claro,Simples,Reta,-4.975627,-38.01382,DEL03-CE,Risco Baixo,Alta
quarta-feira,BR-116,9.0,Pleno dia,Decrescente,Céu Claro,Múltipla,Reta,-3.827791,-38.50486,DEL01-CE,Risco Médio,Alta
quarta-feira,BR-262,155.9,Plena Noite,Crescente,Céu Claro,Simples,Reta,-19.9777,-42.80194,DEL03-MG,Risco Baixo,Média
quarta-feira,BR-101,87.0,Pleno dia,Decrescente,Chuva,Dupla,Curva,-21.82627,-41.49641,DEL08-RJ,Risco Médio,Alta
domingo,BR-153,415.4,Pleno dia,Crescente,Chuva,Simples,Não Informado,-16.13703,-49.04803,DEL02-GO,Risco Alto,Alta
quinta-feira,BR-364,400.0,Anoitecer,Crescente,Nublado,Dupla,Reta,-15.79435,-55.57529,DEL01-MT,Risco Médio,Alta
domingo,BR-230,11.0,Anoitecer,Decrescente,Céu Claro,Dupla,Reta,-7.068654,-34.84986,DEL01-PB,Risco Médio,Baixa
quarta-feira,BR-116,784.0,Pleno dia,Decrescente,Céu Claro,Simples,Não Informado,-21.63888,-42.7038,DEL07-MG,Risco Alto,Alta
terça-feira,BR-158,235.5,Plena Noite,Crescente,Céu Claro,Simples,Curva,-28.98589,-53.64764,DEL10-RS,Risco Baixo,Baixa
segunda-feira,BR-235,53.8,Plena Noite,Crescente,Céu Claro,Simples,Reta,-10.67685,-37.44306,DEL01-SE,Risco Médio,Baixa
sábado,BR-290,69.0,Plena Noite,Decrescente,Céu Claro,Múltipla,Reta,-29.94493,-50.94644,DEL03-RS,Risco Médio,Baixa
segunda-feira,BR-104,65.7,Plena Noite,Decrescente,Céu Claro,Simples,Curva,-8.282858,-35.98143,DEL02-PE,Risco Baixo,Baixa
quarta-feira,BR-343,11.4,Anoitecer,Crescente,Céu Claro,Dupla,Reta,-2.903314,-41.75066,DEL05-PI,Risco Médio,Baixa
quarta-feira,BR-40,6.0,Pleno dia,Crescente,Céu Claro,Dupla,Reta,-22.03173,-43.22443,DEL06-RJ,Risco Baixo,Alta
quarta-feira,BR-101,214.3,Pleno dia,Decrescente,Céu Claro,Múltipla,Reta,-27.652,-48.676,DEL01-SC,Risco Médio,Alta
domingo,BR-135,3.1,Plena Noite,Crescente,Céu Claro,Dupla,Curva,-2.672142,-44.29705,DEL01-MA,Risco Baixo,Baixa
quinta-feira,BR-163,180.8,Pleno dia,Crescente,Céu Claro,Dupla,Curva,-25.17547,-53.60319,DEL04-PR,Risco Médio,Alta
sábado,BR-163,478.0,Plena Noite,Crescente,Céu Claro,Simples,Reta,-20.4963,-54.55917,DEL01-MS,Risco Médio,Alta
sábado,BR-158,154.5,Plena Noite,Decrescente,Céu Claro,Simples,Curva,-28.3108,-53.49252,DEL10-RS,Risco Médio,Baixa
terça-feira,BR-282,16.7,Amanhecer,Crescente,Nublado,Simples,Reta,-27.65861,-48.68185,DEL01-SC,Risco Médio,Baixa
domingo,BR-116,151.8,Pleno dia,Decrescente,Céu Claro,Simples,Reta,-4.866075,-38.03045,DEL03-CE,Risco Baixo,Alta
quinta-feira,BR-324,530.0,Plena Noite,Decrescente,Céu Claro,Dupla,Curva,-12.33962,-38.84641,DEL01-BA,Risco Baixo,Baixa
sexta-feira,BR-116,237.2,Pleno dia,Crescente,Nublado,Simples,Reta,-27.73283,-50.33594,DEL05-SC,Risco Médio,Alta
terça-feira,BR-101,715.0,Pleno dia,Decrescente,Céu Claro,Múltipla,Interseção de vias,-16.36808,-39.58268,DEL09-BA,Risco Médio,Alta
terça-feira,BR-116,229.0,Plena Noite,Crescente,Chuva,Simples,Não Informado,-17.29951,-41.51751,DEL11-MG,Risco Alto,Alta
quinta-feira,BR-116,109.0,Anoitecer,Crescente,Céu Claro,Múltipla,Reta,-25.5714,-49.20749,DEL01-PR,Risco Médio,Alta
sábado,BR-101,40.2,Plena Noite,Decrescente,Céu Claro,Dupla,Curva,-26.27176,-48.89468,DEL03-SC,Risco Médio,Alta
sexta-feira,BR-116,247.0,Plena Noite,Crescente,Chuva,Dupla,Reta,-22.57824,-43.9818,DEL07-RJ,Risco Baixo,Alta
segunda-feira,BR-476,147.9,Anoitecer,Crescente,Chuva,Simples,Desvio Temporário,-25.55463,-49.33927,DEL01-PR,Risco Baixo,Baixa
sexta-feira,BR-476,145.4,Pleno dia,Decrescente,Céu Claro,Dupla,Reta,-25.54911,-49.32456,DEL01-PR,Risco Médio,Baixa
quinta-feira,BR-262,124.0,Anoitecer,Decrescente,Nublado,Simples,Reta,-20.20117,-42.67926,DEL03-MG,Risco Médio,Média
sábado,BR-280,118.4,Pleno dia,Crescente,Chuva,Simples,Não Informado,-26.26608,-49.42467,DEL06-SC,Risco Médio,Baixa
domingo,BR-210,105.0,Plena Noite,Decrescente,Céu Claro,Simples,Reta,0.7023942,-51.40505,DEL01-AP,Risco Médio,Baixa
quarta-feira,BR-392,5.0,Plena Noite,Crescente,Céu Claro,Simples,Reta,-31.79413,-52.40776,DEL07-RS,Risco Médio,Média
sexta-feira,BR-40,655.8,Plena Noite,Crescente,Céu Claro,Simples,Reta,-20.86473,-43.79728,DEL05-MG,Risco Médio,Alta
quarta-feira,BR-304,305.0,Plena Noite,Crescente,Céu Claro,Múltipla,Reta,-5.887693,-35.27219,DEL01-RN,Risco Alto,Baixa
terça-feira,BR-392,1.5,Pleno dia,Decrescente,Nublado,Simples,Interseção de vias,-32.03548,-52.09908,DEL07-RS,Risco Médio,Média
sábado,BR-277,308.0,Plena Noite,Crescente,Chuva,Simples,Não Informado,-25.30643,-51.16341,DEL08-PR,Risco Médio,Média
quarta-feira,BR-369,150.0,Plena Noite,Crescente,Céu Claro,Dupla,Reta,-23.29295,-51.16276,DEL07-PR,Risco Médio,Baixa
domingo,BR-316,566.0,Pleno dia,Crescente,Sol,Simples,Desvio Temporário,-4.9042,-43.2423,DEL03-MA,Risco Médio,Baixa
quarta-feira,BR-101,48.8,Pleno dia,Crescente,Sol,Múltipla,Reta,-7.895955,-34.90299,DEL01-PE,Risco Baixo,Alta
domingo,BR-116,75.0,Plena Noite,Decrescente,Nublado,Simples,Reta,-16.22296,-41.47729,DEL11-MG,Risco Médio,Alta
quarta-feira,BR-163,295.0,Pleno dia,Crescente,Chuva,Simples,Reta,-24.51801,-54.0895,DEL06-PR,Risco Médio,Alta
sábado,BR-174,3.0,Plena Noite,Crescente,Céu Claro,Simples,Reta,-15.22654,-59.33573,DEL04-MT,Risco Médio,Baixa
segunda-feira,BR-376,175.7,Pleno dia,Decrescente,Chuva,Múltipla,Reta,-23.41221,-51.94328,DEL07-PR,Risco Baixo,Baixa
domingo,BR-386,147.4,Pleno dia,Crescente,Nublado,Simples,Reta,-28.05654,-52.87082,DEL08-RS,Risco Médio,Média
domingo,BR-282,631.9,Pleno dia,Decrescente,Chuva,Simples,Não Informado,-26.82436,-53.39437,DEL07-SC,Risco Baixo,Baixa
sexta-feira,BR-262,477.7,Amanhecer,Decrescente,Céu Claro,Simples,Interseção de vias,-19.78873,-45.22074,DEL08-MG,Risco Médio,Média
quinta-feira,BR-381,822.1,Amanhecer,Decrescente,Céu Claro,Dupla,Não Informado,-22.11701,-45.75397,DEL16-MG,Risco Médio,Alta
segunda-feira,BR-277,79.0,Pleno dia,Decrescente,Sol,Dupla,Não Informado,-25.48295,-49.19334,DEL01-PR,Risco Médio,Média
quinta-feira,BR-163,205.9,Pleno dia,Decrescente,Céu Claro,Simples,Reta,-24.97693,-53.55596,DEL04-PR,Risco Alto,Alta
sábado,BR-316,118.0,Pleno dia,Decrescente,Céu Claro,Simples,Reta,-1.308669,-47.45204,DEL01-PA,Risco Baixo,Baixa
sexta-feira,BR-452,19.0,Amanhecer,Decrescente,Nublado,Múltipla,Não Informado,-17.86328,-50.74097,DEL04-GO,Risco Médio,Baixa
sábado,BR-158,175.8,Pleno dia,Decrescente,Nublado,Simples,Não Informado,-20.23206,-51.32639,DEL08-MS,Risco Médio,Baixa
quarta-feira,BR-277,475.7,Plena Noite,Crescente,Céu Claro,Simples,Não Informado,-25.29752,-52.57066,DEL04-PR,Risco Alto,Média
domingo,BR-101,174.0,Anoitecer,Decrescente,Céu Claro,Simples,Reta,-19.60234,-40.19259,DEL04-ES,Risco Médio,Alta
sexta-feira,BR-472,637.0,Plena Noite,Decrescente,Céu Claro,Simples,Não Informado,-30.14276,-57.38147,DEL13-RS,Risco Médio,Baixa
sábado,BR-230,64.0,Pleno dia,Crescente,Céu Claro,Dupla,Não Informado,-7.1944,-35.1754,DEL01-PB,Risco Médio,Baixa
segunda-feira,BR-153,38.0,Pleno dia,Crescente,Céu Claro,Simples,Desvio Temporário,-23.26804,-50.06409,DEL07-PR,Risco Baixo,Alta
domingo,BR-277,584.5,Pleno dia,Crescente,Nublado,Dupla,Reta,-24.96684,-53.40258,DEL04-PR,Risco Médio,Média
quarta-feira,BR-116,23.0,Pleno dia,Decrescente,Céu Claro,Dupla,Não Informado,-3.954326,-38.51239,DEL01-CE,Risco Médio,Alta
quarta-feira,BR-153,46.3,Plena Noite,Decrescente,Céu Claro,Simples,Não Informado,-27.63947,-52.24218,DEL08-RS,Risco Médio,Alta
terça-feira,BR-493,64.0,Plena Noite,Crescente,Chuva,Dupla,Rotatória,-22.68249,-43.42876,DEL01-RJ,Risco Médio,Baixa
domingo,BR-116,136.0,Anoitecer,Crescente,Céu Claro,Dupla,Reta,-25.69309,-49.31768,DEL01-PR,Risco Médio,Alta
domingo,BR-230,63.7,Plena Noite,Decrescente,Céu Claro,Dupla,Reta,-7.1989,-35.1649,DEL01-PB,Risco Médio,Baixa
sábado,BR-110,150.0,Plena Noite,Decrescente,Céu Claro,Simples,Reta,-10.65166,-38.40999,DEL07-BA,Risco Médio,Baixa
sexta-feira,BR-101,220.0,Pleno dia,Crescente,Céu Claro,Simples,Reta,-12.66035,-39.12672,DEL01-BA,Risco Médio,Alta
domingo,BR-369,199.0,Pleno dia,Decrescente,Céu Claro,Dupla,Curva,-23.59954,-51.41004,DEL07-PR,Risco Médio,Baixa
sexta-feira,BR-470,194.0,Pleno dia,Decrescente,Sol,Simples,Curva,-27.29628,-50.07544,DEL04-SC,Risco Baixo,Baixa
segunda-feira,BR-373,177.0,Pleno dia,Crescente,Céu Claro,Dupla,Reta,-25.05597,-50.22678,DEL03-PR,Risco Médio,Baixa
segunda-feira,BR-376,418.0,Anoitecer,Decrescente,Céu Claro,Simples,Reta,-24.70753,-50.55575,DEL03-PR,Risco Médio,Baixa
terça-feira,BR-381,481.0,Pleno dia,Crescente,Nublado,Dupla,Não Informado,-19.95932,-44.08826,DEL01-MG,Risco Médio,Alta
quarta-feira,BR-60,169.1,Pleno dia,Decrescente,Céu Claro,Dupla,Desvio Temporário,-16.7269,-49.3822,DEL01-GO,Risco Baixo,Média
segunda-feira,BR-40,750.8,Pleno dia,Decrescente,Chuva,Dupla,Curva,-21.45724,-43.55822,DEL05-MG,Risco Médio,Alta
sábado,BR-230,1123.0,Plena Noite,Crescente,Garoa/Chuvisco,Simples,Reta,-4.380692,-55.863,DEL05-PA,Risco Médio,Baixa
quarta-feira,BR-476,242.0,Anoitecer,Crescente,Chuva,Simples,Curva,-25.85994,-50.09045,DEL02-PR,Risco Alto,Baixa
sexta-feira,BR-470,0.5,Plena Noite,Decrescente,Céu Claro,Dupla,Reta,-26.88232,-48.66183,DEL04-SC,Risco Médio,Baixa
sexta-feira,BR-60,1.0,Pleno dia,Decrescente,Céu Claro,Dupla,Reta,-16.09417,-48.51721,DEL01-DF,Risco Médio,Média
segunda-feira,BR-365,52.0,Amanhecer,Decrescente,Céu Claro,Simples,Reta,-16.95683,-44.24911,DEL12-MG,Risco Médio,Média
domingo,BR-282,523.7,Pleno dia,Crescente,Céu Claro,Simples,Curva,-26.96313,-52.54885,DEL07-SC,Risco Médio,Baixa
terça-feira,BR-222,664.0,Pleno dia,Crescente,Céu Claro,Simples,Desvio Temporário,-4.889208,-47.37658,DEL04-MA,Risco Médio,Baixa
segunda-feira,BR-493,1.5,Plena Noite,Crescente,Céu Claro,Dupla,Reta,-22.76399,-42.92732,DEL02-RJ,Risco Médio,Baixa
sexta-feira,BR-116,75.8,Plena Noite,Crescente,Céu Claro,Simples,Reta,-8.48931,-39.20663,DEL05-PE,Risco Alto,Alta
domingo,BR-116,266.0,Pleno dia,Decrescente,Sol,Simples,Reta,-17.776,-41.49827,DEL11-MG,Risco Baixo,Alta
quinta-feira,BR-101,913.0,Pleno dia,Crescente,Céu Claro,Simples,Reta,-18.02214,-39.86242,DEL09-BA,Risco Médio,Alta
sexta-feira,BR-116,530.1,Pleno dia,Decrescente,Sol,Simples,Interseção de vias,-31.76017,-52.43838,DEL07-RS,Risco Médio,Alta
sábado,BR-60,338.5,Pleno dia,Decrescente,Chuva,Dupla,Retorno Regulamentado,-17.54654,-50.59646,DEL04-GO,Risco Baixo,Média
sábado,BR-20,418.9,Pleno dia,Crescente,Chuva,Simples,Reta,-3.843252,-38.58776,DEL01-CE,Risco Médio,Baixa
segunda-feira,BR-364,759.0,Pleno dia,Decrescente,Céu Claro,Simples,Curva,-9.087215,-64.08297,DEL01-RO,Risco Baixo,Alta
segunda-feira,BR-386,343.7,Plena Noite,Crescente,Céu Claro,Simples,Não Informado,-29.43483,-52.00236,DEL04-RS,Risco Médio,Média
quinta-feira,BR-116,211.0,Pleno dia,Decrescente,Nublado,Múltipla,Não Informado,-23.43485,-46.42567,DEL01-SP,Risco Médio,Alta
quinta-feira,BR-470,216.5,Pleno dia,Decrescente,Céu Claro,Simples,Reta,-29.15887,-51.53142,DEL06-RS,Risco Médio,Baixa
sábado,BR-343,147.9,Plena Noite,Decrescente,Nublado,Simples,Reta,-3.967359,-41.74706,DEL02-PI,Risco Alto,Baixa
quinta-feira,BR-153,502.0,Plena Noite,Decrescente,Céu Claro,Dupla,Reta,-16.7287,-49.2424,DEL01-GO,Risco Médio,Alta
sábado,BR-376,179.0,Pleno dia,Crescente,Céu Claro,Dupla,Reta,-23.42725,-51.89512,DEL07-PR,Risco Baixo,Baixa
segunda-feira,BR-40,5.0,Plena Noite,Crescente,Céu Claro,Dupla,Reta,-16.0209,-47.98054,DEL01-DF,Risco Médio,Alta
quarta-feira,BR-40,114.0,Pleno dia,Decrescente,Nublado,Dupla,Reta,-22.71854,-43.28993,DEL01-RJ,Risco Médio,Alta
terça-feira,BR-376,177.9,Plena Noite,Crescente,Céu Claro,Dupla,Reta,-23.41596,-51.92226,DEL09-PR,Risco Médio,Baixa
quarta-feira,BR-116,255.2,Plena Noite,Crescente,Céu Claro,Dupla,Não Informado,-22.58449,-44.00458,DEL07-RJ,Risco Médio,Alta
sábado,BR-135,10.3,Pleno dia,Decrescente,Sol,Dupla,Interseção de vias,-2.662745,-44.2857,DEL01-MA,Risco Médio,Baixa
sábado,BR-343,252.7,Plena Noite,Crescente,Nublado,Simples,Reta,-4.742479,-42.10807,DEL01-PI,Risco Médio,Baixa
quarta-feira,BR-153,693.8,Plena Noite,Decrescente,Ignorado,Dupla,Reta,-18.3122,-49.23155,DEL03-GO,Risco Médio,Alta
sexta-feira,BR-356,84.9,Pleno dia,Crescente,Céu Claro,Simples,Não Informado,-21.4795,-41.65647,DEL08-RJ,Risco Médio,Baixa
segunda-feira,BR-324,560.0,Anoitecer,Decrescente,Céu Claro,Dupla,Reta,-12.4925,-38.65367,DEL01-BA,Risco Baixo,Baixa
segunda-feira,BR-277,128.0,Plena Noite,Decrescente,Nublado,Dupla,Curva,-25.46874,-49.62961,DEL01-PR,Risco Baixo,Média
sábado,BR-116,112.6,Plena Noite,Crescente,Nublado,Dupla,Reta,-25.56731,-49.23707,DEL01-PR,Risco Médio,Alta
segunda-feira,BR-70,110.0,Pleno dia,Decrescente,Céu Claro,Simples,Reta,-15.82337,-57.93405,DEL07-MT,Risco Médio,Baixa
terça-feira,BR-116,18.6,Pleno dia,Crescente,Céu Claro,Dupla,Reta,-3.908998,-38.50595,DEL01-CE,Risco Médio,Alta
domingo,BR-277,436.1,Pleno dia,Decrescente,Céu Claro,Simples,Curva,-25.37719,-52.25247,DEL04-PR,Risco Médio,Média
sexta-feira,BR-262,374.0,Plena Noite,Crescente,Céu Claro,Dupla,Reta,-19.94507,-44.38275,DEL01-MG,Risco Baixo,Média
quinta-feira,BR-230,25.0,Pleno dia,Decrescente,Céu Claro,Dupla,Desvio Temporário,-7.1707,-34.8684,DEL01-PB,Risco Médio,Baixa
segunda-feira,BR-153,174.5,Pleno dia,Decrescente,Sol,Simples,Rotatória,-21.63286,-49.78781,DEL07-SP,Risco Médio,Alta
quinta-feira,BR-116,227.0,Pleno dia,Crescente,Nublado,Múltipla,Reta,-23.499,-46.5601,DEL01-SP,Risco Baixo,Alta
terça-feira,BR-116,177.0,Pleno dia,Crescente,Céu Claro,Dupla,Reta,-22.78055,-43.39209,DEL01-RJ,Risco Médio,Alta
segunda-feira,BR-116,205.0,Amanhecer,Decrescente,Céu Claro,Dupla,Curva,-23.41718,-46.37439,DEL01-SP,Risco Médio,Alta
quarta-feira,BR-407,473.0,Anoitecer,Decrescente,Céu Claro,Simples,Não Informado,-7.392734,-41.1678,DEL04-PI,Risco Médio,Baixa
domingo,BR-10,201.0,Plena Noite,Crescente,Ignorado,Simples,Reta,-5.95653,-47.38366,DEL04-MA,Risco Alto,Baixa
sexta-feira,BR-101,209.9,Anoitecer,Decrescente,Nublado,Múltipla,Reta,-27.61673,-48.64572,DEL01-SC,Risco Médio,Alta
sexta-feira,BR-470,50.6,Plena Noite,Decrescente,Nublado,Dupla,Reta,-26.85977,-49.07449,DEL04-SC,Risco Médio,Baixa
terça-feira,BR-365,9.8,Pleno dia,Decrescente,Sol,Simples,Reta,-16.81822,-43.85102,DEL12-MG,Risco Médio,Média
quinta-feira,BR-235,28.8,Plena Noite,Crescente,Céu Claro,Simples,Reta,-10.79339,-37.27884,DEL01-SE,Risco Baixo,Baixa
quinta-feira,BR-470,237.4,Plena Noite,Decrescente,Chuva,Simples,Reta,-27.30413,-50.45621,DEL05-SC,Risco Baixo,Baixa
domingo,BR-20,34.0,Plena Noite,Crescente,Ignorado,Simples,Reta,-9.018392,-42.67363,DEL03-PI,Risco Alto,Baixa
quarta-feira,BR-471,187.5,Pleno dia,Decrescente,Nublado,Simples,Reta,-30.13917,-52.37114,DEL02-RS,Risco Médio,Baixa
quarta-feira,BR-316,441.8,Pleno dia,Decrescente,Céu Claro,Simples,Curva,-4.434803,-44.2031,DEL03-MA,Risco Médio,Baixa
sábado,BR-427,104.0,Pleno dia,Decrescente,Nublado,Simples,Curva,-6.448246,-37.14027,DEL03-RN,Risco Médio,Baixa
quarta-feira,BR-116,250.3,Pleno dia,Decrescente,Céu Claro,Dupla,Reta,-29.7911,-51.16383,DEL01-RS,Risco Médio,Alta
domingo,BR-101,266.5,Plena Noite,Decrescente,Chuva,Dupla,Não Informado,-20.1902,-40.26829,DEL02-ES,Risco Médio,Alta
quarta-feira,BR-116,97.8,Pleno dia,Crescente,Nublado,Dupla,Reta,-22.97389,-45.44754,DEL06-SP,Risco Médio,Alta
quarta-feira,BR-163,831.0,Pleno dia,Crescente,Céu Claro,Simples,Curva,-11.89386,-55.50357,DEL06-MT,Risco Médio,Alta
quinta-feira,BR-364,259.2,Pleno dia,Decrescente,Céu Claro,Dupla,Retorno Regulamentado,-17.66974,-52.22183,DEL05-GO,Risco Baixo,Alta
segunda-feira,BR-470,48.0,Pleno dia,Decrescente,Sol,Simples,Reta,-26.85982,-49.05539,DEL04-SC,Risco Médio,Baixa
quarta-feira,BR-153,15.3,Plena Noite,Crescente,Céu Claro,Dupla,Reta,-18.55295,-49.19397,DEL15-MG,Risco Baixo,Alta
domingo,BR-104,66.0,Plena Noite,Crescente,Céu Claro,Dupla,Interseção de vias,-8.2937,-35.9864,DEL02-PE,Risco Médio,Baixa
sexta-feira,BR-316,85.5,Plena Noite,Decrescente,Céu Claro,Simples,Reta,-1.334816,-47.60451,DEL01-PA,Risco Médio,Baixa
terça-feira,BR-101,264.4,Plena Noite,Decrescente,Céu Claro,Dupla,Reta,-28.05149,-48.71633,DEL02-SC,Risco Baixo,Alta
sexta-feira,BR-116,185.3,Plena Noite,Crescente,Céu Claro,Dupla,Não Informado,-23.35176,-46.18966,DEL01-SP,Risco Baixo,Alta
sexta-feira,BR-153,510.0,Amanhecer,Crescente,Céu Claro,Dupla,Reta,-16.7977,-49.2386,DEL01-GO,Risco Médio,Alta
segunda-feira,BR-470,68.9,Pleno dia,Crescente,Nublado,Dupla,Reta,-26.88581,-49.24996,DEL04-SC,Risco Médio,Baixa
terça-feira,BR-381,62.0,Plena Noite,Crescente,Chuva,Dupla,Curva,-23.28952,-46.58744,DEL03-SP,Risco Baixo,Alta
segunda-feira,BR-376,1.3,Plena Noite,Crescente,Chuva,Dupla,Reta,-25.5307,-49.1958,DEL01-PR,Risco Médio,Baixa
sexta-feira,BR-70,396.0,Pleno dia,Crescente,Céu Claro,Simples,Reta,-15.65898,-56.00504,DEL05-MT,Risco Médio,Baixa
domingo,BR-60,34.0,Pleno dia,Crescente,Chuva,Dupla,Reta,-16.0963,-48.5202,DEL01-DF,Risco Médio,Média
sexta-feira,BR-282,134.0,Plena Noite,Crescente,Céu Claro,Simples,Reta,-27.81307,-49.54008,DEL05-SC,Risco Baixo,Baixa
quinta-feira,BR-267,66.0,Pleno dia,Crescente,Céu Claro,Simples,Reta,-21.73866,-43.09799,DEL05-MG,Risco Médio,Baixa
sábado,BR-101,539.9,Plena Noite,Decrescente,Ignorado,Simples,Reta,-15.07433,-39.33461,DEL05-BA,Risco Médio,Alta
domingo,BR-230,156.2,Plena Noite,Crescente,Chuva,Simples,Interseção de vias,-7.2693,-35.9138,DEL02-PB,Risco Baixo,Baixa