dia_semana,br,km,fase_dia,sentido_via,condicao_metereologica,tipo_pista,tracado_via,latitude,longitude,delegacia,classificacao_acidente,postos_policiais_PRF
domingo,BR-158,517.6,Anoitecer,Crescente,Céu Claro,Simples,Curva,-26.18964,-52.67146,DEL02-PR,Risco Médio,Baixa
domingo,BR-376,75.7,Pleno dia,Crescente,Sol,Simples,Interseção de vias,-22.95602,-52.69687,DEL09-PR,Risco Baixo,Baixa
sábado,BR-101,68.3,Pleno dia,Decrescente,Sol,Múltipla,Não Informado,-18.7266,-39.85975,DEL04-ES,Risco Médio,Alta
quarta-feira,BR-480,130.0,Pleno dia,Crescente,Céu Claro,Simples,Reta,-27.05534,-52.63652,DEL07-SC,Risco Médio,Baixa
terça-feira,BR-230,512.2,Plena Noite,Decrescente,Chuva,Simples,Curva,-6.8893,-38.5959,DEL03-PB,Risco Baixo,Baixa
terça-feira,BR-174,292.0,Pleno dia,Crescente,Céu Claro,Simples,Reta,-15.19768,-59.32244,DEL04-MT,Risco Médio,Baixa
sábado,BR-101,117.0,Pleno dia,Decrescente,Nublado,Dupla,Reta,-26.88732,-48.72231,DEL04-SC,Risco Médio,Alta
quinta-feira,BR-153,178.0,Pleno dia,Crescente,Céu Claro,Simples,Reta,-14.32743,-49.15292,DEL07-GO,Risco Médio,Alta
quinta-feira,BR-282,376.0,Pleno dia,Decrescente,Céu Claro,Simples,Reta,-27.2202,-51.46119,DEL07-SC,Risco Baixo,Baixa
sexta-feira,BR-116,823.0,Pleno dia,Decrescente,Sol,Dupla,Reta,-14.859,-40.84945,DEL08-BA,Risco Médio,Alta
sexta-feira,BR-101,260.9,Pleno dia,Crescente,Sol,Dupla,Curva,-20.14819,-40.2804,DEL02-ES,Risco Médio,Alta
quarta-feira,BR-116,202.5,Pleno dia,Decrescente,Céu Claro,Simples,Não Informado,-27.44488,-50.39546,DEL05-SC,Risco Baixo,Alta
terça-feira,BR-104,88.0,Pleno dia,Crescente,Céu Claro,Dupla,Reta,-9.486689,-35.81697,DEL01-AL,Risco Baixo,Baixa
segunda-feira,BR-101,132.0,Pleno dia,Decrescente,Céu Claro,Simples,Interseção de vias,-26.9965,-48.6558,DEL04-SC,Risco Médio,Alta
segunda-feira,BR-262,0.5,Plena Noite,Decrescente,Céu Claro,Dupla,Reta,-20.32079,-40.35332,DEL01-ES,Risco Médio,Média
sábado,BR-110,207.0,Plena Noite,Crescente,Garoa/Chuvisco,Simples,Reta,-11.1316,-38.516,DEL07-BA,Risco Alto,Baixa
quarta-feira,BR-282,246.1,Plena Noite,Crescente,Céu Claro,Simples,Reta,-27.72654,-50.53037,DEL05-SC,Risco Médio,Baixa
sábado,BR-116,144.8,Amanhecer,Crescente,Nublado,Simples,Curva,-29.12674,-51.12769,DEL05-RS,Risco Médio,Alta
sábado,BR-277,255.0,Pleno dia,Crescente,Sol,Simples,Reta,-25.46769,-50.65154,DEL03-PR,Risco Médio,Média
quinta-feira,BR-364,859.0,Pleno dia,Crescente,Chuva,Simples,Reta,-9.522959,-64.8143,DEL01-RO,Risco Alto,Alta
domingo,BR-60,83.0,Pleno dia,Crescente,Nublado,Dupla,Reta,-16.3149,-48.846,DEL02-GO,Risco Médio,Média
quinta-feira,BR-116,386.9,Plena Noite,Decrescente,Garoa/Chuvisco,Dupla,Reta,-30.80844,-51.6882,DEL02-RS,Risco Baixo,Alta
segunda-feira,BR-101,90.0,Plena Noite,Crescente,Céu Claro,Dupla,Reta,-7.183147,-34.90142,DEL01-PB,Risco Baixo,Alta
sábado,BR-101,63.0,Pleno dia,Decrescente,Garoa/Chuvisco,Simples,Não Informado,-11.95469,-38.08273,DEL01-BA,Risco Médio,Alta
sábado,BR-222,6.0,Pleno dia,Decrescente,Céu Claro,Dupla,Reta,-3.742776,-38.62331,DEL01-CE,Risco Médio,Baixa
quarta-feira,BR-101,37.1,Anoitecer,Crescente,Céu Claro,Dupla,Reta,-26.2857,-48.88777,DEL03-SC,Risco Médio,Alta
sexta-feira,BR-116,399.0,Plena Noite,Crescente,Nublado,Simples,Reta,-30.86692,-51.8004,DEL02-RS,Risco Baixo,Alta
segunda-feira,BR-163,301.8,Pleno dia,Crescente,Sol,Simples,Curva,-24.4683,-54.1516,DEL06-PR,Risco Alto,Alta
domingo,BR-40,121.0,Pleno dia,Decrescente,Céu Claro,Múltipla,Reta,-22.78185,-43.28571,DEL01-RJ,Risco Baixo,Alta
sábado,BR-101,206.0,Pleno dia,Crescente,Céu Claro,Simples,Reta,-22.47673,-42.20173,DEL08-RJ,Risco Médio,Alta
sábado,BR-285,457.0,Plena Noite,Crescente,Céu Claro,Simples,Rotatória,-28.3937,-53.89524,DEL10-RS,Risco Baixo,Baixa
sábado,BR-116,107.0,Pleno dia,Decrescente,Céu Claro,Simples,Reta,-22.52826,-42.99738,DEL04-RJ,Risco Médio,Alta
sexta-feira,BR-435,86.0,Pleno dia,Crescente,Sol,Simples,Reta,-13.12027,-60.54055,DEL04-RO,Risco Médio,Baixa
quinta-feira,BR-293,2.0,Plena Noite,Decrescente,Chuva,Simples,Reta,-31.75043,-52.35999,DEL07-RS,Risco Baixo,Baixa
quarta-feira,BR-101,135.0,Pleno dia,Crescente,Céu Claro,Múltipla,Interseção de vias,-27.00501,-48.62677,DEL04-SC,Risco Médio,Alta
sexta-feira,BR-10,456.0,Pleno dia,Decrescente,Sol,Dupla,Não Informado,-10.30844,-48.29749,DEL01-TO,Risco Baixo,Baixa
terça-feira,BR-316,35.0,Plena Noite,Crescente,Nublado,Simples,Curva,-5.35811,-42.6755,DEL01-PI,Risco Baixo,Baixa
quarta-feira,BR-365,591.5,Pleno dia,Crescente,Céu Claro,Simples,Desvio Temporário,-18.88143,-48.05229,DEL15-MG,Risco Médio,Média
segunda-feira,BR-467,101.7,Anoitecer,Crescente,Nublado,Dupla,Reta,-24.8999,-53.5272,DEL04-PR,Risco Médio,Baixa
domingo,BR-285,414.0,Plena Noite,Decrescente,Céu Claro,Simples,Reta,-28.35122,-53.4993,DEL10-RS,Risco Médio,Baixa
terça-feira,BR-116,414.0,Plena Noite,Crescente,Céu Claro,Simples,Reta,-18.88109,-41.95931,DEL06-MG,Risco Médio,Alta
domingo,BR-116,408.3,Plena Noite,Crescente,Nublado,Simples,Curva,-18.83542,-41.98936,DEL06-MG,Risco Médio,Alta
segunda-feira,BR-163,836.3,Plena Noite,Decrescente,Nublado,Simples,Reta,-11.97792,-55.51702,DEL06-MT,Risco Baixo,Alta
sexta-feira,BR-277,124.4,Pleno dia,Decrescente,Sol,Dupla,Desvio Temporário,-25.46761,-49.59451,DEL01-PR,Risco Médio,Média
sexta-feira,BR-153,236.3,Pleno dia,Crescente,Céu Claro,Simples,Reta,-14.81106,-49.29155,DEL07-GO,Risco Baixo,Alta
sábado,BR-262,159.9,Pleno dia,Decrescente,Céu Claro,Simples,Não Informado,-20.45889,-52.9972,DEL07-MS,Risco Médio,Média
sexta-feira,BR-290,106.0,Pleno dia,Decrescente,Céu Claro,Dupla,Reta,-29.999,-51.29456,DEL02-RS,Risco Baixo,Baixa
sexta-feira,BR-163,1070.0,Plena Noite,Crescente,Céu Claro,Simples,Reta,-9.932752,-54.90406,DEL06-MT,Risco Alto,Alta
segunda-feira,BR-476,142.0,Anoitecer,Decrescente,Céu Claro,Dupla,Reta,-25.53752,-49.30162,DEL01-PR,Risco Médio,Baixa
terça-feira,BR-364,235.0,Plena Noite,Decrescente,Nublado,Simples,Reta,-11.45062,-61.43025,DEL02-RO,Risco Médio,Alta
sábado,BR-116,562.0,Pleno dia,Crescente,Chuva,Dupla,Curva,-25.0246,-48.5242,DEL05-SP,Risco Médio,Alta
sexta-feira,BR-101,100.0,Pleno dia,Decrescente,Céu Claro,Dupla,Reta,-5.881069,-35.22542,DEL01-RN,Risco Médio,Alta
segunda-feira,BR-20,21.2,Plena Noite,Decrescente,Céu Claro,Dupla,Reta,-15.60338,-47.68469,DEL02-DF,Risco Médio,Baixa
domingo,BR-116,114.0,Anoitecer,Decrescente,Céu Claro,Simples,Não Informado,-4.5994,-38.204,DEL03-CE,Risco Médio,Alta
terça-feira,BR-20,256.0,Plena Noite,Crescente,Céu Claro,Simples,Reta,-4.745538,-39.47135,DEL02-CE,Risco Médio,Baixa
terça-feira,BR-101,380.8,Pleno dia,Decrescente,Céu Claro,Simples,Curva,-20.80767,-40.83488,DEL03-ES,Risco Baixo,Alta
sexta-feira,BR-116,15.0,Pleno dia,Decrescente,Céu Claro,Dupla,Reta,-25.38156,-49.16245,DEL01-PR,Risco Médio,Alta
quarta-feira,BR-262,586.6,Pleno dia,Crescente,Chuva,Simples,Curva,-19.66225,-46.10031,DEL08-MG,Risco Médio,Média
segunda-feira,BR-101,123.0,Pleno dia,Decrescente,Céu Claro,Dupla,Interseção de vias,-26.93669,-48.69877,DEL04-SC,Risco Médio,Alta
sábado,BR-376,124.5,Pleno dia,Decrescente,Céu Claro,Dupla,Desvio Temporário,-23.144,-52.28186,DEL09-PR,Risco Médio,Baixa
quinta-feira,BR-364,1048.0,Pleno dia,Decrescente,Sol,Simples,Reta,-9.778338,-66.39806,DEL01-RO,Risco Médio,Alta
sábado,BR-101,270.1,Plena Noite,Decrescente,Nublado,Dupla,Reta,-20.2174,-40.26991,DEL02-ES,Risco Médio,Alta
quinta-feira,BR-101,277.7,Anoitecer,Crescente,Céu Claro,Múltipla,Curva,-20.21308,-40.32126,DEL02-ES,Risco Médio,Alta
terça-feira,BR-361,78.2,Plena Noite,Crescente,Céu Claro,Simples,Não Informado,-7.185524,-37.87719,DEL03-PB,Risco Médio,Baixa
sexta-feira,BR-70,282.3,Plena Noite,Decrescente,Céu Claro,Simples,Curva,-15.57261,-54.31591,DEL05-MT,Risco Médio,Baixa
segunda-feira,BR-381,872.2,Pleno dia,Crescente,Sol,Dupla,Reta,-22.44483,-45.9929,DEL16-MG,Risco Médio,Alta
sábado,BR-146,600.2,Plena Noite,Decrescente,Céu Claro,Simples,Reta,-21.77363,-46.42436,DEL09-MG,Risco Baixo,Baixa
terça-feira,BR-262,157.8,Plena Noite,Decrescente,Nublado,Simples,Reta,-20.23179,-41.49346,DEL01-ES,Risco Médio,Média
quinta-feira,BR-476,143.8,Pleno dia,Decrescente,Céu Claro,Dupla,Reta,-25.5438,-49.30533,DEL01-PR,Risco Médio,Baixa
sexta-feira,BR-116,451.0,Pleno dia,Crescente,Céu Claro,Dupla,Reta,-24.54543,-47.8618,DEL05-SP,Risco Médio,Alta
domingo,BR-116,111.0,Pleno dia,Decrescente,Sol,Dupla,Reta,-25.55747,-49.26954,DEL01-PR,Risco Médio,Alta
sexta-feira,BR-364,440.0,Plena Noite,Crescente,Garoa/Chuvisco,Simples,Ponte,-15.62436,-56.20571,DEL01-MT,Risco Médio,Alta
sábado,BR-424,90.8,Pleno dia,Crescente,Céu Claro,Simples,Reta,-8.896357,-36.50158,DEL03-PE,Risco Médio,Baixa
sábado,BR-50,68.0,Pleno dia,Decrescente,Céu Claro,Dupla,Reta,-18.8514,-48.25346,DEL15-MG,Risco Baixo,Média
quinta-feira,BR-101,205.0,Pleno dia,Crescente,Céu Claro,Múltipla,Curva,-27.58313,-48.61533,DEL01-SC,Risco Médio,Alta
quarta-feira,BR-158,68.0,Plena Noite,Crescente,Chuva,Simples,Reta,-19.47795,-51.30858,DEL08-MS,Risco Baixo,Baixa
segunda-feira,BR-153,412.0,Plena Noite,Crescente,Céu Claro,Dupla,Reta,-9.515658,-48.58972,DEL02-TO,Risco Médio,Alta
quinta-feira,BR-376,552.3,Pleno dia,Decrescente,Céu Claro,Dupla,Não Informado,-25.44351,-49.74391,DEL03-PR,Risco Médio,Baixa
quinta-feira,BR-116,142.8,Anoitecer,Decrescente,Céu Claro,Dupla,Reta,-23.17429,-45.82946,DEL06-SP,Risco Médio,Alta
terça-feira,BR-429,46.1,Pleno dia,Crescente,Sol,Simples,Não Informado,-11.19698,-61.93804,DEL02-RO,Risco Alto,Baixa
segunda-feira,BR-40,114.0,Plena Noite,Decrescente,Nublado,Dupla,Reta,-22.72062,-43.28936,DEL01-RJ,Risco Médio,Alta
domingo,BR-392,38.5,Anoitecer,Decrescente,Céu Claro,Dupla,Reta,-32.03548,-52.09908,DEL07-RS,Risco Médio,Média
terça-feira,BR-282,210.0,Plena Noite,Decrescente,Chuva,Simples,Reta,-27.77858,-50.23181,DEL05-SC,Risco Médio,Baixa
sexta-feira,BR-116,89.5,Amanhecer,Crescente,Nublado,Dupla,Reta,-22.93931,-45.37875,DEL06-SP,Risco Alto,Alta
sexta-feira,BR-153,134.0,Pleno dia,Decrescente,Céu Claro,Simples,Não Informado,-19.51436,-48.8403,DEL15-MG,Risco Baixo,Alta
segunda-feira,BR-116,144.0,Plena Noite,Decrescente,Céu Claro,Dupla,Não Informado,-29.12793,-51.1272,DEL05-RS,Risco Baixo,Alta
quinta-feira,BR-101,273.3,Pleno dia,Decrescente,Sol,Dupla,Reta,-20.22029,-40.29049,DEL02-ES,Risco Médio,Alta
terça-feira,BR-116,6.0,Plena Noite,Crescente,Chuva,Dupla,Reta,-22.53159,-44.75377,DEL08-SP,Risco Médio,Alta
segunda-feira,BR-280,238.1,Plena Noite,Crescente,Nevoeiro/Neblina,Simples,Reta,-26.20536,-50.43885,DEL06-SC,Risco Baixo,Baixa
sexta-feira,BR-230,11.0,Plena Noite,Crescente,Céu Claro,Dupla,Reta,-7.064956,-34.85044,DEL01-PB,Risco Baixo,Baixa
quarta-feira,BR-470,48.0,Anoitecer,Decrescente,Céu Claro,Dupla,Curva,-26.85982,-49.05539,DEL04-SC,Risco Médio,Baixa
sexta-feira,BR-116,276.0,Plena Noite,Crescente,Céu Claro,Dupla,Reta,-23.62023,-46.81148,DEL04-SP,Risco Baixo,Alta
segunda-feira,BR-101,98.0,Pleno dia,Decrescente,Céu Claro,Múltipla,Reta,-5.865679,-35.21652,DEL01-RN,Risco Baixo,Alta
quarta-feira,BR-40,469.6,Plena Noite,Decrescente,Chuva,Dupla,Reta,-19.46762,-44.2956,DEL02-MG,Risco Médio,Alta
sábado,BR-40,7.0,Plena Noite,Decrescente,Céu Claro,Dupla,Reta,-16.10848,-47.97252,DEL01-DF,Risco Médio,Alta
sexta-feira,BR-153,335.5,Pleno dia,Decrescente,Garoa/Chuvisco,Simples,Desvio Temporário,-22.90518,-49.88924,DEL07-SP,Risco Médio,Alta
segunda-feira,BR-376,169.0,Pleno dia,Crescente,Céu Claro,Dupla,Interseção de vias,-22.3113,-53.40508,DEL04-MS,Risco Médio,Baixa
sábado,BR-153,51.7,Plena Noite,Decrescente,Céu Claro,Simples,Reta,-23.38293,-50.06052,DEL07-PR,Risco Médio,Alta
sexta-feira,BR-471,618.9,Plena Noite,Decrescente,Nublado,Simples,Reta,-33.28128,-53.10028,DEL07-RS,Risco Baixo,Baixa
quarta-feira,BR-101,422.6,Plena Noite,Crescente,Chuva,Simples,Curva,-20.96144,-41.10294,DEL03-ES,Risco Médio,Alta
domingo,BR-101,210.0,Pleno dia,Crescente,Céu Claro,Dupla,Reta,-27.61673,-48.64573,DEL01-SC,Risco Médio,Alta
terça-feira,BR-70,11.7,Pleno dia,Crescente,Céu Claro,Dupla,Reta,-15.79133,-48.1552,DEL01-DF,Risco Médio,Baixa
terça-feira,BR-222,279.4,Anoitecer,Crescente,Céu Claro,Simples,Reta,-3.751797,-40.81365,DEL04-CE,Risco Médio,Baixa
quinta-feira,BR-101,149.0,Anoitecer,Crescente,Nublado,Múltipla,Interseção de vias,-27.10896,-48.61278,DEL04-SC,Risco Médio,Alta
domingo,BR-324,610.3,Pleno dia,Decrescente,Céu Claro,Dupla,Reta,-12.84616,-38.41712,DEL01-BA,Risco Baixo,Baixa
terça-feira,BR-116,757.0,Pleno dia,Decrescente,Céu Claro,Simples,Reta,-14.47566,-40.3347,DEL08-BA,Risco Médio,Alta
quarta-feira,BR-364,713.0,Pleno dia,Crescente,Nublado,Dupla,Interseção de vias,-8.773316,-63.87969,DEL01-RO,Risco Médio,Alta
quinta-feira,BR-40,114.0,Plena Noite,Decrescente,Chuva,Múltipla,Reta,-22.71854,-43.28993,DEL01-RJ,Risco Médio,Alta
terça-feira,BR-60,198.8,Pleno dia,Decrescente,Nublado,Dupla,Reta,-16.87502,-49.61329,DEL01-GO,Risco Médio,Média
sexta-feira,BR-262,79.0,Pleno dia,Crescente,Céu Claro,Simples,Curva,-20.40819,-40.93794,DEL01-ES,Risco Médio,Média
quarta-feira,BR-153,43.0,Plena Noite,Crescente,Céu Claro,Dupla,Reta,-18.75116,-49.08275,DEL15-MG,Risco Médio,Alta
segunda-feira,BR-476,142.0,Pleno dia,Crescente,Céu Claro,Dupla,Reta,-25.53716,-49.30163,DEL01-PR,Risco Médio,Baixa
sábado,BR-364,522.0,Pleno dia,Decrescente,Céu Claro,Simples,Reta,-9.861432,-63.05831,DEL03-RO,Risco Médio,Alta
sábado,BR-101,311.0,Pleno dia,Crescente,Sol,Dupla,Reta,-22.80032,-43.05272,DEL02-RJ,Risco Médio,Alta
sexta-feira,BR-392,18.0,Plena Noite,Decrescente,Garoa/Chuvisco,Dupla,Reta,-32.0901,-52.1766,DEL07-RS,Risco Médio,Média
terça-feira,BR-101,299.0,Amanhecer,Decrescente,Céu Claro,Dupla,Reta,-20.3598,-40.4336,DEL01-ES,Risco Médio,Alta
sábado,BR-222,11.7,Plena Noite,Crescente,Céu Claro,Simples,Reta,-3.735026,-38.67209,DEL01-CE,Risco Médio,Baixa
domingo,BR-20,33.0,Pleno dia,Decrescente,Céu Claro,Dupla,Reta,-15.5874,-47.57712,DEL02-DF,Risco Médio,Baixa
quarta-feira,BR-470,56.0,Pleno dia,Decrescente,Chuva,Simples,Reta,-26.8775,-49.1303,DEL04-SC,Risco Médio,Baixa
domingo,BR-226,45.0,Plena Noite,Decrescente,Céu Claro,Simples,Reta,-6.580091,-47.5161,DEL02-TO,Risco Médio,Baixa
sexta-feira,BR-163,204.3,Plena Noite,Decrescente,Nublado,Simples,Reta,-24.99559,-53.55699,DEL04-PR,Risco Alto,Alta
quarta-feira,BR-20,11.0,Pleno dia,Crescente,Céu Claro,Simples,Reta,-15.56265,-47.2567,DEL02-DF,Risco Baixo,Baixa
domingo,BR-101,116.0,Plena Noite,Crescente,Nublado,Dupla,Reta,-26.87906,-48.72604,DEL04-SC,Risco Médio,Alta
sábado,BR-116,541.8,Plena Noite,Decrescente,Céu Claro,Simples,Reta,-7.770284,-39.068,DEL05-CE,Risco Alto,Alta
sábado,BR-163,751.0,Plena Noite,Decrescente,Céu Claro,Dupla,Retorno Regulamentado,-12.56438,-55.72215,DEL06-MT,Risco Médio,Alta
sábado,BR-80,4.0,Anoitecer,Crescente,Céu Claro,Simples,Não Informado,-15.49386,-48.22503,DEL01-DF,Risco Baixo,Baixa
sábado,BR-365,620.0,Plena Noite,Decrescente,Céu Claro,Dupla,Reta,-18.88891,-48.26921,DEL15-MG,Risco Médio,Média
sexta-feira,BR-101,320.2,Pleno dia,Crescente,Céu Claro,Múltipla,Reta,-28.428,-48.88171,DEL02-SC,Risco Médio,Alta
segunda-feira,BR-230,202.1,Pleno dia,Crescente,Céu Claro,Simples,Não Informado,-7.098508,-36.2542,DEL02-PB,Risco Médio,Baixa
quinta-feira,BR-116,6.8,Amanhecer,Crescente,Céu Claro,Simples,Desvio Temporário,-14.8282,-40.8863,DEL05-PE,Risco Médio,Alta
domingo,BR-482,76.0,Pleno dia,Crescente,Céu Claro,Simples,Interseção de vias,-20.74617,-41.4838,DEL03-ES,Risco Alto,Baixa
quinta-feira,BR-230,77.9,Plena Noite,Decrescente,Céu Claro,Simples,Reta,-7.182699,-35.30513,DEL01-PB,Risco Alto,Baixa
quarta-feira,BR-116,842.2,Pleno dia,Crescente,Chuva,Simples,Não Informado,-14.93088,-40.88736,DEL08-BA,Risco Médio,Alta
segunda-feira,BR-60,126.0,Plena Noite,Crescente,Céu Claro,Simples,Curva,-20.3737,-54.6694,DEL06-MS,Risco Médio,Média
segunda-feira,BR-282,15.7,Plena Noite,Crescente,Nublado,Simples,Reta,-27.65185,-48.67605,DEL01-SC,Risco Médio,Baixa
sexta-feira,BR-80,14.0,Pleno dia,Crescente,Céu Claro,Simples,Reta,-15.71427,-48.19977,DEL01-DF,Risco Médio,Baixa
segunda-feira,BR-101,255.0,Plena Noite,Crescente,Céu Claro,Simples,Interseção de vias,-20.11488,-40.31944,DEL02-ES,Risco Médio,Alta
segunda-feira,BR-40,618.4,Plena Noite,Crescente,Céu Claro,Simples,Não Informado,-20.57002,-43.81202,DEL05-MG,Risco Médio,Alta
domingo,BR-116,316.5,Pleno dia,Decrescente,Nublado,Dupla,Curva,-23.91055,-46.99149,DEL04-SP,Risco Médio,Alta
sexta-feira,BR-101,137.0,Plena Noite,Crescente,Céu Claro,Simples,Reta,-19.29308,-40.08592,DEL04-ES,Risco Baixo,Alta
terça-feira,BR-376,674.0,Pleno dia,Crescente,Céu Claro,Dupla,Reta,-25.90851,-48.92071,DEL01-PR,Risco Médio,Baixa
domingo,BR-101,828.0,Pleno dia,Decrescente,Nublado,Simples,Não Informado,-17.16125,-39.57259,DEL09-BA,Risco Médio,Alta
sábado,BR-468,96.0,Plena Noite,Crescente,Céu Claro,Simples,Curva,-27.49549,-53.88702,DEL08-RS,Risco Médio,Baixa
domingo,BR-70,42.0,Plena Noite,Decrescente,Céu Claro,Simples,Reta,-15.7754,-52.57182,DEL07-MT,Risco Médio,Baixa
sábado,BR-116,175.0,Plena Noite,Decrescente,Céu Claro,Múltipla,Reta,-22.78924,-43.37275,DEL01-RJ,Risco Médio,Alta
quinta-feira,BR-414,402.0,Pleno dia,Crescente,Chuva,Simples,Não Informado,-15.99146,-48.8356,DEL02-GO,Risco Médio,Baixa
segunda-feira,BR-116,175.0,Plena Noite,Crescente,Nublado,Múltipla,Reta,-22.76347,-43.4204,DEL01-RJ,Risco Médio,Alta
sábado,BR-153,495.0,Pleno dia,Crescente,Chuva,Simples,Não Informado,-10.17585,-48.88047,DEL01-TO,Risco Médio,Alta
quinta-feira,BR-482,78.0,Amanhecer,Decrescente,Céu Claro,Simples,Curva,-20.75978,-41.49587,DEL03-ES,Risco Médio,Baixa
sábado,BR-364,361.0,Pleno dia,Crescente,Sol,Simples,Reta,-15.77447,-55.63568,DEL02-MT,Risco Médio,Alta
sexta-feira,BR-116,490.0,Pleno dia,Crescente,Céu Claro,Múltipla,Reta,-24.73465,-48.11603,DEL05-SP,Risco Médio,Alta
sexta-feira,BR-277,83.9,Pleno dia,Crescente,Céu Claro,Dupla,Viaduto,-25.44684,-49.23096,DEL01-PR,Risco Médio,Média
sexta-feira,BR-104,96.1,Pleno dia,Crescente,Sol,Simples,Interseção de vias,-7.01186,-35.85589,DEL02-PB,Risco Médio,Baixa
quinta-feira,BR-230,4.0,Pleno dia,Decrescente,Céu Claro,Dupla,Não Informado,-7.004663,-34.82898,DEL01-PB,Risco Baixo,Baixa
quinta-feira,BR-428,61.0,Anoitecer,Crescente,Céu Claro,Simples,Não Informado,-8.638049,-39.71583,DEL06-PE,Risco Médio,Baixa
domingo,BR-470,7.0,Amanhecer,Crescente,Céu Claro,Dupla,Reta,-26.84499,-48.71505,DEL04-SC,Risco Baixo,Baixa
quarta-feira,BR-116,123.0,Plena Noite,Crescente,Céu Claro,Dupla,Reta,-25.57736,-49.31244,DEL01-PR,Risco Médio,Alta
terça-feira,BR-101,33.0,Pleno dia,Decrescente,Nublado,Dupla,Reta,-29.50287,-49.97956,DEL03-RS,Risco Médio,Alta
quinta-feira,BR-116,275.0,Pleno dia,Decrescente,Céu Claro,Simples,Desvio Temporário,-22.56207,-44.15671,DEL07-RJ,Risco Médio,Alta
quarta-feira,BR-101,152.7,Plena Noite,Crescente,Nublado,Múltipla,Reta,-27.13564,-48.61005,DEL04-SC,Risco Médio,Alta
domingo,BR-153,512.9,Plena Noite,Crescente,Céu Claro,Dupla,Reta,-16.8156,-49.2402,DEL01-GO,Risco Médio,Alta
segunda-feira,BR-280,23.6,Pleno dia,Crescente,Nublado,Simples,Reta,-26.37146,-48.71189,DEL03-SC,Risco Médio,Baixa
quarta-feira,BR-373,433.1,Pleno dia,Decrescente,Nublado,Simples,Curva,-25.76111,-52.25546,DEL02-PR,Risco Baixo,Baixa
quarta-feira,BR-40,545.0,Pleno dia,Decrescente,Céu Claro,Dupla,Reta,-20.01025,-43.96592,DEL01-MG,Risco Médio,Alta
domingo,BR-280,307.5,Pleno dia,Decrescente,Chuva,Simples,Curva,-26.29283,-53.46477,DEL02-PR,Risco Médio,Baixa
domingo,BR-60,9.1,Pleno dia,Crescente,Chuva,Dupla,Reta,-15.90663,-48.14092,DEL01-DF,Risco Baixo,Média
domingo,BR-101,510.0,Pleno dia,Crescente,Céu Claro,Simples,Reta,-22.95213,-44.43611,DEL03-RJ,Risco Médio,Alta
terça-feira,BR-116,179.2,Plena Noite,Decrescente,Céu Claro,Dupla,Reta,-22.74228,-43.4523,DEL01-RJ,Risco Médio,Alta
quinta-feira,BR-40,109.0,Pleno dia,Decrescente,Céu Claro,Múltipla,Curva,-22.67291,-43.28484,DEL01-RJ,Risco Médio,Alta
quinta-feira,BR-381,481.0,Pleno dia,Crescente,Céu Claro,Dupla,Reta,-19.95932,-44.08826,DEL01-MG,Risco Médio,Alta
terça-feira,BR-116,640.1,Plena Noite,Crescente,Céu Claro,Simples,Curva,13.0,40.0,DEL03-BA,Risco Baixo,Alta
sexta-feira,BR-101,149.0,Pleno dia,Decrescente,Sol,Simples,Reta,-19.39619,-40.06436,DEL04-ES,Risco Médio,Alta
quarta-feira,BR-163,246.0,Pleno dia,Crescente,Nublado,Múltipla,Não Informado,-24.69792,-53.73775,DEL06-PR,Risco Médio,Alta
segunda-feira,BR-101,233.8,Pleno dia,Crescente,Chuva,Dupla,Curva,-27.80376,-48.63826,DEL01-SC,Risco Baixo,Alta
segunda-feira,BR-104,104.0,Pleno dia,Decrescente,Céu Claro,Simples,Interseção de vias,-8.597464,-35.95789,DEL02-PE,Risco Médio,Baixa
domingo,BR-40,646.9,Plena Noite,Decrescente,Céu Claro,Simples,Não Informado,-20.79117,-43.81052,DEL05-MG,Risco Médio,Alta
sexta-feira,BR-282,16.3,Pleno dia,Crescente,Nublado,Simples,Reta,-27.65861,-48.68185,DEL01-SC,Risco Médio,Baixa
terça-feira,BR-101,182.8,Plena Noite,Crescente,Céu Claro,Simples,Interseção de vias,-11.3739,-37.65552,DEL02-SE,Risco Médio,Alta
quinta-feira,BR-40,285.0,Plena Noite,Decrescente,Céu Claro,Simples,Reta,-18.2486,-45.1723,DEL14-MG,Risco Baixo,Alta
sábado,BR-40,737.8,Plena Noite,Crescente,Nevoeiro/Neblina,Dupla,Curva,-21.38297,-43.57034,DEL05-MG,Risco Médio,Alta
quinta-feira,BR-163,69.4,Pleno dia,Crescente,Céu Claro,Dupla,Reta,-26.72657,-53.51291,DEL07-SC,Risco Médio,Alta
domingo,BR-343,345.0,Plena Noite,Decrescente,Céu Claro,Simples,Reta,-5.102889,-42.76651,DEL01-PI,Risco Médio,Baixa
quarta-feira,BR-40,524.0,Pleno dia,Crescente,Céu Claro,Dupla,Reta,-19.879,-44.0511,DEL01-MG,Risco Médio,Alta
segunda-feira,BR-60,184.4,Plena Noite,Decrescente,Vento,Dupla,Não Informado,-16.79778,-49.51211,DEL01-GO,Risco Médio,Média
quarta-feira,BR-376,192.5,Plena Noite,Crescente,Céu Claro,Dupla,Não Informado,-23.49037,-51.81688,DEL09-PR,Risco Médio,Baixa
segunda-feira,BR-116,17.0,Plena Noite,Decrescente,Céu Claro,Dupla,Não Informado,-3.896179,-38.50336,DEL01-CE,Risco Médio,Alta