dia_semana,br,km,fase_dia,sentido_via,condicao_metereologica,tipo_pista,tracado_via,latitude,longitude,delegacia,classificacao_acidente,postos_policiais_PRF
sexta-feira,BR-116,115.5,Pleno dia,Crescente,Nublado,Múltipla,Reta,-25.55953,-49.2656,DEL01-PR,Risco Médio,Alta
domingo,BR-405,156.0,Plena Noite,Crescente,Céu Claro,Simples,Reta,-6.158541,-38.20774,DEL04-RN,Risco Médio,Baixa
segunda-feira,BR-376,652.0,Pleno dia,Crescente,Garoa/Chuvisco,Dupla,Curva,-25.84616,-49.06888,DEL01-PR,Risco Médio,Baixa
quinta-feira,BR-280,59.0,Anoitecer,Decrescente,Céu Claro,Simples,Reta,-26.4744,-49.02519,DEL03-SC,Risco Médio,Baixa
sábado,BR-135,1.5,Pleno dia,Decrescente,Céu Claro,Dupla,Reta,-2.59377,-44.24497,DEL01-MA,Risco Médio,Baixa
sexta-feira,BR-401,0.1,Pleno dia,Decrescente,Céu Claro,Múltipla,Interseção de vias,2.803661,-60.68467,DEL01-RR,Risco Médio,Baixa
domingo,BR-369,36.8,Plena Noite,Decrescente,Céu Claro,Simples,Reta,-23.04387,-50.23028,DEL07-PR,Risco Médio,Baixa
segunda-feira,BR-116,111.2,Anoitecer,Crescente,Nublado,Dupla,Reta,-22.58517,-43.01662,DEL04-RJ,Risco Médio,Alta
sexta-feira,BR-101,426.8,Plena Noite,Decrescente,Nublado,Múltipla,Reta,-29.02594,-49.59977,DEL02-SC,Risco Médio,Alta
domingo,BR-101,7.5,Plena Noite,Crescente,Céu Claro,Dupla,Reta,-29.35404,-49.8005,DEL03-RS,Risco Baixo,Alta
sábado,BR-50,175.2,Plena Noite,Decrescente,Céu Claro,Dupla,Curva,-19.77918,-47.96264,DEL13-MG,Risco Médio,Média
quinta-feira,BR-101,214.0,Pleno dia,Crescente,Céu Claro,Múltipla,Reta,-27.652,-48.676,DEL01-SC,Risco Médio,Alta
domingo,BR-272,393.0,Amanhecer,Crescente,Céu Claro,Simples,Não Informado,-24.08565,-52.61524,DEL04-PR,Risco Médio,Baixa
sábado,BR-429,60.1,Pleno dia,Crescente,Céu Claro,Simples,Reta,-11.20289,-62.07264,DEL02-RO,Risco Médio,Baixa
terça-feira,BR-116,240.8,Pleno dia,Decrescente,Céu Claro,Dupla,Reta,-29.705,-51.14677,DEL01-RS,Risco Médio,Alta
segunda-feira,BR-40,519.0,Pleno dia,Crescente,Céu Claro,Dupla,Reta,-19.8427,-44.0751,DEL01-MG,Risco Médio,Alta
terça-feira,BR-280,152.4,Pleno dia,Crescente,Nublado,Simples,Curva,-26.21336,-49.71897,DEL06-SC,Risco Médio,Baixa
domingo,BR-369,133.0,Pleno dia,Crescente,Céu Claro,Dupla,Retorno Regulamentado,-23.26046,-51.00866,DEL07-PR,Risco Médio,Baixa
quarta-feira,BR-158,105.0,Plena Noite,Crescente,Céu Claro,Simples,Não Informado,-19.74422,-51.12853,DEL08-MS,Risco Alto,Baixa
domingo,BR-135,659.9,Pleno dia,Decrescente,Chuva,Simples,Curva,-19.08164,-44.5408,DEL02-MG,Risco Baixo,Baixa
terça-feira,BR-459,103.0,Plena Noite,Decrescente,Céu Claro,Dupla,Retorno Regulamentado,-22.23048,-45.93678,DEL16-MG,Risco Médio,Baixa
segunda-feira,BR-470,83.1,Pleno dia,Crescente,Nublado,Simples,Reta,-26.96293,-49.33593,DEL04-SC,Risco Médio,Baixa
quinta-feira,BR-304,296.0,Pleno dia,Crescente,Sol,Simples,Curva,-5.864849,-35.34931,DEL01-RN,Risco Médio,Baixa
terça-feira,BR-153,616.0,Plena Noite,Crescente,Nublado,Dupla,Reta,-17.6864,-49.159,DEL03-GO,Risco Baixo,Alta
sexta-feira,BR-101,331.3,Pleno dia,Crescente,Sol,Simples,Reta,-13.47043,-39.41826,DEL05-BA,Risco Médio,Alta
quinta-feira,BR-101,148.1,Pleno dia,Decrescente,Céu Claro,Dupla,Reta,-27.109,-48.6126,DEL04-SC,Risco Médio,Alta
domingo,BR-153,524.0,Plena Noite,Crescente,Céu Claro,Simples,Reta,-10.41621,-48.89711,DEL02-TO,Risco Médio,Alta
segunda-feira,BR-222,303.5,Pleno dia,Decrescente,Nublado,Dupla,Não Informado,-3.662998,-40.952,DEL04-CE,Risco Baixo,Baixa
sexta-feira,BR-116,183.4,Pleno dia,Crescente,Céu Claro,Múltipla,Reta,-22.7516,-43.4385,DEL01-RJ,Risco Baixo,Alta
terça-feira,BR-158,323.0,Pleno dia,Crescente,Céu Claro,Dupla,Curva,-29.69557,-53.78022,DEL09-RS,Risco Médio,Baixa
segunda-feira,BR-282,86.0,Amanhecer,Crescente,Chuva,Simples,Curva,-27.66155,-49.19791,DEL01-SC,Risco Médio,Baixa
quinta-feira,BR-153,443.0,Pleno dia,Crescente,Céu Claro,Simples,Desvio Temporário,-16.33468,-48.92245,DEL02-GO,Risco Médio,Alta
sábado,BR-364,215.8,Pleno dia,Decrescente,Sol,Dupla,Não Informado,-16.37779,-54.71706,DEL02-MT,Risco Médio,Alta
domingo,BR-369,47.9,Pleno dia,Decrescente,Céu Claro,Simples,Reta,-23.09856,-50.30545,DEL07-PR,Risco Médio,Baixa
terça-feira,BR-101,126.2,Pleno dia,Crescente,Céu Claro,Múltipla,Curva,-26.95728,-48.68042,DEL04-SC,Risco Médio,Alta
quarta-feira,BR-101,98.0,Pleno dia,Decrescente,Céu Claro,Múltipla,Reta,-5.865679,-35.21652,DEL01-RN,Risco Médio,Alta
domingo,BR-369,180.5,Plena Noite,Crescente,Céu Claro,Dupla,Reta,-23.36873,-51.40752,DEL07-PR,Risco Médio,Baixa
sábado,BR-163,70.5,Plena Noite,Decrescente,Céu Claro,Dupla,Curva,-26.73462,-53.5068,DEL07-SC,Risco Baixo,Alta
terça-feira,BR-101,20.5,Pleno dia,Crescente,Céu Claro,Simples,Curva,-9.0361,-35.6878,DEL01-AL,Risco Médio,Alta
quarta-feira,BR-116,658.0,Pleno dia,Crescente,Céu Claro,Simples,Reta,-13.68161,-40.09549,DEL03-BA,Risco Médio,Alta
domingo,BR-101,199.0,Pleno dia,Decrescente,Céu Claro,Dupla,Reta,-9.943156,-36.53647,DEL02-AL,Risco Médio,Alta
sábado,BR-101,42.6,Pleno dia,Decrescente,Chuva,Dupla,Curva,-6.862651,-35.13331,DEL01-PB,Risco Baixo,Alta
sexta-feira,BR-381,493.1,Pleno dia,Decrescente,Céu Claro,Simples,Reta,-19.96378,-44.16855,DEL01-MG,Risco Médio,Alta
segunda-feira,BR-101,117.0,Amanhecer,Decrescente,Céu Claro,Simples,Reta,-19.11933,-40.06303,DEL04-ES,Risco Médio,Alta
domingo,BR-101,297.8,Plena Noite,Decrescente,Chuva,Dupla,Reta,-22.77163,-42.92692,DEL02-RJ,Risco Médio,Alta
sexta-feira,BR-277,73.5,Pleno dia,Crescente,Nublado,Múltipla,Reta,-25.52124,-49.10648,DEL01-PR,Risco Baixo,Média
quarta-feira,BR-101,405.0,Plena Noite,Decrescente,Ignorado,Dupla,Reta,-28.88549,-49.46302,DEL02-SC,Risco Médio,Alta
sábado,BR-40,112.0,Pleno dia,Crescente,Céu Claro,Simples,Reta,-22.68232,-43.28598,DEL01-RJ,Risco Médio,Alta
domingo,BR-364,130.0,Pleno dia,Decrescente,Céu Claro,Simples,Reta,-10.01506,-67.84101,DEL01-AC,Risco Baixo,Alta
quarta-feira,BR-262,1.8,Plena Noite,Decrescente,Ignorado,Dupla,Reta,-20.33314,-40.3595,DEL01-ES,Risco Médio,Média
domingo,BR-242,716.0,Plena Noite,Decrescente,Nublado,Simples,Reta,-12.22548,-44.35124,DEL10-BA,Risco Médio,Baixa
sexta-feira,BR-406,161.0,Plena Noite,Crescente,Céu Claro,Simples,Reta,-5.74009,-35.40708,DEL02-RN,Risco Alto,Baixa
domingo,BR-101,110.0,Plena Noite,Decrescente,Chuva,Dupla,Reta,-21.95485,-41.64355,DEL08-RJ,Risco Baixo,Alta
terça-feira,BR-210,46.0,Plena Noite,Crescente,Céu Claro,Simples,Reta,0.4028,-51.0546,DEL01-AP,Risco Baixo,Baixa
quinta-feira,BR-50,278.0,Plena Noite,Decrescente,Céu Claro,Simples,Reta,-18.1696,-47.92,DEL06-GO,Risco Médio,Média
domingo,BR-101,377.2,Plena Noite,Decrescente,Nublado,Simples,Reta,-20.80556,-40.8322,DEL03-ES,Risco Médio,Alta
domingo,BR-116,174.0,Plena Noite,Crescente,Céu Claro,Dupla,Reta,-22.75913,-43.44692,DEL01-RJ,Risco Médio,Alta
sexta-feira,BR-158,207.9,Plena Noite,Decrescente,Céu Claro,Simples,Reta,-28.74751,-53.59575,DEL10-RS,Risco Baixo,Baixa
sexta-feira,BR-116,11.0,Anoitecer,Decrescente,Céu Claro,Múltipla,Reta,-3.843947,-38.49892,DEL01-CE,Risco Médio,Alta
sexta-feira,BR-392,90.4,Pleno dia,Crescente,Sol,Simples,Não Informado,-31.60583,-52.51772,DEL07-RS,Risco Médio,Média
segunda-feira,BR-163,484.7,Anoitecer,Decrescente,Céu Claro,Simples,Reta,-20.4433,-54.54159,DEL01-MS,Risco Médio,Alta
sexta-feira,BR-101,214.0,Plena Noite,Crescente,Nublado,Dupla,Reta,-27.64443,-48.67057,DEL01-SC,Risco Médio,Alta
sábado,BR-116,278.0,Plena Noite,Crescente,Garoa/Chuvisco,Dupla,Curva,-23.65508,-46.84919,DEL04-SP,Risco Médio,Alta
sábado,BR-364,240.6,Pleno dia,Crescente,Céu Claro,Dupla,Reta,-11.43579,-61.47097,DEL02-RO,Risco Médio,Alta
quarta-feira,BR-101,137.0,Pleno dia,Crescente,Céu Claro,Dupla,Reta,-27.024,-48.6074,DEL04-SC,Risco Médio,Alta
sábado,BR-153,70.0,Plena Noite,Decrescente,Nublado,Simples,Reta,-20.8588,-49.4071,DEL09-SP,Risco Baixo,Alta
quarta-feira,BR-40,78.6,Pleno dia,Crescente,Chuva,Simples,Curva,-22.48868,-43.22435,DEL06-RJ,Risco Médio,Alta
quinta-feira,BR-116,517.9,Pleno dia,Crescente,Céu Claro,Simples,Reta,-19.70918,-42.11987,DEL06-MG,Risco Médio,Alta
quinta-feira,BR-262,581.0,Pleno dia,Crescente,Céu Claro,Simples,Curva,-19.65341,-46.08651,DEL08-MG,Risco Médio,Média
sexta-feira,BR-471,192.6,Pleno dia,Decrescente,Sol,Simples,Reta,-30.16168,-52.375,DEL02-RS,Risco Baixo,Baixa
segunda-feira,BR-116,529.2,Pleno dia,Crescente,Céu Claro,Dupla,Reta,-19.8021,-42.13678,DEL06-MG,Risco Médio,Alta
sábado,BR-386,325.2,Pleno dia,Decrescente,Céu Claro,Simples,Reta,-29.31831,-52.10405,DEL04-RS,Risco Baixo,Média
sexta-feira,BR-267,28.3,Pleno dia,Decrescente,Céu Claro,Simples,Curva,-21.62799,-42.83041,DEL07-MG,Risco Médio,Baixa
terça-feira,BR-60,372.0,Pleno dia,Decrescente,Chuva,Dupla,Reta,-17.7027,-50.8465,DEL04-GO,Risco Médio,Média
sábado,BR-282,437.0,Pleno dia,Decrescente,Nublado,Simples,Interseção de vias,-26.96376,-51.85484,DEL07-SC,Risco Médio,Baixa
sexta-feira,BR-116,426.1,Plena Noite,Decrescente,Céu Claro,Simples,Reta,-12.25379,-38.98911,DEL02-BA,Risco Médio,Alta
sexta-feira,BR-470,281.0,Pleno dia,Decrescente,Nublado,Simples,Curva,-27.33148,-50.9025,DEL07-SC,Risco Baixo,Baixa
sexta-feira,BR-364,171.0,Plena Noite,Crescente,Céu Claro,Simples,Reta,-16.64477,-54.4235,DEL02-MT,Risco Baixo,Alta
domingo,BR-60,350.0,Pleno dia,Crescente,Céu Claro,Dupla,Reta,-17.5808,-50.6926,DEL04-GO,Risco Alto,Média
domingo,BR-101,203.0,Plena Noite,Crescente,Nublado,Múltipla,Não Informado,-27.565,-48.6146,DEL01-SC,Risco Médio,Alta
quinta-feira,BR-282,17.0,Plena Noite,Decrescente,Céu Claro,Simples,Reta,-27.66571,-48.68807,DEL01-SC,Risco Médio,Baixa
terça-feira,BR-381,206.0,Pleno dia,Decrescente,Céu Claro,Simples,Reta,-19.20779,-42.3006,DEL06-MG,Risco Médio,Alta
terça-feira,BR-470,57.5,Pleno dia,Crescente,Nublado,Simples,Reta,-26.88043,-49.13653,DEL04-SC,Risco Médio,Baixa
quarta-feira,BR-369,208.0,Pleno dia,Crescente,Ignorado,Simples,Interseção de vias,-23.55487,-51.49383,DEL07-PR,Risco Médio,Baixa
sexta-feira,BR-101,333.7,Pleno dia,Crescente,Céu Claro,Simples,Reta,-28.4663,-48.99653,DEL02-SC,Risco Médio,Alta
sábado,BR-470,57.2,Plena Noite,Decrescente,Nublado,Simples,Não Informado,-26.88174,-49.13852,DEL04-SC,Risco Alto,Baixa
segunda-feira,BR-116,549.8,Pleno dia,Decrescente,Chuva,Simples,Curva,-19.96073,-42.13329,DEL06-MG,Risco Médio,Alta
quinta-feira,BR-101,85.9,Plena Noite,Decrescente,Céu Claro,Dupla,Ponte,-5.783937,-35.2468,DEL02-RN,Risco Médio,Alta
sexta-feira,BR-373,247.1,Plena Noite,Crescente,Nublado,Simples,Reta,-25.19091,-50.82302,DEL03-PR,Risco Médio,Baixa
quinta-feira,BR-116,205.8,Pleno dia,Crescente,Nublado,Simples,Curva,-17.28378,-41.51409,DEL11-MG,Risco Médio,Alta
segunda-feira,BR-435,34.7,Anoitecer,Crescente,Garoa/Chuvisco,Simples,Não Informado,-12.84728,-60.37846,DEL04-RO,Risco Baixo,Baixa
segunda-feira,BR-381,365.0,Pleno dia,Crescente,Céu Claro,Simples,Curva,-19.85465,-43.26107,DEL03-MG,Risco Médio,Alta
sexta-feira,BR-101,186.0,Pleno dia,Decrescente,Nublado,Dupla,Curva,-27.4432,-48.6284,DEL01-SC,Risco Médio,Alta
quinta-feira,BR-40,546.0,Pleno dia,Decrescente,Nublado,Dupla,Curva,-20.0225,-43.9702,DEL01-MG,Risco Médio,Alta
terça-feira,BR-364,306.5,Plena Noite,Crescente,Céu Claro,Simples,Reta,-11.19047,-61.90149,DEL02-RO,Risco Médio,Alta
segunda-feira,BR-20,429.0,Plena Noite,Decrescente,Céu Claro,Dupla,Viaduto,-3.76999,-38.67006,DEL01-CE,Risco Médio,Baixa
sábado,BR-116,243.3,Pleno dia,Decrescente,Céu Claro,Dupla,Reta,-29.73507,-51.14962,DEL01-RS,Risco Médio,Alta
terça-feira,BR-316,58.0,Anoitecer,Decrescente,Nublado,Dupla,Reta,-1.29983,-47.97307,DEL01-PA,Risco Baixo,Baixa
quarta-feira,BR-476,158.9,Plena Noite,Crescente,Céu Claro,Simples,Reta,-25.61716,-49.43169,DEL01-PR,Risco Baixo,Baixa
domingo,BR-365,5.5,Plena Noite,Decrescente,Céu Claro,Simples,Curva,-16.80565,-43.9066,DEL12-MG,Risco Alto,Média
domingo,BR-459,20.9,Pleno dia,Decrescente,Céu Claro,Simples,Ponte,-22.64657,-45.14492,DEL08-SP,Risco Médio,Baixa
quinta-feira,BR-101,102.5,Pleno dia,Crescente,Nublado,Dupla,Reta,-7.282653,-34.93939,DEL01-PB,Risco Médio,Alta
segunda-feira,BR-163,253.0,Pleno dia,Decrescente,Chuva,Dupla,Reta,-22.28366,-54.82221,DEL04-MS,Risco Médio,Alta
sábado,BR-343,11.1,Plena Noite,Decrescente,Céu Claro,Simples,Reta,-2.903582,-41.75256,DEL05-PI,Risco Baixo,Baixa
sábado,BR-392,20.0,Plena Noite,Crescente,Ignorado,Dupla,Reta,-32.08574,-52.19707,DEL07-RS,Risco Médio,Média
quinta-feira,BR-101,219.0,Plena Noite,Crescente,Nublado,Dupla,Curva,-19.8646,-40.38337,DEL02-ES,Risco Médio,Alta
domingo,BR-50,244.0,Plena Noite,Decrescente,Céu Claro,Dupla,Reta,-17.9172,-47.7901,DEL06-GO,Risco Baixo,Média
sábado,BR-163,25.9,Plena Noite,Crescente,Céu Claro,Simples,Reta,-23.88325,-54.31774,DEL09-MS,Risco Médio,Alta
segunda-feira,BR-392,6.8,Amanhecer,Decrescente,Céu Claro,Simples,Reta,-32.09184,-52.10831,DEL07-RS,Risco Médio,Média
quinta-feira,BR-101,121.0,Plena Noite,Crescente,Chuva,Dupla,Reta,-22.0352,-41.69373,DEL08-RJ,Risco Alto,Alta
domingo,BR-101,89.6,Plena Noite,Decrescente,Céu Claro,Simples,Reta,-8.227925,-34.97116,DEL01-PE,Risco Médio,Alta
quarta-feira,BR-116,261.0,Pleno dia,Decrescente,Céu Claro,Múltipla,Reta,-29.88798,-51.17901,DEL01-RS,Risco Médio,Alta
domingo,BR-381,31.0,Plena Noite,Decrescente,Céu Claro,Dupla,Não Informado,-23.06204,-46.56487,DEL03-SP,Risco Baixo,Alta
sábado,BR-235,4.0,Pleno dia,Decrescente,Nublado,Dupla,Reta,-10.9064,-37.1197,DEL01-SE,Risco Médio,Baixa
terça-feira,BR-101,233.0,Pleno dia,Crescente,Céu Claro,Dupla,Reta,-19.96104,-40.40689,DEL02-ES,Risco Médio,Alta
terça-feira,BR-101,120.0,Pleno dia,Crescente,Céu Claro,Múltipla,Reta,-26.91276,-48.712,DEL04-SC,Risco Médio,Alta
quarta-feira,BR-101,212.5,Pleno dia,Crescente,Céu Claro,Dupla,Curva,-19.819,-40.36787,DEL02-ES,Risco Baixo,Alta
quarta-feira,BR-101,204.0,Plena Noite,Crescente,Nublado,Dupla,Viaduto,-27.57413,-48.61363,DEL01-SC,Risco Médio,Alta
quarta-feira,BR-101,282.0,Pleno dia,Crescente,Céu Claro,Dupla,Reta,-22.73714,-42.79665,DEL02-RJ,Risco Baixo,Alta
quinta-feira,BR-470,53.7,Pleno dia,Decrescente,Nublado,Simples,Curva,-26.86712,-49.10207,DEL04-SC,Risco Médio,Baixa
domingo,BR-101,102.4,Pleno dia,Crescente,Nublado,Simples,Curva,-8.285452,-35.05861,DEL01-PE,Risco Médio,Alta
domingo,BR-116,299.1,Plena Noite,Crescente,Céu Claro,Dupla,Reta,-30.11517,-51.34563,DEL02-RS,Risco Médio,Alta
sábado,BR-280,32.9,Pleno dia,Crescente,Nublado,Simples,Não Informado,-26.42062,-48.77934,DEL03-SC,Risco Médio,Baixa
quarta-feira,BR-40,24.0,Plena Noite,Crescente,Céu Claro,Simples,Reta,-16.25274,-47.90044,DEL01-DF,Risco Médio,Alta
sábado,BR-408,102.0,Plena Noite,Decrescente,Nublado,Múltipla,Reta,-8.053232,-35.00248,DEL01-PE,Risco Baixo,Baixa
quarta-feira,BR-101,202.0,Anoitecer,Crescente,Céu Claro,Dupla,Reta,-27.55712,-48.61898,DEL01-SC,Risco Médio,Alta
sábado,BR-135,9.8,Plena Noite,Crescente,Nublado,Dupla,Curva,-2.654726,-44.28604,DEL01-MA,Risco Médio,Baixa
segunda-feira,BR-116,113.0,Pleno dia,Decrescente,Nublado,Dupla,Reta,-23.04408,-45.58041,DEL02-SP,Risco Médio,Alta
quarta-feira,BR-163,258.0,Pleno dia,Decrescente,Céu Claro,Dupla,Reta,-24.67131,-53.80266,DEL06-PR,Risco Baixo,Alta
sábado,BR-101,196.0,Pleno dia,Decrescente,Garoa/Chuvisco,Dupla,Curva,-22.49207,-42.10927,DEL08-RJ,Risco Baixo,Alta
sábado,BR-153,9.0,Plena Noite,Decrescente,Chuva,Dupla,Reta,-18.4969,-49.1888,DEL15-MG,Risco Médio,Alta
domingo,BR-116,122.9,Pleno dia,Crescente,Sol,Dupla,Reta,-25.56857,-49.31023,DEL01-PR,Risco Baixo,Alta
domingo,BR-116,109.5,Plena Noite,Decrescente,Céu Claro,Dupla,Reta,-23.03114,-405.5485,DEL06-SP,Risco Médio,Alta
quarta-feira,BR-376,5.0,Plena Noite,Decrescente,Céu Claro,Simples,Interseção de vias,-23.51803,-51.68209,DEL09-PR,Risco Baixo,Baixa
domingo,BR-381,38.0,Pleno dia,Decrescente,Sol,Dupla,Reta,-23.11332,-46.57175,DEL03-SP,Risco Médio,Alta
domingo,BR-70,564.0,Plena Noite,Decrescente,Céu Claro,Simples,Curva,-15.72294,-56.4986,DEL01-MT,Risco Alto,Baixa
domingo,BR-40,137.7,Plena Noite,Decrescente,Chuva,Simples,Reta,-17.72383,-46.22255,DEL14-MG,Risco Médio,Alta
quarta-feira,BR-262,239.6,Pleno dia,Decrescente,Céu Claro,Simples,Interseção de vias,-20.45727,-53.76107,DEL01-MS,Risco Médio,Média
domingo,BR-376,548.0,Plena Noite,Crescente,Céu Claro,Dupla,Reta,-25.21985,-49.75547,DEL01-PR,Risco Médio,Baixa
sexta-feira,BR-290,75.0,Pleno dia,Decrescente,Céu Claro,Dupla,Reta,-29.95521,-51.00686,DEL01-RS,Risco Médio,Baixa
domingo,BR-40,605.8,Pleno dia,Decrescente,Céu Claro,Simples,Não Informado,-20.45905,-43.83882,DEL05-MG,Risco Alto,Alta
sexta-feira,BR-158,581.0,Amanhecer,Crescente,Nublado,Simples,Curva,-14.15617,-52.19728,DEL07-MT,Risco Baixo,Baixa
quarta-feira,BR-282,643.3,Amanhecer,Crescente,Nublado,Simples,Curva,-26.77015,-53.47486,DEL07-SC,Risco Médio,Baixa
quarta-feira,BR-116,248.3,Pleno dia,Decrescente,Chuva,Simples,Não Informado,-27.82278,-50.37672,DEL05-SC,Risco Baixo,Alta
quarta-feira,BR-304,301.7,Plena Noite,Crescente,Nublado,Dupla,Reta,-5.8759,-35.309,DEL01-RN,Risco Alto,Baixa
domingo,BR-262,801.6,Pleno dia,Crescente,Céu Claro,Dupla,Reta,-19.70318,-47.98551,DEL13-MG,Risco Médio,Média
quinta-feira,BR-364,691.0,Anoitecer,Crescente,Nublado,Dupla,Reta,-8.796194,-63.68739,DEL01-RO,Risco Médio,Alta
sábado,BR-70,7.6,Plena Noite,Decrescente,Céu Claro,Simples,Interseção de vias,-15.87813,-52.32273,DEL07-MT,Risco Médio,Baixa
domingo,BR-40,702.2,Pleno dia,Crescente,Céu Claro,Simples,Reta,-21.21942,-43.7405,DEL05-MG,Risco Médio,Alta
terça-feira,BR-163,1049.0,Pleno dia,Crescente,Céu Claro,Simples,Reta,-10.21398,-54.96595,DEL06-MT,Risco Médio,Alta
terça-feira,BR-116,17.0,Pleno dia,Decrescente,Chuva,Dupla,Curva,-25.10346,-48.70216,DEL01-PR,Risco Baixo,Alta
terça-feira,BR-101,39.4,Pleno dia,Decrescente,Céu Claro,Simples,Reta,-23.4137,-45.02666,DEL06-SP,Risco Médio,Alta
domingo,BR-40,140.0,Pleno dia,Crescente,Céu Claro,Simples,Curva,-16.95961,-47.29546,DEL01-DF,Risco Médio,Alta
quarta-feira,BR-290,94.0,Plena Noite,Decrescente,Céu Claro,Dupla,Não Informado,-29.98799,-51.20831,DEL01-RS,Risco Médio,Baixa
segunda-feira,BR-116,446.5,Plena Noite,Decrescente,Céu Claro,Dupla,Não Informado,-12.3807,-39.1276,DEL02-BA,Risco Médio,Alta
terça-feira,BR-470,206.0,Pleno dia,Crescente,Céu Claro,Simples,Reta,-29.08977,-51.55618,DEL06-RS,Risco Médio,Baixa
domingo,BR-40,23.9,Pleno dia,Crescente,Sol,Dupla,Reta,-22.13806,-43.15935,DEL06-RJ,Risco Médio,Alta
terça-feira,BR-101,409.8,Plena Noite,Decrescente,Céu Claro,Dupla,Reta,-20.89897,-41.05387,DEL03-ES,Risco Médio,Alta
quarta-feira,BR-381,483.9,Plena Noite,Crescente,Chuva,Dupla,Não Informado,-19.9595,-44.08694,DEL01-MG,Risco Médio,Alta
domingo,BR-230,66.0,Pleno dia,Crescente,Chuva,Dupla,Não Informado,-7.185026,-35.19791,DEL01-PB,Risco Médio,Baixa
terça-feira,BR-116,129.5,Anoitecer,Crescente,Nublado,Simples,Não Informado,-29.03661,-51.10112,DEL05-RS,Risco Médio,Alta
segunda-feira,BR-101,62.8,Pleno dia,Decrescente,Chuva,Dupla,Reta,-26.45504,-48.76712,DEL03-SC,Risco Médio,Alta
terça-feira,BR-116,399.0,Plena Noite,Decrescente,Céu Claro,Dupla,Reta,-24.30987,-47.50299,DEL04-SP,Risco Médio,Alta
quarta-feira,BR-435,85.6,Plena Noite,Crescente,Céu Claro,Simples,Reta,-13.11886,-60.53181,DEL04-RO,Risco Médio,Baixa
domingo,BR-40,35.5,Plena Noite,Crescente,Chuva,Dupla,Curva,-22.20878,-43.13805,DEL06-RJ,Risco Médio,Alta
sábado,BR-101,879.0,Plena Noite,Decrescente,Chuva,Simples,Reta,-17.55361,-39.7231,DEL09-BA,Risco Médio,Alta
sábado,BR-364,237.7,Plena Noite,Decrescente,Céu Claro,Simples,Reta,-11.43986,-61.45327,DEL02-RO,Risco Médio,Alta
segunda-feira,BR-369,187.4,Pleno dia,Crescente,Céu Claro,Simples,Reta,-23.42705,-51.42281,DEL07-PR,Risco Médio,Baixa
sábado,BR-470,29.0,Pleno dia,Crescente,Céu Claro,Simples,Reta,-26.89129,-48.88538,DEL04-SC,Risco Médio,Baixa
quarta-feira,BR-392,351.7,Pleno dia,Crescente,Céu Claro,Simples,Reta,-29.72843,-53.80324,DEL09-RS,Risco Médio,Média
quinta-feira,BR-101,315.7,Plena Noite,Decrescente,Céu Claro,Dupla,Curva,-28.42529,-48.85589,DEL02-SC,Risco Médio,Alta
segunda-feira,BR-40,661.4,Plena Noite,Crescente,Céu Claro,Simples,Não Informado,-20.9139,-43.82676,DEL05-MG,Risco Médio,Alta
sexta-feira,BR-364,375.0,Plena Noite,Decrescente,Céu Claro,Simples,Reta,-10.7405,-62.1844,DEL02-RO,Risco Baixo,Alta
domingo,BR-316,129.0,Pleno dia,Crescente,Céu Claro,Simples,Não Informado,-6.013652,-42.31046,DEL04-PI,Risco Alto,Baixa
terça-feira,BR-116,117.0,Pleno dia,Decrescente,Nublado,Simples,Reta,-23.05823,-45.6177,DEL02-SP,Risco Médio,Alta
domingo,BR-101,270.0,Pleno dia,Decrescente,Céu Claro,Dupla,Reta,-22.71852,-42.68689,DEL02-RJ,Risco Médio,Alta
quarta-feira,BR-60,421.8,Amanhecer,Crescente,Céu Claro,Simples,Reta,-20.9064,-54.94121,DEL01-MS,Risco Médio,Média
segunda-feira,BR-282,4.5,Pleno dia,Decrescente,Céu Claro,Dupla,Reta,-27.60071,-48.60196,DEL01-SC,Risco Médio,Baixa
sexta-feira,BR-262,6.1,Pleno dia,Crescente,Céu Claro,Dupla,Reta,-20.79545,-51.68114,DEL07-MS,Risco Médio,Média
sábado,BR-230,2.0,Plena Noite,Crescente,Céu Claro,Simples,Reta,-6.9837,-34.8295,DEL01-PB,Risco Médio,Baixa
segunda-feira,BR-365,558.0,Plena Noite,Crescente,Nublado,Simples,Curva,-18.92581,-47.76305,DEL10-MG,Risco Médio,Média
quinta-feira,BR-364,307.0,Pleno dia,Crescente,Céu Claro,Dupla,Reta,-15.8179,-55.2236,DEL02-MT,Risco Baixo,Alta
sexta-feira,BR-70,9.7,Plena Noite,Crescente,Céu Claro,Dupla,Reta,-15.78612,-48.13681,DEL01-DF,Risco Médio,Baixa
quarta-feira,BR-101,256.6,Pleno dia,Crescente,Céu Claro,Simples,Viaduto,-20.12304,-40.30526,DEL02-ES,Risco Médio,Alta
sexta-feira,BR-364,339.5,Plena Noite,Decrescente,Céu Claro,Dupla,Reta,-10.90782,-61.93017,DEL02-RO,Risco Médio,Alta
quarta-feira,BR-101,427.0,Pleno dia,Decrescente,Céu Claro,Simples,Reta,-29.03291,-49.60624,DEL02-SC,Risco Médio,Alta
sábado,BR-110,298.0,Plena Noite,Crescente,Céu Claro,Simples,Reta,-11.8897,-38.37544,DEL01-BA,Risco Médio,Baixa
domingo,BR-116,189.0,Plena Noite,Decrescente,Garoa/Chuvisco,Simples,Não Informado,-17.15597,-41.49996,DEL11-MG,Risco Alto,Alta