dia_semana,br,km,fase_dia,sentido_via,condicao_metereologica,tipo_pista,tracado_via,latitude,longitude,delegacia,classificacao_acidente,postos_policiais_PRF
sábado,BR-163,722.0,Plena Noite,Crescente,Céu Claro,Simples,Reta,-18.5845,-54.76831,DEL06-MS,Risco Baixo,Alta
quinta-feira,BR-282,502.8,Pleno dia,Crescente,Sol,Dupla,Rotatória,-26.88458,-52.39091,DEL07-SC,Risco Baixo,Baixa
quinta-feira,BR-381,585.4,Pleno dia,Crescente,Céu Claro,Dupla,Reta,-20.53829,-44.64046,DEL04-MG,Risco Médio,Alta
sexta-feira,BR-116,38.0,Pleno dia,Crescente,Chuva,Simples,Reta,-28.5127,-50.93433,DEL05-RS,Risco Baixo,Alta
quinta-feira,BR-369,160.5,Pleno dia,Decrescente,Nublado,Dupla,Reta,-23.28347,-51.25788,DEL07-PR,Risco Médio,Baixa
quinta-feira,BR-101,299.0,Pleno dia,Crescente,Céu Claro,Simples,Curva,-22.77433,-42.93823,DEL02-RJ,Risco Alto,Alta
domingo,BR-101,234.6,Plena Noite,Crescente,Céu Claro,Dupla,Não Informado,-27.81508,-48.63302,DEL01-SC,Risco Médio,Alta
sexta-feira,BR-40,696.0,Plena Noite,Decrescente,Céu Claro,Simples,Curva,-21.17219,-43.75615,DEL05-MG,Risco Médio,Alta
quinta-feira,BR-282,223.0,Pleno dia,Crescente,Céu Claro,Simples,Não Informado,-27.79871,-50.35939,DEL05-SC,Risco Médio,Baixa
terça-feira,BR-101,164.0,Pleno dia,Crescente,Céu Claro,Simples,Reta,-19.49239,-40.12778,DEL04-ES,Risco Médio,Alta
sexta-feira,BR-101,203.5,Pleno dia,Decrescente,Céu Claro,Dupla,Reta,-27.565,-48.6146,DEL01-SC,Risco Médio,Alta
quinta-feira,BR-392,0.9,Pleno dia,Crescente,Céu Claro,Simples,Reta,-32.12002,-52.1115,DEL07-RS,Risco Baixo,Média
quarta-feira,BR-262,54.1,Pleno dia,Decrescente,Nublado,Simples,Não Informado,-20.41496,-40.74099,DEL01-ES,Risco Médio,Média
sexta-feira,BR-262,479.5,Plena Noite,Decrescente,Chuva,Simples,Reta,-19.78628,-45.23887,DEL08-MG,Risco Médio,Média
domingo,BR-101,55.0,Plena Noite,Decrescente,Nublado,Dupla,Curva,-26.42281,-48.82977,DEL03-SC,Risco Médio,Alta
domingo,BR-60,66.0,Plena Noite,Crescente,Céu Claro,Dupla,Reta,-16.2138,-48.7457,DEL02-GO,Risco Baixo,Média
domingo,BR-101,185.0,Amanhecer,Crescente,Nublado,Dupla,Reta,-9.897206,-36.45644,DEL02-AL,Risco Baixo,Alta
quinta-feira,BR-116,12.7,Pleno dia,Decrescente,Céu Claro,Dupla,Reta,-25.38021,-49.16056,DEL01-PR,Risco Baixo,Alta
terça-feira,BR-101,400.0,Anoitecer,Crescente,Céu Claro,Dupla,Reta,-22.84837,-43.76952,DEL01-RJ,Risco Médio,Alta
terça-feira,BR-251,328.8,Pleno dia,Crescente,Sol,Simples,Curva,-16.2362,-42.3809,DEL12-MG,Risco Médio,Baixa
quinta-feira,BR-116,781.4,Pleno dia,Decrescente,Céu Claro,Simples,Curva,-21.61482,-42.69263,DEL07-MG,Risco Médio,Alta
terça-feira,BR-101,57.6,Plena Noite,Crescente,Chuva,Dupla,Desvio Temporário,-7.945166,-34.97437,DEL01-PE,Risco Médio,Alta
sábado,BR-163,318.9,Pleno dia,Decrescente,Céu Claro,Simples,Reta,-21.82779,-54.53372,DEL02-MS,Risco Médio,Alta
domingo,BR-101,61.0,Pleno dia,Decrescente,Nublado,Dupla,Reta,-26.45484,-48.77175,DEL03-SC,Risco Médio,Alta
quinta-feira,BR-343,601.0,Plena Noite,Crescente,Céu Claro,Simples,Reta,-6.837403,-43.07935,DEL03-PI,Risco Médio,Baixa
sexta-feira,BR-418,89.0,Plena Noite,Decrescente,Nevoeiro/Neblina,Simples,Reta,-17.88709,-39.83068,DEL09-BA,Risco Médio,Baixa
domingo,BR-60,71.3,Pleno dia,Crescente,Nublado,Dupla,Curva,-16.2551,-48.7628,DEL02-GO,Risco Médio,Média
quinta-feira,BR-280,52.3,Plena Noite,Crescente,Chuva,Simples,Interseção de vias,-26.47135,-48.97149,DEL03-SC,Risco Médio,Baixa
sexta-feira,BR-40,544.3,Pleno dia,Decrescente,Chuva,Dupla,Reta,-19.99848,-43.96257,DEL01-MG,Risco Médio,Alta
segunda-feira,BR-262,668.0,Plena Noite,Decrescente,Céu Claro,Simples,Reta,-19.5472,-46.7978,DEL08-MG,Risco Baixo,Média
sexta-feira,BR-116,232.0,Plena Noite,Decrescente,Nevoeiro/Neblina,Simples,Curva,-29.633,-51.14325,DEL01-RS,Risco Médio,Alta
terça-feira,BR-116,219.9,Pleno dia,Crescente,Céu Claro,Múltipla,Reta,-23.46464,-46.49857,DEL01-SP,Risco Médio,Alta
sábado,BR-116,139.4,Pleno dia,Crescente,Céu Claro,Simples,Reta,-16.76218,-41.49233,DEL11-MG,Risco Médio,Alta
quarta-feira,BR-40,425.8,Pleno dia,Crescente,Céu Claro,Dupla,Não Informado,-19.1681,-44.51577,DEL02-MG,Risco Médio,Alta
sábado,BR-10,181.6,Anoitecer,Crescente,Céu Claro,Simples,Reta,-2.846898,-47.44218,DEL02-PA,Risco Médio,Baixa
sexta-feira,BR-116,518.5,Pleno dia,Decrescente,Céu Claro,Simples,Curva,-19.71038,-42.12371,DEL06-MG,Risco Médio,Alta
quinta-feira,BR-153,721.0,Plena Noite,Decrescente,Céu Claro,Simples,Reta,-12.12858,-49.17195,DEL01-TO,Risco Médio,Alta
segunda-feira,BR-101,208.0,Pleno dia,Decrescente,Nublado,Múltipla,Reta,-27.6101,-48.6388,DEL01-SC,Risco Médio,Alta
quarta-feira,BR-158,191.9,Pleno dia,Crescente,Céu Claro,Simples,Interseção de vias,-28.61275,-53.57466,DEL10-RS,Risco Médio,Baixa
sexta-feira,BR-153,47.2,Pleno dia,Crescente,Céu Claro,Simples,Reta,-27.64369,-52.24775,DEL08-RS,Risco Médio,Alta
domingo,BR-116,216.0,Amanhecer,Crescente,Nublado,Múltipla,Reta,-23.45254,-46.46877,DEL01-SP,Risco Baixo,Alta
quarta-feira,BR-101,200.8,Pleno dia,Crescente,Nublado,Dupla,Reta,-27.54837,-48.61978,DEL01-SC,Risco Médio,Alta
sexta-feira,BR-365,700.2,Plena Noite,Decrescente,Céu Claro,Dupla,Não Informado,-18.88014,-48.99816,DEL15-MG,Risco Médio,Média
sexta-feira,BR-364,276.9,Pleno dia,Crescente,Nublado,Simples,Desvio Temporário,-15.95344,-54.99098,DEL05-MT,Risco Médio,Alta
quinta-feira,BR-101,440.0,Pleno dia,Decrescente,Céu Claro,Simples,Não Informado,-22.95929,-44.08788,DEL03-RJ,Risco Baixo,Alta
sábado,BR-376,650.7,Pleno dia,Crescente,Chuva,Dupla,Não Informado,-25.84565,-49.08816,DEL01-PR,Risco Médio,Baixa
sábado,BR-116,109.4,Pleno dia,Crescente,Sol,Dupla,Reta,-25.5714,-49.20749,DEL01-PR,Risco Médio,Alta
terça-feira,BR-376,2.0,Pleno dia,Crescente,Céu Claro,Simples,Reta,-23.54797,-51.67126,DEL09-PR,Risco Médio,Baixa
sexta-feira,BR-101,317.0,Pleno dia,Decrescente,Chuva,Dupla,Reta,-22.83708,-43.09492,DEL02-RJ,Risco Baixo,Alta
segunda-feira,BR-50,59.4,Pleno dia,Crescente,Chuva,Dupla,Não Informado,-18.80183,-48.239,DEL15-MG,Risco Médio,Média
domingo,BR-158,18.0,Pleno dia,Crescente,Céu Claro,Simples,Reta,-19.1778,-51.6042,DEL08-MS,Risco Médio,Baixa
domingo,BR-116,256.0,Plena Noite,Crescente,Chuva,Simples,Não Informado,-27.88081,-50.40912,DEL05-SC,Risco Baixo,Alta
domingo,BR-101,417.9,Plena Noite,Crescente,Nublado,Múltipla,Não Informado,-28.9725,-49.52902,DEL02-SC,Risco Médio,Alta
terça-feira,BR-101,108.0,Pleno dia,Decrescente,Nublado,Dupla,Reta,-21.9406,-41.63215,DEL08-RJ,Risco Médio,Alta
segunda-feira,BR-116,322.0,Plena Noite,Decrescente,Chuva,Dupla,Reta,-23.9349,-47.0272,DEL04-SP,Risco Baixo,Alta
sexta-feira,BR-364,570.8,Pleno dia,Decrescente,Céu Claro,Dupla,Reta,-14.73232,-56.31891,DEL01-MT,Risco Médio,Alta
terça-feira,BR-70,6.5,Pleno dia,Decrescente,Céu Claro,Dupla,Reta,-15.79124,-48.10576,DEL01-DF,Risco Médio,Baixa
segunda-feira,BR-101,295.8,Pleno dia,Crescente,Céu Claro,Múltipla,Interseção de vias,-20.33224,-40.40005,DEL01-ES,Risco Médio,Alta
segunda-feira,BR-373,419.0,Pleno dia,Decrescente,Céu Claro,Simples,Reta,-25.68841,-52.15392,DEL08-PR,Risco Médio,Baixa
domingo,BR-116,576.9,Plena Noite,Decrescente,Nublado,Simples,Reta,-20.16973,-42.18922,DEL06-MG,Risco Médio,Alta
terça-feira,BR-116,181.0,Pleno dia,Decrescente,Céu Claro,Múltipla,Reta,-22.76131,-43.42349,DEL01-RJ,Risco Baixo,Alta
terça-feira,BR-116,260.0,Pleno dia,Crescente,Sol,Dupla,Reta,-29.87571,-51.18024,DEL01-RS,Risco Médio,Alta
terça-feira,BR-381,82.0,Anoitecer,Decrescente,Céu Claro,Dupla,Reta,-23.42399,-46.57511,DEL03-SP,Risco Médio,Alta
quarta-feira,BR-163,854.0,Pleno dia,Decrescente,Céu Claro,Simples,Interseção de vias,-11.69393,-55.45172,DEL06-MT,Risco Médio,Alta
sábado,BR-470,49.0,Plena Noite,Crescente,Nublado,Simples,Reta,-26.86066,-49.06516,DEL04-SC,Risco Médio,Baixa
domingo,BR-116,56.0,Pleno dia,Crescente,Céu Claro,Simples,Reta,-22.20386,-42.897,DEL04-RJ,Risco Médio,Alta
quinta-feira,BR-232,407.5,Plena Noite,Crescente,Garoa/Chuvisco,Simples,Desvio Temporário,-7.98495,-38.274,DEL04-PE,Risco Médio,Baixa
segunda-feira,BR-324,611.0,Pleno dia,Crescente,Garoa/Chuvisco,Dupla,Reta,-12.83798,-38.41427,DEL01-BA,Risco Baixo,Baixa
quinta-feira,BR-414,391.1,Pleno dia,Decrescente,Céu Claro,Simples,Reta,-15.90913,-48.80169,DEL02-GO,Risco Médio,Baixa
sexta-feira,BR-386,69.5,Plena Noite,Decrescente,Céu Claro,Simples,Reta,-27.66005,-53.31626,DEL08-RS,Risco Baixo,Média
domingo,BR-116,408.0,Pleno dia,Crescente,Nublado,Dupla,Retorno Regulamentado,-18.84222,-41.98289,DEL06-MG,Risco Médio,Alta
quarta-feira,BR-381,443.0,Plena Noite,Decrescente,Chuva,Simples,Curva,-19.80959,-43.76757,DEL01-MG,Risco Médio,Alta
sexta-feira,BR-40,5.0,Pleno dia,Crescente,Céu Claro,Dupla,Reta,-16.0209,-47.98054,DEL01-DF,Risco Baixo,Alta
domingo,BR-116,262.0,Plena Noite,Decrescente,Chuva,Dupla,Não Informado,-22.5826,-44.11,DEL07-RJ,Risco Alto,Alta
segunda-feira,BR-230,26.0,Pleno dia,Crescente,Chuva,Múltipla,Reta,-7.1693,-34.8782,DEL01-PB,Risco Baixo,Baixa
quinta-feira,BR-101,146.9,Plena Noite,Crescente,Garoa/Chuvisco,Dupla,Curva,-27.09129,-48.61669,DEL04-SC,Risco Alto,Alta
segunda-feira,BR-277,307.0,Pleno dia,Crescente,Céu Claro,Simples,Não Informado,-25.30335,-51.15428,DEL08-PR,Risco Baixo,Média
segunda-feira,BR-101,120.2,Plena Noite,Decrescente,Nublado,Múltipla,Reta,-26.91276,-48.712,DEL04-SC,Risco Médio,Alta
quarta-feira,BR-230,0.9,Plena Noite,Decrescente,Céu Claro,Simples,Reta,-6.9711,-34.8382,DEL01-PB,Risco Médio,Baixa
sábado,BR-386,59.8,Plena Noite,Crescente,Nevoeiro/Neblina,Simples,Reta,-27.57059,-53.3523,DEL08-RS,Risco Alto,Média
segunda-feira,BR-60,75.0,Pleno dia,Crescente,Garoa/Chuvisco,Dupla,Reta,-16.2774,-48.7864,DEL02-GO,Risco Médio,Média
sexta-feira,BR-393,258.0,Pleno dia,Decrescente,Chuva,Simples,Curva,-22.45148,-43.82691,DEL05-RJ,Risco Médio,Média
sexta-feira,BR-319,80.0,Pleno dia,Crescente,Nublado,Simples,Reta,-3.586797,-60.20456,DEL01-AM,Risco Médio,Baixa
sexta-feira,BR-381,326.3,Pleno dia,Crescente,Chuva,Simples,Reta,-19.76186,-43.04443,DEL03-MG,Risco Médio,Alta
terça-feira,BR-40,118.0,Pleno dia,Crescente,Nublado,Dupla,Reta,-16.85481,-47.43989,DEL01-DF,Risco Médio,Alta
sexta-feira,BR-101,440.4,Pleno dia,Decrescente,Céu Claro,Dupla,Reta,-29.1242,-49.6672,DEL02-SC,Risco Baixo,Alta
quinta-feira,BR-277,634.4,Pleno dia,Decrescente,Céu Claro,Simples,Curva,-25.1419,-53.83138,DEL05-PR,Risco Médio,Média
sábado,BR-116,250.0,Pleno dia,Decrescente,Céu Claro,Múltipla,Reta,-29.79157,-51.16401,DEL01-RS,Risco Médio,Alta
sábado,BR-163,835.0,Pleno dia,Crescente,Céu Claro,Dupla,Reta,-11.85621,-55.49393,DEL06-MT,Risco Médio,Alta
quarta-feira,BR-230,36.0,Pleno dia,Decrescente,Chuva,Dupla,Reta,-7.1246,-34.9473,DEL01-PB,Risco Médio,Baixa
domingo,BR-101,271.0,Plena Noite,Crescente,Céu Claro,Múltipla,Reta,-20.23267,-40.27658,DEL02-ES,Risco Baixo,Alta
sexta-feira,BR-423,51.2,Plena Noite,Decrescente,Céu Claro,Simples,Reta,-9.264525,-37.73084,DEL03-AL,Risco Alto,Baixa
segunda-feira,BR-364,520.3,Plena Noite,Decrescente,Céu Claro,Simples,Reta,-9.87961,-63.05725,DEL03-RO,Risco Alto,Alta
terça-feira,BR-277,146.0,Pleno dia,Decrescente,Céu Claro,Simples,Reta,-25.47612,-49.8464,DEL01-PR,Risco Médio,Média
quarta-feira,BR-101,415.0,Anoitecer,Crescente,Céu Claro,Dupla,Reta,-22.90433,-43.88181,DEL01-RJ,Risco Médio,Alta
sábado,BR-393,172.9,Plena Noite,Decrescente,Chuva,Simples,Reta,-22.12463,-43.17771,DEL06-RJ,Risco Baixo,Média
domingo,BR-101,67.0,Plena Noite,Crescente,Céu Claro,Simples,Não Informado,-21.76751,-41.34876,DEL08-RJ,Risco Médio,Alta
terça-feira,BR-381,493.0,Pleno dia,Decrescente,Céu Claro,Dupla,Reta,-19.966,-44.1775,DEL01-MG,Risco Médio,Alta
segunda-feira,BR-153,105.0,Plena Noite,Decrescente,Nublado,Simples,Curva,-27.2819,-51.96943,DEL07-SC,Risco Médio,Alta
segunda-feira,BR-40,700.1,Plena Noite,Crescente,Chuva,Simples,Não Informado,-21.208,-43.74996,DEL05-MG,Risco Médio,Alta
quarta-feira,BR-40,175.5,Plena Noite,Crescente,Céu Claro,Simples,Curva,-17.95361,-46.02013,DEL14-MG,Risco Médio,Alta
sábado,BR-174,924.0,Pleno dia,Crescente,Céu Claro,Simples,Reta,-2.638875,-60.03994,DEL01-AM,Risco Médio,Baixa
sexta-feira,BR-393,176.0,Pleno dia,Decrescente,Nublado,Simples,Reta,-22.12586,-43.21216,DEL05-RJ,Risco Médio,Média
quinta-feira,BR-101,115.8,Plena Noite,Decrescente,Céu Claro,Dupla,Reta,-26.87064,-48.72954,DEL04-SC,Risco Médio,Alta
sábado,BR-381,873.8,Pleno dia,Crescente,Chuva,Dupla,Curva,-22.41505,-45.96214,DEL16-MG,Risco Baixo,Alta
segunda-feira,BR-369,126.9,Plena Noite,Crescente,Céu Claro,Dupla,Retorno Regulamentado,-23.27662,-50.96175,DEL07-PR,Risco Médio,Baixa
segunda-feira,BR-101,205.0,Pleno dia,Crescente,Garoa/Chuvisco,Simples,Reta,-22.47571,-42.19184,DEL02-RJ,Risco Médio,Alta
sábado,BR-364,386.5,Pleno dia,Decrescente,Céu Claro,Dupla,Interseção de vias,-17.32904,-53.20372,DEL05-GO,Risco Médio,Alta
segunda-feira,BR-386,234.0,Amanhecer,Crescente,Céu Claro,Simples,Reta,-28.7229,-52.56058,DEL04-RS,Risco Médio,Média
quarta-feira,BR-277,199.0,Plena Noite,Crescente,Nublado,Simples,Curva,-25.46535,-50.27144,DEL03-PR,Risco Médio,Média
sexta-feira,BR-116,300.5,Plena Noite,Crescente,Céu Claro,Dupla,Reta,-30.12199,-51.34834,DEL02-RS,Risco Médio,Alta
segunda-feira,BR-262,136.0,Plena Noite,Decrescente,Céu Claro,Simples,Desvio Temporário,-20.46878,-52.81579,DEL07-MS,Risco Alto,Média
quinta-feira,BR-101,53.0,Pleno dia,Crescente,Céu Claro,Simples,Reta,-18.61202,-39.88449,DEL04-ES,Risco Médio,Alta
sexta-feira,BR-40,455.8,Plena Noite,Crescente,Chuva,Dupla,Não Informado,-19.37004,-44.33704,DEL02-MG,Risco Baixo,Alta
sexta-feira,BR-101,222.0,Plena Noite,Decrescente,Céu Claro,Simples,Reta,-12.6746,-39.13545,DEL01-BA,Risco Médio,Alta
sexta-feira,BR-364,310.0,Amanhecer,Crescente,Céu Claro,Simples,Reta,-11.15439,-61.90159,DEL02-RO,Risco Médio,Alta
sábado,BR-101,331.0,Pleno dia,Decrescente,Nublado,Múltipla,Reta,-22.87083,-43.15922,DEL02-RJ,Risco Médio,Alta
terça-feira,BR-101,43.3,Pleno dia,Decrescente,Nublado,Simples,Curva,-23.40838,-45.06175,DEL06-SP,Risco Médio,Alta
segunda-feira,BR-470,89.7,Pleno dia,Crescente,Céu Claro,Simples,Interseção de vias,-26.95523,-49.37306,DEL04-SC,Risco Médio,Baixa
segunda-feira,BR-381,296.9,Pleno dia,Crescente,Nublado,Dupla,Não Informado,-19.62698,-42.87082,DEL03-MG,Risco Médio,Alta
quarta-feira,BR-381,292.0,Plena Noite,Crescente,Nublado,Simples,Reta,-19.62993,-42.80675,DEL03-MG,Risco Baixo,Alta
segunda-feira,BR-393,259.0,Pleno dia,Decrescente,Céu Claro,Simples,Interseção de vias,-22.46788,-43.86545,DEL05-RJ,Risco Médio,Média
quarta-feira,BR-101,322.0,Plena Noite,Crescente,Céu Claro,Dupla,Reta,-28.42492,-48.90238,DEL02-SC,Risco Médio,Alta
domingo,BR-153,3.4,Plena Noite,Decrescente,Nublado,Dupla,Reta,-18.45007,-49.20898,DEL15-MG,Risco Médio,Alta
sábado,BR-70,12.1,Anoitecer,Crescente,Chuva,Dupla,Reta,-15.79249,-48.1594,DEL01-DF,Risco Baixo,Baixa
terça-feira,BR-280,2.9,Pleno dia,Crescente,Céu Claro,Simples,Reta,-26.2433,-48.61646,DEL03-SC,Risco Médio,Baixa
segunda-feira,BR-101,78.0,Pleno dia,Decrescente,Sol,Múltipla,Reta,-8.134965,-34.94739,DEL01-PE,Risco Baixo,Alta
quinta-feira,BR-163,1.9,Pleno dia,Decrescente,Nublado,Simples,Reta,-26.26979,-53.63234,DEL07-SC,Risco Médio,Alta
terça-feira,BR-262,4.1,Pleno dia,Decrescente,Sol,Múltipla,Reta,-20.337,-40.37912,DEL01-ES,Risco Médio,Média
quarta-feira,BR-40,5.0,Pleno dia,Decrescente,Sol,Dupla,Reta,-16.02298,-47.97996,DEL01-DF,Risco Baixo,Alta
sexta-feira,BR-381,510.0,Pleno dia,Decrescente,Sol,Múltipla,Não Informado,-20.05872,-44.28882,DEL04-MG,Risco Médio,Alta
domingo,BR-110,35.0,Pleno dia,Crescente,Céu Claro,Simples,Reta,-5.1636,-37.2227,DEL04-RN,Risco Baixo,Baixa
quinta-feira,BR-153,203.0,Plena Noite,Decrescente,Nublado,Simples,Rotatória,-24.50047,-50.44437,DEL03-PR,Risco Médio,Alta
sexta-feira,BR-324,599.0,Pleno dia,Crescente,Céu Claro,Múltipla,Reta,-12.74195,-38.43854,DEL01-BA,Risco Baixo,Baixa
quarta-feira,BR-163,827.1,Pleno dia,Decrescente,Sol,Dupla,Curva,-11.93,-55.513,DEL06-MT,Risco Médio,Alta
sexta-feira,BR-282,50.6,Plena Noite,Decrescente,Garoa/Chuvisco,Simples,Não Informado,-27.70854,-48.95225,DEL01-SC,Risco Baixo,Baixa
segunda-feira,BR-101,288.0,Pleno dia,Decrescente,Nublado,Dupla,Reta,-28.26253,-48.70348,DEL02-SC,Risco Médio,Alta
quinta-feira,BR-277,518.5,Pleno dia,Crescente,Céu Claro,Simples,Interseção de vias,-25.10868,-52.85674,DEL04-PR,Risco Alto,Média
domingo,BR-381,810.3,Amanhecer,Crescente,Céu Claro,Dupla,Reta,-21.9983,-45.6738,DEL16-MG,Risco Médio,Alta
quarta-feira,BR-116,8.0,Pleno dia,Decrescente,Céu Claro,Múltipla,Reta,-3.81928,-38.50268,DEL01-CE,Risco Médio,Alta
sábado,BR-101,13.5,Plena Noite,Crescente,Garoa/Chuvisco,Dupla,Não Informado,-26.08987,-48.86345,DEL03-SC,Risco Médio,Alta
domingo,BR-230,78.0,Plena Noite,Decrescente,Céu Claro,Dupla,Não Informado,-6.791818,-39.281,DEL05-CE,Risco Médio,Baixa
quarta-feira,BR-470,287.0,Anoitecer,Decrescente,Céu Claro,Simples,Rotatória,-29.6624,-51.45329,DEL04-RS,Risco Médio,Baixa
sexta-feira,BR-101,817.0,Plena Noite,Crescente,Chuva,Simples,Não Informado,-17.25429,-39.63099,DEL09-BA,Risco Médio,Alta
quarta-feira,BR-222,243.4,Pleno dia,Decrescente,Céu Claro,Simples,Interseção de vias,-5.339671,-49.08239,DEL03-PA,Risco Médio,Baixa
sábado,BR-369,85.0,Pleno dia,Decrescente,Céu Claro,Simples,Interseção de vias,-23.17371,-50.6199,DEL07-PR,Risco Médio,Baixa
sexta-feira,BR-60,80.0,Pleno dia,Crescente,Céu Claro,Simples,Interseção de vias,-16.3053,-48.8208,DEL02-GO,Risco Médio,Média
quarta-feira,BR-40,526.0,Pleno dia,Crescente,Nublado,Simples,Não Informado,-19.89255,-44.04985,DEL01-MG,Risco Médio,Alta
sexta-feira,BR-101,327.2,Pleno dia,Decrescente,Nublado,Dupla,Desvio Temporário,-28.43779,-48.96113,DEL02-SC,Risco Médio,Alta
terça-feira,BR-230,114.1,Pleno dia,Crescente,Céu Claro,Dupla,Reta,-7.229834,-35.59996,DEL01-PB,Risco Médio,Baixa
domingo,BR-101,264.3,Pleno dia,Decrescente,Sol,Dupla,Retorno Regulamentado,-20.17293,-40.26736,DEL02-ES,Risco Médio,Alta
sábado,BR-277,253.0,Anoitecer,Crescente,Céu Claro,Simples,Reta,-25.44488,-50.67938,DEL03-PR,Risco Médio,Média
terça-feira,BR-101,435.0,Plena Noite,Decrescente,Céu Claro,Múltipla,Reta,-29.09949,-49.63481,DEL02-SC,Risco Médio,Alta
sexta-feira,BR-116,451.0,Plena Noite,Decrescente,Nublado,Dupla,Reta,-24.54429,-47.86136,DEL05-SP,Risco Baixo,Alta
sábado,BR-277,81.2,Plena Noite,Crescente,Nublado,Dupla,Reta,-25.45319,-49.22699,DEL01-PR,Risco Baixo,Média
sábado,BR-282,87.0,Pleno dia,Decrescente,Nublado,Simples,Curva,-27.66477,-49.20578,DEL01-SC,Risco Médio,Baixa
segunda-feira,BR-470,67.3,Plena Noite,Decrescente,Nublado,Dupla,Não Informado,-26.87345,-49.23298,DEL04-SC,Risco Médio,Baixa
sexta-feira,BR-116,209.0,Plena Noite,Decrescente,Nublado,Simples,Interseção de vias,-26.07621,-49.75231,DEL06-SC,Risco Médio,Alta
sábado,BR-116,775.0,Pleno dia,Crescente,Céu Claro,Simples,Curva,-14.59057,-40.43438,DEL08-BA,Risco Baixo,Alta
domingo,BR-101,119.0,Pleno dia,Decrescente,Céu Claro,Múltipla,Reta,-26.90432,-48.71555,DEL04-SC,Risco Médio,Alta
sexta-feira,BR-20,136.0,Pleno dia,Crescente,Sol,Simples,Não Informado,-12.68637,-45.92975,DEL10-BA,Risco Médio,Baixa
sexta-feira,BR-465,16.0,Pleno dia,Crescente,Chuva,Simples,Reta,-22.81554,-43.62456,DEL01-RJ,Risco Médio,Baixa
sexta-feira,BR-101,181.0,Plena Noite,Decrescente,Céu Claro,Simples,Reta,-19.63125,-40.22615,DEL04-ES,Risco Médio,Alta
sábado,BR-470,15.0,Pleno dia,Decrescente,Sol,Simples,Reta,-26.83567,-48.75534,DEL04-SC,Risco Médio,Baixa
domingo,BR-116,87.5,Pleno dia,Decrescente,Nevoeiro/Neblina,Dupla,Reta,-25.44107,-49.09244,DEL01-PR,Risco Médio,Alta
domingo,BR-155,342.0,Plena Noite,Crescente,Céu Claro,Simples,Reta,-5.381481,-49.07748,DEL03-PA,Risco Alto,Baixa
terça-feira,BR-101,41.4,Pleno dia,Decrescente,Céu Claro,Dupla,Reta,-26.31948,-48.87106,DEL03-SC,Risco Baixo,Alta
sábado,BR-174,1007.6,Plena Noite,Crescente,Céu Claro,Simples,Reta,-1.911133,-60.05935,DEL01-AM,Risco Alto,Baixa
segunda-feira,BR-262,366.9,Pleno dia,Decrescente,Céu Claro,Simples,Rotatória,-20.47816,-54.75071,DEL01-MS,Risco Médio,Média
sábado,BR-293,64.1,Pleno dia,Crescente,Chuva,Simples,Curva,-31.703,-52.97712,DEL07-RS,Risco Baixo,Baixa
quarta-feira,BR-116,223.2,Plena Noite,Crescente,Nublado,Múltipla,Reta,-23.4756,-46.52466,DEL01-SP,Risco Médio,Alta
quarta-feira,BR-414,439.8,Pleno dia,Decrescente,Céu Claro,Simples,Reta,-16.28305,-48.94297,DEL02-GO,Risco Médio,Baixa
domingo,BR-40,467.0,Plena Noite,Crescente,Chuva,Dupla,Reta,-19.45039,-44.31668,DEL02-MG,Risco Médio,Alta
domingo,BR-262,85.4,Pleno dia,Decrescente,Nublado,Simples,Reta,-20.39902,-40.98372,DEL01-ES,Risco Médio,Média
segunda-feira,BR-364,35.0,Pleno dia,Crescente,Céu Claro,Simples,Reta,-17.12491,-53.44789,DEL02-MT,Risco Médio,Alta
sábado,BR-135,127.0,Plena Noite,Crescente,Céu Claro,Simples,Reta,-3.568291,-44.58306,DEL01-MA,Risco Alto,Baixa
sábado,BR-364,150.0,Plena Noite,Crescente,Céu Claro,Simples,Reta,-16.7268,-54.2649,DEL02-MT,Risco Baixo,Alta
quinta-feira,BR-116,219.2,Anoitecer,Crescente,Nublado,Simples,Reta,-23.46144,-46.48885,DEL01-SP,Risco Médio,Alta
segunda-feira,BR-101,202.7,Pleno dia,Crescente,Céu Claro,Dupla,Reta,-27.5629,-48.61577,DEL01-SC,Risco Médio,Alta
sábado,BR-116,3.1,Pleno dia,Decrescente,Céu Claro,Múltipla,Reta,-3.77687,-38.51512,DEL01-CE,Risco Médio,Alta
sexta-feira,BR-376,591.5,Pleno dia,Crescente,Céu Claro,Dupla,Reta,-25.46544,-49.35693,DEL01-PR,Risco Médio,Baixa
quarta-feira,BR-101,66.9,Pleno dia,Decrescente,Céu Claro,Simples,Rotatória,-21.76625,-41.34533,DEL08-RJ,Risco Médio,Alta
quarta-feira,BR-376,602.0,Pleno dia,Decrescente,Chuva,Dupla,Curva,-25.54229,-49.30922,DEL01-PR,Risco Médio,Baixa
sábado,BR-116,54.0,Plena Noite,Decrescente,Céu Claro,Simples,Reta,-22.20622,-42.87952,DEL04-RJ,Risco Alto,Alta
sábado,BR-381,516.0,Pleno dia,Decrescente,Nublado,Dupla,Curva,-20.0987,-44.317,DEL01-MG,Risco Médio,Alta
sábado,BR-116,91.0,Pleno dia,Crescente,Céu Claro,Dupla,Reta,-22.94792,-45.39587,DEL06-SP,Risco Médio,Alta