dia_semana,br,km,fase_dia,sentido_via,condicao_metereologica,tipo_pista,tracado_via,latitude,longitude,delegacia,classificacao_acidente,postos_policiais_PRF
quinta-feira,BR-101,144.6,Pleno dia,Crescente,Céu Claro,Dupla,Reta,-19.35188,-40.06367,DEL04-ES,Risco Médio,Alta
sexta-feira,BR-356,40.0,Anoitecer,Crescente,Céu Claro,Simples,Reta,-21.22408,-41.81064,DEL08-RJ,Risco Médio,Baixa
segunda-feira,BR-80,49.0,Plena Noite,Decrescente,Chuva,Simples,Reta,-15.16035,-48.31152,DEL01-DF,Risco Médio,Baixa
domingo,BR-386,414.4,Plena Noite,Crescente,Céu Claro,Dupla,Rotatória,-29.81671,-51.48226,DEL04-RS,Risco Médio,Média
quarta-feira,BR-101,281.9,Plena Noite,Crescente,Garoa/Chuvisco,Múltipla,Reta,-28.19952,-48.69844,DEL02-SC,Risco Médio,Alta
terça-feira,BR-163,567.1,Plena Noite,Crescente,Céu Claro,Simples,Reta,-19.76983,-54.36148,DEL01-MS,Risco Alto,Alta
sábado,BR-163,1018.0,Plena Noite,Crescente,Nublado,Simples,Reta,-10.46618,-55.06569,DEL06-MT,Risco Médio,Alta
sábado,BR-316,10.0,Pleno dia,Decrescente,Sol,Simples,Rotatória,-5.182802,-42.7635,DEL01-PI,Risco Médio,Baixa
quinta-feira,BR-401,0.1,Plena Noite,Decrescente,Nublado,Múltipla,Interseção de vias,2.806168,-60.68998,DEL01-RR,Risco Médio,Baixa
sexta-feira,BR-116,712.3,Pleno dia,Decrescente,Garoa/Chuvisco,Simples,Não Informado,-21.17959,-42.37342,DEL07-MG,Risco Médio,Alta
domingo,BR-267,61.9,Plena Noite,Decrescente,Chuva,Simples,Não Informado,-21.73007,-43.07585,DEL05-MG,Risco Médio,Baixa
terça-feira,BR-369,177.0,Pleno dia,Crescente,Céu Claro,Simples,Não Informado,-23.33683,-51.38838,DEL07-PR,Risco Médio,Baixa
domingo,BR-324,525.5,Plena Noite,Crescente,Céu Claro,Dupla,Reta,-12.30107,-38.89779,DEL01-BA,Risco Baixo,Baixa
segunda-feira,BR-135,154.8,Plena Noite,Decrescente,Nublado,Simples,Reta,-3.801117,-44.51038,DEL01-MA,Risco Baixo,Baixa
sábado,BR-222,312.7,Pleno dia,Crescente,Céu Claro,Simples,Reta,-3.72793,-40.99912,DEL04-CE,Risco Baixo,Baixa
domingo,BR-471,143.3,Plena Noite,Decrescente,Chuva,Simples,Curva,-29.73151,-52.45201,DEL02-RS,Risco Alto,Baixa
quarta-feira,BR-146,426.9,Pleno dia,Decrescente,Sol,Simples,Interseção de vias,-21.3596,-46.47495,DEL09-MG,Risco Médio,Baixa
sexta-feira,BR-101,77.8,Pleno dia,Crescente,Sol,Simples,Reta,-8.126982,-34.94386,DEL01-PE,Risco Médio,Alta
sábado,BR-364,216.8,Pleno dia,Crescente,Céu Claro,Dupla,Reta,-16.37633,-54.71751,DEL02-MT,Risco Baixo,Alta
sábado,BR-40,521.0,Plena Noite,Decrescente,Chuva,Dupla,Curva,-19.86122,-44.07041,DEL01-MG,Risco Médio,Alta
terça-feira,BR-163,283.0,Plena Noite,Crescente,Céu Claro,Múltipla,Rotatória,-24.5684,-54.0291,DEL06-PR,Risco Médio,Alta
sexta-feira,BR-230,119.0,Pleno dia,Decrescente,Nublado,Dupla,Reta,-7.2423,-35.6312,DEL02-PB,Risco Médio,Baixa
quinta-feira,BR-101,69.6,Pleno dia,Crescente,Céu Claro,Dupla,Reta,-8.0678,-34.9427,DEL01-PE,Risco Médio,Alta
segunda-feira,BR-116,292.0,Amanhecer,Decrescente,Céu Claro,Dupla,Reta,-30.05365,-51.33574,DEL02-RS,Risco Médio,Alta
segunda-feira,BR-40,72.2,Anoitecer,Crescente,Céu Claro,Dupla,Não Informado,-16.6159,-47.756,DEL01-DF,Risco Médio,Alta
terça-feira,BR-402,234.9,Plena Noite,Crescente,Céu Claro,Simples,Ponte,-3.383609,-39.79681,DEL01-CE,Risco Médio,Baixa
quarta-feira,BR-376,589.3,Pleno dia,Crescente,Céu Claro,Dupla,Reta,-25.50195,-49.34155,DEL01-PR,Risco Médio,Baixa
terça-feira,BR-356,30.0,Pleno dia,Crescente,Nublado,Simples,Reta,-21.18597,-41.917,DEL08-RJ,Risco Médio,Baixa
segunda-feira,BR-282,194.2,Pleno dia,Decrescente,Céu Claro,Simples,Não Informado,-27.74254,-50.0704,DEL05-SC,Risco Médio,Baixa
sábado,BR-101,211.8,Pleno dia,Decrescente,Céu Claro,Múltipla,Reta,-27.62329,-48.65246,DEL01-SC,Risco Médio,Alta
sexta-feira,BR-101,45.9,Pleno dia,Crescente,Céu Claro,Múltipla,Reta,-7.872933,-34.9063,DEL01-PE,Risco Baixo,Alta
quinta-feira,BR-116,150.3,Anoitecer,Decrescente,Céu Claro,Múltipla,Desvio Temporário,-23.21336,-45.89306,DEL02-SP,Risco Médio,Alta
quinta-feira,BR-482,60.0,Pleno dia,Crescente,Céu Claro,Simples,Reta,-20.80223,-41.36325,DEL03-ES,Risco Médio,Baixa
terça-feira,BR-230,28.1,Pleno dia,Crescente,Céu Claro,Dupla,Viaduto,-7.1651,-34.8941,DEL01-PB,Risco Médio,Baixa
sexta-feira,BR-381,484.8,Pleno dia,Decrescente,Nublado,Dupla,Reta,-19.95944,-44.08984,DEL01-MG,Risco Médio,Alta
quinta-feira,BR-116,429.0,Pleno dia,Crescente,Céu Claro,Dupla,Reta,-12.26904,-38.98923,DEL02-BA,Risco Médio,Alta
quinta-feira,BR-101,88.3,Pleno dia,Decrescente,Céu Claro,Simples,Interseção de vias,-26.65331,-48.68709,DEL03-SC,Risco Baixo,Alta
quarta-feira,BR-316,310.0,Pleno dia,Decrescente,Céu Claro,Dupla,Retorno Regulamentado,-7.076392,-41.47475,DEL04-PI,Risco Médio,Baixa
quinta-feira,BR-365,668.6,Plena Noite,Crescente,Céu Claro,Dupla,Não Informado,-18.88731,-48.71684,DEL15-MG,Risco Alto,Média
segunda-feira,BR-101,433.2,Plena Noite,Decrescente,Céu Claro,Simples,Reta,-29.0891,-49.6316,DEL02-SC,Risco Médio,Alta
quinta-feira,BR-116,76.0,Plena Noite,Decrescente,Céu Claro,Simples,Curva,-22.38173,-42.95472,DEL04-RJ,Risco Médio,Alta
segunda-feira,BR-101,499.0,Plena Noite,Crescente,Céu Claro,Simples,Reta,-14.89892,-39.28881,DEL05-BA,Risco Alto,Alta
segunda-feira,BR-242,367.3,Plena Noite,Crescente,Nublado,Simples,Reta,-11.79097,-48.97402,DEL01-TO,Risco Médio,Baixa
domingo,BR-101,165.7,Plena Noite,Crescente,Céu Claro,Dupla,Reta,-6.397712,-35.13754,DEL01-RN,Risco Médio,Alta
sábado,BR-282,574.7,Plena Noite,Decrescente,Céu Claro,Simples,Desvio Temporário,-26.8674,-52.96515,DEL07-SC,Risco Médio,Baixa
sexta-feira,BR-163,601.0,Pleno dia,Crescente,Céu Claro,Dupla,Reta,-13.89893,-56.09077,DEL01-MT,Risco Médio,Alta
segunda-feira,BR-135,405.0,Pleno dia,Crescente,Chuva,Simples,Reta,-17.0614,-43.8373,DEL12-MG,Risco Baixo,Baixa
domingo,BR-277,686.0,Plena Noite,Crescente,Céu Claro,Dupla,Reta,-25.33976,-54.21578,DEL05-PR,Risco Médio,Média
sexta-feira,BR-476,140.0,Plena Noite,Decrescente,Nublado,Dupla,Reta,-25.52069,-49.29412,DEL01-PR,Risco Baixo,Baixa
domingo,BR-280,93.3,Pleno dia,Crescente,Garoa/Chuvisco,Simples,Não Informado,-26.39761,-49.29712,DEL06-SC,Risco Médio,Baixa
segunda-feira,BR-290,86.0,Pleno dia,Decrescente,Céu Claro,Dupla,Reta,-29.96841,-51.11714,DEL01-RS,Risco Médio,Baixa
terça-feira,BR-280,55.0,Pleno dia,Decrescente,Céu Claro,Simples,Interseção de vias,-26.47907,-49.00081,DEL03-SC,Risco Médio,Baixa
quarta-feira,BR-369,173.9,Pleno dia,Crescente,Céu Claro,Simples,Reta,-23.3105,-51.3695,DEL07-PR,Risco Médio,Baixa
terça-feira,BR-116,278.3,Plena Noite,Crescente,Céu Claro,Simples,Não Informado,-17.86846,-41.51714,DEL11-MG,Risco Médio,Alta
segunda-feira,BR-101,68.0,Anoitecer,Crescente,Nublado,Dupla,Viaduto,-8.051077,-34.94605,DEL01-PE,Risco Médio,Alta
quinta-feira,BR-101,73.0,Pleno dia,Crescente,Sol,Simples,Reta,-18.77025,-39.86803,DEL04-ES,Risco Médio,Alta
domingo,BR-376,3.0,Pleno dia,Decrescente,Céu Claro,Simples,Não Informado,-23.5513,-51.46127,DEL07-PR,Risco Médio,Baixa
sábado,BR-222,674.0,Plena Noite,Decrescente,Céu Claro,Simples,Reta,-4.947205,-47.47646,DEL04-MA,Risco Médio,Baixa
quinta-feira,BR-163,573.0,Plena Noite,Decrescente,Céu Claro,Simples,Reta,-14.13823,-56.10403,DEL01-MT,Risco Médio,Alta
terça-feira,BR-364,347.0,Amanhecer,Crescente,Céu Claro,Simples,Não Informado,-10.8607,-61.97615,DEL02-RO,Risco Médio,Alta
quarta-feira,BR-470,21.7,Plena Noite,Decrescente,Chuva,Simples,Interseção de vias,-26.88104,-48.83766,DEL04-SC,Risco Médio,Baixa
quinta-feira,BR-316,11.0,Pleno dia,Crescente,Céu Claro,Múltipla,Rotatória,-5.191739,-42.76076,DEL01-PI,Risco Médio,Baixa
sábado,BR-242,776.0,Pleno dia,Crescente,Nublado,Simples,Curva,-12.15002,-44.88698,DEL10-BA,Risco Médio,Baixa
sábado,BR-116,168.0,Pleno dia,Crescente,Céu Claro,Dupla,Reta,-22.79543,-43.36214,DEL01-RJ,Risco Médio,Alta
terça-feira,BR-364,138.2,Pleno dia,Crescente,Nublado,Simples,Reta,-12.01768,-60.8297,DEL02-RO,Risco Médio,Alta
sexta-feira,BR-10,253.0,Pleno dia,Decrescente,Céu Claro,Simples,Reta,-5.533,-47.4712,DEL04-MA,Risco Baixo,Baixa
quinta-feira,BR-40,0.3,Plena Noite,Crescente,Céu Claro,Dupla,Viaduto,-15.9769,-47.99013,DEL01-DF,Risco Médio,Alta
terça-feira,BR-476,180.0,Pleno dia,Crescente,Nublado,Simples,Curva,-25.70667,-49.59128,DEL01-PR,Risco Médio,Baixa
sábado,BR-423,157.0,Amanhecer,Crescente,Céu Claro,Simples,Não Informado,-9.072388,-36.95477,DEL03-PE,Risco Médio,Baixa
domingo,BR-467,83.8,Plena Noite,Decrescente,Céu Claro,Dupla,Reta,-24.8125,-53.6653,DEL04-PR,Risco Alto,Baixa
segunda-feira,BR-101,232.1,Pleno dia,Crescente,Chuva,Dupla,Reta,-27.79567,-48.63815,DEL01-SC,Risco Médio,Alta
sexta-feira,BR-408,86.6,Anoitecer,Crescente,Céu Claro,Dupla,Reta,-7.963672,-35.09327,DEL01-PE,Risco Médio,Baixa
quinta-feira,BR-153,412.0,Pleno dia,Crescente,Sol,Múltipla,Reta,-9.515658,-48.58972,DEL02-TO,Risco Baixo,Alta
domingo,BR-10,258.0,Plena Noite,Decrescente,Ignorado,Dupla,Interseção de vias,-5.481554,-47.47209,DEL04-MA,Risco Médio,Baixa
sexta-feira,BR-163,163.9,Plena Noite,Crescente,Céu Claro,Simples,Reta,-25.286,-53.56897,DEL04-PR,Risco Médio,Alta
quinta-feira,BR-101,199.0,Pleno dia,Decrescente,Céu Claro,Dupla,Reta,-27.53414,-48.63003,DEL01-SC,Risco Médio,Alta
terça-feira,BR-493,120.0,Plena Noite,Crescente,Céu Claro,Dupla,Reta,-22.8792,-43.82555,DEL03-RJ,Risco Médio,Baixa
quarta-feira,BR-163,262.0,Pleno dia,Crescente,Céu Claro,Simples,Reta,-24.646,-53.8491,DEL04-PR,Risco Médio,Alta
domingo,BR-116,10.9,Plena Noite,Crescente,Nublado,Dupla,Reta,-25.37629,-49.15009,DEL01-PR,Risco Médio,Alta
domingo,BR-116,44.3,Plena Noite,Crescente,Céu Claro,Dupla,Reta,-22.71096,-45.0491,DEL08-SP,Risco Baixo,Alta
domingo,BR-20,416.0,Pleno dia,Decrescente,Céu Claro,Simples,Reta,-3.834795,-38.61085,DEL01-CE,Risco Baixo,Baixa
quinta-feira,BR-101,209.0,Plena Noite,Decrescente,Chuva,Dupla,Curva,-22.48134,-42.2293,DEL08-RJ,Risco Médio,Alta
sábado,BR-60,4.6,Plena Noite,Crescente,Céu Claro,Dupla,Reta,-15.89435,-48.10116,DEL01-DF,Risco Médio,Média
domingo,BR-101,35.8,Pleno dia,Crescente,Sol,Simples,Curva,-26.4433,-48.81543,DEL03-SC,Risco Médio,Alta
sábado,BR-70,10.7,Pleno dia,Decrescente,Nublado,Dupla,Reta,-15.78707,-48.14071,DEL01-DF,Risco Médio,Baixa
sábado,BR-40,728.5,Pleno dia,Crescente,Chuva,Dupla,Reta,-21.3429,-43.5875,DEL05-MG,Risco Médio,Alta
segunda-feira,BR-116,77.0,Plena Noite,Decrescente,Céu Claro,Simples,Reta,-22.36918,-42.94877,DEL04-RJ,Risco Médio,Alta
quinta-feira,BR-101,128.6,Plena Noite,Decrescente,Nublado,Dupla,Reta,-26.97284,-48.68299,DEL04-SC,Risco Médio,Alta
quinta-feira,BR-262,369.0,Pleno dia,Decrescente,Chuva,Dupla,Reta,-19.97081,-44.28988,DEL01-MG,Risco Médio,Média
quarta-feira,BR-101,111.3,Plena Noite,Crescente,Chuva,Dupla,Reta,-26.84165,-48.71637,DEL04-SC,Risco Baixo,Alta
terça-feira,BR-135,16.5,Pleno dia,Crescente,Céu Claro,Simples,Rotatória,-2.555038,-44.35641,DEL01-MA,Risco Alto,Baixa
domingo,BR-381,43.7,Pleno dia,Decrescente,Céu Claro,Simples,Curva,-23.15876,-46.57317,DEL03-SP,Risco Baixo,Alta
sábado,BR-282,38.6,Plena Noite,Decrescente,Nublado,Simples,Curva,-27.71334,-48.85863,DEL01-SC,Risco Baixo,Baixa
domingo,BR-376,474.1,Pleno dia,Decrescente,Garoa/Chuvisco,Dupla,Curva,-25.03545,-50.30009,DEL03-PR,Risco Médio,Baixa
quinta-feira,BR-10,152.0,Pleno dia,Decrescente,Nublado,Simples,Reta,-6.481176,-47.38403,DEL04-MA,Risco Médio,Baixa
quarta-feira,BR-356,265.6,Plena Noite,Crescente,Céu Claro,Simples,Não Informado,-21.12839,-42.3668,DEL07-MG,Risco Médio,Baixa
sábado,BR-262,398.0,Pleno dia,Crescente,Sol,Dupla,Reta,-19.89038,-44.58555,DEL01-MG,Risco Médio,Média
domingo,BR-365,627.5,Anoitecer,Decrescente,Céu Claro,Dupla,Reta,-18.90359,-48.34362,DEL15-MG,Risco Médio,Média
terça-feira,BR-70,9.0,Pleno dia,Decrescente,Céu Claro,Dupla,Curva,-15.78462,-48.13202,DEL01-DF,Risco Médio,Baixa
terça-feira,BR-262,122.0,Pleno dia,Crescente,Chuva,Simples,Não Informado,-20.50267,-52.69277,DEL07-MS,Risco Médio,Média
quarta-feira,BR-116,76.8,Pleno dia,Crescente,Chuva,Dupla,Reta,-25.38622,-49.05235,DEL01-PR,Risco Baixo,Alta
segunda-feira,BR-110,49.8,Pleno dia,Crescente,Céu Claro,Simples,Reta,-5.2199,-37.3275,DEL04-RN,Risco Médio,Baixa
sábado,BR-369,399.8,Plena Noite,Crescente,Céu Claro,Simples,Desvio Temporário,-24.3069,-52.6082,DEL04-PR,Risco Médio,Baixa
domingo,BR-40,3.9,Pleno dia,Decrescente,Nublado,Simples,Curva,-17.0,-47.0,DEL14-MG,Risco Médio,Alta
terça-feira,BR-101,117.0,Pleno dia,Crescente,Céu Claro,Múltipla,Viaduto,-26.88747,-48.72253,DEL04-SC,Risco Baixo,Alta
quinta-feira,BR-354,732.4,Pleno dia,Crescente,Céu Claro,Simples,Curva,-22.17503,-44.97005,DEL17-MG,Risco Médio,Baixa
quarta-feira,BR-343,343.0,Pleno dia,Crescente,Céu Claro,Simples,Reta,-5.087362,-42.75785,DEL01-PI,Risco Médio,Baixa
sábado,BR-230,158.3,Plena Noite,Decrescente,Nublado,Simples,Reta,-7.25634,-35.92871,DEL02-PB,Risco Médio,Baixa
quarta-feira,BR-153,103.5,Pleno dia,Decrescente,Céu Claro,Simples,Reta,-23.79999,-50.17971,DEL07-PR,Risco Médio,Alta
quinta-feira,BR-116,555.0,Pleno dia,Decrescente,Céu Claro,Simples,Interseção de vias,-19.99948,-42.14111,DEL06-MG,Risco Baixo,Alta
sexta-feira,BR-101,208.0,Plena Noite,Decrescente,Nublado,Dupla,Reta,-27.61378,-48.64224,DEL01-SC,Risco Médio,Alta
quarta-feira,BR-153,495.0,Pleno dia,Crescente,Sol,Dupla,Reta,-16.6681,-49.2263,DEL01-GO,Risco Médio,Alta
domingo,BR-116,36.0,Plena Noite,Crescente,Céu Claro,Simples,Reta,-26.33851,-50.01472,DEL06-SC,Risco Médio,Alta
sexta-feira,BR-364,573.0,Plena Noite,Decrescente,Chuva,Simples,Reta,-9.454412,-63.10215,DEL03-RO,Risco Baixo,Alta
sábado,BR-116,144.7,Plena Noite,Decrescente,Céu Claro,Dupla,Reta,-29.12674,-51.12769,DEL05-RS,Risco Médio,Alta
terça-feira,BR-381,497.0,Anoitecer,Decrescente,Céu Claro,Dupla,Interseção de vias,-20.00484,-44.21367,DEL01-MG,Risco Médio,Alta
segunda-feira,BR-277,104.0,Pleno dia,Decrescente,Céu Claro,Dupla,Reta,-25.49679,-49.34265,DEL01-PR,Risco Médio,Média
sábado,BR-470,51.0,Plena Noite,Crescente,Céu Claro,Dupla,Não Informado,-26.86234,-49.08404,DEL04-SC,Risco Médio,Baixa
quarta-feira,BR-316,79.8,Pleno dia,Decrescente,Céu Claro,Simples,Reta,-5.734325,-42.61241,DEL01-PI,Risco Médio,Baixa
quinta-feira,BR-230,206.1,Pleno dia,Crescente,Sol,Simples,Reta,-7.09,-36.2887,DEL02-PB,Risco Baixo,Baixa
terça-feira,BR-222,11.0,Pleno dia,Crescente,Céu Claro,Simples,Reta,-3.735695,-38.74264,DEL01-CE,Risco Baixo,Baixa
sexta-feira,BR-40,573.0,Pleno dia,Decrescente,Chuva,Simples,Reta,-20.246,-43.9643,DEL01-MG,Risco Médio,Alta
quarta-feira,BR-381,594.0,Pleno dia,Decrescente,Nublado,Dupla,Curva,-20.59144,-44.70068,DEL04-MG,Risco Baixo,Alta
quarta-feira,BR-470,67.9,Plena Noite,Decrescente,Nublado,Simples,Reta,-26.87216,-49.23127,DEL04-SC,Risco Baixo,Baixa
domingo,BR-70,523.0,Plena Noite,Crescente,Céu Claro,Simples,Reta,-15.66302,-56.18519,DEL01-MT,Risco Alto,Baixa
sexta-feira,BR-415,23.0,Plena Noite,Crescente,Céu Claro,Simples,Reta,-14.8482,-39.28199,DEL05-BA,Risco Médio,Baixa
sábado,BR-259,6.8,Plena Noite,Crescente,Ignorado,Simples,Ponte,-19.69681,-40.38548,DEL02-ES,Risco Médio,Baixa
domingo,BR-262,47.1,Plena Noite,Crescente,Chuva,Simples,Ponte,-20.41175,-40.6819,DEL01-ES,Risco Médio,Média
quinta-feira,BR-376,301.0,Anoitecer,Crescente,Céu Claro,Dupla,Curva,-23.93553,-51.12539,DEL07-PR,Risco Baixo,Baixa
domingo,BR-210,104.8,Pleno dia,Crescente,Céu Claro,Simples,Não Informado,0.6993204,-51.3997,DEL01-AP,Risco Médio,Baixa
sexta-feira,BR-50,169.5,Plena Noite,Crescente,Céu Claro,Dupla,Reta,-19.728,-47.98142,DEL13-MG,Risco Médio,Média
terça-feira,BR-381,61.0,Pleno dia,Decrescente,Céu Claro,Dupla,Curva,-23.2906,-46.5799,DEL03-SP,Risco Médio,Alta
sexta-feira,BR-153,416.0,Pleno dia,Crescente,Céu Claro,Dupla,Curva,-9.549066,-48.59905,DEL01-TO,Risco Médio,Alta
sábado,BR-40,546.1,Pleno dia,Decrescente,Chuva,Dupla,Curva,-20.01755,-43.97093,DEL01-MG,Risco Médio,Alta
terça-feira,BR-101,136.0,Pleno dia,Decrescente,Sol,Dupla,Interseção de vias,-8.414395,-35.30446,DEL01-PE,Risco Médio,Alta
quarta-feira,BR-381,478.5,Plena Noite,Crescente,Nublado,Dupla,Não Informado,-19.95826,-44.05921,DEL01-MG,Risco Médio,Alta
quarta-feira,BR-153,602.0,Pleno dia,Decrescente,Céu Claro,Dupla,Reta,-11.11361,-48.92169,DEL01-TO,Risco Médio,Alta
domingo,BR-459,105.5,Plena Noite,Decrescente,Céu Claro,Simples,Não Informado,-22.24098,-45.88133,DEL16-MG,Risco Baixo,Baixa
segunda-feira,BR-101,407.0,Pleno dia,Decrescente,Céu Claro,Simples,Reta,-22.87672,-43.81632,DEL03-RJ,Risco Médio,Alta
domingo,BR-116,133.0,Pleno dia,Decrescente,Céu Claro,Dupla,Reta,-25.66616,-49.31433,DEL01-PR,Risco Médio,Alta
quarta-feira,BR-343,1.0,Plena Noite,Crescente,Céu Claro,Múltipla,Desvio Temporário,-5.089569,-42.80229,DEL01-PI,Risco Médio,Baixa
quarta-feira,BR-163,43.8,Pleno dia,Decrescente,Sol,Simples,Reta,-23.76281,-54.27377,DEL09-MS,Risco Baixo,Alta
domingo,BR-116,37.2,Pleno dia,Decrescente,Nublado,Simples,Interseção de vias,-28.504,-50.92353,DEL05-RS,Risco Baixo,Alta
sábado,BR-285,314.5,Pleno dia,Decrescente,Chuva,Simples,Curva,-28.25082,-52.58649,DEL08-RS,Risco Baixo,Baixa
sábado,BR-230,1135.0,Plena Noite,Decrescente,Céu Claro,Dupla,Rotatória,-4.264974,-55.99206,DEL05-PA,Risco Médio,Baixa
quarta-feira,BR-381,484.0,Plena Noite,Decrescente,Chuva,Dupla,Não Informado,-19.95532,-44.11722,DEL01-MG,Risco Médio,Alta
terça-feira,BR-10,455.0,Pleno dia,Crescente,Céu Claro,Múltipla,Retorno Regulamentado,-10.30073,-48.29737,DEL01-TO,Risco Médio,Baixa
sábado,BR-153,490.0,Pleno dia,Decrescente,Céu Claro,Dupla,Viaduto,-16.6298,-49.2056,DEL01-GO,Risco Médio,Alta
domingo,BR-476,145.3,Plena Noite,Crescente,Nublado,Dupla,Reta,-25.54775,-49.32095,DEL01-PR,Risco Médio,Baixa
sábado,BR-222,311.0,Pleno dia,Decrescente,Céu Claro,Simples,Reta,-3.711973,-40.98436,DEL04-CE,Risco Médio,Baixa
domingo,BR-101,256.0,Pleno dia,Crescente,Céu Claro,Dupla,Curva,-27.99084,-48.68057,DEL02-SC,Risco Baixo,Alta
segunda-feira,BR-277,8.0,Plena Noite,Crescente,Céu Claro,Dupla,Reta,-25.56629,-48.60764,DEL01-PR,Risco Baixo,Média
quarta-feira,BR-110,352.0,Plena Noite,Crescente,Nublado,Simples,Curva,-12.24901,-38.39473,DEL01-BA,Risco Médio,Baixa
sábado,BR-116,428.0,Pleno dia,Decrescente,Céu Claro,Simples,Rotatória,-6.824291,-38.75037,DEL05-CE,Risco Médio,Alta
quinta-feira,BR-101,330.0,Pleno dia,Decrescente,Céu Claro,Dupla,Reta,-22.86848,-43.18568,DEL02-RJ,Risco Médio,Alta
segunda-feira,BR-101,148.0,Pleno dia,Decrescente,Céu Claro,Dupla,Reta,-19.38787,-40.06753,DEL04-ES,Risco Médio,Alta
quinta-feira,BR-101,198.0,Pleno dia,Decrescente,Sol,Dupla,Reta,-22.49158,-42.12771,DEL08-RJ,Risco Médio,Alta
terça-feira,BR-343,343.3,Plena Noite,Crescente,Céu Claro,Múltipla,Reta,-5.081796,-42.76897,DEL01-PI,Risco Médio,Baixa
terça-feira,BR-110,49.0,Pleno dia,Crescente,Sol,Dupla,Reta,-5.21646,-37.32927,DEL04-RN,Risco Médio,Baixa
sexta-feira,BR-101,21.0,Pleno dia,Crescente,Nublado,Dupla,Curva,-26.14793,-48.90895,DEL03-SC,Risco Médio,Alta
quinta-feira,BR-101,178.0,Plena Noite,Decrescente,Céu Claro,Simples,Curva,-11.3678,-37.6258,DEL02-SE,Risco Baixo,Alta
sábado,BR-418,87.1,Pleno dia,Crescente,Céu Claro,Simples,Reta,-17.89208,-39.81627,DEL09-BA,Risco Baixo,Baixa
domingo,BR-116,421.0,Pleno dia,Crescente,Nublado,Dupla,Rotatória,-12.23074,-38.96379,DEL02-BA,Risco Médio,Alta
domingo,BR-232,129.0,Pleno dia,Crescente,Céu Claro,Dupla,Reta,-8.301935,-35.98092,DEL02-PE,Risco Médio,Baixa
quinta-feira,BR-104,71.8,Plena Noite,Decrescente,Céu Claro,Dupla,Reta,-8.330886,-35.98228,DEL02-PE,Risco Baixo,Baixa
sexta-feira,BR-116,145.0,Pleno dia,Decrescente,Sol,Dupla,Reta,-23.18698,-45.85481,DEL02-SP,Risco Médio,Alta
sábado,BR-421,25.0,Pleno dia,Decrescente,Céu Claro,Simples,Reta,-10.07348,-63.21203,DEL03-RO,Risco Médio,Baixa
sexta-feira,BR-230,15.0,Plena Noite,Decrescente,Céu Claro,Dupla,Reta,-7.093,-34.8482,DEL01-PB,Risco Médio,Baixa
terça-feira,BR-101,55.0,Plena Noite,Crescente,Vento,Simples,Reta,-7.944795,-34.90471,DEL01-PE,Risco Baixo,Alta
segunda-feira,BR-405,55.0,Pleno dia,Crescente,Sol,Simples,Reta,-5.496539,-37.70151,DEL04-RN,Risco Médio,Baixa
sexta-feira,BR-101,209.5,Pleno dia,Crescente,Céu Claro,Dupla,Reta,-27.61359,-48.64259,DEL01-SC,Risco Médio,Alta
sexta-feira,BR-116,555.1,Anoitecer,Decrescente,Céu Claro,Simples,Curva,-20.00911,-42.14328,DEL06-MG,Risco Médio,Alta
terça-feira,BR-407,423.0,Pleno dia,Crescente,Nublado,Simples,Reta,-7.082932,-41.43081,DEL04-PI,Risco Médio,Baixa
quarta-feira,BR-135,174.0,Plena Noite,Decrescente,Céu Claro,Simples,Reta,-7.981968,-43.86302,DEL03-PI,Risco Médio,Baixa
sexta-feira,BR-153,540.7,Plena Noite,Decrescente,Céu Claro,Dupla,Não Informado,-17.05286,-49.22654,DEL01-GO,Risco Médio,Alta
segunda-feira,BR-116,223.0,Plena Noite,Crescente,Céu Claro,Múltipla,Reta,-29.58827,-51.09918,DEL01-RS,Risco Médio,Alta
sexta-feira,BR-101,677.9,Anoitecer,Crescente,Ignorado,Simples,Reta,-16.2442,-39.60443,DEL09-BA,Risco Médio,Alta
quinta-feira,BR-116,145.9,Pleno dia,Decrescente,Nublado,Dupla,Não Informado,-23.18814,-45.85707,DEL02-SP,Risco Médio,Alta
sexta-feira,BR-163,342.2,Pleno dia,Crescente,Nublado,Simples,Reta,-21.65718,-54.42948,DEL02-MS,Risco Baixo,Alta
quinta-feira,BR-116,841.0,Pleno dia,Decrescente,Céu Claro,Simples,Reta,-14.98953,-40.92748,DEL08-BA,Risco Baixo,Alta
sábado,BR-470,69.9,Pleno dia,Crescente,Nublado,Simples,Reta,-26.88897,-49.25408,DEL04-SC,Risco Médio,Baixa
domingo,BR-101,268.0,Plena Noite,Decrescente,Céu Claro,Dupla,Reta,-20.20842,-40.2694,DEL02-ES,Risco Médio,Alta
quinta-feira,BR-222,222.0,Pleno dia,Decrescente,Céu Claro,Simples,Rotatória,-3.7217,-40.3279,DEL04-CE,Risco Médio,Baixa
domingo,BR-110,366.0,Plena Noite,Crescente,Nublado,Simples,Interseção de vias,-12.3561,-38.39168,DEL01-BA,Risco Médio,Baixa
terça-feira,BR-116,289.2,Pleno dia,Decrescente,Sol,Dupla,Reta,-17.96224,-41.53856,DEL11-MG,Risco Baixo,Alta
sábado,BR-60,108.0,Pleno dia,Crescente,Chuva,Dupla,Reta,-16.4398,-49.0188,DEL02-GO,Risco Médio,Média