dia_semana,br,km,fase_dia,sentido_via,condicao_metereologica,tipo_pista,tracado_via,latitude,longitude,delegacia,classificacao_acidente,postos_policiais_PRF
quarta-feira,BR-116,27.0,Pleno dia,Decrescente,Garoa/Chuvisco,Dupla,Curva,-25.1084,-48.79506,DEL01-PR,Risco Baixo,Alta
sábado,BR-376,183.0,Plena Noite,Crescente,Céu Claro,Dupla,Reta,-23.43678,-51.87916,DEL07-PR,Risco Baixo,Baixa
quarta-feira,BR-381,630.3,Pleno dia,Decrescente,Céu Claro,Dupla,Curva,-20.8294,-44.81516,DEL04-MG,Risco Médio,Alta
sexta-feira,BR-376,175.0,Plena Noite,Crescente,Nublado,Dupla,Reta,-23.41403,-51.92817,DEL07-PR,Risco Médio,Baixa
quinta-feira,BR-116,145.9,Pleno dia,Crescente,Céu Claro,Simples,Reta,-23.18698,-45.85481,DEL02-SP,Risco Médio,Alta
quarta-feira,BR-262,0.0,Plena Noite,Decrescente,Céu Claro,Múltipla,Rotatória,-20.78192,-51.66939,DEL07-MS,Risco Baixo,Média
quarta-feira,BR-116,813.0,Pleno dia,Crescente,Céu Claro,Simples,Não Informado,-21.85012,-42.66566,DEL07-MG,Risco Médio,Alta
sexta-feira,BR-50,206.6,Amanhecer,Crescente,Chuva,Dupla,Desvio Temporário,-19.92627,-47.82191,DEL13-MG,Risco Médio,Média
domingo,BR-262,362.0,Plena Noite,Crescente,Céu Claro,Dupla,Reta,-19.97385,-44.28022,DEL01-MG,Risco Baixo,Média
segunda-feira,BR-116,278.1,Pleno dia,Crescente,Nublado,Dupla,Reta,-23.64937,-46.85262,DEL04-SP,Risco Médio,Alta
domingo,BR-316,3.0,Plena Noite,Crescente,Céu Claro,Dupla,Desvio Temporário,-1.373889,-48.38626,DEL01-PA,Risco Baixo,Baixa
quinta-feira,BR-267,362.1,Anoitecer,Decrescente,Céu Claro,Simples,Reta,-21.64323,-55.12396,DEL02-MS,Risco Médio,Baixa
sexta-feira,BR-40,509.0,Amanhecer,Decrescente,Nublado,Dupla,Reta,-19.76729,-44.12856,DEL01-MG,Risco Médio,Alta
quarta-feira,BR-101,51.0,Plena Noite,Decrescente,Garoa/Chuvisco,Simples,Reta,-23.45628,-45.07112,DEL06-SP,Risco Médio,Alta
domingo,BR-116,214.0,Amanhecer,Crescente,Nublado,Dupla,Reta,-23.44333,-46.44531,DEL01-SP,Risco Baixo,Alta
domingo,BR-280,96.6,Plena Noite,Crescente,Nevoeiro/Neblina,Simples,Não Informado,-26.38261,-49.31482,DEL06-SC,Risco Médio,Baixa
sábado,BR-116,164.0,Amanhecer,Crescente,Nublado,Simples,Desvio Temporário,-22.81074,-43.28844,DEL01-RJ,Risco Médio,Alta
sexta-feira,BR-259,39.8,Plena Noite,Crescente,Céu Claro,Simples,Reta,-19.55774,-40.5296,DEL02-ES,Risco Médio,Baixa
sábado,BR-101,215.5,Pleno dia,Decrescente,Nublado,Dupla,Interseção de vias,-27.65185,-48.67605,DEL01-SC,Risco Médio,Alta
segunda-feira,BR-116,88.0,Pleno dia,Crescente,Céu Claro,Dupla,Reta,-25.44781,-49.09097,DEL01-PR,Risco Médio,Alta
terça-feira,BR-381,568.9,Pleno dia,Crescente,Céu Claro,Dupla,Reta,-20.4119,-44.5272,DEL04-MG,Risco Médio,Alta
sexta-feira,BR-174,704.5,Plena Noite,Crescente,Céu Claro,Simples,Reta,4.424421,-61.14526,DEL01-RR,Risco Alto,Baixa
segunda-feira,BR-428,190.0,Pleno dia,Decrescente,Céu Claro,Múltipla,Interseção de vias,-9.376315,-40.49477,DEL06-PE,Risco Baixo,Baixa
quinta-feira,BR-20,50.0,Plena Noite,Crescente,Céu Claro,Dupla,Reta,-15.58145,-47.42193,DEL02-DF,Risco Médio,Baixa
sábado,BR-116,23.0,Pleno dia,Decrescente,Chuva,Dupla,Não Informado,-25.114,-48.7598,DEL01-PR,Risco Baixo,Alta
sexta-feira,BR-116,17.0,Plena Noite,Decrescente,Garoa/Chuvisco,Dupla,Não Informado,-25.10306,-48.70104,DEL01-PR,Risco Médio,Alta
sábado,BR-324,573.0,Pleno dia,Crescente,Sol,Dupla,Reta,-12.5691,-38.5504,DEL01-BA,Risco Baixo,Baixa
sexta-feira,BR-414,410.0,Pleno dia,Crescente,Nublado,Simples,Não Informado,-16.05859,-48.85402,DEL02-GO,Risco Médio,Baixa
quarta-feira,BR-364,122.0,Pleno dia,Crescente,Céu Claro,Dupla,Reta,-10.01188,-67.77335,DEL01-AC,Risco Médio,Alta
quarta-feira,BR-40,136.7,Plena Noite,Crescente,Céu Claro,Simples,Não Informado,-16.9491,-47.30782,DEL01-DF,Risco Baixo,Alta
sábado,BR-282,474.3,Pleno dia,Decrescente,Sol,Simples,Reta,-26.86884,-52.13814,DEL07-SC,Risco Alto,Baixa
quinta-feira,BR-101,92.8,Plena Noite,Decrescente,Céu Claro,Dupla,Reta,-10.9087,-37.0855,DEL01-SE,Risco Médio,Alta
domingo,BR-101,95.5,Plena Noite,Decrescente,Céu Claro,Dupla,Reta,-7.221575,-34.91462,DEL01-PB,Risco Médio,Alta
quinta-feira,BR-448,13.0,Pleno dia,Crescente,Céu Claro,Dupla,Reta,-29.89721,-51.24432,DEL01-RS,Risco Baixo,Baixa
quarta-feira,BR-153,448.0,Plena Noite,Decrescente,Céu Claro,Simples,Reta,-9.807837,-48.72088,DEL02-TO,Risco Baixo,Alta
terça-feira,BR-163,258.6,Plena Noite,Decrescente,Céu Claro,Dupla,Reta,-22.25859,-54.78359,DEL04-MS,Risco Médio,Alta
sexta-feira,BR-330,830.0,Pleno dia,Crescente,Céu Claro,Simples,Não Informado,-14.27116,-39.32556,DEL03-BA,Risco Médio,Baixa
domingo,BR-470,91.7,Pleno dia,Crescente,Sol,Simples,Reta,-26.98373,-49.37238,DEL04-SC,Risco Médio,Baixa
sábado,BR-116,698.9,Plena Noite,Crescente,Céu Claro,Simples,Reta,-14.01082,-40.1867,DEL03-BA,Risco Médio,Alta
segunda-feira,BR-376,110.0,Pleno dia,Decrescente,Nublado,Dupla,Reta,-23.08586,-52.4018,DEL09-PR,Risco Médio,Baixa
quinta-feira,BR-101,119.0,Anoitecer,Crescente,Céu Claro,Simples,Reta,-19.12454,-40.06602,DEL04-ES,Risco Médio,Alta
sábado,BR-116,115.0,Pleno dia,Crescente,Céu Claro,Dupla,Reta,-25.5445,-49.3029,DEL01-PR,Risco Baixo,Alta
quinta-feira,BR-116,305.3,Pleno dia,Crescente,Céu Claro,Simples,Reta,-22.45574,-44.39455,DEL07-RJ,Risco Médio,Alta
quarta-feira,BR-20,145.0,Amanhecer,Crescente,Céu Claro,Simples,Reta,-14.74382,-46.65389,DEL02-DF,Risco Médio,Baixa
segunda-feira,BR-101,72.0,Pleno dia,Crescente,Céu Claro,Dupla,Não Informado,-8.084931,-34.94506,DEL01-PE,Risco Baixo,Alta
quarta-feira,BR-428,188.0,Anoitecer,Crescente,Céu Claro,Simples,Curva,-9.374548,-40.48797,DEL06-PE,Risco Médio,Baixa
domingo,BR-222,670.0,Plena Noite,Crescente,Ignorado,Simples,Reta,-4.91608,-47.42282,DEL04-MA,Risco Alto,Baixa
terça-feira,BR-101,121.0,Pleno dia,Crescente,Sol,Simples,Reta,-19.14385,-40.0751,DEL04-ES,Risco Baixo,Alta
domingo,BR-101,197.0,Pleno dia,Crescente,Céu Claro,Múltipla,Reta,-27.52251,-48.63741,DEL01-SC,Risco Médio,Alta
domingo,BR-376,623.4,Pleno dia,Crescente,Nublado,Dupla,Não Informado,-25.64346,-49.15945,DEL01-PR,Risco Baixo,Baixa
domingo,BR-369,200.0,Plena Noite,Crescente,Céu Claro,Dupla,Interseção de vias,-23.52296,-51.4424,DEL07-PR,Risco Médio,Baixa
domingo,BR-262,98.0,Plena Noite,Crescente,Nevoeiro/Neblina,Simples,Interseção de vias,-20.35522,-41.08695,DEL01-ES,Risco Médio,Média
domingo,BR-277,235.0,Plena Noite,Crescente,Céu Claro,Dupla,Rotatória,-25.4645,-50.57498,DEL08-PR,Risco Baixo,Média
sábado,BR-101,359.0,Pleno dia,Crescente,Chuva,Simples,Curva,-20.69908,-40.71467,DEL03-ES,Risco Médio,Alta
segunda-feira,BR-116,148.0,Anoitecer,Decrescente,Céu Claro,Dupla,Reta,-23.20067,-45.8795,DEL02-SP,Risco Médio,Alta
sexta-feira,BR-277,42.0,Plena Noite,Decrescente,Nevoeiro/Neblina,Dupla,Não Informado,-25.57361,-48.8447,DEL01-PR,Risco Médio,Média
sábado,BR-116,230.0,Pleno dia,Decrescente,Nublado,Múltipla,Reta,-23.51898,-46.58237,DEL01-SP,Risco Médio,Alta
quarta-feira,BR-60,394.0,Plena Noite,Crescente,Céu Claro,Dupla,Interseção de vias,-17.8228,-50.9983,DEL04-GO,Risco Médio,Média
segunda-feira,BR-110,110.5,Pleno dia,Decrescente,Céu Claro,Simples,Curva,-8.422425,-37.39649,DEL03-PE,Risco Médio,Baixa
sexta-feira,BR-230,12.0,Plena Noite,Crescente,Céu Claro,Dupla,Reta,-7.068,-34.85,DEL01-PB,Risco Baixo,Baixa
segunda-feira,BR-116,14.0,Pleno dia,Decrescente,Chuva,Dupla,Reta,-3.873546,-38.49905,DEL01-CE,Risco Médio,Alta
sexta-feira,BR-50,206.5,Pleno dia,Crescente,Chuva,Dupla,Reta,-19.9788,-47.7892,DEL13-MG,Risco Baixo,Média
domingo,BR-470,122.8,Anoitecer,Decrescente,Chuva,Simples,Curva,-27.09547,-49.5302,DEL04-SC,Risco Médio,Baixa
terça-feira,BR-60,382.0,Plena Noite,Crescente,Chuva,Simples,Reta,-20.64289,-54.75416,DEL01-MS,Risco Médio,Média
terça-feira,BR-381,531.8,Pleno dia,Crescente,Céu Claro,Dupla,Curva,-20.16446,-44.36412,DEL04-MG,Risco Baixo,Alta
sexta-feira,BR-116,116.7,Pleno dia,Decrescente,Nublado,Dupla,Reta,-25.55483,-49.30527,DEL01-PR,Risco Médio,Alta
terça-feira,BR-452,191.1,Plena Noite,Decrescente,Céu Claro,Simples,Reta,-18.37449,-49.2662,DEL03-GO,Risco Médio,Baixa
quarta-feira,BR-60,368.9,Plena Noite,Decrescente,Céu Claro,Simples,Reta,-20.55263,-54.66948,DEL01-MS,Risco Médio,Média
domingo,BR-135,92.0,Plena Noite,Crescente,Nublado,Simples,Reta,-3.307647,-44.42455,DEL01-MA,Risco Baixo,Baixa
sexta-feira,BR-364,107.4,Pleno dia,Decrescente,Garoa/Chuvisco,Simples,Reta,-12.22849,-60.6866,DEL04-RO,Risco Médio,Alta
quinta-feira,BR-163,171.0,Pleno dia,Crescente,Céu Claro,Dupla,Não Informado,-25.25158,-53.57806,DEL04-PR,Risco Baixo,Alta
quinta-feira,BR-428,188.0,Plena Noite,Decrescente,Céu Claro,Múltipla,Reta,-9.376057,-40.49197,DEL06-PE,Risco Médio,Baixa
quinta-feira,BR-101,188.0,Pleno dia,Crescente,Céu Claro,Simples,Reta,-12.57665,-38.98154,DEL01-BA,Risco Médio,Alta
domingo,BR-101,29.0,Pleno dia,Decrescente,Céu Claro,Dupla,Não Informado,-7.729397,-34.94186,DEL01-PE,Risco Baixo,Alta
sexta-feira,BR-20,74.0,Pleno dia,Crescente,Céu Claro,Simples,Reta,-15.13662,-47.13024,DEL02-DF,Risco Alto,Baixa
segunda-feira,BR-40,6.9,Pleno dia,Crescente,Sol,Dupla,Reta,-16.02974,-47.97887,DEL01-DF,Risco Médio,Alta
domingo,BR-70,12.2,Pleno dia,Decrescente,Nublado,Dupla,Interseção de vias,-15.79224,-48.15854,DEL01-DF,Risco Médio,Baixa
quinta-feira,BR-116,125.0,Plena Noite,Crescente,Nublado,Dupla,Reta,-25.59505,-49.31631,DEL01-PR,Risco Médio,Alta
segunda-feira,BR-20,17.2,Pleno dia,Decrescente,Nublado,Dupla,Reta,-15.62137,-47.71698,DEL02-DF,Risco Médio,Baixa
domingo,BR-101,207.0,Plena Noite,Crescente,Chuva,Dupla,Desvio Temporário,-27.6034,-48.632,DEL01-SC,Risco Médio,Alta
sexta-feira,BR-116,65.2,Pleno dia,Crescente,Nublado,Dupla,Reta,-22.82327,-45.19281,DEL08-SP,Risco Médio,Alta
domingo,BR-364,197.8,Plena Noite,Crescente,Nublado,Simples,Não Informado,-11.6788,-61.18789,DEL02-RO,Risco Médio,Alta
quarta-feira,BR-101,122.0,Plena Noite,Decrescente,Nublado,Dupla,Desvio Temporário,-7.4681,-34.9768,DEL01-PB,Risco Alto,Alta
domingo,BR-393,237.0,Pleno dia,Crescente,Céu Claro,Simples,Reta,-22.39566,-43.65681,DEL05-RJ,Risco Alto,Média
terça-feira,BR-116,192.0,Pleno dia,Crescente,Garoa/Chuvisco,Dupla,Não Informado,-23.37381,-46.24485,DEL02-SP,Risco Baixo,Alta
sexta-feira,BR-235,38.0,Plena Noite,Crescente,Ignorado,Simples,Não Informado,-10.77048,-37.34627,DEL01-SE,Risco Baixo,Baixa
sexta-feira,BR-251,245.0,Plena Noite,Decrescente,Chuva,Simples,Não Informado,-15.99103,-41.82099,DEL11-MG,Risco Alto,Baixa
sexta-feira,BR-470,119.0,Pleno dia,Decrescente,Garoa/Chuvisco,Simples,Interseção de vias,-27.08242,-49.52055,DEL04-SC,Risco Médio,Baixa
quinta-feira,BR-101,262.0,Anoitecer,Crescente,Céu Claro,Dupla,Curva,-22.71367,-42.62053,DEL02-RJ,Risco Médio,Alta
quinta-feira,BR-262,387.0,Pleno dia,Crescente,Céu Claro,Dupla,Curva,-19.93473,-44.43458,DEL01-MG,Risco Médio,Média
quinta-feira,BR-316,21.9,Pleno dia,Crescente,Chuva,Dupla,Reta,-1.353939,-48.25736,DEL01-PA,Risco Médio,Baixa
quarta-feira,BR-163,479.0,Plena Noite,Decrescente,Ignorado,Dupla,Reta,-20.48732,-54.55929,DEL01-MS,Risco Médio,Alta
segunda-feira,BR-282,1.0,Pleno dia,Crescente,Céu Claro,Dupla,Reta,-27.60329,-48.58941,DEL01-SC,Risco Baixo,Baixa
segunda-feira,BR-101,306.0,Pleno dia,Decrescente,Chuva,Dupla,Reta,-22.81416,-43.07533,DEL02-RJ,Risco Médio,Alta
sexta-feira,BR-364,209.2,Pleno dia,Decrescente,Nublado,Dupla,Não Informado,-16.42895,-54.69338,DEL02-MT,Risco Médio,Alta
domingo,BR-101,157.0,Plena Noite,Decrescente,Chuva,Dupla,Reta,-12.35551,-38.78248,DEL01-BA,Risco Médio,Alta
quinta-feira,BR-116,151.2,Amanhecer,Crescente,Chuva,Dupla,Reta,-23.21959,-45.89988,DEL02-SP,Risco Baixo,Alta
terça-feira,BR-116,63.6,Plena Noite,Crescente,Céu Claro,Dupla,Reta,-22.8127,-45.17801,DEL08-SP,Risco Médio,Alta
sexta-feira,BR-232,10.0,Pleno dia,Decrescente,Chuva,Dupla,Reta,-8.07827,-34.98114,DEL01-PE,Risco Médio,Baixa
quinta-feira,BR-101,65.0,Pleno dia,Crescente,Céu Claro,Múltipla,Reta,-8.024786,-34.94277,DEL01-PE,Risco Médio,Alta
terça-feira,BR-116,117.2,Pleno dia,Decrescente,Nublado,Simples,Não Informado,-22.60276,-43.02514,DEL02-RJ,Risco Médio,Alta
quinta-feira,BR-222,30.0,Plena Noite,Crescente,Céu Claro,Dupla,Interseção de vias,-3.71178,-38.81972,DEL01-CE,Risco Baixo,Baixa
domingo,BR-101,527.0,Plena Noite,Decrescente,Chuva,Simples,Curva,-23.01863,-44.49246,DEL03-RJ,Risco Médio,Alta
quinta-feira,BR-40,84.0,Pleno dia,Crescente,Céu Claro,Simples,Curva,-22.5511,-43.2257,DEL06-RJ,Risco Médio,Alta
domingo,BR-364,20.3,Pleno dia,Crescente,Céu Claro,Simples,Reta,-12.72591,-60.19351,DEL04-RO,Risco Baixo,Alta
terça-feira,BR-60,101.0,Pleno dia,Crescente,Sol,Dupla,Reta,-16.4022,-48.9745,DEL02-GO,Risco Médio,Média
domingo,BR-381,594.1,Plena Noite,Decrescente,Chuva,Dupla,Reta,-20.568,-44.67457,DEL04-MG,Risco Baixo,Alta
quarta-feira,BR-40,121.0,Pleno dia,Crescente,Nublado,Múltipla,Reta,-22.78757,-43.28548,DEL01-RJ,Risco Médio,Alta
segunda-feira,BR-470,2.0,Pleno dia,Decrescente,Sol,Dupla,Reta,-26.86855,-48.67483,DEL04-SC,Risco Alto,Baixa
quinta-feira,BR-262,416.9,Pleno dia,Crescente,Céu Claro,Dupla,Reta,-19.88372,-44.74283,DEL08-MG,Risco Médio,Média
quinta-feira,BR-10,255.0,Anoitecer,Crescente,Céu Claro,Simples,Reta,-5.510472,-47.47175,DEL04-MA,Risco Baixo,Baixa
sábado,BR-153,584.5,Pleno dia,Crescente,Céu Claro,Dupla,Reta,-17.4164,-49.2263,DEL03-GO,Risco Médio,Alta
quarta-feira,BR-364,514.5,Anoitecer,Decrescente,Céu Claro,Simples,Reta,-9.933984,-63.05523,DEL03-RO,Risco Médio,Alta
terça-feira,BR-116,7.9,Plena Noite,Crescente,Céu Claro,Simples,Reta,-6.956637,-38.72346,DEL05-CE,Risco Médio,Alta
sexta-feira,BR-10,271.8,Pleno dia,Decrescente,Céu Claro,Simples,Reta,-5.355799,-47.48322,DEL04-MA,Risco Médio,Baixa
terça-feira,BR-116,293.7,Pleno dia,Crescente,Chuva,Dupla,Reta,-22.4503,-44.33344,DEL07-RJ,Risco Baixo,Alta
quarta-feira,BR-70,43.0,Plena Noite,Decrescente,Céu Claro,Simples,Reta,-15.76277,-52.58432,DEL07-MT,Risco Baixo,Baixa
terça-feira,BR-316,8.0,Pleno dia,Decrescente,Céu Claro,Múltipla,Reta,-1.3677,-48.3756,DEL01-PA,Risco Médio,Baixa
quinta-feira,BR-135,323.0,Pleno dia,Crescente,Céu Claro,Simples,Reta,-8.867694,-44.24013,DEL03-PI,Risco Médio,Baixa
sábado,BR-101,949.0,Pleno dia,Decrescente,Céu Claro,Simples,Reta,-18.1684,-39.91874,DEL09-BA,Risco Médio,Alta
terça-feira,BR-101,38.7,Pleno dia,Decrescente,Sol,Dupla,Reta,-7.8051,-34.9259,DEL01-PE,Risco Médio,Alta
sexta-feira,BR-230,235.6,Pleno dia,Crescente,Sol,Simples,Reta,-7.0473,-36.5268,DEL02-PB,Risco Médio,Baixa
quarta-feira,BR-101,382.0,Anoitecer,Crescente,Chuva,Múltipla,Reta,-28.75967,-49.28552,DEL02-SC,Risco Médio,Alta
terça-feira,BR-282,532.6,Pleno dia,Crescente,Céu Claro,Simples,Reta,-26.99595,-52.62218,DEL07-SC,Risco Médio,Baixa
terça-feira,BR-153,492.0,Pleno dia,Decrescente,Céu Claro,Simples,Reta,-16.6461,-49.2114,DEL01-GO,Risco Baixo,Alta
domingo,BR-361,109.0,Plena Noite,Crescente,Nublado,Simples,Não Informado,-7.294098,-38.11121,DEL03-PB,Risco Alto,Baixa
domingo,BR-116,147.5,Pleno dia,Decrescente,Céu Claro,Múltipla,Curva,-23.19543,-45.87176,DEL02-SP,Risco Médio,Alta
segunda-feira,BR-381,765.0,Plena Noite,Crescente,Céu Claro,Dupla,Curva,-21.75667,-45.40552,DEL16-MG,Risco Médio,Alta
sábado,BR-80,127.0,Plena Noite,Crescente,Chuva,Simples,Reta,-15.01709,-48.89912,DEL07-GO,Risco Médio,Baixa
domingo,BR-101,290.0,Pleno dia,Crescente,Céu Claro,Dupla,Reta,-20.28928,-40.39182,DEL01-ES,Risco Médio,Alta
domingo,BR-116,426.0,Plena Noite,Decrescente,Céu Claro,Múltipla,Reta,-12.26899,-38.98888,DEL02-BA,Risco Médio,Alta
sexta-feira,BR-316,289.0,Plena Noite,Crescente,Chuva,Simples,Reta,-3.812155,-45.19569,DEL02-MA,Risco Alto,Baixa
quarta-feira,BR-101,61.0,Pleno dia,Decrescente,Céu Claro,Simples,Reta,-21.72653,-41.32132,DEL08-RJ,Risco Baixo,Alta
domingo,BR-101,219.0,Plena Noite,Crescente,Céu Claro,Dupla,Interseção de vias,-27.6855,-48.6667,DEL01-SC,Risco Médio,Alta
terça-feira,BR-210,3.0,Pleno dia,Crescente,Céu Claro,Simples,Retorno Regulamentado,0.08723365,-51.08569,DEL01-AP,Risco Médio,Baixa
segunda-feira,BR-369,148.0,Plena Noite,Crescente,Céu Claro,Dupla,Interseção de vias,-23.31075,-51.1632,DEL07-PR,Risco Médio,Baixa
terça-feira,BR-324,621.0,Pleno dia,Decrescente,Céu Claro,Simples,Reta,-12.921,-38.467,DEL01-BA,Risco Médio,Baixa
quarta-feira,BR-319,60.9,Plena Noite,Decrescente,Céu Claro,Dupla,Rotatória,-8.738507,-63.8903,DEL01-RO,Risco Médio,Baixa
quarta-feira,BR-381,854.4,Pleno dia,Crescente,Nublado,Dupla,Curva,-22.2796,-45.8948,DEL16-MG,Risco Médio,Alta
sábado,BR-381,638.5,Pleno dia,Decrescente,Céu Claro,Dupla,Reta,-20.90712,-44.86007,DEL04-MG,Risco Baixo,Alta
domingo,BR-101,178.0,Pleno dia,Crescente,Céu Claro,Simples,Reta,-19.61033,-40.20858,DEL04-ES,Risco Médio,Alta
quinta-feira,BR-10,105.0,Plena Noite,Decrescente,Nublado,Simples,Desvio Temporário,-3.51161,-47.48236,DEL02-PA,Risco Baixo,Baixa
quarta-feira,BR-70,522.0,Pleno dia,Decrescente,Nublado,Simples,Reta,-15.67805,-56.17594,DEL01-MT,Risco Médio,Baixa
sábado,BR-153,61.5,Pleno dia,Crescente,Nublado,Dupla,Desvio Temporário,-20.8095,-49.35651,DEL09-SP,Risco Médio,Alta
terça-feira,BR-101,394.0,Pleno dia,Crescente,Céu Claro,Simples,Rotatória,-28.8241,-49.40465,DEL02-SC,Risco Médio,Alta
terça-feira,BR-364,89.0,Pleno dia,Decrescente,Céu Claro,Simples,Rotatória,-18.50517,-51.06947,DEL05-GO,Risco Médio,Alta
sexta-feira,BR-101,266.6,Pleno dia,Crescente,Céu Claro,Múltipla,Reta,-20.2085,-40.2696,DEL02-ES,Risco Médio,Alta
sexta-feira,BR-101,480.0,Plena Noite,Crescente,Nublado,Simples,Curva,-22.9911,-44.3044,DEL03-RJ,Risco Médio,Alta
sábado,BR-277,552.9,Pleno dia,Crescente,Céu Claro,Simples,Não Informado,-25.08708,-53.13647,DEL04-PR,Risco Baixo,Média
quarta-feira,BR-101,132.0,Plena Noite,Decrescente,Céu Claro,Dupla,Reta,-26.99654,-48.65565,DEL04-SC,Risco Médio,Alta
quinta-feira,BR-251,31.9,Pleno dia,Crescente,Céu Claro,Simples,Reta,-16.06748,-47.53147,DEL01-DF,Risco Médio,Baixa
domingo,BR-116,301.4,Pleno dia,Decrescente,Chuva,Dupla,Reta,-23.82096,-46.92442,DEL04-SP,Risco Médio,Alta
domingo,BR-262,392.3,Plena Noite,Decrescente,Céu Claro,Simples,Curva,-20.42219,-54.94858,DEL01-MS,Risco Alto,Média
quarta-feira,BR-163,486.0,Pleno dia,Crescente,Nublado,Simples,Reta,-5.61748,-55.79848,DEL05-PA,Risco Médio,Alta
domingo,BR-381,721.0,Pleno dia,Decrescente,Chuva,Dupla,Curva,-21.46902,-45.20581,DEL04-MG,Risco Baixo,Alta
sexta-feira,BR-386,3.8,Pleno dia,Crescente,Céu Claro,Simples,Curva,-27.18226,-53.24966,DEL08-RS,Risco Médio,Média
quarta-feira,BR-60,94.3,Anoitecer,Crescente,Nublado,Dupla,Reta,-16.35804,-48.93153,DEL02-GO,Risco Médio,Média
domingo,BR-116,412.9,Plena Noite,Crescente,Ignorado,Simples,Viaduto,-18.87422,-41.96621,DEL06-MG,Risco Médio,Alta
quinta-feira,BR-386,410.0,Pleno dia,Crescente,Céu Claro,Dupla,Curva,-29.79953,-51.52424,DEL04-RS,Risco Baixo,Média
segunda-feira,BR-40,511.0,Plena Noite,Decrescente,Céu Claro,Dupla,Retorno Regulamentado,-19.78164,-44.11733,DEL01-MG,Risco Médio,Alta
sábado,BR-280,4.8,Plena Noite,Decrescente,Garoa/Chuvisco,Simples,Reta,-26.25852,-48.62376,DEL03-SC,Risco Médio,Baixa
domingo,BR-470,49.3,Plena Noite,Crescente,Céu Claro,Simples,Não Informado,-26.86066,-49.06516,DEL04-SC,Risco Médio,Baixa
domingo,BR-232,90.1,Pleno dia,Crescente,Céu Claro,Dupla,Reta,-8.217291,-35.65572,DEL02-PE,Risco Alto,Baixa
sexta-feira,BR-158,121.4,Plena Noite,Crescente,Céu Claro,Simples,Reta,-19.88124,-51.1331,DEL08-MS,Risco Médio,Baixa
quarta-feira,BR-406,70.3,Plena Noite,Decrescente,Céu Claro,Simples,Reta,-5.386061,-36.06259,DEL02-RN,Risco Médio,Baixa
quinta-feira,BR-110,75.3,Pleno dia,Crescente,Céu Claro,Simples,Reta,-5.446106,-37.32687,DEL04-RN,Risco Médio,Baixa
domingo,BR-242,640.0,Amanhecer,Decrescente,Céu Claro,Simples,Reta,-12.2252,-43.46329,DEL10-BA,Risco Baixo,Baixa
domingo,BR-40,221.0,Plena Noite,Crescente,Nublado,Simples,Reta,-17.96603,-45.64115,DEL14-MG,Risco Médio,Alta
terça-feira,BR-393,235.0,Amanhecer,Crescente,Nublado,Simples,Curva,-22.40695,-43.66979,DEL05-RJ,Risco Médio,Média
sábado,BR-381,872.0,Plena Noite,Decrescente,Céu Claro,Dupla,Reta,-22.44483,-45.9929,DEL16-MG,Risco Médio,Alta
quinta-feira,BR-376,2.0,Pleno dia,Crescente,Céu Claro,Dupla,Reta,-25.55236,-49.18735,DEL01-PR,Risco Médio,Baixa
terça-feira,BR-267,251.7,Plena Noite,Decrescente,Nublado,Simples,Não Informado,-21.93391,-44.49316,DEL17-MG,Risco Médio,Baixa
quinta-feira,BR-116,813.8,Pleno dia,Crescente,Nublado,Simples,Curva,-21.85012,-42.66566,DEL07-MG,Risco Médio,Alta
terça-feira,BR-230,1.0,Pleno dia,Decrescente,Céu Claro,Dupla,Reta,-3.177474,-52.18267,DEL04-PA,Risco Baixo,Baixa
terça-feira,BR-316,5.0,Pleno dia,Crescente,Céu Claro,Dupla,Reta,-1.378179,-48.39417,DEL01-PA,Risco Médio,Baixa
terça-feira,BR-20,1.4,Pleno dia,Decrescente,Sol,Dupla,Reta,-15.67858,-47.84773,DEL02-DF,Risco Médio,Baixa
quinta-feira,BR-116,519.0,Plena Noite,Decrescente,Céu Claro,Simples,Reta,-31.69369,-52.35459,DEL07-RS,Risco Baixo,Alta
quarta-feira,BR-262,505.4,Pleno dia,Decrescente,Céu Claro,Simples,Reta,-20.48317,-55.95315,DEL03-MS,Risco Médio,Média
terça-feira,BR-316,126.6,Pleno dia,Decrescente,Céu Claro,Simples,Reta,-9.395093,-36.88489,DEL03-AL,Risco Baixo,Baixa
domingo,BR-101,95.9,Pleno dia,Decrescente,Céu Claro,Múltipla,Não Informado,-26.70876,-48.70221,DEL03-SC,Risco Médio,Alta
sábado,BR-40,799.0,Plena Noite,Crescente,Nublado,Dupla,Reta,-21.82857,-43.37364,DEL05-MG,Risco Médio,Alta
domingo,BR-116,31.0,Plena Noite,Crescente,Nublado,Dupla,Curva,-25.10158,-48.83062,DEL01-PR,Risco Baixo,Alta
sexta-feira,BR-290,394.0,Pleno dia,Decrescente,Céu Claro,Simples,Reta,-30.34055,-54.08654,DEL09-RS,Risco Médio,Baixa
quinta-feira,BR-50,39.0,Plena Noite,Decrescente,Vento,Dupla,Viaduto,-18.6665,-48.1739,DEL15-MG,Risco Médio,Média
sexta-feira,BR-467,72.0,Pleno dia,Decrescente,Céu Claro,Dupla,Retorno Regulamentado,-24.7253,-53.7052,DEL04-PR,Risco Médio,Baixa
sábado,BR-116,22.5,Pleno dia,Crescente,Sol,Dupla,Reta,-22.58368,-44.87773,DEL08-SP,Risco Baixo,Alta
sexta-feira,BR-319,13.0,Pleno dia,Crescente,Céu Claro,Simples,Reta,-3.19026,-59.86871,DEL01-AM,Risco Alto,Baixa