dia_semana,br,km,fase_dia,sentido_via,condicao_metereologica,tipo_pista,tracado_via,latitude,longitude,delegacia,classificacao_acidente,postos_policiais_PRF
sexta-feira,BR-282,3.0,Plena Noite,Crescente,Céu Claro,Múltipla,Reta,-27.60061,-48.60081,DEL01-SC,Risco Médio,Baixa
sexta-feira,BR-381,490.9,Plena Noite,Decrescente,Céu Claro,Múltipla,Curva,-19.95776,-44.15006,DEL01-MG,Risco Médio,Alta
quarta-feira,BR-470,177.8,Plena Noite,Crescente,Garoa/Chuvisco,Simples,Reta,-27.25186,-49.958,DEL04-SC,Risco Médio,Baixa
quinta-feira,BR-163,701.0,Amanhecer,Crescente,Nublado,Simples,Reta,-13.07203,-55.92963,DEL06-MT,Risco Médio,Alta
sexta-feira,BR-381,348.0,Pleno dia,Crescente,Nublado,Simples,Curva,-19.85244,-43.14084,DEL03-MG,Risco Médio,Alta
sábado,BR-290,29.2,Pleno dia,Decrescente,Céu Claro,Múltipla,Reta,-29.88333,-50.54509,DEL03-RS,Risco Médio,Baixa
sexta-feira,BR-153,43.5,Plena Noite,Decrescente,Céu Claro,Simples,Curva,-20.65051,-49.34149,DEL09-SP,Risco Médio,Alta
segunda-feira,BR-116,347.0,Plena Noite,Crescente,Céu Claro,Simples,Reta,-11.56452,-38.98882,DEL02-BA,Risco Médio,Alta
domingo,BR-262,54.2,Plena Noite,Crescente,Nublado,Simples,Curva,-20.26135,-42.16469,DEL06-MG,Risco Médio,Média
sábado,BR-101,105.1,Plena Noite,Crescente,Céu Claro,Múltipla,Interseção de vias,-5.906138,-35.26037,DEL01-RN,Risco Médio,Alta
sexta-feira,BR-70,1.0,Plena Noite,Crescente,Céu Claro,Dupla,Reta,-15.89164,-52.26203,DEL07-MT,Risco Médio,Baixa
sábado,BR-101,728.9,Pleno dia,Crescente,Céu Claro,Simples,Não Informado,-16.45587,-39.5727,DEL09-BA,Risco Médio,Alta
segunda-feira,BR-116,554.0,Pleno dia,Crescente,Garoa/Chuvisco,Dupla,Curva,-24.97108,-48.50018,DEL05-SP,Risco Baixo,Alta
sexta-feira,BR-20,419.1,Pleno dia,Crescente,Céu Claro,Simples,Rotatória,-3.844087,-38.58499,DEL01-CE,Risco Médio,Baixa
terça-feira,BR-116,448.0,Pleno dia,Crescente,Céu Claro,Dupla,Interseção de vias,-24.521,-47.85337,DEL05-SP,Risco Médio,Alta
sexta-feira,BR-116,116.2,Pleno dia,Crescente,Nublado,Dupla,Reta,-25.55366,-49.30546,DEL01-PR,Risco Médio,Alta
quarta-feira,BR-101,77.0,Plena Noite,Crescente,Nublado,Simples,Curva,-9.466672,-35.87963,DEL01-AL,Risco Médio,Alta
segunda-feira,BR-40,499.0,Anoitecer,Decrescente,Céu Claro,Dupla,Reta,-19.7048,-44.1699,DEL02-MG,Risco Médio,Alta
sábado,BR-101,295.0,Pleno dia,Crescente,Céu Claro,Dupla,Reta,-22.7638,-42.9027,DEL02-RJ,Risco Médio,Alta
terça-feira,BR-242,540.0,Pleno dia,Decrescente,Céu Claro,Simples,Reta,-12.10074,-42.9192,DEL10-BA,Risco Baixo,Baixa
segunda-feira,BR-158,265.4,Amanhecer,Decrescente,Nevoeiro/Neblina,Simples,Reta,-29.25021,-53.66499,DEL09-RS,Risco Alto,Baixa
quinta-feira,BR-158,202.0,Plena Noite,Crescente,Céu Claro,Simples,Reta,-23.94045,-52.34694,DEL04-PR,Risco Médio,Baixa
domingo,BR-101,939.0,Plena Noite,Crescente,Céu Claro,Simples,Reta,-18.1684,-39.91874,DEL09-BA,Risco Baixo,Alta
sexta-feira,BR-101,145.0,Pleno dia,Decrescente,Céu Claro,Múltipla,Não Informado,-27.08139,-48.60131,DEL04-SC,Risco Médio,Alta
domingo,BR-40,524.7,Plena Noite,Crescente,Céu Claro,Dupla,Reta,-19.87545,-44.05346,DEL01-MG,Risco Médio,Alta
quinta-feira,BR-116,219.0,Pleno dia,Crescente,Nublado,Simples,Reta,-23.4629,-46.4928,DEL01-SP,Risco Médio,Alta
quinta-feira,BR-386,354.7,Pleno dia,Decrescente,Sol,Dupla,Ponte,-29.51273,-51.94067,DEL04-RS,Risco Médio,Média
sexta-feira,BR-343,348.2,Plena Noite,Crescente,Céu Claro,Simples,Reta,-5.11282,-42.77396,DEL01-PI,Risco Médio,Baixa
domingo,BR-101,43.0,Plena Noite,Crescente,Garoa/Chuvisco,Dupla,Reta,-7.8456,-34.9106,DEL01-PE,Risco Médio,Alta
sábado,BR-381,700.9,Pleno dia,Crescente,Sol,Dupla,Curva,-21.288,-45.1454,DEL04-MG,Risco Médio,Alta
segunda-feira,BR-50,78.0,Pleno dia,Crescente,Céu Claro,Dupla,Reta,-18.9441,-48.2187,DEL15-MG,Risco Baixo,Média
quarta-feira,BR-116,102.0,Pleno dia,Decrescente,Chuva,Dupla,Reta,-25.55064,-49.15025,DEL01-PR,Risco Baixo,Alta
sexta-feira,BR-153,508.1,Amanhecer,Decrescente,Céu Claro,Dupla,Não Informado,-16.7734,-49.2378,DEL01-GO,Risco Baixo,Alta
segunda-feira,BR-317,109.8,Pleno dia,Crescente,Céu Claro,Simples,Reta,-10.29467,-67.69325,DEL01-AC,Risco Médio,Baixa
sexta-feira,BR-135,57.0,Pleno dia,Decrescente,Céu Claro,Simples,Reta,-11.241,-45.03584,DEL10-BA,Risco Médio,Baixa
sábado,BR-153,54.5,Plena Noite,Crescente,Céu Claro,Dupla,Não Informado,-20.74489,-49.33895,DEL09-SP,Risco Médio,Alta
terça-feira,BR-277,671.0,Amanhecer,Crescente,Nublado,Dupla,Não Informado,-25.2849,-54.08745,DEL05-PR,Risco Médio,Média
quarta-feira,BR-222,219.9,Pleno dia,Crescente,Céu Claro,Simples,Reta,-3.728886,-40.32126,DEL04-CE,Risco Médio,Baixa
quinta-feira,BR-282,165.0,Amanhecer,Decrescente,Céu Claro,Simples,Reta,-27.73837,-49.80121,DEL05-SC,Risco Médio,Baixa
sexta-feira,BR-293,14.3,Plena Noite,Crescente,Céu Claro,Simples,Reta,-31.7514,-52.46562,DEL07-RS,Risco Alto,Baixa
quinta-feira,BR-70,307.0,Pleno dia,Crescente,Céu Claro,Simples,Não Informado,-15.8674,-50.7985,DEL04-GO,Risco Baixo,Baixa
quinta-feira,BR-116,102.9,Plena Noite,Crescente,Nublado,Dupla,Reta,-25.5587,-49.15063,DEL01-PR,Risco Baixo,Alta
domingo,BR-101,307.0,Plena Noite,Decrescente,Céu Claro,Dupla,Reta,-22.79116,-43.01514,DEL02-RJ,Risco Médio,Alta
terça-feira,BR-116,726.0,Pleno dia,Crescente,Céu Claro,Simples,Não Informado,-21.28973,-42.41764,DEL07-MG,Risco Médio,Alta
sexta-feira,BR-386,180.8,Plena Noite,Crescente,Nublado,Simples,Reta,-28.30582,-52.74034,DEL08-RS,Risco Médio,Média
sábado,BR-20,12.4,Plena Noite,Decrescente,Céu Claro,Dupla,Reta,-15.64117,-47.75481,DEL02-DF,Risco Alto,Baixa
sexta-feira,BR-163,119.8,Plena Noite,Crescente,Céu Claro,Dupla,Reta,-16.50541,-54.65154,DEL02-MT,Risco Médio,Alta
segunda-feira,BR-222,21.8,Pleno dia,Crescente,Garoa/Chuvisco,Simples,Não Informado,-3.737153,-38.74294,DEL01-CE,Risco Médio,Baixa
sexta-feira,BR-101,214.0,Plena Noite,Crescente,Céu Claro,Múltipla,Reta,-27.652,-48.676,DEL01-SC,Risco Médio,Alta
domingo,BR-116,216.6,Pleno dia,Decrescente,Céu Claro,Dupla,Reta,-22.70521,-43.74067,DEL01-RJ,Risco Baixo,Alta
quinta-feira,BR-116,278.1,Plena Noite,Crescente,Céu Claro,Simples,Reta,-17.86846,-41.51714,DEL11-MG,Risco Médio,Alta
quinta-feira,BR-222,210.9,Plena Noite,Crescente,Céu Claro,Simples,Reta,-3.788635,-40.28159,DEL04-CE,Risco Médio,Baixa
terça-feira,BR-101,303.0,Pleno dia,Decrescente,Céu Claro,Dupla,Reta,-22.78282,-42.97667,DEL02-RJ,Risco Baixo,Alta
quarta-feira,BR-324,605.0,Pleno dia,Crescente,Céu Claro,Dupla,Reta,-12.80385,-38.39601,DEL01-BA,Risco Médio,Baixa
terça-feira,BR-476,133.6,Plena Noite,Crescente,Chuva,Múltipla,Curva,-25.4733,-49.25771,DEL01-PR,Risco Baixo,Baixa
segunda-feira,BR-277,40.0,Pleno dia,Decrescente,Céu Claro,Dupla,Curva,-25.58219,-48.86979,DEL01-PR,Risco Baixo,Média
quinta-feira,BR-116,572.1,Plena Noite,Decrescente,Garoa/Chuvisco,Simples,Reta,-31.97551,-52.78901,DEL07-RS,Risco Médio,Alta
domingo,BR-262,445.0,Pleno dia,Crescente,Céu Claro,Simples,Interseção de vias,-20.53327,-55.42026,DEL03-MS,Risco Alto,Média
terça-feira,BR-226,3.1,Pleno dia,Decrescente,Céu Claro,Dupla,Curva,-5.821886,-35.25247,DEL01-RN,Risco Baixo,Baixa
domingo,BR-116,527.0,Plena Noite,Crescente,Nublado,Dupla,Reta,-24.93316,-48.28308,DEL05-SP,Risco Baixo,Alta
sexta-feira,BR-280,25.8,Plena Noite,Decrescente,Nevoeiro/Neblina,Simples,Reta,-26.38353,-48.72678,DEL03-SC,Risco Médio,Baixa
quinta-feira,BR-364,481.0,Plena Noite,Crescente,Nublado,Simples,Reta,-10.11145,-62.85053,DEL03-RO,Risco Médio,Alta
sábado,BR-364,343.4,Plena Noite,Crescente,Céu Claro,Dupla,Reta,-10.8776,-61.94682,DEL02-RO,Risco Médio,Alta
quinta-feira,BR-116,95.4,Pleno dia,Crescente,Céu Claro,Dupla,Reta,-22.96515,-45.43013,DEL08-SP,Risco Médio,Alta
domingo,BR-101,297.8,Plena Noite,Crescente,Céu Claro,Dupla,Reta,-20.35264,-40.41471,DEL01-ES,Risco Médio,Alta
quinta-feira,BR-101,100.0,Pleno dia,Decrescente,Céu Claro,Simples,Reta,-8.266993,-35.05234,DEL01-PE,Risco Baixo,Alta
segunda-feira,BR-158,79.3,Pleno dia,Crescente,Céu Claro,Simples,Reta,-27.74064,-53.32065,DEL08-RS,Risco Médio,Baixa
quarta-feira,BR-316,8.0,Pleno dia,Decrescente,Céu Claro,Dupla,Reta,-1.366236,-48.3678,DEL01-PA,Risco Médio,Baixa
domingo,BR-101,108.0,Plena Noite,Crescente,Céu Claro,Simples,Retorno Regulamentado,-12.16492,-38.47703,DEL01-BA,Risco Médio,Alta
terça-feira,BR-116,213.0,Pleno dia,Decrescente,Garoa/Chuvisco,Múltipla,Reta,-23.43971,-46.43668,DEL01-SP,Risco Baixo,Alta
quarta-feira,BR-381,456.0,Pleno dia,Decrescente,Nublado,Dupla,Reta,-19.85863,-43.91292,DEL01-MG,Risco Médio,Alta
sábado,BR-365,626.0,Pleno dia,Crescente,Céu Claro,Múltipla,Não Informado,-18.90659,-48.33469,DEL15-MG,Risco Médio,Média
terça-feira,BR-158,645.3,Pleno dia,Crescente,Sol,Simples,Reta,-14.60623,-52.35888,DEL07-MT,Risco Médio,Baixa
quarta-feira,BR-364,91.2,Amanhecer,Crescente,Céu Claro,Simples,Não Informado,-12.2859,-60.64011,DEL04-RO,Risco Médio,Alta
quarta-feira,BR-101,216.0,Anoitecer,Crescente,Chuva,Dupla,Reta,-27.65981,-48.67748,DEL01-SC,Risco Médio,Alta
quarta-feira,BR-290,122.0,Anoitecer,Decrescente,Nublado,Simples,Reta,-30.05231,-51.42819,DEL02-RS,Risco Médio,Baixa
quarta-feira,BR-153,63.8,Plena Noite,Crescente,Céu Claro,Dupla,Curva,-20.82805,-49.36003,DEL09-SP,Risco Médio,Alta
quinta-feira,BR-470,135.6,Pleno dia,Decrescente,Céu Claro,Simples,Reta,-27.18849,-49.61232,DEL04-SC,Risco Médio,Baixa
sexta-feira,BR-376,371.2,Amanhecer,Decrescente,Nublado,Simples,Reta,-24.34653,-50.82787,DEL07-PR,Risco Médio,Baixa
terça-feira,BR-101,536.0,Pleno dia,Decrescente,Céu Claro,Simples,Curva,-15.15775,-39.41074,DEL05-BA,Risco Médio,Alta
terça-feira,BR-50,117.6,Amanhecer,Decrescente,Céu Claro,Dupla,Reta,-19.28878,-48.11859,DEL13-MG,Risco Médio,Média
sábado,BR-414,326.0,Plena Noite,Crescente,Céu Claro,Simples,Reta,-15.58099,-48.62866,DEL02-GO,Risco Alto,Baixa
sexta-feira,BR-232,6.5,Pleno dia,Crescente,Céu Claro,Dupla,Reta,-8.072083,-34.95748,DEL01-PE,Risco Baixo,Baixa
sábado,BR-369,431.0,Anoitecer,Decrescente,Nublado,Simples,Não Informado,-24.4598,-52.8578,DEL04-PR,Risco Médio,Baixa
quarta-feira,BR-116,524.3,Pleno dia,Crescente,Céu Claro,Simples,Interseção de vias,-31.72864,-52.38747,DEL07-RS,Risco Médio,Alta
sábado,BR-116,335.0,Pleno dia,Decrescente,Céu Claro,Dupla,Reta,-23.96963,-47.13375,DEL04-SP,Risco Médio,Alta
segunda-feira,BR-364,238.7,Pleno dia,Decrescente,Céu Claro,Simples,Reta,-11.43539,-61.46118,DEL02-RO,Risco Médio,Alta
sábado,BR-20,422.0,Plena Noite,Decrescente,Céu Claro,Dupla,Reta,-3.850744,-38.56487,DEL01-CE,Risco Médio,Baixa
quarta-feira,BR-116,23.0,Plena Noite,Decrescente,Céu Claro,Dupla,Reta,-3.95025,-38.51221,DEL01-CE,Risco Médio,Alta
quarta-feira,BR-40,77.0,Plena Noite,Decrescente,Vento,Simples,Não Informado,-22.48006,-43.23544,DEL06-RJ,Risco Baixo,Alta
segunda-feira,BR-407,16.0,Plena Noite,Crescente,Céu Claro,Simples,Reta,-8.580682,-40.97111,DEL06-PE,Risco Médio,Baixa
quarta-feira,BR-376,186.5,Pleno dia,Crescente,Chuva,Dupla,Não Informado,-23.4535,-51.85061,DEL09-PR,Risco Médio,Baixa
quarta-feira,BR-101,100.7,Anoitecer,Crescente,Céu Claro,Múltipla,Viaduto,-5.8805,-35.2255,DEL01-RN,Risco Médio,Alta
domingo,BR-116,142.0,Pleno dia,Crescente,Céu Claro,Dupla,Reta,-23.1728,-45.8266,DEL06-SP,Risco Médio,Alta
domingo,BR-101,237.0,Anoitecer,Decrescente,Chuva,Dupla,Reta,-27.8444,-48.6354,DEL01-SC,Risco Baixo,Alta
quinta-feira,BR-381,37.2,Plena Noite,Crescente,Céu Claro,Dupla,Reta,-23.10506,-46.56882,DEL03-SP,Risco Médio,Alta
domingo,BR-40,4.6,Anoitecer,Decrescente,Nublado,Dupla,Reta,-16.08524,-47.98675,DEL01-DF,Risco Baixo,Alta
segunda-feira,BR-369,160.0,Pleno dia,Crescente,Céu Claro,Dupla,Reta,-23.28209,-51.25268,DEL07-PR,Risco Médio,Baixa
sexta-feira,BR-153,41.0,Pleno dia,Crescente,Céu Claro,Simples,Não Informado,-23.28793,-50.05922,DEL07-PR,Risco Médio,Alta
terça-feira,BR-319,58.0,Pleno dia,Crescente,Nublado,Dupla,Reta,-8.743427,-63.91232,DEL01-RO,Risco Baixo,Baixa
terça-feira,BR-262,5.5,Pleno dia,Decrescente,Céu Claro,Dupla,Rotatória,-20.78173,-51.67009,DEL07-MS,Risco Médio,Média
sábado,BR-80,19.0,Plena Noite,Decrescente,Céu Claro,Dupla,Curva,-15.3845,-48.2088,DEL01-DF,Risco Médio,Baixa
sexta-feira,BR-101,485.0,Plena Noite,Crescente,Céu Claro,Simples,Reta,-22.97053,-44.29804,DEL03-RJ,Risco Médio,Alta
sexta-feira,BR-369,145.0,Pleno dia,Crescente,Céu Claro,Dupla,Reta,-23.29325,-51.11825,DEL07-PR,Risco Médio,Baixa
quarta-feira,BR-343,347.4,Pleno dia,Crescente,Céu Claro,Múltipla,Reta,-5.081568,-42.77139,DEL01-PI,Risco Médio,Baixa
quarta-feira,BR-101,206.3,Pleno dia,Crescente,Céu Claro,Dupla,Reta,-27.6001,-48.6225,DEL01-SC,Risco Baixo,Alta
quarta-feira,BR-364,1061.0,Plena Noite,Crescente,Céu Claro,Simples,Desvio Temporário,-9.782093,-66.55954,DEL01-RO,Risco Médio,Alta
terça-feira,BR-110,49.8,Pleno dia,Crescente,Céu Claro,Dupla,Reta,-5.223005,-37.32544,DEL04-RN,Risco Médio,Baixa
terça-feira,BR-70,363.0,Plena Noite,Crescente,Céu Claro,Simples,Reta,-15.47931,-54.97787,DEL05-MT,Risco Médio,Baixa
domingo,BR-135,244.1,Pleno dia,Decrescente,Céu Claro,Simples,Reta,-4.521339,-44.35332,DEL03-MA,Risco Alto,Baixa
sexta-feira,BR-116,910.1,Pleno dia,Decrescente,Céu Claro,Simples,Reta,-15.51627,-41.23893,DEL08-BA,Risco Alto,Alta
sábado,BR-262,665.3,Plena Noite,Crescente,Garoa/Chuvisco,Simples,Curva,-19.55528,-46.75704,DEL08-MG,Risco Médio,Média
domingo,BR-116,121.9,Amanhecer,Crescente,Céu Claro,Dupla,Reta,-23.07631,-45.65337,DEL02-SP,Risco Médio,Alta
quarta-feira,BR-116,5.2,Pleno dia,Decrescente,Nublado,Dupla,Curva,-25.08301,-48.59995,DEL01-PR,Risco Médio,Alta
quarta-feira,BR-101,313.3,Pleno dia,Decrescente,Céu Claro,Simples,Reta,-20.3302,-40.29285,DEL03-ES,Risco Médio,Alta
sábado,BR-381,499.0,Pleno dia,Crescente,Céu Claro,Dupla,Não Informado,-20.01793,-44.22614,DEL01-MG,Risco Baixo,Alta
domingo,BR-163,556.7,Plena Noite,Crescente,Céu Claro,Simples,Não Informado,-19.84536,-54.36947,DEL01-MS,Risco Médio,Alta
quarta-feira,BR-364,344.0,Plena Noite,Decrescente,Céu Claro,Dupla,Reta,-10.87376,-61.95257,DEL02-RO,Risco Médio,Alta
segunda-feira,BR-277,546.0,Pleno dia,Crescente,Céu Claro,Simples,Reta,-25.10462,-53.10246,DEL04-PR,Risco Médio,Média
terça-feira,BR-381,527.0,Pleno dia,Crescente,Garoa/Chuvisco,Dupla,Curva,-20.167,-44.3321,DEL04-MG,Risco Baixo,Alta
quarta-feira,BR-290,203.2,Plena Noite,Crescente,Céu Claro,Simples,Curva,-30.17336,-52.24774,DEL02-RS,Risco Médio,Baixa
sexta-feira,BR-101,72.9,Pleno dia,Decrescente,Céu Claro,Simples,Interseção de vias,-5.704543,-35.26574,DEL02-RN,Risco Médio,Alta
terça-feira,BR-116,188.2,Pleno dia,Decrescente,Chuva,Simples,Desvio Temporário,-17.14756,-41.50225,DEL11-MG,Risco Alto,Alta
sábado,BR-116,177.0,Pleno dia,Decrescente,Céu Claro,Dupla,Reta,-22.75327,-43.43674,DEL01-RJ,Risco Médio,Alta
segunda-feira,BR-235,6.0,Plena Noite,Crescente,Céu Claro,Dupla,Reta,-10.90385,-37.12868,DEL01-SE,Risco Médio,Baixa
domingo,BR-116,114.0,Plena Noite,Decrescente,Céu Claro,Dupla,Reta,-25.56297,-49.25644,DEL01-PR,Risco Baixo,Alta
quarta-feira,BR-101,401.4,Plena Noite,Decrescente,Céu Claro,Simples,Curva,-20.88556,-40.98237,DEL03-ES,Risco Médio,Alta
sábado,BR-116,232.0,Plena Noite,Decrescente,Nublado,Simples,Não Informado,-29.633,-51.14325,DEL01-RS,Risco Baixo,Alta
quarta-feira,BR-153,335.0,Plena Noite,Crescente,Nublado,Simples,Reta,-25.48894,-50.64509,DEL03-PR,Risco Médio,Alta
sexta-feira,BR-153,255.8,Pleno dia,Crescente,Nublado,Dupla,Curva,-22.23194,-49.91889,DEL07-SP,Risco Médio,Alta
sábado,BR-316,12.0,Pleno dia,Crescente,Céu Claro,Dupla,Reta,-1.3655,-48.3397,DEL01-PA,Risco Baixo,Baixa
sexta-feira,BR-174,503.0,Pleno dia,Decrescente,Céu Claro,Dupla,Não Informado,2.794901,-60.69844,DEL01-RR,Risco Médio,Baixa
quarta-feira,BR-470,122.9,Pleno dia,Decrescente,Céu Claro,Simples,Curva,-27.10678,-49.52205,DEL04-SC,Risco Médio,Baixa
quinta-feira,BR-20,423.0,Pleno dia,Crescente,Céu Claro,Múltipla,Reta,-3.76999,-38.67006,DEL01-CE,Risco Médio,Baixa
quinta-feira,BR-60,182.0,Anoitecer,Crescente,Céu Claro,Dupla,Reta,-16.7778,-49.489,DEL01-GO,Risco Baixo,Média
sexta-feira,BR-101,9.5,Pleno dia,Decrescente,Chuva,Simples,Reta,-10.27272,-36.87052,DEL02-SE,Risco Baixo,Alta
domingo,BR-116,748.0,Pleno dia,Crescente,Céu Claro,Simples,Reta,-14.41458,-40.3522,DEL08-BA,Risco Médio,Alta
segunda-feira,BR-235,3.9,Pleno dia,Decrescente,Céu Claro,Dupla,Reta,-10.9059,-37.111,DEL01-SE,Risco Médio,Baixa
domingo,BR-277,711.0,Pleno dia,Decrescente,Céu Claro,Dupla,Reta,-25.45408,-54.42225,DEL05-PR,Risco Médio,Média
quarta-feira,BR-319,61.5,Pleno dia,Crescente,Céu Claro,Dupla,Reta,-8.74376,-63.88936,DEL01-RO,Risco Médio,Baixa
terça-feira,BR-116,151.2,Pleno dia,Crescente,Nublado,Simples,Não Informado,-25.82348,-49.33548,DEL01-PR,Risco Médio,Alta
sábado,BR-20,5.0,Pleno dia,Decrescente,Céu Claro,Simples,Não Informado,-15.55527,-47.30691,DEL02-DF,Risco Baixo,Baixa
domingo,BR-40,414.0,Anoitecer,Crescente,Céu Claro,Simples,Reta,-19.1383,-44.61526,DEL02-MG,Risco Médio,Alta
terça-feira,BR-40,79.0,Pleno dia,Crescente,Sol,Dupla,Curva,-22.4981,-43.2289,DEL06-RJ,Risco Médio,Alta
sábado,BR-262,446.8,Pleno dia,Crescente,Sol,Simples,Reta,-19.87515,-44.95031,DEL08-MG,Risco Baixo,Média
sexta-feira,BR-101,87.0,Pleno dia,Decrescente,Céu Claro,Simples,Reta,-8.1916,-34.9749,DEL01-PE,Risco Médio,Alta
quarta-feira,BR-230,17.0,Plena Noite,Crescente,Céu Claro,Múltipla,Não Informado,-7.1121,-34.8426,DEL01-PB,Risco Médio,Baixa
domingo,BR-116,277.7,Amanhecer,Decrescente,Céu Claro,Dupla,Reta,-23.63477,-46.82493,DEL04-SP,Risco Médio,Alta
quinta-feira,BR-232,119.6,Pleno dia,Crescente,Céu Claro,Dupla,Reta,-8.298268,-35.90208,DEL02-PE,Risco Médio,Baixa
segunda-feira,BR-116,19.0,Pleno dia,Decrescente,Céu Claro,Dupla,Reta,-3.913844,-38.50667,DEL01-CE,Risco Médio,Alta
domingo,BR-153,89.8,Pleno dia,Decrescente,Chuva,Simples,Reta,-20.95756,-49.55807,DEL09-SP,Risco Baixo,Alta
sábado,BR-235,1.0,Pleno dia,Decrescente,Céu Claro,Dupla,Reta,-10.9073,-37.0947,DEL01-SE,Risco Médio,Baixa
quarta-feira,BR-116,142.1,Plena Noite,Decrescente,Céu Claro,Simples,Reta,-26.97954,-50.39559,DEL06-SC,Risco Médio,Alta
domingo,BR-116,186.0,Plena Noite,Crescente,Nublado,Dupla,Desvio Temporário,-23.0,-46.0,DEL02-SP,Risco Médio,Alta
terça-feira,BR-40,105.0,Pleno dia,Decrescente,Céu Claro,Múltipla,Reta,-22.63833,-43.28416,DEL01-RJ,Risco Médio,Alta
sexta-feira,BR-101,460.0,Pleno dia,Crescente,Chuva,Dupla,Reta,-29.25789,-49.75652,DEL03-RS,Risco Médio,Alta
quinta-feira,BR-381,64.5,Pleno dia,Crescente,Céu Claro,Dupla,Curva,-23.30896,-46.57925,DEL03-SP,Risco Alto,Alta
sábado,BR-116,661.1,Plena Noite,Decrescente,Nublado,Simples,Curva,-20.79372,-42.30204,DEL07-MG,Risco Médio,Alta
sábado,BR-381,939.0,Pleno dia,Crescente,Sol,Dupla,Não Informado,-22.81907,-46.29837,DEL16-MG,Risco Médio,Alta
domingo,BR-116,551.0,Pleno dia,Decrescente,Céu Claro,Dupla,Curva,-24.97656,-48.49878,DEL05-SP,Risco Baixo,Alta
quarta-feira,BR-381,355.0,Plena Noite,Decrescente,Nublado,Simples,Reta,-19.84112,-43.19939,DEL03-MG,Risco Médio,Alta
domingo,BR-163,463.1,Pleno dia,Crescente,Garoa/Chuvisco,Simples,Reta,-20.60684,-54.57759,DEL01-MS,Risco Médio,Alta
quinta-feira,BR-367,81.9,Pleno dia,Crescente,Nublado,Simples,Interseção de vias,-16.3731,-39.5751,DEL09-BA,Risco Baixo,Baixa
quarta-feira,BR-488,1.0,Pleno dia,Crescente,Céu Claro,Dupla,Reta,-22.85019,-45.23187,DEL08-SP,Risco Médio,Baixa
segunda-feira,BR-376,475.8,Plena Noite,Crescente,Chuva,Dupla,Curva,-25.04092,-50.28579,DEL03-PR,Risco Baixo,Baixa
sábado,BR-10,272.3,Plena Noite,Crescente,Céu Claro,Simples,Reta,-2.049077,-47.55113,DEL02-PA,Risco Médio,Baixa
sábado,BR-467,99.1,Anoitecer,Decrescente,Céu Claro,Dupla,Curva,-24.8931,-53.5442,DEL04-PR,Risco Médio,Baixa
domingo,BR-285,380.2,Amanhecer,Crescente,Céu Claro,Simples,Reta,-28.42805,-53.17033,DEL10-RS,Risco Médio,Baixa
quinta-feira,BR-101,75.0,Pleno dia,Decrescente,Chuva,Dupla,Interseção de vias,-5.722621,-35.27783,DEL02-RN,Risco Médio,Alta
sábado,BR-470,141.0,Plena Noite,Decrescente,Céu Claro,Simples,Reta,-27.22606,-49.66616,DEL04-SC,Risco Baixo,Baixa
sexta-feira,BR-104,22.0,Pleno dia,Crescente,Céu Claro,Simples,Curva,-9.073717,-36.03703,DEL01-AL,Risco Médio,Baixa
terça-feira,BR-101,260.6,Pleno dia,Decrescente,Nublado,Simples,Curva,-20.14654,-40.28207,DEL02-ES,Risco Alto,Alta
quinta-feira,BR-282,85.3,Plena Noite,Crescente,Nublado,Simples,Desvio Temporário,-27.66701,-49.1928,DEL01-SC,Risco Médio,Baixa
quinta-feira,BR-60,23.0,Plena Noite,Decrescente,Céu Claro,Dupla,Reta,-16.0963,-48.5202,DEL01-DF,Risco Médio,Média
sexta-feira,BR-101,494.0,Pleno dia,Crescente,Céu Claro,Simples,Reta,-22.93753,-44.31852,DEL03-RJ,Risco Médio,Alta
terça-feira,BR-277,413.0,Pleno dia,Decrescente,Céu Claro,Simples,Curva,-25.11961,-52.81157,DEL04-PR,Risco Médio,Média
sexta-feira,BR-116,36.5,Plena Noite,Crescente,Céu Claro,Simples,Reta,-28.49611,-50.91471,DEL05-RS,Risco Médio,Alta
sábado,BR-282,222.0,Pleno dia,Crescente,Nublado,Simples,Não Informado,-27.79774,-50.35341,DEL05-SC,Risco Baixo,Baixa
sexta-feira,BR-101,231.0,Pleno dia,Crescente,Vento,Dupla,Retorno Regulamentado,-19.94426,-40.40662,DEL02-ES,Risco Baixo,Alta
domingo,BR-101,334.0,Pleno dia,Decrescente,Céu Claro,Dupla,Curva,-22.88513,-43.21716,DEL02-RJ,Risco Médio,Alta
sexta-feira,BR-376,590.0,Pleno dia,Decrescente,Nublado,Dupla,Reta,-25.45156,-49.36238,DEL01-PR,Risco Baixo,Baixa
sábado,BR-116,98.4,Pleno dia,Decrescente,Nublado,Dupla,Reta,-22.97913,-45.45801,DEL08-SP,Risco Médio,Alta
sexta-feira,BR-163,251.0,Plena Noite,Crescente,Chuva,Simples,Interseção de vias,-24.68988,-53.76593,DEL06-PR,Risco Baixo,Alta
sexta-feira,BR-381,908.3,Pleno dia,Decrescente,Chuva,Dupla,Reta,-22.6862,-46.1031,DEL16-MG,Risco Médio,Alta
sexta-feira,BR-343,3.0,Pleno dia,Crescente,Céu Claro,Múltipla,Não Informado,-5.089569,-42.80229,DEL01-PI,Risco Médio,Baixa
quarta-feira,BR-376,438.0,Anoitecer,Crescente,Garoa/Chuvisco,Dupla,Não Informado,-24.79596,-50.49507,DEL03-PR,Risco Médio,Baixa