dia_semana,br,km,fase_dia,sentido_via,condicao_metereologica,tipo_pista,tracado_via,latitude,longitude,delegacia,classificacao_acidente,postos_policiais_PRF
domingo,BR-60,78.3,Plena Noite,Crescente,Chuva,Dupla,Reta,-16.29757,-48.80596,DEL02-GO,Risco Baixo,Média
quarta-feira,BR-364,13.5,Pleno dia,Crescente,Céu Claro,Dupla,Curva,-17.2563,-53.31215,DEL02-MT,Risco Baixo,Alta
sexta-feira,BR-262,30.0,Pleno dia,Decrescente,Céu Claro,Simples,Reta,-20.37451,-40.56495,DEL01-ES,Risco Médio,Média
domingo,BR-381,342.0,Plena Noite,Crescente,Céu Claro,Simples,Reta,-19.84962,-43.10954,DEL03-MG,Risco Médio,Alta
sexta-feira,BR-70,1.6,Plena Noite,Decrescente,Céu Claro,Dupla,Não Informado,-15.79715,-48.06967,DEL01-DF,Risco Médio,Baixa
segunda-feira,BR-376,493.0,Plena Noite,Crescente,Céu Claro,Dupla,Reta,-25.12472,-50.18123,DEL03-PR,Risco Médio,Baixa
terça-feira,BR-324,392.0,Pleno dia,Crescente,Céu Claro,Simples,Reta,-11.53085,-39.71044,DEL04-BA,Risco Baixo,Baixa
segunda-feira,BR-282,505.2,Anoitecer,Crescente,Céu Claro,Simples,Reta,-26.88553,-52.41864,DEL07-SC,Risco Médio,Baixa
terça-feira,BR-414,440.0,Anoitecer,Crescente,Céu Claro,Simples,Rotatória,-16.28446,-48.94324,DEL02-GO,Risco Médio,Baixa
terça-feira,BR-135,47.0,Pleno dia,Decrescente,Sol,Simples,Curva,-11.16785,-45.06716,DEL10-BA,Risco Baixo,Baixa
sábado,BR-101,263.9,Plena Noite,Decrescente,Nublado,Dupla,Reta,-20.1729,-40.26745,DEL02-ES,Risco Baixo,Alta
quinta-feira,BR-476,122.0,Pleno dia,Crescente,Céu Claro,Múltipla,Retorno Regulamentado,-25.38994,-49.20433,DEL01-PR,Risco Médio,Baixa
sexta-feira,BR-101,895.0,Pleno dia,Crescente,Nublado,Simples,Reta,-17.6844,-39.7737,DEL09-BA,Risco Médio,Alta
domingo,BR-101,494.0,Plena Noite,Decrescente,Céu Claro,Simples,Reta,-22.93753,-44.31852,DEL03-RJ,Risco Baixo,Alta
sexta-feira,BR-101,232.0,Pleno dia,Decrescente,Sol,Simples,Reta,-12.7376,-39.18449,DEL01-BA,Risco Médio,Alta
sexta-feira,BR-425,100.0,Pleno dia,Decrescente,Céu Claro,Dupla,Não Informado,-10.41156,-65.33094,DEL01-RO,Risco Médio,Baixa
domingo,BR-163,185.0,Plena Noite,Decrescente,Nublado,Dupla,Curva,-25.13566,-53.5836,DEL04-PR,Risco Médio,Alta
quinta-feira,BR-287,449.7,Plena Noite,Crescente,Céu Claro,Simples,Reta,-29.00634,-55.26428,DEL12-RS,Risco Médio,Baixa
sexta-feira,BR-316,81.0,Pleno dia,Decrescente,Chuva,Simples,Reta,-1.305501,-47.77083,DEL01-PA,Risco Médio,Baixa
quarta-feira,BR-364,710.0,Plena Noite,Crescente,Céu Claro,Dupla,Retorno Regulamentado,-8.786216,-63.85713,DEL01-RO,Risco Médio,Alta
domingo,BR-101,202.0,Pleno dia,Decrescente,Céu Claro,Múltipla,Reta,-27.55712,-48.61898,DEL01-SC,Risco Médio,Alta
sábado,BR-110,150.5,Pleno dia,Crescente,Céu Claro,Simples,Reta,-10.6698,-38.42085,DEL07-BA,Risco Médio,Baixa
segunda-feira,BR-230,503.0,Plena Noite,Decrescente,Céu Claro,Simples,Reta,-6.89784,-38.54618,DEL03-PB,Risco Médio,Baixa
terça-feira,BR-156,820.0,Pleno dia,Decrescente,Chuva,Simples,Reta,3.840769,-51.8227,DEL01-AP,Risco Médio,Baixa
sábado,BR-262,326.8,Plena Noite,Crescente,Céu Claro,Simples,Reta,-20.46681,-54.54178,DEL01-MS,Risco Médio,Média
terça-feira,BR-116,146.0,Plena Noite,Crescente,Céu Claro,Dupla,Reta,-23.19123,-45.86328,DEL02-SP,Risco Médio,Alta
quinta-feira,BR-364,299.0,Pleno dia,Crescente,Céu Claro,Dupla,Interseção de vias,-17.55906,-52.52843,DEL05-GO,Risco Médio,Alta
domingo,BR-280,118.8,Pleno dia,Crescente,Nublado,Simples,Não Informado,-26.25883,-49.44565,DEL06-SC,Risco Médio,Baixa
segunda-feira,BR-242,572.6,Pleno dia,Crescente,Nublado,Simples,Curva,-12.08886,-43.15442,DEL10-BA,Risco Médio,Baixa
terça-feira,BR-116,140.0,Plena Noite,Crescente,Céu Claro,Simples,Não Informado,-22.64662,-43.21117,DEL04-RJ,Risco Médio,Alta
sexta-feira,BR-282,507.3,Anoitecer,Decrescente,Céu Claro,Simples,Reta,-26.88617,-52.43911,DEL07-SC,Risco Médio,Baixa
quarta-feira,BR-356,29.0,Plena Noite,Crescente,Céu Claro,Simples,Reta,-21.18163,-41.94541,DEL08-RJ,Risco Alto,Baixa
domingo,BR-116,784.5,Amanhecer,Decrescente,Nublado,Simples,Curva,-21.63841,-42.70731,DEL07-MG,Risco Baixo,Alta
quarta-feira,BR-116,123.0,Plena Noite,Crescente,Vento,Simples,Reta,-4.647521,-38.15769,DEL03-CE,Risco Baixo,Alta
terça-feira,BR-376,308.9,Pleno dia,Crescente,Sol,Simples,Não Informado,-23.97858,-51.09541,DEL07-PR,Risco Médio,Baixa
terça-feira,BR-40,751.6,Pleno dia,Decrescente,Nublado,Simples,Curva,-21.4903,-43.535,DEL05-MG,Risco Médio,Alta
sábado,BR-116,607.7,Anoitecer,Crescente,Céu Claro,Simples,Reta,-20.38753,-42.14688,DEL07-MG,Risco Médio,Alta
segunda-feira,BR-174,710.0,Pleno dia,Decrescente,Chuva,Simples,Não Informado,4.460678,-61.13785,DEL01-RR,Risco Médio,Baixa
segunda-feira,BR-101,148.6,Pleno dia,Decrescente,Nublado,Dupla,Interseção de vias,-19.39619,-40.06436,DEL04-ES,Risco Médio,Alta
sábado,BR-40,0.8,Pleno dia,Decrescente,Céu Claro,Dupla,Reta,-16.05827,-47.98266,DEL01-DF,Risco Baixo,Alta
domingo,BR-116,336.0,Plena Noite,Crescente,Céu Claro,Dupla,Curva,-24.10289,-47.26044,DEL04-SP,Risco Médio,Alta
sábado,BR-101,126.0,Plena Noite,Decrescente,Céu Claro,Dupla,Reta,-6.086887,-35.23438,DEL01-RN,Risco Médio,Alta
sexta-feira,BR-290,29.2,Pleno dia,Decrescente,Sol,Dupla,Reta,-29.88366,-50.54718,DEL03-RS,Risco Médio,Baixa
quarta-feira,BR-60,390.0,Pleno dia,Decrescente,Céu Claro,Dupla,Reta,-17.823,-50.9515,DEL04-GO,Risco Baixo,Média
domingo,BR-60,395.5,Amanhecer,Decrescente,Céu Claro,Simples,Reta,-20.75567,-54.78573,DEL01-MS,Risco Médio,Média
domingo,BR-158,268.0,Pleno dia,Decrescente,Céu Claro,Dupla,Não Informado,-17.84668,-51.73598,DEL05-GO,Risco Baixo,Baixa
segunda-feira,BR-40,34.0,Plena Noite,Crescente,Nublado,Dupla,Curva,-22.2092,-43.136,DEL06-RJ,Risco Baixo,Alta
sábado,BR-423,76.0,Plena Noite,Crescente,Nublado,Simples,Reta,-8.731839,-36.43146,DEL03-PE,Risco Médio,Baixa
domingo,BR-470,162.0,Plena Noite,Crescente,Céu Claro,Simples,Reta,-27.28261,-49.8171,DEL04-SC,Risco Médio,Baixa
sexta-feira,BR-101,21.6,Plena Noite,Decrescente,Nevoeiro/Neblina,Simples,Reta,-23.332,-44.92272,DEL06-SP,Risco Alto,Alta
quinta-feira,BR-364,346.0,Pleno dia,Decrescente,Sol,Simples,Reta,-10.8676,-61.9657,DEL02-RO,Risco Baixo,Alta
quarta-feira,BR-230,176.0,Pleno dia,Crescente,Céu Claro,Simples,Reta,-7.1733,-36.0333,DEL02-PB,Risco Médio,Baixa
sexta-feira,BR-101,5.3,Plena Noite,Crescente,Céu Claro,Dupla,Reta,-10.22996,-36.83918,DEL02-SE,Risco Médio,Alta
terça-feira,BR-153,82.0,Pleno dia,Decrescente,Céu Claro,Simples,Reta,-13.54287,-49.10424,DEL07-GO,Risco Alto,Alta
sábado,BR-230,403.0,Pleno dia,Crescente,Céu Claro,Simples,Reta,-7.516863,-46.03524,DEL05-MA,Risco Baixo,Baixa
sexta-feira,BR-101,413.0,Amanhecer,Crescente,Céu Claro,Simples,Reta,-28.94726,-49.50539,DEL02-SC,Risco Médio,Alta
segunda-feira,BR-222,35.0,Pleno dia,Crescente,Céu Claro,Dupla,Não Informado,-3.700936,-38.8648,DEL01-CE,Risco Médio,Baixa
domingo,BR-101,690.4,Pleno dia,Crescente,Chuva,Simples,Curva,-16.17176,-39.59481,DEL09-BA,Risco Médio,Alta
quinta-feira,BR-381,652.9,Plena Noite,Crescente,Nublado,Dupla,Reta,-20.96978,-44.9316,DEL04-MG,Risco Médio,Alta
domingo,BR-153,209.9,Plena Noite,Decrescente,Céu Claro,Dupla,Interseção de vias,-20.07281,-49.073,DEL13-MG,Risco Baixo,Alta
domingo,BR-116,147.6,Pleno dia,Crescente,Céu Claro,Múltipla,Reta,-23.19543,-45.87176,DEL02-SP,Risco Médio,Alta
segunda-feira,BR-381,484.0,Pleno dia,Crescente,Céu Claro,Dupla,Curva,-19.95532,-44.11722,DEL01-MG,Risco Médio,Alta
domingo,BR-364,273.6,Plena Noite,Crescente,Nevoeiro/Neblina,Dupla,Reta,-15.96078,-54.96773,DEL02-MT,Risco Baixo,Alta
quinta-feira,BR-101,49.3,Pleno dia,Crescente,Nublado,Múltipla,Reta,-7.900515,-34.90181,DEL01-PE,Risco Baixo,Alta
domingo,BR-316,91.2,Plena Noite,Crescente,Nublado,Simples,Reta,-7.909393,-40.01516,DEL05-PE,Risco Médio,Baixa
segunda-feira,BR-316,479.0,Anoitecer,Crescente,Céu Claro,Simples,Reta,-4.620735,-43.92139,DEL03-MA,Risco Médio,Baixa
sábado,BR-101,436.4,Amanhecer,Decrescente,Nevoeiro/Neblina,Dupla,Rotatória,-29.11128,-49.63812,DEL02-SC,Risco Médio,Alta
domingo,BR-20,353.1,Plena Noite,Decrescente,Céu Claro,Simples,Reta,-4.0648,-39.03143,DEL02-CE,Risco Alto,Baixa
sexta-feira,BR-60,163.0,Pleno dia,Crescente,Céu Claro,Múltipla,Viaduto,-16.7002,-49.3335,DEL01-GO,Risco Médio,Média
segunda-feira,BR-277,594.0,Pleno dia,Crescente,Céu Claro,Simples,Interseção de vias,-24.97948,-53.49233,DEL04-PR,Risco Médio,Média
quarta-feira,BR-40,2.6,Pleno dia,Decrescente,Céu Claro,Dupla,Reta,-15.99435,-47.98595,DEL01-DF,Risco Médio,Alta
quinta-feira,BR-101,206.8,Pleno dia,Crescente,Nublado,Dupla,Reta,-27.59194,-48.61825,DEL01-SC,Risco Médio,Alta
sábado,BR-376,599.0,Plena Noite,Crescente,Céu Claro,Dupla,Reta,-25.5263,-49.32958,DEL01-PR,Risco Baixo,Baixa
sábado,BR-116,275.5,Pleno dia,Crescente,Céu Claro,Dupla,Interseção de vias,-17.84681,-41.51555,DEL11-MG,Risco Médio,Alta
sábado,BR-135,631.0,Plena Noite,Crescente,Céu Claro,Simples,Curva,-10.75376,-45.1585,DEL03-PI,Risco Alto,Baixa
quarta-feira,BR-153,295.5,Pleno dia,Crescente,Chuva,Simples,Reta,-15.24967,-49.55631,DEL02-GO,Risco Médio,Alta
quarta-feira,BR-40,117.0,Pleno dia,Decrescente,Céu Claro,Dupla,Reta,-22.74568,-43.2881,DEL01-RJ,Risco Médio,Alta
quinta-feira,BR-116,4.7,Anoitecer,Crescente,Nublado,Múltipla,Reta,-3.792564,-38.50891,DEL01-CE,Risco Médio,Alta
segunda-feira,BR-116,1.0,Pleno dia,Crescente,Chuva,Dupla,Curva,-25.0629,-48.5692,DEL01-PR,Risco Médio,Alta
sexta-feira,BR-476,122.5,Pleno dia,Decrescente,Sol,Dupla,Reta,-25.38577,-49.20338,DEL01-PR,Risco Baixo,Baixa
segunda-feira,BR-101,209.2,Pleno dia,Decrescente,Céu Claro,Múltipla,Reta,-27.61001,-48.63895,DEL01-SC,Risco Médio,Alta
terça-feira,BR-222,366.0,Plena Noite,Crescente,Céu Claro,Simples,Reta,-3.698244,-45.40848,DEL02-MA,Risco Alto,Baixa
terça-feira,BR-343,255.0,Amanhecer,Crescente,Nublado,Simples,Reta,-4.768979,-42.11343,DEL01-PI,Risco Baixo,Baixa
quarta-feira,BR-381,944.0,Amanhecer,Decrescente,Chuva,Dupla,Não Informado,-22.8586,-46.33793,DEL16-MG,Risco Baixo,Alta
sexta-feira,BR-158,772.0,Plena Noite,Crescente,Garoa/Chuvisco,Simples,Reta,-15.893,-52.2599,DEL07-MT,Risco Baixo,Baixa
sexta-feira,BR-376,663.9,Pleno dia,Decrescente,Garoa/Chuvisco,Dupla,Curva,-25.85382,-48.95742,DEL01-PR,Risco Médio,Baixa
quarta-feira,BR-101,338.0,Plena Noite,Decrescente,Céu Claro,Múltipla,Reta,-28.48572,-49.03726,DEL02-SC,Risco Baixo,Alta
sábado,BR-163,967.0,Pleno dia,Decrescente,Céu Claro,Simples,Reta,-2.672137,-54.84205,DEL05-PA,Risco Médio,Alta
domingo,BR-493,93.0,Pleno dia,Crescente,Céu Claro,Dupla,Reta,-22.69673,-43.69123,DEL01-RJ,Risco Médio,Baixa
sexta-feira,BR-116,174.3,Pleno dia,Decrescente,Sol,Múltipla,Reta,-22.77189,-43.40558,DEL01-RJ,Risco Baixo,Alta
quinta-feira,BR-101,4.0,Pleno dia,Crescente,Céu Claro,Dupla,Reta,-29.33222,-49.78508,DEL03-RS,Risco Médio,Alta
sexta-feira,BR-381,78.8,Plena Noite,Crescente,Céu Claro,Dupla,Não Informado,-23.39621,-46.57355,DEL03-SP,Risco Médio,Alta
segunda-feira,BR-262,443.9,Plena Noite,Crescente,Céu Claro,Dupla,Curva,-20.52699,-55.4012,DEL03-MS,Risco Médio,Média
domingo,BR-469,13.1,Plena Noite,Crescente,Vento,Simples,Reta,-25.57585,-54.54765,DEL05-PR,Risco Médio,Baixa
domingo,BR-316,10.3,Pleno dia,Crescente,Céu Claro,Simples,Reta,-5.189066,-42.76166,DEL01-PI,Risco Médio,Baixa
quarta-feira,BR-290,336.3,Pleno dia,Decrescente,Céu Claro,Simples,Curva,-30.37346,-53.54156,DEL09-RS,Risco Médio,Baixa
quinta-feira,BR-316,110.5,Pleno dia,Crescente,Céu Claro,Simples,Reta,-1.318289,-47.51511,DEL01-PA,Risco Baixo,Baixa
sábado,BR-116,102.0,Anoitecer,Decrescente,Céu Claro,Dupla,Reta,-22.49821,-42.99844,DEL02-RJ,Risco Baixo,Alta
sábado,BR-280,281.5,Amanhecer,Decrescente,Nevoeiro/Neblina,Simples,Reta,-26.23973,-53.23061,DEL02-PR,Risco Médio,Baixa
domingo,BR-435,99.0,Plena Noite,Decrescente,Céu Claro,Simples,Desvio Temporário,-13.18608,-60.60098,DEL04-RO,Risco Médio,Baixa
segunda-feira,BR-101,149.5,Pleno dia,Crescente,Céu Claro,Dupla,Não Informado,-27.11259,-48.61084,DEL04-SC,Risco Alto,Alta
segunda-feira,BR-282,24.6,Pleno dia,Decrescente,Nublado,Simples,Viaduto,-27.67904,-48.74906,DEL01-SC,Risco Médio,Baixa
sexta-feira,BR-232,181.8,Pleno dia,Decrescente,Nublado,Simples,Reta,-8.347409,-36.44311,DEL03-PE,Risco Médio,Baixa
sábado,BR-116,151.0,Plena Noite,Crescente,Céu Claro,Dupla,Reta,-23.21981,-45.89992,DEL02-SP,Risco Baixo,Alta
quarta-feira,BR-285,636.0,Amanhecer,Decrescente,Nublado,Simples,Reta,-28.58466,-55.62617,DEL12-RS,Risco Baixo,Baixa
quinta-feira,BR-381,335.0,Pleno dia,Crescente,Chuva,Simples,Curva,-19.7784,-43.0437,DEL03-MG,Risco Baixo,Alta
sábado,BR-116,501.0,Pleno dia,Crescente,Nublado,Simples,Reta,-12.61456,-39.57185,DEL03-BA,Risco Baixo,Alta
domingo,BR-381,925.0,Pleno dia,Crescente,Céu Claro,Dupla,Não Informado,-22.7686,-46.207,DEL16-MG,Risco Médio,Alta
quinta-feira,BR-20,426.0,Pleno dia,Crescente,Céu Claro,Dupla,Reta,-3.856076,-38.55322,DEL01-CE,Risco Médio,Baixa
quarta-feira,BR-365,802.2,Plena Noite,Crescente,Céu Claro,Simples,Reta,-18.92138,-49.86557,DEL15-MG,Risco Médio,Média
sábado,BR-101,46.1,Pleno dia,Decrescente,Chuva,Dupla,Reta,-10.57329,-36.96459,DEL02-SE,Risco Médio,Alta
segunda-feira,BR-101,96.5,Plena Noite,Crescente,Céu Claro,Simples,Não Informado,-18.9705,-39.99085,DEL04-ES,Risco Médio,Alta
quarta-feira,BR-262,492.0,Plena Noite,Decrescente,Céu Claro,Simples,Interseção de vias,-19.78525,-45.39573,DEL08-MG,Risco Médio,Média
terça-feira,BR-101,54.8,Pleno dia,Decrescente,Nublado,Dupla,Desvio Temporário,-26.42619,-48.82767,DEL03-SC,Risco Médio,Alta
sexta-feira,BR-316,612.6,Plena Noite,Crescente,Nublado,Múltipla,Não Informado,-5.075141,-42.85945,DEL03-MA,Risco Médio,Baixa
sábado,BR-163,829.0,Pleno dia,Crescente,Céu Claro,Dupla,Reta,-11.91295,-55.50857,DEL06-MT,Risco Médio,Alta
sexta-feira,BR-428,64.6,Plena Noite,Decrescente,Céu Claro,Simples,Curva,-8.652055,-39.72739,DEL06-PE,Risco Médio,Baixa
segunda-feira,BR-230,34.0,Pleno dia,Decrescente,Chuva,Dupla,Reta,-7.131,-34.9332,DEL01-PB,Risco Baixo,Baixa
terça-feira,BR-304,91.9,Plena Noite,Decrescente,Céu Claro,Simples,Reta,-5.534626,-37.09338,DEL04-RN,Risco Médio,Baixa
sábado,BR-277,369.3,Pleno dia,Decrescente,Nublado,Simples,Não Informado,-25.40691,-51.69087,DEL03-PR,Risco Baixo,Média
quarta-feira,BR-232,4.9,Plena Noite,Crescente,Chuva,Simples,Curva,-8.065903,-34.94412,DEL01-PE,Risco Baixo,Baixa
quarta-feira,BR-277,721.3,Pleno dia,Decrescente,Chuva,Dupla,Reta,-25.49117,-54.51189,DEL05-PR,Risco Baixo,Média
quinta-feira,BR-116,228.0,Pleno dia,Crescente,Sol,Múltipla,Não Informado,-23.50272,-46.56617,DEL01-SP,Risco Médio,Alta
sábado,BR-101,285.0,Pleno dia,Crescente,Céu Claro,Dupla,Reta,-20.25148,-40.3727,DEL01-ES,Risco Médio,Alta
terça-feira,BR-116,651.0,Anoitecer,Crescente,Céu Claro,Simples,Reta,-20.71849,-42.27852,DEL07-MG,Risco Médio,Alta
sábado,BR-116,129.8,Plena Noite,Crescente,Céu Claro,Simples,Reta,-4.766018,-38.05603,DEL03-CE,Risco Médio,Alta
quarta-feira,BR-101,409.0,Pleno dia,Decrescente,Céu Claro,Dupla,Reta,-22.88504,-43.8325,DEL01-RJ,Risco Baixo,Alta
sexta-feira,BR-101,485.0,Plena Noite,Crescente,Céu Claro,Simples,Reta,-22.98574,-44.2971,DEL03-RJ,Risco Médio,Alta
sábado,BR-381,433.4,Pleno dia,Decrescente,Céu Claro,Simples,Reta,-19.78576,-43.72185,DEL01-MG,Risco Médio,Alta
terça-feira,BR-101,70.0,Pleno dia,Crescente,Céu Claro,Simples,Reta,-18.75324,-39.86252,DEL04-ES,Risco Médio,Alta
sábado,BR-158,0.8,Pleno dia,Crescente,Céu Claro,Simples,Reta,-23.99658,-52.35879,DEL04-PR,Risco Baixo,Baixa
quarta-feira,BR-60,80.0,Plena Noite,Crescente,Céu Claro,Dupla,Não Informado,-16.3053,-48.8208,DEL02-GO,Risco Médio,Média
quarta-feira,BR-116,3.0,Pleno dia,Crescente,Céu Claro,Simples,Curva,-15.72609,-41.34372,DEL08-BA,Risco Alto,Alta
terça-feira,BR-116,776.8,Plena Noite,Decrescente,Nublado,Simples,Curva,-21.59549,-42.68857,DEL07-MG,Risco Médio,Alta
segunda-feira,BR-381,528.5,Pleno dia,Crescente,Chuva,Dupla,Curva,-20.1634,-44.3399,DEL04-MG,Risco Médio,Alta
sexta-feira,BR-101,324.0,Pleno dia,Decrescente,Céu Claro,Dupla,Reta,-28.4289,-48.92286,DEL02-SC,Risco Médio,Alta
terça-feira,BR-369,172.0,Pleno dia,Crescente,Nublado,Simples,Reta,-23.30635,-51.36374,DEL07-PR,Risco Médio,Baixa
quarta-feira,BR-116,341.9,Pleno dia,Crescente,Céu Claro,Simples,Reta,-6.167405,-38.66024,DEL05-CE,Risco Médio,Alta
domingo,BR-153,143.7,Amanhecer,Decrescente,Nublado,Múltipla,Curva,-7.1961,-48.2363,DEL02-TO,Risco Médio,Alta
terça-feira,BR-60,115.4,Pleno dia,Decrescente,Céu Claro,Dupla,Reta,-16.47074,-49.07386,DEL01-GO,Risco Médio,Média
sexta-feira,BR-381,770.3,Plena Noite,Decrescente,Céu Claro,Dupla,Não Informado,-21.78806,-45.43906,DEL16-MG,Risco Médio,Alta
quarta-feira,BR-407,122.0,Plena Noite,Decrescente,Nublado,Simples,Reta,-9.353687,-40.55052,DEL06-PE,Risco Médio,Baixa
sexta-feira,BR-277,112.5,Plena Noite,Crescente,Céu Claro,Dupla,Reta,-25.44652,-49.48161,DEL03-PR,Risco Médio,Média
sábado,BR-163,101.7,Plena Noite,Decrescente,Céu Claro,Simples,Não Informado,-26.45883,-53.51027,DEL07-SC,Risco Baixo,Alta
quarta-feira,BR-476,151.8,Pleno dia,Crescente,Céu Claro,Dupla,Reta,-25.5636,-49.37704,DEL01-PR,Risco Médio,Baixa
terça-feira,BR-101,115.0,Plena Noite,Crescente,Céu Claro,Simples,Reta,-9.642675,-36.02458,DEL02-AL,Risco Baixo,Alta
quarta-feira,BR-116,376.9,Plena Noite,Decrescente,Nublado,Dupla,Reta,-24.28187,-47.46013,DEL04-SP,Risco Baixo,Alta
quarta-feira,BR-153,121.5,Pleno dia,Crescente,Céu Claro,Simples,Curva,-23.93119,-50.2384,DEL07-PR,Risco Médio,Alta
quinta-feira,BR-101,331.0,Amanhecer,Crescente,Céu Claro,Múltipla,Reta,-22.87831,-43.11423,DEL02-RJ,Risco Médio,Alta
sexta-feira,BR-116,781.6,Pleno dia,Decrescente,Céu Claro,Simples,Não Informado,-21.63888,-42.7038,DEL07-MG,Risco Médio,Alta
segunda-feira,BR-153,316.9,Pleno dia,Decrescente,Céu Claro,Simples,Reta,-25.35023,-50.63455,DEL03-PR,Risco Médio,Alta
sábado,BR-356,16.0,Pleno dia,Decrescente,Céu Claro,Simples,Reta,-21.17841,-42.04844,DEL08-RJ,Risco Médio,Baixa
terça-feira,BR-232,507.0,Plena Noite,Crescente,Céu Claro,Simples,Reta,-8.0523,-39.0853,DEL05-PE,Risco Médio,Baixa
sexta-feira,BR-465,19.0,Pleno dia,Decrescente,Céu Claro,Simples,Reta,-22.83918,-43.61045,DEL01-RJ,Risco Médio,Baixa
segunda-feira,BR-364,188.3,Plena Noite,Crescente,Céu Claro,Simples,Não Informado,-17.92816,-51.65911,DEL05-GO,Risco Médio,Alta
sábado,BR-40,790.1,Plena Noite,Decrescente,Nublado,Dupla,Reta,-21.77131,-43.43619,DEL05-MG,Risco Médio,Alta
quinta-feira,BR-40,715.9,Pleno dia,Decrescente,Nublado,Simples,Não Informado,-21.25162,-43.67182,DEL05-MG,Risco Médio,Alta
sábado,BR-101,76.0,Amanhecer,Crescente,Nublado,Dupla,Reta,-5.72603,-35.28461,DEL02-RN,Risco Baixo,Alta
segunda-feira,BR-376,673.0,Pleno dia,Crescente,Sol,Dupla,Reta,-25.90803,-48.92075,DEL01-PR,Risco Médio,Baixa
segunda-feira,BR-116,222.0,Pleno dia,Decrescente,Chuva,Múltipla,Reta,-23.46703,-46.50513,DEL01-SP,Risco Baixo,Alta
domingo,BR-116,239.0,Plena Noite,Crescente,Chuva,Dupla,Reta,-22.65969,-43.86808,DEL07-RJ,Risco Médio,Alta
quarta-feira,BR-230,45.8,Plena Noite,Crescente,Céu Claro,Dupla,Não Informado,-7.162389,-35.02382,DEL01-PB,Risco Médio,Baixa
terça-feira,BR-101,206.0,Pleno dia,Crescente,Sol,Múltipla,Reta,-27.59194,-48.61825,DEL01-SC,Risco Médio,Alta
quarta-feira,BR-110,155.0,Anoitecer,Decrescente,Nublado,Simples,Reta,-10.72291,-38.47854,DEL07-BA,Risco Baixo,Baixa
quinta-feira,BR-376,132.3,Pleno dia,Crescente,Garoa/Chuvisco,Dupla,Reta,-23.1777,-52.22703,DEL07-PR,Risco Baixo,Baixa
domingo,BR-210,95.1,Pleno dia,Crescente,Garoa/Chuvisco,Simples,Curva,0.6253942,-51.26245,DEL01-AP,Risco Baixo,Baixa
segunda-feira,BR-381,88.9,Pleno dia,Decrescente,Céu Claro,Dupla,Reta,-23.48497,-46.55955,DEL03-SP,Risco Médio,Alta
segunda-feira,BR-116,268.0,Pleno dia,Decrescente,Céu Claro,Dupla,Reta,-29.95043,-51.17653,DEL01-RS,Risco Médio,Alta
terça-feira,BR-101,222.0,Pleno dia,Crescente,Nublado,Dupla,Desvio Temporário,-27.7172,-48.6476,DEL01-SC,Risco Médio,Alta
segunda-feira,BR-470,157.0,Plena Noite,Crescente,Nublado,Simples,Curva,-27.27927,-49.75529,DEL04-SC,Risco Alto,Baixa
quinta-feira,BR-163,117.0,Pleno dia,Crescente,Céu Claro,Dupla,Reta,-16.52183,-54.65882,DEL02-MT,Risco Médio,Alta
quinta-feira,BR-277,72.0,Plena Noite,Decrescente,Chuva,Dupla,Reta,-25.52523,-49.09756,DEL01-PR,Risco Médio,Média
sábado,BR-116,8.9,Plena Noite,Crescente,Céu Claro,Dupla,Reta,-25.08123,-48.62449,DEL01-PR,Risco Médio,Alta
quinta-feira,BR-324,459.0,Plena Noite,Decrescente,Céu Claro,Simples,Reta,-11.93453,-39.22675,DEL02-BA,Risco Médio,Baixa
terça-feira,BR-40,707.9,Pleno dia,Decrescente,Céu Claro,Dupla,Não Informado,-21.23747,-43.70467,DEL05-MG,Risco Médio,Alta
segunda-feira,BR-70,16.5,Pleno dia,Decrescente,Céu Claro,Dupla,Reta,-15.79614,-48.19423,DEL01-DF,Risco Médio,Baixa
domingo,BR-259,57.6,Pleno dia,Crescente,Céu Claro,Dupla,Reta,-19.50866,-40.65581,DEL02-ES,Risco Médio,Baixa
sábado,BR-101,78.0,Pleno dia,Decrescente,Nublado,Dupla,Curva,-10.7818,-37.1416,DEL01-SE,Risco Baixo,Alta
segunda-feira,BR-316,8.0,Plena Noite,Decrescente,Céu Claro,Múltipla,Reta,-1.3677,-48.3756,DEL01-PA,Risco Médio,Baixa
segunda-feira,BR-70,693.0,Pleno dia,Decrescente,Nublado,Simples,Reta,-16.24491,-57.45207,DEL03-MT,Risco Baixo,Baixa
terça-feira,BR-20,59.0,Plena Noite,Decrescente,Céu Claro,Simples,Curva,-15.25577,-47.16512,DEL02-DF,Risco Baixo,Baixa
terça-feira,BR-101,105.7,Pleno dia,Decrescente,Sol,Múltipla,Reta,-5.901652,-35.25929,DEL01-RN,Risco Médio,Alta
sexta-feira,BR-364,404.0,Pleno dia,Decrescente,Chuva,Dupla,Retorno Regulamentado,-15.66159,-55.97144,DEL01-MT,Risco Médio,Alta
terça-feira,BR-423,93.7,Plena Noite,Decrescente,Céu Claro,Simples,Não Informado,-8.874037,-36.46942,DEL03-PE,Risco Médio,Baixa
quinta-feira,BR-230,1.9,Pleno dia,Crescente,Céu Claro,Múltipla,Reta,-6.982862,-34.82973,DEL01-PB,Risco Baixo,Baixa
quinta-feira,BR-282,115.8,Plena Noite,Decrescente,Céu Claro,Simples,Curva,-27.75542,-49.39444,DEL01-SC,Risco Médio,Baixa