dia_semana,br,km,fase_dia,sentido_via,condicao_metereologica,tipo_pista,tracado_via,latitude,longitude,delegacia,classificacao_acidente,postos_policiais_PRF
quinta-feira,BR-116,2.4,Pleno dia,Crescente,Céu Claro,Múltipla,Reta,-3.770198,-38.51725,DEL01-CE,Risco Alto,Alta
domingo,BR-101,54.2,Plena Noite,Crescente,Nevoeiro/Neblina,Dupla,Reta,-26.4277,-48.8264,DEL03-SC,Risco Médio,Alta
terça-feira,BR-116,331.7,Pleno dia,Decrescente,Chuva,Simples,Reta,-30.38998,-51.43352,DEL02-RS,Risco Alto,Alta
segunda-feira,BR-381,37.0,Plena Noite,Decrescente,Céu Claro,Dupla,Reta,-23.10506,-46.56882,DEL03-SP,Risco Médio,Alta
quarta-feira,BR-163,696.0,Pleno dia,Crescente,Céu Claro,Simples,Reta,-13.10984,-55.95286,DEL06-MT,Risco Médio,Alta
sexta-feira,BR-116,155.0,Plena Noite,Crescente,Céu Claro,Simples,Reta,-25.85128,-49.3574,DEL01-PR,Risco Baixo,Alta
segunda-feira,BR-282,5.0,Pleno dia,Decrescente,Céu Claro,Dupla,Reta,-27.58843,-48.61292,DEL01-SC,Risco Médio,Baixa
quinta-feira,BR-101,228.0,Pleno dia,Crescente,Céu Claro,Dupla,Reta,-27.768,-48.6313,DEL01-SC,Risco Baixo,Alta
terça-feira,BR-381,79.0,Pleno dia,Crescente,Chuva,Dupla,Curva,-23.4053,-46.5795,DEL03-SP,Risco Baixo,Alta
sexta-feira,BR-101,193.0,Pleno dia,Decrescente,Céu Claro,Múltipla,Não Informado,-27.48957,-48.65591,DEL01-SC,Risco Médio,Alta
terça-feira,BR-267,634.0,Pleno dia,Decrescente,Céu Claro,Simples,Curva,-21.74891,-57.4204,DEL05-MS,Risco Médio,Baixa
sábado,BR-101,927.0,Amanhecer,Decrescente,Céu Claro,Simples,Reta,-17.94104,-39.85478,DEL09-BA,Risco Médio,Alta
quarta-feira,BR-242,831.0,Plena Noite,Decrescente,Céu Claro,Simples,Reta,-12.13295,-45.11393,DEL10-BA,Risco Médio,Baixa
sexta-feira,BR-163,609.0,Pleno dia,Decrescente,Garoa/Chuvisco,Simples,Reta,-13.75006,-56.05225,DEL01-MT,Risco Médio,Alta
quinta-feira,BR-262,7.0,Pleno dia,Decrescente,Céu Claro,Dupla,Reta,-20.3426,-40.4024,DEL01-ES,Risco Médio,Média
segunda-feira,BR-392,247.7,Plena Noite,Crescente,Céu Claro,Simples,Não Informado,-30.56321,-53.40526,DEL09-RS,Risco Alto,Média
sábado,BR-116,226.0,Plena Noite,Crescente,Céu Claro,Múltipla,Não Informado,-23.49639,-46.55776,DEL01-SP,Risco Médio,Alta
terça-feira,BR-280,155.0,Pleno dia,Crescente,Céu Claro,Simples,Não Informado,-26.2129,-49.7224,DEL06-SC,Risco Baixo,Baixa
quinta-feira,BR-376,185.0,Pleno dia,Decrescente,Céu Claro,Dupla,Reta,-23.45147,-51.85362,DEL09-PR,Risco Médio,Baixa
quarta-feira,BR-116,487.0,Plena Noite,Crescente,Chuva,Dupla,Reta,-12.52091,-39.39262,DEL02-BA,Risco Médio,Alta
sábado,BR-343,603.0,Pleno dia,Crescente,Céu Claro,Simples,Reta,-6.848067,-43.09076,DEL03-PI,Risco Médio,Baixa
quarta-feira,BR-381,490.0,Pleno dia,Crescente,Céu Claro,Múltipla,Reta,-19.95786,-44.14066,DEL01-MG,Risco Médio,Alta
sexta-feira,BR-230,159.9,Plena Noite,Decrescente,Céu Claro,Simples,Reta,-7.247481,-35.93573,DEL02-PB,Risco Baixo,Baixa
segunda-feira,BR-116,342.0,Pleno dia,Crescente,Céu Claro,Dupla,Reta,-24.01625,-47.16798,DEL04-SP,Risco Baixo,Alta
domingo,BR-369,158.9,Plena Noite,Decrescente,Vento,Dupla,Não Informado,-23.28502,-51.24045,DEL07-PR,Risco Médio,Baixa
domingo,BR-280,69.0,Plena Noite,Crescente,Nublado,Simples,Reta,-26.4659,-49.12427,DEL03-SC,Risco Médio,Baixa
segunda-feira,BR-230,680.0,Pleno dia,Decrescente,Céu Claro,Simples,Não Informado,-3.335509,-52.57301,DEL04-PA,Risco Baixo,Baixa
quinta-feira,BR-452,78.0,Pleno dia,Decrescente,Céu Claro,Simples,Reta,-18.05328,-50.23025,DEL04-GO,Risco Médio,Baixa
segunda-feira,BR-365,678.6,Pleno dia,Crescente,Céu Claro,Dupla,Curva,-18.85091,-48.80033,DEL15-MG,Risco Médio,Média
segunda-feira,BR-316,2.6,Pleno dia,Decrescente,Céu Claro,Dupla,Reta,-1.3925,-48.4177,DEL01-PA,Risco Médio,Baixa
sexta-feira,BR-116,79.7,Plena Noite,Decrescente,Céu Claro,Simples,Não Informado,-28.79269,-51.09629,DEL05-RS,Risco Baixo,Alta
quarta-feira,BR-381,337.5,Amanhecer,Decrescente,Chuva,Simples,Reta,-19.79204,-43.05554,DEL03-MG,Risco Médio,Alta
quinta-feira,BR-392,4.9,Plena Noite,Decrescente,Céu Claro,Simples,Reta,-32.0696,-52.09548,DEL07-RS,Risco Médio,Média
domingo,BR-104,141.0,Pleno dia,Decrescente,Nublado,Simples,Reta,-7.37859,-35.89722,DEL02-PB,Risco Médio,Baixa
sábado,BR-101,214.0,Plena Noite,Crescente,Céu Claro,Simples,Interseção de vias,-19.82999,-40.37211,DEL02-ES,Risco Médio,Alta
segunda-feira,BR-267,47.3,Plena Noite,Decrescente,Céu Claro,Simples,Reta,-21.69468,-42.97697,DEL07-MG,Risco Médio,Baixa
quinta-feira,BR-381,775.9,Pleno dia,Decrescente,Céu Claro,Dupla,Reta,-21.80906,-45.48531,DEL16-MG,Risco Médio,Alta
sexta-feira,BR-262,185.2,Pleno dia,Decrescente,Sol,Simples,Curva,-20.30124,-41.70881,DEL01-ES,Risco Médio,Média
sexta-feira,BR-386,161.1,Amanhecer,Crescente,Garoa/Chuvisco,Simples,Reta,-28.16508,-52.83731,DEL08-RS,Risco Médio,Média
segunda-feira,BR-381,490.6,Pleno dia,Crescente,Nublado,Dupla,Reta,-19.95692,-44.14812,DEL01-MG,Risco Médio,Alta
sábado,BR-414,270.3,Plena Noite,Crescente,Ignorado,Simples,Curva,-14.99314,-48.68183,DEL07-GO,Risco Alto,Baixa
sexta-feira,BR-101,282.0,Pleno dia,Crescente,Céu Claro,Simples,Curva,-22.73591,-42.80593,DEL02-RJ,Risco Médio,Alta
domingo,BR-163,845.0,Pleno dia,Decrescente,Céu Claro,Simples,Reta,-11.89878,-55.50501,DEL06-MT,Risco Médio,Alta
sábado,BR-116,142.0,Pleno dia,Crescente,Céu Claro,Múltipla,Reta,-22.64876,-43.23032,DEL04-RJ,Risco Médio,Alta
terça-feira,BR-101,85.0,Plena Noite,Crescente,Chuva,Simples,Reta,-8.1846,-34.9681,DEL01-PE,Risco Alto,Alta
quinta-feira,BR-364,30.0,Pleno dia,Crescente,Céu Claro,Simples,Não Informado,-20.02519,-48.94096,DEL13-MG,Risco Médio,Alta
sexta-feira,BR-101,88.5,Pleno dia,Crescente,Garoa/Chuvisco,Dupla,Reta,-26.64254,-48.68951,DEL03-SC,Risco Médio,Alta
terça-feira,BR-316,90.0,Pleno dia,Decrescente,Céu Claro,Simples,Reta,-1.319435,-47.69193,DEL01-PA,Risco Médio,Baixa
segunda-feira,BR-470,50.8,Pleno dia,Decrescente,Céu Claro,Dupla,Interseção de vias,-26.86121,-49.08088,DEL04-SC,Risco Médio,Baixa
quinta-feira,BR-116,6.0,Pleno dia,Crescente,Garoa/Chuvisco,Dupla,Curva,-25.0871,-48.60776,DEL01-PR,Risco Baixo,Alta
quarta-feira,BR-101,463.0,Pleno dia,Crescente,Nublado,Simples,Reta,-23.02636,-44.21297,DEL03-RJ,Risco Baixo,Alta
quinta-feira,BR-101,97.2,Pleno dia,Decrescente,Céu Claro,Dupla,Reta,-5.857612,-35.21272,DEL01-RN,Risco Médio,Alta
segunda-feira,BR-153,497.0,Pleno dia,Crescente,Céu Claro,Dupla,Reta,-16.6854,-49.2338,DEL01-GO,Risco Médio,Alta
domingo,BR-20,21.8,Plena Noite,Decrescente,Céu Claro,Dupla,Reta,-15.60338,-47.68469,DEL02-DF,Risco Médio,Baixa
sexta-feira,BR-174,506.0,Plena Noite,Crescente,Céu Claro,Dupla,Reta,2.822843,-60.69567,DEL01-RR,Risco Médio,Baixa
segunda-feira,BR-174,505.0,Pleno dia,Decrescente,Céu Claro,Dupla,Reta,2.803013,-60.69343,DEL01-RR,Risco Médio,Baixa
quarta-feira,BR-381,33.0,Pleno dia,Crescente,Céu Claro,Dupla,Curva,-23.0728,-46.56674,DEL03-SP,Risco Médio,Alta
segunda-feira,BR-116,308.0,Plena Noite,Crescente,Nublado,Dupla,Desvio Temporário,-23.86214,-46.94719,DEL04-SP,Risco Médio,Alta
domingo,BR-232,275.0,Plena Noite,Crescente,Céu Claro,Simples,Reta,-8.377679,-37.25557,DEL04-PE,Risco Alto,Baixa
sábado,BR-365,396.0,Pleno dia,Crescente,Chuva,Simples,Curva,-18.62563,-46.39068,DEL10-MG,Risco Baixo,Média
sábado,BR-110,352.0,Plena Noite,Decrescente,Nublado,Simples,Reta,-12.30119,-38.37162,DEL01-BA,Risco Médio,Baixa
quinta-feira,BR-116,388.0,Pleno dia,Decrescente,Nublado,Dupla,Reta,-24.26936,-47.39751,DEL04-SP,Risco Baixo,Alta
sexta-feira,BR-40,413.5,Plena Noite,Decrescente,Céu Claro,Simples,Interseção de vias,-19.13248,-44.62252,DEL02-MG,Risco Médio,Alta
domingo,BR-316,79.0,Pleno dia,Crescente,Céu Claro,Simples,Reta,-1.303792,-47.78865,DEL01-PA,Risco Baixo,Baixa
domingo,BR-262,762.3,Pleno dia,Crescente,Céu Claro,Simples,Não Informado,-19.70755,-47.70152,DEL13-MG,Risco Médio,Média
sábado,BR-116,171.0,Amanhecer,Decrescente,Céu Claro,Dupla,Reta,-22.80604,-43.3429,DEL01-RJ,Risco Baixo,Alta
segunda-feira,BR-364,415.8,Pleno dia,Decrescente,Céu Claro,Simples,Desvio Temporário,-10.4971,-62.4213,DEL03-RO,Risco Baixo,Alta
sexta-feira,BR-116,9.0,Pleno dia,Decrescente,Céu Claro,Simples,Reta,-26.1637,-49.848,DEL06-SC,Risco Baixo,Alta
segunda-feira,BR-116,390.8,Pleno dia,Decrescente,Céu Claro,Simples,Desvio Temporário,-6.405386,-38.84573,DEL05-CE,Risco Médio,Alta
sábado,BR-40,551.9,Amanhecer,Crescente,Nublado,Dupla,Reta,-20.06222,-43.97811,DEL01-MG,Risco Médio,Alta
quarta-feira,BR-101,264.6,Pleno dia,Decrescente,Sol,Múltipla,Interseção de vias,-20.17293,-40.26736,DEL02-ES,Risco Médio,Alta
quinta-feira,BR-163,259.9,Plena Noite,Crescente,Chuva,Simples,Reta,-24.65388,-53.83112,DEL06-PR,Risco Médio,Alta
sexta-feira,BR-101,573.0,Pleno dia,Crescente,Sol,Simples,Reta,-23.21311,-44.73461,DEL03-RJ,Risco Baixo,Alta
segunda-feira,BR-116,157.2,Pleno dia,Decrescente,Sol,Dupla,Reta,-23.21981,-45.89992,DEL02-SP,Risco Baixo,Alta
sexta-feira,BR-280,24.5,Pleno dia,Crescente,Nublado,Simples,Reta,-26.38049,-48.72342,DEL03-SC,Risco Médio,Baixa
domingo,BR-40,122.0,Anoitecer,Crescente,Nublado,Múltipla,Reta,-22.77723,-43.28595,DEL01-RJ,Risco Médio,Alta
sexta-feira,BR-153,552.0,Plena Noite,Decrescente,Chuva,Dupla,Reta,-17.1589,-49.2139,DEL01-GO,Risco Baixo,Alta
terça-feira,BR-153,553.2,Plena Noite,Decrescente,Nublado,Dupla,Reta,-17.1682,-49.2117,DEL03-GO,Risco Médio,Alta
segunda-feira,BR-40,89.0,Pleno dia,Decrescente,Céu Claro,Simples,Curva,-22.55516,-43.23546,DEL06-RJ,Risco Baixo,Alta
domingo,BR-262,45.0,Pleno dia,Crescente,Sol,Simples,Curva,-20.26145,-42.09686,DEL06-MG,Risco Médio,Média
quinta-feira,BR-316,18.0,Pleno dia,Crescente,Céu Claro,Dupla,Curva,-5.244772,-42.73465,DEL01-PI,Risco Médio,Baixa
sábado,BR-324,557.0,Pleno dia,Crescente,Sol,Dupla,Não Informado,-12.4764,-38.67522,DEL01-BA,Risco Baixo,Baixa
quinta-feira,BR-242,399.0,Plena Noite,Crescente,Céu Claro,Simples,Reta,-12.47381,-41.68235,DEL06-BA,Risco Médio,Baixa
quarta-feira,BR-101,270.5,Anoitecer,Crescente,Céu Claro,Múltipla,Reta,-20.22662,-40.27075,DEL02-ES,Risco Médio,Alta
domingo,BR-163,78.0,Plena Noite,Crescente,Céu Claro,Simples,Reta,-23.47442,-54.18829,DEL09-MS,Risco Médio,Alta
sábado,BR-476,117.0,Plena Noite,Decrescente,Nublado,Simples,Curva,-25.34862,-49.17566,DEL01-PR,Risco Médio,Baixa
sábado,BR-324,623.8,Plena Noite,Decrescente,Céu Claro,Múltipla,Reta,-12.97156,-38.51115,DEL01-BA,Risco Médio,Baixa
sábado,BR-116,105.0,Pleno dia,Decrescente,Céu Claro,Múltipla,Reta,-25.56635,-49.16834,DEL01-PR,Risco Baixo,Alta
quarta-feira,BR-376,178.3,Plena Noite,Decrescente,Céu Claro,Dupla,Interseção de vias,-23.41745,-51.91803,DEL07-PR,Risco Médio,Baixa
domingo,BR-70,5.5,Plena Noite,Decrescente,Nublado,Simples,Reta,-15.87815,-52.29613,DEL07-MT,Risco Médio,Baixa
sábado,BR-101,43.6,Plena Noite,Decrescente,Céu Claro,Simples,Reta,-23.4122,-45.05738,DEL06-SP,Risco Baixo,Alta
domingo,BR-285,270.0,Amanhecer,Crescente,Céu Claro,Simples,Reta,-28.28724,-52.16913,DEL08-RS,Risco Baixo,Baixa
terça-feira,BR-101,326.0,Plena Noite,Decrescente,Céu Claro,Dupla,Curva,-28.42524,-48.94303,DEL02-SC,Risco Médio,Alta
segunda-feira,BR-116,229.9,Pleno dia,Crescente,Nublado,Múltipla,Reta,-23.51292,-46.57605,DEL01-SP,Risco Médio,Alta
sexta-feira,BR-222,28.0,Pleno dia,Crescente,Chuva,Simples,Reta,-3.7163,-38.8048,DEL01-CE,Risco Médio,Baixa
segunda-feira,BR-285,564.5,Amanhecer,Decrescente,Céu Claro,Simples,Reta,-28.41805,-54.91059,DEL10-RS,Risco Médio,Baixa
quinta-feira,BR-267,166.8,Pleno dia,Decrescente,Sol,Simples,Reta,-21.6255,-53.63426,DEL02-MS,Risco Baixo,Baixa
quinta-feira,BR-116,370.3,Pleno dia,Decrescente,Céu Claro,Dupla,Desvio Temporário,-24.1523,-47.32082,DEL04-SP,Risco Médio,Alta
terça-feira,BR-116,246.1,Plena Noite,Crescente,Céu Claro,Simples,Não Informado,-27.8042,-50.36509,DEL05-SC,Risco Médio,Alta
quinta-feira,BR-101,316.0,Plena Noite,Crescente,Chuva,Dupla,Reta,-22.82836,-43.09209,DEL02-RJ,Risco Baixo,Alta
quarta-feira,BR-267,57.9,Pleno dia,Decrescente,Céu Claro,Simples,Reta,-21.72695,-43.04945,DEL07-MG,Risco Médio,Baixa
sábado,BR-116,485.0,Amanhecer,Decrescente,Garoa/Chuvisco,Dupla,Reta,-24.72189,-48.07216,DEL05-SP,Risco Baixo,Alta
sábado,BR-116,481.8,Pleno dia,Decrescente,Nublado,Múltipla,Reta,-12.51287,-39.3763,DEL02-BA,Risco Baixo,Alta
sexta-feira,BR-116,776.1,Plena Noite,Decrescente,Céu Claro,Simples,Curva,-21.58989,-42.68796,DEL07-MG,Risco Médio,Alta
terça-feira,BR-381,487.6,Plena Noite,Crescente,Nublado,Dupla,Não Informado,-19.9572,-44.1243,DEL01-MG,Risco Médio,Alta
segunda-feira,BR-262,33.4,Pleno dia,Crescente,Chuva,Simples,Curva,-20.37616,-40.58474,DEL01-ES,Risco Baixo,Média
segunda-feira,BR-20,426.0,Plena Noite,Decrescente,Nublado,Dupla,Reta,-3.76999,-38.67006,DEL01-CE,Risco Médio,Baixa
quinta-feira,BR-470,7.0,Pleno dia,Crescente,Nevoeiro/Neblina,Simples,Reta,-26.84499,-48.71505,DEL04-SC,Risco Médio,Baixa
quarta-feira,BR-60,171.0,Pleno dia,Decrescente,Céu Claro,Dupla,Reta,-16.7333,-49.3996,DEL01-GO,Risco Baixo,Média
quinta-feira,BR-116,35.9,Pleno dia,Decrescente,Chuva,Dupla,Reta,-4.059876,-38.50421,DEL01-CE,Risco Baixo,Alta
terça-feira,BR-101,103.2,Anoitecer,Crescente,Céu Claro,Dupla,Não Informado,-26.78523,-48.68263,DEL03-SC,Risco Médio,Alta
segunda-feira,BR-163,834.0,Pleno dia,Decrescente,Céu Claro,Simples,Interseção de vias,-11.86654,-55.49689,DEL06-MT,Risco Baixo,Alta
quarta-feira,BR-376,667.0,Pleno dia,Crescente,Céu Claro,Dupla,Curva,-25.8658,-48.9427,DEL01-PR,Risco Médio,Baixa
domingo,BR-104,152.6,Pleno dia,Decrescente,Chuva,Simples,Curva,-7.47077,-35.92899,DEL02-PB,Risco Médio,Baixa
quinta-feira,BR-381,371.9,Pleno dia,Decrescente,Céu Claro,Simples,Curva,-19.84408,-43.30732,DEL01-MG,Risco Baixo,Alta
sábado,BR-116,448.6,Plena Noite,Decrescente,Céu Claro,Simples,Curva,-19.13249,-42.01668,DEL06-MG,Risco Alto,Alta
segunda-feira,BR-232,28.8,Pleno dia,Decrescente,Céu Claro,Dupla,Reta,-8.111269,-35.14314,DEL02-PE,Risco Baixo,Baixa
sexta-feira,BR-381,71.0,Pleno dia,Decrescente,Garoa/Chuvisco,Múltipla,Curva,-23.35536,-46.54899,DEL03-SP,Risco Baixo,Alta
sábado,BR-277,82.0,Pleno dia,Decrescente,Nublado,Dupla,Reta,-25.56894,-49.18198,DEL01-PR,Risco Médio,Média
sábado,BR-242,715.0,Pleno dia,Decrescente,Céu Claro,Simples,Reta,-12.22242,-44.13371,DEL10-BA,Risco Médio,Baixa
terça-feira,BR-101,94.6,Pleno dia,Crescente,Céu Claro,Dupla,Reta,-8.265439,-35.01842,DEL01-PE,Risco Médio,Alta
sexta-feira,BR-251,521.6,Pleno dia,Decrescente,Céu Claro,Simples,Reta,-16.6699,-43.7914,DEL12-MG,Risco Baixo,Baixa
domingo,BR-381,308.0,Pleno dia,Crescente,Céu Claro,Simples,Reta,-19.64878,-42.95498,DEL03-MG,Risco Médio,Alta
quarta-feira,BR-116,139.4,Pleno dia,Crescente,Céu Claro,Dupla,Reta,-23.16151,-45.80436,DEL06-SP,Risco Médio,Alta
terça-feira,BR-116,20.0,Plena Noite,Decrescente,Nublado,Dupla,Reta,-3.922775,-38.50762,DEL01-CE,Risco Médio,Alta
sábado,BR-163,953.0,Plena Noite,Crescente,Céu Claro,Simples,Curva,-10.90693,-55.19696,DEL06-MT,Risco Médio,Alta
sábado,BR-116,166.0,Pleno dia,Decrescente,Sol,Múltipla,Reta,-22.8156,-43.30052,DEL01-RJ,Risco Médio,Alta
quinta-feira,BR-101,215.0,Pleno dia,Decrescente,Céu Claro,Múltipla,Interseção de vias,-27.6601,-48.6774,DEL01-SC,Risco Médio,Alta
sexta-feira,BR-470,60.5,Pleno dia,Decrescente,Sol,Simples,Reta,-26.88399,-49.15114,DEL04-SC,Risco Médio,Baixa
terça-feira,BR-470,219.0,Pleno dia,Decrescente,Sol,Simples,Reta,-29.17909,-51.51856,DEL06-RS,Risco Baixo,Baixa
quinta-feira,BR-116,249.5,Plena Noite,Decrescente,Nublado,Dupla,Reta,-29.78318,-51.16099,DEL01-RS,Risco Médio,Alta
sábado,BR-163,257.0,Anoitecer,Crescente,Céu Claro,Dupla,Rotatória,-22.25779,-54.78146,DEL04-MS,Risco Médio,Alta
domingo,BR-101,259.2,Pleno dia,Crescente,Céu Claro,Simples,Reta,-20.1384,-40.29221,DEL02-ES,Risco Médio,Alta
quarta-feira,BR-415,22.0,Plena Noite,Crescente,Chuva,Simples,Curva,-14.79936,-39.16763,DEL05-BA,Risco Médio,Baixa
domingo,BR-80,137.0,Pleno dia,Decrescente,Céu Claro,Simples,Reta,-15.20888,-48.69731,DEL07-GO,Risco Médio,Baixa
domingo,BR-116,96.0,Pleno dia,Decrescente,Nublado,Dupla,Curva,-25.53785,-49.14965,DEL01-PR,Risco Médio,Alta
quarta-feira,BR-116,239.0,Pleno dia,Crescente,Céu Claro,Dupla,Reta,-29.69615,-51.14456,DEL01-RS,Risco Médio,Alta
quarta-feira,BR-262,422.0,Pleno dia,Crescente,Céu Claro,Simples,Reta,-20.46752,-55.22241,DEL01-MS,Risco Médio,Média
segunda-feira,BR-280,106.8,Amanhecer,Crescente,Céu Claro,Simples,Reta,-26.34888,-49.36904,DEL06-SC,Risco Médio,Baixa
quarta-feira,BR-290,187.4,Pleno dia,Decrescente,Sol,Simples,Não Informado,-30.15244,-52.08359,DEL02-RS,Risco Baixo,Baixa
sexta-feira,BR-146,566.5,Plena Noite,Crescente,Céu Claro,Simples,Reta,-21.51921,-46.40358,DEL09-MG,Risco Médio,Baixa
terça-feira,BR-101,240.0,Pleno dia,Decrescente,Chuva,Dupla,Reta,-22.63007,-42.43639,DEL02-RJ,Risco Baixo,Alta
sábado,BR-116,229.0,Amanhecer,Decrescente,Céu Claro,Múltipla,Reta,-23.51292,-46.57605,DEL01-SP,Risco Médio,Alta
terça-feira,BR-101,414.4,Plena Noite,Decrescente,Céu Claro,Simples,Rotatória,-28.9536,-49.50985,DEL02-SC,Risco Médio,Alta
domingo,BR-316,369.0,Plena Noite,Decrescente,Céu Claro,Simples,Reta,-4.217266,-44.71589,DEL02-MA,Risco Médio,Baixa
domingo,BR-153,495.0,Plena Noite,Decrescente,Vento,Dupla,Reta,-16.6681,-49.2263,DEL01-GO,Risco Médio,Alta
sexta-feira,BR-116,222.0,Pleno dia,Decrescente,Céu Claro,Múltipla,Reta,-23.47507,-46.52396,DEL01-SP,Risco Médio,Alta
quinta-feira,BR-163,854.0,Pleno dia,Crescente,Céu Claro,Simples,Rotatória,-11.89524,-55.50362,DEL06-MT,Risco Médio,Alta
segunda-feira,BR-277,379.0,Plena Noite,Decrescente,Céu Claro,Simples,Curva,-25.41067,-51.77318,DEL08-PR,Risco Médio,Média
quarta-feira,BR-376,303.0,Plena Noite,Crescente,Céu Claro,Dupla,Curva,-23.94941,-51.11941,DEL07-PR,Risco Médio,Baixa
terça-feira,BR-101,94.5,Pleno dia,Decrescente,Céu Claro,Dupla,Reta,-8.246149,-34.9942,DEL01-PE,Risco Médio,Alta
quinta-feira,BR-116,11.2,Pleno dia,Decrescente,Nublado,Simples,Curva,-15.7951,-41.34266,DEL08-BA,Risco Baixo,Alta
segunda-feira,BR-40,664.4,Pleno dia,Decrescente,Nublado,Simples,Reta,-20.93271,-43.81714,DEL05-MG,Risco Médio,Alta
sábado,BR-476,131.7,Pleno dia,Crescente,Nublado,Dupla,Curva,-25.45364,-49.24515,DEL01-PR,Risco Médio,Baixa
quinta-feira,BR-116,470.1,Pleno dia,Decrescente,Céu Claro,Simples,Reta,-31.35184,-52.06848,DEL07-RS,Risco Médio,Alta
sábado,BR-242,489.0,Pleno dia,Crescente,Céu Claro,Simples,Reta,-12.33055,-42.55107,DEL06-BA,Risco Médio,Baixa
sábado,BR-101,350.8,Amanhecer,Decrescente,Céu Claro,Múltipla,Não Informado,-28.58988,-49.04517,DEL02-SC,Risco Médio,Alta
quarta-feira,BR-101,147.0,Pleno dia,Crescente,Sol,Simples,Reta,-27.10007,-48.61873,DEL04-SC,Risco Médio,Alta
terça-feira,BR-163,266.9,Plena Noite,Crescente,Céu Claro,Dupla,Rotatória,-22.21275,-54.7157,DEL04-MS,Risco Médio,Alta
terça-feira,BR-116,217.4,Amanhecer,Decrescente,Nevoeiro/Neblina,Simples,Reta,-27.55448,-50.37698,DEL05-SC,Risco Baixo,Alta
quinta-feira,BR-40,8.0,Pleno dia,Crescente,Céu Claro,Dupla,Reta,-16.12458,-47.9623,DEL01-DF,Risco Médio,Alta
terça-feira,BR-101,289.7,Pleno dia,Crescente,Céu Claro,Dupla,Não Informado,-20.28639,-40.39248,DEL01-ES,Risco Médio,Alta
sábado,BR-101,0.0,Pleno dia,Crescente,Céu Claro,Múltipla,Interseção de vias,-20.3154,-40.3018,DEL02-ES,Risco Médio,Alta
segunda-feira,BR-304,42.0,Plena Noite,Decrescente,Céu Claro,Dupla,Reta,-5.212781,-37.37221,DEL04-RN,Risco Médio,Baixa
domingo,BR-470,66.0,Plena Noite,Crescente,Nublado,Simples,Reta,-26.87002,-49.22372,DEL04-SC,Risco Médio,Baixa
terça-feira,BR-364,430.8,Plena Noite,Decrescente,Céu Claro,Simples,Reta,-10.40644,-62.51642,DEL03-RO,Risco Médio,Alta
quinta-feira,BR-101,663.0,Plena Noite,Crescente,Chuva,Simples,Curva,-15.96626,-39.56014,DEL09-BA,Risco Médio,Alta
quarta-feira,BR-101,207.5,Pleno dia,Decrescente,Chuva,Dupla,Reta,-27.60001,-48.62265,DEL01-SC,Risco Médio,Alta
quinta-feira,BR-20,49.4,Pleno dia,Crescente,Chuva,Dupla,Curva,-15.58329,-47.44632,DEL02-DF,Risco Médio,Baixa
segunda-feira,BR-101,136.0,Plena Noite,Crescente,Céu Claro,Simples,Reta,-27.00811,-48.61724,DEL04-SC,Risco Médio,Alta
sexta-feira,BR-116,224.2,Pleno dia,Decrescente,Garoa/Chuvisco,Dupla,Reta,-23.48072,-46.53272,DEL01-SP,Risco Baixo,Alta
domingo,BR-116,183.0,Plena Noite,Decrescente,Céu Claro,Simples,Reta,-22.7516,-43.4385,DEL01-RJ,Risco Baixo,Alta
sábado,BR-116,116.0,Pleno dia,Crescente,Sol,Dupla,Reta,-25.54903,-49.30471,DEL01-PR,Risco Médio,Alta
sexta-feira,BR-230,74.0,Anoitecer,Decrescente,Céu Claro,Dupla,Reta,-7.189876,-35.27476,DEL01-PB,Risco Médio,Baixa
sábado,BR-381,68.8,Pleno dia,Crescente,Céu Claro,Simples,Curva,-23.34498,-46.56998,DEL03-SP,Risco Baixo,Alta
sexta-feira,BR-116,410.0,Pleno dia,Decrescente,Sol,Dupla,Reta,-18.85562,-41.97562,DEL06-MG,Risco Médio,Alta
quinta-feira,BR-116,91.9,Anoitecer,Crescente,Nublado,Dupla,Reta,-22.94792,-45.39587,DEL08-SP,Risco Médio,Alta
sexta-feira,BR-262,81.0,Pleno dia,Crescente,Nublado,Simples,Reta,-20.40767,-40.94805,DEL01-ES,Risco Médio,Média
quinta-feira,BR-116,108.0,Plena Noite,Crescente,Ignorado,Dupla,Reta,-22.53584,-42.99125,DEL04-RJ,Risco Médio,Alta
sábado,BR-40,108.0,Pleno dia,Decrescente,Céu Claro,Dupla,Reta,-22.66477,-43.28495,DEL01-RJ,Risco Médio,Alta
sábado,BR-242,214.0,Pleno dia,Decrescente,Céu Claro,Simples,Curva,-12.52492,-40.37344,DEL06-BA,Risco Médio,Baixa
sexta-feira,BR-116,521.0,Plena Noite,Decrescente,Nublado,Simples,Reta,-12.70601,-39.72419,DEL03-BA,Risco Médio,Alta
domingo,BR-116,311.0,Pleno dia,Crescente,Nublado,Dupla,Reta,-22.46087,-44.44296,DEL07-RJ,Risco Médio,Alta
terça-feira,BR-40,102.0,Amanhecer,Crescente,Nublado,Dupla,Reta,-22.6205,-43.2868,DEL01-RJ,Risco Médio,Alta
quinta-feira,BR-381,677.9,Plena Noite,Crescente,Nublado,Dupla,Reta,-21.13158,-45.10264,DEL04-MG,Risco Médio,Alta
sexta-feira,BR-116,174.4,Plena Noite,Crescente,Nublado,Dupla,Reta,-22.79224,-43.36753,DEL01-RJ,Risco Médio,Alta
segunda-feira,BR-324,493.6,Pleno dia,Crescente,Céu Claro,Simples,Reta,-12.06147,-38.97144,DEL02-BA,Risco Médio,Baixa