dia_semana,br,km,fase_dia,sentido_via,condicao_metereologica,tipo_pista,tracado_via,latitude,longitude,delegacia,classificacao_acidente,postos_policiais_PRF
quarta-feira,BR-50,10.0,Pleno dia,Decrescente,Céu Claro,Dupla,Não Informado,-18.50601,-48.04053,DEL15-MG,Risco Médio,Média
terça-feira,BR-20,10.0,Pleno dia,Decrescente,Nublado,Dupla,Reta,-15.65024,-47.77387,DEL02-DF,Risco Médio,Baixa
sábado,BR-174,239.9,Pleno dia,Crescente,Céu Claro,Simples,Reta,-15.53868,-59.00268,DEL04-MT,Risco Médio,Baixa
segunda-feira,BR-163,204.8,Pleno dia,Crescente,Céu Claro,Simples,Reta,-22.66284,-54.79955,DEL04-MS,Risco Baixo,Alta
terça-feira,BR-101,42.0,Amanhecer,Crescente,Céu Claro,Dupla,Reta,-6.853,-35.1349,DEL01-PB,Risco Médio,Alta
quinta-feira,BR-381,82.5,Pleno dia,Crescente,Céu Claro,Dupla,Reta,-23.43387,-46.56878,DEL03-SP,Risco Médio,Alta
segunda-feira,BR-40,67.0,Pleno dia,Decrescente,Céu Claro,Dupla,Curva,-22.43857,-43.17949,DEL06-RJ,Risco Médio,Alta
domingo,BR-230,20.1,Pleno dia,Crescente,Céu Claro,Simples,Reta,-6.708068,-43.17415,DEL03-PI,Risco Baixo,Baixa
terça-feira,BR-101,94.0,Pleno dia,Crescente,Chuva,Múltipla,Curva,-5.831766,-35.21191,DEL01-RN,Risco Médio,Alta
domingo,BR-392,9.0,Plena Noite,Decrescente,Céu Claro,Simples,Rotatória,-32.11099,-52.1122,DEL07-RS,Risco Médio,Média
sábado,BR-222,302.1,Plena Noite,Decrescente,Nublado,Múltipla,Desvio Temporário,-3.663437,-40.95012,DEL04-CE,Risco Médio,Baixa
sexta-feira,BR-381,487.0,Pleno dia,Crescente,Céu Claro,Múltipla,Não Informado,-19.95526,-44.11602,DEL01-MG,Risco Médio,Alta
domingo,BR-408,103.0,Pleno dia,Crescente,Chuva,Múltipla,Não Informado,-8.057462,-34.99468,DEL01-PE,Risco Baixo,Baixa
domingo,BR-116,46.7,Pleno dia,Crescente,Chuva,Dupla,Reta,-25.20185,-48.89621,DEL01-PR,Risco Médio,Alta
terça-feira,BR-369,127.0,Plena Noite,Decrescente,Céu Claro,Dupla,Reta,-23.27417,-50.964,DEL07-PR,Risco Médio,Baixa
quinta-feira,BR-101,86.0,Pleno dia,Crescente,Céu Claro,Dupla,Reta,-7.15119,-34.91012,DEL01-PB,Risco Baixo,Alta
sexta-feira,BR-210,14.0,Pleno dia,Crescente,Céu Claro,Simples,Reta,0.1494043,-51.1404,DEL01-AP,Risco Baixo,Baixa
sexta-feira,BR-277,667.7,Plena Noite,Crescente,Céu Claro,Dupla,Reta,-25.26577,-54.05433,DEL05-PR,Risco Médio,Média
domingo,BR-116,190.0,Pleno dia,Crescente,Sol,Dupla,Reta,-23.36822,-46.23367,DEL02-SP,Risco Baixo,Alta
terça-feira,BR-405,3.0,Pleno dia,Crescente,Céu Claro,Simples,Viaduto,-5.194,-37.3789,DEL04-RN,Risco Médio,Baixa
sábado,BR-470,19.0,Pleno dia,Crescente,Céu Claro,Simples,Ponte,-26.9002,-48.82765,DEL04-SC,Risco Baixo,Baixa
quinta-feira,BR-116,211.0,Pleno dia,Decrescente,Céu Claro,Múltipla,Não Informado,-23.432,-46.419,DEL01-SP,Risco Médio,Alta
terça-feira,BR-381,484.0,Pleno dia,Decrescente,Céu Claro,Dupla,Reta,-19.9594,-44.0882,DEL01-MG,Risco Médio,Alta
terça-feira,BR-415,58.8,Pleno dia,Crescente,Céu Claro,Simples,Curva,-14.8491,-39.38504,DEL05-BA,Risco Alto,Baixa
segunda-feira,BR-40,502.8,Plena Noite,Decrescente,Chuva,Dupla,Reta,-19.71563,-44.15935,DEL02-MG,Risco Médio,Alta
sábado,BR-101,206.0,Pleno dia,Crescente,Nublado,Simples,Não Informado,-9.985809,-36.57639,DEL02-AL,Risco Médio,Alta
quarta-feira,BR-116,186.1,Pleno dia,Crescente,Chuva,Simples,Curva,-17.0679,-41.4821,DEL11-MG,Risco Médio,Alta
domingo,BR-343,198.0,Pleno dia,Decrescente,Chuva,Simples,Reta,-4.37233,-41.83164,DEL02-PI,Risco Médio,Baixa
sábado,BR-381,347.0,Plena Noite,Decrescente,Garoa/Chuvisco,Simples,Curva,-19.8562,-43.1099,DEL03-MG,Risco Médio,Alta
quinta-feira,BR-70,49.9,Amanhecer,Crescente,Céu Claro,Simples,Não Informado,-15.75044,-48.60753,DEL01-DF,Risco Médio,Baixa
terça-feira,BR-101,404.0,Anoitecer,Decrescente,Nublado,Dupla,Reta,-22.86753,-43.80262,DEL03-RJ,Risco Médio,Alta
quarta-feira,BR-20,12.0,Pleno dia,Decrescente,Céu Claro,Dupla,Reta,-15.64281,-47.75779,DEL02-DF,Risco Médio,Baixa
domingo,BR-364,164.0,Pleno dia,Decrescente,Chuva,Simples,Curva,-18.07228,-51.52036,DEL05-GO,Risco Alto,Alta
sexta-feira,BR-277,403.8,Pleno dia,Decrescente,Céu Claro,Simples,Curva,-25.43802,-51.99577,DEL04-PR,Risco Médio,Média
sexta-feira,BR-101,6.7,Pleno dia,Crescente,Nublado,Dupla,Reta,-26.02692,-48.86142,DEL03-SC,Risco Médio,Alta
domingo,BR-101,246.0,Plena Noite,Crescente,Garoa/Chuvisco,Simples,Não Informado,-20.06198,-40.37679,DEL02-ES,Risco Médio,Alta
sexta-feira,BR-153,563.0,Plena Noite,Decrescente,Céu Claro,Dupla,Reta,-17.2383,-49.239,DEL03-GO,Risco Baixo,Alta
sexta-feira,BR-40,516.6,Pleno dia,Decrescente,Céu Claro,Dupla,Curva,-19.81629,-44.0896,DEL01-MG,Risco Médio,Alta
domingo,BR-101,91.0,Plena Noite,Decrescente,Nublado,Dupla,Não Informado,-10.8961,-37.1323,DEL01-SE,Risco Baixo,Alta
quinta-feira,BR-158,265.5,Pleno dia,Crescente,Nublado,Dupla,Interseção de vias,-17.84476,-51.74233,DEL05-GO,Risco Médio,Baixa
terça-feira,BR-470,60.6,Pleno dia,Crescente,Chuva,Simples,Reta,-26.88138,-49.16454,DEL04-SC,Risco Médio,Baixa
domingo,BR-101,2.0,Pleno dia,Decrescente,Céu Claro,Dupla,Reta,-25.997,-48.87892,DEL03-SC,Risco Médio,Alta
quinta-feira,BR-470,59.0,Pleno dia,Decrescente,Céu Claro,Simples,Reta,-26.88281,-49.1548,DEL04-SC,Risco Baixo,Baixa
terça-feira,BR-282,381.8,Pleno dia,Decrescente,Chuva,Simples,Curva,-27.20498,-51.50144,DEL07-SC,Risco Baixo,Baixa
sábado,BR-376,1.8,Pleno dia,Crescente,Céu Claro,Simples,Reta,-22.223,-54.6679,DEL04-MS,Risco Alto,Baixa
segunda-feira,BR-376,501.0,Pleno dia,Decrescente,Céu Claro,Dupla,Reta,-25.20895,-50.06445,DEL03-PR,Risco Médio,Baixa
sábado,BR-101,135.6,Plena Noite,Crescente,Céu Claro,Simples,Não Informado,-9.788349,-36.10509,DEL02-AL,Risco Alto,Alta
sábado,BR-232,334.2,Plena Noite,Crescente,Céu Claro,Simples,Reta,-8.08713,-37.6372,DEL03-PE,Risco Médio,Baixa
terça-feira,BR-381,523.7,Pleno dia,Crescente,Ignorado,Dupla,Retorno Regulamentado,-20.15307,-44.32618,DEL04-MG,Risco Baixo,Alta
quarta-feira,BR-116,411.3,Plena Noite,Decrescente,Chuva,Dupla,Reta,-24.3214,-47.6373,DEL05-SP,Risco Médio,Alta
sexta-feira,BR-365,624.0,Plena Noite,Crescente,Chuva,Múltipla,Reta,-18.90755,-48.31607,DEL15-MG,Risco Médio,Média
quinta-feira,BR-101,100.0,Plena Noite,Crescente,Céu Claro,Simples,Reta,-21.88613,-41.59553,DEL08-RJ,Risco Médio,Alta
terça-feira,BR-104,59.9,Plena Noite,Crescente,Nublado,Simples,Reta,-9.307252,-35.94003,DEL01-AL,Risco Médio,Baixa
sábado,BR-365,142.9,Plena Noite,Crescente,Chuva,Simples,Reta,-17.21983,-44.82089,DEL12-MG,Risco Médio,Média
quinta-feira,BR-101,558.0,Plena Noite,Crescente,Garoa/Chuvisco,Dupla,Não Informado,-15.3358,-39.50107,DEL05-BA,Risco Médio,Alta
terça-feira,BR-356,163.0,Pleno dia,Decrescente,Nublado,Simples,Reta,-21.7097,-41.14093,DEL08-RJ,Risco Alto,Baixa
domingo,BR-116,177.0,Plena Noite,Decrescente,Nublado,Simples,Reta,-29.34071,-51.15419,DEL05-RS,Risco Médio,Alta
quinta-feira,BR-222,240.0,Plena Noite,Decrescente,Céu Claro,Simples,Reta,-5.373069,-49.11581,DEL03-PA,Risco Alto,Baixa
quinta-feira,BR-381,685.9,Plena Noite,Decrescente,Ignorado,Dupla,Curva,-21.16987,-45.12681,DEL04-MG,Risco Médio,Alta
terça-feira,BR-316,71.9,Pleno dia,Decrescente,Céu Claro,Simples,Curva,-5.678616,-42.59788,DEL01-PI,Risco Médio,Baixa
quinta-feira,BR-230,35.6,Pleno dia,Decrescente,Sol,Dupla,Não Informado,-7.125383,-34.94494,DEL01-PB,Risco Médio,Baixa
domingo,BR-251,359.5,Plena Noite,Decrescente,Céu Claro,Simples,Reta,-16.2649,-42.58399,DEL12-MG,Risco Médio,Baixa
segunda-feira,BR-116,536.3,Pleno dia,Decrescente,Nublado,Simples,Curva,-19.85253,-42.14063,DEL06-MG,Risco Médio,Alta
terça-feira,BR-364,31.0,Pleno dia,Crescente,Céu Claro,Simples,Reta,-12.7414,-60.13046,DEL04-RO,Risco Baixo,Alta
domingo,BR-158,507.7,Pleno dia,Decrescente,Céu Claro,Simples,Reta,-26.0218,-52.57733,DEL02-PR,Risco Médio,Baixa
sábado,BR-116,230.0,Pleno dia,Crescente,Nublado,Múltipla,Reta,-23.52252,-46.58557,DEL01-SP,Risco Baixo,Alta
segunda-feira,BR-153,173.0,Plena Noite,Decrescente,Céu Claro,Simples,Reta,-24.30688,-50.29844,DEL03-PR,Risco Baixo,Alta
terça-feira,BR-324,595.0,Pleno dia,Crescente,Nublado,Dupla,Reta,-12.72435,-38.45083,DEL01-BA,Risco Médio,Baixa
quinta-feira,BR-408,97.4,Pleno dia,Decrescente,Sol,Dupla,Desvio Temporário,-8.028431,-35.03685,DEL01-PE,Risco Médio,Baixa
sexta-feira,BR-135,22.4,Pleno dia,Decrescente,Ignorado,Dupla,Retorno Regulamentado,-2.74918,-44.34456,DEL01-MA,Risco Médio,Baixa
sábado,BR-116,759.0,Pleno dia,Crescente,Céu Claro,Simples,Reta,-14.48858,-40.34201,DEL08-BA,Risco Médio,Alta
sexta-feira,BR-116,192.0,Plena Noite,Decrescente,Céu Claro,Dupla,Reta,-22.74208,-43.51924,DEL01-RJ,Risco Médio,Alta
sábado,BR-116,763.4,Anoitecer,Decrescente,Ignorado,Simples,Curva,-21.52636,-42.63257,DEL07-MG,Risco Médio,Alta
quinta-feira,BR-414,411.0,Pleno dia,Crescente,Chuva,Simples,Reta,-16.05504,-48.85371,DEL02-GO,Risco Baixo,Baixa
sábado,BR-101,29.2,Plena Noite,Crescente,Céu Claro,Simples,Reta,-5.362644,-35.38165,DEL02-RN,Risco Baixo,Alta
segunda-feira,BR-101,102.0,Pleno dia,Decrescente,Céu Claro,Simples,Reta,-21.89583,-41.60028,DEL08-RJ,Risco Médio,Alta
sábado,BR-116,170.0,Pleno dia,Crescente,Céu Claro,Múltipla,Reta,-22.81113,-43.33367,DEL01-RJ,Risco Médio,Alta
sábado,BR-163,1043.0,Pleno dia,Crescente,Céu Claro,Simples,Reta,-10.14306,-54.92985,DEL06-MT,Risco Alto,Alta
sábado,BR-101,240.2,Pleno dia,Crescente,Céu Claro,Simples,Reta,-20.01988,-40.40294,DEL02-ES,Risco Médio,Alta
segunda-feira,BR-116,403.5,Pleno dia,Crescente,Chuva,Simples,Reta,-30.88593,-51.83356,DEL02-RS,Risco Baixo,Alta
quinta-feira,BR-101,328.0,Pleno dia,Crescente,Chuva,Dupla,Reta,-28.43946,-48.96238,DEL02-SC,Risco Médio,Alta
sábado,BR-60,6.8,Pleno dia,Crescente,Sol,Dupla,Curva,-16.11707,-48.31581,DEL01-DF,Risco Médio,Média
quinta-feira,BR-40,810.0,Pleno dia,Decrescente,Céu Claro,Simples,Interseção de vias,-21.89186,-43.28603,DEL05-MG,Risco Médio,Alta
sexta-feira,BR-381,284.0,Plena Noite,Decrescente,Nublado,Simples,Reta,-19.59828,-42.74677,DEL03-MG,Risco Médio,Alta
sábado,BR-222,668.0,Plena Noite,Decrescente,Nublado,Simples,Não Informado,-4.929437,-47.44566,DEL04-MA,Risco Alto,Baixa
quinta-feira,BR-470,104.2,Plena Noite,Crescente,Nublado,Simples,Curva,-27.06435,-49.39863,DEL04-SC,Risco Alto,Baixa
sábado,BR-116,249.0,Pleno dia,Crescente,Chuva,Dupla,Reta,-22.59967,-43.95006,DEL07-RJ,Risco Médio,Alta
sábado,BR-277,434.1,Plena Noite,Decrescente,Céu Claro,Simples,Reta,-25.3777,-52.2357,DEL04-PR,Risco Alto,Média
quarta-feira,BR-116,347.9,Pleno dia,Decrescente,Céu Claro,Dupla,Curva,-24.05121,-47.2042,DEL04-SP,Risco Baixo,Alta
sábado,BR-470,45.0,Pleno dia,Crescente,Céu Claro,Dupla,Não Informado,-26.86706,-49.03111,DEL04-SC,Risco Médio,Baixa
quarta-feira,BR-101,235.1,Plena Noite,Decrescente,Chuva,Dupla,Não Informado,-27.81894,-48.63101,DEL01-SC,Risco Médio,Alta
sexta-feira,BR-470,248.5,Plena Noite,Crescente,Nublado,Simples,Interseção de vias,-27.31453,-50.57194,DEL05-SC,Risco Médio,Baixa
domingo,BR-392,296.2,Pleno dia,Decrescente,Céu Claro,Simples,Curva,-30.17248,-53.5782,DEL09-RS,Risco Médio,Média
quinta-feira,BR-110,12.5,Plena Noite,Decrescente,Nublado,Simples,Reta,-9.558937,-38.22209,DEL07-BA,Risco Médio,Baixa
segunda-feira,BR-116,797.8,Pleno dia,Decrescente,Nublado,Simples,Reta,-14.69663,-40.57563,DEL08-BA,Risco Médio,Alta
quinta-feira,BR-343,344.2,Pleno dia,Crescente,Céu Claro,Simples,Reta,-5.094729,-42.76277,DEL01-PI,Risco Baixo,Baixa
terça-feira,BR-101,15.0,Pleno dia,Decrescente,Nublado,Dupla,Reta,-26.1061,-48.87224,DEL03-SC,Risco Médio,Alta
sábado,BR-381,336.0,Anoitecer,Crescente,Chuva,Simples,Reta,-19.7784,-43.0437,DEL03-MG,Risco Baixo,Alta
sexta-feira,BR-386,435.9,Pleno dia,Decrescente,Céu Claro,Dupla,Curva,-29.8506,-51.26652,DEL04-RS,Risco Baixo,Média
sábado,BR-277,527.2,Plena Noite,Crescente,Céu Claro,Simples,Desvio Temporário,-25.09165,-52.94926,DEL04-PR,Risco Médio,Média
quarta-feira,BR-277,0.2,Plena Noite,Crescente,Céu Claro,Dupla,Não Informado,-25.50453,-54.58425,DEL05-PR,Risco Baixo,Média
quarta-feira,BR-135,20.0,Plena Noite,Decrescente,Céu Claro,Dupla,Reta,-2.731439,-44.33163,DEL01-MA,Risco Baixo,Baixa
segunda-feira,BR-406,103.7,Anoitecer,Crescente,Céu Claro,Simples,Reta,-5.537149,-35.81374,DEL02-RN,Risco Baixo,Baixa
sábado,BR-153,479.5,Plena Noite,Decrescente,Céu Claro,Simples,Curva,-10.05559,-48.82194,DEL01-TO,Risco Médio,Alta
quarta-feira,BR-101,269.7,Pleno dia,Decrescente,Céu Claro,Dupla,Reta,-20.2174,-40.26991,DEL02-ES,Risco Médio,Alta
sexta-feira,BR-40,531.0,Pleno dia,Crescente,Céu Claro,Dupla,Reta,-19.92045,-44.02472,DEL01-MG,Risco Médio,Alta
quarta-feira,BR-364,172.0,Plena Noite,Crescente,Nublado,Simples,Reta,-11.8345,-61.0262,DEL02-RO,Risco Médio,Alta
sábado,BR-101,394.0,Pleno dia,Decrescente,Céu Claro,Dupla,Curva,-28.81326,-49.38912,DEL02-SC,Risco Baixo,Alta
sábado,BR-376,601.0,Pleno dia,Crescente,Sol,Dupla,Reta,-25.53705,-49.31404,DEL01-PR,Risco Médio,Baixa
domingo,BR-406,144.0,Pleno dia,Crescente,Céu Claro,Simples,Reta,-5.647483,-35.48808,DEL02-RN,Risco Médio,Baixa
quinta-feira,BR-376,393.5,Plena Noite,Decrescente,Ignorado,Simples,Reta,-24.55837,-50.68405,DEL03-PR,Risco Médio,Baixa
sábado,BR-135,126.8,Pleno dia,Decrescente,Nublado,Simples,Reta,-3.560022,-44.58621,DEL01-MA,Risco Médio,Baixa
sábado,BR-476,170.0,Plena Noite,Decrescente,Ignorado,Dupla,Rotatória,-25.66807,-49.50395,DEL01-PR,Risco Médio,Baixa
quinta-feira,BR-376,349.8,Plena Noite,Decrescente,Chuva,Simples,Reta,-24.20539,-50.94498,DEL03-PR,Risco Médio,Baixa
terça-feira,BR-116,175.0,Plena Noite,Decrescente,Chuva,Dupla,Reta,-22.78924,-43.37275,DEL01-RJ,Risco Médio,Alta
sábado,BR-470,32.7,Plena Noite,Crescente,Nublado,Dupla,Reta,-26.90179,-48.93181,DEL04-SC,Risco Médio,Baixa
sábado,BR-364,567.0,Pleno dia,Crescente,Chuva,Dupla,Não Informado,-14.68324,-56.30125,DEL01-MT,Risco Médio,Alta
terça-feira,BR-381,60.0,Plena Noite,Crescente,Nublado,Dupla,Curva,-23.29103,-46.58502,DEL03-SP,Risco Baixo,Alta
domingo,BR-287,253.0,Plena Noite,Crescente,Céu Claro,Simples,Reta,-29.68806,-53.90069,DEL09-RS,Risco Médio,Baixa
terça-feira,BR-277,108.1,Pleno dia,Decrescente,Sol,Dupla,Reta,-25.4364,-49.44332,DEL03-PR,Risco Médio,Média
segunda-feira,BR-277,10.0,Plena Noite,Crescente,Céu Claro,Dupla,Interseção de vias,-25.5682,-48.61529,DEL01-PR,Risco Baixo,Média
quarta-feira,BR-277,235.0,Pleno dia,Decrescente,Céu Claro,Dupla,Curva,-25.46813,-50.50709,DEL03-PR,Risco Médio,Média
terça-feira,BR-470,140.0,Plena Noite,Decrescente,Nublado,Simples,Reta,-27.22248,-49.66283,DEL04-SC,Risco Baixo,Baixa
sábado,BR-20,11.3,Pleno dia,Crescente,Céu Claro,Dupla,Reta,-15.64654,-47.76642,DEL02-DF,Risco Médio,Baixa
domingo,BR-116,140.0,Pleno dia,Decrescente,Céu Claro,Múltipla,Reta,-23.16578,-45.81246,DEL02-SP,Risco Baixo,Alta
quarta-feira,BR-101,151.5,Pleno dia,Decrescente,Chuva,Dupla,Reta,-27.12654,-48.60964,DEL04-SC,Risco Médio,Alta
terça-feira,BR-116,240.3,Plena Noite,Crescente,Chuva,Simples,Curva,-17.57023,-41.46855,DEL11-MG,Risco Médio,Alta
terça-feira,BR-116,211.6,Amanhecer,Decrescente,Céu Claro,Múltipla,Reta,-23.43243,-46.41944,DEL01-SP,Risco Médio,Alta
quinta-feira,BR-101,145.2,Plena Noite,Decrescente,Céu Claro,Dupla,Reta,-19.3609,-40.06464,DEL04-ES,Risco Médio,Alta
terça-feira,BR-153,411.0,Amanhecer,Decrescente,Nublado,Simples,Curva,-16.10379,-49.0303,DEL02-GO,Risco Médio,Alta
sexta-feira,BR-116,59.7,Plena Noite,Crescente,Chuva,Dupla,Reta,-22.78556,-45.15339,DEL08-SP,Risco Médio,Alta
sábado,BR-116,235.0,Plena Noite,Decrescente,Céu Claro,Dupla,Curva,-29.66191,-51.14378,DEL01-RS,Risco Alto,Alta
sábado,BR-101,124.2,Pleno dia,Crescente,Nublado,Dupla,Reta,-26.94335,-48.69199,DEL04-SC,Risco Médio,Alta
sábado,BR-402,75.5,Plena Noite,Decrescente,Nublado,Simples,Reta,-3.09392,-41.4555,DEL05-PI,Risco Alto,Baixa
sábado,BR-280,28.5,Pleno dia,Crescente,Céu Claro,Simples,Reta,-26.40867,-48.75049,DEL03-SC,Risco Médio,Baixa
terça-feira,BR-381,448.0,Pleno dia,Crescente,Céu Claro,Simples,Curva,-19.8255,-43.82034,DEL01-MG,Risco Médio,Alta
segunda-feira,BR-343,330.0,Anoitecer,Crescente,Céu Claro,Simples,Reta,-5.061182,-42.65252,DEL01-PI,Risco Médio,Baixa
sábado,BR-116,313.8,Plena Noite,Decrescente,Céu Claro,Simples,Reta,-5.928935,-38.63086,DEL05-CE,Risco Médio,Alta
domingo,BR-101,100.8,Pleno dia,Crescente,Céu Claro,Dupla,Interseção de vias,-5.884449,-35.22726,DEL01-RN,Risco Médio,Alta
terça-feira,BR-116,284.0,Pleno dia,Decrescente,Céu Claro,Simples,Não Informado,-23.69998,-46.86777,DEL04-SP,Risco Médio,Alta
segunda-feira,BR-277,556.5,Pleno dia,Crescente,Chuva,Simples,Não Informado,-25.08849,-53.17848,DEL04-PR,Risco Baixo,Média
sábado,BR-408,101.7,Plena Noite,Decrescente,Céu Claro,Dupla,Reta,-8.047103,-35.00888,DEL01-PE,Risco Médio,Baixa
quinta-feira,BR-369,166.8,Plena Noite,Crescente,Céu Claro,Dupla,Reta,-23.29591,-51.31432,DEL07-PR,Risco Médio,Baixa
quinta-feira,BR-101,295.0,Plena Noite,Decrescente,Chuva,Dupla,Reta,-22.76365,-42.90224,DEL02-RJ,Risco Médio,Alta
domingo,BR-101,67.0,Pleno dia,Decrescente,Céu Claro,Simples,Curva,-8.042334,-34.9431,DEL01-PE,Risco Baixo,Alta
sexta-feira,BR-116,511.0,Pleno dia,Decrescente,Garoa/Chuvisco,Dupla,Não Informado,-24.83558,-48.22237,DEL05-SP,Risco Médio,Alta
quarta-feira,BR-101,186.0,Pleno dia,Decrescente,Chuva,Dupla,Curva,-27.43411,-48.62567,DEL01-SC,Risco Médio,Alta
terça-feira,BR-60,157.0,Pleno dia,Crescente,Céu Claro,Simples,Curva,-19.4055,-53.7246,DEL06-MS,Risco Baixo,Média
terça-feira,BR-280,191.0,Pleno dia,Crescente,Céu Claro,Simples,Reta,-26.1815,-49.9843,DEL06-SC,Risco Médio,Baixa
quinta-feira,BR-70,2.0,Pleno dia,Crescente,Céu Claro,Simples,Não Informado,-15.8875,-52.26811,DEL07-MT,Risco Médio,Baixa
terça-feira,BR-381,873.2,Pleno dia,Crescente,Céu Claro,Dupla,Curva,-22.4508,-46.00014,DEL16-MG,Risco Médio,Alta
sexta-feira,BR-316,264.1,Pleno dia,Decrescente,Nublado,Simples,Reta,-3.673308,-45.36295,DEL02-MA,Risco Médio,Baixa
domingo,BR-381,347.0,Pleno dia,Crescente,Céu Claro,Simples,Curva,-19.7784,-43.0437,DEL03-MG,Risco Médio,Alta
quarta-feira,BR-277,411.0,Pleno dia,Crescente,Céu Claro,Simples,Não Informado,-25.41799,-52.05091,DEL04-PR,Risco Médio,Média
sábado,BR-116,411.7,Pleno dia,Decrescente,Céu Claro,Dupla,Retorno Regulamentado,-18.86245,-41.97405,DEL06-MG,Risco Médio,Alta
domingo,BR-153,495.3,Plena Noite,Crescente,Céu Claro,Múltipla,Reta,-16.6681,-49.2263,DEL01-GO,Risco Médio,Alta
sexta-feira,BR-470,138.4,Pleno dia,Crescente,Chuva,Simples,Interseção de vias,-27.20721,-49.64848,DEL04-SC,Risco Médio,Baixa
segunda-feira,BR-101,32.5,Plena Noite,Crescente,Garoa/Chuvisco,Dupla,Reta,-26.22699,-48.91657,DEL03-SC,Risco Médio,Alta
segunda-feira,BR-101,146.9,Pleno dia,Crescente,Céu Claro,Simples,Reta,-27.08731,-48.61024,DEL04-SC,Risco Médio,Alta
sábado,BR-381,666.0,Amanhecer,Crescente,Chuva,Dupla,Curva,-21.0521,-45.0047,DEL04-MG,Risco Baixo,Alta
sexta-feira,BR-163,1046.0,Pleno dia,Crescente,Nublado,Simples,Não Informado,-10.13143,-54.93148,DEL06-MT,Risco Médio,Alta
segunda-feira,BR-468,111.9,Pleno dia,Decrescente,Sol,Simples,Reta,-27.40703,-54.03577,DEL08-RS,Risco Médio,Baixa
sexta-feira,BR-282,302.0,Plena Noite,Crescente,Céu Claro,Simples,Reta,-27.50585,-50.927,DEL07-SC,Risco Médio,Baixa
domingo,BR-242,243.0,Pleno dia,Decrescente,Céu Claro,Simples,Desvio Temporário,-12.28433,-40.49422,DEL06-BA,Risco Baixo,Baixa
sexta-feira,BR-116,185.6,Plena Noite,Crescente,Céu Claro,Simples,Curva,-17.12506,-41.50086,DEL11-MG,Risco Alto,Alta
terça-feira,BR-153,37.0,Plena Noite,Decrescente,Céu Claro,Dupla,Reta,-18.7259,-49.1169,DEL15-MG,Risco Médio,Alta
terça-feira,BR-354,738.9,Pleno dia,Decrescente,Sol,Simples,Curva,-22.21121,-44.95097,DEL17-MG,Risco Médio,Baixa
sábado,BR-116,209.0,Plena Noite,Crescente,Garoa/Chuvisco,Simples,Curva,-27.49607,-50.37005,DEL05-SC,Risco Baixo,Alta
domingo,BR-101,299.0,Pleno dia,Crescente,Céu Claro,Dupla,Reta,-22.77433,-42.93823,DEL02-RJ,Risco Médio,Alta
sexta-feira,BR-343,344.5,Pleno dia,Crescente,Céu Claro,Simples,Reta,-5.094729,-42.76277,DEL01-PI,Risco Baixo,Baixa
quinta-feira,BR-101,57.7,Pleno dia,Decrescente,Nublado,Dupla,Curva,-26.43646,-48.81113,DEL03-SC,Risco Médio,Alta
domingo,BR-369,198.0,Anoitecer,Decrescente,Céu Claro,Dupla,Reta,-23.52143,-51.43753,DEL07-PR,Risco Médio,Baixa
quinta-feira,BR-376,179.0,Amanhecer,Crescente,Chuva,Dupla,Não Informado,-23.42103,-51.90765,DEL07-PR,Risco Médio,Baixa
quinta-feira,BR-135,14.2,Pleno dia,Crescente,Nublado,Dupla,Reta,-2.687923,-44.3001,DEL01-MA,Risco Médio,Baixa
sexta-feira,BR-60,130.0,Amanhecer,Decrescente,Céu Claro,Dupla,Reta,-16.576,-49.16098,DEL01-GO,Risco Baixo,Média
terça-feira,BR-70,645.0,Plena Noite,Crescente,Céu Claro,Simples,Reta,-15.95506,-57.15466,DEL03-MT,Risco Médio,Baixa
domingo,BR-365,624.5,Pleno dia,Decrescente,Céu Claro,Simples,Curva,-18.90755,-48.31607,DEL15-MG,Risco Médio,Média
sexta-feira,BR-364,517.0,Plena Noite,Crescente,Nublado,Simples,Reta,-9.906881,-63.05581,DEL03-RO,Risco Médio,Alta
quarta-feira,BR-427,109.7,Pleno dia,Crescente,Céu Claro,Simples,Reta,-6.44148,-37.17583,DEL03-RN,Risco Médio,Baixa
domingo,BR-262,91.6,Anoitecer,Decrescente,Nublado,Simples,Curva,-20.3798,-41.03902,DEL01-ES,Risco Médio,Média
domingo,BR-163,809.0,Pleno dia,Crescente,Céu Claro,Simples,Não Informado,-12.0982,-55.5177,DEL06-MT,Risco Baixo,Alta
quarta-feira,BR-230,124.0,Pleno dia,Crescente,Céu Claro,Dupla,Não Informado,-7.2465,-35.6751,DEL02-PB,Risco Médio,Baixa
terça-feira,BR-101,129.0,Pleno dia,Crescente,Céu Claro,Simples,Reta,-26.98064,-48.67907,DEL04-SC,Risco Médio,Alta
domingo,BR-476,127.0,Plena Noite,Decrescente,Céu Claro,Dupla,Reta,-25.42517,-49.22716,DEL01-PR,Risco Baixo,Baixa
domingo,BR-364,143.9,Pleno dia,Crescente,Sol,Simples,Não Informado,-12.01099,-60.87617,DEL02-RO,Risco Alto,Alta
quarta-feira,BR-101,38.5,Pleno dia,Decrescente,Nublado,Dupla,Não Informado,-26.25473,-48.90561,DEL03-SC,Risco Médio,Alta
quarta-feira,BR-116,276.3,Amanhecer,Decrescente,Nublado,Simples,Reta,-23.62616,-46.81713,DEL04-SP,Risco Médio,Alta