dia_semana,br,km,fase_dia,sentido_via,condicao_metereologica,tipo_pista,tracado_via,latitude,longitude,delegacia,classificacao_acidente,postos_policiais_PRF
quarta-feira,BR-116,802.5,Plena Noite,Crescente,Céu Claro,Simples,Reta,-14.71789,-40.61626,DEL08-BA,Risco Médio,Alta
terça-feira,BR-40,300.0,Plena Noite,Decrescente,Céu Claro,Simples,Curva,-18.35014,-45.09329,DEL14-MG,Risco Baixo,Alta
sexta-feira,BR-101,130.0,Plena Noite,Decrescente,Céu Claro,Simples,Reta,-19.27636,-40.08775,DEL04-ES,Risco Médio,Alta
sábado,BR-135,51.6,Pleno dia,Crescente,Céu Claro,Simples,Reta,-2.972108,-44.31727,DEL01-MA,Risco Médio,Baixa
terça-feira,BR-101,210.0,Plena Noite,Decrescente,Nublado,Dupla,Reta,-27.61673,-48.64573,DEL01-SC,Risco Médio,Alta
sexta-feira,BR-153,57.0,Plena Noite,Crescente,Chuva,Dupla,Não Informado,-20.76991,-49.34982,DEL09-SP,Risco Alto,Alta
sábado,BR-316,143.0,Plena Noite,Decrescente,Céu Claro,Simples,Reta,-9.395102,-36.73156,DEL03-AL,Risco Médio,Baixa
sexta-feira,BR-424,83.0,Plena Noite,Crescente,Nevoeiro/Neblina,Simples,Desvio Temporário,-8.845934,-36.52457,DEL03-PE,Risco Alto,Baixa
quarta-feira,BR-364,14.0,Pleno dia,Decrescente,Céu Claro,Simples,Reta,-12.73898,-60.13911,DEL04-RO,Risco Médio,Alta
quinta-feira,BR-101,192.2,Plena Noite,Decrescente,Nublado,Dupla,Curva,-27.48444,-48.64765,DEL01-SC,Risco Médio,Alta
sexta-feira,BR-101,881.0,Plena Noite,Crescente,Garoa/Chuvisco,Simples,Reta,-17.55886,-39.72628,DEL09-BA,Risco Médio,Alta
sábado,BR-235,31.0,Pleno dia,Decrescente,Sol,Simples,Reta,-10.77732,-37.29537,DEL01-SE,Risco Médio,Baixa
domingo,BR-116,450.0,Plena Noite,Decrescente,Nublado,Dupla,Reta,-12.38095,-39.12805,DEL02-BA,Risco Médio,Alta
domingo,BR-101,387.3,Plena Noite,Decrescente,Céu Claro,Simples,Curva,-20.84938,-40.87581,DEL03-ES,Risco Médio,Alta
quarta-feira,BR-376,461.3,Plena Noite,Decrescente,Nublado,Dupla,Ponte,-24.95769,-50.39123,DEL03-PR,Risco Baixo,Baixa
terça-feira,BR-116,113.0,Pleno dia,Crescente,Céu Claro,Simples,Interseção de vias,-18.87711,-41.96328,DEL11-MG,Risco Médio,Alta
sábado,BR-262,368.5,Pleno dia,Decrescente,Nublado,Dupla,Não Informado,-19.96155,-44.33623,DEL01-MG,Risco Médio,Média
domingo,BR-316,236.2,Plena Noite,Crescente,Céu Claro,Simples,Reta,-9.50112,-36.06533,DEL01-AL,Risco Médio,Baixa
quinta-feira,BR-153,537.5,Pleno dia,Decrescente,Céu Claro,Dupla,Não Informado,-17.0276,-49.2229,DEL01-GO,Risco Médio,Alta
quarta-feira,BR-282,222.0,Amanhecer,Crescente,Sol,Simples,Não Informado,-27.77508,-50.18571,DEL05-SC,Risco Baixo,Baixa
sexta-feira,BR-381,63.8,Anoitecer,Crescente,Nublado,Dupla,Reta,-23.30688,-46.57652,DEL03-SP,Risco Baixo,Alta
sexta-feira,BR-116,90.0,Pleno dia,Crescente,Céu Claro,Simples,Curva,-22.46036,-42.96568,DEL04-RJ,Risco Alto,Alta
domingo,BR-381,800.0,Plena Noite,Crescente,Céu Claro,Dupla,Curva,-21.92318,-45.61227,DEL16-MG,Risco Baixo,Alta
terça-feira,BR-135,133.4,Pleno dia,Decrescente,Sol,Simples,Reta,-3.616944,-44.55929,DEL01-MA,Risco Médio,Baixa
terça-feira,BR-324,444.3,Plena Noite,Crescente,Céu Claro,Simples,Reta,-11.8324,-39.3583,DEL02-BA,Risco Alto,Baixa
domingo,BR-20,177.4,Plena Noite,Decrescente,Ignorado,Dupla,Retorno Regulamentado,-14.49861,-46.51016,DEL02-DF,Risco Alto,Baixa
sexta-feira,BR-277,421.0,Pleno dia,Crescente,Céu Claro,Simples,Curva,-25.40517,-52.09592,DEL04-PR,Risco Médio,Média
segunda-feira,BR-304,201.7,Plena Noite,Crescente,Céu Claro,Simples,Reta,-5.715366,-36.18984,DEL01-RN,Risco Médio,Baixa
sábado,BR-230,17.0,Pleno dia,Decrescente,Sol,Dupla,Retorno Regulamentado,-7.116352,-34.84205,DEL01-PB,Risco Médio,Baixa
quinta-feira,BR-393,151.8,Pleno dia,Crescente,Céu Claro,Simples,Curva,-22.06401,-43.09387,DEL06-RJ,Risco Médio,Média
segunda-feira,BR-230,191.7,Plena Noite,Crescente,Céu Claro,Simples,Reta,-7.1331,-36.1616,DEL02-PB,Risco Médio,Baixa
terça-feira,BR-421,8.6,Anoitecer,Crescente,Céu Claro,Simples,Reta,-9.956851,-63.11311,DEL03-RO,Risco Médio,Baixa
sexta-feira,BR-101,411.0,Pleno dia,Decrescente,Céu Claro,Dupla,Reta,-22.88698,-43.83594,DEL03-RJ,Risco Médio,Alta
sexta-feira,BR-101,109.0,Plena Noite,Decrescente,Céu Claro,Dupla,Reta,-5.940613,-35.2647,DEL01-RN,Risco Médio,Alta
terça-feira,BR-262,365.0,Plena Noite,Crescente,Céu Claro,Dupla,Curva,-19.9747,-44.3232,DEL01-MG,Risco Médio,Média
terça-feira,BR-116,646.3,Plena Noite,Crescente,Céu Claro,Simples,Reta,-32.49459,-53.31435,DEL07-RS,Risco Médio,Alta
quinta-feira,BR-277,611.0,Pleno dia,Decrescente,Céu Claro,Simples,Reta,-25.05215,-53.63184,DEL05-PR,Risco Médio,Média
quarta-feira,BR-110,45.0,Plena Noite,Decrescente,Céu Claro,Simples,Reta,-5.197977,-37.3184,DEL04-RN,Risco Médio,Baixa
sábado,BR-163,251.2,Plena Noite,Crescente,Céu Claro,Simples,Reta,-22.29689,-54.82117,DEL04-MS,Risco Médio,Alta
quinta-feira,BR-101,214.0,Anoitecer,Crescente,Céu Claro,Múltipla,Reta,-27.64443,-48.67057,DEL01-SC,Risco Médio,Alta
sábado,BR-116,307.0,Anoitecer,Decrescente,Chuva,Dupla,Reta,-22.46046,-44.47183,DEL07-RJ,Risco Médio,Alta
terça-feira,BR-324,530.0,Pleno dia,Decrescente,Céu Claro,Dupla,Reta,-12.32818,-38.86174,DEL01-BA,Risco Médio,Baixa
quinta-feira,BR-290,343.6,Pleno dia,Decrescente,Chuva,Simples,Reta,-30.36704,-53.60619,DEL09-RS,Risco Médio,Baixa
domingo,BR-392,694.0,Plena Noite,Decrescente,Céu Claro,Simples,Reta,-28.12856,-54.90059,DEL10-RS,Risco Baixo,Média
sexta-feira,BR-343,623.0,Plena Noite,Decrescente,Céu Claro,Simples,Reta,-6.868856,-43.11136,DEL03-PI,Risco Baixo,Baixa
sexta-feira,BR-472,573.5,Plena Noite,Crescente,Céu Claro,Dupla,Reta,-29.76356,-57.052,DEL13-RS,Risco Médio,Baixa
segunda-feira,BR-60,217.8,Pleno dia,Crescente,Céu Claro,Dupla,Ponte,-16.964,-49.7253,DEL01-GO,Risco Médio,Média
domingo,BR-242,690.0,Anoitecer,Crescente,Chuva,Simples,Reta,-12.2227,-44.07442,DEL10-BA,Risco Baixo,Baixa
sábado,BR-324,516.0,Plena Noite,Crescente,Céu Claro,Simples,Reta,-12.24171,-38.93768,DEL02-BA,Risco Médio,Baixa
quinta-feira,BR-376,232.5,Pleno dia,Decrescente,Nublado,Dupla,Curva,-23.57127,-51.50557,DEL07-PR,Risco Médio,Baixa
sexta-feira,BR-381,523.1,Pleno dia,Decrescente,Nublado,Dupla,Não Informado,-20.14551,-44.32277,DEL04-MG,Risco Baixo,Alta
quinta-feira,BR-222,675.2,Pleno dia,Crescente,Céu Claro,Múltipla,Reta,-4.955382,-47.49908,DEL04-MA,Risco Médio,Baixa
sábado,BR-116,549.0,Amanhecer,Decrescente,Nublado,Dupla,Curva,-24.75687,-48.50514,DEL05-SP,Risco Médio,Alta
sexta-feira,BR-393,148.0,Pleno dia,Crescente,Céu Claro,Simples,Curva,-22.05714,-43.02655,DEL06-RJ,Risco Baixo,Média
sexta-feira,BR-104,137.8,Pleno dia,Crescente,Céu Claro,Simples,Reta,-7.359774,-35.90183,DEL02-PB,Risco Médio,Baixa
quinta-feira,BR-210,3.3,Plena Noite,Decrescente,Céu Claro,Simples,Reta,0.087297,-51.09003,DEL01-AP,Risco Médio,Baixa
quinta-feira,BR-116,275.0,Pleno dia,Crescente,Céu Claro,Múltipla,Interseção de vias,-22.56207,-44.15671,DEL07-RJ,Risco Médio,Alta
quinta-feira,BR-386,185.0,Pleno dia,Decrescente,Céu Claro,Simples,Reta,-28.33887,-52.72022,DEL08-RS,Risco Médio,Média
sábado,BR-116,81.0,Plena Noite,Crescente,Chuva,Dupla,Curva,-25.40967,-49.06325,DEL01-PR,Risco Médio,Alta
domingo,BR-304,236.0,Pleno dia,Crescente,Céu Claro,Simples,Reta,-5.771649,-35.85737,DEL01-RN,Risco Médio,Baixa
quarta-feira,BR-381,921.2,Pleno dia,Crescente,Sol,Dupla,Curva,-22.76601,-46.17714,DEL16-MG,Risco Médio,Alta
domingo,BR-101,213.4,Plena Noite,Decrescente,Nublado,Dupla,Reta,-27.6446,-48.6705,DEL01-SC,Risco Médio,Alta
domingo,BR-428,192.0,Plena Noite,Decrescente,Garoa/Chuvisco,Simples,Reta,-9.385596,-40.52218,DEL06-PE,Risco Médio,Baixa
sexta-feira,BR-262,189.0,Anoitecer,Decrescente,Céu Claro,Simples,Reta,-20.4457,-53.3005,DEL07-MS,Risco Baixo,Média
segunda-feira,BR-101,264.7,Pleno dia,Crescente,Sol,Dupla,Reta,-20.18363,-40.26643,DEL02-ES,Risco Médio,Alta
domingo,BR-116,315.0,Pleno dia,Decrescente,Céu Claro,Dupla,Reta,-30.24564,-51.40595,DEL02-RS,Risco Médio,Alta
sábado,BR-376,601.5,Pleno dia,Decrescente,Sol,Dupla,Reta,-25.5387,-49.31264,DEL01-PR,Risco Médio,Baixa
quarta-feira,BR-104,114.3,Pleno dia,Decrescente,Céu Claro,Simples,Reta,-7.162014,-35.85712,DEL02-PB,Risco Médio,Baixa
segunda-feira,BR-116,173.6,Plena Noite,Decrescente,Céu Claro,Dupla,Reta,-23.3171,-46.08179,DEL02-SP,Risco Médio,Alta
quinta-feira,BR-369,176.0,Pleno dia,Decrescente,Céu Claro,Simples,Não Informado,-23.3374,-51.3882,DEL07-PR,Risco Médio,Baixa
segunda-feira,BR-101,135.9,Pleno dia,Crescente,Céu Claro,Dupla,Desvio Temporário,-6.164433,-35.22487,DEL01-RN,Risco Médio,Alta
sábado,BR-10,280.0,Plena Noite,Decrescente,Céu Claro,Simples,Reta,-5.2837,-47.5027,DEL04-MA,Risco Médio,Baixa
segunda-feira,BR-101,934.0,Plena Noite,Crescente,Nublado,Simples,Reta,-18.1684,-39.91874,DEL09-BA,Risco Médio,Alta
quarta-feira,BR-222,107.0,Pleno dia,Crescente,Céu Claro,Dupla,Reta,-4.779562,-48.08822,DEL02-PA,Risco Médio,Baixa
sexta-feira,BR-116,38.8,Pleno dia,Crescente,Sol,Simples,Reta,-28.50548,-50.92516,DEL05-RS,Risco Médio,Alta
terça-feira,BR-210,6.0,Plena Noite,Decrescente,Céu Claro,Dupla,Reta,0.09828163,-51.11978,DEL01-AP,Risco Médio,Baixa
domingo,BR-101,130.0,Pleno dia,Decrescente,Céu Claro,Dupla,Reta,-22.10926,-41.69531,DEL08-RJ,Risco Baixo,Alta
sexta-feira,BR-230,116.0,Pleno dia,Crescente,Céu Claro,Dupla,Retorno Regulamentado,-5.359475,-49.08301,DEL03-PA,Risco Médio,Baixa
terça-feira,BR-116,32.0,Plena Noite,Crescente,Céu Claro,Dupla,Reta,-4.026762,-38.51393,DEL01-CE,Risco Médio,Alta
sábado,BR-470,77.9,Pleno dia,Crescente,Nublado,Simples,Curva,-26.94901,-49.29754,DEL04-SC,Risco Alto,Baixa
terça-feira,BR-465,7.0,Pleno dia,Crescente,Nublado,Dupla,Reta,-22.76138,-43.68635,DEL01-RJ,Risco Médio,Baixa
quarta-feira,BR-116,719.4,Pleno dia,Decrescente,Nublado,Simples,Curva,-14.22134,-40.27659,DEL08-BA,Risco Alto,Alta
domingo,BR-101,360.0,Plena Noite,Crescente,Céu Claro,Dupla,Reta,-28.65823,-49.10991,DEL02-SC,Risco Médio,Alta
sábado,BR-262,118.0,Plena Noite,Decrescente,Céu Claro,Simples,Reta,-20.50995,-52.65413,DEL07-MS,Risco Alto,Média
quinta-feira,BR-230,41.9,Pleno dia,Decrescente,Sol,Dupla,Retorno Regulamentado,-7.144419,-34.99746,DEL01-PB,Risco Médio,Baixa
domingo,BR-427,36.9,Plena Noite,Decrescente,Céu Claro,Simples,Curva,-6.761367,-37.78089,DEL03-PB,Risco Médio,Baixa
terça-feira,BR-40,121.0,Pleno dia,Crescente,Nublado,Múltipla,Reta,-22.78185,-43.28571,DEL01-RJ,Risco Médio,Alta
sábado,BR-459,7.7,Pleno dia,Decrescente,Nublado,Simples,Curva,-22.13039,-46.14639,DEL09-MG,Risco Médio,Baixa
domingo,BR-101,81.8,Pleno dia,Decrescente,Sol,Dupla,Reta,-5.765917,-35.27993,DEL02-RN,Risco Médio,Alta
quinta-feira,BR-116,170.0,Pleno dia,Decrescente,Sol,Simples,Reta,-22.81113,-43.33367,DEL01-RJ,Risco Médio,Alta
sábado,BR-415,51.0,Plena Noite,Crescente,Céu Claro,Simples,Reta,-14.8543,-39.33907,DEL05-BA,Risco Médio,Baixa
quinta-feira,BR-40,828.0,Pleno dia,Crescente,Garoa/Chuvisco,Dupla,Curva,-21.99768,-43.2866,DEL05-MG,Risco Médio,Alta
sábado,BR-153,355.0,Anoitecer,Crescente,Céu Claro,Simples,Curva,-25.63937,-50.72877,DEL08-PR,Risco Médio,Alta
quinta-feira,BR-324,597.0,Pleno dia,Crescente,Céu Claro,Dupla,Reta,-12.72851,-38.44885,DEL01-BA,Risco Baixo,Baixa
quarta-feira,BR-50,47.0,Pleno dia,Crescente,Céu Claro,Dupla,Curva,-18.728,-48.20659,DEL15-MG,Risco Médio,Média
domingo,BR-153,71.0,Pleno dia,Crescente,Céu Claro,Simples,Interseção de vias,-13.45846,-49.13558,DEL07-GO,Risco Médio,Alta
terça-feira,BR-349,2.0,Plena Noite,Crescente,Céu Claro,Dupla,Desvio Temporário,-10.90563,-37.10936,DEL01-SE,Risco Médio,Baixa
sábado,BR-280,136.0,Pleno dia,Decrescente,Céu Claro,Simples,Reta,-26.2701,-49.58121,DEL06-SC,Risco Médio,Baixa
domingo,BR-60,592.0,Pleno dia,Decrescente,Céu Claro,Simples,Reta,-21.48197,-56.14179,DEL05-MS,Risco Médio,Média
quarta-feira,BR-277,592.0,Pleno dia,Decrescente,Céu Claro,Simples,Reta,-24.98286,-53.47319,DEL04-PR,Risco Médio,Média
domingo,BR-373,179.0,Plena Noite,Decrescente,Nublado,Simples,Reta,-25.04281,-50.2395,DEL03-PR,Risco Baixo,Baixa
terça-feira,BR-101,213.0,Pleno dia,Crescente,Céu Claro,Dupla,Interseção de vias,-27.63697,-48.66514,DEL01-SC,Risco Médio,Alta
quarta-feira,BR-116,264.0,Pleno dia,Decrescente,Nublado,Dupla,Não Informado,-22.59214,-44.07724,DEL07-RJ,Risco Médio,Alta
domingo,BR-365,515.9,Pleno dia,Crescente,Céu Claro,Simples,Reta,-18.91457,-47.35878,DEL10-MG,Risco Alto,Média
quarta-feira,BR-282,308.0,Pleno dia,Crescente,Chuva,Simples,Curva,-27.49292,-50.97197,DEL07-SC,Risco Médio,Baixa
sábado,BR-116,115.0,Pleno dia,Decrescente,Céu Claro,Simples,Curva,-26.80262,-50.33937,DEL06-SC,Risco Médio,Alta
sábado,BR-230,177.0,Plena Noite,Crescente,Céu Claro,Simples,Reta,-6.937971,-41.96453,DEL04-PI,Risco Médio,Baixa
sexta-feira,BR-381,439.0,Plena Noite,Crescente,Céu Claro,Dupla,Não Informado,-19.79804,-43.75425,DEL01-MG,Risco Médio,Alta
quinta-feira,BR-153,296.0,Plena Noite,Crescente,Céu Claro,Simples,Desvio Temporário,-15.25525,-49.55017,DEL02-GO,Risco Médio,Alta
domingo,BR-158,91.8,Amanhecer,Crescente,Nublado,Dupla,Reta,-19.66315,-51.20347,DEL08-MS,Risco Baixo,Baixa
segunda-feira,BR-423,95.5,Pleno dia,Crescente,Céu Claro,Simples,Curva,-8.87892,-36.47796,DEL03-PE,Risco Baixo,Baixa
segunda-feira,BR-282,3.4,Plena Noite,Crescente,Céu Claro,Múltipla,Reta,-27.60038,-48.59971,DEL01-SC,Risco Médio,Baixa
segunda-feira,BR-364,712.0,Plena Noite,Crescente,Céu Claro,Dupla,Reta,-8.777035,-63.87316,DEL01-RO,Risco Médio,Alta
domingo,BR-235,3.2,Plena Noite,Decrescente,Céu Claro,Dupla,Não Informado,-10.90605,-37.10465,DEL01-SE,Risco Médio,Baixa
sexta-feira,BR-277,4.0,Plena Noite,Crescente,Nublado,Dupla,Reta,-25.53716,-48.53159,DEL01-PR,Risco Médio,Média
sábado,BR-290,104.9,Amanhecer,Crescente,Céu Claro,Dupla,Reta,-29.99312,-51.2754,DEL02-RS,Risco Médio,Baixa
quinta-feira,BR-163,20.0,Plena Noite,Decrescente,Céu Claro,Simples,Interseção de vias,-23.9253,-54.28353,DEL09-MS,Risco Baixo,Alta
quarta-feira,BR-101,107.0,Amanhecer,Crescente,Céu Claro,Dupla,Reta,-26.81931,-48.6839,DEL03-SC,Risco Médio,Alta
quinta-feira,BR-364,263.0,Plena Noite,Crescente,Nevoeiro/Neblina,Simples,Reta,-11.3949,-61.6594,DEL02-RO,Risco Médio,Alta
terça-feira,BR-20,22.0,Pleno dia,Crescente,Céu Claro,Dupla,Reta,-15.59834,-47.67619,DEL02-DF,Risco Baixo,Baixa
domingo,BR-101,171.0,Anoitecer,Decrescente,Céu Claro,Dupla,Reta,-27.3044,-48.6325,DEL04-SC,Risco Médio,Alta
sábado,BR-116,77.0,Pleno dia,Crescente,Nublado,Simples,Reta,-22.36918,-42.94877,DEL04-RJ,Risco Médio,Alta
terça-feira,BR-101,197.8,Pleno dia,Crescente,Céu Claro,Múltipla,Reta,-27.5267,-48.6349,DEL01-SC,Risco Médio,Alta
domingo,BR-116,80.0,Pleno dia,Decrescente,Sol,Simples,Reta,-22.39007,-42.95336,DEL04-RJ,Risco Baixo,Alta
domingo,BR-376,644.9,Plena Noite,Crescente,Céu Claro,Dupla,Reta,-25.8142,-49.13168,DEL01-PR,Risco Médio,Baixa
domingo,BR-20,417.0,Plena Noite,Crescente,Nublado,Dupla,Reta,-3.76999,-38.67006,DEL01-CE,Risco Médio,Baixa
quinta-feira,BR-381,349.0,Plena Noite,Decrescente,Céu Claro,Simples,Reta,-19.84992,-43.14868,DEL03-MG,Risco Médio,Alta
quinta-feira,BR-364,194.8,Anoitecer,Crescente,Céu Claro,Dupla,Não Informado,-17.92217,-51.70408,DEL05-GO,Risco Médio,Alta
sábado,BR-101,279.0,Pleno dia,Decrescente,Céu Claro,Dupla,Reta,-22.73837,-42.76745,DEL02-RJ,Risco Médio,Alta
domingo,BR-40,4.9,Anoitecer,Decrescente,Céu Claro,Dupla,Retorno Regulamentado,-16.08524,-47.98675,DEL01-DF,Risco Baixo,Alta
segunda-feira,BR-101,439.5,Pleno dia,Decrescente,Céu Claro,Dupla,Curva,-29.12521,-49.67121,DEL02-SC,Risco Médio,Alta
segunda-feira,BR-277,648.5,Plena Noite,Crescente,Céu Claro,Simples,Desvio Temporário,-25.1749,-53.91381,DEL05-PR,Risco Médio,Média
domingo,BR-116,42.0,Pleno dia,Crescente,Garoa/Chuvisco,Dupla,Não Informado,-25.17612,-48.87426,DEL01-PR,Risco Baixo,Alta
segunda-feira,BR-153,513.0,Pleno dia,Decrescente,Céu Claro,Simples,Reta,-26.60874,-51.47687,DEL02-PR,Risco Médio,Alta
sábado,BR-101,745.4,Pleno dia,Decrescente,Céu Claro,Simples,Reta,-16.5689,-39.5609,DEL09-BA,Risco Médio,Alta
sexta-feira,BR-376,459.2,Pleno dia,Crescente,Chuva,Dupla,Reta,-25.00055,-50.36103,DEL03-PR,Risco Médio,Baixa
quinta-feira,BR-381,668.4,Pleno dia,Crescente,Nublado,Dupla,Reta,-21.05496,-45.02985,DEL04-MG,Risco Médio,Alta
sexta-feira,BR-369,155.1,Plena Noite,Decrescente,Céu Claro,Dupla,Reta,-23.29496,-51.21017,DEL07-PR,Risco Baixo,Baixa
quarta-feira,BR-230,20.3,Plena Noite,Crescente,Céu Claro,Dupla,Reta,-7.139804,-34.85237,DEL01-PB,Risco Médio,Baixa
segunda-feira,BR-262,417.8,Plena Noite,Decrescente,Vento,Dupla,Reta,-19.90564,-44.68893,DEL08-MG,Risco Médio,Média
domingo,BR-116,177.8,Plena Noite,Decrescente,Céu Claro,Múltipla,Reta,-23.32779,-46.12807,DEL02-SP,Risco Alto,Alta
sábado,BR-101,360.0,Pleno dia,Crescente,Sol,Múltipla,Reta,-28.66447,-49.11322,DEL02-SC,Risco Baixo,Alta
quinta-feira,BR-101,65.0,Pleno dia,Decrescente,Céu Claro,Simples,Não Informado,-21.75372,-41.34429,DEL08-RJ,Risco Médio,Alta
segunda-feira,BR-330,758.6,Pleno dia,Decrescente,Céu Claro,Simples,Reta,-14.02811,-39.83261,DEL03-BA,Risco Médio,Baixa
quinta-feira,BR-116,415.5,Plena Noite,Crescente,Ignorado,Simples,Interseção de vias,-18.88516,-41.94727,DEL06-MG,Risco Médio,Alta
quinta-feira,BR-423,127.2,Plena Noite,Decrescente,Chuva,Simples,Não Informado,-8.959948,-36.72465,DEL03-PE,Risco Médio,Baixa
domingo,BR-343,600.6,Plena Noite,Decrescente,Céu Claro,Simples,Reta,-6.767356,-43.02285,DEL03-PI,Risco Médio,Baixa
terça-feira,BR-101,328.0,Pleno dia,Crescente,Céu Claro,Dupla,Reta,-28.44283,-48.9652,DEL02-SC,Risco Baixo,Alta
terça-feira,BR-101,377.5,Pleno dia,Decrescente,Nublado,Simples,Reta,-20.79427,-40.81173,DEL03-ES,Risco Médio,Alta
domingo,BR-80,20.9,Plena Noite,Decrescente,Céu Claro,Simples,Não Informado,-15.37098,-48.21921,DEL01-DF,Risco Alto,Baixa
domingo,BR-101,84.1,Anoitecer,Decrescente,Chuva,Simples,Reta,-8.182937,-34.95039,DEL01-PE,Risco Baixo,Alta
quinta-feira,BR-280,26.0,Pleno dia,Crescente,Céu Claro,Simples,Reta,-26.38972,-48.73412,DEL03-SC,Risco Médio,Baixa
sábado,BR-277,126.2,Pleno dia,Decrescente,Chuva,Dupla,Não Informado,-25.47309,-49.63428,DEL01-PR,Risco Médio,Média
domingo,BR-324,624.0,Plena Noite,Decrescente,Céu Claro,Múltipla,Não Informado,-12.93384,-38.47191,DEL01-BA,Risco Médio,Baixa
quinta-feira,BR-101,270.8,Pleno dia,Decrescente,Sol,Simples,Reta,-20.23127,-40.27348,DEL02-ES,Risco Médio,Alta
sábado,BR-116,749.4,Plena Noite,Decrescente,Céu Claro,Simples,Curva,-21.44984,-42.54786,DEL07-MG,Risco Baixo,Alta
segunda-feira,BR-448,15.0,Pleno dia,Decrescente,Sol,Dupla,Curva,-29.9219,-51.23076,DEL01-RS,Risco Médio,Baixa
quinta-feira,BR-116,201.0,Pleno dia,Decrescente,Céu Claro,Múltipla,Reta,-23.40363,-46.3305,DEL01-SP,Risco Médio,Alta
segunda-feira,BR-101,420.0,Pleno dia,Crescente,Chuva,Simples,Curva,-22.91898,-43.92322,DEL03-RJ,Risco Médio,Alta
quarta-feira,BR-20,17.2,Pleno dia,Crescente,Chuva,Dupla,Desvio Temporário,-15.62137,-47.71698,DEL02-DF,Risco Médio,Baixa
domingo,BR-101,47.2,Amanhecer,Crescente,Garoa/Chuvisco,Simples,Curva,-23.43384,-45.08716,DEL06-SP,Risco Médio,Alta
sábado,BR-116,248.2,Plena Noite,Decrescente,Céu Claro,Dupla,Reta,-29.77612,-51.1551,DEL01-RS,Risco Médio,Alta
sábado,BR-316,612.8,Plena Noite,Crescente,Nublado,Simples,Desvio Temporário,-5.075141,-42.85945,DEL03-MA,Risco Médio,Baixa
domingo,BR-101,408.0,Plena Noite,Crescente,Céu Claro,Simples,Curva,-28.90746,-49.48049,DEL02-SC,Risco Médio,Alta
sábado,BR-116,183.7,Pleno dia,Decrescente,Nublado,Dupla,Reta,-22.73956,-43.49635,DEL01-RJ,Risco Médio,Alta
sexta-feira,BR-101,84.0,Plena Noite,Decrescente,Céu Claro,Dupla,Reta,-29.84322,-50.24559,DEL03-RS,Risco Baixo,Alta
quarta-feira,BR-110,104.0,Plena Noite,Decrescente,Céu Claro,Simples,Desvio Temporário,-10.30313,-38.31216,DEL07-BA,Risco Médio,Baixa
sexta-feira,BR-324,595.0,Pleno dia,Crescente,Sol,Dupla,Reta,-12.72258,-38.45052,DEL01-BA,Risco Médio,Baixa
sexta-feira,BR-101,298.5,Pleno dia,Crescente,Céu Claro,Dupla,Reta,-20.35738,-40.41926,DEL01-ES,Risco Médio,Alta
segunda-feira,BR-262,373.1,Amanhecer,Decrescente,Céu Claro,Simples,Não Informado,-20.49047,-54.80894,DEL01-MS,Risco Baixo,Média
domingo,BR-376,592.9,Pleno dia,Decrescente,Céu Claro,Dupla,Reta,-25.47882,-49.34992,DEL01-PR,Risco Médio,Baixa
segunda-feira,BR-116,567.2,Pleno dia,Decrescente,Garoa/Chuvisco,Dupla,Curva,-25.04844,-48.5473,DEL05-SP,Risco Alto,Alta
sexta-feira,BR-116,204.0,Plena Noite,Decrescente,Ignorado,Múltipla,Reta,-23.41236,-46.35692,DEL01-SP,Risco Baixo,Alta
sexta-feira,BR-163,123.8,Plena Noite,Crescente,Céu Claro,Simples,Reta,-23.0897,-54.226,DEL09-MS,Risco Médio,Alta
sexta-feira,BR-364,504.6,Pleno dia,Decrescente,Céu Claro,Simples,Não Informado,-10.00474,-63.00712,DEL03-RO,Risco Médio,Alta
sexta-feira,BR-101,270.5,Pleno dia,Decrescente,Sol,Múltipla,Reta,-20.22662,-40.27075,DEL02-ES,Risco Médio,Alta
segunda-feira,BR-153,3.0,Pleno dia,Crescente,Céu Claro,Dupla,Curva,-18.4513,-49.1878,DEL15-MG,Risco Médio,Alta
segunda-feira,BR-40,781.5,Plena Noite,Decrescente,Céu Claro,Dupla,Reta,-21.70963,-43.4487,DEL05-MG,Risco Médio,Alta
quinta-feira,BR-470,86.9,Pleno dia,Crescente,Nublado,Simples,Reta,-26.9546,-49.35176,DEL04-SC,Risco Médio,Baixa
quinta-feira,BR-470,33.3,Pleno dia,Crescente,Sol,Dupla,Reta,-26.90622,-48.94058,DEL04-SC,Risco Médio,Baixa
sexta-feira,BR-101,146.7,Pleno dia,Decrescente,Céu Claro,Dupla,Reta,-19.36991,-40.06561,DEL04-ES,Risco Médio,Alta
sábado,BR-101,936.0,Pleno dia,Decrescente,Céu Claro,Simples,Reta,-18.01341,-39.86144,DEL09-BA,Risco Médio,Alta
sábado,BR-369,106.0,Plena Noite,Crescente,Céu Claro,Dupla,Reta,-23.25853,-50.77043,DEL07-PR,Risco Baixo,Baixa
domingo,BR-356,12.0,Pleno dia,Crescente,Céu Claro,Simples,Reta,-21.16687,-42.08056,DEL08-RJ,Risco Médio,Baixa
terça-feira,BR-101,293.0,Plena Noite,Decrescente,Céu Claro,Dupla,Reta,-20.31526,-40.39567,DEL01-ES,Risco Médio,Alta
sábado,BR-277,72.0,Plena Noite,Crescente,Céu Claro,Dupla,Reta,-25.52523,-49.09756,DEL01-PR,Risco Médio,Média
segunda-feira,BR-407,423.0,Plena Noite,Decrescente,Céu Claro,Simples,Reta,-7.079333,-41.43325,DEL04-PI,Risco Médio,Baixa