dia_semana,br,km,fase_dia,sentido_via,condicao_metereologica,tipo_pista,tracado_via,latitude,longitude,delegacia,classificacao_acidente,postos_policiais_PRF
sábado,BR-262,382.1,Amanhecer,Crescente,Chuva,Dupla,Curva,-19.93651,-44.45611,DEL01-MG,Risco Baixo,Média
sexta-feira,BR-386,416.2,Plena Noite,Decrescente,Céu Claro,Simples,Não Informado,-29.81778,-51.45829,DEL04-RS,Risco Alto,Média
segunda-feira,BR-277,590.1,Pleno dia,Crescente,Céu Claro,Simples,Reta,-24.98135,-53.45651,DEL04-PR,Risco Médio,Média
sexta-feira,BR-386,351.7,Plena Noite,Crescente,Céu Claro,Dupla,Desvio Temporário,-29.50143,-51.94866,DEL04-RS,Risco Médio,Média
sexta-feira,BR-116,129.0,Pleno dia,Decrescente,Nublado,Dupla,Reta,-25.67148,-49.31507,DEL01-PR,Risco Médio,Alta
quinta-feira,BR-277,98.9,Plena Noite,Crescente,Céu Claro,Dupla,Não Informado,-25.43095,-49.35811,DEL01-PR,Risco Médio,Média
terça-feira,BR-423,121.0,Plena Noite,Crescente,Ignorado,Simples,Reta,-8.915537,-36.7038,DEL03-PE,Risco Médio,Baixa
domingo,BR-163,721.6,Pleno dia,Crescente,Céu Claro,Simples,Não Informado,-18.5845,-54.76831,DEL06-MS,Risco Médio,Alta
sexta-feira,BR-280,5.0,Pleno dia,Decrescente,Sol,Simples,Reta,-26.26012,-48.62572,DEL03-SC,Risco Médio,Baixa
sexta-feira,BR-414,407.8,Plena Noite,Decrescente,Nublado,Simples,Reta,-16.03064,-48.85042,DEL02-GO,Risco Baixo,Baixa
segunda-feira,BR-20,122.6,Plena Noite,Decrescente,Céu Claro,Simples,Reta,-14.89967,-46.89561,DEL02-DF,Risco Alto,Baixa
terça-feira,BR-116,89.0,Pleno dia,Decrescente,Chuva,Dupla,Reta,-22.9391,-45.3784,DEL06-SP,Risco Baixo,Alta
sábado,BR-280,39.9,Pleno dia,Crescente,Céu Claro,Simples,Reta,-26.44875,-48.83793,DEL03-SC,Risco Médio,Baixa
quinta-feira,BR-222,11.7,Pleno dia,Crescente,Céu Claro,Dupla,Interseção de vias,-3.765979,-38.66222,DEL01-CE,Risco Médio,Baixa
sexta-feira,BR-324,592.0,Pleno dia,Decrescente,Céu Claro,Dupla,Reta,-12.69022,-38.46568,DEL01-BA,Risco Baixo,Baixa
sexta-feira,BR-381,917.0,Pleno dia,Crescente,Nublado,Dupla,Curva,-22.74894,-46.14045,DEL16-MG,Risco Baixo,Alta
sábado,BR-101,84.3,Pleno dia,Decrescente,Céu Claro,Dupla,Reta,-5.774175,-35.2578,DEL02-RN,Risco Médio,Alta
quinta-feira,BR-282,274.0,Pleno dia,Crescente,Chuva,Simples,Curva,-27.6117,-50.718,DEL05-SC,Risco Baixo,Baixa
domingo,BR-101,735.0,Pleno dia,Crescente,Céu Claro,Simples,Não Informado,-16.50062,-39.57537,DEL09-BA,Risco Médio,Alta
sexta-feira,BR-20,31.0,Amanhecer,Decrescente,Céu Claro,Simples,Reta,-13.688,-46.141,DEL10-BA,Risco Médio,Baixa
domingo,BR-232,153.4,Plena Noite,Crescente,Céu Claro,Simples,Reta,-8.327604,-36.19006,DEL02-PE,Risco Alto,Baixa
quinta-feira,BR-487,21.5,Pleno dia,Decrescente,Céu Claro,Simples,Não Informado,-23.39435,-53.62662,DEL06-PR,Risco Médio,Baixa
quarta-feira,BR-116,49.0,Pleno dia,Crescente,Nublado,Simples,Curva,-28.56891,-51.00387,DEL05-RS,Risco Baixo,Alta
quarta-feira,BR-70,543.8,Pleno dia,Crescente,Céu Claro,Simples,Reta,-15.67703,-56.32793,DEL01-MT,Risco Alto,Baixa
sexta-feira,BR-410,2.0,Pleno dia,Crescente,Céu Claro,Simples,Reta,-10.82458,-38.54504,DEL07-BA,Risco Médio,Baixa
quinta-feira,BR-277,27.0,Pleno dia,Decrescente,Nublado,Dupla,Reta,-25.5427,-48.77777,DEL01-PR,Risco Médio,Média
sexta-feira,BR-101,293.0,Plena Noite,Decrescente,Garoa/Chuvisco,Simples,Viaduto,-22.7562,-42.88724,DEL02-RJ,Risco Médio,Alta
sábado,BR-20,11.0,Pleno dia,Crescente,Céu Claro,Dupla,Reta,-15.64654,-47.76642,DEL02-DF,Risco Médio,Baixa
quarta-feira,BR-116,46.0,Pleno dia,Decrescente,Chuva,Dupla,Curva,-25.20185,-48.89621,DEL01-PR,Risco Médio,Alta
sexta-feira,BR-10,258.0,Pleno dia,Crescente,Chuva,Simples,Reta,-5.481554,-47.47209,DEL04-MA,Risco Médio,Baixa
sábado,BR-116,21.7,Pleno dia,Crescente,Sol,Simples,Reta,-8.032502,-39.14261,DEL05-PE,Risco Baixo,Alta
sexta-feira,BR-364,175.7,Amanhecer,Crescente,Nevoeiro/Neblina,Simples,Não Informado,-17.99592,-51.57678,DEL05-GO,Risco Médio,Alta
sexta-feira,BR-70,5.0,Pleno dia,Crescente,Nublado,Dupla,Reta,-15.79466,-48.09678,DEL01-DF,Risco Médio,Baixa
sábado,BR-116,248.0,Amanhecer,Decrescente,Céu Claro,Múltipla,Curva,-29.77606,-51.15509,DEL01-RS,Risco Médio,Alta
segunda-feira,BR-364,341.0,Plena Noite,Crescente,Céu Claro,Simples,Reta,-10.88988,-61.93127,DEL02-RO,Risco Médio,Alta
segunda-feira,BR-101,131.0,Pleno dia,Decrescente,Nublado,Dupla,Reta,-26.99064,-48.66311,DEL04-SC,Risco Médio,Alta
quarta-feira,BR-285,532.2,Plena Noite,Crescente,Chuva,Simples,Curva,-28.40931,-54.59017,DEL10-RS,Risco Médio,Baixa
domingo,BR-393,279.6,Plena Noite,Crescente,Céu Claro,Simples,Reta,-22.47791,-44.04573,DEL05-RJ,Risco Baixo,Média
terça-feira,BR-40,17.0,Amanhecer,Crescente,Céu Claro,Dupla,Reta,-16.18487,-47.92864,DEL01-DF,Risco Médio,Alta
quinta-feira,BR-116,131.0,Plena Noite,Decrescente,Céu Claro,Dupla,Desvio Temporário,-25.68349,-49.31622,DEL01-PR,Risco Alto,Alta
segunda-feira,BR-470,91.5,Pleno dia,Decrescente,Céu Claro,Simples,Reta,-26.96767,-49.36832,DEL04-SC,Risco Médio,Baixa
segunda-feira,BR-364,360.8,Anoitecer,Crescente,Céu Claro,Dupla,Reta,-15.77656,-55.63451,DEL02-MT,Risco Baixo,Alta
domingo,BR-304,105.1,Pleno dia,Crescente,Céu Claro,Simples,Reta,-5.58863,-36.97473,DEL04-RN,Risco Médio,Baixa
domingo,BR-101,261.0,Pleno dia,Decrescente,Garoa/Chuvisco,Dupla,Curva,-22.71286,-42.61734,DEL02-RJ,Risco Médio,Alta
quarta-feira,BR-101,336.0,Pleno dia,Decrescente,Céu Claro,Dupla,Reta,-28.47124,-49.02035,DEL02-SC,Risco Baixo,Alta
quarta-feira,BR-277,345.6,Pleno dia,Decrescente,Céu Claro,Simples,Reta,-25.36742,-51.49386,DEL03-PR,Risco Médio,Média
segunda-feira,BR-101,257.8,Plena Noite,Crescente,Céu Claro,Dupla,Rotatória,-20.12455,-40.30332,DEL02-ES,Risco Médio,Alta
domingo,BR-153,425.5,Plena Noite,Decrescente,Céu Claro,Dupla,Não Informado,-16.22442,-49.01182,DEL02-GO,Risco Alto,Alta
quinta-feira,BR-116,5.0,Pleno dia,Crescente,Céu Claro,Dupla,Reta,-3.792339,-38.50883,DEL01-CE,Risco Médio,Alta
sábado,BR-277,148.0,Pleno dia,Crescente,Chuva,Simples,Curva,-25.47314,-49.81111,DEL01-PR,Risco Médio,Média
sábado,BR-116,207.2,Pleno dia,Decrescente,Nublado,Simples,Rotatória,-27.482,-50.37911,DEL05-SC,Risco Médio,Alta
segunda-feira,BR-381,1.0,Pleno dia,Decrescente,Céu Claro,Dupla,Reta,-19.9623,-44.15607,DEL01-MG,Risco Baixo,Alta
sábado,BR-232,133.0,Anoitecer,Crescente,Céu Claro,Dupla,Reta,-8.30608,-36.01576,DEL02-PE,Risco Médio,Baixa
terça-feira,BR-101,408.0,Plena Noite,Decrescente,Nublado,Simples,Reta,-28.92704,-49.49272,DEL02-SC,Risco Médio,Alta
quarta-feira,BR-40,120.0,Plena Noite,Decrescente,Chuva,Simples,Não Informado,-17.66216,-46.36489,DEL14-MG,Risco Médio,Alta
sexta-feira,BR-40,92.0,Pleno dia,Crescente,Céu Claro,Simples,Interseção de vias,-16.73392,-47.6216,DEL01-DF,Risco Médio,Alta
quinta-feira,BR-116,119.1,Pleno dia,Crescente,Céu Claro,Dupla,Curva,-25.57548,-49.31213,DEL01-PR,Risco Baixo,Alta
sexta-feira,BR-40,650.8,Pleno dia,Crescente,Céu Claro,Simples,Reta,-20.82568,-43.80918,DEL05-MG,Risco Médio,Alta
sábado,BR-101,436.3,Plena Noite,Decrescente,Nublado,Simples,Não Informado,-22.94335,-44.06046,DEL03-RJ,Risco Médio,Alta
quinta-feira,BR-304,76.4,Pleno dia,Crescente,Céu Claro,Simples,Reta,-5.444411,-37.19222,DEL04-RN,Risco Médio,Baixa
domingo,BR-60,38.6,Pleno dia,Crescente,Nublado,Dupla,Curva,-16.75086,-49.34111,DEL01-GO,Risco Alto,Média
domingo,BR-50,180.0,Pleno dia,Crescente,Céu Claro,Dupla,Não Informado,-19.77848,-47.92195,DEL13-MG,Risco Médio,Média
quarta-feira,BR-232,6.9,Pleno dia,Decrescente,Chuva,Dupla,Reta,-8.070795,-34.95354,DEL01-PE,Risco Médio,Baixa
domingo,BR-116,178.3,Anoitecer,Decrescente,Chuva,Dupla,Reta,-22.74695,-43.44557,DEL01-RJ,Risco Baixo,Alta
sábado,BR-406,170.4,Pleno dia,Decrescente,Sol,Dupla,Reta,-5.758721,-35.29922,DEL02-RN,Risco Médio,Baixa
terça-feira,BR-230,41.0,Pleno dia,Decrescente,Nublado,Dupla,Curva,-7.1432,-34.9869,DEL01-PB,Risco Médio,Baixa
domingo,BR-285,433.8,Plena Noite,Decrescente,Céu Claro,Simples,Curva,-28.33863,-53.66934,DEL10-RS,Risco Alto,Baixa
sexta-feira,BR-20,308.5,Plena Noite,Decrescente,Céu Claro,Simples,Reta,-4.34944,-39.29934,DEL02-CE,Risco Médio,Baixa
quinta-feira,BR-364,37.5,Amanhecer,Decrescente,Céu Claro,Simples,Reta,-20.02519,-48.94096,DEL13-MG,Risco Baixo,Alta
segunda-feira,BR-230,160.7,Anoitecer,Crescente,Nublado,Simples,Reta,-7.2436,-35.9375,DEL02-PB,Risco Médio,Baixa
sábado,BR-101,30.0,Plena Noite,Crescente,Nublado,Simples,Reta,-23.38006,-44.9681,DEL06-SP,Risco Médio,Alta
domingo,BR-101,411.0,Plena Noite,Crescente,Céu Claro,Simples,Rotatória,-28.93112,-49.49404,DEL02-SC,Risco Médio,Alta
sábado,BR-364,64.7,Plena Noite,Decrescente,Nublado,Simples,Reta,-16.9356,-53.59478,DEL02-MT,Risco Médio,Alta
sexta-feira,BR-470,141.4,Pleno dia,Crescente,Céu Claro,Simples,Não Informado,-27.22606,-49.66616,DEL04-SC,Risco Baixo,Baixa
quinta-feira,BR-392,351.5,Pleno dia,Crescente,Céu Claro,Simples,Reta,-29.72843,-53.80324,DEL09-RS,Risco Médio,Média
terça-feira,BR-116,196.0,Pleno dia,Crescente,Ignorado,Dupla,Reta,-22.73012,-43.6104,DEL01-RJ,Risco Médio,Alta
sábado,BR-116,187.0,Plena Noite,Decrescente,Garoa/Chuvisco,Dupla,Reta,-23.35713,-46.20738,DEL01-SP,Risco Médio,Alta
domingo,BR-356,94.0,Plena Noite,Crescente,Nublado,Simples,Não Informado,-21.50699,-41.57624,DEL08-RJ,Risco Alto,Baixa
sexta-feira,BR-101,111.8,Plena Noite,Crescente,Chuva,Simples,Reta,-19.05757,-40.03255,DEL04-ES,Risco Médio,Alta
sábado,BR-116,513.0,Pleno dia,Decrescente,Chuva,Dupla,Curva,-24.8511,-48.21802,DEL05-SP,Risco Médio,Alta
sexta-feira,BR-381,526.0,Pleno dia,Decrescente,Céu Claro,Dupla,Curva,-20.1586,-44.3295,DEL04-MG,Risco Médio,Alta
sábado,BR-232,131.0,Pleno dia,Crescente,Céu Claro,Dupla,Reta,-8.301176,-35.99844,DEL02-PE,Risco Médio,Baixa
quarta-feira,BR-40,121.0,Pleno dia,Crescente,Céu Claro,Dupla,Reta,-22.7884,-43.2853,DEL01-RJ,Risco Médio,Alta
segunda-feira,BR-116,230.4,Pleno dia,Crescente,Sol,Múltipla,Reta,-23.52,-46.584,DEL01-SP,Risco Médio,Alta
quinta-feira,BR-116,704.6,Anoitecer,Decrescente,Nublado,Simples,Interseção de vias,-21.13417,-42.38723,DEL07-MG,Risco Médio,Alta
terça-feira,BR-116,102.0,Plena Noite,Decrescente,Garoa/Chuvisco,Dupla,Reta,-25.55064,-49.15025,DEL01-PR,Risco Médio,Alta
sexta-feira,BR-116,226.0,Pleno dia,Crescente,Nublado,Múltipla,Reta,-23.49466,-46.55431,DEL01-SP,Risco Médio,Alta
terça-feira,BR-101,264.0,Pleno dia,Crescente,Chuva,Dupla,Interseção de vias,-20.17336,-40.26728,DEL02-ES,Risco Médio,Alta
domingo,BR-365,97.4,Pleno dia,Decrescente,Chuva,Simples,Reta,-17.21524,-44.48478,DEL12-MG,Risco Médio,Média
segunda-feira,BR-101,330.0,Pleno dia,Crescente,Céu Claro,Dupla,Reta,-22.86848,-43.18568,DEL02-RJ,Risco Médio,Alta
sábado,BR-101,377.0,Plena Noite,Crescente,Céu Claro,Simples,Reta,-13.8415,-39.4965,DEL05-BA,Risco Médio,Alta
sábado,BR-373,449.1,Pleno dia,Decrescente,Céu Claro,Simples,Reta,-25.86586,-52.34222,DEL02-PR,Risco Médio,Baixa
domingo,BR-40,581.0,Pleno dia,Crescente,Sol,Simples,Reta,-20.3105,-43.9349,DEL01-MG,Risco Médio,Alta
sábado,BR-373,399.0,Pleno dia,Crescente,Céu Claro,Simples,Reta,-25.56145,-52.04536,DEL08-PR,Risco Médio,Baixa
domingo,BR-116,581.3,Plena Noite,Crescente,Céu Claro,Simples,Curva,-20.19603,-42.18344,DEL06-MG,Risco Médio,Alta
segunda-feira,BR-101,355.6,Pleno dia,Crescente,Garoa/Chuvisco,Simples,Curva,-13.66108,-39.48003,DEL05-BA,Risco Baixo,Alta
quinta-feira,BR-280,35.0,Plena Noite,Decrescente,Nublado,Simples,Reta,-26.43448,-48.80454,DEL03-SC,Risco Médio,Baixa
quarta-feira,BR-70,520.0,Pleno dia,Crescente,Céu Claro,Simples,Reta,-15.7037,-56.14511,DEL01-MT,Risco Médio,Baixa
terça-feira,BR-392,264.8,Pleno dia,Decrescente,Chuva,Múltipla,Curva,-30.44202,-53.49406,DEL09-RS,Risco Médio,Média
quinta-feira,BR-40,520.0,Pleno dia,Decrescente,Céu Claro,Dupla,Reta,-19.8604,-44.0712,DEL01-MG,Risco Médio,Alta
sexta-feira,BR-101,296.4,Plena Noite,Crescente,Nublado,Simples,Desvio Temporário,-20.34284,-40.40639,DEL01-ES,Risco Médio,Alta
sexta-feira,BR-287,289.2,Pleno dia,Crescente,Céu Claro,Simples,Reta,-29.63458,-54.26372,DEL09-RS,Risco Médio,Baixa
sexta-feira,BR-364,13.0,Pleno dia,Crescente,Céu Claro,Simples,Não Informado,-12.7414,-60.13026,DEL04-RO,Risco Médio,Alta
quarta-feira,BR-158,780.0,Amanhecer,Crescente,Ignorado,Simples,Curva,-9.398322,-50.42199,DEL03-PA,Risco Médio,Baixa
segunda-feira,BR-476,144.0,Pleno dia,Crescente,Céu Claro,Dupla,Curva,-25.5425,-49.31301,DEL01-PR,Risco Médio,Baixa
sexta-feira,BR-364,278.4,Pleno dia,Decrescente,Chuva,Dupla,Reta,-15.9455,-55.00613,DEL05-MT,Risco Médio,Alta
terça-feira,BR-476,268.0,Pleno dia,Crescente,Céu Claro,Simples,Reta,-25.89588,-50.31874,DEL02-PR,Risco Baixo,Baixa
sexta-feira,BR-364,291.0,Plena Noite,Crescente,Ignorado,Dupla,Reta,-15.89923,-55.09841,DEL02-MT,Risco Médio,Alta
sábado,BR-101,98.0,Pleno dia,Crescente,Chuva,Dupla,Reta,-7.246923,-34.93114,DEL01-PB,Risco Médio,Alta
quarta-feira,BR-40,112.0,Pleno dia,Decrescente,Sol,Múltipla,Reta,-22.70045,-43.29015,DEL01-RJ,Risco Médio,Alta
quinta-feira,BR-267,72.7,Anoitecer,Crescente,Céu Claro,Simples,Não Informado,-21.86335,-52.78764,DEL02-MS,Risco Médio,Baixa
sexta-feira,BR-280,165.1,Pleno dia,Crescente,Sol,Simples,Reta,-26.18796,-49.80854,DEL06-SC,Risco Médio,Baixa
sexta-feira,BR-262,163.0,Plena Noite,Decrescente,Chuva,Simples,Reta,-19.95885,-42.86157,DEL03-MG,Risco Baixo,Média
domingo,BR-40,610.1,Plena Noite,Crescente,Nublado,Simples,Reta,-20.50477,-43.83897,DEL05-MG,Risco Baixo,Alta
domingo,BR-153,493.0,Pleno dia,Decrescente,Céu Claro,Dupla,Reta,-16.6537,-49.2172,DEL01-GO,Risco Médio,Alta
terça-feira,BR-414,370.0,Pleno dia,Decrescente,Céu Claro,Simples,Reta,-15.58099,-48.62866,DEL02-GO,Risco Médio,Baixa
terça-feira,BR-174,504.0,Plena Noite,Decrescente,Ignorado,Dupla,Reta,2.801636,-60.6946,DEL01-RR,Risco Médio,Baixa
sexta-feira,BR-392,2.9,Pleno dia,Decrescente,Sol,Simples,Curva,-32.06112,-52.08915,DEL07-RS,Risco Médio,Média
quarta-feira,BR-101,78.0,Pleno dia,Crescente,Céu Claro,Dupla,Curva,-9.4407,-35.83793,DEL01-AL,Risco Médio,Alta
sexta-feira,BR-40,121.0,Pleno dia,Decrescente,Céu Claro,Múltipla,Reta,-22.78185,-43.28571,DEL01-RJ,Risco Médio,Alta
sexta-feira,BR-40,592.4,Pleno dia,Decrescente,Chuva,Múltipla,Não Informado,-20.39009,-43.90682,DEL05-MG,Risco Médio,Alta
terça-feira,BR-369,202.1,Pleno dia,Crescente,Nublado,Simples,Interseção de vias,-23.54446,-51.45383,DEL07-PR,Risco Médio,Baixa
segunda-feira,BR-116,385.0,Pleno dia,Decrescente,Céu Claro,Dupla,Reta,-24.28187,-47.46013,DEL04-SP,Risco Médio,Alta
domingo,BR-364,520.0,Plena Noite,Decrescente,Céu Claro,Simples,Reta,-9.868154,-63.058,DEL03-RO,Risco Baixo,Alta
quinta-feira,BR-262,4.7,Pleno dia,Crescente,Nublado,Múltipla,Reta,-20.33609,-40.37813,DEL01-ES,Risco Médio,Média
domingo,BR-101,98.0,Plena Noite,Decrescente,Nevoeiro/Neblina,Múltipla,Reta,-26.73761,-48.69919,DEL03-SC,Risco Médio,Alta
sábado,BR-402,41.4,Plena Noite,Decrescente,Céu Claro,Simples,Reta,-2.992497,-41.70567,DEL05-PI,Risco Médio,Baixa
sábado,BR-101,219.9,Pleno dia,Crescente,Céu Claro,Simples,Curva,-27.68392,-48.6671,DEL01-SC,Risco Médio,Alta
sábado,BR-163,113.1,Plena Noite,Decrescente,Céu Claro,Simples,Reta,-26.38298,-53.52261,DEL07-SC,Risco Baixo,Alta
terça-feira,BR-116,11.4,Pleno dia,Crescente,Céu Claro,Simples,Não Informado,-3.850339,-38.49565,DEL01-CE,Risco Médio,Alta
quinta-feira,BR-435,15.2,Plena Noite,Decrescente,Céu Claro,Simples,Reta,-12.72642,-60.26619,DEL04-RO,Risco Baixo,Baixa
quinta-feira,BR-316,6.6,Plena Noite,Decrescente,Céu Claro,Dupla,Reta,-1.373396,-48.38675,DEL01-PA,Risco Médio,Baixa
sexta-feira,BR-101,132.0,Pleno dia,Crescente,Chuva,Dupla,Reta,-26.99651,-48.65559,DEL04-SC,Risco Médio,Alta
sábado,BR-376,184.8,Plena Noite,Decrescente,Céu Claro,Dupla,Não Informado,-23.44656,-51.86217,DEL07-PR,Risco Alto,Baixa
sexta-feira,BR-40,739.7,Pleno dia,Crescente,Garoa/Chuvisco,Simples,Não Informado,-21.39954,-43.56507,DEL05-MG,Risco Médio,Alta
domingo,BR-459,97.7,Plena Noite,Crescente,Céu Claro,Simples,Rotatória,-22.20428,-45.94308,DEL16-MG,Risco Baixo,Baixa
sexta-feira,BR-324,602.0,Pleno dia,Decrescente,Sol,Dupla,Reta,-12.76403,-38.42393,DEL01-BA,Risco Médio,Baixa
quinta-feira,BR-373,177.3,Pleno dia,Crescente,Sol,Dupla,Curva,-25.05597,-50.22678,DEL03-PR,Risco Baixo,Baixa
domingo,BR-116,797.0,Plena Noite,Crescente,Céu Claro,Simples,Não Informado,-21.72541,-42.73006,DEL07-MG,Risco Médio,Alta
terça-feira,BR-146,511.0,Pleno dia,Crescente,Céu Claro,Simples,Curva,-21.77567,-46.43239,DEL09-MG,Risco Médio,Baixa
sexta-feira,BR-282,40.4,Pleno dia,Crescente,Sol,Simples,Interseção de vias,-27.71615,-48.86958,DEL01-SC,Risco Médio,Baixa
sexta-feira,BR-116,102.0,Plena Noite,Crescente,Céu Claro,Dupla,Reta,-25.55064,-49.15025,DEL01-PR,Risco Médio,Alta
segunda-feira,BR-364,204.9,Anoitecer,Crescente,Céu Claro,Múltipla,Retorno Regulamentado,-16.46732,-54.6572,DEL02-MT,Risco Médio,Alta
quinta-feira,BR-262,585.8,Pleno dia,Crescente,Céu Claro,Simples,Curva,-19.66223,-46.09134,DEL08-MG,Risco Baixo,Média
quinta-feira,BR-381,53.8,Pleno dia,Crescente,Céu Claro,Dupla,Reta,-23.24378,-46.59667,DEL03-SP,Risco Médio,Alta
sexta-feira,BR-364,14.8,Pleno dia,Decrescente,Céu Claro,Dupla,Rotatória,-12.73673,-60.14804,DEL04-RO,Risco Médio,Alta
quarta-feira,BR-101,596.8,Pleno dia,Decrescente,Chuva,Simples,Curva,-23.33795,-44.7446,DEL03-RJ,Risco Baixo,Alta
quinta-feira,BR-277,588.0,Pleno dia,Decrescente,Céu Claro,Simples,Interseção de vias,-24.97551,-53.44121,DEL04-PR,Risco Médio,Média
terça-feira,BR-381,502.5,Anoitecer,Crescente,Nublado,Simples,Reta,-20.0362,-44.24586,DEL01-MG,Risco Médio,Alta
sábado,BR-116,144.0,Pleno dia,Decrescente,Céu Claro,Simples,Não Informado,-25.7729,-49.32325,DEL01-PR,Risco Médio,Alta
sábado,BR-101,258.4,Pleno dia,Decrescente,Sol,Simples,Não Informado,-12.9492,-39.253,DEL01-BA,Risco Médio,Alta
quarta-feira,BR-158,218.0,Pleno dia,Crescente,Céu Claro,Simples,Reta,-28.84352,-53.61251,DEL10-RS,Risco Médio,Baixa
sexta-feira,BR-277,588.0,Anoitecer,Crescente,Céu Claro,Simples,Reta,-25.02817,-53.55983,DEL04-PR,Risco Médio,Média
sábado,BR-277,687.0,Pleno dia,Decrescente,Céu Claro,Dupla,Não Informado,-25.34479,-54.23022,DEL05-PR,Risco Médio,Média
quarta-feira,BR-70,3.0,Pleno dia,Crescente,Nublado,Múltipla,Curva,-15.80245,-48.08039,DEL01-DF,Risco Baixo,Baixa
segunda-feira,BR-316,503.0,Plena Noite,Crescente,Nublado,Simples,Reta,-4.675664,-43.82,DEL03-MA,Risco Baixo,Baixa
quinta-feira,BR-476,132.0,Pleno dia,Decrescente,Céu Claro,Dupla,Reta,-25.46072,-49.25049,DEL01-PR,Risco Médio,Baixa
quinta-feira,BR-101,146.6,Plena Noite,Crescente,Céu Claro,Dupla,Reta,-27.08667,-48.60956,DEL04-SC,Risco Médio,Alta
quinta-feira,BR-285,119.4,Pleno dia,Decrescente,Nublado,Simples,Reta,-28.51045,-50.93429,DEL05-RS,Risco Baixo,Baixa
sexta-feira,BR-116,5.5,Plena Noite,Crescente,Céu Claro,Simples,Interseção de vias,-26.14094,-49.81508,DEL06-SC,Risco Baixo,Alta
quinta-feira,BR-50,280.7,Pleno dia,Crescente,Céu Claro,Simples,Interseção de vias,-18.18184,-47.94144,DEL06-GO,Risco Médio,Média
domingo,BR-381,2.4,Pleno dia,Decrescente,Sol,Múltipla,Curva,-19.96825,-44.19871,DEL01-MG,Risco Médio,Alta
quarta-feira,BR-116,90.4,Plena Noite,Decrescente,Chuva,Dupla,Reta,-25.46112,-49.0888,DEL01-PR,Risco Alto,Alta
sábado,BR-163,263.0,Plena Noite,Crescente,Chuva,Dupla,Rotatória,-22.23208,-54.74827,DEL04-MS,Risco Médio,Alta
sábado,BR-364,137.8,Pleno dia,Decrescente,Chuva,Simples,Não Informado,-16.7933,-54.19732,DEL02-MT,Risco Baixo,Alta
quinta-feira,BR-101,317.0,Pleno dia,Decrescente,Céu Claro,Dupla,Reta,-22.83708,-43.09492,DEL02-RJ,Risco Médio,Alta
terça-feira,BR-262,811.2,Pleno dia,Decrescente,Nublado,Dupla,Reta,-19.76808,-47.98546,DEL13-MG,Risco Médio,Média
terça-feira,BR-101,25.2,Pleno dia,Decrescente,Chuva,Simples,Reta,-10.40182,-36.9184,DEL02-SE,Risco Baixo,Alta
quarta-feira,BR-381,505.3,Plena Noite,Crescente,Céu Claro,Dupla,Reta,-20.04478,-44.27276,DEL01-MG,Risco Médio,Alta
sexta-feira,BR-381,486.0,Pleno dia,Crescente,Céu Claro,Dupla,Reta,-19.95644,-44.13612,DEL01-MG,Risco Médio,Alta
sábado,BR-476,134.0,Pleno dia,Decrescente,Sol,Múltipla,Reta,-25.47652,-49.25994,DEL01-PR,Risco Médio,Baixa
sábado,BR-101,297.0,Pleno dia,Crescente,Céu Claro,Dupla,Reta,-20.3453,-40.41027,DEL01-ES,Risco Médio,Alta
domingo,BR-262,7.3,Plena Noite,Decrescente,Ignorado,Simples,Reta,-20.34363,-40.40622,DEL01-ES,Risco Médio,Média
segunda-feira,BR-343,48.6,Plena Noite,Decrescente,Garoa/Chuvisco,Simples,Reta,-3.174765,-41.86887,DEL05-PI,Risco Médio,Baixa
terça-feira,BR-158,102.7,Pleno dia,Decrescente,Nublado,Simples,Curva,-26.84426,-53.17107,DEL07-SC,Risco Médio,Baixa
domingo,BR-104,135.0,Plena Noite,Decrescente,Nublado,Simples,Reta,-7.334495,-35.89813,DEL02-PB,Risco Médio,Baixa
sexta-feira,BR-163,767.6,Pleno dia,Crescente,Chuva,Simples,Não Informado,-18.18561,-54.65462,DEL06-MS,Risco Médio,Alta
domingo,BR-290,80.0,Pleno dia,Crescente,Céu Claro,Dupla,Reta,-29.95343,-51.05845,DEL01-RS,Risco Médio,Baixa
sexta-feira,BR-101,127.0,Pleno dia,Crescente,Céu Claro,Simples,Reta,-19.2029,-40.09552,DEL04-ES,Risco Médio,Alta
quarta-feira,BR-365,480.0,Pleno dia,Crescente,Céu Claro,Simples,Reta,-18.89211,-47.06972,DEL10-MG,Risco Baixo,Média
quinta-feira,BR-392,78.5,Pleno dia,Decrescente,Céu Claro,Simples,Interseção de vias,-31.68714,-52.43813,DEL07-RS,Risco Médio,Média
quarta-feira,BR-50,176.0,Anoitecer,Decrescente,Céu Claro,Dupla,Não Informado,-19.7792,-47.96003,DEL13-MG,Risco Médio,Média
terça-feira,BR-116,193.0,Plena Noite,Crescente,Céu Claro,Múltipla,Reta,-22.7396,-43.52859,DEL01-RJ,Risco Médio,Alta
sexta-feira,BR-277,1.0,Pleno dia,Crescente,Céu Claro,Dupla,Não Informado,-25.50356,-54.58409,DEL05-PR,Risco Médio,Média
quarta-feira,BR-287,352.0,Pleno dia,Decrescente,Céu Claro,Simples,Curva,-29.50125,-54.67132,DEL12-RS,Risco Médio,Baixa
quinta-feira,BR-364,24.0,Pleno dia,Crescente,Céu Claro,Simples,Reta,-12.72463,-60.22962,DEL04-RO,Risco Baixo,Alta