dia_semana,br,km,fase_dia,sentido_via,condicao_metereologica,tipo_pista,tracado_via,latitude,longitude,delegacia,classificacao_acidente,postos_policiais_PRF
quarta-feira,BR-365,471.5,Anoitecer,Crescente,Céu Claro,Simples,Reta,-18.92485,-46.99985,DEL10-MG,Risco Médio,Média
sábado,BR-101,116.1,Pleno dia,Decrescente,Céu Claro,Múltipla,Reta,-26.87906,-48.72604,DEL04-SC,Risco Baixo,Alta
terça-feira,BR-262,506.2,Plena Noite,Crescente,Céu Claro,Simples,Reta,-19.77438,-45.52526,DEL08-MG,Risco Médio,Média
sábado,BR-101,207.9,Pleno dia,Crescente,Céu Claro,Simples,Curva,-19.7808,-40.37161,DEL02-ES,Risco Médio,Alta
terça-feira,BR-163,841.0,Pleno dia,Crescente,Nublado,Simples,Reta,-11.80522,-55.48072,DEL06-MT,Risco Médio,Alta
quinta-feira,BR-262,157.6,Pleno dia,Crescente,Sol,Múltipla,Reta,-20.23103,-41.48811,DEL01-ES,Risco Médio,Média
quarta-feira,BR-365,140.0,Plena Noite,Crescente,Céu Claro,Simples,Curva,-17.21708,-44.81869,DEL12-MG,Risco Médio,Média
domingo,BR-376,315.0,Pleno dia,Crescente,Céu Claro,Dupla,Curva,-23.9858,-51.08373,DEL07-PR,Risco Médio,Baixa
sábado,BR-470,158.2,Plena Noite,Decrescente,Céu Claro,Simples,Reta,-27.29965,-49.79071,DEL04-SC,Risco Médio,Baixa
sábado,BR-435,59.8,Plena Noite,Crescente,Céu Claro,Simples,Reta,-13.05984,-60.39396,DEL04-RO,Risco Baixo,Baixa
terça-feira,BR-381,723.0,Pleno dia,Crescente,Céu Claro,Dupla,Reta,-21.4571,-45.2109,DEL04-MG,Risco Médio,Alta
quarta-feira,BR-101,50.6,Pleno dia,Decrescente,Céu Claro,Simples,Reta,-23.45396,-45.07368,DEL06-SP,Risco Médio,Alta
quarta-feira,BR-116,362.0,Pleno dia,Decrescente,Chuva,Dupla,Curva,-24.28187,-47.46013,DEL04-SP,Risco Médio,Alta
domingo,BR-262,773.0,Anoitecer,Crescente,Céu Claro,Simples,Reta,-19.08286,-57.62168,DEL03-MS,Risco Baixo,Média
sábado,BR-365,859.0,Plena Noite,Crescente,Céu Claro,Simples,Reta,-19.0379,-50.4004,DEL15-MG,Risco Médio,Média
segunda-feira,BR-262,39.4,Pleno dia,Decrescente,Céu Claro,Simples,Curva,-20.3817,-40.63115,DEL01-ES,Risco Médio,Média
terça-feira,BR-376,37.8,Plena Noite,Crescente,Céu Claro,Simples,Rotatória,-22.8108,-53.01877,DEL09-PR,Risco Médio,Baixa
quinta-feira,BR-70,1.0,Pleno dia,Crescente,Sol,Simples,Reta,-15.89165,-52.26203,DEL07-MT,Risco Médio,Baixa
sábado,BR-163,904.0,Plena Noite,Crescente,Nublado,Simples,Reta,-3.201985,-54.95517,DEL05-PA,Risco Alto,Alta
domingo,BR-280,48.0,Pleno dia,Crescente,Céu Claro,Simples,Não Informado,-26.45578,-48.92934,DEL03-SC,Risco Baixo,Baixa
quarta-feira,BR-386,299.3,Pleno dia,Decrescente,Garoa/Chuvisco,Simples,Curva,-29.17047,-52.21758,DEL04-RS,Risco Baixo,Média
sexta-feira,BR-262,812.0,Pleno dia,Decrescente,Céu Claro,Dupla,Curva,-19.76553,-48.11855,DEL13-MG,Risco Médio,Média
sábado,BR-381,63.0,Plena Noite,Crescente,Céu Claro,Dupla,Reta,-23.3028,-46.57277,DEL03-SP,Risco Médio,Alta
domingo,BR-116,790.3,Amanhecer,Crescente,Céu Claro,Simples,Reta,-21.67549,-42.73251,DEL07-MG,Risco Médio,Alta
sábado,BR-376,646.0,Pleno dia,Decrescente,Nublado,Dupla,Reta,-25.82777,-49.11932,DEL01-PR,Risco Baixo,Baixa
segunda-feira,BR-50,17.0,Pleno dia,Crescente,Chuva,Dupla,Curva,-18.56359,-48.0564,DEL15-MG,Risco Médio,Média
segunda-feira,BR-470,51.6,Pleno dia,Crescente,Nublado,Simples,Reta,-26.86264,-49.09077,DEL04-SC,Risco Médio,Baixa
domingo,BR-222,8.3,Plena Noite,Crescente,Céu Claro,Dupla,Reta,-3.753637,-38.63804,DEL01-CE,Risco Médio,Baixa
domingo,BR-369,168.0,Plena Noite,Crescente,Céu Claro,Simples,Reta,-23.30125,-51.32791,DEL07-PR,Risco Médio,Baixa
sexta-feira,BR-392,118.0,Pleno dia,Decrescente,Céu Claro,Simples,Reta,-31.4066,-52.68204,DEL07-RS,Risco Médio,Média
domingo,BR-101,481.0,Plena Noite,Crescente,Céu Claro,Simples,Reta,-14.62196,-39.33129,DEL05-BA,Risco Baixo,Alta
quinta-feira,BR-163,63.8,Plena Noite,Decrescente,Céu Claro,Simples,Reta,-25.8415,-53.74987,DEL02-PR,Risco Médio,Alta
domingo,BR-369,442.0,Plena Noite,Decrescente,Céu Claro,Simples,Curva,-24.5236,-52.9404,DEL04-PR,Risco Médio,Baixa
terça-feira,BR-101,219.4,Plena Noite,Decrescente,Nublado,Dupla,Reta,-27.68392,-48.6671,DEL01-SC,Risco Médio,Alta
sexta-feira,BR-290,80.7,Pleno dia,Decrescente,Céu Claro,Dupla,Reta,-29.95343,-51.05845,DEL01-RS,Risco Médio,Baixa
segunda-feira,BR-101,132.0,Plena Noite,Crescente,Nublado,Simples,Reta,-26.99654,-48.65565,DEL04-SC,Risco Médio,Alta
terça-feira,BR-101,203.0,Pleno dia,Crescente,Céu Claro,Dupla,Curva,-9.958604,-36.54588,DEL02-AL,Risco Baixo,Alta
segunda-feira,BR-116,219.6,Pleno dia,Crescente,Sol,Múltipla,Reta,-23.46144,-46.48885,DEL01-SP,Risco Médio,Alta
domingo,BR-330,731.1,Pleno dia,Crescente,Sol,Simples,Reta,-13.89885,-40.01909,DEL03-BA,Risco Médio,Baixa
quinta-feira,BR-40,469.7,Pleno dia,Decrescente,Chuva,Múltipla,Não Informado,-19.46099,-44.30122,DEL02-MG,Risco Médio,Alta
sábado,BR-316,519.1,Pleno dia,Crescente,Sol,Simples,Não Informado,-4.767269,-43.61348,DEL03-MA,Risco Médio,Baixa
terça-feira,BR-116,763.0,Pleno dia,Decrescente,Céu Claro,Simples,Reta,-21.52636,-42.63257,DEL07-MG,Risco Médio,Alta
segunda-feira,BR-40,549.0,Pleno dia,Crescente,Céu Claro,Dupla,Curva,-20.03972,-43.96703,DEL01-MG,Risco Médio,Alta
sexta-feira,BR-116,244.5,Plena Noite,Crescente,Céu Claro,Dupla,Reta,-29.74088,-51.1504,DEL01-RS,Risco Médio,Alta
sábado,BR-277,35.5,Plena Noite,Crescente,Nublado,Dupla,Não Informado,-25.57255,-48.83397,DEL01-PR,Risco Médio,Média
quarta-feira,BR-316,405.6,Pleno dia,Crescente,Céu Claro,Simples,Reta,-4.239744,-44.43916,DEL03-MA,Risco Médio,Baixa
quarta-feira,BR-101,308.7,Pleno dia,Crescente,Nublado,Dupla,Reta,-20.40809,-40.45835,DEL01-ES,Risco Médio,Alta
domingo,BR-470,140.0,Plena Noite,Crescente,Nublado,Simples,Interseção de vias,-27.19377,-49.62389,DEL04-SC,Risco Médio,Baixa
segunda-feira,BR-116,169.1,Plena Noite,Crescente,Nublado,Dupla,Reta,-23.30765,-46.04513,DEL02-SP,Risco Médio,Alta
segunda-feira,BR-230,116.0,Plena Noite,Decrescente,Céu Claro,Dupla,Reta,-5.359475,-49.08301,DEL03-PA,Risco Médio,Baixa
quarta-feira,BR-101,130.0,Plena Noite,Crescente,Céu Claro,Dupla,Curva,-6.119429,-35.22935,DEL01-RN,Risco Médio,Alta
quinta-feira,BR-116,392.1,Pleno dia,Crescente,Céu Claro,Simples,Curva,-18.69599,-41.98392,DEL06-MG,Risco Médio,Alta
domingo,BR-116,5.0,Pleno dia,Decrescente,Chuva,Dupla,Não Informado,-25.08309,-48.60001,DEL01-PR,Risco Médio,Alta
quarta-feira,BR-364,270.0,Pleno dia,Crescente,Céu Claro,Simples,Não Informado,-15.96898,-54.94463,DEL02-MT,Risco Médio,Alta
domingo,BR-101,320.0,Pleno dia,Crescente,Nublado,Dupla,Reta,-22.86175,-43.10714,DEL02-RJ,Risco Médio,Alta
sábado,BR-116,328.7,Plena Noite,Decrescente,Nublado,Dupla,Reta,-23.93869,-47.08673,DEL04-SP,Risco Baixo,Alta
sábado,BR-452,210.0,Plena Noite,Crescente,Céu Claro,Simples,Curva,-19.15826,-47.65462,DEL08-MG,Risco Médio,Baixa
sábado,BR-40,695.5,Pleno dia,Decrescente,Chuva,Simples,Não Informado,-21.17545,-43.75786,DEL05-MG,Risco Baixo,Alta
sexta-feira,BR-343,305.0,Plena Noite,Decrescente,Céu Claro,Simples,Reta,-5.034431,-42.44333,DEL01-PI,Risco Médio,Baixa
terça-feira,BR-376,649.0,Pleno dia,Decrescente,Céu Claro,Dupla,Curva,-25.84592,-49.09776,DEL01-PR,Risco Médio,Baixa
sábado,BR-116,430.0,Pleno dia,Decrescente,Ignorado,Simples,Reta,-18.9981,-41.97757,DEL06-MG,Risco Médio,Alta
quarta-feira,BR-272,562.5,Plena Noite,Crescente,Céu Claro,Simples,Reta,-24.0999,-54.2218,DEL06-PR,Risco Baixo,Baixa
sábado,BR-365,621.6,Pleno dia,Decrescente,Sol,Dupla,Curva,-18.89867,-48.27214,DEL15-MG,Risco Médio,Média
segunda-feira,BR-402,3.7,Amanhecer,Crescente,Céu Claro,Simples,Curva,-3.104686,-41.87731,DEL05-PI,Risco Médio,Baixa
quarta-feira,BR-101,116.0,Plena Noite,Crescente,Nublado,Múltipla,Reta,-26.8791,-48.726,DEL04-SC,Risco Baixo,Alta
domingo,BR-101,81.5,Pleno dia,Decrescente,Céu Claro,Múltipla,Reta,-8.168383,-34.9376,DEL01-PE,Risco Baixo,Alta
segunda-feira,BR-101,295.5,Anoitecer,Crescente,Céu Claro,Simples,Reta,-22.76365,-42.90224,DEL02-RJ,Risco Médio,Alta
quinta-feira,BR-470,136.0,Pleno dia,Decrescente,Nublado,Simples,Reta,-27.18254,-49.60087,DEL04-SC,Risco Médio,Baixa
sexta-feira,BR-101,412.5,Pleno dia,Crescente,Nublado,Simples,Interseção de vias,-28.95843,-49.51413,DEL02-SC,Risco Médio,Alta
terça-feira,BR-163,939.0,Pleno dia,Crescente,Céu Claro,Simples,Não Informado,-10.96823,-55.22579,DEL06-MT,Risco Médio,Alta
sexta-feira,BR-101,120.5,Pleno dia,Crescente,Sol,Dupla,Reta,-26.9211,-48.7084,DEL04-SC,Risco Médio,Alta
terça-feira,BR-222,361.4,Plena Noite,Decrescente,Céu Claro,Simples,Reta,-3.676084,-45.37423,DEL02-MA,Risco Alto,Baixa
segunda-feira,BR-101,54.0,Pleno dia,Crescente,Nublado,Dupla,Reta,-11.94449,-38.06286,DEL01-BA,Risco Baixo,Alta
quarta-feira,BR-101,77.5,Plena Noite,Decrescente,Chuva,Dupla,Rotatória,-10.77973,-37.13974,DEL01-SE,Risco Médio,Alta
quinta-feira,BR-364,297.0,Pleno dia,Crescente,Nublado,Simples,Reta,-11.28111,-61.89989,DEL02-RO,Risco Baixo,Alta
sábado,BR-50,209.5,Pleno dia,Crescente,Céu Claro,Simples,Não Informado,-17.64395,-47.7604,DEL06-GO,Risco Baixo,Média
domingo,BR-101,71.0,Plena Noite,Crescente,Céu Claro,Simples,Não Informado,-18.75351,-39.8626,DEL04-ES,Risco Médio,Alta
quinta-feira,BR-308,157.3,Pleno dia,Decrescente,Céu Claro,Simples,Reta,-1.211248,-47.13212,DEL01-PA,Risco Médio,Baixa
quarta-feira,BR-101,112.0,Pleno dia,Crescente,Céu Claro,Dupla,Reta,-11.00207,-37.30718,DEL02-SE,Risco Médio,Alta
segunda-feira,BR-222,5.1,Pleno dia,Crescente,Céu Claro,Simples,Reta,-3.74297,-38.61331,DEL01-CE,Risco Médio,Baixa
quinta-feira,BR-101,20.0,Plena Noite,Crescente,Chuva,Dupla,Reta,-26.14068,-48.90299,DEL03-SC,Risco Médio,Alta
quinta-feira,BR-70,475.0,Pleno dia,Decrescente,Céu Claro,Simples,Ponte,-15.89497,-52.2575,DEL04-GO,Risco Baixo,Baixa
sexta-feira,BR-101,435.2,Plena Noite,Crescente,Nublado,Múltipla,Não Informado,-29.09949,-49.63481,DEL02-SC,Risco Médio,Alta
domingo,BR-406,161.4,Plena Noite,Crescente,Céu Claro,Simples,Reta,-5.72093,-35.36655,DEL02-RN,Risco Médio,Baixa
sexta-feira,BR-116,320.0,Pleno dia,Decrescente,Chuva,Dupla,Reta,-22.47656,-44.52711,DEL07-RJ,Risco Médio,Alta
terça-feira,BR-316,235.5,Plena Noite,Decrescente,Céu Claro,Simples,Reta,-9.497557,-36.0737,DEL01-AL,Risco Alto,Baixa
sábado,BR-40,784.0,Plena Noite,Decrescente,Nublado,Dupla,Não Informado,-21.7353,-43.4421,DEL05-MG,Risco Baixo,Alta
sábado,BR-70,10.0,Pleno dia,Decrescente,Céu Claro,Dupla,Reta,-15.78707,-48.14071,DEL01-DF,Risco Baixo,Baixa
domingo,BR-116,2.0,Pleno dia,Decrescente,Chuva,Dupla,Curva,-25.06603,-48.57858,DEL01-PR,Risco Médio,Alta
segunda-feira,BR-381,487.0,Amanhecer,Crescente,Céu Claro,Múltipla,Reta,-19.95587,-44.1461,DEL01-MG,Risco Médio,Alta
domingo,BR-262,373.2,Plena Noite,Crescente,Nublado,Simples,Curva,-20.49006,-54.8076,DEL01-MS,Risco Médio,Média
sábado,BR-381,533.8,Pleno dia,Decrescente,Chuva,Dupla,Curva,-20.17637,-44.37636,DEL04-MG,Risco Baixo,Alta
segunda-feira,BR-381,349.0,Plena Noite,Crescente,Céu Claro,Simples,Curva,-19.85882,-43.1071,DEL03-MG,Risco Médio,Alta
sábado,BR-381,646.2,Pleno dia,Crescente,Chuva,Dupla,Não Informado,-20.94602,-44.88161,DEL04-MG,Risco Médio,Alta
terça-feira,BR-364,13.9,Pleno dia,Crescente,Garoa/Chuvisco,Simples,Interseção de vias,-12.73889,-60.13922,DEL04-RO,Risco Médio,Alta
quinta-feira,BR-364,574.0,Plena Noite,Decrescente,Céu Claro,Dupla,Curva,-14.69988,-56.31727,DEL01-MT,Risco Alto,Alta
quinta-feira,BR-262,104.8,Pleno dia,Decrescente,Chuva,Simples,Reta,-20.33303,-41.12932,DEL01-ES,Risco Médio,Média
domingo,BR-230,21.0,Pleno dia,Decrescente,Céu Claro,Dupla,Reta,-7.1415,-34.8519,DEL01-PB,Risco Médio,Baixa
sábado,BR-101,214.4,Pleno dia,Crescente,Nublado,Múltipla,Reta,-27.64443,-48.67057,DEL01-SC,Risco Médio,Alta
domingo,BR-20,380.0,Pleno dia,Decrescente,Céu Claro,Simples,Reta,-3.916255,-38.85098,DEL01-CE,Risco Alto,Baixa
sexta-feira,BR-101,78.0,Plena Noite,Decrescente,Nublado,Dupla,Reta,-5.743384,-35.28991,DEL02-RN,Risco Médio,Alta
sábado,BR-470,109.7,Pleno dia,Decrescente,Céu Claro,Simples,Reta,-27.08071,-49.44049,DEL04-SC,Risco Baixo,Baixa
quinta-feira,BR-153,104.8,Pleno dia,Crescente,Céu Claro,Simples,Reta,-19.27184,-48.91909,DEL15-MG,Risco Médio,Alta
domingo,BR-290,3.4,Pleno dia,Crescente,Céu Claro,Múltipla,Reta,-29.89792,-50.30472,DEL03-RS,Risco Médio,Baixa
sexta-feira,BR-230,116.9,Pleno dia,Crescente,Nublado,Dupla,Não Informado,-7.2372,-35.6043,DEL01-PB,Risco Médio,Baixa
domingo,BR-116,282.9,Plena Noite,Crescente,Céu Claro,Dupla,Reta,-23.6857,-46.85971,DEL04-SP,Risco Médio,Alta
quarta-feira,BR-343,306.0,Plena Noite,Decrescente,Nublado,Simples,Reta,-5.039588,-42.45618,DEL01-PI,Risco Médio,Baixa
terça-feira,BR-116,354.0,Plena Noite,Crescente,Céu Claro,Simples,Reta,-11.62847,-38.98171,DEL02-BA,Risco Médio,Alta
quarta-feira,BR-376,231.6,Pleno dia,Decrescente,Céu Claro,Simples,Rotatória,-23.56711,-51.51992,DEL07-PR,Risco Médio,Baixa
domingo,BR-20,165.0,Pleno dia,Crescente,Céu Claro,Simples,Curva,-5.369855,-39.96151,DEL02-CE,Risco Baixo,Baixa
terça-feira,BR-476,143.0,Pleno dia,Decrescente,Céu Claro,Dupla,Reta,-25.5438,-49.30533,DEL01-PR,Risco Médio,Baixa
domingo,BR-381,550.5,Pleno dia,Crescente,Céu Claro,Dupla,Curva,-20.30255,-44.44405,DEL04-MG,Risco Baixo,Alta
terça-feira,BR-116,282.0,Plena Noite,Crescente,Garoa/Chuvisco,Dupla,Reta,-22.52405,-44.20073,DEL07-RJ,Risco Baixo,Alta
segunda-feira,BR-230,417.0,Pleno dia,Crescente,Céu Claro,Simples,Reta,-6.7147,-37.8288,DEL03-PB,Risco Médio,Baixa
segunda-feira,BR-116,182.8,Pleno dia,Crescente,Céu Claro,Dupla,Reta,-22.75678,-43.43107,DEL01-RJ,Risco Médio,Alta
quinta-feira,BR-80,108.0,Pleno dia,Decrescente,Chuva,Simples,Reta,-15.4586,-48.8857,DEL07-GO,Risco Baixo,Baixa
quinta-feira,BR-116,390.9,Plena Noite,Crescente,Céu Claro,Simples,Curva,-18.68666,-41.98841,DEL06-MG,Risco Médio,Alta
quinta-feira,BR-280,55.7,Pleno dia,Crescente,Sol,Simples,Reta,-26.47949,-49.00366,DEL03-SC,Risco Médio,Baixa
sábado,BR-116,226.5,Anoitecer,Crescente,Nublado,Dupla,Curva,-22.67208,-43.81789,DEL07-RJ,Risco Baixo,Alta
quinta-feira,BR-104,73.6,Plena Noite,Crescente,Céu Claro,Simples,Desvio Temporário,-8.34782,-35.98475,DEL02-PE,Risco Alto,Baixa
quarta-feira,BR-116,278.0,Anoitecer,Crescente,Céu Claro,Dupla,Reta,-23.68917,-46.86186,DEL04-SP,Risco Médio,Alta
sexta-feira,BR-235,57.7,Pleno dia,Decrescente,Nublado,Simples,Reta,-10.65001,-37.45125,DEL01-SE,Risco Médio,Baixa
sábado,BR-373,182.8,Plena Noite,Crescente,Nublado,Dupla,Reta,-25.03936,-50.27676,DEL03-PR,Risco Médio,Baixa
sábado,BR-470,5.0,Plena Noite,Crescente,Céu Claro,Simples,Não Informado,-26.85855,-48.6907,DEL04-SC,Risco Médio,Baixa
terça-feira,BR-376,595.0,Plena Noite,Decrescente,Garoa/Chuvisco,Dupla,Reta,-25.4451,-49.50071,DEL01-PR,Risco Alto,Baixa
segunda-feira,BR-277,127.0,Pleno dia,Crescente,Nublado,Dupla,Curva,-25.45,-49.61295,DEL03-PR,Risco Médio,Média
sábado,BR-101,309.0,Pleno dia,Decrescente,Céu Claro,Dupla,Reta,-22.79499,-43.03446,DEL02-RJ,Risco Médio,Alta
sexta-feira,BR-101,330.0,Anoitecer,Decrescente,Céu Claro,Múltipla,Reta,-22.8683,-43.1859,DEL02-RJ,Risco Médio,Alta
domingo,BR-373,173.8,Amanhecer,Decrescente,Céu Claro,Dupla,Interseção de vias,-25.07736,-50.20818,DEL03-PR,Risco Baixo,Baixa
quinta-feira,BR-116,418.0,Pleno dia,Crescente,Céu Claro,Simples,Reta,-12.19392,-38.96544,DEL02-BA,Risco Médio,Alta
segunda-feira,BR-376,176.2,Pleno dia,Crescente,Chuva,Dupla,Retorno Regulamentado,-23.4114,-51.93684,DEL07-PR,Risco Médio,Baixa
quinta-feira,BR-60,222.9,Pleno dia,Decrescente,Chuva,Dupla,Reta,-16.99909,-49.76736,DEL01-GO,Risco Médio,Média
domingo,BR-262,595.0,Amanhecer,Decrescente,Chuva,Simples,Curva,-19.66641,-46.16032,DEL08-MG,Risco Baixo,Média
sábado,BR-280,13.1,Plena Noite,Crescente,Garoa/Chuvisco,Simples,Reta,-26.32171,-48.64799,DEL03-SC,Risco Médio,Baixa
domingo,BR-163,489.9,Plena Noite,Crescente,Garoa/Chuvisco,Simples,Reta,-20.4008,-54.555,DEL01-MS,Risco Médio,Alta
domingo,BR-403,25.2,Pleno dia,Crescente,Sol,Simples,Reta,-3.094778,-40.083,DEL01-CE,Risco Médio,Baixa
terça-feira,BR-163,1040.0,Pleno dia,Decrescente,Céu Claro,Simples,Reta,-10.16787,-54.93782,DEL06-MT,Risco Médio,Alta
sábado,BR-282,132.0,Pleno dia,Decrescente,Céu Claro,Simples,Reta,-27.8097,-49.52258,DEL05-SC,Risco Médio,Baixa
sábado,BR-280,99.0,Pleno dia,Crescente,Ignorado,Simples,Reta,-26.36957,-49.33445,DEL06-SC,Risco Baixo,Baixa
terça-feira,BR-230,527.0,Amanhecer,Decrescente,Céu Claro,Simples,Reta,-7.411041,-47.06283,DEL05-MA,Risco Alto,Baixa
segunda-feira,BR-163,24.0,Plena Noite,Crescente,Nublado,Simples,Reta,-23.89253,-54.31121,DEL09-MS,Risco Alto,Alta
domingo,BR-101,483.0,Anoitecer,Decrescente,Chuva,Simples,Reta,-22.99248,-44.24049,DEL03-RJ,Risco Baixo,Alta
terça-feira,BR-493,87.0,Pleno dia,Crescente,Nublado,Simples,Viaduto,-22.67621,-43.39021,DEL01-RJ,Risco Baixo,Baixa
sexta-feira,BR-153,37.0,Amanhecer,Crescente,Nublado,Dupla,Reta,-18.7316,-49.1091,DEL15-MG,Risco Baixo,Alta
sexta-feira,BR-364,570.3,Plena Noite,Decrescente,Chuva,Simples,Não Informado,-9.478524,-63.10382,DEL03-RO,Risco Médio,Alta
sexta-feira,BR-101,56.0,Pleno dia,Decrescente,Chuva,Simples,Não Informado,-9.2686,-35.7871,DEL01-AL,Risco Alto,Alta
sábado,BR-101,357.0,Pleno dia,Decrescente,Céu Claro,Simples,Viaduto,-28.6434,-49.09955,DEL02-SC,Risco Médio,Alta
segunda-feira,BR-324,516.0,Pleno dia,Crescente,Céu Claro,Simples,Reta,-12.24171,-38.93768,DEL02-BA,Risco Médio,Baixa
quinta-feira,BR-116,163.0,Pleno dia,Decrescente,Sol,Dupla,Reta,-23.2865,-45.99199,DEL02-SP,Risco Médio,Alta
segunda-feira,BR-324,545.8,Pleno dia,Decrescente,Chuva,Dupla,Reta,-12.42182,-38.7426,DEL01-BA,Risco Baixo,Baixa
quinta-feira,BR-259,55.5,Plena Noite,Crescente,Céu Claro,Simples,Desvio Temporário,-19.50616,-40.65537,DEL02-ES,Risco Médio,Baixa
sábado,BR-158,651.0,Pleno dia,Decrescente,Céu Claro,Simples,Reta,-14.66403,-52.35848,DEL07-MT,Risco Médio,Baixa
quarta-feira,BR-153,158.3,Plena Noite,Decrescente,Céu Claro,Simples,Reta,-21.4893,-49.78,DEL07-SP,Risco Médio,Alta
sábado,BR-116,195.3,Plena Noite,Crescente,Nublado,Múltipla,Reta,-22.73574,-43.5475,DEL01-RJ,Risco Médio,Alta
terça-feira,BR-116,338.6,Amanhecer,Crescente,Céu Claro,Simples,Reta,-6.142929,-38.64955,DEL05-CE,Risco Médio,Alta
terça-feira,BR-280,115.8,Pleno dia,Crescente,Sol,Simples,Não Informado,-26.28235,-49.41393,DEL06-SC,Risco Baixo,Baixa
terça-feira,BR-222,4.6,Pleno dia,Decrescente,Céu Claro,Múltipla,Interseção de vias,-3.742815,-38.61228,DEL01-CE,Risco Médio,Baixa
quarta-feira,BR-230,24.6,Pleno dia,Decrescente,Céu Claro,Dupla,Curva,-7.1637,-34.8618,DEL01-PB,Risco Médio,Baixa
quinta-feira,BR-116,391.0,Plena Noite,Decrescente,Céu Claro,Dupla,Reta,-30.832,-51.73052,DEL02-RS,Risco Baixo,Alta
sexta-feira,BR-447,12.0,Pleno dia,Crescente,Céu Claro,Dupla,Reta,-20.35784,-40.33283,DEL01-ES,Risco Médio,Baixa
terça-feira,BR-472,149.0,Pleno dia,Crescente,Garoa/Chuvisco,Simples,Curva,-27.8713,-54.48185,DEL10-RS,Risco Alto,Baixa
quarta-feira,BR-163,833.3,Plena Noite,Crescente,Céu Claro,Dupla,Rotatória,-12.00483,-55.51713,DEL06-MT,Risco Médio,Alta
segunda-feira,BR-343,4.0,Pleno dia,Crescente,Céu Claro,Múltipla,Reta,-5.089569,-42.80229,DEL01-PI,Risco Baixo,Baixa
quarta-feira,BR-285,327.8,Pleno dia,Decrescente,Sol,Simples,Reta,-28.28673,-52.70923,DEL08-RS,Risco Baixo,Baixa
domingo,BR-282,469.8,Anoitecer,Crescente,Céu Claro,Simples,Reta,-26.8578,-52.11347,DEL07-SC,Risco Médio,Baixa
terça-feira,BR-232,413.6,Plena Noite,Decrescente,Céu Claro,Simples,Reta,-7.988571,-38.32972,DEL04-PE,Risco Médio,Baixa
domingo,BR-101,129.8,Pleno dia,Decrescente,Céu Claro,Dupla,Reta,-26.98332,-48.67177,DEL04-SC,Risco Médio,Alta
sábado,BR-101,320.0,Amanhecer,Decrescente,Nevoeiro/Neblina,Múltipla,Curva,-22.87009,-43.11039,DEL02-RJ,Risco Médio,Alta
quarta-feira,BR-386,34.2,Pleno dia,Crescente,Chuva,Simples,Curva,-27.35844,-53.3883,DEL08-RS,Risco Médio,Média
terça-feira,BR-116,1.0,Plena Noite,Crescente,Chuva,Dupla,Reta,-23.4574,-46.4909,DEL01-SP,Risco Médio,Alta
domingo,BR-101,190.0,Pleno dia,Crescente,Céu Claro,Simples,Rotatória,-22.71516,-42.67909,DEL02-RJ,Risco Baixo,Alta
sexta-feira,BR-101,137.5,Plena Noite,Decrescente,Céu Claro,Dupla,Reta,-27.02058,-48.60906,DEL04-SC,Risco Baixo,Alta
sexta-feira,BR-381,737.6,Plena Noite,Crescente,Céu Claro,Dupla,Não Informado,-21.56303,-45.24389,DEL16-MG,Risco Médio,Alta
domingo,BR-163,500.9,Pleno dia,Decrescente,Céu Claro,Simples,Não Informado,-20.32607,-54.51857,DEL01-MS,Risco Médio,Alta
quarta-feira,BR-232,7.8,Pleno dia,Decrescente,Sol,Múltipla,Reta,-8.073335,-34.96184,DEL01-PE,Risco Baixo,Baixa
sábado,BR-230,11.0,Plena Noite,Decrescente,Nublado,Dupla,Reta,-7.064199,-34.85017,DEL01-PB,Risco Médio,Baixa
quinta-feira,BR-70,543.0,Plena Noite,Decrescente,Céu Claro,Simples,Reta,-15.68519,-56.35986,DEL01-MT,Risco Baixo,Baixa
quinta-feira,BR-470,138.1,Pleno dia,Decrescente,Céu Claro,Simples,Não Informado,-27.20721,-49.64848,DEL04-SC,Risco Médio,Baixa
segunda-feira,BR-262,4.5,Plena Noite,Crescente,Chuva,Múltipla,Reta,-20.33609,-40.37813,DEL01-ES,Risco Médio,Média
sábado,BR-251,225.2,Pleno dia,Decrescente,Céu Claro,Simples,Reta,-15.95746,-41.66304,DEL11-MG,Risco Médio,Baixa
sábado,BR-230,136.0,Plena Noite,Crescente,Chuva,Dupla,Reta,-7.2818,-35.7675,DEL02-PB,Risco Médio,Baixa
terça-feira,BR-316,315.3,Pleno dia,Decrescente,Céu Claro,Simples,Reta,-7.079513,-41.43236,DEL04-PI,Risco Médio,Baixa
terça-feira,BR-101,120.0,Pleno dia,Crescente,Nublado,Simples,Curva,-26.91276,-48.712,DEL04-SC,Risco Médio,Alta
sábado,BR-364,18.0,Plena Noite,Decrescente,Nublado,Simples,Reta,-20.06962,-48.7903,DEL13-MG,Risco Médio,Alta
quinta-feira,BR-277,42.0,Pleno dia,Decrescente,Céu Claro,Dupla,Viaduto,-25.57361,-48.8447,DEL01-PR,Risco Médio,Média
quinta-feira,BR-50,1.0,Pleno dia,Crescente,Sol,Dupla,Reta,-18.9113,-48.2622,DEL15-MG,Risco Médio,Média
segunda-feira,BR-316,267.0,Plena Noite,Decrescente,Nublado,Simples,Curva,-9.5823,-35.8399,DEL02-AL,Risco Médio,Baixa
terça-feira,BR-101,135.3,Pleno dia,Crescente,Sol,Dupla,Reta,-27.0081,-48.617,DEL04-SC,Risco Médio,Alta