dia_semana,br,km,fase_dia,sentido_via,condicao_metereologica,tipo_pista,tracado_via,latitude,longitude,delegacia,classificacao_acidente,postos_policiais_PRF
segunda-feira,BR-376,45.5,Pleno dia,Crescente,Céu Claro,Simples,Não Informado,-22.8601,-52.96657,DEL07-PR,Risco Médio,Baixa
sexta-feira,BR-116,305.0,Anoitecer,Decrescente,Nublado,Simples,Reta,-22.46027,-44.45406,DEL07-RJ,Risco Baixo,Alta
sexta-feira,BR-364,708.0,Plena Noite,Crescente,Ignorado,Dupla,Não Informado,-8.795541,-63.84072,DEL01-RO,Risco Médio,Alta
sábado,BR-226,60.0,Pleno dia,Decrescente,Céu Claro,Simples,Reta,-6.041747,-35.67142,DEL01-RN,Risco Médio,Baixa
segunda-feira,BR-476,130.0,Plena Noite,Decrescente,Céu Claro,Simples,Reta,-25.4504,-49.2371,DEL01-PR,Risco Alto,Baixa
sábado,BR-116,179.0,Pleno dia,Decrescente,Céu Claro,Dupla,Reta,-22.7699,-43.40804,DEL01-RJ,Risco Médio,Alta
segunda-feira,BR-222,13.0,Plena Noite,Decrescente,Céu Claro,Simples,Reta,-3.763239,-38.67769,DEL01-CE,Risco Médio,Baixa
segunda-feira,BR-365,1.6,Pleno dia,Crescente,Sol,Simples,Reta,-16.72628,-43.88021,DEL12-MG,Risco Médio,Média
quinta-feira,BR-20,109.0,Anoitecer,Decrescente,Nublado,Simples,Reta,-14.90564,-46.923,DEL02-DF,Risco Baixo,Baixa
terça-feira,BR-116,582.5,Pleno dia,Decrescente,Céu Claro,Simples,Reta,-20.19691,-42.18332,DEL06-MG,Risco Baixo,Alta
quinta-feira,BR-230,17.5,Pleno dia,Crescente,Céu Claro,Dupla,Reta,-7.118241,-34.84415,DEL01-PB,Risco Médio,Baixa
segunda-feira,BR-427,56.7,Plena Noite,Crescente,Céu Claro,Simples,Reta,-6.593163,-36.77946,DEL03-RN,Risco Médio,Baixa
terça-feira,BR-101,90.7,Plena Noite,Decrescente,Céu Claro,Dupla,Reta,-8.23414,-34.97846,DEL01-PE,Risco Baixo,Alta
sábado,BR-230,35.5,Plena Noite,Decrescente,Céu Claro,Dupla,Reta,-7.1257,-34.94425,DEL01-PB,Risco Médio,Baixa
quinta-feira,BR-356,162.5,Plena Noite,Crescente,Nublado,Simples,Reta,-21.71243,-41.15204,DEL08-RJ,Risco Médio,Baixa
segunda-feira,BR-101,65.5,Plena Noite,Crescente,Chuva,Simples,Retorno Regulamentado,-21.75372,-41.34436,DEL08-RJ,Risco Médio,Alta
segunda-feira,BR-230,11.2,Pleno dia,Decrescente,Céu Claro,Dupla,Reta,-7.0596,-34.8506,DEL01-PB,Risco Médio,Baixa
sábado,BR-386,425.1,Pleno dia,Crescente,Nublado,Dupla,Reta,-29.81827,-51.3723,DEL04-RS,Risco Baixo,Média
sábado,BR-101,50.2,Pleno dia,Crescente,Céu Claro,Simples,Reta,-23.45019,-45.07744,DEL06-SP,Risco Médio,Alta
sexta-feira,BR-251,472.8,Pleno dia,Crescente,Chuva,Simples,Curva,-16.472,-43.4251,DEL12-MG,Risco Médio,Baixa
quarta-feira,BR-381,516.0,Pleno dia,Decrescente,Nublado,Dupla,Curva,-20.10867,-44.31489,DEL01-MG,Risco Médio,Alta
sábado,BR-101,491.0,Plena Noite,Crescente,Céu Claro,Simples,Reta,-14.66641,-39.35167,DEL05-BA,Risco Médio,Alta
quarta-feira,BR-70,61.8,Pleno dia,Crescente,Chuva,Simples,Curva,-15.69693,-52.69882,DEL07-MT,Risco Médio,Baixa
segunda-feira,BR-230,596.0,Plena Noite,Decrescente,Céu Claro,Simples,Curva,-3.085771,-51.89635,DEL04-PA,Risco Médio,Baixa
terça-feira,BR-364,740.0,Plena Noite,Crescente,Céu Claro,Simples,Reta,-8.964167,-64.02121,DEL01-RO,Risco Baixo,Alta
sexta-feira,BR-364,548.0,Pleno dia,Decrescente,Céu Claro,Simples,Reta,-9.662858,-63.09027,DEL03-RO,Risco Médio,Alta
segunda-feira,BR-116,122.0,Pleno dia,Decrescente,Nevoeiro/Neblina,Dupla,Reta,-25.60323,-49.31794,DEL01-PR,Risco Médio,Alta
sábado,BR-116,128.0,Plena Noite,Decrescente,Céu Claro,Dupla,Reta,-25.64543,-49.31261,DEL01-PR,Risco Médio,Alta
domingo,BR-365,491.1,Pleno dia,Decrescente,Céu Claro,Simples,Reta,-18.90394,-47.16911,DEL10-MG,Risco Médio,Média
domingo,BR-262,677.4,Pleno dia,Crescente,Céu Claro,Simples,Reta,-19.57508,-57.17177,DEL03-MS,Risco Médio,Média
domingo,BR-135,91.4,Plena Noite,Decrescente,Céu Claro,Simples,Reta,-3.30134,-44.41946,DEL01-MA,Risco Médio,Baixa
quinta-feira,BR-364,54.0,Pleno dia,Crescente,Céu Claro,Simples,Curva,-16.96133,-53.51912,DEL02-MT,Risco Baixo,Alta
domingo,BR-101,59.0,Plena Noite,Crescente,Céu Claro,Dupla,Desvio Temporário,-7.977963,-34.92732,DEL01-PE,Risco Baixo,Alta
quinta-feira,BR-116,297.7,Plena Noite,Crescente,Chuva,Dupla,Reta,-22.45384,-44.37322,DEL07-RJ,Risco Baixo,Alta
segunda-feira,BR-277,327.6,Pleno dia,Crescente,Sol,Simples,Curva,-25.36767,-51.34086,DEL03-PR,Risco Médio,Média
segunda-feira,BR-116,109.0,Plena Noite,Crescente,Céu Claro,Dupla,Reta,-23.02871,-45.54517,DEL08-SP,Risco Médio,Alta
domingo,BR-262,773.0,Plena Noite,Decrescente,Céu Claro,Simples,Reta,-19.08286,-57.62168,DEL03-MS,Risco Médio,Média
sábado,BR-364,631.0,Pleno dia,Decrescente,Céu Claro,Dupla,Reta,-9.080139,-63.3809,DEL03-RO,Risco Baixo,Alta
sábado,BR-364,210.0,Pleno dia,Decrescente,Céu Claro,Simples,Curva,-17.89176,-51.84066,DEL05-GO,Risco Baixo,Alta
sábado,BR-70,3.3,Pleno dia,Crescente,Céu Claro,Dupla,Reta,-15.80245,-48.08039,DEL01-DF,Risco Médio,Baixa
sábado,BR-158,272.0,Plena Noite,Decrescente,Céu Claro,Simples,Reta,-17.88152,-51.73317,DEL05-GO,Risco Baixo,Baixa
sábado,BR-60,93.3,Amanhecer,Decrescente,Céu Claro,Dupla,Reta,-16.30846,-48.9905,DEL02-GO,Risco Baixo,Média
segunda-feira,BR-282,3.8,Pleno dia,Decrescente,Nublado,Dupla,Reta,-27.595,-48.602,DEL01-SC,Risco Médio,Baixa
quarta-feira,BR-116,1.0,Pleno dia,Crescente,Nublado,Dupla,Reta,-25.36795,-49.10635,DEL01-PR,Risco Médio,Alta
sábado,BR-163,188.0,Pleno dia,Decrescente,Céu Claro,Simples,Curva,-22.80059,-54.73696,DEL09-MS,Risco Médio,Alta
quinta-feira,BR-163,685.0,Pleno dia,Crescente,Sol,Simples,Reta,-13.08425,-55.94111,DEL06-MT,Risco Médio,Alta
sábado,BR-262,96.0,Pleno dia,Decrescente,Sol,Simples,Rotatória,-20.29548,-42.48038,DEL03-MG,Risco Médio,Média
sábado,BR-101,296.0,Plena Noite,Crescente,Céu Claro,Dupla,Reta,-22.76705,-42.9102,DEL02-RJ,Risco Médio,Alta
sábado,BR-406,113.0,Plena Noite,Crescente,Céu Claro,Simples,Reta,-5.550039,-35.77869,DEL02-RN,Risco Médio,Baixa
sexta-feira,BR-469,12.0,Plena Noite,Crescente,Nublado,Dupla,Curva,-25.5469,-54.5882,DEL05-PR,Risco Médio,Baixa
domingo,BR-381,605.0,Plena Noite,Crescente,Céu Claro,Dupla,Curva,-20.6436,-44.7369,DEL04-MG,Risco Baixo,Alta
quarta-feira,BR-381,496.4,Anoitecer,Decrescente,Nublado,Múltipla,Reta,-19.9775,-44.19754,DEL01-MG,Risco Médio,Alta
sábado,BR-428,47.0,Plena Noite,Crescente,Céu Claro,Simples,Reta,-8.577329,-39.58185,DEL05-PE,Risco Baixo,Baixa
segunda-feira,BR-381,366.0,Amanhecer,Crescente,Céu Claro,Simples,Interseção de vias,-19.85101,-43.21644,DEL03-MG,Risco Médio,Alta
sábado,BR-232,85.0,Plena Noite,Crescente,Garoa/Chuvisco,Dupla,Reta,-8.209511,-35.61182,DEL02-PE,Risco Médio,Baixa
sexta-feira,BR-116,246.0,Plena Noite,Decrescente,Céu Claro,Dupla,Reta,-29.76312,-51.1531,DEL01-RS,Risco Alto,Alta
quinta-feira,BR-101,59.1,Amanhecer,Crescente,Céu Claro,Dupla,Curva,-26.45496,-48.7747,DEL03-SC,Risco Baixo,Alta
domingo,BR-101,22.0,Plena Noite,Crescente,Céu Claro,Dupla,Reta,-29.43981,-49.90114,DEL03-RS,Risco Médio,Alta
quinta-feira,BR-101,916.0,Pleno dia,Decrescente,Céu Claro,Simples,Reta,-17.8518,-39.80056,DEL09-BA,Risco Baixo,Alta
sexta-feira,BR-116,119.3,Plena Noite,Decrescente,Garoa/Chuvisco,Dupla,Retorno Regulamentado,-23.06537,-45.63158,DEL02-SP,Risco Médio,Alta
sexta-feira,BR-116,564.1,Pleno dia,Crescente,Nublado,Dupla,Curva,-25.03572,-48.53706,DEL05-SP,Risco Baixo,Alta
quarta-feira,BR-251,218.0,Amanhecer,Decrescente,Céu Claro,Simples,Reta,-15.944,-41.6135,DEL11-MG,Risco Médio,Baixa
quinta-feira,BR-470,137.7,Pleno dia,Decrescente,Céu Claro,Simples,Reta,-27.19326,-49.62339,DEL04-SC,Risco Médio,Baixa
sábado,BR-20,417.6,Amanhecer,Decrescente,Nublado,Dupla,Interseção de vias,-3.842715,-38.59139,DEL01-CE,Risco Médio,Baixa
segunda-feira,BR-70,66.0,Plena Noite,Decrescente,Céu Claro,Simples,Curva,-15.70461,-52.7403,DEL07-MT,Risco Médio,Baixa
sexta-feira,BR-101,60.0,Pleno dia,Crescente,Céu Claro,Simples,Reta,-21.72048,-41.31449,DEL08-RJ,Risco Médio,Alta
quinta-feira,BR-101,95.2,Pleno dia,Decrescente,Céu Claro,Múltipla,Reta,-5.840768,-35.21036,DEL01-RN,Risco Baixo,Alta
terça-feira,BR-116,253.0,Plena Noite,Crescente,Nublado,Dupla,Não Informado,-29.81784,-51.16996,DEL01-RS,Risco Baixo,Alta
domingo,BR-101,51.0,Pleno dia,Decrescente,Chuva,Dupla,Curva,-7.920753,-34.89207,DEL01-PE,Risco Baixo,Alta
domingo,BR-163,667.0,Pleno dia,Decrescente,Chuva,Simples,Reta,-19.01519,-54.82771,DEL06-MS,Risco Médio,Alta
terça-feira,BR-277,587.0,Pleno dia,Crescente,Céu Claro,Simples,Reta,-24.96941,-53.4296,DEL04-PR,Risco Médio,Média
sábado,BR-101,446.0,Plena Noite,Decrescente,Céu Claro,Dupla,Reta,-29.14525,-49.72224,DEL02-SC,Risco Alto,Alta
segunda-feira,BR-70,3.2,Pleno dia,Decrescente,Céu Claro,Dupla,Desvio Temporário,-15.88152,-52.27761,DEL07-MT,Risco Alto,Baixa
quinta-feira,BR-163,79.0,Pleno dia,Crescente,Céu Claro,Simples,Não Informado,-26.65912,-53.51817,DEL07-SC,Risco Médio,Alta
terça-feira,BR-356,266.2,Pleno dia,Crescente,Sol,Simples,Não Informado,-21.12846,-42.36397,DEL07-MG,Risco Médio,Baixa
sábado,BR-101,60.0,Pleno dia,Crescente,Céu Claro,Simples,Reta,-21.72048,-41.31449,DEL08-RJ,Risco Médio,Alta
quarta-feira,BR-381,832.7,Pleno dia,Crescente,Céu Claro,Dupla,Curva,-22.12123,-45.78783,DEL16-MG,Risco Alto,Alta
terça-feira,BR-20,432.0,Pleno dia,Decrescente,Céu Claro,Dupla,Não Informado,-3.86494,-38.47348,DEL01-CE,Risco Médio,Baixa
quinta-feira,BR-230,165.0,Pleno dia,Decrescente,Céu Claro,Simples,Reta,-7.2051,-35.951,DEL02-PB,Risco Médio,Baixa
sexta-feira,BR-153,41.6,Plena Noite,Crescente,Céu Claro,Simples,Reta,-27.59756,-52.23493,DEL08-RS,Risco Médio,Alta
sábado,BR-70,314.0,Plena Noite,Crescente,Chuva,Dupla,Retorno Regulamentado,-15.87305,-50.85204,DEL04-GO,Risco Baixo,Baixa
terça-feira,BR-116,2.0,Pleno dia,Decrescente,Céu Claro,Múltipla,Reta,-3.768541,-38.51729,DEL01-CE,Risco Médio,Alta
sexta-feira,BR-381,310.0,Plena Noite,Decrescente,Nublado,Simples,Reta,-19.66279,-42.96428,DEL03-MG,Risco Médio,Alta
quinta-feira,BR-343,347.2,Anoitecer,Crescente,Céu Claro,Simples,Ponte,-5.114822,-42.77835,DEL01-PI,Risco Médio,Baixa
quinta-feira,BR-101,322.0,Pleno dia,Decrescente,Céu Claro,Múltipla,Curva,-22.87892,-43.11068,DEL02-RJ,Risco Médio,Alta
sábado,BR-282,601.8,Pleno dia,Decrescente,Céu Claro,Simples,Não Informado,-26.809,-53.1694,DEL07-SC,Risco Médio,Baixa
terça-feira,BR-153,27.9,Pleno dia,Decrescente,Céu Claro,Simples,Não Informado,-23.20965,-49.98695,DEL07-PR,Risco Baixo,Alta
segunda-feira,BR-101,194.6,Pleno dia,Crescente,Chuva,Múltipla,Reta,-27.5055,-48.6491,DEL01-SC,Risco Médio,Alta
domingo,BR-153,141.0,Plena Noite,Decrescente,Céu Claro,Dupla,Não Informado,-7.175959,-48.21955,DEL02-TO,Risco Médio,Alta
domingo,BR-101,236.1,Anoitecer,Crescente,Céu Claro,Dupla,Não Informado,-27.82629,-48.63035,DEL01-SC,Risco Baixo,Alta
quinta-feira,BR-116,269.0,Pleno dia,Crescente,Garoa/Chuvisco,Dupla,Reta,-23.61593,-46.78826,DEL04-SP,Risco Baixo,Alta
quinta-feira,BR-116,322.0,Pleno dia,Crescente,Céu Claro,Dupla,Retorno Regulamentado,-23.93511,-47.02668,DEL04-SP,Risco Médio,Alta
quarta-feira,BR-277,597.7,Pleno dia,Decrescente,Céu Claro,Dupla,Não Informado,-25.00013,-53.51975,DEL04-PR,Risco Médio,Média
quarta-feira,BR-392,83.5,Plena Noite,Decrescente,Céu Claro,Simples,Reta,-31.7048,-52.41279,DEL07-RS,Risco Médio,Média
quarta-feira,BR-174,931.0,Pleno dia,Decrescente,Chuva,Simples,Não Informado,-2.565503,-60.02694,DEL01-AM,Risco Médio,Baixa
sábado,BR-402,2.0,Plena Noite,Decrescente,Chuva,Simples,Reta,-2.958447,-44.29958,DEL01-MA,Risco Alto,Baixa
sábado,BR-101,91.0,Plena Noite,Decrescente,Chuva,Dupla,Curva,-21.85124,-41.52048,DEL08-RJ,Risco Médio,Alta
quarta-feira,BR-316,225.0,Pleno dia,Crescente,Chuva,Simples,Reta,-9.476919,-36.15665,DEL01-AL,Risco Baixo,Baixa
quarta-feira,BR-381,502.0,Pleno dia,Crescente,Céu Claro,Dupla,Reta,-20.0172,-44.2242,DEL01-MG,Risco Médio,Alta
domingo,BR-101,434.8,Pleno dia,Decrescente,Céu Claro,Simples,Desvio Temporário,-20.91465,-41.19869,DEL03-ES,Risco Médio,Alta
quinta-feira,BR-262,611.2,Pleno dia,Decrescente,Chuva,Simples,Não Informado,-19.5889,-46.31424,DEL08-MG,Risco Médio,Média
domingo,BR-262,550.0,Plena Noite,Decrescente,Céu Claro,Simples,Curva,-19.72068,-45.87719,DEL08-MG,Risco Médio,Média
sábado,BR-381,899.3,Plena Noite,Decrescente,Céu Claro,Dupla,Não Informado,-22.61873,-46.071,DEL16-MG,Risco Médio,Alta
sexta-feira,BR-470,8.0,Pleno dia,Decrescente,Nublado,Simples,Reta,-26.89937,-48.65459,DEL04-SC,Risco Médio,Baixa
domingo,BR-365,160.3,Pleno dia,Crescente,Céu Claro,Simples,Reta,-17.36288,-44.92205,DEL12-MG,Risco Médio,Média
domingo,BR-421,18.0,Pleno dia,Decrescente,Céu Claro,Simples,Curva,-10.02448,-63.17311,DEL03-RO,Risco Médio,Baixa
quarta-feira,BR-116,150.0,Pleno dia,Decrescente,Sol,Dupla,Não Informado,-29.16843,-51.15834,DEL05-RS,Risco Médio,Alta
sábado,BR-158,791.0,Pleno dia,Decrescente,Céu Claro,Simples,Reta,-15.831,-52.3079,DEL07-MT,Risco Baixo,Baixa
terça-feira,BR-304,35.0,Pleno dia,Decrescente,Céu Claro,Dupla,Curva,-5.161506,-37.35068,DEL04-RN,Risco Baixo,Baixa
terça-feira,BR-101,67.7,Pleno dia,Crescente,Nublado,Simples,Reta,-8.048936,-34.94534,DEL01-PE,Risco Baixo,Alta
terça-feira,BR-493,22.0,Plena Noite,Crescente,Vento,Simples,Reta,-22.65931,-43.0533,DEL02-RJ,Risco Baixo,Baixa
quinta-feira,BR-282,343.0,Plena Noite,Decrescente,Nublado,Simples,Reta,-27.38015,-51.24121,DEL07-SC,Risco Baixo,Baixa
sábado,BR-435,78.0,Pleno dia,Decrescente,Sol,Simples,Reta,-13.10905,-60.4705,DEL04-RO,Risco Médio,Baixa
sábado,BR-280,101.0,Amanhecer,Decrescente,Chuva,Simples,Desvio Temporário,-26.36475,-49.33526,DEL06-SC,Risco Baixo,Baixa
sábado,BR-163,85.9,Amanhecer,Crescente,Céu Claro,Simples,Não Informado,-26.6073,-53.51704,DEL07-SC,Risco Baixo,Alta
domingo,BR-251,434.9,Plena Noite,Decrescente,Céu Claro,Simples,Reta,-16.36166,-43.16758,DEL12-MG,Risco Médio,Baixa
sábado,BR-381,88.0,Pleno dia,Crescente,Céu Claro,Múltipla,Reta,-23.47937,-46.56029,DEL03-SP,Risco Médio,Alta
sábado,BR-101,51.1,Anoitecer,Crescente,Céu Claro,Dupla,Não Informado,-10.61948,-36.98235,DEL02-SE,Risco Baixo,Alta
domingo,BR-60,46.0,Pleno dia,Decrescente,Céu Claro,Dupla,Curva,-16.1417,-48.5988,DEL02-GO,Risco Médio,Média
sábado,BR-470,68.0,Plena Noite,Crescente,Chuva,Dupla,Não Informado,-26.87761,-49.23923,DEL04-SC,Risco Médio,Baixa
quarta-feira,BR-101,211.0,Plena Noite,Decrescente,Céu Claro,Dupla,Reta,-27.6233,-48.6524,DEL01-SC,Risco Médio,Alta
domingo,BR-230,51.8,Plena Noite,Crescente,Céu Claro,Dupla,Reta,-7.1897,-35.0615,DEL01-PB,Risco Alto,Baixa
segunda-feira,BR-101,422.4,Plena Noite,Decrescente,Ignorado,Dupla,Reta,-29.00612,-49.56559,DEL02-SC,Risco Médio,Alta
quarta-feira,BR-116,152.7,Plena Noite,Crescente,Nublado,Dupla,Reta,-23.2262,-45.90683,DEL02-SP,Risco Médio,Alta
domingo,BR-476,122.0,Plena Noite,Crescente,Nublado,Simples,Reta,-25.3841,-49.202,DEL01-PR,Risco Médio,Baixa
sábado,BR-104,60.0,Pleno dia,Crescente,Nublado,Simples,Reta,-9.31312,-35.9333,DEL01-AL,Risco Médio,Baixa
terça-feira,BR-381,495.5,Plena Noite,Decrescente,Céu Claro,Dupla,Não Informado,-19.97506,-44.18996,DEL01-MG,Risco Alto,Alta
sexta-feira,BR-153,73.0,Pleno dia,Crescente,Céu Claro,Dupla,Reta,-20.87627,-49.42005,DEL09-SP,Risco Médio,Alta
domingo,BR-230,24.4,Pleno dia,Crescente,Céu Claro,Dupla,Curva,-7.170686,-34.86821,DEL01-PB,Risco Médio,Baixa
sexta-feira,BR-423,41.0,Plena Noite,Decrescente,Céu Claro,Simples,Reta,-8.511761,-36.25248,DEL03-PE,Risco Alto,Baixa
quinta-feira,BR-101,213.0,Plena Noite,Crescente,Céu Claro,Dupla,Reta,-27.6369,-48.6651,DEL01-SC,Risco Médio,Alta
domingo,BR-116,20.0,Plena Noite,Decrescente,Céu Claro,Dupla,Reta,-22.5732,-44.8651,DEL08-SP,Risco Baixo,Alta
quinta-feira,BR-153,240.0,Pleno dia,Crescente,Céu Claro,Simples,Não Informado,-24.78746,-50.47051,DEL03-PR,Risco Médio,Alta
sábado,BR-40,448.3,Pleno dia,Decrescente,Céu Claro,Dupla,Reta,-19.30165,-44.37792,DEL02-MG,Risco Médio,Alta
domingo,BR-116,62.0,Pleno dia,Crescente,Céu Claro,Dupla,Reta,-25.30561,-48.9733,DEL01-PR,Risco Médio,Alta
quarta-feira,BR-277,665.0,Pleno dia,Crescente,Sol,Dupla,Não Informado,-25.256,-54.03773,DEL05-PR,Risco Baixo,Média
sábado,BR-40,525.0,Pleno dia,Decrescente,Céu Claro,Dupla,Reta,-19.8971,-44.0497,DEL01-MG,Risco Médio,Alta
domingo,BR-116,203.2,Pleno dia,Crescente,Nublado,Simples,Curva,-29.49113,-51.14998,DEL05-RS,Risco Médio,Alta
sexta-feira,BR-60,64.0,Pleno dia,Crescente,Céu Claro,Dupla,Reta,-16.19316,-48.72767,DEL02-GO,Risco Médio,Média
terça-feira,BR-343,3.3,Pleno dia,Decrescente,Nublado,Dupla,Interseção de vias,-5.089569,-42.80229,DEL01-PI,Risco Médio,Baixa
sábado,BR-153,32.0,Pleno dia,Decrescente,Céu Claro,Simples,Reta,-23.2983,-50.0694,DEL07-PR,Risco Baixo,Alta
domingo,BR-293,212.0,Anoitecer,Crescente,Céu Claro,Simples,Não Informado,-31.17235,-54.34784,DEL11-RS,Risco Médio,Baixa
sábado,BR-116,73.6,Pleno dia,Crescente,Céu Claro,Simples,Curva,-22.35102,-42.94088,DEL04-RJ,Risco Médio,Alta
terça-feira,BR-101,70.6,Pleno dia,Crescente,Sol,Dupla,Reta,-8.067761,-34.94265,DEL01-PE,Risco Médio,Alta
terça-feira,BR-262,553.6,Amanhecer,Decrescente,Nevoeiro/Neblina,Simples,Curva,-19.7182,-45.89939,DEL08-MG,Risco Médio,Média
segunda-feira,BR-116,211.0,Amanhecer,Decrescente,Céu Claro,Múltipla,Reta,-23.43243,-46.41944,DEL01-SP,Risco Médio,Alta
domingo,BR-10,246.0,Plena Noite,Crescente,Céu Claro,Simples,Reta,-5.5784,-47.4408,DEL04-MA,Risco Médio,Baixa
segunda-feira,BR-376,681.0,Plena Noite,Crescente,Garoa/Chuvisco,Dupla,Curva,-25.96597,-48.89663,DEL01-PR,Risco Médio,Baixa
quinta-feira,BR-262,102.0,Plena Noite,Decrescente,Céu Claro,Simples,Não Informado,-20.28545,-42.5314,DEL03-MG,Risco Alto,Média
sábado,BR-470,90.8,Plena Noite,Crescente,Nublado,Simples,Curva,-26.9742,-49.36741,DEL04-SC,Risco Médio,Baixa
sábado,BR-470,150.0,Plena Noite,Decrescente,Nublado,Simples,Rotatória,-27.25728,-49.71271,DEL04-SC,Risco Médio,Baixa
sábado,BR-232,29.2,Pleno dia,Decrescente,Chuva,Dupla,Reta,-8.111266,-35.14315,DEL01-PE,Risco Médio,Baixa
domingo,BR-40,805.0,Anoitecer,Crescente,Céu Claro,Dupla,Reta,-21.86534,-43.36765,DEL05-MG,Risco Médio,Alta
quarta-feira,BR-101,70.0,Pleno dia,Crescente,Sol,Dupla,Reta,-8.067761,-34.94265,DEL01-PE,Risco Médio,Alta
segunda-feira,BR-163,590.0,Pleno dia,Decrescente,Nublado,Simples,Reta,-13.99633,-56.09697,DEL01-MT,Risco Médio,Alta
sábado,BR-101,162.9,Plena Noite,Decrescente,Céu Claro,Simples,Interseção de vias,-19.49015,-40.12624,DEL04-ES,Risco Médio,Alta
sábado,BR-287,239.4,Plena Noite,Decrescente,Céu Claro,Simples,Reta,-29.70828,-53.77215,DEL09-RS,Risco Baixo,Baixa
domingo,BR-277,269.2,Pleno dia,Crescente,Céu Claro,Simples,Reta,-25.37442,-50.88767,DEL03-PR,Risco Médio,Média
segunda-feira,BR-163,809.0,Plena Noite,Crescente,Céu Claro,Simples,Reta,-12.0982,-55.5177,DEL06-MT,Risco Baixo,Alta
sábado,BR-226,116.2,Pleno dia,Decrescente,Céu Claro,Simples,Reta,-6.196022,-36.04373,DEL03-RN,Risco Médio,Baixa
segunda-feira,BR-101,228.0,Plena Noite,Crescente,Nublado,Dupla,Curva,-27.75972,-48.63079,DEL01-SC,Risco Médio,Alta
quarta-feira,BR-316,71.9,Plena Noite,Decrescente,Céu Claro,Simples,Reta,-1.28943,-47.84124,DEL01-PA,Risco Médio,Baixa
segunda-feira,BR-116,523.0,Pleno dia,Decrescente,Garoa/Chuvisco,Simples,Reta,-19.7493,-42.1328,DEL06-MG,Risco Médio,Alta
sexta-feira,BR-116,536.4,Plena Noite,Crescente,Céu Claro,Simples,Curva,-7.757684,-39.06263,DEL05-CE,Risco Alto,Alta
sábado,BR-158,468.3,Pleno dia,Decrescente,Céu Claro,Simples,Reta,-30.25395,-54.96114,DEL11-RS,Risco Médio,Baixa
quinta-feira,BR-116,807.7,Anoitecer,Decrescente,Céu Claro,Simples,Reta,-21.82039,-42.68875,DEL07-MG,Risco Alto,Alta
terça-feira,BR-163,477.5,Plena Noite,Crescente,Céu Claro,Simples,Curva,-20.50428,-54.55557,DEL01-MS,Risco Médio,Alta
segunda-feira,BR-316,71.9,Pleno dia,Decrescente,Sol,Simples,Curva,-5.667205,-42.59159,DEL01-PI,Risco Baixo,Baixa
quinta-feira,BR-364,703.0,Plena Noite,Crescente,Céu Claro,Dupla,Retorno Regulamentado,-8.800214,-63.79718,DEL01-RO,Risco Médio,Alta
segunda-feira,BR-110,312.0,Plena Noite,Crescente,Céu Claro,Simples,Não Informado,-12.00934,-38.36283,DEL01-BA,Risco Médio,Baixa
terça-feira,BR-135,5.9,Amanhecer,Crescente,Garoa/Chuvisco,Dupla,Reta,-2.629315,-44.31443,DEL01-MA,Risco Médio,Baixa
sábado,BR-381,556.2,Plena Noite,Crescente,Chuva,Dupla,Reta,-20.36255,-44.46545,DEL04-MG,Risco Médio,Alta
sexta-feira,BR-40,511.0,Amanhecer,Crescente,Céu Claro,Dupla,Retorno Regulamentado,-19.78164,-44.11733,DEL01-MG,Risco Baixo,Alta
domingo,BR-104,54.6,Plena Noite,Decrescente,Céu Claro,Dupla,Reta,-8.205039,-35.96785,DEL02-PE,Risco Médio,Baixa
sábado,BR-101,877.0,Plena Noite,Crescente,Céu Claro,Simples,Reta,-17.54492,-39.71818,DEL09-BA,Risco Baixo,Alta
quarta-feira,BR-101,322.0,Pleno dia,Crescente,Céu Claro,Múltipla,Reta,-22.87892,-43.11068,DEL02-RJ,Risco Baixo,Alta
quinta-feira,BR-101,122.7,Plena Noite,Crescente,Céu Claro,Dupla,Desvio Temporário,-7.450382,-34.97994,DEL01-PB,Risco Baixo,Alta
segunda-feira,BR-364,56.0,Pleno dia,Decrescente,Céu Claro,Simples,Desvio Temporário,-16.9526,-53.5261,DEL02-MT,Risco Baixo,Alta
sexta-feira,BR-101,382.0,Pleno dia,Decrescente,Chuva,Simples,Curva,-20.8344,-40.8649,DEL03-ES,Risco Médio,Alta
sexta-feira,BR-158,264.5,Plena Noite,Crescente,Chuva,Múltipla,Rotatória,-20.74808,-51.71578,DEL07-MS,Risco Médio,Baixa
sábado,BR-282,174.0,Pleno dia,Crescente,Chuva,Simples,Curva,-27.74326,-49.88624,DEL05-SC,Risco Baixo,Baixa
quarta-feira,BR-50,234.0,Pleno dia,Decrescente,Céu Claro,Dupla,Reta,-17.8361,-47.7727,DEL06-GO,Risco Baixo,Média
quarta-feira,BR-282,4.0,Pleno dia,Decrescente,Céu Claro,Dupla,Reta,-27.59307,-48.60328,DEL01-SC,Risco Médio,Baixa
domingo,BR-381,429.5,Pleno dia,Crescente,Céu Claro,Simples,Curva,-19.78707,-43.71038,DEL01-MG,Risco Médio,Alta
sábado,BR-476,197.0,Pleno dia,Decrescente,Garoa/Chuvisco,Simples,Rotatória,-25.76431,-49.7378,DEL02-PR,Risco Médio,Baixa
sábado,BR-158,270.8,Plena Noite,Crescente,Céu Claro,Simples,Reta,-17.8638,-51.72968,DEL05-GO,Risco Médio,Baixa
quinta-feira,BR-101,216.2,Pleno dia,Decrescente,Céu Claro,Múltipla,Reta,-27.65981,-48.67748,DEL01-SC,Risco Médio,Alta