dia_semana,br,km,fase_dia,sentido_via,condicao_metereologica,tipo_pista,tracado_via,latitude,longitude,delegacia,classificacao_acidente,postos_policiais_PRF
sábado,BR-60,171.0,Amanhecer,Crescente,Céu Claro,Dupla,Reta,-16.68689,-49.26479,DEL01-GO,Risco Baixo,Média
segunda-feira,BR-40,518.0,Pleno dia,Crescente,Sol,Dupla,Reta,-19.843,-44.0749,DEL01-MG,Risco Baixo,Alta
sábado,BR-153,70.0,Plena Noite,Crescente,Nublado,Simples,Curva,-20.85694,-49.40732,DEL09-SP,Risco Médio,Alta
quinta-feira,BR-393,252.0,Plena Noite,Decrescente,Nublado,Simples,Reta,-22.45465,-43.81256,DEL05-RJ,Risco Baixo,Média
sábado,BR-277,492.9,Pleno dia,Decrescente,Sol,Simples,Curva,-25.19995,-52.65474,DEL04-PR,Risco Médio,Média
quinta-feira,BR-470,142.9,Pleno dia,Crescente,Chuva,Simples,Reta,-27.20682,-49.64785,DEL04-SC,Risco Médio,Baixa
sábado,BR-470,37.2,Pleno dia,Crescente,Céu Claro,Dupla,Túnel,-26.91273,-48.97804,DEL04-SC,Risco Médio,Baixa
sábado,BR-470,171.9,Pleno dia,Crescente,Céu Claro,Simples,Interseção de vias,-28.8974,-51.5528,DEL06-RS,Risco Médio,Baixa
sábado,BR-280,304.5,Pleno dia,Decrescente,Nublado,Simples,Reta,-26.28,-51.05063,DEL06-SC,Risco Médio,Baixa
segunda-feira,BR-116,38.9,Pleno dia,Crescente,Chuva,Dupla,Curva,-25.16231,-48.86154,DEL01-PR,Risco Médio,Alta
quarta-feira,BR-232,44.0,Plena Noite,Decrescente,Nublado,Dupla,Reta,-8.123916,-35.2719,DEL01-PE,Risco Médio,Baixa
sábado,BR-277,642.0,Pleno dia,Decrescente,Céu Claro,Simples,Reta,-25.1829,-53.87111,DEL05-PR,Risco Baixo,Média
sexta-feira,BR-60,10.1,Plena Noite,Decrescente,Vento,Dupla,Não Informado,-15.90971,-48.15036,DEL01-DF,Risco Médio,Média
domingo,BR-163,342.0,Plena Noite,Crescente,Garoa/Chuvisco,Simples,Reta,-21.65679,-54.42816,DEL02-MS,Risco Médio,Alta
sábado,BR-40,123.0,Pleno dia,Decrescente,Céu Claro,Simples,Reta,-17.67035,-46.33963,DEL14-MG,Risco Alto,Alta
domingo,BR-153,224.0,Pleno dia,Decrescente,Nublado,Simples,Reta,-7.853805,-48.45844,DEL02-TO,Risco Baixo,Alta
sábado,BR-80,127.0,Plena Noite,Crescente,Céu Claro,Simples,Reta,-14.9952,-48.90684,DEL07-GO,Risco Baixo,Baixa
quarta-feira,BR-376,591.7,Plena Noite,Crescente,Nublado,Dupla,Reta,-25.46944,-49.35489,DEL01-PR,Risco Médio,Baixa
quinta-feira,BR-116,527.7,Plena Noite,Decrescente,Céu Claro,Simples,Reta,-19.77948,-42.13287,DEL06-MG,Risco Médio,Alta
sábado,BR-364,458.0,Pleno dia,Crescente,Céu Claro,Simples,Não Informado,-15.54446,-56.27419,DEL01-MT,Risco Baixo,Alta
segunda-feira,BR-116,670.4,Pleno dia,Crescente,Céu Claro,Simples,Reta,-13.83925,-40.10816,DEL03-BA,Risco Médio,Alta
quarta-feira,BR-158,594.0,Pleno dia,Decrescente,Céu Claro,Simples,Reta,-14.26763,-52.16896,DEL07-MT,Risco Médio,Baixa
sexta-feira,BR-135,17.0,Plena Noite,Decrescente,Chuva,Simples,Curva,-2.53073,-44.3068,DEL01-MA,Risco Médio,Baixa
sexta-feira,BR-101,165.0,Pleno dia,Crescente,Sol,Simples,Reta,-19.5202,-40.1451,DEL04-ES,Risco Médio,Alta
sexta-feira,BR-470,135.0,Pleno dia,Decrescente,Chuva,Simples,Reta,-27.18849,-49.61232,DEL04-SC,Risco Médio,Baixa
sábado,BR-476,127.0,Plena Noite,Decrescente,Nublado,Simples,Desvio Temporário,-25.42517,-49.22716,DEL01-PR,Risco Baixo,Baixa
quarta-feira,BR-116,407.1,Plena Noite,Crescente,Nublado,Dupla,Não Informado,-24.32675,-47.56588,DEL05-SP,Risco Baixo,Alta
terça-feira,BR-277,725.3,Plena Noite,Crescente,Céu Claro,Dupla,Não Informado,-25.5048,-54.5418,DEL05-PR,Risco Médio,Média
domingo,BR-356,267.4,Plena Noite,Decrescente,Céu Claro,Simples,Não Informado,-21.12726,-42.35053,DEL07-MG,Risco Médio,Baixa
segunda-feira,BR-101,900.0,Plena Noite,Crescente,Céu Claro,Simples,Reta,-17.7292,-39.76668,DEL09-BA,Risco Médio,Alta
sexta-feira,BR-101,148.0,Plena Noite,Crescente,Céu Claro,Simples,Reta,-6.268746,-35.20999,DEL01-RN,Risco Alto,Alta
sexta-feira,BR-356,57.0,Plena Noite,Crescente,Céu Claro,Simples,Reta,-21.28664,-41.71935,DEL08-RJ,Risco Baixo,Baixa
sábado,BR-468,6.5,Plena Noite,Crescente,Céu Claro,Simples,Reta,-27.85121,-53.36277,DEL08-RS,Risco Médio,Baixa
domingo,BR-101,97.0,Pleno dia,Crescente,Chuva,Dupla,Reta,-26.7409,-48.6983,DEL03-SC,Risco Médio,Alta
sábado,BR-470,56.0,Plena Noite,Crescente,Nublado,Simples,Reta,-26.87674,-49.12774,DEL04-SC,Risco Médio,Baixa
quinta-feira,BR-116,194.0,Plena Noite,Crescente,Céu Claro,Dupla,Curva,-23.3837,-46.26446,DEL02-SP,Risco Médio,Alta
sábado,BR-356,28.9,Plena Noite,Crescente,Céu Claro,Simples,Reta,-21.18452,-41.9363,DEL08-RJ,Risco Médio,Baixa
sábado,BR-376,182.2,Plena Noite,Decrescente,Nublado,Múltipla,Reta,-23.43296,-51.88561,DEL09-PR,Risco Baixo,Baixa
sábado,BR-277,2.3,Pleno dia,Crescente,Garoa/Chuvisco,Dupla,Reta,-25.5682,-48.61529,DEL01-PR,Risco Médio,Média
domingo,BR-10,322.0,Pleno dia,Crescente,Céu Claro,Simples,Reta,-4.934355,-47.50278,DEL04-MA,Risco Alto,Baixa
quinta-feira,BR-316,23.0,Pleno dia,Crescente,Céu Claro,Dupla,Reta,-1.3437,-48.2494,DEL01-PA,Risco Alto,Baixa
quarta-feira,BR-116,562.2,Pleno dia,Crescente,Céu Claro,Simples,Curva,-20.04682,-42.17884,DEL06-MG,Risco Médio,Alta
domingo,BR-116,264.7,Pleno dia,Decrescente,Céu Claro,Dupla,Curva,-22.5923,-44.07693,DEL07-RJ,Risco Baixo,Alta
sexta-feira,BR-367,23.0,Pleno dia,Crescente,Céu Claro,Simples,Interseção de vias,-16.43518,-39.07201,DEL09-BA,Risco Médio,Baixa
quinta-feira,BR-376,193.0,Amanhecer,Decrescente,Céu Claro,Dupla,Reta,-23.50125,-51.801,DEL07-PR,Risco Médio,Baixa
quarta-feira,BR-376,510.4,Plena Noite,Crescente,Nublado,Dupla,Reta,-25.22012,-50.05418,DEL03-PR,Risco Médio,Baixa
segunda-feira,BR-101,216.0,Pleno dia,Crescente,Nublado,Simples,Viaduto,-27.6601,-48.6774,DEL01-SC,Risco Médio,Alta
domingo,BR-116,247.0,Plena Noite,Crescente,Céu Claro,Dupla,Não Informado,-29.76733,-51.15353,DEL01-RS,Risco Médio,Alta
sábado,BR-230,0.0,Plena Noite,Decrescente,Céu Claro,Simples,Ponte,-6.760894,-43.01105,DEL03-PI,Risco Médio,Baixa
segunda-feira,BR-116,89.1,Pleno dia,Decrescente,Chuva,Dupla,Interseção de vias,-22.93931,-45.37875,DEL08-SP,Risco Médio,Alta
quinta-feira,BR-262,36.8,Plena Noite,Crescente,Céu Claro,Simples,Reta,-20.26924,-42.03886,DEL06-MG,Risco Médio,Média
quinta-feira,BR-101,143.0,Plena Noite,Crescente,Céu Claro,Dupla,Reta,-9.848821,-36.14035,DEL02-AL,Risco Baixo,Alta
domingo,BR-40,63.5,Plena Noite,Decrescente,Céu Claro,Simples,Reta,-17.34423,-46.75471,DEL14-MG,Risco Alto,Alta
domingo,BR-290,86.3,Plena Noite,Crescente,Nublado,Simples,Reta,-29.96802,-51.11973,DEL01-RS,Risco Médio,Baixa
quarta-feira,BR-476,141.7,Plena Noite,Decrescente,Céu Claro,Dupla,Não Informado,-25.52861,-49.2988,DEL01-PR,Risco Baixo,Baixa
quarta-feira,BR-381,532.0,Pleno dia,Decrescente,Nublado,Dupla,Curva,-20.16439,-44.36672,DEL04-MG,Risco Baixo,Alta
sábado,BR-101,242.8,Pleno dia,Decrescente,Céu Claro,Dupla,Reta,-27.88475,-48.64776,DEL01-SC,Risco Baixo,Alta
domingo,BR-381,35.0,Plena Noite,Crescente,Céu Claro,Múltipla,Curva,-23.09322,-46.57297,DEL03-SP,Risco Médio,Alta
segunda-feira,BR-116,115.0,Pleno dia,Crescente,Nublado,Simples,Curva,-25.54737,-49.30456,DEL01-PR,Risco Médio,Alta
terça-feira,BR-10,260.2,Plena Noite,Crescente,Nublado,Simples,Reta,-5.459156,-47.47247,DEL04-MA,Risco Médio,Baixa
segunda-feira,BR-101,99.0,Pleno dia,Decrescente,Céu Claro,Dupla,Reta,-7.259967,-34.93571,DEL01-PB,Risco Médio,Alta
quarta-feira,BR-386,221.8,Pleno dia,Decrescente,Céu Claro,Simples,Reta,-28.64993,-52.61388,DEL04-RS,Risco Médio,Média
terça-feira,BR-386,435.0,Pleno dia,Crescente,Céu Claro,Dupla,Rotatória,-29.8459,-51.2778,DEL04-RS,Risco Médio,Média
domingo,BR-230,254.5,Plena Noite,Decrescente,Céu Claro,Simples,Reta,-6.992761,-42.57903,DEL03-PI,Risco Médio,Baixa
sexta-feira,BR-230,153.5,Plena Noite,Decrescente,Céu Claro,Simples,Não Informado,-7.277442,-35.88897,DEL02-PB,Risco Médio,Baixa
domingo,BR-364,239.8,Pleno dia,Crescente,Céu Claro,Simples,Reta,-11.43425,-61.46267,DEL02-RO,Risco Médio,Alta
domingo,BR-101,112.5,Plena Noite,Crescente,Chuva,Dupla,Reta,-7.3908,-34.9562,DEL01-PB,Risco Baixo,Alta
segunda-feira,BR-476,142.0,Pleno dia,Decrescente,Nublado,Dupla,Reta,-25.53716,-49.30163,DEL01-PR,Risco Baixo,Baixa
sexta-feira,BR-101,217.0,Pleno dia,Decrescente,Céu Claro,Múltipla,Reta,-27.6771,-48.67,DEL01-SC,Risco Médio,Alta
quarta-feira,BR-116,683.0,Pleno dia,Decrescente,Nublado,Simples,Curva,-13.8777,-40.13464,DEL03-BA,Risco Médio,Alta
sexta-feira,BR-101,85.8,Pleno dia,Crescente,Céu Claro,Simples,Reta,-8.180656,-34.95965,DEL01-PE,Risco Médio,Alta
domingo,BR-40,106.0,Plena Noite,Decrescente,Céu Claro,Dupla,Reta,-22.65398,-43.28344,DEL01-RJ,Risco Médio,Alta
segunda-feira,BR-40,474.1,Amanhecer,Decrescente,Chuva,Múltipla,Não Informado,-19.49884,-44.27853,DEL02-MG,Risco Médio,Alta
domingo,BR-381,523.9,Pleno dia,Crescente,Nublado,Dupla,Reta,-20.15307,-44.32618,DEL04-MG,Risco Médio,Alta
segunda-feira,BR-285,294.3,Pleno dia,Crescente,Sol,Simples,Reta,-28.23455,-52.38497,DEL08-RS,Risco Médio,Baixa
segunda-feira,BR-277,588.0,Pleno dia,Crescente,Céu Claro,Simples,Reta,-24.97768,-53.44499,DEL04-PR,Risco Médio,Média
sábado,BR-280,33.2,Pleno dia,Decrescente,Sol,Simples,Reta,-26.42576,-48.78741,DEL03-SC,Risco Médio,Baixa
quarta-feira,BR-376,669.0,Pleno dia,Decrescente,Garoa/Chuvisco,Dupla,Reta,-25.86958,-48.93465,DEL01-PR,Risco Médio,Baixa
quarta-feira,BR-101,291.9,Amanhecer,Crescente,Céu Claro,Dupla,Interseção de vias,-20.30191,-40.39462,DEL01-ES,Risco Médio,Alta
domingo,BR-101,202.0,Plena Noite,Decrescente,Nublado,Múltipla,Reta,-27.5571,-48.619,DEL01-SC,Risco Médio,Alta
sábado,BR-116,228.1,Plena Noite,Crescente,Céu Claro,Múltipla,Reta,-23.50343,-46.56639,DEL01-SP,Risco Médio,Alta
terça-feira,BR-116,360.0,Pleno dia,Decrescente,Céu Claro,Múltipla,Curva,-24.10943,-47.26895,DEL04-SP,Risco Médio,Alta
sexta-feira,BR-316,111.0,Plena Noite,Crescente,Chuva,Simples,Não Informado,-1.316489,-47.51093,DEL01-PA,Risco Médio,Baixa
domingo,BR-476,125.0,Pleno dia,Decrescente,Nublado,Múltipla,Interseção de vias,-25.4083,-49.21966,DEL01-PR,Risco Médio,Baixa
domingo,BR-226,46.7,Pleno dia,Decrescente,Céu Claro,Simples,Reta,-5.224909,-43.45171,DEL03-MA,Risco Alto,Baixa
domingo,BR-470,174.0,Amanhecer,Decrescente,Céu Claro,Simples,Reta,-28.91372,-51.54112,DEL06-RS,Risco Médio,Baixa
segunda-feira,BR-470,208.0,Pleno dia,Decrescente,Céu Claro,Simples,Curva,-29.09491,-51.54891,DEL06-RS,Risco Médio,Baixa
quarta-feira,BR-163,289.0,Pleno dia,Crescente,Céu Claro,Simples,Curva,-24.5197,-54.0716,DEL06-PR,Risco Médio,Alta
domingo,BR-230,121.0,Plena Noite,Crescente,Céu Claro,Dupla,Desvio Temporário,-5.352974,-49.12144,DEL03-PA,Risco Médio,Baixa
sábado,BR-277,688.0,Plena Noite,Crescente,Céu Claro,Dupla,Reta,-25.32161,-54.28845,DEL05-PR,Risco Médio,Média
terça-feira,BR-405,0.8,Pleno dia,Crescente,Vento,Dupla,Reta,-5.191467,-37.35189,DEL04-RN,Risco Médio,Baixa
segunda-feira,BR-101,322.0,Pleno dia,Crescente,Nublado,Simples,Reta,-22.87892,-43.11068,DEL02-RJ,Risco Médio,Alta
terça-feira,BR-153,496.0,Plena Noite,Decrescente,Céu Claro,Dupla,Reta,-16.6776,-49.2314,DEL01-GO,Risco Baixo,Alta
sexta-feira,BR-285,202.0,Plena Noite,Crescente,Céu Claro,Simples,Interseção de vias,-28.21127,-51.54636,DEL08-RS,Risco Baixo,Baixa
quinta-feira,BR-251,265.2,Pleno dia,Decrescente,Céu Claro,Simples,Reta,-15.99699,-41.98924,DEL11-MG,Risco Baixo,Baixa
quarta-feira,BR-163,720.0,Pleno dia,Decrescente,Céu Claro,Simples,Reta,-12.92085,-55.85587,DEL06-MT,Risco Baixo,Alta
quarta-feira,BR-40,120.0,Pleno dia,Crescente,Céu Claro,Múltipla,Não Informado,-22.77281,-43.28627,DEL01-RJ,Risco Médio,Alta
quarta-feira,BR-277,590.0,Pleno dia,Crescente,Céu Claro,Simples,Interseção de vias,-24.98121,-53.45592,DEL04-PR,Risco Médio,Média
quinta-feira,BR-116,518.0,Plena Noite,Decrescente,Garoa/Chuvisco,Dupla,Não Informado,-24.8813,-48.2231,DEL05-SP,Risco Médio,Alta
sábado,BR-226,44.0,Plena Noite,Crescente,Céu Claro,Simples,Reta,-5.956973,-35.56242,DEL03-RN,Risco Médio,Baixa
sexta-feira,BR-153,139.0,Plena Noite,Decrescente,Garoa/Chuvisco,Dupla,Reta,-7.163253,-48.20699,DEL02-TO,Risco Médio,Alta
sábado,BR-101,134.0,Plena Noite,Decrescente,Céu Claro,Dupla,Não Informado,-27.0049,-48.6266,DEL04-SC,Risco Baixo,Alta
segunda-feira,BR-101,330.0,Plena Noite,Crescente,Garoa/Chuvisco,Dupla,Curva,-22.8708,-43.20386,DEL02-RJ,Risco Médio,Alta
sábado,BR-381,821.5,Amanhecer,Decrescente,Nevoeiro/Neblina,Dupla,Curva,-22.0854,-45.7026,DEL16-MG,Risco Médio,Alta
quarta-feira,BR-319,62.0,Pleno dia,Decrescente,Céu Claro,Dupla,Reta,-8.766685,-63.88405,DEL01-RO,Risco Baixo,Baixa
quinta-feira,BR-116,90.3,Amanhecer,Decrescente,Céu Claro,Simples,Reta,-26.63696,-50.25471,DEL06-SC,Risco Baixo,Alta
segunda-feira,BR-364,786.0,Pleno dia,Decrescente,Céu Claro,Dupla,Reta,-9.201066,-64.29845,DEL01-RO,Risco Médio,Alta
segunda-feira,BR-232,254.5,Pleno dia,Decrescente,Céu Claro,Simples,Reta,-8.424786,-37.07302,DEL03-PE,Risco Médio,Baixa
sexta-feira,BR-476,127.9,Pleno dia,Crescente,Nublado,Dupla,Reta,-25.43283,-49.2313,DEL01-PR,Risco Médio,Baixa
quinta-feira,BR-116,100.4,Anoitecer,Decrescente,Nublado,Múltipla,Reta,-25.56574,-49.16375,DEL01-PR,Risco Médio,Alta
quinta-feira,BR-319,63.0,Plena Noite,Decrescente,Céu Claro,Dupla,Reta,-8.755664,-63.88653,DEL01-RO,Risco Médio,Baixa
sexta-feira,BR-365,476.0,Plena Noite,Crescente,Chuva,Simples,Curva,-18.91384,-47.04104,DEL10-MG,Risco Baixo,Média
sábado,BR-116,246.3,Plena Noite,Crescente,Nublado,Dupla,Ponte,-29.7577,-51.152,DEL01-RS,Risco Alto,Alta
quinta-feira,BR-381,477.0,Pleno dia,Decrescente,Chuva,Dupla,Reta,-19.96179,-44.05042,DEL01-MG,Risco Alto,Alta
domingo,BR-316,111.0,Plena Noite,Crescente,Céu Claro,Simples,Reta,-1.31893,-47.51484,DEL01-PA,Risco Alto,Baixa
quarta-feira,BR-101,649.0,Pleno dia,Decrescente,Céu Claro,Simples,Curva,-15.86736,-39.52121,DEL05-BA,Risco Baixo,Alta
sexta-feira,BR-101,128.0,Pleno dia,Crescente,Nublado,Simples,Não Informado,-12.20644,-38.61527,DEL01-BA,Risco Médio,Alta
domingo,BR-40,67.8,Plena Noite,Crescente,Nublado,Simples,Não Informado,-16.58792,-47.78002,DEL01-DF,Risco Alto,Alta
sábado,BR-364,454.7,Pleno dia,Crescente,Céu Claro,Simples,Reta,-15.57126,-56.25105,DEL01-MT,Risco Médio,Alta
sexta-feira,BR-116,413.0,Pleno dia,Decrescente,Céu Claro,Simples,Reta,-18.87088,-41.97052,DEL06-MG,Risco Médio,Alta
terça-feira,BR-40,6.9,Pleno dia,Decrescente,Céu Claro,Dupla,Reta,-16.02974,-47.97887,DEL01-DF,Risco Médio,Alta
domingo,BR-364,385.0,Pleno dia,Crescente,Céu Claro,Dupla,Reta,-15.70242,-55.80944,DEL01-MT,Risco Baixo,Alta
quinta-feira,BR-60,179.3,Plena Noite,Decrescente,Céu Claro,Dupla,Não Informado,-16.7638,-49.466,DEL01-GO,Risco Baixo,Média
sábado,BR-280,134.6,Plena Noite,Decrescente,Chuva,Simples,Não Informado,-26.26902,-49.58321,DEL06-SC,Risco Alto,Baixa
quinta-feira,BR-101,216.0,Pleno dia,Decrescente,Nublado,Simples,Reta,-27.65981,-48.67748,DEL01-SC,Risco Médio,Alta
quinta-feira,BR-101,203.4,Plena Noite,Crescente,Céu Claro,Múltipla,Reta,-27.565,-48.6146,DEL01-SC,Risco Médio,Alta
quinta-feira,BR-40,630.9,Pleno dia,Crescente,Céu Claro,Simples,Reta,-20.65824,-43.80259,DEL05-MG,Risco Médio,Alta
quarta-feira,BR-116,668.6,Pleno dia,Crescente,Céu Claro,Simples,Não Informado,-20.84269,-42.32643,DEL07-MG,Risco Médio,Alta
sexta-feira,BR-381,674.0,Pleno dia,Crescente,Céu Claro,Dupla,Curva,-21.08896,-45.06747,DEL04-MG,Risco Médio,Alta
quinta-feira,BR-293,63.7,Pleno dia,Crescente,Chuva,Simples,Reta,-31.69933,-52.95513,DEL07-RS,Risco Médio,Baixa
domingo,BR-285,457.0,Pleno dia,Crescente,Céu Claro,Simples,Rotatória,-28.38867,-53.89227,DEL10-RS,Risco Médio,Baixa
segunda-feira,BR-40,40.2,Plena Noite,Decrescente,Chuva,Simples,Não Informado,-17.21014,-46.88089,DEL14-MG,Risco Médio,Alta
segunda-feira,BR-365,446.2,Plena Noite,Crescente,Céu Claro,Simples,Desvio Temporário,-18.8105,-46.77078,DEL10-MG,Risco Médio,Média
quarta-feira,BR-408,69.5,Pleno dia,Crescente,Céu Claro,Dupla,Reta,-7.871694,-35.19399,DEL01-PE,Risco Alto,Baixa
sábado,BR-163,283.8,Plena Noite,Crescente,Chuva,Simples,Reta,-22.11459,-54.58892,DEL04-MS,Risco Médio,Alta
quarta-feira,BR-373,232.9,Pleno dia,Crescente,Céu Claro,Simples,Não Informado,-25.18436,-50.68452,DEL03-PR,Risco Médio,Baixa
quarta-feira,BR-116,413.5,Pleno dia,Decrescente,Céu Claro,Simples,Retorno Regulamentado,-18.87391,-41.96637,DEL06-MG,Risco Médio,Alta
segunda-feira,BR-163,751.0,Pleno dia,Decrescente,Céu Claro,Dupla,Curva,-12.6976,-55.81105,DEL06-MT,Risco Médio,Alta
quinta-feira,BR-40,611.7,Pleno dia,Crescente,Céu Claro,Simples,Reta,-20.51044,-43.84039,DEL05-MG,Risco Médio,Alta
sábado,BR-262,178.5,Pleno dia,Crescente,Sol,Simples,Curva,-19.92631,-42.98211,DEL03-MG,Risco Médio,Média
segunda-feira,BR-459,84.3,Anoitecer,Decrescente,Céu Claro,Simples,Não Informado,-22.15043,-46.04125,DEL09-MG,Risco Médio,Baixa
quarta-feira,BR-369,147.2,Plena Noite,Decrescente,Ignorado,Dupla,Interseção de vias,-23.29314,-51.13449,DEL07-PR,Risco Médio,Baixa
segunda-feira,BR-277,67.7,Pleno dia,Crescente,Nevoeiro/Neblina,Dupla,Reta,-25.52457,-49.09876,DEL01-PR,Risco Médio,Média
sábado,BR-381,934.4,Plena Noite,Decrescente,Chuva,Dupla,Não Informado,-22.80503,-46.25976,DEL16-MG,Risco Médio,Alta
quinta-feira,BR-262,480.4,Plena Noite,Decrescente,Céu Claro,Simples,Ponte,-19.78544,-45.2853,DEL08-MG,Risco Baixo,Média
quinta-feira,BR-60,3.3,Pleno dia,Decrescente,Céu Claro,Dupla,Reta,-15.89052,-48.08686,DEL01-DF,Risco Médio,Média
sexta-feira,BR-50,206.0,Plena Noite,Decrescente,Céu Claro,Dupla,Reta,-19.98561,-47.78778,DEL13-MG,Risco Médio,Média
segunda-feira,BR-232,73.4,Pleno dia,Decrescente,Nublado,Dupla,Reta,-8.194667,-35.51729,DEL02-PE,Risco Médio,Baixa
sábado,BR-262,79.6,Pleno dia,Crescente,Céu Claro,Simples,Não Informado,-20.33637,-42.3644,DEL03-MG,Risco Baixo,Média
domingo,BR-282,455.7,Plena Noite,Decrescente,Céu Claro,Simples,Reta,-26.88862,-51.99427,DEL07-SC,Risco Médio,Baixa
domingo,BR-116,181.0,Plena Noite,Crescente,Nublado,Dupla,Reta,-22.73989,-43.45904,DEL01-RJ,Risco Baixo,Alta
terça-feira,BR-427,98.4,Plena Noite,Crescente,Céu Claro,Simples,Interseção de vias,-6.462138,-37.09463,DEL03-RN,Risco Médio,Baixa
quinta-feira,BR-222,5.0,Pleno dia,Decrescente,Céu Claro,Dupla,Interseção de vias,-3.742969,-38.61331,DEL01-CE,Risco Médio,Baixa
sábado,BR-101,44.1,Pleno dia,Crescente,Céu Claro,Dupla,Reta,-26.34138,-48.85852,DEL03-SC,Risco Baixo,Alta
domingo,BR-116,855.0,Plena Noite,Crescente,Céu Claro,Simples,Reta,-15.02658,-40.9552,DEL08-BA,Risco Médio,Alta
domingo,BR-101,413.0,Plena Noite,Decrescente,Chuva,Dupla,Reta,-22.89932,-43.86529,DEL01-RJ,Risco Médio,Alta
domingo,BR-101,88.5,Plena Noite,Decrescente,Céu Claro,Simples,Reta,-8.219595,-34.96552,DEL01-PE,Risco Médio,Alta
domingo,BR-163,174.0,Pleno dia,Decrescente,Chuva,Simples,Curva,-25.2322,-53.5893,DEL04-PR,Risco Baixo,Alta
sábado,BR-40,33.0,Pleno dia,Decrescente,Sol,Dupla,Curva,-16.29956,-47.84716,DEL01-DF,Risco Médio,Alta
terça-feira,BR-282,2.0,Plena Noite,Crescente,Céu Claro,Dupla,Reta,-27.59776,-48.56609,DEL01-SC,Risco Médio,Baixa
sexta-feira,BR-290,652.1,Pleno dia,Decrescente,Céu Claro,Simples,Interseção de vias,-30.01562,-56.43227,DEL13-RS,Risco Médio,Baixa
segunda-feira,BR-316,36.0,Pleno dia,Decrescente,Céu Claro,Simples,Reta,-5.375138,-42.67078,DEL01-PI,Risco Baixo,Baixa
quarta-feira,BR-101,313.0,Plena Noite,Crescente,Céu Claro,Dupla,Curva,-28.441,-48.8231,DEL02-SC,Risco Baixo,Alta
quarta-feira,BR-101,172.5,Anoitecer,Crescente,Chuva,Simples,Reta,-27.259,-49.916,DEL04-SC,Risco Médio,Alta
quinta-feira,BR-376,595.6,Pleno dia,Crescente,Céu Claro,Dupla,Reta,-25.50075,-49.34213,DEL01-PR,Risco Médio,Baixa
segunda-feira,BR-343,345.1,Pleno dia,Decrescente,Céu Claro,Simples,Reta,-5.102889,-42.76651,DEL01-PI,Risco Médio,Baixa
quarta-feira,BR-386,101.2,Plena Noite,Crescente,Céu Claro,Simples,Curva,-27.76515,-53.09437,DEL08-RS,Risco Médio,Média
sábado,BR-163,266.9,Pleno dia,Crescente,Céu Claro,Dupla,Rotatória,-22.21277,-54.71565,DEL04-MS,Risco Baixo,Alta
sexta-feira,BR-381,484.9,Plena Noite,Crescente,Nublado,Dupla,Não Informado,-19.95581,-44.09569,DEL01-MG,Risco Médio,Alta
segunda-feira,BR-116,115.0,Pleno dia,Decrescente,Céu Claro,Múltipla,Retorno Regulamentado,-16.17968,-40.69532,DEL11-MG,Risco Baixo,Alta
domingo,BR-393,266.0,Plena Noite,Decrescente,Céu Claro,Simples,Curva,-22.48063,-43.89337,DEL05-RJ,Risco Médio,Média
terça-feira,BR-285,409.8,Amanhecer,Crescente,Céu Claro,Simples,Não Informado,-28.36046,-53.44201,DEL10-RS,Risco Baixo,Baixa
quarta-feira,BR-116,544.6,Pleno dia,Decrescente,Nublado,Dupla,Curva,-24.75687,-48.50514,DEL05-SP,Risco Médio,Alta
quarta-feira,BR-324,621.0,Pleno dia,Decrescente,Céu Claro,Múltipla,Não Informado,-12.92722,-38.46843,DEL01-BA,Risco Médio,Baixa
quarta-feira,BR-364,308.0,Pleno dia,Crescente,Céu Claro,Simples,Reta,-11.17243,-61.90157,DEL02-RO,Risco Baixo,Alta
quinta-feira,BR-60,106.0,Pleno dia,Crescente,Céu Claro,Dupla,Não Informado,-16.4232,-49.0134,DEL02-GO,Risco Médio,Média
quarta-feira,BR-163,479.3,Pleno dia,Crescente,Céu Claro,Simples,Reta,-20.48732,-54.55929,DEL01-MS,Risco Médio,Alta
domingo,BR-364,276.0,Plena Noite,Crescente,Nublado,Simples,Curva,-15.95349,-54.99123,DEL02-MT,Risco Médio,Alta
terça-feira,BR-324,0.0,Plena Noite,Crescente,Céu Claro,Dupla,Rotatória,-12.26711,-38.96699,DEL02-BA,Risco Médio,Baixa
sábado,BR-116,257.8,Pleno dia,Crescente,Céu Claro,Dupla,Reta,-29.85262,-51.17968,DEL01-RS,Risco Médio,Alta
segunda-feira,BR-116,441.5,Pleno dia,Crescente,Chuva,Dupla,Curva,-12.3514,-39.09232,DEL02-BA,Risco Baixo,Alta
sábado,BR-153,78.7,Pleno dia,Decrescente,Nublado,Simples,Reta,-27.10668,-51.90025,DEL07-SC,Risco Médio,Alta
sexta-feira,BR-70,10.0,Pleno dia,Crescente,Céu Claro,Simples,Reta,-15.87866,-52.3439,DEL07-MT,Risco Médio,Baixa
domingo,BR-158,750.5,Plena Noite,Crescente,Céu Claro,Simples,Reta,-15.49404,-52.20331,DEL07-MT,Risco Médio,Baixa
sábado,BR-153,721.0,Pleno dia,Decrescente,Céu Claro,Simples,Interseção de vias,-12.12858,-49.17195,DEL01-TO,Risco Médio,Alta
domingo,BR-40,114.0,Plena Noite,Crescente,Nublado,Múltipla,Reta,-22.71854,-43.28993,DEL01-RJ,Risco Médio,Alta