dia_semana,br,km,fase_dia,sentido_via,condicao_metereologica,tipo_pista,tracado_via,latitude,longitude,delegacia,classificacao_acidente,postos_policiais_PRF
terça-feira,BR-470,3.9,Pleno dia,Decrescente,Sol,Simples,Interseção de vias,-26.86194,-48.68162,DEL04-SC,Risco Médio,Baixa
domingo,BR-101,459.1,Plena Noite,Decrescente,Nublado,Múltipla,Curva,-29.2581,-49.7563,DEL02-SC,Risco Médio,Alta
segunda-feira,BR-343,211.4,Pleno dia,Crescente,Céu Claro,Simples,Reta,-4.445459,-41.92202,DEL02-PI,Risco Alto,Baixa
segunda-feira,BR-153,2.8,Plena Noite,Decrescente,Céu Claro,Simples,Reta,-23.01064,-49.90871,DEL07-PR,Risco Médio,Alta
quinta-feira,BR-70,295.0,Pleno dia,Decrescente,Céu Claro,Simples,Reta,-15.89535,-50.44062,DEL04-GO,Risco Médio,Baixa
sexta-feira,BR-392,2.2,Pleno dia,Crescente,Céu Claro,Simples,Interseção de vias,-31.76269,-52.4186,DEL07-RS,Risco Médio,Média
sábado,BR-373,183.0,Pleno dia,Decrescente,Chuva,Dupla,Reta,-25.04012,-50.27254,DEL03-PR,Risco Médio,Baixa
domingo,BR-230,153.2,Pleno dia,Crescente,Céu Claro,Simples,Não Informado,-7.2763,-35.8887,DEL02-PB,Risco Baixo,Baixa
sábado,BR-262,853.7,Plena Noite,Crescente,Céu Claro,Dupla,Reta,-19.78253,-48.51151,DEL13-MG,Risco Alto,Média
quarta-feira,BR-153,60.0,Anoitecer,Crescente,Céu Claro,Dupla,Não Informado,-20.80047,-49.35523,DEL09-SP,Risco Médio,Alta
sexta-feira,BR-40,400.0,Plena Noite,Decrescente,Chuva,Simples,Ponte,-19.03083,-44.65195,DEL02-MG,Risco Médio,Alta
domingo,BR-40,684.1,Pleno dia,Crescente,Céu Claro,Simples,Curva,-21.07497,-43.76543,DEL05-MG,Risco Médio,Alta
sábado,BR-101,20.2,Plena Noite,Crescente,Céu Claro,Simples,Reta,-21.3827,-41.34132,DEL08-RJ,Risco Baixo,Alta
sábado,BR-262,183.0,Anoitecer,Decrescente,Céu Claro,Simples,Não Informado,-19.91043,-43.02116,DEL03-MG,Risco Médio,Média
sexta-feira,BR-376,8.0,Pleno dia,Crescente,Céu Claro,Simples,Rotatória,-23.54797,-51.67126,DEL09-PR,Risco Médio,Baixa
segunda-feira,BR-285,335.2,Pleno dia,Decrescente,Sol,Simples,Reta,-28.3147,-52.75021,DEL08-RS,Risco Médio,Baixa
quarta-feira,BR-101,202.0,Pleno dia,Crescente,Céu Claro,Dupla,Reta,-27.5571,-48.619,DEL01-SC,Risco Médio,Alta
quarta-feira,BR-116,469.0,Plena Noite,Crescente,Nublado,Dupla,Reta,-12.47901,-39.30788,DEL02-BA,Risco Alto,Alta
quarta-feira,BR-153,485.0,Plena Noite,Decrescente,Nublado,Simples,Reta,-10.09346,-48.86587,DEL01-TO,Risco Médio,Alta
sábado,BR-116,202.0,Pleno dia,Crescente,Céu Claro,Dupla,Reta,-22.72997,-43.61317,DEL01-RJ,Risco Médio,Alta
segunda-feira,BR-277,108.0,Pleno dia,Crescente,Nublado,Dupla,Reta,-25.43375,-49.43726,DEL01-PR,Risco Médio,Média
quinta-feira,BR-101,57.0,Pleno dia,Decrescente,Céu Claro,Dupla,Reta,-7.963462,-34.91513,DEL01-PE,Risco Baixo,Alta
sexta-feira,BR-40,105.0,Plena Noite,Crescente,Chuva,Dupla,Reta,-22.63785,-43.28429,DEL01-RJ,Risco Médio,Alta
terça-feira,BR-101,211.8,Pleno dia,Decrescente,Chuva,Múltipla,Viaduto,-27.6301,-48.659,DEL01-SC,Risco Médio,Alta
domingo,BR-101,65.0,Amanhecer,Decrescente,Nublado,Simples,Curva,-11.9618,-38.0953,DEL01-BA,Risco Alto,Alta
sexta-feira,BR-101,230.0,Pleno dia,Decrescente,Chuva,Dupla,Reta,-19.93558,-40.40603,DEL02-ES,Risco Médio,Alta
quarta-feira,BR-116,414.0,Pleno dia,Decrescente,Céu Claro,Simples,Reta,-12.15092,-38.96472,DEL02-BA,Risco Médio,Alta
terça-feira,BR-324,357.0,Pleno dia,Decrescente,Nublado,Simples,Desvio Temporário,-11.39008,-39.98205,DEL04-BA,Risco Médio,Baixa
terça-feira,BR-364,432.3,Pleno dia,Decrescente,Céu Claro,Simples,Reta,-10.40041,-62.52516,DEL03-RO,Risco Médio,Alta
sexta-feira,BR-381,29.2,Pleno dia,Decrescente,Céu Claro,Dupla,Reta,-23.04308,-46.55981,DEL03-SP,Risco Médio,Alta
quinta-feira,BR-101,327.0,Plena Noite,Decrescente,Céu Claro,Dupla,Reta,-22.87117,-43.15595,DEL02-RJ,Risco Médio,Alta
segunda-feira,BR-101,101.0,Pleno dia,Decrescente,Céu Claro,Dupla,Não Informado,-5.886837,-35.23155,DEL01-RN,Risco Baixo,Alta
sexta-feira,BR-50,180.0,Pleno dia,Crescente,Nublado,Dupla,Viaduto,-19.77846,-47.92307,DEL13-MG,Risco Médio,Média
sábado,BR-163,71.0,Pleno dia,Crescente,Céu Claro,Dupla,Reta,-26.72772,-53.51281,DEL07-SC,Risco Médio,Alta
sábado,BR-432,202.0,Plena Noite,Crescente,Nublado,Simples,Curva,2.6708,-60.5945,DEL01-RR,Risco Médio,Baixa
segunda-feira,BR-116,180.0,Plena Noite,Decrescente,Céu Claro,Dupla,Reta,-23.33637,-46.14513,DEL01-SP,Risco Médio,Alta
terça-feira,BR-364,401.0,Plena Noite,Crescente,Nublado,Dupla,Rotatória,-15.65387,-55.9898,DEL02-MT,Risco Médio,Alta
segunda-feira,BR-230,188.0,Plena Noite,Decrescente,Céu Claro,Simples,Curva,-7.136179,-36.15303,DEL02-PB,Risco Médio,Baixa
sábado,BR-163,555.4,Pleno dia,Crescente,Céu Claro,Simples,Reta,-19.86479,-54.36872,DEL01-MS,Risco Médio,Alta
quinta-feira,BR-60,593.5,Pleno dia,Crescente,Céu Claro,Dupla,Interseção de vias,-21.48727,-56.15571,DEL05-MS,Risco Médio,Média
sábado,BR-116,64.9,Plena Noite,Decrescente,Nublado,Simples,Desvio Temporário,-4.298492,-38.50118,DEL03-CE,Risco Médio,Alta
sábado,BR-381,796.0,Pleno dia,Crescente,Céu Claro,Dupla,Não Informado,-21.91493,-45.58158,DEL16-MG,Risco Médio,Alta
quarta-feira,BR-116,67.8,Pleno dia,Decrescente,Céu Claro,Dupla,Reta,-22.82867,-45.20887,DEL08-SP,Risco Médio,Alta
quinta-feira,BR-364,430.0,Pleno dia,Decrescente,Céu Claro,Simples,Rotatória,-10.41098,-62.5101,DEL03-RO,Risco Médio,Alta
terça-feira,BR-10,290.0,Pleno dia,Crescente,Céu Claro,Simples,Reta,-1.896471,-47.52106,DEL02-PA,Risco Baixo,Baixa
segunda-feira,BR-392,26.8,Pleno dia,Crescente,Céu Claro,Dupla,Viaduto,-32.07835,-52.25665,DEL07-RS,Risco Médio,Média
quinta-feira,BR-101,65.0,Pleno dia,Decrescente,Céu Claro,Simples,Desvio Temporário,-18.70936,-39.87762,DEL04-ES,Risco Médio,Alta
quarta-feira,BR-101,68.8,Plena Noite,Decrescente,Chuva,Múltipla,Reta,-8.057581,-34.94629,DEL01-PE,Risco Médio,Alta
sábado,BR-277,708.0,Pleno dia,Decrescente,Céu Claro,Dupla,Reta,-25.4429,-54.39568,DEL05-PR,Risco Médio,Média
sexta-feira,BR-101,323.2,Plena Noite,Decrescente,Céu Claro,Múltipla,Reta,-28.4279,-48.91248,DEL02-SC,Risco Baixo,Alta
segunda-feira,BR-116,134.4,Pleno dia,Crescente,Nublado,Dupla,Não Informado,-23.14022,-45.76173,DEL06-SP,Risco Médio,Alta
sábado,BR-459,28.0,Anoitecer,Crescente,Céu Claro,Simples,Reta,-22.70942,-45.11323,DEL08-SP,Risco Baixo,Baixa
quinta-feira,BR-364,557.0,Pleno dia,Crescente,Céu Claro,Dupla,Reta,-14.72342,-56.32107,DEL01-MT,Risco Médio,Alta
domingo,BR-116,430.2,Plena Noite,Crescente,Céu Claro,Simples,Reta,-19.06212,-42.01172,DEL06-MG,Risco Médio,Alta
terça-feira,BR-282,0.4,Pleno dia,Decrescente,Nublado,Múltipla,Reta,-27.59845,-48.572,DEL01-SC,Risco Médio,Baixa
sábado,BR-116,536.0,Amanhecer,Decrescente,Céu Claro,Dupla,Reta,-24.92882,-48.27157,DEL05-SP,Risco Baixo,Alta
sexta-feira,BR-116,167.0,Plena Noite,Decrescente,Céu Claro,Simples,Reta,-4.929619,-37.98992,DEL03-CE,Risco Médio,Alta
sexta-feira,BR-101,230.0,Plena Noite,Decrescente,Céu Claro,Simples,Curva,-12.71709,-39.18056,DEL01-BA,Risco Médio,Alta
sábado,BR-101,24.0,Plena Noite,Decrescente,Nublado,Simples,Não Informado,-26.18347,-48.91059,DEL03-SC,Risco Médio,Alta
quinta-feira,BR-277,83.6,Pleno dia,Crescente,Céu Claro,Dupla,Reta,-25.448,-49.22995,DEL01-PR,Risco Médio,Média
sábado,BR-116,524.5,Plena Noite,Crescente,Céu Claro,Simples,Interseção de vias,-19.75119,-42.13257,DEL06-MG,Risco Médio,Alta
domingo,BR-116,311.7,Plena Noite,Decrescente,Céu Claro,Simples,Reta,-5.91192,-38.62524,DEL05-CE,Risco Alto,Alta
sexta-feira,BR-262,528.0,Pleno dia,Crescente,Céu Claro,Simples,Reta,-20.35889,-56.12598,DEL03-MS,Risco Baixo,Média
quinta-feira,BR-101,102.7,Pleno dia,Crescente,Céu Claro,Dupla,Curva,-8.285452,-35.05861,DEL01-PE,Risco Médio,Alta
domingo,BR-60,4.5,Pleno dia,Crescente,Céu Claro,Dupla,Curva,-16.09596,-48.28354,DEL01-DF,Risco Médio,Média
quarta-feira,BR-60,81.0,Pleno dia,Crescente,Céu Claro,Dupla,Não Informado,-16.3116,-48.8277,DEL02-GO,Risco Médio,Média
segunda-feira,BR-381,630.7,Pleno dia,Decrescente,Chuva,Dupla,Não Informado,-20.82936,-44.81716,DEL04-MG,Risco Médio,Alta
domingo,BR-116,3.0,Amanhecer,Crescente,Céu Claro,Múltipla,Reta,-3.780317,-38.51457,DEL01-CE,Risco Baixo,Alta
terça-feira,BR-101,131.0,Pleno dia,Crescente,Céu Claro,Dupla,Reta,-22.11498,-41.70258,DEL08-RJ,Risco Médio,Alta
quinta-feira,BR-428,188.0,Pleno dia,Crescente,Céu Claro,Dupla,Reta,-9.364006,-40.48267,DEL06-PE,Risco Baixo,Baixa
sexta-feira,BR-421,22.0,Pleno dia,Decrescente,Céu Claro,Simples,Não Informado,-10.01088,-63.16114,DEL03-RO,Risco Baixo,Baixa
terça-feira,BR-116,228.1,Plena Noite,Decrescente,Céu Claro,Múltipla,Desvio Temporário,-23.50343,-46.56639,DEL01-SP,Risco Alto,Alta
quinta-feira,BR-285,289.0,Pleno dia,Crescente,Céu Claro,Dupla,Interseção de vias,-28.23693,-52.3741,DEL08-RS,Risco Baixo,Baixa
quinta-feira,BR-40,791.0,Pleno dia,Decrescente,Garoa/Chuvisco,Múltipla,Reta,-21.77922,-43.42576,DEL05-MG,Risco Baixo,Alta
domingo,BR-101,269.5,Plena Noite,Decrescente,Céu Claro,Múltipla,Interseção de vias,-20.2218,-40.27006,DEL02-ES,Risco Médio,Alta
terça-feira,BR-101,51.4,Pleno dia,Decrescente,Chuva,Dupla,Reta,-7.916997,-34.89689,DEL01-PE,Risco Baixo,Alta
quarta-feira,BR-116,95.0,Plena Noite,Decrescente,Nevoeiro/Neblina,Dupla,Não Informado,-25.49693,-49.11732,DEL01-PR,Risco Médio,Alta
quinta-feira,BR-116,5.0,Pleno dia,Decrescente,Céu Claro,Dupla,Reta,-3.794671,-38.50773,DEL01-CE,Risco Médio,Alta
domingo,BR-101,161.0,Plena Noite,Decrescente,Céu Claro,Simples,Reta,-6.378326,-35.14846,DEL01-RN,Risco Médio,Alta
segunda-feira,BR-116,115.0,Pleno dia,Decrescente,Nublado,Simples,Curva,-25.54547,-49.30188,DEL01-PR,Risco Baixo,Alta
sábado,BR-101,530.0,Amanhecer,Decrescente,Nublado,Simples,Curva,-23.02325,-44.51685,DEL03-RJ,Risco Médio,Alta
sexta-feira,BR-116,139.0,Pleno dia,Decrescente,Céu Claro,Dupla,Reta,-22.65565,-43.24471,DEL02-RJ,Risco Médio,Alta
sexta-feira,BR-116,277.9,Pleno dia,Decrescente,Sol,Dupla,Reta,-23.63319,-46.8224,DEL04-SP,Risco Médio,Alta
sexta-feira,BR-116,229.0,Plena Noite,Decrescente,Céu Claro,Múltipla,Reta,-23.51439,-46.57742,DEL01-SP,Risco Médio,Alta
quarta-feira,BR-277,330.0,Pleno dia,Decrescente,Céu Claro,Simples,Não Informado,-25.35821,-51.35763,DEL08-PR,Risco Alto,Média
quinta-feira,BR-10,5.0,Plena Noite,Decrescente,Céu Claro,Simples,Curva,-4.400656,-47.53093,DEL02-PA,Risco Médio,Baixa
segunda-feira,BR-365,0.0,Plena Noite,Crescente,Céu Claro,Simples,Reta,-16.7663,-43.88375,DEL12-MG,Risco Médio,Média
segunda-feira,BR-101,104.5,Amanhecer,Decrescente,Garoa/Chuvisco,Dupla,Não Informado,-26.79826,-48.67952,DEL03-SC,Risco Médio,Alta
sábado,BR-316,94.0,Plena Noite,Crescente,Céu Claro,Simples,Reta,-1.325683,-47.65671,DEL01-PA,Risco Médio,Baixa
quarta-feira,BR-365,477.0,Pleno dia,Crescente,Sol,Simples,Reta,-18.9436,-46.9923,DEL10-MG,Risco Médio,Média
sábado,BR-116,346.0,Plena Noite,Crescente,Chuva,Dupla,Não Informado,-24.04052,-47.19268,DEL04-SP,Risco Médio,Alta
terça-feira,BR-116,468.6,Plena Noite,Decrescente,Céu Claro,Dupla,Reta,-24.65216,-47.94984,DEL05-SP,Risco Baixo,Alta
quarta-feira,BR-101,170.9,Pleno dia,Decrescente,Chuva,Dupla,Reta,-9.899678,-36.28305,DEL02-AL,Risco Médio,Alta
sexta-feira,BR-381,483.4,Pleno dia,Decrescente,Céu Claro,Dupla,Reta,-19.95594,-44.10722,DEL01-MG,Risco Médio,Alta
quinta-feira,BR-40,521.0,Pleno dia,Crescente,Céu Claro,Dupla,Reta,-19.8665,-44.064,DEL01-MG,Risco Médio,Alta
terça-feira,BR-230,154.0,Plena Noite,Decrescente,Vento,Simples,Reta,-7.2763,-35.8887,DEL02-PB,Risco Médio,Baixa
segunda-feira,BR-116,101.5,Pleno dia,Crescente,Céu Claro,Dupla,Reta,-25.56584,-49.16592,DEL01-PR,Risco Médio,Alta
sexta-feira,BR-282,436.3,Pleno dia,Decrescente,Chuva,Simples,Interseção de vias,-26.96972,-51.85447,DEL07-SC,Risco Médio,Baixa
sexta-feira,BR-163,47.0,Pleno dia,Decrescente,Céu Claro,Simples,Curva,-23.73169,-54.27564,DEL09-MS,Risco Médio,Alta
domingo,BR-251,40.2,Plena Noite,Decrescente,Nublado,Dupla,Desvio Temporário,-15.93515,-47.81268,DEL01-DF,Risco Médio,Baixa
segunda-feira,BR-101,333.0,Pleno dia,Decrescente,Céu Claro,Dupla,Reta,-22.87828,-43.21054,DEL02-RJ,Risco Médio,Alta
domingo,BR-381,365.2,Anoitecer,Decrescente,Céu Claro,Simples,Curva,-19.85465,-43.26107,DEL03-MG,Risco Médio,Alta
quinta-feira,BR-304,304.8,Pleno dia,Crescente,Céu Claro,Dupla,Reta,-5.884971,-35.28078,DEL01-RN,Risco Médio,Baixa
sexta-feira,BR-116,92.0,Plena Noite,Crescente,Céu Claro,Simples,Não Informado,-16.36684,-41.47142,DEL11-MG,Risco Médio,Alta
quarta-feira,BR-116,221.0,Pleno dia,Decrescente,Céu Claro,Simples,Não Informado,-29.57244,-51.09625,DEL01-RS,Risco Médio,Alta
sexta-feira,BR-386,294.5,Pleno dia,Crescente,Nublado,Simples,Curva,-29.12118,-52.24889,DEL04-RS,Risco Médio,Média
sexta-feira,BR-476,136.0,Pleno dia,Crescente,Chuva,Múltipla,Reta,-25.49105,-49.27168,DEL01-PR,Risco Médio,Baixa
sexta-feira,BR-324,584.0,Plena Noite,Decrescente,Nublado,Dupla,Reta,-12.62182,-38.48261,DEL01-BA,Risco Médio,Baixa
terça-feira,BR-293,161.0,Pleno dia,Decrescente,Nublado,Simples,Interseção de vias,-31.39017,-53.88196,DEL11-RS,Risco Médio,Baixa
quarta-feira,BR-210,1.0,Pleno dia,Decrescente,Nublado,Múltipla,Interseção de vias,0.078212,-51.07009,DEL01-AP,Risco Médio,Baixa
terça-feira,BR-364,343.0,Pleno dia,Crescente,Céu Claro,Dupla,Reta,-10.87879,-61.94499,DEL02-RO,Risco Médio,Alta
domingo,BR-116,247.9,Plena Noite,Decrescente,Céu Claro,Dupla,Interseção de vias,-29.77225,-51.15382,DEL01-RS,Risco Médio,Alta
terça-feira,BR-163,508.2,Plena Noite,Decrescente,Céu Claro,Simples,Não Informado,-14.52231,-56.21923,DEL01-MT,Risco Médio,Alta
domingo,BR-101,172.2,Anoitecer,Decrescente,Chuva,Dupla,Reta,-6.455763,-35.11036,DEL01-RN,Risco Médio,Alta
terça-feira,BR-116,512.0,Plena Noite,Decrescente,Céu Claro,Simples,Curva,-24.84657,-48.21419,DEL05-SP,Risco Médio,Alta
quinta-feira,BR-376,215.9,Pleno dia,Crescente,Céu Claro,Simples,Interseção de vias,-23.58845,-51.6457,DEL09-PR,Risco Médio,Baixa
segunda-feira,BR-222,661.0,Pleno dia,Decrescente,Céu Claro,Simples,Reta,-4.875873,-47.35338,DEL04-MA,Risco Baixo,Baixa
sábado,BR-364,458.0,Plena Noite,Crescente,Chuva,Simples,Curva,-15.41516,-56.35034,DEL01-MT,Risco Médio,Alta
sexta-feira,BR-101,263.5,Plena Noite,Decrescente,Céu Claro,Múltipla,Reta,-20.17679,-40.26577,DEL02-ES,Risco Médio,Alta
sexta-feira,BR-386,385.1,Pleno dia,Decrescente,Céu Claro,Dupla,Reta,-29.69075,-51.70905,DEL04-RS,Risco Médio,Média
quarta-feira,BR-116,408.6,Pleno dia,Decrescente,Céu Claro,Múltipla,Retorno Regulamentado,-18.83881,-41.98741,DEL06-MG,Risco Médio,Alta
terça-feira,BR-116,288.0,Pleno dia,Decrescente,Nublado,Simples,Retorno Regulamentado,-23.70867,-46.8733,DEL04-SP,Risco Médio,Alta
sexta-feira,BR-304,24.0,Plena Noite,Crescente,Nublado,Simples,Rotatória,-5.064882,-37.33287,DEL04-RN,Risco Baixo,Baixa
quinta-feira,BR-110,141.0,Plena Noite,Decrescente,Céu Claro,Simples,Curva,-10.60223,-38.37627,DEL07-BA,Risco Médio,Baixa
quarta-feira,BR-280,48.1,Pleno dia,Crescente,Garoa/Chuvisco,Simples,Interseção de vias,-26.45507,-48.92767,DEL03-SC,Risco Médio,Baixa
sábado,BR-262,838.0,Plena Noite,Decrescente,Nublado,Simples,Reta,-19.75667,-48.25183,DEL13-MG,Risco Baixo,Média
terça-feira,BR-153,174.2,Amanhecer,Decrescente,Céu Claro,Simples,Curva,-24.43582,-50.41909,DEL03-PR,Risco Baixo,Alta
segunda-feira,BR-364,13.0,Plena Noite,Crescente,Céu Claro,Múltipla,Reta,-12.7414,-60.13026,DEL04-RO,Risco Baixo,Alta
terça-feira,BR-101,58.5,Pleno dia,Decrescente,Céu Claro,Dupla,Retorno Regulamentado,-6.989036,-35.07076,DEL01-PB,Risco Médio,Alta
quarta-feira,BR-101,203.8,Pleno dia,Crescente,Chuva,Múltipla,Retorno Regulamentado,-27.565,-48.6146,DEL01-SC,Risco Médio,Alta
quarta-feira,BR-365,713.0,Pleno dia,Decrescente,Chuva,Simples,Não Informado,-18.8732,-49.05594,DEL15-MG,Risco Baixo,Média
sábado,BR-174,438.0,Pleno dia,Crescente,Céu Claro,Simples,Reta,2.348925,-60.911,DEL01-RR,Risco Baixo,Baixa
sexta-feira,BR-153,37.6,Pleno dia,Crescente,Céu Claro,Simples,Rotatória,-20.6021,-49.32039,DEL09-SP,Risco Médio,Alta
quinta-feira,BR-101,68.0,Pleno dia,Crescente,Céu Claro,Simples,Reta,-18.7266,-39.85975,DEL04-ES,Risco Médio,Alta
sexta-feira,BR-232,146.3,Plena Noite,Crescente,Nublado,Dupla,Desvio Temporário,-8.33278,-36.13211,DEL02-PE,Risco Médio,Baixa
sábado,BR-163,986.0,Plena Noite,Decrescente,Nublado,Simples,Reta,-2.592714,-54.71976,DEL05-PA,Risco Médio,Alta
quarta-feira,BR-262,630.0,Plena Noite,Decrescente,Nublado,Simples,Reta,-19.58292,-46.45656,DEL08-MG,Risco Baixo,Média
segunda-feira,BR-101,149.0,Pleno dia,Decrescente,Céu Claro,Simples,Reta,-27.1088,-48.6129,DEL04-SC,Risco Alto,Alta
sábado,BR-110,4.0,Plena Noite,Crescente,Nublado,Simples,Reta,-9.488073,-38.2126,DEL07-BA,Risco Médio,Baixa
sábado,BR-101,214.2,Pleno dia,Decrescente,Sol,Dupla,Reta,-27.64443,-48.67057,DEL01-SC,Risco Médio,Alta
quinta-feira,BR-116,3.0,Pleno dia,Crescente,Nublado,Múltipla,Reta,-3.789331,-38.51021,DEL01-CE,Risco Baixo,Alta
domingo,BR-285,299.5,Plena Noite,Crescente,Céu Claro,Simples,Reta,-28.22114,-52.45757,DEL08-RS,Risco Médio,Baixa
quinta-feira,BR-40,105.5,Pleno dia,Decrescente,Nublado,Dupla,Reta,-16.82259,-47.55127,DEL01-DF,Risco Médio,Alta
sábado,BR-381,6.0,Plena Noite,Decrescente,Chuva,Dupla,Reta,-22.89721,-46.41867,DEL03-SP,Risco Médio,Alta
segunda-feira,BR-364,196.1,Plena Noite,Crescente,Céu Claro,Simples,Reta,-11.68672,-61.18348,DEL02-RO,Risco Médio,Alta
terça-feira,BR-316,241.4,Pleno dia,Decrescente,Céu Claro,Simples,Reta,-1.74252,-46.5707,DEL01-PA,Risco Médio,Baixa
segunda-feira,BR-146,597.7,Pleno dia,Decrescente,Chuva,Simples,Reta,-21.76038,-46.40869,DEL09-MG,Risco Baixo,Baixa
segunda-feira,BR-381,575.2,Plena Noite,Decrescente,Céu Claro,Dupla,Curva,-20.47363,-44.58423,DEL04-MG,Risco Médio,Alta
terça-feira,BR-423,95.6,Pleno dia,Crescente,Céu Claro,Simples,Reta,-8.879263,-36.4856,DEL03-PE,Risco Baixo,Baixa
terça-feira,BR-60,438.2,Pleno dia,Decrescente,Céu Claro,Dupla,Curva,-17.83649,-51.40919,DEL04-GO,Risco Médio,Média
terça-feira,BR-277,705.0,Plena Noite,Crescente,Céu Claro,Dupla,Desvio Temporário,-25.43032,-54.36957,DEL05-PR,Risco Médio,Média
segunda-feira,BR-60,34.2,Pleno dia,Decrescente,Céu Claro,Dupla,Rotatória,-16.7523,-49.33978,DEL01-DF,Risco Médio,Média
terça-feira,BR-101,429.7,Pleno dia,Crescente,Chuva,Simples,Reta,-21.02566,-41.15891,DEL03-ES,Risco Médio,Alta
sexta-feira,BR-369,147.1,Plena Noite,Decrescente,Céu Claro,Dupla,Não Informado,-23.29305,-51.13974,DEL07-PR,Risco Baixo,Baixa
sexta-feira,BR-50,107.0,Pleno dia,Decrescente,Céu Claro,Dupla,Reta,-19.1989,-48.1522,DEL13-MG,Risco Baixo,Média
domingo,BR-101,509.0,Pleno dia,Crescente,Céu Claro,Simples,Reta,-22.94451,-44.43111,DEL03-RJ,Risco Médio,Alta
segunda-feira,BR-101,735.0,Pleno dia,Decrescente,Nublado,Simples,Curva,-16.6654,-39.50848,DEL09-BA,Risco Médio,Alta
quarta-feira,BR-230,28.1,Pleno dia,Crescente,Céu Claro,Dupla,Não Informado,-7.165385,-34.89505,DEL01-PB,Risco Médio,Baixa
terça-feira,BR-476,136.0,Pleno dia,Decrescente,Céu Claro,Múltipla,Reta,-25.49105,-49.27168,DEL01-PR,Risco Médio,Baixa
quarta-feira,BR-429,100.4,Plena Noite,Crescente,Garoa/Chuvisco,Simples,Reta,-11.39921,-62.33717,DEL02-RO,Risco Médio,Baixa
domingo,BR-163,541.8,Pleno dia,Crescente,Céu Claro,Simples,Reta,-14.28023,-56.15224,DEL01-MT,Risco Baixo,Alta
quinta-feira,BR-242,665.0,Plena Noite,Decrescente,Céu Claro,Simples,Reta,-12.22713,-43.96151,DEL10-BA,Risco Médio,Baixa
quarta-feira,BR-158,83.5,Pleno dia,Crescente,Nublado,Simples,Reta,-19.6725,-51.1958,DEL08-MS,Risco Médio,Baixa
domingo,BR-262,39.6,Plena Noite,Crescente,Céu Claro,Simples,Retorno Regulamentado,-20.38027,-40.63001,DEL01-ES,Risco Médio,Média
quarta-feira,BR-493,25.0,Plena Noite,Crescente,Chuva,Simples,Reta,-22.65789,-43.07964,DEL04-RJ,Risco Médio,Baixa
segunda-feira,BR-376,313.0,Anoitecer,Crescente,Céu Claro,Múltipla,Curva,-23.98264,-51.08526,DEL07-PR,Risco Alto,Baixa
segunda-feira,BR-230,23.0,Pleno dia,Decrescente,Céu Claro,Múltipla,Reta,-7.1562,-34.8574,DEL01-PB,Risco Baixo,Baixa
domingo,BR-381,445.7,Pleno dia,Crescente,Céu Claro,Simples,Reta,-19.82543,-43.8341,DEL01-MG,Risco Médio,Alta
segunda-feira,BR-153,67.0,Pleno dia,Crescente,Céu Claro,Simples,Reta,-13.41995,-49.13088,DEL07-GO,Risco Baixo,Alta
domingo,BR-282,507.4,Pleno dia,Crescente,Céu Claro,Simples,Curva,-26.88778,-52.44392,DEL07-SC,Risco Médio,Baixa
domingo,BR-262,38.9,Pleno dia,Decrescente,Nublado,Simples,Reta,-20.38085,-40.62069,DEL01-ES,Risco Médio,Média
quarta-feira,BR-153,56.0,Pleno dia,Crescente,Céu Claro,Simples,Curva,-20.76082,-49.34567,DEL09-SP,Risco Médio,Alta
quinta-feira,BR-101,431.8,Plena Noite,Crescente,Garoa/Chuvisco,Múltipla,Reta,-29.07214,-49.62672,DEL02-SC,Risco Baixo,Alta
terça-feira,BR-381,79.0,Plena Noite,Decrescente,Garoa/Chuvisco,Dupla,Reta,-23.4032,-46.57565,DEL03-SP,Risco Médio,Alta
terça-feira,BR-418,2.9,Pleno dia,Decrescente,Chuva,Simples,Reta,-17.72601,-39.23548,DEL09-BA,Risco Alto,Baixa
sábado,BR-153,153.5,Plena Noite,Crescente,Nublado,Simples,Reta,-7.27922,-48.27128,DEL02-TO,Risco Alto,Alta
sexta-feira,BR-40,3.0,Pleno dia,Decrescente,Céu Claro,Dupla,Reta,-15.99709,-47.9843,DEL01-DF,Risco Médio,Alta
segunda-feira,BR-101,15.1,Plena Noite,Crescente,Nublado,Simples,Curva,-29.40233,-49.85847,DEL03-RS,Risco Médio,Alta
quinta-feira,BR-101,436.4,Pleno dia,Decrescente,Céu Claro,Simples,Reta,-29.11138,-49.63898,DEL02-SC,Risco Médio,Alta
segunda-feira,BR-158,437.9,Pleno dia,Decrescente,Sol,Simples,Curva,-30.17116,-54.69288,DEL11-RS,Risco Baixo,Baixa
sábado,BR-277,119.0,Plena Noite,Crescente,Nublado,Dupla,Curva,-25.43307,-49.43431,DEL01-PR,Risco Baixo,Média
quinta-feira,BR-158,270.0,Plena Noite,Decrescente,Céu Claro,Simples,Reta,-17.87868,-51.73196,DEL05-GO,Risco Médio,Baixa
segunda-feira,BR-101,69.5,Pleno dia,Crescente,Sol,Dupla,Reta,-8.064176,-34.94444,DEL01-PE,Risco Médio,Alta
sexta-feira,BR-116,704.6,Pleno dia,Decrescente,Sol,Simples,Interseção de vias,-21.13172,-42.3871,DEL07-MG,Risco Médio,Alta