dia_semana,br,km,fase_dia,sentido_via,condicao_metereologica,tipo_pista,tracado_via,latitude,longitude,delegacia,classificacao_acidente,postos_policiais_PRF
segunda-feira,BR-381,265.0,Pleno dia,Decrescente,Chuva,Simples,Reta,-19.52614,-42.58052,DEL03-MG,Risco Alto,Alta
domingo,BR-101,37.0,Plena Noite,Decrescente,Nublado,Dupla,Curva,-29.53691,-50.01129,DEL03-RS,Risco Médio,Alta
quarta-feira,BR-376,627.1,Pleno dia,Decrescente,Céu Claro,Dupla,Reta,-25.67364,-49.15092,DEL01-PR,Risco Médio,Baixa
quarta-feira,BR-101,271.0,Plena Noite,Decrescente,Céu Claro,Dupla,Reta,-20.23267,-40.27658,DEL02-ES,Risco Médio,Alta
quinta-feira,BR-116,115.0,Amanhecer,Crescente,Chuva,Dupla,Reta,-25.55953,-49.2656,DEL01-PR,Risco Médio,Alta
quarta-feira,BR-60,80.7,Pleno dia,Decrescente,Nublado,Dupla,Reta,-16.3053,-48.8208,DEL02-GO,Risco Médio,Média
quarta-feira,BR-470,143.2,Pleno dia,Crescente,Céu Claro,Simples,Interseção de vias,-27.23314,-49.67289,DEL04-SC,Risco Baixo,Baixa
domingo,BR-424,70.5,Plena Noite,Decrescente,Céu Claro,Simples,Reta,-8.781804,-36.61669,DEL03-PE,Risco Alto,Baixa
domingo,BR-230,19.0,Plena Noite,Crescente,Chuva,Dupla,Curva,-7.1281,-34.8466,DEL01-PB,Risco Médio,Baixa
quarta-feira,BR-423,16.3,Pleno dia,Decrescente,Céu Claro,Simples,Desvio Temporário,-9.165585,-37.4289,DEL03-AL,Risco Alto,Baixa
domingo,BR-101,37.0,Anoitecer,Crescente,Chuva,Dupla,Reta,-29.52949,-50.00468,DEL03-RS,Risco Médio,Alta
quarta-feira,BR-101,45.6,Pleno dia,Decrescente,Céu Claro,Dupla,Curva,-9.202512,-35.78757,DEL01-AL,Risco Médio,Alta
domingo,BR-470,161.9,Plena Noite,Decrescente,Nublado,Simples,Curva,-27.28682,-49.79648,DEL04-SC,Risco Médio,Baixa
domingo,BR-163,348.0,Pleno dia,Crescente,Céu Claro,Simples,Curva,-21.60603,-54.43829,DEL02-MS,Risco Médio,Alta
domingo,BR-174,13.5,Amanhecer,Crescente,Nublado,Simples,Reta,-12.7414,-60.13026,DEL04-RO,Risco Médio,Baixa
sábado,BR-116,302.0,Pleno dia,Crescente,Céu Claro,Dupla,Curva,-23.81957,-46.92449,DEL04-SP,Risco Médio,Alta
quarta-feira,BR-101,47.0,Pleno dia,Crescente,Nublado,Simples,Reta,-23.43994,-45.09201,DEL06-SP,Risco Médio,Alta
terça-feira,BR-242,337.0,Pleno dia,Crescente,Céu Claro,Simples,Não Informado,-12.5056,-41.20923,DEL08-BA,Risco Médio,Baixa
segunda-feira,BR-116,518.0,Anoitecer,Decrescente,Chuva,Simples,Curva,-24.88392,-48.22626,DEL05-SP,Risco Médio,Alta
segunda-feira,BR-280,256.9,Pleno dia,Crescente,Garoa/Chuvisco,Simples,Reta,-26.15873,-53.03194,DEL02-PR,Risco Médio,Baixa
sábado,BR-470,106.4,Amanhecer,Crescente,Nublado,Simples,Curva,-27.07135,-49.422,DEL04-SC,Risco Médio,Baixa
sábado,BR-101,132.6,Pleno dia,Crescente,Sol,Dupla,Reta,-26.99814,-48.65005,DEL04-SC,Risco Médio,Alta
quinta-feira,BR-153,136.0,Pleno dia,Decrescente,Céu Claro,Simples,Curva,-24.04806,-50.24743,DEL07-PR,Risco Médio,Alta
quinta-feira,BR-470,100.4,Plena Noite,Decrescente,Nublado,Simples,Ponte,-27.04514,-49.39414,DEL04-SC,Risco Médio,Baixa
quinta-feira,BR-282,223.0,Pleno dia,Decrescente,Nublado,Simples,Interseção de vias,-27.80013,-50.36275,DEL05-SC,Risco Médio,Baixa
sábado,BR-60,72.0,Pleno dia,Crescente,Céu Claro,Dupla,Curva,-16.2636,-48.764,DEL02-GO,Risco Médio,Média
terça-feira,BR-101,287.0,Plena Noite,Decrescente,Garoa/Chuvisco,Simples,Reta,-13.16687,-39.31234,DEL01-BA,Risco Médio,Alta
sábado,BR-290,668.5,Plena Noite,Decrescente,Céu Claro,Simples,Reta,-29.96759,-56.565,DEL13-RS,Risco Médio,Baixa
sábado,BR-285,302.0,Pleno dia,Crescente,Sol,Simples,Reta,-28.22145,-52.46684,DEL08-RS,Risco Baixo,Baixa
terça-feira,BR-116,96.0,Pleno dia,Decrescente,Céu Claro,Múltipla,Não Informado,-25.50485,-49.12323,DEL01-PR,Risco Médio,Alta
domingo,BR-432,195.0,Plena Noite,Decrescente,Céu Claro,Simples,Reta,2.643694,-60.59183,DEL01-RR,Risco Médio,Baixa
segunda-feira,BR-101,28.0,Pleno dia,Crescente,Sol,Dupla,Reta,-10.42855,-36.93059,DEL02-SE,Risco Médio,Alta
quarta-feira,BR-10,261.2,Amanhecer,Crescente,Céu Claro,Simples,Reta,-5.454371,-47.47244,DEL04-MA,Risco Baixo,Baixa
domingo,BR-242,670.0,Pleno dia,Crescente,Sol,Simples,Reta,-12.22912,-43.9209,DEL10-BA,Risco Médio,Baixa
sábado,BR-153,66.0,Pleno dia,Decrescente,Chuva,Dupla,Curva,-20.84209,-49.37074,DEL09-SP,Risco Médio,Alta
quinta-feira,BR-282,217.0,Pleno dia,Decrescente,Céu Claro,Dupla,Reta,-27.79792,-50.30294,DEL05-SC,Risco Médio,Baixa
terça-feira,BR-267,482.0,Pleno dia,Crescente,Céu Claro,Simples,Reta,-21.48307,-56.14631,DEL05-MS,Risco Médio,Baixa
segunda-feira,BR-40,109.0,Plena Noite,Crescente,Céu Claro,Múltipla,Curva,-22.67375,-43.28638,DEL01-RJ,Risco Médio,Alta
segunda-feira,BR-101,65.7,Pleno dia,Decrescente,Céu Claro,Simples,Reta,-21.75372,-41.34429,DEL08-RJ,Risco Médio,Alta
domingo,BR-116,218.0,Plena Noite,Crescente,Céu Claro,Múltipla,Reta,-23.45893,-46.48384,DEL01-SP,Risco Médio,Alta
sábado,BR-116,397.8,Plena Noite,Decrescente,Nevoeiro/Neblina,Simples,Rotatória,-30.85881,-51.78775,DEL02-RS,Risco Médio,Alta
quinta-feira,BR-40,701.0,Amanhecer,Crescente,Céu Claro,Dupla,Reta,-21.2225,-43.7304,DEL05-MG,Risco Médio,Alta
domingo,BR-70,12.8,Amanhecer,Crescente,Sol,Dupla,Reta,-15.79224,-48.15854,DEL01-DF,Risco Médio,Baixa
quinta-feira,BR-116,146.8,Pleno dia,Crescente,Garoa/Chuvisco,Dupla,Não Informado,-23.19344,-45.8681,DEL02-SP,Risco Baixo,Alta
domingo,BR-282,341.6,Pleno dia,Decrescente,Céu Claro,Simples,Reta,-27.38996,-51.21339,DEL07-SC,Risco Médio,Baixa
sexta-feira,BR-101,140.0,Pleno dia,Crescente,Céu Claro,Múltipla,Não Informado,-27.0478,-48.5981,DEL04-SC,Risco Baixo,Alta
quarta-feira,BR-232,98.0,Pleno dia,Crescente,Céu Claro,Múltipla,Reta,-8.235955,-35.72634,DEL02-PE,Risco Baixo,Baixa
domingo,BR-70,514.0,Pleno dia,Decrescente,Céu Claro,Simples,Reta,-15.70593,-56.13233,DEL01-MT,Risco Médio,Baixa
segunda-feira,BR-163,61.2,Plena Noite,Crescente,Garoa/Chuvisco,Simples,Reta,-23.61499,-54.22932,DEL09-MS,Risco Médio,Alta
sábado,BR-285,270.8,Pleno dia,Crescente,Céu Claro,Simples,Reta,-28.28724,-52.16913,DEL08-RS,Risco Baixo,Baixa
quinta-feira,BR-230,17.5,Pleno dia,Decrescente,Garoa/Chuvisco,Dupla,Reta,-7.1121,-34.8426,DEL01-PB,Risco Médio,Baixa
domingo,BR-470,119.5,Pleno dia,Crescente,Chuva,Simples,Curva,-27.08297,-49.50937,DEL04-SC,Risco Médio,Baixa
domingo,BR-101,290.4,Amanhecer,Crescente,Céu Claro,Dupla,Reta,-28.26981,-48.70082,DEL02-SC,Risco Médio,Alta
sexta-feira,BR-381,167.8,Pleno dia,Decrescente,Sol,Simples,Reta,-18.95969,-42.07583,DEL06-MG,Risco Alto,Alta
sexta-feira,BR-116,245.8,Pleno dia,Crescente,Nublado,Múltipla,Reta,-29.74981,-51.15125,DEL01-RS,Risco Médio,Alta
segunda-feira,BR-406,34.0,Pleno dia,Decrescente,Céu Claro,Simples,Reta,-5.253768,-36.3604,DEL02-RN,Risco Baixo,Baixa
quarta-feira,BR-376,615.3,Plena Noite,Crescente,Nublado,Dupla,Não Informado,-25.57888,-49.17843,DEL01-PR,Risco Médio,Baixa
segunda-feira,BR-470,215.0,Anoitecer,Decrescente,Céu Claro,Simples,Não Informado,-29.15064,-51.53024,DEL06-RS,Risco Médio,Baixa
domingo,BR-116,216.0,Amanhecer,Crescente,Nublado,Múltipla,Desvio Temporário,-23.45057,-46.46258,DEL01-SP,Risco Baixo,Alta
terça-feira,BR-282,335.0,Pleno dia,Decrescente,Céu Claro,Simples,Reta,-27.39233,-51.1558,DEL07-SC,Risco Médio,Baixa
sexta-feira,BR-101,321.0,Plena Noite,Decrescente,Nublado,Dupla,Reta,-22.86981,-43.11046,DEL02-RJ,Risco Baixo,Alta
domingo,BR-365,569.4,Plena Noite,Crescente,Chuva,Simples,Desvio Temporário,-18.91312,-47.8629,DEL15-MG,Risco Baixo,Média
sábado,BR-40,275.0,Pleno dia,Decrescente,Céu Claro,Simples,Reta,-18.19953,-45.23763,DEL14-MG,Risco Médio,Alta
domingo,BR-101,358.1,Pleno dia,Crescente,Nublado,Dupla,Curva,-28.63998,-49.09859,DEL02-SC,Risco Baixo,Alta
terça-feira,BR-116,222.0,Anoitecer,Crescente,Céu Claro,Simples,Curva,-22.67395,-43.81763,DEL07-RJ,Risco Médio,Alta
quarta-feira,BR-428,97.9,Pleno dia,Decrescente,Sol,Simples,Reta,-8.824011,-39.93484,DEL06-PE,Risco Médio,Baixa
terça-feira,BR-470,55.0,Pleno dia,Crescente,Nublado,Simples,Reta,-26.86996,-49.1059,DEL04-SC,Risco Médio,Baixa
sábado,BR-381,683.8,Plena Noite,Crescente,Céu Claro,Dupla,Reta,-21.17656,-45.12506,DEL04-MG,Risco Baixo,Alta
domingo,BR-70,329.0,Pleno dia,Crescente,Céu Claro,Simples,Reta,-15.51847,-54.74097,DEL05-MT,Risco Médio,Baixa
domingo,BR-407,425.0,Plena Noite,Crescente,Céu Claro,Simples,Reta,-7.094478,-41.42313,DEL04-PI,Risco Médio,Baixa
quinta-feira,BR-40,520.0,Plena Noite,Crescente,Céu Claro,Simples,Reta,-19.84762,-44.07276,DEL01-MG,Risco Médio,Alta
sábado,BR-158,267.0,Plena Noite,Decrescente,Nublado,Dupla,Reta,-17.91764,-51.68441,DEL05-GO,Risco Baixo,Baixa
segunda-feira,BR-101,483.0,Plena Noite,Decrescente,Céu Claro,Dupla,Curva,-22.99719,-44.30136,DEL03-RJ,Risco Médio,Alta
sexta-feira,BR-381,375.8,Plena Noite,Decrescente,Céu Claro,Simples,Curva,-19.83666,-43.33682,DEL01-MG,Risco Médio,Alta
domingo,BR-277,677.0,Plena Noite,Decrescente,Céu Claro,Dupla,Reta,-25.30759,-54.14057,DEL05-PR,Risco Médio,Média
quarta-feira,BR-304,199.9,Plena Noite,Decrescente,Céu Claro,Simples,Não Informado,-5.726101,-36.16531,DEL01-RN,Risco Alto,Baixa
quarta-feira,BR-116,39.9,Pleno dia,Crescente,Nublado,Dupla,Reta,-25.15617,-48.86134,DEL01-PR,Risco Alto,Alta
quinta-feira,BR-101,137.0,Plena Noite,Crescente,Céu Claro,Simples,Reta,-9.802605,-36.11277,DEL02-AL,Risco Baixo,Alta
domingo,BR-101,140.6,Pleno dia,Crescente,Chuva,Dupla,Curva,-27.04229,-48.60092,DEL04-SC,Risco Baixo,Alta
terça-feira,BR-101,269.3,Plena Noite,Decrescente,Céu Claro,Dupla,Curva,-28.1196,-48.6984,DEL02-SC,Risco Médio,Alta
quarta-feira,BR-280,280.2,Pleno dia,Decrescente,Céu Claro,Simples,Reta,-26.29669,-50.82876,DEL06-SC,Risco Médio,Baixa
sexta-feira,BR-153,102.0,Pleno dia,Crescente,Nublado,Simples,Reta,-19.25785,-48.92413,DEL15-MG,Risco Baixo,Alta
sexta-feira,BR-376,420.0,Pleno dia,Crescente,Sol,Dupla,Não Informado,-24.71688,-50.54081,DEL03-PR,Risco Médio,Baixa
quinta-feira,BR-40,61.7,Pleno dia,Crescente,Céu Claro,Dupla,Curva,-22.40876,-43.1496,DEL06-RJ,Risco Médio,Alta
sexta-feira,BR-251,493.0,Pleno dia,Decrescente,Nublado,Simples,Curva,-16.55006,-43.60262,DEL12-MG,Risco Médio,Baixa
terça-feira,BR-285,467.0,Pleno dia,Crescente,Sol,Simples,Reta,-28.3991,-53.9592,DEL10-RS,Risco Médio,Baixa
segunda-feira,BR-50,71.0,Pleno dia,Decrescente,Céu Claro,Dupla,Reta,-18.89461,-48.24941,DEL15-MG,Risco Médio,Média
domingo,BR-376,176.0,Plena Noite,Crescente,Garoa/Chuvisco,Dupla,Interseção de vias,-23.41269,-51.93158,DEL09-PR,Risco Baixo,Baixa
sábado,BR-101,527.0,Pleno dia,Crescente,Céu Claro,Simples,Curva,-23.01863,-44.49246,DEL03-RJ,Risco Médio,Alta
sábado,BR-230,20.0,Pleno dia,Crescente,Céu Claro,Múltipla,Reta,-7.1337,-34.8544,DEL01-PB,Risco Médio,Baixa
quinta-feira,BR-482,110.0,Plena Noite,Crescente,Garoa/Chuvisco,Simples,Curva,-20.79418,-41.70129,DEL03-ES,Risco Médio,Baixa
sexta-feira,BR-40,501.2,Plena Noite,Decrescente,Chuva,Dupla,Reta,-19.70736,-44.16737,DEL02-MG,Risco Médio,Alta
terça-feira,BR-376,174.4,Pleno dia,Crescente,Céu Claro,Dupla,Interseção de vias,-23.41607,-51.95453,DEL09-PR,Risco Médio,Baixa
segunda-feira,BR-116,124.0,Pleno dia,Crescente,Nublado,Dupla,Reta,-25.62644,-49.3147,DEL01-PR,Risco Baixo,Alta
sábado,BR-381,502.0,Plena Noite,Decrescente,Céu Claro,Dupla,Reta,-20.0362,-44.24586,DEL01-MG,Risco Médio,Alta
sábado,BR-60,80.5,Pleno dia,Crescente,Céu Claro,Dupla,Reta,-16.30838,-48.82435,DEL02-GO,Risco Baixo,Média
sábado,BR-116,412.0,Pleno dia,Crescente,Céu Claro,Dupla,Reta,-18.85158,-41.9498,DEL06-MG,Risco Médio,Alta
domingo,BR-70,10.1,Pleno dia,Decrescente,Céu Claro,Dupla,Não Informado,-15.78462,-48.13202,DEL01-DF,Risco Baixo,Baixa
sexta-feira,BR-40,6.4,Plena Noite,Crescente,Céu Claro,Dupla,Não Informado,-16.10081,-47.97735,DEL01-DF,Risco Médio,Alta
sábado,BR-101,70.0,Pleno dia,Decrescente,Céu Claro,Simples,Curva,-8.067048,-34.93863,DEL01-PE,Risco Médio,Alta
sexta-feira,BR-376,5.0,Pleno dia,Decrescente,Céu Claro,Dupla,Curva,-23.5513,-51.46127,DEL07-PR,Risco Médio,Baixa
sábado,BR-407,3.1,Plena Noite,Crescente,Céu Claro,Simples,Reta,-9.43134,-40.49823,DEL06-PE,Risco Médio,Baixa
quarta-feira,BR-116,0.0,Pleno dia,Decrescente,Céu Claro,Dupla,Reta,-3.764801,-38.51842,DEL01-CE,Risco Médio,Alta
sábado,BR-381,913.0,Plena Noite,Decrescente,Nublado,Simples,Retorno Regulamentado,-22.71378,-46.12181,DEL16-MG,Risco Baixo,Alta
terça-feira,BR-50,71.0,Pleno dia,Decrescente,Céu Claro,Dupla,Reta,-18.89097,-48.25702,DEL15-MG,Risco Médio,Média
sexta-feira,BR-101,367.9,Plena Noite,Decrescente,Nublado,Simples,Curva,-20.74481,-40.76021,DEL03-ES,Risco Médio,Alta
segunda-feira,BR-364,493.0,Pleno dia,Decrescente,Céu Claro,Simples,Reta,-15.2468,-56.4747,DEL01-MT,Risco Baixo,Alta
quarta-feira,BR-280,26.0,Plena Noite,Decrescente,Nublado,Simples,Reta,-26.38972,-48.73412,DEL03-SC,Risco Médio,Baixa
segunda-feira,BR-262,381.8,Pleno dia,Crescente,Chuva,Múltipla,Curva,-19.93749,-44.44602,DEL01-MG,Risco Médio,Média
quinta-feira,BR-101,58.0,Pleno dia,Crescente,Chuva,Dupla,Reta,-29.6636,-50.1349,DEL03-RS,Risco Baixo,Alta
domingo,BR-277,298.2,Amanhecer,Decrescente,Céu Claro,Simples,Curva,-25.29302,-51.13126,DEL03-PR,Risco Médio,Média
sábado,BR-116,166.9,Plena Noite,Crescente,Céu Claro,Múltipla,Reta,-22.80125,-43.3516,DEL01-RJ,Risco Baixo,Alta
terça-feira,BR-70,275.0,Pleno dia,Crescente,Céu Claro,Simples,Reta,-15.54957,-54.2539,DEL05-MT,Risco Médio,Baixa
sábado,BR-381,183.7,Plena Noite,Crescente,Céu Claro,Simples,Curva,-19.03161,-42.14905,DEL06-MG,Risco Médio,Alta
sexta-feira,BR-40,524.3,Pleno dia,Crescente,Céu Claro,Dupla,Reta,-19.87545,-44.05346,DEL01-MG,Risco Baixo,Alta
segunda-feira,BR-343,13.6,Pleno dia,Crescente,Céu Claro,Dupla,Reta,-2.919029,-41.75412,DEL05-PI,Risco Médio,Baixa
sábado,BR-304,68.0,Plena Noite,Decrescente,Nublado,Simples,Interseção de vias,-5.386368,-37.23428,DEL04-RN,Risco Médio,Baixa
domingo,BR-343,2.2,Plena Noite,Decrescente,Céu Claro,Dupla,Reta,-5.089569,-42.80229,DEL01-PI,Risco Médio,Baixa
quarta-feira,BR-376,73.0,Plena Noite,Decrescente,Céu Claro,Simples,Reta,-22.94614,-52.71834,DEL09-PR,Risco Médio,Baixa
domingo,BR-101,310.0,Plena Noite,Decrescente,Céu Claro,Dupla,Reta,-22.7967,-43.0431,DEL02-RJ,Risco Médio,Alta
sexta-feira,BR-116,146.8,Pleno dia,Crescente,Céu Claro,Dupla,Interseção de vias,-29.14229,-51.13622,DEL05-RS,Risco Médio,Alta
sexta-feira,BR-324,619.0,Plena Noite,Decrescente,Céu Claro,Dupla,Reta,-12.89618,-38.44852,DEL01-BA,Risco Médio,Baixa
quinta-feira,BR-40,576.0,Pleno dia,Decrescente,Chuva,Simples,Retorno Regulamentado,-20.25659,-43.96098,DEL01-MG,Risco Médio,Alta
sexta-feira,BR-476,138.8,Plena Noite,Decrescente,Chuva,Múltipla,Reta,-25.51169,-49.28814,DEL01-PR,Risco Médio,Baixa
terça-feira,BR-242,866.0,Plena Noite,Crescente,Céu Claro,Simples,Reta,-12.07058,-45.63828,DEL10-BA,Risco Baixo,Baixa
quinta-feira,BR-153,50.5,Anoitecer,Crescente,Chuva,Simples,Rotatória,-27.65623,-52.27555,DEL08-RS,Risco Médio,Alta
quarta-feira,BR-287,275.2,Anoitecer,Crescente,Sol,Simples,Reta,-29.66189,-54.12517,DEL09-RS,Risco Médio,Baixa
domingo,BR-262,190.0,Plena Noite,Decrescente,Céu Claro,Simples,Reta,-19.88232,-43.06905,DEL03-MG,Risco Médio,Média
sábado,BR-101,81.6,Pleno dia,Crescente,Nublado,Múltipla,Reta,-26.60256,-48.72554,DEL03-SC,Risco Baixo,Alta
quarta-feira,BR-153,498.0,Pleno dia,Decrescente,Nublado,Múltipla,Curva,-16.6939,-49.2321,DEL01-GO,Risco Médio,Alta
quinta-feira,BR-376,490.7,Pleno dia,Decrescente,Nublado,Dupla,Desvio Temporário,-25.10654,-50.19302,DEL03-PR,Risco Baixo,Baixa
quarta-feira,BR-101,91.0,Plena Noite,Decrescente,Chuva,Dupla,Curva,-21.85124,-41.52048,DEL08-RJ,Risco Médio,Alta
segunda-feira,BR-316,45.0,Plena Noite,Decrescente,Nublado,Simples,Reta,-1.9748,-46.0046,DEL02-MA,Risco Baixo,Baixa
sábado,BR-116,222.0,Anoitecer,Crescente,Garoa/Chuvisco,Múltipla,Reta,-23.47093,-46.51631,DEL01-SP,Risco Médio,Alta
domingo,BR-116,783.0,Pleno dia,Decrescente,Céu Claro,Simples,Curva,-21.63129,-42.69874,DEL07-MG,Risco Médio,Alta
segunda-feira,BR-364,20.0,Plena Noite,Decrescente,Céu Claro,Simples,Reta,-12.72596,-60.19277,DEL04-RO,Risco Médio,Alta
quinta-feira,BR-290,85.7,Plena Noite,Decrescente,Céu Claro,Múltipla,Curva,-29.96882,-51.11305,DEL01-RS,Risco Médio,Baixa
segunda-feira,BR-381,495.7,Pleno dia,Decrescente,Céu Claro,Dupla,Interseção de vias,-19.97502,-44.1898,DEL01-MG,Risco Médio,Alta
sábado,BR-230,24.0,Plena Noite,Decrescente,Céu Claro,Dupla,Curva,-7.170556,-34.86629,DEL01-PB,Risco Médio,Baixa
segunda-feira,BR-163,555.6,Pleno dia,Crescente,Sol,Simples,Reta,-19.85639,-54.36898,DEL01-MS,Risco Médio,Alta
sábado,BR-230,64.2,Plena Noite,Crescente,Céu Claro,Dupla,Reta,-7.1909,-35.18322,DEL01-PB,Risco Médio,Baixa
domingo,BR-116,41.0,Plena Noite,Crescente,Céu Claro,Dupla,Não Informado,-22.68773,-45.01671,DEL08-SP,Risco Alto,Alta
sábado,BR-101,257.1,Anoitecer,Decrescente,Chuva,Múltipla,Não Informado,-27.99896,-48.68887,DEL02-SC,Risco Médio,Alta
quinta-feira,BR-116,258.0,Pleno dia,Decrescente,Céu Claro,Dupla,Não Informado,-29.86158,-51.18091,DEL01-RS,Risco Médio,Alta
sábado,BR-101,113.5,Pleno dia,Crescente,Céu Claro,Simples,Reta,-19.08668,-40.04692,DEL04-ES,Risco Médio,Alta
segunda-feira,BR-116,11.4,Plena Noite,Crescente,Céu Claro,Simples,Reta,-14.87014,-40.87163,DEL08-BA,Risco Alto,Alta
terça-feira,BR-50,23.8,Pleno dia,Crescente,Garoa/Chuvisco,Dupla,Não Informado,-18.61343,-48.08076,DEL15-MG,Risco Médio,Média
domingo,BR-116,586.0,Pleno dia,Decrescente,Sol,Simples,Reta,-20.23901,-42.16141,DEL06-MG,Risco Médio,Alta
sábado,BR-116,147.1,Plena Noite,Decrescente,Nublado,Dupla,Reta,-23.19543,-45.87176,DEL02-SP,Risco Médio,Alta
domingo,BR-262,427.2,Pleno dia,Crescente,Nublado,Dupla,Não Informado,-19.894,-44.84438,DEL08-MG,Risco Baixo,Média
segunda-feira,BR-153,321.0,Pleno dia,Decrescente,Céu Claro,Simples,Interseção de vias,-22.77861,-49.88589,DEL07-SP,Risco Baixo,Alta
sábado,BR-163,37.0,Anoitecer,Decrescente,Céu Claro,Simples,Curva,-26.0559,-53.7264,DEL02-PR,Risco Baixo,Alta
quinta-feira,BR-116,440.0,Pleno dia,Crescente,Chuva,Dupla,Reta,-12.3423,-39.0826,DEL02-BA,Risco Baixo,Alta
sábado,BR-324,371.0,Plena Noite,Crescente,Céu Claro,Simples,Reta,-11.43088,-39.87265,DEL04-BA,Risco Médio,Baixa
sexta-feira,BR-101,61.0,Pleno dia,Decrescente,Céu Claro,Simples,Reta,-18.68153,-39.86365,DEL04-ES,Risco Baixo,Alta
domingo,BR-393,210.0,Plena Noite,Crescente,Nublado,Simples,Reta,-22.25997,-43.44769,DEL05-RJ,Risco Médio,Média
terça-feira,BR-116,177.2,Pleno dia,Crescente,Céu Claro,Dupla,Reta,-22.75278,-43.43685,DEL01-RJ,Risco Médio,Alta
sábado,BR-364,703.0,Plena Noite,Crescente,Céu Claro,Dupla,Retorno Regulamentado,-8.800171,-63.79714,DEL01-RO,Risco Médio,Alta
segunda-feira,BR-470,89.0,Plena Noite,Crescente,Chuva,Simples,Ponte,-26.94799,-49.36536,DEL04-SC,Risco Médio,Baixa
sexta-feira,BR-116,467.0,Pleno dia,Decrescente,Céu Claro,Dupla,Reta,-24.64935,-47.93125,DEL05-SP,Risco Médio,Alta
segunda-feira,BR-319,59.0,Anoitecer,Crescente,Céu Claro,Dupla,Interseção de vias,-8.766685,-63.88405,DEL01-RO,Risco Médio,Baixa
sábado,BR-369,193.6,Plena Noite,Decrescente,Céu Claro,Dupla,Reta,-23.51018,-51.4261,DEL07-PR,Risco Médio,Baixa
quinta-feira,BR-470,153.0,Pleno dia,Decrescente,Céu Claro,Simples,Não Informado,-28.77133,-51.61788,DEL06-RS,Risco Baixo,Baixa
terça-feira,BR-381,404.5,Plena Noite,Crescente,Céu Claro,Simples,Não Informado,-19.74654,-43.54764,DEL01-MG,Risco Médio,Alta
segunda-feira,BR-251,415.8,Plena Noite,Crescente,Céu Claro,Simples,Reta,-16.2964,-43.04221,DEL12-MG,Risco Médio,Baixa
quinta-feira,BR-407,2.0,Plena Noite,Crescente,Chuva,Simples,Reta,-9.424566,-40.50614,DEL06-PE,Risco Médio,Baixa
quinta-feira,BR-282,518.6,Pleno dia,Crescente,Chuva,Simples,Reta,-26.94558,-52.51337,DEL07-SC,Risco Médio,Baixa
segunda-feira,BR-101,271.0,Plena Noite,Crescente,Céu Claro,Dupla,Curva,-22.72443,-42.69368,DEL02-RJ,Risco Médio,Alta
sábado,BR-116,218.2,Pleno dia,Decrescente,Nublado,Múltipla,Reta,-23.45953,-46.48439,DEL01-SP,Risco Médio,Alta
quarta-feira,BR-40,595.1,Pleno dia,Crescente,Sol,Simples,Reta,-20.40898,-43.89602,DEL05-MG,Risco Baixo,Alta
segunda-feira,BR-226,175.7,Plena Noite,Decrescente,Céu Claro,Dupla,Reta,-6.257745,-36.51017,DEL03-RN,Risco Médio,Baixa
sábado,BR-116,263.0,Plena Noite,Decrescente,Garoa/Chuvisco,Múltipla,Reta,-29.90628,-51.17682,DEL01-RS,Risco Médio,Alta
sexta-feira,BR-356,268.9,Plena Noite,Decrescente,Céu Claro,Simples,Não Informado,-21.12666,-42.3331,DEL07-MG,Risco Alto,Baixa
domingo,BR-153,214.6,Plena Noite,Decrescente,Céu Claro,Simples,Reta,-20.10424,-49.09243,DEL13-MG,Risco Médio,Alta
sexta-feira,BR-60,91.2,Plena Noite,Decrescente,Céu Claro,Dupla,Não Informado,-16.3491,-48.9095,DEL02-GO,Risco Médio,Média
sexta-feira,BR-116,178.0,Pleno dia,Crescente,Céu Claro,Dupla,Reta,-23.32767,-46.12811,DEL01-SP,Risco Médio,Alta
terça-feira,BR-101,115.5,Pleno dia,Decrescente,Céu Claro,Dupla,Reta,-8.3434,-35.1453,DEL01-PE,Risco Médio,Alta
sexta-feira,BR-101,135.0,Pleno dia,Crescente,Nublado,Dupla,Interseção de vias,-27.0081,-48.617,DEL04-SC,Risco Médio,Alta
terça-feira,BR-343,326.5,Plena Noite,Decrescente,Garoa/Chuvisco,Simples,Interseção de vias,-5.071794,-42.73407,DEL01-PI,Risco Baixo,Baixa
segunda-feira,BR-104,39.9,Pleno dia,Crescente,Céu Claro,Dupla,Reta,-8.0861,-36.0377,DEL02-PE,Risco Médio,Baixa
quarta-feira,BR-101,155.0,Plena Noite,Decrescente,Garoa/Chuvisco,Simples,Reta,-27.1719,-48.6115,DEL04-SC,Risco Médio,Alta
quarta-feira,BR-476,132.0,Pleno dia,Crescente,Céu Claro,Múltipla,Reta,-25.44956,-49.23643,DEL01-PR,Risco Médio,Baixa
quinta-feira,BR-60,117.4,Anoitecer,Crescente,Céu Claro,Dupla,Reta,-16.4789,-49.0864,DEL01-GO,Risco Médio,Média
sábado,BR-163,744.0,Pleno dia,Crescente,Nublado,Simples,Curva,-18.39626,-54.67045,DEL06-MS,Risco Médio,Alta
terça-feira,BR-365,625.7,Pleno dia,Crescente,Céu Claro,Dupla,Ponte,-18.91031,-48.30609,DEL15-MG,Risco Alto,Média
sábado,BR-386,284.6,Plena Noite,Crescente,Nevoeiro/Neblina,Simples,Reta,-29.05061,-52.29258,DEL04-RS,Risco Médio,Média