dia_semana,br,km,fase_dia,sentido_via,condicao_metereologica,tipo_pista,tracado_via,latitude,longitude,delegacia,classificacao_acidente,postos_policiais_PRF
domingo,BR-101,53.4,Plena Noite,Decrescente,Céu Claro,Simples,Reta,-5.553828,-35.30674,DEL02-RN,Risco Médio,Alta
sábado,BR-470,2.0,Pleno dia,Crescente,Ignorado,Múltipla,Reta,-26.86855,-48.67483,DEL04-SC,Risco Médio,Baixa
sábado,BR-230,5.0,Plena Noite,Crescente,Céu Claro,Dupla,Não Informado,-7.01,-34.8312,DEL01-PB,Risco Médio,Baixa
segunda-feira,BR-280,153.8,Plena Noite,Decrescente,Chuva,Simples,Curva,-26.2497,-49.65434,DEL06-SC,Risco Baixo,Baixa
segunda-feira,BR-277,43.8,Pleno dia,Decrescente,Céu Claro,Dupla,Curva,-25.59389,-48.88398,DEL01-PR,Risco Baixo,Média
sábado,BR-116,106.0,Plena Noite,Crescente,Nublado,Dupla,Reta,-25.57009,-49.21875,DEL01-PR,Risco Médio,Alta
sexta-feira,BR-135,4.8,Pleno dia,Crescente,Céu Claro,Dupla,Reta,-2.614249,-44.25257,DEL01-MA,Risco Baixo,Baixa
segunda-feira,BR-116,278.0,Pleno dia,Decrescente,Céu Claro,Dupla,Interseção de vias,-23.65508,-46.84919,DEL04-SP,Risco Alto,Alta
sábado,BR-412,139.3,Pleno dia,Crescente,Céu Claro,Simples,Reta,-7.860961,-37.08315,DEL02-PB,Risco Alto,Baixa
domingo,BR-381,918.0,Plena Noite,Decrescente,Céu Claro,Simples,Curva,-22.75535,-46.1491,DEL16-MG,Risco Médio,Alta
sábado,BR-116,147.6,Plena Noite,Crescente,Chuva,Dupla,Reta,-29.1517,-51.14759,DEL05-RS,Risco Baixo,Alta
terça-feira,BR-101,284.0,Pleno dia,Crescente,Céu Claro,Múltipla,Não Informado,-20.24335,-40.36969,DEL01-ES,Risco Médio,Alta
sábado,BR-101,246.6,Plena Noite,Crescente,Nublado,Dupla,Reta,-27.91588,-48.65271,DEL02-SC,Risco Médio,Alta
domingo,BR-277,627.0,Plena Noite,Decrescente,Céu Claro,Simples,Curva,-25.11142,-53.76735,DEL05-PR,Risco Médio,Média
sexta-feira,BR-316,255.4,Plena Noite,Decrescente,Céu Claro,Simples,Reta,-9.59072,-35.94138,DEL02-AL,Risco Médio,Baixa
sexta-feira,BR-116,269.1,Plena Noite,Decrescente,Garoa/Chuvisco,Simples,Não Informado,-17.79509,-41.50201,DEL11-MG,Risco Médio,Alta
quinta-feira,BR-101,68.5,Plena Noite,Crescente,Céu Claro,Dupla,Reta,-8.071628,-34.93895,DEL01-PE,Risco Médio,Alta
terça-feira,BR-364,265.0,Anoitecer,Decrescente,Céu Claro,Dupla,Reta,-16.0044,-54.92002,DEL02-MT,Risco Médio,Alta
domingo,BR-282,603.8,Pleno dia,Crescente,Sol,Simples,Não Informado,-26.79488,-53.1932,DEL07-SC,Risco Médio,Baixa
sábado,BR-468,79.9,Pleno dia,Crescente,Céu Claro,Simples,Reta,-27.63421,-53.85769,DEL08-RS,Risco Médio,Baixa
quarta-feira,BR-101,207.8,Pleno dia,Crescente,Céu Claro,Múltipla,Reta,-27.60182,-48.62758,DEL01-SC,Risco Baixo,Alta
domingo,BR-50,176.0,Anoitecer,Decrescente,Céu Claro,Dupla,Reta,-19.7793,-47.9605,DEL13-MG,Risco Médio,Média
sexta-feira,BR-376,232.3,Pleno dia,Crescente,Céu Claro,Dupla,Não Informado,-23.56824,-51.5144,DEL07-PR,Risco Médio,Baixa
sábado,BR-235,11.0,Pleno dia,Decrescente,Nublado,Simples,Curva,-10.8787,-37.14913,DEL01-SE,Risco Baixo,Baixa
domingo,BR-262,19.7,Pleno dia,Decrescente,Nublado,Simples,Reta,-20.3879,-40.49491,DEL01-ES,Risco Baixo,Média
segunda-feira,BR-493,15.0,Pleno dia,Crescente,Céu Claro,Simples,Reta,-22.6658,-42.99104,DEL04-RJ,Risco Médio,Baixa
terça-feira,BR-116,454.0,Plena Noite,Crescente,Céu Claro,Dupla,Reta,-24.56704,-47.8745,DEL05-SP,Risco Médio,Alta
sábado,BR-470,81.8,Pleno dia,Decrescente,Céu Claro,Simples,Curva,-26.95938,-49.32477,DEL04-SC,Risco Médio,Baixa
sexta-feira,BR-116,214.0,Anoitecer,Decrescente,Céu Claro,Múltipla,Reta,-23.44333,-46.44531,DEL01-SP,Risco Médio,Alta
domingo,BR-101,212.0,Pleno dia,Decrescente,Céu Claro,Simples,Reta,-12.6094,-39.07826,DEL01-BA,Risco Baixo,Alta
quinta-feira,BR-282,534.8,Pleno dia,Crescente,Céu Claro,Simples,Viaduto,-26.99922,-52.64599,DEL07-SC,Risco Médio,Baixa
segunda-feira,BR-280,22.1,Pleno dia,Crescente,Garoa/Chuvisco,Simples,Reta,-26.37093,-48.70204,DEL03-SC,Risco Alto,Baixa
segunda-feira,BR-316,6.0,Plena Noite,Crescente,Céu Claro,Simples,Rotatória,-5.1525,-42.7728,DEL01-PI,Risco Baixo,Baixa
segunda-feira,BR-101,331.0,Pleno dia,Decrescente,Céu Claro,Simples,Curva,-20.60605,-40.50587,DEL03-ES,Risco Médio,Alta
domingo,BR-60,44.9,Plena Noite,Decrescente,Céu Claro,Dupla,Rotatória,-16.77865,-49.29106,DEL01-GO,Risco Médio,Média
quarta-feira,BR-101,70.1,Pleno dia,Decrescente,Céu Claro,Dupla,Reta,-8.069986,-34.93984,DEL01-PE,Risco Médio,Alta
sábado,BR-369,187.8,Pleno dia,Crescente,Céu Claro,Simples,Reta,-23.43033,-51.42273,DEL07-PR,Risco Médio,Baixa
sexta-feira,BR-101,77.3,Plena Noite,Crescente,Nublado,Dupla,Não Informado,-8.126982,-34.94386,DEL01-PE,Risco Médio,Alta
sexta-feira,BR-153,74.0,Plena Noite,Crescente,Chuva,Dupla,Reta,-20.88539,-49.42676,DEL09-SP,Risco Médio,Alta
quinta-feira,BR-316,144.7,Plena Noite,Decrescente,Céu Claro,Simples,Reta,-8.093369,-39.56802,DEL05-PE,Risco Baixo,Baixa
quinta-feira,BR-356,110.9,Amanhecer,Crescente,Chuva,Simples,Curva,-21.563,-41.45022,DEL08-RJ,Risco Baixo,Baixa
quarta-feira,BR-116,424.0,Pleno dia,Decrescente,Céu Claro,Simples,Reta,-12.24148,-38.98376,DEL02-BA,Risco Médio,Alta
segunda-feira,BR-285,175.5,Amanhecer,Decrescente,Nublado,Simples,Reta,-28.30839,-51.36595,DEL08-RS,Risco Médio,Baixa
segunda-feira,BR-290,4.3,Amanhecer,Crescente,Céu Claro,Dupla,Reta,-29.89813,-50.31419,DEL03-RS,Risco Médio,Baixa
domingo,BR-153,63.6,Anoitecer,Crescente,Céu Claro,Simples,Reta,-26.99488,-51.87051,DEL07-SC,Risco Médio,Alta
quinta-feira,BR-324,528.0,Amanhecer,Decrescente,Nevoeiro/Neblina,Dupla,Reta,-12.3211,-38.8711,DEL01-BA,Risco Baixo,Baixa
quinta-feira,BR-116,483.9,Plena Noite,Crescente,Céu Claro,Simples,Reta,-19.42037,-42.11923,DEL06-MG,Risco Baixo,Alta
terça-feira,BR-163,528.0,Anoitecer,Crescente,Nublado,Simples,Não Informado,-20.0929,-54.43568,DEL01-MS,Risco Médio,Alta
sexta-feira,BR-277,73.0,Plena Noite,Crescente,Nublado,Dupla,Reta,-25.52124,-49.10648,DEL01-PR,Risco Médio,Média
segunda-feira,BR-101,120.0,Anoitecer,Crescente,Céu Claro,Dupla,Reta,-26.91276,-48.712,DEL04-SC,Risco Médio,Alta
sábado,BR-10,158.0,Amanhecer,Crescente,Céu Claro,Simples,Reta,-6.338332,-47.37283,DEL04-MA,Risco Baixo,Baixa
sábado,BR-470,39.2,Pleno dia,Decrescente,Céu Claro,Simples,Reta,-26.89734,-48.98688,DEL04-SC,Risco Médio,Baixa
domingo,BR-101,289.0,Pleno dia,Crescente,Céu Claro,Dupla,Reta,-22.7472,-42.8585,DEL02-RJ,Risco Médio,Alta
terça-feira,BR-101,66.0,Pleno dia,Crescente,Chuva,Simples,Curva,-21.7609,-41.34789,DEL08-RJ,Risco Médio,Alta
quinta-feira,BR-470,58.7,Pleno dia,Decrescente,Nublado,Simples,Curva,-26.88334,-49.15253,DEL04-SC,Risco Médio,Baixa
sexta-feira,BR-393,282.9,Pleno dia,Decrescente,Céu Claro,Simples,Reta,-22.48401,-44.06342,DEL05-RJ,Risco Médio,Média
segunda-feira,BR-116,507.4,Pleno dia,Crescente,Sol,Simples,Curva,-7.54187,-39.01451,DEL05-CE,Risco Médio,Alta
terça-feira,BR-40,514.0,Pleno dia,Crescente,Céu Claro,Dupla,Reta,-19.80441,-44.09815,DEL01-MG,Risco Médio,Alta
sexta-feira,BR-101,115.9,Pleno dia,Decrescente,Céu Claro,Dupla,Reta,-26.87064,-48.72954,DEL04-SC,Risco Médio,Alta
segunda-feira,BR-101,145.6,Pleno dia,Crescente,Nublado,Dupla,Não Informado,-27.08139,-48.60131,DEL04-SC,Risco Médio,Alta
quinta-feira,BR-386,444.0,Plena Noite,Crescente,Nublado,Dupla,Reta,-29.8911,-51.20306,DEL01-RS,Risco Médio,Média
terça-feira,BR-101,268.5,Pleno dia,Crescente,Nublado,Dupla,Reta,-20.20842,-40.2694,DEL02-ES,Risco Médio,Alta
segunda-feira,BR-101,25.0,Pleno dia,Decrescente,Céu Claro,Simples,Reta,-10.4001,-36.918,DEL02-SE,Risco Médio,Alta
quarta-feira,BR-262,802.0,Plena Noite,Crescente,Céu Claro,Dupla,Não Informado,-19.77923,-47.96484,DEL13-MG,Risco Médio,Média
sábado,BR-381,56.0,Pleno dia,Decrescente,Céu Claro,Simples,Não Informado,-23.25907,-46.58983,DEL03-SP,Risco Baixo,Alta
sexta-feira,BR-158,272.3,Amanhecer,Crescente,Céu Claro,Simples,Reta,-17.91434,-51.68871,DEL05-GO,Risco Baixo,Baixa
segunda-feira,BR-40,378.9,Plena Noite,Crescente,Céu Claro,Simples,Reta,-18.8649,-44.73658,DEL02-MG,Risco Médio,Alta
domingo,BR-40,740.9,Plena Noite,Decrescente,Nublado,Simples,Não Informado,-21.39954,-43.56507,DEL05-MG,Risco Médio,Alta
quinta-feira,BR-101,245.0,Pleno dia,Crescente,Sol,Simples,Reta,-10.18344,-36.82898,DEL02-AL,Risco Alto,Alta
sábado,BR-50,263.0,Plena Noite,Crescente,Céu Claro,Dupla,Reta,-18.05623,-47.86336,DEL06-GO,Risco Médio,Média
quarta-feira,BR-101,214.0,Pleno dia,Decrescente,Céu Claro,Dupla,Não Informado,-27.64443,-48.67057,DEL01-SC,Risco Baixo,Alta
segunda-feira,BR-364,198.0,Plena Noite,Decrescente,Céu Claro,Dupla,Retorno Regulamentado,-16.50621,-54.62295,DEL02-MT,Risco Médio,Alta
sexta-feira,BR-70,14.5,Plena Noite,Crescente,Céu Claro,Dupla,Não Informado,-15.79019,-48.21425,DEL01-DF,Risco Médio,Baixa
quinta-feira,BR-282,589.0,Pleno dia,Crescente,Sol,Simples,Reta,-26.8254,-53.0679,DEL07-SC,Risco Médio,Baixa
sábado,BR-101,719.0,Pleno dia,Crescente,Céu Claro,Simples,Reta,-16.3807,-39.5834,DEL09-BA,Risco Médio,Alta
sábado,BR-230,9.0,Plena Noite,Decrescente,Chuva,Dupla,Não Informado,-7.0433,-34.8466,DEL01-PB,Risco Baixo,Baixa
domingo,BR-493,19.0,Plena Noite,Decrescente,Chuva,Simples,Reta,-22.66638,-43.0277,DEL02-RJ,Risco Baixo,Baixa
domingo,BR-470,219.4,Pleno dia,Decrescente,Céu Claro,Simples,Não Informado,-29.19314,-51.52112,DEL06-RS,Risco Médio,Baixa
segunda-feira,BR-60,309.8,Pleno dia,Decrescente,Chuva,Dupla,Curva,-17.41234,-50.40952,DEL04-GO,Risco Médio,Média
sábado,BR-101,206.0,Plena Noite,Crescente,Chuva,Dupla,Reta,-27.59194,-48.61825,DEL01-SC,Risco Médio,Alta
sexta-feira,BR-163,308.1,Anoitecer,Decrescente,Nublado,Simples,Reta,-21.91069,-54.53392,DEL02-MS,Risco Alto,Alta
sexta-feira,BR-230,25.0,Pleno dia,Decrescente,Céu Claro,Múltipla,Não Informado,-7.1707,-34.8684,DEL01-PB,Risco Médio,Baixa
sábado,BR-316,56.0,Pleno dia,Crescente,Céu Claro,Simples,Reta,-2.049263,-45.96037,DEL02-MA,Risco Médio,Baixa
quarta-feira,BR-230,24.0,Pleno dia,Decrescente,Chuva,Dupla,Reta,-7.1637,-34.8618,DEL01-PB,Risco Baixo,Baixa
segunda-feira,BR-135,18.2,Plena Noite,Crescente,Céu Claro,Simples,Reta,-2.558722,-44.34276,DEL01-MA,Risco Médio,Baixa
domingo,BR-242,755.0,Plena Noite,Decrescente,Céu Claro,Simples,Reta,-12.19653,-44.48873,DEL10-BA,Risco Médio,Baixa
domingo,BR-163,812.9,Amanhecer,Decrescente,Céu Claro,Simples,Reta,-12.18814,-55.53088,DEL06-MT,Risco Alto,Alta
quinta-feira,BR-40,470.0,Pleno dia,Decrescente,Chuva,Múltipla,Não Informado,-19.46787,-44.29556,DEL02-MG,Risco Médio,Alta
quarta-feira,BR-10,255.0,Pleno dia,Crescente,Céu Claro,Simples,Reta,-5.5148,-47.4716,DEL04-MA,Risco Médio,Baixa
domingo,BR-277,113.8,Pleno dia,Decrescente,Céu Claro,Dupla,Reta,-25.44661,-49.48947,DEL01-PR,Risco Médio,Média
quinta-feira,BR-101,252.7,Pleno dia,Decrescente,Céu Claro,Simples,Reta,-20.10148,-40.33574,DEL02-ES,Risco Médio,Alta
domingo,BR-277,495.4,Pleno dia,Crescente,Céu Claro,Simples,Reta,-25.20085,-52.65444,DEL04-PR,Risco Médio,Média
segunda-feira,BR-80,9.0,Plena Noite,Decrescente,Céu Claro,Simples,Reta,-15.73106,-48.15939,DEL01-DF,Risco Médio,Baixa
quinta-feira,BR-20,20.0,Anoitecer,Crescente,Chuva,Simples,Reta,-15.60791,-47.69279,DEL02-DF,Risco Médio,Baixa
segunda-feira,BR-116,285.0,Pleno dia,Crescente,Sol,Dupla,Curva,-22.54744,-44.18366,DEL07-RJ,Risco Médio,Alta
quarta-feira,BR-420,259.0,Plena Noite,Decrescente,Céu Claro,Simples,Reta,-12.95598,-39.26408,DEL01-BA,Risco Baixo,Baixa
sábado,BR-285,566.7,Pleno dia,Crescente,Nublado,Simples,Interseção de vias,-28.41874,-54.96396,DEL10-RS,Risco Alto,Baixa
terça-feira,BR-267,84.0,Pleno dia,Crescente,Chuva,Simples,Não Informado,-21.76836,-43.24522,DEL05-MG,Risco Médio,Baixa
quinta-feira,BR-376,218.5,Pleno dia,Decrescente,Sol,Simples,Interseção de vias,-23.59718,-51.61504,DEL09-PR,Risco Médio,Baixa
terça-feira,BR-230,396.8,Plena Noite,Decrescente,Chuva,Simples,Reta,-6.8525,-37.7424,DEL03-PB,Risco Médio,Baixa
terça-feira,BR-262,15.8,Pleno dia,Crescente,Sol,Simples,Reta,-20.81325,-51.73651,DEL07-MS,Risco Médio,Média
quarta-feira,BR-104,85.0,Plena Noite,Decrescente,Chuva,Simples,Reta,-6.951476,-35.81723,DEL02-PB,Risco Médio,Baixa
sábado,BR-20,403.0,Pleno dia,Crescente,Céu Claro,Simples,Não Informado,-3.778579,-38.68655,DEL01-CE,Risco Médio,Baixa
sexta-feira,BR-101,145.1,Pleno dia,Crescente,Céu Claro,Simples,Reta,-19.3609,-40.06464,DEL04-ES,Risco Médio,Alta
sexta-feira,BR-364,345.0,Amanhecer,Decrescente,Nublado,Dupla,Reta,-10.86885,-61.96006,DEL02-RO,Risco Médio,Alta
segunda-feira,BR-386,352.5,Pleno dia,Crescente,Sol,Dupla,Reta,-29.50569,-51.94388,DEL04-RS,Risco Médio,Média
quarta-feira,BR-40,0.8,Plena Noite,Crescente,Céu Claro,Dupla,Reta,-16.0566,-47.98267,DEL01-DF,Risco Médio,Alta
sexta-feira,BR-101,408.0,Plena Noite,Crescente,Céu Claro,Simples,Reta,-22.8839,-43.83062,DEL03-RJ,Risco Médio,Alta
domingo,BR-259,36.1,Plena Noite,Crescente,Céu Claro,Simples,Reta,-19.5613,-40.4988,DEL02-ES,Risco Médio,Baixa
sexta-feira,BR-282,5.0,Pleno dia,Decrescente,Sol,Dupla,Curva,-27.58843,-48.61292,DEL01-SC,Risco Médio,Baixa
quarta-feira,BR-470,192.0,Pleno dia,Crescente,Céu Claro,Simples,Desvio Temporário,-29.04476,-51.56709,DEL06-RS,Risco Baixo,Baixa
quarta-feira,BR-376,628.9,Plena Noite,Decrescente,Céu Claro,Dupla,Reta,-25.68859,-49.14613,DEL01-PR,Risco Médio,Baixa
quinta-feira,BR-101,269.0,Pleno dia,Decrescente,Sol,Múltipla,Não Informado,-20.2174,-40.26991,DEL02-ES,Risco Médio,Alta
sexta-feira,BR-101,103.0,Pleno dia,Decrescente,Céu Claro,Simples,Curva,-5.891518,-35.25698,DEL01-RN,Risco Médio,Alta
quarta-feira,BR-101,561.0,Plena Noite,Crescente,Chuva,Simples,Reta,-23.12268,-44.70929,DEL03-RJ,Risco Médio,Alta
quarta-feira,BR-116,411.7,Plena Noite,Decrescente,Céu Claro,Múltipla,Reta,-18.86316,-41.97407,DEL06-MG,Risco Médio,Alta
domingo,BR-158,588.8,Pleno dia,Crescente,Nublado,Simples,Reta,-14.21743,-52.18516,DEL07-MT,Risco Médio,Baixa
quarta-feira,BR-116,278.0,Plena Noite,Crescente,Céu Claro,Simples,Reta,-17.86446,-41.51574,DEL11-MG,Risco Médio,Alta
domingo,BR-116,102.0,Pleno dia,Crescente,Sol,Simples,Reta,-22.49821,-42.99844,DEL04-RJ,Risco Médio,Alta
quarta-feira,BR-364,239.0,Pleno dia,Decrescente,Sol,Simples,Reta,-11.43425,-61.46267,DEL02-RO,Risco Médio,Alta
terça-feira,BR-424,87.0,Pleno dia,Decrescente,Céu Claro,Simples,Reta,-8.874289,-36.50761,DEL03-PE,Risco Médio,Baixa
quarta-feira,BR-70,11.0,Pleno dia,Crescente,Nublado,Dupla,Reta,-15.79224,-48.15854,DEL01-DF,Risco Médio,Baixa
sábado,BR-364,143.7,Amanhecer,Decrescente,Chuva,Simples,Reta,-18.17798,-51.39342,DEL05-GO,Risco Baixo,Alta
segunda-feira,BR-101,279.0,Amanhecer,Crescente,Sol,Dupla,Reta,-22.73837,-42.76745,DEL02-RJ,Risco Médio,Alta
sábado,BR-376,118.0,Pleno dia,Crescente,Céu Claro,Simples,Reta,-23.55374,-51.66585,DEL07-PR,Risco Médio,Baixa
terça-feira,BR-365,692.0,Pleno dia,Crescente,Nublado,Simples,Não Informado,-18.86761,-49.06657,DEL15-MG,Risco Médio,Média
sábado,BR-427,2.8,Pleno dia,Decrescente,Céu Claro,Simples,Curva,-6.282889,-36.52117,DEL03-RN,Risco Médio,Baixa
quinta-feira,BR-423,28.7,Pleno dia,Decrescente,Céu Claro,Simples,Reta,-8.403402,-36.18508,DEL03-PE,Risco Médio,Baixa
sexta-feira,BR-324,353.0,Pleno dia,Decrescente,Céu Claro,Simples,Curva,-11.3807,-40.00408,DEL04-BA,Risco Médio,Baixa
quinta-feira,BR-222,8.7,Plena Noite,Decrescente,Céu Claro,Dupla,Reta,-3.737141,-38.64831,DEL01-CE,Risco Médio,Baixa
segunda-feira,BR-324,546.0,Pleno dia,Decrescente,Chuva,Dupla,Não Informado,-12.41514,-38.75158,DEL01-BA,Risco Médio,Baixa
quarta-feira,BR-116,24.2,Anoitecer,Decrescente,Nublado,Simples,Reta,-22.03065,-42.77714,DEL04-RJ,Risco Médio,Alta
quarta-feira,BR-116,25.0,Plena Noite,Decrescente,Céu Claro,Simples,Retorno Regulamentado,-15.8699,-41.4296,DEL08-BA,Risco Baixo,Alta
quarta-feira,BR-40,622.0,Pleno dia,Crescente,Nublado,Simples,Reta,-20.59391,-43.80412,DEL05-MG,Risco Médio,Alta
segunda-feira,BR-101,268.2,Plena Noite,Decrescente,Chuva,Dupla,Reta,-20.20796,-40.26939,DEL02-ES,Risco Médio,Alta
domingo,BR-316,150.0,Pleno dia,Crescente,Céu Claro,Simples,Reta,-6.119933,-42.16321,DEL04-PI,Risco Médio,Baixa
quinta-feira,BR-70,311.0,Amanhecer,Decrescente,Céu Claro,Simples,Curva,-15.55491,-54.60352,DEL05-MT,Risco Alto,Baixa
domingo,BR-116,414.0,Plena Noite,Crescente,Nublado,Simples,Ponte,-18.88296,-41.95403,DEL06-MG,Risco Médio,Alta
quarta-feira,BR-324,625.0,Pleno dia,Crescente,Céu Claro,Dupla,Não Informado,-12.94195,-38.47081,DEL01-BA,Risco Médio,Baixa
domingo,BR-116,228.0,Plena Noite,Decrescente,Céu Claro,Múltipla,Reta,-23.50519,-46.56862,DEL01-SP,Risco Médio,Alta
sábado,BR-101,914.0,Pleno dia,Crescente,Nublado,Simples,Curva,-17.82079,-39.79625,DEL09-BA,Risco Médio,Alta
segunda-feira,BR-40,111.0,Plena Noite,Crescente,Céu Claro,Múltipla,Reta,-22.69069,-43.28676,DEL01-RJ,Risco Médio,Alta
quarta-feira,BR-230,29.0,Pleno dia,Decrescente,Céu Claro,Dupla,Reta,-7.162229,-34.9032,DEL01-PB,Risco Médio,Baixa
domingo,BR-101,273.0,Pleno dia,Decrescente,Céu Claro,Múltipla,Reta,-20.22029,-40.29049,DEL02-ES,Risco Médio,Alta
quinta-feira,BR-343,0.4,Pleno dia,Crescente,Céu Claro,Dupla,Não Informado,-5.089569,-42.80229,DEL01-PI,Risco Médio,Baixa
quarta-feira,BR-386,13.0,Pleno dia,Decrescente,Nublado,Simples,Curva,-27.22401,-53.32705,DEL08-RS,Risco Baixo,Média
domingo,BR-392,351.0,Anoitecer,Decrescente,Céu Claro,Simples,Reta,-29.7306,-53.80157,DEL09-RS,Risco Alto,Média
quinta-feira,BR-70,667.9,Pleno dia,Decrescente,Nublado,Simples,Reta,-16.03044,-57.24468,DEL03-MT,Risco Médio,Baixa
quinta-feira,BR-287,291.6,Pleno dia,Crescente,Céu Claro,Simples,Reta,-29.63599,-54.28219,DEL09-RS,Risco Médio,Baixa
quinta-feira,BR-101,84.0,Pleno dia,Crescente,Céu Claro,Dupla,Reta,-5.774885,-35.25639,DEL02-RN,Risco Médio,Alta
sábado,BR-376,189.9,Pleno dia,Crescente,Chuva,Dupla,Reta,-23.47123,-51.81952,DEL09-PR,Risco Baixo,Baixa
segunda-feira,BR-20,423.0,Plena Noite,Decrescente,Nublado,Dupla,Curva,-3.857659,-38.54852,DEL01-CE,Risco Baixo,Baixa
sábado,BR-116,371.3,Plena Noite,Crescente,Céu Claro,Simples,Reta,-6.38975,-38.82386,DEL05-CE,Risco Médio,Alta
sábado,BR-381,343.0,Plena Noite,Crescente,Céu Claro,Simples,Não Informado,-19.85664,-43.10917,DEL03-MG,Risco Médio,Alta
segunda-feira,BR-392,73.6,Pleno dia,Decrescente,Céu Claro,Simples,Reta,-31.713,-52.3957,DEL07-RS,Risco Baixo,Média
sexta-feira,BR-174,16.0,Plena Noite,Crescente,Garoa/Chuvisco,Simples,Interseção de vias,-12.71452,-60.12621,DEL04-RO,Risco Baixo,Baixa
segunda-feira,BR-242,397.0,Pleno dia,Decrescente,Chuva,Simples,Reta,-12.42092,-41.83886,DEL06-BA,Risco Médio,Baixa
terça-feira,BR-101,125.0,Pleno dia,Crescente,Sol,Dupla,Reta,-6.07181,-35.23623,DEL01-RN,Risco Médio,Alta
segunda-feira,BR-158,30.0,Pleno dia,Decrescente,Chuva,Simples,Reta,-19.2395,-51.5153,DEL08-MS,Risco Médio,Baixa
quarta-feira,BR-364,634.7,Pleno dia,Decrescente,Céu Claro,Simples,Reta,-14.26127,-56.51102,DEL01-MT,Risco Médio,Alta
sexta-feira,BR-116,147.0,Plena Noite,Decrescente,Céu Claro,Dupla,Curva,-29.14908,-51.143,DEL05-RS,Risco Médio,Alta
sexta-feira,BR-101,456.0,Plena Noite,Crescente,Céu Claro,Dupla,Reta,-23.03298,-44.16298,DEL03-RJ,Risco Médio,Alta
terça-feira,BR-101,114.9,Pleno dia,Crescente,Céu Claro,Dupla,Reta,-26.86307,-48.72867,DEL04-SC,Risco Médio,Alta
sexta-feira,BR-40,692.0,Plena Noite,Crescente,Céu Claro,Dupla,Reta,-21.14469,-43.76589,DEL05-MG,Risco Médio,Alta
segunda-feira,BR-101,43.5,Pleno dia,Crescente,Céu Claro,Múltipla,Reta,-7.84949,-34.9097,DEL01-PE,Risco Médio,Alta
terça-feira,BR-40,120.0,Pleno dia,Decrescente,Nublado,Dupla,Reta,-22.7807,-43.2856,DEL01-RJ,Risco Médio,Alta
terça-feira,BR-365,654.0,Pleno dia,Decrescente,Céu Claro,Dupla,Curva,-18.86451,-48.58721,DEL15-MG,Risco Médio,Média
segunda-feira,BR-304,40.6,Pleno dia,Decrescente,Nublado,Dupla,Reta,-5.20154,-37.37709,DEL04-RN,Risco Baixo,Baixa
domingo,BR-158,33.0,Plena Noite,Decrescente,Chuva,Simples,Reta,-16.1456,-52.169,DEL04-GO,Risco Médio,Baixa
sexta-feira,BR-101,266.0,Plena Noite,Crescente,Céu Claro,Múltipla,Reta,-20.2085,-40.2696,DEL02-ES,Risco Baixo,Alta
sexta-feira,BR-230,12.4,Plena Noite,Decrescente,Chuva,Dupla,Reta,-7.071681,-34.84976,DEL01-PB,Risco Alto,Baixa
sexta-feira,BR-116,306.0,Pleno dia,Crescente,Chuva,Múltipla,Curva,-23.83484,-46.92986,DEL04-SP,Risco Baixo,Alta
sábado,BR-277,122.0,Pleno dia,Crescente,Chuva,Dupla,Reta,-25.44649,-49.57384,DEL01-PR,Risco Médio,Média
sábado,BR-364,342.0,Plena Noite,Crescente,Céu Claro,Dupla,Ponte,-10.88381,-61.93741,DEL02-RO,Risco Médio,Alta
sexta-feira,BR-277,107.0,Pleno dia,Decrescente,Céu Claro,Dupla,Reta,-25.43417,-49.43769,DEL01-PR,Risco Médio,Média
terça-feira,BR-101,67.0,Plena Noite,Decrescente,Nublado,Múltipla,Reta,-8.042334,-34.9431,DEL01-PE,Risco Baixo,Alta
sexta-feira,BR-285,510.4,Anoitecer,Crescente,Céu Claro,Simples,Curva,-28.39706,-54.37949,DEL10-RS,Risco Médio,Baixa
quinta-feira,BR-116,321.9,Plena Noite,Decrescente,Céu Claro,Simples,Reta,-11.34369,-38.96032,DEL02-BA,Risco Alto,Alta
quarta-feira,BR-153,271.0,Plena Noite,Crescente,Céu Claro,Simples,Não Informado,-22.35503,-49.8905,DEL07-SP,Risco Médio,Alta
sábado,BR-101,322.9,Plena Noite,Crescente,Nublado,Múltipla,Curva,-28.42711,-48.91066,DEL02-SC,Risco Baixo,Alta
segunda-feira,BR-40,516.0,Pleno dia,Decrescente,Chuva,Dupla,Curva,-19.81629,-44.0896,DEL01-MG,Risco Médio,Alta
segunda-feira,BR-163,565.0,Pleno dia,Decrescente,Céu Claro,Simples,Reta,-19.77562,-54.36309,DEL01-MS,Risco Baixo,Alta
sexta-feira,BR-480,71.6,Plena Noite,Decrescente,Garoa/Chuvisco,Simples,Interseção de vias,-27.63998,-52.30602,DEL08-RS,Risco Médio,Baixa
quarta-feira,BR-101,108.0,Plena Noite,Decrescente,Chuva,Dupla,Curva,-8.306702,-35.09303,DEL01-PE,Risco Alto,Alta
sábado,BR-343,206.9,Pleno dia,Crescente,Chuva,Simples,Reta,-4.417403,-41.88747,DEL02-PI,Risco Médio,Baixa
segunda-feira,BR-158,310.5,Amanhecer,Crescente,Céu Claro,Simples,Interseção de vias,-29.61237,-53.76663,DEL09-RS,Risco Médio,Baixa
sexta-feira,BR-146,445.6,Plena Noite,Decrescente,Céu Claro,Simples,Não Informado,-21.34007,-46.55054,DEL09-MG,Risco Alto,Baixa