dia_semana,br,km,fase_dia,sentido_via,condicao_metereologica,tipo_pista,tracado_via,latitude,longitude,delegacia,classificacao_acidente,postos_policiais_PRF
quarta-feira,BR-376,1.0,Pleno dia,Crescente,Nublado,Dupla,Reta,-25.55973,-49.18489,DEL01-PR,Risco Médio,Baixa
quarta-feira,BR-386,304.6,Plena Noite,Crescente,Garoa/Chuvisco,Simples,Curva,-29.19819,-52.18228,DEL04-RS,Risco Médio,Média
quarta-feira,BR-232,415.0,Pleno dia,Decrescente,Nublado,Simples,Desvio Temporário,-7.996057,-38.34534,DEL04-PE,Risco Médio,Baixa
sexta-feira,BR-116,247.0,Plena Noite,Crescente,Garoa/Chuvisco,Dupla,Curva,-29.76733,-51.15353,DEL01-RS,Risco Baixo,Alta
terça-feira,BR-101,215.5,Pleno dia,Crescente,Nublado,Dupla,Rotatória,-27.65606,-48.6767,DEL01-SC,Risco Médio,Alta
segunda-feira,BR-381,542.4,Plena Noite,Crescente,Nublado,Dupla,Reta,-20.24368,-44.41146,DEL04-MG,Risco Baixo,Alta
segunda-feira,BR-158,126.0,Pleno dia,Crescente,Céu Claro,Simples,Reta,-27.0107,-53.2248,DEL07-SC,Risco Baixo,Baixa
quinta-feira,BR-230,17.0,Plena Noite,Decrescente,Céu Claro,Dupla,Reta,-7.1121,-34.8426,DEL01-PB,Risco Médio,Baixa
sábado,BR-153,436.0,Pleno dia,Crescente,Céu Claro,Dupla,Reta,-16.28399,-48.95176,DEL02-GO,Risco Médio,Alta
domingo,BR-465,5.0,Pleno dia,Decrescente,Céu Claro,Simples,Reta,-22.74767,-43.6992,DEL01-RJ,Risco Médio,Baixa
terça-feira,BR-262,87.0,Pleno dia,Crescente,Céu Claro,Simples,Reta,-20.6104,-52.3947,DEL07-MS,Risco Alto,Média
domingo,BR-153,34.0,Pleno dia,Crescente,Céu Claro,Simples,Reta,-13.12028,-49.19939,DEL07-GO,Risco Médio,Alta
domingo,BR-101,359.2,Plena Noite,Crescente,Nevoeiro/Neblina,Dupla,Reta,-28.64742,-49.10365,DEL02-SC,Risco Médio,Alta
quarta-feira,BR-277,288.0,Plena Noite,Crescente,Garoa/Chuvisco,Simples,Curva,-25.3227,-50.98549,DEL03-PR,Risco Médio,Média
segunda-feira,BR-174,1008.0,Pleno dia,Crescente,Céu Claro,Simples,Reta,-1.902994,-60.06321,DEL01-AM,Risco Médio,Baixa
quarta-feira,BR-381,83.0,Plena Noite,Decrescente,Céu Claro,Dupla,Reta,-23.5489,-46.6388,DEL03-SP,Risco Médio,Alta
domingo,BR-101,25.0,Pleno dia,Crescente,Céu Claro,Dupla,Reta,-7.700908,-34.92292,DEL01-PE,Risco Médio,Alta
quinta-feira,BR-116,786.1,Pleno dia,Crescente,Céu Claro,Simples,Reta,-14.67151,-40.48107,DEL08-BA,Risco Médio,Alta
quarta-feira,BR-471,549.9,Pleno dia,Crescente,Céu Claro,Simples,Reta,-32.8104,-52.68349,DEL07-RS,Risco Médio,Baixa
quinta-feira,BR-316,4.0,Pleno dia,Decrescente,Nublado,Dupla,Reta,-1.396582,-48.42299,DEL01-PA,Risco Médio,Baixa
segunda-feira,BR-381,482.4,Pleno dia,Decrescente,Céu Claro,Múltipla,Reta,-19.95821,-44.07515,DEL01-MG,Risco Baixo,Alta
domingo,BR-210,1.0,Plena Noite,Decrescente,Céu Claro,Dupla,Reta,0.078212,-51.07009,DEL01-AP,Risco Médio,Baixa
segunda-feira,BR-262,40.3,Pleno dia,Decrescente,Céu Claro,Simples,Reta,-20.27336,-42.04917,DEL06-MG,Risco Médio,Média
terça-feira,BR-70,73.8,Pleno dia,Crescente,Céu Claro,Simples,Curva,-15.67891,-52.81918,DEL07-MT,Risco Médio,Baixa
quinta-feira,BR-40,813.6,Anoitecer,Decrescente,Nublado,Dupla,Não Informado,-21.90606,-43.31436,DEL05-MG,Risco Baixo,Alta
domingo,BR-230,27.0,Plena Noite,Decrescente,Nublado,Dupla,Reta,-7.1677,-34.8855,DEL01-PB,Risco Baixo,Baixa
sexta-feira,BR-116,267.7,Plena Noite,Crescente,Nublado,Dupla,Reta,-22.58964,-44.10483,DEL07-RJ,Risco Médio,Alta
quarta-feira,BR-104,35.0,Pleno dia,Decrescente,Sol,Simples,Reta,-9.147859,-36.01507,DEL01-AL,Risco Médio,Baixa
segunda-feira,BR-153,369.1,Pleno dia,Crescente,Céu Claro,Simples,Não Informado,-25.7367,-50.80195,DEL03-PR,Risco Médio,Alta
quarta-feira,BR-376,4.6,Plena Noite,Decrescente,Chuva,Simples,Interseção de vias,-23.55224,-51.44823,DEL07-PR,Risco Médio,Baixa
quinta-feira,BR-277,432.0,Pleno dia,Decrescente,Céu Claro,Simples,Curva,-25.37894,-52.20606,DEL04-PR,Risco Baixo,Média
terça-feira,BR-282,307.4,Pleno dia,Crescente,Chuva,Simples,Não Informado,-27.49527,-50.96261,DEL07-SC,Risco Médio,Baixa
segunda-feira,BR-163,40.0,Amanhecer,Crescente,Céu Claro,Simples,Rotatória,-23.7888,-54.27962,DEL09-MS,Risco Baixo,Alta
quinta-feira,BR-116,166.0,Plena Noite,Decrescente,Céu Claro,Múltipla,Reta,-22.8156,-43.30052,DEL01-RJ,Risco Baixo,Alta
terça-feira,BR-40,189.9,Pleno dia,Decrescente,Céu Claro,Simples,Não Informado,-17.99767,-45.90674,DEL14-MG,Risco Médio,Alta
sexta-feira,BR-101,54.0,Pleno dia,Crescente,Céu Claro,Dupla,Não Informado,-26.4132,-48.83617,DEL03-SC,Risco Médio,Alta
sábado,BR-153,37.9,Pleno dia,Decrescente,Céu Claro,Simples,Curva,-23.2608,-50.05681,DEL07-PR,Risco Baixo,Alta
quinta-feira,BR-277,657.8,Plena Noite,Crescente,Céu Claro,Dupla,Desvio Temporário,-25.24157,-53.97152,DEL05-PR,Risco Baixo,Média
domingo,BR-116,500.0,Plena Noite,Crescente,Garoa/Chuvisco,Simples,Curva,-24.78162,-48.18343,DEL05-SP,Risco Médio,Alta
sábado,BR-40,748.8,Pleno dia,Crescente,Céu Claro,Simples,Curva,-21.43797,-43.55638,DEL05-MG,Risco Médio,Alta
sábado,BR-116,167.0,Pleno dia,Decrescente,Céu Claro,Múltipla,Reta,-22.79715,-43.35942,DEL01-RJ,Risco Médio,Alta
domingo,BR-277,668.7,Plena Noite,Crescente,Céu Claro,Dupla,Reta,-25.27413,-54.06848,DEL05-PR,Risco Médio,Média
domingo,BR-364,139.0,Plena Noite,Decrescente,Céu Claro,Dupla,Curva,-9.953593,-67.8612,DEL01-AC,Risco Médio,Alta
quarta-feira,BR-116,111.8,Pleno dia,Crescente,Céu Claro,Dupla,Reta,-25.55438,-49.27491,DEL01-PR,Risco Médio,Alta
quarta-feira,BR-267,138.0,Pleno dia,Decrescente,Céu Claro,Simples,Reta,-21.79071,-43.67401,DEL05-MG,Risco Médio,Baixa
domingo,BR-280,71.0,Pleno dia,Crescente,Chuva,Simples,Reta,-26.45955,-49.14342,DEL03-SC,Risco Médio,Baixa
terça-feira,BR-116,325.5,Plena Noite,Crescente,Céu Claro,Dupla,Reta,-23.94085,-47.05337,DEL04-SP,Risco Alto,Alta
terça-feira,BR-101,298.0,Anoitecer,Decrescente,Chuva,Dupla,Curva,-20.35374,-40.41564,DEL01-ES,Risco Médio,Alta
domingo,BR-470,67.0,Pleno dia,Crescente,Céu Claro,Simples,Reta,-26.87216,-49.23127,DEL04-SC,Risco Médio,Baixa
segunda-feira,BR-116,321.0,Plena Noite,Decrescente,Céu Claro,Dupla,Reta,-22.48093,-44.53548,DEL07-RJ,Risco Médio,Alta
quinta-feira,BR-40,122.0,Plena Noite,Decrescente,Céu Claro,Dupla,Curva,-22.79083,-43.28612,DEL01-RJ,Risco Médio,Alta
sábado,BR-101,194.0,Pleno dia,Crescente,Céu Claro,Simples,Viaduto,-27.49815,-48.65661,DEL01-SC,Risco Médio,Alta
terça-feira,BR-158,284.0,Plena Noite,Crescente,Céu Claro,Simples,Reta,-20.8608,-51.74335,DEL07-MS,Risco Médio,Baixa
domingo,BR-40,606.3,Plena Noite,Crescente,Céu Claro,Simples,Não Informado,-20.47072,-43.84408,DEL05-MG,Risco Médio,Alta
sábado,BR-101,261.5,Pleno dia,Decrescente,Nublado,Simples,Não Informado,-20.14854,-40.27971,DEL02-ES,Risco Médio,Alta
quinta-feira,BR-376,597.0,Pleno dia,Decrescente,Céu Claro,Dupla,Reta,-25.51057,-49.33885,DEL01-PR,Risco Baixo,Baixa
terça-feira,BR-101,330.9,Pleno dia,Crescente,Céu Claro,Dupla,Reta,-28.45188,-48.9739,DEL02-SC,Risco Médio,Alta
segunda-feira,BR-116,294.2,Pleno dia,Crescente,Nublado,Dupla,Reta,-30.06651,-51.34231,DEL02-RS,Risco Médio,Alta
terça-feira,BR-163,704.0,Pleno dia,Crescente,Nublado,Simples,Não Informado,-13.01593,-55.89294,DEL06-MT,Risco Médio,Alta
domingo,BR-381,505.0,Plena Noite,Crescente,Céu Claro,Dupla,Reta,-20.04478,-44.27276,DEL01-MG,Risco Médio,Alta
segunda-feira,BR-163,99.0,Plena Noite,Crescente,Céu Claro,Simples,Reta,-23.28969,-54.22457,DEL09-MS,Risco Alto,Alta
sexta-feira,BR-393,168.1,Plena Noite,Crescente,Céu Claro,Simples,Reta,-22.1275,-43.14702,DEL06-RJ,Risco Médio,Média
sábado,BR-401,1.0,Plena Noite,Decrescente,Céu Claro,Dupla,Reta,2.802294,-60.68243,DEL01-RR,Risco Médio,Baixa
sábado,BR-408,63.0,Pleno dia,Decrescente,Céu Claro,Simples,Interseção de vias,-7.83982,-35.24072,DEL01-PE,Risco Médio,Baixa
domingo,BR-116,238.0,Pleno dia,Decrescente,Chuva,Dupla,Reta,-22.66467,-43.88337,DEL07-RJ,Risco Baixo,Alta
domingo,BR-40,728.9,Plena Noite,Crescente,Garoa/Chuvisco,Dupla,Curva,-21.31842,-43.5869,DEL05-MG,Risco Médio,Alta
terça-feira,BR-153,111.9,Pleno dia,Decrescente,Chuva,Simples,Reta,-6.958986,-48.09468,DEL02-TO,Risco Médio,Alta
quinta-feira,BR-470,134.0,Plena Noite,Decrescente,Céu Claro,Simples,Reta,-27.16942,-49.56716,DEL04-SC,Risco Médio,Baixa
sábado,BR-70,12.0,Plena Noite,Decrescente,Céu Claro,Dupla,Reta,-15.79341,-48.16136,DEL01-DF,Risco Médio,Baixa
sábado,BR-393,282.0,Pleno dia,Crescente,Céu Claro,Simples,Reta,-22.51094,-44.08446,DEL05-RJ,Risco Médio,Média
terça-feira,BR-116,12.8,Pleno dia,Crescente,Céu Claro,Simples,Reta,-15.80001,-41.34614,DEL08-BA,Risco Baixo,Alta
domingo,BR-277,584.5,Pleno dia,Decrescente,Céu Claro,Simples,Rotatória,-24.96406,-53.40741,DEL04-PR,Risco Médio,Média
sexta-feira,BR-376,108.0,Pleno dia,Crescente,Chuva,Simples,Reta,-22.29326,-53.93562,DEL04-MS,Risco Médio,Baixa
sexta-feira,BR-210,0.0,Plena Noite,Crescente,Céu Claro,Dupla,Reta,0.0779,-51.0635,DEL01-AP,Risco Baixo,Baixa
terça-feira,BR-381,931.4,Pleno dia,Decrescente,Céu Claro,Dupla,Curva,-22.7926,-46.2459,DEL16-MG,Risco Baixo,Alta
terça-feira,BR-163,838.0,Plena Noite,Decrescente,Ignorado,Simples,Reta,-11.8328,-55.4878,DEL06-MT,Risco Médio,Alta
sexta-feira,BR-101,70.8,Plena Noite,Crescente,Céu Claro,Múltipla,Reta,-8.067761,-34.94265,DEL01-PE,Risco Alto,Alta
sábado,BR-163,731.9,Plena Noite,Crescente,Céu Claro,Simples,Reta,-18.50137,-54.73271,DEL06-MS,Risco Médio,Alta
segunda-feira,BR-392,125.0,Plena Noite,Crescente,Céu Claro,Simples,Reta,-31.36506,-52.72544,DEL07-RS,Risco Baixo,Média
terça-feira,BR-163,152.0,Plena Noite,Decrescente,Céu Claro,Simples,Reta,-22.95405,-54.4458,DEL09-MS,Risco Baixo,Alta
quarta-feira,BR-470,58.9,Pleno dia,Crescente,Nublado,Simples,Reta,-26.88062,-49.13673,DEL04-SC,Risco Médio,Baixa
segunda-feira,BR-364,391.0,Pleno dia,Decrescente,Céu Claro,Simples,Não Informado,-10.6688,-62.289,DEL03-RO,Risco Baixo,Alta
quarta-feira,BR-470,91.6,Pleno dia,Crescente,Céu Claro,Simples,Reta,-26.9685,-49.36827,DEL04-SC,Risco Médio,Baixa
terça-feira,BR-116,3.5,Pleno dia,Decrescente,Céu Claro,Dupla,Reta,-3.778665,-38.5149,DEL01-CE,Risco Médio,Alta
quarta-feira,BR-235,30.0,Pleno dia,Crescente,Nublado,Simples,Curva,-10.78514,-37.29138,DEL01-SE,Risco Médio,Baixa
quarta-feira,BR-50,56.0,Plena Noite,Decrescente,Céu Claro,Dupla,Não Informado,-18.78735,-48.23107,DEL15-MG,Risco Médio,Média
segunda-feira,BR-280,128.7,Pleno dia,Crescente,Céu Claro,Simples,Reta,-26.24515,-49.5196,DEL06-SC,Risco Médio,Baixa
quinta-feira,BR-104,54.0,Pleno dia,Decrescente,Sol,Dupla,Desvio Temporário,-8.1928,-35.9662,DEL02-PE,Risco Alto,Baixa
segunda-feira,BR-40,667.9,Pleno dia,Decrescente,Céu Claro,Simples,Curva,-20.95607,-43.79156,DEL05-MG,Risco Alto,Alta
domingo,BR-285,101.9,Plena Noite,Decrescente,Céu Claro,Simples,Reta,-28.57006,-50.77935,DEL05-RS,Risco Baixo,Baixa
segunda-feira,BR-116,571.5,Plena Noite,Crescente,Nublado,Simples,Curva,-20.11476,-42.18102,DEL06-MG,Risco Médio,Alta
sábado,BR-230,308.0,Plena Noite,Decrescente,Céu Claro,Simples,Reta,-6.769173,-43.01383,DEL03-PI,Risco Médio,Baixa
sexta-feira,BR-316,110.0,Pleno dia,Crescente,Céu Claro,Simples,Curva,-1.3165,-47.5095,DEL01-PA,Risco Médio,Baixa
domingo,BR-369,94.3,Plena Noite,Crescente,Chuva,Simples,Curva,-23.22382,-50.67235,DEL07-PR,Risco Baixo,Baixa
segunda-feira,BR-282,487.8,Pleno dia,Crescente,Sol,Simples,Reta,-26.85758,-52.2632,DEL07-SC,Risco Médio,Baixa
segunda-feira,BR-101,769.0,Plena Noite,Crescente,Céu Claro,Simples,Reta,-16.90259,-39.52546,DEL09-BA,Risco Médio,Alta
terça-feira,BR-70,78.9,Pleno dia,Crescente,Nublado,Simples,Não Informado,-15.66418,-52.79979,DEL07-MT,Risco Médio,Baixa
quinta-feira,BR-101,162.5,Plena Noite,Decrescente,Nublado,Múltipla,Interseção de vias,-27.2403,-48.63045,DEL04-SC,Risco Médio,Alta
segunda-feira,BR-135,7.5,Pleno dia,Decrescente,Céu Claro,Dupla,Reta,-2.640274,-44.27113,DEL01-MA,Risco Baixo,Baixa
sábado,BR-476,346.8,Pleno dia,Decrescente,Céu Claro,Simples,Ponte,-26.1828,-50.94707,DEL02-PR,Risco Baixo,Baixa
quarta-feira,BR-116,227.0,Pleno dia,Crescente,Céu Claro,Simples,Reta,-23.49659,-46.55649,DEL01-SP,Risco Médio,Alta
sexta-feira,BR-428,34.5,Plena Noite,Decrescente,Céu Claro,Simples,Reta,-8.532059,-39.51148,DEL05-PE,Risco Alto,Baixa
segunda-feira,BR-101,315.0,Pleno dia,Decrescente,Nublado,Múltipla,Reta,-28.43274,-48.84677,DEL02-SC,Risco Médio,Alta
quarta-feira,BR-116,378.0,Pleno dia,Crescente,Céu Claro,Simples,Reta,-11.83789,-38.97462,DEL02-BA,Risco Baixo,Alta
domingo,BR-232,80.0,Plena Noite,Crescente,Céu Claro,Múltipla,Reta,-8.195799,-35.56962,DEL02-PE,Risco Médio,Baixa
quinta-feira,BR-116,286.0,Pleno dia,Crescente,Céu Claro,Dupla,Reta,-22.49846,-44.23342,DEL07-RJ,Risco Baixo,Alta
quinta-feira,BR-40,799.0,Pleno dia,Crescente,Garoa/Chuvisco,Simples,Curva,-21.82857,-43.37364,DEL05-MG,Risco Médio,Alta
domingo,BR-153,703.0,Plena Noite,Decrescente,Chuva,Dupla,Curva,-18.41561,-49.1941,DEL03-GO,Risco Médio,Alta
quinta-feira,BR-101,326.0,Pleno dia,Crescente,Céu Claro,Múltipla,Não Informado,-22.87206,-43.1461,DEL02-RJ,Risco Médio,Alta
sábado,BR-101,804.0,Pleno dia,Crescente,Chuva,Simples,Curva,-17.16628,-39.57799,DEL09-BA,Risco Médio,Alta
sexta-feira,BR-101,231.0,Plena Noite,Crescente,Céu Claro,Simples,Interseção de vias,-12.84349,-39.20479,DEL01-BA,Risco Médio,Alta
sexta-feira,BR-174,504.0,Pleno dia,Crescente,Céu Claro,Dupla,Reta,2.822087,-60.69539,DEL01-RR,Risco Baixo,Baixa
domingo,BR-282,516.1,Pleno dia,Decrescente,Sol,Simples,Curva,-26.92922,-52.49943,DEL07-SC,Risco Baixo,Baixa
segunda-feira,BR-70,0.3,Pleno dia,Decrescente,Céu Claro,Dupla,Não Informado,-15.78328,-48.23315,DEL01-DF,Risco Médio,Baixa
domingo,BR-364,562.0,Pleno dia,Crescente,Céu Claro,Simples,Não Informado,-9.543718,-63.07628,DEL03-RO,Risco Baixo,Alta
segunda-feira,BR-40,800.3,Pleno dia,Crescente,Céu Claro,Dupla,Reta,-21.83831,-43.37465,DEL05-MG,Risco Médio,Alta
quinta-feira,BR-101,342.1,Amanhecer,Decrescente,Céu Claro,Simples,Curva,-20.65737,-40.58235,DEL03-ES,Risco Médio,Alta
quarta-feira,BR-116,456.5,Pleno dia,Decrescente,Sol,Simples,Não Informado,-7.169731,-38.78067,DEL05-CE,Risco Médio,Alta
sábado,BR-459,104.8,Anoitecer,Crescente,Ignorado,Dupla,Reta,-22.23048,-45.93678,DEL16-MG,Risco Baixo,Baixa
segunda-feira,BR-226,265.5,Anoitecer,Crescente,Chuva,Simples,Curva,-5.416163,-40.2903,DEL02-CE,Risco Médio,Baixa
domingo,BR-285,528.0,Anoitecer,Decrescente,Céu Claro,Simples,Curva,-28.41112,-54.57198,DEL10-RS,Risco Baixo,Baixa
domingo,BR-116,75.0,Pleno dia,Decrescente,Chuva,Simples,Reta,-22.87522,-45.26277,DEL06-SP,Risco Médio,Alta
segunda-feira,BR-330,786.0,Pleno dia,Crescente,Sol,Simples,Reta,-14.19667,-39.62275,DEL03-BA,Risco Médio,Baixa
sexta-feira,BR-101,303.0,Pleno dia,Decrescente,Céu Claro,Dupla,Não Informado,-22.78282,-42.97667,DEL02-RJ,Risco Alto,Alta
quarta-feira,BR-381,511.0,Pleno dia,Decrescente,Nublado,Dupla,Reta,-20.07054,-44.2987,DEL01-MG,Risco Baixo,Alta
domingo,BR-280,41.3,Plena Noite,Decrescente,Nublado,Simples,Reta,-26.45,-48.85791,DEL03-SC,Risco Médio,Baixa
sexta-feira,BR-316,239.0,Plena Noite,Decrescente,Céu Claro,Simples,Curva,-9.506255,-36.04054,DEL01-AL,Risco Médio,Baixa
quarta-feira,BR-376,378.9,Plena Noite,Crescente,Céu Claro,Simples,Curva,-24.40038,-50.78414,DEL03-PR,Risco Baixo,Baixa
domingo,BR-242,864.0,Plena Noite,Crescente,Céu Claro,Simples,Reta,-12.09045,-45.41546,DEL10-BA,Risco Alto,Baixa
quinta-feira,BR-40,469.0,Pleno dia,Decrescente,Chuva,Dupla,Curva,-19.46099,-44.30122,DEL02-MG,Risco Médio,Alta
domingo,BR-153,293.2,Pleno dia,Decrescente,Céu Claro,Simples,Não Informado,-22.51873,-49.88951,DEL07-SP,Risco Alto,Alta
quinta-feira,BR-101,185.4,Plena Noite,Crescente,Nublado,Dupla,Reta,-27.42537,-48.62466,DEL01-SC,Risco Médio,Alta
segunda-feira,BR-116,203.0,Pleno dia,Decrescente,Céu Claro,Dupla,Desvio Temporário,-22.72211,-43.67689,DEL01-RJ,Risco Médio,Alta
segunda-feira,BR-70,525.0,Anoitecer,Decrescente,Céu Claro,Simples,Reta,-15.64921,-56.19486,DEL01-MT,Risco Médio,Baixa
sábado,BR-101,139.7,Pleno dia,Crescente,Nublado,Dupla,Reta,-27.02982,-48.60115,DEL04-SC,Risco Médio,Alta
sábado,BR-70,522.0,Pleno dia,Decrescente,Céu Claro,Simples,Reta,-15.66304,-56.18614,DEL01-MT,Risco Alto,Baixa
sábado,BR-282,602.1,Amanhecer,Crescente,Céu Claro,Simples,Interseção de vias,-26.8063,-53.18138,DEL07-SC,Risco Médio,Baixa
segunda-feira,BR-364,340.5,Pleno dia,Crescente,Sol,Dupla,Interseção de vias,-10.89457,-61.9305,DEL02-RO,Risco Baixo,Alta
quinta-feira,BR-230,113.0,Pleno dia,Crescente,Céu Claro,Simples,Reta,-5.3653,-49.0637,DEL03-PA,Risco Baixo,Baixa
domingo,BR-101,325.0,Anoitecer,Crescente,Garoa/Chuvisco,Dupla,Ponte,-22.87293,-43.13626,DEL02-RJ,Risco Médio,Alta
domingo,BR-376,628.0,Pleno dia,Crescente,Céu Claro,Dupla,Não Informado,-25.6812,-49.1487,DEL01-PR,Risco Médio,Baixa
quarta-feira,BR-232,128.5,Pleno dia,Crescente,Chuva,Dupla,Reta,-8.30335,-35.975,DEL02-PE,Risco Médio,Baixa
sábado,BR-40,793.2,Pleno dia,Crescente,Céu Claro,Dupla,Curva,-21.79449,-43.41425,DEL05-MG,Risco Baixo,Alta
sexta-feira,BR-324,561.9,Pleno dia,Decrescente,Céu Claro,Dupla,Reta,-12.52288,-38.61252,DEL01-BA,Risco Médio,Baixa
domingo,BR-174,18.2,Plena Noite,Decrescente,Céu Claro,Simples,Curva,-15.18124,-59.44632,DEL04-MT,Risco Médio,Baixa
quarta-feira,BR-319,60.0,Pleno dia,Crescente,Céu Claro,Dupla,Rotatória,-8.740043,-63.89047,DEL01-RO,Risco Baixo,Baixa
domingo,BR-101,285.0,Plena Noite,Decrescente,Garoa/Chuvisco,Múltipla,Desvio Temporário,-20.2512,-40.37253,DEL01-ES,Risco Médio,Alta
quarta-feira,BR-230,4.7,Pleno dia,Crescente,Nublado,Simples,Reta,-6.748762,-43.0424,DEL03-PI,Risco Médio,Baixa
sexta-feira,BR-101,109.0,Pleno dia,Decrescente,Céu Claro,Simples,Reta,-12.16492,-38.47703,DEL01-BA,Risco Médio,Alta
quarta-feira,BR-365,626.0,Plena Noite,Crescente,Céu Claro,Dupla,Interseção de vias,-18.90659,-48.33469,DEL15-MG,Risco Médio,Média
sábado,BR-50,241.6,Pleno dia,Crescente,Chuva,Dupla,Curva,-17.90846,-47.79637,DEL06-GO,Risco Médio,Média
quarta-feira,BR-364,240.0,Pleno dia,Crescente,Céu Claro,Simples,Reta,-17.78419,-52.08431,DEL05-GO,Risco Médio,Alta
domingo,BR-70,10.1,Plena Noite,Crescente,Céu Claro,Dupla,Não Informado,-15.73738,-48.29228,DEL01-DF,Risco Médio,Baixa
sábado,BR-40,512.0,Plena Noite,Decrescente,Céu Claro,Dupla,Reta,-19.78947,-44.11291,DEL01-MG,Risco Médio,Alta
terça-feira,BR-280,65.9,Pleno dia,Crescente,Céu Claro,Simples,Rotatória,-26.47806,-49.10271,DEL03-SC,Risco Médio,Baixa
domingo,BR-163,25.0,Pleno dia,Crescente,Céu Claro,Simples,Não Informado,-23.88981,-54.31347,DEL09-MS,Risco Médio,Alta
domingo,BR-230,153.0,Plena Noite,Decrescente,Céu Claro,Simples,Interseção de vias,-7.2763,-35.8887,DEL02-PB,Risco Baixo,Baixa
sexta-feira,BR-290,456.0,Plena Noite,Crescente,Chuva,Simples,Curva,-30.22765,-54.67567,DEL11-RS,Risco Médio,Baixa
sábado,BR-364,71.0,Pleno dia,Crescente,Sol,Simples,Reta,-12.44869,-60.52185,DEL04-RO,Risco Baixo,Alta
quarta-feira,BR-101,87.0,Pleno dia,Crescente,Sol,Simples,Interseção de vias,-26.63713,-48.69651,DEL03-SC,Risco Médio,Alta
sábado,BR-267,131.0,Plena Noite,Crescente,Nublado,Simples,Desvio Temporário,-21.7267,-53.3157,DEL02-MS,Risco Médio,Baixa
quarta-feira,BR-116,163.0,Anoitecer,Decrescente,Nublado,Dupla,Curva,-22.81641,-43.32468,DEL01-RJ,Risco Baixo,Alta
segunda-feira,BR-40,460.0,Pleno dia,Crescente,Chuva,Dupla,Reta,-19.39771,-44.33529,DEL02-MG,Risco Médio,Alta
sábado,BR-40,102.0,Plena Noite,Crescente,Chuva,Múltipla,Reta,-22.61191,-43.28682,DEL01-RJ,Risco Médio,Alta
segunda-feira,BR-356,49.0,Pleno dia,Crescente,Céu Claro,Simples,Curva,-21.25301,-41.78326,DEL08-RJ,Risco Médio,Baixa
terça-feira,BR-277,38.4,Pleno dia,Decrescente,Sol,Dupla,Não Informado,-25.57461,-48.85724,DEL01-PR,Risco Médio,Média
sexta-feira,BR-364,257.7,Pleno dia,Crescente,Céu Claro,Simples,Reta,-16.05894,-54.88244,DEL02-MT,Risco Baixo,Alta
segunda-feira,BR-101,374.5,Pleno dia,Crescente,Céu Claro,Simples,Reta,-20.78783,-40.7881,DEL03-ES,Risco Alto,Alta
sexta-feira,BR-376,650.6,Pleno dia,Crescente,Céu Claro,Múltipla,Curva,-25.92853,-49.19931,DEL01-PR,Risco Médio,Baixa
segunda-feira,BR-262,5.2,Plena Noite,Decrescente,Nublado,Múltipla,Curva,-20.33724,-40.38661,DEL01-ES,Risco Médio,Média
sábado,BR-290,45.0,Pleno dia,Crescente,Chuva,Dupla,Reta,-29.8902,-50.70999,DEL03-RS,Risco Médio,Baixa
segunda-feira,BR-381,920.5,Pleno dia,Crescente,Sol,Dupla,Reta,-22.76081,-46.16437,DEL16-MG,Risco Alto,Alta
terça-feira,BR-259,78.1,Pleno dia,Crescente,Céu Claro,Simples,Não Informado,-19.52597,-40.81662,DEL02-ES,Risco Médio,Baixa
sábado,BR-101,739.7,Pleno dia,Decrescente,Céu Claro,Simples,Curva,-16.68923,-39.48043,DEL09-BA,Risco Médio,Alta
quarta-feira,BR-116,139.4,Plena Noite,Decrescente,Céu Claro,Dupla,Curva,-23.16153,-45.80401,DEL02-SP,Risco Baixo,Alta
domingo,BR-316,262.4,Plena Noite,Decrescente,Céu Claro,Simples,Reta,-3.675033,-45.37201,DEL02-MA,Risco Médio,Baixa
domingo,BR-414,382.0,Amanhecer,Crescente,Céu Claro,Simples,Não Informado,-15.85438,-48.76562,DEL02-GO,Risco Médio,Baixa
segunda-feira,BR-163,77.9,Pleno dia,Crescente,Nublado,Simples,Reta,-26.67615,-53.5167,DEL07-SC,Risco Médio,Alta
quarta-feira,BR-101,21.0,Plena Noite,Decrescente,Nublado,Dupla,Curva,-26.1484,-48.9092,DEL03-SC,Risco Médio,Alta
terça-feira,BR-324,613.0,Pleno dia,Decrescente,Sol,Múltipla,Reta,-12.82184,-38.38134,DEL01-BA,Risco Médio,Baixa
domingo,BR-448,8.0,Pleno dia,Decrescente,Sol,Dupla,Reta,-29.9189,-51.1781,DEL01-RS,Risco Médio,Baixa
domingo,BR-116,220.0,Plena Noite,Crescente,Nublado,Simples,Curva,-22.69306,-43.77363,DEL07-RJ,Risco Baixo,Alta
quinta-feira,BR-60,115.8,Anoitecer,Crescente,Nublado,Dupla,Curva,-16.4691,-49.0705,DEL01-GO,Risco Médio,Média
sexta-feira,BR-262,393.0,Pleno dia,Crescente,Céu Claro,Dupla,Reta,-19.9181,-44.48161,DEL01-MG,Risco Médio,Média
domingo,BR-153,370.4,Pleno dia,Crescente,Garoa/Chuvisco,Simples,Reta,-29.95645,-52.94473,DEL02-RS,Risco Alto,Alta
sexta-feira,BR-153,508.0,Plena Noite,Decrescente,Céu Claro,Dupla,Não Informado,-16.7804,-49.2371,DEL01-GO,Risco Médio,Alta
quinta-feira,BR-40,8.2,Pleno dia,Decrescente,Céu Claro,Dupla,Reta,-16.11616,-47.96761,DEL01-DF,Risco Baixo,Alta