dia_semana,br,km,fase_dia,sentido_via,condicao_metereologica,tipo_pista,tracado_via,latitude,longitude,delegacia,classificacao_acidente,postos_policiais_PRF
quinta-feira,BR-290,52.1,Pleno dia,Crescente,Céu Claro,Dupla,Reta,-29.9117,-50.77849,DEL03-RS,Risco Médio,Baixa
terça-feira,BR-50,88.0,Pleno dia,Crescente,Chuva,Dupla,Reta,-19.02943,-48.20457,DEL15-MG,Risco Médio,Média
terça-feira,BR-421,43.0,Pleno dia,Crescente,Céu Claro,Simples,Reta,-10.22273,-63.24984,DEL03-RO,Risco Médio,Baixa
segunda-feira,BR-70,472.0,Pleno dia,Crescente,Céu Claro,Dupla,Reta,-15.89695,-52.237,DEL04-GO,Risco Médio,Baixa
quarta-feira,BR-101,543.0,Pleno dia,Decrescente,Chuva,Simples,Curva,-15.18925,-39.43918,DEL05-BA,Risco Alto,Alta
terça-feira,BR-470,68.3,Pleno dia,Decrescente,Chuva,Simples,Reta,-26.87006,-49.22369,DEL04-SC,Risco Médio,Baixa
segunda-feira,BR-163,513.0,Plena Noite,Decrescente,Céu Claro,Dupla,Reta,-20.21913,-54.4745,DEL01-MS,Risco Baixo,Alta
domingo,BR-290,80.0,Pleno dia,Decrescente,Nublado,Dupla,Reta,-29.9534,-51.0579,DEL01-RS,Risco Médio,Baixa
terça-feira,BR-277,133.0,Pleno dia,Crescente,Céu Claro,Dupla,Reta,-25.58437,-49.63598,DEL01-PR,Risco Médio,Média
terça-feira,BR-386,139.0,Pleno dia,Decrescente,Céu Claro,Simples,Reta,-28.00301,-52.89285,DEL08-RS,Risco Baixo,Média
sexta-feira,BR-365,624.9,Pleno dia,Decrescente,Céu Claro,Dupla,Curva,-18.90814,-48.30145,DEL15-MG,Risco Médio,Média
domingo,BR-153,673.2,Pleno dia,Decrescente,Nublado,Dupla,Reta,-11.7382,-49.08104,DEL01-TO,Risco Médio,Alta
segunda-feira,BR-373,183.9,Plena Noite,Decrescente,Nublado,Dupla,Interseção de vias,-25.03936,-50.27676,DEL03-PR,Risco Médio,Baixa
sábado,BR-381,541.4,Pleno dia,Decrescente,Nublado,Dupla,Não Informado,-20.26493,-44.42257,DEL04-MG,Risco Baixo,Alta
sábado,BR-267,0.3,Plena Noite,Crescente,Céu Claro,Simples,Reta,-21.77637,-52.1564,DEL02-MS,Risco Médio,Baixa
sábado,BR-316,103.7,Plena Noite,Decrescente,Céu Claro,Simples,Reta,-9.387716,-37.08308,DEL03-AL,Risco Médio,Baixa
domingo,BR-101,79.9,Pleno dia,Decrescente,Céu Claro,Múltipla,Retorno Regulamentado,-26.59442,-48.72183,DEL03-SC,Risco Médio,Alta
sexta-feira,BR-364,269.0,Anoitecer,Crescente,Céu Claro,Simples,Curva,-15.97423,-54.938,DEL05-MT,Risco Médio,Alta
domingo,BR-316,39.0,Pleno dia,Crescente,Céu Claro,Simples,Reta,-5.4091,-42.647,DEL01-PI,Risco Médio,Baixa
sábado,BR-158,328.0,Pleno dia,Decrescente,Nublado,Simples,Reta,-29.70818,-53.82567,DEL09-RS,Risco Médio,Baixa
terça-feira,BR-116,765.0,Plena Noite,Crescente,Céu Claro,Simples,Reta,-14.52271,-40.37549,DEL08-BA,Risco Médio,Alta
quarta-feira,BR-364,518.8,Plena Noite,Decrescente,Céu Claro,Simples,Rotatória,-9.897787,-63.05625,DEL03-RO,Risco Baixo,Alta
sábado,BR-104,29.4,Plena Noite,Crescente,Céu Claro,Simples,Reta,-8.0078,-36.0621,DEL02-PE,Risco Baixo,Baixa
quinta-feira,BR-226,310.3,Pleno dia,Crescente,Céu Claro,Simples,Reta,-6.018124,-37.40794,DEL04-RN,Risco Médio,Baixa
quinta-feira,BR-463,96.2,Plena Noite,Crescente,Céu Claro,Simples,Reta,-22.61939,-55.57877,DEL04-MS,Risco Médio,Baixa
sexta-feira,BR-116,16.0,Pleno dia,Decrescente,Garoa/Chuvisco,Dupla,Curva,-25.0997,-48.69223,DEL01-PR,Risco Médio,Alta
quarta-feira,BR-282,530.2,Pleno dia,Decrescente,Sol,Simples,Curva,-26.98731,-52.61066,DEL07-SC,Risco Médio,Baixa
quarta-feira,BR-101,121.7,Pleno dia,Crescente,Céu Claro,Dupla,Reta,-7.44161,-34.978,DEL01-PB,Risco Baixo,Alta
quinta-feira,BR-290,718.0,Anoitecer,Crescente,Céu Claro,Simples,Reta,-29.77461,-57.04377,DEL13-RS,Risco Médio,Baixa
sexta-feira,BR-101,43.9,Pleno dia,Crescente,Nublado,Múltipla,Não Informado,-7.864,-34.9073,DEL01-PE,Risco Médio,Alta
sexta-feira,BR-290,720.0,Pleno dia,Crescente,Céu Claro,Simples,Rotatória,-29.77146,-57.05664,DEL13-RS,Risco Baixo,Baixa
segunda-feira,BR-110,48.0,Plena Noite,Decrescente,Céu Claro,Simples,Reta,-5.208813,-37.33285,DEL04-RN,Risco Médio,Baixa
sexta-feira,BR-226,85.5,Pleno dia,Crescente,Chuva,Simples,Curva,-6.203353,-35.80603,DEL03-RN,Risco Médio,Baixa
terça-feira,BR-60,192.0,Pleno dia,Decrescente,Céu Claro,Múltipla,Reta,-16.85219,-49.5732,DEL01-GO,Risco Baixo,Média
sexta-feira,BR-101,149.0,Amanhecer,Crescente,Céu Claro,Múltipla,Reta,-27.10896,-48.61278,DEL04-SC,Risco Médio,Alta
segunda-feira,BR-277,718.1,Amanhecer,Crescente,Céu Claro,Dupla,Desvio Temporário,-25.48013,-54.4853,DEL05-PR,Risco Médio,Média
segunda-feira,BR-163,499.1,Pleno dia,Crescente,Céu Claro,Simples,Reta,-20.33496,-54.51866,DEL01-MS,Risco Baixo,Alta
quarta-feira,BR-262,810.0,Plena Noite,Crescente,Céu Claro,Dupla,Reta,-19.76052,-48.04441,DEL13-MG,Risco Médio,Média
sexta-feira,BR-101,67.0,Pleno dia,Crescente,Nublado,Dupla,Reta,-18.736,-39.8608,DEL04-ES,Risco Médio,Alta
sábado,BR-101,89.0,Plena Noite,Crescente,Céu Claro,Simples,Curva,-10.8927,-37.1325,DEL01-SE,Risco Médio,Alta
domingo,BR-381,188.5,Amanhecer,Crescente,Nublado,Simples,Curva,-19.06624,-42.17059,DEL06-MG,Risco Médio,Alta
sábado,BR-60,576.0,Anoitecer,Decrescente,Céu Claro,Simples,Reta,-21.395,-56.034,DEL05-MS,Risco Médio,Média
terça-feira,BR-153,29.5,Pleno dia,Crescente,Céu Claro,Simples,Curva,-23.21775,-50.01007,DEL07-PR,Risco Alto,Alta
sexta-feira,BR-364,16.0,Plena Noite,Crescente,Garoa/Chuvisco,Dupla,Reta,-12.7349,-60.1547,DEL04-RO,Risco Médio,Alta
segunda-feira,BR-222,415.0,Pleno dia,Decrescente,Sol,Simples,Não Informado,-4.000813,-45.71634,DEL02-MA,Risco Baixo,Baixa
quinta-feira,BR-316,558.0,Pleno dia,Decrescente,Chuva,Simples,Não Informado,-4.895105,-43.27171,DEL03-MA,Risco Alto,Baixa
terça-feira,BR-470,138.1,Amanhecer,Decrescente,Céu Claro,Simples,Reta,-27.1874,-49.60857,DEL04-SC,Risco Baixo,Baixa
domingo,BR-280,91.0,Plena Noite,Crescente,Céu Claro,Simples,Não Informado,-26.40815,-49.28308,DEL06-SC,Risco Médio,Baixa
sexta-feira,BR-153,271.7,Pleno dia,Crescente,Céu Claro,Simples,Não Informado,-22.3633,-49.88558,DEL07-SP,Risco Baixo,Alta
quinta-feira,BR-60,13.2,Plena Noite,Decrescente,Céu Claro,Dupla,Reta,-15.92882,-48.16735,DEL01-DF,Risco Médio,Média
domingo,BR-282,509.2,Pleno dia,Decrescente,Céu Claro,Simples,Reta,-26.89053,-52.4571,DEL07-SC,Risco Médio,Baixa
terça-feira,BR-40,82.0,Pleno dia,Crescente,Chuva,Dupla,Curva,-22.51183,-43.23076,DEL06-RJ,Risco Médio,Alta
quarta-feira,BR-262,34.0,Anoitecer,Decrescente,Céu Claro,Simples,Não Informado,-20.25693,-42.01099,DEL06-MG,Risco Médio,Média
segunda-feira,BR-116,40.2,Plena Noite,Decrescente,Céu Claro,Simples,Reta,-22.13343,-42.77952,DEL04-RJ,Risco Médio,Alta
segunda-feira,BR-101,187.0,Amanhecer,Decrescente,Céu Claro,Múltipla,Reta,-8.686644,-35.58748,DEL01-PE,Risco Baixo,Alta
terça-feira,BR-381,547.9,Amanhecer,Decrescente,Nublado,Dupla,Reta,-20.277,-44.4273,DEL04-MG,Risco Baixo,Alta
domingo,BR-232,5.2,Plena Noite,Crescente,Céu Claro,Dupla,Não Informado,-8.069517,-34.94961,DEL01-PE,Risco Médio,Baixa
domingo,BR-316,263.0,Pleno dia,Decrescente,Céu Claro,Simples,Interseção de vias,-3.675226,-45.37164,DEL02-MA,Risco Médio,Baixa
quinta-feira,BR-101,184.8,Plena Noite,Decrescente,Chuva,Simples,Reta,-19.65524,-40.23356,DEL04-ES,Risco Baixo,Alta
sábado,BR-316,43.0,Plena Noite,Decrescente,Céu Claro,Simples,Reta,-5.4422,-42.6341,DEL01-PI,Risco Médio,Baixa
sábado,BR-101,78.0,Anoitecer,Decrescente,Nublado,Dupla,Retorno Regulamentado,-5.740719,-35.29021,DEL02-RN,Risco Médio,Alta
segunda-feira,BR-364,173.0,Plena Noite,Decrescente,Céu Claro,Dupla,Reta,-18.00883,-51.56325,DEL05-GO,Risco Baixo,Alta
sexta-feira,BR-40,828.0,Plena Noite,Crescente,Nublado,Dupla,Curva,-21.99768,-43.2866,DEL05-MG,Risco Médio,Alta
domingo,BR-116,438.6,Plena Noite,Decrescente,Nublado,Simples,Reta,-7.034678,-38.77258,DEL05-CE,Risco Médio,Alta
sexta-feira,BR-101,208.3,Pleno dia,Decrescente,Céu Claro,Múltipla,Reta,-27.607,-48.635,DEL01-SC,Risco Baixo,Alta
quarta-feira,BR-222,361.0,Pleno dia,Crescente,Céu Claro,Simples,Interseção de vias,-3.67502,-45.35817,DEL02-MA,Risco Baixo,Baixa
quinta-feira,BR-40,2.0,Pleno dia,Crescente,Nublado,Dupla,Reta,-16.06713,-47.98423,DEL01-DF,Risco Médio,Alta
domingo,BR-116,185.0,Plena Noite,Crescente,Nublado,Simples,Curva,-17.1211,-41.4981,DEL11-MG,Risco Médio,Alta
sábado,BR-40,493.0,Pleno dia,Decrescente,Céu Claro,Dupla,Curva,-19.64621,-44.20302,DEL02-MG,Risco Médio,Alta
quarta-feira,BR-101,301.0,Plena Noite,Crescente,Chuva,Múltipla,Reta,-22.77857,-42.95745,DEL02-RJ,Risco Baixo,Alta
segunda-feira,BR-280,53.7,Pleno dia,Decrescente,Sol,Simples,Reta,-26.47237,-48.97427,DEL03-SC,Risco Médio,Baixa
quarta-feira,BR-369,188.9,Plena Noite,Decrescente,Céu Claro,Dupla,Reta,-23.44211,-51.42268,DEL07-PR,Risco Médio,Baixa
quinta-feira,BR-101,89.9,Pleno dia,Decrescente,Sol,Dupla,Reta,-7.18016,-34.90015,DEL01-PB,Risco Médio,Alta
sábado,BR-60,91.3,Plena Noite,Decrescente,Céu Claro,Dupla,Reta,-16.3491,-48.9095,DEL02-GO,Risco Baixo,Média
quinta-feira,BR-470,53.7,Pleno dia,Decrescente,Céu Claro,Simples,Reta,-26.86304,-49.08692,DEL04-SC,Risco Médio,Baixa
segunda-feira,BR-101,9.3,Pleno dia,Decrescente,Sol,Dupla,Reta,-7.577889,-34.98848,DEL01-PE,Risco Médio,Alta
sábado,BR-135,306.0,Pleno dia,Crescente,Céu Claro,Simples,Reta,-8.749067,-44.15242,DEL03-PI,Risco Baixo,Baixa
quinta-feira,BR-381,505.0,Pleno dia,Crescente,Nublado,Dupla,Não Informado,-20.0349,-44.24367,DEL01-MG,Risco Médio,Alta
sexta-feira,BR-470,219.0,Plena Noite,Decrescente,Chuva,Simples,Não Informado,-29.19231,-51.52205,DEL06-RS,Risco Baixo,Baixa
quarta-feira,BR-10,316.0,Amanhecer,Crescente,Céu Claro,Simples,Reta,-1.667351,-47.49702,DEL01-PA,Risco Médio,Baixa
segunda-feira,BR-262,176.0,Pleno dia,Crescente,Céu Claro,Simples,Curva,-20.27596,-41.63802,DEL01-ES,Risco Médio,Média
segunda-feira,BR-282,307.0,Pleno dia,Crescente,Nublado,Simples,Curva,-27.51314,-50.92438,DEL07-SC,Risco Médio,Baixa
segunda-feira,BR-293,54.6,Pleno dia,Crescente,Céu Claro,Simples,Reta,-31.72481,-52.88231,DEL07-RS,Risco Médio,Baixa
quarta-feira,BR-116,28.0,Pleno dia,Crescente,Céu Claro,Simples,Não Informado,-8.086088,-39.12631,DEL05-PE,Risco Baixo,Alta
quinta-feira,BR-116,115.7,Plena Noite,Crescente,Céu Claro,Simples,Reta,-28.97409,-51.06958,DEL05-RS,Risco Médio,Alta
domingo,BR-40,123.0,Plena Noite,Crescente,Garoa/Chuvisco,Múltipla,Reta,-22.79486,-43.28733,DEL01-RJ,Risco Médio,Alta
terça-feira,BR-410,1.0,Pleno dia,Crescente,Céu Claro,Simples,Não Informado,-10.83488,-38.53615,DEL07-BA,Risco Médio,Baixa
sábado,BR-116,47.0,Plena Noite,Crescente,Céu Claro,Simples,Reta,-22.17103,-42.83134,DEL04-RJ,Risco Médio,Alta
domingo,BR-277,171.5,Plena Noite,Crescente,Céu Claro,Simples,Reta,-25.4326,-50.02139,DEL01-PR,Risco Alto,Média
sexta-feira,BR-386,306.0,Pleno dia,Crescente,Céu Claro,Simples,Curva,-29.1947,-52.18572,DEL04-RS,Risco Médio,Média
sexta-feira,BR-60,163.8,Plena Noite,Decrescente,Céu Claro,Dupla,Curva,-16.70322,-49.34061,DEL01-GO,Risco Médio,Média
terça-feira,BR-101,24.8,Plena Noite,Decrescente,Chuva,Simples,Interseção de vias,-26.17868,-48.90855,DEL03-SC,Risco Médio,Alta
quinta-feira,BR-470,161.6,Pleno dia,Crescente,Céu Claro,Simples,Reta,-27.28544,-49.80758,DEL04-SC,Risco Médio,Baixa
quinta-feira,BR-153,494.3,Pleno dia,Crescente,Céu Claro,Dupla,Reta,-16.6614,-49.2218,DEL01-GO,Risco Médio,Alta
quinta-feira,BR-101,178.0,Pleno dia,Decrescente,Nublado,Dupla,Reta,-27.36408,-48.63391,DEL01-SC,Risco Médio,Alta
quarta-feira,BR-101,333.3,Pleno dia,Decrescente,Céu Claro,Dupla,Curva,-20.61464,-40.51385,DEL03-ES,Risco Médio,Alta
terça-feira,BR-101,391.0,Pleno dia,Decrescente,Sol,Simples,Reta,-20.86579,-40.89634,DEL03-ES,Risco Médio,Alta
quinta-feira,BR-101,198.3,Plena Noite,Decrescente,Garoa/Chuvisco,Dupla,Reta,-27.5341,-48.6298,DEL01-SC,Risco Médio,Alta
sábado,BR-40,109.0,Pleno dia,Crescente,Céu Claro,Múltipla,Desvio Temporário,-22.67543,-43.28644,DEL01-RJ,Risco Médio,Alta
quinta-feira,BR-364,703.0,Pleno dia,Crescente,Céu Claro,Simples,Reta,-8.800215,-63.79558,DEL01-RO,Risco Baixo,Alta
domingo,BR-116,149.0,Pleno dia,Crescente,Céu Claro,Dupla,Curva,-29.1634,-51.17967,DEL05-RS,Risco Médio,Alta
terça-feira,BR-60,95.0,Plena Noite,Crescente,Céu Claro,Simples,Não Informado,-16.3679,-48.939,DEL02-GO,Risco Médio,Média
domingo,BR-101,292.0,Plena Noite,Decrescente,Céu Claro,Múltipla,Reta,-28.27806,-48.70039,DEL02-SC,Risco Médio,Alta
sexta-feira,BR-153,138.0,Anoitecer,Decrescente,Céu Claro,Dupla,Rotatória,-7.1551,-48.20416,DEL02-TO,Risco Médio,Alta
segunda-feira,BR-116,417.3,Pleno dia,Crescente,Céu Claro,Simples,Reta,-12.17942,-38.96513,DEL02-BA,Risco Baixo,Alta
segunda-feira,BR-210,41.8,Pleno dia,Decrescente,Chuva,Simples,Curva,0.3668651,-51.07508,DEL01-AP,Risco Médio,Baixa
domingo,BR-153,36.8,Pleno dia,Decrescente,Céu Claro,Simples,Não Informado,-26.82148,-51.72091,DEL07-SC,Risco Médio,Alta
quinta-feira,BR-376,207.5,Plena Noite,Decrescente,Céu Claro,Simples,Reta,-23.56113,-51.66161,DEL09-PR,Risco Médio,Baixa
sexta-feira,BR-40,461.7,Plena Noite,Crescente,Céu Claro,Dupla,Desvio Temporário,-19.40655,-44.33368,DEL02-MG,Risco Médio,Alta
terça-feira,BR-153,505.9,Pleno dia,Decrescente,Sol,Dupla,Reta,-16.7537,-49.2411,DEL01-GO,Risco Médio,Alta
sexta-feira,BR-282,145.0,Pleno dia,Crescente,Chuva,Simples,Curva,-27.80291,-49.63204,DEL05-SC,Risco Médio,Baixa
sábado,BR-60,163.2,Plena Noite,Crescente,Céu Claro,Dupla,Reta,-16.7002,-49.3335,DEL01-GO,Risco Baixo,Média
quarta-feira,BR-101,115.7,Anoitecer,Crescente,Céu Claro,Dupla,Reta,-26.87064,-48.72954,DEL04-SC,Risco Médio,Alta
quarta-feira,BR-308,191.0,Plena Noite,Crescente,Céu Claro,Simples,Reta,-1.066236,-46.76866,DEL01-PA,Risco Médio,Baixa
quarta-feira,BR-116,102.7,Plena Noite,Decrescente,Nublado,Dupla,Reta,-25.56989,-49.18626,DEL01-PR,Risco Baixo,Alta
domingo,BR-364,235.8,Pleno dia,Crescente,Nublado,Simples,Interseção de vias,-11.45062,-61.43025,DEL02-RO,Risco Médio,Alta
sábado,BR-277,602.0,Pleno dia,Decrescente,Céu Claro,Dupla,Não Informado,-25.02817,-53.55983,DEL04-PR,Risco Baixo,Média
segunda-feira,BR-110,48.4,Pleno dia,Decrescente,Céu Claro,Dupla,Reta,-5.21028,-37.33292,DEL04-RN,Risco Baixo,Baixa
sábado,BR-116,103.0,Plena Noite,Decrescente,Nublado,Dupla,Reta,-25.55953,-49.15104,DEL01-PR,Risco Alto,Alta
sexta-feira,BR-40,576.9,Pleno dia,Crescente,Céu Claro,Simples,Interseção de vias,-20.26874,-43.95473,DEL01-MG,Risco Médio,Alta
sábado,BR-280,122.8,Pleno dia,Crescente,Céu Claro,Simples,Rotatória,-26.24856,-49.45713,DEL06-SC,Risco Médio,Baixa
segunda-feira,BR-424,101.0,Pleno dia,Decrescente,Céu Claro,Simples,Reta,-9.660297,-35.85131,DEL02-AL,Risco Médio,Baixa
terça-feira,BR-373,172.1,Pleno dia,Decrescente,Céu Claro,Múltipla,Reta,-25.08043,-50.19872,DEL03-PR,Risco Médio,Baixa
quinta-feira,BR-116,17.6,Pleno dia,Crescente,Céu Claro,Simples,Curva,-21.97482,-42.74723,DEL04-RJ,Risco Médio,Alta
domingo,BR-393,193.2,Anoitecer,Crescente,Nublado,Simples,Reta,-22.20176,-43.36662,DEL05-RJ,Risco Médio,Média
sábado,BR-393,274.0,Pleno dia,Crescente,Sol,Simples,Curva,-22.47848,-43.95125,DEL05-RJ,Risco Baixo,Média
domingo,BR-116,166.0,Pleno dia,Decrescente,Garoa/Chuvisco,Simples,Rotatória,-25.87549,-49.48666,DEL01-PR,Risco Médio,Alta
domingo,BR-365,416.0,Pleno dia,Crescente,Céu Claro,Dupla,Reta,-18.66613,-46.53075,DEL10-MG,Risco Médio,Média
quinta-feira,BR-116,210.0,Plena Noite,Crescente,Céu Claro,Múltipla,Reta,-23.4295,-46.4127,DEL01-SP,Risco Baixo,Alta
sábado,BR-365,307.0,Pleno dia,Decrescente,Chuva,Simples,Reta,-18.17899,-45.80034,DEL10-MG,Risco Médio,Média
terça-feira,BR-101,63.5,Pleno dia,Crescente,Céu Claro,Dupla,Reta,-8.012485,-34.93846,DEL01-PE,Risco Médio,Alta
sexta-feira,BR-116,509.5,Pleno dia,Decrescente,Céu Claro,Simples,Não Informado,-24.83295,-48.2117,DEL05-SP,Risco Baixo,Alta
quinta-feira,BR-410,15.6,Pleno dia,Decrescente,Céu Claro,Simples,Reta,-10.88724,-38.65274,DEL07-BA,Risco Baixo,Baixa
sábado,BR-290,266.4,Pleno dia,Decrescente,Sol,Simples,Reta,-30.2684,-52.88591,DEL02-RS,Risco Médio,Baixa
sábado,BR-153,641.0,Pleno dia,Crescente,Céu Claro,Simples,Reta,-11.45678,-48.99289,DEL01-TO,Risco Médio,Alta
domingo,BR-277,667.5,Pleno dia,Decrescente,Chuva,Dupla,Reta,-25.26824,-54.05845,DEL05-PR,Risco Baixo,Média
quarta-feira,BR-267,80.3,Plena Noite,Decrescente,Nevoeiro/Neblina,Simples,Curva,-21.75479,-43.21242,DEL05-MG,Risco Médio,Baixa
quarta-feira,BR-163,680.1,Plena Noite,Decrescente,Céu Claro,Simples,Reta,-18.92417,-54.83539,DEL06-MS,Risco Alto,Alta
domingo,BR-80,25.0,Pleno dia,Decrescente,Céu Claro,Dupla,Reta,-15.61249,-48.19831,DEL01-DF,Risco Médio,Baixa
terça-feira,BR-40,290.3,Pleno dia,Decrescente,Chuva,Simples,Não Informado,-18.27945,-45.14477,DEL14-MG,Risco Médio,Alta
sábado,BR-116,26.9,Plena Noite,Decrescente,Céu Claro,Dupla,Reta,-3.985789,-38.51524,DEL01-CE,Risco Baixo,Alta
domingo,BR-116,273.0,Plena Noite,Crescente,Céu Claro,Dupla,Reta,-23.6281,-46.8187,DEL04-SP,Risco Médio,Alta
quinta-feira,BR-470,119.2,Pleno dia,Crescente,Chuva,Simples,Curva,-27.08771,-49.51916,DEL04-SC,Risco Médio,Baixa
segunda-feira,BR-290,99.0,Pleno dia,Crescente,Céu Claro,Dupla,Reta,-29.99176,-51.22699,DEL01-RS,Risco Médio,Baixa
segunda-feira,BR-420,73.7,Pleno dia,Crescente,Céu Claro,Dupla,Reta,-12.82804,-38.41062,DEL01-BA,Risco Baixo,Baixa
segunda-feira,BR-262,380.0,Pleno dia,Decrescente,Chuva,Dupla,Curva,-19.9356,-44.4406,DEL01-MG,Risco Médio,Média
quinta-feira,BR-267,160.9,Amanhecer,Crescente,Céu Claro,Simples,Reta,-21.84706,-43.79196,DEL05-MG,Risco Médio,Baixa
terça-feira,BR-101,149.0,Pleno dia,Decrescente,Sol,Simples,Reta,-19.39961,-40.06225,DEL04-ES,Risco Médio,Alta
domingo,BR-267,139.5,Pleno dia,Decrescente,Sol,Simples,Curva,-21.79755,-43.68025,DEL05-MG,Risco Baixo,Baixa
quarta-feira,BR-101,204.0,Pleno dia,Decrescente,Céu Claro,Múltipla,Reta,-27.5832,-48.6151,DEL01-SC,Risco Baixo,Alta
segunda-feira,BR-364,307.0,Pleno dia,Crescente,Céu Claro,Simples,Reta,-17.50498,-52.53976,DEL05-GO,Risco Médio,Alta
sábado,BR-101,675.3,Pleno dia,Crescente,Nublado,Simples,Reta,-16.08713,-39.61478,DEL09-BA,Risco Médio,Alta
domingo,BR-222,182.2,Plena Noite,Decrescente,Chuva,Simples,Curva,-3.755778,-40.06242,DEL04-CE,Risco Alto,Baixa
sexta-feira,BR-116,1.0,Pleno dia,Decrescente,Céu Claro,Dupla,Não Informado,-3.761599,-38.51901,DEL01-CE,Risco Médio,Alta
domingo,BR-381,22.2,Plena Noite,Crescente,Céu Claro,Dupla,Reta,-22.99758,-46.51424,DEL03-SP,Risco Médio,Alta
quarta-feira,BR-277,468.2,Anoitecer,Crescente,Céu Claro,Simples,Reta,-25.32593,-52.51235,DEL04-PR,Risco Médio,Média
quinta-feira,BR-277,593.6,Plena Noite,Crescente,Céu Claro,Simples,Reta,-25.02817,-53.55983,DEL04-PR,Risco Médio,Média
quinta-feira,BR-280,55.2,Pleno dia,Decrescente,Nublado,Simples,Reta,-26.47584,-48.99379,DEL03-SC,Risco Médio,Baixa
domingo,BR-277,140.0,Pleno dia,Crescente,Chuva,Dupla,Curva,-25.468,-49.72593,DEL01-PR,Risco Médio,Média
segunda-feira,BR-153,61.9,Pleno dia,Crescente,Céu Claro,Dupla,Reta,-20.80503,-49.35575,DEL09-SP,Risco Médio,Alta
terça-feira,BR-101,282.0,Pleno dia,Decrescente,Céu Claro,Dupla,Reta,-28.19626,-48.6974,DEL02-SC,Risco Baixo,Alta
sexta-feira,BR-101,146.7,Pleno dia,Decrescente,Céu Claro,Dupla,Reta,-8.466223,-35.36918,DEL01-PE,Risco Médio,Alta
domingo,BR-381,946.5,Pleno dia,Decrescente,Chuva,Dupla,Curva,-22.8631,-46.34545,DEL16-MG,Risco Médio,Alta
sexta-feira,BR-116,694.0,Plena Noite,Decrescente,Céu Claro,Simples,Reta,-13.97564,-40.17289,DEL03-BA,Risco Médio,Alta
sexta-feira,BR-116,158.0,Plena Noite,Crescente,Céu Claro,Múltipla,Desvio Temporário,-23.26072,-45.95179,DEL02-SP,Risco Médio,Alta
terça-feira,BR-174,516.0,Pleno dia,Decrescente,Céu Claro,Simples,Reta,2.893508,-60.70248,DEL01-RR,Risco Médio,Baixa
domingo,BR-330,794.0,Pleno dia,Crescente,Garoa/Chuvisco,Simples,Reta,-13.92327,-40.00455,DEL03-BA,Risco Médio,Baixa
quinta-feira,BR-116,86.3,Pleno dia,Crescente,Nublado,Múltipla,Reta,-22.92639,-45.35308,DEL06-SP,Risco Médio,Alta
quarta-feira,BR-381,528.0,Anoitecer,Decrescente,Chuva,Dupla,Não Informado,-20.16368,-44.36025,DEL04-MG,Risco Médio,Alta
sábado,BR-428,164.0,Pleno dia,Crescente,Céu Claro,Simples,Reta,-9.1864,-40.3801,DEL06-PE,Risco Baixo,Baixa
segunda-feira,BR-40,512.0,Pleno dia,Crescente,Céu Claro,Dupla,Não Informado,-19.79626,-44.10938,DEL01-MG,Risco Médio,Alta
domingo,BR-101,80.0,Plena Noite,Decrescente,Céu Claro,Dupla,Reta,-5.7559,-35.2886,DEL02-RN,Risco Baixo,Alta
sábado,BR-470,252.7,Pleno dia,Crescente,Sol,Simples,Curva,-29.42513,-51.52066,DEL06-RS,Risco Médio,Baixa
sábado,BR-277,633.0,Pleno dia,Crescente,Céu Claro,Simples,Não Informado,-25.12585,-53.81903,DEL05-PR,Risco Baixo,Média
sexta-feira,BR-116,144.7,Pleno dia,Crescente,Céu Claro,Múltipla,Não Informado,-23.18274,-45.84634,DEL02-SP,Risco Médio,Alta
segunda-feira,BR-277,586.3,Anoitecer,Decrescente,Céu Claro,Simples,Reta,-24.96495,-53.42105,DEL04-PR,Risco Baixo,Média
sexta-feira,BR-470,220.0,Pleno dia,Crescente,Chuva,Simples,Não Informado,-29.18739,-51.52057,DEL06-RS,Risco Médio,Baixa
quinta-feira,BR-287,433.2,Pleno dia,Crescente,Céu Claro,Simples,Curva,-29.04933,-55.13979,DEL12-RS,Risco Baixo,Baixa
quarta-feira,BR-116,444.9,Plena Noite,Crescente,Nublado,Dupla,Interseção de vias,-24.49645,-47.84096,DEL05-SP,Risco Médio,Alta
sábado,BR-376,206.9,Plena Noite,Decrescente,Nublado,Dupla,Não Informado,-23.56113,-51.66161,DEL09-PR,Risco Médio,Baixa
terça-feira,BR-116,301.8,Pleno dia,Decrescente,Céu Claro,Dupla,Curva,-23.80406,-46.92141,DEL04-SP,Risco Médio,Alta
sexta-feira,BR-290,86.0,Amanhecer,Crescente,Céu Claro,Múltipla,Reta,-29.96841,-51.11714,DEL01-RS,Risco Médio,Baixa
sexta-feira,BR-365,623.0,Pleno dia,Crescente,Céu Claro,Dupla,Reta,-18.90346,-48.28232,DEL15-MG,Risco Médio,Média
quarta-feira,BR-174,494.5,Plena Noite,Decrescente,Garoa/Chuvisco,Dupla,Reta,2.750012,-60.74237,DEL01-RR,Risco Médio,Baixa
terça-feira,BR-153,21.1,Pleno dia,Crescente,Céu Claro,Dupla,Reta,-18.59656,-49.19245,DEL15-MG,Risco Médio,Alta
domingo,BR-153,217.0,Pleno dia,Decrescente,Nublado,Simples,Curva,-7.793785,-48.46126,DEL02-TO,Risco Alto,Alta