dia_semana,br,km,fase_dia,sentido_via,condicao_metereologica,tipo_pista,tracado_via,latitude,longitude,delegacia,classificacao_acidente,postos_policiais_PRF
quinta-feira,BR-116,546.0,Pleno dia,Crescente,Céu Claro,Simples,Curva,-24.94709,-48.43042,DEL05-SP,Risco Médio,Alta
sexta-feira,BR-230,23.0,Pleno dia,Decrescente,Céu Claro,Dupla,Reta,-7.1562,-34.8574,DEL01-PB,Risco Baixo,Baixa
domingo,BR-467,102.4,Plena Noite,Crescente,Céu Claro,Dupla,Não Informado,-24.90382,-53.5184,DEL04-PR,Risco Médio,Baixa
quinta-feira,BR-101,49.1,Pleno dia,Decrescente,Céu Claro,Múltipla,Não Informado,-7.900515,-34.90181,DEL01-PE,Risco Médio,Alta
segunda-feira,BR-101,473.0,Pleno dia,Crescente,Nublado,Múltipla,Retorno Regulamentado,-22.98961,-44.24169,DEL03-RJ,Risco Médio,Alta
sábado,BR-116,24.0,Plena Noite,Decrescente,Chuva,Simples,Curva,-22.03065,-42.77714,DEL04-RJ,Risco Médio,Alta
quinta-feira,BR-317,181.8,Amanhecer,Crescente,Nublado,Simples,Reta,-10.59126,-67.96941,DEL01-AC,Risco Médio,Baixa
domingo,BR-408,89.3,Pleno dia,Decrescente,Céu Claro,Dupla,Reta,-7.98284,-35.08044,DEL01-PE,Risco Baixo,Baixa
quarta-feira,BR-116,276.6,Pleno dia,Decrescente,Sol,Dupla,Reta,-23.62703,-46.81778,DEL04-SP,Risco Médio,Alta
domingo,BR-70,607.5,Plena Noite,Decrescente,Céu Claro,Múltipla,Reta,-15.84466,-56.78687,DEL03-MT,Risco Médio,Baixa
quarta-feira,BR-465,6.0,Pleno dia,Crescente,Céu Claro,Simples,Ponte,-22.75431,-43.69288,DEL01-RJ,Risco Médio,Baixa
segunda-feira,BR-101,295.0,Pleno dia,Decrescente,Céu Claro,Dupla,Não Informado,-20.33224,-40.40005,DEL01-ES,Risco Médio,Alta
sexta-feira,BR-101,448.0,Pleno dia,Decrescente,Céu Claro,Simples,Curva,-21.1517,-41.2735,DEL03-ES,Risco Baixo,Alta
quarta-feira,BR-470,185.4,Plena Noite,Decrescente,Chuva,Simples,Reta,-27.25403,-50.03657,DEL04-SC,Risco Médio,Baixa
quarta-feira,BR-343,259.2,Pleno dia,Decrescente,Céu Claro,Simples,Interseção de vias,-4.796443,-42.13051,DEL01-PI,Risco Médio,Baixa
domingo,BR-153,353.0,Pleno dia,Crescente,Céu Claro,Simples,Reta,-25.62594,-50.71917,DEL08-PR,Risco Médio,Alta
segunda-feira,BR-40,37.2,Pleno dia,Crescente,Céu Claro,Simples,Não Informado,-17.20445,-46.90534,DEL14-MG,Risco Baixo,Alta
quarta-feira,BR-101,151.0,Amanhecer,Crescente,Céu Claro,Dupla,Reta,-27.12654,-48.60964,DEL04-SC,Risco Alto,Alta
domingo,BR-153,134.6,Anoitecer,Crescente,Céu Claro,Simples,Ponte,-19.51802,-48.83634,DEL15-MG,Risco Alto,Alta
sábado,BR-282,18.0,Pleno dia,Crescente,Céu Claro,Simples,Reta,-27.6728,-48.69429,DEL01-SC,Risco Médio,Baixa
domingo,BR-116,151.0,Pleno dia,Crescente,Sol,Dupla,Reta,-29.18515,-51.17346,DEL05-RS,Risco Baixo,Alta
quarta-feira,BR-101,229.4,Pleno dia,Decrescente,Nublado,Dupla,Reta,-19.92728,-40.40587,DEL02-ES,Risco Médio,Alta
terça-feira,BR-135,7.8,Pleno dia,Crescente,Céu Claro,Dupla,Desvio Temporário,-2.640552,-44.27172,DEL01-MA,Risco Médio,Baixa
terça-feira,BR-163,714.0,Pleno dia,Crescente,Chuva,Simples,Reta,-12.97102,-55.87534,DEL06-MT,Risco Médio,Alta
sábado,BR-381,857.4,Pleno dia,Decrescente,Chuva,Dupla,Reta,-22.30122,-45.90052,DEL16-MG,Risco Médio,Alta
quinta-feira,BR-101,46.0,Plena Noite,Crescente,Céu Claro,Múltipla,Reta,-7.87406,-34.90588,DEL01-PE,Risco Médio,Alta
sábado,BR-101,325.0,Pleno dia,Decrescente,Sol,Dupla,Reta,-22.87218,-43.14471,DEL02-RJ,Risco Médio,Alta
terça-feira,BR-316,84.0,Plena Noite,Crescente,Chuva,Simples,Reta,-1.311744,-47.73577,DEL01-PA,Risco Alto,Baixa
sábado,BR-116,131.9,Pleno dia,Decrescente,Nublado,Simples,Curva,-29.04244,-51.09119,DEL05-RS,Risco Médio,Alta
sexta-feira,BR-470,224.3,Pleno dia,Crescente,Chuva,Simples,Curva,-27.31802,-50.33329,DEL02-SC,Risco Baixo,Baixa
sexta-feira,BR-376,548.0,Plena Noite,Decrescente,Ignorado,Dupla,Reta,-25.40908,-49.77991,DEL03-PR,Risco Alto,Baixa
quinta-feira,BR-116,1.0,Pleno dia,Crescente,Céu Claro,Simples,Rotatória,-26.11709,-49.78695,DEL06-SC,Risco Baixo,Alta
domingo,BR-251,474.0,Pleno dia,Crescente,Céu Claro,Simples,Não Informado,-16.4663,-43.4385,DEL12-MG,Risco Médio,Baixa
segunda-feira,BR-381,212.1,Pleno dia,Decrescente,Céu Claro,Simples,Curva,-19.24611,-42.33758,DEL06-MG,Risco Médio,Alta
terça-feira,BR-116,115.9,Plena Noite,Crescente,Céu Claro,Simples,Reta,-28.9712,-51.0722,DEL05-RS,Risco Médio,Alta
segunda-feira,BR-381,888.9,Pleno dia,Crescente,Chuva,Dupla,Curva,-22.53299,-46.02957,DEL16-MG,Risco Médio,Alta
sexta-feira,BR-101,11.4,Pleno dia,Crescente,Céu Claro,Dupla,Reta,-8.956187,-35.66989,DEL01-AL,Risco Alto,Alta
sexta-feira,BR-101,204.7,Pleno dia,Decrescente,Céu Claro,Múltipla,Reta,-27.57413,-48.61363,DEL01-SC,Risco Médio,Alta
segunda-feira,BR-290,98.0,Pleno dia,Crescente,Céu Claro,Múltipla,Reta,-29.99482,-51.2174,DEL01-RS,Risco Médio,Baixa
domingo,BR-153,177.0,Amanhecer,Decrescente,Céu Claro,Simples,Reta,-14.31913,-49.15099,DEL07-GO,Risco Médio,Alta
quarta-feira,BR-262,366.0,Pleno dia,Crescente,Céu Claro,Dupla,Não Informado,-19.97422,-44.2618,DEL01-MG,Risco Médio,Média
sexta-feira,BR-20,41.3,Pleno dia,Crescente,Céu Claro,Simples,Reta,-15.39628,-47.09988,DEL02-DF,Risco Alto,Baixa
domingo,BR-277,56.0,Plena Noite,Crescente,Céu Claro,Dupla,Reta,-25.58612,-48.95485,DEL01-PR,Risco Baixo,Média
sábado,BR-230,111.0,Plena Noite,Crescente,Nublado,Simples,Reta,-5.371396,-49.04005,DEL03-PA,Risco Médio,Baixa
terça-feira,BR-230,727.0,Pleno dia,Decrescente,Céu Claro,Dupla,Curva,-3.401317,-52.74645,DEL04-PA,Risco Médio,Baixa
segunda-feira,BR-153,37.8,Pleno dia,Decrescente,Céu Claro,Simples,Não Informado,-23.2608,-50.05681,DEL07-PR,Risco Baixo,Alta
sexta-feira,BR-116,407.0,Plena Noite,Decrescente,Céu Claro,Dupla,Reta,-12.09034,-38.96915,DEL02-BA,Risco Médio,Alta
quarta-feira,BR-232,39.3,Pleno dia,Crescente,Céu Claro,Dupla,Curva,-8.117252,-35.22704,DEL01-PE,Risco Médio,Baixa
segunda-feira,BR-470,52.7,Pleno dia,Decrescente,Nublado,Simples,Reta,-26.86183,-49.08225,DEL04-SC,Risco Médio,Baixa
terça-feira,BR-470,210.5,Pleno dia,Crescente,Céu Claro,Simples,Curva,-29.12998,-51.5424,DEL06-RS,Risco Médio,Baixa
domingo,BR-373,305.5,Pleno dia,Crescente,Sol,Simples,Não Informado,-25.32076,-51.19047,DEL03-PR,Risco Médio,Baixa
domingo,BR-101,254.3,Plena Noite,Decrescente,Nublado,Simples,Reta,-20.11004,-40.3274,DEL02-ES,Risco Médio,Alta
quarta-feira,BR-163,766.0,Amanhecer,Decrescente,Sol,Simples,Reta,-12.4503,-55.6604,DEL06-MT,Risco Baixo,Alta
sexta-feira,BR-116,467.0,Amanhecer,Crescente,Céu Claro,Dupla,Reta,-24.64978,-47.9353,DEL05-SP,Risco Médio,Alta
segunda-feira,BR-158,314.1,Plena Noite,Crescente,Céu Claro,Simples,Não Informado,-29.6456,-53.75579,DEL09-RS,Risco Médio,Baixa
domingo,BR-381,300.0,Plena Noite,Crescente,Chuva,Dupla,Reta,-19.63688,-42.89911,DEL03-MG,Risco Médio,Alta
sábado,BR-153,652.8,Plena Noite,Crescente,Céu Claro,Simples,Reta,-31.72688,-54.15506,DEL11-RS,Risco Alto,Alta
sábado,BR-101,203.0,Pleno dia,Crescente,Nublado,Múltipla,Interseção de vias,-27.56322,-48.61482,DEL01-SC,Risco Médio,Alta
terça-feira,BR-282,80.7,Pleno dia,Crescente,Garoa/Chuvisco,Simples,Curva,-27.66355,-49.15931,DEL01-SC,Risco Médio,Baixa
sábado,BR-101,412.5,Plena Noite,Decrescente,Céu Claro,Simples,Rotatória,-28.94938,-49.50665,DEL02-SC,Risco Médio,Alta
sexta-feira,BR-153,638.0,Plena Noite,Decrescente,Nublado,Dupla,Reta,-17.85477,-49.22163,DEL03-GO,Risco Baixo,Alta
sábado,BR-101,725.0,Pleno dia,Crescente,Céu Claro,Simples,Não Informado,-16.42289,-39.58385,DEL09-BA,Risco Baixo,Alta
quinta-feira,BR-381,303.0,Plena Noite,Decrescente,Nublado,Simples,Curva,-19.6243,-42.8685,DEL03-MG,Risco Médio,Alta
terça-feira,BR-163,638.0,Anoitecer,Decrescente,Céu Claro,Simples,Reta,-13.57556,-56.02965,DEL01-MT,Risco Baixo,Alta
segunda-feira,BR-101,57.0,Plena Noite,Decrescente,Nublado,Múltipla,Reta,-26.43646,-48.81113,DEL03-SC,Risco Alto,Alta
quarta-feira,BR-381,778.5,Pleno dia,Decrescente,Nublado,Dupla,Curva,-21.80494,-45.47469,DEL16-MG,Risco Médio,Alta
quarta-feira,BR-222,518.3,Plena Noite,Crescente,Céu Claro,Simples,Reta,-4.350054,-46.3902,DEL02-MA,Risco Alto,Baixa
domingo,BR-40,115.0,Amanhecer,Crescente,Céu Claro,Múltipla,Reta,-22.72757,-43.28916,DEL01-RJ,Risco Médio,Alta
terça-feira,BR-101,49.5,Pleno dia,Decrescente,Sol,Simples,Não Informado,-23.44411,-45.08376,DEL06-SP,Risco Médio,Alta
terça-feira,BR-381,72.0,Pleno dia,Crescente,Céu Claro,Múltipla,Reta,-23.35875,-46.55021,DEL03-SP,Risco Baixo,Alta
domingo,BR-163,551.5,Amanhecer,Crescente,Céu Claro,Simples,Reta,-19.89092,-54.37389,DEL01-MS,Risco Médio,Alta
quarta-feira,BR-381,939.0,Pleno dia,Crescente,Céu Claro,Dupla,Curva,-22.81931,-46.29863,DEL16-MG,Risco Baixo,Alta
quarta-feira,BR-376,476.3,Pleno dia,Crescente,Céu Claro,Simples,Interseção de vias,-25.03949,-50.27819,DEL03-PR,Risco Médio,Baixa
quinta-feira,BR-116,146.9,Amanhecer,Crescente,Céu Claro,Dupla,Reta,-23.1939,-45.86907,DEL02-SP,Risco Médio,Alta
terça-feira,BR-381,482.7,Anoitecer,Decrescente,Céu Claro,Múltipla,Não Informado,-19.95891,-44.07453,DEL01-MG,Risco Médio,Alta
quinta-feira,BR-262,646.0,Plena Noite,Decrescente,Céu Claro,Simples,Curva,-19.57765,-46.59974,DEL08-MG,Risco Médio,Média
quinta-feira,BR-376,160.8,Pleno dia,Crescente,Céu Claro,Dupla,Não Informado,-23.36838,-52.06573,DEL09-PR,Risco Médio,Baixa
domingo,BR-153,63.2,Pleno dia,Crescente,Céu Claro,Dupla,Reta,-20.8215,-49.35765,DEL09-SP,Risco Baixo,Alta
domingo,BR-376,367.0,Plena Noite,Crescente,Céu Claro,Simples,Reta,-24.32064,-50.85479,DEL07-PR,Risco Médio,Baixa
segunda-feira,BR-290,96.0,Pleno dia,Crescente,Céu Claro,Múltipla,Reta,-29.9964,-51.20621,DEL01-RS,Risco Médio,Baixa
domingo,BR-376,405.5,Pleno dia,Decrescente,Garoa/Chuvisco,Simples,Reta,-24.59286,-50.6724,DEL03-PR,Risco Médio,Baixa
sexta-feira,BR-116,238.5,Plena Noite,Decrescente,Céu Claro,Simples,Reta,-27.73981,-50.33546,DEL05-SC,Risco Médio,Alta
quinta-feira,BR-70,190.0,Pleno dia,Decrescente,Chuva,Simples,Curva,-15.7157,-53.6607,DEL05-MT,Risco Alto,Baixa
domingo,BR-280,67.5,Plena Noite,Decrescente,Nublado,Simples,Reta,-26.47751,-49.10364,DEL03-SC,Risco Médio,Baixa
quinta-feira,BR-470,72.3,Pleno dia,Decrescente,Céu Claro,Simples,Reta,-26.89105,-49.25674,DEL04-SC,Risco Médio,Baixa
sábado,BR-40,799.0,Pleno dia,Decrescente,Nublado,Simples,Curva,-21.82857,-43.37364,DEL05-MG,Risco Médio,Alta
quinta-feira,BR-101,194.0,Plena Noite,Decrescente,Nublado,Dupla,Reta,-27.5055,-48.6491,DEL01-SC,Risco Médio,Alta
domingo,BR-280,80.3,Pleno dia,Crescente,Céu Claro,Simples,Interseção de vias,-26.43925,-49.22964,DEL06-SC,Risco Baixo,Baixa
quarta-feira,BR-116,188.0,Amanhecer,Crescente,Céu Claro,Dupla,Reta,-22.73617,-43.54315,DEL01-RJ,Risco Médio,Alta
quinta-feira,BR-429,209.5,Pleno dia,Crescente,Céu Claro,Simples,Reta,-11.81051,-63.12196,DEL02-RO,Risco Médio,Baixa
sexta-feira,BR-101,468.0,Pleno dia,Decrescente,Céu Claro,Simples,Reta,-23.00722,-44.22359,DEL03-RJ,Risco Médio,Alta
terça-feira,BR-60,135.5,Plena Noite,Decrescente,Céu Claro,Dupla,Não Informado,-16.589,-49.1945,DEL01-GO,Risco Baixo,Média
segunda-feira,BR-104,59.0,Pleno dia,Decrescente,Céu Claro,Simples,Curva,-6.799601,-35.95593,DEL02-PB,Risco Médio,Baixa
quarta-feira,BR-412,138.1,Pleno dia,Crescente,Céu Claro,Simples,Não Informado,-7.852162,-37.07451,DEL02-PB,Risco Médio,Baixa
segunda-feira,BR-60,650.4,Pleno dia,Crescente,Céu Claro,Simples,Curva,-21.88804,-56.33232,DEL05-MS,Risco Baixo,Média
domingo,BR-101,316.0,Plena Noite,Decrescente,Garoa/Chuvisco,Dupla,Reta,-22.82836,-43.09209,DEL02-RJ,Risco Médio,Alta
sexta-feira,BR-110,7.0,Pleno dia,Crescente,Céu Claro,Simples,Reta,-9.514474,-38.21809,DEL07-BA,Risco Médio,Baixa
sábado,BR-101,214.2,Pleno dia,Decrescente,Nublado,Dupla,Reta,-22.49876,-42.26745,DEL02-RJ,Risco Médio,Alta
terça-feira,BR-116,419.0,Plena Noite,Crescente,Céu Claro,Dupla,Reta,-24.356,-47.6648,DEL05-SP,Risco Baixo,Alta
terça-feira,BR-367,62.0,Pleno dia,Crescente,Ignorado,Simples,Reta,-16.39326,-39.40101,DEL09-BA,Risco Médio,Baixa
quinta-feira,BR-10,269.0,Anoitecer,Decrescente,Céu Claro,Simples,Reta,-5.382404,-47.47606,DEL04-MA,Risco Médio,Baixa
quarta-feira,BR-116,633.0,Plena Noite,Crescente,Nublado,Simples,Reta,-13.51908,-40.05884,DEL03-BA,Risco Baixo,Alta
domingo,BR-20,21.5,Pleno dia,Decrescente,Céu Claro,Dupla,Reta,-15.60338,-47.68469,DEL02-DF,Risco Médio,Baixa
quinta-feira,BR-101,126.0,Pleno dia,Crescente,Sol,Dupla,Reta,-26.95564,-48.67978,DEL04-SC,Risco Médio,Alta
sábado,BR-381,484.3,Plena Noite,Crescente,Vento,Dupla,Reta,-19.95826,-44.0906,DEL01-MG,Risco Médio,Alta
sexta-feira,BR-101,292.0,Pleno dia,Decrescente,Céu Claro,Dupla,Reta,-22.76041,-42.87851,DEL02-RJ,Risco Baixo,Alta
quinta-feira,BR-101,70.1,Pleno dia,Decrescente,Chuva,Dupla,Curva,-8.069702,-34.9423,DEL01-PE,Risco Baixo,Alta
terça-feira,BR-174,15.7,Anoitecer,Decrescente,Céu Claro,Simples,Interseção de vias,-12.72332,-60.12801,DEL04-RO,Risco Médio,Baixa
quinta-feira,BR-101,332.0,Pleno dia,Crescente,Sol,Dupla,Reta,-28.46016,-48.98969,DEL02-SC,Risco Médio,Alta
sábado,BR-232,39.0,Pleno dia,Crescente,Céu Claro,Dupla,Curva,-8.117252,-35.22704,DEL02-PE,Risco Baixo,Baixa
domingo,BR-470,111.2,Pleno dia,Decrescente,Céu Claro,Simples,Curva,-27.09539,-49.45788,DEL04-SC,Risco Baixo,Baixa
sábado,BR-381,885.3,Pleno dia,Crescente,Céu Claro,Dupla,Curva,-22.50421,-46.01545,DEL16-MG,Risco Médio,Alta
sexta-feira,BR-369,501.8,Pleno dia,Crescente,Sol,Simples,Rotatória,-24.80217,-53.29093,DEL04-PR,Risco Baixo,Baixa
terça-feira,BR-381,453.0,Plena Noite,Decrescente,Céu Claro,Simples,Reta,-19.85198,-43.88851,DEL01-MG,Risco Médio,Alta
domingo,BR-287,277.2,Pleno dia,Crescente,Chuva,Simples,Reta,-29.65828,-54.14131,DEL09-RS,Risco Médio,Baixa
segunda-feira,BR-381,485.0,Pleno dia,Crescente,Céu Claro,Múltipla,Reta,-19.95659,-44.12623,DEL01-MG,Risco Médio,Alta
domingo,BR-70,713.8,Pleno dia,Crescente,Garoa/Chuvisco,Simples,Reta,-16.19605,-57.58986,DEL03-MT,Risco Baixo,Baixa
quinta-feira,BR-153,491.0,Plena Noite,Decrescente,Nublado,Simples,Reta,-16.639,-49.2063,DEL01-GO,Risco Médio,Alta
segunda-feira,BR-116,459.0,Plena Noite,Decrescente,Céu Claro,Dupla,Reta,-12.42082,-39.19884,DEL02-BA,Risco Médio,Alta
terça-feira,BR-60,95.4,Pleno dia,Decrescente,Céu Claro,Dupla,Reta,-16.36541,-48.93645,DEL02-GO,Risco Médio,Média
sábado,BR-110,47.7,Pleno dia,Crescente,Céu Claro,Simples,Reta,-5.203384,-37.32563,DEL04-RN,Risco Médio,Baixa
sexta-feira,BR-153,631.6,Plena Noite,Crescente,Céu Claro,Dupla,Não Informado,-17.8017,-49.2067,DEL03-GO,Risco Médio,Alta
terça-feira,BR-381,89.1,Anoitecer,Crescente,Nublado,Múltipla,Reta,-23.48938,-46.55951,DEL03-SP,Risco Médio,Alta
sexta-feira,BR-343,247.1,Pleno dia,Crescente,Céu Claro,Simples,Reta,-4.704407,-42.08691,DEL01-PI,Risco Médio,Baixa
domingo,BR-40,332.5,Pleno dia,Crescente,Sol,Simples,Desvio Temporário,-18.59007,-45.00882,DEL14-MG,Risco Baixo,Alta
quinta-feira,BR-282,436.8,Plena Noite,Decrescente,Chuva,Simples,Rotatória,-26.96859,-51.85684,DEL07-SC,Risco Alto,Baixa
sexta-feira,BR-116,37.0,Plena Noite,Decrescente,Céu Claro,Simples,Interseção de vias,-28.49878,-50.91769,DEL05-RS,Risco Médio,Alta
sexta-feira,BR-40,2.5,Pleno dia,Crescente,Céu Claro,Dupla,Reta,-16.06713,-47.98423,DEL01-DF,Risco Médio,Alta
segunda-feira,BR-116,117.9,Plena Noite,Decrescente,Céu Claro,Simples,Curva,-28.9831,-51.06761,DEL05-RS,Risco Médio,Alta
domingo,BR-282,643.5,Plena Noite,Crescente,Céu Claro,Múltipla,Reta,-26.76769,-53.48055,DEL07-SC,Risco Médio,Baixa
terça-feira,BR-376,349.0,Pleno dia,Crescente,Céu Claro,Dupla,Reta,-24.23742,-50.91758,DEL07-PR,Risco Médio,Baixa
quarta-feira,BR-407,125.0,Pleno dia,Decrescente,Céu Claro,Dupla,Reta,-9.377953,-40.53544,DEL06-PE,Risco Médio,Baixa
segunda-feira,BR-163,435.0,Pleno dia,Crescente,Chuva,Simples,Não Informado,-20.85682,-54.50963,DEL01-MS,Risco Médio,Alta
domingo,BR-290,50.0,Anoitecer,Crescente,Céu Claro,Dupla,Reta,-29.90663,-50.75771,DEL03-RS,Risco Médio,Baixa
domingo,BR-153,71.4,Pleno dia,Crescente,Céu Claro,Múltipla,Desvio Temporário,-18.98733,-49.02193,DEL15-MG,Risco Médio,Alta
quinta-feira,BR-116,280.1,Plena Noite,Crescente,Céu Claro,Simples,Reta,-23.66996,-46.85591,DEL04-SP,Risco Médio,Alta
domingo,BR-50,116.0,Plena Noite,Decrescente,Chuva,Dupla,Reta,-17.08826,-47.67236,DEL01-DF,Risco Médio,Média
segunda-feira,BR-493,0.9,Plena Noite,Crescente,Garoa/Chuvisco,Múltipla,Reta,-22.76815,-42.92217,DEL02-RJ,Risco Médio,Baixa
domingo,BR-101,197.5,Anoitecer,Crescente,Céu Claro,Múltipla,Interseção de vias,-27.52189,-48.6371,DEL01-SC,Risco Médio,Alta
sábado,BR-116,443.0,Anoitecer,Crescente,Céu Claro,Simples,Reta,-7.070741,-38.78551,DEL05-CE,Risco Baixo,Alta
terça-feira,BR-101,267.0,Plena Noite,Crescente,Céu Claro,Dupla,Reta,-20.19931,-40.26885,DEL02-ES,Risco Médio,Alta
sexta-feira,BR-364,155.5,Pleno dia,Crescente,Céu Claro,Simples,Reta,-16.76716,-54.25368,DEL02-MT,Risco Baixo,Alta
sexta-feira,BR-364,483.0,Pleno dia,Crescente,Céu Claro,Simples,Reta,-10.12655,-62.88764,DEL03-RO,Risco Baixo,Alta
segunda-feira,BR-381,487.9,Pleno dia,Crescente,Céu Claro,Dupla,Não Informado,-19.95772,-44.12103,DEL01-MG,Risco Médio,Alta
sexta-feira,BR-40,532.0,Pleno dia,Crescente,Céu Claro,Dupla,Não Informado,-19.9248,-44.0138,DEL01-MG,Risco Médio,Alta
domingo,BR-232,195.8,Pleno dia,Crescente,Céu Claro,Simples,Curva,-8.368363,-36.5698,DEL02-PE,Risco Alto,Baixa
quinta-feira,BR-153,41.9,Plena Noite,Crescente,Céu Claro,Simples,Reta,-20.63749,-49.33846,DEL09-SP,Risco Médio,Alta
domingo,BR-116,223.4,Amanhecer,Decrescente,Céu Claro,Simples,Curva,-29.58827,-51.09918,DEL01-RS,Risco Médio,Alta
domingo,BR-407,139.0,Pleno dia,Decrescente,Céu Claro,Simples,Reta,-10.55999,-40.13627,DEL04-BA,Risco Médio,Baixa
sexta-feira,BR-163,987.0,Plena Noite,Decrescente,Nublado,Simples,Reta,-2.583771,-54.7204,DEL05-PA,Risco Médio,Alta
terça-feira,BR-222,5.0,Plena Noite,Crescente,Céu Claro,Simples,Reta,-3.736507,-38.65337,DEL01-CE,Risco Médio,Baixa
sexta-feira,BR-381,44.0,Plena Noite,Crescente,Céu Claro,Múltipla,Reta,-23.13862,-46.57584,DEL03-SP,Risco Médio,Alta
sábado,BR-356,280.7,Pleno dia,Crescente,Chuva,Simples,Não Informado,-21.12553,-42.37548,DEL07-MG,Risco Médio,Baixa
sexta-feira,BR-153,2.0,Pleno dia,Crescente,Chuva,Dupla,Reta,-18.43435,-49.19083,DEL15-MG,Risco Baixo,Alta
segunda-feira,BR-101,61.2,Plena Noite,Crescente,Nublado,Dupla,Reta,-29.68709,-50.15217,DEL03-RS,Risco Baixo,Alta
sábado,BR-316,121.5,Plena Noite,Crescente,Céu Claro,Simples,Não Informado,-5.965754,-42.34543,DEL04-PI,Risco Médio,Baixa
segunda-feira,BR-101,40.1,Pleno dia,Decrescente,Céu Claro,Dupla,Reta,-26.31092,-48.87689,DEL03-SC,Risco Médio,Alta
quinta-feira,BR-381,451.0,Pleno dia,Decrescente,Céu Claro,Simples,Reta,-19.83478,-43.85545,DEL01-MG,Risco Médio,Alta
segunda-feira,BR-365,618.5,Pleno dia,Crescente,Céu Claro,Dupla,Não Informado,-18.89154,-48.25457,DEL15-MG,Risco Baixo,Média
quarta-feira,BR-116,223.4,Pleno dia,Crescente,Céu Claro,Múltipla,Reta,-23.50481,-46.57104,DEL01-SP,Risco Médio,Alta
sábado,BR-116,121.0,Plena Noite,Crescente,Nublado,Dupla,Não Informado,-25.59623,-49.3166,DEL01-PR,Risco Médio,Alta
sábado,BR-222,274.0,Plena Noite,Crescente,Chuva,Simples,Curva,-3.761446,-40.76529,DEL04-CE,Risco Alto,Baixa
sábado,BR-465,13.0,Plena Noite,Crescente,Garoa/Chuvisco,Simples,Reta,-22.79847,-43.64551,DEL01-RJ,Risco Médio,Baixa
sexta-feira,BR-116,175.3,Pleno dia,Decrescente,Nublado,Múltipla,Reta,-22.76248,-43.42164,DEL01-RJ,Risco Médio,Alta
sábado,BR-470,237.0,Pleno dia,Crescente,Céu Claro,Simples,Reta,-29.32961,-51.49907,DEL06-RS,Risco Médio,Baixa
domingo,BR-376,642.7,Plena Noite,Crescente,Garoa/Chuvisco,Dupla,Reta,-25.79777,-49.13129,DEL01-PR,Risco Baixo,Baixa
segunda-feira,BR-101,65.0,Pleno dia,Decrescente,Sol,Simples,Viaduto,-18.70936,-39.87762,DEL04-ES,Risco Médio,Alta
segunda-feira,BR-116,6.5,Plena Noite,Crescente,Céu Claro,Múltipla,Reta,-3.80632,-38.50236,DEL01-CE,Risco Baixo,Alta
terça-feira,BR-369,159.0,Pleno dia,Decrescente,Céu Claro,Dupla,Reta,-23.28259,-51.25096,DEL07-PR,Risco Médio,Baixa
segunda-feira,BR-101,194.9,Pleno dia,Crescente,Garoa/Chuvisco,Múltipla,Reta,-27.49815,-48.65661,DEL01-SC,Risco Médio,Alta
sábado,BR-280,51.0,Plena Noite,Crescente,Céu Claro,Simples,Reta,-26.46811,-48.96274,DEL03-SC,Risco Médio,Baixa
quarta-feira,BR-101,222.0,Pleno dia,Decrescente,Chuva,Simples,Reta,-19.86968,-40.40916,DEL02-ES,Risco Médio,Alta
quarta-feira,BR-116,425.0,Amanhecer,Decrescente,Céu Claro,Dupla,Não Informado,-12.24639,-38.98667,DEL02-BA,Risco Médio,Alta
domingo,BR-235,311.0,Pleno dia,Decrescente,Céu Claro,Simples,Reta,-9.50123,-40.18046,DEL07-BA,Risco Alto,Baixa
quarta-feira,BR-174,20.0,Amanhecer,Crescente,Céu Claro,Simples,Curva,-12.68305,-60.10934,DEL04-RO,Risco Baixo,Baixa
sexta-feira,BR-282,464.0,Pleno dia,Decrescente,Nublado,Simples,Reta,-26.85557,-52.05828,DEL07-SC,Risco Médio,Baixa
terça-feira,BR-40,785.5,Plena Noite,Crescente,Céu Claro,Dupla,Reta,-21.73953,-43.44522,DEL05-MG,Risco Baixo,Alta
sexta-feira,BR-20,426.5,Pleno dia,Decrescente,Sol,Dupla,Não Informado,-3.86373,-38.52332,DEL01-CE,Risco Baixo,Baixa
sexta-feira,BR-153,509.9,Plena Noite,Crescente,Céu Claro,Dupla,Reta,-16.7888,-49.2379,DEL01-GO,Risco Médio,Alta
segunda-feira,BR-251,449.8,Amanhecer,Decrescente,Nublado,Simples,Não Informado,-16.42053,-43.28967,DEL12-MG,Risco Alto,Baixa
sábado,BR-110,2.3,Plena Noite,Crescente,Nublado,Simples,Não Informado,-4.940338,-37.11339,DEL04-RN,Risco Médio,Baixa
sexta-feira,BR-304,296.0,Plena Noite,Crescente,Nublado,Simples,Reta,-5.864849,-35.34931,DEL01-RN,Risco Baixo,Baixa
sábado,BR-101,38.7,Plena Noite,Decrescente,Garoa/Chuvisco,Simples,Reta,-11.80191,-37.95731,DEL02-SE,Risco Médio,Alta
terça-feira,BR-381,536.0,Pleno dia,Decrescente,Nublado,Simples,Curva,-20.22443,-44.39531,DEL04-MG,Risco Médio,Alta
quarta-feira,BR-316,185.2,Plena Noite,Crescente,Céu Claro,Simples,Reta,-6.287657,-41.93962,DEL04-PI,Risco Médio,Baixa
sexta-feira,BR-116,9.0,Plena Noite,Decrescente,Céu Claro,Dupla,Reta,-25.3708,-49.1246,DEL01-PR,Risco Médio,Alta