dia_semana,br,km,fase_dia,sentido_via,condicao_metereologica,tipo_pista,tracado_via,latitude,longitude,delegacia,classificacao_acidente,postos_policiais_PRF
quinta-feira,BR-392,673.4,Plena Noite,Crescente,Céu Claro,Simples,Reta,-28.11912,-54.84378,DEL10-RS,Risco Médio,Média
sábado,BR-101,83.0,Pleno dia,Decrescente,Céu Claro,Dupla,Reta,-5.770332,-35.26834,DEL02-RN,Risco Médio,Alta
sexta-feira,BR-153,133.0,Amanhecer,Decrescente,Céu Claro,Simples,Reta,-19.507,-48.8464,DEL15-MG,Risco Alto,Alta
segunda-feira,BR-101,329.0,Pleno dia,Decrescente,Céu Claro,Dupla,Reta,-28.44405,-48.96611,DEL02-SC,Risco Médio,Alta
sexta-feira,BR-386,346.2,Pleno dia,Crescente,Nublado,Dupla,Reta,-29.45656,-51.9577,DEL04-RS,Risco Médio,Média
sábado,BR-343,309.0,Plena Noite,Decrescente,Céu Claro,Simples,Reta,-5.04012,-42.47674,DEL01-PI,Risco Baixo,Baixa
segunda-feira,BR-101,255.7,Plena Noite,Crescente,Chuva,Simples,Reta,-20.11488,-40.31944,DEL02-ES,Risco Baixo,Alta
segunda-feira,BR-376,175.3,Pleno dia,Crescente,Céu Claro,Dupla,Reta,-23.41136,-51.94078,DEL07-PR,Risco Médio,Baixa
sexta-feira,BR-364,332.0,Plena Noite,Decrescente,Vento,Dupla,Não Informado,-15.82816,-55.44793,DEL02-MT,Risco Baixo,Alta
quinta-feira,BR-232,8.4,Anoitecer,Crescente,Céu Claro,Simples,Reta,-8.076927,-34.97534,DEL01-PE,Risco Médio,Baixa
sábado,BR-381,510.0,Plena Noite,Crescente,Céu Claro,Simples,Reta,-20.07738,-44.30434,DEL01-MG,Risco Médio,Alta
domingo,BR-392,44.6,Plena Noite,Crescente,Nublado,Dupla,Reta,-31.93017,-52.31259,DEL07-RS,Risco Baixo,Média
quinta-feira,BR-316,267.3,Pleno dia,Decrescente,Chuva,Simples,Ponte,-9.587583,-35.87801,DEL02-AL,Risco Baixo,Baixa
quinta-feira,BR-60,438.0,Pleno dia,Decrescente,Nublado,Dupla,Reta,-17.8357,-51.4044,DEL04-GO,Risco Baixo,Média
sábado,BR-280,82.5,Pleno dia,Decrescente,Nublado,Simples,Rotatória,-26.35096,-49.17858,DEL06-SC,Risco Médio,Baixa
sábado,BR-381,5.0,Pleno dia,Crescente,Céu Claro,Dupla,Reta,-22.89045,-46.41327,DEL03-SP,Risco Médio,Alta
segunda-feira,BR-60,15.0,Plena Noite,Decrescente,Céu Claro,Dupla,Não Informado,-16.09417,-48.51721,DEL01-DF,Risco Médio,Média
sexta-feira,BR-153,26.5,Plena Noite,Decrescente,Céu Claro,Dupla,Reta,-18.64728,-49.17448,DEL15-MG,Risco Médio,Alta
sábado,BR-222,656.6,Pleno dia,Crescente,Nublado,Simples,Curva,-4.857413,-47.31514,DEL04-MA,Risco Baixo,Baixa
quinta-feira,BR-116,351.4,Pleno dia,Decrescente,Nublado,Simples,Não Informado,-24.0622,-47.22978,DEL04-SP,Risco Baixo,Alta
segunda-feira,BR-277,302.8,Amanhecer,Decrescente,Céu Claro,Simples,Reta,-25.30239,-51.11164,DEL03-PR,Risco Baixo,Média
terça-feira,BR-116,173.8,Anoitecer,Decrescente,Céu Claro,Dupla,Desvio Temporário,-23.3171,-46.08179,DEL02-SP,Risco Alto,Alta
terça-feira,BR-116,13.2,Plena Noite,Crescente,Nublado,Simples,Viaduto,-3.8732,-38.499,DEL01-CE,Risco Baixo,Alta
sexta-feira,BR-101,44.0,Amanhecer,Decrescente,Sol,Múltipla,Reta,-7.85637,-34.90842,DEL01-PE,Risco Baixo,Alta
segunda-feira,BR-376,667.9,Pleno dia,Decrescente,Chuva,Dupla,Não Informado,-25.8647,-48.9341,DEL01-PR,Risco Baixo,Baixa
segunda-feira,BR-101,92.0,Plena Noite,Crescente,Céu Claro,Dupla,Reta,-10.9016,-37.1363,DEL01-SE,Risco Médio,Alta
quinta-feira,BR-116,409.0,Pleno dia,Crescente,Sol,Dupla,Reta,-18.84056,-41.98535,DEL06-MG,Risco Médio,Alta
segunda-feira,BR-272,564.0,Plena Noite,Decrescente,Nevoeiro/Neblina,Simples,Curva,-24.10595,-54.23806,DEL06-PR,Risco Médio,Baixa
domingo,BR-364,244.7,Pleno dia,Decrescente,Chuva,Simples,Não Informado,-11.43985,-61.51235,DEL02-RO,Risco Médio,Alta
sexta-feira,BR-277,0.8,Pleno dia,Decrescente,Céu Claro,Simples,Reta,-25.52345,-48.54732,DEL01-PR,Risco Alto,Média
terça-feira,BR-277,7.0,Anoitecer,Decrescente,Chuva,Dupla,Reta,-25.5624,-48.58874,DEL01-PR,Risco Médio,Média
quarta-feira,BR-70,736.0,Pleno dia,Crescente,Céu Claro,Simples,Interseção de vias,-16.07757,-57.70149,DEL03-MT,Risco Baixo,Baixa
sexta-feira,BR-470,9.4,Plena Noite,Decrescente,Nublado,Simples,Não Informado,-26.89937,-48.65459,DEL04-SC,Risco Baixo,Baixa
segunda-feira,BR-230,275.0,Pleno dia,Decrescente,Céu Claro,Simples,Reta,-6.934962,-42.7474,DEL03-PI,Risco Médio,Baixa
sexta-feira,BR-60,35.5,Pleno dia,Crescente,Garoa/Chuvisco,Dupla,Rotatória,-16.72417,-49.35295,DEL01-GO,Risco Baixo,Média
segunda-feira,BR-116,16.0,Plena Noite,Decrescente,Céu Claro,Dupla,Reta,-3.887328,-38.50185,DEL01-CE,Risco Médio,Alta
quarta-feira,BR-230,121.0,Pleno dia,Decrescente,Céu Claro,Dupla,Retorno Regulamentado,-5.3619,-49.1242,DEL03-PA,Risco Médio,Baixa
sábado,BR-101,287.0,Pleno dia,Crescente,Nublado,Dupla,Reta,-20.26492,-40.38485,DEL01-ES,Risco Alto,Alta
quarta-feira,BR-50,151.0,Pleno dia,Crescente,Céu Claro,Dupla,Não Informado,-19.5737,-48.03247,DEL13-MG,Risco Baixo,Média
sexta-feira,BR-135,1.0,Pleno dia,Crescente,Céu Claro,Dupla,Reta,-2.589285,-44.24427,DEL01-MA,Risco Médio,Baixa
terça-feira,BR-232,410.0,Pleno dia,Crescente,Céu Claro,Simples,Reta,-7.9821,-38.3033,DEL04-PE,Risco Médio,Baixa
sexta-feira,BR-135,18.0,Pleno dia,Crescente,Céu Claro,Dupla,Reta,-2.717199,-44.32099,DEL01-MA,Risco Médio,Baixa
segunda-feira,BR-364,38.0,Amanhecer,Decrescente,Céu Claro,Simples,Reta,-18.86664,-50.80111,DEL05-GO,Risco Médio,Alta
segunda-feira,BR-163,730.0,Amanhecer,Decrescente,Nublado,Simples,Reta,-12.5457,-55.71182,DEL06-MT,Risco Médio,Alta
terça-feira,BR-116,270.3,Pleno dia,Crescente,Céu Claro,Múltipla,Reta,-23.60884,-46.76959,DEL04-SP,Risco Médio,Alta
terça-feira,BR-101,81.0,Anoitecer,Decrescente,Céu Claro,Dupla,Reta,-26.6054,-48.7246,DEL03-SC,Risco Baixo,Alta
segunda-feira,BR-101,125.9,Pleno dia,Crescente,Sol,Simples,Desvio Temporário,-12.15888,-38.5518,DEL01-BA,Risco Alto,Alta
domingo,BR-393,106.0,Plena Noite,Crescente,Céu Claro,Simples,Reta,-21.88479,-42.69262,DEL04-RJ,Risco Alto,Média
quinta-feira,BR-116,42.0,Pleno dia,Decrescente,Céu Claro,Dupla,Retorno Regulamentado,-4.108579,-38.49422,DEL01-CE,Risco Médio,Alta
quinta-feira,BR-316,251.0,Plena Noite,Decrescente,Céu Claro,Dupla,Reta,-9.569182,-35.96778,DEL01-AL,Risco Médio,Baixa
quinta-feira,BR-282,5.0,Pleno dia,Crescente,Céu Claro,Dupla,Reta,-27.58843,-48.61292,DEL01-SC,Risco Médio,Baixa
quarta-feira,BR-364,146.3,Plena Noite,Decrescente,Céu Claro,Simples,Reta,-18.17579,-51.39543,DEL05-GO,Risco Baixo,Alta
quarta-feira,BR-101,125.7,Plena Noite,Crescente,Chuva,Dupla,Não Informado,-6.078156,-35.23412,DEL01-RN,Risco Alto,Alta
terça-feira,BR-40,618.2,Pleno dia,Decrescente,Nublado,Simples,Não Informado,-20.56896,-43.81111,DEL05-MG,Risco Médio,Alta
sábado,BR-493,50.0,Plena Noite,Decrescente,Céu Claro,Dupla,Reta,-22.66997,-43.30365,DEL01-RJ,Risco Médio,Baixa
sexta-feira,BR-364,195.6,Pleno dia,Decrescente,Chuva,Simples,Reta,-16.41693,-54.70653,DEL02-MT,Risco Médio,Alta
terça-feira,BR-116,40.0,Plena Noite,Decrescente,Céu Claro,Dupla,Reta,-4.09497,-38.50352,DEL01-CE,Risco Baixo,Alta
segunda-feira,BR-262,139.0,Plena Noite,Crescente,Nublado,Simples,Reta,-20.23135,-41.36099,DEL01-ES,Risco Médio,Média
segunda-feira,BR-116,192.0,Pleno dia,Decrescente,Garoa/Chuvisco,Dupla,Reta,-22.72905,-43.57379,DEL01-RJ,Risco Médio,Alta
sábado,BR-40,507.4,Plena Noite,Decrescente,Céu Claro,Dupla,Reta,-19.75432,-44.14153,DEL02-MG,Risco Médio,Alta
sábado,BR-158,582.7,Anoitecer,Crescente,Céu Claro,Simples,Reta,-14.16458,-52.19404,DEL07-MT,Risco Médio,Baixa
sexta-feira,BR-262,581.3,Plena Noite,Decrescente,Chuva,Simples,Curva,-19.6502,-46.08347,DEL08-MG,Risco Médio,Média
terça-feira,BR-135,410.0,Plena Noite,Decrescente,Céu Claro,Simples,Curva,-9.473455,-44.61764,DEL03-PI,Risco Baixo,Baixa
terça-feira,BR-116,468.1,Pleno dia,Crescente,Céu Claro,Simples,Curva,-19.30162,-42.07997,DEL06-MG,Risco Alto,Alta
terça-feira,BR-116,188.7,Plena Noite,Crescente,Céu Claro,Dupla,Não Informado,-23.35944,-46.21676,DEL01-SP,Risco Médio,Alta
sábado,BR-364,332.0,Pleno dia,Crescente,Chuva,Dupla,Curva,-15.82443,-55.4268,DEL02-MT,Risco Alto,Alta
domingo,BR-280,96.0,Plena Noite,Crescente,Nevoeiro/Neblina,Simples,Reta,-26.39198,-49.30187,DEL06-SC,Risco Médio,Baixa
segunda-feira,BR-272,367.0,Plena Noite,Decrescente,Nublado,Dupla,Interseção de vias,-24.04961,-52.39965,DEL04-PR,Risco Médio,Baixa
sexta-feira,BR-324,486.0,Amanhecer,Crescente,Nublado,Simples,Curva,-12.0322,-39.02428,DEL02-BA,Risco Médio,Baixa
domingo,BR-116,87.0,Plena Noite,Decrescente,Céu Claro,Simples,Curva,-22.4607,-42.9627,DEL04-RJ,Risco Médio,Alta
sábado,BR-163,748.0,Pleno dia,Decrescente,Céu Claro,Dupla,Reta,-12.68768,-55.80145,DEL06-MT,Risco Médio,Alta
sexta-feira,BR-101,436.4,Plena Noite,Crescente,Céu Claro,Simples,Reta,-29.11056,-49.63844,DEL02-SC,Risco Médio,Alta
terça-feira,BR-262,363.0,Plena Noite,Decrescente,Céu Claro,Dupla,Reta,-19.98333,-44.23572,DEL01-MG,Risco Médio,Média
sábado,BR-376,2.7,Anoitecer,Decrescente,Sol,Simples,Reta,-23.51496,-51.69814,DEL07-PR,Risco Médio,Baixa
domingo,BR-230,35.0,Pleno dia,Decrescente,Chuva,Dupla,Curva,-7.126765,-34.94132,DEL01-PB,Risco Baixo,Baixa
quarta-feira,BR-116,717.8,Plena Noite,Decrescente,Chuva,Simples,Curva,-21.22052,-42.39401,DEL07-MG,Risco Médio,Alta
segunda-feira,BR-40,83.1,Plena Noite,Decrescente,Céu Claro,Simples,Curva,-22.54565,-43.22684,DEL06-RJ,Risco Médio,Alta
domingo,BR-40,749.5,Pleno dia,Crescente,Garoa/Chuvisco,Simples,Curva,-21.44787,-43.55739,DEL05-MG,Risco Médio,Alta
sábado,BR-101,208.0,Pleno dia,Decrescente,Sol,Múltipla,Não Informado,-27.6101,-48.6388,DEL01-SC,Risco Baixo,Alta
quarta-feira,BR-232,5.3,Pleno dia,Decrescente,Nublado,Dupla,Reta,-8.067958,-34.94535,DEL01-PE,Risco Médio,Baixa
sexta-feira,BR-470,107.2,Plena Noite,Crescente,Nublado,Simples,Reta,-27.0337,-49.3873,DEL04-SC,Risco Médio,Baixa
segunda-feira,BR-40,666.0,Pleno dia,Crescente,Sol,Simples,Não Informado,-20.94471,-43.80862,DEL05-MG,Risco Médio,Alta
domingo,BR-282,515.7,Plena Noite,Decrescente,Céu Claro,Simples,Não Informado,-26.92674,-52.49823,DEL07-SC,Risco Alto,Baixa
sexta-feira,BR-376,130.0,Pleno dia,Decrescente,Céu Claro,Dupla,Reta,-23.17505,-52.23424,DEL09-PR,Risco Médio,Baixa
segunda-feira,BR-101,63.8,Pleno dia,Crescente,Céu Claro,Dupla,Reta,-8.015714,-34.94044,DEL01-PE,Risco Médio,Alta
domingo,BR-251,13.0,Pleno dia,Decrescente,Céu Claro,Simples,Reta,-16.20275,-47.43909,DEL01-DF,Risco Médio,Baixa
quinta-feira,BR-476,132.0,Anoitecer,Decrescente,Nublado,Múltipla,Não Informado,-25.4605,-49.2504,DEL01-PR,Risco Baixo,Baixa
terça-feira,BR-110,402.0,Plena Noite,Decrescente,Céu Claro,Simples,Reta,-12.56683,-38.53352,DEL01-BA,Risco Médio,Baixa
sexta-feira,BR-324,518.0,Pleno dia,Decrescente,Nublado,Dupla,Reta,-12.2753,-38.93133,DEL02-BA,Risco Alto,Baixa
domingo,BR-470,2.0,Pleno dia,Decrescente,Céu Claro,Simples,Reta,-26.86855,-48.67483,DEL04-SC,Risco Médio,Baixa
segunda-feira,BR-116,276.0,Plena Noite,Decrescente,Céu Claro,Dupla,Reta,-23.64262,-46.83811,DEL04-SP,Risco Baixo,Alta
domingo,BR-116,284.0,Amanhecer,Crescente,Garoa/Chuvisco,Dupla,Curva,-23.67993,-46.85888,DEL04-SP,Risco Médio,Alta
sábado,BR-324,584.0,Pleno dia,Crescente,Chuva,Dupla,Reta,-12.65415,-38.47309,DEL01-BA,Risco Médio,Baixa
sexta-feira,BR-101,268.5,Pleno dia,Decrescente,Céu Claro,Simples,Reta,-20.20842,-40.2694,DEL02-ES,Risco Médio,Alta
terça-feira,BR-116,14.0,Pleno dia,Crescente,Chuva,Dupla,Curva,-25.09836,-48.67392,DEL01-PR,Risco Médio,Alta
segunda-feira,BR-101,56.8,Plena Noite,Crescente,Céu Claro,Simples,Reta,-21.68714,-41.31064,DEL08-RJ,Risco Médio,Alta
domingo,BR-316,264.6,Anoitecer,Crescente,Chuva,Simples,Reta,-9.588476,-35.86968,DEL02-AL,Risco Médio,Baixa
sábado,BR-116,102.1,Pleno dia,Crescente,Nublado,Dupla,Reta,-22.99546,-45.49052,DEL06-SP,Risco Médio,Alta
sexta-feira,BR-376,243.0,Pleno dia,Decrescente,Céu Claro,Dupla,Não Informado,-23.58769,-51.41336,DEL07-PR,Risco Médio,Baixa
segunda-feira,BR-364,283.6,Pleno dia,Decrescente,Chuva,Dupla,Curva,-15.91423,-55.03282,DEL05-MT,Risco Médio,Alta
sábado,BR-101,304.2,Amanhecer,Crescente,Céu Claro,Dupla,Reta,-20.38006,-40.45431,DEL01-ES,Risco Baixo,Alta
terça-feira,BR-116,2.0,Anoitecer,Decrescente,Chuva,Dupla,Reta,-30.03354,-51.23045,DEL01-RS,Risco Médio,Alta
domingo,BR-101,74.0,Plena Noite,Crescente,Nublado,Simples,Reta,-21.80723,-41.39734,DEL08-RJ,Risco Baixo,Alta
sexta-feira,BR-40,547.5,Pleno dia,Crescente,Céu Claro,Dupla,Não Informado,-20.02252,-43.97026,DEL01-MG,Risco Médio,Alta
quinta-feira,BR-364,344.4,Pleno dia,Decrescente,Céu Claro,Dupla,Interseção de vias,-10.87376,-61.95257,DEL02-RO,Risco Médio,Alta
sexta-feira,BR-153,327.0,Plena Noite,Crescente,Céu Claro,Simples,Não Informado,-15.50462,-49.47885,DEL02-GO,Risco Médio,Alta
terça-feira,BR-280,51.5,Amanhecer,Decrescente,Nublado,Simples,Interseção de vias,-26.46539,-48.95544,DEL03-SC,Risco Médio,Baixa
domingo,BR-116,149.0,Anoitecer,Crescente,Chuva,Simples,Reta,-25.80786,-49.32658,DEL01-PR,Risco Médio,Alta
quarta-feira,BR-262,769.8,Pleno dia,Crescente,Céu Claro,Simples,Reta,-19.6852,-47.67621,DEL13-MG,Risco Médio,Média
terça-feira,BR-230,16.5,Pleno dia,Decrescente,Chuva,Dupla,Reta,-7.110996,-34.84275,DEL01-PB,Risco Médio,Baixa
quinta-feira,BR-116,490.0,Pleno dia,Crescente,Céu Claro,Simples,Reta,-7.4125,-38.9671,DEL05-CE,Risco Médio,Alta
sábado,BR-163,94.0,Plena Noite,Crescente,Chuva,Simples,Reta,-23.33433,-54.21813,DEL09-MS,Risco Baixo,Alta
segunda-feira,BR-262,37.1,Anoitecer,Crescente,Nublado,Simples,Reta,-20.25749,-42.03049,DEL06-MG,Risco Médio,Média
quarta-feira,BR-101,157.0,Pleno dia,Decrescente,Nublado,Dupla,Reta,-27.1901,-48.6123,DEL04-SC,Risco Médio,Alta
domingo,BR-381,637.0,Pleno dia,Decrescente,Chuva,Dupla,Não Informado,-20.875,-44.8443,DEL04-MG,Risco Baixo,Alta
quarta-feira,BR-408,77.8,Plena Noite,Crescente,Céu Claro,Dupla,Reta,-7.897091,-35.18001,DEL01-PE,Risco Médio,Baixa
sábado,BR-20,334.0,Anoitecer,Crescente,Céu Claro,Simples,Reta,-7.04488,-41.22982,DEL04-PI,Risco Baixo,Baixa
quarta-feira,BR-262,173.7,Plena Noite,Decrescente,Céu Claro,Simples,Curva,-20.27152,-41.62456,DEL01-ES,Risco Médio,Média
domingo,BR-262,803.0,Anoitecer,Crescente,Chuva,Dupla,Reta,-19.7751,-47.97202,DEL13-MG,Risco Baixo,Média
terça-feira,BR-277,529.7,Pleno dia,Decrescente,Céu Claro,Simples,Reta,-25.09165,-52.94926,DEL04-PR,Risco Baixo,Média
domingo,BR-101,45.0,Plena Noite,Decrescente,Céu Claro,Dupla,Reta,-7.865213,-34.90715,DEL01-PE,Risco Médio,Alta
quarta-feira,BR-101,276.5,Pleno dia,Crescente,Chuva,Dupla,Reta,-20.2287,-40.28526,DEL02-ES,Risco Médio,Alta
domingo,BR-230,150.5,Pleno dia,Crescente,Céu Claro,Múltipla,Não Informado,-7.2515,-35.8724,DEL02-PB,Risco Médio,Baixa
segunda-feira,BR-70,13.8,Anoitecer,Decrescente,Céu Claro,Dupla,Não Informado,-15.7969,-48.1736,DEL01-DF,Risco Médio,Baixa
domingo,BR-116,191.0,Plena Noite,Decrescente,Nublado,Dupla,Reta,-22.7299,-43.5626,DEL01-RJ,Risco Baixo,Alta
sexta-feira,BR-376,508.2,Plena Noite,Crescente,Nevoeiro/Neblina,Dupla,Reta,-25.20913,-50.0642,DEL03-PR,Risco Baixo,Baixa
terça-feira,BR-393,176.2,Pleno dia,Crescente,Céu Claro,Simples,Não Informado,-22.12672,-43.23481,DEL05-RJ,Risco Médio,Média
domingo,BR-116,141.0,Plena Noite,Decrescente,Garoa/Chuvisco,Dupla,Reta,-22.64708,-43.2187,DEL01-RJ,Risco Baixo,Alta
quarta-feira,BR-10,239.8,Pleno dia,Crescente,Céu Claro,Simples,Reta,-5.624987,-47.40929,DEL04-MA,Risco Médio,Baixa
sábado,BR-110,46.7,Pleno dia,Decrescente,Céu Claro,Simples,Rotatória,-5.201971,-37.32343,DEL04-RN,Risco Médio,Baixa
sábado,BR-116,243.0,Plena Noite,Crescente,Céu Claro,Dupla,Reta,-29.73196,-51.14952,DEL01-RS,Risco Baixo,Alta
domingo,BR-116,637.0,Pleno dia,Decrescente,Nublado,Simples,Reta,-13.50673,-40.05364,DEL03-BA,Risco Médio,Alta
sábado,BR-116,464.2,Pleno dia,Decrescente,Céu Claro,Simples,Reta,-31.31537,-52.02399,DEL02-RS,Risco Médio,Alta
quarta-feira,BR-472,399.0,Plena Noite,Decrescente,Nublado,Simples,Reta,-28.67486,-55.96838,DEL13-RS,Risco Médio,Baixa
quarta-feira,BR-424,88.1,Anoitecer,Crescente,Céu Claro,Simples,Reta,-8.884033,-36.50845,DEL03-PE,Risco Médio,Baixa
sábado,BR-493,100.0,Pleno dia,Decrescente,Céu Claro,Dupla,Reta,-22.67209,-43.28505,DEL01-RJ,Risco Médio,Baixa
segunda-feira,BR-393,268.0,Pleno dia,Crescente,Céu Claro,Simples,Curva,-22.47624,-43.94112,DEL05-RJ,Risco Baixo,Média
terça-feira,BR-470,135.6,Pleno dia,Decrescente,Céu Claro,Simples,Reta,-27.18849,-49.61232,DEL04-SC,Risco Médio,Baixa
domingo,BR-101,129.9,Plena Noite,Crescente,Céu Claro,Simples,Reta,-9.749633,-36.06531,DEL02-AL,Risco Alto,Alta
sexta-feira,BR-174,274.0,Pleno dia,Crescente,Céu Claro,Simples,Curva,-15.33072,-59.22008,DEL04-MT,Risco Médio,Baixa
domingo,BR-158,313.9,Pleno dia,Decrescente,Sol,Simples,Não Informado,-29.63817,-53.7665,DEL09-RS,Risco Médio,Baixa
sexta-feira,BR-101,285.0,Pleno dia,Crescente,Céu Claro,Múltipla,Não Informado,-22.74987,-42.81644,DEL02-RJ,Risco Médio,Alta
sexta-feira,BR-101,96.0,Plena Noite,Crescente,Chuva,Dupla,Reta,-5.849496,-35.20891,DEL01-RN,Risco Médio,Alta
domingo,BR-158,746.2,Plena Noite,Crescente,Chuva,Simples,Reta,-15.45477,-52.20226,DEL07-MT,Risco Baixo,Baixa
domingo,BR-381,525.9,Anoitecer,Crescente,Nublado,Dupla,Curva,-20.15362,-44.32589,DEL04-MG,Risco Baixo,Alta
domingo,BR-280,20.7,Pleno dia,Decrescente,Céu Claro,Simples,Interseção de vias,-26.37027,-48.68825,DEL03-SC,Risco Médio,Baixa
terça-feira,BR-101,266.5,Pleno dia,Crescente,Sol,Múltipla,Reta,-20.20425,-40.26936,DEL02-ES,Risco Médio,Alta
sexta-feira,BR-226,64.0,Plena Noite,Crescente,Céu Claro,Simples,Reta,-6.071906,-35.68559,DEL01-RN,Risco Médio,Baixa
domingo,BR-101,21.2,Pleno dia,Crescente,Chuva,Dupla,Reta,-26.14793,-48.90895,DEL03-SC,Risco Médio,Alta
sábado,BR-393,7.7,Amanhecer,Crescente,Céu Claro,Simples,Curva,-20.82492,-41.21701,DEL03-ES,Risco Médio,Média
quinta-feira,BR-316,571.0,Plena Noite,Decrescente,Chuva,Simples,Não Informado,-4.911043,-43.22528,DEL03-MA,Risco Baixo,Baixa
domingo,BR-163,32.8,Pleno dia,Decrescente,Céu Claro,Simples,Reta,-26.08204,-53.7167,DEL02-PR,Risco Médio,Alta
terça-feira,BR-407,0.0,Pleno dia,Crescente,Chuva,Simples,Reta,-9.409546,-40.50534,DEL06-PE,Risco Baixo,Baixa
domingo,BR-80,7.8,Amanhecer,Crescente,Sol,Simples,Reta,-15.73132,-48.13927,DEL01-DF,Risco Médio,Baixa
sábado,BR-116,306.5,Pleno dia,Crescente,Céu Claro,Simples,Reta,-5.873601,-38.60594,DEL05-CE,Risco Médio,Alta
quinta-feira,BR-262,374.0,Pleno dia,Crescente,Sol,Dupla,Reta,-19.9424,-44.3852,DEL01-MG,Risco Médio,Média
domingo,BR-20,34.0,Plena Noite,Crescente,Céu Claro,Dupla,Reta,-15.58506,-47.56845,DEL02-DF,Risco Médio,Baixa
segunda-feira,BR-280,57.5,Plena Noite,Decrescente,Céu Claro,Dupla,Rotatória,-26.47811,-49.01259,DEL03-SC,Risco Médio,Baixa
sexta-feira,BR-146,440.4,Plena Noite,Decrescente,Céu Claro,Simples,Reta,-21.46863,-46.40425,DEL09-MG,Risco Médio,Baixa
segunda-feira,BR-60,269.4,Pleno dia,Crescente,Chuva,Dupla,Retorno Regulamentado,-17.2061,-50.1122,DEL01-GO,Risco Médio,Média
domingo,BR-101,553.1,Pleno dia,Crescente,Céu Claro,Simples,Reta,-15.2936,-39.48745,DEL05-BA,Risco Médio,Alta
segunda-feira,BR-222,404.0,Pleno dia,Crescente,Céu Claro,Simples,Não Informado,-3.95306,-45.65712,DEL02-MA,Risco Médio,Baixa
sábado,BR-40,12.0,Plena Noite,Decrescente,Céu Claro,Dupla,Reta,-16.14359,-47.94647,DEL01-DF,Risco Baixo,Alta
sábado,BR-480,130.8,Pleno dia,Decrescente,Céu Claro,Dupla,Reta,-27.06211,-52.63358,DEL07-SC,Risco Baixo,Baixa
quarta-feira,BR-392,76.4,Pleno dia,Crescente,Céu Claro,Simples,Reta,-31.69748,-52.42086,DEL07-RS,Risco Médio,Média
terça-feira,BR-319,63.0,Pleno dia,Crescente,Céu Claro,Múltipla,Reta,-8.762273,-63.88538,DEL01-RO,Risco Médio,Baixa
sábado,BR-101,36.0,Pleno dia,Decrescente,Céu Claro,Simples,Reta,-21.5166,-41.3337,DEL08-RJ,Risco Médio,Alta
domingo,BR-101,46.0,Pleno dia,Crescente,Céu Claro,Dupla,Retorno Regulamentado,-7.87406,-34.90588,DEL01-PE,Risco Baixo,Alta
quarta-feira,BR-116,527.2,Pleno dia,Crescente,Céu Claro,Dupla,Não Informado,-19.78511,-42.13445,DEL06-MG,Risco Médio,Alta
quarta-feira,BR-153,115.0,Plena Noite,Decrescente,Chuva,Simples,Curva,-27.34718,-51.98764,DEL07-SC,Risco Baixo,Alta
sexta-feira,BR-40,89.2,Amanhecer,Decrescente,Nublado,Simples,Reta,-17.49785,-46.58304,DEL14-MG,Risco Alto,Alta
quarta-feira,BR-316,559.2,Pleno dia,Crescente,Chuva,Simples,Reta,-4.886379,-43.29236,DEL03-MA,Risco Médio,Baixa
domingo,BR-40,21.5,Plena Noite,Crescente,Garoa/Chuvisco,Dupla,Reta,-16.21854,-47.91573,DEL01-DF,Risco Médio,Alta
domingo,BR-262,375.0,Pleno dia,Crescente,Céu Claro,Dupla,Reta,-19.9304,-44.3987,DEL01-MG,Risco Médio,Média
sexta-feira,BR-116,178.5,Pleno dia,Crescente,Sol,Múltipla,Reta,-22.74542,-43.44733,DEL01-RJ,Risco Médio,Alta
quarta-feira,BR-116,64.1,Pleno dia,Crescente,Chuva,Dupla,Curva,-22.81979,-45.18599,DEL08-SP,Risco Médio,Alta
quarta-feira,BR-135,306.0,Pleno dia,Crescente,Céu Claro,Simples,Reta,-8.7416,-44.1433,DEL03-PI,Risco Médio,Baixa
quarta-feira,BR-116,269.4,Plena Noite,Crescente,Nublado,Dupla,Curva,-22.5751,-44.11542,DEL07-RJ,Risco Médio,Alta
quinta-feira,BR-407,6.0,Pleno dia,Decrescente,Céu Claro,Simples,Reta,-9.455955,-40.48656,DEL06-PE,Risco Médio,Baixa
sábado,BR-393,175.0,Pleno dia,Decrescente,Céu Claro,Simples,Rotatória,-22.1231,-43.20364,DEL06-RJ,Risco Médio,Média
sexta-feira,BR-364,123.0,Pleno dia,Decrescente,Céu Claro,Simples,Reta,-10.0117,-67.78243,DEL01-AC,Risco Médio,Alta
quarta-feira,BR-116,3.0,Pleno dia,Crescente,Céu Claro,Dupla,Reta,-3.778665,-38.5149,DEL01-CE,Risco Médio,Alta
sexta-feira,BR-116,801.0,Plena Noite,Crescente,Céu Claro,Simples,Reta,-21.7693,-42.732,DEL07-MG,Risco Médio,Alta
quinta-feira,BR-262,3.0,Pleno dia,Crescente,Chuva,Dupla,Reta,-20.33408,-40.36957,DEL01-ES,Risco Médio,Média
quarta-feira,BR-116,514.0,Plena Noite,Decrescente,Chuva,Simples,Curva,-24.73659,-48.12319,DEL05-SP,Risco Médio,Alta
sábado,BR-381,833.6,Plena Noite,Crescente,Garoa/Chuvisco,Dupla,Reta,-22.12375,-45.79521,DEL16-MG,Risco Médio,Alta
segunda-feira,BR-158,126.4,Plena Noite,Crescente,Chuva,Simples,Reta,-27.05306,-53.22892,DEL07-SC,Risco Médio,Baixa
terça-feira,BR-153,76.5,Pleno dia,Crescente,Céu Claro,Simples,Não Informado,-19.03073,-49.01085,DEL15-MG,Risco Médio,Alta