dia_semana,br,km,fase_dia,sentido_via,condicao_metereologica,tipo_pista,tracado_via,latitude,longitude,delegacia,classificacao_acidente,postos_policiais_PRF
domingo,BR-468,102.8,Plena Noite,Decrescente,Céu Claro,Simples,Reta,-27.46425,-53.9328,DEL08-RS,Risco Médio,Baixa
quinta-feira,BR-116,218.8,Plena Noite,Decrescente,Nublado,Múltipla,Reta,-23.45797,-46.47993,DEL01-SP,Risco Médio,Alta
terça-feira,BR-153,333.8,Pleno dia,Crescente,Céu Claro,Simples,Não Informado,-22.92295,-49.90083,DEL07-SP,Risco Médio,Alta
quinta-feira,BR-70,7.0,Plena Noite,Crescente,Céu Claro,Dupla,Não Informado,-15.7876,-48.11443,DEL01-DF,Risco Médio,Baixa
domingo,BR-230,76.0,Pleno dia,Crescente,Céu Claro,Dupla,Reta,-7.1889,-35.2782,DEL01-PB,Risco Baixo,Baixa
quinta-feira,BR-316,307.5,Plena Noite,Decrescente,Céu Claro,Simples,Reta,-8.615301,-38.6129,DEL04-PE,Risco Médio,Baixa
sábado,BR-369,465.3,Plena Noite,Decrescente,Céu Claro,Simples,Reta,-24.5595,-53.1307,DEL04-PR,Risco Médio,Baixa
quarta-feira,BR-116,6.0,Pleno dia,Decrescente,Céu Claro,Dupla,Reta,-3.80328,-38.50341,DEL01-CE,Risco Médio,Alta
domingo,BR-116,416.0,Pleno dia,Crescente,Céu Claro,Simples,Retorno Regulamentado,-18.89209,-41.94714,DEL06-MG,Risco Médio,Alta
domingo,BR-476,119.0,Plena Noite,Crescente,Garoa/Chuvisco,Múltipla,Interseção de vias,-25.3642,-49.18583,DEL01-PR,Risco Médio,Baixa
quinta-feira,BR-10,349.0,Pleno dia,Decrescente,Chuva,Simples,Reta,-1.390622,-47.56214,DEL01-PA,Risco Baixo,Baixa
terça-feira,BR-40,44.0,Pleno dia,Decrescente,Nublado,Simples,Interseção de vias,-17.23102,-46.8539,DEL14-MG,Risco Baixo,Alta
domingo,BR-135,383.0,Pleno dia,Decrescente,Nublado,Simples,Reta,-9.297951,-44.50447,DEL03-PI,Risco Baixo,Baixa
quinta-feira,BR-376,668.0,Plena Noite,Crescente,Nublado,Dupla,Curva,-25.86416,-48.93754,DEL01-PR,Risco Baixo,Baixa
segunda-feira,BR-101,138.0,Pleno dia,Decrescente,Céu Claro,Dupla,Reta,-27.02397,-48.60762,DEL04-SC,Risco Baixo,Alta
quinta-feira,BR-101,45.2,Pleno dia,Crescente,Céu Claro,Múltipla,Reta,-7.866004,-34.90732,DEL01-PE,Risco Baixo,Alta
quinta-feira,BR-470,168.0,Pleno dia,Decrescente,Céu Claro,Simples,Reta,-28.85712,-51.55698,DEL06-RS,Risco Médio,Baixa
domingo,BR-163,575.9,Pleno dia,Crescente,Sol,Simples,Reta,-19.6738,-54.35003,DEL06-MS,Risco Médio,Alta
terça-feira,BR-101,96.7,Amanhecer,Decrescente,Ignorado,Dupla,Reta,-5.849496,-35.20891,DEL01-RN,Risco Médio,Alta
quarta-feira,BR-116,343.3,Pleno dia,Crescente,Céu Claro,Simples,Reta,-11.54724,-38.99086,DEL02-BA,Risco Alto,Alta
sábado,BR-101,424.0,Plena Noite,Crescente,Céu Claro,Simples,Reta,-20.99479,-41.12522,DEL03-ES,Risco Médio,Alta
domingo,BR-470,28.2,Pleno dia,Crescente,Céu Claro,Simples,Reta,-27.66229,-51.45618,DEL08-RS,Risco Baixo,Baixa
segunda-feira,BR-153,502.6,Plena Noite,Crescente,Céu Claro,Simples,Reta,-30.50814,-53.36845,DEL09-RS,Risco Baixo,Alta
sexta-feira,BR-364,504.0,Plena Noite,Decrescente,Céu Claro,Simples,Reta,-15.16923,-56.52431,DEL01-MT,Risco Alto,Alta
domingo,BR-381,343.0,Pleno dia,Decrescente,Céu Claro,Simples,Curva,-19.85664,-43.10917,DEL03-MG,Risco Médio,Alta
segunda-feira,BR-116,167.0,Pleno dia,Decrescente,Céu Claro,Múltipla,Reta,-22.80071,-43.35248,DEL01-RJ,Risco Baixo,Alta
terça-feira,BR-290,11.4,Pleno dia,Crescente,Céu Claro,Múltipla,Reta,-29.889,-50.38335,DEL03-RS,Risco Médio,Baixa
sexta-feira,BR-452,193.4,Pleno dia,Crescente,Chuva,Simples,Reta,-18.41962,-49.21568,DEL03-GO,Risco Baixo,Baixa
segunda-feira,BR-116,540.1,Amanhecer,Crescente,Nublado,Simples,Curva,-19.88681,-42.13777,DEL06-MG,Risco Médio,Alta
domingo,BR-116,504.0,Plena Noite,Crescente,Nublado,Simples,Curva,-19.59445,-42.11241,DEL06-MG,Risco Médio,Alta
sábado,BR-282,382.6,Amanhecer,Decrescente,Céu Claro,Simples,Curva,-27.19755,-51.5028,DEL07-SC,Risco Médio,Baixa
sábado,BR-373,402.0,Plena Noite,Crescente,Céu Claro,Simples,Reta,-25.58489,-52.05896,DEL08-PR,Risco Alto,Baixa
segunda-feira,BR-373,183.4,Pleno dia,Decrescente,Sol,Dupla,Interseção de vias,-25.03936,-50.27676,DEL03-PR,Risco Médio,Baixa
quinta-feira,BR-373,174.0,Pleno dia,Decrescente,Sol,Dupla,Reta,-25.07436,-50.21088,DEL03-PR,Risco Baixo,Baixa
sexta-feira,BR-158,157.0,Pleno dia,Decrescente,Céu Claro,Simples,Curva,-28.33463,-53.50105,DEL10-RS,Risco Médio,Baixa
sexta-feira,BR-116,201.0,Pleno dia,Crescente,Céu Claro,Dupla,Reta,-23.403,-46.328,DEL01-SP,Risco Médio,Alta
segunda-feira,BR-316,11.0,Plena Noite,Decrescente,Nublado,Múltipla,Reta,-5.191739,-42.76076,DEL01-PI,Risco Médio,Baixa
terça-feira,BR-116,276.9,Amanhecer,Decrescente,Céu Claro,Dupla,Reta,-23.62771,-46.81799,DEL04-SP,Risco Médio,Alta
terça-feira,BR-116,7.0,Plena Noite,Decrescente,Nublado,Dupla,Reta,-25.3683,-49.1074,DEL01-PR,Risco Médio,Alta
terça-feira,BR-156,819.0,Plena Noite,Decrescente,Nublado,Simples,Reta,3.835529,-51.80936,DEL01-AP,Risco Alto,Baixa
sábado,BR-40,517.0,Pleno dia,Decrescente,Céu Claro,Dupla,Reta,-19.82559,-44.08398,DEL01-MG,Risco Médio,Alta
domingo,BR-364,506.8,Pleno dia,Crescente,Céu Claro,Simples,Reta,-9.990003,-63.01742,DEL03-RO,Risco Médio,Alta
quarta-feira,BR-116,879.1,Pleno dia,Crescente,Sol,Simples,Reta,-15.2764,-41.12781,DEL08-BA,Risco Médio,Alta
segunda-feira,BR-153,699.5,Pleno dia,Decrescente,Céu Claro,Dupla,Reta,-18.3862,-49.2076,DEL03-GO,Risco Médio,Alta
quinta-feira,BR-467,77.5,Plena Noite,Decrescente,Céu Claro,Múltipla,Reta,-24.7652,-53.6899,DEL04-PR,Risco Médio,Baixa
domingo,BR-101,24.0,Plena Noite,Decrescente,Chuva,Simples,Interseção de vias,-26.18475,-48.91079,DEL03-SC,Risco Médio,Alta
segunda-feira,BR-381,357.0,Pleno dia,Crescente,Sol,Simples,Reta,-19.84602,-43.16878,DEL03-MG,Risco Médio,Alta
terça-feira,BR-163,278.0,Pleno dia,Crescente,Nublado,Simples,Reta,-24.60094,-53.98017,DEL06-PR,Risco Médio,Alta
terça-feira,BR-226,2.0,Plena Noite,Crescente,Céu Claro,Simples,Reta,-5.816096,-35.24903,DEL01-RN,Risco Médio,Baixa
domingo,BR-277,132.8,Plena Noite,Crescente,Nevoeiro/Neblina,Dupla,Reta,-25.44518,-49.49857,DEL03-PR,Risco Médio,Média
sábado,BR-242,809.0,Pleno dia,Decrescente,Céu Claro,Simples,Reta,-12.14076,-44.94631,DEL10-BA,Risco Médio,Baixa
terça-feira,BR-376,153.2,Anoitecer,Decrescente,Céu Claro,Dupla,Não Informado,-23.32784,-52.11114,DEL07-PR,Risco Médio,Baixa
sábado,BR-222,8.6,Pleno dia,Crescente,Nublado,Dupla,Reta,-3.753636,-38.63803,DEL01-CE,Risco Baixo,Baixa
terça-feira,BR-376,3.8,Pleno dia,Decrescente,Chuva,Simples,Reta,-23.55707,-51.44242,DEL07-PR,Risco Médio,Baixa
domingo,BR-282,468.5,Pleno dia,Decrescente,Céu Claro,Simples,Reta,-26.85441,-52.08575,DEL07-SC,Risco Alto,Baixa
quarta-feira,BR-101,58.0,Pleno dia,Crescente,Céu Claro,Simples,Reta,-5.587614,-35.27668,DEL02-RN,Risco Alto,Alta
sexta-feira,BR-381,602.0,Amanhecer,Decrescente,Céu Claro,Dupla,Curva,-20.64093,-44.73755,DEL04-MG,Risco Baixo,Alta
quarta-feira,BR-235,1.2,Pleno dia,Crescente,Nublado,Dupla,Curva,-10.90837,-37.08678,DEL01-SE,Risco Baixo,Baixa
sábado,BR-381,34.0,Plena Noite,Decrescente,Céu Claro,Dupla,Reta,-23.08088,-46.56981,DEL03-SP,Risco Baixo,Alta
sábado,BR-285,332.0,Pleno dia,Crescente,Nublado,Simples,Reta,-28.29519,-52.73143,DEL08-RS,Risco Médio,Baixa
quinta-feira,BR-110,368.0,Pleno dia,Decrescente,Chuva,Simples,Interseção de vias,-12.37503,-38.38429,DEL01-BA,Risco Médio,Baixa
quarta-feira,BR-415,47.6,Anoitecer,Crescente,Céu Claro,Simples,Reta,-14.81574,-39.29612,DEL05-BA,Risco Médio,Baixa
segunda-feira,BR-101,323.0,Plena Noite,Decrescente,Céu Claro,Múltipla,Reta,-22.87685,-43.11729,DEL02-RJ,Risco Médio,Alta
domingo,BR-101,20.0,Plena Noite,Crescente,Nublado,Dupla,Reta,-11.70657,-37.91375,DEL02-SE,Risco Baixo,Alta
domingo,BR-116,322.0,Anoitecer,Crescente,Céu Claro,Dupla,Reta,-22.48405,-44.54455,DEL07-RJ,Risco Médio,Alta
domingo,BR-116,430.0,Pleno dia,Decrescente,Céu Claro,Dupla,Reta,-12.27486,-38.99568,DEL02-BA,Risco Médio,Alta
quinta-feira,BR-381,36.8,Plena Noite,Crescente,Céu Claro,Dupla,Curva,-23.10245,-46.56888,DEL03-SP,Risco Médio,Alta
quarta-feira,BR-153,505.0,Plena Noite,Crescente,Nublado,Simples,Reta,-30.69756,-53.46531,DEL09-RS,Risco Baixo,Alta
segunda-feira,BR-10,270.1,Pleno dia,Crescente,Céu Claro,Simples,Desvio Temporário,-5.373673,-47.4784,DEL04-MA,Risco Médio,Baixa
domingo,BR-364,718.0,Pleno dia,Decrescente,Chuva,Dupla,Reta,-8.798451,-63.91144,DEL01-RO,Risco Médio,Alta
terça-feira,BR-364,121.0,Pleno dia,Crescente,Céu Claro,Simples,Reta,-10.01209,-67.76436,DEL01-AC,Risco Alto,Alta
quinta-feira,BR-242,559.0,Pleno dia,Crescente,Céu Claro,Simples,Reta,-12.03801,-43.06995,DEL10-BA,Risco Médio,Baixa
segunda-feira,BR-116,142.5,Anoitecer,Decrescente,Nublado,Dupla,Reta,-23.17426,-45.8294,DEL02-SP,Risco Médio,Alta
terça-feira,BR-20,27.0,Pleno dia,Decrescente,Céu Claro,Múltipla,Curva,-15.59705,-47.63106,DEL02-DF,Risco Médio,Baixa
quarta-feira,BR-116,168.0,Amanhecer,Crescente,Ignorado,Múltipla,Reta,-22.81997,-43.315,DEL01-RJ,Risco Médio,Alta
quinta-feira,BR-101,34.0,Amanhecer,Crescente,Chuva,Dupla,Curva,-9.114396,-35.76425,DEL01-AL,Risco Médio,Alta
terça-feira,BR-116,295.6,Pleno dia,Crescente,Céu Claro,Dupla,Reta,-22.45204,-44.35282,DEL07-RJ,Risco Médio,Alta
sábado,BR-319,61.0,Pleno dia,Decrescente,Nublado,Dupla,Reta,-8.748072,-63.88816,DEL01-RO,Risco Médio,Baixa
sábado,BR-116,99.5,Pleno dia,Crescente,Céu Claro,Dupla,Curva,-22.49012,-43.00778,DEL02-RJ,Risco Alto,Alta
quarta-feira,BR-343,589.0,Pleno dia,Crescente,Céu Claro,Dupla,Reta,-6.776695,-43.00935,DEL03-PI,Risco Baixo,Baixa
sábado,BR-282,0.2,Plena Noite,Crescente,Nublado,Dupla,Curva,-27.5982,-48.57115,DEL01-SC,Risco Médio,Baixa
terça-feira,BR-116,139.1,Plena Noite,Crescente,Chuva,Dupla,Reta,-22.65552,-43.24253,DEL04-RJ,Risco Baixo,Alta
domingo,BR-101,157.4,Anoitecer,Crescente,Céu Claro,Múltipla,Reta,-27.18163,-48.61212,DEL04-SC,Risco Médio,Alta
quinta-feira,BR-153,528.6,Plena Noite,Decrescente,Nublado,Múltipla,Não Informado,-16.9533,-49.2437,DEL01-GO,Risco Médio,Alta
quinta-feira,BR-116,107.0,Pleno dia,Decrescente,Céu Claro,Múltipla,Reta,-22.52826,-42.99737,DEL04-RJ,Risco Médio,Alta
domingo,BR-376,225.0,Plena Noite,Decrescente,Nublado,Dupla,Curva,-23.58555,-51.57009,DEL07-PR,Risco Médio,Baixa
sábado,BR-405,178.5,Plena Noite,Decrescente,Céu Claro,Simples,Reta,-6.332147,-38.29276,DEL04-RN,Risco Alto,Baixa
sábado,BR-158,114.0,Anoitecer,Crescente,Céu Claro,Simples,Ponte,-19.81893,-51.11532,DEL08-MS,Risco Médio,Baixa
sábado,BR-282,608.5,Plena Noite,Decrescente,Céu Claro,Simples,Reta,-26.76339,-53.21915,DEL07-SC,Risco Baixo,Baixa
segunda-feira,BR-101,280.0,Plena Noite,Crescente,Céu Claro,Dupla,Reta,-28.1996,-48.698,DEL02-SC,Risco Médio,Alta
sexta-feira,BR-116,14.0,Pleno dia,Decrescente,Garoa/Chuvisco,Dupla,Curva,-25.09836,-48.67392,DEL01-PR,Risco Médio,Alta
sexta-feira,BR-101,226.5,Pleno dia,Crescente,Céu Claro,Dupla,Reta,-22.54695,-42.34929,DEL02-RJ,Risco Baixo,Alta
terça-feira,BR-376,307.4,Plena Noite,Decrescente,Céu Claro,Dupla,Não Informado,-23.97432,-51.10358,DEL07-PR,Risco Médio,Baixa
sábado,BR-163,1003.0,Anoitecer,Decrescente,Céu Claro,Dupla,Reta,-2.438443,-54.73292,DEL05-PA,Risco Médio,Alta
segunda-feira,BR-282,452.7,Pleno dia,Crescente,Céu Claro,Simples,Reta,-26.90185,-51.97235,DEL07-SC,Risco Médio,Baixa
quinta-feira,BR-282,19.0,Pleno dia,Crescente,Céu Claro,Simples,Reta,-27.67863,-48.70192,DEL01-SC,Risco Médio,Baixa
domingo,BR-153,583.1,Plena Noite,Decrescente,Céu Claro,Dupla,Curva,-17.39815,-49.22324,DEL03-GO,Risco Baixo,Alta
domingo,BR-282,670.1,Pleno dia,Decrescente,Nublado,Simples,Não Informado,-26.63014,-53.64127,DEL07-SC,Risco Médio,Baixa
sexta-feira,BR-459,24.5,Plena Noite,Decrescente,Nublado,Simples,Curva,-21.89538,-46.38264,DEL09-MG,Risco Médio,Baixa
quarta-feira,BR-364,347.0,Pleno dia,Decrescente,Céu Claro,Simples,Reta,-10.8607,-61.97615,DEL02-RO,Risco Médio,Alta
segunda-feira,BR-116,103.8,Plena Noite,Decrescente,Céu Claro,Dupla,Reta,-22.99919,-45.49789,DEL08-SP,Risco Médio,Alta
quarta-feira,BR-101,334.8,Pleno dia,Decrescente,Céu Claro,Múltipla,Reta,-28.4673,-49.00604,DEL02-SC,Risco Médio,Alta
domingo,BR-116,149.2,Plena Noite,Crescente,Céu Claro,Dupla,Interseção de vias,-29.15997,-51.15645,DEL05-RS,Risco Médio,Alta
terça-feira,BR-376,21.0,Pleno dia,Decrescente,Céu Claro,Simples,Reta,-22.33651,-54.56628,DEL04-MS,Risco Médio,Baixa
quinta-feira,BR-324,625.8,Pleno dia,Crescente,Céu Claro,Múltipla,Reta,-12.94195,-38.47081,DEL01-BA,Risco Médio,Baixa
quarta-feira,BR-376,471.2,Pleno dia,Crescente,Chuva,Dupla,Não Informado,-25.02481,-50.32516,DEL03-PR,Risco Médio,Baixa
quarta-feira,BR-230,11.0,Plena Noite,Crescente,Garoa/Chuvisco,Dupla,Reta,-7.0596,-34.8506,DEL01-PB,Risco Médio,Baixa
quinta-feira,BR-101,65.2,Plena Noite,Crescente,Chuva,Múltipla,Reta,-26.47454,-48.74214,DEL03-SC,Risco Alto,Alta
quinta-feira,BR-116,286.2,Pleno dia,Crescente,Céu Claro,Dupla,Reta,-22.54744,-44.18366,DEL07-RJ,Risco Baixo,Alta
terça-feira,BR-116,310.9,Plena Noite,Crescente,Céu Claro,Dupla,Reta,-22.46672,-44.49901,DEL07-RJ,Risco Médio,Alta
sexta-feira,BR-20,21.5,Plena Noite,Crescente,Nublado,Simples,Reta,-15.54687,-47.16471,DEL02-DF,Risco Médio,Baixa
quinta-feira,BR-50,280.6,Pleno dia,Crescente,Sol,Simples,Interseção de vias,-18.18164,-47.94094,DEL06-GO,Risco Médio,Média
sexta-feira,BR-153,116.5,Pleno dia,Decrescente,Céu Claro,Simples,Reta,-21.13754,-49.69895,DEL09-SP,Risco Médio,Alta
terça-feira,BR-262,107.3,Pleno dia,Crescente,Chuva,Simples,Reta,-20.3308,-41.1557,DEL01-ES,Risco Médio,Média
quarta-feira,BR-70,385.0,Pleno dia,Crescente,Céu Claro,Simples,Reta,-15.92124,-51.40464,DEL04-GO,Risco Médio,Baixa
segunda-feira,BR-324,608.4,Pleno dia,Crescente,Céu Claro,Dupla,Reta,-12.82517,-38.40963,DEL01-BA,Risco Médio,Baixa
sexta-feira,BR-381,484.9,Pleno dia,Crescente,Céu Claro,Dupla,Curva,-19.95532,-44.11722,DEL01-MG,Risco Médio,Alta
sábado,BR-101,197.0,Plena Noite,Decrescente,Céu Claro,Dupla,Interseção de vias,-27.51844,-48.63848,DEL01-SC,Risco Baixo,Alta
sábado,BR-101,401.0,Pleno dia,Crescente,Céu Claro,Simples,Curva,-20.885,-40.982,DEL03-ES,Risco Médio,Alta
sexta-feira,BR-116,219.3,Plena Noite,Decrescente,Céu Claro,Simples,Rotatória,-27.58076,-50.3681,DEL05-SC,Risco Médio,Alta
quinta-feira,BR-101,108.4,Plena Noite,Crescente,Nublado,Dupla,Curva,-26.82607,-48.69052,DEL03-SC,Risco Médio,Alta
sábado,BR-101,18.8,Anoitecer,Crescente,Céu Claro,Simples,Reta,-21.3726,-41.34099,DEL08-RJ,Risco Alto,Alta
sábado,BR-153,94.0,Plena Noite,Decrescente,Nublado,Simples,Reta,-6.8723,-47.9857,DEL02-TO,Risco Baixo,Alta
domingo,BR-280,67.5,Plena Noite,Crescente,Céu Claro,Simples,Reta,-26.47751,-49.10364,DEL03-SC,Risco Médio,Baixa
sexta-feira,BR-376,80.0,Pleno dia,Crescente,Céu Claro,Simples,Não Informado,-22.31101,-54.06132,DEL04-MS,Risco Médio,Baixa
quinta-feira,BR-381,531.9,Plena Noite,Crescente,Céu Claro,Dupla,Curva,-20.1627,-44.3575,DEL04-MG,Risco Baixo,Alta
sábado,BR-116,242.0,Plena Noite,Decrescente,Céu Claro,Simples,Não Informado,-29.72297,-51.14859,DEL01-RS,Risco Médio,Alta
quinta-feira,BR-116,527.0,Pleno dia,Decrescente,Céu Claro,Simples,Reta,-19.78511,-42.13445,DEL06-MG,Risco Médio,Alta
quinta-feira,BR-364,707.0,Pleno dia,Crescente,Sol,Dupla,Retorno Regulamentado,-8.794833,-63.84205,DEL01-RO,Risco Médio,Alta
sexta-feira,BR-116,409.0,Pleno dia,Decrescente,Céu Claro,Dupla,Reta,-18.84389,-41.98187,DEL06-MG,Risco Médio,Alta
segunda-feira,BR-153,673.8,Pleno dia,Decrescente,Céu Claro,Dupla,Retorno Regulamentado,-11.7382,-49.08104,DEL01-TO,Risco Médio,Alta
segunda-feira,BR-104,27.0,Plena Noite,Decrescente,Céu Claro,Simples,Não Informado,-8.004665,-36.08344,DEL02-PE,Risco Médio,Baixa
sábado,BR-116,305.3,Plena Noite,Crescente,Nublado,Simples,Curva,-28.1984,-50.72326,DEL05-SC,Risco Médio,Alta
quarta-feira,BR-476,152.6,Pleno dia,Decrescente,Céu Claro,Múltipla,Interseção de vias,-25.57309,-49.38632,DEL01-PR,Risco Médio,Baixa
quarta-feira,BR-101,421.4,Pleno dia,Decrescente,Garoa/Chuvisco,Simples,Interseção de vias,-20.97397,-41.11067,DEL03-ES,Risco Médio,Alta
terça-feira,BR-476,130.5,Pleno dia,Crescente,Nublado,Múltipla,Reta,-25.45304,-49.24292,DEL01-PR,Risco Médio,Baixa
sexta-feira,BR-116,104.9,Pleno dia,Crescente,Sol,Dupla,Reta,-23.0034,-45.50627,DEL06-SP,Risco Médio,Alta
sábado,BR-476,142.0,Pleno dia,Crescente,Céu Claro,Dupla,Curva,-25.53943,-49.31092,DEL01-PR,Risco Baixo,Baixa
quinta-feira,BR-116,445.4,Plena Noite,Decrescente,Céu Claro,Dupla,Reta,-24.48798,-47.84402,DEL05-SP,Risco Alto,Alta
sexta-feira,BR-364,235.5,Anoitecer,Decrescente,Chuva,Simples,Reta,-11.44746,-61.43356,DEL02-RO,Risco Baixo,Alta
quarta-feira,BR-280,234.0,Pleno dia,Crescente,Céu Claro,Simples,Reta,-26.19131,-50.40256,DEL06-SC,Risco Médio,Baixa
quinta-feira,BR-356,266.2,Plena Noite,Decrescente,Nevoeiro/Neblina,Simples,Interseção de vias,-21.12843,-42.36387,DEL07-MG,Risco Médio,Baixa
sexta-feira,BR-116,181.0,Pleno dia,Decrescente,Céu Claro,Múltipla,Reta,-22.76131,-43.42349,DEL01-RJ,Risco Médio,Alta
segunda-feira,BR-367,83.0,Pleno dia,Crescente,Céu Claro,Simples,Reta,-16.37332,-39.58142,DEL09-BA,Risco Baixo,Baixa
sábado,BR-158,493.5,Pleno dia,Crescente,Sol,Simples,Reta,-13.4754,-51.9282,DEL07-MT,Risco Baixo,Baixa
terça-feira,BR-101,92.0,Pleno dia,Decrescente,Sol,Dupla,Reta,-7.196838,-34.90588,DEL01-PB,Risco Médio,Alta
terça-feira,BR-40,444.8,Plena Noite,Crescente,Céu Claro,Dupla,Curva,-19.28815,-44.392,DEL02-MG,Risco Baixo,Alta
sábado,BR-116,98.9,Plena Noite,Decrescente,Céu Claro,Dupla,Reta,-22.98119,-45.46233,DEL06-SP,Risco Médio,Alta
segunda-feira,BR-163,12.9,Plena Noite,Decrescente,Céu Claro,Simples,Não Informado,-26.25066,-53.63552,DEL02-PR,Risco Médio,Alta
sexta-feira,BR-470,55.6,Pleno dia,Crescente,Sol,Simples,Reta,-26.86997,-49.1059,DEL04-SC,Risco Médio,Baixa
sexta-feira,BR-369,6.3,Pleno dia,Crescente,Garoa/Chuvisco,Simples,Reta,-23.00038,-49.95629,DEL07-PR,Risco Médio,Baixa
quinta-feira,BR-101,64.0,Plena Noite,Decrescente,Céu Claro,Simples,Reta,-18.70429,-39.87066,DEL04-ES,Risco Médio,Alta
quarta-feira,BR-470,217.0,Pleno dia,Decrescente,Céu Claro,Simples,Rotatória,-29.17502,-51.52296,DEL06-RS,Risco Médio,Baixa
sexta-feira,BR-163,223.7,Pleno dia,Crescente,Sol,Simples,Reta,-22.51759,-54.86013,DEL04-MS,Risco Médio,Alta
sábado,BR-116,68.9,Pleno dia,Decrescente,Sol,Simples,Reta,-22.33054,-42.93855,DEL04-RJ,Risco Médio,Alta
quinta-feira,BR-50,280.0,Pleno dia,Crescente,Céu Claro,Simples,Interseção de vias,-18.18165,-47.94114,DEL06-GO,Risco Médio,Média
sábado,BR-381,941.1,Pleno dia,Decrescente,Chuva,Dupla,Curva,-22.83467,-46.31905,DEL16-MG,Risco Médio,Alta
sexta-feira,BR-324,398.0,Pleno dia,Crescente,Céu Claro,Simples,Reta,-11.56806,-39.67137,DEL04-BA,Risco Médio,Baixa
sexta-feira,BR-316,18.0,Pleno dia,Crescente,Sol,Simples,Reta,-1.3646,-48.2859,DEL01-PA,Risco Médio,Baixa
sexta-feira,BR-116,527.8,Plena Noite,Decrescente,Nublado,Dupla,Retorno Regulamentado,-19.77922,-42.13297,DEL06-MG,Risco Médio,Alta
segunda-feira,BR-101,559.0,Pleno dia,Decrescente,Céu Claro,Simples,Reta,-23.10469,-44.70811,DEL03-RJ,Risco Médio,Alta
quinta-feira,BR-101,259.0,Plena Noite,Decrescente,Nublado,Dupla,Não Informado,-28.01605,-48.69508,DEL02-SC,Risco Médio,Alta
sexta-feira,BR-163,802.0,Pleno dia,Decrescente,Nublado,Simples,Curva,-12.27368,-55.55778,DEL06-MT,Risco Médio,Alta
sexta-feira,BR-386,321.2,Plena Noite,Decrescente,Céu Claro,Simples,Reta,-29.2849,-52.12532,DEL04-RS,Risco Médio,Média
quinta-feira,BR-277,636.0,Pleno dia,Crescente,Céu Claro,Simples,Reta,-25.14494,-53.83749,DEL05-PR,Risco Médio,Média
terça-feira,BR-116,143.0,Plena Noite,Decrescente,Céu Claro,Múltipla,Viaduto,-22.6718,-43.28592,DEL01-RJ,Risco Baixo,Alta
terça-feira,BR-116,33.0,Pleno dia,Crescente,Sol,Dupla,Reta,-25.28033,-48.92638,DEL01-PR,Risco Baixo,Alta
quarta-feira,BR-116,278.8,Pleno dia,Crescente,Chuva,Dupla,Desvio Temporário,-22.55271,-44.17778,DEL07-RJ,Risco Baixo,Alta
terça-feira,BR-381,330.0,Pleno dia,Crescente,Céu Claro,Simples,Interseção de vias,-19.78715,-43.05118,DEL03-MG,Risco Médio,Alta
quarta-feira,BR-262,37.0,Pleno dia,Crescente,Céu Claro,Simples,Curva,-20.38128,-40.61151,DEL01-ES,Risco Médio,Média
terça-feira,BR-116,210.7,Plena Noite,Decrescente,Céu Claro,Múltipla,Reta,-23.43219,-46.41891,DEL01-SP,Risco Baixo,Alta
sábado,BR-101,386.0,Pleno dia,Crescente,Sol,Simples,Curva,-20.84131,-40.87198,DEL03-ES,Risco Alto,Alta
sexta-feira,BR-364,236.0,Pleno dia,Crescente,Céu Claro,Simples,Reta,-11.44588,-61.43785,DEL02-RO,Risco Médio,Alta
terça-feira,BR-376,248.5,Plena Noite,Decrescente,Céu Claro,Simples,Não Informado,-23.60721,-51.40728,DEL07-PR,Risco Médio,Baixa
sábado,BR-116,255.0,Plena Noite,Crescente,Céu Claro,Dupla,Reta,-17.68311,-41.48491,DEL11-MG,Risco Baixo,Alta
quarta-feira,BR-376,351.2,Plena Noite,Crescente,Céu Claro,Simples,Curva,-24.21405,-50.9399,DEL03-PR,Risco Alto,Baixa
domingo,BR-101,81.0,Plena Noite,Decrescente,Chuva,Dupla,Reta,-26.6104,-48.72201,DEL03-SC,Risco Baixo,Alta
terça-feira,BR-101,85.0,Pleno dia,Crescente,Céu Claro,Múltipla,Reta,-7.149331,-34.91216,DEL01-PB,Risco Médio,Alta
quinta-feira,BR-101,295.0,Pleno dia,Crescente,Céu Claro,Múltipla,Reta,-20.33386,-40.40117,DEL01-ES,Risco Médio,Alta
terça-feira,BR-116,65.0,Plena Noite,Decrescente,Nublado,Simples,Reta,-22.27708,-42.92764,DEL04-RJ,Risco Médio,Alta
sexta-feira,BR-116,60.0,Plena Noite,Decrescente,Céu Claro,Simples,Desvio Temporário,-8.361064,-39.14509,DEL05-PE,Risco Baixo,Alta
sábado,BR-153,69.3,Plena Noite,Decrescente,Céu Claro,Simples,Reta,-23.51589,-50.11445,DEL07-PR,Risco Médio,Alta
quinta-feira,BR-116,314.0,Plena Noite,Crescente,Nublado,Dupla,Reta,-23.8932,-46.9844,DEL04-SP,Risco Médio,Alta
domingo,BR-267,280.9,Plena Noite,Decrescente,Céu Claro,Simples,Não Informado,-21.92508,-44.73337,DEL05-MG,Risco Médio,Baixa
quarta-feira,BR-174,503.0,Pleno dia,Decrescente,Céu Claro,Dupla,Reta,2.794901,-60.69844,DEL01-RR,Risco Médio,Baixa
quarta-feira,BR-290,98.0,Pleno dia,Decrescente,Chuva,Dupla,Reta,-29.99466,-51.21833,DEL01-RS,Risco Médio,Baixa