dia_semana,br,km,fase_dia,sentido_via,condicao_metereologica,tipo_pista,tracado_via,latitude,longitude,delegacia,classificacao_acidente,postos_policiais_PRF
quinta-feira,BR-290,721.1,Plena Noite,Crescente,Garoa/Chuvisco,Simples,Curva,-29.7605,-57.05981,DEL13-RS,Risco Baixo,Baixa
sábado,BR-116,113.0,Amanhecer,Decrescente,Nublado,Dupla,Reta,-23.04408,-45.58041,DEL06-SP,Risco Baixo,Alta
quarta-feira,BR-40,515.0,Pleno dia,Crescente,Céu Claro,Dupla,Reta,-19.80901,-44.09493,DEL01-MG,Risco Médio,Alta
sexta-feira,BR-376,673.1,Pleno dia,Crescente,Nublado,Dupla,Não Informado,-25.90785,-48.92075,DEL01-PR,Risco Médio,Baixa
sábado,BR-101,375.0,Pleno dia,Crescente,Céu Claro,Simples,Reta,-20.78856,-40.79561,DEL03-ES,Risco Médio,Alta
sexta-feira,BR-470,186.1,Plena Noite,Crescente,Céu Claro,Simples,Curva,-27.258,-50.047,DEL04-SC,Risco Baixo,Baixa
sábado,BR-116,135.0,Pleno dia,Crescente,Nublado,Simples,Reta,-25.68413,-49.3164,DEL01-PR,Risco Médio,Alta
sexta-feira,BR-101,204.5,Pleno dia,Decrescente,Sol,Simples,Curva,-19.74691,-40.37698,DEL02-ES,Risco Médio,Alta
quarta-feira,BR-381,889.7,Plena Noite,Crescente,Nublado,Dupla,Reta,-22.5367,-46.03617,DEL16-MG,Risco Médio,Alta
domingo,BR-110,352.0,Plena Noite,Crescente,Céu Claro,Simples,Reta,-12.28105,-38.37153,DEL01-BA,Risco Baixo,Baixa
sábado,BR-373,415.0,Anoitecer,Decrescente,Céu Claro,Simples,Não Informado,-25.67342,-52.12517,DEL08-PR,Risco Médio,Baixa
terça-feira,BR-470,47.7,Pleno dia,Crescente,Nublado,Simples,Reta,-26.86404,-49.04652,DEL04-SC,Risco Médio,Baixa
sábado,BR-163,93.0,Pleno dia,Crescente,Chuva,Simples,Não Informado,-26.52793,-53.51976,DEL07-SC,Risco Baixo,Alta
terça-feira,BR-381,642.7,Pleno dia,Decrescente,Nublado,Dupla,Reta,-20.9207,-44.8698,DEL04-MG,Risco Médio,Alta
domingo,BR-230,118.0,Pleno dia,Crescente,Céu Claro,Dupla,Reta,-7.244678,-35.63717,DEL01-PB,Risco Baixo,Baixa
domingo,BR-116,243.5,Pleno dia,Crescente,Sol,Múltipla,Não Informado,-29.73045,-51.14944,DEL01-RS,Risco Baixo,Alta
quarta-feira,BR-343,341.5,Pleno dia,Decrescente,Céu Claro,Dupla,Interseção de vias,-5.087362,-42.75785,DEL01-PI,Risco Baixo,Baixa
sexta-feira,BR-116,14.2,Plena Noite,Crescente,Nublado,Simples,Não Informado,-26.22785,-49.89477,DEL06-SC,Risco Médio,Alta
quarta-feira,BR-70,4.0,Pleno dia,Decrescente,Céu Claro,Dupla,Não Informado,-15.7481,-48.2635,DEL01-DF,Risco Médio,Baixa
quarta-feira,BR-163,835.5,Plena Noite,Decrescente,Céu Claro,Dupla,Reta,-11.8586,-55.4945,DEL06-MT,Risco Médio,Alta
sábado,BR-418,1.0,Pleno dia,Decrescente,Céu Claro,Simples,Interseção de vias,-17.73432,-39.23907,DEL09-BA,Risco Médio,Baixa
sexta-feira,BR-101,212.5,Plena Noite,Crescente,Céu Claro,Múltipla,Reta,-27.6372,-48.6651,DEL01-SC,Risco Médio,Alta
sábado,BR-153,335.5,Anoitecer,Crescente,Garoa/Chuvisco,Simples,Não Informado,-25.49344,-50.64672,DEL03-PR,Risco Médio,Alta
terça-feira,BR-376,176.6,Pleno dia,Crescente,Céu Claro,Dupla,Reta,-23.4126,-51.93273,DEL07-PR,Risco Médio,Baixa
sexta-feira,BR-116,305.6,Plena Noite,Decrescente,Céu Claro,Dupla,Reta,-23.84414,-46.93483,DEL04-SP,Risco Baixo,Alta
sexta-feira,BR-10,50.0,Pleno dia,Decrescente,Nublado,Simples,Não Informado,-4.024891,-47.54505,DEL02-PA,Risco Baixo,Baixa
quarta-feira,BR-101,197.0,Plena Noite,Crescente,Céu Claro,Dupla,Curva,-27.51844,-48.63848,DEL01-SC,Risco Médio,Alta
segunda-feira,BR-262,87.9,Pleno dia,Crescente,Céu Claro,Simples,Desvio Temporário,-20.61225,-52.39047,DEL07-MS,Risco Médio,Média
sexta-feira,BR-230,401.0,Plena Noite,Crescente,Céu Claro,Simples,Reta,-7.521335,-46.04969,DEL05-MA,Risco Médio,Baixa
sexta-feira,BR-232,119.0,Pleno dia,Crescente,Garoa/Chuvisco,Dupla,Reta,-8.2972,-35.8973,DEL02-PE,Risco Baixo,Baixa
terça-feira,BR-290,94.0,Pleno dia,Decrescente,Nublado,Dupla,Viaduto,-29.97386,-51.19785,DEL01-RS,Risco Médio,Baixa
sábado,BR-452,154.0,Pleno dia,Decrescente,Céu Claro,Simples,Ponte,-18.29856,-49.55413,DEL03-GO,Risco Médio,Baixa
segunda-feira,BR-163,1049.0,Pleno dia,Crescente,Céu Claro,Simples,Reta,-10.09109,-54.91759,DEL06-MT,Risco Médio,Alta
domingo,BR-116,6.8,Plena Noite,Crescente,Nublado,Dupla,Reta,-3.802624,-38.504,DEL01-CE,Risco Baixo,Alta
domingo,BR-262,544.6,Plena Noite,Decrescente,Céu Claro,Simples,Reta,-20.29101,-56.28632,DEL03-MS,Risco Médio,Média
segunda-feira,BR-153,111.0,Pleno dia,Decrescente,Céu Claro,Simples,Não Informado,-13.74361,-49.03083,DEL07-GO,Risco Médio,Alta
terça-feira,BR-230,116.0,Pleno dia,Decrescente,Céu Claro,Dupla,Não Informado,-5.359475,-49.08301,DEL03-PA,Risco Médio,Baixa
quarta-feira,BR-277,591.9,Pleno dia,Crescente,Chuva,Simples,Reta,-24.9563,-53.45573,DEL04-PR,Risco Baixo,Média
terça-feira,BR-101,312.0,Plena Noite,Crescente,Nublado,Dupla,Não Informado,-28.44051,-48.82466,DEL02-SC,Risco Médio,Alta
quarta-feira,BR-101,78.1,Plena Noite,Crescente,Nublado,Dupla,Reta,-9.43416,-35.83706,DEL01-AL,Risco Médio,Alta
domingo,BR-101,328.0,Plena Noite,Decrescente,Céu Claro,Múltipla,Reta,-22.87029,-43.1658,DEL02-RJ,Risco Médio,Alta
quarta-feira,BR-110,202.0,Plena Noite,Crescente,Céu Claro,Simples,Reta,-11.0907,-38.508,DEL07-BA,Risco Médio,Baixa
sexta-feira,BR-70,558.0,Plena Noite,Crescente,Céu Claro,Simples,Reta,-15.70271,-56.41171,DEL01-MT,Risco Médio,Baixa
sábado,BR-116,24.0,Plena Noite,Crescente,Nublado,Simples,Reta,-8.052562,-39.13718,DEL05-PE,Risco Médio,Alta
domingo,BR-116,128.0,Plena Noite,Decrescente,Garoa/Chuvisco,Dupla,Reta,-22.65505,-43.14097,DEL02-RJ,Risco Médio,Alta
domingo,BR-381,54.0,Pleno dia,Decrescente,Garoa/Chuvisco,Dupla,Curva,-23.24491,-46.59562,DEL03-SP,Risco Médio,Alta
sexta-feira,BR-116,913.8,Amanhecer,Decrescente,Nevoeiro/Neblina,Simples,Desvio Temporário,-15.54367,-41.25366,DEL08-BA,Risco Alto,Alta
sexta-feira,BR-101,163.9,Pleno dia,Decrescente,Céu Claro,Simples,Não Informado,-11.34341,-37.59775,DEL02-SE,Risco Baixo,Alta
segunda-feira,BR-101,268.9,Pleno dia,Crescente,Nublado,Múltipla,Reta,-20.20842,-40.2694,DEL02-ES,Risco Médio,Alta
sábado,BR-116,237.6,Pleno dia,Crescente,Céu Claro,Dupla,Curva,-22.66483,-43.8735,DEL07-RJ,Risco Alto,Alta
sábado,BR-381,481.0,Pleno dia,Decrescente,Céu Claro,Múltipla,Reta,-19.95874,-44.06098,DEL01-MG,Risco Médio,Alta
quarta-feira,BR-116,303.6,Plena Noite,Crescente,Céu Claro,Simples,Reta,-22.45435,-44.37845,DEL07-RJ,Risco Baixo,Alta
sexta-feira,BR-369,107.5,Plena Noite,Decrescente,Céu Claro,Simples,Reta,-23.263,-50.782,DEL07-PR,Risco Médio,Baixa
domingo,BR-282,216.0,Pleno dia,Decrescente,Nublado,Simples,Rotatória,-27.79753,-50.29186,DEL05-SC,Risco Baixo,Baixa
sábado,BR-324,440.0,Pleno dia,Crescente,Nublado,Simples,Reta,-11.81457,-39.38131,DEL02-BA,Risco Médio,Baixa
sexta-feira,BR-277,659.5,Pleno dia,Crescente,Céu Claro,Dupla,Não Informado,-25.25175,-53.98569,DEL05-PR,Risco Baixo,Média
terça-feira,BR-158,524.0,Pleno dia,Decrescente,Céu Claro,Dupla,Interseção de vias,-26.2401,-52.6952,DEL02-PR,Risco Médio,Baixa
terça-feira,BR-101,124.3,Anoitecer,Decrescente,Nublado,Dupla,Retorno Regulamentado,-6.06989,-35.23822,DEL01-RN,Risco Baixo,Alta
segunda-feira,BR-101,145.7,Plena Noite,Crescente,Céu Claro,Dupla,Reta,-8.459499,-35.36465,DEL01-PE,Risco Alto,Alta
segunda-feira,BR-101,153.0,Pleno dia,Crescente,Céu Claro,Dupla,Não Informado,-27.14472,-48.61064,DEL04-SC,Risco Médio,Alta
quarta-feira,BR-364,348.8,Plena Noite,Crescente,Céu Claro,Dupla,Curva,-15.79265,-55.58048,DEL02-MT,Risco Alto,Alta
sexta-feira,BR-135,173.2,Anoitecer,Decrescente,Ignorado,Simples,Curva,-3.958978,-44.4795,DEL01-MA,Risco Alto,Baixa
terça-feira,BR-262,40.3,Plena Noite,Crescente,Nublado,Simples,Curva,-20.38279,-40.63991,DEL01-ES,Risco Baixo,Média
domingo,BR-262,17.5,Plena Noite,Crescente,Céu Claro,Simples,Reta,-20.38636,-40.47273,DEL01-ES,Risco Médio,Média
segunda-feira,BR-290,102.0,Plena Noite,Crescente,Nublado,Dupla,Não Informado,-29.98493,-51.22856,DEL01-RS,Risco Médio,Baixa
domingo,BR-116,150.2,Pleno dia,Crescente,Chuva,Dupla,Reta,-23.21465,-45.89442,DEL02-SP,Risco Baixo,Alta
sexta-feira,BR-476,132.4,Pleno dia,Crescente,Nublado,Dupla,Reta,-25.46072,-49.25049,DEL01-PR,Risco Médio,Baixa
quinta-feira,BR-407,424.0,Plena Noite,Crescente,Céu Claro,Simples,Reta,-7.0842,-41.4293,DEL04-PI,Risco Médio,Baixa
domingo,BR-116,84.3,Plena Noite,Crescente,Céu Claro,Dupla,Reta,-22.91854,-45.33789,DEL06-SP,Risco Médio,Alta
sábado,BR-290,99.0,Pleno dia,Crescente,Chuva,Dupla,Reta,-29.99176,-51.22699,DEL01-RS,Risco Médio,Baixa
domingo,BR-324,539.0,Amanhecer,Crescente,Céu Claro,Dupla,Reta,-12.37996,-38.79955,DEL01-BA,Risco Médio,Baixa
quarta-feira,BR-153,62.5,Pleno dia,Crescente,Céu Claro,Dupla,Não Informado,-20.81324,-49.35692,DEL09-SP,Risco Médio,Alta
segunda-feira,BR-356,23.5,Pleno dia,Crescente,Sol,Simples,Reta,-21.18026,-41.98292,DEL08-RJ,Risco Médio,Baixa
sexta-feira,BR-242,577.0,Anoitecer,Crescente,Céu Claro,Simples,Reta,-12.13597,-43.17885,DEL10-BA,Risco Baixo,Baixa
terça-feira,BR-222,4.5,Pleno dia,Decrescente,Céu Claro,Múltipla,Reta,-3.742908,-38.61315,DEL01-CE,Risco Baixo,Baixa
domingo,BR-60,38.3,Plena Noite,Decrescente,Céu Claro,Dupla,Rotatória,-16.74785,-49.34214,DEL01-GO,Risco Baixo,Média
terça-feira,BR-101,48.0,Pleno dia,Decrescente,Céu Claro,Dupla,Reta,-23.43696,-45.08769,DEL06-SP,Risco Médio,Alta
sexta-feira,BR-381,729.8,Pleno dia,Crescente,Chuva,Dupla,Curva,-21.503,-45.215,DEL04-MG,Risco Médio,Alta
sábado,BR-116,17.0,Plena Noite,Decrescente,Céu Claro,Dupla,Reta,-3.898417,-38.50339,DEL01-CE,Risco Médio,Alta
quinta-feira,BR-101,841.2,Plena Noite,Decrescente,Nevoeiro/Neblina,Simples,Curva,-17.25192,-39.62752,DEL09-BA,Risco Alto,Alta
terça-feira,BR-280,48.6,Pleno dia,Crescente,Nublado,Simples,Não Informado,-26.45788,-48.93524,DEL03-SC,Risco Baixo,Baixa
quinta-feira,BR-280,4.7,Pleno dia,Crescente,Sol,Simples,Rotatória,-26.2533,-48.61916,DEL03-SC,Risco Médio,Baixa
quinta-feira,BR-20,136.8,Pleno dia,Crescente,Céu Claro,Simples,Reta,-5.591103,-40.09535,DEL02-CE,Risco Médio,Baixa
sexta-feira,BR-70,305.2,Pleno dia,Crescente,Céu Claro,Simples,Não Informado,-15.86303,-50.78182,DEL04-GO,Risco Médio,Baixa
sábado,BR-101,208.0,Pleno dia,Decrescente,Céu Claro,Múltipla,Reta,-27.6032,-48.6319,DEL01-SC,Risco Baixo,Alta
quinta-feira,BR-101,201.7,Pleno dia,Crescente,Nublado,Múltipla,Reta,-27.5572,-48.6188,DEL01-SC,Risco Médio,Alta
quinta-feira,BR-476,142.0,Amanhecer,Crescente,Nevoeiro/Neblina,Dupla,Curva,-25.53716,-49.30163,DEL01-PR,Risco Médio,Baixa
terça-feira,BR-285,672.3,Pleno dia,Decrescente,Céu Claro,Simples,Reta,-28.66841,-55.97711,DEL12-RS,Risco Alto,Baixa
segunda-feira,BR-60,99.0,Pleno dia,Decrescente,Céu Claro,Dupla,Não Informado,-16.3924,-48.9588,DEL02-GO,Risco Médio,Média
sábado,BR-101,152.7,Amanhecer,Crescente,Garoa/Chuvisco,Dupla,Reta,-27.13564,-48.61005,DEL04-SC,Risco Baixo,Alta
domingo,BR-316,86.1,Plena Noite,Decrescente,Céu Claro,Simples,Desvio Temporário,-9.373238,-37.23533,DEL03-AL,Risco Médio,Baixa
domingo,BR-277,715.4,Plena Noite,Decrescente,Céu Claro,Dupla,Reta,-25.47031,-54.46166,DEL05-PR,Risco Médio,Média
quinta-feira,BR-369,172.0,Pleno dia,Decrescente,Sol,Simples,Não Informado,-23.30523,-51.36109,DEL07-PR,Risco Médio,Baixa
sábado,BR-404,47.5,Plena Noite,Crescente,Garoa/Chuvisco,Simples,Viaduto,-4.430305,-41.47625,DEL02-PI,Risco Alto,Baixa
segunda-feira,BR-116,269.0,Pleno dia,Crescente,Céu Claro,Dupla,Interseção de vias,-23.61593,-46.78826,DEL04-SP,Risco Médio,Alta
domingo,BR-381,849.8,Pleno dia,Decrescente,Céu Claro,Dupla,Reta,-22.23436,-45.87744,DEL16-MG,Risco Médio,Alta
sábado,BR-242,218.0,Pleno dia,Decrescente,Ignorado,Dupla,Curva,-12.54222,-40.25701,DEL06-BA,Risco Médio,Baixa
segunda-feira,BR-262,99.9,Pleno dia,Decrescente,Céu Claro,Simples,Reta,-20.56408,-52.5038,DEL07-MS,Risco Médio,Média
terça-feira,BR-381,337.0,Plena Noite,Crescente,Céu Claro,Simples,Curva,-19.82388,-43.08236,DEL03-MG,Risco Médio,Alta
sexta-feira,BR-381,677.0,Pleno dia,Decrescente,Nublado,Simples,Retorno Regulamentado,-21.10628,-45.09029,DEL04-MG,Risco Médio,Alta
domingo,BR-316,106.7,Pleno dia,Decrescente,Nublado,Simples,Reta,-1.332471,-47.53404,DEL01-PA,Risco Médio,Baixa
terça-feira,BR-20,18.8,Pleno dia,Decrescente,Céu Claro,Dupla,Reta,-15.6131,-47.70262,DEL02-DF,Risco Médio,Baixa
segunda-feira,BR-116,176.5,Pleno dia,Crescente,Sol,Dupla,Reta,-22.75655,-43.43145,DEL01-RJ,Risco Baixo,Alta
domingo,BR-101,77.0,Plena Noite,Decrescente,Céu Claro,Simples,Reta,-10.77661,-37.13439,DEL01-SE,Risco Médio,Alta
quinta-feira,BR-101,61.0,Plena Noite,Crescente,Céu Claro,Simples,Não Informado,-10.67271,-37.02911,DEL02-SE,Risco Médio,Alta
segunda-feira,BR-101,218.4,Plena Noite,Crescente,Garoa/Chuvisco,Dupla,Interseção de vias,-27.68028,-48.66909,DEL01-SC,Risco Baixo,Alta
segunda-feira,BR-40,121.0,Anoitecer,Decrescente,Nublado,Múltipla,Reta,-22.78841,-43.2853,DEL01-RJ,Risco Médio,Alta
segunda-feira,BR-423,58.0,Pleno dia,Decrescente,Céu Claro,Simples,Reta,-8.63959,-36.31006,DEL03-PE,Risco Médio,Baixa
domingo,BR-381,636.6,Pleno dia,Decrescente,Chuva,Dupla,Curva,-20.89141,-44.85256,DEL04-MG,Risco Médio,Alta
quinta-feira,BR-20,142.0,Plena Noite,Crescente,Chuva,Dupla,Curva,-14.75925,-46.67193,DEL02-DF,Risco Baixo,Baixa
sábado,BR-280,43.0,Plena Noite,Decrescente,Nublado,Simples,Reta,-26.45119,-48.87797,DEL03-SC,Risco Médio,Baixa
quinta-feira,BR-116,835.3,Plena Noite,Decrescente,Garoa/Chuvisco,Simples,Reta,-14.95093,-40.89982,DEL08-BA,Risco Alto,Alta
segunda-feira,BR-116,402.2,Plena Noite,Crescente,Céu Claro,Simples,Reta,-30.8814,-51.82515,DEL02-RS,Risco Médio,Alta
terça-feira,BR-277,723.0,Pleno dia,Decrescente,Céu Claro,Dupla,Reta,-25.49878,-54.52987,DEL05-PR,Risco Médio,Média
sábado,BR-101,6.0,Pleno dia,Crescente,Garoa/Chuvisco,Simples,Curva,-26.0288,-48.86157,DEL03-SC,Risco Médio,Alta
segunda-feira,BR-267,494.0,Amanhecer,Crescente,Céu Claro,Simples,Reta,-21.49632,-56.25621,DEL05-MS,Risco Médio,Baixa
segunda-feira,BR-104,29.7,Amanhecer,Crescente,Garoa/Chuvisco,Simples,Reta,-9.12397,-36.03609,DEL01-AL,Risco Médio,Baixa
quarta-feira,BR-210,2.9,Pleno dia,Decrescente,Chuva,Simples,Reta,0.08661386,-51.08499,DEL01-AP,Risco Médio,Baixa
terça-feira,BR-116,205.1,Plena Noite,Decrescente,Nublado,Dupla,Reta,-23.41475,-46.36601,DEL01-SP,Risco Alto,Alta
quarta-feira,BR-101,90.9,Pleno dia,Decrescente,Nublado,Múltipla,Reta,-10.88958,-37.13257,DEL01-SE,Risco Médio,Alta
sábado,BR-40,98.7,Plena Noite,Decrescente,Céu Claro,Simples,Não Informado,-16.77163,-47.58986,DEL01-DF,Risco Médio,Alta
segunda-feira,BR-110,168.0,Pleno dia,Decrescente,Céu Claro,Simples,Reta,-10.8246,-38.53163,DEL07-BA,Risco Baixo,Baixa
sábado,BR-381,639.9,Pleno dia,Crescente,Céu Claro,Dupla,Curva,-20.91429,-44.86509,DEL04-MG,Risco Médio,Alta
sábado,BR-104,64.0,Pleno dia,Crescente,Sol,Múltipla,Não Informado,-8.2783,-35.9815,DEL02-PE,Risco Médio,Baixa
quarta-feira,BR-376,601.0,Pleno dia,Decrescente,Céu Claro,Dupla,Reta,-25.42826,-49.27348,DEL01-PR,Risco Baixo,Baixa
sábado,BR-153,147.0,Anoitecer,Decrescente,Céu Claro,Simples,Interseção de vias,-7.232,-48.253,DEL02-TO,Risco Médio,Alta
sexta-feira,BR-459,85.6,Pleno dia,Crescente,Céu Claro,Simples,Reta,-22.15188,-46.05286,DEL09-MG,Risco Médio,Baixa
sábado,BR-163,602.0,Pleno dia,Crescente,Céu Claro,Simples,Reta,-13.7794,-56.0598,DEL01-MT,Risco Médio,Alta
quarta-feira,BR-70,690.8,Pleno dia,Crescente,Céu Claro,Simples,Curva,-16.2304,-57.43626,DEL03-MT,Risco Médio,Baixa
terça-feira,BR-277,589.0,Plena Noite,Crescente,Céu Claro,Simples,Reta,-24.97717,-53.44553,DEL04-PR,Risco Médio,Média
terça-feira,BR-277,144.9,Plena Noite,Decrescente,Nublado,Simples,Curva,-25.46807,-49.77905,DEL01-PR,Risco Baixo,Média
sexta-feira,BR-116,274.5,Plena Noite,Decrescente,Céu Claro,Dupla,Reta,-23.61846,-46.80639,DEL04-SP,Risco Baixo,Alta
quinta-feira,BR-272,560.0,Plena Noite,Decrescente,Céu Claro,Dupla,Reta,-24.09339,-54.19682,DEL06-PR,Risco Médio,Baixa
sexta-feira,BR-392,110.0,Anoitecer,Decrescente,Céu Claro,Simples,Reta,-31.46287,-52.63497,DEL07-RS,Risco Baixo,Média
quinta-feira,BR-116,307.0,Pleno dia,Crescente,Nublado,Dupla,Reta,-22.45924,-44.43478,DEL07-RJ,Risco Baixo,Alta
segunda-feira,BR-290,380.8,Pleno dia,Decrescente,Chuva,Simples,Reta,-30.35426,-53.95511,DEL09-RS,Risco Médio,Baixa
sábado,BR-262,374.0,Pleno dia,Decrescente,Céu Claro,Dupla,Curva,-19.96727,-44.33289,DEL01-MG,Risco Médio,Média
domingo,BR-40,828.0,Pleno dia,Decrescente,Céu Claro,Dupla,Reta,-22.005,-43.2698,DEL05-MG,Risco Médio,Alta
terça-feira,BR-405,71.2,Pleno dia,Crescente,Céu Claro,Simples,Reta,-5.615276,-37.78674,DEL04-RN,Risco Médio,Baixa
quarta-feira,BR-316,9.0,Pleno dia,Crescente,Céu Claro,Dupla,Reta,-1.366236,-48.3678,DEL01-PA,Risco Médio,Baixa
segunda-feira,BR-163,745.0,Amanhecer,Decrescente,Céu Claro,Simples,Reta,-18.40231,-54.67294,DEL06-MS,Risco Médio,Alta
domingo,BR-470,86.7,Plena Noite,Decrescente,Chuva,Simples,Reta,-26.95644,-49.37395,DEL04-SC,Risco Médio,Baixa
quinta-feira,BR-277,343.7,Pleno dia,Decrescente,Sol,Dupla,Reta,-25.36598,-51.48691,DEL08-PR,Risco Médio,Média
terça-feira,BR-381,486.0,Plena Noite,Crescente,Nublado,Dupla,Reta,-19.95644,-44.13612,DEL01-MG,Risco Médio,Alta
domingo,BR-280,50.0,Plena Noite,Crescente,Céu Claro,Simples,Interseção de vias,-26.46392,-48.9514,DEL03-SC,Risco Médio,Baixa
domingo,BR-470,218.0,Plena Noite,Crescente,Nublado,Simples,Não Informado,-29.17292,-51.52425,DEL06-RS,Risco Médio,Baixa
quinta-feira,BR-393,178.2,Anoitecer,Crescente,Céu Claro,Simples,Reta,-22.12634,-43.22812,DEL05-RJ,Risco Alto,Média
sábado,BR-110,173.0,Plena Noite,Crescente,Céu Claro,Simples,Reta,-10.833,-38.5321,DEL07-BA,Risco Médio,Baixa
quarta-feira,BR-316,16.5,Pleno dia,Crescente,Céu Claro,Dupla,Reta,-7.531974,-40.5566,DEL05-PE,Risco Médio,Baixa
domingo,BR-365,789.0,Plena Noite,Decrescente,Garoa/Chuvisco,Simples,Reta,-18.96935,-49.4654,DEL15-MG,Risco Baixo,Média
quinta-feira,BR-282,490.8,Pleno dia,Decrescente,Céu Claro,Simples,Reta,-26.8746,-52.28281,DEL07-SC,Risco Médio,Baixa
sábado,BR-101,84.2,Pleno dia,Decrescente,Céu Claro,Dupla,Não Informado,-5.774175,-35.2578,DEL02-RN,Risco Médio,Alta
segunda-feira,BR-364,269.1,Pleno dia,Crescente,Chuva,Simples,Reta,-11.37889,-61.70498,DEL02-RO,Risco Médio,Alta
sexta-feira,BR-153,90.4,Plena Noite,Crescente,Nublado,Simples,Desvio Temporário,-19.16138,-48.95877,DEL15-MG,Risco Baixo,Alta
sexta-feira,BR-408,46.5,Pleno dia,Crescente,Chuva,Simples,Curva,-7.704064,-35.24479,DEL01-PE,Risco Alto,Baixa
segunda-feira,BR-116,272.0,Pleno dia,Decrescente,Céu Claro,Dupla,Interseção de vias,-23.61543,-46.78624,DEL04-SP,Risco Médio,Alta
domingo,BR-262,361.0,Pleno dia,Decrescente,Céu Claro,Dupla,Reta,-19.97906,-44.21765,DEL01-MG,Risco Médio,Média
segunda-feira,BR-392,9.1,Pleno dia,Crescente,Nublado,Simples,Curva,-32.11099,-52.1122,DEL07-RS,Risco Médio,Média
quinta-feira,BR-40,567.0,Pleno dia,Crescente,Chuva,Simples,Curva,-20.1951,-43.9737,DEL01-MG,Risco Médio,Alta
segunda-feira,BR-158,529.0,Plena Noite,Crescente,Céu Claro,Simples,Curva,-26.18599,-52.66856,DEL02-PR,Risco Médio,Baixa
sábado,BR-232,88.2,Plena Noite,Decrescente,Nublado,Dupla,Reta,-8.215178,-35.63781,DEL02-PE,Risco Baixo,Baixa
sábado,BR-222,310.0,Plena Noite,Crescente,Céu Claro,Simples,Curva,-3.706706,-40.97707,DEL04-CE,Risco Médio,Baixa
sábado,BR-376,108.0,Pleno dia,Decrescente,Céu Claro,Dupla,Reta,-23.0698,-52.4236,DEL07-PR,Risco Médio,Baixa
quarta-feira,BR-101,268.0,Plena Noite,Crescente,Céu Claro,Dupla,Reta,-20.20842,-40.2694,DEL02-ES,Risco Médio,Alta
sábado,BR-153,396.0,Plena Noite,Decrescente,Céu Claro,Simples,Reta,-16.00977,-49.125,DEL02-GO,Risco Baixo,Alta
terça-feira,BR-101,115.0,Amanhecer,Crescente,Céu Claro,Dupla,Interseção de vias,-7.396321,-34.95578,DEL01-PB,Risco Baixo,Alta
sexta-feira,BR-116,107.8,Plena Noite,Decrescente,Nublado,Dupla,Reta,-23.02282,-45.53695,DEL06-SP,Risco Baixo,Alta
sexta-feira,BR-101,485.0,Plena Noite,Decrescente,Céu Claro,Simples,Reta,-22.99142,-44.24301,DEL03-RJ,Risco Médio,Alta
quinta-feira,BR-235,48.0,Pleno dia,Crescente,Sol,Simples,Reta,-10.71622,-37.42167,DEL01-SE,Risco Médio,Baixa
domingo,BR-101,117.0,Plena Noite,Crescente,Nublado,Dupla,Reta,-26.88747,-48.72253,DEL04-SC,Risco Médio,Alta
sábado,BR-365,637.3,Pleno dia,Crescente,Céu Claro,Dupla,Reta,-18.88301,-48.47927,DEL15-MG,Risco Médio,Média
domingo,BR-40,61.1,Pleno dia,Decrescente,Céu Claro,Simples,Curva,-22.4089,-43.14587,DEL06-RJ,Risco Baixo,Alta
sábado,BR-324,623.0,Pleno dia,Decrescente,Chuva,Dupla,Reta,-12.914,-38.46012,DEL01-BA,Risco Baixo,Baixa
terça-feira,BR-316,64.3,Anoitecer,Crescente,Ignorado,Simples,Reta,-1.295724,-47.90989,DEL01-PA,Risco Médio,Baixa
domingo,BR-101,282.3,Pleno dia,Decrescente,Céu Claro,Simples,Interseção de vias,-28.21511,-48.69945,DEL02-SC,Risco Baixo,Alta
domingo,BR-392,3.5,Plena Noite,Crescente,Céu Claro,Simples,Reta,-32.06725,-52.09167,DEL07-RS,Risco Médio,Média
quarta-feira,BR-163,829.0,Pleno dia,Crescente,Céu Claro,Múltipla,Reta,-11.93887,-55.51558,DEL06-MT,Risco Baixo,Alta
quarta-feira,BR-101,334.0,Plena Noite,Decrescente,Céu Claro,Simples,Interseção de vias,-28.46982,-49.01499,DEL02-SC,Risco Médio,Alta
segunda-feira,BR-222,5.1,Plena Noite,Crescente,Céu Claro,Múltipla,Interseção de vias,-3.742969,-38.61331,DEL01-CE,Risco Médio,Baixa
sexta-feira,BR-101,58.0,Pleno dia,Decrescente,Céu Claro,Dupla,Curva,-26.4467,-48.7939,DEL03-SC,Risco Médio,Alta
quarta-feira,BR-262,19.5,Pleno dia,Decrescente,Céu Claro,Simples,Ponte,-20.39191,-40.49002,DEL01-ES,Risco Médio,Média
sábado,BR-153,493.0,Pleno dia,Decrescente,Sol,Dupla,Reta,-16.72698,-49.24109,DEL01-GO,Risco Baixo,Alta
sexta-feira,BR-40,438.5,Pleno dia,Crescente,Céu Claro,Dupla,Reta,-19.231,-44.43562,DEL02-MG,Risco Baixo,Alta
sábado,BR-465,20.5,Pleno dia,Crescente,Céu Claro,Simples,Não Informado,-22.84683,-43.60534,DEL01-RJ,Risco Médio,Baixa
terça-feira,BR-101,152.0,Plena Noite,Crescente,Chuva,Dupla,Reta,-27.13564,-48.61005,DEL04-SC,Risco Médio,Alta