dia_semana,br,km,fase_dia,sentido_via,condicao_metereologica,tipo_pista,tracado_via,latitude,longitude,delegacia,classificacao_acidente,postos_policiais_PRF
segunda-feira,BR-470,50.9,Pleno dia,Decrescente,Nublado,Simples,Reta,-26.86071,-49.06515,DEL04-SC,Risco Médio,Baixa
quarta-feira,BR-280,29.6,Anoitecer,Decrescente,Céu Claro,Simples,Reta,-26.41323,-48.7583,DEL03-SC,Risco Médio,Baixa
segunda-feira,BR-116,34.0,Plena Noite,Decrescente,Nublado,Múltipla,Reta,-22.65447,-44.9594,DEL08-SP,Risco Alto,Alta
sábado,BR-50,174.6,Plena Noite,Decrescente,Nublado,Dupla,Reta,-19.77082,-47.97343,DEL13-MG,Risco Médio,Média
quarta-feira,BR-101,117.3,Pleno dia,Crescente,Céu Claro,Dupla,Interseção de vias,-26.89037,-48.72207,DEL04-SC,Risco Médio,Alta
terça-feira,BR-476,248.7,Plena Noite,Crescente,Céu Claro,Simples,Curva,-25.86262,-50.13774,DEL02-PR,Risco Médio,Baixa
sábado,BR-381,528.3,Pleno dia,Crescente,Céu Claro,Dupla,Curva,-20.16368,-44.36025,DEL04-MG,Risco Médio,Alta
segunda-feira,BR-20,13.0,Pleno dia,Decrescente,Céu Claro,Dupla,Reta,-15.63675,-47.74511,DEL02-DF,Risco Médio,Baixa
domingo,BR-20,11.5,Pleno dia,Crescente,Céu Claro,Dupla,Reta,-15.64476,-47.76211,DEL02-DF,Risco Alto,Baixa
terça-feira,BR-277,194.0,Pleno dia,Crescente,Céu Claro,Dupla,Reta,-25.43177,-50.14955,DEL03-PR,Risco Baixo,Média
segunda-feira,BR-101,305.1,Amanhecer,Crescente,Céu Claro,Simples,Reta,-20.38392,-40.46125,DEL01-ES,Risco Médio,Alta
quinta-feira,BR-381,481.5,Pleno dia,Crescente,Sol,Múltipla,Reta,-19.95814,-44.05822,DEL01-MG,Risco Médio,Alta
sexta-feira,BR-230,159.4,Pleno dia,Crescente,Chuva,Simples,Interseção de vias,-7.252,-35.9334,DEL02-PB,Risco Médio,Baixa
sexta-feira,BR-101,79.0,Pleno dia,Decrescente,Céu Claro,Dupla,Reta,-8.143661,-34.94723,DEL01-PE,Risco Médio,Alta
domingo,BR-101,68.0,Plena Noite,Decrescente,Céu Claro,Simples,Reta,-18.7266,-39.85975,DEL04-ES,Risco Médio,Alta
segunda-feira,BR-116,564.0,Pleno dia,Crescente,Garoa/Chuvisco,Simples,Não Informado,-25.0422,-48.55029,DEL05-SP,Risco Baixo,Alta
sexta-feira,BR-405,73.0,Pleno dia,Decrescente,Céu Claro,Simples,Não Informado,-5.626227,-37.79783,DEL04-RN,Risco Médio,Baixa
domingo,BR-116,148.6,Plena Noite,Decrescente,Céu Claro,Dupla,Reta,-23.20067,-45.8795,DEL02-SP,Risco Baixo,Alta
domingo,BR-285,442.8,Plena Noite,Decrescente,Céu Claro,Simples,Não Informado,-28.36221,-53.75984,DEL10-RS,Risco Médio,Baixa
sábado,BR-222,4.3,Plena Noite,Crescente,Céu Claro,Dupla,Reta,-3.742654,-38.61245,DEL01-CE,Risco Médio,Baixa
sábado,BR-262,86.2,Pleno dia,Crescente,Céu Claro,Simples,Reta,-20.39816,-40.99243,DEL01-ES,Risco Médio,Média
sábado,BR-158,770.0,Pleno dia,Crescente,Sol,Simples,Reta,-15.6699,-52.21339,DEL07-MT,Risco Baixo,Baixa
terça-feira,BR-282,2.0,Pleno dia,Decrescente,Céu Claro,Múltipla,Reta,-27.60329,-48.59042,DEL01-SC,Risco Médio,Baixa
sábado,BR-158,185.5,Pleno dia,Crescente,Céu Claro,Simples,Reta,-17.1967,-51.893,DEL05-GO,Risco Médio,Baixa
quarta-feira,BR-101,211.5,Pleno dia,Decrescente,Céu Claro,Múltipla,Reta,-27.62329,-48.65246,DEL01-SC,Risco Médio,Alta
terça-feira,BR-470,234.0,Pleno dia,Decrescente,Céu Claro,Simples,Curva,-29.29809,-51.48162,DEL06-RS,Risco Baixo,Baixa
quinta-feira,BR-381,495.5,Pleno dia,Decrescente,Nublado,Dupla,Reta,-19.98891,-44.20522,DEL01-MG,Risco Médio,Alta
domingo,BR-10,129.5,Plena Noite,Crescente,Céu Claro,Simples,Reta,-6.557551,-47.44879,DEL04-MA,Risco Alto,Baixa
quarta-feira,BR-101,121.0,Pleno dia,Decrescente,Garoa/Chuvisco,Múltipla,Reta,-26.92103,-48.70856,DEL04-SC,Risco Médio,Alta
quarta-feira,BR-381,612.0,Pleno dia,Crescente,Chuva,Dupla,Curva,-20.7025,-44.7496,DEL04-MG,Risco Baixo,Alta
quarta-feira,BR-282,5.0,Plena Noite,Crescente,Céu Claro,Múltipla,Reta,-27.58793,-48.61336,DEL01-SC,Risco Médio,Baixa
segunda-feira,BR-153,344.6,Pleno dia,Decrescente,Chuva,Simples,Curva,-8.90869,-48.50926,DEL02-TO,Risco Médio,Alta
segunda-feira,BR-101,192.0,Pleno dia,Decrescente,Chuva,Simples,Não Informado,-19.72072,-40.35125,DEL04-ES,Risco Médio,Alta
terça-feira,BR-376,664.3,Pleno dia,Crescente,Sol,Dupla,Curva,-25.85494,-48.95931,DEL01-PR,Risco Baixo,Baixa
segunda-feira,BR-262,48.0,Pleno dia,Crescente,Céu Claro,Simples,Reta,-20.41192,-40.68856,DEL01-ES,Risco Médio,Média
domingo,BR-392,647.4,Amanhecer,Decrescente,Nublado,Simples,Reta,-28.13692,-54.59728,DEL10-RS,Risco Médio,Média
segunda-feira,BR-50,171.0,Pleno dia,Decrescente,Céu Claro,Dupla,Reta,-19.74555,-47.98382,DEL13-MG,Risco Médio,Média
domingo,BR-101,32.0,Plena Noite,Crescente,Céu Claro,Simples,Não Informado,-18.4255,-39.93487,DEL04-ES,Risco Médio,Alta
quarta-feira,BR-116,526.9,Anoitecer,Decrescente,Céu Claro,Dupla,Retorno Regulamentado,-19.77654,-42.13328,DEL06-MG,Risco Médio,Alta
sábado,BR-324,596.0,Pleno dia,Decrescente,Nublado,Dupla,Não Informado,-12.7315,-38.44548,DEL01-BA,Risco Médio,Baixa
quarta-feira,BR-277,82.0,Plena Noite,Decrescente,Nublado,Dupla,Reta,-25.45364,-49.22573,DEL01-PR,Risco Médio,Média
sábado,BR-381,856.0,Pleno dia,Decrescente,Céu Claro,Dupla,Reta,-22.29233,-45.89799,DEL16-MG,Risco Médio,Alta
quarta-feira,BR-277,655.0,Pleno dia,Decrescente,Céu Claro,Dupla,Reta,-25.24314,-53.98304,DEL05-PR,Risco Médio,Média
domingo,BR-116,223.0,Plena Noite,Decrescente,Céu Claro,Múltipla,Reta,-23.4756,-46.52466,DEL01-SP,Risco Médio,Alta
quarta-feira,BR-110,348.0,Plena Noite,Crescente,Céu Claro,Simples,Reta,-12.2696,-38.37452,DEL01-BA,Risco Alto,Baixa
quinta-feira,BR-376,17.0,Pleno dia,Crescente,Céu Claro,Dupla,Não Informado,-23.43191,-51.88725,DEL07-PR,Risco Baixo,Baixa
quinta-feira,BR-101,392.0,Plena Noite,Decrescente,Céu Claro,Dupla,Reta,-22.89266,-43.69451,DEL03-RJ,Risco Médio,Alta
quinta-feira,BR-381,584.2,Pleno dia,Crescente,Nublado,Dupla,Curva,-20.5114,-44.6122,DEL04-MG,Risco Baixo,Alta
segunda-feira,BR-101,297.0,Plena Noite,Decrescente,Garoa/Chuvisco,Dupla,Não Informado,-22.77157,-42.92446,DEL02-RJ,Risco Médio,Alta
domingo,BR-158,605.0,Pleno dia,Decrescente,Céu Claro,Simples,Curva,-13.762,-56.053,DEL07-MT,Risco Médio,Baixa
terça-feira,BR-101,110.8,Pleno dia,Decrescente,Sol,Dupla,Não Informado,-7.352556,-34.94941,DEL01-PB,Risco Médio,Alta
segunda-feira,BR-432,204.0,Plena Noite,Decrescente,Nublado,Simples,Curva,2.7184,-60.60954,DEL01-RR,Risco Alto,Baixa
segunda-feira,BR-60,98.8,Amanhecer,Crescente,Céu Claro,Dupla,Reta,-16.39084,-48.95786,DEL02-GO,Risco Médio,Média
sábado,BR-470,317.1,Plena Noite,Decrescente,Céu Claro,Simples,Curva,-27.40548,-51.207,DEL07-SC,Risco Médio,Baixa
domingo,BR-476,123.0,Pleno dia,Decrescente,Nublado,Múltipla,Reta,-25.39147,-49.20829,DEL01-PR,Risco Baixo,Baixa
domingo,BR-376,2.0,Plena Noite,Decrescente,Nublado,Dupla,Reta,-25.5501,-49.18832,DEL01-PR,Risco Médio,Baixa
sexta-feira,BR-116,177.0,Plena Noite,Crescente,Nublado,Dupla,Reta,-22.75375,-43.43537,DEL01-RJ,Risco Baixo,Alta
sexta-feira,BR-324,553.0,Pleno dia,Crescente,Céu Claro,Dupla,Reta,-12.45504,-38.70402,DEL01-BA,Risco Baixo,Baixa
sexta-feira,BR-101,291.0,Pleno dia,Crescente,Céu Claro,Dupla,Reta,-20.29756,-40.39446,DEL01-ES,Risco Médio,Alta
sexta-feira,BR-235,45.7,Pleno dia,Crescente,Chuva,Simples,Não Informado,-10.74692,-37.3999,DEL01-SE,Risco Baixo,Baixa
quarta-feira,BR-40,24.0,Plena Noite,Crescente,Céu Claro,Dupla,Reta,-16.25274,-47.90044,DEL01-DF,Risco Médio,Alta
segunda-feira,BR-476,114.0,Pleno dia,Crescente,Nublado,Simples,Reta,-25.33597,-49.15818,DEL01-PR,Risco Médio,Baixa
sábado,BR-230,8.2,Pleno dia,Crescente,Céu Claro,Múltipla,Reta,-7.0355,-34.8429,DEL01-PB,Risco Alto,Baixa
terça-feira,BR-364,203.0,Pleno dia,Decrescente,Céu Claro,Dupla,Reta,-16.47555,-54.65345,DEL02-MT,Risco Baixo,Alta
segunda-feira,BR-101,250.0,Plena Noite,Crescente,Céu Claro,Dupla,Reta,-20.08139,-40.34938,DEL02-ES,Risco Médio,Alta
sexta-feira,BR-101,155.2,Pleno dia,Crescente,Céu Claro,Simples,Curva,-27.16292,-48.61129,DEL04-SC,Risco Médio,Alta
segunda-feira,BR-153,547.5,Plena Noite,Decrescente,Céu Claro,Dupla,Reta,-17.1147,-49.2132,DEL01-GO,Risco Alto,Alta
quarta-feira,BR-101,127.0,Pleno dia,Decrescente,Chuva,Dupla,Reta,-6.095275,-35.23432,DEL01-RN,Risco Médio,Alta
sexta-feira,BR-493,87.0,Pleno dia,Decrescente,Céu Claro,Dupla,Reta,-22.66661,-43.63873,DEL01-RJ,Risco Médio,Baixa
terça-feira,BR-116,15.6,Anoitecer,Crescente,Chuva,Dupla,Curva,-25.09833,-48.68266,DEL01-PR,Risco Médio,Alta
segunda-feira,BR-330,779.0,Plena Noite,Decrescente,Nublado,Simples,Curva,-14.00757,-39.91057,DEL03-BA,Risco Médio,Baixa
quarta-feira,BR-386,298.0,Pleno dia,Crescente,Céu Claro,Simples,Curva,-29.163,-52.222,DEL04-RS,Risco Baixo,Média
sábado,BR-381,810.0,Pleno dia,Decrescente,Chuva,Dupla,Curva,-21.99067,-45.66749,DEL16-MG,Risco Baixo,Alta
segunda-feira,BR-369,143.0,Plena Noite,Crescente,Céu Claro,Dupla,Retorno Regulamentado,-23.29323,-51.1005,DEL07-PR,Risco Médio,Baixa
sábado,BR-116,250.0,Plena Noite,Crescente,Céu Claro,Dupla,Reta,-22.62454,-43.91765,DEL07-RJ,Risco Baixo,Alta
sábado,BR-153,637.0,Amanhecer,Decrescente,Céu Claro,Simples,Curva,-31.38159,-54.10971,DEL11-RS,Risco Baixo,Alta
quarta-feira,BR-277,107.3,Pleno dia,Decrescente,Céu Claro,Dupla,Não Informado,-25.43349,-49.43569,DEL01-PR,Risco Médio,Média
sábado,BR-163,694.0,Amanhecer,Decrescente,Céu Claro,Simples,Reta,-13.04111,-55.90272,DEL06-MT,Risco Médio,Alta
domingo,BR-452,68.4,Pleno dia,Crescente,Céu Claro,Simples,Reta,-18.02824,-50.31725,DEL04-GO,Risco Médio,Baixa
quinta-feira,BR-230,26.9,Plena Noite,Decrescente,Nublado,Dupla,Reta,-7.165946,-34.8891,DEL01-PB,Risco Médio,Baixa
sexta-feira,BR-280,23.8,Plena Noite,Crescente,Nublado,Simples,Reta,-26.37725,-48.71953,DEL03-SC,Risco Médio,Baixa
domingo,BR-116,483.1,Plena Noite,Decrescente,Céu Claro,Simples,Reta,-7.308152,-38.9283,DEL05-CE,Risco Médio,Alta
quinta-feira,BR-280,75.5,Pleno dia,Decrescente,Céu Claro,Simples,Não Informado,-26.45839,-49.17048,DEL03-SC,Risco Médio,Baixa
quinta-feira,BR-364,239.1,Pleno dia,Crescente,Céu Claro,Simples,Retorno Regulamentado,-11.43494,-61.4637,DEL02-RO,Risco Médio,Alta
quinta-feira,BR-423,98.2,Plena Noite,Crescente,Céu Claro,Simples,Não Informado,-8.875224,-36.50594,DEL03-PE,Risco Médio,Baixa
terça-feira,BR-376,181.0,Pleno dia,Decrescente,Céu Claro,Dupla,Rotatória,-23.4252,-51.8988,DEL07-PR,Risco Médio,Baixa
sexta-feira,BR-101,109.6,Pleno dia,Decrescente,Céu Claro,Dupla,Interseção de vias,-5.937378,-35.26483,DEL01-RN,Risco Médio,Alta
domingo,BR-364,377.0,Pleno dia,Crescente,Sol,Simples,Reta,-15.70403,-55.73712,DEL02-MT,Risco Baixo,Alta
segunda-feira,BR-20,405.0,Pleno dia,Decrescente,Céu Claro,Simples,Reta,-3.77408,-38.67808,DEL01-CE,Risco Médio,Baixa
sexta-feira,BR-267,482.0,Plena Noite,Crescente,Céu Claro,Simples,Interseção de vias,-21.48307,-56.14631,DEL05-MS,Risco Médio,Baixa
domingo,BR-116,51.0,Pleno dia,Decrescente,Nublado,Simples,Rotatória,-22.74158,-45.09206,DEL08-SP,Risco Baixo,Alta
terça-feira,BR-116,165.7,Amanhecer,Crescente,Céu Claro,Simples,Reta,-4.954095,-37.99767,DEL03-CE,Risco Médio,Alta
terça-feira,BR-101,47.4,Plena Noite,Crescente,Vento,Múltipla,Reta,-7.882907,-34.90461,DEL01-PE,Risco Médio,Alta
quarta-feira,BR-282,32.3,Plena Noite,Crescente,Garoa/Chuvisco,Simples,Reta,-27.70116,-48.80018,DEL01-SC,Risco Médio,Baixa
domingo,BR-304,30.0,Plena Noite,Decrescente,Céu Claro,Simples,Não Informado,-5.1215,-37.342,DEL04-RN,Risco Médio,Baixa
terça-feira,BR-365,451.0,Pleno dia,Decrescente,Céu Claro,Simples,Reta,-18.83594,-46.83647,DEL10-MG,Risco Médio,Média
domingo,BR-101,402.7,Pleno dia,Crescente,Nublado,Simples,Curva,-20.88955,-40.99664,DEL03-ES,Risco Baixo,Alta
sexta-feira,BR-476,125.0,Pleno dia,Decrescente,Céu Claro,Dupla,Interseção de vias,-25.4079,-49.2195,DEL01-PR,Risco Baixo,Baixa
terça-feira,BR-376,383.5,Pleno dia,Crescente,Nublado,Simples,Curva,-24.4268,-50.76705,DEL03-PR,Risco Médio,Baixa
sexta-feira,BR-367,29.2,Pleno dia,Decrescente,Céu Claro,Simples,Interseção de vias,-16.41635,-39.11793,DEL09-BA,Risco Médio,Baixa
sexta-feira,BR-158,526.0,Plena Noite,Crescente,Céu Claro,Dupla,Interseção de vias,-26.25199,-52.70783,DEL02-PR,Risco Baixo,Baixa
domingo,BR-230,145.9,Plena Noite,Crescente,Céu Claro,Dupla,Reta,-7.245399,-35.85134,DEL02-PB,Risco Médio,Baixa
sexta-feira,BR-369,516.8,Plena Noite,Crescente,Céu Claro,Simples,Reta,-24.9006,-53.3634,DEL04-PR,Risco Médio,Baixa
sábado,BR-262,322.0,Plena Noite,Decrescente,Céu Claro,Simples,Interseção de vias,-20.46845,-54.52071,DEL01-MS,Risco Médio,Média
sábado,BR-376,88.0,Plena Noite,Crescente,Céu Claro,Simples,Reta,-22.99528,-52.58495,DEL09-PR,Risco Baixo,Baixa
sexta-feira,BR-101,85.1,Pleno dia,Decrescente,Céu Claro,Dupla,Reta,-7.145382,-34.91663,DEL01-PB,Risco Médio,Alta
sábado,BR-135,2.0,Pleno dia,Decrescente,Sol,Dupla,Reta,-2.53073,-44.3068,DEL01-MA,Risco Médio,Baixa
sexta-feira,BR-101,135.0,Pleno dia,Crescente,Céu Claro,Dupla,Reta,-22.14483,-41.72369,DEL02-RJ,Risco Médio,Alta
sábado,BR-158,594.0,Plena Noite,Decrescente,Céu Claro,Simples,Reta,-14.26763,-52.16896,DEL07-MT,Risco Alto,Baixa
domingo,BR-251,476.8,Plena Noite,Crescente,Céu Claro,Simples,Reta,-16.47033,-43.47513,DEL12-MG,Risco Alto,Baixa
sábado,BR-101,38.7,Anoitecer,Decrescente,Céu Claro,Simples,Curva,-23.40739,-45.01855,DEL06-SP,Risco Alto,Alta
sexta-feira,BR-101,243.0,Pleno dia,Crescente,Céu Claro,Dupla,Reta,-27.8842,-48.6475,DEL01-SC,Risco Médio,Alta
quarta-feira,BR-356,35.0,Pleno dia,Crescente,Nublado,Simples,Reta,-21.2113,-41.88486,DEL08-RJ,Risco Médio,Baixa
domingo,BR-420,260.0,Amanhecer,Decrescente,Nevoeiro/Neblina,Simples,Curva,-13.23351,-39.54133,DEL01-BA,Risco Alto,Baixa
terça-feira,BR-101,348.0,Pleno dia,Crescente,Céu Claro,Simples,Interseção de vias,-28.57318,-49.05292,DEL02-SC,Risco Médio,Alta
segunda-feira,BR-101,287.9,Pleno dia,Crescente,Céu Claro,Dupla,Reta,-20.26494,-40.38472,DEL01-ES,Risco Médio,Alta
quinta-feira,BR-381,929.0,Pleno dia,Decrescente,Sol,Dupla,Curva,-22.77149,-46.23706,DEL16-MG,Risco Baixo,Alta
quinta-feira,BR-163,500.3,Plena Noite,Decrescente,Céu Claro,Simples,Reta,-20.32607,-54.51857,DEL01-MS,Risco Médio,Alta
quinta-feira,BR-282,308.0,Pleno dia,Crescente,Nublado,Simples,Curva,-27.49292,-50.97197,DEL07-SC,Risco Médio,Baixa
segunda-feira,BR-316,31.0,Pleno dia,Crescente,Céu Claro,Dupla,Curva,-1.302587,-48.19657,DEL01-PA,Risco Médio,Baixa
sexta-feira,BR-116,211.0,Pleno dia,Decrescente,Céu Claro,Dupla,Reta,-23.43243,-46.41944,DEL01-SP,Risco Médio,Alta
sexta-feira,BR-20,45.8,Plena Noite,Crescente,Céu Claro,Dupla,Curva,-15.57961,-47.46012,DEL02-DF,Risco Médio,Baixa
sábado,BR-242,354.0,Plena Noite,Crescente,Céu Claro,Simples,Ponte,-11.85968,-48.88732,DEL02-TO,Risco Alto,Baixa
quinta-feira,BR-20,96.0,Plena Noite,Decrescente,Céu Claro,Simples,Reta,-13.11376,-46.01997,DEL10-BA,Risco Médio,Baixa
sexta-feira,BR-116,184.8,Plena Noite,Decrescente,Nublado,Simples,Curva,-17.11628,-41.50307,DEL11-MG,Risco Médio,Alta
sexta-feira,BR-153,686.3,Pleno dia,Crescente,Céu Claro,Simples,Reta,-11.83846,-49.14104,DEL02-TO,Risco Médio,Alta
domingo,BR-230,93.0,Plena Noite,Decrescente,Céu Claro,Simples,Reta,-6.02585,-47.91448,DEL02-TO,Risco Médio,Baixa
domingo,BR-101,216.7,Plena Noite,Decrescente,Céu Claro,Simples,Reta,-27.65981,-48.67748,DEL01-SC,Risco Baixo,Alta
quarta-feira,BR-153,334.9,Plena Noite,Decrescente,Nublado,Dupla,Interseção de vias,-8.844577,-48.51081,DEL02-TO,Risco Médio,Alta
sábado,BR-101,71.3,Plena Noite,Crescente,Céu Claro,Simples,Ponte,-21.78578,-41.38139,DEL08-RJ,Risco Baixo,Alta
domingo,BR-423,55.2,Pleno dia,Decrescente,Sol,Simples,Reta,-8.615373,-36.29868,DEL03-PE,Risco Médio,Baixa
segunda-feira,BR-101,123.1,Amanhecer,Decrescente,Céu Claro,Dupla,Interseção de vias,-26.9434,-48.6917,DEL04-SC,Risco Médio,Alta
sábado,BR-381,671.1,Pleno dia,Crescente,Chuva,Dupla,Curva,-21.06988,-45.05151,DEL04-MG,Risco Médio,Alta
segunda-feira,BR-476,145.0,Pleno dia,Crescente,Céu Claro,Dupla,Reta,-25.54775,-49.32095,DEL01-PR,Risco Baixo,Baixa
sábado,BR-364,569.9,Plena Noite,Crescente,Céu Claro,Simples,Ponte,-9.48657,-63.09585,DEL03-RO,Risco Alto,Alta
domingo,BR-251,478.0,Pleno dia,Decrescente,Céu Claro,Simples,Reta,-16.46906,-43.49357,DEL12-MG,Risco Médio,Baixa
quarta-feira,BR-101,409.9,Pleno dia,Decrescente,Céu Claro,Simples,Rotatória,-28.91483,-49.48625,DEL02-SC,Risco Baixo,Alta
domingo,BR-156,259.0,Pleno dia,Decrescente,Nublado,Simples,Desvio Temporário,0.2028299,-51.11631,DEL01-AP,Risco Baixo,Baixa
domingo,BR-365,521.2,Pleno dia,Crescente,Céu Claro,Simples,Reta,-18.91498,-47.41535,DEL10-MG,Risco Médio,Média
quarta-feira,BR-393,178.0,Pleno dia,Decrescente,Céu Claro,Simples,Reta,-22.12634,-43.22812,DEL05-RJ,Risco Médio,Média
sábado,BR-392,52.0,Pleno dia,Crescente,Chuva,Múltipla,Reta,-31.89245,-52.31915,DEL07-RS,Risco Baixo,Média
quinta-feira,BR-101,207.0,Anoitecer,Crescente,Céu Claro,Múltipla,Reta,-27.60001,-48.62265,DEL01-SC,Risco Médio,Alta
quarta-feira,BR-364,122.5,Pleno dia,Crescente,Céu Claro,Simples,Reta,-16.84242,-53.94005,DEL02-MT,Risco Alto,Alta
domingo,BR-116,395.0,Plena Noite,Crescente,Garoa/Chuvisco,Dupla,Não Informado,-24.28895,-47.4608,DEL04-SP,Risco Médio,Alta
quinta-feira,BR-324,592.0,Pleno dia,Decrescente,Céu Claro,Simples,Curva,-12.69022,-38.46568,DEL01-BA,Risco Médio,Baixa
segunda-feira,BR-365,627.0,Anoitecer,Crescente,Céu Claro,Dupla,Não Informado,-18.9064,-48.297,DEL15-MG,Risco Médio,Média
domingo,BR-158,233.8,Pleno dia,Decrescente,Nublado,Simples,Curva,-28.9764,-53.64328,DEL10-RS,Risco Médio,Baixa
quarta-feira,BR-285,566.0,Plena Noite,Decrescente,Céu Claro,Simples,Interseção de vias,-28.41828,-54.96484,DEL10-RS,Risco Baixo,Baixa
sábado,BR-386,136.8,Amanhecer,Crescente,Céu Claro,Simples,Reta,-27.96766,-52.90781,DEL08-RS,Risco Baixo,Média
sexta-feira,BR-405,180.6,Plena Noite,Crescente,Céu Claro,Simples,Reta,-6.350066,-38.29534,DEL04-RN,Risco Médio,Baixa
sábado,BR-285,579.5,Anoitecer,Decrescente,Céu Claro,Simples,Reta,-28.43025,-55.08563,DEL12-RS,Risco Médio,Baixa
domingo,BR-316,8.0,Plena Noite,Crescente,Céu Claro,Dupla,Reta,-1.375263,-48.38292,DEL01-PA,Risco Médio,Baixa
sábado,BR-101,247.0,Pleno dia,Crescente,Chuva,Simples,Reta,-22.6588,-42.4942,DEL02-RJ,Risco Baixo,Alta
sábado,BR-116,556.0,Plena Noite,Crescente,Nublado,Simples,Curva,-19.9779,-42.1422,DEL06-MG,Risco Médio,Alta
sábado,BR-493,63.2,Plena Noite,Crescente,Nublado,Dupla,Reta,-22.6739,-43.3881,DEL01-RJ,Risco Baixo,Baixa
segunda-feira,BR-386,282.0,Plena Noite,Crescente,Céu Claro,Simples,Reta,-29.03581,-52.29868,DEL04-RS,Risco Médio,Média
domingo,BR-116,122.0,Plena Noite,Decrescente,Céu Claro,Dupla,Reta,-25.6012,-49.3177,DEL01-PR,Risco Médio,Alta
sábado,BR-40,109.0,Plena Noite,Crescente,Céu Claro,Dupla,Reta,-22.67375,-43.28638,DEL01-RJ,Risco Baixo,Alta
quarta-feira,BR-235,4.0,Pleno dia,Crescente,Céu Claro,Dupla,Não Informado,-10.9064,-37.1197,DEL01-SE,Risco Médio,Baixa
quinta-feira,BR-381,484.0,Pleno dia,Decrescente,Céu Claro,Múltipla,Reta,-19.95532,-44.11722,DEL01-MG,Risco Médio,Alta
terça-feira,BR-40,120.1,Plena Noite,Decrescente,Céu Claro,Dupla,Reta,-22.77281,-43.28627,DEL01-RJ,Risco Médio,Alta
domingo,BR-262,726.0,Pleno dia,Crescente,Sol,Simples,Reta,-19.37533,-57.53225,DEL03-MS,Risco Médio,Média
quinta-feira,BR-365,3.9,Plena Noite,Decrescente,Céu Claro,Simples,Reta,-16.74574,-43.88392,DEL12-MG,Risco Médio,Média
sexta-feira,BR-381,177.9,Plena Noite,Decrescente,Céu Claro,Simples,Reta,-19.0168,-42.14146,DEL06-MG,Risco Baixo,Alta
segunda-feira,BR-116,512.0,Pleno dia,Decrescente,Garoa/Chuvisco,Dupla,Não Informado,-24.84304,-48.22028,DEL05-SP,Risco Médio,Alta
sexta-feira,BR-116,11.0,Plena Noite,Decrescente,Céu Claro,Dupla,Reta,-3.843947,-38.49892,DEL01-CE,Risco Médio,Alta
domingo,BR-210,50.0,Pleno dia,Decrescente,Céu Claro,Simples,Reta,0.437385,-51.04499,DEL01-AP,Risco Médio,Baixa
quarta-feira,BR-70,307.7,Pleno dia,Decrescente,Céu Claro,Simples,Reta,-15.57321,-54.5315,DEL05-MT,Risco Médio,Baixa
sábado,BR-104,87.0,Pleno dia,Decrescente,Céu Claro,Dupla,Reta,-9.482842,-35.82646,DEL01-AL,Risco Médio,Baixa
sábado,BR-153,26.7,Plena Noite,Crescente,Céu Claro,Simples,Reta,-23.20451,-49.98568,DEL07-PR,Risco Médio,Alta
quinta-feira,BR-20,2.1,Plena Noite,Decrescente,Céu Claro,Simples,Reta,-15.6828,-47.83992,DEL02-DF,Risco Médio,Baixa
terça-feira,BR-282,179.8,Pleno dia,Crescente,Céu Claro,Simples,Curva,-27.74014,-49.93052,DEL05-SC,Risco Médio,Baixa
sexta-feira,BR-116,114.0,Pleno dia,Crescente,Chuva,Simples,Curva,-22.6072,-43.0287,DEL04-RJ,Risco Baixo,Alta
sábado,BR-116,333.0,Plena Noite,Crescente,Céu Claro,Simples,Reta,-18.26232,-41.73725,DEL11-MG,Risco Médio,Alta
domingo,BR-381,21.0,Plena Noite,Crescente,Chuva,Dupla,Curva,-22.99141,-46.50879,DEL03-SP,Risco Alto,Alta
segunda-feira,BR-101,134.0,Plena Noite,Decrescente,Céu Claro,Simples,Reta,-27.00218,-48.63643,DEL04-SC,Risco Médio,Alta
segunda-feira,BR-277,307.0,Anoitecer,Crescente,Céu Claro,Simples,Curva,-25.30335,-51.15428,DEL08-PR,Risco Alto,Média
segunda-feira,BR-406,80.9,Pleno dia,Crescente,Céu Claro,Dupla,Interseção de vias,-5.762901,-35.28722,DEL02-RN,Risco Baixo,Baixa
terça-feira,BR-376,498.0,Plena Noite,Crescente,Chuva,Dupla,Reta,-25.1884,-50.08463,DEL03-PR,Risco Médio,Baixa
segunda-feira,BR-470,126.3,Plena Noite,Crescente,Garoa/Chuvisco,Simples,Curva,-27.13206,-49.53851,DEL04-SC,Risco Médio,Baixa
domingo,BR-153,411.0,Plena Noite,Crescente,Céu Claro,Simples,Reta,-26.04161,-50.82689,DEL02-PR,Risco Médio,Alta
quinta-feira,BR-70,19.0,Anoitecer,Crescente,Céu Claro,Dupla,Reta,-15.78887,-48.22024,DEL01-DF,Risco Médio,Baixa
sábado,BR-163,306.3,Plena Noite,Decrescente,Nublado,Simples,Reta,-21.92776,-54.53407,DEL02-MS,Risco Médio,Alta
sexta-feira,BR-70,460.0,Pleno dia,Crescente,Céu Claro,Simples,Reta,-15.92436,-51.97632,DEL04-GO,Risco Baixo,Baixa
sexta-feira,BR-60,399.6,Pleno dia,Decrescente,Nublado,Dupla,Reta,-17.8151,-51.099,DEL04-GO,Risco Médio,Média
domingo,BR-40,116.0,Pleno dia,Decrescente,Chuva,Dupla,Reta,-22.73306,-43.2885,DEL01-RJ,Risco Baixo,Alta
sábado,BR-50,276.7,Plena Noite,Crescente,Céu Claro,Simples,Reta,-18.1628,-47.91034,DEL06-GO,Risco Baixo,Média