dia_semana,br,km,fase_dia,sentido_via,condicao_metereologica,tipo_pista,tracado_via,latitude,longitude,delegacia,classificacao_acidente,postos_policiais_PRF
segunda-feira,BR-262,161.4,Pleno dia,Decrescente,Céu Claro,Simples,Não Informado,-19.9635,-42.84338,DEL03-MG,Risco Baixo,Média
sexta-feira,BR-365,15.0,Plena Noite,Crescente,Nublado,Simples,Reta,-16.86593,-43.98363,DEL12-MG,Risco Médio,Média
terça-feira,BR-116,218.8,Pleno dia,Decrescente,Nublado,Dupla,Reta,-23.45797,-46.47993,DEL01-SP,Risco Médio,Alta
segunda-feira,BR-354,753.4,Pleno dia,Crescente,Nublado,Simples,Não Informado,-22.30074,-44.86209,DEL17-MG,Risco Médio,Baixa
sexta-feira,BR-101,198.0,Pleno dia,Crescente,Céu Claro,Múltipla,Reta,-27.52659,-48.63506,DEL01-SC,Risco Alto,Alta
quarta-feira,BR-40,614.7,Plena Noite,Crescente,Céu Claro,Simples,Reta,-20.52978,-43.82351,DEL05-MG,Risco Alto,Alta
segunda-feira,BR-364,593.0,Pleno dia,Decrescente,Céu Claro,Simples,Reta,-9.283697,-63.15558,DEL03-RO,Risco Médio,Alta
domingo,BR-262,29.0,Plena Noite,Crescente,Céu Claro,Simples,Não Informado,-20.24722,-41.98203,DEL06-MG,Risco Baixo,Média
terça-feira,BR-153,536.8,Pleno dia,Decrescente,Céu Claro,Dupla,Reta,-16.994,-49.228,DEL01-GO,Risco Médio,Alta
sábado,BR-369,185.0,Pleno dia,Crescente,Nublado,Simples,Reta,-23.4215,-51.42465,DEL07-PR,Risco Médio,Baixa
sexta-feira,BR-304,297.0,Pleno dia,Crescente,Chuva,Simples,Reta,-5.86449,-35.34632,DEL01-RN,Risco Médio,Baixa
segunda-feira,BR-386,238.4,Pleno dia,Crescente,Sol,Simples,Reta,-28.76709,-52.53264,DEL04-RS,Risco Baixo,Média
sábado,BR-101,112.0,Plena Noite,Crescente,Céu Claro,Dupla,Curva,-8.327892,-35.11924,DEL01-PE,Risco Médio,Alta
sábado,BR-116,18.0,Plena Noite,Crescente,Céu Claro,Dupla,Interseção de vias,-25.38892,-49.20126,DEL01-PR,Risco Médio,Alta
terça-feira,BR-40,2.0,Pleno dia,Crescente,Céu Claro,Dupla,Reta,-16.073,-47.9848,DEL01-DF,Risco Médio,Alta
sábado,BR-163,777.0,Anoitecer,Decrescente,Céu Claro,Simples,Reta,-12.4664,-55.67003,DEL06-MT,Risco Médio,Alta
terça-feira,BR-277,597.1,Plena Noite,Crescente,Céu Claro,Dupla,Reta,-24.99514,-53.51419,DEL04-PR,Risco Baixo,Média
quarta-feira,BR-116,739.1,Anoitecer,Crescente,Céu Claro,Simples,Curva,-21.36879,-42.47694,DEL07-MG,Risco Alto,Alta
terça-feira,BR-316,22.4,Plena Noite,Decrescente,Céu Claro,Simples,Reta,-5.275528,-42.72608,DEL01-PI,Risco Médio,Baixa
quinta-feira,BR-324,404.0,Plena Noite,Decrescente,Chuva,Simples,Reta,-11.60428,-39.63122,DEL04-BA,Risco Médio,Baixa
domingo,BR-230,0.6,Plena Noite,Crescente,Céu Claro,Simples,Curva,-6.972867,-34.83249,DEL01-PB,Risco Médio,Baixa
sábado,BR-116,302.0,Amanhecer,Crescente,Nevoeiro/Neblina,Dupla,Reta,-23.81852,-46.92436,DEL04-SP,Risco Médio,Alta
quarta-feira,BR-381,616.0,Amanhecer,Decrescente,Nublado,Dupla,Curva,-20.7295,-44.7729,DEL04-MG,Risco Médio,Alta
domingo,BR-316,7.1,Plena Noite,Decrescente,Céu Claro,Simples,Reta,-5.161957,-42.7699,DEL01-PI,Risco Médio,Baixa
sábado,BR-282,16.5,Pleno dia,Crescente,Céu Claro,Simples,Reta,-27.65861,-48.68185,DEL01-SC,Risco Médio,Baixa
terça-feira,BR-316,62.5,Pleno dia,Decrescente,Sol,Dupla,Reta,-1.297869,-47.93764,DEL01-PA,Risco Médio,Baixa
sexta-feira,BR-476,122.1,Plena Noite,Crescente,Nublado,Múltipla,Reta,-25.38578,-49.20333,DEL01-PR,Risco Médio,Baixa
domingo,BR-116,223.0,Plena Noite,Crescente,Garoa/Chuvisco,Múltipla,Reta,-23.4756,-46.52466,DEL01-SP,Risco Médio,Alta
segunda-feira,BR-476,122.0,Pleno dia,Crescente,Garoa/Chuvisco,Dupla,Reta,-25.38577,-49.20338,DEL01-PR,Risco Baixo,Baixa
domingo,BR-50,2.0,Plena Noite,Crescente,Céu Claro,Dupla,Reta,-18.43743,-48.0572,DEL15-MG,Risco Médio,Média
quarta-feira,BR-40,109.0,Pleno dia,Decrescente,Céu Claro,Simples,Curva,-22.6836,-43.2852,DEL01-RJ,Risco Médio,Alta
sábado,BR-101,72.8,Plena Noite,Crescente,Céu Claro,Dupla,Reta,-26.53641,-48.71311,DEL03-SC,Risco Alto,Alta
quarta-feira,BR-101,207.0,Pleno dia,Crescente,Nublado,Múltipla,Reta,-27.60001,-48.62265,DEL01-SC,Risco Médio,Alta
domingo,BR-277,724.5,Plena Noite,Crescente,Céu Claro,Dupla,Reta,-25.50258,-54.53868,DEL05-PR,Risco Médio,Média
sábado,BR-101,725.8,Amanhecer,Decrescente,Nevoeiro/Neblina,Simples,Curva,-16.42835,-39.57928,DEL09-BA,Risco Médio,Alta
quinta-feira,BR-408,59.8,Pleno dia,Crescente,Céu Claro,Simples,Reta,-7.814324,-35.24433,DEL01-PE,Risco Baixo,Baixa
terça-feira,BR-282,3.5,Pleno dia,Decrescente,Nublado,Dupla,Reta,-27.59973,-48.60016,DEL01-SC,Risco Médio,Baixa
domingo,BR-277,338.0,Plena Noite,Crescente,Chuva,Dupla,Curva,-25.35029,-51.37783,DEL08-PR,Risco Baixo,Média
domingo,BR-60,128.9,Pleno dia,Decrescente,Céu Claro,Dupla,Reta,-16.55781,-49.15324,DEL01-GO,Risco Baixo,Média
sábado,BR-316,31.8,Pleno dia,Decrescente,Chuva,Dupla,Curva,-1.289763,-48.15602,DEL01-PA,Risco Médio,Baixa
sexta-feira,BR-101,270.7,Pleno dia,Crescente,Céu Claro,Dupla,Reta,-20.22662,-40.27075,DEL02-ES,Risco Médio,Alta
sexta-feira,BR-116,96.0,Pleno dia,Crescente,Céu Claro,Dupla,Não Informado,-25.5338,-49.14658,DEL01-PR,Risco Baixo,Alta
domingo,BR-101,123.0,Plena Noite,Decrescente,Céu Claro,Dupla,Interseção de vias,-26.93669,-48.69877,DEL04-SC,Risco Médio,Alta
quarta-feira,BR-101,273.9,Pleno dia,Crescente,Céu Claro,Múltipla,Reta,-20.22029,-40.29049,DEL02-ES,Risco Médio,Alta
domingo,BR-428,183.7,Pleno dia,Decrescente,Sol,Simples,Reta,-9.341479,-40.47098,DEL06-PE,Risco Médio,Baixa
sexta-feira,BR-364,14.0,Pleno dia,Decrescente,Céu Claro,Dupla,Rotatória,-12.7391,-60.1388,DEL04-RO,Risco Médio,Alta
quarta-feira,BR-381,82.0,Pleno dia,Crescente,Céu Claro,Dupla,Curva,-23.42399,-46.57511,DEL03-SP,Risco Baixo,Alta
quinta-feira,BR-116,25.0,Plena Noite,Crescente,Céu Claro,Simples,Viaduto,-3.979493,-38.51325,DEL01-CE,Risco Baixo,Alta
sexta-feira,BR-242,593.0,Amanhecer,Crescente,Céu Claro,Simples,Reta,-12.15908,-43.29533,DEL10-BA,Risco Alto,Baixa
domingo,BR-153,72.8,Plena Noite,Crescente,Céu Claro,Simples,Não Informado,-20.87608,-49.41999,DEL09-SP,Risco Médio,Alta
quinta-feira,BR-116,473.3,Plena Noite,Decrescente,Nublado,Dupla,Reta,-24.67228,-47.9788,DEL05-SP,Risco Médio,Alta
segunda-feira,BR-101,268.7,Pleno dia,Crescente,Nublado,Múltipla,Reta,-20.20842,-40.2694,DEL02-ES,Risco Médio,Alta
domingo,BR-470,153.8,Pleno dia,Crescente,Céu Claro,Simples,Reta,-27.27291,-49.73474,DEL04-SC,Risco Médio,Baixa
quarta-feira,BR-414,283.0,Pleno dia,Decrescente,Céu Claro,Simples,Curva,-15.09082,-48.74179,DEL07-GO,Risco Médio,Baixa
quinta-feira,BR-369,364.9,Amanhecer,Crescente,Nublado,Simples,Curva,-24.12686,-52.43435,DEL04-PR,Risco Baixo,Baixa
sábado,BR-101,39.0,Plena Noite,Decrescente,Céu Claro,Dupla,Não Informado,-10.51797,-36.95015,DEL02-SE,Risco Médio,Alta
terça-feira,BR-101,592.0,Pleno dia,Decrescente,Céu Claro,Simples,Reta,-23.31817,-44.72196,DEL03-RJ,Risco Médio,Alta
segunda-feira,BR-242,848.0,Amanhecer,Crescente,Chuva,Simples,Reta,-12.07373,-45.52837,DEL10-BA,Risco Médio,Baixa
quarta-feira,BR-40,516.5,Pleno dia,Crescente,Sol,Dupla,Reta,-19.81629,-44.0896,DEL01-MG,Risco Médio,Alta
sábado,BR-316,0.3,Plena Noite,Crescente,Céu Claro,Dupla,Reta,-1.405835,-48.43381,DEL01-PA,Risco Baixo,Baixa
sexta-feira,BR-381,741.8,Pleno dia,Crescente,Sol,Dupla,Reta,-21.61577,-45.25778,DEL16-MG,Risco Médio,Alta
sábado,BR-230,53.0,Plena Noite,Decrescente,Nublado,Dupla,Reta,-7.1998,-35.0763,DEL01-PB,Risco Baixo,Baixa
segunda-feira,BR-376,619.0,Pleno dia,Crescente,Céu Claro,Simples,Reta,-25.60035,-49.17356,DEL01-PR,Risco Médio,Baixa
quinta-feira,BR-381,306.0,Pleno dia,Decrescente,Nublado,Simples,Curva,-19.64198,-42.90377,DEL03-MG,Risco Médio,Alta
sábado,BR-242,816.0,Plena Noite,Decrescente,Céu Claro,Simples,Reta,-12.1187,-45.18291,DEL10-BA,Risco Baixo,Baixa
terça-feira,BR-163,792.0,Pleno dia,Crescente,Céu Claro,Simples,Desvio Temporário,-12.23912,-55.54765,DEL06-MT,Risco Médio,Alta
quarta-feira,BR-259,53.2,Pleno dia,Decrescente,Céu Claro,Simples,Reta,-19.4999,-40.6294,DEL02-ES,Risco Médio,Baixa
quarta-feira,BR-116,2.5,Pleno dia,Decrescente,Chuva,Dupla,Reta,-3.770198,-38.51725,DEL01-CE,Risco Médio,Alta
quarta-feira,BR-116,80.9,Plena Noite,Decrescente,Nublado,Simples,Reta,-4.406399,-38.41747,DEL03-CE,Risco Médio,Alta
segunda-feira,BR-381,853.4,Plena Noite,Decrescente,Nublado,Dupla,Não Informado,-22.2713,-45.8926,DEL16-MG,Risco Médio,Alta
sexta-feira,BR-163,108.2,Pleno dia,Decrescente,Céu Claro,Simples,Não Informado,-26.4217,-53.52568,DEL07-SC,Risco Médio,Alta
terça-feira,BR-101,168.0,Pleno dia,Decrescente,Nublado,Dupla,Reta,-8.5769,-35.489,DEL01-PE,Risco Baixo,Alta
quarta-feira,BR-470,217.0,Amanhecer,Crescente,Nublado,Simples,Rotatória,-29.17635,-51.52165,DEL06-RS,Risco Médio,Baixa
sábado,BR-365,383.0,Pleno dia,Crescente,Céu Claro,Simples,Reta,-18.57369,-46.26046,DEL10-MG,Risco Médio,Média
sexta-feira,BR-262,195.0,Pleno dia,Crescente,Sol,Simples,Reta,-19.86098,-43.10751,DEL03-MG,Risco Médio,Média
sexta-feira,BR-232,4.9,Plena Noite,Crescente,Garoa/Chuvisco,Dupla,Reta,-8.063985,-34.94464,DEL01-PE,Risco Médio,Baixa
domingo,BR-277,229.8,Pleno dia,Decrescente,Chuva,Simples,Curva,-25.46639,-50.53405,DEL03-PR,Risco Médio,Média
segunda-feira,BR-381,386.0,Pleno dia,Decrescente,Garoa/Chuvisco,Simples,Curva,-19.8186,-43.3934,DEL01-MG,Risco Médio,Alta
domingo,BR-116,424.0,Anoitecer,Crescente,Nublado,Simples,Reta,-12.23258,-38.97249,DEL02-BA,Risco Médio,Alta
sábado,BR-101,6.3,Pleno dia,Decrescente,Céu Claro,Dupla,Curva,-8.927078,-35.63799,DEL01-AL,Risco Médio,Alta
sexta-feira,BR-101,92.0,Pleno dia,Decrescente,Céu Claro,Dupla,Reta,-8.2305,-34.997,DEL01-PE,Risco Médio,Alta
sexta-feira,BR-470,140.3,Plena Noite,Crescente,Céu Claro,Simples,Reta,-27.22248,-49.66283,DEL04-SC,Risco Baixo,Baixa
sábado,BR-230,2.4,Plena Noite,Crescente,Chuva,Dupla,Reta,-6.986821,-34.82918,DEL01-PB,Risco Alto,Baixa
sábado,BR-116,245.0,Plena Noite,Decrescente,Chuva,Simples,Reta,-29.92664,-51.1777,DEL01-RS,Risco Médio,Alta
domingo,BR-222,297.0,Pleno dia,Decrescente,Nublado,Simples,Curva,-3.658261,-40.92483,DEL04-CE,Risco Médio,Baixa
sábado,BR-242,822.0,Amanhecer,Crescente,Garoa/Chuvisco,Simples,Reta,-12.11991,-45.0498,DEL10-BA,Risco Médio,Baixa
sexta-feira,BR-116,269.0,Pleno dia,Decrescente,Nublado,Dupla,Reta,-29.95939,-51.17609,DEL01-RS,Risco Médio,Alta
sábado,BR-476,115.0,Pleno dia,Crescente,Ignorado,Simples,Interseção de vias,-25.34835,-49.16224,DEL01-PR,Risco Médio,Baixa
segunda-feira,BR-153,668.7,Anoitecer,Decrescente,Céu Claro,Dupla,Não Informado,-11.71851,-49.0767,DEL02-TO,Risco Médio,Alta
sábado,BR-282,564.0,Pleno dia,Crescente,Céu Claro,Simples,Reta,-26.90385,-52.86807,DEL07-SC,Risco Alto,Baixa
sábado,BR-272,417.5,Amanhecer,Decrescente,Céu Claro,Simples,Reta,-24.13857,-52.8552,DEL04-PR,Risco Médio,Baixa
sábado,BR-153,439.0,Plena Noite,Decrescente,Céu Claro,Dupla,Reta,-16.29853,-48.92821,DEL02-GO,Risco Médio,Alta
segunda-feira,BR-116,220.0,Pleno dia,Crescente,Chuva,Múltipla,Reta,-23.46473,-46.49794,DEL01-SP,Risco Médio,Alta
segunda-feira,BR-163,6.0,Amanhecer,Decrescente,Nublado,Dupla,Reta,-24.00615,-54.31202,DEL09-MS,Risco Médio,Alta
sábado,BR-428,151.2,Plena Noite,Crescente,Nublado,Simples,Reta,-9.078917,-40.31661,DEL06-PE,Risco Médio,Baixa
quinta-feira,BR-470,9.4,Pleno dia,Crescente,Sol,Simples,Reta,-26.84214,-48.71594,DEL04-SC,Risco Médio,Baixa
sexta-feira,BR-10,17.0,Pleno dia,Crescente,Céu Claro,Simples,Reta,-4.302013,-47.55572,DEL02-PA,Risco Médio,Baixa
terça-feira,BR-104,97.0,Plena Noite,Decrescente,Chuva,Simples,Curva,-8.539489,-35.93603,DEL02-PE,Risco Baixo,Baixa
sábado,BR-470,122.9,Pleno dia,Crescente,Nublado,Simples,Curva,-27.10651,-49.52259,DEL04-SC,Risco Médio,Baixa
segunda-feira,BR-101,266.4,Plena Noite,Crescente,Céu Claro,Múltipla,Reta,-20.1974,-40.269,DEL02-ES,Risco Médio,Alta
quarta-feira,BR-60,136.0,Pleno dia,Decrescente,Céu Claro,Dupla,Curva,-16.5959,-49.1965,DEL01-GO,Risco Médio,Média
domingo,BR-60,135.8,Pleno dia,Crescente,Céu Claro,Dupla,Curva,-16.589,-49.1945,DEL01-GO,Risco Médio,Média
quinta-feira,BR-277,138.0,Plena Noite,Decrescente,Céu Claro,Dupla,Reta,-25.47606,-49.71113,DEL03-PR,Risco Baixo,Média
segunda-feira,BR-316,14.0,Pleno dia,Crescente,Céu Claro,Simples,Reta,-9.035288,-37.77969,DEL03-AL,Risco Médio,Baixa
sexta-feira,BR-407,130.0,Plena Noite,Crescente,Céu Claro,Simples,Reta,-10.4912,-40.16309,DEL04-BA,Risco Alto,Baixa
sábado,BR-242,309.9,Pleno dia,Decrescente,Sol,Simples,Reta,-12.04521,-48.54398,DEL02-TO,Risco Médio,Baixa
domingo,BR-324,590.9,Pleno dia,Crescente,Céu Claro,Dupla,Reta,-12.67291,-38.46908,DEL01-BA,Risco Médio,Baixa
segunda-feira,BR-226,317.9,Plena Noite,Crescente,Nublado,Simples,Reta,-6.0793,-37.51419,DEL04-RN,Risco Alto,Baixa
sexta-feira,BR-476,230.0,Plena Noite,Crescente,Céu Claro,Simples,Reta,-25.8767,-49.9774,DEL02-PR,Risco Médio,Baixa
domingo,BR-222,297.0,Pleno dia,Decrescente,Céu Claro,Simples,Não Informado,-3.665929,-40.95661,DEL04-CE,Risco Médio,Baixa
sábado,BR-262,73.2,Plena Noite,Crescente,Chuva,Simples,Ponte,-20.40962,-40.8868,DEL01-ES,Risco Alto,Média
quinta-feira,BR-101,361.9,Plena Noite,Decrescente,Nublado,Simples,Curva,-13.85005,-39.49736,DEL05-BA,Risco Alto,Alta
sexta-feira,BR-101,465.0,Plena Noite,Crescente,Chuva,Simples,Curva,-23.01795,-44.21352,DEL03-RJ,Risco Baixo,Alta
quinta-feira,BR-381,488.0,Amanhecer,Decrescente,Céu Claro,Múltipla,Não Informado,-19.95987,-44.1549,DEL01-MG,Risco Médio,Alta
quarta-feira,BR-280,3.3,Pleno dia,Crescente,Nublado,Simples,Reta,-26.24842,-48.61539,DEL03-SC,Risco Médio,Baixa
quinta-feira,BR-381,600.0,Amanhecer,Decrescente,Céu Claro,Dupla,Não Informado,-20.6022,-44.7188,DEL04-MG,Risco Baixo,Alta
sábado,BR-40,480.5,Pleno dia,Decrescente,Céu Claro,Dupla,Não Informado,-19.54294,-44.24854,DEL02-MG,Risco Médio,Alta
sexta-feira,BR-116,221.4,Plena Noite,Decrescente,Garoa/Chuvisco,Simples,Reta,-27.59671,-50.35789,DEL05-SC,Risco Médio,Alta
domingo,BR-316,20.0,Pleno dia,Crescente,Céu Claro,Dupla,Reta,-5.259398,-42.72875,DEL01-PI,Risco Baixo,Baixa
terça-feira,BR-163,2.0,Pleno dia,Crescente,Sol,Simples,Reta,-9.527962,-54.86092,DEL05-PA,Risco Médio,Alta
terça-feira,BR-470,197.0,Plena Noite,Crescente,Garoa/Chuvisco,Simples,Curva,-29.0537,-51.5959,DEL06-RS,Risco Médio,Baixa
segunda-feira,BR-135,8.0,Pleno dia,Crescente,Nublado,Dupla,Rotatória,-2.643421,-44.27374,DEL01-MA,Risco Médio,Baixa
sexta-feira,BR-101,276.6,Pleno dia,Crescente,Céu Claro,Dupla,Reta,-20.20789,-40.31335,DEL02-ES,Risco Médio,Alta
sábado,BR-153,565.0,Pleno dia,Crescente,Céu Claro,Simples,Reta,-30.94832,-53.63577,DEL11-RS,Risco Médio,Alta
sábado,BR-50,9.0,Amanhecer,Decrescente,Chuva,Dupla,Reta,-18.88687,-48.19822,DEL15-MG,Risco Baixo,Média
domingo,BR-406,151.1,Plena Noite,Decrescente,Céu Claro,Simples,Reta,-5.650946,-35.42342,DEL02-RN,Risco Baixo,Baixa
domingo,BR-116,922.1,Pleno dia,Crescente,Nublado,Simples,Não Informado,-15.60996,-41.28627,DEL08-BA,Risco Baixo,Alta
segunda-feira,BR-101,83.0,Pleno dia,Decrescente,Céu Claro,Simples,Reta,-5.771045,-35.26617,DEL02-RN,Risco Médio,Alta
sábado,BR-158,142.0,Pleno dia,Decrescente,Chuva,Simples,Curva,-27.14297,-53.21393,DEL07-SC,Risco Médio,Baixa
quarta-feira,BR-277,129.0,Plena Noite,Decrescente,Chuva,Dupla,Curva,-25.47313,-49.63524,DEL01-PR,Risco Médio,Média
domingo,BR-392,62.0,Pleno dia,Decrescente,Nublado,Simples,Não Informado,-31.77948,-52.35917,DEL07-RS,Risco Médio,Média
domingo,BR-386,120.2,Pleno dia,Decrescente,Céu Claro,Simples,Curva,-27.86769,-53.0056,DEL08-RS,Risco Médio,Média
quinta-feira,BR-153,43.0,Plena Noite,Decrescente,Céu Claro,Dupla,Reta,-18.76411,-49.07452,DEL15-MG,Risco Médio,Alta
terça-feira,BR-20,401.0,Pleno dia,Decrescente,Céu Claro,Simples,Reta,-3.793475,-38.70838,DEL01-CE,Risco Médio,Baixa
domingo,BR-493,59.0,Pleno dia,Decrescente,Céu Claro,Dupla,Reta,-22.67208,-43.28518,DEL01-RJ,Risco Médio,Baixa
domingo,BR-116,180.0,Pleno dia,Crescente,Garoa/Chuvisco,Simples,Reta,-22.76516,-43.41547,DEL01-RJ,Risco Médio,Alta
sábado,BR-290,87.0,Pleno dia,Decrescente,Chuva,Dupla,Reta,-29.96752,-51.13191,DEL01-RS,Risco Baixo,Baixa
sexta-feira,BR-158,309.3,Plena Noite,Crescente,Céu Claro,Simples,Curva,-29.60763,-53.7653,DEL09-RS,Risco Médio,Baixa
domingo,BR-381,734.0,Pleno dia,Crescente,Céu Claro,Dupla,Reta,-21.5412,-45.2374,DEL04-MG,Risco Baixo,Alta
domingo,BR-116,404.7,Plena Noite,Decrescente,Céu Claro,Simples,Reta,-6.658277,-38.81929,DEL05-CE,Risco Médio,Alta
quarta-feira,BR-153,515.7,Plena Noite,Crescente,Céu Claro,Simples,Reta,-26.58361,-51.45172,DEL02-PR,Risco Alto,Alta
sábado,BR-324,6.0,Pleno dia,Crescente,Sol,Dupla,Não Informado,-12.27625,-38.98267,DEL02-BA,Risco Médio,Baixa
quarta-feira,BR-10,58.3,Plena Noite,Decrescente,Céu Claro,Simples,Desvio Temporário,-3.721266,-47.48965,DEL02-PA,Risco Médio,Baixa
quinta-feira,BR-116,52.4,Pleno dia,Decrescente,Nublado,Dupla,Reta,-22.74708,-45.09973,DEL08-SP,Risco Médio,Alta
sábado,BR-40,11.4,Plena Noite,Crescente,Céu Claro,Dupla,Não Informado,-16.13834,-47.95164,DEL01-DF,Risco Médio,Alta
domingo,BR-230,35.4,Amanhecer,Crescente,Nublado,Múltipla,Não Informado,-7.125005,-34.94374,DEL01-PB,Risco Médio,Baixa
quinta-feira,BR-343,306.4,Pleno dia,Crescente,Céu Claro,Simples,Reta,-5.016481,-42.42422,DEL01-PI,Risco Médio,Baixa
quinta-feira,BR-101,62.3,Anoitecer,Crescente,Céu Claro,Dupla,Reta,-7.999059,-34.93899,DEL01-PE,Risco Médio,Alta
sábado,BR-262,35.3,Pleno dia,Decrescente,Nublado,Simples,Reta,-20.2598,-42.0189,DEL06-MG,Risco Médio,Média
sábado,BR-101,213.5,Plena Noite,Crescente,Nublado,Simples,Não Informado,-19.82353,-40.36982,DEL02-ES,Risco Médio,Alta
sábado,BR-101,293.0,Pleno dia,Decrescente,Céu Claro,Múltipla,Retorno Regulamentado,-20.31544,-40.39569,DEL01-ES,Risco Médio,Alta
sábado,BR-381,925.8,Amanhecer,Decrescente,Nublado,Dupla,Não Informado,-22.77721,-46.23911,DEL16-MG,Risco Médio,Alta
terça-feira,BR-101,206.0,Pleno dia,Decrescente,Nublado,Múltipla,Reta,-27.6001,-48.6225,DEL01-SC,Risco Médio,Alta
sábado,BR-480,129.0,Pleno dia,Decrescente,Sol,Simples,Reta,-27.04657,-52.63577,DEL07-SC,Risco Médio,Baixa
sábado,BR-116,192.0,Plena Noite,Decrescente,Céu Claro,Dupla,Reta,-22.74208,-43.51924,DEL01-RJ,Risco Médio,Alta
quinta-feira,BR-116,172.4,Plena Noite,Decrescente,Céu Claro,Dupla,Reta,-22.80188,-43.35044,DEL01-RJ,Risco Médio,Alta
sexta-feira,BR-158,186.4,Amanhecer,Crescente,Garoa/Chuvisco,Simples,Curva,-28.57283,-53.56806,DEL10-RS,Risco Médio,Baixa
quarta-feira,BR-101,209.0,Pleno dia,Decrescente,Céu Claro,Dupla,Reta,-27.6099,-48.6389,DEL01-SC,Risco Médio,Alta
quarta-feira,BR-116,33.7,Pleno dia,Decrescente,Céu Claro,Dupla,Desvio Temporário,-22.64776,-44.95421,DEL08-SP,Risco Médio,Alta
quinta-feira,BR-376,87.0,Plena Noite,Decrescente,Céu Claro,Simples,Não Informado,-22.98819,-52.59858,DEL09-PR,Risco Médio,Baixa
sábado,BR-316,10.4,Pleno dia,Decrescente,Céu Claro,Simples,Rotatória,-5.190059,-42.76127,DEL01-PI,Risco Médio,Baixa
terça-feira,BR-262,748.1,Plena Noite,Decrescente,Chuva,Simples,Não Informado,-19.30601,-57.604,DEL03-MS,Risco Médio,Média
segunda-feira,BR-60,137.9,Plena Noite,Crescente,Vento,Simples,Reta,-16.603,-49.2023,DEL01-GO,Risco Médio,Média
sexta-feira,BR-381,797.0,Pleno dia,Decrescente,Céu Claro,Dupla,Reta,-21.91766,-45.59115,DEL16-MG,Risco Alto,Alta
domingo,BR-163,38.3,Pleno dia,Decrescente,Nublado,Simples,Não Informado,-26.04064,-53.72905,DEL02-PR,Risco Médio,Alta
sábado,BR-101,229.0,Plena Noite,Crescente,Chuva,Dupla,Reta,-28.45394,-48.97796,DEL01-SC,Risco Médio,Alta
quinta-feira,BR-277,10.1,Pleno dia,Crescente,Nublado,Simples,Não Informado,-25.56755,-48.61673,DEL01-PR,Risco Médio,Média
sexta-feira,BR-116,195.6,Pleno dia,Crescente,Nublado,Dupla,Reta,-22.73574,-43.5475,DEL01-RJ,Risco Alto,Alta
sábado,BR-364,266.0,Pleno dia,Crescente,Garoa/Chuvisco,Dupla,Reta,-15.99597,-54.9226,DEL02-MT,Risco Médio,Alta
terça-feira,BR-376,246.2,Pleno dia,Crescente,Céu Claro,Simples,Reta,-23.58553,-51.41479,DEL07-PR,Risco Médio,Baixa
segunda-feira,BR-116,51.0,Pleno dia,Crescente,Chuva,Dupla,Curva,-25.2425,-48.90292,DEL01-PR,Risco Médio,Alta
sábado,BR-101,97.0,Pleno dia,Decrescente,Sol,Múltipla,Reta,-5.857589,-35.21271,DEL01-RN,Risco Médio,Alta
segunda-feira,BR-116,251.3,Pleno dia,Crescente,Céu Claro,Simples,Não Informado,-27.84686,-50.37922,DEL05-SC,Risco Baixo,Alta
quarta-feira,BR-316,5.0,Anoitecer,Crescente,Céu Claro,Simples,Reta,-7.467746,-40.62298,DEL05-PE,Risco Médio,Baixa
quarta-feira,BR-116,322.1,Plena Noite,Decrescente,Céu Claro,Dupla,Reta,-23.93506,-47.02874,DEL04-SP,Risco Alto,Alta
quarta-feira,BR-343,298.1,Plena Noite,Crescente,Céu Claro,Simples,Reta,-4.994683,-42.39954,DEL01-PI,Risco Alto,Baixa
segunda-feira,BR-101,285.0,Plena Noite,Crescente,Nublado,Dupla,Reta,-20.26847,-40.38895,DEL01-ES,Risco Baixo,Alta
sexta-feira,BR-40,109.0,Pleno dia,Decrescente,Céu Claro,Dupla,Curva,-22.67375,-43.28638,DEL01-RJ,Risco Médio,Alta
sexta-feira,BR-116,400.5,Pleno dia,Decrescente,Céu Claro,Dupla,Reta,-24.30807,-47.50101,DEL04-SP,Risco Médio,Alta
domingo,BR-476,139.0,Plena Noite,Crescente,Céu Claro,Dupla,Reta,-25.51284,-49.28926,DEL01-PR,Risco Baixo,Baixa
sábado,BR-101,82.9,Amanhecer,Decrescente,Chuva,Simples,Reta,-8.179611,-34.94698,DEL01-PE,Risco Médio,Alta
quarta-feira,BR-470,228.0,Pleno dia,Decrescente,Céu Claro,Simples,Reta,-29.26552,-51.50043,DEL06-RS,Risco Médio,Baixa
sábado,BR-280,125.0,Pleno dia,Crescente,Nublado,Simples,Reta,-26.23764,-49.48434,DEL06-SC,Risco Médio,Baixa
sexta-feira,BR-101,378.3,Plena Noite,Crescente,Céu Claro,Dupla,Curva,-28.74323,-49.25341,DEL02-SC,Risco Médio,Alta
domingo,BR-153,100.6,Plena Noite,Crescente,Nevoeiro/Neblina,Simples,Reta,-27.24264,-51.95171,DEL07-SC,Risco Médio,Alta
terça-feira,BR-282,5.0,Pleno dia,Decrescente,Céu Claro,Dupla,Desvio Temporário,-27.58843,-48.61292,DEL01-SC,Risco Médio,Baixa
domingo,BR-116,166.9,Pleno dia,Decrescente,Chuva,Múltipla,Curva,-23.30056,-46.01687,DEL02-SP,Risco Médio,Alta
domingo,BR-101,131.0,Plena Noite,Decrescente,Céu Claro,Dupla,Reta,-9.7704,-36.07677,DEL02-AL,Risco Baixo,Alta