dia_semana,br,km,fase_dia,sentido_via,condicao_metereologica,tipo_pista,tracado_via,latitude,longitude,delegacia,classificacao_acidente,postos_policiais_PRF
quarta-feira,BR-116,177.0,Pleno dia,Crescente,Céu Claro,Dupla,Reta,-22.78055,-43.39209,DEL01-RJ,Risco Médio,Alta
sexta-feira,BR-163,641.0,Plena Noite,Crescente,Céu Claro,Dupla,Reta,-19.2269,-54.7046,DEL06-MS,Risco Médio,Alta
domingo,BR-101,88.0,Pleno dia,Decrescente,Garoa/Chuvisco,Dupla,Reta,-7.1647,-34.89994,DEL01-PB,Risco Médio,Alta
domingo,BR-116,330.0,Pleno dia,Crescente,Nublado,Dupla,Reta,-22.4952,-44.57035,DEL07-RJ,Risco Baixo,Alta
quinta-feira,BR-60,101.0,Pleno dia,Decrescente,Céu Claro,Múltipla,Reta,-16.4022,-48.9745,DEL02-GO,Risco Médio,Média
segunda-feira,BR-324,623.0,Pleno dia,Crescente,Chuva,Dupla,Reta,-12.92629,-38.46839,DEL01-BA,Risco Médio,Baixa
terça-feira,BR-101,312.0,Plena Noite,Decrescente,Céu Claro,Dupla,Reta,-22.79045,-43.02434,DEL02-RJ,Risco Médio,Alta
segunda-feira,BR-163,261.7,Pleno dia,Crescente,Chuva,Dupla,Curva,-22.23864,-54.76553,DEL04-MS,Risco Médio,Alta
segunda-feira,BR-40,5.1,Pleno dia,Decrescente,Sol,Dupla,Reta,-16.0209,-47.98054,DEL01-DF,Risco Médio,Alta
sexta-feira,BR-101,201.0,Pleno dia,Decrescente,Sol,Múltipla,Reta,-27.54837,-48.61978,DEL01-SC,Risco Médio,Alta
domingo,BR-364,591.0,Pleno dia,Decrescente,Céu Claro,Simples,Reta,-9.301212,-63.15107,DEL01-RO,Risco Baixo,Alta
sexta-feira,BR-116,473.9,Plena Noite,Crescente,Céu Claro,Simples,Reta,-7.274411,-38.85293,DEL05-CE,Risco Médio,Alta
quarta-feira,BR-101,53.5,Plena Noite,Crescente,Céu Claro,Dupla,Não Informado,-6.945747,-35.09541,DEL01-PB,Risco Médio,Alta
quinta-feira,BR-230,114.3,Plena Noite,Decrescente,Céu Claro,Dupla,Reta,-7.2215,-35.5969,DEL01-PB,Risco Médio,Baixa
quinta-feira,BR-116,205.0,Pleno dia,Crescente,Céu Claro,Dupla,Reta,-22.7191,-43.6966,DEL01-RJ,Risco Médio,Alta
segunda-feira,BR-304,24.0,Pleno dia,Decrescente,Céu Claro,Dupla,Rotatória,-5.066739,-37.33092,DEL04-RN,Risco Médio,Baixa
terça-feira,BR-290,99.0,Pleno dia,Crescente,Céu Claro,Dupla,Reta,-29.99176,-51.22699,DEL01-RS,Risco Alto,Baixa
terça-feira,BR-158,336.4,Anoitecer,Crescente,Sol,Simples,Reta,-21.23307,-52.02355,DEL07-MS,Risco Médio,Baixa
sábado,BR-116,107.0,Plena Noite,Decrescente,Nublado,Dupla,Reta,-25.5699,-49.18778,DEL01-PR,Risco Médio,Alta
domingo,BR-40,9.0,Plena Noite,Crescente,Céu Claro,Dupla,Reta,-16.12747,-47.96017,DEL01-DF,Risco Baixo,Alta
quarta-feira,BR-282,507.9,Anoitecer,Crescente,Nublado,Simples,Não Informado,-26.88617,-52.43911,DEL07-SC,Risco Baixo,Baixa
terça-feira,BR-376,179.0,Pleno dia,Crescente,Chuva,Dupla,Reta,-23.42244,-51.9036,DEL07-PR,Risco Médio,Baixa
domingo,BR-290,574.0,Plena Noite,Decrescente,Nublado,Simples,Curva,-29.82252,-55.7195,DEL13-RS,Risco Médio,Baixa
quinta-feira,BR-282,2.9,Plena Noite,Decrescente,Céu Claro,Simples,Desvio Temporário,-27.6006,-48.59848,DEL01-SC,Risco Baixo,Baixa
quinta-feira,BR-282,536.0,Pleno dia,Decrescente,Céu Claro,Simples,Reta,-27.00068,-52.65344,DEL07-SC,Risco Médio,Baixa
terça-feira,BR-405,1.6,Pleno dia,Crescente,Sol,Dupla,Interseção de vias,-5.191702,-37.36147,DEL04-RN,Risco Médio,Baixa
sábado,BR-262,46.9,Pleno dia,Crescente,Céu Claro,Simples,Reta,-20.40566,-40.6728,DEL01-ES,Risco Médio,Média
quinta-feira,BR-101,268.0,Pleno dia,Crescente,Chuva,Dupla,Reta,-20.20842,-40.2694,DEL02-ES,Risco Médio,Alta
sábado,BR-262,360.0,Plena Noite,Crescente,Nublado,Dupla,Curva,-19.97366,-44.26872,DEL01-MG,Risco Médio,Média
quinta-feira,BR-262,47.5,Plena Noite,Crescente,Céu Claro,Simples,Não Informado,-20.4113,-40.67927,DEL01-ES,Risco Alto,Média
quinta-feira,BR-101,129.3,Pleno dia,Decrescente,Céu Claro,Dupla,Reta,-6.113513,-35.23326,DEL01-RN,Risco Médio,Alta
quinta-feira,BR-101,306.8,Pleno dia,Crescente,Chuva,Dupla,Curva,-28.39255,-48.77863,DEL02-SC,Risco Baixo,Alta
quinta-feira,BR-101,68.0,Pleno dia,Crescente,Céu Claro,Simples,Reta,-8.050743,-34.94581,DEL01-PE,Risco Médio,Alta
segunda-feira,BR-153,563.9,Plena Noite,Decrescente,Céu Claro,Dupla,Não Informado,-17.2383,-49.239,DEL03-GO,Risco Médio,Alta
segunda-feira,BR-282,23.1,Plena Noite,Decrescente,Nublado,Simples,Reta,-27.68706,-48.73852,DEL01-SC,Risco Médio,Baixa
sexta-feira,BR-343,175.0,Plena Noite,Decrescente,Céu Claro,Simples,Reta,-4.202044,-41.78147,DEL02-PI,Risco Médio,Baixa
segunda-feira,BR-376,664.0,Plena Noite,Decrescente,Chuva,Dupla,Curva,-25.88326,-48.57514,DEL01-PR,Risco Médio,Baixa
sábado,BR-280,57.0,Pleno dia,Decrescente,Céu Claro,Simples,Reta,-26.47811,-49.01259,DEL03-SC,Risco Médio,Baixa
domingo,BR-285,484.4,Pleno dia,Crescente,Chuva,Simples,Reta,-28.37155,-54.11947,DEL10-RS,Risco Baixo,Baixa
quinta-feira,BR-277,597.7,Anoitecer,Crescente,Céu Claro,Dupla,Reta,-24.99514,-53.51419,DEL04-PR,Risco Baixo,Média
sábado,BR-135,141.2,Pleno dia,Decrescente,Céu Claro,Simples,Reta,-3.68178,-44.52758,DEL01-MA,Risco Médio,Baixa
sexta-feira,BR-116,108.0,Pleno dia,Decrescente,Nublado,Dupla,Reta,-23.02845,-45.54469,DEL02-SP,Risco Médio,Alta
terça-feira,BR-386,248.9,Pleno dia,Crescente,Céu Claro,Simples,Reta,-28.8179,-52.48473,DEL04-RS,Risco Baixo,Média
segunda-feira,BR-470,167.0,Pleno dia,Crescente,Céu Claro,Simples,Reta,-27.26984,-49.86309,DEL04-SC,Risco Médio,Baixa
quarta-feira,BR-40,823.6,Pleno dia,Crescente,Chuva,Dupla,Curva,-21.96149,-43.29868,DEL05-MG,Risco Médio,Alta
segunda-feira,BR-116,276.0,Anoitecer,Decrescente,Chuva,Dupla,Reta,-23.64262,-46.83811,DEL04-SP,Risco Médio,Alta
segunda-feira,BR-230,4.0,Plena Noite,Decrescente,Céu Claro,Dupla,Reta,-7.006437,-34.82959,DEL01-PB,Risco Médio,Baixa
domingo,BR-287,345.9,Pleno dia,Decrescente,Céu Claro,Simples,Reta,-29.55696,-54.67908,DEL12-RS,Risco Médio,Baixa
quarta-feira,BR-135,22.2,Pleno dia,Decrescente,Sol,Dupla,Reta,-2.565394,-44.31946,DEL01-MA,Risco Médio,Baixa
sábado,BR-116,14.2,Pleno dia,Decrescente,Garoa/Chuvisco,Dupla,Não Informado,-25.09836,-48.67392,DEL01-PR,Risco Médio,Alta
domingo,BR-367,58.0,Plena Noite,Crescente,Céu Claro,Simples,Reta,-16.38808,-39.36614,DEL09-BA,Risco Alto,Baixa
quinta-feira,BR-163,998.0,Anoitecer,Decrescente,Ignorado,Simples,Reta,-2.448326,-54.73028,DEL05-PA,Risco Baixo,Alta
quinta-feira,BR-226,364.0,Pleno dia,Decrescente,Chuva,Simples,Curva,-6.173813,-37.84803,DEL04-RN,Risco Médio,Baixa
quinta-feira,BR-476,2.0,Plena Noite,Crescente,Céu Claro,Dupla,Reta,-24.66412,-48.99077,DEL01-PR,Risco Baixo,Baixa
sábado,BR-116,8.0,Pleno dia,Crescente,Sol,Múltipla,Reta,-3.823547,-38.50351,DEL01-CE,Risco Médio,Alta
sexta-feira,BR-365,630.0,Pleno dia,Crescente,Chuva,Dupla,Curva,-18.90369,-48.34877,DEL15-MG,Risco Médio,Média
domingo,BR-293,442.8,Plena Noite,Crescente,Nublado,Simples,Interseção de vias,-30.38538,-56.43797,DEL11-RS,Risco Alto,Baixa
segunda-feira,BR-316,261.0,Pleno dia,Decrescente,Céu Claro,Simples,Reta,-9.590059,-35.89599,DEL02-AL,Risco Médio,Baixa
quarta-feira,BR-386,343.6,Pleno dia,Decrescente,Céu Claro,Simples,Reta,-29.44326,-51.98351,DEL04-RS,Risco Médio,Média
segunda-feira,BR-101,113.0,Pleno dia,Decrescente,Céu Claro,Dupla,Curva,-7.385386,-34.95689,DEL01-PB,Risco Médio,Alta
quarta-feira,BR-101,245.1,Pleno dia,Decrescente,Chuva,Simples,Não Informado,-12.84335,-39.20478,DEL01-BA,Risco Médio,Alta
segunda-feira,BR-487,227.0,Pleno dia,Crescente,Céu Claro,Múltipla,Curva,-24.40808,-52.04773,DEL04-PR,Risco Médio,Baixa
segunda-feira,BR-285,398.2,Pleno dia,Crescente,Céu Claro,Simples,Reta,-28.38656,-53.33248,DEL10-RS,Risco Alto,Baixa
terça-feira,BR-20,389.4,Plena Noite,Decrescente,Céu Claro,Simples,Reta,-6.719165,-40.95154,DEL04-PI,Risco Alto,Baixa
quinta-feira,BR-280,239.0,Pleno dia,Decrescente,Chuva,Simples,Curva,-26.20971,-50.44782,DEL06-SC,Risco Médio,Baixa
domingo,BR-116,399.9,Pleno dia,Decrescente,Sol,Simples,Reta,-30.87,-51.80517,DEL02-RS,Risco Médio,Alta
segunda-feira,BR-116,120.0,Pleno dia,Decrescente,Nublado,Dupla,Reta,-25.55122,-49.30504,DEL01-PR,Risco Médio,Alta
domingo,BR-110,5.0,Pleno dia,Crescente,Garoa/Chuvisco,Simples,Curva,-9.4644,-38.2039,DEL07-BA,Risco Baixo,Baixa
sábado,BR-101,120.0,Plena Noite,Decrescente,Céu Claro,Dupla,Reta,-26.9211,-48.7084,DEL04-SC,Risco Médio,Alta
terça-feira,BR-407,112.0,Plena Noite,Decrescente,Nublado,Dupla,Reta,-10.28638,-40.1722,DEL04-BA,Risco Baixo,Baixa
terça-feira,BR-423,77.3,Plena Noite,Crescente,Nevoeiro/Neblina,Simples,Curva,-8.740268,-36.4307,DEL03-PE,Risco Médio,Baixa
terça-feira,BR-116,31.0,Plena Noite,Crescente,Céu Claro,Simples,Reta,-26.31709,-49.97099,DEL06-SC,Risco Médio,Alta
domingo,BR-116,303.0,Plena Noite,Crescente,Céu Claro,Múltipla,Reta,-22.45435,-44.37845,DEL07-RJ,Risco Médio,Alta
terça-feira,BR-101,296.0,Plena Noite,Crescente,Céu Claro,Simples,Reta,-20.3403,-40.40406,DEL01-ES,Risco Médio,Alta
domingo,BR-40,87.0,Amanhecer,Crescente,Céu Claro,Simples,Reta,-22.54267,-43.23374,DEL06-RJ,Risco Médio,Alta
terça-feira,BR-101,204.4,Pleno dia,Crescente,Céu Claro,Múltipla,Reta,-27.57413,-48.61363,DEL01-SC,Risco Médio,Alta
quarta-feira,BR-381,85.0,Plena Noite,Decrescente,Garoa/Chuvisco,Múltipla,Reta,-23.44934,-46.56984,DEL03-SP,Risco Médio,Alta
sábado,BR-101,331.0,Plena Noite,Decrescente,Céu Claro,Dupla,Curva,-28.45568,-48.98127,DEL02-SC,Risco Baixo,Alta
domingo,BR-386,346.9,Plena Noite,Crescente,Céu Claro,Simples,Curva,-29.44693,-51.97534,DEL04-RS,Risco Médio,Média
domingo,BR-364,132.0,Pleno dia,Crescente,Céu Claro,Simples,Reta,-10.01005,-67.84553,DEL01-AC,Risco Médio,Alta
quarta-feira,BR-232,173.0,Pleno dia,Crescente,Céu Claro,Simples,Reta,-8.339163,-36.36917,DEL02-PE,Risco Médio,Baixa
domingo,BR-116,668.0,Pleno dia,Crescente,Céu Claro,Simples,Reta,-13.8168,-40.11181,DEL03-BA,Risco Baixo,Alta
quarta-feira,BR-101,144.9,Pleno dia,Crescente,Chuva,Múltipla,Interseção de vias,-19.39159,-40.07256,DEL04-ES,Risco Médio,Alta
sábado,BR-210,0.3,Pleno dia,Decrescente,Chuva,Dupla,Reta,0.0773812,-51.06567,DEL01-AP,Risco Médio,Baixa
sábado,BR-101,123.0,Pleno dia,Crescente,Sol,Simples,Reta,-19.16835,-40.08717,DEL04-ES,Risco Médio,Alta
terça-feira,BR-10,295.0,Plena Noite,Decrescente,Céu Claro,Simples,Reta,-5.157523,-47.53841,DEL04-MA,Risco Médio,Baixa
quinta-feira,BR-116,438.0,Plena Noite,Decrescente,Céu Claro,Dupla,Curva,-12.33676,-39.07329,DEL02-BA,Risco Médio,Alta
segunda-feira,BR-470,54.4,Pleno dia,Crescente,Sol,Simples,Interseção de vias,-26.87319,-49.11419,DEL04-SC,Risco Médio,Baixa
segunda-feira,BR-116,288.0,Pleno dia,Crescente,Sol,Simples,Curva,-23.70622,-46.87462,DEL04-SP,Risco Médio,Alta
terça-feira,BR-392,88.8,Plena Noite,Decrescente,Chuva,Simples,Reta,-31.62069,-52.50654,DEL07-RS,Risco Médio,Média
terça-feira,BR-101,237.0,Plena Noite,Crescente,Céu Claro,Simples,Curva,-20.007,-40.41033,DEL02-ES,Risco Médio,Alta
sexta-feira,BR-116,148.0,Pleno dia,Decrescente,Céu Claro,Simples,Reta,-4.821932,-38.05523,DEL03-CE,Risco Baixo,Alta
terça-feira,BR-70,5.1,Pleno dia,Crescente,Céu Claro,Dupla,Rotatória,-15.87815,-52.29613,DEL07-MT,Risco Médio,Baixa
sábado,BR-262,444.7,Pleno dia,Crescente,Sol,Dupla,Interseção de vias,-19.88113,-44.9315,DEL08-MG,Risco Médio,Média
sexta-feira,BR-470,161.0,Plena Noite,Crescente,Céu Claro,Simples,Não Informado,-28.82302,-51.58667,DEL06-RS,Risco Baixo,Baixa
quinta-feira,BR-101,333.8,Plena Noite,Decrescente,Nublado,Dupla,Reta,-28.46996,-49.01609,DEL02-SC,Risco Baixo,Alta
quarta-feira,BR-354,15.0,Plena Noite,Decrescente,Chuva,Dupla,Curva,-22.44721,-44.72835,DEL07-RJ,Risco Baixo,Baixa
quinta-feira,BR-20,57.0,Pleno dia,Crescente,Céu Claro,Dupla,Reta,-15.58147,-47.34248,DEL02-DF,Risco Baixo,Baixa
quinta-feira,BR-210,1.0,Pleno dia,Crescente,Nublado,Simples,Reta,0.08016,-51.07323,DEL01-AP,Risco Médio,Baixa
sexta-feira,BR-116,51.0,Pleno dia,Crescente,Céu Claro,Dupla,Curva,-25.2472,-48.9048,DEL01-PR,Risco Médio,Alta
segunda-feira,BR-470,66.0,Pleno dia,Crescente,Nublado,Simples,Não Informado,-26.87041,-49.22184,DEL04-SC,Risco Baixo,Baixa
terça-feira,BR-290,72.0,Plena Noite,Crescente,Nublado,Dupla,Reta,-29.95278,-50.97607,DEL03-RS,Risco Médio,Baixa
sábado,BR-163,1003.0,Pleno dia,Decrescente,Céu Claro,Dupla,Reta,-2.439386,-54.73269,DEL05-PA,Risco Médio,Alta
sábado,BR-381,924.5,Pleno dia,Decrescente,Chuva,Dupla,Curva,-22.7705,-46.23491,DEL16-MG,Risco Médio,Alta
quinta-feira,BR-343,348.3,Pleno dia,Crescente,Céu Claro,Dupla,Reta,-5.118706,-42.78641,DEL01-PI,Risco Baixo,Baixa
terça-feira,BR-40,370.1,Amanhecer,Crescente,Céu Claro,Simples,Não Informado,-18.81525,-44.79065,DEL02-MG,Risco Alto,Alta
quarta-feira,BR-282,86.9,Pleno dia,Crescente,Chuva,Simples,Não Informado,-27.66383,-49.20508,DEL01-SC,Risco Baixo,Baixa
quarta-feira,BR-280,55.8,Pleno dia,Crescente,Garoa/Chuvisco,Simples,Rotatória,-26.47979,-49.00143,DEL03-SC,Risco Baixo,Baixa
segunda-feira,BR-262,583.6,Pleno dia,Decrescente,Chuva,Simples,Curva,-19.64882,-46.07129,DEL08-MG,Risco Médio,Média
segunda-feira,BR-101,99.0,Pleno dia,Crescente,Chuva,Dupla,Reta,-8.282131,-35.03403,DEL01-PE,Risco Médio,Alta
sábado,BR-163,745.0,Plena Noite,Crescente,Céu Claro,Simples,Não Informado,-12.70808,-55.81904,DEL06-MT,Risco Baixo,Alta
sábado,BR-153,608.0,Pleno dia,Crescente,Céu Claro,Simples,Reta,-11.16705,-48.92694,DEL02-TO,Risco Médio,Alta
sábado,BR-101,79.0,Pleno dia,Crescente,Céu Claro,Simples,Reta,-21.83686,-41.42866,DEL08-RJ,Risco Médio,Alta
domingo,BR-381,945.0,Plena Noite,Crescente,Chuva,Dupla,Reta,-22.8601,-46.3418,DEL16-MG,Risco Baixo,Alta
segunda-feira,BR-174,967.0,Pleno dia,Crescente,Chuva,Simples,Reta,-2.249683,-60.03237,DEL01-AM,Risco Médio,Baixa
domingo,BR-262,142.0,Pleno dia,Decrescente,Céu Claro,Simples,Curva,-20.06174,-42.71914,DEL03-MG,Risco Médio,Média
domingo,BR-267,166.0,Pleno dia,Decrescente,Céu Claro,Simples,Curva,-21.85624,-43.83579,DEL05-MG,Risco Médio,Baixa
sábado,BR-277,724.0,Plena Noite,Decrescente,Céu Claro,Dupla,Reta,-25.50256,-54.53868,DEL05-PR,Risco Médio,Média
quarta-feira,BR-369,53.4,Pleno dia,Crescente,Céu Claro,Simples,Reta,-23.10834,-50.33965,DEL07-PR,Risco Médio,Baixa
segunda-feira,BR-101,208.0,Pleno dia,Decrescente,Nublado,Múltipla,Reta,-27.60328,-48.63202,DEL01-SC,Risco Baixo,Alta
terça-feira,BR-381,564.0,Pleno dia,Crescente,Nublado,Dupla,Reta,-20.40451,-44.51781,DEL04-MG,Risco Médio,Alta
quinta-feira,BR-153,578.5,Amanhecer,Decrescente,Nevoeiro/Neblina,Dupla,Reta,-17.36433,-49.24659,DEL03-GO,Risco Baixo,Alta
quarta-feira,BR-316,36.0,Plena Noite,Crescente,Céu Claro,Simples,Reta,-5.35811,-42.6755,DEL01-PI,Risco Baixo,Baixa
terça-feira,BR-381,79.0,Plena Noite,Crescente,Céu Claro,Dupla,Reta,-23.47962,-46.56281,DEL03-SP,Risco Alto,Alta
sábado,BR-381,680.0,Pleno dia,Crescente,Sol,Dupla,Reta,-21.15538,-45.11395,DEL04-MG,Risco Médio,Alta
quarta-feira,BR-101,43.0,Pleno dia,Crescente,Céu Claro,Simples,Rotatória,-23.40957,-45.0591,DEL06-SP,Risco Médio,Alta
terça-feira,BR-101,93.1,Plena Noite,Decrescente,Céu Claro,Múltipla,Não Informado,-7.201884,-34.90751,DEL01-PB,Risco Médio,Alta
quinta-feira,BR-116,102.0,Pleno dia,Decrescente,Garoa/Chuvisco,Dupla,Reta,-25.55064,-49.15025,DEL01-PR,Risco Médio,Alta
quarta-feira,BR-364,583.0,Pleno dia,Decrescente,Nevoeiro/Neblina,Dupla,Curva,-14.57,-56.222,DEL01-MT,Risco Baixo,Alta
sábado,BR-423,97.0,Pleno dia,Crescente,Céu Claro,Simples,Reta,-8.878457,-36.49705,DEL03-PE,Risco Baixo,Baixa
domingo,BR-316,165.6,Plena Noite,Crescente,Céu Claro,Simples,Reta,-9.482391,-36.57309,DEL03-AL,Risco Médio,Baixa
segunda-feira,BR-293,4.8,Pleno dia,Decrescente,Céu Claro,Simples,Reta,-31.72871,-52.38084,DEL07-RS,Risco Médio,Baixa
domingo,BR-101,113.0,Pleno dia,Crescente,Céu Claro,Dupla,Retorno Regulamentado,-26.85311,-48.7269,DEL04-SC,Risco Médio,Alta
terça-feira,BR-40,815.6,Plena Noite,Crescente,Nublado,Dupla,Curva,-21.89994,-43.31156,DEL05-MG,Risco Baixo,Alta
sábado,BR-381,703.9,Pleno dia,Crescente,Céu Claro,Dupla,Não Informado,-21.3341,-45.17326,DEL04-MG,Risco Médio,Alta
sábado,BR-317,298.0,Plena Noite,Decrescente,Céu Claro,Simples,Reta,-10.98942,-68.76073,DEL01-AC,Risco Alto,Baixa
terça-feira,BR-101,421.3,Pleno dia,Crescente,Nublado,Simples,Rotatória,-20.97397,-41.11067,DEL03-ES,Risco Médio,Alta
domingo,BR-20,412.0,Plena Noite,Decrescente,Céu Claro,Simples,Não Informado,-3.818352,-38.6321,DEL01-CE,Risco Médio,Baixa
domingo,BR-343,132.0,Plena Noite,Crescente,Céu Claro,Simples,Reta,-3.850541,-41.69825,DEL02-PI,Risco Alto,Baixa
domingo,BR-116,137.3,Pleno dia,Decrescente,Sol,Simples,Curva,-29.08111,-51.11229,DEL05-RS,Risco Médio,Alta
domingo,BR-163,495.0,Plena Noite,Decrescente,Céu Claro,Simples,Reta,-15.23362,-56.49442,DEL01-MT,Risco Baixo,Alta
quarta-feira,BR-116,40.0,Plena Noite,Decrescente,Nublado,Simples,Reta,-22.1427,-42.7905,DEL04-RJ,Risco Médio,Alta
segunda-feira,BR-135,656.8,Amanhecer,Decrescente,Céu Claro,Simples,Reta,-19.05781,-44.52837,DEL02-MG,Risco Médio,Baixa
quarta-feira,BR-262,5.0,Pleno dia,Decrescente,Céu Claro,Múltipla,Reta,-20.33684,-40.38967,DEL01-ES,Risco Médio,Média
domingo,BR-50,41.0,Plena Noite,Crescente,Céu Claro,Simples,Curva,-18.68214,-48.17887,DEL15-MG,Risco Médio,Média
sexta-feira,BR-262,21.0,Plena Noite,Crescente,Chuva,Simples,Curva,-20.82101,-51.79324,DEL07-MS,Risco Médio,Média
quinta-feira,BR-376,22.0,Plena Noite,Crescente,Céu Claro,Simples,Reta,-22.34317,-54.5603,DEL04-MS,Risco Médio,Baixa
domingo,BR-101,285.2,Plena Noite,Decrescente,Nublado,Dupla,Reta,-28.22117,-48.70063,DEL02-SC,Risco Baixo,Alta
quinta-feira,BR-364,711.0,Plena Noite,Crescente,Céu Claro,Simples,Curva,-9.674507,-65.44786,DEL01-RO,Risco Baixo,Alta
domingo,BR-381,753.8,Plena Noite,Crescente,Nublado,Dupla,Reta,-21.67857,-45.34114,DEL16-MG,Risco Médio,Alta
quarta-feira,BR-230,396.4,Pleno dia,Crescente,Céu Claro,Simples,Reta,-6.841532,-37.74927,DEL03-PB,Risco Alto,Baixa
sexta-feira,BR-343,333.0,Pleno dia,Decrescente,Sol,Dupla,Reta,-5.056121,-42.67815,DEL01-PI,Risco Médio,Baixa
sábado,BR-101,803.0,Pleno dia,Decrescente,Céu Claro,Simples,Reta,-17.1604,-39.57212,DEL09-BA,Risco Médio,Alta
sexta-feira,BR-40,38.8,Pleno dia,Crescente,Céu Claro,Simples,Reta,-17.2105,-46.89942,DEL14-MG,Risco Médio,Alta
quarta-feira,BR-70,70.7,Plena Noite,Decrescente,Céu Claro,Simples,Curva,-15.69549,-52.79768,DEL07-MT,Risco Baixo,Baixa
domingo,BR-153,354.2,Anoitecer,Crescente,Céu Claro,Simples,Não Informado,-15.69912,-49.33447,DEL02-GO,Risco Médio,Alta
sexta-feira,BR-381,713.3,Pleno dia,Decrescente,Céu Claro,Dupla,Reta,-21.37973,-45.19461,DEL04-MG,Risco Baixo,Alta
quarta-feira,BR-493,105.0,Pleno dia,Crescente,Céu Claro,Dupla,Reta,-22.72853,-43.7146,DEL03-RJ,Risco Médio,Baixa
sexta-feira,BR-10,233.3,Pleno dia,Crescente,Céu Claro,Simples,Reta,-2.393918,-47.53723,DEL02-PA,Risco Baixo,Baixa
quinta-feira,BR-50,51.6,Plena Noite,Crescente,Céu Claro,Dupla,Reta,-18.74434,-48.23135,DEL15-MG,Risco Baixo,Média
quinta-feira,BR-40,93.0,Pleno dia,Crescente,Chuva,Simples,Curva,-22.55543,-43.2583,DEL01-RJ,Risco Médio,Alta
domingo,BR-369,175.5,Plena Noite,Crescente,Nublado,Simples,Reta,-23.32501,-51.38635,DEL07-PR,Risco Baixo,Baixa
sexta-feira,BR-40,448.0,Pleno dia,Crescente,Céu Claro,Dupla,Reta,-19.30165,-44.37792,DEL02-MG,Risco Médio,Alta
domingo,BR-101,272.8,Pleno dia,Crescente,Céu Claro,Simples,Rotatória,-28.1178,-48.69929,DEL02-SC,Risco Médio,Alta
segunda-feira,BR-163,696.0,Anoitecer,Crescente,Nublado,Simples,Reta,-13.02281,-55.89557,DEL06-MT,Risco Médio,Alta
quinta-feira,BR-381,483.5,Anoitecer,Crescente,Céu Claro,Múltipla,Curva,-19.95609,-44.095,DEL01-MG,Risco Médio,Alta
domingo,BR-50,287.3,Pleno dia,Decrescente,Chuva,Simples,Não Informado,-18.22826,-47.97926,DEL06-GO,Risco Médio,Média
sexta-feira,BR-101,208.0,Pleno dia,Decrescente,Céu Claro,Simples,Reta,-27.60328,-48.63202,DEL01-SC,Risco Médio,Alta
terça-feira,BR-381,337.0,Plena Noite,Decrescente,Céu Claro,Simples,Não Informado,-19.85263,-43.15048,DEL03-MG,Risco Médio,Alta
sábado,BR-101,53.0,Plena Noite,Crescente,Chuva,Múltipla,Reta,-26.41635,-48.83478,DEL03-SC,Risco Baixo,Alta
sábado,BR-376,666.0,Pleno dia,Decrescente,Sol,Dupla,Curva,-25.86231,-48.94032,DEL01-PR,Risco Médio,Baixa
terça-feira,BR-101,67.0,Plena Noite,Crescente,Chuva,Dupla,Curva,-26.48645,-48.73484,DEL03-SC,Risco Médio,Alta
domingo,BR-101,67.5,Pleno dia,Crescente,Nublado,Dupla,Reta,-8.046104,-34.94484,DEL01-PE,Risco Médio,Alta
sábado,BR-153,219.0,Pleno dia,Crescente,Céu Claro,Simples,Reta,-20.14539,-49.11088,DEL13-MG,Risco Médio,Alta
quinta-feira,BR-101,291.0,Pleno dia,Crescente,Nublado,Dupla,Retorno Regulamentado,-20.29756,-40.39446,DEL01-ES,Risco Médio,Alta
quinta-feira,BR-116,273.3,Pleno dia,Decrescente,Nublado,Dupla,Reta,-23.6281,-46.8187,DEL04-SP,Risco Médio,Alta
segunda-feira,BR-319,50.0,Amanhecer,Decrescente,Céu Claro,Simples,Reta,-3.436557,-59.98295,DEL01-AM,Risco Médio,Baixa
terça-feira,BR-280,124.3,Anoitecer,Decrescente,Céu Claro,Simples,Reta,-26.24186,-49.47379,DEL06-SC,Risco Médio,Baixa
domingo,BR-146,449.0,Anoitecer,Decrescente,Céu Claro,Simples,Não Informado,-21.51992,-46.40381,DEL09-MG,Risco Médio,Baixa
segunda-feira,BR-316,59.0,Amanhecer,Crescente,Nublado,Simples,Reta,-7.761609,-40.26138,DEL05-PE,Risco Médio,Baixa
quarta-feira,BR-20,381.0,Plena Noite,Crescente,Céu Claro,Simples,Reta,-3.908753,-38.84597,DEL01-CE,Risco Baixo,Baixa
segunda-feira,BR-367,25.4,Plena Noite,Decrescente,Nevoeiro/Neblina,Simples,Curva,-16.43805,-39.09107,DEL09-BA,Risco Alto,Baixa
sábado,BR-101,209.0,Plena Noite,Crescente,Céu Claro,Múltipla,Reta,-27.61001,-48.63895,DEL01-SC,Risco Médio,Alta
terça-feira,BR-369,146.0,Pleno dia,Crescente,Nublado,Dupla,Reta,-23.29356,-51.11018,DEL07-PR,Risco Médio,Baixa
sexta-feira,BR-364,197.0,Pleno dia,Decrescente,Céu Claro,Dupla,Não Informado,-17.91915,-51.72619,DEL05-GO,Risco Médio,Alta
quinta-feira,BR-20,5.0,Anoitecer,Crescente,Céu Claro,Dupla,Reta,-15.67055,-47.81604,DEL02-DF,Risco Baixo,Baixa
sexta-feira,BR-470,160.0,Amanhecer,Decrescente,Nublado,Simples,Interseção de vias,-27.28617,-49.78296,DEL04-SC,Risco Médio,Baixa