dia_semana,br,km,fase_dia,sentido_via,condicao_metereologica,tipo_pista,tracado_via,latitude,longitude,delegacia,classificacao_acidente,postos_policiais_PRF
terça-feira,BR-290,88.0,Pleno dia,Crescente,Céu Claro,Dupla,Reta,-29.9672,-51.1373,DEL01-RS,Risco Médio,Baixa
domingo,BR-163,504.0,Amanhecer,Crescente,Nevoeiro/Neblina,Simples,Reta,-20.29066,-54.54605,DEL01-MS,Risco Médio,Alta
sexta-feira,BR-110,100.0,Plena Noite,Decrescente,Garoa/Chuvisco,Simples,Reta,-10.29841,-38.3114,DEL07-BA,Risco Médio,Baixa
quarta-feira,BR-116,180.0,Pleno dia,Decrescente,Céu Claro,Dupla,Reta,-22.7398,-43.46257,DEL01-RJ,Risco Médio,Alta
domingo,BR-101,145.0,Plena Noite,Crescente,Nublado,Múltipla,Reta,-27.08139,-48.60131,DEL04-SC,Risco Médio,Alta
domingo,BR-50,128.0,Anoitecer,Decrescente,Céu Claro,Dupla,Reta,-19.37184,-48.07827,DEL13-MG,Risco Baixo,Média
sábado,BR-386,361.5,Plena Noite,Crescente,Céu Claro,Dupla,Curva,-29.55274,-51.90008,DEL04-RS,Risco Baixo,Média
sábado,BR-470,184.1,Pleno dia,Decrescente,Chuva,Simples,Reta,-27.25417,-50.03268,DEL04-SC,Risco Médio,Baixa
sexta-feira,BR-116,218.5,Pleno dia,Crescente,Nublado,Múltipla,Curva,-23.461,-46.488,DEL01-SP,Risco Médio,Alta
quarta-feira,BR-463,0.3,Pleno dia,Crescente,Nublado,Simples,Não Informado,-22.25869,-54.8041,DEL04-MS,Risco Médio,Baixa
sexta-feira,BR-116,280.0,Plena Noite,Decrescente,Nublado,Dupla,Desvio Temporário,-23.66996,-46.85591,DEL04-SP,Risco Médio,Alta
sábado,BR-101,667.5,Amanhecer,Crescente,Céu Claro,Simples,Curva,-15.98744,-39.57239,DEL09-BA,Risco Médio,Alta
quarta-feira,BR-116,167.0,Pleno dia,Decrescente,Céu Claro,Múltipla,Reta,-22.81804,-43.30787,DEL01-RJ,Risco Baixo,Alta
quinta-feira,BR-116,13.0,Pleno dia,Crescente,Céu Claro,Simples,Curva,-21.95923,-42.7356,DEL04-RJ,Risco Médio,Alta
quarta-feira,BR-156,624.0,Pleno dia,Decrescente,Céu Claro,Simples,Curva,2.456346,-51.12326,DEL01-AP,Risco Médio,Baixa
sexta-feira,BR-135,12.0,Plena Noite,Crescente,Céu Claro,Dupla,Reta,-2.53073,-44.3068,DEL01-MA,Risco Baixo,Baixa
quarta-feira,BR-277,7.0,Pleno dia,Crescente,Céu Claro,Simples,Rotatória,-25.51464,-48.5224,DEL01-PR,Risco Médio,Média
quarta-feira,BR-40,43.0,Plena Noite,Decrescente,Nublado,Simples,Reta,-17.22598,-46.86164,DEL14-MG,Risco Médio,Alta
sábado,BR-40,397.9,Plena Noite,Crescente,Céu Claro,Simples,Desvio Temporário,-19.0157,-44.6573,DEL02-MG,Risco Médio,Alta
terça-feira,BR-101,137.0,Pleno dia,Decrescente,Céu Claro,Dupla,Reta,-27.01572,-48.61193,DEL04-SC,Risco Médio,Alta
segunda-feira,BR-364,566.0,Plena Noite,Crescente,Chuva,Dupla,Curva,-14.6933,-56.3095,DEL01-MT,Risco Médio,Alta
sexta-feira,BR-230,405.8,Pleno dia,Crescente,Nublado,Simples,Reta,-6.776534,-37.79837,DEL03-PB,Risco Baixo,Baixa
sábado,BR-222,59.9,Pleno dia,Crescente,Céu Claro,Simples,Reta,-3.671831,-39.10619,DEL01-CE,Risco Baixo,Baixa
segunda-feira,BR-476,119.4,Plena Noite,Crescente,Nublado,Dupla,Reta,-25.36452,-49.18606,DEL01-PR,Risco Médio,Baixa
sábado,BR-60,381.0,Plena Noite,Crescente,Chuva,Dupla,Reta,-17.7727,-50.8862,DEL04-GO,Risco Baixo,Média
quinta-feira,BR-50,289.5,Pleno dia,Decrescente,Sol,Dupla,Não Informado,-18.2407,-47.9885,DEL06-GO,Risco Médio,Média
quarta-feira,BR-116,709.3,Pleno dia,Crescente,Céu Claro,Simples,Reta,-14.10719,-40.22427,DEL03-BA,Risco Médio,Alta
sexta-feira,BR-163,75.9,Pleno dia,Crescente,Céu Claro,Simples,Não Informado,-25.75742,-53.80011,DEL02-PR,Risco Médio,Alta
domingo,BR-101,328.6,Pleno dia,Decrescente,Céu Claro,Simples,Não Informado,-28.43645,-48.95969,DEL02-SC,Risco Médio,Alta
sábado,BR-101,425.0,Pleno dia,Crescente,Céu Claro,Simples,Curva,-22.92619,-43.96323,DEL03-RJ,Risco Médio,Alta
quinta-feira,BR-101,294.0,Pleno dia,Crescente,Céu Claro,Dupla,Reta,-22.7537,-42.82202,DEL02-RJ,Risco Médio,Alta
segunda-feira,BR-316,381.0,Pleno dia,Decrescente,Céu Claro,Simples,Reta,-7.2279,-40.8739,DEL04-PI,Risco Baixo,Baixa
segunda-feira,BR-163,457.5,Plena Noite,Decrescente,Céu Claro,Simples,Reta,-20.66404,-54.56068,DEL01-MS,Risco Alto,Alta
segunda-feira,BR-222,18.2,Pleno dia,Crescente,Céu Claro,Simples,Reta,-3.747372,-38.72294,DEL01-CE,Risco Médio,Baixa
quinta-feira,BR-40,696.0,Pleno dia,Crescente,Chuva,Dupla,Não Informado,-21.14688,-43.76443,DEL05-MG,Risco Médio,Alta
quinta-feira,BR-158,332.0,Anoitecer,Decrescente,Céu Claro,Dupla,Reta,-29.70749,-53.8536,DEL09-RS,Risco Médio,Baixa
domingo,BR-116,32.0,Plena Noite,Decrescente,Nublado,Dupla,Curva,-4.026762,-38.51393,DEL01-CE,Risco Baixo,Alta
quinta-feira,BR-316,7.0,Anoitecer,Crescente,Chuva,Múltipla,Reta,-5.155846,-42.77173,DEL01-PI,Risco Médio,Baixa
sexta-feira,BR-230,294.0,Pleno dia,Decrescente,Céu Claro,Simples,Reta,-6.845063,-42.89192,DEL03-PI,Risco Médio,Baixa
segunda-feira,BR-367,104.0,Pleno dia,Decrescente,Céu Claro,Simples,Curva,-16.09147,-39.86499,DEL09-BA,Risco Médio,Baixa
segunda-feira,BR-304,46.0,Pleno dia,Decrescente,Céu Claro,Dupla,Reta,-5.225794,-37.34005,DEL04-RN,Risco Médio,Baixa
sábado,BR-101,247.3,Pleno dia,Decrescente,Sol,Simples,Reta,-20.06836,-40.36566,DEL02-ES,Risco Baixo,Alta
domingo,BR-116,217.0,Plena Noite,Decrescente,Céu Claro,Múltipla,Reta,-23.45424,-46.47119,DEL01-SP,Risco Baixo,Alta
quinta-feira,BR-163,735.0,Pleno dia,Decrescente,Céu Claro,Simples,Reta,-12.79397,-55.8351,DEL06-MT,Risco Médio,Alta
sexta-feira,BR-101,98.0,Pleno dia,Crescente,Céu Claro,Dupla,Interseção de vias,-5.865723,-35.21654,DEL01-RN,Risco Médio,Alta
sábado,BR-381,22.4,Plena Noite,Decrescente,Céu Claro,Múltipla,Reta,-22.99988,-46.51854,DEL03-SP,Risco Baixo,Alta
segunda-feira,BR-470,62.4,Pleno dia,Crescente,Céu Claro,Simples,Curva,-26.87452,-49.18294,DEL04-SC,Risco Médio,Baixa
segunda-feira,BR-116,206.5,Pleno dia,Crescente,Sol,Dupla,Reta,-23.41723,-46.3751,DEL01-SP,Risco Médio,Alta
quarta-feira,BR-60,532.0,Pleno dia,Crescente,Céu Claro,Simples,Reta,-21.13295,-55.76523,DEL05-MS,Risco Médio,Média
sábado,BR-153,78.0,Plena Noite,Decrescente,Chuva,Simples,Não Informado,-20.90392,-49.46041,DEL09-SP,Risco Baixo,Alta
quinta-feira,BR-393,174.1,Plena Noite,Crescente,Céu Claro,Simples,Curva,-22.12391,-43.19433,DEL06-RJ,Risco Médio,Média
quarta-feira,BR-50,56.4,Plena Noite,Decrescente,Céu Claro,Dupla,Desvio Temporário,-18.7844,-48.23234,DEL15-MG,Risco Baixo,Média
quinta-feira,BR-210,6.0,Pleno dia,Decrescente,Céu Claro,Dupla,Reta,0.0,-51.0,DEL01-AP,Risco Médio,Baixa
sexta-feira,BR-101,202.0,Pleno dia,Crescente,Céu Claro,Múltipla,Reta,-27.5651,-48.6144,DEL01-SC,Risco Médio,Alta
terça-feira,BR-262,192.1,Plena Noite,Crescente,Garoa/Chuvisco,Simples,Desvio Temporário,-20.29488,-41.749,DEL01-ES,Risco Médio,Média
quarta-feira,BR-376,266.0,Plena Noite,Decrescente,Céu Claro,Dupla,Reta,-23.73391,-51.28328,DEL07-PR,Risco Médio,Baixa
quinta-feira,BR-476,116.0,Anoitecer,Decrescente,Céu Claro,Dupla,Reta,-25.34996,-49.16642,DEL01-PR,Risco Médio,Baixa
terça-feira,BR-267,364.0,Pleno dia,Decrescente,Céu Claro,Dupla,Reta,-21.64094,-55.14255,DEL02-MS,Risco Médio,Baixa
domingo,BR-262,73.0,Pleno dia,Crescente,Céu Claro,Simples,Reta,-20.66753,-52.26037,DEL07-MS,Risco Baixo,Média
sábado,BR-116,193.0,Plena Noite,Crescente,Céu Claro,Dupla,Reta,-22.7396,-43.52859,DEL01-RJ,Risco Médio,Alta
sábado,BR-232,512.3,Plena Noite,Decrescente,Céu Claro,Simples,Reta,-8.073196,-39.15511,DEL05-PE,Risco Alto,Baixa
segunda-feira,BR-381,408.0,Pleno dia,Crescente,Céu Claro,Simples,Reta,-19.72516,-43.56958,DEL01-MG,Risco Médio,Alta
sábado,BR-116,816.8,Amanhecer,Crescente,Céu Claro,Simples,Reta,-14.81875,-40.8094,DEL08-BA,Risco Alto,Alta
sexta-feira,BR-116,719.7,Pleno dia,Decrescente,Sol,Simples,Curva,-21.23757,-42.39406,DEL07-MG,Risco Médio,Alta
sexta-feira,BR-70,5.0,Pleno dia,Decrescente,Céu Claro,Dupla,Reta,-15.8779,-52.2974,DEL07-MT,Risco Baixo,Baixa
sábado,BR-277,587.0,Plena Noite,Crescente,Céu Claro,Simples,Curva,-24.96941,-53.4296,DEL04-PR,Risco Médio,Média
sábado,BR-280,80.0,Plena Noite,Decrescente,Nevoeiro/Neblina,Simples,Não Informado,-26.37148,-49.33069,DEL06-SC,Risco Baixo,Baixa
sexta-feira,BR-392,274.0,Pleno dia,Crescente,Chuva,Simples,Interseção de vias,-30.35818,-53.51833,DEL09-RS,Risco Médio,Média
sábado,BR-364,700.0,Pleno dia,Decrescente,Chuva,Dupla,Reta,-8.800675,-63.77134,DEL01-RO,Risco Médio,Alta
quinta-feira,BR-381,455.3,Plena Noite,Decrescente,Céu Claro,Simples,Reta,-19.84031,-43.8763,DEL01-MG,Risco Médio,Alta
sexta-feira,BR-158,334.2,Pleno dia,Decrescente,Sol,Simples,Curva,-12.19182,-51.69632,DEL07-MT,Risco Médio,Baixa
domingo,BR-101,473.0,Plena Noite,Decrescente,Nublado,Dupla,Reta,-22.98961,-44.24169,DEL03-RJ,Risco Médio,Alta
segunda-feira,BR-365,638.2,Pleno dia,Decrescente,Céu Claro,Dupla,Não Informado,-18.89165,-48.42488,DEL15-MG,Risco Médio,Média
domingo,BR-343,85.0,Pleno dia,Crescente,Chuva,Simples,Curva,-3.451051,-41.74528,DEL05-PI,Risco Médio,Baixa
quinta-feira,BR-163,262.5,Plena Noite,Crescente,Ignorado,Dupla,Reta,-22.23523,-54.75663,DEL04-MS,Risco Médio,Alta
terça-feira,BR-277,647.1,Pleno dia,Crescente,Nublado,Simples,Reta,-25.1749,-53.91381,DEL05-PR,Risco Médio,Média
terça-feira,BR-423,90.0,Pleno dia,Decrescente,Céu Claro,Simples,Reta,-8.861517,-36.464,DEL03-PE,Risco Médio,Baixa
terça-feira,BR-116,52.0,Pleno dia,Decrescente,Nublado,Dupla,Curva,-25.2491,-48.90845,DEL01-PR,Risco Baixo,Alta
sexta-feira,BR-354,754.6,Plena Noite,Crescente,Céu Claro,Simples,Curva,-22.28905,-44.8682,DEL05-MG,Risco Baixo,Baixa
domingo,BR-101,112.0,Pleno dia,Decrescente,Sol,Dupla,Curva,-8.327062,-35.11662,DEL01-PE,Risco Médio,Alta
quinta-feira,BR-153,88.0,Pleno dia,Crescente,Garoa/Chuvisco,Simples,Não Informado,-19.01798,-49.01688,DEL15-MG,Risco Médio,Alta
sábado,BR-116,38.5,Plena Noite,Crescente,Céu Claro,Dupla,Reta,-22.672,-44.9959,DEL08-SP,Risco Alto,Alta
sexta-feira,BR-116,131.0,Plena Noite,Crescente,Nublado,Dupla,Reta,-22.65238,-43.16289,DEL04-RJ,Risco Médio,Alta
quinta-feira,BR-101,113.8,Plena Noite,Crescente,Nublado,Dupla,Reta,-26.85311,-48.7269,DEL04-SC,Risco Médio,Alta
sexta-feira,BR-285,312.0,Plena Noite,Crescente,Céu Claro,Simples,Curva,-28.24154,-52.55303,DEL08-RS,Risco Médio,Baixa
sábado,BR-376,290.5,Plena Noite,Crescente,Chuva,Dupla,Curva,-23.96336,-51.11466,DEL07-PR,Risco Médio,Baixa
quinta-feira,BR-408,102.1,Pleno dia,Crescente,Céu Claro,Dupla,Não Informado,-8.05751,-34.99498,DEL01-PE,Risco Médio,Baixa
segunda-feira,BR-163,74.6,Plena Noite,Crescente,Céu Claro,Simples,Curva,-26.702,-53.51351,DEL07-SC,Risco Médio,Alta
sexta-feira,BR-381,921.1,Pleno dia,Crescente,Chuva,Dupla,Curva,-22.76306,-46.17108,DEL16-MG,Risco Baixo,Alta
quinta-feira,BR-153,61.9,Pleno dia,Decrescente,Céu Claro,Dupla,Reta,-20.80503,-49.35575,DEL09-SP,Risco Médio,Alta
terça-feira,BR-381,486.0,Pleno dia,Decrescente,Nublado,Dupla,Reta,-19.95644,-44.13612,DEL01-MG,Risco Médio,Alta
domingo,BR-324,603.0,Pleno dia,Crescente,Céu Claro,Dupla,Não Informado,-12.78229,-38.41423,DEL01-BA,Risco Médio,Baixa
sábado,BR-267,376.6,Pleno dia,Decrescente,Sol,Simples,Reta,-21.65884,-55.26159,DEL05-MS,Risco Médio,Baixa
domingo,BR-262,476.9,Pleno dia,Decrescente,Céu Claro,Simples,Reta,-19.78545,-45.25337,DEL08-MG,Risco Médio,Média
sábado,BR-230,261.0,Pleno dia,Decrescente,Céu Claro,Simples,Reta,-6.9942,-36.7127,DEL03-PB,Risco Baixo,Baixa
segunda-feira,BR-290,91.0,Pleno dia,Crescente,Sol,Múltipla,Reta,-29.96906,-51.16744,DEL01-RS,Risco Médio,Baixa
quarta-feira,BR-230,97.0,Plena Noite,Decrescente,Céu Claro,Simples,Reta,-6.841052,-39.43144,DEL05-CE,Risco Médio,Baixa
quinta-feira,BR-101,139.2,Pleno dia,Decrescente,Nublado,Simples,Não Informado,-27.03881,-48.60025,DEL04-SC,Risco Médio,Alta
domingo,BR-381,744.0,Pleno dia,Decrescente,Chuva,Dupla,Curva,-21.6186,-45.2531,DEL16-MG,Risco Médio,Alta
segunda-feira,BR-365,656.0,Plena Noite,Decrescente,Céu Claro,Dupla,Curva,-18.88179,-48.60754,DEL15-MG,Risco Médio,Média
terça-feira,BR-116,198.1,Pleno dia,Crescente,Céu Claro,Simples,Reta,-29.47291,-51.14827,DEL05-RS,Risco Médio,Alta
sábado,BR-381,665.8,Plena Noite,Crescente,Céu Claro,Dupla,Curva,-21.05065,-45.00386,DEL04-MG,Risco Médio,Alta
quinta-feira,BR-153,188.0,Pleno dia,Crescente,Chuva,Simples,Reta,-24.41039,-50.36085,DEL03-PR,Risco Médio,Alta
quarta-feira,BR-60,48.7,Plena Noite,Crescente,Céu Claro,Dupla,Reta,-16.8101,-49.2397,DEL01-GO,Risco Baixo,Média
sábado,BR-116,253.0,Plena Noite,Decrescente,Céu Claro,Dupla,Reta,-29.81369,-51.16867,DEL01-RS,Risco Médio,Alta
terça-feira,BR-158,227.5,Pleno dia,Crescente,Nublado,Simples,Reta,-28.90583,-53.63032,DEL10-RS,Risco Baixo,Baixa
sexta-feira,BR-116,608.1,Anoitecer,Decrescente,Céu Claro,Simples,Reta,-20.3933,-42.1476,DEL07-MG,Risco Baixo,Alta
quarta-feira,BR-116,99.0,Plena Noite,Decrescente,Céu Claro,Dupla,Não Informado,-22.98237,-45.46437,DEL06-SP,Risco Médio,Alta
quinta-feira,BR-116,245.0,Pleno dia,Decrescente,Sol,Simples,Rotatória,-27.79985,-50.36337,DEL05-SC,Risco Baixo,Alta
sexta-feira,BR-365,580.0,Pleno dia,Crescente,Sol,Simples,Reta,-18.87779,-47.94286,DEL15-MG,Risco Médio,Média
terça-feira,BR-101,270.0,Plena Noite,Crescente,Céu Claro,Dupla,Reta,-20.2174,-40.26991,DEL02-ES,Risco Baixo,Alta
quinta-feira,BR-470,193.5,Plena Noite,Crescente,Céu Claro,Simples,Curva,-27.29286,-50.07871,DEL04-SC,Risco Médio,Baixa
domingo,BR-158,334.5,Anoitecer,Decrescente,Nublado,Simples,Reta,-29.70856,-53.86276,DEL09-RS,Risco Médio,Baixa
terça-feira,BR-60,93.0,Pleno dia,Crescente,Céu Claro,Dupla,Reta,-16.3538,-48.9268,DEL02-GO,Risco Médio,Média
sexta-feira,BR-364,337.0,Plena Noite,Decrescente,Ignorado,Simples,Reta,-15.8379,-55.4918,DEL02-MT,Risco Médio,Alta
quarta-feira,BR-153,49.9,Plena Noite,Decrescente,Céu Claro,Simples,Reta,-27.65514,-52.2658,DEL08-RS,Risco Alto,Alta
sexta-feira,BR-262,104.7,Pleno dia,Decrescente,Céu Claro,Simples,Interseção de vias,-20.33303,-41.12932,DEL01-ES,Risco Médio,Média
sábado,BR-282,645.8,Pleno dia,Decrescente,Céu Claro,Simples,Reta,-26.76518,-53.48782,DEL07-SC,Risco Médio,Baixa
quinta-feira,BR-116,110.0,Plena Noite,Crescente,Nublado,Dupla,Interseção de vias,-23.03413,-45.5527,DEL08-SP,Risco Médio,Alta
segunda-feira,BR-163,366.0,Pleno dia,Decrescente,Céu Claro,Simples,Reta,-21.4571,-54.3802,DEL02-MS,Risco Baixo,Alta
sexta-feira,BR-402,3.7,Pleno dia,Decrescente,Céu Claro,Simples,Reta,-2.957435,-44.29793,DEL01-MA,Risco Baixo,Baixa
segunda-feira,BR-101,447.0,Pleno dia,Crescente,Nublado,Simples,Curva,-14.33556,-39.31661,DEL05-BA,Risco Alto,Alta
terça-feira,BR-290,23.6,Pleno dia,Crescente,Chuva,Dupla,Reta,-29.88201,-50.49397,DEL03-RS,Risco Médio,Baixa
quarta-feira,BR-470,129.9,Amanhecer,Decrescente,Nublado,Simples,Retorno Regulamentado,-27.1485,-49.55614,DEL04-SC,Risco Médio,Baixa
domingo,BR-282,67.8,Plena Noite,Crescente,Nublado,Simples,Curva,-27.69125,-49.07279,DEL01-SC,Risco Médio,Baixa
segunda-feira,BR-232,298.7,Plena Noite,Decrescente,Céu Claro,Simples,Reta,-8.240058,-37.40685,DEL03-PE,Risco Baixo,Baixa
sexta-feira,BR-365,481.5,Amanhecer,Crescente,Céu Claro,Simples,Curva,-18.89371,-47.06418,DEL10-MG,Risco Médio,Média
sexta-feira,BR-282,4.0,Pleno dia,Decrescente,Céu Claro,Dupla,Curva,-27.59279,-48.60401,DEL01-SC,Risco Médio,Baixa
quarta-feira,BR-40,491.6,Amanhecer,Decrescente,Garoa/Chuvisco,Dupla,Desvio Temporário,-19.6285,-44.20532,DEL02-MG,Risco Alto,Alta
segunda-feira,BR-222,304.7,Pleno dia,Crescente,Sol,Simples,Curva,-3.665528,-40.95731,DEL04-CE,Risco Baixo,Baixa
domingo,BR-392,82.9,Anoitecer,Decrescente,Nublado,Simples,Não Informado,-31.66084,-52.46572,DEL07-RS,Risco Médio,Média
sábado,BR-230,89.8,Pleno dia,Crescente,Céu Claro,Dupla,Reta,-7.1708,-35.3831,DEL01-PB,Risco Médio,Baixa
quarta-feira,BR-101,322.0,Pleno dia,Decrescente,Céu Claro,Dupla,Reta,-22.87892,-43.11068,DEL02-RJ,Risco Baixo,Alta
sexta-feira,BR-364,606.0,Pleno dia,Crescente,Céu Claro,Simples,Reta,-14.46714,-56.24995,DEL01-MT,Risco Médio,Alta
domingo,BR-101,162.8,Plena Noite,Crescente,Garoa/Chuvisco,Dupla,Reta,-27.22547,-48.62766,DEL04-SC,Risco Baixo,Alta
terça-feira,BR-20,325.0,Pleno dia,Crescente,Céu Claro,Simples,Reta,-4.241583,-39.20436,DEL02-CE,Risco Médio,Baixa
quarta-feira,BR-163,90.3,Amanhecer,Decrescente,Céu Claro,Simples,Não Informado,-26.56408,-53.50892,DEL07-SC,Risco Baixo,Alta
quarta-feira,BR-101,94.1,Anoitecer,Crescente,Céu Claro,Dupla,Reta,-10.90728,-37.15258,DEL01-SE,Risco Médio,Alta
sexta-feira,BR-116,117.3,Pleno dia,Decrescente,Céu Claro,Dupla,Reta,-23.05823,-45.6177,DEL02-SP,Risco Médio,Alta
sexta-feira,BR-277,720.7,Pleno dia,Crescente,Céu Claro,Dupla,Reta,-25.48751,-54.50318,DEL05-PR,Risco Alto,Média
terça-feira,BR-101,287.0,Plena Noite,Crescente,Céu Claro,Dupla,Reta,-28.23766,-48.7006,DEL02-SC,Risco Médio,Alta
domingo,BR-277,726.0,Plena Noite,Crescente,Céu Claro,Dupla,Rotatória,-25.5106,-54.55482,DEL05-PR,Risco Baixo,Média
segunda-feira,BR-116,701.8,Pleno dia,Decrescente,Céu Claro,Simples,Não Informado,-21.11982,-42.38011,DEL07-MG,Risco Médio,Alta
terça-feira,BR-101,79.0,Pleno dia,Crescente,Chuva,Dupla,Reta,-9.440261,-35.83644,DEL01-AL,Risco Baixo,Alta
quarta-feira,BR-116,496.8,Plena Noite,Decrescente,Chuva,Dupla,Não Informado,-24.76554,-48.16672,DEL05-SP,Risco Baixo,Alta
quinta-feira,BR-101,82.0,Pleno dia,Decrescente,Céu Claro,Dupla,Interseção de vias,-8.168383,-34.9376,DEL01-PE,Risco Baixo,Alta
quinta-feira,BR-285,256.0,Pleno dia,Decrescente,Céu Claro,Simples,Reta,-28.30321,-52.02031,DEL08-RS,Risco Baixo,Baixa
sábado,BR-40,437.0,Pleno dia,Crescente,Céu Claro,Simples,Curva,-19.2494,-44.4242,DEL02-MG,Risco Médio,Alta
segunda-feira,BR-153,263.0,Plena Noite,Crescente,Garoa/Chuvisco,Simples,Reta,-15.0144,-49.4206,DEL07-GO,Risco Médio,Alta
sexta-feira,BR-116,5.5,Pleno dia,Crescente,Céu Claro,Simples,Interseção de vias,-26.14094,-49.81508,DEL06-SC,Risco Médio,Alta
sexta-feira,BR-373,176.9,Anoitecer,Decrescente,Céu Claro,Dupla,Reta,-25.06083,-50.21845,DEL03-PR,Risco Baixo,Baixa
segunda-feira,BR-101,423.2,Pleno dia,Crescente,Chuva,Simples,Curva,-20.99061,-41.12148,DEL03-ES,Risco Médio,Alta
domingo,BR-356,179.5,Plena Noite,Crescente,Nublado,Simples,Reta,-21.65997,-41.0539,DEL08-RJ,Risco Alto,Baixa
sábado,BR-101,158.0,Plena Noite,Crescente,Céu Claro,Simples,Reta,-12.35551,-38.78248,DEL01-BA,Risco Médio,Alta
sexta-feira,BR-222,297.4,Pleno dia,Decrescente,Céu Claro,Simples,Curva,-3.650567,-40.93077,DEL04-CE,Risco Médio,Baixa
sexta-feira,BR-135,174.0,Plena Noite,Crescente,Céu Claro,Simples,Reta,-12.12361,-45.00227,DEL10-BA,Risco Médio,Baixa
domingo,BR-369,91.5,Plena Noite,Decrescente,Céu Claro,Simples,Não Informado,-23.20001,-50.65383,DEL07-PR,Risco Médio,Baixa
segunda-feira,BR-101,112.0,Pleno dia,Decrescente,Nublado,Dupla,Reta,-26.84713,-48.71979,DEL04-SC,Risco Baixo,Alta
quinta-feira,BR-226,165.3,Plena Noite,Crescente,Céu Claro,Simples,Desvio Temporário,-6.224789,-36.43182,DEL03-RN,Risco Alto,Baixa
domingo,BR-267,213.7,Pleno dia,Decrescente,Céu Claro,Simples,Interseção de vias,-21.94003,-44.18926,DEL17-MG,Risco Alto,Baixa
sexta-feira,BR-135,7.6,Amanhecer,Crescente,Céu Claro,Dupla,Desvio Temporário,-2.640477,-44.2716,DEL01-MA,Risco Médio,Baixa
quinta-feira,BR-163,182.0,Pleno dia,Decrescente,Nublado,Simples,Reta,-22.82214,-54.69452,DEL09-MS,Risco Médio,Alta
quinta-feira,BR-153,309.0,Anoitecer,Crescente,Chuva,Simples,Reta,-15.35781,-49.56476,DEL02-GO,Risco Médio,Alta
domingo,BR-70,609.0,Amanhecer,Decrescente,Chuva,Simples,Curva,-15.84933,-56.8041,DEL03-MT,Risco Baixo,Baixa
segunda-feira,BR-367,31.8,Plena Noite,Decrescente,Chuva,Simples,Curva,-16.42224,-39.1429,DEL09-BA,Risco Alto,Baixa
quinta-feira,BR-280,53.8,Pleno dia,Crescente,Céu Claro,Simples,Reta,-26.47237,-48.97427,DEL03-SC,Risco Médio,Baixa
sexta-feira,BR-116,90.1,Plena Noite,Decrescente,Céu Claro,Dupla,Reta,-22.94362,-45.38731,DEL06-SP,Risco Médio,Alta
segunda-feira,BR-304,295.1,Pleno dia,Crescente,Céu Claro,Simples,Não Informado,-5.86006,-35.3498,DEL01-RN,Risco Médio,Baixa
quinta-feira,BR-364,347.0,Pleno dia,Decrescente,Céu Claro,Simples,Curva,-15.80226,-55.55572,DEL02-MT,Risco Baixo,Alta
sexta-feira,BR-381,671.0,Pleno dia,Crescente,Céu Claro,Dupla,Não Informado,-21.08945,-45.06864,DEL04-MG,Risco Médio,Alta
sábado,BR-116,151.0,Pleno dia,Crescente,Céu Claro,Dupla,Reta,-23.21981,-45.89992,DEL02-SP,Risco Médio,Alta
sexta-feira,BR-343,0.7,Pleno dia,Crescente,Nublado,Dupla,Reta,-5.089569,-42.80229,DEL01-PI,Risco Médio,Baixa
quinta-feira,BR-163,700.0,Pleno dia,Crescente,Céu Claro,Simples,Desvio Temporário,-18.75702,-54.82411,DEL06-MS,Risco Médio,Alta
quarta-feira,BR-364,204.0,Pleno dia,Decrescente,Nublado,Dupla,Reta,-16.46732,-54.6572,DEL02-MT,Risco Médio,Alta
sexta-feira,BR-285,293.6,Plena Noite,Crescente,Céu Claro,Simples,Curva,-28.23053,-52.39876,DEL08-RS,Risco Médio,Baixa
terça-feira,BR-267,231.0,Pleno dia,Crescente,Nublado,Simples,Curva,-21.94947,-44.33481,DEL05-MG,Risco Médio,Baixa
sexta-feira,BR-222,245.5,Pleno dia,Crescente,Nublado,Simples,Reta,-3.75595,-40.51875,DEL04-CE,Risco Alto,Baixa
domingo,BR-435,90.0,Amanhecer,Crescente,Nublado,Simples,Não Informado,-13.16315,-60.54496,DEL04-RO,Risco Médio,Baixa
sexta-feira,BR-153,501.8,Pleno dia,Decrescente,Sol,Dupla,Não Informado,-16.7189,-49.2382,DEL01-GO,Risco Médio,Alta
quinta-feira,BR-153,19.5,Pleno dia,Decrescente,Céu Claro,Simples,Reta,-23.15743,-49.95895,DEL07-PR,Risco Médio,Alta
quinta-feira,BR-155,311.0,Pleno dia,Crescente,Nublado,Simples,Reta,-5.634687,-49.102,DEL03-PA,Risco Médio,Baixa
domingo,BR-232,10.0,Amanhecer,Crescente,Nublado,Dupla,Não Informado,-8.079446,-34.989,DEL01-PE,Risco Baixo,Baixa
sábado,BR-153,57.3,Pleno dia,Decrescente,Céu Claro,Dupla,Não Informado,-20.76991,-49.34982,DEL09-SP,Risco Baixo,Alta
sábado,BR-101,102.0,Pleno dia,Crescente,Céu Claro,Dupla,Reta,-5.8884,-35.2403,DEL01-RN,Risco Médio,Alta
quinta-feira,BR-392,7.2,Plena Noite,Decrescente,Céu Claro,Simples,Reta,-32.09361,-52.10888,DEL07-RS,Risco Médio,Média
domingo,BR-40,92.0,Pleno dia,Crescente,Chuva,Dupla,Curva,-22.55192,-43.25069,DEL06-RJ,Risco Médio,Alta