dia_semana,br,km,fase_dia,sentido_via,condicao_metereologica,tipo_pista,tracado_via,latitude,longitude,delegacia,classificacao_acidente,postos_policiais_PRF
sexta-feira,BR-116,174.3,Plena Noite,Crescente,Nevoeiro/Neblina,Dupla,Reta,-23.31955,-46.09212,DEL02-SP,Risco Médio,Alta
domingo,BR-262,22.3,Plena Noite,Crescente,Céu Claro,Simples,Curva,-20.24575,-41.92502,DEL06-MG,Risco Médio,Média
segunda-feira,BR-116,319.2,Pleno dia,Crescente,Chuva,Dupla,Curva,-23.93403,-47.01319,DEL04-SP,Risco Baixo,Alta
domingo,BR-101,116.2,Plena Noite,Decrescente,Céu Claro,Múltipla,Reta,-26.87906,-48.72604,DEL04-SC,Risco Médio,Alta
terça-feira,BR-386,10.0,Pleno dia,Decrescente,Céu Claro,Simples,Reta,-27.23206,-53.32948,DEL08-RS,Risco Médio,Média
domingo,BR-364,123.0,Pleno dia,Decrescente,Céu Claro,Simples,Rotatória,-10.01172,-67.79776,DEL01-AC,Risco Médio,Alta
terça-feira,BR-101,96.0,Pleno dia,Crescente,Céu Claro,Simples,Interseção de vias,-12.11007,-38.38455,DEL01-BA,Risco Médio,Alta
domingo,BR-101,22.5,Pleno dia,Crescente,Céu Claro,Simples,Reta,-11.672,-37.8981,DEL02-SE,Risco Alto,Alta
sábado,BR-60,92.0,Anoitecer,Crescente,Céu Claro,Dupla,Reta,-16.35243,-48.91624,DEL02-GO,Risco Médio,Média
quinta-feira,BR-381,83.0,Plena Noite,Decrescente,Nublado,Dupla,Reta,-23.44644,-46.56898,DEL03-SP,Risco Médio,Alta
sábado,BR-381,20.0,Plena Noite,Crescente,Céu Claro,Dupla,Reta,-22.98444,-46.50353,DEL03-SP,Risco Médio,Alta
quinta-feira,BR-10,253.7,Pleno dia,Decrescente,Céu Claro,Simples,Reta,-5.526672,-47.4715,DEL04-MA,Risco Médio,Baixa
sexta-feira,BR-135,16.1,Pleno dia,Decrescente,Nublado,Simples,Rotatória,-2.555383,-44.35674,DEL01-MA,Risco Baixo,Baixa
sábado,BR-110,381.6,Pleno dia,Crescente,Céu Claro,Simples,Curva,-12.5659,-38.52785,DEL01-BA,Risco Médio,Baixa
sexta-feira,BR-116,264.8,Plena Noite,Decrescente,Céu Claro,Dupla,Reta,-29.91444,-51.17754,DEL01-RS,Risco Médio,Alta
terça-feira,BR-415,27.0,Pleno dia,Crescente,Céu Claro,Simples,Curva,-14.8482,-39.28199,DEL05-BA,Risco Médio,Baixa
domingo,BR-376,33.4,Plena Noite,Decrescente,Céu Claro,Simples,Reta,-22.78542,-52.98854,DEL07-PR,Risco Médio,Baixa
sexta-feira,BR-277,577.0,Pleno dia,Decrescente,Céu Claro,Simples,Reta,-24.98567,-53.33512,DEL04-PR,Risco Médio,Média
domingo,BR-316,50.0,Plena Noite,Crescente,Céu Claro,Simples,Reta,-2.002514,-45.98622,DEL02-MA,Risco Alto,Baixa
sexta-feira,BR-10,241.9,Anoitecer,Decrescente,Céu Claro,Simples,Reta,-5.61175,-47.4184,DEL04-MA,Risco Médio,Baixa
quinta-feira,BR-470,7.5,Anoitecer,Decrescente,Céu Claro,Simples,Reta,-26.89937,-48.65459,DEL04-SC,Risco Médio,Baixa
domingo,BR-116,144.0,Plena Noite,Decrescente,Chuva,Múltipla,Desvio Temporário,-23.18274,-45.84634,DEL02-SP,Risco Médio,Alta
sexta-feira,BR-493,68.0,Pleno dia,Crescente,Céu Claro,Dupla,Reta,-22.68313,-43.45034,DEL01-RJ,Risco Médio,Baixa
sexta-feira,BR-369,489.5,Pleno dia,Crescente,Céu Claro,Simples,Reta,-24.7076,-53.2396,DEL04-PR,Risco Médio,Baixa
domingo,BR-20,140.0,Pleno dia,Decrescente,Céu Claro,Simples,Reta,-5.559996,-40.07672,DEL02-CE,Risco Médio,Baixa
sábado,BR-10,250.2,Anoitecer,Crescente,Céu Claro,Simples,Não Informado,-5.550874,-47.45931,DEL04-MA,Risco Médio,Baixa
domingo,BR-153,116.0,Pleno dia,Crescente,Sol,Simples,Reta,-7.002875,-48.09811,DEL02-TO,Risco Médio,Alta
segunda-feira,BR-116,144.0,Pleno dia,Decrescente,Chuva,Simples,Reta,-23.18358,-45.84772,DEL02-SP,Risco Baixo,Alta
sexta-feira,BR-230,342.6,Plena Noite,Crescente,Céu Claro,Simples,Reta,-6.9895,-37.3234,DEL03-PB,Risco Médio,Baixa
sexta-feira,BR-116,451.1,Pleno dia,Crescente,Céu Claro,Dupla,Reta,-24.54543,-47.8618,DEL05-SP,Risco Médio,Alta
quarta-feira,BR-116,364.0,Plena Noite,Decrescente,Nublado,Dupla,Curva,-24.14515,-47.27424,DEL04-SP,Risco Médio,Alta
domingo,BR-402,46.0,Pleno dia,Crescente,Céu Claro,Simples,Reta,-3.00713,-41.68492,DEL05-PI,Risco Alto,Baixa
sexta-feira,BR-365,754.0,Plena Noite,Crescente,Céu Claro,Simples,Reta,-18.98705,-49.55057,DEL15-MG,Risco Médio,Média
sábado,BR-470,126.4,Plena Noite,Decrescente,Céu Claro,Simples,Reta,-27.129,-49.53828,DEL04-SC,Risco Médio,Baixa
sábado,BR-369,197.0,Plena Noite,Crescente,Céu Claro,Dupla,Reta,-23.51141,-51.42673,DEL07-PR,Risco Médio,Baixa
terça-feira,BR-116,267.0,Plena Noite,Decrescente,Céu Claro,Dupla,Reta,-29.94374,-51.17662,DEL01-RS,Risco Médio,Alta
quinta-feira,BR-282,70.1,Pleno dia,Crescente,Chuva,Simples,Curva,-27.6898,-49.09129,DEL01-SC,Risco Médio,Baixa
domingo,BR-393,286.3,Pleno dia,Decrescente,Céu Claro,Simples,Reta,-22.49134,-44.06506,DEL05-RJ,Risco Médio,Média
quarta-feira,BR-116,18.0,Pleno dia,Decrescente,Céu Claro,Simples,Reta,-14.8977,-40.8344,DEL05-PE,Risco Médio,Alta
terça-feira,BR-101,264.0,Pleno dia,Decrescente,Céu Claro,Simples,Reta,-13.09857,-39.28168,DEL01-BA,Risco Médio,Alta
quarta-feira,BR-153,491.1,Pleno dia,Crescente,Garoa/Chuvisco,Simples,Não Informado,-26.42729,-51.3107,DEL07-SC,Risco Médio,Alta
sábado,BR-163,1034.0,Amanhecer,Crescente,Garoa/Chuvisco,Simples,Reta,-10.18941,-54.94906,DEL06-MT,Risco Alto,Alta
terça-feira,BR-101,272.0,Pleno dia,Crescente,Nublado,Dupla,Reta,-22.73585,-42.72141,DEL02-RJ,Risco Médio,Alta
terça-feira,BR-116,814.1,Plena Noite,Crescente,Nublado,Simples,Não Informado,-21.8529,-42.66232,DEL07-MG,Risco Baixo,Alta
segunda-feira,BR-70,14.0,Anoitecer,Decrescente,Céu Claro,Dupla,Reta,-15.79779,-48.18955,DEL01-DF,Risco Médio,Baixa
sábado,BR-116,529.0,Pleno dia,Crescente,Céu Claro,Simples,Reta,-12.7196,-39.75289,DEL03-BA,Risco Médio,Alta
segunda-feira,BR-476,212.8,Plena Noite,Decrescente,Garoa/Chuvisco,Múltipla,Curva,-25.78083,-49.86603,DEL02-PR,Risco Médio,Baixa
quinta-feira,BR-101,103.9,Plena Noite,Decrescente,Céu Claro,Dupla,Reta,-5.892988,-35.2573,DEL01-RN,Risco Médio,Alta
sábado,BR-20,9.0,Plena Noite,Decrescente,Nublado,Dupla,Curva,-15.65467,-47.78292,DEL02-DF,Risco Médio,Baixa
quinta-feira,BR-101,896.0,Plena Noite,Decrescente,Céu Claro,Simples,Curva,-17.62992,-39.7682,DEL09-BA,Risco Alto,Alta
terça-feira,BR-386,236.1,Pleno dia,Decrescente,Chuva,Simples,Reta,-28.75114,-52.54189,DEL04-RS,Risco Baixo,Média
segunda-feira,BR-262,575.0,Pleno dia,Crescente,Céu Claro,Simples,Curva,-19.6782,-46.0433,DEL08-MG,Risco Baixo,Média
quinta-feira,BR-428,186.0,Pleno dia,Crescente,Sol,Simples,Reta,-9.363123,-40.48229,DEL06-PE,Risco Médio,Baixa
sábado,BR-101,208.0,Pleno dia,Decrescente,Sol,Múltipla,Reta,-27.6101,-48.6388,DEL01-SC,Risco Médio,Alta
quinta-feira,BR-282,489.0,Pleno dia,Crescente,Céu Claro,Simples,Reta,-26.86244,-52.26986,DEL07-SC,Risco Médio,Baixa
sexta-feira,BR-40,121.0,Pleno dia,Crescente,Céu Claro,Múltipla,Reta,-22.79032,-43.28607,DEL01-RJ,Risco Médio,Alta
segunda-feira,BR-153,599.0,Amanhecer,Crescente,Céu Claro,Dupla,Não Informado,-17.5354,-49.2128,DEL03-GO,Risco Médio,Alta
domingo,BR-230,156.0,Plena Noite,Decrescente,Nublado,Simples,Curva,-7.2693,-35.9138,DEL02-PB,Risco Médio,Baixa
segunda-feira,BR-376,4.0,Pleno dia,Decrescente,Céu Claro,Dupla,Não Informado,-23.4273,-51.9375,DEL09-PR,Risco Médio,Baixa
sábado,BR-376,182.0,Plena Noite,Crescente,Céu Claro,Dupla,Não Informado,-23.43215,-51.888,DEL07-PR,Risco Médio,Baixa
quarta-feira,BR-280,234.3,Pleno dia,Crescente,Céu Claro,Simples,Não Informado,-26.19131,-50.40256,DEL06-SC,Risco Médio,Baixa
segunda-feira,BR-381,30.0,Pleno dia,Crescente,Céu Claro,Dupla,Reta,-23.04885,-46.56483,DEL03-SP,Risco Médio,Alta
terça-feira,BR-40,175.5,Pleno dia,Decrescente,Céu Claro,Simples,Reta,-17.9709,-45.98465,DEL14-MG,Risco Médio,Alta
sábado,BR-381,418.9,Pleno dia,Crescente,Céu Claro,Dupla,Reta,-19.82677,-43.83457,DEL01-MG,Risco Baixo,Alta
sexta-feira,BR-116,17.0,Pleno dia,Crescente,Chuva,Dupla,Não Informado,-25.38895,-49.19646,DEL01-PR,Risco Médio,Alta
sexta-feira,BR-70,529.0,Anoitecer,Decrescente,Céu Claro,Simples,Reta,-15.65117,-56.19897,DEL01-MT,Risco Médio,Baixa
quarta-feira,BR-101,215.4,Pleno dia,Decrescente,Céu Claro,Simples,Curva,-19.83184,-40.38013,DEL02-ES,Risco Médio,Alta
sábado,BR-324,619.0,Plena Noite,Decrescente,Nublado,Múltipla,Reta,-12.90932,-38.45795,DEL01-BA,Risco Médio,Baixa
terça-feira,BR-116,354.0,Plena Noite,Crescente,Garoa/Chuvisco,Dupla,Não Informado,-24.06485,-47.23559,DEL04-SP,Risco Baixo,Alta
quarta-feira,BR-116,362.5,Pleno dia,Decrescente,Céu Claro,Dupla,Curva,-24.12202,-47.27048,DEL04-SP,Risco Médio,Alta
quarta-feira,BR-277,83.5,Pleno dia,Decrescente,Nublado,Dupla,Interseção de vias,-25.44821,-49.23017,DEL01-PR,Risco Baixo,Média
segunda-feira,BR-153,505.2,Plena Noite,Crescente,Céu Claro,Dupla,Reta,-16.7537,-49.2411,DEL01-GO,Risco Médio,Alta
sábado,BR-10,236.9,Plena Noite,Decrescente,Céu Claro,Simples,Reta,-2.365278,-47.55551,DEL02-PA,Risco Baixo,Baixa
terça-feira,BR-116,2.0,Pleno dia,Decrescente,Chuva,Dupla,Curva,-25.06603,-48.57858,DEL01-PR,Risco Baixo,Alta
sexta-feira,BR-101,46.7,Plena Noite,Decrescente,Nublado,Múltipla,Reta,-7.877911,-34.90563,DEL01-PE,Risco Médio,Alta
sábado,BR-101,424.0,Plena Noite,Crescente,Céu Claro,Dupla,Não Informado,-22.92128,-43.95599,DEL03-RJ,Risco Médio,Alta
segunda-feira,BR-476,272.1,Pleno dia,Crescente,Sol,Simples,Reta,-25.89465,-50.35872,DEL02-PR,Risco Médio,Baixa
domingo,BR-50,297.0,Plena Noite,Crescente,Céu Claro,Dupla,Não Informado,-18.3061,-48.0148,DEL06-GO,Risco Médio,Média
sexta-feira,BR-262,123.8,Plena Noite,Decrescente,Céu Claro,Simples,Curva,-20.29098,-41.24799,DEL01-ES,Risco Médio,Média
domingo,BR-101,26.3,Pleno dia,Crescente,Chuva,Simples,Reta,-18.37552,-39.94781,DEL04-ES,Risco Médio,Alta
sábado,BR-116,97.8,Plena Noite,Crescente,Céu Claro,Dupla,Reta,-25.54929,-49.15034,DEL01-PR,Risco Médio,Alta
quinta-feira,BR-407,534.0,Pleno dia,Decrescente,Sol,Simples,Reta,-7.793071,-41.21957,DEL04-PI,Risco Médio,Baixa
segunda-feira,BR-101,63.7,Plena Noite,Crescente,Nublado,Dupla,Reta,-26.46335,-48.7522,DEL03-SC,Risco Alto,Alta
domingo,BR-262,129.0,Pleno dia,Crescente,Céu Claro,Simples,Reta,-20.25781,-41.28809,DEL01-ES,Risco Médio,Média
sexta-feira,BR-101,9.7,Pleno dia,Crescente,Céu Claro,Dupla,Reta,-29.36686,-49.81514,DEL03-RS,Risco Médio,Alta
quinta-feira,BR-408,89.4,Pleno dia,Crescente,Céu Claro,Dupla,Reta,-7.983827,-35.07981,DEL01-PE,Risco Médio,Baixa
quinta-feira,BR-470,123.0,Plena Noite,Crescente,Garoa/Chuvisco,Simples,Desvio Temporário,-27.10678,-49.52205,DEL04-SC,Risco Médio,Baixa
domingo,BR-153,432.5,Plena Noite,Crescente,Céu Claro,Dupla,Reta,-16.2803,-48.96064,DEL02-GO,Risco Baixo,Alta
sexta-feira,BR-116,251.4,Pleno dia,Crescente,Céu Claro,Dupla,Reta,-29.79984,-51.16569,DEL01-RS,Risco Médio,Alta
domingo,BR-101,352.0,Plena Noite,Decrescente,Céu Claro,Simples,Reta,-13.64065,-39.48898,DEL05-BA,Risco Médio,Alta
sexta-feira,BR-381,874.0,Pleno dia,Crescente,Céu Claro,Dupla,Curva,-22.45619,-46.00793,DEL16-MG,Risco Médio,Alta
segunda-feira,BR-285,406.7,Pleno dia,Decrescente,Céu Claro,Simples,Reta,-28.36937,-53.41194,DEL10-RS,Risco Médio,Baixa
sábado,BR-381,702.1,Plena Noite,Decrescente,Céu Claro,Múltipla,Desvio Temporário,-21.3032,-45.1546,DEL04-MG,Risco Médio,Alta
segunda-feira,BR-367,42.0,Plena Noite,Decrescente,Céu Claro,Simples,Reta,-16.38084,-39.22681,DEL09-BA,Risco Médio,Baixa
segunda-feira,BR-116,195.0,Pleno dia,Crescente,Nevoeiro/Neblina,Múltipla,Reta,-23.3853,-46.26796,DEL01-SP,Risco Médio,Alta
segunda-feira,BR-101,206.0,Pleno dia,Crescente,Chuva,Múltipla,Reta,-27.59194,-48.61825,DEL01-SC,Risco Médio,Alta
quinta-feira,BR-135,18.8,Pleno dia,Crescente,Céu Claro,Simples,Desvio Temporário,-2.562318,-44.34038,DEL01-MA,Risco Médio,Baixa
quinta-feira,BR-101,30.9,Plena Noite,Decrescente,Nublado,Dupla,Não Informado,-10.44545,-36.93658,DEL02-SE,Risco Alto,Alta
segunda-feira,BR-60,429.2,Pleno dia,Crescente,Céu Claro,Dupla,Reta,-17.8248,-51.319,DEL04-GO,Risco Médio,Média
sexta-feira,BR-282,33.0,Pleno dia,Decrescente,Garoa/Chuvisco,Simples,Reta,-27.70659,-48.80814,DEL01-SC,Risco Baixo,Baixa
sábado,BR-282,47.0,Pleno dia,Decrescente,Chuva,Simples,Curva,-27.72177,-48.93484,DEL01-SC,Risco Médio,Baixa
domingo,BR-101,137.2,Pleno dia,Decrescente,Nublado,Simples,Reta,-27.01572,-48.61193,DEL04-SC,Risco Baixo,Alta
segunda-feira,BR-230,464.8,Pleno dia,Decrescente,Sol,Simples,Reta,-6.7786,-38.2341,DEL03-PB,Risco Médio,Baixa
segunda-feira,BR-153,58.8,Pleno dia,Crescente,Sol,Simples,Não Informado,-20.78597,-49.35389,DEL09-SP,Risco Médio,Alta
domingo,BR-174,221.3,Pleno dia,Decrescente,Chuva,Simples,Reta,-15.60409,-58.84605,DEL04-MT,Risco Baixo,Baixa
quarta-feira,BR-476,131.0,Anoitecer,Crescente,Céu Claro,Dupla,Reta,-25.45364,-49.24515,DEL01-PR,Risco Médio,Baixa
quarta-feira,BR-50,18.8,Anoitecer,Crescente,Chuva,Dupla,Não Informado,-18.57782,-48.06032,DEL15-MG,Risco Médio,Média
terça-feira,BR-101,585.0,Pleno dia,Decrescente,Chuva,Simples,Reta,-15.54896,-39.40165,DEL05-BA,Risco Médio,Alta
segunda-feira,BR-319,62.0,Pleno dia,Crescente,Nublado,Dupla,Reta,-8.745881,-63.88895,DEL01-RO,Risco Médio,Baixa
domingo,BR-282,532.2,Pleno dia,Crescente,Céu Claro,Simples,Reta,-26.99682,-52.61553,DEL07-SC,Risco Médio,Baixa
sábado,BR-101,66.0,Pleno dia,Crescente,Céu Claro,Simples,Reta,-10.71207,-37.05954,DEL02-SE,Risco Médio,Alta
sábado,BR-116,60.0,Pleno dia,Decrescente,Nublado,Simples,Reta,-22.23636,-42.91108,DEL04-RJ,Risco Baixo,Alta
sexta-feira,BR-232,9.9,Pleno dia,Decrescente,Céu Claro,Simples,Reta,-8.077656,-34.97871,DEL01-PE,Risco Médio,Baixa
sexta-feira,BR-230,99.0,Pleno dia,Decrescente,Chuva,Simples,Reta,-7.1911,-35.4716,DEL01-PB,Risco Médio,Baixa
sábado,BR-40,31.1,Pleno dia,Crescente,Céu Claro,Simples,Reta,-16.28603,-47.85602,DEL01-DF,Risco Médio,Alta
terça-feira,BR-101,121.0,Pleno dia,Decrescente,Céu Claro,Múltipla,Reta,-26.92103,-48.70856,DEL04-SC,Risco Médio,Alta
quarta-feira,BR-101,51.8,Plena Noite,Decrescente,Nublado,Múltipla,Reta,-7.922639,-34.89241,DEL01-PE,Risco Médio,Alta
terça-feira,BR-135,38.0,Pleno dia,Crescente,Sol,Dupla,Reta,-2.876096,-44.37489,DEL01-MA,Risco Médio,Baixa
segunda-feira,BR-116,505.3,Anoitecer,Crescente,Chuva,Dupla,Curva,-24.73659,-48.12319,DEL05-SP,Risco Baixo,Alta
quinta-feira,BR-101,100.0,Pleno dia,Decrescente,Céu Claro,Dupla,Reta,-8.266993,-35.05234,DEL01-PE,Risco Baixo,Alta
quarta-feira,BR-262,358.0,Plena Noite,Decrescente,Céu Claro,Dupla,Não Informado,-19.97563,-44.19775,DEL01-MG,Risco Médio,Média
segunda-feira,BR-226,437.2,Plena Noite,Crescente,Céu Claro,Simples,Reta,-5.896841,-46.29164,DEL04-MA,Risco Alto,Baixa
sábado,BR-381,502.0,Pleno dia,Crescente,Céu Claro,Dupla,Reta,-20.0362,-44.24586,DEL01-MG,Risco Baixo,Alta
segunda-feira,BR-40,695.2,Pleno dia,Decrescente,Céu Claro,Simples,Não Informado,-21.1392,-43.76577,DEL05-MG,Risco Médio,Alta
quarta-feira,BR-101,82.1,Pleno dia,Decrescente,Garoa/Chuvisco,Dupla,Reta,-26.6203,-48.71745,DEL03-SC,Risco Médio,Alta
domingo,BR-392,113.2,Plena Noite,Crescente,Céu Claro,Simples,Reta,-31.43953,-52.64988,DEL07-RS,Risco Alto,Média
sexta-feira,BR-40,43.6,Pleno dia,Crescente,Céu Claro,Simples,Reta,-17.22598,-46.86164,DEL14-MG,Risco Médio,Alta
quarta-feira,BR-40,523.0,Plena Noite,Decrescente,Chuva,Dupla,Reta,-19.86875,-44.05962,DEL01-MG,Risco Baixo,Alta
domingo,BR-116,832.4,Plena Noite,Decrescente,Céu Claro,Simples,Não Informado,-14.92922,-40.88621,DEL08-BA,Risco Médio,Alta
domingo,BR-153,81.0,Pleno dia,Crescente,Nublado,Simples,Curva,-27.1199,-51.9279,DEL07-SC,Risco Médio,Alta
segunda-feira,BR-287,528.0,Pleno dia,Crescente,Céu Claro,Simples,Reta,-28.69059,-55.91928,DEL12-RS,Risco Médio,Baixa
domingo,BR-116,247.8,Pleno dia,Decrescente,Sol,Dupla,Viaduto,-29.77213,-51.15396,DEL01-RS,Risco Médio,Alta
segunda-feira,BR-343,158.8,Pleno dia,Crescente,Nevoeiro/Neblina,Simples,Reta,-4.056035,-41.77003,DEL02-PI,Risco Médio,Baixa
sábado,BR-40,74.0,Pleno dia,Decrescente,Céu Claro,Simples,Reta,-16.62723,-47.74145,DEL01-DF,Risco Baixo,Alta
segunda-feira,BR-163,72.0,Pleno dia,Decrescente,Céu Claro,Dupla,Não Informado,-26.72772,-53.51281,DEL07-SC,Risco Médio,Alta
sexta-feira,BR-386,331.7,Pleno dia,Crescente,Sol,Simples,Reta,-29.35534,-52.06905,DEL04-RS,Risco Médio,Média
domingo,BR-153,345.0,Pleno dia,Decrescente,Céu Claro,Simples,Reta,-8.935689,-48.50774,DEL02-TO,Risco Alto,Alta
terça-feira,BR-116,133.0,Pleno dia,Crescente,Sol,Dupla,Reta,-23.13597,-45.75329,DEL06-SP,Risco Baixo,Alta
segunda-feira,BR-101,295.0,Pleno dia,Crescente,Céu Claro,Dupla,Reta,-22.7638,-42.9027,DEL02-RJ,Risco Médio,Alta
sexta-feira,BR-364,1155.0,Amanhecer,Crescente,Céu Claro,Simples,Reta,-13.55602,-59.04134,DEL04-MT,Risco Alto,Alta
quinta-feira,BR-381,494.7,Pleno dia,Crescente,Sol,Dupla,Reta,-19.9731,-44.1843,DEL01-MG,Risco Baixo,Alta
domingo,BR-116,178.0,Plena Noite,Decrescente,Nublado,Dupla,Reta,-22.77496,-43.40081,DEL01-RJ,Risco Médio,Alta
quinta-feira,BR-235,51.0,Pleno dia,Decrescente,Céu Claro,Simples,Reta,-10.70023,-37.43142,DEL01-SE,Risco Médio,Baixa
sexta-feira,BR-101,151.8,Plena Noite,Crescente,Nublado,Dupla,Reta,-27.13375,-48.60992,DEL04-SC,Risco Baixo,Alta
sexta-feira,BR-60,117.9,Plena Noite,Crescente,Céu Claro,Dupla,Interseção de vias,-16.48418,-49.09317,DEL01-GO,Risco Médio,Média
sexta-feira,BR-262,62.8,Pleno dia,Crescente,Garoa/Chuvisco,Simples,Curva,-20.29649,-42.2319,DEL06-MG,Risco Alto,Média
quarta-feira,BR-290,182.5,Pleno dia,Decrescente,Céu Claro,Simples,Não Informado,-30.14434,-52.04641,DEL02-RS,Risco Médio,Baixa
domingo,BR-381,76.3,Pleno dia,Decrescente,Céu Claro,Dupla,Curva,-23.38372,-46.56502,DEL03-SP,Risco Médio,Alta
quinta-feira,BR-290,129.0,Pleno dia,Decrescente,Nublado,Simples,Reta,-30.05802,-51.50269,DEL02-RS,Risco Médio,Baixa
sábado,BR-277,402.0,Plena Noite,Decrescente,Chuva,Simples,Curva,-25.44469,-51.97694,DEL04-PR,Risco Médio,Média
quarta-feira,BR-60,74.0,Plena Noite,Crescente,Nublado,Dupla,Não Informado,-16.2759,-48.7774,DEL02-GO,Risco Baixo,Média
quarta-feira,BR-158,327.0,Pleno dia,Crescente,Céu Claro,Simples,Reta,-29.71495,-53.81083,DEL09-RS,Risco Médio,Baixa
quarta-feira,BR-101,134.0,Pleno dia,Decrescente,Céu Claro,Dupla,Reta,-27.0049,-48.6266,DEL04-SC,Risco Médio,Alta
quarta-feira,BR-222,2.1,Pleno dia,Crescente,Chuva,Múltipla,Reta,-3.739104,-38.58787,DEL01-CE,Risco Médio,Baixa
sexta-feira,BR-101,266.9,Plena Noite,Decrescente,Chuva,Simples,Reta,-20.1975,-40.26892,DEL02-ES,Risco Médio,Alta
sexta-feira,BR-153,146.0,Plena Noite,Decrescente,Céu Claro,Simples,Curva,-24.15803,-50.21964,DEL07-PR,Risco Baixo,Alta
quarta-feira,BR-392,678.0,Pleno dia,Decrescente,Sol,Simples,Reta,-28.11906,-54.9525,DEL10-RS,Risco Médio,Média
quinta-feira,BR-364,696.0,Pleno dia,Decrescente,Céu Claro,Dupla,Reta,-8.800466,-63.73478,DEL01-RO,Risco Médio,Alta
sexta-feira,BR-316,78.8,Plena Noite,Decrescente,Céu Claro,Simples,Reta,-9.340226,-37.28513,DEL03-AL,Risco Médio,Baixa
quarta-feira,BR-324,512.0,Pleno dia,Decrescente,Nublado,Dupla,Rotatória,-12.22991,-38.96462,DEL02-BA,Risco Baixo,Baixa
quarta-feira,BR-226,16.0,Pleno dia,Crescente,Sol,Simples,Reta,-5.862697,-35.34283,DEL01-RN,Risco Médio,Baixa
segunda-feira,BR-235,357.0,Plena Noite,Decrescente,Céu Claro,Dupla,Curva,-9.429275,-40.50393,DEL04-BA,Risco Baixo,Baixa
quarta-feira,BR-116,351.0,Pleno dia,Decrescente,Nublado,Dupla,Reta,-24.05399,-47.21443,DEL04-SP,Risco Médio,Alta
quarta-feira,BR-101,6.0,Anoitecer,Crescente,Céu Claro,Dupla,Não Informado,-29.34755,-49.79311,DEL03-RS,Risco Médio,Alta
segunda-feira,BR-251,434.1,Pleno dia,Crescente,Céu Claro,Simples,Não Informado,-16.37763,-43.18652,DEL12-MG,Risco Médio,Baixa
segunda-feira,BR-277,654.3,Amanhecer,Crescente,Céu Claro,Simples,Reta,-25.22232,-53.95132,DEL05-PR,Risco Médio,Média
terça-feira,BR-369,129.5,Plena Noite,Crescente,Céu Claro,Simples,Desvio Temporário,-23.25773,-50.9817,DEL07-PR,Risco Médio,Baixa
segunda-feira,BR-153,163.0,Pleno dia,Decrescente,Ignorado,Simples,Curva,-24.24365,-50.24418,DEL03-PR,Risco Baixo,Alta
sexta-feira,BR-282,586.8,Pleno dia,Decrescente,Céu Claro,Simples,Não Informado,-26.8305,-53.04405,DEL07-SC,Risco Médio,Baixa
sábado,BR-407,118.4,Plena Noite,Decrescente,Garoa/Chuvisco,Simples,Retorno Regulamentado,-9.322454,-40.56879,DEL06-PE,Risco Médio,Baixa
quarta-feira,BR-242,190.0,Plena Noite,Decrescente,Céu Claro,Simples,Reta,-12.51995,-39.95731,DEL06-BA,Risco Médio,Baixa
quinta-feira,BR-277,79.4,Pleno dia,Crescente,Nublado,Dupla,Não Informado,-25.47826,-49.20304,DEL01-PR,Risco Médio,Média
domingo,BR-40,552.0,Plena Noite,Crescente,Céu Claro,Dupla,Não Informado,-20.10173,-43.97505,DEL01-MG,Risco Baixo,Alta
domingo,BR-116,132.0,Pleno dia,Crescente,Céu Claro,Dupla,Curva,-22.65703,-43.13458,DEL02-RJ,Risco Médio,Alta
quarta-feira,BR-267,100.0,Pleno dia,Crescente,Nublado,Simples,Curva,-21.84621,-53.04795,DEL02-MS,Risco Médio,Baixa
terça-feira,BR-232,126.0,Plena Noite,Decrescente,Nublado,Dupla,Reta,-8.307927,-35.95685,DEL02-PE,Risco Médio,Baixa
domingo,BR-101,100.5,Pleno dia,Decrescente,Céu Claro,Dupla,Reta,-26.766,-48.6863,DEL03-SC,Risco Médio,Alta
quinta-feira,BR-135,169.0,Pleno dia,Crescente,Céu Claro,Dupla,Reta,-12.08119,-44.96973,DEL10-BA,Risco Médio,Baixa
terça-feira,BR-101,299.0,Pleno dia,Decrescente,Céu Claro,Múltipla,Reta,-20.35886,-40.42272,DEL01-ES,Risco Médio,Alta
sexta-feira,BR-40,532.5,Pleno dia,Crescente,Céu Claro,Dupla,Reta,-19.92373,-44.01701,DEL01-MG,Risco Médio,Alta
sexta-feira,BR-381,484.5,Anoitecer,Crescente,Céu Claro,Múltipla,Não Informado,-19.95532,-44.11722,DEL01-MG,Risco Médio,Alta
segunda-feira,BR-40,2.0,Plena Noite,Crescente,Nublado,Dupla,Reta,-16.06758,-47.98434,DEL01-DF,Risco Baixo,Alta
sexta-feira,BR-381,79.0,Plena Noite,Crescente,Chuva,Dupla,Curva,-23.4032,-46.57565,DEL03-SP,Risco Médio,Alta
quinta-feira,BR-50,281.0,Pleno dia,Decrescente,Céu Claro,Simples,Interseção de vias,-18.1838,-47.9441,DEL06-GO,Risco Médio,Média
quinta-feira,BR-101,214.0,Pleno dia,Decrescente,Nublado,Simples,Reta,-27.652,-48.676,DEL01-SC,Risco Médio,Alta
terça-feira,BR-116,17.0,Pleno dia,Decrescente,Chuva,Simples,Reta,-25.10306,-48.70104,DEL01-PR,Risco Baixo,Alta
quinta-feira,BR-381,345.8,Pleno dia,Crescente,Chuva,Simples,Curva,-19.83539,-43.09667,DEL03-MG,Risco Médio,Alta