dia_semana,br,km,fase_dia,sentido_via,condicao_metereologica,tipo_pista,tracado_via,latitude,longitude,delegacia,classificacao_acidente,postos_policiais_PRF
quarta-feira,BR-376,174.2,Plena Noite,Crescente,Nublado,Dupla,Interseção de vias,-23.41617,-51.95563,DEL07-PR,Risco Médio,Baixa
quarta-feira,BR-40,434.0,Pleno dia,Decrescente,Sol,Dupla,Reta,-19.2228,-44.4464,DEL02-MG,Risco Médio,Alta
quarta-feira,BR-153,628.8,Pleno dia,Decrescente,Céu Claro,Simples,Não Informado,-11.34411,-48.95424,DEL01-TO,Risco Médio,Alta
domingo,BR-282,30.6,Plena Noite,Decrescente,Céu Claro,Simples,Curva,-27.69,-48.79316,DEL01-SC,Risco Médio,Baixa
quinta-feira,BR-316,0.8,Pleno dia,Crescente,Céu Claro,Dupla,Reta,-1.404114,-48.42964,DEL01-PA,Risco Baixo,Baixa
sexta-feira,BR-251,476.0,Pleno dia,Crescente,Nublado,Simples,Reta,-16.6542,-43.71792,DEL12-MG,Risco Baixo,Baixa
quarta-feira,BR-101,208.6,Plena Noite,Crescente,Nublado,Dupla,Curva,-27.60328,-48.63202,DEL01-SC,Risco Médio,Alta
segunda-feira,BR-101,715.0,Pleno dia,Decrescente,Céu Claro,Simples,Reta,-16.3467,-39.5804,DEL09-BA,Risco Médio,Alta
quarta-feira,BR-364,4.0,Plena Noite,Decrescente,Céu Claro,Simples,Curva,-20.13611,-48.70136,DEL13-MG,Risco Alto,Alta
sábado,BR-304,44.3,Plena Noite,Crescente,Nublado,Dupla,Não Informado,-5.224938,-37.35072,DEL04-RN,Risco Médio,Baixa
sexta-feira,BR-116,272.0,Plena Noite,Decrescente,Céu Claro,Dupla,Não Informado,-22.56088,-44.12224,DEL07-RJ,Risco Médio,Alta
terça-feira,BR-470,215.0,Pleno dia,Decrescente,Céu Claro,Simples,Reta,-29.15064,-51.53024,DEL06-RS,Risco Médio,Baixa
terça-feira,BR-40,522.7,Pleno dia,Crescente,Céu Claro,Dupla,Reta,-19.86387,-44.0675,DEL01-MG,Risco Médio,Alta
terça-feira,BR-101,333.7,Plena Noite,Decrescente,Garoa/Chuvisco,Dupla,Interseção de vias,-28.46965,-49.01503,DEL02-SC,Risco Baixo,Alta
sábado,BR-381,480.5,Pleno dia,Decrescente,Sol,Dupla,Curva,-19.9575,-44.079,DEL01-MG,Risco Médio,Alta
domingo,BR-50,208.8,Pleno dia,Crescente,Céu Claro,Múltipla,Reta,-17.6327,-47.7689,DEL06-GO,Risco Médio,Média
domingo,BR-116,38.2,Pleno dia,Crescente,Céu Claro,Dupla,Não Informado,-22.67027,-44.99184,DEL08-SP,Risco Médio,Alta
quinta-feira,BR-116,277.0,Pleno dia,Decrescente,Céu Claro,Dupla,Curva,-22.53637,-44.19351,DEL07-RJ,Risco Médio,Alta
quarta-feira,BR-101,269.0,Plena Noite,Decrescente,Céu Claro,Dupla,Reta,-22.71495,-42.67805,DEL02-RJ,Risco Baixo,Alta
terça-feira,BR-153,303.4,Plena Noite,Decrescente,Nublado,Simples,Reta,-22.60823,-49.88957,DEL07-SP,Risco Médio,Alta
quinta-feira,BR-104,74.0,Pleno dia,Decrescente,Céu Claro,Simples,Viaduto,-9.368225,-35.83573,DEL01-AL,Risco Alto,Baixa
terça-feira,BR-174,514.0,Plena Noite,Crescente,Céu Claro,Simples,Reta,2.921912,-60.71201,DEL01-RR,Risco Médio,Baixa
terça-feira,BR-101,200.0,Pleno dia,Decrescente,Nublado,Dupla,Reta,-27.5485,-48.6196,DEL01-SC,Risco Baixo,Alta
quarta-feira,BR-116,296.1,Anoitecer,Crescente,Céu Claro,Dupla,Reta,-23.77548,-46.91442,DEL04-SP,Risco Médio,Alta
quinta-feira,BR-101,38.8,Pleno dia,Decrescente,Céu Claro,Dupla,Reta,-7.806008,-34.92523,DEL01-PE,Risco Médio,Alta
sábado,BR-70,5.3,Pleno dia,Crescente,Céu Claro,Dupla,Reta,-15.79466,-48.09678,DEL01-DF,Risco Médio,Baixa
segunda-feira,BR-101,590.0,Plena Noite,Crescente,Céu Claro,Simples,Reta,-15.58316,-39.41821,DEL05-BA,Risco Médio,Alta
quarta-feira,BR-101,96.9,Pleno dia,Crescente,Chuva,Simples,Interseção de vias,-5.849496,-35.20891,DEL01-RN,Risco Médio,Alta
quarta-feira,BR-282,524.0,Pleno dia,Crescente,Chuva,Simples,Curva,-26.965,-52.55738,DEL07-SC,Risco Baixo,Baixa
domingo,BR-60,15.9,Pleno dia,Decrescente,Chuva,Simples,Reta,-15.96175,-48.17874,DEL01-DF,Risco Alto,Média
segunda-feira,BR-101,247.7,Plena Noite,Decrescente,Céu Claro,Dupla,Reta,-27.92736,-48.65887,DEL02-SC,Risco Médio,Alta
terça-feira,BR-116,326.0,Pleno dia,Crescente,Céu Claro,Simples,Reta,-30.34457,-51.42852,DEL02-RS,Risco Médio,Alta
sexta-feira,BR-116,414.0,Anoitecer,Decrescente,Céu Claro,Simples,Reta,-12.1725,-38.9651,DEL02-BA,Risco Médio,Alta
quinta-feira,BR-116,646.3,Pleno dia,Crescente,Sol,Simples,Reta,-13.58007,-40.08035,DEL03-BA,Risco Médio,Alta
terça-feira,BR-104,76.5,Plena Noite,Crescente,Garoa/Chuvisco,Simples,Curva,-8.367286,-35.98515,DEL02-PE,Risco Médio,Baixa
segunda-feira,BR-116,219.0,Plena Noite,Decrescente,Nublado,Simples,Reta,-23.46326,-46.53373,DEL01-SP,Risco Baixo,Alta
domingo,BR-116,164.1,Pleno dia,Crescente,Céu Claro,Simples,Curva,-16.97274,-41.45056,DEL11-MG,Risco Médio,Alta
segunda-feira,BR-116,416.3,Pleno dia,Decrescente,Sol,Simples,Reta,-18.89215,-41.947,DEL06-MG,Risco Médio,Alta
sexta-feira,BR-277,584.5,Pleno dia,Crescente,Chuva,Simples,Interseção de vias,-24.96462,-53.40564,DEL04-PR,Risco Baixo,Média
quarta-feira,BR-376,177.0,Pleno dia,Decrescente,Céu Claro,Múltipla,Interseção de vias,-23.41596,-51.92226,DEL09-PR,Risco Médio,Baixa
sábado,BR-101,424.9,Pleno dia,Crescente,Céu Claro,Simples,Reta,-21.00125,-41.13192,DEL03-ES,Risco Alto,Alta
terça-feira,BR-101,203.0,Pleno dia,Decrescente,Chuva,Simples,Não Informado,-12.59477,-38.98876,DEL01-BA,Risco Médio,Alta
domingo,BR-153,76.7,Pleno dia,Crescente,Sol,Simples,Reta,-19.03904,-49.01102,DEL15-MG,Risco Médio,Alta
sexta-feira,BR-101,148.0,Plena Noite,Crescente,Nublado,Múltipla,Reta,-27.10124,-48.61808,DEL04-SC,Risco Médio,Alta
domingo,BR-373,443.1,Pleno dia,Decrescente,Céu Claro,Simples,Não Informado,-25.8318,-52.31355,DEL02-PR,Risco Alto,Baixa
quarta-feira,BR-116,172.0,Plena Noite,Decrescente,Chuva,Múltipla,Reta,-22.80188,-43.35044,DEL01-RJ,Risco Médio,Alta
quarta-feira,BR-405,0.9,Pleno dia,Decrescente,Céu Claro,Simples,Reta,-5.191467,-37.35189,DEL04-RN,Risco Médio,Baixa
sexta-feira,BR-386,424.4,Plena Noite,Decrescente,Céu Claro,Simples,Reta,-29.81809,-51.38257,DEL04-RS,Risco Médio,Média
sexta-feira,BR-230,25.0,Pleno dia,Decrescente,Céu Claro,Dupla,Reta,-7.169548,-34.87447,DEL01-PB,Risco Médio,Baixa
quarta-feira,BR-393,123.0,Anoitecer,Decrescente,Chuva,Simples,Curva,-21.94047,-42.81407,DEL04-RJ,Risco Médio,Média
terça-feira,BR-116,124.8,Plena Noite,Crescente,Nublado,Dupla,Reta,-25.62684,-49.31475,DEL01-PR,Risco Médio,Alta
terça-feira,BR-343,22.8,Pleno dia,Decrescente,Céu Claro,Simples,Reta,-2.998956,-41.76561,DEL05-PI,Risco Médio,Baixa
sexta-feira,BR-367,25.3,Pleno dia,Decrescente,Céu Claro,Simples,Não Informado,-16.43805,-39.09107,DEL09-BA,Risco Médio,Baixa
segunda-feira,BR-101,79.0,Pleno dia,Decrescente,Nublado,Dupla,Reta,-8.1533,-34.9421,DEL01-PE,Risco Médio,Alta
sexta-feira,BR-381,772.1,Pleno dia,Decrescente,Sol,Dupla,Reta,-21.79763,-45.45694,DEL16-MG,Risco Médio,Alta
sábado,BR-267,11.8,Pleno dia,Crescente,Céu Claro,Simples,Reta,-21.72528,-52.24927,DEL02-MS,Risco Médio,Baixa
domingo,BR-10,212.0,Plena Noite,Decrescente,Céu Claro,Simples,Reta,-5.859429,-47.35815,DEL04-MA,Risco Alto,Baixa
quinta-feira,BR-163,311.1,Pleno dia,Crescente,Céu Claro,Dupla,Reta,-21.8855,-54.52448,DEL02-MS,Risco Alto,Alta
sexta-feira,BR-163,503.1,Pleno dia,Crescente,Chuva,Dupla,Interseção de vias,-20.30248,-54.50535,DEL01-MS,Risco Médio,Alta
segunda-feira,BR-101,147.0,Plena Noite,Decrescente,Céu Claro,Simples,Reta,-22.22773,-41.77649,DEL02-RJ,Risco Médio,Alta
quinta-feira,BR-381,65.3,Pleno dia,Crescente,Sol,Múltipla,Reta,-23.32227,-46.58096,DEL03-SP,Risco Baixo,Alta
domingo,BR-40,11.5,Pleno dia,Crescente,Céu Claro,Dupla,Reta,-16.1418,-47.94814,DEL01-DF,Risco Médio,Alta
quarta-feira,BR-232,331.0,Pleno dia,Crescente,Céu Claro,Simples,Reta,-8.089162,-37.62142,DEL03-PE,Risco Médio,Baixa
quinta-feira,BR-381,57.0,Pleno dia,Decrescente,Céu Claro,Dupla,Reta,-23.26582,-46.58399,DEL03-SP,Risco Médio,Alta
quarta-feira,BR-163,263.0,Plena Noite,Crescente,Céu Claro,Dupla,Rotatória,-22.21085,-54.71319,DEL04-MS,Risco Médio,Alta
quinta-feira,BR-174,284.0,Pleno dia,Crescente,Sol,Simples,Não Informado,-15.27591,-59.29132,DEL04-MT,Risco Baixo,Baixa
segunda-feira,BR-163,27.9,Pleno dia,Crescente,Céu Claro,Dupla,Reta,-23.87441,-54.32372,DEL09-MS,Risco Médio,Alta
domingo,BR-381,54.0,Pleno dia,Decrescente,Chuva,Dupla,Curva,-23.24491,-46.59562,DEL03-SP,Risco Médio,Alta
terça-feira,BR-101,291.9,Pleno dia,Crescente,Sol,Dupla,Retorno Regulamentado,-20.30651,-40.39489,DEL01-ES,Risco Baixo,Alta
quinta-feira,BR-40,614.2,Pleno dia,Decrescente,Sol,Simples,Curva,-20.53482,-43.82138,DEL05-MG,Risco Médio,Alta
quarta-feira,BR-392,283.8,Pleno dia,Decrescente,Céu Claro,Múltipla,Reta,-30.27012,-53.54308,DEL09-RS,Risco Médio,Média
quinta-feira,BR-476,4.0,Pleno dia,Decrescente,Garoa/Chuvisco,Simples,Curva,-24.67837,-48.9885,DEL01-PR,Risco Médio,Baixa
sábado,BR-10,153.0,Anoitecer,Decrescente,Nublado,Simples,Não Informado,-6.382,-47.3828,DEL04-MA,Risco Baixo,Baixa
quarta-feira,BR-259,56.6,Plena Noite,Crescente,Céu Claro,Simples,Interseção de vias,-19.5117,-40.65649,DEL02-ES,Risco Médio,Baixa
sábado,BR-459,36.4,Plena Noite,Decrescente,Chuva,Simples,Reta,-21.97672,-46.33112,DEL13-MG,Risco Médio,Baixa
sexta-feira,BR-40,118.0,Plena Noite,Crescente,Nublado,Múltipla,Reta,-22.7646,-43.2866,DEL01-RJ,Risco Baixo,Alta
terça-feira,BR-316,245.0,Pleno dia,Crescente,Sol,Simples,Retorno Regulamentado,-9.525499,-35.99508,DEL01-AL,Risco Médio,Baixa
quarta-feira,BR-467,112.8,Plena Noite,Crescente,Nublado,Dupla,Reta,-24.94626,-53.42345,DEL04-PR,Risco Médio,Baixa
quarta-feira,BR-230,23.0,Plena Noite,Crescente,Céu Claro,Dupla,Reta,-7.1562,-34.8574,DEL01-PB,Risco Médio,Baixa
sábado,BR-60,168.2,Plena Noite,Decrescente,Céu Claro,Dupla,Não Informado,-16.7223,-49.3746,DEL01-GO,Risco Baixo,Média
sábado,BR-381,503.0,Pleno dia,Decrescente,Nublado,Dupla,Interseção de vias,-20.02293,-44.23003,DEL01-MG,Risco Médio,Alta
sábado,BR-392,8.6,Pleno dia,Decrescente,Céu Claro,Simples,Reta,-32.10247,-52.11069,DEL07-RS,Risco Médio,Média
sábado,BR-230,132.9,Amanhecer,Crescente,Vento,Dupla,Reta,-7.2774,-35.7367,DEL02-PB,Risco Baixo,Baixa
sábado,BR-262,104.7,Plena Noite,Crescente,Nublado,Simples,Rotatória,-20.33303,-41.12932,DEL01-ES,Risco Médio,Média
domingo,BR-163,603.0,Plena Noite,Decrescente,Céu Claro,Dupla,Reta,-19.47954,-54.49091,DEL06-MS,Risco Baixo,Alta
terça-feira,BR-376,660.0,Plena Noite,Crescente,Céu Claro,Dupla,Reta,-25.85168,-49.00332,DEL01-PR,Risco Médio,Baixa
sexta-feira,BR-376,597.0,Pleno dia,Crescente,Céu Claro,Dupla,Reta,-25.51057,-49.33885,DEL01-PR,Risco Baixo,Baixa
quinta-feira,BR-116,191.5,Pleno dia,Crescente,Nublado,Simples,Reta,-25.96298,-49.65441,DEL06-SC,Risco Médio,Alta
domingo,BR-226,2.0,Amanhecer,Crescente,Céu Claro,Simples,Reta,-5.811482,-35.24542,DEL01-RN,Risco Médio,Baixa
sexta-feira,BR-101,211.1,Pleno dia,Decrescente,Chuva,Múltipla,Reta,-27.62367,-48.65271,DEL01-SC,Risco Médio,Alta
quarta-feira,BR-101,4.7,Pleno dia,Decrescente,Céu Claro,Dupla,Curva,-20.805,-40.81,DEL04-ES,Risco Médio,Alta
sexta-feira,BR-381,90.4,Pleno dia,Crescente,Céu Claro,Múltipla,Reta,-23.49954,-46.55951,DEL01-SP,Risco Baixo,Alta
quinta-feira,BR-369,90.0,Pleno dia,Crescente,Nublado,Dupla,Desvio Temporário,-23.19488,-50.65243,DEL07-PR,Risco Médio,Baixa
domingo,BR-101,256.6,Pleno dia,Decrescente,Céu Claro,Dupla,Reta,-20.11912,-40.31101,DEL02-ES,Risco Baixo,Alta
domingo,BR-116,843.3,Pleno dia,Crescente,Sol,Simples,Não Informado,-15.01019,-40.94229,DEL08-BA,Risco Médio,Alta
domingo,BR-163,486.6,Plena Noite,Crescente,Céu Claro,Simples,Reta,-20.42817,-54.54482,DEL01-MS,Risco Baixo,Alta
sábado,BR-101,93.5,Anoitecer,Decrescente,Nublado,Dupla,Retorno Regulamentado,-10.90567,-37.14967,DEL01-SE,Risco Médio,Alta
segunda-feira,BR-373,174.1,Plena Noite,Crescente,Céu Claro,Dupla,Reta,-25.07381,-50.21103,DEL03-PR,Risco Médio,Baixa
segunda-feira,BR-381,776.0,Amanhecer,Decrescente,Nublado,Dupla,Curva,-21.81544,-45.49239,DEL16-MG,Risco Médio,Alta
segunda-feira,BR-116,274.2,Pleno dia,Crescente,Céu Claro,Dupla,Reta,-23.63445,-46.82419,DEL04-SP,Risco Médio,Alta
segunda-feira,BR-50,72.0,Pleno dia,Crescente,Chuva,Dupla,Interseção de vias,-18.9051,-48.2318,DEL15-MG,Risco Médio,Média
sábado,BR-369,154.0,Pleno dia,Decrescente,Céu Claro,Dupla,Reta,-23.29733,-51.20216,DEL07-PR,Risco Médio,Baixa
sábado,BR-101,125.0,Pleno dia,Decrescente,Nublado,Dupla,Curva,-26.94802,-48.68339,DEL04-SC,Risco Médio,Alta
sábado,BR-386,433.9,Pleno dia,Crescente,Céu Claro,Simples,Reta,-29.83997,-51.29493,DEL04-RS,Risco Alto,Média
sábado,BR-267,577.0,Anoitecer,Crescente,Céu Claro,Dupla,Rotatória,-21.45262,-56.1104,DEL05-MS,Risco Médio,Baixa
segunda-feira,BR-163,345.0,Amanhecer,Crescente,Chuva,Simples,Rotatória,-24.10669,-54.23886,DEL06-PR,Risco Baixo,Alta
domingo,BR-376,631.0,Plena Noite,Crescente,Céu Claro,Dupla,Reta,-25.69846,-49.1443,DEL01-PR,Risco Alto,Baixa
segunda-feira,BR-101,68.8,Plena Noite,Decrescente,Céu Claro,Múltipla,Reta,-8.057993,-34.94611,DEL01-PE,Risco Médio,Alta
domingo,BR-369,486.8,Plena Noite,Decrescente,Céu Claro,Simples,Curva,-24.6836,-53.2279,DEL04-PR,Risco Médio,Baixa
quinta-feira,BR-20,46.6,Pleno dia,Crescente,Chuva,Dupla,Não Informado,-15.58058,-47.45849,DEL02-DF,Risco Médio,Baixa
terça-feira,BR-116,302.9,Plena Noite,Crescente,Céu Claro,Dupla,Reta,-22.45821,-44.42344,DEL07-RJ,Risco Médio,Alta
domingo,BR-40,89.5,Plena Noite,Crescente,Chuva,Dupla,Reta,-16.72048,-47.65206,DEL01-DF,Risco Médio,Alta
sábado,BR-277,570.8,Pleno dia,Decrescente,Sol,Simples,Reta,-25.01742,-53.28196,DEL04-PR,Risco Médio,Média
quinta-feira,BR-381,440.9,Plena Noite,Crescente,Chuva,Simples,Não Informado,-19.8893,-43.805,DEL01-MG,Risco Alto,Alta
sábado,BR-101,122.0,Pleno dia,Decrescente,Céu Claro,Simples,Reta,-26.92956,-48.705,DEL04-SC,Risco Médio,Alta
sábado,BR-40,525.0,Pleno dia,Decrescente,Céu Claro,Dupla,Reta,-19.8856,-44.0501,DEL01-MG,Risco Médio,Alta
domingo,BR-70,523.0,Pleno dia,Decrescente,Céu Claro,Simples,Reta,-15.66271,-56.18571,DEL01-MT,Risco Médio,Baixa
sexta-feira,BR-40,110.0,Pleno dia,Crescente,Céu Claro,Múltipla,Reta,-22.6829,-43.28549,DEL01-RJ,Risco Médio,Alta
quarta-feira,BR-116,1.0,Plena Noite,Crescente,Céu Claro,Dupla,Reta,-22.5186,-44.70797,DEL08-SP,Risco Baixo,Alta
segunda-feira,BR-174,291.0,Pleno dia,Decrescente,Nublado,Simples,Reta,-15.22584,-59.31879,DEL04-MT,Risco Médio,Baixa
quarta-feira,BR-392,264.7,Pleno dia,Crescente,Chuva,Simples,Curva,-30.43814,-53.49795,DEL09-RS,Risco Baixo,Média
segunda-feira,BR-101,95.0,Plena Noite,Crescente,Céu Claro,Simples,Reta,-12.1046,-38.37723,DEL01-BA,Risco Médio,Alta
sexta-feira,BR-470,225.0,Plena Noite,Crescente,Céu Claro,Simples,Não Informado,-29.24297,-51.51731,DEL06-RS,Risco Médio,Baixa
terça-feira,BR-40,0.0,Pleno dia,Crescente,Céu Claro,Dupla,Viaduto,-16.05827,-47.98266,DEL01-DF,Risco Médio,Alta
terça-feira,BR-116,220.8,Pleno dia,Crescente,Nublado,Múltipla,Reta,-23.46823,-46.50933,DEL01-SP,Risco Médio,Alta
quarta-feira,BR-423,81.4,Pleno dia,Crescente,Céu Claro,Simples,Desvio Temporário,-8.774454,-36.42734,DEL03-PE,Risco Médio,Baixa
quarta-feira,BR-381,671.6,Plena Noite,Crescente,Nublado,Dupla,Não Informado,-21.0591,-45.04943,DEL04-MG,Risco Baixo,Alta
sexta-feira,BR-230,404.0,Plena Noite,Decrescente,Céu Claro,Simples,Curva,-7.521186,-46.04674,DEL05-MA,Risco Médio,Baixa
sexta-feira,BR-470,122.5,Pleno dia,Crescente,Chuva,Simples,Reta,-27.08218,-49.51182,DEL04-SC,Risco Médio,Baixa
sexta-feira,BR-101,214.3,Pleno dia,Decrescente,Chuva,Dupla,Reta,-27.64443,-48.67057,DEL01-SC,Risco Baixo,Alta
domingo,BR-262,352.9,Amanhecer,Crescente,Chuva,Dupla,Interseção de vias,-19.98477,-44.2057,DEL01-MG,Risco Médio,Média
quinta-feira,BR-476,116.0,Pleno dia,Decrescente,Céu Claro,Dupla,Não Informado,-25.34996,-49.16642,DEL01-PR,Risco Médio,Baixa
sábado,BR-101,216.0,Pleno dia,Crescente,Céu Claro,Dupla,Reta,-27.65981,-48.67748,DEL01-SC,Risco Baixo,Alta
quinta-feira,BR-324,512.0,Pleno dia,Crescente,Céu Claro,Múltipla,Reta,-12.23186,-38.9546,DEL02-BA,Risco Médio,Baixa
sexta-feira,BR-116,114.0,Pleno dia,Decrescente,Céu Claro,Simples,Reta,-22.5801,-43.0115,DEL02-RJ,Risco Médio,Alta
sexta-feira,BR-251,334.0,Anoitecer,Crescente,Céu Claro,Simples,Não Informado,-16.25684,-42.43114,DEL12-MG,Risco Médio,Baixa
quarta-feira,BR-364,21.5,Amanhecer,Decrescente,Céu Claro,Simples,Rotatória,-18.91888,-50.66004,DEL05-GO,Risco Médio,Alta
sexta-feira,BR-230,457.3,Plena Noite,Decrescente,Nublado,Simples,Reta,-6.776514,-38.1875,DEL03-PB,Risco Médio,Baixa
terça-feira,BR-459,20.0,Pleno dia,Decrescente,Chuva,Simples,Curva,-22.64657,-45.14492,DEL08-SP,Risco Alto,Baixa
quarta-feira,BR-163,133.5,Plena Noite,Crescente,Céu Claro,Simples,Reta,-25.5518,-53.58955,DEL04-PR,Risco Médio,Alta
terça-feira,BR-116,139.0,Plena Noite,Crescente,Céu Claro,Dupla,Reta,-22.64655,-43.20139,DEL01-RJ,Risco Baixo,Alta
segunda-feira,BR-135,27.5,Plena Noite,Decrescente,Chuva,Simples,Reta,-2.777066,-44.37405,DEL01-MA,Risco Baixo,Baixa
terça-feira,BR-116,304.0,Pleno dia,Crescente,Céu Claro,Dupla,Reta,-23.83515,-46.92964,DEL04-SP,Risco Médio,Alta
sábado,BR-116,66.2,Plena Noite,Decrescente,Nublado,Dupla,Reta,-22.8227,-45.20193,DEL08-SP,Risco Médio,Alta
sábado,BR-290,110.0,Plena Noite,Crescente,Céu Claro,Dupla,Reta,-30.02355,-51.32109,DEL02-RS,Risco Médio,Baixa
terça-feira,BR-282,528.0,Plena Noite,Crescente,Céu Claro,Simples,Curva,-26.9788,-52.58857,DEL07-SC,Risco Baixo,Baixa
quinta-feira,BR-60,50.0,Pleno dia,Decrescente,Garoa/Chuvisco,Dupla,Reta,-16.1625,-48.624,DEL02-GO,Risco Baixo,Média
segunda-feira,BR-70,621.0,Amanhecer,Crescente,Chuva,Simples,Curva,-15.85303,-56.85837,DEL03-MT,Risco Médio,Baixa
terça-feira,BR-40,726.6,Pleno dia,Crescente,Chuva,Dupla,Não Informado,-21.3106,-43.6038,DEL05-MG,Risco Médio,Alta
sábado,BR-116,166.0,Pleno dia,Decrescente,Nublado,Simples,Interseção de vias,-25.86446,-49.39182,DEL01-PR,Risco Médio,Alta
terça-feira,BR-116,181.0,Plena Noite,Decrescente,Céu Claro,Múltipla,Reta,-22.76131,-43.42349,DEL01-RJ,Risco Baixo,Alta
segunda-feira,BR-101,159.1,Plena Noite,Crescente,Chuva,Dupla,Reta,-27.19988,-48.61534,DEL04-SC,Risco Alto,Alta
quarta-feira,BR-290,485.0,Plena Noite,Decrescente,Céu Claro,Simples,Reta,-30.24046,-54.97166,DEL11-RS,Risco Baixo,Baixa
sexta-feira,BR-60,393.0,Pleno dia,Decrescente,Sol,Dupla,Reta,-17.8248,-50.9889,DEL04-GO,Risco Baixo,Média
sábado,BR-116,298.6,Plena Noite,Crescente,Chuva,Simples,Curva,-5.877752,-38.60788,DEL05-CE,Risco Médio,Alta
sexta-feira,BR-230,21.8,Pleno dia,Decrescente,Céu Claro,Dupla,Reta,-7.151722,-34.85347,DEL01-PB,Risco Médio,Baixa
segunda-feira,BR-290,574.5,Plena Noite,Crescente,Céu Claro,Simples,Não Informado,-29.82142,-55.72168,DEL13-RS,Risco Médio,Baixa
domingo,BR-262,290.0,Anoitecer,Crescente,Céu Claro,Simples,Reta,-20.49385,-54.20293,DEL01-MS,Risco Alto,Média
sexta-feira,BR-230,48.9,Pleno dia,Decrescente,Chuva,Dupla,Retorno Regulamentado,-7.1803,-35.0485,DEL01-PB,Risco Baixo,Baixa
sexta-feira,BR-364,707.0,Plena Noite,Crescente,Garoa/Chuvisco,Dupla,Interseção de vias,-8.794069,-63.84343,DEL01-RO,Risco Médio,Alta
domingo,BR-163,691.0,Pleno dia,Crescente,Céu Claro,Simples,Reta,-18.83492,-54.81341,DEL06-MS,Risco Médio,Alta
segunda-feira,BR-101,105.0,Anoitecer,Decrescente,Chuva,Múltipla,Curva,-26.80215,-48.67891,DEL03-SC,Risco Médio,Alta
segunda-feira,BR-319,62.0,Pleno dia,Decrescente,Céu Claro,Dupla,Interseção de vias,-8.75138,-63.88741,DEL01-RO,Risco Médio,Baixa
sexta-feira,BR-381,452.0,Pleno dia,Crescente,Céu Claro,Simples,Reta,-19.8434,-43.88597,DEL01-MG,Risco Médio,Alta
quinta-feira,BR-356,102.0,Pleno dia,Decrescente,Chuva,Simples,Reta,-21.58109,-41.4427,DEL08-RJ,Risco Baixo,Baixa
sábado,BR-376,649.3,Plena Noite,Crescente,Chuva,Dupla,Reta,-25.84594,-49.09069,DEL01-PR,Risco Médio,Baixa
segunda-feira,BR-386,156.0,Anoitecer,Crescente,Chuva,Simples,Curva,-28.12523,-52.84989,DEL08-RS,Risco Médio,Média
quarta-feira,BR-104,68.0,Plena Noite,Crescente,Chuva,Dupla,Reta,-8.3107,-35.9904,DEL02-PE,Risco Médio,Baixa
sábado,BR-116,230.5,Pleno dia,Crescente,Céu Claro,Múltipla,Reta,-23.52252,-46.58557,DEL01-SP,Risco Médio,Alta
segunda-feira,BR-101,47.9,Pleno dia,Crescente,Céu Claro,Dupla,Reta,-10.57954,-36.96511,DEL02-SE,Risco Médio,Alta
sábado,BR-101,132.8,Plena Noite,Decrescente,Céu Claro,Múltipla,Reta,-26.99654,-48.65565,DEL04-SC,Risco Médio,Alta
quarta-feira,BR-101,199.5,Plena Noite,Decrescente,Nublado,Múltipla,Não Informado,-27.53414,-48.63003,DEL01-SC,Risco Médio,Alta
sábado,BR-470,266.5,Plena Noite,Crescente,Nevoeiro/Neblina,Simples,Curva,-27.31154,-50.72959,DEL05-SC,Risco Baixo,Baixa
domingo,BR-277,588.0,Plena Noite,Crescente,Céu Claro,Simples,Reta,-24.97369,-53.43817,DEL04-PR,Risco Médio,Média
terça-feira,BR-135,310.5,Pleno dia,Crescente,Céu Claro,Simples,Não Informado,-8.766651,-44.1739,DEL03-PI,Risco Alto,Baixa
sexta-feira,BR-101,330.4,Plena Noite,Crescente,Céu Claro,Dupla,Curva,-28.4561,-48.9819,DEL02-SC,Risco Alto,Alta
terça-feira,BR-101,40.0,Pleno dia,Decrescente,Céu Claro,Simples,Reta,-23.41348,-45.03343,DEL06-SP,Risco Médio,Alta
sexta-feira,BR-364,432.0,Plena Noite,Decrescente,Chuva,Simples,Desvio Temporário,-10.39357,-62.53542,DEL03-RO,Risco Médio,Alta
sábado,BR-290,19.0,Pleno dia,Decrescente,Céu Claro,Dupla,Reta,-29.88441,-50.44489,DEL03-RS,Risco Médio,Baixa
segunda-feira,BR-116,43.7,Pleno dia,Crescente,Céu Claro,Dupla,Curva,-25.18553,-48.88601,DEL01-PR,Risco Médio,Alta
sábado,BR-476,148.0,Pleno dia,Crescente,Céu Claro,Dupla,Reta,-25.55712,-49.34873,DEL01-PR,Risco Médio,Baixa
domingo,BR-101,105.8,Anoitecer,Crescente,Nublado,Dupla,Curva,-7.316839,-34.94648,DEL01-PB,Risco Médio,Alta
sexta-feira,BR-230,15.0,Plena Noite,Crescente,Nublado,Simples,Não Informado,-5.696301,-48.34225,DEL03-PA,Risco Médio,Baixa
quarta-feira,BR-222,4.2,Pleno dia,Decrescente,Nublado,Dupla,Reta,-3.741658,-38.60457,DEL01-CE,Risco Médio,Baixa
quarta-feira,BR-470,174.0,Anoitecer,Crescente,Céu Claro,Simples,Não Informado,-27.25818,-49.92915,DEL04-SC,Risco Médio,Baixa
domingo,BR-230,35.4,Plena Noite,Decrescente,Nublado,Simples,Desvio Temporário,-7.1268,-34.9412,DEL01-PB,Risco Médio,Baixa