dia_semana,br,km,fase_dia,sentido_via,condicao_metereologica,tipo_pista,tracado_via,latitude,longitude,delegacia,classificacao_acidente,postos_policiais_PRF
segunda-feira,BR-40,567.0,Pleno dia,Crescente,Céu Claro,Simples,Reta,-20.18749,-43.96845,DEL01-MG,Risco Baixo,Alta
sexta-feira,BR-470,230.0,Amanhecer,Crescente,Céu Claro,Dupla,Curva,-29.2186,-51.51677,DEL06-RS,Risco Baixo,Baixa
sexta-feira,BR-232,286.0,Plena Noite,Crescente,Chuva,Simples,Reta,-8.325704,-37.33936,DEL03-PE,Risco Médio,Baixa
quarta-feira,BR-381,38.0,Pleno dia,Crescente,Céu Claro,Múltipla,Reta,-23.11831,-46.57364,DEL03-SP,Risco Médio,Alta
sexta-feira,BR-116,912.5,Pleno dia,Crescente,Sol,Simples,Reta,-15.4548,-41.22946,DEL08-BA,Risco Médio,Alta
domingo,BR-163,352.0,Plena Noite,Crescente,Céu Claro,Simples,Ponte,-24.06183,-54.25598,DEL06-PR,Risco Baixo,Alta
quarta-feira,BR-116,422.0,Pleno dia,Decrescente,Céu Claro,Simples,Reta,-12.22065,-38.96561,DEL02-BA,Risco Médio,Alta
quinta-feira,BR-163,70.6,Plena Noite,Crescente,Chuva,Dupla,Não Informado,-26.73462,-53.5068,DEL07-SC,Risco Médio,Alta
quarta-feira,BR-101,103.0,Plena Noite,Crescente,Céu Claro,Simples,Reta,-5.89034,-35.24895,DEL01-RN,Risco Médio,Alta
sexta-feira,BR-158,96.4,Pleno dia,Crescente,Céu Claro,Simples,Interseção de vias,-27.86685,-53.33322,DEL08-RS,Risco Médio,Baixa
domingo,BR-308,152.0,Plena Noite,Decrescente,Céu Claro,Simples,Reta,-1.21064,-47.18274,DEL01-PA,Risco Médio,Baixa
sexta-feira,BR-116,7.2,Pleno dia,Crescente,Sol,Simples,Reta,-14.84067,-40.88837,DEL08-BA,Risco Médio,Alta
sexta-feira,BR-470,176.0,Anoitecer,Crescente,Céu Claro,Simples,Curva,-28.9317,-51.54154,DEL06-RS,Risco Médio,Baixa
quinta-feira,BR-232,191.8,Pleno dia,Decrescente,Céu Claro,Simples,Reta,-8.357099,-36.52773,DEL02-PE,Risco Médio,Baixa
quarta-feira,BR-116,143.0,Anoitecer,Crescente,Chuva,Simples,Reta,-22.67022,-43.27397,DEL04-RJ,Risco Médio,Alta
terça-feira,BR-376,176.8,Pleno dia,Crescente,Sol,Múltipla,Interseção de vias,-23.41236,-51.93301,DEL07-PR,Risco Médio,Baixa
segunda-feira,BR-277,77.0,Pleno dia,Decrescente,Chuva,Dupla,Reta,-25.50435,-49.1475,DEL01-PR,Risco Baixo,Média
terça-feira,BR-386,250.4,Pleno dia,Decrescente,Garoa/Chuvisco,Simples,Desvio Temporário,-28.82659,-52.46851,DEL04-RS,Risco Médio,Média
segunda-feira,BR-101,12.0,Pleno dia,Crescente,Chuva,Dupla,Curva,-7.602372,-34.97939,DEL01-PE,Risco Médio,Alta
terça-feira,BR-116,377.7,Plena Noite,Decrescente,Céu Claro,Dupla,Reta,-30.74674,-51.63195,DEL02-RS,Risco Baixo,Alta
sexta-feira,BR-282,215.8,Plena Noite,Decrescente,Céu Claro,Simples,Rotatória,-27.79491,-50.28397,DEL05-SC,Risco Médio,Baixa
quarta-feira,BR-476,100.0,Anoitecer,Crescente,Garoa/Chuvisco,Simples,Não Informado,-25.24934,-49.13953,DEL01-PR,Risco Médio,Baixa
sábado,BR-40,473.0,Pleno dia,Decrescente,Nublado,Dupla,Reta,-19.50552,-44.27423,DEL02-MG,Risco Baixo,Alta
segunda-feira,BR-280,97.0,Pleno dia,Crescente,Céu Claro,Simples,Não Informado,-26.37787,-49.31718,DEL06-SC,Risco Médio,Baixa
terça-feira,BR-376,663.8,Pleno dia,Decrescente,Céu Claro,Múltipla,Reta,-25.85447,-48.96274,DEL01-PR,Risco Baixo,Baixa
quarta-feira,BR-259,38.0,Plena Noite,Crescente,Céu Claro,Simples,Não Informado,-19.5588,-40.52027,DEL02-ES,Risco Médio,Baixa
domingo,BR-116,809.0,Pleno dia,Decrescente,Céu Claro,Simples,Interseção de vias,-14.78698,-40.74838,DEL08-BA,Risco Médio,Alta
segunda-feira,BR-262,797.0,Pleno dia,Decrescente,Nublado,Simples,Reta,-19.77458,-47.91783,DEL13-MG,Risco Médio,Média
domingo,BR-163,512.5,Pleno dia,Crescente,Céu Claro,Dupla,Curva,-20.22783,-54.47718,DEL01-MS,Risco Médio,Alta
quarta-feira,BR-262,606.6,Pleno dia,Crescente,Chuva,Simples,Reta,-19.66641,-46.16032,DEL08-MG,Risco Médio,Média
quarta-feira,BR-365,560.0,Pleno dia,Crescente,Céu Claro,Simples,Reta,-18.92606,-47.76668,DEL10-MG,Risco Alto,Média
terça-feira,BR-101,48.8,Pleno dia,Crescente,Céu Claro,Simples,Reta,-23.44579,-45.08214,DEL06-SP,Risco Médio,Alta
domingo,BR-153,751.0,Plena Noite,Decrescente,Céu Claro,Simples,Reta,-12.3922,-49.13296,DEL01-TO,Risco Médio,Alta
segunda-feira,BR-116,270.0,Pleno dia,Crescente,Céu Claro,Dupla,Reta,-29.96577,-51.17657,DEL01-RS,Risco Baixo,Alta
quinta-feira,BR-116,205.0,Plena Noite,Decrescente,Chuva,Dupla,Reta,-22.72747,-43.64168,DEL01-RJ,Risco Baixo,Alta
quinta-feira,BR-381,456.0,Pleno dia,Decrescente,Céu Claro,Simples,Reta,-19.92131,-43.93815,DEL01-MG,Risco Médio,Alta
quarta-feira,BR-369,431.0,Plena Noite,Crescente,Céu Claro,Simples,Reta,-24.4598,-52.8578,DEL04-PR,Risco Médio,Baixa
sábado,BR-470,145.8,Pleno dia,Crescente,Sol,Simples,Reta,-27.2373,-49.68222,DEL04-SC,Risco Médio,Baixa
segunda-feira,BR-381,776.4,Pleno dia,Crescente,Chuva,Dupla,Reta,-21.7978,-45.45789,DEL16-MG,Risco Baixo,Alta
domingo,BR-153,194.0,Pleno dia,Decrescente,Sol,Simples,Reta,-14.49186,-49.15283,DEL07-GO,Risco Médio,Alta
quinta-feira,BR-365,623.0,Pleno dia,Crescente,Céu Claro,Dupla,Reta,-18.89136,-48.27108,DEL15-MG,Risco Médio,Média
terça-feira,BR-101,202.0,Pleno dia,Crescente,Céu Claro,Dupla,Reta,-27.555,-48.619,DEL01-SC,Risco Médio,Alta
sábado,BR-101,48.9,Pleno dia,Crescente,Nublado,Simples,Reta,-23.44412,-45.08374,DEL06-SP,Risco Médio,Alta
quinta-feira,BR-369,487.0,Pleno dia,Crescente,Céu Claro,Simples,Curva,-24.6901,-53.2359,DEL04-PR,Risco Médio,Baixa
terça-feira,BR-324,614.0,Pleno dia,Decrescente,Céu Claro,Múltipla,Não Informado,-12.86398,-38.4237,DEL01-BA,Risco Médio,Baixa
sábado,BR-277,713.0,Pleno dia,Decrescente,Céu Claro,Simples,Reta,-25.46144,-54.4401,DEL05-PR,Risco Médio,Média
quinta-feira,BR-101,490.0,Pleno dia,Crescente,Céu Claro,Simples,Reta,-22.9564,-44.31283,DEL03-RJ,Risco Médio,Alta
terça-feira,BR-232,128.9,Plena Noite,Decrescente,Nublado,Dupla,Reta,-8.30127,-35.9847,DEL02-PE,Risco Médio,Baixa
sábado,BR-343,343.0,Pleno dia,Decrescente,Céu Claro,Simples,Não Informado,-5.09061,-42.76068,DEL01-PI,Risco Médio,Baixa
quinta-feira,BR-116,3.5,Pleno dia,Decrescente,Céu Claro,Múltipla,Reta,-3.778665,-38.5149,DEL01-CE,Risco Médio,Alta
domingo,BR-262,438.8,Plena Noite,Crescente,Céu Claro,Dupla,Reta,-19.88122,-44.92906,DEL08-MG,Risco Médio,Média
terça-feira,BR-470,90.5,Pleno dia,Decrescente,Ignorado,Simples,Reta,-26.96072,-49.37445,DEL04-SC,Risco Médio,Baixa
quinta-feira,BR-116,313.7,Pleno dia,Decrescente,Céu Claro,Simples,Ponte,-18.09517,-41.6895,DEL11-MG,Risco Médio,Alta
domingo,BR-381,204.2,Plena Noite,Decrescente,Céu Claro,Simples,Curva,-19.17346,-42.25304,DEL06-MG,Risco Médio,Alta
sexta-feira,BR-381,358.0,Plena Noite,Decrescente,Garoa/Chuvisco,Simples,Não Informado,-19.85593,-43.21689,DEL03-MG,Risco Médio,Alta
terça-feira,BR-70,2.0,Pleno dia,Decrescente,Céu Claro,Simples,Reta,-15.88526,-52.27151,DEL07-MT,Risco Médio,Baixa
sexta-feira,BR-316,1.3,Pleno dia,Decrescente,Céu Claro,Múltipla,Reta,-5.128619,-42.80707,DEL01-PI,Risco Baixo,Baixa
domingo,BR-277,511.1,Pleno dia,Decrescente,Céu Claro,Simples,Reta,-25.12171,-52.76594,DEL04-PR,Risco Médio,Média
quarta-feira,BR-153,34.3,Amanhecer,Crescente,Nublado,Simples,Curva,-23.24407,-50.03924,DEL07-PR,Risco Médio,Alta
quarta-feira,BR-40,42.3,Anoitecer,Crescente,Nublado,Simples,Interseção de vias,-17.21884,-46.86668,DEL14-MG,Risco Médio,Alta
terça-feira,BR-376,522.0,Plena Noite,Crescente,Céu Claro,Dupla,Reta,-25.29556,-49.89662,DEL03-PR,Risco Baixo,Baixa
sábado,BR-101,135.2,Plena Noite,Crescente,Vento,Simples,Curva,-9.788349,-36.10509,DEL02-AL,Risco Médio,Alta
segunda-feira,BR-381,590.0,Pleno dia,Decrescente,Céu Claro,Dupla,Reta,-20.5668,-44.6731,DEL04-MG,Risco Médio,Alta
quinta-feira,BR-116,230.8,Pleno dia,Decrescente,Céu Claro,Múltipla,Reta,-23.52487,-46.58698,DEL01-SP,Risco Médio,Alta
quarta-feira,BR-101,316.0,Pleno dia,Crescente,Céu Claro,Dupla,Reta,-22.8268,-43.0913,DEL02-RJ,Risco Médio,Alta
sexta-feira,BR-262,11.1,Pleno dia,Crescente,Nevoeiro/Neblina,Simples,Reta,-20.24651,-41.84696,DEL06-MG,Risco Médio,Média
quinta-feira,BR-285,672.0,Pleno dia,Crescente,Céu Claro,Simples,Reta,-28.66794,-55.97824,DEL12-RS,Risco Médio,Baixa
segunda-feira,BR-101,115.9,Pleno dia,Crescente,Sol,Dupla,Reta,-26.87064,-48.72954,DEL04-SC,Risco Médio,Alta
domingo,BR-376,500.0,Pleno dia,Crescente,Céu Claro,Dupla,Reta,-25.20185,-50.07092,DEL03-PR,Risco Médio,Baixa
domingo,BR-365,592.3,Pleno dia,Crescente,Chuva,Simples,Não Informado,-18.87951,-48.06157,DEL15-MG,Risco Médio,Média
sábado,BR-116,39.3,Anoitecer,Crescente,Nublado,Simples,Interseção de vias,-28.51418,-50.93506,DEL05-RS,Risco Médio,Alta
segunda-feira,BR-163,818.5,Plena Noite,Crescente,Céu Claro,Simples,Reta,-12.0167,-55.5172,DEL06-MT,Risco Baixo,Alta
segunda-feira,BR-232,128.4,Pleno dia,Crescente,Nublado,Dupla,Reta,-8.302218,-35.98028,DEL02-PE,Risco Baixo,Baixa
quarta-feira,BR-230,108.0,Plena Noite,Decrescente,Nublado,Simples,Reta,-5.377334,-49.01367,DEL03-PA,Risco Alto,Baixa
quinta-feira,BR-116,298.8,Amanhecer,Decrescente,Nublado,Dupla,Reta,-23.7863,-46.91343,DEL04-SP,Risco Médio,Alta
sexta-feira,BR-262,803.0,Plena Noite,Crescente,Céu Claro,Dupla,Reta,-19.7751,-47.97202,DEL13-MG,Risco Baixo,Média
sexta-feira,BR-381,876.6,Pleno dia,Crescente,Chuva,Dupla,Não Informado,-22.4407,-45.9871,DEL16-MG,Risco Alto,Alta
sexta-feira,BR-316,255.0,Plena Noite,Crescente,Céu Claro,Simples,Reta,-9.590511,-35.94994,DEL02-AL,Risco Alto,Baixa
quinta-feira,BR-40,6.0,Plena Noite,Crescente,Céu Claro,Dupla,Reta,-16.10081,-47.97735,DEL01-DF,Risco Baixo,Alta
quarta-feira,BR-476,279.1,Pleno dia,Decrescente,Garoa/Chuvisco,Simples,Reta,-25.87113,-50.40602,DEL02-PR,Risco Médio,Baixa
quarta-feira,BR-163,179.2,Pleno dia,Decrescente,Sol,Dupla,Reta,-25.18415,-53.60151,DEL04-PR,Risco Médio,Alta
sexta-feira,BR-277,98.8,Plena Noite,Crescente,Nublado,Dupla,Reta,-25.54011,-49.31132,DEL01-PR,Risco Alto,Média
quinta-feira,BR-116,8.0,Plena Noite,Decrescente,Nublado,Múltipla,Reta,-3.81928,-38.50268,DEL01-CE,Risco Médio,Alta
sexta-feira,BR-230,31.0,Pleno dia,Crescente,Céu Claro,Dupla,Curva,-7.1484,-34.9129,DEL01-PB,Risco Médio,Baixa
sexta-feira,BR-116,17.0,Plena Noite,Decrescente,Céu Claro,Dupla,Reta,-25.38849,-49.18555,DEL01-PR,Risco Alto,Alta
domingo,BR-280,5.0,Pleno dia,Crescente,Céu Claro,Simples,Reta,-26.26012,-48.62572,DEL03-SC,Risco Médio,Baixa
sábado,BR-50,20.8,Plena Noite,Crescente,Céu Claro,Dupla,Reta,-18.59485,-48.05378,DEL15-MG,Risco Médio,Média
quinta-feira,BR-20,159.0,Pleno dia,Crescente,Céu Claro,Simples,Reta,-14.62521,-46.6167,DEL02-DF,Risco Médio,Baixa
domingo,BR-116,291.1,Amanhecer,Crescente,Céu Claro,Simples,Reta,-5.774268,-38.52503,DEL05-CE,Risco Médio,Alta
segunda-feira,BR-262,368.7,Pleno dia,Decrescente,Chuva,Dupla,Não Informado,-19.95836,-44.3414,DEL01-MG,Risco Baixo,Média
domingo,BR-116,653.7,Plena Noite,Crescente,Chuva,Simples,Reta,-20.74346,-42.28633,DEL07-MG,Risco Alto,Alta
sábado,BR-101,92.0,Plena Noite,Decrescente,Garoa/Chuvisco,Dupla,Não Informado,-7.196838,-34.90588,DEL01-PB,Risco Médio,Alta
sábado,BR-381,726.7,Plena Noite,Crescente,Nublado,Dupla,Reta,-21.47686,-45.2024,DEL04-MG,Risco Alto,Alta
terça-feira,BR-470,114.0,Pleno dia,Crescente,Nublado,Simples,Reta,-27.08639,-49.478,DEL04-SC,Risco Médio,Baixa
terça-feira,BR-280,58.6,Amanhecer,Decrescente,Chuva,Dupla,Curva,-26.47416,-49.02121,DEL03-SC,Risco Médio,Baixa
sexta-feira,BR-386,212.0,Pleno dia,Crescente,Chuva,Simples,Não Informado,-28.56657,-52.59817,DEL04-RS,Risco Médio,Média
sexta-feira,BR-101,87.0,Plena Noite,Decrescente,Nublado,Dupla,Reta,-8.1999,-34.9787,DEL01-PE,Risco Baixo,Alta
sábado,BR-277,206.4,Pleno dia,Crescente,Nublado,Simples,Curva,-25.46469,-50.25988,DEL08-PR,Risco Médio,Média
quarta-feira,BR-101,47.0,Pleno dia,Crescente,Chuva,Dupla,Reta,-26.3752,-48.8549,DEL03-SC,Risco Médio,Alta
terça-feira,BR-60,2.1,Pleno dia,Decrescente,Céu Claro,Dupla,Não Informado,-16.07068,-48.26499,DEL01-DF,Risco Baixo,Média
domingo,BR-423,61.0,Plena Noite,Decrescente,Garoa/Chuvisco,Simples,Interseção de vias,-8.658057,-36.32867,DEL03-PE,Risco Médio,Baixa
sexta-feira,BR-116,207.0,Pleno dia,Crescente,Nublado,Múltipla,Reta,-23.41972,-46.38419,DEL01-SP,Risco Médio,Alta
quarta-feira,BR-40,31.8,Pleno dia,Crescente,Garoa/Chuvisco,Dupla,Curva,-22.19246,-43.16023,DEL06-RJ,Risco Médio,Alta
terça-feira,BR-101,283.0,Pleno dia,Crescente,Chuva,Dupla,Curva,-22.73591,-42.80593,DEL02-RJ,Risco Médio,Alta
quinta-feira,BR-343,8.0,Plena Noite,Crescente,Céu Claro,Simples,Reta,-2.899382,-41.72372,DEL05-PI,Risco Médio,Baixa
domingo,BR-101,137.0,Plena Noite,Decrescente,Nublado,Dupla,Curva,-22.15452,-41.73977,DEL08-RJ,Risco Alto,Alta
domingo,BR-280,98.1,Pleno dia,Crescente,Chuva,Simples,Curva,-26.38375,-49.32246,DEL06-SC,Risco Médio,Baixa
sexta-feira,BR-280,102.9,Pleno dia,Crescente,Nublado,Múltipla,Curva,-26.36086,-49.34555,DEL06-SC,Risco Baixo,Baixa
sábado,BR-174,674.0,Pleno dia,Crescente,Céu Claro,Simples,Reta,4.214558,-61.01341,DEL01-RR,Risco Baixo,Baixa
terça-feira,BR-262,441.0,Plena Noite,Decrescente,Céu Claro,Simples,Desvio Temporário,-19.88296,-44.90293,DEL08-MG,Risco Médio,Média
domingo,BR-470,218.5,Plena Noite,Crescente,Céu Claro,Simples,Curva,-29.18495,-51.5214,DEL06-RS,Risco Médio,Baixa
terça-feira,BR-101,94.5,Pleno dia,Crescente,Céu Claro,Dupla,Não Informado,-10.91033,-37.15652,DEL01-SE,Risco Médio,Alta
sábado,BR-470,69.1,Pleno dia,Crescente,Sol,Simples,Retorno Regulamentado,-26.88375,-49.2467,DEL04-SC,Risco Médio,Baixa
quinta-feira,BR-393,167.0,Plena Noite,Crescente,Céu Claro,Simples,Curva,-22.12236,-43.13977,DEL06-RJ,Risco Médio,Média
terça-feira,BR-386,53.4,Pleno dia,Decrescente,Céu Claro,Simples,Reta,-27.51727,-53.3769,DEL08-RS,Risco Médio,Média
sexta-feira,BR-232,507.0,Pleno dia,Decrescente,Céu Claro,Simples,Reta,-8.060388,-39.11192,DEL05-PE,Risco Médio,Baixa
sábado,BR-101,269.5,Pleno dia,Decrescente,Sol,Dupla,Reta,-20.2174,-40.26991,DEL02-ES,Risco Médio,Alta
quarta-feira,BR-369,188.0,Plena Noite,Crescente,Céu Claro,Dupla,Reta,-23.41991,-51.42487,DEL07-PR,Risco Médio,Baixa
segunda-feira,BR-153,270.1,Pleno dia,Decrescente,Nublado,Simples,Não Informado,-22.35293,-49.89304,DEL07-SP,Risco Médio,Alta
quarta-feira,BR-222,32.0,Plena Noite,Decrescente,Céu Claro,Dupla,Não Informado,-3.707841,-38.83774,DEL01-CE,Risco Médio,Baixa
domingo,BR-158,226.8,Pleno dia,Crescente,Nublado,Simples,Curva,-28.91288,-53.63753,DEL10-RS,Risco Médio,Baixa
segunda-feira,BR-116,222.0,Anoitecer,Decrescente,Ignorado,Múltipla,Reta,-23.473,-46.52061,DEL01-SP,Risco Médio,Alta
sexta-feira,BR-364,763.0,Pleno dia,Crescente,Céu Claro,Simples,Reta,-9.115364,-64.11491,DEL01-RO,Risco Médio,Alta
quinta-feira,BR-369,174.8,Plena Noite,Crescente,Céu Claro,Simples,Reta,-23.32422,-51.38572,DEL07-PR,Risco Médio,Baixa
quarta-feira,BR-267,238.3,Amanhecer,Crescente,Ignorado,Simples,Não Informado,-21.94792,-44.35999,DEL05-MG,Risco Alto,Baixa
domingo,BR-324,599.0,Anoitecer,Crescente,Nublado,Múltipla,Reta,-12.7516,-38.4319,DEL01-BA,Risco Baixo,Baixa
domingo,BR-135,435.1,Pleno dia,Decrescente,Sol,Simples,Não Informado,-17.2875,-43.92524,DEL12-MG,Risco Médio,Baixa
quinta-feira,BR-424,79.4,Plena Noite,Crescente,Garoa/Chuvisco,Simples,Não Informado,-8.827574,-36.55103,DEL03-PE,Risco Médio,Baixa
sábado,BR-316,266.0,Amanhecer,Crescente,Garoa/Chuvisco,Simples,Desvio Temporário,-9.563767,-35.82474,DEL02-AL,Risco Médio,Baixa
sábado,BR-381,478.8,Pleno dia,Decrescente,Nublado,Múltipla,Reta,-19.96339,-44.04172,DEL01-MG,Risco Médio,Alta
quarta-feira,BR-116,197.0,Plena Noite,Decrescente,Nublado,Dupla,Reta,-22.73023,-43.58791,DEL01-RJ,Risco Médio,Alta
quinta-feira,BR-367,33.3,Pleno dia,Decrescente,Céu Claro,Simples,Reta,-16.41809,-39.15339,DEL09-BA,Risco Médio,Baixa
domingo,BR-101,37.0,Pleno dia,Decrescente,Nublado,Dupla,Não Informado,-26.28264,-48.88916,DEL03-SC,Risco Médio,Alta
segunda-feira,BR-316,48.0,Amanhecer,Decrescente,Céu Claro,Múltipla,Reta,-1.291553,-48.05614,DEL01-PA,Risco Baixo,Baixa
segunda-feira,BR-101,715.8,Pleno dia,Decrescente,Sol,Múltipla,Reta,-16.36859,-39.58319,DEL09-BA,Risco Médio,Alta
domingo,BR-153,18.5,Pleno dia,Decrescente,Céu Claro,Simples,Não Informado,-23.14322,-49.94911,DEL07-PR,Risco Médio,Alta
sábado,BR-428,192.0,Anoitecer,Crescente,Céu Claro,Dupla,Rotatória,-9.380678,-40.51114,DEL06-PE,Risco Médio,Baixa
quarta-feira,BR-277,101.0,Pleno dia,Decrescente,Chuva,Dupla,Curva,-25.42784,-49.38028,DEL01-PR,Risco Alto,Média
sexta-feira,BR-282,2.3,Plena Noite,Decrescente,Céu Claro,Dupla,Não Informado,-27.60329,-48.59042,DEL01-SC,Risco Alto,Baixa
quarta-feira,BR-280,26.7,Pleno dia,Crescente,Céu Claro,Simples,Reta,-26.3949,-48.73889,DEL03-SC,Risco Médio,Baixa
sábado,BR-415,20.0,Plena Noite,Crescente,Céu Claro,Simples,Reta,-14.8482,-39.28199,DEL05-BA,Risco Médio,Baixa
segunda-feira,BR-116,426.2,Amanhecer,Crescente,Céu Claro,Simples,Desvio Temporário,-30.99466,-52.0452,DEL02-RS,Risco Baixo,Alta
quinta-feira,BR-470,35.0,Plena Noite,Crescente,Chuva,Simples,Reta,-26.91286,-48.95896,DEL04-SC,Risco Médio,Baixa
quinta-feira,BR-476,181.0,Pleno dia,Crescente,Nublado,Simples,Curva,-25.71269,-49.6067,DEL02-PR,Risco Médio,Baixa
sábado,BR-116,218.9,Pleno dia,Crescente,Nublado,Múltipla,Reta,-23.46258,-46.49195,DEL01-SP,Risco Médio,Alta
sexta-feira,BR-381,86.0,Pleno dia,Crescente,Céu Claro,Múltipla,Reta,-23.46865,-46.57066,DEL03-SP,Risco Médio,Alta
terça-feira,BR-40,525.6,Pleno dia,Decrescente,Nublado,Dupla,Reta,-19.89177,-44.04743,DEL01-MG,Risco Médio,Alta
sexta-feira,BR-60,164.1,Plena Noite,Crescente,Céu Claro,Dupla,Interseção de vias,-16.68689,-49.26479,DEL01-GO,Risco Médio,Média
quarta-feira,BR-232,6.0,Plena Noite,Crescente,Nublado,Dupla,Reta,-8.070795,-34.95354,DEL01-PE,Risco Médio,Baixa
segunda-feira,BR-116,217.4,Pleno dia,Crescente,Nublado,Simples,Reta,-27.56489,-50.37485,DEL05-SC,Risco Médio,Alta
terça-feira,BR-376,349.5,Pleno dia,Crescente,Sol,Dupla,Curva,-24.23742,-50.91758,DEL03-PR,Risco Médio,Baixa
sábado,BR-163,751.0,Amanhecer,Crescente,Nublado,Dupla,Reta,-12.56567,-55.72284,DEL06-MT,Risco Médio,Alta
domingo,BR-376,548.0,Plena Noite,Crescente,Céu Claro,Dupla,Reta,-25.41374,-49.77544,DEL03-PR,Risco Médio,Baixa
domingo,BR-222,321.0,Pleno dia,Crescente,Céu Claro,Simples,Reta,-3.77595,-41.04426,DEL04-CE,Risco Médio,Baixa
quinta-feira,BR-158,586.4,Plena Noite,Decrescente,Céu Claro,Simples,Curva,-14.20076,-52.19167,DEL07-MT,Risco Baixo,Baixa
segunda-feira,BR-101,70.5,Pleno dia,Decrescente,Céu Claro,Dupla,Reta,-8.067761,-34.94265,DEL01-PE,Risco Baixo,Alta
quinta-feira,BR-116,697.8,Pleno dia,Decrescente,Céu Claro,Simples,Não Informado,-21.07815,-42.37219,DEL07-MG,Risco Médio,Alta
sexta-feira,BR-153,62.5,Pleno dia,Crescente,Sol,Simples,Não Informado,-20.81325,-49.35676,DEL09-SP,Risco Médio,Alta
quarta-feira,BR-101,208.4,Pleno dia,Crescente,Céu Claro,Simples,Interseção de vias,-27.60588,-48.6347,DEL01-SC,Risco Baixo,Alta
quarta-feira,BR-101,95.4,Plena Noite,Crescente,Céu Claro,Dupla,Reta,-5.840768,-35.21036,DEL01-RN,Risco Médio,Alta
terça-feira,BR-324,623.0,Anoitecer,Crescente,Chuva,Múltipla,Reta,-12.92629,-38.46839,DEL01-BA,Risco Médio,Baixa
segunda-feira,BR-163,256.5,Pleno dia,Decrescente,Sol,Dupla,Reta,-22.25893,-54.79255,DEL04-MS,Risco Médio,Alta
domingo,BR-101,39.0,Pleno dia,Crescente,Céu Claro,Simples,Reta,-23.41411,-45.02892,DEL06-SP,Risco Médio,Alta
quarta-feira,BR-163,259.0,Pleno dia,Decrescente,Sol,Dupla,Reta,-22.24964,-54.77501,DEL04-MS,Risco Médio,Alta
domingo,BR-232,403.0,Pleno dia,Crescente,Céu Claro,Simples,Não Informado,-8.001471,-38.24433,DEL04-PE,Risco Médio,Baixa
sábado,BR-364,267.2,Pleno dia,Decrescente,Sol,Simples,Curva,-11.37631,-61.68926,DEL02-RO,Risco Médio,Alta
domingo,BR-470,161.0,Plena Noite,Decrescente,Chuva,Simples,Reta,-27.28544,-49.80758,DEL04-SC,Risco Baixo,Baixa
domingo,BR-373,382.5,Plena Noite,Decrescente,Céu Claro,Simples,Não Informado,-25.46073,-51.95943,DEL03-PR,Risco Médio,Baixa
sexta-feira,BR-354,11.0,Anoitecer,Decrescente,Nublado,Simples,Não Informado,-22.4246,-44.74076,DEL07-RJ,Risco Médio,Baixa
sábado,BR-101,236.0,Pleno dia,Crescente,Céu Claro,Dupla,Reta,-27.836,-48.6313,DEL01-SC,Risco Baixo,Alta
domingo,BR-101,210.0,Plena Noite,Crescente,Chuva,Múltipla,Desvio Temporário,-27.61662,-48.64579,DEL01-SC,Risco Médio,Alta
segunda-feira,BR-290,723.0,Anoitecer,Crescente,Céu Claro,Simples,Curva,-29.74799,-57.07837,DEL13-RS,Risco Médio,Baixa
terça-feira,BR-101,66.2,Pleno dia,Decrescente,Céu Claro,Simples,Interseção de vias,-18.71652,-39.87436,DEL04-ES,Risco Médio,Alta
segunda-feira,BR-324,516.0,Pleno dia,Crescente,Céu Claro,Simples,Reta,-12.26711,-38.96699,DEL02-BA,Risco Alto,Baixa
terça-feira,BR-376,598.0,Plena Noite,Decrescente,Chuva,Dupla,Reta,-25.51888,-49.33507,DEL01-PR,Risco Médio,Baixa
quarta-feira,BR-381,340.0,Anoitecer,Decrescente,Nublado,Simples,Reta,-19.80938,-43.0635,DEL03-MG,Risco Médio,Alta
quarta-feira,BR-381,669.7,Pleno dia,Decrescente,Nublado,Dupla,Reta,-21.07596,-45.05548,DEL04-MG,Risco Médio,Alta
sexta-feira,BR-381,932.0,Plena Noite,Crescente,Céu Claro,Dupla,Curva,-22.79304,-46.24665,DEL16-MG,Risco Baixo,Alta
quinta-feira,BR-364,499.0,Pleno dia,Decrescente,Céu Claro,Simples,Reta,-10.03751,-62.9766,DEL03-RO,Risco Baixo,Alta
domingo,BR-316,110.0,Plena Noite,Decrescente,Nevoeiro/Neblina,Simples,Curva,-1.316613,-47.51201,DEL01-PA,Risco Médio,Baixa
sábado,BR-343,42.0,Pleno dia,Decrescente,Chuva,Simples,Curva,-3.1612,-41.8189,DEL05-PI,Risco Baixo,Baixa
quarta-feira,BR-116,459.5,Plena Noite,Crescente,Céu Claro,Simples,Reta,-19.22521,-42.05824,DEL06-MG,Risco Médio,Alta
segunda-feira,BR-116,103.5,Pleno dia,Decrescente,Céu Claro,Dupla,Desvio Temporário,-22.99919,-45.49789,DEL06-SP,Risco Médio,Alta
sexta-feira,BR-101,104.0,Pleno dia,Decrescente,Céu Claro,Múltipla,Curva,-5.892745,-35.25722,DEL01-RN,Risco Médio,Alta
sábado,BR-459,104.0,Plena Noite,Crescente,Ignorado,Dupla,Não Informado,-22.2247,-45.91256,DEL16-MG,Risco Médio,Baixa
sexta-feira,BR-476,338.7,Plena Noite,Decrescente,Céu Claro,Simples,Reta,-26.15705,-50.88356,DEL02-PR,Risco Alto,Baixa