dia_semana,br,km,fase_dia,sentido_via,condicao_metereologica,tipo_pista,tracado_via,latitude,longitude,delegacia,classificacao_acidente,postos_policiais_PRF
segunda-feira,BR-116,262.0,Pleno dia,Crescente,Céu Claro,Dupla,Não Informado,-22.58761,-44.05946,DEL07-RJ,Risco Médio,Alta
sábado,BR-232,163.0,Plena Noite,Crescente,Céu Claro,Simples,Reta,-8.333485,-36.28058,DEL02-PE,Risco Médio,Baixa
segunda-feira,BR-101,66.9,Anoitecer,Decrescente,Céu Claro,Múltipla,Reta,-8.033685,-34.94184,DEL01-PE,Risco Médio,Alta
quarta-feira,BR-376,671.0,Pleno dia,Crescente,Céu Claro,Dupla,Reta,-25.88532,-48.93515,DEL01-PR,Risco Baixo,Baixa
terça-feira,BR-424,25.0,Pleno dia,Crescente,Céu Claro,Simples,Não Informado,-8.532546,-36.91579,DEL03-PE,Risco Médio,Baixa
segunda-feira,BR-163,475.6,Pleno dia,Crescente,Céu Claro,Simples,Reta,-20.5141,-54.5621,DEL01-MS,Risco Médio,Alta
domingo,BR-222,4.0,Pleno dia,Decrescente,Sol,Múltipla,Reta,-3.741658,-38.60457,DEL01-CE,Risco Médio,Baixa
sexta-feira,BR-163,44.1,Pleno dia,Crescente,Garoa/Chuvisco,Simples,Não Informado,-9.207396,-54.87833,DEL05-PA,Risco Alto,Alta
sexta-feira,BR-101,203.4,Plena Noite,Decrescente,Céu Claro,Dupla,Reta,-27.565,-48.6146,DEL01-SC,Risco Baixo,Alta
quarta-feira,BR-290,445.3,Pleno dia,Crescente,Céu Claro,Simples,Reta,-30.26131,-54.51308,DEL11-RS,Risco Médio,Baixa
segunda-feira,BR-459,7.8,Plena Noite,Decrescente,Céu Claro,Dupla,Rotatória,-21.80867,-46.46995,DEL16-MG,Risco Baixo,Baixa
segunda-feira,BR-392,193.0,Pleno dia,Crescente,Chuva,Simples,Curva,-30.91854,-53.10525,DEL09-RS,Risco Alto,Média
segunda-feira,BR-153,509.7,Pleno dia,Decrescente,Céu Claro,Simples,Interseção de vias,-16.78627,-49.23729,DEL01-GO,Risco Médio,Alta
domingo,BR-116,29.0,Pleno dia,Crescente,Céu Claro,Múltipla,Reta,-4.0064,-38.5175,DEL01-CE,Risco Alto,Alta
terça-feira,BR-277,334.3,Pleno dia,Decrescente,Sol,Simples,Reta,-25.34429,-51.39463,DEL03-PR,Risco Médio,Média
terça-feira,BR-153,43.0,Amanhecer,Decrescente,Céu Claro,Simples,Reta,-13.19229,-49.16192,DEL07-GO,Risco Médio,Alta
domingo,BR-163,731.0,Pleno dia,Decrescente,Céu Claro,Simples,Reta,-18.50137,-54.73271,DEL06-MS,Risco Médio,Alta
sábado,BR-153,62.0,Plena Noite,Crescente,Céu Claro,Dupla,Não Informado,-20.81325,-49.35676,DEL09-SP,Risco Médio,Alta
quinta-feira,BR-381,499.3,Plena Noite,Decrescente,Céu Claro,Dupla,Não Informado,-19.99814,-44.20956,DEL01-MG,Risco Baixo,Alta
terça-feira,BR-101,7.9,Plena Noite,Decrescente,Nublado,Dupla,Reta,-11.54652,-37.86435,DEL02-SE,Risco Médio,Alta
sexta-feira,BR-116,386.6,Amanhecer,Decrescente,Céu Claro,Simples,Reta,-18.65402,-41.97031,DEL06-MG,Risco Médio,Alta
quarta-feira,BR-222,265.0,Pleno dia,Decrescente,Céu Claro,Simples,Reta,-3.748737,-40.69363,DEL04-CE,Risco Médio,Baixa
sábado,BR-50,51.0,Pleno dia,Crescente,Sol,Dupla,Não Informado,-18.74963,-48.23552,DEL15-MG,Risco Médio,Média
sexta-feira,BR-226,127.0,Pleno dia,Decrescente,Sol,Simples,Reta,-6.183807,-36.13204,DEL03-RN,Risco Médio,Baixa
quarta-feira,BR-153,744.3,Plena Noite,Crescente,Céu Claro,Simples,Reta,-12.3284,-49.1481,DEL02-TO,Risco Médio,Alta
sábado,BR-116,117.4,Pleno dia,Decrescente,Sol,Dupla,Reta,-23.05978,-45.6208,DEL06-SP,Risco Médio,Alta
sábado,BR-282,35.0,Pleno dia,Crescente,Céu Claro,Simples,Curva,-27.70208,-48.82666,DEL01-SC,Risco Baixo,Baixa
domingo,BR-285,472.0,Amanhecer,Crescente,Nublado,Simples,Não Informado,-28.38367,-54.02097,DEL10-RS,Risco Baixo,Baixa
segunda-feira,BR-101,93.0,Pleno dia,Crescente,Chuva,Simples,Reta,-8.239693,-34.98536,DEL01-PE,Risco Médio,Alta
quinta-feira,BR-116,229.0,Plena Noite,Decrescente,Céu Claro,Múltipla,Reta,-23.5489,-46.6388,DEL01-SP,Risco Médio,Alta
quinta-feira,BR-101,425.0,Pleno dia,Decrescente,Céu Claro,Simples,Interseção de vias,-22.92619,-43.96323,DEL03-RJ,Risco Médio,Alta
sexta-feira,BR-262,98.0,Pleno dia,Crescente,Céu Claro,Simples,Curva,-20.56828,-52.48447,DEL07-MS,Risco Médio,Média
sexta-feira,BR-262,3.7,Pleno dia,Crescente,Nublado,Dupla,Reta,-20.33511,-40.37276,DEL01-ES,Risco Médio,Média
segunda-feira,BR-267,329.0,Plena Noite,Decrescente,Céu Claro,Simples,Reta,-21.60126,-54.83676,DEL02-MS,Risco Alto,Baixa
terça-feira,BR-153,501.0,Plena Noite,Decrescente,Céu Claro,Dupla,Interseção de vias,-16.71135,-49.23177,DEL01-GO,Risco Médio,Alta
domingo,BR-40,362.8,Plena Noite,Crescente,Nublado,Simples,Reta,-18.76271,-44.83951,DEL02-MG,Risco Alto,Alta
sábado,BR-116,77.3,Plena Noite,Decrescente,Nublado,Dupla,Reta,-22.88334,-45.27935,DEL08-SP,Risco Médio,Alta
sexta-feira,BR-381,334.3,Pleno dia,Decrescente,Céu Claro,Simples,Curva,-19.81026,-43.06303,DEL03-MG,Risco Médio,Alta
quinta-feira,BR-101,300.6,Pleno dia,Crescente,Céu Claro,Dupla,Reta,-20.35863,-40.43217,DEL01-ES,Risco Médio,Alta
quarta-feira,BR-381,649.0,Pleno dia,Crescente,Nublado,Dupla,Reta,-20.9574,-44.9028,DEL04-MG,Risco Baixo,Alta
sexta-feira,BR-60,3.0,Pleno dia,Crescente,Nublado,Dupla,Reta,-15.89052,-48.08686,DEL01-DF,Risco Médio,Média
quarta-feira,BR-408,93.0,Pleno dia,Decrescente,Sol,Dupla,Reta,-8.002014,-35.05474,DEL01-PE,Risco Médio,Baixa
terça-feira,BR-343,336.5,Pleno dia,Decrescente,Céu Claro,Múltipla,Reta,-5.062547,-42.70519,DEL01-PI,Risco Médio,Baixa
quinta-feira,BR-101,73.8,Anoitecer,Crescente,Céu Claro,Simples,Desvio Temporário,-5.711423,-35.2703,DEL02-RN,Risco Alto,Alta
quarta-feira,BR-324,597.3,Plena Noite,Decrescente,Nublado,Dupla,Reta,-12.74027,-38.43915,DEL01-BA,Risco Baixo,Baixa
sábado,BR-251,250.0,Pleno dia,Crescente,Céu Claro,Simples,Curva,-15.98208,-41.84006,DEL11-MG,Risco Médio,Baixa
segunda-feira,BR-104,100.8,Plena Noite,Crescente,Garoa/Chuvisco,Simples,Não Informado,-8.563684,-35.94758,DEL02-PE,Risco Baixo,Baixa
segunda-feira,BR-381,873.0,Amanhecer,Crescente,Nevoeiro/Neblina,Dupla,Curva,-22.422,-45.9667,DEL16-MG,Risco Baixo,Alta
terça-feira,BR-116,10.9,Plena Noite,Crescente,Céu Claro,Dupla,Curva,-22.5415,-44.79704,DEL08-SP,Risco Médio,Alta
sábado,BR-435,110.0,Pleno dia,Crescente,Céu Claro,Simples,Reta,-13.18945,-60.73759,DEL04-RO,Risco Médio,Baixa
domingo,BR-101,103.2,Pleno dia,Crescente,Céu Claro,Dupla,Retorno Regulamentado,-9.581803,-35.97346,DEL02-AL,Risco Médio,Alta
sábado,BR-101,96.2,Pleno dia,Crescente,Céu Claro,Múltipla,Reta,-5.849496,-35.20891,DEL01-RN,Risco Médio,Alta
quinta-feira,BR-163,978.0,Pleno dia,Crescente,Céu Claro,Simples,Rotatória,-10.78172,-55.15847,DEL06-MT,Risco Médio,Alta
quarta-feira,BR-376,182.0,Pleno dia,Decrescente,Céu Claro,Dupla,Reta,-23.43137,-51.88759,DEL09-PR,Risco Médio,Baixa
quarta-feira,BR-153,521.0,Pleno dia,Crescente,Nublado,Dupla,Reta,-16.8937,-49.2557,DEL01-GO,Risco Médio,Alta
sexta-feira,BR-280,305.0,Pleno dia,Crescente,Céu Claro,Simples,Reta,-26.2426,-51.0744,DEL06-SC,Risco Baixo,Baixa
segunda-feira,BR-381,867.6,Pleno dia,Crescente,Céu Claro,Dupla,Reta,-22.41192,-45.96177,DEL16-MG,Risco Médio,Alta
sexta-feira,BR-277,1.0,Anoitecer,Crescente,Chuva,Dupla,Reta,-25.55305,-48.55446,DEL01-PR,Risco Baixo,Média
segunda-feira,BR-101,198.7,Pleno dia,Decrescente,Céu Claro,Múltipla,Reta,-27.52659,-48.63506,DEL01-SC,Risco Médio,Alta
quinta-feira,BR-60,108.6,Pleno dia,Decrescente,Céu Claro,Dupla,Reta,-16.44366,-49.01997,DEL01-GO,Risco Médio,Média
domingo,BR-116,410.9,Pleno dia,Crescente,Sol,Simples,Reta,-12.1165,-38.96846,DEL02-BA,Risco Baixo,Alta
segunda-feira,BR-163,82.0,Pleno dia,Decrescente,Céu Claro,Simples,Reta,-23.44131,-54.20313,DEL09-MS,Risco Médio,Alta
sábado,BR-101,70.0,Pleno dia,Crescente,Céu Claro,Simples,Interseção de vias,-8.069762,-34.94041,DEL01-PE,Risco Médio,Alta
quarta-feira,BR-376,177.6,Pleno dia,Crescente,Sol,Dupla,Reta,-23.41537,-51.92516,DEL07-PR,Risco Médio,Baixa
sábado,BR-316,7.6,Pleno dia,Crescente,Céu Claro,Dupla,Reta,-1.368935,-48.3787,DEL01-PA,Risco Médio,Baixa
domingo,BR-364,537.0,Anoitecer,Decrescente,Céu Claro,Simples,Reta,-14.9459,-56.50287,DEL01-MT,Risco Médio,Alta
domingo,BR-101,296.4,Plena Noite,Crescente,Céu Claro,Dupla,Curva,-20.34501,-40.40604,DEL01-ES,Risco Médio,Alta
segunda-feira,BR-116,674.2,Pleno dia,Decrescente,Céu Claro,Simples,Interseção de vias,-13.871,-40.113,DEL03-BA,Risco Médio,Alta
sábado,BR-364,438.0,Anoitecer,Crescente,Chuva,Simples,Reta,-15.61613,-56.20505,DEL01-MT,Risco Médio,Alta
quinta-feira,BR-80,50.6,Plena Noite,Crescente,Céu Claro,Simples,Desvio Temporário,-15.15711,-48.32044,DEL01-DF,Risco Alto,Baixa
sábado,BR-364,514.2,Plena Noite,Decrescente,Nublado,Simples,Reta,-9.933984,-63.05523,DEL03-RO,Risco Alto,Alta
domingo,BR-163,258.6,Plena Noite,Decrescente,Céu Claro,Dupla,Reta,-22.25923,-54.79225,DEL04-MS,Risco Médio,Alta
quinta-feira,BR-40,474.0,Plena Noite,Crescente,Chuva,Dupla,Reta,-19.47458,-44.29165,DEL02-MG,Risco Médio,Alta
quinta-feira,BR-101,49.5,Pleno dia,Decrescente,Sol,Múltipla,Reta,-7.9068,-34.9013,DEL01-PE,Risco Baixo,Alta
segunda-feira,BR-101,198.5,Pleno dia,Crescente,Céu Claro,Múltipla,Reta,-27.53796,-48.62527,DEL01-SC,Risco Médio,Alta
terça-feira,BR-153,200.0,Plena Noite,Decrescente,Céu Claro,Simples,Reta,-14.5209,-49.1562,DEL07-GO,Risco Baixo,Alta
domingo,BR-235,56.8,Pleno dia,Crescente,Céu Claro,Simples,Reta,-10.65864,-37.44843,DEL01-SE,Risco Médio,Baixa
terça-feira,BR-262,589.5,Pleno dia,Crescente,Nublado,Simples,Curva,-19.666,-46.14695,DEL08-MG,Risco Médio,Média
sexta-feira,BR-101,32.0,Anoitecer,Crescente,Céu Claro,Dupla,Não Informado,-10.45035,-36.9385,DEL02-SE,Risco Baixo,Alta
segunda-feira,BR-101,203.4,Pleno dia,Decrescente,Sol,Dupla,Reta,-27.565,-48.6146,DEL01-SC,Risco Médio,Alta
terça-feira,BR-153,493.0,Pleno dia,Decrescente,Nublado,Múltipla,Reta,-16.6537,-49.2172,DEL01-GO,Risco Médio,Alta
domingo,BR-381,349.0,Plena Noite,Decrescente,Nublado,Simples,Não Informado,-19.85945,-43.10743,DEL03-MG,Risco Baixo,Alta
segunda-feira,BR-116,168.1,Plena Noite,Crescente,Céu Claro,Dupla,Reta,-25.86303,-49.4117,DEL01-PR,Risco Alto,Alta
segunda-feira,BR-101,31.0,Pleno dia,Decrescente,Céu Claro,Múltipla,Curva,-7.744439,-34.93873,DEL01-PE,Risco Médio,Alta
quinta-feira,BR-158,105.0,Pleno dia,Decrescente,Nublado,Simples,Curva,-26.86898,-53.16248,DEL07-SC,Risco Médio,Baixa
segunda-feira,BR-153,85.7,Pleno dia,Decrescente,Céu Claro,Simples,Não Informado,-23.65397,-50.15282,DEL07-PR,Risco Médio,Alta
terça-feira,BR-104,83.9,Plena Noite,Decrescente,Céu Claro,Dupla,Reta,-9.45008,-35.83194,DEL01-AL,Risco Baixo,Baixa
quarta-feira,BR-356,44.4,Pleno dia,Crescente,Chuva,Simples,Curva,-21.2262,-41.8096,DEL08-RJ,Risco Médio,Baixa
sábado,BR-70,13.0,Plena Noite,Decrescente,Céu Claro,Dupla,Reta,-15.79122,-48.15411,DEL01-DF,Risco Médio,Baixa
sexta-feira,BR-101,121.4,Plena Noite,Decrescente,Nublado,Múltipla,Reta,-26.92103,-48.70856,DEL04-SC,Risco Baixo,Alta
segunda-feira,BR-364,284.7,Amanhecer,Decrescente,Céu Claro,Dupla,Reta,-15.91115,-55.04114,DEL05-MT,Risco Baixo,Alta
segunda-feira,BR-369,33.0,Pleno dia,Decrescente,Céu Claro,Simples,Curva,-23.03427,-50.19719,DEL07-PR,Risco Baixo,Baixa
sexta-feira,BR-101,208.0,Amanhecer,Crescente,Garoa/Chuvisco,Múltipla,Reta,-27.60328,-48.63202,DEL01-SC,Risco Baixo,Alta
sexta-feira,BR-262,177.8,Anoitecer,Decrescente,Nublado,Simples,Curva,-19.92842,-42.97289,DEL03-MG,Risco Médio,Média
quinta-feira,BR-101,91.5,Pleno dia,Decrescente,Nublado,Simples,Reta,-10.8985,-37.13176,DEL01-SE,Risco Médio,Alta
domingo,BR-40,44.1,Plena Noite,Decrescente,Chuva,Simples,Reta,-17.23102,-46.8539,DEL14-MG,Risco Baixo,Alta
sábado,BR-116,136.0,Pleno dia,Decrescente,Céu Claro,Simples,Reta,-23.14874,-45.77864,DEL02-SP,Risco Baixo,Alta
quarta-feira,BR-316,287.0,Pleno dia,Decrescente,Céu Claro,Simples,Reta,-3.797174,-45.20569,DEL02-MA,Risco Médio,Baixa
terça-feira,BR-158,329.1,Pleno dia,Decrescente,Céu Claro,Simples,Reta,-29.70656,-53.8285,DEL09-RS,Risco Médio,Baixa
domingo,BR-282,22.1,Plena Noite,Crescente,Nublado,Simples,Reta,-27.68851,-48.72739,DEL01-SC,Risco Baixo,Baixa
quinta-feira,BR-381,480.4,Pleno dia,Decrescente,Céu Claro,Dupla,Curva,-19.9586,-44.0608,DEL01-MG,Risco Médio,Alta
domingo,BR-101,376.9,Pleno dia,Decrescente,Nublado,Dupla,Reta,-28.73268,-49.24442,DEL02-SC,Risco Médio,Alta
segunda-feira,BR-135,93.0,Amanhecer,Decrescente,Céu Claro,Simples,Reta,-3.314447,-44.43048,DEL01-MA,Risco Médio,Baixa
domingo,BR-101,297.0,Amanhecer,Crescente,Céu Claro,Múltipla,Reta,-22.76942,-42.91874,DEL02-RJ,Risco Baixo,Alta
domingo,BR-381,481.0,Pleno dia,Crescente,Céu Claro,Dupla,Reta,-19.9584,-44.0607,DEL01-MG,Risco Médio,Alta
domingo,BR-101,43.0,Amanhecer,Crescente,Nublado,Simples,Rotatória,-23.40978,-45.05941,DEL06-SP,Risco Médio,Alta
segunda-feira,BR-280,55.9,Pleno dia,Decrescente,Céu Claro,Simples,Reta,-26.4795,-49.00286,DEL03-SC,Risco Médio,Baixa
domingo,BR-251,356.0,Pleno dia,Decrescente,Céu Claro,Simples,Reta,-16.265,-42.5863,DEL12-MG,Risco Médio,Baixa
quarta-feira,BR-101,488.0,Anoitecer,Crescente,Céu Claro,Simples,Reta,-22.95648,-44.30121,DEL03-RJ,Risco Médio,Alta
sexta-feira,BR-230,23.0,Plena Noite,Crescente,Céu Claro,Dupla,Reta,-7.1562,-34.8574,DEL01-PB,Risco Médio,Baixa
quinta-feira,BR-158,130.2,Plena Noite,Decrescente,Céu Claro,Simples,Curva,-26.41147,-52.99725,DEL07-SC,Risco Baixo,Baixa
sexta-feira,BR-116,250.6,Pleno dia,Decrescente,Sol,Múltipla,Reta,-29.79294,-51.16429,DEL01-RS,Risco Médio,Alta
quarta-feira,BR-277,11.0,Plena Noite,Decrescente,Céu Claro,Dupla,Reta,-25.53253,-48.73535,DEL01-PR,Risco Baixo,Média
terça-feira,BR-101,48.7,Pleno dia,Decrescente,Céu Claro,Simples,Reta,-7.898,-34.9028,DEL01-PE,Risco Médio,Alta
sexta-feira,BR-153,673.0,Plena Noite,Decrescente,Nublado,Simples,Reta,-11.75064,-49.08887,DEL02-TO,Risco Médio,Alta
domingo,BR-232,8.6,Pleno dia,Crescente,Céu Claro,Dupla,Reta,-8.077378,-34.97687,DEL01-PE,Risco Médio,Baixa
segunda-feira,BR-101,437.7,Pleno dia,Crescente,Céu Claro,Múltipla,Reta,-29.12375,-49.65056,DEL02-SC,Risco Médio,Alta
terça-feira,BR-70,219.9,Pleno dia,Crescente,Céu Claro,Simples,Reta,-15.66653,-53.86227,DEL05-MT,Risco Médio,Baixa
segunda-feira,BR-101,87.5,Pleno dia,Crescente,Sol,Dupla,Curva,-26.63713,-48.69651,DEL03-SC,Risco Médio,Alta
quarta-feira,BR-470,176.0,Plena Noite,Crescente,Céu Claro,Simples,Reta,-28.92911,-51.54315,DEL06-RS,Risco Médio,Baixa
quarta-feira,BR-376,288.5,Pleno dia,Decrescente,Sol,Simples,Reta,-23.88344,-51.24517,DEL07-PR,Risco Baixo,Baixa
domingo,BR-364,262.5,Plena Noite,Crescente,Ignorado,Simples,Reta,-16.02332,-54.89985,DEL02-MT,Risco Alto,Alta
terça-feira,BR-101,49.0,Pleno dia,Decrescente,Céu Claro,Simples,Reta,-23.44652,-45.08116,DEL06-SP,Risco Médio,Alta
quinta-feira,BR-20,94.8,Pleno dia,Crescente,Nublado,Simples,Reta,-14.99049,-47.02542,DEL02-DF,Risco Médio,Baixa
quarta-feira,BR-232,10.0,Plena Noite,Decrescente,Chuva,Dupla,Não Informado,-8.079172,-34.98719,DEL01-PE,Risco Médio,Baixa
sábado,BR-343,336.5,Plena Noite,Decrescente,Céu Claro,Simples,Curva,-5.061689,-42.71173,DEL01-PI,Risco Médio,Baixa
domingo,BR-407,96.3,Plena Noite,Crescente,Céu Claro,Simples,Reta,-9.140888,-40.63665,DEL06-PE,Risco Alto,Baixa
segunda-feira,BR-116,498.5,Pleno dia,Crescente,Nublado,Simples,Não Informado,-19.54476,-42.12568,DEL06-MG,Risco Alto,Alta
sábado,BR-230,28.0,Pleno dia,Decrescente,Chuva,Dupla,Reta,-7.1651,-34.8941,DEL01-PB,Risco Médio,Baixa
terça-feira,BR-104,31.9,Plena Noite,Crescente,Nublado,Simples,Curva,-8.0208,-36.0528,DEL02-PE,Risco Baixo,Baixa
sexta-feira,BR-277,367.9,Pleno dia,Crescente,Céu Claro,Simples,Não Informado,-25.41364,-51.67598,DEL03-PR,Risco Médio,Média
domingo,BR-226,13.0,Pleno dia,Decrescente,Céu Claro,Simples,Reta,-6.618478,-47.5532,DEL02-TO,Risco Médio,Baixa
segunda-feira,BR-262,33.8,Plena Noite,Crescente,Céu Claro,Simples,Desvio Temporário,-20.24713,-42.14258,DEL06-MG,Risco Alto,Média
sexta-feira,BR-116,210.5,Pleno dia,Crescente,Céu Claro,Simples,Reta,-26.07479,-49.76117,DEL06-SC,Risco Baixo,Alta
domingo,BR-153,615.0,Plena Noite,Decrescente,Céu Claro,Simples,Reta,-11.2294,-48.93309,DEL01-TO,Risco Médio,Alta
sábado,BR-364,716.0,Plena Noite,Decrescente,Garoa/Chuvisco,Dupla,Não Informado,-8.795829,-63.90854,DEL01-RO,Risco Baixo,Alta
terça-feira,BR-60,167.7,Plena Noite,Crescente,Céu Claro,Simples,Interseção de vias,-16.7175,-49.3663,DEL01-GO,Risco Baixo,Média
sexta-feira,BR-376,5.2,Plena Noite,Decrescente,Céu Claro,Simples,Interseção de vias,-23.54829,-51.45077,DEL07-PR,Risco Médio,Baixa
domingo,BR-277,595.0,Anoitecer,Crescente,Céu Claro,Simples,Curva,-24.98155,-53.50142,DEL04-PR,Risco Baixo,Média
quarta-feira,BR-277,325.1,Plena Noite,Crescente,Garoa/Chuvisco,Simples,Curva,-25.37349,-51.31931,DEL03-PR,Risco Baixo,Média
terça-feira,BR-70,290.0,Amanhecer,Decrescente,Céu Claro,Simples,Não Informado,-15.81722,-50.62818,DEL04-GO,Risco Médio,Baixa
terça-feira,BR-116,50.6,Pleno dia,Decrescente,Céu Claro,Dupla,Reta,-22.73604,-45.08433,DEL08-SP,Risco Médio,Alta
domingo,BR-101,356.0,Pleno dia,Crescente,Céu Claro,Simples,Curva,-13.6624,-39.4786,DEL05-BA,Risco Médio,Alta
terça-feira,BR-381,927.0,Pleno dia,Decrescente,Nublado,Dupla,Não Informado,-22.76752,-46.21709,DEL16-MG,Risco Baixo,Alta
sábado,BR-40,760.2,Pleno dia,Decrescente,Céu Claro,Simples,Não Informado,-21.5608,-43.4967,DEL05-MG,Risco Alto,Alta
segunda-feira,BR-262,473.0,Pleno dia,Crescente,Céu Claro,Simples,Reta,-19.79019,-45.184,DEL08-MG,Risco Baixo,Média
domingo,BR-251,410.2,Amanhecer,Crescente,Céu Claro,Simples,Reta,-16.27905,-42.99926,DEL12-MG,Risco Médio,Baixa
quarta-feira,BR-116,127.0,Pleno dia,Crescente,Céu Claro,Dupla,Reta,-22.65707,-43.12868,DEL04-RJ,Risco Médio,Alta
sábado,BR-20,22.3,Pleno dia,Crescente,Céu Claro,Dupla,Reta,-15.59834,-47.67619,DEL02-DF,Risco Médio,Baixa
segunda-feira,BR-476,134.0,Plena Noite,Crescente,Céu Claro,Múltipla,Reta,-25.47652,-49.25994,DEL01-PR,Risco Médio,Baixa
quinta-feira,BR-116,385.0,Plena Noite,Decrescente,Garoa/Chuvisco,Dupla,Reta,-24.26169,-47.37838,DEL04-SP,Risco Médio,Alta
segunda-feira,BR-110,52.2,Pleno dia,Decrescente,Sol,Simples,Reta,-5.235871,-37.33188,DEL04-RN,Risco Médio,Baixa
domingo,BR-381,1.0,Pleno dia,Crescente,Sol,Dupla,Reta,-19.96625,-44.19422,DEL01-MG,Risco Baixo,Alta
quinta-feira,BR-262,761.8,Pleno dia,Decrescente,Céu Claro,Simples,Reta,-19.66828,-47.61093,DEL13-MG,Risco Médio,Média
sexta-feira,BR-262,1.0,Anoitecer,Decrescente,Nublado,Dupla,Reta,-20.32912,-40.35479,DEL01-ES,Risco Baixo,Média
domingo,BR-174,120.0,Pleno dia,Decrescente,Céu Claro,Simples,Curva,-15.82776,-58.07253,DEL03-MT,Risco Baixo,Baixa
quinta-feira,BR-367,83.0,Pleno dia,Crescente,Céu Claro,Simples,Reta,-16.37256,-39.57064,DEL09-BA,Risco Médio,Baixa
domingo,BR-407,119.4,Plena Noite,Decrescente,Ignorado,Simples,Interseção de vias,-9.336268,-40.56221,DEL06-PE,Risco Alto,Baixa
segunda-feira,BR-153,40.0,Pleno dia,Crescente,Nublado,Simples,Reta,-23.28791,-50.05926,DEL07-PR,Risco Baixo,Alta
quinta-feira,BR-101,234.0,Pleno dia,Decrescente,Céu Claro,Dupla,Não Informado,-27.8181,-48.6313,DEL01-SC,Risco Médio,Alta
quarta-feira,BR-101,86.2,Pleno dia,Decrescente,Chuva,Dupla,Curva,-21.82668,-41.48739,DEL08-RJ,Risco Médio,Alta
sexta-feira,BR-50,65.7,Pleno dia,Crescente,Céu Claro,Dupla,Interseção de vias,-18.85969,-48.25716,DEL15-MG,Risco Médio,Média
sábado,BR-470,314.0,Plena Noite,Decrescente,Céu Claro,Simples,Reta,-27.39466,-51.19272,DEL07-SC,Risco Médio,Baixa
quarta-feira,BR-116,250.0,Pleno dia,Crescente,Sol,Dupla,Reta,-29.78992,-51.16357,DEL01-RS,Risco Baixo,Alta
quarta-feira,BR-251,474.2,Amanhecer,Crescente,Céu Claro,Simples,Curva,-16.4713,-43.45674,DEL12-MG,Risco Médio,Baixa
segunda-feira,BR-101,221.1,Amanhecer,Crescente,Chuva,Simples,Reta,-19.86696,-40.40056,DEL02-ES,Risco Médio,Alta
domingo,BR-386,344.6,Plena Noite,Decrescente,Céu Claro,Simples,Reta,-29.43927,-51.99363,DEL04-RS,Risco Médio,Média
quinta-feira,BR-174,501.0,Pleno dia,Crescente,Céu Claro,Dupla,Reta,2.784155,-60.70154,DEL01-RR,Risco Médio,Baixa
sexta-feira,BR-226,70.2,Pleno dia,Crescente,Nublado,Simples,Curva,-6.116357,-35.7178,DEL03-RN,Risco Médio,Baixa
segunda-feira,BR-222,82.0,Plena Noite,Crescente,Céu Claro,Simples,Reta,-3.6765,-39.2756,DEL04-CE,Risco Baixo,Baixa
quarta-feira,BR-316,262.0,Plena Noite,Decrescente,Céu Claro,Simples,Reta,-3.675505,-45.38047,DEL02-MA,Risco Baixo,Baixa
domingo,BR-101,258.2,Plena Noite,Crescente,Céu Claro,Dupla,Reta,-20.12939,-40.2978,DEL02-ES,Risco Médio,Alta
sexta-feira,BR-163,458.5,Plena Noite,Crescente,Céu Claro,Simples,Não Informado,-20.66404,-54.56068,DEL01-MS,Risco Médio,Alta
quarta-feira,BR-163,953.0,Pleno dia,Decrescente,Nublado,Simples,Curva,-10.86901,-55.19595,DEL06-MT,Risco Médio,Alta
sábado,BR-101,557.0,Pleno dia,Decrescente,Céu Claro,Simples,Desvio Temporário,-15.32683,-39.50062,DEL05-BA,Risco Médio,Alta
domingo,BR-101,114.0,Pleno dia,Crescente,Nublado,Simples,Não Informado,-9.636633,-36.03046,DEL02-AL,Risco Médio,Alta
sábado,BR-262,785.9,Anoitecer,Crescente,Chuva,Simples,Reta,-19.76288,-47.80414,DEL13-MG,Risco Médio,Média
sexta-feira,BR-393,283.5,Pleno dia,Decrescente,Sol,Dupla,Reta,-22.47606,-44.04976,DEL05-RJ,Risco Alto,Média
sexta-feira,BR-381,665.0,Pleno dia,Decrescente,Nublado,Dupla,Curva,-21.05494,-45.03104,DEL04-MG,Risco Médio,Alta
segunda-feira,BR-101,204.0,Plena Noite,Crescente,Céu Claro,Dupla,Reta,-19.74949,-40.37923,DEL02-ES,Risco Médio,Alta
terça-feira,BR-101,203.0,Amanhecer,Decrescente,Nublado,Múltipla,Reta,-27.565,-48.6146,DEL01-SC,Risco Médio,Alta
sexta-feira,BR-153,145.0,Pleno dia,Crescente,Céu Claro,Simples,Reta,-14.03825,-49.08835,DEL07-GO,Risco Médio,Alta
sábado,BR-319,63.0,Pleno dia,Crescente,Céu Claro,Múltipla,Reta,-8.766685,-63.88405,DEL01-RO,Risco Médio,Baixa
sexta-feira,BR-40,84.0,Pleno dia,Crescente,Chuva,Simples,Não Informado,-22.52146,-43.23708,DEL06-RJ,Risco Baixo,Alta
sábado,BR-364,465.0,Pleno dia,Decrescente,Céu Claro,Simples,Reta,-15.49423,-56.27855,DEL01-MT,Risco Médio,Alta
segunda-feira,BR-381,455.0,Plena Noite,Crescente,Céu Claro,Simples,Reta,-19.8381,-43.8838,DEL01-MG,Risco Médio,Alta
segunda-feira,BR-174,502.0,Pleno dia,Crescente,Céu Claro,Dupla,Curva,2.787376,-60.69952,DEL01-RR,Risco Médio,Baixa