dia_semana,br,km,fase_dia,sentido_via,condicao_metereologica,tipo_pista,tracado_via,latitude,longitude,delegacia,classificacao_acidente,postos_policiais_PRF
sexta-feira,BR-40,517.5,Pleno dia,Crescente,Céu Claro,Dupla,Reta,-19.82351,-44.08439,DEL01-MG,Risco Médio,Alta
domingo,BR-70,6.7,Plena Noite,Decrescente,Céu Claro,Dupla,Reta,-15.87808,-52.31177,DEL07-MT,Risco Médio,Baixa
terça-feira,BR-20,9.2,Plena Noite,Decrescente,Chuva,Dupla,Curva,-15.65467,-47.78292,DEL02-DF,Risco Baixo,Baixa
segunda-feira,BR-116,209.0,Pleno dia,Decrescente,Garoa/Chuvisco,Simples,Reta,-26.08596,-49.77849,DEL06-SC,Risco Médio,Alta
sexta-feira,BR-381,538.0,Plena Noite,Decrescente,Nublado,Dupla,Reta,-20.21348,-44.39258,DEL04-MG,Risco Médio,Alta
segunda-feira,BR-101,112.8,Plena Noite,Decrescente,Nublado,Múltipla,Reta,-26.8533,-48.7265,DEL04-SC,Risco Médio,Alta
segunda-feira,BR-101,146.0,Plena Noite,Crescente,Céu Claro,Múltipla,Retorno Regulamentado,-19.36991,-40.06561,DEL04-ES,Risco Médio,Alta
quinta-feira,BR-262,58.0,Amanhecer,Crescente,Céu Claro,Simples,Curva,-20.71991,-52.13487,DEL07-MS,Risco Médio,Média
sábado,BR-402,273.8,Pleno dia,Crescente,Céu Claro,Simples,Reta,-3.497823,-39.50489,DEL01-CE,Risco Alto,Baixa
quinta-feira,BR-101,66.8,Pleno dia,Crescente,Céu Claro,Múltipla,Reta,-8.036154,-34.94146,DEL01-PE,Risco Médio,Alta
sexta-feira,BR-316,82.0,Plena Noite,Crescente,Céu Claro,Simples,Interseção de vias,-5.765278,-42.61116,DEL01-PI,Risco Médio,Baixa
domingo,BR-50,34.6,Plena Noite,Crescente,Céu Claro,Dupla,Reta,-18.64696,-48.13009,DEL15-MG,Risco Médio,Média
segunda-feira,BR-40,611.2,Pleno dia,Crescente,Céu Claro,Simples,Curva,-20.51044,-43.84039,DEL05-MG,Risco Médio,Alta
domingo,BR-414,436.0,Pleno dia,Decrescente,Sol,Simples,Reta,-16.25369,-48.93584,DEL02-GO,Risco Médio,Baixa
quinta-feira,BR-101,206.0,Plena Noite,Decrescente,Chuva,Dupla,Reta,-27.59164,-48.61788,DEL01-SC,Risco Médio,Alta
domingo,BR-376,621.0,Plena Noite,Crescente,Nublado,Dupla,Reta,-25.61783,-49.1691,DEL01-PR,Risco Baixo,Baixa
terça-feira,BR-476,285.0,Plena Noite,Crescente,Nevoeiro/Neblina,Simples,Reta,-25.90735,-50.44406,DEL02-PR,Risco Médio,Baixa
domingo,BR-116,30.5,Plena Noite,Decrescente,Céu Claro,Dupla,Curva,-4.024,-38.5168,DEL01-CE,Risco Médio,Alta
quinta-feira,BR-153,701.5,Pleno dia,Crescente,Céu Claro,Simples,Desvio Temporário,-18.3979,-49.20398,DEL03-GO,Risco Médio,Alta
sábado,BR-153,63.2,Plena Noite,Crescente,Garoa/Chuvisco,Dupla,Curva,-20.82235,-49.3581,DEL09-SP,Risco Baixo,Alta
terça-feira,BR-381,725.2,Pleno dia,Crescente,Sol,Dupla,Reta,-21.47193,-45.20427,DEL04-MG,Risco Médio,Alta
quinta-feira,BR-304,50.1,Pleno dia,Crescente,Céu Claro,Simples,Reta,-4.573529,-37.76246,DEL03-CE,Risco Médio,Baixa
sexta-feira,BR-40,445.0,Anoitecer,Decrescente,Céu Claro,Dupla,Reta,-19.28815,-44.392,DEL02-MG,Risco Médio,Alta
sábado,BR-319,59.5,Plena Noite,Crescente,Garoa/Chuvisco,Dupla,Reta,-8.740882,-63.89408,DEL01-RO,Risco Baixo,Baixa
sábado,BR-50,21.2,Plena Noite,Decrescente,Chuva,Dupla,Reta,-18.59591,-48.05356,DEL15-MG,Risco Médio,Média
quinta-feira,BR-262,6.8,Pleno dia,Crescente,Céu Claro,Dupla,Reta,-20.34246,-40.40209,DEL01-ES,Risco Baixo,Média
quinta-feira,BR-60,377.0,Pleno dia,Decrescente,Chuva,Dupla,Desvio Temporário,-17.739,-50.8729,DEL04-GO,Risco Médio,Média
domingo,BR-163,984.0,Pleno dia,Crescente,Sol,Simples,Reta,-10.61978,-55.12025,DEL06-MT,Risco Médio,Alta
quarta-feira,BR-376,176.0,Plena Noite,Crescente,Céu Claro,Múltipla,Não Informado,-23.41269,-51.93158,DEL09-PR,Risco Médio,Baixa
segunda-feira,BR-316,173.0,Plena Noite,Decrescente,Céu Claro,Simples,Reta,-9.5412,-36.5247,DEL03-AL,Risco Baixo,Baixa
terça-feira,BR-476,129.0,Pleno dia,Crescente,Sol,Dupla,Reta,-25.44497,-49.23453,DEL01-PR,Risco Médio,Baixa
sexta-feira,BR-376,491.5,Pleno dia,Crescente,Nublado,Dupla,Reta,-25.11167,-50.18893,DEL03-PR,Risco Médio,Baixa
segunda-feira,BR-386,69.3,Pleno dia,Decrescente,Sol,Simples,Reta,-27.66005,-53.31626,DEL08-RS,Risco Médio,Média
quarta-feira,BR-316,222.2,Plena Noite,Crescente,Chuva,Simples,Curva,-9.4688,-36.17602,DEL01-AL,Risco Baixo,Baixa
terça-feira,BR-116,824.9,Pleno dia,Decrescente,Céu Claro,Simples,Interseção de vias,-14.86998,-40.85082,DEL08-BA,Risco Médio,Alta
quinta-feira,BR-163,139.8,Pleno dia,Decrescente,Nublado,Simples,Curva,-25.50498,-53.59385,DEL04-PR,Risco Médio,Alta
sábado,BR-251,401.1,Pleno dia,Decrescente,Céu Claro,Simples,Reta,-16.23196,-42.90958,DEL12-MG,Risco Médio,Baixa
sábado,BR-376,515.8,Plena Noite,Crescente,Nublado,Dupla,Reta,-25.28195,-49.9205,DEL03-PR,Risco Médio,Baixa
segunda-feira,BR-101,74.3,Plena Noite,Crescente,Céu Claro,Simples,Reta,-8.1107,-34.9462,DEL01-PE,Risco Médio,Alta
domingo,BR-230,5.9,Pleno dia,Decrescente,Chuva,Dupla,Não Informado,-7.021119,-34.83586,DEL01-PB,Risco Médio,Baixa
terça-feira,BR-316,111.0,Pleno dia,Decrescente,Nublado,Simples,Reta,-1.31709,-47.51317,DEL01-PA,Risco Baixo,Baixa
domingo,BR-324,1.9,Amanhecer,Decrescente,Céu Claro,Simples,Reta,-12.28347,-38.94724,DEL02-BA,Risco Médio,Baixa
sábado,BR-364,341.0,Pleno dia,Crescente,Nublado,Dupla,Reta,-10.88988,-61.93127,DEL02-RO,Risco Médio,Alta
quinta-feira,BR-277,725.0,Pleno dia,Decrescente,Céu Claro,Dupla,Reta,-25.50824,-54.5462,DEL05-PR,Risco Médio,Média
segunda-feira,BR-104,71.9,Pleno dia,Decrescente,Céu Claro,Simples,Curva,-9.3621,-35.85,DEL01-AL,Risco Médio,Baixa
sexta-feira,BR-343,212.6,Plena Noite,Crescente,Céu Claro,Simples,Reta,-4.448911,-41.92829,DEL01-PI,Risco Médio,Baixa
sexta-feira,BR-153,62.6,Pleno dia,Crescente,Céu Claro,Múltipla,Não Informado,-20.81325,-49.35676,DEL09-SP,Risco Médio,Alta
sábado,BR-277,3.0,Pleno dia,Crescente,Céu Claro,Dupla,Rotatória,-25.5682,-48.61529,DEL01-PR,Risco Baixo,Média
quarta-feira,BR-116,290.0,Pleno dia,Decrescente,Céu Claro,Dupla,Curva,-23.71832,-46.88201,DEL04-SP,Risco Baixo,Alta
quinta-feira,BR-470,93.0,Pleno dia,Decrescente,Céu Claro,Simples,Curva,-26.99448,-49.37591,DEL04-SC,Risco Médio,Baixa
quinta-feira,BR-101,313.0,Plena Noite,Crescente,Nublado,Simples,Reta,-22.81049,-43.06983,DEL02-RJ,Risco Baixo,Alta
sábado,BR-277,130.5,Pleno dia,Crescente,Nevoeiro/Neblina,Simples,Não Informado,-25.47917,-49.64627,DEL01-PR,Risco Baixo,Média
sábado,BR-158,207.9,Plena Noite,Crescente,Céu Claro,Simples,Curva,-23.98563,-52.34779,DEL04-PR,Risco Baixo,Baixa
sábado,BR-381,5.0,Plena Noite,Crescente,Nublado,Dupla,Curva,-19.99007,-44.19133,DEL01-MG,Risco Médio,Alta
sábado,BR-282,344.0,Plena Noite,Crescente,Céu Claro,Simples,Reta,-27.38117,-51.24008,DEL07-SC,Risco Médio,Baixa
sábado,BR-101,50.0,Pleno dia,Crescente,Nublado,Simples,Reta,-18.6038,-39.887,DEL04-ES,Risco Baixo,Alta
quarta-feira,BR-40,511.0,Plena Noite,Decrescente,Céu Claro,Dupla,Reta,-19.78164,-44.11733,DEL01-MG,Risco Médio,Alta
sexta-feira,BR-476,356.3,Pleno dia,Crescente,Nublado,Simples,Reta,-26.1977,-51.0481,DEL02-PR,Risco Médio,Baixa
segunda-feira,BR-40,463.1,Pleno dia,Crescente,Chuva,Dupla,Não Informado,-19.42221,-44.33886,DEL02-MG,Risco Médio,Alta
sexta-feira,BR-277,476.0,Plena Noite,Crescente,Céu Claro,Simples,Não Informado,-25.3057,-52.55588,DEL04-PR,Risco Médio,Média
terça-feira,BR-116,126.6,Pleno dia,Decrescente,Céu Claro,Dupla,Reta,-25.64081,-49.31287,DEL01-PR,Risco Médio,Alta
sexta-feira,BR-101,243.0,Plena Noite,Decrescente,Nublado,Simples,Não Informado,-22.62511,-42.42746,DEL02-RJ,Risco Baixo,Alta
sexta-feira,BR-392,63.0,Pleno dia,Crescente,Céu Claro,Simples,Reta,-31.77188,-52.3631,DEL07-RS,Risco Médio,Média
segunda-feira,BR-282,83.0,Pleno dia,Decrescente,Chuva,Simples,Curva,-27.66615,-49.17502,DEL01-SC,Risco Médio,Baixa
terça-feira,BR-101,162.0,Pleno dia,Crescente,Chuva,Dupla,Interseção de vias,-27.2235,-48.6273,DEL04-SC,Risco Médio,Alta
segunda-feira,BR-282,2.5,Plena Noite,Crescente,Nublado,Dupla,Reta,-27.6018,-48.59404,DEL01-SC,Risco Médio,Baixa
terça-feira,BR-116,274.9,Plena Noite,Decrescente,Céu Claro,Dupla,Reta,-17.83385,-41.51094,DEL11-MG,Risco Médio,Alta
sexta-feira,BR-367,80.0,Pleno dia,Crescente,Sol,Simples,Curva,-16.36965,-39.5425,DEL09-BA,Risco Baixo,Baixa
sábado,BR-285,48.0,Plena Noite,Crescente,Céu Claro,Simples,Reta,-28.66916,-50.31732,DEL05-RS,Risco Médio,Baixa
quarta-feira,BR-153,606.2,Pleno dia,Crescente,Chuva,Dupla,Não Informado,-17.6034,-49.1878,DEL03-GO,Risco Médio,Alta
quinta-feira,BR-101,87.0,Pleno dia,Decrescente,Céu Claro,Dupla,Reta,-21.8259,-41.4962,DEL08-RJ,Risco Baixo,Alta
quarta-feira,BR-452,184.3,Pleno dia,Decrescente,Céu Claro,Simples,Reta,-18.39653,-49.32734,DEL03-GO,Risco Médio,Baixa
terça-feira,BR-40,730.4,Plena Noite,Crescente,Céu Claro,Dupla,Curva,-21.33379,-43.58662,DEL05-MG,Risco Alto,Alta
sábado,BR-101,337.0,Pleno dia,Decrescente,Céu Claro,Múltipla,Não Informado,-28.49078,-49.03906,DEL02-SC,Risco Médio,Alta
quinta-feira,BR-376,592.1,Plena Noite,Decrescente,Chuva,Dupla,Reta,-25.47247,-49.35258,DEL01-PR,Risco Médio,Baixa
quarta-feira,BR-101,238.4,Pleno dia,Crescente,Sol,Simples,Curva,-20.00196,-40.41321,DEL02-ES,Risco Médio,Alta
sábado,BR-60,0.0,Plena Noite,Decrescente,Céu Claro,Simples,Viaduto,-15.8825,-48.06021,DEL01-DF,Risco Médio,Média
sexta-feira,BR-101,325.0,Pleno dia,Decrescente,Céu Claro,Múltipla,Reta,-22.90685,-43.1729,DEL02-RJ,Risco Médio,Alta
sábado,BR-101,39.0,Plena Noite,Crescente,Céu Claro,Dupla,Reta,-26.26281,-48.90192,DEL03-SC,Risco Baixo,Alta
segunda-feira,BR-101,254.2,Pleno dia,Decrescente,Chuva,Dupla,Ponte,-20.12152,-40.30779,DEL02-ES,Risco Médio,Alta
sexta-feira,BR-50,177.0,Plena Noite,Decrescente,Chuva,Dupla,Reta,-19.77915,-47.95048,DEL13-MG,Risco Médio,Média
terça-feira,BR-381,689.8,Plena Noite,Crescente,Chuva,Dupla,Curva,-21.19904,-45.11937,DEL04-MG,Risco Baixo,Alta
sexta-feira,BR-116,294.7,Plena Noite,Crescente,Céu Claro,Dupla,Curva,-22.45924,-44.29072,DEL07-RJ,Risco Alto,Alta
domingo,BR-101,136.0,Anoitecer,Decrescente,Ignorado,Dupla,Reta,-27.00934,-48.61585,DEL04-SC,Risco Médio,Alta
quarta-feira,BR-101,88.0,Pleno dia,Crescente,Céu Claro,Dupla,Não Informado,-10.87034,-37.1345,DEL01-SE,Risco Médio,Alta
sábado,BR-101,178.7,Pleno dia,Crescente,Sol,Dupla,Curva,-8.621085,-35.55116,DEL01-PE,Risco Médio,Alta
sábado,BR-230,8.0,Plena Noite,Decrescente,Céu Claro,Múltipla,Túnel,-7.044577,-34.84662,DEL01-PB,Risco Médio,Baixa
quarta-feira,BR-116,744.5,Plena Noite,Crescente,Nublado,Simples,Não Informado,-14.42487,-40.35332,DEL08-BA,Risco Baixo,Alta
terça-feira,BR-470,99.3,Pleno dia,Decrescente,Céu Claro,Simples,Reta,-27.02963,-49.38238,DEL04-SC,Risco Médio,Baixa
domingo,BR-50,280.0,Pleno dia,Decrescente,Céu Claro,Dupla,Reta,-18.1784,-47.9362,DEL06-GO,Risco Baixo,Média
domingo,BR-116,680.0,Pleno dia,Decrescente,Nublado,Simples,Curva,-20.94186,-42.34362,DEL07-MG,Risco Médio,Alta
sábado,BR-101,102.5,Pleno dia,Decrescente,Céu Claro,Dupla,Reta,-21.89925,-41.6027,DEL08-RJ,Risco Baixo,Alta
quarta-feira,BR-20,416.0,Pleno dia,Crescente,Nublado,Simples,Não Informado,-3.834763,-38.61102,DEL01-CE,Risco Médio,Baixa
quarta-feira,BR-101,327.6,Plena Noite,Decrescente,Chuva,Dupla,Não Informado,-28.43025,-48.95208,DEL02-SC,Risco Baixo,Alta
domingo,BR-267,48.8,Plena Noite,Crescente,Céu Claro,Simples,Reta,-21.69988,-42.98625,DEL07-MG,Risco Médio,Baixa
terça-feira,BR-101,201.5,Pleno dia,Crescente,Céu Claro,Dupla,Reta,-27.5572,-48.6188,DEL01-SC,Risco Médio,Alta
segunda-feira,BR-50,72.0,Pleno dia,Decrescente,Céu Claro,Simples,Reta,-18.91461,-48.27538,DEL15-MG,Risco Médio,Média
terça-feira,BR-369,57.0,Anoitecer,Crescente,Garoa/Chuvisco,Simples,Reta,-23.1338,-50.40048,DEL07-PR,Risco Médio,Baixa
sábado,BR-50,278.8,Pleno dia,Crescente,Céu Claro,Simples,Reta,-18.17304,-47.92712,DEL06-GO,Risco Médio,Média
quinta-feira,BR-376,507.0,Pleno dia,Crescente,Céu Claro,Dupla,Reta,-25.24705,-50.02183,DEL03-PR,Risco Baixo,Baixa
sexta-feira,BR-101,67.5,Plena Noite,Crescente,Chuva,Múltipla,Reta,-8.048485,-34.94538,DEL01-PE,Risco Médio,Alta
quinta-feira,BR-116,283.0,Pleno dia,Decrescente,Céu Claro,Simples,Não Informado,-17.91017,-41.52564,DEL11-MG,Risco Baixo,Alta
sábado,BR-470,222.0,Plena Noite,Crescente,Céu Claro,Dupla,Interseção de vias,-29.22068,-51.51693,DEL06-RS,Risco Alto,Baixa
sábado,BR-10,47.0,Pleno dia,Crescente,Céu Claro,Simples,Reta,-4.037293,-47.54463,DEL02-PA,Risco Médio,Baixa
domingo,BR-381,705.5,Pleno dia,Decrescente,Céu Claro,Dupla,Curva,-21.34965,-45.17946,DEL04-MG,Risco Médio,Alta
domingo,BR-50,257.0,Pleno dia,Crescente,Chuva,Dupla,Reta,-18.0231,-47.8203,DEL06-GO,Risco Médio,Média
sexta-feira,BR-277,311.0,Pleno dia,Crescente,Chuva,Simples,Reta,-25.31577,-51.18862,DEL08-PR,Risco Médio,Média
sábado,BR-392,26.6,Pleno dia,Crescente,Sol,Dupla,Curva,-32.07835,-52.25665,DEL07-RS,Risco Médio,Média
sexta-feira,BR-116,28.0,Plena Noite,Decrescente,Céu Claro,Dupla,Reta,-3.993072,-38.51628,DEL01-CE,Risco Alto,Alta
domingo,BR-364,209.6,Pleno dia,Decrescente,Sol,Dupla,Curva,-16.42895,-54.69338,DEL02-MT,Risco Médio,Alta
terça-feira,BR-101,45.0,Pleno dia,Decrescente,Sol,Simples,Reta,-18.54284,-39.90547,DEL04-ES,Risco Médio,Alta
domingo,BR-101,214.8,Plena Noite,Decrescente,Céu Claro,Simples,Interseção de vias,-19.83014,-40.37898,DEL02-ES,Risco Médio,Alta
sexta-feira,BR-116,552.5,Plena Noite,Crescente,Céu Claro,Simples,Reta,-19.98477,-42.14343,DEL06-MG,Risco Médio,Alta
sexta-feira,BR-277,448.0,Plena Noite,Crescente,Garoa/Chuvisco,Simples,Reta,-25.37013,-52.33095,DEL04-PR,Risco Baixo,Média
sábado,BR-392,292.0,Plena Noite,Crescente,Nublado,Simples,Curva,-30.20408,-53.56279,DEL09-RS,Risco Baixo,Média
domingo,BR-230,82.2,Plena Noite,Crescente,Céu Claro,Dupla,Curva,-7.1727,-35.3284,DEL01-PB,Risco Médio,Baixa
sexta-feira,BR-470,174.6,Pleno dia,Decrescente,Céu Claro,Simples,Não Informado,-27.25818,-49.92915,DEL04-SC,Risco Médio,Baixa
quarta-feira,BR-60,169.5,Plena Noite,Crescente,Garoa/Chuvisco,Múltipla,Reta,-16.72985,-49.38801,DEL01-GO,Risco Médio,Média
terça-feira,BR-116,72.8,Plena Noite,Decrescente,Nublado,Simples,Reta,-26.48707,-50.23276,DEL06-SC,Risco Baixo,Alta
sexta-feira,BR-376,4.0,Pleno dia,Crescente,Sol,Dupla,Reta,-25.5307,-49.1958,DEL01-PR,Risco Médio,Baixa
sábado,BR-381,616.3,Plena Noite,Crescente,Céu Claro,Dupla,Não Informado,-20.72412,-44.76957,DEL04-MG,Risco Baixo,Alta
quinta-feira,BR-369,127.7,Plena Noite,Crescente,Céu Claro,Dupla,Retorno Regulamentado,-23.27125,-50.96619,DEL07-PR,Risco Médio,Baixa
sábado,BR-101,90.4,Plena Noite,Decrescente,Chuva,Dupla,Reta,-10.88958,-37.13257,DEL01-SE,Risco Baixo,Alta
quarta-feira,BR-101,200.8,Pleno dia,Crescente,Sol,Múltipla,Reta,-27.54019,-48.62288,DEL01-SC,Risco Médio,Alta
domingo,BR-116,825.0,Anoitecer,Crescente,Céu Claro,Dupla,Reta,-14.86967,-40.85102,DEL08-BA,Risco Baixo,Alta
quinta-feira,BR-101,70.4,Pleno dia,Crescente,Céu Claro,Simples,Reta,-21.78101,-41.37336,DEL08-RJ,Risco Médio,Alta
sábado,BR-222,7.0,Pleno dia,Decrescente,Céu Claro,Dupla,Reta,-3.749515,-38.62996,DEL01-CE,Risco Médio,Baixa
sábado,BR-470,128.0,Anoitecer,Decrescente,Céu Claro,Simples,Desvio Temporário,-27.14374,-49.5489,DEL04-SC,Risco Médio,Baixa
sexta-feira,BR-101,116.2,Pleno dia,Decrescente,Chuva,Dupla,Não Informado,-7.405261,-34.95492,DEL01-PB,Risco Médio,Alta
sexta-feira,BR-101,208.0,Plena Noite,Crescente,Céu Claro,Dupla,Curva,-27.60328,-48.63202,DEL01-SC,Risco Baixo,Alta
terça-feira,BR-101,66.9,Pleno dia,Decrescente,Céu Claro,Dupla,Reta,-8.042446,-34.94319,DEL01-PE,Risco Médio,Alta
domingo,BR-468,4.0,Plena Noite,Decrescente,Garoa/Chuvisco,Simples,Interseção de vias,-27.86646,-53.33279,DEL08-RS,Risco Baixo,Baixa
segunda-feira,BR-101,203.9,Pleno dia,Decrescente,Nublado,Múltipla,Reta,-27.57365,-48.61334,DEL01-SC,Risco Médio,Alta
sábado,BR-424,93.7,Pleno dia,Decrescente,Céu Claro,Simples,Curva,-9.596773,-35.87859,DEL02-AL,Risco Médio,Baixa
sábado,BR-282,18.2,Plena Noite,Crescente,Céu Claro,Simples,Não Informado,-27.6728,-48.69429,DEL01-SC,Risco Médio,Baixa
sábado,BR-163,759.0,Plena Noite,Crescente,Céu Claro,Simples,Reta,-12.49859,-55.68768,DEL06-MT,Risco Médio,Alta
sexta-feira,BR-277,42.9,Pleno dia,Decrescente,Nublado,Dupla,Curva,-25.59189,-48.89497,DEL01-PR,Risco Médio,Média
domingo,BR-40,96.0,Pleno dia,Decrescente,Céu Claro,Simples,Curva,-22.56877,-43.27694,DEL01-RJ,Risco Médio,Alta
segunda-feira,BR-428,129.0,Pleno dia,Crescente,Céu Claro,Simples,Rotatória,-9.399333,-40.50458,DEL06-PE,Risco Médio,Baixa
quinta-feira,BR-210,3.5,Pleno dia,Crescente,Céu Claro,Simples,Reta,0.08795496,-51.092,DEL01-AP,Risco Médio,Baixa
quarta-feira,BR-476,113.5,Pleno dia,Crescente,Céu Claro,Simples,Não Informado,-25.32723,-49.15984,DEL01-PR,Risco Alto,Baixa
sábado,BR-135,209.0,Plena Noite,Crescente,Céu Claro,Simples,Reta,-8.092287,-43.67177,DEL03-PI,Risco Médio,Baixa
segunda-feira,BR-153,700.0,Pleno dia,Decrescente,Céu Claro,Dupla,Reta,-18.3945,-49.2051,DEL03-GO,Risco Médio,Alta
quarta-feira,BR-324,572.0,Plena Noite,Crescente,Céu Claro,Dupla,Reta,-12.56388,-38.55752,DEL01-BA,Risco Médio,Baixa
quinta-feira,BR-376,495.5,Pleno dia,Decrescente,Céu Claro,Dupla,Curva,-25.17135,-50.10846,DEL03-PR,Risco Médio,Baixa
sábado,BR-116,271.0,Plena Noite,Decrescente,Céu Claro,Dupla,Reta,-23.61809,-46.80556,DEL04-SP,Risco Baixo,Alta
sexta-feira,BR-476,127.7,Pleno dia,Crescente,Céu Claro,Múltipla,Desvio Temporário,-25.43121,-49.22968,DEL01-PR,Risco Médio,Baixa
quinta-feira,BR-116,61.6,Pleno dia,Decrescente,Céu Claro,Dupla,Reta,-22.79764,-45.16746,DEL08-SP,Risco Baixo,Alta
sexta-feira,BR-277,726.5,Pleno dia,Decrescente,Céu Claro,Dupla,Curva,-25.5106,-54.55482,DEL05-PR,Risco Médio,Média
sexta-feira,BR-163,689.8,Plena Noite,Crescente,Céu Claro,Simples,Reta,-18.85162,-54.81996,DEL06-MS,Risco Baixo,Alta
terça-feira,BR-316,313.0,Plena Noite,Decrescente,Céu Claro,Simples,Reta,-7.079,-41.4347,DEL04-PI,Risco Médio,Baixa
terça-feira,BR-493,52.0,Pleno dia,Crescente,Céu Claro,Dupla,Reta,-22.66559,-43.32627,DEL01-RJ,Risco Médio,Baixa
domingo,BR-101,41.5,Pleno dia,Crescente,Céu Claro,Dupla,Não Informado,-6.847666,-35.1355,DEL01-PB,Risco Médio,Alta
sexta-feira,BR-282,402.0,Anoitecer,Decrescente,Ignorado,Simples,Reta,-27.11566,-51.63106,DEL07-SC,Risco Médio,Baixa
terça-feira,BR-116,219.0,Pleno dia,Decrescente,Céu Claro,Múltipla,Não Informado,-23.46144,-46.48885,DEL01-SP,Risco Médio,Alta
domingo,BR-116,204.1,Pleno dia,Decrescente,Nublado,Simples,Curva,-29.49494,-51.14114,DEL05-RS,Risco Médio,Alta
quinta-feira,BR-242,492.0,Plena Noite,Decrescente,Céu Claro,Simples,Curva,-12.40267,-42.3876,DEL06-BA,Risco Médio,Baixa
domingo,BR-468,84.5,Pleno dia,Decrescente,Céu Claro,Simples,Interseção de vias,-27.58705,-53.87064,DEL08-RS,Risco Médio,Baixa
domingo,BR-232,46.2,Amanhecer,Decrescente,Céu Claro,Dupla,Reta,-8.128181,-35.28168,DEL01-PE,Risco Alto,Baixa
sábado,BR-163,72.8,Anoitecer,Crescente,Céu Claro,Simples,Não Informado,-25.77828,-53.79166,DEL02-PR,Risco Médio,Alta
quinta-feira,BR-116,562.0,Plena Noite,Crescente,Chuva,Dupla,Não Informado,-25.02464,-48.52214,DEL05-SP,Risco Médio,Alta
terça-feira,BR-316,28.0,Plena Noite,Crescente,Ignorado,Simples,Reta,-7.617469,-40.4806,DEL05-PE,Risco Baixo,Baixa
domingo,BR-319,54.0,Plena Noite,Crescente,Céu Claro,Simples,Reta,-8.0,-63.0,DEL01-RO,Risco Médio,Baixa
sexta-feira,BR-70,450.0,Pleno dia,Crescente,Céu Claro,Simples,Reta,-15.90833,-52.07191,DEL04-GO,Risco Alto,Baixa
sexta-feira,BR-381,932.0,Plena Noite,Crescente,Chuva,Dupla,Curva,-22.7956,-46.2536,DEL16-MG,Risco Baixo,Alta
segunda-feira,BR-364,521.0,Plena Noite,Decrescente,Céu Claro,Simples,Reta,-9.870522,-63.0578,DEL03-RO,Risco Médio,Alta
sábado,BR-364,36.0,Pleno dia,Decrescente,Sol,Simples,Reta,-19.98435,-48.95772,DEL13-MG,Risco Médio,Alta
quinta-feira,BR-364,349.0,Pleno dia,Crescente,Garoa/Chuvisco,Simples,Desvio Temporário,-15.7939,-55.5824,DEL02-MT,Risco Médio,Alta
sábado,BR-101,191.0,Plena Noite,Crescente,Chuva,Simples,Reta,-12.51224,-38.96803,DEL01-BA,Risco Médio,Alta
domingo,BR-50,68.0,Pleno dia,Decrescente,Céu Claro,Dupla,Interseção de vias,-18.87986,-48.26231,DEL15-MG,Risco Médio,Média
domingo,BR-415,19.0,Plena Noite,Crescente,Céu Claro,Simples,Curva,-14.80478,-39.13661,DEL05-BA,Risco Médio,Baixa
domingo,BR-135,180.0,Pleno dia,Decrescente,Céu Claro,Simples,Curva,-12.14964,-45.00201,DEL10-BA,Risco Médio,Baixa
sexta-feira,BR-470,54.0,Pleno dia,Crescente,Céu Claro,Simples,Reta,-26.87107,-49.11037,DEL04-SC,Risco Baixo,Baixa
sábado,BR-393,284.0,Pleno dia,Crescente,Sol,Simples,Reta,-22.47342,-44.05991,DEL05-RJ,Risco Baixo,Média
domingo,BR-116,726.3,Plena Noite,Decrescente,Nublado,Simples,Não Informado,-21.28973,-42.41764,DEL07-MG,Risco Médio,Alta
sexta-feira,BR-381,601.6,Plena Noite,Decrescente,Nublado,Dupla,Não Informado,-20.60895,-44.73316,DEL04-MG,Risco Médio,Alta
quarta-feira,BR-267,231.0,Plena Noite,Crescente,Ignorado,Simples,Curva,-21.94947,-44.33481,DEL05-MG,Risco Médio,Baixa
domingo,BR-376,666.0,Pleno dia,Crescente,Chuva,Simples,Curva,-25.86037,-48.95087,DEL01-PR,Risco Médio,Baixa
sexta-feira,BR-280,56.9,Pleno dia,Crescente,Nublado,Simples,Reta,-26.47948,-49.00299,DEL03-SC,Risco Médio,Baixa
terça-feira,BR-376,593.3,Anoitecer,Decrescente,Nublado,Dupla,Reta,-25.47643,-49.35092,DEL01-PR,Risco Alto,Baixa
quinta-feira,BR-116,16.0,Pleno dia,Decrescente,Céu Claro,Dupla,Reta,-3.8998,-38.5038,DEL01-CE,Risco Médio,Alta
terça-feira,BR-277,715.0,Plena Noite,Decrescente,Céu Claro,Dupla,Reta,-25.46876,-54.4581,DEL05-PR,Risco Alto,Média
segunda-feira,BR-116,76.5,Pleno dia,Crescente,Céu Claro,Simples,Reta,-22.38508,-42.95403,DEL04-RJ,Risco Médio,Alta
terça-feira,BR-116,415.0,Pleno dia,Decrescente,Céu Claro,Simples,Interseção de vias,-18.88547,-41.94642,DEL06-MG,Risco Médio,Alta
terça-feira,BR-101,92.0,Plena Noite,Decrescente,Céu Claro,Simples,Reta,-8.248612,-35.0018,DEL01-PE,Risco Alto,Alta
segunda-feira,BR-116,137.0,Pleno dia,Decrescente,Céu Claro,Dupla,Reta,-22.64824,-43.22886,DEL04-RJ,Risco Médio,Alta