dia_semana,br,km,fase_dia,sentido_via,condicao_metereologica,tipo_pista,tracado_via,latitude,longitude,delegacia,classificacao_acidente,postos_policiais_PRF
terça-feira,BR-101,208.6,Plena Noite,Crescente,Nublado,Múltipla,Reta,-27.60328,-48.63202,DEL01-SC,Risco Médio,Alta
sábado,BR-101,218.3,Plena Noite,Crescente,Nublado,Dupla,Reta,-27.67586,-48.67053,DEL01-SC,Risco Médio,Alta
sexta-feira,BR-50,101.0,Pleno dia,Crescente,Céu Claro,Dupla,Não Informado,-19.1545,-48.1652,DEL15-MG,Risco Baixo,Média
domingo,BR-101,234.0,Plena Noite,Crescente,Chuva,Dupla,Curva,-27.8101,-48.6357,DEL01-SC,Risco Baixo,Alta
sexta-feira,BR-277,78.0,Pleno dia,Crescente,Nublado,Dupla,Reta,-25.51328,-49.12433,DEL01-PR,Risco Médio,Média
domingo,BR-101,90.0,Amanhecer,Crescente,Chuva,Dupla,Reta,-26.66149,-48.68866,DEL03-SC,Risco Médio,Alta
quinta-feira,BR-381,600.3,Plena Noite,Crescente,Chuva,Dupla,Não Informado,-20.6038,-44.72153,DEL04-MG,Risco Baixo,Alta
sábado,BR-364,708.0,Plena Noite,Crescente,Céu Claro,Dupla,Curva,-8.795541,-63.84072,DEL01-RO,Risco Médio,Alta
domingo,BR-70,29.0,Pleno dia,Crescente,Céu Claro,Dupla,Reta,-15.76396,-48.44291,DEL01-DF,Risco Médio,Baixa
quinta-feira,BR-163,562.0,Plena Noite,Decrescente,Nublado,Simples,Não Informado,-19.80188,-54.36993,DEL01-MS,Risco Médio,Alta
quinta-feira,BR-158,254.5,Pleno dia,Decrescente,Garoa/Chuvisco,Simples,Reta,-29.13891,-53.65228,DEL10-RS,Risco Baixo,Baixa
quinta-feira,BR-153,73.4,Pleno dia,Crescente,Nublado,Dupla,Reta,-20.87627,-49.42005,DEL09-SP,Risco Médio,Alta
quinta-feira,BR-116,149.0,Plena Noite,Crescente,Nublado,Dupla,Viaduto,-23.20399,-45.88338,DEL02-SP,Risco Baixo,Alta
domingo,BR-373,247.2,Plena Noite,Crescente,Nublado,Simples,Desvio Temporário,-25.18848,-50.8134,DEL03-PR,Risco Médio,Baixa
terça-feira,BR-116,243.0,Pleno dia,Crescente,Nublado,Dupla,Reta,-29.72767,-51.14939,DEL01-RS,Risco Médio,Alta
segunda-feira,BR-282,340.0,Anoitecer,Crescente,Céu Claro,Simples,Reta,-27.39954,-51.20877,DEL07-SC,Risco Baixo,Baixa
quarta-feira,BR-280,233.6,Plena Noite,Crescente,Chuva,Simples,Reta,-26.19146,-50.39215,DEL06-SC,Risco Médio,Baixa
domingo,BR-10,301.0,Plena Noite,Decrescente,Nublado,Simples,Reta,-5.105053,-47.55216,DEL04-MA,Risco Baixo,Baixa
sexta-feira,BR-40,469.2,Pleno dia,Decrescente,Chuva,Dupla,Curva,-19.46099,-44.30122,DEL02-MG,Risco Médio,Alta
quarta-feira,BR-70,76.3,Pleno dia,Decrescente,Sol,Simples,Não Informado,-15.66982,-52.80132,DEL07-MT,Risco Médio,Baixa
segunda-feira,BR-235,49.2,Pleno dia,Crescente,Céu Claro,Simples,Não Informado,-10.71453,-37.4225,DEL01-SE,Risco Médio,Baixa
sábado,BR-163,854.0,Pleno dia,Crescente,Céu Claro,Simples,Interseção de vias,-11.69345,-55.45163,DEL06-MT,Risco Médio,Alta
quinta-feira,BR-70,5.0,Plena Noite,Crescente,Céu Claro,Dupla,Rotatória,-15.87815,-52.29613,DEL07-MT,Risco Médio,Baixa
domingo,BR-101,400.0,Plena Noite,Decrescente,Céu Claro,Múltipla,Reta,-22.84837,-43.76952,DEL01-RJ,Risco Médio,Alta
quinta-feira,BR-386,445.0,Plena Noite,Crescente,Nublado,Dupla,Reta,-29.89288,-51.1927,DEL01-RS,Risco Baixo,Média
quarta-feira,BR-364,0.2,Pleno dia,Decrescente,Céu Claro,Dupla,Reta,-17.31871,-53.2119,DEL02-MT,Risco Médio,Alta
domingo,BR-116,109.8,Anoitecer,Crescente,Chuva,Dupla,Reta,-25.56552,-49.25082,DEL01-PR,Risco Médio,Alta
quinta-feira,BR-356,64.5,Plena Noite,Decrescente,Ignorado,Simples,Não Informado,-21.20548,-41.88814,DEL08-RJ,Risco Baixo,Baixa
sábado,BR-364,710.0,Pleno dia,Crescente,Céu Claro,Dupla,Reta,-8.780784,-63.86621,DEL01-RO,Risco Médio,Alta
terça-feira,BR-116,917.5,Plena Noite,Decrescente,Céu Claro,Simples,Reta,-15.57352,-41.27204,DEL08-BA,Risco Alto,Alta
quinta-feira,BR-262,37.3,Pleno dia,Crescente,Sol,Simples,Reta,-20.78547,-51.9316,DEL07-MS,Risco Baixo,Média
terça-feira,BR-101,299.7,Plena Noite,Decrescente,Céu Claro,Múltipla,Não Informado,-20.35765,-40.42813,DEL01-ES,Risco Alto,Alta
sexta-feira,BR-476,136.0,Pleno dia,Decrescente,Céu Claro,Múltipla,Reta,-25.49788,-49.2769,DEL01-PR,Risco Médio,Baixa
quinta-feira,BR-116,223.0,Pleno dia,Crescente,Nublado,Múltipla,Reta,-23.48005,-46.53241,DEL01-SP,Risco Médio,Alta
quinta-feira,BR-230,27.0,Plena Noite,Crescente,Céu Claro,Dupla,Reta,-7.165059,-34.89349,DEL01-PB,Risco Médio,Baixa
quinta-feira,BR-40,824.6,Plena Noite,Decrescente,Nublado,Dupla,Curva,-21.9882,-43.28399,DEL05-MG,Risco Baixo,Alta
sábado,BR-316,18.7,Pleno dia,Decrescente,Céu Claro,Simples,Reta,-5.255603,-42.72952,DEL01-PI,Risco Alto,Baixa
quinta-feira,BR-101,139.0,Plena Noite,Decrescente,Céu Claro,Simples,Reta,-9.8058,-36.1148,DEL02-AL,Risco Baixo,Alta
sexta-feira,BR-262,33.5,Amanhecer,Decrescente,Céu Claro,Simples,Reta,-20.2586,-42.015,DEL06-MG,Risco Alto,Média
domingo,BR-365,65.9,Pleno dia,Crescente,Chuva,Simples,Curva,-17.04248,-44.32044,DEL12-MG,Risco Alto,Média
sexta-feira,BR-293,61.3,Plena Noite,Decrescente,Céu Claro,Dupla,Reta,-31.70224,-52.93455,DEL07-RS,Risco Médio,Baixa
terça-feira,BR-282,501.3,Pleno dia,Crescente,Céu Claro,Dupla,Rotatória,-26.88239,-52.38142,DEL07-SC,Risco Médio,Baixa
segunda-feira,BR-40,2.0,Amanhecer,Decrescente,Céu Claro,Dupla,Retorno Regulamentado,-16.06713,-47.98423,DEL01-DF,Risco Baixo,Alta
sábado,BR-232,35.0,Plena Noite,Crescente,Céu Claro,Dupla,Reta,-8.109073,-35.19257,DEL02-PE,Risco Médio,Baixa
sábado,BR-230,290.0,Plena Noite,Decrescente,Céu Claro,Simples,Reta,-6.8742,-36.9085,DEL03-PB,Risco Médio,Baixa
terça-feira,BR-70,12.0,Pleno dia,Crescente,Sol,Dupla,Rotatória,-15.79604,-48.17283,DEL01-DF,Risco Médio,Baixa
quinta-feira,BR-277,727.0,Pleno dia,Crescente,Céu Claro,Dupla,Rotatória,-25.51026,-54.55904,DEL05-PR,Risco Médio,Média
domingo,BR-163,276.0,Pleno dia,Decrescente,Céu Claro,Dupla,Curva,-24.60909,-53.96413,DEL06-PR,Risco Médio,Alta
sexta-feira,BR-282,540.9,Pleno dia,Crescente,Sol,Simples,Curva,-26.99446,-52.69018,DEL07-SC,Risco Médio,Baixa
quarta-feira,BR-476,137.0,Anoitecer,Decrescente,Nublado,Múltipla,Reta,-25.4983,-49.27755,DEL01-PR,Risco Médio,Baixa
sexta-feira,BR-230,161.0,Plena Noite,Decrescente,Céu Claro,Simples,Reta,-5.201752,-49.35754,DEL03-PA,Risco Alto,Baixa
terça-feira,BR-381,506.0,Pleno dia,Crescente,Céu Claro,Dupla,Reta,-20.05039,-44.27963,DEL01-MG,Risco Médio,Alta
quinta-feira,BR-282,21.0,Pleno dia,Crescente,Nublado,Simples,Reta,-27.68907,-48.71754,DEL01-SC,Risco Médio,Baixa
domingo,BR-469,19.0,Pleno dia,Decrescente,Céu Claro,Simples,Reta,-25.6015,-54.5021,DEL05-PR,Risco Médio,Baixa
terça-feira,BR-470,215.0,Pleno dia,Crescente,Céu Claro,Simples,Interseção de vias,-29.16843,-51.52626,DEL06-RS,Risco Baixo,Baixa
domingo,BR-381,43.0,Pleno dia,Decrescente,Nublado,Dupla,Reta,-23.15597,-46.57402,DEL03-SP,Risco Médio,Alta
sábado,BR-116,234.0,Pleno dia,Crescente,Sol,Dupla,Reta,-29.65121,-51.14444,DEL01-RS,Risco Médio,Alta
quinta-feira,BR-153,28.3,Pleno dia,Decrescente,Céu Claro,Simples,Não Informado,-23.21122,-49.98718,DEL07-PR,Risco Médio,Alta
sábado,BR-381,493.8,Pleno dia,Decrescente,Nublado,Múltipla,Reta,-19.97671,-44.19963,DEL01-MG,Risco Médio,Alta
segunda-feira,BR-116,219.0,Pleno dia,Crescente,Sol,Múltipla,Reta,-23.4629,-46.4928,DEL01-SP,Risco Médio,Alta
quarta-feira,BR-101,191.0,Plena Noite,Crescente,Chuva,Dupla,Curva,-27.47798,-48.64168,DEL01-SC,Risco Baixo,Alta
quinta-feira,BR-116,544.0,Pleno dia,Decrescente,Nublado,Dupla,Curva,-24.75687,-48.50514,DEL05-SP,Risco Médio,Alta
domingo,BR-262,460.3,Pleno dia,Crescente,Céu Claro,Simples,Reta,-19.82719,-45.07371,DEL08-MG,Risco Baixo,Média
sábado,BR-277,656.5,Plena Noite,Crescente,Céu Claro,Dupla,Não Informado,-25.23424,-53.96184,DEL05-PR,Risco Baixo,Média
terça-feira,BR-101,416.0,Plena Noite,Decrescente,Nublado,Dupla,Reta,-28.96709,-49.52339,DEL02-SC,Risco Médio,Alta
sábado,BR-101,207.7,Pleno dia,Decrescente,Céu Claro,Múltipla,Reta,-27.60229,-48.62817,DEL01-SC,Risco Médio,Alta
terça-feira,BR-364,137.1,Pleno dia,Decrescente,Céu Claro,Dupla,Rotatória,-9.969231,-67.85317,DEL01-AC,Risco Baixo,Alta
segunda-feira,BR-163,486.0,Pleno dia,Decrescente,Céu Claro,Simples,Reta,-20.43364,-54.54377,DEL01-MS,Risco Baixo,Alta
quinta-feira,BR-158,532.0,Plena Noite,Decrescente,Garoa/Chuvisco,Simples,Reta,-26.211,-52.68072,DEL02-PR,Risco Médio,Baixa
quinta-feira,BR-277,583.0,Pleno dia,Crescente,Céu Claro,Simples,Não Informado,-24.97127,-53.39504,DEL04-PR,Risco Médio,Média
sexta-feira,BR-101,211.3,Plena Noite,Crescente,Chuva,Dupla,Reta,-27.62329,-48.65246,DEL01-SC,Risco Médio,Alta
quinta-feira,BR-158,0.0,Anoitecer,Crescente,Céu Claro,Simples,Não Informado,-30.87607,-55.51351,DEL08-RS,Risco Médio,Baixa
domingo,BR-101,207.2,Pleno dia,Crescente,Céu Claro,Múltipla,Não Informado,-27.60001,-48.62265,DEL01-SC,Risco Médio,Alta
terça-feira,BR-470,144.2,Pleno dia,Decrescente,Céu Claro,Simples,Reta,-27.23553,-49.67856,DEL04-SC,Risco Baixo,Baixa
domingo,BR-386,346.1,Amanhecer,Decrescente,Nevoeiro/Neblina,Dupla,Interseção de vias,-29.44766,-51.97317,DEL04-RS,Risco Baixo,Média
domingo,BR-101,223.0,Pleno dia,Decrescente,Céu Claro,Simples,Reta,-12.66178,-39.12781,DEL01-BA,Risco Médio,Alta
sexta-feira,BR-60,45.1,Pleno dia,Decrescente,Céu Claro,Dupla,Não Informado,-16.1324,-48.5977,DEL02-GO,Risco Médio,Média
quarta-feira,BR-493,109.0,Pleno dia,Decrescente,Céu Claro,Dupla,Reta,-22.77405,-43.7422,DEL03-RJ,Risco Médio,Baixa
terça-feira,BR-226,301.1,Plena Noite,Decrescente,Céu Claro,Simples,Reta,-5.497938,-45.25653,DEL03-MA,Risco Médio,Baixa
quarta-feira,BR-153,498.0,Pleno dia,Crescente,Sol,Dupla,Reta,-16.6939,-49.2321,DEL01-GO,Risco Médio,Alta
domingo,BR-222,18.0,Plena Noite,Crescente,Céu Claro,Simples,Reta,-3.749233,-38.71924,DEL01-CE,Risco Médio,Baixa
domingo,BR-70,731.0,Amanhecer,Decrescente,Céu Claro,Simples,Reta,-16.09953,-57.67802,DEL03-MT,Risco Médio,Baixa
sábado,BR-163,591.0,Plena Noite,Decrescente,Céu Claro,Simples,Reta,-13.98765,-56.09892,DEL01-MT,Risco Médio,Alta
quinta-feira,BR-364,204.0,Pleno dia,Decrescente,Céu Claro,Dupla,Retorno Regulamentado,-16.46732,-54.6572,DEL02-MT,Risco Baixo,Alta
domingo,BR-476,150.0,Pleno dia,Decrescente,Céu Claro,Dupla,Não Informado,-25.55848,-49.36831,DEL01-PR,Risco Baixo,Baixa
sexta-feira,BR-163,838.0,Pleno dia,Crescente,Céu Claro,Simples,Interseção de vias,-11.96001,-55.51691,DEL06-MT,Risco Médio,Alta
terça-feira,BR-158,253.0,Pleno dia,Crescente,Céu Claro,Simples,Reta,-17.7953,-51.8015,DEL05-GO,Risco Baixo,Baixa
sábado,BR-251,34.0,Plena Noite,Crescente,Céu Claro,Dupla,Reta,-15.9383,-47.7598,DEL01-DF,Risco Alto,Baixa
segunda-feira,BR-316,258.0,Plena Noite,Decrescente,Chuva,Simples,Reta,-9.591383,-35.92309,DEL02-AL,Risco Médio,Baixa
domingo,BR-343,341.0,Pleno dia,Crescente,Céu Claro,Dupla,Reta,-5.077812,-42.74426,DEL01-PI,Risco Médio,Baixa
terça-feira,BR-376,326.7,Pleno dia,Decrescente,Chuva,Simples,Curva,-24.0665,-51.06424,DEL07-PR,Risco Médio,Baixa
quarta-feira,BR-101,210.1,Pleno dia,Decrescente,Céu Claro,Dupla,Reta,-27.61805,-48.64706,DEL01-SC,Risco Médio,Alta
sexta-feira,BR-251,447.0,Pleno dia,Crescente,Céu Claro,Simples,Reta,-16.41962,-43.36321,DEL12-MG,Risco Médio,Baixa
quinta-feira,BR-282,386.0,Pleno dia,Decrescente,Céu Claro,Simples,Não Informado,-27.19682,-51.51489,DEL07-SC,Risco Médio,Baixa
segunda-feira,BR-116,411.6,Plena Noite,Crescente,Nublado,Dupla,Reta,-18.86245,-41.97405,DEL06-MG,Risco Baixo,Alta
terça-feira,BR-101,39.0,Pleno dia,Decrescente,Céu Claro,Dupla,Reta,-26.26281,-48.90192,DEL03-SC,Risco Médio,Alta
sábado,BR-381,501.0,Amanhecer,Decrescente,Céu Claro,Dupla,Reta,-20.02513,-44.23113,DEL01-MG,Risco Médio,Alta
domingo,BR-116,53.2,Anoitecer,Crescente,Garoa/Chuvisco,Dupla,Reta,-22.75344,-45.10862,DEL08-SP,Risco Baixo,Alta
domingo,BR-50,101.0,Plena Noite,Decrescente,Céu Claro,Dupla,Reta,-16.7944,-47.64501,DEL01-DF,Risco Médio,Média
quarta-feira,BR-386,287.5,Pleno dia,Decrescente,Chuva,Simples,Curva,-29.08888,-52.25475,DEL04-RS,Risco Médio,Média
terça-feira,BR-343,306.1,Amanhecer,Decrescente,Céu Claro,Simples,Reta,-5.038756,-42.45089,DEL01-PI,Risco Alto,Baixa
segunda-feira,BR-277,83.0,Pleno dia,Crescente,Céu Claro,Dupla,Reta,-25.45567,-49.22493,DEL01-PR,Risco Médio,Média
quinta-feira,BR-285,320.0,Pleno dia,Decrescente,Céu Claro,Simples,Não Informado,-28.26786,-52.62079,DEL08-RS,Risco Médio,Baixa
sábado,BR-277,128.0,Pleno dia,Crescente,Céu Claro,Dupla,Curva,-25.47351,-49.67932,DEL01-PR,Risco Médio,Média
domingo,BR-101,3.9,Pleno dia,Decrescente,Chuva,Dupla,Reta,-20.79354,-40.81146,DEL03-ES,Risco Médio,Alta
domingo,BR-381,495.6,Plena Noite,Crescente,Nublado,Dupla,Retorno Regulamentado,-19.97487,-44.18942,DEL01-MG,Risco Baixo,Alta
quarta-feira,BR-459,98.5,Anoitecer,Crescente,Céu Claro,Dupla,Retorno Regulamentado,-22.20206,-45.96096,DEL16-MG,Risco Baixo,Baixa
sábado,BR-116,228.0,Pleno dia,Decrescente,Nublado,Dupla,Curva,-22.66062,-43.82667,DEL07-RJ,Risco Baixo,Alta
domingo,BR-381,526.0,Pleno dia,Crescente,Chuva,Dupla,Curva,-20.16175,-44.34145,DEL04-MG,Risco Médio,Alta
sábado,BR-373,410.0,Amanhecer,Decrescente,Nevoeiro/Neblina,Simples,Reta,-25.40584,-51.75127,DEL08-PR,Risco Médio,Baixa
sábado,BR-277,593.1,Pleno dia,Crescente,Céu Claro,Simples,Reta,-24.98077,-53.48266,DEL04-PR,Risco Baixo,Média
domingo,BR-393,188.3,Plena Noite,Crescente,Nublado,Simples,Reta,-22.14353,-43.28657,DEL05-RJ,Risco Baixo,Média
quarta-feira,BR-116,271.0,Pleno dia,Decrescente,Céu Claro,Dupla,Reta,-22.5595,-44.1727,DEL07-RJ,Risco Baixo,Alta
segunda-feira,BR-470,140.4,Plena Noite,Crescente,Nublado,Simples,Não Informado,-27.22248,-49.66283,DEL04-SC,Risco Médio,Baixa
terça-feira,BR-101,90.0,Anoitecer,Decrescente,Céu Claro,Dupla,Reta,-7.179652,-34.90042,DEL01-PB,Risco Médio,Alta
segunda-feira,BR-116,128.0,Pleno dia,Decrescente,Sol,Dupla,Reta,-23.11455,-45.71106,DEL06-SP,Risco Médio,Alta
sábado,BR-459,101.3,Plena Noite,Crescente,Céu Claro,Dupla,Curva,-22.221,-45.91322,DEL16-MG,Risco Médio,Baixa
terça-feira,BR-470,147.0,Plena Noite,Decrescente,Céu Claro,Simples,Reta,-27.21465,-49.64349,DEL04-SC,Risco Baixo,Baixa
segunda-feira,BR-101,420.4,Pleno dia,Decrescente,Chuva,Simples,Curva,-20.97329,-41.11056,DEL03-ES,Risco Médio,Alta
sábado,BR-447,12.6,Plena Noite,Crescente,Céu Claro,Dupla,Reta,-20.35784,-40.33283,DEL01-ES,Risco Médio,Baixa
terça-feira,BR-230,352.8,Pleno dia,Crescente,Nublado,Simples,Interseção de vias,-6.940528,-37.40673,DEL03-PB,Risco Médio,Baixa
terça-feira,BR-153,56.9,Pleno dia,Decrescente,Céu Claro,Simples,Não Informado,-20.7691,-49.34958,DEL09-SP,Risco Médio,Alta
sexta-feira,BR-476,236.0,Pleno dia,Decrescente,Garoa/Chuvisco,Simples,Reta,-25.87914,-50.0274,DEL02-PR,Risco Baixo,Baixa
quinta-feira,BR-101,95.9,Plena Noite,Crescente,Céu Claro,Dupla,Reta,-26.7228,-48.7022,DEL03-SC,Risco Médio,Alta
terça-feira,BR-101,203.6,Pleno dia,Decrescente,Sol,Múltipla,Reta,-27.5698,-48.61362,DEL01-SC,Risco Médio,Alta
sexta-feira,BR-50,35.0,Plena Noite,Decrescente,Céu Claro,Dupla,Reta,-18.65092,-48.13864,DEL15-MG,Risco Médio,Média
quarta-feira,BR-376,176.5,Plena Noite,Decrescente,Céu Claro,Dupla,Reta,-23.41189,-51.93405,DEL07-PR,Risco Médio,Baixa
sábado,BR-316,61.4,Plena Noite,Decrescente,Céu Claro,Simples,Reta,-7.775492,-40.25175,DEL05-PE,Risco Baixo,Baixa
sexta-feira,BR-101,76.0,Pleno dia,Crescente,Chuva,Dupla,Curva,-9.413356,-35.84073,DEL01-AL,Risco Médio,Alta
terça-feira,BR-470,124.0,Pleno dia,Crescente,Sol,Simples,Curva,-27.11292,-49.52911,DEL04-SC,Risco Médio,Baixa
quarta-feira,BR-282,142.7,Plena Noite,Decrescente,Nevoeiro/Neblina,Simples,Curva,-27.81372,-49.61207,DEL05-SC,Risco Médio,Baixa
segunda-feira,BR-163,65.1,Pleno dia,Decrescente,Garoa/Chuvisco,Simples,Rotatória,-26.761,-53.50065,DEL07-SC,Risco Baixo,Alta
domingo,BR-60,72.0,Pleno dia,Decrescente,Céu Claro,Dupla,Reta,-16.2636,-48.764,DEL02-GO,Risco Médio,Média
quinta-feira,BR-364,575.0,Plena Noite,Crescente,Chuva,Simples,Reta,-14.10128,-56.11336,DEL01-MT,Risco Médio,Alta
sábado,BR-343,325.9,Pleno dia,Crescente,Céu Claro,Simples,Curva,-5.07034,-42.61998,DEL01-PI,Risco Médio,Baixa
sábado,BR-364,711.0,Pleno dia,Crescente,Sol,Dupla,Reta,-8.781539,-63.86531,DEL01-RO,Risco Médio,Alta
terça-feira,BR-282,69.6,Pleno dia,Decrescente,Chuva,Múltipla,Curva,-27.69266,-49.08999,DEL01-SC,Risco Baixo,Baixa
domingo,BR-376,188.7,Amanhecer,Crescente,Céu Claro,Dupla,Reta,-23.46495,-51.83086,DEL07-PR,Risco Médio,Baixa
segunda-feira,BR-40,43.0,Plena Noite,Decrescente,Nublado,Dupla,Curva,-22.26514,-43.10851,DEL06-RJ,Risco Médio,Alta
sexta-feira,BR-376,295.0,Amanhecer,Decrescente,Nublado,Dupla,Não Informado,-23.90657,-51.19431,DEL07-PR,Risco Médio,Baixa
sábado,BR-40,628.6,Plena Noite,Decrescente,Céu Claro,Simples,Reta,-20.64411,-43.81128,DEL05-MG,Risco Médio,Alta
quinta-feira,BR-174,506.7,Plena Noite,Decrescente,Céu Claro,Dupla,Reta,2.823587,-60.69614,DEL01-RR,Risco Médio,Baixa
terça-feira,BR-101,269.0,Anoitecer,Crescente,Céu Claro,Múltipla,Reta,-20.21144,-40.26969,DEL02-ES,Risco Médio,Alta
sexta-feira,BR-267,63.9,Pleno dia,Decrescente,Céu Claro,Simples,Não Informado,-21.73997,-43.10271,DEL05-MG,Risco Médio,Baixa
segunda-feira,BR-272,413.3,Plena Noite,Crescente,Céu Claro,Simples,Curva,-24.13171,-52.80742,DEL09-PR,Risco Médio,Baixa
segunda-feira,BR-116,272.7,Pleno dia,Crescente,Sol,Dupla,Reta,-23.62169,-46.81329,DEL04-SP,Risco Médio,Alta
sexta-feira,BR-262,88.0,Pleno dia,Decrescente,Céu Claro,Simples,Reta,-20.61163,-52.3919,DEL07-MS,Risco Médio,Média
terça-feira,BR-116,110.0,Anoitecer,Decrescente,Céu Claro,Dupla,Interseção de vias,-23.03413,-45.5527,DEL08-SP,Risco Médio,Alta
quinta-feira,BR-230,46.0,Pleno dia,Decrescente,Céu Claro,Dupla,Não Informado,-7.165676,-35.02795,DEL01-PB,Risco Médio,Baixa
quarta-feira,BR-392,67.1,Plena Noite,Decrescente,Céu Claro,Simples,Rotatória,-31.75649,-52.40015,DEL07-RS,Risco Médio,Média
terça-feira,BR-101,53.0,Plena Noite,Crescente,Ignorado,Dupla,Reta,-11.88268,-38.00767,DEL01-BA,Risco Baixo,Alta
quinta-feira,BR-116,483.0,Plena Noite,Decrescente,Nublado,Dupla,Reta,-24.7224,-48.0565,DEL05-SP,Risco Baixo,Alta
quarta-feira,BR-153,107.9,Pleno dia,Crescente,Céu Claro,Simples,Reta,-21.06389,-49.66255,DEL09-SP,Risco Médio,Alta
sexta-feira,BR-116,267.7,Pleno dia,Crescente,Chuva,Simples,Não Informado,-27.95643,-50.48438,DEL05-SC,Risco Alto,Alta
sábado,BR-282,46.0,Plena Noite,Decrescente,Chuva,Simples,Curva,-27.72104,-48.92515,DEL01-SC,Risco Médio,Baixa
segunda-feira,BR-230,71.0,Pleno dia,Crescente,Céu Claro,Simples,Não Informado,-6.178683,-47.85922,DEL02-TO,Risco Baixo,Baixa
sábado,BR-423,68.2,Anoitecer,Decrescente,Chuva,Simples,Desvio Temporário,-8.672637,-36.39347,DEL03-PE,Risco Médio,Baixa
quarta-feira,BR-20,432.0,Pleno dia,Decrescente,Céu Claro,Dupla,Reta,-3.863843,-38.47116,DEL01-CE,Risco Médio,Baixa
quinta-feira,BR-116,43.1,Pleno dia,Crescente,Chuva,Múltipla,Curva,-25.18101,-48.88196,DEL01-PR,Risco Médio,Alta
terça-feira,BR-230,630.0,Pleno dia,Decrescente,Céu Claro,Simples,Reta,-3.173212,-52.16298,DEL04-PA,Risco Médio,Baixa
quinta-feira,BR-470,53.0,Pleno dia,Decrescente,Céu Claro,Simples,Reta,-26.86712,-49.10207,DEL04-SC,Risco Médio,Baixa
domingo,BR-364,270.0,Pleno dia,Crescente,Sol,Múltipla,Reta,-15.96898,-54.94463,DEL02-MT,Risco Médio,Alta
domingo,BR-153,239.7,Amanhecer,Decrescente,Céu Claro,Simples,Reta,-7.985293,-48.46442,DEL02-TO,Risco Alto,Alta
terça-feira,BR-158,333.4,Pleno dia,Decrescente,Céu Claro,Simples,Reta,-29.70847,-53.86427,DEL09-RS,Risco Médio,Baixa
terça-feira,BR-101,75.9,Plena Noite,Crescente,Céu Claro,Dupla,Reta,-8.119279,-34.94313,DEL01-PE,Risco Baixo,Alta
quinta-feira,BR-153,508.0,Pleno dia,Crescente,Céu Claro,Simples,Reta,-26.42797,-51.31599,DEL02-PR,Risco Baixo,Alta
quarta-feira,BR-163,1036.0,Pleno dia,Crescente,Chuva,Simples,Reta,-10.2058,-54.95945,DEL06-MT,Risco Médio,Alta
sexta-feira,BR-364,33.1,Pleno dia,Decrescente,Nublado,Simples,Reta,-20.00226,-48.94561,DEL13-MG,Risco Médio,Alta
segunda-feira,BR-210,4.0,Pleno dia,Decrescente,Nublado,Simples,Reta,0.088253,-51.09484,DEL01-AP,Risco Médio,Baixa
domingo,BR-459,28.0,Plena Noite,Crescente,Céu Claro,Simples,Reta,-22.72236,-45.10595,DEL08-SP,Risco Médio,Baixa
quarta-feira,BR-116,4.0,Pleno dia,Decrescente,Céu Claro,Dupla,Reta,-25.3629,-49.0822,DEL01-PR,Risco Baixo,Alta
quarta-feira,BR-50,280.6,Pleno dia,Crescente,Nublado,Dupla,Interseção de vias,-18.1784,-47.9362,DEL06-GO,Risco Baixo,Média
segunda-feira,BR-116,17.3,Plena Noite,Crescente,Céu Claro,Múltipla,Reta,-3.896179,-38.50336,DEL01-CE,Risco Médio,Alta
sábado,BR-158,562.0,Pleno dia,Decrescente,Céu Claro,Simples,Reta,-14.00254,-52.1494,DEL07-MT,Risco Baixo,Baixa
terça-feira,BR-116,225.0,Pleno dia,Decrescente,Céu Claro,Múltipla,Reta,-23.48587,-46.54075,DEL01-SP,Risco Médio,Alta
domingo,BR-290,54.0,Plena Noite,Crescente,Céu Claro,Dupla,Reta,-29.91264,-50.7981,DEL03-RS,Risco Médio,Baixa
terça-feira,BR-280,124.0,Anoitecer,Decrescente,Garoa/Chuvisco,Simples,Reta,-26.2413,-49.47514,DEL06-SC,Risco Médio,Baixa
quinta-feira,BR-277,6.0,Pleno dia,Crescente,Garoa/Chuvisco,Dupla,Reta,-25.5205,-48.5095,DEL01-PR,Risco Médio,Média
sábado,BR-101,75.0,Pleno dia,Crescente,Nublado,Dupla,Reta,-29.81513,-50.24359,DEL03-RS,Risco Alto,Alta
sexta-feira,BR-470,48.5,Pleno dia,Decrescente,Céu Claro,Dupla,Reta,-26.85982,-49.05539,DEL04-SC,Risco Médio,Baixa
terça-feira,BR-282,229.0,Pleno dia,Crescente,Céu Claro,Simples,Reta,-27.79107,-50.4169,DEL05-SC,Risco Médio,Baixa
sábado,BR-381,893.4,Pleno dia,Crescente,Nublado,Dupla,Curva,-22.5754,-46.0424,DEL16-MG,Risco Médio,Alta
sexta-feira,BR-467,100.0,Pleno dia,Decrescente,Céu Claro,Dupla,Reta,-24.8947,-53.5355,DEL04-PR,Risco Médio,Baixa
domingo,BR-280,230.2,Plena Noite,Crescente,Céu Claro,Simples,Não Informado,-26.18756,-50.36192,DEL06-SC,Risco Médio,Baixa
terça-feira,BR-116,107.0,Plena Noite,Decrescente,Céu Claro,Dupla,Reta,-23.01791,-45.53009,DEL02-SP,Risco Médio,Alta
domingo,BR-135,650.0,Plena Noite,Crescente,Céu Claro,Simples,Curva,-19.0038,-44.5088,DEL02-MG,Risco Baixo,Baixa
domingo,BR-116,805.1,Pleno dia,Decrescente,Céu Claro,Simples,Reta,-14.76832,-40.71266,DEL08-BA,Risco Baixo,Alta