dia_semana,br,km,fase_dia,sentido_via,condicao_metereologica,tipo_pista,tracado_via,latitude,longitude,delegacia,classificacao_acidente,postos_policiais_PRF
segunda-feira,BR-262,344.0,Pleno dia,Crescente,Céu Claro,Simples,Rotatória,-20.58314,-54.58447,DEL01-MS,Risco Baixo,Média
domingo,BR-476,122.0,Pleno dia,Crescente,Nublado,Dupla,Não Informado,-25.38577,-49.20338,DEL01-PR,Risco Médio,Baixa
sábado,BR-101,146.5,Pleno dia,Decrescente,Chuva,Dupla,Reta,-27.0894,-48.61334,DEL04-SC,Risco Médio,Alta
terça-feira,BR-230,501.3,Plena Noite,Crescente,Nublado,Simples,Reta,-6.899,-38.5159,DEL03-PB,Risco Alto,Baixa
segunda-feira,BR-369,154.7,Plena Noite,Decrescente,Vento,Dupla,Reta,-23.29648,-51.20634,DEL07-PR,Risco Baixo,Baixa
terça-feira,BR-364,399.8,Pleno dia,Decrescente,Céu Claro,Simples,Reta,-10.61069,-62.33725,DEL03-RO,Risco Médio,Alta
quarta-feira,BR-316,19.2,Anoitecer,Crescente,Nublado,Simples,Reta,-5.26016,-42.72868,DEL01-PI,Risco Médio,Baixa
quarta-feira,BR-50,99.0,Plena Noite,Decrescente,Céu Claro,Simples,Reta,-16.9309,-47.7117,DEL01-DF,Risco Médio,Média
quarta-feira,BR-116,342.0,Plena Noite,Crescente,Céu Claro,Dupla,Desvio Temporário,-24.01625,-47.16798,DEL04-SP,Risco Médio,Alta
sábado,BR-163,1.2,Pleno dia,Decrescente,Céu Claro,Simples,Interseção de vias,-26.26604,-53.62578,DEL07-SC,Risco Médio,Alta
sábado,BR-470,10.6,Pleno dia,Decrescente,Nublado,Simples,Reta,-26.83369,-48.73724,DEL04-SC,Risco Médio,Baixa
sexta-feira,BR-40,632.5,Plena Noite,Decrescente,Nublado,Simples,Não Informado,-20.67912,-43.79408,DEL05-MG,Risco Médio,Alta
quinta-feira,BR-116,124.0,Pleno dia,Decrescente,Céu Claro,Simples,Curva,-16.63717,-41.50152,DEL11-MG,Risco Médio,Alta
quarta-feira,BR-101,262.3,Pleno dia,Crescente,Nublado,Dupla,Reta,-20.15723,-40.27678,DEL02-ES,Risco Médio,Alta
sexta-feira,BR-290,77.4,Pleno dia,Decrescente,Céu Claro,Dupla,Reta,-29.95522,-51.03114,DEL01-RS,Risco Médio,Baixa
domingo,BR-222,9.2,Pleno dia,Decrescente,Céu Claro,Múltipla,Rotatória,-3.738028,-38.64558,DEL01-CE,Risco Médio,Baixa
domingo,BR-104,35.6,Plena Noite,Crescente,Nublado,Simples,Reta,-9.165681,-36.02048,DEL01-AL,Risco Médio,Baixa
segunda-feira,BR-101,54.6,Pleno dia,Decrescente,Chuva,Dupla,Rotatória,-29.64285,-50.10845,DEL03-RS,Risco Baixo,Alta
sexta-feira,BR-428,189.0,Pleno dia,Decrescente,Sol,Múltipla,Reta,-9.377045,-40.50012,DEL06-PE,Risco Baixo,Baixa
terça-feira,BR-116,142.0,Pleno dia,Decrescente,Céu Claro,Simples,Reta,-22.65148,-43.18923,DEL04-RJ,Risco Baixo,Alta
domingo,BR-393,258.0,Pleno dia,Crescente,Chuva,Simples,Curva,-22.45148,-43.82691,DEL05-RJ,Risco Médio,Média
sexta-feira,BR-40,3.9,Plena Noite,Crescente,Céu Claro,Dupla,Reta,-16.01189,-47.98247,DEL01-DF,Risco Médio,Alta
segunda-feira,BR-40,641.0,Pleno dia,Crescente,Céu Claro,Simples,Curva,-20.74939,-43.80105,DEL05-MG,Risco Médio,Alta
sábado,BR-324,553.2,Pleno dia,Decrescente,Céu Claro,Dupla,Reta,-12.46474,-38.69247,DEL01-BA,Risco Médio,Baixa
sexta-feira,BR-116,92.0,Pleno dia,Decrescente,Nublado,Dupla,Reta,-25.50962,-49.12645,DEL01-PR,Risco Médio,Alta
domingo,BR-153,25.7,Pleno dia,Crescente,Chuva,Dupla,Reta,-18.78383,-49.08164,DEL15-MG,Risco Médio,Alta
sexta-feira,BR-116,1.0,Pleno dia,Crescente,Céu Claro,Dupla,Reta,-22.51857,-44.70794,DEL08-SP,Risco Médio,Alta
domingo,BR-101,199.0,Pleno dia,Decrescente,Sol,Dupla,Reta,-27.5402,-48.6226,DEL01-SC,Risco Médio,Alta
sábado,BR-393,132.0,Pleno dia,Decrescente,Sol,Simples,Reta,-21.97476,-42.88419,DEL04-RJ,Risco Médio,Média
sábado,BR-376,173.8,Pleno dia,Decrescente,Céu Claro,Dupla,Desvio Temporário,-23.41786,-51.96083,DEL07-PR,Risco Médio,Baixa
sexta-feira,BR-272,361.4,Anoitecer,Crescente,Céu Claro,Dupla,Reta,-24.04691,-52.3941,DEL04-PR,Risco Médio,Baixa
sábado,BR-116,70.0,Amanhecer,Decrescente,Céu Claro,Simples,Reta,-16.2057,-41.4742,DEL11-MG,Risco Médio,Alta
terça-feira,BR-101,417.0,Pleno dia,Crescente,Chuva,Simples,Não Informado,-22.9178,-43.90601,DEL03-RJ,Risco Baixo,Alta
sábado,BR-163,272.9,Pleno dia,Decrescente,Céu Claro,Dupla,Rotatória,-22.18381,-54.67816,DEL04-MS,Risco Baixo,Alta
sábado,BR-364,438.0,Plena Noite,Decrescente,Céu Claro,Dupla,Reta,-15.64214,-56.16354,DEL01-MT,Risco Médio,Alta
segunda-feira,BR-316,102.0,Plena Noite,Decrescente,Chuva,Simples,Reta,-1.338083,-47.58656,DEL01-PA,Risco Baixo,Baixa
domingo,BR-135,17.5,Plena Noite,Crescente,Céu Claro,Simples,Reta,-2.56608,-44.32629,DEL01-MA,Risco Médio,Baixa
quinta-feira,BR-101,304.0,Plena Noite,Crescente,Céu Claro,Dupla,Reta,-22.79278,-43.02445,DEL02-RJ,Risco Médio,Alta
quinta-feira,BR-376,667.4,Amanhecer,Crescente,Garoa/Chuvisco,Dupla,Não Informado,-25.8529,-48.977,DEL01-PR,Risco Baixo,Baixa
segunda-feira,BR-324,516.0,Pleno dia,Decrescente,Céu Claro,Simples,Curva,-12.24252,-38.93716,DEL02-BA,Risco Médio,Baixa
quarta-feira,BR-101,233.1,Pleno dia,Crescente,Chuva,Simples,Não Informado,-19.96104,-40.40689,DEL02-ES,Risco Médio,Alta
terça-feira,BR-20,11.0,Pleno dia,Crescente,Céu Claro,Dupla,Não Informado,-15.64766,-47.76833,DEL02-DF,Risco Médio,Baixa
sexta-feira,BR-381,907.0,Pleno dia,Decrescente,Céu Claro,Dupla,Não Informado,-22.67969,-46.09966,DEL16-MG,Risco Médio,Alta
segunda-feira,BR-101,495.0,Plena Noite,Crescente,Céu Claro,Simples,Curva,-22.93142,-44.32135,DEL03-RJ,Risco Alto,Alta
domingo,BR-376,653.0,Anoitecer,Decrescente,Chuva,Dupla,Curva,-25.8442,-49.06044,DEL01-PR,Risco Médio,Baixa
segunda-feira,BR-110,124.0,Pleno dia,Crescente,Chuva,Simples,Curva,-10.48937,-38.38406,DEL07-BA,Risco Médio,Baixa
segunda-feira,BR-101,101.1,Pleno dia,Crescente,Céu Claro,Múltipla,Viaduto,-5.88692,-35.23206,DEL01-RN,Risco Médio,Alta
sexta-feira,BR-163,256.8,Plena Noite,Crescente,Céu Claro,Dupla,Reta,-22.25912,-54.79962,DEL04-MS,Risco Alto,Alta
sábado,BR-232,408.0,Plena Noite,Crescente,Céu Claro,Simples,Desvio Temporário,-7.983714,-38.28048,DEL04-PE,Risco Médio,Baixa
quinta-feira,BR-153,760.9,Pleno dia,Crescente,Nublado,Dupla,Rotatória,-12.48301,-49.11764,DEL01-TO,Risco Médio,Alta
domingo,BR-163,826.0,Pleno dia,Crescente,Sol,Dupla,Reta,-12.06761,-55.5175,DEL06-MT,Risco Baixo,Alta
sexta-feira,BR-101,75.0,Pleno dia,Crescente,Céu Claro,Dupla,Reta,-8.111423,-34.94613,DEL01-PE,Risco Médio,Alta
terça-feira,BR-242,891.0,Pleno dia,Decrescente,Céu Claro,Simples,Reta,-12.10124,-45.86976,DEL10-BA,Risco Médio,Baixa
domingo,BR-116,98.0,Plena Noite,Decrescente,Céu Claro,Simples,Curva,-22.4968,-43.0024,DEL04-RJ,Risco Médio,Alta
segunda-feira,BR-101,343.0,Pleno dia,Decrescente,Céu Claro,Simples,Curva,-20.66192,-40.59046,DEL03-ES,Risco Médio,Alta
quarta-feira,BR-364,261.9,Plena Noite,Crescente,Ignorado,Dupla,Não Informado,-16.03147,-54.89455,DEL02-MT,Risco Médio,Alta
sexta-feira,BR-101,265.0,Anoitecer,Decrescente,Garoa/Chuvisco,Múltipla,Reta,-20.18168,-40.26536,DEL02-ES,Risco Médio,Alta
domingo,BR-343,591.0,Plena Noite,Crescente,Céu Claro,Dupla,Reta,-6.781361,-43.02322,DEL03-PI,Risco Médio,Baixa
terça-feira,BR-232,387.8,Plena Noite,Crescente,Céu Claro,Simples,Curva,-8.032714,-38.11707,DEL04-PE,Risco Baixo,Baixa
sábado,BR-376,668.0,Pleno dia,Crescente,Céu Claro,Múltipla,Não Informado,-25.86416,-48.93754,DEL01-PR,Risco Médio,Baixa
domingo,BR-153,56.7,Plena Noite,Crescente,Céu Claro,Simples,Reta,-6.774972,-48.21967,DEL02-TO,Risco Médio,Alta
sexta-feira,BR-116,230.0,Anoitecer,Decrescente,Ignorado,Múltipla,Reta,-23.52252,-46.58557,DEL01-SP,Risco Médio,Alta
sábado,BR-381,684.3,Plena Noite,Decrescente,Chuva,Dupla,Retorno Regulamentado,-21.16003,-45.11813,DEL04-MG,Risco Baixo,Alta
domingo,BR-116,168.0,Pleno dia,Decrescente,Nublado,Múltipla,Reta,-22.79381,-43.36518,DEL01-RJ,Risco Médio,Alta
terça-feira,BR-376,302.8,Anoitecer,Crescente,Céu Claro,Dupla,Não Informado,-23.93645,-51.14711,DEL07-PR,Risco Baixo,Baixa
domingo,BR-235,50.0,Pleno dia,Crescente,Céu Claro,Simples,Reta,-10.70788,-37.42606,DEL01-SE,Risco Baixo,Baixa
quarta-feira,BR-381,452.0,Pleno dia,Crescente,Nublado,Simples,Curva,-19.8434,-43.88597,DEL01-MG,Risco Alto,Alta
segunda-feira,BR-116,38.7,Pleno dia,Crescente,Garoa/Chuvisco,Dupla,Curva,-25.14803,-48.85922,DEL01-PR,Risco Médio,Alta
sábado,BR-153,426.7,Pleno dia,Decrescente,Céu Claro,Simples,Reta,-9.630857,-48.63538,DEL02-TO,Risco Médio,Alta
sábado,BR-101,416.0,Amanhecer,Decrescente,Chuva,Dupla,Curva,-22.91781,-43.90456,DEL03-RJ,Risco Médio,Alta
domingo,BR-364,237.1,Pleno dia,Crescente,Sol,Simples,Interseção de vias,-11.44341,-61.44673,DEL02-RO,Risco Médio,Alta
quarta-feira,BR-381,343.2,Pleno dia,Decrescente,Céu Claro,Simples,Não Informado,-19.7784,-43.0437,DEL03-MG,Risco Médio,Alta
segunda-feira,BR-470,46.6,Pleno dia,Crescente,Céu Claro,Simples,Não Informado,-26.86039,-49.03762,DEL04-SC,Risco Médio,Baixa
quarta-feira,BR-222,675.0,Anoitecer,Crescente,Céu Claro,Simples,Interseção de vias,-4.938591,-47.46132,DEL04-MA,Risco Baixo,Baixa
quarta-feira,BR-101,80.0,Plena Noite,Decrescente,Céu Claro,Dupla,Interseção de vias,-8.154109,-34.94101,DEL01-PE,Risco Médio,Alta
segunda-feira,BR-465,6.0,Plena Noite,Crescente,Chuva,Simples,Não Informado,-22.7516,-43.6956,DEL01-RJ,Risco Médio,Baixa
sexta-feira,BR-116,145.0,Pleno dia,Decrescente,Nublado,Múltipla,Reta,-23.1861,-45.8528,DEL02-SP,Risco Baixo,Alta
segunda-feira,BR-230,75.8,Pleno dia,Decrescente,Sol,Dupla,Reta,-7.1908,-35.2682,DEL01-PB,Risco Baixo,Baixa
quinta-feira,BR-381,521.0,Pleno dia,Crescente,Chuva,Dupla,Curva,-20.1265,-44.3024,DEL04-MG,Risco Baixo,Alta
segunda-feira,BR-459,99.3,Pleno dia,Crescente,Sol,Dupla,Curva,-22.2098,-45.92682,DEL16-MG,Risco Baixo,Baixa
domingo,BR-393,235.0,Plena Noite,Crescente,Céu Claro,Simples,Reta,-22.38371,-43.64221,DEL05-RJ,Risco Médio,Média
quinta-feira,BR-277,724.0,Pleno dia,Crescente,Céu Claro,Dupla,Retorno Regulamentado,-25.50256,-54.53868,DEL05-PR,Risco Médio,Média
sábado,BR-222,222.0,Plena Noite,Crescente,Nublado,Simples,Reta,-3.721346,-40.32872,DEL04-CE,Risco Médio,Baixa
domingo,BR-482,88.3,Pleno dia,Crescente,Céu Claro,Simples,Curva,-20.7566,-41.56189,DEL03-ES,Risco Alto,Baixa
sábado,BR-405,164.1,Pleno dia,Crescente,Céu Claro,Simples,Reta,-6.21987,-38.23628,DEL04-RN,Risco Médio,Baixa
sábado,BR-386,140.0,Pleno dia,Decrescente,Sol,Simples,Curva,-28.00062,-52.89441,DEL08-RS,Risco Médio,Média
domingo,BR-104,61.2,Pleno dia,Decrescente,Nublado,Dupla,Reta,-8.245651,-35.97503,DEL02-PE,Risco Médio,Baixa
domingo,BR-101,930.0,Plena Noite,Decrescente,Nublado,Simples,Reta,-17.959,-39.8609,DEL09-BA,Risco Baixo,Alta
sábado,BR-304,53.2,Pleno dia,Crescente,Sol,Simples,Reta,-4.574025,-37.73636,DEL03-CE,Risco Médio,Baixa
sexta-feira,BR-116,170.0,Amanhecer,Decrescente,Céu Claro,Dupla,Reta,-22.81113,-43.33367,DEL01-RJ,Risco Médio,Alta
quarta-feira,BR-101,328.0,Pleno dia,Crescente,Céu Claro,Dupla,Reta,-22.87029,-43.1658,DEL02-RJ,Risco Médio,Alta
sexta-feira,BR-232,5.3,Pleno dia,Decrescente,Céu Claro,Dupla,Reta,-8.067958,-34.94535,DEL01-PE,Risco Médio,Baixa
quinta-feira,BR-116,271.0,Pleno dia,Crescente,Céu Claro,Dupla,Não Informado,-22.56088,-44.12224,DEL07-RJ,Risco Alto,Alta
sexta-feira,BR-262,0.7,Amanhecer,Crescente,Céu Claro,Dupla,Reta,-20.32773,-40.35486,DEL01-ES,Risco Médio,Média
terça-feira,BR-135,531.0,Pleno dia,Crescente,Céu Claro,Simples,Reta,-9.970939,-45.32975,DEL03-PI,Risco Médio,Baixa
domingo,BR-101,79.8,Pleno dia,Decrescente,Céu Claro,Dupla,Reta,-10.79084,-37.14163,DEL01-SE,Risco Alto,Alta
quinta-feira,BR-470,102.5,Pleno dia,Crescente,Nublado,Simples,Reta,-27.06082,-49.39276,DEL04-SC,Risco Médio,Baixa
quarta-feira,BR-146,490.8,Plena Noite,Decrescente,Céu Claro,Simples,Não Informado,-21.80791,-46.48264,DEL09-MG,Risco Médio,Baixa
sábado,BR-386,366.4,Plena Noite,Decrescente,Céu Claro,Dupla,Não Informado,-29.57211,-51.85578,DEL04-RS,Risco Baixo,Média
terça-feira,BR-40,282.6,Pleno dia,Crescente,Céu Claro,Simples,Interseção de vias,-18.24924,-45.20221,DEL14-MG,Risco Médio,Alta
domingo,BR-324,389.0,Pleno dia,Decrescente,Céu Claro,Simples,Reta,-12.04612,-38.99324,DEL04-BA,Risco Médio,Baixa
segunda-feira,BR-70,9.0,Pleno dia,Crescente,Nublado,Dupla,Reta,-15.78686,-48.13939,DEL01-DF,Risco Médio,Baixa
quinta-feira,BR-163,526.8,Pleno dia,Crescente,Chuva,Simples,Curva,-14.35786,-56.15009,DEL01-MT,Risco Médio,Alta
sexta-feira,BR-364,346.0,Plena Noite,Crescente,Ignorado,Dupla,Retorno Regulamentado,-10.86587,-61.96865,DEL02-RO,Risco Médio,Alta
quarta-feira,BR-230,120.0,Pleno dia,Crescente,Céu Claro,Dupla,Ponte,-5.356256,-49.12228,DEL03-PA,Risco Médio,Baixa
domingo,BR-364,514.0,Plena Noite,Decrescente,Céu Claro,Simples,Reta,-9.933984,-63.05523,DEL03-RO,Risco Médio,Alta
domingo,BR-116,910.4,Pleno dia,Decrescente,Céu Claro,Simples,Não Informado,-15.51739,-41.23995,DEL08-BA,Risco Baixo,Alta
sábado,BR-101,229.0,Plena Noite,Crescente,Garoa/Chuvisco,Dupla,Reta,-27.7768,-48.6346,DEL01-SC,Risco Baixo,Alta
domingo,BR-267,13.0,Pleno dia,Decrescente,Céu Claro,Simples,Curva,-21.58003,-42.72283,DEL07-MG,Risco Alto,Baixa
domingo,BR-116,238.0,Pleno dia,Decrescente,Céu Claro,Múltipla,Não Informado,-29.6874,-51.14197,DEL01-RS,Risco Médio,Alta
sábado,BR-135,5.0,Pleno dia,Crescente,Nublado,Dupla,Reta,-2.627525,-44.2624,DEL01-MA,Risco Médio,Baixa
quinta-feira,BR-101,122.1,Amanhecer,Decrescente,Céu Claro,Dupla,Reta,-26.93205,-48.7032,DEL04-SC,Risco Médio,Alta
segunda-feira,BR-101,75.2,Anoitecer,Crescente,Nublado,Dupla,Reta,-8.112991,-34.94543,DEL01-PE,Risco Médio,Alta
terça-feira,BR-381,84.0,Plena Noite,Decrescente,Céu Claro,Múltipla,Reta,-23.43937,-46.56807,DEL03-SP,Risco Médio,Alta
sexta-feira,BR-116,503.0,Pleno dia,Crescente,Céu Claro,Simples,Reta,-12.60461,-39.55234,DEL03-BA,Risco Médio,Alta
terça-feira,BR-116,277.0,Pleno dia,Decrescente,Sol,Dupla,Reta,-17.86505,-41.51596,DEL11-MG,Risco Médio,Alta
terça-feira,BR-158,79.0,Pleno dia,Crescente,Céu Claro,Simples,Reta,-16.37777,-51.86205,DEL04-GO,Risco Médio,Baixa
domingo,BR-40,516.0,Plena Noite,Crescente,Céu Claro,Dupla,Reta,-19.81629,-44.0896,DEL01-MG,Risco Médio,Alta
segunda-feira,BR-280,261.8,Anoitecer,Decrescente,Céu Claro,Simples,Reta,-26.26173,-50.6482,DEL06-SC,Risco Médio,Baixa
domingo,BR-101,479.0,Plena Noite,Decrescente,Nublado,Simples,Curva,-23.00854,-44.27562,DEL03-RJ,Risco Médio,Alta
sexta-feira,BR-470,64.0,Pleno dia,Decrescente,Sol,Simples,Reta,-26.87439,-49.18572,DEL04-SC,Risco Médio,Baixa
quarta-feira,BR-230,160.0,Pleno dia,Decrescente,Céu Claro,Simples,Interseção de vias,-7.2436,-35.9375,DEL02-PB,Risco Médio,Baixa
sexta-feira,BR-356,265.7,Pleno dia,Decrescente,Céu Claro,Simples,Interseção de vias,-21.12729,-42.36906,DEL07-MG,Risco Médio,Baixa
quinta-feira,BR-277,729.0,Plena Noite,Decrescente,Céu Claro,Dupla,Reta,-25.50755,-54.58375,DEL05-PR,Risco Médio,Média
sexta-feira,BR-226,86.0,Plena Noite,Decrescente,Céu Claro,Simples,Curva,-6.2174,-35.82283,DEL03-RN,Risco Médio,Baixa
quinta-feira,BR-153,197.8,Plena Noite,Crescente,Céu Claro,Simples,Reta,-7.621234,-48.4267,DEL02-TO,Risco Médio,Alta
quinta-feira,BR-428,189.0,Plena Noite,Decrescente,Céu Claro,Dupla,Reta,-9.371975,-40.4868,DEL06-PE,Risco Médio,Baixa
terça-feira,BR-262,1.0,Plena Noite,Crescente,Chuva,Dupla,Não Informado,-20.33061,-40.35497,DEL01-ES,Risco Baixo,Média
domingo,BR-364,237.2,Plena Noite,Crescente,Céu Claro,Simples,Não Informado,-11.44168,-61.44977,DEL02-RO,Risco Médio,Alta
sábado,BR-116,17.6,Plena Noite,Decrescente,Nublado,Dupla,Reta,-25.38924,-49.19227,DEL01-PR,Risco Médio,Alta
sexta-feira,BR-116,24.5,Pleno dia,Crescente,Garoa/Chuvisco,Dupla,Reta,-25.10738,-48.77922,DEL01-PR,Risco Médio,Alta
segunda-feira,BR-116,780.3,Pleno dia,Crescente,Céu Claro,Simples,Curva,-21.60838,-42.69596,DEL07-MG,Risco Médio,Alta
quarta-feira,BR-101,146.0,Pleno dia,Crescente,Sol,Dupla,Reta,-6.262554,-35.21147,DEL01-RN,Risco Médio,Alta
sábado,BR-70,400.0,Plena Noite,Decrescente,Nevoeiro/Neblina,Simples,Reta,-15.65844,-55.21206,DEL05-MT,Risco Médio,Baixa
domingo,BR-376,242.0,Plena Noite,Crescente,Nublado,Dupla,Não Informado,-23.58005,-51.4188,DEL07-PR,Risco Médio,Baixa
quarta-feira,BR-116,206.0,Pleno dia,Decrescente,Céu Claro,Simples,Rotatória,-27.47249,-50.38178,DEL05-SC,Risco Médio,Alta
terça-feira,BR-116,246.0,Plena Noite,Crescente,Nublado,Dupla,Curva,-29.75875,-51.15187,DEL01-RS,Risco Médio,Alta
segunda-feira,BR-277,664.0,Plena Noite,Crescente,Céu Claro,Dupla,Curva,-25.25342,-54.03049,DEL05-PR,Risco Médio,Média
sexta-feira,BR-262,583.7,Pleno dia,Decrescente,Chuva,Simples,Curva,-19.663,-46.09753,DEL08-MG,Risco Médio,Média
quinta-feira,BR-369,142.9,Plena Noite,Decrescente,Nublado,Simples,Reta,-23.29271,-51.09116,DEL07-PR,Risco Baixo,Baixa
domingo,BR-470,192.5,Pleno dia,Crescente,Nublado,Simples,Curva,-27.29332,-50.07868,DEL04-SC,Risco Médio,Baixa
terça-feira,BR-116,427.0,Pleno dia,Crescente,Céu Claro,Simples,Rotatória,-6.841029,-38.73747,DEL05-CE,Risco Médio,Alta
sábado,BR-369,159.0,Pleno dia,Crescente,Ignorado,Dupla,Reta,-23.28238,-51.25129,DEL07-PR,Risco Baixo,Baixa
terça-feira,BR-230,36.0,Pleno dia,Crescente,Céu Claro,Simples,Curva,-7.1246,-34.9473,DEL01-PB,Risco Médio,Baixa
domingo,BR-135,659.0,Amanhecer,Crescente,Chuva,Simples,Curva,-19.0763,-44.5346,DEL02-MG,Risco Baixo,Baixa
domingo,BR-101,418.0,Plena Noite,Crescente,Céu Claro,Simples,Não Informado,-22.91783,-43.90472,DEL03-RJ,Risco Médio,Alta
quinta-feira,BR-277,422.0,Pleno dia,Decrescente,Céu Claro,Simples,Não Informado,-25.40453,-52.10543,DEL04-PR,Risco Médio,Média
quinta-feira,BR-156,820.0,Pleno dia,Crescente,Céu Claro,Simples,Reta,3.838788,-51.81775,DEL01-AP,Risco Médio,Baixa
quinta-feira,BR-116,157.8,Pleno dia,Decrescente,Nublado,Simples,Reta,-25.86299,-49.4079,DEL01-PR,Risco Alto,Alta
segunda-feira,BR-262,7.0,Anoitecer,Decrescente,Céu Claro,Múltipla,Reta,-20.34253,-40.40119,DEL01-ES,Risco Médio,Média
sábado,BR-277,5.0,Plena Noite,Crescente,Ignorado,Dupla,Interseção de vias,-25.46238,-54.58304,DEL05-PR,Risco Médio,Média
quinta-feira,BR-116,254.0,Pleno dia,Decrescente,Chuva,Dupla,Reta,-29.82655,-51.17241,DEL01-RS,Risco Médio,Alta
sexta-feira,BR-381,477.0,Pleno dia,Crescente,Céu Claro,Múltipla,Não Informado,-19.9575,-44.0293,DEL01-MG,Risco Baixo,Alta
sexta-feira,BR-153,647.6,Plena Noite,Decrescente,Céu Claro,Simples,Reta,-11.50975,-49.00996,DEL02-TO,Risco Baixo,Alta
sábado,BR-418,100.3,Pleno dia,Crescente,Céu Claro,Simples,Reta,-17.90699,-39.94184,DEL09-BA,Risco Médio,Baixa
terça-feira,BR-365,603.6,Pleno dia,Decrescente,Céu Claro,Simples,Reta,-18.89316,-48.13884,DEL15-MG,Risco Médio,Média
terça-feira,BR-343,334.3,Pleno dia,Decrescente,Céu Claro,Dupla,Reta,-5.057786,-42.68854,DEL01-PI,Risco Médio,Baixa
domingo,BR-376,601.5,Anoitecer,Decrescente,Céu Claro,Dupla,Curva,-25.54368,-49.30801,DEL01-PR,Risco Baixo,Baixa
terça-feira,BR-10,283.0,Pleno dia,Crescente,Céu Claro,Simples,Reta,-5.260088,-47.50864,DEL04-MA,Risco Médio,Baixa
sábado,BR-424,82.7,Plena Noite,Crescente,Céu Claro,Simples,Reta,-8.845568,-36.52512,DEL03-PE,Risco Alto,Baixa
domingo,BR-364,708.0,Pleno dia,Decrescente,Céu Claro,Dupla,Curva,-8.795541,-63.84072,DEL01-RO,Risco Baixo,Alta
segunda-feira,BR-488,3.2,Plena Noite,Crescente,Céu Claro,Dupla,Reta,-22.85656,-45.24454,DEL08-SP,Risco Médio,Baixa
segunda-feira,BR-116,1.0,Plena Noite,Crescente,Nublado,Dupla,Reta,-25.3514,-49.0599,DEL01-PR,Risco Médio,Alta
sexta-feira,BR-153,493.0,Pleno dia,Decrescente,Sol,Dupla,Reta,-16.65663,-49.21758,DEL01-GO,Risco Médio,Alta
segunda-feira,BR-116,457.1,Pleno dia,Crescente,Céu Claro,Simples,Desvio Temporário,-7.193349,-38.7911,DEL05-CE,Risco Médio,Alta
sexta-feira,BR-376,597.0,Pleno dia,Crescente,Nublado,Dupla,Reta,-25.51057,-49.33885,DEL01-PR,Risco Médio,Baixa
sábado,BR-40,102.0,Anoitecer,Decrescente,Nublado,Múltipla,Reta,-22.61546,-43.28655,DEL01-RJ,Risco Médio,Alta
terça-feira,BR-116,429.0,Plena Noite,Crescente,Chuva,Simples,Não Informado,-31.0156,-52.05327,DEL02-RS,Risco Médio,Alta
sexta-feira,BR-277,206.0,Pleno dia,Crescente,Céu Claro,Simples,Curva,-25.45971,-50.33237,DEL03-PR,Risco Médio,Média
domingo,BR-364,1185.0,Pleno dia,Crescente,Céu Claro,Simples,Curva,-13.7945,-59.4692,DEL04-MT,Risco Médio,Alta
sexta-feira,BR-101,399.0,Plena Noite,Decrescente,Céu Claro,Dupla,Reta,-28.84171,-49.42814,DEL02-SC,Risco Baixo,Alta
terça-feira,BR-280,213.0,Plena Noite,Decrescente,Céu Claro,Simples,Reta,-26.1809,-50.19718,DEL06-SC,Risco Médio,Baixa
sábado,BR-408,95.0,Pleno dia,Decrescente,Garoa/Chuvisco,Dupla,Reta,-8.014987,-35.04195,DEL01-PE,Risco Alto,Baixa
segunda-feira,BR-356,63.0,Pleno dia,Crescente,Céu Claro,Simples,Curva,-21.35638,-41.70895,DEL08-RJ,Risco Alto,Baixa
segunda-feira,BR-10,263.2,Plena Noite,Decrescente,Céu Claro,Simples,Reta,-5.436281,-47.47265,DEL04-MA,Risco Médio,Baixa
domingo,BR-232,404.0,Pleno dia,Crescente,Céu Claro,Simples,Curva,-7.994523,-38.24477,DEL04-PE,Risco Médio,Baixa
sexta-feira,BR-174,100.0,Plena Noite,Decrescente,Nublado,Simples,Reta,-15.83982,-57.87009,DEL03-MT,Risco Baixo,Baixa
segunda-feira,BR-163,827.0,Pleno dia,Decrescente,Céu Claro,Dupla,Não Informado,-11.9163,-55.50959,DEL06-MT,Risco Médio,Alta
quarta-feira,BR-101,61.0,Plena Noite,Crescente,Céu Claro,Simples,Reta,-21.73069,-41.32344,DEL08-RJ,Risco Médio,Alta
quarta-feira,BR-277,470.9,Pleno dia,Crescente,Céu Claro,Simples,Não Informado,-25.33085,-52.50835,DEL04-PR,Risco Baixo,Média
terça-feira,BR-277,2.7,Pleno dia,Decrescente,Garoa/Chuvisco,Dupla,Reta,-25.53133,-48.52902,DEL01-PR,Risco Médio,Média
sexta-feira,BR-101,210.1,Pleno dia,Decrescente,Chuva,Dupla,Reta,-27.61673,-48.64573,DEL01-SC,Risco Médio,Alta
domingo,BR-153,492.0,Pleno dia,Decrescente,Chuva,Simples,Curva,-26.42975,-51.31476,DEL02-PR,Risco Médio,Alta
sexta-feira,BR-40,197.5,Plena Noite,Decrescente,Céu Claro,Simples,Curva,-17.9955,-45.8404,DEL14-MG,Risco Médio,Alta
domingo,BR-153,205.2,Pleno dia,Crescente,Nublado,Simples,Reta,-21.86614,-49.90678,DEL07-SP,Risco Médio,Alta
segunda-feira,BR-316,309.0,Anoitecer,Crescente,Céu Claro,Simples,Reta,-7.077896,-41.48944,DEL04-PI,Risco Médio,Baixa