dia_semana,br,km,fase_dia,sentido_via,condicao_metereologica,tipo_pista,tracado_via,latitude,longitude,delegacia,classificacao_acidente,postos_policiais_PRF
segunda-feira,BR-364,673.0,Pleno dia,Crescente,Céu Claro,Simples,Reta,-8.778854,-63.5256,DEL01-RO,Risco Médio,Alta
sexta-feira,BR-381,598.5,Pleno dia,Decrescente,Céu Claro,Dupla,Não Informado,-20.60717,-44.7331,DEL04-MG,Risco Alto,Alta
sexta-feira,BR-116,297.0,Pleno dia,Crescente,Céu Claro,Múltipla,Reta,-18.00882,-41.58955,DEL11-MG,Risco Médio,Alta
terça-feira,BR-316,158.0,Pleno dia,Decrescente,Céu Claro,Simples,Reta,-2.921758,-45.67336,DEL02-MA,Risco Alto,Baixa
quinta-feira,BR-101,285.0,Plena Noite,Crescente,Nublado,Dupla,Reta,-22.74987,-42.81644,DEL02-RJ,Risco Médio,Alta
sexta-feira,BR-369,37.5,Plena Noite,Crescente,Céu Claro,Dupla,Reta,-23.06457,-50.25284,DEL07-PR,Risco Médio,Baixa
quarta-feira,BR-376,95.0,Pleno dia,Decrescente,Céu Claro,Simples,Reta,-23.0146,-52.52125,DEL09-PR,Risco Baixo,Baixa
domingo,BR-116,749.0,Pleno dia,Decrescente,Ignorado,Simples,Reta,-21.44444,-42.54018,DEL07-MG,Risco Médio,Alta
domingo,BR-116,511.0,Pleno dia,Crescente,Céu Claro,Simples,Não Informado,-24.83558,-48.22237,DEL05-SP,Risco Médio,Alta
terça-feira,BR-163,245.4,Plena Noite,Decrescente,Céu Claro,Simples,Reta,-22.34868,-54.80735,DEL04-MS,Risco Alto,Alta
quarta-feira,BR-163,185.0,Amanhecer,Crescente,Nublado,Dupla,Curva,-25.13566,-53.5836,DEL04-PR,Risco Médio,Alta
sábado,BR-280,29.0,Anoitecer,Decrescente,Chuva,Simples,Reta,-26.40992,-48.75195,DEL03-SC,Risco Médio,Baixa
sexta-feira,BR-324,596.0,Anoitecer,Decrescente,Garoa/Chuvisco,Dupla,Curva,-12.72004,-38.45131,DEL01-BA,Risco Médio,Baixa
quinta-feira,BR-116,276.0,Pleno dia,Crescente,Céu Claro,Dupla,Reta,-22.56183,-44.16589,DEL07-RJ,Risco Médio,Alta
quinta-feira,BR-163,476.7,Plena Noite,Decrescente,Nevoeiro/Neblina,Simples,Curva,-20.50428,-54.55557,DEL01-MS,Risco Médio,Alta
terça-feira,BR-40,86.8,Anoitecer,Decrescente,Chuva,Simples,Curva,-22.53575,-43.23296,DEL06-RJ,Risco Médio,Alta
terça-feira,BR-230,26.0,Pleno dia,Crescente,Sol,Dupla,Reta,-7.168052,-34.8845,DEL01-PB,Risco Médio,Baixa
sábado,BR-343,253.0,Plena Noite,Decrescente,Céu Claro,Simples,Reta,-4.7169,-42.0953,DEL01-PI,Risco Médio,Baixa
segunda-feira,BR-472,569.0,Pleno dia,Crescente,Céu Claro,Simples,Curva,-29.7643,-57.0062,DEL13-RS,Risco Alto,Baixa
segunda-feira,BR-116,186.9,Pleno dia,Crescente,Chuva,Simples,Curva,-27.3134,-50.41996,DEL05-SC,Risco Médio,Alta
segunda-feira,BR-116,360.1,Plena Noite,Decrescente,Ignorado,Dupla,Não Informado,-24.11268,-47.2658,DEL04-SP,Risco Médio,Alta
quinta-feira,BR-50,1.7,Pleno dia,Decrescente,Sol,Dupla,Não Informado,-18.42819,-48.06305,DEL15-MG,Risco Baixo,Média
domingo,BR-373,259.0,Amanhecer,Crescente,Chuva,Simples,Curva,-25.20044,-50.92792,DEL03-PR,Risco Alto,Baixa
segunda-feira,BR-153,28.0,Pleno dia,Crescente,Céu Claro,Dupla,Não Informado,-18.66327,-49.16526,DEL15-MG,Risco Médio,Alta
sexta-feira,BR-376,15.0,Plena Noite,Crescente,Céu Claro,Múltipla,Não Informado,-23.4136,-51.8807,DEL07-PR,Risco Alto,Baixa
quarta-feira,BR-285,339.0,Anoitecer,Crescente,Nublado,Simples,Reta,-28.31284,-52.78861,DEL08-RS,Risco Médio,Baixa
terça-feira,BR-470,202.0,Pleno dia,Crescente,Céu Claro,Simples,Reta,-29.07692,-51.58329,DEL06-RS,Risco Médio,Baixa
domingo,BR-407,214.0,Plena Noite,Decrescente,Chuva,Simples,Não Informado,-11.22078,-40.02906,DEL04-BA,Risco Alto,Baixa
quarta-feira,BR-316,67.0,Pleno dia,Crescente,Céu Claro,Simples,Reta,-1.294879,-47.89281,DEL01-PA,Risco Médio,Baixa
terça-feira,BR-116,26.0,Pleno dia,Decrescente,Céu Claro,Dupla,Reta,-25.10684,-48.78534,DEL01-PR,Risco Médio,Alta
sábado,BR-116,206.0,Plena Noite,Decrescente,Céu Claro,Dupla,Reta,-23.41723,-46.3751,DEL01-SP,Risco Médio,Alta
sexta-feira,BR-324,558.0,Pleno dia,Crescente,Céu Claro,Dupla,Reta,-12.48183,-38.66808,DEL01-BA,Risco Médio,Baixa
sexta-feira,BR-359,191.0,Amanhecer,Decrescente,Nevoeiro/Neblina,Simples,Reta,-18.39017,-54.41757,DEL06-MS,Risco Médio,Baixa
sábado,BR-381,56.0,Pleno dia,Crescente,Céu Claro,Dupla,Reta,-23.25907,-46.58983,DEL03-SP,Risco Médio,Alta
domingo,BR-428,191.5,Pleno dia,Decrescente,Sol,Simples,Interseção de vias,-9.384387,-40.51911,DEL06-PE,Risco Médio,Baixa
domingo,BR-364,19.5,Pleno dia,Crescente,Sol,Simples,Reta,-20.05658,-48.82118,DEL13-MG,Risco Médio,Alta
segunda-feira,BR-364,397.0,Pleno dia,Crescente,Céu Claro,Simples,Reta,-15.66918,-55.95341,DEL02-MT,Risco Médio,Alta
quinta-feira,BR-20,429.0,Pleno dia,Crescente,Céu Claro,Dupla,Reta,-3.870942,-38.50081,DEL01-CE,Risco Médio,Baixa
sábado,BR-381,487.0,Pleno dia,Crescente,Céu Claro,Dupla,Reta,-19.95587,-44.1461,DEL01-MG,Risco Médio,Alta
sexta-feira,BR-116,315.5,Pleno dia,Crescente,Céu Claro,Dupla,Não Informado,-23.90506,-46.99183,DEL04-SP,Risco Médio,Alta
terça-feira,BR-262,793.4,Pleno dia,Crescente,Céu Claro,Simples,Reta,-19.70313,-47.98551,DEL13-MG,Risco Médio,Média
terça-feira,BR-101,399.3,Pleno dia,Crescente,Sol,Dupla,Curva,-28.8506,-49.4359,DEL02-SC,Risco Médio,Alta
domingo,BR-343,190.0,Plena Noite,Decrescente,Céu Claro,Simples,Reta,-4.320168,-41.78234,DEL02-PI,Risco Baixo,Baixa
sábado,BR-316,3.5,Pleno dia,Crescente,Céu Claro,Simples,Reta,-5.128264,-42.79292,DEL01-PI,Risco Médio,Baixa
sábado,BR-40,101.0,Plena Noite,Decrescente,Nublado,Simples,Rotatória,-22.60246,-43.28381,DEL01-RJ,Risco Médio,Alta
segunda-feira,BR-101,306.0,Plena Noite,Crescente,Céu Claro,Dupla,Reta,-22.78914,-43.00552,DEL02-RJ,Risco Médio,Alta
sexta-feira,BR-369,174.4,Plena Noite,Crescente,Céu Claro,Simples,Interseção de vias,-23.3215,-51.38271,DEL07-PR,Risco Médio,Baixa
domingo,BR-392,346.7,Pleno dia,Decrescente,Sol,Simples,Reta,-29.73082,-53.8015,DEL09-RS,Risco Baixo,Média
quinta-feira,BR-116,126.0,Plena Noite,Crescente,Céu Claro,Dupla,Não Informado,-25.6039,-49.31824,DEL01-PR,Risco Médio,Alta
sábado,BR-116,228.0,Amanhecer,Crescente,Céu Claro,Múltipla,Reta,-23.50343,-46.56639,DEL01-SP,Risco Baixo,Alta
segunda-feira,BR-40,547.0,Pleno dia,Crescente,Céu Claro,Dupla,Não Informado,-20.02252,-43.97026,DEL01-MG,Risco Médio,Alta
quinta-feira,BR-365,321.9,Pleno dia,Decrescente,Chuva,Simples,Não Informado,-18.2754,-45.89263,DEL10-MG,Risco Médio,Média
domingo,BR-101,160.0,Amanhecer,Decrescente,Nublado,Simples,Reta,-19.47663,-40.11403,DEL04-ES,Risco Médio,Alta
quinta-feira,BR-386,342.3,Pleno dia,Decrescente,Sol,Simples,Reta,-29.43205,-52.01121,DEL04-RS,Risco Médio,Média
quinta-feira,BR-116,219.0,Pleno dia,Decrescente,Ignorado,Múltipla,Interseção de vias,-23.46144,-46.48885,DEL01-SP,Risco Médio,Alta
quarta-feira,BR-174,26.0,Pleno dia,Crescente,Céu Claro,Simples,Reta,2.951141,-60.74804,DEL01-RR,Risco Médio,Baixa
sábado,BR-376,9.0,Plena Noite,Crescente,Céu Claro,Simples,Reta,-22.25644,-54.63792,DEL04-MS,Risco Médio,Baixa
segunda-feira,BR-116,816.9,Pleno dia,Decrescente,Nublado,Simples,Reta,-21.87121,-42.66833,DEL07-MG,Risco Médio,Alta
domingo,BR-381,159.0,Pleno dia,Crescente,Céu Claro,Simples,Curva,-18.92456,-42.01933,DEL06-MG,Risco Médio,Alta
sexta-feira,BR-210,1.0,Pleno dia,Crescente,Céu Claro,Dupla,Reta,0.07816717,-51.06999,DEL01-AP,Risco Médio,Baixa
segunda-feira,BR-40,2.7,Amanhecer,Crescente,Céu Claro,Dupla,Reta,-16.07608,-47.98567,DEL01-DF,Risco Baixo,Alta
quarta-feira,BR-222,123.5,Plena Noite,Crescente,Céu Claro,Simples,Reta,-3.694553,-39.58168,DEL04-CE,Risco Alto,Baixa
domingo,BR-163,650.0,Pleno dia,Decrescente,Chuva,Dupla,Túnel,-19.3936,-54.5635,DEL06-MS,Risco Médio,Alta
segunda-feira,BR-381,300.0,Anoitecer,Crescente,Nublado,Dupla,Reta,-19.63688,-42.89911,DEL03-MG,Risco Médio,Alta
sexta-feira,BR-116,219.9,Pleno dia,Crescente,Nublado,Múltipla,Reta,-23.46473,-46.49794,DEL01-SP,Risco Médio,Alta
domingo,BR-40,12.0,Pleno dia,Decrescente,Céu Claro,Dupla,Reta,-16.14512,-47.94538,DEL01-DF,Risco Médio,Alta
terça-feira,BR-304,48.0,Pleno dia,Decrescente,Céu Claro,Dupla,Interseção de vias,-5.227792,-37.32246,DEL04-RN,Risco Médio,Baixa
segunda-feira,BR-230,162.8,Pleno dia,Crescente,Céu Claro,Simples,Reta,-7.221692,-35.94355,DEL02-PB,Risco Alto,Baixa
terça-feira,BR-386,339.3,Pleno dia,Decrescente,Garoa/Chuvisco,Simples,Não Informado,-29.41021,-52.02908,DEL04-RS,Risco Médio,Média
sexta-feira,BR-101,0.6,Pleno dia,Crescente,Céu Claro,Dupla,Reta,-20.23911,-40.27901,DEL02-ES,Risco Baixo,Alta
quinta-feira,BR-386,427.0,Pleno dia,Crescente,Nublado,Simples,Curva,-29.82234,-51.35158,DEL04-RS,Risco Baixo,Média
domingo,BR-50,171.0,Anoitecer,Crescente,Céu Claro,Dupla,Reta,-19.74555,-47.98382,DEL13-MG,Risco Médio,Média
terça-feira,BR-277,7.0,Anoitecer,Decrescente,Chuva,Dupla,Reta,-25.5682,-48.61529,DEL01-PR,Risco Médio,Média
domingo,BR-158,331.0,Plena Noite,Decrescente,Céu Claro,Simples,Curva,-12.16585,-51.6974,DEL07-MT,Risco Alto,Baixa
sábado,BR-381,667.1,Plena Noite,Decrescente,Ignorado,Dupla,Curva,-21.054,-45.0241,DEL04-MG,Risco Alto,Alta
terça-feira,BR-364,600.0,Plena Noite,Crescente,Céu Claro,Simples,Reta,-9.222392,-63.17136,DEL03-RO,Risco Médio,Alta
terça-feira,BR-381,214.0,Anoitecer,Crescente,Ignorado,Simples,Reta,-19.26346,-42.34572,DEL06-MG,Risco Médio,Alta
terça-feira,BR-386,385.7,Pleno dia,Crescente,Nublado,Dupla,Reta,-29.69237,-51.70332,DEL04-RS,Risco Baixo,Média
sábado,BR-104,45.0,Plena Noite,Decrescente,Céu Claro,Dupla,Reta,-8.115329,-36.00655,DEL02-PE,Risco Médio,Baixa
segunda-feira,BR-282,527.8,Pleno dia,Decrescente,Céu Claro,Múltipla,Reta,-26.9732,-52.58332,DEL07-SC,Risco Médio,Baixa
domingo,BR-319,64.0,Pleno dia,Crescente,Garoa/Chuvisco,Dupla,Não Informado,-8.766685,-63.88405,DEL01-RO,Risco Médio,Baixa
terça-feira,BR-376,9.0,Pleno dia,Crescente,Céu Claro,Dupla,Reta,-23.37843,-51.91552,DEL09-PR,Risco Alto,Baixa
domingo,BR-407,125.0,Plena Noite,Decrescente,Nublado,Simples,Reta,-10.44118,-40.18696,DEL04-BA,Risco Médio,Baixa
quinta-feira,BR-376,125.9,Plena Noite,Crescente,Céu Claro,Dupla,Reta,-23.15246,-52.27111,DEL07-PR,Risco Médio,Baixa
segunda-feira,BR-60,396.0,Pleno dia,Crescente,Céu Claro,Dupla,Reta,-17.8244,-51.0172,DEL04-GO,Risco Médio,Média
sábado,BR-267,332.6,Pleno dia,Crescente,Nublado,Simples,Reta,-21.58967,-54.85868,DEL02-MS,Risco Médio,Baixa
segunda-feira,BR-319,60.0,Pleno dia,Crescente,Céu Claro,Dupla,Não Informado,-8.741665,-63.89774,DEL01-RO,Risco Baixo,Baixa
segunda-feira,BR-116,251.0,Pleno dia,Crescente,Céu Claro,Simples,Reta,-27.81659,-50.32655,DEL05-SC,Risco Médio,Alta
quarta-feira,BR-101,179.0,Pleno dia,Decrescente,Nublado,Dupla,Curva,-27.37436,-48.63254,DEL01-SC,Risco Médio,Alta
sábado,BR-262,553.6,Pleno dia,Decrescente,Nublado,Simples,Curva,-19.70778,-45.91956,DEL08-MG,Risco Médio,Média
quinta-feira,BR-101,171.9,Pleno dia,Crescente,Sol,Simples,Reta,-19.5681,-40.1811,DEL04-ES,Risco Médio,Alta
sábado,BR-230,110.0,Pleno dia,Decrescente,Céu Claro,Simples,Reta,-5.373427,-49.03127,DEL03-PA,Risco Médio,Baixa
sábado,BR-116,193.0,Pleno dia,Crescente,Chuva,Dupla,Reta,-22.7396,-43.52859,DEL01-RJ,Risco Médio,Alta
domingo,BR-316,42.4,Plena Noite,Decrescente,Céu Claro,Simples,Curva,-5.41471,-42.6423,DEL01-PI,Risco Médio,Baixa
quinta-feira,BR-376,507.8,Amanhecer,Crescente,Chuva,Dupla,Reta,-25.24705,-50.02183,DEL03-PR,Risco Médio,Baixa
sábado,BR-101,301.0,Plena Noite,Decrescente,Céu Claro,Dupla,Reta,-22.87596,-43.1117,DEL02-RJ,Risco Médio,Alta
domingo,BR-343,346.5,Plena Noite,Decrescente,Céu Claro,Simples,Reta,-5.114369,-42.77716,DEL01-PI,Risco Baixo,Baixa
sábado,BR-101,177.0,Pleno dia,Decrescente,Céu Claro,Dupla,Reta,-27.3556,-48.6324,DEL01-SC,Risco Baixo,Alta
segunda-feira,BR-381,814.0,Pleno dia,Crescente,Céu Claro,Dupla,Reta,-22.02617,-45.6779,DEL16-MG,Risco Médio,Alta
terça-feira,BR-50,273.2,Pleno dia,Crescente,Céu Claro,Simples,Viaduto,-18.1302,-47.9047,DEL06-GO,Risco Médio,Média
segunda-feira,BR-393,2.8,Plena Noite,Decrescente,Nublado,Simples,Reta,-20.83243,-41.17491,DEL03-ES,Risco Médio,Média
domingo,BR-262,40.5,Plena Noite,Crescente,Céu Claro,Simples,Reta,-20.27334,-42.04914,DEL06-MG,Risco Médio,Média
quarta-feira,BR-259,93.7,Amanhecer,Crescente,Céu Claro,Simples,Reta,-19.50636,-40.93464,DEL02-ES,Risco Médio,Baixa
domingo,BR-476,312.8,Plena Noite,Decrescente,Céu Claro,Simples,Curva,-26.02461,-50.67159,DEL02-PR,Risco Médio,Baixa
quinta-feira,BR-116,219.0,Amanhecer,Crescente,Ignorado,Dupla,Curva,-23.45,-46.49011,DEL01-SP,Risco Baixo,Alta
quarta-feira,BR-101,38.4,Plena Noite,Decrescente,Céu Claro,Dupla,Reta,-26.25473,-48.90561,DEL03-SC,Risco Baixo,Alta
sexta-feira,BR-405,64.9,Pleno dia,Crescente,Nublado,Simples,Reta,-5.569583,-37.75396,DEL04-RN,Risco Médio,Baixa
quinta-feira,BR-101,296.0,Pleno dia,Crescente,Garoa/Chuvisco,Dupla,Reta,-22.76705,-42.9102,DEL02-RJ,Risco Médio,Alta
sábado,BR-364,163.5,Pleno dia,Crescente,Nublado,Simples,Reta,-16.69051,-54.28759,DEL02-MT,Risco Baixo,Alta
sábado,BR-101,236.7,Pleno dia,Decrescente,Nublado,Dupla,Reta,-22.61325,-42.41006,DEL02-RJ,Risco Baixo,Alta
sábado,BR-381,90.0,Pleno dia,Decrescente,Céu Claro,Simples,Curva,-23.49479,-46.5596,DEL03-SP,Risco Médio,Alta
domingo,BR-174,79.5,Plena Noite,Decrescente,Céu Claro,Simples,Reta,-15.99034,-57.75358,DEL03-MT,Risco Médio,Baixa
domingo,BR-277,693.1,Pleno dia,Crescente,Céu Claro,Dupla,Reta,-25.37327,-54.27188,DEL05-PR,Risco Médio,Média
domingo,BR-153,145.3,Amanhecer,Decrescente,Nevoeiro/Neblina,Dupla,Reta,-7.205036,-48.24035,DEL02-TO,Risco Médio,Alta
quarta-feira,BR-163,65.3,Plena Noite,Crescente,Garoa/Chuvisco,Simples,Reta,-26.77547,-53.50608,DEL07-SC,Risco Médio,Alta
terça-feira,BR-101,297.5,Plena Noite,Decrescente,Céu Claro,Múltipla,Não Informado,-22.77149,-42.9238,DEL02-RJ,Risco Médio,Alta
segunda-feira,BR-101,43.0,Pleno dia,Decrescente,Céu Claro,Múltipla,Retorno Regulamentado,-7.847538,-34.90977,DEL01-PE,Risco Baixo,Alta
quinta-feira,BR-116,247.0,Pleno dia,Crescente,Nublado,Simples,Reta,-27.81262,-50.3686,DEL05-SC,Risco Baixo,Alta
sábado,BR-60,46.6,Plena Noite,Crescente,Garoa/Chuvisco,Dupla,Curva,-16.14459,-48.60091,DEL02-GO,Risco Baixo,Média
terça-feira,BR-463,2.0,Pleno dia,Decrescente,Céu Claro,Simples,Reta,-22.25915,-54.82335,DEL04-MS,Risco Médio,Baixa
domingo,BR-101,254.7,Pleno dia,Crescente,Céu Claro,Simples,Reta,-20.11004,-40.3274,DEL02-ES,Risco Médio,Alta
sábado,BR-101,214.0,Pleno dia,Crescente,Céu Claro,Múltipla,Reta,-27.652,-48.676,DEL01-SC,Risco Médio,Alta
domingo,BR-232,516.5,Plena Noite,Decrescente,Céu Claro,Simples,Reta,-8.061821,-39.20612,DEL05-PE,Risco Médio,Baixa
sexta-feira,BR-158,331.8,Pleno dia,Crescente,Nublado,Simples,Reta,-29.68464,-53.80741,DEL09-RS,Risco Médio,Baixa
segunda-feira,BR-101,315.0,Pleno dia,Crescente,Céu Claro,Dupla,Reta,-22.82262,-43.08461,DEL02-RJ,Risco Médio,Alta
sexta-feira,BR-153,498.0,Plena Noite,Decrescente,Céu Claro,Dupla,Reta,-16.6939,-49.2321,DEL01-GO,Risco Médio,Alta
quinta-feira,BR-116,58.2,Pleno dia,Decrescente,Céu Claro,Dupla,Reta,-22.78107,-45.14708,DEL08-SP,Risco Médio,Alta
domingo,BR-101,80.0,Plena Noite,Crescente,Nublado,Dupla,Reta,-8.151126,-34.94289,DEL01-PE,Risco Médio,Alta
terça-feira,BR-116,115.5,Pleno dia,Crescente,Céu Claro,Dupla,Reta,-25.55953,-49.2656,DEL01-PR,Risco Médio,Alta
quarta-feira,BR-40,531.0,Pleno dia,Crescente,Céu Claro,Dupla,Reta,-19.91962,-44.02523,DEL01-MG,Risco Médio,Alta
segunda-feira,BR-135,619.4,Plena Noite,Decrescente,Céu Claro,Simples,Não Informado,-18.7471,-44.44593,DEL02-MG,Risco Médio,Baixa
segunda-feira,BR-364,425.3,Pleno dia,Crescente,Céu Claro,Simples,Reta,-10.43752,-62.4717,DEL03-RO,Risco Baixo,Alta
sábado,BR-40,30.0,Pleno dia,Crescente,Céu Claro,Dupla,Curva,-22.18634,-43.1666,DEL06-RJ,Risco Médio,Alta
quinta-feira,BR-373,347.4,Plena Noite,Decrescente,Chuva,Simples,Curva,-25.36641,-51.49214,DEL03-PR,Risco Baixo,Baixa
segunda-feira,BR-364,182.0,Plena Noite,Crescente,Céu Claro,Simples,Reta,-16.59379,-54.50829,DEL02-MT,Risco Alto,Alta
sábado,BR-101,505.0,Pleno dia,Decrescente,Céu Claro,Simples,Reta,-14.94927,-39.30421,DEL05-BA,Risco Médio,Alta
sábado,BR-116,477.8,Plena Noite,Crescente,Céu Claro,Simples,Reta,-7.301562,-38.90739,DEL05-CE,Risco Baixo,Alta
quarta-feira,BR-381,358.0,Pleno dia,Crescente,Céu Claro,Simples,Reta,-19.85593,-43.21689,DEL03-MG,Risco Médio,Alta
sexta-feira,BR-277,594.1,Plena Noite,Decrescente,Nublado,Simples,Reta,-24.97948,-53.49233,DEL04-PR,Risco Alto,Média
segunda-feira,BR-369,488.0,Pleno dia,Crescente,Chuva,Simples,Desvio Temporário,-24.6979,-53.2403,DEL09-PR,Risco Médio,Baixa
domingo,BR-376,158.9,Amanhecer,Crescente,Céu Claro,Dupla,Reta,-23.3617,-52.08593,DEL07-PR,Risco Alto,Baixa
sexta-feira,BR-280,57.4,Plena Noite,Crescente,Céu Claro,Simples,Rotatória,-26.47422,-49.01937,DEL03-SC,Risco Médio,Baixa
quinta-feira,BR-70,321.0,Pleno dia,Crescente,Céu Claro,Dupla,Interseção de vias,-15.87839,-50.87918,DEL04-GO,Risco Médio,Baixa
quarta-feira,BR-116,515.8,Plena Noite,Decrescente,Céu Claro,Simples,Reta,-18.88947,-41.94616,DEL06-MG,Risco Médio,Alta
sexta-feira,BR-101,297.3,Plena Noite,Decrescente,Nublado,Múltipla,Não Informado,-20.34881,-40.41201,DEL01-ES,Risco Alto,Alta
sábado,BR-222,141.3,Plena Noite,Crescente,Céu Claro,Simples,Reta,-3.757203,-39.7191,DEL04-CE,Risco Médio,Baixa
sábado,BR-116,293.3,Pleno dia,Decrescente,Céu Claro,Dupla,Não Informado,-22.45011,-44.32968,DEL07-RJ,Risco Médio,Alta
terça-feira,BR-282,395.9,Pleno dia,Crescente,Céu Claro,Simples,Curva,-27.15689,-51.59208,DEL07-SC,Risco Médio,Baixa
domingo,BR-101,333.0,Plena Noite,Decrescente,Céu Claro,Simples,Reta,-20.6277,-40.5342,DEL03-ES,Risco Médio,Alta
quinta-feira,BR-376,534.1,Pleno dia,Crescente,Céu Claro,Dupla,Reta,-25.37384,-49.81593,DEL01-PR,Risco Médio,Baixa
sexta-feira,BR-116,387.1,Plena Noite,Crescente,Nublado,Simples,Reta,-11.91761,-38.98372,DEL02-BA,Risco Médio,Alta
sábado,BR-470,86.9,Plena Noite,Crescente,Chuva,Simples,Ponte,-26.94995,-49.3573,DEL04-SC,Risco Médio,Baixa
quarta-feira,BR-277,707.0,Plena Noite,Crescente,Céu Claro,Dupla,Reta,-25.43904,-54.38646,DEL05-PR,Risco Baixo,Média
sábado,BR-316,617.0,Pleno dia,Decrescente,Céu Claro,Simples,Reta,-5.104281,-42.82878,DEL03-MA,Risco Baixo,Baixa
sábado,BR-101,71.0,Plena Noite,Crescente,Céu Claro,Dupla,Não Informado,-8.076631,-34.94278,DEL01-PE,Risco Baixo,Alta
sexta-feira,BR-116,70.6,Pleno dia,Decrescente,Chuva,Dupla,Reta,-22.85125,-45.22892,DEL08-SP,Risco Médio,Alta
sábado,BR-40,10.0,Pleno dia,Crescente,Céu Claro,Dupla,Reta,-16.13128,-47.95792,DEL01-DF,Risco Médio,Alta
domingo,BR-116,215.0,Pleno dia,Crescente,Céu Claro,Múltipla,Reta,-23.44696,-46.45394,DEL01-SP,Risco Médio,Alta
sexta-feira,BR-381,420.0,Plena Noite,Crescente,Nevoeiro/Neblina,Dupla,Reta,-19.77713,-43.65501,DEL01-MG,Risco Médio,Alta
terça-feira,BR-116,54.4,Pleno dia,Decrescente,Nublado,Dupla,Reta,-22.75804,-45.11508,DEL08-SP,Risco Médio,Alta
quinta-feira,BR-101,7.0,Plena Noite,Decrescente,Nublado,Dupla,Curva,-8.935186,-35.64422,DEL01-AL,Risco Baixo,Alta
quarta-feira,BR-393,153.6,Anoitecer,Crescente,Nublado,Simples,Curva,-22.0927,-43.06888,DEL06-RJ,Risco Alto,Média
terça-feira,BR-101,265.0,Pleno dia,Crescente,Nublado,Dupla,Reta,-20.18168,-40.26536,DEL02-ES,Risco Médio,Alta
quinta-feira,BR-101,432.0,Pleno dia,Decrescente,Nublado,Simples,Não Informado,-22.9602,-44.04094,DEL03-RJ,Risco Médio,Alta
quinta-feira,BR-116,289.0,Pleno dia,Decrescente,Céu Claro,Dupla,Reta,-22.4571,-44.2917,DEL07-RJ,Risco Baixo,Alta
sábado,BR-163,980.0,Pleno dia,Decrescente,Nublado,Simples,Curva,-2.634822,-54.74836,DEL05-PA,Risco Médio,Alta
segunda-feira,BR-70,7.0,Pleno dia,Decrescente,Céu Claro,Dupla,Reta,-15.74187,-48.27009,DEL01-DF,Risco Médio,Baixa
quarta-feira,BR-153,141.3,Pleno dia,Decrescente,Céu Claro,Múltipla,Reta,-7.17597,-48.21956,DEL02-TO,Risco Médio,Alta
sexta-feira,BR-242,156.0,Pleno dia,Crescente,Nublado,Simples,Desvio Temporário,-12.506,-39.65591,DEL06-BA,Risco Médio,Baixa
terça-feira,BR-40,121.0,Plena Noite,Crescente,Garoa/Chuvisco,Múltipla,Reta,-22.78748,-43.28517,DEL01-RJ,Risco Médio,Alta
segunda-feira,BR-364,382.0,Pleno dia,Decrescente,Céu Claro,Simples,Reta,-10.72605,-62.23653,DEL02-RO,Risco Médio,Alta
sexta-feira,BR-101,203.0,Pleno dia,Crescente,Céu Claro,Dupla,Reta,-22.47558,-42.17219,DEL08-RJ,Risco Baixo,Alta
segunda-feira,BR-153,399.0,Plena Noite,Crescente,Nevoeiro/Neblina,Simples,Reta,-25.93763,-50.85823,DEL02-PR,Risco Médio,Alta
quinta-feira,BR-381,649.4,Plena Noite,Crescente,Céu Claro,Dupla,Reta,-20.9548,-44.9114,DEL04-MG,Risco Alto,Alta
segunda-feira,BR-158,211.0,Amanhecer,Crescente,Céu Claro,Simples,Não Informado,-28.76649,-53.59822,DEL10-RS,Risco Baixo,Baixa
quinta-feira,BR-101,257.8,Plena Noite,Decrescente,Nublado,Dupla,Não Informado,-20.14848,-40.28144,DEL02-ES,Risco Médio,Alta
sexta-feira,BR-376,4.5,Pleno dia,Crescente,Sol,Simples,Não Informado,-23.55264,-51.44758,DEL07-PR,Risco Médio,Baixa
domingo,BR-392,118.0,Plena Noite,Crescente,Céu Claro,Simples,Reta,-31.40713,-52.68174,DEL07-RS,Risco Baixo,Média
quarta-feira,BR-267,416.0,Plena Noite,Crescente,Céu Claro,Simples,Reta,-21.61762,-55.61853,DEL05-MS,Risco Médio,Baixa
terça-feira,BR-277,348.0,Pleno dia,Crescente,Céu Claro,Simples,Reta,-25.33928,-51.4288,DEL08-PR,Risco Médio,Média
segunda-feira,BR-386,435.5,Anoitecer,Decrescente,Céu Claro,Dupla,Interseção de vias,-29.84774,-51.27113,DEL04-RS,Risco Baixo,Média
terça-feira,BR-230,52.8,Pleno dia,Decrescente,Céu Claro,Dupla,Reta,-7.20081,-35.08084,DEL01-PB,Risco Médio,Baixa
sábado,BR-163,964.0,Pleno dia,Crescente,Chuva,Simples,Curva,-2.689977,-54.87344,DEL05-PA,Risco Baixo,Alta
sexta-feira,BR-470,232.0,Amanhecer,Decrescente,Céu Claro,Simples,Reta,-29.29766,-51.4826,DEL06-RS,Risco Baixo,Baixa
sábado,BR-463,1.5,Plena Noite,Decrescente,Céu Claro,Simples,Interseção de vias,-22.25909,-54.81787,DEL04-MS,Risco Médio,Baixa
quinta-feira,BR-40,529.0,Plena Noite,Decrescente,Céu Claro,Dupla,Reta,-19.91636,-44.03967,DEL01-MG,Risco Médio,Alta
terça-feira,BR-282,516.1,Plena Noite,Crescente,Nublado,Simples,Curva,-26.92951,-52.4996,DEL07-SC,Risco Médio,Baixa