dia_semana,br,km,fase_dia,sentido_via,condicao_metereologica,tipo_pista,tracado_via,latitude,longitude,delegacia,classificacao_acidente,postos_policiais_PRF
segunda-feira,BR-50,152.0,Pleno dia,Decrescente,Céu Claro,Dupla,Reta,-17.1901,-47.734,DEL06-GO,Risco Médio,Média
domingo,BR-262,43.1,Plena Noite,Crescente,Nublado,Simples,Curva,-20.26409,-42.07801,DEL06-MG,Risco Baixo,Média
segunda-feira,BR-232,524.1,Plena Noite,Decrescente,Céu Claro,Simples,Reta,-8.065128,-39.23301,DEL05-PE,Risco Médio,Baixa
segunda-feira,BR-262,120.0,Plena Noite,Crescente,Nublado,Simples,Não Informado,-20.30782,-41.23182,DEL01-ES,Risco Médio,Média
quarta-feira,BR-376,389.0,Pleno dia,Crescente,Sol,Dupla,Não Informado,-24.51777,-50.71118,DEL03-PR,Risco Médio,Baixa
domingo,BR-476,114.0,Pleno dia,Crescente,Céu Claro,Dupla,Reta,-25.33597,-49.15818,DEL01-PR,Risco Baixo,Baixa
quarta-feira,BR-393,238.0,Pleno dia,Crescente,Céu Claro,Simples,Interseção de vias,-22.4292,-43.69769,DEL05-RJ,Risco Médio,Média
sexta-feira,BR-280,121.3,Plena Noite,Decrescente,Nublado,Simples,Reta,-26.25575,-49.45017,DEL06-SC,Risco Médio,Baixa
quarta-feira,BR-116,150.5,Pleno dia,Crescente,Nublado,Dupla,Reta,-23.21335,-45.89306,DEL02-SP,Risco Médio,Alta
segunda-feira,BR-381,358.0,Plena Noite,Crescente,Céu Claro,Simples,Reta,-19.85593,-43.21689,DEL03-MG,Risco Baixo,Alta
domingo,BR-101,735.5,Pleno dia,Crescente,Céu Claro,Simples,Não Informado,-16.50062,-39.5755,DEL09-BA,Risco Médio,Alta
sexta-feira,BR-277,5.0,Anoitecer,Crescente,Céu Claro,Dupla,Interseção de vias,-25.5469,-54.5882,DEL05-PR,Risco Médio,Média
domingo,BR-290,69.0,Pleno dia,Crescente,Céu Claro,Dupla,Reta,-29.94493,-50.94644,DEL03-RS,Risco Médio,Baixa
sexta-feira,BR-101,443.1,Pleno dia,Decrescente,Céu Claro,Simples,Curva,-22.9806,-44.08316,DEL03-RJ,Risco Médio,Alta
segunda-feira,BR-277,0.5,Plena Noite,Crescente,Chuva,Simples,Reta,-25.51812,-48.54124,DEL01-PR,Risco Médio,Média
quinta-feira,BR-381,65.0,Pleno dia,Decrescente,Nublado,Dupla,Reta,-23.31655,-46.58251,DEL03-SP,Risco Médio,Alta
domingo,BR-60,41.0,Pleno dia,Decrescente,Chuva,Dupla,Não Informado,-16.10992,-48.57948,DEL01-DF,Risco Alto,Média
terça-feira,BR-262,0.4,Pleno dia,Crescente,Sol,Dupla,Ponte,-20.32079,-40.35332,DEL01-ES,Risco Médio,Média
terça-feira,BR-116,76.9,Pleno dia,Crescente,Céu Claro,Dupla,Reta,-22.87749,-45.27206,DEL06-SP,Risco Médio,Alta
terça-feira,BR-381,525.5,Pleno dia,Crescente,Céu Claro,Dupla,Não Informado,-20.16711,-44.33422,DEL04-MG,Risco Alto,Alta
terça-feira,BR-163,930.0,Plena Noite,Decrescente,Chuva,Simples,Desvio Temporário,-11.05509,-55.2723,DEL06-MT,Risco Baixo,Alta
quarta-feira,BR-316,619.0,Plena Noite,Decrescente,Nublado,Simples,Interseção de vias,-5.119788,-42.8242,DEL03-MA,Risco Médio,Baixa
quinta-feira,BR-40,118.9,Plena Noite,Decrescente,Céu Claro,Simples,Rotatória,-17.66039,-46.37503,DEL14-MG,Risco Médio,Alta
terça-feira,BR-262,72.3,Pleno dia,Decrescente,Céu Claro,Simples,Rotatória,-20.3107,-42.31652,DEL06-MG,Risco Médio,Média
terça-feira,BR-472,574.0,Pleno dia,Decrescente,Céu Claro,Simples,Reta,-29.76299,-57.05564,DEL13-RS,Risco Médio,Baixa
quarta-feira,BR-424,0.0,Anoitecer,Decrescente,Céu Claro,Simples,Interseção de vias,-8.431027,-37.06404,DEL03-PE,Risco Baixo,Baixa
segunda-feira,BR-343,348.0,Pleno dia,Crescente,Sol,Simples,Reta,-5.117473,-42.78412,DEL01-PI,Risco Médio,Baixa
terça-feira,BR-70,2.0,Anoitecer,Crescente,Céu Claro,Dupla,Curva,-15.76318,-48.2341,DEL01-DF,Risco Médio,Baixa
quarta-feira,BR-40,4.0,Plena Noite,Decrescente,Chuva,Dupla,Reta,-16.08524,-47.98675,DEL01-DF,Risco Médio,Alta
quinta-feira,BR-153,482.0,Pleno dia,Crescente,Nublado,Simples,Não Informado,-10.06579,-48.84446,DEL01-TO,Risco Médio,Alta
quinta-feira,BR-10,348.9,Pleno dia,Crescente,Céu Claro,Simples,Reta,-4.699751,-47.49406,DEL04-MA,Risco Alto,Baixa
quarta-feira,BR-101,576.0,Pleno dia,Decrescente,Céu Claro,Simples,Interseção de vias,-23.2259,-44.72984,DEL03-RJ,Risco Médio,Alta
segunda-feira,BR-116,146.9,Plena Noite,Decrescente,Nublado,Dupla,Reta,-29.14859,-51.14246,DEL05-RS,Risco Médio,Alta
quinta-feira,BR-50,71.0,Plena Noite,Decrescente,Nublado,Dupla,Reta,-18.91461,-48.27538,DEL15-MG,Risco Médio,Média
domingo,BR-110,46.0,Plena Noite,Decrescente,Céu Claro,Simples,Reta,-5.197977,-37.3184,DEL04-RN,Risco Médio,Baixa
sábado,BR-116,276.2,Pleno dia,Decrescente,Céu Claro,Dupla,Reta,-23.64262,-46.83811,DEL04-SP,Risco Médio,Alta
segunda-feira,BR-40,11.4,Pleno dia,Crescente,Céu Claro,Dupla,Reta,-16.13834,-47.95164,DEL01-DF,Risco Médio,Alta
quarta-feira,BR-60,21.4,Plena Noite,Decrescente,Céu Claro,Dupla,Reta,-15.97991,-48.20698,DEL01-DF,Risco Alto,Média
domingo,BR-470,68.0,Plena Noite,Crescente,Céu Claro,Simples,Reta,-26.87761,-49.23923,DEL04-SC,Risco Médio,Baixa
sábado,BR-116,2.0,Plena Noite,Crescente,Céu Claro,Simples,Reta,-21.87949,-42.68105,DEL04-RJ,Risco Baixo,Alta
segunda-feira,BR-153,518.5,Anoitecer,Crescente,Chuva,Simples,Não Informado,-30.64198,-53.39844,DEL09-RS,Risco Médio,Alta
sábado,BR-101,65.9,Plena Noite,Decrescente,Céu Claro,Dupla,Reta,-26.47136,-48.74457,DEL03-SC,Risco Médio,Alta
terça-feira,BR-101,211.8,Pleno dia,Decrescente,Céu Claro,Dupla,Interseção de vias,-27.62857,-48.65767,DEL01-SC,Risco Médio,Alta
terça-feira,BR-280,186.9,Amanhecer,Decrescente,Nublado,Simples,Não Informado,-26.16977,-49.94509,DEL06-SC,Risco Médio,Baixa
domingo,BR-282,392.3,Pleno dia,Decrescente,Céu Claro,Simples,Reta,-27.15797,-51.58953,DEL07-SC,Risco Médio,Baixa
sábado,BR-277,594.0,Plena Noite,Crescente,Céu Claro,Simples,Reta,-24.97948,-53.49233,DEL04-PR,Risco Médio,Média
domingo,BR-282,0.5,Plena Noite,Crescente,Céu Claro,Múltipla,Reta,-27.59845,-48.572,DEL01-SC,Risco Baixo,Baixa
sexta-feira,BR-230,277.0,Plena Noite,Crescente,Céu Claro,Simples,Não Informado,-6.9579,-36.8398,DEL03-PB,Risco Baixo,Baixa
quarta-feira,BR-262,667.5,Pleno dia,Crescente,Céu Claro,Simples,Reta,-19.55418,-46.77544,DEL08-MG,Risco Médio,Média
quarta-feira,BR-407,129.0,Plena Noite,Crescente,Céu Claro,Simples,Rotatória,-10.48052,-40.16765,DEL04-BA,Risco Médio,Baixa
domingo,BR-280,321.0,Plena Noite,Crescente,Céu Claro,Simples,Reta,-26.27571,-53.58339,DEL02-PR,Risco Médio,Baixa
sexta-feira,BR-280,48.0,Pleno dia,Crescente,Sol,Simples,Reta,-26.4557,-48.9293,DEL03-SC,Risco Médio,Baixa
terça-feira,BR-386,182.6,Amanhecer,Decrescente,Nublado,Simples,Reta,-28.32137,-52.72777,DEL08-RS,Risco Médio,Média
sexta-feira,BR-304,281.0,Pleno dia,Decrescente,Céu Claro,Simples,Não Informado,-5.88731,-35.48175,DEL01-RN,Risco Baixo,Baixa
domingo,BR-20,59.6,Plena Noite,Crescente,Garoa/Chuvisco,Simples,Não Informado,-15.25577,-47.16512,DEL02-DF,Risco Médio,Baixa
sábado,BR-222,673.0,Pleno dia,Decrescente,Céu Claro,Simples,Reta,-4.950979,-47.48276,DEL04-MA,Risco Baixo,Baixa
sábado,BR-459,44.0,Pleno dia,Crescente,Nublado,Simples,Reta,-22.02461,-46.30584,DEL09-MG,Risco Médio,Baixa
sexta-feira,BR-365,181.5,Pleno dia,Decrescente,Céu Claro,Simples,Curva,-17.4091,-45.07801,DEL12-MG,Risco Médio,Média
segunda-feira,BR-376,596.0,Pleno dia,Crescente,Sol,Dupla,Reta,-25.50195,-49.34155,DEL01-PR,Risco Médio,Baixa
segunda-feira,BR-116,38.0,Plena Noite,Decrescente,Céu Claro,Simples,Reta,-28.50669,-50.92657,DEL05-RS,Risco Médio,Alta
domingo,BR-242,856.0,Pleno dia,Crescente,Céu Claro,Simples,Reta,-12.10144,-45.34287,DEL10-BA,Risco Médio,Baixa
sexta-feira,BR-381,314.0,Plena Noite,Crescente,Chuva,Simples,Curva,-19.67266,-42.97302,DEL03-MG,Risco Baixo,Alta
domingo,BR-70,727.0,Pleno dia,Crescente,Céu Claro,Simples,Reta,-16.17766,-57.6083,DEL03-MT,Risco Baixo,Baixa
quinta-feira,BR-40,58.0,Anoitecer,Crescente,Chuva,Dupla,Curva,-22.37878,-43.13152,DEL06-RJ,Risco Médio,Alta
terça-feira,BR-287,249.0,Pleno dia,Crescente,Céu Claro,Simples,Reta,-29.69515,-53.85679,DEL09-RS,Risco Médio,Baixa
sexta-feira,BR-158,166.9,Plena Noite,Decrescente,Nublado,Simples,Curva,-28.39657,-53.52668,DEL10-RS,Risco Baixo,Baixa
quarta-feira,BR-153,159.5,Plena Noite,Decrescente,Céu Claro,Simples,Reta,-21.4998,-49.78005,DEL07-SP,Risco Baixo,Alta
terça-feira,BR-316,114.1,Anoitecer,Decrescente,Chuva,Simples,Reta,-1.31709,-47.51317,DEL01-PA,Risco Médio,Baixa
quinta-feira,BR-101,132.7,Pleno dia,Crescente,Céu Claro,Dupla,Reta,-26.9992,-48.646,DEL04-SC,Risco Médio,Alta
domingo,BR-153,63.0,Plena Noite,Decrescente,Céu Claro,Dupla,Não Informado,-20.8215,-49.35765,DEL09-SP,Risco Médio,Alta
terça-feira,BR-376,599.9,Pleno dia,Crescente,Céu Claro,Dupla,Não Informado,-25.53188,-49.32286,DEL01-PR,Risco Baixo,Baixa
domingo,BR-135,201.0,Pleno dia,Crescente,Céu Claro,Simples,Curva,-12.32826,-45.007,DEL10-BA,Risco Baixo,Baixa
terça-feira,BR-40,2.8,Pleno dia,Crescente,Sol,Dupla,Não Informado,-16.07476,-47.98554,DEL01-DF,Risco Médio,Alta
terça-feira,BR-282,275.3,Anoitecer,Decrescente,Céu Claro,Simples,Curva,-27.60642,-50.72021,DEL05-SC,Risco Médio,Baixa
domingo,BR-116,65.4,Pleno dia,Decrescente,Sol,Dupla,Reta,-22.82181,-45.19699,DEL08-SP,Risco Alto,Alta
sexta-feira,BR-135,3.5,Pleno dia,Crescente,Céu Claro,Dupla,Reta,-2.565871,-44.32815,DEL01-MA,Risco Médio,Baixa
quinta-feira,BR-230,307.0,Anoitecer,Crescente,Céu Claro,Simples,Reta,-6.786675,-42.99358,DEL03-PI,Risco Médio,Baixa
sexta-feira,BR-116,225.7,Pleno dia,Decrescente,Céu Claro,Simples,Curva,-22.67299,-43.83483,DEL07-RJ,Risco Baixo,Alta
domingo,BR-101,158.5,Pleno dia,Crescente,Nublado,Dupla,Reta,-27.19096,-48.61259,DEL04-SC,Risco Baixo,Alta
segunda-feira,BR-232,137.0,Plena Noite,Crescente,Garoa/Chuvisco,Dupla,Reta,-8.315899,-36.0504,DEL02-PE,Risco Médio,Baixa
sábado,BR-280,48.1,Pleno dia,Crescente,Céu Claro,Simples,Interseção de vias,-26.45601,-48.93025,DEL03-SC,Risco Alto,Baixa
terça-feira,BR-364,458.0,Pleno dia,Crescente,Céu Claro,Simples,Curva,-15.54445,-56.27419,DEL01-MT,Risco Baixo,Alta
quarta-feira,BR-153,497.7,Plena Noite,Decrescente,Chuva,Dupla,Reta,-16.6776,-49.2314,DEL01-GO,Risco Baixo,Alta
terça-feira,BR-376,670.2,Pleno dia,Crescente,Céu Claro,Múltipla,Desvio Temporário,-25.87689,-48.93586,DEL01-PR,Risco Médio,Baixa
sexta-feira,BR-365,459.5,Pleno dia,Decrescente,Céu Claro,Simples,Desvio Temporário,-18.8579,-46.8842,DEL10-MG,Risco Médio,Média
terça-feira,BR-386,74.8,Pleno dia,Crescente,Sol,Simples,Interseção de vias,-27.68636,-53.30707,DEL08-RS,Risco Médio,Média
segunda-feira,BR-476,342.5,Plena Noite,Crescente,Céu Claro,Simples,Reta,-26.17246,-50.91311,DEL02-PR,Risco Médio,Baixa
quinta-feira,BR-116,477.0,Plena Noite,Decrescente,Céu Claro,Simples,Reta,-24.69843,-48.00305,DEL05-SP,Risco Médio,Alta
sexta-feira,BR-316,407.7,Pleno dia,Decrescente,Sol,Simples,Curva,-7.3991,-40.72817,DEL04-PI,Risco Alto,Baixa
sexta-feira,BR-116,429.0,Pleno dia,Crescente,Céu Claro,Dupla,Reta,-12.28805,-39.00782,DEL02-BA,Risco Baixo,Alta
quarta-feira,BR-153,389.4,Plena Noite,Decrescente,Céu Claro,Simples,Reta,-15.96799,-49.17308,DEL02-GO,Risco Médio,Alta
domingo,BR-40,5.5,Pleno dia,Crescente,Garoa/Chuvisco,Dupla,Reta,-16.09313,-47.98224,DEL01-DF,Risco Médio,Alta
terça-feira,BR-104,17.0,Pleno dia,Decrescente,Céu Claro,Simples,Reta,-7.931927,-36.11956,DEL02-PE,Risco Médio,Baixa
quarta-feira,BR-232,51.1,Pleno dia,Decrescente,Nublado,Dupla,Curva,-8.138878,-35.33088,DEL01-PE,Risco Médio,Baixa
domingo,BR-116,278.0,Pleno dia,Crescente,Sol,Simples,Interseção de vias,-17.86846,-41.51714,DEL11-MG,Risco Médio,Alta
quarta-feira,BR-158,327.0,Anoitecer,Crescente,Céu Claro,Dupla,Reta,-29.71495,-53.81083,DEL09-RS,Risco Médio,Baixa
quarta-feira,BR-472,156.9,Pleno dia,Decrescente,Céu Claro,Simples,Curva,-27.83631,-54.43075,DEL10-RS,Risco Médio,Baixa
domingo,BR-40,112.0,Pleno dia,Decrescente,Sol,Dupla,Reta,-22.7102,-43.2902,DEL01-RJ,Risco Médio,Alta
sábado,BR-381,489.5,Amanhecer,Crescente,Chuva,Dupla,Não Informado,-19.96246,-44.16455,DEL01-MG,Risco Médio,Alta
sexta-feira,BR-163,335.7,Pleno dia,Crescente,Céu Claro,Dupla,Reta,-21.68637,-54.48327,DEL02-MS,Risco Baixo,Alta
sexta-feira,BR-101,270.0,Pleno dia,Crescente,Garoa/Chuvisco,Múltipla,Curva,-20.22662,-40.27075,DEL02-ES,Risco Médio,Alta
sexta-feira,BR-101,208.1,Pleno dia,Decrescente,Céu Claro,Dupla,Reta,-27.60328,-48.63202,DEL01-SC,Risco Médio,Alta
terça-feira,BR-116,157.0,Plena Noite,Crescente,Nublado,Dupla,Não Informado,-23.25708,-45.94636,DEL02-SP,Risco Médio,Alta
terça-feira,BR-316,275.0,Plena Noite,Crescente,Chuva,Simples,Reta,-6.951263,-41.72589,DEL04-PI,Risco Baixo,Baixa
domingo,BR-40,560.0,Pleno dia,Decrescente,Céu Claro,Dupla,Não Informado,-20.1278,-43.9652,DEL01-MG,Risco Médio,Alta
segunda-feira,BR-242,463.0,Plena Noite,Crescente,Nublado,Simples,Curva,-12.44238,-42.17379,DEL06-BA,Risco Médio,Baixa
quarta-feira,BR-230,243.7,Plena Noite,Crescente,Nublado,Simples,Curva,-7.0689,-36.5893,DEL02-PB,Risco Alto,Baixa
sexta-feira,BR-277,618.0,Pleno dia,Decrescente,Chuva,Simples,Reta,-25.07565,-53.69259,DEL05-PR,Risco Médio,Média
sábado,BR-232,123.0,Pleno dia,Crescente,Céu Claro,Dupla,Retorno Regulamentado,-8.304173,-35.92824,DEL02-PE,Risco Médio,Baixa
sexta-feira,BR-376,175.0,Pleno dia,Crescente,Céu Claro,Múltipla,Reta,-23.41136,-51.94078,DEL09-PR,Risco Médio,Baixa
sexta-feira,BR-163,525.0,Pleno dia,Crescente,Céu Claro,Simples,Reta,-14.48644,-56.17671,DEL01-MT,Risco Baixo,Alta
domingo,BR-470,1.0,Pleno dia,Crescente,Nublado,Simples,Reta,-26.92593,-48.95878,DEL04-SC,Risco Médio,Baixa
domingo,BR-316,56.1,Plena Noite,Crescente,Nublado,Simples,Reta,-5.543235,-42.62284,DEL01-PI,Risco Médio,Baixa
quinta-feira,BR-470,5.0,Plena Noite,Crescente,Chuva,Simples,Reta,-26.85569,-48.70033,DEL04-SC,Risco Baixo,Baixa
quarta-feira,BR-470,213.0,Anoitecer,Decrescente,Céu Claro,Simples,Interseção de vias,-29.1387,-51.54271,DEL06-RS,Risco Médio,Baixa
terça-feira,BR-153,3.0,Pleno dia,Decrescente,Céu Claro,Dupla,Curva,-18.44267,-49.18832,DEL15-MG,Risco Baixo,Alta
terça-feira,BR-381,564.0,Amanhecer,Decrescente,Céu Claro,Dupla,Desvio Temporário,-20.3874,-44.4912,DEL04-MG,Risco Médio,Alta
sábado,BR-174,914.0,Plena Noite,Crescente,Nevoeiro/Neblina,Simples,Não Informado,-2.705493,-60.04911,DEL01-AM,Risco Baixo,Baixa
terça-feira,BR-376,679.8,Pleno dia,Crescente,Garoa/Chuvisco,Dupla,Curva,-25.9505,-48.90514,DEL01-PR,Risco Médio,Baixa
quinta-feira,BR-40,6.0,Plena Noite,Decrescente,Chuva,Dupla,Curva,-22.02617,-43.23147,DEL06-RJ,Risco Médio,Alta
segunda-feira,BR-381,367.0,Pleno dia,Decrescente,Nublado,Simples,Curva,-19.85454,-43.24612,DEL03-MG,Risco Baixo,Alta
quinta-feira,BR-40,55.6,Pleno dia,Decrescente,Céu Claro,Dupla,Reta,-22.35383,-43.12184,DEL06-RJ,Risco Médio,Alta
segunda-feira,BR-470,177.6,Plena Noite,Decrescente,Céu Claro,Simples,Curva,-27.25291,-49.95074,DEL04-SC,Risco Alto,Baixa
domingo,BR-376,668.0,Pleno dia,Crescente,Garoa/Chuvisco,Dupla,Não Informado,-25.86416,-48.93754,DEL01-PR,Risco Médio,Baixa
quarta-feira,BR-101,20.4,Plena Noite,Decrescente,Nublado,Simples,Curva,-9.03556,-35.68708,DEL01-AL,Risco Baixo,Alta
sexta-feira,BR-101,87.0,Pleno dia,Crescente,Céu Claro,Múltipla,Reta,-29.88335,-50.26857,DEL03-RS,Risco Médio,Alta
quinta-feira,BR-222,226.0,Pleno dia,Crescente,Céu Claro,Simples,Curva,-3.703844,-40.36613,DEL04-CE,Risco Baixo,Baixa
quinta-feira,BR-116,566.0,Plena Noite,Decrescente,Ignorado,Simples,Reta,-25.0417,-48.54981,DEL05-SP,Risco Baixo,Alta
sexta-feira,BR-282,373.3,Anoitecer,Decrescente,Nublado,Simples,Curva,-27.24342,-51.44788,DEL07-SC,Risco Médio,Baixa
domingo,BR-40,783.9,Plena Noite,Decrescente,Céu Claro,Dupla,Curva,-21.70406,-43.45068,DEL05-MG,Risco Médio,Alta
domingo,BR-116,684.5,Anoitecer,Crescente,Céu Claro,Simples,Reta,-20.98324,-42.35779,DEL07-MG,Risco Médio,Alta
terça-feira,BR-376,658.0,Pleno dia,Decrescente,Chuva,Dupla,Curva,-25.8514,-49.0197,DEL01-PR,Risco Médio,Baixa
domingo,BR-381,563.0,Pleno dia,Decrescente,Sol,Dupla,Curva,-20.3841,-44.483,DEL04-MG,Risco Médio,Alta
quinta-feira,BR-381,443.0,Pleno dia,Decrescente,Céu Claro,Simples,Curva,-19.8893,-43.805,DEL01-MG,Risco Médio,Alta
quarta-feira,BR-316,81.7,Anoitecer,Crescente,Chuva,Simples,Reta,-1.30556,-47.77095,DEL01-PA,Risco Baixo,Baixa
sexta-feira,BR-101,190.9,Pleno dia,Decrescente,Garoa/Chuvisco,Dupla,Curva,-27.476,-48.641,DEL01-SC,Risco Médio,Alta
sexta-feira,BR-101,268.1,Pleno dia,Decrescente,Céu Claro,Múltipla,Reta,-20.20842,-40.2694,DEL02-ES,Risco Médio,Alta
quinta-feira,BR-364,591.0,Plena Noite,Crescente,Céu Claro,Simples,Reta,-9.301123,-63.15109,DEL03-RO,Risco Médio,Alta
domingo,BR-116,508.6,Pleno dia,Decrescente,Chuva,Simples,Curva,-24.81333,-48.2131,DEL05-SP,Risco Médio,Alta
domingo,BR-116,252.0,Plena Noite,Crescente,Chuva,Dupla,Reta,-29.80913,-51.16753,DEL01-RS,Risco Baixo,Alta
sexta-feira,BR-101,59.4,Pleno dia,Crescente,Nublado,Dupla,Reta,-26.4484,-48.78939,DEL03-SC,Risco Alto,Alta
sábado,BR-376,670.0,Pleno dia,Crescente,Céu Claro,Dupla,Curva,-25.87689,-48.93586,DEL01-PR,Risco Alto,Baixa
quarta-feira,BR-116,239.0,Pleno dia,Decrescente,Céu Claro,Simples,Reta,-29.69615,-51.14456,DEL01-RS,Risco Médio,Alta
sexta-feira,BR-153,512.0,Pleno dia,Decrescente,Céu Claro,Dupla,Desvio Temporário,-16.8156,-49.2402,DEL01-GO,Risco Baixo,Alta
sábado,BR-381,71.0,Anoitecer,Crescente,Céu Claro,Simples,Não Informado,-23.35048,-46.55267,DEL03-SP,Risco Médio,Alta
sábado,BR-376,8.6,Plena Noite,Decrescente,Chuva,Dupla,Curva,-23.37263,-51.92222,DEL07-PR,Risco Médio,Baixa
quarta-feira,BR-101,294.0,Plena Noite,Crescente,Céu Claro,Dupla,Não Informado,-20.32083,-40.39591,DEL01-ES,Risco Médio,Alta
sexta-feira,BR-158,533.0,Pleno dia,Crescente,Céu Claro,Simples,Não Informado,-26.21973,-52.68263,DEL02-PR,Risco Médio,Baixa
segunda-feira,BR-262,797.0,Pleno dia,Decrescente,Céu Claro,Simples,Não Informado,-19.76934,-47.89805,DEL13-MG,Risco Médio,Média
sábado,BR-381,728.0,Pleno dia,Decrescente,Chuva,Dupla,Curva,-21.4957,-45.2105,DEL04-MG,Risco Médio,Alta
segunda-feira,BR-116,207.0,Plena Noite,Decrescente,Garoa/Chuvisco,Dupla,Reta,-22.71697,-43.71735,DEL01-RJ,Risco Médio,Alta
segunda-feira,BR-376,650.0,Pleno dia,Crescente,Chuva,Dupla,Não Informado,-25.84878,-49.08897,DEL01-PR,Risco Médio,Baixa
segunda-feira,BR-163,192.0,Pleno dia,Decrescente,Sol,Simples,Reta,-25.0844,-53.5876,DEL04-PR,Risco Médio,Alta
domingo,BR-232,185.0,Pleno dia,Crescente,Céu Claro,Simples,Reta,-8.338859,-36.36556,DEL02-PE,Risco Médio,Baixa
domingo,BR-369,147.4,Pleno dia,Decrescente,Ignorado,Dupla,Reta,-23.29315,-51.13448,DEL07-PR,Risco Médio,Baixa
domingo,BR-376,107.0,Plena Noite,Decrescente,Nevoeiro/Neblina,Simples,Reta,-23.06707,-52.42724,DEL07-PR,Risco Médio,Baixa
segunda-feira,BR-381,550.0,Pleno dia,Crescente,Garoa/Chuvisco,Dupla,Curva,-20.3058,-44.4472,DEL04-MG,Risco Médio,Alta
sábado,BR-222,142.0,Plena Noite,Crescente,Nublado,Simples,Curva,-3.763381,-39.73372,DEL04-CE,Risco Médio,Baixa
segunda-feira,BR-101,43.5,Plena Noite,Crescente,Chuva,Simples,Interseção de vias,-26.30357,-48.88226,DEL03-SC,Risco Médio,Alta
sexta-feira,BR-101,25.6,Pleno dia,Crescente,Céu Claro,Dupla,Reta,-26.1885,-48.91171,DEL03-SC,Risco Médio,Alta
sábado,BR-381,547.8,Pleno dia,Decrescente,Céu Claro,Dupla,Reta,-20.28333,-44.43006,DEL04-MG,Risco Baixo,Alta
sexta-feira,BR-364,240.0,Pleno dia,Crescente,Céu Claro,Simples,Não Informado,-11.43579,-61.47097,DEL02-RO,Risco Médio,Alta
sexta-feira,BR-101,211.6,Pleno dia,Decrescente,Céu Claro,Múltipla,Reta,-27.62329,-48.65246,DEL01-SC,Risco Baixo,Alta
domingo,BR-116,658.0,Plena Noite,Crescente,Céu Claro,Dupla,Reta,-32.56067,-53.3844,DEL07-RS,Risco Médio,Alta
sábado,BR-262,320.4,Plena Noite,Crescente,Nublado,Simples,Reta,-20.47012,-54.47732,DEL01-MS,Risco Baixo,Média
terça-feira,BR-316,8.0,Pleno dia,Decrescente,Sol,Dupla,Reta,-1.366542,-48.37052,DEL01-PA,Risco Médio,Baixa
terça-feira,BR-259,64.7,Pleno dia,Crescente,Nublado,Simples,Reta,-19.52282,-40.70687,DEL02-ES,Risco Médio,Baixa
sexta-feira,BR-376,168.0,Plena Noite,Decrescente,Céu Claro,Dupla,Reta,-23.39759,-52.00385,DEL09-PR,Risco Médio,Baixa
sábado,BR-163,740.0,Pleno dia,Crescente,Céu Claro,Simples,Não Informado,-18.42853,-54.69502,DEL06-MS,Risco Médio,Alta
sábado,BR-470,135.9,Plena Noite,Crescente,Céu Claro,Simples,Reta,-27.18849,-49.61232,DEL04-SC,Risco Baixo,Baixa
terça-feira,BR-50,70.0,Pleno dia,Crescente,Céu Claro,Dupla,Reta,-18.8514,-48.25346,DEL15-MG,Risco Médio,Média
segunda-feira,BR-40,496.8,Pleno dia,Crescente,Nublado,Dupla,Não Informado,-19.67605,-44.19112,DEL02-MG,Risco Médio,Alta
quarta-feira,BR-158,694.7,Anoitecer,Decrescente,Céu Claro,Simples,Reta,-15.01307,-52.25313,DEL07-MT,Risco Médio,Baixa
segunda-feira,BR-101,67.2,Pleno dia,Crescente,Céu Claro,Dupla,Reta,-8.042334,-34.9431,DEL01-PE,Risco Médio,Alta
quarta-feira,BR-493,122.0,Pleno dia,Decrescente,Céu Claro,Dupla,Não Informado,-22.90039,-43.82269,DEL01-RJ,Risco Médio,Baixa
sábado,BR-472,174.8,Plena Noite,Crescente,Céu Claro,Simples,Curva,-27.85647,-54.51117,DEL10-RS,Risco Médio,Baixa
sábado,BR-386,231.2,Pleno dia,Decrescente,Sol,Simples,Reta,-28.705,-52.58263,DEL04-RS,Risco Médio,Média
terça-feira,BR-242,878.0,Anoitecer,Decrescente,Céu Claro,Simples,Reta,-12.0,-45.0,DEL10-BA,Risco Médio,Baixa
sábado,BR-40,704.9,Pleno dia,Crescente,Chuva,Dupla,Curva,-21.2383,-43.72389,DEL05-MG,Risco Alto,Alta
sábado,BR-50,106.5,Pleno dia,Crescente,Chuva,Dupla,Curva,-16.822,-47.67384,DEL01-DF,Risco Baixo,Média
terça-feira,BR-116,782.0,Anoitecer,Decrescente,Chuva,Simples,Curva,-21.62704,-42.69997,DEL07-MG,Risco Médio,Alta
quinta-feira,BR-393,238.0,Pleno dia,Decrescente,Céu Claro,Simples,Não Informado,-22.42953,-43.69747,DEL05-RJ,Risco Médio,Média
segunda-feira,BR-262,46.2,Pleno dia,Crescente,Chuva,Simples,Retorno Regulamentado,-20.40566,-40.6728,DEL01-ES,Risco Médio,Média
quinta-feira,BR-285,329.0,Pleno dia,Decrescente,Céu Claro,Simples,Reta,-28.28538,-52.7041,DEL08-RS,Risco Médio,Baixa
sexta-feira,BR-282,3.0,Anoitecer,Crescente,Céu Claro,Múltipla,Desvio Temporário,-27.6003,-48.5996,DEL01-SC,Risco Médio,Baixa
quarta-feira,BR-20,416.0,Pleno dia,Crescente,Céu Claro,Simples,Não Informado,-3.834801,-38.61103,DEL01-CE,Risco Alto,Baixa