dia_semana,br,km,fase_dia,sentido_via,condicao_metereologica,tipo_pista,tracado_via,latitude,longitude,delegacia,classificacao_acidente,postos_policiais_PRF
sábado,BR-101,51.0,Plena Noite,Crescente,Céu Claro,Simples,Reta,-21.64273,-41.3117,DEL08-RJ,Risco Médio,Alta
quarta-feira,BR-290,151.1,Anoitecer,Decrescente,Céu Claro,Simples,Interseção de vias,-30.10539,-51.7172,DEL02-RS,Risco Baixo,Baixa
quarta-feira,BR-230,245.0,Pleno dia,Crescente,Céu Claro,Simples,Reta,-6.8095,-44.8984,DEL05-MA,Risco Baixo,Baixa
sexta-feira,BR-470,18.3,Pleno dia,Crescente,Nevoeiro/Neblina,Simples,Reta,-26.85553,-48.80892,DEL04-SC,Risco Médio,Baixa
sábado,BR-101,310.0,Pleno dia,Decrescente,Sol,Dupla,Não Informado,-28.41679,-48.79529,DEL02-SC,Risco Médio,Alta
quarta-feira,BR-319,61.0,Pleno dia,Decrescente,Céu Claro,Dupla,Reta,-8.745251,-63.88885,DEL01-RO,Risco Baixo,Baixa
sexta-feira,BR-101,45.0,Pleno dia,Crescente,Sol,Múltipla,Reta,-7.8728,-34.9064,DEL01-PE,Risco Baixo,Alta
sábado,BR-381,817.4,Plena Noite,Decrescente,Nublado,Dupla,Não Informado,-22.0518,-45.6947,DEL16-MG,Risco Médio,Alta
domingo,BR-272,413.6,Plena Noite,Crescente,Céu Claro,Simples,Interseção de vias,-24.13093,-52.81191,DEL04-PR,Risco Médio,Baixa
sexta-feira,BR-393,250.0,Plena Noite,Decrescente,Céu Claro,Simples,Reta,-22.44704,-43.79558,DEL05-RJ,Risco Baixo,Média
sexta-feira,BR-101,143.0,Pleno dia,Crescente,Céu Claro,Dupla,Reta,-27.06436,-48.59599,DEL04-SC,Risco Médio,Alta
sábado,BR-470,154.0,Plena Noite,Decrescente,Garoa/Chuvisco,Simples,Reta,-27.27541,-49.74299,DEL04-SC,Risco Médio,Baixa
sexta-feira,BR-60,668.7,Pleno dia,Crescente,Céu Claro,Simples,Curva,-22.03656,-56.52026,DEL05-MS,Risco Baixo,Média
domingo,BR-262,156.0,Pleno dia,Decrescente,Céu Claro,Simples,Curva,-19.96919,-42.80367,DEL03-MG,Risco Médio,Média
terça-feira,BR-381,487.8,Anoitecer,Crescente,Nublado,Dupla,Não Informado,-19.95587,-44.1461,DEL01-MG,Risco Médio,Alta
quinta-feira,BR-20,86.0,Amanhecer,Crescente,Céu Claro,Simples,Desvio Temporário,-8.8407,-42.4942,DEL03-PI,Risco Alto,Baixa
sexta-feira,BR-277,78.0,Plena Noite,Decrescente,Céu Claro,Dupla,Reta,-25.48728,-49.18261,DEL01-PR,Risco Médio,Média
segunda-feira,BR-101,235.1,Pleno dia,Decrescente,Céu Claro,Simples,Reta,-12.76836,-39.18404,DEL01-BA,Risco Médio,Alta
segunda-feira,BR-277,31.5,Pleno dia,Crescente,Céu Claro,Dupla,Reta,-25.55881,-48.80652,DEL01-PR,Risco Médio,Média
quarta-feira,BR-381,27.0,Pleno dia,Decrescente,Céu Claro,Dupla,Reta,-23.03326,-46.54275,DEL03-SP,Risco Médio,Alta
quarta-feira,BR-101,213.7,Pleno dia,Decrescente,Sol,Múltipla,Interseção de vias,-27.63697,-48.66514,DEL01-SC,Risco Médio,Alta
domingo,BR-369,246.0,Plena Noite,Crescente,Céu Claro,Simples,Ponte,-23.70389,-51.74414,DEL07-PR,Risco Alto,Baixa
quarta-feira,BR-232,408.5,Plena Noite,Crescente,Céu Claro,Simples,Reta,-7.983714,-38.28048,DEL04-PE,Risco Médio,Baixa
segunda-feira,BR-280,54.4,Pleno dia,Decrescente,Nublado,Simples,Curva,-26.47547,-48.99206,DEL03-SC,Risco Médio,Baixa
segunda-feira,BR-364,551.5,Plena Noite,Crescente,Céu Claro,Simples,Reta,-9.61666,-63.07285,DEL03-RO,Risco Médio,Alta
quinta-feira,BR-277,26.1,Plena Noite,Crescente,Céu Claro,Dupla,Reta,-25.5358,-48.76382,DEL01-PR,Risco Alto,Média
sábado,BR-163,821.0,Pleno dia,Decrescente,Céu Claro,Simples,Reta,-12.11241,-55.51673,DEL06-MT,Risco Médio,Alta
domingo,BR-101,139.0,Plena Noite,Crescente,Céu Claro,Dupla,Reta,-11.16432,-37.39807,DEL02-SE,Risco Médio,Alta
quinta-feira,BR-101,140.0,Plena Noite,Decrescente,Chuva,Simples,Não Informado,-27.03881,-48.60025,DEL04-SC,Risco Baixo,Alta
terça-feira,BR-40,92.8,Plena Noite,Decrescente,Céu Claro,Simples,Interseção de vias,-16.73515,-47.62055,DEL01-DF,Risco Baixo,Alta
domingo,BR-280,26.0,Pleno dia,Crescente,Céu Claro,Simples,Reta,-26.38972,-48.73412,DEL03-SC,Risco Baixo,Baixa
quarta-feira,BR-290,112.0,Pleno dia,Decrescente,Chuva,Dupla,Reta,-30.04046,-51.32919,DEL02-RS,Risco Médio,Baixa
quarta-feira,BR-116,15.0,Anoitecer,Crescente,Garoa/Chuvisco,Dupla,Curva,-25.09833,-48.68266,DEL01-PR,Risco Baixo,Alta
segunda-feira,BR-230,117.0,Plena Noite,Crescente,Ignorado,Dupla,Reta,-5.355699,-49.09047,DEL03-PA,Risco Médio,Baixa
terça-feira,BR-60,175.5,Pleno dia,Decrescente,Sol,Dupla,Reta,-16.75759,-49.45202,DEL01-GO,Risco Médio,Média
terça-feira,BR-427,55.7,Pleno dia,Crescente,Sol,Simples,Reta,-6.59042,-36.77156,DEL03-RN,Risco Baixo,Baixa
quinta-feira,BR-116,32.5,Plena Noite,Crescente,Chuva,Simples,Reta,-26.32368,-49.98311,DEL06-SC,Risco Alto,Alta
quinta-feira,BR-381,868.2,Plena Noite,Crescente,Nublado,Dupla,Reta,-22.42008,-45.96508,DEL16-MG,Risco Médio,Alta
domingo,BR-20,155.0,Pleno dia,Crescente,Céu Claro,Simples,Reta,-5.44589,-40.00739,DEL02-CE,Risco Médio,Baixa
terça-feira,BR-116,203.9,Pleno dia,Crescente,Céu Claro,Simples,Reta,-26.05508,-49.71686,DEL06-SC,Risco Médio,Alta
sexta-feira,BR-381,480.5,Plena Noite,Crescente,Nublado,Dupla,Curva,-19.95801,-44.05693,DEL01-MG,Risco Médio,Alta
domingo,BR-262,37.0,Amanhecer,Crescente,Céu Claro,Simples,Reta,-20.2706,-42.0395,DEL06-MG,Risco Médio,Média
quinta-feira,BR-153,514.0,Pleno dia,Decrescente,Céu Claro,Dupla,Reta,-16.8315,-49.2434,DEL01-GO,Risco Médio,Alta
sábado,BR-116,13.0,Pleno dia,Crescente,Sol,Simples,Reta,-14.89164,-40.86817,DEL08-BA,Risco Médio,Alta
segunda-feira,BR-153,495.1,Pleno dia,Crescente,Céu Claro,Múltipla,Reta,-16.66491,-49.22422,DEL01-GO,Risco Médio,Alta
quarta-feira,BR-116,64.0,Plena Noite,Decrescente,Céu Claro,Dupla,Não Informado,-22.8195,-45.1845,DEL08-SP,Risco Baixo,Alta
domingo,BR-101,562.0,Pleno dia,Decrescente,Céu Claro,Simples,Reta,-23.1547,-44.7049,DEL03-RJ,Risco Baixo,Alta
segunda-feira,BR-101,22.2,Pleno dia,Decrescente,Céu Claro,Dupla,Reta,-29.44079,-49.90241,DEL03-RS,Risco Médio,Alta
domingo,BR-356,153.5,Amanhecer,Decrescente,Céu Claro,Simples,Reta,-21.75663,-41.23924,DEL08-RJ,Risco Médio,Baixa
sexta-feira,BR-386,435.0,Pleno dia,Decrescente,Céu Claro,Dupla,Interseção de vias,-29.84779,-51.27079,DEL04-RS,Risco Médio,Média
quinta-feira,BR-20,406.4,Plena Noite,Decrescente,Céu Claro,Dupla,Reta,-3.76999,-38.67006,DEL01-CE,Risco Médio,Baixa
domingo,BR-101,297.0,Pleno dia,Crescente,Nublado,Simples,Retorno Regulamentado,-22.77234,-42.92292,DEL02-RJ,Risco Médio,Alta
sábado,BR-277,107.0,Plena Noite,Decrescente,Céu Claro,Dupla,Reta,-25.47158,-49.35342,DEL01-PR,Risco Baixo,Média
quinta-feira,BR-20,26.6,Pleno dia,Decrescente,Céu Claro,Simples,Não Informado,-15.52858,-47.12961,DEL02-DF,Risco Médio,Baixa
sábado,BR-60,38.6,Plena Noite,Crescente,Nublado,Dupla,Curva,-16.6777,-49.2676,DEL01-GO,Risco Médio,Média
quarta-feira,BR-153,663.0,Pleno dia,Crescente,Chuva,Dupla,Reta,-18.08092,-49.27128,DEL03-GO,Risco Médio,Alta
domingo,BR-101,73.0,Pleno dia,Decrescente,Céu Claro,Dupla,Reta,-7.078282,-34.98824,DEL01-PB,Risco Baixo,Alta
quarta-feira,BR-116,418.0,Pleno dia,Decrescente,Sol,Simples,Reta,-12.0,-38.0,DEL02-BA,Risco Médio,Alta
terça-feira,BR-476,132.1,Pleno dia,Decrescente,Céu Claro,Múltipla,Reta,-25.46133,-49.25077,DEL01-PR,Risco Médio,Baixa
quarta-feira,BR-343,348.4,Pleno dia,Crescente,Sol,Dupla,Reta,-5.118706,-42.78641,DEL01-PI,Risco Médio,Baixa
domingo,BR-116,125.5,Plena Noite,Crescente,Céu Claro,Dupla,Curva,-22.65157,-43.0777,DEL02-RJ,Risco Médio,Alta
sábado,BR-153,24.5,Pleno dia,Crescente,Céu Claro,Simples,Reta,-20.49019,-49.30945,DEL09-SP,Risco Médio,Alta
terça-feira,BR-381,852.9,Plena Noite,Crescente,Céu Claro,Dupla,Reta,-22.26118,-45.89015,DEL16-MG,Risco Médio,Alta
domingo,BR-324,620.0,Plena Noite,Crescente,Nublado,Múltipla,Reta,-12.90482,-38.45557,DEL01-BA,Risco Médio,Baixa
sexta-feira,BR-470,65.2,Pleno dia,Crescente,Céu Claro,Simples,Reta,-26.87041,-49.21186,DEL04-SC,Risco Médio,Baixa
terça-feira,BR-163,491.0,Pleno dia,Decrescente,Céu Claro,Dupla,Reta,-20.36435,-54.52854,DEL01-MS,Risco Médio,Alta
domingo,BR-10,247.0,Plena Noite,Crescente,Céu Claro,Simples,Reta,-5.573772,-47.44389,DEL04-MA,Risco Médio,Baixa
sexta-feira,BR-324,0.8,Pleno dia,Crescente,Nublado,Dupla,Reta,-12.27647,-38.93886,DEL02-BA,Risco Médio,Baixa
quinta-feira,BR-316,270.0,Plena Noite,Crescente,Céu Claro,Simples,Reta,-6.916319,-41.74328,DEL04-PI,Risco Médio,Baixa
terça-feira,BR-324,542.8,Plena Noite,Decrescente,Céu Claro,Dupla,Retorno Regulamentado,-12.40238,-38.75633,DEL01-BA,Risco Médio,Baixa
sexta-feira,BR-40,210.9,Pleno dia,Crescente,Chuva,Simples,Reta,-17.98273,-45.72906,DEL14-MG,Risco Alto,Alta
domingo,BR-277,4.0,Plena Noite,Crescente,Céu Claro,Dupla,Interseção de vias,-25.5469,-54.5882,DEL05-PR,Risco Baixo,Média
sexta-feira,BR-364,715.0,Pleno dia,Crescente,Céu Claro,Dupla,Reta,-8.779573,-63.89174,DEL01-RO,Risco Médio,Alta
quinta-feira,BR-424,88.0,Plena Noite,Crescente,Céu Claro,Simples,Curva,-8.882898,-36.50849,DEL03-PE,Risco Médio,Baixa
quinta-feira,BR-50,281.2,Pleno dia,Crescente,Céu Claro,Simples,Reta,-18.18487,-47.94539,DEL06-GO,Risco Baixo,Média
sábado,BR-50,27.0,Plena Noite,Crescente,Céu Claro,Dupla,Não Informado,-18.61943,-48.09375,DEL15-MG,Risco Baixo,Média
quinta-feira,BR-116,164.0,Plena Noite,Decrescente,Céu Claro,Múltipla,Reta,-22.81074,-43.28844,DEL01-RJ,Risco Médio,Alta
domingo,BR-287,254.0,Plena Noite,Decrescente,Céu Claro,Simples,Reta,-29.68869,-53.8905,DEL09-RS,Risco Médio,Baixa
sexta-feira,BR-101,295.7,Anoitecer,Crescente,Nublado,Múltipla,Reta,-20.33224,-40.40005,DEL01-ES,Risco Médio,Alta
sábado,BR-155,277.0,Pleno dia,Crescente,Sol,Simples,Reta,-5.9211,-49.21417,DEL03-PA,Risco Médio,Baixa
quinta-feira,BR-222,2.0,Pleno dia,Crescente,Céu Claro,Dupla,Reta,-3.73914,-38.5894,DEL01-CE,Risco Baixo,Baixa
sábado,BR-116,758.5,Plena Noite,Crescente,Nublado,Simples,Reta,-21.50243,-42.60068,DEL07-MG,Risco Médio,Alta
quinta-feira,BR-316,244.2,Plena Noite,Crescente,Céu Claro,Dupla,Curva,-9.51022,-36.00471,DEL01-AL,Risco Alto,Baixa
quinta-feira,BR-412,111.1,Plena Noite,Decrescente,Nublado,Simples,Reta,-7.688111,-36.90063,DEL02-PB,Risco Médio,Baixa
sábado,BR-463,20.5,Pleno dia,Decrescente,Sol,Simples,Reta,-22.25259,-54.97611,DEL04-MS,Risco Médio,Baixa
domingo,BR-423,42.4,Pleno dia,Crescente,Céu Claro,Simples,Reta,-8.51479,-36.25433,DEL03-PE,Risco Médio,Baixa
terça-feira,BR-10,249.0,Pleno dia,Crescente,Céu Claro,Simples,Reta,-5.562896,-47.4513,DEL04-MA,Risco Médio,Baixa
quinta-feira,BR-40,123.8,Plena Noite,Crescente,Chuva,Simples,Reta,-17.67108,-46.33875,DEL14-MG,Risco Baixo,Alta
quarta-feira,BR-116,414.0,Pleno dia,Decrescente,Nublado,Dupla,Reta,-24.33164,-47.63277,DEL05-SP,Risco Médio,Alta
sexta-feira,BR-282,0.7,Pleno dia,Crescente,Sol,Dupla,Reta,-27.60011,-48.57651,DEL01-SC,Risco Médio,Baixa
segunda-feira,BR-40,451.7,Plena Noite,Crescente,Céu Claro,Dupla,Reta,-19.33903,-44.35838,DEL02-MG,Risco Baixo,Alta
sábado,BR-70,19.0,Pleno dia,Crescente,Céu Claro,Simples,Não Informado,-15.74342,-48.36575,DEL01-DF,Risco Baixo,Baixa
segunda-feira,BR-381,925.1,Pleno dia,Decrescente,Chuva,Dupla,Curva,-22.76922,-46.20576,DEL16-MG,Risco Baixo,Alta
domingo,BR-242,840.0,Plena Noite,Crescente,Céu Claro,Simples,Reta,-12.11859,-45.19721,DEL10-BA,Risco Alto,Baixa
terça-feira,BR-116,701.0,Pleno dia,Decrescente,Nublado,Simples,Interseção de vias,-21.1119,-42.38105,DEL07-MG,Risco Médio,Alta
quarta-feira,BR-116,677.0,Plena Noite,Crescente,Chuva,Simples,Reta,-13.88551,-40.1396,DEL03-BA,Risco Baixo,Alta
quarta-feira,BR-354,713.0,Pleno dia,Crescente,Céu Claro,Simples,Curva,-22.07903,-44.94318,DEL05-MG,Risco Baixo,Baixa
domingo,BR-364,447.0,Plena Noite,Crescente,Céu Claro,Simples,Reta,-10.3175,-62.6304,DEL03-RO,Risco Baixo,Alta
domingo,BR-364,487.0,Plena Noite,Decrescente,Chuva,Simples,Reta,-8.21195,-70.33203,DEL01-AC,Risco Alto,Alta
quarta-feira,BR-153,505.0,Pleno dia,Crescente,Sol,Múltipla,Reta,-16.74545,-49.24081,DEL01-GO,Risco Médio,Alta
sábado,BR-104,44.0,Plena Noite,Decrescente,Céu Claro,Dupla,Reta,-8.109823,-36.01845,DEL02-PE,Risco Baixo,Baixa
segunda-feira,BR-232,254.5,Pleno dia,Crescente,Céu Claro,Simples,Reta,-8.424949,-37.07255,DEL03-PE,Risco Médio,Baixa
segunda-feira,BR-60,165.8,Plena Noite,Decrescente,Vento,Simples,Reta,-16.7084,-49.3503,DEL01-GO,Risco Médio,Média
segunda-feira,BR-101,206.0,Pleno dia,Crescente,Céu Claro,Múltipla,Não Informado,-27.59194,-48.61825,DEL01-SC,Risco Médio,Alta
segunda-feira,BR-293,63.0,Plena Noite,Crescente,Nevoeiro/Neblina,Simples,Interseção de vias,-31.69933,-52.95513,DEL07-RS,Risco Médio,Baixa
quinta-feira,BR-50,114.8,Pleno dia,Decrescente,Chuva,Dupla,Reta,-16.9309,-47.7117,DEL01-DF,Risco Baixo,Média
sábado,BR-101,274.9,Pleno dia,Decrescente,Sol,Simples,Reta,-20.21289,-40.29612,DEL02-ES,Risco Médio,Alta
quinta-feira,BR-226,159.0,Pleno dia,Crescente,Céu Claro,Simples,Reta,-6.200306,-36.3852,DEL03-RN,Risco Médio,Baixa
segunda-feira,BR-135,10.1,Pleno dia,Crescente,Céu Claro,Dupla,Reta,-2.655912,-44.28629,DEL01-MA,Risco Médio,Baixa
quinta-feira,BR-101,60.6,Plena Noite,Decrescente,Céu Claro,Dupla,Reta,-7.983443,-34.93177,DEL01-PE,Risco Médio,Alta
quarta-feira,BR-116,65.0,Plena Noite,Crescente,Nublado,Dupla,Reta,-25.30767,-48.99816,DEL01-PR,Risco Baixo,Alta
segunda-feira,BR-230,174.9,Plena Noite,Decrescente,Céu Claro,Simples,Não Informado,-7.1794,-36.0164,DEL02-PB,Risco Médio,Baixa
sexta-feira,BR-101,205.0,Plena Noite,Crescente,Garoa/Chuvisco,Dupla,Curva,-27.58313,-48.61533,DEL01-SC,Risco Médio,Alta
quarta-feira,BR-364,652.0,Amanhecer,Crescente,Ignorado,Simples,Reta,-8.903406,-63.43726,DEL01-RO,Risco Médio,Alta
sexta-feira,BR-293,14.8,Plena Noite,Decrescente,Céu Claro,Simples,Reta,-31.75009,-52.47114,DEL07-RS,Risco Alto,Baixa
quarta-feira,BR-381,491.5,Pleno dia,Decrescente,Sol,Dupla,Não Informado,-19.9616,-44.1603,DEL01-MG,Risco Médio,Alta
terça-feira,BR-116,143.9,Pleno dia,Crescente,Nublado,Dupla,Curva,-22.6718,-43.28567,DEL04-RJ,Risco Médio,Alta
sexta-feira,BR-101,201.4,Pleno dia,Decrescente,Garoa/Chuvisco,Dupla,Reta,-27.54837,-48.61978,DEL01-SC,Risco Médio,Alta
sábado,BR-40,7.1,Plena Noite,Crescente,Nublado,Dupla,Reta,-16.11331,-47.96931,DEL01-DF,Risco Médio,Alta
quinta-feira,BR-101,49.3,Plena Noite,Decrescente,Céu Claro,Dupla,Reta,-23.44411,-45.08376,DEL06-SP,Risco Médio,Alta
quinta-feira,BR-101,134.0,Pleno dia,Crescente,Céu Claro,Simples,Reta,-19.28715,-40.08658,DEL04-ES,Risco Baixo,Alta
segunda-feira,BR-476,136.0,Pleno dia,Crescente,Céu Claro,Múltipla,Reta,-25.49105,-49.27168,DEL01-PR,Risco Médio,Baixa
sábado,BR-101,207.5,Amanhecer,Decrescente,Nublado,Múltipla,Reta,-27.60177,-48.62628,DEL01-SC,Risco Baixo,Alta
domingo,BR-101,175.0,Pleno dia,Crescente,Chuva,Simples,Curva,-22.37846,-41.96901,DEL08-RJ,Risco Médio,Alta
quinta-feira,BR-280,28.1,Anoitecer,Crescente,Nublado,Simples,Reta,-26.40532,-48.74632,DEL03-SC,Risco Médio,Baixa
sábado,BR-116,676.0,Anoitecer,Crescente,Céu Claro,Simples,Reta,-13.8335,-40.10657,DEL03-BA,Risco Alto,Alta
domingo,BR-116,245.4,Plena Noite,Decrescente,Céu Claro,Dupla,Reta,-29.74981,-51.15125,DEL01-RS,Risco Baixo,Alta
domingo,BR-153,408.4,Pleno dia,Crescente,Nublado,Simples,Reta,-16.0924,-49.03618,DEL02-GO,Risco Médio,Alta
terça-feira,BR-116,237.0,Pleno dia,Crescente,Sol,Simples,Não Informado,-22.62954,-43.91201,DEL07-RJ,Risco Médio,Alta
quinta-feira,BR-135,3.8,Pleno dia,Crescente,Céu Claro,Dupla,Reta,-2.61296,-44.25157,DEL01-MA,Risco Médio,Baixa
terça-feira,BR-277,134.5,Pleno dia,Crescente,Nublado,Dupla,Reta,-25.471,-49.677,DEL03-PR,Risco Médio,Média
quarta-feira,BR-232,290.0,Anoitecer,Decrescente,Céu Claro,Simples,Reta,-8.307139,-37.36739,DEL03-PE,Risco Médio,Baixa
sexta-feira,BR-476,115.0,Plena Noite,Crescente,Céu Claro,Simples,Reta,-25.3442,-49.15968,DEL01-PR,Risco Médio,Baixa
sábado,BR-262,381.9,Pleno dia,Crescente,Céu Claro,Dupla,Curva,-19.93022,-44.4082,DEL01-MG,Risco Baixo,Média
domingo,BR-262,764.8,Anoitecer,Crescente,Garoa/Chuvisco,Simples,Reta,-19.08017,-57.62142,DEL03-MS,Risco Médio,Média
sexta-feira,BR-470,213.0,Plena Noite,Crescente,Céu Claro,Simples,Túnel,-29.14852,-51.53089,DEL06-RS,Risco Médio,Baixa
terça-feira,BR-116,75.2,Plena Noite,Decrescente,Céu Claro,Simples,Curva,-22.36178,-42.94153,DEL04-RJ,Risco Médio,Alta
sexta-feira,BR-369,155.0,Pleno dia,Decrescente,Nublado,Dupla,Interseção de vias,-23.29567,-51.20865,DEL07-PR,Risco Médio,Baixa
domingo,BR-101,270.8,Plena Noite,Crescente,Céu Claro,Múltipla,Interseção de vias,-20.23182,-40.27412,DEL02-ES,Risco Médio,Alta
domingo,BR-70,694.0,Plena Noite,Crescente,Chuva,Simples,Curva,-16.25395,-57.45859,DEL03-MT,Risco Baixo,Baixa
segunda-feira,BR-230,141.0,Pleno dia,Crescente,Céu Claro,Dupla,Curva,-7.2612,-35.8061,DEL02-PB,Risco Médio,Baixa
segunda-feira,BR-381,494.4,Pleno dia,Crescente,Chuva,Múltipla,Reta,-19.98556,-44.20318,DEL01-MG,Risco Baixo,Alta
terça-feira,BR-470,155.0,Pleno dia,Crescente,Nublado,Simples,Reta,-28.76481,-51.62425,DEL06-RS,Risco Médio,Baixa
quinta-feira,BR-101,65.0,Pleno dia,Decrescente,Chuva,Simples,Reta,-21.75372,-41.34429,DEL08-RJ,Risco Médio,Alta
quarta-feira,BR-428,150.0,Amanhecer,Decrescente,Sol,Simples,Reta,-9.079298,-40.31671,DEL06-PE,Risco Médio,Baixa
quarta-feira,BR-381,497.0,Pleno dia,Decrescente,Nublado,Dupla,Reta,-19.9874,-44.2038,DEL01-MG,Risco Baixo,Alta
segunda-feira,BR-163,752.6,Pleno dia,Decrescente,Céu Claro,Múltipla,Retorno Regulamentado,-12.55087,-55.71353,DEL06-MT,Risco Baixo,Alta
terça-feira,BR-101,76.0,Pleno dia,Decrescente,Céu Claro,Dupla,Reta,-8.118138,-34.94329,DEL01-PE,Risco Médio,Alta
quarta-feira,BR-316,64.0,Pleno dia,Crescente,Chuva,Dupla,Reta,-1.296296,-47.91984,DEL01-PA,Risco Baixo,Baixa
quarta-feira,BR-40,121.0,Pleno dia,Crescente,Nublado,Múltipla,Reta,-22.78185,-43.28571,DEL01-RJ,Risco Médio,Alta
terça-feira,BR-262,800.8,Plena Noite,Decrescente,Céu Claro,Dupla,Interseção de vias,-19.76944,-47.89791,DEL13-MG,Risco Médio,Média
terça-feira,BR-101,428.0,Pleno dia,Crescente,Sol,Simples,Reta,-22.93392,-43.99,DEL03-RJ,Risco Médio,Alta
segunda-feira,BR-262,61.2,Plena Noite,Decrescente,Céu Claro,Simples,Reta,-20.70547,-52.17009,DEL07-MS,Risco Médio,Média
segunda-feira,BR-316,52.0,Pleno dia,Decrescente,Céu Claro,Dupla,Reta,-1.307325,-48.02587,DEL01-PA,Risco Médio,Baixa
sexta-feira,BR-210,32.0,Plena Noite,Decrescente,Céu Claro,Simples,Reta,0.29487,-51.0832,DEL01-AP,Risco Baixo,Baixa
sexta-feira,BR-376,341.1,Pleno dia,Decrescente,Chuva,Simples,Não Informado,-24.18027,-50.96153,DEL07-PR,Risco Médio,Baixa
quinta-feira,BR-116,41.9,Plena Noite,Crescente,Céu Claro,Simples,Curva,-15.99055,-41.40912,DEL11-MG,Risco Médio,Alta
segunda-feira,BR-381,61.0,Amanhecer,Crescente,Céu Claro,Dupla,Curva,-23.29012,-46.58007,DEL03-SP,Risco Baixo,Alta
segunda-feira,BR-40,97.0,Pleno dia,Crescente,Céu Claro,Simples,Curva,-22.57356,-43.27803,DEL01-RJ,Risco Baixo,Alta
domingo,BR-163,270.0,Anoitecer,Decrescente,Nublado,Dupla,Rotatória,-22.22156,-54.806,DEL04-MS,Risco Médio,Alta
segunda-feira,BR-277,50.0,Plena Noite,Decrescente,Garoa/Chuvisco,Dupla,Reta,-25.59339,-48.90914,DEL01-PR,Risco Médio,Média
quarta-feira,BR-101,439.0,Pleno dia,Crescente,Céu Claro,Simples,Curva,-22.9517,-44.08381,DEL03-RJ,Risco Médio,Alta
segunda-feira,BR-316,82.9,Plena Noite,Decrescente,Ignorado,Simples,Reta,-2.26073,-45.85184,DEL02-MA,Risco Alto,Baixa
segunda-feira,BR-101,218.0,Plena Noite,Crescente,Céu Claro,Dupla,Reta,-27.67586,-48.67053,DEL01-SC,Risco Médio,Alta
terça-feira,BR-381,302.0,Pleno dia,Decrescente,Nublado,Simples,Curva,-19.59426,-42.74522,DEL03-MG,Risco Médio,Alta
domingo,BR-285,373.0,Pleno dia,Decrescente,Sol,Simples,Reta,-28.4195,-53.12244,DEL10-RS,Risco Alto,Baixa
sexta-feira,BR-101,216.5,Pleno dia,Decrescente,Céu Claro,Dupla,Interseção de vias,-27.66393,-48.6754,DEL01-SC,Risco Médio,Alta
sábado,BR-277,74.2,Plena Noite,Decrescente,Céu Claro,Dupla,Reta,-25.49814,-49.15833,DEL01-PR,Risco Médio,Média
sexta-feira,BR-101,265.8,Pleno dia,Decrescente,Céu Claro,Múltipla,Interseção de vias,-20.18823,-40.2681,DEL02-ES,Risco Médio,Alta
sexta-feira,BR-101,78.8,Pleno dia,Decrescente,Céu Claro,Dupla,Retorno Regulamentado,-5.740719,-35.29021,DEL02-RN,Risco Médio,Alta
sexta-feira,BR-304,58.2,Amanhecer,Decrescente,Chuva,Simples,Reta,-5.307555,-37.27824,DEL04-RN,Risco Médio,Baixa
quarta-feira,BR-116,182.0,Pleno dia,Decrescente,Céu Claro,Dupla,Reta,-23.34506,-46.16214,DEL01-SP,Risco Baixo,Alta
sexta-feira,BR-304,46.0,Pleno dia,Decrescente,Nublado,Dupla,Interseção de vias,-4.5751,-37.79824,DEL03-CE,Risco Baixo,Baixa
quinta-feira,BR-70,378.0,Plena Noite,Crescente,Nublado,Simples,Reta,-15.50286,-55.10465,DEL05-MT,Risco Médio,Baixa
sábado,BR-116,174.0,Plena Noite,Decrescente,Céu Claro,Múltipla,Reta,-22.79424,-43.36404,DEL01-RJ,Risco Médio,Alta
segunda-feira,BR-267,645.0,Plena Noite,Crescente,Céu Claro,Simples,Reta,-21.74685,-57.52656,DEL05-MS,Risco Médio,Baixa
domingo,BR-381,828.6,Plena Noite,Crescente,Céu Claro,Dupla,Reta,-22.1178,-45.7549,DEL16-MG,Risco Médio,Alta
terça-feira,BR-381,774.6,Pleno dia,Decrescente,Céu Claro,Dupla,Reta,-22.22708,-45.93937,DEL16-MG,Risco Médio,Alta
terça-feira,BR-153,4.1,Plena Noite,Crescente,Céu Claro,Simples,Curva,-26.63515,-51.50895,DEL07-SC,Risco Médio,Alta
domingo,BR-101,138.5,Pleno dia,Crescente,Nublado,Simples,Curva,-27.02397,-48.60762,DEL04-SC,Risco Médio,Alta
terça-feira,BR-10,250.9,Plena Noite,Crescente,Céu Claro,Simples,Reta,-5.543109,-47.46463,DEL04-MA,Risco Médio,Baixa
terça-feira,BR-50,2.0,Plena Noite,Crescente,Céu Claro,Dupla,Curva,-18.85429,-48.24392,DEL15-MG,Risco Baixo,Média
quarta-feira,BR-386,66.0,Pleno dia,Crescente,Céu Claro,Simples,Reta,-27.63056,-53.33914,DEL08-RS,Risco Baixo,Média
terça-feira,BR-316,9.0,Amanhecer,Crescente,Céu Claro,Dupla,Reta,-1.366236,-48.3678,DEL01-PA,Risco Médio,Baixa
sexta-feira,BR-262,378.0,Pleno dia,Crescente,Chuva,Dupla,Curva,-19.95652,-44.36483,DEL01-MG,Risco Médio,Média
quarta-feira,BR-101,205.2,Pleno dia,Crescente,Sol,Dupla,Reta,-27.58483,-48.61577,DEL01-SC,Risco Baixo,Alta
quarta-feira,BR-386,340.1,Plena Noite,Decrescente,Céu Claro,Simples,Reta,-29.41779,-52.0241,DEL04-RS,Risco Médio,Média