dia_semana,br,km,fase_dia,sentido_via,condicao_metereologica,tipo_pista,tracado_via,latitude,longitude,delegacia,classificacao_acidente,postos_policiais_PRF
segunda-feira,BR-116,762.9,Pleno dia,Crescente,Céu Claro,Simples,Reta,-21.5278,-42.62984,DEL07-MG,Risco Médio,Alta
domingo,BR-277,5.7,Plena Noite,Crescente,Céu Claro,Dupla,Interseção de vias,-25.5469,-54.5882,DEL05-PR,Risco Médio,Média
sábado,BR-365,626.0,Pleno dia,Decrescente,Céu Claro,Múltipla,Reta,-18.90758,-48.31542,DEL15-MG,Risco Médio,Média
segunda-feira,BR-116,137.0,Pleno dia,Crescente,Chuva,Dupla,Reta,-22.64752,-43.22713,DEL04-RJ,Risco Médio,Alta
quinta-feira,BR-101,488.4,Pleno dia,Crescente,Nublado,Simples,Reta,-22.95699,-44.30723,DEL03-RJ,Risco Médio,Alta
quarta-feira,BR-116,283.8,Amanhecer,Crescente,Céu Claro,Múltipla,Não Informado,-17.91648,-41.52688,DEL11-MG,Risco Médio,Alta
domingo,BR-285,557.5,Plena Noite,Decrescente,Céu Claro,Simples,Reta,-28.41942,-54.87529,DEL10-RS,Risco Alto,Baixa
segunda-feira,BR-116,781.3,Pleno dia,Decrescente,Céu Claro,Simples,Não Informado,-21.62224,-42.69313,DEL07-MG,Risco Médio,Alta
domingo,BR-459,26.0,Pleno dia,Decrescente,Céu Claro,Simples,Rotatória,-22.69386,-45.12294,DEL08-SP,Risco Médio,Baixa
sexta-feira,BR-116,434.6,Pleno dia,Decrescente,Chuva,Dupla,Curva,-12.3138,-39.04374,DEL02-BA,Risco Baixo,Alta
quinta-feira,BR-153,785.0,Plena Noite,Crescente,Céu Claro,Simples,Reta,-12.68421,-49.06939,DEL01-TO,Risco Médio,Alta
domingo,BR-163,583.0,Pleno dia,Crescente,Chuva,Simples,Reta,-14.05794,-56.09856,DEL01-MT,Risco Alto,Alta
segunda-feira,BR-101,132.8,Anoitecer,Decrescente,Garoa/Chuvisco,Dupla,Interseção de vias,-26.99654,-48.65565,DEL04-SC,Risco Médio,Alta
domingo,BR-101,70.4,Plena Noite,Decrescente,Nublado,Dupla,Reta,-8.073829,-34.94257,DEL01-PE,Risco Baixo,Alta
sexta-feira,BR-101,208.0,Plena Noite,Decrescente,Nublado,Múltipla,Não Informado,-27.60328,-48.63202,DEL01-SC,Risco Médio,Alta
quinta-feira,BR-40,2.0,Pleno dia,Decrescente,Céu Claro,Dupla,Reta,-15.99435,-47.98595,DEL01-DF,Risco Médio,Alta
quinta-feira,BR-20,16.0,Anoitecer,Crescente,Céu Claro,Dupla,Reta,-15.62567,-47.72516,DEL02-DF,Risco Médio,Baixa
terça-feira,BR-364,197.0,Pleno dia,Decrescente,Céu Claro,Simples,Reta,-11.6788,-61.18789,DEL02-RO,Risco Médio,Alta
sexta-feira,BR-101,50.0,Pleno dia,Decrescente,Nublado,Múltipla,Reta,-7.909386,-34.90123,DEL01-PE,Risco Médio,Alta
quarta-feira,BR-101,22.3,Pleno dia,Decrescente,Céu Claro,Dupla,Rotatória,-29.4416,-49.90319,DEL03-RS,Risco Baixo,Alta
domingo,BR-277,129.0,Plena Noite,Crescente,Garoa/Chuvisco,Dupla,Não Informado,-25.46776,-49.62627,DEL03-PR,Risco Médio,Média
sexta-feira,BR-101,526.0,Plena Noite,Decrescente,Chuva,Simples,Não Informado,-14.97023,-39.32024,DEL05-BA,Risco Médio,Alta
terça-feira,BR-343,338.5,Pleno dia,Crescente,Céu Claro,Simples,Não Informado,-5.065013,-42.72748,DEL01-PI,Risco Baixo,Baixa
domingo,BR-376,670.8,Pleno dia,Decrescente,Nublado,Dupla,Reta,-25.87689,-48.93586,DEL01-PR,Risco Baixo,Baixa
domingo,BR-280,109.0,Pleno dia,Crescente,Céu Claro,Simples,Retorno Regulamentado,-26.32763,-49.38224,DEL06-SC,Risco Médio,Baixa
sexta-feira,BR-101,79.5,Pleno dia,Decrescente,Céu Claro,Dupla,Reta,-8.149411,-34.9435,DEL01-PE,Risco Médio,Alta
quinta-feira,BR-386,276.9,Pleno dia,Decrescente,Céu Claro,Simples,Curva,-29.00722,-52.33866,DEL04-RS,Risco Médio,Média
sábado,BR-452,293.4,Plena Noite,Decrescente,Chuva,Simples,Curva,-19.52232,-47.08693,DEL08-MG,Risco Médio,Baixa
terça-feira,BR-158,326.0,Pleno dia,Crescente,Céu Claro,Dupla,Reta,-29.70975,-53.80285,DEL09-RS,Risco Baixo,Baixa
terça-feira,BR-230,201.0,Plena Noite,Crescente,Céu Claro,Simples,Reta,-4.913982,-49.48271,DEL03-PA,Risco Alto,Baixa
quarta-feira,BR-116,387.8,Pleno dia,Crescente,Nublado,Simples,Não Informado,-30.8142,-51.69569,DEL02-RS,Risco Médio,Alta
sexta-feira,BR-70,516.0,Plena Noite,Crescente,Céu Claro,Simples,Reta,-15.70585,-56.14377,DEL01-MT,Risco Médio,Baixa
quarta-feira,BR-230,168.0,Plena Noite,Crescente,Nublado,Simples,Curva,-6.932483,-41.88557,DEL04-PI,Risco Baixo,Baixa
domingo,BR-116,399.0,Plena Noite,Crescente,Céu Claro,Simples,Reta,-30.86692,-51.8004,DEL02-RS,Risco Médio,Alta
segunda-feira,BR-116,282.0,Pleno dia,Decrescente,Sol,Dupla,Reta,-23.6606,-46.8517,DEL04-SP,Risco Médio,Alta
quarta-feira,BR-381,369.0,Pleno dia,Crescente,Céu Claro,Simples,Reta,-19.8513,-43.29306,DEL03-MG,Risco Médio,Alta
sexta-feira,BR-277,103.0,Plena Noite,Crescente,Nublado,Dupla,Reta,-25.4282,-49.39112,DEL01-PR,Risco Médio,Média
sábado,BR-367,82.0,Pleno dia,Crescente,Céu Claro,Simples,Reta,-16.37206,-39.56163,DEL09-BA,Risco Médio,Baixa
sexta-feira,BR-101,265.3,Pleno dia,Decrescente,Céu Claro,Dupla,Não Informado,-20.18405,-40.26669,DEL02-ES,Risco Médio,Alta
quarta-feira,BR-101,4.4,Pleno dia,Crescente,Céu Claro,Simples,Reta,-18.20781,-39.93968,DEL04-ES,Risco Médio,Alta
sexta-feira,BR-230,1150.0,Pleno dia,Crescente,Céu Claro,Simples,Reta,-4.24824,-56.018,DEL05-PA,Risco Baixo,Baixa
terça-feira,BR-101,151.0,Pleno dia,Crescente,Sol,Dupla,Reta,-9.890097,-36.15847,DEL02-AL,Risco Médio,Alta
terça-feira,BR-104,65.4,Plena Noite,Crescente,Céu Claro,Dupla,Reta,-8.278617,-35.98167,DEL02-PE,Risco Médio,Baixa
terça-feira,BR-70,239.0,Pleno dia,Decrescente,Céu Claro,Simples,Curva,-15.62403,-54.02004,DEL05-MT,Risco Médio,Baixa
sexta-feira,BR-101,322.0,Plena Noite,Decrescente,Céu Claro,Múltipla,Reta,-22.87892,-43.11068,DEL02-RJ,Risco Baixo,Alta
sexta-feira,BR-101,134.5,Pleno dia,Crescente,Céu Claro,Dupla,Reta,-8.4101,-35.28885,DEL01-PE,Risco Baixo,Alta
quinta-feira,BR-116,59.0,Pleno dia,Crescente,Chuva,Simples,Curva,-22.22819,-42.90823,DEL04-RJ,Risco Médio,Alta
terça-feira,BR-101,209.6,Pleno dia,Decrescente,Céu Claro,Múltipla,Reta,-27.61001,-48.63895,DEL01-SC,Risco Médio,Alta
quinta-feira,BR-40,796.4,Plena Noite,Decrescente,Céu Claro,Dupla,Curva,-21.81119,-43.39477,DEL05-MG,Risco Alto,Alta
quinta-feira,BR-10,242.0,Anoitecer,Decrescente,Céu Claro,Simples,Reta,-5.806355,-47.35901,DEL04-MA,Risco Médio,Baixa
sexta-feira,BR-116,206.0,Pleno dia,Decrescente,Céu Claro,Dupla,Reta,-23.41723,-46.3751,DEL01-SP,Risco Médio,Alta
sábado,BR-262,198.2,Plena Noite,Decrescente,Ignorado,Simples,Desvio Temporário,-20.45958,-53.36466,DEL07-MS,Risco Baixo,Média
domingo,BR-381,368.0,Pleno dia,Crescente,Nublado,Simples,Curva,-19.8493,-43.2542,DEL03-MG,Risco Médio,Alta
quarta-feira,BR-158,323.2,Pleno dia,Crescente,Céu Claro,Dupla,Reta,-29.69557,-53.78022,DEL09-RS,Risco Médio,Baixa
sábado,BR-381,409.6,Plena Noite,Decrescente,Céu Claro,Simples,Curva,-19.73762,-43.60233,DEL01-MG,Risco Médio,Alta
quarta-feira,BR-280,141.0,Amanhecer,Decrescente,Céu Claro,Simples,Não Informado,-26.25592,-49.62226,DEL06-SC,Risco Médio,Baixa
domingo,BR-116,137.0,Plena Noite,Decrescente,Chuva,Dupla,Reta,-23.15303,-45.78713,DEL06-SP,Risco Médio,Alta
quarta-feira,BR-369,504.4,Pleno dia,Crescente,Céu Claro,Simples,Reta,-24.8169,-53.2964,DEL04-PR,Risco Médio,Baixa
quarta-feira,BR-470,230.0,Pleno dia,Crescente,Nublado,Simples,Reta,-29.2786,-51.49265,DEL06-RS,Risco Baixo,Baixa
sábado,BR-116,23.0,Plena Noite,Decrescente,Céu Claro,Dupla,Retorno Regulamentado,-3.949055,-38.51213,DEL01-CE,Risco Médio,Alta
sábado,BR-101,589.0,Pleno dia,Crescente,Céu Claro,Simples,Reta,-23.30299,-44.70082,DEL03-RJ,Risco Médio,Alta
quinta-feira,BR-10,257.3,Plena Noite,Crescente,Nublado,Múltipla,Reta,-5.490634,-47.47197,DEL04-MA,Risco Médio,Baixa
sexta-feira,BR-262,5.9,Pleno dia,Decrescente,Céu Claro,Múltipla,Reta,-20.33707,-40.3865,DEL01-ES,Risco Médio,Média
segunda-feira,BR-230,255.0,Plena Noite,Crescente,Céu Claro,Simples,Reta,-6.9939,-42.6028,DEL03-PI,Risco Médio,Baixa
quinta-feira,BR-163,509.0,Plena Noite,Decrescente,Garoa/Chuvisco,Simples,Reta,-14.514,-56.2091,DEL01-MT,Risco Baixo,Alta
terça-feira,BR-277,718.0,Pleno dia,Crescente,Céu Claro,Dupla,Não Informado,-25.48007,-54.48542,DEL05-PR,Risco Baixo,Média
quinta-feira,BR-381,773.8,Pleno dia,Decrescente,Céu Claro,Dupla,Reta,-21.78081,-45.43222,DEL16-MG,Risco Baixo,Alta
quinta-feira,BR-277,102.0,Pleno dia,Decrescente,Sol,Dupla,Reta,-25.51409,-49.33727,DEL01-PR,Risco Médio,Média
sexta-feira,BR-163,257.0,Amanhecer,Crescente,Ignorado,Simples,Reta,-24.66674,-53.80981,DEL06-PR,Risco Alto,Alta
sábado,BR-116,93.0,Plena Noite,Crescente,Nevoeiro/Neblina,Dupla,Retorno Regulamentado,-25.51268,-49.1291,DEL01-PR,Risco Médio,Alta
terça-feira,BR-116,303.0,Pleno dia,Crescente,Céu Claro,Dupla,Reta,-23.82761,-46.92631,DEL04-SP,Risco Médio,Alta
sexta-feira,BR-20,235.5,Pleno dia,Crescente,Céu Claro,Simples,Não Informado,-14.07052,-46.28701,DEL02-DF,Risco Alto,Baixa
quinta-feira,BR-101,211.0,Pleno dia,Decrescente,Nublado,Dupla,Reta,-27.6301,-48.659,DEL01-SC,Risco Médio,Alta
sábado,BR-101,105.5,Amanhecer,Crescente,Céu Claro,Dupla,Reta,-11.0135,-37.2224,DEL02-SE,Risco Médio,Alta
segunda-feira,BR-101,230.0,Pleno dia,Decrescente,Céu Claro,Múltipla,Reta,-12.72829,-39.18017,DEL01-BA,Risco Baixo,Alta
quarta-feira,BR-116,502.9,Anoitecer,Crescente,Céu Claro,Simples,Reta,-7.49709,-38.98458,DEL05-CE,Risco Médio,Alta
terça-feira,BR-365,19.7,Plena Noite,Decrescente,Céu Claro,Simples,Reta,-16.87825,-44.0027,DEL12-MG,Risco Médio,Média
sexta-feira,BR-101,133.0,Pleno dia,Crescente,Céu Claro,Simples,Interseção de vias,-26.99936,-48.64609,DEL04-SC,Risco Médio,Alta
quinta-feira,BR-222,4.0,Pleno dia,Decrescente,Céu Claro,Múltipla,Reta,-3.741648,-38.6045,DEL01-CE,Risco Médio,Baixa
sábado,BR-365,523.2,Plena Noite,Decrescente,Nublado,Simples,Não Informado,-18.91595,-47.3965,DEL10-MG,Risco Médio,Média
domingo,BR-470,227.0,Plena Noite,Crescente,Chuva,Simples,Reta,-29.21658,-51.51723,DEL06-RS,Risco Médio,Baixa
domingo,BR-70,9.6,Plena Noite,Decrescente,Chuva,Dupla,Reta,-15.73685,-48.28829,DEL01-DF,Risco Baixo,Baixa
segunda-feira,BR-101,86.0,Plena Noite,Crescente,Nublado,Simples,Rotatória,-26.63964,-48.6941,DEL03-SC,Risco Médio,Alta
sábado,BR-369,447.2,Anoitecer,Crescente,Céu Claro,Simples,Reta,-24.5548,-52.9686,DEL04-PR,Risco Alto,Baixa
quinta-feira,BR-101,220.0,Pleno dia,Decrescente,Chuva,Dupla,Reta,-27.69199,-48.66368,DEL01-SC,Risco Médio,Alta
sexta-feira,BR-153,347.8,Pleno dia,Crescente,Chuva,Simples,Reta,-29.74262,-52.96097,DEL02-RS,Risco Médio,Alta
sexta-feira,BR-101,282.0,Plena Noite,Decrescente,Nevoeiro/Neblina,Simples,Reta,-28.19626,-48.6974,DEL02-SC,Risco Alto,Alta
domingo,BR-116,235.0,Pleno dia,Crescente,Chuva,Simples,Curva,-29.66038,-51.14387,DEL01-RS,Risco Baixo,Alta
sexta-feira,BR-116,11.5,Pleno dia,Crescente,Nublado,Simples,Interseção de vias,-14.851,-40.8485,DEL08-BA,Risco Médio,Alta
domingo,BR-381,517.0,Pleno dia,Decrescente,Chuva,Dupla,Não Informado,-20.10593,-44.32064,DEL01-MG,Risco Médio,Alta
quarta-feira,BR-226,5.0,Plena Noite,Decrescente,Céu Claro,Simples,Reta,-5.820901,-35.26828,DEL01-RN,Risco Baixo,Baixa
terça-feira,BR-40,514.9,Plena Noite,Decrescente,Céu Claro,Dupla,Não Informado,-19.81969,-44.0865,DEL01-MG,Risco Médio,Alta
terça-feira,BR-101,303.6,Plena Noite,Crescente,Nublado,Dupla,Reta,-28.36917,-48.75668,DEL02-SC,Risco Baixo,Alta
quinta-feira,BR-101,147.0,Plena Noite,Crescente,Céu Claro,Simples,Reta,-19.3995,-40.0625,DEL04-ES,Risco Médio,Alta
domingo,BR-364,343.0,Plena Noite,Crescente,Céu Claro,Múltipla,Reta,-10.87879,-61.94499,DEL02-RO,Risco Médio,Alta
terça-feira,BR-407,57.0,Pleno dia,Crescente,Céu Claro,Simples,Reta,-9.872162,-40.28692,DEL04-BA,Risco Médio,Baixa
domingo,BR-101,133.0,Amanhecer,Crescente,Céu Claro,Simples,Interseção de vias,-26.99952,-48.64637,DEL04-SC,Risco Médio,Alta
sexta-feira,BR-324,595.0,Pleno dia,Crescente,Sol,Dupla,Reta,-12.71235,-38.45525,DEL01-BA,Risco Baixo,Baixa
quinta-feira,BR-101,82.0,Plena Noite,Crescente,Céu Claro,Dupla,Reta,-5.767915,-35.27456,DEL02-RN,Risco Médio,Alta
quinta-feira,BR-116,198.7,Amanhecer,Crescente,Chuva,Dupla,Não Informado,-23.40094,-46.30774,DEL01-SP,Risco Médio,Alta
segunda-feira,BR-222,1.5,Amanhecer,Decrescente,Céu Claro,Múltipla,Reta,-3.737804,-38.57806,DEL01-CE,Risco Médio,Baixa
quarta-feira,BR-153,515.0,Pleno dia,Crescente,Céu Claro,Dupla,Retorno Regulamentado,-16.83235,-49.24352,DEL01-GO,Risco Médio,Alta
segunda-feira,BR-116,548.3,Pleno dia,Decrescente,Chuva,Múltipla,Curva,-24.95393,-48.44727,DEL05-SP,Risco Baixo,Alta
sexta-feira,BR-163,269.9,Pleno dia,Decrescente,Nublado,Dupla,Curva,-22.20085,-54.7003,DEL04-MS,Risco Médio,Alta
sábado,BR-470,65.7,Pleno dia,Decrescente,Céu Claro,Simples,Não Informado,-26.87041,-49.21186,DEL04-SC,Risco Médio,Baixa
sexta-feira,BR-153,27.7,Plena Noite,Decrescente,Céu Claro,Simples,Reta,-23.2051,-49.98571,DEL07-PR,Risco Médio,Alta
quinta-feira,BR-116,189.0,Pleno dia,Crescente,Céu Claro,Dupla,Reta,-22.73767,-43.49187,DEL01-RJ,Risco Médio,Alta
quinta-feira,BR-381,335.5,Pleno dia,Decrescente,Nublado,Múltipla,Curva,-19.7877,-43.05096,DEL03-MG,Risco Baixo,Alta
sexta-feira,BR-373,199.8,Pleno dia,Decrescente,Nublado,Simples,Interseção de vias,-25.08427,-50.4085,DEL03-PR,Risco Baixo,Baixa
sexta-feira,BR-101,36.0,Pleno dia,Decrescente,Chuva,Dupla,Não Informado,-6.7992,-35.1388,DEL01-PB,Risco Baixo,Alta
domingo,BR-226,14.9,Plena Noite,Crescente,Céu Claro,Simples,Interseção de vias,-5.856836,-35.33608,DEL01-RN,Risco Médio,Baixa
sábado,BR-116,64.1,Pleno dia,Decrescente,Céu Claro,Simples,Não Informado,-4.281252,-38.49424,DEL03-CE,Risco Médio,Alta
segunda-feira,BR-101,114.9,Pleno dia,Crescente,Nublado,Dupla,Curva,-8.336274,-35.14003,DEL01-PE,Risco Médio,Alta
sábado,BR-101,537.0,Pleno dia,Crescente,Céu Claro,Simples,Reta,-23.04729,-44.57717,DEL03-RJ,Risco Médio,Alta
terça-feira,BR-101,67.6,Pleno dia,Crescente,Chuva,Simples,Reta,-10.72195,-37.07026,DEL01-SE,Risco Médio,Alta
quinta-feira,BR-222,121.6,Pleno dia,Crescente,Céu Claro,Simples,Não Informado,-3.707015,-39.56969,DEL04-CE,Risco Médio,Baixa
sexta-feira,BR-116,122.0,Pleno dia,Crescente,Céu Claro,Dupla,Reta,-25.56857,-49.31023,DEL01-PR,Risco Médio,Alta
domingo,BR-101,138.6,Plena Noite,Crescente,Chuva,Dupla,Curva,-27.02809,-48.606,DEL04-SC,Risco Baixo,Alta
quarta-feira,BR-104,61.8,Pleno dia,Decrescente,Sol,Dupla,Reta,-8.245105,-35.97496,DEL02-PE,Risco Médio,Baixa
sexta-feira,BR-70,0.1,Pleno dia,Decrescente,Nublado,Dupla,Desvio Temporário,-15.78269,-48.23374,DEL01-DF,Risco Baixo,Baixa
quarta-feira,BR-60,126.1,Pleno dia,Crescente,Chuva,Dupla,Curva,-16.53303,-49.14807,DEL01-GO,Risco Baixo,Média
sábado,BR-70,39.0,Pleno dia,Crescente,Céu Claro,Simples,Não Informado,-15.77802,-52.55468,DEL07-MT,Risco Médio,Baixa
sábado,BR-40,717.0,Pleno dia,Crescente,Chuva,Dupla,Curva,-21.2872,-43.6421,DEL05-MG,Risco Médio,Alta
domingo,BR-381,615.0,Pleno dia,Decrescente,Céu Claro,Dupla,Curva,-20.74425,-44.77255,DEL04-MG,Risco Médio,Alta
quarta-feira,BR-470,122.2,Pleno dia,Crescente,Nublado,Simples,Não Informado,-27.10169,-49.5262,DEL04-SC,Risco Médio,Baixa
quinta-feira,BR-116,3.3,Pleno dia,Decrescente,Céu Claro,Simples,Reta,-14.82547,-40.86518,DEL08-BA,Risco Médio,Alta
quinta-feira,BR-304,45.7,Pleno dia,Crescente,Nublado,Dupla,Reta,-5.22582,-37.3425,DEL04-RN,Risco Médio,Baixa
sexta-feira,BR-153,439.6,Pleno dia,Decrescente,Céu Claro,Dupla,Não Informado,-16.31299,-48.92194,DEL02-GO,Risco Alto,Alta
sexta-feira,BR-470,59.3,Amanhecer,Crescente,Nublado,Simples,Curva,-26.88231,-49.16026,DEL04-SC,Risco Baixo,Baixa
sexta-feira,BR-277,58.0,Pleno dia,Decrescente,Céu Claro,Dupla,Reta,-25.55437,-49.03237,DEL01-PR,Risco Baixo,Média
segunda-feira,BR-163,183.0,Pleno dia,Crescente,Céu Claro,Simples,Reta,-22.81789,-54.70297,DEL09-MS,Risco Médio,Alta
quarta-feira,BR-101,53.8,Plena Noite,Crescente,Chuva,Dupla,Reta,-26.41827,-48.83249,DEL03-SC,Risco Baixo,Alta
segunda-feira,BR-60,96.0,Amanhecer,Crescente,Chuva,Dupla,Reta,-16.371,-48.9422,DEL02-GO,Risco Médio,Média
terça-feira,BR-101,82.0,Pleno dia,Crescente,Céu Claro,Dupla,Interseção de vias,-8.1768,-34.9443,DEL01-PE,Risco Médio,Alta
quarta-feira,BR-386,147.1,Pleno dia,Decrescente,Céu Claro,Simples,Ponte,-28.06656,-52.86829,DEL08-RS,Risco Baixo,Média
domingo,BR-364,219.3,Pleno dia,Decrescente,Céu Claro,Simples,Reta,-17.85047,-51.91036,DEL05-GO,Risco Baixo,Alta
terça-feira,BR-153,537.0,Pleno dia,Crescente,Chuva,Dupla,Desvio Temporário,-17.0276,-49.2229,DEL01-GO,Risco Médio,Alta
segunda-feira,BR-101,414.1,Plena Noite,Decrescente,Nublado,Simples,Reta,-20.92346,-41.07836,DEL03-ES,Risco Baixo,Alta
quarta-feira,BR-381,412.0,Plena Noite,Decrescente,Céu Claro,Dupla,Curva,-19.72672,-43.56637,DEL01-MG,Risco Baixo,Alta
quinta-feira,BR-470,142.2,Pleno dia,Decrescente,Sol,Simples,Curva,-27.2298,-49.6693,DEL04-SC,Risco Baixo,Baixa
sexta-feira,BR-290,71.0,Pleno dia,Decrescente,Céu Claro,Múltipla,Reta,-29.95278,-50.97607,DEL03-RS,Risco Médio,Baixa
segunda-feira,BR-381,532.0,Pleno dia,Crescente,Nublado,Dupla,Curva,-20.1709,-44.3729,DEL04-MG,Risco Baixo,Alta
quinta-feira,BR-174,166.0,Pleno dia,Crescente,Céu Claro,Simples,Reta,-15.83686,-58.44553,DEL03-MT,Risco Baixo,Baixa
quinta-feira,BR-470,139.0,Plena Noite,Crescente,Chuva,Simples,Retorno Regulamentado,-27.19941,-49.63082,DEL04-SC,Risco Médio,Baixa
domingo,BR-381,439.0,Pleno dia,Crescente,Céu Claro,Simples,Reta,-19.8893,-43.805,DEL01-MG,Risco Médio,Alta
sábado,BR-60,1.0,Plena Noite,Crescente,Céu Claro,Dupla,Reta,-15.88509,-48.06895,DEL01-DF,Risco Médio,Média
domingo,BR-101,400.0,Plena Noite,Decrescente,Céu Claro,Simples,Reta,-14.09362,-39.37422,DEL05-BA,Risco Médio,Alta
sexta-feira,BR-116,823.7,Pleno dia,Crescente,Ignorado,Dupla,Interseção de vias,-14.85897,-40.84966,DEL08-BA,Risco Médio,Alta
terça-feira,BR-232,15.8,Plena Noite,Crescente,Céu Claro,Dupla,Reta,-8.093782,-35.03294,DEL01-PE,Risco Baixo,Baixa
quarta-feira,BR-277,107.0,Plena Noite,Decrescente,Chuva,Dupla,Reta,-25.46807,-49.61975,DEL01-PR,Risco Médio,Média
quarta-feira,BR-116,419.8,Anoitecer,Crescente,Céu Claro,Simples,Curva,-18.92997,-41.93998,DEL06-MG,Risco Médio,Alta
quinta-feira,BR-468,103.1,Pleno dia,Crescente,Céu Claro,Simples,Reta,-27.45674,-53.94415,DEL08-RS,Risco Médio,Baixa
segunda-feira,BR-324,618.0,Pleno dia,Crescente,Chuva,Dupla,Reta,-12.89111,-38.44537,DEL01-BA,Risco Médio,Baixa
domingo,BR-40,6.5,Plena Noite,Decrescente,Céu Claro,Dupla,Reta,-16.10965,-47.97146,DEL01-DF,Risco Baixo,Alta
quinta-feira,BR-163,142.8,Pleno dia,Crescente,Sol,Simples,Curva,-25.47678,-53.59038,DEL04-PR,Risco Médio,Alta
quinta-feira,BR-262,161.0,Plena Noite,Crescente,Nublado,Simples,Reta,-20.2364,-41.52254,DEL01-ES,Risco Médio,Média
domingo,BR-365,452.5,Pleno dia,Crescente,Sol,Simples,Reta,-18.83538,-46.83463,DEL10-MG,Risco Médio,Média
quinta-feira,BR-163,781.0,Pleno dia,Decrescente,Céu Claro,Simples,Reta,-18.08658,-54.69405,DEL06-MS,Risco Médio,Alta
quarta-feira,BR-470,75.7,Pleno dia,Crescente,Céu Claro,Simples,Não Informado,-26.92483,-49.284,DEL04-SC,Risco Baixo,Baixa
sábado,BR-101,287.0,Pleno dia,Decrescente,Céu Claro,Dupla,Curva,-22.75517,-42.83463,DEL02-RJ,Risco Baixo,Alta
quarta-feira,BR-116,87.0,Pleno dia,Crescente,Céu Claro,Dupla,Reta,-25.43479,-49.0894,DEL01-PR,Risco Médio,Alta
quinta-feira,BR-101,149.6,Pleno dia,Decrescente,Nublado,Dupla,Reta,-27.10896,-48.61278,DEL04-SC,Risco Médio,Alta
terça-feira,BR-116,101.9,Plena Noite,Decrescente,Ignorado,Dupla,Não Informado,-22.99074,-45.48115,DEL08-SP,Risco Médio,Alta
domingo,BR-463,65.9,Pleno dia,Crescente,Céu Claro,Simples,Reta,-22.43738,-55.36863,DEL04-MS,Risco Médio,Baixa
domingo,BR-40,279.2,Plena Noite,Crescente,Céu Claro,Simples,Não Informado,-18.22833,-45.2202,DEL14-MG,Risco Baixo,Alta
quarta-feira,BR-153,256.0,Pleno dia,Crescente,Sol,Dupla,Reta,-22.23155,-49.91968,DEL07-SP,Risco Médio,Alta
sábado,BR-163,87.2,Plena Noite,Crescente,Nevoeiro/Neblina,Simples,Reta,-26.59023,-53.51574,DEL07-SC,Risco Médio,Alta
quinta-feira,BR-70,153.0,Plena Noite,Crescente,Céu Claro,Simples,Reta,-15.57408,-53.39778,DEL07-MT,Risco Alto,Baixa
segunda-feira,BR-381,739.0,Plena Noite,Decrescente,Nublado,Dupla,Reta,-21.61515,-45.24157,DEL16-MG,Risco Médio,Alta
sexta-feira,BR-40,509.0,Plena Noite,Decrescente,Nublado,Dupla,Reta,-19.7774,-44.1209,DEL01-MG,Risco Médio,Alta
quarta-feira,BR-116,166.0,Pleno dia,Decrescente,Nublado,Múltipla,Reta,-22.80501,-43.34515,DEL01-RJ,Risco Baixo,Alta
sábado,BR-232,39.0,Anoitecer,Crescente,Nublado,Dupla,Reta,-8.1181,-35.2308,DEL01-PE,Risco Baixo,Baixa
terça-feira,BR-40,28.5,Plena Noite,Crescente,Céu Claro,Simples,Reta,-16.27179,-47.87586,DEL01-DF,Risco Médio,Alta
segunda-feira,BR-386,182.9,Pleno dia,Crescente,Céu Claro,Simples,Não Informado,-28.33599,-52.72109,DEL08-RS,Risco Baixo,Média
terça-feira,BR-116,277.2,Pleno dia,Crescente,Céu Claro,Simples,Curva,-17.86268,-41.51498,DEL11-MG,Risco Médio,Alta
quarta-feira,BR-116,25.5,Pleno dia,Crescente,Céu Claro,Dupla,Curva,-22.61004,-44.89772,DEL08-SP,Risco Médio,Alta
sábado,BR-70,520.0,Plena Noite,Decrescente,Céu Claro,Simples,Reta,-15.67523,-56.1768,DEL01-MT,Risco Médio,Baixa
sexta-feira,BR-40,503.8,Plena Noite,Crescente,Céu Claro,Simples,Reta,-19.72138,-44.15574,DEL02-MG,Risco Baixo,Alta
sexta-feira,BR-470,254.0,Pleno dia,Crescente,Céu Claro,Simples,Rotatória,-29.43149,-51.51024,DEL06-RS,Risco Médio,Baixa
quarta-feira,BR-282,17.5,Pleno dia,Decrescente,Céu Claro,Simples,Reta,-27.66571,-48.68807,DEL01-SC,Risco Baixo,Baixa
quarta-feira,BR-476,145.0,Pleno dia,Crescente,Nublado,Dupla,Não Informado,-25.54778,-49.32173,DEL01-PR,Risco Médio,Baixa
sexta-feira,BR-101,45.0,Pleno dia,Decrescente,Sol,Múltipla,Reta,-7.8728,-34.9061,DEL01-PE,Risco Médio,Alta
sexta-feira,BR-158,525.4,Amanhecer,Crescente,Nublado,Simples,Não Informado,-26.24758,-52.70502,DEL02-PR,Risco Médio,Baixa
terça-feira,BR-476,272.0,Plena Noite,Decrescente,Chuva,Simples,Reta,-25.8949,-50.3546,DEL02-PR,Risco Médio,Baixa
sábado,BR-101,328.5,Pleno dia,Crescente,Céu Claro,Dupla,Reta,-28.44868,-48.96997,DEL02-SC,Risco Médio,Alta