dia_semana,br,km,fase_dia,sentido_via,condicao_metereologica,tipo_pista,tracado_via,latitude,longitude,delegacia,classificacao_acidente,postos_policiais_PRF
domingo,BR-330,810.0,Plena Noite,Crescente,Céu Claro,Simples,Curva,-14.00335,-39.92622,DEL05-BA,Risco Alto,Baixa
domingo,BR-116,277.0,Pleno dia,Crescente,Nublado,Múltipla,Reta,-17.87143,-41.51939,DEL11-MG,Risco Médio,Alta
sexta-feira,BR-158,264.0,Pleno dia,Decrescente,Céu Claro,Simples,Reta,-29.23895,-53.66561,DEL10-RS,Risco Médio,Baixa
terça-feira,BR-222,1.7,Plena Noite,Decrescente,Céu Claro,Múltipla,Reta,-3.740074,-38.59493,DEL01-CE,Risco Médio,Baixa
segunda-feira,BR-316,82.0,Plena Noite,Crescente,Céu Claro,Simples,Reta,-7.871291,-40.09366,DEL05-PE,Risco Médio,Baixa
quarta-feira,BR-116,191.7,Pleno dia,Decrescente,Céu Claro,Dupla,Curva,-23.37526,-46.24599,DEL02-SP,Risco Baixo,Alta
terça-feira,BR-364,558.0,Anoitecer,Crescente,Céu Claro,Simples,Túnel,-9.579848,-63.07406,DEL03-RO,Risco Médio,Alta
quarta-feira,BR-282,211.1,Pleno dia,Crescente,Céu Claro,Simples,Reta,-27.76741,-50.16306,DEL05-SC,Risco Médio,Baixa
quinta-feira,BR-324,585.0,Amanhecer,Decrescente,Garoa/Chuvisco,Dupla,Reta,-12.63013,-38.47969,DEL01-BA,Risco Médio,Baixa
domingo,BR-235,9.0,Plena Noite,Crescente,Céu Claro,Simples,Viaduto,-10.88359,-37.13908,DEL01-SE,Risco Médio,Baixa
domingo,BR-376,176.8,Plena Noite,Decrescente,Céu Claro,Dupla,Interseção de vias,-23.41269,-51.93158,DEL09-PR,Risco Baixo,Baixa
terça-feira,BR-101,0.8,Pleno dia,Crescente,Ignorado,Simples,Reta,-8.18452,-34.95197,DEL01-PE,Risco Médio,Alta
quinta-feira,BR-163,187.4,Plena Noite,Crescente,Céu Claro,Simples,Curva,-25.11524,-53.58564,DEL04-PR,Risco Médio,Alta
sexta-feira,BR-40,549.2,Pleno dia,Decrescente,Céu Claro,Dupla,Curva,-20.03972,-43.96703,DEL01-MG,Risco Médio,Alta
sexta-feira,BR-153,55.5,Pleno dia,Crescente,Céu Claro,Simples,Não Informado,-20.75322,-49.3426,DEL09-SP,Risco Baixo,Alta
quinta-feira,BR-163,335.0,Pleno dia,Crescente,Céu Claro,Dupla,Reta,-21.6883,-54.48633,DEL02-MS,Risco Médio,Alta
quinta-feira,BR-101,90.9,Pleno dia,Crescente,Céu Claro,Dupla,Curva,-8.223015,-34.99264,DEL01-PE,Risco Médio,Alta
sexta-feira,BR-153,49.0,Anoitecer,Crescente,Céu Claro,Dupla,Reta,-18.81309,-49.08638,DEL15-MG,Risco Médio,Alta
domingo,BR-163,213.0,Amanhecer,Crescente,Céu Claro,Simples,Desvio Temporário,-22.59501,-54.81727,DEL04-MS,Risco Alto,Alta
quarta-feira,BR-381,484.1,Pleno dia,Decrescente,Chuva,Dupla,Não Informado,-19.95939,-44.09037,DEL01-MG,Risco Médio,Alta
sexta-feira,BR-316,78.6,Plena Noite,Crescente,Céu Claro,Simples,Reta,-9.334977,-37.29264,DEL03-AL,Risco Médio,Baixa
sábado,BR-364,552.0,Pleno dia,Crescente,Chuva,Dupla,Curva,-14.83431,-56.43364,DEL01-MT,Risco Médio,Alta
domingo,BR-262,378.6,Plena Noite,Decrescente,Céu Claro,Simples,Reta,-20.45875,-54.84378,DEL01-MS,Risco Médio,Média
sexta-feira,BR-381,684.5,Pleno dia,Decrescente,Chuva,Dupla,Reta,-21.1621,-45.12079,DEL04-MG,Risco Médio,Alta
quinta-feira,BR-116,548.0,Plena Noite,Decrescente,Nevoeiro/Neblina,Dupla,Reta,-24.95393,-48.44727,DEL05-SP,Risco Baixo,Alta
domingo,BR-116,886.3,Pleno dia,Crescente,Céu Claro,Simples,Não Informado,-15.3313,-41.1573,DEL08-BA,Risco Médio,Alta
domingo,BR-262,50.1,Plena Noite,Crescente,Nublado,Simples,Curva,-20.24281,-42.13652,DEL06-MG,Risco Baixo,Média
terça-feira,BR-376,304.0,Pleno dia,Crescente,Céu Claro,Dupla,Não Informado,-23.95297,-51.11403,DEL07-PR,Risco Médio,Baixa
domingo,BR-277,141.0,Pleno dia,Crescente,Céu Claro,Simples,Não Informado,-25.46594,-49.74717,DEL01-PR,Risco Médio,Média
quarta-feira,BR-101,2.3,Amanhecer,Decrescente,Chuva,Simples,Reta,-26.00013,-48.87626,DEL03-SC,Risco Médio,Alta
domingo,BR-376,493.0,Amanhecer,Decrescente,Nublado,Dupla,Reta,-25.12452,-50.18125,DEL03-PR,Risco Médio,Baixa
quarta-feira,BR-369,176.0,Pleno dia,Decrescente,Céu Claro,Dupla,Não Informado,-23.34951,-51.38541,DEL07-PR,Risco Médio,Baixa
sábado,BR-381,484.0,Plena Noite,Decrescente,Céu Claro,Dupla,Reta,-19.95939,-44.09013,DEL01-MG,Risco Médio,Alta
quarta-feira,BR-101,70.0,Pleno dia,Decrescente,Céu Claro,Simples,Não Informado,-8.067761,-34.94265,DEL01-PE,Risco Médio,Alta
quinta-feira,BR-280,36.5,Plena Noite,Crescente,Nublado,Simples,Reta,-26.44335,-48.81383,DEL03-SC,Risco Médio,Baixa
sexta-feira,BR-262,365.7,Plena Noite,Crescente,Céu Claro,Dupla,Não Informado,-19.97422,-44.2618,DEL01-MG,Risco Médio,Média
terça-feira,BR-262,36.1,Pleno dia,Crescente,Céu Claro,Simples,Reta,-20.2653,-42.03583,DEL06-MG,Risco Médio,Média
sexta-feira,BR-222,7.0,Plena Noite,Crescente,Céu Claro,Dupla,Reta,-3.749513,-38.62996,DEL01-CE,Risco Médio,Baixa
sábado,BR-116,169.0,Plena Noite,Decrescente,Céu Claro,Múltipla,Curva,-23.30765,-46.04513,DEL02-SP,Risco Médio,Alta
sábado,BR-101,16.5,Pleno dia,Crescente,Céu Claro,Dupla,Curva,-8.997307,-35.67603,DEL01-AL,Risco Médio,Alta
domingo,BR-470,225.2,Pleno dia,Decrescente,Céu Claro,Múltipla,Rotatória,-29.21454,-51.51763,DEL06-RS,Risco Médio,Baixa
domingo,BR-101,188.9,Pleno dia,Decrescente,Nublado,Simples,Desvio Temporário,-27.45123,-48.63371,DEL01-SC,Risco Médio,Alta
segunda-feira,BR-364,423.1,Pleno dia,Decrescente,Sol,Simples,Reta,-10.45221,-62.46072,DEL03-RO,Risco Médio,Alta
terça-feira,BR-116,127.0,Pleno dia,Crescente,Céu Claro,Dupla,Reta,-25.62151,-49.31622,DEL01-PR,Risco Médio,Alta
sábado,BR-381,670.0,Pleno dia,Decrescente,Nublado,Dupla,Reta,-21.0616,-45.0507,DEL04-MG,Risco Médio,Alta
sexta-feira,BR-101,3.3,Plena Noite,Crescente,Nevoeiro/Neblina,Simples,Curva,-23.3623,-44.78197,DEL06-SP,Risco Médio,Alta
domingo,BR-101,485.0,Plena Noite,Decrescente,Nublado,Simples,Reta,-22.98574,-44.2971,DEL03-RJ,Risco Médio,Alta
domingo,BR-116,269.0,Plena Noite,Decrescente,Chuva,Dupla,Curva,-29.96111,-51.17586,DEL01-RS,Risco Baixo,Alta
domingo,BR-116,712.0,Anoitecer,Decrescente,Ignorado,Simples,Reta,-14.13267,-40.23814,DEL03-BA,Risco Médio,Alta
terça-feira,BR-158,521.0,Plena Noite,Decrescente,Nublado,Simples,Desvio Temporário,-26.20228,-52.67822,DEL02-PR,Risco Médio,Baixa
sexta-feira,BR-101,34.0,Plena Noite,Crescente,Nublado,Dupla,Curva,-29.509,-49.98703,DEL03-RS,Risco Médio,Alta
domingo,BR-285,672.5,Plena Noite,Crescente,Céu Claro,Simples,Reta,-28.66794,-55.97824,DEL12-RS,Risco Médio,Baixa
domingo,BR-230,122.0,Plena Noite,Crescente,Céu Claro,Simples,Reta,-7.2466,-35.6577,DEL02-PB,Risco Médio,Baixa
quarta-feira,BR-163,734.0,Plena Noite,Decrescente,Céu Claro,Simples,Reta,-18.4882,-54.7259,DEL06-MS,Risco Baixo,Alta
sábado,BR-285,331.0,Pleno dia,Crescente,Céu Claro,Simples,Reta,-28.28994,-52.72331,DEL08-RS,Risco Baixo,Baixa
sábado,BR-101,145.0,Plena Noite,Decrescente,Nublado,Dupla,Interseção de vias,-27.0812,-48.6012,DEL04-SC,Risco Médio,Alta
sexta-feira,BR-101,214.9,Plena Noite,Crescente,Céu Claro,Dupla,Reta,-27.65114,-48.67553,DEL01-SC,Risco Médio,Alta
quarta-feira,BR-262,38.1,Pleno dia,Decrescente,Céu Claro,Simples,Reta,-20.26306,-42.03685,DEL06-MG,Risco Médio,Média
segunda-feira,BR-476,133.0,Pleno dia,Crescente,Céu Claro,Simples,Reta,-25.47099,-49.25587,DEL01-PR,Risco Baixo,Baixa
sexta-feira,BR-116,171.9,Plena Noite,Decrescente,Céu Claro,Múltipla,Não Informado,-22.8074,-43.34394,DEL01-RJ,Risco Médio,Alta
sábado,BR-101,145.0,Plena Noite,Decrescente,Céu Claro,Múltipla,Reta,-19.3609,-40.06464,DEL04-ES,Risco Médio,Alta
terça-feira,BR-324,623.0,Pleno dia,Decrescente,Céu Claro,Dupla,Reta,-12.92629,-38.46839,DEL01-BA,Risco Médio,Baixa
sexta-feira,BR-427,98.0,Plena Noite,Crescente,Céu Claro,Simples,Reta,-6.464375,-37.09221,DEL03-RN,Risco Médio,Baixa
domingo,BR-116,221.0,Pleno dia,Decrescente,Céu Claro,Dupla,Interseção de vias,-29.57244,-51.09625,DEL01-RS,Risco Baixo,Alta
quarta-feira,BR-367,23.7,Pleno dia,Crescente,Nublado,Simples,Reta,-16.45019,-39.06505,DEL09-BA,Risco Médio,Baixa
quarta-feira,BR-101,254.9,Pleno dia,Decrescente,Céu Claro,Simples,Reta,-20.11405,-40.32221,DEL02-ES,Risco Médio,Alta
sexta-feira,BR-262,490.9,Pleno dia,Decrescente,Chuva,Simples,Reta,-19.78274,-45.34197,DEL08-MG,Risco Médio,Média
segunda-feira,BR-101,92.0,Plena Noite,Decrescente,Céu Claro,Múltipla,Curva,-8.232018,-34.99779,DEL01-PE,Risco Médio,Alta
terça-feira,BR-230,42.0,Pleno dia,Crescente,Sol,Dupla,Curva,-7.1426,-34.9956,DEL01-PB,Risco Médio,Baixa
sexta-feira,BR-101,315.9,Pleno dia,Decrescente,Garoa/Chuvisco,Dupla,Curva,-28.4249,-48.85565,DEL02-SC,Risco Baixo,Alta
quarta-feira,BR-116,192.6,Plena Noite,Crescente,Céu Claro,Dupla,Curva,-23.35948,-46.216,DEL02-SP,Risco Médio,Alta
quarta-feira,BR-116,414.0,Pleno dia,Decrescente,Céu Claro,Simples,Reta,-18.88103,-41.95911,DEL06-MG,Risco Médio,Alta
domingo,BR-470,222.0,Plena Noite,Crescente,Nublado,Dupla,Retorno Regulamentado,-29.20373,-51.51787,DEL06-RS,Risco Médio,Baixa
sexta-feira,BR-116,220.0,Amanhecer,Crescente,Nublado,Simples,Reta,-22.67231,-43.81897,DEL07-RJ,Risco Baixo,Alta
terça-feira,BR-40,91.1,Pleno dia,Decrescente,Nublado,Dupla,Curva,-22.56375,-43.23571,DEL06-RJ,Risco Baixo,Alta
domingo,BR-277,725.0,Plena Noite,Crescente,Céu Claro,Simples,Reta,-25.50824,-54.5462,DEL05-PR,Risco Médio,Média
sábado,BR-470,71.8,Plena Noite,Crescente,Céu Claro,Simples,Interseção de vias,-26.89524,-49.2621,DEL04-SC,Risco Médio,Baixa
quinta-feira,BR-381,212.1,Pleno dia,Crescente,Céu Claro,Simples,Curva,-19.21797,-42.30759,DEL06-MG,Risco Alto,Alta
sábado,BR-116,565.5,Pleno dia,Crescente,Garoa/Chuvisco,Simples,Curva,-25.0449,-48.54235,DEL05-SP,Risco Baixo,Alta
terça-feira,BR-174,324.0,Plena Noite,Crescente,Nublado,Simples,Não Informado,-14.94114,-59.2915,DEL04-MT,Risco Baixo,Baixa
terça-feira,BR-381,250.0,Pleno dia,Decrescente,Céu Claro,Simples,Retorno Regulamentado,-19.45382,-42.52118,DEL06-MG,Risco Médio,Alta
segunda-feira,BR-116,16.2,Pleno dia,Decrescente,Céu Claro,Simples,Reta,-14.9026,-40.84782,DEL08-BA,Risco Médio,Alta
terça-feira,BR-163,257.0,Plena Noite,Decrescente,Ignorado,Dupla,Reta,-22.25892,-54.79617,DEL04-MS,Risco Médio,Alta
quinta-feira,BR-386,229.5,Pleno dia,Decrescente,Chuva,Simples,Reta,-28.7056,-52.58041,DEL04-RS,Risco Baixo,Média
segunda-feira,BR-101,357.0,Plena Noite,Decrescente,Céu Claro,Dupla,Reta,-28.63517,-49.09467,DEL02-SC,Risco Médio,Alta
quarta-feira,BR-232,182.0,Pleno dia,Decrescente,Céu Claro,Simples,Reta,-8.348047,-36.44665,DEL03-PE,Risco Médio,Baixa
sexta-feira,BR-101,90.3,Pleno dia,Decrescente,Sol,Múltipla,Não Informado,-10.88923,-37.13251,DEL01-SE,Risco Médio,Alta
domingo,BR-101,172.0,Plena Noite,Crescente,Céu Claro,Simples,Reta,-22.36747,-41.94324,DEL08-RJ,Risco Médio,Alta
quarta-feira,BR-381,932.5,Anoitecer,Decrescente,Céu Claro,Dupla,Curva,-22.79262,-46.2506,DEL16-MG,Risco Médio,Alta
sábado,BR-116,662.2,Pleno dia,Crescente,Chuva,Simples,Curva,-13.76881,-40.10272,DEL03-BA,Risco Médio,Alta
sábado,BR-163,75.4,Plena Noite,Crescente,Nublado,Simples,Não Informado,-26.67291,-53.51887,DEL07-SC,Risco Médio,Alta
terça-feira,BR-153,601.9,Plena Noite,Crescente,Chuva,Dupla,Reta,-17.5606,-49.2023,DEL03-GO,Risco Médio,Alta
sexta-feira,BR-277,5.0,Pleno dia,Decrescente,Céu Claro,Dupla,Reta,-25.55784,-48.56972,DEL01-PR,Risco Médio,Média
sábado,BR-242,591.0,Amanhecer,Decrescente,Céu Claro,Simples,Reta,-12.17022,-43.26419,DEL10-BA,Risco Médio,Baixa
quarta-feira,BR-316,52.9,Pleno dia,Crescente,Céu Claro,Dupla,Reta,-1.307325,-48.02587,DEL01-PA,Risco Baixo,Baixa
terça-feira,BR-459,10.9,Plena Noite,Crescente,Céu Claro,Simples,Reta,-21.82459,-46.4538,DEL09-MG,Risco Médio,Baixa
quinta-feira,BR-316,61.7,Pleno dia,Decrescente,Céu Claro,Dupla,Reta,-1.297005,-47.93309,DEL01-PA,Risco Médio,Baixa
segunda-feira,BR-364,108.7,Pleno dia,Crescente,Céu Claro,Simples,Reta,-12.22368,-60.68903,DEL04-RO,Risco Médio,Alta
quinta-feira,BR-262,371.2,Plena Noite,Crescente,Céu Claro,Dupla,Não Informado,-19.9537,-44.3708,DEL01-MG,Risco Alto,Média
quarta-feira,BR-146,519.8,Plena Noite,Decrescente,Céu Claro,Simples,Reta,-21.30148,-46.67005,DEL16-MG,Risco Médio,Baixa
terça-feira,BR-364,318.0,Anoitecer,Crescente,Céu Claro,Dupla,Curva,-15.82042,-55.3232,DEL02-MT,Risco Baixo,Alta
quarta-feira,BR-381,486.6,Pleno dia,Decrescente,Céu Claro,Dupla,Retorno Regulamentado,-19.95594,-44.11143,DEL01-MG,Risco Médio,Alta
domingo,BR-381,936.3,Pleno dia,Crescente,Sol,Dupla,Não Informado,-22.82915,-46.3147,DEL16-MG,Risco Médio,Alta
terça-feira,BR-116,288.0,Plena Noite,Crescente,Garoa/Chuvisco,Dupla,Reta,-23.71925,-46.88314,DEL04-SP,Risco Médio,Alta
sábado,BR-407,123.0,Plena Noite,Crescente,Céu Claro,Simples,Reta,-9.361492,-40.54594,DEL06-PE,Risco Médio,Baixa
sexta-feira,BR-40,749.1,Pleno dia,Decrescente,Céu Claro,Simples,Curva,-21.48374,-43.53793,DEL05-MG,Risco Baixo,Alta
domingo,BR-364,473.0,Pleno dia,Decrescente,Céu Claro,Simples,Reta,-10.18138,-62.81987,DEL03-RO,Risco Médio,Alta
quinta-feira,BR-235,52.5,Plena Noite,Decrescente,Céu Claro,Simples,Reta,-10.69328,-37.43756,DEL01-SE,Risco Alto,Baixa
terça-feira,BR-70,17.6,Pleno dia,Decrescente,Céu Claro,Dupla,Reta,-15.79413,-48.20209,DEL01-DF,Risco Médio,Baixa
sexta-feira,BR-163,970.0,Amanhecer,Decrescente,Chuva,Simples,Não Informado,-10.72551,-55.132,DEL06-MT,Risco Baixo,Alta
sábado,BR-277,194.3,Plena Noite,Decrescente,Céu Claro,Simples,Reta,-25.43177,-50.14955,DEL03-PR,Risco Baixo,Média
terça-feira,BR-365,436.0,Pleno dia,Decrescente,Céu Claro,Simples,Reta,-18.7783,-46.6891,DEL10-MG,Risco Baixo,Média
domingo,BR-80,13.7,Pleno dia,Crescente,Nublado,Simples,Não Informado,-15.72178,-48.19576,DEL01-DF,Risco Baixo,Baixa
quarta-feira,BR-116,152.0,Amanhecer,Decrescente,Garoa/Chuvisco,Simples,Interseção de vias,-25.83236,-49.3361,DEL01-PR,Risco Médio,Alta
sexta-feira,BR-230,16.0,Pleno dia,Crescente,Céu Claro,Dupla,Reta,-7.110079,-34.84322,DEL01-PB,Risco Médio,Baixa
quinta-feira,BR-101,112.5,Pleno dia,Crescente,Nublado,Dupla,Reta,-26.84589,-48.72131,DEL04-SC,Risco Médio,Alta
quinta-feira,BR-230,18.0,Amanhecer,Decrescente,Sol,Dupla,Não Informado,-7.128112,-34.84635,DEL01-PB,Risco Médio,Baixa
terça-feira,BR-101,322.0,Pleno dia,Decrescente,Nublado,Dupla,Reta,-22.87753,-43.11043,DEL02-RJ,Risco Médio,Alta
quarta-feira,BR-226,44.5,Plena Noite,Crescente,Céu Claro,Simples,Reta,-5.959585,-35.56449,DEL01-RN,Risco Médio,Baixa
domingo,BR-116,121.0,Pleno dia,Decrescente,Garoa/Chuvisco,Dupla,Reta,-23.07631,-45.65337,DEL06-SP,Risco Médio,Alta
sexta-feira,BR-116,397.0,Pleno dia,Decrescente,Nublado,Dupla,Curva,-24.29494,-47.47989,DEL04-SP,Risco Médio,Alta
quarta-feira,BR-116,620.7,Pleno dia,Decrescente,Sol,Simples,Reta,-32.23304,-53.06203,DEL07-RS,Risco Alto,Alta
quarta-feira,BR-364,348.0,Pleno dia,Decrescente,Céu Claro,Dupla,Reta,-15.80417,-55.5543,DEL02-MT,Risco Médio,Alta
domingo,BR-364,343.9,Plena Noite,Decrescente,Céu Claro,Múltipla,Reta,-10.87885,-61.94489,DEL02-RO,Risco Médio,Alta
quarta-feira,BR-282,532.5,Pleno dia,Decrescente,Sol,Simples,Reta,-26.99682,-52.61553,DEL07-SC,Risco Médio,Baixa
segunda-feira,BR-153,93.3,Plena Noite,Crescente,Nublado,Simples,Reta,-20.96642,-49.58846,DEL09-SP,Risco Alto,Alta
sábado,BR-282,524.0,Amanhecer,Crescente,Céu Claro,Simples,Curva,-26.97,-52.5769,DEL07-SC,Risco Médio,Baixa
domingo,BR-116,42.0,Amanhecer,Crescente,Céu Claro,Simples,Reta,-8.982499,-39.19894,DEL05-PE,Risco Baixo,Alta
sexta-feira,BR-392,119.0,Plena Noite,Decrescente,Céu Claro,Simples,Reta,-31.39895,-52.68469,DEL07-RS,Risco Médio,Média
segunda-feira,BR-116,435.3,Pleno dia,Decrescente,Nublado,Dupla,Reta,-24.48798,-47.84402,DEL05-SP,Risco Baixo,Alta
terça-feira,BR-101,249.2,Plena Noite,Crescente,Nublado,Simples,Reta,-20.07372,-40.35346,DEL02-ES,Risco Alto,Alta
quarta-feira,BR-232,100.0,Plena Noite,Crescente,Céu Claro,Simples,Reta,-8.237637,-35.74194,DEL01-PE,Risco Baixo,Baixa
sábado,BR-116,410.5,Pleno dia,Decrescente,Céu Claro,Simples,Reta,-12.12733,-38.96809,DEL02-BA,Risco Médio,Alta
segunda-feira,BR-101,119.9,Pleno dia,Crescente,Céu Claro,Dupla,Reta,-26.91687,-48.71063,DEL04-SC,Risco Baixo,Alta
domingo,BR-365,627.0,Pleno dia,Decrescente,Chuva,Dupla,Reta,-18.90359,-48.34362,DEL15-MG,Risco Baixo,Média
quinta-feira,BR-364,43.0,Pleno dia,Crescente,Céu Claro,Simples,Não Informado,-12.6168,-60.3403,DEL04-RO,Risco Médio,Alta
segunda-feira,BR-381,486.2,Plena Noite,Crescente,Céu Claro,Dupla,Reta,-19.95586,-44.10822,DEL01-MG,Risco Alto,Alta
quarta-feira,BR-316,6.7,Plena Noite,Decrescente,Ignorado,Simples,Reta,-7.474232,-40.61678,DEL05-PE,Risco Médio,Baixa
domingo,BR-101,162.5,Pleno dia,Decrescente,Céu Claro,Simples,Reta,-27.22554,-48.62794,DEL04-SC,Risco Médio,Alta
sexta-feira,BR-60,88.4,Plena Noite,Decrescente,Céu Claro,Dupla,Retorno Regulamentado,-16.3315,-48.8885,DEL02-GO,Risco Baixo,Média
sábado,BR-369,189.0,Plena Noite,Crescente,Céu Claro,Dupla,Reta,-23.44809,-51.42335,DEL07-PR,Risco Médio,Baixa
sexta-feira,BR-280,79.0,Pleno dia,Decrescente,Nublado,Simples,Reta,-26.44657,-49.20158,DEL06-SC,Risco Médio,Baixa
domingo,BR-163,68.7,Plena Noite,Crescente,Céu Claro,Dupla,Curva,-26.73218,-53.51024,DEL07-SC,Risco Médio,Alta
sexta-feira,BR-101,313.0,Pleno dia,Crescente,Céu Claro,Dupla,Reta,-22.81014,-43.06951,DEL02-RJ,Risco Médio,Alta
sábado,BR-40,506.0,Pleno dia,Crescente,Chuva,Dupla,Reta,-19.7573,-44.139,DEL02-MG,Risco Médio,Alta
quarta-feira,BR-393,168.0,Plena Noite,Crescente,Céu Claro,Simples,Reta,-22.12104,-43.16424,DEL06-RJ,Risco Baixo,Média
sexta-feira,BR-365,623.0,Plena Noite,Decrescente,Céu Claro,Múltipla,Reta,-18.90476,-48.28639,DEL15-MG,Risco Baixo,Média
sexta-feira,BR-262,442.9,Anoitecer,Decrescente,Céu Claro,Simples,Desvio Temporário,-20.52654,-55.39982,DEL03-MS,Risco Médio,Média
terça-feira,BR-20,10.2,Pleno dia,Crescente,Céu Claro,Dupla,Retorno Regulamentado,-15.65024,-47.77387,DEL02-DF,Risco Baixo,Baixa
terça-feira,BR-116,556.0,Plena Noite,Crescente,Nublado,Simples,Curva,-25.03652,-48.52822,DEL05-SP,Risco Médio,Alta
segunda-feira,BR-101,328.0,Pleno dia,Crescente,Céu Claro,Múltipla,Reta,-22.87029,-43.1658,DEL02-RJ,Risco Médio,Alta
sábado,BR-393,284.2,Pleno dia,Crescente,Céu Claro,Simples,Reta,-22.47342,-44.05991,DEL05-RJ,Risco Médio,Média
sexta-feira,BR-230,158.5,Pleno dia,Crescente,Céu Claro,Simples,Reta,-7.257466,-35.92752,DEL02-PB,Risco Médio,Baixa
quinta-feira,BR-262,7.0,Pleno dia,Decrescente,Nublado,Múltipla,Reta,-20.34284,-40.40435,DEL01-ES,Risco Médio,Média
sábado,BR-251,475.2,Anoitecer,Crescente,Chuva,Simples,Reta,-16.4701,-43.4471,DEL12-MG,Risco Baixo,Baixa
terça-feira,BR-101,141.0,Plena Noite,Decrescente,Nublado,Múltipla,Reta,-19.33295,-40.06856,DEL04-ES,Risco Médio,Alta
sábado,BR-101,97.5,Anoitecer,Crescente,Nublado,Dupla,Reta,-26.7409,-48.6983,DEL03-SC,Risco Médio,Alta
sexta-feira,BR-222,296.0,Anoitecer,Crescente,Céu Claro,Simples,Reta,-3.660643,-40.91617,DEL04-CE,Risco Médio,Baixa
terça-feira,BR-60,4.3,Plena Noite,Crescente,Céu Claro,Dupla,Retorno Regulamentado,-15.89272,-48.09574,DEL01-DF,Risco Baixo,Média
domingo,BR-226,77.6,Plena Noite,Decrescente,Garoa/Chuvisco,Simples,Reta,-5.302929,-43.72009,DEL03-MA,Risco Baixo,Baixa
domingo,BR-40,569.0,Plena Noite,Crescente,Nevoeiro/Neblina,Simples,Não Informado,-20.2131,-43.9726,DEL01-MG,Risco Médio,Alta
sábado,BR-226,6.1,Pleno dia,Crescente,Nublado,Simples,Curva,-5.821392,-35.27814,DEL01-RN,Risco Médio,Baixa
sexta-feira,BR-369,146.0,Pleno dia,Crescente,Céu Claro,Dupla,Não Informado,-23.29307,-51.12384,DEL07-PR,Risco Baixo,Baixa
sexta-feira,BR-470,71.0,Pleno dia,Crescente,Céu Claro,Simples,Reta,-26.89524,-49.2621,DEL04-SC,Risco Médio,Baixa
terça-feira,BR-381,510.2,Pleno dia,Decrescente,Céu Claro,Dupla,Reta,-20.05648,-44.28635,DEL01-MG,Risco Médio,Alta
sábado,BR-101,32.6,Amanhecer,Crescente,Nublado,Múltipla,Reta,-26.24974,-48.909,DEL03-SC,Risco Alto,Alta
quinta-feira,BR-418,51.0,Pleno dia,Crescente,Sol,Simples,Reta,-17.73427,-39.5532,DEL09-BA,Risco Médio,Baixa
domingo,BR-101,8.8,Plena Noite,Decrescente,Céu Claro,Dupla,Reta,-8.937163,-35.65428,DEL01-AL,Risco Médio,Alta
sexta-feira,BR-230,14.8,Pleno dia,Crescente,Céu Claro,Dupla,Reta,-7.0844,-34.8488,DEL01-PB,Risco Médio,Baixa
quarta-feira,BR-50,79.0,Plena Noite,Decrescente,Céu Claro,Dupla,Reta,-18.95517,-48.21681,DEL15-MG,Risco Médio,Média
segunda-feira,BR-40,523.5,Plena Noite,Decrescente,Nublado,Dupla,Reta,-19.86875,-44.05962,DEL01-MG,Risco Médio,Alta
quarta-feira,BR-10,130.0,Plena Noite,Crescente,Garoa/Chuvisco,Simples,Não Informado,-3.303611,-47.46416,DEL02-PA,Risco Alto,Baixa
sexta-feira,BR-101,210.6,Plena Noite,Decrescente,Nublado,Dupla,Reta,-27.62082,-48.64966,DEL01-SC,Risco Médio,Alta
terça-feira,BR-101,283.0,Pleno dia,Crescente,Céu Claro,Dupla,Reta,-20.24134,-40.36979,DEL01-ES,Risco Médio,Alta
quarta-feira,BR-101,255.5,Pleno dia,Crescente,Nublado,Simples,Reta,-20.118,-40.31342,DEL02-ES,Risco Médio,Alta
segunda-feira,BR-153,310.6,Amanhecer,Decrescente,Chuva,Simples,Ponte,-15.38775,-49.55048,DEL02-GO,Risco Médio,Alta
domingo,BR-235,31.0,Plena Noite,Decrescente,Céu Claro,Dupla,Rotatória,-10.16105,-37.95004,DEL01-SE,Risco Médio,Baixa
quarta-feira,BR-116,346.7,Pleno dia,Crescente,Nublado,Dupla,Curva,-24.04626,-47.19684,DEL04-SP,Risco Médio,Alta
quinta-feira,BR-272,406.0,Pleno dia,Crescente,Chuva,Simples,Curva,-24.11773,-52.74501,DEL09-PR,Risco Médio,Baixa
sexta-feira,BR-40,9.4,Pleno dia,Crescente,Sol,Dupla,Reta,-16.12678,-47.96072,DEL01-DF,Risco Baixo,Alta
sexta-feira,BR-116,549.7,Pleno dia,Decrescente,Céu Claro,Dupla,Curva,-24.96696,-48.46523,DEL05-SP,Risco Médio,Alta
sábado,BR-101,35.6,Pleno dia,Decrescente,Céu Claro,Simples,Não Informado,-11.81933,-37.97719,DEL02-SE,Risco Médio,Alta
domingo,BR-40,549.0,Pleno dia,Crescente,Céu Claro,Dupla,Reta,-20.03972,-43.96703,DEL01-MG,Risco Médio,Alta
segunda-feira,BR-101,385.0,Pleno dia,Crescente,Chuva,Simples,Curva,-14.00704,-39.44549,DEL05-BA,Risco Médio,Alta
domingo,BR-101,128.0,Pleno dia,Decrescente,Nublado,Dupla,Reta,-26.97284,-48.68299,DEL04-SC,Risco Médio,Alta
sexta-feira,BR-116,510.5,Pleno dia,Crescente,Céu Claro,Simples,Reta,-19.646,-42.10835,DEL06-MG,Risco Médio,Alta
terça-feira,BR-101,336.8,Pleno dia,Decrescente,Céu Claro,Dupla,Curva,-28.4787,-49.03287,DEL02-SC,Risco Médio,Alta