dia_semana,br,km,fase_dia,sentido_via,condicao_metereologica,tipo_pista,tracado_via,latitude,longitude,delegacia,classificacao_acidente,postos_policiais_PRF
sábado,BR-116,587.0,Anoitecer,Crescente,Céu Claro,Simples,Reta,-20.2392,-42.1601,DEL06-MG,Risco Médio,Alta
quinta-feira,BR-116,111.9,Pleno dia,Decrescente,Garoa/Chuvisco,Dupla,Reta,-23.03887,-45.56097,DEL06-SP,Risco Médio,Alta
sexta-feira,BR-277,1.0,Plena Noite,Decrescente,Chuva,Simples,Reta,-25.53083,-48.54898,DEL01-PR,Risco Médio,Média
terça-feira,BR-116,371.7,Pleno dia,Decrescente,Céu Claro,Simples,Reta,-6.38417,-38.81667,DEL05-CE,Risco Médio,Alta
domingo,BR-101,103.3,Plena Noite,Decrescente,Céu Claro,Dupla,Reta,-26.7931,-48.6806,DEL03-SC,Risco Baixo,Alta
domingo,BR-104,37.8,Plena Noite,Crescente,Céu Claro,Simples,Reta,-9.179741,-36.03424,DEL01-AL,Risco Baixo,Baixa
quinta-feira,BR-407,105.5,Pleno dia,Decrescente,Sol,Simples,Reta,-10.27224,-40.17748,DEL04-BA,Risco Baixo,Baixa
sábado,BR-101,214.5,Pleno dia,Crescente,Nublado,Múltipla,Reta,-27.64443,-48.67057,DEL01-SC,Risco Médio,Alta
domingo,BR-381,75.0,Plena Noite,Decrescente,Chuva,Dupla,Curva,-23.38584,-46.56472,DEL03-SP,Risco Médio,Alta
sábado,BR-116,117.0,Pleno dia,Decrescente,Nublado,Dupla,Reta,-25.56157,-49.30801,DEL01-PR,Risco Médio,Alta
terça-feira,BR-101,213.6,Pleno dia,Crescente,Sol,Múltipla,Reta,-27.6446,-48.6705,DEL01-SC,Risco Médio,Alta
domingo,BR-230,81.9,Pleno dia,Decrescente,Céu Claro,Simples,Curva,-6.79008,-39.31355,DEL05-CE,Risco Alto,Baixa
domingo,BR-101,275.0,Plena Noite,Decrescente,Ignorado,Simples,Reta,-22.73653,-42.72909,DEL02-RJ,Risco Baixo,Alta
sexta-feira,BR-153,280.0,Pleno dia,Crescente,Céu Claro,Simples,Reta,-15.13481,-49.51844,DEL07-GO,Risco Baixo,Alta
segunda-feira,BR-472,574.0,Pleno dia,Decrescente,Céu Claro,Simples,Reta,-29.76371,-57.05022,DEL13-RS,Risco Médio,Baixa
quinta-feira,BR-423,76.8,Plena Noite,Crescente,Céu Claro,Simples,Reta,-9.318615,-37.95147,DEL03-AL,Risco Alto,Baixa
sábado,BR-101,44.0,Pleno dia,Crescente,Céu Claro,Múltipla,Reta,-7.85637,-34.90842,DEL01-PE,Risco Médio,Alta
domingo,BR-50,205.0,Pleno dia,Crescente,Céu Claro,Simples,Reta,-19.92627,-47.82191,DEL13-MG,Risco Médio,Média
quarta-feira,BR-101,281.0,Pleno dia,Crescente,Chuva,Dupla,Reta,-22.73786,-42.78693,DEL02-RJ,Risco Médio,Alta
terça-feira,BR-365,11.2,Pleno dia,Crescente,Chuva,Simples,Reta,-16.83941,-43.96034,DEL12-MG,Risco Médio,Média
domingo,BR-116,221.0,Pleno dia,Decrescente,Céu Claro,Múltipla,Reta,-23.46802,-46.50705,DEL01-SP,Risco Médio,Alta
terça-feira,BR-381,68.0,Plena Noite,Decrescente,Céu Claro,Dupla,Curva,-23.34044,-46.57434,DEL03-SP,Risco Médio,Alta
terça-feira,BR-116,96.0,Plena Noite,Crescente,Nublado,Dupla,Não Informado,-25.50485,-49.12323,DEL01-PR,Risco Médio,Alta
sábado,BR-285,307.2,Pleno dia,Decrescente,Céu Claro,Simples,Curva,-28.23565,-52.52513,DEL08-RS,Risco Médio,Baixa
domingo,BR-50,233.0,Pleno dia,Decrescente,Céu Claro,Dupla,Não Informado,-17.8272,-47.7732,DEL06-GO,Risco Médio,Média
segunda-feira,BR-101,96.0,Pleno dia,Crescente,Nublado,Múltipla,Reta,-5.849496,-35.20891,DEL01-RN,Risco Médio,Alta
quinta-feira,BR-116,135.9,Plena Noite,Crescente,Céu Claro,Simples,Reta,-26.92904,-50.43458,DEL06-SC,Risco Médio,Alta
quinta-feira,BR-277,538.5,Plena Noite,Crescente,Céu Claro,Simples,Curva,-25.10657,-53.02873,DEL04-PR,Risco Baixo,Média
quarta-feira,BR-324,614.0,Anoitecer,Crescente,Céu Claro,Dupla,Reta,-12.86398,-38.4237,DEL01-BA,Risco Médio,Baixa
quarta-feira,BR-101,85.0,Pleno dia,Decrescente,Céu Claro,Dupla,Ponte,-5.777664,-35.24937,DEL02-RN,Risco Médio,Alta
domingo,BR-116,206.6,Plena Noite,Crescente,Céu Claro,Dupla,Reta,-23.41723,-46.3751,DEL01-SP,Risco Baixo,Alta
sexta-feira,BR-163,924.0,Plena Noite,Decrescente,Céu Claro,Simples,Reta,-11.0618,-55.2773,DEL06-MT,Risco Médio,Alta
domingo,BR-392,25.5,Plena Noite,Crescente,Nublado,Dupla,Curva,-32.08157,-52.24714,DEL07-RS,Risco Médio,Média
quinta-feira,BR-232,67.0,Pleno dia,Decrescente,Céu Claro,Dupla,Desvio Temporário,-8.16728,-35.46431,DEL02-PE,Risco Baixo,Baixa
quarta-feira,BR-101,129.0,Plena Noite,Decrescente,Chuva,Dupla,Curva,-26.98064,-48.67907,DEL04-SC,Risco Médio,Alta
sábado,BR-316,223.2,Pleno dia,Crescente,Céu Claro,Simples,Curva,-9.47069,-36.17244,DEL01-AL,Risco Médio,Baixa
sexta-feira,BR-116,97.3,Plena Noite,Crescente,Céu Claro,Simples,Reta,-4.510503,-38.35148,DEL03-CE,Risco Médio,Alta
domingo,BR-232,178.5,Plena Noite,Decrescente,Chuva,Simples,Não Informado,-8.34522,-36.41654,DEL02-PE,Risco Médio,Baixa
sábado,BR-101,144.3,Plena Noite,Decrescente,Céu Claro,Simples,Reta,-19.39159,-40.07256,DEL04-ES,Risco Médio,Alta
domingo,BR-101,69.2,Plena Noite,Decrescente,Céu Claro,Dupla,Reta,-7.06,-35.0214,DEL01-PB,Risco Alto,Alta
domingo,BR-376,431.0,Amanhecer,Decrescente,Chuva,Simples,Viaduto,-24.79929,-50.49506,DEL03-PR,Risco Baixo,Baixa
terça-feira,BR-324,4.0,Pleno dia,Crescente,Nublado,Dupla,Viaduto,-12.97156,-38.51115,DEL01-BA,Risco Alto,Baixa
sexta-feira,BR-40,546.0,Plena Noite,Crescente,Céu Claro,Dupla,Reta,-20.0161,-43.9703,DEL01-MG,Risco Médio,Alta
terça-feira,BR-60,350.0,Pleno dia,Decrescente,Céu Claro,Dupla,Reta,-17.5808,-50.6926,DEL04-GO,Risco Médio,Média
segunda-feira,BR-40,443.4,Anoitecer,Crescente,Chuva,Dupla,Não Informado,-19.28738,-44.41424,DEL02-MG,Risco Médio,Alta
sábado,BR-343,306.9,Plena Noite,Decrescente,Céu Claro,Dupla,Reta,-5.038756,-42.45089,DEL01-PI,Risco Médio,Baixa
quarta-feira,BR-101,50.9,Amanhecer,Decrescente,Céu Claro,Dupla,Não Informado,-6.922503,-35.1082,DEL01-PB,Risco Médio,Alta
sexta-feira,BR-174,502.0,Pleno dia,Crescente,Céu Claro,Dupla,Rotatória,2.787376,-60.69952,DEL01-RR,Risco Médio,Baixa
quarta-feira,BR-50,29.7,Pleno dia,Crescente,Nublado,Dupla,Não Informado,-18.62034,-48.11087,DEL15-MG,Risco Médio,Média
quarta-feira,BR-487,126.3,Plena Noite,Crescente,Céu Claro,Simples,Não Informado,-23.87015,-52.86695,DEL04-PR,Risco Médio,Baixa
domingo,BR-110,267.0,Plena Noite,Decrescente,Garoa/Chuvisco,Simples,Reta,-11.62199,-38.30115,DEL01-BA,Risco Alto,Baixa
terça-feira,BR-116,540.0,Plena Noite,Decrescente,Nevoeiro/Neblina,Simples,Reta,-24.96816,-48.3916,DEL05-SP,Risco Alto,Alta
sexta-feira,BR-163,926.0,Plena Noite,Decrescente,Céu Claro,Simples,Reta,-11.08777,-55.29,DEL06-MT,Risco Alto,Alta
domingo,BR-369,31.0,Plena Noite,Crescente,Céu Claro,Simples,Reta,-23.04125,-50.18613,DEL07-PR,Risco Médio,Baixa
sábado,BR-163,21.1,Plena Noite,Decrescente,Céu Claro,Simples,Não Informado,-23.91838,-54.28944,DEL09-MS,Risco Médio,Alta
domingo,BR-282,506.8,Plena Noite,Crescente,Céu Claro,Dupla,Rotatória,-26.88571,-52.42907,DEL07-SC,Risco Médio,Baixa
sexta-feira,BR-116,262.0,Anoitecer,Crescente,Nublado,Dupla,Reta,-29.89647,-51.17593,DEL01-RS,Risco Médio,Alta
domingo,BR-101,113.0,Pleno dia,Decrescente,Céu Claro,Dupla,Reta,-5.973247,-35.26489,DEL01-RN,Risco Médio,Alta
segunda-feira,BR-60,137.0,Plena Noite,Crescente,Chuva,Dupla,Curva,-16.603,-49.2023,DEL01-GO,Risco Baixo,Média
quarta-feira,BR-364,338.9,Amanhecer,Crescente,Céu Claro,Múltipla,Retorno Regulamentado,-10.90922,-61.93018,DEL02-RO,Risco Médio,Alta
segunda-feira,BR-369,163.8,Pleno dia,Crescente,Céu Claro,Dupla,Reta,-23.29575,-51.28374,DEL07-PR,Risco Médio,Baixa
quarta-feira,BR-393,133.0,Pleno dia,Decrescente,Céu Claro,Simples,Não Informado,-21.99008,-42.90502,DEL06-RJ,Risco Médio,Média
segunda-feira,BR-101,281.0,Plena Noite,Crescente,Chuva,Dupla,Reta,-28.18794,-48.69652,DEL02-SC,Risco Baixo,Alta
quarta-feira,BR-116,210.3,Pleno dia,Crescente,Céu Claro,Simples,Rotatória,-26.07981,-49.76935,DEL06-SC,Risco Médio,Alta
domingo,BR-101,371.0,Amanhecer,Decrescente,Céu Claro,Simples,Curva,-13.7889,-39.4943,DEL05-BA,Risco Médio,Alta
domingo,BR-163,1003.0,Plena Noite,Decrescente,Céu Claro,Simples,Reta,-2.443245,-54.7311,DEL05-PA,Risco Médio,Alta
domingo,BR-101,24.8,Plena Noite,Crescente,Chuva,Dupla,Reta,-26.17483,-48.90768,DEL03-SC,Risco Médio,Alta
sexta-feira,BR-116,192.9,Pleno dia,Crescente,Céu Claro,Simples,Curva,-17.17972,-41.49345,DEL11-MG,Risco Alto,Alta
quarta-feira,BR-50,185.0,Pleno dia,Crescente,Sol,Dupla,Reta,-19.8219,-47.8925,DEL13-MG,Risco Médio,Média
terça-feira,BR-70,10.0,Amanhecer,Decrescente,Céu Claro,Dupla,Reta,-15.78707,-48.14071,DEL01-DF,Risco Médio,Baixa
domingo,BR-116,93.0,Plena Noite,Decrescente,Céu Claro,Dupla,Reta,-25.5166,-49.1316,DEL01-PR,Risco Médio,Alta
quarta-feira,BR-101,521.0,Plena Noite,Crescente,Ignorado,Simples,Reta,-14.93982,-39.30381,DEL05-BA,Risco Médio,Alta
quinta-feira,BR-163,255.4,Pleno dia,Crescente,Céu Claro,Dupla,Reta,-22.26363,-54.80689,DEL04-MS,Risco Médio,Alta
terça-feira,BR-343,345.5,Pleno dia,Crescente,Céu Claro,Simples,Interseção de vias,-5.106091,-42.76818,DEL01-PI,Risco Médio,Baixa
sexta-feira,BR-364,364.0,Plena Noite,Decrescente,Céu Claro,Dupla,Reta,-15.76687,-55.6552,DEL01-MT,Risco Alto,Alta
quinta-feira,BR-116,72.0,Pleno dia,Crescente,Céu Claro,Simples,Curva,-22.33623,-42.93866,DEL04-RJ,Risco Alto,Alta
terça-feira,BR-423,136.0,Plena Noite,Decrescente,Nublado,Simples,Reta,-8.965083,-36.79997,DEL03-PE,Risco Alto,Baixa
quarta-feira,BR-20,417.6,Plena Noite,Decrescente,Céu Claro,Dupla,Interseção de vias,-3.842208,-38.59414,DEL01-CE,Risco Médio,Baixa
sábado,BR-70,300.0,Pleno dia,Decrescente,Céu Claro,Simples,Reta,-15.5756,-54.5068,DEL05-MT,Risco Baixo,Baixa
quinta-feira,BR-135,4.0,Pleno dia,Crescente,Céu Claro,Dupla,Reta,-2.614249,-44.25257,DEL01-MA,Risco Médio,Baixa
sexta-feira,BR-381,547.0,Plena Noite,Decrescente,Nublado,Dupla,Não Informado,-20.2843,-44.4322,DEL04-MG,Risco Médio,Alta
domingo,BR-101,216.1,Plena Noite,Crescente,Céu Claro,Dupla,Reta,-27.65981,-48.67748,DEL01-SC,Risco Médio,Alta
sexta-feira,BR-282,502.6,Pleno dia,Decrescente,Sol,Dupla,Rotatória,-26.8855,-52.39348,DEL07-SC,Risco Médio,Baixa
sexta-feira,BR-40,2.6,Pleno dia,Crescente,Céu Claro,Dupla,Reta,-15.99435,-47.98595,DEL01-DF,Risco Baixo,Alta
quarta-feira,BR-280,194.8,Amanhecer,Crescente,Céu Claro,Simples,Não Informado,-26.17983,-50.01576,DEL06-SC,Risco Médio,Baixa
sexta-feira,BR-163,895.0,Pleno dia,Crescente,Céu Claro,Simples,Desvio Temporário,-11.47851,-55.36132,DEL06-MT,Risco Médio,Alta
sexta-feira,BR-381,87.0,Pleno dia,Decrescente,Céu Claro,Dupla,Reta,-23.47113,-46.56532,DEL03-SP,Risco Médio,Alta
domingo,BR-70,53.0,Plena Noite,Crescente,Céu Claro,Simples,Reta,-15.71707,-52.63858,DEL07-MT,Risco Médio,Baixa
sexta-feira,BR-158,571.0,Plena Noite,Crescente,Céu Claro,Simples,Interseção de vias,-14.0814,-52.15734,DEL07-MT,Risco Médio,Baixa
quarta-feira,BR-101,484.0,Pleno dia,Decrescente,Nublado,Simples,Reta,-22.99096,-44.3043,DEL03-RJ,Risco Médio,Alta
quinta-feira,BR-60,41.9,Pleno dia,Decrescente,Sol,Dupla,Curva,-16.11004,-48.58257,DEL02-GO,Risco Baixo,Média
sábado,BR-230,8.0,Pleno dia,Crescente,Céu Claro,Dupla,Reta,-7.0355,-34.8429,DEL01-PB,Risco Baixo,Baixa
sexta-feira,BR-101,429.4,Pleno dia,Crescente,Nublado,Simples,Não Informado,-22.93754,-44.01435,DEL03-RJ,Risco Alto,Alta
sexta-feira,BR-423,99.7,Pleno dia,Decrescente,Chuva,Simples,Desvio Temporário,-9.378612,-38.13698,DEL07-BA,Risco Médio,Baixa
terça-feira,BR-324,588.1,Plena Noite,Crescente,Céu Claro,Dupla,Reta,-12.66804,-38.47015,DEL01-BA,Risco Médio,Baixa
quinta-feira,BR-153,321.3,Anoitecer,Crescente,Céu Claro,Simples,Não Informado,-25.38002,-50.62271,DEL03-PR,Risco Médio,Alta
domingo,BR-70,412.0,Pleno dia,Decrescente,Céu Claro,Simples,Curva,-15.85964,-51.6069,DEL04-GO,Risco Médio,Baixa
sábado,BR-452,47.7,Pleno dia,Crescente,Céu Claro,Simples,Interseção de vias,-17.95924,-50.49632,DEL04-GO,Risco Baixo,Baixa
sexta-feira,BR-116,93.0,Pleno dia,Decrescente,Sol,Dupla,Reta,-25.51077,-49.12722,DEL01-PR,Risco Médio,Alta
quarta-feira,BR-423,112.7,Pleno dia,Decrescente,Céu Claro,Simples,Reta,-8.895296,-36.62528,DEL03-PE,Risco Baixo,Baixa
sexta-feira,BR-101,270.5,Pleno dia,Decrescente,Céu Claro,Dupla,Reta,-20.22662,-40.27075,DEL02-ES,Risco Médio,Alta
sábado,BR-116,416.8,Plena Noite,Decrescente,Céu Claro,Simples,Curva,-18.89215,-41.947,DEL06-MG,Risco Baixo,Alta
segunda-feira,BR-116,178.0,Plena Noite,Decrescente,Céu Claro,Dupla,Reta,-22.7484,-43.4433,DEL01-RJ,Risco Médio,Alta
terça-feira,BR-293,37.0,Pleno dia,Crescente,Céu Claro,Simples,Reta,-31.73925,-52.69365,DEL07-RS,Risco Médio,Baixa
quinta-feira,BR-101,62.0,Plena Noite,Crescente,Céu Claro,Simples,Curva,-18.69026,-39.86156,DEL04-ES,Risco Médio,Alta
terça-feira,BR-262,103.9,Plena Noite,Crescente,Céu Claro,Múltipla,Reta,-20.33177,-41.12939,DEL01-ES,Risco Baixo,Média
domingo,BR-116,251.8,Plena Noite,Decrescente,Céu Claro,Simples,Não Informado,-17.65138,-41.49335,DEL11-MG,Risco Médio,Alta
domingo,BR-423,80.9,Plena Noite,Crescente,Céu Claro,Simples,Reta,-8.766228,-36.42896,DEL03-PE,Risco Médio,Baixa
segunda-feira,BR-381,728.5,Pleno dia,Decrescente,Chuva,Dupla,Não Informado,-21.52361,-45.22482,DEL04-MG,Risco Médio,Alta
sábado,BR-101,296.0,Plena Noite,Crescente,Chuva,Dupla,Reta,-20.3403,-40.40406,DEL01-ES,Risco Médio,Alta
domingo,BR-226,163.5,Pleno dia,Crescente,Céu Claro,Simples,Não Informado,-6.213212,-36.42311,DEL03-RN,Risco Baixo,Baixa
sexta-feira,BR-116,484.0,Pleno dia,Decrescente,Céu Claro,Dupla,Reta,-24.72231,-48.06251,DEL05-SP,Risco Médio,Alta
terça-feira,BR-324,614.0,Pleno dia,Decrescente,Sol,Dupla,Reta,-12.86398,-38.4237,DEL01-BA,Risco Médio,Baixa
domingo,BR-101,78.0,Pleno dia,Crescente,Sol,Dupla,Retorno Regulamentado,-5.746599,-35.28978,DEL02-RN,Risco Baixo,Alta
segunda-feira,BR-262,222.0,Plena Noite,Crescente,Céu Claro,Simples,Reta,-20.47033,-53.59579,DEL07-MS,Risco Baixo,Média
segunda-feira,BR-262,367.8,Pleno dia,Decrescente,Sol,Simples,Reta,-20.47854,-54.75962,DEL01-MS,Risco Médio,Média
sábado,BR-116,38.7,Pleno dia,Decrescente,Céu Claro,Simples,Interseção de vias,-28.51057,-50.93108,DEL05-RS,Risco Baixo,Alta
terça-feira,BR-40,138.9,Pleno dia,Decrescente,Céu Claro,Simples,Reta,-16.9519,-47.29771,DEL01-DF,Risco Médio,Alta
quarta-feira,BR-101,38.9,Plena Noite,Crescente,Céu Claro,Dupla,Reta,-26.30078,-48.88339,DEL03-SC,Risco Médio,Alta
segunda-feira,BR-262,87.6,Plena Noite,Decrescente,Céu Claro,Simples,Reta,-20.33321,-42.43765,DEL03-MG,Risco Alto,Média
segunda-feira,BR-282,3.5,Pleno dia,Crescente,Nublado,Dupla,Reta,-27.60343,-48.58815,DEL01-SC,Risco Médio,Baixa
domingo,BR-101,401.5,Plena Noite,Crescente,Céu Claro,Dupla,Reta,-28.86313,-49.44581,DEL02-SC,Risco Baixo,Alta
domingo,BR-222,258.1,Plena Noite,Decrescente,Céu Claro,Simples,Reta,-3.5775,-44.60175,DEL01-MA,Risco Médio,Baixa
segunda-feira,BR-116,133.8,Pleno dia,Decrescente,Céu Claro,Dupla,Reta,-23.13596,-45.75327,DEL06-SP,Risco Médio,Alta
sábado,BR-50,47.0,Plena Noite,Decrescente,Céu Claro,Dupla,Curva,-18.728,-48.20659,DEL15-MG,Risco Médio,Média
segunda-feira,BR-101,19.7,Pleno dia,Decrescente,Nublado,Dupla,Reta,-7.654034,-34.94408,DEL01-PE,Risco Alto,Alta
terça-feira,BR-101,17.0,Pleno dia,Crescente,Céu Claro,Dupla,Não Informado,-10.33832,-36.89396,DEL02-SE,Risco Baixo,Alta
sexta-feira,BR-324,621.6,Pleno dia,Crescente,Sol,Dupla,Curva,-12.9252,-38.4684,DEL01-BA,Risco Médio,Baixa
quinta-feira,BR-393,279.0,Pleno dia,Decrescente,Céu Claro,Simples,Reta,-22.47616,-44.0089,DEL05-RJ,Risco Médio,Média
sexta-feira,BR-448,2.0,Pleno dia,Crescente,Céu Claro,Dupla,Reta,-29.84409,-51.19248,DEL01-RS,Risco Médio,Baixa
sexta-feira,BR-381,801.4,Plena Noite,Crescente,Céu Claro,Múltipla,Não Informado,-21.98436,-45.64718,DEL16-MG,Risco Médio,Alta
domingo,BR-116,488.7,Plena Noite,Decrescente,Céu Claro,Simples,Reta,-24.74184,-48.11462,DEL05-SP,Risco Baixo,Alta
quinta-feira,BR-40,113.0,Pleno dia,Crescente,Céu Claro,Dupla,Viaduto,-22.71036,-43.29032,DEL01-RJ,Risco Médio,Alta
segunda-feira,BR-153,75.5,Pleno dia,Crescente,Céu Claro,Dupla,Curva,-20.89722,-49.43827,DEL09-SP,Risco Baixo,Alta
sábado,BR-364,417.0,Pleno dia,Crescente,Nublado,Simples,Reta,-10.49205,-62.42765,DEL03-RO,Risco Médio,Alta
sexta-feira,BR-135,350.0,Pleno dia,Crescente,Sol,Simples,Reta,-9.077715,-44.33726,DEL03-PI,Risco Baixo,Baixa
domingo,BR-101,226.7,Anoitecer,Decrescente,Nublado,Dupla,Reta,-27.74037,-48.63874,DEL01-SC,Risco Médio,Alta
domingo,BR-101,206.9,Pleno dia,Crescente,Céu Claro,Múltipla,Reta,-27.59194,-48.61825,DEL01-SC,Risco Médio,Alta
terça-feira,BR-324,626.0,Plena Noite,Crescente,Céu Claro,Simples,Curva,-12.9645,-38.47713,DEL01-BA,Risco Baixo,Baixa
domingo,BR-210,3.6,Amanhecer,Crescente,Garoa/Chuvisco,Dupla,Reta,0.08788523,-51.09142,DEL01-AP,Risco Médio,Baixa
segunda-feira,BR-101,106.7,Pleno dia,Crescente,Céu Claro,Dupla,Reta,-5.91863,-35.26407,DEL01-RN,Risco Médio,Alta
quarta-feira,BR-406,45.0,Pleno dia,Decrescente,Chuva,Simples,Reta,-5.292787,-36.26905,DEL02-RN,Risco Alto,Baixa
sábado,BR-40,670.0,Plena Noite,Decrescente,Céu Claro,Simples,Reta,-20.96696,-43.78632,DEL05-MG,Risco Médio,Alta
sexta-feira,BR-285,501.2,Pleno dia,Crescente,Sol,Simples,Reta,-28.38784,-54.31701,DEL10-RS,Risco Médio,Baixa
quarta-feira,BR-319,63.8,Plena Noite,Crescente,Céu Claro,Dupla,Não Informado,-8.766685,-63.88405,DEL01-RO,Risco Médio,Baixa
domingo,BR-381,75.0,Pleno dia,Decrescente,Chuva,Dupla,Curva,-23.38107,-46.56281,DEL03-SP,Risco Baixo,Alta
segunda-feira,BR-116,605.7,Pleno dia,Crescente,Céu Claro,Simples,Reta,-20.36997,-42.14797,DEL06-MG,Risco Médio,Alta
sábado,BR-476,136.0,Amanhecer,Decrescente,Nublado,Dupla,Reta,-25.4961,-49.27548,DEL01-PR,Risco Médio,Baixa
sexta-feira,BR-116,146.3,Pleno dia,Decrescente,Nublado,Múltipla,Reta,-23.19591,-45.8717,DEL02-SP,Risco Médio,Alta
quarta-feira,BR-277,5.0,Amanhecer,Crescente,Céu Claro,Dupla,Reta,-25.5075,-54.5838,DEL05-PR,Risco Médio,Média
quinta-feira,BR-101,300.0,Plena Noite,Crescente,Céu Claro,Dupla,Reta,-22.77646,-42.94784,DEL02-RJ,Risco Baixo,Alta
domingo,BR-470,125.0,Pleno dia,Crescente,Nublado,Simples,Reta,-27.12051,-49.53495,DEL04-SC,Risco Baixo,Baixa
sexta-feira,BR-222,672.0,Pleno dia,Crescente,Sol,Simples,Reta,-4.925081,-47.43822,DEL04-MA,Risco Médio,Baixa
quinta-feira,BR-110,370.0,Plena Noite,Crescente,Céu Claro,Simples,Reta,-12.37868,-38.38371,DEL01-BA,Risco Médio,Baixa
sexta-feira,BR-101,25.2,Pleno dia,Crescente,Sol,Simples,Reta,-5.331643,-35.40281,DEL02-RN,Risco Alto,Alta
segunda-feira,BR-452,179.0,Plena Noite,Crescente,Nublado,Simples,Reta,-18.37027,-49.36134,DEL03-GO,Risco Baixo,Baixa
quinta-feira,BR-174,263.0,Plena Noite,Crescente,Céu Claro,Simples,Reta,-15.4004,-59.1454,DEL04-MT,Risco Baixo,Baixa
quinta-feira,BR-259,36.5,Plena Noite,Crescente,Céu Claro,Simples,Reta,-19.55574,-40.50943,DEL02-ES,Risco Médio,Baixa
terça-feira,BR-304,196.7,Pleno dia,Crescente,Céu Claro,Simples,Reta,-5.705923,-36.23353,DEL01-RN,Risco Médio,Baixa
quinta-feira,BR-101,231.0,Plena Noite,Crescente,Céu Claro,Simples,Reta,-19.94426,-40.40662,DEL02-ES,Risco Médio,Alta
sexta-feira,BR-104,118.9,Pleno dia,Decrescente,Sol,Simples,Curva,-8.690552,-36.023,DEL02-PE,Risco Médio,Baixa
quinta-feira,BR-376,597.9,Plena Noite,Crescente,Nublado,Dupla,Desvio Temporário,-25.42826,-49.27348,DEL01-PR,Risco Médio,Baixa
quarta-feira,BR-280,4.7,Pleno dia,Crescente,Nublado,Simples,Rotatória,-26.25782,-48.62313,DEL03-SC,Risco Médio,Baixa
quarta-feira,BR-282,207.0,Pleno dia,Decrescente,Nublado,Simples,Rotatória,-27.77346,-50.20209,DEL05-SC,Risco Médio,Baixa
sábado,BR-365,618.0,Pleno dia,Crescente,Céu Claro,Dupla,Reta,-18.89817,-48.24423,DEL15-MG,Risco Médio,Média
domingo,BR-324,517.4,Plena Noite,Crescente,Céu Claro,Simples,Reta,-12.25555,-38.93232,DEL02-BA,Risco Baixo,Baixa
terça-feira,BR-381,7.9,Pleno dia,Crescente,Céu Claro,Dupla,Reta,-22.91396,-46.42702,DEL03-SP,Risco Médio,Alta
sábado,BR-101,151.6,Plena Noite,Crescente,Céu Claro,Simples,Curva,-19.41157,-40.06592,DEL04-ES,Risco Baixo,Alta
sábado,BR-277,9.0,Plena Noite,Decrescente,Nublado,Dupla,Reta,-25.56205,-48.5875,DEL01-PR,Risco Médio,Média
sexta-feira,BR-101,79.6,Plena Noite,Crescente,Céu Claro,Dupla,Reta,-5.749629,-35.28918,DEL02-RN,Risco Médio,Alta
sábado,BR-153,497.9,Plena Noite,Crescente,Chuva,Dupla,Reta,-16.69475,-49.23186,DEL01-GO,Risco Baixo,Alta
segunda-feira,BR-104,3.7,Pleno dia,Decrescente,Chuva,Simples,Curva,-8.999026,-36.03104,DEL01-AL,Risco Baixo,Baixa
domingo,BR-60,36.9,Plena Noite,Crescente,Céu Claro,Dupla,Rotatória,-16.7392,-49.3464,DEL01-GO,Risco Médio,Média
domingo,BR-232,79.8,Anoitecer,Decrescente,Céu Claro,Simples,Reta,-8.194606,-35.56075,DEL01-PE,Risco Médio,Baixa
segunda-feira,BR-116,158.0,Amanhecer,Crescente,Céu Claro,Dupla,Desvio Temporário,-23.26072,-45.95179,DEL02-SP,Risco Médio,Alta
domingo,BR-101,64.0,Plena Noite,Crescente,Céu Claro,Simples,Não Informado,-10.69864,-37.04705,DEL02-SE,Risco Baixo,Alta
quinta-feira,BR-116,222.0,Plena Noite,Crescente,Nublado,Múltipla,Reta,-23.47093,-46.51631,DEL01-SP,Risco Médio,Alta
sexta-feira,BR-277,632.9,Plena Noite,Crescente,Nevoeiro/Neblina,Simples,Interseção de vias,-25.12257,-53.80997,DEL05-PR,Risco Médio,Média
segunda-feira,BR-101,60.0,Plena Noite,Crescente,Céu Claro,Simples,Reta,-21.72048,-41.31449,DEL08-RJ,Risco Médio,Alta
quinta-feira,BR-101,45.0,Plena Noite,Decrescente,Céu Claro,Dupla,Retorno Regulamentado,-6.8828,-35.13153,DEL01-PB,Risco Médio,Alta
segunda-feira,BR-40,3.0,Pleno dia,Crescente,Céu Claro,Dupla,Não Informado,-16.10081,-47.97735,DEL01-DF,Risco Médio,Alta
sexta-feira,BR-116,476.5,Pleno dia,Crescente,Céu Claro,Simples,Reta,-7.292112,-38.87065,DEL05-CE,Risco Alto,Alta
segunda-feira,BR-153,42.4,Pleno dia,Decrescente,Céu Claro,Simples,Não Informado,-23.29716,-50.06848,DEL07-PR,Risco Médio,Alta
terça-feira,BR-174,907.0,Amanhecer,Decrescente,Céu Claro,Simples,Reta,-2.778451,-60.03754,DEL01-AM,Risco Médio,Baixa
sexta-feira,BR-153,498.0,Pleno dia,Crescente,Céu Claro,Dupla,Reta,-16.68949,-49.23286,DEL01-GO,Risco Médio,Alta
domingo,BR-471,174.3,Plena Noite,Crescente,Céu Claro,Simples,Rotatória,-29.98143,-52.36958,DEL02-RS,Risco Baixo,Baixa