dia_semana,br,km,fase_dia,sentido_via,condicao_metereologica,tipo_pista,tracado_via,latitude,longitude,delegacia,classificacao_acidente,postos_policiais_PRF
domingo,BR-116,305.3,Pleno dia,Crescente,Sol,Simples,Curva,-18.03328,-41.65317,DEL11-MG,Risco Baixo,Alta
sexta-feira,BR-262,633.6,Pleno dia,Decrescente,Céu Claro,Simples,Reta,-19.5821,-46.51168,DEL08-MG,Risco Baixo,Média
terça-feira,BR-472,577.0,Pleno dia,Crescente,Céu Claro,Simples,Reta,-29.77879,-57.06179,DEL13-RS,Risco Médio,Baixa
terça-feira,BR-101,354.0,Pleno dia,Crescente,Céu Claro,Dupla,Reta,-28.61806,-49.07013,DEL02-SC,Risco Médio,Alta
quinta-feira,BR-277,594.0,Plena Noite,Decrescente,Chuva,Simples,Reta,-24.97999,-53.49423,DEL04-PR,Risco Médio,Média
quinta-feira,BR-470,339.0,Pleno dia,Decrescente,Chuva,Simples,Reta,-27.52733,-51.36278,DEL07-SC,Risco Médio,Baixa
terça-feira,BR-101,41.0,Plena Noite,Crescente,Céu Claro,Dupla,Reta,-7.837,-34.9124,DEL01-PE,Risco Baixo,Alta
sábado,BR-116,126.0,Pleno dia,Decrescente,Céu Claro,Dupla,Reta,-25.65243,-49.30782,DEL01-PR,Risco Baixo,Alta
terça-feira,BR-20,24.1,Plena Noite,Decrescente,Céu Claro,Simples,Não Informado,-15.54017,-47.14277,DEL02-DF,Risco Médio,Baixa
quarta-feira,BR-104,178.1,Amanhecer,Decrescente,Céu Claro,Simples,Curva,-7.681264,-36.05987,DEL02-PB,Risco Médio,Baixa
quinta-feira,BR-376,181.0,Pleno dia,Crescente,Céu Claro,Dupla,Reta,-23.43197,-51.88672,DEL09-PR,Risco Médio,Baixa
segunda-feira,BR-230,580.0,Plena Noite,Decrescente,Céu Claro,Simples,Curva,-3.110089,-51.82702,DEL04-PA,Risco Médio,Baixa
terça-feira,BR-364,542.0,Pleno dia,Decrescente,Sol,Simples,Reta,-14.84248,-56.44345,DEL01-MT,Risco Médio,Alta
quinta-feira,BR-290,132.0,Plena Noite,Crescente,Nublado,Simples,Reta,-30.06172,-51.53088,DEL02-RS,Risco Médio,Baixa
domingo,BR-163,88.0,Pleno dia,Crescente,Céu Claro,Simples,Desvio Temporário,-23.38801,-54.21145,DEL09-MS,Risco Médio,Alta
domingo,BR-101,203.1,Plena Noite,Decrescente,Céu Claro,Múltipla,Não Informado,-27.56617,-48.6141,DEL01-SC,Risco Baixo,Alta
sexta-feira,BR-381,36.0,Plena Noite,Crescente,Céu Claro,Dupla,Reta,-23.09707,-46.57181,DEL03-SP,Risco Baixo,Alta
sábado,BR-20,25.0,Pleno dia,Crescente,Céu Claro,Dupla,Curva,-15.5956,-47.64972,DEL02-DF,Risco Médio,Baixa
terça-feira,BR-101,118.6,Pleno dia,Decrescente,Sol,Dupla,Reta,-26.90095,-48.71664,DEL04-SC,Risco Médio,Alta
sábado,BR-101,73.4,Plena Noite,Crescente,Céu Claro,Simples,Túnel,-10.75674,-37.10468,DEL01-SE,Risco Médio,Alta
sábado,BR-222,3.9,Plena Noite,Decrescente,Céu Claro,Múltipla,Reta,-3.740377,-38.59569,DEL01-CE,Risco Médio,Baixa
segunda-feira,BR-101,255.0,Pleno dia,Crescente,Sol,Simples,Interseção de vias,-20.11488,-40.31944,DEL02-ES,Risco Médio,Alta
terça-feira,BR-20,16.2,Pleno dia,Crescente,Céu Claro,Dupla,Não Informado,-15.62477,-47.72355,DEL02-DF,Risco Baixo,Baixa
terça-feira,BR-290,148.9,Pleno dia,Decrescente,Nublado,Simples,Reta,-30.10636,-51.69975,DEL02-RS,Risco Médio,Baixa
terça-feira,BR-20,9.4,Pleno dia,Decrescente,Sol,Dupla,Não Informado,-15.65467,-47.78292,DEL02-DF,Risco Médio,Baixa
sábado,BR-381,883.9,Pleno dia,Decrescente,Céu Claro,Dupla,Curva,-22.48459,-46.01088,DEL16-MG,Risco Baixo,Alta
sexta-feira,BR-470,199.0,Pleno dia,Decrescente,Garoa/Chuvisco,Simples,Reta,-27.2594,-49.93938,DEL04-SC,Risco Médio,Baixa
segunda-feira,BR-282,5.0,Plena Noite,Crescente,Céu Claro,Dupla,Curva,-27.58843,-48.61292,DEL01-SC,Risco Médio,Baixa
quinta-feira,BR-406,156.2,Pleno dia,Crescente,Céu Claro,Simples,Reta,-5.685097,-35.39436,DEL02-RN,Risco Baixo,Baixa
terça-feira,BR-381,447.8,Pleno dia,Decrescente,Chuva,Simples,Reta,-19.83448,-43.85012,DEL01-MG,Risco Médio,Alta
quinta-feira,BR-116,218.0,Pleno dia,Decrescente,Céu Claro,Múltipla,Reta,-23.45797,-46.47993,DEL01-SP,Risco Médio,Alta
sexta-feira,BR-376,174.5,Plena Noite,Crescente,Nublado,Dupla,Reta,-23.416,-51.95452,DEL07-PR,Risco Médio,Baixa
quinta-feira,BR-101,296.9,Pleno dia,Crescente,Céu Claro,Dupla,Viaduto,-28.3433,-48.7331,DEL02-SC,Risco Médio,Alta
sexta-feira,BR-135,70.8,Anoitecer,Decrescente,Garoa/Chuvisco,Dupla,Reta,-3.141738,-44.32551,DEL01-MA,Risco Alto,Baixa
sábado,BR-101,783.3,Plena Noite,Crescente,Nevoeiro/Neblina,Simples,Reta,-16.83509,-39.48396,DEL09-BA,Risco Médio,Alta
quinta-feira,BR-101,270.0,Pleno dia,Crescente,Céu Claro,Múltipla,Reta,-20.22662,-40.27075,DEL02-ES,Risco Médio,Alta
quinta-feira,BR-101,108.0,Pleno dia,Decrescente,Nublado,Simples,Não Informado,-9.586532,-36.00151,DEL02-AL,Risco Baixo,Alta
quinta-feira,BR-40,616.0,Anoitecer,Crescente,Nublado,Simples,Reta,-20.54606,-43.8199,DEL05-MG,Risco Baixo,Alta
domingo,BR-343,337.9,Plena Noite,Decrescente,Céu Claro,Múltipla,Não Informado,-5.063362,-42.72291,DEL01-PI,Risco Médio,Baixa
domingo,BR-262,5.7,Plena Noite,Crescente,Céu Claro,Múltipla,Interseção de vias,-20.33881,-40.39274,DEL01-ES,Risco Médio,Média
quarta-feira,BR-277,584.0,Pleno dia,Decrescente,Céu Claro,Simples,Interseção de vias,-24.96499,-53.40514,DEL04-PR,Risco Baixo,Média
segunda-feira,BR-116,5.8,Pleno dia,Decrescente,Céu Claro,Dupla,Reta,-3.8038,-38.5032,DEL01-CE,Risco Médio,Alta
quarta-feira,BR-101,149.6,Plena Noite,Decrescente,Garoa/Chuvisco,Simples,Reta,-27.10896,-48.61278,DEL04-SC,Risco Médio,Alta
segunda-feira,BR-280,232.9,Pleno dia,Decrescente,Nublado,Dupla,Reta,-26.19015,-50.38187,DEL06-SC,Risco Médio,Baixa
sexta-feira,BR-267,480.1,Pleno dia,Decrescente,Céu Claro,Simples,Reta,-21.47365,-56.13504,DEL05-MS,Risco Médio,Baixa
domingo,BR-158,99.7,Pleno dia,Decrescente,Céu Claro,Simples,Reta,-19.70211,-51.1588,DEL08-MS,Risco Médio,Baixa
domingo,BR-101,684.5,Plena Noite,Crescente,Céu Claro,Simples,Reta,-16.11876,-39.60753,DEL09-BA,Risco Alto,Alta
sexta-feira,BR-101,127.1,Plena Noite,Decrescente,Céu Claro,Dupla,Reta,-26.96393,-48.68328,DEL04-SC,Risco Médio,Alta
sexta-feira,BR-40,558.3,Pleno dia,Crescente,Céu Claro,Dupla,Curva,-20.11083,-43.97222,DEL01-MG,Risco Médio,Alta
quinta-feira,BR-163,1010.8,Pleno dia,Decrescente,Céu Claro,Simples,Reta,-10.52935,-55.0803,DEL06-MT,Risco Médio,Alta
quinta-feira,BR-60,31.0,Plena Noite,Decrescente,Chuva,Dupla,Reta,-16.0963,-48.5202,DEL01-DF,Risco Baixo,Média
quarta-feira,BR-316,42.0,Pleno dia,Crescente,Nublado,Simples,Reta,-1.2761,-48.0993,DEL01-PA,Risco Médio,Baixa
sábado,BR-116,262.0,Plena Noite,Decrescente,Céu Claro,Dupla,Reta,-29.89647,-51.17593,DEL01-RS,Risco Baixo,Alta
sexta-feira,BR-101,202.5,Plena Noite,Decrescente,Nublado,Dupla,Reta,-27.55712,-48.61898,DEL01-SC,Risco Baixo,Alta
sexta-feira,BR-470,126.0,Plena Noite,Crescente,Chuva,Simples,Reta,-27.11611,-49.53256,DEL04-SC,Risco Alto,Baixa
sábado,BR-101,348.5,Pleno dia,Decrescente,Nublado,Simples,Reta,-20.65106,-40.63527,DEL03-ES,Risco Baixo,Alta
sexta-feira,BR-364,711.0,Pleno dia,Crescente,Céu Claro,Dupla,Não Informado,-8.781539,-63.86531,DEL01-RO,Risco Baixo,Alta
segunda-feira,BR-376,451.1,Plena Noite,Crescente,Céu Claro,Dupla,Curva,-24.94239,-50.40225,DEL03-PR,Risco Médio,Baixa
sábado,BR-369,174.0,Plena Noite,Crescente,Chuva,Simples,Interseção de vias,-23.337,-51.38832,DEL07-PR,Risco Médio,Baixa
terça-feira,BR-316,265.0,Plena Noite,Decrescente,Céu Claro,Simples,Reta,-8.720462,-38.90228,DEL05-PE,Risco Médio,Baixa
sábado,BR-424,94.8,Plena Noite,Decrescente,Céu Claro,Simples,Curva,-8.915904,-36.48883,DEL03-PE,Risco Médio,Baixa
sexta-feira,BR-158,645.0,Plena Noite,Decrescente,Chuva,Simples,Reta,-14.60623,-52.35888,DEL07-MT,Risco Médio,Baixa
domingo,BR-153,225.0,Plena Noite,Crescente,Céu Claro,Simples,Desvio Temporário,-22.0408,-49.90367,DEL07-SP,Risco Baixo,Alta
sábado,BR-376,629.0,Pleno dia,Crescente,Céu Claro,Dupla,Reta,-25.68698,-49.14685,DEL01-PR,Risco Alto,Baixa
terça-feira,BR-163,117.0,Pleno dia,Decrescente,Céu Claro,Dupla,Não Informado,-16.51078,-54.65399,DEL02-MT,Risco Baixo,Alta
segunda-feira,BR-70,48.3,Pleno dia,Decrescente,Nublado,Simples,Curva,-15.7492,-48.60205,DEL01-DF,Risco Médio,Baixa
quarta-feira,BR-163,1036.0,Amanhecer,Decrescente,Céu Claro,Simples,Reta,-10.30775,-55.03383,DEL06-MT,Risco Médio,Alta
segunda-feira,BR-232,219.9,Pleno dia,Crescente,Chuva,Simples,Reta,-8.397059,-36.77197,DEL03-PE,Risco Médio,Baixa
terça-feira,BR-376,345.4,Plena Noite,Crescente,Céu Claro,Simples,Curva,-24.17235,-50.96706,DEL07-PR,Risco Baixo,Baixa
segunda-feira,BR-116,284.5,Plena Noite,Crescente,Nublado,Dupla,Curva,-23.67979,-46.85874,DEL04-SP,Risco Médio,Alta
quinta-feira,BR-423,57.1,Plena Noite,Crescente,Céu Claro,Simples,Não Informado,-8.634528,-36.30617,DEL03-PE,Risco Médio,Baixa
quinta-feira,BR-317,102.0,Amanhecer,Decrescente,Chuva,Simples,Reta,-10.23806,-67.70809,DEL01-AC,Risco Baixo,Baixa
quarta-feira,BR-364,203.8,Anoitecer,Crescente,Nublado,Dupla,Reta,-16.47555,-54.65345,DEL02-MT,Risco Médio,Alta
domingo,BR-101,479.0,Plena Noite,Crescente,Chuva,Simples,Curva,-23.00715,-44.31844,DEL03-RJ,Risco Médio,Alta
segunda-feira,BR-116,71.9,Pleno dia,Decrescente,Garoa/Chuvisco,Simples,Curva,-22.32739,-42.93858,DEL04-RJ,Risco Médio,Alta
domingo,BR-163,854.0,Plena Noite,Decrescente,Céu Claro,Simples,Curva,-11.694,-55.4517,DEL06-MT,Risco Baixo,Alta
domingo,BR-101,1.0,Plena Noite,Crescente,Céu Claro,Dupla,Não Informado,-25.98896,-48.88356,DEL03-SC,Risco Alto,Alta
domingo,BR-242,333.0,Pleno dia,Crescente,Nublado,Dupla,Reta,-12.47848,-41.35975,DEL06-BA,Risco Médio,Baixa
sábado,BR-101,35.7,Pleno dia,Crescente,Céu Claro,Dupla,Reta,-26.27656,-48.89415,DEL03-SC,Risco Médio,Alta
quinta-feira,BR-135,28.0,Pleno dia,Decrescente,Sol,Simples,Não Informado,-11.05957,-45.19628,DEL10-BA,Risco Alto,Baixa
quarta-feira,BR-101,363.0,Plena Noite,Decrescente,Nublado,Simples,Reta,-13.85684,-39.49253,DEL05-BA,Risco Médio,Alta
domingo,BR-381,518.3,Pleno dia,Crescente,Céu Claro,Múltipla,Não Informado,-20.12065,-44.30243,DEL04-MG,Risco Médio,Alta
quinta-feira,BR-381,63.0,Pleno dia,Crescente,Céu Claro,Dupla,Não Informado,-23.29125,-46.58594,DEL03-SP,Risco Baixo,Alta
sexta-feira,BR-376,599.6,Pleno dia,Decrescente,Sol,Dupla,Reta,-25.51757,-49.33575,DEL01-PR,Risco Médio,Baixa
terça-feira,BR-101,215.0,Pleno dia,Crescente,Chuva,Múltipla,Reta,-27.6601,-48.6774,DEL01-SC,Risco Médio,Alta
sábado,BR-393,239.9,Pleno dia,Crescente,Céu Claro,Simples,Reta,-22.42804,-43.70917,DEL05-RJ,Risco Médio,Média
sábado,BR-381,390.0,Pleno dia,Decrescente,Céu Claro,Simples,Curva,-19.77537,-43.4432,DEL01-MG,Risco Médio,Alta
quinta-feira,BR-116,327.0,Pleno dia,Decrescente,Chuva,Dupla,Reta,-22.4968,-44.6436,DEL07-RJ,Risco Baixo,Alta
sexta-feira,BR-40,771.3,Pleno dia,Crescente,Céu Claro,Dupla,Curva,-21.60933,-43.45893,DEL05-MG,Risco Médio,Alta
segunda-feira,BR-324,547.0,Pleno dia,Crescente,Céu Claro,Dupla,Desvio Temporário,-12.42109,-38.74517,DEL01-BA,Risco Médio,Baixa
terça-feira,BR-40,109.0,Pleno dia,Decrescente,Sol,Simples,Reta,-22.67375,-43.28638,DEL01-RJ,Risco Médio,Alta
sexta-feira,BR-381,380.3,Pleno dia,Decrescente,Céu Claro,Simples,Reta,-19.83154,-43.37649,DEL01-MG,Risco Baixo,Alta
sábado,BR-163,541.0,Plena Noite,Crescente,Céu Claro,Simples,Reta,-19.98071,-54.38645,DEL01-MS,Risco Médio,Alta
quarta-feira,BR-282,499.0,Pleno dia,Decrescente,Sol,Dupla,Reta,-26.88062,-52.35809,DEL07-SC,Risco Médio,Baixa
sexta-feira,BR-262,5.4,Plena Noite,Decrescente,Nublado,Simples,Desvio Temporário,-20.25761,-41.8016,DEL06-MG,Risco Baixo,Média
domingo,BR-381,925.1,Pleno dia,Crescente,Nublado,Dupla,Curva,-22.77099,-46.20002,DEL16-MG,Risco Médio,Alta
domingo,BR-20,7.0,Pleno dia,Decrescente,Céu Claro,Dupla,Reta,-15.66221,-47.79987,DEL02-DF,Risco Baixo,Baixa
sexta-feira,BR-116,18.0,Plena Noite,Decrescente,Céu Claro,Dupla,Reta,-25.38897,-49.20104,DEL01-PR,Risco Alto,Alta
quarta-feira,BR-174,201.3,Plena Noite,Decrescente,Céu Claro,Simples,Reta,-15.70099,-58.71043,DEL03-MT,Risco Médio,Baixa
sexta-feira,BR-116,479.9,Plena Noite,Crescente,Céu Claro,Simples,Reta,-31.39585,-52.14386,DEL07-RS,Risco Médio,Alta
sábado,BR-364,13.0,Pleno dia,Decrescente,Céu Claro,Dupla,Rotatória,-12.7414,-60.13026,DEL04-RO,Risco Médio,Alta
sexta-feira,BR-101,107.0,Pleno dia,Crescente,Céu Claro,Múltipla,Reta,-5.9148,-35.2624,DEL01-RN,Risco Médio,Alta
sábado,BR-153,299.0,Anoitecer,Decrescente,Ignorado,Simples,Reta,-15.27759,-49.55287,DEL02-GO,Risco Médio,Alta
terça-feira,BR-470,58.3,Pleno dia,Crescente,Céu Claro,Simples,Reta,-26.8841,-49.14986,DEL04-SC,Risco Baixo,Baixa
sexta-feira,BR-226,83.4,Plena Noite,Crescente,Céu Claro,Simples,Reta,-6.197418,-35.79823,DEL01-RN,Risco Médio,Baixa
domingo,BR-101,368.0,Pleno dia,Crescente,Céu Claro,Simples,Reta,-13.7636,-39.4905,DEL05-BA,Risco Baixo,Alta
sábado,BR-101,42.9,Plena Noite,Crescente,Céu Claro,Dupla,Reta,-6.861011,-35.13391,DEL01-PB,Risco Médio,Alta
sábado,BR-381,402.7,Plena Noite,Decrescente,Nublado,Simples,Curva,-19.73863,-43.51414,DEL01-MG,Risco Médio,Alta
sexta-feira,BR-116,141.0,Amanhecer,Crescente,Céu Claro,Múltipla,Reta,-22.64724,-43.22083,DEL01-RJ,Risco Médio,Alta
domingo,BR-488,3.0,Amanhecer,Crescente,Céu Claro,Múltipla,Não Informado,-22.85506,-45.24342,DEL08-SP,Risco Médio,Baixa
quinta-feira,BR-280,58.0,Plena Noite,Decrescente,Céu Claro,Simples,Reta,-26.47416,-49.02121,DEL03-SC,Risco Médio,Baixa
sexta-feira,BR-290,257.0,Plena Noite,Decrescente,Chuva,Simples,Reta,-30.25285,-52.79497,DEL02-RS,Risco Médio,Baixa
segunda-feira,BR-135,195.4,Plena Noite,Decrescente,Céu Claro,Simples,Não Informado,-4.154581,-44.46971,DEL03-MA,Risco Baixo,Baixa
domingo,BR-135,46.2,Pleno dia,Crescente,Céu Claro,Dupla,Não Informado,-2.932143,-44.33337,DEL01-MA,Risco Médio,Baixa
terça-feira,BR-101,201.5,Pleno dia,Crescente,Nublado,Dupla,Reta,-27.54433,-48.62068,DEL01-SC,Risco Médio,Alta
quinta-feira,BR-290,16.3,Pleno dia,Decrescente,Céu Claro,Dupla,Reta,-29.87283,-50.42035,DEL03-RS,Risco Baixo,Baixa
terça-feira,BR-381,803.0,Plena Noite,Crescente,Céu Claro,Dupla,Reta,-21.94933,-45.62357,DEL16-MG,Risco Baixo,Alta
segunda-feira,BR-135,35.6,Pleno dia,Crescente,Sol,Simples,Reta,-2.853682,-44.3747,DEL01-MA,Risco Baixo,Baixa
quarta-feira,BR-386,158.0,Plena Noite,Crescente,Céu Claro,Simples,Rotatória,-28.14225,-52.84576,DEL08-RS,Risco Baixo,Média
quinta-feira,BR-376,191.9,Plena Noite,Decrescente,Céu Claro,Dupla,Não Informado,-23.47952,-51.80363,DEL09-PR,Risco Médio,Baixa
sábado,BR-381,445.1,Pleno dia,Decrescente,Nublado,Simples,Reta,-19.8088,-43.7821,DEL01-MG,Risco Médio,Alta
terça-feira,BR-482,100.5,Plena Noite,Decrescente,Céu Claro,Simples,Não Informado,-20.77797,-41.6329,DEL03-ES,Risco Médio,Baixa
quarta-feira,BR-376,183.0,Plena Noite,Crescente,Céu Claro,Dupla,Não Informado,-23.44159,-51.87067,DEL09-PR,Risco Médio,Baixa
sexta-feira,BR-158,99.8,Plena Noite,Crescente,Céu Claro,Simples,Reta,-27.89942,-53.34166,DEL08-RS,Risco Baixo,Baixa
domingo,BR-156,338.0,Pleno dia,Decrescente,Chuva,Simples,Reta,0.6334878,-51.28095,DEL01-AP,Risco Médio,Baixa
quarta-feira,BR-153,591.0,Plena Noite,Crescente,Céu Claro,Simples,Reta,-11.00023,-48.90864,DEL02-TO,Risco Baixo,Alta
quarta-feira,BR-277,427.6,Pleno dia,Crescente,Céu Claro,Simples,Não Informado,-25.38503,-52.17891,DEL04-PR,Risco Baixo,Média
quarta-feira,BR-116,422.0,Pleno dia,Crescente,Céu Claro,Simples,Reta,-12.23083,-38.96959,DEL02-BA,Risco Médio,Alta
sexta-feira,BR-364,421.0,Plena Noite,Decrescente,Céu Claro,Simples,Reta,-10.46729,-62.45089,DEL03-RO,Risco Médio,Alta
domingo,BR-101,45.0,Amanhecer,Crescente,Céu Claro,Simples,Reta,-18.54284,-39.90547,DEL04-ES,Risco Baixo,Alta
sexta-feira,BR-116,86.4,Plena Noite,Decrescente,Nublado,Simples,Reta,-22.43968,-42.95133,DEL04-RJ,Risco Médio,Alta
segunda-feira,BR-386,75.0,Pleno dia,Crescente,Nublado,Simples,Interseção de vias,-27.68637,-53.30768,DEL08-RS,Risco Médio,Média
sábado,BR-470,9.0,Plena Noite,Crescente,Nublado,Simples,Reta,-26.8445,-48.71518,DEL04-SC,Risco Alto,Baixa
sábado,BR-316,611.8,Pleno dia,Decrescente,Céu Claro,Simples,Reta,-5.071686,-42.87154,DEL03-MA,Risco Médio,Baixa
segunda-feira,BR-280,54.0,Anoitecer,Crescente,Céu Claro,Simples,Reta,-26.4754,-48.98372,DEL03-SC,Risco Baixo,Baixa
domingo,BR-226,50.4,Anoitecer,Crescente,Céu Claro,Simples,Reta,-6.021347,-38.57855,DEL05-CE,Risco Médio,Baixa
domingo,BR-163,489.0,Pleno dia,Decrescente,Céu Claro,Simples,Reta,-20.40828,-54.5516,DEL01-MS,Risco Baixo,Alta
quinta-feira,BR-381,775.3,Plena Noite,Crescente,Nublado,Dupla,Curva,-21.79018,-45.44666,DEL16-MG,Risco Médio,Alta
domingo,BR-116,120.0,Pleno dia,Decrescente,Céu Claro,Dupla,Reta,-22.62191,-43.04363,DEL02-RJ,Risco Médio,Alta
sábado,BR-50,12.0,Pleno dia,Decrescente,Chuva,Dupla,Desvio Temporário,-18.85431,-48.24354,DEL15-MG,Risco Médio,Média
sábado,BR-101,510.8,Pleno dia,Crescente,Céu Claro,Simples,Não Informado,-22.95213,-44.43611,DEL03-RJ,Risco Médio,Alta
sábado,BR-70,320.0,Plena Noite,Crescente,Céu Claro,Dupla,Reta,-15.87814,-50.88065,DEL04-GO,Risco Médio,Baixa
segunda-feira,BR-101,84.8,Plena Noite,Decrescente,Céu Claro,Dupla,Viaduto,-5.774175,-35.2578,DEL02-RN,Risco Médio,Alta
quinta-feira,BR-376,4.0,Plena Noite,Decrescente,Céu Claro,Dupla,Não Informado,-25.55863,-49.18515,DEL01-PR,Risco Médio,Baixa
sexta-feira,BR-101,197.9,Pleno dia,Crescente,Nublado,Múltipla,Reta,-27.5267,-48.6349,DEL01-SC,Risco Baixo,Alta
terça-feira,BR-116,211.0,Pleno dia,Crescente,Céu Claro,Múltipla,Reta,-23.43343,-46.42259,DEL01-SP,Risco Médio,Alta
terça-feira,BR-222,6.0,Pleno dia,Crescente,Céu Claro,Simples,Reta,-3.745392,-38.62188,DEL01-CE,Risco Médio,Baixa
domingo,BR-116,170.3,Plena Noite,Decrescente,Céu Claro,Dupla,Reta,-22.78519,-43.38027,DEL01-RJ,Risco Alto,Alta
terça-feira,BR-414,427.5,Plena Noite,Crescente,Nublado,Simples,Reta,-16.18148,-48.90219,DEL02-GO,Risco Médio,Baixa
domingo,BR-116,745.3,Plena Noite,Crescente,Nublado,Simples,Reta,-14.4399,-40.35275,DEL08-BA,Risco Alto,Alta
quinta-feira,BR-116,169.0,Plena Noite,Decrescente,Nublado,Dupla,Reta,-23.30765,-46.04513,DEL02-SP,Risco Médio,Alta
terça-feira,BR-101,411.9,Plena Noite,Crescente,Nublado,Dupla,Reta,-28.93291,-49.51625,DEL02-SC,Risco Alto,Alta
sexta-feira,BR-116,684.5,Pleno dia,Crescente,Sol,Simples,Reta,-20.96316,-42.35223,DEL07-MG,Risco Médio,Alta
terça-feira,BR-50,174.0,Pleno dia,Crescente,Céu Claro,Dupla,Reta,-19.77082,-47.97343,DEL13-MG,Risco Médio,Média
domingo,BR-222,123.0,Plena Noite,Decrescente,Céu Claro,Simples,Reta,-3.694553,-39.58168,DEL04-CE,Risco Médio,Baixa
quarta-feira,BR-116,264.0,Plena Noite,Crescente,Nublado,Múltipla,Curva,-22.59214,-44.07724,DEL07-RJ,Risco Médio,Alta
quarta-feira,BR-101,159.0,Plena Noite,Decrescente,Céu Claro,Simples,Reta,-19.4684,-40.11026,DEL04-ES,Risco Médio,Alta
segunda-feira,BR-116,65.0,Plena Noite,Decrescente,Céu Claro,Simples,Reta,-4.2993,-38.5016,DEL03-CE,Risco Médio,Alta
domingo,BR-428,191.0,Pleno dia,Crescente,Céu Claro,Dupla,Reta,-9.377664,-40.5027,DEL06-PE,Risco Médio,Baixa
sexta-feira,BR-290,111.9,Amanhecer,Decrescente,Céu Claro,Dupla,Reta,-30.03962,-51.32879,DEL02-RS,Risco Alto,Baixa
sexta-feira,BR-230,498.0,Plena Noite,Decrescente,Chuva,Simples,Reta,-6.8965,-38.4925,DEL03-PB,Risco Médio,Baixa
quinta-feira,BR-386,442.0,Anoitecer,Decrescente,Céu Claro,Simples,Interseção de vias,-29.88592,-51.22326,DEL01-RS,Risco Médio,Média
domingo,BR-163,489.0,Plena Noite,Crescente,Céu Claro,Simples,Reta,-20.40766,-54.55176,DEL01-MS,Risco Médio,Alta
segunda-feira,BR-116,150.0,Pleno dia,Crescente,Céu Claro,Dupla,Reta,-25.81557,-49.33089,DEL01-PR,Risco Médio,Alta
sábado,BR-262,46.2,Pleno dia,Decrescente,Céu Claro,Simples,Curva,-20.26326,-42.10572,DEL06-MG,Risco Médio,Média
terça-feira,BR-101,174.5,Pleno dia,Crescente,Céu Claro,Dupla,Reta,-27.33082,-48.62698,DEL01-SC,Risco Médio,Alta
domingo,BR-101,82.0,Plena Noite,Crescente,Céu Claro,Dupla,Reta,-7.12911,-34.93714,DEL01-PB,Risco Baixo,Alta
sexta-feira,BR-40,720.7,Pleno dia,Decrescente,Chuva,Dupla,Reta,-21.30066,-43.62327,DEL05-MG,Risco Médio,Alta
segunda-feira,BR-277,33.0,Pleno dia,Decrescente,Garoa/Chuvisco,Dupla,Curva,-25.56211,-48.81283,DEL01-PR,Risco Baixo,Média
domingo,BR-101,82.0,Pleno dia,Crescente,Céu Claro,Dupla,Reta,-7.12911,-34.93714,DEL01-PB,Risco Baixo,Alta
quarta-feira,BR-101,41.1,Pleno dia,Decrescente,Céu Claro,Dupla,Reta,-7.830383,-34.91427,DEL01-PE,Risco Médio,Alta
quarta-feira,BR-40,704.0,Plena Noite,Crescente,Céu Claro,Dupla,Reta,-21.20817,-43.74967,DEL05-MG,Risco Médio,Alta
quinta-feira,BR-116,228.0,Pleno dia,Decrescente,Chuva,Dupla,Curva,-22.67208,-43.81789,DEL07-RJ,Risco Baixo,Alta
sexta-feira,BR-116,212.0,Pleno dia,Crescente,Céu Claro,Múltipla,Reta,-23.43697,-46.43077,DEL01-SP,Risco Médio,Alta
sexta-feira,BR-101,327.2,Plena Noite,Decrescente,Nublado,Simples,Rotatória,-28.43023,-48.95205,DEL02-SC,Risco Médio,Alta
segunda-feira,BR-277,7.0,Pleno dia,Decrescente,Céu Claro,Dupla,Reta,-25.5128,-48.52087,DEL01-PR,Risco Médio,Média
quarta-feira,BR-369,507.0,Plena Noite,Decrescente,Céu Claro,Simples,Curva,-24.8664,-53.34003,DEL04-PR,Risco Médio,Baixa
quinta-feira,BR-316,33.5,Pleno dia,Crescente,Céu Claro,Simples,Reta,-5.365117,-42.67389,DEL01-PI,Risco Médio,Baixa
segunda-feira,BR-232,42.9,Plena Noite,Decrescente,Céu Claro,Simples,Reta,-8.115282,-35.25204,DEL02-PE,Risco Baixo,Baixa
quinta-feira,BR-476,183.4,Pleno dia,Decrescente,Sol,Simples,Reta,-25.71862,-49.64451,DEL01-PR,Risco Médio,Baixa
sábado,BR-101,255.0,Plena Noite,Crescente,Céu Claro,Dupla,Reta,-20.11488,-40.31944,DEL02-ES,Risco Baixo,Alta
domingo,BR-282,560.1,Plena Noite,Decrescente,Céu Claro,Simples,Reta,-26.92713,-52.85621,DEL07-SC,Risco Médio,Baixa
terça-feira,BR-116,292.0,Plena Noite,Decrescente,Céu Claro,Dupla,Reta,-23.74582,-46.90003,DEL04-SP,Risco Baixo,Alta
sábado,BR-343,590.7,Plena Noite,Decrescente,Céu Claro,Dupla,Reta,-6.783895,-43.0151,DEL03-PI,Risco Médio,Baixa
segunda-feira,BR-116,270.4,Pleno dia,Decrescente,Nublado,Dupla,Reta,-23.60745,-46.76524,DEL04-SP,Risco Médio,Alta
sábado,BR-282,252.4,Plena Noite,Decrescente,Chuva,Simples,Curva,-27.68879,-50.5663,DEL05-SC,Risco Alto,Baixa
sábado,BR-242,467.1,Plena Noite,Crescente,Céu Claro,Simples,Reta,-11.79651,-49.65473,DEL01-TO,Risco Baixo,Baixa