dia_semana,br,km,fase_dia,sentido_via,condicao_metereologica,tipo_pista,tracado_via,latitude,longitude,delegacia,classificacao_acidente,postos_policiais_PRF
quinta-feira,BR-40,709.2,Plena Noite,Crescente,Chuva,Dupla,Reta,-21.24249,-43.72299,DEL05-MG,Risco Médio,Alta
sábado,BR-116,541.0,Amanhecer,Crescente,Céu Claro,Simples,Curva,-12.83137,-39.83017,DEL03-BA,Risco Alto,Alta
sábado,BR-116,14.3,Plena Noite,Decrescente,Nublado,Simples,Curva,-15.80521,-41.36362,DEL08-BA,Risco Baixo,Alta
sábado,BR-364,435.0,Anoitecer,Decrescente,Nublado,Simples,Curva,-10.38423,-62.5471,DEL03-RO,Risco Médio,Alta
quarta-feira,BR-316,311.8,Plena Noite,Crescente,Céu Claro,Simples,Reta,-7.077566,-41.46416,DEL04-PI,Risco Baixo,Baixa
quinta-feira,BR-101,66.0,Pleno dia,Decrescente,Céu Claro,Simples,Reta,-21.7609,-41.34789,DEL08-RJ,Risco Médio,Alta
sábado,BR-381,755.4,Plena Noite,Decrescente,Nublado,Dupla,Não Informado,-21.67041,-45.33054,DEL16-MG,Risco Médio,Alta
domingo,BR-386,112.1,Pleno dia,Crescente,Nublado,Simples,Curva,-27.81817,-53.03895,DEL08-RS,Risco Baixo,Média
sábado,BR-232,136.0,Pleno dia,Crescente,Sol,Dupla,Reta,-8.315899,-36.0504,DEL02-PE,Risco Médio,Baixa
terça-feira,BR-470,105.9,Anoitecer,Decrescente,Chuva,Simples,Curva,-27.06601,-49.41702,DEL04-SC,Risco Alto,Baixa
sexta-feira,BR-230,222.0,Pleno dia,Crescente,Céu Claro,Simples,Reta,-7.0392,-36.4152,DEL02-PB,Risco Médio,Baixa
sábado,BR-408,48.7,Anoitecer,Decrescente,Céu Claro,Simples,Não Informado,-7.721508,-35.23887,DEL01-PE,Risco Médio,Baixa
sábado,BR-471,158.5,Plena Noite,Decrescente,Céu Claro,Simples,Não Informado,-29.85066,-52.3933,DEL02-RS,Risco Médio,Baixa
quinta-feira,BR-116,120.4,Pleno dia,Decrescente,Céu Claro,Dupla,Reta,-23.07158,-45.64462,DEL06-SP,Risco Médio,Alta
terça-feira,BR-493,54.0,Pleno dia,Decrescente,Céu Claro,Dupla,Reta,-22.67209,-43.28505,DEL01-RJ,Risco Médio,Baixa
sexta-feira,BR-262,42.1,Pleno dia,Crescente,Céu Claro,Simples,Curva,-20.26976,-42.06894,DEL06-MG,Risco Médio,Média
terça-feira,BR-242,346.0,Pleno dia,Decrescente,Chuva,Simples,Curva,-12.43926,-41.52351,DEL06-BA,Risco Alto,Baixa
sábado,BR-381,810.4,Pleno dia,Crescente,Sol,Dupla,Reta,-21.9983,-45.6738,DEL16-MG,Risco Médio,Alta
quinta-feira,BR-116,126.0,Anoitecer,Crescente,Ignorado,Dupla,Reta,-25.6363,-49.3132,DEL01-PR,Risco Médio,Alta
sábado,BR-153,138.0,Anoitecer,Crescente,Céu Claro,Simples,Não Informado,-13.9761,-49.09042,DEL07-GO,Risco Médio,Alta
quarta-feira,BR-116,226.8,Plena Noite,Crescente,Garoa/Chuvisco,Múltipla,Desvio Temporário,-23.49103,-46.54878,DEL01-SP,Risco Médio,Alta
sexta-feira,BR-153,122.1,Plena Noite,Crescente,Céu Claro,Simples,Desvio Temporário,-13.84047,-49.04572,DEL07-GO,Risco Alto,Alta
sexta-feira,BR-376,160.0,Pleno dia,Crescente,Céu Claro,Dupla,Curva,-23.35252,-52.09127,DEL07-PR,Risco Médio,Baixa
segunda-feira,BR-116,525.9,Pleno dia,Crescente,Céu Claro,Simples,Interseção de vias,-31.74222,-52.39914,DEL07-RS,Risco Médio,Alta
quarta-feira,BR-153,342.5,Plena Noite,Crescente,Céu Claro,Dupla,Reta,-22.95144,-49.90986,DEL07-SP,Risco Médio,Alta
quarta-feira,BR-393,277.7,Plena Noite,Crescente,Céu Claro,Simples,Reta,-22.48211,-43.9748,DEL05-RJ,Risco Médio,Média
quinta-feira,BR-316,8.9,Pleno dia,Decrescente,Sol,Dupla,Reta,-1.365925,-48.36765,DEL01-PA,Risco Baixo,Baixa
quarta-feira,BR-280,22.4,Pleno dia,Crescente,Céu Claro,Simples,Reta,-26.37093,-48.70204,DEL03-SC,Risco Médio,Baixa
quarta-feira,BR-116,445.0,Pleno dia,Decrescente,Céu Claro,Simples,Curva,-24.50087,-47.846,DEL05-SP,Risco Baixo,Alta
quinta-feira,BR-101,259.0,Plena Noite,Decrescente,Céu Claro,Dupla,Reta,-20.13621,-40.29223,DEL02-ES,Risco Médio,Alta
sábado,BR-70,213.0,Pleno dia,Crescente,Céu Claro,Simples,Reta,-15.711,-53.8283,DEL05-MT,Risco Baixo,Baixa
terça-feira,BR-163,842.0,Pleno dia,Decrescente,Céu Claro,Simples,Reta,-17.55521,-54.74131,DEL06-MS,Risco Médio,Alta
quarta-feira,BR-101,184.7,Pleno dia,Decrescente,Céu Claro,Simples,Curva,-19.65524,-40.23356,DEL04-ES,Risco Médio,Alta
domingo,BR-381,651.3,Pleno dia,Crescente,Sol,Dupla,Curva,-20.95776,-44.92122,DEL04-MG,Risco Médio,Alta
quinta-feira,BR-116,513.5,Plena Noite,Decrescente,Nevoeiro/Neblina,Simples,Reta,-31.64313,-52.33497,DEL07-RS,Risco Médio,Alta
sexta-feira,BR-116,223.0,Plena Noite,Decrescente,Nublado,Múltipla,Reta,-23.4756,-46.52466,DEL01-SP,Risco Médio,Alta
segunda-feira,BR-101,397.0,Pleno dia,Crescente,Céu Claro,Dupla,Reta,-22.87461,-43.74067,DEL01-RJ,Risco Baixo,Alta
sábado,BR-60,198.6,Pleno dia,Crescente,Chuva,Dupla,Desvio Temporário,-16.7956,-49.51,DEL01-GO,Risco Alto,Média
segunda-feira,BR-381,681.0,Plena Noite,Crescente,Chuva,Dupla,Não Informado,-21.16169,-45.12046,DEL04-MG,Risco Médio,Alta
sexta-feira,BR-415,47.0,Pleno dia,Decrescente,Céu Claro,Simples,Curva,-14.81574,-39.29612,DEL05-BA,Risco Médio,Baixa
sábado,BR-101,81.0,Amanhecer,Crescente,Nublado,Simples,Reta,-8.1711,-34.9379,DEL01-PE,Risco Alto,Alta
sábado,BR-381,760.0,Plena Noite,Crescente,Céu Claro,Dupla,Reta,-21.72401,-45.38148,DEL16-MG,Risco Médio,Alta
sexta-feira,BR-376,350.0,Pleno dia,Decrescente,Chuva,Dupla,Reta,-24.2017,-50.94736,DEL03-PR,Risco Baixo,Baixa
domingo,BR-101,20.0,Plena Noite,Decrescente,Céu Claro,Simples,Curva,-23.32846,-44.91369,DEL06-SP,Risco Médio,Alta
quinta-feira,BR-235,5.0,Pleno dia,Crescente,Nublado,Dupla,Reta,-10.90551,-37.12217,DEL01-SE,Risco Baixo,Baixa
quinta-feira,BR-163,104.0,Plena Noite,Crescente,Céu Claro,Simples,Não Informado,-23.24245,-54.22375,DEL09-MS,Risco Médio,Alta
quinta-feira,BR-101,116.0,Anoitecer,Crescente,Chuva,Dupla,Reta,-26.87906,-48.72604,DEL04-SC,Risco Baixo,Alta
terça-feira,BR-381,361.0,Pleno dia,Crescente,Céu Claro,Simples,Curva,-19.84754,-43.20541,DEL03-MG,Risco Médio,Alta
sábado,BR-101,76.0,Plena Noite,Decrescente,Céu Claro,Dupla,Desvio Temporário,-5.725498,-35.28342,DEL02-RN,Risco Baixo,Alta
sábado,BR-116,231.4,Anoitecer,Crescente,Chuva,Simples,Curva,-29.62823,-51.13938,DEL01-RS,Risco Médio,Alta
sexta-feira,BR-60,165.2,Pleno dia,Decrescente,Céu Claro,Dupla,Reta,-16.719,-49.367,DEL01-GO,Risco Médio,Média
sábado,BR-135,386.8,Pleno dia,Crescente,Nublado,Simples,Curva,-9.306921,-44.5163,DEL03-PI,Risco Baixo,Baixa
quinta-feira,BR-20,389.7,Plena Noite,Crescente,Nublado,Simples,Reta,-3.854621,-38.78622,DEL01-CE,Risco Médio,Baixa
terça-feira,BR-376,17.0,Pleno dia,Decrescente,Céu Claro,Dupla,Curva,-23.43219,-51.88676,DEL09-PR,Risco Médio,Baixa
sábado,BR-364,386.0,Pleno dia,Crescente,Céu Claro,Dupla,Reta,-17.32904,-53.20372,DEL05-GO,Risco Médio,Alta
terça-feira,BR-324,530.0,Pleno dia,Decrescente,Nublado,Dupla,Reta,-12.32818,-38.86174,DEL01-BA,Risco Médio,Baixa
quarta-feira,BR-101,198.8,Plena Noite,Crescente,Garoa/Chuvisco,Dupla,Curva,-22.49158,-42.12771,DEL08-RJ,Risco Médio,Alta
sexta-feira,BR-70,485.0,Plena Noite,Crescente,Chuva,Simples,Reta,-15.70285,-55.79306,DEL02-MT,Risco Baixo,Baixa
sábado,BR-290,93.0,Pleno dia,Crescente,Sol,Dupla,Reta,-29.97145,-51.19451,DEL01-RS,Risco Médio,Baixa
sexta-feira,BR-101,214.5,Plena Noite,Decrescente,Chuva,Dupla,Reta,-27.64443,-48.67057,DEL01-SC,Risco Médio,Alta
domingo,BR-101,528.0,Pleno dia,Decrescente,Céu Claro,Dupla,Não Informado,-23.02443,-44.51065,DEL03-RJ,Risco Baixo,Alta
quinta-feira,BR-116,227.0,Pleno dia,Crescente,Céu Claro,Múltipla,Reta,-23.50343,-46.56639,DEL01-SP,Risco Médio,Alta
terça-feira,BR-101,3.0,Pleno dia,Crescente,Céu Claro,Simples,Interseção de vias,-29.70446,-50.19585,DEL03-RS,Risco Médio,Alta
terça-feira,BR-235,47.0,Plena Noite,Crescente,Chuva,Simples,Não Informado,-10.72103,-37.41966,DEL01-SE,Risco Alto,Baixa
sábado,BR-364,315.0,Plena Noite,Crescente,Céu Claro,Simples,Curva,-11.10935,-61.90211,DEL02-RO,Risco Médio,Alta
domingo,BR-369,247.2,Plena Noite,Decrescente,Céu Claro,Simples,Reta,-23.70552,-51.73702,DEL09-PR,Risco Médio,Baixa
terça-feira,BR-316,62.0,Plena Noite,Decrescente,Ignorado,Dupla,Reta,-1.296598,-47.92715,DEL01-PA,Risco Médio,Baixa
sábado,BR-364,419.9,Amanhecer,Decrescente,Céu Claro,Simples,Reta,-10.47266,-62.44737,DEL03-RO,Risco Médio,Alta
quinta-feira,BR-282,209.4,Pleno dia,Decrescente,Céu Claro,Simples,Não Informado,-27.77693,-50.22189,DEL05-SC,Risco Médio,Baixa
terça-feira,BR-376,658.0,Pleno dia,Crescente,Garoa/Chuvisco,Dupla,Curva,-25.8514,-49.0197,DEL01-PR,Risco Médio,Baixa
domingo,BR-381,535.8,Plena Noite,Crescente,Céu Claro,Dupla,Reta,-20.19487,-44.38442,DEL04-MG,Risco Médio,Alta
quinta-feira,BR-364,201.0,Plena Noite,Crescente,Céu Claro,Dupla,Reta,-16.49141,-54.64638,DEL02-MT,Risco Médio,Alta
quinta-feira,BR-230,74.7,Pleno dia,Crescente,Céu Claro,Simples,Reta,-6.787297,-39.24462,DEL05-CE,Risco Médio,Baixa
quarta-feira,BR-101,49.0,Plena Noite,Decrescente,Céu Claro,Dupla,Reta,-7.900515,-34.90181,DEL01-PE,Risco Médio,Alta
terça-feira,BR-470,122.0,Plena Noite,Crescente,Chuva,Simples,Curva,-27.09214,-49.52053,DEL04-SC,Risco Médio,Baixa
terça-feira,BR-381,491.0,Plena Noite,Decrescente,Céu Claro,Dupla,Reta,-19.97018,-44.1821,DEL01-MG,Risco Médio,Alta
sábado,BR-101,217.0,Pleno dia,Crescente,Céu Claro,Dupla,Reta,-27.66779,-48.67394,DEL01-SC,Risco Médio,Alta
terça-feira,BR-60,200.3,Plena Noite,Decrescente,Céu Claro,Dupla,Reta,-16.8736,-49.6126,DEL01-GO,Risco Baixo,Média
quinta-feira,BR-230,466.1,Plena Noite,Decrescente,Céu Claro,Simples,Reta,-6.781707,-38.26894,DEL03-PB,Risco Médio,Baixa
segunda-feira,BR-364,111.7,Pleno dia,Crescente,Céu Claro,Simples,Reta,-16.83399,-53.98915,DEL02-MT,Risco Baixo,Alta
quinta-feira,BR-235,92.3,Pleno dia,Decrescente,Céu Claro,Simples,Reta,-10.46277,-37.67138,DEL01-SE,Risco Médio,Baixa
quarta-feira,BR-381,222.3,Plena Noite,Crescente,Céu Claro,Simples,Reta,-19.31061,-42.39297,DEL06-MG,Risco Médio,Alta
sábado,BR-376,493.5,Pleno dia,Crescente,Céu Claro,Dupla,Não Informado,-25.12553,-50.17996,DEL03-PR,Risco Baixo,Baixa
quinta-feira,BR-153,203.0,Pleno dia,Decrescente,Céu Claro,Simples,Reta,-7.674898,-48.42824,DEL02-TO,Risco Médio,Alta
quinta-feira,BR-116,114.0,Amanhecer,Crescente,Nublado,Dupla,Reta,-25.56297,-49.25644,DEL01-PR,Risco Baixo,Alta
segunda-feira,BR-381,929.8,Plena Noite,Crescente,Chuva,Dupla,Curva,-22.79911,-46.26124,DEL16-MG,Risco Médio,Alta
domingo,BR-116,230.0,Pleno dia,Crescente,Céu Claro,Múltipla,Interseção de vias,-23.51929,-46.58272,DEL01-SP,Risco Médio,Alta
quarta-feira,BR-262,177.0,Amanhecer,Crescente,Garoa/Chuvisco,Simples,Curva,-20.284,-41.6513,DEL01-ES,Risco Médio,Média
quinta-feira,BR-101,150.0,Pleno dia,Decrescente,Céu Claro,Dupla,Reta,-27.11745,-48.60941,DEL04-SC,Risco Médio,Alta
domingo,BR-381,162.5,Pleno dia,Decrescente,Céu Claro,Simples,Interseção de vias,-18.9672,-42.0871,DEL06-MG,Risco Médio,Alta
sábado,BR-163,192.3,Plena Noite,Crescente,Céu Claro,Dupla,Reta,-25.08631,-53.59007,DEL04-PR,Risco Baixo,Alta
terça-feira,BR-412,115.4,Plena Noite,Crescente,Céu Claro,Simples,Reta,-7.708676,-36.9269,DEL02-PB,Risco Alto,Baixa
sexta-feira,BR-40,670.9,Plena Noite,Decrescente,Garoa/Chuvisco,Simples,Não Informado,-20.98077,-43.7811,DEL05-MG,Risco Alto,Alta
quinta-feira,BR-116,249.8,Pleno dia,Decrescente,Céu Claro,Dupla,Reta,-29.78962,-51.16359,DEL01-RS,Risco Baixo,Alta
segunda-feira,BR-116,488.0,Pleno dia,Crescente,Céu Claro,Dupla,Reta,-24.73098,-48.09816,DEL05-SP,Risco Médio,Alta
domingo,BR-381,433.1,Pleno dia,Crescente,Céu Claro,Simples,Curva,-19.79269,-43.74585,DEL01-MG,Risco Médio,Alta
sexta-feira,BR-116,127.5,Pleno dia,Crescente,Céu Claro,Dupla,Não Informado,-25.65246,-49.31237,DEL01-PR,Risco Médio,Alta
segunda-feira,BR-493,96.0,Pleno dia,Decrescente,Céu Claro,Simples,Reta,-22.718,-43.7073,DEL01-RJ,Risco Baixo,Baixa
quarta-feira,BR-230,1.5,Plena Noite,Decrescente,Céu Claro,Simples,Interseção de vias,-6.9753,-34.8318,DEL01-PB,Risco Médio,Baixa
domingo,BR-282,608.4,Amanhecer,Crescente,Nublado,Simples,Reta,-26.7618,-53.22145,DEL07-SC,Risco Médio,Baixa
sábado,BR-60,121.0,Plena Noite,Crescente,Nublado,Dupla,Reta,-16.5044,-49.1128,DEL01-GO,Risco Médio,Média
domingo,BR-116,15.7,Plena Noite,Decrescente,Céu Claro,Dupla,Reta,-3.878399,-38.50067,DEL01-CE,Risco Médio,Alta
quarta-feira,BR-251,0.5,Pleno dia,Decrescente,Nublado,Simples,Desvio Temporário,-16.24786,-47.3299,DEL01-DF,Risco Baixo,Baixa
domingo,BR-20,48.2,Plena Noite,Crescente,Céu Claro,Simples,Reta,-15.34251,-47.12144,DEL02-DF,Risco Alto,Baixa
segunda-feira,BR-317,367.0,Amanhecer,Decrescente,Céu Claro,Simples,Reta,-10.81584,-69.25987,DEL01-AC,Risco Alto,Baixa
quarta-feira,BR-230,122.0,Pleno dia,Crescente,Nublado,Simples,Interseção de vias,-7.2466,-35.6577,DEL02-PB,Risco Médio,Baixa
quarta-feira,BR-163,948.0,Plena Noite,Decrescente,Ignorado,Simples,Reta,-2.818217,-54.90038,DEL05-PA,Risco Alto,Alta
domingo,BR-277,399.7,Anoitecer,Crescente,Chuva,Simples,Não Informado,-25.45525,-51.96723,DEL04-PR,Risco Médio,Média
quarta-feira,BR-101,264.0,Pleno dia,Crescente,Céu Claro,Dupla,Reta,-20.1917,-40.2685,DEL02-ES,Risco Médio,Alta
sábado,BR-369,114.0,Pleno dia,Crescente,Céu Claro,Dupla,Curva,-23.27841,-50.84413,DEL07-PR,Risco Médio,Baixa
segunda-feira,BR-116,14.9,Pleno dia,Crescente,Garoa/Chuvisco,Dupla,Curva,-25.09904,-48.68857,DEL01-PR,Risco Médio,Alta
domingo,BR-290,86.0,Pleno dia,Crescente,Garoa/Chuvisco,Dupla,Reta,-29.96841,-51.11714,DEL01-RS,Risco Baixo,Baixa
quinta-feira,BR-101,278.0,Pleno dia,Decrescente,Céu Claro,Dupla,Reta,-28.16301,-48.69393,DEL02-SC,Risco Médio,Alta
sábado,BR-381,881.5,Pleno dia,Decrescente,Nublado,Dupla,Reta,-22.4687,-46.01052,DEL16-MG,Risco Médio,Alta
sábado,BR-470,58.0,Pleno dia,Crescente,Sol,Simples,Não Informado,-26.88388,-49.14562,DEL04-SC,Risco Médio,Baixa
domingo,BR-262,56.3,Anoitecer,Decrescente,Céu Claro,Simples,Interseção de vias,-20.4109,-40.7541,DEL01-ES,Risco Médio,Média
sábado,BR-101,265.6,Plena Noite,Decrescente,Nublado,Múltipla,Reta,-20.18796,-40.26802,DEL02-ES,Risco Médio,Alta
quinta-feira,BR-259,57.9,Pleno dia,Decrescente,Céu Claro,Simples,Curva,-19.50866,-40.65581,DEL02-ES,Risco Médio,Baixa
segunda-feira,BR-20,185.3,Pleno dia,Crescente,Céu Claro,Dupla,Curva,-14.44075,-46.46073,DEL02-DF,Risco Médio,Baixa
quarta-feira,BR-50,55.1,Amanhecer,Decrescente,Céu Claro,Dupla,Curva,-18.77291,-48.24124,DEL15-MG,Risco Médio,Média
sábado,BR-280,31.1,Pleno dia,Decrescente,Céu Claro,Simples,Reta,-27.59538,-48.54805,DEL03-SC,Risco Médio,Baixa
sábado,BR-101,64.0,Plena Noite,Crescente,Nublado,Dupla,Reta,-8.016292,-34.94046,DEL01-PE,Risco Médio,Alta
domingo,BR-230,1.0,Plena Noite,Decrescente,Céu Claro,Simples,Reta,-6.75491,-43.01659,DEL03-PI,Risco Baixo,Baixa
segunda-feira,BR-153,675.4,Pleno dia,Crescente,Céu Claro,Dupla,Interseção de vias,-18.1855,-49.2895,DEL03-GO,Risco Médio,Alta
quarta-feira,BR-290,415.0,Plena Noite,Decrescente,Céu Claro,Simples,Reta,-30.3626,-54.2969,DEL09-RS,Risco Baixo,Baixa
quarta-feira,BR-40,383.2,Pleno dia,Crescente,Nublado,Simples,Não Informado,-18.89514,-44.69493,DEL02-MG,Risco Alto,Alta
domingo,BR-272,564.0,Pleno dia,Crescente,Sol,Simples,Reta,-24.10477,-54.2359,DEL06-PR,Risco Médio,Baixa
terça-feira,BR-365,621.0,Pleno dia,Decrescente,Céu Claro,Dupla,Não Informado,-18.8974,-48.2715,DEL15-MG,Risco Médio,Média
sábado,BR-386,364.8,Plena Noite,Decrescente,Céu Claro,Simples,Não Informado,-29.55838,-51.88778,DEL04-RS,Risco Médio,Média
sexta-feira,BR-277,552.5,Pleno dia,Decrescente,Chuva,Simples,Reta,-25.08567,-53.14103,DEL04-PR,Risco Médio,Média
domingo,BR-392,76.4,Pleno dia,Crescente,Nublado,Simples,Reta,-31.69512,-52.42469,DEL07-RS,Risco Médio,Média
quarta-feira,BR-343,137.0,Plena Noite,Crescente,Céu Claro,Simples,Reta,-3.894276,-41.70969,DEL02-PI,Risco Médio,Baixa
segunda-feira,BR-116,280.0,Plena Noite,Crescente,Nublado,Dupla,Reta,-23.66996,-46.85591,DEL04-SP,Risco Médio,Alta
quinta-feira,BR-364,403.2,Pleno dia,Crescente,Céu Claro,Simples,Reta,-10.58294,-62.36029,DEL03-RO,Risco Médio,Alta
terça-feira,BR-476,136.0,Pleno dia,Decrescente,Ignorado,Múltipla,Reta,-25.49105,-49.27168,DEL01-PR,Risco Baixo,Baixa
quinta-feira,BR-163,283.0,Pleno dia,Crescente,Garoa/Chuvisco,Simples,Reta,-24.57865,-53.99236,DEL06-PR,Risco Médio,Alta
sexta-feira,BR-381,921.2,Pleno dia,Crescente,Céu Claro,Múltipla,Curva,-22.76809,-46.20854,DEL16-MG,Risco Médio,Alta
quarta-feira,BR-153,536.3,Amanhecer,Crescente,Céu Claro,Dupla,Reta,-17.0193,-49.2217,DEL01-GO,Risco Médio,Alta
quarta-feira,BR-267,412.6,Pleno dia,Crescente,Sol,Simples,Reta,-21.62983,-55.59711,DEL05-MS,Risco Médio,Baixa
quinta-feira,BR-277,584.5,Pleno dia,Crescente,Céu Claro,Múltipla,Viaduto,-24.96684,-53.40258,DEL04-PR,Risco Médio,Média
terça-feira,BR-101,198.5,Amanhecer,Decrescente,Chuva,Múltipla,Reta,-27.52659,-48.63506,DEL01-SC,Risco Médio,Alta
sábado,BR-280,14.1,Anoitecer,Decrescente,Chuva,Simples,Não Informado,-26.33084,-48.65163,DEL03-SC,Risco Médio,Baixa
sexta-feira,BR-101,335.2,Plena Noite,Crescente,Nublado,Múltipla,Não Informado,-28.47609,-49.02927,DEL02-SC,Risco Médio,Alta
terça-feira,BR-40,454.0,Pleno dia,Decrescente,Chuva,Dupla,Reta,-19.3627,-44.3402,DEL02-MG,Risco Baixo,Alta
quarta-feira,BR-40,86.5,Plena Noite,Decrescente,Garoa/Chuvisco,Simples,Reta,-17.48684,-46.61074,DEL14-MG,Risco Médio,Alta
quinta-feira,BR-381,85.0,Plena Noite,Decrescente,Céu Claro,Simples,Reta,-23.44934,-46.56984,DEL03-SP,Risco Médio,Alta
sábado,BR-101,295.6,Plena Noite,Crescente,Céu Claro,Simples,Reta,-28.29854,-48.71634,DEL02-SC,Risco Baixo,Alta
sábado,BR-116,16.0,Pleno dia,Decrescente,Céu Claro,Simples,Reta,-14.89998,-40.84721,DEL08-BA,Risco Médio,Alta
segunda-feira,BR-163,607.0,Pleno dia,Crescente,Céu Claro,Simples,Reta,-13.7412,-56.0504,DEL01-MT,Risco Baixo,Alta
sexta-feira,BR-116,298.0,Plena Noite,Crescente,Nublado,Dupla,Reta,-23.79086,-46.9145,DEL04-SP,Risco Médio,Alta
sexta-feira,BR-101,203.9,Pleno dia,Crescente,Sol,Dupla,Reta,-27.565,-48.6146,DEL01-SC,Risco Médio,Alta
sábado,BR-40,617.5,Pleno dia,Crescente,Chuva,Simples,Reta,-20.5592,-43.81285,DEL05-MG,Risco Médio,Alta
sexta-feira,BR-101,122.0,Plena Noite,Decrescente,Céu Claro,Simples,Reta,-12.15347,-38.52141,DEL01-BA,Risco Médio,Alta
domingo,BR-101,77.8,Plena Noite,Decrescente,Céu Claro,Dupla,Reta,-21.82453,-41.40232,DEL08-RJ,Risco Baixo,Alta
domingo,BR-101,247.9,Pleno dia,Crescente,Chuva,Dupla,Curva,-27.91824,-48.65414,DEL02-SC,Risco Baixo,Alta
sábado,BR-262,78.0,Pleno dia,Crescente,Céu Claro,Simples,Curva,-20.41116,-40.92351,DEL01-ES,Risco Médio,Média
segunda-feira,BR-365,656.0,Pleno dia,Decrescente,Céu Claro,Dupla,Reta,-18.88179,-48.60754,DEL15-MG,Risco Médio,Média
quarta-feira,BR-101,121.0,Pleno dia,Decrescente,Sol,Dupla,Reta,-6.043386,-35.24622,DEL01-RN,Risco Médio,Alta
sábado,BR-101,13.0,Plena Noite,Decrescente,Nublado,Simples,Reta,-29.39305,-49.84374,DEL03-RS,Risco Médio,Alta
quarta-feira,BR-116,200.6,Plena Noite,Decrescente,Nublado,Simples,Reta,-26.0549,-49.71574,DEL06-SC,Risco Baixo,Alta
sábado,BR-364,194.0,Pleno dia,Decrescente,Céu Claro,Simples,Reta,-16.52647,-54.59192,DEL02-MT,Risco Médio,Alta
sexta-feira,BR-101,918.0,Plena Noite,Crescente,Céu Claro,Simples,Curva,-18.072,-39.88292,DEL09-BA,Risco Baixo,Alta
domingo,BR-381,407.1,Plena Noite,Crescente,Ignorado,Simples,Reta,-19.74998,-43.5432,DEL01-MG,Risco Médio,Alta
sábado,BR-470,178.3,Pleno dia,Crescente,Garoa/Chuvisco,Simples,Reta,-27.24839,-49.96708,DEL04-SC,Risco Médio,Baixa
segunda-feira,BR-116,175.0,Amanhecer,Decrescente,Céu Claro,Múltipla,Reta,-22.78924,-43.37275,DEL01-RJ,Risco Médio,Alta
domingo,BR-101,430.0,Pleno dia,Crescente,Chuva,Múltipla,Curva,-22.93788,-44.01391,DEL03-RJ,Risco Médio,Alta
quinta-feira,BR-116,153.0,Anoitecer,Crescente,Chuva,Dupla,Não Informado,-29.1858,-51.17713,DEL05-RS,Risco Médio,Alta
quarta-feira,BR-364,196.8,Anoitecer,Decrescente,Nublado,Simples,Interseção de vias,-11.69329,-61.17743,DEL02-RO,Risco Médio,Alta
sábado,BR-222,25.8,Pleno dia,Crescente,Sol,Simples,Reta,-4.311721,-47.6177,DEL02-PA,Risco Médio,Baixa
sexta-feira,BR-50,27.0,Plena Noite,Crescente,Ignorado,Dupla,Não Informado,-18.61943,-48.09375,DEL15-MG,Risco Médio,Média
sábado,BR-101,407.6,Pleno dia,Decrescente,Céu Claro,Dupla,Não Informado,-28.92216,-49.49367,DEL02-SC,Risco Médio,Alta
sábado,BR-267,29.0,Pleno dia,Crescente,Céu Claro,Dupla,Reta,-21.71982,-52.42321,DEL02-MS,Risco Médio,Baixa
terça-feira,BR-230,27.7,Pleno dia,Crescente,Nublado,Dupla,Não Informado,-7.165517,-34.89546,DEL01-PB,Risco Baixo,Baixa
sexta-feira,BR-110,371.0,Pleno dia,Crescente,Sol,Simples,Curva,-12.41152,-38.43143,DEL01-BA,Risco Médio,Baixa
sábado,BR-324,620.0,Pleno dia,Crescente,Céu Claro,Múltipla,Reta,-12.97156,-38.51115,DEL01-BA,Risco Médio,Baixa
quinta-feira,BR-101,135.0,Plena Noite,Crescente,Céu Claro,Dupla,Interseção de vias,-27.08789,-48.59599,DEL04-SC,Risco Médio,Alta
quinta-feira,BR-230,438.7,Pleno dia,Decrescente,Nublado,Simples,Reta,-6.7612,-38.0094,DEL03-PB,Risco Médio,Baixa
quinta-feira,BR-277,596.0,Anoitecer,Decrescente,Chuva,Dupla,Reta,-24.98838,-53.50779,DEL04-PR,Risco Médio,Média
sexta-feira,BR-262,122.5,Pleno dia,Decrescente,Chuva,Simples,Não Informado,-20.29354,-41.23937,DEL01-ES,Risco Baixo,Média
quarta-feira,BR-262,453.0,Plena Noite,Crescente,Céu Claro,Simples,Curva,-19.85637,-45.01561,DEL08-MG,Risco Médio,Média
sábado,BR-116,106.0,Plena Noite,Decrescente,Chuva,Dupla,Reta,-25.56846,-49.18693,DEL01-PR,Risco Baixo,Alta
sábado,BR-158,299.2,Plena Noite,Decrescente,Céu Claro,Múltipla,Rotatória,-20.95527,-51.8382,DEL07-MS,Risco Baixo,Baixa
sexta-feira,BR-101,78.0,Plena Noite,Crescente,Céu Claro,Dupla,Reta,-8.134965,-34.94739,DEL01-PE,Risco Médio,Alta
quarta-feira,BR-116,137.0,Pleno dia,Crescente,Nublado,Dupla,Reta,-22.64792,-43.18201,DEL04-RJ,Risco Médio,Alta
sexta-feira,BR-364,24.8,Pleno dia,Crescente,Céu Claro,Simples,Reta,-17.18817,-53.37043,DEL02-MT,Risco Médio,Alta
terça-feira,BR-277,128.0,Pleno dia,Decrescente,Céu Claro,Dupla,Curva,-25.47133,-49.62353,DEL01-PR,Risco Médio,Média
terça-feira,BR-423,107.0,Plena Noite,Crescente,Nublado,Simples,Reta,-8.88398,-36.58154,DEL03-PE,Risco Alto,Baixa