dia_semana,br,km,fase_dia,sentido_via,condicao_metereologica,tipo_pista,tracado_via,latitude,longitude,delegacia,classificacao_acidente,postos_policiais_PRF
domingo,BR-50,81.0,Anoitecer,Crescente,Céu Claro,Simples,Viaduto,-18.97132,-48.21608,DEL15-MG,Risco Baixo,Média
sábado,BR-60,360.0,Pleno dia,Crescente,Céu Claro,Dupla,Reta,-17.6276,-50.7675,DEL04-GO,Risco Médio,Média
quarta-feira,BR-406,170.1,Pleno dia,Decrescente,Céu Claro,Dupla,Reta,-5.757763,-35.30319,DEL02-RN,Risco Médio,Baixa
sexta-feira,BR-428,182.4,Pleno dia,Decrescente,Nublado,Simples,Reta,-9.330954,-40.46559,DEL06-PE,Risco Baixo,Baixa
sexta-feira,BR-408,97.4,Pleno dia,Decrescente,Sol,Dupla,Desvio Temporário,-8.028431,-35.03685,DEL01-PE,Risco Baixo,Baixa
terça-feira,BR-116,125.0,Plena Noite,Decrescente,Céu Claro,Dupla,Reta,-25.62151,-49.31622,DEL01-PR,Risco Baixo,Alta
terça-feira,BR-116,90.5,Plena Noite,Decrescente,Céu Claro,Dupla,Não Informado,-22.9437,-45.38747,DEL06-SP,Risco Médio,Alta
sábado,BR-101,190.0,Pleno dia,Decrescente,Chuva,Dupla,Curva,-27.47683,-48.64084,DEL01-SC,Risco Baixo,Alta
segunda-feira,BR-116,534.0,Pleno dia,Crescente,Céu Claro,Simples,Reta,-12.74292,-39.78904,DEL03-BA,Risco Médio,Alta
domingo,BR-386,430.0,Pleno dia,Crescente,Nublado,Simples,Reta,-29.82841,-51.32245,DEL01-RS,Risco Médio,Média
sábado,BR-376,593.0,Pleno dia,Decrescente,Nublado,Múltipla,Reta,-25.47643,-49.35092,DEL01-PR,Risco Médio,Baixa
terça-feira,BR-163,283.0,Pleno dia,Crescente,Céu Claro,Dupla,Curva,-24.57865,-53.99236,DEL06-PR,Risco Médio,Alta
domingo,BR-163,484.5,Pleno dia,Decrescente,Sol,Simples,Interseção de vias,-20.44727,-54.54095,DEL01-MS,Risco Médio,Alta
sexta-feira,BR-101,328.7,Plena Noite,Decrescente,Céu Claro,Dupla,Desvio Temporário,-28.44296,-48.96487,DEL02-SC,Risco Médio,Alta
terça-feira,BR-101,232.2,Pleno dia,Crescente,Nublado,Dupla,Reta,-27.79567,-48.63815,DEL01-SC,Risco Baixo,Alta
quarta-feira,BR-316,257.0,Amanhecer,Crescente,Nublado,Simples,Reta,-9.59111,-35.93216,DEL02-AL,Risco Médio,Baixa
domingo,BR-230,363.0,Plena Noite,Decrescente,Céu Claro,Simples,Reta,-6.9139,-37.4885,DEL03-PB,Risco Médio,Baixa
quarta-feira,BR-50,102.5,Anoitecer,Decrescente,Céu Claro,Dupla,Reta,-16.76907,-47.614,DEL01-DF,Risco Médio,Média
terça-feira,BR-280,157.4,Pleno dia,Crescente,Nevoeiro/Neblina,Simples,Não Informado,-26.20011,-49.74747,DEL06-SC,Risco Alto,Baixa
quarta-feira,BR-101,203.0,Plena Noite,Decrescente,Nublado,Dupla,Reta,-27.5742,-48.6134,DEL01-SC,Risco Médio,Alta
domingo,BR-116,302.0,Pleno dia,Decrescente,Céu Claro,Dupla,Reta,-22.4574,-44.4148,DEL07-RJ,Risco Médio,Alta
sábado,BR-50,67.6,Pleno dia,Decrescente,Céu Claro,Dupla,Reta,-18.87539,-48.25899,DEL15-MG,Risco Médio,Média
domingo,BR-158,150.0,Plena Noite,Decrescente,Chuva,Simples,Não Informado,-16.90992,-51.79839,DEL04-GO,Risco Baixo,Baixa
terça-feira,BR-470,263.3,Pleno dia,Crescente,Céu Claro,Simples,Reta,-29.49287,-51.49088,DEL06-RS,Risco Médio,Baixa
domingo,BR-282,68.0,Pleno dia,Decrescente,Céu Claro,Simples,Curva,-27.67623,-49.01221,DEL01-SC,Risco Médio,Baixa
domingo,BR-40,424.5,Pleno dia,Crescente,Céu Claro,Dupla,Reta,-19.16205,-44.5234,DEL02-MG,Risco Médio,Alta
sexta-feira,BR-364,461.0,Anoitecer,Decrescente,Céu Claro,Simples,Reta,-15.51842,-56.27298,DEL01-MT,Risco Médio,Alta
sexta-feira,BR-40,738.8,Plena Noite,Decrescente,Nublado,Simples,Curva,-21.3888,-43.56911,DEL05-MG,Risco Médio,Alta
segunda-feira,BR-116,166.9,Plena Noite,Crescente,Céu Claro,Múltipla,Reta,-22.80315,-43.3483,DEL01-RJ,Risco Médio,Alta
segunda-feira,BR-230,138.0,Pleno dia,Crescente,Nublado,Simples,Reta,-5.331099,-49.22972,DEL03-PA,Risco Médio,Baixa
terça-feira,BR-101,8.2,Plena Noite,Crescente,Nublado,Dupla,Reta,-29.36154,-49.80929,DEL03-RS,Risco Médio,Alta
domingo,BR-376,367.0,Pleno dia,Crescente,Céu Claro,Dupla,Reta,-24.0528,-52.40684,DEL07-PR,Risco Médio,Baixa
sexta-feira,BR-343,3.4,Pleno dia,Crescente,Céu Claro,Dupla,Interseção de vias,-5.080942,-42.78016,DEL01-PI,Risco Médio,Baixa
sexta-feira,BR-232,210.9,Pleno dia,Crescente,Sol,Simples,Reta,-8.365376,-36.69767,DEL02-PE,Risco Baixo,Baixa
domingo,BR-365,626.0,Pleno dia,Crescente,Céu Claro,Dupla,Reta,-18.90659,-48.33469,DEL15-MG,Risco Baixo,Média
sábado,BR-421,47.1,Pleno dia,Decrescente,Céu Claro,Simples,Curva,-10.24865,-63.27721,DEL03-RO,Risco Médio,Baixa
sexta-feira,BR-101,256.0,Plena Noite,Decrescente,Céu Claro,Dupla,Reta,-22.69621,-42.56854,DEL02-RJ,Risco Baixo,Alta
quarta-feira,BR-369,149.0,Pleno dia,Crescente,Céu Claro,Dupla,Reta,-23.29284,-51.15328,DEL07-PR,Risco Médio,Baixa
quarta-feira,BR-277,659.9,Pleno dia,Decrescente,Céu Claro,Dupla,Não Informado,-25.24664,-53.98335,DEL05-PR,Risco Baixo,Média
terça-feira,BR-110,107.0,Plena Noite,Decrescente,Céu Claro,Simples,Reta,-10.35343,-38.33196,DEL07-BA,Risco Médio,Baixa
segunda-feira,BR-116,97.0,Plena Noite,Decrescente,Ignorado,Simples,Curva,-16.56213,-41.50368,DEL11-MG,Risco Baixo,Alta
terça-feira,BR-163,662.0,Anoitecer,Decrescente,Céu Claro,Simples,Reta,-13.26985,-56.02449,DEL06-MT,Risco Baixo,Alta
terça-feira,BR-40,299.8,Pleno dia,Decrescente,Céu Claro,Simples,Não Informado,-18.3529,-45.09304,DEL14-MG,Risco Médio,Alta
sexta-feira,BR-163,1002.4,Plena Noite,Crescente,Céu Claro,Simples,Reta,-2.45567,-54.72855,DEL05-PA,Risco Médio,Alta
terça-feira,BR-163,78.0,Plena Noite,Crescente,Céu Claro,Simples,Reta,-23.47442,-54.18829,DEL09-MS,Risco Médio,Alta
sábado,BR-101,97.0,Plena Noite,Crescente,Chuva,Múltipla,Curva,-26.7319,-48.7013,DEL03-SC,Risco Baixo,Alta
segunda-feira,BR-101,310.0,Pleno dia,Crescente,Céu Claro,Dupla,Reta,-28.4258,-48.8009,DEL02-SC,Risco Baixo,Alta
quarta-feira,BR-356,174.0,Pleno dia,Crescente,Céu Claro,Simples,Não Informado,-21.71816,-41.05755,DEL08-RJ,Risco Médio,Baixa
sexta-feira,BR-369,150.0,Pleno dia,Decrescente,Céu Claro,Dupla,Interseção de vias,-23.29275,-51.16888,DEL07-PR,Risco Médio,Baixa
sábado,BR-101,318.0,Pleno dia,Decrescente,Nublado,Dupla,Reta,-22.79045,-43.02434,DEL02-RJ,Risco Baixo,Alta
sexta-feira,BR-476,180.0,Pleno dia,Decrescente,Céu Claro,Simples,Curva,-25.7076,-49.59968,DEL01-PR,Risco Médio,Baixa
terça-feira,BR-280,118.8,Pleno dia,Crescente,Céu Claro,Simples,Rotatória,-26.26562,-49.43027,DEL06-SC,Risco Médio,Baixa
sábado,BR-116,175.0,Plena Noite,Crescente,Chuva,Múltipla,Reta,-22.78924,-43.37275,DEL01-RJ,Risco Baixo,Alta
terça-feira,BR-381,495.5,Pleno dia,Crescente,Nublado,Dupla,Reta,-19.9754,-44.1937,DEL01-MG,Risco Médio,Alta
terça-feira,BR-101,372.0,Pleno dia,Decrescente,Céu Claro,Simples,Curva,-13.91784,-39.48511,DEL05-BA,Risco Médio,Alta
segunda-feira,BR-470,53.0,Pleno dia,Decrescente,Céu Claro,Simples,Rotatória,-26.86712,-49.10207,DEL04-SC,Risco Baixo,Baixa
sábado,BR-364,204.8,Pleno dia,Decrescente,Céu Claro,Simples,Reta,-11.62219,-61.21109,DEL02-RO,Risco Médio,Alta
domingo,BR-470,126.7,Plena Noite,Crescente,Garoa/Chuvisco,Simples,Desvio Temporário,-27.129,-49.53828,DEL04-SC,Risco Médio,Baixa
terça-feira,BR-376,383.0,Pleno dia,Crescente,Sol,Dupla,Curva,-24.42582,-50.76937,DEL03-PR,Risco Alto,Baixa
domingo,BR-251,353.9,Pleno dia,Decrescente,Nublado,Simples,Curva,-16.2867,-42.5412,DEL12-MG,Risco Médio,Baixa
quinta-feira,BR-135,13.9,Pleno dia,Crescente,Céu Claro,Dupla,Reta,-2.680535,-44.29512,DEL01-MA,Risco Médio,Baixa
sexta-feira,BR-376,173.9,Pleno dia,Crescente,Céu Claro,Múltipla,Interseção de vias,-23.41493,-51.95096,DEL07-PR,Risco Médio,Baixa
sexta-feira,BR-20,10.1,Pleno dia,Crescente,Céu Claro,Dupla,Reta,-15.64985,-47.77302,DEL02-DF,Risco Médio,Baixa
domingo,BR-116,118.0,Pleno dia,Crescente,Céu Claro,Dupla,Reta,-23.06266,-45.62665,DEL02-SP,Risco Médio,Alta
segunda-feira,BR-101,86.0,Plena Noite,Crescente,Céu Claro,Dupla,Reta,-7.15119,-34.91012,DEL01-PB,Risco Médio,Alta
segunda-feira,BR-101,96.2,Pleno dia,Crescente,Céu Claro,Dupla,Reta,-7.2384,-34.9267,DEL01-PB,Risco Médio,Alta
quinta-feira,BR-480,129.6,Pleno dia,Crescente,Sol,Simples,Interseção de vias,-27.04657,-52.63577,DEL07-SC,Risco Médio,Baixa
quinta-feira,BR-116,139.8,Pleno dia,Crescente,Céu Claro,Dupla,Reta,-25.75838,-49.31974,DEL01-PR,Risco Alto,Alta
terça-feira,BR-285,462.2,Pleno dia,Crescente,Sol,Simples,Reta,-28.41148,-53.93455,DEL10-RS,Risco Alto,Baixa
sexta-feira,BR-476,213.0,Pleno dia,Crescente,Céu Claro,Simples,Curva,-25.77931,-49.87555,DEL02-PR,Risco Médio,Baixa
sexta-feira,BR-101,129.3,Plena Noite,Decrescente,Nublado,Dupla,Reta,-26.98187,-48.67502,DEL04-SC,Risco Médio,Alta
domingo,BR-381,481.9,Pleno dia,Crescente,Sol,Múltipla,Reta,-19.95885,-44.06934,DEL01-MG,Risco Médio,Alta
sexta-feira,BR-101,200.0,Plena Noite,Decrescente,Nublado,Múltipla,Não Informado,-27.54019,-48.62288,DEL01-SC,Risco Médio,Alta
quarta-feira,BR-393,292.4,Plena Noite,Crescente,Chuva,Simples,Reta,-22.53696,-44.11488,DEL05-RJ,Risco Médio,Média
quarta-feira,BR-153,518.8,Plena Noite,Decrescente,Céu Claro,Dupla,Reta,-16.86522,-49.25016,DEL01-GO,Risco Médio,Alta
sexta-feira,BR-381,716.9,Amanhecer,Crescente,Chuva,Dupla,Curva,-21.39853,-45.21009,DEL04-MG,Risco Alto,Alta
domingo,BR-101,128.9,Pleno dia,Crescente,Nublado,Simples,Não Informado,-19.22135,-40.09365,DEL04-ES,Risco Médio,Alta
terça-feira,BR-158,309.8,Plena Noite,Decrescente,Céu Claro,Simples,Reta,-21.26896,-51.86396,DEL07-MS,Risco Médio,Baixa
sábado,BR-232,55.5,Pleno dia,Crescente,Céu Claro,Dupla,Reta,-8.134411,-35.3685,DEL02-PE,Risco Médio,Baixa
domingo,BR-101,71.0,Plena Noite,Crescente,Céu Claro,Dupla,Reta,-11.9785,-38.20706,DEL01-BA,Risco Alto,Alta
quinta-feira,BR-10,263.0,Pleno dia,Decrescente,Nublado,Simples,Não Informado,-5.436281,-47.47265,DEL04-MA,Risco Médio,Baixa
quinta-feira,BR-381,652.0,Pleno dia,Crescente,Céu Claro,Dupla,Reta,-20.98385,-44.9448,DEL04-MG,Risco Médio,Alta
domingo,BR-101,23.7,Pleno dia,Crescente,Sol,Simples,Reta,-50.19941,-94.5,DEL02-SE,Risco Alto,Alta
quinta-feira,BR-101,211.0,Pleno dia,Decrescente,Nublado,Dupla,Reta,-27.6372,-48.6651,DEL01-SC,Risco Médio,Alta
domingo,BR-116,127.0,Plena Noite,Decrescente,Nublado,Múltipla,Reta,-25.61275,-49.3186,DEL01-PR,Risco Médio,Alta
sexta-feira,BR-373,251.7,Pleno dia,Decrescente,Céu Claro,Simples,Reta,-25.1894,-50.85473,DEL03-PR,Risco Médio,Baixa
sábado,BR-376,594.0,Pleno dia,Decrescente,Nublado,Dupla,Reta,-25.4848,-49.3473,DEL01-PR,Risco Médio,Baixa
quinta-feira,BR-50,176.0,Plena Noite,Decrescente,Chuva,Dupla,Desvio Temporário,-19.7792,-47.96003,DEL13-MG,Risco Baixo,Média
quarta-feira,BR-470,89.1,Pleno dia,Decrescente,Nublado,Simples,Curva,-26.96157,-49.37192,DEL04-SC,Risco Baixo,Baixa
sábado,BR-40,769.7,Pleno dia,Crescente,Chuva,Simples,Curva,-21.58923,-43.45835,DEL05-MG,Risco Médio,Alta
quarta-feira,BR-381,400.7,Pleno dia,Decrescente,Sol,Simples,Não Informado,-19.74022,-43.51724,DEL01-MG,Risco Médio,Alta
segunda-feira,BR-290,80.0,Pleno dia,Decrescente,Sol,Dupla,Reta,-29.95343,-51.05845,DEL01-RS,Risco Médio,Baixa
terça-feira,BR-369,169.0,Pleno dia,Crescente,Ignorado,Simples,Reta,-23.30137,-51.32554,DEL07-PR,Risco Médio,Baixa
sábado,BR-476,278.0,Plena Noite,Crescente,Nublado,Simples,Reta,-25.86875,-50.39648,DEL02-PR,Risco Médio,Baixa
domingo,BR-116,54.0,Amanhecer,Decrescente,Céu Claro,Dupla,Reta,-22.75804,-45.11508,DEL08-SP,Risco Baixo,Alta
sexta-feira,BR-116,172.0,Plena Noite,Decrescente,Céu Claro,Múltipla,Reta,-22.77654,-43.39904,DEL01-RJ,Risco Médio,Alta
sábado,BR-116,93.0,Plena Noite,Decrescente,Nublado,Simples,Curva,-22.48361,-42.99645,DEL04-RJ,Risco Médio,Alta
terça-feira,BR-104,1.0,Pleno dia,Crescente,Céu Claro,Simples,Reta,-8.908446,-36.01877,DEL01-AL,Risco Baixo,Baixa
segunda-feira,BR-277,594.8,Pleno dia,Crescente,Céu Claro,Simples,Curva,-24.97948,-53.49233,DEL04-PR,Risco Médio,Média
terça-feira,BR-116,446.0,Plena Noite,Crescente,Nublado,Dupla,Reta,-24.504,-47.8478,DEL05-SP,Risco Médio,Alta
quinta-feira,BR-40,490.8,Pleno dia,Decrescente,Céu Claro,Dupla,Não Informado,-19.61999,-44.20674,DEL02-MG,Risco Baixo,Alta
quinta-feira,BR-381,29.0,Pleno dia,Crescente,Sol,Dupla,Reta,-23.04178,-46.55897,DEL03-SP,Risco Médio,Alta
terça-feira,BR-290,91.0,Plena Noite,Decrescente,Céu Claro,Dupla,Reta,-29.96906,-51.16744,DEL01-RS,Risco Médio,Baixa
sábado,BR-101,358.2,Plena Noite,Crescente,Céu Claro,Simples,Reta,-28.65354,-49.1074,DEL02-SC,Risco Alto,Alta
terça-feira,BR-135,150.0,Pleno dia,Decrescente,Sol,Simples,Reta,-3.711467,-44.51729,DEL01-MA,Risco Baixo,Baixa
quinta-feira,BR-116,500.0,Pleno dia,Crescente,Garoa/Chuvisco,Múltipla,Curva,-24.78162,-48.18343,DEL05-SP,Risco Médio,Alta
sábado,BR-381,71.0,Pleno dia,Crescente,Céu Claro,Dupla,Reta,-23.33501,-46.57688,DEL03-SP,Risco Médio,Alta
sexta-feira,BR-365,594.3,Pleno dia,Crescente,Nublado,Simples,Não Informado,-18.87259,-48.07954,DEL15-MG,Risco Alto,Média
domingo,BR-376,169.0,Pleno dia,Crescente,Nublado,Dupla,Reta,-23.41293,-51.98354,DEL09-PR,Risco Médio,Baixa
segunda-feira,BR-116,57.8,Plena Noite,Decrescente,Nublado,Dupla,Reta,-22.77455,-45.13807,DEL08-SP,Risco Médio,Alta
quarta-feira,BR-369,127.9,Plena Noite,Crescente,Chuva,Dupla,Reta,-23.26919,-50.96769,DEL07-PR,Risco Médio,Baixa
domingo,BR-470,175.1,Anoitecer,Crescente,Garoa/Chuvisco,Simples,Curva,-28.91803,-51.5403,DEL06-RS,Risco Médio,Baixa
quinta-feira,BR-381,299.0,Pleno dia,Decrescente,Chuva,Dupla,Curva,-19.6243,-42.8685,DEL03-MG,Risco Baixo,Alta
sexta-feira,BR-480,65.0,Pleno dia,Crescente,Nublado,Simples,Curva,-27.62695,-52.36726,DEL08-RS,Risco Médio,Baixa
domingo,BR-101,45.7,Amanhecer,Decrescente,Céu Claro,Múltipla,Reta,-7.88393,-34.90469,DEL01-PE,Risco Médio,Alta
segunda-feira,BR-472,586.5,Pleno dia,Decrescente,Chuva,Simples,Reta,-29.78663,-57.0807,DEL13-RS,Risco Médio,Baixa
segunda-feira,BR-222,457.3,Plena Noite,Crescente,Ignorado,Simples,Curva,-4.13517,-45.99494,DEL02-MA,Risco Alto,Baixa
terça-feira,BR-153,491.0,Pleno dia,Decrescente,Sol,Dupla,Reta,-16.6302,-49.2055,DEL01-GO,Risco Médio,Alta
segunda-feira,BR-101,122.5,Anoitecer,Crescente,Céu Claro,Dupla,Reta,-26.9366,-48.6987,DEL04-SC,Risco Médio,Alta
sexta-feira,BR-146,523.9,Pleno dia,Decrescente,Nublado,Simples,Não Informado,-21.30462,-46.62676,DEL16-MG,Risco Médio,Baixa
domingo,BR-116,525.0,Pleno dia,Decrescente,Céu Claro,Simples,Curva,-19.75621,-42.13298,DEL06-MG,Risco Médio,Alta
segunda-feira,BR-470,182.0,Pleno dia,Crescente,Chuva,Simples,Reta,-27.2473,-50.00427,DEL04-SC,Risco Baixo,Baixa
quinta-feira,BR-428,188.0,Plena Noite,Decrescente,Céu Claro,Múltipla,Curva,-9.364006,-40.48267,DEL06-PE,Risco Médio,Baixa
domingo,BR-415,50.0,Pleno dia,Crescente,Nublado,Simples,Reta,-14.78602,-39.28061,DEL05-BA,Risco Médio,Baixa
segunda-feira,BR-226,67.8,Plena Noite,Decrescente,Nublado,Simples,Reta,-6.096963,-35.6998,DEL03-RN,Risco Alto,Baixa
terça-feira,BR-222,63.4,Pleno dia,Decrescente,Céu Claro,Dupla,Reta,-3.672034,-39.11409,DEL01-CE,Risco Médio,Baixa
sexta-feira,BR-174,5.0,Pleno dia,Decrescente,Céu Claro,Simples,Reta,-15.22654,-59.33573,DEL04-MT,Risco Médio,Baixa
sábado,BR-101,0.1,Pleno dia,Crescente,Sol,Simples,Reta,-8.11208,-35.0154,DEL01-PE,Risco Baixo,Alta
sexta-feira,BR-424,70.0,Plena Noite,Decrescente,Garoa/Chuvisco,Simples,Reta,-8.779129,-36.6206,DEL03-PE,Risco Alto,Baixa
domingo,BR-116,300.0,Pleno dia,Decrescente,Céu Claro,Dupla,Viaduto,-30.12369,-51.34923,DEL02-RS,Risco Médio,Alta
sábado,BR-116,168.0,Pleno dia,Decrescente,Céu Claro,Múltipla,Reta,-22.81997,-43.315,DEL01-RJ,Risco Médio,Alta
domingo,BR-116,113.0,Plena Noite,Decrescente,Nublado,Dupla,Reta,-22.57214,-43.00729,DEL02-RJ,Risco Médio,Alta
sábado,BR-373,433.0,Pleno dia,Crescente,Céu Claro,Simples,Curva,-25.76914,-52.25829,DEL02-PR,Risco Médio,Baixa
sexta-feira,BR-50,161.0,Pleno dia,Crescente,Chuva,Dupla,Desvio Temporário,-19.65927,-48.00252,DEL13-MG,Risco Médio,Média
sábado,BR-135,65.0,Amanhecer,Crescente,Nublado,Simples,Reta,-3.09675,-44.32206,DEL01-MA,Risco Médio,Baixa
quarta-feira,BR-230,1121.0,Amanhecer,Crescente,Nublado,Simples,Não Informado,-4.373976,-55.84672,DEL05-PA,Risco Médio,Baixa
terça-feira,BR-364,349.0,Plena Noite,Crescente,Ignorado,Dupla,Curva,-15.80503,-55.55464,DEL01-MT,Risco Médio,Alta
segunda-feira,BR-226,36.6,Pleno dia,Decrescente,Céu Claro,Simples,Não Informado,-5.907258,-35.51194,DEL01-RN,Risco Médio,Baixa
quinta-feira,BR-381,681.7,Pleno dia,Crescente,Céu Claro,Dupla,Curva,-21.13794,-45.1052,DEL04-MG,Risco Médio,Alta
segunda-feira,BR-116,406.8,Pleno dia,Crescente,Céu Claro,Simples,Retorno Regulamentado,-18.82669,-41.98753,DEL06-MG,Risco Médio,Alta
terça-feira,BR-280,30.0,Pleno dia,Crescente,Chuva,Simples,Reta,-26.41639,-48.77129,DEL03-SC,Risco Médio,Baixa
sábado,BR-235,43.8,Anoitecer,Crescente,Chuva,Simples,Reta,-10.75277,-37.39617,DEL01-SE,Risco Médio,Baixa
sexta-feira,BR-324,611.4,Pleno dia,Decrescente,Céu Claro,Dupla,Reta,-12.85114,-38.41886,DEL01-BA,Risco Médio,Baixa
terça-feira,BR-354,757.0,Plena Noite,Crescente,Céu Claro,Simples,Curva,-22.31949,-44.84722,DEL17-MG,Risco Médio,Baixa
sexta-feira,BR-369,173.0,Pleno dia,Crescente,Céu Claro,Simples,Interseção de vias,-23.31283,-51.37285,DEL07-PR,Risco Médio,Baixa
domingo,BR-101,97.0,Pleno dia,Crescente,Sol,Simples,Ponte,-9.597656,-35.95696,DEL01-AL,Risco Médio,Alta
sábado,BR-153,505.0,Pleno dia,Crescente,Céu Claro,Simples,Curva,-26.52749,-51.35954,DEL02-PR,Risco Médio,Alta
terça-feira,BR-153,296.6,Plena Noite,Crescente,Nublado,Simples,Reta,-25.1962,-50.59869,DEL03-PR,Risco Médio,Alta
terça-feira,BR-153,44.3,Pleno dia,Decrescente,Céu Claro,Simples,Reta,-23.32523,-50.067,DEL07-PR,Risco Médio,Alta
domingo,BR-40,474.0,Plena Noite,Crescente,Nublado,Dupla,Reta,-19.49805,-44.2793,DEL02-MG,Risco Médio,Alta
sábado,BR-285,567.3,Plena Noite,Crescente,Garoa/Chuvisco,Simples,Curva,-28.41745,-54.96687,DEL12-RS,Risco Médio,Baixa
quinta-feira,BR-381,580.2,Pleno dia,Decrescente,Nublado,Dupla,Curva,-20.48844,-44.59732,DEL04-MG,Risco Médio,Alta
sábado,BR-174,451.4,Pleno dia,Crescente,Nublado,Simples,Curva,2.463659,-60.92056,DEL01-RR,Risco Médio,Baixa
quinta-feira,BR-101,74.4,Pleno dia,Crescente,Céu Claro,Dupla,Reta,-8.10672,-34.94844,DEL01-PE,Risco Médio,Alta
segunda-feira,BR-470,10.0,Pleno dia,Crescente,Nublado,Simples,Interseção de vias,-26.83372,-48.73206,DEL04-SC,Risco Médio,Baixa
quarta-feira,BR-163,152.0,Amanhecer,Decrescente,Sol,Simples,Reta,-22.95509,-54.44373,DEL09-MS,Risco Médio,Alta
segunda-feira,BR-480,129.5,Pleno dia,Decrescente,Sol,Simples,Não Informado,-27.0504,-52.6354,DEL07-SC,Risco Médio,Baixa
quinta-feira,BR-262,742.0,Pleno dia,Decrescente,Céu Claro,Simples,Não Informado,-19.29344,-57.61754,DEL03-MS,Risco Baixo,Média
sexta-feira,BR-116,316.0,Plena Noite,Decrescente,Céu Claro,Dupla,Reta,-22.4656,-44.49103,DEL07-RJ,Risco Alto,Alta
terça-feira,BR-232,7.9,Pleno dia,Crescente,Céu Claro,Dupla,Reta,-8.075009,-34.96729,DEL01-PE,Risco Baixo,Baixa
quinta-feira,BR-116,283.0,Anoitecer,Decrescente,Céu Claro,Dupla,Reta,-23.66862,-46.85552,DEL04-SP,Risco Baixo,Alta
segunda-feira,BR-101,271.0,Pleno dia,Crescente,Sol,Simples,Reta,-20.22585,-40.27101,DEL02-ES,Risco Médio,Alta
segunda-feira,BR-470,158.0,Pleno dia,Decrescente,Nublado,Simples,Reta,-27.28588,-49.78343,DEL04-SC,Risco Médio,Baixa
segunda-feira,BR-285,121.6,Plena Noite,Decrescente,Céu Claro,Simples,Interseção de vias,-28.50697,-50.94157,DEL05-RS,Risco Baixo,Baixa
sexta-feira,BR-232,133.0,Anoitecer,Crescente,Céu Claro,Dupla,Reta,-8.30608,-36.01576,DEL02-PE,Risco Médio,Baixa
sábado,BR-40,549.0,Pleno dia,Decrescente,Céu Claro,Dupla,Curva,-20.03972,-43.96703,DEL01-MG,Risco Baixo,Alta
sexta-feira,BR-163,687.0,Plena Noite,Crescente,Céu Claro,Simples,Interseção de vias,-13.0768,-55.9344,DEL06-MT,Risco Médio,Alta
terça-feira,BR-101,437.9,Pleno dia,Decrescente,Chuva,Simples,Reta,-21.06217,-41.21282,DEL03-ES,Risco Médio,Alta
terça-feira,BR-40,804.6,Pleno dia,Crescente,Chuva,Dupla,Curva,-21.86314,-43.37349,DEL05-MG,Risco Médio,Alta
domingo,BR-267,286.9,Plena Noite,Crescente,Céu Claro,Simples,Curva,-21.92863,-44.78474,DEL17-MG,Risco Alto,Baixa
domingo,BR-101,44.0,Plena Noite,Decrescente,Céu Claro,Múltipla,Reta,-7.858102,-34.90808,DEL01-PE,Risco Médio,Alta
terça-feira,BR-50,176.0,Plena Noite,Decrescente,Céu Claro,Dupla,Não Informado,-19.7792,-47.96003,DEL13-MG,Risco Médio,Média
terça-feira,BR-70,522.0,Pleno dia,Decrescente,Céu Claro,Simples,Reta,-15.66281,-56.18546,DEL01-MT,Risco Médio,Baixa
segunda-feira,BR-163,205.1,Plena Noite,Crescente,Nublado,Dupla,Reta,-16.45594,-54.66231,DEL05-MT,Risco Baixo,Alta
quarta-feira,BR-163,265.7,Plena Noite,Decrescente,Céu Claro,Dupla,Reta,-22.21864,-54.72336,DEL04-MS,Risco Médio,Alta
terça-feira,BR-40,121.0,Pleno dia,Crescente,Nublado,Múltipla,Curva,-22.78185,-43.28571,DEL01-RJ,Risco Médio,Alta
sexta-feira,BR-101,142.4,Plena Noite,Decrescente,Ignorado,Dupla,Curva,-27.05609,-48.59945,DEL04-SC,Risco Baixo,Alta
terça-feira,BR-40,554.0,Pleno dia,Crescente,Céu Claro,Dupla,Reta,-20.0858,-43.9765,DEL01-MG,Risco Médio,Alta
segunda-feira,BR-230,6.0,Pleno dia,Decrescente,Nublado,Dupla,Reta,-7.02,-34.8359,DEL01-PB,Risco Médio,Baixa
domingo,BR-101,85.9,Plena Noite,Decrescente,Nublado,Dupla,Reta,-8.180656,-34.95965,DEL01-PE,Risco Alto,Alta
quarta-feira,BR-232,75.9,Plena Noite,Crescente,Garoa/Chuvisco,Dupla,Reta,-8.197378,-35.52548,DEL02-PE,Risco Médio,Baixa
segunda-feira,BR-10,213.0,Pleno dia,Crescente,Nublado,Simples,Reta,-2.565471,-47.49271,DEL02-PA,Risco Médio,Baixa
terça-feira,BR-470,91.0,Pleno dia,Crescente,Céu Claro,Simples,Reta,-26.97769,-49.3692,DEL04-SC,Risco Médio,Baixa
sexta-feira,BR-359,526.0,Pleno dia,Decrescente,Céu Claro,Simples,Não Informado,-19.03924,-57.6204,DEL03-MS,Risco Baixo,Baixa
quarta-feira,BR-20,422.1,Pleno dia,Crescente,Chuva,Simples,Reta,-3.851029,-38.56465,DEL01-CE,Risco Médio,Baixa
segunda-feira,BR-101,84.1,Plena Noite,Decrescente,Chuva,Dupla,Reta,-26.62405,-48.71395,DEL03-SC,Risco Médio,Alta
terça-feira,BR-70,521.3,Amanhecer,Decrescente,Céu Claro,Simples,Reta,-15.66935,-56.18081,DEL01-MT,Risco Médio,Baixa