dia_semana,br,km,fase_dia,sentido_via,condicao_metereologica,tipo_pista,tracado_via,latitude,longitude,delegacia,classificacao_acidente,postos_policiais_PRF
segunda-feira,BR-381,528.1,Pleno dia,Crescente,Céu Claro,Dupla,Curva,-20.16728,-44.33408,DEL04-MG,Risco Médio,Alta
segunda-feira,BR-235,73.1,Plena Noite,Crescente,Nevoeiro/Neblina,Simples,Reta,-10.54581,-37.53688,DEL01-SE,Risco Médio,Baixa
terça-feira,BR-163,823.0,Plena Noite,Decrescente,Céu Claro,Dupla,Reta,-12.09451,-55.51767,DEL06-MT,Risco Médio,Alta
quarta-feira,BR-230,40.0,Pleno dia,Crescente,Sol,Simples,Reta,-7.1203,-40.8182,DEL04-PI,Risco Médio,Baixa
segunda-feira,BR-354,747.0,Plena Noite,Crescente,Céu Claro,Simples,Curva,-22.26579,-44.90426,DEL17-MG,Risco Médio,Baixa
terça-feira,BR-153,72.7,Pleno dia,Decrescente,Céu Claro,Simples,Reta,-20.87748,-49.42096,DEL09-SP,Risco Médio,Alta
quarta-feira,BR-262,547.5,Pleno dia,Decrescente,Nublado,Simples,Não Informado,-19.74019,-45.86035,DEL08-MG,Risco Médio,Média
sexta-feira,BR-316,318.0,Pleno dia,Decrescente,Sol,Múltipla,Reta,-7.013892,-41.5876,DEL04-PI,Risco Médio,Baixa
segunda-feira,BR-316,44.0,Plena Noite,Crescente,Céu Claro,Simples,Reta,-7.684557,-40.36287,DEL05-PE,Risco Médio,Baixa
sexta-feira,BR-359,524.7,Pleno dia,Crescente,Céu Claro,Simples,Curva,-19.02177,-57.61508,DEL03-MS,Risco Médio,Baixa
quarta-feira,BR-316,64.0,Plena Noite,Decrescente,Céu Claro,Dupla,Reta,-1.296296,-47.91984,DEL01-PA,Risco Médio,Baixa
quinta-feira,BR-277,726.0,Pleno dia,Crescente,Chuva,Dupla,Rotatória,-25.51059,-54.55481,DEL05-PR,Risco Médio,Média
domingo,BR-376,391.0,Pleno dia,Decrescente,Céu Claro,Dupla,Curva,-24.53024,-50.69808,DEL03-PR,Risco Médio,Baixa
domingo,BR-40,677.9,Pleno dia,Decrescente,Céu Claro,Simples,Reta,-21.04123,-43.76227,DEL05-MG,Risco Médio,Alta
sexta-feira,BR-259,58.0,Pleno dia,Crescente,Céu Claro,Simples,Reta,-19.51447,-40.66079,DEL02-ES,Risco Médio,Baixa
quarta-feira,BR-356,63.0,Plena Noite,Crescente,Céu Claro,Simples,Curva,-21.33357,-41.71118,DEL08-RJ,Risco Médio,Baixa
sexta-feira,BR-324,385.0,Pleno dia,Crescente,Céu Claro,Simples,Reta,-11.48859,-39.75707,DEL04-BA,Risco Médio,Baixa
segunda-feira,BR-135,173.5,Pleno dia,Crescente,Céu Claro,Simples,Reta,-3.958978,-44.4795,DEL01-MA,Risco Médio,Baixa
segunda-feira,BR-376,502.0,Pleno dia,Crescente,Céu Claro,Dupla,Reta,-25.21605,-50.05798,DEL03-PR,Risco Médio,Baixa
quarta-feira,BR-343,4.0,Pleno dia,Crescente,Céu Claro,Dupla,Reta,-5.089569,-42.80229,DEL01-PI,Risco Médio,Baixa
sábado,BR-174,211.0,Amanhecer,Crescente,Céu Claro,Simples,Reta,0.936114,-60.4265,DEL01-RR,Risco Médio,Baixa
quarta-feira,BR-470,43.6,Pleno dia,Crescente,Sol,Simples,Reta,-26.87452,-49.01345,DEL04-SC,Risco Médio,Baixa
quarta-feira,BR-367,28.7,Pleno dia,Crescente,Céu Claro,Simples,Curva,-16.40456,-39.17527,DEL09-BA,Risco Médio,Baixa
quarta-feira,BR-50,178.9,Plena Noite,Crescente,Céu Claro,Dupla,Não Informado,-19.7783,-47.9318,DEL13-MG,Risco Médio,Média
segunda-feira,BR-20,428.0,Pleno dia,Crescente,Sol,Dupla,Reta,-3.76999,-38.67006,DEL01-CE,Risco Médio,Baixa
domingo,BR-101,277.0,Plena Noite,Decrescente,Céu Claro,Dupla,Reta,-22.73944,-42.74834,DEL02-RJ,Risco Médio,Alta
sexta-feira,BR-101,106.5,Pleno dia,Decrescente,Céu Claro,Dupla,Reta,-5.910553,-35.26131,DEL01-RN,Risco Médio,Alta
sábado,BR-135,5.0,Plena Noite,Crescente,Garoa/Chuvisco,Dupla,Reta,-2.621454,-44.25797,DEL01-MA,Risco Médio,Baixa
quinta-feira,BR-60,185.0,Pleno dia,Crescente,Chuva,Dupla,Curva,-16.7956,-49.51,DEL01-GO,Risco Médio,Média
quarta-feira,BR-290,25.1,Pleno dia,Decrescente,Céu Claro,Múltipla,Reta,-29.88033,-50.50555,DEL03-RS,Risco Baixo,Baixa
terça-feira,BR-116,119.0,Plena Noite,Crescente,Chuva,Dupla,Reta,-25.54456,-49.30146,DEL01-PR,Risco Médio,Alta
sábado,BR-116,8.0,Amanhecer,Decrescente,Nublado,Dupla,Reta,-25.37026,-49.11927,DEL01-PR,Risco Médio,Alta
sexta-feira,BR-101,414.1,Pleno dia,Decrescente,Céu Claro,Simples,Interseção de vias,-20.92346,-41.07836,DEL03-ES,Risco Baixo,Alta
sexta-feira,BR-101,147.7,Pleno dia,Crescente,Céu Claro,Múltipla,Reta,-19.42231,-40.07799,DEL04-ES,Risco Médio,Alta
domingo,BR-101,214.5,Plena Noite,Crescente,Chuva,Dupla,Reta,-27.64817,-48.67332,DEL01-SC,Risco Médio,Alta
quinta-feira,BR-116,101.9,Pleno dia,Crescente,Céu Claro,Simples,Reta,-4.528568,-38.31128,DEL03-CE,Risco Médio,Alta
terça-feira,BR-153,15.0,Amanhecer,Decrescente,Nublado,Dupla,Reta,-18.5513,-49.19396,DEL15-MG,Risco Médio,Alta
domingo,BR-316,361.0,Pleno dia,Decrescente,Céu Claro,Múltipla,Retorno Regulamentado,-3.666114,-45.37787,DEL02-MA,Risco Médio,Baixa
quinta-feira,BR-316,371.0,Pleno dia,Decrescente,Chuva,Simples,Reta,-4.21021,-44.69926,DEL03-MA,Risco Médio,Baixa
sábado,BR-277,660.4,Pleno dia,Crescente,Chuva,Dupla,Curva,-25.25336,-53.99357,DEL05-PR,Risco Baixo,Média
sexta-feira,BR-101,429.0,Pleno dia,Crescente,Chuva,Simples,Curva,-22.93533,-44.0004,DEL03-RJ,Risco Baixo,Alta
terça-feira,BR-470,183.5,Pleno dia,Decrescente,Nublado,Simples,Reta,-27.25155,-50.01675,DEL04-SC,Risco Médio,Baixa
sábado,BR-101,394.0,Pleno dia,Decrescente,Céu Claro,Simples,Curva,-20.86943,-40.90382,DEL03-ES,Risco Médio,Alta
quinta-feira,BR-262,54.2,Anoitecer,Decrescente,Céu Claro,Simples,Reta,-20.41463,-40.7424,DEL01-ES,Risco Médio,Média
segunda-feira,BR-280,242.5,Pleno dia,Crescente,Céu Claro,Simples,Interseção de vias,-26.23246,-50.46647,DEL06-SC,Risco Médio,Baixa
domingo,BR-285,279.8,Pleno dia,Decrescente,Nublado,Simples,Curva,-28.25604,-52.24498,DEL08-RS,Risco Médio,Baixa
sexta-feira,BR-369,166.0,Pleno dia,Crescente,Céu Claro,Simples,Reta,-23.28929,-51.27021,DEL07-PR,Risco Baixo,Baixa
segunda-feira,BR-470,173.9,Pleno dia,Crescente,Nublado,Simples,Interseção de vias,-27.25774,-49.93057,DEL04-SC,Risco Médio,Baixa
segunda-feira,BR-280,52.0,Plena Noite,Decrescente,Nublado,Simples,Interseção de vias,-26.4701,-48.9681,DEL03-SC,Risco Baixo,Baixa
sábado,BR-40,2.2,Pleno dia,Decrescente,Céu Claro,Dupla,Reta,-16.07423,-47.98523,DEL01-DF,Risco Baixo,Alta
terça-feira,BR-116,332.9,Plena Noite,Crescente,Chuva,Dupla,Reta,-22.51203,-44.69577,DEL07-RJ,Risco Alto,Alta
terça-feira,BR-470,60.2,Pleno dia,Crescente,Nublado,Simples,Não Informado,-26.88074,-49.16708,DEL04-SC,Risco Médio,Baixa
terça-feira,BR-277,304.3,Pleno dia,Decrescente,Sol,Simples,Curva,-25.31218,-51.18344,DEL03-PR,Risco Médio,Média
quarta-feira,BR-20,9.0,Plena Noite,Decrescente,Ignorado,Simples,Desvio Temporário,-15.55479,-47.27477,DEL02-DF,Risco Médio,Baixa
quarta-feira,BR-381,515.0,Plena Noite,Decrescente,Céu Claro,Dupla,Reta,-20.10535,-44.32091,DEL04-MG,Risco Médio,Alta
quarta-feira,BR-116,14.0,Plena Noite,Crescente,Céu Claro,Simples,Reta,-8.0715,-39.13166,DEL05-PE,Risco Médio,Alta
quinta-feira,BR-163,767.3,Amanhecer,Crescente,Céu Claro,Simples,Reta,-12.54623,-55.71025,DEL06-MT,Risco Baixo,Alta
terça-feira,BR-101,401.0,Pleno dia,Decrescente,Nublado,Múltipla,Reta,-28.85594,-49.44019,DEL02-SC,Risco Médio,Alta
domingo,BR-101,450.5,Amanhecer,Decrescente,Nublado,Múltipla,Não Informado,-29.18401,-49.75511,DEL02-SC,Risco Baixo,Alta
sábado,BR-280,27.3,Plena Noite,Crescente,Nublado,Simples,Reta,-26.39923,-48.742,DEL03-SC,Risco Médio,Baixa
sábado,BR-343,328.0,Plena Noite,Decrescente,Céu Claro,Simples,Reta,-5.069324,-42.63433,DEL01-PI,Risco Médio,Baixa
sábado,BR-376,5.0,Pleno dia,Decrescente,Céu Claro,Simples,Reta,-23.54797,-51.67126,DEL09-PR,Risco Médio,Baixa
segunda-feira,BR-381,729.5,Pleno dia,Decrescente,Chuva,Dupla,Curva,-21.49935,-45.21275,DEL04-MG,Risco Médio,Alta
quinta-feira,BR-163,1001.0,Pleno dia,Decrescente,Céu Claro,Simples,Rotatória,-2.464507,-54.72745,DEL05-PA,Risco Baixo,Alta
quarta-feira,BR-316,500.0,Pleno dia,Crescente,Ignorado,Simples,Desvio Temporário,-4.7089,-43.7708,DEL03-MA,Risco Médio,Baixa
terça-feira,BR-40,43.6,Plena Noite,Crescente,Ignorado,Simples,Reta,-17.22594,-46.86169,DEL14-MG,Risco Médio,Alta
sábado,BR-386,414.6,Pleno dia,Decrescente,Chuva,Simples,Curva,-29.80068,-51.51841,DEL04-RS,Risco Médio,Média
quarta-feira,BR-222,76.6,Pleno dia,Crescente,Céu Claro,Simples,Curva,-3.671178,-39.22447,DEL04-CE,Risco Médio,Baixa
segunda-feira,BR-101,270.5,Pleno dia,Crescente,Céu Claro,Dupla,Interseção de vias,-20.23071,-40.27334,DEL02-ES,Risco Médio,Alta
sábado,BR-259,50.0,Pleno dia,Crescente,Céu Claro,Simples,Interseção de vias,-19.5101,-40.60615,DEL02-ES,Risco Médio,Baixa
domingo,BR-393,282.0,Pleno dia,Crescente,Céu Claro,Simples,Reta,-22.48083,-44.04047,DEL05-RJ,Risco Baixo,Média
domingo,BR-277,53.0,Pleno dia,Crescente,Céu Claro,Dupla,Não Informado,-25.57746,-48.97054,DEL01-PR,Risco Médio,Média
terça-feira,BR-101,146.7,Plena Noite,Crescente,Chuva,Simples,Reta,-19.36991,-40.06561,DEL04-ES,Risco Médio,Alta
domingo,BR-364,128.0,Pleno dia,Crescente,Nublado,Simples,Reta,-10.02644,-67.82069,DEL01-AC,Risco Médio,Alta
quinta-feira,BR-101,32.4,Plena Noite,Decrescente,Nublado,Simples,Reta,-23.3879,-44.98069,DEL06-SP,Risco Médio,Alta
quarta-feira,BR-101,147.0,Pleno dia,Decrescente,Céu Claro,Simples,Reta,-27.09237,-48.61731,DEL04-SC,Risco Médio,Alta
domingo,BR-163,583.0,Plena Noite,Crescente,Céu Claro,Simples,Reta,-14.05794,-56.09856,DEL01-MT,Risco Médio,Alta
domingo,BR-365,117.5,Pleno dia,Crescente,Chuva,Simples,Reta,-17.17732,-44.67424,DEL12-MG,Risco Médio,Média
terça-feira,BR-282,343.0,Pleno dia,Decrescente,Nublado,Simples,Reta,-27.3692,-51.2536,DEL07-SC,Risco Médio,Baixa
quinta-feira,BR-70,408.0,Plena Noite,Crescente,Céu Claro,Simples,Reta,-15.6739,-55.27586,DEL02-MT,Risco Baixo,Baixa
sábado,BR-153,172.7,Pleno dia,Decrescente,Céu Claro,Simples,Interseção de vias,-19.78523,-48.96606,DEL13-MG,Risco Médio,Alta
segunda-feira,BR-427,96.9,Pleno dia,Crescente,Céu Claro,Simples,Reta,-6.4737,-37.07407,DEL03-RN,Risco Médio,Baixa
domingo,BR-251,30.0,Pleno dia,Decrescente,Nublado,Dupla,Reta,-16.76907,-47.614,DEL01-DF,Risco Médio,Baixa
domingo,BR-364,56.0,Plena Noite,Crescente,Céu Claro,Simples,Reta,-18.76652,-50.92754,DEL05-GO,Risco Médio,Alta
sábado,BR-280,21.3,Plena Noite,Decrescente,Céu Claro,Simples,Reta,-26.37065,-48.69539,DEL03-SC,Risco Médio,Baixa
segunda-feira,BR-101,826.0,Pleno dia,Crescente,Chuva,Simples,Curva,-17.33255,-39.63082,DEL09-BA,Risco Médio,Alta
sexta-feira,BR-101,409.0,Plena Noite,Decrescente,Céu Claro,Dupla,Reta,-22.89149,-43.84126,DEL03-RJ,Risco Alto,Alta
terça-feira,BR-287,355.6,Pleno dia,Decrescente,Nublado,Simples,Interseção de vias,-29.48264,-54.68983,DEL12-RS,Risco Médio,Baixa
quarta-feira,BR-476,209.5,Plena Noite,Decrescente,Nevoeiro/Neblina,Simples,Curva,-25.7807,-49.84119,DEL02-PR,Risco Médio,Baixa
sexta-feira,BR-101,203.5,Pleno dia,Decrescente,Sol,Múltipla,Reta,-27.565,-48.6146,DEL01-SC,Risco Baixo,Alta
sábado,BR-476,104.0,Plena Noite,Crescente,Céu Claro,Simples,Curva,-25.27128,-49.14089,DEL01-PR,Risco Alto,Baixa
domingo,BR-262,54.7,Amanhecer,Crescente,Nublado,Simples,Reta,-20.26135,-42.16469,DEL06-MG,Risco Médio,Média
sexta-feira,BR-365,706.0,Pleno dia,Crescente,Garoa/Chuvisco,Dupla,Desvio Temporário,-18.87802,-49.05717,DEL15-MG,Risco Médio,Média
sexta-feira,BR-101,296.0,Pleno dia,Decrescente,Céu Claro,Dupla,Viaduto,-20.3403,-40.40406,DEL01-ES,Risco Médio,Alta
sábado,BR-262,433.7,Plena Noite,Decrescente,Céu Claro,Dupla,Reta,-19.89021,-44.83339,DEL08-MG,Risco Alto,Média
segunda-feira,BR-101,133.0,Pleno dia,Crescente,Céu Claro,Simples,Reta,-9.772675,-36.10117,DEL02-AL,Risco Médio,Alta
terça-feira,BR-316,272.9,Pleno dia,Crescente,Céu Claro,Simples,Não Informado,-6.940293,-41.74282,DEL04-PI,Risco Médio,Baixa
sábado,BR-393,288.0,Pleno dia,Decrescente,Céu Claro,Dupla,Reta,-22.51467,-44.10308,DEL05-RJ,Risco Baixo,Média
sábado,BR-101,294.0,Plena Noite,Crescente,Céu Claro,Dupla,Não Informado,-20.32422,-40.39512,DEL01-ES,Risco Médio,Alta
domingo,BR-40,4.1,Plena Noite,Crescente,Chuva,Dupla,Curva,-22.01422,-43.23575,DEL06-RJ,Risco Médio,Alta
sexta-feira,BR-101,337.0,Plena Noite,Decrescente,Céu Claro,Dupla,Interseção de vias,-28.4791,-49.0338,DEL02-SC,Risco Baixo,Alta
domingo,BR-242,377.0,Pleno dia,Crescente,Nublado,Simples,Curva,-12.43835,-41.50301,DEL06-BA,Risco Médio,Baixa
sexta-feira,BR-116,324.5,Pleno dia,Crescente,Nublado,Simples,Reta,-18.18939,-41.71198,DEL11-MG,Risco Baixo,Alta
quarta-feira,BR-262,175.0,Pleno dia,Crescente,Chuva,Simples,Reta,-20.2765,-41.6363,DEL01-ES,Risco Baixo,Média
quarta-feira,BR-467,72.3,Pleno dia,Decrescente,Céu Claro,Dupla,Reta,-24.7253,-53.7052,DEL04-PR,Risco Médio,Baixa
segunda-feira,BR-101,49.0,Pleno dia,Decrescente,Sol,Múltipla,Reta,-7.900515,-34.90181,DEL01-PE,Risco Médio,Alta
domingo,BR-101,290.0,Pleno dia,Crescente,Céu Claro,Dupla,Reta,-22.76708,-42.86081,DEL02-RJ,Risco Médio,Alta
quarta-feira,BR-116,695.7,Pleno dia,Crescente,Chuva,Simples,Não Informado,-21.06688,-42.36774,DEL07-MG,Risco Médio,Alta
quarta-feira,BR-470,157.0,Pleno dia,Crescente,Céu Claro,Simples,Reta,-28.79507,-51.61584,DEL06-RS,Risco Médio,Baixa
quarta-feira,BR-101,218.0,Plena Noite,Crescente,Nublado,Dupla,Reta,-27.6769,-48.6703,DEL01-SC,Risco Baixo,Alta
sábado,BR-60,385.0,Plena Noite,Decrescente,Céu Claro,Dupla,Não Informado,-17.7964,-50.914,DEL04-GO,Risco Médio,Média
sábado,BR-101,305.3,Plena Noite,Crescente,Céu Claro,Dupla,Reta,-28.39728,-48.78335,DEL02-SC,Risco Médio,Alta
quinta-feira,BR-324,599.0,Pleno dia,Crescente,Sol,Dupla,Reta,-12.75144,-38.43175,DEL01-BA,Risco Baixo,Baixa
sexta-feira,BR-116,270.0,Plena Noite,Decrescente,Céu Claro,Múltipla,Reta,-29.96839,-51.17624,DEL01-RS,Risco Baixo,Alta
quinta-feira,BR-232,4.6,Plena Noite,Decrescente,Nublado,Dupla,Viaduto,-8.066474,-34.9413,DEL01-PE,Risco Baixo,Baixa
quarta-feira,BR-60,109.0,Pleno dia,Crescente,Nublado,Dupla,Curva,-16.4478,-49.0224,DEL01-GO,Risco Médio,Média
terça-feira,BR-407,231.0,Pleno dia,Crescente,Céu Claro,Simples,Curva,-11.37984,-40.01892,DEL04-BA,Risco Médio,Baixa
sexta-feira,BR-40,622.2,Pleno dia,Crescente,Nevoeiro/Neblina,Simples,Reta,-20.60168,-43.80683,DEL05-MG,Risco Baixo,Alta
domingo,BR-393,128.0,Plena Noite,Crescente,Garoa/Chuvisco,Simples,Curva,-21.9598,-42.85154,DEL04-RJ,Risco Baixo,Média
sexta-feira,BR-135,313.0,Plena Noite,Crescente,Céu Claro,Simples,Reta,-8.7797,-44.1914,DEL03-PI,Risco Alto,Baixa
domingo,BR-290,90.0,Pleno dia,Decrescente,Chuva,Dupla,Reta,-29.96832,-51.1574,DEL01-RS,Risco Baixo,Baixa
sexta-feira,BR-101,492.0,Plena Noite,Crescente,Nublado,Simples,Curva,-14.74035,-39.33105,DEL05-BA,Risco Médio,Alta
sábado,BR-369,33.0,Plena Noite,Crescente,Céu Claro,Simples,Curva,-23.03179,-50.20608,DEL07-PR,Risco Alto,Baixa
quarta-feira,BR-364,237.7,Pleno dia,Crescente,Sol,Simples,Retorno Regulamentado,-11.44341,-61.44674,DEL02-RO,Risco Médio,Alta
quinta-feira,BR-60,11.3,Pleno dia,Crescente,Céu Claro,Dupla,Não Informado,-16.1153,-48.32491,DEL01-DF,Risco Médio,Média
domingo,BR-407,71.0,Pleno dia,Decrescente,Céu Claro,Simples,Reta,-9.934272,-40.25635,DEL04-BA,Risco Médio,Baixa
segunda-feira,BR-101,51.0,Pleno dia,Decrescente,Céu Claro,Múltipla,Reta,-7.916997,-34.89689,DEL01-PE,Risco Baixo,Alta
sábado,BR-280,56.0,Pleno dia,Crescente,Céu Claro,Simples,Curva,-26.57116,-48.95807,DEL03-SC,Risco Alto,Baixa
segunda-feira,BR-364,272.0,Anoitecer,Decrescente,Céu Claro,Dupla,Curva,-15.96026,-54.96943,DEL02-MT,Risco Médio,Alta
quarta-feira,BR-277,297.5,Pleno dia,Crescente,Chuva,Simples,Não Informado,-25.29358,-51.12556,DEL03-PR,Risco Médio,Média
sexta-feira,BR-101,271.0,Pleno dia,Crescente,Chuva,Dupla,Reta,-20.23098,-40.27927,DEL02-ES,Risco Médio,Alta
sábado,BR-367,135.0,Plena Noite,Decrescente,Céu Claro,Simples,Não Informado,-16.0888,-39.61868,DEL09-BA,Risco Alto,Baixa
quinta-feira,BR-277,725.0,Plena Noite,Decrescente,Céu Claro,Dupla,Reta,-25.50824,-54.5462,DEL05-PR,Risco Médio,Média
terça-feira,BR-324,625.0,Plena Noite,Decrescente,Nublado,Múltipla,Reta,-12.94195,-38.47081,DEL01-BA,Risco Médio,Baixa
sábado,BR-40,792.5,Plena Noite,Crescente,Ignorado,Dupla,Curva,-21.79449,-43.41425,DEL05-MG,Risco Médio,Alta
quarta-feira,BR-116,27.6,Pleno dia,Decrescente,Chuva,Dupla,Curva,-22.62269,-44.90952,DEL08-SP,Risco Médio,Alta
quarta-feira,BR-163,253.2,Pleno dia,Crescente,Nublado,Dupla,Curva,-22.27882,-54.82221,DEL04-MS,Risco Médio,Alta
quarta-feira,BR-116,1.0,Pleno dia,Crescente,Céu Claro,Dupla,Curva,-3.761599,-38.51901,DEL01-CE,Risco Baixo,Alta
terça-feira,BR-135,282.0,Amanhecer,Crescente,Céu Claro,Simples,Curva,-8.5867,-43.9998,DEL03-PI,Risco Baixo,Baixa
sexta-feira,BR-277,653.9,Pleno dia,Crescente,Céu Claro,Simples,Reta,-25.2215,-53.95136,DEL05-PR,Risco Baixo,Média
terça-feira,BR-40,576.0,Pleno dia,Decrescente,Céu Claro,Simples,Reta,-20.26486,-43.95735,DEL01-MG,Risco Médio,Alta
quarta-feira,BR-101,195.0,Amanhecer,Decrescente,Garoa/Chuvisco,Múltipla,Reta,-27.50471,-48.65011,DEL01-SC,Risco Médio,Alta
quinta-feira,BR-369,146.4,Anoitecer,Decrescente,Nublado,Dupla,Reta,-23.29344,-51.11872,DEL07-PR,Risco Baixo,Baixa
sexta-feira,BR-364,276.7,Plena Noite,Crescente,Céu Claro,Simples,Não Informado,-15.95344,-54.99098,DEL02-MT,Risco Alto,Alta
sábado,BR-40,727.0,Plena Noite,Decrescente,Nublado,Dupla,Não Informado,-21.3352,-43.587,DEL05-MG,Risco Baixo,Alta
terça-feira,BR-116,206.0,Amanhecer,Crescente,Céu Claro,Dupla,Reta,-22.71752,-43.7077,DEL01-RJ,Risco Baixo,Alta
quarta-feira,BR-285,373.3,Pleno dia,Decrescente,Sol,Simples,Rotatória,-28.40975,-53.0918,DEL10-RS,Risco Médio,Baixa
sábado,BR-116,129.0,Plena Noite,Crescente,Céu Claro,Dupla,Reta,-25.63028,-49.31381,DEL01-PR,Risco Baixo,Alta
sexta-feira,BR-60,0.3,Pleno dia,Crescente,Nublado,Dupla,Reta,-15.8825,-48.06021,DEL01-DF,Risco Médio,Média
sábado,BR-116,230.0,Amanhecer,Decrescente,Céu Claro,Múltipla,Reta,-23.51765,-46.581,DEL01-SP,Risco Alto,Alta
quarta-feira,BR-232,9.0,Pleno dia,Decrescente,Sol,Dupla,Desvio Temporário,-8.077644,-34.97864,DEL01-PE,Risco Baixo,Baixa
domingo,BR-381,562.0,Pleno dia,Crescente,Céu Claro,Dupla,Reta,-20.3778,-44.4764,DEL04-MG,Risco Médio,Alta
quarta-feira,BR-116,136.4,Pleno dia,Decrescente,Céu Claro,Dupla,Reta,-23.1487,-45.7785,DEL06-SP,Risco Médio,Alta
quarta-feira,BR-40,300.0,Pleno dia,Decrescente,Céu Claro,Simples,Não Informado,-18.3511,-45.09302,DEL14-MG,Risco Médio,Alta
sexta-feira,BR-280,33.2,Pleno dia,Decrescente,Nublado,Simples,Reta,-26.42639,-48.78845,DEL03-SC,Risco Médio,Baixa
segunda-feira,BR-163,761.1,Pleno dia,Decrescente,Céu Claro,Simples,Reta,-18.24939,-54.65975,DEL06-MS,Risco Médio,Alta
sexta-feira,BR-262,96.9,Amanhecer,Crescente,Céu Claro,Simples,Reta,-20.36143,-41.07392,DEL01-ES,Risco Médio,Média
domingo,BR-116,391.0,Pleno dia,Decrescente,Céu Claro,Simples,Reta,-30.832,-51.73052,DEL02-RS,Risco Médio,Alta
sábado,BR-480,129.7,Pleno dia,Decrescente,Chuva,Simples,Reta,-27.05272,-52.63631,DEL07-SC,Risco Baixo,Baixa
sábado,BR-70,389.8,Pleno dia,Crescente,Nublado,Simples,Reta,-15.8739,-51.52802,DEL04-GO,Risco Baixo,Baixa
quinta-feira,BR-262,366.7,Pleno dia,Crescente,Sol,Dupla,Não Informado,-19.97422,-44.2618,DEL01-MG,Risco Médio,Média
sexta-feira,BR-40,731.2,Pleno dia,Crescente,Garoa/Chuvisco,Dupla,Não Informado,-21.36488,-43.57762,DEL05-MG,Risco Médio,Alta
domingo,BR-267,146.6,Pleno dia,Crescente,Céu Claro,Simples,Curva,-21.81205,-43.7228,DEL05-MG,Risco Alto,Baixa
terça-feira,BR-277,654.0,Pleno dia,Decrescente,Céu Claro,Simples,Curva,-25.22232,-53.95132,DEL05-PR,Risco Médio,Média
sexta-feira,BR-282,530.0,Plena Noite,Crescente,Céu Claro,Simples,Reta,-26.98655,-52.60524,DEL07-SC,Risco Médio,Baixa
sexta-feira,BR-101,149.0,Pleno dia,Decrescente,Céu Claro,Dupla,Reta,-27.10896,-48.61278,DEL04-SC,Risco Baixo,Alta
sexta-feira,BR-324,422.0,Pleno dia,Decrescente,Céu Claro,Simples,Desvio Temporário,-11.70967,-39.52079,DEL04-BA,Risco Médio,Baixa
sexta-feira,BR-163,664.0,Plena Noite,Decrescente,Céu Claro,Simples,Não Informado,-19.08065,-54.78732,DEL06-MS,Risco Baixo,Alta
quinta-feira,BR-343,10.0,Anoitecer,Crescente,Céu Claro,Simples,Reta,-2.902034,-41.74165,DEL05-PI,Risco Médio,Baixa
sexta-feira,BR-230,24.0,Plena Noite,Decrescente,Nublado,Dupla,Não Informado,-7.166928,-34.86363,DEL01-PB,Risco Médio,Baixa
quinta-feira,BR-373,179.0,Anoitecer,Decrescente,Nublado,Simples,Reta,-25.05019,-50.29414,DEL03-PR,Risco Médio,Baixa
quarta-feira,BR-373,406.0,Amanhecer,Crescente,Nublado,Simples,Reta,-25.61612,-52.06309,DEL08-PR,Risco Médio,Baixa
sábado,BR-222,7.5,Pleno dia,Crescente,Nublado,Dupla,Reta,-3.75173,-38.63459,DEL01-CE,Risco Alto,Baixa
quinta-feira,BR-116,337.0,Pleno dia,Decrescente,Nublado,Dupla,Não Informado,-23.98209,-47.14557,DEL04-SP,Risco Médio,Alta
domingo,BR-116,413.0,Pleno dia,Crescente,Nublado,Simples,Reta,-12.13955,-38.96757,DEL02-BA,Risco Médio,Alta
sexta-feira,BR-20,13.7,Pleno dia,Decrescente,Céu Claro,Dupla,Reta,-15.63631,-47.74406,DEL02-DF,Risco Baixo,Baixa
terça-feira,BR-376,601.0,Pleno dia,Decrescente,Céu Claro,Múltipla,Não Informado,-25.53705,-49.31404,DEL01-PR,Risco Médio,Baixa
quinta-feira,BR-163,1001.0,Anoitecer,Crescente,Céu Claro,Simples,Reta,-2.457824,-54.7282,DEL05-PA,Risco Médio,Alta
segunda-feira,BR-376,658.2,Pleno dia,Decrescente,Garoa/Chuvisco,Dupla,Curva,-25.84648,-49.0092,DEL01-PR,Risco Médio,Baixa
segunda-feira,BR-116,414.8,Pleno dia,Crescente,Céu Claro,Simples,Ponte,-18.8842,-41.95095,DEL06-MG,Risco Médio,Alta
domingo,BR-104,159.0,Pleno dia,Decrescente,Nublado,Simples,Reta,-7.512258,-35.97473,DEL02-PB,Risco Médio,Baixa
sábado,BR-287,419.7,Amanhecer,Crescente,Céu Claro,Simples,Reta,-29.05377,-54.98966,DEL12-RS,Risco Alto,Baixa
sábado,BR-470,6.1,Pleno dia,Crescente,Nublado,Simples,Reta,-26.85224,-48.70954,DEL04-SC,Risco Médio,Baixa
sábado,BR-262,770.9,Plena Noite,Decrescente,Garoa/Chuvisco,Simples,Reta,-19.0372,-57.64667,DEL03-MS,Risco Médio,Média
sábado,BR-381,532.0,Pleno dia,Decrescente,Chuva,Dupla,Curva,-20.19043,-44.38269,DEL04-MG,Risco Médio,Alta
domingo,BR-290,345.0,Pleno dia,Crescente,Sol,Simples,Não Informado,-30.36124,-53.62507,DEL09-RS,Risco Alto,Baixa
sexta-feira,BR-20,169.0,Pleno dia,Crescente,Céu Claro,Simples,Reta,-14.55413,-46.55828,DEL02-DF,Risco Médio,Baixa