dia_semana,br,km,fase_dia,sentido_via,condicao_metereologica,tipo_pista,tracado_via,latitude,longitude,delegacia,classificacao_acidente,postos_policiais_PRF
sábado,BR-230,15.8,Plena Noite,Decrescente,Garoa/Chuvisco,Dupla,Curva,-7.101722,-34.84628,DEL01-PB,Risco Médio,Baixa
quinta-feira,BR-104,62.0,Plena Noite,Crescente,Céu Claro,Múltipla,Reta,-8.2618,-35.976,DEL02-PE,Risco Baixo,Baixa
sábado,BR-116,720.0,Pleno dia,Decrescente,Céu Claro,Simples,Curva,-14.1966,-40.26941,DEL08-BA,Risco Médio,Alta
quinta-feira,BR-163,797.5,Pleno dia,Decrescente,Céu Claro,Simples,Reta,-12.19625,-55.5347,DEL06-MT,Risco Baixo,Alta
segunda-feira,BR-365,320.9,Plena Noite,Crescente,Céu Claro,Simples,Reta,-18.26944,-45.8858,DEL10-MG,Risco Médio,Média
quinta-feira,BR-251,430.0,Pleno dia,Crescente,Céu Claro,Simples,Reta,-16.3438,-43.1457,DEL12-MG,Risco Médio,Baixa
domingo,BR-116,221.3,Plena Noite,Crescente,Céu Claro,Simples,Curva,-27.59522,-50.35868,DEL05-SC,Risco Médio,Alta
sábado,BR-116,269.0,Plena Noite,Decrescente,Chuva,Dupla,Reta,-29.95943,-51.17609,DEL01-RS,Risco Baixo,Alta
quarta-feira,BR-101,893.0,Pleno dia,Decrescente,Chuva,Simples,Reta,-17.6668,-39.7732,DEL09-BA,Risco Alto,Alta
segunda-feira,BR-316,39.0,Pleno dia,Decrescente,Chuva,Simples,Reta,-1.922581,-46.04115,DEL02-MA,Risco Baixo,Baixa
segunda-feira,BR-116,567.0,Pleno dia,Crescente,Chuva,Simples,Curva,-25.04755,-48.55355,DEL05-SP,Risco Baixo,Alta
sábado,BR-290,57.0,Pleno dia,Crescente,Nublado,Dupla,Desvio Temporário,-29.91862,-50.82821,DEL03-RS,Risco Médio,Baixa
quinta-feira,BR-324,621.0,Pleno dia,Crescente,Céu Claro,Dupla,Reta,-12.91234,-38.45957,DEL01-BA,Risco Baixo,Baixa
domingo,BR-285,456.4,Pleno dia,Decrescente,Céu Claro,Simples,Rotatória,-28.38524,-53.88842,DEL10-RS,Risco Médio,Baixa
domingo,BR-277,604.9,Plena Noite,Decrescente,Céu Claro,Simples,Não Informado,-25.02906,-53.56961,DEL05-PR,Risco Baixo,Média
quinta-feira,BR-364,507.0,Pleno dia,Decrescente,Céu Claro,Simples,Reta,-9.983488,-63.02363,DEL03-RO,Risco Médio,Alta
domingo,BR-381,457.0,Pleno dia,Crescente,Céu Claro,Simples,Reta,-19.83986,-43.87765,DEL01-MG,Risco Médio,Alta
terça-feira,BR-153,591.0,Pleno dia,Decrescente,Chuva,Simples,Desvio Temporário,-31.2774,-53.9087,DEL11-RS,Risco Baixo,Alta
sábado,BR-116,12.0,Amanhecer,Decrescente,Céu Claro,Múltipla,Interseção de vias,-3.852583,-38.49535,DEL01-CE,Risco Médio,Alta
quinta-feira,BR-369,197.6,Pleno dia,Crescente,Céu Claro,Dupla,Curva,-23.51906,-51.42899,DEL07-PR,Risco Baixo,Baixa
segunda-feira,BR-101,184.3,Pleno dia,Crescente,Sol,Dupla,Reta,-27.41614,-48.62664,DEL01-SC,Risco Baixo,Alta
sábado,BR-40,498.7,Plena Noite,Decrescente,Chuva,Dupla,Reta,-19.6981,-44.1762,DEL02-MG,Risco Médio,Alta
terça-feira,BR-101,101.0,Plena Noite,Crescente,Nublado,Simples,Reta,-8.275743,-35.05378,DEL01-PE,Risco Baixo,Alta
sexta-feira,BR-101,29.2,Plena Noite,Decrescente,Garoa/Chuvisco,Simples,Ponte,-10.43516,-36.93334,DEL02-SE,Risco Médio,Alta
sexta-feira,BR-116,6.2,Plena Noite,Crescente,Chuva,Dupla,Reta,-22.53158,-44.75375,DEL08-SP,Risco Médio,Alta
sexta-feira,BR-369,516.2,Plena Noite,Decrescente,Céu Claro,Simples,Não Informado,-24.9006,-53.3634,DEL04-PR,Risco Baixo,Baixa
terça-feira,BR-262,415.6,Anoitecer,Crescente,Céu Claro,Dupla,Ponte,-19.88488,-44.73069,DEL08-MG,Risco Médio,Média
quarta-feira,BR-364,712.0,Pleno dia,Crescente,Sol,Dupla,Rotatória,-8.777035,-63.87316,DEL01-RO,Risco Médio,Alta
sábado,BR-60,424.2,Amanhecer,Crescente,Céu Claro,Simples,Reta,-20.92417,-54.95414,DEL01-MS,Risco Médio,Média
sábado,BR-101,266.0,Pleno dia,Decrescente,Sol,Múltipla,Reta,-20.19298,-40.26848,DEL02-ES,Risco Médio,Alta
domingo,BR-116,41.0,Plena Noite,Crescente,Chuva,Simples,Interseção de vias,-22.13944,-42.7866,DEL04-RJ,Risco Médio,Alta
sábado,BR-163,107.4,Pleno dia,Decrescente,Céu Claro,Simples,Reta,-26.42912,-53.52002,DEL07-SC,Risco Baixo,Alta
quarta-feira,BR-435,85.0,Pleno dia,Crescente,Céu Claro,Simples,Reta,-13.11885,-60.53173,DEL04-RO,Risco Médio,Baixa
sexta-feira,BR-381,481.7,Pleno dia,Decrescente,Céu Claro,Múltipla,Reta,-19.95932,-44.08826,DEL01-MG,Risco Médio,Alta
sexta-feira,BR-116,513.0,Amanhecer,Decrescente,Nublado,Simples,Curva,-24.8511,-48.21802,DEL05-SP,Risco Médio,Alta
quarta-feira,BR-262,910.0,Plena Noite,Crescente,Céu Claro,Dupla,Reta,-19.63919,-48.8395,DEL13-MG,Risco Baixo,Média
sexta-feira,BR-386,320.2,Pleno dia,Crescente,Céu Claro,Simples,Reta,-29.2836,-52.12674,DEL04-RS,Risco Médio,Média
quinta-feira,BR-354,746.0,Pleno dia,Decrescente,Céu Claro,Simples,Interseção de vias,-22.19409,-44.97288,DEL05-MG,Risco Baixo,Baixa
quarta-feira,BR-116,537.0,Pleno dia,Decrescente,Céu Claro,Simples,Curva,-19.8662,-42.13524,DEL06-MG,Risco Médio,Alta
segunda-feira,BR-116,636.5,Pleno dia,Crescente,Nublado,Simples,Curva,-20.62691,-42.22298,DEL07-MG,Risco Alto,Alta
segunda-feira,BR-376,590.0,Amanhecer,Crescente,Céu Claro,Múltipla,Reta,-25.45156,-49.36238,DEL01-PR,Risco Baixo,Baixa
sexta-feira,BR-116,397.1,Pleno dia,Crescente,Céu Claro,Simples,Viaduto,-24.29511,-47.48028,DEL04-SP,Risco Médio,Alta
segunda-feira,BR-282,349.1,Plena Noite,Crescente,Nublado,Simples,Reta,-27.35805,-51.28248,DEL07-SC,Risco Médio,Baixa
quarta-feira,BR-262,162.0,Pleno dia,Crescente,Nublado,Simples,Reta,-19.9603,-42.8537,DEL03-MG,Risco Baixo,Média
segunda-feira,BR-104,8.0,Pleno dia,Crescente,Céu Claro,Simples,Desvio Temporário,-9.01187,-36.0535,DEL01-AL,Risco Médio,Baixa
quinta-feira,BR-101,335.0,Plena Noite,Decrescente,Céu Claro,Dupla,Reta,-28.47,-49.01635,DEL02-SC,Risco Médio,Alta
sábado,BR-230,4.0,Pleno dia,Crescente,Céu Claro,Dupla,Reta,-6.984944,-34.82912,DEL01-PB,Risco Médio,Baixa
sábado,BR-230,249.0,Pleno dia,Decrescente,Céu Claro,Simples,Reta,-6.9847,-42.5309,DEL03-PI,Risco Médio,Baixa
sexta-feira,BR-60,6.6,Pleno dia,Decrescente,Céu Claro,Dupla,Curva,-16.10219,-48.28826,DEL01-DF,Risco Médio,Média
sexta-feira,BR-153,413.4,Pleno dia,Crescente,Céu Claro,Simples,Não Informado,-26.07797,-50.78794,DEL02-PR,Risco Médio,Alta
quinta-feira,BR-40,703.5,Pleno dia,Decrescente,Sol,Dupla,Reta,-21.22809,-43.72796,DEL05-MG,Risco Baixo,Alta
sexta-feira,BR-316,82.2,Plena Noite,Decrescente,Nublado,Simples,Reta,-7.873612,-40.088,DEL05-PE,Risco Médio,Baixa
sexta-feira,BR-116,529.6,Amanhecer,Decrescente,Chuva,Simples,Interseção de vias,-31.7451,-52.40479,DEL07-RS,Risco Médio,Alta
sexta-feira,BR-392,72.3,Pleno dia,Crescente,Céu Claro,Simples,Rotatória,-31.7211,-52.38984,DEL07-RS,Risco Médio,Média
domingo,BR-116,61.0,Pleno dia,Crescente,Céu Claro,Simples,Curva,-16.1442,-41.429,DEL11-MG,Risco Baixo,Alta
domingo,BR-267,122.4,Plena Noite,Decrescente,Ignorado,Simples,Reta,-21.70965,-43.4859,DEL05-MG,Risco Médio,Baixa
quarta-feira,BR-262,826.3,Pleno dia,Crescente,Céu Claro,Dupla,Reta,-19.76206,-48.1388,DEL13-MG,Risco Médio,Média
quinta-feira,BR-116,261.1,Plena Noite,Decrescente,Céu Claro,Dupla,Reta,-29.88798,-51.17901,DEL01-RS,Risco Médio,Alta
segunda-feira,BR-386,345.2,Plena Noite,Crescente,Nublado,Dupla,Reta,-29.44955,-51.9701,DEL04-RS,Risco Baixo,Média
domingo,BR-116,427.0,Plena Noite,Decrescente,Céu Claro,Simples,Reta,-30.99035,-52.03836,DEL02-RS,Risco Médio,Alta
segunda-feira,BR-70,7.0,Pleno dia,Decrescente,Céu Claro,Simples,Reta,-15.87814,-52.31679,DEL07-MT,Risco Alto,Baixa
terça-feira,BR-381,64.0,Pleno dia,Crescente,Céu Claro,Dupla,Desvio Temporário,-23.3091,-46.5796,DEL03-SP,Risco Baixo,Alta
terça-feira,BR-116,27.0,Pleno dia,Decrescente,Céu Claro,Dupla,Curva,-25.1084,-48.79507,DEL01-PR,Risco Médio,Alta
sábado,BR-116,208.8,Plena Noite,Crescente,Nublado,Simples,Não Informado,-26.07336,-49.74366,DEL06-SC,Risco Médio,Alta
sexta-feira,BR-101,112.0,Pleno dia,Crescente,Céu Claro,Simples,Curva,-9.6238,-36.0302,DEL02-AL,Risco Baixo,Alta
quarta-feira,BR-50,46.5,Pleno dia,Decrescente,Sol,Dupla,Reta,-18.72569,-48.20551,DEL15-MG,Risco Baixo,Média
sexta-feira,BR-40,109.0,Plena Noite,Decrescente,Céu Claro,Dupla,Reta,-22.67375,-43.28638,DEL01-RJ,Risco Médio,Alta
terça-feira,BR-116,259.0,Anoitecer,Decrescente,Chuva,Simples,Reta,-29.87041,-51.17991,DEL01-RS,Risco Médio,Alta
terça-feira,BR-470,155.2,Pleno dia,Crescente,Chuva,Simples,Curva,-27.27649,-49.74094,DEL04-SC,Risco Médio,Baixa
domingo,BR-354,3.0,Pleno dia,Crescente,Chuva,Simples,Curva,-22.3862,-44.75397,DEL07-RJ,Risco Médio,Baixa
sábado,BR-369,150.0,Plena Noite,Decrescente,Céu Claro,Dupla,Interseção de vias,-23.29758,-51.20178,DEL07-PR,Risco Médio,Baixa
domingo,BR-40,606.0,Plena Noite,Decrescente,Céu Claro,Simples,Reta,-20.46835,-43.84095,DEL05-MG,Risco Baixo,Alta
terça-feira,BR-101,25.3,Plena Noite,Crescente,Garoa/Chuvisco,Simples,Interseção de vias,-26.18347,-48.91059,DEL03-SC,Risco Médio,Alta
sábado,BR-116,151.0,Plena Noite,Crescente,Céu Claro,Simples,Reta,-25.82348,-49.33548,DEL01-PR,Risco Baixo,Alta
domingo,BR-282,398.4,Amanhecer,Crescente,Nevoeiro/Neblina,Simples,Não Informado,-27.14653,-51.61266,DEL07-SC,Risco Médio,Baixa
sábado,BR-282,212.0,Pleno dia,Crescente,Céu Claro,Simples,Reta,-27.78226,-50.25138,DEL05-SC,Risco Baixo,Baixa
sábado,BR-40,106.0,Pleno dia,Decrescente,Céu Claro,Dupla,Reta,-22.64679,-43.28373,DEL01-RJ,Risco Médio,Alta
domingo,BR-476,58.0,Pleno dia,Crescente,Nublado,Simples,Curva,-24.99071,-49.08678,DEL01-PR,Risco Baixo,Baixa
quinta-feira,BR-277,725.3,Anoitecer,Crescente,Céu Claro,Dupla,Desvio Temporário,-25.50824,-54.5462,DEL05-PR,Risco Baixo,Média
terça-feira,BR-116,232.0,Amanhecer,Decrescente,Chuva,Simples,Não Informado,-17.5022,-41.4905,DEL11-MG,Risco Baixo,Alta
segunda-feira,BR-60,7.7,Pleno dia,Decrescente,Céu Claro,Dupla,Não Informado,-15.90124,-48.12233,DEL01-DF,Risco Baixo,Média
sábado,BR-381,2.8,Plena Noite,Crescente,Garoa/Chuvisco,Dupla,Curva,-22.87811,-46.39814,DEL03-SP,Risco Médio,Alta
sexta-feira,BR-116,270.0,Pleno dia,Decrescente,Sol,Simples,Reta,-22.56088,-44.12224,DEL07-RJ,Risco Baixo,Alta
quinta-feira,BR-262,518.9,Plena Noite,Decrescente,Chuva,Simples,Reta,-19.79126,-45.60084,DEL08-MG,Risco Médio,Média
domingo,BR-476,131.4,Plena Noite,Crescente,Chuva,Dupla,Reta,-25.45684,-49.24866,DEL01-PR,Risco Médio,Baixa
quarta-feira,BR-316,94.6,Plena Noite,Crescente,Céu Claro,Simples,Reta,-5.81336,-42.51674,DEL04-PI,Risco Médio,Baixa
segunda-feira,BR-40,617.5,Pleno dia,Crescente,Céu Claro,Simples,Interseção de vias,-20.55654,-43.81433,DEL05-MG,Risco Médio,Alta
quinta-feira,BR-101,48.9,Pleno dia,Crescente,Céu Claro,Dupla,Reta,-10.58662,-36.97002,DEL02-SE,Risco Médio,Alta
sexta-feira,BR-226,117.7,Pleno dia,Crescente,Garoa/Chuvisco,Simples,Reta,-6.19452,-36.04845,DEL03-RN,Risco Médio,Baixa
terça-feira,BR-476,144.0,Plena Noite,Decrescente,Nublado,Dupla,Não Informado,-25.54227,-49.31275,DEL01-PR,Risco Médio,Baixa
quarta-feira,BR-60,101.0,Plena Noite,Crescente,Céu Claro,Dupla,Reta,-16.4043,-48.98036,DEL02-GO,Risco Médio,Média
quarta-feira,BR-364,259.8,Pleno dia,Crescente,Céu Claro,Simples,Reta,-16.04832,-54.88713,DEL02-MT,Risco Médio,Alta
segunda-feira,BR-101,41.0,Plena Noite,Crescente,Chuva,Dupla,Curva,-26.31693,-48.8734,DEL03-SC,Risco Médio,Alta
domingo,BR-376,617.0,Pleno dia,Crescente,Céu Claro,Dupla,Reta,-25.58591,-49.17401,DEL01-PR,Risco Alto,Baixa
sábado,BR-116,142.0,Pleno dia,Crescente,Céu Claro,Dupla,Reta,-22.64876,-43.23032,DEL04-RJ,Risco Alto,Alta
terça-feira,BR-116,154.5,Plena Noite,Crescente,Céu Claro,Simples,Reta,-4.845421,-38.04196,DEL03-CE,Risco Médio,Alta
sábado,BR-381,483.5,Pleno dia,Crescente,Céu Claro,Dupla,Não Informado,-19.95583,-44.11117,DEL01-MG,Risco Médio,Alta
quinta-feira,BR-364,252.0,Plena Noite,Crescente,Céu Claro,Dupla,Reta,-16.10572,-54.86275,DEL02-MT,Risco Médio,Alta
quinta-feira,BR-116,47.0,Pleno dia,Crescente,Chuva,Dupla,Curva,-25.21062,-48.89722,DEL01-PR,Risco Baixo,Alta
domingo,BR-364,521.0,Anoitecer,Crescente,Garoa/Chuvisco,Simples,Reta,-9.870522,-63.0578,DEL03-RO,Risco Médio,Alta
terça-feira,BR-262,36.9,Pleno dia,Crescente,Céu Claro,Simples,Reta,-20.25932,-42.02298,DEL06-MG,Risco Médio,Média
sexta-feira,BR-70,18.7,Plena Noite,Crescente,Céu Claro,Dupla,Reta,-15.79109,-48.21096,DEL01-DF,Risco Médio,Baixa
sábado,BR-40,714.3,Pleno dia,Crescente,Céu Claro,Dupla,Reta,-21.26588,-43.65551,DEL05-MG,Risco Baixo,Alta
sexta-feira,BR-116,191.0,Pleno dia,Crescente,Nublado,Dupla,Reta,-22.72997,-43.56133,DEL01-RJ,Risco Baixo,Alta
quinta-feira,BR-373,264.4,Amanhecer,Decrescente,Nublado,Simples,Reta,-25.19881,-50.96816,DEL03-PR,Risco Médio,Baixa
quinta-feira,BR-116,269.8,Pleno dia,Decrescente,Céu Claro,Múltipla,Reta,-29.95964,-51.17617,DEL01-RS,Risco Médio,Alta
segunda-feira,BR-381,75.0,Pleno dia,Decrescente,Nublado,Múltipla,Curva,-23.3766,-46.5641,DEL03-SP,Risco Baixo,Alta
sábado,BR-354,732.3,Pleno dia,Crescente,Sol,Simples,Curva,-22.17503,-44.97005,DEL17-MG,Risco Médio,Baixa
domingo,BR-230,258.3,Plena Noite,Crescente,Garoa/Chuvisco,Simples,Curva,-7.0089,-36.6889,DEL03-PB,Risco Alto,Baixa
sexta-feira,BR-290,110.5,Plena Noite,Decrescente,Céu Claro,Dupla,Reta,-30.02355,-51.32109,DEL02-RS,Risco Baixo,Baixa
quarta-feira,BR-101,215.7,Amanhecer,Crescente,Nublado,Simples,Reta,-19.83931,-40.38367,DEL02-ES,Risco Médio,Alta
sábado,BR-267,678.2,Plena Noite,Crescente,Céu Claro,Simples,Reta,-21.703,-57.82567,DEL05-MS,Risco Médio,Baixa
segunda-feira,BR-376,652.0,Pleno dia,Decrescente,Chuva,Dupla,Não Informado,-25.84717,-49.06443,DEL01-PR,Risco Médio,Baixa
segunda-feira,BR-230,25.0,Plena Noite,Decrescente,Céu Claro,Dupla,Não Informado,-7.16892,-34.87625,DEL01-PB,Risco Médio,Baixa
terça-feira,BR-408,80.1,Pleno dia,Decrescente,Céu Claro,Dupla,Reta,-7.9316,-35.13726,DEL01-PE,Risco Médio,Baixa
terça-feira,BR-364,233.0,Pleno dia,Crescente,Céu Claro,Simples,Não Informado,-11.46105,-61.41546,DEL02-RO,Risco Médio,Alta
domingo,BR-116,78.0,Plena Noite,Crescente,Céu Claro,Simples,Reta,-22.37409,-42.9526,DEL04-RJ,Risco Baixo,Alta
sexta-feira,BR-369,445.5,Amanhecer,Crescente,Céu Claro,Simples,Curva,-24.55216,-52.95146,DEL04-PR,Risco Médio,Baixa
quinta-feira,BR-101,95.1,Pleno dia,Crescente,Chuva,Dupla,Reta,-5.840768,-35.21036,DEL01-RN,Risco Médio,Alta
quinta-feira,BR-116,93.0,Pleno dia,Crescente,Céu Claro,Dupla,Reta,-25.4823,-49.10592,DEL01-PR,Risco Médio,Alta
segunda-feira,BR-40,649.5,Pleno dia,Crescente,Céu Claro,Simples,Não Informado,-20.81734,-43.81139,DEL05-MG,Risco Médio,Alta
sábado,BR-40,1.7,Plena Noite,Crescente,Céu Claro,Dupla,Interseção de vias,-15.98553,-47.98775,DEL01-DF,Risco Baixo,Alta
quarta-feira,BR-163,877.3,Plena Noite,Decrescente,Céu Claro,Simples,Curva,-11.50511,-55.37213,DEL06-MT,Risco Baixo,Alta
domingo,BR-153,632.0,Plena Noite,Crescente,Céu Claro,Dupla,Reta,-17.8104,-49.2092,DEL03-GO,Risco Médio,Alta
domingo,BR-376,651.0,Pleno dia,Crescente,Céu Claro,Dupla,Reta,-25.84642,-49.07301,DEL01-PR,Risco Baixo,Baixa
domingo,BR-101,104.3,Pleno dia,Decrescente,Chuva,Dupla,Curva,-26.79282,-48.68081,DEL03-SC,Risco Médio,Alta
quarta-feira,BR-116,20.0,Pleno dia,Crescente,Céu Claro,Dupla,Reta,-3.922775,-38.50762,DEL01-CE,Risco Médio,Alta
domingo,BR-376,7.5,Pleno dia,Decrescente,Céu Claro,Simples,Não Informado,-23.54797,-51.67126,DEL09-PR,Risco Médio,Baixa
terça-feira,BR-10,250.0,Pleno dia,Crescente,Céu Claro,Simples,Reta,-5.550874,-47.45931,DEL04-MA,Risco Médio,Baixa
sábado,BR-407,206.0,Plena Noite,Decrescente,Céu Claro,Simples,Reta,-11.15964,-40.05398,DEL04-BA,Risco Médio,Baixa
domingo,BR-381,853.0,Pleno dia,Crescente,Nublado,Dupla,Reta,-22.30499,-45.90168,DEL16-MG,Risco Médio,Alta
quinta-feira,BR-493,0.3,Pleno dia,Decrescente,Céu Claro,Simples,Reta,-22.76875,-42.92239,DEL04-RJ,Risco Médio,Baixa
segunda-feira,BR-251,474.3,Pleno dia,Crescente,Sol,Simples,Reta,-16.4666,-43.43661,DEL12-MG,Risco Médio,Baixa
terça-feira,BR-60,3.0,Pleno dia,Decrescente,Nublado,Dupla,Reta,-15.88457,-48.06684,DEL01-DF,Risco Baixo,Média
segunda-feira,BR-277,96.0,Pleno dia,Decrescente,Sol,Dupla,Reta,-25.43056,-49.33222,DEL01-PR,Risco Médio,Média
terça-feira,BR-290,151.0,Plena Noite,Crescente,Chuva,Simples,Reta,-30.10474,-51.72789,DEL02-RS,Risco Baixo,Baixa
quinta-feira,BR-476,174.0,Plena Noite,Decrescente,Nublado,Simples,Reta,-25.64834,-49.47247,DEL01-PR,Risco Médio,Baixa
segunda-feira,BR-101,319.0,Pleno dia,Crescente,Sol,Simples,Reta,-22.85412,-43.1018,DEL02-RJ,Risco Médio,Alta
segunda-feira,BR-242,367.0,Pleno dia,Decrescente,Céu Claro,Simples,Curva,-12.47071,-41.44733,DEL06-BA,Risco Médio,Baixa
segunda-feira,BR-101,67.5,Pleno dia,Crescente,Céu Claro,Dupla,Reta,-8.045446,-34.94454,DEL01-PE,Risco Alto,Alta
sexta-feira,BR-40,122.0,Pleno dia,Decrescente,Céu Claro,Simples,Reta,-22.79468,-43.28772,DEL01-RJ,Risco Médio,Alta
domingo,BR-101,323.9,Anoitecer,Decrescente,Chuva,Dupla,Reta,-22.87685,-43.11729,DEL02-RJ,Risco Médio,Alta
terça-feira,BR-262,380.0,Plena Noite,Decrescente,Chuva,Dupla,Não Informado,-19.94786,-44.38123,DEL01-MG,Risco Médio,Média
segunda-feira,BR-280,234.4,Pleno dia,Decrescente,Céu Claro,Simples,Não Informado,-26.19149,-50.40495,DEL06-SC,Risco Médio,Baixa
segunda-feira,BR-386,347.7,Pleno dia,Decrescente,Nublado,Simples,Rotatória,-29.45174,-51.96589,DEL04-RS,Risco Baixo,Média
quarta-feira,BR-116,513.9,Plena Noite,Decrescente,Nublado,Dupla,Curva,-24.85604,-48.21216,DEL05-SP,Risco Médio,Alta
sexta-feira,BR-116,184.5,Plena Noite,Crescente,Garoa/Chuvisco,Dupla,Curva,-23.3517,-46.1834,DEL02-SP,Risco Baixo,Alta
segunda-feira,BR-101,323.0,Anoitecer,Decrescente,Céu Claro,Dupla,Reta,-22.87685,-43.11729,DEL02-RJ,Risco Médio,Alta
segunda-feira,BR-163,951.0,Pleno dia,Crescente,Nublado,Simples,Reta,-10.84831,-55.18034,DEL06-MT,Risco Médio,Alta
domingo,BR-476,114.9,Pleno dia,Decrescente,Sol,Simples,Rotatória,-25.34354,-49.15921,DEL01-PR,Risco Médio,Baixa
sábado,BR-153,63.2,Plena Noite,Decrescente,Céu Claro,Dupla,Reta,-20.82155,-49.35766,DEL09-SP,Risco Médio,Alta
quarta-feira,BR-365,643.1,Pleno dia,Decrescente,Chuva,Dupla,Não Informado,-18.88086,-48.49354,DEL15-MG,Risco Médio,Média
terça-feira,BR-153,136.0,Pleno dia,Crescente,Céu Claro,Simples,Curva,-24.04806,-50.24743,DEL07-PR,Risco Médio,Alta
segunda-feira,BR-381,929.2,Pleno dia,Decrescente,Céu Claro,Dupla,Curva,-22.77107,-46.23608,DEL16-MG,Risco Médio,Alta
domingo,BR-116,265.0,Pleno dia,Crescente,Nublado,Simples,Reta,-29.96831,-51.17424,DEL01-RS,Risco Baixo,Alta
domingo,BR-222,5.5,Pleno dia,Crescente,Céu Claro,Múltipla,Curva,-3.743372,-38.61692,DEL01-CE,Risco Médio,Baixa
domingo,BR-116,99.4,Plena Noite,Crescente,Céu Claro,Simples,Reta,-4.523003,-38.31856,DEL03-CE,Risco Baixo,Alta
quarta-feira,BR-373,229.0,Pleno dia,Decrescente,Garoa/Chuvisco,Simples,Interseção de vias,-25.17897,-50.65848,DEL03-PR,Risco Médio,Baixa
terça-feira,BR-230,114.1,Plena Noite,Crescente,Nublado,Dupla,Curva,-7.2215,-35.5969,DEL01-PB,Risco Médio,Baixa
sábado,BR-267,67.7,Plena Noite,Decrescente,Céu Claro,Simples,Reta,-21.85391,-52.74098,DEL02-MS,Risco Médio,Baixa
sábado,BR-40,516.0,Pleno dia,Crescente,Céu Claro,Dupla,Reta,-19.81629,-44.0896,DEL01-MG,Risco Baixo,Alta
segunda-feira,BR-282,20.0,Pleno dia,Crescente,Chuva,Simples,Reta,-27.68393,-48.71014,DEL01-SC,Risco Alto,Baixa
terça-feira,BR-364,14.9,Pleno dia,Decrescente,Céu Claro,Simples,Interseção de vias,-12.73898,-60.13911,DEL04-RO,Risco Baixo,Alta
terça-feira,BR-364,157.8,Pleno dia,Crescente,Ignorado,Simples,Não Informado,-11.9376,-60.96026,DEL02-RO,Risco Médio,Alta
domingo,BR-101,175.5,Plena Noite,Crescente,Nublado,Simples,Reta,-19.58855,-40.19197,DEL04-ES,Risco Baixo,Alta
sábado,BR-262,580.0,Pleno dia,Decrescente,Sol,Simples,Rotatória,-19.66467,-46.06563,DEL08-MG,Risco Baixo,Média
sexta-feira,BR-116,19.0,Amanhecer,Decrescente,Nublado,Dupla,Reta,-3.9268,-38.5078,DEL01-CE,Risco Baixo,Alta
domingo,BR-402,35.5,Plena Noite,Crescente,Nublado,Simples,Rotatória,-2.949555,-41.73088,DEL05-PI,Risco Alto,Baixa
quarta-feira,BR-262,45.5,Pleno dia,Decrescente,Sol,Simples,Desvio Temporário,-20.26145,-42.09686,DEL06-MG,Risco Médio,Média
quinta-feira,BR-116,213.4,Anoitecer,Crescente,Céu Claro,Simples,Curva,-29.52179,-51.0858,DEL05-RS,Risco Baixo,Alta
domingo,BR-158,131.0,Pleno dia,Crescente,Céu Claro,Simples,Reta,-16.42982,-51.79625,DEL04-GO,Risco Baixo,Baixa
sexta-feira,BR-381,55.1,Amanhecer,Decrescente,Nublado,Dupla,Não Informado,-23.25423,-46.59409,DEL03-SP,Risco Alto,Alta
quinta-feira,BR-101,66.2,Pleno dia,Decrescente,Vento,Dupla,Curva,-26.4878,-48.7343,DEL03-SC,Risco Baixo,Alta
segunda-feira,BR-324,588.3,Pleno dia,Crescente,Céu Claro,Dupla,Reta,-12.68639,-38.46622,DEL01-BA,Risco Médio,Baixa
sábado,BR-277,39.5,Plena Noite,Crescente,Nublado,Dupla,Reta,-25.57123,-48.81714,DEL01-PR,Risco Baixo,Média
domingo,BR-376,315.0,Plena Noite,Crescente,Chuva,Simples,Não Informado,-23.9953,-51.0866,DEL07-PR,Risco Baixo,Baixa
quarta-feira,BR-116,282.0,Pleno dia,Decrescente,Céu Claro,Dupla,Reta,-23.6857,-46.85971,DEL04-SP,Risco Médio,Alta
sexta-feira,BR-470,280.8,Pleno dia,Decrescente,Céu Claro,Simples,Curva,-27.33219,-50.86255,DEL07-SC,Risco Médio,Baixa
quinta-feira,BR-101,556.0,Plena Noite,Decrescente,Céu Claro,Simples,Reta,-23.08002,-44.69802,DEL03-RJ,Risco Médio,Alta
domingo,BR-40,531.0,Plena Noite,Decrescente,Céu Claro,Dupla,Não Informado,-19.9214,-44.0233,DEL01-MG,Risco Baixo,Alta
sábado,BR-116,129.0,Pleno dia,Crescente,Céu Claro,Dupla,Reta,-23.11886,-45.71948,DEL02-SP,Risco Médio,Alta
quarta-feira,BR-116,173.0,Pleno dia,Decrescente,Céu Claro,Múltipla,Reta,-22.7981,-43.35727,DEL01-RJ,Risco Baixo,Alta
domingo,BR-364,121.8,Plena Noite,Decrescente,Céu Claro,Dupla,Rotatória,-10.01193,-67.77136,DEL01-AC,Risco Médio,Alta
sábado,BR-116,128.0,Plena Noite,Crescente,Chuva,Múltipla,Reta,-25.66102,-49.31318,DEL01-PR,Risco Baixo,Alta
sábado,BR-470,148.3,Pleno dia,Crescente,Sol,Simples,Interseção de vias,-27.2395,-49.68462,DEL04-SC,Risco Médio,Baixa
segunda-feira,BR-153,796.4,Pleno dia,Crescente,Nublado,Simples,Reta,-12.66033,-48.97556,DEL02-TO,Risco Médio,Alta
sexta-feira,BR-60,430.0,Pleno dia,Crescente,Céu Claro,Dupla,Reta,-17.8253,-51.3293,DEL04-GO,Risco Médio,Média