dia_semana,br,km,fase_dia,sentido_via,condicao_metereologica,tipo_pista,tracado_via,latitude,longitude,delegacia,classificacao_acidente,postos_policiais_PRF
quarta-feira,BR-153,79.5,Amanhecer,Crescente,Céu Claro,Simples,Não Informado,-19.05689,-49.01002,DEL15-MG,Risco Médio,Alta
domingo,BR-414,386.2,Plena Noite,Crescente,Céu Claro,Simples,Reta,-15.87598,-48.78493,DEL02-GO,Risco Alto,Baixa
terça-feira,BR-101,270.5,Pleno dia,Decrescente,Sol,Dupla,Reta,-20.2174,-40.26991,DEL02-ES,Risco Médio,Alta
quinta-feira,BR-50,100.0,Pleno dia,Decrescente,Nublado,Simples,Reta,-16.77779,-47.62631,DEL01-DF,Risco Médio,Média
sábado,BR-101,405.0,Plena Noite,Crescente,Céu Claro,Dupla,Reta,-14.13298,-39.35951,DEL05-BA,Risco Médio,Alta
sábado,BR-222,2.7,Pleno dia,Decrescente,Céu Claro,Múltipla,Reta,-3.740068,-38.59351,DEL01-CE,Risco Médio,Baixa
sexta-feira,BR-232,118.6,Anoitecer,Decrescente,Céu Claro,Dupla,Retorno Regulamentado,-8.294316,-35.88437,DEL02-PE,Risco Médio,Baixa
quarta-feira,BR-282,4.7,Pleno dia,Crescente,Céu Claro,Múltipla,Reta,-27.59265,-48.60403,DEL01-SC,Risco Médio,Baixa
sábado,BR-369,149.0,Plena Noite,Crescente,Garoa/Chuvisco,Dupla,Não Informado,-23.29278,-51.15437,DEL07-PR,Risco Médio,Baixa
domingo,BR-381,333.0,Plena Noite,Decrescente,Garoa/Chuvisco,Simples,Curva,-19.80307,-43.06084,DEL03-MG,Risco Médio,Alta
segunda-feira,BR-381,168.3,Pleno dia,Decrescente,Nublado,Simples,Reta,-18.96572,-42.08181,DEL06-MG,Risco Alto,Alta
domingo,BR-316,5.2,Pleno dia,Decrescente,Sol,Múltipla,Desvio Temporário,-5.142649,-42.77992,DEL01-PI,Risco Médio,Baixa
sexta-feira,BR-40,745.3,Plena Noite,Crescente,Céu Claro,Simples,Curva,-21.42475,-43.55707,DEL05-MG,Risco Médio,Alta
quarta-feira,BR-470,125.0,Pleno dia,Decrescente,Céu Claro,Simples,Não Informado,-27.12051,-49.53495,DEL04-SC,Risco Médio,Baixa
quarta-feira,BR-262,31.0,Pleno dia,Crescente,Chuva,Simples,Curva,-20.37918,-40.56791,DEL01-ES,Risco Médio,Média
sexta-feira,BR-158,372.0,Pleno dia,Crescente,Céu Claro,Simples,Reta,-29.84501,-54.19902,DEL09-RS,Risco Médio,Baixa
sábado,BR-153,627.0,Amanhecer,Crescente,Céu Claro,Dupla,Reta,-17.7792,-49.1788,DEL03-GO,Risco Médio,Alta
quinta-feira,BR-101,139.0,Pleno dia,Crescente,Chuva,Dupla,Curva,-27.0386,-48.6028,DEL04-SC,Risco Médio,Alta
sábado,BR-316,86.0,Plena Noite,Crescente,Chuva,Simples,Não Informado,-9.377808,-37.22468,DEL03-AL,Risco Médio,Baixa
sexta-feira,BR-101,0.5,Pleno dia,Decrescente,Céu Claro,Dupla,Não Informado,-20.24023,-40.27955,DEL02-ES,Risco Médio,Alta
quinta-feira,BR-242,297.0,Plena Noite,Crescente,Céu Claro,Simples,Reta,-12.47479,-41.05694,DEL06-BA,Risco Baixo,Baixa
terça-feira,BR-222,193.1,Amanhecer,Decrescente,Céu Claro,Simples,Reta,-3.799095,-40.14271,DEL04-CE,Risco Baixo,Baixa
sexta-feira,BR-116,158.0,Pleno dia,Decrescente,Nublado,Dupla,Não Informado,-23.26072,-45.95179,DEL02-SP,Risco Médio,Alta
sábado,BR-324,546.0,Pleno dia,Decrescente,Céu Claro,Dupla,Reta,-12.41514,-38.75158,DEL01-BA,Risco Médio,Baixa
domingo,BR-230,82.6,Plena Noite,Decrescente,Céu Claro,Simples,Reta,-7.1727,-35.3284,DEL01-PB,Risco Médio,Baixa
domingo,BR-304,296.0,Plena Noite,Crescente,Nublado,Simples,Reta,-5.866158,-35.35886,DEL01-RN,Risco Médio,Baixa
domingo,BR-70,123.1,Pleno dia,Crescente,Céu Claro,Simples,Reta,-15.82195,-49.22419,DEL02-GO,Risco Médio,Baixa
domingo,BR-414,408.1,Pleno dia,Crescente,Céu Claro,Simples,Reta,-16.033,-48.85122,DEL02-GO,Risco Baixo,Baixa
sábado,BR-153,568.0,Plena Noite,Crescente,Céu Claro,Dupla,Reta,-17.2854,-49.2361,DEL03-GO,Risco Médio,Alta
sexta-feira,BR-230,467.9,Anoitecer,Crescente,Céu Claro,Simples,Reta,-6.7813,-38.2606,DEL03-PB,Risco Médio,Baixa
quarta-feira,BR-381,752.0,Plena Noite,Decrescente,Chuva,Simples,Não Informado,-21.67247,-45.3343,DEL16-MG,Risco Médio,Alta
sábado,BR-101,196.0,Plena Noite,Crescente,Nublado,Múltipla,Curva,-27.51101,-48.64322,DEL01-SC,Risco Baixo,Alta
sábado,BR-226,299.4,Plena Noite,Crescente,Céu Claro,Simples,Não Informado,-5.497912,-45.24263,DEL03-MA,Risco Médio,Baixa
domingo,BR-116,123.4,Plena Noite,Crescente,Céu Claro,Dupla,Reta,-22.6408,-43.06289,DEL02-RJ,Risco Médio,Alta
quinta-feira,BR-101,348.6,Plena Noite,Crescente,Nublado,Simples,Curva,-20.67391,-40.49561,DEL03-ES,Risco Médio,Alta
domingo,BR-282,3.5,Plena Noite,Crescente,Céu Claro,Dupla,Curva,-27.59701,-48.60095,DEL01-SC,Risco Baixo,Baixa
segunda-feira,BR-101,276.0,Pleno dia,Decrescente,Céu Claro,Dupla,Reta,-22.73796,-42.73872,DEL02-RJ,Risco Médio,Alta
sexta-feira,BR-290,102.0,Pleno dia,Decrescente,Céu Claro,Dupla,Reta,-29.98596,-51.25184,DEL01-RS,Risco Médio,Baixa
sexta-feira,BR-304,90.6,Plena Noite,Decrescente,Céu Claro,Simples,Não Informado,-5.549025,-37.07279,DEL04-RN,Risco Médio,Baixa
domingo,BR-101,482.9,Pleno dia,Decrescente,Nublado,Simples,Reta,-23.00453,-44.29746,DEL03-RJ,Risco Médio,Alta
terça-feira,BR-381,492.8,Plena Noite,Decrescente,Céu Claro,Dupla,Reta,-19.96322,-44.1674,DEL01-MG,Risco Médio,Alta
quinta-feira,BR-116,139.0,Pleno dia,Decrescente,Sol,Simples,Curva,-29.09753,-51.10966,DEL05-RS,Risco Médio,Alta
sábado,BR-101,67.3,Plena Noite,Crescente,Nublado,Dupla,Reta,-8.044697,-34.94432,DEL01-PE,Risco Baixo,Alta
segunda-feira,BR-116,23.8,Pleno dia,Crescente,Céu Claro,Múltipla,Reta,-22.58978,-44.88536,DEL08-SP,Risco Médio,Alta
sexta-feira,BR-155,339.0,Pleno dia,Decrescente,Céu Claro,Simples,Reta,-5.404939,-49.0764,DEL03-PA,Risco Médio,Baixa
quinta-feira,BR-158,101.1,Pleno dia,Decrescente,Nublado,Simples,Reta,-19.70986,-51.14396,DEL08-MS,Risco Médio,Baixa
segunda-feira,BR-381,490.0,Pleno dia,Crescente,Céu Claro,Dupla,Reta,-19.96503,-44.17422,DEL01-MG,Risco Médio,Alta
sexta-feira,BR-116,278.0,Plena Noite,Decrescente,Céu Claro,Dupla,Reta,-22.55271,-44.17778,DEL07-RJ,Risco Médio,Alta
sábado,BR-153,37.0,Pleno dia,Crescente,Céu Claro,Simples,Não Informado,-13.1436,-49.1873,DEL07-GO,Risco Baixo,Alta
terça-feira,BR-277,119.0,Plena Noite,Decrescente,Céu Claro,Dupla,Interseção de vias,-25.45202,-49.54169,DEL01-PR,Risco Médio,Média
terça-feira,BR-407,123.0,Plena Noite,Decrescente,Céu Claro,Simples,Reta,-10.43,-40.18666,DEL04-BA,Risco Médio,Baixa
terça-feira,BR-470,174.8,Anoitecer,Crescente,Nublado,Simples,Interseção de vias,-27.25818,-49.92915,DEL04-SC,Risco Médio,Baixa
sexta-feira,BR-153,18.8,Pleno dia,Crescente,Céu Claro,Simples,Reta,-23.14322,-49.94911,DEL07-PR,Risco Médio,Alta
quarta-feira,BR-163,68.8,Pleno dia,Decrescente,Sol,Dupla,Não Informado,-26.75038,-53.50087,DEL07-SC,Risco Médio,Alta
quinta-feira,BR-10,132.0,Plena Noite,Decrescente,Chuva,Simples,Reta,-3.285758,-47.46776,DEL02-PA,Risco Alto,Baixa
segunda-feira,BR-163,288.5,Plena Noite,Decrescente,Céu Claro,Simples,Reta,-22.07159,-54.56354,DEL04-MS,Risco Médio,Alta
domingo,BR-493,21.0,Pleno dia,Crescente,Céu Claro,Dupla,Reta,-22.66151,-43.04481,DEL02-RJ,Risco Médio,Baixa
domingo,BR-153,149.0,Pleno dia,Decrescente,Céu Claro,Simples,Ponte,-14.07319,-49.09685,DEL07-GO,Risco Médio,Alta
sábado,BR-470,45.1,Pleno dia,Decrescente,Nublado,Simples,Reta,-26.87421,-49.01385,DEL04-SC,Risco Médio,Baixa
quarta-feira,BR-230,376.0,Anoitecer,Crescente,Céu Claro,Simples,Reta,-7.295122,-45.93561,DEL05-MA,Risco Alto,Baixa
sábado,BR-101,270.0,Plena Noite,Crescente,Céu Claro,Dupla,Reta,-22.7184,-42.687,DEL02-RJ,Risco Baixo,Alta
quinta-feira,BR-116,133.3,Plena Noite,Decrescente,Nublado,Dupla,Reta,-23.13597,-45.75329,DEL06-SP,Risco Médio,Alta
quarta-feira,BR-153,61.8,Pleno dia,Crescente,Céu Claro,Dupla,Reta,-20.81152,-49.35679,DEL09-SP,Risco Médio,Alta
sexta-feira,BR-316,31.0,Pleno dia,Crescente,Sol,Simples,Reta,-5.339588,-42.69401,DEL01-PI,Risco Médio,Baixa
sexta-feira,BR-262,758.0,Plena Noite,Crescente,Céu Claro,Simples,Curva,-19.0,-57.0,DEL03-MS,Risco Baixo,Média
quarta-feira,BR-262,366.4,Pleno dia,Decrescente,Nublado,Dupla,Curva,-19.97422,-44.2618,DEL01-MG,Risco Médio,Média
domingo,BR-40,790.9,Plena Noite,Decrescente,Céu Claro,Dupla,Curva,-21.77847,-43.42823,DEL05-MG,Risco Médio,Alta
quarta-feira,BR-153,494.0,Plena Noite,Decrescente,Nublado,Simples,Curva,-26.44984,-51.32005,DEL02-PR,Risco Médio,Alta
sexta-feira,BR-158,550.0,Plena Noite,Decrescente,Céu Claro,Simples,Reta,-13.91399,-52.08686,DEL07-MT,Risco Baixo,Baixa
quinta-feira,BR-116,193.8,Plena Noite,Decrescente,Nublado,Simples,Interseção de vias,-27.37697,-50.43047,DEL05-SC,Risco Baixo,Alta
sexta-feira,BR-60,169.9,Pleno dia,Crescente,Céu Claro,Dupla,Reta,-16.7269,-49.3822,DEL01-GO,Risco Médio,Média
sábado,BR-471,192.5,Pleno dia,Crescente,Céu Claro,Simples,Reta,-30.18587,-52.37396,DEL02-RS,Risco Médio,Baixa
segunda-feira,BR-116,263.0,Pleno dia,Crescente,Céu Claro,Simples,Reta,-29.96831,-51.17424,DEL01-RS,Risco Baixo,Alta
sábado,BR-262,94.0,Pleno dia,Crescente,Céu Claro,Simples,Interseção de vias,-20.3751,-41.0566,DEL01-ES,Risco Médio,Média
sexta-feira,BR-230,367.0,Plena Noite,Crescente,Céu Claro,Simples,Reta,-6.905988,-37.53488,DEL03-PB,Risco Baixo,Baixa
terça-feira,BR-153,10.9,Plena Noite,Crescente,Céu Claro,Simples,Reta,-23.07582,-49.93444,DEL07-PR,Risco Médio,Alta
quarta-feira,BR-324,471.4,Amanhecer,Crescente,Céu Claro,Simples,Curva,-11.9681,-39.13614,DEL02-BA,Risco Médio,Baixa
terça-feira,BR-381,571.0,Pleno dia,Crescente,Sol,Dupla,Reta,-20.45207,-44.56891,DEL04-MG,Risco Médio,Alta
quarta-feira,BR-251,25.0,Pleno dia,Crescente,Céu Claro,Simples,Reta,-15.9494,-47.67579,DEL01-DF,Risco Médio,Baixa
quinta-feira,BR-158,508.2,Plena Noite,Crescente,Céu Claro,Simples,Reta,-26.02574,-52.58566,DEL02-PR,Risco Médio,Baixa
sexta-feira,BR-316,19.0,Pleno dia,Crescente,Céu Claro,Dupla,Reta,-1.364419,-48.27211,DEL01-PA,Risco Médio,Baixa
domingo,BR-116,307.1,Plena Noite,Decrescente,Céu Claro,Simples,Reta,-18.0467,-41.66254,DEL11-MG,Risco Médio,Alta
quarta-feira,BR-470,219.0,Plena Noite,Decrescente,Céu Claro,Simples,Curva,-29.18758,-51.52066,DEL06-RS,Risco Baixo,Baixa
sábado,BR-101,340.3,Pleno dia,Crescente,Sol,Simples,Desvio Temporário,-20.64851,-40.56851,DEL03-ES,Risco Baixo,Alta
sábado,BR-381,770.9,Amanhecer,Crescente,Nublado,Dupla,Não Informado,-21.76712,-45.41858,DEL16-MG,Risco Alto,Alta
terça-feira,BR-116,13.0,Plena Noite,Decrescente,Garoa/Chuvisco,Dupla,Não Informado,-25.09645,-48.66456,DEL01-PR,Risco Baixo,Alta
domingo,BR-116,243.0,Amanhecer,Decrescente,Céu Claro,Simples,Reta,-17.5858,-41.4863,DEL11-MG,Risco Médio,Alta
sábado,BR-153,220.7,Anoitecer,Crescente,Céu Claro,Simples,Não Informado,-14.68789,-49.21051,DEL07-GO,Risco Alto,Alta
domingo,BR-304,297.0,Pleno dia,Crescente,Céu Claro,Dupla,Não Informado,-5.8644,-35.3466,DEL01-RN,Risco Médio,Baixa
sábado,BR-101,211.7,Plena Noite,Crescente,Céu Claro,Dupla,Interseção de vias,-27.63609,-48.66096,DEL01-SC,Risco Médio,Alta
terça-feira,BR-101,208.0,Pleno dia,Crescente,Céu Claro,Múltipla,Reta,-27.60328,-48.63202,DEL01-SC,Risco Médio,Alta
segunda-feira,BR-40,455.1,Plena Noite,Crescente,Céu Claro,Dupla,Não Informado,-19.35818,-44.34678,DEL02-MG,Risco Baixo,Alta
segunda-feira,BR-116,712.0,Pleno dia,Crescente,Céu Claro,Simples,Reta,-14.1672,-40.2548,DEL08-BA,Risco Baixo,Alta
sexta-feira,BR-60,92.5,Plena Noite,Crescente,Céu Claro,Dupla,Reta,-16.35273,-48.91667,DEL02-GO,Risco Médio,Média
quarta-feira,BR-153,293.0,Pleno dia,Decrescente,Céu Claro,Simples,Reta,-22.51873,-49.88951,DEL07-SP,Risco Baixo,Alta
quarta-feira,BR-116,479.0,Plena Noite,Decrescente,Chuva,Dupla,Reta,-24.70935,-48.01821,DEL05-SP,Risco Médio,Alta
domingo,BR-222,14.0,Plena Noite,Decrescente,Ignorado,Simples,Reta,-3.754127,-38.70986,DEL01-CE,Risco Médio,Baixa
sexta-feira,BR-277,1.0,Pleno dia,Decrescente,Céu Claro,Dupla,Reta,-25.4979,-54.5839,DEL05-PR,Risco Médio,Média
terça-feira,BR-381,906.3,Pleno dia,Crescente,Céu Claro,Dupla,Reta,-22.6662,-46.093,DEL16-MG,Risco Baixo,Alta
sábado,BR-116,444.8,Pleno dia,Crescente,Céu Claro,Simples,Curva,-19.10495,-42.00142,DEL06-MG,Risco Médio,Alta
terça-feira,BR-230,21.8,Plena Noite,Crescente,Garoa/Chuvisco,Dupla,Reta,-7.1415,-34.8519,DEL01-PB,Risco Médio,Baixa
domingo,BR-369,201.0,Plena Noite,Crescente,Céu Claro,Simples,Reta,-23.53818,-51.45435,DEL07-PR,Risco Baixo,Baixa
sábado,BR-50,70.2,Anoitecer,Crescente,Céu Claro,Simples,Interseção de vias,-18.89564,-48.24741,DEL15-MG,Risco Médio,Média
domingo,BR-174,15.0,Plena Noite,Crescente,Nublado,Simples,Reta,-12.72332,-60.12801,DEL04-RO,Risco Médio,Baixa
segunda-feira,BR-116,543.0,Plena Noite,Crescente,Garoa/Chuvisco,Dupla,Reta,-24.9647,-48.4112,DEL05-SP,Risco Baixo,Alta
quinta-feira,BR-262,382.0,Pleno dia,Crescente,Chuva,Dupla,Curva,-19.93611,-44.44037,DEL01-MG,Risco Médio,Média
domingo,BR-393,220.1,Pleno dia,Decrescente,Céu Claro,Simples,Reta,-22.31476,-43.52217,DEL05-RJ,Risco Alto,Média
quarta-feira,BR-262,413.0,Pleno dia,Decrescente,Sol,Dupla,Não Informado,-19.89668,-44.65663,DEL08-MG,Risco Médio,Média
sábado,BR-381,745.8,Plena Noite,Decrescente,Céu Claro,Dupla,Não Informado,-21.63725,-45.28388,DEL16-MG,Risco Médio,Alta
sexta-feira,BR-163,551.5,Plena Noite,Crescente,Céu Claro,Simples,Reta,-19.8905,-54.3739,DEL01-MS,Risco Alto,Alta
sábado,BR-50,275.0,Plena Noite,Decrescente,Céu Claro,Simples,Reta,-18.1483,-47.907,DEL06-GO,Risco Médio,Média
quarta-feira,BR-101,268.5,Pleno dia,Crescente,Céu Claro,Simples,Reta,-20.21388,-40.2697,DEL02-ES,Risco Médio,Alta
sexta-feira,BR-163,829.0,Plena Noite,Decrescente,Céu Claro,Dupla,Reta,-12.0407,-55.51732,DEL06-MT,Risco Médio,Alta
domingo,BR-364,707.0,Pleno dia,Decrescente,Nublado,Dupla,Reta,-8.800372,-63.83263,DEL01-RO,Risco Médio,Alta
sexta-feira,BR-364,203.0,Pleno dia,Decrescente,Céu Claro,Dupla,Reta,-16.47177,-54.65533,DEL02-MT,Risco Médio,Alta
domingo,BR-158,47.0,Pleno dia,Crescente,Nublado,Simples,Reta,-16.22277,-52.09497,DEL04-GO,Risco Alto,Baixa
terça-feira,BR-381,85.0,Pleno dia,Crescente,Céu Claro,Dupla,Reta,-23.13862,-46.57584,DEL03-SP,Risco Médio,Alta
segunda-feira,BR-101,117.3,Plena Noite,Decrescente,Nublado,Simples,Interseção de vias,-26.88747,-48.72253,DEL04-SC,Risco Baixo,Alta
segunda-feira,BR-163,621.0,Plena Noite,Crescente,Chuva,Simples,Reta,-13.5679,-56.0289,DEL01-MT,Risco Médio,Alta
sábado,BR-262,359.0,Pleno dia,Decrescente,Garoa/Chuvisco,Dupla,Reta,-19.98332,-44.20214,DEL01-MG,Risco Médio,Média
terça-feira,BR-116,513.0,Pleno dia,Decrescente,Garoa/Chuvisco,Dupla,Curva,-24.8511,-48.21802,DEL05-SP,Risco Médio,Alta
domingo,BR-282,383.0,Pleno dia,Crescente,Céu Claro,Simples,Desvio Temporário,-27.19796,-51.50706,DEL07-SC,Risco Médio,Baixa
terça-feira,BR-282,207.0,Pleno dia,Crescente,Nublado,Simples,Reta,-27.77346,-50.20209,DEL05-SC,Risco Médio,Baixa
segunda-feira,BR-381,439.0,Pleno dia,Crescente,Chuva,Simples,Não Informado,-19.7996,-43.75988,DEL01-MG,Risco Médio,Alta
quinta-feira,BR-153,30.5,Plena Noite,Crescente,Céu Claro,Dupla,Reta,-18.67927,-49.15605,DEL15-MG,Risco Médio,Alta
quarta-feira,BR-364,391.0,Pleno dia,Decrescente,Céu Claro,Simples,Reta,-15.70009,-55.89067,DEL02-MT,Risco Baixo,Alta
sábado,BR-158,241.0,Pleno dia,Crescente,Céu Claro,Simples,Interseção de vias,-29.03756,-53.64531,DEL10-RS,Risco Médio,Baixa
segunda-feira,BR-70,514.0,Plena Noite,Crescente,Nublado,Simples,Interseção de vias,-15.70718,-56.1323,DEL01-MT,Risco Baixo,Baixa
quinta-feira,BR-381,729.1,Pleno dia,Decrescente,Céu Claro,Dupla,Não Informado,-21.49581,-45.21046,DEL04-MG,Risco Médio,Alta
quarta-feira,BR-226,4.0,Pleno dia,Crescente,Céu Claro,Simples,Reta,-5.819125,-35.26204,DEL01-RN,Risco Médio,Baixa
sexta-feira,BR-376,312.6,Pleno dia,Crescente,Céu Claro,Simples,Curva,-24.00369,-51.08734,DEL07-PR,Risco Médio,Baixa
domingo,BR-153,2.3,Plena Noite,Crescente,Céu Claro,Simples,Reta,-25.20419,-50.5981,DEL03-PR,Risco Médio,Alta
quinta-feira,BR-277,103.0,Pleno dia,Crescente,Céu Claro,Dupla,Reta,-25.42963,-49.39384,DEL01-PR,Risco Médio,Média
sexta-feira,BR-369,162.1,Pleno dia,Decrescente,Céu Claro,Dupla,Reta,-23.2934,-51.2681,DEL07-PR,Risco Médio,Baixa
sábado,BR-40,91.0,Anoitecer,Decrescente,Chuva,Simples,Curva,-22.54904,-43.2423,DEL06-RJ,Risco Médio,Alta
sexta-feira,BR-116,27.0,Pleno dia,Crescente,Céu Claro,Dupla,Reta,-22.62002,-44.90844,DEL08-SP,Risco Médio,Alta
domingo,BR-116,275.0,Plena Noite,Crescente,Chuva,Simples,Não Informado,-22.53675,-44.19464,DEL07-RJ,Risco Baixo,Alta
sábado,BR-381,70.0,Pleno dia,Crescente,Sol,Múltipla,Reta,-23.34973,-46.5607,DEL03-SP,Risco Médio,Alta
sexta-feira,BR-101,73.8,Pleno dia,Decrescente,Nublado,Dupla,Reta,-8.101486,-34.94891,DEL01-PE,Risco Baixo,Alta
sexta-feira,BR-116,324.9,Pleno dia,Crescente,Céu Claro,Simples,Curva,-18.18939,-41.71198,DEL11-MG,Risco Médio,Alta
segunda-feira,BR-386,92.0,Pleno dia,Crescente,Nublado,Múltipla,Reta,-29.96951,-51.17589,DEL08-RS,Risco Médio,Média
sexta-feira,BR-364,288.0,Anoitecer,Decrescente,Nublado,Dupla,Reta,-9.0398,-68.7819,DEL01-AC,Risco Alto,Alta
quarta-feira,BR-364,236.8,Pleno dia,Decrescente,Céu Claro,Simples,Reta,-11.4444,-61.4431,DEL02-RO,Risco Médio,Alta
domingo,BR-376,58.6,Plena Noite,Decrescente,Céu Claro,Simples,Reta,-22.92979,-52.85114,DEL09-PR,Risco Médio,Baixa
sábado,BR-116,672.0,Plena Noite,Crescente,Céu Claro,Simples,Reta,-13.7997,-40.1113,DEL03-BA,Risco Baixo,Alta
sexta-feira,BR-163,10.9,Pleno dia,Crescente,Céu Claro,Dupla,Reta,-17.431,-54.74803,DEL02-MT,Risco Médio,Alta
domingo,BR-40,58.0,Plena Noite,Decrescente,Chuva,Simples,Curva,-22.38299,-43.1347,DEL06-RJ,Risco Baixo,Alta
quarta-feira,BR-470,136.2,Plena Noite,Decrescente,Céu Claro,Simples,Não Informado,-27.17647,-49.59215,DEL04-SC,Risco Médio,Baixa
sábado,BR-262,673.5,Amanhecer,Crescente,Céu Claro,Simples,Reta,-19.59057,-57.14153,DEL03-MS,Risco Baixo,Média
quinta-feira,BR-116,212.0,Pleno dia,Decrescente,Céu Claro,Múltipla,Reta,-23.47584,-46.52573,DEL01-SP,Risco Médio,Alta
domingo,BR-40,589.0,Pleno dia,Decrescente,Céu Claro,Simples,Curva,-20.35571,-43.90947,DEL01-MG,Risco Médio,Alta
quinta-feira,BR-101,67.1,Pleno dia,Decrescente,Céu Claro,Dupla,Reta,-8.04361,-34.94346,DEL01-PE,Risco Médio,Alta
terça-feira,BR-381,720.8,Plena Noite,Decrescente,Nublado,Dupla,Não Informado,-21.43868,-45.20931,DEL04-MG,Risco Baixo,Alta
sábado,BR-101,249.0,Amanhecer,Decrescente,Nevoeiro/Neblina,Dupla,Reta,-22.669,-42.50868,DEL02-RJ,Risco Médio,Alta
quinta-feira,BR-381,529.2,Amanhecer,Crescente,Céu Claro,Dupla,Curva,-20.16314,-44.34142,DEL04-MG,Risco Baixo,Alta
domingo,BR-153,48.0,Plena Noite,Crescente,Céu Claro,Simples,Não Informado,-23.34623,-50.06649,DEL07-PR,Risco Baixo,Alta
segunda-feira,BR-70,517.0,Pleno dia,Decrescente,Céu Claro,Simples,Reta,-15.65051,-55.99824,DEL01-MT,Risco Médio,Baixa
sexta-feira,BR-364,1070.0,Pleno dia,Crescente,Céu Claro,Simples,Reta,-9.746512,-66.64004,DEL01-RO,Risco Médio,Alta
terça-feira,BR-163,266.0,Pleno dia,Decrescente,Céu Claro,Dupla,Reta,-15.99435,-54.92162,DEL05-MT,Risco Médio,Alta
domingo,BR-116,205.0,Pleno dia,Crescente,Nublado,Simples,Interseção de vias,-26.07603,-49.7477,DEL06-SC,Risco Médio,Alta
terça-feira,BR-290,448.8,Pleno dia,Crescente,Sol,Simples,Curva,-30.24483,-54.60136,DEL11-RS,Risco Baixo,Baixa
domingo,BR-376,156.8,Amanhecer,Crescente,Céu Claro,Simples,Não Informado,-23.34529,-52.08965,DEL07-PR,Risco Médio,Baixa
terça-feira,BR-60,99.8,Pleno dia,Crescente,Céu Claro,Dupla,Reta,-16.3968,-48.96488,DEL02-GO,Risco Baixo,Média
domingo,BR-153,330.0,Plena Noite,Decrescente,Garoa/Chuvisco,Dupla,Reta,-25.45471,-50.61962,DEL03-PR,Risco Médio,Alta
quinta-feira,BR-101,85.5,Pleno dia,Crescente,Céu Claro,Dupla,Não Informado,-7.151589,-34.90978,DEL01-PB,Risco Médio,Alta
domingo,BR-262,523.0,Anoitecer,Decrescente,Céu Claro,Simples,Reta,-19.7847,-45.64802,DEL08-MG,Risco Médio,Média
quarta-feira,BR-101,72.0,Plena Noite,Crescente,Céu Claro,Simples,Curva,-21.79173,-41.38838,DEL08-RJ,Risco Baixo,Alta
sexta-feira,BR-304,304.9,Amanhecer,Crescente,Céu Claro,Dupla,Reta,-5.88483,-35.28177,DEL01-RN,Risco Médio,Baixa
terça-feira,BR-116,138.8,Pleno dia,Crescente,Nublado,Dupla,Reta,-23.15727,-45.79555,DEL06-SP,Risco Médio,Alta
sexta-feira,BR-101,86.0,Pleno dia,Crescente,Céu Claro,Dupla,Não Informado,-7.15119,-34.91012,DEL01-PB,Risco Alto,Alta
domingo,BR-381,85.0,Plena Noite,Crescente,Ignorado,Múltipla,Curva,-23.46893,-46.56959,DEL03-SP,Risco Médio,Alta
sábado,BR-232,554.7,Plena Noite,Decrescente,Céu Claro,Simples,Reta,-8.089058,-39.51392,DEL05-PE,Risco Alto,Baixa
sexta-feira,BR-476,142.8,Pleno dia,Crescente,Sol,Dupla,Reta,-25.53716,-49.30163,DEL01-PR,Risco Médio,Baixa
terça-feira,BR-153,123.0,Plena Noite,Crescente,Céu Claro,Simples,Curva,-23.94741,-50.23865,DEL07-PR,Risco Médio,Alta
terça-feira,BR-285,34.8,Pleno dia,Decrescente,Céu Claro,Simples,Rotatória,-28.82954,-49.84104,DEL02-SC,Risco Médio,Baixa
sexta-feira,BR-135,2.0,Pleno dia,Decrescente,Céu Claro,Dupla,Reta,-2.598067,-44.24574,DEL01-MA,Risco Médio,Baixa
terça-feira,BR-40,118.0,Plena Noite,Crescente,Céu Claro,Múltipla,Reta,-22.7646,-43.2866,DEL01-RJ,Risco Médio,Alta
domingo,BR-101,63.2,Plena Noite,Decrescente,Chuva,Dupla,Curva,-7.028337,-35.05897,DEL01-PB,Risco Médio,Alta
segunda-feira,BR-101,0.1,Pleno dia,Crescente,Céu Claro,Dupla,Reta,-29.29947,-49.77005,DEL03-RS,Risco Médio,Alta
domingo,BR-101,715.8,Pleno dia,Decrescente,Céu Claro,Dupla,Reta,-16.36223,-39.58039,DEL09-BA,Risco Médio,Alta
segunda-feira,BR-163,68.0,Pleno dia,Crescente,Chuva,Dupla,Reta,-26.74358,-53.50097,DEL07-SC,Risco Baixo,Alta
terça-feira,BR-280,5.1,Pleno dia,Crescente,Céu Claro,Simples,Reta,-26.26056,-48.62639,DEL03-SC,Risco Médio,Baixa
domingo,BR-101,410.3,Pleno dia,Crescente,Sol,Simples,Retorno Regulamentado,-28.94365,-49.50166,DEL02-SC,Risco Médio,Alta
sábado,BR-277,187.0,Plena Noite,Crescente,Ignorado,Simples,Reta,-25.44375,-50.1784,DEL03-PR,Risco Baixo,Média
sexta-feira,BR-116,252.4,Pleno dia,Decrescente,Céu Claro,Dupla,Reta,-22.6335,-43.9046,DEL07-RJ,Risco Médio,Alta
sexta-feira,BR-277,364.8,Plena Noite,Crescente,Céu Claro,Simples,Reta,-25.43553,-51.65067,DEL03-PR,Risco Médio,Média