dia_semana,br,km,fase_dia,sentido_via,condicao_metereologica,tipo_pista,tracado_via,latitude,longitude,delegacia,classificacao_acidente,postos_policiais_PRF
quarta-feira,BR-290,571.0,Amanhecer,Crescente,Garoa/Chuvisco,Simples,Reta,-29.83397,-55.68812,DEL13-RS,Risco Baixo,Baixa
sexta-feira,BR-153,61.4,Pleno dia,Crescente,Céu Claro,Dupla,Reta,-20.80503,-49.35575,DEL09-SP,Risco Médio,Alta
sábado,BR-70,3.3,Pleno dia,Crescente,Sol,Dupla,Retorno Regulamentado,-15.80202,-48.08368,DEL01-DF,Risco Médio,Baixa
quarta-feira,BR-116,704.5,Pleno dia,Decrescente,Céu Claro,Simples,Rotatória,-21.12682,-42.38322,DEL07-MG,Risco Médio,Alta
terça-feira,BR-324,389.0,Pleno dia,Decrescente,Céu Claro,Simples,Reta,-11.51235,-39.73008,DEL04-BA,Risco Médio,Baixa
quinta-feira,BR-101,500.0,Anoitecer,Crescente,Chuva,Simples,Reta,-14.90792,-39.28869,DEL05-BA,Risco Médio,Alta
quinta-feira,BR-405,3.0,Pleno dia,Crescente,Céu Claro,Dupla,Retorno Regulamentado,-5.193865,-37.38053,DEL04-RN,Risco Médio,Baixa
sexta-feira,BR-262,30.0,Pleno dia,Crescente,Céu Claro,Simples,Curva,-20.3737,-40.5624,DEL01-ES,Risco Médio,Média
quarta-feira,BR-101,333.7,Pleno dia,Crescente,Céu Claro,Dupla,Interseção de vias,-28.4663,-48.99653,DEL02-SC,Risco Médio,Alta
sábado,BR-101,214.8,Pleno dia,Crescente,Céu Claro,Dupla,Interseção de vias,-27.64443,-48.67057,DEL01-SC,Risco Baixo,Alta
quarta-feira,BR-40,518.9,Plena Noite,Decrescente,Nublado,Dupla,Reta,-19.83212,-44.08209,DEL01-MG,Risco Médio,Alta
domingo,BR-116,22.0,Plena Noite,Decrescente,Céu Claro,Dupla,Reta,-3.940708,-38.50919,DEL01-CE,Risco Médio,Alta
sábado,BR-101,120.0,Amanhecer,Crescente,Céu Claro,Dupla,Reta,-22.02622,-41.69171,DEL08-RJ,Risco Médio,Alta
sexta-feira,BR-101,68.0,Pleno dia,Crescente,Nublado,Simples,Não Informado,-18.72946,-39.86007,DEL04-ES,Risco Médio,Alta
terça-feira,BR-364,428.4,Plena Noite,Decrescente,Nublado,Simples,Reta,-10.42181,-62.49513,DEL03-RO,Risco Baixo,Alta
sábado,BR-116,8.7,Plena Noite,Decrescente,Céu Claro,Simples,Reta,-21.929,-42.70371,DEL04-RJ,Risco Médio,Alta
sábado,BR-50,8.0,Pleno dia,Decrescente,Céu Claro,Dupla,Não Informado,-18.87299,-48.21213,DEL15-MG,Risco Baixo,Média
sexta-feira,BR-364,421.0,Pleno dia,Crescente,Céu Claro,Simples,Reta,-10.45975,-62.4558,DEL03-RO,Risco Médio,Alta
sábado,BR-163,714.0,Plena Noite,Crescente,Ignorado,Simples,Reta,-18.5828,-54.76616,DEL06-MS,Risco Médio,Alta
quarta-feira,BR-381,388.7,Pleno dia,Decrescente,Sol,Simples,Reta,-19.78769,-43.42997,DEL01-MG,Risco Médio,Alta
sexta-feira,BR-381,494.8,Pleno dia,Crescente,Céu Claro,Múltipla,Reta,-19.97004,-44.18199,DEL01-MG,Risco Médio,Alta
segunda-feira,BR-101,59.8,Pleno dia,Crescente,Céu Claro,Dupla,Reta,-7.982487,-34.93214,DEL01-PE,Risco Alto,Alta
sexta-feira,BR-282,190.3,Pleno dia,Decrescente,Chuva,Simples,Não Informado,-27.73682,-50.03989,DEL05-SC,Risco Alto,Baixa
sexta-feira,BR-369,163.0,Pleno dia,Crescente,Céu Claro,Dupla,Reta,-23.29706,-51.27891,DEL07-PR,Risco Baixo,Baixa
domingo,BR-373,453.6,Plena Noite,Decrescente,Céu Claro,Múltipla,Interseção de vias,-25.89897,-52.37326,DEL02-PR,Risco Médio,Baixa
quarta-feira,BR-280,56.2,Pleno dia,Crescente,Céu Claro,Simples,Reta,-26.47898,-49.00696,DEL03-SC,Risco Médio,Baixa
sexta-feira,BR-158,292.0,Pleno dia,Decrescente,Céu Claro,Simples,Curva,-29.48533,-53.68358,DEL09-RS,Risco Médio,Baixa
sexta-feira,BR-116,1.0,Pleno dia,Crescente,Céu Claro,Dupla,Reta,-3.761599,-38.51901,DEL01-CE,Risco Médio,Alta
terça-feira,BR-101,206.0,Pleno dia,Crescente,Céu Claro,Múltipla,Reta,-27.6001,-48.6225,DEL01-SC,Risco Médio,Alta
domingo,BR-381,659.0,Pleno dia,Decrescente,Céu Claro,Múltipla,Reta,-21.0093,-44.98,DEL04-MG,Risco Baixo,Alta
terça-feira,BR-153,45.0,Pleno dia,Crescente,Céu Claro,Simples,Rotatória,-20.66562,-49.34084,DEL09-SP,Risco Médio,Alta
quinta-feira,BR-282,186.0,Plena Noite,Crescente,Nevoeiro/Neblina,Simples,Curva,-27.7372,-50.0303,DEL05-SC,Risco Baixo,Baixa
segunda-feira,BR-116,39.2,Pleno dia,Crescente,Céu Claro,Simples,Não Informado,-28.51423,-50.93455,DEL05-RS,Risco Médio,Alta
terça-feira,BR-316,65.7,Pleno dia,Crescente,Céu Claro,Dupla,Reta,-1.295804,-47.91084,DEL01-PA,Risco Médio,Baixa
terça-feira,BR-101,353.7,Pleno dia,Crescente,Céu Claro,Simples,Curva,-20.67773,-40.66635,DEL03-ES,Risco Médio,Alta
sábado,BR-60,98.0,Pleno dia,Decrescente,Céu Claro,Dupla,Reta,-16.3846,-48.9541,DEL02-GO,Risco Médio,Média
quarta-feira,BR-158,390.0,Pleno dia,Crescente,Céu Claro,Simples,Reta,-12.71001,-51.7717,DEL07-MT,Risco Médio,Baixa
quinta-feira,BR-101,66.0,Plena Noite,Decrescente,Céu Claro,Dupla,Interseção de vias,-18.71652,-39.87436,DEL04-ES,Risco Médio,Alta
sexta-feira,BR-153,77.8,Pleno dia,Crescente,Céu Claro,Simples,Reta,-23.57791,-50.14732,DEL07-PR,Risco Baixo,Alta
sexta-feira,BR-376,675.0,Pleno dia,Crescente,Céu Claro,Dupla,Reta,-25.91859,-48.91912,DEL01-PR,Risco Médio,Baixa
domingo,BR-369,176.0,Plena Noite,Crescente,Céu Claro,Simples,Não Informado,-23.3369,-51.38832,DEL07-PR,Risco Médio,Baixa
quinta-feira,BR-259,50.0,Plena Noite,Crescente,Nublado,Simples,Curva,-19.5101,-40.60615,DEL02-ES,Risco Médio,Baixa
segunda-feira,BR-381,489.0,Pleno dia,Crescente,Céu Claro,Dupla,Reta,-19.96246,-44.16455,DEL01-MG,Risco Médio,Alta
quarta-feira,BR-319,59.0,Anoitecer,Decrescente,Céu Claro,Dupla,Reta,-8.742393,-63.90221,DEL01-RO,Risco Médio,Baixa
sábado,BR-277,661.8,Plena Noite,Crescente,Céu Claro,Dupla,Reta,-25.25339,-53.99197,DEL05-PR,Risco Baixo,Média
sábado,BR-20,409.0,Pleno dia,Decrescente,Céu Claro,Dupla,Reta,-3.788903,-38.65271,DEL01-CE,Risco Médio,Baixa
segunda-feira,BR-210,2.4,Plena Noite,Decrescente,Céu Claro,Dupla,Reta,0.082879,-51.07785,DEL01-AP,Risco Médio,Baixa
segunda-feira,BR-101,209.0,Pleno dia,Decrescente,Chuva,Dupla,Curva,-22.48134,-42.2293,DEL08-RJ,Risco Médio,Alta
sábado,BR-116,49.5,Pleno dia,Decrescente,Céu Claro,Simples,Reta,-8.266694,-39.11652,DEL05-PE,Risco Médio,Alta
sexta-feira,BR-376,2.0,Plena Noite,Crescente,Céu Claro,Dupla,Reta,-25.55127,-49.18807,DEL01-PR,Risco Médio,Baixa
domingo,BR-101,303.5,Pleno dia,Crescente,Nublado,Dupla,Reta,-28.3615,-48.74974,DEL02-SC,Risco Médio,Alta
segunda-feira,BR-392,2.5,Pleno dia,Crescente,Nublado,Simples,Reta,-32.0715,-52.0949,DEL07-RS,Risco Médio,Média
domingo,BR-40,561.0,Pleno dia,Decrescente,Chuva,Dupla,Curva,-20.1443,-43.9597,DEL01-MG,Risco Médio,Alta
segunda-feira,BR-381,907.5,Pleno dia,Crescente,Chuva,Múltipla,Curva,-22.6768,-46.09675,DEL16-MG,Risco Baixo,Alta
quinta-feira,BR-101,11.7,Pleno dia,Decrescente,Céu Claro,Múltipla,Reta,-7.612764,-34.97395,DEL01-PE,Risco Baixo,Alta
sexta-feira,BR-376,471.5,Pleno dia,Crescente,Chuva,Dupla,Curva,-25.02446,-50.32571,DEL03-PR,Risco Médio,Baixa
sábado,BR-101,175.0,Pleno dia,Crescente,Nublado,Dupla,Reta,-27.33963,-48.62735,DEL01-SC,Risco Médio,Alta
quarta-feira,BR-376,198.7,Plena Noite,Decrescente,Céu Claro,Dupla,Reta,-23.50489,-51.74262,DEL09-PR,Risco Médio,Baixa
domingo,BR-101,69.0,Pleno dia,Crescente,Chuva,Simples,Curva,-26.4927,-48.73398,DEL03-SC,Risco Médio,Alta
quarta-feira,BR-116,173.0,Pleno dia,Crescente,Céu Claro,Dupla,Reta,-22.77522,-43.39979,DEL01-RJ,Risco Baixo,Alta
segunda-feira,BR-262,625.9,Pleno dia,Crescente,Garoa/Chuvisco,Simples,Reta,-19.58033,-46.42245,DEL08-MG,Risco Médio,Média
sexta-feira,BR-101,41.2,Pleno dia,Crescente,Nublado,Dupla,Reta,-26.33068,-48.86197,DEL03-SC,Risco Médio,Alta
sexta-feira,BR-101,331.0,Pleno dia,Crescente,Sol,Dupla,Não Informado,-28.45568,-48.98127,DEL02-SC,Risco Médio,Alta
segunda-feira,BR-116,150.0,Pleno dia,Crescente,Céu Claro,Dupla,Interseção de vias,-29.16826,-51.1588,DEL05-RS,Risco Médio,Alta
segunda-feira,BR-471,174.0,Pleno dia,Crescente,Céu Claro,Simples,Reta,-30.02276,-52.37355,DEL02-RS,Risco Médio,Baixa
quinta-feira,BR-476,154.0,Pleno dia,Crescente,Céu Claro,Dupla,Reta,-25.58422,-49.40138,DEL01-PR,Risco Médio,Baixa
quarta-feira,BR-343,345.0,Pleno dia,Decrescente,Céu Claro,Simples,Reta,-5.103768,-42.76706,DEL01-PI,Risco Médio,Baixa
sexta-feira,BR-101,661.0,Pleno dia,Decrescente,Céu Claro,Simples,Ponte,-15.94846,-39.55936,DEL05-BA,Risco Médio,Alta
quinta-feira,BR-381,367.0,Pleno dia,Decrescente,Céu Claro,Simples,Não Informado,-19.84959,-43.27455,DEL03-MG,Risco Médio,Alta
terça-feira,BR-101,467.9,Pleno dia,Decrescente,Chuva,Simples,Curva,-14.4933,-39.3294,DEL05-BA,Risco Médio,Alta
quarta-feira,BR-40,2.4,Plena Noite,Decrescente,Céu Claro,Dupla,Reta,-16.06713,-47.98423,DEL01-DF,Risco Baixo,Alta
segunda-feira,BR-101,457.0,Plena Noite,Crescente,Céu Claro,Simples,Interseção de vias,-21.19405,-41.29778,DEL03-ES,Risco Médio,Alta
quarta-feira,BR-423,97.4,Anoitecer,Crescente,Chuva,Simples,Não Informado,-8.876983,-36.50049,DEL03-PE,Risco Médio,Baixa
quinta-feira,BR-376,671.4,Plena Noite,Crescente,Garoa/Chuvisco,Dupla,Desvio Temporário,-25.85297,-48.97673,DEL01-PR,Risco Médio,Baixa
sexta-feira,BR-116,165.0,Plena Noite,Crescente,Céu Claro,Múltipla,Reta,-22.81055,-43.33523,DEL01-RJ,Risco Alto,Alta
sábado,BR-364,715.0,Pleno dia,Crescente,Sol,Dupla,Curva,-8.784495,-63.89665,DEL01-RO,Risco Médio,Alta
quarta-feira,BR-60,45.9,Pleno dia,Decrescente,Céu Claro,Dupla,Reta,-16.8101,-49.2397,DEL01-GO,Risco Médio,Média
terça-feira,BR-20,5.6,Pleno dia,Decrescente,Céu Claro,Dupla,Reta,-15.67055,-47.81604,DEL02-DF,Risco Médio,Baixa
sexta-feira,BR-369,147.3,Pleno dia,Decrescente,Nevoeiro/Neblina,Dupla,Reta,-23.29276,-51.17706,DEL07-PR,Risco Médio,Baixa
sábado,BR-116,305.3,Pleno dia,Crescente,Céu Claro,Dupla,Reta,-23.84287,-46.93239,DEL04-SP,Risco Médio,Alta
quarta-feira,BR-60,96.6,Plena Noite,Crescente,Ignorado,Simples,Reta,-16.371,-48.9422,DEL02-GO,Risco Médio,Média
segunda-feira,BR-101,200.0,Plena Noite,Crescente,Nublado,Múltipla,Não Informado,-27.54938,-48.61996,DEL01-SC,Risco Médio,Alta
sábado,BR-470,202.9,Pleno dia,Decrescente,Céu Claro,Simples,Reta,-29.07678,-51.58497,DEL06-RS,Risco Médio,Baixa
segunda-feira,BR-158,272.0,Pleno dia,Crescente,Céu Claro,Simples,Reta,-17.88152,-51.73317,DEL05-GO,Risco Médio,Baixa
sábado,BR-70,224.0,Pleno dia,Crescente,Céu Claro,Simples,Não Informado,-15.65593,-53.90288,DEL05-MT,Risco Médio,Baixa
domingo,BR-116,223.0,Pleno dia,Decrescente,Sol,Simples,Curva,-29.58827,-51.09918,DEL01-RS,Risco Médio,Alta
sábado,BR-60,227.6,Pleno dia,Crescente,Chuva,Dupla,Curva,-17.03799,-49.7783,DEL01-GO,Risco Baixo,Média
quarta-feira,BR-101,66.8,Pleno dia,Crescente,Chuva,Simples,Não Informado,-10.71719,-37.06433,DEL02-SE,Risco Baixo,Alta
quarta-feira,BR-101,83.5,Plena Noite,Decrescente,Nublado,Dupla,Curva,-8.1777,-34.9526,DEL01-PE,Risco Médio,Alta
domingo,BR-222,673.0,Pleno dia,Decrescente,Céu Claro,Simples,Interseção de vias,-4.929605,-47.4459,DEL04-MA,Risco Médio,Baixa
quarta-feira,BR-174,385.0,Pleno dia,Crescente,Céu Claro,Simples,Curva,-14.49542,-59.52227,DEL04-MT,Risco Médio,Baixa
sábado,BR-163,466.2,Pleno dia,Crescente,Nublado,Simples,Rotatória,-20.58245,-54.58358,DEL01-MS,Risco Baixo,Alta
sábado,BR-20,9.0,Pleno dia,Decrescente,Céu Claro,Dupla,Retorno Regulamentado,-15.65467,-47.78292,DEL02-DF,Risco Médio,Baixa
domingo,BR-381,628.5,Pleno dia,Decrescente,Chuva,Dupla,Não Informado,-20.82291,-44.80102,DEL04-MG,Risco Médio,Alta
quinta-feira,BR-277,362.7,Plena Noite,Decrescente,Céu Claro,Simples,Reta,-25.42093,-51.58064,DEL03-PR,Risco Médio,Média
sábado,BR-116,306.0,Pleno dia,Crescente,Céu Claro,Dupla,Não Informado,-23.84861,-46.93802,DEL04-SP,Risco Médio,Alta
quarta-feira,BR-242,827.0,Pleno dia,Decrescente,Sol,Simples,Reta,-12.10937,-45.29087,DEL10-BA,Risco Baixo,Baixa
sábado,BR-101,269.6,Amanhecer,Decrescente,Céu Claro,Dupla,Não Informado,-28.10631,-48.7027,DEL02-SC,Risco Baixo,Alta
sábado,BR-101,233.0,Pleno dia,Crescente,Sol,Simples,Não Informado,-12.74438,-39.18416,DEL01-BA,Risco Médio,Alta
segunda-feira,BR-287,247.8,Pleno dia,Crescente,Sol,Simples,Reta,-29.69992,-53.84176,DEL09-RS,Risco Médio,Baixa
domingo,BR-101,137.5,Plena Noite,Crescente,Céu Claro,Dupla,Reta,-27.024,-48.6074,DEL04-SC,Risco Médio,Alta
terça-feira,BR-324,606.9,Pleno dia,Crescente,Céu Claro,Dupla,Reta,-12.80271,-38.40391,DEL01-BA,Risco Médio,Baixa
terça-feira,BR-60,394.0,Pleno dia,Decrescente,Nublado,Dupla,Viaduto,-17.82316,-50.99727,DEL04-GO,Risco Médio,Média
quinta-feira,BR-235,17.0,Pleno dia,Crescente,Céu Claro,Simples,Curva,-10.90191,-37.08682,DEL01-SE,Risco Médio,Baixa
quinta-feira,BR-116,271.0,Plena Noite,Crescente,Céu Claro,Dupla,Reta,-23.61809,-46.80556,DEL04-SP,Risco Médio,Alta
quinta-feira,BR-153,336.0,Plena Noite,Crescente,Chuva,Simples,Reta,-25.49754,-50.64816,DEL08-PR,Risco Médio,Alta
domingo,BR-101,56.0,Plena Noite,Decrescente,Céu Claro,Dupla,Reta,-6.969864,-35.08207,DEL01-PB,Risco Médio,Alta
quinta-feira,BR-101,235.0,Plena Noite,Decrescente,Chuva,Dupla,Curva,-27.827,-48.63,DEL01-SC,Risco Médio,Alta
segunda-feira,BR-470,146.9,Anoitecer,Crescente,Céu Claro,Simples,Reta,-27.23303,-49.67275,DEL04-SC,Risco Baixo,Baixa
sábado,BR-116,121.0,Pleno dia,Decrescente,Sol,Dupla,Reta,-23.07634,-45.65341,DEL06-SP,Risco Médio,Alta
sábado,BR-373,436.4,Plena Noite,Crescente,Céu Claro,Simples,Reta,-25.78355,-52.26885,DEL02-PR,Risco Médio,Baixa
domingo,BR-402,35.0,Anoitecer,Crescente,Céu Claro,Simples,Não Informado,-2.85133,-44.0672,DEL01-MA,Risco Baixo,Baixa
quarta-feira,BR-116,811.0,Plena Noite,Decrescente,Céu Claro,Simples,Reta,-14.79343,-40.76062,DEL08-BA,Risco Médio,Alta
sábado,BR-158,523.8,Plena Noite,Decrescente,Céu Claro,Simples,Rotatória,-26.24373,-52.69777,DEL02-PR,Risco Baixo,Baixa
quarta-feira,BR-116,277.0,Pleno dia,Crescente,Nublado,Dupla,Retorno Regulamentado,-17.8595,-41.5153,DEL11-MG,Risco Médio,Alta
quinta-feira,BR-277,655.9,Pleno dia,Crescente,Céu Claro,Dupla,Reta,-25.23079,-53.95279,DEL05-PR,Risco Médio,Média
quinta-feira,BR-153,379.0,Pleno dia,Crescente,Chuva,Simples,Reta,-25.79689,-50.85093,DEL03-PR,Risco Médio,Alta
domingo,BR-423,188.0,Pleno dia,Crescente,Céu Claro,Simples,Não Informado,-9.133595,-37.21358,DEL03-AL,Risco Alto,Baixa
domingo,BR-101,89.0,Amanhecer,Crescente,Céu Claro,Dupla,Reta,-26.65176,-48.68722,DEL03-SC,Risco Médio,Alta
quinta-feira,BR-40,72.0,Pleno dia,Crescente,Céu Claro,Simples,Reta,-16.71339,-47.66969,DEL01-DF,Risco Médio,Alta
quinta-feira,BR-116,6.0,Pleno dia,Crescente,Céu Claro,Simples,Não Informado,-26.14646,-49.82307,DEL06-SC,Risco Médio,Alta
sábado,BR-282,328.0,Plena Noite,Crescente,Céu Claro,Simples,Reta,-27.39438,-51.14801,DEL07-SC,Risco Baixo,Baixa
quarta-feira,BR-116,347.0,Pleno dia,Decrescente,Garoa/Chuvisco,Múltipla,Curva,-24.04699,-47.19706,DEL04-SP,Risco Médio,Alta
quinta-feira,BR-40,78.0,Pleno dia,Crescente,Chuva,Simples,Não Informado,-22.48781,-43.22426,DEL06-RJ,Risco Médio,Alta
sábado,BR-40,518.0,Anoitecer,Decrescente,Céu Claro,Dupla,Interseção de vias,-19.83212,-44.08209,DEL01-MG,Risco Médio,Alta
sábado,BR-116,414.3,Pleno dia,Crescente,Sol,Simples,Interseção de vias,-18.88135,-41.95853,DEL06-MG,Risco Médio,Alta
sábado,BR-20,20.0,Plena Noite,Crescente,Nublado,Dupla,Não Informado,-15.60791,-47.69279,DEL02-DF,Risco Médio,Baixa
sexta-feira,BR-316,5.0,Pleno dia,Crescente,Céu Claro,Múltipla,Reta,-5.141699,-42.78157,DEL01-PI,Risco Médio,Baixa
sábado,BR-163,615.6,Plena Noite,Crescente,Céu Claro,Simples,Interseção de vias,-19.38921,-54.57156,DEL06-MS,Risco Médio,Alta
sexta-feira,BR-282,55.0,Pleno dia,Decrescente,Chuva,Simples,Curva,-27.68921,-48.9828,DEL01-SC,Risco Baixo,Baixa
quinta-feira,BR-101,57.0,Pleno dia,Decrescente,Céu Claro,Dupla,Reta,-26.43685,-48.80932,DEL03-SC,Risco Médio,Alta
sexta-feira,BR-280,130.7,Pleno dia,Decrescente,Nublado,Simples,Reta,-26.25379,-49.53301,DEL06-SC,Risco Médio,Baixa
quarta-feira,BR-101,77.8,Plena Noite,Decrescente,Chuva,Dupla,Curva,-8.133356,-34.94676,DEL01-PE,Risco Médio,Alta
quinta-feira,BR-101,247.0,Plena Noite,Crescente,Chuva,Simples,Reta,-20.06746,-40.37085,DEL02-ES,Risco Médio,Alta
segunda-feira,BR-101,418.9,Pleno dia,Decrescente,Nublado,Múltipla,Não Informado,-28.98044,-49.5371,DEL02-SC,Risco Médio,Alta
sexta-feira,BR-40,73.0,Anoitecer,Decrescente,Chuva,Dupla,Não Informado,-22.47441,-43.21912,DEL06-RJ,Risco Médio,Alta
sábado,BR-316,249.0,Plena Noite,Decrescente,Céu Claro,Simples,Reta,-9.548406,-35.98068,DEL01-AL,Risco Médio,Baixa
terça-feira,BR-116,9.7,Plena Noite,Crescente,Chuva,Simples,Curva,-26.16298,-49.84697,DEL06-SC,Risco Médio,Alta
sábado,BR-381,481.0,Pleno dia,Crescente,Nublado,Dupla,Reta,-19.95932,-44.08826,DEL01-MG,Risco Médio,Alta
segunda-feira,BR-40,521.9,Pleno dia,Decrescente,Céu Claro,Dupla,Reta,-19.85652,-44.07213,DEL01-MG,Risco Médio,Alta
terça-feira,BR-222,123.5,Pleno dia,Decrescente,Céu Claro,Simples,Reta,-3.694553,-39.58168,DEL04-CE,Risco Médio,Baixa
quinta-feira,BR-381,559.5,Pleno dia,Decrescente,Céu Claro,Dupla,Reta,-20.3605,-44.4649,DEL04-MG,Risco Médio,Alta
segunda-feira,BR-476,291.6,Plena Noite,Decrescente,Céu Claro,Simples,Reta,-25.94556,-50.49739,DEL02-PR,Risco Alto,Baixa
quinta-feira,BR-364,434.0,Pleno dia,Decrescente,Céu Claro,Dupla,Reta,-15.6478,-56.1332,DEL01-MT,Risco Baixo,Alta
domingo,BR-356,76.3,Plena Noite,Decrescente,Nublado,Simples,Reta,-21.42921,-41.69336,DEL08-RJ,Risco Médio,Baixa
sexta-feira,BR-101,245.2,Plena Noite,Decrescente,Ignorado,Dupla,Reta,-22.64622,-42.48286,DEL02-RJ,Risco Baixo,Alta
quinta-feira,BR-472,187.9,Pleno dia,Crescente,Céu Claro,Simples,Reta,-27.83755,-54.64177,DEL10-RS,Risco Médio,Baixa
quarta-feira,BR-343,348.0,Plena Noite,Decrescente,Céu Claro,Dupla,Reta,-5.0918,-42.7615,DEL01-PI,Risco Médio,Baixa
domingo,BR-50,172.0,Pleno dia,Decrescente,Garoa/Chuvisco,Dupla,Reta,-19.75403,-47.98052,DEL13-MG,Risco Médio,Média
terça-feira,BR-381,585.0,Pleno dia,Decrescente,Céu Claro,Dupla,Reta,-20.5219,-44.6269,DEL04-MG,Risco Médio,Alta
sábado,BR-101,148.0,Pleno dia,Decrescente,Céu Claro,Dupla,Reta,-27.109,-48.6126,DEL04-SC,Risco Médio,Alta
quarta-feira,BR-277,77.6,Plena Noite,Decrescente,Ignorado,Dupla,Reta,-25.48481,-49.18811,DEL01-PR,Risco Médio,Média
domingo,BR-116,367.0,Plena Noite,Decrescente,Chuva,Simples,Curva,-18.5167,-41.88062,DEL11-MG,Risco Médio,Alta
segunda-feira,BR-116,137.0,Pleno dia,Decrescente,Céu Claro,Dupla,Reta,-22.64791,-43.18205,DEL04-RJ,Risco Baixo,Alta
quarta-feira,BR-364,429.0,Pleno dia,Decrescente,Nublado,Simples,Não Informado,-10.41628,-62.50265,DEL03-RO,Risco Baixo,Alta
domingo,BR-116,141.5,Plena Noite,Decrescente,Nublado,Dupla,Reta,-23.17005,-45.82091,DEL06-SP,Risco Alto,Alta
quinta-feira,BR-304,118.0,Pleno dia,Crescente,Céu Claro,Simples,Reta,-5.625935,-36.87237,DEL04-RN,Risco Alto,Baixa
quarta-feira,BR-364,248.0,Anoitecer,Decrescente,Nublado,Dupla,Reta,-16.13033,-54.83824,DEL02-MT,Risco Médio,Alta
domingo,BR-101,8.5,Pleno dia,Decrescente,Chuva,Simples,Reta,-10.26874,-36.86829,DEL02-SE,Risco Baixo,Alta
segunda-feira,BR-70,728.0,Pleno dia,Crescente,Céu Claro,Simples,Reta,-16.11917,-57.66481,DEL03-MT,Risco Alto,Baixa
domingo,BR-316,3.1,Pleno dia,Crescente,Céu Claro,Dupla,Reta,-1.39002,-48.41402,DEL01-PA,Risco Médio,Baixa
sábado,BR-285,308.5,Plena Noite,Crescente,Céu Claro,Simples,Reta,-28.22904,-52.51652,DEL08-RS,Risco Baixo,Baixa
segunda-feira,BR-110,220.0,Pleno dia,Decrescente,Céu Claro,Simples,Reta,-9.003412,-38.21749,DEL07-BA,Risco Médio,Baixa
sexta-feira,BR-343,346.0,Pleno dia,Crescente,Nublado,Dupla,Reta,-5.107604,-42.7688,DEL01-PI,Risco Médio,Baixa
segunda-feira,BR-267,36.8,Pleno dia,Crescente,Céu Claro,Simples,Não Informado,-21.67272,-42.89431,DEL07-MG,Risco Baixo,Baixa
segunda-feira,BR-116,9.0,Plena Noite,Crescente,Nublado,Simples,Reta,-14.85898,-40.87964,DEL08-BA,Risco Médio,Alta
sábado,BR-116,38.0,Plena Noite,Crescente,Garoa/Chuvisco,Dupla,Curva,-25.14808,-48.85924,DEL01-PR,Risco Baixo,Alta
sábado,BR-381,932.4,Plena Noite,Crescente,Nublado,Dupla,Curva,-22.7956,-46.2536,DEL16-MG,Risco Médio,Alta
domingo,BR-290,518.0,Anoitecer,Crescente,Céu Claro,Simples,Reta,-30.11329,-55.2657,DEL11-RS,Risco Médio,Baixa
quinta-feira,BR-376,175.4,Pleno dia,Decrescente,Céu Claro,Dupla,Reta,-23.41344,-51.94722,DEL07-PR,Risco Médio,Baixa
quinta-feira,BR-70,510.9,Plena Noite,Decrescente,Ignorado,Simples,Reta,-15.75195,-55.3553,DEL02-MT,Risco Médio,Baixa
sexta-feira,BR-104,45.8,Plena Noite,Crescente,Nublado,Dupla,Curva,-8.115897,-36.00539,DEL02-PE,Risco Médio,Baixa
sexta-feira,BR-262,178.0,Pleno dia,Decrescente,Céu Claro,Simples,Curva,-19.92625,-42.98211,DEL03-MG,Risco Médio,Média
quinta-feira,BR-376,439.0,Amanhecer,Crescente,Garoa/Chuvisco,Dupla,Não Informado,-24.85445,-50.46069,DEL03-PR,Risco Médio,Baixa
sábado,BR-277,410.0,Pleno dia,Crescente,Céu Claro,Simples,Não Informado,-25.43185,-52.00714,DEL04-PR,Risco Médio,Média
sábado,BR-101,118.8,Pleno dia,Decrescente,Céu Claro,Múltipla,Reta,-26.89586,-48.71903,DEL04-SC,Risco Médio,Alta
sexta-feira,BR-101,206.4,Pleno dia,Crescente,Nublado,Dupla,Reta,-27.59194,-48.61825,DEL01-SC,Risco Médio,Alta
sábado,BR-316,3.9,Pleno dia,Decrescente,Céu Claro,Múltipla,Interseção de vias,-5.128264,-42.79292,DEL01-PI,Risco Baixo,Baixa
sábado,BR-116,107.0,Plena Noite,Decrescente,Chuva,Dupla,Reta,-22.52826,-42.99737,DEL04-RJ,Risco Médio,Alta
terça-feira,BR-470,104.6,Pleno dia,Crescente,Nublado,Simples,Curva,-27.06135,-49.41041,DEL04-SC,Risco Médio,Baixa
segunda-feira,BR-153,493.4,Pleno dia,Decrescente,Nublado,Múltipla,Não Informado,-16.65066,-49.21488,DEL01-GO,Risco Médio,Alta
terça-feira,BR-101,934.0,Pleno dia,Crescente,Nublado,Simples,Reta,-18.08686,-39.55117,DEL09-BA,Risco Médio,Alta
terça-feira,BR-386,415.1,Pleno dia,Decrescente,Céu Claro,Simples,Reta,-29.81788,-51.47204,DEL04-RS,Risco Médio,Média
sexta-feira,BR-316,310.1,Plena Noite,Crescente,Céu Claro,Múltipla,Reta,-7.080078,-41.45985,DEL04-PI,Risco Médio,Baixa
terça-feira,BR-470,55.5,Pleno dia,Crescente,Sol,Simples,Reta,-26.8756,-49.11799,DEL04-SC,Risco Médio,Baixa
domingo,BR-116,260.0,Plena Noite,Decrescente,Nublado,Simples,Reta,-29.87921,-51.18046,DEL01-RS,Risco Baixo,Alta
segunda-feira,BR-282,487.1,Pleno dia,Crescente,Chuva,Simples,Reta,-26.85758,-52.2632,DEL07-SC,Risco Médio,Baixa