dia_semana,br,km,fase_dia,sentido_via,condicao_metereologica,tipo_pista,tracado_via,latitude,longitude,delegacia,classificacao_acidente,postos_policiais_PRF
domingo,BR-60,77.0,Pleno dia,Crescente,Chuva,Dupla,Curva,-16.2901,-48.799,DEL02-GO,Risco Médio,Média
domingo,BR-262,437.0,Pleno dia,Crescente,Céu Claro,Dupla,Reta,-19.8967,-44.86717,DEL08-MG,Risco Médio,Média
segunda-feira,BR-381,729.3,Plena Noite,Decrescente,Chuva,Dupla,Curva,-21.50081,-45.21365,DEL04-MG,Risco Baixo,Alta
sábado,BR-369,144.0,Amanhecer,Decrescente,Céu Claro,Dupla,Reta,-23.29309,-51.09957,DEL07-PR,Risco Médio,Baixa
domingo,BR-116,176.9,Pleno dia,Crescente,Céu Claro,Dupla,Reta,-22.75405,-43.43489,DEL01-RJ,Risco Baixo,Alta
sexta-feira,BR-101,262.0,Pleno dia,Crescente,Nublado,Dupla,Não Informado,-20.15723,-40.27678,DEL02-ES,Risco Médio,Alta
quinta-feira,BR-376,347.4,Pleno dia,Decrescente,Nublado,Simples,Curva,-24.1882,-50.96096,DEL07-PR,Risco Baixo,Baixa
quarta-feira,BR-40,2.8,Pleno dia,Crescente,Céu Claro,Dupla,Reta,-16.06713,-47.98423,DEL01-DF,Risco Médio,Alta
quinta-feira,BR-101,86.3,Pleno dia,Crescente,Sol,Dupla,Reta,-7.15119,-34.91012,DEL01-PB,Risco Médio,Alta
quinta-feira,BR-163,110.3,Amanhecer,Decrescente,Céu Claro,Dupla,Não Informado,-16.57815,-54.68671,DEL02-MT,Risco Médio,Alta
sábado,BR-262,5.9,Pleno dia,Crescente,Céu Claro,Dupla,Reta,-20.3396,-40.39408,DEL01-ES,Risco Médio,Média
quarta-feira,BR-116,136.7,Pleno dia,Decrescente,Céu Claro,Simples,Reta,-16.74953,-41.50421,DEL11-MG,Risco Médio,Alta
segunda-feira,BR-392,66.9,Pleno dia,Decrescente,Nublado,Simples,Interseção de vias,-31.69241,-52.34538,DEL07-RS,Risco Médio,Média
domingo,BR-381,658.0,Pleno dia,Decrescente,Nublado,Múltipla,Reta,-21.00051,-44.96661,DEL04-MG,Risco Médio,Alta
quarta-feira,BR-101,270.5,Pleno dia,Decrescente,Céu Claro,Múltipla,Interseção de vias,-20.22662,-40.27075,DEL02-ES,Risco Médio,Alta
sábado,BR-262,442.8,Plena Noite,Crescente,Céu Claro,Dupla,Reta,-19.88062,-44.91232,DEL08-MG,Risco Médio,Média
domingo,BR-116,144.0,Plena Noite,Crescente,Céu Claro,Múltipla,Reta,-23.18274,-45.84634,DEL02-SP,Risco Baixo,Alta
domingo,BR-116,177.0,Pleno dia,Decrescente,Nublado,Dupla,Reta,-22.75018,-43.44115,DEL01-RJ,Risco Médio,Alta
sexta-feira,BR-116,138.0,Plena Noite,Crescente,Céu Claro,Dupla,Reta,-22.64934,-43.23238,DEL04-RJ,Risco Baixo,Alta
sexta-feira,BR-40,1.0,Pleno dia,Crescente,Nublado,Dupla,Reta,-15.98553,-47.98775,DEL01-DF,Risco Médio,Alta
quinta-feira,BR-101,115.0,Pleno dia,Crescente,Nublado,Dupla,Reta,-26.87064,-48.72954,DEL04-SC,Risco Médio,Alta
quinta-feira,BR-101,327.2,Pleno dia,Decrescente,Nublado,Dupla,Rotatória,-28.4326,-48.9557,DEL02-SC,Risco Médio,Alta
domingo,BR-476,112.7,Plena Noite,Decrescente,Nublado,Simples,Curva,-25.3147,-49.1586,DEL01-PR,Risco Baixo,Baixa
domingo,BR-280,58.6,Plena Noite,Decrescente,Nublado,Dupla,Curva,-26.47416,-49.02121,DEL03-SC,Risco Médio,Baixa
terça-feira,BR-408,56.1,Pleno dia,Crescente,Céu Claro,Simples,Reta,-7.779949,-35.23919,DEL01-PE,Risco Médio,Baixa
sábado,BR-277,171.0,Amanhecer,Decrescente,Céu Claro,Simples,Curva,-25.43522,-50.01666,DEL01-PR,Risco Alto,Média
sábado,BR-469,16.5,Pleno dia,Decrescente,Céu Claro,Simples,Reta,-25.58964,-54.51815,DEL05-PR,Risco Médio,Baixa
domingo,BR-364,587.0,Pleno dia,Decrescente,Chuva,Simples,Desvio Temporário,-8.063365,-71.19332,DEL01-AC,Risco Médio,Alta
segunda-feira,BR-282,2.3,Plena Noite,Crescente,Céu Claro,Múltipla,Reta,-27.60329,-48.59042,DEL01-SC,Risco Médio,Baixa
sexta-feira,BR-116,243.0,Pleno dia,Crescente,Céu Claro,Dupla,Reta,-29.73196,-51.14952,DEL01-RS,Risco Médio,Alta
sexta-feira,BR-262,18.9,Pleno dia,Crescente,Sol,Simples,Reta,-20.39137,-40.4808,DEL01-ES,Risco Médio,Média
quinta-feira,BR-364,504.0,Plena Noite,Crescente,Nublado,Simples,Reta,-15.22978,-56.49642,DEL01-MT,Risco Baixo,Alta
sexta-feira,BR-230,27.0,Pleno dia,Decrescente,Céu Claro,Dupla,Reta,-7.168381,-34.88413,DEL01-PB,Risco Médio,Baixa
sexta-feira,BR-163,263.0,Plena Noite,Crescente,Chuva,Dupla,Reta,-22.23164,-54.74782,DEL04-MS,Risco Baixo,Alta
segunda-feira,BR-101,199.2,Pleno dia,Decrescente,Nublado,Dupla,Curva,-27.53414,-48.63003,DEL01-SC,Risco Médio,Alta
sábado,BR-316,97.0,Plena Noite,Decrescente,Céu Claro,Simples,Reta,-1.330329,-47.63036,DEL01-PA,Risco Médio,Baixa
sábado,BR-40,314.3,Plena Noite,Crescente,Ignorado,Simples,Reta,-18.32096,-45.11055,DEL14-MG,Risco Médio,Alta
domingo,BR-40,499.0,Pleno dia,Crescente,Céu Claro,Dupla,Reta,-19.69318,-44.1783,DEL02-MG,Risco Baixo,Alta
sábado,BR-153,494.9,Amanhecer,Decrescente,Sol,Dupla,Reta,-16.6614,-49.2218,DEL01-GO,Risco Médio,Alta
segunda-feira,BR-376,491.8,Pleno dia,Crescente,Nublado,Dupla,Reta,-25.11431,-50.18777,DEL03-PR,Risco Médio,Baixa
sábado,BR-101,92.0,Plena Noite,Crescente,Chuva,Múltipla,Reta,-26.6806,-48.69315,DEL03-SC,Risco Médio,Alta
quinta-feira,BR-282,5.0,Plena Noite,Crescente,Nublado,Múltipla,Reta,-27.58843,-48.61292,DEL01-SC,Risco Médio,Baixa
sábado,BR-476,140.0,Plena Noite,Crescente,Nublado,Múltipla,Curva,-25.52069,-49.29411,DEL01-PR,Risco Médio,Baixa
terça-feira,BR-60,342.9,Pleno dia,Crescente,Céu Claro,Dupla,Reta,-17.56038,-50.63035,DEL04-GO,Risco Médio,Média
sábado,BR-262,60.9,Pleno dia,Crescente,Céu Claro,Simples,Reta,-20.29192,-42.21759,DEL06-MG,Risco Médio,Média
domingo,BR-376,177.0,Plena Noite,Crescente,Garoa/Chuvisco,Dupla,Reta,-23.41596,-51.92226,DEL07-PR,Risco Médio,Baixa
sexta-feira,BR-101,187.4,Anoitecer,Crescente,Chuva,Dupla,Curva,-9.901069,-36.4639,DEL02-AL,Risco Médio,Alta
quinta-feira,BR-101,201.0,Pleno dia,Decrescente,Céu Claro,Múltipla,Reta,-27.55378,-48.61912,DEL01-SC,Risco Médio,Alta
sábado,BR-101,93.3,Pleno dia,Crescente,Chuva,Múltipla,Não Informado,-7.20351,-34.9081,DEL01-PB,Risco Baixo,Alta
sábado,BR-226,286.8,Plena Noite,Crescente,Céu Claro,Simples,Reta,-5.497912,-45.24263,DEL03-MA,Risco Alto,Baixa
quarta-feira,BR-470,116.0,Pleno dia,Decrescente,Céu Claro,Simples,Curva,-27.07756,-49.49448,DEL04-SC,Risco Médio,Baixa
terça-feira,BR-277,613.2,Plena Noite,Decrescente,Nublado,Simples,Reta,-25.06254,-53.64997,DEL05-PR,Risco Médio,Média
quinta-feira,BR-101,89.0,Plena Noite,Crescente,Chuva,Dupla,Reta,-10.88051,-37.13356,DEL01-SE,Risco Médio,Alta
sexta-feira,BR-104,49.3,Pleno dia,Crescente,Céu Claro,Dupla,Reta,-8.1522,-35.9842,DEL02-PE,Risco Alto,Baixa
terça-feira,BR-262,168.0,Pleno dia,Crescente,Céu Claro,Simples,Reta,-19.95979,-42.91034,DEL03-MG,Risco Baixo,Média
terça-feira,BR-324,513.0,Pleno dia,Crescente,Chuva,Simples,Reta,-12.23098,-38.96101,DEL02-BA,Risco Médio,Baixa
segunda-feira,BR-393,198.0,Pleno dia,Decrescente,Nublado,Simples,Reta,-22.20864,-43.3817,DEL05-RJ,Risco Médio,Média
quinta-feira,BR-101,143.9,Plena Noite,Decrescente,Chuva,Múltipla,Reta,-19.35188,-40.06367,DEL04-ES,Risco Médio,Alta
sábado,BR-40,305.9,Pleno dia,Decrescente,Céu Claro,Simples,Reta,-18.24919,-45.17689,DEL14-MG,Risco Médio,Alta
quinta-feira,BR-386,338.2,Pleno dia,Crescente,Sol,Simples,Curva,-29.40405,-52.03652,DEL04-RS,Risco Médio,Média
segunda-feira,BR-116,224.0,Pleno dia,Crescente,Céu Claro,Dupla,Não Informado,-29.58976,-51.10782,DEL01-RS,Risco Médio,Alta
quarta-feira,BR-163,572.0,Pleno dia,Crescente,Céu Claro,Simples,Curva,-14.05133,-56.09756,DEL01-MT,Risco Médio,Alta
sábado,BR-153,344.8,Plena Noite,Decrescente,Céu Claro,Simples,Curva,-15.62478,-49.38722,DEL02-GO,Risco Médio,Alta
domingo,BR-101,144.0,Pleno dia,Decrescente,Céu Claro,Dupla,Reta,-27.0734,-48.5966,DEL04-SC,Risco Médio,Alta
segunda-feira,BR-282,582.1,Pleno dia,Crescente,Céu Claro,Simples,Interseção de vias,-26.82649,-53.00346,DEL07-SC,Risco Baixo,Baixa
terça-feira,BR-101,479.0,Pleno dia,Decrescente,Céu Claro,Simples,Curva,-23.00854,-44.27562,DEL03-RJ,Risco Médio,Alta
quarta-feira,BR-101,12.1,Pleno dia,Crescente,Chuva,Dupla,Reta,-7.602436,-34.97938,DEL01-PE,Risco Médio,Alta
sábado,BR-364,0.1,Pleno dia,Crescente,Céu Claro,Dupla,Reta,-17.31871,-53.2119,DEL02-MT,Risco Médio,Alta
segunda-feira,BR-10,138.0,Pleno dia,Decrescente,Céu Claro,Simples,Ponte,-6.510386,-47.38468,DEL04-MA,Risco Médio,Baixa
quinta-feira,BR-116,218.0,Pleno dia,Decrescente,Garoa/Chuvisco,Múltipla,Não Informado,-23.21981,-45.89992,DEL01-SP,Risco Médio,Alta
quinta-feira,BR-277,711.8,Pleno dia,Crescente,Céu Claro,Dupla,Reta,-25.45408,-54.42225,DEL05-PR,Risco Médio,Média
terça-feira,BR-153,136.0,Pleno dia,Crescente,Garoa/Chuvisco,Simples,Reta,-7.137507,-48.20094,DEL02-TO,Risco Baixo,Alta
sábado,BR-232,330.0,Plena Noite,Crescente,Céu Claro,Simples,Reta,-8.09013,-37.60831,DEL04-PE,Risco Alto,Baixa
sábado,BR-316,214.8,Pleno dia,Crescente,Chuva,Simples,Curva,-9.50906,-36.21902,DEL01-AL,Risco Baixo,Baixa
quinta-feira,BR-470,282.6,Pleno dia,Decrescente,Céu Claro,Simples,Curva,-27.33564,-50.87566,DEL07-SC,Risco Médio,Baixa
domingo,BR-364,972.0,Anoitecer,Crescente,Céu Claro,Simples,Reta,-9.659104,-65.74196,DEL01-RO,Risco Médio,Alta
sexta-feira,BR-163,1064.0,Plena Noite,Crescente,Céu Claro,Simples,Retorno Regulamentado,-10.09327,-54.91901,DEL06-MT,Risco Médio,Alta
domingo,BR-242,665.0,Pleno dia,Decrescente,Nublado,Simples,Reta,-12.19729,-43.69036,DEL10-BA,Risco Médio,Baixa
sexta-feira,BR-116,488.0,Plena Noite,Crescente,Céu Claro,Dupla,Reta,-12.58003,-39.51233,DEL02-BA,Risco Médio,Alta
sábado,BR-101,133.0,Pleno dia,Crescente,Nublado,Múltipla,Reta,-26.99936,-48.64609,DEL04-SC,Risco Baixo,Alta
quinta-feira,BR-381,699.9,Pleno dia,Decrescente,Nublado,Dupla,Não Informado,-21.28129,-45.13992,DEL04-MG,Risco Médio,Alta
sábado,BR-20,103.0,Pleno dia,Crescente,Chuva,Simples,Reta,-14.92223,-46.96667,DEL02-DF,Risco Alto,Baixa
sexta-feira,BR-101,43.4,Pleno dia,Crescente,Céu Claro,Simples,Rotatória,-23.41014,-45.06455,DEL06-SP,Risco Baixo,Alta
quinta-feira,BR-230,472.0,Plena Noite,Decrescente,Nublado,Simples,Reta,-6.7994,-38.2987,DEL03-PB,Risco Médio,Baixa
sábado,BR-316,306.0,Plena Noite,Decrescente,Ignorado,Simples,Curva,-7.077007,-41.5096,DEL04-PI,Risco Médio,Baixa
quarta-feira,BR-364,535.0,Plena Noite,Decrescente,Céu Claro,Simples,Curva,-14.9031,-56.4675,DEL01-MT,Risco Baixo,Alta
domingo,BR-101,371.0,Amanhecer,Crescente,Céu Claro,Dupla,Reta,-28.71137,-49.21406,DEL02-SC,Risco Baixo,Alta
sábado,BR-101,266.1,Plena Noite,Decrescente,Céu Claro,Dupla,Reta,-28.06848,-48.71464,DEL02-SC,Risco Baixo,Alta
sábado,BR-70,2.0,Pleno dia,Decrescente,Sol,Dupla,Reta,-15.8875,-52.26811,DEL07-MT,Risco Médio,Baixa
domingo,BR-447,13.0,Pleno dia,Crescente,Sol,Dupla,Reta,-20.35784,-40.33283,DEL01-ES,Risco Médio,Baixa
quarta-feira,BR-364,196.0,Plena Noite,Crescente,Céu Claro,Dupla,Reta,-17.91723,-51.72066,DEL05-GO,Risco Médio,Alta
terça-feira,BR-262,2.0,Pleno dia,Crescente,Sol,Dupla,Reta,-20.33461,-40.36029,DEL01-ES,Risco Baixo,Média
terça-feira,BR-373,180.9,Pleno dia,Crescente,Céu Claro,Dupla,Reta,-25.03984,-50.24853,DEL03-PR,Risco Médio,Baixa
quinta-feira,BR-101,46.1,Amanhecer,Crescente,Chuva,Simples,Reta,-23.42592,-45.07738,DEL06-SP,Risco Médio,Alta
quarta-feira,BR-50,186.0,Plena Noite,Crescente,Céu Claro,Dupla,Não Informado,-19.82508,-47.89035,DEL13-MG,Risco Médio,Média
quarta-feira,BR-60,39.0,Plena Noite,Crescente,Céu Claro,Dupla,Não Informado,-16.1143,-48.5569,DEL01-DF,Risco Médio,Média
quinta-feira,BR-101,214.8,Pleno dia,Decrescente,Nublado,Dupla,Reta,-27.64443,-48.67057,DEL01-SC,Risco Médio,Alta
sexta-feira,BR-163,256.1,Plena Noite,Decrescente,Nublado,Dupla,Reta,-22.25893,-54.79977,DEL04-MS,Risco Baixo,Alta
quarta-feira,BR-101,28.9,Pleno dia,Crescente,Nublado,Dupla,Reta,-26.21794,-48.91617,DEL03-SC,Risco Médio,Alta
quinta-feira,BR-381,431.0,Amanhecer,Crescente,Céu Claro,Simples,Curva,-19.78867,-43.66447,DEL01-MG,Risco Médio,Alta
terça-feira,BR-343,503.0,Plena Noite,Crescente,Céu Claro,Simples,Reta,-6.246497,-42.82908,DEL03-PI,Risco Médio,Baixa
sábado,BR-20,92.6,Pleno dia,Decrescente,Céu Claro,Simples,Reta,-15.00543,-47.03591,DEL02-DF,Risco Alto,Baixa
sábado,BR-282,505.0,Pleno dia,Crescente,Céu Claro,Simples,Rotatória,-26.88588,-52.41876,DEL07-SC,Risco Médio,Baixa
sábado,BR-163,113.5,Pleno dia,Decrescente,Céu Claro,Simples,Curva,-25.62139,-53.64579,DEL02-PR,Risco Médio,Alta
segunda-feira,BR-116,156.6,Plena Noite,Decrescente,Céu Claro,Dupla,Reta,-23.25044,-45.93573,DEL02-SP,Risco Médio,Alta
domingo,BR-381,168.0,Plena Noite,Crescente,Céu Claro,Simples,Reta,-19.96156,-42.91314,DEL06-MG,Risco Médio,Alta
quarta-feira,BR-277,93.0,Pleno dia,Decrescente,Céu Claro,Múltipla,Desvio Temporário,-25.43067,-49.32229,DEL01-PR,Risco Baixo,Média
domingo,BR-163,170.0,Pleno dia,Decrescente,Céu Claro,Simples,Reta,-25.2577,-53.5763,DEL04-PR,Risco Médio,Alta
sexta-feira,BR-280,28.7,Plena Noite,Decrescente,Nublado,Simples,Reta,-26.40898,-48.75081,DEL03-SC,Risco Médio,Baixa
domingo,BR-319,63.0,Pleno dia,Crescente,Sol,Dupla,Reta,-8.757886,-63.88636,DEL01-RO,Risco Médio,Baixa
sábado,BR-153,613.9,Plena Noite,Crescente,Céu Claro,Dupla,Reta,-17.6612,-49.168,DEL03-GO,Risco Baixo,Alta
domingo,BR-163,292.0,Pleno dia,Decrescente,Nublado,Simples,Reta,-24.5195,-54.0974,DEL06-PR,Risco Médio,Alta
domingo,BR-116,1.0,Pleno dia,Crescente,Nublado,Dupla,Não Informado,-25.06377,-48.57058,DEL01-PR,Risco Médio,Alta
quarta-feira,BR-101,119.2,Pleno dia,Decrescente,Céu Claro,Dupla,Reta,-6.021729,-35.25169,DEL01-RN,Risco Alto,Alta
segunda-feira,BR-364,275.6,Pleno dia,Decrescente,Céu Claro,Simples,Curva,-15.95086,-54.98238,DEL02-MT,Risco Médio,Alta
quinta-feira,BR-163,692.8,Amanhecer,Decrescente,Céu Claro,Simples,Reta,-13.04953,-55.90682,DEL06-MT,Risco Médio,Alta
sexta-feira,BR-407,175.0,Plena Noite,Decrescente,Céu Claro,Simples,Reta,-10.88406,-40.10993,DEL04-BA,Risco Médio,Baixa
sexta-feira,BR-222,299.0,Plena Noite,Crescente,Céu Claro,Simples,Curva,-3.650996,-40.9314,DEL04-CE,Risco Baixo,Baixa
terça-feira,BR-116,250.7,Pleno dia,Crescente,Sol,Dupla,Desvio Temporário,-29.79815,-51.16538,DEL01-RS,Risco Baixo,Alta
domingo,BR-101,43.0,Plena Noite,Decrescente,Céu Claro,Dupla,Não Informado,-26.3325,-48.86169,DEL03-SC,Risco Baixo,Alta
quinta-feira,BR-158,113.9,Plena Noite,Crescente,Céu Claro,Simples,Reta,-26.92166,-53.19876,DEL07-SC,Risco Alto,Baixa
sábado,BR-101,155.9,Anoitecer,Crescente,Céu Claro,Múltipla,Reta,-27.1707,-48.61166,DEL04-SC,Risco Médio,Alta
domingo,BR-50,106.4,Pleno dia,Crescente,Chuva,Simples,Reta,-16.9309,-47.7117,DEL01-DF,Risco Médio,Média
domingo,BR-101,118.6,Plena Noite,Crescente,Céu Claro,Dupla,Retorno Regulamentado,-11.02306,-37.32625,DEL02-SE,Risco Baixo,Alta
sábado,BR-418,87.0,Plena Noite,Crescente,Céu Claro,Simples,Reta,-17.89208,-39.81627,DEL09-BA,Risco Médio,Baixa
terça-feira,BR-101,144.7,Pleno dia,Crescente,Chuva,Dupla,Reta,-19.3847,-40.0672,DEL04-ES,Risco Médio,Alta
quarta-feira,BR-386,347.0,Plena Noite,Crescente,Céu Claro,Dupla,Não Informado,-29.45174,-51.96589,DEL04-RS,Risco Médio,Média
sábado,BR-101,2.8,Pleno dia,Crescente,Chuva,Dupla,Desvio Temporário,-7.523874,-34.99333,DEL01-PE,Risco Médio,Alta
segunda-feira,BR-376,216.0,Pleno dia,Crescente,Sol,Simples,Interseção de vias,-23.58844,-51.64582,DEL09-PR,Risco Médio,Baixa
sábado,BR-470,164.1,Pleno dia,Crescente,Chuva,Simples,Curva,-27.27865,-49.83605,DEL04-SC,Risco Médio,Baixa
sexta-feira,BR-364,546.0,Pleno dia,Crescente,Céu Claro,Dupla,Reta,-14.84193,-56.44432,DEL01-MT,Risco Baixo,Alta
sexta-feira,BR-290,213.0,Pleno dia,Crescente,Nublado,Simples,Interseção de vias,-30.18787,-52.35878,DEL02-RS,Risco Baixo,Baixa
domingo,BR-116,272.0,Anoitecer,Crescente,Céu Claro,Simples,Não Informado,-10.94688,-38.80183,DEL07-BA,Risco Médio,Alta
quinta-feira,BR-101,271.0,Plena Noite,Decrescente,Céu Claro,Simples,Reta,-13.03273,-39.28913,DEL01-BA,Risco Médio,Alta
sexta-feira,BR-386,343.9,Anoitecer,Crescente,Céu Claro,Simples,Desvio Temporário,-29.44434,-51.98081,DEL04-RS,Risco Médio,Média
segunda-feira,BR-101,96.0,Plena Noite,Decrescente,Céu Claro,Simples,Reta,-18.9044,-40.0805,DEL04-ES,Risco Médio,Alta
sexta-feira,BR-101,261.0,Pleno dia,Crescente,Chuva,Dupla,Curva,-20.14854,-40.27971,DEL02-ES,Risco Médio,Alta
quarta-feira,BR-135,386.0,Pleno dia,Crescente,Céu Claro,Simples,Reta,-9.316635,-44.52006,DEL03-PI,Risco Médio,Baixa
sexta-feira,BR-116,582.6,Pleno dia,Decrescente,Céu Claro,Simples,Reta,-20.22148,-42.17514,DEL06-MG,Risco Médio,Alta
quarta-feira,BR-135,79.0,Pleno dia,Crescente,Céu Claro,Simples,Curva,-3.212133,-44.36219,DEL01-MA,Risco Médio,Baixa
segunda-feira,BR-230,402.1,Pleno dia,Crescente,Céu Claro,Simples,Reta,-7.508571,-46.03159,DEL05-MA,Risco Médio,Baixa
domingo,BR-101,198.0,Pleno dia,Crescente,Nublado,Dupla,Reta,-8.764359,-35.61465,DEL01-PE,Risco Baixo,Alta
sábado,BR-101,114.0,Amanhecer,Decrescente,Céu Claro,Dupla,Reta,-5.982223,-35.2649,DEL01-RN,Risco Médio,Alta
segunda-feira,BR-364,14.7,Pleno dia,Crescente,Céu Claro,Dupla,Reta,-12.73817,-60.14228,DEL04-RO,Risco Médio,Alta
sábado,BR-222,310.4,Plena Noite,Crescente,Céu Claro,Simples,Não Informado,-3.71408,-40.98724,DEL04-CE,Risco Baixo,Baixa
quarta-feira,BR-101,295.1,Pleno dia,Crescente,Chuva,Dupla,Curva,-22.76365,-42.90224,DEL02-RJ,Risco Médio,Alta
terça-feira,BR-116,10.0,Anoitecer,Decrescente,Céu Claro,Múltipla,Reta,-3.840303,-38.50049,DEL01-CE,Risco Médio,Alta
sábado,BR-277,415.0,Plena Noite,Crescente,Céu Claro,Simples,Não Informado,-25.41932,-52.04643,DEL04-PR,Risco Médio,Média
sexta-feira,BR-277,726.4,Amanhecer,Crescente,Céu Claro,Dupla,Curva,-25.5106,-54.55482,DEL05-PR,Risco Baixo,Média
quarta-feira,BR-135,411.0,Pleno dia,Decrescente,Céu Claro,Simples,Curva,-9.470955,-44.62639,DEL03-PI,Risco Médio,Baixa
terça-feira,BR-356,80.0,Plena Noite,Crescente,Céu Claro,Simples,Reta,-21.43091,-41.69134,DEL08-RJ,Risco Alto,Baixa
sábado,BR-324,0.0,Plena Noite,Crescente,Nublado,Dupla,Reta,-12.27151,-38.93563,DEL02-BA,Risco Médio,Baixa
segunda-feira,BR-163,19.9,Pleno dia,Crescente,Nublado,Dupla,Reta,-17.3519,-54.75808,DEL02-MT,Risco Médio,Alta
sábado,BR-135,148.0,Pleno dia,Crescente,Céu Claro,Simples,Reta,-11.94775,-44.90518,DEL10-BA,Risco Médio,Baixa
domingo,BR-101,220.0,Plena Noite,Crescente,Garoa/Chuvisco,Dupla,Reta,-27.69199,-48.66368,DEL01-SC,Risco Baixo,Alta
sábado,BR-153,640.0,Anoitecer,Decrescente,Garoa/Chuvisco,Dupla,Reta,-17.8799,-49.2301,DEL03-GO,Risco Médio,Alta
sábado,BR-277,724.8,Plena Noite,Crescente,Céu Claro,Dupla,Reta,-25.50258,-54.53868,DEL05-PR,Risco Baixo,Média
sábado,BR-153,76.8,Plena Noite,Decrescente,Céu Claro,Simples,Reta,-20.89941,-49.44319,DEL09-SP,Risco Baixo,Alta
sábado,BR-376,664.0,Pleno dia,Crescente,Chuva,Simples,Curva,-25.85322,-48.96609,DEL01-PR,Risco Baixo,Baixa
domingo,BR-364,343.1,Plena Noite,Crescente,Céu Claro,Simples,Interseção de vias,-10.87837,-61.94566,DEL02-RO,Risco Baixo,Alta
sexta-feira,BR-386,417.0,Plena Noite,Crescente,Nublado,Dupla,Não Informado,-29.8195,-51.45187,DEL04-RS,Risco Médio,Média
domingo,BR-262,368.0,Plena Noite,Crescente,Céu Claro,Dupla,Não Informado,-19.95863,-44.36086,DEL01-MG,Risco Médio,Média
sexta-feira,BR-116,278.1,Pleno dia,Decrescente,Céu Claro,Dupla,Reta,-22.55262,-44.17873,DEL07-RJ,Risco Baixo,Alta
domingo,BR-116,338.8,Plena Noite,Decrescente,Céu Claro,Simples,Reta,-30.43665,-51.47832,DEL02-RS,Risco Baixo,Alta
segunda-feira,BR-470,34.0,Plena Noite,Crescente,Céu Claro,Dupla,Reta,-26.91065,-48.94934,DEL04-SC,Risco Médio,Baixa
sábado,BR-40,550.0,Plena Noite,Decrescente,Chuva,Dupla,Reta,-20.04776,-43.96439,DEL01-MG,Risco Médio,Alta
sexta-feira,BR-10,244.9,Plena Noite,Crescente,Céu Claro,Simples,Reta,-5.587289,-47.43474,DEL04-MA,Risco Médio,Baixa
sábado,BR-40,559.6,Pleno dia,Decrescente,Céu Claro,Dupla,Reta,-20.12074,-43.9672,DEL01-MG,Risco Médio,Alta
domingo,BR-101,102.3,Plena Noite,Decrescente,Céu Claro,Múltipla,Reta,-5.888684,-35.24075,DEL01-RN,Risco Médio,Alta
sábado,BR-381,455.4,Plena Noite,Crescente,Nevoeiro/Neblina,Simples,Curva,-19.84142,-43.88528,DEL01-MG,Risco Médio,Alta
domingo,BR-470,222.0,Plena Noite,Decrescente,Céu Claro,Simples,Não Informado,-29.222,-51.51661,DEL06-RS,Risco Médio,Baixa
segunda-feira,BR-476,154.9,Pleno dia,Crescente,Céu Claro,Dupla,Reta,-25.58422,-49.40138,DEL01-PR,Risco Médio,Baixa
quinta-feira,BR-101,520.8,Plena Noite,Decrescente,Céu Claro,Simples,Reta,-14.92302,-39.29476,DEL05-BA,Risco Médio,Alta
quinta-feira,BR-116,513.0,Pleno dia,Decrescente,Nublado,Dupla,Curva,-24.84551,-48.21226,DEL05-SP,Risco Baixo,Alta
domingo,BR-116,275.5,Pleno dia,Crescente,Nublado,Dupla,Reta,-23.6894,-46.86208,DEL04-SP,Risco Médio,Alta
quarta-feira,BR-222,245.0,Pleno dia,Crescente,Céu Claro,Simples,Reta,-5.355886,-49.07942,DEL03-PA,Risco Baixo,Baixa
quarta-feira,BR-373,241.7,Plena Noite,Decrescente,Nublado,Simples,Curva,-25.19782,-50.76355,DEL03-PR,Risco Baixo,Baixa
sábado,BR-232,31.1,Plena Noite,Decrescente,Céu Claro,Dupla,Curva,-8.106786,-35.15841,DEL01-PE,Risco Médio,Baixa
segunda-feira,BR-101,213.1,Pleno dia,Crescente,Sol,Múltipla,Reta,-27.63697,-48.66514,DEL01-SC,Risco Médio,Alta
quarta-feira,BR-101,192.0,Pleno dia,Crescente,Céu Claro,Simples,Reta,-12.51945,-38.97077,DEL01-BA,Risco Baixo,Alta
sábado,BR-101,96.8,Plena Noite,Crescente,Chuva,Dupla,Curva,-26.73061,-48.70177,DEL03-SC,Risco Baixo,Alta
sexta-feira,BR-116,210.0,Amanhecer,Decrescente,Nublado,Múltipla,Reta,-23.43157,-46.41745,DEL01-SP,Risco Médio,Alta
quarta-feira,BR-262,39.1,Pleno dia,Decrescente,Sol,Simples,Reta,-20.27578,-42.05602,DEL06-MG,Risco Médio,Média
sexta-feira,BR-381,434.1,Pleno dia,Decrescente,Céu Claro,Simples,Reta,-19.78778,-43.72923,DEL01-MG,Risco Médio,Alta
quarta-feira,BR-116,290.0,Plena Noite,Decrescente,Céu Claro,Dupla,Não Informado,-22.47547,-44.26675,DEL07-RJ,Risco Médio,Alta
domingo,BR-116,258.9,Pleno dia,Decrescente,Nublado,Dupla,Reta,-29.86551,-51.18067,DEL01-RS,Risco Médio,Alta
quinta-feira,BR-116,169.1,Plena Noite,Crescente,Céu Claro,Dupla,Reta,-22.79043,-43.37042,DEL01-RJ,Risco Médio,Alta
sábado,BR-20,45.0,Pleno dia,Decrescente,Céu Claro,Dupla,Não Informado,-15.57866,-47.46284,DEL02-DF,Risco Médio,Baixa