dia_semana,br,km,fase_dia,sentido_via,condicao_metereologica,tipo_pista,tracado_via,latitude,longitude,delegacia,classificacao_acidente,postos_policiais_PRF
sexta-feira,BR-116,227.1,Pleno dia,Crescente,Céu Claro,Simples,Reta,-5.394176,-38.23133,DEL03-CE,Risco Médio,Alta
terça-feira,BR-116,706.1,Plena Noite,Decrescente,Nublado,Simples,Reta,-21.14705,-42.38152,DEL07-MG,Risco Médio,Alta
segunda-feira,BR-262,33.0,Plena Noite,Crescente,Nublado,Simples,Não Informado,-20.37535,-40.58433,DEL01-ES,Risco Baixo,Média
quarta-feira,BR-319,765.0,Plena Noite,Crescente,Céu Claro,Simples,Reta,-8.202499,-63.88076,DEL01-RO,Risco Baixo,Baixa
domingo,BR-104,102.5,Pleno dia,Decrescente,Céu Claro,Simples,Reta,-7.06249,-35.85547,DEL02-PB,Risco Médio,Baixa
domingo,BR-222,3.9,Pleno dia,Crescente,Céu Claro,Dupla,Não Informado,-3.741075,-38.60124,DEL01-CE,Risco Médio,Baixa
sábado,BR-116,567.0,Plena Noite,Decrescente,Céu Claro,Simples,Reta,-13.01886,-39.95946,DEL03-BA,Risco Médio,Alta
segunda-feira,BR-262,158.0,Pleno dia,Crescente,Céu Claro,Simples,Reta,-20.23111,-41.49626,DEL01-ES,Risco Médio,Média
domingo,BR-101,145.2,Plena Noite,Crescente,Nublado,Dupla,Reta,-27.08139,-48.60131,DEL04-SC,Risco Médio,Alta
sexta-feira,BR-101,359.0,Plena Noite,Crescente,Céu Claro,Simples,Interseção de vias,-28.6435,-49.09935,DEL02-SC,Risco Médio,Alta
quinta-feira,BR-116,119.0,Pleno dia,Decrescente,Céu Claro,Múltipla,Reta,-25.54456,-49.30146,DEL01-PR,Risco Médio,Alta
terça-feira,BR-116,185.7,Pleno dia,Decrescente,Céu Claro,Simples,Reta,-29.39194,-51.12514,DEL05-RS,Risco Médio,Alta
sábado,BR-116,76.2,Plena Noite,Decrescente,Chuva,Simples,Curva,-16.25247,-41.47027,DEL11-MG,Risco Médio,Alta
domingo,BR-356,280.2,Pleno dia,Decrescente,Céu Claro,Simples,Reta,-21.12697,-42.24533,DEL07-MG,Risco Médio,Baixa
terça-feira,BR-116,230.2,Anoitecer,Crescente,Nublado,Múltipla,Reta,-23.52252,-46.58557,DEL01-SP,Risco Médio,Alta
sábado,BR-280,38.3,Pleno dia,Decrescente,Nublado,Simples,Ponte,-26.44813,-48.82794,DEL03-SC,Risco Baixo,Baixa
quinta-feira,BR-116,86.0,Pleno dia,Crescente,Céu Claro,Dupla,Reta,-25.43476,-49.08937,DEL01-PR,Risco Baixo,Alta
quinta-feira,BR-116,143.0,Pleno dia,Crescente,Chuva,Dupla,Reta,-23.1785,-45.83787,DEL02-SP,Risco Médio,Alta
sábado,BR-163,10.0,Plena Noite,Decrescente,Céu Claro,Simples,Não Informado,-26.2506,-53.6355,DEL02-PR,Risco Baixo,Alta
terça-feira,BR-101,346.8,Pleno dia,Decrescente,Céu Claro,Simples,Reta,-20.65728,-40.61754,DEL03-ES,Risco Médio,Alta
domingo,BR-427,95.0,Plena Noite,Crescente,Nublado,Simples,Reta,-6.477626,-37.07044,DEL03-RN,Risco Médio,Baixa
domingo,BR-101,66.9,Amanhecer,Decrescente,Céu Claro,Dupla,Reta,-26.48645,-48.73484,DEL03-SC,Risco Baixo,Alta
terça-feira,BR-282,374.6,Pleno dia,Decrescente,Céu Claro,Simples,Curva,-27.23612,-51.45262,DEL07-SC,Risco Médio,Baixa
domingo,BR-174,15.0,Plena Noite,Crescente,Chuva,Simples,Interseção de vias,-12.72332,-60.12801,DEL04-RO,Risco Médio,Baixa
quarta-feira,BR-262,461.8,Pleno dia,Crescente,Nublado,Simples,Reta,-19.82283,-45.08196,DEL08-MG,Risco Médio,Média
quarta-feira,BR-316,140.0,Pleno dia,Crescente,Céu Claro,Simples,Reta,-9.390468,-36.7585,DEL03-AL,Risco Médio,Baixa
segunda-feira,BR-262,241.3,Plena Noite,Crescente,Céu Claro,Simples,Desvio Temporário,-20.45767,-53.76552,DEL01-MS,Risco Alto,Média
segunda-feira,BR-465,10.0,Amanhecer,Decrescente,Céu Claro,Simples,Reta,-22.77722,-43.66302,DEL01-RJ,Risco Médio,Baixa
sábado,BR-116,175.0,Pleno dia,Decrescente,Sol,Múltipla,Reta,-22.76153,-43.42376,DEL01-RJ,Risco Médio,Alta
quarta-feira,BR-163,83.0,Pleno dia,Crescente,Céu Claro,Simples,Não Informado,-25.73045,-53.79671,DEL02-PR,Risco Médio,Alta
sexta-feira,BR-476,162.4,Pleno dia,Decrescente,Garoa/Chuvisco,Simples,Reta,-25.6249,-49.4507,DEL01-PR,Risco Médio,Baixa
domingo,BR-406,170.0,Pleno dia,Crescente,Chuva,Dupla,Não Informado,-5.757792,-35.30183,DEL02-RN,Risco Médio,Baixa
sábado,BR-101,25.7,Pleno dia,Decrescente,Sol,Dupla,Reta,-26.18962,-48.91165,DEL03-SC,Risco Baixo,Alta
quarta-feira,BR-163,355.0,Pleno dia,Crescente,Nublado,Simples,Reta,-6.676916,-55.49397,DEL05-PA,Risco Médio,Alta
terça-feira,BR-476,143.0,Plena Noite,Decrescente,Céu Claro,Dupla,Curva,-25.5438,-49.30533,DEL01-PR,Risco Médio,Baixa
segunda-feira,BR-40,124.0,Pleno dia,Decrescente,Nublado,Dupla,Curva,-22.80795,-43.28912,DEL01-RJ,Risco Médio,Alta
sábado,BR-101,131.0,Pleno dia,Decrescente,Nublado,Dupla,Reta,-26.99064,-48.66311,DEL04-SC,Risco Médio,Alta
quinta-feira,BR-116,222.0,Pleno dia,Crescente,Céu Claro,Múltipla,Reta,-23.47093,-46.51631,DEL01-SP,Risco Médio,Alta
domingo,BR-116,120.0,Plena Noite,Decrescente,Nublado,Dupla,Reta,-23.07158,-45.64462,DEL06-SP,Risco Baixo,Alta
sábado,BR-116,213.4,Plena Noite,Decrescente,Céu Claro,Múltipla,Reta,-23.44277,-46.44427,DEL01-SP,Risco Médio,Alta
segunda-feira,BR-116,293.0,Pleno dia,Decrescente,Chuva,Dupla,Reta,-23.74355,-46.89948,DEL04-SP,Risco Médio,Alta
segunda-feira,BR-155,343.0,Pleno dia,Crescente,Céu Claro,Simples,Reta,-5.369574,-49.07797,DEL03-PA,Risco Alto,Baixa
segunda-feira,BR-369,165.0,Pleno dia,Decrescente,Céu Claro,Dupla,Não Informado,-23.29536,-51.29616,DEL07-PR,Risco Baixo,Baixa
terça-feira,BR-230,59.0,Anoitecer,Decrescente,Céu Claro,Dupla,Reta,-7.2043,-35.1305,DEL01-PB,Risco Baixo,Baixa
domingo,BR-280,139.1,Pleno dia,Decrescente,Céu Claro,Simples,Desvio Temporário,-26.25483,-49.60312,DEL06-SC,Risco Médio,Baixa
quarta-feira,BR-101,84.1,Anoitecer,Decrescente,Céu Claro,Dupla,Reta,-7.139579,-34.92313,DEL01-PB,Risco Médio,Alta
quinta-feira,BR-80,9.0,Pleno dia,Crescente,Céu Claro,Simples,Rotatória,-15.73106,-48.15939,DEL01-DF,Risco Médio,Baixa
sexta-feira,BR-324,526.0,Pleno dia,Crescente,Céu Claro,Dupla,Reta,-12.3064,-38.89052,DEL01-BA,Risco Baixo,Baixa
domingo,BR-40,38.2,Plena Noite,Crescente,Céu Claro,Simples,Não Informado,-17.2105,-46.89942,DEL14-MG,Risco Médio,Alta
sábado,BR-280,182.0,Pleno dia,Crescente,Sol,Simples,Não Informado,-26.17388,-49.90623,DEL06-SC,Risco Médio,Baixa
segunda-feira,BR-116,370.0,Pleno dia,Crescente,Céu Claro,Dupla,Reta,-24.1523,-47.32082,DEL04-SP,Risco Médio,Alta
domingo,BR-163,827.0,Pleno dia,Decrescente,Céu Claro,Dupla,Retorno Regulamentado,-11.93944,-55.51568,DEL06-MT,Risco Médio,Alta
sexta-feira,BR-316,0.2,Pleno dia,Crescente,Céu Claro,Múltipla,Reta,-1.403245,-48.42872,DEL01-PA,Risco Médio,Baixa
domingo,BR-381,69.5,Plena Noite,Decrescente,Garoa/Chuvisco,Dupla,Curva,-23.28915,-46.58175,DEL03-SP,Risco Médio,Alta
domingo,BR-116,152.5,Plena Noite,Crescente,Céu Claro,Simples,Não Informado,-25.86209,-49.36184,DEL01-PR,Risco Baixo,Alta
segunda-feira,BR-116,673.0,Pleno dia,Crescente,Céu Claro,Múltipla,Reta,-13.80845,-40.11215,DEL03-BA,Risco Médio,Alta
sexta-feira,BR-40,584.6,Plena Noite,Crescente,Céu Claro,Dupla,Não Informado,-20.32676,-43.92804,DEL01-MG,Risco Médio,Alta
quinta-feira,BR-356,136.3,Plena Noite,Decrescente,Ignorado,Dupla,Ponte,-21.74266,-41.33167,DEL08-RJ,Risco Médio,Baixa
quarta-feira,BR-459,105.2,Pleno dia,Crescente,Céu Claro,Dupla,Reta,-22.24082,-45.88275,DEL16-MG,Risco Baixo,Baixa
sexta-feira,BR-414,393.8,Plena Noite,Crescente,Céu Claro,Dupla,Reta,-15.9296,-48.8052,DEL02-GO,Risco Médio,Baixa
sábado,BR-116,121.5,Plena Noite,Decrescente,Ignorado,Simples,Curva,-26.83035,-50.38618,DEL06-SC,Risco Baixo,Alta
domingo,BR-476,142.4,Pleno dia,Crescente,Céu Claro,Dupla,Reta,-25.54054,-49.30222,DEL01-PR,Risco Baixo,Baixa
sexta-feira,BR-174,893.0,Plena Noite,Decrescente,Céu Claro,Simples,Reta,-3.102328,-60.02544,DEL01-AM,Risco Baixo,Baixa
sexta-feira,BR-304,140.0,Plena Noite,Crescente,Céu Claro,Simples,Reta,-5.666572,-36.68143,DEL04-RN,Risco Alto,Baixa
domingo,BR-101,637.0,Pleno dia,Decrescente,Céu Claro,Simples,Reta,-15.93155,-39.56298,DEL05-BA,Risco Médio,Alta
segunda-feira,BR-101,272.0,Plena Noite,Decrescente,Nublado,Dupla,Reta,-22.72936,-42.70113,DEL02-RJ,Risco Médio,Alta
domingo,BR-174,514.0,Pleno dia,Decrescente,Céu Claro,Simples,Reta,-13.41491,-59.85083,DEL04-MT,Risco Médio,Baixa
segunda-feira,BR-163,300.0,Pleno dia,Crescente,Céu Claro,Simples,Reta,-24.49882,-54.12559,DEL06-PR,Risco Baixo,Alta
quarta-feira,BR-101,200.0,Pleno dia,Crescente,Céu Claro,Múltipla,Reta,-27.54019,-48.62288,DEL01-SC,Risco Médio,Alta
quarta-feira,BR-116,316.9,Plena Noite,Crescente,Nublado,Simples,Reta,-22.48828,-44.55184,DEL07-RJ,Risco Médio,Alta
domingo,BR-101,287.0,Pleno dia,Crescente,Céu Claro,Dupla,Reta,-19.18342,-40.30886,DEL01-ES,Risco Médio,Alta
sábado,BR-242,893.0,Plena Noite,Crescente,Céu Claro,Simples,Reta,-12.10445,-45.89333,DEL10-BA,Risco Médio,Baixa
segunda-feira,BR-101,314.0,Amanhecer,Crescente,Chuva,Dupla,Reta,-22.81649,-43.07728,DEL02-RJ,Risco Médio,Alta
sexta-feira,BR-10,8.0,Plena Noite,Crescente,Céu Claro,Simples,Curva,-4.370695,-47.53691,DEL02-PA,Risco Baixo,Baixa
domingo,BR-20,420.5,Plena Noite,Crescente,Céu Claro,Dupla,Reta,-3.845586,-38.57677,DEL01-CE,Risco Alto,Baixa
sexta-feira,BR-101,124.0,Pleno dia,Crescente,Nublado,Dupla,Reta,-26.94457,-48.68994,DEL04-SC,Risco Médio,Alta
quinta-feira,BR-365,69.5,Pleno dia,Crescente,Céu Claro,Simples,Curva,-17.11392,-44.43854,DEL12-MG,Risco Médio,Média
domingo,BR-319,62.0,Plena Noite,Decrescente,Céu Claro,Dupla,Interseção de vias,-8.752371,-63.88715,DEL01-RO,Risco Médio,Baixa
sexta-feira,BR-376,116.0,Pleno dia,Crescente,Céu Claro,Dupla,Reta,-23.1058,-52.34763,DEL09-PR,Risco Médio,Baixa
domingo,BR-277,484.1,Anoitecer,Decrescente,Chuva,Simples,Não Informado,-25.27012,-52.613,DEL04-PR,Risco Médio,Média
segunda-feira,BR-381,512.5,Pleno dia,Crescente,Nublado,Dupla,Reta,-20.07535,-44.30278,DEL01-MG,Risco Médio,Alta
sábado,BR-116,360.2,Pleno dia,Decrescente,Nublado,Dupla,Não Informado,-24.11302,-47.26899,DEL04-SP,Risco Médio,Alta
sábado,BR-470,54.5,Pleno dia,Crescente,Céu Claro,Simples,Não Informado,-26.86539,-49.09979,DEL04-SC,Risco Médio,Baixa
domingo,BR-116,12.0,Plena Noite,Crescente,Céu Claro,Simples,Reta,-3.850317,-38.49571,DEL01-CE,Risco Médio,Alta
quarta-feira,BR-376,5.0,Pleno dia,Decrescente,Céu Claro,Dupla,Reta,-23.5513,-51.46127,DEL07-PR,Risco Médio,Baixa
quarta-feira,BR-364,234.3,Anoitecer,Decrescente,Céu Claro,Simples,Reta,-11.45656,-61.4235,DEL02-RO,Risco Médio,Alta
quarta-feira,BR-493,4.0,Pleno dia,Crescente,Céu Claro,Dupla,Reta,-22.74829,-42.95004,DEL02-RJ,Risco Médio,Baixa
quarta-feira,BR-116,656.1,Pleno dia,Decrescente,Sol,Simples,Curva,-20.75167,-42.29404,DEL07-MG,Risco Médio,Alta
terça-feira,BR-40,11.0,Pleno dia,Decrescente,Céu Claro,Dupla,Interseção de vias,-16.13834,-47.95164,DEL01-DF,Risco Médio,Alta
quinta-feira,BR-101,210.0,Pleno dia,Decrescente,Nublado,Múltipla,Reta,-27.61673,-48.64573,DEL01-SC,Risco Médio,Alta
segunda-feira,BR-101,327.8,Pleno dia,Decrescente,Sol,Simples,Curva,-20.57231,-40.48456,DEL03-ES,Risco Médio,Alta
terça-feira,BR-381,480.1,Pleno dia,Decrescente,Céu Claro,Múltipla,Reta,-19.9575,-44.079,DEL01-MG,Risco Médio,Alta
sexta-feira,BR-376,491.8,Plena Noite,Crescente,Céu Claro,Dupla,Reta,-25.15131,-50.14216,DEL03-PR,Risco Baixo,Baixa
quarta-feira,BR-40,6.0,Plena Noite,Decrescente,Nublado,Dupla,Reta,-16.02974,-47.97887,DEL01-DF,Risco Médio,Alta
domingo,BR-101,331.7,Pleno dia,Crescente,Céu Claro,Múltipla,Não Informado,-28.46571,-48.99595,DEL02-SC,Risco Médio,Alta
terça-feira,BR-101,398.8,Pleno dia,Crescente,Céu Claro,Dupla,Reta,-28.83603,-49.4203,DEL02-SC,Risco Médio,Alta
quarta-feira,BR-174,13.0,Pleno dia,Crescente,Céu Claro,Simples,Interseção de vias,-12.0,-60.0,DEL04-RO,Risco Médio,Baixa
domingo,BR-476,134.0,Pleno dia,Decrescente,Céu Claro,Dupla,Reta,-25.47652,-49.25994,DEL01-PR,Risco Médio,Baixa
sexta-feira,BR-381,28.0,Pleno dia,Crescente,Sol,Dupla,Reta,-23.03676,-46.55375,DEL03-SP,Risco Médio,Alta
domingo,BR-40,484.0,Plena Noite,Decrescente,Céu Claro,Dupla,Curva,-19.57299,-44.23021,DEL02-MG,Risco Médio,Alta
quarta-feira,BR-10,92.0,Plena Noite,Crescente,Chuva,Simples,Reta,-1.328786,-47.63912,DEL02-PA,Risco Médio,Baixa
sexta-feira,BR-70,0.5,Pleno dia,Decrescente,Céu Claro,Simples,Reta,-15.89064,-52.26314,DEL07-MT,Risco Médio,Baixa
sexta-feira,BR-376,440.5,Plena Noite,Crescente,Garoa/Chuvisco,Simples,Desvio Temporário,-24.8119,-50.48855,DEL03-PR,Risco Médio,Baixa
domingo,BR-277,37.0,Anoitecer,Decrescente,Chuva,Dupla,Não Informado,-25.47742,-48.83487,DEL01-PR,Risco Baixo,Média
segunda-feira,BR-40,795.5,Pleno dia,Crescente,Céu Claro,Dupla,Curva,-21.80352,-43.39998,DEL05-MG,Risco Médio,Alta
sexta-feira,BR-226,40.0,Plena Noite,Crescente,Céu Claro,Simples,Reta,-5.928394,-35.54055,DEL01-RN,Risco Médio,Baixa
domingo,BR-381,721.0,Pleno dia,Decrescente,Céu Claro,Dupla,Curva,-21.4403,-45.2096,DEL04-MG,Risco Médio,Alta
sexta-feira,BR-20,426.0,Pleno dia,Crescente,Chuva,Dupla,Desvio Temporário,-3.870741,-38.50095,DEL01-CE,Risco Médio,Baixa
terça-feira,BR-262,150.0,Amanhecer,Crescente,Céu Claro,Simples,Desvio Temporário,-20.21629,-41.44997,DEL01-ES,Risco Médio,Média
domingo,BR-316,474.7,Plena Noite,Decrescente,Céu Claro,Simples,Reta,-4.589787,-43.95403,DEL03-MA,Risco Alto,Baixa
quarta-feira,BR-101,311.7,Pleno dia,Decrescente,Nublado,Dupla,Rotatória,-28.42531,-48.80069,DEL02-SC,Risco Médio,Alta
terça-feira,BR-101,24.2,Pleno dia,Crescente,Sol,Dupla,Rotatória,-26.17598,-48.90798,DEL03-SC,Risco Baixo,Alta
sexta-feira,BR-259,69.0,Plena Noite,Crescente,Céu Claro,Simples,Curva,-19.50001,-40.74733,DEL02-ES,Risco Médio,Baixa
sábado,BR-116,384.5,Amanhecer,Crescente,Céu Claro,Simples,Curva,-18.65434,-41.97036,DEL06-MG,Risco Médio,Alta
terça-feira,BR-101,588.5,Pleno dia,Decrescente,Sol,Simples,Reta,-15.417,-39.456,DEL05-BA,Risco Baixo,Alta
domingo,BR-280,131.6,Pleno dia,Crescente,Céu Claro,Simples,Não Informado,-26.25582,-49.53953,DEL06-SC,Risco Médio,Baixa
segunda-feira,BR-116,278.8,Pleno dia,Crescente,Nublado,Dupla,Reta,-22.55271,-44.17778,DEL07-RJ,Risco Baixo,Alta
sábado,BR-101,12.0,Plena Noite,Decrescente,Nublado,Simples,Reta,-18.246,-39.95406,DEL04-ES,Risco Alto,Alta
quinta-feira,BR-290,144.0,Plena Noite,Crescente,Nublado,Simples,Reta,-30.09694,-51.64728,DEL02-RS,Risco Baixo,Baixa
sábado,BR-376,176.9,Pleno dia,Decrescente,Céu Claro,Dupla,Interseção de vias,-23.41255,-51.93227,DEL09-PR,Risco Médio,Baixa
domingo,BR-101,332.6,Amanhecer,Crescente,Chuva,Simples,Reta,-28.46406,-48.99367,DEL02-SC,Risco Médio,Alta
domingo,BR-116,218.0,Pleno dia,Crescente,Nublado,Múltipla,Reta,-23.45797,-46.47993,DEL01-SP,Risco Médio,Alta
terça-feira,BR-251,425.7,Pleno dia,Decrescente,Chuva,Simples,Curva,-16.31094,-43.10757,DEL12-MG,Risco Baixo,Baixa
quarta-feira,BR-277,483.9,Plena Noite,Decrescente,Céu Claro,Simples,Curva,-25.26531,-52.62573,DEL04-PR,Risco Médio,Média
sábado,BR-104,16.4,Amanhecer,Crescente,Nevoeiro/Neblina,Simples,Curva,-7.927448,-36.11696,DEL02-PE,Risco Médio,Baixa
sexta-feira,BR-232,178.8,Anoitecer,Crescente,Céu Claro,Simples,Reta,-8.347448,-36.41182,DEL03-PE,Risco Médio,Baixa
sexta-feira,BR-163,292.0,Pleno dia,Crescente,Sol,Simples,Reta,-24.52361,-54.0621,DEL06-PR,Risco Alto,Alta
sexta-feira,BR-262,897.9,Plena Noite,Crescente,Céu Claro,Dupla,Reta,-19.76694,-48.58091,DEL13-MG,Risco Médio,Média
quarta-feira,BR-267,348.4,Anoitecer,Decrescente,Nublado,Simples,Não Informado,-21.8527,-45.29622,DEL05-MG,Risco Baixo,Baixa
terça-feira,BR-304,306.6,Pleno dia,Decrescente,Céu Claro,Dupla,Não Informado,-5.890123,-35.26352,DEL01-RN,Risco Médio,Baixa
quarta-feira,BR-452,4.6,Pleno dia,Crescente,Céu Claro,Simples,Reta,-17.80537,-50.86932,DEL04-GO,Risco Médio,Baixa
quarta-feira,BR-222,3.1,Pleno dia,Crescente,Nublado,Múltipla,Reta,-3.740513,-38.59663,DEL01-CE,Risco Médio,Baixa
sexta-feira,BR-282,49.0,Pleno dia,Crescente,Chuva,Simples,Curva,-27.71293,-48.94374,DEL01-SC,Risco Médio,Baixa
quarta-feira,BR-376,447.3,Amanhecer,Decrescente,Garoa/Chuvisco,Simples,Curva,-24.8579,-50.45557,DEL03-PR,Risco Alto,Baixa
quinta-feira,BR-364,199.9,Pleno dia,Decrescente,Chuva,Simples,Interseção de vias,-11.66162,-61.19105,DEL02-RO,Risco Médio,Alta
domingo,BR-420,345.0,Plena Noite,Decrescente,Chuva,Simples,Curva,-13.50282,-40.02181,DEL03-BA,Risco Alto,Baixa
sábado,BR-163,761.5,Plena Noite,Decrescente,Céu Claro,Simples,Reta,-18.25747,-54.66245,DEL06-MS,Risco Baixo,Alta
quinta-feira,BR-316,421.0,Pleno dia,Crescente,Céu Claro,Simples,Reta,-4.35627,-44.36382,DEL03-MA,Risco Médio,Baixa
domingo,BR-101,67.0,Pleno dia,Decrescente,Nublado,Simples,Reta,-21.76751,-41.34876,DEL08-RJ,Risco Médio,Alta
terça-feira,BR-262,128.3,Plena Noite,Decrescente,Garoa/Chuvisco,Simples,Curva,-20.2592,-41.2811,DEL01-ES,Risco Médio,Média
domingo,BR-116,164.2,Pleno dia,Crescente,Chuva,Dupla,Reta,-23.29136,-45.99999,DEL02-SP,Risco Baixo,Alta
sexta-feira,BR-101,111.0,Plena Noite,Decrescente,Nevoeiro/Neblina,Dupla,Interseção de vias,-26.84259,-48.71696,DEL04-SC,Risco Baixo,Alta
quinta-feira,BR-101,67.8,Plena Noite,Crescente,Céu Claro,Simples,Reta,-21.76751,-41.34876,DEL08-RJ,Risco Médio,Alta
sexta-feira,BR-364,537.0,Pleno dia,Crescente,Sol,Simples,Reta,-15.13868,-56.5224,DEL01-MT,Risco Médio,Alta
segunda-feira,BR-232,412.0,Pleno dia,Crescente,Céu Claro,Simples,Não Informado,-7.983779,-38.32088,DEL04-PE,Risco Médio,Baixa
sexta-feira,BR-230,27.7,Pleno dia,Crescente,Céu Claro,Dupla,Curva,-7.1677,-34.8855,DEL01-PB,Risco Médio,Baixa
sexta-feira,BR-222,5.3,Pleno dia,Decrescente,Céu Claro,Dupla,Reta,-3.742969,-38.61331,DEL01-CE,Risco Médio,Baixa
sábado,BR-290,663.8,Plena Noite,Crescente,Céu Claro,Simples,Reta,-29.97022,-56.56357,DEL13-RS,Risco Médio,Baixa
terça-feira,BR-116,415.9,Pleno dia,Decrescente,Céu Claro,Simples,Reta,-18.89215,-41.947,DEL06-MG,Risco Médio,Alta
domingo,BR-356,276.0,Pleno dia,Decrescente,Nublado,Simples,Curva,-21.12885,-42.32244,DEL07-MG,Risco Alto,Baixa
sábado,BR-365,11.0,Pleno dia,Crescente,Ignorado,Simples,Curva,-16.83941,-43.96033,DEL12-MG,Risco Médio,Média
quinta-feira,BR-101,323.0,Pleno dia,Crescente,Céu Claro,Simples,Reta,-20.562,-40.4811,DEL03-ES,Risco Baixo,Alta
terça-feira,BR-277,220.0,Pleno dia,Decrescente,Céu Claro,Simples,Desvio Temporário,-25.46363,-50.37797,DEL03-PR,Risco Médio,Média
sábado,BR-407,129.8,Plena Noite,Crescente,Céu Claro,Dupla,Ponte,-9.407714,-40.50486,DEL06-PE,Risco Baixo,Baixa
sábado,BR-407,125.9,Plena Noite,Decrescente,Céu Claro,Simples,Não Informado,-10.44763,-40.18495,DEL04-BA,Risco Médio,Baixa
terça-feira,BR-101,55.3,Pleno dia,Decrescente,Céu Claro,Dupla,Não Informado,-9.261884,-35.77832,DEL01-AL,Risco Médio,Alta
terça-feira,BR-101,333.0,Plena Noite,Crescente,Vento,Múltipla,Reta,-22.87828,-43.21054,DEL02-RJ,Risco Médio,Alta
segunda-feira,BR-153,709.4,Plena Noite,Crescente,Ignorado,Simples,Não Informado,-12.03561,-49.19905,DEL01-TO,Risco Médio,Alta
quarta-feira,BR-60,389.0,Plena Noite,Crescente,Céu Claro,Simples,Reta,-20.70444,-54.77185,DEL01-MS,Risco Médio,Média
terça-feira,BR-40,702.5,Pleno dia,Decrescente,Sol,Simples,Não Informado,-21.21955,-43.73574,DEL05-MG,Risco Alto,Alta
sexta-feira,BR-60,46.2,Pleno dia,Decrescente,Sol,Dupla,Reta,-16.78196,-49.27824,DEL01-GO,Risco Médio,Média
terça-feira,BR-101,51.7,Plena Noite,Decrescente,Céu Claro,Dupla,Não Informado,-6.9412,-35.0977,DEL01-PB,Risco Médio,Alta
sábado,BR-367,78.5,Pleno dia,Crescente,Sol,Simples,Reta,-16.3731,-39.5751,DEL09-BA,Risco Médio,Baixa
segunda-feira,BR-381,508.1,Plena Noite,Decrescente,Nublado,Dupla,Reta,-20.04432,-44.27122,DEL01-MG,Risco Médio,Alta
terça-feira,BR-365,645.6,Pleno dia,Decrescente,Nublado,Dupla,Reta,-18.8857,-48.4645,DEL15-MG,Risco Médio,Média
quarta-feira,BR-343,1.1,Plena Noite,Crescente,Céu Claro,Dupla,Reta,-5.081131,-42.76427,DEL01-PI,Risco Médio,Baixa
sábado,BR-470,172.0,Pleno dia,Crescente,Nublado,Simples,Reta,-27.25753,-49.90959,DEL04-SC,Risco Médio,Baixa
sexta-feira,BR-319,60.0,Pleno dia,Crescente,Céu Claro,Dupla,Rotatória,-8.740204,-63.89048,DEL01-RO,Risco Médio,Baixa
segunda-feira,BR-262,801.0,Pleno dia,Crescente,Céu Claro,Dupla,Reta,-19.7792,-47.95532,DEL13-MG,Risco Baixo,Média
sábado,BR-222,91.5,Plena Noite,Crescente,Nublado,Simples,Curva,-3.680739,-39.35599,DEL04-CE,Risco Médio,Baixa
sexta-feira,BR-101,415.0,Pleno dia,Decrescente,Céu Claro,Dupla,Não Informado,-22.90433,-43.88181,DEL01-RJ,Risco Médio,Alta
domingo,BR-230,120.2,Plena Noite,Decrescente,Chuva,Dupla,Reta,-7.2436,-35.6395,DEL02-PB,Risco Baixo,Baixa
domingo,BR-40,660.9,Pleno dia,Crescente,Céu Claro,Dupla,Curva,-20.90893,-43.82896,DEL05-MG,Risco Médio,Alta
sexta-feira,BR-60,205.0,Plena Noite,Crescente,Nublado,Múltipla,Reta,-16.91272,-49.65823,DEL01-GO,Risco Médio,Média
quinta-feira,BR-316,13.6,Pleno dia,Decrescente,Sol,Dupla,Retorno Regulamentado,-1.367239,-48.32579,DEL01-PA,Risco Médio,Baixa
segunda-feira,BR-101,674.8,Amanhecer,Decrescente,Nublado,Simples,Curva,-16.0255,-39.609,DEL09-BA,Risco Médio,Alta
domingo,BR-101,294.0,Plena Noite,Crescente,Céu Claro,Dupla,Reta,-22.75844,-42.89502,DEL02-RJ,Risco Alto,Alta
sábado,BR-277,617.9,Plena Noite,Decrescente,Céu Claro,Simples,Reta,-25.07417,-53.68327,DEL05-PR,Risco Médio,Média
sábado,BR-277,70.0,Plena Noite,Decrescente,Céu Claro,Dupla,Reta,-25.5307,-49.1958,DEL01-PR,Risco Baixo,Média
sábado,BR-476,308.2,Amanhecer,Crescente,Chuva,Simples,Reta,-26.0152,-50.63379,DEL02-PR,Risco Baixo,Baixa
sexta-feira,BR-101,30.0,Pleno dia,Crescente,Nublado,Dupla,Não Informado,-26.23516,-48.91563,DEL03-SC,Risco Médio,Alta
quarta-feira,BR-104,93.0,Plena Noite,Crescente,Chuva,Dupla,Reta,-9.528917,-35.79808,DEL01-AL,Risco Baixo,Baixa
terça-feira,BR-116,789.9,Plena Noite,Decrescente,Chuva,Simples,Reta,-14.67711,-40.50672,DEL08-BA,Risco Alto,Alta
segunda-feira,BR-40,117.0,Pleno dia,Crescente,Céu Claro,Múltipla,Reta,-22.74568,-43.2881,DEL01-RJ,Risco Médio,Alta
segunda-feira,BR-153,236.3,Plena Noite,Crescente,Céu Claro,Simples,Reta,-7.958565,-48.46362,DEL02-TO,Risco Médio,Alta
quarta-feira,BR-104,185.8,Pleno dia,Decrescente,Céu Claro,Simples,Não Informado,-7.666224,-36.08058,DEL02-PB,Risco Baixo,Baixa