dia_semana,br,km,fase_dia,sentido_via,condicao_metereologica,tipo_pista,tracado_via,latitude,longitude,delegacia,classificacao_acidente,postos_policiais_PRF
sexta-feira,BR-463,3.1,Plena Noite,Decrescente,Céu Claro,Simples,Reta,-22.25924,-54.83301,DEL04-MS,Risco Médio,Baixa
quarta-feira,BR-163,465.4,Plena Noite,Crescente,Nublado,Simples,Reta,-20.592,-54.58106,DEL01-MS,Risco Alto,Alta
sexta-feira,BR-470,69.2,Pleno dia,Crescente,Céu Claro,Simples,Interseção de vias,-26.88375,-49.2467,DEL04-SC,Risco Baixo,Baixa
domingo,BR-116,372.6,Plena Noite,Crescente,Garoa/Chuvisco,Simples,Reta,-6.378616,-38.80976,DEL05-CE,Risco Alto,Alta
segunda-feira,BR-116,124.0,Pleno dia,Decrescente,Céu Claro,Dupla,Reta,-25.62022,-49.3164,DEL01-PR,Risco Médio,Alta
sábado,BR-277,528.9,Pleno dia,Crescente,Céu Claro,Simples,Curva,-25.09218,-52.94839,DEL04-PR,Risco Alto,Média
segunda-feira,BR-364,198.5,Pleno dia,Decrescente,Sol,Simples,Ponte,-11.66498,-61.19133,DEL02-RO,Risco Médio,Alta
segunda-feira,BR-277,104.0,Plena Noite,Decrescente,Céu Claro,Dupla,Reta,-25.49679,-49.34265,DEL01-PR,Risco Baixo,Média
terça-feira,BR-101,285.5,Pleno dia,Decrescente,Céu Claro,Dupla,Não Informado,-20.25148,-40.3727,DEL01-ES,Risco Médio,Alta
quinta-feira,BR-364,276.0,Plena Noite,Decrescente,Céu Claro,Simples,Desvio Temporário,-15.95344,-54.99098,DEL02-MT,Risco Baixo,Alta
quinta-feira,BR-230,125.0,Plena Noite,Decrescente,Chuva,Dupla,Não Informado,-7.260067,-35.68657,DEL02-PB,Risco Médio,Baixa
quinta-feira,BR-493,117.0,Plena Noite,Crescente,Céu Claro,Dupla,Reta,-22.83093,-43.80798,DEL01-RJ,Risco Alto,Baixa
terça-feira,BR-222,229.0,Pleno dia,Crescente,Céu Claro,Simples,Não Informado,-3.700151,-40.3915,DEL04-CE,Risco Médio,Baixa
terça-feira,BR-116,530.0,Plena Noite,Crescente,Céu Claro,Simples,Reta,-31.75908,-52.43688,DEL07-RS,Risco Médio,Alta
segunda-feira,BR-101,74.0,Pleno dia,Decrescente,Chuva,Múltipla,Reta,-26.5536,-48.7188,DEL03-SC,Risco Baixo,Alta
quarta-feira,BR-470,250.5,Plena Noite,Decrescente,Nublado,Simples,Não Informado,-27.31187,-50.59154,DEL05-SC,Risco Alto,Baixa
quinta-feira,BR-364,456.5,Pleno dia,Crescente,Céu Claro,Simples,Não Informado,-10.26727,-62.69773,DEL03-RO,Risco Médio,Alta
sábado,BR-153,290.8,Pleno dia,Decrescente,Céu Claro,Simples,Reta,-15.21637,-49.54987,DEL02-GO,Risco Médio,Alta
segunda-feira,BR-104,30.0,Plena Noite,Crescente,Céu Claro,Simples,Interseção de vias,-8.0078,-36.0621,DEL02-PE,Risco Médio,Baixa
domingo,BR-290,159.0,Amanhecer,Decrescente,Nublado,Simples,Reta,-30.10857,-51.79832,DEL02-RS,Risco Médio,Baixa
quinta-feira,BR-101,402.9,Plena Noite,Decrescente,Nublado,Simples,Não Informado,-20.88915,-40.99004,DEL03-ES,Risco Médio,Alta
quinta-feira,BR-60,370.5,Plena Noite,Decrescente,Céu Claro,Simples,Reta,-20.60744,-54.73958,DEL01-MS,Risco Médio,Média
quinta-feira,BR-222,6.8,Plena Noite,Decrescente,Nublado,Dupla,Reta,-3.74869,-38.62834,DEL01-CE,Risco Baixo,Baixa
terça-feira,BR-470,215.0,Pleno dia,Crescente,Céu Claro,Simples,Reta,-29.15064,-51.53024,DEL06-RS,Risco Médio,Baixa
segunda-feira,BR-116,441.7,Plena Noite,Crescente,Céu Claro,Dupla,Reta,-24.47398,-47.82618,DEL05-SP,Risco Médio,Alta
domingo,BR-116,657.7,Pleno dia,Crescente,Céu Claro,Simples,Interseção de vias,-32.55472,-53.38672,DEL07-RS,Risco Médio,Alta
quinta-feira,BR-393,283.6,Plena Noite,Crescente,Céu Claro,Simples,Reta,-22.49406,-44.06711,DEL05-RJ,Risco Médio,Média
domingo,BR-476,136.0,Plena Noite,Crescente,Nublado,Múltipla,Curva,-25.49105,-49.27168,DEL01-PR,Risco Baixo,Baixa
segunda-feira,BR-40,2.8,Pleno dia,Decrescente,Céu Claro,Dupla,Viaduto,-15.99435,-47.98595,DEL01-DF,Risco Médio,Alta
sexta-feira,BR-262,234.0,Plena Noite,Crescente,Céu Claro,Simples,Reta,-20.46094,-53.7089,DEL01-MS,Risco Médio,Média
sexta-feira,BR-50,163.0,Pleno dia,Crescente,Céu Claro,Simples,Viaduto,-17.2794,-47.7614,DEL06-GO,Risco Médio,Média
sexta-feira,BR-10,217.4,Pleno dia,Crescente,Céu Claro,Simples,Reta,-2.527824,-47.50291,DEL02-PA,Risco Médio,Baixa
sábado,BR-104,93.0,Plena Noite,Crescente,Céu Claro,Simples,Não Informado,-6.995054,-35.83569,DEL02-PB,Risco Baixo,Baixa
sexta-feira,BR-40,42.0,Anoitecer,Crescente,Céu Claro,Simples,Reta,-17.21884,-46.86668,DEL14-MG,Risco Médio,Alta
quinta-feira,BR-376,596.0,Plena Noite,Crescente,Céu Claro,Dupla,Reta,-25.50195,-49.34155,DEL01-PR,Risco Médio,Baixa
sábado,BR-232,78.1,Plena Noite,Decrescente,Nublado,Múltipla,Reta,-8.194003,-35.55337,DEL01-PE,Risco Médio,Baixa
sexta-feira,BR-101,120.0,Plena Noite,Crescente,Céu Claro,Dupla,Reta,-26.91276,-48.712,DEL04-SC,Risco Médio,Alta
quarta-feira,BR-386,193.0,Pleno dia,Crescente,Sol,Simples,Reta,-28.40224,-52.68668,DEL08-RS,Risco Médio,Média
sábado,BR-232,34.0,Pleno dia,Crescente,Sol,Dupla,Reta,-8.1075,-35.1864,DEL01-PE,Risco Médio,Baixa
sexta-feira,BR-101,337.5,Pleno dia,Crescente,Céu Claro,Dupla,Não Informado,-28.49083,-49.03993,DEL02-SC,Risco Médio,Alta
sexta-feira,BR-349,874.0,Pleno dia,Decrescente,Sol,Simples,Reta,-13.41346,-44.4944,DEL10-BA,Risco Alto,Baixa
terça-feira,BR-101,101.1,Pleno dia,Decrescente,Chuva,Múltipla,Reta,-5.886811,-35.23143,DEL01-RN,Risco Médio,Alta
terça-feira,BR-364,711.0,Plena Noite,Crescente,Céu Claro,Dupla,Reta,-8.777035,-63.87316,DEL01-RO,Risco Médio,Alta
segunda-feira,BR-262,440.3,Plena Noite,Decrescente,Céu Claro,Dupla,Reta,-20.5223,-55.38579,DEL03-MS,Risco Baixo,Média
terça-feira,BR-376,175.1,Pleno dia,Decrescente,Céu Claro,Múltipla,Reta,-23.41136,-51.94078,DEL09-PR,Risco Médio,Baixa
quinta-feira,BR-232,26.0,Plena Noite,Crescente,Céu Claro,Dupla,Reta,-8.113744,-35.11689,DEL01-PE,Risco Médio,Baixa
domingo,BR-116,193.0,Plena Noite,Crescente,Céu Claro,Dupla,Não Informado,-23.38041,-46.25851,DEL01-SP,Risco Médio,Alta
quinta-feira,BR-316,219.9,Plena Noite,Decrescente,Céu Claro,Simples,Reta,-1.666629,-46.74832,DEL01-PA,Risco Baixo,Baixa
quinta-feira,BR-251,39.9,Plena Noite,Decrescente,Céu Claro,Simples,Não Informado,-15.93536,-47.81229,DEL01-DF,Risco Médio,Baixa
segunda-feira,BR-376,630.0,Plena Noite,Decrescente,Nublado,Dupla,Reta,-25.69576,-49.14488,DEL01-PR,Risco Médio,Baixa
sexta-feira,BR-101,212.0,Pleno dia,Decrescente,Garoa/Chuvisco,Simples,Curva,-19.81538,-40.36656,DEL02-ES,Risco Médio,Alta
sábado,BR-116,292.0,Pleno dia,Decrescente,Céu Claro,Simples,Reta,-17.98145,-41.55431,DEL11-MG,Risco Médio,Alta
sexta-feira,BR-101,221.0,Plena Noite,Crescente,Chuva,Dupla,Curva,-27.70013,-48.66021,DEL01-SC,Risco Médio,Alta
quarta-feira,BR-364,14.8,Pleno dia,Crescente,Céu Claro,Dupla,Interseção de vias,-12.73891,-60.13919,DEL04-RO,Risco Médio,Alta
domingo,BR-222,314.0,Pleno dia,Decrescente,Céu Claro,Simples,Reta,-3.7311,-41.00095,DEL04-CE,Risco Médio,Baixa
quinta-feira,BR-116,107.7,Pleno dia,Decrescente,Nublado,Simples,Reta,-22.52826,-42.99738,DEL04-RJ,Risco Alto,Alta
sexta-feira,BR-287,247.8,Pleno dia,Decrescente,Chuva,Simples,Reta,-29.69853,-53.84449,DEL09-RS,Risco Baixo,Baixa
terça-feira,BR-110,266.1,Pleno dia,Decrescente,Sol,Simples,Reta,-11.56635,-38.29559,DEL01-BA,Risco Médio,Baixa
terça-feira,BR-116,95.2,Pleno dia,Crescente,Céu Claro,Dupla,Reta,-25.52769,-49.14104,DEL01-PR,Risco Médio,Alta
quarta-feira,BR-116,347.1,Plena Noite,Decrescente,Nublado,Dupla,Curva,-24.0489,-47.19857,DEL04-SP,Risco Médio,Alta
sexta-feira,BR-101,430.0,Pleno dia,Crescente,Céu Claro,Múltipla,Curva,-22.9371,-44.01084,DEL03-RJ,Risco Baixo,Alta
domingo,BR-364,131.0,Plena Noite,Decrescente,Nublado,Dupla,Ponte,-10.01595,-67.84094,DEL01-AC,Risco Baixo,Alta
sexta-feira,BR-116,269.1,Pleno dia,Decrescente,Sol,Dupla,Não Informado,-23.60879,-46.75486,DEL04-SP,Risco Médio,Alta
domingo,BR-304,33.1,Plena Noite,Decrescente,Céu Claro,Dupla,Reta,-5.143619,-37.3468,DEL04-RN,Risco Médio,Baixa
terça-feira,BR-287,283.5,Pleno dia,Decrescente,Sol,Simples,Não Informado,-29.6357,-54.1911,DEL09-RS,Risco Médio,Baixa
sexta-feira,BR-153,439.0,Pleno dia,Crescente,Céu Claro,Dupla,Não Informado,-16.29853,-48.92821,DEL02-GO,Risco Baixo,Alta
quinta-feira,BR-60,177.7,Pleno dia,Decrescente,Sol,Dupla,Reta,-16.759,-49.45522,DEL01-GO,Risco Médio,Média
domingo,BR-222,3.6,Pleno dia,Decrescente,Céu Claro,Múltipla,Não Informado,-3.740377,-38.59569,DEL01-CE,Risco Médio,Baixa
domingo,BR-116,151.2,Plena Noite,Decrescente,Chuva,Dupla,Curva,-29.17695,-51.16174,DEL05-RS,Risco Médio,Alta
quarta-feira,BR-116,172.7,Plena Noite,Decrescente,Nublado,Múltipla,Reta,-22.77568,-43.40044,DEL01-RJ,Risco Médio,Alta
sábado,BR-116,398.0,Pleno dia,Decrescente,Céu Claro,Simples,Reta,-18.76391,-41.98521,DEL06-MG,Risco Médio,Alta
quinta-feira,BR-101,209.6,Pleno dia,Crescente,Céu Claro,Dupla,Reta,-27.61001,-48.63895,DEL01-SC,Risco Médio,Alta
sábado,BR-163,1004.4,Pleno dia,Crescente,Céu Claro,Dupla,Interseção de vias,-2.428839,-54.73476,DEL05-PA,Risco Médio,Alta
sábado,BR-230,16.0,Pleno dia,Crescente,Sol,Dupla,Não Informado,-7.1039,-34.8458,DEL01-PB,Risco Baixo,Baixa
sexta-feira,BR-262,47.3,Plena Noite,Decrescente,Céu Claro,Simples,Desvio Temporário,-20.75888,-52.03298,DEL07-MS,Risco Baixo,Média
segunda-feira,BR-364,319.0,Plena Noite,Crescente,Céu Claro,Simples,Reta,-11.0785,-61.9184,DEL02-RO,Risco Alto,Alta
quinta-feira,BR-242,681.0,Pleno dia,Crescente,Chuva,Simples,Reta,-12.22403,-44.0,DEL10-BA,Risco Baixo,Baixa
domingo,BR-60,395.0,Plena Noite,Crescente,Céu Claro,Simples,Reta,-20.75716,-54.78615,DEL01-MS,Risco Médio,Média
sábado,BR-367,35.0,Pleno dia,Crescente,Céu Claro,Simples,Reta,-16.4095,-39.1691,DEL09-BA,Risco Médio,Baixa
terça-feira,BR-101,218.0,Pleno dia,Decrescente,Céu Claro,Simples,Reta,-27.67824,-48.66923,DEL01-SC,Risco Baixo,Alta
sexta-feira,BR-364,710.0,Pleno dia,Decrescente,Céu Claro,Múltipla,Reta,-8.786216,-63.85713,DEL01-RO,Risco Médio,Alta
sábado,BR-116,185.0,Pleno dia,Crescente,Céu Claro,Dupla,Reta,-22.74151,-43.45352,DEL01-RJ,Risco Médio,Alta
sábado,BR-230,11.0,Amanhecer,Decrescente,Nublado,Dupla,Reta,-7.064534,-34.85025,DEL01-PB,Risco Baixo,Baixa
quarta-feira,BR-230,12.0,Pleno dia,Decrescente,Céu Claro,Dupla,Reta,-7.068,-34.85,DEL01-PB,Risco Médio,Baixa
domingo,BR-232,172.0,Pleno dia,Decrescente,Nublado,Simples,Reta,-8.339178,-36.35734,DEL02-PE,Risco Médio,Baixa
terça-feira,BR-476,145.0,Plena Noite,Decrescente,Chuva,Dupla,Retorno Regulamentado,-25.54775,-49.32095,DEL01-PR,Risco Médio,Baixa
quinta-feira,BR-222,4.5,Plena Noite,Decrescente,Céu Claro,Múltipla,Reta,-3.741648,-38.6045,DEL01-CE,Risco Médio,Baixa
quinta-feira,BR-470,58.5,Pleno dia,Crescente,Sol,Simples,Rotatória,-26.88388,-49.14562,DEL04-SC,Risco Baixo,Baixa
sábado,BR-116,170.0,Pleno dia,Crescente,Céu Claro,Simples,Reta,-10.11093,-39.12623,DEL07-BA,Risco Médio,Alta
sexta-feira,BR-101,64.0,Pleno dia,Decrescente,Céu Claro,Dupla,Reta,-26.46433,-48.75063,DEL03-SC,Risco Médio,Alta
terça-feira,BR-222,3.0,Plena Noite,Crescente,Céu Claro,Múltipla,Reta,-3.740117,-38.59596,DEL01-CE,Risco Médio,Baixa
quarta-feira,BR-101,791.0,Plena Noite,Crescente,Chuva,Simples,Curva,-17.07494,-39.56431,DEL09-BA,Risco Médio,Alta
terça-feira,BR-381,88.0,Anoitecer,Decrescente,Nublado,Múltipla,Reta,-23.47469,-46.56113,DEL03-SP,Risco Médio,Alta
terça-feira,BR-365,713.0,Pleno dia,Decrescente,Céu Claro,Simples,Desvio Temporário,-18.87101,-48.88123,DEL15-MG,Risco Médio,Média
quinta-feira,BR-116,410.7,Plena Noite,Crescente,Nublado,Dupla,Reta,-18.85562,-41.97562,DEL06-MG,Risco Médio,Alta
quarta-feira,BR-101,201.0,Amanhecer,Crescente,Céu Claro,Dupla,Interseção de vias,-27.5572,-48.6188,DEL01-SC,Risco Médio,Alta
sábado,BR-101,257.9,Pleno dia,Crescente,Sol,Múltipla,Desvio Temporário,-20.1384,-40.29221,DEL02-ES,Risco Médio,Alta
sexta-feira,BR-324,623.0,Pleno dia,Decrescente,Céu Claro,Múltipla,Reta,-12.92629,-38.46839,DEL01-BA,Risco Médio,Baixa
quarta-feira,BR-116,219.0,Pleno dia,Crescente,Céu Claro,Múltipla,Reta,-23.46,-46.487,DEL01-SP,Risco Médio,Alta
terça-feira,BR-319,58.5,Pleno dia,Decrescente,Chuva,Dupla,Retorno Regulamentado,-8.742791,-63.90496,DEL01-RO,Risco Médio,Baixa
domingo,BR-381,876.5,Plena Noite,Decrescente,Chuva,Dupla,Curva,-22.43884,-45.98438,DEL16-MG,Risco Médio,Alta
sábado,BR-101,289.0,Plena Noite,Crescente,Céu Claro,Simples,Reta,-22.76376,-42.85172,DEL02-RJ,Risco Alto,Alta
sexta-feira,BR-40,56.2,Anoitecer,Crescente,Garoa/Chuvisco,Dupla,Curva,-22.36929,-43.1277,DEL06-RJ,Risco Médio,Alta
domingo,BR-232,49.8,Pleno dia,Crescente,Céu Claro,Dupla,Reta,-8.143676,-35.31442,DEL01-PE,Risco Médio,Baixa
domingo,BR-116,313.0,Pleno dia,Crescente,Céu Claro,Simples,Reta,-18.04664,-41.66256,DEL11-MG,Risco Médio,Alta
segunda-feira,BR-408,55.7,Pleno dia,Crescente,Céu Claro,Simples,Reta,-7.779183,-35.23881,DEL01-PE,Risco Alto,Baixa
quinta-feira,BR-70,16.0,Pleno dia,Crescente,Garoa/Chuvisco,Dupla,Não Informado,-15.79614,-48.19423,DEL01-DF,Risco Baixo,Baixa
sábado,BR-116,176.0,Plena Noite,Decrescente,Ignorado,Dupla,Reta,-22.76035,-43.42655,DEL01-RJ,Risco Médio,Alta
sexta-feira,BR-470,57.2,Pleno dia,Crescente,Céu Claro,Simples,Reta,-26.88043,-49.13653,DEL04-SC,Risco Médio,Baixa
segunda-feira,BR-423,96.9,Plena Noite,Decrescente,Céu Claro,Simples,Reta,-8.880218,-36.48652,DEL03-PE,Risco Médio,Baixa
quinta-feira,BR-262,625.4,Pleno dia,Decrescente,Céu Claro,Simples,Reta,-19.90895,-56.86252,DEL03-MS,Risco Médio,Média
terça-feira,BR-153,520.0,Amanhecer,Decrescente,Céu Claro,Dupla,Reta,-16.8847,-49.254,DEL01-GO,Risco Médio,Alta
quinta-feira,BR-277,527.8,Plena Noite,Decrescente,Céu Claro,Simples,Curva,-25.09165,-52.94926,DEL04-PR,Risco Médio,Média
segunda-feira,BR-376,675.0,Pleno dia,Crescente,Chuva,Dupla,Reta,-25.9253,-48.91465,DEL01-PR,Risco Médio,Baixa
sábado,BR-277,115.0,Pleno dia,Crescente,Sol,Dupla,Reta,-25.43041,-49.39664,DEL01-PR,Risco Baixo,Média
sexta-feira,BR-116,124.0,Anoitecer,Crescente,Céu Claro,Dupla,Reta,-25.58621,-49.31437,DEL01-PR,Risco Médio,Alta
sexta-feira,BR-101,406.0,Pleno dia,Crescente,Céu Claro,Dupla,Interseção de vias,-22.87282,-43.81032,DEL03-RJ,Risco Médio,Alta
sábado,BR-364,425.0,Plena Noite,Decrescente,Céu Claro,Simples,Reta,-10.436,-62.474,DEL03-RO,Risco Médio,Alta
segunda-feira,BR-364,240.5,Pleno dia,Crescente,Céu Claro,Simples,Reta,-11.43845,-61.475,DEL02-RO,Risco Médio,Alta
quinta-feira,BR-20,181.0,Pleno dia,Crescente,Céu Claro,Simples,Reta,-14.4708,-46.48618,DEL02-DF,Risco Alto,Baixa
sábado,BR-277,725.0,Pleno dia,Crescente,Céu Claro,Dupla,Curva,-25.50824,-54.5462,DEL05-PR,Risco Médio,Média
terça-feira,BR-324,368.4,Pleno dia,Crescente,Céu Claro,Simples,Reta,-11.42528,-39.88787,DEL04-BA,Risco Médio,Baixa
sábado,BR-116,345.1,Plena Noite,Decrescente,Céu Claro,Simples,Reta,-30.48932,-51.48988,DEL02-RS,Risco Alto,Alta
quinta-feira,BR-376,413.0,Plena Noite,Crescente,Céu Claro,Dupla,Não Informado,-24.6392,-50.6299,DEL03-PR,Risco Médio,Baixa
sexta-feira,BR-70,42.0,Plena Noite,Crescente,Céu Claro,Dupla,Não Informado,-15.77844,-48.52914,DEL01-DF,Risco Médio,Baixa
sexta-feira,BR-316,265.0,Pleno dia,Decrescente,Céu Claro,Simples,Reta,-3.677107,-45.35487,DEL02-MA,Risco Médio,Baixa
terça-feira,BR-262,382.0,Pleno dia,Crescente,Garoa/Chuvisco,Dupla,Curva,-19.9372,-44.4495,DEL01-MG,Risco Médio,Média
quinta-feira,BR-101,334.0,Plena Noite,Crescente,Céu Claro,Simples,Reta,-22.88518,-43.21704,DEL02-RJ,Risco Médio,Alta
quarta-feira,BR-116,393.0,Pleno dia,Crescente,Céu Claro,Dupla,Reta,-24.28357,-47.45278,DEL04-SP,Risco Baixo,Alta
domingo,BR-376,159.0,Plena Noite,Crescente,Céu Claro,Dupla,Retorno Regulamentado,-23.36498,-52.07632,DEL09-PR,Risco Médio,Baixa
quinta-feira,BR-110,361.0,Pleno dia,Crescente,Céu Claro,Simples,Reta,-12.36659,-38.38801,DEL01-BA,Risco Médio,Baixa
segunda-feira,BR-80,3.5,Pleno dia,Crescente,Céu Claro,Simples,Reta,-15.73154,-48.10275,DEL01-DF,Risco Alto,Baixa
terça-feira,BR-470,222.8,Pleno dia,Crescente,Garoa/Chuvisco,Simples,Curva,-27.31602,-50.32732,DEL05-SC,Risco Médio,Baixa
quarta-feira,BR-163,176.9,Anoitecer,Decrescente,Céu Claro,Simples,Reta,-25.20861,-53.59773,DEL04-PR,Risco Médio,Alta
quinta-feira,BR-367,23.0,Pleno dia,Crescente,Sol,Simples,Reta,-16.43518,-39.07201,DEL09-BA,Risco Médio,Baixa
quarta-feira,BR-60,93.1,Pleno dia,Crescente,Céu Claro,Dupla,Interseção de vias,-16.35319,-48.92357,DEL02-GO,Risco Médio,Média
sábado,BR-116,531.8,Plena Noite,Decrescente,Garoa/Chuvisco,Simples,Não Informado,-31.76484,-52.44483,DEL07-RS,Risco Baixo,Alta
segunda-feira,BR-428,187.0,Pleno dia,Crescente,Céu Claro,Simples,Reta,-9.356131,-40.47859,DEL06-PE,Risco Médio,Baixa
quinta-feira,BR-116,466.3,Pleno dia,Decrescente,Nublado,Simples,Curva,-7.237825,-38.84128,DEL05-CE,Risco Médio,Alta
quarta-feira,BR-262,17.0,Pleno dia,Decrescente,Céu Claro,Simples,Reta,-20.3852,-40.4699,DEL01-ES,Risco Médio,Média
domingo,BR-20,191.4,Pleno dia,Decrescente,Céu Claro,Simples,Reta,-14.39056,-46.44824,DEL02-DF,Risco Médio,Baixa
sábado,BR-163,108.0,Pleno dia,Crescente,Nublado,Múltipla,Reta,-23.21258,-54.21061,DEL09-MS,Risco Baixo,Alta
segunda-feira,BR-470,59.7,Pleno dia,Crescente,Nublado,Simples,Reta,-26.88281,-49.1548,DEL04-SC,Risco Médio,Baixa
quinta-feira,BR-408,72.5,Plena Noite,Crescente,Céu Claro,Dupla,Desvio Temporário,-7.882985,-35.18197,DEL01-PE,Risco Baixo,Baixa
quarta-feira,BR-40,509.0,Pleno dia,Crescente,Céu Claro,Dupla,Reta,-19.76729,-44.12856,DEL01-MG,Risco Baixo,Alta
sábado,BR-116,567.0,Plena Noite,Crescente,Garoa/Chuvisco,Dupla,Curva,-25.04755,-48.55355,DEL05-SP,Risco Médio,Alta
terça-feira,BR-222,297.3,Plena Noite,Crescente,Nublado,Simples,Curva,-3.650824,-40.93042,DEL04-CE,Risco Baixo,Baixa
terça-feira,BR-230,38.0,Pleno dia,Decrescente,Céu Claro,Simples,Reta,-7.1341,-34.962,DEL01-PB,Risco Médio,Baixa
quarta-feira,BR-116,642.0,Pleno dia,Decrescente,Céu Claro,Simples,Reta,-13.54775,-40.07147,DEL03-BA,Risco Médio,Alta
domingo,BR-316,0.6,Plena Noite,Crescente,Céu Claro,Múltipla,Não Informado,-5.131168,-42.81564,DEL01-PI,Risco Alto,Baixa
terça-feira,BR-101,225.0,Pleno dia,Crescente,Sol,Dupla,Reta,-27.73292,-48.64096,DEL01-SC,Risco Médio,Alta
terça-feira,BR-428,176.9,Pleno dia,Decrescente,Céu Claro,Simples,Reta,-9.268243,-40.43344,DEL06-PE,Risco Médio,Baixa
quinta-feira,BR-116,22.7,Pleno dia,Decrescente,Chuva,Dupla,Curva,-25.10923,-48.7466,DEL01-PR,Risco Baixo,Alta
terça-feira,BR-104,130.5,Pleno dia,Crescente,Céu Claro,Simples,Reta,-7.290134,-35.8903,DEL02-PB,Risco Médio,Baixa
quarta-feira,BR-116,557.4,Pleno dia,Crescente,Chuva,Simples,Curva,-20.01149,-42.16007,DEL06-MG,Risco Médio,Alta
domingo,BR-230,120.0,Plena Noite,Decrescente,Céu Claro,Dupla,Retorno Regulamentado,-5.366158,-49.12615,DEL03-PA,Risco Médio,Baixa
sexta-feira,BR-232,4.0,Pleno dia,Crescente,Sol,Múltipla,Reta,-8.064473,-34.93693,DEL01-PE,Risco Médio,Baixa
quarta-feira,BR-470,208.1,Pleno dia,Decrescente,Céu Claro,Dupla,Retorno Regulamentado,-29.10467,-51.54364,DEL06-RS,Risco Médio,Baixa
sábado,BR-116,153.8,Pleno dia,Crescente,Sol,Simples,Rotatória,-29.19075,-51.18074,DEL05-RS,Risco Médio,Alta
quarta-feira,BR-356,26.9,Amanhecer,Crescente,Nevoeiro/Neblina,Simples,Reta,-21.17939,-41.95449,DEL08-RJ,Risco Alto,Baixa
domingo,BR-101,90.5,Pleno dia,Decrescente,Céu Claro,Múltipla,Curva,-26.66149,-48.68866,DEL03-SC,Risco Médio,Alta
quinta-feira,BR-277,38.0,Plena Noite,Crescente,Nevoeiro/Neblina,Dupla,Não Informado,-25.57434,-48.85517,DEL01-PR,Risco Baixo,Média
sábado,BR-319,64.0,Pleno dia,Decrescente,Sol,Dupla,Reta,-8.769491,-63.88351,DEL01-RO,Risco Médio,Baixa
domingo,BR-116,359.1,Pleno dia,Decrescente,Nublado,Simples,Curva,-24.10862,-47.2659,DEL04-SP,Risco Médio,Alta
domingo,BR-101,158.6,Pleno dia,Crescente,Céu Claro,Dupla,Reta,-27.19096,-48.61259,DEL04-SC,Risco Médio,Alta
quarta-feira,BR-235,49.5,Pleno dia,Crescente,Nublado,Simples,Reta,-10.71622,-37.42167,DEL01-SE,Risco Médio,Baixa
domingo,BR-50,9.0,Plena Noite,Decrescente,Chuva,Dupla,Reta,-18.49737,-48.04355,DEL15-MG,Risco Baixo,Média
sábado,BR-316,2.7,Plena Noite,Crescente,Céu Claro,Múltipla,Reta,-5.125867,-42.79413,DEL01-PI,Risco Médio,Baixa
quinta-feira,BR-101,99.0,Pleno dia,Crescente,Sol,Múltipla,Reta,-5.873592,-35.22063,DEL01-RN,Risco Baixo,Alta
quarta-feira,BR-101,220.7,Pleno dia,Crescente,Céu Claro,Dupla,Reta,-19.86379,-40.39171,DEL02-ES,Risco Médio,Alta
sábado,BR-40,678.9,Amanhecer,Decrescente,Céu Claro,Simples,Curva,-21.03877,-43.76474,DEL05-MG,Risco Alto,Alta
sábado,BR-110,147.9,Plena Noite,Crescente,Chuva,Simples,Reta,-8.529544,-37.69224,DEL03-PE,Risco Alto,Baixa
segunda-feira,BR-381,76.0,Pleno dia,Decrescente,Chuva,Múltipla,Curva,-23.38372,-46.56502,DEL03-SP,Risco Médio,Alta
sábado,BR-70,528.0,Plena Noite,Decrescente,Céu Claro,Simples,Rotatória,-15.64921,-56.19486,DEL01-MT,Risco Médio,Baixa
segunda-feira,BR-282,28.3,Pleno dia,Decrescente,Céu Claro,Simples,Rotatória,-27.67478,-48.7789,DEL01-SC,Risco Médio,Baixa
quarta-feira,BR-60,106.0,Plena Noite,Decrescente,Nublado,Dupla,Reta,-16.4232,-49.0134,DEL02-GO,Risco Médio,Média
terça-feira,BR-60,169.0,Pleno dia,Crescente,Céu Claro,Dupla,Curva,-16.7269,-49.3822,DEL01-GO,Risco Médio,Média
sábado,BR-116,468.7,Pleno dia,Crescente,Céu Claro,Dupla,Reta,-24.65232,-47.95078,DEL05-SP,Risco Baixo,Alta
sexta-feira,BR-116,258.0,Pleno dia,Crescente,Sol,Dupla,Reta,-29.86151,-51.18092,DEL01-RS,Risco Médio,Alta
segunda-feira,BR-262,634.5,Amanhecer,Crescente,Céu Claro,Simples,Reta,-19.59291,-46.49,DEL08-MG,Risco Baixo,Média
sábado,BR-101,270.9,Plena Noite,Decrescente,Nublado,Simples,Viaduto,-20.23264,-40.27454,DEL02-ES,Risco Baixo,Alta
segunda-feira,BR-101,62.0,Plena Noite,Decrescente,Céu Claro,Dupla,Reta,-7.999059,-34.93899,DEL01-PE,Risco Médio,Alta
domingo,BR-163,261.2,Plena Noite,Decrescente,Céu Claro,Dupla,Reta,-22.23813,-54.76417,DEL04-MS,Risco Médio,Alta
terça-feira,BR-381,494.0,Amanhecer,Decrescente,Céu Claro,Dupla,Reta,-19.98891,-44.20522,DEL01-MG,Risco Médio,Alta
sexta-feira,BR-101,39.0,Plena Noite,Crescente,Céu Claro,Dupla,Desvio Temporário,-10.51797,-36.95015,DEL02-SE,Risco Médio,Alta
segunda-feira,BR-235,349.3,Pleno dia,Crescente,Céu Claro,Simples,Interseção de vias,-9.447785,-40.49044,DEL06-PE,Risco Médio,Baixa