dia_semana,br,km,fase_dia,sentido_via,condicao_metereologica,tipo_pista,tracado_via,latitude,longitude,delegacia,classificacao_acidente,postos_policiais_PRF
quarta-feira,BR-376,529.8,Plena Noite,Decrescente,Chuva,Dupla,Retorno Regulamentado,-25.28995,-49.90027,DEL03-PR,Risco Médio,Baixa
terça-feira,BR-381,86.0,Plena Noite,Crescente,Céu Claro,Múltipla,Reta,-23.4593,-46.57161,DEL03-SP,Risco Médio,Alta
terça-feira,BR-343,349.0,Plena Noite,Crescente,Nublado,Dupla,Reta,-5.122447,-42.79448,DEL01-PI,Risco Alto,Baixa
terça-feira,BR-60,496.9,Amanhecer,Crescente,Nevoeiro/Neblina,Simples,Reta,-21.19897,-55.47429,DEL01-MS,Risco Médio,Média
quinta-feira,BR-235,51.0,Pleno dia,Decrescente,Céu Claro,Simples,Rotatória,-10.70023,-37.43142,DEL01-SE,Risco Médio,Baixa
domingo,BR-101,410.0,Plena Noite,Decrescente,Céu Claro,Simples,Reta,-28.94347,-49.50071,DEL02-SC,Risco Médio,Alta
sábado,BR-50,6.0,Pleno dia,Crescente,Chuva,Dupla,Reta,-18.9113,-48.2622,DEL15-MG,Risco Médio,Média
sexta-feira,BR-153,35.3,Pleno dia,Crescente,Céu Claro,Simples,Curva,-26.8216,-51.72094,DEL07-SC,Risco Médio,Alta
sábado,BR-101,4.5,Plena Noite,Decrescente,Chuva,Dupla,Curva,-26.01366,-48.8632,DEL03-SC,Risco Médio,Alta
sábado,BR-392,350.0,Plena Noite,Decrescente,Céu Claro,Simples,Reta,-29.74006,-53.79524,DEL09-RS,Risco Baixo,Média
sábado,BR-222,219.5,Plena Noite,Decrescente,Céu Claro,Simples,Reta,-3.742766,-40.31366,DEL04-CE,Risco Alto,Baixa
sábado,BR-153,501.5,Pleno dia,Decrescente,Céu Claro,Múltipla,Interseção de vias,-16.7189,-49.2382,DEL01-GO,Risco Médio,Alta
quarta-feira,BR-116,10.0,Pleno dia,Decrescente,Céu Claro,Dupla,Reta,-3.836038,-38.50273,DEL01-CE,Risco Médio,Alta
sábado,BR-20,50.9,Pleno dia,Crescente,Céu Claro,Dupla,Reta,-15.58145,-47.42193,DEL02-DF,Risco Médio,Baixa
quinta-feira,BR-493,90.0,Pleno dia,Crescente,Céu Claro,Dupla,Reta,-22.72457,-43.7122,DEL01-RJ,Risco Médio,Baixa
sábado,BR-282,526.5,Pleno dia,Decrescente,Céu Claro,Simples,Reta,-26.9819,-52.59529,DEL07-SC,Risco Baixo,Baixa
sexta-feira,BR-277,97.0,Anoitecer,Decrescente,Céu Claro,Dupla,Reta,-25.54577,-49.29537,DEL01-PR,Risco Médio,Média
domingo,BR-376,18.3,Pleno dia,Crescente,Céu Claro,Simples,Reta,-22.3165,-54.58421,DEL04-MS,Risco Médio,Baixa
quinta-feira,BR-290,98.0,Pleno dia,Crescente,Céu Claro,Múltipla,Reta,-29.99482,-51.2174,DEL01-RS,Risco Baixo,Baixa
sábado,BR-153,523.0,Pleno dia,Crescente,Céu Claro,Dupla,Não Informado,-16.9113,-49.2534,DEL01-GO,Risco Médio,Alta
sexta-feira,BR-101,211.8,Pleno dia,Decrescente,Céu Claro,Dupla,Reta,-27.62881,-48.65791,DEL01-SC,Risco Médio,Alta
terça-feira,BR-158,556.3,Pleno dia,Decrescente,Sol,Simples,Reta,-14.08686,-52.16094,DEL07-MT,Risco Médio,Baixa
sexta-feira,BR-153,700.0,Pleno dia,Crescente,Céu Claro,Dupla,Reta,-18.3945,-49.2051,DEL03-GO,Risco Médio,Alta
quarta-feira,BR-116,273.1,Pleno dia,Decrescente,Chuva,Dupla,Reta,-23.6281,-46.8187,DEL04-SP,Risco Médio,Alta
quarta-feira,BR-251,471.7,Plena Noite,Crescente,Céu Claro,Simples,Não Informado,-16.46801,-43.43121,DEL12-MG,Risco Baixo,Baixa
sábado,BR-40,123.0,Pleno dia,Decrescente,Sol,Dupla,Curva,-22.79908,-43.29016,DEL01-RJ,Risco Médio,Alta
quarta-feira,BR-277,13.1,Plena Noite,Decrescente,Nublado,Dupla,Reta,-25.53323,-48.71492,DEL01-PR,Risco Médio,Média
sábado,BR-381,701.0,Plena Noite,Crescente,Céu Claro,Dupla,Não Informado,-21.319,-45.16697,DEL04-MG,Risco Médio,Alta
quarta-feira,BR-470,319.1,Plena Noite,Crescente,Nublado,Simples,Reta,-27.40986,-51.22495,DEL07-SC,Risco Médio,Baixa
sexta-feira,BR-101,3.3,Plena Noite,Decrescente,Nublado,Simples,Reta,-18.19921,-39.92893,DEL04-ES,Risco Alto,Alta
sábado,BR-376,168.5,Pleno dia,Crescente,Nublado,Dupla,Reta,-23.38232,-52.03328,DEL07-PR,Risco Médio,Baixa
sábado,BR-277,545.1,Pleno dia,Decrescente,Céu Claro,Simples,Reta,-25.10091,-53.08088,DEL04-PR,Risco Baixo,Média
quinta-feira,BR-101,34.8,Plena Noite,Decrescente,Céu Claro,Dupla,Curva,-6.785339,-35.13428,DEL01-PB,Risco Baixo,Alta
sábado,BR-40,446.9,Pleno dia,Crescente,Nublado,Dupla,Não Informado,-19.28815,-44.392,DEL02-MG,Risco Médio,Alta
sábado,BR-381,216.5,Plena Noite,Decrescente,Ignorado,Simples,Não Informado,-19.27436,-42.35624,DEL06-MG,Risco Alto,Alta
sábado,BR-277,690.4,Plena Noite,Crescente,Nublado,Dupla,Retorno Regulamentado,-25.35827,-54.24527,DEL05-PR,Risco Médio,Média
terça-feira,BR-153,2.5,Plena Noite,Crescente,Céu Claro,Simples,Reta,-25.20461,-50.59822,DEL03-PR,Risco Médio,Alta
quarta-feira,BR-104,63.0,Plena Noite,Decrescente,Chuva,Dupla,Reta,-8.267406,-35.97863,DEL02-PE,Risco Baixo,Baixa
domingo,BR-101,50.0,Plena Noite,Crescente,Nublado,Dupla,Reta,-7.909386,-34.90123,DEL01-PE,Risco Baixo,Alta
quinta-feira,BR-277,687.8,Pleno dia,Decrescente,Céu Claro,Dupla,Não Informado,-25.34474,-54.2294,DEL05-PR,Risco Médio,Média
sexta-feira,BR-470,173.8,Plena Noite,Decrescente,Nublado,Simples,Reta,-27.25984,-49.91929,DEL04-SC,Risco Médio,Baixa
quinta-feira,BR-50,72.0,Pleno dia,Decrescente,Céu Claro,Dupla,Não Informado,-18.89628,-48.24702,DEL15-MG,Risco Baixo,Média
sexta-feira,BR-116,39.0,Pleno dia,Crescente,Céu Claro,Múltipla,Reta,-4.087228,-38.50066,DEL01-CE,Risco Médio,Alta
segunda-feira,BR-116,545.0,Pleno dia,Crescente,Nublado,Simples,Curva,-24.75687,-48.50514,DEL05-SP,Risco Baixo,Alta
quarta-feira,BR-364,369.0,Pleno dia,Decrescente,Céu Claro,Dupla,Reta,-15.71234,-55.69644,DEL02-MT,Risco Baixo,Alta
quarta-feira,BR-386,389.2,Pleno dia,Decrescente,Chuva,Múltipla,Reta,-29.9429,-51.7185,DEL04-RS,Risco Baixo,Média
segunda-feira,BR-116,245.5,Plena Noite,Crescente,Garoa/Chuvisco,Simples,Rotatória,-27.80026,-50.36379,DEL05-SC,Risco Médio,Alta
sábado,BR-60,225.2,Plena Noite,Decrescente,Céu Claro,Dupla,Reta,-17.02666,-49.77744,DEL01-GO,Risco Médio,Média
quarta-feira,BR-364,17.0,Plena Noite,Decrescente,Garoa/Chuvisco,Simples,Reta,-12.73072,-60.17107,DEL04-RO,Risco Baixo,Alta
segunda-feira,BR-280,59.5,Pleno dia,Crescente,Nublado,Simples,Reta,-26.47526,-49.03099,DEL03-SC,Risco Médio,Baixa
quarta-feira,BR-369,150.8,Pleno dia,Decrescente,Nublado,Dupla,Reta,-23.29287,-51.16897,DEL07-PR,Risco Médio,Baixa
sábado,BR-116,304.0,Pleno dia,Decrescente,Sol,Simples,Reta,-30.15532,-51.37051,DEL02-RS,Risco Baixo,Alta
domingo,BR-415,27.0,Pleno dia,Crescente,Chuva,Dupla,Curva,-14.8482,-39.28199,DEL05-BA,Risco Alto,Baixa
segunda-feira,BR-280,53.8,Amanhecer,Decrescente,Céu Claro,Simples,Reta,-26.4752,-48.98188,DEL03-SC,Risco Médio,Baixa
sábado,BR-116,190.1,Plena Noite,Decrescente,Céu Claro,Dupla,Reta,-23.36822,-46.23367,DEL01-SP,Risco Baixo,Alta
domingo,BR-381,513.0,Pleno dia,Crescente,Sol,Dupla,Reta,-20.07578,-44.30312,DEL01-MG,Risco Médio,Alta
sábado,BR-381,942.0,Pleno dia,Crescente,Céu Claro,Simples,Rotatória,-22.8319,-46.31706,DEL16-MG,Risco Médio,Alta
quinta-feira,BR-267,8.1,Pleno dia,Decrescente,Sol,Simples,Reta,-21.73789,-52.21981,DEL02-MS,Risco Médio,Baixa
terça-feira,BR-262,47.0,Pleno dia,Crescente,Sol,Simples,Curva,-20.2552,-42.1183,DEL06-MG,Risco Médio,Média
segunda-feira,BR-262,354.5,Pleno dia,Crescente,Céu Claro,Simples,Reta,-20.5566,-54.66452,DEL01-MS,Risco Médio,Média
domingo,BR-424,87.2,Pleno dia,Decrescente,Nublado,Simples,Curva,-8.874289,-36.50761,DEL03-PE,Risco Médio,Baixa
quinta-feira,BR-116,304.0,Pleno dia,Crescente,Céu Claro,Dupla,Reta,-22.45504,-44.3865,DEL07-RJ,Risco Médio,Alta
domingo,BR-235,79.6,Pleno dia,Decrescente,Céu Claro,Simples,Não Informado,-10.54033,-37.591,DEL01-SE,Risco Médio,Baixa
quinta-feira,BR-356,77.0,Anoitecer,Crescente,Céu Claro,Simples,Reta,-21.43419,-41.68539,DEL08-RJ,Risco Médio,Baixa
segunda-feira,BR-153,465.1,Pleno dia,Crescente,Céu Claro,Simples,Reta,-26.32576,-51.23469,DEL02-PR,Risco Baixo,Alta
domingo,BR-116,164.0,Pleno dia,Decrescente,Céu Claro,Simples,Curva,-16.96644,-41.451,DEL11-MG,Risco Médio,Alta
sábado,BR-135,25.0,Amanhecer,Crescente,Céu Claro,Dupla,Retorno Regulamentado,-2.76508,-44.36188,DEL01-MA,Risco Médio,Baixa
terça-feira,BR-277,593.0,Pleno dia,Crescente,Nublado,Simples,Reta,-24.98082,-53.48255,DEL04-PR,Risco Médio,Média
sexta-feira,BR-470,153.9,Pleno dia,Crescente,Céu Claro,Simples,Reta,-27.26894,-49.73037,DEL04-SC,Risco Médio,Baixa
segunda-feira,BR-104,16.0,Anoitecer,Crescente,Chuva,Simples,Curva,-7.923709,-36.11618,DEL02-PE,Risco Médio,Baixa
sábado,BR-153,177.4,Pleno dia,Crescente,Céu Claro,Simples,Reta,-21.65677,-49.78916,DEL07-SP,Risco Alto,Alta
domingo,BR-116,225.0,Pleno dia,Decrescente,Céu Claro,Múltipla,Reta,-23.48587,-46.54075,DEL01-SP,Risco Baixo,Alta
quarta-feira,BR-232,15.0,Plena Noite,Decrescente,Céu Claro,Dupla,Curva,-8.091377,-35.02918,DEL01-PE,Risco Médio,Baixa
segunda-feira,BR-116,23.0,Anoitecer,Decrescente,Nublado,Simples,Reta,-22.02331,-42.77252,DEL04-RJ,Risco Médio,Alta
quarta-feira,BR-101,77.4,Plena Noite,Crescente,Céu Claro,Dupla,Reta,-9.422319,-35.83908,DEL01-AL,Risco Baixo,Alta
segunda-feira,BR-381,455.8,Pleno dia,Crescente,Chuva,Simples,Não Informado,-19.83847,-43.88455,DEL01-MG,Risco Médio,Alta
segunda-feira,BR-101,211.5,Pleno dia,Decrescente,Nublado,Múltipla,Reta,-27.6266,-48.6557,DEL01-SC,Risco Baixo,Alta
sexta-feira,BR-101,107.7,Pleno dia,Crescente,Chuva,Simples,Curva,-9.598179,-36.01253,DEL02-AL,Risco Baixo,Alta
quinta-feira,BR-280,162.0,Plena Noite,Crescente,Nublado,Simples,Reta,-26.20385,-49.79094,DEL06-SC,Risco Médio,Baixa
domingo,BR-40,118.0,Plena Noite,Decrescente,Nublado,Simples,Curva,-22.75471,-43.28738,DEL01-RJ,Risco Baixo,Alta
sábado,BR-235,345.9,Plena Noite,Crescente,Céu Claro,Simples,Reta,-9.458961,-40.45706,DEL06-PE,Risco Médio,Baixa
domingo,BR-101,259.0,Plena Noite,Crescente,Céu Claro,Dupla,Reta,-20.1384,-40.29221,DEL02-ES,Risco Médio,Alta
domingo,BR-423,97.0,Pleno dia,Decrescente,Céu Claro,Simples,Reta,-8.879623,-36.49484,DEL03-PE,Risco Médio,Baixa
segunda-feira,BR-40,112.0,Anoitecer,Decrescente,Chuva,Múltipla,Reta,-22.7102,-43.2902,DEL01-RJ,Risco Médio,Alta
sexta-feira,BR-116,283.0,Pleno dia,Crescente,Céu Claro,Dupla,Reta,-23.69297,-46.86353,DEL04-SP,Risco Médio,Alta
segunda-feira,BR-158,124.6,Pleno dia,Decrescente,Céu Claro,Simples,Desvio Temporário,-26.9991,-53.22684,DEL07-SC,Risco Alto,Baixa
terça-feira,BR-364,706.0,Anoitecer,Decrescente,Chuva,Dupla,Reta,-8.800412,-63.83287,DEL01-RO,Risco Médio,Alta
segunda-feira,BR-158,82.9,Plena Noite,Decrescente,Céu Claro,Simples,Desvio Temporário,-27.75404,-53.31923,DEL08-RS,Risco Alto,Baixa
quarta-feira,BR-471,183.9,Pleno dia,Crescente,Céu Claro,Simples,Reta,-30.1033,-52.36706,DEL02-RS,Risco Médio,Baixa
terça-feira,BR-101,115.8,Anoitecer,Decrescente,Céu Claro,Dupla,Reta,-26.87064,-48.72954,DEL04-SC,Risco Alto,Alta
terça-feira,BR-262,454.8,Pleno dia,Decrescente,Céu Claro,Simples,Não Informado,-19.85274,-45.02424,DEL08-MG,Risco Médio,Média
domingo,BR-280,31.4,Pleno dia,Crescente,Céu Claro,Simples,Reta,-26.4165,-48.77181,DEL03-SC,Risco Médio,Baixa
sexta-feira,BR-135,141.0,Plena Noite,Decrescente,Céu Claro,Simples,Reta,-11.87775,-44.84861,DEL08-BA,Risco Baixo,Baixa
quinta-feira,BR-287,257.3,Pleno dia,Decrescente,Chuva,Simples,Curva,-29.68235,-53.93824,DEL09-RS,Risco Baixo,Baixa
domingo,BR-476,119.0,Plena Noite,Crescente,Nublado,Múltipla,Reta,-25.3642,-49.18583,DEL01-PR,Risco Médio,Baixa
domingo,BR-101,480.0,Plena Noite,Crescente,Chuva,Simples,Reta,-23.01331,-44.28362,DEL03-RJ,Risco Médio,Alta
domingo,BR-493,0.5,Plena Noite,Decrescente,Céu Claro,Simples,Reta,-22.77062,-42.92223,DEL02-RJ,Risco Médio,Baixa
segunda-feira,BR-369,369.7,Pleno dia,Crescente,Céu Claro,Simples,Curva,-24.13815,-52.46596,DEL04-PR,Risco Médio,Baixa
quarta-feira,BR-101,26.7,Pleno dia,Crescente,Céu Claro,Simples,Reta,-9.060493,-35.72509,DEL01-AL,Risco Médio,Alta
sexta-feira,BR-376,309.0,Pleno dia,Crescente,Nevoeiro/Neblina,Simples,Curva,-23.9625,-51.1149,DEL07-PR,Risco Baixo,Baixa
segunda-feira,BR-232,271.6,Pleno dia,Crescente,Sol,Simples,Reta,-8.364419,-37.2677,DEL03-PE,Risco Baixo,Baixa
domingo,BR-20,25.3,Plena Noite,Decrescente,Ignorado,Simples,Não Informado,-15.53616,-47.13462,DEL02-DF,Risco Médio,Baixa
segunda-feira,BR-262,802.0,Pleno dia,Crescente,Céu Claro,Dupla,Não Informado,-19.77923,-47.96484,DEL13-MG,Risco Médio,Média
segunda-feira,BR-282,79.8,Pleno dia,Crescente,Chuva,Simples,Curva,-27.6707,-49.15576,DEL01-SC,Risco Médio,Baixa
sábado,BR-163,646.0,Pleno dia,Decrescente,Garoa/Chuvisco,Simples,Reta,-13.40447,-56.08602,DEL06-MT,Risco Médio,Alta
domingo,BR-174,2.0,Plena Noite,Decrescente,Céu Claro,Simples,Reta,-15.24836,-59.32252,DEL04-MT,Risco Médio,Baixa
sexta-feira,BR-174,293.0,Amanhecer,Crescente,Céu Claro,Simples,Não Informado,-15.18889,-59.32385,DEL04-MT,Risco Médio,Baixa
domingo,BR-116,169.0,Plena Noite,Decrescente,Céu Claro,Múltipla,Reta,-22.81621,-43.32446,DEL01-RJ,Risco Médio,Alta
quinta-feira,BR-210,2.0,Pleno dia,Decrescente,Céu Claro,Simples,Reta,0.0838,-51.0793,DEL01-AP,Risco Médio,Baixa
terça-feira,BR-116,138.0,Pleno dia,Decrescente,Céu Claro,Simples,Reta,-26.9516,-50.4258,DEL06-SC,Risco Médio,Alta
terça-feira,BR-376,176.9,Pleno dia,Decrescente,Céu Claro,Múltipla,Reta,-23.41269,-51.93158,DEL09-PR,Risco Médio,Baixa
sábado,BR-163,1001.0,Pleno dia,Decrescente,Céu Claro,Simples,Rotatória,-2.464507,-54.72745,DEL05-PA,Risco Médio,Alta
sexta-feira,BR-282,49.0,Amanhecer,Crescente,Céu Claro,Dupla,Não Informado,-27.71293,-48.94374,DEL01-SC,Risco Baixo,Baixa
sexta-feira,BR-110,8.0,Pleno dia,Crescente,Céu Claro,Simples,Curva,-9.523398,-38.21952,DEL07-BA,Risco Médio,Baixa
terça-feira,BR-116,217.0,Plena Noite,Decrescente,Nublado,Múltipla,Reta,-23.45424,-46.47119,DEL01-SP,Risco Alto,Alta
domingo,BR-101,201.9,Plena Noite,Decrescente,Céu Claro,Múltipla,Reta,-27.55506,-48.61908,DEL01-SC,Risco Alto,Alta
sexta-feira,BR-365,440.3,Pleno dia,Crescente,Sol,Simples,Curva,-18.79499,-46.72955,DEL10-MG,Risco Baixo,Média
quinta-feira,BR-116,110.4,Pleno dia,Decrescente,Céu Claro,Dupla,Reta,-23.03686,-45.55748,DEL06-SP,Risco Médio,Alta
terça-feira,BR-343,339.1,Plena Noite,Crescente,Céu Claro,Simples,Reta,-5.067146,-42.73096,DEL01-PI,Risco Médio,Baixa
quinta-feira,BR-40,686.0,Anoitecer,Crescente,Céu Claro,Simples,Não Informado,-21.07383,-43.76673,DEL05-MG,Risco Médio,Alta
quarta-feira,BR-60,15.5,Plena Noite,Decrescente,Nublado,Dupla,Curva,-16.09417,-48.51721,DEL01-DF,Risco Médio,Média
segunda-feira,BR-364,389.0,Pleno dia,Decrescente,Chuva,Simples,Reta,-10.68005,-62.2798,DEL03-RO,Risco Médio,Alta
segunda-feira,BR-110,35.6,Plena Noite,Crescente,Nublado,Simples,Desvio Temporário,-9.740189,-38.24169,DEL07-BA,Risco Alto,Baixa
segunda-feira,BR-101,133.0,Pleno dia,Crescente,Céu Claro,Simples,Curva,-9.806711,-36.1165,DEL02-AL,Risco Baixo,Alta
sexta-feira,BR-116,164.0,Pleno dia,Crescente,Céu Claro,Dupla,Reta,-22.81074,-43.28844,DEL01-RJ,Risco Médio,Alta
sábado,BR-101,75.0,Pleno dia,Crescente,Céu Claro,Dupla,Reta,-26.5621,-48.72,DEL03-SC,Risco Médio,Alta
segunda-feira,BR-277,720.0,Pleno dia,Decrescente,Céu Claro,Dupla,Reta,-25.5075,-54.5838,DEL05-PR,Risco Médio,Média
sábado,BR-40,105.0,Pleno dia,Decrescente,Nublado,Dupla,Reta,-22.63901,-43.28339,DEL01-RJ,Risco Médio,Alta
quinta-feira,BR-282,307.3,Pleno dia,Crescente,Chuva,Simples,Não Informado,-27.49527,-50.96261,DEL07-SC,Risco Médio,Baixa
sábado,BR-381,492.6,Plena Noite,Crescente,Céu Claro,Dupla,Reta,-19.96251,-44.16536,DEL01-MG,Risco Médio,Alta
quarta-feira,BR-280,6.9,Anoitecer,Crescente,Nublado,Simples,Rotatória,-26.26569,-48.63362,DEL03-SC,Risco Médio,Baixa
quinta-feira,BR-116,44.0,Plena Noite,Decrescente,Nublado,Simples,Reta,-22.15853,-42.80593,DEL04-RJ,Risco Médio,Alta
sábado,BR-146,515.2,Pleno dia,Decrescente,Céu Claro,Simples,Desvio Temporário,-21.80252,-46.45007,DEL16-MG,Risco Médio,Baixa
terça-feira,BR-101,156.0,Pleno dia,Decrescente,Garoa/Chuvisco,Dupla,Reta,-8.545977,-35.39141,DEL01-PE,Risco Médio,Alta
quarta-feira,BR-343,347.0,Pleno dia,Decrescente,Céu Claro,Simples,Reta,-5.114822,-42.77835,DEL01-PI,Risco Médio,Baixa
segunda-feira,BR-116,235.0,Pleno dia,Crescente,Chuva,Dupla,Interseção de vias,-29.66038,-51.14387,DEL01-RS,Risco Baixo,Alta
domingo,BR-101,36.4,Pleno dia,Crescente,Nublado,Simples,Reta,-23.40022,-45.02097,DEL06-SP,Risco Baixo,Alta
quinta-feira,BR-280,129.9,Plena Noite,Decrescente,Céu Claro,Simples,Não Informado,-26.24993,-49.52646,DEL06-SC,Risco Médio,Baixa
quinta-feira,BR-116,127.0,Pleno dia,Crescente,Chuva,Dupla,Curva,-22.66137,-43.09296,DEL02-RJ,Risco Baixo,Alta
sábado,BR-110,341.5,Pleno dia,Decrescente,Céu Claro,Simples,Reta,-12.17066,-38.41371,DEL01-BA,Risco Médio,Baixa
domingo,BR-101,92.0,Pleno dia,Decrescente,Céu Claro,Dupla,Reta,-7.1892,-34.9032,DEL01-PB,Risco Médio,Alta
domingo,BR-116,171.2,Plena Noite,Crescente,Nublado,Simples,Não Informado,-25.8915,-49.51856,DEL01-PR,Risco Médio,Alta
quinta-feira,BR-116,703.1,Plena Noite,Decrescente,Céu Claro,Simples,Curva,-21.12682,-42.38322,DEL07-MG,Risco Médio,Alta
quinta-feira,BR-101,505.0,Pleno dia,Crescente,Nublado,Simples,Reta,-14.78501,-39.29026,DEL05-BA,Risco Médio,Alta
quinta-feira,BR-101,285.0,Plena Noite,Crescente,Céu Claro,Simples,Retorno Regulamentado,-20.25199,-40.37337,DEL01-ES,Risco Médio,Alta
terça-feira,BR-386,134.0,Pleno dia,Crescente,Céu Claro,Simples,Reta,-27.95364,-52.91637,DEL08-RS,Risco Alto,Média
quarta-feira,BR-369,178.8,Pleno dia,Decrescente,Céu Claro,Dupla,Reta,-23.36114,-51.39922,DEL07-PR,Risco Médio,Baixa
domingo,BR-381,294.0,Pleno dia,Crescente,Nublado,Simples,Não Informado,-19.62247,-42.85491,DEL03-MG,Risco Médio,Alta
sábado,BR-222,457.0,Anoitecer,Decrescente,Céu Claro,Simples,Curva,-4.163578,-46.01109,DEL02-MA,Risco Baixo,Baixa
domingo,BR-470,226.0,Plena Noite,Decrescente,Nevoeiro/Neblina,Dupla,Reta,-29.25486,-51.51141,DEL06-RS,Risco Médio,Baixa
domingo,BR-392,688.3,Plena Noite,Crescente,Chuva,Simples,Reta,-28.11094,-54.97816,DEL10-RS,Risco Médio,Média
quarta-feira,BR-381,211.7,Anoitecer,Crescente,Céu Claro,Simples,Não Informado,-19.25509,-42.34105,DEL06-MG,Risco Médio,Alta
domingo,BR-373,268.0,Plena Noite,Crescente,Nublado,Simples,Interseção de vias,-25.21271,-51.00815,DEL03-PR,Risco Médio,Baixa
segunda-feira,BR-101,64.5,Pleno dia,Decrescente,Nublado,Múltipla,Reta,-8.021973,-34.94271,DEL01-PE,Risco Médio,Alta
segunda-feira,BR-242,432.0,Pleno dia,Crescente,Céu Claro,Dupla,Reta,-12.42459,-42.11024,DEL10-BA,Risco Médio,Baixa
terça-feira,BR-467,80.4,Pleno dia,Decrescente,Céu Claro,Dupla,Curva,-24.7875,-53.6778,DEL04-PR,Risco Alto,Baixa
sexta-feira,BR-153,50.6,Plena Noite,Crescente,Céu Claro,Simples,Não Informado,-27.65623,-52.27555,DEL08-RS,Risco Médio,Alta
quinta-feira,BR-277,725.1,Plena Noite,Decrescente,Céu Claro,Dupla,Não Informado,-25.50975,-54.54788,DEL05-PR,Risco Médio,Média
quarta-feira,BR-262,569.8,Plena Noite,Decrescente,Nevoeiro/Neblina,Simples,Curva,-19.8249,-45.9063,DEL08-MG,Risco Médio,Média
domingo,BR-324,618.6,Plena Noite,Crescente,Céu Claro,Dupla,Reta,-12.89111,-38.44537,DEL01-BA,Risco Médio,Baixa
segunda-feira,BR-116,563.0,Pleno dia,Decrescente,Nublado,Simples,Interseção de vias,-31.92368,-52.71699,DEL07-RS,Risco Médio,Alta
segunda-feira,BR-365,30.6,Pleno dia,Decrescente,Nublado,Simples,Reta,-16.8668,-44.1628,DEL12-MG,Risco Médio,Média
domingo,BR-116,120.0,Pleno dia,Crescente,Céu Claro,Simples,Reta,-25.55122,-49.30504,DEL01-PR,Risco Baixo,Alta
terça-feira,BR-386,281.7,Pleno dia,Decrescente,Chuva,Simples,Curva,-29.03016,-52.3049,DEL04-RS,Risco Médio,Média
terça-feira,BR-392,213.2,Pleno dia,Decrescente,Céu Claro,Simples,Reta,-30.7835,-53.19364,DEL09-RS,Risco Médio,Média
sexta-feira,BR-101,148.0,Plena Noite,Decrescente,Céu Claro,Simples,Reta,-19.38787,-40.06753,DEL04-ES,Risco Alto,Alta
domingo,BR-116,94.0,Plena Noite,Crescente,Céu Claro,Dupla,Reta,-25.48954,-49.11202,DEL01-PR,Risco Baixo,Alta
domingo,BR-174,21.7,Plena Noite,Crescente,Nublado,Simples,Reta,-15.14769,-59.47998,DEL03-MT,Risco Médio,Baixa
terça-feira,BR-282,503.9,Pleno dia,Decrescente,Sol,Dupla,Reta,-26.88492,-52.39979,DEL07-SC,Risco Baixo,Baixa
sábado,BR-101,271.9,Plena Noite,Crescente,Chuva,Dupla,Reta,-28.11012,-48.70211,DEL02-SC,Risco Baixo,Alta
domingo,BR-116,279.9,Pleno dia,Crescente,Céu Claro,Simples,Curva,-17.88316,-41.52319,DEL11-MG,Risco Médio,Alta
quinta-feira,BR-226,507.2,Pleno dia,Decrescente,Céu Claro,Simples,Reta,-6.136433,-46.86722,DEL04-MA,Risco Baixo,Baixa
sábado,BR-290,54.0,Pleno dia,Crescente,Céu Claro,Dupla,Reta,-29.91264,-50.7981,DEL03-RS,Risco Médio,Baixa
sábado,BR-116,228.0,Plena Noite,Decrescente,Nublado,Múltipla,Reta,-23.50522,-46.56896,DEL01-SP,Risco Médio,Alta
segunda-feira,BR-282,245.6,Pleno dia,Decrescente,Céu Claro,Simples,Rotatória,-27.79988,-50.36334,DEL05-SC,Risco Baixo,Baixa
quinta-feira,BR-316,37.6,Pleno dia,Crescente,Céu Claro,Dupla,Reta,-1.285226,-48.14869,DEL01-PA,Risco Médio,Baixa
quarta-feira,BR-60,26.0,Pleno dia,Crescente,Céu Claro,Dupla,Desvio Temporário,-16.0035,-48.24528,DEL01-DF,Risco Médio,Média
domingo,BR-70,7.0,Plena Noite,Decrescente,Céu Claro,Múltipla,Reta,-15.7876,-48.11443,DEL01-DF,Risco Médio,Baixa
terça-feira,BR-316,228.0,Pleno dia,Decrescente,Céu Claro,Simples,Reta,-3.531777,-45.62154,DEL02-MA,Risco Baixo,Baixa
terça-feira,BR-40,68.0,Pleno dia,Decrescente,Céu Claro,Dupla,Reta,-22.44635,-43.19545,DEL06-RJ,Risco Médio,Alta
sexta-feira,BR-101,129.0,Pleno dia,Crescente,Céu Claro,Dupla,Viaduto,-9.755352,-36.06945,DEL02-AL,Risco Médio,Alta
segunda-feira,BR-425,138.0,Pleno dia,Decrescente,Céu Claro,Dupla,Reta,-10.75435,-65.30587,DEL01-RO,Risco Médio,Baixa
domingo,BR-316,552.0,Plena Noite,Decrescente,Nublado,Dupla,Rotatória,-4.886244,-43.35437,DEL03-MA,Risco Médio,Baixa
segunda-feira,BR-381,568.7,Pleno dia,Crescente,Nublado,Dupla,Reta,-20.42649,-44.54458,DEL04-MG,Risco Médio,Alta
sexta-feira,BR-116,57.0,Amanhecer,Decrescente,Nevoeiro/Neblina,Dupla,Reta,-25.28856,-48.933,DEL01-PR,Risco Baixo,Alta
domingo,BR-277,45.0,Pleno dia,Crescente,Garoa/Chuvisco,Dupla,Não Informado,-25.59496,-48.89748,DEL01-PR,Risco Baixo,Média