dia_semana,br,km,fase_dia,sentido_via,condicao_metereologica,tipo_pista,tracado_via,latitude,longitude,delegacia,classificacao_acidente,postos_policiais_PRF
terça-feira,BR-116,243.6,Pleno dia,Decrescente,Céu Claro,Dupla,Reta,-29.73196,-51.14952,DEL01-RS,Risco Médio,Alta
quinta-feira,BR-354,761.8,Pleno dia,Decrescente,Céu Claro,Simples,Desvio Temporário,-22.33198,-44.83083,DEL05-MG,Risco Baixo,Baixa
sexta-feira,BR-153,760.0,Pleno dia,Crescente,Céu Claro,Simples,Reta,-12.51654,-49.11301,DEL02-TO,Risco Baixo,Alta
quinta-feira,BR-60,57.7,Pleno dia,Crescente,Nublado,Dupla,Reta,-16.18921,-48.68186,DEL02-GO,Risco Baixo,Média
terça-feira,BR-280,36.1,Plena Noite,Decrescente,Nublado,Simples,Reta,-26.44202,-48.80964,DEL03-SC,Risco Médio,Baixa
sexta-feira,BR-116,164.0,Pleno dia,Crescente,Céu Claro,Múltipla,Reta,-22.81549,-43.29087,DEL01-RJ,Risco Médio,Alta
quarta-feira,BR-116,294.5,Plena Noite,Decrescente,Nevoeiro/Neblina,Dupla,Reta,-22.44937,-44.32171,DEL07-RJ,Risco Baixo,Alta
sábado,BR-110,315.0,Anoitecer,Decrescente,Céu Claro,Simples,Reta,-11.99458,-38.36971,DEL01-BA,Risco Alto,Baixa
quarta-feira,BR-20,23.0,Plena Noite,Crescente,Céu Claro,Dupla,Curva,-15.5953,-47.66791,DEL02-DF,Risco Alto,Baixa
quarta-feira,BR-101,426.7,Pleno dia,Crescente,Nublado,Simples,Curva,-21.00771,-41.13889,DEL03-ES,Risco Médio,Alta
quarta-feira,BR-101,201.0,Pleno dia,Decrescente,Sol,Múltipla,Reta,-27.54837,-48.61978,DEL01-SC,Risco Médio,Alta
sábado,BR-367,79.0,Plena Noite,Decrescente,Nublado,Simples,Reta,-16.36748,-39.53592,DEL09-BA,Risco Médio,Baixa
terça-feira,BR-393,178.0,Pleno dia,Decrescente,Garoa/Chuvisco,Simples,Reta,-22.12634,-43.22812,DEL05-RJ,Risco Baixo,Média
sábado,BR-116,113.4,Pleno dia,Decrescente,Sol,Dupla,Reta,-23.04507,-45.58431,DEL06-SP,Risco Médio,Alta
quarta-feira,BR-408,105.0,Pleno dia,Crescente,Chuva,Dupla,Reta,-8.073094,-34.99191,DEL01-PE,Risco Baixo,Baixa
terça-feira,BR-60,305.6,Pleno dia,Crescente,Céu Claro,Dupla,Reta,-17.3862,-50.375,DEL04-GO,Risco Médio,Média
sexta-feira,BR-262,773.5,Pleno dia,Decrescente,Chuva,Simples,Reta,-19.6852,-47.67621,DEL13-MG,Risco Médio,Média
quarta-feira,BR-364,270.8,Plena Noite,Decrescente,Céu Claro,Dupla,Não Informado,-15.96898,-54.94463,DEL02-MT,Risco Médio,Alta
quarta-feira,BR-386,437.5,Pleno dia,Crescente,Céu Claro,Dupla,Reta,-29.85803,-51.26123,DEL04-RS,Risco Médio,Média
segunda-feira,BR-259,103.5,Plena Noite,Crescente,Nublado,Simples,Reta,-19.51937,-41.01618,DEL02-ES,Risco Médio,Baixa
sábado,BR-232,7.5,Plena Noite,Decrescente,Nublado,Dupla,Reta,-8.074927,-34.96642,DEL01-PE,Risco Médio,Baixa
quinta-feira,BR-470,228.0,Pleno dia,Crescente,Céu Claro,Simples,Reta,-29.2658,-51.50049,DEL06-RS,Risco Médio,Baixa
quinta-feira,BR-116,211.0,Anoitecer,Decrescente,Céu Claro,Múltipla,Reta,-23.43243,-46.41944,DEL01-SP,Risco Médio,Alta
terça-feira,BR-381,801.0,Pleno dia,Crescente,Céu Claro,Dupla,Reta,-21.93831,-45.61462,DEL16-MG,Risco Baixo,Alta
terça-feira,BR-364,47.0,Anoitecer,Decrescente,Céu Claro,Simples,Não Informado,-18.8276,-50.87345,DEL05-GO,Risco Médio,Alta
sábado,BR-101,83.0,Pleno dia,Decrescente,Chuva,Simples,Reta,-11.97782,-38.20215,DEL01-BA,Risco Médio,Alta
sábado,BR-116,258.0,Pleno dia,Decrescente,Céu Claro,Múltipla,Rotatória,-29.85851,-51.18117,DEL01-RS,Risco Médio,Alta
domingo,BR-319,63.4,Pleno dia,Crescente,Nublado,Dupla,Interseção de vias,-8.759651,-63.88601,DEL01-RO,Risco Médio,Baixa
segunda-feira,BR-376,616.0,Pleno dia,Decrescente,Nublado,Dupla,Não Informado,-25.57584,-49.17954,DEL01-PR,Risco Baixo,Baixa
sábado,BR-116,691.0,Pleno dia,Decrescente,Céu Claro,Simples,Reta,-13.92076,-40.15667,DEL03-BA,Risco Médio,Alta
segunda-feira,BR-163,479.0,Plena Noite,Crescente,Céu Claro,Simples,Reta,-20.48732,-54.55929,DEL01-MS,Risco Médio,Alta
sexta-feira,BR-407,6.0,Pleno dia,Decrescente,Céu Claro,Simples,Reta,-9.455955,-40.48656,DEL06-PE,Risco Baixo,Baixa
sexta-feira,BR-222,675.0,Plena Noite,Crescente,Nublado,Simples,Desvio Temporário,-4.9534,-47.48715,DEL04-MA,Risco Médio,Baixa
sábado,BR-381,83.7,Amanhecer,Crescente,Céu Claro,Múltipla,Reta,-23.43097,-46.56998,DEL03-SP,Risco Médio,Alta
quarta-feira,BR-373,265.0,Pleno dia,Crescente,Céu Claro,Simples,Interseção de vias,-25.20601,-50.99774,DEL03-PR,Risco Baixo,Baixa
sexta-feira,BR-101,298.0,Pleno dia,Decrescente,Céu Claro,Simples,Reta,-20.35404,-40.41583,DEL01-ES,Risco Médio,Alta
sábado,BR-101,362.0,Plena Noite,Crescente,Garoa/Chuvisco,Dupla,Não Informado,-28.67136,-49.12226,DEL02-SC,Risco Médio,Alta
quarta-feira,BR-40,555.8,Pleno dia,Crescente,Chuva,Dupla,Reta,-20.0943,-43.9755,DEL01-MG,Risco Médio,Alta
sexta-feira,BR-365,656.1,Plena Noite,Crescente,Garoa/Chuvisco,Dupla,Não Informado,-18.86968,-48.58536,DEL15-MG,Risco Médio,Média
quarta-feira,BR-163,224.4,Pleno dia,Crescente,Céu Claro,Simples,Reta,-22.5092,-54.86355,DEL04-MS,Risco Médio,Alta
segunda-feira,BR-116,242.0,Anoitecer,Decrescente,Garoa/Chuvisco,Dupla,Reta,-29.71797,-51.14813,DEL01-RS,Risco Médio,Alta
sábado,BR-470,213.0,Plena Noite,Crescente,Céu Claro,Múltipla,Reta,-29.1387,-51.54271,DEL06-RS,Risco Médio,Baixa
quinta-feira,BR-101,229.0,Pleno dia,Crescente,Céu Claro,Múltipla,Viaduto,-27.76889,-48.63205,DEL01-SC,Risco Médio,Alta
quinta-feira,BR-262,418.9,Amanhecer,Decrescente,Céu Claro,Dupla,Curva,-19.88252,-44.76195,DEL08-MG,Risco Médio,Média
segunda-feira,BR-343,343.7,Plena Noite,Crescente,Chuva,Simples,Não Informado,-5.09353,-42.76231,DEL01-PI,Risco Médio,Baixa
domingo,BR-101,236.9,Anoitecer,Crescente,Nublado,Dupla,Reta,-27.82629,-48.63035,DEL01-SC,Risco Médio,Alta
segunda-feira,BR-101,296.0,Plena Noite,Crescente,Nublado,Dupla,Curva,-22.76705,-42.9102,DEL02-RJ,Risco Médio,Alta
segunda-feira,BR-493,19.0,Pleno dia,Crescente,Céu Claro,Simples,Reta,-22.66639,-43.0277,DEL04-RJ,Risco Médio,Baixa
terça-feira,BR-153,372.2,Plena Noite,Crescente,Nublado,Simples,Reta,-15.84329,-49.27089,DEL02-GO,Risco Médio,Alta
sexta-feira,BR-282,211.0,Pleno dia,Crescente,Céu Claro,Simples,Curva,-27.78022,-50.24174,DEL05-SC,Risco Médio,Baixa
quinta-feira,BR-427,105.3,Plena Noite,Decrescente,Céu Claro,Simples,Reta,-6.446837,-37.14928,DEL03-RN,Risco Baixo,Baixa
sábado,BR-365,485.9,Pleno dia,Crescente,Céu Claro,Simples,Interseção de vias,-18.89752,-47.10247,DEL10-MG,Risco Médio,Média
terça-feira,BR-163,1050.0,Plena Noite,Crescente,Céu Claro,Simples,Não Informado,-10.07268,-54.90695,DEL06-MT,Risco Alto,Alta
sábado,BR-40,1.4,Plena Noite,Decrescente,Céu Claro,Dupla,Reta,-16.05838,-47.98268,DEL01-DF,Risco Médio,Alta
domingo,BR-101,346.6,Plena Noite,Decrescente,Céu Claro,Dupla,Não Informado,-28.55923,-49.05486,DEL02-SC,Risco Médio,Alta
domingo,BR-116,521.0,Pleno dia,Crescente,Garoa/Chuvisco,Simples,Curva,-24.89444,-48.24499,DEL05-SP,Risco Baixo,Alta
domingo,BR-364,435.0,Pleno dia,Crescente,Nublado,Simples,Desvio Temporário,-10.36997,-62.56042,DEL03-RO,Risco Baixo,Alta
sexta-feira,BR-10,299.0,Pleno dia,Decrescente,Sol,Simples,Reta,-5.11758,-47.54896,DEL04-MA,Risco Médio,Baixa
sábado,BR-153,313.0,Plena Noite,Crescente,Nevoeiro/Neblina,Simples,Reta,-22.70494,-49.89029,DEL07-SP,Risco Baixo,Alta
quinta-feira,BR-230,117.3,Pleno dia,Decrescente,Garoa/Chuvisco,Dupla,Reta,-7.2393,-35.6128,DEL02-PB,Risco Médio,Baixa
terça-feira,BR-101,328.2,Pleno dia,Crescente,Sol,Dupla,Reta,-28.43828,-48.96114,DEL02-SC,Risco Médio,Alta
sexta-feira,BR-364,51.3,Plena Noite,Crescente,Céu Claro,Simples,Não Informado,-16.9965,-53.5033,DEL02-MT,Risco Baixo,Alta
quinta-feira,BR-116,163.0,Plena Noite,Decrescente,Céu Claro,Dupla,Reta,-22.81611,-43.32403,DEL01-RJ,Risco Médio,Alta
segunda-feira,BR-290,174.3,Plena Noite,Crescente,Céu Claro,Simples,Interseção de vias,-30.12904,-51.9592,DEL02-RS,Risco Médio,Baixa
domingo,BR-116,552.7,Pleno dia,Decrescente,Nublado,Simples,Reta,-19.98477,-42.14343,DEL06-MG,Risco Médio,Alta
sexta-feira,BR-40,2.2,Pleno dia,Crescente,Céu Claro,Dupla,Reta,-15.99813,-47.98508,DEL01-DF,Risco Baixo,Alta
terça-feira,BR-101,243.0,Pleno dia,Decrescente,Céu Claro,Dupla,Reta,-27.8961,-48.6484,DEL01-SC,Risco Baixo,Alta
sexta-feira,BR-116,122.0,Pleno dia,Decrescente,Nublado,Dupla,Reta,-23.08192,-45.66155,DEL02-SP,Risco Alto,Alta
sábado,BR-242,422.2,Anoitecer,Decrescente,Céu Claro,Simples,Reta,-11.7971,-49.52928,DEL02-TO,Risco Médio,Baixa
sábado,BR-222,127.9,Pleno dia,Crescente,Chuva,Simples,Curva,-3.708726,-39.62082,DEL04-CE,Risco Baixo,Baixa
sábado,BR-277,67.0,Pleno dia,Crescente,Nublado,Dupla,Reta,-25.52831,-49.09028,DEL01-PR,Risco Médio,Média
terça-feira,BR-425,98.0,Pleno dia,Decrescente,Céu Claro,Simples,Reta,-10.41283,-65.33131,DEL01-RO,Risco Médio,Baixa
domingo,BR-452,3.5,Plena Noite,Crescente,Céu Claro,Dupla,Retorno Regulamentado,-17.80066,-50.87743,DEL04-GO,Risco Baixo,Baixa
sexta-feira,BR-116,281.0,Pleno dia,Decrescente,Sol,Dupla,Reta,-23.67785,-46.85769,DEL04-SP,Risco Médio,Alta
sexta-feira,BR-116,224.0,Pleno dia,Decrescente,Garoa/Chuvisco,Múltipla,Reta,-23.48072,-46.53272,DEL01-SP,Risco Médio,Alta
terça-feira,BR-290,95.0,Pleno dia,Crescente,Céu Claro,Múltipla,Curva,-29.98283,-51.20157,DEL01-RS,Risco Médio,Baixa
sábado,BR-110,357.0,Pleno dia,Crescente,Céu Claro,Simples,Curva,-12.2801,-38.3705,DEL01-BA,Risco Alto,Baixa
quinta-feira,BR-70,6.6,Plena Noite,Decrescente,Céu Claro,Múltipla,Reta,-15.75049,-48.26124,DEL01-DF,Risco Baixo,Baixa
sábado,BR-116,91.0,Pleno dia,Crescente,Céu Claro,Dupla,Curva,-25.46962,-49.09184,DEL01-PR,Risco Baixo,Alta
domingo,BR-222,227.0,Amanhecer,Decrescente,Céu Claro,Simples,Reta,-5.215363,-49.049,DEL03-PA,Risco Médio,Baixa
terça-feira,BR-408,94.0,Pleno dia,Decrescente,Céu Claro,Dupla,Reta,-8.01227,-35.04248,DEL01-PE,Risco Baixo,Baixa
quinta-feira,BR-116,152.3,Plena Noite,Crescente,Nublado,Dupla,Curva,-29.18287,-51.16857,DEL05-RS,Risco Médio,Alta
segunda-feira,BR-381,477.0,Plena Noite,Decrescente,Céu Claro,Dupla,Reta,-19.95972,-44.03387,DEL01-MG,Risco Médio,Alta
quinta-feira,BR-174,1.0,Pleno dia,Decrescente,Céu Claro,Simples,Reta,-15.24475,-59.31629,DEL04-MT,Risco Médio,Baixa
segunda-feira,BR-304,119.3,Pleno dia,Decrescente,Céu Claro,Simples,Reta,-5.629953,-36.86423,DEL04-RN,Risco Médio,Baixa
segunda-feira,BR-381,6.0,Plena Noite,Crescente,Céu Claro,Dupla,Reta,-22.90396,-46.42171,DEL03-SP,Risco Médio,Alta
quarta-feira,BR-40,526.0,Pleno dia,Decrescente,Sol,Dupla,Reta,-19.89585,-44.04961,DEL01-MG,Risco Médio,Alta
quinta-feira,BR-381,938.1,Plena Noite,Decrescente,Nevoeiro/Neblina,Dupla,Curva,-22.81261,-46.2854,DEL16-MG,Risco Baixo,Alta
sexta-feira,BR-280,288.3,Plena Noite,Decrescente,Nublado,Simples,Reta,-26.29663,-50.90527,DEL06-SC,Risco Médio,Baixa
sexta-feira,BR-436,1.0,Pleno dia,Crescente,Céu Claro,Dupla,Ponte,-20.11223,-50.99536,DEL08-MS,Risco Médio,Baixa
quinta-feira,BR-116,5.8,Plena Noite,Crescente,Céu Claro,Simples,Viaduto,-3.794671,-38.50773,DEL01-CE,Risco Médio,Alta
quarta-feira,BR-493,5.0,Pleno dia,Crescente,Chuva,Dupla,Reta,-22.73999,-42.95375,DEL02-RJ,Risco Médio,Baixa
terça-feira,BR-101,459.0,Plena Noite,Crescente,Céu Claro,Simples,Curva,-23.03863,-44.19056,DEL03-RJ,Risco Médio,Alta
domingo,BR-116,195.0,Plena Noite,Decrescente,Céu Claro,Simples,Reta,-29.46042,-51.13977,DEL05-RS,Risco Médio,Alta
sábado,BR-364,104.0,Amanhecer,Decrescente,Céu Claro,Simples,Reta,-16.84188,-53.79768,DEL02-MT,Risco Médio,Alta
domingo,BR-364,240.6,Pleno dia,Decrescente,Céu Claro,Simples,Não Informado,-11.43899,-61.47577,DEL02-RO,Risco Médio,Alta
terça-feira,BR-101,494.0,Pleno dia,Decrescente,Céu Claro,Simples,Curva,-22.93566,-44.31791,DEL03-RJ,Risco Médio,Alta
segunda-feira,BR-116,275.0,Plena Noite,Decrescente,Chuva,Dupla,Reta,-23.63639,-46.83252,DEL04-SP,Risco Médio,Alta
segunda-feira,BR-230,511.0,Anoitecer,Crescente,Nublado,Simples,Reta,-7.409394,-46.9226,DEL05-MA,Risco Alto,Baixa
quarta-feira,BR-381,77.6,Plena Noite,Crescente,Nublado,Dupla,Não Informado,-23.37693,-46.56418,DEL03-SP,Risco Médio,Alta
terça-feira,BR-392,672.6,Pleno dia,Decrescente,Céu Claro,Simples,Rotatória,-28.12942,-54.88719,DEL10-RS,Risco Médio,Média
quarta-feira,BR-104,49.0,Plena Noite,Decrescente,Céu Claro,Simples,Reta,-6.772399,-36.00633,DEL02-PB,Risco Alto,Baixa
terça-feira,BR-290,86.0,Plena Noite,Decrescente,Céu Claro,Dupla,Curva,-29.9682,-51.1166,DEL01-RS,Risco Médio,Baixa
domingo,BR-319,64.0,Plena Noite,Crescente,Céu Claro,Múltipla,Reta,-8.7663,-63.88456,DEL01-RO,Risco Médio,Baixa
sábado,BR-135,127.9,Amanhecer,Decrescente,Céu Claro,Simples,Reta,-3.568291,-44.58306,DEL01-MA,Risco Médio,Baixa
sexta-feira,BR-365,440.8,Amanhecer,Crescente,Céu Claro,Simples,Curva,-18.79686,-46.73372,DEL10-MG,Risco Baixo,Média
segunda-feira,BR-381,477.0,Pleno dia,Decrescente,Nublado,Dupla,Não Informado,-19.95974,-44.03391,DEL01-MG,Risco Médio,Alta
terça-feira,BR-116,276.0,Anoitecer,Decrescente,Nublado,Dupla,Reta,-23.64262,-46.83811,DEL04-SP,Risco Médio,Alta
sábado,BR-392,16.6,Plena Noite,Decrescente,Nevoeiro/Neblina,Simples,Reta,-32.09635,-52.16647,DEL07-RS,Risco Médio,Média
sexta-feira,BR-365,622.0,Pleno dia,Decrescente,Garoa/Chuvisco,Dupla,Interseção de vias,-18.8974,-48.2715,DEL15-MG,Risco Médio,Média
sexta-feira,BR-40,314.9,Plena Noite,Crescente,Céu Claro,Simples,Reta,-18.46472,-45.05935,DEL14-MG,Risco Médio,Alta
sexta-feira,BR-365,629.0,Amanhecer,Crescente,Chuva,Dupla,Interseção de vias,-18.90566,-48.33756,DEL15-MG,Risco Médio,Média
sábado,BR-101,485.0,Plena Noite,Crescente,Nublado,Simples,Reta,-22.98574,-44.2971,DEL03-RJ,Risco Médio,Alta
sexta-feira,BR-304,299.0,Plena Noite,Crescente,Céu Claro,Dupla,Reta,-5.870959,-35.3236,DEL01-RN,Risco Médio,Baixa
terça-feira,BR-116,218.0,Pleno dia,Crescente,Céu Claro,Múltipla,Reta,-23.45797,-46.47993,DEL01-SP,Risco Baixo,Alta
domingo,BR-367,81.8,Pleno dia,Decrescente,Céu Claro,Simples,Reta,-16.37176,-39.55261,DEL09-BA,Risco Médio,Baixa
quinta-feira,BR-470,226.0,Pleno dia,Decrescente,Céu Claro,Dupla,Interseção de vias,-29.21556,-51.51744,DEL06-RS,Risco Médio,Baixa
segunda-feira,BR-423,46.0,Plena Noite,Decrescente,Céu Claro,Simples,Desvio Temporário,-8.540619,-36.26852,DEL03-PE,Risco Médio,Baixa
terça-feira,BR-232,5.0,Pleno dia,Decrescente,Céu Claro,Simples,Curva,-8.067958,-34.94535,DEL01-PE,Risco Médio,Baixa
terça-feira,BR-232,534.0,Plena Noite,Crescente,Nublado,Simples,Desvio Temporário,-8.077892,-39.35024,DEL05-PE,Risco Médio,Baixa
sexta-feira,BR-116,3.0,Anoitecer,Decrescente,Céu Claro,Múltipla,Reta,-3.784659,-38.5122,DEL01-CE,Risco Médio,Alta
terça-feira,BR-476,257.8,Plena Noite,Decrescente,Céu Claro,Simples,Reta,-25.8889,-50.21663,DEL02-PR,Risco Alto,Baixa
sábado,BR-262,607.9,Pleno dia,Crescente,Chuva,Simples,Reta,-19.62458,-46.26931,DEL08-MG,Risco Médio,Média
segunda-feira,BR-230,38.0,Plena Noite,Decrescente,Céu Claro,Dupla,Não Informado,-7.13641,-34.96665,DEL01-PB,Risco Alto,Baixa
segunda-feira,BR-60,25.0,Anoitecer,Crescente,Céu Claro,Dupla,Desvio Temporário,-16.11068,-48.44563,DEL01-DF,Risco Médio,Média
sexta-feira,BR-40,714.8,Pleno dia,Crescente,Sol,Dupla,Interseção de vias,-21.26561,-43.65832,DEL05-MG,Risco Médio,Alta
quinta-feira,BR-472,623.0,Anoitecer,Crescente,Céu Claro,Simples,Reta,-30.16055,-57.41445,DEL13-RS,Risco Baixo,Baixa
domingo,BR-101,173.0,Pleno dia,Decrescente,Chuva,Dupla,Reta,-27.3307,-48.6267,DEL04-SC,Risco Médio,Alta
sexta-feira,BR-101,158.0,Plena Noite,Crescente,Céu Claro,Dupla,Reta,-27.19096,-48.61259,DEL04-SC,Risco Baixo,Alta
sexta-feira,BR-101,70.0,Pleno dia,Crescente,Céu Claro,Dupla,Reta,-8.077,-34.9353,DEL01-PE,Risco Baixo,Alta
quinta-feira,BR-364,89.0,Pleno dia,Decrescente,Céu Claro,Simples,Reta,-18.50923,-51.06792,DEL05-GO,Risco Médio,Alta
terça-feira,BR-230,105.0,Pleno dia,Crescente,Céu Claro,Simples,Desvio Temporário,-6.877311,-39.5108,DEL05-CE,Risco Alto,Baixa
domingo,BR-101,268.0,Plena Noite,Crescente,Céu Claro,Dupla,Reta,-22.71132,-42.66929,DEL02-RJ,Risco Médio,Alta
segunda-feira,BR-116,349.2,Amanhecer,Crescente,Nublado,Simples,Reta,-18.38528,-41.80212,DEL11-MG,Risco Alto,Alta
quinta-feira,BR-316,35.0,Plena Noite,Decrescente,Céu Claro,Dupla,Retorno Regulamentado,-1.291462,-48.16456,DEL01-PA,Risco Alto,Baixa
domingo,BR-369,201.0,Plena Noite,Decrescente,Céu Claro,Simples,Reta,-23.53667,-51.45667,DEL07-PR,Risco Médio,Baixa
quarta-feira,BR-287,355.3,Anoitecer,Decrescente,Céu Claro,Simples,Não Informado,-29.48272,-54.68921,DEL12-RS,Risco Baixo,Baixa
quarta-feira,BR-230,152.5,Pleno dia,Crescente,Sol,Simples,Não Informado,-7.274464,-35.88705,DEL02-PB,Risco Médio,Baixa
quinta-feira,BR-70,272.0,Plena Noite,Crescente,Céu Claro,Simples,Reta,-15.53759,-54.22947,DEL05-MT,Risco Médio,Baixa
segunda-feira,BR-232,5.0,Plena Noite,Decrescente,Céu Claro,Dupla,Reta,-8.067958,-34.94535,DEL01-PE,Risco Médio,Baixa
sexta-feira,BR-60,83.9,Pleno dia,Crescente,Nublado,Dupla,Não Informado,-16.3149,-48.846,DEL02-GO,Risco Médio,Média
quarta-feira,BR-364,522.0,Pleno dia,Decrescente,Céu Claro,Simples,Reta,-9.862975,-63.05827,DEL03-RO,Risco Baixo,Alta
domingo,BR-163,746.0,Anoitecer,Crescente,Ignorado,Simples,Reta,-12.70074,-55.81389,DEL06-MT,Risco Médio,Alta
segunda-feira,BR-116,519.8,Pleno dia,Crescente,Sol,Múltipla,Reta,-31.69436,-52.35552,DEL07-RS,Risco Baixo,Alta
segunda-feira,BR-101,65.5,Pleno dia,Crescente,Sol,Dupla,Reta,-18.71652,-39.87436,DEL04-ES,Risco Médio,Alta
domingo,BR-308,204.0,Amanhecer,Crescente,Ignorado,Simples,Desvio Temporário,-1.064988,-46.7597,DEL01-PA,Risco Médio,Baixa
segunda-feira,BR-135,52.3,Plena Noite,Crescente,Nevoeiro/Neblina,Simples,Curva,-2.982251,-44.31356,DEL01-MA,Risco Alto,Baixa
domingo,BR-60,27.0,Pleno dia,Crescente,Céu Claro,Dupla,Não Informado,-16.10195,-48.46005,DEL01-DF,Risco Médio,Média
sexta-feira,BR-116,270.1,Pleno dia,Decrescente,Céu Claro,Dupla,Reta,-23.60751,-46.76198,DEL04-SP,Risco Médio,Alta
sexta-feira,BR-70,279.5,Pleno dia,Crescente,Céu Claro,Simples,Reta,-15.5708,-54.3129,DEL05-MT,Risco Médio,Baixa
sexta-feira,BR-101,29.1,Pleno dia,Crescente,Céu Claro,Dupla,Reta,-26.2119,-48.9159,DEL03-SC,Risco Médio,Alta
domingo,BR-280,51.5,Plena Noite,Crescente,Céu Claro,Simples,Interseção de vias,-26.46698,-48.96011,DEL03-SC,Risco Médio,Baixa
domingo,BR-101,286.0,Pleno dia,Crescente,Sol,Dupla,Reta,-20.29267,-40.39226,DEL01-ES,Risco Médio,Alta
domingo,BR-381,362.0,Pleno dia,Crescente,Chuva,Simples,Curva,-19.84961,-43.20885,DEL03-MG,Risco Médio,Alta
segunda-feira,BR-116,149.0,Plena Noite,Crescente,Céu Claro,Dupla,Interseção de vias,-29.15997,-51.15645,DEL05-RS,Risco Médio,Alta
sexta-feira,BR-101,80.0,Pleno dia,Decrescente,Sol,Dupla,Curva,-8.151126,-34.94289,DEL01-PE,Risco Médio,Alta
domingo,BR-406,168.0,Pleno dia,Decrescente,Céu Claro,Dupla,Reta,-5.752695,-35.31535,DEL02-RN,Risco Médio,Baixa
segunda-feira,BR-40,3.0,Plena Noite,Crescente,Céu Claro,Dupla,Reta,-16.07608,-47.98567,DEL01-DF,Risco Baixo,Alta
sábado,BR-101,280.0,Plena Noite,Crescente,Céu Claro,Dupla,Reta,-28.20669,-48.69675,DEL02-SC,Risco Médio,Alta
segunda-feira,BR-158,563.5,Plena Noite,Crescente,Céu Claro,Simples,Interseção de vias,-30.85803,-55.50164,DEL11-RS,Risco Médio,Baixa
quinta-feira,BR-324,5.7,Plena Noite,Decrescente,Céu Claro,Dupla,Reta,-12.27962,-38.98087,DEL02-BA,Risco Médio,Baixa
quinta-feira,BR-163,21.7,Plena Noite,Crescente,Céu Claro,Simples,Não Informado,-23.91838,-54.28944,DEL09-MS,Risco Médio,Alta
domingo,BR-282,460.1,Pleno dia,Crescente,Céu Claro,Simples,Reta,-26.8777,-52.01524,DEL07-SC,Risco Médio,Baixa
domingo,BR-116,204.5,Plena Noite,Crescente,Céu Claro,Múltipla,Reta,-23.41386,-46.36388,DEL01-SP,Risco Médio,Alta
sexta-feira,BR-290,93.0,Pleno dia,Crescente,Chuva,Múltipla,Curva,-29.97111,-51.1933,DEL01-RS,Risco Médio,Baixa
terça-feira,BR-116,490.0,Amanhecer,Crescente,Céu Claro,Simples,Não Informado,-19.46463,-42.133,DEL06-MG,Risco Médio,Alta
quarta-feira,BR-110,19.8,Plena Noite,Decrescente,Nublado,Simples,Curva,-9.402343,-38.24131,DEL07-BA,Risco Médio,Baixa
segunda-feira,BR-282,3.0,Pleno dia,Decrescente,Céu Claro,Dupla,Reta,-27.60038,-48.59971,DEL01-SC,Risco Baixo,Baixa
sábado,BR-174,507.0,Pleno dia,Decrescente,Céu Claro,Dupla,Interseção de vias,2.827078,-60.69739,DEL01-RR,Risco Médio,Baixa
sábado,BR-293,182.0,Plena Noite,Crescente,Céu Claro,Simples,Reta,-31.2903,-54.0701,DEL11-RS,Risco Baixo,Baixa
quinta-feira,BR-116,125.0,Plena Noite,Decrescente,Céu Claro,Dupla,Curva,-22.66344,-43.11619,DEL02-RJ,Risco Médio,Alta
domingo,BR-392,0.5,Plena Noite,Crescente,Céu Claro,Simples,Reta,-32.11448,-52.11128,DEL07-RS,Risco Médio,Média
quinta-feira,BR-232,133.1,Plena Noite,Decrescente,Vento,Dupla,Reta,-8.30608,-36.01576,DEL02-PE,Risco Médio,Baixa
quarta-feira,BR-116,232.0,Pleno dia,Crescente,Céu Claro,Simples,Reta,-29.63275,-51.14333,DEL01-RS,Risco Médio,Alta
sexta-feira,BR-40,107.7,Pleno dia,Crescente,Nublado,Dupla,Reta,-16.81276,-47.66195,DEL01-DF,Risco Médio,Alta
sábado,BR-40,11.8,Pleno dia,Crescente,Céu Claro,Dupla,Reta,-16.13834,-47.95164,DEL01-DF,Risco Médio,Alta
quinta-feira,BR-101,86.8,Pleno dia,Decrescente,Chuva,Dupla,Curva,-21.8223,-41.45987,DEL08-RJ,Risco Baixo,Alta
segunda-feira,BR-101,72.0,Pleno dia,Crescente,Céu Claro,Dupla,Reta,-8.084931,-34.94506,DEL01-PE,Risco Médio,Alta
quinta-feira,BR-50,73.0,Plena Noite,Decrescente,Céu Claro,Dupla,Interseção de vias,-18.90034,-48.23963,DEL15-MG,Risco Médio,Média
sábado,BR-381,38.0,Plena Noite,Decrescente,Chuva,Dupla,Reta,-23.11332,-46.57175,DEL03-SP,Risco Baixo,Alta
sábado,BR-116,15.0,Pleno dia,Crescente,Céu Claro,Múltipla,Reta,-3.882188,-38.50118,DEL01-CE,Risco Médio,Alta
domingo,BR-60,26.0,Pleno dia,Decrescente,Chuva,Dupla,Não Informado,-16.0963,-48.5202,DEL01-DF,Risco Médio,Média
domingo,BR-230,18.9,Pleno dia,Decrescente,Sol,Dupla,Curva,-7.128733,-34.84882,DEL01-PB,Risco Médio,Baixa
domingo,BR-493,22.0,Plena Noite,Crescente,Céu Claro,Simples,Reta,-22.65931,-43.0533,DEL02-RJ,Risco Médio,Baixa
segunda-feira,BR-101,407.9,Plena Noite,Crescente,Céu Claro,Simples,Curva,-20.89112,-41.03914,DEL03-ES,Risco Médio,Alta
quarta-feira,BR-101,266.0,Amanhecer,Decrescente,Nublado,Dupla,Reta,-20.1902,-40.26829,DEL02-ES,Risco Médio,Alta