dia_semana,br,km,fase_dia,sentido_via,condicao_metereologica,tipo_pista,tracado_via,latitude,longitude,delegacia,classificacao_acidente,postos_policiais_PRF
quinta-feira,BR-470,219.0,Pleno dia,Crescente,Céu Claro,Simples,Reta,-29.17909,-51.51856,DEL06-RS,Risco Médio,Baixa
domingo,BR-101,182.0,Plena Noite,Crescente,Céu Claro,Simples,Reta,-11.37258,-37.65359,DEL02-SE,Risco Médio,Alta
quinta-feira,BR-324,624.0,Plena Noite,Crescente,Céu Claro,Dupla,Reta,-12.93384,-38.47191,DEL01-BA,Risco Médio,Baixa
segunda-feira,BR-324,560.0,Pleno dia,Decrescente,Chuva,Dupla,Não Informado,-12.4925,-38.65367,DEL01-BA,Risco Médio,Baixa
domingo,BR-40,141.0,Anoitecer,Decrescente,Céu Claro,Simples,Curva,-17.7378,-46.1977,DEL14-MG,Risco Médio,Alta
segunda-feira,BR-101,208.0,Plena Noite,Decrescente,Chuva,Múltipla,Não Informado,-27.60328,-48.63202,DEL01-SC,Risco Médio,Alta
quarta-feira,BR-116,123.0,Pleno dia,Crescente,Céu Claro,Dupla,Reta,-25.57736,-49.31244,DEL01-PR,Risco Médio,Alta
quinta-feira,BR-392,339.8,Plena Noite,Crescente,Céu Claro,Simples,Reta,-29.82941,-53.76288,DEL09-RS,Risco Médio,Média
quarta-feira,BR-316,11.9,Plena Noite,Decrescente,Nublado,Múltipla,Reta,-5.191739,-42.76076,DEL01-PI,Risco Médio,Baixa
sexta-feira,BR-40,567.0,Plena Noite,Crescente,Chuva,Simples,Reta,-20.1951,-43.9737,DEL01-MG,Risco Médio,Alta
quarta-feira,BR-101,320.0,Pleno dia,Decrescente,Céu Claro,Dupla,Reta,-22.86171,-43.10714,DEL02-RJ,Risco Baixo,Alta
sexta-feira,BR-262,793.0,Anoitecer,Crescente,Nublado,Simples,Reta,-19.76622,-47.87801,DEL13-MG,Risco Baixo,Média
segunda-feira,BR-376,185.0,Plena Noite,Crescente,Céu Claro,Dupla,Reta,-23.45147,-51.85362,DEL09-PR,Risco Alto,Baixa
domingo,BR-101,200.9,Pleno dia,Crescente,Céu Claro,Múltipla,Reta,-27.54775,-48.61995,DEL01-SC,Risco Médio,Alta
segunda-feira,BR-222,20.0,Plena Noite,Decrescente,Céu Claro,Simples,Reta,-4.298409,-47.57426,DEL02-PA,Risco Médio,Baixa
quinta-feira,BR-116,299.5,Pleno dia,Crescente,Nublado,Simples,Reta,-11.16705,-38.85615,DEL02-BA,Risco Alto,Alta
domingo,BR-101,54.0,Pleno dia,Crescente,Céu Claro,Dupla,Reta,-9.254624,-35.77287,DEL01-AL,Risco Baixo,Alta
terça-feira,BR-116,269.0,Plena Noite,Decrescente,Nublado,Múltipla,Reta,-23.61593,-46.78826,DEL04-SP,Risco Médio,Alta
segunda-feira,BR-40,698.4,Plena Noite,Decrescente,Nublado,Dupla,Curva,-21.16235,-43.75985,DEL05-MG,Risco Médio,Alta
quinta-feira,BR-20,412.0,Plena Noite,Decrescente,Garoa/Chuvisco,Simples,Reta,-3.76999,-38.67006,DEL01-CE,Risco Médio,Baixa
quinta-feira,BR-230,174.2,Plena Noite,Decrescente,Vento,Simples,Reta,-7.1794,-36.0164,DEL02-PB,Risco Médio,Baixa
sábado,BR-282,266.3,Pleno dia,Crescente,Céu Claro,Simples,Não Informado,-27.62212,-50.64245,DEL05-SC,Risco Médio,Baixa
sexta-feira,BR-282,4.0,Plena Noite,Crescente,Céu Claro,Dupla,Curva,-27.5937,-48.6023,DEL01-SC,Risco Médio,Baixa
sábado,BR-393,292.7,Plena Noite,Decrescente,Chuva,Simples,Curva,-22.5384,-44.11445,DEL05-RJ,Risco Médio,Média
terça-feira,BR-376,15.0,Anoitecer,Decrescente,Céu Claro,Dupla,Curva,-23.41321,-51.88055,DEL07-PR,Risco Baixo,Baixa
domingo,BR-101,147.7,Plena Noite,Decrescente,Garoa/Chuvisco,Dupla,Reta,-27.1012,-48.618,DEL04-SC,Risco Médio,Alta
terça-feira,BR-364,536.0,Pleno dia,Crescente,Nublado,Simples,Reta,-14.95358,-56.50745,DEL01-MT,Risco Baixo,Alta
terça-feira,BR-376,672.0,Pleno dia,Crescente,Nublado,Dupla,Não Informado,-25.89358,-48.93147,DEL01-PR,Risco Baixo,Baixa
segunda-feira,BR-101,494.0,Pleno dia,Decrescente,Chuva,Simples,Reta,-14.72475,-39.34967,DEL05-BA,Risco Baixo,Alta
sábado,BR-153,75.0,Plena Noite,Crescente,Céu Claro,Simples,Rotatória,-20.89418,-49.43388,DEL09-SP,Risco Médio,Alta
quinta-feira,BR-364,15.0,Pleno dia,Crescente,Vento,Simples,Reta,-18.96301,-50.61524,DEL05-GO,Risco Médio,Alta
domingo,BR-364,721.0,Plena Noite,Decrescente,Céu Claro,Dupla,Curva,-8.820038,-63.92398,DEL01-RO,Risco Alto,Alta
sexta-feira,BR-459,18.2,Plena Noite,Crescente,Nublado,Simples,Reta,-22.63398,-45.15704,DEL08-SP,Risco Médio,Baixa
sábado,BR-116,117.1,Pleno dia,Crescente,Céu Claro,Simples,Interseção de vias,-16.57411,-41.50497,DEL11-MG,Risco Médio,Alta
quinta-feira,BR-316,312.0,Plena Noite,Decrescente,Céu Claro,Simples,Reta,-7.080925,-41.45826,DEL04-PI,Risco Médio,Baixa
terça-feira,BR-116,34.9,Pleno dia,Decrescente,Céu Claro,Dupla,Curva,-4.0484,-38.507,DEL01-CE,Risco Médio,Alta
quinta-feira,BR-376,593.8,Pleno dia,Decrescente,Céu Claro,Dupla,Reta,-25.48304,-49.34805,DEL01-PR,Risco Médio,Baixa
quarta-feira,BR-153,12.7,Plena Noite,Decrescente,Chuva,Dupla,Não Informado,-18.53168,-49.19221,DEL15-MG,Risco Médio,Alta
segunda-feira,BR-116,5.0,Plena Noite,Decrescente,Céu Claro,Dupla,Reta,-23.46326,-46.53373,DEL01-SP,Risco Médio,Alta
sexta-feira,BR-235,13.8,Pleno dia,Decrescente,Nublado,Simples,Reta,-10.86857,-37.17108,DEL01-SE,Risco Médio,Baixa
quinta-feira,BR-290,166.6,Plena Noite,Decrescente,Chuva,Simples,Reta,-30.12255,-51.86857,DEL02-RS,Risco Médio,Baixa
quinta-feira,BR-116,297.0,Amanhecer,Crescente,Céu Claro,Dupla,Reta,-30.09753,-51.34303,DEL02-RS,Risco Baixo,Alta
segunda-feira,BR-365,141.0,Pleno dia,Crescente,Céu Claro,Simples,Reta,-17.22431,-44.82438,DEL12-MG,Risco Médio,Média
domingo,BR-116,115.0,Plena Noite,Crescente,Céu Claro,Múltipla,Reta,-16.55656,-41.50193,DEL11-MG,Risco Médio,Alta
domingo,BR-70,161.0,Pleno dia,Crescente,Céu Claro,Simples,Curva,-15.55785,-53.46437,DEL05-MT,Risco Médio,Baixa
sábado,BR-101,96.5,Pleno dia,Decrescente,Sol,Múltipla,Reta,-5.852173,-35.21024,DEL01-RN,Risco Baixo,Alta
segunda-feira,BR-158,524.0,Anoitecer,Decrescente,Céu Claro,Simples,Não Informado,-26.23916,-52.69428,DEL02-PR,Risco Médio,Baixa
domingo,BR-277,454.2,Plena Noite,Decrescente,Chuva,Simples,Interseção de vias,-25.38581,-52.41414,DEL04-PR,Risco Médio,Média
domingo,BR-277,719.0,Plena Noite,Crescente,Céu Claro,Dupla,Reta,-25.4854,-54.49824,DEL05-PR,Risco Baixo,Média
sábado,BR-101,206.0,Pleno dia,Crescente,Sol,Múltipla,Reta,-27.59194,-48.61825,DEL01-SC,Risco Médio,Alta
sexta-feira,BR-116,672.0,Pleno dia,Decrescente,Nublado,Simples,Reta,-13.7997,-40.1113,DEL03-BA,Risco Médio,Alta
quarta-feira,BR-376,501.2,Plena Noite,Decrescente,Nevoeiro/Neblina,Dupla,Não Informado,-25.16642,-50.11585,DEL03-PR,Risco Baixo,Baixa
segunda-feira,BR-364,348.0,Pleno dia,Decrescente,Céu Claro,Simples,Reta,-15.80087,-55.57589,DEL02-MT,Risco Médio,Alta
segunda-feira,BR-116,124.2,Pleno dia,Crescente,Chuva,Dupla,Reta,-25.58621,-49.31437,DEL01-PR,Risco Médio,Alta
domingo,BR-158,528.0,Amanhecer,Crescente,Ignorado,Simples,Curva,-26.26746,-52.71108,DEL02-PR,Risco Médio,Baixa
domingo,BR-230,497.0,Pleno dia,Decrescente,Sol,Simples,Não Informado,-7.4315,-46.7969,DEL05-MA,Risco Baixo,Baixa
domingo,BR-408,40.5,Plena Noite,Decrescente,Céu Claro,Simples,Reta,-7.653433,-35.25064,DEL01-PE,Risco Médio,Baixa
segunda-feira,BR-381,888.7,Pleno dia,Decrescente,Céu Claro,Dupla,Curva,-22.57037,-46.04169,DEL16-MG,Risco Médio,Alta
terça-feira,BR-116,565.0,Pleno dia,Crescente,Chuva,Dupla,Curva,-25.04247,-48.55279,DEL05-SP,Risco Médio,Alta
terça-feira,BR-101,231.0,Pleno dia,Crescente,Garoa/Chuvisco,Simples,Curva,-19.9749,-40.4072,DEL02-ES,Risco Médio,Alta
sábado,BR-373,254.7,Plena Noite,Crescente,Nublado,Simples,Reta,-25.18835,-50.87298,DEL03-PR,Risco Médio,Baixa
quarta-feira,BR-230,18.6,Pleno dia,Crescente,Céu Claro,Dupla,Curva,-7.1198,-34.8453,DEL01-PB,Risco Médio,Baixa
sexta-feira,BR-116,146.1,Amanhecer,Crescente,Chuva,Dupla,Desvio Temporário,-23.19123,-45.86328,DEL02-SP,Risco Médio,Alta
sábado,BR-381,511.9,Plena Noite,Crescente,Céu Claro,Dupla,Não Informado,-20.08463,-44.30994,DEL01-MG,Risco Médio,Alta
terça-feira,BR-230,470.0,Anoitecer,Crescente,Sol,Simples,Ponte,-3.474316,-51.19668,DEL04-PA,Risco Médio,Baixa
segunda-feira,BR-381,924.0,Pleno dia,Crescente,Garoa/Chuvisco,Dupla,Curva,-22.77187,-46.18748,DEL16-MG,Risco Médio,Alta
domingo,BR-376,1.0,Plena Noite,Crescente,Ignorado,Simples,Reta,-23.57657,-51.42127,DEL07-PR,Risco Médio,Baixa
segunda-feira,BR-40,756.0,Pleno dia,Decrescente,Céu Claro,Simples,Curva,-21.49532,-43.53514,DEL05-MG,Risco Médio,Alta
quarta-feira,BR-364,158.6,Plena Noite,Decrescente,Céu Claro,Simples,Reta,-16.66662,-54.31106,DEL02-MT,Risco Baixo,Alta
quarta-feira,BR-153,47.0,Pleno dia,Crescente,Céu Claro,Simples,Reta,-20.68199,-49.34016,DEL09-SP,Risco Médio,Alta
domingo,BR-101,218.3,Plena Noite,Decrescente,Nublado,Múltipla,Reta,-27.67586,-48.67053,DEL01-SC,Risco Médio,Alta
sábado,BR-277,75.3,Plena Noite,Crescente,Céu Claro,Dupla,Reta,-25.4943,-49.16678,DEL01-PR,Risco Baixo,Média
domingo,BR-163,18.0,Amanhecer,Crescente,Céu Claro,Simples,Reta,-23.94314,-54.2808,DEL09-MS,Risco Baixo,Alta
quarta-feira,BR-280,284.3,Pleno dia,Crescente,Nevoeiro/Neblina,Simples,Reta,-26.2931,-50.86811,DEL06-SC,Risco Médio,Baixa
quarta-feira,BR-101,400.5,Plena Noite,Crescente,Céu Claro,Simples,Reta,-28.84847,-49.43463,DEL02-SC,Risco Médio,Alta
quarta-feira,BR-376,338.0,Plena Noite,Crescente,Chuva,Simples,Curva,-24.14313,-50.98748,DEL07-PR,Risco Médio,Baixa
sábado,BR-70,316.0,Pleno dia,Crescente,Céu Claro,Dupla,Reta,-15.87677,-50.8732,DEL04-GO,Risco Médio,Baixa
sexta-feira,BR-101,11.0,Pleno dia,Crescente,Chuva,Dupla,Reta,-26.0812,-48.8616,DEL03-SC,Risco Baixo,Alta
segunda-feira,BR-364,711.0,Pleno dia,Decrescente,Céu Claro,Dupla,Interseção de vias,-8.779933,-63.86843,DEL01-RO,Risco Médio,Alta
segunda-feira,BR-116,250.0,Plena Noite,Decrescente,Céu Claro,Simples,Reta,-10.77574,-38.89432,DEL07-BA,Risco Médio,Alta
terça-feira,BR-116,180.0,Anoitecer,Decrescente,Garoa/Chuvisco,Múltipla,Reta,-22.76516,-43.41547,DEL01-RJ,Risco Médio,Alta
terça-feira,BR-116,779.6,Pleno dia,Crescente,Céu Claro,Simples,Curva,-21.60838,-42.69596,DEL07-MG,Risco Médio,Alta
quarta-feira,BR-116,70.6,Pleno dia,Crescente,Sol,Simples,Reta,-28.71784,-51.08743,DEL05-RS,Risco Baixo,Alta
segunda-feira,BR-262,480.2,Pleno dia,Decrescente,Nublado,Simples,Reta,-19.7854,-45.2838,DEL08-MG,Risco Médio,Média
quarta-feira,BR-116,350.8,Plena Noite,Decrescente,Nublado,Simples,Não Informado,-18.38629,-41.813,DEL11-MG,Risco Médio,Alta
sábado,BR-242,659.5,Plena Noite,Decrescente,Céu Claro,Simples,Desvio Temporário,-12.23009,-43.84078,DEL10-BA,Risco Médio,Baixa
sexta-feira,BR-376,618.0,Pleno dia,Crescente,Chuva,Dupla,Reta,-25.59803,-49.17419,DEL01-PR,Risco Baixo,Baixa
quarta-feira,BR-116,74.0,Pleno dia,Decrescente,Céu Claro,Simples,Não Informado,-22.35344,-42.94244,DEL04-RJ,Risco Médio,Alta
quarta-feira,BR-381,481.3,Pleno dia,Decrescente,Sol,Dupla,Reta,-19.95883,-44.05964,DEL01-MG,Risco Médio,Alta
sábado,BR-116,135.8,Plena Noite,Crescente,Garoa/Chuvisco,Simples,Não Informado,-26.93637,-50.43214,DEL06-SC,Risco Alto,Alta
segunda-feira,BR-40,695.3,Pleno dia,Decrescente,Nublado,Simples,Curva,-21.16588,-43.75729,DEL05-MG,Risco Médio,Alta
segunda-feira,BR-424,84.5,Pleno dia,Crescente,Nublado,Simples,Curva,-8.857913,-36.512,DEL03-PE,Risco Baixo,Baixa
domingo,BR-40,791.5,Amanhecer,Decrescente,Céu Claro,Dupla,Reta,-21.78107,-43.41873,DEL05-MG,Risco Baixo,Alta
domingo,BR-116,15.0,Pleno dia,Decrescente,Nublado,Simples,Reta,-14.851,-40.8485,DEL08-BA,Risco Baixo,Alta
sexta-feira,BR-316,139.0,Anoitecer,Crescente,Garoa/Chuvisco,Simples,Não Informado,-2.756219,-45.71815,DEL02-MA,Risco Alto,Baixa
quarta-feira,BR-230,36.8,Plena Noite,Crescente,Céu Claro,Dupla,Reta,-7.1246,-34.9473,DEL01-PB,Risco Médio,Baixa
sábado,BR-101,44.0,Pleno dia,Decrescente,Céu Claro,Múltipla,Reta,-7.85637,-34.90842,DEL01-PE,Risco Médio,Alta
sábado,BR-324,534.0,Anoitecer,Decrescente,Céu Claro,Dupla,Reta,-12.36151,-38.82337,DEL01-BA,Risco Baixo,Baixa
quinta-feira,BR-60,23.5,Pleno dia,Decrescente,Céu Claro,Dupla,Reta,-15.98901,-48.22708,DEL01-DF,Risco Baixo,Média
terça-feira,BR-101,325.0,Plena Noite,Decrescente,Garoa/Chuvisco,Dupla,Desvio Temporário,-22.87293,-43.13626,DEL02-RJ,Risco Médio,Alta
segunda-feira,BR-163,88.5,Anoitecer,Crescente,Céu Claro,Simples,Reta,-23.38801,-54.21145,DEL09-MS,Risco Médio,Alta
segunda-feira,BR-101,226.6,Plena Noite,Decrescente,Céu Claro,Dupla,Reta,-27.742,-48.63807,DEL01-SC,Risco Médio,Alta
terça-feira,BR-471,639.0,Plena Noite,Decrescente,Ignorado,Simples,Reta,-33.40612,-53.22459,DEL07-RS,Risco Médio,Baixa
terça-feira,BR-153,58.0,Plena Noite,Crescente,Chuva,Dupla,Reta,-18.86471,-49.07318,DEL15-MG,Risco Baixo,Alta
terça-feira,BR-470,235.3,Pleno dia,Decrescente,Chuva,Simples,Não Informado,-27.30122,-50.44469,DEL05-SC,Risco Baixo,Baixa
sexta-feira,BR-116,394.0,Plena Noite,Crescente,Nublado,Dupla,Reta,-30.84498,-51.75688,DEL02-RS,Risco Médio,Alta
quarta-feira,BR-101,80.0,Pleno dia,Crescente,Chuva,Dupla,Curva,-7.117537,-34.94951,DEL01-PB,Risco Médio,Alta
sexta-feira,BR-304,157.4,Pleno dia,Decrescente,Céu Claro,Simples,Não Informado,-5.696604,-36.53552,DEL04-RN,Risco Médio,Baixa
quinta-feira,BR-40,764.1,Anoitecer,Crescente,Chuva,Simples,Curva,-21.56066,-43.49865,DEL05-MG,Risco Alto,Alta
terça-feira,BR-116,264.0,Plena Noite,Decrescente,Nublado,Múltipla,Reta,-29.91452,-51.17741,DEL01-RS,Risco Médio,Alta
quinta-feira,BR-316,305.0,Amanhecer,Decrescente,Céu Claro,Simples,Reta,-3.9509,-45.1393,DEL02-MA,Risco Médio,Baixa
sexta-feira,BR-116,13.0,Pleno dia,Crescente,Nublado,Simples,Curva,-21.96014,-42.73633,DEL04-RJ,Risco Médio,Alta
terça-feira,BR-116,5.0,Plena Noite,Crescente,Céu Claro,Múltipla,Reta,-3.794671,-38.50773,DEL01-CE,Risco Baixo,Alta
domingo,BR-40,9.9,Plena Noite,Crescente,Céu Claro,Dupla,Reta,-16.13116,-47.95774,DEL01-DF,Risco Baixo,Alta
sexta-feira,BR-101,474.0,Pleno dia,Crescente,Nublado,Simples,Reta,-22.99499,-44.2492,DEL03-RJ,Risco Médio,Alta
terça-feira,BR-153,27.7,Plena Noite,Decrescente,Céu Claro,Simples,Reta,-23.2983,-50.0694,DEL07-PR,Risco Médio,Alta
segunda-feira,BR-163,492.5,Pleno dia,Decrescente,Céu Claro,Simples,Reta,-20.38352,-54.54229,DEL01-MS,Risco Médio,Alta
domingo,BR-262,139.1,Pleno dia,Decrescente,Nublado,Simples,Rotatória,-20.23252,-41.36281,DEL01-ES,Risco Médio,Média
terça-feira,BR-116,515.3,Pleno dia,Decrescente,Céu Claro,Simples,Reta,-31.66114,-52.33868,DEL07-RS,Risco Médio,Alta
terça-feira,BR-369,468.0,Pleno dia,Crescente,Céu Claro,Simples,Curva,-24.57804,-53.14816,DEL04-PR,Risco Médio,Baixa
sábado,BR-153,347.3,Pleno dia,Decrescente,Sol,Dupla,Reta,-22.99508,-49.90481,DEL07-SP,Risco Médio,Alta
terça-feira,BR-153,107.9,Pleno dia,Crescente,Sol,Simples,Reta,-21.06389,-49.66255,DEL09-SP,Risco Médio,Alta
quarta-feira,BR-381,830.9,Plena Noite,Crescente,Nublado,Dupla,Reta,-22.13939,-45.81344,DEL16-MG,Risco Alto,Alta
terça-feira,BR-116,19.0,Pleno dia,Decrescente,Nublado,Dupla,Reta,-3.9268,-38.5078,DEL01-CE,Risco Médio,Alta
segunda-feira,BR-70,522.0,Anoitecer,Crescente,Céu Claro,Simples,Reta,-15.66425,-56.18435,DEL01-MT,Risco Baixo,Baixa
sexta-feira,BR-60,23.0,Pleno dia,Decrescente,Céu Claro,Dupla,Curva,-15.9879,-48.2231,DEL01-DF,Risco Baixo,Média
sábado,BR-153,653.0,Pleno dia,Crescente,Chuva,Dupla,Não Informado,-17.9926,-49.2601,DEL03-GO,Risco Médio,Alta
segunda-feira,BR-40,101.2,Plena Noite,Crescente,Céu Claro,Simples,Não Informado,-22.60403,-43.28407,DEL06-RJ,Risco Médio,Alta
quinta-feira,BR-232,149.9,Plena Noite,Decrescente,Chuva,Simples,Não Informado,-8.327447,-36.15405,DEL03-PE,Risco Baixo,Baixa
domingo,BR-116,320.0,Plena Noite,Decrescente,Céu Claro,Dupla,Reta,-23.93226,-47.00835,DEL04-SP,Risco Médio,Alta
sábado,BR-116,459.0,Plena Noite,Crescente,Nublado,Dupla,Não Informado,-24.6054,-47.8786,DEL05-SP,Risco Baixo,Alta
quarta-feira,BR-101,395.3,Pleno dia,Crescente,Nublado,Dupla,Reta,-28.8261,-49.4063,DEL02-SC,Risco Baixo,Alta
terça-feira,BR-40,44.8,Plena Noite,Decrescente,Céu Claro,Dupla,Curva,-22.27275,-43.10869,DEL06-RJ,Risco Médio,Alta
terça-feira,BR-101,146.0,Plena Noite,Crescente,Céu Claro,Múltipla,Reta,-19.36991,-40.06561,DEL04-ES,Risco Médio,Alta
sábado,BR-158,265.8,Plena Noite,Decrescente,Céu Claro,Dupla,Reta,-17.84332,-51.74741,DEL05-GO,Risco Médio,Baixa
quinta-feira,BR-262,326.2,Plena Noite,Decrescente,Chuva,Simples,Reta,-20.46922,-54.53102,DEL01-MS,Risco Alto,Média
quinta-feira,BR-116,149.3,Anoitecer,Crescente,Céu Claro,Dupla,Desvio Temporário,-29.15997,-51.15645,DEL05-RS,Risco Médio,Alta
terça-feira,BR-226,73.6,Pleno dia,Crescente,Nublado,Simples,Curva,-6.139981,-35.73043,DEL03-RN,Risco Médio,Baixa
quarta-feira,BR-101,262.0,Pleno dia,Decrescente,Céu Claro,Múltipla,Reta,-20.15723,-40.27678,DEL02-ES,Risco Médio,Alta
sábado,BR-232,393.8,Pleno dia,Decrescente,Céu Claro,Simples,Reta,-8.010047,-38.24294,DEL04-PE,Risco Médio,Baixa
sexta-feira,BR-381,481.0,Plena Noite,Decrescente,Céu Claro,Dupla,Curva,-19.95867,-44.05539,DEL01-MG,Risco Médio,Alta
quarta-feira,BR-364,392.0,Pleno dia,Crescente,Céu Claro,Dupla,Reta,-15.70114,-55.87273,DEL01-MT,Risco Médio,Alta
quarta-feira,BR-116,135.9,Pleno dia,Crescente,Chuva,Dupla,Reta,-23.14448,-45.77018,DEL06-SP,Risco Médio,Alta
domingo,BR-381,47.0,Plena Noite,Crescente,Céu Claro,Dupla,Reta,-23.18905,-46.58408,DEL03-SP,Risco Médio,Alta
segunda-feira,BR-116,301.0,Pleno dia,Decrescente,Céu Claro,Múltipla,Reta,-22.45294,-44.36237,DEL07-RJ,Risco Médio,Alta
terça-feira,BR-376,655.2,Plena Noite,Decrescente,Nevoeiro/Neblina,Dupla,Reta,-25.84285,-49.03404,DEL01-PR,Risco Baixo,Baixa
sexta-feira,BR-493,21.0,Anoitecer,Decrescente,Nublado,Simples,Reta,-22.66151,-43.04481,DEL02-RJ,Risco Médio,Baixa
domingo,BR-230,654.2,Pleno dia,Crescente,Ignorado,Simples,Não Informado,-3.25129,-52.34893,DEL04-PA,Risco Médio,Baixa
sexta-feira,BR-153,409.0,Plena Noite,Decrescente,Céu Claro,Simples,Reta,-16.09431,-49.03473,DEL02-GO,Risco Alto,Alta
sexta-feira,BR-381,635.7,Plena Noite,Decrescente,Chuva,Dupla,Curva,-20.8599,-44.8375,DEL04-MG,Risco Baixo,Alta
terça-feira,BR-232,136.0,Pleno dia,Crescente,Céu Claro,Dupla,Reta,-8.313399,-36.04176,DEL02-PE,Risco Baixo,Baixa
segunda-feira,BR-277,2.0,Pleno dia,Crescente,Garoa/Chuvisco,Simples,Reta,-25.50864,-48.52935,DEL01-PR,Risco Médio,Média
terça-feira,BR-484,108.5,Pleno dia,Crescente,Nublado,Simples,Reta,-20.06833,-41.08356,DEL01-ES,Risco Médio,Baixa
terça-feira,BR-230,21.6,Pleno dia,Decrescente,Céu Claro,Dupla,Reta,-7.149464,-34.85162,DEL01-PB,Risco Médio,Baixa
quarta-feira,BR-163,1104.0,Amanhecer,Crescente,Céu Claro,Simples,Não Informado,-9.648687,-54.8725,DEL06-MT,Risco Alto,Alta
sexta-feira,BR-101,41.0,Pleno dia,Crescente,Céu Claro,Dupla,Reta,-26.28215,-48.88973,DEL03-SC,Risco Médio,Alta
sexta-feira,BR-153,280.0,Plena Noite,Crescente,Céu Claro,Simples,Reta,-8.35461,-48.48429,DEL02-TO,Risco Alto,Alta
segunda-feira,BR-116,65.0,Pleno dia,Crescente,Céu Claro,Simples,Curva,-4.303832,-38.50238,DEL03-CE,Risco Baixo,Alta
quinta-feira,BR-381,479.0,Pleno dia,Crescente,Céu Claro,Múltipla,Curva,-19.9589,-44.0692,DEL01-MG,Risco Médio,Alta
segunda-feira,BR-277,693.1,Anoitecer,Crescente,Nublado,Múltipla,Reta,-25.37312,-54.27105,DEL05-PR,Risco Médio,Média
sexta-feira,BR-101,45.5,Plena Noite,Decrescente,Céu Claro,Simples,Reta,-23.41779,-45.06788,DEL06-SP,Risco Médio,Alta
terça-feira,BR-40,98.0,Pleno dia,Decrescente,Chuva,Simples,Reta,-22.57774,-43.27329,DEL01-RJ,Risco Médio,Alta
quinta-feira,BR-101,163.9,Amanhecer,Crescente,Nublado,Simples,Reta,-19.50507,-40.13396,DEL04-ES,Risco Médio,Alta
terça-feira,BR-364,712.0,Plena Noite,Crescente,Nublado,Múltipla,Não Informado,-8.777769,-63.87157,DEL01-RO,Risco Médio,Alta
sexta-feira,BR-369,509.5,Plena Noite,Decrescente,Garoa/Chuvisco,Simples,Reta,-24.8498,-53.3253,DEL04-PR,Risco Médio,Baixa
domingo,BR-10,241.7,Plena Noite,Crescente,Nublado,Simples,Reta,-5.613214,-47.41738,DEL04-MA,Risco Médio,Baixa
quinta-feira,BR-230,23.0,Anoitecer,Decrescente,Nublado,Dupla,Viaduto,-7.1562,-34.8574,DEL01-PB,Risco Baixo,Baixa
domingo,BR-407,125.5,Plena Noite,Crescente,Céu Claro,Dupla,Reta,-9.381404,-40.53194,DEL06-PE,Risco Baixo,Baixa
domingo,BR-230,1113.0,Pleno dia,Crescente,Céu Claro,Simples,Reta,-4.344819,-55.78268,DEL05-PA,Risco Médio,Baixa
sábado,BR-476,257.9,Plena Noite,Decrescente,Céu Claro,Simples,Reta,-25.88947,-50.22652,DEL02-PR,Risco Alto,Baixa
domingo,BR-290,87.0,Pleno dia,Decrescente,Céu Claro,Múltipla,Reta,-29.96784,-51.1272,DEL01-RS,Risco Médio,Baixa
quarta-feira,BR-163,106.5,Pleno dia,Decrescente,Sol,Simples,Não Informado,-25.61078,-53.70953,DEL02-PR,Risco Baixo,Alta
domingo,BR-364,173.6,Plena Noite,Crescente,Céu Claro,Simples,Não Informado,-16.6316,-54.44027,DEL02-MT,Risco Baixo,Alta
terça-feira,BR-376,551.5,Pleno dia,Decrescente,Céu Claro,Dupla,Curva,-25.43481,-49.75106,DEL01-PR,Risco Médio,Baixa
quarta-feira,BR-101,92.0,Anoitecer,Decrescente,Nublado,Simples,Reta,-18.91447,-39.9639,DEL04-ES,Risco Médio,Alta
sábado,BR-376,309.5,Plena Noite,Decrescente,Chuva,Simples,Curva,-23.96596,-51.11397,DEL07-PR,Risco Baixo,Baixa
domingo,BR-277,5.0,Plena Noite,Decrescente,Ignorado,Dupla,Não Informado,-25.5254,-48.52707,DEL01-PR,Risco Médio,Média
sexta-feira,BR-101,94.0,Plena Noite,Crescente,Céu Claro,Dupla,Rotatória,-10.90732,-37.15237,DEL01-SE,Risco Baixo,Alta
sábado,BR-101,272.4,Plena Noite,Decrescente,Céu Claro,Múltipla,Reta,-20.22725,-40.28427,DEL02-ES,Risco Alto,Alta
sábado,BR-280,129.0,Pleno dia,Decrescente,Sol,Simples,Não Informado,-26.24586,-49.52285,DEL06-SC,Risco Baixo,Baixa
quarta-feira,BR-407,118.8,Amanhecer,Crescente,Chuva,Simples,Reta,-10.3866,-40.175,DEL04-BA,Risco Baixo,Baixa
sábado,BR-40,5.5,Pleno dia,Decrescente,Chuva,Dupla,Reta,-16.0209,-47.98054,DEL01-DF,Risco Médio,Alta
sexta-feira,BR-135,408.7,Pleno dia,Decrescente,Céu Claro,Simples,Curva,-9.470508,-44.60152,DEL03-PI,Risco Baixo,Baixa
sexta-feira,BR-101,185.0,Pleno dia,Decrescente,Garoa/Chuvisco,Dupla,Reta,-27.425,-48.625,DEL01-SC,Risco Médio,Alta
quinta-feira,BR-376,312.0,Pleno dia,Decrescente,Chuva,Simples,Curva,-23.93731,-51.14273,DEL07-PR,Risco Baixo,Baixa
segunda-feira,BR-155,327.0,Pleno dia,Crescente,Céu Claro,Simples,Reta,-5.513146,-49.07405,DEL03-PA,Risco Médio,Baixa