dia_semana,br,km,fase_dia,sentido_via,condicao_metereologica,tipo_pista,tracado_via,latitude,longitude,delegacia,classificacao_acidente,postos_policiais_PRF
terça-feira,BR-277,37.0,Plena Noite,Decrescente,Nublado,Dupla,Curva,-25.47742,-48.83487,DEL01-PR,Risco Baixo,Média
quarta-feira,BR-153,138.0,Pleno dia,Decrescente,Céu Claro,Dupla,Rotatória,-7.1551,-48.20416,DEL02-TO,Risco Médio,Alta
sábado,BR-101,311.4,Plena Noite,Crescente,Céu Claro,Simples,Não Informado,-28.4407,-48.81805,DEL02-SC,Risco Alto,Alta
segunda-feira,BR-174,499.0,Pleno dia,Crescente,Nublado,Dupla,Reta,2.772157,-60.71441,DEL01-RR,Risco Médio,Baixa
segunda-feira,BR-116,323.3,Plena Noite,Decrescente,Céu Claro,Simples,Reta,-30.31825,-51.41803,DEL02-RS,Risco Médio,Alta
domingo,BR-468,58.5,Pleno dia,Crescente,Chuva,Simples,Ponte,-27.75446,-53.77417,DEL08-RS,Risco Médio,Baixa
sábado,BR-262,454.0,Plena Noite,Decrescente,Céu Claro,Simples,Reta,-19.85274,-45.02424,DEL08-MG,Risco Médio,Média
terça-feira,BR-135,8.0,Anoitecer,Decrescente,Céu Claro,Dupla,Desvio Temporário,-2.643421,-44.27374,DEL01-MA,Risco Médio,Baixa
quinta-feira,BR-324,541.0,Anoitecer,Crescente,Céu Claro,Dupla,Reta,-12.39768,-38.77213,DEL01-BA,Risco Baixo,Baixa
segunda-feira,BR-381,69.0,Pleno dia,Crescente,Céu Claro,Dupla,Reta,-23.34553,-46.56788,DEL03-SP,Risco Baixo,Alta
quinta-feira,BR-373,283.1,Plena Noite,Crescente,Céu Claro,Simples,Reta,-25.28606,-51.11946,DEL03-PR,Risco Baixo,Baixa
sexta-feira,BR-262,49.0,Plena Noite,Crescente,Nublado,Simples,Reta,-20.41382,-40.7244,DEL01-ES,Risco Médio,Média
sexta-feira,BR-20,204.4,Amanhecer,Decrescente,Céu Claro,Simples,Reta,-5.12155,-39.73265,DEL02-CE,Risco Médio,Baixa
segunda-feira,BR-70,289.0,Pleno dia,Crescente,Céu Claro,Simples,Reta,-15.57822,-54.39451,DEL05-MT,Risco Baixo,Baixa
domingo,BR-163,1004.0,Plena Noite,Crescente,Céu Claro,Simples,Reta,-2.438245,-54.73277,DEL05-PA,Risco Médio,Alta
segunda-feira,BR-101,324.0,Pleno dia,Decrescente,Céu Claro,Dupla,Reta,-22.87523,-43.12168,DEL02-RJ,Risco Médio,Alta
sexta-feira,BR-376,245.7,Plena Noite,Crescente,Céu Claro,Simples,Não Informado,-23.58953,-51.41218,DEL07-PR,Risco Médio,Baixa
sábado,BR-267,87.7,Anoitecer,Decrescente,Céu Claro,Simples,Reta,-21.75043,-43.26227,DEL05-MG,Risco Alto,Baixa
domingo,BR-104,93.0,Pleno dia,Crescente,Céu Claro,Dupla,Reta,-9.478767,-35.85363,DEL01-AL,Risco Médio,Baixa
quarta-feira,BR-116,421.0,Anoitecer,Decrescente,Céu Claro,Simples,Reta,-12.22922,-38.96441,DEL02-BA,Risco Baixo,Alta
sexta-feira,BR-116,127.0,Plena Noite,Crescente,Nublado,Dupla,Reta,-25.62151,-49.31622,DEL01-PR,Risco Médio,Alta
sábado,BR-116,158.8,Amanhecer,Crescente,Nublado,Dupla,Reta,-23.26072,-45.95179,DEL02-SP,Risco Médio,Alta
domingo,BR-40,453.4,Plena Noite,Crescente,Céu Claro,Dupla,Reta,-19.35226,-44.35102,DEL02-MG,Risco Alto,Alta
sábado,BR-116,108.0,Pleno dia,Crescente,Céu Claro,Dupla,Reta,-25.57147,-49.19761,DEL01-PR,Risco Baixo,Alta
domingo,BR-101,123.0,Pleno dia,Crescente,Nublado,Simples,Interseção de vias,-26.93799,-48.69793,DEL04-SC,Risco Médio,Alta
terça-feira,BR-343,338.0,Anoitecer,Crescente,Ignorado,Dupla,Reta,-5.063362,-42.72291,DEL01-PI,Risco Baixo,Baixa
sexta-feira,BR-116,171.0,Pleno dia,Crescente,Céu Claro,Múltipla,Reta,-22.80604,-43.3429,DEL01-RJ,Risco Médio,Alta
sexta-feira,BR-116,222.1,Pleno dia,Decrescente,Sol,Simples,Não Informado,-29.58178,-51.09607,DEL01-RS,Risco Médio,Alta
domingo,BR-356,147.6,Pleno dia,Decrescente,Céu Claro,Dupla,Reta,-21.77845,-41.29007,DEL08-RJ,Risco Médio,Baixa
sexta-feira,BR-101,61.0,Plena Noite,Crescente,Céu Claro,Simples,Não Informado,-18.68153,-39.86365,DEL04-ES,Risco Baixo,Alta
sexta-feira,BR-40,801.0,Plena Noite,Crescente,Céu Claro,Dupla,Não Informado,-21.84673,-43.37899,DEL05-MG,Risco Médio,Alta
domingo,BR-476,163.6,Pleno dia,Decrescente,Céu Claro,Simples,Reta,-25.63568,-49.4643,DEL01-PR,Risco Médio,Baixa
terça-feira,BR-101,95.1,Pleno dia,Decrescente,Céu Claro,Múltipla,Reta,-5.840768,-35.21036,DEL01-RN,Risco Médio,Alta
sexta-feira,BR-480,131.0,Pleno dia,Crescente,Nublado,Dupla,Reta,-27.06303,-52.63251,DEL07-SC,Risco Baixo,Baixa
sexta-feira,BR-277,145.0,Pleno dia,Crescente,Céu Claro,Simples,Ponte,-25.46667,-49.76734,DEL03-PR,Risco Médio,Média
segunda-feira,BR-135,12.0,Anoitecer,Decrescente,Céu Claro,Dupla,Reta,-2.672236,-44.29174,DEL01-MA,Risco Médio,Baixa
terça-feira,BR-116,58.0,Anoitecer,Decrescente,Chuva,Dupla,Curva,-25.29621,-48.93805,DEL01-PR,Risco Baixo,Alta
segunda-feira,BR-222,238.0,Pleno dia,Decrescente,Céu Claro,Dupla,Reta,-5.301523,-49.0724,DEL03-PA,Risco Baixo,Baixa
segunda-feira,BR-277,4.5,Pleno dia,Crescente,Chuva,Dupla,Reta,-25.5469,-54.5882,DEL05-PR,Risco Médio,Média
segunda-feira,BR-324,617.0,Pleno dia,Crescente,Céu Claro,Múltipla,Reta,-12.97156,-38.51115,DEL01-BA,Risco Médio,Baixa
sexta-feira,BR-135,541.0,Pleno dia,Crescente,Céu Claro,Simples,Reta,-18.1168,-44.2752,DEL02-MG,Risco Médio,Baixa
quinta-feira,BR-70,17.0,Pleno dia,Crescente,Céu Claro,Dupla,Reta,-15.79413,-48.20209,DEL01-DF,Risco Médio,Baixa
sábado,BR-376,658.6,Pleno dia,Decrescente,Nublado,Simples,Reta,-25.85301,-49.02166,DEL01-PR,Risco Baixo,Baixa
quarta-feira,BR-116,677.5,Pleno dia,Decrescente,Nublado,Simples,Não Informado,-20.91071,-42.34971,DEL07-MG,Risco Médio,Alta
terça-feira,BR-428,28.8,Pleno dia,Crescente,Nublado,Simples,Ponte,-8.507793,-39.4682,DEL05-PE,Risco Médio,Baixa
segunda-feira,BR-101,210.3,Pleno dia,Decrescente,Chuva,Múltipla,Não Informado,-27.61888,-48.64743,DEL01-SC,Risco Médio,Alta
segunda-feira,BR-423,37.2,Pleno dia,Decrescente,Céu Claro,Simples,Reta,-8.47542,-36.22203,DEL02-PE,Risco Médio,Baixa
terça-feira,BR-116,40.4,Pleno dia,Crescente,Céu Claro,Simples,Rotatória,-28.52063,-50.94193,DEL05-RS,Risco Baixo,Alta
terça-feira,BR-116,17.0,Pleno dia,Crescente,Ignorado,Dupla,Curva,-25.10306,-48.70104,DEL01-PR,Risco Médio,Alta
segunda-feira,BR-230,22.0,Pleno dia,Decrescente,Nublado,Dupla,Reta,-7.1495,-34.8517,DEL01-PB,Risco Médio,Baixa
quinta-feira,BR-459,74.2,Plena Noite,Crescente,Nublado,Simples,Curva,-22.13856,-46.14685,DEL13-MG,Risco Alto,Baixa
terça-feira,BR-101,285.5,Pleno dia,Decrescente,Céu Claro,Dupla,Reta,-20.2558,-40.37574,DEL01-ES,Risco Baixo,Alta
segunda-feira,BR-101,268.6,Pleno dia,Decrescente,Garoa/Chuvisco,Múltipla,Interseção de vias,-20.21362,-40.26959,DEL02-ES,Risco Médio,Alta
sábado,BR-386,350.6,Anoitecer,Crescente,Céu Claro,Dupla,Não Informado,-29.48103,-51.95406,DEL04-RS,Risco Médio,Média
domingo,BR-386,18.5,Pleno dia,Decrescente,Nublado,Simples,Curva,-27.25224,-53.34291,DEL08-RS,Risco Médio,Média
sábado,BR-158,533.0,Pleno dia,Decrescente,Céu Claro,Simples,Reta,-13.78009,-52.04078,DEL07-MT,Risco Médio,Baixa
terça-feira,BR-392,22.0,Plena Noite,Decrescente,Nublado,Dupla,Reta,-32.08904,-52.21737,DEL07-RS,Risco Baixo,Média
domingo,BR-232,35.0,Pleno dia,Decrescente,Céu Claro,Dupla,Reta,-8.109073,-35.19257,DEL01-PE,Risco Baixo,Baixa
terça-feira,BR-287,265.0,Pleno dia,Crescente,Nublado,Simples,Reta,-29.67067,-54.02246,DEL09-RS,Risco Médio,Baixa
sexta-feira,BR-153,496.2,Pleno dia,Decrescente,Céu Claro,Múltipla,Reta,-16.6776,-49.2314,DEL01-GO,Risco Baixo,Alta
terça-feira,BR-174,397.2,Amanhecer,Crescente,Nublado,Dupla,Reta,2.067249,-61.08667,DEL01-RR,Risco Médio,Baixa
terça-feira,BR-101,557.6,Plena Noite,Crescente,Chuva,Simples,Curva,-15.18021,-39.43118,DEL05-BA,Risco Médio,Alta
quinta-feira,BR-262,407.9,Pleno dia,Decrescente,Sol,Dupla,Não Informado,-19.88288,-44.60783,DEL08-MG,Risco Médio,Média
sábado,BR-101,70.0,Pleno dia,Decrescente,Céu Claro,Múltipla,Reta,-8.0677,-34.943,DEL01-PE,Risco Médio,Alta
terça-feira,BR-476,148.0,Pleno dia,Crescente,Ignorado,Simples,Reta,-25.55712,-49.34873,DEL01-PR,Risco Médio,Baixa
quarta-feira,BR-365,832.2,Pleno dia,Decrescente,Céu Claro,Simples,Não Informado,-18.90677,-50.20673,DEL15-MG,Risco Médio,Média
sábado,BR-116,274.8,Plena Noite,Crescente,Céu Claro,Simples,Interseção de vias,-22.53698,-44.19439,DEL07-RJ,Risco Médio,Alta
sexta-feira,BR-116,40.0,Plena Noite,Decrescente,Garoa/Chuvisco,Dupla,Curva,-25.16453,-48.86245,DEL01-PR,Risco Baixo,Alta
sábado,BR-476,130.0,Pleno dia,Crescente,Céu Claro,Dupla,Reta,-25.44956,-49.23643,DEL01-PR,Risco Médio,Baixa
segunda-feira,BR-476,147.8,Pleno dia,Crescente,Céu Claro,Dupla,Reta,-25.55463,-49.33927,DEL01-PR,Risco Médio,Baixa
quinta-feira,BR-381,817.5,Anoitecer,Crescente,Céu Claro,Dupla,Reta,-22.0978,-45.71786,DEL16-MG,Risco Baixo,Alta
segunda-feira,BR-40,21.9,Pleno dia,Decrescente,Céu Claro,Dupla,Reta,-22.11424,-43.15859,DEL06-RJ,Risco Médio,Alta
domingo,BR-381,723.3,Plena Noite,Crescente,Ignorado,Dupla,Reta,-21.4571,-45.2109,DEL04-MG,Risco Baixo,Alta
domingo,BR-230,96.1,Plena Noite,Decrescente,Céu Claro,Dupla,Reta,-7.1842,-35.4447,DEL01-PB,Risco Baixo,Baixa
quarta-feira,BR-381,874.0,Pleno dia,Crescente,Chuva,Dupla,Reta,-22.45619,-46.00793,DEL16-MG,Risco Médio,Alta
terça-feira,BR-262,1.0,Plena Noite,Decrescente,Céu Claro,Simples,Reta,-20.268,-41.7771,DEL06-MG,Risco Médio,Média
terça-feira,BR-316,161.0,Pleno dia,Decrescente,Nublado,Simples,Reta,-2.94831,-45.66618,DEL02-MA,Risco Médio,Baixa
sexta-feira,BR-163,435.0,Pleno dia,Crescente,Nublado,Dupla,Reta,-15.64463,-56.19932,DEL01-MT,Risco Médio,Alta
segunda-feira,BR-364,398.0,Pleno dia,Crescente,Céu Claro,Dupla,Reta,-15.67919,-55.92995,DEL01-MT,Risco Médio,Alta
segunda-feira,BR-101,64.7,Pleno dia,Crescente,Céu Claro,Dupla,Reta,-8.016292,-34.94046,DEL01-PE,Risco Médio,Alta
sábado,BR-80,12.0,Pleno dia,Decrescente,Céu Claro,Simples,Não Informado,-15.73077,-48.18666,DEL01-DF,Risco Médio,Baixa
segunda-feira,BR-101,265.8,Pleno dia,Crescente,Céu Claro,Dupla,Interseção de vias,-20.18168,-40.26536,DEL02-ES,Risco Médio,Alta
domingo,BR-376,178.4,Plena Noite,Decrescente,Céu Claro,Múltipla,Reta,-23.41634,-51.92154,DEL07-PR,Risco Médio,Baixa
quinta-feira,BR-101,62.0,Plena Noite,Crescente,Chuva,Simples,Reta,-19.52502,-40.70612,DEL04-ES,Risco Médio,Alta
segunda-feira,BR-101,196.0,Pleno dia,Crescente,Chuva,Múltipla,Reta,-27.51101,-48.64322,DEL01-SC,Risco Médio,Alta
terça-feira,BR-285,445.2,Pleno dia,Crescente,Céu Claro,Simples,Reta,-28.36432,-53.77169,DEL10-RS,Risco Médio,Baixa
sábado,BR-210,3.0,Anoitecer,Crescente,Céu Claro,Simples,Curva,0.087255,-51.0858,DEL01-AP,Risco Médio,Baixa
domingo,BR-116,114.3,Plena Noite,Crescente,Céu Claro,Dupla,Reta,-23.04757,-45.59343,DEL06-SP,Risco Médio,Alta
quinta-feira,BR-324,521.0,Plena Noite,Decrescente,Nublado,Dupla,Reta,-12.27919,-38.92646,DEL01-BA,Risco Médio,Baixa
sábado,BR-376,70.0,Anoitecer,Decrescente,Céu Claro,Simples,Rotatória,-22.95428,-52.70156,DEL07-PR,Risco Médio,Baixa
sábado,BR-406,165.5,Pleno dia,Crescente,Céu Claro,Simples,Desvio Temporário,-5.744356,-35.33808,DEL02-RN,Risco Médio,Baixa
domingo,BR-262,37.1,Plena Noite,Crescente,Nublado,Simples,Reta,-20.27077,-42.04029,DEL06-MG,Risco Médio,Média
sábado,BR-50,270.2,Plena Noite,Crescente,Ignorado,Dupla,Não Informado,-18.1087,-47.8878,DEL06-GO,Risco Médio,Média
terça-feira,BR-101,649.0,Anoitecer,Decrescente,Nublado,Simples,Curva,-16.00896,-39.60267,DEL05-BA,Risco Médio,Alta
sábado,BR-435,119.0,Plena Noite,Decrescente,Chuva,Simples,Desvio Temporário,-13.18624,-60.77446,DEL04-RO,Risco Médio,Baixa
terça-feira,BR-101,291.0,Pleno dia,Crescente,Céu Claro,Dupla,Reta,-28.26981,-48.70082,DEL02-SC,Risco Médio,Alta
sexta-feira,BR-101,120.0,Pleno dia,Decrescente,Céu Claro,Dupla,Curva,-9.680881,-36.03737,DEL02-AL,Risco Médio,Alta
sexta-feira,BR-146,462.9,Pleno dia,Decrescente,Céu Claro,Simples,Não Informado,-21.63646,-46.40528,DEL09-MG,Risco Médio,Baixa
sexta-feira,BR-226,503.0,Amanhecer,Crescente,Céu Claro,Simples,Reta,-6.115908,-46.83068,DEL04-MA,Risco Alto,Baixa
quinta-feira,BR-116,106.0,Pleno dia,Decrescente,Céu Claro,Simples,Curva,-22.52195,-43.0007,DEL04-RJ,Risco Médio,Alta
domingo,BR-285,421.0,Pleno dia,Crescente,Céu Claro,Simples,Reta,-28.3388,-53.56117,DEL10-RS,Risco Alto,Baixa
segunda-feira,BR-381,524.5,Plena Noite,Crescente,Céu Claro,Dupla,Curva,-20.16074,-44.32984,DEL04-MG,Risco Médio,Alta
terça-feira,BR-262,89.0,Pleno dia,Decrescente,Céu Claro,Simples,Curva,-20.38726,-41.01746,DEL01-ES,Risco Alto,Média
domingo,BR-424,30.7,Anoitecer,Crescente,Nublado,Simples,Reta,-8.583636,-36.87008,DEL03-PE,Risco Médio,Baixa
sexta-feira,BR-222,277.0,Plena Noite,Crescente,Céu Claro,Simples,Reta,-3.7582,-40.7915,DEL04-CE,Risco Alto,Baixa
quinta-feira,BR-116,377.0,Plena Noite,Decrescente,Céu Claro,Dupla,Curva,-24.19592,-47.36368,DEL04-SP,Risco Médio,Alta
segunda-feira,BR-427,5.1,Plena Noite,Decrescente,Nublado,Simples,Reta,-6.306606,-36.53267,DEL03-RN,Risco Médio,Baixa
segunda-feira,BR-222,7.7,Pleno dia,Decrescente,Céu Claro,Dupla,Interseção de vias,-3.753778,-38.639,DEL01-CE,Risco Médio,Baixa
domingo,BR-316,270.2,Pleno dia,Decrescente,Céu Claro,Dupla,Reta,-1.815187,-46.33621,DEL01-PA,Risco Médio,Baixa
sábado,BR-282,223.0,Plena Noite,Decrescente,Nublado,Simples,Não Informado,-27.80013,-50.36275,DEL05-SC,Risco Médio,Baixa
terça-feira,BR-101,1.0,Pleno dia,Crescente,Nublado,Dupla,Reta,-20.12909,-40.30812,DEL02-ES,Risco Médio,Alta
domingo,BR-210,3.0,Pleno dia,Decrescente,Nublado,Simples,Interseção de vias,0.08651882,-51.08484,DEL01-AP,Risco Baixo,Baixa
quinta-feira,BR-116,501.9,Plena Noite,Crescente,Nublado,Simples,Reta,-19.57278,-42.11903,DEL06-MG,Risco Alto,Alta
sábado,BR-280,8.0,Plena Noite,Decrescente,Nublado,Simples,Desvio Temporário,-26.27887,-48.64669,DEL03-SC,Risco Baixo,Baixa
segunda-feira,BR-316,425.0,Plena Noite,Decrescente,Nublado,Simples,Reta,-4.374085,-44.33235,DEL03-MA,Risco Médio,Baixa
sábado,BR-471,528.9,Pleno dia,Crescente,Sol,Simples,Reta,-32.63311,-52.58118,DEL07-RS,Risco Médio,Baixa
terça-feira,BR-104,36.0,Plena Noite,Crescente,Céu Claro,Simples,Curva,-6.667362,-36.10037,DEL02-PB,Risco Médio,Baixa
terça-feira,BR-116,348.6,Pleno dia,Decrescente,Garoa/Chuvisco,Múltipla,Curva,-24.05143,-47.20399,DEL04-SP,Risco Médio,Alta
quinta-feira,BR-153,116.0,Pleno dia,Crescente,Garoa/Chuvisco,Simples,Não Informado,-19.36692,-48.8996,DEL15-MG,Risco Médio,Alta
quinta-feira,BR-116,511.0,Plena Noite,Crescente,Garoa/Chuvisco,Dupla,Curva,-24.75057,-48.1517,DEL05-SP,Risco Médio,Alta
quinta-feira,BR-116,125.0,Pleno dia,Crescente,Céu Claro,Simples,Reta,-4.6723,-38.1371,DEL03-CE,Risco Médio,Alta
segunda-feira,BR-316,269.0,Pleno dia,Decrescente,Céu Claro,Simples,Reta,-3.6988,-45.3195,DEL02-MA,Risco Baixo,Baixa
domingo,BR-232,10.1,Plena Noite,Crescente,Nublado,Múltipla,Não Informado,-8.079172,-34.98719,DEL01-PE,Risco Médio,Baixa
domingo,BR-369,186.7,Plena Noite,Crescente,Céu Claro,Simples,Interseção de vias,-23.42309,-51.42385,DEL07-PR,Risco Médio,Baixa
sexta-feira,BR-101,37.0,Pleno dia,Crescente,Sol,Múltipla,Reta,-7.8061,-34.925,DEL01-PE,Risco Médio,Alta
terça-feira,BR-116,39.2,Anoitecer,Decrescente,Céu Claro,Simples,Reta,-28.51334,-50.93382,DEL05-RS,Risco Baixo,Alta
quarta-feira,BR-116,339.5,Plena Noite,Decrescente,Nublado,Dupla,Não Informado,-24.00272,-47.15291,DEL04-SP,Risco Baixo,Alta
quinta-feira,BR-495,13.0,Plena Noite,Crescente,Céu Claro,Simples,Curva,-22.40754,-43.04842,DEL06-RJ,Risco Médio,Baixa
quarta-feira,BR-70,537.0,Pleno dia,Decrescente,Sol,Simples,Não Informado,-15.77543,-56.34599,DEL01-MT,Risco Médio,Baixa
terça-feira,BR-230,117.3,Pleno dia,Crescente,Céu Claro,Dupla,Reta,-5.355699,-49.09047,DEL03-PA,Risco Médio,Baixa
segunda-feira,BR-470,182.0,Pleno dia,Decrescente,Chuva,Simples,Reta,-27.25239,-50.0061,DEL04-SC,Risco Médio,Baixa
segunda-feira,BR-386,341.7,Plena Noite,Decrescente,Céu Claro,Simples,Reta,-29.43523,-52.00021,DEL04-RS,Risco Médio,Média
domingo,BR-116,173.0,Plena Noite,Crescente,Céu Claro,Múltipla,Reta,-22.7981,-43.35727,DEL01-RJ,Risco Médio,Alta
segunda-feira,BR-116,565.9,Pleno dia,Crescente,Sol,Simples,Curva,-20.06858,-42.17603,DEL06-MG,Risco Médio,Alta
segunda-feira,BR-316,0.1,Pleno dia,Crescente,Nublado,Simples,Ponte,-5.130953,-42.81471,DEL02-MA,Risco Médio,Baixa
quarta-feira,BR-364,379.0,Pleno dia,Decrescente,Céu Claro,Dupla,Reta,-15.70357,-55.75518,DEL01-MT,Risco Baixo,Alta
quarta-feira,BR-10,194.8,Pleno dia,Decrescente,Sol,Simples,Reta,-6.018548,-47.38284,DEL04-MA,Risco Médio,Baixa
quarta-feira,BR-101,96.7,Pleno dia,Crescente,Céu Claro,Dupla,Desvio Temporário,-5.849496,-35.20891,DEL01-RN,Risco Médio,Alta
sexta-feira,BR-135,441.1,Pleno dia,Crescente,Sol,Simples,Reta,-17.31943,-43.97029,DEL12-MG,Risco Alto,Baixa
sexta-feira,BR-40,621.0,Pleno dia,Crescente,Céu Claro,Simples,Reta,-20.58973,-43.80582,DEL05-MG,Risco Baixo,Alta
sexta-feira,BR-381,830.2,Plena Noite,Crescente,Céu Claro,Dupla,Reta,-22.13939,-45.81344,DEL16-MG,Risco Baixo,Alta
sábado,BR-232,69.5,Amanhecer,Crescente,Céu Claro,Dupla,Reta,-8.176249,-35.48665,DEL01-PE,Risco Médio,Baixa
terça-feira,BR-101,310.0,Plena Noite,Crescente,Céu Claro,Simples,Reta,-13.29651,-39.33835,DEL05-BA,Risco Médio,Alta
sexta-feira,BR-40,4.7,Plena Noite,Decrescente,Chuva,Dupla,Curva,-22.01338,-43.23595,DEL06-RJ,Risco Médio,Alta
quarta-feira,BR-116,272.0,Pleno dia,Decrescente,Céu Claro,Dupla,Reta,-23.61294,-46.77958,DEL04-SP,Risco Médio,Alta
sábado,BR-101,162.1,Pleno dia,Crescente,Céu Claro,Dupla,Reta,-6.37503,-35.15068,DEL01-RN,Risco Alto,Alta
domingo,BR-324,584.0,Anoitecer,Decrescente,Céu Claro,Dupla,Reta,-12.63229,-38.47888,DEL01-BA,Risco Baixo,Baixa
segunda-feira,BR-158,523.5,Pleno dia,Crescente,Céu Claro,Simples,Não Informado,-26.14315,-52.65902,DEL02-PR,Risco Médio,Baixa
sexta-feira,BR-135,1.0,Plena Noite,Crescente,Céu Claro,Dupla,Curva,-2.53073,-44.3068,DEL01-MA,Risco Médio,Baixa
sexta-feira,BR-277,721.0,Pleno dia,Crescente,Céu Claro,Dupla,Reta,-25.49244,-54.51468,DEL05-PR,Risco Médio,Média
sexta-feira,BR-376,164.4,Plena Noite,Crescente,Ignorado,Dupla,Reta,-23.37353,-52.05419,DEL07-PR,Risco Médio,Baixa
sábado,BR-163,523.0,Pleno dia,Crescente,Céu Claro,Dupla,Reta,-20.13578,-54.44108,DEL01-MS,Risco Baixo,Alta
terça-feira,BR-324,378.0,Pleno dia,Decrescente,Garoa/Chuvisco,Simples,Reta,-11.39253,-39.97375,DEL04-BA,Risco Médio,Baixa
segunda-feira,BR-40,377.7,Amanhecer,Crescente,Céu Claro,Simples,Reta,-18.85901,-44.74378,DEL02-MG,Risco Médio,Alta
sábado,BR-153,661.3,Amanhecer,Decrescente,Céu Claro,Dupla,Reta,-18.0638,-49.269,DEL03-GO,Risco Médio,Alta
sábado,BR-470,153.7,Pleno dia,Decrescente,Nevoeiro/Neblina,Simples,Curva,-27.27291,-49.73474,DEL04-SC,Risco Médio,Baixa
sexta-feira,BR-101,270.8,Plena Noite,Crescente,Céu Claro,Dupla,Reta,-22.71852,-42.68689,DEL02-RJ,Risco Médio,Alta
sábado,BR-101,264.0,Plena Noite,Decrescente,Céu Claro,Múltipla,Reta,-20.17312,-40.26728,DEL02-ES,Risco Baixo,Alta
sábado,BR-210,8.0,Pleno dia,Decrescente,Céu Claro,Dupla,Rotatória,0.1045,-51.12608,DEL01-AP,Risco Médio,Baixa
domingo,BR-116,27.0,Plena Noite,Decrescente,Céu Claro,Simples,Curva,-25.11012,-48.79844,DEL01-PR,Risco Baixo,Alta
quarta-feira,BR-324,607.9,Pleno dia,Crescente,Sol,Dupla,Reta,-12.82158,-38.40808,DEL01-BA,Risco Baixo,Baixa
segunda-feira,BR-116,27.9,Pleno dia,Crescente,Chuva,Dupla,Curva,-22.62396,-44.9106,DEL08-SP,Risco Médio,Alta
sexta-feira,BR-356,271.4,Plena Noite,Decrescente,Céu Claro,Simples,Curva,-21.12553,-42.37548,DEL07-MG,Risco Médio,Baixa
terça-feira,BR-277,724.8,Pleno dia,Crescente,Céu Claro,Dupla,Não Informado,-25.50709,-54.54509,DEL05-PR,Risco Alto,Média
terça-feira,BR-381,525.5,Pleno dia,Crescente,Chuva,Dupla,Curva,-20.16711,-44.33422,DEL04-MG,Risco Baixo,Alta
sábado,BR-230,36.0,Plena Noite,Decrescente,Chuva,Dupla,Não Informado,-7.125422,-34.94443,DEL01-PB,Risco Baixo,Baixa
terça-feira,BR-101,50.1,Pleno dia,Crescente,Nublado,Simples,Reta,-23.45348,-45.07418,DEL06-SP,Risco Médio,Alta
sábado,BR-230,372.0,Plena Noite,Crescente,Céu Claro,Simples,Reta,-7.262906,-45.91897,DEL05-MA,Risco Médio,Baixa
segunda-feira,BR-232,57.9,Plena Noite,Crescente,Chuva,Dupla,Retorno Regulamentado,-8.141213,-35.38181,DEL01-PE,Risco Médio,Baixa
quinta-feira,BR-153,270.0,Plena Noite,Decrescente,Garoa/Chuvisco,Simples,Ponte,-8.380224,-48.48911,DEL02-TO,Risco Médio,Alta
domingo,BR-40,119.9,Pleno dia,Decrescente,Céu Claro,Múltipla,Reta,-22.77278,-43.28595,DEL01-RJ,Risco Médio,Alta
terça-feira,BR-376,178.0,Plena Noite,Decrescente,Céu Claro,Múltipla,Reta,-23.4149,-51.9257,DEL07-PR,Risco Médio,Baixa
segunda-feira,BR-282,4.5,Plena Noite,Crescente,Nublado,Múltipla,Desvio Temporário,-27.59265,-48.60403,DEL01-SC,Risco Médio,Baixa
domingo,BR-101,186.1,Pleno dia,Crescente,Céu Claro,Dupla,Curva,-27.43411,-48.62567,DEL01-SC,Risco Médio,Alta
segunda-feira,BR-392,5.2,Pleno dia,Decrescente,Céu Claro,Simples,Reta,-32.07688,-52.10167,DEL07-RS,Risco Médio,Média
quinta-feira,BR-116,219.0,Plena Noite,Crescente,Céu Claro,Múltipla,Reta,-23.46144,-46.48885,DEL01-SP,Risco Baixo,Alta
terça-feira,BR-153,119.0,Pleno dia,Decrescente,Céu Claro,Simples,Reta,-19.3939,-48.89662,DEL15-MG,Risco Médio,Alta
terça-feira,BR-101,327.0,Pleno dia,Crescente,Nublado,Dupla,Não Informado,-28.43023,-48.95205,DEL02-SC,Risco Médio,Alta
quinta-feira,BR-364,272.0,Pleno dia,Decrescente,Céu Claro,Dupla,Desvio Temporário,-15.96668,-54.96122,DEL02-MT,Risco Baixo,Alta
sexta-feira,BR-101,279.0,Pleno dia,Crescente,Sol,Dupla,Reta,-22.73837,-42.76745,DEL02-RJ,Risco Médio,Alta
sábado,BR-262,590.4,Pleno dia,Decrescente,Chuva,Simples,Curva,-19.66605,-46.1551,DEL08-MG,Risco Baixo,Média
quinta-feira,BR-381,70.0,Pleno dia,Decrescente,Céu Claro,Simples,Reta,-23.32492,-46.57968,DEL03-SP,Risco Médio,Alta
segunda-feira,BR-277,2.0,Plena Noite,Decrescente,Nublado,Dupla,Reta,-25.54574,-48.54374,DEL01-PR,Risco Médio,Média
segunda-feira,BR-116,113.0,Pleno dia,Crescente,Céu Claro,Simples,Reta,-28.9562,-51.0804,DEL05-RS,Risco Médio,Alta
terça-feira,BR-40,513.0,Plena Noite,Crescente,Céu Claro,Dupla,Não Informado,-19.79705,-44.10805,DEL01-MG,Risco Médio,Alta
domingo,BR-163,688.0,Plena Noite,Decrescente,Céu Claro,Dupla,Rotatória,-13.17535,-55.98244,DEL06-MT,Risco Médio,Alta