dia_semana,br,km,fase_dia,sentido_via,condicao_metereologica,tipo_pista,tracado_via,latitude,longitude,delegacia,classificacao_acidente,postos_policiais_PRF
sexta-feira,BR-116,65.8,Anoitecer,Crescente,Céu Claro,Simples,Desvio Temporário,-26.42445,-50.22812,DEL06-SC,Risco Médio,Alta
sábado,BR-40,549.0,Plena Noite,Crescente,Nublado,Dupla,Não Informado,-20.03985,-43.9672,DEL01-MG,Risco Médio,Alta
sábado,BR-101,50.8,Pleno dia,Decrescente,Céu Claro,Simples,Reta,-7.909386,-34.90123,DEL01-PE,Risco Médio,Alta
quinta-feira,BR-376,523.4,Pleno dia,Decrescente,Chuva,Dupla,Desvio Temporário,-25.26645,-49.95188,DEL03-PR,Risco Alto,Baixa
terça-feira,BR-116,217.0,Plena Noite,Crescente,Chuva,Simples,Reta,-29.54396,-51.08556,DEL05-RS,Risco Baixo,Alta
sábado,BR-232,556.3,Pleno dia,Decrescente,Céu Claro,Simples,Reta,-8.090978,-39.57865,DEL05-PE,Risco Alto,Baixa
sábado,BR-316,4.0,Plena Noite,Crescente,Garoa/Chuvisco,Múltipla,Reta,-5.140263,-42.78465,DEL01-PI,Risco Médio,Baixa
sexta-feira,BR-381,329.0,Pleno dia,Decrescente,Céu Claro,Dupla,Não Informado,-19.78359,-43.04435,DEL03-MG,Risco Médio,Alta
segunda-feira,BR-470,217.0,Pleno dia,Crescente,Nublado,Simples,Desvio Temporário,-29.17674,-51.52093,DEL06-RS,Risco Baixo,Baixa
sábado,BR-101,66.1,Pleno dia,Decrescente,Céu Claro,Múltipla,Reta,-18.71652,-39.87436,DEL04-ES,Risco Médio,Alta
terça-feira,BR-470,14.6,Pleno dia,Crescente,Sol,Simples,Reta,-26.83799,-48.7758,DEL04-SC,Risco Médio,Baixa
terça-feira,BR-235,24.9,Pleno dia,Decrescente,Chuva,Simples,Curva,-10.8111,-37.25481,DEL01-SE,Risco Médio,Baixa
sábado,BR-101,853.0,Plena Noite,Crescente,Nevoeiro/Neblina,Simples,Não Informado,-17.3521,-39.6294,DEL09-BA,Risco Médio,Alta
sábado,BR-470,66.7,Amanhecer,Decrescente,Céu Claro,Simples,Não Informado,-26.87041,-49.22184,DEL04-SC,Risco Baixo,Baixa
segunda-feira,BR-116,165.4,Pleno dia,Crescente,Nublado,Dupla,Não Informado,-23.29779,-46.00995,DEL02-SP,Risco Médio,Alta
terça-feira,BR-10,243.0,Pleno dia,Decrescente,Céu Claro,Simples,Reta,-5.60354,-47.42386,DEL04-MA,Risco Médio,Baixa
domingo,BR-262,35.0,Amanhecer,Decrescente,Céu Claro,Simples,Reta,-20.25926,-42.01698,DEL06-MG,Risco Baixo,Média
terça-feira,BR-101,144.0,Anoitecer,Decrescente,Céu Claro,Dupla,Reta,-19.31817,-40.07552,DEL04-ES,Risco Médio,Alta
sexta-feira,BR-50,209.0,Pleno dia,Decrescente,Chuva,Dupla,Viaduto,-17.6409,-47.7638,DEL06-GO,Risco Médio,Média
sexta-feira,BR-376,537.0,Anoitecer,Decrescente,Nublado,Dupla,Reta,-25.3365,-49.85287,DEL03-PR,Risco Médio,Baixa
domingo,BR-116,8.0,Plena Noite,Decrescente,Nublado,Dupla,Reta,-25.3697,-49.11312,DEL01-PR,Risco Baixo,Alta
quarta-feira,BR-101,24.9,Pleno dia,Crescente,Sol,Simples,Curva,-23.35527,-44.94599,DEL06-SP,Risco Médio,Alta
quarta-feira,BR-428,167.9,Plena Noite,Crescente,Céu Claro,Simples,Reta,-9.21693,-40.40523,DEL06-PE,Risco Alto,Baixa
quinta-feira,BR-116,85.8,Pleno dia,Decrescente,Sol,Dupla,Reta,-22.92212,-45.3445,DEL08-SP,Risco Médio,Alta
sábado,BR-343,240.0,Plena Noite,Decrescente,Céu Claro,Simples,Reta,-4.654975,-42.05392,DEL01-PI,Risco Baixo,Baixa
sábado,BR-381,41.0,Plena Noite,Crescente,Céu Claro,Dupla,Reta,-23.13723,-46.57604,DEL03-SP,Risco Médio,Alta
quinta-feira,BR-116,30.0,Plena Noite,Decrescente,Céu Claro,Dupla,Reta,-25.10003,-48.82093,DEL01-PR,Risco Médio,Alta
terça-feira,BR-101,73.0,Pleno dia,Crescente,Céu Claro,Simples,Não Informado,-9.38979,-35.83448,DEL01-AL,Risco Baixo,Alta
quinta-feira,BR-50,96.0,Plena Noite,Decrescente,Chuva,Dupla,Não Informado,-19.06548,-48.19171,DEL15-MG,Risco Médio,Média
quarta-feira,BR-101,712.0,Plena Noite,Crescente,Nublado,Simples,Curva,-16.50123,-39.5771,DEL09-BA,Risco Médio,Alta
sexta-feira,BR-376,236.8,Plena Noite,Decrescente,Nublado,Dupla,Não Informado,-23.58729,-51.4798,DEL07-PR,Risco Médio,Baixa
sexta-feira,BR-101,790.0,Plena Noite,Decrescente,Céu Claro,Simples,Curva,-16.8919,-39.52074,DEL09-BA,Risco Médio,Alta
quarta-feira,BR-376,617.5,Pleno dia,Crescente,Garoa/Chuvisco,Simples,Retorno Regulamentado,-25.59317,-49.17192,DEL01-PR,Risco Médio,Baixa
sábado,BR-262,131.0,Pleno dia,Crescente,Céu Claro,Simples,Reta,-20.18621,-42.69347,DEL03-MG,Risco Médio,Média
terça-feira,BR-163,695.0,Anoitecer,Decrescente,Céu Claro,Simples,Reta,-13.11802,-55.95656,DEL06-MT,Risco Médio,Alta
terça-feira,BR-386,321.6,Pleno dia,Crescente,Nublado,Simples,Curva,-29.28949,-52.11903,DEL04-RS,Risco Médio,Média
quinta-feira,BR-40,496.5,Pleno dia,Crescente,Nublado,Dupla,Curva,-19.67645,-44.1876,DEL02-MG,Risco Médio,Alta
sexta-feira,BR-40,669.1,Pleno dia,Crescente,Céu Claro,Simples,Não Informado,-20.96073,-43.78907,DEL05-MG,Risco Médio,Alta
segunda-feira,BR-40,522.0,Pleno dia,Crescente,Sol,Dupla,Curva,-19.86387,-44.0675,DEL01-MG,Risco Médio,Alta
sexta-feira,BR-316,438.0,Pleno dia,Decrescente,Chuva,Simples,Reta,-4.420809,-44.22499,DEL03-MA,Risco Médio,Baixa
sábado,BR-493,106.0,Pleno dia,Decrescente,Céu Claro,Dupla,Reta,-22.67209,-43.28505,DEL01-RJ,Risco Médio,Baixa
segunda-feira,BR-369,493.0,Pleno dia,Crescente,Céu Claro,Simples,Curva,-24.7382,-53.2594,DEL09-PR,Risco Médio,Baixa
sábado,BR-101,44.0,Pleno dia,Crescente,Nublado,Múltipla,Não Informado,-7.85637,-34.90842,DEL01-PE,Risco Médio,Alta
sexta-feira,BR-116,150.5,Anoitecer,Crescente,Céu Claro,Dupla,Reta,-23.21245,-45.89251,DEL02-SP,Risco Baixo,Alta
sábado,BR-465,1.0,Pleno dia,Crescente,Chuva,Simples,Reta,-22.71983,-43.72574,DEL01-RJ,Risco Médio,Baixa
sábado,BR-153,337.0,Pleno dia,Crescente,Céu Claro,Simples,Reta,-25.50617,-50.65121,DEL03-PR,Risco Médio,Alta
sexta-feira,BR-290,95.0,Pleno dia,Crescente,Céu Claro,Múltipla,Reta,-29.98283,-51.20157,DEL01-RS,Risco Médio,Baixa
quinta-feira,BR-101,114.6,Pleno dia,Decrescente,Céu Claro,Dupla,Reta,-26.86707,-48.72987,DEL04-SC,Risco Médio,Alta
domingo,BR-262,273.7,Amanhecer,Crescente,Ignorado,Simples,Reta,-20.46271,-54.04366,DEL01-MS,Risco Médio,Média
terça-feira,BR-101,191.2,Pleno dia,Crescente,Nublado,Simples,Reta,-8.7052,-35.6081,DEL01-PE,Risco Alto,Alta
quarta-feira,BR-369,502.0,Pleno dia,Decrescente,Chuva,Dupla,Reta,-24.796,-53.28862,DEL04-PR,Risco Médio,Baixa
sábado,BR-386,129.0,Plena Noite,Decrescente,Céu Claro,Simples,Reta,-27.93815,-52.94827,DEL08-RS,Risco Baixo,Média
terça-feira,BR-277,72.4,Plena Noite,Crescente,Céu Claro,Dupla,Reta,-25.50685,-49.1389,DEL01-PR,Risco Baixo,Média
domingo,BR-163,124.0,Anoitecer,Crescente,Ignorado,Simples,Reta,-23.07977,-54.22758,DEL09-MS,Risco Médio,Alta
domingo,BR-153,530.0,Plena Noite,Crescente,Céu Claro,Simples,Reta,-16.9603,-49.2384,DEL01-GO,Risco Alto,Alta
quarta-feira,BR-116,761.3,Plena Noite,Crescente,Nublado,Simples,Reta,-21.52207,-42.61775,DEL07-MG,Risco Médio,Alta
domingo,BR-230,1111.0,Pleno dia,Crescente,Céu Claro,Simples,Não Informado,-4.39187,-55.90053,DEL05-PA,Risco Baixo,Baixa
domingo,BR-381,154.5,Pleno dia,Crescente,Nublado,Simples,Reta,-18.88666,-42.0023,DEL06-MG,Risco Médio,Alta
sexta-feira,BR-280,123.0,Plena Noite,Crescente,Nublado,Simples,Reta,-26.24563,-49.46066,DEL06-SC,Risco Médio,Baixa
sexta-feira,BR-101,175.0,Plena Noite,Decrescente,Vento,Simples,Reta,-9.898247,-36.36765,DEL02-AL,Risco Médio,Alta
quarta-feira,BR-116,113.0,Pleno dia,Decrescente,Céu Claro,Dupla,Reta,-23.04408,-45.58041,DEL02-SP,Risco Médio,Alta
terça-feira,BR-369,183.2,Plena Noite,Crescente,Céu Claro,Dupla,Reta,-23.41991,-51.42487,DEL07-PR,Risco Médio,Baixa
quinta-feira,BR-471,162.5,Pleno dia,Decrescente,Sol,Simples,Reta,-29.8875,-52.39296,DEL02-RS,Risco Alto,Baixa
quarta-feira,BR-101,201.8,Pleno dia,Decrescente,Nublado,Simples,Reta,-19.71694,-40.33836,DEL04-ES,Risco Médio,Alta
quinta-feira,BR-146,543.9,Plena Noite,Decrescente,Nublado,Simples,Rotatória,-21.35807,-46.47346,DEL09-MG,Risco Médio,Baixa
sábado,BR-316,43.4,Pleno dia,Crescente,Sol,Simples,Curva,-5.428386,-42.63687,DEL01-PI,Risco Médio,Baixa
quinta-feira,BR-304,296.0,Amanhecer,Decrescente,Céu Claro,Simples,Reta,-5.87827,-35.32024,DEL01-RN,Risco Médio,Baixa
domingo,BR-116,368.8,Pleno dia,Decrescente,Nublado,Dupla,Reta,-24.15144,-47.31722,DEL04-SP,Risco Médio,Alta
quarta-feira,BR-116,704.0,Pleno dia,Crescente,Céu Claro,Simples,Reta,-21.12682,-42.38322,DEL07-MG,Risco Médio,Alta
domingo,BR-40,108.0,Plena Noite,Crescente,Céu Claro,Dupla,Reta,-22.66477,-43.28495,DEL01-RJ,Risco Médio,Alta
sexta-feira,BR-381,510.9,Pleno dia,Crescente,Nublado,Simples,Não Informado,-20.05871,-44.28982,DEL04-MG,Risco Médio,Alta
sábado,BR-471,174.0,Pleno dia,Decrescente,Sol,Simples,Reta,-30.02276,-52.37355,DEL02-RS,Risco Médio,Baixa
domingo,BR-40,705.3,Pleno dia,Crescente,Céu Claro,Dupla,Curva,-21.2406,-43.7115,DEL05-MG,Risco Médio,Alta
sexta-feira,BR-70,4.0,Pleno dia,Crescente,Céu Claro,Dupla,Reta,-15.8782,-52.28991,DEL07-MT,Risco Médio,Baixa
domingo,BR-116,188.3,Plena Noite,Crescente,Garoa/Chuvisco,Dupla,Reta,-22.73807,-43.48214,DEL01-RJ,Risco Médio,Alta
quarta-feira,BR-465,19.0,Plena Noite,Crescente,Chuva,Simples,Reta,-22.83918,-43.61045,DEL01-RJ,Risco Médio,Baixa
quarta-feira,BR-452,172.0,Pleno dia,Crescente,Céu Claro,Simples,Reta,-18.34455,-49.41176,DEL03-GO,Risco Médio,Baixa
terça-feira,BR-116,246.0,Pleno dia,Decrescente,Céu Claro,Dupla,Reta,-29.75229,-51.15141,DEL01-RS,Risco Médio,Alta
sábado,BR-280,73.0,Plena Noite,Crescente,Céu Claro,Simples,Rotatória,-26.45877,-49.1602,DEL03-SC,Risco Baixo,Baixa
sexta-feira,BR-304,293.0,Pleno dia,Decrescente,Céu Claro,Simples,Não Informado,-5.868462,-35.37603,DEL01-RN,Risco Baixo,Baixa
sábado,BR-364,518.0,Pleno dia,Crescente,Sol,Dupla,Reta,-9.884611,-63.05664,DEL03-RO,Risco Médio,Alta
sexta-feira,BR-101,318.3,Pleno dia,Crescente,Céu Claro,Dupla,Reta,-22.84566,-43.09843,DEL02-RJ,Risco Médio,Alta
sábado,BR-101,63.0,Pleno dia,Decrescente,Garoa/Chuvisco,Dupla,Reta,-21.73473,-41.32504,DEL08-RJ,Risco Médio,Alta
sexta-feira,BR-153,109.4,Plena Noite,Crescente,Nublado,Simples,Reta,-23.8484,-50.19259,DEL07-PR,Risco Baixo,Alta
sábado,BR-135,183.0,Pleno dia,Decrescente,Céu Claro,Simples,Reta,-12.17492,-45.00984,DEL10-BA,Risco Baixo,Baixa
quinta-feira,BR-316,63.0,Pleno dia,Crescente,Céu Claro,Dupla,Reta,-1.296794,-47.92878,DEL01-PA,Risco Médio,Baixa
sábado,BR-116,112.9,Plena Noite,Crescente,Nublado,Dupla,Reta,-23.04368,-45.58005,DEL06-SP,Risco Baixo,Alta
quarta-feira,BR-158,75.8,Pleno dia,Decrescente,Sol,Simples,Reta,-27.69953,-53.31357,DEL08-RS,Risco Médio,Baixa
segunda-feira,BR-116,266.0,Plena Noite,Decrescente,Céu Claro,Múltipla,Reta,-29.9324,-51.17742,DEL01-RS,Risco Médio,Alta
segunda-feira,BR-424,83.6,Pleno dia,Decrescente,Céu Claro,Simples,Curva,-8.845934,-36.52457,DEL03-PE,Risco Médio,Baixa
domingo,BR-135,36.0,Pleno dia,Crescente,Chuva,Dupla,Reta,-2.858091,-44.37474,DEL01-MA,Risco Baixo,Baixa
sábado,BR-365,0.1,Plena Noite,Crescente,Céu Claro,Simples,Rotatória,-16.7649,-43.8842,DEL12-MG,Risco Médio,Média
sábado,BR-423,94.3,Plena Noite,Crescente,Garoa/Chuvisco,Múltipla,Reta,-8.874732,-36.46946,DEL03-PE,Risco Médio,Baixa
segunda-feira,BR-101,35.0,Pleno dia,Decrescente,Céu Claro,Dupla,Desvio Temporário,-7.779522,-34.93231,DEL01-PE,Risco Médio,Alta
quinta-feira,BR-364,349.0,Pleno dia,Crescente,Nublado,Dupla,Reta,-15.79379,-55.5842,DEL02-MT,Risco Baixo,Alta
sábado,BR-163,1013.0,Plena Noite,Crescente,Céu Claro,Simples,Não Informado,-10.51023,-55.07439,DEL06-MT,Risco Médio,Alta
domingo,BR-101,157.0,Anoitecer,Crescente,Céu Claro,Dupla,Reta,-27.18163,-48.61212,DEL04-SC,Risco Médio,Alta
quinta-feira,BR-101,92.0,Pleno dia,Crescente,Chuva,Dupla,Reta,-8.232018,-34.99779,DEL01-PE,Risco Médio,Alta
quarta-feira,BR-381,84.0,Pleno dia,Decrescente,Céu Claro,Múltipla,Reta,-23.45113,-46.57005,DEL03-SP,Risco Médio,Alta
sexta-feira,BR-376,407.0,Pleno dia,Decrescente,Chuva,Dupla,Não Informado,-24.60225,-50.66421,DEL03-PR,Risco Baixo,Baixa
quarta-feira,BR-232,46.0,Pleno dia,Crescente,Chuva,Dupla,Reta,-8.133467,-35.28919,DEL01-PE,Risco Médio,Baixa
quarta-feira,BR-40,1.4,Pleno dia,Crescente,Céu Claro,Dupla,Reta,-15.98553,-47.98775,DEL01-DF,Risco Médio,Alta
segunda-feira,BR-277,192.0,Pleno dia,Crescente,Chuva,Simples,Reta,-25.42747,-50.13157,DEL08-PR,Risco Médio,Média
quarta-feira,BR-101,286.0,Pleno dia,Crescente,Nublado,Dupla,Reta,-22.75409,-42.82492,DEL02-RJ,Risco Médio,Alta
segunda-feira,BR-381,485.0,Pleno dia,Decrescente,Sol,Múltipla,Reta,-19.95659,-44.12623,DEL01-MG,Risco Médio,Alta
quarta-feira,BR-116,13.1,Amanhecer,Crescente,Céu Claro,Dupla,Reta,-22.55124,-44.81189,DEL08-SP,Risco Médio,Alta
segunda-feira,BR-50,177.2,Amanhecer,Crescente,Nublado,Dupla,Reta,-17.39048,-47.78092,DEL06-GO,Risco Baixo,Média
sábado,BR-280,171.0,Amanhecer,Crescente,Nublado,Simples,Rotatória,-26.14204,-49.81668,DEL06-SC,Risco Baixo,Baixa
domingo,BR-101,579.0,Plena Noite,Crescente,Ignorado,Simples,Reta,-23.23421,-44.70218,DEL03-RJ,Risco Médio,Alta
quinta-feira,BR-116,291.0,Plena Noite,Crescente,Chuva,Dupla,Interseção de vias,-23.73827,-46.89673,DEL04-SP,Risco Baixo,Alta
domingo,BR-163,1034.0,Plena Noite,Crescente,Céu Claro,Simples,Reta,-10.21306,-54.96511,DEL06-MT,Risco Médio,Alta
quinta-feira,BR-40,370.6,Amanhecer,Crescente,Céu Claro,Simples,Não Informado,-18.81525,-44.79065,DEL02-MG,Risco Médio,Alta
sábado,BR-101,874.0,Pleno dia,Decrescente,Céu Claro,Simples,Desvio Temporário,-17.71787,-39.7675,DEL09-BA,Risco Médio,Alta
sexta-feira,BR-101,270.0,Pleno dia,Crescente,Céu Claro,Dupla,Reta,-20.22648,-40.27075,DEL02-ES,Risco Médio,Alta
sexta-feira,BR-324,625.0,Plena Noite,Decrescente,Céu Claro,Múltipla,Reta,-12.94195,-38.47081,DEL01-BA,Risco Médio,Baixa
quarta-feira,BR-381,338.0,Pleno dia,Decrescente,Garoa/Chuvisco,Simples,Curva,-19.8069,-43.0643,DEL03-MG,Risco Médio,Alta
quinta-feira,BR-423,111.2,Plena Noite,Decrescente,Nublado,Simples,Não Informado,-8.893891,-36.61812,DEL03-PE,Risco Médio,Baixa
sexta-feira,BR-116,2.0,Plena Noite,Decrescente,Céu Claro,Múltipla,Reta,-3.770198,-38.51725,DEL01-CE,Risco Médio,Alta
quarta-feira,BR-116,21.0,Pleno dia,Decrescente,Céu Claro,Simples,Não Informado,-8.026807,-39.1437,DEL05-PE,Risco Alto,Alta
quinta-feira,BR-116,108.5,Pleno dia,Decrescente,Céu Claro,Dupla,Reta,-25.42895,-49.26714,DEL01-PR,Risco Médio,Alta
domingo,BR-101,338.0,Amanhecer,Crescente,Nevoeiro/Neblina,Simples,Curva,-13.64624,-39.48617,DEL05-BA,Risco Alto,Alta
sábado,BR-101,279.0,Pleno dia,Decrescente,Céu Claro,Dupla,Reta,-22.73836,-42.76753,DEL02-RJ,Risco Baixo,Alta
sexta-feira,BR-116,197.6,Pleno dia,Decrescente,Céu Claro,Simples,Reta,-5.167632,-38.16654,DEL03-CE,Risco Baixo,Alta
terça-feira,BR-116,46.2,Pleno dia,Crescente,Céu Claro,Simples,Reta,-8.240053,-39.11208,DEL05-PE,Risco Médio,Alta
segunda-feira,BR-116,25.9,Amanhecer,Crescente,Chuva,Simples,Reta,-28.40611,-50.85626,DEL05-RS,Risco Médio,Alta
quarta-feira,BR-50,98.6,Pleno dia,Crescente,Céu Claro,Simples,Interseção de vias,-16.9309,-47.7117,DEL01-DF,Risco Médio,Média
sábado,BR-70,123.0,Pleno dia,Crescente,Céu Claro,Simples,Reta,-15.82331,-49.22819,DEL02-GO,Risco Médio,Baixa
sábado,BR-116,44.0,Plena Noite,Decrescente,Chuva,Dupla,Curva,-25.18824,-48.88492,DEL01-PR,Risco Baixo,Alta
sábado,BR-101,177.0,Plena Noite,Decrescente,Céu Claro,Simples,Reta,-19.60287,-40.20326,DEL04-ES,Risco Médio,Alta
quarta-feira,BR-290,0.5,Pleno dia,Crescente,Chuva,Dupla,Reta,-29.89285,-50.28277,DEL03-RS,Risco Médio,Baixa
sexta-feira,BR-280,8.8,Pleno dia,Decrescente,Nublado,Simples,Reta,-26.2851,-48.64629,DEL03-SC,Risco Médio,Baixa
sábado,BR-373,177.2,Plena Noite,Crescente,Céu Claro,Dupla,Reta,-25.05597,-50.22678,DEL03-PR,Risco Médio,Baixa
terça-feira,BR-381,345.0,Pleno dia,Crescente,Chuva,Simples,Curva,-19.84209,-43.09981,DEL03-MG,Risco Médio,Alta
sábado,BR-381,546.5,Amanhecer,Decrescente,Céu Claro,Dupla,Reta,-20.29623,-44.43843,DEL04-MG,Risco Médio,Alta
terça-feira,BR-50,36.0,Pleno dia,Crescente,Céu Claro,Simples,Reta,-18.6549,-48.1481,DEL15-MG,Risco Baixo,Média
quarta-feira,BR-424,107.0,Plena Noite,Crescente,Céu Claro,Simples,Reta,-9.7011,-35.8114,DEL02-AL,Risco Médio,Baixa
quinta-feira,BR-101,103.0,Pleno dia,Decrescente,Sol,Simples,Viaduto,-5.89034,-35.24895,DEL01-RN,Risco Baixo,Alta
quarta-feira,BR-116,672.0,Plena Noite,Crescente,Céu Claro,Simples,Retorno Regulamentado,-13.7997,-40.1113,DEL03-BA,Risco Médio,Alta
sexta-feira,BR-116,150.0,Pleno dia,Crescente,Nublado,Simples,Reta,-25.81557,-49.33089,DEL01-PR,Risco Baixo,Alta
terça-feira,BR-116,192.5,Anoitecer,Crescente,Nublado,Dupla,Curva,-23.36889,-46.23737,DEL02-SP,Risco Médio,Alta
sábado,BR-381,668.0,Pleno dia,Crescente,Céu Claro,Dupla,Reta,-21.06788,-45.0523,DEL04-MG,Risco Baixo,Alta
quarta-feira,BR-282,285.8,Plena Noite,Crescente,Céu Claro,Simples,Reta,-27.57482,-50.80148,DEL05-SC,Risco Médio,Baixa
sábado,BR-116,430.0,Pleno dia,Crescente,Sol,Simples,Reta,-6.838563,-38.73942,DEL05-CE,Risco Médio,Alta
sábado,BR-101,202.2,Pleno dia,Decrescente,Céu Claro,Dupla,Reta,-27.55712,-48.61898,DEL01-SC,Risco Médio,Alta
terça-feira,BR-40,527.8,Amanhecer,Crescente,Céu Claro,Múltipla,Reta,-19.9015,-44.04939,DEL01-MG,Risco Médio,Alta
quarta-feira,BR-40,39.8,Pleno dia,Decrescente,Céu Claro,Simples,Reta,-17.21128,-46.89012,DEL14-MG,Risco Médio,Alta
quinta-feira,BR-153,494.0,Pleno dia,Decrescente,Sol,Dupla,Reta,-16.6614,-49.2218,DEL01-GO,Risco Médio,Alta
domingo,BR-316,32.5,Pleno dia,Crescente,Sol,Simples,Reta,-5.357576,-42.67634,DEL01-PI,Risco Médio,Baixa
sexta-feira,BR-116,534.0,Plena Noite,Crescente,Céu Claro,Simples,Reta,-12.74292,-39.78904,DEL03-BA,Risco Alto,Alta
quinta-feira,BR-226,118.8,Pleno dia,Crescente,Céu Claro,Simples,Reta,-6.193731,-36.05899,DEL03-RN,Risco Médio,Baixa
segunda-feira,BR-277,55.1,Pleno dia,Decrescente,Nevoeiro/Neblina,Dupla,Curva,-25.57496,-48.98598,DEL01-PR,Risco Baixo,Média
sábado,BR-104,37.8,Plena Noite,Crescente,Céu Claro,Dupla,Curva,-8.070506,-36.04657,DEL02-PE,Risco Alto,Baixa
domingo,BR-163,342.0,Anoitecer,Decrescente,Ignorado,Simples,Reta,-21.6576,-54.4311,DEL02-MS,Risco Médio,Alta
domingo,BR-429,198.5,Plena Noite,Crescente,Céu Claro,Simples,Reta,-11.76296,-63.03672,DEL02-RO,Risco Médio,Baixa
domingo,BR-101,86.0,Plena Noite,Decrescente,Céu Claro,Dupla,Reta,-10.866,-37.1349,DEL01-SE,Risco Médio,Alta
quinta-feira,BR-60,164.8,Pleno dia,Decrescente,Chuva,Dupla,Reta,-16.7036,-49.342,DEL01-GO,Risco Médio,Média
quinta-feira,BR-40,682.8,Pleno dia,Decrescente,Céu Claro,Simples,Não Informado,-21.06757,-43.76959,DEL05-MG,Risco Médio,Alta
quarta-feira,BR-381,69.0,Anoitecer,Crescente,Chuva,Múltipla,Reta,-23.34982,-46.5533,DEL03-SP,Risco Baixo,Alta
quinta-feira,BR-101,273.9,Pleno dia,Decrescente,Céu Claro,Dupla,Reta,-20.22029,-40.29049,DEL02-ES,Risco Médio,Alta
sexta-feira,BR-101,146.7,Anoitecer,Decrescente,Garoa/Chuvisco,Simples,Reta,-19.37571,-40.066,DEL04-ES,Risco Médio,Alta
sábado,BR-407,88.9,Pleno dia,Crescente,Sol,Simples,Reta,-9.142774,-40.63705,DEL06-PE,Risco Médio,Baixa
sexta-feira,BR-116,217.0,Pleno dia,Crescente,Céu Claro,Múltipla,Reta,-23.45424,-46.47119,DEL01-SP,Risco Médio,Alta
quinta-feira,BR-163,687.0,Anoitecer,Decrescente,Nublado,Simples,Retorno Regulamentado,-13.07972,-55.93927,DEL06-MT,Risco Médio,Alta
domingo,BR-101,147.5,Plena Noite,Crescente,Nublado,Dupla,Desvio Temporário,-11.23521,-37.42833,DEL02-SE,Risco Médio,Alta
segunda-feira,BR-408,66.7,Pleno dia,Crescente,Céu Claro,Múltipla,Reta,-7.854564,-35.22364,DEL01-PE,Risco Médio,Baixa
terça-feira,BR-101,124.0,Plena Noite,Crescente,Céu Claro,Dupla,Viaduto,-26.94335,-48.69199,DEL04-SC,Risco Médio,Alta
sexta-feira,BR-116,216.0,Pleno dia,Decrescente,Nublado,Múltipla,Reta,-23.45057,-46.46258,DEL01-SP,Risco Médio,Alta
sábado,BR-343,19.7,Plena Noite,Decrescente,Céu Claro,Simples,Reta,-2.978452,-41.76204,DEL05-PI,Risco Médio,Baixa
quarta-feira,BR-104,70.0,Plena Noite,Crescente,Céu Claro,Dupla,Reta,-8.3264,-35.9852,DEL02-PE,Risco Médio,Baixa
sexta-feira,BR-235,45.0,Pleno dia,Crescente,Céu Claro,Simples,Reta,-10.70345,-37.42905,DEL01-SE,Risco Médio,Baixa
segunda-feira,BR-116,118.4,Plena Noite,Decrescente,Céu Claro,Simples,Não Informado,-16.5826,-41.50168,DEL11-MG,Risco Médio,Alta
segunda-feira,BR-116,228.0,Pleno dia,Crescente,Céu Claro,Simples,Reta,-23.50343,-46.56639,DEL01-SP,Risco Médio,Alta
sexta-feira,BR-101,197.8,Pleno dia,Crescente,Céu Claro,Múltipla,Desvio Temporário,-27.51844,-48.63848,DEL01-SC,Risco Médio,Alta
terça-feira,BR-101,209.0,Pleno dia,Decrescente,Céu Claro,Dupla,Reta,-27.6099,-48.6389,DEL01-SC,Risco Médio,Alta
sexta-feira,BR-163,260.7,Pleno dia,Decrescente,Céu Claro,Dupla,Reta,-22.24489,-54.77203,DEL04-MS,Risco Médio,Alta
terça-feira,BR-104,147.3,Plena Noite,Crescente,Vento,Simples,Reta,-7.43752,-35.90084,DEL02-PB,Risco Médio,Baixa
domingo,BR-493,19.0,Plena Noite,Decrescente,Nublado,Simples,Reta,-22.66376,-43.04203,DEL04-RJ,Risco Médio,Baixa
sábado,BR-470,165.5,Pleno dia,Decrescente,Nublado,Simples,Curva,-27.27851,-49.8366,DEL04-SC,Risco Médio,Baixa
sábado,BR-316,307.0,Plena Noite,Decrescente,Céu Claro,Simples,Reta,-7.077359,-41.46728,DEL04-PI,Risco Alto,Baixa
domingo,BR-277,721.5,Plena Noite,Crescente,Nublado,Dupla,Não Informado,-25.49115,-54.51185,DEL05-PR,Risco Alto,Média
quinta-feira,BR-116,177.0,Anoitecer,Crescente,Céu Claro,Dupla,Reta,-22.7497,-43.44124,DEL01-RJ,Risco Médio,Alta
segunda-feira,BR-20,235.0,Pleno dia,Crescente,Céu Claro,Simples,Reta,-4.877583,-39.60271,DEL02-CE,Risco Médio,Baixa
domingo,BR-222,7.6,Plena Noite,Decrescente,Chuva,Simples,Ponte,-4.384388,-47.53529,DEL02-PA,Risco Baixo,Baixa
segunda-feira,BR-282,497.5,Plena Noite,Crescente,Céu Claro,Simples,Reta,-26.88006,-52.34468,DEL07-SC,Risco Baixo,Baixa
quinta-feira,BR-116,278.9,Pleno dia,Crescente,Sol,Simples,Reta,-5.67729,-38.4692,DEL05-CE,Risco Médio,Alta
sexta-feira,BR-470,141.9,Pleno dia,Crescente,Sol,Simples,Interseção de vias,-27.20461,-49.63817,DEL04-SC,Risco Médio,Baixa
quinta-feira,BR-101,134.0,Pleno dia,Crescente,Céu Claro,Dupla,Interseção de vias,-27.00218,-48.63643,DEL04-SC,Risco Médio,Alta
quinta-feira,BR-101,111.0,Pleno dia,Decrescente,Céu Claro,Simples,Reta,-12.16247,-38.48587,DEL01-BA,Risco Médio,Alta