dia_semana,br,km,fase_dia,sentido_via,condicao_metereologica,tipo_pista,tracado_via,latitude,longitude,delegacia,classificacao_acidente,postos_policiais_PRF
segunda-feira,BR-116,173.5,Pleno dia,Decrescente,Céu Claro,Dupla,Não Informado,-23.3171,-46.08179,DEL02-SP,Risco Médio,Alta
terça-feira,BR-40,497.2,Pleno dia,Decrescente,Sol,Dupla,Não Informado,-19.679,-44.18716,DEL02-MG,Risco Médio,Alta
sábado,BR-101,339.6,Pleno dia,Decrescente,Sol,Simples,Não Informado,-28.5023,-49.0475,DEL02-SC,Risco Baixo,Alta
terça-feira,BR-101,130.4,Pleno dia,Crescente,Céu Claro,Simples,Reta,-26.98408,-48.66977,DEL04-SC,Risco Médio,Alta
sábado,BR-40,115.0,Plena Noite,Crescente,Nublado,Múltipla,Reta,-22.72757,-43.28916,DEL01-RJ,Risco Médio,Alta
terça-feira,BR-277,324.5,Pleno dia,Decrescente,Céu Claro,Simples,Curva,-25.37423,-51.31264,DEL03-PR,Risco Alto,Média
sexta-feira,BR-101,314.2,Pleno dia,Decrescente,Nublado,Dupla,Reta,-22.8184,-43.07953,DEL02-RJ,Risco Médio,Alta
terça-feira,BR-116,180.0,Plena Noite,Decrescente,Céu Claro,Dupla,Reta,-22.74,-43.4595,DEL01-RJ,Risco Médio,Alta
domingo,BR-153,228.0,Plena Noite,Crescente,Nublado,Simples,Curva,-20.1692,-49.1132,DEL13-MG,Risco Médio,Alta
segunda-feira,BR-235,6.0,Pleno dia,Decrescente,Sol,Dupla,Interseção de vias,-10.90398,-37.12851,DEL01-SE,Risco Médio,Baixa
sábado,BR-376,174.1,Pleno dia,Crescente,Céu Claro,Dupla,Reta,-23.4173,-51.9585,DEL07-PR,Risco Médio,Baixa
segunda-feira,BR-163,36.0,Plena Noite,Decrescente,Céu Claro,Simples,Rotatória,-26.0589,-53.7195,DEL02-PR,Risco Médio,Alta
sexta-feira,BR-101,88.0,Plena Noite,Decrescente,Céu Claro,Dupla,Não Informado,-10.87113,-37.13446,DEL01-SE,Risco Médio,Alta
domingo,BR-101,249.0,Pleno dia,Decrescente,Chuva,Simples,Curva,-20.08423,-40.3454,DEL02-ES,Risco Baixo,Alta
segunda-feira,BR-10,82.0,Plena Noite,Crescente,Nublado,Simples,Reta,-3.729997,-47.49184,DEL02-PA,Risco Médio,Baixa
domingo,BR-472,177.0,Pleno dia,Decrescente,Céu Claro,Simples,Reta,-27.85432,-54.52953,DEL10-RS,Risco Médio,Baixa
quinta-feira,BR-101,260.0,Pleno dia,Crescente,Chuva,Dupla,Curva,-27.99906,-48.69193,DEL02-SC,Risco Baixo,Alta
quinta-feira,BR-232,89.5,Amanhecer,Decrescente,Céu Claro,Dupla,Reta,-8.21623,-35.64675,DEL02-PE,Risco Médio,Baixa
sábado,BR-356,66.0,Pleno dia,Decrescente,Céu Claro,Dupla,Rotatória,-21.76539,-41.34568,DEL08-RJ,Risco Médio,Baixa
segunda-feira,BR-116,426.9,Amanhecer,Crescente,Céu Claro,Dupla,Reta,-24.38917,-47.72275,DEL05-SP,Risco Baixo,Alta
sábado,BR-381,185.7,Pleno dia,Crescente,Céu Claro,Simples,Reta,-19.07143,-42.17623,DEL06-MG,Risco Médio,Alta
quinta-feira,BR-116,267.0,Amanhecer,Crescente,Céu Claro,Dupla,Reta,-29.94142,-51.17697,DEL01-RS,Risco Médio,Alta
segunda-feira,BR-101,105.8,Pleno dia,Decrescente,Nublado,Múltipla,Viaduto,-5.901652,-35.25929,DEL01-RN,Risco Médio,Alta
domingo,BR-230,61.0,Plena Noite,Decrescente,Céu Claro,Dupla,Não Informado,-7.2055,-35.148,DEL01-PB,Risco Baixo,Baixa
segunda-feira,BR-364,26.2,Plena Noite,Crescente,Chuva,Simples,Reta,-17.17682,-53.3845,DEL02-MT,Risco Alto,Alta
quinta-feira,BR-116,246.7,Plena Noite,Decrescente,Céu Claro,Dupla,Reta,-29.76156,-51.15217,DEL01-RS,Risco Alto,Alta
domingo,BR-101,87.5,Plena Noite,Decrescente,Nublado,Dupla,Não Informado,-26.63713,-48.69651,DEL03-SC,Risco Médio,Alta
segunda-feira,BR-40,596.3,Pleno dia,Crescente,Céu Claro,Simples,Curva,-20.41181,-43.89477,DEL05-MG,Risco Médio,Alta
sábado,BR-153,219.0,Pleno dia,Decrescente,Sol,Simples,Reta,-21.988,-49.9149,DEL07-SP,Risco Baixo,Alta
domingo,BR-116,134.0,Plena Noite,Decrescente,Céu Claro,Dupla,Reta,-22.65369,-43.15353,DEL02-RJ,Risco Baixo,Alta
segunda-feira,BR-116,213.3,Pleno dia,Decrescente,Céu Claro,Dupla,Desvio Temporário,-23.44194,-46.44244,DEL01-SP,Risco Baixo,Alta
domingo,BR-381,519.0,Pleno dia,Crescente,Céu Claro,Dupla,Curva,-20.10871,-44.31472,DEL01-MG,Risco Baixo,Alta
quinta-feira,BR-116,281.0,Pleno dia,Crescente,Chuva,Dupla,Curva,-22.4984,-44.2334,DEL07-RJ,Risco Baixo,Alta
terça-feira,BR-381,494.1,Pleno dia,Crescente,Sol,Dupla,Não Informado,-19.9731,-44.1843,DEL01-MG,Risco Médio,Alta
quinta-feira,BR-101,109.3,Pleno dia,Decrescente,Céu Claro,Múltipla,Curva,-26.83372,-48.69917,DEL03-SC,Risco Baixo,Alta
quinta-feira,BR-101,93.0,Amanhecer,Crescente,Céu Claro,Dupla,Curva,-21.86013,-41.53283,DEL08-RJ,Risco Baixo,Alta
quarta-feira,BR-101,91.8,Pleno dia,Decrescente,Nublado,Simples,Reta,-8.240517,-34.98664,DEL01-PE,Risco Médio,Alta
terça-feira,BR-101,143.9,Anoitecer,Crescente,Céu Claro,Simples,Reta,-19.34287,-40.06386,DEL04-ES,Risco Médio,Alta
terça-feira,BR-364,208.2,Plena Noite,Crescente,Céu Claro,Simples,Curva,-17.90284,-51.83324,DEL05-GO,Risco Baixo,Alta
sábado,BR-153,183.6,Pleno dia,Crescente,Céu Claro,Simples,Reta,-19.88094,-48.97505,DEL13-MG,Risco Médio,Alta
terça-feira,BR-40,109.0,Anoitecer,Crescente,Céu Claro,Dupla,Reta,-22.67753,-43.28649,DEL01-RJ,Risco Médio,Alta
sexta-feira,BR-282,280.3,Plena Noite,Crescente,Nublado,Simples,Reta,-27.5834,-50.75492,DEL05-SC,Risco Baixo,Baixa
quinta-feira,BR-316,603.9,Pleno dia,Decrescente,Céu Claro,Simples,Reta,-5.038544,-42.93136,DEL03-MA,Risco Médio,Baixa
quinta-feira,BR-230,342.0,Pleno dia,Crescente,Céu Claro,Simples,Não Informado,-7.133938,-45.68974,DEL05-MA,Risco Médio,Baixa
sexta-feira,BR-376,317.0,Plena Noite,Crescente,Céu Claro,Simples,Não Informado,-24.03662,-51.08399,DEL07-PR,Risco Alto,Baixa
quarta-feira,BR-10,155.0,Plena Noite,Decrescente,Céu Claro,Simples,Reta,-6.364955,-47.37889,DEL04-MA,Risco Médio,Baixa
domingo,BR-359,524.0,Plena Noite,Crescente,Nublado,Simples,Reta,-19.02177,-57.61508,DEL03-MS,Risco Médio,Baixa
domingo,BR-116,65.4,Pleno dia,Crescente,Céu Claro,Dupla,Reta,-22.82196,-45.19643,DEL08-SP,Risco Médio,Alta
segunda-feira,BR-406,169.0,Pleno dia,Crescente,Céu Claro,Dupla,Não Informado,-5.761564,-35.29157,DEL02-RN,Risco Médio,Baixa
sexta-feira,BR-40,553.3,Anoitecer,Crescente,Nublado,Dupla,Curva,-20.077,-43.9823,DEL01-MG,Risco Médio,Alta
segunda-feira,BR-101,296.0,Pleno dia,Decrescente,Céu Claro,Dupla,Reta,-22.7593,-42.89483,DEL02-RJ,Risco Baixo,Alta
quarta-feira,BR-405,171.1,Pleno dia,Decrescente,Céu Claro,Simples,Reta,-6.278955,-38.26049,DEL04-RN,Risco Alto,Baixa
quarta-feira,BR-116,228.0,Plena Noite,Crescente,Ignorado,Simples,Curva,-17.4695,-41.4948,DEL11-MG,Risco Baixo,Alta
segunda-feira,BR-40,110.0,Pleno dia,Decrescente,Nublado,Múltipla,Reta,-22.68299,-43.28522,DEL01-RJ,Risco Médio,Alta
sábado,BR-101,185.0,Plena Noite,Crescente,Céu Claro,Simples,Reta,-11.376,-37.6531,DEL02-SE,Risco Médio,Alta
terça-feira,BR-349,967.0,Pleno dia,Decrescente,Céu Claro,Simples,Reta,-13.54921,-45.10368,DEL08-BA,Risco Alto,Baixa
quarta-feira,BR-470,11.9,Pleno dia,Decrescente,Céu Claro,Simples,Interseção de vias,-26.83326,-48.73672,DEL04-SC,Risco Médio,Baixa
quarta-feira,BR-163,182.5,Plena Noite,Crescente,Céu Claro,Dupla,Viaduto,-25.13794,-53.58775,DEL04-PR,Risco Médio,Alta
domingo,BR-40,565.0,Pleno dia,Decrescente,Céu Claro,Simples,Reta,-20.16985,-43.96555,DEL01-MG,Risco Médio,Alta
quarta-feira,BR-40,591.0,Plena Noite,Decrescente,Nublado,Dupla,Não Informado,-20.37467,-43.90772,DEL01-MG,Risco Médio,Alta
sábado,BR-40,121.0,Pleno dia,Crescente,Céu Claro,Dupla,Reta,-22.78185,-43.28571,DEL01-RJ,Risco Médio,Alta
terça-feira,BR-277,75.8,Pleno dia,Crescente,Céu Claro,Dupla,Reta,-25.49058,-49.1748,DEL01-PR,Risco Médio,Média
terça-feira,BR-381,887.9,Plena Noite,Decrescente,Céu Claro,Dupla,Reta,-22.56149,-46.04081,DEL16-MG,Risco Baixo,Alta
sexta-feira,BR-116,117.1,Pleno dia,Decrescente,Nublado,Simples,Reta,-23.05823,-45.6177,DEL06-SP,Risco Médio,Alta
sexta-feira,BR-116,395.0,Pleno dia,Decrescente,Sol,Simples,Desvio Temporário,-6.555432,-38.85884,DEL05-CE,Risco Médio,Alta
quinta-feira,BR-153,107.0,Plena Noite,Decrescente,Céu Claro,Simples,Interseção de vias,-13.71016,-49.02099,DEL07-GO,Risco Médio,Alta
sábado,BR-277,512.2,Pleno dia,Decrescente,Céu Claro,Simples,Reta,-25.12175,-52.77583,DEL04-PR,Risco Médio,Média
segunda-feira,BR-116,282.0,Plena Noite,Decrescente,Nublado,Dupla,Reta,-23.66268,-46.85314,DEL04-SP,Risco Médio,Alta
sábado,BR-116,257.0,Pleno dia,Crescente,Céu Claro,Dupla,Não Informado,-22.59206,-44.06771,DEL07-RJ,Risco Médio,Alta
domingo,BR-116,196.0,Pleno dia,Crescente,Céu Claro,Múltipla,Reta,-22.73337,-43.55659,DEL01-RJ,Risco Médio,Alta
domingo,BR-364,249.0,Pleno dia,Crescente,Nublado,Dupla,Não Informado,-16.12532,-54.84579,DEL02-MT,Risco Médio,Alta
terça-feira,BR-476,132.4,Pleno dia,Decrescente,Céu Claro,Dupla,Reta,-25.46382,-49.25188,DEL01-PR,Risco Médio,Baixa
segunda-feira,BR-101,182.0,Pleno dia,Crescente,Chuva,Simples,Reta,-11.38012,-37.66405,DEL02-SE,Risco Baixo,Alta
quinta-feira,BR-101,112.0,Pleno dia,Decrescente,Céu Claro,Dupla,Curva,-8.327062,-35.11662,DEL01-PE,Risco Baixo,Alta
quinta-feira,BR-277,712.2,Pleno dia,Decrescente,Sol,Dupla,Desvio Temporário,-25.45781,-54.4312,DEL05-PR,Risco Médio,Média
terça-feira,BR-476,261.9,Pleno dia,Crescente,Chuva,Simples,Curva,-25.89568,-50.26233,DEL02-PR,Risco Baixo,Baixa
segunda-feira,BR-153,491.8,Pleno dia,Decrescente,Nublado,Simples,Reta,-16.63724,-49.20614,DEL01-GO,Risco Médio,Alta
sábado,BR-50,132.8,Pleno dia,Decrescente,Chuva,Dupla,Reta,-17.0245,-47.7626,DEL06-GO,Risco Médio,Média
segunda-feira,BR-116,277.8,Pleno dia,Decrescente,Céu Claro,Múltipla,Reta,-17.8521,-41.5141,DEL11-MG,Risco Médio,Alta
domingo,BR-101,197.4,Pleno dia,Decrescente,Chuva,Múltipla,Reta,-27.51852,-48.638,DEL01-SC,Risco Médio,Alta
terça-feira,BR-101,79.0,Pleno dia,Decrescente,Nublado,Dupla,Reta,-7.116346,-34.95149,DEL01-PB,Risco Médio,Alta
terça-feira,BR-222,245.0,Pleno dia,Crescente,Céu Claro,Simples,Reta,-5.355886,-49.07942,DEL03-PA,Risco Médio,Baixa
terça-feira,BR-116,147.3,Anoitecer,Decrescente,Nublado,Dupla,Reta,-23.19657,-45.87503,DEL02-SP,Risco Médio,Alta
domingo,BR-153,507.0,Pleno dia,Crescente,Céu Claro,Múltipla,Não Informado,-16.7715,-49.2387,DEL01-GO,Risco Médio,Alta
segunda-feira,BR-364,449.9,Plena Noite,Decrescente,Céu Claro,Simples,Reta,-15.55092,-56.27088,DEL01-MT,Risco Baixo,Alta
sábado,BR-476,239.0,Plena Noite,Decrescente,Céu Claro,Simples,Curva,-25.86942,-50.06573,DEL02-PR,Risco Médio,Baixa
segunda-feira,BR-116,562.3,Plena Noite,Decrescente,Nublado,Dupla,Curva,-25.02899,-48.52661,DEL05-SP,Risco Médio,Alta
segunda-feira,BR-230,1.0,Pleno dia,Decrescente,Céu Claro,Simples,Reta,-6.9753,-34.8318,DEL01-PB,Risco Médio,Baixa
quinta-feira,BR-393,251.0,Pleno dia,Crescente,Céu Claro,Simples,Reta,-22.42818,-43.76843,DEL05-RJ,Risco Alto,Média
sábado,BR-230,296.0,Pleno dia,Crescente,Céu Claro,Simples,Reta,-6.834371,-42.90653,DEL03-PI,Risco Médio,Baixa
domingo,BR-381,447.0,Plena Noite,Crescente,Céu Claro,Simples,Curva,-19.82288,-43.81825,DEL01-MG,Risco Médio,Alta
sexta-feira,BR-282,421.6,Plena Noite,Decrescente,Céu Claro,Simples,Curva,-27.00641,-51.73779,DEL07-SC,Risco Médio,Baixa
quinta-feira,BR-174,298.0,Pleno dia,Decrescente,Céu Claro,Simples,Interseção de vias,1.458669,-60.76432,DEL01-RR,Risco Médio,Baixa
domingo,BR-163,626.1,Pleno dia,Crescente,Céu Claro,Simples,Reta,-19.31363,-54.61889,DEL06-MS,Risco Médio,Alta
domingo,BR-104,87.0,Pleno dia,Decrescente,Céu Claro,Simples,Reta,-8.454104,-35.94552,DEL02-PE,Risco Médio,Baixa
domingo,BR-381,447.0,Pleno dia,Decrescente,Chuva,Simples,Curva,-19.83448,-43.85012,DEL01-MG,Risco Baixo,Alta
terça-feira,BR-40,462.5,Pleno dia,Crescente,Céu Claro,Dupla,Curva,-19.41369,-44.33879,DEL02-MG,Risco Médio,Alta
terça-feira,BR-158,577.0,Amanhecer,Crescente,Céu Claro,Simples,Reta,-14.12725,-52.18714,DEL07-MT,Risco Médio,Baixa
domingo,BR-40,224.0,Pleno dia,Crescente,Nublado,Simples,Curva,-17.97983,-45.61734,DEL14-MG,Risco Médio,Alta
sexta-feira,BR-230,10.0,Plena Noite,Crescente,Céu Claro,Simples,Curva,-7.086382,-40.54734,DEL04-PI,Risco Médio,Baixa
sábado,BR-242,248.0,Pleno dia,Crescente,Céu Claro,Simples,Reta,-12.51151,-40.45878,DEL06-BA,Risco Médio,Baixa
domingo,BR-40,113.0,Pleno dia,Crescente,Céu Claro,Dupla,Curva,-16.84795,-47.48379,DEL01-DF,Risco Médio,Alta
terça-feira,BR-324,558.0,Plena Noite,Decrescente,Chuva,Dupla,Não Informado,-12.48183,-38.66808,DEL01-BA,Risco Alto,Baixa
sábado,BR-459,25.9,Pleno dia,Decrescente,Céu Claro,Simples,Rotatória,-22.69156,-45.12425,DEL08-SP,Risco Médio,Baixa
sábado,BR-116,705.0,Plena Noite,Decrescente,Céu Claro,Simples,Reta,-14.09202,-40.21722,DEL03-BA,Risco Baixo,Alta
domingo,BR-110,171.0,Pleno dia,Crescente,Céu Claro,Simples,Rotatória,-10.8157,-38.53001,DEL07-BA,Risco Baixo,Baixa
terça-feira,BR-476,1.0,Pleno dia,Decrescente,Sol,Simples,Reta,-24.65662,-48.99419,DEL01-PR,Risco Médio,Baixa
domingo,BR-470,180.4,Pleno dia,Decrescente,Nublado,Simples,Interseção de vias,-28.96031,-51.56394,DEL06-RS,Risco Médio,Baixa
sexta-feira,BR-116,780.0,Plena Noite,Crescente,Céu Claro,Simples,Reta,-14.67589,-40.50196,DEL08-BA,Risco Médio,Alta
terça-feira,BR-470,58.3,Pleno dia,Decrescente,Céu Claro,Simples,Retorno Regulamentado,-26.88388,-49.14562,DEL04-SC,Risco Médio,Baixa
quinta-feira,BR-262,701.0,Pleno dia,Crescente,Céu Claro,Simples,Curva,-19.55588,-57.38895,DEL03-MS,Risco Baixo,Média
quinta-feira,BR-304,51.0,Plena Noite,Decrescente,Céu Claro,Simples,Reta,-5.252,-37.309,DEL04-RN,Risco Baixo,Baixa
segunda-feira,BR-364,426.0,Plena Noite,Crescente,Garoa/Chuvisco,Simples,Reta,-10.43244,-62.47958,DEL03-RO,Risco Médio,Alta
sexta-feira,BR-316,84.0,Plena Noite,Decrescente,Nublado,Simples,Reta,-9.366813,-37.25183,DEL03-AL,Risco Médio,Baixa
terça-feira,BR-101,208.4,Plena Noite,Crescente,Nublado,Múltipla,Reta,-27.60328,-48.63202,DEL01-SC,Risco Médio,Alta
terça-feira,BR-20,420.0,Pleno dia,Crescente,Nublado,Dupla,Reta,-3.76999,-38.67006,DEL01-CE,Risco Médio,Baixa
quinta-feira,BR-116,38.0,Pleno dia,Decrescente,Céu Claro,Simples,Curva,-22.35126,-42.94091,DEL04-RJ,Risco Médio,Alta
segunda-feira,BR-116,229.0,Plena Noite,Decrescente,Céu Claro,Múltipla,Reta,-23.51292,-46.57605,DEL01-SP,Risco Alto,Alta
quarta-feira,BR-158,508.0,Pleno dia,Crescente,Nublado,Simples,Reta,-26.02574,-52.58566,DEL02-PR,Risco Médio,Baixa
domingo,BR-50,11.0,Pleno dia,Crescente,Chuva,Dupla,Desvio Temporário,-18.89431,-48.19367,DEL15-MG,Risco Médio,Média
quarta-feira,BR-101,74.3,Pleno dia,Crescente,Céu Claro,Dupla,Reta,-8.106114,-34.94878,DEL01-PE,Risco Médio,Alta
segunda-feira,BR-116,143.6,Pleno dia,Crescente,Sol,Dupla,Não Informado,-23.18093,-45.84284,DEL02-SP,Risco Médio,Alta
sexta-feira,BR-381,432.0,Pleno dia,Crescente,Céu Claro,Simples,Curva,-19.78769,-43.6909,DEL01-MG,Risco Médio,Alta
quinta-feira,BR-101,209.3,Pleno dia,Crescente,Sol,Dupla,Reta,-27.61212,-48.64112,DEL01-SC,Risco Baixo,Alta
sábado,BR-163,990.0,Pleno dia,Decrescente,Céu Claro,Simples,Reta,-2.550632,-54.72276,DEL05-PA,Risco Médio,Alta
segunda-feira,BR-364,135.0,Pleno dia,Decrescente,Céu Claro,Dupla,Reta,-9.985881,-67.84524,DEL01-AC,Risco Médio,Alta
sábado,BR-476,162.0,Plena Noite,Crescente,Nublado,Simples,Não Informado,-25.62763,-49.45445,DEL01-PR,Risco Médio,Baixa
terça-feira,BR-364,124.0,Pleno dia,Crescente,Céu Claro,Simples,Rotatória,-10.0115,-67.7909,DEL01-AC,Risco Médio,Alta
sexta-feira,BR-101,489.6,Pleno dia,Decrescente,Nublado,Simples,Curva,-22.95316,-44.32438,DEL03-RJ,Risco Alto,Alta
sábado,BR-60,10.0,Plena Noite,Decrescente,Céu Claro,Dupla,Reta,-15.90948,-48.1496,DEL01-DF,Risco Médio,Média
sábado,BR-472,577.0,Pleno dia,Decrescente,Céu Claro,Simples,Reta,-29.78334,-57.07091,DEL13-RS,Risco Médio,Baixa
quarta-feira,BR-230,147.8,Pleno dia,Crescente,Céu Claro,Simples,Rotatória,-7.237489,-35.86761,DEL02-PB,Risco Médio,Baixa
sexta-feira,BR-367,82.0,Pleno dia,Crescente,Céu Claro,Simples,Interseção de vias,-16.37206,-39.56163,DEL09-BA,Risco Médio,Baixa
sábado,BR-373,173.8,Plena Noite,Decrescente,Céu Claro,Dupla,Curva,-25.07755,-50.20606,DEL03-PR,Risco Médio,Baixa
segunda-feira,BR-262,84.0,Pleno dia,Decrescente,Chuva,Simples,Reta,-20.7598,-51.6951,DEL07-MS,Risco Baixo,Média
sábado,BR-116,44.5,Pleno dia,Crescente,Chuva,Dupla,Curva,-25.18824,-48.88492,DEL01-PR,Risco Baixo,Alta
sexta-feira,BR-470,121.0,Pleno dia,Crescente,Sol,Simples,Não Informado,-27.07976,-49.49907,DEL04-SC,Risco Médio,Baixa
domingo,BR-116,217.2,Pleno dia,Crescente,Nublado,Simples,Interseção de vias,-27.55448,-50.37698,DEL05-SC,Risco Médio,Alta
segunda-feira,BR-367,25.0,Plena Noite,Crescente,Nublado,Simples,Reta,-16.43805,-39.09107,DEL09-BA,Risco Médio,Baixa
segunda-feira,BR-101,946.0,Pleno dia,Decrescente,Céu Claro,Simples,Curva,-18.1684,-39.91874,DEL09-BA,Risco Médio,Alta
terça-feira,BR-116,131.0,Amanhecer,Crescente,Céu Claro,Simples,Reta,-23.1255,-45.7325,DEL06-SP,Risco Médio,Alta
sexta-feira,BR-116,269.6,Pleno dia,Crescente,Nublado,Dupla,Reta,-22.56115,-44.16365,DEL07-RJ,Risco Baixo,Alta
terça-feira,BR-163,834.5,Plena Noite,Decrescente,Céu Claro,Dupla,Retorno Regulamentado,-11.99586,-55.51709,DEL06-MT,Risco Médio,Alta
quarta-feira,BR-386,344.7,Pleno dia,Decrescente,Sol,Simples,Reta,-29.43927,-51.99363,DEL04-RS,Risco Médio,Média
sexta-feira,BR-116,133.4,Plena Noite,Decrescente,Céu Claro,Múltipla,Reta,-22.64757,-43.18793,DEL04-RJ,Risco Baixo,Alta
quinta-feira,BR-101,216.0,Pleno dia,Crescente,Garoa/Chuvisco,Múltipla,Reta,-27.65981,-48.67748,DEL01-SC,Risco Médio,Alta
domingo,BR-116,554.5,Plena Noite,Crescente,Céu Claro,Simples,Reta,-20.0054,-42.14265,DEL06-MG,Risco Médio,Alta
sábado,BR-70,19.0,Plena Noite,Decrescente,Céu Claro,Dupla,Reta,-15.78887,-48.22024,DEL01-DF,Risco Médio,Baixa
domingo,BR-262,441.5,Pleno dia,Decrescente,Nublado,Simples,Retorno Regulamentado,-19.88062,-44.91232,DEL08-MG,Risco Médio,Média
quarta-feira,BR-381,246.8,Pleno dia,Crescente,Céu Claro,Simples,Reta,-19.42644,-42.50081,DEL06-MG,Risco Baixo,Alta
quinta-feira,BR-376,173.9,Anoitecer,Decrescente,Céu Claro,Múltipla,Reta,-23.41764,-51.96005,DEL07-PR,Risco Médio,Baixa
quarta-feira,BR-101,735.0,Pleno dia,Crescente,Céu Claro,Simples,Curva,-16.3961,-39.58179,DEL09-BA,Risco Médio,Alta
segunda-feira,BR-101,74.0,Pleno dia,Decrescente,Céu Claro,Simples,Reta,-21.80723,-41.39734,DEL08-RJ,Risco Médio,Alta
quarta-feira,BR-101,206.5,Pleno dia,Decrescente,Sol,Dupla,Reta,-27.6001,-48.6225,DEL01-SC,Risco Médio,Alta
sábado,BR-153,335.0,Pleno dia,Crescente,Céu Claro,Simples,Reta,-25.48894,-50.64509,DEL03-PR,Risco Médio,Alta
segunda-feira,BR-116,185.0,Pleno dia,Decrescente,Céu Claro,Dupla,Reta,-22.74151,-43.45352,DEL01-RJ,Risco Médio,Alta
sábado,BR-476,2.0,Pleno dia,Crescente,Céu Claro,Simples,Reta,-24.66412,-48.99077,DEL01-PR,Risco Baixo,Baixa
terça-feira,BR-40,514.0,Pleno dia,Crescente,Céu Claro,Dupla,Reta,-19.8128,-44.093,DEL01-MG,Risco Médio,Alta
sexta-feira,BR-251,21.8,Plena Noite,Crescente,Céu Claro,Simples,Reta,-16.14942,-47.48139,DEL01-DF,Risco Alto,Baixa
quarta-feira,BR-308,186.0,Plena Noite,Crescente,Céu Claro,Simples,Desvio Temporário,-1.09764,-46.91168,DEL01-PA,Risco Alto,Baixa
domingo,BR-381,674.0,Pleno dia,Decrescente,Chuva,Dupla,Curva,-21.08886,-45.06701,DEL04-MG,Risco Médio,Alta
sábado,BR-277,30.0,Pleno dia,Decrescente,Garoa/Chuvisco,Dupla,Reta,-25.52875,-48.73513,DEL01-PR,Risco Médio,Média
sexta-feira,BR-101,210.0,Plena Noite,Crescente,Garoa/Chuvisco,Dupla,Reta,-27.61673,-48.64573,DEL01-SC,Risco Baixo,Alta
quarta-feira,BR-101,123.8,Pleno dia,Crescente,Céu Claro,Simples,Reta,-19.19742,-40.09812,DEL04-ES,Risco Médio,Alta
domingo,BR-293,252.8,Plena Noite,Crescente,Chuva,Simples,Reta,-30.95023,-54.71397,DEL11-RS,Risco Médio,Baixa
segunda-feira,BR-364,401.8,Pleno dia,Decrescente,Céu Claro,Dupla,Reta,-15.65045,-55.99898,DEL01-MT,Risco Médio,Alta
terça-feira,BR-482,98.5,Pleno dia,Decrescente,Céu Claro,Simples,Curva,-20.77217,-41.61671,DEL03-ES,Risco Médio,Baixa
sábado,BR-282,509.1,Pleno dia,Crescente,Nevoeiro/Neblina,Simples,Não Informado,-26.89053,-52.4571,DEL07-SC,Risco Médio,Baixa
sábado,BR-420,333.5,Pleno dia,Decrescente,Chuva,Simples,Curva,-13.46521,-39.94206,DEL03-BA,Risco Médio,Baixa
domingo,BR-163,834.0,Pleno dia,Crescente,Sol,Simples,Reta,-17.62739,-54.74525,DEL06-MS,Risco Médio,Alta
domingo,BR-262,811.1,Pleno dia,Decrescente,Céu Claro,Dupla,Reta,-19.76851,-47.98447,DEL13-MG,Risco Médio,Média
terça-feira,BR-163,690.5,Plena Noite,Decrescente,Céu Claro,Simples,Não Informado,-18.83342,-54.81396,DEL06-MS,Risco Baixo,Alta
quarta-feira,BR-101,210.0,Pleno dia,Decrescente,Nublado,Dupla,Reta,-27.6235,-48.6524,DEL01-SC,Risco Baixo,Alta
quinta-feira,BR-376,208.8,Plena Noite,Crescente,Céu Claro,Dupla,Não Informado,-23.54841,-51.68614,DEL07-PR,Risco Médio,Baixa
domingo,BR-316,309.0,Pleno dia,Decrescente,Céu Claro,Simples,Reta,-7.077787,-41.4837,DEL04-PI,Risco Médio,Baixa
quarta-feira,BR-116,107.0,Amanhecer,Decrescente,Chuva,Múltipla,Reta,-22.55834,-42.99482,DEL04-RJ,Risco Médio,Alta
quarta-feira,BR-101,73.9,Plena Noite,Decrescente,Céu Claro,Dupla,Curva,-7.0819,-34.9824,DEL01-PB,Risco Alto,Alta
sexta-feira,BR-101,96.0,Plena Noite,Decrescente,Céu Claro,Dupla,Reta,-5.849496,-35.20891,DEL01-RN,Risco Médio,Alta
sábado,BR-373,185.0,Pleno dia,Crescente,Nublado,Simples,Reta,-25.04704,-50.28951,DEL03-PR,Risco Médio,Baixa
domingo,BR-10,247.0,Pleno dia,Decrescente,Céu Claro,Simples,Reta,-5.573772,-47.44389,DEL04-MA,Risco Médio,Baixa
segunda-feira,BR-230,115.5,Pleno dia,Crescente,Garoa/Chuvisco,Dupla,Curva,-7.2296,-35.5998,DEL01-PB,Risco Baixo,Baixa
sexta-feira,BR-381,36.0,Pleno dia,Decrescente,Céu Claro,Dupla,Reta,-23.08859,-46.5718,DEL03-SP,Risco Médio,Alta
segunda-feira,BR-40,464.9,Pleno dia,Decrescente,Garoa/Chuvisco,Dupla,Curva,-19.43758,-44.33211,DEL02-MG,Risco Médio,Alta
quarta-feira,BR-153,48.0,Plena Noite,Decrescente,Céu Claro,Simples,Não Informado,-27.64872,-52.25373,DEL08-RS,Risco Baixo,Alta
terça-feira,BR-20,122.9,Pleno dia,Decrescente,Nublado,Simples,Reta,-14.86133,-46.80203,DEL02-DF,Risco Alto,Baixa
quinta-feira,BR-40,511.0,Pleno dia,Crescente,Céu Claro,Dupla,Reta,-19.78164,-44.11733,DEL01-MG,Risco Médio,Alta