dia_semana,br,km,fase_dia,sentido_via,condicao_metereologica,tipo_pista,tracado_via,latitude,longitude,delegacia,classificacao_acidente,postos_policiais_PRF
domingo,BR-101,146.0,Pleno dia,Decrescente,Sol,Múltipla,Reta,-27.08667,-48.60956,DEL04-SC,Risco Médio,Alta
terça-feira,BR-163,785.0,Plena Noite,Decrescente,Céu Claro,Simples,Reta,-12.29177,-55.56585,DEL06-MT,Risco Baixo,Alta
domingo,BR-472,547.7,Pleno dia,Decrescente,Céu Claro,Simples,Reta,-29.61209,-56.86903,DEL13-RS,Risco Baixo,Baixa
terça-feira,BR-452,172.7,Plena Noite,Decrescente,Céu Claro,Simples,Reta,-18.34455,-49.41176,DEL03-GO,Risco Baixo,Baixa
terça-feira,BR-364,237.1,Pleno dia,Decrescente,Céu Claro,Simples,Reta,-11.44341,-61.44674,DEL02-RO,Risco Médio,Alta
quarta-feira,BR-101,208.0,Amanhecer,Crescente,Céu Claro,Simples,Reta,-9.9881,-36.5819,DEL02-AL,Risco Baixo,Alta
sexta-feira,BR-101,12.0,Plena Noite,Crescente,Céu Claro,Dupla,Reta,-29.3866,-49.83647,DEL03-RS,Risco Baixo,Alta
sábado,BR-277,347.0,Pleno dia,Crescente,Sol,Simples,Reta,-25.37516,-51.50309,DEL03-PR,Risco Médio,Média
sexta-feira,BR-116,481.0,Pleno dia,Decrescente,Céu Claro,Dupla,Reta,-24.69298,-48.00263,DEL05-SP,Risco Baixo,Alta
quinta-feira,BR-242,721.2,Pleno dia,Crescente,Sol,Simples,Reta,-12.23307,-44.39162,DEL10-BA,Risco Médio,Baixa
quarta-feira,BR-376,168.4,Plena Noite,Decrescente,Céu Claro,Dupla,Reta,-23.36747,-52.07245,DEL07-PR,Risco Médio,Baixa
terça-feira,BR-356,18.0,Anoitecer,Decrescente,Chuva,Simples,Reta,-21.1794,-41.95449,DEL08-RJ,Risco Médio,Baixa
quarta-feira,BR-364,1225.0,Pleno dia,Crescente,Nublado,Simples,Reta,-13.81668,-59.55314,DEL04-MT,Risco Médio,Alta
segunda-feira,BR-232,79.0,Pleno dia,Crescente,Céu Claro,Simples,Reta,-8.194606,-35.56075,DEL02-PE,Risco Médio,Baixa
sábado,BR-40,1.0,Plena Noite,Crescente,Céu Claro,Dupla,Reta,-16.05824,-47.98282,DEL01-DF,Risco Baixo,Alta
domingo,BR-101,183.3,Pleno dia,Decrescente,Garoa/Chuvisco,Simples,Não Informado,-19.64708,-40.23287,DEL04-ES,Risco Médio,Alta
sexta-feira,BR-407,130.0,Pleno dia,Decrescente,Chuva,Dupla,Ponte,-9.409097,-40.50522,DEL06-PE,Risco Médio,Baixa
sexta-feira,BR-163,827.0,Pleno dia,Crescente,Sol,Dupla,Retorno Regulamentado,-11.87332,-55.49815,DEL06-MT,Risco Médio,Alta
sexta-feira,BR-110,223.0,Pleno dia,Decrescente,Céu Claro,Simples,Reta,-11.28631,-38.42857,DEL07-BA,Risco Baixo,Baixa
terça-feira,BR-116,513.5,Pleno dia,Decrescente,Céu Claro,Simples,Curva,-24.8587,-48.2173,DEL05-SP,Risco Médio,Alta
segunda-feira,BR-116,627.7,Plena Noite,Decrescente,Nevoeiro/Neblina,Simples,Reta,-13.47639,-40.04028,DEL03-BA,Risco Alto,Alta
terça-feira,BR-116,132.9,Plena Noite,Crescente,Céu Claro,Dupla,Reta,-23.13365,-45.74894,DEL06-SP,Risco Alto,Alta
domingo,BR-262,416.1,Plena Noite,Crescente,Céu Claro,Dupla,Curva,-19.88469,-44.73535,DEL08-MG,Risco Médio,Média
sexta-feira,BR-116,127.0,Plena Noite,Crescente,Nublado,Dupla,Reta,-25.65547,-49.31213,DEL01-PR,Risco Médio,Alta
segunda-feira,BR-101,215.1,Plena Noite,Decrescente,Nublado,Múltipla,Não Informado,-27.65185,-48.67605,DEL01-SC,Risco Médio,Alta
quarta-feira,BR-116,160.0,Plena Noite,Crescente,Chuva,Dupla,Reta,-23.27102,-45.96788,DEL02-SP,Risco Médio,Alta
quinta-feira,BR-101,752.0,Plena Noite,Crescente,Céu Claro,Simples,Desvio Temporário,-16.77596,-39.47111,DEL09-BA,Risco Alto,Alta
terça-feira,BR-116,2.0,Plena Noite,Decrescente,Céu Claro,Múltipla,Reta,-3.76435,-38.51838,DEL01-CE,Risco Baixo,Alta
quinta-feira,BR-50,125.1,Plena Noite,Decrescente,Céu Claro,Dupla,Reta,-19.35005,-48.09183,DEL13-MG,Risco Médio,Média
segunda-feira,BR-60,460.0,Plena Noite,Crescente,Nublado,Dupla,Não Informado,-17.8715,-51.6163,DEL05-GO,Risco Médio,Média
quarta-feira,BR-116,40.0,Plena Noite,Crescente,Céu Claro,Dupla,Reta,-4.09497,-38.50352,DEL01-CE,Risco Médio,Alta
sábado,BR-163,68.8,Pleno dia,Decrescente,Céu Claro,Dupla,Reta,-26.75038,-53.50087,DEL07-SC,Risco Médio,Alta
segunda-feira,BR-116,116.8,Pleno dia,Crescente,Céu Claro,Simples,Reta,-16.55852,-41.50265,DEL11-MG,Risco Médio,Alta
quarta-feira,BR-282,54.4,Pleno dia,Decrescente,Chuva,Simples,Curva,-27.6858,-48.97451,DEL01-SC,Risco Médio,Baixa
quarta-feira,BR-116,144.3,Pleno dia,Decrescente,Chuva,Múltipla,Desvio Temporário,-23.18274,-45.84634,DEL02-SP,Risco Médio,Alta
terça-feira,BR-376,549.0,Plena Noite,Crescente,Nublado,Dupla,Reta,-25.4755,-49.72063,DEL01-PR,Risco Baixo,Baixa
domingo,BR-116,501.1,Plena Noite,Crescente,Chuva,Simples,Reta,-7.480629,-38.9818,DEL05-CE,Risco Médio,Alta
sábado,BR-101,147.0,Plena Noite,Crescente,Chuva,Dupla,Curva,-27.09237,-48.61731,DEL04-SC,Risco Médio,Alta
sábado,BR-116,176.9,Pleno dia,Crescente,Céu Claro,Dupla,Reta,-22.78395,-43.38195,DEL01-RJ,Risco Médio,Alta
sábado,BR-364,18.2,Pleno dia,Crescente,Céu Claro,Simples,Não Informado,-12.7297,-60.17489,DEL04-RO,Risco Baixo,Alta
quinta-feira,BR-364,685.0,Pleno dia,Crescente,Céu Claro,Simples,Reta,-8.790501,-63.63309,DEL01-RO,Risco Médio,Alta
sábado,BR-277,117.0,Amanhecer,Crescente,Céu Claro,Dupla,Reta,-25.43419,-49.41561,DEL01-PR,Risco Médio,Média
domingo,BR-101,117.3,Plena Noite,Crescente,Garoa/Chuvisco,Dupla,Reta,-11.01647,-37.3201,DEL02-SE,Risco Médio,Alta
quinta-feira,BR-70,8.5,Pleno dia,Crescente,Céu Claro,Dupla,Reta,-15.73734,-48.27407,DEL01-DF,Risco Médio,Baixa
sexta-feira,BR-101,297.0,Pleno dia,Decrescente,Céu Claro,Simples,Reta,-22.77129,-42.92246,DEL02-RJ,Risco Médio,Alta
domingo,BR-324,579.0,Plena Noite,Crescente,Céu Claro,Dupla,Reta,-12.60084,-38.50768,DEL01-BA,Risco Baixo,Baixa
sexta-feira,BR-116,230.0,Pleno dia,Crescente,Céu Claro,Múltipla,Reta,-23.52252,-46.58557,DEL01-SP,Risco Médio,Alta
domingo,BR-40,102.0,Plena Noite,Decrescente,Nublado,Múltipla,Reta,-22.61089,-43.28656,DEL01-RJ,Risco Baixo,Alta
domingo,BR-101,331.0,Plena Noite,Decrescente,Céu Claro,Dupla,Reta,-22.86766,-43.19556,DEL02-RJ,Risco Médio,Alta
segunda-feira,BR-381,48.8,Pleno dia,Decrescente,Nublado,Dupla,Reta,-23.1972,-46.58737,DEL03-SP,Risco Médio,Alta
segunda-feira,BR-20,20.0,Pleno dia,Crescente,Sol,Dupla,Reta,-15.60791,-47.69279,DEL02-DF,Risco Médio,Baixa
terça-feira,BR-101,36.0,Plena Noite,Decrescente,Céu Claro,Simples,Reta,-26.24573,-48.91011,DEL03-SC,Risco Médio,Alta
quarta-feira,BR-50,305.9,Plena Noite,Crescente,Chuva,Simples,Curva,-18.37004,-48.05459,DEL06-GO,Risco Médio,Média
segunda-feira,BR-282,85.9,Pleno dia,Decrescente,Céu Claro,Simples,Curva,-27.66638,-49.19558,DEL01-SC,Risco Médio,Baixa
terça-feira,BR-60,386.8,Anoitecer,Decrescente,Céu Claro,Múltipla,Não Informado,-17.8029,-50.9205,DEL04-GO,Risco Alto,Média
quinta-feira,BR-280,280.0,Pleno dia,Crescente,Céu Claro,Simples,Reta,-26.24539,-53.22356,DEL02-PR,Risco Médio,Baixa
sábado,BR-343,27.8,Plena Noite,Crescente,Chuva,Simples,Reta,-3.043463,-41.77376,DEL05-PI,Risco Baixo,Baixa
sábado,BR-405,78.0,Pleno dia,Crescente,Céu Claro,Simples,Reta,-5.667924,-37.79265,DEL04-RN,Risco Médio,Baixa
terça-feira,BR-101,146.0,Plena Noite,Crescente,Nublado,Simples,Desvio Temporário,-12.26911,-38.67471,DEL01-BA,Risco Médio,Alta
quinta-feira,BR-116,520.0,Anoitecer,Decrescente,Nublado,Simples,Reta,-12.68454,-39.67935,DEL03-BA,Risco Médio,Alta
segunda-feira,BR-101,215.0,Pleno dia,Decrescente,Céu Claro,Simples,Reta,-12.65352,-39.12237,DEL01-BA,Risco Médio,Alta
domingo,BR-116,67.0,Pleno dia,Crescente,Céu Claro,Dupla,Reta,-22.82868,-45.20889,DEL08-SP,Risco Médio,Alta
quinta-feira,BR-435,85.0,Plena Noite,Crescente,Céu Claro,Simples,Reta,-13.08765,-60.54668,DEL04-RO,Risco Médio,Baixa
quinta-feira,BR-101,268.8,Plena Noite,Decrescente,Céu Claro,Dupla,Reta,-20.2174,-40.26991,DEL02-ES,Risco Médio,Alta
sábado,BR-282,47.3,Plena Noite,Decrescente,Céu Claro,Simples,Reta,-27.72177,-48.93484,DEL01-SC,Risco Médio,Baixa
sexta-feira,BR-226,55.3,Plena Noite,Crescente,Céu Claro,Simples,Curva,-6.01287,-35.63923,DEL03-RN,Risco Alto,Baixa
sábado,BR-282,586.8,Plena Noite,Decrescente,Céu Claro,Simples,Curva,-26.83261,-53.03474,DEL07-SC,Risco Médio,Baixa
sábado,BR-282,444.1,Plena Noite,Decrescente,Chuva,Simples,Não Informado,-26.91786,-51.88989,DEL07-SC,Risco Médio,Baixa
sexta-feira,BR-232,10.3,Pleno dia,Crescente,Céu Claro,Dupla,Reta,-8.079172,-34.98719,DEL01-PE,Risco Médio,Baixa
sábado,BR-116,870.2,Pleno dia,Decrescente,Sol,Simples,Não Informado,-15.20955,-41.08692,DEL08-BA,Risco Médio,Alta
sexta-feira,BR-381,422.0,Pleno dia,Decrescente,Céu Claro,Simples,Não Informado,-19.75059,-43.62748,DEL01-MG,Risco Médio,Alta
terça-feira,BR-116,109.0,Pleno dia,Decrescente,Céu Claro,Dupla,Reta,-25.5714,-49.20749,DEL01-PR,Risco Médio,Alta
terça-feira,BR-158,502.0,Plena Noite,Decrescente,Céu Claro,Simples,Reta,-30.53849,-55.07632,DEL11-RS,Risco Baixo,Baixa
quinta-feira,BR-230,135.3,Pleno dia,Crescente,Céu Claro,Dupla,Reta,-7.2789,-35.7591,DEL02-PB,Risco Baixo,Baixa
sábado,BR-262,31.0,Amanhecer,Crescente,Céu Claro,Simples,Reta,-20.79754,-51.88553,DEL07-MS,Risco Baixo,Média
sábado,BR-386,360.2,Plena Noite,Decrescente,Nublado,Simples,Reta,-29.5476,-51.90814,DEL04-RS,Risco Baixo,Média
quarta-feira,BR-428,189.0,Pleno dia,Decrescente,Sol,Múltipla,Retorno Regulamentado,-9.377257,-40.50385,DEL06-PE,Risco Médio,Baixa
sexta-feira,BR-116,213.0,Pleno dia,Crescente,Céu Claro,Múltipla,Reta,-23.43971,-46.43668,DEL01-SP,Risco Médio,Alta
domingo,BR-343,263.8,Pleno dia,Decrescente,Céu Claro,Simples,Reta,-4.825266,-42.16149,DEL01-PI,Risco Médio,Baixa
domingo,BR-304,48.0,Plena Noite,Crescente,Chuva,Dupla,Reta,-4.578645,-37.77993,DEL03-CE,Risco Baixo,Baixa
sexta-feira,BR-364,696.0,Plena Noite,Crescente,Céu Claro,Dupla,Reta,-8.800466,-63.73478,DEL01-RO,Risco Baixo,Alta
sábado,BR-116,559.0,Pleno dia,Crescente,Céu Claro,Simples,Interseção de vias,-20.02244,-42.16688,DEL06-MG,Risco Médio,Alta
quinta-feira,BR-232,540.0,Plena Noite,Crescente,Céu Claro,Simples,Reta,-8.083143,-39.40479,DEL05-PE,Risco Médio,Baixa
quarta-feira,BR-262,97.0,Plena Noite,Crescente,Céu Claro,Simples,Retorno Regulamentado,-20.29067,-42.48755,DEL03-MG,Risco Baixo,Média
sexta-feira,BR-316,9.0,Pleno dia,Crescente,Nublado,Múltipla,Reta,-1.365875,-48.3616,DEL01-PA,Risco Baixo,Baixa
segunda-feira,BR-116,229.0,Pleno dia,Decrescente,Nublado,Simples,Reta,-10.60612,-38.97165,DEL07-BA,Risco Médio,Alta
sexta-feira,BR-101,413.1,Plena Noite,Crescente,Céu Claro,Simples,Reta,-28.94726,-49.50535,DEL02-SC,Risco Médio,Alta
sábado,BR-163,851.0,Plena Noite,Decrescente,Céu Claro,Simples,Não Informado,-11.7227,-55.45919,DEL06-MT,Risco Médio,Alta
quarta-feira,BR-101,213.7,Pleno dia,Decrescente,Nublado,Simples,Reta,-27.63697,-48.66514,DEL01-SC,Risco Médio,Alta
sábado,BR-470,76.8,Amanhecer,Crescente,Nublado,Simples,Reta,-26.93331,-49.28743,DEL04-SC,Risco Médio,Baixa
domingo,BR-419,285.3,Plena Noite,Decrescente,Céu Claro,Simples,Reta,-20.83568,-55.91509,DEL03-MS,Risco Médio,Baixa
sábado,BR-40,530.3,Pleno dia,Crescente,Céu Claro,Dupla,Não Informado,-19.92065,-44.03357,DEL01-MG,Risco Médio,Alta
segunda-feira,BR-101,292.7,Pleno dia,Crescente,Sol,Dupla,Reta,-20.30651,-40.39489,DEL01-ES,Risco Médio,Alta
sexta-feira,BR-101,145.2,Pleno dia,Crescente,Chuva,Dupla,Reta,-8.468162,-35.37053,DEL01-PE,Risco Médio,Alta
terça-feira,BR-116,823.7,Pleno dia,Crescente,Céu Claro,Dupla,Interseção de vias,-14.80799,-40.78877,DEL08-BA,Risco Médio,Alta
domingo,BR-364,592.0,Amanhecer,Crescente,Nublado,Simples,Reta,-9.292454,-63.15332,DEL01-RO,Risco Médio,Alta
sexta-feira,BR-476,132.0,Plena Noite,Crescente,Céu Claro,Múltipla,Reta,-25.46072,-49.25049,DEL01-PR,Risco Médio,Baixa
domingo,BR-101,105.0,Pleno dia,Crescente,Chuva,Dupla,Curva,-7.308146,-34.94344,DEL01-PB,Risco Médio,Alta
sábado,BR-369,143.6,Plena Noite,Decrescente,Nublado,Dupla,Não Informado,-23.29315,-51.10034,DEL07-PR,Risco Médio,Baixa
sexta-feira,BR-267,481.0,Plena Noite,Crescente,Céu Claro,Simples,Não Informado,-21.47178,-56.13379,DEL05-MS,Risco Médio,Baixa
segunda-feira,BR-40,10.2,Plena Noite,Crescente,Céu Claro,Dupla,Reta,-16.13128,-47.95792,DEL01-DF,Risco Médio,Alta
domingo,BR-277,10.0,Pleno dia,Crescente,Céu Claro,Simples,Curva,-25.5682,-48.61529,DEL01-PR,Risco Baixo,Média
segunda-feira,BR-135,525.9,Anoitecer,Decrescente,Céu Claro,Simples,Desvio Temporário,-18.01275,-44.18568,DEL02-MG,Risco Médio,Baixa
quinta-feira,BR-153,501.0,Plena Noite,Crescente,Céu Claro,Dupla,Viaduto,-16.7189,-49.2382,DEL01-GO,Risco Baixo,Alta
sábado,BR-381,678.5,Plena Noite,Crescente,Nublado,Dupla,Reta,-21.1155,-45.0944,DEL04-MG,Risco Médio,Alta
sexta-feira,BR-101,86.0,Pleno dia,Decrescente,Sol,Dupla,Não Informado,-7.15119,-34.91012,DEL01-PB,Risco Médio,Alta
quinta-feira,BR-376,224.6,Pleno dia,Decrescente,Céu Claro,Dupla,Não Informado,-23.58952,-51.57434,DEL07-PR,Risco Médio,Baixa
quarta-feira,BR-163,67.7,Plena Noite,Crescente,Céu Claro,Dupla,Não Informado,-26.75258,-53.50068,DEL07-SC,Risco Médio,Alta
quinta-feira,BR-232,10.1,Pleno dia,Decrescente,Céu Claro,Dupla,Não Informado,-8.079172,-34.98719,DEL01-PE,Risco Médio,Baixa
quinta-feira,BR-226,54.6,Pleno dia,Decrescente,Garoa/Chuvisco,Simples,Reta,-6.823268,-47.82016,DEL02-TO,Risco Alto,Baixa
quarta-feira,BR-376,507.5,Plena Noite,Crescente,Céu Claro,Dupla,Reta,-25.24705,-50.02183,DEL03-PR,Risco Baixo,Baixa
domingo,BR-40,509.0,Plena Noite,Crescente,Céu Claro,Dupla,Reta,-19.76711,-44.1289,DEL01-MG,Risco Baixo,Alta
segunda-feira,BR-110,76.0,Pleno dia,Crescente,Sol,Simples,Interseção de vias,-10.0749,-38.3419,DEL07-BA,Risco Médio,Baixa
sábado,BR-376,292.4,Plena Noite,Crescente,Céu Claro,Dupla,Reta,-23.91151,-51.18468,DEL07-PR,Risco Médio,Baixa
segunda-feira,BR-476,132.9,Pleno dia,Decrescente,Chuva,Múltipla,Reta,-25.46796,-49.25373,DEL01-PR,Risco Baixo,Baixa
sábado,BR-101,64.0,Pleno dia,Decrescente,Céu Claro,Dupla,Curva,-11.96618,-38.14477,DEL01-BA,Risco Médio,Alta
terça-feira,BR-163,623.0,Pleno dia,Decrescente,Chuva,Simples,Desvio Temporário,-4.710564,-56.01143,DEL05-PA,Risco Médio,Alta
segunda-feira,BR-101,29.0,Pleno dia,Crescente,Sol,Dupla,Retorno Regulamentado,-6.740323,-35.13147,DEL01-PB,Risco Médio,Alta
quinta-feira,BR-282,23.0,Plena Noite,Crescente,Nublado,Simples,Reta,-27.6874,-48.7379,DEL01-SC,Risco Médio,Baixa
terça-feira,BR-293,241.4,Pleno dia,Crescente,Céu Claro,Simples,Desvio Temporário,-31.02423,-54.59127,DEL11-RS,Risco Médio,Baixa
sábado,BR-101,126.0,Pleno dia,Decrescente,Ignorado,Dupla,Reta,-8.372766,-35.23369,DEL01-PE,Risco Médio,Alta
quinta-feira,BR-277,109.0,Pleno dia,Decrescente,Ignorado,Dupla,Reta,-25.44207,-49.44799,DEL01-PR,Risco Médio,Média
terça-feira,BR-230,56.0,Pleno dia,Crescente,Céu Claro,Dupla,Não Informado,-7.2021,-35.1038,DEL01-PB,Risco Médio,Baixa
quarta-feira,BR-40,106.0,Pleno dia,Crescente,Céu Claro,Múltipla,Não Informado,-22.64679,-43.28373,DEL01-RJ,Risco Médio,Alta
quinta-feira,BR-364,237.8,Anoitecer,Decrescente,Nublado,Simples,Reta,-11.43948,-61.45358,DEL02-RO,Risco Médio,Alta
segunda-feira,BR-101,42.0,Pleno dia,Decrescente,Chuva,Dupla,Desvio Temporário,-6.856615,-35.13444,DEL01-PB,Risco Médio,Alta
quinta-feira,BR-381,848.9,Pleno dia,Decrescente,Nublado,Dupla,Curva,-22.23129,-45.87589,DEL16-MG,Risco Médio,Alta
domingo,BR-428,70.1,Pleno dia,Crescente,Céu Claro,Simples,Curva,-8.6904,-39.76666,DEL06-PE,Risco Médio,Baixa
sexta-feira,BR-369,182.0,Plena Noite,Decrescente,Céu Claro,Simples,Reta,-23.3848,-51.41979,DEL07-PR,Risco Médio,Baixa
sexta-feira,BR-230,166.5,Plena Noite,Decrescente,Céu Claro,Simples,Curva,-7.197085,-35.95598,DEL02-PB,Risco Médio,Baixa
sexta-feira,BR-153,239.0,Plena Noite,Crescente,Céu Claro,Simples,Reta,-20.28703,-49.19906,DEL13-MG,Risco Alto,Alta
segunda-feira,BR-40,530.9,Pleno dia,Crescente,Céu Claro,Dupla,Não Informado,-19.92065,-44.03357,DEL01-MG,Risco Médio,Alta
sábado,BR-259,101.5,Pleno dia,Crescente,Céu Claro,Simples,Rotatória,-19.51441,-40.99561,DEL02-ES,Risco Médio,Baixa
terça-feira,BR-104,135.9,Pleno dia,Crescente,Céu Claro,Simples,Não Informado,-7.334495,-35.89813,DEL02-PB,Risco Médio,Baixa
sábado,BR-116,155.5,Plena Noite,Crescente,Céu Claro,Dupla,Não Informado,-23.24524,-45.92773,DEL02-SP,Risco Médio,Alta
domingo,BR-116,95.5,Plena Noite,Decrescente,Nublado,Dupla,Não Informado,-22.96515,-45.43013,DEL08-SP,Risco Alto,Alta
sábado,BR-405,108.9,Anoitecer,Decrescente,Céu Claro,Simples,Reta,-5.833413,-37.98037,DEL04-RN,Risco Médio,Baixa
quarta-feira,BR-316,416.1,Pleno dia,Decrescente,Sol,Simples,Reta,-4.332283,-44.40081,DEL03-MA,Risco Médio,Baixa
terça-feira,BR-376,662.0,Pleno dia,Decrescente,Nublado,Dupla,Não Informado,-25.85463,-48.98523,DEL01-PR,Risco Médio,Baixa
sexta-feira,BR-116,273.0,Plena Noite,Crescente,Nublado,Dupla,Reta,-23.61569,-46.78807,DEL04-SP,Risco Médio,Alta
segunda-feira,BR-495,31.0,Pleno dia,Decrescente,Céu Claro,Simples,Reta,-22.38137,-43.132,DEL06-RJ,Risco Médio,Baixa
quinta-feira,BR-135,35.0,Pleno dia,Crescente,Sol,Dupla,Reta,-2.849112,-44.37474,DEL01-MA,Risco Médio,Baixa
sábado,BR-116,632.0,Plena Noite,Crescente,Ignorado,Simples,Reta,-13.51472,-40.05714,DEL03-BA,Risco Médio,Alta
segunda-feira,BR-277,431.0,Plena Noite,Decrescente,Céu Claro,Simples,Não Informado,-25.3784,-52.20277,DEL04-PR,Risco Médio,Média
sábado,BR-381,745.9,Pleno dia,Crescente,Céu Claro,Dupla,Não Informado,-21.61421,-45.26064,DEL16-MG,Risco Médio,Alta
quarta-feira,BR-282,544.4,Pleno dia,Crescente,Sol,Simples,Curva,-26.99197,-52.72528,DEL07-SC,Risco Alto,Baixa
terça-feira,BR-364,271.9,Anoitecer,Crescente,Nublado,Dupla,Rotatória,-15.96536,-54.96223,DEL02-MT,Risco Alto,Alta
quinta-feira,BR-242,785.0,Amanhecer,Crescente,Céu Claro,Simples,Não Informado,-12.14024,-44.75403,DEL10-BA,Risco Médio,Baixa
sábado,BR-280,127.0,Plena Noite,Crescente,Céu Claro,Simples,Reta,-26.24318,-49.5132,DEL06-SC,Risco Médio,Baixa
segunda-feira,BR-101,403.0,Plena Noite,Crescente,Céu Claro,Simples,Reta,-22.85924,-43.7901,DEL01-RJ,Risco Baixo,Alta
segunda-feira,BR-251,397.8,Plena Noite,Crescente,Chuva,Simples,Não Informado,-16.22239,-42.89391,DEL12-MG,Risco Médio,Baixa
domingo,BR-316,488.0,Plena Noite,Decrescente,Céu Claro,Simples,Reta,-4.646,-43.8583,DEL03-MA,Risco Médio,Baixa
sábado,BR-230,288.0,Pleno dia,Crescente,Céu Claro,Simples,Curva,-6.899542,-45.27902,DEL05-MA,Risco Médio,Baixa
terça-feira,BR-155,328.0,Pleno dia,Decrescente,Céu Claro,Simples,Reta,-5.504199,-49.07317,DEL03-PA,Risco Médio,Baixa
segunda-feira,BR-381,79.0,Plena Noite,Crescente,Céu Claro,Dupla,Curva,-23.4032,-46.57565,DEL03-SP,Risco Alto,Alta
sábado,BR-163,529.0,Plena Noite,Crescente,Céu Claro,Simples,Não Informado,-20.08044,-54.43056,DEL01-MS,Risco Médio,Alta
quinta-feira,BR-101,139.8,Pleno dia,Decrescente,Nublado,Dupla,Reta,-27.02982,-48.60115,DEL04-SC,Risco Médio,Alta
quinta-feira,BR-101,43.9,Pleno dia,Crescente,Céu Claro,Múltipla,Reta,-7.847538,-34.90977,DEL01-PE,Risco Médio,Alta
domingo,BR-153,433.5,Amanhecer,Decrescente,Céu Claro,Simples,Não Informado,-16.27179,-48.97281,DEL02-GO,Risco Médio,Alta
sexta-feira,BR-116,202.0,Plena Noite,Decrescente,Céu Claro,Simples,Curva,-26.0616,-49.73112,DEL06-SC,Risco Médio,Alta
quinta-feira,BR-116,214.7,Pleno dia,Crescente,Céu Claro,Dupla,Não Informado,-23.44554,-46.45143,DEL01-SP,Risco Médio,Alta
domingo,BR-364,366.0,Pleno dia,Crescente,Céu Claro,Dupla,Reta,-15.74996,-55.65891,DEL01-MT,Risco Médio,Alta
terça-feira,BR-163,752.0,Pleno dia,Crescente,Céu Claro,Dupla,Interseção de vias,-12.5634,-55.7213,DEL06-MT,Risco Baixo,Alta
sexta-feira,BR-101,581.0,Pleno dia,Crescente,Sol,Simples,Reta,-15.37031,-39.49335,DEL05-BA,Risco Médio,Alta
quarta-feira,BR-369,150.0,Amanhecer,Crescente,Céu Claro,Múltipla,Interseção de vias,-23.2928,-51.1615,DEL07-PR,Risco Médio,Baixa
domingo,BR-50,164.8,Plena Noite,Crescente,Céu Claro,Dupla,Reta,-19.68476,-47.99273,DEL13-MG,Risco Médio,Média
sexta-feira,BR-116,357.3,Amanhecer,Crescente,Nublado,Simples,Curva,-24.10283,-47.25724,DEL04-SP,Risco Médio,Alta
quarta-feira,BR-163,423.0,Plena Noite,Crescente,Céu Claro,Simples,Reta,-20.95423,-54.50176,DEL01-MS,Risco Médio,Alta
quarta-feira,BR-476,299.0,Plena Noite,Crescente,Nublado,Simples,Ponte,-25.9767,-50.5508,DEL02-PR,Risco Médio,Baixa
segunda-feira,BR-470,138.7,Pleno dia,Crescente,Nublado,Simples,Interseção de vias,-27.20721,-49.64848,DEL04-SC,Risco Médio,Baixa
sexta-feira,BR-262,357.0,Pleno dia,Crescente,Nublado,Dupla,Não Informado,-19.98339,-44.23661,DEL01-MG,Risco Médio,Média
quarta-feira,BR-135,40.0,Pleno dia,Decrescente,Chuva,Dupla,Curva,-2.893457,-44.37292,DEL01-MA,Risco Baixo,Baixa
sexta-feira,BR-101,151.0,Pleno dia,Crescente,Nublado,Múltipla,Não Informado,-27.12654,-48.60964,DEL04-SC,Risco Médio,Alta
domingo,BR-101,163.0,Plena Noite,Crescente,Céu Claro,Simples,Reta,-12.3547,-38.7934,DEL01-BA,Risco Médio,Alta
quinta-feira,BR-101,119.0,Pleno dia,Crescente,Céu Claro,Dupla,Reta,-6.028787,-35.25005,DEL01-RN,Risco Baixo,Alta
domingo,BR-392,97.3,Plena Noite,Decrescente,Céu Claro,Simples,Reta,-31.553,-52.5573,DEL07-RS,Risco Baixo,Média
sábado,BR-116,165.0,Amanhecer,Crescente,Nublado,Dupla,Reta,-22.81549,-43.29087,DEL01-RJ,Risco Médio,Alta
domingo,BR-116,98.8,Pleno dia,Decrescente,Nublado,Dupla,Desvio Temporário,-22.98111,-45.46196,DEL08-SP,Risco Médio,Alta
sexta-feira,BR-153,696.5,Pleno dia,Crescente,Nublado,Simples,Curva,-18.35897,-49.21725,DEL03-GO,Risco Baixo,Alta
terça-feira,BR-101,84.1,Plena Noite,Crescente,Céu Claro,Simples,Reta,-5.774021,-35.25853,DEL02-RN,Risco Médio,Alta
terça-feira,BR-116,17.0,Plena Noite,Crescente,Céu Claro,Dupla,Reta,-3.897095,-38.50353,DEL01-CE,Risco Médio,Alta
quarta-feira,BR-116,413.0,Pleno dia,Decrescente,Céu Claro,Dupla,Reta,-18.87705,-41.96331,DEL06-MG,Risco Médio,Alta
terça-feira,BR-262,2.7,Pleno dia,Crescente,Nublado,Múltipla,Curva,-20.33202,-40.36689,DEL01-ES,Risco Médio,Média
terça-feira,BR-101,58.0,Pleno dia,Crescente,Garoa/Chuvisco,Dupla,Reta,-26.44371,-48.79747,DEL03-SC,Risco Baixo,Alta
sexta-feira,BR-20,20.0,Pleno dia,Crescente,Chuva,Dupla,Não Informado,-15.60791,-47.69279,DEL02-DF,Risco Médio,Baixa
sexta-feira,BR-50,281.0,Pleno dia,Decrescente,Céu Claro,Simples,Reta,-18.1838,-47.9441,DEL06-GO,Risco Médio,Média