dia_semana,br,km,fase_dia,sentido_via,condicao_metereologica,tipo_pista,tracado_via,latitude,longitude,delegacia,classificacao_acidente,postos_policiais_PRF
terça-feira,BR-280,260.5,Pleno dia,Decrescente,Sol,Simples,Reta,-26.26207,-50.63822,DEL06-SC,Risco Médio,Baixa
sábado,BR-472,144.2,Anoitecer,Decrescente,Céu Claro,Simples,Interseção de vias,-27.76868,-54.34907,DEL10-RS,Risco Médio,Baixa
sexta-feira,BR-262,9.5,Pleno dia,Decrescente,Céu Claro,Simples,Curva,-20.80452,-51.68679,DEL07-MS,Risco Baixo,Média
sábado,BR-290,78.9,Pleno dia,Crescente,Chuva,Dupla,Reta,-29.95418,-51.03773,DEL01-RS,Risco Médio,Baixa
terça-feira,BR-324,615.2,Anoitecer,Crescente,Nublado,Dupla,Reta,-12.88145,-38.43332,DEL01-BA,Risco Médio,Baixa
quinta-feira,BR-163,838.4,Plena Noite,Decrescente,Céu Claro,Simples,Reta,-11.834,-55.488,DEL06-MT,Risco Médio,Alta
segunda-feira,BR-290,379.7,Pleno dia,Decrescente,Céu Claro,Simples,Reta,-30.35329,-53.94504,DEL09-RS,Risco Médio,Baixa
domingo,BR-472,132.8,Plena Noite,Decrescente,Céu Claro,Simples,Curva,-27.75234,-54.23914,DEL10-RS,Risco Médio,Baixa
domingo,BR-365,624.9,Pleno dia,Decrescente,Sol,Múltipla,Reta,-18.90771,-48.29956,DEL15-MG,Risco Médio,Média
sexta-feira,BR-277,82.0,Plena Noite,Crescente,Nublado,Dupla,Reta,-25.46792,-49.21446,DEL01-PR,Risco Médio,Média
sábado,BR-364,709.0,Plena Noite,Decrescente,Céu Claro,Dupla,Reta,-8.790938,-63.84896,DEL01-RO,Risco Baixo,Alta
terça-feira,BR-262,48.8,Pleno dia,Decrescente,Nublado,Simples,Reta,-20.24971,-42.12906,DEL06-MG,Risco Médio,Média
sábado,BR-153,436.8,Plena Noite,Decrescente,Nublado,Simples,Reta,-9.708716,-48.6788,DEL01-TO,Risco Médio,Alta
quarta-feira,BR-470,38.3,Plena Noite,Crescente,Nublado,Simples,Túnel,-26.90411,-48.98016,DEL04-SC,Risco Baixo,Baixa
sábado,BR-251,497.7,Pleno dia,Crescente,Sol,Simples,Reta,-16.57596,-43.6283,DEL12-MG,Risco Alto,Baixa
terça-feira,BR-116,428.1,Plena Noite,Crescente,Céu Claro,Dupla,Reta,-12.28407,-38.9993,DEL02-BA,Risco Alto,Alta
domingo,BR-470,99.4,Pleno dia,Crescente,Nublado,Simples,Reta,-27.04567,-49.39419,DEL04-SC,Risco Médio,Baixa
quarta-feira,BR-393,179.0,Plena Noite,Crescente,Nublado,Simples,Curva,-22.1409,-43.25801,DEL05-RJ,Risco Baixo,Média
quarta-feira,BR-40,6.0,Pleno dia,Decrescente,Céu Claro,Dupla,Reta,-16.03795,-47.97929,DEL01-DF,Risco Médio,Alta
domingo,BR-101,94.8,Plena Noite,Crescente,Nublado,Simples,Reta,-18.95694,-39.98436,DEL04-ES,Risco Médio,Alta
segunda-feira,BR-262,102.0,Pleno dia,Crescente,Céu Claro,Simples,Reta,-20.33585,-41.12621,DEL01-ES,Risco Médio,Média
terça-feira,BR-317,274.8,Pleno dia,Decrescente,Céu Claro,Simples,Curva,-10.96694,-68.60335,DEL01-AC,Risco Médio,Baixa
quarta-feira,BR-365,6.0,Pleno dia,Crescente,Céu Claro,Simples,Não Informado,-16.76417,-43.8841,DEL12-MG,Risco Médio,Média
sábado,BR-101,303.0,Anoitecer,Decrescente,Céu Claro,Dupla,Reta,-22.78282,-42.97667,DEL02-RJ,Risco Médio,Alta
quarta-feira,BR-282,533.0,Pleno dia,Decrescente,Céu Claro,Simples,Reta,-26.99532,-52.6253,DEL07-SC,Risco Médio,Baixa
segunda-feira,BR-376,666.0,Pleno dia,Crescente,Céu Claro,Dupla,Curva,-25.42895,-49.26714,DEL01-PR,Risco Baixo,Baixa
sexta-feira,BR-222,445.7,Plena Noite,Decrescente,Céu Claro,Simples,Curva,-4.075224,-45.94508,DEL02-MA,Risco Alto,Baixa
quinta-feira,BR-277,348.5,Pleno dia,Decrescente,Céu Claro,Simples,Reta,-25.33928,-51.4288,DEL08-PR,Risco Médio,Média
domingo,BR-101,21.6,Pleno dia,Decrescente,Sol,Dupla,Reta,-26.14793,-48.90895,DEL03-SC,Risco Médio,Alta
sábado,BR-232,39.0,Pleno dia,Decrescente,Céu Claro,Dupla,Curva,-8.117274,-35.22714,DEL01-PE,Risco Baixo,Baixa
terça-feira,BR-116,227.5,Pleno dia,Crescente,Céu Claro,Múltipla,Reta,-23.502,-46.565,DEL01-SP,Risco Médio,Alta
sábado,BR-287,501.0,Pleno dia,Decrescente,Nublado,Simples,Reta,-28.83877,-55.71512,DEL12-RS,Risco Baixo,Baixa
terça-feira,BR-101,135.0,Pleno dia,Decrescente,Céu Claro,Simples,Reta,-19.28406,-40.08689,DEL04-ES,Risco Baixo,Alta
domingo,BR-153,495.1,Plena Noite,Crescente,Céu Claro,Dupla,Não Informado,-16.6681,-49.2263,DEL01-GO,Risco Médio,Alta
terça-feira,BR-381,528.5,Pleno dia,Crescente,Céu Claro,Dupla,Curva,-20.1634,-44.3399,DEL04-MG,Risco Médio,Alta
sábado,BR-116,190.0,Pleno dia,Decrescente,Céu Claro,Dupla,Reta,-22.74124,-43.50073,DEL01-RJ,Risco Médio,Alta
sexta-feira,BR-101,311.0,Plena Noite,Decrescente,Chuva,Simples,Reta,-28.42531,-48.80069,DEL02-SC,Risco Médio,Alta
sexta-feira,BR-470,57.5,Pleno dia,Crescente,Céu Claro,Simples,Rotatória,-26.88043,-49.13653,DEL04-SC,Risco Médio,Baixa
domingo,BR-343,336.1,Plena Noite,Decrescente,Céu Claro,Dupla,Reta,-5.062547,-42.70519,DEL01-PI,Risco Médio,Baixa
quarta-feira,BR-101,77.8,Pleno dia,Crescente,Céu Claro,Dupla,Reta,-8.133236,-34.94693,DEL01-PE,Risco Médio,Alta
sexta-feira,BR-174,195.0,Amanhecer,Decrescente,Nublado,Simples,Curva,-15.75264,-58.67207,DEL03-MT,Risco Alto,Baixa
sábado,BR-365,0.1,Pleno dia,Decrescente,Céu Claro,Simples,Rotatória,-16.76469,-43.88418,DEL12-MG,Risco Médio,Média
segunda-feira,BR-304,47.4,Pleno dia,Decrescente,Céu Claro,Dupla,Reta,-5.227097,-37.32311,DEL04-RN,Risco Médio,Baixa
sexta-feira,BR-40,3.0,Pleno dia,Decrescente,Céu Claro,Dupla,Reta,-16.07664,-47.98556,DEL01-DF,Risco Médio,Alta
segunda-feira,BR-232,292.5,Pleno dia,Crescente,Céu Claro,Simples,Curva,-8.298704,-37.37611,DEL03-PE,Risco Médio,Baixa
sexta-feira,BR-163,63.8,Pleno dia,Decrescente,Céu Claro,Dupla,Reta,-16.96198,-54.74184,DEL02-MT,Risco Médio,Alta
sábado,BR-476,146.0,Plena Noite,Crescente,Céu Claro,Dupla,Reta,-25.55483,-49.3396,DEL01-PR,Risco Médio,Baixa
sábado,BR-116,246.4,Plena Noite,Crescente,Céu Claro,Dupla,Reta,-29.75875,-51.15187,DEL01-RS,Risco Baixo,Alta
sábado,BR-230,27.8,Plena Noite,Decrescente,Céu Claro,Dupla,Viaduto,-7.165678,-34.89631,DEL01-PB,Risco Médio,Baixa
quarta-feira,BR-101,93.3,Pleno dia,Crescente,Sol,Dupla,Reta,-10.90149,-37.14423,DEL01-SE,Risco Médio,Alta
segunda-feira,BR-262,21.3,Plena Noite,Decrescente,Céu Claro,Simples,Reta,-20.38054,-40.50498,DEL01-ES,Risco Baixo,Média
quarta-feira,BR-381,769.0,Pleno dia,Crescente,Céu Claro,Dupla,Reta,-21.7619,-45.411,DEL16-MG,Risco Médio,Alta
sábado,BR-262,607.6,Pleno dia,Decrescente,Chuva,Simples,Reta,-19.69658,-46.17178,DEL08-MG,Risco Alto,Média
sábado,BR-280,4.4,Plena Noite,Decrescente,Céu Claro,Simples,Reta,-26.2533,-48.61916,DEL03-SC,Risco Médio,Baixa
segunda-feira,BR-101,48.7,Plena Noite,Decrescente,Garoa/Chuvisco,Dupla,Reta,-26.35346,-48.85868,DEL03-SC,Risco Médio,Alta
sábado,BR-116,663.5,Anoitecer,Decrescente,Nublado,Simples,Curva,-20.81147,-42.31323,DEL07-MG,Risco Médio,Alta
sábado,BR-101,322.0,Pleno dia,Decrescente,Céu Claro,Dupla,Reta,-22.87892,-43.11068,DEL02-RJ,Risco Baixo,Alta
quinta-feira,BR-40,512.7,Pleno dia,Crescente,Céu Claro,Dupla,Não Informado,-19.78947,-44.11291,DEL01-MG,Risco Médio,Alta
segunda-feira,BR-373,425.0,Plena Noite,Crescente,Nublado,Simples,Não Informado,-25.71888,-52.20244,DEL03-PR,Risco Alto,Baixa
domingo,BR-116,112.9,Pleno dia,Crescente,Nublado,Dupla,Reta,-25.55006,-49.28207,DEL01-PR,Risco Baixo,Alta
quarta-feira,BR-242,579.0,Plena Noite,Decrescente,Céu Claro,Simples,Reta,-12.17024,-43.22296,DEL10-BA,Risco Baixo,Baixa
segunda-feira,BR-116,100.0,Pleno dia,Crescente,Céu Claro,Dupla,Reta,-25.40429,-49.21792,DEL01-PR,Risco Médio,Alta
quinta-feira,BR-158,321.0,Plena Noite,Crescente,Céu Claro,Simples,Interseção de vias,-29.69536,-53.77582,DEL09-RS,Risco Médio,Baixa
terça-feira,BR-101,59.0,Pleno dia,Crescente,Céu Claro,Dupla,Reta,-6.9906,-35.0712,DEL01-PB,Risco Baixo,Alta
sexta-feira,BR-116,0.0,Plena Noite,Decrescente,Céu Claro,Simples,Viaduto,-14.82741,-40.82885,DEL08-BA,Risco Médio,Alta
domingo,BR-381,885.9,Pleno dia,Crescente,Nublado,Dupla,Reta,-22.50591,-46.01607,DEL16-MG,Risco Baixo,Alta
segunda-feira,BR-293,2.3,Pleno dia,Decrescente,Céu Claro,Simples,Reta,-31.75043,-52.35999,DEL07-RS,Risco Médio,Baixa
domingo,BR-40,105.0,Pleno dia,Decrescente,Céu Claro,Múltipla,Reta,-22.63785,-43.28429,DEL01-RJ,Risco Médio,Alta
domingo,BR-277,727.8,Plena Noite,Crescente,Céu Claro,Dupla,Interseção de vias,-25.50951,-54.57202,DEL05-PR,Risco Alto,Média
terça-feira,BR-70,184.4,Pleno dia,Decrescente,Céu Claro,Simples,Reta,-15.99483,-49.7355,DEL02-GO,Risco Médio,Baixa
domingo,BR-235,4.5,Pleno dia,Crescente,Céu Claro,Dupla,Não Informado,-10.9064,-37.1197,DEL01-SE,Risco Médio,Baixa
domingo,BR-116,143.9,Pleno dia,Crescente,Céu Claro,Dupla,Curva,-22.65237,-43.23918,DEL04-RJ,Risco Médio,Alta
domingo,BR-381,455.0,Pleno dia,Decrescente,Céu Claro,Simples,Reta,-19.85777,-43.90468,DEL01-MG,Risco Médio,Alta
domingo,BR-101,50.0,Anoitecer,Crescente,Chuva,Simples,Reta,-21.63391,-41.31293,DEL08-RJ,Risco Médio,Alta
segunda-feira,BR-101,58.0,Plena Noite,Crescente,Garoa/Chuvisco,Simples,Reta,-21.70489,-41.3098,DEL08-RJ,Risco Médio,Alta
segunda-feira,BR-116,401.3,Plena Noite,Decrescente,Nublado,Dupla,Interseção de vias,-24.31181,-47.51373,DEL04-SP,Risco Baixo,Alta
domingo,BR-277,6.6,Pleno dia,Decrescente,Sol,Dupla,Não Informado,-25.56097,-48.58269,DEL01-PR,Risco Baixo,Média
quarta-feira,BR-242,229.0,Pleno dia,Crescente,Céu Claro,Simples,Reta,-12.51059,-40.31333,DEL06-BA,Risco Médio,Baixa
sábado,BR-153,216.5,Pleno dia,Crescente,Chuva,Simples,Curva,-7.797777,-48.45813,DEL02-TO,Risco Médio,Alta
quinta-feira,BR-393,268.2,Pleno dia,Decrescente,Nublado,Simples,Interseção de vias,-22.47678,-43.94411,DEL05-RJ,Risco Médio,Média
quarta-feira,BR-414,436.9,Pleno dia,Crescente,Nublado,Simples,Reta,-16.26188,-48.93791,DEL02-GO,Risco Médio,Baixa
domingo,BR-262,774.3,Pleno dia,Crescente,Céu Claro,Simples,Interseção de vias,-19.08286,-57.62168,DEL03-MS,Risco Médio,Média
quinta-feira,BR-116,209.0,Plena Noite,Decrescente,Céu Claro,Múltipla,Não Informado,-23.42512,-46.40221,DEL01-SP,Risco Médio,Alta
domingo,BR-259,66.1,Pleno dia,Decrescente,Sol,Simples,Reta,-19.51585,-40.72475,DEL02-ES,Risco Médio,Baixa
sexta-feira,BR-116,5.5,Plena Noite,Crescente,Chuva,Dupla,Não Informado,-25.36594,-49.0949,DEL01-PR,Risco Baixo,Alta
sexta-feira,BR-463,4.0,Plena Noite,Crescente,Céu Claro,Simples,Reta,-22.25924,-54.83301,DEL04-MS,Risco Médio,Baixa
domingo,BR-116,396.0,Plena Noite,Decrescente,Céu Claro,Simples,Curva,-6.587,-38.8434,DEL05-CE,Risco Alto,Alta
segunda-feira,BR-116,103.0,Pleno dia,Crescente,Céu Claro,Múltipla,Reta,-25.5709,-49.1926,DEL01-PR,Risco Baixo,Alta
segunda-feira,BR-364,296.0,Pleno dia,Crescente,Nublado,Dupla,Reta,-15.86416,-55.12585,DEL05-MT,Risco Médio,Alta
segunda-feira,BR-304,298.0,Pleno dia,Crescente,Sol,Dupla,Reta,-5.865341,-35.34069,DEL01-RN,Risco Médio,Baixa
domingo,BR-316,13.9,Plena Noite,Decrescente,Céu Claro,Dupla,Retorno Regulamentado,-5.214309,-42.7548,DEL01-PI,Risco Médio,Baixa
quinta-feira,BR-277,51.0,Amanhecer,Decrescente,Céu Claro,Dupla,Reta,-25.59516,-48.90701,DEL01-PR,Risco Baixo,Média
segunda-feira,BR-376,492.6,Pleno dia,Crescente,Céu Claro,Dupla,Curva,-25.1556,-50.13323,DEL03-PR,Risco Médio,Baixa
segunda-feira,BR-50,280.6,Plena Noite,Crescente,Céu Claro,Simples,Interseção de vias,-18.1784,-47.9362,DEL06-GO,Risco Médio,Média
quarta-feira,BR-158,242.0,Pleno dia,Decrescente,Céu Claro,Simples,Não Informado,-11.4887,-51.6838,DEL07-MT,Risco Baixo,Baixa
segunda-feira,BR-116,779.0,Plena Noite,Crescente,Céu Claro,Simples,Reta,-14.6743,-40.4939,DEL08-BA,Risco Médio,Alta
domingo,BR-116,568.8,Plena Noite,Crescente,Céu Claro,Simples,Reta,-20.09213,-42.18087,DEL06-MG,Risco Médio,Alta
sexta-feira,BR-158,744.0,Plena Noite,Decrescente,Céu Claro,Simples,Reta,-15.41066,-52.20119,DEL07-MT,Risco Médio,Baixa
sábado,BR-232,110.0,Plena Noite,Crescente,Chuva,Dupla,Não Informado,-8.286734,-35.81823,DEL02-PE,Risco Médio,Baixa
quarta-feira,BR-470,52.0,Plena Noite,Crescente,Nublado,Simples,Reta,-26.86229,-49.0939,DEL04-SC,Risco Médio,Baixa
sábado,BR-101,51.0,Pleno dia,Decrescente,Chuva,Simples,Reta,-18.59458,-39.88971,DEL04-ES,Risco Baixo,Alta
sábado,BR-116,476.8,Plena Noite,Decrescente,Céu Claro,Simples,Reta,-7.238002,-38.84377,DEL05-CE,Risco Médio,Alta
terça-feira,BR-163,738.0,Pleno dia,Crescente,Chuva,Simples,Reta,-18.455,-54.7088,DEL06-MS,Risco Médio,Alta
segunda-feira,BR-364,51.9,Pleno dia,Decrescente,Sol,Simples,Reta,-12.54303,-60.36262,DEL04-RO,Risco Médio,Alta
segunda-feira,BR-470,242.5,Plena Noite,Crescente,Garoa/Chuvisco,Simples,Reta,-27.31179,-50.4987,DEL05-SC,Risco Baixo,Baixa
domingo,BR-488,2.6,Plena Noite,Crescente,Céu Claro,Dupla,Reta,-22.8593,-45.22724,DEL08-SP,Risco Baixo,Baixa
domingo,BR-290,540.1,Plena Noite,Crescente,Céu Claro,Simples,Reta,-29.98192,-55.4225,DEL13-RS,Risco Médio,Baixa
sábado,BR-364,420.0,Pleno dia,Decrescente,Sol,Simples,Reta,-10.4747,-62.44576,DEL03-RO,Risco Médio,Alta
sábado,BR-116,160.9,Pleno dia,Crescente,Nublado,Dupla,Reta,-23.27102,-45.96788,DEL02-SP,Risco Médio,Alta
quinta-feira,BR-376,185.3,Pleno dia,Crescente,Sol,Dupla,Não Informado,-23.44754,-51.86087,DEL07-PR,Risco Médio,Baixa
sábado,BR-101,20.0,Pleno dia,Crescente,Sol,Dupla,Reta,-7.6692,-34.9327,DEL01-PE,Risco Médio,Alta
terça-feira,BR-101,132.3,Pleno dia,Decrescente,Céu Claro,Dupla,Reta,-26.99654,-48.65565,DEL04-SC,Risco Médio,Alta
sábado,BR-163,746.0,Plena Noite,Decrescente,Céu Claro,Dupla,Curva,-12.6064,-55.7541,DEL06-MT,Risco Baixo,Alta
domingo,BR-101,278.7,Pleno dia,Crescente,Nublado,Simples,Viaduto,-28.16301,-48.69393,DEL02-SC,Risco Médio,Alta
sábado,BR-116,129.0,Pleno dia,Crescente,Chuva,Dupla,Interseção de vias,-25.66508,-49.31415,DEL01-PR,Risco Médio,Alta
sexta-feira,BR-280,130.2,Anoitecer,Decrescente,Céu Claro,Simples,Curva,-26.25302,-49.52925,DEL06-SC,Risco Médio,Baixa
terça-feira,BR-285,381.7,Pleno dia,Decrescente,Nublado,Simples,Reta,-28.43265,-53.18501,DEL10-RS,Risco Baixo,Baixa
sábado,BR-381,436.9,Pleno dia,Crescente,Céu Claro,Simples,Desvio Temporário,-19.80439,-43.76187,DEL01-MG,Risco Alto,Alta
segunda-feira,BR-40,70.0,Pleno dia,Crescente,Céu Claro,Dupla,Reta,-22.45043,-43.20209,DEL06-RJ,Risco Médio,Alta
quarta-feira,BR-448,22.0,Pleno dia,Decrescente,Céu Claro,Múltipla,Interseção de vias,-29.97221,-51.19914,DEL01-RS,Risco Médio,Baixa
sexta-feira,BR-116,243.0,Pleno dia,Crescente,Céu Claro,Simples,Reta,-10.71897,-38.92147,DEL07-BA,Risco Alto,Alta
domingo,BR-116,233.0,Pleno dia,Decrescente,Céu Claro,Simples,Reta,-27.69307,-50.33624,DEL05-SC,Risco Baixo,Alta
sexta-feira,BR-116,39.9,Plena Noite,Crescente,Chuva,Dupla,Curva,-25.16936,-48.86645,DEL01-PR,Risco Baixo,Alta
sexta-feira,BR-280,71.0,Pleno dia,Decrescente,Sol,Simples,Desvio Temporário,-26.46152,-49.13481,DEL03-SC,Risco Médio,Baixa
terça-feira,BR-369,22.8,Pleno dia,Decrescente,Céu Claro,Simples,Interseção de vias,-23.04334,-50.1065,DEL07-PR,Risco Médio,Baixa
terça-feira,BR-280,117.5,Pleno dia,Decrescente,Garoa/Chuvisco,Simples,Curva,-26.26364,-49.43738,DEL06-SC,Risco Médio,Baixa
quarta-feira,BR-116,178.0,Plena Noite,Crescente,Céu Claro,Dupla,Reta,-22.77496,-43.40081,DEL01-RJ,Risco Médio,Alta
sexta-feira,BR-476,288.0,Pleno dia,Crescente,Nublado,Simples,Reta,-25.92604,-50.46419,DEL02-PR,Risco Médio,Baixa
quarta-feira,BR-153,491.0,Pleno dia,Decrescente,Sol,Simples,Reta,-16.6302,-49.2055,DEL01-GO,Risco Médio,Alta
quinta-feira,BR-280,58.3,Pleno dia,Decrescente,Céu Claro,Simples,Reta,-26.47415,-49.02125,DEL03-SC,Risco Médio,Baixa
quarta-feira,BR-369,477.0,Pleno dia,Decrescente,Céu Claro,Simples,Reta,-24.71066,-53.24215,DEL04-PR,Risco Alto,Baixa
sexta-feira,BR-392,17.9,Pleno dia,Decrescente,Céu Claro,Dupla,Reta,-32.09415,-52.16753,DEL07-RS,Risco Médio,Média
terça-feira,BR-280,57.9,Pleno dia,Crescente,Nublado,Simples,Reta,-26.47811,-49.01259,DEL03-SC,Risco Médio,Baixa
sábado,BR-262,375.0,Pleno dia,Decrescente,Céu Claro,Dupla,Não Informado,-19.95993,-44.338,DEL01-MG,Risco Médio,Média
quinta-feira,BR-415,18.0,Plena Noite,Decrescente,Nublado,Simples,Reta,-14.8482,-39.28199,DEL05-BA,Risco Médio,Baixa
segunda-feira,BR-40,794.1,Plena Noite,Decrescente,Ignorado,Dupla,Curva,-21.79933,-43.41147,DEL05-MG,Risco Baixo,Alta
terça-feira,BR-116,5.8,Pleno dia,Decrescente,Céu Claro,Múltipla,Não Informado,-3.794671,-38.50773,DEL01-CE,Risco Médio,Alta
quinta-feira,BR-282,256.4,Plena Noite,Crescente,Nevoeiro/Neblina,Simples,Não Informado,-27.66776,-50.58422,DEL05-SC,Risco Baixo,Baixa
sábado,BR-116,281.0,Pleno dia,Crescente,Céu Claro,Dupla,Não Informado,-23.67785,-46.85769,DEL04-SP,Risco Alto,Alta
quinta-feira,BR-364,344.0,Pleno dia,Crescente,Sol,Dupla,Não Informado,-10.87376,-61.95257,DEL02-RO,Risco Médio,Alta
segunda-feira,BR-376,176.6,Pleno dia,Decrescente,Céu Claro,Dupla,Reta,-23.41269,-51.93158,DEL07-PR,Risco Médio,Baixa
sábado,BR-153,482.0,Pleno dia,Decrescente,Chuva,Simples,Retorno Regulamentado,-26.38515,-51.26944,DEL02-PR,Risco Médio,Alta
quarta-feira,BR-101,320.0,Pleno dia,Crescente,Sol,Dupla,Reta,-22.86207,-43.10737,DEL02-RJ,Risco Médio,Alta
terça-feira,BR-277,693.9,Pleno dia,Crescente,Sol,Dupla,Reta,-25.3724,-54.27034,DEL05-PR,Risco Médio,Média
quarta-feira,BR-116,115.4,Pleno dia,Decrescente,Nublado,Dupla,Reta,-25.54789,-49.30402,DEL01-PR,Risco Médio,Alta
terça-feira,BR-448,22.0,Pleno dia,Crescente,Sol,Dupla,Não Informado,-29.97496,-51.1996,DEL01-RS,Risco Baixo,Baixa
terça-feira,BR-222,139.1,Pleno dia,Decrescente,Chuva,Simples,Curva,-3.74545,-39.69994,DEL04-CE,Risco Médio,Baixa
sexta-feira,BR-116,244.0,Anoitecer,Decrescente,Céu Claro,Dupla,Reta,-29.74088,-51.1504,DEL01-RS,Risco Médio,Alta
sexta-feira,BR-365,17.8,Pleno dia,Decrescente,Garoa/Chuvisco,Simples,Reta,-16.87724,-43.99338,DEL12-MG,Risco Médio,Média
sábado,BR-290,107.0,Pleno dia,Decrescente,Céu Claro,Dupla,Curva,-30.00185,-51.30426,DEL02-RS,Risco Médio,Baixa
quinta-feira,BR-101,80.4,Plena Noite,Decrescente,Nublado,Dupla,Reta,-8.154948,-34.94156,DEL01-PE,Risco Baixo,Alta
domingo,BR-401,3.0,Plena Noite,Crescente,Ignorado,Simples,Reta,2.791557,-60.66236,DEL01-RR,Risco Médio,Baixa
terça-feira,BR-262,475.1,Pleno dia,Decrescente,Nublado,Simples,Não Informado,-19.78735,-45.20202,DEL08-MG,Risco Baixo,Média
terça-feira,BR-101,50.3,Pleno dia,Crescente,Garoa/Chuvisco,Múltipla,Reta,-7.9148,-34.8984,DEL01-PE,Risco Médio,Alta
sábado,BR-232,452.5,Plena Noite,Decrescente,Céu Claro,Simples,Reta,-7.985789,-38.64298,DEL04-PE,Risco Alto,Baixa
domingo,BR-280,30.1,Plena Noite,Crescente,Nublado,Simples,Reta,-26.41476,-48.7645,DEL03-SC,Risco Médio,Baixa
domingo,BR-470,225.0,Pleno dia,Decrescente,Chuva,Simples,Curva,-29.24069,-51.51835,DEL06-RS,Risco Médio,Baixa
quinta-feira,BR-222,234.4,Pleno dia,Crescente,Céu Claro,Simples,Reta,-3.712111,-40.42661,DEL04-CE,Risco Médio,Baixa
segunda-feira,BR-470,7.5,Pleno dia,Decrescente,Sol,Simples,Viaduto,-26.84499,-48.71505,DEL04-SC,Risco Médio,Baixa
domingo,BR-470,63.5,Plena Noite,Decrescente,Nublado,Simples,Reta,-26.8724,-49.19228,DEL04-SC,Risco Médio,Baixa
quinta-feira,BR-364,119.5,Pleno dia,Decrescente,Céu Claro,Simples,Reta,-16.83348,-53.99044,DEL02-MT,Risco Baixo,Alta
sábado,BR-230,349.7,Anoitecer,Crescente,Nublado,Simples,Curva,-6.9548,-37.3764,DEL03-PB,Risco Médio,Baixa
terça-feira,BR-101,401.0,Pleno dia,Crescente,Céu Claro,Dupla,Curva,-22.84853,-43.77999,DEL01-RJ,Risco Alto,Alta
quinta-feira,BR-116,129.0,Pleno dia,Crescente,Garoa/Chuvisco,Dupla,Reta,-25.63028,-49.31381,DEL01-PR,Risco Médio,Alta
quarta-feira,BR-153,506.8,Plena Noite,Decrescente,Nublado,Dupla,Reta,-16.7633,-49.24,DEL01-GO,Risco Médio,Alta
domingo,BR-262,65.2,Plena Noite,Crescente,Nublado,Simples,Reta,-20.29815,-42.25293,DEL06-MG,Risco Médio,Média
domingo,BR-40,83.9,Pleno dia,Crescente,Sol,Dupla,Não Informado,-22.5472,-43.2266,DEL06-RJ,Risco Médio,Alta
terça-feira,BR-101,7.0,Plena Noite,Decrescente,Céu Claro,Simples,Ponte,-8.228866,-34.97208,DEL01-PE,Risco Alto,Alta
sexta-feira,BR-116,301.5,Pleno dia,Crescente,Sol,Dupla,Reta,-22.45729,-44.4117,DEL07-RJ,Risco Médio,Alta
sexta-feira,BR-356,60.9,Pleno dia,Crescente,Nublado,Simples,Curva,-21.28457,-41.72284,DEL08-RJ,Risco Médio,Baixa
quarta-feira,BR-364,543.0,Plena Noite,Crescente,Céu Claro,Simples,Não Informado,-14.90512,-56.46799,DEL01-MT,Risco Alto,Alta
segunda-feira,BR-304,41.0,Pleno dia,Crescente,Céu Claro,Simples,Reta,-4.578821,-37.834,DEL03-CE,Risco Médio,Baixa
sexta-feira,BR-242,157.0,Pleno dia,Crescente,Céu Claro,Simples,Não Informado,-12.50189,-39.66408,DEL06-BA,Risco Médio,Baixa
quinta-feira,BR-226,44.0,Plena Noite,Decrescente,Chuva,Simples,Desvio Temporário,-5.956973,-35.56242,DEL01-RN,Risco Médio,Baixa
sexta-feira,BR-101,57.0,Pleno dia,Decrescente,Nublado,Dupla,Curva,-29.6588,-50.1306,DEL03-RS,Risco Baixo,Alta
domingo,BR-101,228.9,Pleno dia,Crescente,Céu Claro,Dupla,Reta,-10.10575,-36.71436,DEL02-AL,Risco Médio,Alta
segunda-feira,BR-277,5.0,Pleno dia,Decrescente,Nublado,Dupla,Reta,-25.46901,-54.58489,DEL05-PR,Risco Médio,Média
sábado,BR-153,141.8,Pleno dia,Decrescente,Céu Claro,Dupla,Reta,-7.175959,-48.21955,DEL02-TO,Risco Médio,Alta
quinta-feira,BR-10,257.0,Plena Noite,Decrescente,Céu Claro,Simples,Reta,-5.490634,-47.47197,DEL04-MA,Risco Médio,Baixa
quinta-feira,BR-101,303.0,Pleno dia,Crescente,Céu Claro,Dupla,Viaduto,-22.78282,-42.97667,DEL02-RJ,Risco Médio,Alta
segunda-feira,BR-376,143.5,Plena Noite,Crescente,Céu Claro,Dupla,Reta,-23.2643,-52.16235,DEL07-PR,Risco Alto,Baixa
domingo,BR-277,13.0,Plena Noite,Decrescente,Chuva,Dupla,Reta,-25.56296,-48.63834,DEL01-PR,Risco Baixo,Média
sexta-feira,BR-40,760.5,Pleno dia,Crescente,Sol,Simples,Reta,-21.52937,-43.51813,DEL05-MG,Risco Médio,Alta
terça-feira,BR-40,145.2,Pleno dia,Decrescente,Sol,Simples,Rotatória,-17.7564,-46.16164,DEL14-MG,Risco Médio,Alta
quinta-feira,BR-163,258.2,Pleno dia,Decrescente,Nublado,Simples,Não Informado,-22.25859,-54.78134,DEL04-MS,Risco Médio,Alta
quinta-feira,BR-376,139.0,Pleno dia,Crescente,Céu Claro,Dupla,Retorno Regulamentado,-23.196,-52.2019,DEL07-PR,Risco Baixo,Baixa
sábado,BR-381,672.7,Plena Noite,Crescente,Céu Claro,Dupla,Reta,-21.09393,-45.07727,DEL04-MG,Risco Médio,Alta