dia_semana,br,km,fase_dia,sentido_via,condicao_metereologica,tipo_pista,tracado_via,latitude,longitude,delegacia,classificacao_acidente,postos_policiais_PRF
terça-feira,BR-116,234.0,Pleno dia,Decrescente,Nublado,Dupla,Reta,-29.65164,-51.14457,DEL01-RS,Risco Baixo,Alta
sábado,BR-364,262.0,Plena Noite,Crescente,Céu Claro,Dupla,Reta,-16.02332,-54.89985,DEL02-MT,Risco Médio,Alta
sábado,BR-116,12.0,Plena Noite,Crescente,Nublado,Dupla,Reta,-25.3755,-49.1496,DEL01-PR,Risco Médio,Alta
domingo,BR-116,464.3,Plena Noite,Crescente,Céu Claro,Simples,Reta,-12.45953,-39.26885,DEL02-BA,Risco Médio,Alta
terça-feira,BR-101,203.0,Pleno dia,Crescente,Sol,Dupla,Reta,-8.797265,-35.62641,DEL01-PE,Risco Baixo,Alta
quinta-feira,BR-116,262.0,Pleno dia,Decrescente,Sol,Múltipla,Reta,-29.89783,-51.1759,DEL01-RS,Risco Médio,Alta
terça-feira,BR-376,664.0,Pleno dia,Decrescente,Céu Claro,Simples,Reta,-25.85322,-48.96609,DEL01-PR,Risco Médio,Baixa
segunda-feira,BR-386,343.2,Plena Noite,Decrescente,Garoa/Chuvisco,Simples,Curva,-29.43483,-52.00236,DEL04-RS,Risco Médio,Média
terça-feira,BR-104,105.0,Pleno dia,Crescente,Céu Claro,Simples,Reta,-7.08939,-35.85454,DEL02-PB,Risco Médio,Baixa
quinta-feira,BR-364,399.0,Anoitecer,Crescente,Céu Claro,Dupla,Reta,-15.67919,-55.92995,DEL01-MT,Risco Baixo,Alta
quinta-feira,BR-153,289.0,Pleno dia,Decrescente,Céu Claro,Simples,Reta,-22.48292,-49.88945,DEL07-SP,Risco Médio,Alta
segunda-feira,BR-251,217.0,Pleno dia,Decrescente,Céu Claro,Simples,Não Informado,-16.16679,-42.32197,DEL12-MG,Risco Médio,Baixa
sábado,BR-304,50.5,Amanhecer,Crescente,Céu Claro,Dupla,Reta,-4.5803,-37.7746,DEL03-CE,Risco Médio,Baixa
sexta-feira,BR-407,120.0,Plena Noite,Crescente,Chuva,Simples,Reta,-10.40376,-40.18052,DEL04-BA,Risco Médio,Baixa
segunda-feira,BR-381,429.0,Pleno dia,Decrescente,Sol,Simples,Curva,-19.78647,-43.6863,DEL01-MG,Risco Médio,Alta
domingo,BR-101,140.8,Plena Noite,Decrescente,Nublado,Dupla,Curva,-8.4394,-35.3342,DEL01-PE,Risco Médio,Alta
sábado,BR-153,1.0,Anoitecer,Decrescente,Nublado,Dupla,Não Informado,-18.42609,-49.19359,DEL15-MG,Risco Médio,Alta
terça-feira,BR-282,578.1,Pleno dia,Crescente,Chuva,Simples,Curva,-26.84884,-52.98041,DEL07-SC,Risco Médio,Baixa
quarta-feira,BR-50,154.5,Pleno dia,Crescente,Céu Claro,Dupla,Reta,-19.59976,-48.02525,DEL13-MG,Risco Médio,Média
sábado,BR-235,349.0,Pleno dia,Decrescente,Céu Claro,Dupla,Reta,-9.431745,-40.49804,DEL06-PE,Risco Médio,Baixa
domingo,BR-101,287.1,Plena Noite,Decrescente,Céu Claro,Dupla,Reta,-20.26546,-40.38539,DEL01-ES,Risco Médio,Alta
segunda-feira,BR-319,63.4,Pleno dia,Crescente,Nublado,Dupla,Interseção de vias,-8.753036,-63.887,DEL01-RO,Risco Baixo,Baixa
sábado,BR-110,304.0,Pleno dia,Decrescente,Céu Claro,Simples,Interseção de vias,-11.94271,-38.36817,DEL01-BA,Risco Baixo,Baixa
domingo,BR-20,57.5,Pleno dia,Crescente,Céu Claro,Dupla,Reta,-15.58311,-47.34936,DEL02-DF,Risco Baixo,Baixa
terça-feira,BR-262,478.0,Pleno dia,Decrescente,Céu Claro,Simples,Rotatória,-19.78392,-45.25713,DEL08-MG,Risco Médio,Média
segunda-feira,BR-101,213.8,Pleno dia,Decrescente,Nublado,Dupla,Reta,-27.63697,-48.66514,DEL01-SC,Risco Médio,Alta
terça-feira,BR-163,837.0,Pleno dia,Crescente,Céu Claro,Dupla,Não Informado,-11.96896,-55.51696,DEL06-MT,Risco Médio,Alta
terça-feira,BR-222,210.6,Plena Noite,Crescente,Céu Claro,Simples,Reta,-3.796504,-40.27069,DEL04-CE,Risco Baixo,Baixa
quinta-feira,BR-376,174.0,Pleno dia,Decrescente,Garoa/Chuvisco,Múltipla,Não Informado,-23.4143,-51.94984,DEL07-PR,Risco Médio,Baixa
quarta-feira,BR-174,1.0,Plena Noite,Crescente,Nublado,Simples,Reta,-15.24341,-59.31505,DEL04-MT,Risco Médio,Baixa
terça-feira,BR-493,2.0,Pleno dia,Crescente,Sol,Simples,Reta,-22.7595,-42.93545,DEL02-RJ,Risco Médio,Baixa
terça-feira,BR-277,2.0,Pleno dia,Decrescente,Céu Claro,Dupla,Reta,-25.54896,-48.54829,DEL01-PR,Risco Médio,Média
segunda-feira,BR-101,206.8,Pleno dia,Crescente,Sol,Simples,Não Informado,-27.59194,-48.61825,DEL01-SC,Risco Baixo,Alta
domingo,BR-369,390.9,Plena Noite,Crescente,Céu Claro,Simples,Reta,-24.28171,-52.54409,DEL04-PR,Risco Médio,Baixa
quarta-feira,BR-70,2.4,Anoitecer,Crescente,Vento,Dupla,Não Informado,-15.76361,-48.23202,DEL01-DF,Risco Médio,Baixa
segunda-feira,BR-392,352.0,Plena Noite,Decrescente,Nublado,Dupla,Reta,-29.7172,-53.80906,DEL09-RS,Risco Baixo,Média
segunda-feira,BR-163,226.4,Pleno dia,Crescente,Nublado,Simples,Reta,-22.48757,-54.8659,DEL04-MS,Risco Médio,Alta
quarta-feira,BR-101,327.0,Pleno dia,Decrescente,Céu Claro,Dupla,Reta,-22.87117,-43.15595,DEL02-RJ,Risco Médio,Alta
sexta-feira,BR-101,359.3,Pleno dia,Crescente,Céu Claro,Simples,Curva,-28.64378,-49.09992,DEL02-SC,Risco Médio,Alta
quarta-feira,BR-101,213.0,Plena Noite,Crescente,Céu Claro,Dupla,Reta,-27.6369,-48.6651,DEL01-SC,Risco Baixo,Alta
terça-feira,BR-262,47.1,Plena Noite,Decrescente,Nublado,Simples,Reta,-20.25675,-42.11314,DEL06-MG,Risco Médio,Média
domingo,BR-316,12.3,Plena Noite,Crescente,Nublado,Simples,Não Informado,-5.200803,-42.75798,DEL01-PI,Risco Médio,Baixa
quinta-feira,BR-290,94.0,Plena Noite,Crescente,Nublado,Múltipla,Reta,-29.97386,-51.19785,DEL01-RS,Risco Alto,Baixa
sábado,BR-369,497.3,Pleno dia,Crescente,Céu Claro,Simples,Reta,-24.7566,-53.2895,DEL04-PR,Risco Médio,Baixa
sexta-feira,BR-242,822.0,Amanhecer,Crescente,Céu Claro,Simples,Reta,-12.1169,-45.23994,DEL10-BA,Risco Médio,Baixa
quinta-feira,BR-424,97.7,Pleno dia,Decrescente,Céu Claro,Simples,Não Informado,-8.934799,-36.50441,DEL03-PE,Risco Médio,Baixa
sexta-feira,BR-101,295.5,Pleno dia,Decrescente,Céu Claro,Dupla,Reta,-22.76365,-42.90224,DEL02-RJ,Risco Baixo,Alta
quarta-feira,BR-163,987.0,Pleno dia,Crescente,Céu Claro,Simples,Reta,-2.545315,-54.72282,DEL05-PA,Risco Médio,Alta
sexta-feira,BR-280,81.3,Plena Noite,Crescente,Chuva,Simples,Reta,-26.44057,-49.21716,DEL06-SC,Risco Médio,Baixa
sexta-feira,BR-135,305.9,Pleno dia,Crescente,Céu Claro,Simples,Reta,-8.749067,-44.15242,DEL03-PI,Risco Alto,Baixa
quarta-feira,BR-324,543.0,Pleno dia,Decrescente,Sol,Múltipla,Reta,-12.37387,-38.74329,DEL01-BA,Risco Médio,Baixa
domingo,BR-135,305.0,Pleno dia,Crescente,Céu Claro,Simples,Reta,-8.743308,-44.1454,DEL03-PI,Risco Alto,Baixa
sábado,BR-20,408.0,Pleno dia,Decrescente,Céu Claro,Dupla,Reta,-3.76999,-38.67006,DEL01-CE,Risco Médio,Baixa
quarta-feira,BR-232,165.3,Plena Noite,Decrescente,Céu Claro,Simples,Reta,-8.336786,-36.29827,DEL02-PE,Risco Baixo,Baixa
segunda-feira,BR-116,219.0,Pleno dia,Decrescente,Céu Claro,Dupla,Viaduto,-23.46144,-46.48885,DEL01-SP,Risco Médio,Alta
sábado,BR-116,769.5,Pleno dia,Decrescente,Sol,Simples,Reta,-14.54859,-40.40105,DEL08-BA,Risco Baixo,Alta
domingo,BR-376,199.2,Pleno dia,Crescente,Céu Claro,Dupla,Desvio Temporário,-23.5048,-51.74401,DEL07-PR,Risco Médio,Baixa
segunda-feira,BR-116,34.0,Plena Noite,Decrescente,Chuva,Dupla,Reta,-4.047987,-38.50658,DEL01-CE,Risco Médio,Alta
quarta-feira,BR-60,197.1,Plena Noite,Decrescente,Céu Claro,Dupla,Reta,-16.8546,-49.5945,DEL01-GO,Risco Médio,Média
sexta-feira,BR-101,276.8,Pleno dia,Crescente,Céu Claro,Dupla,Reta,-20.20789,-40.31335,DEL02-ES,Risco Médio,Alta
domingo,BR-40,7.0,Plena Noite,Crescente,Céu Claro,Dupla,Reta,-16.03867,-47.97969,DEL01-DF,Risco Médio,Alta
domingo,BR-369,131.0,Pleno dia,Crescente,Nublado,Dupla,Não Informado,-23.26058,-50.98907,DEL07-PR,Risco Baixo,Baixa
terça-feira,BR-262,751.0,Pleno dia,Crescente,Céu Claro,Simples,Reta,-19.64433,-47.5174,DEL13-MG,Risco Médio,Média
quarta-feira,BR-381,83.5,Plena Noite,Decrescente,Nublado,Dupla,Reta,-23.43097,-46.56998,DEL03-SP,Risco Médio,Alta
quinta-feira,BR-324,521.0,Pleno dia,Crescente,Chuva,Dupla,Reta,-12.27919,-38.92646,DEL01-BA,Risco Médio,Baixa
sábado,BR-40,278.0,Pleno dia,Crescente,Céu Claro,Simples,Curva,-18.22031,-45.22076,DEL14-MG,Risco Médio,Alta
segunda-feira,BR-163,427.0,Pleno dia,Decrescente,Céu Claro,Dupla,Reta,-20.92822,-54.4986,DEL01-MS,Risco Médio,Alta
quarta-feira,BR-316,3.9,Pleno dia,Crescente,Sol,Múltipla,Interseção de vias,-5.128264,-42.79292,DEL01-PI,Risco Baixo,Baixa
quinta-feira,BR-60,408.9,Pleno dia,Crescente,Sol,Dupla,Reta,-17.81668,-51.13668,DEL04-GO,Risco Médio,Média
quarta-feira,BR-101,181.0,Pleno dia,Crescente,Céu Claro,Simples,Reta,-19.63125,-40.22615,DEL04-ES,Risco Médio,Alta
sexta-feira,BR-158,325.3,Anoitecer,Crescente,Chuva,Dupla,Viaduto,-29.70375,-53.79525,DEL09-RS,Risco Médio,Baixa
domingo,BR-116,303.6,Pleno dia,Crescente,Nublado,Simples,Curva,-18.01962,-41.64669,DEL11-MG,Risco Médio,Alta
sexta-feira,BR-428,128.9,Anoitecer,Crescente,Nublado,Simples,Não Informado,-8.95025,-40.17347,DEL06-PE,Risco Médio,Baixa
terça-feira,BR-163,20.0,Plena Noite,Crescente,Chuva,Simples,Reta,-23.92286,-54.28561,DEL09-MS,Risco Baixo,Alta
quarta-feira,BR-262,370.1,Pleno dia,Decrescente,Nublado,Simples,Reta,-20.48041,-54.77054,DEL01-MS,Risco Baixo,Média
sexta-feira,BR-101,258.7,Plena Noite,Decrescente,Chuva,Dupla,Não Informado,-28.01019,-48.69419,DEL02-SC,Risco Médio,Alta
quinta-feira,BR-116,212.0,Pleno dia,Decrescente,Céu Claro,Múltipla,Reta,-23.43608,-46.42805,DEL01-SP,Risco Baixo,Alta
quinta-feira,BR-316,44.0,Pleno dia,Decrescente,Céu Claro,Dupla,Reta,-1.276588,-48.08118,DEL01-PA,Risco Médio,Baixa
sábado,BR-367,58.5,Plena Noite,Decrescente,Céu Claro,Simples,Reta,-16.38808,-39.36614,DEL09-BA,Risco Alto,Baixa
quinta-feira,BR-174,358.0,Anoitecer,Crescente,Nublado,Simples,Reta,1.740636,-61.14312,DEL01-RR,Risco Baixo,Baixa
quinta-feira,BR-40,117.0,Pleno dia,Decrescente,Céu Claro,Dupla,Reta,-22.74568,-43.2881,DEL01-RJ,Risco Médio,Alta
segunda-feira,BR-495,26.0,Plena Noite,Crescente,Nublado,Simples,Curva,-22.39893,-43.10495,DEL06-RJ,Risco Médio,Baixa
quarta-feira,BR-116,250.0,Pleno dia,Decrescente,Céu Claro,Dupla,Reta,-29.78624,-51.16316,DEL01-RS,Risco Médio,Alta
segunda-feira,BR-365,735.9,Plena Noite,Decrescente,Céu Claro,Simples,Reta,-18.90586,-49.32624,DEL15-MG,Risco Médio,Média
sábado,BR-101,133.1,Pleno dia,Decrescente,Sol,Dupla,Reta,-26.99936,-48.64609,DEL04-SC,Risco Médio,Alta
terça-feira,BR-50,71.9,Pleno dia,Decrescente,Céu Claro,Dupla,Reta,-18.9018,-48.23745,DEL15-MG,Risco Médio,Média
terça-feira,BR-425,99.0,Pleno dia,Decrescente,Céu Claro,Simples,Reta,-10.40312,-65.32756,DEL01-RO,Risco Médio,Baixa
terça-feira,BR-116,182.0,Pleno dia,Decrescente,Céu Claro,Múltipla,Reta,-22.75678,-43.43107,DEL01-RJ,Risco Médio,Alta
quinta-feira,BR-153,20.0,Pleno dia,Crescente,Nublado,Simples,Não Informado,-23.15817,-49.9596,DEL07-PR,Risco Médio,Alta
sexta-feira,BR-381,873.0,Pleno dia,Decrescente,Chuva,Simples,Curva,-22.41342,-45.96114,DEL16-MG,Risco Médio,Alta
domingo,BR-60,109.0,Plena Noite,Crescente,Nublado,Dupla,Reta,-16.4478,-49.0224,DEL01-GO,Risco Médio,Média
sexta-feira,BR-40,70.8,Pleno dia,Crescente,Nublado,Simples,Reta,-17.40084,-46.72759,DEL14-MG,Risco Médio,Alta
sexta-feira,BR-116,112.7,Pleno dia,Crescente,Nublado,Simples,Não Informado,-28.95428,-51.081,DEL05-RS,Risco Médio,Alta
domingo,BR-163,468.8,Pleno dia,Decrescente,Céu Claro,Simples,Reta,-20.57406,-54.56903,DEL01-MS,Risco Baixo,Alta
segunda-feira,BR-262,392.0,Pleno dia,Decrescente,Céu Claro,Dupla,Reta,-19.9034,-44.5404,DEL01-MG,Risco Médio,Média
terça-feira,BR-369,156.0,Plena Noite,Crescente,Céu Claro,Dupla,Reta,-23.29137,-51.21727,DEL07-PR,Risco Médio,Baixa
segunda-feira,BR-251,334.7,Pleno dia,Decrescente,Nublado,Simples,Não Informado,-16.25585,-42.43924,DEL12-MG,Risco Médio,Baixa
sábado,BR-163,128.0,Pleno dia,Decrescente,Nublado,Simples,Reta,-23.048,-54.247,DEL09-MS,Risco Baixo,Alta
domingo,BR-381,491.0,Pleno dia,Decrescente,Céu Claro,Dupla,Não Informado,-19.97018,-44.1821,DEL01-MG,Risco Baixo,Alta
terça-feira,BR-101,99.0,Pleno dia,Decrescente,Chuva,Dupla,Curva,-21.87582,-41.58329,DEL08-RJ,Risco Baixo,Alta
sábado,BR-343,335.7,Plena Noite,Crescente,Garoa/Chuvisco,Simples,Curva,-5.062956,-42.69982,DEL01-PI,Risco Médio,Baixa
domingo,BR-116,220.0,Plena Noite,Decrescente,Nublado,Múltipla,Reta,-23.46473,-46.49794,DEL01-SP,Risco Médio,Alta
sábado,BR-116,105.0,Pleno dia,Crescente,Nublado,Simples,Curva,-22.51503,-43.00052,DEL04-RJ,Risco Médio,Alta
segunda-feira,BR-476,153.1,Pleno dia,Decrescente,Céu Claro,Dupla,Reta,-25.56831,-49.38281,DEL01-PR,Risco Médio,Baixa
domingo,BR-262,358.0,Plena Noite,Decrescente,Céu Claro,Dupla,Reta,-19.97563,-44.19775,DEL01-MG,Risco Baixo,Média
domingo,BR-116,134.5,Pleno dia,Crescente,Céu Claro,Simples,Reta,-23.14022,-45.76173,DEL06-SP,Risco Médio,Alta
quarta-feira,BR-101,298.5,Plena Noite,Decrescente,Céu Claro,Dupla,Não Informado,-20.35532,-40.41703,DEL01-ES,Risco Médio,Alta
quarta-feira,BR-470,174.0,Plena Noite,Decrescente,Céu Claro,Simples,Retorno Regulamentado,-28.90965,-51.54527,DEL06-RS,Risco Médio,Baixa
sábado,BR-101,210.0,Plena Noite,Crescente,Céu Claro,Dupla,Reta,-27.62169,-48.6509,DEL01-SC,Risco Médio,Alta
quarta-feira,BR-381,32.0,Pleno dia,Decrescente,Chuva,Dupla,Curva,-23.07823,-46.56937,DEL03-SP,Risco Baixo,Alta
quinta-feira,BR-163,257.0,Plena Noite,Crescente,Nublado,Simples,Reta,-22.25888,-54.79382,DEL04-MS,Risco Médio,Alta
quinta-feira,BR-386,412.0,Pleno dia,Crescente,Chuva,Dupla,Reta,-29.78524,-51.54545,DEL04-RS,Risco Médio,Média
sábado,BR-135,5.0,Plena Noite,Decrescente,Céu Claro,Dupla,Reta,-2.620885,-44.25764,DEL01-MA,Risco Baixo,Baixa
quarta-feira,BR-470,221.0,Pleno dia,Decrescente,Céu Claro,Simples,Não Informado,-29.21226,-51.51804,DEL06-RS,Risco Médio,Baixa
terça-feira,BR-262,355.7,Pleno dia,Crescente,Céu Claro,Dupla,Reta,-19.96891,-44.18105,DEL01-MG,Risco Médio,Média
terça-feira,BR-116,101.4,Pleno dia,Decrescente,Céu Claro,Simples,Curva,-28.89092,-51.11504,DEL05-RS,Risco Médio,Alta
sexta-feira,BR-376,40.0,Pleno dia,Crescente,Céu Claro,Simples,Reta,-22.41637,-54.41694,DEL04-MS,Risco Médio,Baixa
terça-feira,BR-60,262.1,Pleno dia,Crescente,Céu Claro,Dupla,Reta,-17.1744,-50.0588,DEL01-GO,Risco Baixo,Média
sábado,BR-116,138.0,Pleno dia,Crescente,Céu Claro,Dupla,Reta,-22.64697,-43.19165,DEL02-RJ,Risco Médio,Alta
domingo,BR-280,130.4,Plena Noite,Decrescente,Ignorado,Simples,Reta,-26.25218,-49.52986,DEL06-SC,Risco Médio,Baixa
sábado,BR-80,39.0,Plena Noite,Crescente,Garoa/Chuvisco,Simples,Reta,-15.22931,-48.27681,DEL01-DF,Risco Médio,Baixa
sábado,BR-381,765.3,Pleno dia,Decrescente,Chuva,Dupla,Curva,-21.73283,-45.38285,DEL16-MG,Risco Baixo,Alta
domingo,BR-277,41.0,Pleno dia,Crescente,Chuva,Dupla,Curva,-25.57184,-48.83586,DEL01-PR,Risco Baixo,Média
terça-feira,BR-146,511.1,Plena Noite,Crescente,Chuva,Simples,Curva,-21.77557,-46.4322,DEL09-MG,Risco Médio,Baixa
quinta-feira,BR-393,284.0,Plena Noite,Decrescente,Céu Claro,Simples,Interseção de vias,-22.49636,-44.07077,DEL05-RJ,Risco Baixo,Média
terça-feira,BR-262,29.0,Plena Noite,Decrescente,Nublado,Simples,Curva,-20.37617,-40.56025,DEL01-ES,Risco Baixo,Média
terça-feira,BR-158,325.9,Pleno dia,Crescente,Céu Claro,Dupla,Não Informado,-29.71203,-53.806,DEL09-RS,Risco Médio,Baixa
sexta-feira,BR-116,271.0,Pleno dia,Crescente,Céu Claro,Múltipla,Reta,-23.60744,-46.76499,DEL04-SP,Risco Médio,Alta
quinta-feira,BR-282,520.0,Anoitecer,Decrescente,Sol,Simples,Curva,-26.95041,-52.5261,DEL07-SC,Risco Médio,Baixa
quarta-feira,BR-280,51.7,Pleno dia,Crescente,Sol,Dupla,Retorno Regulamentado,-26.46539,-48.95544,DEL03-SC,Risco Médio,Baixa
sexta-feira,BR-316,159.0,Plena Noite,Crescente,Céu Claro,Simples,Reta,-6.191414,-42.12021,DEL04-PI,Risco Baixo,Baixa
domingo,BR-116,170.0,Plena Noite,Crescente,Céu Claro,Múltipla,Reta,-22.78492,-43.37995,DEL01-RJ,Risco Médio,Alta
terça-feira,BR-280,51.8,Pleno dia,Decrescente,Céu Claro,Dupla,Reta,-26.46539,-48.95544,DEL03-SC,Risco Médio,Baixa
sábado,BR-316,22.0,Pleno dia,Crescente,Céu Claro,Dupla,Reta,-1.360972,-48.26241,DEL01-PA,Risco Médio,Baixa
quinta-feira,BR-222,16.7,Pleno dia,Crescente,Céu Claro,Simples,Reta,-3.753414,-38.71123,DEL01-CE,Risco Médio,Baixa
quinta-feira,BR-381,740.5,Plena Noite,Decrescente,Céu Claro,Dupla,Reta,-21.61936,-45.24913,DEL16-MG,Risco Médio,Alta
terça-feira,BR-50,280.9,Pleno dia,Crescente,Céu Claro,Simples,Rotatória,-18.1784,-47.9362,DEL06-GO,Risco Médio,Média
sexta-feira,BR-101,162.0,Pleno dia,Crescente,Sol,Simples,Reta,-19.49111,-40.12702,DEL04-ES,Risco Médio,Alta
sábado,BR-242,667.0,Pleno dia,Crescente,Céu Claro,Simples,Curva,-12.22829,-43.93227,DEL10-BA,Risco Alto,Baixa
sábado,BR-280,23.0,Pleno dia,Crescente,Nublado,Simples,Interseção de vias,-26.3715,-48.7115,DEL03-SC,Risco Médio,Baixa
domingo,BR-110,130.0,Anoitecer,Crescente,Chuva,Simples,Reta,-10.54065,-38.38056,DEL07-BA,Risco Médio,Baixa
quinta-feira,BR-174,986.0,Pleno dia,Crescente,Céu Claro,Múltipla,Rotatória,-2.08804,-60.00337,DEL01-AM,Risco Médio,Baixa
quinta-feira,BR-163,486.0,Pleno dia,Crescente,Céu Claro,Simples,Não Informado,-20.43364,-54.54377,DEL01-MS,Risco Médio,Alta
segunda-feira,BR-40,123.0,Pleno dia,Crescente,Céu Claro,Múltipla,Reta,-22.79908,-43.29016,DEL01-RJ,Risco Médio,Alta
sábado,BR-280,31.0,Pleno dia,Crescente,Céu Claro,Simples,Reta,-26.41638,-48.77142,DEL03-SC,Risco Baixo,Baixa
terça-feira,BR-101,133.0,Pleno dia,Decrescente,Sol,Dupla,Interseção de vias,-26.9993,-48.6461,DEL04-SC,Risco Médio,Alta
sábado,BR-285,382.0,Pleno dia,Crescente,Céu Claro,Simples,Curva,-28.43013,-53.17213,DEL10-RS,Risco Alto,Baixa
domingo,BR-230,364.0,Plena Noite,Decrescente,Céu Claro,Simples,Reta,-7.225806,-45.86872,DEL05-MA,Risco Médio,Baixa
sábado,BR-60,100.3,Plena Noite,Crescente,Céu Claro,Dupla,Não Informado,-16.3979,-48.9664,DEL02-GO,Risco Baixo,Média
domingo,BR-101,46.0,Plena Noite,Crescente,Céu Claro,Simples,Túnel,-26.3315,-48.86188,DEL03-SC,Risco Médio,Alta
terça-feira,BR-282,601.7,Plena Noite,Crescente,Céu Claro,Simples,Interseção de vias,-26.80576,-53.18121,DEL07-SC,Risco Médio,Baixa
domingo,BR-116,42.0,Pleno dia,Crescente,Chuva,Dupla,Curva,-25.17841,-48.87949,DEL01-PR,Risco Médio,Alta
quarta-feira,BR-364,32.0,Pleno dia,Crescente,Céu Claro,Simples,Reta,-20.00353,-48.94239,DEL13-MG,Risco Médio,Alta
quarta-feira,BR-376,594.6,Amanhecer,Decrescente,Nublado,Dupla,Reta,-25.4848,-49.3473,DEL01-PR,Risco Médio,Baixa
quinta-feira,BR-232,281.0,Pleno dia,Decrescente,Céu Claro,Simples,Reta,-8.347707,-37.29961,DEL04-PE,Risco Médio,Baixa
segunda-feira,BR-101,401.0,Plena Noite,Decrescente,Garoa/Chuvisco,Simples,Curva,-14.00658,-39.446,DEL05-BA,Risco Médio,Alta
domingo,BR-116,773.0,Pleno dia,Crescente,Céu Claro,Simples,Reta,-14.57449,-40.4266,DEL08-BA,Risco Médio,Alta
quinta-feira,BR-116,45.0,Pleno dia,Decrescente,Garoa/Chuvisco,Dupla,Curva,-25.19503,-48.89004,DEL01-PR,Risco Médio,Alta
quinta-feira,BR-364,608.0,Plena Noite,Crescente,Nublado,Simples,Reta,-9.166659,-63.21397,DEL03-RO,Risco Médio,Alta
quarta-feira,BR-116,525.0,Pleno dia,Decrescente,Céu Claro,Dupla,Não Informado,-31.73595,-52.3935,DEL07-RS,Risco Médio,Alta
domingo,BR-101,200.0,Pleno dia,Crescente,Sol,Múltipla,Não Informado,-27.54057,-48.62273,DEL01-SC,Risco Médio,Alta
terça-feira,BR-101,270.4,Plena Noite,Crescente,Nublado,Múltipla,Interseção de vias,-20.22618,-40.2852,DEL02-ES,Risco Médio,Alta
segunda-feira,BR-280,24.0,Pleno dia,Crescente,Nublado,Simples,Reta,-26.37725,-48.71953,DEL03-SC,Risco Médio,Baixa
sábado,BR-101,46.0,Amanhecer,Decrescente,Céu Claro,Múltipla,Reta,-7.87406,-34.90588,DEL01-PE,Risco Baixo,Alta
quarta-feira,BR-101,220.4,Plena Noite,Decrescente,Chuva,Dupla,Não Informado,-22.51577,-42.32184,DEL02-RJ,Risco Médio,Alta
terça-feira,BR-101,84.8,Pleno dia,Crescente,Céu Claro,Dupla,Reta,-5.775151,-35.25581,DEL02-RN,Risco Médio,Alta
sexta-feira,BR-101,397.0,Pleno dia,Decrescente,Nublado,Dupla,Reta,-22.87455,-43.74104,DEL03-RJ,Risco Baixo,Alta
quinta-feira,BR-101,102.0,Plena Noite,Decrescente,Nublado,Dupla,Reta,-8.286216,-35.05772,DEL01-PE,Risco Médio,Alta
sábado,BR-101,200.0,Pleno dia,Decrescente,Céu Claro,Dupla,Reta,-27.54019,-48.62288,DEL01-SC,Risco Médio,Alta
segunda-feira,BR-324,609.0,Pleno dia,Crescente,Céu Claro,Dupla,Reta,-12.83083,-38.41174,DEL01-BA,Risco Baixo,Baixa
sábado,BR-235,2.0,Plena Noite,Crescente,Céu Claro,Dupla,Reta,-10.9062,-37.1034,DEL01-SE,Risco Médio,Baixa
segunda-feira,BR-116,62.0,Pleno dia,Crescente,Céu Claro,Simples,Reta,-22.25254,-42.91928,DEL04-RJ,Risco Médio,Alta
domingo,BR-101,164.5,Plena Noite,Decrescente,Nublado,Dupla,Reta,-27.24387,-48.6309,DEL04-SC,Risco Baixo,Alta
sexta-feira,BR-101,57.0,Pleno dia,Decrescente,Sol,Dupla,Reta,-7.9717,-34.921,DEL01-PE,Risco Médio,Alta
sexta-feira,BR-101,174.7,Pleno dia,Decrescente,Céu Claro,Dupla,Reta,-27.33082,-48.62698,DEL01-SC,Risco Baixo,Alta
terça-feira,BR-364,1233.0,Plena Noite,Crescente,Nublado,Simples,Reta,-13.83215,-59.63025,DEL04-MT,Risco Médio,Alta
quinta-feira,BR-376,201.0,Pleno dia,Crescente,Céu Claro,Dupla,Reta,-23.50951,-51.7214,DEL09-PR,Risco Médio,Baixa
quarta-feira,BR-423,20.6,Pleno dia,Decrescente,Céu Claro,Simples,Reta,-9.17852,-37.46858,DEL03-AL,Risco Médio,Baixa
domingo,BR-116,42.0,Plena Noite,Crescente,Céu Claro,Simples,Reta,-22.14561,-42.79363,DEL04-RJ,Risco Médio,Alta
quinta-feira,BR-376,421.7,Pleno dia,Crescente,Chuva,Simples,Reta,-24.69095,-50.58124,DEL03-PR,Risco Alto,Baixa
sábado,BR-153,55.1,Amanhecer,Decrescente,Céu Claro,Simples,Rotatória,-20.754,-49.34294,DEL09-SP,Risco Baixo,Alta
sexta-feira,BR-381,933.0,Plena Noite,Decrescente,Céu Claro,Dupla,Não Informado,-22.81492,-46.29206,DEL16-MG,Risco Baixo,Alta
sábado,BR-280,187.8,Pleno dia,Crescente,Céu Claro,Simples,Reta,-26.17021,-49.9618,DEL06-SC,Risco Médio,Baixa
segunda-feira,BR-364,436.0,Pleno dia,Crescente,Sol,Simples,Reta,-15.639,-56.2029,DEL01-MT,Risco Baixo,Alta
sexta-feira,BR-222,97.0,Amanhecer,Crescente,Céu Claro,Simples,Curva,-4.731023,-48.01991,DEL02-PA,Risco Baixo,Baixa
domingo,BR-101,460.0,Plena Noite,Crescente,Céu Claro,Simples,Curva,-23.0096,-44.21534,DEL03-RJ,Risco Médio,Alta
quinta-feira,BR-116,258.0,Pleno dia,Decrescente,Céu Claro,Simples,Reta,-29.86151,-51.18092,DEL01-RS,Risco Médio,Alta