dia_semana,br,km,fase_dia,sentido_via,condicao_metereologica,tipo_pista,tracado_via,latitude,longitude,delegacia,classificacao_acidente,postos_policiais_PRF
quarta-feira,BR-280,250.9,Pleno dia,Decrescente,Céu Claro,Simples,Não Informado,-26.25687,-50.55339,DEL06-SC,Risco Médio,Baixa
domingo,BR-101,139.0,Plena Noite,Crescente,Nublado,Dupla,Não Informado,-6.197558,-35.21387,DEL01-RN,Risco Médio,Alta
quinta-feira,BR-262,136.0,Pleno dia,Crescente,Céu Claro,Simples,Reta,-20.2381,-41.3395,DEL01-ES,Risco Médio,Média
domingo,BR-262,321.4,Pleno dia,Decrescente,Sol,Simples,Reta,-20.46962,-54.49054,DEL01-MS,Risco Médio,Média
sábado,BR-277,730.0,Pleno dia,Decrescente,Céu Claro,Simples,Desvio Temporário,-25.50826,-54.59239,DEL05-PR,Risco Médio,Média
sexta-feira,BR-285,495.4,Plena Noite,Crescente,Chuva,Dupla,Não Informado,-28.37761,-54.25742,DEL10-RS,Risco Médio,Baixa
segunda-feira,BR-101,44.6,Pleno dia,Decrescente,Sol,Múltipla,Retorno Regulamentado,-7.85637,-34.90842,DEL01-PE,Risco Baixo,Alta
terça-feira,BR-364,265.0,Pleno dia,Crescente,Céu Claro,Simples,Reta,-16.00441,-54.92002,DEL02-MT,Risco Médio,Alta
domingo,BR-262,37.4,Plena Noite,Crescente,Céu Claro,Simples,Curva,-20.25749,-42.03049,DEL06-MG,Risco Médio,Média
segunda-feira,BR-101,204.5,Pleno dia,Decrescente,Sol,Dupla,Reta,-27.5832,-48.6151,DEL01-SC,Risco Médio,Alta
quarta-feira,BR-381,512.0,Pleno dia,Crescente,Nublado,Dupla,Reta,-20.06462,-44.29473,DEL01-MG,Risco Médio,Alta
terça-feira,BR-153,16.3,Plena Noite,Decrescente,Céu Claro,Dupla,Reta,-18.56043,-49.19389,DEL15-MG,Risco Médio,Alta
domingo,BR-406,74.0,Pleno dia,Decrescente,Sol,Simples,Reta,-5.478178,-35.91585,DEL02-RN,Risco Alto,Baixa
terça-feira,BR-101,10.6,Plena Noite,Decrescente,Garoa/Chuvisco,Múltipla,Curva,-26.06862,-48.86055,DEL03-SC,Risco Médio,Alta
terça-feira,BR-153,76.0,Pleno dia,Decrescente,Céu Claro,Dupla,Reta,-19.03073,-49.01085,DEL15-MG,Risco Baixo,Alta
terça-feira,BR-158,260.2,Pleno dia,Decrescente,Céu Claro,Simples,Reta,-29.18628,-53.67569,DEL10-RS,Risco Baixo,Baixa
sábado,BR-40,26.0,Pleno dia,Crescente,Chuva,Dupla,Curva,-22.1662,-43.1562,DEL06-RJ,Risco Médio,Alta
sexta-feira,BR-361,79.9,Plena Noite,Crescente,Céu Claro,Simples,Curva,-7.18577,-37.88614,DEL03-PB,Risco Baixo,Baixa
sábado,BR-230,338.0,Pleno dia,Crescente,Céu Claro,Dupla,Reta,-7.005468,-37.30006,DEL03-PB,Risco Médio,Baixa
domingo,BR-101,197.0,Amanhecer,Decrescente,Nublado,Dupla,Reta,-27.52178,-48.63714,DEL01-SC,Risco Baixo,Alta
sábado,BR-381,359.0,Pleno dia,Crescente,Céu Claro,Simples,Curva,-19.83733,-43.18625,DEL03-MG,Risco Médio,Alta
quarta-feira,BR-452,184.7,Plena Noite,Decrescente,Céu Claro,Simples,Reta,-18.39653,-49.32734,DEL03-GO,Risco Baixo,Baixa
terça-feira,BR-285,456.0,Plena Noite,Crescente,Céu Claro,Simples,Rotatória,-28.38524,-53.88842,DEL10-RS,Risco Baixo,Baixa
domingo,BR-116,398.1,Pleno dia,Decrescente,Céu Claro,Simples,Não Informado,-18.76391,-41.98521,DEL06-MG,Risco Médio,Alta
sexta-feira,BR-282,145.0,Plena Noite,Decrescente,Nublado,Simples,Curva,-27.8055,-49.6276,DEL05-SC,Risco Baixo,Baixa
segunda-feira,BR-381,934.0,Pleno dia,Decrescente,Céu Claro,Dupla,Curva,-22.82008,-46.29934,DEL16-MG,Risco Baixo,Alta
sábado,BR-285,675.9,Pleno dia,Decrescente,Céu Claro,Simples,Rotatória,-28.64201,-55.98762,DEL12-RS,Risco Médio,Baixa
terça-feira,BR-40,120.0,Amanhecer,Decrescente,Céu Claro,Múltipla,Reta,-22.78179,-43.28554,DEL01-RJ,Risco Médio,Alta
sábado,BR-376,644.0,Pleno dia,Decrescente,Nublado,Dupla,Curva,-25.8142,-49.13168,DEL01-PR,Risco Médio,Baixa
sexta-feira,BR-251,474.2,Plena Noite,Crescente,Céu Claro,Simples,Não Informado,-16.46574,-43.43537,DEL12-MG,Risco Baixo,Baixa
segunda-feira,BR-116,526.7,Pleno dia,Decrescente,Sol,Simples,Reta,-19.7902,-42.13953,DEL06-MG,Risco Médio,Alta
domingo,BR-459,22.5,Plena Noite,Decrescente,Céu Claro,Simples,Curva,-21.86985,-46.40105,DEL09-MG,Risco Médio,Baixa
quarta-feira,BR-290,582.1,Plena Noite,Crescente,Céu Claro,Simples,Reta,-29.81086,-55.7975,DEL13-RS,Risco Médio,Baixa
quarta-feira,BR-153,338.7,Plena Noite,Decrescente,Céu Claro,Simples,Não Informado,-25.51613,-50.6543,DEL03-PR,Risco Médio,Alta
sábado,BR-101,205.0,Pleno dia,Crescente,Garoa/Chuvisco,Múltipla,Reta,-27.592,-48.6181,DEL01-SC,Risco Médio,Alta
domingo,BR-101,48.4,Plena Noite,Crescente,Céu Claro,Simples,Reta,-23.44411,-45.08376,DEL06-SP,Risco Baixo,Alta
terça-feira,BR-101,117.0,Pleno dia,Crescente,Céu Claro,Dupla,Reta,-26.89586,-48.71903,DEL04-SC,Risco Médio,Alta
sexta-feira,BR-376,507.9,Plena Noite,Decrescente,Céu Claro,Dupla,Não Informado,-25.24705,-50.02183,DEL03-PR,Risco Baixo,Baixa
quinta-feira,BR-116,145.2,Plena Noite,Crescente,Nublado,Múltipla,Reta,-23.18698,-45.85481,DEL02-SP,Risco Médio,Alta
sábado,BR-153,510.0,Pleno dia,Crescente,Sol,Dupla,Reta,-16.7888,-49.2379,DEL01-GO,Risco Médio,Alta
terça-feira,BR-20,239.7,Amanhecer,Crescente,Ignorado,Simples,Reta,-4.851039,-39.57172,DEL02-CE,Risco Médio,Baixa
quinta-feira,BR-40,2.9,Pleno dia,Decrescente,Céu Claro,Dupla,Reta,-16.06713,-47.98423,DEL01-DF,Risco Baixo,Alta
segunda-feira,BR-277,724.0,Pleno dia,Decrescente,Céu Claro,Dupla,Reta,-25.50258,-54.53868,DEL05-PR,Risco Médio,Média
sexta-feira,BR-277,475.8,Plena Noite,Crescente,Céu Claro,Simples,Não Informado,-25.30799,-52.54687,DEL04-PR,Risco Alto,Média
segunda-feira,BR-116,815.8,Pleno dia,Crescente,Céu Claro,Simples,Reta,-14.81508,-40.80242,DEL08-BA,Risco Médio,Alta
terça-feira,BR-153,157.0,Pleno dia,Decrescente,Chuva,Simples,Reta,-14.14294,-49.11599,DEL07-GO,Risco Médio,Alta
sexta-feira,BR-153,335.3,Amanhecer,Crescente,Céu Claro,Simples,Não Informado,-15.55552,-49.42722,DEL02-GO,Risco Médio,Alta
domingo,BR-80,174.2,Pleno dia,Crescente,Chuva,Simples,Desvio Temporário,-14.68191,-49.12949,DEL07-GO,Risco Alto,Baixa
sexta-feira,BR-80,1.1,Pleno dia,Decrescente,Sol,Simples,Não Informado,-15.73351,-48.0841,DEL01-DF,Risco Médio,Baixa
sexta-feira,BR-116,347.0,Pleno dia,Crescente,Garoa/Chuvisco,Dupla,Curva,-24.04699,-47.19706,DEL04-SP,Risco Alto,Alta
terça-feira,BR-101,53.7,Anoitecer,Decrescente,Céu Claro,Simples,Reta,-21.66048,-41.31129,DEL08-RJ,Risco Médio,Alta
quarta-feira,BR-277,476.0,Pleno dia,Decrescente,Céu Claro,Simples,Não Informado,-25.3057,-52.55588,DEL04-PR,Risco Médio,Média
sexta-feira,BR-470,67.7,Plena Noite,Crescente,Chuva,Simples,Não Informado,-26.87487,-49.23624,DEL04-SC,Risco Médio,Baixa
sábado,BR-10,457.0,Pleno dia,Crescente,Céu Claro,Múltipla,Não Informado,-10.20499,-48.16364,DEL01-TO,Risco Médio,Baixa
segunda-feira,BR-465,22.0,Pleno dia,Decrescente,Céu Claro,Simples,Curva,-22.86358,-43.60148,DEL01-RJ,Risco Médio,Baixa
domingo,BR-101,291.9,Pleno dia,Crescente,Nublado,Dupla,Reta,-28.301,-48.7186,DEL02-SC,Risco Médio,Alta
sábado,BR-381,725.1,Plena Noite,Crescente,Céu Claro,Dupla,Não Informado,-21.4726,-45.2041,DEL04-MG,Risco Baixo,Alta
terça-feira,BR-468,84.3,Pleno dia,Decrescente,Sol,Simples,Interseção de vias,-27.58703,-53.87053,DEL08-RS,Risco Médio,Baixa
sexta-feira,BR-116,269.5,Plena Noite,Crescente,Céu Claro,Dupla,Ponte,-22.56212,-44.16064,DEL07-RJ,Risco Baixo,Alta
domingo,BR-116,9.0,Anoitecer,Decrescente,Chuva,Dupla,Desvio Temporário,-25.3708,-49.1246,DEL01-PR,Risco Médio,Alta
segunda-feira,BR-116,41.0,Pleno dia,Crescente,Céu Claro,Simples,Curva,-16.0239,-41.4221,DEL08-BA,Risco Médio,Alta
quinta-feira,BR-116,151.7,Pleno dia,Decrescente,Céu Claro,Dupla,Interseção de vias,-29.182,-51.16622,DEL05-RS,Risco Médio,Alta
quinta-feira,BR-101,127.0,Pleno dia,Crescente,Céu Claro,Múltipla,Reta,-26.96393,-48.68328,DEL04-SC,Risco Médio,Alta
quinta-feira,BR-101,137.0,Pleno dia,Decrescente,Sol,Dupla,Reta,-27.0157,-48.6119,DEL04-SC,Risco Médio,Alta
domingo,BR-116,224.0,Anoitecer,Crescente,Céu Claro,Múltipla,Reta,-23.48072,-46.53272,DEL01-SP,Risco Baixo,Alta
quinta-feira,BR-101,96.8,Pleno dia,Crescente,Nublado,Dupla,Curva,-26.71843,-48.70233,DEL03-SC,Risco Médio,Alta
segunda-feira,BR-324,600.0,Plena Noite,Crescente,Céu Claro,Dupla,Reta,-12.76546,-38.42323,DEL01-BA,Risco Médio,Baixa
sexta-feira,BR-376,166.5,Pleno dia,Decrescente,Céu Claro,Dupla,Retorno Regulamentado,-23.39663,-52.00514,DEL07-PR,Risco Médio,Baixa
sábado,BR-364,706.0,Plena Noite,Decrescente,Céu Claro,Dupla,Reta,-8.800305,-63.82343,DEL01-RO,Risco Médio,Alta
quinta-feira,BR-469,12.0,Plena Noite,Crescente,Céu Claro,Simples,Interseção de vias,-25.57483,-54.55101,DEL05-PR,Risco Médio,Baixa
segunda-feira,BR-324,535.0,Pleno dia,Crescente,Céu Claro,Dupla,Reta,-12.36717,-38.81627,DEL01-BA,Risco Médio,Baixa
domingo,BR-262,528.0,Pleno dia,Crescente,Céu Claro,Simples,Reta,-19.78354,-45.6955,DEL08-MG,Risco Baixo,Média
quinta-feira,BR-381,38.0,Amanhecer,Decrescente,Céu Claro,Dupla,Interseção de vias,-23.11211,-46.57104,DEL03-SP,Risco Médio,Alta
quarta-feira,BR-376,596.1,Plena Noite,Crescente,Nublado,Dupla,Reta,-25.51443,-49.33737,DEL01-PR,Risco Médio,Baixa
domingo,BR-40,125.0,Plena Noite,Decrescente,Céu Claro,Dupla,Reta,-22.81487,-43.28829,DEL01-RJ,Risco Médio,Alta
quarta-feira,BR-163,464.0,Plena Noite,Decrescente,Céu Claro,Simples,Reta,-20.60305,-54.57853,DEL01-MS,Risco Baixo,Alta
sábado,BR-262,43.3,Pleno dia,Crescente,Nublado,Simples,Curva,-20.26405,-42.07805,DEL06-MG,Risco Médio,Média
sábado,BR-50,12.7,Plena Noite,Crescente,Céu Claro,Dupla,Viaduto,-18.90304,-48.1881,DEL15-MG,Risco Médio,Média
quarta-feira,BR-116,207.0,Pleno dia,Crescente,Nublado,Múltipla,Reta,-23.42689,-46.40853,DEL01-SP,Risco Médio,Alta
domingo,BR-230,185.1,Plena Noite,Crescente,Nublado,Simples,Reta,-6.965719,-42.03104,DEL04-PI,Risco Alto,Baixa
quinta-feira,BR-282,0.0,Pleno dia,Crescente,Céu Claro,Dupla,Não Informado,-27.59845,-48.572,DEL01-SC,Risco Médio,Baixa
terça-feira,BR-424,101.0,Pleno dia,Crescente,Chuva,Simples,Reta,-8.96538,-36.51714,DEL03-PE,Risco Médio,Baixa
sábado,BR-381,487.0,Plena Noite,Decrescente,Céu Claro,Dupla,Não Informado,-19.95665,-44.11873,DEL01-MG,Risco Baixo,Alta
terça-feira,BR-116,444.0,Anoitecer,Crescente,Céu Claro,Simples,Não Informado,-24.49129,-47.83615,DEL05-SP,Risco Baixo,Alta
sexta-feira,BR-364,710.0,Pleno dia,Decrescente,Sol,Simples,Interseção de vias,-8.786216,-63.85713,DEL01-RO,Risco Médio,Alta
sexta-feira,BR-135,137.2,Pleno dia,Crescente,Céu Claro,Simples,Desvio Temporário,-3.649356,-44.54346,DEL01-MA,Risco Médio,Baixa
quinta-feira,BR-110,314.9,Pleno dia,Crescente,Sol,Simples,Reta,-11.99097,-38.37267,DEL01-BA,Risco Médio,Baixa
sexta-feira,BR-116,134.2,Pleno dia,Crescente,Céu Claro,Dupla,Reta,-23.14109,-45.76375,DEL06-SP,Risco Médio,Alta
sábado,BR-408,95.0,Pleno dia,Decrescente,Nublado,Dupla,Reta,-8.015429,-35.04186,DEL01-PE,Risco Médio,Baixa
sexta-feira,BR-101,125.6,Plena Noite,Crescente,Chuva,Dupla,Reta,-26.95255,-48.68118,DEL04-SC,Risco Baixo,Alta
domingo,BR-262,160.0,Pleno dia,Crescente,Nublado,Simples,Curva,-19.96283,-42.83492,DEL03-MG,Risco Médio,Média
quinta-feira,BR-376,451.0,Pleno dia,Crescente,Garoa/Chuvisco,Dupla,Curva,-24.87415,-50.44339,DEL03-PR,Risco Médio,Baixa
segunda-feira,BR-232,8.5,Pleno dia,Crescente,Chuva,Dupla,Não Informado,-8.075837,-34.97016,DEL01-PE,Risco Médio,Baixa
segunda-feira,BR-116,278.0,Pleno dia,Decrescente,Céu Claro,Simples,Não Informado,-17.86846,-41.51714,DEL11-MG,Risco Médio,Alta
sexta-feira,BR-116,10.9,Pleno dia,Crescente,Céu Claro,Dupla,Reta,-3.836038,-38.50273,DEL01-CE,Risco Médio,Alta
terça-feira,BR-343,441.6,Pleno dia,Decrescente,Céu Claro,Simples,Desvio Temporário,-5.864326,-42.63031,DEL01-PI,Risco Médio,Baixa
sexta-feira,BR-60,127.0,Pleno dia,Crescente,Céu Claro,Simples,Reta,-19.33727,-53.46058,DEL06-MS,Risco Médio,Média
sexta-feira,BR-290,102.5,Pleno dia,Decrescente,Céu Claro,Dupla,Ponte,-29.99163,-51.27034,DEL01-RS,Risco Médio,Baixa
domingo,BR-116,62.0,Plena Noite,Crescente,Garoa/Chuvisco,Dupla,Reta,-25.30778,-48.98321,DEL01-PR,Risco Médio,Alta
domingo,BR-386,439.0,Plena Noite,Crescente,Chuva,Dupla,Curva,-29.87146,-51.24871,DEL04-RS,Risco Baixo,Média
quarta-feira,BR-262,34.9,Pleno dia,Decrescente,Céu Claro,Simples,Curva,-20.3731,-40.59176,DEL01-ES,Risco Médio,Média
quarta-feira,BR-222,20.1,Pleno dia,Crescente,Céu Claro,Simples,Rotatória,-3.736177,-38.7441,DEL01-CE,Risco Médio,Baixa
quinta-feira,BR-230,506.5,Amanhecer,Decrescente,Céu Claro,Simples,Não Informado,-6.9008,-38.5559,DEL03-PB,Risco Alto,Baixa
domingo,BR-376,671.1,Pleno dia,Decrescente,Sol,Dupla,Reta,-25.88532,-48.93515,DEL01-PR,Risco Médio,Baixa
sábado,BR-282,587.3,Pleno dia,Decrescente,Céu Claro,Simples,Não Informado,-26.83068,-53.04443,DEL07-SC,Risco Médio,Baixa
segunda-feira,BR-158,501.6,Pleno dia,Decrescente,Nublado,Simples,Não Informado,-13.53231,-51.91889,DEL07-MT,Risco Médio,Baixa
sábado,BR-70,27.9,Amanhecer,Crescente,Céu Claro,Simples,Reta,-15.8185,-52.47052,DEL07-MT,Risco Médio,Baixa
quinta-feira,BR-116,65.0,Pleno dia,Crescente,Céu Claro,Simples,Reta,-4.289867,-38.49688,DEL03-CE,Risco Médio,Alta
quarta-feira,BR-393,151.0,Pleno dia,Crescente,Nublado,Simples,Curva,-22.0602,-43.02886,DEL06-RJ,Risco Médio,Média
sexta-feira,BR-101,112.0,Pleno dia,Decrescente,Nublado,Dupla,Não Informado,-26.8458,-48.7211,DEL04-SC,Risco Médio,Alta
terça-feira,BR-116,764.4,Pleno dia,Decrescente,Céu Claro,Simples,Curva,-15.76112,-41.33266,DEL07-MG,Risco Médio,Alta
terça-feira,BR-116,0.0,Plena Noite,Decrescente,Nublado,Dupla,Curva,-30.03354,-51.23045,DEL01-RS,Risco Médio,Alta
quarta-feira,BR-364,1040.0,Pleno dia,Decrescente,Sol,Simples,Reta,-9.767037,-66.30237,DEL01-RO,Risco Médio,Alta
segunda-feira,BR-163,260.0,Amanhecer,Decrescente,Nublado,Dupla,Reta,-24.66063,-53.81858,DEL06-PR,Risco Médio,Alta
quinta-feira,BR-116,221.4,Plena Noite,Decrescente,Chuva,Simples,Curva,-22.6709,-43.818,DEL07-RJ,Risco Baixo,Alta
quarta-feira,BR-470,17.0,Pleno dia,Crescente,Céu Claro,Simples,Reta,-26.84928,-48.80167,DEL04-SC,Risco Baixo,Baixa
segunda-feira,BR-356,149.0,Plena Noite,Decrescente,Nublado,Simples,Curva,-21.77386,-41.28233,DEL08-RJ,Risco Médio,Baixa
segunda-feira,BR-158,310.0,Pleno dia,Crescente,Céu Claro,Dupla,Curva,-29.61237,-53.76663,DEL09-RS,Risco Médio,Baixa
sexta-feira,BR-153,96.5,Plena Noite,Crescente,Céu Claro,Simples,Não Informado,-20.99185,-49.62327,DEL09-SP,Risco Médio,Alta
quinta-feira,BR-40,562.2,Pleno dia,Decrescente,Sol,Dupla,Curva,-20.14452,-43.95966,DEL01-MG,Risco Alto,Alta
quarta-feira,BR-381,79.1,Plena Noite,Decrescente,Nublado,Dupla,Reta,-23.40724,-46.58031,DEL03-SP,Risco Alto,Alta
sexta-feira,BR-354,703.9,Anoitecer,Crescente,Céu Claro,Simples,Curva,-21.97541,-44.92323,DEL17-MG,Risco Médio,Baixa
quarta-feira,BR-476,177.3,Pleno dia,Decrescente,Céu Claro,Simples,Curva,-25.69613,-49.56339,DEL01-PR,Risco Médio,Baixa
domingo,BR-158,3.0,Amanhecer,Crescente,Céu Claro,Simples,Reta,-19.11976,-51.73211,DEL08-MS,Risco Baixo,Baixa
sábado,BR-259,102.9,Pleno dia,Crescente,Céu Claro,Simples,Reta,-19.51011,-41.03413,DEL02-ES,Risco Médio,Baixa
sábado,BR-470,63.0,Pleno dia,Crescente,Céu Claro,Simples,Reta,-26.87452,-49.18294,DEL04-SC,Risco Médio,Baixa
segunda-feira,BR-163,846.0,Anoitecer,Crescente,Céu Claro,Simples,Reta,-11.77662,-55.4734,DEL06-MT,Risco Médio,Alta
sexta-feira,BR-277,588.0,Pleno dia,Crescente,Céu Claro,Simples,Não Informado,-24.97368,-53.4382,DEL04-PR,Risco Médio,Média
domingo,BR-381,920.3,Pleno dia,Crescente,Céu Claro,Dupla,Reta,-22.77049,-46.20021,DEL16-MG,Risco Baixo,Alta
domingo,BR-407,124.0,Plena Noite,Crescente,Céu Claro,Dupla,Interseção de vias,-9.375818,-40.53826,DEL06-PE,Risco Baixo,Baixa
sexta-feira,BR-277,29.0,Plena Noite,Crescente,Chuva,Dupla,Reta,-25.52875,-48.73513,DEL01-PR,Risco Médio,Média
quarta-feira,BR-308,157.2,Plena Noite,Crescente,Céu Claro,Simples,Reta,-1.211152,-47.12834,DEL01-PA,Risco Médio,Baixa
sábado,BR-381,377.0,Pleno dia,Crescente,Chuva,Simples,Curva,-19.84076,-43.33335,DEL01-MG,Risco Médio,Alta
quinta-feira,BR-242,869.0,Pleno dia,Crescente,Céu Claro,Simples,Reta,-12.07693,-45.51267,DEL10-BA,Risco Alto,Baixa
sábado,BR-242,352.0,Anoitecer,Decrescente,Céu Claro,Simples,Reta,-12.49857,-41.33159,DEL08-BA,Risco Baixo,Baixa
sábado,BR-290,617.8,Pleno dia,Crescente,Céu Claro,Simples,Reta,-29.94984,-56.1081,DEL13-RS,Risco Baixo,Baixa
segunda-feira,BR-232,410.0,Pleno dia,Decrescente,Sol,Simples,Reta,-7.982618,-38.3004,DEL04-PE,Risco Médio,Baixa
quinta-feira,BR-101,123.1,Pleno dia,Decrescente,Céu Claro,Múltipla,Não Informado,-26.93739,-48.69766,DEL04-SC,Risco Médio,Alta
sábado,BR-50,100.5,Plena Noite,Decrescente,Céu Claro,Dupla,Reta,-16.9309,-47.7117,DEL01-DF,Risco Baixo,Média
segunda-feira,BR-70,27.8,Plena Noite,Crescente,Céu Claro,Simples,Desvio Temporário,-15.75421,-48.42822,DEL01-DF,Risco Médio,Baixa
segunda-feira,BR-40,717.7,Pleno dia,Decrescente,Nublado,Dupla,Curva,-21.28294,-43.6428,DEL05-MG,Risco Médio,Alta
domingo,BR-101,445.4,Anoitecer,Crescente,Chuva,Simples,Curva,-22.99326,-44.09022,DEL03-RJ,Risco Baixo,Alta
segunda-feira,BR-40,737.7,Pleno dia,Decrescente,Nublado,Simples,Curva,-21.40158,-43.56588,DEL05-MG,Risco Médio,Alta
sexta-feira,BR-40,13.5,Amanhecer,Decrescente,Céu Claro,Dupla,Não Informado,-16.15533,-47.9359,DEL01-DF,Risco Alto,Alta
domingo,BR-392,240.5,Plena Noite,Decrescente,Nublado,Simples,Reta,-30.61156,-53.36236,DEL09-RS,Risco Médio,Média
quarta-feira,BR-381,272.0,Amanhecer,Crescente,Chuva,Simples,Curva,-19.55977,-42.71017,DEL03-MG,Risco Médio,Alta
quinta-feira,BR-101,323.0,Amanhecer,Crescente,Céu Claro,Dupla,Reta,-22.8767,-43.11713,DEL02-RJ,Risco Médio,Alta
sábado,BR-116,226.0,Plena Noite,Decrescente,Nublado,Múltipla,Não Informado,-23.49631,-46.55594,DEL01-SP,Risco Médio,Alta
quarta-feira,BR-222,363.0,Pleno dia,Decrescente,Céu Claro,Simples,Reta,-3.6865,-45.3983,DEL02-MA,Risco Médio,Baixa
sábado,BR-163,1002.5,Pleno dia,Crescente,Céu Claro,Simples,Reta,-2.450975,-54.72969,DEL05-PA,Risco Baixo,Alta
sábado,BR-116,246.5,Pleno dia,Decrescente,Nublado,Múltipla,Ponte,-29.75879,-51.15187,DEL01-RS,Risco Médio,Alta
quinta-feira,BR-40,72.0,Pleno dia,Crescente,Céu Claro,Simples,Curva,-22.45853,-43.21601,DEL06-RJ,Risco Médio,Alta
sexta-feira,BR-101,194.2,Plena Noite,Crescente,Chuva,Múltipla,Reta,-27.49815,-48.65661,DEL01-SC,Risco Médio,Alta
sexta-feira,BR-364,237.3,Pleno dia,Crescente,Sol,Simples,Não Informado,-11.44341,-61.44673,DEL02-RO,Risco Médio,Alta
terça-feira,BR-116,271.8,Plena Noite,Decrescente,Céu Claro,Dupla,Reta,-23.6208,-46.8119,DEL04-SP,Risco Médio,Alta
domingo,BR-101,488.0,Pleno dia,Decrescente,Céu Claro,Simples,Reta,-22.9486,-44.3284,DEL03-RJ,Risco Médio,Alta
terça-feira,BR-60,426.0,Plena Noite,Crescente,Nublado,Dupla,Não Informado,-17.82029,-51.30554,DEL04-GO,Risco Médio,Média
quinta-feira,BR-116,9.1,Pleno dia,Crescente,Céu Claro,Simples,Rotatória,-8.695802,-39.25989,DEL05-PE,Risco Baixo,Alta
sábado,BR-101,55.5,Amanhecer,Decrescente,Céu Claro,Dupla,Reta,-7.948066,-34.90621,DEL01-PE,Risco Médio,Alta
domingo,BR-376,665.0,Pleno dia,Decrescente,Chuva,Dupla,Não Informado,-25.8547,-48.9621,DEL01-PR,Risco Baixo,Baixa
sexta-feira,BR-116,129.0,Plena Noite,Crescente,Céu Claro,Dupla,Reta,-22.6537,-43.1456,DEL04-RJ,Risco Alto,Alta
terça-feira,BR-381,71.9,Plena Noite,Decrescente,Céu Claro,Múltipla,Reta,-23.35048,-46.55267,DEL03-SP,Risco Médio,Alta
sábado,BR-381,503.7,Amanhecer,Crescente,Garoa/Chuvisco,Dupla,Reta,-20.0304,-44.236,DEL01-MG,Risco Médio,Alta
quarta-feira,BR-364,316.0,Pleno dia,Crescente,Chuva,Dupla,Reta,-15.80811,-55.29968,DEL02-MT,Risco Médio,Alta
sábado,BR-290,105.0,Plena Noite,Crescente,Céu Claro,Dupla,Reta,-29.99608,-51.28502,DEL02-RS,Risco Baixo,Baixa
sexta-feira,BR-272,523.7,Plena Noite,Decrescente,Céu Claro,Simples,Reta,-24.06403,-53.86321,DEL06-PR,Risco Alto,Baixa
quinta-feira,BR-116,96.1,Pleno dia,Crescente,Céu Claro,Simples,Reta,-4.510503,-38.35148,DEL03-CE,Risco Baixo,Alta
terça-feira,BR-277,10.0,Pleno dia,Crescente,Céu Claro,Dupla,Reta,-25.5682,-48.61529,DEL01-PR,Risco Médio,Média
domingo,BR-473,142.0,Pleno dia,Crescente,Garoa/Chuvisco,Simples,Reta,-31.3285,-54.1073,DEL11-RS,Risco Médio,Baixa
domingo,BR-428,11.0,Pleno dia,Crescente,Céu Claro,Simples,Reta,-8.506391,-39.31611,DEL05-PE,Risco Médio,Baixa
domingo,BR-163,534.0,Pleno dia,Crescente,Céu Claro,Simples,Reta,-14.43224,-56.11613,DEL01-MT,Risco Médio,Alta
sábado,BR-40,547.0,Plena Noite,Crescente,Céu Claro,Dupla,Reta,-20.02252,-43.97026,DEL01-MG,Risco Médio,Alta
quinta-feira,BR-116,268.0,Pleno dia,Decrescente,Garoa/Chuvisco,Dupla,Reta,-29.94632,-51.1767,DEL01-RS,Risco Baixo,Alta
sexta-feira,BR-226,67.7,Plena Noite,Crescente,Céu Claro,Simples,Reta,-6.096963,-35.6998,DEL01-RN,Risco Médio,Baixa
segunda-feira,BR-70,4.7,Pleno dia,Decrescente,Céu Claro,Dupla,Reta,-15.79563,-48.09426,DEL01-DF,Risco Médio,Baixa
quinta-feira,BR-40,791.1,Pleno dia,Decrescente,Garoa/Chuvisco,Dupla,Reta,-21.77922,-43.42576,DEL05-MG,Risco Baixo,Alta
sexta-feira,BR-343,348.0,Pleno dia,Crescente,Céu Claro,Simples,Reta,-5.117938,-42.78511,DEL01-PI,Risco Médio,Baixa
quinta-feira,BR-381,752.0,Pleno dia,Crescente,Céu Claro,Dupla,Reta,-21.67247,-45.3343,DEL16-MG,Risco Médio,Alta
sábado,BR-101,712.0,Amanhecer,Crescente,Ignorado,Simples,Curva,-16.50123,-39.5771,DEL09-BA,Risco Médio,Alta
sábado,BR-393,0.3,Plena Noite,Crescente,Chuva,Simples,Reta,-20.84101,-41.15995,DEL03-ES,Risco Baixo,Média
quarta-feira,BR-381,924.3,Pleno dia,Crescente,Nublado,Dupla,Curva,-22.7705,-46.23491,DEL16-MG,Risco Médio,Alta
sexta-feira,BR-135,95.0,Pleno dia,Crescente,Céu Claro,Simples,Interseção de vias,-3.327972,-44.44236,DEL01-MA,Risco Baixo,Baixa
domingo,BR-381,578.8,Plena Noite,Decrescente,Nublado,Dupla,Reta,-20.47591,-44.58424,DEL04-MG,Risco Médio,Alta
sábado,BR-282,519.8,Pleno dia,Decrescente,Céu Claro,Simples,Reta,-26.95095,-52.52376,DEL07-SC,Risco Baixo,Baixa
quarta-feira,BR-116,45.0,Pleno dia,Crescente,Garoa/Chuvisco,Dupla,Curva,-25.19503,-48.89004,DEL01-PR,Risco Médio,Alta
quarta-feira,BR-116,424.0,Plena Noite,Crescente,Garoa/Chuvisco,Simples,Reta,-12.23258,-38.97249,DEL02-BA,Risco Médio,Alta