dia_semana,br,km,fase_dia,sentido_via,condicao_metereologica,tipo_pista,tracado_via,latitude,longitude,delegacia,classificacao_acidente,postos_policiais_PRF
quarta-feira,BR-282,6.0,Plena Noite,Crescente,Chuva,Dupla,Curva,-27.59194,-48.61824,DEL01-SC,Risco Médio,Baixa
segunda-feira,BR-116,143.7,Pleno dia,Crescente,Céu Claro,Dupla,Reta,-23.181,-45.84284,DEL02-SP,Risco Médio,Alta
sábado,BR-101,280.8,Plena Noite,Decrescente,Céu Claro,Dupla,Reta,-22.7384,-42.77728,DEL02-RJ,Risco Baixo,Alta
segunda-feira,BR-230,22.7,Plena Noite,Decrescente,Céu Claro,Dupla,Reta,-7.15419,-34.85569,DEL01-PB,Risco Médio,Baixa
quarta-feira,BR-20,145.0,Anoitecer,Decrescente,Nublado,Simples,Desvio Temporário,-12.68001,-45.93136,DEL10-BA,Risco Baixo,Baixa
terça-feira,BR-116,308.0,Plena Noite,Decrescente,Céu Claro,Dupla,Reta,-22.45783,-44.41869,DEL07-RJ,Risco Baixo,Alta
segunda-feira,BR-406,139.5,Pleno dia,Decrescente,Nublado,Simples,Não Informado,-5.65252,-35.53062,DEL02-RN,Risco Baixo,Baixa
quarta-feira,BR-304,298.0,Pleno dia,Crescente,Chuva,Dupla,Reta,-5.868234,-35.33218,DEL01-RN,Risco Médio,Baixa
quarta-feira,BR-101,146.0,Pleno dia,Decrescente,Céu Claro,Simples,Reta,-27.08667,-48.60956,DEL04-SC,Risco Médio,Alta
quinta-feira,BR-495,30.0,Pleno dia,Decrescente,Céu Claro,Simples,Reta,-22.38546,-43.1296,DEL06-RJ,Risco Médio,Baixa
domingo,BR-470,222.0,Plena Noite,Decrescente,Céu Claro,Dupla,Reta,-29.20373,-51.51787,DEL06-RS,Risco Médio,Baixa
quarta-feira,BR-116,585.9,Plena Noite,Crescente,Nublado,Simples,Curva,-20.23394,-42.16822,DEL06-MG,Risco Médio,Alta
terça-feira,BR-135,7.5,Pleno dia,Decrescente,Nublado,Dupla,Retorno Regulamentado,-2.640717,-44.27178,DEL01-MA,Risco Baixo,Baixa
sábado,BR-146,482.2,Pleno dia,Decrescente,Céu Claro,Simples,Não Informado,-21.77297,-46.42208,DEL09-MG,Risco Alto,Baixa
terça-feira,BR-101,112.0,Pleno dia,Decrescente,Céu Claro,Dupla,Curva,-8.327892,-35.11924,DEL01-PE,Risco Médio,Alta
segunda-feira,BR-163,499.2,Plena Noite,Decrescente,Nublado,Simples,Reta,-20.33496,-54.51866,DEL01-MS,Risco Baixo,Alta
sexta-feira,BR-116,126.0,Pleno dia,Decrescente,Nublado,Dupla,Reta,-25.6039,-49.31824,DEL01-PR,Risco Médio,Alta
segunda-feira,BR-163,514.0,Pleno dia,Crescente,Nublado,Simples,Reta,-14.40904,-56.44655,DEL01-MT,Risco Baixo,Alta
sábado,BR-60,9.0,Pleno dia,Crescente,Céu Claro,Simples,Reta,-18.76812,-52.63713,DEL08-MS,Risco Médio,Média
quinta-feira,BR-222,310.7,Pleno dia,Decrescente,Céu Claro,Simples,Curva,-3.706697,-40.97706,DEL04-CE,Risco Médio,Baixa
quarta-feira,BR-101,206.4,Pleno dia,Crescente,Sol,Simples,Interseção de vias,-19.7884,-40.3712,DEL02-ES,Risco Médio,Alta
sexta-feira,BR-381,489.9,Pleno dia,Crescente,Sol,Dupla,Reta,-19.9563,-44.1428,DEL01-MG,Risco Médio,Alta
quarta-feira,BR-101,126.8,Pleno dia,Crescente,Céu Claro,Múltipla,Não Informado,-19.20131,-40.09572,DEL04-ES,Risco Médio,Alta
domingo,BR-364,714.0,Plena Noite,Decrescente,Nublado,Dupla,Curva,-8.771418,-63.88326,DEL01-RO,Risco Médio,Alta
sábado,BR-50,18.0,Anoitecer,Decrescente,Nublado,Dupla,Não Informado,-18.92772,-48.19145,DEL15-MG,Risco Baixo,Média
sábado,BR-393,293.3,Anoitecer,Crescente,Céu Claro,Simples,Curva,-22.54487,-44.1124,DEL05-RJ,Risco Baixo,Média
domingo,BR-251,249.3,Plena Noite,Decrescente,Céu Claro,Simples,Reta,-15.98013,-41.83334,DEL11-MG,Risco Médio,Baixa
sábado,BR-153,442.3,Plena Noite,Crescente,Céu Claro,Dupla,Reta,-16.32527,-48.92202,DEL02-GO,Risco Baixo,Alta
sábado,BR-153,96.8,Pleno dia,Crescente,Nublado,Simples,Interseção de vias,-27.21265,-51.95214,DEL07-SC,Risco Médio,Alta
sexta-feira,BR-376,180.0,Pleno dia,Decrescente,Céu Claro,Dupla,Viaduto,-23.4215,-51.9068,DEL07-PR,Risco Médio,Baixa
quinta-feira,BR-280,165.5,Plena Noite,Decrescente,Garoa/Chuvisco,Simples,Interseção de vias,-26.16472,-49.81845,DEL06-SC,Risco Baixo,Baixa
domingo,BR-277,2.1,Plena Noite,Crescente,Chuva,Simples,Curva,-25.53433,-48.55324,DEL01-PR,Risco Médio,Média
quinta-feira,BR-40,516.5,Plena Noite,Decrescente,Céu Claro,Dupla,Reta,-19.81629,-44.0896,DEL01-MG,Risco Médio,Alta
domingo,BR-381,50.0,Plena Noite,Decrescente,Nublado,Dupla,Reta,-23.21299,-46.59319,DEL03-SP,Risco Médio,Alta
terça-feira,BR-163,829.0,Plena Noite,Crescente,Céu Claro,Simples,Rotatória,-12.0407,-55.51732,DEL06-MT,Risco Médio,Alta
segunda-feira,BR-365,741.4,Pleno dia,Crescente,Chuva,Simples,Curva,-18.91226,-49.36213,DEL15-MG,Risco Médio,Média
terça-feira,BR-316,216.0,Plena Noite,Decrescente,Céu Claro,Simples,Reta,-6.437298,-41.74969,DEL04-PI,Risco Médio,Baixa
quinta-feira,BR-232,7.6,Plena Noite,Crescente,Nublado,Dupla,Reta,-8.070795,-34.95354,DEL01-PE,Risco Baixo,Baixa
quinta-feira,BR-70,15.0,Anoitecer,Decrescente,Chuva,Dupla,Curva,-15.79895,-48.18098,DEL01-DF,Risco Baixo,Baixa
segunda-feira,BR-364,552.0,Pleno dia,Crescente,Céu Claro,Dupla,Curva,-14.741,-56.32042,DEL01-MT,Risco Médio,Alta
segunda-feira,BR-116,752.3,Pleno dia,Crescente,Céu Claro,Simples,Reta,-21.47102,-42.56014,DEL07-MG,Risco Baixo,Alta
terça-feira,BR-277,573.0,Plena Noite,Crescente,Céu Claro,Simples,Reta,-24.99493,-53.30536,DEL04-PR,Risco Médio,Média
sábado,BR-376,594.0,Pleno dia,Decrescente,Céu Claro,Dupla,Reta,-25.49897,-49.34219,DEL01-PR,Risco Médio,Baixa
quinta-feira,BR-101,288.0,Plena Noite,Decrescente,Nublado,Simples,Reta,-13.17391,-39.31994,DEL01-BA,Risco Baixo,Alta
sexta-feira,BR-101,338.0,Pleno dia,Crescente,Sol,Dupla,Não Informado,-28.49131,-49.04006,DEL02-SC,Risco Baixo,Alta
segunda-feira,BR-60,163.1,Pleno dia,Decrescente,Sol,Dupla,Não Informado,-16.7002,-49.3335,DEL01-GO,Risco Médio,Média
quinta-feira,BR-324,514.0,Plena Noite,Crescente,Céu Claro,Simples,Reta,-12.24083,-38.93846,DEL02-BA,Risco Médio,Baixa
quarta-feira,BR-230,177.0,Pleno dia,Decrescente,Céu Claro,Simples,Não Informado,-7.169645,-36.03887,DEL02-PB,Risco Médio,Baixa
sexta-feira,BR-365,701.4,Amanhecer,Crescente,Céu Claro,Dupla,Reta,-18.88052,-49.00767,DEL15-MG,Risco Médio,Média
sexta-feira,BR-369,164.0,Pleno dia,Decrescente,Chuva,Dupla,Não Informado,-23.29556,-51.2892,DEL07-PR,Risco Médio,Baixa
sexta-feira,BR-153,41.8,Pleno dia,Decrescente,Céu Claro,Simples,Interseção de vias,-23.29513,-50.06573,DEL07-PR,Risco Médio,Alta
sábado,BR-365,453.8,Amanhecer,Decrescente,Céu Claro,Simples,Reta,-18.84139,-46.85468,DEL10-MG,Risco Médio,Média
terça-feira,BR-101,198.2,Pleno dia,Decrescente,Céu Claro,Dupla,Reta,-27.52659,-48.63506,DEL01-SC,Risco Médio,Alta
sexta-feira,BR-324,533.0,Anoitecer,Decrescente,Chuva,Dupla,Reta,-12.3445,-38.84017,DEL01-BA,Risco Médio,Baixa
sexta-feira,BR-80,23.2,Pleno dia,Decrescente,Céu Claro,Simples,Não Informado,-13.39473,-49.12959,DEL01-DF,Risco Médio,Baixa
domingo,BR-376,657.0,Pleno dia,Crescente,Chuva,Dupla,Curva,-25.85232,-49.03033,DEL01-PR,Risco Médio,Baixa
domingo,BR-393,184.0,Plena Noite,Crescente,Céu Claro,Simples,Não Informado,-22.14297,-43.2757,DEL05-RJ,Risco Médio,Média
quarta-feira,BR-153,459.5,Pleno dia,Crescente,Garoa/Chuvisco,Simples,Reta,-26.13894,-51.08575,DEL02-PR,Risco Baixo,Alta
segunda-feira,BR-364,208.0,Plena Noite,Decrescente,Céu Claro,Dupla,Reta,-16.43621,-54.68288,DEL02-MT,Risco Médio,Alta
quarta-feira,BR-174,13.0,Anoitecer,Decrescente,Céu Claro,Dupla,Reta,-12.7414,-60.13026,DEL04-RO,Risco Médio,Baixa
domingo,BR-40,716.0,Pleno dia,Crescente,Chuva,Dupla,Desvio Temporário,-21.25162,-43.67182,DEL05-MG,Risco Médio,Alta
domingo,BR-232,121.0,Plena Noite,Crescente,Céu Claro,Dupla,Reta,-8.300183,-35.91071,DEL02-PE,Risco Médio,Baixa
domingo,BR-40,630.9,Plena Noite,Crescente,Céu Claro,Simples,Reta,-20.65824,-43.80259,DEL05-MG,Risco Médio,Alta
domingo,BR-40,13.0,Pleno dia,Decrescente,Nevoeiro/Neblina,Dupla,Curva,-22.06696,-43.19611,DEL06-RJ,Risco Baixo,Alta
quarta-feira,BR-290,49.9,Pleno dia,Decrescente,Chuva,Dupla,Reta,-29.90262,-50.74844,DEL03-RS,Risco Médio,Baixa
domingo,BR-101,230.0,Plena Noite,Decrescente,Céu Claro,Dupla,Reta,-22.56955,-42.37649,DEL02-RJ,Risco Médio,Alta
quarta-feira,BR-343,345.3,Pleno dia,Decrescente,Sol,Simples,Reta,-5.102889,-42.76651,DEL01-PI,Risco Médio,Baixa
quarta-feira,BR-406,165.9,Pleno dia,Crescente,Céu Claro,Simples,Desvio Temporário,-5.743589,-35.33982,DEL02-RN,Risco Médio,Baixa
domingo,BR-282,6.0,Plena Noite,Decrescente,Chuva,Dupla,Curva,-27.59194,-48.61824,DEL01-SC,Risco Médio,Baixa
domingo,BR-282,570.7,Pleno dia,Crescente,Céu Claro,Simples,Reta,-26.89006,-52.93306,DEL07-SC,Risco Médio,Baixa
sábado,BR-277,722.2,Plena Noite,Decrescente,Nublado,Dupla,Reta,-25.49598,-54.52319,DEL05-PR,Risco Baixo,Média
terça-feira,BR-101,60.4,Pleno dia,Crescente,Céu Claro,Dupla,Reta,-7.987743,-34.93397,DEL01-PE,Risco Médio,Alta
segunda-feira,BR-116,180.0,Amanhecer,Crescente,Céu Claro,Múltipla,Reta,-23.33874,-46.15023,DEL01-SP,Risco Médio,Alta
terça-feira,BR-364,344.0,Pleno dia,Decrescente,Céu Claro,Dupla,Interseção de vias,-10.87376,-61.95257,DEL02-RO,Risco Baixo,Alta
quinta-feira,BR-392,347.0,Plena Noite,Crescente,Céu Claro,Simples,Reta,-29.76125,-53.78681,DEL09-RS,Risco Médio,Média
sexta-feira,BR-116,16.0,Pleno dia,Decrescente,Céu Claro,Dupla,Reta,-3.887328,-38.50185,DEL01-CE,Risco Médio,Alta
terça-feira,BR-280,129.0,Pleno dia,Decrescente,Céu Claro,Simples,Não Informado,-26.24586,-49.52285,DEL06-SC,Risco Médio,Baixa
sábado,BR-163,832.0,Plena Noite,Crescente,Céu Claro,Simples,Interseção de vias,-11.89192,-55.50312,DEL06-MT,Risco Baixo,Alta
sexta-feira,BR-316,398.0,Pleno dia,Crescente,Céu Claro,Simples,Reta,-7.334572,-40.78471,DEL04-PI,Risco Médio,Baixa
sábado,BR-116,15.0,Plena Noite,Decrescente,Chuva,Dupla,Reta,-25.3848,-49.1711,DEL01-PR,Risco Baixo,Alta
segunda-feira,BR-381,509.0,Plena Noite,Decrescente,Céu Claro,Dupla,Reta,-20.07008,-44.29882,DEL04-MG,Risco Médio,Alta
sexta-feira,BR-116,113.4,Plena Noite,Decrescente,Céu Claro,Simples,Reta,-28.95953,-51.07919,DEL05-RS,Risco Médio,Alta
segunda-feira,BR-153,112.4,Pleno dia,Decrescente,Céu Claro,Simples,Reta,-23.87003,-50.20242,DEL07-PR,Risco Baixo,Alta
segunda-feira,BR-230,57.0,Pleno dia,Decrescente,Céu Claro,Simples,Curva,-6.594356,-43.46123,DEL03-PI,Risco Médio,Baixa
sexta-feira,BR-324,520.0,Pleno dia,Crescente,Nublado,Dupla,Desvio Temporário,-12.2832,-38.9212,DEL01-BA,Risco Médio,Baixa
sábado,BR-116,47.5,Plena Noite,Crescente,Garoa/Chuvisco,Dupla,Reta,-22.6651,-45.01166,DEL08-SP,Risco Alto,Alta
quarta-feira,BR-116,120.0,Anoitecer,Crescente,Nublado,Dupla,Reta,-25.58551,-49.31428,DEL01-PR,Risco Médio,Alta
quinta-feira,BR-135,25.0,Plena Noite,Crescente,Céu Claro,Dupla,Reta,-2.769637,-44.36896,DEL01-MA,Risco Médio,Baixa
sexta-feira,BR-364,39.3,Plena Noite,Decrescente,Céu Claro,Simples,Reta,-17.09073,-53.46619,DEL02-MT,Risco Baixo,Alta
quinta-feira,BR-40,1.0,Pleno dia,Decrescente,Céu Claro,Dupla,Reta,-16.05824,-47.98282,DEL01-DF,Risco Médio,Alta
quarta-feira,BR-470,129.0,Plena Noite,Crescente,Chuva,Simples,Reta,-27.1485,-49.55614,DEL04-SC,Risco Baixo,Baixa
domingo,BR-163,325.0,Plena Noite,Decrescente,Céu Claro,Simples,Reta,-21.7678,-54.52437,DEL02-MS,Risco Médio,Alta
segunda-feira,BR-232,139.2,Pleno dia,Crescente,Céu Claro,Dupla,Retorno Regulamentado,-8.318514,-36.0664,DEL02-PE,Risco Médio,Baixa
quarta-feira,BR-282,593.5,Pleno dia,Decrescente,Céu Claro,Simples,Reta,-26.82685,-53.1077,DEL07-SC,Risco Baixo,Baixa
sexta-feira,BR-381,787.9,Plena Noite,Crescente,Nublado,Dupla,Reta,-21.85913,-45.5252,DEL16-MG,Risco Baixo,Alta
quinta-feira,BR-40,7.0,Pleno dia,Decrescente,Céu Claro,Dupla,Reta,-16.10848,-47.97252,DEL01-DF,Risco Médio,Alta
domingo,BR-101,56.5,Anoitecer,Crescente,Chuva,Simples,Reta,-26.4354,-48.81471,DEL03-SC,Risco Baixo,Alta
quinta-feira,BR-381,58.0,Pleno dia,Crescente,Céu Claro,Dupla,Não Informado,-23.27438,-46.58531,DEL03-SP,Risco Médio,Alta
sexta-feira,BR-40,0.9,Pleno dia,Decrescente,Céu Claro,Dupla,Reta,-15.98559,-47.98725,DEL01-DF,Risco Médio,Alta
quarta-feira,BR-406,108.0,Plena Noite,Decrescente,Céu Claro,Simples,Reta,-5.5506,-35.774,DEL02-RN,Risco Médio,Baixa
sexta-feira,BR-101,113.0,Pleno dia,Decrescente,Céu Claro,Dupla,Reta,-5.9694,-35.2649,DEL01-RN,Risco Médio,Alta
sábado,BR-163,562.0,Anoitecer,Crescente,Nublado,Simples,Não Informado,-19.80188,-54.36993,DEL01-MS,Risco Médio,Alta
sábado,BR-153,494.0,Pleno dia,Decrescente,Céu Claro,Dupla,Reta,-16.6614,-49.2218,DEL01-GO,Risco Baixo,Alta
sábado,BR-153,689.0,Pleno dia,Crescente,Céu Claro,Simples,Não Informado,-11.86294,-49.15274,DEL01-TO,Risco Médio,Alta
sexta-feira,BR-116,38.0,Pleno dia,Decrescente,Nublado,Dupla,Não Informado,-25.14808,-48.85924,DEL01-PR,Risco Médio,Alta
quinta-feira,BR-376,112.3,Amanhecer,Crescente,Céu Claro,Simples,Não Informado,-23.09019,-52.39224,DEL07-PR,Risco Médio,Baixa
sexta-feira,BR-230,143.5,Plena Noite,Decrescente,Céu Claro,Simples,Reta,-7.2557,-35.8223,DEL02-PB,Risco Médio,Baixa
terça-feira,BR-116,513.0,Pleno dia,Decrescente,Nublado,Simples,Curva,-24.85739,-48.21239,DEL05-SP,Risco Médio,Alta
quinta-feira,BR-324,426.0,Plena Noite,Decrescente,Nublado,Simples,Reta,-11.8116,-39.3858,DEL04-BA,Risco Médio,Baixa
sábado,BR-285,563.8,Plena Noite,Decrescente,Céu Claro,Simples,Reta,-28.41683,-54.93604,DEL10-RS,Risco Médio,Baixa
quinta-feira,BR-101,607.0,Anoitecer,Crescente,Céu Claro,Simples,Reta,-15.5596,-39.3986,DEL05-BA,Risco Médio,Alta
sexta-feira,BR-116,140.0,Plena Noite,Decrescente,Nublado,Dupla,Desvio Temporário,-25.76831,-49.32202,DEL01-PR,Risco Alto,Alta
quarta-feira,BR-428,185.0,Pleno dia,Decrescente,Sol,Simples,Reta,-9.353473,-40.47719,DEL06-PE,Risco Médio,Baixa
sexta-feira,BR-101,257.0,Plena Noite,Crescente,Céu Claro,Dupla,Não Informado,-22.69822,-42.57813,DEL02-RJ,Risco Médio,Alta
sexta-feira,BR-101,96.0,Pleno dia,Crescente,Céu Claro,Simples,Reta,-5.853375,-35.21111,DEL01-RN,Risco Baixo,Alta
segunda-feira,BR-116,280.0,Pleno dia,Crescente,Céu Claro,Dupla,Reta,-22.5041,-44.2261,DEL07-RJ,Risco Médio,Alta
domingo,BR-467,84.9,Plena Noite,Crescente,Céu Claro,Dupla,Reta,-24.8184,-53.6572,DEL04-PR,Risco Médio,Baixa
sexta-feira,BR-101,102.0,Pleno dia,Decrescente,Céu Claro,Simples,Não Informado,-7.282653,-34.93939,DEL01-PB,Risco Médio,Alta
sábado,BR-163,833.0,Plena Noite,Decrescente,Garoa/Chuvisco,Simples,Rotatória,-11.85492,-55.49212,DEL06-MT,Risco Baixo,Alta
domingo,BR-101,95.5,Plena Noite,Crescente,Céu Claro,Dupla,Reta,-5.842745,-35.20966,DEL01-RN,Risco Médio,Alta
quinta-feira,BR-376,595.8,Plena Noite,Crescente,Nublado,Dupla,Reta,-25.49764,-49.34226,DEL01-PR,Risco Médio,Baixa
quinta-feira,BR-163,714.0,Plena Noite,Crescente,Céu Claro,Simples,Reta,-18.64291,-54.78331,DEL06-MS,Risco Baixo,Alta
segunda-feira,BR-116,48.9,Pleno dia,Crescente,Céu Claro,Simples,Não Informado,-26.36356,-50.11957,DEL06-SC,Risco Médio,Alta
sexta-feira,BR-376,492.1,Plena Noite,Decrescente,Céu Claro,Dupla,Reta,-25.1556,-50.13323,DEL03-PR,Risco Médio,Baixa
quarta-feira,BR-174,578.3,Pleno dia,Decrescente,Chuva,Simples,Curva,3.420316,-60.89536,DEL01-RR,Risco Médio,Baixa
sexta-feira,BR-393,242.0,Plena Noite,Crescente,Chuva,Simples,Curva,-22.42557,-43.6918,DEL05-RJ,Risco Médio,Média
sábado,BR-381,900.8,Pleno dia,Decrescente,Nublado,Múltipla,Reta,-22.62841,-46.07766,DEL16-MG,Risco Baixo,Alta
quarta-feira,BR-163,22.0,Plena Noite,Crescente,Chuva,Simples,Desvio Temporário,-26.15618,-53.68421,DEL02-PR,Risco Médio,Alta
segunda-feira,BR-277,113.1,Pleno dia,Crescente,Nublado,Dupla,Reta,-25.44655,-49.48736,DEL03-PR,Risco Baixo,Média
sábado,BR-101,433.2,Pleno dia,Crescente,Nublado,Dupla,Reta,-29.08201,-49.62972,DEL02-SC,Risco Médio,Alta
domingo,BR-153,174.0,Pleno dia,Decrescente,Garoa/Chuvisco,Simples,Reta,-7.428706,-48.36274,DEL02-TO,Risco Médio,Alta
segunda-feira,BR-386,354.0,Pleno dia,Decrescente,Céu Claro,Dupla,Reta,-29.50661,-51.94301,DEL04-RS,Risco Médio,Média
domingo,BR-101,180.9,Pleno dia,Crescente,Céu Claro,Simples,Não Informado,-19.63146,-40.22634,DEL04-ES,Risco Médio,Alta
sábado,BR-267,81.8,Plena Noite,Crescente,Céu Claro,Simples,Não Informado,-21.76576,-43.24902,DEL05-MG,Risco Alto,Baixa
sábado,BR-324,320.0,Plena Noite,Crescente,Céu Claro,Simples,Reta,-11.25218,-40.30712,DEL04-BA,Risco Médio,Baixa
quinta-feira,BR-364,307.0,Pleno dia,Crescente,Céu Claro,Simples,Reta,-17.50498,-52.53976,DEL05-GO,Risco Médio,Alta
quinta-feira,BR-50,130.5,Pleno dia,Decrescente,Céu Claro,Dupla,Reta,-19.4001,-48.0775,DEL13-MG,Risco Médio,Média
sexta-feira,BR-116,54.0,Pleno dia,Crescente,Céu Claro,Simples,Não Informado,-4.200942,-38.4698,DEL03-CE,Risco Médio,Alta
sábado,BR-163,551.0,Plena Noite,Crescente,Chuva,Simples,Reta,-5.19327,-56.04714,DEL05-PA,Risco Baixo,Alta
quarta-feira,BR-116,337.5,Pleno dia,Crescente,Nublado,Dupla,Reta,-30.43087,-51.47406,DEL02-RS,Risco Médio,Alta
sexta-feira,BR-230,119.0,Pleno dia,Crescente,Céu Claro,Dupla,Não Informado,-5.350407,-49.10598,DEL03-PA,Risco Médio,Baixa
sexta-feira,BR-116,115.0,Anoitecer,Crescente,Céu Claro,Dupla,Reta,-25.55953,-49.2656,DEL01-PR,Risco Médio,Alta
sexta-feira,BR-290,42.0,Plena Noite,Decrescente,Céu Claro,Dupla,Reta,-29.8888,-50.6793,DEL03-RS,Risco Médio,Baixa
domingo,BR-428,168.9,Plena Noite,Decrescente,Céu Claro,Simples,Reta,-9.206694,-40.39689,DEL06-PE,Risco Alto,Baixa
quarta-feira,BR-381,876.7,Pleno dia,Decrescente,Chuva,Dupla,Curva,-22.43939,-45.9848,DEL16-MG,Risco Médio,Alta
sexta-feira,BR-116,225.5,Pleno dia,Crescente,Céu Claro,Múltipla,Não Informado,-23.48928,-46.54665,DEL01-SP,Risco Médio,Alta
domingo,BR-232,156.2,Pleno dia,Crescente,Céu Claro,Simples,Reta,-8.32936,-36.21722,DEL02-PE,Risco Médio,Baixa
domingo,BR-40,61.1,Plena Noite,Decrescente,Chuva,Simples,Reta,-22.41135,-43.14468,DEL06-RJ,Risco Médio,Alta
quinta-feira,BR-343,346.8,Pleno dia,Crescente,Sol,Simples,Reta,-5.113396,-42.77555,DEL01-PI,Risco Médio,Baixa
quinta-feira,BR-101,290.0,Pleno dia,Decrescente,Chuva,Dupla,Retorno Regulamentado,-20.29528,-40.3935,DEL01-ES,Risco Médio,Alta
sexta-feira,BR-116,230.5,Pleno dia,Decrescente,Céu Claro,Múltipla,Reta,-23.52252,-46.58557,DEL01-SP,Risco Médio,Alta
sábado,BR-262,66.1,Pleno dia,Crescente,Nublado,Simples,Curva,-20.30404,-42.2601,DEL06-MG,Risco Baixo,Média
terça-feira,BR-364,123.0,Plena Noite,Decrescente,Céu Claro,Dupla,Reta,-10.01171,-67.78237,DEL01-AC,Risco Médio,Alta
quinta-feira,BR-407,173.0,Amanhecer,Decrescente,Chuva,Simples,Reta,-10.86606,-40.11133,DEL04-BA,Risco Médio,Baixa
terça-feira,BR-153,59.0,Pleno dia,Crescente,Céu Claro,Dupla,Não Informado,-20.78733,-49.35399,DEL09-SP,Risco Baixo,Alta
quarta-feira,BR-427,37.0,Pleno dia,Decrescente,Céu Claro,Simples,Curva,-6.764051,-37.7891,DEL03-PB,Risco Médio,Baixa
sexta-feira,BR-277,665.8,Anoitecer,Crescente,Vento,Dupla,Reta,-25.256,-54.03773,DEL05-PR,Risco Médio,Média
domingo,BR-40,122.0,Plena Noite,Crescente,Nublado,Múltipla,Reta,-22.79083,-43.28612,DEL01-RJ,Risco Alto,Alta
segunda-feira,BR-470,61.4,Pleno dia,Crescente,Céu Claro,Simples,Reta,-26.87719,-49.17802,DEL04-SC,Risco Alto,Baixa
segunda-feira,BR-381,285.0,Pleno dia,Decrescente,Céu Claro,Simples,Ponte,-19.61895,-42.79967,DEL03-MG,Risco Alto,Alta
terça-feira,BR-381,821.0,Pleno dia,Crescente,Céu Claro,Dupla,Reta,-22.11209,-45.74743,DEL16-MG,Risco Médio,Alta
domingo,BR-242,293.0,Pleno dia,Crescente,Céu Claro,Simples,Reta,-12.44112,-40.8153,DEL06-BA,Risco Alto,Baixa
sábado,BR-163,117.0,Plena Noite,Crescente,Céu Claro,Dupla,Reta,-16.52183,-54.65882,DEL02-MT,Risco Médio,Alta
domingo,BR-277,662.8,Plena Noite,Crescente,Céu Claro,Dupla,Reta,-25.25122,-54.00914,DEL05-PR,Risco Baixo,Média
terça-feira,BR-277,23.1,Pleno dia,Decrescente,Nublado,Dupla,Curva,-25.52852,-48.74173,DEL01-PR,Risco Médio,Média
terça-feira,BR-20,16.0,Pleno dia,Crescente,Chuva,Dupla,Desvio Temporário,-15.62567,-47.72516,DEL02-DF,Risco Médio,Baixa
sábado,BR-101,238.5,Plena Noite,Decrescente,Chuva,Simples,Reta,-20.00196,-40.41321,DEL02-ES,Risco Médio,Alta
quinta-feira,BR-282,133.0,Plena Noite,Decrescente,Céu Claro,Simples,Curva,-27.80749,-49.53227,DEL05-SC,Risco Médio,Baixa
domingo,BR-101,49.5,Amanhecer,Crescente,Céu Claro,Simples,Reta,-26.3869,-48.8425,DEL03-SC,Risco Médio,Alta
quinta-feira,BR-428,191.9,Pleno dia,Crescente,Céu Claro,Simples,Reta,-9.385229,-40.52165,DEL06-PE,Risco Médio,Baixa
sexta-feira,BR-381,684.8,Pleno dia,Decrescente,Céu Claro,Dupla,Reta,-21.16015,-45.1181,DEL04-MG,Risco Médio,Alta
quinta-feira,BR-40,614.4,Pleno dia,Crescente,Chuva,Simples,Reta,-20.539,-43.8208,DEL05-MG,Risco Médio,Alta
quinta-feira,BR-101,151.4,Pleno dia,Decrescente,Céu Claro,Dupla,Reta,-11.2687,-37.4421,DEL02-SE,Risco Médio,Alta
domingo,BR-230,30.9,Plena Noite,Crescente,Céu Claro,Dupla,Retorno Regulamentado,-7.148858,-34.91231,DEL01-PB,Risco Médio,Baixa
terça-feira,BR-277,723.5,Pleno dia,Decrescente,Céu Claro,Dupla,Reta,-25.49946,-54.53121,DEL05-PR,Risco Médio,Média
quinta-feira,BR-40,282.0,Amanhecer,Crescente,Céu Claro,Simples,Reta,-18.24924,-45.20221,DEL14-MG,Risco Médio,Alta
terça-feira,BR-116,253.0,Plena Noite,Crescente,Céu Claro,Simples,Não Informado,-27.85866,-50.38743,DEL05-SC,Risco Alto,Alta
domingo,BR-101,287.4,Plena Noite,Crescente,Nublado,Dupla,Curva,-28.26041,-48.70456,DEL02-SC,Risco Alto,Alta
sábado,BR-116,930.7,Plena Noite,Decrescente,Céu Claro,Simples,Reta,-15.67869,-41.32127,DEL08-BA,Risco Baixo,Alta
quinta-feira,BR-116,13.0,Anoitecer,Crescente,Céu Claro,Dupla,Reta,-3.860885,-38.49715,DEL01-CE,Risco Baixo,Alta
terça-feira,BR-381,665.5,Plena Noite,Decrescente,Céu Claro,Dupla,Reta,-21.0485,-45.0026,DEL04-MG,Risco Médio,Alta
quarta-feira,BR-70,515.0,Pleno dia,Decrescente,Céu Claro,Simples,Reta,-15.70638,-56.13812,DEL01-MT,Risco Médio,Baixa
segunda-feira,BR-110,44.9,Pleno dia,Crescente,Sol,Simples,Reta,-5.187178,-37.30391,DEL04-RN,Risco Médio,Baixa
domingo,BR-101,875.0,Plena Noite,Decrescente,Céu Claro,Dupla,Interseção de vias,-17.52681,-39.70888,DEL09-BA,Risco Baixo,Alta
sexta-feira,BR-153,353.0,Pleno dia,Crescente,Chuva,Simples,Não Informado,-15.69072,-49.33812,DEL02-GO,Risco Médio,Alta
sábado,BR-282,31.2,Plena Noite,Crescente,Nublado,Simples,Reta,-27.69762,-48.79524,DEL01-SC,Risco Baixo,Baixa