dia_semana,br,km,fase_dia,sentido_via,condicao_metereologica,tipo_pista,tracado_via,latitude,longitude,delegacia,classificacao_acidente,postos_policiais_PRF
terça-feira,BR-163,956.0,Pleno dia,Decrescente,Céu Claro,Simples,Reta,-10.84831,-55.18034,DEL06-MT,Risco Baixo,Alta
segunda-feira,BR-116,254.0,Plena Noite,Crescente,Nublado,Simples,Não Informado,-17.67358,-41.48841,DEL11-MG,Risco Médio,Alta
domingo,BR-277,131.4,Pleno dia,Decrescente,Nublado,Simples,Não Informado,-25.47842,-49.64308,DEL03-PR,Risco Médio,Média
segunda-feira,BR-381,525.7,Pleno dia,Crescente,Céu Claro,Dupla,Curva,-20.14876,-44.32471,DEL04-MG,Risco Médio,Alta
quinta-feira,BR-290,91.0,Pleno dia,Decrescente,Céu Claro,Simples,Reta,-29.96906,-51.16744,DEL01-RS,Risco Médio,Baixa
sexta-feira,BR-116,149.1,Pleno dia,Decrescente,Céu Claro,Múltipla,Curva,-29.15997,-51.15645,DEL05-RS,Risco Médio,Alta
quarta-feira,BR-101,70.0,Pleno dia,Crescente,Céu Claro,Múltipla,Reta,-8.071709,-34.94264,DEL01-PE,Risco Médio,Alta
domingo,BR-116,160.8,Pleno dia,Crescente,Céu Claro,Dupla,Reta,-23.27102,-45.96788,DEL02-SP,Risco Médio,Alta
segunda-feira,BR-369,19.0,Pleno dia,Decrescente,Céu Claro,Simples,Reta,-23.03676,-50.08034,DEL07-PR,Risco Médio,Baixa
domingo,BR-476,148.7,Plena Noite,Decrescente,Céu Claro,Dupla,Reta,-25.55756,-49.35173,DEL01-PR,Risco Baixo,Baixa
domingo,BR-251,521.3,Pleno dia,Crescente,Céu Claro,Simples,Reta,-16.67039,-43.79223,DEL12-MG,Risco Médio,Baixa
terça-feira,BR-101,96.0,Plena Noite,Crescente,Chuva,Simples,Reta,-8.246395,-34.99604,DEL01-PE,Risco Médio,Alta
quinta-feira,BR-20,158.0,Plena Noite,Decrescente,Céu Claro,Simples,Reta,-14.63262,-46.62237,DEL02-DF,Risco Baixo,Baixa
terça-feira,BR-116,66.0,Pleno dia,Decrescente,Céu Claro,Dupla,Curva,-22.8227,-45.20193,DEL08-SP,Risco Médio,Alta
terça-feira,BR-116,227.4,Amanhecer,Decrescente,Nublado,Múltipla,Reta,-23.50174,-46.56388,DEL01-SP,Risco Médio,Alta
sexta-feira,BR-429,94.0,Plena Noite,Decrescente,Céu Claro,Dupla,Reta,-11.35228,-62.29171,DEL02-RO,Risco Médio,Baixa
quarta-feira,BR-262,721.0,Pleno dia,Crescente,Nublado,Simples,Reta,-19.50129,-57.43446,DEL03-MS,Risco Médio,Média
sexta-feira,BR-364,203.0,Pleno dia,Decrescente,Céu Claro,Simples,Não Informado,-17.90949,-51.7828,DEL05-GO,Risco Baixo,Alta
sábado,BR-242,816.0,Plena Noite,Decrescente,Nublado,Simples,Curva,-12.11721,-45.17612,DEL10-BA,Risco Médio,Baixa
domingo,BR-40,474.1,Anoitecer,Decrescente,Chuva,Múltipla,Reta,-19.50552,-44.27423,DEL02-MG,Risco Médio,Alta
sábado,BR-153,461.0,Plena Noite,Decrescente,Nublado,Simples,Desvio Temporário,-26.23361,-51.14694,DEL02-PR,Risco Médio,Alta
sábado,BR-116,106.8,Plena Noite,Crescente,Céu Claro,Dupla,Reta,-25.57032,-49.2215,DEL01-PR,Risco Baixo,Alta
quarta-feira,BR-101,146.2,Pleno dia,Crescente,Garoa/Chuvisco,Dupla,Reta,-19.36991,-40.06561,DEL04-ES,Risco Médio,Alta
sexta-feira,BR-101,242.2,Pleno dia,Crescente,Céu Claro,Simples,Não Informado,-27.87917,-48.64733,DEL01-SC,Risco Médio,Alta
sábado,BR-376,642.5,Plena Noite,Crescente,Garoa/Chuvisco,Dupla,Reta,-25.81195,-49.13292,DEL01-PR,Risco Médio,Baixa
terça-feira,BR-101,192.4,Plena Noite,Crescente,Céu Claro,Dupla,Reta,-27.48694,-48.6502,DEL01-SC,Risco Baixo,Alta
quarta-feira,BR-101,207.6,Amanhecer,Decrescente,Céu Claro,Dupla,Reta,-19.77776,-40.37216,DEL02-ES,Risco Médio,Alta
segunda-feira,BR-20,6.3,Pleno dia,Decrescente,Céu Claro,Dupla,Desvio Temporário,-15.66589,-47.80831,DEL02-DF,Risco Médio,Baixa
sexta-feira,BR-251,248.4,Amanhecer,Crescente,Chuva,Simples,Reta,-15.99185,-41.82038,DEL11-MG,Risco Médio,Baixa
domingo,BR-116,38.0,Plena Noite,Crescente,Chuva,Dupla,Reta,-25.14803,-48.85922,DEL01-PR,Risco Médio,Alta
quinta-feira,BR-324,612.6,Plena Noite,Crescente,Nublado,Dupla,Reta,-12.86118,-38.42261,DEL01-BA,Risco Baixo,Baixa
terça-feira,BR-356,264.6,Pleno dia,Crescente,Céu Claro,Simples,Reta,-21.12553,-42.37548,DEL07-MG,Risco Médio,Baixa
quinta-feira,BR-153,272.0,Pleno dia,Crescente,Céu Claro,Simples,Não Informado,-8.282475,-48.4693,DEL02-TO,Risco Médio,Alta
sexta-feira,BR-277,170.5,Plena Noite,Crescente,Céu Claro,Dupla,Não Informado,-25.43474,-50.00857,DEL03-PR,Risco Alto,Média
domingo,BR-135,215.0,Pleno dia,Decrescente,Céu Claro,Simples,Não Informado,-8.129293,-43.69863,DEL03-PI,Risco Médio,Baixa
domingo,BR-376,2.0,Pleno dia,Decrescente,Céu Claro,Simples,Reta,-23.56798,-51.43194,DEL07-PR,Risco Médio,Baixa
quinta-feira,BR-116,289.0,Pleno dia,Crescente,Nublado,Dupla,Reta,-22.48279,-44.25964,DEL07-RJ,Risco Baixo,Alta
segunda-feira,BR-392,241.2,Pleno dia,Decrescente,Chuva,Simples,Não Informado,-30.60476,-53.36822,DEL09-RS,Risco Alto,Média
sexta-feira,BR-418,104.0,Pleno dia,Crescente,Céu Claro,Simples,Reta,-17.73426,-39.55318,DEL09-BA,Risco Médio,Baixa
sábado,BR-101,206.9,Pleno dia,Crescente,Céu Claro,Dupla,Interseção de vias,-27.6001,-48.6225,DEL01-SC,Risco Médio,Alta
sexta-feira,BR-381,371.0,Pleno dia,Crescente,Chuva,Simples,Curva,-19.84408,-43.30732,DEL01-MG,Risco Médio,Alta
segunda-feira,BR-262,115.0,Plena Noite,Decrescente,Nevoeiro/Neblina,Simples,Reta,-20.32054,-41.21864,DEL01-ES,Risco Alto,Média
segunda-feira,BR-393,176.7,Pleno dia,Crescente,Sol,Simples,Reta,-22.12904,-43.23865,DEL05-RJ,Risco Alto,Média
sábado,BR-158,505.0,Pleno dia,Crescente,Nublado,Simples,Não Informado,-13.56772,-51.92656,DEL07-MT,Risco Médio,Baixa
quarta-feira,BR-116,904.1,Pleno dia,Crescente,Céu Claro,Simples,Reta,-15.46726,-41.24051,DEL08-BA,Risco Baixo,Alta
sexta-feira,BR-369,156.5,Pleno dia,Crescente,Sol,Dupla,Não Informado,-23.29013,-51.2201,DEL07-PR,Risco Médio,Baixa
quinta-feira,BR-116,217.7,Pleno dia,Crescente,Céu Claro,Múltipla,Reta,-23.45787,-46.48089,DEL01-SP,Risco Médio,Alta
quarta-feira,BR-316,153.2,Plena Noite,Crescente,Céu Claro,Simples,Reta,-9.431079,-36.6498,DEL03-AL,Risco Médio,Baixa
quinta-feira,BR-101,74.0,Plena Noite,Decrescente,Garoa/Chuvisco,Dupla,Não Informado,-29.78051,-50.22493,DEL03-RS,Risco Baixo,Alta
sábado,BR-369,198.8,Pleno dia,Crescente,Céu Claro,Dupla,Reta,-23.52258,-51.44148,DEL07-PR,Risco Médio,Baixa
quarta-feira,BR-40,503.9,Pleno dia,Crescente,Nublado,Dupla,Reta,-19.72138,-44.15574,DEL02-MG,Risco Baixo,Alta
domingo,BR-116,176.0,Plena Noite,Decrescente,Céu Claro,Múltipla,Reta,-22.75748,-43.43069,DEL01-RJ,Risco Médio,Alta
sexta-feira,BR-116,51.0,Plena Noite,Decrescente,Céu Claro,Simples,Curva,-22.18834,-42.86207,DEL04-RJ,Risco Médio,Alta
quinta-feira,BR-470,82.0,Pleno dia,Decrescente,Nublado,Simples,Não Informado,-26.95884,-49.32498,DEL04-SC,Risco Médio,Baixa
sábado,BR-259,58.0,Plena Noite,Decrescente,Céu Claro,Dupla,Reta,-19.51447,-40.66079,DEL02-ES,Risco Médio,Baixa
domingo,BR-277,37.5,Plena Noite,Decrescente,Nublado,Dupla,Desvio Temporário,-25.53749,-48.67218,DEL01-PR,Risco Médio,Média
sexta-feira,BR-381,510.8,Plena Noite,Decrescente,Céu Claro,Múltipla,Reta,-20.05943,-44.29056,DEL01-MG,Risco Baixo,Alta
sábado,BR-40,4.5,Amanhecer,Decrescente,Céu Claro,Dupla,Reta,-16.01653,-47.98115,DEL01-DF,Risco Médio,Alta
sexta-feira,BR-116,216.0,Pleno dia,Crescente,Céu Claro,Simples,Reta,-23.45057,-46.46258,DEL01-SP,Risco Médio,Alta
quinta-feira,BR-104,106.8,Plena Noite,Decrescente,Céu Claro,Simples,Não Informado,-7.099774,-35.86429,DEL02-PB,Risco Médio,Baixa
quinta-feira,BR-262,72.0,Amanhecer,Decrescente,Céu Claro,Simples,Reta,-20.4158,-40.88,DEL01-ES,Risco Médio,Média
sexta-feira,BR-262,533.7,Plena Noite,Crescente,Nublado,Simples,Reta,-19.77148,-45.78043,DEL08-MG,Risco Baixo,Média
sábado,BR-116,54.0,Plena Noite,Crescente,Céu Claro,Dupla,Reta,-22.75804,-45.11508,DEL08-SP,Risco Médio,Alta
quarta-feira,BR-60,544.1,Plena Noite,Crescente,Céu Claro,Simples,Reta,-21.16323,-55.8564,DEL05-MS,Risco Alto,Média
segunda-feira,BR-282,202.5,Plena Noite,Decrescente,Garoa/Chuvisco,Simples,Não Informado,-27.76339,-50.15287,DEL05-SC,Risco Baixo,Baixa
sexta-feira,BR-116,301.0,Anoitecer,Decrescente,Sol,Dupla,Reta,-30.1319,-51.35387,DEL02-RS,Risco Médio,Alta
terça-feira,BR-381,884.9,Pleno dia,Decrescente,Céu Claro,Dupla,Reta,-22.494,-46.0124,DEL16-MG,Risco Médio,Alta
sexta-feira,BR-40,647.8,Plena Noite,Decrescente,Nublado,Simples,Não Informado,-20.86595,-43.797,DEL05-MG,Risco Médio,Alta
sexta-feira,BR-365,525.6,Pleno dia,Decrescente,Céu Claro,Simples,Interseção de vias,-18.91408,-47.41957,DEL10-MG,Risco Médio,Média
quinta-feira,BR-493,56.0,Pleno dia,Crescente,Chuva,Múltipla,Reta,-22.67209,-43.28505,DEL01-RJ,Risco Médio,Baixa
terça-feira,BR-116,110.0,Plena Noite,Crescente,Céu Claro,Dupla,Reta,-25.5622,-49.2603,DEL01-PR,Risco Médio,Alta
quarta-feira,BR-316,154.7,Amanhecer,Crescente,Nublado,Simples,Viaduto,-9.428379,-36.6544,DEL03-AL,Risco Médio,Baixa
domingo,BR-40,40.2,Pleno dia,Decrescente,Céu Claro,Simples,Reta,-17.21014,-46.88089,DEL14-MG,Risco Médio,Alta
domingo,BR-470,154.8,Pleno dia,Crescente,Chuva,Simples,Reta,-27.27485,-49.73717,DEL04-SC,Risco Médio,Baixa
domingo,BR-101,40.6,Anoitecer,Crescente,Nublado,Dupla,Reta,-6.838737,-35.13633,DEL01-PB,Risco Médio,Alta
quinta-feira,BR-40,530.8,Pleno dia,Crescente,Céu Claro,Dupla,Não Informado,-19.92065,-44.03357,DEL01-MG,Risco Médio,Alta
quinta-feira,BR-324,368.0,Plena Noite,Decrescente,Céu Claro,Simples,Reta,-11.39322,-39.97246,DEL04-BA,Risco Médio,Baixa
terça-feira,BR-158,207.3,Plena Noite,Decrescente,Nublado,Simples,Curva,-23.98899,-52.35856,DEL04-PR,Risco Alto,Baixa
sexta-feira,BR-101,308.0,Plena Noite,Decrescente,Céu Claro,Dupla,Reta,-22.7931,-43.02481,DEL02-RJ,Risco Baixo,Alta
terça-feira,BR-101,292.9,Plena Noite,Decrescente,Céu Claro,Múltipla,Interseção de vias,-20.31463,-40.39523,DEL01-ES,Risco Médio,Alta
domingo,BR-262,6.0,Plena Noite,Decrescente,Céu Claro,Dupla,Reta,-20.34007,-40.39451,DEL01-ES,Risco Médio,Média
sexta-feira,BR-421,49.0,Pleno dia,Decrescente,Nublado,Simples,Reta,-10.26086,-63.29063,DEL03-RO,Risco Médio,Baixa
sábado,BR-101,271.0,Pleno dia,Crescente,Chuva,Dupla,Reta,-22.72443,-42.69368,DEL02-RJ,Risco Médio,Alta
terça-feira,BR-467,86.0,Pleno dia,Crescente,Chuva,Dupla,Reta,-24.8289,-53.6431,DEL04-PR,Risco Baixo,Baixa
sábado,BR-470,43.0,Plena Noite,Decrescente,Céu Claro,Simples,Reta,-26.88189,-48.9974,DEL04-SC,Risco Baixo,Baixa
segunda-feira,BR-116,86.0,Pleno dia,Crescente,Nublado,Simples,Curva,-22.43671,-42.94971,DEL04-RJ,Risco Médio,Alta
sábado,BR-116,40.3,Plena Noite,Crescente,Nublado,Simples,Interseção de vias,-28.51839,-50.93942,DEL05-RS,Risco Baixo,Alta
quarta-feira,BR-153,102.7,Pleno dia,Crescente,Chuva,Simples,Ponte,-6.90546,-48.03458,DEL02-TO,Risco Baixo,Alta
terça-feira,BR-116,79.0,Plena Noite,Crescente,Céu Claro,Simples,Reta,-22.3817,-42.95478,DEL04-RJ,Risco Médio,Alta
domingo,BR-386,241.4,Pleno dia,Decrescente,Nublado,Simples,Reta,-28.7749,-52.53345,DEL04-RS,Risco Médio,Média
domingo,BR-153,124.3,Plena Noite,Decrescente,Céu Claro,Simples,Interseção de vias,-13.86576,-49.05141,DEL07-GO,Risco Baixo,Alta
terça-feira,BR-386,362.8,Pleno dia,Decrescente,Céu Claro,Dupla,Interseção de vias,-29.55746,-51.89154,DEL04-RS,Risco Médio,Média
domingo,BR-116,228.0,Amanhecer,Decrescente,Chuva,Dupla,Não Informado,-22.67208,-43.81789,DEL07-RJ,Risco Médio,Alta
quarta-feira,BR-40,523.0,Pleno dia,Crescente,Céu Claro,Dupla,Reta,-19.86875,-44.05962,DEL01-MG,Risco Médio,Alta
sexta-feira,BR-376,652.9,Plena Noite,Crescente,Chuva,Dupla,Curva,-25.84224,-49.0579,DEL01-PR,Risco Baixo,Baixa
sábado,BR-222,2.3,Pleno dia,Crescente,Céu Claro,Múltipla,Reta,-3.739111,-38.58687,DEL01-CE,Risco Médio,Baixa
segunda-feira,BR-356,157.0,Pleno dia,Decrescente,Céu Claro,Simples,Reta,-21.73693,-41.20073,DEL08-RJ,Risco Médio,Baixa
quarta-feira,BR-60,98.0,Pleno dia,Decrescente,Céu Claro,Dupla,Reta,-16.3846,-48.9541,DEL02-GO,Risco Médio,Média
quarta-feira,BR-116,227.0,Pleno dia,Crescente,Chuva,Múltipla,Reta,-23.50261,-46.56606,DEL01-SP,Risco Médio,Alta
segunda-feira,BR-116,182.0,Pleno dia,Decrescente,Nublado,Dupla,Reta,-22.73832,-43.48048,DEL01-RJ,Risco Médio,Alta
segunda-feira,BR-101,354.6,Pleno dia,Crescente,Sol,Dupla,Reta,-28.6209,-49.074,DEL02-SC,Risco Médio,Alta
quinta-feira,BR-158,279.9,Plena Noite,Decrescente,Céu Claro,Simples,Reta,-29.37034,-53.67126,DEL09-RS,Risco Alto,Baixa
quinta-feira,BR-116,276.0,Plena Noite,Crescente,Garoa/Chuvisco,Dupla,Curva,-17.85106,-41.51454,DEL11-MG,Risco Médio,Alta
domingo,BR-381,455.1,Pleno dia,Crescente,Céu Claro,Simples,Desvio Temporário,-19.83665,-43.86143,DEL01-MG,Risco Médio,Alta
terça-feira,BR-116,760.2,Pleno dia,Decrescente,Nublado,Simples,Não Informado,-21.51428,-42.61283,DEL07-MG,Risco Médio,Alta
quarta-feira,BR-116,673.7,Plena Noite,Crescente,Nublado,Simples,Curva,-20.88957,-42.33963,DEL07-MG,Risco Médio,Alta
sábado,BR-163,855.0,Pleno dia,Decrescente,Céu Claro,Simples,Reta,-11.81199,-55.48239,DEL06-MT,Risco Baixo,Alta
sexta-feira,BR-277,14.1,Pleno dia,Decrescente,Céu Claro,Dupla,Reta,-25.55784,-48.65336,DEL01-PR,Risco Médio,Média
terça-feira,BR-101,267.9,Pleno dia,Crescente,Chuva,Dupla,Reta,-22.70731,-42.66064,DEL02-RJ,Risco Baixo,Alta
sábado,BR-80,17.0,Pleno dia,Crescente,Céu Claro,Simples,Não Informado,-15.69207,-48.20514,DEL01-DF,Risco Médio,Baixa
sexta-feira,BR-135,195.8,Anoitecer,Crescente,Ignorado,Simples,Reta,-4.178649,-44.46854,DEL03-MA,Risco Médio,Baixa
domingo,BR-262,119.0,Plena Noite,Decrescente,Nublado,Simples,Curva,-20.30398,-41.22972,DEL01-ES,Risco Médio,Média
sexta-feira,BR-369,167.0,Pleno dia,Crescente,Céu Claro,Dupla,Reta,-23.28255,-51.25024,DEL07-PR,Risco Médio,Baixa
sexta-feira,BR-324,620.0,Pleno dia,Crescente,Ignorado,Dupla,Reta,-12.90706,-38.45688,DEL01-BA,Risco Médio,Baixa
segunda-feira,BR-153,161.8,Pleno dia,Decrescente,Chuva,Simples,Reta,-7.3349,-48.31412,DEL02-TO,Risco Baixo,Alta
segunda-feira,BR-40,397.1,Pleno dia,Decrescente,Céu Claro,Simples,Não Informado,-19.0051,-44.65692,DEL02-MG,Risco Médio,Alta
quinta-feira,BR-40,5.6,Anoitecer,Crescente,Céu Claro,Dupla,Reta,-16.02519,-47.97974,DEL01-DF,Risco Médio,Alta
segunda-feira,BR-405,0.5,Pleno dia,Crescente,Céu Claro,Dupla,Reta,-5.191467,-37.35189,DEL04-RN,Risco Médio,Baixa
sexta-feira,BR-472,145.1,Pleno dia,Crescente,Sol,Simples,Curva,-27.77557,-54.36291,DEL10-RS,Risco Médio,Baixa
terça-feira,BR-386,334.6,Pleno dia,Crescente,Chuva,Simples,Não Informado,-29.37803,-52.05743,DEL04-RS,Risco Alto,Média
segunda-feira,BR-101,295.0,Pleno dia,Decrescente,Nublado,Dupla,Reta,-20.33224,-40.40005,DEL01-ES,Risco Médio,Alta
segunda-feira,BR-116,281.0,Plena Noite,Decrescente,Chuva,Dupla,Reta,-22.48698,-44.25087,DEL07-RJ,Risco Médio,Alta
terça-feira,BR-101,486.0,Anoitecer,Crescente,Céu Claro,Simples,Reta,-22.97709,-44.29635,DEL03-RJ,Risco Médio,Alta
domingo,BR-407,1.0,Amanhecer,Crescente,Céu Claro,Dupla,Ponte,-9.418456,-40.50726,DEL06-PE,Risco Médio,Baixa
quarta-feira,BR-282,29.8,Pleno dia,Crescente,Sol,Simples,Não Informado,-27.67974,-48.78679,DEL01-SC,Risco Médio,Baixa
domingo,BR-40,510.0,Pleno dia,Decrescente,Sol,Dupla,Desvio Temporário,-19.77578,-44.12257,DEL01-MG,Risco Médio,Alta
sábado,BR-101,513.0,Pleno dia,Crescente,Nublado,Simples,Retorno Regulamentado,-22.97495,-44.44783,DEL03-RJ,Risco Médio,Alta
segunda-feira,BR-376,4.6,Pleno dia,Crescente,Nublado,Simples,Não Informado,-23.5513,-51.46127,DEL07-PR,Risco Médio,Baixa
quarta-feira,BR-277,24.2,Pleno dia,Decrescente,Céu Claro,Dupla,Reta,-25.5294,-48.74494,DEL01-PR,Risco Médio,Média
terça-feira,BR-381,925.0,Pleno dia,Crescente,Céu Claro,Dupla,Curva,-22.77085,-46.20034,DEL16-MG,Risco Médio,Alta
sexta-feira,BR-470,318.5,Plena Noite,Crescente,Céu Claro,Simples,Reta,-27.40846,-51.21498,DEL07-SC,Risco Médio,Baixa
domingo,BR-116,296.0,Plena Noite,Decrescente,Céu Claro,Múltipla,Reta,-23.77548,-46.91442,DEL04-SP,Risco Baixo,Alta
sexta-feira,BR-230,302.0,Plena Noite,Crescente,Céu Claro,Simples,Reta,-6.809352,-42.95446,DEL03-PI,Risco Médio,Baixa
sábado,BR-381,484.0,Pleno dia,Crescente,Céu Claro,Múltipla,Reta,-19.95532,-44.11722,DEL01-MG,Risco Médio,Alta
sexta-feira,BR-356,278.6,Pleno dia,Crescente,Céu Claro,Simples,Reta,-21.12647,-42.26317,DEL07-MG,Risco Alto,Baixa
segunda-feira,BR-116,229.0,Pleno dia,Decrescente,Céu Claro,Dupla,Reta,-22.65647,-43.82207,DEL07-RJ,Risco Médio,Alta
segunda-feira,BR-282,529.1,Anoitecer,Crescente,Céu Claro,Simples,Não Informado,-26.98219,-52.59734,DEL07-SC,Risco Médio,Baixa
sábado,BR-153,116.5,Pleno dia,Decrescente,Sol,Simples,Não Informado,-7.002875,-48.09811,DEL02-TO,Risco Médio,Alta
domingo,BR-101,137.1,Pleno dia,Decrescente,Céu Claro,Simples,Reta,-19.29308,-40.08592,DEL04-ES,Risco Médio,Alta
quinta-feira,BR-364,653.0,Amanhecer,Decrescente,Céu Claro,Simples,Reta,-8.894445,-63.43875,DEL01-RO,Risco Médio,Alta
segunda-feira,BR-386,435.7,Plena Noite,Decrescente,Nublado,Dupla,Interseção de vias,-29.84811,-51.27081,DEL04-RS,Risco Médio,Média
quinta-feira,BR-324,1.0,Pleno dia,Crescente,Céu Claro,Dupla,Reta,-12.95021,-38.47073,DEL01-BA,Risco Médio,Baixa
quinta-feira,BR-373,389.0,Amanhecer,Crescente,Nevoeiro/Neblina,Simples,Curva,-25.51684,-51.96267,DEL08-PR,Risco Médio,Baixa
sexta-feira,BR-101,205.0,Pleno dia,Crescente,Céu Claro,Múltipla,Interseção de vias,-27.58839,-48.6168,DEL01-SC,Risco Médio,Alta
domingo,BR-230,25.0,Plena Noite,Decrescente,Chuva,Dupla,Não Informado,-7.1707,-34.8684,DEL01-PB,Risco Baixo,Baixa
quinta-feira,BR-40,1.8,Pleno dia,Crescente,Céu Claro,Dupla,Reta,-15.98553,-47.98775,DEL01-DF,Risco Médio,Alta
segunda-feira,BR-153,58.0,Pleno dia,Decrescente,Céu Claro,Simples,Não Informado,-18.87839,-49.05664,DEL15-MG,Risco Médio,Alta
quarta-feira,BR-316,309.5,Pleno dia,Crescente,Sol,Simples,Reta,-7.077787,-41.4837,DEL04-PI,Risco Médio,Baixa
domingo,BR-116,196.8,Plena Noite,Decrescente,Garoa/Chuvisco,Dupla,Curva,-22.7318,-43.61819,DEL01-RJ,Risco Médio,Alta
domingo,BR-101,122.9,Plena Noite,Decrescente,Céu Claro,Dupla,Reta,-26.92956,-48.705,DEL04-SC,Risco Médio,Alta
terça-feira,BR-376,37.0,Pleno dia,Crescente,Céu Claro,Simples,Reta,-22.40616,-54.44335,DEL04-MS,Risco Médio,Baixa
terça-feira,BR-153,369.0,Pleno dia,Crescente,Céu Claro,Simples,Reta,-25.7367,-50.80195,DEL08-PR,Risco Médio,Alta
sábado,BR-101,259.8,Pleno dia,Decrescente,Sol,Múltipla,Curva,-28.01027,-48.69434,DEL02-SC,Risco Baixo,Alta
sábado,BR-287,238.6,Plena Noite,Crescente,Chuva,Dupla,Interseção de vias,-29.70773,-53.76252,DEL09-RS,Risco Baixo,Baixa
terça-feira,BR-116,269.0,Pleno dia,Decrescente,Chuva,Simples,Curva,-10.92749,-38.82095,DEL07-BA,Risco Alto,Alta
terça-feira,BR-40,462.7,Plena Noite,Crescente,Céu Claro,Dupla,Desvio Temporário,-19.41369,-44.33879,DEL02-MG,Risco Médio,Alta
domingo,BR-40,0.7,Pleno dia,Crescente,Céu Claro,Dupla,Reta,-16.05505,-47.98236,DEL01-DF,Risco Médio,Alta
segunda-feira,BR-381,1.3,Pleno dia,Crescente,Céu Claro,Dupla,Não Informado,-19.97374,-44.16065,DEL01-MG,Risco Médio,Alta
sábado,BR-50,62.0,Anoitecer,Crescente,Nublado,Dupla,Rotatória,-18.82984,-48.24979,DEL15-MG,Risco Médio,Média
sexta-feira,BR-116,371.0,Pleno dia,Crescente,Céu Claro,Simples,Reta,-6.381324,-38.8135,DEL05-CE,Risco Baixo,Alta
segunda-feira,BR-116,106.0,Pleno dia,Crescente,Céu Claro,Dupla,Reta,-25.56961,-49.22117,DEL01-PR,Risco Médio,Alta
quinta-feira,BR-135,20.0,Pleno dia,Crescente,Céu Claro,Simples,Curva,-2.562093,-44.34041,DEL01-MA,Risco Médio,Baixa
domingo,BR-158,0.5,Pleno dia,Decrescente,Céu Claro,Dupla,Rotatória,-15.89601,-52.25155,DEL04-GO,Risco Médio,Baixa
terça-feira,BR-101,191.0,Pleno dia,Decrescente,Céu Claro,Dupla,Curva,-27.4773,-48.64127,DEL01-SC,Risco Médio,Alta
terça-feira,BR-376,644.0,Pleno dia,Decrescente,Céu Claro,Dupla,Rotatória,-25.8142,-49.13168,DEL01-PR,Risco Médio,Baixa
segunda-feira,BR-367,83.5,Plena Noite,Decrescente,Céu Claro,Simples,Reta,-16.37256,-39.57064,DEL09-BA,Risco Médio,Baixa
quarta-feira,BR-163,364.0,Pleno dia,Decrescente,Céu Claro,Simples,Rotatória,-21.47264,-54.38623,DEL02-MS,Risco Médio,Alta
terça-feira,BR-116,446.0,Pleno dia,Decrescente,Garoa/Chuvisco,Múltipla,Reta,-24.50467,-47.84773,DEL05-SP,Risco Médio,Alta
sexta-feira,BR-262,439.7,Plena Noite,Decrescente,Vento,Dupla,Reta,-19.89197,-44.88685,DEL08-MG,Risco Baixo,Média
segunda-feira,BR-381,890.3,Pleno dia,Crescente,Céu Claro,Dupla,Reta,-22.54094,-46.03763,DEL16-MG,Risco Médio,Alta
quinta-feira,BR-101,132.4,Pleno dia,Crescente,Chuva,Dupla,Reta,-26.99654,-48.65565,DEL04-SC,Risco Médio,Alta
domingo,BR-116,289.1,Plena Noite,Crescente,Céu Claro,Dupla,Reta,-23.71546,-46.87997,DEL04-SP,Risco Médio,Alta
sábado,BR-316,204.3,Pleno dia,Decrescente,Nublado,Simples,Não Informado,-6.349902,-41.80395,DEL04-PI,Risco Médio,Baixa
quarta-feira,BR-40,492.5,Pleno dia,Decrescente,Céu Claro,Dupla,Não Informado,-19.6498,-44.2003,DEL02-MG,Risco Alto,Alta
domingo,BR-414,413.0,Pleno dia,Crescente,Céu Claro,Simples,Curva,-16.1985,-48.7056,DEL02-GO,Risco Médio,Baixa
domingo,BR-101,91.0,Pleno dia,Crescente,Céu Claro,Dupla,Reta,-26.67121,-48.69012,DEL03-SC,Risco Médio,Alta
sábado,BR-262,456.8,Pleno dia,Decrescente,Nublado,Simples,Reta,-19.84401,-45.04069,DEL08-MG,Risco Médio,Média
quinta-feira,BR-282,90.7,Pleno dia,Decrescente,Nublado,Simples,Curva,-27.68784,-49.22706,DEL01-SC,Risco Médio,Baixa
domingo,BR-116,168.0,Pleno dia,Crescente,Céu Claro,Dupla,Reta,-22.81997,-43.315,DEL01-RJ,Risco Médio,Alta
sábado,BR-116,12.1,Plena Noite,Crescente,Céu Claro,Simples,Curva,-28.30338,-50.80345,DEL05-RS,Risco Baixo,Alta
segunda-feira,BR-116,5.0,Plena Noite,Decrescente,Chuva,Dupla,Reta,-25.08437,-48.60124,DEL01-PR,Risco Médio,Alta
quinta-feira,BR-262,37.0,Pleno dia,Crescente,Nublado,Simples,Interseção de vias,-20.38171,-40.61917,DEL01-ES,Risco Médio,Média
sábado,BR-277,1.3,Pleno dia,Crescente,Nublado,Dupla,Rotatória,-25.55359,-48.55339,DEL01-PR,Risco Médio,Média
sábado,BR-163,480.5,Pleno dia,Crescente,Céu Claro,Simples,Reta,-20.47835,-54.55936,DEL01-MS,Risco Médio,Alta
terça-feira,BR-230,7.0,Pleno dia,Crescente,Céu Claro,Simples,Não Informado,-3.203721,-52.20679,DEL04-PA,Risco Médio,Baixa
sexta-feira,BR-101,54.0,Plena Noite,Crescente,Céu Claro,Simples,Reta,-21.66944,-41.31122,DEL08-RJ,Risco Alto,Alta