dia_semana,br,km,fase_dia,sentido_via,condicao_metereologica,tipo_pista,tracado_via,latitude,longitude,delegacia,classificacao_acidente,postos_policiais_PRF
domingo,BR-470,317.0,Plena Noite,Crescente,Céu Claro,Simples,Curva,-27.39981,-51.19526,DEL07-SC,Risco Baixo,Baixa
segunda-feira,BR-470,49.3,Plena Noite,Crescente,Nublado,Simples,Viaduto,-26.86066,-49.06516,DEL04-SC,Risco Médio,Baixa
terça-feira,BR-277,3.0,Pleno dia,Decrescente,Sol,Simples,Reta,-25.49119,-54.58344,DEL05-PR,Risco Médio,Média
domingo,BR-116,302.0,Pleno dia,Crescente,Céu Claro,Dupla,Retorno Regulamentado,-30.1397,-51.35943,DEL02-RS,Risco Médio,Alta
quinta-feira,BR-364,318.7,Pleno dia,Decrescente,Céu Claro,Simples,Reta,-11.0813,-61.91701,DEL02-RO,Risco Médio,Alta
terça-feira,BR-406,149.0,Pleno dia,Decrescente,Céu Claro,Dupla,Interseção de vias,-5.648558,-35.44127,DEL02-RN,Risco Médio,Baixa
quinta-feira,BR-405,0.0,Pleno dia,Crescente,Sol,Dupla,Interseção de vias,-5.191218,-37.3522,DEL04-RN,Risco Médio,Baixa
domingo,BR-116,262.0,Pleno dia,Decrescente,Nublado,Múltipla,Reta,-29.89383,-51.17674,DEL01-RS,Risco Baixo,Alta
domingo,BR-364,394.0,Pleno dia,Crescente,Céu Claro,Simples,Reta,-10.64531,-62.30855,DEL03-RO,Risco Baixo,Alta
terça-feira,BR-230,19.3,Plena Noite,Decrescente,Chuva,Dupla,Reta,-7.128764,-34.84879,DEL01-PB,Risco Médio,Baixa
segunda-feira,BR-262,88.0,Plena Noite,Decrescente,Chuva,Simples,Curva,-20.33416,-42.44416,DEL03-MG,Risco Médio,Média
sexta-feira,BR-101,73.0,Plena Noite,Crescente,Céu Claro,Dupla,Reta,-7.078282,-34.98824,DEL01-PB,Risco Médio,Alta
domingo,BR-343,347.5,Pleno dia,Decrescente,Céu Claro,Múltipla,Reta,-5.081693,-42.77241,DEL01-PI,Risco Médio,Baixa
sexta-feira,BR-40,504.0,Plena Noite,Crescente,Céu Claro,Dupla,Reta,-19.72988,-44.15253,DEL02-MG,Risco Alto,Alta
sábado,BR-101,139.0,Amanhecer,Crescente,Chuva,Simples,Não Informado,-9.817574,-36.12167,DEL02-AL,Risco Baixo,Alta
segunda-feira,BR-367,23.0,Plena Noite,Decrescente,Nublado,Simples,Reta,-16.43518,-39.07201,DEL09-BA,Risco Médio,Baixa
terça-feira,BR-101,120.7,Pleno dia,Crescente,Nublado,Simples,Reta,-26.91818,-48.70975,DEL04-SC,Risco Médio,Alta
sábado,BR-476,121.8,Pleno dia,Crescente,Sol,Múltipla,Interseção de vias,-25.38339,-49.20084,DEL01-PR,Risco Médio,Baixa
domingo,BR-386,418.6,Anoitecer,Crescente,Céu Claro,Dupla,Reta,-29.81961,-51.44281,DEL04-RS,Risco Médio,Média
domingo,BR-116,146.0,Pleno dia,Decrescente,Céu Claro,Simples,Não Informado,-23.19123,-45.86328,DEL02-SP,Risco Médio,Alta
terça-feira,BR-376,459.1,Plena Noite,Decrescente,Nevoeiro/Neblina,Dupla,Não Informado,-24.94271,-50.40135,DEL03-PR,Risco Médio,Baixa
domingo,BR-230,160.2,Plena Noite,Crescente,Nublado,Simples,Reta,-7.2436,-35.9375,DEL02-PB,Risco Médio,Baixa
quinta-feira,BR-116,18.0,Pleno dia,Crescente,Céu Claro,Dupla,Desvio Temporário,-25.38917,-49.19543,DEL01-PR,Risco Médio,Alta
quarta-feira,BR-101,264.0,Pleno dia,Decrescente,Céu Claro,Dupla,Curva,-28.05748,-48.71763,DEL02-SC,Risco Médio,Alta
domingo,BR-230,215.0,Pleno dia,Decrescente,Céu Claro,Simples,Reta,-7.0577,-36.3629,DEL02-PB,Risco Médio,Baixa
domingo,BR-369,425.0,Pleno dia,Decrescente,Céu Claro,Simples,Interseção de vias,-24.4188,-52.8236,DEL09-PR,Risco Médio,Baixa
sábado,BR-70,12.5,Plena Noite,Decrescente,Céu Claro,Simples,Curva,-15.87934,-52.36196,DEL07-MT,Risco Médio,Baixa
quarta-feira,BR-415,50.0,Pleno dia,Crescente,Chuva,Simples,Reta,-14.78602,-39.28061,DEL05-BA,Risco Médio,Baixa
domingo,BR-163,1001.0,Pleno dia,Crescente,Céu Claro,Dupla,Não Informado,-2.425902,-54.73544,DEL05-PA,Risco Médio,Alta
quarta-feira,BR-369,184.9,Pleno dia,Crescente,Chuva,Simples,Interseção de vias,-23.40732,-51.4281,DEL07-PR,Risco Médio,Baixa
sábado,BR-153,438.0,Plena Noite,Decrescente,Céu Claro,Dupla,Não Informado,-16.2916,-48.93481,DEL02-GO,Risco Baixo,Alta
quinta-feira,BR-116,448.0,Pleno dia,Decrescente,Chuva,Dupla,Reta,-24.521,-47.85337,DEL05-SP,Risco Médio,Alta
sábado,BR-267,51.8,Plena Noite,Decrescente,Nublado,Simples,Reta,-21.8233,-52.59017,DEL02-MS,Risco Baixo,Baixa
sábado,BR-101,149.0,Plena Noite,Decrescente,Chuva,Dupla,Reta,-27.10896,-48.61278,DEL04-SC,Risco Médio,Alta
domingo,BR-116,271.0,Plena Noite,Crescente,Chuva,Dupla,Reta,-23.6106,-46.77314,DEL04-SP,Risco Médio,Alta
quinta-feira,BR-376,159.6,Pleno dia,Decrescente,Garoa/Chuvisco,Dupla,Curva,-23.36498,-52.07632,DEL09-PR,Risco Médio,Baixa
quarta-feira,BR-116,170.0,Plena Noite,Decrescente,Céu Claro,Simples,Não Informado,-27.19496,-50.46343,DEL05-SC,Risco Médio,Alta
segunda-feira,BR-242,401.0,Plena Noite,Decrescente,Vento,Simples,Reta,-12.41906,-41.77062,DEL06-BA,Risco Médio,Baixa
segunda-feira,BR-101,488.9,Pleno dia,Crescente,Céu Claro,Simples,Reta,-22.96021,-44.29613,DEL03-RJ,Risco Médio,Alta
quinta-feira,BR-101,42.8,Plena Noite,Decrescente,Céu Claro,Dupla,Não Informado,-6.856615,-35.13444,DEL01-PB,Risco Médio,Alta
sábado,BR-40,751.9,Plena Noite,Decrescente,Chuva,Simples,Curva,-21.46538,-43.56168,DEL05-MG,Risco Médio,Alta
terça-feira,BR-280,81.0,Pleno dia,Crescente,Céu Claro,Simples,Rotatória,-26.44057,-49.21706,DEL06-SC,Risco Médio,Baixa
sábado,BR-316,247.0,Pleno dia,Decrescente,Nublado,Simples,Não Informado,-9.533141,-35.9903,DEL01-AL,Risco Médio,Baixa
domingo,BR-116,101.3,Pleno dia,Decrescente,Nublado,Dupla,Interseção de vias,-25.56814,-49.17308,DEL01-PR,Risco Alto,Alta
sábado,BR-101,101.0,Pleno dia,Crescente,Céu Claro,Simples,Não Informado,-18.98834,-39.99933,DEL04-ES,Risco Alto,Alta
sexta-feira,BR-116,210.0,Pleno dia,Crescente,Chuva,Simples,Reta,-25.06336,-48.5652,DEL06-SC,Risco Baixo,Alta
quarta-feira,BR-40,610.1,Pleno dia,Crescente,Céu Claro,Simples,Reta,-20.47234,-43.84343,DEL05-MG,Risco Médio,Alta
sexta-feira,BR-60,372.0,Plena Noite,Decrescente,Nublado,Dupla,Reta,-17.7027,-50.8465,DEL04-GO,Risco Baixo,Média
sexta-feira,BR-376,178.3,Pleno dia,Decrescente,Céu Claro,Múltipla,Reta,-23.41829,-51.91608,DEL07-PR,Risco Médio,Baixa
terça-feira,BR-116,182.0,Plena Noite,Decrescente,Céu Claro,Dupla,Reta,-22.75678,-43.43107,DEL01-RJ,Risco Médio,Alta
sábado,BR-116,297.0,Amanhecer,Crescente,Céu Claro,Dupla,Reta,-30.09753,-51.34303,DEL02-RS,Risco Baixo,Alta
quinta-feira,BR-282,63.7,Pleno dia,Decrescente,Céu Claro,Simples,Reta,-27.69654,-49.0502,DEL01-SC,Risco Médio,Baixa
segunda-feira,BR-116,125.0,Amanhecer,Decrescente,Céu Claro,Dupla,Reta,-25.59505,-49.31631,DEL01-PR,Risco Médio,Alta
sábado,BR-487,112.0,Anoitecer,Crescente,Céu Claro,Simples,Reta,-23.25554,-53.93678,DEL09-MS,Risco Baixo,Baixa
domingo,BR-476,115.5,Anoitecer,Decrescente,Céu Claro,Dupla,Interseção de vias,-25.3442,-49.15968,DEL01-PR,Risco Médio,Baixa
sexta-feira,BR-101,75.1,Pleno dia,Decrescente,Nublado,Dupla,Reta,-8.109735,-34.9466,DEL01-PE,Risco Médio,Alta
quarta-feira,BR-153,136.1,Pleno dia,Crescente,Nublado,Simples,Não Informado,-24.04806,-50.24743,DEL07-PR,Risco Baixo,Alta
segunda-feira,BR-135,68.0,Plena Noite,Decrescente,Céu Claro,Simples,Reta,-3.123844,-44.32413,DEL01-MA,Risco Baixo,Baixa
sexta-feira,BR-290,107.0,Pleno dia,Crescente,Céu Claro,Simples,Reta,-30.00185,-51.30426,DEL02-RS,Risco Médio,Baixa
domingo,BR-116,229.0,Anoitecer,Decrescente,Chuva,Dupla,Curva,-22.66974,-43.84374,DEL07-RJ,Risco Baixo,Alta
sábado,BR-153,439.0,Plena Noite,Crescente,Garoa/Chuvisco,Dupla,Reta,-16.29853,-48.92821,DEL02-GO,Risco Baixo,Alta
sexta-feira,BR-101,497.0,Pleno dia,Decrescente,Céu Claro,Simples,Reta,-23.00012,-44.23782,DEL03-RJ,Risco Médio,Alta
quarta-feira,BR-116,481.1,Plena Noite,Crescente,Nublado,Simples,Curva,-7.302903,-38.91153,DEL05-CE,Risco Baixo,Alta
domingo,BR-153,245.0,Pleno dia,Crescente,Céu Claro,Simples,Reta,-20.29847,-49.20615,DEL13-MG,Risco Baixo,Alta
quarta-feira,BR-163,985.0,Pleno dia,Decrescente,Chuva,Simples,Reta,-2.601709,-54.71932,DEL05-PA,Risco Médio,Alta
domingo,BR-386,412.0,Plena Noite,Decrescente,Céu Claro,Dupla,Reta,-29.80729,-51.49972,DEL04-RS,Risco Médio,Média
sábado,BR-369,160.1,Plena Noite,Crescente,Céu Claro,Dupla,Curva,-23.28159,-51.25501,DEL07-PR,Risco Alto,Baixa
segunda-feira,BR-116,288.0,Pleno dia,Decrescente,Garoa/Chuvisco,Dupla,Reta,-23.71925,-46.88314,DEL04-SP,Risco Médio,Alta
terça-feira,BR-110,14.0,Plena Noite,Decrescente,Céu Claro,Simples,Reta,-9.406542,-38.21503,DEL07-BA,Risco Médio,Baixa
quarta-feira,BR-376,522.0,Pleno dia,Crescente,Céu Claro,Dupla,Reta,-25.27047,-49.94488,DEL03-PR,Risco Médio,Baixa
domingo,BR-116,303.0,Plena Noite,Decrescente,Nublado,Dupla,Reta,-23.82761,-46.92631,DEL04-SP,Risco Médio,Alta
segunda-feira,BR-116,246.0,Pleno dia,Decrescente,Nublado,Dupla,Reta,-29.74376,-51.1525,DEL01-RS,Risco Médio,Alta
quinta-feira,BR-116,34.7,Plena Noite,Decrescente,Céu Claro,Dupla,Curva,-22.65447,-44.9594,DEL08-SP,Risco Médio,Alta
segunda-feira,BR-60,162.5,Pleno dia,Crescente,Céu Claro,Simples,Reta,-16.69743,-49.32915,DEL01-GO,Risco Médio,Média
quinta-feira,BR-153,67.9,Amanhecer,Decrescente,Céu Claro,Simples,Reta,-13.40635,-49.13142,DEL07-GO,Risco Alto,Alta
sexta-feira,BR-50,33.0,Pleno dia,Decrescente,Céu Claro,Dupla,Reta,-18.64031,-48.12396,DEL15-MG,Risco Médio,Média
quinta-feira,BR-153,311.3,Plena Noite,Crescente,Céu Claro,Simples,Reta,-22.67744,-49.88958,DEL07-SP,Risco Baixo,Alta
sábado,BR-101,100.0,Plena Noite,Decrescente,Chuva,Dupla,Curva,-26.75208,-48.69164,DEL03-SC,Risco Médio,Alta
quarta-feira,BR-373,265.7,Pleno dia,Crescente,Céu Claro,Simples,Reta,-25.20205,-50.98116,DEL03-PR,Risco Médio,Baixa
segunda-feira,BR-101,438.5,Pleno dia,Crescente,Céu Claro,Múltipla,Reta,-29.1239,-49.6571,DEL02-SC,Risco Baixo,Alta
terça-feira,BR-392,140.3,Pleno dia,Decrescente,Sol,Simples,Não Informado,-31.24787,-52.79711,DEL07-RS,Risco Médio,Média
segunda-feira,BR-230,16.9,Pleno dia,Decrescente,Céu Claro,Dupla,Reta,-7.1039,-34.8458,DEL01-PB,Risco Baixo,Baixa
segunda-feira,BR-465,14.0,Plena Noite,Crescente,Céu Claro,Simples,Reta,-22.80498,-43.63883,DEL01-RJ,Risco Médio,Baixa
sexta-feira,BR-319,58.0,Pleno dia,Crescente,Céu Claro,Dupla,Reta,-8.743406,-63.91307,DEL01-RO,Risco Médio,Baixa
quarta-feira,BR-40,466.0,Pleno dia,Decrescente,Nublado,Dupla,Reta,-19.44436,-44.32385,DEL02-MG,Risco Médio,Alta
quinta-feira,BR-60,434.5,Pleno dia,Decrescente,Céu Claro,Simples,Curva,-20.98953,-54.9938,DEL01-MS,Risco Alto,Média
segunda-feira,BR-222,231.3,Plena Noite,Crescente,Céu Claro,Simples,Reta,-3.707035,-40.40879,DEL04-CE,Risco Alto,Baixa
domingo,BR-116,401.0,Pleno dia,Decrescente,Céu Claro,Simples,Reta,-18.77398,-41.98645,DEL06-MG,Risco Médio,Alta
terça-feira,BR-381,487.9,Pleno dia,Decrescente,Céu Claro,Múltipla,Reta,-19.95587,-44.1461,DEL01-MG,Risco Médio,Alta
domingo,BR-101,375.0,Plena Noite,Crescente,Céu Claro,Simples,Reta,-20.78856,-40.79561,DEL03-ES,Risco Médio,Alta
domingo,BR-153,54.7,Pleno dia,Decrescente,Chuva,Simples,Não Informado,-20.75168,-49.34199,DEL09-SP,Risco Baixo,Alta
terça-feira,BR-316,321.0,Plena Noite,Decrescente,Céu Claro,Dupla,Reta,-7.094144,-41.38012,DEL04-PI,Risco Médio,Baixa
sábado,BR-101,103.0,Pleno dia,Crescente,Chuva,Dupla,Reta,-10.95276,-37.21921,DEL02-SE,Risco Baixo,Alta
domingo,BR-101,934.0,Pleno dia,Crescente,Chuva,Simples,Reta,-18.1684,-39.91874,DEL09-BA,Risco Médio,Alta
terça-feira,BR-316,605.0,Plena Noite,Crescente,Chuva,Simples,Reta,-5.0423,-42.9249,DEL03-MA,Risco Alto,Baixa
terça-feira,BR-153,506.3,Anoitecer,Decrescente,Céu Claro,Múltipla,Não Informado,-16.7633,-49.24,DEL01-GO,Risco Médio,Alta
quarta-feira,BR-277,51.0,Pleno dia,Decrescente,Nublado,Dupla,Curva,-25.58565,-48.9566,DEL01-PR,Risco Baixo,Média
quinta-feira,BR-476,312.8,Pleno dia,Decrescente,Sol,Simples,Curva,-26.02461,-50.67159,DEL02-PR,Risco Médio,Baixa
quinta-feira,BR-316,86.1,Plena Noite,Crescente,Céu Claro,Simples,Não Informado,-9.37425,-37.23237,DEL03-AL,Risco Médio,Baixa
domingo,BR-476,276.0,Plena Noite,Decrescente,Nublado,Dupla,Reta,-25.87541,-50.38424,DEL02-PR,Risco Baixo,Baixa
segunda-feira,BR-232,544.0,Pleno dia,Crescente,Céu Claro,Simples,Reta,-8.086423,-39.4404,DEL05-PE,Risco Médio,Baixa
domingo,BR-373,173.0,Plena Noite,Crescente,Céu Claro,Dupla,Reta,-25.08057,-50.20176,DEL03-PR,Risco Médio,Baixa
segunda-feira,BR-153,6.1,Amanhecer,Crescente,Céu Claro,Simples,Reta,-20.35675,-49.21684,DEL09-SP,Risco Alto,Alta
terça-feira,BR-356,278.3,Pleno dia,Crescente,Sol,Simples,Reta,-21.12647,-42.26317,DEL07-MG,Risco Baixo,Baixa
domingo,BR-101,108.2,Plena Noite,Decrescente,Granizo,Dupla,Não Informado,-5.928106,-35.26465,DEL01-RN,Risco Alto,Alta
sexta-feira,BR-282,397.0,Pleno dia,Crescente,Céu Claro,Simples,Não Informado,-27.14939,-51.60756,DEL07-SC,Risco Médio,Baixa
quinta-feira,BR-60,149.5,Pleno dia,Crescente,Nublado,Simples,Reta,-19.40411,-53.65517,DEL06-MS,Risco Médio,Média
domingo,BR-290,366.3,Pleno dia,Crescente,Nublado,Simples,Reta,-30.3542,-53.8246,DEL09-RS,Risco Alto,Baixa
quarta-feira,BR-393,155.3,Pleno dia,Decrescente,Céu Claro,Simples,Rotatória,-22.10651,-43.07745,DEL06-RJ,Risco Baixo,Média
sexta-feira,BR-158,114.0,Pleno dia,Crescente,Céu Claro,Múltipla,Reta,-19.82293,-51.11442,DEL08-MS,Risco Baixo,Baixa
sábado,BR-232,100.8,Plena Noite,Crescente,Céu Claro,Simples,Interseção de vias,-8.237912,-35.74298,DEL01-PE,Risco Baixo,Baixa
terça-feira,BR-381,508.3,Pleno dia,Crescente,Sol,Dupla,Curva,-20.0494,-44.2767,DEL01-MG,Risco Médio,Alta
segunda-feira,BR-381,484.7,Pleno dia,Decrescente,Nublado,Múltipla,Não Informado,-19.96012,-44.08916,DEL01-MG,Risco Médio,Alta
domingo,BR-373,258.4,Pleno dia,Decrescente,Nublado,Simples,Não Informado,-25.18754,-50.89614,DEL03-PR,Risco Médio,Baixa
terça-feira,BR-101,172.0,Plena Noite,Decrescente,Céu Claro,Dupla,Reta,-9.910009,-36.33453,DEL02-AL,Risco Baixo,Alta
domingo,BR-262,469.9,Plena Noite,Crescente,Céu Claro,Simples,Curva,-20.51367,-55.61603,DEL03-MS,Risco Médio,Média
quinta-feira,BR-40,544.9,Pleno dia,Decrescente,Céu Claro,Simples,Não Informado,-20.00765,-43.96418,DEL01-MG,Risco Médio,Alta
sexta-feira,BR-373,192.5,Pleno dia,Crescente,Ignorado,Simples,Curva,-25.07947,-50.37927,DEL03-PR,Risco Baixo,Baixa
sábado,BR-60,2.0,Pleno dia,Crescente,Céu Claro,Dupla,Reta,-15.8889,-48.08148,DEL01-DF,Risco Médio,Média
segunda-feira,BR-386,305.0,Pleno dia,Decrescente,Nublado,Simples,Não Informado,-29.19018,-52.18752,DEL04-RS,Risco Baixo,Média
sábado,BR-282,22.3,Plena Noite,Crescente,Céu Claro,Simples,Reta,-27.68851,-48.72739,DEL01-SC,Risco Médio,Baixa
segunda-feira,BR-116,127.9,Pleno dia,Decrescente,Chuva,Dupla,Reta,-23.10991,-45.70246,DEL02-SP,Risco Médio,Alta
sábado,BR-101,473.9,Plena Noite,Crescente,Nublado,Simples,Reta,-22.98961,-44.24169,DEL03-RJ,Risco Médio,Alta
terça-feira,BR-381,623.7,Plena Noite,Decrescente,Nublado,Dupla,Não Informado,-20.78494,-44.78547,DEL04-MG,Risco Médio,Alta
sexta-feira,BR-40,789.0,Plena Noite,Decrescente,Chuva,Dupla,Reta,-21.7755,-43.4327,DEL05-MG,Risco Baixo,Alta
quinta-feira,BR-376,646.0,Plena Noite,Decrescente,Nevoeiro/Neblina,Dupla,Reta,-25.8298,-49.1168,DEL01-PR,Risco Baixo,Baixa
quarta-feira,BR-386,348.0,Pleno dia,Crescente,Céu Claro,Dupla,Reta,-29.45664,-51.95733,DEL04-RS,Risco Baixo,Média
segunda-feira,BR-174,504.9,Plena Noite,Decrescente,Céu Claro,Dupla,Reta,2.80527,-60.69146,DEL01-RR,Risco Baixo,Baixa
sexta-feira,BR-163,1002.0,Pleno dia,Crescente,Garoa/Chuvisco,Simples,Reta,-2.45567,-54.72855,DEL05-PA,Risco Alto,Alta
sexta-feira,BR-277,68.5,Pleno dia,Crescente,Nublado,Dupla,Reta,-25.54112,-49.06183,DEL01-PR,Risco Baixo,Média
domingo,BR-153,652.4,Pleno dia,Decrescente,Céu Claro,Simples,Não Informado,-11.60063,-49.03336,DEL02-TO,Risco Baixo,Alta
quarta-feira,BR-356,265.3,Pleno dia,Crescente,Céu Claro,Simples,Reta,-21.12678,-42.37093,DEL07-MG,Risco Médio,Baixa
domingo,BR-163,569.4,Pleno dia,Decrescente,Chuva,Simples,Curva,-19.73241,-54.3517,DEL01-MS,Risco Baixo,Alta
terça-feira,BR-101,233.6,Pleno dia,Crescente,Céu Claro,Dupla,Desvio Temporário,-27.80376,-48.63826,DEL01-SC,Risco Médio,Alta
domingo,BR-280,57.9,Plena Noite,Decrescente,Garoa/Chuvisco,Simples,Rotatória,-26.47418,-49.02029,DEL03-SC,Risco Baixo,Baixa
domingo,BR-376,616.0,Plena Noite,Decrescente,Céu Claro,Dupla,Não Informado,-25.5307,-49.1958,DEL01-PR,Risco Médio,Baixa
sábado,BR-40,82.0,Anoitecer,Crescente,Chuva,Simples,Rotatória,-22.51183,-43.23076,DEL06-RJ,Risco Médio,Alta
quinta-feira,BR-116,828.0,Pleno dia,Decrescente,Céu Claro,Simples,Não Informado,-14.82955,-40.83059,DEL08-BA,Risco Médio,Alta
quarta-feira,BR-262,755.0,Pleno dia,Decrescente,Céu Claro,Simples,Rotatória,-19.64323,-47.51106,DEL13-MG,Risco Médio,Média
sexta-feira,BR-262,29.2,Pleno dia,Decrescente,Chuva,Simples,Curva,-20.37403,-40.55932,DEL01-ES,Risco Médio,Média
sexta-feira,BR-50,119.0,Pleno dia,Decrescente,Céu Claro,Dupla,Reta,-19.29969,-48.11377,DEL13-MG,Risco Médio,Média
quarta-feira,BR-60,221.6,Pleno dia,Crescente,Chuva,Dupla,Não Informado,-16.9867,-49.7549,DEL01-GO,Risco Baixo,Média
sábado,BR-20,425.0,Pleno dia,Decrescente,Céu Claro,Dupla,Não Informado,-3.8622,-38.5296,DEL01-CE,Risco Alto,Baixa
quarta-feira,BR-60,118.0,Plena Noite,Crescente,Céu Claro,Dupla,Interseção de vias,-16.4848,-49.0935,DEL01-GO,Risco Médio,Média
sábado,BR-381,248.2,Amanhecer,Decrescente,Céu Claro,Simples,Curva,-19.47089,-42.53936,DEL06-MG,Risco Médio,Alta
quinta-feira,BR-230,121.0,Pleno dia,Crescente,Céu Claro,Dupla,Reta,-5.363028,-49.12429,DEL03-PA,Risco Baixo,Baixa
quarta-feira,BR-101,20.3,Pleno dia,Crescente,Céu Claro,Dupla,Reta,-7.660427,-34.9378,DEL01-PE,Risco Médio,Alta
segunda-feira,BR-116,216.0,Pleno dia,Decrescente,Céu Claro,Múltipla,Reta,-23.45276,-46.46777,DEL01-SP,Risco Baixo,Alta
quinta-feira,BR-101,231.0,Plena Noite,Crescente,Céu Claro,Dupla,Não Informado,-27.7867,-48.63564,DEL01-SC,Risco Médio,Alta
sexta-feira,BR-101,190.0,Plena Noite,Decrescente,Céu Claro,Dupla,Reta,-22.46341,-42.06588,DEL08-RJ,Risco Médio,Alta
segunda-feira,BR-101,454.9,Pleno dia,Decrescente,Sol,Simples,Curva,-21.19982,-41.3006,DEL03-ES,Risco Baixo,Alta
segunda-feira,BR-282,593.0,Plena Noite,Decrescente,Nublado,Simples,Curva,-26.8262,-53.10162,DEL07-SC,Risco Baixo,Baixa
quinta-feira,BR-280,150.0,Amanhecer,Decrescente,Céu Claro,Simples,Reta,-26.23707,-49.68352,DEL06-SC,Risco Baixo,Baixa
domingo,BR-116,125.9,Pleno dia,Crescente,Nevoeiro/Neblina,Dupla,Interseção de vias,-25.637,-49.31318,DEL01-PR,Risco Médio,Alta
segunda-feira,BR-101,382.2,Pleno dia,Crescente,Céu Claro,Simples,Reta,-20.8357,-40.86626,DEL03-ES,Risco Baixo,Alta
quarta-feira,BR-153,238.0,Pleno dia,Crescente,Nublado,Simples,Reta,-7.976542,-48.46416,DEL02-TO,Risco Médio,Alta
domingo,BR-365,402.4,Pleno dia,Crescente,Céu Claro,Simples,Curva,-18.63295,-46.44968,DEL10-MG,Risco Baixo,Média
quarta-feira,BR-163,1002.0,Pleno dia,Decrescente,Céu Claro,Simples,Reta,-2.450502,-54.7298,DEL05-PA,Risco Médio,Alta
domingo,BR-104,35.0,Pleno dia,Crescente,Nublado,Simples,Reta,-9.161668,-36.01701,DEL01-AL,Risco Médio,Baixa
sábado,BR-343,457.4,Pleno dia,Crescente,Chuva,Simples,Curva,-5.96172,-42.72876,DEL01-PI,Risco Médio,Baixa
quarta-feira,BR-343,290.1,Plena Noite,Crescente,Nublado,Simples,Curva,-4.950524,-42.34484,DEL01-PI,Risco Médio,Baixa
terça-feira,BR-262,120.9,Plena Noite,Crescente,Nublado,Simples,Curva,-20.3004,-41.23049,DEL01-ES,Risco Alto,Média
terça-feira,BR-365,622.0,Pleno dia,Decrescente,Sol,Dupla,Reta,-18.90381,-48.28193,DEL15-MG,Risco Médio,Média
sexta-feira,BR-101,58.2,Pleno dia,Decrescente,Céu Claro,Múltipla,Reta,-6.98565,-35.07335,DEL01-PB,Risco Médio,Alta
sábado,BR-60,86.3,Pleno dia,Decrescente,Sol,Dupla,Reta,-16.32419,-48.87799,DEL02-GO,Risco Médio,Média
sábado,BR-116,584.6,Pleno dia,Crescente,Céu Claro,Simples,Reta,-20.22302,-42.17881,DEL06-MG,Risco Médio,Alta
quinta-feira,BR-376,595.0,Pleno dia,Decrescente,Sol,Dupla,Interseção de vias,-25.49318,-49.34371,DEL01-PR,Risco Baixo,Baixa
segunda-feira,BR-116,219.0,Pleno dia,Decrescente,Nublado,Simples,Reta,-23.4629,-46.4928,DEL01-SP,Risco Médio,Alta
domingo,BR-40,443.0,Plena Noite,Decrescente,Céu Claro,Dupla,Não Informado,-19.2891,-44.3999,DEL02-MG,Risco Baixo,Alta
sexta-feira,BR-381,485.2,Pleno dia,Crescente,Céu Claro,Múltipla,Reta,-19.95659,-44.12623,DEL01-MG,Risco Médio,Alta
terça-feira,BR-230,17.0,Pleno dia,Crescente,Sol,Dupla,Retorno Regulamentado,-7.1121,-34.8426,DEL01-PB,Risco Médio,Baixa
quinta-feira,BR-364,137.0,Pleno dia,Decrescente,Nublado,Simples,Reta,-9.969273,-67.85303,DEL01-AC,Risco Baixo,Alta
quinta-feira,BR-222,3.8,Anoitecer,Crescente,Nublado,Dupla,Interseção de vias,-3.74118,-38.603,DEL01-CE,Risco Médio,Baixa
domingo,BR-158,344.4,Pleno dia,Decrescente,Sol,Simples,Curva,-29.74332,-53.95134,DEL09-RS,Risco Médio,Baixa
sábado,BR-316,22.0,Plena Noite,Crescente,Céu Claro,Simples,Túnel,-5.275528,-42.72608,DEL01-PI,Risco Médio,Baixa
sábado,BR-282,171.9,Pleno dia,Decrescente,Nublado,Simples,Não Informado,-27.7442,-49.85305,DEL05-SC,Risco Médio,Baixa
sexta-feira,BR-277,653.0,Pleno dia,Decrescente,Céu Claro,Simples,Reta,-25.21333,-53.95145,DEL05-PR,Risco Médio,Média
quarta-feira,BR-116,216.7,Anoitecer,Crescente,Nublado,Múltipla,Reta,-23.45396,-46.47195,DEL01-SP,Risco Baixo,Alta
segunda-feira,BR-381,939.6,Plena Noite,Decrescente,Nublado,Dupla,Curva,-22.82187,-46.30048,DEL16-MG,Risco Médio,Alta
segunda-feira,BR-230,51.0,Pleno dia,Decrescente,Chuva,Dupla,Reta,-7.1897,-35.0615,DEL01-PB,Risco Médio,Baixa
quarta-feira,BR-116,61.0,Pleno dia,Crescente,Céu Claro,Simples,Curva,-22.26362,-42.92409,DEL04-RJ,Risco Médio,Alta
quarta-feira,BR-116,209.0,Anoitecer,Decrescente,Nublado,Simples,Reta,-10.49418,-39.01454,DEL07-BA,Risco Médio,Alta
terça-feira,BR-116,133.0,Plena Noite,Decrescente,Garoa/Chuvisco,Múltipla,Reta,-22.6472,-43.1846,DEL04-RJ,Risco Baixo,Alta
quinta-feira,BR-101,50.9,Pleno dia,Decrescente,Sol,Múltipla,Reta,-7.916997,-34.89689,DEL01-PE,Risco Baixo,Alta
domingo,BR-369,144.0,Plena Noite,Decrescente,Céu Claro,Dupla,Reta,-23.29352,-51.09938,DEL07-PR,Risco Baixo,Baixa
quarta-feira,BR-101,178.0,Plena Noite,Decrescente,Nublado,Dupla,Reta,-27.3648,-48.6339,DEL01-SC,Risco Médio,Alta