dia_semana,br,km,fase_dia,sentido_via,condicao_metereologica,tipo_pista,tracado_via,latitude,longitude,delegacia,classificacao_acidente,postos_policiais_PRF
sexta-feira,BR-116,283.3,Plena Noite,Decrescente,Nublado,Dupla,Reta,-23.69297,-46.86353,DEL04-SP,Risco Baixo,Alta
terça-feira,BR-101,359.0,Pleno dia,Crescente,Sol,Múltipla,Reta,-28.65836,-49.11009,DEL02-SC,Risco Médio,Alta
terça-feira,BR-101,429.3,Pleno dia,Crescente,Chuva,Simples,Curva,-22.93727,-44.00994,DEL03-RJ,Risco Médio,Alta
segunda-feira,BR-418,75.0,Pleno dia,Decrescente,Chuva,Simples,Reta,-17.72293,-39.52867,DEL09-BA,Risco Médio,Baixa
sábado,BR-232,182.0,Amanhecer,Decrescente,Céu Claro,Simples,Reta,-8.348047,-36.44665,DEL02-PE,Risco Médio,Baixa
sábado,BR-465,3.0,Plena Noite,Decrescente,Céu Claro,Dupla,Reta,-22.73186,-43.71986,DEL01-RJ,Risco Médio,Baixa
segunda-feira,BR-116,83.0,Plena Noite,Crescente,Céu Claro,Simples,Reta,-22.35132,-42.94106,DEL04-RJ,Risco Médio,Alta
terça-feira,BR-410,27.0,Pleno dia,Crescente,Nublado,Simples,Desvio Temporário,-10.96446,-38.75454,DEL07-BA,Risco Médio,Baixa
quinta-feira,BR-369,170.0,Plena Noite,Decrescente,Céu Claro,Dupla,Reta,-23.29538,-51.30974,DEL07-PR,Risco Médio,Baixa
terça-feira,BR-116,134.2,Pleno dia,Decrescente,Céu Claro,Dupla,Reta,-23.14022,-45.76173,DEL02-SP,Risco Médio,Alta
domingo,BR-60,118.0,Pleno dia,Decrescente,Sol,Dupla,Retorno Regulamentado,-16.4848,-49.0935,DEL01-GO,Risco Médio,Média
domingo,BR-101,45.6,Pleno dia,Decrescente,Chuva,Simples,Reta,-21.58933,-41.3169,DEL08-RJ,Risco Alto,Alta
sábado,BR-158,198.8,Plena Noite,Crescente,Céu Claro,Dupla,Interseção de vias,-28.67744,-53.59486,DEL10-RS,Risco Médio,Baixa
segunda-feira,BR-153,16.3,Pleno dia,Decrescente,Céu Claro,Dupla,Reta,-18.5687,-49.1937,DEL15-MG,Risco Médio,Alta
quarta-feira,BR-116,229.0,Pleno dia,Crescente,Sol,Simples,Não Informado,-29.61867,-51.12186,DEL01-RS,Risco Médio,Alta
domingo,BR-277,726.0,Amanhecer,Decrescente,Céu Claro,Dupla,Reta,-25.51086,-54.55904,DEL05-PR,Risco Baixo,Média
sexta-feira,BR-153,485.4,Pleno dia,Crescente,Céu Claro,Simples,Reta,-26.39203,-51.27887,DEL02-PR,Risco Médio,Alta
sexta-feira,BR-116,196.9,Plena Noite,Crescente,Nublado,Dupla,Reta,-23.39609,-46.29079,DEL01-SP,Risco Médio,Alta
terça-feira,BR-381,443.8,Pleno dia,Crescente,Chuva,Simples,Curva,-19.80952,-43.79075,DEL01-MG,Risco Alto,Alta
sexta-feira,BR-101,211.2,Pleno dia,Decrescente,Céu Claro,Dupla,Reta,-27.62462,-48.65372,DEL01-SC,Risco Médio,Alta
segunda-feira,BR-364,715.0,Pleno dia,Crescente,Sol,Dupla,Interseção de vias,-8.784548,-63.89703,DEL01-RO,Risco Baixo,Alta
segunda-feira,BR-101,138.0,Pleno dia,Crescente,Garoa/Chuvisco,Dupla,Curva,-27.02397,-48.60762,DEL04-SC,Risco Médio,Alta
quinta-feira,BR-116,114.9,Plena Noite,Crescente,Céu Claro,Simples,Curva,-28.96397,-51.07534,DEL05-RS,Risco Médio,Alta
terça-feira,BR-459,5.7,Plena Noite,Crescente,Nublado,Simples,Curva,-22.57625,-45.20222,DEL08-SP,Risco Baixo,Baixa
domingo,BR-101,84.0,Plena Noite,Decrescente,Nublado,Dupla,Reta,-26.6321,-48.703,DEL03-SC,Risco Médio,Alta
quinta-feira,BR-116,285.0,Pleno dia,Decrescente,Céu Claro,Simples,Não Informado,-11.04772,-38.83804,DEL02-BA,Risco Médio,Alta
sábado,BR-20,20.0,Pleno dia,Decrescente,Chuva,Dupla,Reta,-15.60791,-47.69279,DEL02-DF,Risco Médio,Baixa
quarta-feira,BR-242,570.0,Plena Noite,Crescente,Céu Claro,Simples,Curva,-12.03932,-42.97836,DEL10-BA,Risco Baixo,Baixa
quinta-feira,BR-163,1030.0,Plena Noite,Decrescente,Céu Claro,Simples,Interseção de vias,-10.24434,-54.98867,DEL06-MT,Risco Médio,Alta
sábado,BR-210,1.0,Pleno dia,Decrescente,Céu Claro,Múltipla,Interseção de vias,0.07816717,-51.06999,DEL01-AP,Risco Baixo,Baixa
domingo,BR-381,12.0,Plena Noite,Crescente,Céu Claro,Dupla,Reta,-22.92855,-46.46168,DEL03-SP,Risco Médio,Alta
sexta-feira,BR-101,322.0,Pleno dia,Decrescente,Nublado,Múltipla,Reta,-22.87892,-43.11068,DEL02-RJ,Risco Baixo,Alta
quinta-feira,BR-470,55.0,Pleno dia,Decrescente,Céu Claro,Simples,Reta,-26.8756,-49.11799,DEL04-SC,Risco Médio,Baixa
quarta-feira,BR-116,246.0,Plena Noite,Crescente,Chuva,Simples,Reta,-27.8042,-50.36509,DEL05-SC,Risco Médio,Alta
sexta-feira,BR-277,128.0,Pleno dia,Decrescente,Nublado,Dupla,Reta,-25.46858,-49.62921,DEL01-PR,Risco Médio,Média
quinta-feira,BR-277,597.7,Amanhecer,Crescente,Céu Claro,Simples,Curva,-24.99891,-53.51929,DEL04-PR,Risco Baixo,Média
sexta-feira,BR-467,100.0,Amanhecer,Decrescente,Nevoeiro/Neblina,Dupla,Curva,-24.8947,-53.5355,DEL04-PR,Risco Médio,Baixa
sábado,BR-101,298.0,Plena Noite,Decrescente,Garoa/Chuvisco,Dupla,Reta,-22.7714,-42.92896,DEL02-RJ,Risco Médio,Alta
sábado,BR-163,663.0,Pleno dia,Decrescente,Céu Claro,Simples,Reta,-13.37562,-56.08096,DEL06-MT,Risco Baixo,Alta
segunda-feira,BR-101,141.8,Plena Noite,Decrescente,Céu Claro,Simples,Reta,-19.32656,-40.07192,DEL04-ES,Risco Médio,Alta
sábado,BR-282,627.7,Pleno dia,Decrescente,Céu Claro,Simples,Reta,-26.81132,-53.36232,DEL07-SC,Risco Médio,Baixa
quarta-feira,BR-101,270.8,Plena Noite,Decrescente,Chuva,Dupla,Reta,-28.13042,-48.69283,DEL02-SC,Risco Baixo,Alta
segunda-feira,BR-376,190.0,Plena Noite,Crescente,Céu Claro,Dupla,Curva,-23.4756,-51.81168,DEL09-PR,Risco Médio,Baixa
sexta-feira,BR-376,177.2,Pleno dia,Decrescente,Garoa/Chuvisco,Dupla,Não Informado,-23.41351,-51.92924,DEL07-PR,Risco Médio,Baixa
terça-feira,BR-116,550.0,Plena Noite,Decrescente,Chuva,Simples,Curva,-24.9575,-48.46441,DEL05-SP,Risco Baixo,Alta
terça-feira,BR-386,97.7,Plena Noite,Crescente,Céu Claro,Simples,Reta,-27.74608,-53.1462,DEL08-RS,Risco Médio,Média
quinta-feira,BR-116,176.0,Pleno dia,Crescente,Céu Claro,Dupla,Reta,-22.78395,-43.38195,DEL01-RJ,Risco Médio,Alta
quinta-feira,BR-232,149.0,Pleno dia,Crescente,Céu Claro,Simples,Reta,-8.3338,-36.16768,DEL02-PE,Risco Baixo,Baixa
quinta-feira,BR-104,85.8,Plena Noite,Decrescente,Chuva,Dupla,Reta,-9.458496,-35.82849,DEL01-AL,Risco Alto,Baixa
quinta-feira,BR-359,212.0,Pleno dia,Crescente,Céu Claro,Simples,Reta,-18.47619,-54.58054,DEL06-MS,Risco Médio,Baixa
sábado,BR-40,71.3,Plena Noite,Crescente,Garoa/Chuvisco,Dupla,Reta,-16.61011,-47.76334,DEL01-DF,Risco Médio,Alta
sexta-feira,BR-116,211.6,Amanhecer,Decrescente,Céu Claro,Múltipla,Reta,-23.43491,-46.42526,DEL01-SP,Risco Baixo,Alta
quarta-feira,BR-101,212.0,Pleno dia,Crescente,Nublado,Múltipla,Reta,-27.6372,-48.6651,DEL01-SC,Risco Médio,Alta
quarta-feira,BR-259,19.0,Plena Noite,Crescente,Céu Claro,Simples,Não Informado,-19.65748,-40.4588,DEL02-ES,Risco Médio,Baixa
segunda-feira,BR-40,484.0,Plena Noite,Decrescente,Céu Claro,Dupla,Curva,-19.5858,-44.2279,DEL02-MG,Risco Baixo,Alta
sexta-feira,BR-293,2.2,Plena Noite,Decrescente,Nublado,Simples,Rotatória,-31.74116,-52.36431,DEL07-RS,Risco Médio,Baixa
segunda-feira,BR-163,918.0,Amanhecer,Crescente,Céu Claro,Simples,Reta,-11.27745,-55.31541,DEL06-MT,Risco Baixo,Alta
quinta-feira,BR-472,569.0,Plena Noite,Decrescente,Céu Claro,Simples,Reta,-29.76724,-57.01505,DEL13-RS,Risco Baixo,Baixa
quinta-feira,BR-381,532.0,Pleno dia,Crescente,Garoa/Chuvisco,Dupla,Curva,-20.1709,-44.3729,DEL04-MG,Risco Médio,Alta
segunda-feira,BR-116,449.6,Plena Noite,Decrescente,Céu Claro,Simples,Reta,-19.14094,-42.01936,DEL06-MG,Risco Médio,Alta
quinta-feira,BR-20,11.8,Pleno dia,Crescente,Céu Claro,Dupla,Reta,-15.64654,-47.76642,DEL02-DF,Risco Médio,Baixa
quarta-feira,BR-116,209.0,Pleno dia,Crescente,Céu Claro,Múltipla,Reta,-23.42512,-46.40221,DEL01-SP,Risco Médio,Alta
sábado,BR-116,285.0,Plena Noite,Decrescente,Céu Claro,Dupla,Reta,-23.68567,-46.85966,DEL04-SP,Risco Baixo,Alta
quinta-feira,BR-40,1.6,Pleno dia,Decrescente,Céu Claro,Dupla,Reta,-16.05824,-47.98282,DEL01-DF,Risco Médio,Alta
quinta-feira,BR-116,204.7,Pleno dia,Crescente,Nublado,Simples,Reta,-29.49475,-51.13963,DEL05-RS,Risco Médio,Alta
quinta-feira,BR-153,55.7,Pleno dia,Crescente,Sol,Simples,Interseção de vias,-20.7606,-49.34583,DEL09-SP,Risco Médio,Alta
quarta-feira,BR-316,416.0,Plena Noite,Crescente,Nublado,Simples,Reta,-4.331532,-44.40131,DEL03-MA,Risco Médio,Baixa
sábado,BR-476,155.2,Pleno dia,Decrescente,Chuva,Dupla,Não Informado,-25.58874,-49.40722,DEL01-PR,Risco Médio,Baixa
sexta-feira,BR-369,160.0,Plena Noite,Crescente,Céu Claro,Dupla,Curva,-23.28175,-51.25595,DEL07-PR,Risco Médio,Baixa
sexta-feira,BR-262,367.0,Plena Noite,Decrescente,Céu Claro,Dupla,Reta,-19.97391,-44.27096,DEL01-MG,Risco Médio,Média
domingo,BR-381,69.7,Plena Noite,Crescente,Céu Claro,Múltipla,Reta,-23.34824,-46.5613,DEL03-SP,Risco Médio,Alta
domingo,BR-277,640.2,Plena Noite,Decrescente,Céu Claro,Simples,Curva,-25.17351,-53.85886,DEL05-PR,Risco Baixo,Média
sexta-feira,BR-101,880.5,Pleno dia,Crescente,Nublado,Simples,Reta,-17.5625,-39.7281,DEL09-BA,Risco Alto,Alta
quarta-feira,BR-135,30.0,Pleno dia,Decrescente,Céu Claro,Dupla,Reta,-2.804075,-44.37428,DEL01-MA,Risco Baixo,Baixa
terça-feira,BR-116,85.0,Pleno dia,Crescente,Céu Claro,Simples,Reta,-16.31388,-41.47408,DEL11-MG,Risco Médio,Alta
sábado,BR-262,801.0,Plena Noite,Crescente,Céu Claro,Dupla,Não Informado,-19.7792,-47.95532,DEL13-MG,Risco Baixo,Média
sexta-feira,BR-232,9.3,Plena Noite,Crescente,Nublado,Dupla,Reta,-8.077644,-34.97864,DEL01-PE,Risco Médio,Baixa
terça-feira,BR-282,412.0,Pleno dia,Crescente,Céu Claro,Simples,Não Informado,-27.06142,-51.67586,DEL07-SC,Risco Baixo,Baixa
domingo,BR-381,379.0,Anoitecer,Decrescente,Céu Claro,Simples,Curva,-19.83531,-43.36947,DEL01-MG,Risco Médio,Alta
terça-feira,BR-101,208.0,Plena Noite,Decrescente,Céu Claro,Dupla,Reta,-27.60328,-48.63202,DEL01-SC,Risco Médio,Alta
quinta-feira,BR-101,900.0,Plena Noite,Crescente,Céu Claro,Simples,Reta,-17.72747,-39.76683,DEL09-BA,Risco Baixo,Alta
sábado,BR-316,318.0,Plena Noite,Decrescente,Céu Claro,Simples,Curva,-7.086065,-41.40601,DEL04-PI,Risco Médio,Baixa
sábado,BR-470,8.0,Pleno dia,Decrescente,Céu Claro,Simples,Não Informado,-26.83996,-48.71758,DEL04-SC,Risco Baixo,Baixa
domingo,BR-280,86.0,Pleno dia,Crescente,Céu Claro,Simples,Não Informado,-26.41501,-49.25742,DEL06-SC,Risco Médio,Baixa
domingo,BR-470,3.0,Plena Noite,Crescente,Nublado,Simples,Reta,-26.87487,-48.6688,DEL04-SC,Risco Médio,Baixa
sábado,BR-116,59.2,Plena Noite,Decrescente,Garoa/Chuvisco,Simples,Reta,-26.37965,-50.20973,DEL06-SC,Risco Médio,Alta
sexta-feira,BR-470,174.1,Pleno dia,Crescente,Céu Claro,Simples,Reta,-27.25818,-49.92915,DEL04-SC,Risco Médio,Baixa
quinta-feira,BR-280,243.9,Plena Noite,Decrescente,Garoa/Chuvisco,Simples,Reta,-26.23358,-50.47749,DEL06-SC,Risco Baixo,Baixa
quinta-feira,BR-376,544.0,Plena Noite,Decrescente,Céu Claro,Dupla,Desvio Temporário,-25.38435,-49.80497,DEL01-PR,Risco Baixo,Baixa
sábado,BR-163,108.0,Plena Noite,Decrescente,Céu Claro,Simples,Reta,-26.4217,-53.52568,DEL07-SC,Risco Médio,Alta
domingo,BR-101,9.4,Anoitecer,Crescente,Nublado,Simples,Reta,-29.75009,-50.17451,DEL03-RS,Risco Médio,Alta
segunda-feira,BR-116,100.9,Pleno dia,Crescente,Sol,Dupla,Reta,-22.98655,-45.47276,DEL06-SP,Risco Médio,Alta
sexta-feira,BR-267,302.5,Plena Noite,Decrescente,Céu Claro,Simples,Reta,-21.96956,-44.91875,DEL05-MG,Risco Médio,Baixa
quarta-feira,BR-101,296.0,Plena Noite,Decrescente,Ignorado,Múltipla,Curva,-20.34519,-40.41021,DEL01-ES,Risco Médio,Alta
domingo,BR-470,145.1,Plena Noite,Crescente,Garoa/Chuvisco,Simples,Curva,-27.2373,-49.68222,DEL04-SC,Risco Médio,Baixa
sábado,BR-10,247.9,Plena Noite,Decrescente,Céu Claro,Simples,Reta,-5.573772,-47.44389,DEL04-MA,Risco Médio,Baixa
sexta-feira,BR-493,21.0,Pleno dia,Decrescente,Chuva,Simples,Rotatória,-22.66151,-43.04481,DEL02-RJ,Risco Médio,Baixa
domingo,BR-101,73.0,Pleno dia,Decrescente,Ignorado,Dupla,Reta,-8.088378,-34.94665,DEL01-PE,Risco Baixo,Alta
quinta-feira,BR-376,304.0,Plena Noite,Crescente,Chuva,Dupla,Curva,-23.9321,-51.1316,DEL07-PR,Risco Médio,Baixa
domingo,BR-101,67.5,Plena Noite,Crescente,Céu Claro,Múltipla,Reta,-8.046426,-34.94503,DEL01-PE,Risco Baixo,Alta
sábado,BR-40,8.3,Plena Noite,Decrescente,Céu Claro,Dupla,Reta,-16.11792,-47.96617,DEL01-DF,Risco Médio,Alta
sábado,BR-50,83.0,Plena Noite,Crescente,Nublado,Dupla,Reta,-18.91461,-48.27538,DEL15-MG,Risco Médio,Média
domingo,BR-435,124.0,Plena Noite,Decrescente,Céu Claro,Dupla,Reta,-13.18888,-60.81729,DEL04-RO,Risco Médio,Baixa
quinta-feira,BR-116,771.3,Pleno dia,Decrescente,Nublado,Simples,Curva,-21.55638,-42.67583,DEL07-MG,Risco Médio,Alta
quinta-feira,BR-101,270.8,Anoitecer,Crescente,Céu Claro,Dupla,Curva,-20.22662,-40.27075,DEL02-ES,Risco Médio,Alta
segunda-feira,BR-472,128.7,Plena Noite,Decrescente,Céu Claro,Simples,Reta,-27.74107,-54.21053,DEL10-RS,Risco Baixo,Baixa
quinta-feira,BR-386,163.8,Pleno dia,Decrescente,Sol,Simples,Reta,-28.18177,-52.83492,DEL08-RS,Risco Alto,Média
domingo,BR-110,144.8,Plena Noite,Crescente,Céu Claro,Simples,Reta,-8.515586,-37.6695,DEL03-PE,Risco Baixo,Baixa
segunda-feira,BR-146,545.5,Plena Noite,Decrescente,Céu Claro,Simples,Reta,-21.35988,-46.47231,DEL16-MG,Risco Médio,Baixa
segunda-feira,BR-116,90.0,Pleno dia,Decrescente,Sol,Simples,Reta,-4.468203,-38.36304,DEL03-CE,Risco Alto,Alta
segunda-feira,BR-354,742.5,Pleno dia,Crescente,Nublado,Simples,Reta,-22.23119,-44.93324,DEL17-MG,Risco Baixo,Baixa
quarta-feira,BR-381,921.0,Pleno dia,Crescente,Nublado,Dupla,Curva,-22.76075,-46.16867,DEL16-MG,Risco Médio,Alta
sexta-feira,BR-20,5.6,Pleno dia,Decrescente,Chuva,Dupla,Curva,-15.67055,-47.81604,DEL02-DF,Risco Médio,Baixa
segunda-feira,BR-116,188.0,Plena Noite,Crescente,Nublado,Dupla,Curva,-23.35944,-46.21676,DEL01-SP,Risco Médio,Alta
terça-feira,BR-230,23.0,Pleno dia,Decrescente,Céu Claro,Dupla,Reta,-7.1682,-34.8643,DEL01-PB,Risco Médio,Baixa
segunda-feira,BR-101,37.2,Pleno dia,Crescente,Céu Claro,Dupla,Reta,-26.28868,-48.88601,DEL03-SC,Risco Médio,Alta
sexta-feira,BR-101,473.0,Plena Noite,Crescente,Céu Claro,Dupla,Interseção de vias,-22.98961,-44.24169,DEL03-RJ,Risco Baixo,Alta
domingo,BR-153,321.0,Pleno dia,Decrescente,Sol,Simples,Reta,-15.46559,-49.49942,DEL02-GO,Risco Médio,Alta
segunda-feira,BR-381,636.0,Pleno dia,Decrescente,Nublado,Dupla,Curva,-20.8668,-44.8416,DEL04-MG,Risco Baixo,Alta
quinta-feira,BR-101,213.9,Pleno dia,Decrescente,Nublado,Múltipla,Reta,-27.64372,-48.67024,DEL01-SC,Risco Médio,Alta
domingo,BR-101,129.0,Pleno dia,Crescente,Céu Claro,Dupla,Curva,-9.749633,-36.06531,DEL02-AL,Risco Baixo,Alta
sábado,BR-262,362.0,Plena Noite,Decrescente,Céu Claro,Dupla,Reta,-19.97133,-44.28898,DEL01-MG,Risco Médio,Média
domingo,BR-470,134.3,Plena Noite,Crescente,Nublado,Simples,Rotatória,-27.18185,-49.60013,DEL04-SC,Risco Médio,Baixa
domingo,BR-116,174.0,Anoitecer,Crescente,Céu Claro,Dupla,Reta,-23.32057,-46.09074,DEL02-SP,Risco Médio,Alta
quarta-feira,BR-101,210.9,Pleno dia,Decrescente,Sol,Dupla,Reta,-27.6235,-48.6524,DEL01-SC,Risco Médio,Alta
sexta-feira,BR-242,607.0,Anoitecer,Decrescente,Céu Claro,Simples,Reta,-12.17724,-43.39426,DEL10-BA,Risco Médio,Baixa
sexta-feira,BR-153,226.6,Pleno dia,Decrescente,Céu Claro,Simples,Reta,-7.871601,-48.45739,DEL02-TO,Risco Alto,Alta
domingo,BR-101,385.7,Pleno dia,Crescente,Chuva,Dupla,Não Informado,-28.7763,-49.3188,DEL02-SC,Risco Médio,Alta
domingo,BR-116,777.6,Amanhecer,Crescente,Céu Claro,Simples,Reta,-21.6016,-42.69913,DEL07-MG,Risco Médio,Alta
quinta-feira,BR-364,552.0,Pleno dia,Crescente,Céu Claro,Simples,Curva,-14.13658,-56.1113,DEL01-MT,Risco Baixo,Alta
sábado,BR-116,385.0,Pleno dia,Crescente,Chuva,Dupla,Curva,-24.25416,-47.37629,DEL04-SP,Risco Médio,Alta
sexta-feira,BR-262,726.0,Pleno dia,Crescente,Chuva,Simples,Reta,-19.62199,-47.28732,DEL08-MG,Risco Médio,Média
sábado,BR-101,423.0,Pleno dia,Decrescente,Sol,Dupla,Não Informado,-22.91953,-43.94792,DEL03-RJ,Risco Médio,Alta
sexta-feira,BR-282,500.9,Pleno dia,Decrescente,Chuva,Múltipla,Reta,-26.88137,-52.37252,DEL07-SC,Risco Médio,Baixa
sexta-feira,BR-393,16.1,Pleno dia,Decrescente,Nublado,Simples,Reta,-20.88929,-41.28014,DEL03-ES,Risco Médio,Média
sábado,BR-386,23.5,Pleno dia,Decrescente,Garoa/Chuvisco,Simples,Curva,-27.29323,-53.35562,DEL08-RS,Risco Médio,Média
domingo,BR-393,244.1,Plena Noite,Decrescente,Nublado,Simples,Curva,-22.42799,-43.709,DEL05-RJ,Risco Médio,Média
quarta-feira,BR-290,194.3,Pleno dia,Decrescente,Céu Claro,Simples,Reta,-30.16365,-52.15506,DEL02-RS,Risco Baixo,Baixa
segunda-feira,BR-365,776.0,Pleno dia,Decrescente,Nublado,Simples,Reta,-18.95873,-49.67757,DEL15-MG,Risco Alto,Média
sábado,BR-40,591.0,Plena Noite,Decrescente,Nublado,Simples,Curva,-20.3816,-43.9081,DEL01-MG,Risco Médio,Alta
sexta-feira,BR-230,154.8,Plena Noite,Decrescente,Nublado,Simples,Reta,-7.2777,-35.8985,DEL02-PB,Risco Médio,Baixa
domingo,BR-153,444.0,Plena Noite,Crescente,Nublado,Dupla,Não Informado,-16.34376,-48.9245,DEL02-GO,Risco Baixo,Alta
quarta-feira,BR-235,2.9,Pleno dia,Crescente,Céu Claro,Dupla,Desvio Temporário,-10.90623,-37.10202,DEL01-SE,Risco Médio,Baixa
sexta-feira,BR-304,296.0,Pleno dia,Crescente,Sol,Simples,Interseção de vias,-5.865332,-35.35304,DEL01-RN,Risco Médio,Baixa
sexta-feira,BR-316,275.0,Plena Noite,Decrescente,Céu Claro,Simples,Curva,-6.951263,-41.72589,DEL04-PI,Risco Baixo,Baixa
domingo,BR-470,212.0,Plena Noite,Crescente,Chuva,Simples,Não Informado,-29.15791,-51.53161,DEL06-RS,Risco Baixo,Baixa
sexta-feira,BR-376,177.5,Pleno dia,Crescente,Céu Claro,Múltipla,Não Informado,-23.41482,-51.92629,DEL09-PR,Risco Médio,Baixa
sábado,BR-285,83.1,Pleno dia,Crescente,Sol,Simples,Curva,-28.64706,-50.63315,DEL05-RS,Risco Baixo,Baixa
quinta-feira,BR-101,82.9,Anoitecer,Crescente,Chuva,Dupla,Reta,-5.770093,-35.2691,DEL02-RN,Risco Médio,Alta
sexta-feira,BR-116,681.9,Plena Noite,Crescente,Céu Claro,Simples,Curva,-20.94106,-42.3439,DEL07-MG,Risco Médio,Alta
quarta-feira,BR-116,607.5,Amanhecer,Crescente,Nevoeiro/Neblina,Simples,Reta,-20.44094,-42.10115,DEL06-MG,Risco Alto,Alta
domingo,BR-116,270.0,Plena Noite,Crescente,Céu Claro,Dupla,Reta,-23.60943,-46.77094,DEL04-SP,Risco Baixo,Alta
sábado,BR-40,473.8,Pleno dia,Crescente,Chuva,Múltipla,Não Informado,-19.49375,-44.2809,DEL02-MG,Risco Médio,Alta
terça-feira,BR-392,113.0,Pleno dia,Crescente,Céu Claro,Simples,Reta,-31.43953,-52.64988,DEL07-RS,Risco Baixo,Média
domingo,BR-267,270.6,Pleno dia,Decrescente,Sol,Simples,Não Informado,-21.93335,-44.64165,DEL17-MG,Risco Médio,Baixa
sábado,BR-324,606.0,Plena Noite,Crescente,Céu Claro,Dupla,Reta,-12.79341,-38.40485,DEL01-BA,Risco Baixo,Baixa
segunda-feira,BR-470,142.1,Pleno dia,Crescente,Céu Claro,Simples,Não Informado,-27.20517,-49.64253,DEL04-SC,Risco Baixo,Baixa
sexta-feira,BR-116,3.3,Pleno dia,Decrescente,Chuva,Dupla,Reta,-3.777857,-38.51483,DEL01-CE,Risco Baixo,Alta
domingo,BR-493,59.0,Plena Noite,Decrescente,Céu Claro,Dupla,Reta,-22.6702,-43.37892,DEL01-RJ,Risco Médio,Baixa
terça-feira,BR-376,599.0,Pleno dia,Decrescente,Céu Claro,Dupla,Reta,-25.5263,-49.32958,DEL01-PR,Risco Médio,Baixa
segunda-feira,BR-101,41.0,Pleno dia,Decrescente,Céu Claro,Simples,Não Informado,-5.458367,-35.33641,DEL02-RN,Risco Médio,Alta
terça-feira,BR-319,62.0,Pleno dia,Crescente,Céu Claro,Dupla,Interseção de vias,-8.766685,-63.88405,DEL01-RO,Risco Médio,Baixa
sexta-feira,BR-369,154.4,Pleno dia,Decrescente,Sol,Dupla,Não Informado,-23.29737,-51.20162,DEL07-PR,Risco Médio,Baixa
segunda-feira,BR-101,313.9,Plena Noite,Crescente,Céu Claro,Dupla,Reta,-22.815,-43.075,DEL02-RJ,Risco Médio,Alta
quarta-feira,BR-101,318.0,Pleno dia,Decrescente,Céu Claro,Dupla,Reta,-22.84566,-43.09843,DEL02-RJ,Risco Médio,Alta
domingo,BR-101,310.0,Amanhecer,Decrescente,Chuva,Simples,Reta,-20.4259,-40.46037,DEL03-ES,Risco Médio,Alta
sexta-feira,BR-393,241.0,Pleno dia,Decrescente,Céu Claro,Simples,Não Informado,-22.4295,-43.7166,DEL05-RJ,Risco Médio,Média
sexta-feira,BR-40,523.0,Amanhecer,Crescente,Chuva,Dupla,Reta,-19.86875,-44.05962,DEL01-MG,Risco Baixo,Alta
sábado,BR-50,62.5,Pleno dia,Crescente,Nublado,Dupla,Não Informado,-18.82502,-48.24975,DEL15-MG,Risco Médio,Média
domingo,BR-70,712.0,Pleno dia,Crescente,Nublado,Simples,Reta,-16.2476,-57.52938,DEL03-MT,Risco Médio,Baixa
sexta-feira,BR-101,209.7,Pleno dia,Decrescente,Sol,Múltipla,Reta,-27.61507,-48.64407,DEL01-SC,Risco Médio,Alta
quarta-feira,BR-116,32.0,Pleno dia,Decrescente,Chuva,Dupla,Não Informado,-25.10498,-48.83974,DEL01-PR,Risco Baixo,Alta
segunda-feira,BR-364,512.0,Amanhecer,Crescente,Céu Claro,Simples,Reta,-15.16549,-56.52422,DEL01-MT,Risco Baixo,Alta
quarta-feira,BR-101,76.0,Anoitecer,Crescente,Céu Claro,Dupla,Reta,-5.72603,-35.28461,DEL02-RN,Risco Médio,Alta
sábado,BR-101,78.0,Pleno dia,Decrescente,Céu Claro,Simples,Reta,-12.07052,-38.32458,DEL01-BA,Risco Médio,Alta
sábado,BR-210,100.1,Pleno dia,Crescente,Céu Claro,Simples,Reta,0.684125,-51.36587,DEL01-AP,Risco Médio,Baixa
terça-feira,BR-381,680.6,Pleno dia,Crescente,Ignorado,Dupla,Reta,-21.15538,-45.11395,DEL04-MG,Risco Médio,Alta
sábado,BR-290,10.0,Plena Noite,Decrescente,Chuva,Múltipla,Reta,-29.89139,-50.37371,DEL03-RS,Risco Baixo,Baixa
sexta-feira,BR-365,597.0,Plena Noite,Decrescente,Chuva,Simples,Curva,-18.8803,-48.0931,DEL15-MG,Risco Baixo,Média
segunda-feira,BR-365,155.2,Pleno dia,Crescente,Nublado,Simples,Reta,-17.32423,-44.89663,DEL12-MG,Risco Alto,Média
quinta-feira,BR-277,2.0,Pleno dia,Decrescente,Nublado,Simples,Reta,-25.5205,-48.5095,DEL01-PR,Risco Baixo,Média
sábado,BR-101,439.1,Plena Noite,Crescente,Nublado,Dupla,Reta,-29.12383,-49.65783,DEL02-SC,Risco Médio,Alta
quarta-feira,BR-101,328.0,Plena Noite,Crescente,Céu Claro,Dupla,Reta,-28.4323,-48.9556,DEL02-SC,Risco Baixo,Alta
sábado,BR-20,421.3,Pleno dia,Crescente,Garoa/Chuvisco,Dupla,Reta,-3.76999,-38.67006,DEL01-CE,Risco Baixo,Baixa
segunda-feira,BR-101,327.0,Pleno dia,Crescente,Sol,Dupla,Desvio Temporário,-28.43023,-48.95205,DEL02-SC,Risco Médio,Alta
quarta-feira,BR-101,60.0,Pleno dia,Decrescente,Céu Claro,Simples,Retorno Regulamentado,-21.72048,-41.31449,DEL08-RJ,Risco Médio,Alta