dia_semana,br,km,fase_dia,sentido_via,condicao_metereologica,tipo_pista,tracado_via,latitude,longitude,delegacia,classificacao_acidente,postos_policiais_PRF
domingo,BR-116,510.0,Pleno dia,Decrescente,Céu Claro,Simples,Reta,-31.62287,-52.31519,DEL07-RS,Risco Médio,Alta
domingo,BR-343,587.0,Pleno dia,Crescente,Céu Claro,Dupla,Reta,-6.785625,-42.99517,DEL03-PI,Risco Médio,Baixa
segunda-feira,BR-116,185.0,Pleno dia,Decrescente,Céu Claro,Dupla,Reta,-22.74422,-43.51209,DEL01-RJ,Risco Médio,Alta
terça-feira,BR-101,106.3,Anoitecer,Crescente,Garoa/Chuvisco,Dupla,Reta,-26.81274,-48.68321,DEL03-SC,Risco Médio,Alta
quinta-feira,BR-60,125.0,Pleno dia,Decrescente,Nublado,Dupla,Curva,-16.53046,-49.14317,DEL01-GO,Risco Médio,Média
quarta-feira,BR-364,444.0,Pleno dia,Crescente,Céu Claro,Simples,Reta,-10.3334,-62.6088,DEL03-RO,Risco Médio,Alta
quarta-feira,BR-262,441.5,Plena Noite,Crescente,Céu Claro,Simples,Desvio Temporário,-20.51838,-55.37401,DEL03-MS,Risco Médio,Média
segunda-feira,BR-386,415.0,Pleno dia,Decrescente,Chuva,Simples,Reta,-29.81752,-51.4732,DEL04-RS,Risco Médio,Média
sexta-feira,BR-163,150.3,Pleno dia,Crescente,Garoa/Chuvisco,Simples,Curva,-25.4139,-53.57417,DEL04-PR,Risco Baixo,Alta
quarta-feira,BR-290,395.9,Anoitecer,Decrescente,Céu Claro,Simples,Reta,-30.34264,-54.09679,DEL09-RS,Risco Baixo,Baixa
segunda-feira,BR-70,19.0,Amanhecer,Decrescente,Chuva,Múltipla,Reta,-15.78887,-48.22024,DEL01-DF,Risco Médio,Baixa
segunda-feira,BR-376,507.0,Pleno dia,Decrescente,Chuva,Dupla,Reta,-25.24705,-50.02183,DEL03-PR,Risco Médio,Baixa
sábado,BR-116,816.0,Plena Noite,Decrescente,Céu Claro,Simples,Reta,-14.77751,-40.73036,DEL08-BA,Risco Médio,Alta
domingo,BR-381,3.5,Pleno dia,Crescente,Sol,Dupla,Curva,-19.96825,-44.19871,DEL01-MG,Risco Médio,Alta
segunda-feira,BR-381,924.3,Pleno dia,Crescente,Garoa/Chuvisco,Dupla,Curva,-22.77003,-46.1943,DEL16-MG,Risco Médio,Alta
terça-feira,BR-392,1.0,Pleno dia,Decrescente,Céu Claro,Simples,Reta,-32.04489,-52.08553,DEL07-RS,Risco Médio,Média
domingo,BR-262,407.2,Plena Noite,Crescente,Céu Claro,Simples,Reta,-20.43562,-55.09346,DEL01-MS,Risco Baixo,Média
quarta-feira,BR-282,588.5,Pleno dia,Crescente,Céu Claro,Simples,Curva,-26.82627,-53.05255,DEL07-SC,Risco Médio,Baixa
domingo,BR-101,84.0,Pleno dia,Decrescente,Céu Claro,Dupla,Reta,-7.139579,-34.92313,DEL01-PB,Risco Baixo,Alta
segunda-feira,BR-386,434.9,Pleno dia,Decrescente,Céu Claro,Simples,Reta,-29.84539,-51.27891,DEL04-RS,Risco Baixo,Média
segunda-feira,BR-101,204.3,Plena Noite,Crescente,Céu Claro,Simples,Reta,-22.4796,-42.18087,DEL02-RJ,Risco Baixo,Alta
terça-feira,BR-364,692.0,Plena Noite,Crescente,Nublado,Dupla,Reta,-8.79747,-63.69687,DEL01-RO,Risco Médio,Alta
quinta-feira,BR-101,81.0,Pleno dia,Crescente,Nublado,Dupla,Reta,-26.60762,-48.72355,DEL03-SC,Risco Médio,Alta
quarta-feira,BR-290,572.0,Pleno dia,Crescente,Sol,Simples,Reta,-29.82951,-55.70039,DEL13-RS,Risco Baixo,Baixa
quinta-feira,BR-392,57.9,Pleno dia,Crescente,Chuva,Dupla,Reta,-31.80399,-52.32954,DEL07-RS,Risco Baixo,Média
quinta-feira,BR-40,707.1,Plena Noite,Decrescente,Nublado,Dupla,Curva,-21.23785,-43.70918,DEL05-MG,Risco Médio,Alta
terça-feira,BR-40,516.2,Plena Noite,Decrescente,Céu Claro,Dupla,Reta,-19.82707,-44.08382,DEL01-MG,Risco Médio,Alta
domingo,BR-470,167.0,Plena Noite,Crescente,Nublado,Simples,Reta,-27.26617,-49.877,DEL04-SC,Risco Médio,Baixa
terça-feira,BR-116,195.0,Plena Noite,Decrescente,Nublado,Dupla,Reta,-22.7315,-43.6011,DEL01-RJ,Risco Baixo,Alta
sexta-feira,BR-135,167.4,Pleno dia,Decrescente,Sol,Simples,Reta,-12.06435,-44.96824,DEL10-BA,Risco Médio,Baixa
quarta-feira,BR-365,475.0,Pleno dia,Decrescente,Céu Claro,Múltipla,Ponte,-18.91842,-47.03317,DEL10-MG,Risco Baixo,Média
quinta-feira,BR-153,39.5,Plena Noite,Crescente,Chuva,Simples,Rotatória,-23.27232,-50.05734,DEL07-PR,Risco Médio,Alta
domingo,BR-174,20.0,Plena Noite,Crescente,Céu Claro,Simples,Reta,-15.16652,-59.46092,DEL03-MT,Risco Médio,Baixa
terça-feira,BR-40,104.0,Plena Noite,Decrescente,Céu Claro,Simples,Desvio Temporário,-22.63661,-43.28431,DEL01-RJ,Risco Baixo,Alta
sábado,BR-116,62.0,Plena Noite,Crescente,Garoa/Chuvisco,Dupla,Reta,-25.30561,-48.9733,DEL01-PR,Risco Alto,Alta
sexta-feira,BR-110,97.7,Plena Noite,Crescente,Céu Claro,Simples,Reta,-5.623542,-37.27205,DEL04-RN,Risco Médio,Baixa
domingo,BR-101,255.6,Plena Noite,Crescente,Céu Claro,Múltipla,Interseção de vias,-20.12776,-40.29974,DEL02-ES,Risco Médio,Alta
sábado,BR-376,661.0,Pleno dia,Crescente,Sol,Dupla,Não Informado,-25.85295,-48.97728,DEL01-PR,Risco Baixo,Baixa
quarta-feira,BR-316,8.0,Anoitecer,Crescente,Nublado,Dupla,Reta,-1.368977,-48.37876,DEL01-PA,Risco Médio,Baixa
segunda-feira,BR-290,92.0,Pleno dia,Crescente,Céu Claro,Dupla,Reta,-29.97192,-51.17684,DEL01-RS,Risco Baixo,Baixa
quarta-feira,BR-364,137.0,Plena Noite,Decrescente,Céu Claro,Simples,Curva,-16.80823,-54.08886,DEL02-MT,Risco Baixo,Alta
quarta-feira,BR-116,38.0,Pleno dia,Decrescente,Céu Claro,Múltipla,Reta,-4.079116,-38.49945,DEL01-CE,Risco Médio,Alta
sábado,BR-153,540.0,Pleno dia,Crescente,Chuva,Dupla,Reta,-17.04711,-49.22585,DEL01-GO,Risco Médio,Alta
quarta-feira,BR-40,107.0,Pleno dia,Crescente,Céu Claro,Dupla,Reta,-22.65581,-43.28379,DEL01-RJ,Risco Baixo,Alta
sexta-feira,BR-40,101.1,Plena Noite,Crescente,Nublado,Simples,Reta,-16.79409,-47.57279,DEL01-DF,Risco Médio,Alta
sexta-feira,BR-50,52.5,Plena Noite,Decrescente,Céu Claro,Dupla,Reta,-18.7607,-48.2406,DEL15-MG,Risco Médio,Média
segunda-feira,BR-277,302.5,Pleno dia,Decrescente,Céu Claro,Simples,Reta,-25.30492,-51.16058,DEL03-PR,Risco Baixo,Média
sexta-feira,BR-343,1.0,Pleno dia,Crescente,Céu Claro,Múltipla,Reta,-5.089569,-42.80229,DEL01-PI,Risco Médio,Baixa
terça-feira,BR-163,37.4,Plena Noite,Crescente,Chuva,Simples,Curva,-26.0559,-53.7264,DEL02-PR,Risco Médio,Alta
quarta-feira,BR-316,380.5,Pleno dia,Decrescente,Céu Claro,Simples,Reta,-7.209509,-40.88899,DEL04-PI,Risco Médio,Baixa
quarta-feira,BR-316,543.0,Plena Noite,Crescente,Chuva,Simples,Reta,-4.864172,-43.41983,DEL03-MA,Risco Médio,Baixa
sábado,BR-480,67.9,Pleno dia,Crescente,Céu Claro,Simples,Curva,-27.63592,-52.35183,DEL08-RS,Risco Médio,Baixa
quarta-feira,BR-40,517.0,Pleno dia,Crescente,Sol,Dupla,Reta,-19.82354,-44.08454,DEL01-MG,Risco Médio,Alta
terça-feira,BR-163,1051.0,Anoitecer,Crescente,Céu Claro,Simples,Não Informado,-10.02039,-54.90888,DEL06-MT,Risco Médio,Alta
terça-feira,BR-116,152.7,Pleno dia,Decrescente,Chuva,Simples,Curva,-16.87318,-41.47782,DEL11-MG,Risco Médio,Alta
sábado,BR-158,568.0,Amanhecer,Decrescente,Céu Claro,Dupla,Reta,-14.054,-52.155,DEL07-MT,Risco Médio,Baixa
quinta-feira,BR-324,588.0,Pleno dia,Crescente,Céu Claro,Dupla,Reta,-12.66546,-38.47103,DEL01-BA,Risco Médio,Baixa
domingo,BR-101,204.5,Pleno dia,Crescente,Céu Claro,Simples,Rotatória,-19.74949,-40.37923,DEL02-ES,Risco Médio,Alta
domingo,BR-101,190.0,Plena Noite,Crescente,Céu Claro,Dupla,Reta,-27.47045,-48.6413,DEL01-SC,Risco Médio,Alta
terça-feira,BR-304,297.0,Pleno dia,Decrescente,Céu Claro,Dupla,Curva,-5.865341,-35.34069,DEL01-RN,Risco Médio,Baixa
domingo,BR-50,53.8,Pleno dia,Decrescente,Céu Claro,Dupla,Reta,-18.7664,-48.24432,DEL15-MG,Risco Baixo,Média
sexta-feira,BR-316,144.1,Plena Noite,Decrescente,Ignorado,Simples,Curva,-6.109149,-42.20484,DEL04-PI,Risco Baixo,Baixa
terça-feira,BR-319,62.0,Plena Noite,Decrescente,Céu Claro,Dupla,Reta,-8.766685,-63.88405,DEL01-RO,Risco Médio,Baixa
sexta-feira,BR-101,49.0,Plena Noite,Crescente,Nublado,Simples,Reta,-23.44411,-45.08376,DEL06-SP,Risco Médio,Alta
segunda-feira,BR-376,220.9,Plena Noite,Crescente,Céu Claro,Dupla,Curva,-23.60242,-51.59826,DEL07-PR,Risco Médio,Baixa
terça-feira,BR-324,618.0,Plena Noite,Crescente,Chuva,Múltipla,Reta,-12.89111,-38.44537,DEL01-BA,Risco Médio,Baixa
segunda-feira,BR-376,127.0,Plena Noite,Decrescente,Céu Claro,Dupla,Reta,-23.16114,-52.25909,DEL09-PR,Risco Baixo,Baixa
domingo,BR-101,312.0,Pleno dia,Decrescente,Céu Claro,Dupla,Reta,-22.80548,-43.06159,DEL02-RJ,Risco Baixo,Alta
domingo,BR-364,239.5,Plena Noite,Decrescente,Nublado,Dupla,Reta,-16.18765,-54.78578,DEL02-MT,Risco Médio,Alta
quarta-feira,BR-324,584.0,Pleno dia,Crescente,Nublado,Dupla,Reta,-12.62182,-38.48261,DEL01-BA,Risco Baixo,Baixa
domingo,BR-153,420.6,Amanhecer,Decrescente,Céu Claro,Simples,Curva,-30.12316,-52.85923,DEL02-RS,Risco Alto,Alta
quarta-feira,BR-381,720.5,Pleno dia,Decrescente,Céu Claro,Dupla,Não Informado,-21.46061,-45.20744,DEL04-MG,Risco Médio,Alta
quarta-feira,BR-222,317.0,Plena Noite,Decrescente,Céu Claro,Simples,Reta,-3.5952,-45.0052,DEL02-MA,Risco Médio,Baixa
domingo,BR-116,587.1,Pleno dia,Decrescente,Céu Claro,Simples,Reta,-20.23382,-42.16814,DEL06-MG,Risco Médio,Alta
domingo,BR-277,116.0,Plena Noite,Crescente,Nublado,Dupla,Reta,-25.43531,-49.51733,DEL01-PR,Risco Baixo,Média
sexta-feira,BR-110,5.0,Plena Noite,Decrescente,Céu Claro,Simples,Desvio Temporário,-9.468515,-38.20532,DEL07-BA,Risco Baixo,Baixa
quarta-feira,BR-40,110.0,Pleno dia,Crescente,Céu Claro,Dupla,Reta,-22.6924,-43.2875,DEL01-RJ,Risco Médio,Alta
sexta-feira,BR-163,822.6,Plena Noite,Crescente,Céu Claro,Dupla,Reta,-17.72545,-54.75629,DEL06-MS,Risco Médio,Alta
sexta-feira,BR-101,46.8,Pleno dia,Decrescente,Céu Claro,Múltipla,Reta,-7.87406,-34.90588,DEL01-PE,Risco Médio,Alta
quinta-feira,BR-262,432.3,Pleno dia,Crescente,Céu Claro,Dupla,Curva,-19.89258,-44.88463,DEL08-MG,Risco Médio,Média
domingo,BR-163,13.9,Amanhecer,Decrescente,Céu Claro,Dupla,Reta,-17.3983,-54.75817,DEL02-MT,Risco Médio,Alta
domingo,BR-262,439.0,Plena Noite,Crescente,Nublado,Dupla,Reta,-19.89622,-44.86973,DEL08-MG,Risco Médio,Média
sábado,BR-285,291.8,Pleno dia,Crescente,Nublado,Dupla,Interseção de vias,-28.23691,-52.37414,DEL08-RS,Risco Baixo,Baixa
domingo,BR-354,18.0,Pleno dia,Crescente,Sol,Simples,Curva,-22.4656,-44.71699,DEL07-RJ,Risco Médio,Baixa
quarta-feira,BR-376,323.0,Pleno dia,Crescente,Céu Claro,Simples,Não Informado,-24.07454,-51.05832,DEL07-PR,Risco Baixo,Baixa
quarta-feira,BR-163,805.0,Pleno dia,Decrescente,Nublado,Simples,Não Informado,-3.969537,-54.89134,DEL05-PA,Risco Baixo,Alta
sábado,BR-277,720.0,Anoitecer,Decrescente,Ignorado,Dupla,Reta,-25.48749,-54.50321,DEL05-PR,Risco Médio,Média
sexta-feira,BR-101,391.0,Pleno dia,Crescente,Céu Claro,Dupla,Reta,-22.89483,-43.68492,DEL01-RJ,Risco Médio,Alta
sábado,BR-110,376.0,Plena Noite,Crescente,Céu Claro,Simples,Não Informado,-12.4158,-38.47468,DEL01-BA,Risco Médio,Baixa
quinta-feira,BR-343,348.3,Plena Noite,Crescente,Céu Claro,Simples,Reta,-5.118706,-42.78641,DEL01-PI,Risco Médio,Baixa
terça-feira,BR-285,197.0,Pleno dia,Crescente,Céu Claro,Simples,Interseção de vias,-28.2152,-51.5101,DEL08-RS,Risco Baixo,Baixa
quarta-feira,BR-158,565.8,Amanhecer,Crescente,Céu Claro,Simples,Reta,-30.86854,-55.50789,DEL11-RS,Risco Médio,Baixa
quinta-feira,BR-116,511.0,Pleno dia,Crescente,Garoa/Chuvisco,Simples,Curva,-24.83558,-48.22237,DEL05-SP,Risco Médio,Alta
quinta-feira,BR-101,157.2,Plena Noite,Decrescente,Céu Claro,Dupla,Reta,-9.898341,-36.2057,DEL02-AL,Risco Médio,Alta
sexta-feira,BR-116,219.2,Plena Noite,Crescente,Chuva,Simples,Rotatória,-27.57013,-50.37319,DEL05-SC,Risco Médio,Alta
sexta-feira,BR-381,666.7,Plena Noite,Decrescente,Nublado,Dupla,Reta,-21.0528,-45.0159,DEL04-MG,Risco Médio,Alta
sexta-feira,BR-153,75.1,Pleno dia,Crescente,Chuva,Dupla,Não Informado,-20.89418,-49.43388,DEL09-SP,Risco Médio,Alta
sábado,BR-116,267.7,Plena Noite,Decrescente,Nublado,Simples,Interseção de vias,-27.95633,-50.4843,DEL05-SC,Risco Alto,Alta
terça-feira,BR-101,288.2,Anoitecer,Crescente,Céu Claro,Dupla,Reta,-22.74452,-42.85149,DEL02-RJ,Risco Baixo,Alta
segunda-feira,BR-40,532.0,Plena Noite,Crescente,Céu Claro,Dupla,Curva,-19.92666,-44.00743,DEL01-MG,Risco Médio,Alta
segunda-feira,BR-369,200.0,Pleno dia,Decrescente,Céu Claro,Simples,Reta,-23.52536,-51.44471,DEL07-PR,Risco Médio,Baixa
domingo,BR-364,407.0,Pleno dia,Decrescente,Sol,Simples,Reta,-10.5573,-62.3811,DEL03-RO,Risco Alto,Alta
terça-feira,BR-381,650.0,Pleno dia,Decrescente,Céu Claro,Dupla,Reta,-20.97113,-44.93201,DEL04-MG,Risco Baixo,Alta
sexta-feira,BR-116,48.2,Plena Noite,Decrescente,Céu Claro,Dupla,Curva,-4.187825,-38.47759,DEL01-CE,Risco Médio,Alta
quarta-feira,BR-116,26.1,Plena Noite,Crescente,Chuva,Simples,Interseção de vias,-8.07118,-39.13367,DEL05-PE,Risco Médio,Alta
segunda-feira,BR-40,506.0,Pleno dia,Crescente,Nublado,Dupla,Curva,-19.74717,-44.14731,DEL02-MG,Risco Médio,Alta
segunda-feira,BR-381,884.0,Plena Noite,Crescente,Nublado,Dupla,Reta,-22.48718,-46.01143,DEL16-MG,Risco Médio,Alta
quarta-feira,BR-408,103.0,Pleno dia,Decrescente,Céu Claro,Dupla,Desvio Temporário,-8.057462,-34.99468,DEL01-PE,Risco Médio,Baixa
quinta-feira,BR-101,93.6,Pleno dia,Decrescente,Céu Claro,Dupla,Reta,-5.823091,-35.2088,DEL01-RN,Risco Baixo,Alta
sábado,BR-232,100.2,Pleno dia,Decrescente,Céu Claro,Simples,Reta,-8.239608,-35.74704,DEL01-PE,Risco Médio,Baixa
segunda-feira,BR-101,294.0,Plena Noite,Decrescente,Céu Claro,Dupla,Reta,-22.75844,-42.89502,DEL02-RJ,Risco Baixo,Alta
terça-feira,BR-407,2.0,Plena Noite,Decrescente,Céu Claro,Simples,Curva,-9.42219,-40.50702,DEL06-PE,Risco Médio,Baixa
domingo,BR-232,251.5,Plena Noite,Decrescente,Vento,Simples,Reta,-8.429241,-37.06013,DEL03-PE,Risco Baixo,Baixa
sábado,BR-116,275.8,Plena Noite,Crescente,Céu Claro,Simples,Reta,-17.84235,-41.5141,DEL11-MG,Risco Médio,Alta
sábado,BR-101,138.0,Pleno dia,Crescente,Céu Claro,Múltipla,Curva,-27.02397,-48.60762,DEL04-SC,Risco Médio,Alta
segunda-feira,BR-235,2.0,Pleno dia,Crescente,Céu Claro,Dupla,Não Informado,-10.90742,-37.09329,DEL01-SE,Risco Médio,Baixa
domingo,BR-116,173.0,Amanhecer,Crescente,Céu Claro,Múltipla,Reta,-22.7981,-43.35727,DEL01-RJ,Risco Médio,Alta
sábado,BR-101,271.0,Plena Noite,Crescente,Céu Claro,Dupla,Reta,-28.11012,-48.70211,DEL02-SC,Risco Médio,Alta
domingo,BR-116,816.0,Plena Noite,Crescente,Céu Claro,Simples,Reta,-14.77751,-40.73036,DEL08-BA,Risco Médio,Alta
sábado,BR-153,517.4,Pleno dia,Decrescente,Céu Claro,Simples,Curva,-30.58295,-53.39252,DEL09-RS,Risco Baixo,Alta
domingo,BR-373,174.2,Plena Noite,Decrescente,Nublado,Múltipla,Retorno Regulamentado,-25.06165,-50.2173,DEL03-PR,Risco Médio,Baixa
sexta-feira,BR-116,203.0,Pleno dia,Decrescente,Céu Claro,Múltipla,Reta,-23.41061,-46.34764,DEL01-SP,Risco Médio,Alta
domingo,BR-369,175.0,Plena Noite,Crescente,Garoa/Chuvisco,Simples,Reta,-23.33374,-51.38958,DEL07-PR,Risco Médio,Baixa
quarta-feira,BR-364,79.0,Anoitecer,Crescente,Céu Claro,Simples,Desvio Temporário,-12.44572,-60.55297,DEL04-RO,Risco Médio,Alta
sexta-feira,BR-101,376.0,Plena Noite,Crescente,Céu Claro,Simples,Reta,-20.7956,-40.81627,DEL03-ES,Risco Médio,Alta
quinta-feira,BR-116,232.5,Plena Noite,Crescente,Garoa/Chuvisco,Simples,Desvio Temporário,-29.633,-51.14325,DEL01-RS,Risco Médio,Alta
sábado,BR-282,620.6,Pleno dia,Decrescente,Céu Claro,Simples,Curva,-26.79935,-53.308,DEL07-SC,Risco Médio,Baixa
sexta-feira,BR-153,70.0,Plena Noite,Decrescente,Céu Claro,Simples,Interseção de vias,-20.8573,-49.40619,DEL09-SP,Risco Médio,Alta
quinta-feira,BR-116,362.6,Plena Noite,Crescente,Céu Claro,Dupla,Curva,-24.12696,-47.27225,DEL04-SP,Risco Baixo,Alta
domingo,BR-163,246.4,Pleno dia,Decrescente,Céu Claro,Simples,Reta,-24.70853,-53.72069,DEL06-PR,Risco Baixo,Alta
quarta-feira,BR-476,136.9,Pleno dia,Crescente,Nublado,Múltipla,Reta,-25.49686,-49.27675,DEL01-PR,Risco Médio,Baixa
sábado,BR-493,50.0,Plena Noite,Crescente,Céu Claro,Dupla,Reta,-22.66894,-43.31045,DEL01-RJ,Risco Médio,Baixa
segunda-feira,BR-116,521.3,Amanhecer,Crescente,Nublado,Dupla,Reta,-31.70752,-52.36801,DEL07-RS,Risco Médio,Alta
domingo,BR-356,46.2,Plena Noite,Decrescente,Céu Claro,Simples,Reta,-21.23524,-41.79978,DEL08-RJ,Risco Alto,Baixa
domingo,BR-60,26.3,Pleno dia,Decrescente,Céu Claro,Dupla,Não Informado,-16.0035,-48.24528,DEL01-DF,Risco Baixo,Média
domingo,BR-40,511.0,Pleno dia,Crescente,Nublado,Dupla,Reta,-19.7856,-44.1151,DEL01-MG,Risco Médio,Alta
quarta-feira,BR-418,112.5,Anoitecer,Decrescente,Céu Claro,Simples,Reta,-17.89043,-40.07012,DEL09-BA,Risco Alto,Baixa
sexta-feira,BR-40,786.0,Anoitecer,Crescente,Nublado,Dupla,Reta,-21.72734,-43.43853,DEL05-MG,Risco Baixo,Alta
quinta-feira,BR-262,819.0,Pleno dia,Decrescente,Céu Claro,Dupla,Reta,-19.76264,-48.13569,DEL13-MG,Risco Médio,Média
domingo,BR-116,477.0,Amanhecer,Crescente,Nublado,Dupla,Reta,-24.69843,-48.00305,DEL05-SP,Risco Baixo,Alta
quinta-feira,BR-280,66.0,Pleno dia,Decrescente,Sol,Simples,Reta,-26.47607,-49.09569,DEL03-SC,Risco Médio,Baixa
terça-feira,BR-376,169.0,Pleno dia,Crescente,Chuva,Simples,Reta,-23.405,-51.9941,DEL07-PR,Risco Médio,Baixa
terça-feira,BR-116,541.5,Pleno dia,Crescente,Chuva,Dupla,Curva,-24.97246,-48.39977,DEL05-SP,Risco Médio,Alta
quarta-feira,BR-230,28.0,Pleno dia,Crescente,Céu Claro,Dupla,Viaduto,-7.1651,-34.8941,DEL01-PB,Risco Médio,Baixa
quinta-feira,BR-116,204.5,Pleno dia,Decrescente,Garoa/Chuvisco,Múltipla,Reta,-23.41236,-46.35692,DEL01-SP,Risco Médio,Alta
sábado,BR-116,234.3,Plena Noite,Decrescente,Garoa/Chuvisco,Simples,Curva,-27.7024,-50.33486,DEL05-SC,Risco Baixo,Alta
segunda-feira,BR-282,560.2,Plena Noite,Crescente,Céu Claro,Simples,Curva,-26.92611,-52.84902,DEL07-SC,Risco Alto,Baixa
domingo,BR-376,650.8,Pleno dia,Crescente,Nublado,Dupla,Curva,-25.84563,-49.0773,DEL01-PR,Risco Médio,Baixa
domingo,BR-153,466.0,Pleno dia,Decrescente,Céu Claro,Simples,Reta,-26.3263,-51.24,DEL02-PR,Risco Médio,Alta
sexta-feira,BR-101,363.9,Pleno dia,Decrescente,Nublado,Dupla,Não Informado,-28.67694,-49.13295,DEL02-SC,Risco Médio,Alta
segunda-feira,BR-101,113.5,Pleno dia,Crescente,Nublado,Simples,Reta,-26.85764,-48.72785,DEL04-SC,Risco Médio,Alta
segunda-feira,BR-153,35.5,Pleno dia,Decrescente,Céu Claro,Simples,Curva,-26.82208,-51.72209,DEL07-SC,Risco Médio,Alta
quinta-feira,BR-40,124.0,Pleno dia,Crescente,Céu Claro,Múltipla,Reta,-22.80609,-43.28957,DEL01-RJ,Risco Médio,Alta
terça-feira,BR-101,211.0,Anoitecer,Crescente,Nublado,Simples,Reta,-19.80701,-40.36767,DEL02-ES,Risco Médio,Alta
domingo,BR-262,328.0,Plena Noite,Crescente,Céu Claro,Simples,Reta,-20.46406,-54.5548,DEL01-MS,Risco Médio,Média
sábado,BR-259,63.9,Anoitecer,Decrescente,Céu Claro,Simples,Reta,-19.51991,-40.71451,DEL02-ES,Risco Médio,Baixa
sexta-feira,BR-116,182.4,Pleno dia,Decrescente,Céu Claro,Simples,Reta,-29.37848,-51.12757,DEL05-RS,Risco Médio,Alta
terça-feira,BR-373,256.0,Pleno dia,Crescente,Nublado,Dupla,Reta,-25.189,-50.9,DEL03-PR,Risco Médio,Baixa
quinta-feira,BR-116,541.0,Amanhecer,Crescente,Céu Claro,Simples,Reta,-7.770284,-39.068,DEL05-CE,Risco Baixo,Alta
quarta-feira,BR-116,268.0,Plena Noite,Decrescente,Céu Claro,Dupla,Reta,-29.95039,-51.17653,DEL01-RS,Risco Médio,Alta
domingo,BR-101,17.6,Plena Noite,Decrescente,Chuva,Dupla,Reta,-26.12449,-48.88504,DEL03-SC,Risco Baixo,Alta
segunda-feira,BR-381,447.0,Amanhecer,Crescente,Céu Claro,Simples,Não Informado,-19.83448,-43.85012,DEL01-MG,Risco Médio,Alta
domingo,BR-163,365.4,Plena Noite,Crescente,Céu Claro,Dupla,Rotatória,-21.45979,-54.38096,DEL02-MS,Risco Médio,Alta
quinta-feira,BR-40,1.0,Anoitecer,Decrescente,Céu Claro,Dupla,Reta,-16.05824,-47.98282,DEL01-DF,Risco Médio,Alta
quarta-feira,BR-364,348.0,Pleno dia,Crescente,Céu Claro,Dupla,Curva,-15.79311,-55.57048,DEL02-MT,Risco Médio,Alta
domingo,BR-116,51.3,Pleno dia,Crescente,Garoa/Chuvisco,Dupla,Reta,-22.74158,-45.09206,DEL08-SP,Risco Médio,Alta
domingo,BR-135,318.0,Plena Noite,Decrescente,Céu Claro,Simples,Curva,-8.826211,-44.22654,DEL03-PI,Risco Médio,Baixa
quarta-feira,BR-376,499.0,Pleno dia,Decrescente,Céu Claro,Dupla,Desvio Temporário,-25.19475,-50.07739,DEL03-PR,Risco Médio,Baixa
sexta-feira,BR-116,31.0,Pleno dia,Crescente,Céu Claro,Dupla,Curva,-22.63966,-44.93869,DEL08-SP,Risco Médio,Alta
terça-feira,BR-101,213.3,Pleno dia,Decrescente,Céu Claro,Múltipla,Reta,-27.63697,-48.66514,DEL01-SC,Risco Médio,Alta
sexta-feira,BR-101,219.0,Pleno dia,Crescente,Chuva,Dupla,Curva,-19.8646,-40.38337,DEL02-ES,Risco Médio,Alta
sexta-feira,BR-101,27.0,Plena Noite,Decrescente,Nublado,Simples,Reta,-21.44033,-41.34283,DEL08-RJ,Risco Médio,Alta
terça-feira,BR-282,25.8,Pleno dia,Crescente,Nublado,Simples,Curva,-27.68051,-48.76149,DEL01-SC,Risco Baixo,Baixa
sábado,BR-101,65.7,Amanhecer,Decrescente,Nublado,Dupla,Curva,-18.70936,-39.87762,DEL04-ES,Risco Médio,Alta
domingo,BR-364,710.0,Plena Noite,Crescente,Garoa/Chuvisco,Dupla,Reta,-8.786216,-63.85713,DEL01-RO,Risco Médio,Alta
terça-feira,BR-282,507.0,Plena Noite,Crescente,Céu Claro,Dupla,Rotatória,-26.88617,-52.43911,DEL07-SC,Risco Médio,Baixa
quinta-feira,BR-101,9.0,Anoitecer,Decrescente,Céu Claro,Simples,Reta,-5.226245,-35.49536,DEL02-RN,Risco Médio,Alta
sexta-feira,BR-101,453.0,Plena Noite,Crescente,Chuva,Simples,Reta,-14.36152,-39.32213,DEL05-BA,Risco Baixo,Alta
terça-feira,BR-101,137.6,Pleno dia,Decrescente,Céu Claro,Dupla,Não Informado,-27.01572,-48.61193,DEL04-SC,Risco Médio,Alta
domingo,BR-101,193.0,Plena Noite,Decrescente,Céu Claro,Dupla,Reta,-27.50584,-48.64311,DEL01-SC,Risco Baixo,Alta
domingo,BR-277,126.0,Plena Noite,Crescente,Céu Claro,Dupla,Reta,-25.44518,-49.49857,DEL03-PR,Risco Baixo,Média
sexta-feira,BR-376,163.0,Plena Noite,Crescente,Céu Claro,Dupla,Reta,-23.37432,-52.05189,DEL09-PR,Risco Médio,Baixa
sábado,BR-116,319.9,Pleno dia,Crescente,Céu Claro,Simples,Reta,-11.30682,-38.94076,DEL02-BA,Risco Médio,Alta
terça-feira,BR-285,167.9,Plena Noite,Crescente,Céu Claro,Simples,Curva,-28.3331,-51.29173,DEL05-RS,Risco Médio,Baixa
domingo,BR-277,7.0,Anoitecer,Decrescente,Céu Claro,Dupla,Reta,-25.56134,-48.58292,DEL01-PR,Risco Baixo,Média
quinta-feira,BR-40,245.0,Anoitecer,Crescente,Chuva,Simples,Reta,-18.09462,-45.47581,DEL14-MG,Risco Médio,Alta
terça-feira,BR-158,282.7,Amanhecer,Crescente,Céu Claro,Simples,Reta,-29.39756,-53.66885,DEL09-RS,Risco Médio,Baixa