dia_semana,br,km,fase_dia,sentido_via,condicao_metereologica,tipo_pista,tracado_via,latitude,longitude,delegacia,classificacao_acidente,postos_policiais_PRF
sábado,BR-242,155.0,Plena Noite,Crescente,Céu Claro,Dupla,Reta,-12.51011,-39.64772,DEL06-BA,Risco Médio,Baixa
terça-feira,BR-282,97.0,Pleno dia,Decrescente,Chuva,Simples,Curva,-27.70797,-49.27218,DEL01-SC,Risco Baixo,Baixa
sexta-feira,BR-470,133.0,Plena Noite,Crescente,Garoa/Chuvisco,Simples,Reta,-27.17419,-49.5885,DEL04-SC,Risco Médio,Baixa
quinta-feira,BR-101,52.0,Pleno dia,Decrescente,Céu Claro,Simples,Não Informado,-10.61909,-36.98201,DEL02-SE,Risco Médio,Alta
terça-feira,BR-262,84.6,Plena Noite,Decrescente,Nublado,Simples,Reta,-20.62654,-52.35683,DEL07-MS,Risco Médio,Média
quarta-feira,BR-101,97.0,Pleno dia,Decrescente,Céu Claro,Dupla,Reta,-7.238463,-34.92685,DEL01-PB,Risco Médio,Alta
sábado,BR-116,94.6,Plena Noite,Decrescente,Nublado,Dupla,Reta,-22.96304,-45.42596,DEL06-SP,Risco Alto,Alta
quarta-feira,BR-282,41.1,Plena Noite,Decrescente,Nublado,Simples,Reta,-27.71597,-48.87898,DEL01-SC,Risco Médio,Baixa
sábado,BR-369,143.2,Pleno dia,Crescente,Céu Claro,Dupla,Reta,-23.29301,-51.09737,DEL07-PR,Risco Médio,Baixa
domingo,BR-376,2.8,Plena Noite,Crescente,Garoa/Chuvisco,Dupla,Reta,-25.54772,-49.18892,DEL01-PR,Risco Alto,Baixa
segunda-feira,BR-101,594.9,Amanhecer,Crescente,Chuva,Simples,Curva,-23.33015,-44.73594,DEL03-RJ,Risco Baixo,Alta
sábado,BR-262,54.0,Amanhecer,Decrescente,Nublado,Simples,Curva,-20.26135,-42.16469,DEL06-MG,Risco Médio,Média
sábado,BR-230,216.8,Plena Noite,Crescente,Céu Claro,Simples,Reta,-6.830988,-44.6656,DEL05-MA,Risco Baixo,Baixa
domingo,BR-373,479.7,Pleno dia,Decrescente,Céu Claro,Simples,Interseção de vias,-25.9785,-52.53923,DEL02-PR,Risco Médio,Baixa
domingo,BR-116,144.0,Plena Noite,Crescente,Chuva,Dupla,Desvio Temporário,-22.67144,-43.28714,DEL04-RJ,Risco Médio,Alta
quinta-feira,BR-222,314.0,Plena Noite,Crescente,Nublado,Simples,Interseção de vias,-3.7311,-41.00095,DEL04-CE,Risco Baixo,Baixa
quarta-feira,BR-330,779.0,Plena Noite,Decrescente,Céu Claro,Simples,Reta,-14.14268,-39.72079,DEL03-BA,Risco Alto,Baixa
quinta-feira,BR-230,68.0,Pleno dia,Crescente,Céu Claro,Dupla,Não Informado,-7.1873,-35.2065,DEL01-PB,Risco Médio,Baixa
sexta-feira,BR-116,427.0,Plena Noite,Crescente,Céu Claro,Simples,Curva,-18.95945,-41.9697,DEL06-MG,Risco Médio,Alta
sábado,BR-153,525.1,Pleno dia,Crescente,Céu Claro,Dupla,Reta,-16.92792,-49.25193,DEL01-GO,Risco Baixo,Alta
sábado,BR-153,49.0,Pleno dia,Crescente,Céu Claro,Simples,Curva,-26.9106,-51.787,DEL07-SC,Risco Baixo,Alta
sábado,BR-282,47.2,Pleno dia,Crescente,Nublado,Simples,Reta,-27.71936,-48.93734,DEL01-SC,Risco Baixo,Baixa
domingo,BR-116,538.0,Plena Noite,Crescente,Chuva,Simples,Curva,-24.97172,-48.3731,DEL05-SP,Risco Médio,Alta
sábado,BR-40,739.7,Plena Noite,Decrescente,Nublado,Simples,Curva,-21.39404,-43.5668,DEL05-MG,Risco Médio,Alta
sábado,BR-50,239.5,Pleno dia,Crescente,Céu Claro,Dupla,Não Informado,-17.8745,-47.7889,DEL06-GO,Risco Baixo,Média
domingo,BR-40,520.0,Pleno dia,Crescente,Céu Claro,Dupla,Não Informado,-19.84762,-44.07276,DEL01-MG,Risco Médio,Alta
terça-feira,BR-470,62.0,Pleno dia,Crescente,Céu Claro,Simples,Reta,-26.87947,-49.17098,DEL04-SC,Risco Médio,Baixa
sexta-feira,BR-110,173.2,Plena Noite,Crescente,Céu Claro,Simples,Reta,-10.833,-38.5321,DEL07-BA,Risco Médio,Baixa
domingo,BR-40,97.0,Pleno dia,Decrescente,Céu Claro,Simples,Curva,-22.58376,-43.26182,DEL06-RJ,Risco Médio,Alta
quinta-feira,BR-230,455.0,Plena Noite,Decrescente,Céu Claro,Simples,Reta,-6.78056,-38.15651,DEL03-PB,Risco Alto,Baixa
terça-feira,BR-163,154.0,Plena Noite,Crescente,Chuva,Dupla,Não Informado,-25.38467,-53.57633,DEL04-PR,Risco Médio,Alta
quinta-feira,BR-116,94.0,Anoitecer,Decrescente,Céu Claro,Simples,Reta,-4.496747,-38.36102,DEL03-CE,Risco Médio,Alta
sábado,BR-163,600.0,Pleno dia,Crescente,Céu Claro,Dupla,Ponte,-19.50263,-54.4764,DEL06-MS,Risco Médio,Alta
domingo,BR-163,560.8,Plena Noite,Decrescente,Chuva,Dupla,Reta,-19.80985,-54.37122,DEL01-MS,Risco Médio,Alta
segunda-feira,BR-156,712.0,Plena Noite,Crescente,Nevoeiro/Neblina,Simples,Reta,3.039865,-51.45976,DEL01-AP,Risco Médio,Baixa
segunda-feira,BR-40,123.0,Pleno dia,Crescente,Nublado,Dupla,Não Informado,-22.79908,-43.29016,DEL01-RJ,Risco Médio,Alta
sábado,BR-40,772.0,Pleno dia,Crescente,Sol,Simples,Reta,-21.61782,-43.45469,DEL05-MG,Risco Médio,Alta
sábado,BR-324,468.0,Plena Noite,Crescente,Chuva,Simples,Desvio Temporário,-11.95804,-39.16532,DEL02-BA,Risco Baixo,Baixa
domingo,BR-101,211.4,Plena Noite,Crescente,Céu Claro,Dupla,Reta,-27.62329,-48.65246,DEL01-SC,Risco Médio,Alta
quarta-feira,BR-232,68.6,Plena Noite,Decrescente,Céu Claro,Dupla,Curva,-8.176033,-35.47536,DEL01-PE,Risco Baixo,Baixa
sexta-feira,BR-116,31.0,Amanhecer,Decrescente,Nublado,Dupla,Não Informado,-25.10917,-48.82825,DEL01-PR,Risco Médio,Alta
quinta-feira,BR-393,169.0,Pleno dia,Crescente,Céu Claro,Simples,Reta,-22.12506,-43.15587,DEL06-RJ,Risco Médio,Média
terça-feira,BR-365,592.9,Pleno dia,Crescente,Céu Claro,Simples,Curva,-18.88145,-48.05597,DEL15-MG,Risco Alto,Média
quarta-feira,BR-101,127.0,Plena Noite,Crescente,Chuva,Dupla,Curva,-26.96393,-48.68328,DEL04-SC,Risco Baixo,Alta
terça-feira,BR-262,308.0,Plena Noite,Decrescente,Céu Claro,Simples,Reta,-20.47765,-54.36281,DEL01-MS,Risco Médio,Média
segunda-feira,BR-101,73.8,Pleno dia,Crescente,Céu Claro,Simples,Não Informado,-10.75674,-37.10468,DEL01-SE,Risco Alto,Alta
segunda-feira,BR-376,162.0,Pleno dia,Crescente,Céu Claro,Dupla,Não Informado,-23.37085,-52.06017,DEL07-PR,Risco Médio,Baixa
domingo,BR-101,217.5,Plena Noite,Crescente,Chuva,Múltipla,Reta,-27.6771,-48.67,DEL01-SC,Risco Baixo,Alta
sexta-feira,BR-222,672.0,Plena Noite,Decrescente,Céu Claro,Simples,Desvio Temporário,-4.9113,-47.4146,DEL04-MA,Risco Alto,Baixa
domingo,BR-101,266.2,Pleno dia,Crescente,Sol,Múltipla,Reta,-20.19506,-40.26902,DEL02-ES,Risco Médio,Alta
sexta-feira,BR-364,359.0,Pleno dia,Decrescente,Céu Claro,Simples,Reta,-10.78643,-62.04906,DEL02-RO,Risco Médio,Alta
domingo,BR-280,17.9,Plena Noite,Crescente,Nublado,Simples,Reta,-26.3561,-48.6603,DEL03-SC,Risco Médio,Baixa
segunda-feira,BR-101,213.0,Plena Noite,Crescente,Céu Claro,Simples,Reta,-19.82393,-40.36975,DEL02-ES,Risco Médio,Alta
quinta-feira,BR-381,514.9,Plena Noite,Crescente,Céu Claro,Dupla,Não Informado,-20.09213,-44.31453,DEL01-MG,Risco Baixo,Alta
segunda-feira,BR-104,40.0,Pleno dia,Crescente,Céu Claro,Dupla,Reta,-8.0938,-36.0334,DEL02-PE,Risco Baixo,Baixa
domingo,BR-343,25.0,Plena Noite,Crescente,Céu Claro,Simples,Reta,-3.025669,-41.77046,DEL05-PI,Risco Médio,Baixa
quarta-feira,BR-367,32.8,Plena Noite,Crescente,Céu Claro,Simples,Reta,-16.42202,-39.14457,DEL09-BA,Risco Médio,Baixa
segunda-feira,BR-116,267.0,Pleno dia,Decrescente,Céu Claro,Dupla,Reta,-29.94142,-51.17697,DEL01-RS,Risco Médio,Alta
quinta-feira,BR-369,508.8,Pleno dia,Decrescente,Sol,Simples,Reta,-24.844,-53.3169,DEL09-PR,Risco Médio,Baixa
sexta-feira,BR-163,829.4,Pleno dia,Crescente,Céu Claro,Dupla,Reta,-11.9117,-55.5098,DEL06-MT,Risco Médio,Alta
terça-feira,BR-277,309.0,Pleno dia,Decrescente,Nublado,Simples,Não Informado,-25.3075,-51.21,DEL08-PR,Risco Médio,Média
quarta-feira,BR-116,3.0,Pleno dia,Decrescente,Céu Claro,Dupla,Reta,-3.778665,-38.5149,DEL01-CE,Risco Baixo,Alta
segunda-feira,BR-230,46.1,Pleno dia,Crescente,Céu Claro,Dupla,Reta,-7.1635,-35.025,DEL01-PB,Risco Médio,Baixa
domingo,BR-262,637.0,Pleno dia,Decrescente,Céu Claro,Simples,Reta,-19.59291,-46.49,DEL08-MG,Risco Médio,Média
quinta-feira,BR-40,101.4,Pleno dia,Crescente,Céu Claro,Simples,Reta,-17.57018,-46.49882,DEL14-MG,Risco Baixo,Alta
sexta-feira,BR-386,415.8,Pleno dia,Decrescente,Céu Claro,Simples,Reta,-29.81752,-51.4732,DEL04-RS,Risco Médio,Média
sexta-feira,BR-116,839.2,Plena Noite,Decrescente,Céu Claro,Simples,Reta,-14.90785,-40.87301,DEL08-BA,Risco Médio,Alta
terça-feira,BR-101,236.1,Pleno dia,Decrescente,Nublado,Simples,Reta,-19.98435,-40.41371,DEL02-ES,Risco Médio,Alta
sábado,BR-70,498.0,Plena Noite,Crescente,Céu Claro,Simples,Reta,-15.668,-56.00899,DEL01-MT,Risco Médio,Baixa
segunda-feira,BR-116,283.0,Pleno dia,Decrescente,Nublado,Dupla,Reta,-23.69297,-46.86353,DEL04-SP,Risco Médio,Alta
domingo,BR-153,585.0,Pleno dia,Crescente,Nublado,Dupla,Reta,-17.4253,-49.2278,DEL03-GO,Risco Médio,Alta
sábado,BR-376,174.3,Pleno dia,Decrescente,Céu Claro,Dupla,Interseção de vias,-23.4143,-51.94984,DEL09-PR,Risco Médio,Baixa
terça-feira,BR-101,296.3,Pleno dia,Decrescente,Garoa/Chuvisco,Dupla,Não Informado,-20.3403,-40.40406,DEL01-ES,Risco Médio,Alta
sexta-feira,BR-101,136.6,Pleno dia,Decrescente,Nublado,Dupla,Reta,-27.01265,-48.61403,DEL04-SC,Risco Médio,Alta
quarta-feira,BR-116,201.0,Pleno dia,Crescente,Sol,Dupla,Curva,-22.73125,-43.60365,DEL01-RJ,Risco Médio,Alta
segunda-feira,BR-40,528.3,Pleno dia,Decrescente,Nublado,Dupla,Não Informado,-19.91115,-44.04234,DEL01-MG,Risco Baixo,Alta
sábado,BR-101,212.0,Plena Noite,Crescente,Nublado,Simples,Reta,-27.6372,-48.6651,DEL01-SC,Risco Médio,Alta
segunda-feira,BR-40,633.0,Pleno dia,Decrescente,Céu Claro,Simples,Reta,-20.68155,-43.79431,DEL05-MG,Risco Médio,Alta
sábado,BR-376,224.0,Plena Noite,Crescente,Céu Claro,Dupla,Desvio Temporário,-23.59421,-51.57883,DEL07-PR,Risco Médio,Baixa
sexta-feira,BR-407,424.2,Plena Noite,Crescente,Ignorado,Simples,Reta,-7.086907,-41.4282,DEL04-PI,Risco Médio,Baixa
domingo,BR-222,3.7,Pleno dia,Decrescente,Céu Claro,Dupla,Rotatória,-3.740377,-38.59569,DEL01-CE,Risco Médio,Baixa
domingo,BR-262,435.7,Plena Noite,Decrescente,Vento,Dupla,Reta,-19.89666,-44.85116,DEL08-MG,Risco Médio,Média
sábado,BR-280,141.2,Amanhecer,Decrescente,Nevoeiro/Neblina,Simples,Não Informado,-26.2483,-49.63042,DEL06-SC,Risco Médio,Baixa
quarta-feira,BR-163,367.3,Pleno dia,Crescente,Garoa/Chuvisco,Simples,Reta,-21.4456,-54.3763,DEL02-MS,Risco Alto,Alta
quarta-feira,BR-364,343.0,Pleno dia,Crescente,Céu Claro,Dupla,Reta,-10.8804,-61.9427,DEL02-RO,Risco Médio,Alta
segunda-feira,BR-101,100.0,Pleno dia,Decrescente,Céu Claro,Dupla,Reta,-5.881069,-35.22542,DEL01-RN,Risco Médio,Alta
terça-feira,BR-101,40.0,Pleno dia,Decrescente,Céu Claro,Dupla,Curva,-9.163779,-35.77035,DEL01-AL,Risco Médio,Alta
sexta-feira,BR-116,42.0,Plena Noite,Decrescente,Céu Claro,Dupla,Retorno Regulamentado,-4.123281,-38.48614,DEL01-CE,Risco Médio,Alta
quarta-feira,BR-116,181.8,Plena Noite,Decrescente,Céu Claro,Dupla,Reta,-22.73866,-43.47672,DEL01-RJ,Risco Médio,Alta
sábado,BR-101,144.9,Plena Noite,Decrescente,Nublado,Dupla,Reta,-27.07327,-48.59673,DEL04-SC,Risco Médio,Alta
domingo,BR-282,37.3,Pleno dia,Crescente,Chuva,Simples,Reta,-27.70733,-48.84298,DEL01-SC,Risco Médio,Baixa
terça-feira,BR-381,403.2,Plena Noite,Decrescente,Nublado,Simples,Reta,-19.75138,-43.53638,DEL01-MG,Risco Médio,Alta
terça-feira,BR-153,419.0,Pleno dia,Decrescente,Chuva,Simples,Não Informado,-16.17733,-49.04301,DEL02-GO,Risco Médio,Alta
quinta-feira,BR-262,418.0,Pleno dia,Decrescente,Céu Claro,Dupla,Retorno Regulamentado,-19.89963,-44.69609,DEL08-MG,Risco Baixo,Média
sábado,BR-40,3.0,Pleno dia,Decrescente,Céu Claro,Dupla,Reta,-16.07608,-47.98567,DEL01-DF,Risco Médio,Alta
quinta-feira,BR-282,58.5,Pleno dia,Crescente,Chuva,Simples,Reta,-27.68359,-49.00554,DEL01-SC,Risco Médio,Baixa
quarta-feira,BR-116,37.8,Plena Noite,Decrescente,Céu Claro,Dupla,Curva,-22.66851,-44.98901,DEL08-SP,Risco Médio,Alta
domingo,BR-60,391.9,Pleno dia,Decrescente,Sol,Dupla,Não Informado,-17.8252,-50.9624,DEL04-GO,Risco Baixo,Média
sábado,BR-262,34.9,Pleno dia,Decrescente,Céu Claro,Simples,Reta,-20.25693,-42.01099,DEL06-MG,Risco Médio,Média
quarta-feira,BR-40,4.0,Pleno dia,Decrescente,Céu Claro,Dupla,Reta,-16.01093,-47.98232,DEL01-DF,Risco Médio,Alta
segunda-feira,BR-364,2.8,Plena Noite,Crescente,Céu Claro,Simples,Reta,-20.1407,-48.69477,DEL13-MG,Risco Médio,Alta
quarta-feira,BR-316,6.0,Plena Noite,Decrescente,Céu Claro,Simples,Reta,-5.147021,-42.77439,DEL01-PI,Risco Médio,Baixa
sábado,BR-101,217.5,Plena Noite,Decrescente,Nublado,Múltipla,Reta,-27.67158,-48.67219,DEL01-SC,Risco Médio,Alta
quinta-feira,BR-101,202.2,Pleno dia,Decrescente,Céu Claro,Múltipla,Reta,-27.55712,-48.61898,DEL01-SC,Risco Médio,Alta
terça-feira,BR-488,1.0,Plena Noite,Crescente,Céu Claro,Dupla,Interseção de vias,-22.85081,-45.23189,DEL08-SP,Risco Médio,Baixa
segunda-feira,BR-470,61.0,Pleno dia,Crescente,Céu Claro,Simples,Reta,-26.87895,-49.17421,DEL04-SC,Risco Médio,Baixa
sexta-feira,BR-356,265.3,Pleno dia,Crescente,Céu Claro,Simples,Reta,-21.12839,-42.3668,DEL07-MG,Risco Médio,Baixa
domingo,BR-116,891.0,Amanhecer,Crescente,Céu Claro,Simples,Reta,-15.29351,-41.13824,DEL08-BA,Risco Médio,Alta
domingo,BR-101,66.2,Plena Noite,Decrescente,Céu Claro,Simples,Rotatória,-5.650334,-35.25016,DEL02-RN,Risco Médio,Alta
segunda-feira,BR-101,216.8,Anoitecer,Crescente,Céu Claro,Dupla,Reta,-10.04191,-36.64695,DEL02-AL,Risco Médio,Alta
sexta-feira,BR-116,6.0,Pleno dia,Crescente,Sol,Dupla,Reta,-25.3669,-49.0996,DEL01-PR,Risco Baixo,Alta
quinta-feira,BR-493,19.0,Plena Noite,Decrescente,Céu Claro,Simples,Não Informado,-22.66638,-43.0277,DEL02-RJ,Risco Médio,Baixa
segunda-feira,BR-110,340.0,Anoitecer,Decrescente,Chuva,Simples,Reta,-12.21615,-38.41432,DEL01-BA,Risco Médio,Baixa
terça-feira,BR-101,41.0,Pleno dia,Decrescente,Céu Claro,Dupla,Rotatória,-26.31884,-48.87126,DEL03-SC,Risco Médio,Alta
segunda-feira,BR-60,438.0,Pleno dia,Crescente,Nublado,Dupla,Reta,-17.8357,-51.4044,DEL04-GO,Risco Médio,Média
quinta-feira,BR-364,109.8,Plena Noite,Crescente,Céu Claro,Simples,Não Informado,-16.84636,-53.82535,DEL02-MT,Risco Médio,Alta
sexta-feira,BR-101,69.6,Anoitecer,Crescente,Céu Claro,Múltipla,Reta,-8.059516,-34.94581,DEL01-PE,Risco Baixo,Alta
segunda-feira,BR-290,721.0,Plena Noite,Decrescente,Céu Claro,Simples,Rotatória,-29.76023,-57.05974,DEL13-RS,Risco Médio,Baixa
segunda-feira,BR-116,393.2,Plena Noite,Crescente,Nublado,Dupla,Reta,-30.8409,-51.74794,DEL02-RS,Risco Médio,Alta
sexta-feira,BR-101,132.8,Pleno dia,Crescente,Chuva,Simples,Reta,-26.99654,-48.65565,DEL04-SC,Risco Médio,Alta
domingo,BR-392,282.0,Plena Noite,Decrescente,Céu Claro,Simples,Não Informado,-30.29055,-53.5393,DEL09-RS,Risco Baixo,Média
sábado,BR-101,84.0,Pleno dia,Decrescente,Céu Claro,Dupla,Reta,-7.141114,-34.92142,DEL01-PB,Risco Médio,Alta
sexta-feira,BR-381,862.4,Pleno dia,Crescente,Nublado,Dupla,Curva,-22.33466,-45.92169,DEL16-MG,Risco Médio,Alta
quarta-feira,BR-116,527.0,Pleno dia,Crescente,Sol,Simples,Reta,-19.77359,-42.13226,DEL06-MG,Risco Médio,Alta
quarta-feira,BR-116,148.3,Pleno dia,Decrescente,Garoa/Chuvisco,Dupla,Curva,-29.15445,-51.15102,DEL05-RS,Risco Médio,Alta
quinta-feira,BR-343,265.0,Pleno dia,Crescente,Céu Claro,Simples,Reta,-4.840169,-42.17672,DEL01-PI,Risco Baixo,Baixa
sexta-feira,BR-101,210.0,Pleno dia,Crescente,Céu Claro,Múltipla,Reta,-27.6173,-48.6463,DEL01-SC,Risco Baixo,Alta
segunda-feira,BR-116,128.0,Anoitecer,Decrescente,Céu Claro,Dupla,Reta,-23.11455,-45.71106,DEL02-SP,Risco Baixo,Alta
terça-feira,BR-472,583.0,Plena Noite,Crescente,Céu Claro,Simples,Reta,-29.81321,-57.09645,DEL13-RS,Risco Baixo,Baixa
sábado,BR-163,833.0,Pleno dia,Decrescente,Céu Claro,Simples,Reta,-11.87508,-55.49881,DEL06-MT,Risco Médio,Alta
sexta-feira,BR-316,354.5,Plena Noite,Crescente,Céu Claro,Simples,Reta,-7.12746,-41.08319,DEL04-PI,Risco Alto,Baixa
domingo,BR-316,271.2,Plena Noite,Crescente,Céu Claro,Simples,Reta,-9.571227,-35.81524,DEL02-AL,Risco Médio,Baixa
terça-feira,BR-153,136.0,Pleno dia,Decrescente,Sol,Dupla,Não Informado,-7.137507,-48.20094,DEL02-TO,Risco Médio,Alta
sábado,BR-20,17.0,Pleno dia,Crescente,Céu Claro,Dupla,Desvio Temporário,-15.62137,-47.71698,DEL02-DF,Risco Médio,Baixa
segunda-feira,BR-101,146.5,Pleno dia,Crescente,Céu Claro,Simples,Reta,-12.2729,-38.6802,DEL01-BA,Risco Baixo,Alta
terça-feira,BR-116,18.0,Pleno dia,Decrescente,Nublado,Simples,Curva,-25.10518,-48.71721,DEL01-PR,Risco Baixo,Alta
quinta-feira,BR-20,212.3,Pleno dia,Decrescente,Chuva,Simples,Reta,-14.2594,-46.36586,DEL02-DF,Risco Alto,Baixa
quarta-feira,BR-290,85.0,Plena Noite,Decrescente,Nublado,Simples,Reta,-29.96832,-51.1072,DEL01-RS,Risco Médio,Baixa
segunda-feira,BR-364,383.0,Plena Noite,Crescente,Céu Claro,Simples,Reta,-17.33932,-53.17838,DEL05-GO,Risco Médio,Alta
quarta-feira,BR-381,835.0,Pleno dia,Crescente,Nublado,Dupla,Reta,-22.14321,-45.81608,DEL16-MG,Risco Baixo,Alta
domingo,BR-364,401.0,Pleno dia,Crescente,Céu Claro,Simples,Reta,-15.6556,-55.98592,DEL02-MT,Risco Médio,Alta
segunda-feira,BR-376,587.0,Pleno dia,Crescente,Nublado,Dupla,Viaduto,-25.42994,-49.3663,DEL01-PR,Risco Médio,Baixa
segunda-feira,BR-40,1.3,Pleno dia,Decrescente,Chuva,Dupla,Curva,-22.01067,-43.25892,DEL06-RJ,Risco Médio,Alta
terça-feira,BR-40,124.4,Plena Noite,Crescente,Nublado,Simples,Curva,-22.81078,-43.28861,DEL01-RJ,Risco Médio,Alta
sexta-feira,BR-282,300.8,Pleno dia,Decrescente,Chuva,Simples,Curva,-27.51113,-50.92341,DEL07-SC,Risco Médio,Baixa
terça-feira,BR-101,63.0,Pleno dia,Decrescente,Céu Claro,Dupla,Ponte,-21.74202,-41.33021,DEL08-RJ,Risco Médio,Alta
sexta-feira,BR-381,71.0,Pleno dia,Decrescente,Garoa/Chuvisco,Dupla,Curva,-23.33893,-46.57469,DEL03-SP,Risco Baixo,Alta
sexta-feira,BR-101,415.0,Plena Noite,Crescente,Céu Claro,Simples,Reta,-20.93868,-41.08268,DEL03-ES,Risco Médio,Alta
terça-feira,BR-101,50.3,Pleno dia,Crescente,Sol,Simples,Reta,-23.45019,-45.07744,DEL06-SP,Risco Médio,Alta
quarta-feira,BR-428,139.0,Plena Noite,Crescente,Céu Claro,Simples,Interseção de vias,-8.987876,-40.26256,DEL06-PE,Risco Médio,Baixa
quinta-feira,BR-285,293.0,Pleno dia,Decrescente,Céu Claro,Dupla,Interseção de vias,-28.23664,-52.37516,DEL08-RS,Risco Baixo,Baixa
sábado,BR-101,486.0,Plena Noite,Decrescente,Nublado,Simples,Reta,-22.97709,-44.29635,DEL03-RJ,Risco Médio,Alta
sexta-feira,BR-290,42.4,Plena Noite,Decrescente,Chuva,Dupla,Reta,-29.88934,-50.68275,DEL03-RS,Risco Médio,Baixa
domingo,BR-369,171.0,Plena Noite,Crescente,Céu Claro,Simples,Reta,-23.30123,-51.35057,DEL07-PR,Risco Médio,Baixa
domingo,BR-101,274.0,Plena Noite,Decrescente,Nublado,Simples,Reta,-28.13402,-48.69182,DEL02-SC,Risco Baixo,Alta
terça-feira,BR-369,131.0,Plena Noite,Decrescente,Céu Claro,Dupla,Reta,-23.26189,-50.9914,DEL07-PR,Risco Baixo,Baixa
sexta-feira,BR-381,814.5,Pleno dia,Crescente,Céu Claro,Dupla,Reta,-22.02558,-45.67875,DEL16-MG,Risco Médio,Alta
segunda-feira,BR-235,24.8,Plena Noite,Decrescente,Céu Claro,Simples,Reta,-10.81038,-37.25773,DEL01-SE,Risco Médio,Baixa
terça-feira,BR-153,504.5,Plena Noite,Crescente,Céu Claro,Múltipla,Não Informado,-16.7451,-49.2408,DEL01-GO,Risco Médio,Alta
quinta-feira,BR-277,582.0,Plena Noite,Crescente,Chuva,Dupla,Reta,-24.97675,-53.38623,DEL04-PR,Risco Baixo,Média
terça-feira,BR-104,92.0,Pleno dia,Crescente,Céu Claro,Simples,Reta,-6.988096,-35.82999,DEL02-PB,Risco Médio,Baixa
terça-feira,BR-480,66.4,Plena Noite,Crescente,Nublado,Simples,Não Informado,-27.63151,-52.36002,DEL08-RS,Risco Médio,Baixa
segunda-feira,BR-116,820.7,Pleno dia,Crescente,Garoa/Chuvisco,Simples,Desvio Temporário,-14.83158,-40.83754,DEL08-BA,Risco Médio,Alta
domingo,BR-277,538.9,Pleno dia,Decrescente,Céu Claro,Simples,Não Informado,-25.10568,-53.02474,DEL04-PR,Risco Médio,Média
segunda-feira,BR-116,5.8,Pleno dia,Crescente,Céu Claro,Dupla,Retorno Regulamentado,-3.794671,-38.50773,DEL01-CE,Risco Médio,Alta
domingo,BR-116,229.9,Plena Noite,Crescente,Céu Claro,Simples,Reta,-23.51292,-46.57605,DEL01-SP,Risco Baixo,Alta
sexta-feira,BR-290,96.0,Pleno dia,Crescente,Céu Claro,Múltipla,Reta,-29.99164,-51.20459,DEL01-RS,Risco Médio,Baixa
terça-feira,BR-101,95.7,Anoitecer,Crescente,Nublado,Múltipla,Reta,-5.840768,-35.21036,DEL01-RN,Risco Médio,Alta
quinta-feira,BR-418,3.0,Amanhecer,Crescente,Céu Claro,Simples,Reta,-17.71765,-39.23181,DEL09-BA,Risco Médio,Baixa
domingo,BR-401,4.0,Pleno dia,Decrescente,Nublado,Dupla,Reta,2.789642,-60.65874,DEL01-RR,Risco Médio,Baixa
sábado,BR-424,4.9,Plena Noite,Crescente,Céu Claro,Simples,Reta,-8.460993,-37.04337,DEL03-PE,Risco Alto,Baixa
quinta-feira,BR-280,58.5,Pleno dia,Decrescente,Céu Claro,Simples,Curva,-26.47484,-49.03014,DEL03-SC,Risco Médio,Baixa
sexta-feira,BR-381,861.8,Amanhecer,Crescente,Céu Claro,Dupla,Reta,-22.22708,-45.93937,DEL16-MG,Risco Médio,Alta
sexta-feira,BR-364,564.0,Plena Noite,Crescente,Nublado,Simples,Não Informado,-9.525798,-63.07729,DEL01-RO,Risco Médio,Alta
terça-feira,BR-101,212.5,Pleno dia,Crescente,Garoa/Chuvisco,Dupla,Reta,-27.6372,-48.6651,DEL01-SC,Risco Médio,Alta
segunda-feira,BR-101,90.0,Pleno dia,Decrescente,Nublado,Múltipla,Não Informado,-10.88958,-37.13257,DEL01-SE,Risco Baixo,Alta
quinta-feira,BR-262,161.5,Amanhecer,Decrescente,Chuva,Simples,Curva,-20.2364,-41.52254,DEL01-ES,Risco Médio,Média
sábado,BR-153,67.5,Plena Noite,Crescente,Céu Claro,Simples,Não Informado,-13.41175,-49.13185,DEL07-GO,Risco Alto,Alta
domingo,BR-364,432.0,Pleno dia,Crescente,Chuva,Simples,Reta,-10.4005,-62.525,DEL03-RO,Risco Médio,Alta
domingo,BR-101,60.9,Pleno dia,Decrescente,Céu Claro,Simples,Curva,-21.72444,-41.31956,DEL08-RJ,Risco Médio,Alta
segunda-feira,BR-280,28.6,Anoitecer,Crescente,Céu Claro,Simples,Reta,-26.4045,-48.74561,DEL03-SC,Risco Médio,Baixa
quarta-feira,BR-277,590.0,Pleno dia,Decrescente,Céu Claro,Simples,Não Informado,-24.98121,-53.45592,DEL04-PR,Risco Médio,Média
sexta-feira,BR-354,720.0,Pleno dia,Decrescente,Céu Claro,Simples,Curva,-22.08947,-44.9565,DEL17-MG,Risco Médio,Baixa
quarta-feira,BR-116,650.6,Pleno dia,Crescente,Chuva,Simples,Curva,-13.61074,-40.09095,DEL03-BA,Risco Alto,Alta
quarta-feira,BR-101,318.0,Pleno dia,Decrescente,Sol,Simples,Reta,-22.84563,-43.09841,DEL02-RJ,Risco Médio,Alta
quarta-feira,BR-101,481.0,Pleno dia,Decrescente,Céu Claro,Simples,Desvio Temporário,-23.00976,-44.29153,DEL03-RJ,Risco Médio,Alta