dia_semana,br,km,fase_dia,sentido_via,condicao_metereologica,tipo_pista,tracado_via,latitude,longitude,delegacia,classificacao_acidente,postos_policiais_PRF
sexta-feira,BR-369,52.0,Pleno dia,Crescente,Céu Claro,Simples,Rotatória,-23.11243,-50.333,DEL07-PR,Risco Médio,Baixa
terça-feira,BR-40,511.1,Plena Noite,Decrescente,Chuva,Dupla,Reta,-19.78164,-44.11733,DEL01-MG,Risco Médio,Alta
domingo,BR-101,557.0,Anoitecer,Decrescente,Céu Claro,Simples,Curva,-23.09154,-44.6959,DEL03-RJ,Risco Médio,Alta
quinta-feira,BR-277,328.0,Plena Noite,Decrescente,Céu Claro,Simples,Não Informado,-25.37745,-51.28942,DEL08-PR,Risco Médio,Média
quinta-feira,BR-116,225.8,Pleno dia,Decrescente,Céu Claro,Simples,Curva,-17.45272,-41.49992,DEL11-MG,Risco Baixo,Alta
domingo,BR-242,750.0,Pleno dia,Crescente,Céu Claro,Simples,Reta,-12.21685,-44.44776,DEL10-BA,Risco Médio,Baixa
sábado,BR-354,753.7,Plena Noite,Crescente,Céu Claro,Simples,Reta,-22.33529,-44.82769,DEL05-MG,Risco Médio,Baixa
sexta-feira,BR-101,310.9,Plena Noite,Decrescente,Chuva,Simples,Não Informado,-28.44002,-48.81306,DEL02-SC,Risco Médio,Alta
segunda-feira,BR-101,66.0,Anoitecer,Decrescente,Céu Claro,Simples,Reta,-8.034632,-34.94146,DEL01-PE,Risco Médio,Alta
sábado,BR-101,219.0,Plena Noite,Decrescente,Nublado,Simples,Reta,-19.86374,-40.38319,DEL02-ES,Risco Médio,Alta
segunda-feira,BR-116,218.7,Pleno dia,Decrescente,Sol,Múltipla,Reta,-23.46179,-46.49036,DEL01-SP,Risco Médio,Alta
segunda-feira,BR-470,2.0,Pleno dia,Crescente,Céu Claro,Dupla,Não Informado,-26.86855,-48.67483,DEL04-SC,Risco Médio,Baixa
sábado,BR-277,672.0,Amanhecer,Crescente,Céu Claro,Dupla,Interseção de vias,-25.28744,-54.09701,DEL05-PR,Risco Baixo,Média
domingo,BR-70,373.7,Plena Noite,Crescente,Céu Claro,Simples,Reta,-15.48899,-55.06381,DEL05-MT,Risco Médio,Baixa
domingo,BR-174,586.0,Plena Noite,Crescente,Ignorado,Simples,Desvio Temporário,-12.84508,-60.0707,DEL04-MT,Risco Alto,Baixa
domingo,BR-381,932.4,Pleno dia,Crescente,Chuva,Dupla,Curva,-22.81198,-46.28431,DEL16-MG,Risco Médio,Alta
sexta-feira,BR-101,146.0,Plena Noite,Decrescente,Céu Claro,Múltipla,Interseção de vias,-19.36991,-40.06561,DEL04-ES,Risco Médio,Alta
quarta-feira,BR-290,95.0,Plena Noite,Decrescente,Céu Claro,Dupla,Reta,-29.98553,-51.20226,DEL01-RS,Risco Médio,Baixa
sábado,BR-376,309.0,Pleno dia,Decrescente,Céu Claro,Dupla,Não Informado,-23.9528,-51.1139,DEL07-PR,Risco Médio,Baixa
segunda-feira,BR-163,635.0,Pleno dia,Crescente,Céu Claro,Simples,Reta,-13.60234,-56.03186,DEL01-MT,Risco Médio,Alta
sexta-feira,BR-232,6.5,Plena Noite,Crescente,Céu Claro,Dupla,Reta,-8.070795,-34.95354,DEL01-PE,Risco Baixo,Baixa
domingo,BR-60,30.5,Pleno dia,Crescente,Céu Claro,Dupla,Reta,-16.09449,-48.48935,DEL01-DF,Risco Médio,Média
sábado,BR-369,141.0,Pleno dia,Crescente,Céu Claro,Simples,Rotatória,-23.28556,-51.07433,DEL07-PR,Risco Médio,Baixa
segunda-feira,BR-373,196.0,Amanhecer,Crescente,Céu Claro,Simples,Reta,-25.07972,-50.38549,DEL03-PR,Risco Baixo,Baixa
quinta-feira,BR-116,276.6,Pleno dia,Crescente,Nublado,Múltipla,Não Informado,-17.85602,-41.5151,DEL11-MG,Risco Médio,Alta
sábado,BR-70,13.5,Pleno dia,Decrescente,Céu Claro,Dupla,Reta,-15.79456,-48.16658,DEL01-DF,Risco Médio,Baixa
domingo,BR-364,45.0,Pleno dia,Decrescente,Céu Claro,Simples,Reta,-18.84041,-50.86012,DEL05-GO,Risco Baixo,Alta
sábado,BR-262,95.0,Pleno dia,Decrescente,Nublado,Simples,Reta,-20.36592,-41.0604,DEL01-ES,Risco Médio,Média
quarta-feira,BR-50,165.0,Pleno dia,Crescente,Chuva,Dupla,Não Informado,-17.2961,-47.7569,DEL06-GO,Risco Baixo,Média
quarta-feira,BR-381,498.8,Pleno dia,Decrescente,Sol,Simples,Reta,-20.01173,-44.21976,DEL01-MG,Risco Médio,Alta
quinta-feira,BR-101,412.5,Amanhecer,Crescente,Chuva,Dupla,Curva,-22.8972,-43.85639,DEL01-RJ,Risco Baixo,Alta
sábado,BR-50,45.0,Pleno dia,Decrescente,Chuva,Dupla,Reta,-18.79712,-48.22904,DEL15-MG,Risco Baixo,Média
sábado,BR-316,10.5,Plena Noite,Decrescente,Céu Claro,Múltipla,Reta,-5.164834,-42.769,DEL01-PI,Risco Baixo,Baixa
domingo,BR-381,491.7,Pleno dia,Decrescente,Céu Claro,Dupla,Curva,-19.96181,-44.15754,DEL01-MG,Risco Médio,Alta
quarta-feira,BR-230,38.9,Anoitecer,Crescente,Céu Claro,Dupla,Não Informado,-7.13668,-34.96755,DEL01-PB,Risco Médio,Baixa
quinta-feira,BR-116,303.3,Pleno dia,Crescente,Sol,Simples,Interseção de vias,-22.45833,-44.42763,DEL07-RJ,Risco Médio,Alta
quarta-feira,BR-153,690.0,Plena Noite,Crescente,Céu Claro,Simples,Reta,-11.87111,-49.15663,DEL01-TO,Risco Baixo,Alta
quarta-feira,BR-116,667.5,Plena Noite,Crescente,Céu Claro,Simples,Curva,-20.7731,-42.3004,DEL07-MG,Risco Médio,Alta
sexta-feira,BR-468,4.0,Pleno dia,Decrescente,Nevoeiro/Neblina,Simples,Interseção de vias,-27.86357,-53.35099,DEL08-RS,Risco Médio,Baixa
sábado,BR-427,98.0,Pleno dia,Crescente,Sol,Simples,Rotatória,-6.4706,-37.0816,DEL03-RN,Risco Médio,Baixa
sábado,BR-135,6.4,Plena Noite,Crescente,Céu Claro,Dupla,Reta,-2.62878,-44.26322,DEL01-MA,Risco Médio,Baixa
domingo,BR-70,11.0,Plena Noite,Decrescente,Céu Claro,Dupla,Reta,-15.78976,-48.14873,DEL01-DF,Risco Baixo,Baixa
quarta-feira,BR-20,18.8,Pleno dia,Decrescente,Sol,Dupla,Não Informado,-15.6169,-47.70893,DEL02-DF,Risco Médio,Baixa
terça-feira,BR-116,220.7,Pleno dia,Crescente,Céu Claro,Múltipla,Reta,-23.4683,-46.50825,DEL01-SP,Risco Médio,Alta
sábado,BR-116,220.8,Amanhecer,Decrescente,Céu Claro,Múltipla,Reta,-23.46473,-46.49794,DEL01-SP,Risco Médio,Alta
sábado,BR-343,1.0,Plena Noite,Decrescente,Céu Claro,Dupla,Não Informado,-5.089569,-42.80229,DEL01-PI,Risco Médio,Baixa
terça-feira,BR-381,82.0,Pleno dia,Crescente,Céu Claro,Dupla,Reta,-23.42399,-46.57511,DEL03-SP,Risco Médio,Alta
domingo,BR-262,31.1,Pleno dia,Decrescente,Nublado,Simples,Não Informado,-20.25327,-41.99263,DEL06-MG,Risco Médio,Média
sábado,BR-277,0.0,Pleno dia,Crescente,Nublado,Simples,Curva,-25.52106,-48.5454,DEL01-PR,Risco Baixo,Média
segunda-feira,BR-116,239.7,Plena Noite,Crescente,Chuva,Dupla,Não Informado,-22.63666,-43.9015,DEL07-RJ,Risco Baixo,Alta
quarta-feira,BR-101,200.0,Plena Noite,Decrescente,Nublado,Múltipla,Reta,-27.5402,-48.6229,DEL01-SC,Risco Médio,Alta
terça-feira,BR-116,225.0,Plena Noite,Crescente,Chuva,Múltipla,Reta,-23.49007,-46.54811,DEL01-SP,Risco Médio,Alta
domingo,BR-163,366.1,Plena Noite,Decrescente,Céu Claro,Dupla,Reta,-21.45517,-54.37959,DEL02-MS,Risco Médio,Alta
domingo,BR-20,11.0,Anoitecer,Decrescente,Céu Claro,Simples,Reta,-15.56201,-47.25778,DEL02-DF,Risco Médio,Baixa
terça-feira,BR-174,257.0,Pleno dia,Decrescente,Nublado,Simples,Reta,-15.43469,-59.11151,DEL04-MT,Risco Baixo,Baixa
terça-feira,BR-470,73.7,Pleno dia,Crescente,Nublado,Simples,Interseção de vias,-26.90097,-49.26786,DEL04-SC,Risco Médio,Baixa
sábado,BR-70,6.0,Plena Noite,Decrescente,Céu Claro,Simples,Reta,-15.79124,-48.10576,DEL01-DF,Risco Médio,Baixa
quarta-feira,BR-101,79.7,Plena Noite,Crescente,Céu Claro,Dupla,Reta,-8.143661,-34.94723,DEL01-PE,Risco Médio,Alta
quarta-feira,BR-373,270.5,Plena Noite,Decrescente,Céu Claro,Simples,Curva,-25.23014,-51.03347,DEL03-PR,Risco Médio,Baixa
terça-feira,BR-70,701.0,Pleno dia,Decrescente,Céu Claro,Simples,Não Informado,-16.23792,-57.44447,DEL03-MT,Risco Alto,Baixa
sábado,BR-386,290.9,Pleno dia,Crescente,Céu Claro,Simples,Curva,-29.08954,-52.25368,DEL04-RS,Risco Médio,Média
quinta-feira,BR-356,265.7,Pleno dia,Decrescente,Sol,Simples,Interseção de vias,-21.12764,-42.36843,DEL07-MG,Risco Médio,Baixa
quarta-feira,BR-101,161.3,Pleno dia,Crescente,Chuva,Múltipla,Reta,-27.2191,-48.62603,DEL04-SC,Risco Alto,Alta
quinta-feira,BR-277,584.0,Pleno dia,Decrescente,Céu Claro,Simples,Reta,-24.9645,-53.4087,DEL04-PR,Risco Médio,Média
sábado,BR-60,2.3,Pleno dia,Crescente,Vento,Dupla,Reta,-15.88738,-48.07799,DEL01-DF,Risco Médio,Média
sábado,BR-376,617.0,Plena Noite,Crescente,Nublado,Dupla,Curva,-25.58426,-49.17619,DEL01-PR,Risco Baixo,Baixa
domingo,BR-304,54.5,Plena Noite,Crescente,Céu Claro,Simples,Reta,-4.579312,-37.72268,DEL03-CE,Risco Baixo,Baixa
domingo,BR-116,114.0,Pleno dia,Decrescente,Céu Claro,Simples,Rotatória,-16.5489,-41.5018,DEL11-MG,Risco Baixo,Alta
terça-feira,BR-101,102.0,Amanhecer,Crescente,Nublado,Dupla,Curva,-8.284771,-35.05834,DEL01-PE,Risco Médio,Alta
sábado,BR-101,317.0,Pleno dia,Decrescente,Céu Claro,Dupla,Curva,-28.4265,-48.8605,DEL02-SC,Risco Médio,Alta
domingo,BR-381,929.9,Pleno dia,Crescente,Sol,Dupla,Curva,-22.79911,-46.26124,DEL16-MG,Risco Baixo,Alta
sábado,BR-251,259.0,Anoitecer,Crescente,Céu Claro,Simples,Curva,-16.00275,-41.93285,DEL11-MG,Risco Médio,Baixa
quinta-feira,BR-232,45.0,Plena Noite,Decrescente,Chuva,Dupla,Reta,-8.128181,-35.28168,DEL01-PE,Risco Médio,Baixa
quarta-feira,BR-386,255.1,Pleno dia,Crescente,Sol,Simples,Reta,-28.86108,-52.44495,DEL04-RS,Risco Médio,Média
sábado,BR-364,711.6,Pleno dia,Crescente,Céu Claro,Dupla,Reta,-8.781539,-63.86531,DEL01-RO,Risco Médio,Alta
domingo,BR-101,291.2,Pleno dia,Decrescente,Céu Claro,Dupla,Reta,-20.31887,-40.40222,DEL01-ES,Risco Médio,Alta
sábado,BR-101,693.0,Plena Noite,Decrescente,Garoa/Chuvisco,Simples,Reta,-16.35951,-39.57983,DEL09-BA,Risco Médio,Alta
domingo,BR-386,127.9,Pleno dia,Decrescente,Céu Claro,Simples,Reta,-27.92019,-52.96578,DEL08-RS,Risco Médio,Média
quarta-feira,BR-116,264.7,Pleno dia,Crescente,Céu Claro,Dupla,Reta,-29.91444,-51.17754,DEL01-RS,Risco Médio,Alta
terça-feira,BR-230,14.0,Plena Noite,Crescente,Chuva,Simples,Não Informado,-3.21863,-52.24924,DEL04-PA,Risco Médio,Baixa
segunda-feira,BR-386,171.7,Pleno dia,Decrescente,Céu Claro,Simples,Curva,-28.24345,-52.80355,DEL08-RS,Risco Médio,Média
sexta-feira,BR-101,313.0,Anoitecer,Decrescente,Céu Claro,Dupla,Reta,-22.81485,-43.07533,DEL02-RJ,Risco Médio,Alta
sábado,BR-381,33.7,Plena Noite,Decrescente,Nublado,Múltipla,Curva,-23.0728,-46.56674,DEL03-SP,Risco Alto,Alta
terça-feira,BR-153,62.0,Amanhecer,Decrescente,Nublado,Dupla,Desvio Temporário,-20.81325,-49.35676,DEL09-SP,Risco Médio,Alta
domingo,BR-110,388.1,Plena Noite,Crescente,Chuva,Simples,Não Informado,-12.46338,-38.47579,DEL01-BA,Risco Médio,Baixa
sexta-feira,BR-20,423.5,Pleno dia,Crescente,Céu Claro,Múltipla,Reta,-3.856398,-38.55198,DEL01-CE,Risco Médio,Baixa
segunda-feira,BR-116,290.9,Pleno dia,Decrescente,Céu Claro,Simples,Não Informado,-17.96872,-41.54192,DEL11-MG,Risco Médio,Alta
quarta-feira,BR-232,7.0,Pleno dia,Crescente,Céu Claro,Dupla,Reta,-8.07392,-34.96347,DEL01-PE,Risco Baixo,Baixa
terça-feira,BR-40,58.0,Pleno dia,Crescente,Céu Claro,Simples,Reta,-22.37878,-43.13152,DEL06-RJ,Risco Baixo,Alta
terça-feira,BR-277,374.1,Pleno dia,Decrescente,Nublado,Simples,Não Informado,-25.40305,-51.7326,DEL03-PR,Risco Médio,Média
segunda-feira,BR-262,487.0,Pleno dia,Crescente,Céu Claro,Simples,Reta,-19.78223,-45.26624,DEL08-MG,Risco Médio,Média
quarta-feira,BR-280,57.0,Pleno dia,Decrescente,Garoa/Chuvisco,Simples,Reta,-26.47811,-49.01259,DEL03-SC,Risco Médio,Baixa
domingo,BR-116,454.0,Pleno dia,Crescente,Céu Claro,Dupla,Reta,-24.56704,-47.8745,DEL05-SP,Risco Médio,Alta
segunda-feira,BR-381,84.0,Plena Noite,Crescente,Chuva,Dupla,Reta,-23.44904,-46.56975,DEL03-SP,Risco Alto,Alta
quinta-feira,BR-153,503.1,Plena Noite,Crescente,Nublado,Dupla,Viaduto,-16.7366,-49.243,DEL01-GO,Risco Médio,Alta
domingo,BR-116,82.6,Pleno dia,Crescente,Sol,Simples,Não Informado,-16.29633,-41.46349,DEL11-MG,Risco Médio,Alta
quarta-feira,BR-354,723.5,Pleno dia,Crescente,Garoa/Chuvisco,Simples,Reta,-22.09841,-44.95543,DEL05-MG,Risco Médio,Baixa
sábado,BR-60,30.0,Plena Noite,Crescente,Céu Claro,Dupla,Reta,-16.0963,-48.5202,DEL01-DF,Risco Médio,Média
sexta-feira,BR-470,57.0,Plena Noite,Crescente,Chuva,Simples,Não Informado,-26.88043,-49.13653,DEL04-SC,Risco Médio,Baixa
sábado,BR-116,145.0,Plena Noite,Decrescente,Céu Claro,Múltipla,Não Informado,-23.18698,-45.85481,DEL02-SP,Risco Médio,Alta
quarta-feira,BR-226,0.0,Pleno dia,Decrescente,Céu Claro,Simples,Reta,-5.800019,-35.23817,DEL01-RN,Risco Baixo,Baixa
sábado,BR-110,345.8,Plena Noite,Crescente,Céu Claro,Simples,Reta,-12.20019,-38.41504,DEL01-BA,Risco Alto,Baixa
quarta-feira,BR-116,175.0,Pleno dia,Crescente,Céu Claro,Dupla,Reta,-22.78924,-43.37275,DEL01-RJ,Risco Baixo,Alta
terça-feira,BR-101,364.9,Pleno dia,Crescente,Céu Claro,Dupla,Reta,-28.67822,-49.13926,DEL02-SC,Risco Médio,Alta
sexta-feira,BR-262,192.4,Plena Noite,Decrescente,Nublado,Simples,Reta,-19.87393,-43.09044,DEL03-MG,Risco Médio,Média
sexta-feira,BR-163,766.0,Plena Noite,Crescente,Ignorado,Simples,Reta,-12.44738,-55.65815,DEL06-MT,Risco Médio,Alta
quarta-feira,BR-251,510.0,Pleno dia,Decrescente,Sol,Simples,Reta,-16.6305,-43.6952,DEL12-MG,Risco Médio,Baixa
sábado,BR-163,18.0,Pleno dia,Crescente,Sol,Simples,Curva,-23.94271,-54.2805,DEL09-MS,Risco Médio,Alta
sexta-feira,BR-277,588.5,Pleno dia,Crescente,Chuva,Simples,Reta,-24.97687,-53.44485,DEL04-PR,Risco Médio,Média
sábado,BR-277,130.0,Pleno dia,Crescente,Céu Claro,Dupla,Reta,-25.45961,-49.64423,DEL03-PR,Risco Médio,Média
quinta-feira,BR-116,148.3,Plena Noite,Decrescente,Céu Claro,Dupla,Reta,-23.20179,-45.88024,DEL02-SP,Risco Médio,Alta
sexta-feira,BR-40,21.3,Anoitecer,Crescente,Vento,Dupla,Reta,-22.11424,-43.15859,DEL06-RJ,Risco Médio,Alta
quarta-feira,BR-116,703.0,Pleno dia,Crescente,Nublado,Simples,Curva,-21.12682,-42.38322,DEL07-MG,Risco Médio,Alta
domingo,BR-101,49.2,Pleno dia,Decrescente,Sol,Simples,Reta,-18.57725,-39.89496,DEL04-ES,Risco Médio,Alta
terça-feira,BR-101,95.2,Pleno dia,Crescente,Céu Claro,Dupla,Não Informado,-7.223794,-34.91488,DEL01-PB,Risco Alto,Alta
domingo,BR-116,9.0,Plena Noite,Crescente,Garoa/Chuvisco,Dupla,Curva,-22.54102,-44.77988,DEL08-SP,Risco Médio,Alta
quinta-feira,BR-101,610.6,Amanhecer,Crescente,Céu Claro,Simples,Curva,-15.57845,-39.4087,DEL05-BA,Risco Médio,Alta
domingo,BR-470,53.6,Pleno dia,Crescente,Céu Claro,Simples,Reta,-26.86279,-49.08955,DEL04-SC,Risco Médio,Baixa
quinta-feira,BR-101,87.1,Pleno dia,Crescente,Céu Claro,Dupla,Reta,-7.164001,-34.89666,DEL01-PB,Risco Médio,Alta
sexta-feira,BR-364,135.0,Pleno dia,Decrescente,Céu Claro,Dupla,Reta,-9.985886,-67.84523,DEL01-AC,Risco Médio,Alta
sexta-feira,BR-226,176.3,Pleno dia,Crescente,Céu Claro,Dupla,Interseção de vias,-6.263742,-36.51852,DEL03-RN,Risco Médio,Baixa
sábado,BR-101,153.7,Amanhecer,Decrescente,Chuva,Dupla,Reta,-27.15093,-48.61074,DEL04-SC,Risco Baixo,Alta
sexta-feira,BR-116,222.0,Pleno dia,Crescente,Céu Claro,Múltipla,Reta,-23.47093,-46.51631,DEL01-SP,Risco Médio,Alta
terça-feira,BR-101,345.2,Plena Noite,Decrescente,Céu Claro,Dupla,Reta,-28.54566,-49.05345,DEL02-SC,Risco Médio,Alta
terça-feira,BR-277,138.5,Plena Noite,Crescente,Nublado,Dupla,Não Informado,-25.47592,-49.71626,DEL01-PR,Risco Baixo,Média
domingo,BR-232,508.0,Pleno dia,Crescente,Céu Claro,Simples,Reta,-8.062233,-39.12095,DEL05-PE,Risco Médio,Baixa
sexta-feira,BR-470,174.0,Plena Noite,Crescente,Céu Claro,Simples,Reta,-27.25818,-49.92915,DEL04-SC,Risco Médio,Baixa
segunda-feira,BR-158,329.8,Plena Noite,Decrescente,Nublado,Simples,Túnel,-29.70952,-53.83254,DEL09-RS,Risco Médio,Baixa
segunda-feira,BR-470,137.0,Plena Noite,Decrescente,Céu Claro,Simples,Reta,-27.2032,-49.63506,DEL04-SC,Risco Médio,Baixa
quarta-feira,BR-381,480.6,Pleno dia,Crescente,Céu Claro,Múltipla,Reta,-19.9575,-44.079,DEL01-MG,Risco Médio,Alta
sexta-feira,BR-365,642.2,Pleno dia,Decrescente,Céu Claro,Dupla,Desvio Temporário,-18.88238,-48.48418,DEL15-MG,Risco Médio,Média
sábado,BR-230,2.0,Pleno dia,Crescente,Nublado,Dupla,Reta,-6.9837,-34.8295,DEL01-PB,Risco Médio,Baixa
quinta-feira,BR-10,248.7,Pleno dia,Decrescente,Céu Claro,Dupla,Reta,-5.566143,-47.44903,DEL04-MA,Risco Médio,Baixa
segunda-feira,BR-101,144.3,Plena Noite,Decrescente,Céu Claro,Simples,Reta,-19.35188,-40.06367,DEL04-ES,Risco Médio,Alta
sexta-feira,BR-262,265.7,Anoitecer,Crescente,Céu Claro,Simples,Desvio Temporário,-20.42998,-53.97833,DEL01-MS,Risco Médio,Média
domingo,BR-282,464.0,Amanhecer,Crescente,Céu Claro,Simples,Reta,-26.85207,-52.06814,DEL07-SC,Risco Baixo,Baixa
domingo,BR-101,204.4,Plena Noite,Crescente,Céu Claro,Simples,Reta,-11.50122,-37.78336,DEL02-SE,Risco Médio,Alta
segunda-feira,BR-251,257.0,Pleno dia,Decrescente,Céu Claro,Simples,Curva,-16.0027,-41.8925,DEL11-MG,Risco Baixo,Baixa
segunda-feira,BR-116,517.9,Pleno dia,Crescente,Céu Claro,Dupla,Reta,-31.68458,-52.34624,DEL07-RS,Risco Médio,Alta
sexta-feira,BR-381,520.6,Plena Noite,Crescente,Céu Claro,Dupla,Reta,-20.13477,-44.31281,DEL04-MG,Risco Baixo,Alta
domingo,BR-116,191.6,Plena Noite,Decrescente,Céu Claro,Simples,Reta,-27.35449,-50.43527,DEL05-SC,Risco Baixo,Alta
sexta-feira,BR-116,102.0,Anoitecer,Crescente,Céu Claro,Dupla,Reta,-22.99498,-45.48951,DEL06-SP,Risco Médio,Alta
segunda-feira,BR-70,7.0,Anoitecer,Decrescente,Céu Claro,Simples,Reta,-15.87814,-52.31679,DEL07-MT,Risco Médio,Baixa
quinta-feira,BR-163,507.4,Pleno dia,Crescente,Chuva,Simples,Curva,-20.26499,-54.48435,DEL01-MS,Risco Baixo,Alta
sexta-feira,BR-153,59.5,Plena Noite,Crescente,Chuva,Simples,Interseção de vias,-26.96949,-51.85472,DEL07-SC,Risco Médio,Alta
quarta-feira,BR-116,266.0,Plena Noite,Decrescente,Céu Claro,Dupla,Reta,-29.9324,-51.17742,DEL01-RS,Risco Médio,Alta
domingo,BR-262,362.5,Plena Noite,Crescente,Céu Claro,Dupla,Reta,-19.98026,-44.22672,DEL01-MG,Risco Médio,Média
domingo,BR-476,135.0,Plena Noite,Decrescente,Céu Claro,Múltipla,Reta,-25.48379,-49.26581,DEL01-PR,Risco Alto,Baixa
sábado,BR-116,224.5,Pleno dia,Decrescente,Chuva,Simples,Curva,-17.43964,-41.51146,DEL11-MG,Risco Médio,Alta
segunda-feira,BR-222,128.0,Plena Noite,Crescente,Ignorado,Simples,Curva,-3.704273,-39.61529,DEL04-CE,Risco Baixo,Baixa
terça-feira,BR-101,201.0,Pleno dia,Decrescente,Céu Claro,Simples,Reta,-27.548,-48.619,DEL01-SC,Risco Médio,Alta
terça-feira,BR-423,70.0,Plena Noite,Crescente,Céu Claro,Simples,Desvio Temporário,-9.306502,-37.89829,DEL03-AL,Risco Médio,Baixa
sábado,BR-290,301.5,Pleno dia,Decrescente,Céu Claro,Simples,Reta,-30.31972,-53.21812,DEL09-RS,Risco Alto,Baixa
sábado,BR-101,20.0,Plena Noite,Decrescente,Céu Claro,Dupla,Reta,-7.660427,-34.9378,DEL01-PE,Risco Alto,Alta
sábado,BR-60,91.9,Pleno dia,Crescente,Céu Claro,Dupla,Retorno Regulamentado,-16.3491,-48.9095,DEL02-GO,Risco Médio,Média
sexta-feira,BR-101,67.0,Pleno dia,Crescente,Céu Claro,Simples,Retorno Regulamentado,-21.76751,-41.34876,DEL08-RJ,Risco Médio,Alta
segunda-feira,BR-470,106.0,Plena Noite,Crescente,Nublado,Simples,Reta,-27.06801,-49.41855,DEL04-SC,Risco Médio,Baixa
segunda-feira,BR-110,44.8,Plena Noite,Crescente,Chuva,Simples,Reta,-5.19156,-37.30987,DEL04-RN,Risco Médio,Baixa
terça-feira,BR-222,63.2,Pleno dia,Decrescente,Céu Claro,Simples,Reta,-4.211308,-41.6845,DEL02-PI,Risco Médio,Baixa
terça-feira,BR-285,359.5,Pleno dia,Crescente,Céu Claro,Simples,Reta,-28.36442,-52.96745,DEL08-RS,Risco Médio,Baixa
domingo,BR-101,378.1,Plena Noite,Crescente,Céu Claro,Simples,Reta,-28.74991,-49.26793,DEL02-SC,Risco Médio,Alta
segunda-feira,BR-70,47.0,Pleno dia,Crescente,Céu Claro,Simples,Não Informado,-15.74586,-52.61387,DEL07-MT,Risco Alto,Baixa
segunda-feira,BR-101,209.0,Pleno dia,Decrescente,Nublado,Múltipla,Reta,-27.61001,-48.63895,DEL01-SC,Risco Médio,Alta
quarta-feira,BR-101,358.0,Plena Noite,Decrescente,Céu Claro,Dupla,Reta,-20.69172,-40.70425,DEL03-ES,Risco Médio,Alta
terça-feira,BR-101,49.0,Pleno dia,Crescente,Céu Claro,Simples,Reta,-21.67316,-41.31133,DEL08-RJ,Risco Médio,Alta
terça-feira,BR-476,182.9,Pleno dia,Crescente,Céu Claro,Simples,Curva,-25.71644,-49.61634,DEL01-PR,Risco Baixo,Baixa
domingo,BR-282,1.6,Pleno dia,Decrescente,Céu Claro,Múltipla,Reta,-27.60372,-48.58502,DEL01-SC,Risco Médio,Baixa
terça-feira,BR-282,5.0,Pleno dia,Crescente,Céu Claro,Dupla,Reta,-27.58843,-48.61292,DEL01-SC,Risco Baixo,Baixa
domingo,BR-116,15.0,Pleno dia,Crescente,Sol,Dupla,Curva,-25.09833,-48.68266,DEL01-PR,Risco Médio,Alta
sexta-feira,BR-381,562.3,Plena Noite,Crescente,Nublado,Dupla,Reta,-20.38244,-44.48099,DEL04-MG,Risco Médio,Alta
quarta-feira,BR-116,145.7,Plena Noite,Crescente,Nublado,Dupla,Reta,-23.19287,-45.86708,DEL02-SP,Risco Médio,Alta
sábado,BR-386,356.4,Plena Noite,Crescente,Nublado,Dupla,Curva,-29.52261,-51.93502,DEL04-RS,Risco Médio,Média
sexta-feira,BR-101,30.5,Anoitecer,Crescente,Garoa/Chuvisco,Simples,Curva,-9.084775,-35.74681,DEL01-AL,Risco Médio,Alta
terça-feira,BR-40,498.8,Pleno dia,Crescente,Nublado,Dupla,Reta,-19.69072,-44.17902,DEL02-MG,Risco Médio,Alta
sexta-feira,BR-101,254.8,Pleno dia,Crescente,Céu Claro,Simples,Não Informado,-20.11523,-40.31888,DEL02-ES,Risco Médio,Alta
domingo,BR-324,577.0,Pleno dia,Crescente,Sol,Dupla,Não Informado,-12.58364,-38.53073,DEL01-BA,Risco Alto,Baixa
sábado,BR-365,642.0,Plena Noite,Crescente,Céu Claro,Dupla,Reta,-18.88238,-48.48418,DEL15-MG,Risco Baixo,Média
segunda-feira,BR-280,225.0,Pleno dia,Crescente,Céu Claro,Simples,Não Informado,-26.17876,-50.31309,DEL06-SC,Risco Médio,Baixa
terça-feira,BR-365,756.0,Plena Noite,Decrescente,Céu Claro,Simples,Reta,-18.96582,-49.49893,DEL15-MG,Risco Médio,Média
quinta-feira,BR-369,152.0,Anoitecer,Decrescente,Céu Claro,Dupla,Interseção de vias,-23.29287,-51.17582,DEL07-PR,Risco Médio,Baixa
terça-feira,BR-381,820.8,Plena Noite,Decrescente,Céu Claro,Dupla,Reta,-22.10811,-45.74028,DEL16-MG,Risco Médio,Alta
domingo,BR-277,685.0,Pleno dia,Crescente,Céu Claro,Dupla,Curva,-25.33523,-54.20735,DEL05-PR,Risco Médio,Média
segunda-feira,BR-277,121.8,Plena Noite,Decrescente,Nublado,Dupla,Reta,-25.44291,-49.44993,DEL01-PR,Risco Médio,Média
quarta-feira,BR-60,35.1,Pleno dia,Decrescente,Nublado,Dupla,Reta,-16.72163,-49.35435,DEL01-GO,Risco Médio,Média
terça-feira,BR-472,162.0,Pleno dia,Crescente,Chuva,Simples,Reta,-27.87928,-54.42925,DEL10-RS,Risco Médio,Baixa
domingo,BR-116,97.0,Pleno dia,Crescente,Céu Claro,Simples,Reta,-25.53297,-49.1462,DEL01-PR,Risco Baixo,Alta
segunda-feira,BR-101,332.8,Pleno dia,Decrescente,Céu Claro,Múltipla,Curva,-28.46537,-48.99577,DEL02-SC,Risco Baixo,Alta