dia_semana,br,km,fase_dia,sentido_via,condicao_metereologica,tipo_pista,tracado_via,latitude,longitude,delegacia,classificacao_acidente,postos_policiais_PRF
terça-feira,BR-381,406.0,Plena Noite,Decrescente,Céu Claro,Simples,Não Informado,-19.75415,-43.53158,DEL01-MG,Risco Médio,Alta
sexta-feira,BR-174,249.0,Anoitecer,Decrescente,Chuva,Simples,Curva,-15.47822,-59.08704,DEL04-MT,Risco Médio,Baixa
sábado,BR-232,40.9,Pleno dia,Crescente,Nublado,Dupla,Reta,-8.113941,-35.24263,DEL01-PE,Risco Baixo,Baixa
quinta-feira,BR-101,442.8,Pleno dia,Decrescente,Céu Claro,Dupla,Reta,-29.12959,-49.68678,DEL02-SC,Risco Baixo,Alta
segunda-feira,BR-116,444.9,Pleno dia,Decrescente,Nublado,Múltipla,Reta,-24.49773,-47.84153,DEL05-SP,Risco Baixo,Alta
segunda-feira,BR-101,215.0,Pleno dia,Decrescente,Céu Claro,Dupla,Reta,-27.6523,-48.6763,DEL01-SC,Risco Médio,Alta
sábado,BR-316,15.9,Plena Noite,Crescente,Nublado,Dupla,Retorno Regulamentado,-5.235274,-42.74398,DEL01-PI,Risco Baixo,Baixa
domingo,BR-476,256.2,Plena Noite,Crescente,Chuva,Simples,Curva,-25.88989,-50.20716,DEL02-PR,Risco Médio,Baixa
sexta-feira,BR-101,415.0,Plena Noite,Decrescente,Nublado,Simples,Interseção de vias,-22.90433,-43.88181,DEL01-RJ,Risco Médio,Alta
sábado,BR-101,79.0,Plena Noite,Crescente,Céu Claro,Dupla,Reta,-7.1164,-34.9511,DEL01-PB,Risco Médio,Alta
quinta-feira,BR-101,64.5,Pleno dia,Crescente,Céu Claro,Dupla,Reta,-8.02046,-34.94265,DEL01-PE,Risco Médio,Alta
terça-feira,BR-153,61.3,Pleno dia,Crescente,Céu Claro,Dupla,Não Informado,-20.80503,-49.35575,DEL09-SP,Risco Médio,Alta
terça-feira,BR-174,211.0,Pleno dia,Crescente,Céu Claro,Simples,Reta,0.936114,-60.4265,DEL01-RR,Risco Médio,Baixa
domingo,BR-304,39.5,Amanhecer,Crescente,Céu Claro,Simples,Interseção de vias,-4.579704,-37.84949,DEL03-CE,Risco Baixo,Baixa
terça-feira,BR-232,4.3,Plena Noite,Decrescente,Céu Claro,Múltipla,Reta,-8.064473,-34.93693,DEL01-PE,Risco Médio,Baixa
quinta-feira,BR-373,199.0,Pleno dia,Crescente,Sol,Simples,Não Informado,-25.08618,-50.41081,DEL03-PR,Risco Médio,Baixa
sexta-feira,BR-364,386.0,Pleno dia,Crescente,Céu Claro,Dupla,Reta,-17.31974,-53.21092,DEL05-GO,Risco Baixo,Alta
domingo,BR-316,83.0,Pleno dia,Crescente,Sol,Simples,Curva,-5.765044,-42.60992,DEL04-PI,Risco Médio,Baixa
segunda-feira,BR-153,266.0,Pleno dia,Crescente,Sol,Simples,Reta,-8.22705,-48.46489,DEL02-TO,Risco Médio,Alta
quinta-feira,BR-280,139.0,Pleno dia,Crescente,Céu Claro,Simples,Reta,-26.25483,-49.60312,DEL06-SC,Risco Médio,Baixa
quinta-feira,BR-153,105.0,Pleno dia,Crescente,Céu Claro,Dupla,Reta,-6.919771,-48.05746,DEL02-TO,Risco Médio,Alta
segunda-feira,BR-101,82.3,Pleno dia,Crescente,Céu Claro,Dupla,Não Informado,-7.12911,-34.93714,DEL01-PB,Risco Baixo,Alta
domingo,BR-393,264.8,Pleno dia,Crescente,Garoa/Chuvisco,Simples,Curva,-22.4705,-43.8268,DEL05-RJ,Risco Médio,Média
sexta-feira,BR-116,47.0,Pleno dia,Decrescente,Garoa/Chuvisco,Dupla,Reta,-25.21059,-48.89721,DEL01-PR,Risco Médio,Alta
domingo,BR-116,16.3,Anoitecer,Crescente,Céu Claro,Simples,Não Informado,-14.90249,-40.84469,DEL05-PE,Risco Médio,Alta
segunda-feira,BR-101,47.9,Plena Noite,Decrescente,Nublado,Simples,Reta,-23.44412,-45.08374,DEL06-SP,Risco Baixo,Alta
quinta-feira,BR-365,463.0,Plena Noite,Crescente,Chuva,Simples,Desvio Temporário,-18.8897,-46.93478,DEL10-MG,Risco Médio,Média
terça-feira,BR-101,125.0,Pleno dia,Crescente,Céu Claro,Simples,Reta,-19.18496,-40.0943,DEL04-ES,Risco Médio,Alta
terça-feira,BR-235,4.1,Pleno dia,Decrescente,Céu Claro,Dupla,Reta,-10.90626,-37.11291,DEL01-SE,Risco Baixo,Baixa
domingo,BR-222,2.9,Plena Noite,Crescente,Céu Claro,Múltipla,Não Informado,-3.740377,-38.59569,DEL01-CE,Risco Alto,Baixa
domingo,BR-476,124.0,Pleno dia,Decrescente,Céu Claro,Dupla,Reta,-25.39984,-49.21585,DEL01-PR,Risco Alto,Baixa
sábado,BR-324,612.4,Pleno dia,Decrescente,Garoa/Chuvisco,Dupla,Reta,-12.84665,-38.41742,DEL01-BA,Risco Médio,Baixa
domingo,BR-282,84.9,Plena Noite,Decrescente,Chuva,Simples,Curva,-27.66699,-49.18355,DEL01-SC,Risco Alto,Baixa
quarta-feira,BR-262,4.0,Pleno dia,Crescente,Nublado,Múltipla,Interseção de vias,-20.33609,-40.37813,DEL01-ES,Risco Médio,Média
terça-feira,BR-40,673.1,Amanhecer,Crescente,Nublado,Simples,Curva,-20.99882,-43.77598,DEL05-MG,Risco Médio,Alta
domingo,BR-222,9.4,Plena Noite,Crescente,Céu Claro,Dupla,Reta,-3.757746,-38.64611,DEL01-CE,Risco Médio,Baixa
domingo,BR-376,1.0,Plena Noite,Crescente,Garoa/Chuvisco,Dupla,Curva,-25.5307,-49.1958,DEL01-PR,Risco Médio,Baixa
sexta-feira,BR-20,21.0,Plena Noite,Crescente,Chuva,Simples,Reta,-15.60338,-47.68469,DEL02-DF,Risco Médio,Baixa
terça-feira,BR-40,108.0,Pleno dia,Decrescente,Céu Claro,Múltipla,Interseção de vias,-22.67246,-43.28471,DEL01-RJ,Risco Baixo,Alta
domingo,BR-285,489.6,Plena Noite,Crescente,Céu Claro,Simples,Curva,-28.37462,-54.18776,DEL10-RS,Risco Médio,Baixa
sábado,BR-116,14.0,Pleno dia,Crescente,Céu Claro,Múltipla,Reta,-3.872417,-38.49867,DEL01-CE,Risco Médio,Alta
quinta-feira,BR-101,719.1,Pleno dia,Crescente,Céu Claro,Simples,Não Informado,-16.3807,-39.5834,DEL09-BA,Risco Médio,Alta
quinta-feira,BR-222,25.0,Pleno dia,Decrescente,Céu Claro,Simples,Não Informado,-4.311721,-47.6177,DEL02-PA,Risco Baixo,Baixa
sábado,BR-50,100.0,Pleno dia,Decrescente,Céu Claro,Dupla,Reta,-19.13763,-48.17019,DEL15-MG,Risco Médio,Média
domingo,BR-116,481.7,Pleno dia,Crescente,Garoa/Chuvisco,Simples,Reta,-31.4219,-52.1777,DEL07-RS,Risco Médio,Alta
domingo,BR-381,489.0,Pleno dia,Decrescente,Céu Claro,Dupla,Reta,-19.9563,-44.1428,DEL01-MG,Risco Médio,Alta
terça-feira,BR-381,317.0,Pleno dia,Decrescente,Céu Claro,Simples,Não Informado,-19.67843,-42.97963,DEL03-MG,Risco Médio,Alta
quarta-feira,BR-230,131.0,Pleno dia,Decrescente,Céu Claro,Simples,Reta,-5.369728,-49.19186,DEL03-PA,Risco Médio,Baixa
terça-feira,BR-222,236.5,Pleno dia,Crescente,Ignorado,Simples,Reta,-5.36997,-49.1169,DEL03-PA,Risco Médio,Baixa
sábado,BR-414,391.0,Plena Noite,Decrescente,Céu Claro,Simples,Reta,-15.90703,-48.80112,DEL02-GO,Risco Médio,Baixa
quinta-feira,BR-60,7.3,Plena Noite,Crescente,Céu Claro,Simples,Reta,-18.75143,-52.62935,DEL08-MS,Risco Médio,Média
sábado,BR-10,267.7,Pleno dia,Crescente,Chuva,Simples,Não Informado,-5.400108,-47.47304,DEL04-MA,Risco Médio,Baixa
quinta-feira,BR-277,7.7,Pleno dia,Decrescente,Sol,Simples,Interseção de vias,-25.50652,-48.51611,DEL01-PR,Risco Médio,Média
segunda-feira,BR-376,380.9,Pleno dia,Crescente,Sol,Múltipla,Curva,-24.41689,-50.78086,DEL03-PR,Risco Baixo,Baixa
quarta-feira,BR-153,674.0,Pleno dia,Crescente,Céu Claro,Dupla,Não Informado,-11.74596,-49.08518,DEL01-TO,Risco Médio,Alta
terça-feira,BR-50,58.0,Plena Noite,Decrescente,Céu Claro,Múltipla,Desvio Temporário,-18.79408,-48.23422,DEL15-MG,Risco Médio,Média
domingo,BR-135,34.0,Pleno dia,Decrescente,Sol,Dupla,Reta,-2.840086,-44.3746,DEL01-MA,Risco Médio,Baixa
sábado,BR-40,93.0,Plena Noite,Crescente,Chuva,Simples,Curva,-22.53593,-43.23276,DEL06-RJ,Risco Médio,Alta
sábado,BR-101,95.8,Pleno dia,Crescente,Céu Claro,Múltipla,Reta,-5.840768,-35.21036,DEL01-RN,Risco Médio,Alta
quinta-feira,BR-116,191.0,Pleno dia,Crescente,Céu Claro,Múltipla,Reta,-22.74421,-43.50982,DEL01-RJ,Risco Médio,Alta
quarta-feira,BR-316,85.3,Pleno dia,Decrescente,Céu Claro,Simples,Não Informado,-9.369828,-37.24348,DEL03-AL,Risco Médio,Baixa
sábado,BR-381,492.9,Pleno dia,Crescente,Chuva,Múltipla,Reta,-19.9749,-44.19004,DEL01-MG,Risco Médio,Alta
sábado,BR-104,118.0,Plena Noite,Crescente,Céu Claro,Simples,Reta,-7.196378,-35.87571,DEL02-PB,Risco Médio,Baixa
quarta-feira,BR-101,18.7,Pleno dia,Crescente,Céu Claro,Simples,Interseção de vias,-23.32233,-44.90868,DEL06-SP,Risco Baixo,Alta
quarta-feira,BR-163,936.0,Pleno dia,Crescente,Nublado,Simples,Desvio Temporário,-11.0092,-55.2507,DEL06-MT,Risco Médio,Alta
domingo,BR-101,431.5,Pleno dia,Decrescente,Chuva,Simples,Curva,-22.93295,-44.02007,DEL03-RJ,Risco Médio,Alta
quinta-feira,BR-40,144.9,Pleno dia,Decrescente,Chuva,Simples,Curva,-16.98474,-47.25104,DEL01-DF,Risco Médio,Alta
segunda-feira,BR-116,190.5,Pleno dia,Crescente,Chuva,Dupla,Curva,-23.36903,-46.23572,DEL02-SP,Risco Baixo,Alta
segunda-feira,BR-174,316.0,Pleno dia,Decrescente,Céu Claro,Simples,Não Informado,-14.99867,-59.28499,DEL04-MT,Risco Médio,Baixa
sábado,BR-163,680.3,Amanhecer,Crescente,Céu Claro,Simples,Reta,-18.9168,-54.83824,DEL06-MS,Risco Médio,Alta
segunda-feira,BR-153,503.5,Pleno dia,Crescente,Chuva,Simples,Reta,-26.57256,-51.44623,DEL02-PR,Risco Médio,Alta
segunda-feira,BR-135,201.0,Pleno dia,Decrescente,Chuva,Simples,Curva,-12.32799,-45.00664,DEL08-BA,Risco Alto,Baixa
segunda-feira,BR-116,3.0,Pleno dia,Crescente,Céu Claro,Múltipla,Reta,-3.778665,-38.5149,DEL01-CE,Risco Baixo,Alta
quarta-feira,BR-40,678.5,Plena Noite,Crescente,Céu Claro,Simples,Reta,-21.0374,-43.77022,DEL05-MG,Risco Alto,Alta
domingo,BR-116,16.0,Plena Noite,Decrescente,Nublado,Dupla,Curva,-25.3874,-49.1774,DEL01-PR,Risco Baixo,Alta
sexta-feira,BR-364,537.0,Pleno dia,Decrescente,Céu Claro,Simples,Curva,-9.749968,-63.11183,DEL03-RO,Risco Médio,Alta
sexta-feira,BR-470,59.0,Plena Noite,Crescente,Céu Claro,Simples,Reta,-26.88122,-49.13762,DEL04-SC,Risco Médio,Baixa
terça-feira,BR-116,526.4,Pleno dia,Crescente,Céu Claro,Simples,Curva,-19.768,-42.13102,DEL06-MG,Risco Médio,Alta
segunda-feira,BR-116,40.3,Pleno dia,Decrescente,Sol,Dupla,Não Informado,-4.0996,-38.50214,DEL01-CE,Risco Baixo,Alta
quinta-feira,BR-116,30.0,Plena Noite,Crescente,Garoa/Chuvisco,Dupla,Reta,-25.10003,-48.82093,DEL01-PR,Risco Médio,Alta
domingo,BR-230,376.3,Pleno dia,Crescente,Céu Claro,Simples,Reta,-7.295122,-45.93561,DEL05-MA,Risco Baixo,Baixa
quarta-feira,BR-365,47.0,Anoitecer,Crescente,Céu Claro,Simples,Reta,-16.92734,-44.21992,DEL12-MG,Risco Médio,Média
sexta-feira,BR-20,22.0,Pleno dia,Crescente,Chuva,Dupla,Curva,-15.59834,-47.67619,DEL02-DF,Risco Médio,Baixa
domingo,BR-101,150.0,Plena Noite,Decrescente,Nublado,Dupla,Reta,-27.11745,-48.60941,DEL04-SC,Risco Alto,Alta
quinta-feira,BR-40,738.6,Pleno dia,Decrescente,Nublado,Dupla,Curva,-21.3888,-43.56911,DEL05-MG,Risco Médio,Alta
segunda-feira,BR-60,101.3,Amanhecer,Decrescente,Céu Claro,Simples,Não Informado,-16.4022,-48.9745,DEL02-GO,Risco Médio,Média
segunda-feira,BR-116,242.1,Plena Noite,Crescente,Nublado,Dupla,Interseção de vias,-29.7189,-51.14849,DEL01-RS,Risco Baixo,Alta
sábado,BR-282,210.2,Pleno dia,Decrescente,Sol,Simples,Reta,-27.77858,-50.23181,DEL05-SC,Risco Alto,Baixa
domingo,BR-101,304.9,Plena Noite,Decrescente,Céu Claro,Dupla,Reta,-28.35003,-48.73874,DEL02-SC,Risco Médio,Alta
domingo,BR-116,145.3,Pleno dia,Crescente,Céu Claro,Múltipla,Reta,-23.18711,-45.8556,DEL02-SP,Risco Médio,Alta
segunda-feira,BR-101,283.0,Plena Noite,Crescente,Céu Claro,Dupla,Reta,-28.226,-48.7012,DEL02-SC,Risco Baixo,Alta
sábado,BR-343,590.0,Plena Noite,Decrescente,Céu Claro,Simples,Reta,-6.783895,-43.0151,DEL03-PI,Risco Médio,Baixa
quinta-feira,BR-101,5.2,Pleno dia,Decrescente,Céu Claro,Dupla,Reta,-7.541764,-34.99139,DEL01-PE,Risco Alto,Alta
terça-feira,BR-101,508.0,Pleno dia,Crescente,Céu Claro,Simples,Reta,-14.97,-39.31996,DEL05-BA,Risco Médio,Alta
sexta-feira,BR-364,266.0,Plena Noite,Decrescente,Chuva,Dupla,Desvio Temporário,-15.99597,-54.9226,DEL02-MT,Risco Médio,Alta
quarta-feira,BR-116,765.4,Pleno dia,Crescente,Céu Claro,Simples,Reta,-21.52172,-42.64916,DEL07-MG,Risco Médio,Alta
sexta-feira,BR-116,292.0,Plena Noite,Crescente,Céu Claro,Dupla,Reta,-22.46512,-44.28491,DEL07-RJ,Risco Baixo,Alta
segunda-feira,BR-104,37.0,Pleno dia,Decrescente,Céu Claro,Simples,Reta,-9.175882,-36.03109,DEL01-AL,Risco Médio,Baixa
domingo,BR-70,1.0,Amanhecer,Crescente,Garoa/Chuvisco,Simples,Reta,-15.89164,-52.26203,DEL07-MT,Risco Baixo,Baixa
quinta-feira,BR-381,531.9,Plena Noite,Decrescente,Nublado,Dupla,Curva,-20.16405,-44.36569,DEL04-MG,Risco Médio,Alta
domingo,BR-407,113.4,Plena Noite,Decrescente,Ignorado,Simples,Reta,-9.283416,-40.59164,DEL06-PE,Risco Médio,Baixa
terça-feira,BR-116,87.5,Pleno dia,Decrescente,Céu Claro,Simples,Reta,-4.443525,-38.38552,DEL03-CE,Risco Médio,Alta
terça-feira,BR-364,173.9,Plena Noite,Crescente,Céu Claro,Simples,Desvio Temporário,-17.99618,-51.57648,DEL05-GO,Risco Médio,Alta
quinta-feira,BR-277,502.0,Plena Noite,Crescente,Nevoeiro/Neblina,Simples,Reta,-25.1039,-52.8686,DEL04-PR,Risco Médio,Média
segunda-feira,BR-50,141.4,Pleno dia,Crescente,Céu Claro,Dupla,Reta,-19.48278,-48.0518,DEL13-MG,Risco Médio,Média
terça-feira,BR-304,293.0,Pleno dia,Decrescente,Chuva,Simples,Não Informado,-5.868462,-35.37603,DEL01-RN,Risco Médio,Baixa
sábado,BR-110,246.0,Plena Noite,Decrescente,Céu Claro,Simples,Desvio Temporário,-11.4342,-38.28927,DEL01-BA,Risco Alto,Baixa
sexta-feira,BR-242,950.4,Plena Noite,Crescente,Céu Claro,Simples,Reta,-12.30881,-46.31493,DEL10-BA,Risco Médio,Baixa
segunda-feira,BR-316,586.3,Pleno dia,Crescente,Céu Claro,Simples,Curva,-4.981647,-43.08008,DEL03-MA,Risco Baixo,Baixa
quinta-feira,BR-304,296.0,Plena Noite,Decrescente,Garoa/Chuvisco,Dupla,Reta,-5.864849,-35.34931,DEL01-RN,Risco Médio,Baixa
sábado,BR-135,579.0,Pleno dia,Crescente,Nublado,Simples,Reta,-10.37062,-45.16516,DEL03-PI,Risco Médio,Baixa
quarta-feira,BR-116,219.1,Pleno dia,Crescente,Nublado,Múltipla,Reta,-23.46292,-46.49386,DEL01-SP,Risco Baixo,Alta
sábado,BR-230,1.8,Plena Noite,Crescente,Céu Claro,Simples,Curva,-6.75472,-43.02304,DEL03-PI,Risco Médio,Baixa
sexta-feira,BR-153,121.5,Plena Noite,Crescente,Céu Claro,Simples,Curva,-23.93119,-50.2384,DEL07-PR,Risco Alto,Alta
domingo,BR-163,601.0,Pleno dia,Decrescente,Céu Claro,Simples,Reta,-13.79276,-56.06591,DEL01-MT,Risco Médio,Alta
domingo,BR-364,722.0,Pleno dia,Crescente,Sol,Dupla,Não Informado,-8.828253,-63.93602,DEL01-RO,Risco Médio,Alta
domingo,BR-101,296.2,Pleno dia,Crescente,Sol,Múltipla,Curva,-20.3403,-40.40406,DEL01-ES,Risco Médio,Alta
terça-feira,BR-369,177.0,Pleno dia,Crescente,Chuva,Dupla,Viaduto,-23.35069,-51.38721,DEL07-PR,Risco Baixo,Baixa
domingo,BR-163,70.4,Pleno dia,Crescente,Céu Claro,Dupla,Curva,-26.73241,-53.51011,DEL07-SC,Risco Médio,Alta
terça-feira,BR-30,22.0,Pleno dia,Crescente,Céu Claro,Dupla,Interseção de vias,-15.54695,-47.16469,DEL02-DF,Risco Médio,Baixa
sábado,BR-367,29.0,Amanhecer,Decrescente,Céu Claro,Simples,Curva,-16.41635,-39.11793,DEL09-BA,Risco Médio,Baixa
segunda-feira,BR-101,211.8,Pleno dia,Crescente,Céu Claro,Simples,Reta,-19.80701,-40.36767,DEL02-ES,Risco Médio,Alta
sexta-feira,BR-277,713.4,Pleno dia,Crescente,Céu Claro,Dupla,Não Informado,-25.46144,-54.4401,DEL05-PR,Risco Médio,Média
sexta-feira,BR-153,507.1,Pleno dia,Decrescente,Céu Claro,Dupla,Reta,-16.7715,-49.2387,DEL01-GO,Risco Médio,Alta
quinta-feira,BR-70,2.0,Pleno dia,Crescente,Sol,Dupla,Reta,-15.8875,-52.26811,DEL07-MT,Risco Médio,Baixa
quarta-feira,BR-101,187.0,Pleno dia,Crescente,Nublado,Dupla,Reta,-8.686644,-35.58748,DEL01-PE,Risco Médio,Alta
quinta-feira,BR-401,8.5,Plena Noite,Crescente,Céu Claro,Simples,Reta,2.0,-60.0,DEL01-RR,Risco Médio,Baixa
terça-feira,BR-230,28.8,Pleno dia,Crescente,Sol,Dupla,Reta,-7.163256,-34.90169,DEL01-PB,Risco Médio,Baixa
sexta-feira,BR-316,3.9,Pleno dia,Crescente,Sol,Múltipla,Interseção de vias,-5.128264,-42.79292,DEL01-PI,Risco Baixo,Baixa
quarta-feira,BR-392,11.8,Amanhecer,Decrescente,Céu Claro,Dupla,Curva,-32.12508,-52.13757,DEL07-RS,Risco Médio,Média
segunda-feira,BR-116,522.1,Pleno dia,Crescente,Chuva,Simples,Não Informado,-24.73659,-48.12319,DEL05-SP,Risco Baixo,Alta
terça-feira,BR-101,43.0,Pleno dia,Decrescente,Céu Claro,Dupla,Reta,-7.847538,-34.90977,DEL01-PE,Risco Médio,Alta
terça-feira,BR-262,364.0,Amanhecer,Decrescente,Nublado,Dupla,Reta,-19.97438,-44.31978,DEL01-MG,Risco Médio,Média
segunda-feira,BR-471,183.9,Pleno dia,Crescente,Sol,Simples,Reta,-30.1033,-52.36706,DEL02-RS,Risco Médio,Baixa
segunda-feira,BR-376,340.6,Pleno dia,Crescente,Céu Claro,Simples,Curva,-24.14375,-50.99187,DEL07-PR,Risco Médio,Baixa
sábado,BR-116,124.9,Pleno dia,Crescente,Céu Claro,Dupla,Reta,-23.09316,-45.67798,DEL06-SP,Risco Médio,Alta
segunda-feira,BR-101,274.5,Pleno dia,Decrescente,Céu Claro,Dupla,Reta,-20.21289,-40.29612,DEL02-ES,Risco Médio,Alta
segunda-feira,BR-381,688.0,Pleno dia,Decrescente,Sol,Dupla,Reta,-21.1864,-45.1176,DEL04-MG,Risco Alto,Alta
quinta-feira,BR-408,45.0,Amanhecer,Crescente,Nublado,Simples,Desvio Temporário,-7.642943,-35.25375,DEL01-PE,Risco Médio,Baixa
sábado,BR-235,4.0,Pleno dia,Decrescente,Céu Claro,Dupla,Reta,-10.90604,-37.11191,DEL01-SE,Risco Médio,Baixa
quarta-feira,BR-40,101.0,Plena Noite,Crescente,Nublado,Dupla,Reta,-22.60246,-43.28381,DEL01-RJ,Risco Médio,Alta
terça-feira,BR-343,346.2,Plena Noite,Crescente,Céu Claro,Dupla,Curva,-5.110751,-42.77053,DEL01-PI,Risco Médio,Baixa
quinta-feira,BR-50,202.2,Plena Noite,Crescente,Céu Claro,Dupla,Reta,-19.92627,-47.82191,DEL13-MG,Risco Médio,Média
terça-feira,BR-116,667.2,Plena Noite,Crescente,Céu Claro,Simples,Não Informado,-20.8441,-42.3264,DEL07-MG,Risco Médio,Alta
terça-feira,BR-153,44.4,Pleno dia,Crescente,Céu Claro,Simples,Interseção de vias,-27.62313,-52.23688,DEL08-RS,Risco Médio,Alta
segunda-feira,BR-364,711.0,Plena Noite,Crescente,Nublado,Dupla,Reta,-8.778963,-63.86986,DEL01-RO,Risco Médio,Alta
terça-feira,BR-230,5.2,Pleno dia,Decrescente,Céu Claro,Dupla,Reta,-7.01,-34.8312,DEL01-PB,Risco Baixo,Baixa
domingo,BR-116,293.0,Pleno dia,Decrescente,Céu Claro,Dupla,Não Informado,-22.4202,-44.29066,DEL07-RJ,Risco Baixo,Alta
sábado,BR-262,107.0,Plena Noite,Crescente,Garoa/Chuvisco,Simples,Reta,-20.3308,-41.1555,DEL01-ES,Risco Alto,Média
sexta-feira,BR-476,110.0,Plena Noite,Decrescente,Céu Claro,Simples,Desvio Temporário,-25.31136,-49.14525,DEL01-PR,Risco Médio,Baixa
quarta-feira,BR-282,580.4,Plena Noite,Decrescente,Garoa/Chuvisco,Simples,Reta,-26.83215,-52.99431,DEL07-SC,Risco Médio,Baixa
domingo,BR-116,100.5,Anoitecer,Crescente,Chuva,Dupla,Reta,-22.98835,-45.47645,DEL06-SP,Risco Médio,Alta
quinta-feira,BR-277,241.0,Amanhecer,Decrescente,Chuva,Simples,Não Informado,-25.44885,-50.63976,DEL08-PR,Risco Médio,Média
sábado,BR-101,47.2,Plena Noite,Crescente,Chuva,Simples,Rotatória,-23.4299,-45.08244,DEL06-SP,Risco Médio,Alta
domingo,BR-116,44.2,Pleno dia,Crescente,Nublado,Dupla,Curva,-25.18823,-48.88493,DEL01-PR,Risco Baixo,Alta
sábado,BR-101,501.0,Pleno dia,Crescente,Chuva,Simples,Reta,-14.76427,-39.30025,DEL05-BA,Risco Médio,Alta
sexta-feira,BR-381,839.7,Pleno dia,Crescente,Céu Claro,Dupla,Reta,-22.19834,-45.85343,DEL16-MG,Risco Médio,Alta
quinta-feira,BR-480,71.0,Pleno dia,Decrescente,Nublado,Simples,Não Informado,-27.63463,-52.31419,DEL08-RS,Risco Médio,Baixa
sexta-feira,BR-101,123.0,Plena Noite,Decrescente,Céu Claro,Simples,Curva,-26.93669,-48.69877,DEL04-SC,Risco Médio,Alta
quarta-feira,BR-101,92.0,Pleno dia,Decrescente,Sol,Simples,Reta,-10.9061,-37.1503,DEL01-SE,Risco Médio,Alta
sábado,BR-316,177.0,Plena Noite,Decrescente,Céu Claro,Simples,Reta,-9.567918,-36.50655,DEL03-AL,Risco Médio,Baixa
domingo,BR-40,441.9,Anoitecer,Decrescente,Garoa/Chuvisco,Dupla,Reta,-19.231,-44.43562,DEL02-MG,Risco Médio,Alta
domingo,BR-153,109.8,Plena Noite,Decrescente,Chuva,Simples,Curva,-27.30809,-51.98094,DEL07-SC,Risco Baixo,Alta
sábado,BR-163,102.5,Plena Noite,Decrescente,Céu Claro,Simples,Reta,-26.46539,-53.50445,DEL07-SC,Risco Médio,Alta
terça-feira,BR-367,23.0,Plena Noite,Crescente,Céu Claro,Simples,Reta,-16.43518,-39.07201,DEL09-BA,Risco Médio,Baixa
sábado,BR-242,659.0,Pleno dia,Decrescente,Céu Claro,Simples,Desvio Temporário,-12.21226,-43.78933,DEL10-BA,Risco Baixo,Baixa
domingo,BR-50,67.2,Plena Noite,Decrescente,Céu Claro,Dupla,Retorno Regulamentado,-18.87387,-48.25819,DEL15-MG,Risco Baixo,Média
terça-feira,BR-381,593.9,Plena Noite,Decrescente,Nublado,Dupla,Reta,-20.5684,-44.67521,DEL04-MG,Risco Médio,Alta
sábado,BR-101,127.0,Plena Noite,Crescente,Nublado,Dupla,Reta,-7.493526,-34.98333,DEL01-PB,Risco Médio,Alta
quinta-feira,BR-476,168.0,Plena Noite,Crescente,Nublado,Simples,Reta,-25.66106,-49.48967,DEL01-PR,Risco Médio,Baixa
quarta-feira,BR-40,25.8,Pleno dia,Crescente,Sol,Dupla,Curva,-22.15387,-43.15834,DEL06-RJ,Risco Baixo,Alta
sexta-feira,BR-20,429.2,Pleno dia,Decrescente,Céu Claro,Dupla,Viaduto,-3.76999,-38.67006,DEL01-CE,Risco Médio,Baixa
terça-feira,BR-280,6.4,Plena Noite,Decrescente,Céu Claro,Simples,Reta,-26.26771,-48.6364,DEL03-SC,Risco Médio,Baixa
domingo,BR-116,141.0,Plena Noite,Crescente,Céu Claro,Dupla,Reta,-22.64724,-43.22083,DEL01-RJ,Risco Médio,Alta
segunda-feira,BR-324,519.0,Plena Noite,Crescente,Nublado,Dupla,Reta,-12.27361,-38.93442,DEL02-BA,Risco Médio,Baixa
quarta-feira,BR-290,94.0,Pleno dia,Decrescente,Céu Claro,Dupla,Curva,-29.97386,-51.19785,DEL01-RS,Risco Médio,Baixa
segunda-feira,BR-407,1.0,Pleno dia,Decrescente,Céu Claro,Simples,Reta,-9.414326,-40.50626,DEL06-PE,Risco Médio,Baixa
domingo,BR-361,77.0,Pleno dia,Crescente,Sol,Simples,Reta,-7.187201,-37.86858,DEL03-PB,Risco Alto,Baixa
sábado,BR-470,22.2,Pleno dia,Decrescente,Céu Claro,Dupla,Reta,-26.88007,-48.83622,DEL04-SC,Risco Médio,Baixa
sábado,BR-116,24.1,Amanhecer,Crescente,Chuva,Simples,Curva,-22.03065,-42.77714,DEL04-RJ,Risco Baixo,Alta
quarta-feira,BR-280,12.0,Pleno dia,Decrescente,Céu Claro,Simples,Reta,-26.31323,-48.64449,DEL03-SC,Risco Médio,Baixa
domingo,BR-101,84.0,Plena Noite,Decrescente,Céu Claro,Dupla,Reta,-5.774175,-35.2578,DEL02-RN,Risco Médio,Alta
sexta-feira,BR-116,538.6,Plena Noite,Crescente,Céu Claro,Simples,Reta,-19.87458,-42.13217,DEL06-MG,Risco Médio,Alta
quarta-feira,BR-407,123.9,Pleno dia,Decrescente,Céu Claro,Simples,Reta,-9.361492,-40.54594,DEL06-PE,Risco Médio,Baixa
sábado,BR-230,42.7,Pleno dia,Decrescente,Céu Claro,Dupla,Reta,-7.1426,-34.9956,DEL01-PB,Risco Baixo,Baixa
segunda-feira,BR-158,354.1,Pleno dia,Crescente,Chuva,Simples,Curva,-25.04716,-52.28385,DEL04-PR,Risco Médio,Baixa
quinta-feira,BR-452,49.0,Plena Noite,Decrescente,Céu Claro,Simples,Reta,-17.96361,-50.48453,DEL04-GO,Risco Alto,Baixa