dia_semana,br,km,fase_dia,sentido_via,condicao_metereologica,tipo_pista,tracado_via,latitude,longitude,delegacia,classificacao_acidente,postos_policiais_PRF
segunda-feira,BR-116,759.2,Pleno dia,Crescente,Céu Claro,Simples,Reta,-21.50535,-42.60897,DEL07-MG,Risco Alto,Alta
segunda-feira,BR-470,34.9,Pleno dia,Decrescente,Sol,Simples,Não Informado,-26.91305,-48.95984,DEL04-SC,Risco Médio,Baixa
sexta-feira,BR-386,289.8,Pleno dia,Decrescente,Nublado,Simples,Não Informado,-29.08366,-52.2606,DEL04-RS,Risco Médio,Média
terça-feira,BR-364,203.7,Pleno dia,Crescente,Céu Claro,Dupla,Reta,-16.47555,-54.65345,DEL02-MT,Risco Médio,Alta
domingo,BR-232,147.0,Pleno dia,Decrescente,Nublado,Dupla,Reta,-8.333731,-36.13751,DEL02-PE,Risco Médio,Baixa
sábado,BR-316,372.0,Plena Noite,Decrescente,Céu Claro,Simples,Não Informado,-4.21073,-44.69024,DEL02-MA,Risco Médio,Baixa
segunda-feira,BR-365,136.0,Pleno dia,Crescente,Céu Claro,Simples,Reta,-17.18923,-44.81127,DEL12-MG,Risco Médio,Média
terça-feira,BR-101,134.0,Pleno dia,Crescente,Sol,Dupla,Reta,-27.00218,-48.63643,DEL04-SC,Risco Médio,Alta
segunda-feira,BR-116,182.0,Amanhecer,Decrescente,Céu Claro,Dupla,Reta,-22.73241,-43.60143,DEL01-RJ,Risco Médio,Alta
sexta-feira,BR-60,121.9,Pleno dia,Decrescente,Nublado,Dupla,Reta,-16.51094,-49.11828,DEL01-GO,Risco Médio,Média
sexta-feira,BR-116,468.0,Pleno dia,Crescente,Nublado,Dupla,Reta,-24.65092,-47.94065,DEL05-SP,Risco Médio,Alta
sábado,BR-364,112.0,Plena Noite,Crescente,Chuva,Simples,Reta,-16.84482,-53.96706,DEL02-MT,Risco Alto,Alta
domingo,BR-463,108.1,Plena Noite,Decrescente,Nublado,Dupla,Reta,-22.58397,-55.68376,DEL04-MS,Risco Médio,Baixa
sábado,BR-364,503.0,Plena Noite,Decrescente,Céu Claro,Simples,Reta,-15.23686,-56.49116,DEL01-MT,Risco Médio,Alta
terça-feira,BR-405,146.2,Anoitecer,Crescente,Céu Claro,Simples,Reta,-6.070574,-38.20589,DEL04-RN,Risco Alto,Baixa
domingo,BR-222,12.0,Pleno dia,Decrescente,Chuva,Simples,Curva,-3.7648,-38.66897,DEL01-CE,Risco Médio,Baixa
sexta-feira,BR-470,66.0,Plena Noite,Decrescente,Nublado,Simples,Curva,-26.87041,-49.22184,DEL04-SC,Risco Médio,Baixa
sábado,BR-101,144.9,Pleno dia,Decrescente,Nublado,Dupla,Reta,-27.07327,-48.59673,DEL04-SC,Risco Médio,Alta
sexta-feira,BR-163,844.0,Pleno dia,Decrescente,Céu Claro,Simples,Reta,-11.78189,-55.47443,DEL06-MT,Risco Médio,Alta
domingo,BR-116,515.0,Pleno dia,Decrescente,Céu Claro,Simples,Não Informado,-24.86704,-48.21738,DEL05-SP,Risco Médio,Alta
terça-feira,BR-163,69.4,Pleno dia,Decrescente,Céu Claro,Dupla,Reta,-26.74133,-53.50121,DEL07-SC,Risco Médio,Alta
quarta-feira,BR-101,431.7,Plena Noite,Crescente,Chuva,Simples,Reta,-14.30464,-39.32384,DEL05-BA,Risco Médio,Alta
domingo,BR-70,266.5,Pleno dia,Crescente,Céu Claro,Simples,Curva,-15.5324,-54.203,DEL05-MT,Risco Médio,Baixa
segunda-feira,BR-251,473.0,Pleno dia,Crescente,Chuva,Simples,Curva,-16.47013,-43.44753,DEL12-MG,Risco Médio,Baixa
terça-feira,BR-101,648.6,Pleno dia,Decrescente,Céu Claro,Simples,Curva,-15.85559,-39.51918,DEL05-BA,Risco Baixo,Alta
segunda-feira,BR-381,929.8,Amanhecer,Crescente,Céu Claro,Dupla,Curva,-22.77071,-46.23631,DEL16-MG,Risco Baixo,Alta
quinta-feira,BR-277,389.9,Pleno dia,Crescente,Céu Claro,Simples,Desvio Temporário,-25.4443,-51.8659,DEL03-PR,Risco Médio,Média
domingo,BR-116,581.0,Plena Noite,Decrescente,Céu Claro,Simples,Curva,-20.19603,-42.18344,DEL06-MG,Risco Médio,Alta
domingo,BR-40,24.0,Pleno dia,Decrescente,Céu Claro,Dupla,Reta,-16.24526,-47.90628,DEL01-DF,Risco Baixo,Alta
sábado,BR-163,825.0,Pleno dia,Crescente,Chuva,Dupla,Reta,-11.9545,-55.5169,DEL06-MT,Risco Baixo,Alta
sexta-feira,BR-381,71.0,Pleno dia,Decrescente,Céu Claro,Dupla,Curva,-23.35048,-46.55267,DEL03-SP,Risco Médio,Alta
terça-feira,BR-222,2.8,Pleno dia,Decrescente,Céu Claro,Múltipla,Interseção de vias,-3.740225,-38.59462,DEL01-CE,Risco Médio,Baixa
segunda-feira,BR-40,556.0,Plena Noite,Decrescente,Nublado,Simples,Reta,-20.1037,-43.9749,DEL01-MG,Risco Médio,Alta
sexta-feira,BR-101,717.5,Pleno dia,Crescente,Sol,Simples,Não Informado,-16.36924,-39.58318,DEL09-BA,Risco Alto,Alta
domingo,BR-316,308.9,Pleno dia,Crescente,Céu Claro,Simples,Reta,-7.076368,-41.47451,DEL04-PI,Risco Alto,Baixa
sábado,BR-158,771.6,Pleno dia,Crescente,Céu Claro,Simples,Reta,-15.67722,-52.21905,DEL07-MT,Risco Baixo,Baixa
segunda-feira,BR-158,525.9,Anoitecer,Crescente,Nublado,Simples,Curva,-26.16238,-52.66389,DEL02-PR,Risco Médio,Baixa
domingo,BR-60,5.6,Pleno dia,Decrescente,Céu Claro,Dupla,Não Informado,-16.07089,-48.26569,DEL01-DF,Risco Médio,Média
sexta-feira,BR-40,19.0,Pleno dia,Crescente,Céu Claro,Dupla,Reta,-16.20156,-47.92131,DEL01-DF,Risco Baixo,Alta
sábado,BR-324,453.0,Plena Noite,Crescente,Céu Claro,Simples,Reta,-11.89087,-39.28436,DEL02-BA,Risco Médio,Baixa
segunda-feira,BR-20,18.7,Pleno dia,Decrescente,Sol,Dupla,Não Informado,-15.6169,-47.70893,DEL02-DF,Risco Médio,Baixa
terça-feira,BR-101,194.0,Pleno dia,Decrescente,Chuva,Dupla,Não Informado,-9.782379,-36.35113,DEL02-AL,Risco Baixo,Alta
quarta-feira,BR-116,219.0,Plena Noite,Crescente,Nublado,Múltipla,Reta,-23.46144,-46.48885,DEL01-SP,Risco Baixo,Alta
segunda-feira,BR-116,278.5,Plena Noite,Crescente,Granizo,Simples,Curva,-17.86846,-41.51714,DEL11-MG,Risco Baixo,Alta
quinta-feira,BR-20,424.6,Pleno dia,Crescente,Chuva,Dupla,Não Informado,-3.864999,-38.51836,DEL01-CE,Risco Médio,Baixa
terça-feira,BR-421,1.0,Pleno dia,Crescente,Céu Claro,Simples,Desvio Temporário,-9.920987,-63.06373,DEL03-RO,Risco Baixo,Baixa
sexta-feira,BR-153,643.0,Pleno dia,Decrescente,Céu Claro,Dupla,Curva,-17.9057,-49.2375,DEL03-GO,Risco Médio,Alta
quarta-feira,BR-116,212.7,Plena Noite,Crescente,Nublado,Múltipla,Túnel,-23.43948,-46.43669,DEL01-SP,Risco Alto,Alta
domingo,BR-116,143.7,Plena Noite,Decrescente,Céu Claro,Múltipla,Curva,-22.67205,-43.2872,DEL04-RJ,Risco Médio,Alta
domingo,BR-40,802.9,Amanhecer,Crescente,Nublado,Dupla,Curva,-21.85245,-43.38051,DEL05-MG,Risco Médio,Alta
segunda-feira,BR-116,48.0,Plena Noite,Decrescente,Céu Claro,Dupla,Reta,-25.21709,-48.90395,DEL01-PR,Risco Médio,Alta
segunda-feira,BR-280,27.3,Plena Noite,Crescente,Nublado,Simples,Reta,-26.39686,-48.74022,DEL03-SC,Risco Médio,Baixa
domingo,BR-101,203.0,Plena Noite,Decrescente,Céu Claro,Dupla,Reta,-27.56931,-48.61382,DEL01-SC,Risco Alto,Alta
quinta-feira,BR-381,77.9,Pleno dia,Crescente,Céu Claro,Múltipla,Não Informado,-23.38884,-46.56935,DEL03-SP,Risco Médio,Alta
sábado,BR-230,88.2,Pleno dia,Crescente,Céu Claro,Dupla,Reta,-7.171735,-35.38731,DEL01-PB,Risco Baixo,Baixa
segunda-feira,BR-285,356.3,Pleno dia,Crescente,Chuva,Simples,Reta,-28.34937,-52.94438,DEL08-RS,Risco Médio,Baixa
quinta-feira,BR-282,561.0,Pleno dia,Decrescente,Céu Claro,Simples,Ponte,-26.92643,-52.8566,DEL07-SC,Risco Baixo,Baixa
quarta-feira,BR-116,14.8,Plena Noite,Decrescente,Céu Claro,Simples,Reta,-15.80521,-41.36362,DEL08-BA,Risco Médio,Alta
quinta-feira,BR-40,705.4,Amanhecer,Decrescente,Céu Claro,Dupla,Curva,-21.24056,-43.72306,DEL05-MG,Risco Médio,Alta
sexta-feira,BR-364,815.5,Plena Noite,Decrescente,Nublado,Simples,Curva,-9.279393,-64.53241,DEL01-RO,Risco Médio,Alta
terça-feira,BR-316,52.0,Pleno dia,Crescente,Chuva,Simples,Reta,-1.3071,-48.0284,DEL01-PA,Risco Baixo,Baixa
sexta-feira,BR-116,765.4,Anoitecer,Crescente,Céu Claro,Simples,Interseção de vias,-21.52043,-42.65084,DEL07-MG,Risco Médio,Alta
terça-feira,BR-316,12.0,Anoitecer,Decrescente,Céu Claro,Dupla,Reta,-5.200644,-42.758,DEL01-PI,Risco Médio,Baixa
segunda-feira,BR-40,51.0,Pleno dia,Crescente,Céu Claro,Simples,Reta,-16.45021,-47.80813,DEL01-DF,Risco Médio,Alta
quinta-feira,BR-101,270.0,Plena Noite,Decrescente,Céu Claro,Dupla,Não Informado,-20.23317,-40.27514,DEL02-ES,Risco Médio,Alta
segunda-feira,BR-116,131.3,Pleno dia,Decrescente,Céu Claro,Dupla,Reta,-23.12742,-45.73637,DEL06-SP,Risco Médio,Alta
quarta-feira,BR-251,448.4,Pleno dia,Decrescente,Céu Claro,Simples,Reta,-16.43088,-43.27029,DEL12-MG,Risco Médio,Baixa
quarta-feira,BR-282,64.8,Amanhecer,Crescente,Chuva,Simples,Curva,-27.69632,-49.05246,DEL01-SC,Risco Médio,Baixa
terça-feira,BR-262,77.0,Amanhecer,Decrescente,Céu Claro,Dupla,Não Informado,-20.40833,-40.91604,DEL01-ES,Risco Médio,Média
quinta-feira,BR-163,832.1,Pleno dia,Crescente,Céu Claro,Dupla,Interseção de vias,-11.89221,-55.50315,DEL06-MT,Risco Médio,Alta
sexta-feira,BR-40,506.5,Plena Noite,Crescente,Céu Claro,Dupla,Reta,-19.74717,-44.14731,DEL02-MG,Risco Médio,Alta
sábado,BR-230,49.6,Plena Noite,Decrescente,Céu Claro,Dupla,Reta,-7.1803,-35.0485,DEL01-PB,Risco Médio,Baixa
sábado,BR-116,142.0,Pleno dia,Decrescente,Céu Claro,Dupla,Não Informado,-23.17426,-45.8294,DEL02-SP,Risco Médio,Alta
sexta-feira,BR-174,484.0,Pleno dia,Decrescente,Nublado,Simples,Reta,2.72078,-60.82366,DEL01-RR,Risco Médio,Baixa
domingo,BR-364,16.5,Plena Noite,Decrescente,Nublado,Simples,Reta,-12.73438,-60.15697,DEL04-RO,Risco Médio,Alta
domingo,BR-316,244.0,Plena Noite,Crescente,Nublado,Simples,Interseção de vias,-9.514629,-36.00215,DEL01-AL,Risco Baixo,Baixa
sábado,BR-408,99.0,Plena Noite,Decrescente,Chuva,Dupla,Reta,-8.041336,-35.02531,DEL01-PE,Risco Médio,Baixa
segunda-feira,BR-324,1.8,Pleno dia,Decrescente,Nublado,Simples,Interseção de vias,-12.28394,-38.94819,DEL02-BA,Risco Alto,Baixa
sexta-feira,BR-50,69.0,Pleno dia,Decrescente,Sol,Dupla,Viaduto,-18.88399,-48.26545,DEL15-MG,Risco Baixo,Média
sexta-feira,BR-116,243.0,Plena Noite,Crescente,Céu Claro,Dupla,Desvio Temporário,-29.73196,-51.14952,DEL01-RS,Risco Baixo,Alta
quinta-feira,BR-101,49.7,Plena Noite,Decrescente,Céu Claro,Simples,Reta,-23.44411,-45.08376,DEL06-SP,Risco Médio,Alta
segunda-feira,BR-116,110.5,Pleno dia,Decrescente,Céu Claro,Simples,Curva,-4.940682,-37.97614,DEL03-CE,Risco Baixo,Alta
quinta-feira,BR-476,151.0,Plena Noite,Crescente,Nublado,Dupla,Interseção de vias,-25.55848,-49.36831,DEL01-PR,Risco Baixo,Baixa
segunda-feira,BR-448,11.0,Pleno dia,Decrescente,Sol,Dupla,Reta,-29.90917,-51.24125,DEL01-RS,Risco Alto,Baixa
quinta-feira,BR-232,346.8,Plena Noite,Decrescente,Vento,Simples,Reta,-8.092622,-37.75448,DEL03-PE,Risco Médio,Baixa
segunda-feira,BR-262,1.8,Pleno dia,Decrescente,Céu Claro,Dupla,Curva,-20.33304,-40.36057,DEL01-ES,Risco Médio,Média
domingo,BR-153,678.5,Pleno dia,Decrescente,Chuva,Dupla,Reta,-18.23848,-49.25858,DEL03-GO,Risco Médio,Alta
quinta-feira,BR-324,626.0,Pleno dia,Crescente,Sol,Dupla,Reta,-12.95021,-38.47073,DEL01-BA,Risco Médio,Baixa
sexta-feira,BR-40,274.0,Plena Noite,Crescente,Nublado,Simples,Não Informado,-18.19286,-45.24415,DEL14-MG,Risco Médio,Alta
quarta-feira,BR-40,2.9,Pleno dia,Crescente,Céu Claro,Dupla,Reta,-16.0754,-47.98566,DEL01-DF,Risco Médio,Alta
quarta-feira,BR-282,535.3,Pleno dia,Decrescente,Sol,Simples,Rotatória,-26.99971,-52.64649,DEL07-SC,Risco Médio,Baixa
segunda-feira,BR-381,849.1,Pleno dia,Decrescente,Céu Claro,Dupla,Curva,-22.23812,-45.87977,DEL16-MG,Risco Médio,Alta
sexta-feira,BR-101,230.0,Plena Noite,Crescente,Nublado,Dupla,Reta,-27.7854,-48.6352,DEL01-SC,Risco Médio,Alta
domingo,BR-116,75.0,Plena Noite,Crescente,Nevoeiro/Neblina,Simples,Não Informado,-22.37478,-42.95163,DEL04-RJ,Risco Médio,Alta
terça-feira,BR-235,316.0,Plena Noite,Crescente,Céu Claro,Simples,Reta,-9.76759,-45.31834,DEL03-PI,Risco Alto,Baixa
quinta-feira,BR-267,61.0,Pleno dia,Decrescente,Nublado,Simples,Curva,-21.72573,-43.05888,DEL05-MG,Risco Médio,Baixa
domingo,BR-277,67.8,Plena Noite,Crescente,Céu Claro,Dupla,Reta,-25.52469,-49.09818,DEL01-PR,Risco Baixo,Média
quarta-feira,BR-60,461.5,Pleno dia,Decrescente,Céu Claro,Dupla,Curva,-17.92302,-51.69011,DEL05-GO,Risco Médio,Média
segunda-feira,BR-60,186.6,Pleno dia,Crescente,Céu Claro,Dupla,Não Informado,-16.8011,-49.5177,DEL01-GO,Risco Médio,Média
domingo,BR-405,102.0,Plena Noite,Crescente,Nevoeiro/Neblina,Simples,Reta,-5.803906,-37.937,DEL04-RN,Risco Alto,Baixa
domingo,BR-304,48.9,Pleno dia,Decrescente,Nublado,Dupla,Curva,-4.580393,-37.77322,DEL03-CE,Risco Médio,Baixa
sexta-feira,BR-316,3.3,Plena Noite,Decrescente,Céu Claro,Múltipla,Reta,-5.132171,-42.7911,DEL01-PI,Risco Médio,Baixa
segunda-feira,BR-232,25.5,Plena Noite,Decrescente,Nublado,Dupla,Reta,-8.113733,-35.11314,DEL01-PE,Risco Baixo,Baixa
sábado,BR-230,406.0,Plena Noite,Decrescente,Ignorado,Simples,Reta,-7.519726,-46.05539,DEL05-MA,Risco Baixo,Baixa
domingo,BR-116,14.9,Anoitecer,Decrescente,Céu Claro,Dupla,Reta,-25.3845,-49.17042,DEL01-PR,Risco Médio,Alta
domingo,BR-101,319.0,Pleno dia,Crescente,Céu Claro,Dupla,Reta,-22.85412,-43.1018,DEL02-RJ,Risco Alto,Alta
segunda-feira,BR-343,343.0,Pleno dia,Decrescente,Céu Claro,Simples,Não Informado,-5.087362,-42.75785,DEL01-PI,Risco Médio,Baixa
domingo,BR-116,561.0,Plena Noite,Decrescente,Nublado,Dupla,Curva,-25.02045,-48.51586,DEL05-SP,Risco Baixo,Alta
segunda-feira,BR-116,91.0,Pleno dia,Crescente,Céu Claro,Dupla,Reta,-22.94801,-45.39605,DEL06-SP,Risco Médio,Alta
sexta-feira,BR-277,67.0,Pleno dia,Crescente,Céu Claro,Dupla,Reta,-25.54511,-49.05291,DEL01-PR,Risco Médio,Média
domingo,BR-40,7.2,Plena Noite,Crescente,Chuva,Dupla,Reta,-16.10972,-47.97176,DEL01-DF,Risco Baixo,Alta
segunda-feira,BR-364,410.0,Amanhecer,Decrescente,Céu Claro,Simples,Curva,-10.5339,-62.398,DEL03-RO,Risco Médio,Alta
domingo,BR-101,297.0,Pleno dia,Decrescente,Nublado,Dupla,Reta,-22.76942,-42.91874,DEL02-RJ,Risco Médio,Alta
sábado,BR-316,282.0,Plena Noite,Crescente,Céu Claro,Simples,Reta,-6.975158,-41.67894,DEL04-PI,Risco Médio,Baixa
terça-feira,BR-242,351.0,Pleno dia,Decrescente,Nublado,Simples,Curva,-12.49244,-41.32808,DEL06-BA,Risco Baixo,Baixa
segunda-feira,BR-381,453.0,Pleno dia,Crescente,Céu Claro,Simples,Reta,-19.85198,-43.88851,DEL01-MG,Risco Médio,Alta
sexta-feira,BR-262,722.8,Plena Noite,Crescente,Céu Claro,Simples,Reta,-19.40699,-57.47994,DEL03-MS,Risco Médio,Média
quarta-feira,BR-116,215.0,Pleno dia,Decrescente,Céu Claro,Simples,Reta,-23.44691,-46.45546,DEL01-SP,Risco Baixo,Alta
sexta-feira,BR-267,33.3,Plena Noite,Crescente,Céu Claro,Simples,Reta,-21.73399,-52.45414,DEL02-MS,Risco Médio,Baixa
quinta-feira,BR-101,41.0,Plena Noite,Decrescente,Nublado,Dupla,Reta,-26.28215,-48.88973,DEL03-SC,Risco Médio,Alta
sábado,BR-60,260.1,Plena Noite,Decrescente,Céu Claro,Dupla,Reta,-17.16459,-50.04502,DEL01-GO,Risco Médio,Média
sábado,BR-393,258.0,Pleno dia,Decrescente,Céu Claro,Simples,Não Informado,-22.45148,-43.82691,DEL05-RJ,Risco Médio,Média
sexta-feira,BR-381,646.3,Pleno dia,Crescente,Chuva,Dupla,Curva,-20.94898,-44.88424,DEL04-MG,Risco Baixo,Alta
segunda-feira,BR-369,168.9,Pleno dia,Decrescente,Nublado,Simples,Reta,-23.30236,-51.3537,DEL07-PR,Risco Médio,Baixa
quarta-feira,BR-101,132.0,Pleno dia,Crescente,Céu Claro,Dupla,Reta,-26.99654,-48.65565,DEL04-SC,Risco Médio,Alta
quinta-feira,BR-101,212.9,Pleno dia,Crescente,Céu Claro,Múltipla,Reta,-27.6164,-48.64861,DEL01-SC,Risco Médio,Alta
domingo,BR-414,238.9,Plena Noite,Decrescente,Céu Claro,Simples,Ponte,-14.73367,-48.61369,DEL07-GO,Risco Médio,Baixa
segunda-feira,BR-20,406.5,Amanhecer,Crescente,Nublado,Dupla,Não Informado,-3.767984,-38.66603,DEL01-CE,Risco Baixo,Baixa
quarta-feira,BR-101,23.8,Pleno dia,Decrescente,Céu Claro,Dupla,Não Informado,-7.683578,-34.9241,DEL01-PE,Risco Baixo,Alta
terça-feira,BR-423,49.5,Plena Noite,Crescente,Céu Claro,Simples,Reta,-9.258588,-37.71299,DEL03-AL,Risco Médio,Baixa
domingo,BR-376,248.4,Pleno dia,Crescente,Nublado,Simples,Curva,-23.6056,-51.40884,DEL07-PR,Risco Médio,Baixa
domingo,BR-50,263.0,Anoitecer,Decrescente,Céu Claro,Dupla,Reta,-18.0521,-47.863,DEL06-GO,Risco Médio,Média
sexta-feira,BR-163,256.0,Pleno dia,Crescente,Céu Claro,Dupla,Reta,-22.25898,-54.80261,DEL04-MS,Risco Médio,Alta
terça-feira,BR-163,836.5,Amanhecer,Crescente,Chuva,Simples,Reta,-11.97792,-55.51702,DEL06-MT,Risco Médio,Alta
sábado,BR-369,19.5,Plena Noite,Decrescente,Céu Claro,Simples,Interseção de vias,-23.03698,-50.07068,DEL07-PR,Risco Médio,Baixa
sexta-feira,BR-364,203.0,Pleno dia,Decrescente,Céu Claro,Dupla,Reta,-16.4734,-54.6545,DEL02-MT,Risco Alto,Alta
domingo,BR-251,473.7,Plena Noite,Decrescente,Céu Claro,Simples,Não Informado,-16.47013,-43.44753,DEL12-MG,Risco Médio,Baixa
sexta-feira,BR-163,957.5,Plena Noite,Decrescente,Garoa/Chuvisco,Simples,Curva,-10.95258,-55.21543,DEL06-MT,Risco Médio,Alta
terça-feira,BR-101,66.8,Plena Noite,Decrescente,Céu Claro,Múltipla,Reta,-8.033685,-34.94184,DEL01-PE,Risco Médio,Alta
terça-feira,BR-153,62.4,Pleno dia,Crescente,Sol,Dupla,Não Informado,-20.81325,-49.35676,DEL09-SP,Risco Médio,Alta
quarta-feira,BR-428,153.0,Plena Noite,Crescente,Céu Claro,Simples,Desvio Temporário,-9.100147,-40.32912,DEL06-PE,Risco Alto,Baixa
segunda-feira,BR-287,265.4,Pleno dia,Crescente,Céu Claro,Simples,Reta,-29.67067,-54.02245,DEL09-RS,Risco Médio,Baixa
segunda-feira,BR-153,493.0,Pleno dia,Crescente,Céu Claro,Simples,Reta,-10.1604,-48.88154,DEL02-TO,Risco Médio,Alta
sábado,BR-262,40.0,Pleno dia,Crescente,Chuva,Simples,Reta,-20.3821,-40.6354,DEL01-ES,Risco Médio,Média
quarta-feira,BR-101,318.0,Pleno dia,Crescente,Nublado,Dupla,Reta,-22.84563,-43.09841,DEL02-RJ,Risco Médio,Alta
sábado,BR-70,540.0,Plena Noite,Crescente,Céu Claro,Simples,Interseção de vias,-15.67924,-56.29532,DEL01-MT,Risco Baixo,Baixa
quinta-feira,BR-267,79.2,Amanhecer,Crescente,Nublado,Simples,Reta,-21.87831,-52.86233,DEL02-MS,Risco Alto,Baixa
segunda-feira,BR-116,150.1,Pleno dia,Decrescente,Nublado,Dupla,Reta,-29.16981,-51.15881,DEL05-RS,Risco Médio,Alta
quinta-feira,BR-381,543.5,Plena Noite,Crescente,Ignorado,Dupla,Curva,-20.27337,-44.42585,DEL04-MG,Risco Médio,Alta
sábado,BR-101,87.4,Amanhecer,Crescente,Nublado,Simples,Viaduto,-26.63713,-48.69651,DEL03-SC,Risco Médio,Alta
domingo,BR-262,3.8,Pleno dia,Decrescente,Céu Claro,Simples,Reta,-20.78207,-51.65705,DEL07-MS,Risco Baixo,Média
terça-feira,BR-40,552.0,Pleno dia,Crescente,Céu Claro,Simples,Desvio Temporário,-20.06084,-43.97716,DEL01-MG,Risco Médio,Alta
sábado,BR-277,113.0,Plena Noite,Decrescente,Céu Claro,Dupla,Retorno Regulamentado,-25.4297,-49.37851,DEL01-PR,Risco Médio,Média
segunda-feira,BR-116,417.0,Pleno dia,Crescente,Sol,Simples,Não Informado,-12.1836,-38.96518,DEL02-BA,Risco Médio,Alta
quarta-feira,BR-101,436.0,Pleno dia,Crescente,Céu Claro,Simples,Reta,-21.05841,-41.20415,DEL03-ES,Risco Médio,Alta
sexta-feira,BR-101,672.5,Pleno dia,Decrescente,Chuva,Simples,Reta,-16.2039,-39.60397,DEL09-BA,Risco Médio,Alta
sexta-feira,BR-364,566.0,Anoitecer,Decrescente,Céu Claro,Dupla,Reta,-14.75813,-56.34112,DEL01-MT,Risco Médio,Alta
sexta-feira,BR-381,495.8,Pleno dia,Crescente,Céu Claro,Dupla,Reta,-19.97541,-44.18843,DEL01-MG,Risco Médio,Alta
quinta-feira,BR-116,541.0,Pleno dia,Crescente,Garoa/Chuvisco,Dupla,Curva,-24.97252,-48.40267,DEL05-SP,Risco Médio,Alta
segunda-feira,BR-470,175.1,Pleno dia,Decrescente,Céu Claro,Simples,Interseção de vias,-27.25963,-49.92242,DEL04-SC,Risco Médio,Baixa
domingo,BR-116,505.8,Pleno dia,Crescente,Céu Claro,Simples,Reta,-19.60309,-42.11377,DEL06-MG,Risco Médio,Alta
domingo,BR-230,158.1,Anoitecer,Crescente,Céu Claro,Simples,Interseção de vias,-7.263021,-35.92111,DEL02-PB,Risco Baixo,Baixa
sexta-feira,BR-101,93.0,Pleno dia,Decrescente,Chuva,Dupla,Reta,-8.239642,-35.00335,DEL01-PE,Risco Médio,Alta
quinta-feira,BR-101,333.7,Plena Noite,Decrescente,Céu Claro,Dupla,Rotatória,-28.46971,-49.01501,DEL02-SC,Risco Médio,Alta
segunda-feira,BR-262,517.1,Pleno dia,Decrescente,Céu Claro,Simples,Desvio Temporário,-19.7895,-45.59146,DEL08-MG,Risco Alto,Média
terça-feira,BR-101,322.0,Pleno dia,Decrescente,Céu Claro,Simples,Reta,-22.87892,-43.11068,DEL02-RJ,Risco Médio,Alta
sexta-feira,BR-470,8.8,Pleno dia,Decrescente,Céu Claro,Simples,Reta,-26.83688,-48.71885,DEL04-SC,Risco Médio,Baixa
quarta-feira,BR-222,53.0,Pleno dia,Crescente,Céu Claro,Simples,Reta,-3.668891,-39.01864,DEL01-CE,Risco Médio,Baixa
domingo,BR-116,98.0,Pleno dia,Crescente,Céu Claro,Dupla,Reta,-25.51973,-49.13432,DEL01-PR,Risco Médio,Alta
segunda-feira,BR-408,96.5,Pleno dia,Crescente,Nublado,Múltipla,Reta,-8.02062,-35.04104,DEL01-PE,Risco Médio,Baixa
sábado,BR-290,39.1,Anoitecer,Crescente,Céu Claro,Múltipla,Reta,-29.88625,-50.64823,DEL03-RS,Risco Médio,Baixa
terça-feira,BR-20,15.0,Pleno dia,Crescente,Céu Claro,Dupla,Não Informado,-15.63019,-47.73329,DEL02-DF,Risco Médio,Baixa
sábado,BR-381,503.6,Anoitecer,Decrescente,Chuva,Dupla,Desvio Temporário,-20.02748,-44.23372,DEL01-MG,Risco Baixo,Alta
segunda-feira,BR-412,26.8,Plena Noite,Decrescente,Vento,Simples,Reta,-7.287958,-36.28997,DEL02-PB,Risco Alto,Baixa
sábado,BR-40,279.0,Amanhecer,Decrescente,Céu Claro,Simples,Reta,-18.22841,-45.22012,DEL14-MG,Risco Médio,Alta
quarta-feira,BR-376,592.0,Pleno dia,Decrescente,Céu Claro,Dupla,Reta,-25.46834,-49.35525,DEL01-PR,Risco Médio,Baixa
segunda-feira,BR-116,55.7,Anoitecer,Decrescente,Céu Claro,Dupla,Reta,-22.76358,-45.12275,DEL08-SP,Risco Médio,Alta
segunda-feira,BR-101,48.9,Pleno dia,Crescente,Nublado,Simples,Reta,-23.44578,-45.08199,DEL06-SP,Risco Médio,Alta
domingo,BR-308,152.5,Plena Noite,Decrescente,Céu Claro,Simples,Interseção de vias,-1.21064,-47.18274,DEL01-PA,Risco Médio,Baixa
domingo,BR-364,259.0,Plena Noite,Crescente,Garoa/Chuvisco,Simples,Reta,-16.04831,-54.88714,DEL02-MT,Risco Médio,Alta
sábado,BR-101,201.9,Plena Noite,Crescente,Chuva,Dupla,Interseção de vias,-27.5658,-48.61466,DEL01-SC,Risco Médio,Alta
terça-feira,BR-421,1.0,Pleno dia,Crescente,Céu Claro,Simples,Reta,-9.920987,-63.06373,DEL03-RO,Risco Baixo,Baixa
sábado,BR-135,90.0,Anoitecer,Crescente,Céu Claro,Simples,Reta,-3.29,-44.4145,DEL01-MA,Risco Alto,Baixa
quarta-feira,BR-101,148.0,Plena Noite,Decrescente,Céu Claro,Simples,Reta,-27.10124,-48.61808,DEL04-SC,Risco Médio,Alta
terça-feira,BR-428,90.0,Pleno dia,Crescente,Céu Claro,Simples,Reta,-8.792712,-39.84619,DEL06-PE,Risco Baixo,Baixa