dia_semana,br,km,fase_dia,sentido_via,condicao_metereologica,tipo_pista,tracado_via,latitude,longitude,delegacia,classificacao_acidente,postos_policiais_PRF
segunda-feira,BR-101,354.2,Pleno dia,Decrescente,Céu Claro,Dupla,Reta,-28.63938,-49.09824,DEL02-SC,Risco Médio,Alta
quarta-feira,BR-280,25.7,Plena Noite,Crescente,Garoa/Chuvisco,Simples,Reta,-26.38956,-48.73388,DEL03-SC,Risco Médio,Baixa
domingo,BR-10,321.0,Pleno dia,Decrescente,Céu Claro,Simples,Reta,-1.627098,-47.48122,DEL01-PA,Risco Baixo,Baixa
sábado,BR-381,501.0,Pleno dia,Decrescente,Céu Claro,Dupla,Reta,-20.00598,-44.21454,DEL01-MG,Risco Médio,Alta
quinta-feira,BR-381,928.3,Pleno dia,Decrescente,Sol,Dupla,Reta,-22.7708,-46.2339,DEL16-MG,Risco Médio,Alta
terça-feira,BR-277,721.0,Plena Noite,Decrescente,Céu Claro,Dupla,Retorno Regulamentado,-25.49167,-54.51266,DEL05-PR,Risco Baixo,Média
terça-feira,BR-60,377.4,Pleno dia,Decrescente,Chuva,Dupla,Retorno Regulamentado,-17.74182,-50.87363,DEL04-GO,Risco Alto,Média
segunda-feira,BR-104,35.7,Plena Noite,Crescente,Céu Claro,Simples,Não Informado,-9.161668,-36.01701,DEL01-AL,Risco Médio,Baixa
segunda-feira,BR-116,21.0,Plena Noite,Decrescente,Céu Claro,Simples,Reta,-15.84293,-41.40944,DEL08-BA,Risco Médio,Alta
segunda-feira,BR-381,57.0,Pleno dia,Crescente,Céu Claro,Dupla,Não Informado,-23.26582,-46.58399,DEL03-SP,Risco Médio,Alta
sexta-feira,BR-116,208.0,Pleno dia,Decrescente,Céu Claro,Múltipla,Reta,-23.44683,-46.45345,DEL01-SP,Risco Médio,Alta
sábado,BR-153,15.9,Pleno dia,Decrescente,Céu Claro,Dupla,Reta,-18.5513,-49.19396,DEL15-MG,Risco Médio,Alta
quarta-feira,BR-40,2.8,Pleno dia,Crescente,Sol,Dupla,Reta,-16.07427,-47.98544,DEL01-DF,Risco Médio,Alta
segunda-feira,BR-277,265.7,Pleno dia,Crescente,Céu Claro,Simples,Reta,-25.38323,-50.856,DEL03-PR,Risco Baixo,Média
sábado,BR-356,29.0,Plena Noite,Decrescente,Céu Claro,Simples,Reta,-21.18535,-41.92874,DEL08-RJ,Risco Baixo,Baixa
domingo,BR-101,149.6,Plena Noite,Decrescente,Chuva,Simples,Reta,-11.25045,-37.43632,DEL02-SE,Risco Médio,Alta
sexta-feira,BR-40,35.0,Pleno dia,Decrescente,Céu Claro,Dupla,Curva,-22.2159,-43.1308,DEL06-RJ,Risco Baixo,Alta
quarta-feira,BR-104,83.0,Pleno dia,Crescente,Céu Claro,Simples,Reta,-8.422589,-35.96314,DEL02-PE,Risco Médio,Baixa
sábado,BR-324,609.4,Pleno dia,Crescente,Céu Claro,Dupla,Reta,-12.8371,-38.41416,DEL01-BA,Risco Alto,Baixa
quarta-feira,BR-163,555.0,Plena Noite,Decrescente,Nevoeiro/Neblina,Simples,Reta,-14.2675,-56.15044,DEL01-MT,Risco Médio,Alta
quarta-feira,BR-364,347.0,Pleno dia,Crescente,Céu Claro,Simples,Reta,-15.80735,-55.54692,DEL02-MT,Risco Médio,Alta
domingo,BR-40,19.2,Plena Noite,Crescente,Nublado,Dupla,Curva,-22.10589,-43.16812,DEL06-RJ,Risco Médio,Alta
quarta-feira,BR-40,105.0,Pleno dia,Crescente,Céu Claro,Simples,Reta,-22.63785,-43.28429,DEL01-RJ,Risco Médio,Alta
segunda-feira,BR-20,337.8,Pleno dia,Decrescente,Chuva,Simples,Reta,-4.15314,-39.12854,DEL02-CE,Risco Médio,Baixa
quarta-feira,BR-101,333.4,Pleno dia,Crescente,Sol,Dupla,Reta,-28.4663,-48.99653,DEL02-SC,Risco Médio,Alta
terça-feira,BR-287,239.1,Plena Noite,Crescente,Céu Claro,Simples,Reta,-29.70837,-53.77216,DEL09-RS,Risco Médio,Baixa
terça-feira,BR-163,972.0,Plena Noite,Decrescente,Chuva,Simples,Não Informado,-10.51736,-55.23125,DEL06-MT,Risco Baixo,Alta
segunda-feira,BR-226,16.0,Anoitecer,Crescente,Nublado,Simples,Reta,-5.862697,-35.34283,DEL01-RN,Risco Médio,Baixa
quarta-feira,BR-20,180.0,Pleno dia,Decrescente,Céu Claro,Dupla,Reta,-14.47774,-46.49216,DEL02-DF,Risco Médio,Baixa
quarta-feira,BR-280,70.5,Amanhecer,Crescente,Nublado,Simples,Curva,-26.46522,-49.12676,DEL03-SC,Risco Médio,Baixa
sábado,BR-316,21.0,Pleno dia,Decrescente,Céu Claro,Dupla,Reta,-1.360971,-48.26242,DEL01-PA,Risco Alto,Baixa
segunda-feira,BR-101,115.6,Pleno dia,Decrescente,Nublado,Dupla,Reta,-5.990968,-35.26381,DEL01-RN,Risco Alto,Alta
sexta-feira,BR-290,83.0,Pleno dia,Crescente,Nublado,Múltipla,Reta,-29.95914,-51.08879,DEL01-RS,Risco Médio,Baixa
sábado,BR-101,295.0,Pleno dia,Decrescente,Céu Claro,Dupla,Reta,-22.76365,-42.90224,DEL02-RJ,Risco Médio,Alta
quinta-feira,BR-267,290.9,Amanhecer,Decrescente,Céu Claro,Simples,Reta,-21.9235,-44.81703,DEL05-MG,Risco Médio,Baixa
quarta-feira,BR-116,17.0,Pleno dia,Crescente,Nublado,Dupla,Reta,-25.38901,-49.19163,DEL01-PR,Risco Médio,Alta
segunda-feira,BR-324,621.0,Pleno dia,Decrescente,Céu Claro,Dupla,Reta,-12.91234,-38.45957,DEL01-BA,Risco Médio,Baixa
sexta-feira,BR-153,41.8,Pleno dia,Crescente,Céu Claro,Simples,Não Informado,-20.63464,-49.33793,DEL09-SP,Risco Médio,Alta
segunda-feira,BR-153,64.2,Pleno dia,Crescente,Céu Claro,Dupla,Viaduto,-20.82919,-49.36046,DEL09-SP,Risco Médio,Alta
terça-feira,BR-104,61.1,Pleno dia,Decrescente,Chuva,Dupla,Retorno Regulamentado,-8.252265,-35.97473,DEL02-PE,Risco Médio,Baixa
sábado,BR-277,665.0,Pleno dia,Decrescente,Céu Claro,Dupla,Não Informado,-25.25599,-54.03775,DEL05-PR,Risco Médio,Média
sexta-feira,BR-381,704.3,Plena Noite,Decrescente,Chuva,Dupla,Curva,-21.31128,-45.16299,DEL04-MG,Risco Baixo,Alta
quarta-feira,BR-101,113.0,Anoitecer,Decrescente,Nublado,Dupla,Reta,-26.85311,-48.7269,DEL04-SC,Risco Médio,Alta
segunda-feira,BR-135,16.0,Pleno dia,Crescente,Chuva,Dupla,Reta,-2.702641,-44.3105,DEL01-MA,Risco Médio,Baixa
sábado,BR-470,32.0,Pleno dia,Decrescente,Céu Claro,Simples,Ponte,-26.89519,-48.91889,DEL04-SC,Risco Médio,Baixa
terça-feira,BR-116,277.0,Pleno dia,Crescente,Céu Claro,Dupla,Reta,-17.86144,-41.515,DEL11-MG,Risco Médio,Alta
terça-feira,BR-101,294.0,Pleno dia,Crescente,Chuva,Dupla,Curva,-20.32416,-40.39529,DEL01-ES,Risco Médio,Alta
sábado,BR-40,6.0,Plena Noite,Decrescente,Nublado,Dupla,Reta,-16.02974,-47.97887,DEL01-DF,Risco Médio,Alta
sábado,BR-163,266.0,Plena Noite,Decrescente,Céu Claro,Dupla,Reta,-22.21821,-54.72287,DEL04-MS,Risco Baixo,Alta
domingo,BR-407,129.0,Plena Noite,Decrescente,Céu Claro,Simples,Reta,-10.47893,-40.1682,DEL04-BA,Risco Médio,Baixa
segunda-feira,BR-364,434.0,Pleno dia,Crescente,Céu Claro,Simples,Não Informado,-15.64575,-56.14042,DEL01-MT,Risco Baixo,Alta
domingo,BR-70,9.0,Pleno dia,Crescente,Céu Claro,Dupla,Reta,-15.78462,-48.13202,DEL01-DF,Risco Baixo,Baixa
sexta-feira,BR-381,60.9,Pleno dia,Crescente,Chuva,Dupla,Curva,-23.29356,-46.57466,DEL03-SP,Risco Baixo,Alta
quinta-feira,BR-163,117.0,Pleno dia,Crescente,Céu Claro,Dupla,Reta,-16.5148,-54.6558,DEL02-MT,Risco Médio,Alta
sexta-feira,BR-476,196.0,Plena Noite,Crescente,Céu Claro,Simples,Reta,-25.75344,-49.72575,DEL01-PR,Risco Médio,Baixa
quarta-feira,BR-376,590.1,Pleno dia,Crescente,Nublado,Múltipla,Não Informado,-25.45317,-49.36199,DEL01-PR,Risco Médio,Baixa
terça-feira,BR-230,120.0,Pleno dia,Decrescente,Céu Claro,Dupla,Reta,-5.350384,-49.11438,DEL03-PA,Risco Médio,Baixa
quarta-feira,BR-364,236.7,Pleno dia,Decrescente,Nublado,Simples,Retorno Regulamentado,-11.44413,-61.44423,DEL02-RO,Risco Médio,Alta
domingo,BR-101,356.5,Plena Noite,Decrescente,Céu Claro,Simples,Interseção de vias,-28.63866,-49.09776,DEL02-SC,Risco Baixo,Alta
sábado,BR-50,191.0,Plena Noite,Crescente,Nublado,Dupla,Reta,-19.86409,-47.86418,DEL13-MG,Risco Médio,Média
sexta-feira,BR-222,148.0,Plena Noite,Decrescente,Céu Claro,Simples,Não Informado,-4.95408,-48.39758,DEL03-PA,Risco Médio,Baixa
terça-feira,BR-364,240.7,Plena Noite,Crescente,Céu Claro,Simples,Reta,-17.78033,-52.09262,DEL05-GO,Risco Baixo,Alta
segunda-feira,BR-101,200.0,Pleno dia,Decrescente,Céu Claro,Dupla,Reta,-27.54019,-48.62288,DEL01-SC,Risco Médio,Alta
sexta-feira,BR-101,149.2,Plena Noite,Decrescente,Céu Claro,Simples,Reta,-11.24801,-37.43496,DEL02-SE,Risco Médio,Alta
quinta-feira,BR-386,51.6,Pleno dia,Crescente,Sol,Simples,Interseção de vias,-27.50087,-53.38809,DEL08-RS,Risco Médio,Média
sábado,BR-101,140.9,Amanhecer,Decrescente,Céu Claro,Dupla,Reta,-8.435019,-35.32815,DEL01-PE,Risco Médio,Alta
sábado,BR-104,93.0,Pleno dia,Decrescente,Céu Claro,Dupla,Reta,-9.525634,-35.79947,DEL01-AL,Risco Médio,Baixa
terça-feira,BR-230,21.0,Plena Noite,Decrescente,Céu Claro,Dupla,Curva,-7.14792,-34.85042,DEL01-PB,Risco Médio,Baixa
quinta-feira,BR-101,85.0,Pleno dia,Crescente,Nublado,Dupla,Reta,-7.146639,-34.91508,DEL01-PB,Risco Médio,Alta
segunda-feira,BR-101,68.0,Plena Noite,Decrescente,Céu Claro,Dupla,Reta,-8.050743,-34.94581,DEL01-PE,Risco Médio,Alta
quinta-feira,BR-40,6.0,Pleno dia,Decrescente,Sol,Dupla,Reta,-16.10081,-47.97735,DEL01-DF,Risco Médio,Alta
terça-feira,BR-20,9.4,Pleno dia,Decrescente,Céu Claro,Dupla,Reta,-15.6522,-47.77908,DEL02-DF,Risco Baixo,Baixa
terça-feira,BR-116,549.8,Anoitecer,Crescente,Nublado,Simples,Curva,-19.9779,-42.1422,DEL06-MG,Risco Médio,Alta
sexta-feira,BR-290,87.0,Plena Noite,Decrescente,Céu Claro,Dupla,Reta,-29.96784,-51.1454,DEL01-RS,Risco Baixo,Baixa
quarta-feira,BR-158,0.8,Plena Noite,Decrescente,Céu Claro,Dupla,Reta,-30.8913,-55.53326,DEL11-RS,Risco Médio,Baixa
sábado,BR-285,338.0,Plena Noite,Crescente,Céu Claro,Simples,Não Informado,-28.31529,-52.79862,DEL08-RS,Risco Médio,Baixa
quarta-feira,BR-116,28.0,Pleno dia,Decrescente,Garoa/Chuvisco,Dupla,Curva,-25.1067,-48.80406,DEL01-PR,Risco Médio,Alta
domingo,BR-210,2.0,Pleno dia,Crescente,Céu Claro,Múltipla,Reta,0.08270857,-51.07745,DEL01-AP,Risco Médio,Baixa
sexta-feira,BR-60,43.0,Pleno dia,Decrescente,Nublado,Dupla,Reta,-16.8101,-49.2397,DEL01-GO,Risco Médio,Média
sexta-feira,BR-163,93.0,Amanhecer,Decrescente,Céu Claro,Simples,Reta,-25.64699,-53.80315,DEL02-PR,Risco Baixo,Alta
segunda-feira,BR-364,506.0,Pleno dia,Crescente,Céu Claro,Simples,Reta,-15.21346,-56.50352,DEL01-MT,Risco Médio,Alta
quarta-feira,BR-163,194.8,Plena Noite,Crescente,Céu Claro,Simples,Não Informado,-25.04297,-53.55713,DEL04-PR,Risco Médio,Alta
quinta-feira,BR-304,43.8,Pleno dia,Crescente,Nublado,Dupla,Reta,-5.218158,-37.365,DEL04-RN,Risco Médio,Baixa
sábado,BR-135,128.7,Pleno dia,Crescente,Céu Claro,Simples,Não Informado,-7.669675,-43.94398,DEL03-PI,Risco Baixo,Baixa
sábado,BR-364,712.0,Plena Noite,Decrescente,Nublado,Múltipla,Reta,-8.774337,-63.87848,DEL01-RO,Risco Baixo,Alta
sábado,BR-101,236.0,Plena Noite,Decrescente,Chuva,Dupla,Reta,-22.61014,-42.40427,DEL02-RJ,Risco Médio,Alta
domingo,BR-282,595.9,Amanhecer,Crescente,Céu Claro,Simples,Não Informado,-26.82944,-53.12799,DEL07-SC,Risco Baixo,Baixa
sábado,BR-101,264.0,Pleno dia,Crescente,Garoa/Chuvisco,Dupla,Curva,-28.0663,-48.7151,DEL02-SC,Risco Médio,Alta
terça-feira,BR-116,110.0,Pleno dia,Decrescente,Nublado,Dupla,Reta,-25.57013,-49.21737,DEL01-PR,Risco Médio,Alta
sábado,BR-101,214.0,Pleno dia,Crescente,Céu Claro,Dupla,Reta,-27.64443,-48.67057,DEL01-SC,Risco Médio,Alta
terça-feira,BR-101,404.0,Pleno dia,Crescente,Chuva,Dupla,Reta,-22.86579,-43.80027,DEL03-RJ,Risco Baixo,Alta
sábado,BR-101,205.0,Pleno dia,Crescente,Céu Claro,Dupla,Reta,-27.58313,-48.61533,DEL01-SC,Risco Médio,Alta
sexta-feira,BR-262,89.0,Pleno dia,Decrescente,Sol,Simples,Curva,-20.33394,-42.4565,DEL03-MG,Risco Médio,Média
quinta-feira,BR-369,201.8,Pleno dia,Crescente,Céu Claro,Dupla,Reta,-23.54227,-51.45601,DEL07-PR,Risco Médio,Baixa
quarta-feira,BR-101,266.0,Plena Noite,Crescente,Ignorado,Dupla,Curva,-22.70861,-42.65179,DEL02-RJ,Risco Baixo,Alta
domingo,BR-369,64.7,Plena Noite,Decrescente,Céu Claro,Simples,Curva,-23.12994,-50.44719,DEL07-PR,Risco Médio,Baixa
quinta-feira,BR-316,78.1,Pleno dia,Crescente,Sol,Simples,Reta,-1.302234,-47.80629,DEL01-PA,Risco Alto,Baixa
segunda-feira,BR-60,34.5,Plena Noite,Crescente,Céu Claro,Dupla,Rotatória,-16.71627,-49.35721,DEL01-GO,Risco Baixo,Média
terça-feira,BR-381,479.0,Pleno dia,Decrescente,Céu Claro,Múltipla,Reta,-19.9589,-44.0692,DEL01-MG,Risco Médio,Alta
quinta-feira,BR-116,29.2,Pleno dia,Decrescente,Nublado,Dupla,Curva,-22.62914,-44.92451,DEL08-SP,Risco Baixo,Alta
quinta-feira,BR-287,466.9,Anoitecer,Decrescente,Céu Claro,Simples,Reta,-28.98182,-55.44036,DEL12-RS,Risco Baixo,Baixa
sexta-feira,BR-116,268.7,Pleno dia,Crescente,Chuva,Simples,Não Informado,-17.79125,-41.50055,DEL11-MG,Risco Médio,Alta
quinta-feira,BR-386,416.0,Pleno dia,Decrescente,Nevoeiro/Neblina,Simples,Curva,-29.81769,-51.45742,DEL04-RS,Risco Baixo,Média
terça-feira,BR-101,92.2,Plena Noite,Decrescente,Nublado,Dupla,Reta,-7.196838,-34.90588,DEL01-PB,Risco Médio,Alta
segunda-feira,BR-116,6.1,Pleno dia,Crescente,Sol,Dupla,Curva,-25.08317,-48.61141,DEL01-PR,Risco Médio,Alta
sábado,BR-116,521.8,Plena Noite,Crescente,Nublado,Simples,Curva,-19.7341,-42.13265,DEL06-MG,Risco Médio,Alta
segunda-feira,BR-163,67.4,Pleno dia,Crescente,Céu Claro,Dupla,Reta,-26.75944,-53.50055,DEL07-SC,Risco Médio,Alta
domingo,BR-343,345.0,Plena Noite,Crescente,Chuva,Dupla,Reta,-5.102889,-42.76651,DEL01-PI,Risco Médio,Baixa
sábado,BR-232,10.0,Plena Noite,Crescente,Nublado,Dupla,Reta,-8.079172,-34.98719,DEL01-PE,Risco Baixo,Baixa
segunda-feira,BR-282,17.2,Pleno dia,Crescente,Céu Claro,Simples,Reta,-27.66571,-48.68807,DEL01-SC,Risco Médio,Baixa
sexta-feira,BR-429,83.4,Pleno dia,Crescente,Nublado,Simples,Curva,-11.28735,-62.23079,DEL02-RO,Risco Médio,Baixa
domingo,BR-463,110.5,Pleno dia,Crescente,Chuva,Dupla,Reta,-22.57576,-55.69298,DEL04-MS,Risco Médio,Baixa
sábado,BR-277,234.3,Pleno dia,Decrescente,Chuva,Simples,Reta,-25.46486,-50.57723,DEL03-PR,Risco Médio,Média
sábado,BR-116,223.0,Plena Noite,Crescente,Céu Claro,Múltipla,Reta,-23.4756,-46.52466,DEL01-SP,Risco Médio,Alta
sábado,BR-101,131.0,Plena Noite,Crescente,Nublado,Dupla,Interseção de vias,-26.99064,-48.66311,DEL04-SC,Risco Médio,Alta
quinta-feira,BR-365,481.2,Plena Noite,Crescente,Céu Claro,Simples,Curva,-18.9436,-46.9923,DEL10-MG,Risco Médio,Média
quinta-feira,BR-101,97.5,Pleno dia,Crescente,Nublado,Múltipla,Não Informado,-5.857589,-35.21271,DEL01-RN,Risco Médio,Alta
sábado,BR-101,25.0,Plena Noite,Decrescente,Céu Claro,Dupla,Retorno Regulamentado,-10.40497,-36.91876,DEL02-SE,Risco Baixo,Alta
quinta-feira,BR-470,64.3,Pleno dia,Decrescente,Céu Claro,Simples,Não Informado,-26.86987,-49.20186,DEL04-SC,Risco Médio,Baixa
sábado,BR-116,642.0,Anoitecer,Decrescente,Chuva,Simples,Não Informado,-20.65626,-42.26078,DEL07-MG,Risco Médio,Alta
domingo,BR-316,307.0,Anoitecer,Decrescente,Chuva,Simples,Reta,-3.962662,-45.13456,DEL02-MA,Risco Médio,Baixa
quinta-feira,BR-153,678.4,Plena Noite,Crescente,Céu Claro,Simples,Reta,-11.76778,-49.10218,DEL02-TO,Risco Médio,Alta
domingo,BR-101,281.0,Plena Noite,Crescente,Nublado,Múltipla,Reta,-20.22113,-40.35721,DEL02-ES,Risco Baixo,Alta
quinta-feira,BR-116,218.5,Pleno dia,Crescente,Céu Claro,Múltipla,Reta,-23.45996,-46.48634,DEL01-SP,Risco Médio,Alta
terça-feira,BR-116,6.7,Plena Noite,Crescente,Céu Claro,Múltipla,Reta,-3.807108,-38.50195,DEL01-CE,Risco Alto,Alta
quinta-feira,BR-230,261.6,Pleno dia,Crescente,Chuva,Simples,Curva,-7.000525,-42.64334,DEL03-PI,Risco Médio,Baixa
domingo,BR-116,273.2,Anoitecer,Crescente,Céu Claro,Dupla,Reta,-23.61666,-46.79115,DEL04-SP,Risco Médio,Alta
quinta-feira,BR-50,115.0,Plena Noite,Decrescente,Garoa/Chuvisco,Dupla,Reta,-19.26612,-48.12839,DEL13-MG,Risco Médio,Média
domingo,BR-424,105.0,Plena Noite,Decrescente,Nublado,Simples,Não Informado,-9.685817,-35.82573,DEL02-AL,Risco Médio,Baixa
sábado,BR-70,217.0,Plena Noite,Decrescente,Céu Claro,Simples,Reta,-15.68524,-53.84637,DEL05-MT,Risco Baixo,Baixa
quarta-feira,BR-280,257.8,Pleno dia,Crescente,Céu Claro,Simples,Reta,-26.26311,-50.61713,DEL06-SC,Risco Baixo,Baixa
segunda-feira,BR-324,599.0,Pleno dia,Crescente,Nublado,Múltipla,Túnel,-12.74195,-38.43854,DEL01-BA,Risco Médio,Baixa
domingo,BR-230,38.0,Plena Noite,Decrescente,Nublado,Dupla,Não Informado,-7.1341,-34.962,DEL01-PB,Risco Baixo,Baixa
sábado,BR-376,66.2,Pleno dia,Crescente,Sol,Simples,Reta,-22.93108,-52.77602,DEL09-PR,Risco Médio,Baixa
segunda-feira,BR-415,22.0,Plena Noite,Crescente,Céu Claro,Simples,Curva,-14.80008,-39.15899,DEL05-BA,Risco Médio,Baixa
quarta-feira,BR-116,6.0,Pleno dia,Decrescente,Céu Claro,Múltipla,Reta,-3.802624,-38.504,DEL01-CE,Risco Médio,Alta
quarta-feira,BR-153,135.0,Pleno dia,Decrescente,Nublado,Simples,Desvio Temporário,-13.94993,-49.08493,DEL07-GO,Risco Baixo,Alta
sábado,BR-101,48.8,Pleno dia,Decrescente,Chuva,Múltipla,Reta,-7.900515,-34.90181,DEL01-PE,Risco Médio,Alta
sexta-feira,BR-222,310.3,Anoitecer,Crescente,Céu Claro,Simples,Reta,-3.712966,-40.98581,DEL04-CE,Risco Médio,Baixa
sexta-feira,BR-365,162.2,Pleno dia,Decrescente,Céu Claro,Simples,Reta,-17.36635,-44.93757,DEL12-MG,Risco Médio,Média
domingo,BR-101,114.0,Plena Noite,Decrescente,Chuva,Dupla,Viaduto,-26.8708,-48.7293,DEL04-SC,Risco Alto,Alta
quinta-feira,BR-153,45.0,Pleno dia,Crescente,Garoa/Chuvisco,Simples,Reta,-27.63214,-52.23626,DEL08-RS,Risco Médio,Alta
segunda-feira,BR-381,712.8,Pleno dia,Crescente,Sol,Dupla,Curva,-21.39693,-45.20682,DEL04-MG,Risco Baixo,Alta
segunda-feira,BR-101,201.0,Pleno dia,Crescente,Céu Claro,Múltipla,Reta,-27.5507,-48.61979,DEL01-SC,Risco Médio,Alta
sábado,BR-163,548.0,Plena Noite,Decrescente,Ignorado,Simples,Reta,-14.32502,-56.14341,DEL01-MT,Risco Alto,Alta
sexta-feira,BR-262,365.0,Plena Noite,Crescente,Céu Claro,Dupla,Reta,-19.97857,-44.25337,DEL01-MG,Risco Médio,Média
domingo,BR-232,79.7,Pleno dia,Decrescente,Céu Claro,Múltipla,Reta,-8.195924,-35.56795,DEL01-PE,Risco Médio,Baixa
sexta-feira,BR-232,407.0,Pleno dia,Decrescente,Céu Claro,Simples,Reta,-7.98544,-38.27148,DEL04-PE,Risco Baixo,Baixa
domingo,BR-163,110.7,Amanhecer,Crescente,Nublado,Dupla,Reta,-23.19717,-54.20125,DEL09-MS,Risco Baixo,Alta
domingo,BR-40,467.0,Pleno dia,Crescente,Nublado,Dupla,Reta,-19.44963,-44.31789,DEL02-MG,Risco Médio,Alta
quarta-feira,BR-40,124.0,Pleno dia,Crescente,Céu Claro,Dupla,Reta,-22.80795,-43.28912,DEL01-RJ,Risco Médio,Alta
segunda-feira,BR-110,173.0,Pleno dia,Crescente,Nublado,Simples,Reta,-10.8329,-38.53218,DEL07-BA,Risco Médio,Baixa
quinta-feira,BR-116,227.0,Plena Noite,Crescente,Nevoeiro/Neblina,Dupla,Curva,-22.67208,-43.81789,DEL07-RJ,Risco Baixo,Alta
quinta-feira,BR-70,513.0,Pleno dia,Decrescente,Céu Claro,Simples,Curva,-15.70568,-56.12306,DEL01-MT,Risco Médio,Baixa
terça-feira,BR-381,500.7,Pleno dia,Decrescente,Sol,Dupla,Reta,-20.02513,-44.23113,DEL01-MG,Risco Médio,Alta
domingo,BR-101,85.0,Anoitecer,Decrescente,Céu Claro,Dupla,Retorno Regulamentado,-7.145382,-34.91663,DEL01-PB,Risco Baixo,Alta
sexta-feira,BR-364,634.0,Pleno dia,Decrescente,Céu Claro,Simples,Reta,-9.060627,-63.40375,DEL03-RO,Risco Médio,Alta
quinta-feira,BR-364,209.0,Pleno dia,Decrescente,Nublado,Dupla,Reta,-16.42895,-54.69338,DEL02-MT,Risco Baixo,Alta
quarta-feira,BR-381,88.0,Pleno dia,Crescente,Céu Claro,Múltipla,Reta,-23.47469,-46.56113,DEL03-SP,Risco Médio,Alta
quinta-feira,BR-230,407.6,Pleno dia,Decrescente,Céu Claro,Simples,Reta,-6.7733,-37.798,DEL03-PB,Risco Médio,Baixa
sexta-feira,BR-101,264.2,Plena Noite,Decrescente,Céu Claro,Múltipla,Interseção de vias,-20.19354,-40.26864,DEL02-ES,Risco Médio,Alta
quarta-feira,BR-222,11.5,Pleno dia,Decrescente,Sol,Dupla,Rotatória,-3.767288,-38.66574,DEL01-CE,Risco Baixo,Baixa
domingo,BR-393,289.0,Plena Noite,Decrescente,Céu Claro,Simples,Reta,-22.51759,-44.11047,DEL05-RJ,Risco Baixo,Média
domingo,BR-104,160.6,Pleno dia,Crescente,Chuva,Simples,Interseção de vias,-6.202085,-36.39498,DEL03-RN,Risco Médio,Baixa
sexta-feira,BR-116,201.6,Pleno dia,Decrescente,Nublado,Simples,Reta,-27.43852,-50.40043,DEL05-SC,Risco Médio,Alta
segunda-feira,BR-364,233.0,Pleno dia,Crescente,Céu Claro,Simples,Reta,-11.46105,-61.41546,DEL02-RO,Risco Médio,Alta
quarta-feira,BR-277,660.0,Pleno dia,Crescente,Chuva,Dupla,Desvio Temporário,-25.25139,-53.99031,DEL05-PR,Risco Baixo,Média
domingo,BR-459,28.1,Plena Noite,Decrescente,Nublado,Simples,Rotatória,-22.70942,-45.11323,DEL08-SP,Risco Médio,Baixa
sexta-feira,BR-452,21.7,Pleno dia,Crescente,Céu Claro,Simples,Ponte,-17.87416,-50.72576,DEL04-GO,Risco Alto,Baixa
domingo,BR-116,144.3,Pleno dia,Crescente,Céu Claro,Múltipla,Reta,-23.18258,-45.84633,DEL02-SP,Risco Médio,Alta
sexta-feira,BR-290,86.0,Pleno dia,Crescente,Céu Claro,Múltipla,Reta,-29.96841,-51.11714,DEL01-RS,Risco Médio,Baixa
quinta-feira,BR-116,449.9,Pleno dia,Decrescente,Sol,Múltipla,Reta,-24.53537,-47.85838,DEL05-SP,Risco Médio,Alta
quarta-feira,BR-282,253.3,Plena Noite,Decrescente,Nevoeiro/Neblina,Simples,Desvio Temporário,-27.6833,-50.5644,DEL05-SC,Risco Médio,Baixa
domingo,BR-316,154.1,Plena Noite,Crescente,Céu Claro,Simples,Reta,-9.4302,-36.64017,DEL03-AL,Risco Médio,Baixa
quinta-feira,BR-251,296.0,Anoitecer,Crescente,Céu Claro,Simples,Reta,-16.10472,-42.21143,DEL11-MG,Risco Médio,Baixa
terça-feira,BR-116,419.0,Plena Noite,Decrescente,Céu Claro,Simples,Não Informado,-7.313751,-38.94587,DEL05-CE,Risco Médio,Alta
quarta-feira,BR-101,64.9,Plena Noite,Crescente,Céu Claro,Dupla,Reta,-8.016292,-34.94046,DEL01-PE,Risco Médio,Alta
segunda-feira,BR-470,218.0,Amanhecer,Crescente,Nevoeiro/Neblina,Simples,Não Informado,-29.18196,-51.52005,DEL06-RS,Risco Médio,Baixa
quinta-feira,BR-153,18.1,Plena Noite,Decrescente,Céu Claro,Simples,Reta,-20.44633,-49.28208,DEL09-SP,Risco Médio,Alta
sábado,BR-262,41.9,Pleno dia,Crescente,Chuva,Simples,Curva,-20.3841,-40.6439,DEL01-ES,Risco Médio,Média
quinta-feira,BR-116,387.7,Pleno dia,Decrescente,Nublado,Simples,Reta,-30.81433,-51.69637,DEL02-RS,Risco Baixo,Alta
sexta-feira,BR-116,37.0,Anoitecer,Crescente,Céu Claro,Dupla,Reta,-4.048895,-38.50694,DEL01-CE,Risco Médio,Alta
quarta-feira,BR-116,94.0,Pleno dia,Crescente,Céu Claro,Dupla,Não Informado,-22.46644,-43.00089,DEL04-RJ,Risco Médio,Alta
quinta-feira,BR-381,613.3,Pleno dia,Crescente,Céu Claro,Dupla,Reta,-20.70347,-44.75119,DEL04-MG,Risco Médio,Alta
quinta-feira,BR-101,206.5,Pleno dia,Crescente,Céu Claro,Múltipla,Curva,-27.5965,-48.61972,DEL01-SC,Risco Alto,Alta
quarta-feira,BR-60,12.3,Pleno dia,Decrescente,Céu Claro,Dupla,Interseção de vias,-15.91627,-48.16427,DEL01-DF,Risco Médio,Média
quarta-feira,BR-470,63.1,Plena Noite,Crescente,Garoa/Chuvisco,Simples,Reta,-26.87189,-49.19525,DEL04-SC,Risco Médio,Baixa