dia_semana,br,km,fase_dia,sentido_via,condicao_metereologica,tipo_pista,tracado_via,latitude,longitude,delegacia,classificacao_acidente,postos_policiais_PRF
terça-feira,BR-476,132.2,Pleno dia,Crescente,Céu Claro,Múltipla,Reta,-25.46649,-49.25297,DEL01-PR,Risco Médio,Baixa
terça-feira,BR-277,133.7,Plena Noite,Crescente,Nublado,Dupla,Não Informado,-25.47146,-49.6691,DEL01-PR,Risco Baixo,Média
sábado,BR-393,232.0,Plena Noite,Crescente,Céu Claro,Simples,Interseção de vias,-22.39106,-43.65055,DEL05-RJ,Risco Médio,Média
segunda-feira,BR-470,53.8,Plena Noite,Crescente,Céu Claro,Simples,Reta,-26.86247,-49.09186,DEL04-SC,Risco Médio,Baixa
quinta-feira,BR-116,464.5,Pleno dia,Crescente,Céu Claro,Dupla,Reta,-24.64131,-47.91528,DEL05-SP,Risco Médio,Alta
terça-feira,BR-116,78.9,Pleno dia,Crescente,Céu Claro,Simples,Curva,-28.7852,-51.09862,DEL05-RS,Risco Médio,Alta
terça-feira,BR-364,354.0,Pleno dia,Decrescente,Sol,Simples,Não Informado,-10.81493,-62.01834,DEL02-RO,Risco Médio,Alta
quarta-feira,BR-365,1.8,Plena Noite,Crescente,Céu Claro,Simples,Reta,-16.71615,-43.86333,DEL12-MG,Risco Médio,Média
sexta-feira,BR-282,589.4,Anoitecer,Crescente,Chuva,Simples,Não Informado,-26.82586,-53.07289,DEL07-SC,Risco Alto,Baixa
domingo,BR-116,0.5,Plena Noite,Crescente,Chuva,Dupla,Não Informado,-25.06368,-48.57052,DEL01-PR,Risco Médio,Alta
sábado,BR-277,70.0,Pleno dia,Crescente,Chuva,Simples,Não Informado,-25.53318,-49.0797,DEL01-PR,Risco Baixo,Média
domingo,BR-277,523.2,Amanhecer,Decrescente,Garoa/Chuvisco,Simples,Curva,-25.1039,-52.8686,DEL04-PR,Risco Médio,Média
quarta-feira,BR-101,203.4,Pleno dia,Crescente,Céu Claro,Dupla,Curva,-8.797265,-35.62641,DEL01-PE,Risco Baixo,Alta
quarta-feira,BR-158,250.6,Plena Noite,Decrescente,Céu Claro,Simples,Desvio Temporário,-29.12433,-53.64962,DEL10-RS,Risco Médio,Baixa
sábado,BR-158,323.0,Pleno dia,Decrescente,Céu Claro,Simples,Reta,-29.69557,-53.78022,DEL09-RS,Risco Médio,Baixa
terça-feira,BR-285,257.1,Pleno dia,Crescente,Céu Claro,Simples,Não Informado,-28.30296,-52.05176,DEL08-RS,Risco Alto,Baixa
domingo,BR-101,90.0,Plena Noite,Crescente,Céu Claro,Simples,Reta,-8.216128,-34.98773,DEL01-PE,Risco Baixo,Alta
sexta-feira,BR-282,330.0,Pleno dia,Decrescente,Céu Claro,Simples,Não Informado,-27.38458,-51.10658,DEL07-SC,Risco Médio,Baixa
sábado,BR-101,229.0,Plena Noite,Decrescente,Nublado,Simples,Reta,-12.82657,-39.19998,DEL01-BA,Risco Médio,Alta
sábado,BR-101,373.0,Pleno dia,Crescente,Chuva,Simples,Reta,-20.7872,-40.7982,DEL03-ES,Risco Médio,Alta
segunda-feira,BR-381,77.0,Pleno dia,Decrescente,Céu Claro,Múltipla,Reta,-23.38884,-46.56935,DEL03-SP,Risco Baixo,Alta
sábado,BR-116,137.0,Pleno dia,Decrescente,Sol,Dupla,Reta,-22.64861,-43.22983,DEL04-RJ,Risco Médio,Alta
domingo,BR-405,1.0,Plena Noite,Crescente,Céu Claro,Dupla,Reta,-5.191708,-37.36153,DEL04-RN,Risco Médio,Baixa
quarta-feira,BR-174,317.0,Plena Noite,Crescente,Chuva,Simples,Reta,-15.19615,-59.32277,DEL04-MT,Risco Médio,Baixa
sábado,BR-262,639.0,Plena Noite,Crescente,Céu Claro,Simples,Reta,-19.80763,-56.93244,DEL03-MS,Risco Médio,Média
sexta-feira,BR-116,184.8,Pleno dia,Crescente,Sol,Dupla,Reta,-22.74647,-43.44594,DEL01-RJ,Risco Médio,Alta
segunda-feira,BR-153,134.0,Pleno dia,Decrescente,Céu Claro,Simples,Reta,-19.51436,-48.8403,DEL15-MG,Risco Médio,Alta
segunda-feira,BR-101,108.0,Pleno dia,Crescente,Céu Claro,Simples,Interseção de vias,-12.14847,-38.39516,DEL01-BA,Risco Médio,Alta
sexta-feira,BR-365,613.0,Anoitecer,Crescente,Céu Claro,Simples,Reta,-18.97471,-48.21367,DEL15-MG,Risco Médio,Média
quinta-feira,BR-101,150.6,Anoitecer,Crescente,Nublado,Simples,Não Informado,-19.40437,-40.06079,DEL04-ES,Risco Médio,Alta
domingo,BR-101,60.8,Pleno dia,Decrescente,Céu Claro,Dupla,Curva,-29.67812,-50.14614,DEL03-RS,Risco Médio,Alta
segunda-feira,BR-277,591.0,Plena Noite,Decrescente,Nublado,Simples,Interseção de vias,-24.98473,-53.46502,DEL04-PR,Risco Médio,Média
domingo,BR-414,374.0,Plena Noite,Crescente,Céu Claro,Dupla,Reta,-15.80271,-48.77946,DEL02-GO,Risco Médio,Baixa
sábado,BR-116,275.0,Pleno dia,Crescente,Céu Claro,Simples,Interseção de vias,-22.54465,-44.17177,DEL07-RJ,Risco Médio,Alta
quinta-feira,BR-116,17.1,Anoitecer,Crescente,Céu Claro,Dupla,Reta,-3.897248,-38.5032,DEL01-CE,Risco Médio,Alta
terça-feira,BR-116,538.0,Pleno dia,Crescente,Céu Claro,Dupla,Reta,-24.97172,-48.3731,DEL05-SP,Risco Alto,Alta
quinta-feira,BR-116,200.2,Plena Noite,Decrescente,Nublado,Dupla,Reta,-23.40294,-46.32194,DEL01-SP,Risco Baixo,Alta
domingo,BR-316,346.0,Plena Noite,Decrescente,Céu Claro,Simples,Reta,-4.218186,-44.90873,DEL02-MA,Risco Alto,Baixa
sábado,BR-469,16.0,Plena Noite,Decrescente,Céu Claro,Simples,Reta,-25.5844,-54.5245,DEL05-PR,Risco Médio,Baixa
quinta-feira,BR-60,124.0,Pleno dia,Crescente,Sol,Dupla,Reta,-16.5243,-49.1313,DEL01-GO,Risco Médio,Média
sexta-feira,BR-153,2.0,Plena Noite,Crescente,Céu Claro,Simples,Curva,-26.61364,-51.49717,DEL07-SC,Risco Alto,Alta
sábado,BR-40,109.0,Pleno dia,Decrescente,Sol,Múltipla,Reta,-22.67436,-43.28598,DEL01-RJ,Risco Baixo,Alta
terça-feira,BR-381,925.1,Pleno dia,Crescente,Chuva,Dupla,Reta,-22.76886,-46.20616,DEL16-MG,Risco Baixo,Alta
sexta-feira,BR-116,573.7,Pleno dia,Decrescente,Céu Claro,Simples,Não Informado,-20.13004,-42.17795,DEL06-MG,Risco Médio,Alta
terça-feira,BR-60,78.8,Pleno dia,Decrescente,Chuva,Dupla,Reta,-16.29125,-48.79941,DEL02-GO,Risco Médio,Média
segunda-feira,BR-104,65.3,Pleno dia,Crescente,Céu Claro,Dupla,Curva,-8.2867,-35.9838,DEL02-PE,Risco Médio,Baixa
quarta-feira,BR-277,720.0,Pleno dia,Decrescente,Nublado,Dupla,Reta,-25.48749,-54.50321,DEL05-PR,Risco Baixo,Média
domingo,BR-116,839.5,Plena Noite,Crescente,Chuva,Simples,Reta,-14.94587,-40.89867,DEL08-BA,Risco Médio,Alta
sexta-feira,BR-163,550.7,Plena Noite,Crescente,Nublado,Simples,Reta,-14.30773,-56.13892,DEL01-MT,Risco Médio,Alta
sábado,BR-376,34.0,Plena Noite,Crescente,Céu Claro,Simples,Reta,-22.80484,-53.00299,DEL09-PR,Risco Médio,Baixa
quarta-feira,BR-116,196.8,Plena Noite,Crescente,Garoa/Chuvisco,Dupla,Reta,-22.73154,-43.60336,DEL01-RJ,Risco Médio,Alta
terça-feira,BR-290,39.8,Plena Noite,Crescente,Nublado,Dupla,Reta,-29.8861,-50.6563,DEL03-RS,Risco Médio,Baixa
domingo,BR-101,291.0,Anoitecer,Decrescente,Garoa/Chuvisco,Simples,Não Informado,-28.2898,-48.70745,DEL02-SC,Risco Baixo,Alta
segunda-feira,BR-40,529.1,Plena Noite,Decrescente,Céu Claro,Dupla,Reta,-19.91636,-44.03967,DEL01-MG,Risco Médio,Alta
sábado,BR-116,140.0,Anoitecer,Crescente,Garoa/Chuvisco,Múltipla,Reta,-22.64662,-43.21112,DEL02-RJ,Risco Baixo,Alta
sexta-feira,BR-101,262.0,Pleno dia,Crescente,Céu Claro,Dupla,Reta,-20.177,-40.2657,DEL02-ES,Risco Baixo,Alta
domingo,BR-116,179.9,Plena Noite,Crescente,Céu Claro,Simples,Reta,-17.08201,-41.48463,DEL11-MG,Risco Alto,Alta
sábado,BR-101,353.5,Amanhecer,Decrescente,Céu Claro,Dupla,Reta,-28.6208,-49.07384,DEL02-SC,Risco Médio,Alta
quarta-feira,BR-153,57.0,Plena Noite,Crescente,Céu Claro,Dupla,Reta,-18.87132,-49.06237,DEL15-MG,Risco Baixo,Alta
domingo,BR-174,886.0,Plena Noite,Decrescente,Céu Claro,Simples,Não Informado,-2.960347,-60.0316,DEL01-AM,Risco Médio,Baixa
quinta-feira,BR-116,91.0,Pleno dia,Crescente,Céu Claro,Dupla,Reta,-22.94792,-45.39587,DEL06-SP,Risco Médio,Alta
sábado,BR-427,63.3,Pleno dia,Decrescente,Sol,Simples,Curva,-6.576069,-36.83493,DEL03-RN,Risco Baixo,Baixa
segunda-feira,BR-392,1.5,Pleno dia,Decrescente,Céu Claro,Simples,Curva,-31.7602,-52.4381,DEL07-RS,Risco Médio,Média
sábado,BR-40,88.0,Pleno dia,Decrescente,Sol,Simples,Reta,-22.54857,-43.23174,DEL06-RJ,Risco Médio,Alta
sábado,BR-381,54.0,Plena Noite,Decrescente,Céu Claro,Dupla,Não Informado,-23.24491,-46.59562,DEL03-SP,Risco Alto,Alta
domingo,BR-277,116.6,Plena Noite,Crescente,Céu Claro,Dupla,Reta,-25.43557,-49.51678,DEL01-PR,Risco Baixo,Média
terça-feira,BR-116,459.0,Pleno dia,Crescente,Céu Claro,Dupla,Reta,-24.6054,-47.8786,DEL05-SP,Risco Médio,Alta
sexta-feira,BR-232,9.0,Pleno dia,Decrescente,Sol,Dupla,Não Informado,-8.078195,-34.98063,DEL01-PE,Risco Médio,Baixa
quinta-feira,BR-116,6.0,Pleno dia,Crescente,Céu Claro,Dupla,Reta,-3.802624,-38.504,DEL01-CE,Risco Médio,Alta
sábado,BR-101,81.0,Plena Noite,Crescente,Céu Claro,Dupla,Reta,-26.60256,-48.72554,DEL03-SC,Risco Baixo,Alta
sábado,BR-40,15.3,Pleno dia,Crescente,Céu Claro,Dupla,Reta,-16.17048,-47.93001,DEL01-DF,Risco Médio,Alta
sexta-feira,BR-381,510.0,Plena Noite,Crescente,Nublado,Dupla,Reta,-20.0637,-44.29407,DEL01-MG,Risco Médio,Alta
quinta-feira,BR-285,317.5,Pleno dia,Crescente,Chuva,Simples,Desvio Temporário,-28.26852,-52.61524,DEL08-RS,Risco Alto,Baixa
sexta-feira,BR-470,147.7,Anoitecer,Crescente,Céu Claro,Simples,Rotatória,-27.24344,-49.69002,DEL04-SC,Risco Médio,Baixa
quarta-feira,BR-101,10.0,Pleno dia,Crescente,Chuva,Dupla,Reta,-26.06301,-48.86021,DEL03-SC,Risco Baixo,Alta
domingo,BR-430,401.0,Pleno dia,Crescente,Céu Claro,Simples,Curva,-13.8582,-42.6459,DEL08-BA,Risco Médio,Baixa
terça-feira,BR-364,15.0,Plena Noite,Crescente,Céu Claro,Simples,Reta,-12.73721,-60.14639,DEL04-RO,Risco Médio,Alta
domingo,BR-116,186.0,Pleno dia,Decrescente,Céu Claro,Dupla,Reta,-22.74141,-43.52264,DEL01-RJ,Risco Médio,Alta
sábado,BR-40,580.5,Plena Noite,Decrescente,Céu Claro,Dupla,Curva,-20.29439,-43.93886,DEL01-MG,Risco Médio,Alta
quarta-feira,BR-116,179.4,Pleno dia,Decrescente,Céu Claro,Simples,Reta,-23.33705,-46.14221,DEL02-SP,Risco Médio,Alta
sexta-feira,BR-101,89.5,Pleno dia,Decrescente,Sol,Dupla,Reta,-7.178449,-34.89967,DEL01-PB,Risco Médio,Alta
segunda-feira,BR-50,129.0,Plena Noite,Crescente,Céu Claro,Dupla,Reta,-16.9901,-47.751,DEL06-GO,Risco Baixo,Média
segunda-feira,BR-364,109.0,Plena Noite,Decrescente,Céu Claro,Simples,Reta,-12.21566,-60.69328,DEL04-RO,Risco Médio,Alta
domingo,BR-101,27.6,Plena Noite,Crescente,Nublado,Dupla,Reta,-26.20543,-48.91461,DEL03-SC,Risco Médio,Alta
sábado,BR-282,408.4,Anoitecer,Decrescente,Céu Claro,Simples,Não Informado,-27.07481,-51.66327,DEL07-SC,Risco Alto,Baixa
domingo,BR-101,66.1,Amanhecer,Decrescente,Céu Claro,Múltipla,Interseção de vias,-18.71652,-39.87436,DEL04-ES,Risco Médio,Alta
domingo,BR-470,141.9,Anoitecer,Crescente,Nublado,Simples,Interseção de vias,-27.22606,-49.66616,DEL04-SC,Risco Médio,Baixa
domingo,BR-40,6.6,Pleno dia,Decrescente,Céu Claro,Dupla,Reta,-16.02974,-47.97887,DEL01-DF,Risco Médio,Alta
quarta-feira,BR-101,146.0,Pleno dia,Decrescente,Céu Claro,Múltipla,Não Informado,-27.08667,-48.60956,DEL04-SC,Risco Médio,Alta
sábado,BR-414,435.9,Pleno dia,Crescente,Céu Claro,Simples,Reta,-16.25483,-48.93612,DEL02-GO,Risco Alto,Baixa
sexta-feira,BR-101,186.1,Pleno dia,Crescente,Chuva,Dupla,Reta,-27.43411,-48.62567,DEL01-SC,Risco Médio,Alta
quarta-feira,BR-116,393.0,Pleno dia,Crescente,Céu Claro,Simples,Curva,-18.725,-41.98861,DEL06-MG,Risco Médio,Alta
segunda-feira,BR-116,227.0,Pleno dia,Decrescente,Céu Claro,Dupla,Interseção de vias,-23.49659,-46.55649,DEL01-SP,Risco Médio,Alta
segunda-feira,BR-232,176.2,Pleno dia,Crescente,Sol,Simples,Reta,-8.345736,-36.39482,DEL02-PE,Risco Médio,Baixa
segunda-feira,BR-116,103.0,Pleno dia,Crescente,Céu Claro,Dupla,Reta,-25.55945,-49.151,DEL01-PR,Risco Baixo,Alta
sábado,BR-101,373.0,Plena Noite,Decrescente,Céu Claro,Simples,Reta,-20.78077,-40.78058,DEL03-ES,Risco Alto,Alta
quinta-feira,BR-40,118.0,Pleno dia,Crescente,Céu Claro,Múltipla,Reta,-22.75775,-43.28708,DEL01-RJ,Risco Médio,Alta
quinta-feira,BR-40,677.5,Pleno dia,Crescente,Céu Claro,Simples,Curva,-21.01918,-43.78305,DEL05-MG,Risco Médio,Alta
segunda-feira,BR-153,27.3,Pleno dia,Decrescente,Sol,Simples,Curva,-27.51446,-52.14473,DEL08-RS,Risco Médio,Alta
quinta-feira,BR-10,18.0,Pleno dia,Crescente,Sol,Simples,Interseção de vias,-4.290248,-47.55744,DEL02-PA,Risco Médio,Baixa
quarta-feira,BR-40,18.0,Anoitecer,Crescente,Céu Claro,Dupla,Reta,-16.19349,-47.92558,DEL01-DF,Risco Baixo,Alta
terça-feira,BR-381,443.0,Pleno dia,Decrescente,Sol,Simples,Não Informado,-19.80888,-43.78565,DEL01-MG,Risco Baixo,Alta
segunda-feira,BR-418,78.0,Plena Noite,Crescente,Chuva,Simples,Reta,-17.86206,-39.74337,DEL09-BA,Risco Médio,Baixa
segunda-feira,BR-101,216.0,Pleno dia,Decrescente,Chuva,Simples,Reta,-22.50804,-42.28282,DEL02-RJ,Risco Médio,Alta
terça-feira,BR-319,57.2,Amanhecer,Decrescente,Céu Claro,Simples,Ponte,-8.737234,-63.9179,DEL01-RO,Risco Médio,Baixa
quinta-feira,BR-101,425.3,Plena Noite,Decrescente,Nublado,Simples,Não Informado,-22.93776,-44.00872,DEL03-RJ,Risco Médio,Alta
quinta-feira,BR-101,149.3,Pleno dia,Decrescente,Nublado,Simples,Reta,-11.25217,-37.43723,DEL02-SE,Risco Alto,Alta
quarta-feira,BR-40,686.7,Pleno dia,Decrescente,Chuva,Simples,Não Informado,-21.09708,-43.76777,DEL05-MG,Risco Médio,Alta
sábado,BR-116,517.2,Plena Noite,Crescente,Céu Claro,Simples,Curva,-19.70493,-42.1172,DEL06-MG,Risco Alto,Alta
segunda-feira,BR-381,399.7,Anoitecer,Crescente,Nublado,Simples,Reta,-19.74776,-43.49232,DEL01-MG,Risco Médio,Alta
quinta-feira,BR-316,373.3,Pleno dia,Crescente,Sol,Simples,Desvio Temporário,-7.16806,-40.90615,DEL04-PI,Risco Médio,Baixa
sábado,BR-381,451.0,Pleno dia,Decrescente,Sol,Simples,Curva,-19.83832,-43.88069,DEL01-MG,Risco Médio,Alta
quinta-feira,BR-381,916.5,Plena Noite,Crescente,Céu Claro,Simples,Não Informado,-22.74124,-46.13582,DEL16-MG,Risco Médio,Alta
domingo,BR-324,512.9,Plena Noite,Crescente,Céu Claro,Simples,Reta,-12.2413,-38.94443,DEL02-BA,Risco Médio,Baixa
sábado,BR-116,29.9,Anoitecer,Crescente,Céu Claro,Dupla,Reta,-22.62914,-44.92451,DEL08-SP,Risco Médio,Alta
domingo,BR-324,552.0,Plena Noite,Decrescente,Chuva,Dupla,Reta,-12.4497,-38.71123,DEL01-BA,Risco Médio,Baixa
sexta-feira,BR-232,142.5,Pleno dia,Crescente,Céu Claro,Dupla,Reta,-8.322421,-36.09481,DEL02-PE,Risco Médio,Baixa
segunda-feira,BR-153,199.0,Pleno dia,Decrescente,Chuva,Simples,Reta,-21.81094,-49.90138,DEL07-SP,Risco Baixo,Alta
segunda-feira,BR-101,209.0,Pleno dia,Crescente,Chuva,Dupla,Curva,-22.48326,-42.23368,DEL02-RJ,Risco Médio,Alta
sexta-feira,BR-280,104.8,Pleno dia,Crescente,Céu Claro,Simples,Não Informado,-26.34594,-49.37304,DEL06-SC,Risco Médio,Baixa
terça-feira,BR-153,492.4,Anoitecer,Crescente,Céu Claro,Dupla,Reta,-16.6414,-49.20802,DEL01-GO,Risco Médio,Alta
terça-feira,BR-40,564.0,Plena Noite,Decrescente,Ignorado,Dupla,Não Informado,-20.16086,-43.96464,DEL01-MG,Risco Médio,Alta
domingo,BR-420,298.6,Plena Noite,Decrescente,Ignorado,Simples,Desvio Temporário,-13.25122,-39.77007,DEL03-BA,Risco Alto,Baixa
quinta-feira,BR-60,170.0,Plena Noite,Crescente,Nublado,Dupla,Reta,-16.7305,-49.3908,DEL01-GO,Risco Médio,Média
quinta-feira,BR-354,752.3,Plena Noite,Crescente,Céu Claro,Simples,Reta,-22.29341,-44.86366,DEL17-MG,Risco Médio,Baixa
terça-feira,BR-153,443.4,Pleno dia,Crescente,Sol,Dupla,Reta,-16.34794,-48.92693,DEL02-GO,Risco Médio,Alta
sexta-feira,BR-104,54.5,Pleno dia,Decrescente,Céu Claro,Simples,Curva,-9.30688,-35.94084,DEL01-AL,Risco Alto,Baixa
segunda-feira,BR-364,374.0,Pleno dia,Crescente,Chuva,Dupla,Curva,-10.74423,-62.17936,DEL02-RO,Risco Médio,Alta
quinta-feira,BR-101,269.8,Plena Noite,Crescente,Céu Claro,Múltipla,Reta,-20.2174,-40.26991,DEL02-ES,Risco Médio,Alta
sábado,BR-316,421.4,Pleno dia,Decrescente,Céu Claro,Simples,Reta,-4.35627,-44.36382,DEL03-MA,Risco Baixo,Baixa
sexta-feira,BR-242,749.0,Plena Noite,Decrescente,Céu Claro,Simples,Reta,-12.16004,-44.64624,DEL10-BA,Risco Alto,Baixa
domingo,BR-40,67.0,Plena Noite,Crescente,Céu Claro,Dupla,Reta,-22.43736,-43.17598,DEL06-RJ,Risco Alto,Alta
sábado,BR-20,9.0,Pleno dia,Decrescente,Céu Claro,Dupla,Não Informado,-15.65467,-47.78292,DEL02-DF,Risco Médio,Baixa
domingo,BR-50,282.8,Pleno dia,Crescente,Céu Claro,Simples,Reta,-18.1896,-47.9511,DEL06-GO,Risco Baixo,Média
terça-feira,BR-163,262.0,Plena Noite,Crescente,Céu Claro,Dupla,Reta,-24.63796,-53.86218,DEL06-PR,Risco Médio,Alta
sexta-feira,BR-412,105.9,Plena Noite,Crescente,Céu Claro,Simples,Reta,-7.647354,-36.86728,DEL02-PB,Risco Médio,Baixa
domingo,BR-116,316.0,Pleno dia,Decrescente,Sol,Dupla,Curva,-23.909,-46.9918,DEL04-SP,Risco Médio,Alta
segunda-feira,BR-287,238.4,Pleno dia,Crescente,Céu Claro,Simples,Reta,-29.70794,-53.76261,DEL09-RS,Risco Médio,Baixa
quinta-feira,BR-20,14.0,Pleno dia,Crescente,Céu Claro,Dupla,Reta,-15.63494,-47.74124,DEL02-DF,Risco Médio,Baixa
segunda-feira,BR-70,640.8,Pleno dia,Decrescente,Céu Claro,Simples,Curva,-16.44662,-57.5354,DEL03-MT,Risco Alto,Baixa
quarta-feira,BR-381,496.0,Plena Noite,Crescente,Céu Claro,Múltipla,Reta,-19.97593,-44.19834,DEL01-MG,Risco Médio,Alta
quinta-feira,BR-262,58.7,Pleno dia,Crescente,Chuva,Simples,Curva,-20.42168,-40.77787,DEL01-ES,Risco Médio,Média
quinta-feira,BR-158,494.0,Pleno dia,Crescente,Céu Claro,Simples,Reta,-26.0166,-52.57301,DEL02-PR,Risco Médio,Baixa
domingo,BR-153,1.3,Pleno dia,Crescente,Sol,Simples,Reta,-26.62011,-51.49976,DEL07-SC,Risco Alto,Alta
terça-feira,BR-116,282.7,Pleno dia,Decrescente,Céu Claro,Simples,Curva,-22.54744,-44.18366,DEL07-RJ,Risco Médio,Alta
sexta-feira,BR-376,314.1,Plena Noite,Decrescente,Nublado,Simples,Não Informado,-23.98397,-51.08334,DEL07-PR,Risco Alto,Baixa
quarta-feira,BR-116,417.2,Pleno dia,Crescente,Chuva,Dupla,Curva,-24.34835,-47.65101,DEL05-SP,Risco Médio,Alta
sábado,BR-116,422.2,Plena Noite,Crescente,Céu Claro,Simples,Reta,-12.2307,-38.96635,DEL02-BA,Risco Baixo,Alta
domingo,BR-50,54.0,Amanhecer,Crescente,Nublado,Dupla,Curva,-18.76664,-48.24409,DEL15-MG,Risco Médio,Média
domingo,BR-153,64.0,Plena Noite,Decrescente,Céu Claro,Dupla,Reta,-20.82919,-49.36046,DEL09-SP,Risco Médio,Alta
sexta-feira,BR-222,4.0,Plena Noite,Decrescente,Céu Claro,Dupla,Reta,-3.741648,-38.6045,DEL01-CE,Risco Médio,Baixa
domingo,BR-232,185.0,Plena Noite,Crescente,Céu Claro,Simples,Reta,-8.352062,-36.47353,DEL03-PE,Risco Alto,Baixa
domingo,BR-135,410.0,Plena Noite,Crescente,Céu Claro,Simples,Reta,-17.1013,-43.8242,DEL12-MG,Risco Médio,Baixa
sexta-feira,BR-116,6.5,Pleno dia,Crescente,Sol,Simples,Desvio Temporário,-14.82982,-40.88663,DEL08-BA,Risco Médio,Alta
segunda-feira,BR-70,11.5,Pleno dia,Decrescente,Céu Claro,Dupla,Reta,-15.78976,-48.14873,DEL01-DF,Risco Médio,Baixa
terça-feira,BR-101,15.1,Pleno dia,Decrescente,Nublado,Simples,Interseção de vias,-18.29002,-39.95476,DEL04-ES,Risco Médio,Alta
sexta-feira,BR-101,138.5,Pleno dia,Crescente,Céu Claro,Múltipla,Curva,-27.02801,-48.60625,DEL04-SC,Risco Baixo,Alta
quarta-feira,BR-101,154.0,Pleno dia,Crescente,Céu Claro,Simples,Curva,-22.25599,-41.83284,DEL08-RJ,Risco Médio,Alta
sábado,BR-393,278.0,Plena Noite,Decrescente,Céu Claro,Simples,Reta,-22.47508,-43.99837,DEL05-RJ,Risco Médio,Média
sexta-feira,BR-282,26.8,Pleno dia,Crescente,Sol,Simples,Reta,-27.67525,-48.76825,DEL01-SC,Risco Alto,Baixa
quarta-feira,BR-153,439.7,Pleno dia,Decrescente,Céu Claro,Simples,Curva,-9.731625,-48.69329,DEL02-TO,Risco Médio,Alta
quinta-feira,BR-163,955.0,Pleno dia,Decrescente,Céu Claro,Simples,Reta,-10.84806,-55.18748,DEL06-MT,Risco Baixo,Alta
sábado,BR-324,518.0,Pleno dia,Decrescente,Sol,Dupla,Reta,-12.2582,-38.93218,DEL02-BA,Risco Baixo,Baixa
segunda-feira,BR-101,96.6,Pleno dia,Crescente,Céu Claro,Dupla,Reta,-5.849496,-35.20891,DEL01-RN,Risco Médio,Alta
quinta-feira,BR-101,143.0,Pleno dia,Crescente,Céu Claro,Simples,Reta,-27.06436,-48.59599,DEL04-SC,Risco Médio,Alta
segunda-feira,BR-262,427.9,Pleno dia,Crescente,Céu Claro,Dupla,Desvio Temporário,-19.88502,-44.77735,DEL08-MG,Risco Médio,Média
sexta-feira,BR-40,113.0,Plena Noite,Decrescente,Nublado,Múltipla,Curva,-22.71066,-43.29,DEL01-RJ,Risco Médio,Alta
domingo,BR-290,26.0,Pleno dia,Crescente,Céu Claro,Simples,Rotatória,-29.8808,-50.51576,DEL03-RS,Risco Médio,Baixa
quinta-feira,BR-222,279.0,Plena Noite,Decrescente,Céu Claro,Simples,Reta,-3.756371,-40.80815,DEL04-CE,Risco Alto,Baixa
domingo,BR-101,133.0,Pleno dia,Decrescente,Céu Claro,Simples,Reta,-9.78019,-36.0983,DEL02-AL,Risco Baixo,Alta
terça-feira,BR-230,26.1,Pleno dia,Decrescente,Céu Claro,Múltipla,Reta,-7.169246,-34.87964,DEL01-PB,Risco Baixo,Baixa
quarta-feira,BR-116,286.8,Plena Noite,Decrescente,Céu Claro,Dupla,Reta,-22.45682,-44.29223,DEL07-RJ,Risco Médio,Alta
quinta-feira,BR-163,69.2,Pleno dia,Crescente,Céu Claro,Dupla,Reta,-26.74129,-53.50121,DEL07-SC,Risco Baixo,Alta
segunda-feira,BR-153,363.3,Pleno dia,Crescente,Céu Claro,Simples,Reta,-15.783,-49.30387,DEL02-GO,Risco Médio,Alta
domingo,BR-116,150.5,Pleno dia,Crescente,Céu Claro,Dupla,Interseção de vias,-23.21336,-45.89306,DEL02-SP,Risco Médio,Alta
domingo,BR-349,952.0,Pleno dia,Decrescente,Céu Claro,Simples,Reta,-13.62522,-45.37197,DEL10-BA,Risco Alto,Baixa
sexta-feira,BR-230,85.8,Pleno dia,Decrescente,Céu Claro,Dupla,Reta,-7.1689,-35.3743,DEL01-PB,Risco Médio,Baixa
quarta-feira,BR-259,52.6,Pleno dia,Crescente,Céu Claro,Dupla,Curva,-19.50224,-40.62082,DEL02-ES,Risco Médio,Baixa
sábado,BR-230,98.0,Pleno dia,Crescente,Céu Claro,Simples,Reta,-5.4149,-48.9411,DEL03-PA,Risco Alto,Baixa
sexta-feira,BR-316,78.0,Amanhecer,Crescente,Ignorado,Simples,Reta,-7.850144,-40.12242,DEL05-PE,Risco Médio,Baixa
sábado,BR-343,345.6,Pleno dia,Crescente,Céu Claro,Simples,Reta,-5.102889,-42.76651,DEL01-PI,Risco Médio,Baixa
quinta-feira,BR-277,349.0,Plena Noite,Crescente,Garoa/Chuvisco,Simples,Reta,-25.36563,-51.48773,DEL08-PR,Risco Médio,Média
sexta-feira,BR-381,892.4,Pleno dia,Decrescente,Nublado,Dupla,Reta,-22.56236,-46.0408,DEL16-MG,Risco Baixo,Alta
segunda-feira,BR-470,70.0,Pleno dia,Crescente,Céu Claro,Simples,Não Informado,-26.88937,-49.25448,DEL04-SC,Risco Médio,Baixa
segunda-feira,BR-476,158.7,Pleno dia,Crescente,Sol,Simples,Interseção de vias,-25.61354,-49.42426,DEL01-PR,Risco Médio,Baixa
terça-feira,BR-376,220.0,Plena Noite,Crescente,Céu Claro,Simples,Não Informado,-23.60242,-51.59826,DEL09-PR,Risco Médio,Baixa
quarta-feira,BR-381,72.9,Plena Noite,Decrescente,Ignorado,Dupla,Curva,-23.37163,-46.55605,DEL03-SP,Risco Médio,Alta