dia_semana,br,km,fase_dia,sentido_via,condicao_metereologica,tipo_pista,tracado_via,latitude,longitude,delegacia,classificacao_acidente,postos_policiais_PRF
sexta-feira,BR-101,136.3,Plena Noite,Crescente,Nublado,Múltipla,Reta,-27.00811,-48.61724,DEL04-SC,Risco Médio,Alta
sábado,BR-116,441.0,Pleno dia,Decrescente,Céu Claro,Dupla,Reta,-24.46885,-47.82224,DEL05-SP,Risco Médio,Alta
sexta-feira,BR-40,648.1,Plena Noite,Decrescente,Chuva,Simples,Reta,-20.82394,-43.80982,DEL05-MG,Risco Alto,Alta
segunda-feira,BR-116,16.0,Pleno dia,Decrescente,Garoa/Chuvisco,Dupla,Reta,-3.887328,-38.50185,DEL01-CE,Risco Baixo,Alta
sábado,BR-101,154.4,Plena Noite,Decrescente,Nublado,Dupla,Reta,-27.15382,-48.61086,DEL04-SC,Risco Baixo,Alta
sábado,BR-262,462.7,Amanhecer,Decrescente,Nublado,Simples,Desvio Temporário,-19.80278,-45.13432,DEL08-MG,Risco Médio,Média
quinta-feira,BR-101,1.8,Plena Noite,Decrescente,Céu Claro,Dupla,Reta,-29.31522,-49.77395,DEL03-RS,Risco Médio,Alta
segunda-feira,BR-410,22.0,Pleno dia,Decrescente,Sol,Simples,Reta,-10.92265,-38.69736,DEL07-BA,Risco Médio,Baixa
sexta-feira,BR-262,590.4,Pleno dia,Decrescente,Chuva,Simples,Curva,-19.66598,-46.1542,DEL08-MG,Risco Baixo,Média
sexta-feira,BR-470,179.4,Amanhecer,Decrescente,Garoa/Chuvisco,Simples,Reta,-27.2495,-49.98695,DEL04-SC,Risco Médio,Baixa
quarta-feira,BR-116,251.3,Pleno dia,Decrescente,Nublado,Simples,Não Informado,-27.84722,-50.37934,DEL05-SC,Risco Baixo,Alta
segunda-feira,BR-376,176.4,Pleno dia,Decrescente,Nublado,Dupla,Reta,-23.41269,-51.93158,DEL07-PR,Risco Médio,Baixa
sábado,BR-316,37.0,Plena Noite,Decrescente,Céu Claro,Simples,Desvio Temporário,-7.661827,-40.40402,DEL05-PE,Risco Alto,Baixa
domingo,BR-70,333.0,Plena Noite,Decrescente,Céu Claro,Simples,Reta,-15.88212,-50.99948,DEL04-GO,Risco Alto,Baixa
sexta-feira,BR-20,9.0,Pleno dia,Decrescente,Sol,Dupla,Reta,-15.65467,-47.78292,DEL02-DF,Risco Médio,Baixa
domingo,BR-116,142.0,Plena Noite,Decrescente,Nublado,Múltipla,Reta,-23.17426,-45.8294,DEL02-SP,Risco Alto,Alta
quarta-feira,BR-40,766.8,Pleno dia,Decrescente,Nublado,Simples,Reta,-21.60074,-43.45836,DEL05-MG,Risco Baixo,Alta
quinta-feira,BR-354,755.8,Pleno dia,Crescente,Céu Claro,Simples,Curva,-22.31662,-44.85324,DEL05-MG,Risco Médio,Baixa
domingo,BR-116,130.0,Pleno dia,Crescente,Nublado,Dupla,Reta,-22.6595,-43.11672,DEL02-RJ,Risco Baixo,Alta
segunda-feira,BR-101,152.0,Pleno dia,Crescente,Nublado,Dupla,Reta,-27.1448,-48.6102,DEL04-SC,Risco Médio,Alta
domingo,BR-40,278.0,Plena Noite,Crescente,Chuva,Simples,Curva,-18.22031,-45.22076,DEL14-MG,Risco Baixo,Alta
quarta-feira,BR-381,744.5,Plena Noite,Crescente,Nublado,Dupla,Curva,-21.63153,-45.2765,DEL16-MG,Risco Médio,Alta
sexta-feira,BR-101,147.5,Plena Noite,Crescente,Céu Claro,Dupla,Reta,-11.2372,-37.42945,DEL02-SE,Risco Médio,Alta
quarta-feira,BR-116,164.0,Plena Noite,Decrescente,Ignorado,Simples,Curva,-16.95892,-41.45586,DEL11-MG,Risco Médio,Alta
terça-feira,BR-101,134.0,Pleno dia,Crescente,Céu Claro,Simples,Reta,-27.0049,-48.6266,DEL04-SC,Risco Médio,Alta
segunda-feira,BR-242,851.0,Plena Noite,Crescente,Ignorado,Simples,Reta,-12.1083,-45.2975,DEL10-BA,Risco Médio,Baixa
quinta-feira,BR-365,493.0,Pleno dia,Crescente,Céu Claro,Simples,Não Informado,-18.91052,-47.18666,DEL10-MG,Risco Médio,Média
sexta-feira,BR-116,153.0,Pleno dia,Crescente,Céu Claro,Simples,Reta,-23.23262,-45.91373,DEL02-SP,Risco Médio,Alta
domingo,BR-135,14.0,Pleno dia,Crescente,Céu Claro,Dupla,Reta,-2.687923,-44.3001,DEL01-MA,Risco Baixo,Baixa
sábado,BR-158,593.1,Amanhecer,Crescente,Céu Claro,Simples,Reta,-14.08687,-52.16088,DEL07-MT,Risco Médio,Baixa
sábado,BR-282,223.0,Pleno dia,Crescente,Céu Claro,Simples,Rotatória,-27.80013,-50.36275,DEL05-SC,Risco Baixo,Baixa
domingo,BR-226,301.9,Plena Noite,Crescente,Céu Claro,Simples,Reta,-5.497938,-45.25653,DEL03-MA,Risco Médio,Baixa
terça-feira,BR-101,299.4,Plena Noite,Decrescente,Céu Claro,Múltipla,Não Informado,-20.35861,-40.42328,DEL01-ES,Risco Médio,Alta
sexta-feira,BR-116,598.0,Plena Noite,Crescente,Céu Claro,Simples,Desvio Temporário,-13.21767,-40.02907,DEL03-BA,Risco Alto,Alta
sábado,BR-101,295.1,Pleno dia,Decrescente,Céu Claro,Múltipla,Reta,-20.33224,-40.40005,DEL01-ES,Risco Médio,Alta
terça-feira,BR-277,722.5,Plena Noite,Decrescente,Céu Claro,Dupla,Reta,-25.49495,-54.52095,DEL05-PR,Risco Médio,Média
domingo,BR-414,440.0,Anoitecer,Decrescente,Nublado,Simples,Reta,-16.28041,-48.94232,DEL02-GO,Risco Baixo,Baixa
sexta-feira,BR-10,143.8,Amanhecer,Decrescente,Céu Claro,Simples,Rotatória,-6.46279,-47.39663,DEL04-MA,Risco Alto,Baixa
segunda-feira,BR-230,133.8,Pleno dia,Crescente,Chuva,Dupla,Curva,-7.27245,-35.75168,DEL02-PB,Risco Médio,Baixa
segunda-feira,BR-280,22.6,Plena Noite,Crescente,Chuva,Simples,Reta,-26.37093,-48.70204,DEL03-SC,Risco Médio,Baixa
quarta-feira,BR-242,410.0,Plena Noite,Crescente,Céu Claro,Simples,Curva,-12.45896,-41.74901,DEL06-BA,Risco Médio,Baixa
segunda-feira,BR-262,385.8,Pleno dia,Decrescente,Céu Claro,Simples,Não Informado,-20.43316,-54.88978,DEL01-MS,Risco Médio,Média
terça-feira,BR-101,59.0,Pleno dia,Crescente,Sol,Simples,Reta,-21.71685,-41.31054,DEL08-RJ,Risco Médio,Alta
segunda-feira,BR-70,279.0,Pleno dia,Decrescente,Sol,Simples,Reta,-15.56616,-54.30336,DEL05-MT,Risco Médio,Baixa
domingo,BR-316,565.0,Pleno dia,Crescente,Chuva,Simples,Desvio Temporário,-4.902737,-43.24639,DEL03-MA,Risco Médio,Baixa
segunda-feira,BR-230,310.0,Plena Noite,Decrescente,Céu Claro,Simples,Reta,-6.992762,-42.57903,DEL03-PI,Risco Médio,Baixa
terça-feira,BR-356,265.7,Pleno dia,Decrescente,Sol,Simples,Interseção de vias,-21.12725,-42.36903,DEL07-MG,Risco Médio,Baixa
quinta-feira,BR-101,238.0,Pleno dia,Decrescente,Chuva,Dupla,Não Informado,-27.84294,-48.63472,DEL01-SC,Risco Médio,Alta
quinta-feira,BR-116,126.2,Amanhecer,Decrescente,Chuva,Dupla,Interseção de vias,-25.6039,-49.31824,DEL01-PR,Risco Médio,Alta
quarta-feira,BR-242,452.1,Plena Noite,Decrescente,Céu Claro,Simples,Não Informado,-11.81476,-49.52306,DEL02-TO,Risco Médio,Baixa
domingo,BR-60,234.4,Amanhecer,Crescente,Nevoeiro/Neblina,Simples,Não Informado,-19.66143,-54.27922,DEL06-MS,Risco Alto,Média
sexta-feira,BR-101,72.9,Plena Noite,Decrescente,Céu Claro,Simples,Reta,-21.79887,-41.39395,DEL08-RJ,Risco Alto,Alta
segunda-feira,BR-40,0.4,Plena Noite,Decrescente,Céu Claro,Dupla,Reta,-15.98071,-47.98889,DEL01-DF,Risco Médio,Alta
quarta-feira,BR-381,38.0,Plena Noite,Decrescente,Céu Claro,Dupla,Reta,-23.11741,-46.57364,DEL03-SP,Risco Médio,Alta
sábado,BR-343,344.0,Pleno dia,Decrescente,Céu Claro,Simples,Reta,-5.059967,-42.65838,DEL01-PI,Risco Baixo,Baixa
quinta-feira,BR-425,99.0,Plena Noite,Crescente,Céu Claro,Dupla,Não Informado,-10.40312,-65.32756,DEL01-RO,Risco Médio,Baixa
segunda-feira,BR-364,197.0,Pleno dia,Crescente,Nublado,Dupla,Desvio Temporário,-17.91982,-51.72978,DEL05-GO,Risco Baixo,Alta
segunda-feira,BR-285,294.0,Pleno dia,Crescente,Céu Claro,Simples,Interseção de vias,-28.23455,-52.38497,DEL08-RS,Risco Médio,Baixa
quarta-feira,BR-101,336.0,Plena Noite,Decrescente,Nublado,Simples,Curva,-20.62772,-40.53494,DEL03-ES,Risco Baixo,Alta
sexta-feira,BR-376,502.0,Plena Noite,Crescente,Ignorado,Dupla,Não Informado,-25.21605,-50.05798,DEL03-PR,Risco Médio,Baixa
domingo,BR-316,480.8,Plena Noite,Decrescente,Céu Claro,Simples,Curva,-4.625822,-43.914,DEL03-MA,Risco Médio,Baixa
quinta-feira,BR-116,269.0,Plena Noite,Crescente,Nublado,Dupla,Reta,-23.60858,-46.75867,DEL04-SP,Risco Médio,Alta
quarta-feira,BR-282,603.9,Pleno dia,Decrescente,Céu Claro,Simples,Reta,-26.79552,-53.19297,DEL07-SC,Risco Médio,Baixa
sábado,BR-467,110.7,Pleno dia,Decrescente,Céu Claro,Dupla,Interseção de vias,-24.92876,-53.45363,DEL04-PR,Risco Médio,Baixa
terça-feira,BR-60,4.0,Plena Noite,Crescente,Chuva,Dupla,Reta,-15.89272,-48.09574,DEL01-DF,Risco Médio,Média
quinta-feira,BR-163,72.6,Pleno dia,Crescente,Céu Claro,Simples,Curva,-26.69944,-53.51413,DEL07-SC,Risco Médio,Alta
segunda-feira,BR-40,676.8,Pleno dia,Decrescente,Céu Claro,Simples,Reta,-21.02864,-43.78216,DEL05-MG,Risco Alto,Alta
quarta-feira,BR-277,134.8,Pleno dia,Decrescente,Céu Claro,Dupla,Não Informado,-25.47067,-49.68637,DEL03-PR,Risco Baixo,Média
segunda-feira,BR-116,760.0,Anoitecer,Crescente,Céu Claro,Simples,Não Informado,-21.52702,-42.62094,DEL07-MG,Risco Baixo,Alta
sábado,BR-476,163.0,Plena Noite,Decrescente,Céu Claro,Simples,Interseção de vias,-25.63618,-49.46579,DEL01-PR,Risco Médio,Baixa
sábado,BR-304,24.2,Pleno dia,Decrescente,Céu Claro,Simples,Rotatória,-5.0665,-37.3319,DEL04-RN,Risco Baixo,Baixa
sábado,BR-364,176.5,Pleno dia,Decrescente,Sol,Simples,Curva,-11.80165,-61.0479,DEL02-RO,Risco Baixo,Alta
domingo,BR-364,280.0,Amanhecer,Crescente,Céu Claro,Simples,Curva,-17.62728,-52.38629,DEL05-GO,Risco Alto,Alta
sábado,BR-116,53.9,Pleno dia,Decrescente,Nublado,Dupla,Reta,-22.75255,-45.10741,DEL08-SP,Risco Alto,Alta
terça-feira,BR-101,83.0,Pleno dia,Crescente,Céu Claro,Dupla,Reta,-7.13377,-34.92964,DEL01-PB,Risco Baixo,Alta
domingo,BR-232,201.4,Plena Noite,Crescente,Nublado,Simples,Não Informado,-8.370956,-36.61814,DEL03-PE,Risco Baixo,Baixa
sábado,BR-116,442.0,Plena Noite,Crescente,Céu Claro,Dupla,Reta,-24.4761,-47.82735,DEL05-SP,Risco Médio,Alta
terça-feira,BR-116,168.0,Pleno dia,Decrescente,Céu Claro,Dupla,Reta,-22.79224,-43.36262,DEL01-RJ,Risco Médio,Alta
sexta-feira,BR-20,169.6,Pleno dia,Decrescente,Céu Claro,Simples,Reta,-14.54997,-46.55466,DEL02-DF,Risco Alto,Baixa
quarta-feira,BR-163,1002.0,Pleno dia,Crescente,Céu Claro,Simples,Reta,-2.450491,-54.72976,DEL05-PA,Risco Médio,Alta
sábado,BR-101,47.2,Plena Noite,Crescente,Chuva,Simples,Curva,-23.43373,-45.08725,DEL06-SP,Risco Baixo,Alta
segunda-feira,BR-101,6.9,Plena Noite,Crescente,Céu Claro,Dupla,Reta,-6.55741,-35.13328,DEL01-PB,Risco Médio,Alta
sábado,BR-116,97.0,Plena Noite,Decrescente,Nublado,Simples,Curva,-22.47811,-42.99603,DEL02-RJ,Risco Médio,Alta
quinta-feira,BR-324,482.2,Plena Noite,Crescente,Céu Claro,Simples,Reta,-12.011,-39.057,DEL02-BA,Risco Alto,Baixa
quinta-feira,BR-116,29.0,Plena Noite,Decrescente,Céu Claro,Simples,Curva,-22.06452,-42.79542,DEL04-RJ,Risco Médio,Alta
segunda-feira,BR-230,47.0,Pleno dia,Crescente,Céu Claro,Dupla,Reta,-7.175518,-35.04115,DEL01-PB,Risco Baixo,Baixa
sábado,BR-20,371.0,Pleno dia,Decrescente,Céu Claro,Simples,Reta,-3.976601,-38.90499,DEL02-CE,Risco Baixo,Baixa
sexta-feira,BR-101,49.0,Pleno dia,Decrescente,Céu Claro,Dupla,Reta,-11.90664,-38.04114,DEL01-BA,Risco Médio,Alta
quinta-feira,BR-116,245.0,Pleno dia,Decrescente,Nublado,Dupla,Reta,-29.74859,-51.15116,DEL01-RS,Risco Baixo,Alta
terça-feira,BR-116,230.0,Amanhecer,Decrescente,Céu Claro,Múltipla,Reta,-23.52252,-46.58557,DEL01-SP,Risco Médio,Alta
domingo,BR-381,493.7,Plena Noite,Crescente,Céu Claro,Dupla,Reta,-19.97671,-44.19963,DEL01-MG,Risco Médio,Alta
quinta-feira,BR-116,203.9,Amanhecer,Crescente,Nublado,Dupla,Desvio Temporário,-23.41187,-46.35558,DEL01-SP,Risco Médio,Alta
terça-feira,BR-376,629.0,Pleno dia,Decrescente,Garoa/Chuvisco,Simples,Reta,-25.68698,-49.14685,DEL01-PR,Risco Médio,Baixa
domingo,BR-282,500.4,Pleno dia,Crescente,Garoa/Chuvisco,Dupla,Reta,-26.88104,-52.37176,DEL07-SC,Risco Baixo,Baixa
sábado,BR-262,235.6,Plena Noite,Decrescente,Céu Claro,Simples,Reta,-20.45866,-53.71818,DEL01-MS,Risco Médio,Média
sexta-feira,BR-20,20.0,Pleno dia,Decrescente,Céu Claro,Dupla,Reta,-15.60791,-47.69279,DEL02-DF,Risco Médio,Baixa
quinta-feira,BR-163,68.0,Pleno dia,Crescente,Céu Claro,Dupla,Reta,-16.9164,-54.7267,DEL02-MT,Risco Médio,Alta
segunda-feira,BR-280,93.4,Pleno dia,Decrescente,Chuva,Simples,Curva,-26.39715,-49.2998,DEL06-SC,Risco Médio,Baixa
sexta-feira,BR-60,384.0,Plena Noite,Crescente,Céu Claro,Dupla,Reta,-17.7964,-50.914,DEL04-GO,Risco Alto,Média
segunda-feira,BR-116,363.9,Plena Noite,Crescente,Nublado,Dupla,Curva,-24.13856,-47.27337,DEL04-SP,Risco Médio,Alta
sexta-feira,BR-280,96.0,Pleno dia,Decrescente,Nevoeiro/Neblina,Simples,Curva,-26.38331,-49.31223,DEL06-SC,Risco Baixo,Baixa
segunda-feira,BR-116,99.5,Pleno dia,Decrescente,Céu Claro,Dupla,Reta,-22.98389,-45.46742,DEL06-SP,Risco Médio,Alta
sábado,BR-116,119.0,Plena Noite,Crescente,Nublado,Dupla,Não Informado,-25.57533,-49.31227,DEL01-PR,Risco Médio,Alta
quinta-feira,BR-163,1109.0,Pleno dia,Crescente,Nublado,Simples,Não Informado,-9.60125,-54.88522,DEL06-MT,Risco Médio,Alta
segunda-feira,BR-364,426.0,Pleno dia,Decrescente,Nublado,Simples,Reta,-10.4282,-62.48626,DEL03-RO,Risco Médio,Alta
sexta-feira,BR-116,245.0,Pleno dia,Decrescente,Nublado,Dupla,Reta,-29.75048,-51.15132,DEL01-RS,Risco Médio,Alta
domingo,BR-101,71.0,Pleno dia,Decrescente,Céu Claro,Dupla,Reta,-8.078001,-34.94293,DEL01-PE,Risco Alto,Alta
segunda-feira,BR-386,358.7,Plena Noite,Crescente,Céu Claro,Dupla,Reta,-29.53306,-51.91964,DEL04-RS,Risco Médio,Média
quinta-feira,BR-116,176.0,Amanhecer,Decrescente,Céu Claro,Múltipla,Reta,-22.78395,-43.38195,DEL01-RJ,Risco Médio,Alta
sábado,BR-393,232.0,Pleno dia,Crescente,Sol,Simples,Reta,-22.36949,-43.61882,DEL05-RJ,Risco Médio,Média
sábado,BR-116,83.5,Pleno dia,Crescente,Nublado,Simples,Reta,-4.423053,-38.40315,DEL03-CE,Risco Médio,Alta
segunda-feira,BR-116,830.0,Pleno dia,Decrescente,Sol,Simples,Interseção de vias,-14.8402,-40.84432,DEL08-BA,Risco Médio,Alta
domingo,BR-101,69.7,Pleno dia,Crescente,Garoa/Chuvisco,Dupla,Curva,-8.059516,-34.94581,DEL01-PE,Risco Médio,Alta
terça-feira,BR-282,358.9,Amanhecer,Crescente,Nevoeiro/Neblina,Simples,Curva,-27.32984,-51.35729,DEL07-SC,Risco Médio,Baixa
terça-feira,BR-40,55.8,Pleno dia,Decrescente,Céu Claro,Dupla,Reta,-22.35383,-43.12184,DEL06-RJ,Risco Médio,Alta
segunda-feira,BR-116,265.0,Pleno dia,Crescente,Sol,Múltipla,Reta,-22.58785,-44.08578,DEL07-RJ,Risco Baixo,Alta
sábado,BR-282,616.4,Plena Noite,Decrescente,Nublado,Simples,Curva,-26.78396,-53.28532,DEL07-SC,Risco Baixo,Baixa
sexta-feira,BR-316,81.3,Plena Noite,Crescente,Céu Claro,Simples,Não Informado,-5.75993,-42.61529,DEL01-PI,Risco Médio,Baixa
quinta-feira,BR-308,157.0,Pleno dia,Crescente,Céu Claro,Simples,Curva,-1.21064,-47.18274,DEL01-PA,Risco Médio,Baixa
segunda-feira,BR-155,318.0,Pleno dia,Decrescente,Céu Claro,Simples,Reta,-5.6067,-49.085,DEL03-PA,Risco Médio,Baixa
sexta-feira,BR-393,6.0,Plena Noite,Decrescente,Céu Claro,Simples,Curva,-20.82324,-41.20482,DEL03-ES,Risco Alto,Média
quinta-feira,BR-282,5.0,Pleno dia,Decrescente,Chuva,Dupla,Reta,-27.589,-48.6113,DEL01-SC,Risco Baixo,Baixa
sexta-feira,BR-101,327.2,Pleno dia,Decrescente,Sol,Simples,Rotatória,-28.43919,-48.96186,DEL02-SC,Risco Médio,Alta
quarta-feira,BR-116,254.5,Plena Noite,Crescente,Céu Claro,Dupla,Reta,-22.58212,-44.03604,DEL07-RJ,Risco Alto,Alta
terça-feira,BR-386,152.2,Pleno dia,Decrescente,Céu Claro,Simples,Curva,-28.095,-52.86078,DEL08-RS,Risco Médio,Média
sábado,BR-470,100.3,Pleno dia,Crescente,Nublado,Simples,Reta,-27.03638,-49.391,DEL04-SC,Risco Médio,Baixa
segunda-feira,BR-158,26.7,Amanhecer,Crescente,Nevoeiro/Neblina,Simples,Curva,-27.30039,-53.36384,DEL08-RS,Risco Médio,Baixa
sábado,BR-101,330.0,Pleno dia,Decrescente,Céu Claro,Dupla,Reta,-28.45056,-48.97208,DEL02-SC,Risco Baixo,Alta
domingo,BR-101,66.0,Plena Noite,Crescente,Céu Claro,Simples,Desvio Temporário,-5.650334,-35.25016,DEL02-RN,Risco Médio,Alta
domingo,BR-376,2.6,Pleno dia,Decrescente,Céu Claro,Dupla,Reta,-25.5481,-49.18984,DEL01-PR,Risco Médio,Baixa
sexta-feira,BR-116,166.9,Plena Noite,Crescente,Ignorado,Múltipla,Reta,-22.80131,-43.35128,DEL01-RJ,Risco Médio,Alta
quinta-feira,BR-116,135.0,Pleno dia,Crescente,Céu Claro,Dupla,Reta,-22.64735,-43.22241,DEL04-RJ,Risco Baixo,Alta
quinta-feira,BR-381,874.2,Pleno dia,Decrescente,Sol,Dupla,Reta,-22.42728,-45.9719,DEL16-MG,Risco Baixo,Alta
quarta-feira,BR-101,105.2,Plena Noite,Crescente,Céu Claro,Múltipla,Reta,-5.901652,-35.25929,DEL01-RN,Risco Médio,Alta
segunda-feira,BR-367,34.1,Anoitecer,Decrescente,Ignorado,Simples,Reta,-16.41415,-39.1622,DEL09-BA,Risco Médio,Baixa
sexta-feira,BR-153,141.0,Pleno dia,Crescente,Céu Claro,Dupla,Não Informado,-7.175959,-48.21955,DEL02-TO,Risco Baixo,Alta
sexta-feira,BR-376,182.0,Pleno dia,Decrescente,Sol,Dupla,Reta,-23.43393,-51.8839,DEL09-PR,Risco Baixo,Baixa
sábado,BR-40,7.7,Anoitecer,Decrescente,Céu Claro,Simples,Reta,-16.04535,-47.98054,DEL01-DF,Risco Médio,Alta
sábado,BR-230,508.8,Pleno dia,Crescente,Céu Claro,Simples,Reta,-6.889926,-38.59235,DEL03-PB,Risco Médio,Baixa
segunda-feira,BR-376,651.0,Pleno dia,Decrescente,Garoa/Chuvisco,Dupla,Curva,-25.84524,-49.07858,DEL01-PR,Risco Médio,Baixa
sábado,BR-116,135.3,Pleno dia,Crescente,Céu Claro,Simples,Curva,-4.724788,-38.08605,DEL03-CE,Risco Médio,Alta
quarta-feira,BR-285,216.4,Pleno dia,Decrescente,Céu Claro,Simples,Reta,-28.26784,-51.67228,DEL08-RS,Risco Baixo,Baixa
sábado,BR-471,155.3,Anoitecer,Crescente,Nublado,Simples,Reta,-29.82277,-52.40219,DEL02-RS,Risco Alto,Baixa
terça-feira,BR-381,448.0,Plena Noite,Crescente,Céu Claro,Simples,Reta,-19.8239,-43.81884,DEL01-MG,Risco Alto,Alta
sábado,BR-116,787.5,Pleno dia,Decrescente,Céu Claro,Simples,Reta,-21.65554,-42.71806,DEL07-MG,Risco Médio,Alta
terça-feira,BR-40,749.6,Pleno dia,Crescente,Chuva,Simples,Curva,-21.49218,-43.53615,DEL05-MG,Risco Baixo,Alta
sábado,BR-70,0.1,Pleno dia,Decrescente,Chuva,Dupla,Não Informado,-15.78354,-48.2326,DEL01-DF,Risco Baixo,Baixa
segunda-feira,BR-235,16.0,Plena Noite,Decrescente,Chuva,Simples,Curva,-10.85255,-37.19289,DEL01-SE,Risco Alto,Baixa
sábado,BR-116,522.2,Pleno dia,Crescente,Céu Claro,Simples,Não Informado,-19.743,-42.13232,DEL06-MG,Risco Médio,Alta
sábado,BR-101,282.5,Pleno dia,Crescente,Nublado,Múltipla,Interseção de vias,-28.21521,-48.70057,DEL02-SC,Risco Médio,Alta
terça-feira,BR-476,242.0,Pleno dia,Crescente,Sol,Simples,Curva,-25.85877,-50.08609,DEL02-PR,Risco Médio,Baixa
sexta-feira,BR-116,223.0,Pleno dia,Decrescente,Céu Claro,Múltipla,Reta,-23.47421,-46.52237,DEL01-SP,Risco Baixo,Alta
segunda-feira,BR-101,96.4,Pleno dia,Decrescente,Garoa/Chuvisco,Dupla,Reta,-5.852744,-35.21043,DEL01-RN,Risco Baixo,Alta
sábado,BR-101,37.7,Pleno dia,Decrescente,Céu Claro,Simples,Curva,-23.40741,-45.01854,DEL06-SP,Risco Baixo,Alta
quinta-feira,BR-40,692.5,Pleno dia,Crescente,Chuva,Dupla,Reta,-21.14159,-43.7664,DEL05-MG,Risco Médio,Alta
sábado,BR-376,159.0,Anoitecer,Crescente,Nublado,Dupla,Curva,-23.36498,-52.07632,DEL09-PR,Risco Médio,Baixa
sexta-feira,BR-101,331.2,Pleno dia,Decrescente,Céu Claro,Dupla,Curva,-22.86766,-43.19556,DEL02-RJ,Risco Médio,Alta
segunda-feira,BR-101,321.0,Plena Noite,Decrescente,Garoa/Chuvisco,Dupla,Curva,-22.8663,-43.10885,DEL02-RJ,Risco Médio,Alta
domingo,BR-40,515.0,Pleno dia,Crescente,Nublado,Dupla,Reta,-19.80901,-44.09493,DEL01-MG,Risco Baixo,Alta
quinta-feira,BR-376,374.0,Pleno dia,Decrescente,Chuva,Dupla,Reta,-24.40814,-50.78447,DEL07-PR,Risco Médio,Baixa
segunda-feira,BR-20,3.8,Plena Noite,Decrescente,Céu Claro,Dupla,Não Informado,-15.67985,-47.83221,DEL02-DF,Risco Baixo,Baixa
terça-feira,BR-316,8.0,Pleno dia,Decrescente,Céu Claro,Dupla,Reta,-1.367271,-48.37443,DEL01-PA,Risco Médio,Baixa
sábado,BR-381,497.5,Pleno dia,Crescente,Céu Claro,Dupla,Reta,-20.00484,-44.21367,DEL01-MG,Risco Médio,Alta
segunda-feira,BR-101,48.5,Pleno dia,Crescente,Céu Claro,Simples,Reta,-23.44411,-45.08376,DEL06-SP,Risco Médio,Alta
domingo,BR-135,190.6,Plena Noite,Crescente,Céu Claro,Simples,Reta,-12.23729,-45.021,DEL10-BA,Risco Médio,Baixa
sábado,BR-153,65.0,Pleno dia,Crescente,Céu Claro,Simples,Reta,-13.39759,-49.12987,DEL07-GO,Risco Médio,Alta
terça-feira,BR-116,181.6,Pleno dia,Crescente,Céu Claro,Dupla,Reta,-22.76131,-43.42349,DEL01-RJ,Risco Médio,Alta
sexta-feira,BR-110,202.0,Pleno dia,Decrescente,Céu Claro,Simples,Reta,-11.12487,-38.51807,DEL07-BA,Risco Médio,Baixa
sábado,BR-386,44.4,Plena Noite,Decrescente,Chuva,Simples,Reta,-27.44308,-53.41522,DEL08-RS,Risco Baixo,Média
sábado,BR-293,21.0,Pleno dia,Crescente,Céu Claro,Simples,Reta,-31.73826,-52.53164,DEL07-RS,Risco Baixo,Baixa
quarta-feira,BR-101,209.2,Pleno dia,Decrescente,Céu Claro,Dupla,Reta,-27.61001,-48.63895,DEL01-SC,Risco Médio,Alta
sábado,BR-135,37.0,Plena Noite,Crescente,Céu Claro,Simples,Reta,-2.856977,-44.37618,DEL01-MA,Risco Baixo,Baixa
quarta-feira,BR-251,235.0,Plena Noite,Crescente,Céu Claro,Simples,Curva,-15.9743,-41.7197,DEL11-MG,Risco Alto,Baixa
terça-feira,BR-277,115.0,Pleno dia,Crescente,Sol,Dupla,Reta,-25.43668,-49.52723,DEL01-PR,Risco Baixo,Média
terça-feira,BR-101,461.0,Pleno dia,Crescente,Chuva,Simples,Curva,-23.02907,-44.1997,DEL03-RJ,Risco Baixo,Alta
sexta-feira,BR-101,203.1,Plena Noite,Decrescente,Céu Claro,Múltipla,Interseção de vias,-27.565,-48.6146,DEL01-SC,Risco Baixo,Alta
segunda-feira,BR-153,514.4,Pleno dia,Decrescente,Céu Claro,Múltipla,Reta,-16.8315,-49.2434,DEL01-GO,Risco Médio,Alta
quarta-feira,BR-101,125.1,Pleno dia,Decrescente,Sol,Dupla,Reta,-6.076814,-35.23358,DEL01-RN,Risco Médio,Alta
quarta-feira,BR-364,702.0,Plena Noite,Crescente,Céu Claro,Dupla,Retorno Regulamentado,-8.800432,-63.78673,DEL01-RO,Risco Baixo,Alta
quarta-feira,BR-262,7.0,Pleno dia,Decrescente,Céu Claro,Simples,Viaduto,-20.34284,-40.40435,DEL01-ES,Risco Médio,Média
terça-feira,BR-20,419.0,Pleno dia,Crescente,Sol,Dupla,Reta,-3.849908,-38.56778,DEL01-CE,Risco Médio,Baixa
quinta-feira,BR-101,140.0,Pleno dia,Crescente,Céu Claro,Múltipla,Reta,-27.03596,-48.60074,DEL04-SC,Risco Médio,Alta
domingo,BR-20,19.9,Plena Noite,Decrescente,Chuva,Simples,Reta,-15.55389,-47.18708,DEL02-DF,Risco Alto,Baixa
domingo,BR-101,140.1,Pleno dia,Crescente,Céu Claro,Dupla,Reta,-19.31817,-40.07552,DEL04-ES,Risco Médio,Alta
sexta-feira,BR-104,30.8,Pleno dia,Decrescente,Nublado,Simples,Ponte,-8.012316,-36.05716,DEL02-PE,Risco Médio,Baixa
segunda-feira,BR-381,89.0,Pleno dia,Decrescente,Chuva,Múltipla,Reta,-23.48469,-46.55983,DEL03-SP,Risco Baixo,Alta