dia_semana,br,km,fase_dia,sentido_via,condicao_metereologica,tipo_pista,tracado_via,latitude,longitude,delegacia,classificacao_acidente,postos_policiais_PRF
sábado,BR-277,641.0,Pleno dia,Decrescente,Céu Claro,Simples,Reta,-25.17657,-53.8649,DEL05-PR,Risco Médio,Média
segunda-feira,BR-369,150.8,Plena Noite,Decrescente,Céu Claro,Dupla,Reta,-23.29281,-51.16862,DEL07-PR,Risco Alto,Baixa
domingo,BR-277,718.8,Pleno dia,Decrescente,Céu Claro,Dupla,Desvio Temporário,-25.48287,-54.49223,DEL05-PR,Risco Médio,Média
sábado,BR-262,472.2,Pleno dia,Crescente,Céu Claro,Simples,Desvio Temporário,-20.51096,-55.6509,DEL03-MS,Risco Médio,Média
sexta-feira,BR-101,31.7,Anoitecer,Crescente,Garoa/Chuvisco,Dupla,Reta,-7.744439,-34.93873,DEL01-PE,Risco Baixo,Alta
segunda-feira,BR-104,37.0,Plena Noite,Crescente,Céu Claro,Simples,Reta,-9.174889,-36.02927,DEL01-AL,Risco Baixo,Baixa
quinta-feira,BR-230,272.1,Plena Noite,Crescente,Céu Claro,Simples,Curva,-6.943095,-36.84354,DEL03-PB,Risco Baixo,Baixa
segunda-feira,BR-20,414.0,Plena Noite,Crescente,Céu Claro,Simples,Reta,-3.815933,-38.63383,DEL01-CE,Risco Médio,Baixa
sexta-feira,BR-116,416.9,Anoitecer,Crescente,Céu Claro,Simples,Reta,-18.89215,-41.947,DEL06-MG,Risco Médio,Alta
domingo,BR-376,651.3,Plena Noite,Crescente,Nublado,Dupla,Curva,-25.84524,-49.07858,DEL01-PR,Risco Alto,Baixa
quarta-feira,BR-20,410.0,Pleno dia,Decrescente,Chuva,Dupla,Reta,-3.759773,-38.64681,DEL01-CE,Risco Baixo,Baixa
sábado,BR-116,153.0,Pleno dia,Decrescente,Céu Claro,Dupla,Reta,-29.15456,-51.18084,DEL05-RS,Risco Baixo,Alta
quinta-feira,BR-308,10.0,Plena Noite,Decrescente,Nublado,Dupla,Reta,-1.365501,-48.3584,DEL01-PA,Risco Médio,Baixa
quarta-feira,BR-290,100.0,Pleno dia,Decrescente,Céu Claro,Dupla,Reta,-29.98865,-51.23655,DEL01-RS,Risco Médio,Baixa
sexta-feira,BR-470,104.6,Plena Noite,Decrescente,Céu Claro,Simples,Reta,-27.06389,-49.39775,DEL04-SC,Risco Baixo,Baixa
quarta-feira,BR-230,109.0,Pleno dia,Crescente,Nublado,Simples,Reta,-5.375369,-49.02247,DEL03-PA,Risco Médio,Baixa
domingo,BR-262,6.5,Plena Noite,Crescente,Céu Claro,Dupla,Interseção de vias,-20.34007,-40.39451,DEL01-ES,Risco Baixo,Média
sexta-feira,BR-101,201.9,Pleno dia,Crescente,Nublado,Dupla,Reta,-27.54837,-48.61978,DEL01-SC,Risco Médio,Alta
sábado,BR-376,341.0,Amanhecer,Decrescente,Nublado,Simples,Curva,-24.18027,-50.96153,DEL07-PR,Risco Médio,Baixa
sábado,BR-230,4.0,Plena Noite,Crescente,Céu Claro,Simples,Reta,-7.0004,-34.8284,DEL01-PB,Risco Médio,Baixa
domingo,BR-470,135.9,Plena Noite,Decrescente,Garoa/Chuvisco,Simples,Reta,-27.18849,-49.61232,DEL04-SC,Risco Médio,Baixa
segunda-feira,BR-101,74.0,Anoitecer,Crescente,Chuva,Simples,Reta,-21.80723,-41.39734,DEL08-RJ,Risco Médio,Alta
domingo,BR-222,2.0,Plena Noite,Decrescente,Céu Claro,Múltipla,Reta,-3.739111,-38.58687,DEL01-CE,Risco Baixo,Baixa
quinta-feira,BR-470,232.0,Amanhecer,Decrescente,Chuva,Simples,Curva,-29.23579,-51.51193,DEL06-RS,Risco Médio,Baixa
quinta-feira,BR-282,221.0,Pleno dia,Decrescente,Nublado,Simples,Não Informado,-27.79636,-50.34343,DEL05-SC,Risco Médio,Baixa
quarta-feira,BR-101,215.0,Pleno dia,Crescente,Céu Claro,Múltipla,Rotatória,-27.6601,-48.6774,DEL01-SC,Risco Médio,Alta
sexta-feira,BR-282,517.5,Pleno dia,Crescente,Céu Claro,Dupla,Não Informado,-26.93937,-52.50006,DEL07-SC,Risco Baixo,Baixa
quarta-feira,BR-381,487.0,Anoitecer,Decrescente,Céu Claro,Múltipla,Reta,-19.9553,-44.1155,DEL01-MG,Risco Médio,Alta
sábado,BR-381,349.0,Pleno dia,Decrescente,Chuva,Simples,Curva,-19.84992,-43.14868,DEL03-MG,Risco Médio,Alta
segunda-feira,BR-70,5.4,Plena Noite,Crescente,Céu Claro,Dupla,Reta,-15.79276,-48.10104,DEL01-DF,Risco Médio,Baixa
quarta-feira,BR-116,501.0,Pleno dia,Crescente,Céu Claro,Simples,Curva,-24.77657,-48.19638,DEL05-SP,Risco Médio,Alta
segunda-feira,BR-101,118.1,Pleno dia,Crescente,Garoa/Chuvisco,Dupla,Não Informado,-26.89586,-48.71903,DEL04-SC,Risco Médio,Alta
segunda-feira,BR-282,552.2,Pleno dia,Decrescente,Sol,Simples,Reta,-26.94428,-52.78388,DEL07-SC,Risco Médio,Baixa
domingo,BR-406,169.0,Anoitecer,Decrescente,Sol,Simples,Interseção de vias,-5.755701,-35.30729,DEL02-RN,Risco Baixo,Baixa
sábado,BR-116,284.0,Plena Noite,Crescente,Chuva,Dupla,Reta,-22.485,-44.2565,DEL07-RJ,Risco Médio,Alta
terça-feira,BR-101,153.0,Pleno dia,Crescente,Céu Claro,Dupla,Reta,-27.1539,-48.6107,DEL04-SC,Risco Médio,Alta
quarta-feira,BR-163,573.0,Amanhecer,Crescente,Céu Claro,Simples,Reta,-14.13823,-56.10403,DEL01-MT,Risco Médio,Alta
sábado,BR-364,58.0,Pleno dia,Crescente,Céu Claro,Simples,Reta,-16.93624,-53.53437,DEL02-MT,Risco Médio,Alta
domingo,BR-40,483.1,Pleno dia,Crescente,Céu Claro,Dupla,Não Informado,-19.56784,-44.23727,DEL02-MG,Risco Alto,Alta
segunda-feira,BR-101,105.7,Pleno dia,Crescente,Nublado,Dupla,Reta,-7.308146,-34.94344,DEL01-PB,Risco Médio,Alta
terça-feira,BR-116,81.9,Pleno dia,Decrescente,Garoa/Chuvisco,Dupla,Reta,-25.43223,-49.0858,DEL01-PR,Risco Médio,Alta
sábado,BR-376,4.4,Pleno dia,Crescente,Céu Claro,Dupla,Reta,-23.55311,-51.4467,DEL07-PR,Risco Médio,Baixa
sábado,BR-277,451.1,Pleno dia,Crescente,Chuva,Simples,Reta,-25.37381,-52.38599,DEL04-PR,Risco Médio,Média
sexta-feira,BR-101,252.1,Pleno dia,Crescente,Céu Claro,Dupla,Reta,-27.95723,-48.67704,DEL02-SC,Risco Médio,Alta
quinta-feira,BR-116,183.5,Plena Noite,Crescente,Céu Claro,Dupla,Não Informado,-23.34995,-46.174,DEL02-SP,Risco Baixo,Alta
domingo,BR-116,74.0,Pleno dia,Crescente,Céu Claro,Dupla,Reta,-22.87354,-45.2532,DEL08-SP,Risco Médio,Alta
terça-feira,BR-163,572.0,Pleno dia,Decrescente,Céu Claro,Simples,Reta,-14.14611,-56.09974,DEL01-MT,Risco Médio,Alta
quarta-feira,BR-222,204.0,Plena Noite,Crescente,Céu Claro,Simples,Reta,-3.782076,-40.22308,DEL04-CE,Risco Médio,Baixa
quarta-feira,BR-116,525.0,Plena Noite,Decrescente,Garoa/Chuvisco,Dupla,Reta,-24.92563,-48.26567,DEL05-SP,Risco Médio,Alta
quarta-feira,BR-470,72.9,Pleno dia,Crescente,Céu Claro,Simples,Reta,-26.90198,-49.26875,DEL04-SC,Risco Médio,Baixa
quarta-feira,BR-376,631.0,Plena Noite,Decrescente,Céu Claro,Dupla,Reta,-25.70434,-49.14199,DEL01-PR,Risco Médio,Baixa
sexta-feira,BR-104,63.7,Anoitecer,Decrescente,Céu Claro,Simples,Curva,-6.828914,-35.93816,DEL02-PB,Risco Alto,Baixa
quinta-feira,BR-163,66.0,Anoitecer,Crescente,Céu Claro,Simples,Não Informado,-23.58109,-54.19858,DEL09-MS,Risco Baixo,Alta
quarta-feira,BR-226,1.0,Plena Noite,Decrescente,Céu Claro,Dupla,Não Informado,-5.813649,-35.24665,DEL01-RN,Risco Médio,Baixa
quarta-feira,BR-316,8.0,Pleno dia,Crescente,Céu Claro,Múltipla,Reta,-1.362102,-48.36889,DEL01-PA,Risco Médio,Baixa
quinta-feira,BR-222,230.1,Plena Noite,Crescente,Céu Claro,Simples,Reta,-3.70054,-40.3925,DEL04-CE,Risco Médio,Baixa
sábado,BR-369,41.4,Plena Noite,Decrescente,Céu Claro,Simples,Não Informado,-23.0735,-50.26652,DEL07-PR,Risco Alto,Baixa
quinta-feira,BR-415,24.0,Pleno dia,Crescente,Nublado,Simples,Reta,-14.8482,-39.28199,DEL05-BA,Risco Médio,Baixa
sexta-feira,BR-282,224.0,Pleno dia,Crescente,Céu Claro,Simples,Reta,-27.79837,-50.3657,DEL05-SC,Risco Médio,Baixa
segunda-feira,BR-104,29.3,Pleno dia,Crescente,Céu Claro,Simples,Reta,-8.006585,-36.07072,DEL02-PE,Risco Baixo,Baixa
segunda-feira,BR-376,600.8,Pleno dia,Decrescente,Chuva,Dupla,Reta,-25.53705,-49.31404,DEL01-PR,Risco Médio,Baixa
sábado,BR-116,124.0,Pleno dia,Decrescente,Céu Claro,Simples,Curva,-16.636,-41.50255,DEL11-MG,Risco Baixo,Alta
sexta-feira,BR-153,38.5,Plena Noite,Crescente,Céu Claro,Simples,Reta,-20.60515,-49.32319,DEL09-SP,Risco Médio,Alta
quarta-feira,BR-110,183.7,Plena Noite,Crescente,Céu Claro,Simples,Reta,-7.904469,-37.1383,DEL02-PB,Risco Alto,Baixa
domingo,BR-40,118.9,Pleno dia,Crescente,Céu Claro,Simples,Não Informado,-17.6587,-46.3834,DEL14-MG,Risco Alto,Alta
sábado,BR-226,113.8,Amanhecer,Decrescente,Nublado,Simples,Curva,-6.207546,-36.02201,DEL03-RN,Risco Médio,Baixa
domingo,BR-116,284.0,Plena Noite,Decrescente,Nublado,Dupla,Reta,-23.69249,-46.82345,DEL04-SP,Risco Baixo,Alta
domingo,BR-290,34.0,Pleno dia,Crescente,Sol,Dupla,Reta,-29.88597,-50.59665,DEL03-RS,Risco Médio,Baixa
sexta-feira,BR-104,93.0,Plena Noite,Crescente,Nublado,Dupla,Reta,-9.528917,-35.79808,DEL01-AL,Risco Médio,Baixa
segunda-feira,BR-116,113.6,Plena Noite,Crescente,Céu Claro,Dupla,Reta,-25.56514,-49.24675,DEL01-PR,Risco Baixo,Alta
segunda-feira,BR-163,270.0,Plena Noite,Crescente,Céu Claro,Dupla,Rotatória,-22.19485,-54.69295,DEL04-MS,Risco Alto,Alta
quinta-feira,BR-230,308.0,Pleno dia,Crescente,Céu Claro,Simples,Reta,-6.781593,-43.00122,DEL03-PI,Risco Médio,Baixa
quinta-feira,BR-101,244.7,Pleno dia,Decrescente,Céu Claro,Dupla,Reta,-27.9041,-48.6494,DEL02-SC,Risco Médio,Alta
segunda-feira,BR-101,96.7,Pleno dia,Crescente,Nublado,Dupla,Reta,-8.25147,-35.02181,DEL01-PE,Risco Médio,Alta
domingo,BR-364,538.3,Plena Noite,Crescente,Céu Claro,Simples,Reta,-9.740867,-63.11211,DEL03-RO,Risco Baixo,Alta
terça-feira,BR-381,488.3,Pleno dia,Crescente,Céu Claro,Dupla,Reta,-19.9562,-44.1335,DEL01-MG,Risco Médio,Alta
domingo,BR-40,446.6,Pleno dia,Decrescente,Nublado,Dupla,Reta,-19.28815,-44.392,DEL02-MG,Risco Alto,Alta
quinta-feira,BR-226,60.9,Pleno dia,Decrescente,Nublado,Simples,Interseção de vias,-6.046333,-35.67312,DEL01-RN,Risco Médio,Baixa
quinta-feira,BR-277,722.0,Pleno dia,Decrescente,Céu Claro,Dupla,Reta,-25.49494,-54.52075,DEL05-PR,Risco Médio,Média
terça-feira,BR-319,58.0,Pleno dia,Decrescente,Céu Claro,Dupla,Reta,-8.742984,-63.90946,DEL01-RO,Risco Médio,Baixa
sábado,BR-101,689.3,Pleno dia,Crescente,Chuva,Simples,Curva,-16.1442,-39.5982,DEL09-BA,Risco Médio,Alta
sexta-feira,BR-116,231.0,Pleno dia,Crescente,Sol,Simples,Reta,-29.62743,-51.13858,DEL01-RS,Risco Baixo,Alta
domingo,BR-282,18.3,Plena Noite,Decrescente,Céu Claro,Simples,Reta,-27.67552,-48.69715,DEL01-SC,Risco Médio,Baixa
sábado,BR-470,301.0,Plena Noite,Crescente,Céu Claro,Simples,Reta,-27.37383,-51.0563,DEL07-SC,Risco Baixo,Baixa
domingo,BR-386,346.3,Plena Noite,Crescente,Céu Claro,Dupla,Curva,-29.45504,-51.95922,DEL04-RS,Risco Alto,Média
quinta-feira,BR-60,163.3,Plena Noite,Decrescente,Céu Claro,Dupla,Reta,-16.7084,-49.3503,DEL01-GO,Risco Médio,Média
segunda-feira,BR-116,176.0,Plena Noite,Crescente,Chuva,Múltipla,Reta,-22.78395,-43.38195,DEL01-RJ,Risco Médio,Alta
sábado,BR-476,126.0,Amanhecer,Crescente,Nublado,Dupla,Curva,-25.41676,-49.22345,DEL01-PR,Risco Médio,Baixa
domingo,BR-116,102.0,Plena Noite,Decrescente,Garoa/Chuvisco,Múltipla,Reta,-22.995,-45.4896,DEL06-SP,Risco Médio,Alta
sábado,BR-482,124.5,Pleno dia,Crescente,Nublado,Simples,Reta,-20.75272,-41.81922,DEL03-ES,Risco Médio,Baixa
domingo,BR-60,213.0,Plena Noite,Crescente,Chuva,Dupla,Reta,-16.9529,-49.6924,DEL01-GO,Risco Médio,Média
terça-feira,BR-470,213.0,Plena Noite,Decrescente,Céu Claro,Simples,Interseção de vias,-29.15017,-51.53017,DEL06-RS,Risco Baixo,Baixa
terça-feira,BR-116,312.0,Plena Noite,Crescente,Chuva,Dupla,Curva,-22.48211,-44.52255,DEL07-RJ,Risco Baixo,Alta
sábado,BR-251,333.8,Pleno dia,Decrescente,Nublado,Simples,Curva,-16.25684,-42.43114,DEL12-MG,Risco Médio,Baixa
quarta-feira,BR-376,382.2,Pleno dia,Decrescente,Nublado,Simples,Reta,-24.41873,-50.77454,DEL03-PR,Risco Médio,Baixa
sábado,BR-262,595.9,Pleno dia,Crescente,Chuva,Simples,Não Informado,-19.66173,-46.17682,DEL08-MG,Risco Médio,Média
quinta-feira,BR-381,37.0,Pleno dia,Crescente,Chuva,Dupla,Reta,-23.19124,-46.58496,DEL03-SP,Risco Médio,Alta
terça-feira,BR-40,679.3,Plena Noite,Crescente,Nublado,Simples,Reta,-21.03945,-43.76424,DEL05-MG,Risco Médio,Alta
sábado,BR-316,13.0,Plena Noite,Decrescente,Céu Claro,Dupla,Reta,-1.366166,-48.33083,DEL01-PA,Risco Médio,Baixa
sábado,BR-319,61.0,Pleno dia,Decrescente,Céu Claro,Dupla,Reta,-8.745364,-63.88866,DEL01-RO,Risco Médio,Baixa
segunda-feira,BR-101,37.3,Pleno dia,Crescente,Céu Claro,Dupla,Curva,-29.52949,-50.00468,DEL03-RS,Risco Médio,Alta
sábado,BR-476,98.0,Plena Noite,Crescente,Nublado,Simples,Curva,-25.24007,-49.12707,DEL01-PR,Risco Médio,Baixa
sexta-feira,BR-116,181.0,Amanhecer,Decrescente,Céu Claro,Múltipla,Reta,-22.76131,-43.42349,DEL01-RJ,Risco Baixo,Alta
domingo,BR-116,76.0,Plena Noite,Crescente,Garoa/Chuvisco,Dupla,Curva,-22.87748,-45.27204,DEL08-SP,Risco Médio,Alta
quarta-feira,BR-116,39.0,Pleno dia,Decrescente,Céu Claro,Dupla,Retorno Regulamentado,-22.67528,-44.99918,DEL08-SP,Risco Médio,Alta
quarta-feira,BR-116,215.0,Pleno dia,Crescente,Sol,Múltipla,Reta,-23.44658,-46.45391,DEL01-SP,Risco Médio,Alta
sexta-feira,BR-101,231.0,Amanhecer,Crescente,Céu Claro,Simples,Curva,-12.72225,-39.18108,DEL01-BA,Risco Médio,Alta
sexta-feira,BR-470,212.0,Pleno dia,Crescente,Céu Claro,Simples,Reta,-29.14427,-51.53558,DEL06-RS,Risco Baixo,Baixa
sexta-feira,BR-290,115.0,Pleno dia,Decrescente,Céu Claro,Simples,Reta,-30.04557,-51.35765,DEL02-RS,Risco Médio,Baixa
quarta-feira,BR-282,489.2,Plena Noite,Decrescente,Nublado,Simples,Reta,-26.86941,-52.26677,DEL07-SC,Risco Baixo,Baixa
sábado,BR-101,422.0,Pleno dia,Decrescente,Sol,Simples,Curva,-14.25648,-39.32309,DEL05-BA,Risco Médio,Alta
segunda-feira,BR-232,408.0,Pleno dia,Crescente,Céu Claro,Simples,Reta,-7.983714,-38.28048,DEL04-PE,Risco Médio,Baixa
quinta-feira,BR-153,307.9,Pleno dia,Crescente,Nublado,Simples,Reta,-22.64256,-49.88955,DEL07-SP,Risco Baixo,Alta
segunda-feira,BR-376,176.8,Pleno dia,Decrescente,Céu Claro,Dupla,Interseção de vias,-23.41269,-51.93158,DEL07-PR,Risco Médio,Baixa
terça-feira,BR-101,323.5,Plena Noite,Crescente,Céu Claro,Dupla,Reta,-20.54592,-40.48156,DEL03-ES,Risco Médio,Alta
sexta-feira,BR-153,439.9,Plena Noite,Decrescente,Céu Claro,Dupla,Viaduto,-16.29853,-48.92821,DEL02-GO,Risco Médio,Alta
terça-feira,BR-101,59.0,Plena Noite,Decrescente,Céu Claro,Simples,Reta,-21.71366,-41.30862,DEL08-RJ,Risco Baixo,Alta
quarta-feira,BR-428,140.9,Pleno dia,Decrescente,Céu Claro,Simples,Desvio Temporário,-9.010319,-40.27595,DEL06-PE,Risco Baixo,Baixa
quarta-feira,BR-116,52.0,Plena Noite,Crescente,Céu Claro,Dupla,Reta,-22.74708,-45.09973,DEL08-SP,Risco Médio,Alta
quarta-feira,BR-101,274.0,Pleno dia,Crescente,Sol,Simples,Não Informado,-13.06108,-39.27934,DEL01-BA,Risco Médio,Alta
terça-feira,BR-116,270.0,Pleno dia,Decrescente,Nublado,Múltipla,Reta,-23.60734,-46.76328,DEL04-SP,Risco Médio,Alta
sexta-feira,BR-116,269.7,Pleno dia,Decrescente,Sol,Simples,Não Informado,-17.79726,-41.49938,DEL11-MG,Risco Médio,Alta
domingo,BR-406,166.0,Plena Noite,Crescente,Céu Claro,Dupla,Reta,-5.74669,-35.3315,DEL02-RN,Risco Médio,Baixa
quinta-feira,BR-101,41.1,Anoitecer,Decrescente,Céu Claro,Dupla,Reta,-26.28215,-48.88973,DEL03-SC,Risco Médio,Alta
quinta-feira,BR-153,18.5,Pleno dia,Decrescente,Nublado,Simples,Reta,-20.44382,-49.28091,DEL09-SP,Risco Médio,Alta
segunda-feira,BR-101,206.0,Pleno dia,Decrescente,Céu Claro,Dupla,Reta,-27.61001,-48.63895,DEL01-SC,Risco Médio,Alta
sábado,BR-153,506.3,Pleno dia,Decrescente,Céu Claro,Dupla,Reta,-16.75658,-49.24077,DEL01-GO,Risco Baixo,Alta
terça-feira,BR-70,4.9,Amanhecer,Decrescente,Céu Claro,Dupla,Reta,-15.80201,-47.9809,DEL01-DF,Risco Médio,Baixa
quinta-feira,BR-116,179.0,Plena Noite,Crescente,Céu Claro,Dupla,Curva,-22.7699,-43.40804,DEL01-RJ,Risco Alto,Alta
segunda-feira,BR-101,306.0,Plena Noite,Decrescente,Céu Claro,Dupla,Reta,-22.78914,-43.00551,DEL02-RJ,Risco Alto,Alta
quinta-feira,BR-101,79.4,Pleno dia,Crescente,Nublado,Dupla,Reta,-26.5972,-48.7233,DEL03-SC,Risco Baixo,Alta
quarta-feira,BR-80,23.0,Plena Noite,Crescente,Chuva,Simples,Reta,-15.63894,-48.20079,DEL01-DF,Risco Médio,Baixa
quarta-feira,BR-381,496.0,Pleno dia,Crescente,Chuva,Múltipla,Reta,-19.99676,-44.20959,DEL01-MG,Risco Médio,Alta
domingo,BR-116,113.2,Pleno dia,Crescente,Nublado,Simples,Reta,-28.96397,-51.07534,DEL05-RS,Risco Médio,Alta
terça-feira,BR-80,1.0,Plena Noite,Crescente,Céu Claro,Simples,Reta,-15.73351,-48.0841,DEL01-DF,Risco Alto,Baixa
sábado,BR-163,1003.0,Pleno dia,Crescente,Nublado,Simples,Reta,-2.446885,-54.73048,DEL05-PA,Risco Médio,Alta
sábado,BR-230,337.7,Anoitecer,Crescente,Céu Claro,Simples,Reta,-7.007089,-37.29011,DEL03-PB,Risco Médio,Baixa
quarta-feira,BR-101,197.5,Anoitecer,Decrescente,Céu Claro,Dupla,Reta,-27.51844,-48.63848,DEL01-SC,Risco Médio,Alta
domingo,BR-364,10.2,Anoitecer,Crescente,Céu Claro,Simples,Reta,-20.02519,-48.94096,DEL13-MG,Risco Baixo,Alta
domingo,BR-163,177.2,Pleno dia,Decrescente,Sol,Dupla,Curva,-25.20118,-53.60081,DEL04-PR,Risco Médio,Alta
domingo,BR-364,624.0,Pleno dia,Crescente,Céu Claro,Simples,Reta,-14.3293,-56.4419,DEL01-MT,Risco Baixo,Alta
terça-feira,BR-101,255.0,Pleno dia,Crescente,Chuva,Dupla,Reta,-27.98242,-48.67898,DEL02-SC,Risco Médio,Alta
segunda-feira,BR-277,420.0,Pleno dia,Decrescente,Nublado,Simples,Reta,-25.38094,-52.11699,DEL04-PR,Risco Médio,Média
domingo,BR-381,345.0,Plena Noite,Decrescente,Chuva,Simples,Curva,-19.83556,-43.09644,DEL03-MG,Risco Médio,Alta
terça-feira,BR-101,65.4,Plena Noite,Crescente,Céu Claro,Dupla,Reta,-8.024786,-34.94277,DEL01-PE,Risco Médio,Alta
sábado,BR-101,378.5,Plena Noite,Crescente,Céu Claro,Dupla,Reta,-28.74185,-49.25166,DEL02-SC,Risco Médio,Alta
terça-feira,BR-104,118.9,Pleno dia,Crescente,Céu Claro,Simples,Reta,-7.196378,-35.87571,DEL02-PB,Risco Médio,Baixa
sexta-feira,BR-235,41.2,Pleno dia,Crescente,Chuva,Simples,Reta,-10.76347,-37.38632,DEL01-SE,Risco Médio,Baixa
domingo,BR-262,375.5,Pleno dia,Decrescente,Céu Claro,Dupla,Reta,-19.9304,-44.3987,DEL01-MG,Risco Baixo,Média
quarta-feira,BR-428,186.5,Pleno dia,Crescente,Sol,Dupla,Reta,-9.364453,-40.48306,DEL06-PE,Risco Médio,Baixa
domingo,BR-116,74.2,Pleno dia,Crescente,Céu Claro,Simples,Reta,-4.354474,-38.46205,DEL03-CE,Risco Baixo,Alta
quarta-feira,BR-262,367.1,Pleno dia,Decrescente,Sol,Dupla,Reta,-20.47817,-54.75337,DEL01-MS,Risco Médio,Média
quinta-feira,BR-135,16.0,Pleno dia,Crescente,Céu Claro,Simples,Retorno Regulamentado,-2.55539,-44.35679,DEL01-MA,Risco Médio,Baixa
sábado,BR-230,11.2,Pleno dia,Crescente,Céu Claro,Dupla,Reta,-7.0596,-34.8506,DEL01-PB,Risco Médio,Baixa
domingo,BR-381,66.0,Anoitecer,Crescente,Céu Claro,Simples,Reta,-23.32451,-46.58022,DEL03-SP,Risco Médio,Alta
sexta-feira,BR-376,590.1,Pleno dia,Decrescente,Nublado,Dupla,Reta,-25.42895,-49.26714,DEL01-PR,Risco Médio,Baixa
quarta-feira,BR-230,2.0,Anoitecer,Crescente,Céu Claro,Simples,Reta,-5.696301,-48.34225,DEL03-PA,Risco Médio,Baixa
segunda-feira,BR-376,667.0,Pleno dia,Decrescente,Garoa/Chuvisco,Dupla,Não Informado,-25.8665,-48.94667,DEL01-PR,Risco Médio,Baixa
terça-feira,BR-392,25.0,Pleno dia,Crescente,Céu Claro,Dupla,Reta,-32.0814,-52.2477,DEL07-RS,Risco Médio,Média
domingo,BR-101,322.0,Pleno dia,Crescente,Nublado,Simples,Reta,-20.52511,-40.48028,DEL03-ES,Risco Médio,Alta
domingo,BR-463,1.0,Plena Noite,Decrescente,Céu Claro,Simples,Reta,-22.25913,-54.81001,DEL04-MS,Risco Médio,Baixa
sexta-feira,BR-364,704.0,Plena Noite,Crescente,Céu Claro,Dupla,Reta,-8.800261,-63.81836,DEL01-RO,Risco Médio,Alta
sexta-feira,BR-40,94.0,Plena Noite,Crescente,Céu Claro,Simples,Reta,-16.74367,-47.61337,DEL01-DF,Risco Baixo,Alta
segunda-feira,BR-484,97.0,Pleno dia,Crescente,Céu Claro,Simples,Reta,-20.00844,-41.03189,DEL01-ES,Risco Médio,Baixa
sexta-feira,BR-280,207.0,Plena Noite,Crescente,Chuva,Simples,Reta,-26.16432,-50.14054,DEL06-SC,Risco Médio,Baixa
quarta-feira,BR-101,203.0,Pleno dia,Crescente,Sol,Simples,Reta,-19.74467,-40.37034,DEL04-ES,Risco Médio,Alta
quinta-feira,BR-153,574.9,Pleno dia,Decrescente,Chuva,Dupla,Curva,-17.3387,-49.2399,DEL03-GO,Risco Baixo,Alta
terça-feira,BR-158,535.2,Plena Noite,Decrescente,Céu Claro,Simples,Reta,-26.23547,-52.69067,DEL02-PR,Risco Baixo,Baixa
terça-feira,BR-101,877.0,Plena Noite,Decrescente,Chuva,Simples,Reta,-17.53907,-39.7149,DEL09-BA,Risco Médio,Alta
sábado,BR-20,404.0,Pleno dia,Decrescente,Céu Claro,Simples,Reta,-3.778218,-38.68608,DEL01-CE,Risco Médio,Baixa
quarta-feira,BR-116,665.9,Pleno dia,Crescente,Céu Claro,Simples,Reta,-13.81778,-40.11447,DEL03-BA,Risco Baixo,Alta
segunda-feira,BR-232,109.0,Plena Noite,Crescente,Céu Claro,Dupla,Curva,-8.280368,-35.81085,DEL02-PE,Risco Médio,Baixa
segunda-feira,BR-393,280.8,Plena Noite,Decrescente,Céu Claro,Simples,Reta,-22.47379,-44.05567,DEL05-RJ,Risco Alto,Média
segunda-feira,BR-174,995.4,Anoitecer,Crescente,Chuva,Simples,Não Informado,-2.012597,-60.02623,DEL01-AM,Risco Médio,Baixa
domingo,BR-155,342.0,Pleno dia,Decrescente,Céu Claro,Simples,Reta,-5.378519,-49.07675,DEL03-PA,Risco Médio,Baixa
segunda-feira,BR-116,636.0,Plena Noite,Crescente,Ignorado,Simples,Reta,-13.55335,-40.07388,DEL03-BA,Risco Médio,Alta
quinta-feira,BR-101,87.8,Plena Noite,Decrescente,Céu Claro,Dupla,Curva,-7.158868,-34.90629,DEL01-PB,Risco Médio,Alta
domingo,BR-470,33.1,Pleno dia,Decrescente,Chuva,Simples,Reta,-26.90622,-48.94058,DEL04-SC,Risco Médio,Baixa
domingo,BR-153,35.8,Plena Noite,Decrescente,Céu Claro,Simples,Não Informado,-23.24572,-50.04049,DEL07-PR,Risco Baixo,Alta
sexta-feira,BR-381,790.7,Plena Noite,Decrescente,Chuva,Dupla,Reta,-21.88197,-45.54392,DEL16-MG,Risco Baixo,Alta
quinta-feira,BR-101,123.0,Pleno dia,Crescente,Céu Claro,Múltipla,Interseção de vias,-26.93669,-48.69877,DEL04-SC,Risco Médio,Alta
segunda-feira,BR-230,11.5,Pleno dia,Decrescente,Chuva,Dupla,Retorno Regulamentado,-7.064453,-34.85014,DEL01-PB,Risco Médio,Baixa
sexta-feira,BR-230,163.0,Amanhecer,Crescente,Céu Claro,Simples,Reta,-7.2198,-35.9443,DEL02-PB,Risco Médio,Baixa
sexta-feira,BR-153,412.0,Pleno dia,Crescente,Céu Claro,Múltipla,Não Informado,-9.51564,-48.58971,DEL02-TO,Risco Médio,Alta
domingo,BR-116,273.0,Pleno dia,Decrescente,Céu Claro,Simples,Viaduto,-23.6281,-46.8187,DEL04-SP,Risco Baixo,Alta
quarta-feira,BR-364,712.0,Pleno dia,Decrescente,Céu Claro,Dupla,Não Informado,-8.777035,-63.87316,DEL01-RO,Risco Médio,Alta
quarta-feira,BR-70,1.3,Pleno dia,Decrescente,Céu Claro,Dupla,Reta,-15.79595,-48.06576,DEL01-DF,Risco Médio,Baixa
sábado,BR-101,487.0,Plena Noite,Crescente,Céu Claro,Simples,Reta,-22.96829,-44.29865,DEL03-RJ,Risco Médio,Alta