dia_semana,br,km,fase_dia,sentido_via,condicao_metereologica,tipo_pista,tracado_via,latitude,longitude,delegacia,classificacao_acidente,postos_policiais_PRF
sábado,BR-20,1.4,Plena Noite,Crescente,Céu Claro,Dupla,Não Informado,-15.68464,-47.8462,DEL02-DF,Risco Médio,Baixa
sábado,BR-316,76.6,Pleno dia,Decrescente,Sol,Simples,Reta,-7.842845,-40.13218,DEL05-PE,Risco Médio,Baixa
domingo,BR-101,409.9,Plena Noite,Decrescente,Céu Claro,Simples,Reta,-28.93954,-49.49732,DEL02-SC,Risco Baixo,Alta
terça-feira,BR-262,513.0,Pleno dia,Crescente,Céu Claro,Múltipla,Reta,-19.77891,-45.5552,DEL08-MG,Risco Médio,Média
quinta-feira,BR-230,157.7,Plena Noite,Decrescente,Céu Claro,Simples,Reta,-7.264,-35.9199,DEL02-PB,Risco Médio,Baixa
quarta-feira,BR-116,230.1,Pleno dia,Crescente,Sol,Múltipla,Reta,-23.52252,-46.58557,DEL01-SP,Risco Médio,Alta
sábado,BR-319,63.6,Pleno dia,Decrescente,Nublado,Dupla,Não Informado,-8.766685,-63.88405,DEL01-RO,Risco Médio,Baixa
sábado,BR-153,273.4,Plena Noite,Decrescente,Chuva,Simples,Reta,-22.36821,-49.87888,DEL07-SP,Risco Médio,Alta
quarta-feira,BR-364,710.0,Pleno dia,Crescente,Céu Claro,Dupla,Não Informado,-8.784781,-63.86014,DEL01-RO,Risco Médio,Alta
sábado,BR-163,475.7,Plena Noite,Crescente,Nublado,Simples,Reta,-20.51414,-54.56254,DEL01-MS,Risco Baixo,Alta
sábado,BR-101,136.0,Pleno dia,Decrescente,Céu Claro,Múltipla,Curva,-27.00811,-48.61724,DEL04-SC,Risco Alto,Alta
terça-feira,BR-282,166.9,Plena Noite,Crescente,Céu Claro,Simples,Reta,-27.74852,-49.81639,DEL05-SC,Risco Médio,Baixa
sexta-feira,BR-282,523.5,Amanhecer,Crescente,Nublado,Simples,Reta,-26.96313,-52.54885,DEL07-SC,Risco Médio,Baixa
terça-feira,BR-101,262.0,Pleno dia,Decrescente,Chuva,Dupla,Curva,-22.71432,-42.62105,DEL02-RJ,Risco Baixo,Alta
quinta-feira,BR-116,146.9,Pleno dia,Decrescente,Nublado,Múltipla,Desvio Temporário,-23.19123,-45.86328,DEL02-SP,Risco Baixo,Alta
quarta-feira,BR-476,151.0,Pleno dia,Crescente,Nublado,Dupla,Reta,-25.5636,-49.37704,DEL01-PR,Risco Médio,Baixa
sexta-feira,BR-174,168.0,Pleno dia,Crescente,Céu Claro,Simples,Reta,-15.8445,-58.45542,DEL03-MT,Risco Médio,Baixa
quarta-feira,BR-101,127.8,Pleno dia,Decrescente,Céu Claro,Simples,Reta,-19.20937,-40.09473,DEL04-ES,Risco Médio,Alta
sexta-feira,BR-116,116.0,Amanhecer,Crescente,Nublado,Dupla,Reta,-25.56001,-49.30748,DEL01-PR,Risco Baixo,Alta
sábado,BR-364,373.0,Pleno dia,Decrescente,Céu Claro,Simples,Curva,-10.74872,-62.17004,DEL02-RO,Risco Baixo,Alta
quinta-feira,BR-364,427.6,Amanhecer,Crescente,Céu Claro,Simples,Reta,-10.4233,-62.49312,DEL03-RO,Risco Baixo,Alta
quinta-feira,BR-40,548.5,Pleno dia,Crescente,Nublado,Dupla,Curva,-20.03136,-43.96968,DEL01-MG,Risco Baixo,Alta
segunda-feira,BR-135,26.0,Anoitecer,Crescente,Chuva,Dupla,Curva,-2.775895,-44.3742,DEL01-MA,Risco Médio,Baixa
terça-feira,BR-116,511.0,Pleno dia,Decrescente,Garoa/Chuvisco,Simples,Não Informado,-24.83558,-48.22237,DEL05-SP,Risco Médio,Alta
segunda-feira,BR-153,69.0,Pleno dia,Crescente,Céu Claro,Simples,Reta,-18.96953,-49.02511,DEL15-MG,Risco Médio,Alta
sábado,BR-116,222.0,Pleno dia,Crescente,Céu Claro,Simples,Reta,-29.58097,-51.09516,DEL01-RS,Risco Baixo,Alta
domingo,BR-116,172.0,Plena Noite,Crescente,Garoa/Chuvisco,Múltipla,Reta,-22.80374,-43.34718,DEL01-RJ,Risco Médio,Alta
sábado,BR-116,76.0,Pleno dia,Crescente,Garoa/Chuvisco,Múltipla,Reta,-25.37738,-49.04961,DEL01-PR,Risco Baixo,Alta
sexta-feira,BR-116,87.0,Pleno dia,Decrescente,Céu Claro,Múltipla,Reta,-22.93065,-45.36166,DEL08-SP,Risco Médio,Alta
sábado,BR-101,66.1,Pleno dia,Decrescente,Sol,Simples,Interseção de vias,-5.651805,-35.2498,DEL02-RN,Risco Médio,Alta
quarta-feira,BR-40,124.2,Pleno dia,Crescente,Céu Claro,Múltipla,Reta,-22.813,-43.28795,DEL01-RJ,Risco Médio,Alta
sábado,BR-101,201.0,Amanhecer,Decrescente,Nublado,Múltipla,Reta,-27.54837,-48.61978,DEL01-SC,Risco Baixo,Alta
sábado,BR-470,56.4,Pleno dia,Crescente,Sol,Simples,Interseção de vias,-26.87419,-49.11528,DEL04-SC,Risco Médio,Baixa
domingo,BR-101,57.8,Plena Noite,Crescente,Nublado,Dupla,Reta,-26.43646,-48.81113,DEL03-SC,Risco Baixo,Alta
terça-feira,BR-101,39.0,Pleno dia,Crescente,Céu Claro,Simples,Rotatória,-26.29665,-48.88392,DEL03-SC,Risco Médio,Alta
domingo,BR-116,229.5,Pleno dia,Decrescente,Céu Claro,Dupla,Curva,-22.65647,-43.82207,DEL07-RJ,Risco Médio,Alta
quarta-feira,BR-116,289.0,Pleno dia,Crescente,Nublado,Dupla,Reta,-22.45353,-44.29595,DEL07-RJ,Risco Médio,Alta
sábado,BR-324,595.0,Pleno dia,Decrescente,Nublado,Dupla,Reta,-12.71235,-38.45525,DEL01-BA,Risco Médio,Baixa
sábado,BR-101,6.0,Pleno dia,Crescente,Nublado,Dupla,Interseção de vias,-26.02692,-48.86142,DEL03-SC,Risco Médio,Alta
sábado,BR-235,2.7,Pleno dia,Crescente,Céu Claro,Dupla,Não Informado,-10.9062,-37.1034,DEL01-SE,Risco Médio,Baixa
segunda-feira,BR-116,46.9,Pleno dia,Crescente,Céu Claro,Dupla,Reta,-22.71394,-45.05336,DEL08-SP,Risco Baixo,Alta
quarta-feira,BR-470,154.0,Pleno dia,Decrescente,Céu Claro,Simples,Reta,-28.77711,-51.61127,DEL06-RS,Risco Médio,Baixa
sexta-feira,BR-290,341.4,Plena Noite,Decrescente,Nublado,Simples,Reta,-30.37433,-53.5889,DEL09-RS,Risco Médio,Baixa
terça-feira,BR-101,84.0,Plena Noite,Crescente,Céu Claro,Dupla,Reta,-26.62405,-48.71395,DEL03-SC,Risco Médio,Alta
quinta-feira,BR-116,276.9,Plena Noite,Decrescente,Ignorado,Simples,Reta,-17.8521,-41.5141,DEL11-MG,Risco Médio,Alta
terça-feira,BR-277,133.0,Plena Noite,Crescente,Céu Claro,Dupla,Reta,-25.47149,-49.66863,DEL03-PR,Risco Médio,Média
terça-feira,BR-116,54.3,Pleno dia,Decrescente,Céu Claro,Dupla,Reta,-22.75954,-45.11716,DEL08-SP,Risco Médio,Alta
quarta-feira,BR-158,367.0,Pleno dia,Crescente,Céu Claro,Simples,Curva,-24.91596,-52.27714,DEL04-PR,Risco Médio,Baixa
quarta-feira,BR-232,411.9,Plena Noite,Crescente,Chuva,Simples,Curva,-7.980156,-38.31416,DEL04-PE,Risco Baixo,Baixa
quinta-feira,BR-101,78.0,Plena Noite,Decrescente,Céu Claro,Simples,Reta,-21.83582,-41.4208,DEL08-RJ,Risco Médio,Alta
quinta-feira,BR-262,731.0,Amanhecer,Crescente,Céu Claro,Simples,Reta,-19.62252,-47.2991,DEL08-MG,Risco Médio,Média
quinta-feira,BR-116,6.8,Pleno dia,Decrescente,Céu Claro,Simples,Reta,-26.14645,-49.82306,DEL06-SC,Risco Médio,Alta
segunda-feira,BR-262,401.0,Pleno dia,Decrescente,Chuva,Dupla,Curva,-19.90019,-44.55287,DEL01-MG,Risco Médio,Média
domingo,BR-423,53.0,Plena Noite,Decrescente,Céu Claro,Simples,Reta,-9.270272,-37.74811,DEL03-AL,Risco Alto,Baixa
domingo,BR-163,139.0,Pleno dia,Crescente,Céu Claro,Simples,Curva,-25.50498,-53.59385,DEL04-PR,Risco Alto,Alta
sábado,BR-343,14.5,Plena Noite,Crescente,Ignorado,Dupla,Reta,-2.932501,-41.75425,DEL05-PI,Risco Médio,Baixa
domingo,BR-116,544.0,Amanhecer,Decrescente,Nublado,Simples,Curva,-24.96236,-48.42219,DEL05-SP,Risco Médio,Alta
segunda-feira,BR-470,122.7,Pleno dia,Crescente,Sol,Simples,Curva,-27.10785,-49.52387,DEL04-SC,Risco Médio,Baixa
quarta-feira,BR-116,135.0,Anoitecer,Decrescente,Granizo,Simples,Reta,-25.68413,-49.3164,DEL01-PR,Risco Médio,Alta
sábado,BR-116,280.8,Plena Noite,Crescente,Nublado,Simples,Reta,-5.708665,-38.5023,DEL05-CE,Risco Médio,Alta
domingo,BR-101,55.2,Pleno dia,Crescente,Nublado,Dupla,Reta,-6.961933,-35.08636,DEL01-PB,Risco Médio,Alta
domingo,BR-101,136.0,Amanhecer,Crescente,Céu Claro,Dupla,Interseção de vias,-27.00811,-48.61724,DEL04-SC,Risco Médio,Alta
domingo,BR-476,125.0,Plena Noite,Crescente,Céu Claro,Dupla,Não Informado,-25.4083,-49.21966,DEL01-PR,Risco Baixo,Baixa
quarta-feira,BR-101,200.0,Plena Noite,Crescente,Chuva,Dupla,Reta,-27.545,-48.62,DEL01-SC,Risco Médio,Alta
quarta-feira,BR-116,276.2,Pleno dia,Decrescente,Céu Claro,Dupla,Reta,-23.64262,-46.83811,DEL04-SP,Risco Médio,Alta
domingo,BR-116,186.0,Anoitecer,Crescente,Céu Claro,Dupla,Curva,-23.35664,-46.17886,DEL02-SP,Risco Médio,Alta
terça-feira,BR-101,103.0,Plena Noite,Crescente,Céu Claro,Múltipla,Reta,-5.89076,-35.25199,DEL01-RN,Risco Médio,Alta
terça-feira,BR-116,425.5,Plena Noite,Decrescente,Chuva,Dupla,Reta,-24.37992,-47.71316,DEL05-SP,Risco Médio,Alta
segunda-feira,BR-364,135.0,Anoitecer,Decrescente,Nublado,Dupla,Reta,-9.983602,-67.84671,DEL01-AC,Risco Médio,Alta
sábado,BR-40,747.9,Pleno dia,Decrescente,Céu Claro,Simples,Curva,-21.43797,-43.55638,DEL05-MG,Risco Médio,Alta
domingo,BR-470,273.0,Anoitecer,Decrescente,Céu Claro,Simples,Curva,-29.55013,-51.48059,DEL04-RS,Risco Médio,Baixa
terça-feira,BR-290,93.8,Plena Noite,Crescente,Céu Claro,Dupla,Reta,-29.97084,-51.18773,DEL01-RS,Risco Médio,Baixa
segunda-feira,BR-135,5.0,Anoitecer,Decrescente,Céu Claro,Dupla,Reta,-2.622692,-44.25865,DEL01-MA,Risco Baixo,Baixa
quarta-feira,BR-116,7.0,Plena Noite,Crescente,Céu Claro,Dupla,Reta,-3.810731,-38.50075,DEL01-CE,Risco Médio,Alta
quinta-feira,BR-101,97.3,Pleno dia,Crescente,Sol,Dupla,Não Informado,-26.73338,-48.70061,DEL03-SC,Risco Médio,Alta
quarta-feira,BR-70,271.0,Pleno dia,Decrescente,Nublado,Simples,Reta,-15.53359,-54.22133,DEL05-MT,Risco Médio,Baixa
segunda-feira,BR-381,32.0,Plena Noite,Crescente,Céu Claro,Dupla,Reta,-23.19083,-46.5848,DEL03-SP,Risco Médio,Alta
domingo,BR-163,131.0,Plena Noite,Decrescente,Céu Claro,Simples,Túnel,-25.56778,-53.57407,DEL04-PR,Risco Médio,Alta
sábado,BR-101,468.5,Plena Noite,Decrescente,Nublado,Simples,Curva,-14.5868,-39.2914,DEL05-BA,Risco Médio,Alta
domingo,BR-381,87.0,Amanhecer,Decrescente,Céu Claro,Múltipla,Reta,-23.47436,-46.56115,DEL03-SP,Risco Médio,Alta
segunda-feira,BR-70,521.0,Anoitecer,Crescente,Ignorado,Simples,Rotatória,-15.668,-56.18202,DEL01-MT,Risco Médio,Baixa
segunda-feira,BR-476,122.0,Pleno dia,Crescente,Céu Claro,Múltipla,Interseção de vias,-25.38577,-49.20338,DEL01-PR,Risco Médio,Baixa
quinta-feira,BR-381,481.3,Pleno dia,Decrescente,Sol,Simples,Não Informado,-19.95921,-44.0641,DEL01-MG,Risco Médio,Alta
domingo,BR-251,352.2,Pleno dia,Decrescente,Céu Claro,Simples,Reta,-16.28139,-42.5458,DEL12-MG,Risco Médio,Baixa
sexta-feira,BR-465,14.0,Plena Noite,Decrescente,Nublado,Simples,Curva,-22.811,-43.62843,DEL01-RJ,Risco Médio,Baixa
quinta-feira,BR-226,2.0,Pleno dia,Decrescente,Céu Claro,Dupla,Reta,-5.813649,-35.24665,DEL01-RN,Risco Médio,Baixa
domingo,BR-174,515.0,Pleno dia,Decrescente,Céu Claro,Simples,Reta,-13.40677,-59.85461,DEL04-MT,Risco Alto,Baixa
sexta-feira,BR-60,133.0,Plena Noite,Decrescente,Céu Claro,Dupla,Reta,-16.5815,-49.1772,DEL01-GO,Risco Médio,Média
segunda-feira,BR-393,296.0,Plena Noite,Decrescente,Céu Claro,Simples,Interseção de vias,-22.55416,-44.11311,DEL07-RJ,Risco Médio,Média
terça-feira,BR-101,269.0,Pleno dia,Crescente,Céu Claro,Dupla,Reta,-20.2174,-40.26991,DEL02-ES,Risco Médio,Alta
terça-feira,BR-116,5.5,Pleno dia,Decrescente,Chuva,Simples,Não Informado,-26.14094,-49.81508,DEL06-SC,Risco Médio,Alta
quinta-feira,BR-373,176.0,Pleno dia,Crescente,Céu Claro,Dupla,Reta,-25.06083,-50.21845,DEL03-PR,Risco Médio,Baixa
quinta-feira,BR-235,0.8,Pleno dia,Crescente,Nublado,Múltipla,Reta,-10.90904,-37.08093,DEL01-SE,Risco Médio,Baixa
sábado,BR-101,96.0,Amanhecer,Crescente,Nublado,Dupla,Curva,-10.917,-37.1666,DEL02-SE,Risco Baixo,Alta
sábado,BR-277,35.0,Amanhecer,Decrescente,Céu Claro,Dupla,Reta,-25.56012,-48.8144,DEL01-PR,Risco Médio,Média
terça-feira,BR-316,310.0,Pleno dia,Crescente,Céu Claro,Dupla,Desvio Temporário,-7.076392,-41.47475,DEL04-PI,Risco Médio,Baixa
quinta-feira,BR-476,140.9,Pleno dia,Decrescente,Nublado,Dupla,Reta,-25.52069,-49.29412,DEL01-PR,Risco Médio,Baixa
segunda-feira,BR-402,268.8,Pleno dia,Decrescente,Céu Claro,Simples,Reta,-3.475024,-39.54437,DEL01-CE,Risco Médio,Baixa
domingo,BR-153,182.9,Plena Noite,Crescente,Nublado,Simples,Reta,-7.497769,-48.38363,DEL02-TO,Risco Médio,Alta
sábado,BR-376,186.6,Plena Noite,Decrescente,Céu Claro,Dupla,Desvio Temporário,-23.45405,-51.84934,DEL09-PR,Risco Alto,Baixa
domingo,BR-277,644.0,Pleno dia,Decrescente,Céu Claro,Simples,Reta,-25.17363,-53.88603,DEL05-PR,Risco Médio,Média
domingo,BR-381,677.6,Pleno dia,Crescente,Céu Claro,Simples,Não Informado,-21.11173,-45.0927,DEL04-MG,Risco Médio,Alta
domingo,BR-101,209.1,Plena Noite,Crescente,Céu Claro,Dupla,Reta,-27.61001,-48.63895,DEL01-SC,Risco Médio,Alta
domingo,BR-232,110.9,Pleno dia,Crescente,Nublado,Dupla,Reta,-8.297297,-35.83146,DEL02-PE,Risco Médio,Baixa
quinta-feira,BR-470,25.7,Plena Noite,Crescente,Céu Claro,Dupla,Reta,-26.89154,-48.8863,DEL04-SC,Risco Alto,Baixa
sexta-feira,BR-354,757.8,Plena Noite,Crescente,Céu Claro,Simples,Curva,-22.31949,-44.84722,DEL17-MG,Risco Médio,Baixa
terça-feira,BR-364,82.7,Pleno dia,Decrescente,Céu Claro,Simples,Curva,-12.40908,-60.6102,DEL04-RO,Risco Médio,Alta
sexta-feira,BR-153,72.0,Pleno dia,Crescente,Chuva,Simples,Curva,-27.06761,-51.89798,DEL07-SC,Risco Médio,Alta
domingo,BR-40,67.0,Pleno dia,Decrescente,Céu Claro,Dupla,Curva,-22.43831,-43.17821,DEL06-RJ,Risco Baixo,Alta
sexta-feira,BR-101,213.0,Pleno dia,Crescente,Céu Claro,Múltipla,Reta,-27.63697,-48.66514,DEL01-SC,Risco Médio,Alta
quinta-feira,BR-365,533.0,Pleno dia,Crescente,Céu Claro,Simples,Curva,-18.92637,-47.50829,DEL10-MG,Risco Médio,Média
domingo,BR-163,989.0,Plena Noite,Crescente,Céu Claro,Simples,Reta,-10.5969,-55.09932,DEL06-MT,Risco Médio,Alta
quinta-feira,BR-470,215.9,Plena Noite,Decrescente,Céu Claro,Dupla,Reta,-29.15064,-51.53024,DEL06-RS,Risco Baixo,Baixa
segunda-feira,BR-230,142.0,Pleno dia,Crescente,Sol,Dupla,Reta,-7.256226,-35.81918,DEL02-PB,Risco Médio,Baixa
domingo,BR-277,105.0,Pleno dia,Decrescente,Céu Claro,Dupla,Curva,-25.48825,-49.34581,DEL01-PR,Risco Médio,Média
sexta-feira,BR-158,561.9,Pleno dia,Decrescente,Céu Claro,Simples,Reta,-14.0553,-52.1592,DEL07-MT,Risco Médio,Baixa
sexta-feira,BR-493,0.0,Amanhecer,Crescente,Ignorado,Dupla,Reta,-22.77062,-42.92223,DEL04-RJ,Risco Médio,Baixa
quarta-feira,BR-282,459.4,Plena Noite,Crescente,Chuva,Simples,Reta,-26.86369,-52.02482,DEL07-SC,Risco Médio,Baixa
quinta-feira,BR-101,333.1,Plena Noite,Decrescente,Céu Claro,Dupla,Reta,-28.46818,-49.01047,DEL02-SC,Risco Baixo,Alta
sábado,BR-493,22.8,Plena Noite,Decrescente,Céu Claro,Simples,Reta,-22.65931,-43.0533,DEL02-RJ,Risco Médio,Baixa
segunda-feira,BR-40,805.9,Plena Noite,Crescente,Nublado,Dupla,Desvio Temporário,-21.86674,-43.35978,DEL05-MG,Risco Baixo,Alta
sábado,BR-163,158.0,Plena Noite,Crescente,Nublado,Simples,Reta,-25.35275,-53.58271,DEL04-PR,Risco Médio,Alta
segunda-feira,BR-262,629.0,Pleno dia,Crescente,Céu Claro,Simples,Não Informado,-19.58653,-46.4724,DEL08-MG,Risco Baixo,Média
sábado,BR-116,29.4,Plena Noite,Decrescente,Nublado,Dupla,Não Informado,-22.62914,-44.92451,DEL08-SP,Risco Médio,Alta
terça-feira,BR-235,49.0,Pleno dia,Decrescente,Céu Claro,Simples,Interseção de vias,-10.71622,-37.42167,DEL01-SE,Risco Médio,Baixa
terça-feira,BR-163,150.0,Plena Noite,Decrescente,Céu Claro,Dupla,Não Informado,-25.39304,-53.57646,DEL04-PR,Risco Médio,Alta
quinta-feira,BR-163,86.0,Plena Noite,Crescente,Céu Claro,Simples,Reta,-23.40593,-54.20949,DEL09-MS,Risco Baixo,Alta
segunda-feira,BR-116,23.0,Anoitecer,Crescente,Chuva,Dupla,Desvio Temporário,-25.11048,-48.75592,DEL01-PR,Risco Baixo,Alta
terça-feira,BR-116,111.0,Anoitecer,Decrescente,Nublado,Dupla,Reta,-23.03683,-45.55687,DEL02-SP,Risco Médio,Alta
quinta-feira,BR-343,42.4,Pleno dia,Decrescente,Sol,Simples,Curva,-3.162863,-41.82186,DEL05-PI,Risco Médio,Baixa
domingo,BR-282,224.0,Pleno dia,Decrescente,Céu Claro,Simples,Rotatória,-27.7997,-50.36335,DEL05-SC,Risco Médio,Baixa
domingo,BR-60,668.3,Plena Noite,Crescente,Céu Claro,Simples,Reta,-22.00153,-56.48773,DEL05-MS,Risco Médio,Média
sábado,BR-262,52.0,Plena Noite,Crescente,Céu Claro,Simples,Reta,-20.4137,-40.7242,DEL01-ES,Risco Médio,Média
domingo,BR-174,512.0,Pleno dia,Crescente,Céu Claro,Simples,Reta,2.866474,-60.69667,DEL01-RR,Risco Médio,Baixa
sábado,BR-470,136.4,Pleno dia,Crescente,Sol,Simples,Reta,-27.19432,-49.62455,DEL04-SC,Risco Baixo,Baixa
sábado,BR-101,152.8,Pleno dia,Crescente,Céu Claro,Simples,Reta,-22.24915,-41.8153,DEL02-RJ,Risco Alto,Alta
quarta-feira,BR-50,147.0,Plena Noite,Decrescente,Céu Claro,Dupla,Não Informado,-17.1482,-47.7229,DEL06-GO,Risco Baixo,Média
segunda-feira,BR-101,111.8,Pleno dia,Decrescente,Céu Claro,Simples,Curva,-20.3378,-41.19819,DEL04-ES,Risco Médio,Alta
domingo,BR-101,45.0,Pleno dia,Crescente,Céu Claro,Múltipla,Reta,-7.865213,-34.90715,DEL01-PE,Risco Médio,Alta
sexta-feira,BR-101,370.9,Pleno dia,Crescente,Sol,Dupla,Reta,-28.71047,-49.21222,DEL02-SC,Risco Médio,Alta
terça-feira,BR-116,212.0,Pleno dia,Crescente,Chuva,Dupla,Curva,-22.70114,-43.7582,DEL01-RJ,Risco Médio,Alta
quinta-feira,BR-364,696.0,Pleno dia,Crescente,Chuva,Dupla,Reta,-8.800466,-63.73478,DEL01-RO,Risco Médio,Alta
domingo,BR-116,363.5,Pleno dia,Crescente,Céu Claro,Simples,Reta,-11.71104,-38.98666,DEL02-BA,Risco Médio,Alta
terça-feira,BR-222,667.0,Amanhecer,Decrescente,Céu Claro,Simples,Reta,-4.902642,-47.39968,DEL04-MA,Risco Médio,Baixa
sábado,BR-381,754.5,Pleno dia,Decrescente,Nublado,Dupla,Reta,-21.66877,-45.31707,DEL16-MG,Risco Médio,Alta
terça-feira,BR-101,328.0,Pleno dia,Crescente,Céu Claro,Simples,Reta,-22.87029,-43.1658,DEL02-RJ,Risco Médio,Alta
quarta-feira,BR-174,14.5,Plena Noite,Crescente,Céu Claro,Simples,Reta,-12.73307,-60.12981,DEL04-RO,Risco Médio,Baixa
domingo,BR-101,131.0,Plena Noite,Decrescente,Chuva,Dupla,Reta,-26.99064,-48.66311,DEL04-SC,Risco Baixo,Alta
sábado,BR-381,488.0,Plena Noite,Decrescente,Nublado,Dupla,Não Informado,-19.95722,-44.12341,DEL01-MG,Risco Médio,Alta
quarta-feira,BR-459,103.3,Pleno dia,Crescente,Nublado,Dupla,Não Informado,-22.2332,-45.89956,DEL16-MG,Risco Médio,Baixa
domingo,BR-101,325.6,Plena Noite,Crescente,Céu Claro,Múltipla,Reta,-28.42524,-48.94303,DEL02-SC,Risco Médio,Alta
quarta-feira,BR-364,732.0,Plena Noite,Decrescente,Nublado,Simples,Reta,-8.912284,-63.96548,DEL01-RO,Risco Baixo,Alta
segunda-feira,BR-116,828.2,Pleno dia,Crescente,Céu Claro,Simples,Reta,-14.8957,-40.86541,DEL08-BA,Risco Médio,Alta
sábado,BR-40,320.0,Plena Noite,Crescente,Nublado,Simples,Curva,-18.51247,-45.07802,DEL14-MG,Risco Alto,Alta
domingo,BR-40,511.3,Pleno dia,Decrescente,Céu Claro,Dupla,Reta,-19.78164,-44.11733,DEL01-MG,Risco Médio,Alta
terça-feira,BR-470,247.3,Pleno dia,Decrescente,Céu Claro,Simples,Rotatória,-27.31382,-50.56114,DEL05-SC,Risco Médio,Baixa
quarta-feira,BR-40,2.2,Plena Noite,Decrescente,Nublado,Dupla,Reta,-16.07427,-47.98527,DEL01-DF,Risco Baixo,Alta
sexta-feira,BR-158,327.0,Pleno dia,Crescente,Céu Claro,Simples,Reta,-29.71495,-53.81083,DEL09-RS,Risco Médio,Baixa
sábado,BR-101,286.6,Pleno dia,Crescente,Céu Claro,Dupla,Não Informado,-20.25902,-40.37753,DEL01-ES,Risco Médio,Alta
quarta-feira,BR-364,346.0,Amanhecer,Decrescente,Céu Claro,Dupla,Curva,-15.79964,-55.58299,DEL02-MT,Risco Médio,Alta
quarta-feira,BR-70,7.9,Pleno dia,Crescente,Céu Claro,Simples,Reta,-15.87814,-52.31679,DEL07-MT,Risco Médio,Baixa
segunda-feira,BR-262,16.1,Pleno dia,Crescente,Céu Claro,Simples,Curva,-20.38434,-40.46363,DEL01-ES,Risco Médio,Média
segunda-feira,BR-116,23.0,Pleno dia,Crescente,Chuva,Dupla,Curva,-25.11048,-48.75592,DEL01-PR,Risco Médio,Alta
sábado,BR-135,225.4,Plena Noite,Decrescente,Céu Claro,Simples,Interseção de vias,-4.376472,-44.34023,DEL03-MA,Risco Médio,Baixa
quinta-feira,BR-259,59.0,Pleno dia,Crescente,Céu Claro,Simples,Interseção de vias,-19.5247,-40.67339,DEL02-ES,Risco Médio,Baixa
quinta-feira,BR-116,359.0,Pleno dia,Decrescente,Sol,Simples,Não Informado,-24.10882,-47.26719,DEL04-SP,Risco Baixo,Alta
quinta-feira,BR-232,126.6,Pleno dia,Decrescente,Céu Claro,Simples,Curva,-8.304105,-35.96544,DEL02-PE,Risco Baixo,Baixa
quarta-feira,BR-472,559.0,Pleno dia,Crescente,Céu Claro,Simples,Reta,-29.71049,-56.92441,DEL13-RS,Risco Médio,Baixa
sábado,BR-304,295.0,Pleno dia,Crescente,Céu Claro,Simples,Reta,-5.866059,-35.35822,DEL01-RN,Risco Médio,Baixa
domingo,BR-101,322.0,Pleno dia,Decrescente,Nublado,Dupla,Reta,-22.86985,-43.11046,DEL02-RJ,Risco Médio,Alta
segunda-feira,BR-468,99.6,Anoitecer,Crescente,Nublado,Simples,Interseção de vias,-27.47378,-53.91918,DEL08-RS,Risco Médio,Baixa
quarta-feira,BR-365,5.7,Plena Noite,Crescente,Nublado,Simples,Curva,-16.80244,-43.90232,DEL12-MG,Risco Médio,Média
terça-feira,BR-402,276.2,Pleno dia,Decrescente,Céu Claro,Dupla,Reta,-3.524021,-39.4897,DEL01-CE,Risco Baixo,Baixa
domingo,BR-153,396.2,Pleno dia,Decrescente,Céu Claro,Simples,Reta,-16.00977,-49.125,DEL02-GO,Risco Médio,Alta
sábado,BR-290,281.0,Plena Noite,Crescente,Céu Claro,Simples,Reta,-30.2513,-53.0336,DEL02-RS,Risco Médio,Baixa
quinta-feira,BR-356,264.3,Plena Noite,Decrescente,Céu Claro,Simples,Curva,-21.12553,-42.37548,DEL07-MG,Risco Baixo,Baixa
sexta-feira,BR-101,105.0,Pleno dia,Decrescente,Céu Claro,Dupla,Interseção de vias,-5.910564,-35.26131,DEL01-RN,Risco Baixo,Alta
quarta-feira,BR-40,528.0,Plena Noite,Crescente,Céu Claro,Dupla,Reta,-19.91042,-44.04332,DEL01-MG,Risco Médio,Alta
quarta-feira,BR-364,711.0,Pleno dia,Crescente,Nublado,Dupla,Reta,-8.781659,-63.86519,DEL01-RO,Risco Médio,Alta
domingo,BR-365,706.0,Plena Noite,Crescente,Céu Claro,Dupla,Rotatória,-18.87892,-49.05482,DEL15-MG,Risco Médio,Média
quinta-feira,BR-101,206.2,Plena Noite,Crescente,Céu Claro,Múltipla,Reta,-27.5934,-48.61906,DEL01-SC,Risco Baixo,Alta
domingo,BR-290,395.6,Plena Noite,Crescente,Chuva,Simples,Reta,-30.3634,-54.21066,DEL09-RS,Risco Médio,Baixa
sábado,BR-290,46.3,Plena Noite,Crescente,Chuva,Dupla,Reta,-29.89246,-50.72357,DEL03-RS,Risco Baixo,Baixa
quinta-feira,BR-116,124.0,Pleno dia,Decrescente,Céu Claro,Dupla,Reta,-23.09312,-45.6779,DEL02-SP,Risco Baixo,Alta
quinta-feira,BR-290,119.0,Plena Noite,Crescente,Nublado,Simples,Reta,-30.04943,-51.39805,DEL02-RS,Risco Médio,Baixa
sábado,BR-60,427.0,Pleno dia,Crescente,Sol,Dupla,Não Informado,-17.82283,-51.3092,DEL04-GO,Risco Médio,Média
sexta-feira,BR-101,207.0,Plena Noite,Crescente,Nublado,Múltipla,Curva,-27.60001,-48.62265,DEL01-SC,Risco Médio,Alta