dia_semana,br,km,fase_dia,sentido_via,condicao_metereologica,tipo_pista,tracado_via,latitude,longitude,delegacia,classificacao_acidente,postos_policiais_PRF
segunda-feira,BR-230,25.2,Pleno dia,Decrescente,Céu Claro,Dupla,Não Informado,-7.1707,-34.8684,DEL01-PB,Risco Médio,Baixa
quinta-feira,BR-101,372.8,Pleno dia,Decrescente,Nublado,Simples,Reta,-20.77215,-40.77696,DEL03-ES,Risco Médio,Alta
domingo,BR-287,319.0,Anoitecer,Decrescente,Céu Claro,Simples,Reta,-29.65307,-54.56341,DEL09-RS,Risco Médio,Baixa
quarta-feira,BR-232,4.9,Pleno dia,Crescente,Nublado,Múltipla,Não Informado,-8.067443,-34.94389,DEL01-PE,Risco Baixo,Baixa
segunda-feira,BR-369,202.0,Anoitecer,Decrescente,Garoa/Chuvisco,Dupla,Desvio Temporário,-23.54349,-51.45475,DEL07-PR,Risco Médio,Baixa
sexta-feira,BR-316,24.0,Plena Noite,Crescente,Ignorado,Simples,Reta,-5.288957,-42.71707,DEL01-PI,Risco Médio,Baixa
segunda-feira,BR-262,79.7,Pleno dia,Crescente,Sol,Simples,Reta,-20.33639,-42.37124,DEL03-MG,Risco Médio,Média
domingo,BR-101,55.1,Pleno dia,Decrescente,Nublado,Dupla,Reta,-26.42281,-48.82977,DEL03-SC,Risco Médio,Alta
domingo,BR-116,890.3,Plena Noite,Crescente,Céu Claro,Simples,Não Informado,-15.36365,-41.1795,DEL08-BA,Risco Alto,Alta
quinta-feira,BR-40,552.0,Pleno dia,Crescente,Nublado,Simples,Reta,-20.06084,-43.97716,DEL01-MG,Risco Baixo,Alta
segunda-feira,BR-101,214.0,Pleno dia,Crescente,Céu Claro,Dupla,Reta,-27.6444,-48.6705,DEL01-SC,Risco Médio,Alta
quarta-feira,BR-280,97.1,Pleno dia,Decrescente,Céu Claro,Múltipla,Curva,-26.37945,-49.31606,DEL06-SC,Risco Médio,Baixa
quarta-feira,BR-381,704.3,Plena Noite,Decrescente,Nublado,Dupla,Reta,-21.34781,-45.17777,DEL04-MG,Risco Baixo,Alta
quarta-feira,BR-232,8.5,Pleno dia,Crescente,Céu Claro,Dupla,Reta,-8.076926,-34.97582,DEL01-PE,Risco Médio,Baixa
sexta-feira,BR-267,63.9,Pleno dia,Crescente,Ignorado,Simples,Interseção de vias,-21.74004,-43.10302,DEL05-MG,Risco Médio,Baixa
quinta-feira,BR-101,106.5,Pleno dia,Decrescente,Céu Claro,Dupla,Reta,-26.81032,-48.68294,DEL03-SC,Risco Médio,Alta
quinta-feira,BR-365,507.0,Pleno dia,Crescente,Céu Claro,Simples,Curva,-18.95649,-47.25524,DEL10-MG,Risco Baixo,Média
sábado,BR-304,306.0,Pleno dia,Crescente,Céu Claro,Dupla,Curva,-5.892096,-35.25889,DEL01-RN,Risco Médio,Baixa
quinta-feira,BR-70,403.0,Pleno dia,Decrescente,Céu Claro,Simples,Curva,-15.86887,-51.65188,DEL04-GO,Risco Médio,Baixa
sábado,BR-101,50.3,Amanhecer,Crescente,Nublado,Múltipla,Reta,-7.912077,-34.90067,DEL01-PE,Risco Alto,Alta
domingo,BR-40,786.7,Plena Noite,Decrescente,Chuva,Dupla,Curva,-21.72734,-43.43853,DEL05-MG,Risco Médio,Alta
segunda-feira,BR-40,550.0,Pleno dia,Crescente,Sol,Dupla,Reta,-20.04869,-43.96513,DEL01-MG,Risco Baixo,Alta
quinta-feira,BR-282,115.7,Plena Noite,Decrescente,Céu Claro,Simples,Curva,-27.75542,-49.39444,DEL01-SC,Risco Médio,Baixa
terça-feira,BR-60,129.0,Pleno dia,Decrescente,Chuva,Dupla,Reta,-16.5587,-49.1534,DEL01-GO,Risco Baixo,Média
segunda-feira,BR-116,688.4,Plena Noite,Decrescente,Céu Claro,Simples,Não Informado,-21.00463,-42.36667,DEL07-MG,Risco Baixo,Alta
quinta-feira,BR-153,335.0,Pleno dia,Decrescente,Céu Claro,Dupla,Reta,-8.844551,-48.51071,DEL02-TO,Risco Médio,Alta
quarta-feira,BR-101,137.0,Pleno dia,Decrescente,Nublado,Dupla,Reta,-27.01572,-48.61193,DEL04-SC,Risco Médio,Alta
quarta-feira,BR-50,62.0,Pleno dia,Crescente,Chuva,Dupla,Curva,-18.83099,-48.24967,DEL15-MG,Risco Médio,Média
quinta-feira,BR-210,0.3,Pleno dia,Decrescente,Céu Claro,Simples,Reta,0.0781059,-51.07046,DEL01-AP,Risco Médio,Baixa
sexta-feira,BR-116,39.0,Pleno dia,Decrescente,Sol,Dupla,Reta,-22.67528,-44.99918,DEL08-SP,Risco Médio,Alta
domingo,BR-280,179.2,Pleno dia,Crescente,Céu Claro,Simples,Reta,-26.17769,-49.87831,DEL06-SC,Risco Médio,Baixa
quinta-feira,BR-364,469.0,Plena Noite,Crescente,Chuva,Simples,Ponte,-15.4667,-56.3119,DEL01-MT,Risco Alto,Alta
sábado,BR-262,37.3,Pleno dia,Crescente,Céu Claro,Simples,Interseção de vias,-20.38123,-40.61933,DEL01-ES,Risco Alto,Média
sexta-feira,BR-101,206.3,Pleno dia,Crescente,Sol,Dupla,Reta,-27.59194,-48.61825,DEL01-SC,Risco Baixo,Alta
segunda-feira,BR-282,18.0,Pleno dia,Decrescente,Chuva,Simples,Interseção de vias,-27.6728,-48.69429,DEL01-SC,Risco Médio,Baixa
sexta-feira,BR-467,99.9,Pleno dia,Decrescente,Garoa/Chuvisco,Dupla,Não Informado,-24.8931,-53.5442,DEL04-PR,Risco Médio,Baixa
quinta-feira,BR-293,50.0,Pleno dia,Crescente,Nublado,Simples,Reta,-31.7296,-52.8354,DEL07-RS,Risco Baixo,Baixa
terça-feira,BR-116,181.0,Plena Noite,Decrescente,Nublado,Múltipla,Reta,-22.7391,-43.4697,DEL01-RJ,Risco Baixo,Alta
segunda-feira,BR-116,179.0,Pleno dia,Decrescente,Céu Claro,Simples,Curva,-25.91752,-49.60128,DEL01-PR,Risco Médio,Alta
sexta-feira,BR-101,205.0,Plena Noite,Crescente,Céu Claro,Simples,Interseção de vias,-19.75823,-40.3795,DEL02-ES,Risco Médio,Alta
sábado,BR-116,102.0,Plena Noite,Decrescente,Nublado,Dupla,Reta,-25.56722,-49.1724,DEL01-PR,Risco Baixo,Alta
quinta-feira,BR-116,311.0,Pleno dia,Decrescente,Sol,Dupla,Reta,-22.46087,-44.44296,DEL07-RJ,Risco Médio,Alta
segunda-feira,BR-232,408.9,Amanhecer,Crescente,Céu Claro,Simples,Reta,-7.982404,-38.28718,DEL04-PE,Risco Médio,Baixa
sábado,BR-116,527.8,Plena Noite,Crescente,Nublado,Simples,Reta,-31.74702,-52.409,DEL07-RS,Risco Médio,Alta
quarta-feira,BR-163,251.6,Pleno dia,Crescente,Céu Claro,Simples,Reta,-22.29689,-54.82117,DEL04-MS,Risco Médio,Alta
domingo,BR-116,57.2,Pleno dia,Crescente,Sol,Dupla,Reta,-22.77455,-45.13807,DEL08-SP,Risco Médio,Alta
quarta-feira,BR-381,343.0,Plena Noite,Decrescente,Chuva,Simples,Não Informado,-19.84197,-43.09954,DEL03-MG,Risco Médio,Alta
quarta-feira,BR-116,62.4,Pleno dia,Crescente,Chuva,Simples,Reta,-26.40046,-50.22601,DEL06-SC,Risco Baixo,Alta
terça-feira,BR-277,77.0,Pleno dia,Crescente,Nublado,Dupla,Reta,-25.48448,-49.18858,DEL01-PR,Risco Médio,Média
domingo,BR-381,710.3,Pleno dia,Crescente,Céu Claro,Dupla,Curva,-21.38615,-45.19486,DEL04-MG,Risco Médio,Alta
segunda-feira,BR-101,208.6,Pleno dia,Decrescente,Sol,Múltipla,Interseção de vias,-27.60328,-48.63202,DEL01-SC,Risco Médio,Alta
sexta-feira,BR-116,51.9,Pleno dia,Crescente,Sol,Simples,Interseção de vias,-22.74158,-45.09206,DEL08-SP,Risco Médio,Alta
quarta-feira,BR-153,49.8,Plena Noite,Decrescente,Céu Claro,Simples,Reta,-20.70906,-49.33906,DEL09-SP,Risco Alto,Alta
domingo,BR-163,258.2,Plena Noite,Crescente,Céu Claro,Dupla,Rotatória,-22.25791,-54.78139,DEL04-MS,Risco Médio,Alta
quarta-feira,BR-153,4.3,Pleno dia,Decrescente,Nublado,Simples,Não Informado,-26.6425,-51.51401,DEL07-SC,Risco Baixo,Alta
terça-feira,BR-101,129.0,Pleno dia,Decrescente,Céu Claro,Dupla,Reta,-26.984,-48.6695,DEL04-SC,Risco Médio,Alta
domingo,BR-282,475.2,Pleno dia,Crescente,Chuva,Simples,Curva,-26.87194,-52.14734,DEL07-SC,Risco Médio,Baixa
segunda-feira,BR-381,943.0,Pleno dia,Decrescente,Sol,Dupla,Reta,-22.87733,-46.37018,DEL16-MG,Risco Médio,Alta
sexta-feira,BR-163,690.0,Plena Noite,Crescente,Céu Claro,Simples,Interseção de vias,-13.05654,-55.91398,DEL06-MT,Risco Médio,Alta
quinta-feira,BR-101,217.0,Pleno dia,Crescente,Sol,Múltipla,Reta,-27.69875,-48.66132,DEL01-SC,Risco Médio,Alta
quarta-feira,BR-282,495.5,Pleno dia,Crescente,Sol,Simples,Reta,-26.87535,-52.32708,DEL07-SC,Risco Baixo,Baixa
domingo,BR-393,181.0,Pleno dia,Crescente,Nublado,Simples,Curva,-22.13626,-43.25137,DEL05-RJ,Risco Médio,Média
segunda-feira,BR-60,0.1,Pleno dia,Decrescente,Sol,Dupla,Reta,-15.8825,-48.06021,DEL01-DF,Risco Médio,Média
sábado,BR-101,210.0,Plena Noite,Crescente,Céu Claro,Múltipla,Reta,-27.6235,-48.6524,DEL01-SC,Risco Médio,Alta
domingo,BR-381,558.0,Pleno dia,Crescente,Chuva,Dupla,Não Informado,-20.37564,-44.47423,DEL04-MG,Risco Médio,Alta
sábado,BR-116,14.0,Pleno dia,Decrescente,Céu Claro,Simples,Não Informado,-14.89323,-40.86589,DEL08-BA,Risco Baixo,Alta
terça-feira,BR-408,101.0,Plena Noite,Decrescente,Chuva,Dupla,Reta,-8.056457,-34.99675,DEL01-PE,Risco Médio,Baixa
quinta-feira,BR-40,444.2,Plena Noite,Crescente,Céu Claro,Dupla,Não Informado,-19.2887,-44.3908,DEL02-MG,Risco Médio,Alta
sexta-feira,BR-116,417.0,Plena Noite,Crescente,Nublado,Simples,Reta,-18.89069,-41.94663,DEL06-MG,Risco Médio,Alta
segunda-feira,BR-280,124.9,Pleno dia,Decrescente,Sol,Simples,Reta,-26.2413,-49.47514,DEL06-SC,Risco Médio,Baixa
sábado,BR-60,97.0,Pleno dia,Crescente,Nublado,Dupla,Curva,-16.3774,-48.9483,DEL02-GO,Risco Baixo,Média
terça-feira,BR-101,14.5,Plena Noite,Decrescente,Céu Claro,Dupla,Reta,-11.65782,-37.89432,DEL02-SE,Risco Baixo,Alta
domingo,BR-282,219.2,Plena Noite,Decrescente,Céu Claro,Simples,Reta,-27.79552,-50.32361,DEL05-SC,Risco Baixo,Baixa
quinta-feira,BR-116,5.6,Pleno dia,Decrescente,Céu Claro,Múltipla,Reta,-3.794671,-38.50773,DEL01-CE,Risco Médio,Alta
sábado,BR-482,8.3,Pleno dia,Crescente,Sol,Dupla,Reta,-20.86597,-41.11181,DEL03-ES,Risco Médio,Baixa
sábado,BR-10,56.1,Plena Noite,Crescente,Céu Claro,Simples,Reta,-3.952283,-47.54145,DEL02-PA,Risco Médio,Baixa
sexta-feira,BR-116,374.2,Pleno dia,Crescente,Sol,Simples,Reta,-30.72576,-51.61377,DEL02-RS,Risco Médio,Alta
terça-feira,BR-110,364.6,Pleno dia,Crescente,Céu Claro,Simples,Curva,-12.34927,-38.38923,DEL01-BA,Risco Médio,Baixa
sexta-feira,BR-116,270.0,Plena Noite,Crescente,Chuva,Dupla,Reta,-23.60709,-46.81498,DEL04-SP,Risco Baixo,Alta
segunda-feira,BR-476,26.0,Pleno dia,Crescente,Garoa/Chuvisco,Simples,Curva,-24.78738,-49.03473,DEL01-PR,Risco Médio,Baixa
quinta-feira,BR-470,138.0,Pleno dia,Crescente,Céu Claro,Simples,Reta,-27.20721,-49.64848,DEL04-SC,Risco Médio,Baixa
sábado,BR-116,271.0,Pleno dia,Decrescente,Sol,Dupla,Reta,-23.61036,-46.77283,DEL04-SP,Risco Médio,Alta
domingo,BR-50,69.0,Pleno dia,Decrescente,Céu Claro,Dupla,Reta,-18.88524,-48.26494,DEL15-MG,Risco Médio,Média
domingo,BR-101,432.0,Pleno dia,Crescente,Chuva,Simples,Reta,-22.93437,-44.02919,DEL03-RJ,Risco Médio,Alta
segunda-feira,BR-381,481.0,Plena Noite,Decrescente,Céu Claro,Dupla,Reta,-19.95932,-44.08826,DEL01-MG,Risco Médio,Alta
sexta-feira,BR-324,520.0,Pleno dia,Crescente,Céu Claro,Dupla,Reta,-12.2832,-38.9212,DEL01-BA,Risco Baixo,Baixa
sexta-feira,BR-222,27.1,Pleno dia,Crescente,Céu Claro,Simples,Reta,-3.720022,-38.79488,DEL01-CE,Risco Alto,Baixa
domingo,BR-376,156.9,Plena Noite,Crescente,Ignorado,Simples,Reta,-23.34601,-52.08999,DEL07-PR,Risco Médio,Baixa
terça-feira,BR-232,412.0,Pleno dia,Crescente,Céu Claro,Simples,Reta,-7.983269,-38.31966,DEL04-PE,Risco Médio,Baixa
sexta-feira,BR-316,4.0,Plena Noite,Decrescente,Céu Claro,Múltipla,Reta,-1.384497,-48.40548,DEL01-PA,Risco Baixo,Baixa
quarta-feira,BR-290,31.4,Pleno dia,Decrescente,Céu Claro,Dupla,Reta,-29.88391,-50.56576,DEL03-RS,Risco Médio,Baixa
sexta-feira,BR-101,1.6,Plena Noite,Decrescente,Nublado,Dupla,Reta,-20.12909,-40.30812,DEL02-ES,Risco Médio,Alta
segunda-feira,BR-116,269.0,Plena Noite,Crescente,Chuva,Dupla,Curva,-22.55156,-44.17894,DEL07-RJ,Risco Médio,Alta
quinta-feira,BR-101,126.0,Plena Noite,Crescente,Nublado,Dupla,Reta,-26.964,-48.6832,DEL04-SC,Risco Baixo,Alta
segunda-feira,BR-116,712.4,Pleno dia,Decrescente,Céu Claro,Simples,Curva,-21.1905,-42.36842,DEL07-MG,Risco Médio,Alta
quinta-feira,BR-343,475.8,Pleno dia,Decrescente,Chuva,Simples,Reta,-6.131301,-42.72054,DEL01-PI,Risco Médio,Baixa
segunda-feira,BR-20,6.7,Plena Noite,Crescente,Ignorado,Dupla,Reta,-15.66589,-47.80831,DEL02-DF,Risco Médio,Baixa
sexta-feira,BR-369,455.4,Pleno dia,Decrescente,Sol,Simples,Reta,-24.54792,-53.04067,DEL04-PR,Risco Médio,Baixa
domingo,BR-282,371.4,Pleno dia,Decrescente,Céu Claro,Simples,Reta,-27.25999,-51.44268,DEL07-SC,Risco Médio,Baixa
quarta-feira,BR-386,365.0,Pleno dia,Decrescente,Céu Claro,Dupla,Reta,-29.5701,-51.86544,DEL04-RS,Risco Médio,Média
sábado,BR-116,662.0,Pleno dia,Crescente,Nublado,Simples,Reta,-13.71612,-40.09445,DEL03-BA,Risco Médio,Alta
quinta-feira,BR-40,71.1,Plena Noite,Decrescente,Ignorado,Simples,Reta,-17.40773,-46.72153,DEL14-MG,Risco Médio,Alta
domingo,BR-101,283.0,Pleno dia,Crescente,Céu Claro,Múltipla,Reta,-20.23438,-40.36936,DEL01-ES,Risco Baixo,Alta
quinta-feira,BR-222,0.9,Pleno dia,Crescente,Céu Claro,Múltipla,Reta,-3.737702,-38.57746,DEL01-CE,Risco Médio,Baixa
terça-feira,BR-101,406.0,Plena Noite,Decrescente,Céu Claro,Dupla,Reta,-22.87412,-43.81137,DEL03-RJ,Risco Médio,Alta
sexta-feira,BR-262,153.0,Pleno dia,Crescente,Céu Claro,Simples,Não Informado,-20.2196,-41.4587,DEL01-ES,Risco Baixo,Média
sexta-feira,BR-116,164.0,Plena Noite,Decrescente,Nublado,Múltipla,Reta,-22.8133,-43.33038,DEL01-RJ,Risco Baixo,Alta
terça-feira,BR-364,147.0,Amanhecer,Decrescente,Chuva,Dupla,Reta,-9.894361,-67.8954,DEL01-AC,Risco Médio,Alta
domingo,BR-242,443.4,Pleno dia,Crescente,Céu Claro,Simples,Curva,-11.82202,-49.43943,DEL01-TO,Risco Médio,Baixa
terça-feira,BR-116,39.7,Pleno dia,Crescente,Nublado,Dupla,Curva,-25.14803,-48.85922,DEL01-PR,Risco Médio,Alta
quarta-feira,BR-153,58.8,Pleno dia,Decrescente,Céu Claro,Simples,Interseção de vias,-20.78678,-49.3539,DEL09-SP,Risco Médio,Alta
domingo,BR-40,86.0,Pleno dia,Decrescente,Céu Claro,Simples,Reta,-22.5637,-43.2317,DEL06-RJ,Risco Médio,Alta
sábado,BR-376,493.3,Pleno dia,Crescente,Chuva,Dupla,Não Informado,-25.12603,-50.17909,DEL03-PR,Risco Médio,Baixa
segunda-feira,BR-476,119.0,Pleno dia,Crescente,Nublado,Múltipla,Reta,-25.3642,-49.18583,DEL01-PR,Risco Alto,Baixa
sexta-feira,BR-153,460.5,Pleno dia,Crescente,Céu Claro,Simples,Reta,-9.915545,-48.73183,DEL02-TO,Risco Médio,Alta
sábado,BR-116,148.9,Plena Noite,Decrescente,Céu Claro,Múltipla,Interseção de vias,-29.16024,-51.15662,DEL05-RS,Risco Médio,Alta
quinta-feira,BR-316,310.1,Amanhecer,Crescente,Céu Claro,Simples,Ponte,-7.07986,-41.45922,DEL04-PI,Risco Médio,Baixa
sexta-feira,BR-277,721.9,Pleno dia,Crescente,Céu Claro,Dupla,Reta,-25.49115,-54.51185,DEL05-PR,Risco Médio,Média
quarta-feira,BR-116,758.3,Amanhecer,Crescente,Céu Claro,Simples,Reta,-21.50243,-42.60068,DEL07-MG,Risco Médio,Alta
sexta-feira,BR-116,43.5,Pleno dia,Crescente,Céu Claro,Dupla,Reta,-4.127199,-38.48425,DEL01-CE,Risco Baixo,Alta
domingo,BR-153,113.2,Pleno dia,Decrescente,Céu Claro,Simples,Curva,-23.88209,-50.20521,DEL07-PR,Risco Médio,Alta
quarta-feira,BR-282,542.3,Pleno dia,Decrescente,Chuva,Simples,Reta,-26.99148,-52.70983,DEL07-SC,Risco Baixo,Baixa
segunda-feira,BR-116,75.0,Plena Noite,Decrescente,Nublado,Simples,Curva,-22.36178,-42.94153,DEL04-RJ,Risco Alto,Alta
domingo,BR-101,254.7,Pleno dia,Decrescente,Céu Claro,Simples,Interseção de vias,-20.12274,-40.30524,DEL02-ES,Risco Médio,Alta
sexta-feira,BR-116,544.4,Pleno dia,Crescente,Nublado,Simples,Reta,-31.83086,-52.54951,DEL07-RS,Risco Médio,Alta
segunda-feira,BR-364,486.0,Pleno dia,Decrescente,Céu Claro,Simples,Reta,-10.1169,-62.9099,DEL03-RO,Risco Médio,Alta
sábado,BR-116,674.0,Pleno dia,Decrescente,Céu Claro,Simples,Rotatória,-13.81715,-40.11209,DEL03-BA,Risco Alto,Alta
quinta-feira,BR-304,305.2,Plena Noite,Crescente,Chuva,Dupla,Reta,-5.887693,-35.27219,DEL01-RN,Risco Médio,Baixa
sábado,BR-153,480.0,Pleno dia,Decrescente,Chuva,Simples,Reta,-26.419,-51.2978,DEL07-SC,Risco Médio,Alta
sexta-feira,BR-262,422.8,Plena Noite,Decrescente,Nublado,Dupla,Retorno Regulamentado,-19.8889,-44.79773,DEL08-MG,Risco Baixo,Média
sexta-feira,BR-174,505.0,Pleno dia,Crescente,Céu Claro,Dupla,Retorno Regulamentado,2.805917,-60.69062,DEL01-RR,Risco Médio,Baixa
segunda-feira,BR-153,105.6,Plena Noite,Decrescente,Chuva,Simples,Reta,-6.922337,-48.06244,DEL02-TO,Risco Médio,Alta
quarta-feira,BR-364,193.0,Pleno dia,Crescente,Céu Claro,Dupla,Curva,-17.91782,-51.69627,DEL05-GO,Risco Médio,Alta
quarta-feira,BR-232,195.8,Plena Noite,Crescente,Céu Claro,Simples,Reta,-8.365126,-36.56188,DEL02-PE,Risco Baixo,Baixa
terça-feira,BR-116,366.9,Pleno dia,Crescente,Nublado,Dupla,Reta,-30.673,-51.57052,DEL02-RS,Risco Baixo,Alta
quinta-feira,BR-222,674.4,Pleno dia,Decrescente,Céu Claro,Simples,Não Informado,-4.934126,-47.45359,DEL04-MA,Risco Médio,Baixa
quinta-feira,BR-116,298.6,Plena Noite,Crescente,Nublado,Dupla,Reta,-22.45458,-44.38179,DEL07-RJ,Risco Baixo,Alta
terça-feira,BR-282,1.0,Plena Noite,Crescente,Céu Claro,Dupla,Reta,-27.60362,-48.58348,DEL01-SC,Risco Médio,Baixa
segunda-feira,BR-20,418.8,Pleno dia,Decrescente,Céu Claro,Simples,Reta,-3.842888,-38.5907,DEL01-CE,Risco Médio,Baixa
domingo,BR-153,47.0,Pleno dia,Decrescente,Céu Claro,Simples,Rotatória,-27.6453,-52.24998,DEL08-RS,Risco Médio,Alta
terça-feira,BR-365,429.8,Pleno dia,Decrescente,Céu Claro,Simples,Reta,-18.75713,-46.65767,DEL10-MG,Risco Médio,Média
sábado,BR-101,67.5,Plena Noite,Crescente,Céu Claro,Múltipla,Reta,-8.046473,-34.94498,DEL01-PE,Risco Médio,Alta
domingo,BR-472,572.0,Plena Noite,Crescente,Nublado,Simples,Reta,-29.76678,-57.02449,DEL13-RS,Risco Médio,Baixa
sexta-feira,BR-116,116.0,Pleno dia,Crescente,Céu Claro,Dupla,Reta,-25.55468,-49.27402,DEL01-PR,Risco Médio,Alta
segunda-feira,BR-50,69.0,Anoitecer,Crescente,Nublado,Dupla,Reta,-18.8514,-48.25346,DEL15-MG,Risco Médio,Média
domingo,BR-174,633.8,Plena Noite,Crescente,Céu Claro,Simples,Reta,3.879215,-61.00161,DEL01-RR,Risco Alto,Baixa
quarta-feira,BR-116,33.6,Pleno dia,Decrescente,Nublado,Simples,Retorno Regulamentado,-22.65223,-44.95721,DEL08-SP,Risco Baixo,Alta
quarta-feira,BR-70,281.0,Pleno dia,Crescente,Céu Claro,Simples,Reta,-15.57401,-54.32503,DEL05-MT,Risco Médio,Baixa
quarta-feira,BR-101,483.0,Plena Noite,Crescente,Céu Claro,Simples,Reta,-22.99719,-44.30136,DEL03-RJ,Risco Médio,Alta
domingo,BR-476,160.9,Plena Noite,Decrescente,Nublado,Simples,Curva,-25.62287,-49.44758,DEL01-PR,Risco Médio,Baixa
terça-feira,BR-101,139.0,Plena Noite,Crescente,Nublado,Simples,Reta,-27.0296,-48.6012,DEL04-SC,Risco Médio,Alta
terça-feira,BR-290,723.0,Plena Noite,Decrescente,Nublado,Simples,Curva,-29.74809,-57.07865,DEL13-RS,Risco Médio,Baixa
sábado,BR-40,6.9,Pleno dia,Crescente,Nublado,Dupla,Reta,-16.03797,-47.97963,DEL01-DF,Risco Alto,Alta
terça-feira,BR-40,1.7,Pleno dia,Decrescente,Céu Claro,Dupla,Reta,-16.06713,-47.98423,DEL01-DF,Risco Médio,Alta
segunda-feira,BR-40,11.9,Pleno dia,Decrescente,Céu Claro,Dupla,Reta,-16.13834,-47.95164,DEL01-DF,Risco Médio,Alta
segunda-feira,BR-365,156.8,Amanhecer,Crescente,Céu Claro,Simples,Reta,-17.30918,-44.89511,DEL12-MG,Risco Alto,Média
sexta-feira,BR-272,367.0,Plena Noite,Decrescente,Céu Claro,Dupla,Reta,-24.05064,-52.4017,DEL09-PR,Risco Médio,Baixa
sábado,BR-393,272.0,Pleno dia,Decrescente,Céu Claro,Dupla,Curva,-22.47576,-43.99668,DEL05-RJ,Risco Médio,Média
quinta-feira,BR-101,204.0,Pleno dia,Decrescente,Céu Claro,Dupla,Viaduto,-27.57413,-48.61363,DEL01-SC,Risco Médio,Alta
domingo,BR-60,129.0,Pleno dia,Crescente,Céu Claro,Dupla,Reta,-16.5587,-49.1534,DEL01-GO,Risco Médio,Média
domingo,BR-282,620.0,Pleno dia,Decrescente,Céu Claro,Simples,Não Informado,-26.79935,-53.308,DEL07-SC,Risco Médio,Baixa
segunda-feira,BR-262,404.0,Pleno dia,Crescente,Céu Claro,Dupla,Não Informado,-19.89195,-44.58054,DEL01-MG,Risco Médio,Média
segunda-feira,BR-116,344.9,Pleno dia,Crescente,Céu Claro,Simples,Reta,-6.251142,-38.69247,DEL05-CE,Risco Baixo,Alta
terça-feira,BR-386,35.6,Pleno dia,Decrescente,Sol,Simples,Reta,-27.3739,-53.3977,DEL08-RS,Risco Alto,Média
quinta-feira,BR-324,526.0,Plena Noite,Decrescente,Céu Claro,Dupla,Reta,-12.3064,-38.89052,DEL01-BA,Risco Médio,Baixa
sexta-feira,BR-376,655.0,Plena Noite,Decrescente,Nevoeiro/Neblina,Dupla,Curva,-25.84165,-49.04247,DEL01-PR,Risco Baixo,Baixa
segunda-feira,BR-116,499.6,Pleno dia,Crescente,Sol,Simples,Reta,-31.77242,-52.34297,DEL07-RS,Risco Médio,Alta
quarta-feira,BR-232,177.8,Pleno dia,Crescente,Sol,Simples,Interseção de vias,-8.348381,-36.40119,DEL02-PE,Risco Médio,Baixa
segunda-feira,BR-40,644.4,Pleno dia,Decrescente,Chuva,Simples,Curva,-20.78065,-43.81166,DEL05-MG,Risco Alto,Alta
sexta-feira,BR-153,141.2,Pleno dia,Decrescente,Nublado,Dupla,Reta,-7.175959,-48.21955,DEL02-TO,Risco Médio,Alta
domingo,BR-316,551.9,Plena Noite,Crescente,Céu Claro,Simples,Reta,-4.886672,-43.35639,DEL03-MA,Risco Médio,Baixa
terça-feira,BR-386,55.0,Pleno dia,Crescente,Céu Claro,Simples,Curva,-27.53542,-53.36916,DEL08-RS,Risco Médio,Média
quinta-feira,BR-405,160.0,Plena Noite,Crescente,Céu Claro,Simples,Reta,-6.19,-38.2245,DEL04-RN,Risco Médio,Baixa
terça-feira,BR-376,179.0,Pleno dia,Crescente,Céu Claro,Múltipla,Não Informado,-23.42244,-51.9036,DEL09-PR,Risco Médio,Baixa
terça-feira,BR-116,16.5,Plena Noite,Decrescente,Garoa/Chuvisco,Simples,Não Informado,-14.90234,-40.84397,DEL08-BA,Risco Médio,Alta
terça-feira,BR-101,13.0,Pleno dia,Decrescente,Céu Claro,Dupla,Reta,-26.08987,-48.86345,DEL03-SC,Risco Médio,Alta
terça-feira,BR-153,64.6,Plena Noite,Decrescente,Céu Claro,Dupla,Não Informado,-20.8323,-49.36292,DEL09-SP,Risco Médio,Alta
domingo,BR-101,280.0,Plena Noite,Crescente,Chuva,Dupla,Reta,-20.22387,-40.35999,DEL02-ES,Risco Médio,Alta
sexta-feira,BR-153,515.8,Pleno dia,Crescente,Chuva,Simples,Reta,-26.58265,-51.44984,DEL02-PR,Risco Médio,Alta
quinta-feira,BR-470,142.0,Pleno dia,Crescente,Céu Claro,Simples,Curva,-27.2298,-49.6693,DEL04-SC,Risco Médio,Baixa
domingo,BR-40,276.0,Plena Noite,Crescente,Céu Claro,Simples,Reta,-18.2073,-45.2301,DEL14-MG,Risco Médio,Alta
quarta-feira,BR-470,170.4,Amanhecer,Decrescente,Nublado,Simples,Não Informado,-27.2659,-49.89244,DEL04-SC,Risco Médio,Baixa
sábado,BR-101,88.0,Plena Noite,Crescente,Céu Claro,Dupla,Viaduto,-7.16563,-34.89687,DEL01-PB,Risco Baixo,Alta
segunda-feira,BR-232,8.0,Pleno dia,Decrescente,Sol,Dupla,Reta,-8.081955,-34.99545,DEL01-PE,Risco Médio,Baixa
domingo,BR-470,69.9,Plena Noite,Crescente,Chuva,Simples,Não Informado,-26.88901,-49.25408,DEL04-SC,Risco Alto,Baixa
domingo,BR-364,197.0,Plena Noite,Crescente,Céu Claro,Simples,Reta,-16.511,-54.6154,DEL02-MT,Risco Médio,Alta
sábado,BR-319,96.5,Plena Noite,Crescente,Nublado,Simples,Reta,-3.7069,-60.2762,DEL01-AM,Risco Alto,Baixa
quinta-feira,BR-116,195.0,Pleno dia,Decrescente,Chuva,Dupla,Reta,-22.73574,-43.5475,DEL01-RJ,Risco Baixo,Alta