dia_semana,br,km,fase_dia,sentido_via,condicao_metereologica,tipo_pista,tracado_via,latitude,longitude,delegacia,classificacao_acidente,postos_policiais_PRF
sábado,BR-70,4.5,Amanhecer,Decrescente,Garoa/Chuvisco,Dupla,Rotatória,-15.8797,-52.28344,DEL07-MT,Risco Baixo,Baixa
segunda-feira,BR-364,174.0,Plena Noite,Decrescente,Céu Claro,Simples,Reta,-11.8259,-61.03206,DEL02-RO,Risco Alto,Alta
segunda-feira,BR-101,134.1,Pleno dia,Decrescente,Céu Claro,Simples,Reta,-19.26603,-40.08886,DEL04-ES,Risco Médio,Alta
quarta-feira,BR-50,1.0,Anoitecer,Decrescente,Céu Claro,Simples,Reta,-18.42982,-48.06251,DEL15-MG,Risco Médio,Média
quarta-feira,BR-101,308.0,Pleno dia,Crescente,Nublado,Dupla,Reta,-22.79309,-43.0248,DEL02-RJ,Risco Médio,Alta
sábado,BR-262,636.0,Amanhecer,Crescente,Céu Claro,Simples,Curva,-19.81973,-56.90667,DEL03-MS,Risco Médio,Média
segunda-feira,BR-285,456.6,Pleno dia,Decrescente,Sol,Simples,Interseção de vias,-28.39353,-53.89588,DEL10-RS,Risco Baixo,Baixa
sexta-feira,BR-135,121.5,Pleno dia,Crescente,Céu Claro,Simples,Não Informado,-7.615662,-43.96095,DEL03-PI,Risco Médio,Baixa
domingo,BR-40,562.0,Pleno dia,Decrescente,Sol,Dupla,Reta,-20.14401,-43.9599,DEL01-MG,Risco Médio,Alta
sábado,BR-272,425.5,Plena Noite,Crescente,Céu Claro,Simples,Reta,-24.17354,-52.92303,DEL04-PR,Risco Alto,Baixa
domingo,BR-60,113.0,Pleno dia,Decrescente,Céu Claro,Simples,Curva,-19.32753,-53.3286,DEL06-MS,Risco Médio,Média
sábado,BR-101,325.0,Plena Noite,Decrescente,Chuva,Dupla,Reta,-22.87293,-43.13626,DEL02-RJ,Risco Médio,Alta
segunda-feira,BR-101,330.0,Pleno dia,Crescente,Nublado,Dupla,Reta,-22.86763,-43.19275,DEL02-RJ,Risco Médio,Alta
terça-feira,BR-277,464.9,Plena Noite,Crescente,Céu Claro,Simples,Reta,-25.36359,-52.47317,DEL04-PR,Risco Baixo,Média
terça-feira,BR-153,542.8,Pleno dia,Crescente,Nublado,Dupla,Não Informado,-17.0814,-49.2246,DEL01-GO,Risco Baixo,Alta
domingo,BR-230,24.3,Pleno dia,Crescente,Céu Claro,Simples,Reta,-7.101816,-40.67314,DEL04-PI,Risco Alto,Baixa
quinta-feira,BR-407,205.0,Plena Noite,Crescente,Ignorado,Simples,Reta,-11.14951,-40.0572,DEL04-BA,Risco Médio,Baixa
sexta-feira,BR-343,348.4,Anoitecer,Decrescente,Céu Claro,Simples,Interseção de vias,-5.120064,-42.78934,DEL01-PI,Risco Baixo,Baixa
domingo,BR-232,392.6,Amanhecer,Decrescente,Céu Claro,Simples,Reta,-8.029599,-38.15664,DEL04-PE,Risco Alto,Baixa
quinta-feira,BR-262,37.1,Pleno dia,Crescente,Céu Claro,Simples,Reta,-20.27106,-42.03941,DEL06-MG,Risco Médio,Média
domingo,BR-280,69.0,Plena Noite,Crescente,Garoa/Chuvisco,Simples,Reta,-26.46803,-49.11833,DEL03-SC,Risco Médio,Baixa
quarta-feira,BR-381,478.0,Pleno dia,Decrescente,Céu Claro,Dupla,Reta,-19.9643,-44.044,DEL01-MG,Risco Médio,Alta
quinta-feira,BR-262,182.0,Plena Noite,Decrescente,Céu Claro,Simples,Reta,-20.41124,-53.22614,DEL07-MS,Risco Médio,Média
quinta-feira,BR-60,335.7,Pleno dia,Crescente,Céu Claro,Dupla,Reta,-17.5409,-50.5616,DEL04-GO,Risco Baixo,Média
sábado,BR-40,519.0,Pleno dia,Decrescente,Céu Claro,Dupla,Reta,-19.83958,-44.07684,DEL01-MG,Risco Médio,Alta
segunda-feira,BR-365,689.1,Pleno dia,Decrescente,Céu Claro,Dupla,Não Informado,-18.87586,-48.87603,DEL15-MG,Risco Médio,Média
sábado,BR-101,141.5,Pleno dia,Crescente,Nublado,Dupla,Curva,-27.0562,-48.5985,DEL04-SC,Risco Médio,Alta
quinta-feira,BR-163,634.0,Pleno dia,Decrescente,Céu Claro,Simples,Reta,-13.61127,-56.03257,DEL01-MT,Risco Médio,Alta
quinta-feira,BR-116,0.0,Plena Noite,Crescente,Nublado,Múltipla,Reta,-29.9681,-51.17642,DEL05-RS,Risco Médio,Alta
domingo,BR-277,652.0,Plena Noite,Crescente,Céu Claro,Simples,Reta,-25.20772,-53.95101,DEL05-PR,Risco Baixo,Média
quinta-feira,BR-101,104.2,Plena Noite,Decrescente,Céu Claro,Dupla,Reta,-10.95669,-37.22726,DEL02-SE,Risco Baixo,Alta
sexta-feira,BR-153,505.0,Pleno dia,Decrescente,Céu Claro,Dupla,Curva,-16.7455,-49.2405,DEL01-GO,Risco Médio,Alta
terça-feira,BR-364,198.4,Pleno dia,Crescente,Céu Claro,Simples,Não Informado,-11.67049,-61.19146,DEL02-RO,Risco Médio,Alta
domingo,BR-116,529.0,Plena Noite,Crescente,Céu Claro,Dupla,Reta,-19.8021,-42.13678,DEL06-MG,Risco Médio,Alta
sexta-feira,BR-101,138.6,Pleno dia,Crescente,Céu Claro,Dupla,Não Informado,-27.02397,-48.60762,DEL04-SC,Risco Médio,Alta
sábado,BR-381,5.0,Plena Noite,Crescente,Céu Claro,Dupla,Não Informado,-19.98807,-44.18637,DEL01-MG,Risco Médio,Alta
domingo,BR-282,5.8,Pleno dia,Decrescente,Céu Claro,Dupla,Curva,-27.58843,-48.61292,DEL01-SC,Risco Médio,Baixa
quarta-feira,BR-153,76.9,Pleno dia,Decrescente,Céu Claro,Simples,Ponte,-19.03073,-49.01085,DEL15-MG,Risco Médio,Alta
quinta-feira,BR-367,50.0,Plena Noite,Crescente,Céu Claro,Simples,Curva,-16.37331,-39.29853,DEL09-BA,Risco Médio,Baixa
segunda-feira,BR-376,176.3,Anoitecer,Crescente,Céu Claro,Múltipla,Reta,-23.41128,-51.93619,DEL07-PR,Risco Médio,Baixa
sábado,BR-316,31.0,Pleno dia,Decrescente,Chuva,Dupla,Curva,-1.298408,-48.1895,DEL01-PA,Risco Baixo,Baixa
segunda-feira,BR-316,176.0,Pleno dia,Crescente,Céu Claro,Simples,Reta,-6.2287,-41.9868,DEL04-PI,Risco Baixo,Baixa
segunda-feira,BR-101,203.8,Plena Noite,Decrescente,Nublado,Simples,Reta,-19.7691,-40.37106,DEL02-ES,Risco Médio,Alta
sábado,BR-373,259.0,Pleno dia,Decrescente,Nublado,Simples,Reta,-25.1933,-50.92115,DEL03-PR,Risco Médio,Baixa
sexta-feira,BR-116,175.0,Amanhecer,Decrescente,Nublado,Múltipla,Reta,-22.78924,-43.37275,DEL01-RJ,Risco Médio,Alta
quarta-feira,BR-262,152.0,Plena Noite,Decrescente,Nublado,Simples,Curva,-20.21979,-41.45006,DEL01-ES,Risco Médio,Média
segunda-feira,BR-116,18.0,Pleno dia,Decrescente,Chuva,Dupla,Curva,-25.1054,-48.7159,DEL01-PR,Risco Baixo,Alta
quinta-feira,BR-365,619.0,Pleno dia,Decrescente,Sol,Dupla,Reta,-18.89926,-48.2732,DEL15-MG,Risco Médio,Média
quarta-feira,BR-386,102.5,Amanhecer,Crescente,Céu Claro,Simples,Reta,-27.76987,-53.08892,DEL08-RS,Risco Alto,Média
quarta-feira,BR-116,524.0,Pleno dia,Crescente,Chuva,Dupla,Reta,-24.90788,-48.2476,DEL05-SP,Risco Baixo,Alta
domingo,BR-153,18.4,Plena Noite,Decrescente,Céu Claro,Simples,Interseção de vias,-23.15055,-49.95439,DEL07-PR,Risco Médio,Alta
domingo,BR-101,284.8,Amanhecer,Decrescente,Céu Claro,Dupla,Retorno Regulamentado,-20.26487,-40.38551,DEL01-ES,Risco Médio,Alta
terça-feira,BR-381,486.8,Pleno dia,Decrescente,Céu Claro,Múltipla,Reta,-19.95539,-44.11437,DEL01-MG,Risco Médio,Alta
terça-feira,BR-280,14.2,Pleno dia,Crescente,Nublado,Simples,Reta,-26.33019,-48.65148,DEL03-SC,Risco Médio,Baixa
segunda-feira,BR-476,277.0,Plena Noite,Decrescente,Céu Claro,Simples,Curva,-25.87505,-50.39092,DEL02-PR,Risco Médio,Baixa
sábado,BR-364,188.4,Anoitecer,Crescente,Nublado,Simples,Reta,-16.41664,-54.70665,DEL02-MT,Risco Alto,Alta
quinta-feira,BR-101,215.0,Pleno dia,Decrescente,Nublado,Simples,Reta,-22.504,-42.2716,DEL02-RJ,Risco Baixo,Alta
sexta-feira,BR-116,122.0,Plena Noite,Crescente,Nublado,Múltipla,Reta,-25.56857,-49.31023,DEL01-PR,Risco Médio,Alta
sexta-feira,BR-20,417.0,Pleno dia,Crescente,Céu Claro,Múltipla,Reta,-3.76999,-38.67006,DEL01-CE,Risco Médio,Baixa
sexta-feira,BR-282,544.3,Pleno dia,Decrescente,Sol,Simples,Curva,-26.99939,-52.71783,DEL07-SC,Risco Médio,Baixa
domingo,BR-101,176.0,Plena Noite,Crescente,Chuva,Dupla,Curva,-27.3557,-48.6322,DEL01-SC,Risco Médio,Alta
sábado,BR-369,152.4,Pleno dia,Decrescente,Nublado,Dupla,Interseção de vias,-23.29373,-51.18754,DEL07-PR,Risco Médio,Baixa
domingo,BR-381,769.0,Pleno dia,Crescente,Céu Claro,Dupla,Reta,-21.7583,-45.40749,DEL16-MG,Risco Médio,Alta
quarta-feira,BR-230,149.5,Pleno dia,Decrescente,Céu Claro,Dupla,Reta,-7.243,-35.8709,DEL02-PB,Risco Médio,Baixa
sexta-feira,BR-230,2.0,Pleno dia,Crescente,Céu Claro,Simples,Curva,-6.754515,-43.0254,DEL03-PI,Risco Médio,Baixa
sexta-feira,BR-116,179.6,Plena Noite,Decrescente,Chuva,Simples,Curva,-27.26275,-50.4446,DEL05-SC,Risco Médio,Alta
quarta-feira,BR-280,43.0,Pleno dia,Decrescente,Nublado,Simples,Reta,-26.45119,-48.8779,DEL03-SC,Risco Médio,Baixa
segunda-feira,BR-116,180.3,Plena Noite,Crescente,Céu Claro,Dupla,Reta,-22.7396,-43.4629,DEL01-RJ,Risco Médio,Alta
quinta-feira,BR-277,83.0,Anoitecer,Decrescente,Céu Claro,Dupla,Reta,-25.45229,-49.22682,DEL01-PR,Risco Baixo,Média
sábado,BR-158,310.0,Plena Noite,Decrescente,Céu Claro,Simples,Reta,-29.61237,-53.76663,DEL09-RS,Risco Baixo,Baixa
sexta-feira,BR-324,564.0,Plena Noite,Decrescente,Céu Claro,Dupla,Reta,-12.51387,-38.6248,DEL01-BA,Risco Médio,Baixa
domingo,BR-386,362.0,Pleno dia,Crescente,Céu Claro,Dupla,Não Informado,-29.55746,-51.89154,DEL04-RS,Risco Médio,Média
terça-feira,BR-20,423.3,Pleno dia,Decrescente,Céu Claro,Simples,Reta,-3.87821,-38.626,DEL01-CE,Risco Médio,Baixa
domingo,BR-381,570.0,Pleno dia,Crescente,Chuva,Dupla,Curva,-20.4195,-44.5319,DEL04-MG,Risco Médio,Alta
terça-feira,BR-153,598.3,Pleno dia,Crescente,Chuva,Dupla,Reta,-17.5354,-49.2128,DEL03-GO,Risco Médio,Alta
sábado,BR-70,19.0,Pleno dia,Decrescente,Chuva,Dupla,Reta,-15.78887,-48.22024,DEL01-DF,Risco Médio,Baixa
sexta-feira,BR-369,199.0,Pleno dia,Crescente,Sol,Dupla,Não Informado,-23.52156,-51.43795,DEL07-PR,Risco Médio,Baixa
sexta-feira,BR-277,321.0,Plena Noite,Crescente,Chuva,Simples,Curva,-25.35345,-51.22862,DEL08-PR,Risco Médio,Média
quinta-feira,BR-222,192.0,Pleno dia,Crescente,Sol,Simples,Reta,-5.107154,-48.76252,DEL03-PA,Risco Médio,Baixa
domingo,BR-262,825.0,Plena Noite,Decrescente,Nublado,Dupla,Reta,-19.75378,-48.16593,DEL13-MG,Risco Baixo,Média
sábado,BR-116,216.5,Pleno dia,Decrescente,Céu Claro,Múltipla,Reta,-23.45057,-46.46258,DEL01-SP,Risco Médio,Alta
segunda-feira,BR-101,118.6,Pleno dia,Decrescente,Nublado,Múltipla,Interseção de vias,-26.89586,-48.71903,DEL04-SC,Risco Médio,Alta
quarta-feira,BR-40,602.2,Pleno dia,Decrescente,Chuva,Simples,Curva,-20.44806,-43.83967,DEL05-MG,Risco Baixo,Alta
sexta-feira,BR-470,53.8,Pleno dia,Decrescente,Céu Claro,Simples,Reta,-26.87104,-49.10735,DEL04-SC,Risco Médio,Baixa
terça-feira,BR-116,279.0,Plena Noite,Decrescente,Ignorado,Dupla,Reta,-23.66234,-46.85293,DEL04-SP,Risco Médio,Alta
sábado,BR-267,478.0,Plena Noite,Crescente,Céu Claro,Simples,Reta,-21.45928,-56.1219,DEL05-MS,Risco Médio,Baixa
segunda-feira,BR-153,335.0,Pleno dia,Decrescente,Céu Claro,Simples,Interseção de vias,-25.48894,-50.64509,DEL08-PR,Risco Médio,Alta
segunda-feira,BR-101,88.0,Pleno dia,Decrescente,Céu Claro,Dupla,Reta,-7.1647,-34.89994,DEL01-PB,Risco Médio,Alta
sábado,BR-163,874.0,Pleno dia,Crescente,Céu Claro,Simples,Reta,-11.5344,-55.3899,DEL06-MT,Risco Médio,Alta
domingo,BR-116,218.5,Plena Noite,Decrescente,Céu Claro,Dupla,Reta,-23.46064,-46.48705,DEL01-SP,Risco Médio,Alta
quarta-feira,BR-163,225.0,Plena Noite,Crescente,Céu Claro,Dupla,Reta,-22.49563,-54.865,DEL04-MS,Risco Baixo,Alta
quarta-feira,BR-174,574.0,Pleno dia,Decrescente,Céu Claro,Simples,Reta,-12.99802,-59.98514,DEL04-RO,Risco Médio,Baixa
domingo,BR-163,67.0,Plena Noite,Crescente,Céu Claro,Dupla,Reta,-26.75944,-53.50055,DEL07-SC,Risco Baixo,Alta
sexta-feira,BR-392,353.0,Pleno dia,Decrescente,Garoa/Chuvisco,Simples,Reta,-29.71389,-53.80823,DEL09-RS,Risco Médio,Média
terça-feira,BR-285,677.3,Pleno dia,Crescente,Céu Claro,Simples,Reta,-28.63175,-55.99843,DEL12-RS,Risco Médio,Baixa
segunda-feira,BR-116,243.0,Plena Noite,Crescente,Chuva,Dupla,Reta,-29.7264,-51.14909,DEL01-RS,Risco Médio,Alta
segunda-feira,BR-116,124.2,Pleno dia,Crescente,Sol,Dupla,Reta,-25.62151,-49.31622,DEL01-PR,Risco Médio,Alta
segunda-feira,BR-498,3.0,Pleno dia,Crescente,Céu Claro,Simples,Não Informado,-16.88806,-39.4395,DEL09-BA,Risco Médio,Baixa
sábado,BR-10,167.0,Plena Noite,Decrescente,Céu Claro,Simples,Reta,-3.042812,-47.46849,DEL02-PA,Risco Alto,Baixa
quarta-feira,BR-163,419.1,Pleno dia,Decrescente,Céu Claro,Simples,Reta,-20.99999,-54.50767,DEL02-MS,Risco Médio,Alta
segunda-feira,BR-101,265.0,Pleno dia,Decrescente,Nublado,Dupla,Curva,-22.7136,-42.64391,DEL02-RJ,Risco Médio,Alta
segunda-feira,BR-459,103.5,Pleno dia,Crescente,Céu Claro,Dupla,Reta,-22.21781,-45.91755,DEL16-MG,Risco Médio,Baixa
quarta-feira,BR-163,481.2,Pleno dia,Decrescente,Nublado,Simples,Curva,-20.46758,-54.5593,DEL01-MS,Risco Médio,Alta
quinta-feira,BR-158,551.8,Plena Noite,Crescente,Céu Claro,Simples,Não Informado,-13.91987,-52.09374,DEL07-MT,Risco Médio,Baixa
domingo,BR-116,209.0,Plena Noite,Decrescente,Céu Claro,Dupla,Reta,-23.4254,-46.403,DEL01-SP,Risco Médio,Alta
segunda-feira,BR-153,331.2,Plena Noite,Crescente,Céu Claro,Simples,Reta,-22.86271,-49.88959,DEL07-SP,Risco Médio,Alta
quarta-feira,BR-101,946.0,Pleno dia,Decrescente,Céu Claro,Simples,Não Informado,-18.09924,-39.89325,DEL09-BA,Risco Médio,Alta
quinta-feira,BR-60,99.2,Pleno dia,Crescente,Céu Claro,Dupla,Viaduto,-16.3953,-48.96248,DEL02-GO,Risco Médio,Média
segunda-feira,BR-319,62.8,Pleno dia,Crescente,Céu Claro,Múltipla,Interseção de vias,-8.755705,-63.88682,DEL01-RO,Risco Médio,Baixa
sexta-feira,BR-110,286.0,Pleno dia,Decrescente,Céu Claro,Simples,Reta,-11.78646,-38.34828,DEL01-BA,Risco Médio,Baixa
segunda-feira,BR-116,127.0,Pleno dia,Crescente,Céu Claro,Dupla,Reta,-25.6669,-49.31419,DEL01-PR,Risco Baixo,Alta
terça-feira,BR-262,161.0,Pleno dia,Crescente,Nublado,Simples,Reta,-20.45117,-53.03765,DEL07-MS,Risco Médio,Média
sábado,BR-412,19.9,Plena Noite,Crescente,Nublado,Simples,Reta,-7.265416,-36.23909,DEL02-PB,Risco Médio,Baixa
quarta-feira,BR-280,81.9,Pleno dia,Decrescente,Céu Claro,Simples,Não Informado,-26.44057,-49.21706,DEL06-SC,Risco Baixo,Baixa
sábado,BR-101,202.1,Pleno dia,Decrescente,Céu Claro,Múltipla,Reta,-27.5651,-48.6144,DEL01-SC,Risco Médio,Alta
quinta-feira,BR-116,174.1,Plena Noite,Crescente,Céu Claro,Múltipla,Reta,-22.768,-43.41057,DEL01-RJ,Risco Médio,Alta
sexta-feira,BR-222,24.1,Plena Noite,Crescente,Nevoeiro/Neblina,Simples,Reta,-3.995785,-41.4236,DEL02-PI,Risco Médio,Baixa
segunda-feira,BR-153,419.5,Plena Noite,Crescente,Nublado,Simples,Curva,-9.571461,-48.6145,DEL01-TO,Risco Baixo,Alta
segunda-feira,BR-364,349.0,Plena Noite,Decrescente,Céu Claro,Dupla,Reta,-15.80503,-55.55464,DEL05-MT,Risco Médio,Alta
sexta-feira,BR-381,732.7,Pleno dia,Decrescente,Chuva,Dupla,Curva,-21.52229,-45.22363,DEL16-MG,Risco Médio,Alta
sábado,BR-116,823.7,Pleno dia,Decrescente,Céu Claro,Múltipla,Reta,-14.85938,-40.84952,DEL08-BA,Risco Baixo,Alta
quarta-feira,BR-280,21.0,Pleno dia,Decrescente,Chuva,Simples,Reta,-26.37043,-48.6922,DEL03-SC,Risco Médio,Baixa
segunda-feira,BR-282,305.0,Amanhecer,Crescente,Chuva,Simples,Curva,-27.50068,-50.94905,DEL07-SC,Risco Médio,Baixa
quarta-feira,BR-364,269.0,Pleno dia,Crescente,Céu Claro,Simples,Reta,-15.9738,-54.9383,DEL02-MT,Risco Médio,Alta
domingo,BR-230,630.0,Pleno dia,Crescente,Nublado,Simples,Reta,-3.173212,-52.16298,DEL04-PA,Risco Médio,Baixa
segunda-feira,BR-262,895.5,Pleno dia,Decrescente,Nublado,Simples,Não Informado,-19.71514,-48.72884,DEL13-MG,Risco Alto,Média
segunda-feira,BR-116,305.3,Pleno dia,Crescente,Sol,Dupla,Reta,-22.45574,-44.39455,DEL07-RJ,Risco Médio,Alta
quinta-feira,BR-262,19.0,Pleno dia,Crescente,Céu Claro,Simples,Reta,-20.3932,-40.4863,DEL01-ES,Risco Médio,Média
terça-feira,BR-470,57.5,Pleno dia,Crescente,Céu Claro,Simples,Interseção de vias,-26.88414,-49.14708,DEL04-SC,Risco Médio,Baixa
terça-feira,BR-101,411.1,Pleno dia,Crescente,Nublado,Simples,Reta,-28.94826,-49.50612,DEL02-SC,Risco Médio,Alta
quinta-feira,BR-262,2.1,Anoitecer,Decrescente,Céu Claro,Dupla,Reta,-20.33266,-40.36157,DEL01-ES,Risco Baixo,Média
quarta-feira,BR-343,8.0,Pleno dia,Decrescente,Céu Claro,Simples,Reta,-2.899382,-41.72372,DEL05-PI,Risco Médio,Baixa
quarta-feira,BR-101,272.0,Pleno dia,Decrescente,Chuva,Dupla,Reta,-22.72936,-42.70113,DEL02-RJ,Risco Médio,Alta
quarta-feira,BR-10,257.0,Pleno dia,Decrescente,Céu Claro,Simples,Reta,-5.490634,-47.47197,DEL04-MA,Risco Médio,Baixa
quinta-feira,BR-230,19.0,Pleno dia,Decrescente,Céu Claro,Dupla,Curva,-7.1281,-34.8466,DEL01-PB,Risco Médio,Baixa
sexta-feira,BR-381,405.0,Amanhecer,Decrescente,Ignorado,Simples,Reta,-19.73739,-43.51127,DEL01-MG,Risco Médio,Alta
segunda-feira,BR-317,290.3,Plena Noite,Crescente,Nevoeiro/Neblina,Simples,Reta,-11.03406,-68.70909,DEL01-AC,Risco Médio,Baixa
quarta-feira,BR-472,185.9,Pleno dia,Crescente,Sol,Simples,Reta,-27.83767,-54.60248,DEL10-RS,Risco Médio,Baixa
quinta-feira,BR-364,623.0,Pleno dia,Crescente,Céu Claro,Simples,Reta,-9.075161,-63.31335,DEL03-RO,Risco Médio,Alta
sexta-feira,BR-277,82.0,Anoitecer,Decrescente,Céu Claro,Dupla,Reta,-25.56894,-49.18198,DEL01-PR,Risco Baixo,Média
sábado,BR-101,263.0,Pleno dia,Decrescente,Céu Claro,Simples,Não Informado,-12.97854,-39.28417,DEL01-BA,Risco Médio,Alta
sexta-feira,BR-476,9.0,Plena Noite,Decrescente,Céu Claro,Dupla,Reta,-25.3712,-49.12729,DEL01-PR,Risco Médio,Baixa
terça-feira,BR-470,154.9,Pleno dia,Decrescente,Garoa/Chuvisco,Simples,Reta,-28.77221,-51.61657,DEL06-RS,Risco Médio,Baixa
sábado,BR-101,125.0,Pleno dia,Crescente,Céu Claro,Simples,Reta,-19.18496,-40.0943,DEL04-ES,Risco Médio,Alta
quinta-feira,BR-316,266.4,Pleno dia,Crescente,Céu Claro,Simples,Reta,-8.716285,-38.89419,DEL05-PE,Risco Médio,Baixa
segunda-feira,BR-381,501.2,Plena Noite,Decrescente,Nublado,Dupla,Reta,-20.01239,-44.22018,DEL01-MG,Risco Médio,Alta
segunda-feira,BR-60,452.0,Pleno dia,Crescente,Vento,Simples,Reta,-21.00468,-55.15644,DEL01-MS,Risco Médio,Média
segunda-feira,BR-101,415.0,Pleno dia,Crescente,Céu Claro,Dupla,Retorno Regulamentado,-22.91079,-43.89347,DEL03-RJ,Risco Médio,Alta
sexta-feira,BR-101,310.0,Pleno dia,Decrescente,Sol,Dupla,Reta,-22.7967,-43.0431,DEL02-RJ,Risco Médio,Alta
quarta-feira,BR-40,650.9,Pleno dia,Crescente,Céu Claro,Simples,Curva,-20.84818,-43.79856,DEL05-MG,Risco Médio,Alta
quarta-feira,BR-163,475.0,Pleno dia,Decrescente,Céu Claro,Simples,Interseção de vias,-20.51392,-54.56292,DEL01-MS,Risco Médio,Alta
sexta-feira,BR-376,181.7,Pleno dia,Decrescente,Sol,Dupla,Reta,-23.43033,-51.89003,DEL07-PR,Risco Médio,Baixa
sábado,BR-316,6.9,Pleno dia,Decrescente,Céu Claro,Dupla,Rotatória,-5.147021,-42.77439,DEL01-PI,Risco Médio,Baixa
domingo,BR-435,88.0,Pleno dia,Crescente,Céu Claro,Simples,Reta,-13.1382,-60.54505,DEL04-RO,Risco Médio,Baixa
terça-feira,BR-251,427.8,Amanhecer,Decrescente,Céu Claro,Simples,Curva,-16.32274,-43.11802,DEL12-MG,Risco Alto,Baixa
quarta-feira,BR-282,535.0,Pleno dia,Decrescente,Nublado,Dupla,Não Informado,-26.99926,-52.64588,DEL07-SC,Risco Baixo,Baixa
segunda-feira,BR-116,270.0,Amanhecer,Decrescente,Céu Claro,Dupla,Reta,-23.60799,-46.76093,DEL04-SP,Risco Médio,Alta
sábado,BR-465,15.0,Plena Noite,Crescente,Céu Claro,Simples,Reta,-22.81093,-43.6315,DEL01-RJ,Risco Médio,Baixa
domingo,BR-101,3.3,Pleno dia,Decrescente,Chuva,Dupla,Curva,-26.0093,-48.8642,DEL03-SC,Risco Médio,Alta
domingo,BR-101,312.7,Pleno dia,Decrescente,Sol,Dupla,Reta,-22.80547,-43.06157,DEL02-RJ,Risco Médio,Alta
quarta-feira,BR-364,204.1,Pleno dia,Crescente,Chuva,Simples,Reta,-11.62106,-61.21196,DEL02-RO,Risco Baixo,Alta
terça-feira,BR-324,626.0,Pleno dia,Crescente,Céu Claro,Múltipla,Reta,-12.95021,-38.47073,DEL01-BA,Risco Médio,Baixa
quinta-feira,BR-364,303.0,Plena Noite,Decrescente,Céu Claro,Simples,Reta,-11.21759,-61.90172,DEL02-RO,Risco Médio,Alta
sexta-feira,BR-364,615.0,Plena Noite,Crescente,Céu Claro,Simples,Reta,-9.121691,-63.25877,DEL03-RO,Risco Médio,Alta
segunda-feira,BR-101,143.0,Amanhecer,Crescente,Nublado,Simples,Retorno Regulamentado,-19.34287,-40.06386,DEL04-ES,Risco Médio,Alta
domingo,BR-116,244.0,Plena Noite,Crescente,Céu Claro,Múltipla,Reta,-29.74088,-51.1504,DEL01-RS,Risco Médio,Alta
segunda-feira,BR-163,771.0,Pleno dia,Crescente,Céu Claro,Simples,Reta,-12.4146,-55.6334,DEL06-MT,Risco Baixo,Alta
sexta-feira,BR-381,85.0,Plena Noite,Decrescente,Céu Claro,Múltipla,Reta,-23.44934,-46.56984,DEL03-SP,Risco Médio,Alta
sábado,BR-101,12.0,Amanhecer,Decrescente,Nublado,Dupla,Reta,-11.64028,-37.89002,DEL02-SE,Risco Baixo,Alta
sexta-feira,BR-376,283.4,Pleno dia,Crescente,Céu Claro,Simples,Curva,-23.845,-51.25666,DEL07-PR,Risco Baixo,Baixa
domingo,BR-116,529.0,Plena Noite,Decrescente,Céu Claro,Dupla,Retorno Regulamentado,-19.79235,-42.13738,DEL06-MG,Risco Médio,Alta
sábado,BR-364,199.9,Pleno dia,Crescente,Nublado,Simples,Reta,-11.65476,-61.19231,DEL02-RO,Risco Médio,Alta
quinta-feira,BR-381,584.3,Amanhecer,Crescente,Nublado,Dupla,Curva,-20.52516,-44.63089,DEL04-MG,Risco Médio,Alta
terça-feira,BR-277,722.5,Pleno dia,Crescente,Nublado,Dupla,Reta,-25.49495,-54.52095,DEL05-PR,Risco Médio,Média
domingo,BR-158,327.0,Pleno dia,Decrescente,Sol,Simples,Não Informado,-29.71495,-53.81083,DEL09-RS,Risco Baixo,Baixa
domingo,BR-381,352.0,Plena Noite,Crescente,Chuva,Simples,Reta,-19.85392,-43.13417,DEL03-MG,Risco Médio,Alta
sexta-feira,BR-369,186.7,Anoitecer,Crescente,Chuva,Simples,Interseção de vias,-23.42148,-51.42462,DEL07-PR,Risco Médio,Baixa
quinta-feira,BR-424,87.1,Anoitecer,Decrescente,Nublado,Simples,Desvio Temporário,-8.879749,-36.50697,DEL03-PE,Risco Médio,Baixa
sexta-feira,BR-476,268.0,Plena Noite,Decrescente,Céu Claro,Simples,Reta,-25.8955,-50.31822,DEL02-PR,Risco Médio,Baixa
domingo,BR-277,23.9,Pleno dia,Crescente,Chuva,Dupla,Reta,-25.54134,-48.68822,DEL01-PR,Risco Médio,Média
sábado,BR-262,594.0,Pleno dia,Decrescente,Chuva,Simples,Reta,-19.69658,-46.17178,DEL08-MG,Risco Médio,Média
sábado,BR-493,16.8,Pleno dia,Decrescente,Céu Claro,Simples,Reta,-22.66709,-43.00607,DEL04-RJ,Risco Alto,Baixa
quinta-feira,BR-376,465.8,Pleno dia,Crescente,Sol,Dupla,Reta,-24.9973,-50.3615,DEL03-PR,Risco Médio,Baixa
sexta-feira,BR-101,399.8,Plena Noite,Decrescente,Chuva,Dupla,Reta,-28.84858,-49.4347,DEL02-SC,Risco Médio,Alta
sexta-feira,BR-101,370.8,Amanhecer,Decrescente,Céu Claro,Dupla,Reta,-28.71122,-49.21358,DEL02-SC,Risco Alto,Alta
domingo,BR-364,192.0,Pleno dia,Decrescente,Céu Claro,Simples,Interseção de vias,-17.92209,-51.69062,DEL05-GO,Risco Médio,Alta
segunda-feira,BR-364,198.6,Plena Noite,Crescente,Céu Claro,Simples,Reta,-11.66472,-61.19137,DEL02-RO,Risco Alto,Alta