dia_semana,br,km,fase_dia,sentido_via,condicao_metereologica,tipo_pista,tracado_via,latitude,longitude,delegacia,classificacao_acidente,postos_policiais_PRF
terça-feira,BR-101,33.3,Amanhecer,Decrescente,Nublado,Dupla,Reta,-6.776278,-35.1335,DEL01-PB,Risco Baixo,Alta
domingo,BR-104,91.0,Pleno dia,Decrescente,Chuva,Dupla,Reta,-9.508989,-35.80777,DEL01-AL,Risco Alto,Baixa
terça-feira,BR-324,540.0,Plena Noite,Crescente,Céu Claro,Dupla,Reta,-12.39337,-38.77743,DEL01-BA,Risco Médio,Baixa
sexta-feira,BR-101,64.0,Plena Noite,Crescente,Nublado,Dupla,Reta,-8.030292,-34.94289,DEL01-PE,Risco Médio,Alta
terça-feira,BR-116,398.0,Pleno dia,Decrescente,Chuva,Dupla,Curva,-24.301,-47.48478,DEL04-SP,Risco Baixo,Alta
quinta-feira,BR-163,570.0,Pleno dia,Crescente,Céu Claro,Simples,Reta,-14.1623,-56.09222,DEL01-MT,Risco Médio,Alta
segunda-feira,BR-101,66.0,Plena Noite,Crescente,Céu Claro,Simples,Interseção de vias,-5.651737,-35.24983,DEL02-RN,Risco Médio,Alta
quarta-feira,BR-116,143.0,Plena Noite,Decrescente,Nublado,Dupla,Reta,-22.65237,-43.23918,DEL01-RJ,Risco Baixo,Alta
sábado,BR-101,85.0,Pleno dia,Crescente,Céu Claro,Dupla,Reta,-5.777664,-35.24937,DEL02-RN,Risco Médio,Alta
domingo,BR-163,173.6,Pleno dia,Crescente,Sol,Simples,Não Informado,-25.23379,-53.58963,DEL04-PR,Risco Médio,Alta
terça-feira,BR-101,424.1,Plena Noite,Decrescente,Chuva,Múltipla,Não Informado,-29.02035,-49.59002,DEL02-SC,Risco Alto,Alta
terça-feira,BR-381,482.9,Pleno dia,Decrescente,Céu Claro,Múltipla,Curva,-19.95553,-44.09721,DEL01-MG,Risco Médio,Alta
terça-feira,BR-101,211.4,Pleno dia,Decrescente,Sol,Múltipla,Reta,-27.62329,-48.65246,DEL01-SC,Risco Médio,Alta
quinta-feira,BR-280,146.8,Plena Noite,Crescente,Nublado,Simples,Reta,-26.25522,-49.66259,DEL06-SC,Risco Médio,Baixa
sábado,BR-101,366.0,Pleno dia,Decrescente,Céu Claro,Dupla,Reta,-28.6847,-49.1517,DEL02-SC,Risco Médio,Alta
sexta-feira,BR-282,516.8,Plena Noite,Decrescente,Céu Claro,Simples,Curva,-26.93086,-52.49916,DEL07-SC,Risco Baixo,Baixa
quarta-feira,BR-60,25.0,Plena Noite,Crescente,Céu Claro,Simples,Reta,-16.0963,-48.5202,DEL01-DF,Risco Baixo,Média
domingo,BR-365,31.9,Pleno dia,Crescente,Céu Claro,Simples,Reta,-16.84401,-44.10138,DEL12-MG,Risco Médio,Média
sexta-feira,BR-101,85.4,Pleno dia,Crescente,Céu Claro,Simples,Reta,-26.62841,-48.70814,DEL03-SC,Risco Médio,Alta
quinta-feira,BR-101,216.4,Plena Noite,Crescente,Céu Claro,Dupla,Não Informado,-27.66301,-48.67605,DEL01-SC,Risco Baixo,Alta
sábado,BR-376,599.0,Pleno dia,Decrescente,Ignorado,Dupla,Reta,-25.52694,-49.32907,DEL01-PR,Risco Médio,Baixa
sábado,BR-285,311.2,Amanhecer,Crescente,Céu Claro,Simples,Reta,-28.24065,-52.54298,DEL08-RS,Risco Alto,Baixa
segunda-feira,BR-381,753.4,Pleno dia,Crescente,Sol,Dupla,Não Informado,-21.66524,-45.31202,DEL16-MG,Risco Médio,Alta
segunda-feira,BR-369,168.0,Plena Noite,Crescente,Céu Claro,Dupla,Reta,-23.302,-51.33248,DEL07-PR,Risco Médio,Baixa
quarta-feira,BR-381,632.5,Plena Noite,Crescente,Nublado,Dupla,Desvio Temporário,-20.86148,-44.84048,DEL04-MG,Risco Médio,Alta
quinta-feira,BR-277,3.7,Pleno dia,Decrescente,Céu Claro,Dupla,Reta,-25.46832,-54.58471,DEL05-PR,Risco Médio,Média
terça-feira,BR-135,600.0,Plena Noite,Decrescente,Céu Claro,Simples,Reta,-10.51777,-45.187,DEL03-PI,Risco Alto,Baixa
domingo,BR-376,402.0,Pleno dia,Decrescente,Céu Claro,Simples,Curva,-24.56062,-50.6842,DEL03-PR,Risco Médio,Baixa
domingo,BR-277,574.0,Pleno dia,Crescente,Céu Claro,Simples,Reta,-24.99049,-53.31875,DEL04-PR,Risco Baixo,Média
quinta-feira,BR-262,38.0,Plena Noite,Crescente,Nublado,Simples,Não Informado,-20.38085,-40.62069,DEL01-ES,Risco Médio,Média
quinta-feira,BR-101,475.0,Plena Noite,Crescente,Chuva,Dupla,Não Informado,-23.00465,-44.25942,DEL03-RJ,Risco Médio,Alta
domingo,BR-116,228.8,Amanhecer,Decrescente,Céu Claro,Simples,Reta,-29.61207,-51.12374,DEL05-RS,Risco Médio,Alta
terça-feira,BR-101,146.0,Plena Noite,Crescente,Céu Claro,Simples,Interseção de vias,-27.08667,-48.60956,DEL04-SC,Risco Médio,Alta
quinta-feira,BR-381,404.0,Plena Noite,Decrescente,Céu Claro,Simples,Reta,-19.74219,-43.50487,DEL01-MG,Risco Médio,Alta
quinta-feira,BR-101,201.0,Pleno dia,Crescente,Sol,Simples,Reta,-19.73362,-40.3612,DEL04-ES,Risco Médio,Alta
sábado,BR-476,176.0,Amanhecer,Crescente,Céu Claro,Dupla,Reta,-25.69441,-49.55316,DEL01-PR,Risco Médio,Baixa
domingo,BR-174,122.9,Pleno dia,Crescente,Céu Claro,Simples,Reta,-15.82727,-58.07279,DEL03-MT,Risco Médio,Baixa
domingo,BR-153,150.7,Plena Noite,Decrescente,Nublado,Simples,Reta,-14.09752,-49.10148,DEL07-GO,Risco Médio,Alta
segunda-feira,BR-376,666.0,Pleno dia,Decrescente,Chuva,Simples,Curva,-25.8644,-48.9499,DEL01-PR,Risco Baixo,Baixa
sexta-feira,BR-428,189.0,Pleno dia,Decrescente,Sol,Simples,Reta,-9.377512,-40.50067,DEL06-PE,Risco Médio,Baixa
segunda-feira,BR-116,101.5,Pleno dia,Crescente,Céu Claro,Simples,Interseção de vias,-25.54168,-49.15094,DEL01-PR,Risco Baixo,Alta
terça-feira,BR-343,42.0,Plena Noite,Crescente,Céu Claro,Simples,Curva,-3.163141,-41.82289,DEL05-PI,Risco Baixo,Baixa
domingo,BR-226,101.8,Pleno dia,Decrescente,Chuva,Simples,Reta,-6.244968,-35.98651,DEL03-RN,Risco Alto,Baixa
domingo,BR-316,93.2,Pleno dia,Crescente,Garoa/Chuvisco,Simples,Não Informado,-1.32413,-47.66551,DEL01-PA,Risco Alto,Baixa
segunda-feira,BR-101,112.4,Plena Noite,Crescente,Céu Claro,Múltipla,Reta,-26.84872,-48.72342,DEL04-SC,Risco Baixo,Alta
sábado,BR-277,474.8,Pleno dia,Crescente,Céu Claro,Simples,Reta,-25.30768,-52.53721,DEL04-PR,Risco Médio,Média
segunda-feira,BR-116,205.0,Pleno dia,Decrescente,Nublado,Dupla,Não Informado,-22.72747,-43.64168,DEL01-RJ,Risco Médio,Alta
segunda-feira,BR-50,54.0,Plena Noite,Crescente,Nublado,Dupla,Curva,-18.76664,-48.24409,DEL15-MG,Risco Médio,Média
sexta-feira,BR-40,510.0,Plena Noite,Decrescente,Céu Claro,Dupla,Reta,-19.77464,-44.12322,DEL01-MG,Risco Alto,Alta
domingo,BR-20,71.0,Plena Noite,Decrescente,Nublado,Simples,Reta,-13.3319,-46.0639,DEL10-BA,Risco Médio,Baixa
quarta-feira,BR-101,322.0,Pleno dia,Crescente,Céu Claro,Múltipla,Reta,-22.87892,-43.11068,DEL02-RJ,Risco Médio,Alta
quarta-feira,BR-381,36.7,Pleno dia,Decrescente,Céu Claro,Dupla,Curva,-23.10131,-46.56876,DEL03-SP,Risco Médio,Alta
quinta-feira,BR-376,489.0,Plena Noite,Crescente,Céu Claro,Dupla,Reta,-25.08353,-50.19066,DEL03-PR,Risco Baixo,Baixa
domingo,BR-412,144.9,Plena Noite,Crescente,Céu Claro,Simples,Reta,-7.891878,-37.11134,DEL02-PB,Risco Médio,Baixa
terça-feira,BR-381,24.0,Plena Noite,Crescente,Céu Claro,Dupla,Reta,-23.01316,-46.52386,DEL03-SP,Risco Médio,Alta
quinta-feira,BR-392,85.2,Plena Noite,Crescente,Céu Claro,Simples,Não Informado,-31.64218,-52.48744,DEL07-RS,Risco Baixo,Média
quinta-feira,BR-365,552.0,Plena Noite,Decrescente,Céu Claro,Dupla,Desvio Temporário,-18.93,-47.6598,DEL10-MG,Risco Médio,Média
sábado,BR-116,140.0,Plena Noite,Crescente,Céu Claro,Dupla,Reta,-23.1658,-45.81251,DEL06-SP,Risco Médio,Alta
quinta-feira,BR-116,317.3,Plena Noite,Decrescente,Céu Claro,Múltipla,Reta,-22.48973,-44.55591,DEL07-RJ,Risco Baixo,Alta
domingo,BR-116,297.8,Pleno dia,Crescente,Céu Claro,Múltipla,Reta,-18.02183,-41.63269,DEL11-MG,Risco Médio,Alta
domingo,BR-381,484.0,Plena Noite,Crescente,Nublado,Dupla,Não Informado,-19.95532,-44.11722,DEL01-MG,Risco Médio,Alta
terça-feira,BR-40,105.0,Pleno dia,Decrescente,Céu Claro,Simples,Interseção de vias,-22.6476,-43.2836,DEL01-RJ,Risco Médio,Alta
terça-feira,BR-364,342.8,Pleno dia,Decrescente,Céu Claro,Dupla,Reta,-10.88381,-61.93741,DEL02-RO,Risco Médio,Alta
sábado,BR-158,529.0,Plena Noite,Decrescente,Nublado,Simples,Curva,-26.18599,-52.66856,DEL02-PR,Risco Baixo,Baixa
sábado,BR-316,256.0,Pleno dia,Decrescente,Nublado,Dupla,Reta,-3.6545,-45.4205,DEL02-MA,Risco Baixo,Baixa
terça-feira,BR-277,729.0,Pleno dia,Crescente,Céu Claro,Dupla,Retorno Regulamentado,-25.5075,-54.5838,DEL05-PR,Risco Médio,Média
sexta-feira,BR-101,1.6,Anoitecer,Decrescente,Nublado,Dupla,Reta,-20.25185,-40.28717,DEL02-ES,Risco Médio,Alta
sexta-feira,BR-277,96.0,Anoitecer,Decrescente,Céu Claro,Dupla,Reta,-25.43078,-49.32961,DEL01-PR,Risco Médio,Média
sábado,BR-376,184.5,Plena Noite,Crescente,Nublado,Dupla,Não Informado,-23.44656,-51.86217,DEL09-PR,Risco Médio,Baixa
domingo,BR-222,128.1,Pleno dia,Decrescente,Garoa/Chuvisco,Simples,Curva,-3.709412,-39.62563,DEL04-CE,Risco Médio,Baixa
quarta-feira,BR-280,1.0,Anoitecer,Crescente,Céu Claro,Simples,Curva,-26.0,-48.0,DEL03-SC,Risco Baixo,Baixa
terça-feira,BR-116,14.0,Pleno dia,Decrescente,Garoa/Chuvisco,Dupla,Curva,-25.09836,-48.67392,DEL01-PR,Risco Médio,Alta
domingo,BR-230,404.4,Pleno dia,Decrescente,Nublado,Simples,Reta,-7.524017,-46.04479,DEL05-MA,Risco Médio,Baixa
sábado,BR-280,30.0,Pleno dia,Crescente,Céu Claro,Simples,Reta,-26.41415,-48.76209,DEL03-SC,Risco Baixo,Baixa
domingo,BR-116,50.6,Plena Noite,Decrescente,Céu Claro,Dupla,Curva,-4.18342,-38.48834,DEL03-CE,Risco Baixo,Alta
sábado,BR-116,142.6,Plena Noite,Decrescente,Céu Claro,Dupla,Reta,-23.17426,-45.8294,DEL02-SP,Risco Médio,Alta
quinta-feira,BR-116,139.7,Plena Noite,Crescente,Nublado,Dupla,Reta,-23.16302,-45.80719,DEL06-SP,Risco Baixo,Alta
domingo,BR-60,380.0,Plena Noite,Crescente,Nublado,Dupla,Reta,-17.7646,-50.8822,DEL04-GO,Risco Médio,Média
terça-feira,BR-406,162.0,Anoitecer,Crescente,Céu Claro,Simples,Reta,-5.721592,-35.36613,DEL02-RN,Risco Baixo,Baixa
quinta-feira,BR-116,189.0,Pleno dia,Crescente,Céu Claro,Simples,Não Informado,-5.111405,-38.13712,DEL03-CE,Risco Médio,Alta
quarta-feira,BR-364,717.0,Plena Noite,Decrescente,Céu Claro,Dupla,Curva,-8.799376,-63.91226,DEL01-RO,Risco Médio,Alta
sábado,BR-403,25.3,Plena Noite,Crescente,Céu Claro,Simples,Reta,-3.122145,-40.08411,DEL01-CE,Risco Baixo,Baixa
terça-feira,BR-158,642.0,Pleno dia,Crescente,Céu Claro,Simples,Reta,-14.57856,-52.36195,DEL07-MT,Risco Médio,Baixa
domingo,BR-405,22.9,Pleno dia,Crescente,Céu Claro,Simples,Reta,-6.63435,-38.42445,DEL03-PB,Risco Baixo,Baixa
quarta-feira,BR-277,465.0,Pleno dia,Decrescente,Céu Claro,Simples,Curva,-25.34302,-52.49521,DEL04-PR,Risco Médio,Média
sexta-feira,BR-40,653.2,Anoitecer,Decrescente,Garoa/Chuvisco,Simples,Reta,-20.84939,-43.79881,DEL05-MG,Risco Médio,Alta
quinta-feira,BR-285,529.4,Plena Noite,Decrescente,Nevoeiro/Neblina,Simples,Reta,-28.41173,-54.56426,DEL10-RS,Risco Médio,Baixa
quinta-feira,BR-101,289.0,Plena Noite,Crescente,Chuva,Dupla,Reta,-20.28029,-40.39303,DEL01-ES,Risco Baixo,Alta
terça-feira,BR-50,173.0,Plena Noite,Crescente,Céu Claro,Dupla,Não Informado,-19.7541,-47.9807,DEL13-MG,Risco Médio,Média
sábado,BR-381,55.5,Pleno dia,Decrescente,Chuva,Dupla,Reta,-23.25207,-46.5948,DEL03-SP,Risco Baixo,Alta
quarta-feira,BR-153,444.8,Pleno dia,Crescente,Céu Claro,Simples,Rotatória,-16.35383,-48.9301,DEL02-GO,Risco Médio,Alta
segunda-feira,BR-423,62.4,Plena Noite,Decrescente,Nublado,Simples,Reta,-8.660928,-36.34146,DEL03-PE,Risco Médio,Baixa
sexta-feira,BR-101,192.0,Plena Noite,Crescente,Nublado,Dupla,Reta,-22.47314,-42.08207,DEL02-RJ,Risco Médio,Alta
segunda-feira,BR-235,5.8,Plena Noite,Decrescente,Nublado,Dupla,Reta,-10.90494,-37.12316,DEL01-SE,Risco Baixo,Baixa
segunda-feira,BR-101,205.7,Pleno dia,Decrescente,Céu Claro,Dupla,Reta,-27.58313,-48.61533,DEL01-SC,Risco Médio,Alta
quinta-feira,BR-135,185.0,Pleno dia,Decrescente,Céu Claro,Simples,Reta,-4.064237,-44.47427,DEL03-MA,Risco Médio,Baixa
sábado,BR-364,305.9,Pleno dia,Crescente,Céu Claro,Dupla,Reta,-15.82597,-55.19505,DEL05-MT,Risco Baixo,Alta
terça-feira,BR-365,471.0,Amanhecer,Crescente,Garoa/Chuvisco,Simples,Não Informado,-18.92003,-46.9814,DEL10-MG,Risco Baixo,Média
domingo,BR-365,623.5,Pleno dia,Crescente,Céu Claro,Múltipla,Reta,-18.91003,-48.30695,DEL15-MG,Risco Médio,Média
domingo,BR-381,489.2,Plena Noite,Decrescente,Nublado,Múltipla,Reta,-19.9564,-44.13513,DEL01-MG,Risco Médio,Alta
quinta-feira,BR-116,95.4,Amanhecer,Crescente,Nublado,Dupla,Reta,-22.96527,-45.43037,DEL06-SP,Risco Médio,Alta
quinta-feira,BR-174,319.0,Pleno dia,Decrescente,Céu Claro,Simples,Reta,1.496821,-60.94808,DEL01-RR,Risco Alto,Baixa
domingo,BR-376,652.8,Pleno dia,Decrescente,Céu Claro,Dupla,Reta,-25.84217,-49.05654,DEL01-PR,Risco Médio,Baixa
quarta-feira,BR-101,1.0,Pleno dia,Crescente,Nublado,Múltipla,Reta,-25.9973,-48.8786,DEL03-SC,Risco Médio,Alta
sexta-feira,BR-101,52.0,Pleno dia,Decrescente,Céu Claro,Dupla,Reta,-6.820885,-35.13866,DEL01-PB,Risco Médio,Alta
quinta-feira,BR-280,126.5,Plena Noite,Decrescente,Nublado,Simples,Reta,-26.2381,-49.4962,DEL06-SC,Risco Médio,Baixa
quarta-feira,BR-20,32.2,Amanhecer,Crescente,Céu Claro,Dupla,Não Informado,-15.59017,-47.5859,DEL02-DF,Risco Baixo,Baixa
sábado,BR-104,47.8,Pleno dia,Crescente,Céu Claro,Simples,Reta,-9.2468,-36.0022,DEL01-AL,Risco Médio,Baixa
sexta-feira,BR-50,46.5,Pleno dia,Crescente,Céu Claro,Dupla,Curva,-18.72017,-48.20216,DEL15-MG,Risco Médio,Média
quarta-feira,BR-369,152.1,Pleno dia,Crescente,Céu Claro,Dupla,Reta,-23.29268,-51.18185,DEL07-PR,Risco Médio,Baixa
domingo,BR-116,223.0,Pleno dia,Crescente,Nublado,Múltipla,Reta,-23.482,-46.535,DEL01-SP,Risco Médio,Alta
sábado,BR-163,807.0,Pleno dia,Decrescente,Céu Claro,Simples,Reta,-12.10881,-55.51705,DEL06-MT,Risco Médio,Alta
terça-feira,BR-381,708.7,Pleno dia,Crescente,Céu Claro,Dupla,Reta,-21.37052,-45.18865,DEL04-MG,Risco Médio,Alta
segunda-feira,BR-153,491.3,Pleno dia,Decrescente,Garoa/Chuvisco,Dupla,Interseção de vias,-16.63237,-49.20501,DEL01-GO,Risco Médio,Alta
quarta-feira,BR-40,568.0,Plena Noite,Crescente,Céu Claro,Simples,Reta,-20.1951,-43.9736,DEL01-MG,Risco Médio,Alta
terça-feira,BR-319,41.0,Pleno dia,Crescente,Céu Claro,Simples,Reta,-8.648675,-63.99572,DEL01-RO,Risco Médio,Baixa
quarta-feira,BR-226,385.0,Anoitecer,Decrescente,Céu Claro,Simples,Não Informado,-6.187116,-38.00696,DEL04-RN,Risco Alto,Baixa
segunda-feira,BR-163,71.6,Pleno dia,Crescente,Céu Claro,Dupla,Não Informado,-26.72772,-53.51281,DEL07-SC,Risco Médio,Alta
domingo,BR-116,348.0,Plena Noite,Decrescente,Garoa/Chuvisco,Dupla,Não Informado,-24.04801,-47.19767,DEL04-SP,Risco Médio,Alta
domingo,BR-493,61.0,Plena Noite,Crescente,Céu Claro,Dupla,Reta,-22.68467,-43.41557,DEL01-RJ,Risco Médio,Baixa
segunda-feira,BR-376,673.0,Amanhecer,Crescente,Garoa/Chuvisco,Dupla,Não Informado,-25.90092,-48.92572,DEL01-PR,Risco Médio,Baixa
quinta-feira,BR-324,610.0,Pleno dia,Decrescente,Nublado,Dupla,Reta,-12.82932,-38.41113,DEL01-BA,Risco Médio,Baixa
sábado,BR-277,10.0,Plena Noite,Crescente,Céu Claro,Dupla,Reta,-25.5682,-48.61529,DEL01-PR,Risco Baixo,Média
terça-feira,BR-381,4.0,Pleno dia,Decrescente,Céu Claro,Dupla,Reta,-19.96825,-44.19871,DEL01-MG,Risco Médio,Alta
quinta-feira,BR-116,257.0,Pleno dia,Crescente,Nublado,Dupla,Viaduto,-29.85107,-51.17965,DEL01-RS,Risco Médio,Alta
quinta-feira,BR-376,593.6,Plena Noite,Decrescente,Céu Claro,Dupla,Interseção de vias,-25.46989,-49.35441,DEL01-PR,Risco Alto,Baixa
domingo,BR-262,129.9,Plena Noite,Decrescente,Céu Claro,Simples,Curva,-20.26042,-41.29439,DEL01-ES,Risco Baixo,Média
segunda-feira,BR-101,373.0,Pleno dia,Decrescente,Céu Claro,Dupla,Reta,-28.715,-49.2241,DEL02-SC,Risco Baixo,Alta
quinta-feira,BR-116,232.0,Plena Noite,Crescente,Nublado,Simples,Reta,-17.87696,-41.51627,DEL11-MG,Risco Médio,Alta
segunda-feira,BR-376,600.0,Plena Noite,Crescente,Nublado,Dupla,Reta,-25.53196,-49.32206,DEL01-PR,Risco Médio,Baixa
terça-feira,BR-476,111.4,Plena Noite,Crescente,Ignorado,Simples,Curva,-25.31404,-49.1576,DEL01-PR,Risco Médio,Baixa
quinta-feira,BR-101,509.0,Plena Noite,Crescente,Chuva,Simples,Reta,-22.94451,-44.43111,DEL03-RJ,Risco Baixo,Alta
segunda-feira,BR-282,137.0,Pleno dia,Crescente,Céu Claro,Simples,Reta,-27.8218,-49.56703,DEL05-SC,Risco Médio,Baixa
segunda-feira,BR-280,66.3,Plena Noite,Crescente,Nublado,Simples,Reta,-26.47607,-49.09569,DEL03-SC,Risco Médio,Baixa
domingo,BR-476,351.5,Pleno dia,Crescente,Nublado,Simples,Curva,-26.17641,-50.91721,DEL02-PR,Risco Baixo,Baixa
terça-feira,BR-20,6.0,Pleno dia,Crescente,Céu Claro,Simples,Não Informado,-15.66589,-47.80831,DEL02-DF,Risco Médio,Baixa
domingo,BR-101,144.0,Pleno dia,Crescente,Sol,Simples,Interseção de vias,-19.3757,-40.0662,DEL04-ES,Risco Médio,Alta
quarta-feira,BR-381,517.1,Pleno dia,Crescente,Céu Claro,Dupla,Não Informado,-20.11382,-44.30721,DEL04-MG,Risco Baixo,Alta
quarta-feira,BR-101,384.9,Pleno dia,Decrescente,Céu Claro,Múltipla,Reta,-28.76851,-49.30255,DEL02-SC,Risco Médio,Alta
sábado,BR-116,243.5,Pleno dia,Decrescente,Céu Claro,Múltipla,Não Informado,-29.73165,-51.14935,DEL01-RS,Risco Médio,Alta
quarta-feira,BR-40,530.8,Pleno dia,Crescente,Céu Claro,Dupla,Reta,-19.92065,-44.03357,DEL01-MG,Risco Médio,Alta
domingo,BR-101,267.0,Pleno dia,Decrescente,Céu Claro,Múltipla,Reta,-20.19931,-40.26885,DEL02-ES,Risco Médio,Alta
terça-feira,BR-135,107.7,Pleno dia,Crescente,Chuva,Simples,Curva,-3.41828,-44.51521,DEL01-MA,Risco Alto,Baixa
terça-feira,BR-277,587.0,Pleno dia,Crescente,Sol,Simples,Reta,-24.97732,-53.44631,DEL04-PR,Risco Médio,Média
sábado,BR-40,38.3,Plena Noite,Decrescente,Nublado,Dupla,Reta,-22.23154,-43.11817,DEL06-RJ,Risco Médio,Alta
terça-feira,BR-402,43.0,Plena Noite,Decrescente,Céu Claro,Simples,Reta,-2.932223,-41.75423,DEL05-PI,Risco Baixo,Baixa
domingo,BR-101,181.0,Plena Noite,Crescente,Céu Claro,Simples,Reta,-11.36892,-37.64792,DEL02-SE,Risco Alto,Alta
quarta-feira,BR-116,215.0,Anoitecer,Decrescente,Chuva,Dupla,Reta,-23.44696,-46.45394,DEL01-SP,Risco Baixo,Alta
quinta-feira,BR-470,56.2,Plena Noite,Decrescente,Nublado,Simples,Reta,-26.87674,-49.12774,DEL04-SC,Risco Médio,Baixa
quinta-feira,BR-153,496.4,Pleno dia,Crescente,Garoa/Chuvisco,Dupla,Viaduto,-16.6776,-49.2314,DEL01-GO,Risco Baixo,Alta
sábado,BR-470,154.7,Pleno dia,Decrescente,Sol,Simples,Reta,-27.27394,-49.73602,DEL04-SC,Risco Médio,Baixa
sábado,BR-116,422.5,Anoitecer,Crescente,Céu Claro,Simples,Reta,-18.94602,-41.95024,DEL06-MG,Risco Médio,Alta
segunda-feira,BR-60,14.0,Plena Noite,Crescente,Céu Claro,Dupla,Desvio Temporário,-16.11082,-48.3499,DEL01-DF,Risco Médio,Média
sexta-feira,BR-287,250.0,Anoitecer,Decrescente,Céu Claro,Simples,Não Informado,-29.69229,-53.8664,DEL09-RS,Risco Baixo,Baixa
segunda-feira,BR-381,74.2,Pleno dia,Decrescente,Nublado,Dupla,Curva,-23.37498,-46.56036,DEL03-SP,Risco Médio,Alta
quinta-feira,BR-116,274.5,Pleno dia,Decrescente,Céu Claro,Dupla,Reta,-23.63639,-46.83252,DEL04-SP,Risco Alto,Alta
quarta-feira,BR-324,293.0,Plena Noite,Decrescente,Nublado,Dupla,Reta,-12.50563,-38.63686,DEL04-BA,Risco Médio,Baixa
domingo,BR-101,124.0,Pleno dia,Crescente,Sol,Dupla,Não Informado,-7.468706,-34.97707,DEL01-PB,Risco Médio,Alta
sábado,BR-116,277.7,Plena Noite,Decrescente,Céu Claro,Múltipla,Interseção de vias,-17.85994,-41.51514,DEL11-MG,Risco Médio,Alta
segunda-feira,BR-155,337.0,Pleno dia,Decrescente,Céu Claro,Simples,Não Informado,-5.423034,-49.07624,DEL03-PA,Risco Baixo,Baixa
terça-feira,BR-50,70.3,Pleno dia,Decrescente,Céu Claro,Dupla,Reta,-18.8514,-48.25346,DEL15-MG,Risco Médio,Média
sexta-feira,BR-101,321.0,Plena Noite,Decrescente,Céu Claro,Simples,Curva,-13.52223,-39.44932,DEL05-BA,Risco Médio,Alta
quarta-feira,BR-101,404.6,Plena Noite,Decrescente,Céu Claro,Dupla,Reta,-28.88447,-49.46249,DEL02-SC,Risco Baixo,Alta
segunda-feira,BR-381,493.0,Pleno dia,Decrescente,Céu Claro,Dupla,Reta,-19.97671,-44.19963,DEL01-MG,Risco Médio,Alta
domingo,BR-153,511.9,Pleno dia,Decrescente,Sol,Dupla,Reta,-16.80581,-49.23932,DEL01-GO,Risco Baixo,Alta
terça-feira,BR-373,267.9,Pleno dia,Crescente,Chuva,Simples,Não Informado,-25.20903,-51.00344,DEL03-PR,Risco Médio,Baixa
quinta-feira,BR-280,30.9,Plena Noite,Decrescente,Céu Claro,Simples,Reta,-26.41415,-48.76209,DEL03-SC,Risco Médio,Baixa
quinta-feira,BR-418,48.4,Anoitecer,Decrescente,Nublado,Simples,Reta,-17.72415,-39.53158,DEL09-BA,Risco Baixo,Baixa
domingo,BR-487,127.6,Plena Noite,Crescente,Céu Claro,Simples,Interseção de vias,-23.87469,-52.85432,DEL04-PR,Risco Alto,Baixa
domingo,BR-50,170.0,Plena Noite,Crescente,Céu Claro,Dupla,Reta,-19.7448,-47.984,DEL13-MG,Risco Baixo,Média
domingo,BR-116,40.3,Amanhecer,Decrescente,Céu Claro,Simples,Interseção de vias,-28.51839,-50.93942,DEL05-RS,Risco Médio,Alta
quarta-feira,BR-435,83.7,Pleno dia,Crescente,Céu Claro,Dupla,Reta,-13.11692,-60.51412,DEL04-RO,Risco Médio,Baixa
domingo,BR-116,347.3,Pleno dia,Decrescente,Céu Claro,Dupla,Curva,-24.04699,-47.19706,DEL04-SP,Risco Baixo,Alta
sábado,BR-421,36.0,Pleno dia,Decrescente,Céu Claro,Simples,Não Informado,-10.166,-63.2257,DEL03-RO,Risco Médio,Baixa
sexta-feira,BR-101,275.0,Amanhecer,Decrescente,Céu Claro,Dupla,Reta,-22.73653,-42.72909,DEL02-RJ,Risco Baixo,Alta
terça-feira,BR-343,347.0,Plena Noite,Decrescente,Chuva,Simples,Reta,-5.114822,-42.77835,DEL01-PI,Risco Alto,Baixa
quinta-feira,BR-116,393.0,Pleno dia,Decrescente,Garoa/Chuvisco,Dupla,Reta,-24.28559,-47.44194,DEL04-SP,Risco Médio,Alta
domingo,BR-116,181.0,Amanhecer,Crescente,Nublado,Dupla,Reta,-22.73955,-43.46374,DEL01-RJ,Risco Alto,Alta
segunda-feira,BR-40,633.5,Pleno dia,Crescente,Céu Claro,Simples,Não Informado,-20.68168,-43.7942,DEL05-MG,Risco Médio,Alta
segunda-feira,BR-277,40.5,Plena Noite,Decrescente,Nublado,Dupla,Reta,-25.57369,-48.8266,DEL01-PR,Risco Médio,Média
domingo,BR-222,0.0,Anoitecer,Crescente,Céu Claro,Dupla,Interseção de vias,-3.74324,-38.61906,DEL01-CE,Risco Baixo,Baixa
terça-feira,BR-101,449.9,Plena Noite,Crescente,Chuva,Dupla,Reta,-29.16498,-49.74304,DEL02-SC,Risco Médio,Alta
quinta-feira,BR-116,177.0,Anoitecer,Decrescente,Ignorado,Dupla,Curva,-22.78055,-43.39209,DEL01-RJ,Risco Médio,Alta
terça-feira,BR-116,208.0,Amanhecer,Crescente,Céu Claro,Dupla,Reta,-23.42222,-46.39328,DEL01-SP,Risco Médio,Alta
quarta-feira,BR-101,58.1,Plena Noite,Decrescente,Céu Claro,Dupla,Reta,-26.43919,-48.80228,DEL03-SC,Risco Médio,Alta