dia_semana,br,km,fase_dia,sentido_via,condicao_metereologica,tipo_pista,tracado_via,latitude,longitude,delegacia,classificacao_acidente,postos_policiais_PRF
terça-feira,BR-277,721.2,Amanhecer,Crescente,Nublado,Dupla,Reta,-25.49187,-54.51373,DEL05-PR,Risco Médio,Média
domingo,BR-153,14.5,Plena Noite,Crescente,Nublado,Simples,Ponte,-20.41481,-49.26025,DEL09-SP,Risco Médio,Alta
segunda-feira,BR-158,267.8,Pleno dia,Decrescente,Nublado,Simples,Reta,-20.76303,-51.689,DEL07-MS,Risco Baixo,Baixa
domingo,BR-101,213.0,Pleno dia,Decrescente,Nublado,Simples,Reta,-19.82353,-40.36982,DEL02-ES,Risco Médio,Alta
quarta-feira,BR-101,75.8,Pleno dia,Decrescente,Céu Claro,Dupla,Reta,-8.109735,-34.9466,DEL01-PE,Risco Médio,Alta
domingo,BR-393,240.4,Pleno dia,Crescente,Céu Claro,Simples,Curva,-22.42779,-43.71407,DEL05-RJ,Risco Baixo,Média
segunda-feira,BR-316,39.1,Pleno dia,Crescente,Nublado,Simples,Reta,-5.410262,-42.64549,DEL01-PI,Risco Médio,Baixa
sexta-feira,BR-364,12.0,Plena Noite,Crescente,Céu Claro,Dupla,Reta,-12.7437,-60.12148,DEL04-RO,Risco Médio,Alta
segunda-feira,BR-153,316.5,Pleno dia,Decrescente,Céu Claro,Simples,Reta,-15.41358,-49.52498,DEL02-GO,Risco Médio,Alta
sábado,BR-406,145.0,Plena Noite,Crescente,Céu Claro,Simples,Reta,-5.64601,-35.477,DEL02-RN,Risco Alto,Baixa
terça-feira,BR-104,168.0,Pleno dia,Decrescente,Chuva,Simples,Curva,-7.57824,-36.01455,DEL02-PB,Risco Baixo,Baixa
sábado,BR-280,125.0,Pleno dia,Decrescente,Céu Claro,Simples,Curva,-26.23721,-49.48725,DEL06-SC,Risco Médio,Baixa
sábado,BR-116,139.0,Amanhecer,Decrescente,Garoa/Chuvisco,Dupla,Reta,-22.64655,-43.20139,DEL02-RJ,Risco Médio,Alta
domingo,BR-365,27.4,Pleno dia,Decrescente,Nublado,Simples,Reta,-16.84712,-44.0779,DEL12-MG,Risco Médio,Média
sábado,BR-153,98.7,Pleno dia,Decrescente,Céu Claro,Simples,Curva,-27.22839,-51.95232,DEL07-SC,Risco Médio,Alta
terça-feira,BR-101,218.0,Pleno dia,Decrescente,Céu Claro,Dupla,Reta,-27.67151,-48.67235,DEL01-SC,Risco Baixo,Alta
quarta-feira,BR-222,1.8,Pleno dia,Crescente,Céu Claro,Múltipla,Reta,-3.737804,-38.57806,DEL01-CE,Risco Médio,Baixa
domingo,BR-116,131.8,Pleno dia,Decrescente,Céu Claro,Dupla,Não Informado,-25.64831,-49.31251,DEL01-PR,Risco Baixo,Alta
quinta-feira,BR-262,450.2,Pleno dia,Decrescente,Chuva,Simples,Reta,-19.85069,-45.02953,DEL08-MG,Risco Médio,Média
segunda-feira,BR-70,17.5,Pleno dia,Decrescente,Céu Claro,Dupla,Reta,-15.79413,-48.20209,DEL01-DF,Risco Médio,Baixa
sexta-feira,BR-262,19.8,Pleno dia,Decrescente,Céu Claro,Simples,Reta,-20.38672,-40.49577,DEL01-ES,Risco Médio,Média
quarta-feira,BR-364,152.0,Pleno dia,Decrescente,Céu Claro,Simples,Reta,-16.78159,-54.22395,DEL02-MT,Risco Baixo,Alta
domingo,BR-230,232.4,Plena Noite,Crescente,Céu Claro,Simples,Reta,-7.035816,-36.50645,DEL02-PB,Risco Médio,Baixa
segunda-feira,BR-476,147.0,Pleno dia,Decrescente,Sol,Dupla,Reta,-25.55421,-49.33833,DEL01-PR,Risco Alto,Baixa
sexta-feira,BR-480,129.0,Plena Noite,Crescente,Céu Claro,Dupla,Reta,-27.04657,-52.63577,DEL07-SC,Risco Médio,Baixa
quinta-feira,BR-282,1.0,Pleno dia,Decrescente,Céu Claro,Dupla,Reta,-27.60296,-48.58051,DEL01-SC,Risco Médio,Baixa
segunda-feira,BR-476,122.0,Pleno dia,Crescente,Céu Claro,Dupla,Reta,-25.3841,-49.202,DEL01-PR,Risco Médio,Baixa
sexta-feira,BR-116,231.0,Pleno dia,Crescente,Céu Claro,Simples,Reta,-17.49573,-41.4932,DEL11-MG,Risco Médio,Alta
quinta-feira,BR-470,126.8,Plena Noite,Decrescente,Céu Claro,Simples,Reta,-27.1224,-49.53598,DEL04-SC,Risco Médio,Baixa
sábado,BR-232,24.1,Plena Noite,Crescente,Nublado,Dupla,Retorno Regulamentado,-8.105251,-35.10371,DEL01-PE,Risco Médio,Baixa
sexta-feira,BR-230,137.7,Pleno dia,Decrescente,Céu Claro,Dupla,Curva,-7.2766,-35.7739,DEL02-PB,Risco Médio,Baixa
terça-feira,BR-393,285.0,Plena Noite,Crescente,Nublado,Simples,Reta,-22.50655,-44.07697,DEL05-RJ,Risco Médio,Média
quarta-feira,BR-319,60.9,Pleno dia,Decrescente,Céu Claro,Dupla,Rotatória,-8.74005,-63.88982,DEL01-RO,Risco Médio,Baixa
sábado,BR-470,70.0,Plena Noite,Crescente,Céu Claro,Simples,Reta,-26.90198,-49.26875,DEL04-SC,Risco Médio,Baixa
sexta-feira,BR-153,48.4,Pleno dia,Decrescente,Sol,Simples,Reta,-27.65118,-52.25725,DEL08-RS,Risco Médio,Alta
sexta-feira,BR-262,19.7,Pleno dia,Crescente,Céu Claro,Simples,Curva,-20.24955,-41.90554,DEL06-MG,Risco Alto,Média
sábado,BR-116,327.0,Pleno dia,Crescente,Nublado,Dupla,Reta,-23.94429,-47.09669,DEL04-SP,Risco Médio,Alta
quinta-feira,BR-376,645.3,Pleno dia,Crescente,Céu Claro,Dupla,Reta,-25.82417,-49.12464,DEL01-PR,Risco Baixo,Baixa
sexta-feira,BR-135,22.0,Amanhecer,Crescente,Céu Claro,Dupla,Não Informado,-2.745967,-44.34234,DEL01-MA,Risco Médio,Baixa
quinta-feira,BR-116,151.4,Amanhecer,Crescente,Céu Claro,Dupla,Reta,-29.17695,-51.16174,DEL05-RS,Risco Médio,Alta
quinta-feira,BR-101,207.0,Plena Noite,Crescente,Céu Claro,Múltipla,Reta,-27.5998,-48.6225,DEL01-SC,Risco Médio,Alta
domingo,BR-262,383.6,Plena Noite,Crescente,Nublado,Simples,Reta,-20.43486,-54.86913,DEL01-MS,Risco Alto,Média
quinta-feira,BR-116,271.0,Pleno dia,Crescente,Nublado,Dupla,Reta,-23.6073,-46.76462,DEL04-SP,Risco Médio,Alta
segunda-feira,BR-40,456.0,Plena Noite,Crescente,Céu Claro,Dupla,Não Informado,-19.3794,-44.338,DEL02-MG,Risco Médio,Alta
sexta-feira,BR-116,477.0,Plena Noite,Crescente,Nublado,Simples,Reta,-24.70343,-48.00756,DEL05-SP,Risco Médio,Alta
sexta-feira,BR-319,64.0,Pleno dia,Crescente,Céu Claro,Dupla,Reta,-8.766093,-63.88452,DEL01-RO,Risco Médio,Baixa
quinta-feira,BR-277,583.1,Pleno dia,Decrescente,Céu Claro,Dupla,Não Informado,-24.97165,-53.39429,DEL04-PR,Risco Médio,Média
domingo,BR-470,29.5,Plena Noite,Decrescente,Garoa/Chuvisco,Dupla,Reta,-26.89362,-48.90397,DEL04-SC,Risco Baixo,Baixa
terça-feira,BR-262,160.0,Plena Noite,Crescente,Nublado,Simples,Reta,-20.23736,-41.5138,DEL01-ES,Risco Médio,Média
segunda-feira,BR-381,487.9,Pleno dia,Decrescente,Céu Claro,Dupla,Não Informado,-19.9573,-44.12375,DEL01-MG,Risco Médio,Alta
sábado,BR-40,75.0,Plena Noite,Crescente,Céu Claro,Simples,Curva,-22.46857,-43.22959,DEL06-RJ,Risco Médio,Alta
terça-feira,BR-101,207.0,Pleno dia,Crescente,Céu Claro,Múltipla,Curva,-27.60001,-48.62265,DEL01-SC,Risco Médio,Alta
terça-feira,BR-251,198.0,Pleno dia,Decrescente,Chuva,Simples,Reta,-15.87179,-41.46417,DEL11-MG,Risco Médio,Baixa
segunda-feira,BR-116,826.5,Pleno dia,Crescente,Céu Claro,Simples,Reta,-14.87888,-40.85522,DEL08-BA,Risco Médio,Alta
domingo,BR-101,138.5,Plena Noite,Crescente,Céu Claro,Simples,Retorno Regulamentado,-19.30186,-40.08372,DEL04-ES,Risco Médio,Alta
sábado,BR-163,677.0,Pleno dia,Decrescente,Céu Claro,Múltipla,Desvio Temporário,-18.93844,-54.8307,DEL06-MS,Risco Baixo,Alta
domingo,BR-381,541.9,Plena Noite,Crescente,Céu Claro,Dupla,Curva,-20.24789,-44.41188,DEL04-MG,Risco Alto,Alta
quarta-feira,BR-40,92.0,Pleno dia,Decrescente,Sol,Simples,Curva,-22.56884,-43.24337,DEL06-RJ,Risco Baixo,Alta
sexta-feira,BR-153,491.0,Pleno dia,Decrescente,Céu Claro,Múltipla,Reta,-16.639,-49.2063,DEL01-GO,Risco Médio,Alta
segunda-feira,BR-153,58.7,Pleno dia,Crescente,Sol,Simples,Não Informado,-18.88478,-49.05299,DEL15-MG,Risco Baixo,Alta
segunda-feira,BR-101,414.6,Plena Noite,Decrescente,Céu Claro,Dupla,Curva,-28.9536,-49.50985,DEL02-SC,Risco Baixo,Alta
quinta-feira,BR-101,401.3,Pleno dia,Crescente,Chuva,Dupla,Reta,-28.8656,-49.4476,DEL02-SC,Risco Médio,Alta
quinta-feira,BR-40,69.0,Anoitecer,Crescente,Céu Claro,Simples,Reta,-16.59656,-47.77508,DEL01-DF,Risco Médio,Alta
terça-feira,BR-101,272.0,Pleno dia,Crescente,Sol,Dupla,Reta,-22.73008,-42.70461,DEL02-RJ,Risco Médio,Alta
sexta-feira,BR-324,616.0,Pleno dia,Crescente,Sol,Dupla,Reta,-12.87958,-38.43214,DEL01-BA,Risco Baixo,Baixa
quinta-feira,BR-277,723.2,Pleno dia,Decrescente,Céu Claro,Dupla,Retorno Regulamentado,-25.49878,-54.52985,DEL05-PR,Risco Médio,Média
domingo,BR-373,265.0,Plena Noite,Decrescente,Nublado,Simples,Não Informado,-25.20007,-50.97322,DEL03-PR,Risco Médio,Baixa
sexta-feira,BR-304,52.8,Plena Noite,Decrescente,Ignorado,Simples,Ponte,-4.570807,-37.74473,DEL03-CE,Risco Baixo,Baixa
sexta-feira,BR-116,174.6,Plena Noite,Decrescente,Céu Claro,Múltipla,Reta,-22.76558,-43.41538,DEL01-RJ,Risco Médio,Alta
quarta-feira,BR-277,46.1,Pleno dia,Decrescente,Céu Claro,Dupla,Curva,-25.58171,-48.87791,DEL01-PR,Risco Médio,Média
sábado,BR-116,276.0,Pleno dia,Crescente,Céu Claro,Simples,Não Informado,-17.87686,-41.51627,DEL11-MG,Risco Médio,Alta
quinta-feira,BR-459,85.6,Pleno dia,Crescente,Céu Claro,Simples,Reta,-22.14957,-46.02379,DEL09-MG,Risco Médio,Baixa
domingo,BR-290,577.3,Pleno dia,Crescente,Sol,Simples,Não Informado,-29.81254,-55.74837,DEL13-RS,Risco Médio,Baixa
sexta-feira,BR-153,605.0,Plena Noite,Decrescente,Céu Claro,Dupla,Não Informado,-17.5952,-49.1912,DEL03-GO,Risco Baixo,Alta
quinta-feira,BR-262,35.1,Pleno dia,Decrescente,Céu Claro,Simples,Curva,-20.2595,-42.0319,DEL06-MG,Risco Médio,Média
sábado,BR-163,288.0,Plena Noite,Crescente,Céu Claro,Simples,Reta,-24.55144,-54.0412,DEL06-PR,Risco Médio,Alta
domingo,BR-470,151.9,Plena Noite,Decrescente,Nublado,Simples,Reta,-27.26079,-49.71976,DEL04-SC,Risco Alto,Baixa
sábado,BR-277,95.0,Pleno dia,Decrescente,Céu Claro,Dupla,Reta,-25.54838,-49.28587,DEL01-PR,Risco Médio,Média
segunda-feira,BR-277,451.0,Pleno dia,Crescente,Chuva,Simples,Interseção de vias,-25.37541,-52.38883,DEL04-PR,Risco Médio,Média
sábado,BR-20,148.8,Plena Noite,Decrescente,Céu Claro,Simples,Reta,-5.445891,-40.00739,DEL02-CE,Risco Médio,Baixa
terça-feira,BR-163,577.5,Plena Noite,Crescente,Céu Claro,Simples,Reta,-14.10741,-56.1186,DEL01-MT,Risco Médio,Alta
quinta-feira,BR-376,666.0,Pleno dia,Crescente,Nublado,Simples,Não Informado,-25.86037,-48.95087,DEL01-PR,Risco Alto,Baixa
sábado,BR-116,210.8,Anoitecer,Decrescente,Céu Claro,Múltipla,Reta,-23.4323,-46.41909,DEL01-SP,Risco Médio,Alta
domingo,BR-158,333.0,Plena Noite,Crescente,Céu Claro,Dupla,Reta,-29.70847,-53.86426,DEL09-RS,Risco Médio,Baixa
quinta-feira,BR-376,308.0,Pleno dia,Decrescente,Céu Claro,Dupla,Não Informado,-23.97858,-51.09541,DEL07-PR,Risco Médio,Baixa
sábado,BR-262,107.0,Pleno dia,Decrescente,Céu Claro,Simples,Curva,-20.2744,-42.56313,DEL03-MG,Risco Médio,Média
sábado,BR-101,152.0,Pleno dia,Crescente,Céu Claro,Simples,Reta,-11.27002,-37.44402,DEL02-SE,Risco Médio,Alta
sexta-feira,BR-230,165.0,Pleno dia,Crescente,Céu Claro,Simples,Reta,-7.2051,-35.951,DEL02-PB,Risco Baixo,Baixa
sexta-feira,BR-386,298.9,Pleno dia,Crescente,Nevoeiro/Neblina,Simples,Reta,-29.14923,-52.2361,DEL04-RS,Risco Médio,Média
sexta-feira,BR-386,130.6,Pleno dia,Decrescente,Céu Claro,Simples,Reta,-27.93662,-52.95279,DEL08-RS,Risco Médio,Média
sexta-feira,BR-376,172.8,Pleno dia,Crescente,Céu Claro,Simples,Rotatória,-23.4191,-51.96817,DEL07-PR,Risco Médio,Baixa
domingo,BR-163,87.0,Pleno dia,Crescente,Nevoeiro/Neblina,Dupla,Desvio Temporário,-16.76444,-54.65835,DEL02-MT,Risco Baixo,Alta
segunda-feira,BR-304,38.0,Pleno dia,Crescente,Céu Claro,Dupla,Reta,-5.186314,-37.37254,DEL04-RN,Risco Médio,Baixa
domingo,BR-381,692.2,Pleno dia,Decrescente,Céu Claro,Dupla,Reta,-21.25097,-45.13857,DEL04-MG,Risco Baixo,Alta
quarta-feira,BR-392,243.2,Pleno dia,Decrescente,Céu Claro,Simples,Não Informado,-30.59187,-53.38187,DEL09-RS,Risco Médio,Média
quarta-feira,BR-101,203.0,Plena Noite,Decrescente,Céu Claro,Múltipla,Curva,-27.5742,-48.6134,DEL01-SC,Risco Médio,Alta
segunda-feira,BR-282,437.0,Pleno dia,Decrescente,Céu Claro,Simples,Interseção de vias,-26.96946,-51.85472,DEL07-SC,Risco Baixo,Baixa
domingo,BR-251,474.2,Pleno dia,Crescente,Céu Claro,Simples,Curva,-16.4713,-43.45674,DEL12-MG,Risco Médio,Baixa
domingo,BR-376,167.0,Anoitecer,Crescente,Céu Claro,Dupla,Reta,-23.40324,-51.99632,DEL09-PR,Risco Médio,Baixa
terça-feira,BR-101,436.7,Amanhecer,Crescente,Céu Claro,Simples,Reta,-21.05841,-41.20415,DEL03-ES,Risco Baixo,Alta
segunda-feira,BR-364,237.0,Plena Noite,Decrescente,Nublado,Simples,Não Informado,-11.44341,-61.44673,DEL02-RO,Risco Médio,Alta
sexta-feira,BR-116,415.7,Plena Noite,Decrescente,Chuva,Simples,Reta,-18.88613,-41.94627,DEL06-MG,Risco Médio,Alta
sábado,BR-163,250.9,Plena Noite,Crescente,Céu Claro,Simples,Reta,-22.30589,-54.82051,DEL04-MS,Risco Médio,Alta
terça-feira,BR-116,85.0,Plena Noite,Decrescente,Céu Claro,Simples,Curva,-22.92215,-45.34457,DEL06-SP,Risco Médio,Alta
quinta-feira,BR-40,8.8,Pleno dia,Decrescente,Céu Claro,Dupla,Reta,-16.12216,-47.96328,DEL01-DF,Risco Médio,Alta
quarta-feira,BR-376,31.8,Anoitecer,Crescente,Céu Claro,Simples,Reta,-22.39291,-54.47621,DEL04-MS,Risco Médio,Baixa
segunda-feira,BR-40,716.1,Pleno dia,Decrescente,Chuva,Dupla,Curva,-21.25154,-43.66402,DEL05-MG,Risco Médio,Alta
domingo,BR-101,319.0,Pleno dia,Crescente,Céu Claro,Dupla,Reta,-22.8522,-43.1008,DEL02-RJ,Risco Médio,Alta
sábado,BR-364,426.0,Plena Noite,Crescente,Nublado,Simples,Reta,-10.4446,-62.48749,DEL03-RO,Risco Médio,Alta
domingo,BR-222,310.7,Plena Noite,Decrescente,Céu Claro,Simples,Reta,-3.714551,-40.98759,DEL04-CE,Risco Médio,Baixa
sábado,BR-153,61.2,Pleno dia,Crescente,Nublado,Dupla,Reta,-20.80503,-49.35575,DEL09-SP,Risco Baixo,Alta
segunda-feira,BR-116,877.5,Pleno dia,Crescente,Nublado,Simples,Reta,-15.26336,-41.11989,DEL08-BA,Risco Médio,Alta
quarta-feira,BR-101,222.8,Plena Noite,Decrescente,Chuva,Simples,Reta,-19.87373,-40.41321,DEL02-ES,Risco Médio,Alta
quarta-feira,BR-116,276.0,Pleno dia,Decrescente,Céu Claro,Dupla,Reta,-23.64262,-46.83811,DEL04-SP,Risco Médio,Alta
segunda-feira,BR-104,118.6,Amanhecer,Crescente,Chuva,Simples,Desvio Temporário,-7.196378,-35.87571,DEL02-PB,Risco Médio,Baixa
terça-feira,BR-153,319.2,Pleno dia,Decrescente,Chuva,Simples,Reta,-22.75155,-49.8897,DEL07-SP,Risco Alto,Alta
sexta-feira,BR-425,135.0,Plena Noite,Crescente,Céu Claro,Simples,Reta,-10.70386,-65.27303,DEL01-RO,Risco Médio,Baixa
domingo,BR-280,272.0,Pleno dia,Crescente,Nevoeiro/Neblina,Simples,Reta,-26.27956,-50.75821,DEL06-SC,Risco Médio,Baixa
segunda-feira,BR-381,615.0,Pleno dia,Crescente,Chuva,Dupla,Reta,-20.74425,-44.77255,DEL04-MG,Risco Médio,Alta
quarta-feira,BR-343,42.4,Pleno dia,Crescente,Céu Claro,Simples,Curva,-3.16232,-41.82218,DEL05-PI,Risco Baixo,Baixa
quinta-feira,BR-40,4.7,Pleno dia,Crescente,Chuva,Dupla,Reta,-16.01811,-47.98117,DEL01-DF,Risco Baixo,Alta
quarta-feira,BR-116,512.0,Pleno dia,Decrescente,Garoa/Chuvisco,Dupla,Não Informado,-24.84304,-48.22028,DEL05-SP,Risco Médio,Alta
quinta-feira,BR-40,552.5,Pleno dia,Crescente,Nublado,Simples,Não Informado,-20.06084,-43.97716,DEL01-MG,Risco Médio,Alta
domingo,BR-376,182.4,Pleno dia,Decrescente,Céu Claro,Múltipla,Reta,-23.43684,-51.87881,DEL09-PR,Risco Baixo,Baixa
domingo,BR-381,439.0,Pleno dia,Decrescente,Chuva,Simples,Curva,-19.80594,-43.76204,DEL01-MG,Risco Médio,Alta
sexta-feira,BR-116,487.0,Pleno dia,Crescente,Céu Claro,Simples,Curva,-19.45139,-42.12752,DEL06-MG,Risco Médio,Alta
sexta-feira,BR-20,16.0,Plena Noite,Crescente,Céu Claro,Dupla,Reta,-15.62594,-47.72502,DEL02-DF,Risco Médio,Baixa
segunda-feira,BR-364,765.0,Pleno dia,Decrescente,Chuva,Simples,Reta,-9.123578,-64.13002,DEL01-RO,Risco Médio,Alta
domingo,BR-230,118.5,Amanhecer,Crescente,Céu Claro,Dupla,Interseção de vias,-5.351937,-49.09794,DEL03-PA,Risco Baixo,Baixa
sexta-feira,BR-101,238.7,Pleno dia,Crescente,Sol,Simples,Reta,-12.78979,-39.19014,DEL01-BA,Risco Médio,Alta
quarta-feira,BR-60,458.0,Plena Noite,Crescente,Nublado,Dupla,Reta,-17.8796,-51.72067,DEL05-GO,Risco Médio,Média
sábado,BR-40,5.2,Plena Noite,Decrescente,Céu Claro,Dupla,Reta,-16.09313,-47.98224,DEL01-DF,Risco Médio,Alta
terça-feira,BR-467,108.0,Pleno dia,Decrescente,Garoa/Chuvisco,Dupla,Reta,-24.92617,-53.45908,DEL04-PR,Risco Médio,Baixa
sábado,BR-376,188.2,Plena Noite,Crescente,Céu Claro,Dupla,Reta,-23.46635,-51.82808,DEL09-PR,Risco Médio,Baixa
terça-feira,BR-101,42.6,Pleno dia,Crescente,Céu Claro,Dupla,Reta,-29.55755,-50.04064,DEL03-RS,Risco Médio,Alta
domingo,BR-381,9.3,Plena Noite,Decrescente,Céu Claro,Dupla,Reta,-22.92029,-46.4377,DEL03-SP,Risco Baixo,Alta
domingo,BR-354,746.9,Plena Noite,Decrescente,Céu Claro,Simples,Reta,-22.25967,-44.92173,DEL16-MG,Risco Médio,Baixa
domingo,BR-416,40.2,Plena Noite,Crescente,Céu Claro,Simples,Reta,-8.95432,-35.87403,DEL01-AL,Risco Médio,Baixa
quinta-feira,BR-282,581.0,Pleno dia,Crescente,Chuva,Simples,Reta,-26.82875,-52.99793,DEL07-SC,Risco Baixo,Baixa
segunda-feira,BR-230,116.0,Pleno dia,Decrescente,Céu Claro,Múltipla,Reta,-5.350493,-49.10232,DEL03-PA,Risco Médio,Baixa
terça-feira,BR-230,225.0,Pleno dia,Crescente,Céu Claro,Simples,Reta,-7.0374,-36.4421,DEL02-PB,Risco Médio,Baixa
sábado,BR-101,95.1,Pleno dia,Decrescente,Nublado,Múltipla,Não Informado,-26.70876,-48.70221,DEL03-SC,Risco Baixo,Alta
quinta-feira,BR-463,0.6,Pleno dia,Crescente,Sol,Simples,Interseção de vias,-22.25919,-54.81119,DEL04-MS,Risco Médio,Baixa
domingo,BR-40,506.0,Plena Noite,Crescente,Nublado,Dupla,Retorno Regulamentado,-19.74717,-44.14731,DEL02-MG,Risco Médio,Alta
domingo,BR-101,310.0,Plena Noite,Decrescente,Nublado,Dupla,Reta,-22.7967,-43.0431,DEL02-RJ,Risco Médio,Alta
sábado,BR-101,922.0,Plena Noite,Crescente,Céu Claro,Simples,Reta,-17.9033,-39.82357,DEL09-BA,Risco Médio,Alta
sábado,BR-381,615.6,Pleno dia,Decrescente,Céu Claro,Dupla,Não Informado,-20.71943,-44.76611,DEL04-MG,Risco Baixo,Alta
terça-feira,BR-381,593.5,Pleno dia,Decrescente,Céu Claro,Dupla,Reta,-20.56638,-44.67228,DEL04-MG,Risco Médio,Alta
sábado,BR-376,4.0,Pleno dia,Decrescente,Céu Claro,Dupla,Reta,-23.4273,-51.9375,DEL09-PR,Risco Médio,Baixa
segunda-feira,BR-459,102.0,Plena Noite,Crescente,Céu Claro,Dupla,Curva,-22.21177,-45.92467,DEL16-MG,Risco Médio,Baixa
sábado,BR-50,168.5,Pleno dia,Crescente,Céu Claro,Dupla,Reta,-19.70328,-47.98547,DEL13-MG,Risco Baixo,Média
quarta-feira,BR-381,375.0,Anoitecer,Decrescente,Céu Claro,Simples,Curva,-19.83666,-43.33682,DEL01-MG,Risco Médio,Alta
quinta-feira,BR-60,172.3,Plena Noite,Decrescente,Céu Claro,Dupla,Reta,-16.738,-49.4076,DEL01-GO,Risco Baixo,Média
segunda-feira,BR-158,12.5,Pleno dia,Crescente,Céu Claro,Simples,Reta,-15.97259,-52.2103,DEL04-GO,Risco Alto,Baixa
segunda-feira,BR-376,188.8,Pleno dia,Crescente,Céu Claro,Dupla,Reta,-23.46635,-51.82808,DEL09-PR,Risco Médio,Baixa
domingo,BR-405,0.7,Plena Noite,Decrescente,Céu Claro,Dupla,Reta,-5.191467,-37.35189,DEL04-RN,Risco Médio,Baixa
segunda-feira,BR-381,55.0,Plena Noite,Decrescente,Ignorado,Dupla,Desvio Temporário,-23.25207,-46.5948,DEL03-SP,Risco Médio,Alta
quarta-feira,BR-116,777.0,Pleno dia,Decrescente,Céu Claro,Simples,Reta,-14.67095,-40.47872,DEL08-BA,Risco Médio,Alta
terça-feira,BR-361,49.0,Pleno dia,Decrescente,Céu Claro,Simples,Reta,-7.152668,-37.64413,DEL03-PB,Risco Médio,Baixa
quarta-feira,BR-386,187.9,Pleno dia,Decrescente,Céu Claro,Simples,Curva,-28.35487,-52.7113,DEL08-RS,Risco Médio,Média
segunda-feira,BR-267,198.2,Plena Noite,Crescente,Céu Claro,Simples,Reta,-21.58699,-53.94879,DEL02-MS,Risco Baixo,Baixa
sábado,BR-365,613.0,Anoitecer,Decrescente,Chuva,Simples,Reta,-18.8846,-48.26594,DEL15-MG,Risco Baixo,Média
terça-feira,BR-465,4.5,Pleno dia,Decrescente,Céu Claro,Simples,Reta,-22.74097,-43.7056,DEL01-RJ,Risco Médio,Baixa
quinta-feira,BR-452,86.0,Anoitecer,Decrescente,Céu Claro,Simples,Reta,-18.0822,-50.1227,DEL03-GO,Risco Médio,Baixa
terça-feira,BR-476,286.0,Plena Noite,Crescente,Nublado,Simples,Reta,-25.91532,-50.44857,DEL02-PR,Risco Médio,Baixa
segunda-feira,BR-242,362.0,Pleno dia,Crescente,Céu Claro,Simples,Reta,-11.81366,-48.93741,DEL01-TO,Risco Médio,Baixa
quinta-feira,BR-101,261.0,Plena Noite,Decrescente,Céu Claro,Simples,Reta,-12.9647,-39.2722,DEL01-BA,Risco Médio,Alta
sexta-feira,BR-153,14.3,Pleno dia,Crescente,Céu Claro,Dupla,Reta,-18.5422,-49.19366,DEL15-MG,Risco Médio,Alta
sexta-feira,BR-101,17.5,Plena Noite,Crescente,Céu Claro,Dupla,Não Informado,-10.33832,-36.89396,DEL02-SE,Risco Baixo,Alta
segunda-feira,BR-70,0.0,Pleno dia,Decrescente,Céu Claro,Dupla,Desvio Temporário,-15.78345,-48.23303,DEL01-DF,Risco Médio,Baixa
sexta-feira,BR-427,3.5,Plena Noite,Decrescente,Céu Claro,Simples,Não Informado,-6.291279,-36.52389,DEL03-RN,Risco Baixo,Baixa
sexta-feira,BR-304,51.0,Amanhecer,Decrescente,Céu Claro,Dupla,Não Informado,-4.569423,-37.75342,DEL03-CE,Risco Médio,Baixa
quinta-feira,BR-153,61.9,Pleno dia,Crescente,Céu Claro,Dupla,Reta,-20.81179,-49.3565,DEL09-SP,Risco Baixo,Alta
domingo,BR-376,681.0,Plena Noite,Crescente,Céu Claro,Dupla,Reta,-25.97353,-48.89028,DEL01-PR,Risco Médio,Baixa
segunda-feira,BR-104,11.2,Pleno dia,Crescente,Céu Claro,Simples,Reta,-9.164291,-36.02595,DEL01-AL,Risco Médio,Baixa
terça-feira,BR-101,98.3,Pleno dia,Decrescente,Sol,Dupla,Reta,-7.246923,-34.93114,DEL01-PB,Risco Médio,Alta
quarta-feira,BR-101,29.8,Amanhecer,Crescente,Céu Claro,Dupla,Reta,-6.748999,-35.13378,DEL01-PB,Risco Médio,Alta
terça-feira,BR-101,90.1,Pleno dia,Crescente,Nublado,Dupla,Reta,-26.6696,-48.68993,DEL03-SC,Risco Médio,Alta
segunda-feira,BR-116,269.3,Plena Noite,Crescente,Céu Claro,Dupla,Reta,-23.61593,-46.78826,DEL04-SP,Risco Médio,Alta
quinta-feira,BR-116,6.0,Pleno dia,Decrescente,Chuva,Múltipla,Reta,-25.0871,-48.60776,DEL01-PR,Risco Baixo,Alta
sexta-feira,BR-20,55.3,Pleno dia,Crescente,Céu Claro,Dupla,Reta,-15.57997,-47.37582,DEL02-DF,Risco Médio,Baixa
quinta-feira,BR-101,54.0,Anoitecer,Crescente,Céu Claro,Dupla,Reta,-29.6414,-50.1069,DEL03-RS,Risco Baixo,Alta
segunda-feira,BR-116,58.0,Pleno dia,Crescente,Garoa/Chuvisco,Dupla,Reta,-22.78006,-45.14573,DEL08-SP,Risco Médio,Alta
segunda-feira,BR-222,627.7,Pleno dia,Decrescente,Nublado,Simples,Reta,-4.77798,-47.1209,DEL04-MA,Risco Baixo,Baixa
domingo,BR-163,839.0,Plena Noite,Decrescente,Céu Claro,Simples,Rotatória,-11.95105,-55.51688,DEL06-MT,Risco Alto,Alta
sexta-feira,BR-101,81.0,Pleno dia,Crescente,Chuva,Dupla,Reta,-8.1711,-34.9379,DEL01-PE,Risco Baixo,Alta
sexta-feira,BR-116,92.0,Anoitecer,Decrescente,Céu Claro,Dupla,Reta,-25.47692,-49.09769,DEL01-PR,Risco Médio,Alta