dia_semana,br,km,fase_dia,sentido_via,condicao_metereologica,tipo_pista,tracado_via,latitude,longitude,delegacia,classificacao_acidente,postos_policiais_PRF
segunda-feira,BR-101,212.3,Pleno dia,Crescente,Nublado,Dupla,Reta,-27.62997,-48.65904,DEL01-SC,Risco Médio,Alta
quarta-feira,BR-364,970.0,Pleno dia,Crescente,Céu Claro,Simples,Reta,-9.656163,-65.72389,DEL01-RO,Risco Médio,Alta
quarta-feira,BR-158,289.0,Plena Noite,Crescente,Céu Claro,Simples,Reta,-20.89913,-51.76479,DEL07-MS,Risco Médio,Baixa
quinta-feira,BR-70,0.0,Anoitecer,Crescente,Sol,Dupla,Reta,-15.78354,-48.2326,DEL01-DF,Risco Médio,Baixa
sábado,BR-101,201.0,Amanhecer,Crescente,Céu Claro,Múltipla,Reta,-27.5572,-48.6188,DEL01-SC,Risco Baixo,Alta
segunda-feira,BR-116,241.5,Plena Noite,Crescente,Nublado,Simples,Não Informado,-22.64242,-43.89766,DEL07-RJ,Risco Baixo,Alta
quinta-feira,BR-476,140.0,Plena Noite,Crescente,Nublado,Múltipla,Reta,-25.43964,-49.29565,DEL01-PR,Risco Médio,Baixa
quarta-feira,BR-70,626.2,Pleno dia,Crescente,Nublado,Simples,Não Informado,-15.93459,-57.0096,DEL03-MT,Risco Baixo,Baixa
sábado,BR-232,66.0,Pleno dia,Decrescente,Sol,Dupla,Não Informado,-8.183444,-35.49297,DEL01-PE,Risco Baixo,Baixa
sexta-feira,BR-101,418.0,Anoitecer,Crescente,Céu Claro,Simples,Não Informado,-22.91678,-43.90975,DEL03-RJ,Risco Médio,Alta
sexta-feira,BR-116,409.0,Pleno dia,Decrescente,Nublado,Simples,Interseção de vias,-18.84427,-41.9816,DEL06-MG,Risco Médio,Alta
segunda-feira,BR-101,483.0,Anoitecer,Crescente,Céu Claro,Simples,Curva,-22.9681,-44.2988,DEL03-RJ,Risco Médio,Alta
segunda-feira,BR-381,484.0,Pleno dia,Decrescente,Chuva,Múltipla,Reta,-19.95608,-44.10762,DEL01-MG,Risco Médio,Alta
quarta-feira,BR-40,27.0,Amanhecer,Decrescente,Céu Claro,Dupla,Reta,-16.26619,-47.88824,DEL01-DF,Risco Médio,Alta
domingo,BR-116,564.0,Pleno dia,Crescente,Céu Claro,Dupla,Curva,-25.07808,-48.5951,DEL05-SP,Risco Médio,Alta
sexta-feira,BR-290,96.0,Pleno dia,Decrescente,Sol,Simples,Não Informado,-29.99211,-51.20452,DEL01-RS,Risco Médio,Baixa
sexta-feira,BR-262,195.9,Plena Noite,Crescente,Céu Claro,Simples,Curva,-20.28464,-41.77133,DEL01-ES,Risco Médio,Média
terça-feira,BR-381,455.0,Plena Noite,Decrescente,Céu Claro,Simples,Curva,-19.85777,-43.90468,DEL01-MG,Risco Médio,Alta
sábado,BR-232,268.0,Plena Noite,Crescente,Nublado,Simples,Reta,-8.406265,-37.20062,DEL03-PE,Risco Médio,Baixa
terça-feira,BR-116,201.0,Plena Noite,Decrescente,Céu Claro,Dupla,Reta,-23.40341,-46.32941,DEL01-SP,Risco Médio,Alta
sexta-feira,BR-101,118.7,Pleno dia,Crescente,Céu Claro,Dupla,Reta,-26.9045,-48.7153,DEL04-SC,Risco Médio,Alta
sábado,BR-101,467.0,Pleno dia,Crescente,Céu Claro,Simples,Curva,-14.50641,-39.3324,DEL05-BA,Risco Médio,Alta
quarta-feira,BR-116,112.0,Plena Noite,Decrescente,Ignorado,Dupla,Reta,-23.0419,-45.572,DEL06-SP,Risco Médio,Alta
sábado,BR-381,44.2,Pleno dia,Crescente,Sol,Dupla,Reta,-23.16459,-46.57419,DEL03-SP,Risco Médio,Alta
quarta-feira,BR-40,492.9,Pleno dia,Decrescente,Céu Claro,Dupla,Desvio Temporário,-19.63738,-44.20373,DEL02-MG,Risco Baixo,Alta
quinta-feira,BR-101,268.7,Plena Noite,Decrescente,Céu Claro,Dupla,Reta,-22.7113,-42.66923,DEL02-RJ,Risco Médio,Alta
segunda-feira,BR-101,94.0,Plena Noite,Crescente,Céu Claro,Dupla,Reta,-8.25099,-35.01426,DEL01-PE,Risco Médio,Alta
sexta-feira,BR-101,216.0,Pleno dia,Decrescente,Nublado,Dupla,Reta,-27.65981,-48.67748,DEL01-SC,Risco Médio,Alta
terça-feira,BR-116,287.0,Pleno dia,Crescente,Nublado,Simples,Rotatória,-23.71442,-46.8793,DEL04-SP,Risco Médio,Alta
sexta-feira,BR-316,254.0,Plena Noite,Decrescente,Céu Claro,Simples,Reta,-9.57134,-35.9664,DEL02-AL,Risco Médio,Baixa
terça-feira,BR-153,265.0,Pleno dia,Crescente,Céu Claro,Simples,Reta,-15.03091,-49.43245,DEL07-GO,Risco Médio,Alta
sábado,BR-116,193.7,Pleno dia,Decrescente,Céu Claro,Dupla,Reta,-23.38041,-46.25851,DEL02-SP,Risco Médio,Alta
terça-feira,BR-116,61.3,Plena Noite,Decrescente,Chuva,Dupla,Reta,-25.30367,-48.96652,DEL01-PR,Risco Médio,Alta
quinta-feira,BR-364,411.3,Pleno dia,Crescente,Céu Claro,Simples,Não Informado,-10.52498,-62.39404,DEL03-RO,Risco Médio,Alta
sábado,BR-470,145.7,Plena Noite,Crescente,Nublado,Simples,Reta,-27.2373,-49.68222,DEL04-SC,Risco Médio,Baixa
quarta-feira,BR-116,119.5,Pleno dia,Decrescente,Céu Claro,Simples,Não Informado,-4.621847,-38.18273,DEL03-CE,Risco Médio,Alta
quinta-feira,BR-235,30.0,Plena Noite,Crescente,Céu Claro,Simples,Curva,-10.7878,-37.2887,DEL01-SE,Risco Baixo,Baixa
quinta-feira,BR-116,180.0,Plena Noite,Crescente,Céu Claro,Múltipla,Reta,-22.76516,-43.41547,DEL01-RJ,Risco Baixo,Alta
quinta-feira,BR-20,205.9,Pleno dia,Crescente,Céu Claro,Simples,Curva,-14.28639,-46.41142,DEL02-DF,Risco Alto,Baixa
sexta-feira,BR-251,210.0,Pleno dia,Crescente,Chuva,Simples,Reta,-15.90522,-41.54709,DEL12-MG,Risco Médio,Baixa
sexta-feira,BR-476,133.0,Pleno dia,Decrescente,Nublado,Múltipla,Reta,-25.46922,-49.25414,DEL01-PR,Risco Médio,Baixa
domingo,BR-392,257.5,Plena Noite,Crescente,Ignorado,Simples,Não Informado,-30.49641,-53.47713,DEL09-RS,Risco Médio,Média
sábado,BR-101,28.0,Pleno dia,Crescente,Céu Claro,Simples,Curva,-23.37197,-44.95651,DEL06-SP,Risco Médio,Alta
domingo,BR-153,60.0,Plena Noite,Crescente,Céu Claro,Simples,Não Informado,-18.8953,-49.0455,DEL15-MG,Risco Médio,Alta
quarta-feira,BR-476,130.6,Pleno dia,Crescente,Céu Claro,Múltipla,Reta,-25.44956,-49.23643,DEL01-PR,Risco Médio,Baixa
terça-feira,BR-290,107.0,Pleno dia,Decrescente,Céu Claro,Simples,Rotatória,-30.00185,-51.30426,DEL02-RS,Risco Médio,Baixa
quarta-feira,BR-285,434.5,Pleno dia,Crescente,Céu Claro,Simples,Reta,-28.3405,-53.68181,DEL10-RS,Risco Médio,Baixa
quarta-feira,BR-373,420.0,Plena Noite,Crescente,Chuva,Simples,Curva,-25.69482,-52.16079,DEL08-PR,Risco Médio,Baixa
terça-feira,BR-158,537.9,Plena Noite,Decrescente,Céu Claro,Dupla,Não Informado,-26.25301,-52.70785,DEL02-PR,Risco Alto,Baixa
quinta-feira,BR-476,124.7,Pleno dia,Decrescente,Nublado,Múltipla,Reta,-25.40648,-49.21847,DEL01-PR,Risco Médio,Baixa
terça-feira,BR-376,206.9,Plena Noite,Decrescente,Céu Claro,Dupla,Não Informado,-23.56113,-51.66161,DEL07-PR,Risco Alto,Baixa
quarta-feira,BR-101,43.4,Pleno dia,Decrescente,Céu Claro,Simples,Curva,-23.4083,-45.06173,DEL06-SP,Risco Médio,Alta
terça-feira,BR-153,501.9,Plena Noite,Crescente,Céu Claro,Dupla,Reta,-16.7189,-49.2382,DEL01-GO,Risco Médio,Alta
sábado,BR-101,135.5,Plena Noite,Crescente,Nublado,Dupla,Ponte,-27.00501,-48.62677,DEL04-SC,Risco Médio,Alta
sexta-feira,BR-101,41.9,Pleno dia,Decrescente,Sol,Múltipla,Reta,-7.837089,-34.91246,DEL01-PE,Risco Médio,Alta
domingo,BR-210,0.4,Plena Noite,Crescente,Céu Claro,Dupla,Reta,0.07775807,-51.06421,DEL01-AP,Risco Médio,Baixa
quarta-feira,BR-459,81.8,Plena Noite,Decrescente,Ignorado,Simples,Reta,-22.15706,-46.09114,DEL09-MG,Risco Médio,Baixa
sexta-feira,BR-40,93.8,Pleno dia,Crescente,Céu Claro,Simples,Não Informado,-22.55667,-43.26373,DEL01-RJ,Risco Médio,Alta
quinta-feira,BR-101,67.8,Pleno dia,Decrescente,Nublado,Dupla,Interseção de vias,-18.72054,-39.86589,DEL04-ES,Risco Médio,Alta
terça-feira,BR-277,591.5,Pleno dia,Crescente,Céu Claro,Simples,Reta,-24.98104,-53.45518,DEL04-PR,Risco Médio,Média
sábado,BR-116,17.0,Pleno dia,Decrescente,Garoa/Chuvisco,Dupla,Curva,-25.1035,-48.7065,DEL01-PR,Risco Médio,Alta
sábado,BR-381,491.0,Plena Noite,Decrescente,Chuva,Dupla,Interseção de vias,-19.9574,-44.1518,DEL01-MG,Risco Baixo,Alta
quarta-feira,BR-381,297.6,Amanhecer,Decrescente,Céu Claro,Simples,Túnel,-19.62552,-42.83587,DEL03-MG,Risco Médio,Alta
sábado,BR-282,606.9,Plena Noite,Crescente,Garoa/Chuvisco,Simples,Reta,-26.77265,-53.2062,DEL07-SC,Risco Alto,Baixa
sexta-feira,BR-267,21.5,Amanhecer,Crescente,Chuva,Simples,Não Informado,-21.59274,-42.78538,DEL07-MG,Risco Médio,Baixa
quinta-feira,BR-316,268.1,Anoitecer,Decrescente,Céu Claro,Simples,Reta,-9.5765,-35.83325,DEL02-AL,Risco Médio,Baixa
quinta-feira,BR-470,171.0,Plena Noite,Decrescente,Céu Claro,Simples,Não Informado,-28.88091,-51.54843,DEL06-RS,Risco Médio,Baixa
quinta-feira,BR-230,720.0,Plena Noite,Crescente,Céu Claro,Simples,Curva,-3.446003,-52.85728,DEL04-PA,Risco Médio,Baixa
quinta-feira,BR-376,617.0,Pleno dia,Crescente,Céu Claro,Dupla,Reta,-25.5867,-49.1733,DEL01-PR,Risco Médio,Baixa
sábado,BR-101,117.0,Pleno dia,Crescente,Céu Claro,Dupla,Reta,-26.89407,-48.71976,DEL04-SC,Risco Médio,Alta
terça-feira,BR-146,484.4,Plena Noite,Crescente,Céu Claro,Simples,Não Informado,-21.77926,-46.43436,DEL09-MG,Risco Baixo,Baixa
quinta-feira,BR-116,6.0,Plena Noite,Crescente,Garoa/Chuvisco,Simples,Reta,-26.14645,-49.82306,DEL06-SC,Risco Baixo,Alta
sábado,BR-285,118.8,Anoitecer,Decrescente,Céu Claro,Simples,Reta,-28.50818,-50.91272,DEL05-RS,Risco Médio,Baixa
sábado,BR-376,380.0,Pleno dia,Crescente,Chuva,Simples,Não Informado,-24.4047,-50.7844,DEL03-PR,Risco Médio,Baixa
sábado,BR-290,413.7,Plena Noite,Crescente,Céu Claro,Simples,Reta,-30.36103,-54.28001,DEL09-RS,Risco Alto,Baixa
quinta-feira,BR-262,5.2,Pleno dia,Decrescente,Céu Claro,Múltipla,Reta,-20.3374,-40.3859,DEL01-ES,Risco Médio,Média
quarta-feira,BR-235,418.0,Plena Noite,Decrescente,Céu Claro,Simples,Curva,-9.163596,-45.85245,DEL03-PI,Risco Médio,Baixa
segunda-feira,BR-70,335.0,Pleno dia,Decrescente,Céu Claro,Simples,Reta,-15.89535,-50.44062,DEL04-GO,Risco Médio,Baixa
quinta-feira,BR-116,222.5,Pleno dia,Crescente,Céu Claro,Simples,Reta,-23.47093,-46.51631,DEL01-SP,Risco Médio,Alta
quarta-feira,BR-40,116.0,Plena Noite,Crescente,Céu Claro,Múltipla,Reta,-22.73662,-43.28859,DEL01-RJ,Risco Médio,Alta
terça-feira,BR-316,63.0,Pleno dia,Decrescente,Céu Claro,Dupla,Reta,-1.296412,-47.92432,DEL01-PA,Risco Baixo,Baixa
sábado,BR-376,229.9,Plena Noite,Decrescente,Céu Claro,Dupla,Curva,-23.5641,-51.53074,DEL07-PR,Risco Médio,Baixa
sábado,BR-116,218.0,Pleno dia,Crescente,Céu Claro,Múltipla,Reta,-23.45797,-46.47993,DEL01-SP,Risco Médio,Alta
sábado,BR-101,414.0,Pleno dia,Decrescente,Nublado,Simples,Interseção de vias,-28.9536,-49.50985,DEL02-SC,Risco Médio,Alta
sexta-feira,BR-116,282.0,Anoitecer,Decrescente,Nublado,Dupla,Reta,-23.66329,-46.85332,DEL04-SP,Risco Médio,Alta
quarta-feira,BR-116,542.0,Pleno dia,Decrescente,Sol,Dupla,Reta,-24.9643,-48.41195,DEL05-SP,Risco Baixo,Alta
terça-feira,BR-376,430.9,Plena Noite,Decrescente,Céu Claro,Múltipla,Interseção de vias,-24.74763,-50.53669,DEL03-PR,Risco Médio,Baixa
quinta-feira,BR-116,222.0,Pleno dia,Crescente,Chuva,Simples,Desvio Temporário,-29.58097,-51.09516,DEL01-RS,Risco Médio,Alta
sábado,BR-277,625.0,Pleno dia,Crescente,Céu Claro,Simples,Reta,-25.10778,-53.74934,DEL05-PR,Risco Médio,Média
domingo,BR-470,82.5,Plena Noite,Decrescente,Céu Claro,Simples,Reta,-26.94988,-49.32421,DEL04-SC,Risco Médio,Baixa
segunda-feira,BR-40,460.0,Pleno dia,Decrescente,Céu Claro,Dupla,Retorno Regulamentado,-19.47458,-44.29166,DEL02-MG,Risco Baixo,Alta
segunda-feira,BR-101,132.0,Pleno dia,Decrescente,Céu Claro,Dupla,Reta,-26.99654,-48.65565,DEL04-SC,Risco Médio,Alta
sábado,BR-116,216.5,Plena Noite,Crescente,Nublado,Múltipla,Reta,-23.45057,-46.46258,DEL01-SP,Risco Médio,Alta
quarta-feira,BR-101,51.0,Plena Noite,Decrescente,Nublado,Simples,Reta,-21.64273,-41.3117,DEL08-RJ,Risco Médio,Alta
sexta-feira,BR-20,155.8,Plena Noite,Crescente,Céu Claro,Dupla,Reta,-5.44589,-40.00739,DEL02-CE,Risco Baixo,Baixa
terça-feira,BR-343,286.0,Pleno dia,Crescente,Céu Claro,Simples,Reta,-4.937723,-42.31194,DEL01-PI,Risco Médio,Baixa
quinta-feira,BR-101,226.0,Plena Noite,Crescente,Nublado,Dupla,Reta,-27.7508,-48.6346,DEL01-SC,Risco Médio,Alta
quarta-feira,BR-319,63.0,Plena Noite,Decrescente,Céu Claro,Dupla,Interseção de vias,-8.76103,-63.88528,DEL01-RO,Risco Médio,Baixa
domingo,BR-116,295.0,Plena Noite,Decrescente,Nublado,Dupla,Reta,-22.4515,-44.347,DEL07-RJ,Risco Baixo,Alta
terça-feira,BR-163,615.7,Pleno dia,Crescente,Céu Claro,Simples,Não Informado,-19.38926,-54.57154,DEL06-MS,Risco Médio,Alta
quinta-feira,BR-40,4.7,Pleno dia,Decrescente,Chuva,Dupla,Reta,-16.01203,-47.98212,DEL01-DF,Risco Médio,Alta
terça-feira,BR-116,225.0,Pleno dia,Decrescente,Sol,Múltipla,Reta,-23.48587,-46.54075,DEL01-SP,Risco Médio,Alta
domingo,BR-116,42.0,Plena Noite,Decrescente,Céu Claro,Dupla,Reta,-4.113517,-38.49038,DEL01-CE,Risco Baixo,Alta
sábado,BR-230,1.0,Pleno dia,Decrescente,Nublado,Simples,Reta,-6.976853,-34.83125,DEL01-PB,Risco Médio,Baixa
sexta-feira,BR-282,193.0,Pleno dia,Crescente,Céu Claro,Simples,Reta,-27.74226,-50.06547,DEL05-SC,Risco Médio,Baixa
domingo,BR-50,50.0,Plena Noite,Decrescente,Céu Claro,Dupla,Reta,-18.73632,-48.22708,DEL15-MG,Risco Alto,Média
segunda-feira,BR-40,616.0,Plena Noite,Decrescente,Nublado,Simples,Não Informado,-20.55517,-43.81101,DEL05-MG,Risco Médio,Alta
domingo,BR-316,122.4,Amanhecer,Decrescente,Céu Claro,Simples,Desvio Temporário,-9.400323,-36.92083,DEL03-AL,Risco Alto,Baixa
domingo,BR-153,515.8,Plena Noite,Decrescente,Céu Claro,Dupla,Reta,-16.8413,-49.2454,DEL01-GO,Risco Baixo,Alta
sexta-feira,BR-116,142.5,Pleno dia,Decrescente,Céu Claro,Dupla,Não Informado,-23.17426,-45.8294,DEL02-SP,Risco Médio,Alta
quarta-feira,BR-470,146.0,Plena Noite,Decrescente,Garoa/Chuvisco,Simples,Reta,-27.24067,-49.68582,DEL04-SC,Risco Médio,Baixa
quarta-feira,BR-230,403.0,Pleno dia,Decrescente,Céu Claro,Simples,Reta,-7.5139,-46.034,DEL05-MA,Risco Baixo,Baixa
quarta-feira,BR-101,78.1,Pleno dia,Crescente,Nublado,Dupla,Reta,-8.137522,-34.94747,DEL01-PE,Risco Médio,Alta
quarta-feira,BR-282,16.4,Pleno dia,Decrescente,Céu Claro,Simples,Interseção de vias,-27.65861,-48.68185,DEL01-SC,Risco Médio,Baixa
sexta-feira,BR-392,333.7,Plena Noite,Crescente,Nublado,Simples,Reta,-29.87828,-53.73636,DEL09-RS,Risco Alto,Média
sábado,BR-381,356.0,Pleno dia,Decrescente,Céu Claro,Simples,Reta,-19.84765,-43.20566,DEL03-MG,Risco Médio,Alta
segunda-feira,BR-122,4.9,Pleno dia,Decrescente,Céu Claro,Simples,Curva,-4.335957,-38.47903,DEL03-CE,Risco Médio,Baixa
quarta-feira,BR-373,478.6,Plena Noite,Decrescente,Chuva,Simples,Interseção de vias,-25.97273,-52.53404,DEL02-PR,Risco Médio,Baixa
terça-feira,BR-40,298.5,Plena Noite,Decrescente,Céu Claro,Simples,Reta,-18.33589,-45.10488,DEL14-MG,Risco Baixo,Alta
quarta-feira,BR-376,391.3,Pleno dia,Crescente,Céu Claro,Simples,Curva,-24.48722,-50.73196,DEL03-PR,Risco Médio,Baixa
terça-feira,BR-242,228.0,Pleno dia,Decrescente,Céu Claro,Simples,Reta,-12.50967,-40.30418,DEL06-BA,Risco Médio,Baixa
segunda-feira,BR-70,21.9,Pleno dia,Crescente,Chuva,Simples,Não Informado,-15.73791,-48.39146,DEL01-DF,Risco Médio,Baixa
sexta-feira,BR-101,48.8,Plena Noite,Crescente,Céu Claro,Simples,Reta,-23.44569,-45.08201,DEL06-SP,Risco Médio,Alta
sexta-feira,BR-163,1003.6,Pleno dia,Crescente,Céu Claro,Dupla,Interseção de vias,-2.446885,-54.73048,DEL05-PA,Risco Baixo,Alta
segunda-feira,BR-424,64.6,Plena Noite,Decrescente,Nevoeiro/Neblina,Simples,Desvio Temporário,-8.753403,-36.66758,DEL03-PE,Risco Alto,Baixa
segunda-feira,BR-448,11.0,Anoitecer,Crescente,Céu Claro,Simples,Reta,-29.90917,-51.24125,DEL01-RS,Risco Médio,Baixa
segunda-feira,BR-116,104.0,Pleno dia,Crescente,Céu Claro,Simples,Reta,-26.74266,-50.31437,DEL06-SC,Risco Médio,Alta
segunda-feira,BR-285,416.2,Pleno dia,Decrescente,Sol,Simples,Reta,-28.35028,-53.50118,DEL10-RS,Risco Médio,Baixa
quarta-feira,BR-116,257.0,Pleno dia,Crescente,Céu Claro,Múltipla,Não Informado,-29.85262,-51.17968,DEL01-RS,Risco Médio,Alta
sexta-feira,BR-282,445.7,Pleno dia,Crescente,Nublado,Simples,Curva,-26.91534,-51.90525,DEL07-SC,Risco Baixo,Baixa
terça-feira,BR-70,2.0,Plena Noite,Crescente,Nublado,Dupla,Interseção de vias,-15.79805,-48.07323,DEL01-DF,Risco Médio,Baixa
sábado,BR-290,129.9,Pleno dia,Crescente,Chuva,Simples,Reta,-30.05908,-51.5138,DEL02-RS,Risco Médio,Baixa
terça-feira,BR-116,347.0,Pleno dia,Decrescente,Céu Claro,Múltipla,Curva,-24.04699,-47.19706,DEL04-SP,Risco Baixo,Alta
sábado,BR-101,347.7,Pleno dia,Crescente,Sol,Dupla,Reta,-28.56531,-49.05391,DEL02-SC,Risco Médio,Alta
quarta-feira,BR-163,808.5,Pleno dia,Decrescente,Céu Claro,Simples,Não Informado,-12.10046,-55.51775,DEL06-MT,Risco Baixo,Alta
quinta-feira,BR-101,265.5,Plena Noite,Crescente,Céu Claro,Múltipla,Reta,-20.1885,-40.2684,DEL02-ES,Risco Médio,Alta
sexta-feira,BR-277,104.0,Pleno dia,Crescente,Céu Claro,Dupla,Reta,-25.43301,-49.40503,DEL01-PR,Risco Médio,Média
segunda-feira,BR-232,517.6,Pleno dia,Crescente,Céu Claro,Simples,Reta,-8.069427,-39.17504,DEL05-PE,Risco Baixo,Baixa
domingo,BR-392,17.7,Plena Noite,Decrescente,Nublado,Dupla,Reta,-32.09083,-52.17345,DEL07-RS,Risco Médio,Média
segunda-feira,BR-101,89.0,Pleno dia,Decrescente,Céu Claro,Dupla,Não Informado,-7.17801,-34.89957,DEL01-PB,Risco Médio,Alta
terça-feira,BR-222,66.2,Pleno dia,Crescente,Céu Claro,Simples,Reta,-4.232579,-41.70103,DEL02-PI,Risco Alto,Baixa
sexta-feira,BR-463,101.5,Pleno dia,Crescente,Nublado,Simples,Reta,-22.62057,-55.62439,DEL04-MS,Risco Médio,Baixa
domingo,BR-406,149.9,Plena Noite,Crescente,Céu Claro,Simples,Reta,-5.648558,-35.44127,DEL02-RN,Risco Médio,Baixa
sexta-feira,BR-153,255.0,Pleno dia,Crescente,Céu Claro,Simples,Reta,-8.126033,-48.47137,DEL02-TO,Risco Médio,Alta
quarta-feira,BR-40,526.0,Pleno dia,Decrescente,Nublado,Simples,Curva,-19.9054,-44.0476,DEL01-MG,Risco Médio,Alta
domingo,BR-376,367.6,Plena Noite,Decrescente,Céu Claro,Simples,Reta,-24.3288,-50.84681,DEL03-PR,Risco Médio,Baixa
quarta-feira,BR-316,61.0,Plena Noite,Decrescente,Garoa/Chuvisco,Dupla,Reta,-1.2981,-47.9395,DEL01-PA,Risco Baixo,Baixa
quinta-feira,BR-163,848.0,Plena Noite,Decrescente,Céu Claro,Simples,Reta,-11.74545,-55.46516,DEL06-MT,Risco Médio,Alta
segunda-feira,BR-242,541.0,Pleno dia,Decrescente,Céu Claro,Simples,Reta,-12.22133,-42.7911,DEL10-BA,Risco Baixo,Baixa
quarta-feira,BR-158,377.1,Pleno dia,Decrescente,Sol,Simples,Reta,-29.86467,-54.24311,DEL09-RS,Risco Baixo,Baixa
sexta-feira,BR-393,200.0,Plena Noite,Crescente,Chuva,Simples,Reta,-22.20969,-43.39948,DEL05-RJ,Risco Alto,Média
sábado,BR-316,189.0,Pleno dia,Crescente,Sol,Simples,Não Informado,-1.478733,-46.94078,DEL01-PA,Risco Médio,Baixa
domingo,BR-153,529.5,Anoitecer,Crescente,Céu Claro,Dupla,Reta,-16.95877,-49.23936,DEL01-GO,Risco Médio,Alta
terça-feira,BR-101,339.0,Pleno dia,Decrescente,Céu Claro,Simples,Não Informado,-28.5026,-49.0474,DEL02-SC,Risco Médio,Alta
sexta-feira,BR-101,422.0,Pleno dia,Decrescente,Nublado,Simples,Curva,-14.1385,-39.3546,DEL05-BA,Risco Médio,Alta
segunda-feira,BR-163,317.0,Plena Noite,Crescente,Céu Claro,Simples,Reta,-24.36979,-54.14958,DEL06-PR,Risco Baixo,Alta
segunda-feira,BR-101,91.9,Pleno dia,Crescente,Céu Claro,Dupla,Reta,-8.230009,-34.99641,DEL01-PE,Risco Médio,Alta
domingo,BR-262,803.0,Pleno dia,Crescente,Sol,Dupla,Não Informado,-19.77712,-47.92206,DEL13-MG,Risco Médio,Média
domingo,BR-230,167.8,Pleno dia,Crescente,Céu Claro,Simples,Não Informado,-7.195,-35.9619,DEL02-PB,Risco Alto,Baixa
domingo,BR-277,125.0,Pleno dia,Crescente,Céu Claro,Simples,Curva,-25.45219,-49.58926,DEL01-PR,Risco Médio,Média
sábado,BR-174,510.0,Plena Noite,Crescente,Céu Claro,Simples,Reta,2.854097,-60.70167,DEL01-RR,Risco Alto,Baixa
segunda-feira,BR-418,109.0,Pleno dia,Crescente,Céu Claro,Simples,Reta,-17.895,-40.0375,DEL09-BA,Risco Baixo,Baixa
terça-feira,BR-40,555.0,Pleno dia,Crescente,Céu Claro,Dupla,Curva,-20.08473,-43.97697,DEL01-MG,Risco Médio,Alta
domingo,BR-101,300.0,Pleno dia,Crescente,Céu Claro,Simples,Viaduto,-20.35778,-40.42959,DEL01-ES,Risco Médio,Alta
quarta-feira,BR-116,392.0,Pleno dia,Decrescente,Céu Claro,Dupla,Reta,-24.2724,-47.40545,DEL04-SP,Risco Baixo,Alta
quinta-feira,BR-70,661.0,Plena Noite,Decrescente,Garoa/Chuvisco,Simples,Curva,-16.04815,-57.26672,DEL03-MT,Risco Médio,Baixa
sábado,BR-407,207.0,Plena Noite,Crescente,Ignorado,Simples,Desvio Temporário,-11.16629,-40.05213,DEL04-BA,Risco Médio,Baixa
sábado,BR-158,315.0,Amanhecer,Crescente,Céu Claro,Múltipla,Não Informado,-29.65006,-53.75696,DEL09-RS,Risco Baixo,Baixa
domingo,BR-101,3.0,Pleno dia,Crescente,Nublado,Dupla,Curva,-26.00381,-48.87233,DEL03-SC,Risco Médio,Alta
terça-feira,BR-116,17.0,Pleno dia,Crescente,Chuva,Dupla,Curva,-25.10306,-48.70104,DEL01-PR,Risco Baixo,Alta
terça-feira,BR-174,322.8,Plena Noite,Crescente,Céu Claro,Simples,Reta,-14.86483,-59.29768,DEL04-MT,Risco Baixo,Baixa
segunda-feira,BR-163,807.0,Plena Noite,Crescente,Céu Claro,Simples,Reta,-12.23057,-55.54521,DEL06-MT,Risco Baixo,Alta
domingo,BR-316,168.7,Plena Noite,Decrescente,Céu Claro,Simples,Reta,-9.509484,-36.55089,DEL03-AL,Risco Médio,Baixa
quarta-feira,BR-116,309.0,Pleno dia,Decrescente,Céu Claro,Simples,Não Informado,-28.198,-50.75967,DEL05-SC,Risco Médio,Alta
terça-feira,BR-293,105.0,Pleno dia,Crescente,Céu Claro,Simples,Não Informado,-31.58288,-53.35585,DEL11-RS,Risco Médio,Baixa
sábado,BR-230,618.0,Pleno dia,Crescente,Nublado,Simples,Reta,-3.170763,-52.05156,DEL04-PA,Risco Médio,Baixa
quarta-feira,BR-408,90.0,Pleno dia,Crescente,Céu Claro,Dupla,Reta,-7.988653,-35.07626,DEL01-PE,Risco Médio,Baixa
segunda-feira,BR-101,205.0,Pleno dia,Crescente,Nublado,Dupla,Reta,-27.583,-48.6153,DEL01-SC,Risco Baixo,Alta
sábado,BR-381,531.9,Pleno dia,Decrescente,Chuva,Dupla,Não Informado,-20.16434,-44.36606,DEL04-MG,Risco Baixo,Alta
terça-feira,BR-116,97.0,Amanhecer,Decrescente,Céu Claro,Dupla,Reta,-25.51232,-49.12871,DEL01-PR,Risco Alto,Alta
sábado,BR-319,63.4,Amanhecer,Decrescente,Nublado,Dupla,Interseção de vias,-8.761005,-63.88529,DEL01-RO,Risco Médio,Baixa
segunda-feira,BR-40,8.0,Pleno dia,Decrescente,Céu Claro,Dupla,Reta,-16.11616,-47.96761,DEL01-DF,Risco Médio,Alta
terça-feira,BR-381,849.0,Pleno dia,Decrescente,Sol,Múltipla,Curva,-22.23096,-45.87592,DEL16-MG,Risco Médio,Alta
quinta-feira,BR-20,182.5,Plena Noite,Decrescente,Céu Claro,Simples,Reta,-14.46037,-46.47719,DEL02-DF,Risco Médio,Baixa
terça-feira,BR-393,263.9,Anoitecer,Decrescente,Chuva,Simples,Curva,-22.47031,-43.86674,DEL05-RJ,Risco Médio,Média