dia_semana,br,km,fase_dia,sentido_via,condicao_metereologica,tipo_pista,tracado_via,latitude,longitude,delegacia,classificacao_acidente,postos_policiais_PRF
quinta-feira,BR-242,894.0,Amanhecer,Crescente,Céu Claro,Simples,Reta,-12.0771,-45.68798,DEL10-BA,Risco Baixo,Baixa
sexta-feira,BR-153,437.3,Plena Noite,Crescente,Garoa/Chuvisco,Dupla,Reta,-16.28688,-48.94298,DEL02-GO,Risco Baixo,Alta
segunda-feira,BR-381,203.1,Plena Noite,Decrescente,Nublado,Simples,Reta,-19.16642,-42.24546,DEL06-MG,Risco Alto,Alta
sábado,BR-101,314.0,Pleno dia,Crescente,Céu Claro,Dupla,Reta,-22.81649,-43.07728,DEL02-RJ,Risco Médio,Alta
domingo,BR-163,6.0,Plena Noite,Decrescente,Céu Claro,Simples,Reta,-24.0045,-54.314,DEL09-MS,Risco Médio,Alta
sexta-feira,BR-343,283.0,Pleno dia,Crescente,Chuva,Simples,Reta,-4.927681,-42.28687,DEL01-PI,Risco Médio,Baixa
segunda-feira,BR-116,3.0,Plena Noite,Crescente,Céu Claro,Múltipla,Reta,-3.774771,-38.51608,DEL01-CE,Risco Médio,Alta
terça-feira,BR-50,6.0,Plena Noite,Decrescente,Nublado,Dupla,Reta,-18.9113,-48.2622,DEL15-MG,Risco Médio,Média
quinta-feira,BR-153,494.0,Pleno dia,Crescente,Céu Claro,Dupla,Reta,-16.6614,-49.2218,DEL01-GO,Risco Baixo,Alta
segunda-feira,BR-381,491.0,Amanhecer,Decrescente,Céu Claro,Dupla,Reta,-19.96478,-44.17341,DEL01-MG,Risco Médio,Alta
sexta-feira,BR-163,1005.0,Pleno dia,Crescente,Céu Claro,Dupla,Interseção de vias,-2.420392,-54.73599,DEL05-PA,Risco Médio,Alta
domingo,BR-70,547.0,Pleno dia,Crescente,Céu Claro,Simples,Reta,-15.67939,-56.28035,DEL01-MT,Risco Médio,Baixa
domingo,BR-402,34.8,Pleno dia,Decrescente,Céu Claro,Simples,Reta,-2.932391,-41.74947,DEL05-PI,Risco Médio,Baixa
sábado,BR-116,102.3,Pleno dia,Crescente,Nublado,Dupla,Não Informado,-22.99499,-45.48954,DEL06-SP,Risco Baixo,Alta
domingo,BR-116,351.3,Amanhecer,Decrescente,Céu Claro,Simples,Reta,-30.5414,-51.50941,DEL02-RS,Risco Baixo,Alta
domingo,BR-392,628.2,Plena Noite,Decrescente,Céu Claro,Simples,Curva,-28.16692,-54.41946,DEL10-RS,Risco Alto,Média
terça-feira,BR-470,50.3,Plena Noite,Decrescente,Nublado,Simples,Curva,-26.85917,-49.05848,DEL04-SC,Risco Médio,Baixa
domingo,BR-343,345.0,Plena Noite,Crescente,Céu Claro,Dupla,Rotatória,-5.105948,-42.76768,DEL01-PI,Risco Médio,Baixa
segunda-feira,BR-230,3.0,Pleno dia,Decrescente,Céu Claro,Simples,Não Informado,-6.848896,-38.70687,DEL03-PB,Risco Médio,Baixa
sexta-feira,BR-277,1.9,Pleno dia,Crescente,Céu Claro,Dupla,Reta,-25.49071,-54.58314,DEL05-PR,Risco Médio,Média
sábado,BR-381,479.9,Pleno dia,Decrescente,Céu Claro,Dupla,Reta,-19.9589,-44.0692,DEL01-MG,Risco Médio,Alta
terça-feira,BR-282,425.5,Pleno dia,Crescente,Chuva,Simples,Não Informado,-26.98227,-51.75414,DEL07-SC,Risco Médio,Baixa
segunda-feira,BR-101,94.0,Plena Noite,Decrescente,Garoa/Chuvisco,Simples,Desvio Temporário,-18.93086,-39.97181,DEL04-ES,Risco Médio,Alta
sexta-feira,BR-116,155.0,Pleno dia,Crescente,Sol,Múltipla,Reta,-23.24657,-45.93013,DEL02-SP,Risco Médio,Alta
domingo,BR-158,222.0,Plena Noite,Crescente,Céu Claro,Simples,Reta,-24.01312,-52.32048,DEL09-PR,Risco Médio,Baixa
domingo,BR-101,118.0,Plena Noite,Decrescente,Céu Claro,Múltipla,Reta,-26.89615,-48.71864,DEL04-SC,Risco Alto,Alta
sexta-feira,BR-316,44.4,Anoitecer,Decrescente,Chuva,Dupla,Reta,-1.275926,-48.08711,DEL01-PA,Risco Médio,Baixa
terça-feira,BR-20,350.0,Pleno dia,Decrescente,Nublado,Simples,Não Informado,-4.100918,-39.0588,DEL02-CE,Risco Baixo,Baixa
domingo,BR-116,76.0,Pleno dia,Crescente,Céu Claro,Dupla,Reta,-22.8771,-45.2717,DEL06-SP,Risco Médio,Alta
quarta-feira,BR-116,503.3,Pleno dia,Crescente,Chuva,Simples,Não Informado,-24.77542,-48.20948,DEL05-SP,Risco Baixo,Alta
terça-feira,BR-470,9.5,Pleno dia,Crescente,Céu Claro,Simples,Interseção de vias,-26.83347,-48.73389,DEL04-SC,Risco Médio,Baixa
terça-feira,BR-262,88.5,Pleno dia,Crescente,Nublado,Simples,Reta,-20.38912,-41.01535,DEL01-ES,Risco Médio,Média
quinta-feira,BR-101,213.0,Plena Noite,Decrescente,Chuva,Múltipla,Reta,-19.82353,-40.36982,DEL02-ES,Risco Médio,Alta
terça-feira,BR-277,604.0,Pleno dia,Crescente,Céu Claro,Simples,Reta,-25.02906,-53.56961,DEL05-PR,Risco Médio,Média
domingo,BR-476,142.0,Pleno dia,Crescente,Chuva,Dupla,Reta,-25.54067,-49.30265,DEL01-PR,Risco Médio,Baixa
terça-feira,BR-365,522.8,Anoitecer,Decrescente,Céu Claro,Simples,Interseção de vias,-18.91194,-47.4243,DEL10-MG,Risco Médio,Média
domingo,BR-174,143.4,Pleno dia,Crescente,Sol,Simples,Reta,-15.82227,-58.24162,DEL03-MT,Risco Médio,Baixa
domingo,BR-277,348.3,Pleno dia,Decrescente,Chuva,Simples,Reta,-25.33938,-51.42869,DEL08-PR,Risco Médio,Média
domingo,BR-116,51.1,Plena Noite,Crescente,Céu Claro,Dupla,Reta,-22.74233,-45.09338,DEL08-SP,Risco Alto,Alta
domingo,BR-116,429.8,Pleno dia,Crescente,Céu Claro,Dupla,Curva,-12.26904,-38.98923,DEL02-BA,Risco Alto,Alta
terça-feira,BR-101,7.0,Anoitecer,Crescente,Vento,Dupla,Reta,-26.03593,-48.8603,DEL03-SC,Risco Médio,Alta
sábado,BR-135,316.4,Plena Noite,Decrescente,Nublado,Simples,Reta,-8.810212,-44.2183,DEL03-PI,Risco Médio,Baixa
terça-feira,BR-280,53.9,Pleno dia,Crescente,Céu Claro,Simples,Reta,-26.47236,-48.97425,DEL03-SC,Risco Médio,Baixa
sábado,BR-153,157.6,Pleno dia,Decrescente,Nublado,Simples,Reta,-21.48031,-49.78091,DEL07-SP,Risco Alto,Alta
sábado,BR-20,320.7,Amanhecer,Decrescente,Céu Claro,Simples,Curva,-4.266428,-39.22239,DEL02-CE,Risco Médio,Baixa
terça-feira,BR-50,145.9,Pleno dia,Crescente,Céu Claro,Dupla,Reta,-19.51997,-48.03997,DEL13-MG,Risco Médio,Média
segunda-feira,BR-50,4.0,Plena Noite,Crescente,Chuva,Dupla,Curva,-18.45334,-48.04823,DEL15-MG,Risco Médio,Média
quinta-feira,BR-470,147.1,Amanhecer,Crescente,Garoa/Chuvisco,Simples,Ponte,-27.24433,-49.69151,DEL04-SC,Risco Alto,Baixa
domingo,BR-405,4.3,Plena Noite,Decrescente,Céu Claro,Simples,Reta,-6.487298,-38.39079,DEL03-PB,Risco Médio,Baixa
sábado,BR-316,114.0,Plena Noite,Crescente,Chuva,Simples,Reta,-2.538882,-45.77678,DEL02-MA,Risco Médio,Baixa
sábado,BR-20,202.0,Pleno dia,Crescente,Céu Claro,Simples,Curva,-5.137288,-39.73839,DEL02-CE,Risco Médio,Baixa
sexta-feira,BR-101,70.0,Pleno dia,Decrescente,Nublado,Dupla,Reta,-7.0632,-35.0146,DEL01-PB,Risco Médio,Alta
quarta-feira,BR-470,12.6,Pleno dia,Decrescente,Sol,Simples,Reta,-26.89213,-48.7352,DEL04-SC,Risco Médio,Baixa
sábado,BR-101,85.6,Pleno dia,Crescente,Céu Claro,Dupla,Ponte,-5.777664,-35.24937,DEL02-RN,Risco Médio,Alta
terça-feira,BR-470,204.5,Pleno dia,Crescente,Céu Claro,Simples,Não Informado,-29.07878,-51.56829,DEL06-RS,Risco Alto,Baixa
quinta-feira,BR-153,566.0,Pleno dia,Crescente,Céu Claro,Simples,Não Informado,-10.7928,-48.90214,DEL01-TO,Risco Médio,Alta
domingo,BR-101,224.3,Plena Noite,Crescente,Nublado,Dupla,Reta,-27.7247,-48.6437,DEL01-SC,Risco Médio,Alta
quarta-feira,BR-101,121.2,Pleno dia,Crescente,Sol,Múltipla,Reta,-26.9297,-48.7048,DEL04-SC,Risco Médio,Alta
quinta-feira,BR-70,591.0,Pleno dia,Crescente,Céu Claro,Simples,Curva,-15.82025,-56.72799,DEL03-MT,Risco Baixo,Baixa
domingo,BR-101,701.0,Plena Noite,Crescente,Céu Claro,Simples,Curva,-16.2558,-39.5967,DEL09-BA,Risco Médio,Alta
terça-feira,BR-110,113.0,Pleno dia,Decrescente,Ignorado,Simples,Reta,-10.371,-38.338,DEL07-BA,Risco Médio,Baixa
domingo,BR-381,722.0,Amanhecer,Decrescente,Chuva,Dupla,Curva,-21.4485,-45.2114,DEL04-MG,Risco Baixo,Alta
sábado,BR-262,1.1,Plena Noite,Crescente,Céu Claro,Dupla,Curva,-20.329,-40.35558,DEL01-ES,Risco Médio,Média
segunda-feira,BR-343,4.6,Plena Noite,Crescente,Chuva,Múltipla,Ponte,-5.082566,-42.79484,DEL01-PI,Risco Médio,Baixa
sexta-feira,BR-282,89.0,Pleno dia,Crescente,Chuva,Simples,Não Informado,-27.67797,-49.21589,DEL01-SC,Risco Médio,Baixa
sexta-feira,BR-116,40.0,Pleno dia,Crescente,Sol,Simples,Reta,-22.13343,-42.77952,DEL06-RJ,Risco Médio,Alta
quinta-feira,BR-343,348.4,Pleno dia,Decrescente,Sol,Simples,Reta,-5.119733,-42.78868,DEL01-PI,Risco Médio,Baixa
domingo,BR-101,128.1,Plena Noite,Decrescente,Garoa/Chuvisco,Dupla,Curva,-26.97284,-48.68299,DEL04-SC,Risco Médio,Alta
sexta-feira,BR-153,727.4,Anoitecer,Decrescente,Chuva,Simples,Desvio Temporário,-12.18062,-49.15566,DEL01-TO,Risco Médio,Alta
quinta-feira,BR-242,358.8,Pleno dia,Decrescente,Céu Claro,Simples,Curva,-12.44697,-41.57742,DEL06-BA,Risco Médio,Baixa
sexta-feira,BR-376,163.4,Plena Noite,Decrescente,Nublado,Dupla,Reta,-23.39418,-52.01449,DEL07-PR,Risco Médio,Baixa
quarta-feira,BR-163,56.1,Pleno dia,Decrescente,Nublado,Simples,Não Informado,-25.90195,-53.75078,DEL02-PR,Risco Médio,Alta
sábado,BR-101,209.7,Pleno dia,Decrescente,Céu Claro,Dupla,Reta,-27.6176,-48.6463,DEL01-SC,Risco Médio,Alta
quinta-feira,BR-381,88.2,Pleno dia,Decrescente,Sol,Múltipla,Reta,-23.47469,-46.56113,DEL03-SP,Risco Médio,Alta
sábado,BR-365,702.4,Pleno dia,Crescente,Céu Claro,Dupla,Não Informado,-18.88155,-49.01713,DEL15-MG,Risco Baixo,Média
domingo,BR-376,494.8,Amanhecer,Crescente,Céu Claro,Dupla,Reta,-25.13307,-50.16797,DEL03-PR,Risco Médio,Baixa
sexta-feira,BR-40,79.0,Plena Noite,Crescente,Céu Claro,Simples,Curva,-22.4913,-43.22294,DEL06-RJ,Risco Médio,Alta
domingo,BR-364,348.9,Pleno dia,Crescente,Céu Claro,Dupla,Não Informado,-15.79296,-55.58089,DEL02-MT,Risco Baixo,Alta
quarta-feira,BR-381,931.3,Pleno dia,Crescente,Nublado,Dupla,Curva,-22.78766,-46.24254,DEL16-MG,Risco Médio,Alta
sábado,BR-101,175.2,Plena Noite,Crescente,Chuva,Simples,Reta,-9.89788,-36.36714,DEL02-AL,Risco Alto,Alta
sexta-feira,BR-135,315.7,Plena Noite,Crescente,Nublado,Simples,Reta,-5.077222,-44.45684,DEL03-MA,Risco Médio,Baixa
segunda-feira,BR-158,697.0,Plena Noite,Decrescente,Nublado,Simples,Reta,-15.03142,-52.23907,DEL07-MT,Risco Médio,Baixa
quarta-feira,BR-101,322.0,Pleno dia,Crescente,Sol,Dupla,Ponte,-22.87892,-43.11068,DEL02-RJ,Risco Médio,Alta
quarta-feira,BR-153,12.0,Plena Noite,Decrescente,Chuva,Simples,Reta,-27.4263,-52.05721,DEL08-RS,Risco Médio,Alta
quinta-feira,BR-101,106.0,Pleno dia,Decrescente,Sol,Dupla,Viaduto,-5.910564,-35.26131,DEL01-RN,Risco Médio,Alta
sábado,BR-493,82.5,Pleno dia,Crescente,Céu Claro,Dupla,Reta,-22.69498,-43.68651,DEL01-RJ,Risco Médio,Baixa
quinta-feira,BR-101,81.4,Pleno dia,Decrescente,Sol,Simples,Reta,-9.447792,-35.85453,DEL01-AL,Risco Médio,Alta
sábado,BR-316,74.0,Pleno dia,Crescente,Céu Claro,Simples,Reta,-1.294465,-47.82244,DEL01-PA,Risco Baixo,Baixa
domingo,BR-262,380.0,Pleno dia,Decrescente,Garoa/Chuvisco,Dupla,Curva,-19.9356,-44.4406,DEL01-MG,Risco Médio,Média
domingo,BR-116,317.0,Pleno dia,Decrescente,Céu Claro,Simples,Não Informado,-18.12881,-41.69483,DEL11-MG,Risco Médio,Alta
sábado,BR-222,673.5,Plena Noite,Crescente,Céu Claro,Simples,Desvio Temporário,-4.929605,-47.4459,DEL04-MA,Risco Médio,Baixa
sexta-feira,BR-369,146.6,Plena Noite,Decrescente,Céu Claro,Dupla,Reta,-23.2932,-51.12139,DEL07-PR,Risco Médio,Baixa
sábado,BR-381,494.0,Plena Noite,Decrescente,Chuva,Dupla,Não Informado,-19.98556,-44.20318,DEL01-MG,Risco Médio,Alta
sábado,BR-101,807.0,Plena Noite,Decrescente,Céu Claro,Simples,Reta,-17.18821,-39.58798,DEL09-BA,Risco Médio,Alta
sábado,BR-407,468.0,Anoitecer,Decrescente,Céu Claro,Simples,Reta,-7.375405,-41.14946,DEL04-PI,Risco Médio,Baixa
terça-feira,BR-101,11.3,Pleno dia,Decrescente,Céu Claro,Simples,Desvio Temporário,-18.25673,-39.95472,DEL04-ES,Risco Baixo,Alta
quarta-feira,BR-40,517.6,Plena Noite,Crescente,Céu Claro,Dupla,Não Informado,-19.82949,-44.08353,DEL01-MG,Risco Médio,Alta
sexta-feira,BR-135,540.0,Plena Noite,Crescente,Céu Claro,Simples,Curva,-10.04142,-45.29455,DEL03-PI,Risco Médio,Baixa
sexta-feira,BR-381,487.0,Pleno dia,Decrescente,Chuva,Dupla,Curva,-19.95587,-44.1461,DEL01-MG,Risco Médio,Alta
sábado,BR-381,907.0,Pleno dia,Decrescente,Céu Claro,Dupla,Não Informado,-22.67815,-46.09889,DEL16-MG,Risco Médio,Alta
quarta-feira,BR-101,436.4,Plena Noite,Decrescente,Nublado,Dupla,Interseção de vias,-29.11141,-49.63832,DEL02-SC,Risco Médio,Alta
sábado,BR-282,19.0,Plena Noite,Crescente,Céu Claro,Simples,Reta,-27.67863,-48.70192,DEL01-SC,Risco Médio,Baixa
domingo,BR-116,231.0,Plena Noite,Crescente,Céu Claro,Simples,Interseção de vias,-29.62743,-51.13859,DEL01-RS,Risco Médio,Alta
quinta-feira,BR-476,149.8,Plena Noite,Decrescente,Céu Claro,Dupla,Reta,-25.55793,-49.35858,DEL01-PR,Risco Médio,Baixa
sexta-feira,BR-60,353.7,Pleno dia,Decrescente,Chuva,Dupla,Não Informado,-17.599,-50.72233,DEL04-GO,Risco Médio,Média
quarta-feira,BR-304,62.7,Plena Noite,Crescente,Céu Claro,Simples,Reta,-4.606146,-37.66305,DEL03-CE,Risco Médio,Baixa
segunda-feira,BR-287,399.0,Pleno dia,Crescente,Sol,Simples,Não Informado,-29.16794,-54.86705,DEL12-RS,Risco Médio,Baixa
quarta-feira,BR-116,142.0,Anoitecer,Crescente,Nublado,Múltipla,Reta,-22.64876,-43.23032,DEL01-RJ,Risco Médio,Alta
quarta-feira,BR-50,69.0,Pleno dia,Decrescente,Nublado,Dupla,Desvio Temporário,-18.88491,-48.26498,DEL15-MG,Risco Médio,Média
segunda-feira,BR-101,313.0,Pleno dia,Crescente,Sol,Dupla,Reta,-22.81049,-43.06983,DEL02-RJ,Risco Médio,Alta
segunda-feira,BR-174,453.0,Amanhecer,Crescente,Céu Claro,Simples,Ponte,2.477977,-60.90759,DEL01-RR,Risco Médio,Baixa
domingo,BR-40,283.5,Plena Noite,Crescente,Céu Claro,Simples,Reta,-18.251,-45.19334,DEL14-MG,Risco Médio,Alta
terça-feira,BR-153,145.0,Plena Noite,Crescente,Céu Claro,Dupla,Interseção de vias,-7.205036,-48.24035,DEL02-TO,Risco Médio,Alta
domingo,BR-116,212.0,Plena Noite,Decrescente,Nublado,Múltipla,Desvio Temporário,-23.43608,-46.42805,DEL01-SP,Risco Médio,Alta
domingo,BR-50,36.0,Amanhecer,Decrescente,Céu Claro,Dupla,Viaduto,-18.6549,-48.1481,DEL15-MG,Risco Médio,Média
sábado,BR-116,55.0,Anoitecer,Crescente,Nublado,Simples,Reta,-16.09958,-41.44452,DEL11-MG,Risco Alto,Alta
sexta-feira,BR-101,229.0,Plena Noite,Decrescente,Nublado,Simples,Reta,-19.93126,-40.40567,DEL02-ES,Risco Médio,Alta
quarta-feira,BR-364,404.0,Amanhecer,Crescente,Ignorado,Dupla,Rotatória,-15.66159,-55.97144,DEL02-MT,Risco Médio,Alta
quinta-feira,BR-101,112.8,Plena Noite,Decrescente,Nublado,Dupla,Curva,-26.85163,-48.72573,DEL04-SC,Risco Médio,Alta
sábado,BR-277,166.0,Plena Noite,Crescente,Céu Claro,Simples,Reta,-25.44091,-49.97113,DEL01-PR,Risco Médio,Média
quinta-feira,BR-101,93.0,Plena Noite,Crescente,Céu Claro,Dupla,Reta,-10.9042,-37.14812,DEL01-SE,Risco Médio,Alta
sábado,BR-230,123.5,Pleno dia,Crescente,Sol,Dupla,Reta,-7.248387,-35.68188,DEL02-PB,Risco Baixo,Baixa
quarta-feira,BR-232,500.0,Plena Noite,Crescente,Chuva,Simples,Reta,-8.0188,-39.0349,DEL05-PE,Risco Alto,Baixa
segunda-feira,BR-470,139.9,Pleno dia,Crescente,Céu Claro,Simples,Reta,-27.19276,-49.62284,DEL04-SC,Risco Baixo,Baixa
quinta-feira,BR-277,708.2,Plena Noite,Crescente,Céu Claro,Dupla,Não Informado,-25.44426,-54.39914,DEL05-PR,Risco Médio,Média
terça-feira,BR-364,430.0,Pleno dia,Decrescente,Ignorado,Simples,Reta,-8.539975,-69.96621,DEL01-AC,Risco Médio,Alta
quarta-feira,BR-116,163.0,Pleno dia,Decrescente,Nublado,Simples,Curva,-16.95892,-41.45586,DEL11-MG,Risco Médio,Alta
domingo,BR-101,407.6,Pleno dia,Crescente,Sol,Dupla,Viaduto,-22.8825,-43.82446,DEL03-RJ,Risco Médio,Alta
terça-feira,BR-101,253.0,Pleno dia,Crescente,Sol,Simples,Reta,-20.10337,-40.33384,DEL02-ES,Risco Médio,Alta
domingo,BR-343,23.2,Pleno dia,Crescente,Nublado,Simples,Reta,-3.007861,-41.76722,DEL05-PI,Risco Baixo,Baixa
sábado,BR-364,581.6,Pleno dia,Decrescente,Céu Claro,Simples,Reta,-9.388835,-63.1287,DEL03-RO,Risco Médio,Alta
domingo,BR-290,69.0,Plena Noite,Crescente,Céu Claro,Múltipla,Reta,-29.94493,-50.94644,DEL03-RS,Risco Alto,Baixa
quinta-feira,BR-364,701.0,Plena Noite,Decrescente,Céu Claro,Dupla,Reta,-8.800357,-63.78913,DEL01-RO,Risco Médio,Alta
quarta-feira,BR-287,401.0,Pleno dia,Crescente,Garoa/Chuvisco,Simples,Interseção de vias,-29.16132,-54.87901,DEL12-RS,Risco Baixo,Baixa
segunda-feira,BR-116,309.0,Anoitecer,Crescente,Céu Claro,Simples,Reta,-30.19187,-51.39787,DEL02-RS,Risco Médio,Alta
domingo,BR-153,280.5,Anoitecer,Decrescente,Céu Claro,Simples,Reta,-15.13924,-49.52404,DEL07-GO,Risco Alto,Alta
terça-feira,BR-319,63.0,Pleno dia,Crescente,Céu Claro,Dupla,Interseção de vias,-8.766098,-63.88449,DEL01-RO,Risco Médio,Baixa
sexta-feira,BR-10,431.0,Pleno dia,Crescente,Céu Claro,Múltipla,Não Informado,-10.26421,-48.30802,DEL01-TO,Risco Médio,Baixa
sábado,BR-116,40.4,Pleno dia,Crescente,Sol,Dupla,Não Informado,-25.17027,-48.86728,DEL01-PR,Risco Médio,Alta
domingo,BR-277,3.0,Plena Noite,Crescente,Céu Claro,Simples,Reta,-25.5348,-48.55402,DEL01-PR,Risco Médio,Média
segunda-feira,BR-232,175.4,Plena Noite,Decrescente,Céu Claro,Simples,Reta,-8.341009,-36.3871,DEL02-PE,Risco Médio,Baixa
quarta-feira,BR-163,843.0,Amanhecer,Decrescente,Céu Claro,Simples,Reta,-11.91612,-55.50952,DEL06-MT,Risco Médio,Alta
quinta-feira,BR-101,109.8,Pleno dia,Crescente,Céu Claro,Múltipla,Reta,-5.94054,-35.26504,DEL01-RN,Risco Médio,Alta
sábado,BR-101,267.8,Plena Noite,Crescente,Nublado,Dupla,Interseção de vias,-20.21521,-40.26989,DEL02-ES,Risco Médio,Alta
quinta-feira,BR-101,136.0,Pleno dia,Decrescente,Sol,Dupla,Reta,-27.0158,-48.6117,DEL04-SC,Risco Médio,Alta
segunda-feira,BR-20,156.0,Anoitecer,Crescente,Céu Claro,Simples,Interseção de vias,-5.438142,-40.00272,DEL02-CE,Risco Médio,Baixa
sexta-feira,BR-364,113.9,Plena Noite,Decrescente,Céu Claro,Simples,Não Informado,-18.30446,-51.14539,DEL05-GO,Risco Médio,Alta
sexta-feira,BR-277,723.2,Pleno dia,Decrescente,Céu Claro,Dupla,Reta,-25.49878,-54.52987,DEL05-PR,Risco Médio,Média
quinta-feira,BR-40,628.3,Pleno dia,Decrescente,Sol,Simples,Reta,-20.65059,-43.80922,DEL05-MG,Risco Médio,Alta
sábado,BR-251,330.8,Pleno dia,Crescente,Céu Claro,Simples,Curva,-16.24658,-42.3832,DEL12-MG,Risco Médio,Baixa
sábado,BR-393,23.7,Plena Noite,Crescente,Céu Claro,Simples,Curva,-20.94057,-41.331,DEL03-ES,Risco Médio,Média
sábado,BR-101,43.9,Pleno dia,Crescente,Céu Claro,Múltipla,Reta,-7.85637,-34.90842,DEL01-PE,Risco Baixo,Alta
sexta-feira,BR-153,63.6,Pleno dia,Crescente,Nublado,Dupla,Não Informado,-20.8215,-49.35765,DEL09-SP,Risco Médio,Alta
domingo,BR-470,27.8,Pleno dia,Crescente,Sol,Simples,Reta,-26.60572,-49.90677,DEL04-SC,Risco Médio,Baixa
terça-feira,BR-476,335.8,Plena Noite,Crescente,Nevoeiro/Neblina,Simples,Reta,-26.13145,-50.8559,DEL02-PR,Risco Médio,Baixa
sábado,BR-376,451.0,Pleno dia,Decrescente,Chuva,Dupla,Curva,-24.94239,-50.40225,DEL03-PR,Risco Médio,Baixa
segunda-feira,BR-116,149.0,Pleno dia,Crescente,Céu Claro,Dupla,Viaduto,-23.2237,-45.90091,DEL02-SP,Risco Baixo,Alta
sábado,BR-60,469.0,Plena Noite,Crescente,Céu Claro,Simples,Reta,-21.10628,-55.35805,DEL01-MS,Risco Médio,Média
quarta-feira,BR-373,389.1,Plena Noite,Crescente,Céu Claro,Simples,Reta,-25.6676,-52.1248,DEL03-PR,Risco Médio,Baixa
sexta-feira,BR-163,637.0,Pleno dia,Decrescente,Céu Claro,Simples,Reta,-4.614498,-55.94568,DEL05-PA,Risco Médio,Alta
domingo,BR-116,423.3,Plena Noite,Decrescente,Céu Claro,Simples,Interseção de vias,-12.24283,-38.98461,DEL02-BA,Risco Médio,Alta
sábado,BR-116,3.0,Pleno dia,Crescente,Nublado,Múltipla,Reta,-3.778665,-38.5149,DEL01-CE,Risco Médio,Alta
terça-feira,BR-163,682.4,Pleno dia,Decrescente,Céu Claro,Simples,Reta,-18.90174,-54.84272,DEL06-MS,Risco Médio,Alta
quinta-feira,BR-101,388.0,Plena Noite,Crescente,Céu Claro,Dupla,Reta,-22.8881,-43.65827,DEL01-RJ,Risco Médio,Alta
terça-feira,BR-116,471.2,Pleno dia,Decrescente,Nublado,Dupla,Reta,-24.65865,-47.96724,DEL05-SP,Risco Médio,Alta
segunda-feira,BR-101,65.4,Plena Noite,Crescente,Céu Claro,Múltipla,Reta,-8.0285,-34.94304,DEL01-PE,Risco Alto,Alta
quinta-feira,BR-101,872.5,Pleno dia,Crescente,Nublado,Simples,Reta,-17.5007,-39.7037,DEL09-BA,Risco Médio,Alta
terça-feira,BR-101,139.0,Pleno dia,Crescente,Céu Claro,Dupla,Não Informado,-27.02982,-48.60115,DEL04-SC,Risco Médio,Alta
sábado,BR-101,489.0,Plena Noite,Decrescente,Nublado,Simples,Reta,-22.95605,-44.30405,DEL03-RJ,Risco Alto,Alta
sábado,BR-101,227.3,Plena Noite,Crescente,Chuva,Dupla,Retorno Regulamentado,-27.75091,-48.6346,DEL01-SC,Risco Médio,Alta
domingo,BR-376,101.5,Pleno dia,Crescente,Chuva,Simples,Reta,-23.0279,-52.48474,DEL07-PR,Risco Baixo,Baixa
segunda-feira,BR-428,187.9,Plena Noite,Crescente,Céu Claro,Dupla,Reta,-9.356043,-40.47854,DEL06-PE,Risco Baixo,Baixa
sábado,BR-259,5.5,Plena Noite,Decrescente,Chuva,Simples,Reta,-19.70483,-40.38134,DEL02-ES,Risco Médio,Baixa
terça-feira,BR-319,57.0,Anoitecer,Crescente,Céu Claro,Simples,Desvio Temporário,-8.737865,-63.92305,DEL01-RO,Risco Médio,Baixa
sábado,BR-163,649.1,Pleno dia,Crescente,Garoa/Chuvisco,Simples,Ponte,-19.16068,-54.76004,DEL06-MS,Risco Baixo,Alta
segunda-feira,BR-60,102.9,Amanhecer,Decrescente,Céu Claro,Múltipla,Não Informado,-16.406,-48.9831,DEL02-GO,Risco Médio,Média
sábado,BR-381,518.4,Plena Noite,Crescente,Céu Claro,Dupla,Curva,-20.12065,-44.30243,DEL01-MG,Risco Médio,Alta
quarta-feira,BR-290,615.0,Pleno dia,Decrescente,Céu Claro,Simples,Reta,-29.94481,-56.08793,DEL13-RS,Risco Médio,Baixa
segunda-feira,BR-381,28.0,Pleno dia,Crescente,Céu Claro,Dupla,Reta,-23.03614,-46.55184,DEL03-SP,Risco Baixo,Alta
segunda-feira,BR-40,4.8,Pleno dia,Crescente,Sol,Dupla,Reta,-16.08524,-47.98675,DEL01-DF,Risco Médio,Alta
quinta-feira,BR-40,124.0,Pleno dia,Crescente,Nublado,Múltipla,Reta,-22.80795,-43.28912,DEL01-RJ,Risco Médio,Alta
quarta-feira,BR-116,284.7,Pleno dia,Decrescente,Céu Claro,Dupla,Não Informado,-23.69998,-46.86777,DEL04-SP,Risco Baixo,Alta
domingo,BR-116,228.0,Plena Noite,Decrescente,Nublado,Múltipla,Reta,-23.50343,-46.56639,DEL01-SP,Risco Médio,Alta
terça-feira,BR-470,64.7,Pleno dia,Crescente,Céu Claro,Simples,Não Informado,-26.86987,-49.20186,DEL04-SC,Risco Médio,Baixa
domingo,BR-101,247.0,Plena Noite,Crescente,Céu Claro,Simples,Não Informado,-20.06746,-40.37085,DEL02-ES,Risco Médio,Alta
sexta-feira,BR-493,110.0,Pleno dia,Crescente,Sol,Dupla,Reta,-22.8153,-43.80249,DEL03-RJ,Risco Médio,Baixa
quarta-feira,BR-304,305.2,Plena Noite,Decrescente,Céu Claro,Dupla,Não Informado,-5.890122,-35.26352,DEL01-RN,Risco Médio,Baixa