dia_semana,br,km,fase_dia,sentido_via,condicao_metereologica,tipo_pista,tracado_via,latitude,longitude,delegacia,classificacao_acidente,postos_policiais_PRF
domingo,BR-101,415.0,Plena Noite,Decrescente,Nublado,Múltipla,Curva,-28.96041,-49.51653,DEL02-SC,Risco Baixo,Alta
quinta-feira,BR-174,15.0,Pleno dia,Crescente,Céu Claro,Simples,Não Informado,-12.72332,-60.12801,DEL04-RO,Risco Baixo,Baixa
segunda-feira,BR-376,652.0,Pleno dia,Crescente,Chuva,Dupla,Curva,-25.8468,-49.0649,DEL01-PR,Risco Baixo,Baixa
sábado,BR-40,121.0,Pleno dia,Crescente,Vento,Múltipla,Reta,-22.78185,-43.28571,DEL01-RJ,Risco Médio,Alta
quinta-feira,BR-101,208.0,Plena Noite,Decrescente,Céu Claro,Simples,Reta,-22.48067,-42.22017,DEL08-RJ,Risco Baixo,Alta
segunda-feira,BR-381,358.0,Plena Noite,Crescente,Nublado,Simples,Curva,-19.85593,-43.21689,DEL03-MG,Risco Médio,Alta
quarta-feira,BR-135,350.4,Pleno dia,Decrescente,Sol,Simples,Reta,-5.377186,-44.46706,DEL03-MA,Risco Médio,Baixa
quinta-feira,BR-153,338.5,Pleno dia,Crescente,Céu Claro,Simples,Desvio Temporário,-25.51485,-50.65403,DEL03-PR,Risco Médio,Alta
quarta-feira,BR-365,541.1,Plena Noite,Decrescente,Céu Claro,Simples,Rotatória,-18.93274,-47.58213,DEL10-MG,Risco Médio,Média
quinta-feira,BR-386,136.7,Pleno dia,Crescente,Céu Claro,Simples,Curva,-27.98312,-52.90176,DEL08-RS,Risco Baixo,Média
sábado,BR-381,700.6,Pleno dia,Crescente,Céu Claro,Dupla,Não Informado,-21.28733,-45.14357,DEL04-MG,Risco Médio,Alta
quarta-feira,BR-369,199.0,Plena Noite,Crescente,Vento,Dupla,Não Informado,-23.52258,-51.44284,DEL07-PR,Risco Médio,Baixa
quinta-feira,BR-116,400.7,Anoitecer,Crescente,Céu Claro,Simples,Reta,-12.01949,-38.97104,DEL02-BA,Risco Médio,Alta
terça-feira,BR-101,71.8,Plena Noite,Crescente,Céu Claro,Simples,Reta,-21.79046,-41.38717,DEL08-RJ,Risco Médio,Alta
terça-feira,BR-116,14.0,Pleno dia,Crescente,Céu Claro,Múltipla,Reta,-3.868676,-38.4979,DEL01-CE,Risco Baixo,Alta
terça-feira,BR-116,59.7,Plena Noite,Decrescente,Céu Claro,Simples,Reta,-4.248759,-38.4843,DEL03-CE,Risco Alto,Alta
quinta-feira,BR-116,164.0,Plena Noite,Decrescente,Céu Claro,Dupla,Reta,-22.8145,-43.3277,DEL01-RJ,Risco Alto,Alta
terça-feira,BR-285,302.2,Pleno dia,Crescente,Sol,Simples,Viaduto,-28.22723,-52.48109,DEL08-RS,Risco Baixo,Baixa
sábado,BR-116,215.6,Pleno dia,Decrescente,Céu Claro,Simples,Não Informado,-29.53533,-51.08499,DEL05-RS,Risco Médio,Alta
domingo,BR-381,494.0,Plena Noite,Decrescente,Céu Claro,Dupla,Reta,-19.9731,-44.1843,DEL01-MG,Risco Médio,Alta
segunda-feira,BR-101,876.0,Pleno dia,Crescente,Céu Claro,Simples,Reta,-17.5307,-39.7104,DEL09-BA,Risco Baixo,Alta
terça-feira,BR-50,177.0,Pleno dia,Crescente,Nublado,Dupla,Curva,-19.77941,-47.94848,DEL13-MG,Risco Médio,Média
sábado,BR-101,93.0,Plena Noite,Decrescente,Céu Claro,Dupla,Retorno Regulamentado,-10.90523,-37.14907,DEL01-SE,Risco Baixo,Alta
segunda-feira,BR-116,217.0,Plena Noite,Decrescente,Céu Claro,Múltipla,Reta,-23.45424,-46.47119,DEL01-SP,Risco Médio,Alta
quarta-feira,BR-116,109.0,Pleno dia,Decrescente,Chuva,Dupla,Não Informado,-25.56528,-49.24699,DEL01-PR,Risco Médio,Alta
quinta-feira,BR-101,327.0,Pleno dia,Decrescente,Céu Claro,Múltipla,Reta,-22.87902,-43.11138,DEL02-RJ,Risco Médio,Alta
segunda-feira,BR-116,130.0,Pleno dia,Decrescente,Céu Claro,Dupla,Reta,-23.12314,-45.72792,DEL02-SP,Risco Médio,Alta
domingo,BR-381,75.0,Pleno dia,Decrescente,Céu Claro,Dupla,Não Informado,-23.3766,-46.5641,DEL03-SP,Risco Médio,Alta
sexta-feira,BR-282,215.5,Pleno dia,Crescente,Céu Claro,Simples,Não Informado,-27.79367,-50.2818,DEL05-SC,Risco Médio,Baixa
sábado,BR-376,206.9,Pleno dia,Decrescente,Céu Claro,Dupla,Retorno Regulamentado,-23.54152,-51.70172,DEL07-PR,Risco Médio,Baixa
segunda-feira,BR-40,579.3,Pleno dia,Crescente,Céu Claro,Dupla,Não Informado,-20.28638,-43.94213,DEL01-MG,Risco Médio,Alta
quinta-feira,BR-116,20.2,Pleno dia,Crescente,Céu Claro,Simples,Reta,-14.89038,-40.81687,DEL05-PE,Risco Médio,Alta
sábado,BR-116,44.2,Pleno dia,Decrescente,Nublado,Dupla,Reta,-22.70411,-45.03956,DEL08-SP,Risco Médio,Alta
sábado,BR-116,449.0,Plena Noite,Decrescente,Nublado,Dupla,Reta,-24.5365,-47.85885,DEL05-SP,Risco Médio,Alta
quarta-feira,BR-101,141.6,Anoitecer,Decrescente,Garoa/Chuvisco,Dupla,Reta,-27.04928,-48.59774,DEL04-SC,Risco Médio,Alta
quinta-feira,BR-40,118.0,Amanhecer,Crescente,Céu Claro,Múltipla,Reta,-22.75471,-43.28738,DEL01-RJ,Risco Médio,Alta
sexta-feira,BR-116,203.0,Pleno dia,Crescente,Céu Claro,Dupla,Reta,-22.72095,-43.67998,DEL01-RJ,Risco Baixo,Alta
sexta-feira,BR-232,73.0,Pleno dia,Decrescente,Céu Claro,Dupla,Reta,-8.1906,-35.50931,DEL01-PE,Risco Médio,Baixa
sábado,BR-101,66.0,Pleno dia,Decrescente,Nublado,Simples,Rotatória,-21.7609,-41.34789,DEL08-RJ,Risco Médio,Alta
domingo,BR-242,466.7,Plena Noite,Crescente,Céu Claro,Simples,Reta,-11.79756,-49.64559,DEL01-TO,Risco Médio,Baixa
sexta-feira,BR-153,62.4,Plena Noite,Decrescente,Céu Claro,Dupla,Reta,-20.81325,-49.35676,DEL09-SP,Risco Médio,Alta
quinta-feira,BR-153,87.9,Amanhecer,Decrescente,Céu Claro,Simples,Não Informado,-20.94498,-49.5346,DEL09-SP,Risco Médio,Alta
segunda-feira,BR-316,352.0,Pleno dia,Decrescente,Céu Claro,Simples,Reta,-4.226811,-44.86177,DEL02-MA,Risco Médio,Baixa
domingo,BR-242,767.0,Pleno dia,Decrescente,Céu Claro,Simples,Reta,-12.14277,-44.79991,DEL10-BA,Risco Médio,Baixa
sexta-feira,BR-80,404.4,Pleno dia,Crescente,Céu Claro,Simples,Reta,-13.28892,-50.48121,DEL07-GO,Risco Alto,Baixa
quinta-feira,BR-101,102.6,Pleno dia,Decrescente,Céu Claro,Dupla,Reta,-26.77979,-48.68448,DEL03-SC,Risco Médio,Alta
quarta-feira,BR-101,73.0,Plena Noite,Decrescente,Céu Claro,Simples,Reta,-21.79887,-41.39395,DEL08-RJ,Risco Médio,Alta
quinta-feira,BR-285,215.6,Pleno dia,Decrescente,Céu Claro,Simples,Não Informado,-28.26455,-51.66171,DEL08-RS,Risco Baixo,Baixa
terça-feira,BR-277,124.0,Pleno dia,Decrescente,Nublado,Dupla,Não Informado,-25.44725,-49.47885,DEL01-PR,Risco Baixo,Média
sexta-feira,BR-235,107.6,Anoitecer,Crescente,Céu Claro,Simples,Reta,-10.35998,-37.69725,DEL01-SE,Risco Médio,Baixa
domingo,BR-20,21.0,Pleno dia,Decrescente,Céu Claro,Simples,Reta,-15.54841,-47.16938,DEL02-DF,Risco Médio,Baixa
sábado,BR-116,235.9,Anoitecer,Decrescente,Chuva,Dupla,Curva,-22.6518,-43.89107,DEL07-RJ,Risco Baixo,Alta
sábado,BR-232,106.0,Plena Noite,Decrescente,Céu Claro,Dupla,Não Informado,-8.263003,-35.7903,DEL02-PE,Risco Médio,Baixa
domingo,BR-285,51.0,Amanhecer,Decrescente,Céu Claro,Simples,Curva,-28.65868,-50.34076,DEL05-RS,Risco Médio,Baixa
terça-feira,BR-40,511.1,Pleno dia,Crescente,Céu Claro,Dupla,Reta,-19.78164,-44.11733,DEL01-MG,Risco Médio,Alta
sábado,BR-364,207.2,Plena Noite,Crescente,Céu Claro,Dupla,Reta,-16.44202,-54.67418,DEL02-MT,Risco Alto,Alta
sábado,BR-381,81.0,Plena Noite,Decrescente,Céu Claro,Dupla,Reta,-23.41704,-46.58022,DEL03-SP,Risco Médio,Alta
domingo,BR-365,451.7,Plena Noite,Crescente,Céu Claro,Simples,Rotatória,-18.83594,-46.83647,DEL10-MG,Risco Médio,Média
sexta-feira,BR-393,178.0,Plena Noite,Crescente,Céu Claro,Simples,Não Informado,-22.12634,-43.22812,DEL05-RJ,Risco Médio,Média
sábado,BR-472,417.0,Pleno dia,Crescente,Céu Claro,Simples,Reta,-28.82152,-56.05649,DEL12-RS,Risco Médio,Baixa
segunda-feira,BR-470,229.5,Plena Noite,Decrescente,Céu Claro,Simples,Reta,-29.27277,-51.49644,DEL06-RS,Risco Médio,Baixa
quarta-feira,BR-116,380.0,Plena Noite,Crescente,Céu Claro,Dupla,Reta,-24.17585,-47.34589,DEL04-SP,Risco Baixo,Alta
domingo,BR-470,67.5,Pleno dia,Crescente,Nublado,Simples,Não Informado,-26.87216,-49.23127,DEL04-SC,Risco Médio,Baixa
segunda-feira,BR-40,628.1,Anoitecer,Decrescente,Garoa/Chuvisco,Dupla,Reta,-20.64924,-43.80943,DEL05-MG,Risco Médio,Alta
sábado,BR-262,58.4,Pleno dia,Crescente,Céu Claro,Simples,Curva,-20.72529,-52.13167,DEL07-MS,Risco Médio,Média
segunda-feira,BR-277,71.0,Plena Noite,Crescente,Garoa/Chuvisco,Dupla,Reta,-25.50789,-49.13589,DEL01-PR,Risco Baixo,Média
sábado,BR-381,481.0,Pleno dia,Decrescente,Céu Claro,Dupla,Reta,-19.95932,-44.08826,DEL01-MG,Risco Médio,Alta
domingo,BR-242,797.0,Pleno dia,Crescente,Nublado,Simples,Não Informado,-12.16483,-44.85908,DEL10-BA,Risco Médio,Baixa
sábado,BR-101,304.0,Pleno dia,Crescente,Céu Claro,Dupla,Reta,-22.78492,-42.98629,DEL02-RJ,Risco Baixo,Alta
domingo,BR-222,0.2,Pleno dia,Decrescente,Nublado,Múltipla,Interseção de vias,-3.736774,-38.56923,DEL01-CE,Risco Médio,Baixa
quinta-feira,BR-230,330.0,Pleno dia,Decrescente,Céu Claro,Simples,Reta,-7.0747,-45.5996,DEL05-MA,Risco Baixo,Baixa
sábado,BR-277,116.3,Pleno dia,Crescente,Céu Claro,Dupla,Curva,-25.43725,-49.51402,DEL01-PR,Risco Baixo,Média
terça-feira,BR-20,16.0,Pleno dia,Decrescente,Garoa/Chuvisco,Dupla,Retorno Regulamentado,-15.62567,-47.72516,DEL02-DF,Risco Baixo,Baixa
sexta-feira,BR-40,0.0,Pleno dia,Decrescente,Céu Claro,Dupla,Reta,-16.05153,-47.98149,DEL01-DF,Risco Médio,Alta
quinta-feira,BR-232,196.9,Pleno dia,Crescente,Chuva,Simples,Reta,-8.368425,-36.5713,DEL02-PE,Risco Médio,Baixa
quarta-feira,BR-381,359.1,Pleno dia,Decrescente,Nublado,Múltipla,Curva,-19.85515,-43.22402,DEL03-MG,Risco Médio,Alta
sábado,BR-262,865.7,Pleno dia,Decrescente,Nublado,Dupla,Curva,-19.78754,-48.43399,DEL13-MG,Risco Médio,Média
sábado,BR-163,131.0,Pleno dia,Crescente,Céu Claro,Simples,Não Informado,-25.54916,-53.59174,DEL04-PR,Risco Médio,Alta
terça-feira,BR-101,360.9,Plena Noite,Crescente,Céu Claro,Simples,Curva,-20.70436,-40.71735,DEL03-ES,Risco Médio,Alta
segunda-feira,BR-40,113.0,Pleno dia,Decrescente,Chuva,Múltipla,Reta,-22.7192,-43.2896,DEL01-RJ,Risco Médio,Alta
terça-feira,BR-116,116.0,Amanhecer,Decrescente,Céu Claro,Dupla,Reta,-25.55468,-49.27402,DEL01-PR,Risco Médio,Alta
quinta-feira,BR-116,269.0,Plena Noite,Decrescente,Garoa/Chuvisco,Dupla,Reta,-23.61593,-46.78826,DEL04-SP,Risco Médio,Alta
sexta-feira,BR-116,149.0,Plena Noite,Decrescente,Nublado,Dupla,Reta,-23.207,-45.88627,DEL02-SP,Risco Médio,Alta
sábado,BR-116,100.0,Anoitecer,Crescente,Céu Claro,Dupla,Reta,-25.53379,-49.14664,DEL01-PR,Risco Baixo,Alta
sábado,BR-262,148.2,Plena Noite,Crescente,Céu Claro,Simples,Não Informado,-20.21477,-41.42393,DEL01-ES,Risco Médio,Média
domingo,BR-40,7.2,Pleno dia,Decrescente,Nublado,Dupla,Reta,-16.03867,-47.97969,DEL01-DF,Risco Médio,Alta
quarta-feira,BR-116,425.9,Pleno dia,Crescente,Sol,Simples,Reta,-12.23737,-38.98,DEL02-BA,Risco Baixo,Alta
sábado,BR-316,33.4,Pleno dia,Decrescente,Sol,Dupla,Reta,-1.294968,-48.17317,DEL01-PA,Risco Médio,Baixa
segunda-feira,BR-116,530.2,Plena Noite,Decrescente,Céu Claro,Simples,Curva,-19.80088,-42.13775,DEL06-MG,Risco Médio,Alta
segunda-feira,BR-163,1024.0,Pleno dia,Crescente,Céu Claro,Simples,Reta,-10.2781,-55.0169,DEL06-MT,Risco Alto,Alta
quarta-feira,BR-230,133.0,Pleno dia,Crescente,Chuva,Dupla,Curva,-7.272414,-35.752,DEL02-PB,Risco Baixo,Baixa
sexta-feira,BR-285,338.0,Plena Noite,Decrescente,Nevoeiro/Neblina,Simples,Desvio Temporário,-28.3157,-52.77902,DEL08-RS,Risco Médio,Baixa
quinta-feira,BR-262,36.0,Pleno dia,Crescente,Céu Claro,Simples,Curva,-20.38264,-40.6033,DEL01-ES,Risco Médio,Média
segunda-feira,BR-40,522.0,Pleno dia,Crescente,Nublado,Dupla,Reta,-19.86387,-44.0675,DEL01-MG,Risco Baixo,Alta
terça-feira,BR-116,204.5,Plena Noite,Crescente,Nublado,Múltipla,Curva,-23.4136,-46.3615,DEL01-SP,Risco Médio,Alta
terça-feira,BR-381,294.0,Pleno dia,Crescente,Céu Claro,Simples,Reta,-19.64905,-42.81029,DEL03-MG,Risco Médio,Alta
segunda-feira,BR-155,311.0,Plena Noite,Crescente,Céu Claro,Simples,Ponte,-5.6584,-49.1114,DEL03-PA,Risco Alto,Baixa
sábado,BR-356,169.0,Plena Noite,Decrescente,Céu Claro,Simples,Reta,-21.7186,-41.0855,DEL08-RJ,Risco Médio,Baixa
quarta-feira,BR-116,390.8,Plena Noite,Decrescente,Céu Claro,Simples,Curva,-18.68502,-41.9886,DEL06-MG,Risco Alto,Alta
sexta-feira,BR-425,42.0,Amanhecer,Decrescente,Céu Claro,Simples,Reta,-9.929101,-65.28794,DEL01-RO,Risco Médio,Baixa
domingo,BR-158,110.0,Pleno dia,Decrescente,Chuva,Simples,Reta,-19.70211,-51.1588,DEL08-MS,Risco Médio,Baixa
sexta-feira,BR-101,200.0,Pleno dia,Crescente,Garoa/Chuvisco,Simples,Desvio Temporário,-12.59604,-38.98764,DEL01-BA,Risco Médio,Alta
sábado,BR-153,212.8,Plena Noite,Crescente,Céu Claro,Simples,Desvio Temporário,-21.92635,-49.91765,DEL07-SP,Risco Médio,Alta
quarta-feira,BR-101,2.0,Pleno dia,Crescente,Céu Claro,Dupla,Reta,-25.997,-48.87892,DEL03-SC,Risco Baixo,Alta
segunda-feira,BR-116,636.0,Plena Noite,Crescente,Céu Claro,Simples,Reta,-13.49889,-40.05023,DEL03-BA,Risco Médio,Alta
segunda-feira,BR-163,484.5,Pleno dia,Decrescente,Chuva,Simples,Interseção de vias,-20.44746,-54.54098,DEL01-MS,Risco Médio,Alta
domingo,BR-153,639.3,Plena Noite,Crescente,Céu Claro,Dupla,Reta,-17.86898,-49.22665,DEL03-GO,Risco Médio,Alta
terça-feira,BR-222,314.8,Pleno dia,Crescente,Sol,Simples,Não Informado,-3.738862,-41.00539,DEL04-CE,Risco Médio,Baixa
sexta-feira,BR-116,122.0,Plena Noite,Crescente,Chuva,Dupla,Reta,-25.56857,-49.31023,DEL01-PR,Risco Médio,Alta
quinta-feira,BR-20,339.8,Pleno dia,Decrescente,Céu Claro,Simples,Curva,-4.158695,-39.14645,DEL02-CE,Risco Médio,Baixa
quinta-feira,BR-40,631.3,Pleno dia,Decrescente,Céu Claro,Simples,Reta,-20.66692,-43.80314,DEL05-MG,Risco Baixo,Alta
segunda-feira,BR-262,429.5,Plena Noite,Crescente,Chuva,Dupla,Reta,-19.89775,-44.85985,DEL08-MG,Risco Médio,Média
domingo,BR-10,244.0,Pleno dia,Crescente,Céu Claro,Simples,Reta,-5.596112,-47.42886,DEL04-MA,Risco Baixo,Baixa
segunda-feira,BR-285,121.8,Pleno dia,Crescente,Sol,Simples,Rotatória,-28.50592,-50.94308,DEL05-RS,Risco Médio,Baixa
domingo,BR-40,4.0,Plena Noite,Crescente,Céu Claro,Dupla,Reta,-16.01203,-47.98212,DEL01-DF,Risco Médio,Alta
sexta-feira,BR-101,41.0,Pleno dia,Decrescente,Chuva,Dupla,Curva,-26.3164,-48.8735,DEL03-SC,Risco Baixo,Alta
quinta-feira,BR-282,334.0,Plena Noite,Decrescente,Céu Claro,Simples,Reta,-27.3943,-51.14586,DEL07-SC,Risco Médio,Baixa
sábado,BR-424,72.8,Pleno dia,Crescente,Céu Claro,Simples,Reta,-8.793532,-36.59989,DEL03-PE,Risco Alto,Baixa
terça-feira,BR-262,694.1,Pleno dia,Decrescente,Sol,Simples,Reta,-19.56316,-46.97605,DEL08-MG,Risco Baixo,Média
domingo,BR-392,43.1,Plena Noite,Crescente,Garoa/Chuvisco,Dupla,Reta,-31.93921,-52.31102,DEL07-RS,Risco Médio,Média
sábado,BR-116,743.5,Plena Noite,Crescente,Céu Claro,Simples,Reta,-14.37849,-40.34824,DEL08-BA,Risco Médio,Alta
sexta-feira,BR-60,171.2,Plena Noite,Decrescente,Chuva,Dupla,Não Informado,-16.7333,-49.3996,DEL01-GO,Risco Médio,Média
domingo,BR-330,789.0,Pleno dia,Crescente,Céu Claro,Simples,Reta,-13.89267,-40.02313,DEL03-BA,Risco Médio,Baixa
sábado,BR-163,825.0,Plena Noite,Crescente,Céu Claro,Simples,Reta,-12.07658,-55.51755,DEL06-MT,Risco Médio,Alta
sexta-feira,BR-153,74.1,Pleno dia,Decrescente,Céu Claro,Simples,Curva,-27.07865,-51.90468,DEL07-SC,Risco Médio,Alta
sexta-feira,BR-135,339.0,Anoitecer,Decrescente,Céu Claro,Simples,Curva,-8.995838,-44.29597,DEL03-PI,Risco Baixo,Baixa
sexta-feira,BR-282,220.5,Pleno dia,Crescente,Sol,Simples,Curva,-27.79401,-50.33363,DEL05-SC,Risco Médio,Baixa
terça-feira,BR-210,12.2,Pleno dia,Crescente,Céu Claro,Simples,Reta,0.1341368,-51.13881,DEL01-AP,Risco Médio,Baixa
segunda-feira,BR-304,53.1,Pleno dia,Decrescente,Céu Claro,Simples,Interseção de vias,-4.57463,-37.73484,DEL03-CE,Risco Baixo,Baixa
terça-feira,BR-163,466.3,Anoitecer,Decrescente,Chuva,Dupla,Rotatória,-20.58237,-54.58317,DEL01-MS,Risco Médio,Alta
segunda-feira,BR-101,90.4,Pleno dia,Decrescente,Garoa/Chuvisco,Dupla,Reta,-26.67202,-48.68993,DEL03-SC,Risco Alto,Alta
sexta-feira,BR-50,70.0,Pleno dia,Crescente,Sol,Dupla,Reta,-18.88755,-48.26142,DEL15-MG,Risco Médio,Média
quinta-feira,BR-163,669.0,Pleno dia,Decrescente,Céu Claro,Simples,Reta,-13.0,-56.0,DEL06-MT,Risco Baixo,Alta
quarta-feira,BR-60,58.9,Pleno dia,Decrescente,Nublado,Dupla,Curva,-16.18412,-48.69302,DEL02-GO,Risco Baixo,Média
domingo,BR-158,532.6,Pleno dia,Crescente,Sol,Simples,Reta,-26.211,-52.68072,DEL02-PR,Risco Médio,Baixa
sexta-feira,BR-376,391.1,Pleno dia,Decrescente,Chuva,Dupla,Curva,-24.53024,-50.69808,DEL03-PR,Risco Médio,Baixa
sábado,BR-116,184.0,Plena Noite,Crescente,Céu Claro,Múltipla,Reta,-22.74647,-43.44594,DEL01-RJ,Risco Médio,Alta
sábado,BR-381,579.3,Plena Noite,Decrescente,Nublado,Dupla,Reta,-20.48202,-44.58926,DEL04-MG,Risco Médio,Alta
sexta-feira,BR-472,404.0,Plena Noite,Decrescente,Chuva,Simples,Reta,-28.71709,-56.14906,DEL12-RS,Risco Baixo,Baixa
domingo,BR-381,90.0,Pleno dia,Decrescente,Céu Claro,Dupla,Não Informado,-23.49479,-46.5596,DEL03-SP,Risco Médio,Alta
quinta-feira,BR-364,670.0,Plena Noite,Crescente,Nublado,Simples,Reta,-8.775904,-63.49873,DEL01-RO,Risco Baixo,Alta
segunda-feira,BR-153,34.0,Plena Noite,Crescente,Vento,Dupla,Reta,-18.71075,-49.13692,DEL15-MG,Risco Baixo,Alta
segunda-feira,BR-381,502.8,Anoitecer,Crescente,Céu Claro,Múltipla,Interseção de vias,-20.02231,-44.22961,DEL01-MG,Risco Médio,Alta
terça-feira,BR-381,43.0,Pleno dia,Crescente,Céu Claro,Múltipla,Desvio Temporário,-23.15597,-46.57402,DEL03-SP,Risco Médio,Alta
sexta-feira,BR-381,355.0,Pleno dia,Decrescente,Chuva,Simples,Curva,-19.84112,-43.19939,DEL03-MG,Risco Médio,Alta
quarta-feira,BR-101,269.0,Pleno dia,Crescente,Nublado,Múltipla,Curva,-20.2174,-40.26991,DEL02-ES,Risco Médio,Alta
sábado,BR-381,584.0,Plena Noite,Decrescente,Céu Claro,Dupla,Reta,-20.52949,-44.63875,DEL04-MG,Risco Alto,Alta
quinta-feira,BR-40,749.1,Plena Noite,Decrescente,Céu Claro,Dupla,Curva,-21.48315,-43.53878,DEL05-MG,Risco Médio,Alta
domingo,BR-116,534.8,Plena Noite,Decrescente,Nublado,Simples,Curva,-19.8447,-42.13982,DEL06-MG,Risco Alto,Alta
quarta-feira,BR-40,749.9,Pleno dia,Decrescente,Céu Claro,Simples,Curva,-21.48316,-43.53876,DEL05-MG,Risco Baixo,Alta
segunda-feira,BR-101,56.0,Anoitecer,Decrescente,Chuva,Dupla,Não Informado,-7.9565,-34.912,DEL01-PE,Risco Médio,Alta
segunda-feira,BR-242,205.0,Plena Noite,Crescente,Céu Claro,Simples,Reta,-12.51183,-40.32446,DEL06-BA,Risco Médio,Baixa
terça-feira,BR-251,353.9,Pleno dia,Decrescente,Céu Claro,Simples,Curva,-16.28616,-42.54012,DEL12-MG,Risco Médio,Baixa
segunda-feira,BR-116,35.0,Pleno dia,Crescente,Nublado,Simples,Reta,-22.10014,-42.80135,DEL04-RJ,Risco Médio,Alta
sexta-feira,BR-40,104.0,Pleno dia,Decrescente,Chuva,Múltipla,Interseção de vias,-22.62898,-43.2858,DEL01-RJ,Risco Médio,Alta
quinta-feira,BR-101,96.0,Pleno dia,Decrescente,Nublado,Múltipla,Reta,-8.252492,-35.01785,DEL01-PE,Risco Médio,Alta
segunda-feira,BR-116,63.0,Plena Noite,Decrescente,Céu Claro,Simples,Curva,-16.1672,-41.43562,DEL11-MG,Risco Baixo,Alta
quinta-feira,BR-230,612.0,Pleno dia,Crescente,Céu Claro,Dupla,Reta,-7.5113,-63.0296,DEL01-RO,Risco Médio,Baixa
quarta-feira,BR-116,320.8,Pleno dia,Decrescente,Céu Claro,Dupla,Reta,-23.93437,-47.01556,DEL04-SP,Risco Baixo,Alta
sábado,BR-324,548.0,Pleno dia,Crescente,Céu Claro,Dupla,Reta,-12.4257,-38.73746,DEL01-BA,Risco Médio,Baixa
terça-feira,BR-101,350.2,Pleno dia,Crescente,Sol,Simples,Reta,-28.58988,-49.04517,DEL02-SC,Risco Médio,Alta
domingo,BR-116,414.0,Plena Noite,Decrescente,Nublado,Simples,Reta,-18.88215,-41.957,DEL06-MG,Risco Médio,Alta
sábado,BR-373,173.0,Pleno dia,Decrescente,Céu Claro,Dupla,Não Informado,-25.08057,-50.20176,DEL03-PR,Risco Médio,Baixa
terça-feira,BR-158,155.0,Pleno dia,Crescente,Nublado,Simples,Interseção de vias,-16.93255,-51.82392,DEL04-GO,Risco Médio,Baixa
terça-feira,BR-364,524.0,Pleno dia,Decrescente,Céu Claro,Dupla,Reta,-10.43351,-62.47831,DEL03-RO,Risco Médio,Alta
sexta-feira,BR-116,75.5,Plena Noite,Decrescente,Céu Claro,Dupla,Reta,-22.87522,-45.26277,DEL08-SP,Risco Baixo,Alta
segunda-feira,BR-376,590.0,Plena Noite,Crescente,Céu Claro,Dupla,Reta,-25.45156,-49.36238,DEL01-PR,Risco Médio,Baixa
sexta-feira,BR-163,70.0,Pleno dia,Crescente,Céu Claro,Dupla,Não Informado,-26.73462,-53.5068,DEL07-SC,Risco Médio,Alta
domingo,BR-356,72.0,Plena Noite,Crescente,Céu Claro,Simples,Reta,-21.39691,-41.69222,DEL08-RJ,Risco Alto,Baixa
segunda-feira,BR-101,392.6,Pleno dia,Crescente,Sol,Simples,Reta,-20.86587,-40.91137,DEL03-ES,Risco Médio,Alta
sexta-feira,BR-290,10.4,Pleno dia,Decrescente,Chuva,Dupla,Reta,-29.89146,-50.37788,DEL03-RS,Risco Médio,Baixa
domingo,BR-101,419.0,Pleno dia,Crescente,Céu Claro,Simples,Desvio Temporário,-14.11843,-39.3641,DEL05-BA,Risco Médio,Alta
domingo,BR-365,224.2,Plena Noite,Decrescente,Céu Claro,Simples,Reta,-17.63465,-45.4021,DEL12-MG,Risco Médio,Média
segunda-feira,BR-116,237.0,Plena Noite,Decrescente,Céu Claro,Simples,Reta,-29.67839,-51.14223,DEL01-RS,Risco Baixo,Alta
sexta-feira,BR-10,253.0,Pleno dia,Crescente,Nublado,Simples,Reta,-5.526911,-47.47145,DEL04-MA,Risco Baixo,Baixa
domingo,BR-381,211.0,Pleno dia,Crescente,Céu Claro,Simples,Reta,-19.20975,-42.30428,DEL06-MG,Risco Médio,Alta
quarta-feira,BR-101,203.9,Pleno dia,Decrescente,Nublado,Simples,Reta,-19.75111,-40.37993,DEL02-ES,Risco Médio,Alta
quinta-feira,BR-262,549.5,Plena Noite,Crescente,Chuva,Simples,Não Informado,-19.72509,-45.86948,DEL08-MG,Risco Médio,Média
terça-feira,BR-116,107.0,Plena Noite,Decrescente,Nublado,Dupla,Reta,-23.01791,-45.53009,DEL02-SP,Risco Médio,Alta
sábado,BR-365,429.8,Pleno dia,Decrescente,Sol,Simples,Não Informado,-18.75281,-46.6469,DEL10-MG,Risco Baixo,Média
segunda-feira,BR-101,487.0,Pleno dia,Crescente,Céu Claro,Simples,Reta,-22.96829,-44.29865,DEL03-RJ,Risco Médio,Alta
domingo,BR-60,14.0,Plena Noite,Decrescente,Céu Claro,Simples,Desvio Temporário,-18.80639,-52.66007,DEL08-MS,Risco Médio,Média
segunda-feira,BR-401,15.6,Amanhecer,Crescente,Céu Claro,Simples,Reta,2.840732,-60.57929,DEL01-RR,Risco Alto,Baixa
domingo,BR-277,111.2,Pleno dia,Crescente,Chuva,Dupla,Curva,-25.44411,-49.46707,DEL01-PR,Risco Médio,Média
quarta-feira,BR-116,356.0,Pleno dia,Decrescente,Céu Claro,Dupla,Reta,-24.0901,-47.25682,DEL04-SP,Risco Baixo,Alta
terça-feira,BR-153,312.7,Pleno dia,Crescente,Céu Claro,Simples,Reta,-15.38487,-49.55185,DEL02-GO,Risco Médio,Alta