dia_semana,br,km,fase_dia,sentido_via,condicao_metereologica,tipo_pista,tracado_via,latitude,longitude,delegacia,classificacao_acidente,postos_policiais_PRF
terça-feira,BR-163,519.0,Pleno dia,Decrescente,Chuva,Simples,Reta,-14.44399,-56.12915,DEL01-MT,Risco Baixo,Alta
quarta-feira,BR-277,489.4,Plena Noite,Crescente,Chuva,Simples,Não Informado,-25.24155,-52.63061,DEL04-PR,Risco Médio,Média
domingo,BR-116,281.3,Pleno dia,Decrescente,Céu Claro,Dupla,Reta,-23.67785,-46.85769,DEL04-SP,Risco Médio,Alta
terça-feira,BR-304,51.2,Pleno dia,Crescente,Céu Claro,Dupla,Não Informado,-4.568554,-37.75143,DEL03-CE,Risco Médio,Baixa
sexta-feira,BR-101,204.0,Pleno dia,Decrescente,Céu Claro,Múltipla,Curva,-27.57413,-48.61363,DEL01-SC,Risco Médio,Alta
domingo,BR-153,4.0,Pleno dia,Decrescente,Céu Claro,Simples,Reta,-25.20991,-50.59736,DEL07-PR,Risco Médio,Alta
domingo,BR-280,18.1,Amanhecer,Crescente,Céu Claro,Simples,Reta,-27.67477,-48.69644,DEL03-SC,Risco Baixo,Baixa
domingo,BR-101,13.5,Plena Noite,Crescente,Céu Claro,Dupla,Reta,-26.08987,-48.86345,DEL03-SC,Risco Baixo,Alta
domingo,BR-423,64.5,Pleno dia,Decrescente,Céu Claro,Simples,Reta,-8.670574,-36.38415,DEL03-PE,Risco Médio,Baixa
terça-feira,BR-116,28.0,Pleno dia,Decrescente,Chuva,Dupla,Curva,-25.11274,-48.80403,DEL01-PR,Risco Médio,Alta
quarta-feira,BR-280,52.0,Pleno dia,Crescente,Chuva,Simples,Reta,-26.4689,-48.96492,DEL03-SC,Risco Médio,Baixa
domingo,BR-116,2.0,Plena Noite,Decrescente,Nublado,Múltipla,Reta,-3.770198,-38.51725,DEL01-CE,Risco Alto,Alta
quarta-feira,BR-251,401.2,Pleno dia,Crescente,Céu Claro,Simples,Reta,-16.24159,-42.9254,DEL12-MG,Risco Médio,Baixa
domingo,BR-232,64.0,Pleno dia,Crescente,Nublado,Dupla,Reta,-8.1623,-35.4419,DEL01-PE,Risco Médio,Baixa
sexta-feira,BR-420,280.0,Pleno dia,Decrescente,Sol,Simples,Curva,-13.26512,-39.65963,DEL03-BA,Risco Médio,Baixa
sexta-feira,BR-40,1.9,Pleno dia,Crescente,Céu Claro,Dupla,Reta,-16.06639,-47.98412,DEL01-DF,Risco Baixo,Alta
quarta-feira,BR-232,109.5,Amanhecer,Crescente,Céu Claro,Dupla,Curva,-8.280368,-35.81085,DEL02-PE,Risco Médio,Baixa
terça-feira,BR-376,617.4,Pleno dia,Decrescente,Garoa/Chuvisco,Dupla,Curva,-25.58921,-49.17171,DEL01-PR,Risco Baixo,Baixa
quarta-feira,BR-369,185.0,Pleno dia,Crescente,Céu Claro,Simples,Reta,-23.40624,-51.42804,DEL07-PR,Risco Médio,Baixa
domingo,BR-110,343.1,Pleno dia,Crescente,Céu Claro,Simples,Reta,-12.18031,-38.4158,DEL01-BA,Risco Médio,Baixa
domingo,BR-324,556.0,Pleno dia,Crescente,Nublado,Dupla,Reta,-12.47106,-38.68242,DEL01-BA,Risco Médio,Baixa
sexta-feira,BR-158,408.0,Plena Noite,Crescente,Chuva,Simples,Não Informado,-29.99328,-54.49482,DEL09-RS,Risco Médio,Baixa
sexta-feira,BR-316,44.0,Plena Noite,Crescente,Chuva,Dupla,Reta,-1.275841,-48.08742,DEL01-PA,Risco Médio,Baixa
sábado,BR-459,22.6,Plena Noite,Crescente,Nublado,Simples,Reta,-22.66414,-45.1422,DEL08-SP,Risco Médio,Baixa
segunda-feira,BR-210,3.0,Pleno dia,Crescente,Céu Claro,Simples,Reta,0.08293,-51.07853,DEL01-AP,Risco Médio,Baixa
sábado,BR-369,445.4,Plena Noite,Crescente,Chuva,Simples,Não Informado,-24.548,-52.9479,DEL04-PR,Risco Médio,Baixa
segunda-feira,BR-316,461.0,Pleno dia,Decrescente,Céu Claro,Simples,Não Informado,-4.522758,-44.04939,DEL03-MA,Risco Médio,Baixa
quarta-feira,BR-101,291.0,Pleno dia,Crescente,Nublado,Simples,Interseção de vias,-28.26981,-48.70082,DEL02-SC,Risco Baixo,Alta
segunda-feira,BR-146,481.4,Anoitecer,Decrescente,Céu Claro,Simples,Não Informado,-21.77175,-46.42149,DEL09-MG,Risco Alto,Baixa
terça-feira,BR-70,9.0,Pleno dia,Decrescente,Nublado,Dupla,Reta,-15.78462,-48.13202,DEL01-DF,Risco Médio,Baixa
sexta-feira,BR-101,208.0,Pleno dia,Crescente,Céu Claro,Múltipla,Reta,-27.6101,-48.6388,DEL01-SC,Risco Médio,Alta
sexta-feira,BR-110,66.0,Pleno dia,Decrescente,Chuva,Simples,Curva,-10.01232,-38.31713,DEL07-BA,Risco Baixo,Baixa
domingo,BR-116,178.0,Plena Noite,Crescente,Céu Claro,Simples,Reta,-22.77496,-43.40081,DEL01-RJ,Risco Médio,Alta
quinta-feira,BR-101,109.0,Plena Noite,Crescente,Céu Claro,Múltipla,Interseção de vias,-5.937378,-35.26483,DEL01-RN,Risco Médio,Alta
quarta-feira,BR-386,342.7,Pleno dia,Decrescente,Sol,Simples,Reta,-29.43163,-52.01193,DEL04-RS,Risco Médio,Média
domingo,BR-101,135.8,Plena Noite,Crescente,Nublado,Múltipla,Retorno Regulamentado,-19.30633,-40.08222,DEL04-ES,Risco Médio,Alta
segunda-feira,BR-381,72.5,Pleno dia,Crescente,Chuva,Dupla,Curva,-23.35762,-46.5497,DEL03-SP,Risco Médio,Alta
segunda-feira,BR-277,2.0,Plena Noite,Decrescente,Chuva,Dupla,Reta,-25.5205,-48.5095,DEL01-PR,Risco Médio,Média
quarta-feira,BR-153,669.1,Pleno dia,Decrescente,Céu Claro,Simples,Reta,-11.70108,-49.07273,DEL02-TO,Risco Baixo,Alta
domingo,BR-60,377.0,Pleno dia,Decrescente,Céu Claro,Dupla,Reta,-17.76148,-50.88106,DEL04-GO,Risco Baixo,Média
quarta-feira,BR-376,168.0,Pleno dia,Crescente,Céu Claro,Dupla,Desvio Temporário,-23.40979,-51.98745,DEL09-PR,Risco Médio,Baixa
sábado,BR-287,350.0,Plena Noite,Decrescente,Céu Claro,Simples,Curva,-29.51133,-54.67712,DEL12-RS,Risco Médio,Baixa
sábado,BR-285,212.3,Plena Noite,Crescente,Céu Claro,Simples,Não Informado,-28.23721,-51.63981,DEL08-RS,Risco Médio,Baixa
quarta-feira,BR-316,581.8,Pleno dia,Decrescente,Céu Claro,Simples,Desvio Temporário,-4.96847,-43.11412,DEL03-MA,Risco Alto,Baixa
domingo,BR-267,479.0,Plena Noite,Crescente,Céu Claro,Simples,Reta,-21.46602,-56.12921,DEL05-MS,Risco Médio,Baixa
quarta-feira,BR-280,52.3,Amanhecer,Decrescente,Nublado,Simples,Reta,-26.4689,-48.96492,DEL03-SC,Risco Médio,Baixa
segunda-feira,BR-101,96.0,Pleno dia,Crescente,Céu Claro,Simples,Reta,-18.94725,-39.97973,DEL04-ES,Risco Médio,Alta
quinta-feira,BR-163,476.5,Pleno dia,Crescente,Chuva,Simples,Reta,-20.51163,-54.56031,DEL01-MS,Risco Médio,Alta
segunda-feira,BR-277,117.8,Anoitecer,Crescente,Nublado,Dupla,Reta,-25.435,-49.52764,DEL01-PR,Risco Médio,Média
segunda-feira,BR-262,240.4,Pleno dia,Crescente,Céu Claro,Simples,Não Informado,-20.45767,-53.76552,DEL01-MS,Risco Médio,Média
sábado,BR-470,122.0,Pleno dia,Crescente,Céu Claro,Simples,Desvio Temporário,-27.09989,-49.52768,DEL04-SC,Risco Médio,Baixa
domingo,BR-101,132.0,Plena Noite,Decrescente,Céu Claro,Simples,Reta,-26.99654,-48.65565,DEL04-SC,Risco Baixo,Alta
terça-feira,BR-101,207.0,Pleno dia,Crescente,Nevoeiro/Neblina,Múltipla,Reta,-27.5998,-48.6225,DEL01-SC,Risco Médio,Alta
sexta-feira,BR-381,907.5,Pleno dia,Crescente,Chuva,Dupla,Curva,-22.679,-46.0995,DEL16-MG,Risco Baixo,Alta
sábado,BR-153,71.7,Plena Noite,Crescente,Céu Claro,Simples,Interseção de vias,-13.45846,-49.13558,DEL07-GO,Risco Alto,Alta
quinta-feira,BR-381,362.0,Plena Noite,Crescente,Chuva,Simples,Curva,-19.85644,-43.24281,DEL03-MG,Risco Médio,Alta
quinta-feira,BR-381,478.6,Pleno dia,Decrescente,Céu Claro,Dupla,Reta,-19.9643,-44.044,DEL01-MG,Risco Baixo,Alta
segunda-feira,BR-262,774.0,Plena Noite,Crescente,Céu Claro,Simples,Reta,-19.72185,-47.7116,DEL13-MG,Risco Médio,Média
domingo,BR-448,9.0,Plena Noite,Crescente,Chuva,Dupla,Reta,-29.89609,-51.24407,DEL01-RS,Risco Baixo,Baixa
quinta-feira,BR-267,286.4,Pleno dia,Crescente,Nublado,Simples,Curva,-21.92461,-44.77878,DEL17-MG,Risco Médio,Baixa
domingo,BR-376,214.0,Pleno dia,Crescente,Ignorado,Dupla,Reta,-25.4451,-49.50071,DEL07-PR,Risco Médio,Baixa
sexta-feira,BR-376,644.5,Pleno dia,Decrescente,Nublado,Dupla,Reta,-25.82337,-49.12547,DEL01-PR,Risco Médio,Baixa
sábado,BR-163,256.2,Plena Noite,Crescente,Céu Claro,Dupla,Reta,-22.25869,-54.80403,DEL04-MS,Risco Baixo,Alta
segunda-feira,BR-376,434.7,Plena Noite,Crescente,Céu Claro,Dupla,Reta,-24.77304,-50.52051,DEL03-PR,Risco Médio,Baixa
terça-feira,BR-80,20.7,Plena Noite,Decrescente,Céu Claro,Simples,Não Informado,-15.37192,-48.21851,DEL01-DF,Risco Médio,Baixa
domingo,BR-316,254.0,Plena Noite,Crescente,Céu Claro,Simples,Reta,-6.777977,-41.72768,DEL04-PI,Risco Alto,Baixa
sexta-feira,BR-369,187.0,Pleno dia,Decrescente,Céu Claro,Simples,Reta,-23.42797,-51.52588,DEL07-PR,Risco Médio,Baixa
sexta-feira,BR-230,22.8,Pleno dia,Decrescente,Céu Claro,Dupla,Reta,-7.1495,-34.8517,DEL01-PB,Risco Médio,Baixa
segunda-feira,BR-267,373.8,Amanhecer,Crescente,Céu Claro,Simples,Reta,-21.65575,-55.22375,DEL05-MS,Risco Médio,Baixa
sábado,BR-116,174.0,Pleno dia,Decrescente,Nublado,Dupla,Reta,-22.77415,-43.40237,DEL01-RJ,Risco Médio,Alta
quinta-feira,BR-285,151.0,Pleno dia,Crescente,Chuva,Simples,Reta,-28.34384,-51.14823,DEL05-RS,Risco Alto,Baixa
sábado,BR-267,132.2,Plena Noite,Decrescente,Nevoeiro/Neblina,Simples,Curva,-21.75161,-43.58418,DEL05-MG,Risco Médio,Baixa
segunda-feira,BR-364,380.0,Pleno dia,Decrescente,Céu Claro,Simples,Reta,-15.7024,-55.8075,DEL02-MT,Risco Baixo,Alta
sábado,BR-50,282.0,Pleno dia,Crescente,Céu Claro,Simples,Desvio Temporário,-18.1896,-47.9511,DEL06-GO,Risco Médio,Média
quarta-feira,BR-116,274.9,Pleno dia,Decrescente,Sol,Dupla,Reta,-23.61828,-46.80683,DEL04-SP,Risco Médio,Alta
sábado,BR-232,122.3,Pleno dia,Crescente,Céu Claro,Dupla,Reta,-8.302177,-35.91947,DEL02-PE,Risco Médio,Baixa
domingo,BR-60,111.4,Pleno dia,Decrescente,Sol,Dupla,Não Informado,-16.451,-49.0409,DEL01-GO,Risco Médio,Média
quinta-feira,BR-230,5.0,Pleno dia,Decrescente,Céu Claro,Dupla,Reta,-7.01,-34.8312,DEL01-PB,Risco Médio,Baixa
terça-feira,BR-116,166.9,Anoitecer,Decrescente,Chuva,Dupla,Reta,-23.30261,-46.02588,DEL02-SP,Risco Baixo,Alta
terça-feira,BR-101,1.8,Plena Noite,Decrescente,Céu Claro,Dupla,Reta,-20.80038,-40.78879,DEL04-ES,Risco Alto,Alta
sábado,BR-40,527.0,Pleno dia,Decrescente,Céu Claro,Múltipla,Reta,-19.90162,-44.04939,DEL01-MG,Risco Baixo,Alta
sábado,BR-373,172.0,Pleno dia,Decrescente,Céu Claro,Múltipla,Reta,-25.0814,-50.19201,DEL03-PR,Risco Médio,Baixa
domingo,BR-101,32.5,Amanhecer,Decrescente,Céu Claro,Dupla,Reta,-26.2531,-48.9065,DEL03-SC,Risco Alto,Alta
sexta-feira,BR-424,73.6,Anoitecer,Crescente,Nublado,Simples,Não Informado,-8.79971,-36.59103,DEL03-PE,Risco Médio,Baixa
quarta-feira,BR-116,545.0,Pleno dia,Decrescente,Sol,Dupla,Curva,-24.95017,-48.424,DEL05-SP,Risco Médio,Alta
quarta-feira,BR-101,490.0,Plena Noite,Decrescente,Garoa/Chuvisco,Simples,Reta,-22.9564,-44.31283,DEL03-RJ,Risco Médio,Alta
domingo,BR-101,203.0,Plena Noite,Crescente,Céu Claro,Múltipla,Não Informado,-27.56585,-48.61467,DEL01-SC,Risco Baixo,Alta
sábado,BR-153,413.2,Pleno dia,Decrescente,Nublado,Dupla,Curva,-9.523778,-48.5923,DEL02-TO,Risco Baixo,Alta
domingo,BR-116,280.9,Pleno dia,Crescente,Nublado,Dupla,Reta,-23.65202,-46.84782,DEL04-SP,Risco Médio,Alta
segunda-feira,BR-101,71.0,Pleno dia,Decrescente,Céu Claro,Simples,Reta,-21.78578,-41.38139,DEL08-RJ,Risco Médio,Alta
domingo,BR-280,41.3,Plena Noite,Crescente,Nublado,Simples,Reta,-26.45,-48.85791,DEL03-SC,Risco Médio,Baixa
domingo,BR-101,297.0,Pleno dia,Decrescente,Chuva,Múltipla,Interseção de vias,-22.7472,-42.8585,DEL02-RJ,Risco Baixo,Alta
sábado,BR-116,229.5,Pleno dia,Crescente,Céu Claro,Simples,Reta,-29.61889,-51.12162,DEL01-RS,Risco Médio,Alta
segunda-feira,BR-470,173.0,Plena Noite,Crescente,Céu Claro,Simples,Reta,-28.90836,-51.54667,DEL06-RS,Risco Médio,Baixa
domingo,BR-101,313.0,Amanhecer,Crescente,Céu Claro,Simples,Reta,-22.81242,-43.0728,DEL02-RJ,Risco Baixo,Alta
sexta-feira,BR-101,430.0,Plena Noite,Crescente,Nublado,Simples,Reta,-29.05901,-49.62276,DEL02-SC,Risco Médio,Alta
domingo,BR-116,37.0,Pleno dia,Crescente,Céu Claro,Simples,Rotatória,-28.49838,-50.91744,DEL05-RS,Risco Médio,Alta
terça-feira,BR-101,336.0,Pleno dia,Crescente,Céu Claro,Dupla,Reta,-28.4791,-49.0338,DEL02-SC,Risco Médio,Alta
sábado,BR-116,204.0,Anoitecer,Crescente,Céu Claro,Múltipla,Reta,-23.41236,-46.35692,DEL01-SP,Risco Baixo,Alta
sexta-feira,BR-116,66.4,Plena Noite,Crescente,Céu Claro,Simples,Curva,-22.2887,-42.93131,DEL04-RJ,Risco Médio,Alta
domingo,BR-116,13.9,Pleno dia,Decrescente,Nublado,Múltipla,Curva,-3.869189,-38.49796,DEL01-CE,Risco Baixo,Alta
sábado,BR-158,2.3,Plena Noite,Crescente,Céu Claro,Dupla,Reta,-15.88473,-52.27218,DEL07-MT,Risco Médio,Baixa
domingo,BR-262,446.4,Plena Noite,Decrescente,Chuva,Dupla,Reta,-19.87515,-44.95031,DEL08-MG,Risco Médio,Média
domingo,BR-230,27.4,Plena Noite,Decrescente,Nublado,Dupla,Reta,-7.166466,-34.88815,DEL01-PB,Risco Médio,Baixa
quinta-feira,BR-101,304.0,Pleno dia,Crescente,Céu Claro,Dupla,Reta,-22.78492,-42.98629,DEL02-RJ,Risco Baixo,Alta
sábado,BR-116,173.0,Pleno dia,Crescente,Céu Claro,Simples,Reta,-25.88684,-49.50746,DEL01-PR,Risco Alto,Alta
quarta-feira,BR-116,528.0,Pleno dia,Crescente,Céu Claro,Simples,Reta,-31.75074,-52.41851,DEL07-RS,Risco Baixo,Alta
terça-feira,BR-40,674.0,Pleno dia,Decrescente,Chuva,Simples,Reta,-21.04806,-43.76293,DEL05-MG,Risco Médio,Alta
sábado,BR-40,90.6,Pleno dia,Crescente,Céu Claro,Dupla,Não Informado,-22.54722,-43.23746,DEL06-RJ,Risco Alto,Alta
quinta-feira,BR-364,584.0,Anoitecer,Crescente,Chuva,Dupla,Curva,-14.5615,-56.2202,DEL01-MT,Risco Baixo,Alta
quarta-feira,BR-262,49.3,Pleno dia,Crescente,Céu Claro,Simples,Reta,-20.4121,-40.6965,DEL01-ES,Risco Médio,Média
sábado,BR-364,397.0,Pleno dia,Crescente,Céu Claro,Simples,Reta,-15.6676,-55.957,DEL02-MT,Risco Médio,Alta
quinta-feira,BR-101,337.5,Plena Noite,Decrescente,Nublado,Simples,Reta,-20.63575,-40.54199,DEL03-ES,Risco Alto,Alta
quarta-feira,BR-104,53.6,Plena Noite,Decrescente,Nublado,Dupla,Desvio Temporário,-8.178876,-35.9694,DEL02-PE,Risco Médio,Baixa
sexta-feira,BR-101,218.3,Plena Noite,Crescente,Céu Claro,Múltipla,Reta,-27.67586,-48.67053,DEL01-SC,Risco Médio,Alta
domingo,BR-324,516.2,Plena Noite,Crescente,Céu Claro,Simples,Reta,-12.24171,-38.93768,DEL02-BA,Risco Médio,Baixa
domingo,BR-277,94.0,Pleno dia,Decrescente,Céu Claro,Dupla,Reta,-25.43082,-49.32846,DEL01-PR,Risco Médio,Média
quinta-feira,BR-386,357.0,Pleno dia,Decrescente,Chuva,Dupla,Reta,-29.52842,-51.93669,DEL04-RS,Risco Médio,Média
quinta-feira,BR-116,408.5,Pleno dia,Crescente,Garoa/Chuvisco,Dupla,Reta,-24.33351,-47.60108,DEL05-SP,Risco Baixo,Alta
domingo,BR-101,149.0,Pleno dia,Crescente,Céu Claro,Múltipla,Reta,-27.10896,-48.61278,DEL04-SC,Risco Médio,Alta
sexta-feira,BR-101,194.0,Plena Noite,Decrescente,Céu Claro,Dupla,Reta,-27.49815,-48.65661,DEL01-SC,Risco Médio,Alta
segunda-feira,BR-222,0.1,Pleno dia,Crescente,Céu Claro,Múltipla,Reta,-3.73667,-38.56975,DEL01-CE,Risco Médio,Baixa
domingo,BR-471,190.5,Plena Noite,Crescente,Céu Claro,Simples,Reta,-30.15424,-52.37463,DEL02-RS,Risco Baixo,Baixa
sábado,BR-364,262.0,Pleno dia,Crescente,Céu Claro,Simples,Reta,-16.0031,-54.92084,DEL02-MT,Risco Médio,Alta
sexta-feira,BR-40,767.0,Pleno dia,Decrescente,Céu Claro,Simples,Reta,-21.60347,-43.45866,DEL05-MG,Risco Baixo,Alta
sábado,BR-364,377.0,Pleno dia,Crescente,Céu Claro,Simples,Reta,-10.73866,-62.20081,DEL02-RO,Risco Médio,Alta
quarta-feira,BR-163,535.8,Anoitecer,Crescente,Céu Claro,Simples,Reta,-14.42376,-56.11354,DEL01-MT,Risco Baixo,Alta
segunda-feira,BR-101,336.0,Plena Noite,Decrescente,Céu Claro,Simples,Desvio Temporário,-20.62834,-40.53656,DEL03-ES,Risco Médio,Alta
quarta-feira,BR-101,210.6,Pleno dia,Decrescente,Sol,Múltipla,Reta,-27.62215,-48.65065,DEL01-SC,Risco Médio,Alta
segunda-feira,BR-280,55.0,Pleno dia,Crescente,Céu Claro,Simples,Reta,-26.477,-48.9964,DEL03-SC,Risco Baixo,Baixa
sexta-feira,BR-222,3.0,Pleno dia,Decrescente,Chuva,Múltipla,Reta,-3.741873,-38.60536,DEL01-CE,Risco Médio,Baixa
domingo,BR-135,151.0,Plena Noite,Decrescente,Céu Claro,Simples,Reta,-11.99533,-44.94095,DEL10-BA,Risco Alto,Baixa
sábado,BR-116,227.5,Anoitecer,Crescente,Nublado,Múltipla,Reta,-23.501,-46.563,DEL01-SP,Risco Médio,Alta
quinta-feira,BR-116,118.6,Pleno dia,Decrescente,Sol,Simples,Curva,-16.5826,-41.50168,DEL11-MG,Risco Médio,Alta
sexta-feira,BR-230,12.0,Pleno dia,Decrescente,Céu Claro,Dupla,Reta,-7.068,-34.85,DEL01-PB,Risco Médio,Baixa
sábado,BR-280,68.0,Anoitecer,Decrescente,Céu Claro,Simples,Reta,-26.47277,-49.111,DEL03-SC,Risco Médio,Baixa
domingo,BR-153,498.5,Pleno dia,Crescente,Céu Claro,Simples,Curva,-10.18391,-48.88017,DEL01-TO,Risco Médio,Alta
domingo,BR-381,65.0,Amanhecer,Crescente,Céu Claro,Múltipla,Reta,-23.31655,-46.58251,DEL03-SP,Risco Baixo,Alta
terça-feira,BR-277,109.0,Pleno dia,Decrescente,Céu Claro,Dupla,Reta,-25.45492,-49.36104,DEL01-PR,Risco Baixo,Média
sábado,BR-163,503.4,Pleno dia,Crescente,Céu Claro,Dupla,Reta,-20.30248,-54.50535,DEL01-MS,Risco Médio,Alta
sexta-feira,BR-40,736.2,Pleno dia,Decrescente,Nublado,Simples,Curva,-21.38297,-43.57034,DEL05-MG,Risco Médio,Alta
sábado,BR-364,41.0,Pleno dia,Decrescente,Céu Claro,Simples,Reta,-12.62721,-60.33445,DEL04-RO,Risco Médio,Alta
segunda-feira,BR-101,67.0,Pleno dia,Crescente,Céu Claro,Dupla,Curva,-21.76751,-41.34876,DEL08-RJ,Risco Médio,Alta
quarta-feira,BR-101,26.0,Plena Noite,Decrescente,Chuva,Dupla,Curva,-7.7145,-34.9349,DEL01-PE,Risco Baixo,Alta
sexta-feira,BR-381,908.0,Pleno dia,Crescente,Chuva,Dupla,Não Informado,-22.68034,-46.10116,DEL16-MG,Risco Médio,Alta
segunda-feira,BR-116,499.0,Plena Noite,Crescente,Chuva,Dupla,Curva,-24.78268,-48.18274,DEL05-SP,Risco Médio,Alta
sexta-feira,BR-316,426.8,Plena Noite,Crescente,Céu Claro,Simples,Curva,-4.377322,-44.3237,DEL03-MA,Risco Médio,Baixa
terça-feira,BR-386,335.9,Amanhecer,Crescente,Nublado,Simples,Reta,-29.39974,-52.04049,DEL04-RS,Risco Médio,Média
domingo,BR-364,710.0,Amanhecer,Decrescente,Céu Claro,Dupla,Reta,-8.784649,-63.86034,DEL01-RO,Risco Médio,Alta
quarta-feira,BR-470,122.5,Pleno dia,Crescente,Chuva,Simples,Curva,-27.09695,-49.53104,DEL04-SC,Risco Baixo,Baixa
domingo,BR-364,100.0,Pleno dia,Crescente,Céu Claro,Simples,Reta,-10.06313,-67.59071,DEL01-AC,Risco Baixo,Alta
domingo,BR-163,205.0,Plena Noite,Crescente,Céu Claro,Simples,Reta,-22.6612,-54.80076,DEL04-MS,Risco Médio,Alta
sexta-feira,BR-476,99.0,Pleno dia,Crescente,Chuva,Simples,Curva,-25.2072,-49.1141,DEL01-PR,Risco Médio,Baixa
terça-feira,BR-277,174.0,Plena Noite,Crescente,Céu Claro,Dupla,Reta,-25.44322,-49.96467,DEL08-PR,Risco Médio,Média
terça-feira,BR-116,189.0,Plena Noite,Decrescente,Nublado,Dupla,Reta,-22.73692,-43.545,DEL01-RJ,Risco Médio,Alta
domingo,BR-116,256.0,Pleno dia,Crescente,Sol,Dupla,Reta,-29.84394,-51.17729,DEL01-RS,Risco Médio,Alta
terça-feira,BR-101,209.0,Plena Noite,Crescente,Nublado,Múltipla,Reta,-27.61001,-48.63895,DEL01-SC,Risco Médio,Alta
domingo,BR-116,453.0,Plena Noite,Crescente,Céu Claro,Dupla,Não Informado,-31.22116,-52.01063,DEL02-RS,Risco Médio,Alta
terça-feira,BR-386,6.9,Plena Noite,Decrescente,Céu Claro,Simples,Reta,-27.19323,-53.27533,DEL08-RS,Risco Médio,Média
sábado,BR-376,362.0,Plena Noite,Crescente,Nublado,Simples,Reta,-24.32849,-50.84703,DEL03-PR,Risco Médio,Baixa
segunda-feira,BR-364,424.0,Pleno dia,Crescente,Céu Claro,Dupla,Reta,-10.44457,-62.46568,DEL03-RO,Risco Médio,Alta
terça-feira,BR-262,560.9,Pleno dia,Crescente,Céu Claro,Simples,Curva,-19.8249,-45.9063,DEL08-MG,Risco Médio,Média
domingo,BR-304,293.6,Plena Noite,Crescente,Céu Claro,Simples,Desvio Temporário,-5.868622,-35.38032,DEL01-RN,Risco Médio,Baixa
quarta-feira,BR-40,17.0,Pleno dia,Crescente,Céu Claro,Dupla,Curva,-22.08366,-43.17846,DEL06-RJ,Risco Médio,Alta
sábado,BR-280,55.0,Plena Noite,Decrescente,Céu Claro,Dupla,Curva,-26.47584,-48.99379,DEL03-SC,Risco Médio,Baixa
sexta-feira,BR-376,388.0,Plena Noite,Crescente,Chuva,Dupla,Reta,-24.46367,-50.74958,DEL03-PR,Risco Médio,Baixa
sexta-feira,BR-364,174.1,Pleno dia,Decrescente,Céu Claro,Simples,Reta,-11.81738,-61.03744,DEL02-RO,Risco Médio,Alta
sábado,BR-277,722.0,Pleno dia,Decrescente,Céu Claro,Dupla,Reta,-25.49566,-54.52085,DEL05-PR,Risco Médio,Média
sexta-feira,BR-116,223.0,Plena Noite,Decrescente,Céu Claro,Múltipla,Reta,-23.47284,-46.52028,DEL01-SP,Risco Médio,Alta
segunda-feira,BR-101,72.0,Plena Noite,Decrescente,Nublado,Dupla,Curva,-8.081723,-34.94313,DEL01-PE,Risco Baixo,Alta
domingo,BR-153,217.0,Plena Noite,Crescente,Céu Claro,Simples,Não Informado,-14.66504,-49.19572,DEL07-GO,Risco Médio,Alta
terça-feira,BR-40,61.0,Pleno dia,Decrescente,Sol,Simples,Retorno Regulamentado,-22.40241,-43.13786,DEL06-RJ,Risco Médio,Alta
segunda-feira,BR-222,59.8,Amanhecer,Decrescente,Céu Claro,Simples,Reta,-3.670534,-39.07182,DEL01-CE,Risco Médio,Baixa
sábado,BR-381,37.0,Pleno dia,Crescente,Sol,Dupla,Reta,-23.10937,-46.57048,DEL03-SP,Risco Médio,Alta
domingo,BR-153,591.0,Plena Noite,Decrescente,Chuva,Simples,Curva,-31.2774,-53.9087,DEL11-RS,Risco Médio,Alta
sexta-feira,BR-20,37.0,Plena Noite,Crescente,Céu Claro,Simples,Reta,-15.43749,-47.09821,DEL02-DF,Risco Médio,Baixa
sexta-feira,BR-230,360.8,Plena Noite,Crescente,Céu Claro,Simples,Reta,-6.91684,-37.46817,DEL03-PB,Risco Alto,Baixa
sexta-feira,BR-277,37.0,Pleno dia,Decrescente,Garoa/Chuvisco,Dupla,Curva,-25.57218,-48.8356,DEL01-PR,Risco Baixo,Média
domingo,BR-316,15.4,Plena Noite,Crescente,Céu Claro,Dupla,Reta,-1.365019,-48.30905,DEL01-PA,Risco Médio,Baixa
segunda-feira,BR-262,445.0,Plena Noite,Crescente,Céu Claro,Dupla,Reta,-19.878,-44.94086,DEL08-MG,Risco Baixo,Média
sábado,BR-116,495.8,Plena Noite,Crescente,Nublado,Simples,Curva,-19.58567,-42.11609,DEL06-MG,Risco Médio,Alta
domingo,BR-163,737.0,Pleno dia,Decrescente,Sol,Simples,Reta,-12.6669,-55.79254,DEL06-MT,Risco Médio,Alta
segunda-feira,BR-381,532.0,Plena Noite,Decrescente,Chuva,Dupla,Não Informado,-20.1642,-44.3666,DEL04-MG,Risco Baixo,Alta
domingo,BR-101,336.0,Plena Noite,Decrescente,Céu Claro,Dupla,Reta,-28.47311,-49.02437,DEL02-SC,Risco Baixo,Alta
quarta-feira,BR-232,79.3,Plena Noite,Decrescente,Céu Claro,Simples,Reta,-8.195567,-35.5643,DEL01-PE,Risco Médio,Baixa
sábado,BR-428,144.0,Plena Noite,Decrescente,Céu Claro,Simples,Reta,-9.0308,-40.2882,DEL06-PE,Risco Alto,Baixa
terça-feira,BR-364,45.7,Plena Noite,Decrescente,Nublado,Simples,Desvio Temporário,-17.04109,-53.48136,DEL02-MT,Risco Alto,Alta
domingo,BR-376,228.9,Plena Noite,Crescente,Nublado,Dupla,Reta,-23.5646,-51.54127,DEL07-PR,Risco Médio,Baixa