dia_semana,br,km,fase_dia,sentido_via,condicao_metereologica,tipo_pista,tracado_via,latitude,longitude,delegacia,classificacao_acidente,postos_policiais_PRF
quinta-feira,BR-101,420.0,Pleno dia,Decrescente,Céu Claro,Simples,Interseção de vias,-22.91898,-43.92318,DEL03-RJ,Risco Médio,Alta
sábado,BR-101,270.2,Pleno dia,Decrescente,Sol,Múltipla,Reta,-20.22921,-40.27224,DEL02-ES,Risco Médio,Alta
sexta-feira,BR-226,85.6,Pleno dia,Crescente,Chuva,Simples,Não Informado,-6.207219,-35.81327,DEL03-RN,Risco Médio,Baixa
terça-feira,BR-393,281.2,Pleno dia,Decrescente,Céu Claro,Simples,Reta,-22.47392,-44.06116,DEL05-RJ,Risco Baixo,Média
terça-feira,BR-116,226.0,Pleno dia,Decrescente,Sol,Múltipla,Reta,-23.49809,-46.5586,DEL01-SP,Risco Médio,Alta
sábado,BR-60,99.0,Plena Noite,Decrescente,Céu Claro,Simples,Não Informado,-16.3924,-48.9588,DEL02-GO,Risco Médio,Média
sexta-feira,BR-290,44.8,Plena Noite,Crescente,Vento,Dupla,Reta,-29.88989,-50.69965,DEL03-RS,Risco Baixo,Baixa
segunda-feira,BR-277,712.2,Plena Noite,Decrescente,Céu Claro,Dupla,Reta,-25.45446,-54.42303,DEL05-PR,Risco Baixo,Média
domingo,BR-316,267.1,Pleno dia,Crescente,Céu Claro,Simples,Curva,-6.889913,-41.7453,DEL04-PI,Risco Médio,Baixa
sexta-feira,BR-364,359.0,Plena Noite,Decrescente,Céu Claro,Dupla,Reta,-15.78168,-55.65536,DEL02-MT,Risco Baixo,Alta
sexta-feira,BR-232,62.0,Pleno dia,Decrescente,Nublado,Dupla,Curva,-8.155986,-35.42308,DEL02-PE,Risco Médio,Baixa
segunda-feira,BR-435,73.0,Plena Noite,Crescente,Céu Claro,Simples,Reta,-13.10381,-60.42733,DEL04-RO,Risco Médio,Baixa
domingo,BR-163,831.0,Pleno dia,Decrescente,Céu Claro,Dupla,Curva,-11.88314,-55.50121,DEL06-MT,Risco Baixo,Alta
quinta-feira,BR-116,638.7,Plena Noite,Crescente,Céu Claro,Simples,Curva,-13.56094,-40.07805,DEL03-BA,Risco Médio,Alta
quarta-feira,BR-316,21.7,Pleno dia,Decrescente,Céu Claro,Dupla,Retorno Regulamentado,-1.352941,-48.25678,DEL01-PA,Risco Médio,Baixa
segunda-feira,BR-381,345.0,Plena Noite,Crescente,Chuva,Simples,Curva,-19.7784,-43.0437,DEL03-MG,Risco Médio,Alta
sábado,BR-116,166.0,Amanhecer,Decrescente,Céu Claro,Múltipla,Reta,-22.8156,-43.30052,DEL01-RJ,Risco Médio,Alta
sábado,BR-393,238.2,Pleno dia,Decrescente,Sol,Simples,Interseção de vias,-22.42948,-43.69738,DEL05-RJ,Risco Médio,Média
sexta-feira,BR-316,60.9,Plena Noite,Decrescente,Garoa/Chuvisco,Simples,Reta,-5.584,-42.615,DEL01-PI,Risco Baixo,Baixa
domingo,BR-459,8.3,Pleno dia,Crescente,Céu Claro,Simples,Não Informado,-21.81475,-46.46929,DEL09-MG,Risco Médio,Baixa
domingo,BR-116,167.0,Plena Noite,Crescente,Céu Claro,Múltipla,Reta,-22.80337,-43.34752,DEL01-RJ,Risco Médio,Alta
domingo,BR-316,106.0,Amanhecer,Decrescente,Céu Claro,Simples,Reta,-5.857445,-42.44014,DEL04-PI,Risco Alto,Baixa
sexta-feira,BR-101,35.0,Pleno dia,Crescente,Céu Claro,Dupla,Reta,-6.8061,-35.1402,DEL01-PB,Risco Médio,Alta
quinta-feira,BR-70,1.0,Plena Noite,Decrescente,Céu Claro,Dupla,Reta,-15.77579,-48.23259,DEL01-DF,Risco Médio,Baixa
terça-feira,BR-153,210.2,Pleno dia,Decrescente,Céu Claro,Simples,Reta,-20.02638,-48.93599,DEL13-MG,Risco Baixo,Alta
domingo,BR-116,256.0,Pleno dia,Decrescente,Nublado,Simples,Não Informado,-10.82266,-38.86793,DEL07-BA,Risco Alto,Alta
quinta-feira,BR-101,195.0,Pleno dia,Crescente,Sol,Múltipla,Reta,-27.511,-48.643,DEL01-SC,Risco Médio,Alta
segunda-feira,BR-50,28.5,Pleno dia,Crescente,Nublado,Dupla,Não Informado,-18.62034,-48.11087,DEL15-MG,Risco Baixo,Média
domingo,BR-285,115.9,Plena Noite,Decrescente,Nevoeiro/Neblina,Simples,Reta,-28.51297,-50.89545,DEL05-RS,Risco Baixo,Baixa
segunda-feira,BR-104,62.1,Pleno dia,Decrescente,Céu Claro,Simples,Curva,-9.30688,-35.94084,DEL01-AL,Risco Médio,Baixa
sábado,BR-381,676.8,Plena Noite,Crescente,Céu Claro,Dupla,Reta,-21.10124,-45.08642,DEL04-MG,Risco Médio,Alta
sábado,BR-10,306.0,Plena Noite,Decrescente,Céu Claro,Simples,Reta,-5.060839,-47.55799,DEL04-MA,Risco Médio,Baixa
terça-feira,BR-101,86.0,Plena Noite,Crescente,Nublado,Simples,Reta,-8.1847,-34.96817,DEL01-PE,Risco Baixo,Alta
segunda-feira,BR-101,107.6,Pleno dia,Crescente,Chuva,Múltipla,Viaduto,-5.922589,-35.26518,DEL01-RN,Risco Médio,Alta
sexta-feira,BR-116,318.0,Pleno dia,Crescente,Sol,Simples,Não Informado,-30.27277,-51.40935,DEL02-RS,Risco Baixo,Alta
sexta-feira,BR-116,373.8,Plena Noite,Crescente,Céu Claro,Simples,Reta,-6.384219,-38.81677,DEL05-CE,Risco Médio,Alta
domingo,BR-343,2.8,Pleno dia,Crescente,Nublado,Dupla,Reta,-5.089569,-42.80229,DEL01-PI,Risco Baixo,Baixa
quinta-feira,BR-116,13.0,Plena Noite,Crescente,Céu Claro,Simples,Reta,-21.95256,-42.73352,DEL04-RJ,Risco Médio,Alta
quinta-feira,BR-101,202.0,Plena Noite,Crescente,Céu Claro,Múltipla,Reta,-27.5651,-48.6144,DEL01-SC,Risco Baixo,Alta
quinta-feira,BR-60,94.4,Pleno dia,Crescente,Chuva,Dupla,Reta,-16.36381,-48.93527,DEL02-GO,Risco Médio,Média
sábado,BR-101,203.1,Plena Noite,Decrescente,Chuva,Dupla,Curva,-27.5742,-48.6134,DEL01-SC,Risco Médio,Alta
terça-feira,BR-40,42.3,Plena Noite,Crescente,Garoa/Chuvisco,Simples,Não Informado,-17.21884,-46.86668,DEL14-MG,Risco Médio,Alta
segunda-feira,BR-361,4.5,Pleno dia,Decrescente,Sol,Simples,Reta,-7.03208,-37.29365,DEL03-PB,Risco Médio,Baixa
sexta-feira,BR-10,240.0,Anoitecer,Decrescente,Céu Claro,Simples,Reta,-5.625862,-47.40891,DEL04-MA,Risco Médio,Baixa
quinta-feira,BR-376,666.0,Pleno dia,Crescente,Chuva,Múltipla,Curva,-25.8644,-48.9499,DEL01-PR,Risco Médio,Baixa
quarta-feira,BR-101,126.0,Pleno dia,Crescente,Chuva,Dupla,Reta,-26.95564,-48.67978,DEL04-SC,Risco Médio,Alta
sábado,BR-101,308.0,Pleno dia,Decrescente,Céu Claro,Dupla,Reta,-22.79309,-43.0248,DEL02-RJ,Risco Baixo,Alta
sexta-feira,BR-101,119.0,Amanhecer,Crescente,Nublado,Dupla,Reta,-26.9043,-48.7156,DEL04-SC,Risco Médio,Alta
domingo,BR-174,460.0,Pleno dia,Crescente,Céu Claro,Simples,Reta,-13.88203,-59.76229,DEL04-MT,Risco Baixo,Baixa
domingo,BR-392,19.0,Plena Noite,Crescente,Céu Claro,Múltipla,Reta,-31.7654,-52.33759,DEL07-RS,Risco Médio,Média
quarta-feira,BR-393,279.8,Plena Noite,Crescente,Céu Claro,Simples,Reta,-22.47695,-44.04832,DEL05-RJ,Risco Médio,Média
domingo,BR-101,209.0,Amanhecer,Crescente,Nublado,Múltipla,Reta,-27.61035,-48.63895,DEL01-SC,Risco Baixo,Alta
domingo,BR-376,503.1,Pleno dia,Decrescente,Nublado,Dupla,Reta,-25.17677,-50.10034,DEL03-PR,Risco Médio,Baixa
terça-feira,BR-101,276.1,Plena Noite,Decrescente,Nublado,Dupla,Reta,-20.20798,-40.30031,DEL02-ES,Risco Médio,Alta
domingo,BR-277,99.0,Plena Noite,Decrescente,Céu Claro,Dupla,Reta,-25.42826,-49.27348,DEL01-PR,Risco Médio,Média
domingo,BR-282,122.8,Pleno dia,Crescente,Sol,Simples,Reta,-27.80425,-49.44715,DEL05-SC,Risco Médio,Baixa
quarta-feira,BR-472,568.0,Anoitecer,Crescente,Céu Claro,Simples,Curva,-29.74632,-56.98682,DEL13-RS,Risco Baixo,Baixa
sábado,BR-280,92.7,Pleno dia,Decrescente,Céu Claro,Simples,Reta,-26.39684,-49.29634,DEL06-SC,Risco Médio,Baixa
domingo,BR-324,545.0,Pleno dia,Crescente,Nublado,Dupla,Reta,-12.40647,-38.75314,DEL01-BA,Risco Médio,Baixa
segunda-feira,BR-174,14.5,Anoitecer,Crescente,Céu Claro,Dupla,Reta,-12.73307,-60.12981,DEL04-RO,Risco Médio,Baixa
quarta-feira,BR-101,218.0,Plena Noite,Crescente,Nublado,Múltipla,Reta,-27.67586,-48.67053,DEL01-SC,Risco Médio,Alta
domingo,BR-70,354.0,Pleno dia,Decrescente,Céu Claro,Simples,Desvio Temporário,-15.89123,-51.09271,DEL04-GO,Risco Médio,Baixa
sábado,BR-470,100.0,Pleno dia,Decrescente,Céu Claro,Simples,Curva,-27.04514,-49.39414,DEL04-SC,Risco Alto,Baixa
sexta-feira,BR-230,413.0,Pleno dia,Decrescente,Nublado,Simples,Reta,-7.500902,-46.1185,DEL05-MA,Risco Médio,Baixa
sábado,BR-343,3.7,Plena Noite,Decrescente,Nublado,Múltipla,Reta,-5.08039,-42.7869,DEL01-PI,Risco Médio,Baixa
sexta-feira,BR-364,426.8,Anoitecer,Crescente,Nublado,Simples,Reta,-10.43243,-62.47961,DEL03-RO,Risco Médio,Alta
segunda-feira,BR-101,98.8,Anoitecer,Decrescente,Nublado,Dupla,Reta,-8.256534,-35.03812,DEL01-PE,Risco Médio,Alta
sábado,BR-365,8.3,Pleno dia,Decrescente,Céu Claro,Simples,Não Informado,-16.78382,-43.89079,DEL12-MG,Risco Médio,Média
sexta-feira,BR-277,196.0,Plena Noite,Crescente,Céu Claro,Simples,Não Informado,-25.46517,-50.2427,DEL03-PR,Risco Alto,Média
sexta-feira,BR-40,532.7,Pleno dia,Crescente,Céu Claro,Dupla,Interseção de vias,-19.92628,-44.00827,DEL01-MG,Risco Médio,Alta
sexta-feira,BR-20,54.0,Pleno dia,Crescente,Céu Claro,Dupla,Curva,-15.57815,-47.38486,DEL02-DF,Risco Médio,Baixa
terça-feira,BR-40,22.9,Anoitecer,Decrescente,Céu Claro,Dupla,Curva,-22.12245,-43.15685,DEL06-RJ,Risco Médio,Alta
sábado,BR-242,437.0,Amanhecer,Decrescente,Nublado,Simples,Reta,-11.86609,-49.40862,DEL01-TO,Risco Baixo,Baixa
domingo,BR-116,109.0,Pleno dia,Decrescente,Sol,Dupla,Reta,-25.42826,-49.27348,DEL01-PR,Risco Médio,Alta
sábado,BR-369,360.2,Pleno dia,Crescente,Céu Claro,Simples,Reta,-24.0869,-52.4066,DEL09-PR,Risco Médio,Baixa
sábado,BR-316,19.0,Pleno dia,Decrescente,Céu Claro,Dupla,Reta,-1.364193,-48.27563,DEL01-PA,Risco Médio,Baixa
sábado,BR-369,137.6,Amanhecer,Crescente,Céu Claro,Simples,Curva,-23.2704,-51.04591,DEL07-PR,Risco Baixo,Baixa
sexta-feira,BR-163,1035.0,Pleno dia,Decrescente,Céu Claro,Simples,Reta,-10.18789,-54.94778,DEL06-MT,Risco Médio,Alta
domingo,BR-282,526.0,Amanhecer,Decrescente,Céu Claro,Simples,Curva,-26.96369,-52.54829,DEL07-SC,Risco Médio,Baixa
sexta-feira,BR-153,145.0,Pleno dia,Crescente,Céu Claro,Dupla,Não Informado,-7.205036,-48.24035,DEL02-TO,Risco Médio,Alta
domingo,BR-116,69.0,Pleno dia,Decrescente,Nublado,Dupla,Reta,-22.33623,-42.93866,DEL04-RJ,Risco Médio,Alta
sexta-feira,BR-251,6.5,Pleno dia,Crescente,Chuva,Simples,Curva,-15.99996,-47.55723,DEL01-DF,Risco Médio,Baixa
segunda-feira,BR-116,668.8,Pleno dia,Decrescente,Sol,Simples,Reta,-13.76679,-40.10213,DEL03-BA,Risco Médio,Alta
quinta-feira,BR-101,118.2,Pleno dia,Crescente,Céu Claro,Dupla,Reta,-26.89513,-48.7193,DEL04-SC,Risco Médio,Alta
sexta-feira,BR-101,149.1,Plena Noite,Decrescente,Chuva,Simples,Não Informado,-19.39619,-40.06436,DEL04-ES,Risco Médio,Alta
terça-feira,BR-116,179.2,Pleno dia,Crescente,Céu Claro,Dupla,Curva,-22.7699,-43.40804,DEL01-RJ,Risco Médio,Alta
quinta-feira,BR-101,25.6,Pleno dia,Crescente,Céu Claro,Simples,Curva,-21.42934,-41.3455,DEL08-RJ,Risco Médio,Alta
segunda-feira,BR-101,0.8,Plena Noite,Crescente,Céu Claro,Dupla,Reta,-20.24045,-40.27993,DEL02-ES,Risco Médio,Alta
terça-feira,BR-230,85.9,Pleno dia,Decrescente,Nublado,Dupla,Não Informado,-7.149293,-34.9116,DEL01-PB,Risco Médio,Baixa
sábado,BR-116,756.4,Plena Noite,Crescente,Nublado,Simples,Reta,-14.51717,-40.37025,DEL08-BA,Risco Baixo,Alta
segunda-feira,BR-40,308.0,Pleno dia,Decrescente,Chuva,Simples,Reta,-18.4213,-45.0848,DEL14-MG,Risco Médio,Alta
quarta-feira,BR-467,109.0,Plena Noite,Decrescente,Céu Claro,Dupla,Reta,-24.9261,-53.4589,DEL04-PR,Risco Baixo,Baixa
sexta-feira,BR-452,95.9,Pleno dia,Crescente,Céu Claro,Simples,Ponte,-18.10096,-50.07358,DEL03-GO,Risco Médio,Baixa
domingo,BR-116,5.5,Amanhecer,Crescente,Chuva,Dupla,Reta,-22.52948,-44.7446,DEL08-SP,Risco Baixo,Alta
quinta-feira,BR-163,1041.0,Plena Noite,Decrescente,Nublado,Simples,Desvio Temporário,-10.27041,-55.01042,DEL06-MT,Risco Alto,Alta
sexta-feira,BR-101,262.0,Plena Noite,Crescente,Céu Claro,Dupla,Reta,-22.71368,-42.62053,DEL02-RJ,Risco Médio,Alta
segunda-feira,BR-40,508.0,Pleno dia,Crescente,Céu Claro,Dupla,Reta,-19.76061,-44.13475,DEL02-MG,Risco Médio,Alta
segunda-feira,BR-70,511.0,Pleno dia,Crescente,Céu Claro,Simples,Ponte,-15.69932,-56.11293,DEL02-MT,Risco Médio,Baixa
domingo,BR-101,131.0,Plena Noite,Crescente,Chuva,Simples,Reta,-26.9965,-48.6555,DEL04-SC,Risco Médio,Alta
domingo,BR-101,63.6,Plena Noite,Decrescente,Chuva,Dupla,Reta,-26.46283,-48.75312,DEL03-SC,Risco Médio,Alta
domingo,BR-116,207.0,Plena Noite,Crescente,Céu Claro,Dupla,Reta,-23.4201,-46.3854,DEL01-SP,Risco Médio,Alta
sexta-feira,BR-277,77.0,Plena Noite,Crescente,Nublado,Dupla,Reta,-25.5307,-49.1958,DEL01-PR,Risco Alto,Média
sábado,BR-242,145.0,Pleno dia,Decrescente,Céu Claro,Simples,Reta,-12.54526,-39.56347,DEL06-BA,Risco Baixo,Baixa
domingo,BR-470,226.0,Pleno dia,Decrescente,Céu Claro,Dupla,Curva,-29.21556,-51.51744,DEL06-RS,Risco Médio,Baixa
sábado,BR-101,66.5,Pleno dia,Decrescente,Céu Claro,Dupla,Rotatória,-21.76574,-41.34542,DEL08-RJ,Risco Médio,Alta
sábado,BR-116,594.0,Pleno dia,Crescente,Céu Claro,Simples,Reta,-13.02947,-39.9625,DEL03-BA,Risco Baixo,Alta
domingo,BR-230,82.4,Pleno dia,Decrescente,Nublado,Simples,Reta,-6.100984,-47.90268,DEL02-TO,Risco Baixo,Baixa
terça-feira,BR-101,675.5,Pleno dia,Decrescente,Garoa/Chuvisco,Simples,Curva,-15.96671,-39.5601,DEL09-BA,Risco Médio,Alta
domingo,BR-435,33.3,Pleno dia,Crescente,Nublado,Simples,Não Informado,-12.83104,-60.37337,DEL04-RO,Risco Médio,Baixa
sexta-feira,BR-386,58.5,Plena Noite,Crescente,Céu Claro,Simples,Curva,-27.55461,-53.35849,DEL08-RS,Risco Alto,Média
segunda-feira,BR-50,198.4,Plena Noite,Crescente,Céu Claro,Dupla,Reta,-17.5628,-47.8265,DEL06-GO,Risco Médio,Média
quinta-feira,BR-381,940.0,Plena Noite,Decrescente,Chuva,Dupla,Curva,-22.85421,-46.3374,DEL16-MG,Risco Baixo,Alta
sábado,BR-381,908.3,Pleno dia,Crescente,Garoa/Chuvisco,Dupla,Curva,-22.71744,-46.12652,DEL16-MG,Risco Médio,Alta
terça-feira,BR-101,131.4,Pleno dia,Decrescente,Céu Claro,Múltipla,Reta,-26.99064,-48.66311,DEL04-SC,Risco Médio,Alta
sábado,BR-381,859.0,Plena Noite,Decrescente,Céu Claro,Dupla,Reta,-22.31347,-45.90382,DEL16-MG,Risco Baixo,Alta
terça-feira,BR-116,47.0,Plena Noite,Decrescente,Céu Claro,Múltipla,Reta,-4.111489,-38.49145,DEL01-CE,Risco Médio,Alta
quinta-feira,BR-116,107.4,Pleno dia,Decrescente,Céu Claro,Dupla,Reta,-25.56788,-49.235,DEL01-PR,Risco Médio,Alta
segunda-feira,BR-101,206.0,Pleno dia,Crescente,Nublado,Múltipla,Reta,-27.59194,-48.61825,DEL01-SC,Risco Médio,Alta
sexta-feira,BR-416,8.7,Plena Noite,Crescente,Céu Claro,Simples,Curva,-8.96715,-36.01681,DEL01-AL,Risco Médio,Baixa
sexta-feira,BR-101,83.9,Pleno dia,Crescente,Céu Claro,Dupla,Reta,-5.771045,-35.26617,DEL02-RN,Risco Médio,Alta
domingo,BR-116,251.6,Pleno dia,Crescente,Sol,Dupla,Reta,-29.80535,-51.1665,DEL01-RS,Risco Baixo,Alta
domingo,BR-40,119.0,Pleno dia,Crescente,Nublado,Múltipla,Reta,-22.63007,-43.28535,DEL01-RJ,Risco Baixo,Alta
sábado,BR-316,306.0,Pleno dia,Crescente,Garoa/Chuvisco,Simples,Reta,-7.077007,-41.5096,DEL04-PI,Risco Médio,Baixa
sexta-feira,BR-116,146.0,Plena Noite,Decrescente,Céu Claro,Dupla,Não Informado,-23.19005,-45.86085,DEL02-SP,Risco Baixo,Alta
terça-feira,BR-60,256.7,Plena Noite,Crescente,Céu Claro,Dupla,Reta,-17.1574,-50.03142,DEL01-GO,Risco Médio,Média
sexta-feira,BR-316,3.0,Pleno dia,Decrescente,Céu Claro,Dupla,Reta,-1.387902,-48.41091,DEL01-PA,Risco Médio,Baixa
quarta-feira,BR-50,178.3,Plena Noite,Decrescente,Chuva,Dupla,Reta,-17.39975,-47.77813,DEL06-GO,Risco Baixo,Média
terça-feira,BR-262,36.0,Pleno dia,Crescente,Céu Claro,Simples,Não Informado,-20.38264,-40.6033,DEL01-ES,Risco Médio,Média
quinta-feira,BR-60,165.7,Pleno dia,Crescente,Nublado,Dupla,Interseção de vias,-16.7084,-49.3503,DEL01-GO,Risco Médio,Média
terça-feira,BR-429,342.8,Plena Noite,Decrescente,Céu Claro,Múltipla,Não Informado,-10.8796,-61.94403,DEL02-RO,Risco Médio,Baixa
quinta-feira,BR-163,839.0,Plena Noite,Decrescente,Céu Claro,Simples,Reta,-11.95105,-55.51688,DEL06-MT,Risco Médio,Alta
sábado,BR-476,363.0,Pleno dia,Crescente,Céu Claro,Simples,Reta,-26.2109,-51.0856,DEL02-PR,Risco Médio,Baixa
quarta-feira,BR-174,40.0,Pleno dia,Decrescente,Céu Claro,Simples,Reta,-12.52079,-60.04164,DEL04-RO,Risco Baixo,Baixa
domingo,BR-101,208.0,Anoitecer,Decrescente,Céu Claro,Dupla,Reta,-27.60499,-48.63371,DEL01-SC,Risco Médio,Alta
segunda-feira,BR-230,18.0,Pleno dia,Decrescente,Nublado,Dupla,Reta,-7.1198,-34.8453,DEL01-PB,Risco Médio,Baixa
quarta-feira,BR-116,529.8,Plena Noite,Decrescente,Nublado,Simples,Rotatória,-19.80138,-42.13737,DEL06-MG,Risco Médio,Alta
quinta-feira,BR-242,325.0,Plena Noite,Decrescente,Céu Claro,Simples,Não Informado,-12.49669,-41.29802,DEL06-BA,Risco Médio,Baixa
sábado,BR-101,147.1,Plena Noite,Crescente,Nublado,Simples,Interseção de vias,-19.37887,-40.06658,DEL04-ES,Risco Médio,Alta
sexta-feira,BR-376,72.0,Plena Noite,Decrescente,Céu Claro,Simples,Reta,-22.9409,-52.7283,DEL07-PR,Risco Médio,Baixa
domingo,BR-116,1.0,Plena Noite,Crescente,Céu Claro,Múltipla,Reta,-29.97407,-51.17781,DEL01-RS,Risco Baixo,Alta
terça-feira,BR-116,172.0,Plena Noite,Crescente,Céu Claro,Múltipla,Reta,-22.77415,-43.4019,DEL01-RJ,Risco Alto,Alta
sábado,BR-101,138.5,Plena Noite,Decrescente,Céu Claro,Simples,Reta,-19.30186,-40.08372,DEL04-ES,Risco Alto,Alta
terça-feira,BR-316,76.4,Pleno dia,Decrescente,Nublado,Simples,Curva,-1.303613,-47.80273,DEL01-PA,Risco Baixo,Baixa
segunda-feira,BR-367,23.2,Plena Noite,Decrescente,Nublado,Simples,Reta,-16.45019,-39.06505,DEL09-BA,Risco Médio,Baixa
sexta-feira,BR-116,247.9,Pleno dia,Crescente,Sol,Dupla,Interseção de vias,-29.77254,-51.15434,DEL01-RS,Risco Médio,Alta
segunda-feira,BR-40,79.0,Pleno dia,Crescente,Céu Claro,Dupla,Retorno Regulamentado,-22.4913,-43.22294,DEL06-RJ,Risco Médio,Alta
sexta-feira,BR-116,180.0,Pleno dia,Decrescente,Sol,Dupla,Reta,-22.76512,-43.41556,DEL01-RJ,Risco Baixo,Alta
domingo,BR-222,1.0,Pleno dia,Decrescente,Céu Claro,Dupla,Reta,-3.736507,-38.65337,DEL01-CE,Risco Médio,Baixa
terça-feira,BR-116,20.0,Pleno dia,Decrescente,Nublado,Dupla,Curva,-25.1024,-48.735,DEL01-PR,Risco Baixo,Alta
sexta-feira,BR-470,82.0,Anoitecer,Decrescente,Nublado,Simples,Não Informado,-26.95884,-49.32498,DEL04-SC,Risco Alto,Baixa
segunda-feira,BR-381,819.1,Plena Noite,Decrescente,Céu Claro,Dupla,Reta,-22.06678,-45.70235,DEL16-MG,Risco Alto,Alta
segunda-feira,BR-101,212.5,Pleno dia,Decrescente,Chuva,Dupla,Reta,-27.62997,-48.65904,DEL01-SC,Risco Médio,Alta
terça-feira,BR-101,207.2,Pleno dia,Decrescente,Céu Claro,Dupla,Curva,-27.60001,-48.62265,DEL01-SC,Risco Médio,Alta
terça-feira,BR-20,86.9,Plena Noite,Crescente,Céu Claro,Simples,Reta,-15.04146,-47.06143,DEL02-DF,Risco Médio,Baixa
sexta-feira,BR-101,285.0,Plena Noite,Crescente,Céu Claro,Dupla,Reta,-20.25902,-40.37753,DEL01-ES,Risco Médio,Alta
sábado,BR-452,2.8,Plena Noite,Crescente,Céu Claro,Dupla,Reta,-17.79595,-50.88555,DEL04-GO,Risco Médio,Baixa
sexta-feira,BR-101,383.0,Plena Noite,Crescente,Céu Claro,Dupla,Reta,-22.87655,-43.61463,DEL01-RJ,Risco Médio,Alta
terça-feira,BR-381,358.0,Pleno dia,Decrescente,Nublado,Simples,Interseção de vias,-19.83974,-43.17982,DEL03-MG,Risco Médio,Alta
sexta-feira,BR-364,20.0,Pleno dia,Crescente,Céu Claro,Simples,Reta,-20.05819,-48.81844,DEL13-MG,Risco Médio,Alta
sábado,BR-116,310.0,Pleno dia,Crescente,Céu Claro,Simples,Reta,-22.45924,-44.43478,DEL07-RJ,Risco Médio,Alta
sábado,BR-230,67.0,Pleno dia,Crescente,Céu Claro,Dupla,Reta,-7.1856,-35.1989,DEL01-PB,Risco Baixo,Baixa
sexta-feira,BR-316,273.3,Pleno dia,Crescente,Céu Claro,Simples,Desvio Temporário,-1.806141,-46.32471,DEL01-PA,Risco Baixo,Baixa
domingo,BR-282,618.0,Pleno dia,Decrescente,Céu Claro,Simples,Reta,-26.78809,-53.29326,DEL07-SC,Risco Médio,Baixa
domingo,BR-290,130.4,Pleno dia,Crescente,Sol,Simples,Interseção de vias,-30.05976,-51.51871,DEL02-RS,Risco Baixo,Baixa
quinta-feira,BR-364,249.9,Pleno dia,Decrescente,Céu Claro,Simples,Reta,-16.41716,-54.70668,DEL02-MT,Risco Baixo,Alta
sábado,BR-70,8.0,Plena Noite,Decrescente,Céu Claro,Dupla,Reta,-15.78507,-48.12171,DEL01-DF,Risco Alto,Baixa
terça-feira,BR-282,129.8,Plena Noite,Decrescente,Nublado,Simples,Reta,-27.80234,-49.50371,DEL05-SC,Risco Alto,Baixa
sexta-feira,BR-470,4.0,Pleno dia,Crescente,Garoa/Chuvisco,Simples,Reta,-26.85847,-48.69079,DEL04-SC,Risco Médio,Baixa
quarta-feira,BR-101,204.5,Pleno dia,Crescente,Céu Claro,Múltipla,Reta,-27.57413,-48.61363,DEL01-SC,Risco Médio,Alta
terça-feira,BR-101,6.0,Pleno dia,Crescente,Chuva,Simples,Reta,-21.26889,-41.32687,DEL08-RJ,Risco Médio,Alta
quarta-feira,BR-101,266.0,Plena Noite,Crescente,Céu Claro,Dupla,Reta,-20.1902,-40.26829,DEL02-ES,Risco Médio,Alta
quarta-feira,BR-163,105.0,Plena Noite,Crescente,Céu Claro,Simples,Curva,-8.61814,-55.04952,DEL05-PA,Risco Baixo,Alta
domingo,BR-381,483.0,Anoitecer,Crescente,Nublado,Dupla,Curva,-19.95594,-44.10722,DEL01-MG,Risco Médio,Alta
sexta-feira,BR-476,128.0,Plena Noite,Crescente,Chuva,Múltipla,Reta,-25.43305,-49.23156,DEL01-PR,Risco Baixo,Baixa
domingo,BR-364,222.0,Pleno dia,Decrescente,Céu Claro,Dupla,Reta,-16.33227,-54.74804,DEL02-MT,Risco Médio,Alta
sexta-feira,BR-60,27.0,Pleno dia,Crescente,Céu Claro,Dupla,Desvio Temporário,-16.10182,-48.45914,DEL01-DF,Risco Baixo,Média
sexta-feira,BR-116,522.7,Plena Noite,Decrescente,Nublado,Simples,Reta,-19.743,-42.13232,DEL06-MG,Risco Médio,Alta
sábado,BR-493,6.0,Amanhecer,Decrescente,Chuva,Simples,Reta,-22.73117,-42.95143,DEL04-RJ,Risco Médio,Baixa
terça-feira,BR-116,90.0,Pleno dia,Decrescente,Garoa/Chuvisco,Dupla,Reta,-25.49131,-49.11314,DEL01-PR,Risco Baixo,Alta
terça-feira,BR-406,108.3,Pleno dia,Decrescente,Céu Claro,Simples,Reta,-5.551421,-35.77105,DEL02-RN,Risco Baixo,Baixa
quarta-feira,BR-324,534.0,Pleno dia,Decrescente,Céu Claro,Dupla,Reta,-12.26711,-38.96699,DEL01-BA,Risco Médio,Baixa
terça-feira,BR-230,48.0,Pleno dia,Decrescente,Chuva,Dupla,Curva,-7.180786,-35.04859,DEL01-PB,Risco Médio,Baixa
quarta-feira,BR-174,887.0,Pleno dia,Crescente,Céu Claro,Simples,Não Informado,-2.952778,-60.03333,DEL01-AM,Risco Médio,Baixa
segunda-feira,BR-369,158.0,Plena Noite,Decrescente,Céu Claro,Dupla,Não Informado,-23.28561,-51.23695,DEL07-PR,Risco Alto,Baixa
sábado,BR-230,595.3,Pleno dia,Crescente,Céu Claro,Simples,Reta,-3.097301,-51.87524,DEL04-PA,Risco Médio,Baixa
terça-feira,BR-280,125.3,Pleno dia,Decrescente,Nublado,Simples,Reta,-26.23764,-49.48434,DEL06-SC,Risco Médio,Baixa
sexta-feira,BR-116,585.0,Pleno dia,Decrescente,Nublado,Simples,Reta,-13.10445,-39.99104,DEL03-BA,Risco Médio,Alta
domingo,BR-163,149.6,Pleno dia,Decrescente,Sol,Dupla,Não Informado,-25.42682,-53.57635,DEL05-PR,Risco Alto,Alta