dia_semana,br,km,fase_dia,sentido_via,condicao_metereologica,tipo_pista,tracado_via,latitude,longitude,delegacia,classificacao_acidente,postos_policiais_PRF
quarta-feira,BR-101,101.0,Anoitecer,Crescente,Céu Claro,Múltipla,Reta,-26.76404,-48.68658,DEL03-SC,Risco Médio,Alta
sexta-feira,BR-376,218.0,Pleno dia,Decrescente,Céu Claro,Simples,Interseção de vias,-23.59856,-51.62781,DEL07-PR,Risco Médio,Baixa
terça-feira,BR-364,600.0,Pleno dia,Decrescente,Céu Claro,Simples,Reta,-9.220213,-63.17208,DEL03-RO,Risco Baixo,Alta
domingo,BR-163,126.9,Amanhecer,Crescente,Céu Claro,Dupla,Interseção de vias,-23.05649,-54.23457,DEL09-MS,Risco Médio,Alta
sexta-feira,BR-230,172.9,Anoitecer,Decrescente,Céu Claro,Simples,Não Informado,-7.1798,-36.0027,DEL02-PB,Risco Baixo,Baixa
terça-feira,BR-116,813.0,Pleno dia,Decrescente,Céu Claro,Simples,Reta,-14.81273,-40.7979,DEL08-BA,Risco Médio,Alta
sábado,BR-304,52.3,Pleno dia,Decrescente,Sol,Simples,Reta,-4.570807,-37.74473,DEL03-CE,Risco Médio,Baixa
sexta-feira,BR-242,732.0,Pleno dia,Decrescente,Chuva,Simples,Desvio Temporário,-12.22287,-44.28993,DEL10-BA,Risco Baixo,Baixa
quinta-feira,BR-381,601.0,Plena Noite,Crescente,Céu Claro,Dupla,Não Informado,-20.6072,-44.7268,DEL04-MG,Risco Baixo,Alta
sexta-feira,BR-135,35.0,Pleno dia,Decrescente,Nublado,Dupla,Não Informado,-2.849074,-44.37467,DEL01-MA,Risco Médio,Baixa
sexta-feira,BR-163,60.1,Pleno dia,Crescente,Nublado,Simples,Reta,-23.61052,-54.22594,DEL09-MS,Risco Médio,Alta
domingo,BR-226,251.0,Anoitecer,Crescente,Céu Claro,Dupla,Reta,-5.427387,-39.96399,DEL02-CE,Risco Médio,Baixa
segunda-feira,BR-470,289.6,Pleno dia,Decrescente,Nublado,Simples,Não Informado,-27.33172,-50.94159,DEL07-SC,Risco Médio,Baixa
sábado,BR-40,107.0,Plena Noite,Crescente,Nublado,Dupla,Reta,-22.65581,-43.28379,DEL01-RJ,Risco Médio,Alta
sexta-feira,BR-354,703.0,Plena Noite,Decrescente,Nevoeiro/Neblina,Simples,Rotatória,-22.0513,-44.9256,DEL05-MG,Risco Médio,Baixa
sexta-feira,BR-282,161.3,Amanhecer,Decrescente,Sol,Simples,Não Informado,-27.73123,-49.76303,DEL05-SC,Risco Médio,Baixa
terça-feira,BR-116,510.5,Pleno dia,Crescente,Garoa/Chuvisco,Simples,Não Informado,-24.82769,-48.21856,DEL05-SP,Risco Baixo,Alta
quarta-feira,BR-262,3.9,Pleno dia,Decrescente,Céu Claro,Simples,Curva,-20.78289,-51.65597,DEL07-MS,Risco Médio,Média
segunda-feira,BR-304,97.0,Pleno dia,Crescente,Céu Claro,Múltipla,Reta,-5.862608,-35.21551,DEL04-RN,Risco Baixo,Baixa
terça-feira,BR-101,73.1,Pleno dia,Decrescente,Chuva,Dupla,Reta,-10.75674,-37.10468,DEL01-SE,Risco Médio,Alta
domingo,BR-101,141.0,Pleno dia,Decrescente,Nublado,Dupla,Curva,-8.440139,-35.33528,DEL01-PE,Risco Médio,Alta
domingo,BR-470,270.8,Pleno dia,Decrescente,Nublado,Simples,Curva,-27.32587,-50.77851,DEL07-SC,Risco Médio,Baixa
terça-feira,BR-282,343.2,Plena Noite,Crescente,Céu Claro,Simples,Desvio Temporário,-27.38938,-51.22673,DEL07-SC,Risco Médio,Baixa
sexta-feira,BR-316,388.7,Plena Noite,Crescente,Céu Claro,Simples,Reta,-7.320244,-40.7967,DEL04-PI,Risco Alto,Baixa
sexta-feira,BR-230,27.0,Pleno dia,Decrescente,Sol,Dupla,Curva,-7.1677,-34.8855,DEL01-PB,Risco Baixo,Baixa
domingo,BR-365,498.8,Pleno dia,Crescente,Nevoeiro/Neblina,Simples,Reta,-18.94027,-47.21904,DEL10-MG,Risco Alto,Média
segunda-feira,BR-116,278.0,Plena Noite,Crescente,Céu Claro,Dupla,Desvio Temporário,-23.63795,-46.83431,DEL04-SP,Risco Médio,Alta
quarta-feira,BR-116,488.5,Pleno dia,Crescente,Céu Claro,Múltipla,Reta,-24.72982,-48.10495,DEL05-SP,Risco Médio,Alta
terça-feira,BR-116,40.0,Plena Noite,Crescente,Nublado,Simples,Reta,-22.13343,-42.77952,DEL04-RJ,Risco Médio,Alta
segunda-feira,BR-116,110.0,Anoitecer,Crescente,Nublado,Dupla,Reta,-25.57013,-49.21737,DEL01-PR,Risco Baixo,Alta
domingo,BR-470,188.0,Plena Noite,Decrescente,Céu Claro,Simples,Reta,-27.26689,-50.06012,DEL04-SC,Risco Médio,Baixa
domingo,BR-101,39.2,Pleno dia,Decrescente,Céu Claro,Dupla,Reta,-26.26281,-48.90192,DEL03-SC,Risco Médio,Alta
sexta-feira,BR-101,82.5,Pleno dia,Crescente,Nublado,Dupla,Não Informado,-7.12911,-34.93714,DEL01-PB,Risco Baixo,Alta
terça-feira,BR-376,599.5,Pleno dia,Decrescente,Céu Claro,Dupla,Reta,-25.52385,-49.33273,DEL01-PR,Risco Médio,Baixa
segunda-feira,BR-259,45.5,Pleno dia,Crescente,Céu Claro,Simples,Reta,-19.53311,-40.57155,DEL02-ES,Risco Médio,Baixa
quinta-feira,BR-287,310.0,Pleno dia,Decrescente,Nublado,Simples,Não Informado,-29.66596,-54.4737,DEL09-RS,Risco Médio,Baixa
sábado,BR-116,58.0,Plena Noite,Crescente,Nublado,Dupla,Reta,-22.78006,-45.14573,DEL08-SP,Risco Médio,Alta
quinta-feira,BR-262,442.0,Plena Noite,Decrescente,Nublado,Dupla,Reta,-19.88062,-44.91232,DEL08-MG,Risco Alto,Média
domingo,BR-402,245.0,Plena Noite,Crescente,Céu Claro,Simples,Reta,-3.430021,-39.71885,DEL01-CE,Risco Baixo,Baixa
domingo,BR-153,532.1,Anoitecer,Crescente,Nublado,Dupla,Reta,-16.9852,-49.2297,DEL01-GO,Risco Médio,Alta
quarta-feira,BR-116,118.0,Pleno dia,Decrescente,Céu Claro,Múltipla,Não Informado,-22.61299,-43.03289,DEL02-RJ,Risco Médio,Alta
quarta-feira,BR-373,223.8,Plena Noite,Crescente,Nublado,Simples,Reta,-25.1792,-50.5996,DEL03-PR,Risco Baixo,Baixa
domingo,BR-163,475.7,Plena Noite,Decrescente,Céu Claro,Simples,Reta,-20.51367,-54.56234,DEL01-MS,Risco Médio,Alta
sábado,BR-116,304.1,Amanhecer,Crescente,Nublado,Dupla,Reta,-23.83515,-46.92964,DEL04-SP,Risco Médio,Alta
domingo,BR-369,164.0,Pleno dia,Crescente,Céu Claro,Dupla,Desvio Temporário,-23.29527,-51.2944,DEL07-PR,Risco Médio,Baixa
terça-feira,BR-369,418.3,Pleno dia,Decrescente,Céu Claro,Simples,Reta,-24.373,-52.7756,DEL04-PR,Risco Médio,Baixa
domingo,BR-277,81.0,Plena Noite,Decrescente,Nublado,Dupla,Reta,-25.46745,-49.21463,DEL01-PR,Risco Médio,Média
sábado,BR-163,450.0,Pleno dia,Crescente,Céu Claro,Simples,Reta,-20.70452,-54.54771,DEL01-MS,Risco Médio,Alta
sábado,BR-101,194.0,Pleno dia,Decrescente,Céu Claro,Dupla,Reta,-27.49815,-48.65661,DEL01-SC,Risco Médio,Alta
sábado,BR-153,507.7,Plena Noite,Crescente,Nublado,Dupla,Reta,-16.7715,-49.2387,DEL01-GO,Risco Baixo,Alta
quarta-feira,BR-135,10.7,Plena Noite,Decrescente,Céu Claro,Dupla,Reta,-2.655912,-44.28629,DEL01-MA,Risco Médio,Baixa
segunda-feira,BR-392,67.0,Plena Noite,Crescente,Chuva,Simples,Não Informado,-31.7571,-52.39981,DEL07-RS,Risco Baixo,Média
sexta-feira,BR-101,72.0,Pleno dia,Crescente,Céu Claro,Simples,Reta,-21.7914,-41.38805,DEL08-RJ,Risco Baixo,Alta
sexta-feira,BR-153,395.8,Pleno dia,Decrescente,Céu Claro,Simples,Reta,-16.00517,-49.133,DEL02-GO,Risco Médio,Alta
domingo,BR-116,204.0,Plena Noite,Crescente,Céu Claro,Múltipla,Não Informado,-23.41236,-46.35692,DEL01-SP,Risco Baixo,Alta
domingo,BR-40,104.0,Plena Noite,Decrescente,Céu Claro,Simples,Curva,-22.62898,-43.2858,DEL01-RJ,Risco Médio,Alta
segunda-feira,BR-282,0.5,Plena Noite,Crescente,Chuva,Dupla,Não Informado,-27.59845,-48.572,DEL01-SC,Risco Médio,Baixa
sábado,BR-116,223.0,Amanhecer,Decrescente,Céu Claro,Múltipla,Reta,-23.47933,-46.53019,DEL01-SP,Risco Médio,Alta
sábado,BR-470,96.1,Plena Noite,Crescente,Nublado,Simples,Reta,-27.02077,-49.37134,DEL04-SC,Risco Médio,Baixa
domingo,BR-230,120.0,Amanhecer,Crescente,Ignorado,Dupla,Reta,-5.358595,-49.12306,DEL03-PA,Risco Médio,Baixa
sábado,BR-40,35.0,Pleno dia,Decrescente,Céu Claro,Dupla,Curva,-22.22653,-43.12073,DEL06-RJ,Risco Baixo,Alta
domingo,BR-101,323.9,Plena Noite,Decrescente,Céu Claro,Dupla,Reta,-28.4295,-48.9187,DEL02-SC,Risco Médio,Alta
quinta-feira,BR-101,37.9,Pleno dia,Decrescente,Chuva,Dupla,Não Informado,-10.50964,-36.94588,DEL02-SE,Risco Médio,Alta
sexta-feira,BR-392,123.3,Plena Noite,Decrescente,Nublado,Simples,Reta,-31.37675,-52.71499,DEL07-RS,Risco Médio,Média
domingo,BR-381,660.8,Plena Noite,Crescente,Céu Claro,Dupla,Reta,-21.03253,-45.00219,DEL04-MG,Risco Médio,Alta
domingo,BR-101,226.8,Plena Noite,Crescente,Chuva,Dupla,Reta,-27.74889,-48.63556,DEL01-SC,Risco Baixo,Alta
sexta-feira,BR-60,464.0,Pleno dia,Crescente,Céu Claro,Dupla,Reta,-17.883,-51.6488,DEL05-GO,Risco Baixo,Média
sábado,BR-381,419.0,Plena Noite,Crescente,Céu Claro,Simples,Curva,-19.77067,-43.64873,DEL01-MG,Risco Médio,Alta
sexta-feira,BR-316,3.0,Anoitecer,Crescente,Céu Claro,Dupla,Reta,-1.3903,-48.4147,DEL01-PA,Risco Médio,Baixa
domingo,BR-235,15.4,Pleno dia,Decrescente,Nublado,Simples,Reta,-10.85722,-37.18492,DEL01-SE,Risco Alto,Baixa
sábado,BR-277,3.0,Plena Noite,Decrescente,Garoa/Chuvisco,Dupla,Reta,-25.54441,-48.54176,DEL01-PR,Risco Médio,Média
domingo,BR-369,148.0,Amanhecer,Decrescente,Nublado,Dupla,Não Informado,-23.29305,-51.14308,DEL07-PR,Risco Médio,Baixa
quinta-feira,BR-262,356.0,Plena Noite,Decrescente,Chuva,Dupla,Curva,-19.97906,-44.21765,DEL01-MG,Risco Médio,Média
domingo,BR-101,312.0,Pleno dia,Decrescente,Céu Claro,Dupla,Reta,-28.4403,-48.8129,DEL02-SC,Risco Médio,Alta
sábado,BR-324,312.0,Pleno dia,Decrescente,Céu Claro,Simples,Reta,-11.21218,-40.37184,DEL04-BA,Risco Médio,Baixa
sábado,BR-101,41.0,Pleno dia,Decrescente,Chuva,Simples,Rotatória,-26.28215,-48.88973,DEL03-SC,Risco Baixo,Alta
quinta-feira,BR-101,81.0,Pleno dia,Crescente,Nublado,Dupla,Reta,-5.764695,-35.28296,DEL02-RN,Risco Médio,Alta
segunda-feira,BR-364,253.6,Pleno dia,Crescente,Sol,Dupla,Reta,-16.09747,-54.8661,DEL02-MT,Risco Médio,Alta
terça-feira,BR-101,71.6,Pleno dia,Crescente,Sol,Dupla,Curva,-8.082127,-34.94318,DEL01-PE,Risco Médio,Alta
quinta-feira,BR-343,327.9,Plena Noite,Decrescente,Céu Claro,Dupla,Reta,-5.068363,-42.63682,DEL01-PI,Risco Médio,Baixa
sábado,BR-242,373.4,Plena Noite,Crescente,Céu Claro,Simples,Curva,-11.7461,-49.00505,DEL01-TO,Risco Médio,Baixa
domingo,BR-116,552.0,Amanhecer,Crescente,Garoa/Chuvisco,Dupla,Reta,-24.75687,-48.50514,DEL05-SP,Risco Médio,Alta
quinta-feira,BR-116,396.0,Pleno dia,Decrescente,Nublado,Simples,Reta,-11.97947,-38.97197,DEL02-BA,Risco Baixo,Alta
domingo,BR-60,11.0,Plena Noite,Crescente,Céu Claro,Dupla,Não Informado,-15.91178,-48.15719,DEL01-DF,Risco Médio,Média
quinta-feira,BR-101,206.0,Pleno dia,Crescente,Céu Claro,Múltipla,Reta,-27.59194,-48.61825,DEL01-SC,Risco Médio,Alta
sábado,BR-262,69.0,Anoitecer,Crescente,Nublado,Simples,Não Informado,-20.41598,-40.86274,DEL01-ES,Risco Médio,Média
domingo,BR-226,19.2,Plena Noite,Decrescente,Céu Claro,Simples,Não Informado,-5.862697,-35.34283,DEL01-RN,Risco Baixo,Baixa
segunda-feira,BR-267,367.5,Pleno dia,Crescente,Sol,Simples,Rotatória,-21.83659,-45.40094,DEL05-MG,Risco Médio,Baixa
sexta-feira,BR-40,53.0,Pleno dia,Crescente,Céu Claro,Dupla,Não Informado,-22.344,-43.13244,DEL06-RJ,Risco Médio,Alta
sábado,BR-20,429.0,Amanhecer,Crescente,Céu Claro,Dupla,Viaduto,-3.871683,-38.49752,DEL01-CE,Risco Médio,Baixa
segunda-feira,BR-282,526.0,Plena Noite,Crescente,Céu Claro,Simples,Curva,-26.9688,-52.57417,DEL07-SC,Risco Médio,Baixa
sábado,BR-101,144.3,Plena Noite,Crescente,Nublado,Múltipla,Reta,-19.35364,-40.06387,DEL04-ES,Risco Médio,Alta
segunda-feira,BR-116,7.0,Plena Noite,Decrescente,Céu Claro,Dupla,Reta,-25.3683,-49.1074,DEL01-PR,Risco Médio,Alta
sexta-feira,BR-316,308.4,Plena Noite,Crescente,Céu Claro,Simples,Não Informado,-7.077737,-41.49276,DEL04-PI,Risco Médio,Baixa
sexta-feira,BR-116,154.0,Anoitecer,Crescente,Chuva,Dupla,Desvio Temporário,-23.2417,-45.92358,DEL02-SP,Risco Médio,Alta
sexta-feira,BR-153,312.2,Plena Noite,Decrescente,Céu Claro,Simples,Reta,-15.39753,-49.54075,DEL02-GO,Risco Médio,Alta
quinta-feira,BR-277,3.0,Plena Noite,Decrescente,Céu Claro,Dupla,Reta,-25.52143,-48.52538,DEL01-PR,Risco Médio,Média
sexta-feira,BR-40,529.0,Pleno dia,Crescente,Nublado,Dupla,Não Informado,-19.91935,-44.03091,DEL01-MG,Risco Médio,Alta
segunda-feira,BR-116,168.0,Plena Noite,Decrescente,Céu Claro,Dupla,Reta,-22.79296,-43.36681,DEL01-RJ,Risco Médio,Alta
sábado,BR-381,919.8,Pleno dia,Decrescente,Sol,Dupla,Não Informado,-22.77166,-46.19194,DEL16-MG,Risco Médio,Alta
domingo,BR-470,227.0,Pleno dia,Decrescente,Céu Claro,Simples,Reta,-29.25578,-51.51145,DEL06-RS,Risco Baixo,Baixa
terça-feira,BR-101,226.5,Plena Noite,Decrescente,Céu Claro,Simples,Reta,-19.90117,-40.40898,DEL02-ES,Risco Baixo,Alta
domingo,BR-476,91.0,Pleno dia,Crescente,Nublado,Simples,Curva,-25.19729,-49.11064,DEL01-PR,Risco Alto,Baixa
sexta-feira,BR-381,599.9,Pleno dia,Crescente,Céu Claro,Dupla,Reta,-20.60717,-44.7331,DEL04-MG,Risco Médio,Alta
sexta-feira,BR-70,1.7,Pleno dia,Decrescente,Céu Claro,Simples,Reta,-15.89165,-52.26203,DEL07-MT,Risco Baixo,Baixa
terça-feira,BR-435,100.0,Pleno dia,Crescente,Nublado,Simples,Desvio Temporário,-13.19007,-60.60868,DEL04-RO,Risco Médio,Baixa
sexta-feira,BR-262,769.3,Plena Noite,Crescente,Céu Claro,Simples,Reta,-19.04753,-57.63766,DEL03-MS,Risco Médio,Média
terça-feira,BR-163,636.7,Amanhecer,Crescente,Céu Claro,Dupla,Curva,-19.24285,-54.67678,DEL06-MS,Risco Médio,Alta
quarta-feira,BR-116,34.8,Amanhecer,Crescente,Nublado,Dupla,Reta,-22.65829,-44.96528,DEL08-SP,Risco Médio,Alta
sexta-feira,BR-381,17.8,Pleno dia,Crescente,Céu Claro,Dupla,Reta,-22.96632,-46.48449,DEL03-SP,Risco Médio,Alta
domingo,BR-116,228.0,Plena Noite,Decrescente,Céu Claro,Múltipla,Reta,-23.50343,-46.56639,DEL01-SP,Risco Alto,Alta
sábado,BR-467,108.7,Plena Noite,Crescente,Nevoeiro/Neblina,Dupla,Desvio Temporário,-24.9237,-53.4676,DEL04-PR,Risco Médio,Baixa
domingo,BR-50,273.0,Pleno dia,Decrescente,Céu Claro,Simples,Interseção de vias,-18.1302,-47.9047,DEL06-GO,Risco Médio,Média
terça-feira,BR-116,712.3,Anoitecer,Decrescente,Céu Claro,Simples,Curva,-21.1905,-42.36842,DEL07-MG,Risco Médio,Alta
quarta-feira,BR-476,143.0,Pleno dia,Crescente,Sol,Dupla,Reta,-25.54236,-49.31256,DEL01-PR,Risco Médio,Baixa
quarta-feira,BR-116,824.8,Pleno dia,Crescente,Céu Claro,Dupla,Interseção de vias,-14.81234,-40.79712,DEL08-BA,Risco Médio,Alta
domingo,BR-60,173.0,Plena Noite,Decrescente,Chuva,Dupla,Reta,-16.7423,-49.415,DEL01-GO,Risco Médio,Média
sexta-feira,BR-101,400.0,Plena Noite,Crescente,Nublado,Dupla,Curva,-22.84837,-43.76952,DEL01-RJ,Risco Médio,Alta
domingo,BR-381,521.0,Pleno dia,Decrescente,Céu Claro,Dupla,Curva,-20.1184,-44.3022,DEL04-MG,Risco Médio,Alta
sexta-feira,BR-50,266.6,Pleno dia,Crescente,Céu Claro,Dupla,Não Informado,-18.0787,-47.8671,DEL06-GO,Risco Médio,Média
quinta-feira,BR-174,15.7,Pleno dia,Decrescente,Sol,Simples,Reta,-12.71886,-60.12716,DEL04-RO,Risco Médio,Baixa
sábado,BR-153,51.2,Pleno dia,Crescente,Sol,Simples,Curva,-27.66025,-52.28414,DEL08-RS,Risco Médio,Alta
segunda-feira,BR-381,769.0,Anoitecer,Crescente,Chuva,Dupla,Reta,-21.7619,-45.411,DEL16-MG,Risco Médio,Alta
domingo,BR-282,377.0,Plena Noite,Crescente,Chuva,Simples,Reta,-27.21697,-51.47006,DEL07-SC,Risco Médio,Baixa
segunda-feira,BR-60,31.9,Pleno dia,Decrescente,Céu Claro,Dupla,Reta,-16.08966,-48.50502,DEL01-DF,Risco Médio,Média
terça-feira,BR-50,36.0,Pleno dia,Decrescente,Sol,Dupla,Reta,-18.65453,-48.14727,DEL15-MG,Risco Médio,Média
domingo,BR-163,283.0,Plena Noite,Decrescente,Céu Claro,Simples,Não Informado,-24.56816,-54.03121,DEL06-PR,Risco Baixo,Alta
sexta-feira,BR-116,276.0,Pleno dia,Decrescente,Céu Claro,Dupla,Reta,-23.64262,-46.83811,DEL04-SP,Risco Médio,Alta
sábado,BR-116,471.0,Pleno dia,Decrescente,Céu Claro,Simples,Reta,-19.31774,-42.07383,DEL06-MG,Risco Médio,Alta
quarta-feira,BR-290,99.9,Pleno dia,Decrescente,Céu Claro,Dupla,Ponte,-29.98825,-51.23878,DEL01-RS,Risco Baixo,Baixa
sexta-feira,BR-101,332.0,Pleno dia,Decrescente,Céu Claro,Dupla,Desvio Temporário,-28.46016,-48.98969,DEL02-SC,Risco Baixo,Alta
sexta-feira,BR-364,694.0,Anoitecer,Crescente,Céu Claro,Dupla,Reta,-8.800502,-63.73927,DEL01-RO,Risco Médio,Alta
sábado,BR-60,313.3,Pleno dia,Decrescente,Céu Claro,Dupla,Reta,-17.43638,-50.42724,DEL04-GO,Risco Médio,Média
quinta-feira,BR-101,128.4,Pleno dia,Decrescente,Céu Claro,Dupla,Reta,-26.97284,-48.68299,DEL04-SC,Risco Baixo,Alta
quarta-feira,BR-40,2.9,Pleno dia,Decrescente,Céu Claro,Dupla,Reta,-15.99435,-47.98595,DEL01-DF,Risco Médio,Alta
terça-feira,BR-101,308.0,Pleno dia,Crescente,Nublado,Dupla,Reta,-28.39962,-48.7854,DEL02-SC,Risco Baixo,Alta
sexta-feira,BR-381,502.2,Plena Noite,Decrescente,Céu Claro,Dupla,Reta,-20.01836,-44.22679,DEL01-MG,Risco Médio,Alta
quarta-feira,BR-364,265.0,Pleno dia,Decrescente,Sol,Dupla,Reta,-16.00325,-54.91688,DEL02-MT,Risco Médio,Alta
domingo,BR-70,1.7,Pleno dia,Crescente,Céu Claro,Simples,Interseção de vias,-15.88919,-52.26555,DEL07-MT,Risco Médio,Baixa
domingo,BR-70,5.4,Pleno dia,Decrescente,Céu Claro,Dupla,Rotatória,-15.87798,-52.30128,DEL07-MT,Risco Médio,Baixa
sexta-feira,BR-60,431.1,Amanhecer,Crescente,Céu Claro,Simples,Interseção de vias,-20.97891,-54.97232,DEL01-MS,Risco Médio,Média
sexta-feira,BR-101,48.0,Plena Noite,Crescente,Nublado,Simples,Reta,-23.44083,-45.08694,DEL06-SP,Risco Médio,Alta
domingo,BR-364,287.0,Plena Noite,Crescente,Céu Claro,Dupla,Reta,-15.9038,-55.0694,DEL02-MT,Risco Médio,Alta
quinta-feira,BR-40,605.8,Pleno dia,Decrescente,Céu Claro,Simples,Não Informado,-20.45961,-43.83908,DEL05-MG,Risco Baixo,Alta
sexta-feira,BR-110,48.0,Pleno dia,Decrescente,Céu Claro,Simples,Reta,-5.208462,-37.33246,DEL04-RN,Risco Médio,Baixa
sábado,BR-101,72.4,Pleno dia,Crescente,Céu Claro,Dupla,Não Informado,-8.084931,-34.94506,DEL01-PE,Risco Médio,Alta
domingo,BR-60,48.8,Plena Noite,Crescente,Céu Claro,Dupla,Reta,-16.1529,-48.6109,DEL02-GO,Risco Alto,Média
sábado,BR-153,646.0,Plena Noite,Crescente,Ignorado,Dupla,Reta,-17.932,-49.2444,DEL03-GO,Risco Médio,Alta
domingo,BR-427,55.0,Plena Noite,Decrescente,Nublado,Simples,Reta,-6.59042,-36.77156,DEL03-RN,Risco Médio,Baixa
quinta-feira,BR-316,25.5,Plena Noite,Decrescente,Céu Claro,Simples,Não Informado,-7.588155,-40.49664,DEL05-PE,Risco Médio,Baixa
segunda-feira,BR-153,502.7,Pleno dia,Crescente,Chuva,Simples,Curva,-26.51137,-51.35615,DEL07-SC,Risco Alto,Alta
segunda-feira,BR-376,178.8,Pleno dia,Decrescente,Céu Claro,Dupla,Reta,-23.41885,-51.91395,DEL07-PR,Risco Médio,Baixa
terça-feira,BR-392,66.8,Pleno dia,Decrescente,Garoa/Chuvisco,Simples,Interseção de vias,-31.75629,-52.40017,DEL07-RS,Risco Médio,Média
segunda-feira,BR-40,517.0,Plena Noite,Decrescente,Céu Claro,Dupla,Reta,-19.82351,-44.08439,DEL01-MG,Risco Baixo,Alta
sexta-feira,BR-369,153.9,Plena Noite,Crescente,Céu Claro,Dupla,Interseção de vias,-23.29798,-51.1968,DEL07-PR,Risco Médio,Baixa
quinta-feira,BR-282,54.0,Pleno dia,Decrescente,Chuva,Simples,Curva,-27.6865,-48.9752,DEL01-SC,Risco Baixo,Baixa
terça-feira,BR-285,475.9,Pleno dia,Crescente,Céu Claro,Simples,Reta,-28.38213,-54.06535,DEL10-RS,Risco Médio,Baixa
segunda-feira,BR-101,317.0,Pleno dia,Crescente,Céu Claro,Dupla,Reta,-22.83708,-43.09492,DEL02-RJ,Risco Médio,Alta
domingo,BR-381,226.0,Pleno dia,Decrescente,Sol,Simples,Reta,-19.33013,-42.42068,DEL06-MG,Risco Médio,Alta
domingo,BR-60,4.0,Pleno dia,Crescente,Céu Claro,Simples,Reta,-16.09417,-48.51721,DEL01-DF,Risco Médio,Média
domingo,BR-277,173.5,Plena Noite,Crescente,Céu Claro,Simples,Reta,-25.43988,-49.97389,DEL03-PR,Risco Médio,Média
sábado,BR-381,221.7,Amanhecer,Decrescente,Céu Claro,Simples,Curva,-19.35226,-42.43485,DEL06-MG,Risco Médio,Alta
terça-feira,BR-153,507.8,Amanhecer,Crescente,Céu Claro,Dupla,Desvio Temporário,-16.7804,-49.2371,DEL01-GO,Risco Médio,Alta
sábado,BR-101,246.0,Plena Noite,Crescente,Céu Claro,Simples,Curva,-10.19162,-36.82542,DEL02-AL,Risco Baixo,Alta
sábado,BR-232,305.0,Plena Noite,Decrescente,Céu Claro,Simples,Reta,-8.191096,-37.44132,DEL04-PE,Risco Médio,Baixa
segunda-feira,BR-40,111.0,Pleno dia,Crescente,Céu Claro,Múltipla,Reta,-22.69187,-43.28745,DEL01-RJ,Risco Médio,Alta
domingo,BR-116,269.9,Plena Noite,Decrescente,Nublado,Dupla,Reta,-23.60905,-46.75568,DEL04-SP,Risco Médio,Alta
terça-feira,BR-135,64.7,Pleno dia,Crescente,Nublado,Simples,Reta,-3.08772,-44.32136,DEL01-MA,Risco Médio,Baixa
segunda-feira,BR-428,126.5,Pleno dia,Crescente,Sol,Simples,Reta,-9.389902,-40.52291,DEL06-PE,Risco Médio,Baixa
sexta-feira,BR-324,625.0,Pleno dia,Crescente,Chuva,Múltipla,Reta,-12.94195,-38.47081,DEL01-BA,Risco Médio,Baixa
quinta-feira,BR-80,15.0,Pleno dia,Decrescente,Céu Claro,Simples,Reta,-15.71001,-48.19949,DEL01-DF,Risco Médio,Baixa
sexta-feira,BR-60,166.0,Plena Noite,Crescente,Céu Claro,Dupla,Retorno Regulamentado,-16.7129,-49.358,DEL01-GO,Risco Médio,Média
sábado,BR-364,755.0,Pleno dia,Crescente,Chuva,Simples,Reta,-9.074678,-64.05674,DEL01-RO,Risco Médio,Alta
domingo,BR-482,68.4,Plena Noite,Decrescente,Nublado,Simples,Curva,-20.77528,-41.42226,DEL03-ES,Risco Médio,Baixa
domingo,BR-153,210.1,Pleno dia,Crescente,Nublado,Dupla,Reta,-20.02306,-49.04778,DEL13-MG,Risco Médio,Alta
sábado,BR-282,507.2,Plena Noite,Crescente,Céu Claro,Dupla,Rotatória,-26.88617,-52.43911,DEL07-SC,Risco Médio,Baixa
sábado,BR-381,375.0,Pleno dia,Decrescente,Nublado,Simples,Reta,-19.83666,-43.33682,DEL01-MG,Risco Médio,Alta
sábado,BR-60,6.0,Pleno dia,Crescente,Nublado,Dupla,Curva,-16.09312,-48.27998,DEL01-DF,Risco Médio,Média
sexta-feira,BR-381,78.0,Pleno dia,Decrescente,Chuva,Dupla,Reta,-23.39621,-46.57355,DEL03-SP,Risco Médio,Alta
terça-feira,BR-222,4.0,Pleno dia,Crescente,Nublado,Simples,Reta,-3.73452,-38.67947,DEL01-CE,Risco Médio,Baixa
terça-feira,BR-101,134.0,Pleno dia,Crescente,Chuva,Dupla,Interseção de vias,-27.00218,-48.63643,DEL04-SC,Risco Médio,Alta
segunda-feira,BR-343,272.4,Amanhecer,Crescente,Nublado,Simples,Reta,-4.866084,-42.21493,DEL01-PI,Risco Médio,Baixa
segunda-feira,BR-40,580.7,Plena Noite,Crescente,Céu Claro,Simples,Curva,-20.31234,-43.93479,DEL01-MG,Risco Médio,Alta
segunda-feira,BR-364,501.0,Plena Noite,Decrescente,Nublado,Simples,Reta,-10.0242,-62.98814,DEL03-RO,Risco Baixo,Alta
terça-feira,BR-101,54.2,Pleno dia,Crescente,Sol,Dupla,Não Informado,-6.953964,-35.09058,DEL01-PB,Risco Médio,Alta
segunda-feira,BR-470,68.5,Pleno dia,Decrescente,Céu Claro,Múltipla,Não Informado,-26.87761,-49.23923,DEL04-SC,Risco Médio,Baixa
domingo,BR-163,1002.0,Pleno dia,Decrescente,Nublado,Simples,Reta,-2.450962,-54.72965,DEL05-PA,Risco Médio,Alta