dia_semana,br,km,fase_dia,sentido_via,condicao_metereologica,tipo_pista,tracado_via,latitude,longitude,delegacia,classificacao_acidente,postos_policiais_PRF
domingo,BR-116,44.0,Plena Noite,Decrescente,Chuva,Simples,Reta,-22.15855,-42.80596,DEL04-RJ,Risco Médio,Alta
domingo,BR-393,283.0,Anoitecer,Crescente,Chuva,Simples,Reta,-22.49272,-44.0655,DEL05-RJ,Risco Baixo,Média
domingo,BR-104,35.0,Plena Noite,Crescente,Céu Claro,Simples,Reta,-9.172976,-36.02952,DEL01-AL,Risco Médio,Baixa
segunda-feira,BR-304,37.6,Pleno dia,Decrescente,Chuva,Dupla,Interseção de vias,-5.178511,-37.36594,DEL04-RN,Risco Baixo,Baixa
domingo,BR-70,455.0,Pleno dia,Crescente,Céu Claro,Simples,Reta,-15.91011,-52.11001,DEL04-GO,Risco Médio,Baixa
sexta-feira,BR-354,723.0,Pleno dia,Crescente,Céu Claro,Simples,Reta,-22.11411,-44.95693,DEL17-MG,Risco Médio,Baixa
quarta-feira,BR-116,210.0,Pleno dia,Crescente,Sol,Dupla,Reta,-23.4287,-46.41086,DEL01-SP,Risco Médio,Alta
domingo,BR-262,486.0,Pleno dia,Decrescente,Céu Claro,Simples,Reta,-19.78611,-45.30393,DEL08-MG,Risco Médio,Média
terça-feira,BR-262,462.8,Pleno dia,Decrescente,Céu Claro,Simples,Reta,-20.53803,-55.56408,DEL03-MS,Risco Médio,Média
sábado,BR-343,242.4,Plena Noite,Decrescente,Nublado,Simples,Reta,-4.665567,-42.06846,DEL01-PI,Risco Alto,Baixa
segunda-feira,BR-40,739.2,Pleno dia,Crescente,Nublado,Simples,Curva,-21.39404,-43.5668,DEL05-MG,Risco Baixo,Alta
segunda-feira,BR-116,308.2,Pleno dia,Crescente,Sol,Dupla,Não Informado,-23.85926,-46.94518,DEL04-SP,Risco Médio,Alta
sexta-feira,BR-381,1.0,Pleno dia,Crescente,Céu Claro,Dupla,Não Informado,-22.88146,-46.38105,DEL03-SP,Risco Médio,Alta
quinta-feira,BR-116,217.0,Plena Noite,Crescente,Chuva,Dupla,Reta,-23.45424,-46.47119,DEL01-SP,Risco Médio,Alta
terça-feira,BR-364,695.0,Pleno dia,Crescente,Nublado,Simples,Curva,-9.674507,-65.44786,DEL01-RO,Risco Médio,Alta
segunda-feira,BR-262,442.2,Plena Noite,Crescente,Céu Claro,Dupla,Reta,-19.87205,-44.96797,DEL08-MG,Risco Alto,Média
quinta-feira,BR-116,31.0,Plena Noite,Crescente,Céu Claro,Dupla,Não Informado,-25.10158,-48.83062,DEL01-PR,Risco Baixo,Alta
quinta-feira,BR-116,279.0,Plena Noite,Decrescente,Chuva,Dupla,Curva,-22.5098,-44.2185,DEL07-RJ,Risco Alto,Alta
quarta-feira,BR-259,47.8,Pleno dia,Decrescente,Chuva,Simples,Não Informado,-19.51873,-40.60041,DEL02-ES,Risco Alto,Baixa
terça-feira,BR-50,206.6,Pleno dia,Crescente,Chuva,Dupla,Não Informado,-19.98018,-47.78909,DEL13-MG,Risco Médio,Média
sexta-feira,BR-70,288.3,Pleno dia,Decrescente,Céu Claro,Simples,Curva,-15.5784,-54.39503,DEL05-MT,Risco Médio,Baixa
quarta-feira,BR-468,4.0,Plena Noite,Crescente,Céu Claro,Simples,Interseção de vias,-27.86654,-53.33315,DEL08-RS,Risco Médio,Baixa
quinta-feira,BR-262,110.4,Plena Noite,Crescente,Céu Claro,Múltipla,Reta,-20.33682,-41.18738,DEL01-ES,Risco Médio,Média
domingo,BR-70,8.0,Pleno dia,Crescente,Céu Claro,Dupla,Reta,-15.78497,-48.12211,DEL01-DF,Risco Médio,Baixa
quinta-feira,BR-116,295.1,Pleno dia,Decrescente,Céu Claro,Dupla,Reta,-22.45013,-44.31074,DEL07-RJ,Risco Médio,Alta
terça-feira,BR-116,500.0,Pleno dia,Decrescente,Chuva,Dupla,Curva,-24.78862,-48.18277,DEL05-SP,Risco Médio,Alta
sexta-feira,BR-381,783.0,Pleno dia,Decrescente,Sol,Dupla,Curva,-21.86536,-45.53456,DEL16-MG,Risco Médio,Alta
sexta-feira,BR-316,246.0,Plena Noite,Crescente,Garoa/Chuvisco,Simples,Reta,-3.630885,-45.5036,DEL02-MA,Risco Médio,Baixa
sexta-feira,BR-290,1.0,Pleno dia,Decrescente,Garoa/Chuvisco,Simples,Curva,-29.77217,-57.0515,DEL13-RS,Risco Médio,Baixa
domingo,BR-230,27.8,Plena Noite,Decrescente,Garoa/Chuvisco,Dupla,Não Informado,-7.1677,-34.8855,DEL01-PB,Risco Baixo,Baixa
segunda-feira,BR-116,517.0,Pleno dia,Decrescente,Chuva,Dupla,Curva,-24.87685,-48.22732,DEL05-SP,Risco Baixo,Alta
domingo,BR-493,2.0,Pleno dia,Crescente,Céu Claro,Simples,Reta,-22.75934,-42.93556,DEL04-RJ,Risco Médio,Baixa
sexta-feira,BR-470,201.0,Pleno dia,Decrescente,Chuva,Simples,Curva,-29.07658,-51.58768,DEL06-RS,Risco Médio,Baixa
domingo,BR-40,485.0,Plena Noite,Decrescente,Céu Claro,Dupla,Não Informado,-19.5856,-44.2281,DEL02-MG,Risco Baixo,Alta
segunda-feira,BR-369,49.6,Anoitecer,Decrescente,Céu Claro,Simples,Não Informado,-23.11408,-50.32045,DEL07-PR,Risco Baixo,Baixa
sábado,BR-163,641.0,Anoitecer,Crescente,Chuva,Simples,Reta,-13.4527,-56.0819,DEL01-MT,Risco Baixo,Alta
segunda-feira,BR-369,450.9,Pleno dia,Crescente,Céu Claro,Simples,Reta,-24.5577,-52.9959,DEL04-PR,Risco Médio,Baixa
terça-feira,BR-101,391.9,Pleno dia,Crescente,Céu Claro,Simples,Curva,-20.86298,-40.93674,DEL03-ES,Risco Médio,Alta
domingo,BR-222,243.0,Pleno dia,Decrescente,Céu Claro,Simples,Reta,-3.74408,-40.50044,DEL04-CE,Risco Alto,Baixa
quinta-feira,BR-40,51.0,Plena Noite,Decrescente,Céu Claro,Simples,Curva,-22.33275,-43.13333,DEL06-RJ,Risco Alto,Alta
domingo,BR-135,171.0,Plena Noite,Decrescente,Céu Claro,Simples,Reta,-12.09738,-44.97604,DEL10-BA,Risco Médio,Baixa
sábado,BR-376,525.2,Plena Noite,Decrescente,Chuva,Dupla,Curva,-25.26966,-49.93551,DEL03-PR,Risco Médio,Baixa
domingo,BR-381,711.7,Pleno dia,Crescente,Chuva,Dupla,Desvio Temporário,-21.36021,-45.19089,DEL04-MG,Risco Baixo,Alta
sexta-feira,BR-50,280.6,Pleno dia,Crescente,Céu Claro,Simples,Não Informado,-18.18141,-47.94071,DEL06-GO,Risco Médio,Média
domingo,BR-376,154.0,Plena Noite,Crescente,Céu Claro,Dupla,Não Informado,-23.33674,-52.10789,DEL09-PR,Risco Baixo,Baixa
quarta-feira,BR-158,327.4,Plena Noite,Crescente,Nublado,Simples,Reta,-29.71146,-53.81927,DEL09-RS,Risco Médio,Baixa
sexta-feira,BR-135,630.0,Pleno dia,Decrescente,Céu Claro,Simples,Não Informado,-10.74505,-45.16083,DEL03-PI,Risco Médio,Baixa
quarta-feira,BR-116,152.0,Plena Noite,Decrescente,Nevoeiro/Neblina,Simples,Reta,-25.86239,-49.36187,DEL01-PR,Risco Alto,Alta
quarta-feira,BR-476,67.0,Amanhecer,Crescente,Céu Claro,Simples,Curva,-25.05054,-49.08631,DEL01-PR,Risco Baixo,Baixa
domingo,BR-381,308.0,Pleno dia,Crescente,Céu Claro,Simples,Curva,-19.63236,-42.88783,DEL03-MG,Risco Médio,Alta
segunda-feira,BR-116,482.0,Pleno dia,Decrescente,Céu Claro,Simples,Reta,-19.39918,-42.11492,DEL06-MG,Risco Médio,Alta
domingo,BR-60,28.3,Pleno dia,Decrescente,Céu Claro,Dupla,Reta,-16.11179,-48.44009,DEL01-DF,Risco Médio,Média
domingo,BR-487,171.9,Pleno dia,Crescente,Céu Claro,Simples,Desvio Temporário,-24.046,-52.3838,DEL04-PR,Risco Baixo,Baixa
sábado,BR-230,35.6,Plena Noite,Crescente,Céu Claro,Dupla,Curva,-7.1268,-34.9412,DEL01-PB,Risco Médio,Baixa
domingo,BR-116,230.6,Plena Noite,Crescente,Céu Claro,Dupla,Desvio Temporário,-29.62503,-51.13591,DEL01-RS,Risco Médio,Alta
segunda-feira,BR-163,829.0,Anoitecer,Decrescente,Chuva,Dupla,Reta,-11.91573,-55.5098,DEL06-MT,Risco Médio,Alta
domingo,BR-40,674.0,Plena Noite,Decrescente,Nublado,Simples,Reta,-21.0198,-43.783,DEL05-MG,Risco Baixo,Alta
segunda-feira,BR-101,173.5,Pleno dia,Crescente,Nublado,Dupla,Não Informado,-9.908825,-36.34376,DEL02-AL,Risco Médio,Alta
quarta-feira,BR-467,108.9,Plena Noite,Decrescente,Céu Claro,Dupla,Curva,-24.9237,-53.4676,DEL04-PR,Risco Alto,Baixa
sexta-feira,BR-373,183.6,Pleno dia,Crescente,Nublado,Simples,Rotatória,-25.03949,-50.28063,DEL03-PR,Risco Médio,Baixa
sexta-feira,BR-158,202.3,Pleno dia,Decrescente,Sol,Simples,Reta,-28.7064,-53.60023,DEL10-RS,Risco Médio,Baixa
sexta-feira,BR-376,596.5,Pleno dia,Crescente,Garoa/Chuvisco,Dupla,Reta,-25.50591,-49.34088,DEL01-PR,Risco Baixo,Baixa
quarta-feira,BR-376,3.9,Pleno dia,Decrescente,Céu Claro,Dupla,Reta,-25.5307,-49.1958,DEL01-PR,Risco Médio,Baixa
sábado,BR-381,68.0,Pleno dia,Decrescente,Chuva,Dupla,Curva,-23.34282,-46.57339,DEL03-SP,Risco Baixo,Alta
domingo,BR-364,3.0,Plena Noite,Crescente,Céu Claro,Simples,Desvio Temporário,-20.14679,-48.68884,DEL13-MG,Risco Médio,Alta
segunda-feira,BR-153,607.2,Plena Noite,Crescente,Céu Claro,Dupla,Não Informado,-17.61013,-49.18334,DEL03-GO,Risco Baixo,Alta
sábado,BR-293,232.0,Pleno dia,Decrescente,Céu Claro,Simples,Reta,-31.05491,-54.50304,DEL11-RS,Risco Médio,Baixa
quinta-feira,BR-60,315.0,Pleno dia,Crescente,Céu Claro,Dupla,Curva,-17.4502,-50.4316,DEL04-GO,Risco Médio,Média
quinta-feira,BR-116,244.5,Plena Noite,Decrescente,Garoa/Chuvisco,Dupla,Reta,-22.62454,-43.91765,DEL07-RJ,Risco Médio,Alta
segunda-feira,BR-101,233.7,Plena Noite,Crescente,Céu Claro,Dupla,Curva,-27.80376,-48.63826,DEL01-SC,Risco Baixo,Alta
terça-feira,BR-158,6.0,Plena Noite,Decrescente,Céu Claro,Simples,Reta,-15.91929,-52.21483,DEL04-GO,Risco Alto,Baixa
quarta-feira,BR-101,99.7,Amanhecer,Decrescente,Céu Claro,Dupla,Reta,-7.261861,-34.93616,DEL01-PB,Risco Médio,Alta
quinta-feira,BR-20,194.7,Plena Noite,Decrescente,Céu Claro,Simples,Reta,-14.36429,-46.44446,DEL02-DF,Risco Médio,Baixa
segunda-feira,BR-101,108.0,Pleno dia,Crescente,Céu Claro,Simples,Não Informado,-12.16492,-38.47703,DEL01-BA,Risco Alto,Alta
domingo,BR-277,116.0,Plena Noite,Decrescente,Céu Claro,Múltipla,Desvio Temporário,-25.45,-49.517,DEL01-PR,Risco Médio,Média
sexta-feira,BR-163,30.6,Pleno dia,Crescente,Nublado,Simples,Reta,-26.10398,-53.70679,DEL02-PR,Risco Baixo,Alta
segunda-feira,BR-116,145.8,Pleno dia,Decrescente,Sol,Dupla,Não Informado,-23.19037,-45.86126,DEL02-SP,Risco Médio,Alta
segunda-feira,BR-116,126.0,Plena Noite,Decrescente,Céu Claro,Múltipla,Reta,-25.6039,-49.31824,DEL01-PR,Risco Médio,Alta
domingo,BR-262,64.0,Anoitecer,Decrescente,Nublado,Simples,Curva,-20.41882,-40.81674,DEL01-ES,Risco Médio,Média
sábado,BR-116,126.0,Plena Noite,Decrescente,Céu Claro,Dupla,Reta,-23.10433,-45.69426,DEL02-SP,Risco Baixo,Alta
sábado,BR-262,435.0,Pleno dia,Decrescente,Céu Claro,Dupla,Reta,-19.8799,-44.9153,DEL08-MG,Risco Médio,Média
sexta-feira,BR-222,107.0,Pleno dia,Crescente,Chuva,Simples,Curva,-3.761549,-39.47092,DEL04-CE,Risco Médio,Baixa
domingo,BR-101,222.2,Plena Noite,Crescente,Céu Claro,Dupla,Não Informado,-27.70865,-48.65586,DEL01-SC,Risco Baixo,Alta
sexta-feira,BR-463,3.0,Pleno dia,Crescente,Céu Claro,Simples,Reta,-22.25924,-54.83301,DEL04-MS,Risco Médio,Baixa
quarta-feira,BR-116,701.8,Plena Noite,Decrescente,Nublado,Simples,Curva,-21.11085,-42.38061,DEL07-MG,Risco Médio,Alta
sábado,BR-163,80.2,Plena Noite,Crescente,Garoa/Chuvisco,Simples,Curva,-26.6487,-53.51904,DEL07-SC,Risco Médio,Alta
segunda-feira,BR-40,50.0,Anoitecer,Decrescente,Céu Claro,Dupla,Reta,-22.31806,-43.13158,DEL06-RJ,Risco Alto,Alta
domingo,BR-277,430.0,Plena Noite,Decrescente,Céu Claro,Simples,Não Informado,-25.3784,-52.20277,DEL04-PR,Risco Médio,Média
domingo,BR-230,299.3,Pleno dia,Decrescente,Céu Claro,Simples,Reta,-6.8972,-36.9647,DEL03-PB,Risco Alto,Baixa
domingo,BR-277,196.0,Plena Noite,Decrescente,Céu Claro,Simples,Reta,-25.43727,-50.16778,DEL08-PR,Risco Baixo,Média
terça-feira,BR-364,1160.0,Plena Noite,Crescente,Céu Claro,Simples,Reta,-13.58134,-59.07082,DEL04-MT,Risco Médio,Alta
quinta-feira,BR-101,207.0,Pleno dia,Decrescente,Sol,Dupla,Reta,-27.5998,-48.6225,DEL01-SC,Risco Médio,Alta
sábado,BR-101,87.0,Pleno dia,Decrescente,Céu Claro,Dupla,Curva,-21.82627,-41.49641,DEL08-RJ,Risco Médio,Alta
segunda-feira,BR-277,105.9,Pleno dia,Decrescente,Nublado,Dupla,Não Informado,-25.43476,-49.41565,DEL01-PR,Risco Médio,Média
domingo,BR-116,544.9,Plena Noite,Decrescente,Céu Claro,Simples,Curva,-19.94727,-42.13108,DEL06-MG,Risco Alto,Alta
sexta-feira,BR-40,509.0,Plena Noite,Crescente,Céu Claro,Dupla,Reta,-19.76729,-44.12856,DEL01-MG,Risco Médio,Alta
segunda-feira,BR-435,124.0,Plena Noite,Crescente,Nublado,Dupla,Reta,-13.18888,-60.81729,DEL04-RO,Risco Médio,Baixa
segunda-feira,BR-153,145.9,Pleno dia,Crescente,Céu Claro,Simples,Curva,-24.11864,-50.24054,DEL07-PR,Risco Médio,Alta
domingo,BR-101,317.0,Plena Noite,Decrescente,Céu Claro,Dupla,Reta,-22.83708,-43.09492,DEL02-RJ,Risco Médio,Alta
domingo,BR-101,145.0,Plena Noite,Crescente,Céu Claro,Dupla,Reta,-6.253104,-35.21496,DEL01-RN,Risco Médio,Alta
domingo,BR-364,316.9,Amanhecer,Decrescente,Céu Claro,Simples,Reta,-11.10135,-61.90633,DEL02-RO,Risco Médio,Alta
sábado,BR-101,209.0,Pleno dia,Crescente,Céu Claro,Simples,Curva,-12.6024,-39.0524,DEL01-BA,Risco Médio,Alta
segunda-feira,BR-381,343.9,Pleno dia,Crescente,Céu Claro,Simples,Não Informado,-19.85664,-43.10917,DEL03-MG,Risco Médio,Alta
sábado,BR-392,241.0,Pleno dia,Crescente,Chuva,Simples,Curva,-30.60462,-53.36825,DEL09-RS,Risco Médio,Média
sábado,BR-40,155.0,Pleno dia,Decrescente,Céu Claro,Simples,Reta,-17.0298,-47.17589,DEL01-DF,Risco Médio,Alta
domingo,BR-376,304.0,Pleno dia,Decrescente,Céu Claro,Dupla,Curva,-23.95297,-51.11403,DEL07-PR,Risco Médio,Baixa
terça-feira,BR-101,204.0,Pleno dia,Crescente,Garoa/Chuvisco,Dupla,Viaduto,-27.57413,-48.61363,DEL01-SC,Risco Médio,Alta
quinta-feira,BR-101,211.7,Pleno dia,Decrescente,Nublado,Dupla,Reta,-27.6301,-48.659,DEL01-SC,Risco Médio,Alta
quarta-feira,BR-101,174.0,Plena Noite,Crescente,Chuva,Simples,Reta,-12.38148,-38.88176,DEL01-BA,Risco Médio,Alta
domingo,BR-469,0.0,Plena Noite,Crescente,Céu Claro,Simples,Interseção de vias,-25.57481,-54.55075,DEL05-PR,Risco Médio,Baixa
sábado,BR-116,589.8,Amanhecer,Crescente,Céu Claro,Simples,Curva,-20.24745,-42.1437,DEL06-MG,Risco Baixo,Alta
sábado,BR-282,225.0,Plena Noite,Crescente,Céu Claro,Simples,Não Informado,-27.79547,-50.38949,DEL05-SC,Risco Baixo,Baixa
quinta-feira,BR-116,384.4,Pleno dia,Crescente,Céu Claro,Simples,Reta,-18.64047,-41.95426,DEL06-MG,Risco Médio,Alta
quinta-feira,BR-153,590.8,Pleno dia,Crescente,Chuva,Dupla,Curva,-17.4675,-49.2187,DEL03-GO,Risco Médio,Alta
sábado,BR-101,203.0,Plena Noite,Decrescente,Céu Claro,Dupla,Viaduto,-27.565,-48.6146,DEL01-SC,Risco Médio,Alta
sábado,BR-304,41.0,Pleno dia,Decrescente,Céu Claro,Dupla,Reta,-5.205921,-37.37579,DEL04-RN,Risco Médio,Baixa
sexta-feira,BR-470,317.0,Pleno dia,Crescente,Sol,Simples,Reta,-27.40487,-51.20626,DEL07-SC,Risco Baixo,Baixa
sexta-feira,BR-381,492.0,Plena Noite,Decrescente,Céu Claro,Dupla,Reta,-19.96238,-44.16229,DEL01-MG,Risco Médio,Alta
sexta-feira,BR-101,207.0,Plena Noite,Crescente,Céu Claro,Múltipla,Reta,-27.60001,-48.62265,DEL01-SC,Risco Médio,Alta
terça-feira,BR-163,721.5,Plena Noite,Crescente,Céu Claro,Simples,Reta,-18.57574,-54.76353,DEL06-MS,Risco Baixo,Alta
segunda-feira,BR-101,268.1,Pleno dia,Decrescente,Céu Claro,Dupla,Reta,-20.20842,-40.2694,DEL02-ES,Risco Médio,Alta
sexta-feira,BR-376,200.0,Plena Noite,Crescente,Céu Claro,Dupla,Reta,-23.50951,-51.7214,DEL09-PR,Risco Médio,Baixa
domingo,BR-222,647.0,Pleno dia,Decrescente,Céu Claro,Simples,Reta,-4.816265,-47.2476,DEL04-MA,Risco Médio,Baixa
sexta-feira,BR-277,72.0,Plena Noite,Decrescente,Nublado,Dupla,Reta,-25.52523,-49.09756,DEL01-PR,Risco Baixo,Média
quarta-feira,BR-163,261.2,Anoitecer,Crescente,Céu Claro,Dupla,Reta,-22.23817,-54.76378,DEL04-MS,Risco Médio,Alta
sábado,BR-290,103.0,Anoitecer,Crescente,Céu Claro,Dupla,Ponte,-29.99017,-51.26577,DEL01-RS,Risco Baixo,Baixa
sexta-feira,BR-101,39.2,Plena Noite,Crescente,Chuva,Dupla,Reta,-26.26281,-48.90192,DEL03-SC,Risco Médio,Alta
domingo,BR-116,827.0,Plena Noite,Decrescente,Céu Claro,Simples,Reta,-14.88679,-40.8598,DEL08-BA,Risco Baixo,Alta
sábado,BR-104,97.4,Plena Noite,Decrescente,Nublado,Simples,Curva,-7.022411,-35.85592,DEL02-PB,Risco Alto,Baixa
quinta-feira,BR-235,94.3,Pleno dia,Decrescente,Céu Claro,Simples,Curva,-10.47159,-37.66554,DEL01-SE,Risco Médio,Baixa
sábado,BR-101,162.5,Plena Noite,Decrescente,Nublado,Simples,Reta,-27.22554,-48.62794,DEL04-SC,Risco Médio,Alta
terça-feira,BR-282,574.0,Plena Noite,Crescente,Céu Claro,Simples,Curva,-26.8674,-52.96515,DEL07-SC,Risco Médio,Baixa
sexta-feira,BR-153,57.3,Plena Noite,Decrescente,Céu Claro,Simples,Não Informado,-20.76991,-49.34982,DEL09-SP,Risco Médio,Alta
sábado,BR-116,246.9,Plena Noite,Crescente,Céu Claro,Simples,Rotatória,-27.81119,-50.36795,DEL05-SC,Risco Baixo,Alta
domingo,BR-232,58.9,Pleno dia,Decrescente,Sol,Dupla,Reta,-8.147177,-35.39766,DEL01-PE,Risco Médio,Baixa
sábado,BR-101,78.9,Plena Noite,Decrescente,Céu Claro,Simples,Reta,-21.83526,-41.41878,DEL08-RJ,Risco Médio,Alta
terça-feira,BR-230,157.0,Plena Noite,Crescente,Vento,Simples,Reta,-7.264,-35.9199,DEL02-PB,Risco Baixo,Baixa
domingo,BR-316,608.5,Pleno dia,Decrescente,Nublado,Simples,Desvio Temporário,-5.064477,-42.88638,DEL03-MA,Risco Médio,Baixa
quarta-feira,BR-116,28.6,Pleno dia,Decrescente,Sol,Dupla,Curva,-25.1117,-48.8116,DEL01-PR,Risco Médio,Alta
sábado,BR-101,336.8,Pleno dia,Crescente,Chuva,Dupla,Reta,-28.47352,-49.02374,DEL02-SC,Risco Baixo,Alta
domingo,BR-364,237.6,Pleno dia,Crescente,Céu Claro,Simples,Não Informado,-11.44341,-61.44673,DEL02-RO,Risco Médio,Alta
quinta-feira,BR-116,527.1,Pleno dia,Decrescente,Sol,Simples,Reta,-19.7902,-42.13953,DEL06-MG,Risco Médio,Alta
domingo,BR-381,422.0,Pleno dia,Crescente,Sol,Dupla,Desvio Temporário,-19.78353,-43.66633,DEL01-MG,Risco Médio,Alta
domingo,BR-158,320.0,Amanhecer,Decrescente,Céu Claro,Dupla,Curva,-29.69614,-53.77672,DEL09-RS,Risco Baixo,Baixa
sexta-feira,BR-40,4.0,Pleno dia,Decrescente,Nublado,Dupla,Curva,-22.022,-43.238,DEL06-RJ,Risco Médio,Alta
quarta-feira,BR-153,573.0,Pleno dia,Crescente,Nublado,Simples,Reta,-10.85537,-48.90512,DEL01-TO,Risco Médio,Alta
domingo,BR-470,186.0,Pleno dia,Crescente,Céu Claro,Simples,Não Informado,-28.89289,-51.55074,DEL06-RS,Risco Médio,Baixa
quarta-feira,BR-364,349.0,Pleno dia,Crescente,Ignorado,Dupla,Curva,-15.80503,-55.55464,DEL02-MT,Risco Médio,Alta
terça-feira,BR-343,547.0,Plena Noite,Crescente,Céu Claro,Simples,Reta,-6.590336,-42.80098,DEL03-PI,Risco Médio,Baixa
sábado,BR-40,614.0,Pleno dia,Crescente,Nublado,Simples,Curva,-20.53346,-43.8226,DEL05-MG,Risco Médio,Alta
terça-feira,BR-116,137.9,Pleno dia,Decrescente,Céu Claro,Dupla,Reta,-22.64958,-43.23234,DEL04-RJ,Risco Baixo,Alta
quinta-feira,BR-116,146.0,Pleno dia,Decrescente,Nublado,Simples,Reta,-25.78173,-49.32535,DEL01-PR,Risco Baixo,Alta
terça-feira,BR-101,299.0,Plena Noite,Decrescente,Céu Claro,Dupla,Reta,-22.77433,-42.93823,DEL02-RJ,Risco Baixo,Alta
sábado,BR-101,45.1,Plena Noite,Decrescente,Céu Claro,Múltipla,Reta,-7.865213,-34.90715,DEL01-PE,Risco Baixo,Alta
quarta-feira,BR-101,215.0,Pleno dia,Decrescente,Nublado,Dupla,Reta,-27.65185,-48.67605,DEL01-SC,Risco Médio,Alta
domingo,BR-153,642.6,Pleno dia,Decrescente,Céu Claro,Dupla,Reta,-17.8972,-49.2348,DEL03-GO,Risco Médio,Alta
terça-feira,BR-116,170.0,Plena Noite,Crescente,Nublado,Simples,Reta,-25.87466,-49.48101,DEL01-PR,Risco Médio,Alta
sexta-feira,BR-470,67.3,Plena Noite,Decrescente,Céu Claro,Simples,Não Informado,-26.87216,-49.23127,DEL04-SC,Risco Médio,Baixa
quarta-feira,BR-423,98.0,Plena Noite,Decrescente,Nublado,Simples,Não Informado,-8.876175,-36.50363,DEL03-PE,Risco Baixo,Baixa
quinta-feira,BR-40,7.0,Plena Noite,Decrescente,Céu Claro,Dupla,Reta,-16.11401,-47.96857,DEL01-DF,Risco Médio,Alta
sábado,BR-470,59.5,Pleno dia,Decrescente,Sol,Simples,Rotatória,-26.88289,-49.14203,DEL04-SC,Risco Baixo,Baixa
domingo,BR-163,755.0,Plena Noite,Decrescente,Céu Claro,Dupla,Não Informado,-12.63198,-55.77544,DEL06-MT,Risco Baixo,Alta
sexta-feira,BR-262,35.0,Pleno dia,Crescente,Nublado,Simples,Curva,-20.38017,-40.59564,DEL01-ES,Risco Médio,Média
domingo,BR-242,798.0,Pleno dia,Crescente,Céu Claro,Simples,Reta,-12.12006,-45.0397,DEL10-BA,Risco Alto,Baixa
terça-feira,BR-101,74.0,Pleno dia,Decrescente,Céu Claro,Simples,Curva,-21.80723,-41.39734,DEL08-RJ,Risco Médio,Alta
quarta-feira,BR-210,104.0,Pleno dia,Crescente,Céu Claro,Simples,Reta,0.6985633,-51.39692,DEL01-AP,Risco Médio,Baixa
quinta-feira,BR-101,184.0,Plena Noite,Decrescente,Chuva,Simples,Curva,-19.82076,-40.27368,DEL04-ES,Risco Médio,Alta
sexta-feira,BR-242,800.0,Pleno dia,Decrescente,Sol,Simples,Reta,-12.0,-45.0,DEL10-BA,Risco Baixo,Baixa
sábado,BR-158,333.2,Amanhecer,Crescente,Nublado,Dupla,Rotatória,-29.70705,-53.85237,DEL09-RS,Risco Médio,Baixa
sábado,BR-101,407.0,Plena Noite,Decrescente,Céu Claro,Dupla,Reta,-22.87672,-43.81632,DEL01-RJ,Risco Baixo,Alta
terça-feira,BR-163,284.0,Plena Noite,Decrescente,Nublado,Simples,Rotatória,-24.5681,-54.03417,DEL06-PR,Risco Médio,Alta
sexta-feira,BR-116,217.0,Pleno dia,Crescente,Céu Claro,Múltipla,Reta,-23.45464,-46.47322,DEL01-SP,Risco Médio,Alta
sexta-feira,BR-381,88.0,Pleno dia,Crescente,Céu Claro,Múltipla,Reta,-23.47641,-46.56048,DEL03-SP,Risco Baixo,Alta
segunda-feira,BR-232,4.3,Pleno dia,Decrescente,Sol,Múltipla,Não Informado,-8.065816,-34.94008,DEL01-PE,Risco Médio,Baixa
sexta-feira,BR-101,122.0,Pleno dia,Crescente,Céu Claro,Dupla,Reta,-26.92956,-48.705,DEL04-SC,Risco Médio,Alta
terça-feira,BR-277,360.7,Pleno dia,Crescente,Céu Claro,Simples,Reta,-25.43786,-51.61953,DEL03-PR,Risco Médio,Média
sexta-feira,BR-470,169.9,Pleno dia,Decrescente,Nublado,Simples,Curva,-27.26547,-49.88244,DEL04-SC,Risco Médio,Baixa
domingo,BR-316,403.9,Plena Noite,Crescente,Garoa/Chuvisco,Simples,Reta,-4.223082,-44.44612,DEL03-MA,Risco Médio,Baixa
quinta-feira,BR-376,402.3,Pleno dia,Crescente,Céu Claro,Dupla,Curva,-24.56513,-50.68669,DEL03-PR,Risco Médio,Baixa
sábado,BR-116,103.0,Amanhecer,Decrescente,Nublado,Dupla,Reta,-25.55945,-49.151,DEL01-PR,Risco Médio,Alta
sexta-feira,BR-116,557.0,Pleno dia,Decrescente,Chuva,Dupla,Curva,-24.92854,-48.27141,DEL05-SP,Risco Médio,Alta
domingo,BR-343,225.0,Anoitecer,Decrescente,Céu Claro,Simples,Reta,-4.556586,-41.97268,DEL01-PI,Risco Médio,Baixa
sábado,BR-101,64.6,Plena Noite,Crescente,Céu Claro,Dupla,Reta,-7.03892,-35.05284,DEL01-PB,Risco Médio,Alta
sexta-feira,BR-324,621.0,Plena Noite,Decrescente,Céu Claro,Dupla,Reta,-12.92084,-38.4665,DEL01-BA,Risco Médio,Baixa
segunda-feira,BR-101,15.0,Anoitecer,Crescente,Céu Claro,Simples,Reta,-18.29002,-39.95476,DEL04-ES,Risco Médio,Alta
quarta-feira,BR-381,5.0,Pleno dia,Decrescente,Céu Claro,Dupla,Reta,-19.96825,-44.19871,DEL01-MG,Risco Médio,Alta
terça-feira,BR-476,124.0,Plena Noite,Decrescente,Céu Claro,Dupla,Não Informado,-25.39984,-49.21585,DEL01-PR,Risco Médio,Baixa