dia_semana,br,km,fase_dia,sentido_via,condicao_metereologica,tipo_pista,tracado_via,latitude,longitude,delegacia,classificacao_acidente,postos_policiais_PRF
sábado,BR-153,239.5,Plena Noite,Decrescente,Nublado,Simples,Reta,-20.29847,-49.20615,DEL13-MG,Risco Médio,Alta
sexta-feira,BR-116,114.0,Pleno dia,Decrescente,Nublado,Dupla,Curva,-22.58015,-43.01155,DEL04-RJ,Risco Médio,Alta
quarta-feira,BR-40,41.4,Pleno dia,Crescente,Céu Claro,Dupla,Reta,-17.2126,-46.8731,DEL14-MG,Risco Médio,Alta
segunda-feira,BR-381,743.1,Amanhecer,Crescente,Chuva,Dupla,Reta,-21.60934,-45.24072,DEL16-MG,Risco Baixo,Alta
quinta-feira,BR-60,157.9,Anoitecer,Decrescente,Ignorado,Simples,Reta,-19.47821,-53.80544,DEL06-MS,Risco Baixo,Média
sexta-feira,BR-101,248.0,Pleno dia,Crescente,Céu Claro,Dupla,Reta,-27.92619,-48.65828,DEL02-SC,Risco Médio,Alta
quinta-feira,BR-101,269.5,Pleno dia,Crescente,Céu Claro,Múltipla,Não Informado,-20.2174,-40.26991,DEL02-ES,Risco Médio,Alta
quinta-feira,BR-364,237.6,Pleno dia,Decrescente,Garoa/Chuvisco,Simples,Reta,-11.44069,-61.45154,DEL02-RO,Risco Médio,Alta
domingo,BR-101,108.0,Amanhecer,Crescente,Céu Claro,Simples,Reta,-19.0458,-40.0268,DEL04-ES,Risco Médio,Alta
segunda-feira,BR-101,412.0,Pleno dia,Crescente,Chuva,Dupla,Curva,-22.8972,-43.85639,DEL01-RJ,Risco Médio,Alta
quarta-feira,BR-376,231.5,Pleno dia,Decrescente,Garoa/Chuvisco,Dupla,Retorno Regulamentado,-23.56655,-51.52381,DEL07-PR,Risco Médio,Baixa
quarta-feira,BR-116,120.2,Pleno dia,Crescente,Céu Claro,Simples,Curva,-29.00258,-51.07844,DEL05-RS,Risco Médio,Alta
sábado,BR-304,48.9,Pleno dia,Crescente,Céu Claro,Dupla,Curva,-4.578634,-37.77997,DEL03-CE,Risco Médio,Baixa
quarta-feira,BR-364,689.0,Pleno dia,Decrescente,Sol,Simples,Reta,-8.798112,-63.70892,DEL01-RO,Risco Alto,Alta
quarta-feira,BR-408,101.0,Plena Noite,Crescente,Céu Claro,Dupla,Reta,-8.050901,-35.00519,DEL01-PE,Risco Médio,Baixa
sábado,BR-101,167.0,Pleno dia,Crescente,Sol,Dupla,Reta,-27.31419,-48.63196,DEL04-SC,Risco Médio,Alta
sábado,BR-210,13.0,Pleno dia,Crescente,Nublado,Simples,Curva,0.1426,-51.1442,DEL01-AP,Risco Médio,Baixa
sexta-feira,BR-470,224.5,Pleno dia,Decrescente,Garoa/Chuvisco,Simples,Não Informado,-27.32046,-50.33712,DEL05-SC,Risco Médio,Baixa
domingo,BR-277,221.0,Plena Noite,Crescente,Céu Claro,Simples,Reta,-25.46434,-50.38781,DEL03-PR,Risco Baixo,Média
terça-feira,BR-282,3.0,Pleno dia,Crescente,Céu Claro,Múltipla,Reta,-27.60038,-48.59971,DEL01-SC,Risco Médio,Baixa
segunda-feira,BR-116,181.0,Pleno dia,Crescente,Nublado,Dupla,Reta,-22.76131,-43.42349,DEL01-RJ,Risco Baixo,Alta
segunda-feira,BR-282,254.0,Pleno dia,Crescente,Céu Claro,Simples,Rotatória,-27.67412,-50.57379,DEL05-SC,Risco Médio,Baixa
quinta-feira,BR-364,606.0,Amanhecer,Decrescente,Nublado,Simples,Reta,-14.46637,-56.24887,DEL01-MT,Risco Alto,Alta
terça-feira,BR-163,783.0,Pleno dia,Crescente,Chuva,Simples,Reta,-12.32927,-55.58258,DEL06-MT,Risco Alto,Alta
quinta-feira,BR-381,432.3,Plena Noite,Crescente,Nublado,Simples,Curva,-19.78738,-43.7431,DEL01-MG,Risco Baixo,Alta
terça-feira,BR-470,48.0,Pleno dia,Decrescente,Céu Claro,Dupla,Não Informado,-26.85982,-49.05539,DEL04-SC,Risco Médio,Baixa
domingo,BR-210,144.0,Anoitecer,Decrescente,Chuva,Simples,Reta,0.6750374,-51.52514,DEL01-AP,Risco Alto,Baixa
quarta-feira,BR-163,1011.0,Plena Noite,Decrescente,Ignorado,Simples,Desvio Temporário,-10.52741,-55.07957,DEL06-MT,Risco Médio,Alta
quarta-feira,BR-116,454.9,Pleno dia,Crescente,Sol,Simples,Curva,-19.18425,-42.04045,DEL06-MG,Risco Médio,Alta
sábado,BR-381,688.0,Pleno dia,Crescente,Chuva,Dupla,Curva,-21.1864,-45.1176,DEL04-MG,Risco Baixo,Alta
sexta-feira,BR-290,281.5,Pleno dia,Decrescente,Chuva,Simples,Reta,-30.2513,-53.0336,DEL02-RS,Risco Alto,Baixa
terça-feira,BR-116,823.6,Plena Noite,Crescente,Nublado,Dupla,Reta,-14.85894,-40.84966,DEL08-BA,Risco Médio,Alta
terça-feira,BR-280,55.5,Plena Noite,Decrescente,Céu Claro,Simples,Reta,-26.47584,-48.99379,DEL03-SC,Risco Médio,Baixa
sábado,BR-287,248.6,Plena Noite,Crescente,Ignorado,Simples,Reta,-29.69587,-53.85163,DEL09-RS,Risco Médio,Baixa
quarta-feira,BR-116,701.9,Plena Noite,Decrescente,Nublado,Simples,Retorno Regulamentado,-21.11781,-42.3801,DEL07-MG,Risco Médio,Alta
domingo,BR-343,313.7,Pleno dia,Crescente,Céu Claro,Simples,Reta,-5.046057,-42.50987,DEL01-PI,Risco Médio,Baixa
segunda-feira,BR-101,56.6,Pleno dia,Crescente,Nublado,Dupla,Reta,-29.65733,-50.12801,DEL03-RS,Risco Alto,Alta
sábado,BR-470,155.0,Amanhecer,Crescente,Céu Claro,Simples,Reta,-28.78244,-51.61512,DEL06-RS,Risco Médio,Baixa
quinta-feira,BR-40,308.0,Plena Noite,Decrescente,Nublado,Simples,Reta,-18.4213,-45.0848,DEL14-MG,Risco Baixo,Alta
quinta-feira,BR-40,2.2,Pleno dia,Crescente,Sol,Dupla,Reta,-16.06926,-47.98464,DEL01-DF,Risco Baixo,Alta
quinta-feira,BR-158,194.0,Pleno dia,Decrescente,Céu Claro,Simples,Reta,-17.26409,-51.89114,DEL05-GO,Risco Médio,Baixa
domingo,BR-116,3.0,Plena Noite,Crescente,Céu Claro,Múltipla,Reta,-3.779001,-38.51525,DEL01-CE,Risco Médio,Alta
terça-feira,BR-101,165.9,Pleno dia,Decrescente,Céu Claro,Dupla,Reta,-6.404812,-35.13355,DEL01-RN,Risco Baixo,Alta
domingo,BR-470,217.0,Plena Noite,Crescente,Nublado,Dupla,Reta,-29.16463,-51.52552,DEL06-RS,Risco Médio,Baixa
domingo,BR-476,122.3,Plena Noite,Decrescente,Céu Claro,Dupla,Reta,-25.38577,-49.2033,DEL01-PR,Risco Alto,Baixa
terça-feira,BR-376,0.0,Pleno dia,Crescente,Céu Claro,Dupla,Reta,-25.5307,-49.1958,DEL01-PR,Risco Médio,Baixa
quarta-feira,BR-60,508.4,Pleno dia,Crescente,Céu Claro,Simples,Curva,-21.19513,-55.57921,DEL05-MS,Risco Médio,Média
quarta-feira,BR-101,74.0,Pleno dia,Decrescente,Céu Claro,Dupla,Reta,-8.101465,-34.94902,DEL01-PE,Risco Médio,Alta
sexta-feira,BR-480,128.5,Plena Noite,Crescente,Nublado,Simples,Reta,-27.03979,-52.63423,DEL07-SC,Risco Médio,Baixa
domingo,BR-135,7.8,Plena Noite,Crescente,Chuva,Dupla,Rotatória,-2.636088,-44.26849,DEL01-MA,Risco Médio,Baixa
domingo,BR-280,26.0,Pleno dia,Crescente,Céu Claro,Simples,Reta,-26.40184,-48.74364,DEL03-SC,Risco Médio,Baixa
quinta-feira,BR-116,114.8,Pleno dia,Decrescente,Nublado,Dupla,Reta,-25.54511,-49.29939,DEL01-PR,Risco Médio,Alta
segunda-feira,BR-163,330.0,Pleno dia,Decrescente,Céu Claro,Simples,Curva,-24.26399,-54.18874,DEL06-PR,Risco Médio,Alta
segunda-feira,BR-116,35.2,Plena Noite,Decrescente,Nublado,Dupla,Reta,-4.052181,-38.50628,DEL01-CE,Risco Médio,Alta
sexta-feira,BR-50,103.5,Plena Noite,Decrescente,Céu Claro,Dupla,Reta,-16.9309,-47.7117,DEL01-DF,Risco Médio,Média
quarta-feira,BR-369,30.5,Plena Noite,Crescente,Céu Claro,Simples,Não Informado,-23.03976,-50.17845,DEL07-PR,Risco Médio,Baixa
domingo,BR-381,581.0,Plena Noite,Crescente,Chuva,Dupla,Curva,-20.4892,-44.5989,DEL04-MG,Risco Baixo,Alta
sexta-feira,BR-470,217.0,Pleno dia,Crescente,Céu Claro,Simples,Curva,-29.16463,-51.52552,DEL06-RS,Risco Médio,Baixa
domingo,BR-364,126.0,Plena Noite,Crescente,Céu Claro,Simples,Curva,-18.25287,-51.24311,DEL05-GO,Risco Baixo,Alta
sábado,BR-116,135.2,Plena Noite,Decrescente,Nublado,Simples,Curva,-26.92814,-50.43479,DEL06-SC,Risco Médio,Alta
quarta-feira,BR-277,435.4,Pleno dia,Crescente,Céu Claro,Simples,Reta,-25.37533,-52.2452,DEL04-PR,Risco Alto,Média
sábado,BR-40,119.0,Pleno dia,Crescente,Chuva,Múltipla,Reta,-22.76867,-43.2867,DEL01-RJ,Risco Alto,Alta
segunda-feira,BR-343,320.0,Pleno dia,Crescente,Chuva,Simples,Reta,-5.049554,-42.57145,DEL01-PI,Risco Baixo,Baixa
sexta-feira,BR-470,140.0,Pleno dia,Decrescente,Nublado,Simples,Reta,-27.22248,-49.66283,DEL04-SC,Risco Médio,Baixa
terça-feira,BR-376,205.0,Pleno dia,Decrescente,Nublado,Simples,Reta,-23.50951,-51.7214,DEL09-PR,Risco Médio,Baixa
sexta-feira,BR-60,185.0,Plena Noite,Crescente,Ignorado,Dupla,Curva,-16.7956,-49.51,DEL01-GO,Risco Baixo,Média
segunda-feira,BR-280,126.6,Pleno dia,Crescente,Céu Claro,Simples,Não Informado,-26.23834,-49.49761,DEL06-SC,Risco Médio,Baixa
segunda-feira,BR-251,515.8,Plena Noite,Decrescente,Nublado,Simples,Não Informado,-16.65954,-43.7438,DEL12-MG,Risco Baixo,Baixa
domingo,BR-20,45.5,Pleno dia,Crescente,Céu Claro,Dupla,Reta,-15.5788,-47.46313,DEL02-DF,Risco Baixo,Baixa
quinta-feira,BR-70,54.0,Plena Noite,Decrescente,Céu Claro,Simples,Reta,-15.71764,-52.64758,DEL07-MT,Risco Médio,Baixa
sábado,BR-116,205.0,Pleno dia,Decrescente,Céu Claro,Múltipla,Reta,-23.41475,-46.36601,DEL01-SP,Risco Médio,Alta
terça-feira,BR-230,89.9,Pleno dia,Decrescente,Nublado,Simples,Não Informado,-6.503942,-43.67604,DEL03-PI,Risco Baixo,Baixa
terça-feira,BR-153,574.0,Plena Noite,Decrescente,Céu Claro,Simples,Reta,-10.8843,-48.90634,DEL02-TO,Risco Baixo,Alta
sexta-feira,BR-40,448.0,Pleno dia,Decrescente,Sol,Dupla,Não Informado,-19.30165,-44.37792,DEL02-MG,Risco Baixo,Alta
domingo,BR-364,57.9,Pleno dia,Crescente,Nublado,Simples,Reta,-16.95268,-53.52608,DEL02-MT,Risco Médio,Alta
domingo,BR-304,286.0,Anoitecer,Decrescente,Céu Claro,Simples,Não Informado,-5.873824,-35.4379,DEL01-RN,Risco Médio,Baixa
sábado,BR-470,52.9,Pleno dia,Crescente,Céu Claro,Simples,Reta,-26.86049,-49.07966,DEL04-SC,Risco Médio,Baixa
sexta-feira,BR-262,463.5,Pleno dia,Decrescente,Céu Claro,Simples,Reta,-19.81225,-45.10918,DEL08-MG,Risco Médio,Média
segunda-feira,BR-392,49.7,Pleno dia,Crescente,Céu Claro,Dupla,Reta,-31.8832,-52.32071,DEL07-RS,Risco Médio,Média
segunda-feira,BR-230,23.0,Anoitecer,Decrescente,Céu Claro,Dupla,Reta,-7.1562,-34.8574,DEL01-PB,Risco Baixo,Baixa
segunda-feira,BR-116,420.0,Plena Noite,Decrescente,Céu Claro,Dupla,Reta,-12.2088,-38.9653,DEL02-BA,Risco Baixo,Alta
sábado,BR-101,202.7,Pleno dia,Crescente,Céu Claro,Múltipla,Reta,-27.55712,-48.61898,DEL01-SC,Risco Médio,Alta
segunda-feira,BR-386,433.0,Pleno dia,Crescente,Céu Claro,Dupla,Reta,-29.83997,-51.29493,DEL04-RS,Risco Médio,Média
sábado,BR-373,251.6,Plena Noite,Decrescente,Céu Claro,Simples,Reta,-25.18896,-50.8635,DEL03-PR,Risco Alto,Baixa
sábado,BR-101,323.0,Plena Noite,Crescente,Céu Claro,Múltipla,Reta,-28.4279,-48.91248,DEL02-SC,Risco Baixo,Alta
segunda-feira,BR-163,622.0,Pleno dia,Crescente,Céu Claro,Dupla,Reta,-19.34425,-54.59923,DEL06-MS,Risco Médio,Alta
domingo,BR-493,1.5,Plena Noite,Decrescente,Céu Claro,Dupla,Reta,-22.76399,-42.92732,DEL02-RJ,Risco Médio,Baixa
sábado,BR-381,646.2,Plena Noite,Crescente,Chuva,Dupla,Curva,-20.94912,-44.88678,DEL04-MG,Risco Médio,Alta
quinta-feira,BR-101,247.0,Plena Noite,Crescente,Céu Claro,Dupla,Reta,-27.91824,-48.65414,DEL02-SC,Risco Médio,Alta
sábado,BR-116,126.5,Pleno dia,Decrescente,Chuva,Simples,Reta,-29.02525,-51.10579,DEL05-RS,Risco Baixo,Alta
quarta-feira,BR-116,69.0,Plena Noite,Decrescente,Céu Claro,Simples,Reta,-4.320599,-38.49112,DEL03-CE,Risco Médio,Alta
segunda-feira,BR-381,503.0,Pleno dia,Decrescente,Chuva,Dupla,Não Informado,-20.02606,-44.23157,DEL01-MG,Risco Médio,Alta
terça-feira,BR-101,129.3,Pleno dia,Decrescente,Chuva,Dupla,Não Informado,-11.08895,-37.37076,DEL02-SE,Risco Médio,Alta
sexta-feira,BR-280,52.7,Pleno dia,Decrescente,Sol,Simples,Reta,-26.47135,-48.97132,DEL03-SC,Risco Médio,Baixa
terça-feira,BR-110,396.0,Pleno dia,Decrescente,Céu Claro,Simples,Curva,-12.50766,-38.49627,DEL01-BA,Risco Médio,Baixa
sexta-feira,BR-232,76.0,Anoitecer,Crescente,Céu Claro,Dupla,Reta,-8.195415,-35.53425,DEL02-PE,Risco Médio,Baixa
quarta-feira,BR-282,236.4,Anoitecer,Crescente,Céu Claro,Simples,Curva,-27.78811,-50.48689,DEL05-SC,Risco Alto,Baixa
quinta-feira,BR-282,20.0,Pleno dia,Decrescente,Nublado,Simples,Reta,-27.68396,-48.71006,DEL01-SC,Risco Médio,Baixa
quinta-feira,BR-101,210.0,Pleno dia,Crescente,Céu Claro,Múltipla,Reta,-27.62,-48.649,DEL01-SC,Risco Médio,Alta
sábado,BR-476,130.4,Amanhecer,Crescente,Ignorado,Dupla,Reta,-25.44956,-49.23643,DEL01-PR,Risco Alto,Baixa
segunda-feira,BR-101,280.0,Plena Noite,Crescente,Céu Claro,Múltipla,Reta,-28.2087,-48.6989,DEL02-SC,Risco Médio,Alta
segunda-feira,BR-101,283.0,Plena Noite,Crescente,Nublado,Dupla,Desvio Temporário,-22.73591,-42.80593,DEL02-RJ,Risco Baixo,Alta
sábado,BR-101,259.4,Plena Noite,Decrescente,Nublado,Dupla,Não Informado,-20.14322,-40.29133,DEL02-ES,Risco Médio,Alta
quarta-feira,BR-381,528.2,Amanhecer,Crescente,Garoa/Chuvisco,Dupla,Curva,-20.16571,-44.33438,DEL04-MG,Risco Baixo,Alta
domingo,BR-407,168.9,Pleno dia,Decrescente,Sol,Simples,Reta,-10.82121,-40.1149,DEL04-BA,Risco Médio,Baixa
segunda-feira,BR-277,6.0,Pleno dia,Decrescente,Ignorado,Dupla,Reta,-25.50755,-54.58375,DEL05-PR,Risco Médio,Média
quinta-feira,BR-116,51.0,Pleno dia,Decrescente,Chuva,Dupla,Curva,-25.24255,-48.90289,DEL01-PR,Risco Baixo,Alta
quinta-feira,BR-364,323.9,Pleno dia,Crescente,Chuva,Dupla,Reta,-15.81565,-55.35031,DEL05-MT,Risco Médio,Alta
quinta-feira,BR-116,447.5,Plena Noite,Crescente,Chuva,Simples,Reta,-7.088238,-38.78364,DEL05-CE,Risco Médio,Alta
quarta-feira,BR-101,4.9,Pleno dia,Decrescente,Céu Claro,Dupla,Reta,-20.8049,-40.81009,DEL03-ES,Risco Médio,Alta
quinta-feira,BR-470,170.5,Plena Noite,Crescente,Céu Claro,Simples,Reta,-28.8788,-51.54839,DEL06-RS,Risco Médio,Baixa
sábado,BR-470,218.8,Pleno dia,Decrescente,Céu Claro,Simples,Não Informado,-29.17292,-51.52425,DEL06-RS,Risco Médio,Baixa
domingo,BR-163,116.0,Pleno dia,Decrescente,Chuva,Dupla,Não Informado,-25.62088,-53.64552,DEL02-PR,Risco Baixo,Alta
quinta-feira,BR-452,0.4,Pleno dia,Crescente,Céu Claro,Dupla,Curva,-17.78742,-50.90059,DEL04-GO,Risco Médio,Baixa
sexta-feira,BR-146,456.0,Plena Noite,Crescente,Céu Claro,Simples,Curva,-21.35992,-46.47754,DEL09-MG,Risco Alto,Baixa
quarta-feira,BR-230,80.0,Plena Noite,Decrescente,Céu Claro,Simples,Curva,-6.492675,-43.71066,DEL03-PI,Risco Baixo,Baixa
quinta-feira,BR-101,206.5,Plena Noite,Crescente,Céu Claro,Múltipla,Reta,-27.59194,-48.61825,DEL01-SC,Risco Médio,Alta
sábado,BR-282,584.2,Plena Noite,Crescente,Céu Claro,Simples,Curva,-26.83112,-53.01962,DEL07-SC,Risco Médio,Baixa
domingo,BR-116,147.0,Pleno dia,Decrescente,Céu Claro,Simples,Não Informado,-25.79054,-49.32744,DEL01-PR,Risco Médio,Alta
sexta-feira,BR-116,363.0,Plena Noite,Decrescente,Céu Claro,Simples,Túnel,-30.64815,-51.56101,DEL02-RS,Risco Baixo,Alta
quarta-feira,BR-116,512.6,Plena Noite,Crescente,Nublado,Simples,Curva,-31.63498,-52.33114,DEL07-RS,Risco Médio,Alta
sexta-feira,BR-116,561.9,Pleno dia,Decrescente,Céu Claro,Simples,Reta,-12.94393,-39.91218,DEL03-BA,Risco Médio,Alta
domingo,BR-386,445.0,Plena Noite,Decrescente,Céu Claro,Dupla,Retorno Regulamentado,-29.89288,-51.1927,DEL01-RS,Risco Baixo,Média
quinta-feira,BR-393,171.0,Anoitecer,Decrescente,Céu Claro,Simples,Interseção de vias,-22.12421,-43.19716,DEL06-RJ,Risco Médio,Média
sexta-feira,BR-153,112.6,Plena Noite,Crescente,Céu Claro,Simples,Curva,-27.33563,-51.97548,DEL07-SC,Risco Alto,Alta
quinta-feira,BR-135,371.0,Pleno dia,Crescente,Céu Claro,Simples,Reta,-9.19836,-44.44931,DEL03-PI,Risco Baixo,Baixa
domingo,BR-367,22.2,Plena Noite,Crescente,Garoa/Chuvisco,Simples,Reta,-16.43632,-39.06948,DEL09-BA,Risco Médio,Baixa
terça-feira,BR-364,556.7,Plena Noite,Crescente,Céu Claro,Dupla,Reta,-14.75541,-56.33723,DEL01-MT,Risco Médio,Alta
quinta-feira,BR-304,46.3,Pleno dia,Decrescente,Céu Claro,Simples,Retorno Regulamentado,-5.225794,-37.34005,DEL04-RN,Risco Médio,Baixa
sábado,BR-381,939.0,Pleno dia,Decrescente,Nublado,Dupla,Curva,-22.82151,-46.30051,DEL16-MG,Risco Médio,Alta
sábado,BR-316,75.0,Plena Noite,Crescente,Céu Claro,Simples,Reta,-9.319871,-37.31542,DEL03-AL,Risco Médio,Baixa
domingo,BR-101,93.9,Plena Noite,Decrescente,Chuva,Dupla,Rotatória,-10.9116,-37.1585,DEL01-SE,Risco Alto,Alta
quarta-feira,BR-406,145.8,Pleno dia,Crescente,Céu Claro,Simples,Reta,-5.64601,-35.477,DEL02-RN,Risco Médio,Baixa
quinta-feira,BR-163,71.9,Plena Noite,Decrescente,Céu Claro,Dupla,Não Informado,-26.70608,-53.51377,DEL07-SC,Risco Médio,Alta
sábado,BR-232,8.5,Plena Noite,Decrescente,Céu Claro,Dupla,Não Informado,-8.075837,-34.97016,DEL01-PE,Risco Médio,Baixa
terça-feira,BR-40,479.8,Anoitecer,Decrescente,Chuva,Dupla,Não Informado,-19.53623,-44.25468,DEL02-MG,Risco Médio,Alta
terça-feira,BR-316,11.0,Plena Noite,Crescente,Chuva,Dupla,Retorno Regulamentado,-1.3652,-48.3484,DEL01-PA,Risco Médio,Baixa
quarta-feira,BR-101,201.7,Pleno dia,Crescente,Céu Claro,Múltipla,Reta,-27.55519,-48.61937,DEL01-SC,Risco Médio,Alta
quinta-feira,BR-116,306.0,Anoitecer,Decrescente,Céu Claro,Dupla,Curva,-22.45646,-44.40259,DEL07-RJ,Risco Baixo,Alta
domingo,BR-116,247.9,Pleno dia,Crescente,Céu Claro,Dupla,Viaduto,-29.7726,-51.15437,DEL01-RS,Risco Médio,Alta
sábado,BR-277,488.8,Pleno dia,Crescente,Céu Claro,Simples,Curva,-25.22762,-52.64889,DEL04-PR,Risco Médio,Média
domingo,BR-101,139.9,Plena Noite,Crescente,Nublado,Simples,Não Informado,-27.02982,-48.60115,DEL04-SC,Risco Alto,Alta
domingo,BR-282,58.2,Plena Noite,Decrescente,Céu Claro,Simples,Interseção de vias,-27.68359,-49.00554,DEL01-SC,Risco Médio,Baixa
terça-feira,BR-381,668.7,Plena Noite,Decrescente,Céu Claro,Dupla,Reta,-21.06788,-45.0523,DEL04-MG,Risco Baixo,Alta
terça-feira,BR-116,492.0,Amanhecer,Decrescente,Nublado,Dupla,Reta,-12.40878,-39.50172,DEL02-BA,Risco Médio,Alta
quarta-feira,BR-393,290.9,Pleno dia,Crescente,Céu Claro,Dupla,Curva,-22.5249,-44.1161,DEL05-RJ,Risco Baixo,Média
domingo,BR-393,175.7,Anoitecer,Decrescente,Céu Claro,Simples,Rotatória,-22.12421,-43.23189,DEL06-RJ,Risco Médio,Média
sexta-feira,BR-40,610.0,Plena Noite,Decrescente,Céu Claro,Simples,Não Informado,-20.50441,-43.83889,DEL05-MG,Risco Médio,Alta
segunda-feira,BR-116,5.0,Pleno dia,Decrescente,Chuva,Dupla,Não Informado,-25.08781,-48.60522,DEL01-PR,Risco Baixo,Alta
sexta-feira,BR-101,206.9,Plena Noite,Crescente,Ignorado,Múltipla,Reta,-27.59899,-48.62206,DEL01-SC,Risco Médio,Alta
sexta-feira,BR-135,8.9,Pleno dia,Decrescente,Sol,Dupla,Não Informado,-2.643421,-44.27374,DEL01-MA,Risco Médio,Baixa
segunda-feira,BR-153,335.0,Pleno dia,Crescente,Nublado,Dupla,Reta,-8.844816,-48.51073,DEL02-TO,Risco Médio,Alta
sexta-feira,BR-116,138.1,Pleno dia,Crescente,Céu Claro,Simples,Reta,-23.15727,-45.79555,DEL02-SP,Risco Médio,Alta
terça-feira,BR-116,257.0,Pleno dia,Crescente,Céu Claro,Múltipla,Reta,-22.58632,-44.01407,DEL07-RJ,Risco Médio,Alta
quarta-feira,BR-262,46.5,Pleno dia,Crescente,Sol,Simples,Curva,-20.26333,-42.10567,DEL06-MG,Risco Médio,Média
domingo,BR-381,513.0,Plena Noite,Crescente,Chuva,Dupla,Reta,-20.09999,-44.3189,DEL01-MG,Risco Baixo,Alta
terça-feira,BR-282,444.1,Plena Noite,Decrescente,Céu Claro,Simples,Reta,-26.91587,-51.90186,DEL07-SC,Risco Médio,Baixa
sábado,BR-116,385.0,Amanhecer,Crescente,Nublado,Múltipla,Reta,-24.25499,-47.37541,DEL04-SP,Risco Médio,Alta
segunda-feira,BR-20,416.0,Plena Noite,Decrescente,Nublado,Dupla,Interseção de vias,-3.834905,-38.61094,DEL01-CE,Risco Médio,Baixa
quinta-feira,BR-153,50.2,Pleno dia,Decrescente,Sol,Simples,Reta,-27.65623,-52.27555,DEL08-RS,Risco Médio,Alta
domingo,BR-232,130.0,Pleno dia,Crescente,Nublado,Dupla,Reta,-8.301176,-35.99844,DEL02-PE,Risco Médio,Baixa
terça-feira,BR-110,62.5,Plena Noite,Crescente,Céu Claro,Simples,Reta,-5.259892,-37.33166,DEL04-RN,Risco Baixo,Baixa
segunda-feira,BR-476,140.8,Pleno dia,Crescente,Ignorado,Dupla,Reta,-25.52605,-49.2974,DEL01-PR,Risco Médio,Baixa
domingo,BR-319,63.0,Pleno dia,Crescente,Nublado,Dupla,Não Informado,-8.766077,-63.88458,DEL01-RO,Risco Médio,Baixa
sábado,BR-40,280.9,Plena Noite,Crescente,Nublado,Simples,Reta,-18.23509,-45.21376,DEL14-MG,Risco Baixo,Alta
sábado,BR-364,272.7,Plena Noite,Crescente,Céu Claro,Dupla,Reta,-15.9627,-54.96447,DEL02-MT,Risco Médio,Alta
quarta-feira,BR-393,289.0,Pleno dia,Decrescente,Céu Claro,Dupla,Reta,-22.51094,-44.08446,DEL05-RJ,Risco Baixo,Média
sábado,BR-369,146.4,Pleno dia,Decrescente,Céu Claro,Dupla,Reta,-23.29326,-51.12722,DEL07-PR,Risco Médio,Baixa
terça-feira,BR-373,230.5,Plena Noite,Decrescente,Céu Claro,Simples,Não Informado,-25.18073,-50.66818,DEL03-PR,Risco Alto,Baixa
quinta-feira,BR-158,196.0,Pleno dia,Crescente,Céu Claro,Simples,Reta,-28.65796,-53.58952,DEL10-RS,Risco Alto,Baixa
segunda-feira,BR-376,175.4,Pleno dia,Crescente,Sol,Dupla,Reta,-23.41273,-51.94503,DEL09-PR,Risco Médio,Baixa
quarta-feira,BR-116,87.2,Pleno dia,Decrescente,Céu Claro,Dupla,Reta,-25.47581,-49.0958,DEL01-PR,Risco Médio,Alta
quarta-feira,BR-262,327.0,Pleno dia,Crescente,Chuva,Dupla,Reta,-20.46657,-54.54373,DEL01-MS,Risco Médio,Média
sexta-feira,BR-163,1082.0,Anoitecer,Crescente,Céu Claro,Simples,Curva,-9.808752,-54.89144,DEL06-MT,Risco Médio,Alta
domingo,BR-60,50.0,Plena Noite,Crescente,Chuva,Dupla,Reta,-16.1625,-48.624,DEL02-GO,Risco Médio,Média
terça-feira,BR-40,12.5,Plena Noite,Decrescente,Céu Claro,Dupla,Reta,-16.14878,-47.94166,DEL01-DF,Risco Alto,Alta
sexta-feira,BR-476,124.0,Plena Noite,Decrescente,Céu Claro,Dupla,Reta,-25.39984,-49.21585,DEL01-PR,Risco Médio,Baixa
terça-feira,BR-285,493.4,Pleno dia,Crescente,Céu Claro,Simples,Reta,-28.37562,-54.2476,DEL10-RS,Risco Alto,Baixa
terça-feira,BR-116,285.0,Plena Noite,Decrescente,Nevoeiro/Neblina,Dupla,Reta,-23.68469,-46.85926,DEL04-SP,Risco Médio,Alta
quinta-feira,BR-116,501.0,Plena Noite,Crescente,Céu Claro,Simples,Interseção de vias,-19.55973,-42.12332,DEL06-MG,Risco Médio,Alta
sábado,BR-101,151.2,Amanhecer,Decrescente,Céu Claro,Simples,Retorno Regulamentado,-11.26151,-37.44123,DEL02-SE,Risco Médio,Alta
quarta-feira,BR-116,226.0,Pleno dia,Decrescente,Céu Claro,Dupla,Curva,-22.66047,-43.83534,DEL07-RJ,Risco Baixo,Alta
segunda-feira,BR-470,184.0,Pleno dia,Crescente,Céu Claro,Simples,Reta,-27.25853,-49.93432,DEL04-SC,Risco Baixo,Baixa
domingo,BR-364,714.0,Plena Noite,Crescente,Nublado,Dupla,Reta,-8.773237,-63.88521,DEL01-RO,Risco Médio,Alta
sexta-feira,BR-50,175.4,Pleno dia,Crescente,Chuva,Dupla,Reta,-19.77829,-47.96748,DEL13-MG,Risco Baixo,Média
sexta-feira,BR-277,10.0,Pleno dia,Crescente,Garoa/Chuvisco,Simples,Curva,-25.56768,-48.61671,DEL01-PR,Risco Baixo,Média
domingo,BR-282,344.0,Pleno dia,Crescente,Céu Claro,Dupla,Rotatória,-27.38571,-51.2355,DEL07-SC,Risco Médio,Baixa