dia_semana,br,km,fase_dia,sentido_via,condicao_metereologica,tipo_pista,tracado_via,latitude,longitude,delegacia,classificacao_acidente,postos_policiais_PRF
sexta-feira,BR-386,324.3,Pleno dia,Crescente,Céu Claro,Simples,Reta,-29.32509,-52.10207,DEL04-RS,Risco Baixo,Média
quinta-feira,BR-101,422.0,Pleno dia,Decrescente,Céu Claro,Simples,Curva,-14.25648,-39.32309,DEL05-BA,Risco Médio,Alta
quinta-feira,BR-101,16.5,Plena Noite,Crescente,Céu Claro,Dupla,Curva,-8.997307,-35.67603,DEL01-AL,Risco Médio,Alta
segunda-feira,BR-316,4.4,Plena Noite,Decrescente,Céu Claro,Simples,Reta,-7.463918,-40.62669,DEL05-PE,Risco Médio,Baixa
quarta-feira,BR-304,52.2,Amanhecer,Decrescente,Chuva,Simples,Curva,-4.570807,-37.74473,DEL03-CE,Risco Médio,Baixa
segunda-feira,BR-50,31.0,Pleno dia,Crescente,Sol,Dupla,Reta,-18.62419,-48.11705,DEL15-MG,Risco Médio,Média
quarta-feira,BR-101,119.7,Pleno dia,Crescente,Céu Claro,Dupla,Reta,-26.90432,-48.71555,DEL04-SC,Risco Médio,Alta
segunda-feira,BR-40,487.0,Plena Noite,Decrescente,Céu Claro,Dupla,Reta,-19.59896,-44.22304,DEL02-MG,Risco Baixo,Alta
sexta-feira,BR-343,559.0,Amanhecer,Crescente,Céu Claro,Simples,Reta,-6.652987,-42.88287,DEL03-PI,Risco Médio,Baixa
segunda-feira,BR-60,38.1,Plena Noite,Decrescente,Céu Claro,Dupla,Rotatória,-16.73853,-49.34612,DEL01-GO,Risco Médio,Média
domingo,BR-158,536.0,Amanhecer,Decrescente,Céu Claro,Simples,Rotatória,-26.24249,-52.69698,DEL02-PR,Risco Médio,Baixa
quarta-feira,BR-277,599.6,Plena Noite,Crescente,Céu Claro,Dupla,Reta,-25.01059,-53.53373,DEL04-PR,Risco Alto,Média
sexta-feira,BR-376,155.0,Plena Noite,Decrescente,Céu Claro,Dupla,Reta,-23.33852,-52.09846,DEL07-PR,Risco Médio,Baixa
domingo,BR-101,575.5,Plena Noite,Crescente,Céu Claro,Simples,Reta,-23.2275,-44.7276,DEL03-RJ,Risco Médio,Alta
sábado,BR-101,269.5,Amanhecer,Crescente,Céu Claro,Múltipla,Reta,-20.22104,-40.27047,DEL02-ES,Risco Baixo,Alta
quarta-feira,BR-476,123.5,Pleno dia,Crescente,Sol,Dupla,Não Informado,-25.3929,-49.20956,DEL01-PR,Risco Alto,Baixa
sexta-feira,BR-381,942.8,Pleno dia,Crescente,Céu Claro,Dupla,Não Informado,-22.83654,-46.32698,DEL16-MG,Risco Médio,Alta
sábado,BR-364,711.0,Pleno dia,Decrescente,Céu Claro,Dupla,Reta,-8.782581,-63.86442,DEL01-RO,Risco Médio,Alta
quinta-feira,BR-101,295.0,Pleno dia,Crescente,Céu Claro,Dupla,Não Informado,-20.33224,-40.40005,DEL01-ES,Risco Médio,Alta
sexta-feira,BR-280,74.6,Plena Noite,Decrescente,Nublado,Simples,Reta,-26.45877,-49.16148,DEL03-SC,Risco Médio,Baixa
terça-feira,BR-472,421.5,Pleno dia,Decrescente,Céu Claro,Simples,Curva,-28.84875,-56.08066,DEL12-RS,Risco Baixo,Baixa
quarta-feira,BR-277,118.0,Pleno dia,Decrescente,Céu Claro,Dupla,Reta,-25.46001,-49.42474,DEL01-PR,Risco Médio,Média
sexta-feira,BR-153,178.0,Pleno dia,Decrescente,Chuva,Simples,Reta,-14.32743,-49.15292,DEL07-GO,Risco Médio,Alta
sexta-feira,BR-101,73.6,Plena Noite,Decrescente,Céu Claro,Dupla,Retorno Regulamentado,-8.099166,-34.95012,DEL01-PE,Risco Médio,Alta
domingo,BR-376,500.0,Plena Noite,Crescente,Céu Claro,Simples,Não Informado,-25.16046,-50.1239,DEL03-PR,Risco Médio,Baixa
segunda-feira,BR-70,521.0,Pleno dia,Decrescente,Céu Claro,Simples,Reta,-15.66494,-56.18397,DEL01-MT,Risco Baixo,Baixa
quinta-feira,BR-101,200.0,Pleno dia,Crescente,Céu Claro,Múltipla,Desvio Temporário,-27.5485,-48.6196,DEL01-SC,Risco Médio,Alta
domingo,BR-465,18.0,Plena Noite,Decrescente,Céu Claro,Simples,Reta,-22.77238,-43.43582,DEL01-RJ,Risco Médio,Baixa
domingo,BR-40,16.7,Plena Noite,Decrescente,Céu Claro,Dupla,Desvio Temporário,-16.18273,-47.92867,DEL01-DF,Risco Alto,Alta
sábado,BR-381,686.5,Pleno dia,Crescente,Céu Claro,Dupla,Curva,-21.17733,-45.12475,DEL04-MG,Risco Baixo,Alta
terça-feira,BR-262,59.7,Pleno dia,Crescente,Céu Claro,Simples,Reta,-20.28276,-42.20329,DEL06-MG,Risco Médio,Média
quinta-feira,BR-116,412.5,Plena Noite,Decrescente,Céu Claro,Simples,Não Informado,-18.86882,-41.97144,DEL06-MG,Risco Médio,Alta
sábado,BR-101,310.0,Plena Noite,Crescente,Céu Claro,Múltipla,Reta,-28.41679,-48.79529,DEL02-SC,Risco Médio,Alta
domingo,BR-153,438.6,Amanhecer,Decrescente,Céu Claro,Dupla,Não Informado,-16.30685,-48.92387,DEL02-GO,Risco Médio,Alta
domingo,BR-101,253.0,Plena Noite,Decrescente,Nublado,Simples,Reta,-20.10337,-40.33384,DEL02-ES,Risco Médio,Alta
segunda-feira,BR-480,124.0,Plena Noite,Crescente,Chuva,Dupla,Desvio Temporário,-27.00255,-52.64477,DEL07-SC,Risco Médio,Baixa
terça-feira,BR-410,26.0,Pleno dia,Crescente,Chuva,Simples,Desvio Temporário,-10.97476,-38.77368,DEL07-BA,Risco Baixo,Baixa
sexta-feira,BR-116,642.1,Anoitecer,Crescente,Céu Claro,Simples,Não Informado,-20.66435,-42.26747,DEL07-MG,Risco Médio,Alta
sábado,BR-277,226.3,Pleno dia,Crescente,Céu Claro,Simples,Curva,-25.46606,-50.53662,DEL03-PR,Risco Médio,Média
domingo,BR-282,4.6,Anoitecer,Crescente,Céu Claro,Dupla,Reta,-27.58998,-48.60977,DEL01-SC,Risco Baixo,Baixa
domingo,BR-163,1035.0,Plena Noite,Decrescente,Céu Claro,Simples,Reta,-10.20077,-54.95716,DEL06-MT,Risco Médio,Alta
sábado,BR-101,6.0,Plena Noite,Crescente,Céu Claro,Dupla,Reta,-10.24797,-36.85697,DEL02-SE,Risco Médio,Alta
quarta-feira,BR-101,58.3,Pleno dia,Crescente,Nublado,Dupla,Não Informado,-7.974889,-34.92229,DEL01-PE,Risco Médio,Alta
domingo,BR-116,165.0,Plena Noite,Crescente,Céu Claro,Dupla,Reta,-22.81068,-43.3342,DEL01-RJ,Risco Médio,Alta
sexta-feira,BR-50,69.0,Pleno dia,Crescente,Céu Claro,Dupla,Reta,-18.86016,-48.25504,DEL15-MG,Risco Médio,Média
sexta-feira,BR-381,693.0,Anoitecer,Crescente,Chuva,Dupla,Curva,-21.22635,-45.13088,DEL04-MG,Risco Médio,Alta
sexta-feira,BR-277,130.6,Plena Noite,Decrescente,Nublado,Dupla,Curva,-25.44518,-49.49857,DEL01-PR,Risco Médio,Média
domingo,BR-40,493.8,Pleno dia,Decrescente,Céu Claro,Dupla,Curva,-19.64621,-44.20302,DEL02-MG,Risco Médio,Alta
quarta-feira,BR-70,9.0,Plena Noite,Decrescente,Nublado,Dupla,Reta,-15.73577,-48.28288,DEL01-DF,Risco Baixo,Baixa
sábado,BR-153,260.7,Pleno dia,Decrescente,Garoa/Chuvisco,Simples,Reta,-22.26625,-49.92364,DEL07-SP,Risco Médio,Alta
terça-feira,BR-163,743.0,Anoitecer,Crescente,Nublado,Simples,Reta,-12.62477,-55.76936,DEL06-MT,Risco Baixo,Alta
domingo,BR-470,165.0,Amanhecer,Crescente,Chuva,Simples,Curva,-28.84783,-51.57093,DEL06-RS,Risco Médio,Baixa
sexta-feira,BR-101,201.0,Plena Noite,Decrescente,Céu Claro,Simples,Não Informado,-12.61025,-39.08063,DEL01-BA,Risco Médio,Alta
sábado,BR-116,126.0,Pleno dia,Decrescente,Nublado,Dupla,Reta,-22.65611,-43.12419,DEL04-RJ,Risco Médio,Alta
quarta-feira,BR-230,33.0,Pleno dia,Crescente,Nublado,Dupla,Interseção de vias,-7.133864,-34.92926,DEL01-PB,Risco Médio,Baixa
sábado,BR-101,48.6,Pleno dia,Decrescente,Céu Claro,Múltipla,Reta,-7.898,-34.9025,DEL01-PE,Risco Médio,Alta
domingo,BR-282,529.3,Pleno dia,Decrescente,Céu Claro,Simples,Reta,-26.98219,-52.59734,DEL07-SC,Risco Médio,Baixa
domingo,BR-376,615.0,Plena Noite,Decrescente,Nublado,Dupla,Reta,-25.56921,-49.1817,DEL01-PR,Risco Médio,Baixa
quinta-feira,BR-70,1.5,Plena Noite,Crescente,Chuva,Simples,Reta,-15.88935,-52.26533,DEL07-MT,Risco Médio,Baixa
quinta-feira,BR-101,105.8,Plena Noite,Crescente,Chuva,Simples,Interseção de vias,-5.901652,-35.25929,DEL01-RN,Risco Médio,Alta
domingo,BR-418,109.0,Plena Noite,Decrescente,Chuva,Simples,Reta,-17.89393,-40.04535,DEL09-BA,Risco Médio,Baixa
segunda-feira,BR-116,227.0,Pleno dia,Crescente,Nevoeiro/Neblina,Dupla,Reta,-23.49659,-46.55649,DEL01-SP,Risco Médio,Alta
segunda-feira,BR-116,276.0,Plena Noite,Crescente,Céu Claro,Simples,Reta,-17.85329,-41.48438,DEL11-MG,Risco Médio,Alta
quarta-feira,BR-101,3.4,Amanhecer,Crescente,Céu Claro,Dupla,Não Informado,-7.527848,-34.99191,DEL01-PE,Risco Alto,Alta
quarta-feira,BR-116,640.7,Pleno dia,Decrescente,Chuva,Simples,Curva,-20.64979,-42.24532,DEL07-MG,Risco Baixo,Alta
quarta-feira,BR-262,14.9,Pleno dia,Decrescente,Céu Claro,Simples,Não Informado,-20.26417,-41.8682,DEL06-MG,Risco Médio,Média
segunda-feira,BR-101,314.0,Pleno dia,Crescente,Nublado,Dupla,Ponte,-28.43776,-48.83413,DEL02-SC,Risco Baixo,Alta
sábado,BR-376,246.0,Pleno dia,Decrescente,Céu Claro,Simples,Interseção de vias,-23.58965,-51.41173,DEL07-PR,Risco Médio,Baixa
quinta-feira,BR-290,130.8,Pleno dia,Crescente,Céu Claro,Simples,Não Informado,-30.05987,-51.51878,DEL02-RS,Risco Médio,Baixa
sábado,BR-262,588.1,Plena Noite,Decrescente,Nublado,Simples,Reta,-19.66225,-46.11856,DEL08-MG,Risco Alto,Média
sábado,BR-463,106.8,Plena Noite,Crescente,Nublado,Simples,Reta,-22.59094,-55.67293,DEL04-MS,Risco Alto,Baixa
domingo,BR-50,93.2,Anoitecer,Crescente,Céu Claro,Dupla,Curva,-19.15066,-48.16544,DEL15-MG,Risco Baixo,Média
segunda-feira,BR-381,5.0,Amanhecer,Crescente,Céu Claro,Dupla,Curva,-22.8918,-46.4137,DEL03-SP,Risco Médio,Alta
terça-feira,BR-373,234.7,Pleno dia,Decrescente,Céu Claro,Simples,Desvio Temporário,-25.18586,-50.70136,DEL03-PR,Risco Médio,Baixa
quinta-feira,BR-369,140.1,Pleno dia,Decrescente,Nublado,Simples,Reta,-23.28058,-51.06876,DEL07-PR,Risco Médio,Baixa
quarta-feira,BR-158,337.3,Pleno dia,Crescente,Garoa/Chuvisco,Simples,Não Informado,-24.9816,-52.29796,DEL04-PR,Risco Alto,Baixa
terça-feira,BR-364,400.0,Anoitecer,Decrescente,Chuva,Simples,Desvio Temporário,-10.60374,-62.34299,DEL03-RO,Risco Baixo,Alta
quinta-feira,BR-101,703.6,Plena Noite,Decrescente,Garoa/Chuvisco,Simples,Não Informado,-16.43471,-39.57716,DEL09-BA,Risco Médio,Alta
quarta-feira,BR-116,112.7,Pleno dia,Crescente,Sol,Dupla,Reta,-25.56731,-49.23707,DEL01-PR,Risco Médio,Alta
domingo,BR-40,108.0,Pleno dia,Decrescente,Chuva,Múltipla,Reta,-22.66477,-43.28495,DEL01-RJ,Risco Médio,Alta
sábado,BR-101,73.0,Pleno dia,Decrescente,Céu Claro,Dupla,Retorno Regulamentado,-8.099109,-34.94999,DEL01-PE,Risco Médio,Alta
terça-feira,BR-101,223.0,Pleno dia,Decrescente,Céu Claro,Dupla,Reta,-27.7248,-48.6435,DEL01-SC,Risco Médio,Alta
domingo,BR-470,246.0,Pleno dia,Crescente,Céu Claro,Simples,Curva,-29.3742,-51.50585,DEL06-RS,Risco Baixo,Baixa
segunda-feira,BR-381,488.0,Plena Noite,Crescente,Céu Claro,Dupla,Reta,-19.95987,-44.1549,DEL01-MG,Risco Médio,Alta
quinta-feira,BR-101,436.0,Pleno dia,Crescente,Nublado,Simples,Reta,-29.10817,-49.6374,DEL02-SC,Risco Médio,Alta
terça-feira,BR-376,188.0,Pleno dia,Crescente,Ignorado,Dupla,Reta,-23.46635,-51.82808,DEL09-PR,Risco Médio,Baixa
quarta-feira,BR-60,176.8,Amanhecer,Decrescente,Sol,Dupla,Não Informado,-16.7562,-49.4492,DEL01-GO,Risco Alto,Média
sábado,BR-116,98.6,Plena Noite,Crescente,Nublado,Dupla,Curva,-25.55528,-49.14978,DEL01-PR,Risco Médio,Alta
segunda-feira,BR-163,484.4,Pleno dia,Decrescente,Sol,Simples,Interseção de vias,-20.45105,-54.54033,DEL01-MS,Risco Médio,Alta
sexta-feira,BR-381,490.2,Plena Noite,Crescente,Céu Claro,Dupla,Curva,-19.95644,-44.14444,DEL01-MG,Risco Médio,Alta
sábado,BR-381,479.0,Pleno dia,Decrescente,Céu Claro,Simples,Não Informado,-19.9589,-44.0692,DEL01-MG,Risco Médio,Alta
quarta-feira,BR-116,134.0,Plena Noite,Decrescente,Céu Claro,Dupla,Reta,-23.14024,-45.76175,DEL06-SP,Risco Médio,Alta
segunda-feira,BR-153,297.0,Plena Noite,Decrescente,Céu Claro,Simples,Reta,-15.26222,-49.54705,DEL02-GO,Risco Baixo,Alta
sábado,BR-280,54.2,Pleno dia,Decrescente,Céu Claro,Simples,Reta,-26.47535,-48.98826,DEL03-SC,Risco Médio,Baixa
sexta-feira,BR-376,173.0,Pleno dia,Decrescente,Céu Claro,Dupla,Reta,-23.41722,-51.95892,DEL09-PR,Risco Médio,Baixa
segunda-feira,BR-153,635.3,Plena Noite,Crescente,Céu Claro,Simples,Reta,-11.40424,-48.97676,DEL02-TO,Risco Alto,Alta
segunda-feira,BR-155,336.0,Pleno dia,Crescente,Céu Claro,Simples,Reta,-5.422975,-49.07624,DEL03-PA,Risco Médio,Baixa
quarta-feira,BR-364,70.0,Pleno dia,Crescente,Céu Claro,Simples,Reta,-18.65638,-50.99877,DEL05-GO,Risco Médio,Alta
terça-feira,BR-153,70.1,Amanhecer,Crescente,Céu Claro,Simples,Não Informado,-20.85198,-49.4007,DEL09-SP,Risco Médio,Alta
quinta-feira,BR-153,303.8,Plena Noite,Decrescente,Céu Claro,Simples,Reta,-15.30294,-49.57052,DEL02-GO,Risco Médio,Alta
sábado,BR-367,29.0,Plena Noite,Crescente,Céu Claro,Simples,Curva,-16.41635,-39.11793,DEL09-BA,Risco Médio,Baixa
quinta-feira,BR-343,341.7,Plena Noite,Crescente,Céu Claro,Dupla,Reta,-5.077812,-42.74426,DEL01-PI,Risco Médio,Baixa
quinta-feira,BR-101,191.0,Pleno dia,Crescente,Chuva,Dupla,Curva,-27.4773,-48.64127,DEL01-SC,Risco Médio,Alta
sábado,BR-50,280.6,Amanhecer,Crescente,Sol,Simples,Reta,-18.18164,-47.94094,DEL06-GO,Risco Baixo,Média
quarta-feira,BR-101,93.9,Pleno dia,Crescente,Sol,Dupla,Reta,-7.205825,-34.90879,DEL01-PB,Risco Médio,Alta
domingo,BR-251,363.0,Pleno dia,Crescente,Ignorado,Simples,Reta,-16.2594,-42.6179,DEL12-MG,Risco Médio,Baixa
domingo,BR-427,23.7,Plena Noite,Crescente,Céu Claro,Simples,Reta,-6.730233,-37.67594,DEL03-PB,Risco Médio,Baixa
sábado,BR-101,213.0,Plena Noite,Decrescente,Nublado,Simples,Reta,-12.60933,-39.07829,DEL01-BA,Risco Alto,Alta
sábado,BR-476,142.0,Pleno dia,Crescente,Céu Claro,Dupla,Reta,-25.53716,-49.30163,DEL01-PR,Risco Médio,Baixa
quinta-feira,BR-40,460.0,Pleno dia,Decrescente,Céu Claro,Dupla,Reta,-19.4052,-44.3338,DEL02-MG,Risco Médio,Alta
sábado,BR-381,713.0,Pleno dia,Crescente,Chuva,Dupla,Curva,-21.37472,-45.19188,DEL04-MG,Risco Baixo,Alta
terça-feira,BR-116,537.0,Pleno dia,Decrescente,Céu Claro,Dupla,Curva,-24.96938,-48.36219,DEL05-SP,Risco Médio,Alta
sábado,BR-153,437.0,Plena Noite,Crescente,Céu Claro,Dupla,Reta,-16.28688,-48.94298,DEL02-GO,Risco Baixo,Alta
sexta-feira,BR-367,26.0,Pleno dia,Crescente,Céu Claro,Simples,Reta,-16.43072,-39.09562,DEL09-BA,Risco Médio,Baixa
segunda-feira,BR-116,115.0,Pleno dia,Crescente,Sol,Dupla,Interseção de vias,-23.0496,-45.59974,DEL02-SP,Risco Médio,Alta
quarta-feira,BR-262,66.1,Pleno dia,Crescente,Céu Claro,Simples,Curva,-20.30404,-42.2601,DEL06-MG,Risco Médio,Média
sexta-feira,BR-262,139.1,Plena Noite,Decrescente,Céu Claro,Simples,Interseção de vias,-20.23127,-41.36387,DEL01-ES,Risco Médio,Média
quinta-feira,BR-116,399.1,Pleno dia,Decrescente,Sol,Simples,Não Informado,-6.60176,-38.83902,DEL05-CE,Risco Médio,Alta
quinta-feira,BR-116,648.9,Pleno dia,Decrescente,Nevoeiro/Neblina,Simples,Reta,-13.69469,-40.09529,DEL03-BA,Risco Baixo,Alta
quarta-feira,BR-381,595.7,Pleno dia,Decrescente,Sol,Dupla,Curva,-20.56177,-44.66481,DEL04-MG,Risco Médio,Alta
sábado,BR-116,61.6,Pleno dia,Decrescente,Céu Claro,Simples,Reta,-4.246768,-38.48372,DEL03-CE,Risco Médio,Alta
segunda-feira,BR-472,130.0,Plena Noite,Decrescente,Chuva,Simples,Curva,-27.7461,-54.2238,DEL10-RS,Risco Médio,Baixa
quinta-feira,BR-343,3.1,Pleno dia,Crescente,Nublado,Múltipla,Reta,-5.089569,-42.80229,DEL01-PI,Risco Baixo,Baixa
sexta-feira,BR-232,79.0,Plena Noite,Decrescente,Céu Claro,Simples,Reta,-8.194606,-35.56075,DEL02-PE,Risco Médio,Baixa
terça-feira,BR-40,55.0,Plena Noite,Crescente,Céu Claro,Dupla,Reta,-22.35383,-43.12184,DEL06-RJ,Risco Médio,Alta
sábado,BR-101,37.3,Pleno dia,Decrescente,Céu Claro,Dupla,Reta,-26.29045,-48.88561,DEL03-SC,Risco Médio,Alta
segunda-feira,BR-101,158.0,Pleno dia,Decrescente,Céu Claro,Dupla,Reta,-27.1899,-48.6127,DEL04-SC,Risco Baixo,Alta
sexta-feira,BR-101,453.8,Pleno dia,Decrescente,Sol,Dupla,Reta,-29.20039,-49.75294,DEL02-SC,Risco Médio,Alta
domingo,BR-470,200.5,Pleno dia,Decrescente,Céu Claro,Simples,Reta,-29.07691,-51.5827,DEL06-RS,Risco Médio,Baixa
sábado,BR-116,805.5,Plena Noite,Crescente,Nublado,Simples,Reta,-14.73065,-40.64065,DEL08-BA,Risco Baixo,Alta
sexta-feira,BR-381,679.4,Pleno dia,Decrescente,Céu Claro,Dupla,Reta,-21.12462,-45.09814,DEL04-MG,Risco Baixo,Alta
terça-feira,BR-116,250.0,Pleno dia,Decrescente,Nublado,Dupla,Reta,-22.59304,-43.95591,DEL07-RJ,Risco Médio,Alta
sexta-feira,BR-373,456.1,Amanhecer,Crescente,Céu Claro,Simples,Reta,-25.91126,-52.38183,DEL02-PR,Risco Médio,Baixa
segunda-feira,BR-330,766.4,Pleno dia,Crescente,Chuva,Simples,Curva,-14.074,-39.7858,DEL03-BA,Risco Baixo,Baixa
segunda-feira,BR-40,24.0,Pleno dia,Crescente,Céu Claro,Dupla,Interseção de vias,-16.25274,-47.90044,DEL01-DF,Risco Médio,Alta
segunda-feira,BR-101,215.5,Pleno dia,Crescente,Céu Claro,Múltipla,Rotatória,-27.65185,-48.67605,DEL01-SC,Risco Médio,Alta
terça-feira,BR-316,491.0,Pleno dia,Crescente,Sol,Simples,Reta,-4.661292,-43.83682,DEL03-MA,Risco Baixo,Baixa
quinta-feira,BR-40,107.0,Pleno dia,Crescente,Céu Claro,Dupla,Reta,-22.65868,-43.28409,DEL01-RJ,Risco Médio,Alta
sábado,BR-101,2.0,Pleno dia,Decrescente,Garoa/Chuvisco,Dupla,Curva,-25.997,-48.87892,DEL03-SC,Risco Médio,Alta
sexta-feira,BR-381,710.2,Pleno dia,Crescente,Chuva,Dupla,Curva,-21.38615,-45.19486,DEL04-MG,Risco Médio,Alta
sábado,BR-101,98.0,Plena Noite,Crescente,Céu Claro,Dupla,Reta,-5.8647,-35.2162,DEL01-RN,Risco Médio,Alta
sexta-feira,BR-101,609.3,Amanhecer,Crescente,Céu Claro,Simples,Curva,-15.57988,-39.41019,DEL05-BA,Risco Baixo,Alta
sexta-feira,BR-381,238.1,Plena Noite,Crescente,Céu Claro,Simples,Reta,-19.37126,-42.4575,DEL06-MG,Risco Médio,Alta
domingo,BR-222,313.0,Pleno dia,Decrescente,Chuva,Dupla,Reta,-3.727655,-40.99924,DEL04-CE,Risco Baixo,Baixa
quinta-feira,BR-376,602.0,Pleno dia,Decrescente,Sol,Dupla,Curva,-25.53883,-49.3123,DEL01-PR,Risco Médio,Baixa
quarta-feira,BR-101,176.0,Amanhecer,Decrescente,Céu Claro,Simples,Reta,-12.3989,-38.89278,DEL01-BA,Risco Alto,Alta
segunda-feira,BR-60,231.2,Amanhecer,Decrescente,Chuva,Dupla,Reta,-17.0616,-49.7986,DEL01-GO,Risco Médio,Média
quinta-feira,BR-101,143.0,Pleno dia,Crescente,Sol,Dupla,Reta,-27.0734,-48.5966,DEL04-SC,Risco Médio,Alta
domingo,BR-101,189.9,Pleno dia,Crescente,Chuva,Dupla,Reta,-27.45939,-48.63891,DEL01-SC,Risco Médio,Alta
quinta-feira,BR-364,262.5,Pleno dia,Decrescente,Céu Claro,Simples,Reta,-16.0199,-54.9034,DEL02-MT,Risco Médio,Alta
sábado,BR-116,145.6,Amanhecer,Decrescente,Nublado,Simples,Curva,-16.8102,-41.47335,DEL11-MG,Risco Médio,Alta
sexta-feira,BR-153,59.1,Pleno dia,Crescente,Céu Claro,Simples,Interseção de vias,-26.96947,-51.85473,DEL07-SC,Risco Médio,Alta
segunda-feira,BR-282,274.0,Pleno dia,Crescente,Nublado,Simples,Curva,-27.61419,-50.71632,DEL05-SC,Risco Médio,Baixa
domingo,BR-135,22.5,Plena Noite,Decrescente,Ignorado,Dupla,Reta,-2.745967,-44.34234,DEL01-MA,Risco Médio,Baixa
sexta-feira,BR-308,158.0,Pleno dia,Crescente,Céu Claro,Simples,Não Informado,-1.211059,-47.12314,DEL01-PA,Risco Alto,Baixa
quinta-feira,BR-277,626.4,Plena Noite,Crescente,Céu Claro,Simples,Curva,-25.10711,-53.75919,DEL05-PR,Risco Médio,Média
segunda-feira,BR-468,73.6,Pleno dia,Crescente,Céu Claro,Simples,Interseção de vias,-27.68628,-53.84698,DEL08-RS,Risco Médio,Baixa
sábado,BR-153,50.0,Anoitecer,Crescente,Chuva,Dupla,Reta,-18.8197,-49.0877,DEL15-MG,Risco Baixo,Alta
sexta-feira,BR-101,193.1,Plena Noite,Crescente,Chuva,Múltipla,Curva,-27.4982,-48.6565,DEL01-SC,Risco Baixo,Alta
domingo,BR-376,509.5,Plena Noite,Decrescente,Nublado,Dupla,Reta,-25.21317,-50.06053,DEL03-PR,Risco Médio,Baixa
sábado,BR-116,210.0,Pleno dia,Decrescente,Céu Claro,Simples,Reta,-26.07479,-49.76117,DEL06-SC,Risco Médio,Alta
quinta-feira,BR-163,980.0,Pleno dia,Crescente,Céu Claro,Simples,Reta,-2.607151,-54.72075,DEL05-PA,Risco Médio,Alta
terça-feira,BR-262,380.0,Pleno dia,Crescente,Céu Claro,Dupla,Curva,-19.9356,-44.4406,DEL01-MG,Risco Médio,Média
domingo,BR-153,124.9,Pleno dia,Crescente,Céu Claro,Simples,Curva,-23.95615,-50.23737,DEL07-PR,Risco Médio,Alta
sexta-feira,BR-369,137.0,Plena Noite,Decrescente,Céu Claro,Simples,Reta,-23.27193,-51.04144,DEL07-PR,Risco Baixo,Baixa
sexta-feira,BR-163,203.8,Plena Noite,Decrescente,Nublado,Dupla,Reta,-16.46207,-54.65956,DEL05-MT,Risco Médio,Alta
quinta-feira,BR-381,775.2,Plena Noite,Decrescente,Nublado,Dupla,Não Informado,-21.7953,-45.453,DEL16-MG,Risco Médio,Alta
sexta-feira,BR-50,175.0,Pleno dia,Decrescente,Céu Claro,Simples,Reta,-19.7778,-47.9709,DEL13-MG,Risco Médio,Média
sábado,BR-101,60.0,Pleno dia,Decrescente,Céu Claro,Simples,Reta,-21.77187,-41.35706,DEL08-RJ,Risco Médio,Alta
quarta-feira,BR-101,70.0,Amanhecer,Crescente,Céu Claro,Simples,Curva,-8.067761,-34.94265,DEL01-PE,Risco Baixo,Alta
sexta-feira,BR-262,802.7,Anoitecer,Crescente,Chuva,Dupla,Não Informado,-19.77131,-47.9105,DEL13-MG,Risco Alto,Média
sábado,BR-116,276.0,Pleno dia,Crescente,Céu Claro,Dupla,Reta,-23.64262,-46.83811,DEL04-SP,Risco Médio,Alta
sábado,BR-153,70.9,Pleno dia,Decrescente,Sol,Simples,Não Informado,-20.85722,-49.40616,DEL09-SP,Risco Médio,Alta
quarta-feira,BR-101,35.7,Pleno dia,Decrescente,Céu Claro,Dupla,Reta,-26.2766,-48.8928,DEL03-SC,Risco Médio,Alta
domingo,BR-146,554.0,Plena Noite,Decrescente,Céu Claro,Simples,Reta,-22.06853,-46.56956,DEL09-MG,Risco Médio,Baixa
domingo,BR-60,169.2,Pleno dia,Decrescente,Chuva,Dupla,Desvio Temporário,-16.7269,-49.3822,DEL01-GO,Risco Médio,Média
domingo,BR-369,148.8,Pleno dia,Decrescente,Céu Claro,Dupla,Não Informado,-23.29321,-51.14703,DEL07-PR,Risco Baixo,Baixa
sexta-feira,BR-163,615.0,Plena Noite,Decrescente,Céu Claro,Simples,Interseção de vias,-19.39851,-54.5658,DEL06-MS,Risco Médio,Alta
sexta-feira,BR-101,199.7,Amanhecer,Crescente,Céu Claro,Dupla,Reta,-27.53414,-48.63003,DEL01-SC,Risco Médio,Alta
sexta-feira,BR-468,103.0,Pleno dia,Decrescente,Sol,Simples,Reta,-27.4585,-53.9304,DEL08-RS,Risco Baixo,Baixa
domingo,BR-101,298.0,Pleno dia,Crescente,Céu Claro,Múltipla,Interseção de vias,-20.3533,-40.41543,DEL01-ES,Risco Médio,Alta
segunda-feira,BR-356,135.0,Pleno dia,Crescente,Céu Claro,Simples,Interseção de vias,-21.73467,-41.34288,DEL08-RJ,Risco Baixo,Baixa
sábado,BR-381,514.0,Pleno dia,Decrescente,Céu Claro,Dupla,Reta,-20.08304,-44.30842,DEL01-MG,Risco Baixo,Alta
sábado,BR-381,436.0,Pleno dia,Decrescente,Nublado,Simples,Curva,-19.78863,-43.69733,DEL01-MG,Risco Médio,Alta
segunda-feira,BR-381,479.5,Pleno dia,Decrescente,Céu Claro,Simples,Não Informado,-19.96213,-44.04897,DEL01-MG,Risco Médio,Alta
quinta-feira,BR-364,273.0,Amanhecer,Crescente,Céu Claro,Dupla,Rotatória,-15.9602,-54.9692,DEL02-MT,Risco Baixo,Alta