dia_semana,br,km,fase_dia,sentido_via,condicao_metereologica,tipo_pista,tracado_via,latitude,longitude,delegacia,classificacao_acidente,postos_policiais_PRF
terça-feira,BR-20,410.0,Anoitecer,Crescente,Céu Claro,Simples,Não Informado,-3.798863,-38.6446,DEL01-CE,Risco Médio,Baixa
domingo,BR-153,12.9,Pleno dia,Decrescente,Nublado,Dupla,Reta,-18.5311,-49.1919,DEL15-MG,Risco Médio,Alta
sexta-feira,BR-163,681.0,Plena Noite,Decrescente,Céu Claro,Dupla,Reta,-18.91578,-54.83863,DEL06-MS,Risco Baixo,Alta
sábado,BR-116,307.0,Plena Noite,Decrescente,Céu Claro,Dupla,Reta,-23.8563,-46.94097,DEL04-SP,Risco Baixo,Alta
domingo,BR-101,104.9,Anoitecer,Crescente,Céu Claro,Simples,Reta,-19.03977,-40.02387,DEL04-ES,Risco Médio,Alta
sábado,BR-376,17.0,Plena Noite,Decrescente,Céu Claro,Dupla,Interseção de vias,-23.4288,-51.88628,DEL07-PR,Risco Médio,Baixa
segunda-feira,BR-364,342.8,Pleno dia,Crescente,Céu Claro,Múltipla,Reta,-10.87977,-61.94349,DEL02-RO,Risco Baixo,Alta
segunda-feira,BR-70,380.1,Pleno dia,Decrescente,Granizo,Simples,Interseção de vias,-15.51448,-55.11821,DEL05-MT,Risco Baixo,Baixa
quinta-feira,BR-135,119.2,Plena Noite,Decrescente,Nublado,Simples,Reta,-3.511986,-44.55039,DEL01-MA,Risco Baixo,Baixa
sábado,BR-230,6.5,Plena Noite,Decrescente,Céu Claro,Simples,Reta,-3.201879,-52.2379,DEL03-PA,Risco Médio,Baixa
domingo,BR-210,2.9,Pleno dia,Crescente,Chuva,Simples,Reta,0.08282017,-51.07776,DEL01-AP,Risco Médio,Baixa
segunda-feira,BR-101,11.0,Pleno dia,Decrescente,Céu Claro,Dupla,Reta,-26.0815,-48.8617,DEL03-SC,Risco Médio,Alta
terça-feira,BR-407,68.8,Pleno dia,Decrescente,Céu Claro,Simples,Curva,-9.958765,-40.24974,DEL04-BA,Risco Médio,Baixa
segunda-feira,BR-277,100.0,Pleno dia,Crescente,Céu Claro,Dupla,Curva,-25.52924,-49.32682,DEL01-PR,Risco Médio,Média
quarta-feira,BR-116,191.0,Pleno dia,Decrescente,Céu Claro,Dupla,Reta,-22.74421,-43.50982,DEL01-RJ,Risco Baixo,Alta
quarta-feira,BR-277,7.1,Plena Noite,Decrescente,Nublado,Dupla,Reta,-25.56227,-48.60283,DEL01-PR,Risco Baixo,Média
segunda-feira,BR-232,262.1,Plena Noite,Decrescente,Céu Claro,Simples,Reta,-8.409828,-37.14687,DEL03-PE,Risco Médio,Baixa
sábado,BR-406,170.7,Plena Noite,Crescente,Céu Claro,Dupla,Não Informado,-5.760102,-35.29558,DEL02-RN,Risco Médio,Baixa
segunda-feira,BR-40,112.0,Pleno dia,Decrescente,Nublado,Múltipla,Reta,-22.70045,-43.29015,DEL01-RJ,Risco Baixo,Alta
terça-feira,BR-135,614.2,Pleno dia,Decrescente,Céu Claro,Simples,Reta,-10.61776,-45.20436,DEL03-PI,Risco Médio,Baixa
quarta-feira,BR-10,463.0,Anoitecer,Decrescente,Céu Claro,Dupla,Reta,-10.15619,-48.16564,DEL01-TO,Risco Médio,Baixa
quarta-feira,BR-476,144.1,Pleno dia,Decrescente,Chuva,Dupla,Reta,-25.5425,-49.31301,DEL01-PR,Risco Médio,Baixa
sexta-feira,BR-277,1.0,Pleno dia,Decrescente,Céu Claro,Dupla,Reta,-25.49845,-54.58385,DEL05-PR,Risco Médio,Média
quarta-feira,BR-316,242.0,Plena Noite,Crescente,Nublado,Simples,Ponte,-9.510221,-36.00471,DEL01-AL,Risco Baixo,Baixa
quinta-feira,BR-290,174.5,Plena Noite,Decrescente,Nublado,Simples,Reta,-30.12804,-51.95159,DEL02-RS,Risco Médio,Baixa
quarta-feira,BR-101,140.0,Pleno dia,Crescente,Céu Claro,Simples,Não Informado,-27.03881,-48.60025,DEL04-SC,Risco Médio,Alta
quinta-feira,BR-262,386.0,Anoitecer,Crescente,Céu Claro,Simples,Desvio Temporário,-20.43132,-54.89119,DEL01-MS,Risco Médio,Média
sexta-feira,BR-101,397.0,Plena Noite,Crescente,Nevoeiro/Neblina,Simples,Não Informado,-14.07212,-39.38681,DEL05-BA,Risco Médio,Alta
terça-feira,BR-369,143.4,Pleno dia,Crescente,Céu Claro,Dupla,Reta,-23.2928,-51.09677,DEL07-PR,Risco Médio,Baixa
quinta-feira,BR-101,204.0,Pleno dia,Decrescente,Chuva,Múltipla,Desvio Temporário,-27.57413,-48.61363,DEL01-SC,Risco Médio,Alta
quinta-feira,BR-222,15.0,Pleno dia,Crescente,Céu Claro,Simples,Reta,-3.760132,-38.69513,DEL01-CE,Risco Médio,Baixa
quinta-feira,BR-282,72.0,Pleno dia,Crescente,Chuva,Simples,Curva,-27.68344,-49.10526,DEL01-SC,Risco Médio,Baixa
sexta-feira,BR-476,189.4,Amanhecer,Decrescente,Nevoeiro/Neblina,Simples,Curva,-25.71854,-49.67768,DEL01-PR,Risco Médio,Baixa
sábado,BR-232,51.4,Plena Noite,Crescente,Céu Claro,Dupla,Reta,-8.138234,-35.33197,DEL01-PE,Risco Baixo,Baixa
sexta-feira,BR-226,12.0,Pleno dia,Crescente,Céu Claro,Simples,Reta,-5.847936,-35.30972,DEL01-RN,Risco Médio,Baixa
quarta-feira,BR-101,282.9,Pleno dia,Decrescente,Nublado,Dupla,Viaduto,-22.73714,-42.79665,DEL02-RJ,Risco Médio,Alta
sábado,BR-415,52.2,Plena Noite,Crescente,Céu Claro,Simples,Reta,-14.81465,-39.29674,DEL05-BA,Risco Médio,Baixa
sábado,BR-267,164.8,Amanhecer,Crescente,Céu Claro,Simples,Interseção de vias,-21.84839,-43.80753,DEL05-MG,Risco Médio,Baixa
quarta-feira,BR-101,303.5,Pleno dia,Crescente,Sol,Múltipla,Reta,-20.37839,-40.44969,DEL01-ES,Risco Alto,Alta
sábado,BR-153,255.6,Plena Noite,Decrescente,Céu Claro,Simples,Reta,-14.95606,-49.38038,DEL07-GO,Risco Médio,Alta
sábado,BR-282,23.0,Pleno dia,Crescente,Céu Claro,Simples,Reta,-27.6874,-48.7379,DEL01-SC,Risco Baixo,Baixa
quinta-feira,BR-135,446.7,Plena Noite,Decrescente,Céu Claro,Simples,Reta,-17.35905,-43.99746,DEL12-MG,Risco Alto,Baixa
domingo,BR-10,22.0,Pleno dia,Decrescente,Sol,Dupla,Não Informado,-1.343996,-48.24979,DEL02-PA,Risco Médio,Baixa
quinta-feira,BR-235,32.0,Pleno dia,Crescente,Chuva,Simples,Reta,-10.76929,-37.29934,DEL01-SE,Risco Médio,Baixa
sábado,BR-101,113.0,Plena Noite,Crescente,Céu Claro,Dupla,Reta,-5.9694,-35.2649,DEL01-RN,Risco Médio,Alta
domingo,BR-316,16.3,Pleno dia,Crescente,Céu Claro,Simples,Reta,-5.236195,-42.74299,DEL01-PI,Risco Médio,Baixa
terça-feira,BR-116,126.0,Pleno dia,Decrescente,Nublado,Múltipla,Reta,-25.64351,-49.31274,DEL01-PR,Risco Médio,Alta
sexta-feira,BR-153,99.0,Plena Noite,Crescente,Garoa/Chuvisco,Simples,Reta,-23.77111,-50.18627,DEL07-PR,Risco Médio,Alta
domingo,BR-101,405.0,Plena Noite,Crescente,Céu Claro,Dupla,Reta,-22.86762,-43.80276,DEL03-RJ,Risco Médio,Alta
sexta-feira,BR-116,40.0,Pleno dia,Decrescente,Chuva,Dupla,Curva,-25.16814,-48.86574,DEL01-PR,Risco Médio,Alta
terça-feira,BR-50,51.4,Pleno dia,Crescente,Céu Claro,Dupla,Reta,-18.75007,-48.2356,DEL15-MG,Risco Baixo,Média
quinta-feira,BR-116,30.0,Plena Noite,Decrescente,Nevoeiro/Neblina,Dupla,Reta,-25.10003,-48.8209,DEL01-PR,Risco Baixo,Alta
quarta-feira,BR-153,76.1,Pleno dia,Decrescente,Chuva,Simples,Reta,-19.03359,-49.01127,DEL15-MG,Risco Baixo,Alta
terça-feira,BR-116,488.9,Pleno dia,Crescente,Chuva,Dupla,Reta,-12.55033,-39.45251,DEL02-BA,Risco Baixo,Alta
sexta-feira,BR-290,45.0,Pleno dia,Decrescente,Sol,Múltipla,Reta,-29.8902,-50.70999,DEL03-RS,Risco Médio,Baixa
sexta-feira,BR-472,482.0,Plena Noite,Crescente,Céu Claro,Simples,Interseção de vias,-29.16693,-56.44792,DEL13-RS,Risco Médio,Baixa
quinta-feira,BR-101,414.1,Pleno dia,Crescente,Céu Claro,Simples,Curva,-20.92346,-41.07836,DEL03-ES,Risco Médio,Alta
sexta-feira,BR-364,10.0,Plena Noite,Crescente,Nublado,Simples,Reta,-12.75194,-60.10601,DEL04-RO,Risco Médio,Alta
quarta-feira,BR-116,254.7,Pleno dia,Decrescente,Sol,Simples,Não Informado,-27.87156,-50.39961,DEL05-SC,Risco Médio,Alta
terça-feira,BR-163,37.2,Pleno dia,Decrescente,Sol,Simples,Reta,-23.80316,-54.30383,DEL09-MS,Risco Médio,Alta
terça-feira,BR-319,62.8,Plena Noite,Decrescente,Céu Claro,Dupla,Reta,-8.755626,-63.88654,DEL01-RO,Risco Médio,Baixa
sábado,BR-316,21.5,Plena Noite,Decrescente,Vento,Simples,Reta,-7.568393,-40.52717,DEL05-PE,Risco Alto,Baixa
sexta-feira,BR-381,941.0,Pleno dia,Crescente,Sol,Dupla,Reta,-22.8354,-46.3196,DEL16-MG,Risco Médio,Alta
sábado,BR-392,675.2,Pleno dia,Decrescente,Céu Claro,Simples,Curva,-28.13199,-54.87183,DEL10-RS,Risco Alto,Média
domingo,BR-316,28.0,Plena Noite,Crescente,Céu Claro,Simples,Reta,-7.608823,-40.48783,DEL05-PE,Risco Baixo,Baixa
terça-feira,BR-262,479.0,Pleno dia,Decrescente,Céu Claro,Simples,Reta,-19.7839,-45.2707,DEL08-MG,Risco Médio,Média
quarta-feira,BR-101,46.3,Plena Noite,Decrescente,Chuva,Múltipla,Reta,-7.87406,-34.90588,DEL01-PE,Risco Médio,Alta
segunda-feira,BR-277,662.0,Plena Noite,Crescente,Céu Claro,Dupla,Curva,-25.25122,-54.00914,DEL05-PR,Risco Médio,Média
sexta-feira,BR-20,182.0,Plena Noite,Crescente,Céu Claro,Simples,Reta,-14.46385,-46.48018,DEL02-DF,Risco Médio,Baixa
sábado,BR-158,719.9,Plena Noite,Decrescente,Chuva,Simples,Reta,-15.893,-52.2599,DEL07-MT,Risco Baixo,Baixa
quinta-feira,BR-386,423.5,Plena Noite,Crescente,Nevoeiro/Neblina,Simples,Curva,-29.81687,-51.39272,DEL04-RS,Risco Médio,Média
domingo,BR-101,246.0,Pleno dia,Crescente,Céu Claro,Simples,Reta,-20.06198,-40.37679,DEL02-ES,Risco Médio,Alta
domingo,BR-101,41.0,Pleno dia,Crescente,Céu Claro,Dupla,Curva,-26.324,-48.8672,DEL03-SC,Risco Baixo,Alta
domingo,BR-101,787.8,Pleno dia,Crescente,Garoa/Chuvisco,Simples,Não Informado,-16.8545,-39.4912,DEL09-BA,Risco Médio,Alta
sexta-feira,BR-470,48.4,Pleno dia,Decrescente,Céu Claro,Simples,Não Informado,-26.85982,-49.05539,DEL04-SC,Risco Médio,Baixa
domingo,BR-101,49.0,Amanhecer,Decrescente,Céu Claro,Simples,Reta,-7.900515,-34.90181,DEL01-PE,Risco Baixo,Alta
quarta-feira,BR-153,504.5,Pleno dia,Decrescente,Nublado,Dupla,Não Informado,-16.7451,-49.2408,DEL01-GO,Risco Médio,Alta
sábado,BR-230,421.0,Pleno dia,Decrescente,Céu Claro,Simples,Desvio Temporário,-6.7238,-37.8624,DEL03-PB,Risco Alto,Baixa
segunda-feira,BR-381,484.1,Pleno dia,Decrescente,Sol,Múltipla,Curva,-19.9557,-44.0964,DEL01-MG,Risco Médio,Alta
terça-feira,BR-381,399.0,Pleno dia,Crescente,Céu Claro,Simples,Reta,-19.7501,-43.4853,DEL01-MG,Risco Médio,Alta
terça-feira,BR-381,75.0,Plena Noite,Decrescente,Garoa/Chuvisco,Dupla,Curva,-23.37434,-46.56002,DEL03-SP,Risco Médio,Alta
sábado,BR-101,557.0,Pleno dia,Crescente,Chuva,Simples,Curva,-23.09154,-44.6959,DEL03-RJ,Risco Médio,Alta
quinta-feira,BR-282,3.8,Pleno dia,Decrescente,Nublado,Dupla,Reta,-27.60038,-48.59971,DEL01-SC,Risco Médio,Baixa
sábado,BR-116,217.0,Pleno dia,Crescente,Céu Claro,Simples,Ponte,-27.57771,-50.36993,DEL05-SC,Risco Médio,Alta
terça-feira,BR-470,120.0,Pleno dia,Decrescente,Céu Claro,Simples,Reta,-27.08992,-49.52042,DEL04-SC,Risco Médio,Baixa
sexta-feira,BR-369,171.6,Pleno dia,Crescente,Céu Claro,Simples,Reta,-23.3105,-51.3695,DEL07-PR,Risco Médio,Baixa
terça-feira,BR-40,102.0,Pleno dia,Decrescente,Céu Claro,Simples,Reta,-22.61017,-43.28531,DEL01-RJ,Risco Baixo,Alta
segunda-feira,BR-153,75.2,Pleno dia,Decrescente,Céu Claro,Dupla,Não Informado,-20.89626,-49.43676,DEL09-SP,Risco Médio,Alta
segunda-feira,BR-364,202.9,Pleno dia,Decrescente,Céu Claro,Dupla,Reta,-16.48347,-54.6497,DEL02-MT,Risco Baixo,Alta
quinta-feira,BR-290,101.0,Pleno dia,Decrescente,Nublado,Dupla,Reta,-29.99253,-51.22473,DEL01-RS,Risco Médio,Baixa
domingo,BR-376,615.0,Anoitecer,Decrescente,Céu Claro,Dupla,Curva,-25.56975,-49.17932,DEL01-PR,Risco Médio,Baixa
domingo,BR-251,31.5,Plena Noite,Decrescente,Nublado,Simples,Reta,-16.07548,-47.5287,DEL01-DF,Risco Médio,Baixa
sábado,BR-392,277.2,Pleno dia,Decrescente,Chuva,Simples,Curva,-30.33169,-53.5296,DEL09-RS,Risco Médio,Média
sábado,BR-381,90.0,Pleno dia,Crescente,Céu Claro,Dupla,Não Informado,-23.49479,-46.5596,DEL03-SP,Risco Médio,Alta
sábado,BR-316,253.9,Pleno dia,Crescente,Céu Claro,Simples,Reta,-9.578992,-35.96164,DEL02-AL,Risco Médio,Baixa
quarta-feira,BR-101,42.0,Pleno dia,Crescente,Céu Claro,Dupla,Não Informado,-26.32736,-48.86459,DEL03-SC,Risco Médio,Alta
quinta-feira,BR-116,122.0,Pleno dia,Decrescente,Céu Claro,Dupla,Reta,-25.60596,-49.31856,DEL01-PR,Risco Médio,Alta
domingo,BR-267,50.9,Plena Noite,Decrescente,Nevoeiro/Neblina,Simples,Curva,-21.71846,-42.99764,DEL07-MG,Risco Alto,Baixa
terça-feira,BR-101,195.0,Plena Noite,Crescente,Nevoeiro/Neblina,Dupla,Reta,-27.5055,-48.6491,DEL01-SC,Risco Baixo,Alta
quinta-feira,BR-40,737.9,Pleno dia,Decrescente,Nublado,Simples,Curva,-21.38297,-43.57034,DEL05-MG,Risco Médio,Alta
domingo,BR-116,219.0,Pleno dia,Decrescente,Céu Claro,Múltipla,Reta,-23.46144,-46.48885,DEL01-SP,Risco Médio,Alta
segunda-feira,BR-230,204.6,Anoitecer,Decrescente,Garoa/Chuvisco,Simples,Desvio Temporário,-7.0932,-36.2743,DEL02-PB,Risco Médio,Baixa
domingo,BR-116,593.6,Amanhecer,Decrescente,Céu Claro,Simples,Reta,-32.12333,-52.94336,DEL07-RS,Risco Baixo,Alta
sábado,BR-232,154.0,Pleno dia,Crescente,Céu Claro,Simples,Desvio Temporário,-8.328193,-36.19912,DEL02-PE,Risco Médio,Baixa
domingo,BR-277,215.8,Pleno dia,Crescente,Céu Claro,Simples,Reta,-25.46424,-50.42141,DEL03-PR,Risco Médio,Média
domingo,BR-285,583.0,Pleno dia,Decrescente,Chuva,Simples,Reta,-28.4501,-55.11946,DEL12-RS,Risco Médio,Baixa
quarta-feira,BR-116,99.0,Pleno dia,Crescente,Garoa/Chuvisco,Dupla,Curva,-25.527,-49.14048,DEL01-PR,Risco Baixo,Alta
domingo,BR-116,190.0,Plena Noite,Decrescente,Nublado,Dupla,Curva,-22.74126,-43.50079,DEL01-RJ,Risco Alto,Alta
quarta-feira,BR-116,225.5,Anoitecer,Decrescente,Chuva,Múltipla,Reta,-23.48587,-46.54075,DEL01-SP,Risco Baixo,Alta
quarta-feira,BR-101,107.9,Pleno dia,Crescente,Sol,Dupla,Desvio Temporário,-26.81931,-48.6839,DEL03-SC,Risco Médio,Alta
quinta-feira,BR-262,96.0,Pleno dia,Decrescente,Céu Claro,Simples,Interseção de vias,-20.29674,-42.47725,DEL03-MG,Risco Médio,Média
quinta-feira,BR-365,581.0,Pleno dia,Decrescente,Sol,Simples,Reta,-18.87713,-47.94545,DEL15-MG,Risco Médio,Média
quarta-feira,BR-364,236.2,Pleno dia,Decrescente,Sol,Simples,Reta,-11.44507,-61.44131,DEL02-RO,Risco Médio,Alta
terça-feira,BR-222,81.3,Pleno dia,Crescente,Céu Claro,Simples,Não Informado,-3.675579,-39.26657,DEL04-CE,Risco Médio,Baixa
sábado,BR-476,133.0,Pleno dia,Crescente,Céu Claro,Dupla,Interseção de vias,-25.47419,-49.25805,DEL01-PR,Risco Baixo,Baixa
sábado,BR-242,350.0,Pleno dia,Decrescente,Céu Claro,Simples,Reta,-11.87386,-48.85673,DEL01-TO,Risco Médio,Baixa
quarta-feira,BR-421,32.0,Pleno dia,Decrescente,Céu Claro,Simples,Reta,-10.13057,-63.23215,DEL03-RO,Risco Médio,Baixa
quarta-feira,BR-376,528.9,Pleno dia,Crescente,Nublado,Dupla,Reta,-25.2872,-49.90452,DEL03-PR,Risco Médio,Baixa
quarta-feira,BR-262,468.1,Pleno dia,Crescente,Céu Claro,Simples,Desvio Temporário,-20.52641,-55.59062,DEL03-MS,Risco Baixo,Média
quinta-feira,BR-116,242.4,Plena Noite,Crescente,Chuva,Dupla,Reta,-29.72181,-51.1487,DEL01-RS,Risco Baixo,Alta
sábado,BR-50,61.0,Pleno dia,Decrescente,Nublado,Dupla,Não Informado,-18.81603,-48.25003,DEL15-MG,Risco Baixo,Média
quinta-feira,BR-110,13.3,Plena Noite,Decrescente,Céu Claro,Simples,Curva,-9.567928,-38.22294,DEL07-BA,Risco Baixo,Baixa
sábado,BR-116,190.0,Pleno dia,Decrescente,Céu Claro,Dupla,Não Informado,-23.36822,-46.23367,DEL01-SP,Risco Médio,Alta
segunda-feira,BR-101,168.0,Pleno dia,Crescente,Nublado,Simples,Reta,-19.53476,-40.1576,DEL04-ES,Risco Baixo,Alta
sexta-feira,BR-101,59.8,Pleno dia,Decrescente,Céu Claro,Simples,Reta,-21.72056,-41.31481,DEL08-RJ,Risco Médio,Alta
terça-feira,BR-280,29.6,Pleno dia,Decrescente,Garoa/Chuvisco,Simples,Reta,-26.41361,-48.75851,DEL03-SC,Risco Médio,Baixa
quinta-feira,BR-262,147.5,Plena Noite,Decrescente,Garoa/Chuvisco,Simples,Reta,-20.45163,-52.91268,DEL07-MS,Risco Médio,Média
segunda-feira,BR-116,244.5,Pleno dia,Decrescente,Céu Claro,Dupla,Reta,-29.74088,-51.1504,DEL01-RS,Risco Médio,Alta
sábado,BR-60,271.6,Plena Noite,Decrescente,Nublado,Dupla,Não Informado,-17.2061,-50.1122,DEL01-GO,Risco Baixo,Média
segunda-feira,BR-381,481.0,Anoitecer,Crescente,Nublado,Múltipla,Reta,-19.95846,-44.06041,DEL01-MG,Risco Médio,Alta
sexta-feira,BR-376,175.6,Amanhecer,Decrescente,Céu Claro,Dupla,Reta,-23.41136,-51.94078,DEL09-PR,Risco Médio,Baixa
quinta-feira,BR-381,737.0,Pleno dia,Crescente,Chuva,Dupla,Não Informado,-21.5974,-45.2388,DEL16-MG,Risco Médio,Alta
quinta-feira,BR-116,245.0,Plena Noite,Crescente,Céu Claro,Simples,Rotatória,-29.74981,-51.15125,DEL01-RS,Risco Médio,Alta
segunda-feira,BR-116,144.0,Plena Noite,Crescente,Chuva,Simples,Reta,-25.76406,-49.32116,DEL01-PR,Risco Médio,Alta
quarta-feira,BR-116,298.0,Pleno dia,Decrescente,Céu Claro,Dupla,Reta,-30.1029,-51.3436,DEL02-RS,Risco Médio,Alta
sábado,BR-110,1.0,Plena Noite,Crescente,Céu Claro,Simples,Reta,-6.670663,-37.41364,DEL04-RN,Risco Alto,Baixa
segunda-feira,BR-163,258.2,Plena Noite,Crescente,Nublado,Múltipla,Interseção de vias,-22.25853,-54.78219,DEL04-MS,Risco Médio,Alta
domingo,BR-116,709.8,Plena Noite,Decrescente,Céu Claro,Simples,Reta,-14.1415,-40.2407,DEL08-BA,Risco Baixo,Alta
terça-feira,BR-153,462.8,Plena Noite,Crescente,Nublado,Simples,Não Informado,-26.31265,-51.21799,DEL02-PR,Risco Médio,Alta
domingo,BR-70,522.0,Pleno dia,Decrescente,Nublado,Simples,Reta,-15.66215,-56.18585,DEL01-MT,Risco Médio,Baixa
quinta-feira,BR-386,304.6,Plena Noite,Decrescente,Nublado,Simples,Curva,-29.17861,-52.195,DEL04-RS,Risco Médio,Média
quarta-feira,BR-381,1.0,Pleno dia,Decrescente,Céu Claro,Dupla,Reta,-19.96825,-44.19871,DEL01-MG,Risco Médio,Alta
domingo,BR-60,25.5,Pleno dia,Decrescente,Céu Claro,Dupla,Reta,-16.0963,-48.5202,DEL01-DF,Risco Médio,Média
terça-feira,BR-116,83.0,Plena Noite,Decrescente,Céu Claro,Dupla,Curva,-25.4391,-49.0919,DEL01-PR,Risco Médio,Alta
segunda-feira,BR-116,134.0,Pleno dia,Crescente,Céu Claro,Dupla,Reta,-25.63028,-49.31381,DEL01-PR,Risco Médio,Alta
quinta-feira,BR-135,319.0,Pleno dia,Crescente,Céu Claro,Simples,Reta,-8.834847,-44.22835,DEL03-PI,Risco Médio,Baixa
segunda-feira,BR-101,100.4,Pleno dia,Crescente,Céu Claro,Dupla,Reta,-26.76458,-48.68651,DEL03-SC,Risco Médio,Alta
quarta-feira,BR-407,552.0,Plena Noite,Decrescente,Céu Claro,Simples,Reta,-7.952888,-41.19063,DEL04-PI,Risco Médio,Baixa
segunda-feira,BR-40,520.0,Plena Noite,Decrescente,Céu Claro,Dupla,Reta,-19.843,-44.0749,DEL01-MG,Risco Médio,Alta
quinta-feira,BR-386,397.8,Pleno dia,Decrescente,Céu Claro,Simples,Reta,-29.74226,-51.61869,DEL04-RS,Risco Médio,Média
terça-feira,BR-282,622.4,Amanhecer,Decrescente,Céu Claro,Simples,Curva,-26.7992,-53.33254,DEL07-SC,Risco Médio,Baixa
quarta-feira,BR-135,543.0,Plena Noite,Crescente,Céu Claro,Simples,Reta,-18.1284,-44.289,DEL02-MG,Risco Médio,Baixa
domingo,BR-116,228.5,Plena Noite,Decrescente,Céu Claro,Simples,Curva,-22.67208,-43.81789,DEL07-RJ,Risco Baixo,Alta
sábado,BR-101,134.0,Pleno dia,Crescente,Nublado,Dupla,Reta,-27.00218,-48.63643,DEL04-SC,Risco Médio,Alta
terça-feira,BR-381,274.0,Pleno dia,Crescente,Céu Claro,Simples,Reta,-19.57461,-42.71802,DEL03-MG,Risco Médio,Alta
domingo,BR-316,101.0,Plena Noite,Crescente,Céu Claro,Simples,Reta,-1.3386,-47.5836,DEL01-PA,Risco Baixo,Baixa
sábado,BR-101,99.1,Plena Noite,Crescente,Céu Claro,Simples,Curva,-9.549717,-35.96334,DEL01-AL,Risco Baixo,Alta
domingo,BR-376,659.0,Pleno dia,Decrescente,Garoa/Chuvisco,Múltipla,Não Informado,-25.84974,-49.01289,DEL01-PR,Risco Médio,Baixa
sexta-feira,BR-230,158.7,Plena Noite,Crescente,Nublado,Simples,Reta,-7.2582,-35.9267,DEL02-PB,Risco Médio,Baixa
domingo,BR-316,22.0,Pleno dia,Decrescente,Céu Claro,Dupla,Reta,-1.353446,-48.25703,DEL01-PA,Risco Alto,Baixa
terça-feira,BR-40,525.9,Pleno dia,Crescente,Nublado,Simples,Não Informado,-19.88362,-44.05039,DEL01-MG,Risco Médio,Alta
terça-feira,BR-407,133.0,Pleno dia,Decrescente,Ignorado,Simples,Reta,-10.52629,-40.13915,DEL04-BA,Risco Médio,Baixa
sábado,BR-364,32.0,Plena Noite,Crescente,Céu Claro,Simples,Não Informado,-20.00341,-48.94265,DEL13-MG,Risco Médio,Alta
terça-feira,BR-116,427.9,Anoitecer,Crescente,Nublado,Dupla,Reta,-3.867028,-38.51298,DEL05-CE,Risco Médio,Alta
quarta-feira,BR-381,494.0,Pleno dia,Crescente,Céu Claro,Dupla,Reta,-19.96707,-44.17974,DEL01-MG,Risco Médio,Alta
sexta-feira,BR-101,292.3,Plena Noite,Crescente,Chuva,Dupla,Reta,-20.30651,-40.39489,DEL01-ES,Risco Médio,Alta
terça-feira,BR-20,88.0,Pleno dia,Crescente,Céu Claro,Simples,Reta,-15.03515,-47.05697,DEL02-DF,Risco Médio,Baixa
quinta-feira,BR-101,45.5,Plena Noite,Decrescente,Nublado,Dupla,Não Informado,-26.32214,-48.86895,DEL03-SC,Risco Médio,Alta
domingo,BR-376,101.9,Pleno dia,Decrescente,Céu Claro,Dupla,Reta,-23.04144,-52.47358,DEL09-PR,Risco Médio,Baixa
terça-feira,BR-280,67.0,Plena Noite,Decrescente,Céu Claro,Simples,Reta,-26.47759,-49.10356,DEL03-SC,Risco Médio,Baixa
sábado,BR-135,131.0,Pleno dia,Crescente,Sol,Simples,Curva,-11.80655,-44.86819,DEL10-BA,Risco Médio,Baixa
quarta-feira,BR-50,70.2,Pleno dia,Decrescente,Céu Claro,Dupla,Reta,-18.8514,-48.25346,DEL15-MG,Risco Médio,Média
sábado,BR-153,82.0,Pleno dia,Crescente,Céu Claro,Simples,Reta,-20.91477,-49.49431,DEL09-SP,Risco Médio,Alta
segunda-feira,BR-376,657.1,Pleno dia,Decrescente,Garoa/Chuvisco,Dupla,Curva,-25.8465,-49.01278,DEL01-PR,Risco Baixo,Baixa
sábado,BR-116,229.0,Plena Noite,Decrescente,Céu Claro,Múltipla,Reta,-23.50986,-46.57319,DEL01-SP,Risco Baixo,Alta
terça-feira,BR-116,692.3,Pleno dia,Crescente,Nublado,Simples,Reta,-21.03572,-42.36711,DEL07-MG,Risco Alto,Alta
sábado,BR-40,12.2,Pleno dia,Decrescente,Céu Claro,Dupla,Reta,-16.14512,-47.94538,DEL01-DF,Risco Médio,Alta
sábado,BR-452,47.0,Pleno dia,Crescente,Céu Claro,Simples,Interseção de vias,-17.9564,-50.50356,DEL04-GO,Risco Médio,Baixa
sábado,BR-364,369.7,Plena Noite,Decrescente,Céu Claro,Simples,Desvio Temporário,-10.76222,-62.13663,DEL02-RO,Risco Médio,Alta
sexta-feira,BR-153,51.7,Pleno dia,Crescente,Sol,Simples,Reta,-20.71802,-49.33874,DEL09-SP,Risco Médio,Alta
sexta-feira,BR-343,534.0,Pleno dia,Crescente,Sol,Simples,Reta,-6.4391,-42.7984,DEL03-PI,Risco Médio,Baixa
sábado,BR-316,56.0,Pleno dia,Crescente,Céu Claro,Dupla,Desvio Temporário,-1.302203,-47.98804,DEL01-PA,Risco Médio,Baixa
terça-feira,BR-153,333.3,Pleno dia,Decrescente,Céu Claro,Simples,Não Informado,-25.47972,-50.64029,DEL03-PR,Risco Médio,Alta
quinta-feira,BR-369,158.5,Amanhecer,Crescente,Céu Claro,Dupla,Reta,-23.26461,-50.97286,DEL07-PR,Risco Baixo,Baixa
segunda-feira,BR-101,500.7,Pleno dia,Crescente,Nublado,Simples,Não Informado,-14.7585,-39.3075,DEL05-BA,Risco Médio,Alta
terça-feira,BR-365,626.0,Plena Noite,Decrescente,Nublado,Dupla,Reta,-18.9066,-48.2971,DEL15-MG,Risco Médio,Média