dia_semana,br,km,fase_dia,sentido_via,condicao_metereologica,tipo_pista,tracado_via,latitude,longitude,delegacia,classificacao_acidente,postos_policiais_PRF
quinta-feira,BR-20,432.5,Anoitecer,Crescente,Céu Claro,Simples,Não Informado,-3.864458,-38.47258,DEL01-CE,Risco Médio,Baixa
quinta-feira,BR-364,296.0,Pleno dia,Decrescente,Céu Claro,Dupla,Desvio Temporário,-17.57802,-52.51815,DEL05-GO,Risco Médio,Alta
sexta-feira,BR-381,524.3,Plena Noite,Crescente,Céu Claro,Dupla,Não Informado,-20.16074,-44.32984,DEL04-MG,Risco Médio,Alta
quinta-feira,BR-40,1.1,Pleno dia,Decrescente,Céu Claro,Dupla,Não Informado,-16.05824,-47.98282,DEL01-DF,Risco Médio,Alta
sexta-feira,BR-101,272.3,Pleno dia,Decrescente,Chuva,Dupla,Reta,-20.22366,-40.28796,DEL02-ES,Risco Médio,Alta
sexta-feira,BR-230,122.0,Plena Noite,Decrescente,Céu Claro,Dupla,Reta,-5.361375,-49.12376,DEL03-PA,Risco Médio,Baixa
domingo,BR-101,67.5,Pleno dia,Decrescente,Nublado,Dupla,Reta,-8.04685,-34.94488,DEL01-PE,Risco Médio,Alta
domingo,BR-381,223.7,Amanhecer,Crescente,Céu Claro,Simples,Reta,-19.31612,-42.40002,DEL06-MG,Risco Médio,Alta
domingo,BR-232,97.5,Pleno dia,Crescente,Céu Claro,Simples,Reta,-8.236728,-35.73402,DEL01-PE,Risco Alto,Baixa
sábado,BR-116,99.0,Plena Noite,Decrescente,Nublado,Dupla,Reta,-25.54995,-49.14982,DEL01-PR,Risco Médio,Alta
domingo,BR-163,910.0,Amanhecer,Crescente,Chuva,Simples,Curva,-11.0618,-55.2773,DEL06-MT,Risco Baixo,Alta
segunda-feira,BR-101,119.5,Plena Noite,Decrescente,Céu Claro,Dupla,Ponte,-26.90857,-48.71375,DEL04-SC,Risco Médio,Alta
terça-feira,BR-116,140.9,Pleno dia,Crescente,Céu Claro,Dupla,Reta,-23.1658,-45.81251,DEL06-SP,Risco Médio,Alta
terça-feira,BR-101,42.0,Pleno dia,Decrescente,Céu Claro,Múltipla,Não Informado,-7.85637,-34.90842,DEL01-PE,Risco Médio,Alta
sexta-feira,BR-116,221.0,Pleno dia,Crescente,Chuva,Múltipla,Reta,-23.46466,-46.49886,DEL01-SP,Risco Médio,Alta
sábado,BR-316,55.0,Plena Noite,Decrescente,Céu Claro,Simples,Reta,-7.740263,-40.28664,DEL05-PE,Risco Médio,Baixa
quarta-feira,BR-470,52.3,Pleno dia,Crescente,Céu Claro,Simples,Curva,-26.86281,-49.09684,DEL04-SC,Risco Médio,Baixa
sexta-feira,BR-376,413.3,Pleno dia,Decrescente,Céu Claro,Simples,Não Informado,-24.6392,-50.6292,DEL03-PR,Risco Baixo,Baixa
quinta-feira,BR-364,12.0,Pleno dia,Decrescente,Céu Claro,Dupla,Reta,-12.7437,-60.12148,DEL04-RO,Risco Médio,Alta
sábado,BR-452,20.0,Pleno dia,Decrescente,Sol,Simples,Reta,-17.86876,-50.73334,DEL04-GO,Risco Médio,Baixa
quarta-feira,BR-356,27.0,Pleno dia,Decrescente,Céu Claro,Simples,Reta,-21.25968,-41.76993,DEL08-RJ,Risco Médio,Baixa
sexta-feira,BR-230,746.0,Plena Noite,Decrescente,Céu Claro,Simples,Reta,-3.445386,-52.89912,DEL04-PA,Risco Médio,Baixa
domingo,BR-290,87.0,Anoitecer,Decrescente,Céu Claro,Múltipla,Reta,-29.96784,-51.1272,DEL01-RS,Risco Médio,Baixa
sexta-feira,BR-381,909.9,Anoitecer,Crescente,Nublado,Dupla,Reta,-22.69197,-46.10982,DEL16-MG,Risco Médio,Alta
segunda-feira,BR-135,298.0,Pleno dia,Decrescente,Céu Claro,Simples,Reta,-4.947276,-44.40935,DEL03-MA,Risco Alto,Baixa
sexta-feira,BR-381,924.6,Pleno dia,Crescente,Chuva,Dupla,Curva,-22.7705,-46.23491,DEL16-MG,Risco Médio,Alta
sexta-feira,BR-163,999.0,Pleno dia,Decrescente,Céu Claro,Simples,Reta,-2.482003,-54.73143,DEL05-PA,Risco Médio,Alta
quinta-feira,BR-235,341.6,Plena Noite,Crescente,Céu Claro,Simples,Reta,-9.455783,-40.41175,DEL07-BA,Risco Médio,Baixa
domingo,BR-277,417.5,Pleno dia,Decrescente,Céu Claro,Simples,Não Informado,-25.41878,-52.06188,DEL04-PR,Risco Alto,Média
sábado,BR-116,115.0,Pleno dia,Crescente,Céu Claro,Dupla,Reta,-25.55953,-49.2656,DEL01-PR,Risco Médio,Alta
segunda-feira,BR-50,154.8,Amanhecer,Decrescente,Céu Claro,Dupla,Retorno Regulamentado,-19.59541,-48.01583,DEL13-MG,Risco Médio,Média
quinta-feira,BR-373,177.8,Anoitecer,Crescente,Céu Claro,Dupla,Reta,-25.05259,-50.23209,DEL03-PR,Risco Médio,Baixa
sexta-feira,BR-376,629.2,Anoitecer,Decrescente,Chuva,Dupla,Reta,-25.69131,-49.14526,DEL01-PR,Risco Baixo,Baixa
domingo,BR-472,421.3,Pleno dia,Crescente,Sol,Simples,Curva,-28.83264,-56.06873,DEL12-RS,Risco Médio,Baixa
segunda-feira,BR-116,76.0,Plena Noite,Crescente,Céu Claro,Simples,Interseção de vias,-22.38427,-42.95455,DEL04-RJ,Risco Médio,Alta
sexta-feira,BR-226,32.5,Amanhecer,Crescente,Nublado,Simples,Não Informado,-6.65475,-47.72112,DEL02-TO,Risco Baixo,Baixa
sexta-feira,BR-101,262.3,Pleno dia,Decrescente,Chuva,Simples,Não Informado,-12.97674,-39.27595,DEL01-BA,Risco Baixo,Alta
sábado,BR-60,10.6,Pleno dia,Decrescente,Chuva,Dupla,Não Informado,-15.91088,-48.15421,DEL01-DF,Risco Baixo,Média
sábado,BR-116,140.5,Plena Noite,Crescente,Céu Claro,Dupla,Reta,-23.16578,-45.81246,DEL02-SP,Risco Médio,Alta
sábado,BR-116,12.0,Plena Noite,Crescente,Céu Claro,Dupla,Reta,-3.882,-38.501,DEL01-CE,Risco Baixo,Alta
domingo,BR-163,600.9,Plena Noite,Decrescente,Nublado,Dupla,Não Informado,-19.49236,-54.48206,DEL06-MS,Risco Baixo,Alta
terça-feira,BR-116,277.1,Pleno dia,Crescente,Nublado,Dupla,Reta,-23.63123,-46.82152,DEL04-SP,Risco Médio,Alta
terça-feira,BR-116,43.3,Plena Noite,Crescente,Nublado,Dupla,Reta,-22.69735,-45.03014,DEL08-SP,Risco Médio,Alta
sexta-feira,BR-428,77.4,Plena Noite,Decrescente,Céu Claro,Simples,Reta,-8.74795,-39.79719,DEL06-PE,Risco Médio,Baixa
sábado,BR-40,564.0,Pleno dia,Decrescente,Chuva,Dupla,Não Informado,-20.16086,-43.96464,DEL01-MG,Risco Médio,Alta
quarta-feira,BR-369,187.8,Plena Noite,Decrescente,Céu Claro,Simples,Reta,-23.42975,-51.4228,DEL07-PR,Risco Médio,Baixa
sábado,BR-277,10.0,Pleno dia,Crescente,Garoa/Chuvisco,Simples,Reta,-25.5669,-48.62059,DEL01-PR,Risco Médio,Média
sábado,BR-262,401.9,Amanhecer,Decrescente,Céu Claro,Dupla,Reta,-19.90019,-44.55287,DEL08-MG,Risco Médio,Média
segunda-feira,BR-70,19.7,Pleno dia,Decrescente,Céu Claro,Dupla,Não Informado,-15.78962,-48.22401,DEL01-DF,Risco Médio,Baixa
sábado,BR-101,212.4,Pleno dia,Crescente,Nublado,Múltipla,Reta,-27.62997,-48.65904,DEL01-SC,Risco Médio,Alta
segunda-feira,BR-163,670.0,Pleno dia,Decrescente,Céu Claro,Simples,Curva,-19.0066,-54.8288,DEL06-MS,Risco Baixo,Alta
terça-feira,BR-364,343.0,Pleno dia,Decrescente,Nublado,Múltipla,Reta,-10.87885,-61.94489,DEL02-RO,Risco Médio,Alta
quarta-feira,BR-70,196.7,Pleno dia,Crescente,Chuva,Simples,Curva,-15.71878,-53.71261,DEL05-MT,Risco Alto,Baixa
terça-feira,BR-365,625.0,Pleno dia,Decrescente,Céu Claro,Dupla,Interseção de vias,-18.90585,-48.32526,DEL15-MG,Risco Médio,Média
sábado,BR-101,180.4,Amanhecer,Decrescente,Nublado,Simples,Desvio Temporário,-19.62939,-40.22486,DEL04-ES,Risco Baixo,Alta
sexta-feira,BR-316,87.3,Plena Noite,Decrescente,Chuva,Simples,Reta,-1.317066,-47.70549,DEL01-PA,Risco Baixo,Baixa
terça-feira,BR-158,324.0,Pleno dia,Decrescente,Sol,Dupla,Reta,-29.70345,-53.79473,DEL09-RS,Risco Médio,Baixa
quarta-feira,BR-101,94.7,Pleno dia,Crescente,Sol,Múltipla,Reta,-5.837551,-35.2117,DEL01-RN,Risco Médio,Alta
quarta-feira,BR-101,270.0,Anoitecer,Decrescente,Céu Claro,Dupla,Reta,-28.10154,-48.70411,DEL02-SC,Risco Médio,Alta
segunda-feira,BR-470,143.3,Pleno dia,Crescente,Sol,Simples,Interseção de vias,-27.20974,-49.65183,DEL04-SC,Risco Médio,Baixa
quinta-feira,BR-116,417.9,Pleno dia,Decrescente,Nublado,Simples,Curva,-18.90503,-41.94289,DEL06-MG,Risco Médio,Alta
sábado,BR-418,88.0,Pleno dia,Crescente,Céu Claro,Simples,Reta,-17.89773,-39.84213,DEL09-BA,Risco Médio,Baixa
sábado,BR-101,132.4,Plena Noite,Decrescente,Céu Claro,Dupla,Reta,-26.99654,-48.65565,DEL04-SC,Risco Baixo,Alta
quarta-feira,BR-163,722.0,Pleno dia,Decrescente,Céu Claro,Simples,Reta,-12.90413,-55.8494,DEL06-MT,Risco Médio,Alta
terça-feira,BR-285,155.5,Pleno dia,Decrescente,Sol,Simples,Não Informado,-28.32979,-51.18015,DEL05-RS,Risco Médio,Baixa
quinta-feira,BR-40,492.8,Pleno dia,Decrescente,Céu Claro,Dupla,Desvio Temporário,-19.644,-44.2031,DEL02-MG,Risco Médio,Alta
quinta-feira,BR-116,457.4,Plena Noite,Crescente,Nublado,Simples,Reta,-19.205,-42.05016,DEL06-MG,Risco Médio,Alta
sábado,BR-381,512.7,Pleno dia,Crescente,Chuva,Dupla,Desvio Temporário,-20.0758,-44.303,DEL01-MG,Risco Médio,Alta
terça-feira,BR-116,202.0,Amanhecer,Decrescente,Nublado,Dupla,Reta,-22.73027,-43.61298,DEL01-RJ,Risco Médio,Alta
domingo,BR-60,128.0,Plena Noite,Crescente,Nublado,Simples,Reta,-19.33852,-53.47003,DEL06-MS,Risco Médio,Média
terça-feira,BR-364,528.0,Pleno dia,Crescente,Nublado,Simples,Curva,-9.8125,-63.0742,DEL03-RO,Risco Médio,Alta
sexta-feira,BR-101,232.0,Plena Noite,Crescente,Nublado,Simples,Reta,-19.95224,-40.4088,DEL02-ES,Risco Médio,Alta
terça-feira,BR-40,527.0,Pleno dia,Decrescente,Céu Claro,Dupla,Não Informado,-19.9015,-44.04939,DEL01-MG,Risco Médio,Alta
sábado,BR-116,370.0,Pleno dia,Crescente,Sol,Dupla,Reta,-24.15807,-47.32639,DEL04-SP,Risco Baixo,Alta
sábado,BR-116,8.0,Plena Noite,Crescente,Chuva,Dupla,Curva,-25.0832,-48.6299,DEL01-PR,Risco Médio,Alta
quinta-feira,BR-116,27.0,Anoitecer,Decrescente,Chuva,Dupla,Não Informado,-25.11031,-48.79715,DEL01-PR,Risco Baixo,Alta
domingo,BR-163,1112.0,Pleno dia,Crescente,Céu Claro,Simples,Não Informado,-9.601465,-54.89023,DEL06-MT,Risco Baixo,Alta
domingo,BR-277,37.1,Pleno dia,Decrescente,Nublado,Dupla,Não Informado,-25.56012,-48.8144,DEL01-PR,Risco Médio,Média
sexta-feira,BR-316,12.0,Pleno dia,Crescente,Céu Claro,Dupla,Reta,-1.355656,-48.34232,DEL01-PA,Risco Médio,Baixa
terça-feira,BR-116,513.7,Pleno dia,Crescente,Céu Claro,Simples,Não Informado,-19.66982,-42.11728,DEL06-MG,Risco Médio,Alta
sábado,BR-472,177.6,Pleno dia,Crescente,Céu Claro,Simples,Reta,-27.85289,-54.53921,DEL10-RS,Risco Médio,Baixa
segunda-feira,BR-116,7.2,Pleno dia,Crescente,Céu Claro,Dupla,Curva,-25.08169,-48.62237,DEL01-PR,Risco Baixo,Alta
sábado,BR-101,382.0,Pleno dia,Decrescente,Chuva,Simples,Não Informado,-13.99173,-39.46967,DEL05-BA,Risco Médio,Alta
domingo,BR-101,269.5,Amanhecer,Crescente,Nublado,Múltipla,Interseção de vias,-20.22179,-40.27036,DEL02-ES,Risco Médio,Alta
domingo,BR-101,223.5,Pleno dia,Crescente,Nublado,Dupla,Reta,-27.72094,-48.6458,DEL01-SC,Risco Baixo,Alta
sexta-feira,BR-376,596.0,Plena Noite,Crescente,Chuva,Dupla,Reta,-25.50383,-49.34145,DEL01-PR,Risco Médio,Baixa
sábado,BR-50,296.8,Pleno dia,Decrescente,Céu Claro,Simples,Reta,-18.3045,-48.01404,DEL06-GO,Risco Médio,Média
terça-feira,BR-381,513.0,Pleno dia,Crescente,Céu Claro,Dupla,Reta,-20.09999,-44.3189,DEL01-MG,Risco Médio,Alta
sexta-feira,BR-116,238.4,Pleno dia,Decrescente,Sol,Dupla,Reta,-29.6874,-51.14197,DEL01-RS,Risco Médio,Alta
quinta-feira,BR-277,78.0,Pleno dia,Decrescente,Sol,Dupla,Reta,-25.51328,-49.12433,DEL01-PR,Risco Médio,Média
sexta-feira,BR-116,301.3,Pleno dia,Crescente,Nevoeiro/Neblina,Dupla,Reta,-22.45684,-44.40794,DEL07-RJ,Risco Médio,Alta
sexta-feira,BR-116,657.0,Amanhecer,Crescente,Chuva,Simples,Não Informado,-13.67278,-40.0967,DEL03-BA,Risco Médio,Alta
terça-feira,BR-40,695.8,Anoitecer,Decrescente,Nublado,Simples,Reta,-21.1392,-43.76577,DEL05-MG,Risco Médio,Alta
terça-feira,BR-101,96.9,Plena Noite,Crescente,Céu Claro,Múltipla,Reta,-5.85473,-35.21176,DEL01-RN,Risco Alto,Alta
segunda-feira,BR-163,990.0,Plena Noite,Decrescente,Céu Claro,Dupla,Reta,-2.549981,-54.72277,DEL05-PA,Risco Médio,Alta
terça-feira,BR-20,6.0,Plena Noite,Decrescente,Garoa/Chuvisco,Dupla,Reta,-15.66589,-47.80831,DEL02-DF,Risco Médio,Baixa
sexta-feira,BR-364,340.0,Plena Noite,Crescente,Céu Claro,Simples,Interseção de vias,-10.8988,-61.93046,DEL02-RO,Risco Médio,Alta
segunda-feira,BR-101,871.0,Plena Noite,Crescente,Nublado,Simples,Reta,-17.4879,-39.7061,DEL09-BA,Risco Médio,Alta
sábado,BR-470,57.5,Plena Noite,Crescente,Céu Claro,Simples,Rotatória,-26.88277,-49.14209,DEL04-SC,Risco Médio,Baixa
sexta-feira,BR-285,426.2,Plena Noite,Crescente,Céu Claro,Simples,Não Informado,-28.32322,-53.60016,DEL10-RS,Risco Médio,Baixa
quinta-feira,BR-392,242.1,Pleno dia,Crescente,Chuva,Simples,Reta,-30.59768,-53.37406,DEL09-RS,Risco Médio,Média
domingo,BR-116,264.0,Pleno dia,Crescente,Garoa/Chuvisco,Dupla,Reta,-29.91444,-51.17754,DEL01-RS,Risco Baixo,Alta
sexta-feira,BR-386,235.7,Pleno dia,Crescente,Céu Claro,Simples,Reta,-28.7302,-52.55508,DEL04-RS,Risco Médio,Média
quarta-feira,BR-101,407.0,Pleno dia,Decrescente,Nublado,Dupla,Interseção de vias,-22.89724,-43.85598,DEL03-RJ,Risco Médio,Alta
domingo,BR-116,325.0,Pleno dia,Decrescente,Céu Claro,Dupla,Reta,-23.94085,-47.05337,DEL04-SP,Risco Médio,Alta
domingo,BR-365,525.0,Pleno dia,Decrescente,Céu Claro,Simples,Reta,-18.91218,-47.45183,DEL10-MG,Risco Baixo,Média
segunda-feira,BR-116,185.0,Pleno dia,Crescente,Céu Claro,Simples,Reta,-22.74151,-43.45352,DEL01-RJ,Risco Médio,Alta
terça-feira,BR-116,377.3,Plena Noite,Crescente,Céu Claro,Simples,Não Informado,-11.82302,-38.97585,DEL02-BA,Risco Alto,Alta
quinta-feira,BR-290,286.8,Anoitecer,Decrescente,Céu Claro,Simples,Curva,-30.25947,-53.08242,DEL02-RS,Risco Médio,Baixa
terça-feira,BR-101,147.1,Plena Noite,Crescente,Chuva,Múltipla,Não Informado,-19.37887,-40.06658,DEL04-ES,Risco Baixo,Alta
sexta-feira,BR-282,56.4,Pleno dia,Crescente,Céu Claro,Simples,Curva,-27.68746,-48.99493,DEL01-SC,Risco Baixo,Baixa
domingo,BR-316,555.0,Plena Noite,Crescente,Céu Claro,Simples,Curva,-4.871,-43.32287,DEL03-MA,Risco Médio,Baixa
sexta-feira,BR-101,303.0,Pleno dia,Decrescente,Nublado,Dupla,Reta,-22.78282,-42.97668,DEL02-RJ,Risco Médio,Alta
sexta-feira,BR-324,599.0,Pleno dia,Crescente,Nublado,Múltipla,Reta,-12.74195,-38.43854,DEL01-BA,Risco Baixo,Baixa
segunda-feira,BR-262,46.9,Pleno dia,Crescente,Nublado,Simples,Curva,-20.25671,-42.11214,DEL06-MG,Risco Médio,Média
domingo,BR-356,285.5,Pleno dia,Decrescente,Céu Claro,Simples,Interseção de vias,-21.1512,-42.2149,DEL07-MG,Risco Médio,Baixa
domingo,BR-116,167.9,Amanhecer,Crescente,Nublado,Simples,Curva,-16.99295,-41.44722,DEL11-MG,Risco Alto,Alta
sábado,BR-101,329.0,Plena Noite,Decrescente,Céu Claro,Múltipla,Reta,-22.86939,-43.17564,DEL02-RJ,Risco Médio,Alta
sábado,BR-158,563.6,Plena Noite,Decrescente,Céu Claro,Simples,Curva,-30.85476,-55.49652,DEL11-RS,Risco Baixo,Baixa
domingo,BR-116,290.0,Anoitecer,Decrescente,Chuva,Dupla,Curva,-22.47547,-44.26675,DEL07-RJ,Risco Baixo,Alta
sexta-feira,BR-356,267.0,Plena Noite,Crescente,Nublado,Simples,Reta,-21.12775,-42.35762,DEL07-MG,Risco Médio,Baixa
segunda-feira,BR-101,207.0,Plena Noite,Crescente,Ignorado,Simples,Reta,-12.59783,-39.02754,DEL01-BA,Risco Médio,Alta
terça-feira,BR-316,88.3,Amanhecer,Decrescente,Céu Claro,Simples,Curva,-5.780884,-42.56553,DEL04-PI,Risco Médio,Baixa
domingo,BR-448,13.4,Plena Noite,Crescente,Céu Claro,Simples,Reta,-29.92362,-51.22976,DEL01-RS,Risco Médio,Baixa
sábado,BR-101,173.0,Pleno dia,Crescente,Chuva,Simples,Curva,-22.37101,-41.95186,DEL08-RJ,Risco Alto,Alta
quinta-feira,BR-153,515.1,Plena Noite,Decrescente,Nublado,Dupla,Reta,-16.7977,-49.2386,DEL01-GO,Risco Baixo,Alta
quarta-feira,BR-116,579.1,Amanhecer,Decrescente,Ignorado,Simples,Curva,-20.16856,-42.18863,DEL06-MG,Risco Médio,Alta
sexta-feira,BR-262,114.0,Plena Noite,Decrescente,Nublado,Simples,Reta,-20.517,-52.61641,DEL07-MS,Risco Alto,Média
segunda-feira,BR-290,48.0,Pleno dia,Crescente,Chuva,Dupla,Reta,-29.8986,-50.73918,DEL03-RS,Risco Médio,Baixa
sexta-feira,BR-463,110.0,Plena Noite,Crescente,Céu Claro,Dupla,Reta,-22.57572,-55.69308,DEL04-MS,Risco Médio,Baixa
segunda-feira,BR-101,41.1,Pleno dia,Crescente,Nublado,Dupla,Reta,-7.830383,-34.91427,DEL01-PE,Risco Médio,Alta
sábado,BR-235,48.3,Plena Noite,Decrescente,Céu Claro,Simples,Reta,-10.72439,-37.41708,DEL01-SE,Risco Médio,Baixa
quinta-feira,BR-343,340.7,Pleno dia,Decrescente,Céu Claro,Dupla,Curva,-5.074137,-42.73629,DEL01-PI,Risco Médio,Baixa
domingo,BR-40,555.0,Pleno dia,Crescente,Céu Claro,Múltipla,Viaduto,-20.08473,-43.97697,DEL01-MG,Risco Baixo,Alta
quarta-feira,BR-365,60.9,Pleno dia,Crescente,Céu Claro,Simples,Reta,-17.00983,-44.29401,DEL12-MG,Risco Baixo,Média
quinta-feira,BR-101,77.0,Plena Noite,Decrescente,Céu Claro,Simples,Reta,-21.83236,-41.41367,DEL08-RJ,Risco Baixo,Alta
sábado,BR-364,445.9,Pleno dia,Crescente,Chuva,Simples,Reta,-15.62325,-56.20529,DEL01-MT,Risco Médio,Alta
segunda-feira,BR-230,17.4,Pleno dia,Crescente,Céu Claro,Dupla,Curva,-7.118108,-34.84402,DEL01-PB,Risco Médio,Baixa
segunda-feira,BR-282,344.6,Pleno dia,Decrescente,Céu Claro,Simples,Reta,-27.38117,-51.24008,DEL07-SC,Risco Baixo,Baixa
domingo,BR-361,20.9,Plena Noite,Decrescente,Céu Claro,Simples,Curva,-7.079812,-37.42222,DEL03-PB,Risco Médio,Baixa
quarta-feira,BR-468,105.2,Anoitecer,Decrescente,Céu Claro,Dupla,Reta,-27.44375,-53.94976,DEL08-RS,Risco Médio,Baixa
terça-feira,BR-304,12.0,Pleno dia,Decrescente,Céu Claro,Simples,Reta,-4.971893,-37.38918,DEL04-RN,Risco Médio,Baixa
sexta-feira,BR-381,345.0,Pleno dia,Crescente,Chuva,Simples,Não Informado,-19.86363,-43.12254,DEL03-MG,Risco Médio,Alta
sábado,BR-153,506.9,Plena Noite,Decrescente,Céu Claro,Dupla,Reta,-16.7633,-49.24,DEL01-GO,Risco Médio,Alta
sábado,BR-364,17.8,Plena Noite,Decrescente,Garoa/Chuvisco,Simples,Não Informado,-12.73208,-60.16589,DEL04-RO,Risco Médio,Alta
terça-feira,BR-163,961.0,Plena Noite,Crescente,Céu Claro,Simples,Reta,-10.84831,-55.18034,DEL06-MT,Risco Baixo,Alta
sábado,BR-116,300.0,Pleno dia,Decrescente,Nublado,Dupla,Interseção de vias,-22.45223,-44.35433,DEL07-RJ,Risco Médio,Alta
sábado,BR-116,212.0,Anoitecer,Crescente,Céu Claro,Múltipla,Interseção de vias,-23.43608,-46.42805,DEL01-SP,Risco Médio,Alta
sexta-feira,BR-153,218.3,Plena Noite,Decrescente,Nublado,Simples,Reta,-24.61639,-50.44737,DEL03-PR,Risco Médio,Alta
domingo,BR-101,51.6,Plena Noite,Crescente,Vento,Múltipla,Reta,-7.916997,-34.89689,DEL01-PE,Risco Médio,Alta
quarta-feira,BR-116,128.0,Pleno dia,Decrescente,Céu Claro,Dupla,Reta,-22.6567,-43.1353,DEL04-RJ,Risco Baixo,Alta
terça-feira,BR-50,0.1,Anoitecer,Decrescente,Céu Claro,Dupla,Curva,-18.42477,-48.06509,DEL15-MG,Risco Médio,Média
sexta-feira,BR-101,57.1,Pleno dia,Decrescente,Chuva,Dupla,Curva,-26.43702,-48.80874,DEL03-SC,Risco Médio,Alta
quarta-feira,BR-365,407.0,Pleno dia,Decrescente,Céu Claro,Simples,Retorno Regulamentado,-18.64392,-46.49892,DEL10-MG,Risco Médio,Média
quinta-feira,BR-40,517.0,Pleno dia,Decrescente,Céu Claro,Dupla,Reta,-19.82351,-44.08439,DEL01-MG,Risco Médio,Alta
sábado,BR-290,213.0,Plena Noite,Decrescente,Céu Claro,Simples,Rotatória,-30.1866,-52.35784,DEL02-RS,Risco Baixo,Baixa
quarta-feira,BR-364,426.0,Pleno dia,Decrescente,Chuva,Simples,Interseção de vias,-10.43244,-62.47958,DEL03-RO,Risco Médio,Alta
sexta-feira,BR-386,4.3,Plena Noite,Crescente,Céu Claro,Simples,Curva,-27.18326,-53.25193,DEL08-RS,Risco Médio,Média
terça-feira,BR-20,137.9,Pleno dia,Crescente,Céu Claro,Simples,Reta,-12.74583,-45.94198,DEL10-BA,Risco Médio,Baixa
quarta-feira,BR-153,219.0,Pleno dia,Decrescente,Céu Claro,Simples,Reta,-14.6767,-49.2033,DEL07-GO,Risco Médio,Alta
quarta-feira,BR-40,91.0,Pleno dia,Crescente,Céu Claro,Dupla,Reta,-16.72736,-47.63496,DEL01-DF,Risco Baixo,Alta
domingo,BR-116,285.0,Plena Noite,Decrescente,Céu Claro,Dupla,Reta,-23.70408,-46.8725,DEL04-SP,Risco Médio,Alta
sábado,BR-364,82.0,Anoitecer,Decrescente,Ignorado,Simples,Reta,-10.1011,-67.4405,DEL01-AC,Risco Médio,Alta
domingo,BR-343,348.0,Plena Noite,Crescente,Nublado,Simples,Reta,-5.044685,-42.76623,DEL01-PI,Risco Médio,Baixa
sábado,BR-376,283.0,Pleno dia,Decrescente,Nublado,Dupla,Retorno Regulamentado,-23.84323,-51.25838,DEL07-PR,Risco Médio,Baixa
terça-feira,BR-408,83.0,Pleno dia,Decrescente,Nublado,Dupla,Reta,-7.946073,-35.11444,DEL01-PE,Risco Médio,Baixa
domingo,BR-343,11.2,Pleno dia,Crescente,Céu Claro,Dupla,Curva,-2.903314,-41.75066,DEL05-PI,Risco Médio,Baixa
segunda-feira,BR-101,96.0,Pleno dia,Crescente,Céu Claro,Simples,Não Informado,-8.25147,-35.02181,DEL01-PE,Risco Baixo,Alta
segunda-feira,BR-101,210.0,Pleno dia,Crescente,Céu Claro,Dupla,Reta,-27.6173,-48.6463,DEL01-SC,Risco Médio,Alta
segunda-feira,BR-116,68.8,Anoitecer,Decrescente,Nublado,Dupla,Curva,-22.83355,-45.21713,DEL08-SP,Risco Médio,Alta
quarta-feira,BR-101,179.2,Pleno dia,Decrescente,Céu Claro,Simples,Reta,-19.61793,-40.21648,DEL04-ES,Risco Médio,Alta
terça-feira,BR-40,14.0,Plena Noite,Crescente,Céu Claro,Dupla,Desvio Temporário,-16.16769,-47.93013,DEL01-DF,Risco Médio,Alta
quinta-feira,BR-277,193.4,Amanhecer,Decrescente,Céu Claro,Simples,Curva,-25.43187,-50.13992,DEL03-PR,Risco Médio,Média
sábado,BR-470,22.0,Plena Noite,Crescente,Chuva,Simples,Reta,-26.88007,-48.83622,DEL04-SC,Risco Médio,Baixa
quinta-feira,BR-376,188.0,Pleno dia,Crescente,Nublado,Dupla,Reta,-23.46194,-51.83597,DEL07-PR,Risco Médio,Baixa
segunda-feira,BR-116,546.0,Plena Noite,Crescente,Chuva,Dupla,Curva,-24.89142,-48.22586,DEL05-SP,Risco Médio,Alta
quinta-feira,BR-316,250.0,Pleno dia,Decrescente,Nublado,Simples,Curva,-8.678411,-38.97115,DEL05-PE,Risco Alto,Baixa
sábado,BR-101,58.0,Anoitecer,Decrescente,Céu Claro,Múltipla,Curva,-26.44025,-48.80129,DEL03-SC,Risco Médio,Alta
segunda-feira,BR-282,58.2,Pleno dia,Crescente,Nublado,Simples,Não Informado,-27.68359,-49.00554,DEL01-SC,Risco Baixo,Baixa
sábado,BR-235,53.4,Plena Noite,Crescente,Céu Claro,Simples,Não Informado,-10.68471,-37.44054,DEL01-SE,Risco Médio,Baixa
terça-feira,BR-163,707.0,Anoitecer,Decrescente,Nublado,Simples,Desvio Temporário,-18.68349,-54.81362,DEL06-MS,Risco Baixo,Alta
segunda-feira,BR-369,196.1,Plena Noite,Decrescente,Garoa/Chuvisco,Dupla,Reta,-23.50591,-51.42521,DEL07-PR,Risco Médio,Baixa
sábado,BR-101,189.9,Pleno dia,Crescente,Sol,Dupla,Reta,-27.46541,-48.64199,DEL01-SC,Risco Médio,Alta
quinta-feira,BR-376,652.0,Pleno dia,Decrescente,Céu Claro,Dupla,Curva,-25.84616,-49.06888,DEL01-PR,Risco Médio,Baixa
terça-feira,BR-40,660.9,Anoitecer,Decrescente,Céu Claro,Simples,Não Informado,-20.90918,-43.82904,DEL05-MG,Risco Médio,Alta
segunda-feira,BR-153,132.4,Pleno dia,Decrescente,Céu Claro,Simples,Reta,-13.92662,-49.07094,DEL07-GO,Risco Alto,Alta