dia_semana,br,km,fase_dia,sentido_via,condicao_metereologica,tipo_pista,tracado_via,latitude,longitude,delegacia,classificacao_acidente,postos_policiais_PRF
segunda-feira,BR-116,51.0,Pleno dia,Decrescente,Chuva,Dupla,Curva,-25.2472,-48.9048,DEL01-PR,Risco Médio,Alta
quinta-feira,BR-101,91.9,Plena Noite,Crescente,Nublado,Simples,Reta,-26.68455,-48.69487,DEL03-SC,Risco Médio,Alta
sexta-feira,BR-70,8.8,Plena Noite,Decrescente,Nublado,Dupla,Reta,-15.78419,-48.12973,DEL01-DF,Risco Alto,Baixa
domingo,BR-70,5.0,Plena Noite,Decrescente,Céu Claro,Simples,Reta,-15.75684,-48.25465,DEL01-DF,Risco Médio,Baixa
sábado,BR-277,54.0,Pleno dia,Decrescente,Nublado,Dupla,Curva,-25.58965,-48.93538,DEL01-PR,Risco Médio,Média
quinta-feira,BR-376,591.9,Plena Noite,Crescente,Céu Claro,Dupla,Reta,-25.4713,-49.35381,DEL01-PR,Risco Baixo,Baixa
terça-feira,BR-470,98.0,Anoitecer,Decrescente,Nublado,Simples,Reta,-27.03254,-49.38547,DEL04-SC,Risco Médio,Baixa
terça-feira,BR-364,391.8,Plena Noite,Crescente,Nublado,Dupla,Reta,-15.68795,-55.91007,DEL01-MT,Risco Alto,Alta
domingo,BR-376,245.9,Plena Noite,Crescente,Céu Claro,Dupla,Não Informado,-23.58962,-51.41131,DEL07-PR,Risco Baixo,Baixa
sábado,BR-101,475.0,Anoitecer,Crescente,Céu Claro,Simples,Reta,-23.00031,-44.25656,DEL03-RJ,Risco Médio,Alta
quarta-feira,BR-369,506.5,Pleno dia,Decrescente,Sol,Simples,Reta,-24.84284,-53.31433,DEL04-PR,Risco Baixo,Baixa
quarta-feira,BR-110,190.6,Pleno dia,Decrescente,Céu Claro,Simples,Curva,-7.938127,-37.19153,DEL02-PB,Risco Médio,Baixa
sábado,BR-101,432.2,Plena Noite,Decrescente,Céu Claro,Múltipla,Reta,-29.07327,-49.62718,DEL02-SC,Risco Médio,Alta
sexta-feira,BR-158,151.2,Pleno dia,Crescente,Garoa/Chuvisco,Simples,Reta,-20.10991,-51.17147,DEL08-MS,Risco Médio,Baixa
domingo,BR-282,245.9,Plena Noite,Decrescente,Céu Claro,Dupla,Reta,-27.72976,-50.52121,DEL05-SC,Risco Médio,Baixa
sábado,BR-101,97.8,Plena Noite,Decrescente,Nublado,Dupla,Reta,-26.72824,-48.70225,DEL03-SC,Risco Médio,Alta
domingo,BR-20,8.0,Pleno dia,Decrescente,Garoa/Chuvisco,Dupla,Não Informado,-15.65839,-47.79153,DEL02-DF,Risco Baixo,Baixa
terça-feira,BR-304,298.0,Plena Noite,Crescente,Céu Claro,Simples,Reta,-5.867788,-35.37033,DEL01-RN,Risco Médio,Baixa
sexta-feira,BR-116,142.0,Pleno dia,Decrescente,Céu Claro,Dupla,Reta,-23.1728,-45.8266,DEL06-SP,Risco Médio,Alta
domingo,BR-267,150.0,Pleno dia,Decrescente,Céu Claro,Simples,Reta,-21.64509,-53.47218,DEL02-MS,Risco Médio,Baixa
domingo,BR-101,234.0,Plena Noite,Decrescente,Céu Claro,Dupla,Reta,-27.8181,-48.6313,DEL01-SC,Risco Médio,Alta
quarta-feira,BR-153,198.8,Pleno dia,Decrescente,Céu Claro,Simples,Reta,-19.95363,-48.97633,DEL13-MG,Risco Baixo,Alta
sábado,BR-153,146.6,Plena Noite,Decrescente,Céu Claro,Dupla,Reta,-7.219391,-48.24686,DEL02-TO,Risco Médio,Alta
sexta-feira,BR-116,197.0,Pleno dia,Crescente,Céu Claro,Múltipla,Curva,-22.73154,-43.61813,DEL01-RJ,Risco Médio,Alta
quinta-feira,BR-101,947.0,Pleno dia,Crescente,Céu Claro,Simples,Curva,-18.1684,-39.91874,DEL09-BA,Risco Médio,Alta
segunda-feira,BR-369,490.0,Pleno dia,Crescente,Nublado,Simples,Reta,-24.72047,-53.24662,DEL04-PR,Risco Baixo,Baixa
quinta-feira,BR-277,597.0,Plena Noite,Decrescente,Céu Claro,Dupla,Reta,-24.99514,-53.51419,DEL04-PR,Risco Médio,Média
sábado,BR-356,148.0,Plena Noite,Crescente,Nublado,Simples,Reta,-21.7733,-41.28173,DEL08-RJ,Risco Médio,Baixa
segunda-feira,BR-101,417.0,Pleno dia,Crescente,Céu Claro,Simples,Curva,-22.91294,-43.89732,DEL03-RJ,Risco Baixo,Alta
sexta-feira,BR-277,582.5,Pleno dia,Decrescente,Céu Claro,Dupla,Reta,-24.97675,-53.38623,DEL04-PR,Risco Médio,Média
terça-feira,BR-343,218.0,Pleno dia,Crescente,Céu Claro,Simples,Reta,-4.496431,-41.95368,DEL02-PI,Risco Médio,Baixa
segunda-feira,BR-70,0.2,Amanhecer,Decrescente,Céu Claro,Dupla,Desvio Temporário,-15.78354,-48.2326,DEL01-DF,Risco Baixo,Baixa
segunda-feira,BR-116,150.0,Plena Noite,Crescente,Céu Claro,Dupla,Reta,-23.21336,-45.89306,DEL02-SP,Risco Médio,Alta
quarta-feira,BR-116,322.9,Pleno dia,Decrescente,Nublado,Dupla,Reta,-23.93215,-47.06874,DEL04-SP,Risco Baixo,Alta
segunda-feira,BR-50,27.7,Amanhecer,Decrescente,Chuva,Dupla,Curva,-18.62128,-48.09471,DEL15-MG,Risco Baixo,Média
quarta-feira,BR-153,44.9,Plena Noite,Crescente,Céu Claro,Simples,Reta,-20.66447,-49.34082,DEL09-SP,Risco Médio,Alta
segunda-feira,BR-101,456.0,Pleno dia,Crescente,Nublado,Simples,Interseção de vias,-23.03289,-44.16793,DEL03-RJ,Risco Baixo,Alta
domingo,BR-116,180.0,Plena Noite,Decrescente,Céu Claro,Dupla,Interseção de vias,-22.73886,-43.47715,DEL01-RJ,Risco Baixo,Alta
segunda-feira,BR-101,159.0,Pleno dia,Decrescente,Chuva,Simples,Reta,-19.4684,-40.11026,DEL04-ES,Risco Baixo,Alta
quarta-feira,BR-40,31.6,Pleno dia,Crescente,Chuva,Simples,Reta,-17.16996,-46.93354,DEL14-MG,Risco Médio,Alta
quinta-feira,BR-259,2.8,Pleno dia,Decrescente,Céu Claro,Simples,Curva,-19.713,-40.3776,DEL02-ES,Risco Médio,Baixa
terça-feira,BR-364,222.9,Pleno dia,Crescente,Sol,Simples,Reta,-11.52177,-61.34422,DEL02-RO,Risco Baixo,Alta
sábado,BR-153,579.9,Pleno dia,Crescente,Chuva,Dupla,Reta,-17.38542,-49.23359,DEL03-GO,Risco Baixo,Alta
sábado,BR-428,189.0,Plena Noite,Decrescente,Céu Claro,Simples,Reta,-9.377512,-40.50075,DEL06-PE,Risco Baixo,Baixa
quinta-feira,BR-381,829.0,Pleno dia,Decrescente,Céu Claro,Dupla,Reta,-22.11941,-45.75868,DEL16-MG,Risco Médio,Alta
sexta-feira,BR-101,271.9,Pleno dia,Decrescente,Céu Claro,Dupla,Reta,-20.23267,-40.27658,DEL02-ES,Risco Médio,Alta
terça-feira,BR-230,156.0,Plena Noite,Decrescente,Céu Claro,Simples,Interseção de vias,-7.2693,-35.9138,DEL02-PB,Risco Médio,Baixa
domingo,BR-101,90.0,Pleno dia,Crescente,Sol,Simples,Reta,-26.678,-48.692,DEL03-SC,Risco Médio,Alta
quarta-feira,BR-101,82.0,Pleno dia,Crescente,Céu Claro,Múltipla,Reta,-8.1768,-34.9443,DEL01-PE,Risco Médio,Alta
domingo,BR-40,77.0,Pleno dia,Crescente,Chuva,Dupla,Curva,-22.48006,-43.23544,DEL06-RJ,Risco Baixo,Alta
sexta-feira,BR-392,189.1,Plena Noite,Crescente,Céu Claro,Simples,Reta,-30.94429,-53.08628,DEL09-RS,Risco Alto,Média
terça-feira,BR-10,280.6,Pleno dia,Decrescente,Nublado,Simples,Reta,-1.985794,-47.52579,DEL02-PA,Risco Médio,Baixa
domingo,BR-222,121.0,Plena Noite,Crescente,Céu Claro,Simples,Reta,-3.707015,-39.56969,DEL04-CE,Risco Médio,Baixa
quarta-feira,BR-222,545.2,Plena Noite,Decrescente,Chuva,Simples,Curva,-4.36784,-46.59577,DEL04-MA,Risco Médio,Baixa
quarta-feira,BR-381,454.0,Pleno dia,Crescente,Sol,Simples,Reta,-19.85594,-43.89662,DEL01-MG,Risco Médio,Alta
terça-feira,BR-369,37.0,Pleno dia,Crescente,Céu Claro,Simples,Não Informado,-23.04936,-50.23739,DEL07-PR,Risco Médio,Baixa
segunda-feira,BR-381,493.0,Pleno dia,Decrescente,Céu Claro,Dupla,Reta,-19.96431,-44.16916,DEL01-MG,Risco Médio,Alta
segunda-feira,BR-230,25.0,Pleno dia,Decrescente,Nublado,Dupla,Não Informado,-7.1707,-34.8684,DEL01-PB,Risco Médio,Baixa
quinta-feira,BR-101,96.8,Plena Noite,Decrescente,Céu Claro,Dupla,Reta,-10.91774,-37.16729,DEL02-SE,Risco Baixo,Alta
domingo,BR-163,73.7,Plena Noite,Crescente,Céu Claro,Simples,Curva,-26.71085,-53.51502,DEL07-SC,Risco Médio,Alta
terça-feira,BR-364,432.0,Pleno dia,Crescente,Céu Claro,Simples,Reta,-10.40041,-62.52516,DEL03-RO,Risco Baixo,Alta
quinta-feira,BR-285,122.9,Plena Noite,Crescente,Ignorado,Simples,Reta,-28.50553,-50.94407,DEL05-RS,Risco Médio,Baixa
quarta-feira,BR-20,21.8,Pleno dia,Decrescente,Nublado,Dupla,Reta,-15.60338,-47.68469,DEL02-DF,Risco Baixo,Baixa
quarta-feira,BR-343,42.4,Pleno dia,Decrescente,Nublado,Simples,Curva,-3.16237,-41.82272,DEL05-PI,Risco Médio,Baixa
quinta-feira,BR-277,38.0,Pleno dia,Crescente,Céu Claro,Dupla,Não Informado,-25.56584,-48.81116,DEL01-PR,Risco Médio,Média
quinta-feira,BR-116,10.0,Plena Noite,Crescente,Céu Claro,Simples,Reta,-14.86027,-40.87589,DEL08-BA,Risco Médio,Alta
sábado,BR-448,21.0,Plena Noite,Crescente,Chuva,Múltipla,Curva,-29.97159,-51.19972,DEL01-RS,Risco Médio,Baixa
sábado,BR-262,130.0,Plena Noite,Crescente,Nublado,Simples,Curva,-20.15539,-42.6949,DEL03-MG,Risco Médio,Média
sábado,BR-101,375.0,Amanhecer,Crescente,Céu Claro,Simples,Reta,-20.78856,-40.79561,DEL03-ES,Risco Médio,Alta
quarta-feira,BR-116,739.0,Plena Noite,Decrescente,Ignorado,Simples,Reta,-21.3839,-42.4823,DEL07-MG,Risco Baixo,Alta
quarta-feira,BR-116,227.0,Pleno dia,Decrescente,Céu Claro,Múltipla,Curva,-23.49846,-46.55857,DEL01-SP,Risco Baixo,Alta
sexta-feira,BR-277,72.0,Plena Noite,Crescente,Nevoeiro/Neblina,Dupla,Não Informado,-25.52523,-49.09756,DEL01-PR,Risco Médio,Média
terça-feira,BR-262,111.0,Plena Noite,Decrescente,Chuva,Simples,Reta,-20.33711,-41.19043,DEL01-ES,Risco Médio,Média
quarta-feira,BR-381,78.0,Plena Noite,Decrescente,Céu Claro,Dupla,Curva,-23.39621,-46.57355,DEL03-SP,Risco Médio,Alta
sábado,BR-163,403.9,Pleno dia,Decrescente,Céu Claro,Simples,Reta,-21.14128,-54.47757,DEL02-MS,Risco Médio,Alta
sábado,BR-392,7.6,Amanhecer,Decrescente,Céu Claro,Simples,Reta,-32.09361,-52.10888,DEL07-RS,Risco Baixo,Média
domingo,BR-381,285.0,Pleno dia,Crescente,Sol,Simples,Não Informado,-19.61895,-42.79967,DEL03-MG,Risco Médio,Alta
domingo,BR-285,146.0,Pleno dia,Decrescente,Chuva,Simples,Curva,-28.3577,-51.1069,DEL05-RS,Risco Baixo,Baixa
segunda-feira,BR-232,67.7,Pleno dia,Crescente,Céu Claro,Dupla,Curva,-8.167303,-35.47224,DEL01-PE,Risco Médio,Baixa
domingo,BR-135,227.0,Plena Noite,Crescente,Céu Claro,Simples,Não Informado,-8.170358,-43.78972,DEL03-PI,Risco Alto,Baixa
segunda-feira,BR-369,524.2,Pleno dia,Crescente,Céu Claro,Dupla,Reta,-24.9502,-53.3984,DEL04-PR,Risco Médio,Baixa
quinta-feira,BR-101,4.0,Pleno dia,Crescente,Sol,Dupla,Reta,-8.287093,-35.03529,DEL01-PE,Risco Médio,Alta
domingo,BR-365,622.8,Plena Noite,Crescente,Céu Claro,Dupla,Reta,-18.90752,-48.29937,DEL15-MG,Risco Médio,Média
domingo,BR-386,36.0,Plena Noite,Crescente,Céu Claro,Simples,Reta,-27.37338,-53.39772,DEL08-RS,Risco Baixo,Média
quinta-feira,BR-135,478.0,Pleno dia,Decrescente,Céu Claro,Simples,Curva,-17.622,-44.0774,DEL12-MG,Risco Médio,Baixa
sexta-feira,BR-101,180.0,Pleno dia,Decrescente,Céu Claro,Dupla,Desvio Temporário,-27.38112,-48.63091,DEL01-SC,Risco Médio,Alta
sexta-feira,BR-153,644.0,Pleno dia,Crescente,Céu Claro,Simples,Não Informado,-11.48434,-49.00149,DEL02-TO,Risco Baixo,Alta
terça-feira,BR-158,669.7,Plena Noite,Crescente,Céu Claro,Simples,Reta,-14.80179,-52.30419,DEL07-MT,Risco Baixo,Baixa
sábado,BR-110,290.3,Pleno dia,Decrescente,Céu Claro,Simples,Reta,-11.8209,-38.35767,DEL01-BA,Risco Alto,Baixa
terça-feira,BR-222,272.0,Pleno dia,Crescente,Nublado,Simples,Reta,-3.764166,-40.74901,DEL04-CE,Risco Médio,Baixa
terça-feira,BR-230,119.0,Pleno dia,Decrescente,Céu Claro,Dupla,Reta,-5.350407,-49.10598,DEL03-PA,Risco Médio,Baixa
sábado,BR-158,362.7,Pleno dia,Decrescente,Sol,Simples,Reta,-12.43754,-51.75959,DEL07-MT,Risco Médio,Baixa
domingo,BR-153,241.8,Pleno dia,Crescente,Céu Claro,Simples,Reta,-20.26867,-49.18428,DEL13-MG,Risco Médio,Alta
quinta-feira,BR-40,29.5,Pleno dia,Crescente,Chuva,Dupla,Interseção de vias,-16.27372,-47.87146,DEL01-DF,Risco Alto,Alta
quinta-feira,BR-104,117.1,Plena Noite,Decrescente,Céu Claro,Simples,Reta,-7.184892,-35.86603,DEL02-PB,Risco Alto,Baixa
sexta-feira,BR-493,18.0,Amanhecer,Decrescente,Nublado,Simples,Curva,-22.66871,-43.01863,DEL02-RJ,Risco Alto,Baixa
segunda-feira,BR-70,14.4,Amanhecer,Decrescente,Céu Claro,Dupla,Reta,-15.79731,-48.17606,DEL01-DF,Risco Médio,Baixa
segunda-feira,BR-70,14.0,Plena Noite,Crescente,Céu Claro,Dupla,Reta,-15.79731,-48.17606,DEL01-DF,Risco Médio,Baixa
sexta-feira,BR-153,0.1,Pleno dia,Crescente,Nublado,Simples,Reta,-20.31027,-49.20851,DEL09-SP,Risco Médio,Alta
sexta-feira,BR-116,271.0,Plena Noite,Crescente,Nublado,Dupla,Reta,-23.60956,-46.77114,DEL04-SP,Risco Médio,Alta
sexta-feira,BR-280,256.9,Pleno dia,Decrescente,Céu Claro,Simples,Interseção de vias,-26.15873,-53.03194,DEL02-PR,Risco Médio,Baixa
segunda-feira,BR-101,245.6,Pleno dia,Decrescente,Chuva,Dupla,Reta,-27.90168,-48.64892,DEL02-SC,Risco Médio,Alta
terça-feira,BR-101,473.0,Pleno dia,Decrescente,Nublado,Múltipla,Retorno Regulamentado,-22.98961,-44.24169,DEL03-RJ,Risco Médio,Alta
quarta-feira,BR-101,204.3,Anoitecer,Decrescente,Céu Claro,Dupla,Reta,-27.57413,-48.61363,DEL01-SC,Risco Médio,Alta
sexta-feira,BR-277,127.0,Pleno dia,Decrescente,Céu Claro,Simples,Reta,-25.47,-49.607,DEL03-PR,Risco Médio,Média
quarta-feira,BR-381,71.7,Pleno dia,Decrescente,Céu Claro,Dupla,Curva,-23.35181,-46.55153,DEL03-SP,Risco Baixo,Alta
quinta-feira,BR-70,522.0,Plena Noite,Decrescente,Céu Claro,Simples,Reta,-15.65051,-55.99824,DEL01-MT,Risco Médio,Baixa
domingo,BR-158,268.0,Plena Noite,Crescente,Céu Claro,Simples,Reta,-17.86237,-51.73003,DEL05-GO,Risco Médio,Baixa
quinta-feira,BR-364,518.0,Pleno dia,Crescente,Céu Claro,Simples,Rotatória,-9.897787,-63.05625,DEL03-RO,Risco Médio,Alta
segunda-feira,BR-40,83.0,Pleno dia,Crescente,Chuva,Dupla,Não Informado,-22.5191,-43.22873,DEL06-RJ,Risco Médio,Alta
terça-feira,BR-277,110.0,Pleno dia,Decrescente,Céu Claro,Dupla,Não Informado,-25.44626,-49.3637,DEL01-PR,Risco Médio,Média
sábado,BR-40,48.0,Pleno dia,Decrescente,Céu Claro,Dupla,Curva,-22.3003,-43.13042,DEL06-RJ,Risco Médio,Alta
domingo,BR-116,59.7,Plena Noite,Crescente,Céu Claro,Simples,Reta,-26.37933,-50.20775,DEL06-SC,Risco Médio,Alta
quarta-feira,BR-290,85.8,Pleno dia,Crescente,Sol,Simples,Não Informado,-29.96794,-51.10687,DEL01-RS,Risco Médio,Baixa
quarta-feira,BR-50,161.1,Pleno dia,Crescente,Chuva,Dupla,Não Informado,-17.26384,-47.76911,DEL06-GO,Risco Médio,Média
sábado,BR-40,110.0,Pleno dia,Decrescente,Céu Claro,Simples,Interseção de vias,-22.68466,-43.28492,DEL01-RJ,Risco Baixo,Alta
sexta-feira,BR-262,31.2,Plena Noite,Decrescente,Garoa/Chuvisco,Simples,Não Informado,-20.25559,-42.03095,DEL06-MG,Risco Baixo,Média
quarta-feira,BR-153,587.6,Plena Noite,Crescente,Céu Claro,Dupla,Curva,-17.443,-49.2317,DEL03-GO,Risco Médio,Alta
domingo,BR-40,461.6,Pleno dia,Decrescente,Céu Claro,Dupla,Reta,-19.411,-44.335,DEL02-MG,Risco Médio,Alta
sexta-feira,BR-50,16.5,Amanhecer,Crescente,Céu Claro,Dupla,Reta,-18.91994,-48.18116,DEL15-MG,Risco Médio,Média
segunda-feira,BR-101,17.7,Plena Noite,Crescente,Céu Claro,Dupla,Retorno Regulamentado,-10.33832,-36.89396,DEL02-SE,Risco Alto,Alta
quinta-feira,BR-101,54.0,Pleno dia,Decrescente,Sol,Múltipla,Curva,-7.945666,-34.9044,DEL01-PE,Risco Médio,Alta
quarta-feira,BR-376,620.0,Amanhecer,Decrescente,Céu Claro,Simples,Reta,-25.6122,-49.1714,DEL01-PR,Risco Médio,Baixa
sexta-feira,BR-116,47.0,Pleno dia,Decrescente,Chuva,Dupla,Curva,-25.2138,-48.9005,DEL01-PR,Risco Médio,Alta
sexta-feira,BR-50,35.7,Plena Noite,Decrescente,Nublado,Dupla,Interseção de vias,-18.65514,-48.14978,DEL15-MG,Risco Médio,Média
sábado,BR-70,84.6,Anoitecer,Decrescente,Céu Claro,Simples,Curva,-15.62146,-52.8484,DEL07-MT,Risco Baixo,Baixa
sexta-feira,BR-262,650.1,Pleno dia,Decrescente,Nublado,Simples,Curva,-19.55262,-46.76144,DEL08-MG,Risco Baixo,Média
domingo,BR-153,358.4,Plena Noite,Crescente,Nublado,Simples,Reta,-15.73375,-49.32386,DEL02-GO,Risco Baixo,Alta
segunda-feira,BR-470,287.7,Amanhecer,Decrescente,Céu Claro,Simples,Rotatória,-29.68909,-51.46157,DEL04-RS,Risco Médio,Baixa
domingo,BR-50,31.7,Pleno dia,Decrescente,Céu Claro,Dupla,Reta,-18.65506,-48.14548,DEL15-MG,Risco Baixo,Média
segunda-feira,BR-230,132.8,Pleno dia,Crescente,Céu Claro,Dupla,Curva,-7.2774,-35.7367,DEL02-PB,Risco Baixo,Baixa
quinta-feira,BR-262,802.0,Amanhecer,Crescente,Céu Claro,Dupla,Reta,-19.77062,-47.90657,DEL13-MG,Risco Médio,Média
sábado,BR-80,19.8,Plena Noite,Crescente,Nublado,Dupla,Reta,-15.67521,-48.20464,DEL01-DF,Risco Médio,Baixa
sábado,BR-262,733.5,Pleno dia,Decrescente,Céu Claro,Simples,Curva,-19.35215,-57.56724,DEL03-MS,Risco Baixo,Média
domingo,BR-101,190.0,Pleno dia,Crescente,Chuva,Simples,Curva,-22.46341,-42.06588,DEL02-RJ,Risco Médio,Alta
terça-feira,BR-376,107.8,Plena Noite,Crescente,Nublado,Simples,Reta,-23.06644,-52.42796,DEL07-PR,Risco Médio,Baixa
terça-feira,BR-60,192.5,Pleno dia,Decrescente,Céu Claro,Simples,Não Informado,-19.50275,-54.0099,DEL06-MS,Risco Baixo,Média
quarta-feira,BR-259,12.5,Plena Noite,Decrescente,Nublado,Simples,Reta,-19.64547,-40.4085,DEL02-ES,Risco Baixo,Baixa
terça-feira,BR-262,4.7,Pleno dia,Decrescente,Céu Claro,Múltipla,Reta,-20.33704,-40.38362,DEL01-ES,Risco Médio,Média
domingo,BR-104,129.9,Pleno dia,Decrescente,Céu Claro,Simples,Reta,-7.28088,-35.88912,DEL02-PB,Risco Médio,Baixa
segunda-feira,BR-101,267.0,Pleno dia,Crescente,Nublado,Múltipla,Reta,-20.19931,-40.26885,DEL02-ES,Risco Médio,Alta
sexta-feira,BR-116,192.8,Pleno dia,Crescente,Céu Claro,Simples,Reta,-29.43976,-51.13609,DEL05-RS,Risco Baixo,Alta
segunda-feira,BR-282,85.0,Anoitecer,Crescente,Garoa/Chuvisco,Simples,Curva,-27.66701,-49.1928,DEL01-SC,Risco Baixo,Baixa
sexta-feira,BR-222,672.0,Plena Noite,Decrescente,Céu Claro,Simples,Reta,-4.937008,-47.45862,DEL04-MA,Risco Médio,Baixa
segunda-feira,BR-101,394.5,Pleno dia,Crescente,Ignorado,Simples,Curva,-13.97622,-39.48002,DEL05-BA,Risco Alto,Alta
domingo,BR-40,634.5,Pleno dia,Decrescente,Chuva,Simples,Curva,-20.6998,-43.7916,DEL05-MG,Risco Médio,Alta
domingo,BR-116,25.9,Pleno dia,Decrescente,Céu Claro,Dupla,Reta,-3.989808,-38.51596,DEL01-CE,Risco Médio,Alta
quarta-feira,BR-116,222.0,Pleno dia,Decrescente,Céu Claro,Múltipla,Reta,-23.47093,-46.51631,DEL01-SP,Risco Médio,Alta
sábado,BR-316,286.8,Pleno dia,Crescente,Céu Claro,Simples,Reta,-3.795492,-45.20668,DEL02-MA,Risco Alto,Baixa
domingo,BR-282,217.5,Pleno dia,Decrescente,Céu Claro,Dupla,Rotatória,-27.79792,-50.30294,DEL05-SC,Risco Médio,Baixa
quarta-feira,BR-40,677.6,Pleno dia,Crescente,Céu Claro,Simples,Reta,-21.03325,-43.77657,DEL05-MG,Risco Alto,Alta
terça-feira,BR-40,464.4,Pleno dia,Crescente,Chuva,Dupla,Curva,-19.43208,-44.33552,DEL02-MG,Risco Baixo,Alta
sábado,BR-290,119.0,Amanhecer,Crescente,Nevoeiro/Neblina,Simples,Reta,-30.04943,-51.39805,DEL02-RS,Risco Médio,Baixa
quinta-feira,BR-242,344.0,Plena Noite,Decrescente,Céu Claro,Simples,Reta,-12.50588,-41.26807,DEL06-BA,Risco Médio,Baixa
sábado,BR-101,447.0,Plena Noite,Crescente,Céu Claro,Simples,Curva,-21.12406,-41.27538,DEL03-ES,Risco Médio,Alta
sábado,BR-163,850.0,Amanhecer,Crescente,Céu Claro,Simples,Reta,-11.82199,-55.48508,DEL06-MT,Risco Médio,Alta
quarta-feira,BR-116,442.2,Plena Noite,Decrescente,Céu Claro,Dupla,Reta,-24.4761,-47.82735,DEL05-SP,Risco Médio,Alta
sábado,BR-259,98.6,Pleno dia,Crescente,Céu Claro,Simples,Reta,-19.51141,-40.9786,DEL02-ES,Risco Médio,Baixa
domingo,BR-226,18.2,Pleno dia,Decrescente,Céu Claro,Simples,Desvio Temporário,-6.628493,-47.59889,DEL02-TO,Risco Alto,Baixa
quarta-feira,BR-232,209.7,Pleno dia,Decrescente,Céu Claro,Dupla,Reta,-8.366668,-36.6887,DEL03-PE,Risco Baixo,Baixa
terça-feira,BR-364,342.4,Anoitecer,Crescente,Céu Claro,Dupla,Reta,-10.88381,-61.93741,DEL02-RO,Risco Médio,Alta
terça-feira,BR-101,94.0,Pleno dia,Decrescente,Chuva,Dupla,Reta,-5.831766,-35.21191,DEL01-RN,Risco Médio,Alta
sábado,BR-116,228.0,Pleno dia,Decrescente,Nublado,Dupla,Reta,-23.50343,-46.56639,DEL01-SP,Risco Médio,Alta
quarta-feira,BR-40,2.7,Plena Noite,Crescente,Céu Claro,Dupla,Reta,-15.99435,-47.98595,DEL01-DF,Risco Baixo,Alta
sexta-feira,BR-262,113.9,Pleno dia,Crescente,Nublado,Simples,Curva,-20.2433,-42.60698,DEL03-MG,Risco Médio,Média
terça-feira,BR-230,116.0,Pleno dia,Decrescente,Céu Claro,Dupla,Reta,-5.359475,-49.08301,DEL03-PA,Risco Médio,Baixa
segunda-feira,BR-101,198.0,Plena Noite,Crescente,Céu Claro,Simples,Reta,-19.7579,-40.3788,DEL04-ES,Risco Baixo,Alta
terça-feira,BR-277,489.5,Pleno dia,Crescente,Chuva,Simples,Curva,-25.24105,-52.63198,DEL04-PR,Risco Médio,Média
segunda-feira,BR-116,67.4,Amanhecer,Decrescente,Céu Claro,Dupla,Reta,-22.82868,-45.20889,DEL08-SP,Risco Médio,Alta
domingo,BR-369,163.3,Amanhecer,Decrescente,Nublado,Dupla,Reta,-23.2968,-51.28082,DEL07-PR,Risco Médio,Baixa
quarta-feira,BR-40,550.9,Pleno dia,Decrescente,Céu Claro,Dupla,Reta,-20.04776,-43.96439,DEL01-MG,Risco Médio,Alta
quinta-feira,BR-70,9.0,Plena Noite,Crescente,Céu Claro,Dupla,Reta,-15.73577,-48.28288,DEL01-DF,Risco Baixo,Baixa
terça-feira,BR-406,104.2,Pleno dia,Crescente,Céu Claro,Simples,Reta,-5.540082,-35.80741,DEL02-RN,Risco Médio,Baixa
segunda-feira,BR-316,318.0,Pleno dia,Crescente,Céu Claro,Simples,Interseção de vias,-7.086065,-41.40601,DEL04-PI,Risco Baixo,Baixa
quarta-feira,BR-304,109.3,Plena Noite,Decrescente,Céu Claro,Simples,Reta,-5.589756,-36.94566,DEL04-RN,Risco Médio,Baixa
segunda-feira,BR-110,222.0,Pleno dia,Decrescente,Sol,Simples,Interseção de vias,-9.015311,-38.23094,DEL07-BA,Risco Alto,Baixa
sábado,BR-101,311.0,Plena Noite,Decrescente,Céu Claro,Dupla,Ponte,-22.80062,-43.05319,DEL02-RJ,Risco Médio,Alta
sexta-feira,BR-101,192.0,Pleno dia,Decrescente,Chuva,Dupla,Curva,-27.48444,-48.64765,DEL01-SC,Risco Médio,Alta
quarta-feira,BR-230,356.0,Pleno dia,Crescente,Céu Claro,Simples,Reta,-6.9258,-37.4284,DEL03-PB,Risco Alto,Baixa
sábado,BR-365,393.4,Pleno dia,Crescente,Chuva,Simples,Curva,-18.64104,-46.33484,DEL10-MG,Risco Médio,Média
domingo,BR-471,154.9,Plena Noite,Crescente,Nublado,Simples,Não Informado,-29.81592,-52.4041,DEL02-RS,Risco Médio,Baixa
segunda-feira,BR-20,12.0,Pleno dia,Crescente,Céu Claro,Dupla,Reta,-15.64281,-47.75779,DEL02-DF,Risco Médio,Baixa
domingo,BR-60,101.0,Pleno dia,Decrescente,Céu Claro,Dupla,Reta,-16.40414,-48.97918,DEL02-GO,Risco Médio,Média
quinta-feira,BR-163,542.0,Pleno dia,Crescente,Céu Claro,Simples,Reta,-14.49784,-56.19301,DEL01-MT,Risco Médio,Alta
quinta-feira,BR-376,459.0,Plena Noite,Crescente,Garoa/Chuvisco,Dupla,Curva,-24.94219,-50.40348,DEL03-PR,Risco Baixo,Baixa
domingo,BR-262,580.0,Plena Noite,Crescente,Chuva,Dupla,Curva,-19.66467,-46.06563,DEL08-MG,Risco Baixo,Média
sábado,BR-116,552.0,Pleno dia,Decrescente,Nublado,Dupla,Reta,-24.96398,-48.47997,DEL05-SP,Risco Médio,Alta