dia_semana,br,km,fase_dia,sentido_via,condicao_metereologica,tipo_pista,tracado_via,latitude,longitude,delegacia,classificacao_acidente,postos_policiais_PRF
sexta-feira,BR-101,69.0,Pleno dia,Crescente,Chuva,Dupla,Não Informado,-29.73069,-50.2034,DEL03-RS,Risco Médio,Alta
sexta-feira,BR-101,333.0,Pleno dia,Decrescente,Céu Claro,Múltipla,Não Informado,-22.87828,-43.21054,DEL02-RJ,Risco Médio,Alta
sexta-feira,BR-381,79.0,Pleno dia,Crescente,Chuva,Dupla,Curva,-23.5197,-46.55633,DEL03-SP,Risco Médio,Alta
quinta-feira,BR-101,332.8,Plena Noite,Decrescente,Céu Claro,Dupla,Interseção de vias,-28.46537,-48.99577,DEL02-SC,Risco Baixo,Alta
sábado,BR-101,342.0,Pleno dia,Decrescente,Céu Claro,Simples,Reta,-28.49766,-49.04537,DEL02-SC,Risco Médio,Alta
sábado,BR-476,133.0,Pleno dia,Crescente,Nublado,Múltipla,Reta,-25.46922,-49.25414,DEL01-PR,Risco Médio,Baixa
quarta-feira,BR-101,116.8,Anoitecer,Crescente,Céu Claro,Múltipla,Reta,-26.87906,-48.72604,DEL04-SC,Risco Médio,Alta
sexta-feira,BR-285,297.1,Plena Noite,Decrescente,Chuva,Simples,Reta,-28.22538,-52.44976,DEL08-RS,Risco Baixo,Baixa
sábado,BR-470,73.0,Plena Noite,Crescente,Nublado,Simples,Desvio Temporário,-26.89275,-49.25891,DEL04-SC,Risco Médio,Baixa
segunda-feira,BR-101,138.9,Pleno dia,Crescente,Céu Claro,Dupla,Reta,-11.20434,-37.4117,DEL02-SE,Risco Médio,Alta
sexta-feira,BR-369,11.2,Plena Noite,Crescente,Céu Claro,Simples,Reta,-23.00616,-49.99921,DEL07-PR,Risco Baixo,Baixa
sábado,BR-381,945.0,Pleno dia,Decrescente,Nublado,Dupla,Reta,-22.87479,-46.36656,DEL16-MG,Risco Baixo,Alta
sexta-feira,BR-101,25.0,Plena Noite,Crescente,Céu Claro,Dupla,Reta,-6.70802,-35.11773,DEL01-PB,Risco Baixo,Alta
domingo,BR-116,17.0,Pleno dia,Decrescente,Chuva,Dupla,Curva,-25.10306,-48.70104,DEL01-PR,Risco Baixo,Alta
quinta-feira,BR-376,507.0,Pleno dia,Decrescente,Céu Claro,Dupla,Não Informado,-25.19353,-50.07826,DEL03-PR,Risco Médio,Baixa
domingo,BR-381,929.0,Plena Noite,Crescente,Céu Claro,Dupla,Curva,-22.7766,-46.2388,DEL16-MG,Risco Médio,Alta
segunda-feira,BR-343,342.9,Pleno dia,Crescente,Céu Claro,Simples,Reta,-5.086969,-42.75746,DEL01-PI,Risco Médio,Baixa
sexta-feira,BR-40,399.8,Plena Noite,Decrescente,Céu Claro,Simples,Reta,-19.0229,-44.65654,DEL02-MG,Risco Médio,Alta
quarta-feira,BR-226,0.5,Pleno dia,Crescente,Céu Claro,Simples,Reta,-5.803647,-35.23794,DEL01-RN,Risco Médio,Baixa
sexta-feira,BR-153,370.1,Pleno dia,Decrescente,Céu Claro,Simples,Desvio Temporário,-15.82811,-49.2809,DEL02-GO,Risco Alto,Alta
sábado,BR-376,331.0,Pleno dia,Decrescente,Céu Claro,Dupla,Reta,-24.09443,-51.04353,DEL07-PR,Risco Médio,Baixa
segunda-feira,BR-280,125.0,Plena Noite,Crescente,Ignorado,Simples,Reta,-26.23879,-49.48123,DEL06-SC,Risco Alto,Baixa
segunda-feira,BR-40,149.2,Pleno dia,Crescente,Céu Claro,Simples,Curva,-17.7804,-46.13709,DEL14-MG,Risco Médio,Alta
sexta-feira,BR-235,5.6,Pleno dia,Decrescente,Céu Claro,Dupla,Reta,-10.9063,-37.1146,DEL01-SE,Risco Médio,Baixa
domingo,BR-116,124.0,Pleno dia,Decrescente,Céu Claro,Dupla,Reta,-23.0914,-45.6753,DEL06-SP,Risco Médio,Alta
domingo,BR-280,214.0,Pleno dia,Decrescente,Chuva,Simples,Reta,-26.18322,-50.20706,DEL06-SC,Risco Médio,Baixa
quinta-feira,BR-70,3.0,Pleno dia,Crescente,Céu Claro,Dupla,Reta,-15.80245,-48.08039,DEL01-DF,Risco Baixo,Baixa
terça-feira,BR-116,477.0,Pleno dia,Crescente,Céu Claro,Dupla,Reta,-24.7002,-48.0059,DEL05-SP,Risco Médio,Alta
terça-feira,BR-116,92.6,Pleno dia,Crescente,Nublado,Dupla,Não Informado,-25.5089,-49.12651,DEL01-PR,Risco Médio,Alta
sábado,BR-393,170.0,Pleno dia,Decrescente,Nublado,Simples,Curva,-22.11957,-43.16009,DEL06-RJ,Risco Médio,Média
terça-feira,BR-364,233.3,Pleno dia,Crescente,Nublado,Simples,Reta,-16.23729,-54.78175,DEL02-MT,Risco Médio,Alta
sexta-feira,BR-280,53.2,Pleno dia,Crescente,Céu Claro,Simples,Reta,-26.47237,-48.97427,DEL03-SC,Risco Médio,Baixa
domingo,BR-163,484.0,Pleno dia,Decrescente,Céu Claro,Simples,Reta,-20.45105,-54.54033,DEL01-MS,Risco Médio,Alta
sábado,BR-60,168.2,Anoitecer,Decrescente,Céu Claro,Dupla,Reta,-16.7223,-49.3746,DEL01-GO,Risco Alto,Média
quarta-feira,BR-101,184.0,Pleno dia,Decrescente,Céu Claro,Simples,Curva,-19.65524,-40.23356,DEL04-ES,Risco Médio,Alta
terça-feira,BR-364,152.3,Pleno dia,Crescente,Sol,Simples,Curva,-16.7816,-54.22392,DEL02-MT,Risco Médio,Alta
quinta-feira,BR-60,118.0,Pleno dia,Decrescente,Sol,Dupla,Reta,-16.4848,-49.0935,DEL01-GO,Risco Médio,Média
quinta-feira,BR-316,40.0,Pleno dia,Crescente,Céu Claro,Dupla,Reta,-1.279564,-48.12243,DEL01-PA,Risco Médio,Baixa
sábado,BR-101,297.0,Plena Noite,Crescente,Nublado,Simples,Reta,-22.76942,-42.91874,DEL02-RJ,Risco Médio,Alta
quinta-feira,BR-101,38.0,Pleno dia,Decrescente,Céu Claro,Dupla,Interseção de vias,-26.29669,-48.8839,DEL03-SC,Risco Médio,Alta
sexta-feira,BR-101,402.0,Pleno dia,Crescente,Céu Claro,Dupla,Reta,-28.86331,-49.44595,DEL02-SC,Risco Médio,Alta
sexta-feira,BR-50,140.9,Plena Noite,Crescente,Céu Claro,Dupla,Reta,-17.0877,-47.73,DEL06-GO,Risco Médio,Média
quinta-feira,BR-116,159.0,Pleno dia,Crescente,Nublado,Simples,Curva,-27.09961,-50.45374,DEL06-SC,Risco Médio,Alta
sexta-feira,BR-365,473.0,Amanhecer,Decrescente,Sol,Dupla,Rotatória,-18.92253,-47.0152,DEL10-MG,Risco Médio,Média
sexta-feira,BR-376,400.9,Pleno dia,Crescente,Sol,Dupla,Não Informado,-24.59963,-50.66716,DEL03-PR,Risco Médio,Baixa
terça-feira,BR-40,554.0,Pleno dia,Decrescente,Céu Claro,Dupla,Reta,-20.07716,-43.98214,DEL01-MG,Risco Médio,Alta
segunda-feira,BR-101,215.0,Pleno dia,Crescente,Céu Claro,Dupla,Reta,-27.6601,-48.6774,DEL01-SC,Risco Médio,Alta
quarta-feira,BR-376,166.0,Pleno dia,Crescente,Céu Claro,Dupla,Reta,-23.39663,-52.00514,DEL09-PR,Risco Baixo,Baixa
quarta-feira,BR-116,56.7,Pleno dia,Decrescente,Sol,Dupla,Reta,-22.77302,-45.13578,DEL08-SP,Risco Médio,Alta
quarta-feira,BR-158,109.0,Pleno dia,Decrescente,Sol,Simples,Curva,-26.88547,-53.17472,DEL07-SC,Risco Médio,Baixa
segunda-feira,BR-277,594.3,Anoitecer,Crescente,Céu Claro,Simples,Reta,-24.97948,-53.49233,DEL04-PR,Risco Médio,Média
sexta-feira,BR-153,357.0,Pleno dia,Crescente,Céu Claro,Simples,Reta,-9.0348,-48.5074,DEL02-TO,Risco Baixo,Alta
terça-feira,BR-60,172.0,Plena Noite,Decrescente,Chuva,Dupla,Reta,-16.738,-49.4076,DEL01-GO,Risco Alto,Média
sexta-feira,BR-364,233.3,Pleno dia,Decrescente,Sol,Simples,Não Informado,-11.45961,-61.41797,DEL02-RO,Risco Médio,Alta
sexta-feira,BR-423,60.0,Pleno dia,Crescente,Nublado,Simples,Reta,-8.65394,-36.3211,DEL03-PE,Risco Médio,Baixa
domingo,BR-316,315.5,Pleno dia,Decrescente,Sol,Simples,Reta,-4.029052,-45.10593,DEL02-MA,Risco Médio,Baixa
domingo,BR-101,83.0,Plena Noite,Crescente,Garoa/Chuvisco,Dupla,Reta,-7.1399,-34.92294,DEL01-PB,Risco Médio,Alta
quarta-feira,BR-230,12.5,Pleno dia,Crescente,Céu Claro,Dupla,Reta,-7.076892,-34.84933,DEL01-PB,Risco Médio,Baixa
terça-feira,BR-153,502.8,Plena Noite,Decrescente,Céu Claro,Dupla,Reta,-16.7287,-49.2424,DEL01-GO,Risco Médio,Alta
terça-feira,BR-262,442.0,Pleno dia,Crescente,Chuva,Dupla,Reta,-19.88062,-44.91232,DEL08-MG,Risco Baixo,Média
quarta-feira,BR-116,102.0,Pleno dia,Crescente,Céu Claro,Dupla,Viaduto,-25.55064,-49.15025,DEL01-PR,Risco Médio,Alta
terça-feira,BR-116,23.7,Pleno dia,Decrescente,Garoa/Chuvisco,Dupla,Não Informado,-25.11307,-48.76318,DEL01-PR,Risco Baixo,Alta
sexta-feira,BR-356,54.5,Pleno dia,Decrescente,Chuva,Simples,Reta,-21.27364,-41.74522,DEL08-RJ,Risco Médio,Baixa
quarta-feira,BR-290,583.0,Plena Noite,Crescente,Céu Claro,Simples,Reta,-29.8131,-55.80668,DEL13-RS,Risco Médio,Baixa
domingo,BR-153,506.0,Pleno dia,Crescente,Céu Claro,Simples,Reta,-16.7633,-49.24,DEL01-GO,Risco Médio,Alta
domingo,BR-116,520.0,Pleno dia,Decrescente,Céu Claro,Simples,Curva,-19.7902,-42.13953,DEL06-MG,Risco Médio,Alta
domingo,BR-376,407.6,Amanhecer,Decrescente,Chuva,Dupla,Não Informado,-24.60159,-50.66437,DEL03-PR,Risco Médio,Baixa
sábado,BR-101,359.0,Plena Noite,Decrescente,Céu Claro,Simples,Reta,-28.65058,-49.10516,DEL02-SC,Risco Médio,Alta
sábado,BR-101,48.0,Pleno dia,Decrescente,Céu Claro,Dupla,Reta,-10.58662,-36.97002,DEL02-SE,Risco Médio,Alta
quarta-feira,BR-470,26.0,Anoitecer,Decrescente,Garoa/Chuvisco,Dupla,Reta,-26.8874,-48.87519,DEL04-SC,Risco Médio,Baixa
domingo,BR-452,34.0,Pleno dia,Decrescente,Céu Claro,Simples,Não Informado,-17.91618,-50.60943,DEL04-GO,Risco Médio,Baixa
domingo,BR-367,84.0,Plena Noite,Crescente,Céu Claro,Simples,Reta,-16.37465,-39.57943,DEL09-BA,Risco Médio,Baixa
sexta-feira,BR-364,660.0,Pleno dia,Crescente,Céu Claro,Simples,Reta,-8.774475,-63.48553,DEL01-RO,Risco Baixo,Alta
sábado,BR-470,52.0,Plena Noite,Crescente,Céu Claro,Simples,Curva,-26.86229,-49.0939,DEL04-SC,Risco Médio,Baixa
quarta-feira,BR-116,209.0,Pleno dia,Crescente,Céu Claro,Dupla,Reta,-23.42512,-46.40221,DEL01-SP,Risco Médio,Alta
quarta-feira,BR-376,174.5,Pleno dia,Decrescente,Céu Claro,Dupla,Reta,-23.41288,-51.94571,DEL07-PR,Risco Médio,Baixa
domingo,BR-222,4.9,Pleno dia,Decrescente,Céu Claro,Múltipla,Reta,-3.741648,-38.6045,DEL01-CE,Risco Médio,Baixa
quinta-feira,BR-369,158.1,Pleno dia,Crescente,Sol,Dupla,Não Informado,-23.28539,-51.23734,DEL07-PR,Risco Médio,Baixa
domingo,BR-146,582.0,Plena Noite,Crescente,Nevoeiro/Neblina,Simples,Reta,-21.6397,-46.40412,DEL09-MG,Risco Médio,Baixa
sábado,BR-381,903.5,Plena Noite,Decrescente,Céu Claro,Dupla,Curva,-22.68186,-46.1014,DEL16-MG,Risco Médio,Alta
quarta-feira,BR-376,4.6,Pleno dia,Decrescente,Céu Claro,Dupla,Reta,-23.51984,-51.68037,DEL09-PR,Risco Médio,Baixa
sábado,BR-290,120.0,Amanhecer,Crescente,Céu Claro,Simples,Reta,-30.0508,-51.4126,DEL02-RS,Risco Baixo,Baixa
quarta-feira,BR-101,475.0,Pleno dia,Crescente,Céu Claro,Simples,Curva,-23.00031,-44.25656,DEL03-RJ,Risco Médio,Alta
quinta-feira,BR-163,67.0,Pleno dia,Crescente,Céu Claro,Dupla,Reta,-26.75944,-53.50055,DEL07-SC,Risco Médio,Alta
segunda-feira,BR-153,499.0,Pleno dia,Crescente,Nublado,Dupla,Reta,-16.7033,-49.2311,DEL01-GO,Risco Médio,Alta
terça-feira,BR-80,131.0,Anoitecer,Decrescente,Chuva,Simples,Curva,-14.98367,-48.92538,DEL07-GO,Risco Médio,Baixa
sexta-feira,BR-135,42.7,Plena Noite,Crescente,Céu Claro,Dupla,Reta,-2.906306,-44.36038,DEL01-MA,Risco Baixo,Baixa
domingo,BR-101,86.0,Plena Noite,Crescente,Céu Claro,Dupla,Reta,-5.779576,-35.24866,DEL02-RN,Risco Baixo,Alta
quarta-feira,BR-116,119.0,Plena Noite,Crescente,Nublado,Dupla,Retorno Regulamentado,-25.42895,-49.26714,DEL01-PR,Risco Médio,Alta
sábado,BR-116,189.0,Pleno dia,Crescente,Céu Claro,Dupla,Reta,-22.73766,-43.49182,DEL01-RJ,Risco Médio,Alta
segunda-feira,BR-101,122.0,Pleno dia,Decrescente,Chuva,Dupla,Reta,-9.697709,-36.0323,DEL02-AL,Risco Baixo,Alta
segunda-feira,BR-392,11.7,Amanhecer,Decrescente,Céu Claro,Dupla,Reta,-32.1246,-52.13663,DEL07-RS,Risco Baixo,Média
sexta-feira,BR-174,13.5,Pleno dia,Decrescente,Céu Claro,Dupla,Interseção de vias,-12.73865,-60.13141,DEL04-RO,Risco Baixo,Baixa
terça-feira,BR-452,16.0,Pleno dia,Decrescente,Céu Claro,Simples,Reta,-17.85236,-50.76697,DEL04-GO,Risco Médio,Baixa
sábado,BR-70,6.5,Pleno dia,Decrescente,Céu Claro,Dupla,Reta,-15.78957,-48.11025,DEL01-DF,Risco Médio,Baixa
terça-feira,BR-230,127.0,Plena Noite,Crescente,Vento,Dupla,Não Informado,-7.24572,-35.6507,DEL02-PB,Risco Médio,Baixa
segunda-feira,BR-101,259.5,Pleno dia,Decrescente,Céu Claro,Dupla,Reta,-20.1384,-40.29221,DEL02-ES,Risco Médio,Alta
quarta-feira,BR-364,265.3,Plena Noite,Crescente,Céu Claro,Simples,Não Informado,-16.0044,-54.92002,DEL02-MT,Risco Médio,Alta
segunda-feira,BR-60,97.6,Plena Noite,Decrescente,Céu Claro,Dupla,Reta,-16.3774,-48.9483,DEL02-GO,Risco Médio,Média
quarta-feira,BR-251,301.4,Pleno dia,Crescente,Céu Claro,Simples,Reta,-16.13414,-42.2434,DEL11-MG,Risco Médio,Baixa
segunda-feira,BR-158,62.0,Plena Noite,Decrescente,Céu Claro,Simples,Reta,-19.44707,-51.35565,DEL08-MS,Risco Alto,Baixa
domingo,BR-116,12.0,Pleno dia,Crescente,Céu Claro,Simples,Reta,-26.17878,-49.86721,DEL06-SC,Risco Baixo,Alta
sábado,BR-40,12.4,Pleno dia,Decrescente,Céu Claro,Dupla,Reta,-16.15028,-47.94064,DEL01-DF,Risco Médio,Alta
sábado,BR-101,148.0,Pleno dia,Decrescente,Chuva,Múltipla,Reta,-27.10124,-48.61808,DEL04-SC,Risco Médio,Alta
quarta-feira,BR-174,570.0,Pleno dia,Crescente,Céu Claro,Simples,Curva,-13.01544,-59.93205,DEL04-RO,Risco Médio,Baixa
terça-feira,BR-116,272.9,Pleno dia,Decrescente,Céu Claro,Dupla,Reta,-23.61573,-46.78746,DEL04-SP,Risco Baixo,Alta
sábado,BR-116,202.4,Pleno dia,Crescente,Sol,Dupla,Reta,-22.72997,-43.61317,DEL01-RJ,Risco Alto,Alta
sexta-feira,BR-70,14.0,Anoitecer,Crescente,Céu Claro,Dupla,Reta,-15.79731,-48.17606,DEL01-DF,Risco Médio,Baixa
domingo,BR-116,66.8,Plena Noite,Crescente,Chuva,Simples,Reta,-22.28531,-42.9306,DEL04-RJ,Risco Médio,Alta
domingo,BR-153,209.0,Plena Noite,Decrescente,Nublado,Simples,Reta,-20.01234,-49.04622,DEL13-MG,Risco Médio,Alta
sexta-feira,BR-60,227.0,Pleno dia,Crescente,Sol,Dupla,Reta,-17.07287,-49.81081,DEL01-GO,Risco Baixo,Média
domingo,BR-101,791.2,Plena Noite,Decrescente,Nublado,Simples,Curva,-16.8902,-39.5197,DEL09-BA,Risco Médio,Alta
segunda-feira,BR-40,463.3,Pleno dia,Decrescente,Nublado,Dupla,Reta,-19.4327,-44.33599,DEL02-MG,Risco Médio,Alta
quarta-feira,BR-116,174.0,Pleno dia,Crescente,Céu Claro,Dupla,Não Informado,-23.32057,-46.09074,DEL02-SP,Risco Médio,Alta
segunda-feira,BR-448,12.0,Plena Noite,Decrescente,Ignorado,Múltipla,Reta,-29.88745,-51.24008,DEL01-RS,Risco Baixo,Baixa
quarta-feira,BR-101,395.0,Pleno dia,Crescente,Céu Claro,Dupla,Reta,-22.88237,-43.72206,DEL01-RJ,Risco Médio,Alta
segunda-feira,BR-316,260.7,Plena Noite,Crescente,Nublado,Simples,Interseção de vias,-9.587727,-35.87953,DEL02-AL,Risco Médio,Baixa
domingo,BR-381,83.0,Pleno dia,Decrescente,Chuva,Múltipla,Reta,-23.43097,-46.56998,DEL03-SP,Risco Baixo,Alta
domingo,BR-50,157.1,Pleno dia,Crescente,Nublado,Simples,Túnel,-19.62528,-48.01556,DEL13-MG,Risco Médio,Média
terça-feira,BR-316,83.0,Amanhecer,Crescente,Céu Claro,Simples,Não Informado,-9.366476,-37.26096,DEL03-AL,Risco Médio,Baixa
quinta-feira,BR-101,187.0,Pleno dia,Crescente,Chuva,Dupla,Curva,-27.443,-48.6284,DEL01-SC,Risco Baixo,Alta
sexta-feira,BR-376,176.8,Pleno dia,Crescente,Céu Claro,Dupla,Interseção de vias,-23.41247,-51.9324,DEL07-PR,Risco Médio,Baixa
domingo,BR-420,336.0,Plena Noite,Crescente,Céu Claro,Simples,Reta,-13.50803,-39.96065,DEL03-BA,Risco Alto,Baixa
sábado,BR-316,599.0,Plena Noite,Decrescente,Céu Claro,Simples,Reta,-5.021561,-42.96294,DEL03-MA,Risco Médio,Baixa
sexta-feira,BR-262,796.0,Pleno dia,Decrescente,Céu Claro,Simples,Reta,-19.76193,-47.85009,DEL13-MG,Risco Médio,Média
quinta-feira,BR-282,535.3,Pleno dia,Decrescente,Céu Claro,Simples,Interseção de vias,-26.99944,-52.64603,DEL07-SC,Risco Médio,Baixa
quarta-feira,BR-20,431.0,Pleno dia,Crescente,Nublado,Dupla,Curva,-3.872989,-38.48794,DEL01-CE,Risco Baixo,Baixa
domingo,BR-10,238.9,Plena Noite,Crescente,Céu Claro,Simples,Reta,-5.63,-47.406,DEL04-MA,Risco Médio,Baixa
segunda-feira,BR-116,142.1,Pleno dia,Crescente,Céu Claro,Dupla,Reta,-23.17349,-45.82816,DEL06-SP,Risco Médio,Alta
quinta-feira,BR-110,352.7,Pleno dia,Decrescente,Céu Claro,Simples,Reta,-12.25769,-38.38672,DEL01-BA,Risco Alto,Baixa
quinta-feira,BR-324,435.0,Pleno dia,Crescente,Céu Claro,Simples,Reta,-11.7944,-39.4156,DEL04-BA,Risco Médio,Baixa
terça-feira,BR-356,76.0,Plena Noite,Crescente,Nublado,Simples,Reta,-21.42921,-41.69336,DEL08-RJ,Risco Médio,Baixa
quinta-feira,BR-40,525.0,Pleno dia,Decrescente,Céu Claro,Dupla,Reta,-19.88362,-44.05039,DEL01-MG,Risco Médio,Alta
sexta-feira,BR-381,935.0,Pleno dia,Decrescente,Nublado,Dupla,Reta,-22.8085,-46.2759,DEL16-MG,Risco Baixo,Alta
terça-feira,BR-376,1.8,Pleno dia,Decrescente,Sol,Simples,Não Informado,-23.56925,-51.43067,DEL07-PR,Risco Médio,Baixa
quinta-feira,BR-163,848.0,Pleno dia,Crescente,Sol,Simples,Reta,-11.73623,-55.46271,DEL06-MT,Risco Médio,Alta
sábado,BR-116,79.2,Pleno dia,Crescente,Céu Claro,Simples,Não Informado,-22.40619,-42.95152,DEL04-RJ,Risco Médio,Alta
quinta-feira,BR-324,581.0,Pleno dia,Decrescente,Céu Claro,Dupla,Curva,-12.61422,-38.48676,DEL01-BA,Risco Baixo,Baixa
quarta-feira,BR-153,491.1,Anoitecer,Crescente,Sol,Dupla,Reta,-16.639,-49.2063,DEL01-GO,Risco Médio,Alta
sábado,BR-277,112.6,Pleno dia,Crescente,Céu Claro,Dupla,Reta,-25.44668,-49.47796,DEL01-PR,Risco Alto,Média
segunda-feira,BR-116,97.4,Amanhecer,Crescente,Céu Claro,Simples,Reta,-4.517176,-38.3326,DEL03-CE,Risco Médio,Alta
quinta-feira,BR-428,24.1,Plena Noite,Crescente,Céu Claro,Simples,Reta,-8.48507,-39.43373,DEL05-PE,Risco Alto,Baixa
terça-feira,BR-452,182.0,Plena Noite,Crescente,Céu Claro,Simples,Interseção de vias,-18.386,-49.34162,DEL03-GO,Risco Médio,Baixa
segunda-feira,BR-116,133.0,Plena Noite,Crescente,Céu Claro,Dupla,Reta,-22.6472,-43.18632,DEL04-RJ,Risco Médio,Alta
quarta-feira,BR-116,302.0,Pleno dia,Crescente,Céu Claro,Dupla,Reta,-22.45012,-44.33019,DEL07-RJ,Risco Médio,Alta
terça-feira,BR-381,863.5,Plena Noite,Crescente,Céu Claro,Múltipla,Não Informado,-22.3478,-45.9265,DEL16-MG,Risco Baixo,Alta
quarta-feira,BR-280,57.5,Pleno dia,Crescente,Céu Claro,Simples,Rotatória,-26.47811,-49.01259,DEL03-SC,Risco Médio,Baixa
terça-feira,BR-386,229.0,Pleno dia,Decrescente,Céu Claro,Simples,Reta,-28.7034,-52.5845,DEL04-RS,Risco Baixo,Média
domingo,BR-163,675.0,Plena Noite,Crescente,Céu Claro,Simples,Reta,-13.2821,-56.02988,DEL06-MT,Risco Médio,Alta
sábado,BR-116,211.0,Plena Noite,Crescente,Chuva,Simples,Não Informado,-27.5104,-50.36398,DEL05-SC,Risco Médio,Alta
segunda-feira,BR-101,83.9,Pleno dia,Decrescente,Céu Claro,Dupla,Reta,-5.771045,-35.26617,DEL02-RN,Risco Médio,Alta
domingo,BR-376,203.2,Pleno dia,Crescente,Céu Claro,Dupla,Desvio Temporário,-23.50951,-51.7214,DEL09-PR,Risco Médio,Baixa
quinta-feira,BR-381,451.0,Plena Noite,Crescente,Céu Claro,Simples,Reta,-19.83211,-43.84539,DEL01-MG,Risco Médio,Alta
quinta-feira,BR-101,241.0,Pleno dia,Crescente,Chuva,Simples,Curva,-20.0239,-40.39998,DEL02-ES,Risco Médio,Alta
sábado,BR-70,521.0,Anoitecer,Decrescente,Céu Claro,Simples,Interseção de vias,-15.6478,-56.1332,DEL01-MT,Risco Médio,Baixa
terça-feira,BR-287,237.3,Pleno dia,Decrescente,Céu Claro,Simples,Interseção de vias,-29.70729,-53.75031,DEL09-RS,Risco Médio,Baixa
domingo,BR-101,401.0,Pleno dia,Crescente,Céu Claro,Dupla,Curva,-22.84853,-43.77999,DEL01-RJ,Risco Médio,Alta
sexta-feira,BR-101,32.3,Plena Noite,Crescente,Céu Claro,Dupla,Não Informado,-26.24779,-48.90989,DEL03-SC,Risco Alto,Alta
sábado,BR-262,575.4,Anoitecer,Decrescente,Céu Claro,Simples,Curva,-19.69297,-46.03638,DEL08-MG,Risco Médio,Média
quarta-feira,BR-101,315.0,Pleno dia,Decrescente,Sol,Dupla,Reta,-22.82262,-43.08461,DEL02-RJ,Risco Médio,Alta
terça-feira,BR-101,135.1,Pleno dia,Crescente,Chuva,Simples,Curva,-9.788349,-36.10509,DEL02-AL,Risco Médio,Alta
quarta-feira,BR-116,247.0,Plena Noite,Crescente,Céu Claro,Dupla,Curva,-29.76738,-51.15352,DEL01-RS,Risco Médio,Alta
segunda-feira,BR-343,590.6,Pleno dia,Crescente,Céu Claro,Dupla,Rotatória,-6.783895,-43.0151,DEL03-PI,Risco Médio,Baixa
sábado,BR-70,524.0,Plena Noite,Crescente,Chuva,Simples,Reta,-15.64921,-56.19486,DEL01-MT,Risco Médio,Baixa
quarta-feira,BR-364,17.0,Pleno dia,Decrescente,Céu Claro,Simples,Reta,-17.22241,-53.32453,DEL02-MT,Risco Baixo,Alta
domingo,BR-60,91.9,Pleno dia,Crescente,Céu Claro,Múltipla,Reta,-16.353,-48.9178,DEL02-GO,Risco Médio,Média
sexta-feira,BR-116,475.9,Plena Noite,Crescente,Céu Claro,Simples,Reta,-31.35891,-52.07794,DEL07-RS,Risco Médio,Alta
sábado,BR-116,86.0,Plena Noite,Crescente,Chuva,Simples,Curva,-22.43671,-42.94971,DEL04-RJ,Risco Médio,Alta
sexta-feira,BR-304,114.9,Plena Noite,Decrescente,Nublado,Simples,Reta,-5.614417,-36.89591,DEL04-RN,Risco Baixo,Baixa
domingo,BR-101,146.0,Anoitecer,Decrescente,Nublado,Dupla,Curva,-9.873829,-36.13882,DEL02-AL,Risco Médio,Alta
domingo,BR-101,365.0,Plena Noite,Decrescente,Céu Claro,Dupla,Reta,-28.6829,-49.14759,DEL02-SC,Risco Médio,Alta
sábado,BR-153,393.0,Plena Noite,Decrescente,Céu Claro,Simples,Reta,-9.349896,-48.54067,DEL02-TO,Risco Médio,Alta
sexta-feira,BR-101,260.5,Pleno dia,Decrescente,Chuva,Dupla,Curva,-20.14616,-40.28836,DEL02-ES,Risco Médio,Alta
quarta-feira,BR-70,516.0,Pleno dia,Decrescente,Céu Claro,Simples,Interseção de vias,-15.70196,-56.15915,DEL01-MT,Risco Médio,Baixa
sábado,BR-381,445.5,Pleno dia,Crescente,Céu Claro,Simples,Reta,-19.8236,-43.82539,DEL01-MG,Risco Médio,Alta
domingo,BR-158,695.5,Pleno dia,Crescente,Céu Claro,Simples,Curva,-15.01742,-52.24983,DEL07-MT,Risco Médio,Baixa
domingo,BR-101,350.4,Pleno dia,Decrescente,Chuva,Dupla,Curva,-28.59145,-49.04481,DEL02-SC,Risco Médio,Alta
quinta-feira,BR-324,430.0,Pleno dia,Decrescente,Céu Claro,Simples,Reta,-11.77162,-39.45395,DEL04-BA,Risco Alto,Baixa
domingo,BR-116,200.0,Pleno dia,Decrescente,Céu Claro,Dupla,Reta,-22.72608,-43.65209,DEL01-RJ,Risco Médio,Alta
sexta-feira,BR-316,241.0,Pleno dia,Decrescente,Céu Claro,Simples,Reta,-6.661046,-41.71767,DEL04-PI,Risco Médio,Baixa
segunda-feira,BR-277,654.0,Anoitecer,Crescente,Céu Claro,Simples,Não Informado,-25.22232,-53.95132,DEL05-PR,Risco Médio,Média
domingo,BR-369,187.6,Plena Noite,Crescente,Céu Claro,Simples,Reta,-23.4291,-51.42296,DEL07-PR,Risco Baixo,Baixa
segunda-feira,BR-101,192.0,Pleno dia,Crescente,Céu Claro,Dupla,Reta,-22.46797,-42.07127,DEL02-RJ,Risco Médio,Alta
quarta-feira,BR-101,287.0,Pleno dia,Decrescente,Céu Claro,Dupla,Curva,-20.26494,-40.38472,DEL01-ES,Risco Médio,Alta
segunda-feira,BR-101,481.7,Pleno dia,Crescente,Garoa/Chuvisco,Simples,Reta,-23.00453,-44.29746,DEL03-RJ,Risco Médio,Alta
sexta-feira,BR-116,246.0,Plena Noite,Decrescente,Garoa/Chuvisco,Simples,Reta,-27.81288,-50.32722,DEL05-SC,Risco Baixo,Alta
terça-feira,BR-476,140.0,Pleno dia,Crescente,Sol,Múltipla,Reta,-25.51677,-49.29192,DEL01-PR,Risco Baixo,Baixa
sexta-feira,BR-476,118.0,Amanhecer,Crescente,Nublado,Dupla,Reta,-25.35634,-49.18083,DEL01-PR,Risco Médio,Baixa