dia_semana,br,km,fase_dia,sentido_via,condicao_metereologica,tipo_pista,tracado_via,latitude,longitude,delegacia,classificacao_acidente,postos_policiais_PRF
sábado,BR-50,80.0,Plena Noite,Crescente,Céu Claro,Dupla,Viaduto,-18.96994,-48.2159,DEL15-MG,Risco Médio,Média
segunda-feira,BR-101,266.2,Pleno dia,Crescente,Céu Claro,Múltipla,Reta,-20.193,-40.26875,DEL02-ES,Risco Médio,Alta
quarta-feira,BR-381,60.0,Pleno dia,Decrescente,Sol,Dupla,Não Informado,-23.28958,-46.5873,DEL03-SP,Risco Médio,Alta
sexta-feira,BR-101,410.7,Plena Noite,Crescente,Céu Claro,Dupla,Reta,-22.89579,-43.85187,DEL03-RJ,Risco Médio,Alta
sábado,BR-70,468.0,Pleno dia,Crescente,Céu Claro,Simples,Desvio Temporário,-15.89594,-52.25303,DEL04-GO,Risco Médio,Baixa
quinta-feira,BR-414,432.4,Anoitecer,Decrescente,Céu Claro,Simples,Não Informado,-16.22186,-48.92315,DEL02-GO,Risco Médio,Baixa
sábado,BR-70,730.9,Plena Noite,Crescente,Nublado,Simples,Reta,-16.15478,-57.61816,DEL03-MT,Risco Médio,Baixa
domingo,BR-135,434.0,Pleno dia,Decrescente,Céu Claro,Simples,Reta,-9.5543,-44.7588,DEL03-PI,Risco Médio,Baixa
domingo,BR-116,98.0,Plena Noite,Crescente,Nublado,Simples,Reta,-25.54749,-49.15159,DEL01-PR,Risco Médio,Alta
domingo,BR-163,718.3,Pleno dia,Crescente,Céu Claro,Simples,Reta,-12.83216,-55.82391,DEL06-MT,Risco Baixo,Alta
quarta-feira,BR-476,125.0,Pleno dia,Crescente,Céu Claro,Dupla,Não Informado,-25.4083,-49.21966,DEL01-PR,Risco Médio,Baixa
domingo,BR-116,135.0,Pleno dia,Decrescente,Chuva,Dupla,Reta,-22.64661,-43.2012,DEL02-RJ,Risco Médio,Alta
quinta-feira,BR-20,419.0,Pleno dia,Crescente,Sol,Simples,Não Informado,-3.843537,-38.58628,DEL01-CE,Risco Baixo,Baixa
quinta-feira,BR-116,178.2,Pleno dia,Decrescente,Céu Claro,Simples,Rotatória,-17.06907,-41.48282,DEL11-MG,Risco Médio,Alta
sábado,BR-101,60.8,Pleno dia,Decrescente,Céu Claro,Dupla,Não Informado,-7.013,-35.061,DEL01-PB,Risco Médio,Alta
domingo,BR-174,98.0,Anoitecer,Decrescente,Céu Claro,Simples,Reta,-15.84804,-57.85099,DEL03-MT,Risco Médio,Baixa
sexta-feira,BR-116,309.0,Plena Noite,Crescente,Céu Claro,Dupla,Reta,-22.46339,-44.48502,DEL07-RJ,Risco Baixo,Alta
sábado,BR-135,21.9,Plena Noite,Decrescente,Céu Claro,Dupla,Reta,-2.53073,-44.3068,DEL01-MA,Risco Médio,Baixa
terça-feira,BR-116,221.0,Pleno dia,Decrescente,Nublado,Simples,Curva,-22.69315,-43.78279,DEL07-RJ,Risco Baixo,Alta
terça-feira,BR-153,172.0,Plena Noite,Crescente,Chuva,Dupla,Não Informado,-19.78523,-48.96606,DEL13-MG,Risco Médio,Alta
domingo,BR-459,23.3,Pleno dia,Crescente,Chuva,Simples,Reta,-21.88711,-46.38743,DEL09-MG,Risco Médio,Baixa
domingo,BR-40,707.9,Pleno dia,Decrescente,Céu Claro,Dupla,Curva,-21.23788,-43.70859,DEL05-MG,Risco Médio,Alta
domingo,BR-290,144.0,Pleno dia,Decrescente,Céu Claro,Simples,Reta,-30.0982,-51.6508,DEL02-RS,Risco Médio,Baixa
domingo,BR-280,27.0,Plena Noite,Decrescente,Chuva,Simples,Não Informado,-26.39686,-48.74022,DEL03-SC,Risco Médio,Baixa
quarta-feira,BR-343,339.3,Pleno dia,Crescente,Céu Claro,Dupla,Reta,-5.067146,-42.73096,DEL01-PI,Risco Médio,Baixa
quarta-feira,BR-369,185.0,Plena Noite,Decrescente,Céu Claro,Simples,Não Informado,-23.40319,-51.42804,DEL07-PR,Risco Médio,Baixa
terça-feira,BR-365,160.8,Pleno dia,Crescente,Céu Claro,Simples,Rotatória,-17.36144,-44.91968,DEL12-MG,Risco Médio,Média
quinta-feira,BR-381,606.5,Pleno dia,Decrescente,Céu Claro,Dupla,Curva,-20.6525,-44.7356,DEL04-MG,Risco Médio,Alta
segunda-feira,BR-40,38.0,Pleno dia,Decrescente,Chuva,Dupla,Curva,-22.22751,-43.11963,DEL06-RJ,Risco Baixo,Alta
terça-feira,BR-316,65.0,Pleno dia,Crescente,Céu Claro,Dupla,Reta,-1.295044,-47.8975,DEL01-PA,Risco Médio,Baixa
quarta-feira,BR-116,303.0,Plena Noite,Crescente,Céu Claro,Simples,Reta,-22.45435,-44.37845,DEL07-RJ,Risco Médio,Alta
quarta-feira,BR-101,53.4,Pleno dia,Crescente,Nublado,Dupla,Curva,-29.63086,-50.10144,DEL03-RS,Risco Baixo,Alta
sábado,BR-287,409.0,Pleno dia,Crescente,Céu Claro,Simples,Rotatória,-29.09538,-54.92258,DEL12-RS,Risco Médio,Baixa
segunda-feira,BR-267,120.9,Plena Noite,Decrescente,Chuva,Simples,Reta,-21.71024,-43.49328,DEL05-MG,Risco Médio,Baixa
quinta-feira,BR-116,708.2,Plena Noite,Decrescente,Nublado,Simples,Reta,-21.16329,-42.37969,DEL07-MG,Risco Médio,Alta
segunda-feira,BR-282,16.0,Pleno dia,Crescente,Céu Claro,Simples,Reta,-27.65861,-48.68185,DEL01-SC,Risco Médio,Baixa
sexta-feira,BR-116,4.5,Pleno dia,Crescente,Céu Claro,Simples,Reta,-26.139,-49.81267,DEL06-SC,Risco Médio,Alta
quinta-feira,BR-277,469.0,Pleno dia,Decrescente,Garoa/Chuvisco,Simples,Reta,-25.33808,-52.50499,DEL04-PR,Risco Baixo,Média
terça-feira,BR-381,843.0,Pleno dia,Crescente,Nevoeiro/Neblina,Dupla,Reta,-22.1964,-45.8509,DEL16-MG,Risco Baixo,Alta
terça-feira,BR-287,237.2,Pleno dia,Decrescente,Céu Claro,Simples,Rotatória,-29.70747,-53.74982,DEL09-RS,Risco Médio,Baixa
segunda-feira,BR-463,44.8,Pleno dia,Crescente,Céu Claro,Simples,Reta,-22.3393,-55.19621,DEL04-MS,Risco Médio,Baixa
quinta-feira,BR-381,845.8,Plena Noite,Crescente,Céu Claro,Dupla,Curva,-22.23699,-45.87929,DEL16-MG,Risco Médio,Alta
quinta-feira,BR-163,351.5,Pleno dia,Decrescente,Céu Claro,Simples,Ponte,-24.21376,-54.19959,DEL06-PR,Risco Médio,Alta
sábado,BR-101,313.0,Plena Noite,Decrescente,Céu Claro,Dupla,Reta,-22.81049,-43.06983,DEL02-RJ,Risco Baixo,Alta
domingo,BR-470,68.5,Plena Noite,Crescente,Céu Claro,Simples,Reta,-26.8713,-49.22975,DEL04-SC,Risco Médio,Baixa
quinta-feira,BR-369,174.0,Pleno dia,Decrescente,Céu Claro,Dupla,Não Informado,-23.32152,-51.38272,DEL07-PR,Risco Médio,Baixa
sexta-feira,BR-235,49.5,Pleno dia,Crescente,Garoa/Chuvisco,Simples,Reta,-10.71622,-37.42167,DEL01-SE,Risco Médio,Baixa
sábado,BR-376,418.0,Plena Noite,Decrescente,Nublado,Dupla,Reta,-24.66032,-50.60939,DEL03-PR,Risco Baixo,Baixa
sábado,BR-381,84.0,Plena Noite,Crescente,Nublado,Dupla,Reta,-23.43937,-46.56807,DEL03-SP,Risco Baixo,Alta
sábado,BR-365,757.0,Plena Noite,Crescente,Nublado,Dupla,Rotatória,-18.94015,-49.44666,DEL15-MG,Risco Médio,Média
domingo,BR-242,371.0,Plena Noite,Crescente,Nublado,Simples,Desvio Temporário,-11.76045,-48.9938,DEL01-TO,Risco Alto,Baixa
sexta-feira,BR-40,530.6,Pleno dia,Crescente,Nublado,Dupla,Curva,-19.92065,-44.03357,DEL01-MG,Risco Médio,Alta
quarta-feira,BR-376,65.0,Plena Noite,Crescente,Nublado,Simples,Não Informado,-22.92863,-52.79567,DEL07-PR,Risco Médio,Baixa
quinta-feira,BR-242,280.0,Amanhecer,Decrescente,Nublado,Simples,Reta,-12.44562,-40.72293,DEL06-BA,Risco Médio,Baixa
domingo,BR-285,594.0,Pleno dia,Crescente,Céu Claro,Simples,Reta,-28.48789,-55.23064,DEL12-RS,Risco Médio,Baixa
domingo,BR-101,24.0,Pleno dia,Decrescente,Céu Claro,Dupla,Reta,-26.17483,-48.90768,DEL03-SC,Risco Médio,Alta
segunda-feira,BR-158,629.0,Pleno dia,Decrescente,Nublado,Simples,Reta,-14.52499,-52.30291,DEL07-MT,Risco Baixo,Baixa
quarta-feira,BR-101,130.5,Pleno dia,Decrescente,Céu Claro,Múltipla,Reta,-26.98408,-48.66977,DEL04-SC,Risco Médio,Alta
quarta-feira,BR-101,307.0,Pleno dia,Crescente,Céu Claro,Dupla,Reta,-22.7909,-43.0146,DEL02-RJ,Risco Médio,Alta
quinta-feira,BR-287,330.0,Pleno dia,Decrescente,Sol,Simples,Não Informado,-29.68462,-54.66533,DEL12-RS,Risco Médio,Baixa
domingo,BR-364,136.3,Pleno dia,Decrescente,Céu Claro,Dupla,Reta,-9.975043,-67.85025,DEL01-AC,Risco Médio,Alta
quarta-feira,BR-116,118.0,Plena Noite,Crescente,Céu Claro,Simples,Curva,-28.99136,-51.06761,DEL05-RS,Risco Baixo,Alta
quarta-feira,BR-343,242.0,Anoitecer,Decrescente,Nublado,Simples,Reta,-4.6481,-42.0446,DEL01-PI,Risco Baixo,Baixa
domingo,BR-116,127.0,Anoitecer,Crescente,Céu Claro,Dupla,Reta,-23.10991,-45.70246,DEL02-SP,Risco Médio,Alta
domingo,BR-101,92.5,Pleno dia,Crescente,Céu Claro,Simples,Reta,-26.69073,-48.69696,DEL03-SC,Risco Médio,Alta
sábado,BR-116,458.7,Pleno dia,Decrescente,Céu Claro,Dupla,Reta,-24.7102,-47.884,DEL05-SP,Risco Médio,Alta
segunda-feira,BR-101,402.0,Plena Noite,Decrescente,Chuva,Dupla,Reta,-22.85437,-43.7844,DEL01-RJ,Risco Médio,Alta
quinta-feira,BR-116,460.0,Pleno dia,Crescente,Céu Claro,Simples,Curva,-11.66755,-39.00149,DEL02-BA,Risco Médio,Alta
sexta-feira,BR-290,444.1,Plena Noite,Decrescente,Céu Claro,Simples,Reta,-30.257,-54.55818,DEL11-RS,Risco Médio,Baixa
sexta-feira,BR-470,1.0,Pleno dia,Decrescente,Nublado,Dupla,Reta,-26.87538,-48.66828,DEL04-SC,Risco Médio,Baixa
sexta-feira,BR-290,144.0,Plena Noite,Decrescente,Céu Claro,Simples,Reta,-30.09694,-51.64728,DEL02-RS,Risco Médio,Baixa
terça-feira,BR-230,21.4,Plena Noite,Crescente,Céu Claro,Dupla,Curva,-7.1415,-34.8519,DEL01-PB,Risco Médio,Baixa
domingo,BR-262,85.7,Plena Noite,Crescente,Céu Claro,Simples,Reta,-20.6228,-52.3656,DEL07-MS,Risco Alto,Média
quinta-feira,BR-230,166.4,Pleno dia,Crescente,Sol,Simples,Curva,-7.1976,-35.955,DEL02-PB,Risco Médio,Baixa
domingo,BR-470,231.0,Pleno dia,Decrescente,Chuva,Simples,Não Informado,-29.28774,-51.48902,DEL06-RS,Risco Baixo,Baixa
sábado,BR-153,80.6,Pleno dia,Decrescente,Céu Claro,Simples,Não Informado,-19.06521,-49.00663,DEL15-MG,Risco Alto,Alta
segunda-feira,BR-280,31.5,Pleno dia,Crescente,Garoa/Chuvisco,Simples,Rotatória,-26.41801,-48.77793,DEL03-SC,Risco Baixo,Baixa
sábado,BR-153,213.2,Anoitecer,Crescente,Nublado,Simples,Curva,-7.764062,-48.45726,DEL02-TO,Risco Médio,Alta
sexta-feira,BR-364,236.9,Pleno dia,Crescente,Céu Claro,Simples,Reta,-11.44241,-61.44813,DEL02-RO,Risco Médio,Alta
sexta-feira,BR-101,122.7,Pleno dia,Crescente,Garoa/Chuvisco,Dupla,Não Informado,-7.457802,-34.98095,DEL01-PB,Risco Médio,Alta
quarta-feira,BR-60,166.0,Pleno dia,Decrescente,Céu Claro,Simples,Reta,-16.71387,-49.35929,DEL01-GO,Risco Médio,Média
sexta-feira,BR-262,810.0,Anoitecer,Crescente,Céu Claro,Dupla,Reta,-19.77073,-47.97465,DEL13-MG,Risco Médio,Média
sábado,BR-116,703.2,Plena Noite,Crescente,Nublado,Simples,Reta,-21.12682,-42.38322,DEL07-MG,Risco Médio,Alta
sábado,BR-101,264.0,Amanhecer,Crescente,Céu Claro,Simples,Curva,-20.1917,-40.2685,DEL02-ES,Risco Médio,Alta
segunda-feira,BR-40,565.0,Pleno dia,Decrescente,Sol,Dupla,Reta,-20.1784,-43.9663,DEL01-MG,Risco Médio,Alta
quarta-feira,BR-408,100.7,Pleno dia,Crescente,Céu Claro,Dupla,Reta,-8.00352,-35.0214,DEL01-PE,Risco Baixo,Baixa
quarta-feira,BR-101,268.0,Amanhecer,Crescente,Nevoeiro/Neblina,Dupla,Reta,-22.7113,-42.66923,DEL02-RJ,Risco Médio,Alta
quinta-feira,BR-465,2.0,Pleno dia,Crescente,Céu Claro,Simples,Reta,-22.72727,-43.71871,DEL01-RJ,Risco Alto,Baixa
sábado,BR-70,10.5,Plena Noite,Crescente,Nublado,Dupla,Reta,-15.73738,-48.29228,DEL01-DF,Risco Baixo,Baixa
quinta-feira,BR-40,6.0,Pleno dia,Decrescente,Nublado,Dupla,Interseção de vias,-16.09827,-47.97854,DEL01-DF,Risco Médio,Alta
terça-feira,BR-282,28.3,Plena Noite,Decrescente,Nublado,Simples,Rotatória,-27.67478,-48.7789,DEL01-SC,Risco Médio,Baixa
terça-feira,BR-101,333.0,Pleno dia,Crescente,Céu Claro,Múltipla,Reta,-22.87828,-43.21054,DEL02-RJ,Risco Médio,Alta
segunda-feira,BR-232,11.1,Pleno dia,Decrescente,Céu Claro,Dupla,Reta,-8.081955,-34.99545,DEL01-PE,Risco Médio,Baixa
sexta-feira,BR-101,180.0,Amanhecer,Decrescente,Chuva,Simples,Não Informado,-12.43205,-38.91334,DEL01-BA,Risco Baixo,Alta
terça-feira,BR-153,206.8,Amanhecer,Decrescente,Céu Claro,Simples,Reta,-7.711741,-48.44046,DEL02-TO,Risco Baixo,Alta
segunda-feira,BR-116,188.0,Pleno dia,Decrescente,Céu Claro,Dupla,Reta,-22.80413,-43.35116,DEL01-RJ,Risco Médio,Alta
terça-feira,BR-476,132.0,Plena Noite,Decrescente,Nublado,Múltipla,Reta,-25.46102,-49.25042,DEL01-PR,Risco Médio,Baixa
quinta-feira,BR-470,81.1,Pleno dia,Crescente,Nublado,Simples,Curva,-26.95161,-49.32681,DEL04-SC,Risco Alto,Baixa
domingo,BR-80,94.3,Plena Noite,Decrescente,Céu Claro,Simples,Reta,-15.20846,-48.70087,DEL07-GO,Risco Médio,Baixa
segunda-feira,BR-364,1023.0,Plena Noite,Crescente,Nublado,Simples,Desvio Temporário,-9.746264,-66.20135,DEL01-RO,Risco Alto,Alta
domingo,BR-364,430.0,Pleno dia,Decrescente,Céu Claro,Simples,Reta,-10.40648,-62.51644,DEL03-RO,Risco Médio,Alta
sábado,BR-381,485.0,Pleno dia,Decrescente,Céu Claro,Dupla,Não Informado,-19.95659,-44.12623,DEL01-MG,Risco Médio,Alta
terça-feira,BR-381,81.0,Pleno dia,Crescente,Nublado,Múltipla,Reta,-23.41925,-46.57907,DEL03-SP,Risco Médio,Alta
sexta-feira,BR-163,18.4,Pleno dia,Decrescente,Céu Claro,Simples,Não Informado,-26.1843,-53.66049,DEL02-PR,Risco Médio,Alta
segunda-feira,BR-101,502.0,Pleno dia,Decrescente,Nublado,Simples,Reta,-14.76391,-39.30122,DEL05-BA,Risco Baixo,Alta
segunda-feira,BR-343,470.0,Plena Noite,Decrescente,Céu Claro,Simples,Reta,-6.076855,-42.73269,DEL01-PI,Risco Baixo,Baixa
domingo,BR-40,714.0,Pleno dia,Decrescente,Céu Claro,Dupla,Reta,-21.2483,-43.67987,DEL05-MG,Risco Médio,Alta
terça-feira,BR-163,1110.0,Plena Noite,Decrescente,Céu Claro,Simples,Reta,-9.717809,-54.87809,DEL06-MT,Risco Baixo,Alta
terça-feira,BR-101,199.0,Pleno dia,Decrescente,Chuva,Dupla,Reta,-22.47447,-42.18149,DEL02-RJ,Risco Baixo,Alta
quarta-feira,BR-277,586.2,Pleno dia,Crescente,Nublado,Simples,Reta,-24.97398,-53.39133,DEL04-PR,Risco Médio,Média
quarta-feira,BR-493,3.2,Anoitecer,Crescente,Ignorado,Dupla,Reta,-22.75253,-42.9416,DEL02-RJ,Risco Médio,Baixa
terça-feira,BR-163,1004.0,Pleno dia,Crescente,Sol,Dupla,Interseção de vias,-2.434134,-54.7337,DEL05-PA,Risco Médio,Alta
segunda-feira,BR-116,227.9,Pleno dia,Crescente,Sol,Múltipla,Reta,-23.49659,-46.55649,DEL01-SP,Risco Médio,Alta
quinta-feira,BR-267,56.3,Pleno dia,Crescente,Céu Claro,Simples,Curva,-21.72321,-43.02099,DEL07-MG,Risco Médio,Baixa
quinta-feira,BR-232,33.4,Amanhecer,Decrescente,Céu Claro,Múltipla,Reta,-8.10539,-35.17523,DEL01-PE,Risco Baixo,Baixa
terça-feira,BR-476,157.8,Pleno dia,Decrescente,Céu Claro,Simples,Interseção de vias,-25.60639,-49.42111,DEL01-PR,Risco Médio,Baixa
sexta-feira,BR-135,280.0,Plena Noite,Decrescente,Céu Claro,Simples,Reta,-8.5801,-43.9825,DEL03-PI,Risco Médio,Baixa
sexta-feira,BR-101,506.0,Pleno dia,Crescente,Céu Claro,Simples,Não Informado,-14.80166,-39.29234,DEL05-BA,Risco Médio,Alta
sexta-feira,BR-116,35.0,Anoitecer,Decrescente,Chuva,Múltipla,Reta,-22.6588,-44.9665,DEL08-SP,Risco Baixo,Alta
domingo,BR-153,104.0,Plena Noite,Crescente,Chuva,Simples,Não Informado,-19.26347,-48.9226,DEL15-MG,Risco Médio,Alta
sexta-feira,BR-381,332.0,Plena Noite,Crescente,Chuva,Simples,Interseção de vias,-19.77562,-43.04532,DEL03-MG,Risco Médio,Alta
quarta-feira,BR-20,422.0,Pleno dia,Crescente,Céu Claro,Dupla,Reta,-3.855386,-38.55409,DEL01-CE,Risco Médio,Baixa
segunda-feira,BR-222,5.0,Pleno dia,Decrescente,Céu Claro,Múltipla,Reta,-3.742969,-38.61331,DEL01-CE,Risco Baixo,Baixa
sábado,BR-116,165.0,Pleno dia,Crescente,Chuva,Simples,Curva,-25.87579,-49.48817,DEL01-PR,Risco Médio,Alta
domingo,BR-476,312.6,Anoitecer,Decrescente,Céu Claro,Simples,Curva,-26.02461,-50.67159,DEL02-PR,Risco Alto,Baixa
sábado,BR-101,107.4,Pleno dia,Decrescente,Sol,Simples,Reta,-12.1438,-38.3922,DEL01-BA,Risco Baixo,Alta
sábado,BR-50,182.0,Pleno dia,Decrescente,Céu Claro,Dupla,Reta,-19.7924,-47.9122,DEL13-MG,Risco Médio,Média
quinta-feira,BR-376,653.1,Pleno dia,Crescente,Nublado,Dupla,Curva,-25.84439,-49.05561,DEL01-PR,Risco Médio,Baixa
quarta-feira,BR-262,34.0,Plena Noite,Crescente,Chuva,Simples,Curva,-20.37301,-40.59288,DEL01-ES,Risco Médio,Média
sábado,BR-153,506.0,Pleno dia,Decrescente,Céu Claro,Dupla,Reta,-16.7537,-49.2411,DEL01-GO,Risco Médio,Alta
quinta-feira,BR-20,427.9,Plena Noite,Decrescente,Nublado,Dupla,Reta,-3.867311,-38.51176,DEL01-CE,Risco Médio,Baixa
terça-feira,BR-476,84.0,Pleno dia,Crescente,Nublado,Dupla,Reta,-25.4558,-49.24112,DEL01-PR,Risco Médio,Baixa
quinta-feira,BR-467,79.0,Pleno dia,Decrescente,Sol,Dupla,Reta,-24.7786,-53.6791,DEL04-PR,Risco Médio,Baixa
segunda-feira,BR-116,65.0,Pleno dia,Crescente,Céu Claro,Simples,Curva,-22.27707,-42.92764,DEL04-RJ,Risco Médio,Alta
sábado,BR-290,40.6,Pleno dia,Decrescente,Céu Claro,Múltipla,Reta,-29.88628,-50.6586,DEL03-RS,Risco Alto,Baixa
terça-feira,BR-262,546.5,Plena Noite,Decrescente,Garoa/Chuvisco,Simples,Desvio Temporário,-19.74019,-45.86035,DEL08-MG,Risco Médio,Média
quarta-feira,BR-101,63.0,Pleno dia,Crescente,Céu Claro,Dupla,Não Informado,-7.027109,-35.0599,DEL01-PB,Risco Médio,Alta
quarta-feira,BR-116,64.5,Pleno dia,Crescente,Céu Claro,Dupla,Reta,-22.82082,-45.1881,DEL08-SP,Risco Médio,Alta
sexta-feira,BR-376,123.0,Plena Noite,Crescente,Céu Claro,Dupla,Reta,-23.1354,-52.2933,DEL07-PR,Risco Médio,Baixa
quinta-feira,BR-101,417.5,Pleno dia,Crescente,Nublado,Simples,Curva,-20.95182,-41.09033,DEL03-ES,Risco Médio,Alta
terça-feira,BR-470,138.7,Pleno dia,Crescente,Chuva,Simples,Reta,-27.23832,-49.64692,DEL04-SC,Risco Médio,Baixa
sexta-feira,BR-101,265.0,Pleno dia,Crescente,Céu Claro,Dupla,Reta,-20.18168,-40.26536,DEL02-ES,Risco Médio,Alta
segunda-feira,BR-386,73.8,Pleno dia,Crescente,Céu Claro,Simples,Interseção de vias,-27.68638,-53.30767,DEL08-RS,Risco Médio,Média
terça-feira,BR-101,1.0,Pleno dia,Decrescente,Céu Claro,Simples,Reta,-20.27728,-40.28659,DEL02-ES,Risco Médio,Alta
segunda-feira,BR-392,213.9,Pleno dia,Crescente,Céu Claro,Simples,Desvio Temporário,-30.74322,-53.19702,DEL07-RS,Risco Médio,Média
sábado,BR-50,173.0,Plena Noite,Decrescente,Céu Claro,Dupla,Reta,-19.76244,-47.97702,DEL13-MG,Risco Médio,Média
domingo,BR-163,707.0,Pleno dia,Decrescente,Céu Claro,Simples,Reta,-13.0507,-55.91154,DEL06-MT,Risco Médio,Alta
sexta-feira,BR-405,131.0,Pleno dia,Crescente,Céu Claro,Simples,Curva,-5.965285,-38.13129,DEL04-RN,Risco Médio,Baixa
domingo,BR-290,80.0,Pleno dia,Crescente,Chuva,Múltipla,Curva,-29.95343,-51.05845,DEL01-RS,Risco Baixo,Baixa
domingo,BR-393,167.0,Plena Noite,Decrescente,Chuva,Simples,Interseção de vias,-22.12236,-43.13977,DEL04-RJ,Risco Médio,Média
quarta-feira,BR-40,12.8,Pleno dia,Crescente,Sol,Dupla,Reta,-16.14512,-47.94538,DEL01-DF,Risco Médio,Alta
sexta-feira,BR-393,277.8,Plena Noite,Crescente,Nublado,Simples,Curva,-22.47986,-44.02907,DEL05-RJ,Risco Alto,Média
terça-feira,BR-101,126.2,Pleno dia,Crescente,Nublado,Dupla,Reta,-26.95564,-48.67978,DEL04-SC,Risco Baixo,Alta
segunda-feira,BR-153,17.0,Plena Noite,Crescente,Céu Claro,Simples,Reta,-12.97911,-49.14784,DEL07-GO,Risco Médio,Alta
segunda-feira,BR-10,248.1,Pleno dia,Decrescente,Nevoeiro/Neblina,Simples,Reta,-5.563333,-47.45099,DEL04-MA,Risco Médio,Baixa
sábado,BR-101,52.1,Pleno dia,Decrescente,Céu Claro,Dupla,Reta,-26.40632,-48.83797,DEL03-SC,Risco Médio,Alta
sábado,BR-343,197.1,Pleno dia,Decrescente,Céu Claro,Simples,Reta,-4.34762,-41.80772,DEL02-PI,Risco Baixo,Baixa
segunda-feira,BR-262,781.0,Pleno dia,Crescente,Céu Claro,Simples,Reta,-19.08286,-57.62168,DEL03-MS,Risco Baixo,Média
domingo,BR-40,91.0,Pleno dia,Crescente,Chuva,Dupla,Reta,-16.74049,-47.63947,DEL01-DF,Risco Médio,Alta
sexta-feira,BR-381,429.9,Plena Noite,Decrescente,Vento,Simples,Curva,-19.78664,-43.71434,DEL01-MG,Risco Baixo,Alta
sexta-feira,BR-476,127.0,Plena Noite,Crescente,Garoa/Chuvisco,Múltipla,Reta,-25.42517,-49.22716,DEL01-PR,Risco Baixo,Baixa
domingo,BR-101,304.3,Pleno dia,Crescente,Sol,Dupla,Reta,-20.38006,-40.45431,DEL01-ES,Risco Médio,Alta
terça-feira,BR-116,152.6,Anoitecer,Decrescente,Céu Claro,Dupla,Não Informado,-29.18293,-51.16802,DEL05-RS,Risco Médio,Alta
sexta-feira,BR-116,298.0,Plena Noite,Crescente,Chuva,Dupla,Reta,-23.78356,-46.91446,DEL04-SP,Risco Baixo,Alta
quarta-feira,BR-116,365.8,Anoitecer,Decrescente,Céu Claro,Simples,Reta,-11.71608,-38.98655,DEL02-BA,Risco Alto,Alta
terça-feira,BR-40,469.0,Plena Noite,Crescente,Céu Claro,Dupla,Não Informado,-19.469,-44.295,DEL02-MG,Risco Médio,Alta
domingo,BR-101,305.0,Pleno dia,Crescente,Céu Claro,Dupla,Curva,-20.38392,-40.46125,DEL01-ES,Risco Médio,Alta
terça-feira,BR-470,180.8,Pleno dia,Crescente,Garoa/Chuvisco,Simples,Reta,-27.24952,-49.98704,DEL04-SC,Risco Médio,Baixa
sexta-feira,BR-116,234.3,Plena Noite,Crescente,Chuva,Dupla,Reta,-29.65121,-51.14444,DEL01-RS,Risco Médio,Alta
terça-feira,BR-285,458.3,Plena Noite,Crescente,Céu Claro,Simples,Curva,-28.40831,-53.90141,DEL10-RS,Risco Médio,Baixa
sexta-feira,BR-40,511.1,Pleno dia,Decrescente,Céu Claro,Dupla,Reta,-19.78282,-44.11643,DEL01-MG,Risco Médio,Alta
sexta-feira,BR-290,587.0,Pleno dia,Crescente,Chuva,Simples,Curva,-29.80644,-55.84704,DEL13-RS,Risco Médio,Baixa
domingo,BR-116,419.0,Pleno dia,Crescente,Céu Claro,Simples,Interseção de vias,-18.92044,-41.94024,DEL06-MG,Risco Médio,Alta
quinta-feira,BR-163,255.5,Plena Noite,Crescente,Céu Claro,Dupla,Reta,-22.26567,-54.80944,DEL04-MS,Risco Médio,Alta
domingo,BR-40,279.9,Plena Noite,Crescente,Céu Claro,Simples,Não Informado,-18.22833,-45.2202,DEL14-MG,Risco Alto,Alta
quarta-feira,BR-116,494.1,Pleno dia,Crescente,Céu Claro,Simples,Reta,-31.48548,-52.21195,DEL07-RS,Risco Baixo,Alta
sexta-feira,BR-280,89.0,Pleno dia,Decrescente,Nublado,Simples,Reta,-26.41223,-49.27629,DEL06-SC,Risco Baixo,Baixa
sábado,BR-364,349.0,Pleno dia,Crescente,Céu Claro,Dupla,Não Informado,-15.80503,-55.55464,DEL05-MT,Risco Médio,Alta
sexta-feira,BR-354,731.5,Pleno dia,Decrescente,Céu Claro,Simples,Curva,-22.16386,-44.96256,DEL05-MG,Risco Baixo,Baixa
sábado,BR-369,177.8,Plena Noite,Crescente,Céu Claro,Dupla,Reta,-23.35618,-51.39427,DEL07-PR,Risco Médio,Baixa
quinta-feira,BR-116,243.0,Pleno dia,Decrescente,Nublado,Simples,Interseção de vias,-19.44382,-42.5132,DEL11-MG,Risco Médio,Alta
quarta-feira,BR-222,128.0,Plena Noite,Crescente,Céu Claro,Simples,Curva,-3.704273,-39.61529,DEL04-CE,Risco Baixo,Baixa
quinta-feira,BR-40,508.7,Plena Noite,Crescente,Céu Claro,Dupla,Retorno Regulamentado,-19.76532,-44.13033,DEL01-MG,Risco Alto,Alta
terça-feira,BR-116,415.9,Pleno dia,Crescente,Céu Claro,Simples,Reta,-12.17527,-38.96512,DEL02-BA,Risco Médio,Alta
quarta-feira,BR-40,502.1,Plena Noite,Decrescente,Céu Claro,Dupla,Não Informado,-19.71469,-44.16029,DEL02-MG,Risco Médio,Alta
terça-feira,BR-470,44.0,Pleno dia,Crescente,Céu Claro,Simples,Reta,-26.87066,-49.0219,DEL04-SC,Risco Alto,Baixa