dia_semana,br,km,fase_dia,sentido_via,condicao_metereologica,tipo_pista,tracado_via,latitude,longitude,delegacia,classificacao_acidente,postos_policiais_PRF
domingo,BR-262,13.9,Plena Noite,Crescente,Céu Claro,Simples,Reta,-20.2577,-41.86159,DEL06-MG,Risco Médio,Média
quarta-feira,BR-277,99.0,Pleno dia,Crescente,Céu Claro,Dupla,Reta,-25.43098,-49.35771,DEL01-PR,Risco Médio,Média
domingo,BR-222,52.0,Pleno dia,Decrescente,Céu Claro,Simples,Reta,-3.668637,-39.00978,DEL01-CE,Risco Médio,Baixa
sexta-feira,BR-40,614.0,Amanhecer,Crescente,Nublado,Simples,Reta,-20.53328,-43.8241,DEL05-MG,Risco Baixo,Alta
segunda-feira,BR-101,44.0,Pleno dia,Crescente,Céu Claro,Dupla,Reta,-10.55549,-36.97112,DEL02-SE,Risco Médio,Alta
quinta-feira,BR-267,31.0,Plena Noite,Decrescente,Céu Claro,Dupla,Curva,-21.71964,-52.4295,DEL02-MS,Risco Médio,Baixa
quarta-feira,BR-101,134.0,Anoitecer,Decrescente,Céu Claro,Dupla,Reta,-27.0021,-48.6365,DEL04-SC,Risco Médio,Alta
segunda-feira,BR-116,3.0,Plena Noite,Decrescente,Nublado,Múltipla,Reta,-3.778665,-38.5149,DEL01-CE,Risco Médio,Alta
domingo,BR-158,327.0,Pleno dia,Decrescente,Céu Claro,Simples,Curva,-24.8309,-52.26497,DEL04-PR,Risco Médio,Baixa
sexta-feira,BR-101,44.8,Pleno dia,Decrescente,Sol,Simples,Reta,-18.53423,-39.90808,DEL04-ES,Risco Médio,Alta
quinta-feira,BR-364,716.0,Pleno dia,Crescente,Céu Claro,Dupla,Reta,-8.787517,-63.90016,DEL01-RO,Risco Médio,Alta
domingo,BR-101,122.5,Pleno dia,Crescente,Céu Claro,Dupla,Reta,-26.92956,-48.705,DEL04-SC,Risco Médio,Alta
sexta-feira,BR-226,11.0,Plena Noite,Crescente,Céu Claro,Simples,Reta,-5.84586,-35.30392,DEL01-RN,Risco Baixo,Baixa
quinta-feira,BR-40,519.0,Pleno dia,Decrescente,Céu Claro,Dupla,Reta,-19.83958,-44.07684,DEL01-MG,Risco Médio,Alta
sexta-feira,BR-354,19.0,Plena Noite,Crescente,Céu Claro,Simples,Curva,-22.47227,-44.71289,DEL07-RJ,Risco Baixo,Baixa
sexta-feira,BR-470,126.4,Pleno dia,Decrescente,Sol,Simples,Reta,-27.11892,-49.53409,DEL04-SC,Risco Médio,Baixa
sábado,BR-101,357.0,Plena Noite,Crescente,Nublado,Simples,Interseção de vias,-28.64222,-49.10185,DEL02-SC,Risco Médio,Alta
sábado,BR-230,18.0,Amanhecer,Crescente,Céu Claro,Dupla,Curva,-7.120067,-34.84523,DEL01-PB,Risco Médio,Baixa
domingo,BR-40,112.0,Plena Noite,Crescente,Céu Claro,Dupla,Reta,-22.70045,-43.29015,DEL01-RJ,Risco Médio,Alta
sexta-feira,BR-60,95.0,Pleno dia,Crescente,Céu Claro,Múltipla,Reta,-16.37218,-48.94146,DEL02-GO,Risco Baixo,Média
quarta-feira,BR-116,227.0,Pleno dia,Crescente,Céu Claro,Múltipla,Reta,-23.50164,-46.56454,DEL01-SP,Risco Médio,Alta
segunda-feira,BR-116,870.9,Pleno dia,Decrescente,Garoa/Chuvisco,Simples,Reta,-15.21266,-41.08881,DEL08-BA,Risco Alto,Alta
sexta-feira,BR-324,305.0,Plena Noite,Crescente,Céu Claro,Simples,Reta,-11.20785,-40.4362,DEL04-BA,Risco Médio,Baixa
quarta-feira,BR-116,728.6,Pleno dia,Crescente,Céu Claro,Simples,Reta,-21.28973,-42.41764,DEL07-MG,Risco Médio,Alta
terça-feira,BR-376,511.0,Pleno dia,Decrescente,Céu Claro,Dupla,Reta,-25.22641,-50.04816,DEL03-PR,Risco Médio,Baixa
sábado,BR-280,70.5,Pleno dia,Crescente,Céu Claro,Simples,Reta,-26.46026,-49.13741,DEL03-SC,Risco Médio,Baixa
quinta-feira,BR-153,22.1,Plena Noite,Decrescente,Nublado,Simples,Curva,-23.17279,-49.97166,DEL07-PR,Risco Médio,Alta
sexta-feira,BR-282,21.0,Pleno dia,Decrescente,Nublado,Simples,Reta,-27.68907,-48.71754,DEL01-SC,Risco Baixo,Baixa
quarta-feira,BR-381,617.0,Pleno dia,Crescente,Céu Claro,Simples,Não Informado,-20.76157,-44.777,DEL04-MG,Risco Médio,Alta
domingo,BR-101,45.6,Plena Noite,Decrescente,Nublado,Múltipla,Reta,-7.868409,-34.90663,DEL01-PE,Risco Baixo,Alta
sexta-feira,BR-381,438.0,Pleno dia,Crescente,Céu Claro,Simples,Reta,-19.80934,-43.77779,DEL01-MG,Risco Médio,Alta
sexta-feira,BR-153,66.0,Plena Noite,Crescente,Céu Claro,Simples,Ponte,-18.94651,-49.02551,DEL15-MG,Risco Médio,Alta
terça-feira,BR-101,23.5,Anoitecer,Decrescente,Céu Claro,Simples,Desvio Temporário,-18.3512,-39.95689,DEL04-ES,Risco Médio,Alta
sábado,BR-101,485.0,Pleno dia,Crescente,Céu Claro,Simples,Curva,-22.98548,-44.29685,DEL03-RJ,Risco Médio,Alta
quarta-feira,BR-381,452.0,Pleno dia,Decrescente,Céu Claro,Simples,Curva,-19.8434,-43.88597,DEL01-MG,Risco Médio,Alta
quarta-feira,BR-364,47.0,Pleno dia,Crescente,Céu Claro,Simples,Reta,-12.57559,-60.34673,DEL04-RO,Risco Médio,Alta
quarta-feira,BR-158,69.0,Plena Noite,Crescente,Céu Claro,Simples,Curva,-19.4807,-51.2999,DEL08-MS,Risco Médio,Baixa
segunda-feira,BR-262,80.0,Pleno dia,Decrescente,Sol,Simples,Curva,-20.40924,-40.94035,DEL01-ES,Risco Médio,Média
quinta-feira,BR-414,440.0,Pleno dia,Decrescente,Céu Claro,Dupla,Rotatória,-16.31487,-48.94684,DEL02-GO,Risco Médio,Baixa
segunda-feira,BR-232,10.9,Plena Noite,Crescente,Chuva,Dupla,Não Informado,-8.079965,-34.99243,DEL01-PE,Risco Médio,Baixa
segunda-feira,BR-163,113.3,Pleno dia,Crescente,Céu Claro,Dupla,Reta,-16.55391,-54.67507,DEL02-MT,Risco Médio,Alta
domingo,BR-222,73.7,Plena Noite,Crescente,Céu Claro,Simples,Não Informado,-4.2461,-41.77036,DEL02-PI,Risco Alto,Baixa
segunda-feira,BR-116,424.0,Anoitecer,Crescente,Nublado,Simples,Reta,-12.25128,-38.98876,DEL02-BA,Risco Médio,Alta
domingo,BR-116,414.8,Anoitecer,Decrescente,Nublado,Simples,Reta,-18.88582,-41.94649,DEL06-MG,Risco Médio,Alta
sábado,BR-230,138.0,Plena Noite,Decrescente,Céu Claro,Simples,Reta,-5.733399,-48.09722,DEL02-TO,Risco Médio,Baixa
quarta-feira,BR-101,2.1,Pleno dia,Decrescente,Sol,Simples,Interseção de vias,-8.191229,-34.95527,DEL01-PE,Risco Médio,Alta
quarta-feira,BR-101,71.0,Plena Noite,Crescente,Céu Claro,Simples,Interseção de vias,-5.689687,-35.26298,DEL02-RN,Risco Médio,Alta
sexta-feira,BR-50,173.4,Plena Noite,Crescente,Céu Claro,Dupla,Não Informado,-19.76244,-47.97702,DEL13-MG,Risco Alto,Média
sexta-feira,BR-282,1.9,Pleno dia,Crescente,Céu Claro,Dupla,Reta,-27.60315,-48.58753,DEL01-SC,Risco Médio,Baixa
quinta-feira,BR-116,97.0,Pleno dia,Decrescente,Céu Claro,Dupla,Reta,-25.51232,-49.12871,DEL01-PR,Risco Médio,Alta
sábado,BR-364,454.0,Amanhecer,Decrescente,Ignorado,Simples,Reta,-15.57112,-56.25206,DEL01-MT,Risco Baixo,Alta
quinta-feira,BR-60,119.1,Pleno dia,Decrescente,Céu Claro,Múltipla,Não Informado,-16.4914,-49.0999,DEL01-GO,Risco Baixo,Média
segunda-feira,BR-356,276.4,Pleno dia,Decrescente,Sol,Simples,Não Informado,-21.1245,-42.28183,DEL07-MG,Risco Médio,Baixa
domingo,BR-356,110.0,Amanhecer,Crescente,Ignorado,Simples,Curva,-21.55895,-41.45319,DEL08-RJ,Risco Médio,Baixa
sexta-feira,BR-386,335.0,Pleno dia,Decrescente,Nublado,Simples,Curva,-29.39473,-52.04257,DEL04-RS,Risco Alto,Média
sábado,BR-116,13.8,Pleno dia,Crescente,Nevoeiro/Neblina,Simples,Reta,-15.80328,-41.35457,DEL08-BA,Risco Médio,Alta
sexta-feira,BR-280,31.1,Pleno dia,Decrescente,Céu Claro,Simples,Reta,-26.4165,-48.77181,DEL03-SC,Risco Baixo,Baixa
sexta-feira,BR-101,270.0,Pleno dia,Decrescente,Nublado,Múltipla,Reta,-20.22662,-40.27075,DEL02-ES,Risco Médio,Alta
domingo,BR-101,322.0,Pleno dia,Decrescente,Sol,Dupla,Reta,-28.42492,-48.90238,DEL02-SC,Risco Baixo,Alta
sábado,BR-101,106.0,Pleno dia,Crescente,Céu Claro,Simples,Reta,-19.049,-40.0284,DEL04-ES,Risco Médio,Alta
sábado,BR-101,82.7,Amanhecer,Crescente,Céu Claro,Dupla,Reta,-26.61893,-48.71836,DEL03-SC,Risco Baixo,Alta
segunda-feira,BR-230,140.1,Pleno dia,Crescente,Céu Claro,Dupla,Desvio Temporário,-7.256425,-35.81736,DEL02-PB,Risco Médio,Baixa
quarta-feira,BR-376,303.2,Plena Noite,Decrescente,Céu Claro,Dupla,Curva,-23.93567,-51.14021,DEL07-PR,Risco Baixo,Baixa
terça-feira,BR-277,669.5,Anoitecer,Decrescente,Céu Claro,Dupla,Reta,-25.27564,-54.07102,DEL05-PR,Risco Médio,Média
terça-feira,BR-135,350.5,Pleno dia,Crescente,Céu Claro,Simples,Reta,-9.072201,-44.33065,DEL03-PI,Risco Médio,Baixa
quinta-feira,BR-381,352.0,Plena Noite,Decrescente,Céu Claro,Simples,Curva,-19.84326,-43.17181,DEL03-MG,Risco Médio,Alta
terça-feira,BR-10,368.6,Pleno dia,Crescente,Sol,Simples,Desvio Temporário,-4.517902,-47.505,DEL04-MA,Risco Médio,Baixa
quinta-feira,BR-101,109.0,Pleno dia,Decrescente,Nublado,Dupla,Reta,-26.83335,-48.69632,DEL03-SC,Risco Médio,Alta
domingo,BR-101,331.0,Plena Noite,Decrescente,Nublado,Dupla,Reta,-28.46339,-48.99238,DEL02-SC,Risco Médio,Alta
segunda-feira,BR-116,52.0,Anoitecer,Crescente,Céu Claro,Simples,Reta,-22.74631,-45.09931,DEL08-SP,Risco Médio,Alta
sexta-feira,BR-101,270.5,Pleno dia,Crescente,Céu Claro,Dupla,Reta,-20.23137,-40.27381,DEL02-ES,Risco Médio,Alta
domingo,BR-163,1112.5,Anoitecer,Crescente,Céu Claro,Simples,Curva,-9.601004,-54.8912,DEL06-MT,Risco Médio,Alta
sexta-feira,BR-101,218.6,Pleno dia,Crescente,Nublado,Dupla,Reta,-27.68217,-48.66808,DEL01-SC,Risco Alto,Alta
sábado,BR-381,37.0,Pleno dia,Crescente,Céu Claro,Múltipla,Reta,-23.10506,-46.56882,DEL03-SP,Risco Alto,Alta
domingo,BR-153,68.0,Amanhecer,Decrescente,Nublado,Simples,Curva,-27.03352,-51.87931,DEL07-SC,Risco Médio,Alta
quinta-feira,BR-316,269.0,Plena Noite,Crescente,Céu Claro,Simples,Reta,-3.695966,-45.32404,DEL02-MA,Risco Baixo,Baixa
segunda-feira,BR-116,640.0,Plena Noite,Decrescente,Garoa/Chuvisco,Simples,Não Informado,-13.53126,-40.06434,DEL03-BA,Risco Baixo,Alta
sábado,BR-116,823.7,Pleno dia,Decrescente,Céu Claro,Dupla,Interseção de vias,-14.85978,-40.84977,DEL08-BA,Risco Médio,Alta
domingo,BR-101,254.6,Pleno dia,Decrescente,Sol,Simples,Reta,-20.11365,-40.32206,DEL02-ES,Risco Baixo,Alta
domingo,BR-369,148.1,Plena Noite,Decrescente,Chuva,Dupla,Reta,-23.29304,-51.14317,DEL07-PR,Risco Médio,Baixa
sexta-feira,BR-163,71.4,Pleno dia,Decrescente,Céu Claro,Dupla,Não Informado,-26.72772,-53.51281,DEL07-SC,Risco Médio,Alta
quarta-feira,BR-364,532.0,Plena Noite,Crescente,Céu Claro,Simples,Túnel,-14.926,-56.4823,DEL01-MT,Risco Médio,Alta
domingo,BR-101,221.0,Pleno dia,Decrescente,Céu Claro,Simples,Curva,-19.87167,-40.41149,DEL02-ES,Risco Médio,Alta
domingo,BR-174,515.0,Pleno dia,Decrescente,Céu Claro,Simples,Reta,2.897176,-60.70374,DEL01-RR,Risco Baixo,Baixa
quarta-feira,BR-153,217.0,Pleno dia,Decrescente,Chuva,Simples,Reta,-7.79684,-48.45878,DEL02-TO,Risco Médio,Alta
sexta-feira,BR-262,99.0,Plena Noite,Decrescente,Céu Claro,Simples,Curva,-20.35052,-41.09312,DEL01-ES,Risco Médio,Média
sábado,BR-290,92.0,Pleno dia,Crescente,Céu Claro,Dupla,Não Informado,-29.97327,-51.17663,DEL01-RS,Risco Médio,Baixa
quinta-feira,BR-101,58.0,Pleno dia,Crescente,Céu Claro,Simples,Reta,-7.970632,-34.92065,DEL01-PE,Risco Médio,Alta
sábado,BR-493,19.0,Pleno dia,Decrescente,Céu Claro,Simples,Reta,-22.66638,-43.0277,DEL02-RJ,Risco Médio,Baixa
domingo,BR-304,13.2,Anoitecer,Crescente,Céu Claro,Simples,Reta,-4.979608,-37.38443,DEL04-RN,Risco Médio,Baixa
terça-feira,BR-376,119.0,Plena Noite,Crescente,Nublado,Simples,Não Informado,-23.1161,-52.3249,DEL07-PR,Risco Alto,Baixa
domingo,BR-116,16.9,Pleno dia,Decrescente,Chuva,Dupla,Curva,-25.0997,-48.69223,DEL01-PR,Risco Médio,Alta
segunda-feira,BR-280,231.5,Plena Noite,Decrescente,Céu Claro,Simples,Reta,-26.1893,-50.37171,DEL06-SC,Risco Médio,Baixa
sexta-feira,BR-101,261.3,Plena Noite,Crescente,Céu Claro,Múltipla,Reta,-20.14854,-40.27971,DEL02-ES,Risco Baixo,Alta
segunda-feira,BR-153,42.0,Pleno dia,Crescente,Céu Claro,Simples,Reta,-23.29704,-50.06841,DEL07-PR,Risco Médio,Alta
quarta-feira,BR-116,224.0,Plena Noite,Decrescente,Céu Claro,Múltipla,Reta,-23.47541,-46.52428,DEL01-SP,Risco Médio,Alta
domingo,BR-116,457.1,Plena Noite,Crescente,Céu Claro,Simples,Não Informado,-7.115425,-38.77899,DEL05-CE,Risco Alto,Alta
segunda-feira,BR-163,837.0,Pleno dia,Crescente,Céu Claro,Simples,Reta,-11.84322,-55.49051,DEL06-MT,Risco Médio,Alta
quinta-feira,BR-104,30.7,Pleno dia,Decrescente,Céu Claro,Simples,Curva,-8.00957,-36.06042,DEL02-PE,Risco Baixo,Baixa
quinta-feira,BR-267,28.5,Pleno dia,Decrescente,Céu Claro,Simples,Curva,-21.64083,-42.83518,DEL07-MG,Risco Baixo,Baixa
terça-feira,BR-226,68.0,Plena Noite,Crescente,Céu Claro,Simples,Não Informado,-6.839083,-47.94648,DEL02-TO,Risco Alto,Baixa
domingo,BR-104,130.5,Plena Noite,Decrescente,Nublado,Simples,Reta,-7.2739,-35.88655,DEL02-PB,Risco Médio,Baixa
quarta-feira,BR-277,14.0,Plena Noite,Decrescente,Chuva,Dupla,Reta,-25.56736,-48.62555,DEL01-PR,Risco Médio,Média
quinta-feira,BR-163,804.0,Plena Noite,Decrescente,Céu Claro,Simples,Não Informado,-12.1432,-55.5142,DEL06-MT,Risco Baixo,Alta
quarta-feira,BR-459,9.9,Pleno dia,Crescente,Céu Claro,Simples,Não Informado,-22.58621,-45.19012,DEL08-SP,Risco Médio,Baixa
segunda-feira,BR-50,171.9,Pleno dia,Crescente,Céu Claro,Dupla,Reta,-19.73661,-47.98291,DEL13-MG,Risco Médio,Média
sábado,BR-110,371.0,Plena Noite,Decrescente,Nublado,Simples,Reta,-12.40012,-38.37456,DEL01-BA,Risco Médio,Baixa
sábado,BR-470,64.2,Plena Noite,Decrescente,Céu Claro,Simples,Reta,-26.87441,-49.18432,DEL04-SC,Risco Médio,Baixa
segunda-feira,BR-381,857.8,Pleno dia,Decrescente,Sol,Dupla,Não Informado,-22.33418,-45.92157,DEL16-MG,Risco Médio,Alta
sexta-feira,BR-153,479.5,Pleno dia,Crescente,Chuva,Simples,Não Informado,-10.05652,-48.82382,DEL02-TO,Risco Baixo,Alta
domingo,BR-101,213.1,Amanhecer,Crescente,Ignorado,Dupla,Reta,-10.02369,-36.62646,DEL02-AL,Risco Baixo,Alta
sexta-feira,BR-277,140.0,Amanhecer,Decrescente,Céu Claro,Dupla,Reta,-25.46679,-49.72729,DEL01-PR,Risco Médio,Média
segunda-feira,BR-282,180.0,Pleno dia,Crescente,Chuva,Simples,Rotatória,-27.7399,-49.9344,DEL05-SC,Risco Médio,Baixa
sexta-feira,BR-429,230.0,Plena Noite,Crescente,Céu Claro,Simples,Reta,-11.94689,-63.25533,DEL02-RO,Risco Médio,Baixa
terça-feira,BR-163,829.0,Pleno dia,Decrescente,Céu Claro,Dupla,Retorno Regulamentado,-11.88012,-55.50053,DEL06-MT,Risco Baixo,Alta
sábado,BR-116,531.4,Plena Noite,Crescente,Céu Claro,Simples,Reta,-19.81938,-42.13693,DEL06-MG,Risco Médio,Alta
quinta-feira,BR-116,165.0,Pleno dia,Decrescente,Garoa/Chuvisco,Múltipla,Reta,-22.80583,-43.34354,DEL01-RJ,Risco Médio,Alta
domingo,BR-381,528.9,Pleno dia,Decrescente,Céu Claro,Dupla,Não Informado,-20.16429,-44.33821,DEL04-MG,Risco Médio,Alta
sábado,BR-40,2.4,Pleno dia,Crescente,Céu Claro,Dupla,Reta,-15.99763,-47.98533,DEL01-DF,Risco Médio,Alta
terça-feira,BR-101,207.0,Plena Noite,Crescente,Chuva,Múltipla,Reta,-27.60001,-48.62265,DEL01-SC,Risco Baixo,Alta
quinta-feira,BR-381,351.5,Pleno dia,Crescente,Céu Claro,Simples,Curva,-19.8546,-43.1321,DEL03-MG,Risco Médio,Alta
segunda-feira,BR-369,166.2,Plena Noite,Decrescente,Nublado,Dupla,Não Informado,-23.29542,-51.30839,DEL07-PR,Risco Médio,Baixa
segunda-feira,BR-116,530.4,Plena Noite,Crescente,Céu Claro,Simples,Reta,-19.81067,-42.13539,DEL06-MG,Risco Médio,Alta
terça-feira,BR-153,17.3,Anoitecer,Decrescente,Céu Claro,Dupla,Reta,-18.5777,-49.1934,DEL15-MG,Risco Alto,Alta
quinta-feira,BR-116,512.0,Pleno dia,Decrescente,Céu Claro,Dupla,Não Informado,-31.77242,-52.34297,DEL07-RS,Risco Baixo,Alta
sábado,BR-40,627.5,Pleno dia,Crescente,Céu Claro,Simples,Reta,-20.64367,-43.8116,DEL05-MG,Risco Médio,Alta
sábado,BR-116,117.0,Pleno dia,Crescente,Chuva,Dupla,Reta,-25.56082,-49.30796,DEL01-PR,Risco Baixo,Alta
domingo,BR-470,70.9,Plena Noite,Decrescente,Nublado,Simples,Reta,-26.89479,-49.26153,DEL04-SC,Risco Médio,Baixa
quarta-feira,BR-101,328.0,Pleno dia,Decrescente,Nublado,Múltipla,Reta,-22.87029,-43.1658,DEL02-RJ,Risco Médio,Alta
quarta-feira,BR-365,494.0,Pleno dia,Crescente,Céu Claro,Dupla,Reta,-18.91488,-47.19475,DEL10-MG,Risco Médio,Média
domingo,BR-101,400.1,Plena Noite,Decrescente,Céu Claro,Dupla,Reta,-22.84837,-43.76952,DEL03-RJ,Risco Médio,Alta
domingo,BR-101,250.8,Plena Noite,Crescente,Nublado,Simples,Reta,-20.08891,-40.34316,DEL02-ES,Risco Médio,Alta
quinta-feira,BR-101,17.5,Pleno dia,Decrescente,Chuva,Dupla,Reta,-7.640645,-34.956,DEL01-PE,Risco Médio,Alta
segunda-feira,BR-135,352.0,Pleno dia,Crescente,Céu Claro,Dupla,Não Informado,-9.080271,-44.36102,DEL03-PI,Risco Médio,Baixa
domingo,BR-101,241.9,Plena Noite,Crescente,Chuva,Dupla,Reta,-27.8818,-48.64756,DEL01-SC,Risco Médio,Alta
segunda-feira,BR-101,599.0,Pleno dia,Crescente,Céu Claro,Simples,Interseção de vias,-15.49682,-39.43251,DEL05-BA,Risco Médio,Alta
terça-feira,BR-356,264.0,Pleno dia,Decrescente,Céu Claro,Simples,Interseção de vias,-21.12553,-42.37548,DEL07-MG,Risco Médio,Baixa
sábado,BR-116,542.2,Plena Noite,Crescente,Céu Claro,Simples,Reta,-19.90319,-42.13408,DEL06-MG,Risco Médio,Alta
segunda-feira,BR-116,138.0,Pleno dia,Crescente,Nublado,Dupla,Reta,-23.15727,-45.79555,DEL02-SP,Risco Médio,Alta
domingo,BR-365,410.0,Pleno dia,Decrescente,Céu Claro,Simples,Curva,-18.65773,-46.52207,DEL10-MG,Risco Médio,Média
sábado,BR-410,27.0,Pleno dia,Crescente,Chuva,Simples,Desvio Temporário,-10.95142,-38.73229,DEL07-BA,Risco Médio,Baixa
terça-feira,BR-242,464.0,Pleno dia,Crescente,Céu Claro,Simples,Reta,-12.44768,-42.18044,DEL06-BA,Risco Médio,Baixa
sexta-feira,BR-369,154.0,Anoitecer,Crescente,Céu Claro,Dupla,Interseção de vias,-23.29741,-51.20115,DEL07-PR,Risco Médio,Baixa
domingo,BR-423,64.3,Plena Noite,Decrescente,Céu Claro,Simples,Reta,-8.66487,-36.35922,DEL03-PE,Risco Alto,Baixa
terça-feira,BR-364,122.0,Pleno dia,Crescente,Nublado,Dupla,Reta,-10.01188,-67.77339,DEL01-AC,Risco Médio,Alta
sexta-feira,BR-116,783.0,Pleno dia,Crescente,Céu Claro,Simples,Reta,-14.5172,-40.3787,DEL08-BA,Risco Baixo,Alta
sábado,BR-40,503.8,Plena Noite,Decrescente,Céu Claro,Dupla,Reta,-19.72732,-44.1536,DEL02-MG,Risco Baixo,Alta
quinta-feira,BR-101,269.0,Pleno dia,Crescente,Nublado,Dupla,Reta,-20.2174,-40.26991,DEL02-ES,Risco Médio,Alta
terça-feira,BR-101,275.0,Pleno dia,Crescente,Céu Claro,Dupla,Reta,-28.13809,-48.69218,DEL02-SC,Risco Médio,Alta
quinta-feira,BR-364,8.0,Pleno dia,Crescente,Céu Claro,Simples,Reta,-17.27512,-53.27966,DEL02-MT,Risco Médio,Alta
domingo,BR-163,554.0,Pleno dia,Decrescente,Céu Claro,Simples,Reta,-5.157717,-56.08266,DEL05-PA,Risco Alto,Alta
sexta-feira,BR-282,348.0,Pleno dia,Decrescente,Céu Claro,Simples,Reta,-27.36164,-51.2732,DEL07-SC,Risco Médio,Baixa
sexta-feira,BR-364,231.0,Pleno dia,Crescente,Céu Claro,Simples,Reta,-17.81706,-52.01183,DEL05-GO,Risco Médio,Alta
terça-feira,BR-101,293.0,Pleno dia,Decrescente,Céu Claro,Múltipla,Reta,-20.33005,-40.3984,DEL01-ES,Risco Médio,Alta
quinta-feira,BR-471,175.9,Pleno dia,Decrescente,Céu Claro,Simples,Reta,-30.03156,-52.37167,DEL02-RS,Risco Médio,Baixa
terça-feira,BR-153,180.0,Pleno dia,Decrescente,Céu Claro,Simples,Reta,-14.34405,-49.15675,DEL07-GO,Risco Médio,Alta
quarta-feira,BR-230,290.0,Plena Noite,Decrescente,Céu Claro,Simples,Reta,-6.8742,-36.9085,DEL03-PB,Risco Baixo,Baixa
terça-feira,BR-116,109.0,Pleno dia,Crescente,Sol,Dupla,Reta,-25.56494,-49.24784,DEL01-PR,Risco Médio,Alta
quarta-feira,BR-324,550.0,Pleno dia,Crescente,Céu Claro,Dupla,Reta,-12.45141,-38.70891,DEL01-BA,Risco Baixo,Baixa
quinta-feira,BR-153,144.6,Plena Noite,Decrescente,Céu Claro,Dupla,Reta,-7.196628,-48.23637,DEL02-TO,Risco Médio,Alta
sexta-feira,BR-116,183.5,Pleno dia,Decrescente,Céu Claro,Simples,Reta,-5.066337,-38.10759,DEL03-CE,Risco Baixo,Alta
sábado,BR-101,270.9,Pleno dia,Crescente,Nublado,Múltipla,Curva,-20.22662,-40.27075,DEL02-ES,Risco Médio,Alta
quarta-feira,BR-393,195.6,Pleno dia,Crescente,Céu Claro,Simples,Reta,-22.21143,-43.38738,DEL05-RJ,Risco Baixo,Média
quinta-feira,BR-40,124.0,Pleno dia,Crescente,Nublado,Dupla,Não Informado,-22.8147,-43.2881,DEL01-RJ,Risco Baixo,Alta
segunda-feira,BR-232,136.4,Pleno dia,Decrescente,Sol,Dupla,Desvio Temporário,-8.313169,-36.04096,DEL02-PE,Risco Baixo,Baixa
terça-feira,BR-277,125.1,Plena Noite,Decrescente,Chuva,Dupla,Não Informado,-25.47028,-49.60028,DEL03-PR,Risco Médio,Média
sexta-feira,BR-60,394.4,Pleno dia,Crescente,Céu Claro,Dupla,Não Informado,-17.8228,-50.9983,DEL04-GO,Risco Médio,Média
sexta-feira,BR-282,604.0,Plena Noite,Decrescente,Céu Claro,Simples,Reta,-26.79552,-53.19297,DEL07-SC,Risco Médio,Baixa
sexta-feira,BR-70,19.0,Pleno dia,Decrescente,Garoa/Chuvisco,Dupla,Não Informado,-15.78961,-48.22535,DEL01-DF,Risco Baixo,Baixa
quarta-feira,BR-163,165.1,Pleno dia,Decrescente,Céu Claro,Simples,Desvio Temporário,-25.3033,-53.5758,DEL04-PR,Risco Médio,Alta
quarta-feira,BR-153,620.0,Pleno dia,Decrescente,Céu Claro,Dupla,Reta,-17.7218,-49.1547,DEL03-GO,Risco Médio,Alta
segunda-feira,BR-280,53.2,Amanhecer,Decrescente,Chuva,Dupla,Não Informado,-26.44904,-48.82753,DEL03-SC,Risco Médio,Baixa
sábado,BR-116,178.0,Plena Noite,Decrescente,Céu Claro,Múltipla,Reta,-22.77496,-43.40081,DEL01-RJ,Risco Alto,Alta
segunda-feira,BR-324,616.0,Pleno dia,Decrescente,Céu Claro,Dupla,Reta,-12.87958,-38.43214,DEL01-BA,Risco Médio,Baixa
quinta-feira,BR-242,881.0,Pleno dia,Crescente,Céu Claro,Dupla,Retorno Regulamentado,-12.09031,-45.78978,DEL10-BA,Risco Médio,Baixa
terça-feira,BR-101,13.6,Pleno dia,Decrescente,Sol,Dupla,Reta,-26.10994,-48.87388,DEL03-SC,Risco Médio,Alta
quarta-feira,BR-101,86.0,Pleno dia,Crescente,Céu Claro,Simples,Interseção de vias,-26.6423,-48.6895,DEL03-SC,Risco Médio,Alta
terça-feira,BR-101,47.2,Pleno dia,Crescente,Céu Claro,Simples,Rotatória,-23.4299,-45.08244,DEL06-SP,Risco Médio,Alta
domingo,BR-470,70.8,Plena Noite,Decrescente,Céu Claro,Simples,Não Informado,-26.89546,-49.26237,DEL04-SC,Risco Alto,Baixa
domingo,BR-116,51.3,Plena Noite,Decrescente,Nublado,Dupla,Reta,-22.74158,-45.09206,DEL08-SP,Risco Baixo,Alta
quinta-feira,BR-135,51.9,Anoitecer,Crescente,Céu Claro,Simples,Reta,-2.972108,-44.31727,DEL01-MA,Risco Médio,Baixa
quinta-feira,BR-304,108.5,Plena Noite,Decrescente,Céu Claro,Simples,Interseção de vias,-5.587571,-36.94984,DEL04-RN,Risco Médio,Baixa
segunda-feira,BR-40,5.3,Pleno dia,Crescente,Nublado,Dupla,Reta,-16.0954,-47.9809,DEL01-DF,Risco Médio,Alta
quarta-feira,BR-101,201.0,Plena Noite,Crescente,Ignorado,Dupla,Reta,-22.47879,-42.15283,DEL02-RJ,Risco Baixo,Alta
domingo,BR-153,44.4,Plena Noite,Crescente,Nublado,Simples,Rotatória,-27.6219,-52.23782,DEL08-RS,Risco Médio,Alta
quinta-feira,BR-116,265.0,Plena Noite,Decrescente,Céu Claro,Múltipla,Reta,-29.92342,-51.17781,DEL01-RS,Risco Médio,Alta