dia_semana,br,km,fase_dia,sentido_via,condicao_metereologica,tipo_pista,tracado_via,latitude,longitude,delegacia,classificacao_acidente,postos_policiais_PRF
quinta-feira,BR-40,124.6,Anoitecer,Decrescente,Céu Claro,Dupla,Reta,-22.81292,-43.28767,DEL01-RJ,Risco Médio,Alta
domingo,BR-319,53.0,Plena Noite,Crescente,Céu Claro,Simples,Reta,-8.738997,-63.95696,DEL01-RO,Risco Médio,Baixa
quarta-feira,BR-80,148.0,Pleno dia,Crescente,Céu Claro,Simples,Reta,-14.87968,-48.99138,DEL07-GO,Risco Médio,Baixa
domingo,BR-101,196.9,Amanhecer,Crescente,Céu Claro,Dupla,Não Informado,-27.51176,-48.64252,DEL01-SC,Risco Médio,Alta
sexta-feira,BR-101,82.0,Plena Noite,Crescente,Nublado,Dupla,Reta,-7.12911,-34.93714,DEL01-PB,Risco Médio,Alta
quinta-feira,BR-116,1.9,Pleno dia,Crescente,Céu Claro,Simples,Reta,-26.11709,-49.78695,DEL06-SC,Risco Baixo,Alta
sábado,BR-101,145.2,Pleno dia,Crescente,Céu Claro,Simples,Reta,-19.35188,-40.06367,DEL04-ES,Risco Médio,Alta
segunda-feira,BR-386,18.0,Pleno dia,Crescente,Céu Claro,Simples,Curva,-27.2552,-53.3495,DEL08-RS,Risco Médio,Média
terça-feira,BR-226,172.1,Pleno dia,Decrescente,Céu Claro,Simples,Reta,-6.255618,-36.48329,DEL03-RN,Risco Alto,Baixa
segunda-feira,BR-116,8.0,Plena Noite,Crescente,Chuva,Dupla,Reta,-25.0832,-48.6299,DEL01-PR,Risco Baixo,Alta
sexta-feira,BR-116,475.0,Plena Noite,Crescente,Céu Claro,Dupla,Reta,-24.68648,-47.9891,DEL05-SP,Risco Médio,Alta
terça-feira,BR-101,107.0,Plena Noite,Decrescente,Céu Claro,Dupla,Reta,-5.919208,-35.26412,DEL01-RN,Risco Médio,Alta
domingo,BR-116,207.3,Plena Noite,Decrescente,Nublado,Dupla,Reta,-23.41972,-46.38419,DEL01-SP,Risco Alto,Alta
quarta-feira,BR-277,5.7,Pleno dia,Crescente,Nublado,Dupla,Reta,-25.5205,-48.5095,DEL01-PR,Risco Médio,Média
quarta-feira,BR-101,922.0,Plena Noite,Crescente,Céu Claro,Simples,Reta,-17.9048,-39.8245,DEL09-BA,Risco Baixo,Alta
quinta-feira,BR-20,424.0,Pleno dia,Crescente,Sol,Dupla,Reta,-3.76999,-38.67006,DEL01-CE,Risco Baixo,Baixa
sexta-feira,BR-116,292.0,Amanhecer,Decrescente,Chuva,Dupla,Reta,-23.73703,-46.8963,DEL04-SP,Risco Médio,Alta
quarta-feira,BR-369,135.0,Pleno dia,Crescente,Céu Claro,Simples,Não Informado,-23.26613,-51.03774,DEL07-PR,Risco Médio,Baixa
domingo,BR-116,193.7,Pleno dia,Decrescente,Céu Claro,Simples,Reta,-5.139446,-38.15731,DEL03-CE,Risco Baixo,Alta
domingo,BR-277,586.0,Plena Noite,Decrescente,Céu Claro,Simples,Curva,-24.98232,-53.43407,DEL04-PR,Risco Médio,Média
sábado,BR-116,778.9,Pleno dia,Crescente,Chuva,Simples,Reta,-21.6016,-42.69913,DEL07-MG,Risco Médio,Alta
domingo,BR-101,51.5,Pleno dia,Decrescente,Céu Claro,Simples,Rotatória,-23.46289,-45.06394,DEL06-SP,Risco Médio,Alta
quinta-feira,BR-392,714.3,Amanhecer,Crescente,Nevoeiro/Neblina,Simples,Reta,-27.91903,-55.13708,DEL10-RS,Risco Médio,Média
sábado,BR-40,464.0,Pleno dia,Crescente,Céu Claro,Dupla,Reta,-19.43111,-44.33657,DEL02-MG,Risco Médio,Alta
quarta-feira,BR-280,276.0,Amanhecer,Decrescente,Céu Claro,Simples,Curva,-26.22198,-53.16422,DEL02-PR,Risco Baixo,Baixa
sexta-feira,BR-101,138.0,Pleno dia,Decrescente,Céu Claro,Simples,Reta,-9.7979,-36.11,DEL02-AL,Risco Baixo,Alta
segunda-feira,BR-40,679.5,Plena Noite,Decrescente,Céu Claro,Simples,Reta,-21.04198,-43.76181,DEL05-MG,Risco Médio,Alta
sexta-feira,BR-10,248.0,Pleno dia,Crescente,Céu Claro,Simples,Reta,-5.5638,-47.4506,DEL04-MA,Risco Médio,Baixa
sábado,BR-163,827.0,Amanhecer,Decrescente,Céu Claro,Dupla,Rotatória,-11.91353,-55.50884,DEL06-MT,Risco Médio,Alta
domingo,BR-282,662.1,Pleno dia,Decrescente,Céu Claro,Simples,Curva,-26.67167,-53.58363,DEL07-SC,Risco Baixo,Baixa
sábado,BR-116,736.0,Pleno dia,Decrescente,Nublado,Simples,Curva,-14.3213,-40.32617,DEL08-BA,Risco Médio,Alta
quarta-feira,BR-470,70.9,Plena Noite,Crescente,Nublado,Simples,Rotatória,-26.88344,-49.24719,DEL04-SC,Risco Baixo,Baixa
quarta-feira,BR-470,168.8,Pleno dia,Crescente,Céu Claro,Simples,Ponte,-27.26699,-49.87252,DEL04-SC,Risco Médio,Baixa
quinta-feira,BR-101,771.0,Pleno dia,Crescente,Céu Claro,Simples,Não Informado,-16.57547,-39.55367,DEL09-BA,Risco Médio,Alta
domingo,BR-282,224.0,Plena Noite,Decrescente,Nublado,Simples,Desvio Temporário,-27.79458,-50.3706,DEL05-SC,Risco Baixo,Baixa
quarta-feira,BR-365,613.9,Pleno dia,Crescente,Céu Claro,Simples,Reta,-18.91414,-48.21685,DEL15-MG,Risco Médio,Média
terça-feira,BR-163,271.0,Pleno dia,Crescente,Céu Claro,Simples,Desvio Temporário,-24.6193,-53.92674,DEL06-PR,Risco Médio,Alta
terça-feira,BR-381,483.0,Amanhecer,Decrescente,Céu Claro,Dupla,Reta,-19.95594,-44.10722,DEL01-MG,Risco Médio,Alta
sexta-feira,BR-267,190.0,Pleno dia,Crescente,Céu Claro,Simples,Reta,-21.60009,-53.85547,DEL02-MS,Risco Médio,Baixa
sexta-feira,BR-163,139.9,Amanhecer,Decrescente,Céu Claro,Simples,Não Informado,-25.47699,-53.59014,DEL04-PR,Risco Médio,Alta
terça-feira,BR-101,48.7,Pleno dia,Decrescente,Garoa/Chuvisco,Dupla,Curva,-9.222798,-35.77608,DEL01-AL,Risco Médio,Alta
sábado,BR-116,71.0,Plena Noite,Crescente,Vento,Dupla,Curva,-25.34542,-49.04489,DEL01-PR,Risco Médio,Alta
quarta-feira,BR-116,348.0,Plena Noite,Crescente,Nublado,Dupla,Não Informado,-24.05167,-47.20314,DEL04-SP,Risco Médio,Alta
segunda-feira,BR-476,129.0,Pleno dia,Crescente,Céu Claro,Múltipla,Reta,-25.43335,-49.25171,DEL01-PR,Risco Médio,Baixa
terça-feira,BR-364,342.9,Pleno dia,Crescente,Céu Claro,Dupla,Não Informado,-10.87984,-61.94332,DEL02-RO,Risco Médio,Alta
terça-feira,BR-116,412.0,Plena Noite,Crescente,Céu Claro,Dupla,Curva,-18.86882,-41.97144,DEL06-MG,Risco Médio,Alta
domingo,BR-116,543.0,Pleno dia,Crescente,Céu Claro,Dupla,Retorno Regulamentado,-24.96229,-48.41384,DEL05-SP,Risco Baixo,Alta
sexta-feira,BR-222,9.0,Plena Noite,Decrescente,Céu Claro,Múltipla,Reta,-3.757746,-38.64611,DEL01-CE,Risco Médio,Baixa
segunda-feira,BR-116,143.0,Pleno dia,Crescente,Sol,Dupla,Curva,-29.12017,-51.12261,DEL05-RS,Risco Médio,Alta
sexta-feira,BR-116,341.0,Pleno dia,Crescente,Céu Claro,Simples,Reta,-6.167405,-38.66024,DEL05-CE,Risco Baixo,Alta
quarta-feira,BR-364,482.0,Plena Noite,Decrescente,Céu Claro,Simples,Reta,-10.13021,-62.8793,DEL03-RO,Risco Médio,Alta
quarta-feira,BR-116,223.0,Anoitecer,Decrescente,Céu Claro,Múltipla,Reta,-23.4782,-46.5287,DEL01-SP,Risco Baixo,Alta
quinta-feira,BR-285,294.9,Pleno dia,Crescente,Sol,Simples,Interseção de vias,-28.23455,-52.38497,DEL08-RS,Risco Médio,Baixa
terça-feira,BR-476,123.0,Pleno dia,Crescente,Céu Claro,Dupla,Curva,-25.3923,-49.209,DEL01-PR,Risco Médio,Baixa
terça-feira,BR-277,9.0,Pleno dia,Decrescente,Céu Claro,Dupla,Reta,-25.56633,-48.60588,DEL01-PR,Risco Médio,Média
quarta-feira,BR-230,172.0,Pleno dia,Decrescente,Céu Claro,Simples,Reta,-6.938236,-41.92118,DEL04-PI,Risco Baixo,Baixa
sábado,BR-135,600.0,Plena Noite,Decrescente,Céu Claro,Simples,Reta,-10.51777,-45.187,DEL03-PI,Risco Médio,Baixa
terça-feira,BR-470,219.0,Pleno dia,Crescente,Nublado,Simples,Curva,-29.17909,-51.51856,DEL06-RS,Risco Médio,Baixa
segunda-feira,BR-116,29.0,Plena Noite,Decrescente,Nublado,Simples,Curva,-22.06452,-42.79542,DEL04-RJ,Risco Baixo,Alta
sábado,BR-101,99.0,Pleno dia,Decrescente,Céu Claro,Múltipla,Viaduto,-5.873592,-35.22063,DEL01-RN,Risco Médio,Alta
sexta-feira,BR-407,425.8,Plena Noite,Decrescente,Céu Claro,Simples,Reta,-7.094478,-41.42313,DEL04-PI,Risco Médio,Baixa
terça-feira,BR-101,192.4,Plena Noite,Decrescente,Nublado,Dupla,Reta,-27.48444,-48.64765,DEL01-SC,Risco Alto,Alta
domingo,BR-222,10.6,Plena Noite,Crescente,Céu Claro,Simples,Reta,-3.735378,-38.66325,DEL01-CE,Risco Médio,Baixa
terça-feira,BR-285,235.5,Pleno dia,Crescente,Céu Claro,Simples,Curva,-28.25163,-51.83282,DEL08-RS,Risco Médio,Baixa
quinta-feira,BR-304,35.6,Pleno dia,Crescente,Sol,Dupla,Rotatória,-5.161495,-37.35068,DEL04-RN,Risco Médio,Baixa
domingo,BR-316,239.0,Plena Noite,Crescente,Céu Claro,Simples,Reta,-9.510221,-36.00471,DEL01-AL,Risco Médio,Baixa
quarta-feira,BR-153,507.2,Pleno dia,Decrescente,Céu Claro,Dupla,Reta,-16.7715,-49.2387,DEL01-GO,Risco Médio,Alta
segunda-feira,BR-40,463.0,Plena Noite,Decrescente,Céu Claro,Dupla,Não Informado,-19.4297,-44.3369,DEL02-MG,Risco Baixo,Alta
terça-feira,BR-364,516.0,Plena Noite,Decrescente,Nublado,Simples,Reta,-9.915961,-63.05532,DEL03-RO,Risco Médio,Alta
sexta-feira,BR-101,320.5,Plena Noite,Crescente,Garoa/Chuvisco,Dupla,Curva,-22.87851,-43.11458,DEL02-RJ,Risco Baixo,Alta
domingo,BR-40,93.0,Plena Noite,Crescente,Chuva,Simples,Curva,-22.55543,-43.2583,DEL06-RJ,Risco Médio,Alta
domingo,BR-364,621.0,Pleno dia,Crescente,Céu Claro,Simples,Ponte,-9.08546,-63.29473,DEL01-RO,Risco Baixo,Alta
terça-feira,BR-416,18.2,Pleno dia,Crescente,Nublado,Simples,Reta,-8.913375,-35.71896,DEL01-AL,Risco Alto,Baixa
domingo,BR-116,274.1,Plena Noite,Crescente,Céu Claro,Dupla,Reta,-22.54174,-44.19133,DEL07-RJ,Risco Médio,Alta
domingo,BR-163,123.5,Pleno dia,Decrescente,Sol,Simples,Não Informado,-25.60414,-53.56303,DEL02-PR,Risco Médio,Alta
segunda-feira,BR-116,145.0,Plena Noite,Crescente,Céu Claro,Dupla,Desvio Temporário,-23.18698,-45.85481,DEL02-SP,Risco Médio,Alta
sábado,BR-116,17.0,Plena Noite,Decrescente,Céu Claro,Dupla,Reta,-25.389,-49.1867,DEL01-PR,Risco Baixo,Alta
terça-feira,BR-153,81.2,Pleno dia,Decrescente,Céu Claro,Simples,Curva,-27.12296,-51.92686,DEL07-SC,Risco Baixo,Alta
quinta-feira,BR-116,52.9,Pleno dia,Crescente,Chuva,Simples,Curva,-28.58828,-51.02821,DEL05-RS,Risco Baixo,Alta
segunda-feira,BR-153,625.6,Pleno dia,Decrescente,Céu Claro,Dupla,Reta,-17.7647,-49.1676,DEL03-GO,Risco Médio,Alta
quinta-feira,BR-153,68.2,Anoitecer,Crescente,Sol,Dupla,Reta,-20.85058,-49.38379,DEL09-SP,Risco Médio,Alta
terça-feira,BR-40,116.0,Pleno dia,Decrescente,Céu Claro,Dupla,Reta,-22.73662,-43.28859,DEL01-RJ,Risco Médio,Alta
segunda-feira,BR-101,197.4,Plena Noite,Decrescente,Chuva,Dupla,Viaduto,-27.522,-48.637,DEL01-SC,Risco Médio,Alta
segunda-feira,BR-116,224.0,Pleno dia,Decrescente,Céu Claro,Múltipla,Reta,-23.48072,-46.53272,DEL01-SP,Risco Médio,Alta
terça-feira,BR-163,485.0,Pleno dia,Decrescente,Céu Claro,Simples,Reta,-20.44234,-54.54202,DEL01-MS,Risco Médio,Alta
quarta-feira,BR-153,432.5,Pleno dia,Crescente,Céu Claro,Simples,Reta,-30.19113,-52.78931,DEL02-RS,Risco Médio,Alta
sábado,BR-493,97.0,Plena Noite,Crescente,Céu Claro,Múltipla,Reta,-22.71962,-43.70883,DEL01-RJ,Risco Baixo,Baixa
domingo,BR-343,309.8,Pleno dia,Crescente,Céu Claro,Simples,Reta,-5.04012,-42.47674,DEL01-PI,Risco Alto,Baixa
segunda-feira,BR-459,26.7,Anoitecer,Decrescente,Garoa/Chuvisco,Simples,Desvio Temporário,-22.69916,-45.11948,DEL08-SP,Risco Médio,Baixa
sábado,BR-116,216.0,Plena Noite,Decrescente,Céu Claro,Múltipla,Reta,-23.45057,-46.46258,DEL01-SP,Risco Médio,Alta
domingo,BR-343,347.0,Pleno dia,Decrescente,Céu Claro,Dupla,Reta,-5.114822,-42.77835,DEL01-PI,Risco Médio,Baixa
domingo,BR-153,248.0,Plena Noite,Crescente,Céu Claro,Múltipla,Reta,-8.062201,-48.46672,DEL02-TO,Risco Médio,Alta
segunda-feira,BR-70,395.9,Pleno dia,Decrescente,Nublado,Simples,Curva,-15.67502,-55.26023,DEL02-MT,Risco Baixo,Baixa
sábado,BR-101,81.0,Pleno dia,Decrescente,Céu Claro,Dupla,Curva,-26.60256,-48.72554,DEL03-SC,Risco Médio,Alta
sábado,BR-470,213.0,Anoitecer,Decrescente,Céu Claro,Simples,Retorno Regulamentado,-29.14673,-51.53192,DEL06-RS,Risco Baixo,Baixa
quinta-feira,BR-262,547.3,Amanhecer,Decrescente,Vento,Simples,Curva,-19.74019,-45.86035,DEL08-MG,Risco Médio,Média
quarta-feira,BR-101,1.5,Plena Noite,Crescente,Nublado,Dupla,Não Informado,-10.21498,-36.82283,DEL02-SE,Risco Médio,Alta
sábado,BR-376,617.3,Plena Noite,Decrescente,Nublado,Simples,Não Informado,-25.59331,-49.17181,DEL01-PR,Risco Médio,Baixa
sexta-feira,BR-101,437.0,Pleno dia,Crescente,Chuva,Simples,Reta,-21.0786,-41.2322,DEL03-ES,Risco Médio,Alta
quinta-feira,BR-405,1.8,Pleno dia,Decrescente,Nublado,Simples,Reta,-5.191702,-37.36147,DEL04-RN,Risco Médio,Baixa
domingo,BR-376,7.3,Plena Noite,Crescente,Céu Claro,Simples,Reta,-22.24309,-54.64986,DEL04-MS,Risco Baixo,Baixa
quarta-feira,BR-116,355.0,Pleno dia,Crescente,Sol,Simples,Reta,-11.63567,-38.98174,DEL02-BA,Risco Médio,Alta
segunda-feira,BR-470,48.7,Pleno dia,Decrescente,Céu Claro,Simples,Não Informado,-26.85982,-49.05539,DEL04-SC,Risco Médio,Baixa
quarta-feira,BR-153,81.0,Plena Noite,Decrescente,Chuva,Simples,Curva,-27.12063,-51.92287,DEL07-SC,Risco Médio,Alta
sexta-feira,BR-277,591.0,Pleno dia,Decrescente,Céu Claro,Simples,Reta,-25.02817,-53.55983,DEL04-PR,Risco Médio,Média
domingo,BR-282,500.4,Plena Noite,Crescente,Nublado,Dupla,Rotatória,-26.88135,-52.37055,DEL07-SC,Risco Médio,Baixa
sexta-feira,BR-116,18.0,Pleno dia,Decrescente,Garoa/Chuvisco,Dupla,Curva,-25.10397,-48.71079,DEL01-PR,Risco Baixo,Alta
quarta-feira,BR-343,2.4,Pleno dia,Crescente,Céu Claro,Simples,Reta,-5.089569,-42.80229,DEL01-PI,Risco Baixo,Baixa
quarta-feira,BR-116,489.0,Plena Noite,Crescente,Céu Claro,Múltipla,Reta,-24.3214,-47.6373,DEL05-SP,Risco Alto,Alta
sábado,BR-282,3.2,Pleno dia,Crescente,Céu Claro,Dupla,Curva,-27.60038,-48.59971,DEL01-SC,Risco Médio,Baixa
domingo,BR-101,355.0,Anoitecer,Decrescente,Sol,Dupla,Reta,-28.62381,-49.07828,DEL02-SC,Risco Médio,Alta
domingo,BR-230,24.1,Plena Noite,Decrescente,Céu Claro,Dupla,Viaduto,-7.1642,-34.862,DEL01-PB,Risco Médio,Baixa
terça-feira,BR-163,937.0,Pleno dia,Decrescente,Céu Claro,Simples,Reta,-11.0618,-55.2773,DEL06-MT,Risco Baixo,Alta
sexta-feira,BR-324,518.9,Plena Noite,Decrescente,Chuva,Dupla,Reta,-12.2754,-38.93115,DEL01-BA,Risco Médio,Baixa
segunda-feira,BR-364,0.1,Pleno dia,Decrescente,Céu Claro,Simples,Ponte,-20.16522,-48.68999,DEL13-MG,Risco Médio,Alta
terça-feira,BR-116,1.0,Anoitecer,Crescente,Céu Claro,Múltipla,Reta,-3.7704,-38.5169,DEL01-CE,Risco Médio,Alta
sexta-feira,BR-20,7.4,Amanhecer,Decrescente,Chuva,Dupla,Desvio Temporário,-15.66069,-47.79653,DEL02-DF,Risco Médio,Baixa
domingo,BR-40,639.1,Plena Noite,Crescente,Céu Claro,Simples,Reta,-20.7322,-43.79985,DEL05-MG,Risco Baixo,Alta
quarta-feira,BR-101,268.0,Plena Noite,Decrescente,Nublado,Dupla,Reta,-28.08561,-48.71063,DEL02-SC,Risco Médio,Alta
quarta-feira,BR-101,196.0,Pleno dia,Crescente,Nublado,Dupla,Reta,-27.51336,-48.64059,DEL01-SC,Risco Médio,Alta
sábado,BR-153,187.8,Pleno dia,Crescente,Céu Claro,Simples,Reta,-14.41531,-49.15726,DEL07-GO,Risco Médio,Alta
domingo,BR-101,234.0,Pleno dia,Decrescente,Nublado,Dupla,Não Informado,-27.8181,-48.6313,DEL01-SC,Risco Baixo,Alta
terça-feira,BR-290,114.0,Anoitecer,Crescente,Céu Claro,Simples,Reta,-30.04461,-51.34755,DEL02-RS,Risco Médio,Baixa
segunda-feira,BR-343,341.8,Plena Noite,Decrescente,Céu Claro,Simples,Reta,-5.077812,-42.74426,DEL01-PI,Risco Baixo,Baixa
domingo,BR-20,77.6,Plena Noite,Decrescente,Céu Claro,Simples,Reta,-15.10658,-47.11938,DEL02-DF,Risco Médio,Baixa
domingo,BR-230,25.0,Pleno dia,Decrescente,Céu Claro,Dupla,Reta,-7.1707,-34.8684,DEL01-PB,Risco Médio,Baixa
sexta-feira,BR-425,139.0,Pleno dia,Decrescente,Sol,Dupla,Reta,-10.73523,-65.28657,DEL01-RO,Risco Médio,Baixa
quinta-feira,BR-101,419.4,Plena Noite,Decrescente,Céu Claro,Simples,Reta,-28.98712,-49.54395,DEL02-SC,Risco Médio,Alta
quarta-feira,BR-101,207.0,Amanhecer,Crescente,Chuva,Simples,Interseção de vias,-27.60458,-48.63308,DEL01-SC,Risco Médio,Alta
sábado,BR-282,0.4,Pleno dia,Crescente,Céu Claro,Dupla,Reta,-27.59941,-48.57539,DEL01-SC,Risco Médio,Baixa
terça-feira,BR-116,135.0,Plena Noite,Crescente,Céu Claro,Dupla,Reta,-22.65226,-43.1631,DEL02-RJ,Risco Médio,Alta
segunda-feira,BR-116,227.0,Pleno dia,Decrescente,Nublado,Múltipla,Reta,-23.49659,-46.55649,DEL01-SP,Risco Médio,Alta
sábado,BR-101,323.9,Plena Noite,Decrescente,Céu Claro,Dupla,Reta,-28.4279,-48.91248,DEL02-SC,Risco Médio,Alta
quarta-feira,BR-101,317.0,Pleno dia,Crescente,Nublado,Dupla,Reta,-22.83933,-43.09561,DEL02-RJ,Risco Médio,Alta
terça-feira,BR-428,186.0,Pleno dia,Decrescente,Céu Claro,Dupla,Reta,-9.348078,-40.47441,DEL06-PE,Risco Baixo,Baixa
segunda-feira,BR-232,49.0,Plena Noite,Decrescente,Céu Claro,Dupla,Reta,-8.143676,-35.31442,DEL01-PE,Risco Baixo,Baixa
quarta-feira,BR-381,478.0,Pleno dia,Crescente,Sol,Dupla,Reta,-19.96203,-44.03923,DEL01-MG,Risco Médio,Alta
quinta-feira,BR-101,120.6,Pleno dia,Crescente,Céu Claro,Dupla,Reta,-6.034188,-35.24864,DEL01-RN,Risco Médio,Alta
domingo,BR-163,996.0,Plena Noite,Crescente,Céu Claro,Simples,Reta,-2.46822,-54.72829,DEL05-PA,Risco Médio,Alta
sábado,BR-116,23.4,Plena Noite,Decrescente,Céu Claro,Dupla,Desvio Temporário,-3.949055,-38.51213,DEL01-CE,Risco Médio,Alta
quinta-feira,BR-101,51.6,Pleno dia,Decrescente,Nublado,Dupla,Interseção de vias,-7.916997,-34.89689,DEL01-PE,Risco Médio,Alta
quinta-feira,BR-40,307.0,Pleno dia,Decrescente,Sol,Simples,Reta,-18.40997,-45.09106,DEL14-MG,Risco Médio,Alta
quinta-feira,BR-101,613.0,Plena Noite,Decrescente,Céu Claro,Simples,Curva,-15.60118,-39.42849,DEL05-BA,Risco Médio,Alta
domingo,BR-470,159.0,Amanhecer,Crescente,Céu Claro,Simples,Reta,-27.28706,-49.77852,DEL04-SC,Risco Baixo,Baixa
quarta-feira,BR-158,273.0,Pleno dia,Decrescente,Céu Claro,Simples,Reta,-17.92125,-51.68871,DEL05-GO,Risco Médio,Baixa
sábado,BR-386,326.8,Pleno dia,Decrescente,Céu Claro,Simples,Curva,-29.32706,-52.10182,DEL04-RS,Risco Médio,Média
domingo,BR-290,88.0,Plena Noite,Decrescente,Garoa/Chuvisco,Dupla,Reta,-29.9674,-51.1385,DEL01-RS,Risco Médio,Baixa
segunda-feira,BR-116,76.9,Plena Noite,Crescente,Céu Claro,Simples,Reta,-8.49113,-39.20697,DEL05-PE,Risco Baixo,Alta
segunda-feira,BR-232,126.0,Plena Noite,Decrescente,Chuva,Dupla,Reta,-8.305265,-35.9761,DEL02-PE,Risco Baixo,Baixa
terça-feira,BR-101,293.4,Pleno dia,Crescente,Sol,Múltipla,Reta,-20.31526,-40.39567,DEL01-ES,Risco Médio,Alta
domingo,BR-407,126.9,Pleno dia,Crescente,Céu Claro,Simples,Reta,-9.391332,-40.51902,DEL06-PE,Risco Baixo,Baixa
sábado,BR-376,597.0,Pleno dia,Decrescente,Céu Claro,Dupla,Reta,-25.51057,-49.33885,DEL01-PR,Risco Médio,Baixa
terça-feira,BR-116,508.2,Pleno dia,Crescente,Nublado,Dupla,Reta,-31.61244,-52.30464,DEL07-RS,Risco Baixo,Alta
terça-feira,BR-376,660.0,Pleno dia,Decrescente,Céu Claro,Dupla,Curva,-25.85352,-48.9937,DEL01-PR,Risco Alto,Baixa
domingo,BR-364,392.2,Pleno dia,Crescente,Sol,Simples,Reta,-10.6577,-62.29824,DEL03-RO,Risco Médio,Alta
quinta-feira,BR-364,341.0,Pleno dia,Decrescente,Céu Claro,Múltipla,Viaduto,-10.88998,-61.93123,DEL02-RO,Risco Médio,Alta
quinta-feira,BR-242,703.0,Pleno dia,Crescente,Céu Claro,Simples,Reta,-12.22245,-44.18333,DEL10-BA,Risco Baixo,Baixa
sexta-feira,BR-230,12.0,Pleno dia,Crescente,Nublado,Dupla,Reta,-7.068,-34.85,DEL01-PB,Risco Médio,Baixa
terça-feira,BR-101,292.0,Pleno dia,Decrescente,Sol,Dupla,Reta,-20.3082,-40.3947,DEL01-ES,Risco Médio,Alta
sábado,BR-242,179.0,Plena Noite,Crescente,Ignorado,Simples,Reta,-12.5001,-39.85904,DEL06-BA,Risco Médio,Baixa
quinta-feira,BR-101,70.7,Pleno dia,Crescente,Céu Claro,Simples,Reta,-8.067761,-34.94265,DEL01-PE,Risco Baixo,Alta
sábado,BR-101,397.5,Plena Noite,Crescente,Céu Claro,Múltipla,Curva,-28.84847,-49.43463,DEL02-SC,Risco Médio,Alta
quarta-feira,BR-163,115.6,Amanhecer,Decrescente,Céu Claro,Dupla,Não Informado,-16.52632,-54.66087,DEL02-MT,Risco Médio,Alta
sábado,BR-101,167.4,Plena Noite,Decrescente,Garoa/Chuvisco,Simples,Reta,-19.52716,-40.15212,DEL04-ES,Risco Médio,Alta
sábado,BR-367,82.0,Pleno dia,Crescente,Nublado,Simples,Reta,-16.37206,-39.56165,DEL09-BA,Risco Médio,Baixa
domingo,BR-222,218.4,Plena Noite,Decrescente,Céu Claro,Simples,Curva,-3.332845,-44.43295,DEL01-MA,Risco Alto,Baixa
sábado,BR-277,714.5,Pleno dia,Decrescente,Nublado,Dupla,Reta,-25.4655,-54.45012,DEL05-PR,Risco Médio,Média
sexta-feira,BR-50,2.7,Amanhecer,Decrescente,Nevoeiro/Neblina,Dupla,Não Informado,-18.9113,-48.2622,DEL15-MG,Risco Médio,Média
terça-feira,BR-40,764.0,Anoitecer,Decrescente,Chuva,Dupla,Curva,-21.80589,-43.42102,DEL05-MG,Risco Médio,Alta
quinta-feira,BR-116,253.0,Pleno dia,Decrescente,Céu Claro,Simples,Reta,-29.81784,-51.16996,DEL01-RS,Risco Alto,Alta
quinta-feira,BR-316,287.0,Pleno dia,Crescente,Céu Claro,Simples,Reta,-6.977503,-41.63837,DEL04-PI,Risco Baixo,Baixa
sábado,BR-116,253.5,Plena Noite,Decrescente,Nublado,Simples,Reta,-27.86285,-50.39148,DEL05-SC,Risco Alto,Alta
quinta-feira,BR-153,33.0,Plena Noite,Crescente,Céu Claro,Dupla,Reta,-18.70335,-49.14239,DEL15-MG,Risco Alto,Alta
domingo,BR-364,709.0,Pleno dia,Crescente,Céu Claro,Múltipla,Reta,-8.7893,-63.85169,DEL01-RO,Risco Médio,Alta
sábado,BR-376,172.8,Plena Noite,Crescente,Céu Claro,Dupla,Rotatória,-23.4191,-51.96817,DEL07-PR,Risco Baixo,Baixa
quinta-feira,BR-101,415.0,Pleno dia,Decrescente,Chuva,Dupla,Reta,-22.908,-43.89106,DEL03-RJ,Risco Alto,Alta
quinta-feira,BR-101,104.6,Plena Noite,Crescente,Céu Claro,Dupla,Reta,-5.892745,-35.25722,DEL01-RN,Risco Médio,Alta
terça-feira,BR-435,130.0,Plena Noite,Crescente,Céu Claro,Simples,Reta,-13.18901,-60.87792,DEL04-RO,Risco Médio,Baixa
segunda-feira,BR-277,726.0,Pleno dia,Crescente,Céu Claro,Dupla,Rotatória,-25.51029,-54.55976,DEL05-PR,Risco Baixo,Média
terça-feira,BR-381,534.7,Plena Noite,Crescente,Céu Claro,Simples,Reta,-20.20729,-44.39008,DEL04-MG,Risco Baixo,Alta
domingo,BR-381,921.1,Pleno dia,Crescente,Céu Claro,Dupla,Não Informado,-22.76809,-46.20854,DEL16-MG,Risco Médio,Alta
terça-feira,BR-470,135.1,Pleno dia,Decrescente,Chuva,Simples,Reta,-27.18849,-49.61232,DEL04-SC,Risco Médio,Baixa
sexta-feira,BR-232,5.0,Pleno dia,Decrescente,Céu Claro,Dupla,Reta,-8.069218,-34.94797,DEL01-PE,Risco Médio,Baixa
quinta-feira,BR-101,134.9,Pleno dia,Decrescente,Sol,Dupla,Reta,-6.155597,-35.22642,DEL01-RN,Risco Alto,Alta
quinta-feira,BR-285,442.0,Plena Noite,Decrescente,Céu Claro,Simples,Não Informado,-28.36172,-53.74229,DEL10-RS,Risco Médio,Baixa
terça-feira,BR-174,505.0,Pleno dia,Decrescente,Céu Claro,Dupla,Reta,2.802223,-60.69416,DEL01-RR,Risco Médio,Baixa
terça-feira,BR-110,191.9,Plena Noite,Crescente,Nublado,Simples,Reta,-7.944628,-37.1977,DEL02-PB,Risco Médio,Baixa