dia_semana,br,km,fase_dia,sentido_via,condicao_metereologica,tipo_pista,tracado_via,latitude,longitude,delegacia,classificacao_acidente,postos_policiais_PRF
quarta-feira,BR-116,334.1,Amanhecer,Crescente,Céu Claro,Simples,Reta,-30.40309,-51.4486,DEL02-RS,Risco Baixo,Alta
terça-feira,BR-414,414.8,Plena Noite,Crescente,Ignorado,Simples,Não Informado,-16.09662,-48.85442,DEL02-GO,Risco Médio,Baixa
segunda-feira,BR-277,107.0,Plena Noite,Decrescente,Céu Claro,Dupla,Não Informado,-25.43356,-49.43628,DEL01-PR,Risco Alto,Média
sexta-feira,BR-153,74.0,Pleno dia,Decrescente,Nublado,Simples,Reta,-19.01387,-49.01653,DEL15-MG,Risco Médio,Alta
quinta-feira,BR-153,439.0,Plena Noite,Decrescente,Céu Claro,Dupla,Reta,-16.29853,-48.92821,DEL02-GO,Risco Médio,Alta
sexta-feira,BR-116,70.5,Pleno dia,Decrescente,Céu Claro,Dupla,Não Informado,-25.3385,-49.03793,DEL01-PR,Risco Médio,Alta
segunda-feira,BR-116,246.6,Pleno dia,Decrescente,Chuva,Dupla,Reta,-29.75783,-51.15191,DEL01-RS,Risco Médio,Alta
sábado,BR-277,37.0,Plena Noite,Decrescente,Chuva,Dupla,Curva,-25.55089,-48.78419,DEL01-PR,Risco Médio,Média
sexta-feira,BR-116,279.1,Pleno dia,Decrescente,Chuva,Dupla,Não Informado,-22.54744,-44.18366,DEL07-RJ,Risco Médio,Alta
domingo,BR-230,116.0,Plena Noite,Crescente,Chuva,Dupla,Reta,-5.359475,-49.08301,DEL03-PA,Risco Médio,Baixa
sexta-feira,BR-101,94.2,Pleno dia,Crescente,Céu Claro,Simples,Reta,-18.93252,-39.97261,DEL04-ES,Risco Médio,Alta
domingo,BR-480,128.9,Pleno dia,Decrescente,Chuva,Dupla,Reta,-27.04924,-52.63515,DEL07-SC,Risco Médio,Baixa
segunda-feira,BR-116,550.0,Anoitecer,Decrescente,Chuva,Dupla,Curva,-24.96701,-48.46739,DEL05-SP,Risco Médio,Alta
domingo,BR-158,478.9,Pleno dia,Decrescente,Sol,Simples,Não Informado,-13.34846,-51.95488,DEL07-MT,Risco Médio,Baixa
quarta-feira,BR-104,143.5,Plena Noite,Decrescente,Céu Claro,Simples,Reta,-7.404779,-35.89668,DEL02-PB,Risco Médio,Baixa
domingo,BR-50,29.3,Plena Noite,Crescente,Céu Claro,Dupla,Curva,-18.62034,-48.11087,DEL15-MG,Risco Médio,Média
terça-feira,BR-230,462.8,Pleno dia,Crescente,Céu Claro,Simples,Reta,-6.7768,-38.215,DEL03-PB,Risco Médio,Baixa
quarta-feira,BR-282,158.8,Pleno dia,Crescente,Sol,Simples,Reta,-27.73924,-49.73415,DEL05-SC,Risco Médio,Baixa
sexta-feira,BR-282,560.9,Plena Noite,Crescente,Céu Claro,Simples,Não Informado,-26.92748,-52.85571,DEL07-SC,Risco Médio,Baixa
terça-feira,BR-70,509.0,Plena Noite,Crescente,Céu Claro,Simples,Reta,-15.73693,-56.10242,DEL01-MT,Risco Baixo,Baixa
segunda-feira,BR-153,620.7,Plena Noite,Decrescente,Céu Claro,Simples,Interseção de vias,-11.27393,-48.93747,DEL01-TO,Risco Médio,Alta
domingo,BR-116,329.0,Plena Noite,Decrescente,Nublado,Dupla,Reta,-23.93982,-47.08868,DEL04-SP,Risco Médio,Alta
domingo,BR-407,131.0,Pleno dia,Crescente,Céu Claro,Simples,Reta,-10.49567,-40.16127,DEL04-BA,Risco Baixo,Baixa
terça-feira,BR-470,67.9,Plena Noite,Decrescente,Nublado,Simples,Reta,-26.87769,-49.23933,DEL04-SC,Risco Médio,Baixa
domingo,BR-493,0.2,Pleno dia,Crescente,Céu Claro,Simples,Não Informado,-22.76734,-42.92264,DEL02-RJ,Risco Médio,Baixa
sexta-feira,BR-381,664.6,Pleno dia,Decrescente,Céu Claro,Dupla,Não Informado,-21.05337,-45.02127,DEL04-MG,Risco Médio,Alta
terça-feira,BR-376,2.6,Pleno dia,Decrescente,Céu Claro,Simples,Reta,-23.51532,-51.69501,DEL09-PR,Risco Médio,Baixa
domingo,BR-163,257.8,Plena Noite,Crescente,Céu Claro,Dupla,Reta,-22.25888,-54.79382,DEL04-MS,Risco Médio,Alta
quinta-feira,BR-163,286.0,Plena Noite,Crescente,Ignorado,Simples,Reta,-24.5681,-54.03417,DEL06-PR,Risco Médio,Alta
sexta-feira,BR-163,155.9,Pleno dia,Decrescente,Garoa/Chuvisco,Simples,Reta,-25.37095,-53.57309,DEL04-PR,Risco Médio,Alta
terça-feira,BR-232,449.5,Plena Noite,Crescente,Nublado,Simples,Curva,-7.986295,-38.62748,DEL04-PE,Risco Médio,Baixa
sexta-feira,BR-421,22.0,Pleno dia,Decrescente,Céu Claro,Simples,Reta,-10.05138,-63.1965,DEL03-RO,Risco Médio,Baixa
quinta-feira,BR-50,202.2,Pleno dia,Crescente,Céu Claro,Dupla,Reta,-19.95025,-47.80554,DEL13-MG,Risco Médio,Média
sexta-feira,BR-364,192.5,Pleno dia,Decrescente,Nublado,Dupla,Rotatória,-17.92209,-51.69062,DEL05-GO,Risco Médio,Alta
segunda-feira,BR-101,157.2,Pleno dia,Crescente,Chuva,Simples,Não Informado,-11.29514,-37.4795,DEL02-SE,Risco Baixo,Alta
domingo,BR-282,16.3,Plena Noite,Crescente,Nublado,Simples,Interseção de vias,-27.66169,-48.68454,DEL01-SC,Risco Médio,Baixa
sábado,BR-232,100.0,Anoitecer,Crescente,Ignorado,Dupla,Reta,-8.24559,-35.7565,DEL01-PE,Risco Médio,Baixa
domingo,BR-285,596.0,Plena Noite,Decrescente,Céu Claro,Simples,Reta,-28.48884,-55.24284,DEL12-RS,Risco Médio,Baixa
sexta-feira,BR-116,181.0,Pleno dia,Decrescente,Céu Claro,Dupla,Reta,-23.3418,-46.15569,DEL02-SP,Risco Médio,Alta
terça-feira,BR-470,75.8,Pleno dia,Decrescente,Sol,Simples,Reta,-26.92483,-49.284,DEL04-SC,Risco Médio,Baixa
quinta-feira,BR-40,2.3,Pleno dia,Decrescente,Sol,Dupla,Reta,-15.99435,-47.98595,DEL01-DF,Risco Médio,Alta
quinta-feira,BR-376,187.5,Pleno dia,Crescente,Sol,Dupla,Não Informado,-23.45874,-51.84146,DEL07-PR,Risco Médio,Baixa
terça-feira,BR-277,9.0,Anoitecer,Decrescente,Nublado,Dupla,Reta,-25.56474,-48.60017,DEL01-PR,Risco Baixo,Média
sexta-feira,BR-280,50.5,Plena Noite,Decrescente,Nublado,Simples,Reta,-26.46195,-48.94618,DEL03-SC,Risco Médio,Baixa
quinta-feira,BR-70,279.0,Pleno dia,Decrescente,Nublado,Simples,Reta,-15.55907,-54.28878,DEL05-MT,Risco Médio,Baixa
quinta-feira,BR-116,107.5,Amanhecer,Crescente,Nublado,Dupla,Reta,-25.5699,-49.18778,DEL01-PR,Risco Médio,Alta
domingo,BR-364,350.0,Plena Noite,Crescente,Garoa/Chuvisco,Dupla,Não Informado,-15.80518,-55.55687,DEL02-MT,Risco Médio,Alta
domingo,BR-386,38.5,Pleno dia,Decrescente,Céu Claro,Simples,Não Informado,-27.39137,-53.40078,DEL08-RS,Risco Baixo,Média
domingo,BR-40,790.2,Pleno dia,Crescente,Nublado,Dupla,Reta,-21.77721,-43.4308,DEL05-MG,Risco Médio,Alta
segunda-feira,BR-251,219.5,Pleno dia,Decrescente,Céu Claro,Simples,Não Informado,-15.91953,-41.59228,DEL11-MG,Risco Médio,Baixa
domingo,BR-226,20.0,Plena Noite,Decrescente,Céu Claro,Simples,Reta,-6.631092,-47.6144,DEL02-TO,Risco Baixo,Baixa
domingo,BR-40,75.1,Pleno dia,Crescente,Céu Claro,Simples,Reta,-22.46849,-43.23277,DEL06-RJ,Risco Médio,Alta
terça-feira,BR-381,478.9,Pleno dia,Decrescente,Céu Claro,Dupla,Não Informado,-19.96365,-44.04261,DEL01-MG,Risco Médio,Alta
domingo,BR-158,107.9,Amanhecer,Decrescente,Céu Claro,Simples,Reta,-19.76152,-51.12322,DEL08-MS,Risco Baixo,Baixa
terça-feira,BR-251,505.5,Pleno dia,Decrescente,Garoa/Chuvisco,Simples,Curva,-16.62566,-43.69318,DEL12-MG,Risco Médio,Baixa
quinta-feira,BR-324,624.0,Plena Noite,Crescente,Céu Claro,Dupla,Reta,-12.93196,-38.47172,DEL01-BA,Risco Médio,Baixa
segunda-feira,BR-280,29.0,Pleno dia,Decrescente,Nublado,Simples,Reta,-26.41066,-48.75296,DEL03-SC,Risco Médio,Baixa
segunda-feira,BR-101,69.1,Pleno dia,Crescente,Céu Claro,Dupla,Reta,-8.059516,-34.94581,DEL01-PE,Risco Baixo,Alta
terça-feira,BR-101,417.6,Pleno dia,Decrescente,Céu Claro,Simples,Curva,-20.9469,-41.08919,DEL03-ES,Risco Médio,Alta
sábado,BR-476,118.0,Plena Noite,Decrescente,Nublado,Múltipla,Não Informado,-25.35634,-49.18083,DEL01-PR,Risco Médio,Baixa
domingo,BR-174,9.0,Plena Noite,Crescente,Céu Claro,Simples,Curva,-15.20295,-59.36721,DEL04-MT,Risco Médio,Baixa
quarta-feira,BR-153,503.0,Plena Noite,Crescente,Céu Claro,Dupla,Reta,-16.7366,-49.243,DEL01-GO,Risco Baixo,Alta
sábado,BR-50,19.0,Plena Noite,Decrescente,Céu Claro,Dupla,Reta,-18.93313,-48.19857,DEL15-MG,Risco Baixo,Média
sábado,BR-110,66.3,Pleno dia,Decrescente,Chuva,Simples,Curva,-10.07544,-38.48115,DEL07-BA,Risco Médio,Baixa
quinta-feira,BR-324,613.0,Anoitecer,Crescente,Nublado,Dupla,Reta,-12.8644,-38.4239,DEL01-BA,Risco Médio,Baixa
quinta-feira,BR-230,454.0,Pleno dia,Crescente,Sol,Simples,Reta,-6.7819,-38.1457,DEL03-PB,Risco Médio,Baixa
segunda-feira,BR-101,41.7,Plena Noite,Decrescente,Céu Claro,Dupla,Reta,-7.830383,-34.91427,DEL01-PE,Risco Médio,Alta
sexta-feira,BR-116,33.9,Pleno dia,Decrescente,Céu Claro,Simples,Curva,-22.64776,-44.95421,DEL08-SP,Risco Médio,Alta
segunda-feira,BR-232,191.0,Plena Noite,Crescente,Chuva,Simples,Ponte,-8.357099,-36.52773,DEL02-PE,Risco Alto,Baixa
terça-feira,BR-277,594.2,Plena Noite,Crescente,Céu Claro,Simples,Reta,-24.97942,-53.49443,DEL04-PR,Risco Alto,Média
terça-feira,BR-116,182.0,Pleno dia,Crescente,Céu Claro,Múltipla,Reta,-22.75678,-43.43107,DEL01-RJ,Risco Médio,Alta
domingo,BR-20,404.0,Pleno dia,Decrescente,Céu Claro,Simples,Não Informado,-3.778218,-38.68608,DEL01-CE,Risco Baixo,Baixa
terça-feira,BR-376,115.0,Plena Noite,Crescente,Céu Claro,Dupla,Desvio Temporário,-23.09861,-52.36549,DEL09-PR,Risco Médio,Baixa
domingo,BR-277,584.5,Pleno dia,Crescente,Sol,Múltipla,Interseção de vias,-24.96365,-53.40591,DEL04-PR,Risco Baixo,Média
sexta-feira,BR-101,62.9,Pleno dia,Decrescente,Céu Claro,Dupla,Não Informado,-9.301533,-35.82115,DEL01-AL,Risco Médio,Alta
domingo,BR-354,706.2,Plena Noite,Decrescente,Nublado,Simples,Reta,-22.00277,-44.92502,DEL05-MG,Risco Médio,Baixa
quarta-feira,BR-116,803.8,Pleno dia,Decrescente,Céu Claro,Simples,Reta,-14.75463,-40.68589,DEL08-BA,Risco Baixo,Alta
quinta-feira,BR-364,479.0,Amanhecer,Decrescente,Nublado,Múltipla,Reta,-15.3513,-56.4151,DEL01-MT,Risco Baixo,Alta
sábado,BR-232,16.0,Pleno dia,Decrescente,Chuva,Dupla,Reta,-8.094142,-35.03717,DEL01-PE,Risco Médio,Baixa
quarta-feira,BR-116,17.0,Plena Noite,Decrescente,Céu Claro,Simples,Curva,-14.90223,-40.84066,DEL08-BA,Risco Médio,Alta
terça-feira,BR-365,456.9,Pleno dia,Crescente,Nublado,Simples,Reta,-18.8497,-46.87214,DEL10-MG,Risco Alto,Média
terça-feira,BR-116,89.6,Plena Noite,Crescente,Céu Claro,Simples,Curva,-16.34248,-41.47615,DEL11-MG,Risco Médio,Alta
quarta-feira,BR-324,337.0,Pleno dia,Crescente,Céu Claro,Dupla,Reta,-11.32993,-40.14816,DEL04-BA,Risco Médio,Baixa
quarta-feira,BR-316,10.0,Pleno dia,Crescente,Sol,Dupla,Reta,-1.3656,-48.3577,DEL01-PA,Risco Médio,Baixa
domingo,BR-277,684.0,Pleno dia,Crescente,Sol,Dupla,Curva,-25.33864,-54.19926,DEL05-PR,Risco Baixo,Média
quinta-feira,BR-101,194.5,Anoitecer,Crescente,Céu Claro,Dupla,Reta,-27.49815,-48.65661,DEL01-SC,Risco Médio,Alta
segunda-feira,BR-376,302.0,Plena Noite,Crescente,Chuva,Dupla,Curva,-23.94255,-51.12286,DEL07-PR,Risco Médio,Baixa
segunda-feira,BR-381,450.0,Plena Noite,Decrescente,Céu Claro,Simples,Reta,-19.82821,-43.83945,DEL01-MG,Risco Baixo,Alta
sábado,BR-116,50.7,Pleno dia,Crescente,Chuva,Dupla,Reta,-4.169555,-38.49287,DEL03-CE,Risco Baixo,Alta
segunda-feira,BR-101,314.7,Plena Noite,Crescente,Céu Claro,Simples,Não Informado,-28.42945,-48.84727,DEL02-SC,Risco Médio,Alta
quarta-feira,BR-406,160.0,Pleno dia,Crescente,Céu Claro,Simples,Reta,-5.713757,-35.3721,DEL02-RN,Risco Baixo,Baixa
domingo,BR-472,573.3,Plena Noite,Decrescente,Céu Claro,Simples,Reta,-29.74144,-56.97819,DEL13-RS,Risco Médio,Baixa
segunda-feira,BR-381,439.8,Plena Noite,Decrescente,Nublado,Simples,Não Informado,-19.80928,-43.78706,DEL01-MG,Risco Médio,Alta
terça-feira,BR-40,656.3,Plena Noite,Decrescente,Chuva,Dupla,Não Informado,-20.87923,-43.80068,DEL05-MG,Risco Baixo,Alta
terça-feira,BR-40,545.0,Pleno dia,Crescente,Nublado,Dupla,Não Informado,-20.0067,-43.96419,DEL01-MG,Risco Médio,Alta
sexta-feira,BR-101,327.0,Amanhecer,Crescente,Sol,Dupla,Não Informado,-22.87173,-43.14682,DEL02-RJ,Risco Médio,Alta
sábado,BR-242,237.0,Pleno dia,Decrescente,Céu Claro,Simples,Curva,-12.5212,-40.37436,DEL06-BA,Risco Médio,Baixa
sexta-feira,BR-101,241.0,Plena Noite,Crescente,Nublado,Dupla,Curva,-27.8782,-48.647,DEL01-SC,Risco Médio,Alta
terça-feira,BR-101,653.5,Plena Noite,Crescente,Céu Claro,Múltipla,Reta,-16.04332,-39.61405,DEL05-BA,Risco Médio,Alta
sexta-feira,BR-60,389.9,Plena Noite,Crescente,Céu Claro,Simples,Reta,-20.7128,-54.773,DEL01-MS,Risco Médio,Média
quinta-feira,BR-230,18.8,Plena Noite,Crescente,Céu Claro,Dupla,Reta,-7.128572,-34.84767,DEL01-PB,Risco Médio,Baixa
domingo,BR-470,65.9,Plena Noite,Crescente,Garoa/Chuvisco,Simples,Rotatória,-26.87048,-49.22121,DEL04-SC,Risco Médio,Baixa
terça-feira,BR-101,78.0,Pleno dia,Decrescente,Céu Claro,Simples,Reta,-21.835,-41.419,DEL08-RJ,Risco Médio,Alta
domingo,BR-40,9.0,Pleno dia,Crescente,Céu Claro,Dupla,Reta,-16.12853,-47.95979,DEL01-DF,Risco Médio,Alta
sábado,BR-153,604.9,Plena Noite,Decrescente,Ignorado,Dupla,Desvio Temporário,-17.58376,-49.19511,DEL03-GO,Risco Médio,Alta
domingo,BR-101,292.9,Anoitecer,Decrescente,Nublado,Múltipla,Reta,-28.27806,-48.70039,DEL02-SC,Risco Médio,Alta
sábado,BR-459,84.3,Plena Noite,Decrescente,Nublado,Simples,Reta,-22.15033,-46.0404,DEL09-MG,Risco Médio,Baixa
quarta-feira,BR-116,515.8,Pleno dia,Crescente,Céu Claro,Simples,Reta,-31.66114,-52.33868,DEL07-RS,Risco Médio,Alta
domingo,BR-163,99.4,Pleno dia,Decrescente,Nublado,Simples,Não Informado,-26.48809,-53.50466,DEL07-SC,Risco Baixo,Alta
domingo,BR-116,650.0,Pleno dia,Decrescente,Sol,Simples,Interseção de vias,-20.71849,-42.27852,DEL07-MG,Risco Médio,Alta
quinta-feira,BR-156,555.3,Pleno dia,Crescente,Sol,Simples,Reta,2.30835,-50.96273,DEL01-AP,Risco Médio,Baixa
quarta-feira,BR-280,235.6,Plena Noite,Crescente,Céu Claro,Simples,Reta,-26.19206,-50.41296,DEL06-SC,Risco Médio,Baixa
segunda-feira,BR-376,597.0,Pleno dia,Decrescente,Nublado,Dupla,Reta,-25.51057,-49.33885,DEL01-PR,Risco Médio,Baixa
sábado,BR-393,172.0,Amanhecer,Decrescente,Nublado,Simples,Curva,-22.1197,-43.2104,DEL06-RJ,Risco Baixo,Média
quinta-feira,BR-40,571.7,Anoitecer,Crescente,Céu Claro,Simples,Reta,-20.22184,-43.97106,DEL01-MG,Risco Baixo,Alta
quinta-feira,BR-60,397.2,Anoitecer,Decrescente,Chuva,Dupla,Curva,-17.8235,-51.0254,DEL04-GO,Risco Baixo,Média
domingo,BR-20,181.9,Pleno dia,Crescente,Céu Claro,Simples,Reta,-14.4708,-46.48618,DEL02-DF,Risco Médio,Baixa
sexta-feira,BR-376,107.5,Plena Noite,Decrescente,Céu Claro,Dupla,Reta,-23.06898,-52.42455,DEL09-PR,Risco Alto,Baixa
segunda-feira,BR-381,801.7,Plena Noite,Decrescente,Céu Claro,Dupla,Reta,-21.94704,-45.6215,DEL16-MG,Risco Alto,Alta
sábado,BR-153,392.8,Plena Noite,Crescente,Céu Claro,Simples,Interseção de vias,-29.90911,-52.97264,DEL02-RS,Risco Baixo,Alta
terça-feira,BR-101,268.0,Pleno dia,Crescente,Céu Claro,Múltipla,Reta,-20.20842,-40.2694,DEL02-ES,Risco Médio,Alta
sábado,BR-101,107.3,Plena Noite,Crescente,Chuva,Dupla,Reta,-26.82222,-48.68604,DEL03-SC,Risco Alto,Alta
quinta-feira,BR-60,636.7,Pleno dia,Crescente,Sol,Simples,Curva,-21.79124,-56.25096,DEL05-MS,Risco Médio,Média
terça-feira,BR-116,143.0,Plena Noite,Decrescente,Céu Claro,Dupla,Reta,-22.65237,-43.23918,DEL01-RJ,Risco Médio,Alta
sábado,BR-469,13.6,Anoitecer,Crescente,Céu Claro,Simples,Interseção de vias,-25.57696,-54.54424,DEL05-PR,Risco Médio,Baixa
domingo,BR-267,300.7,Plena Noite,Decrescente,Céu Claro,Simples,Curva,-21.94979,-44.9054,DEL17-MG,Risco Alto,Baixa
quinta-feira,BR-381,352.0,Pleno dia,Decrescente,Céu Claro,Simples,Não Informado,-19.86259,-43.12438,DEL03-MG,Risco Médio,Alta
terça-feira,BR-470,39.0,Pleno dia,Decrescente,Céu Claro,Simples,Curva,-26.89734,-48.98688,DEL04-SC,Risco Médio,Baixa
domingo,BR-282,72.0,Plena Noite,Crescente,Garoa/Chuvisco,Simples,Curva,-27.68344,-49.10526,DEL01-SC,Risco Médio,Baixa
sábado,BR-407,208.0,Plena Noite,Crescente,Céu Claro,Simples,Reta,-11.17365,-40.04986,DEL04-BA,Risco Baixo,Baixa
quinta-feira,BR-70,19.0,Pleno dia,Decrescente,Céu Claro,Múltipla,Não Informado,-15.78887,-48.22024,DEL01-DF,Risco Médio,Baixa
sábado,BR-101,355.3,Plena Noite,Decrescente,Nublado,Dupla,Reta,-28.62381,-49.07828,DEL02-SC,Risco Baixo,Alta
terça-feira,BR-376,521.7,Pleno dia,Decrescente,Sol,Dupla,Curva,-25.26626,-49.97031,DEL03-PR,Risco Médio,Baixa
segunda-feira,BR-158,290.0,Plena Noite,Crescente,Chuva,Simples,Não Informado,-29.46751,-53.68666,DEL09-RS,Risco Médio,Baixa
quinta-feira,BR-153,560.8,Pleno dia,Crescente,Céu Claro,Simples,Não Informado,-17.2174,-49.2288,DEL03-GO,Risco Baixo,Alta
terça-feira,BR-116,102.5,Pleno dia,Crescente,Nublado,Simples,Reta,-16.44666,-41.49918,DEL11-MG,Risco Médio,Alta
quinta-feira,BR-381,404.0,Pleno dia,Crescente,Céu Claro,Simples,Reta,-19.74906,-43.54398,DEL01-MG,Risco Médio,Alta
sexta-feira,BR-116,158.0,Plena Noite,Crescente,Garoa/Chuvisco,Dupla,Reta,-23.26072,-45.95179,DEL02-SP,Risco Médio,Alta
sexta-feira,BR-319,63.8,Plena Noite,Decrescente,Céu Claro,Dupla,Interseção de vias,-8.761581,-63.88515,DEL01-RO,Risco Baixo,Baixa
quarta-feira,BR-153,61.7,Pleno dia,Decrescente,Céu Claro,Dupla,Reta,-20.80503,-49.35575,DEL09-SP,Risco Médio,Alta
sábado,BR-285,163.4,Pleno dia,Decrescente,Céu Claro,Simples,Não Informado,-28.32518,-51.25872,DEL05-RS,Risco Baixo,Baixa
sábado,BR-277,99.0,Plena Noite,Crescente,Chuva,Dupla,Reta,-25.43147,-49.36293,DEL01-PR,Risco Baixo,Média
quarta-feira,BR-230,376.2,Plena Noite,Crescente,Céu Claro,Simples,Reta,-6.911143,-37.6043,DEL03-PB,Risco Médio,Baixa
quarta-feira,BR-101,135.0,Plena Noite,Decrescente,Céu Claro,Dupla,Reta,-27.00501,-48.62677,DEL04-SC,Risco Médio,Alta
sábado,BR-116,67.0,Pleno dia,Decrescente,Chuva,Simples,Reta,-4.322264,-38.48972,DEL03-CE,Risco Médio,Alta
terça-feira,BR-163,649.0,Pleno dia,Crescente,Sol,Simples,Reta,-13.34152,-56.05225,DEL06-MT,Risco Médio,Alta
quarta-feira,BR-104,113.6,Pleno dia,Crescente,Sol,Simples,Reta,-7.156613,-35.8533,DEL02-PB,Risco Médio,Baixa
quarta-feira,BR-101,211.0,Pleno dia,Crescente,Céu Claro,Dupla,Reta,-27.6301,-48.659,DEL01-SC,Risco Médio,Alta
domingo,BR-101,54.0,Plena Noite,Crescente,Céu Claro,Simples,Reta,-21.66938,-41.31112,DEL08-RJ,Risco Médio,Alta
sábado,BR-116,230.0,Pleno dia,Crescente,Sol,Múltipla,Reta,-23.5178,-46.5807,DEL01-SP,Risco Médio,Alta
quarta-feira,BR-116,236.9,Pleno dia,Decrescente,Sol,Dupla,Reta,-29.66939,-51.14305,DEL01-RS,Risco Médio,Alta
quinta-feira,BR-116,9.0,Pleno dia,Crescente,Nublado,Simples,Desvio Temporário,-14.85095,-40.88296,DEL08-BA,Risco Médio,Alta
domingo,BR-116,365.0,Pleno dia,Decrescente,Céu Claro,Simples,Reta,-30.65323,-51.56249,DEL02-RS,Risco Baixo,Alta
sábado,BR-381,497.8,Plena Noite,Crescente,Céu Claro,Dupla,Viaduto,-19.9874,-44.2038,DEL01-MG,Risco Médio,Alta
quinta-feira,BR-116,15.5,Plena Noite,Decrescente,Chuva,Dupla,Curva,-25.09833,-48.68274,DEL01-PR,Risco Baixo,Alta
sábado,BR-116,5.7,Plena Noite,Decrescente,Chuva,Dupla,Reta,-3.794671,-38.50773,DEL01-CE,Risco Baixo,Alta
quinta-feira,BR-101,324.8,Pleno dia,Decrescente,Céu Claro,Dupla,Reta,-22.87381,-43.12641,DEL02-RJ,Risco Médio,Alta
quarta-feira,BR-60,97.0,Pleno dia,Crescente,Céu Claro,Dupla,Não Informado,-16.3774,-48.9483,DEL02-GO,Risco Médio,Média
segunda-feira,BR-308,151.0,Plena Noite,Decrescente,Céu Claro,Simples,Não Informado,-1.21064,-47.18274,DEL01-PA,Risco Médio,Baixa
quinta-feira,BR-116,257.0,Plena Noite,Decrescente,Céu Claro,Dupla,Reta,-29.84779,-51.17788,DEL01-RS,Risco Médio,Alta
terça-feira,BR-101,144.5,Plena Noite,Crescente,Céu Claro,Dupla,Reta,-27.0816,-48.6012,DEL04-SC,Risco Médio,Alta
quarta-feira,BR-116,765.5,Pleno dia,Decrescente,Sol,Simples,Não Informado,-21.52104,-42.65119,DEL07-MG,Risco Baixo,Alta
domingo,BR-101,155.0,Pleno dia,Decrescente,Céu Claro,Simples,Não Informado,-27.1627,-48.6113,DEL04-SC,Risco Baixo,Alta
quarta-feira,BR-373,183.0,Plena Noite,Decrescente,Céu Claro,Simples,Reta,-25.03936,-50.27676,DEL03-PR,Risco Médio,Baixa
domingo,BR-369,150.1,Plena Noite,Decrescente,Céu Claro,Dupla,Interseção de vias,-23.29292,-51.16286,DEL07-PR,Risco Baixo,Baixa
domingo,BR-101,329.1,Plena Noite,Decrescente,Céu Claro,Dupla,Reta,-28.45289,-48.97595,DEL02-SC,Risco Médio,Alta
sexta-feira,BR-381,844.0,Pleno dia,Crescente,Chuva,Dupla,Reta,-22.1969,-45.85163,DEL16-MG,Risco Médio,Alta
sábado,BR-262,800.8,Plena Noite,Crescente,Chuva,Dupla,Reta,-19.77796,-47.9268,DEL13-MG,Risco Baixo,Média
segunda-feira,BR-262,4.5,Pleno dia,Decrescente,Nublado,Múltipla,Interseção de vias,-20.33805,-40.38496,DEL01-ES,Risco Médio,Média
terça-feira,BR-369,523.0,Pleno dia,Decrescente,Céu Claro,Simples,Interseção de vias,-24.95975,-53.39884,DEL04-PR,Risco Médio,Baixa
segunda-feira,BR-365,619.3,Pleno dia,Decrescente,Céu Claro,Dupla,Reta,-18.89004,-48.25731,DEL15-MG,Risco Médio,Média
sábado,BR-116,451.2,Pleno dia,Crescente,Céu Claro,Dupla,Reta,-24.54543,-47.8618,DEL05-SP,Risco Médio,Alta
segunda-feira,BR-101,433.5,Pleno dia,Decrescente,Chuva,Simples,Não Informado,-21.05114,-41.19071,DEL03-ES,Risco Médio,Alta
sexta-feira,BR-282,58.0,Pleno dia,Decrescente,Céu Claro,Simples,Interseção de vias,-27.68359,-49.00554,DEL01-SC,Risco Médio,Baixa
sábado,BR-163,264.8,Pleno dia,Decrescente,Sol,Dupla,Interseção de vias,-22.22403,-54.73229,DEL04-MS,Risco Médio,Alta
domingo,BR-163,722.0,Pleno dia,Crescente,Chuva,Simples,Reta,-12.69749,-55.81094,DEL06-MT,Risco Médio,Alta
quarta-feira,BR-50,73.0,Pleno dia,Decrescente,Céu Claro,Dupla,Reta,-18.8514,-48.25346,DEL15-MG,Risco Médio,Média
segunda-feira,BR-60,94.0,Pleno dia,Crescente,Céu Claro,Dupla,Reta,-16.3611,-48.9328,DEL02-GO,Risco Médio,Média
domingo,BR-230,473.9,Amanhecer,Decrescente,Céu Claro,Simples,Reta,-6.805,-38.3055,DEL03-PB,Risco Médio,Baixa
segunda-feira,BR-60,49.8,Pleno dia,Decrescente,Nublado,Dupla,Reta,-16.8101,-49.2397,DEL01-GO,Risco Médio,Média
sexta-feira,BR-369,195.5,Pleno dia,Decrescente,Céu Claro,Dupla,Reta,-23.49964,-51.42368,DEL07-PR,Risco Médio,Baixa
segunda-feira,BR-364,27.0,Pleno dia,Decrescente,Sol,Simples,Curva,-12.72223,-60.26327,DEL04-RO,Risco Médio,Alta
terça-feira,BR-381,374.5,Pleno dia,Crescente,Garoa/Chuvisco,Simples,Curva,-19.84142,-43.32982,DEL01-MG,Risco Médio,Alta
segunda-feira,BR-153,58.6,Pleno dia,Decrescente,Nublado,Dupla,Desvio Temporário,-20.77838,-49.35301,DEL09-SP,Risco Médio,Alta
domingo,BR-287,288.6,Pleno dia,Decrescente,Céu Claro,Simples,Reta,-29.63466,-54.25131,DEL09-RS,Risco Médio,Baixa
sexta-feira,BR-324,574.0,Pleno dia,Decrescente,Chuva,Dupla,Reta,-12.57496,-38.54193,DEL01-BA,Risco Médio,Baixa