dia_semana,br,km,fase_dia,sentido_via,condicao_metereologica,tipo_pista,tracado_via,latitude,longitude,delegacia,classificacao_acidente,postos_policiais_PRF
sábado,BR-153,185.0,Plena Noite,Decrescente,Céu Claro,Simples,Reta,-14.38644,-49.15788,DEL07-GO,Risco Baixo,Alta
quarta-feira,BR-282,501.3,Anoitecer,Crescente,Chuva,Simples,Não Informado,-26.88272,-52.38173,DEL07-SC,Risco Médio,Baixa
sábado,BR-50,17.0,Pleno dia,Decrescente,Céu Claro,Dupla,Curva,-18.56359,-48.0564,DEL15-MG,Risco Alto,Média
quarta-feira,BR-101,331.8,Pleno dia,Decrescente,Nublado,Múltipla,Interseção de vias,-28.45568,-48.98127,DEL02-SC,Risco Médio,Alta
sábado,BR-364,298.6,Pleno dia,Decrescente,Nublado,Simples,Não Informado,-11.26284,-61.90205,DEL02-RO,Risco Médio,Alta
sábado,BR-163,614.7,Pleno dia,Crescente,Céu Claro,Simples,Reta,-13.78647,-56.06336,DEL01-MT,Risco Médio,Alta
quinta-feira,BR-163,111.1,Anoitecer,Decrescente,Céu Claro,Dupla,Viaduto,-16.56228,-54.67831,DEL02-MT,Risco Médio,Alta
quarta-feira,BR-393,274.0,Pleno dia,Crescente,Céu Claro,Simples,Curva,-22.47548,-43.99789,DEL05-RJ,Risco Baixo,Média
terça-feira,BR-230,500.3,Pleno dia,Crescente,Céu Claro,Simples,Reta,-6.897758,-38.52416,DEL03-PB,Risco Médio,Baixa
terça-feira,BR-163,139.8,Pleno dia,Crescente,Ignorado,Simples,Reta,-25.49749,-53.59936,DEL04-PR,Risco Médio,Alta
quinta-feira,BR-262,368.2,Pleno dia,Decrescente,Céu Claro,Dupla,Curva,-19.96068,-44.33713,DEL01-MG,Risco Médio,Média
terça-feira,BR-101,95.0,Pleno dia,Decrescente,Nublado,Dupla,Interseção de vias,-5.840768,-35.21036,DEL01-RN,Risco Médio,Alta
sábado,BR-101,139.0,Pleno dia,Decrescente,Nublado,Dupla,Curva,-27.0386,-48.6028,DEL04-SC,Risco Médio,Alta
domingo,BR-262,821.4,Plena Noite,Crescente,Céu Claro,Dupla,Reta,-19.76206,-48.1388,DEL13-MG,Risco Baixo,Média
terça-feira,BR-70,125.0,Plena Noite,Decrescente,Céu Claro,Simples,Reta,-15.59462,-53.1644,DEL07-MT,Risco Baixo,Baixa
sábado,BR-135,552.0,Pleno dia,Crescente,Céu Claro,Simples,Reta,-10.12504,-45.23347,DEL03-PI,Risco Médio,Baixa
sábado,BR-116,168.0,Plena Noite,Decrescente,Céu Claro,Dupla,Reta,-22.81997,-43.315,DEL01-RJ,Risco Médio,Alta
quarta-feira,BR-10,97.0,Plena Noite,Decrescente,Céu Claro,Simples,Reta,-3.59428,-47.48991,DEL02-PA,Risco Médio,Baixa
sexta-feira,BR-392,66.9,Pleno dia,Crescente,Céu Claro,Simples,Interseção de vias,-31.76275,-52.39165,DEL07-RS,Risco Médio,Média
terça-feira,BR-101,255.5,Plena Noite,Decrescente,Céu Claro,Simples,Interseção de vias,-20.11488,-40.31944,DEL02-ES,Risco Médio,Alta
domingo,BR-135,85.0,Plena Noite,Decrescente,Nublado,Simples,Reta,-3.256811,-44.38822,DEL01-MA,Risco Médio,Baixa
sexta-feira,BR-476,153.0,Pleno dia,Decrescente,Nublado,Dupla,Reta,-25.57731,-49.39234,DEL01-PR,Risco Médio,Baixa
quinta-feira,BR-222,1.1,Pleno dia,Decrescente,Céu Claro,Dupla,Reta,-3.737804,-38.57806,DEL01-CE,Risco Médio,Baixa
sábado,BR-364,345.8,Plena Noite,Crescente,Céu Claro,Dupla,Reta,-10.86881,-61.96018,DEL02-RO,Risco Médio,Alta
sábado,BR-101,85.9,Pleno dia,Decrescente,Céu Claro,Dupla,Ponte,-5.777664,-35.24937,DEL02-RN,Risco Médio,Alta
domingo,BR-282,406.0,Pleno dia,Crescente,Céu Claro,Simples,Rotatória,-27.0927,-51.6599,DEL07-SC,Risco Baixo,Baixa
quarta-feira,BR-364,509.0,Pleno dia,Decrescente,Céu Claro,Simples,Reta,-15.09278,-56.51827,DEL01-MT,Risco Baixo,Alta
domingo,BR-365,620.0,Pleno dia,Crescente,Céu Claro,Dupla,Reta,-18.9035,-48.28131,DEL15-MG,Risco Médio,Média
segunda-feira,BR-280,28.4,Pleno dia,Crescente,Céu Claro,Simples,Reta,-26.4045,-48.74561,DEL03-SC,Risco Médio,Baixa
domingo,BR-324,618.0,Pleno dia,Crescente,Céu Claro,Múltipla,Reta,-12.89111,-38.44537,DEL01-BA,Risco Alto,Baixa
quarta-feira,BR-459,15.9,Plena Noite,Decrescente,Garoa/Chuvisco,Simples,Reta,-22.62007,-45.16522,DEL08-SP,Risco Médio,Baixa
sábado,BR-60,383.9,Plena Noite,Decrescente,Céu Claro,Dupla,Reta,-17.79022,-50.90655,DEL04-GO,Risco Baixo,Média
domingo,BR-101,13.0,Plena Noite,Decrescente,Chuva,Simples,Reta,-29.76488,-50.16974,DEL03-RS,Risco Médio,Alta
sábado,BR-116,152.0,Plena Noite,Decrescente,Garoa/Chuvisco,Simples,Reta,-25.86262,-49.36192,DEL01-PR,Risco Baixo,Alta
quarta-feira,BR-116,146.3,Plena Noite,Crescente,Céu Claro,Dupla,Não Informado,-23.19123,-45.86328,DEL02-SP,Risco Médio,Alta
quinta-feira,BR-163,72.6,Pleno dia,Crescente,Céu Claro,Simples,Reta,-26.71909,-53.51578,DEL07-SC,Risco Médio,Alta
domingo,BR-116,128.0,Pleno dia,Decrescente,Garoa/Chuvisco,Dupla,Reta,-25.62151,-49.31622,DEL01-PR,Risco Médio,Alta
sábado,BR-262,429.2,Plena Noite,Decrescente,Céu Claro,Dupla,Reta,-19.88839,-44.79614,DEL08-MG,Risco Médio,Média
domingo,BR-153,671.0,Pleno dia,Crescente,Céu Claro,Dupla,Reta,-11.72076,-49.07714,DEL01-TO,Risco Médio,Alta
terça-feira,BR-163,823.5,Plena Noite,Crescente,Nublado,Dupla,Reta,-12.09451,-55.51767,DEL06-MT,Risco Médio,Alta
quinta-feira,BR-10,313.0,Pleno dia,Decrescente,Chuva,Simples,Desvio Temporário,-1.693098,-47.50216,DEL01-PA,Risco Baixo,Baixa
quarta-feira,BR-493,19.6,Plena Noite,Decrescente,Nublado,Simples,Reta,-22.66638,-43.0277,DEL02-RJ,Risco Médio,Baixa
terça-feira,BR-116,166.5,Plena Noite,Crescente,Céu Claro,Múltipla,Reta,-22.80094,-43.35185,DEL01-RJ,Risco Médio,Alta
domingo,BR-428,189.0,Anoitecer,Crescente,Nublado,Dupla,Interseção de vias,-9.371975,-40.4868,DEL06-PE,Risco Baixo,Baixa
quinta-feira,BR-230,131.1,Pleno dia,Decrescente,Sol,Dupla,Reta,-7.277458,-35.73581,DEL02-PB,Risco Médio,Baixa
sexta-feira,BR-116,117.0,Plena Noite,Decrescente,Vento,Dupla,Reta,-23.05823,-45.6177,DEL02-SP,Risco Médio,Alta
segunda-feira,BR-70,737.5,Amanhecer,Decrescente,Céu Claro,Simples,Reta,-16.12032,-57.664,DEL03-MT,Risco Alto,Baixa
sexta-feira,BR-381,359.0,Pleno dia,Decrescente,Nublado,Simples,Curva,-19.83835,-43.18463,DEL03-MG,Risco Médio,Alta
terça-feira,BR-476,129.0,Pleno dia,Crescente,Garoa/Chuvisco,Múltipla,Reta,-25.44098,-49.23371,DEL01-PR,Risco Médio,Baixa
quarta-feira,BR-470,254.2,Pleno dia,Decrescente,Céu Claro,Simples,Curva,-29.43152,-51.51361,DEL06-RS,Risco Alto,Baixa
sábado,BR-101,209.0,Plena Noite,Crescente,Céu Claro,Múltipla,Reta,-27.60931,-48.63795,DEL01-SC,Risco Baixo,Alta
sexta-feira,BR-116,132.5,Plena Noite,Decrescente,Garoa/Chuvisco,Dupla,Reta,-22.65703,-43.13458,DEL02-RJ,Risco Baixo,Alta
segunda-feira,BR-40,758.5,Anoitecer,Decrescente,Garoa/Chuvisco,Simples,Reta,-21.55351,-43.50773,DEL05-MG,Risco Médio,Alta
domingo,BR-101,192.0,Pleno dia,Crescente,Céu Claro,Simples,Desvio Temporário,-27.48444,-48.64765,DEL01-SC,Risco Médio,Alta
sábado,BR-230,137.1,Pleno dia,Decrescente,Nublado,Dupla,Curva,-7.2766,-35.7739,DEL02-PB,Risco Médio,Baixa
sexta-feira,BR-316,286.3,Pleno dia,Crescente,Céu Claro,Simples,Curva,-6.970633,-41.64427,DEL04-PI,Risco Médio,Baixa
sábado,BR-70,735.0,Plena Noite,Decrescente,Céu Claro,Simples,Não Informado,-16.07468,-57.7032,DEL03-MT,Risco Médio,Baixa
domingo,BR-101,129.4,Pleno dia,Decrescente,Nublado,Simples,Não Informado,-9.758461,-36.07001,DEL02-AL,Risco Médio,Alta
quarta-feira,BR-376,445.2,Pleno dia,Crescente,Garoa/Chuvisco,Dupla,Curva,-24.84988,-50.4721,DEL03-PR,Risco Baixo,Baixa
sábado,BR-319,60.9,Plena Noite,Decrescente,Céu Claro,Dupla,Rotatória,-8.740204,-63.8903,DEL01-RO,Risco Médio,Baixa
sábado,BR-20,5.7,Pleno dia,Crescente,Céu Claro,Simples,Reta,-15.55527,-47.30691,DEL02-DF,Risco Médio,Baixa
segunda-feira,BR-40,602.3,Pleno dia,Decrescente,Céu Claro,Simples,Não Informado,-20.44118,-43.84081,DEL05-MG,Risco Baixo,Alta
quinta-feira,BR-101,211.5,Plena Noite,Decrescente,Céu Claro,Simples,Curva,-10.0108,-36.61368,DEL02-AL,Risco Alto,Alta
quinta-feira,BR-116,153.0,Pleno dia,Decrescente,Céu Claro,Simples,Reta,-23.23363,-45.91486,DEL02-SP,Risco Médio,Alta
terça-feira,BR-343,485.5,Plena Noite,Decrescente,Nublado,Simples,Reta,-6.162663,-42.7096,DEL01-PI,Risco Alto,Baixa
sexta-feira,BR-480,130.7,Pleno dia,Decrescente,Sol,Simples,Reta,-27.06234,-52.63288,DEL07-SC,Risco Médio,Baixa
quinta-feira,BR-116,279.0,Plena Noite,Crescente,Chuva,Dupla,Não Informado,-22.5096,-44.21843,DEL07-RJ,Risco Médio,Alta
domingo,BR-70,371.0,Plena Noite,Crescente,Céu Claro,Simples,Desvio Temporário,-15.7688,-48.73964,DEL04-GO,Risco Baixo,Baixa
quinta-feira,BR-364,269.1,Pleno dia,Crescente,Sol,Dupla,Reta,-15.97423,-54.938,DEL02-MT,Risco Médio,Alta
terça-feira,BR-282,554.0,Pleno dia,Crescente,Sol,Simples,Curva,-26.936,-52.7941,DEL07-SC,Risco Médio,Baixa
sexta-feira,BR-163,110.8,Plena Noite,Crescente,Céu Claro,Simples,Reta,-26.40508,-53.52432,DEL07-SC,Risco Médio,Alta
quarta-feira,BR-20,417.6,Pleno dia,Crescente,Céu Claro,Simples,Reta,-3.87821,-38.626,DEL01-CE,Risco Baixo,Baixa
quarta-feira,BR-222,205.8,Pleno dia,Crescente,Chuva,Simples,Curva,-3.781783,-40.23049,DEL04-CE,Risco Médio,Baixa
domingo,BR-262,368.9,Pleno dia,Crescente,Sol,Dupla,Reta,-19.9573,-44.34279,DEL01-MG,Risco Alto,Média
terça-feira,BR-277,2.7,Pleno dia,Crescente,Céu Claro,Dupla,Reta,-25.54957,-48.54996,DEL01-PR,Risco Médio,Média
sábado,BR-381,488.2,Pleno dia,Crescente,Céu Claro,Dupla,Não Informado,-19.95987,-44.1549,DEL01-MG,Risco Médio,Alta
sábado,BR-262,717.5,Pleno dia,Decrescente,Céu Claro,Simples,Reta,-19.43651,-57.44371,DEL03-MS,Risco Baixo,Média
quinta-feira,BR-470,68.0,Pleno dia,Decrescente,Nublado,Simples,Não Informado,-26.87761,-49.23923,DEL04-SC,Risco Médio,Baixa
quarta-feira,BR-101,37.0,Pleno dia,Crescente,Sol,Dupla,Reta,-26.28477,-48.88827,DEL03-SC,Risco Médio,Alta
quarta-feira,BR-381,483.0,Plena Noite,Crescente,Céu Claro,Dupla,Reta,-19.9596,-44.0877,DEL01-MG,Risco Médio,Alta
terça-feira,BR-101,95.0,Pleno dia,Decrescente,Chuva,Dupla,Curva,-21.8696,-41.54712,DEL08-RJ,Risco Baixo,Alta
sexta-feira,BR-262,143.4,Pleno dia,Decrescente,Céu Claro,Simples,Reta,-20.44588,-52.87181,DEL07-MS,Risco Médio,Média
sábado,BR-116,154.3,Plena Noite,Crescente,Céu Claro,Dupla,Reta,-23.23904,-45.92062,DEL02-SP,Risco Baixo,Alta
sexta-feira,BR-116,227.0,Plena Noite,Crescente,Chuva,Múltipla,Reta,-23.49659,-46.55649,DEL01-SP,Risco Baixo,Alta
quarta-feira,BR-101,321.0,Amanhecer,Decrescente,Ignorado,Simples,Reta,-13.44769,-39.42066,DEL05-BA,Risco Médio,Alta
quinta-feira,BR-101,149.0,Pleno dia,Decrescente,Nublado,Múltipla,Reta,-19.39619,-40.06436,DEL04-ES,Risco Médio,Alta
segunda-feira,BR-285,296.1,Anoitecer,Decrescente,Céu Claro,Simples,Não Informado,-28.23238,-52.4039,DEL08-RS,Risco Médio,Baixa
segunda-feira,BR-116,404.0,Amanhecer,Crescente,Chuva,Simples,Não Informado,-12.08417,-38.96916,DEL02-BA,Risco Médio,Alta
terça-feira,BR-163,851.0,Pleno dia,Decrescente,Nublado,Simples,Não Informado,-11.78743,-55.47617,DEL06-MT,Risco Médio,Alta
sábado,BR-386,394.0,Pleno dia,Crescente,Céu Claro,Dupla,Reta,-29.71834,-51.64288,DEL04-RS,Risco Médio,Média
sábado,BR-40,576.6,Plena Noite,Crescente,Céu Claro,Simples,Reta,-20.26486,-43.95735,DEL01-MG,Risco Médio,Alta
sábado,BR-116,755.0,Pleno dia,Crescente,Céu Claro,Simples,Reta,-14.46451,-40.34348,DEL08-BA,Risco Médio,Alta
domingo,BR-262,484.0,Plena Noite,Crescente,Céu Claro,Simples,Reta,-19.7854,-45.28487,DEL08-MG,Risco Baixo,Média
quarta-feira,BR-376,181.9,Pleno dia,Crescente,Céu Claro,Dupla,Reta,-23.43197,-51.88672,DEL09-PR,Risco Médio,Baixa
segunda-feira,BR-282,496.1,Plena Noite,Crescente,Ignorado,Simples,Reta,-26.88009,-52.35557,DEL07-SC,Risco Médio,Baixa
sábado,BR-290,96.0,Pleno dia,Crescente,Céu Claro,Dupla,Reta,-29.99211,-51.20452,DEL01-RS,Risco Médio,Baixa
segunda-feira,BR-277,4.3,Plena Noite,Crescente,Céu Claro,Simples,Não Informado,-25.55359,-48.55133,DEL01-PR,Risco Médio,Média
sexta-feira,BR-386,295.0,Pleno dia,Crescente,Céu Claro,Simples,Curva,-29.12888,-52.25131,DEL04-RS,Risco Médio,Média
sábado,BR-101,313.0,Plena Noite,Decrescente,Céu Claro,Dupla,Reta,-22.8096,-43.0687,DEL02-RJ,Risco Baixo,Alta
terça-feira,BR-277,395.0,Amanhecer,Crescente,Nublado,Simples,Reta,-25.44527,-51.87794,DEL08-PR,Risco Médio,Média
quinta-feira,BR-465,18.0,Pleno dia,Decrescente,Céu Claro,Simples,Reta,-22.82107,-43.62129,DEL01-RJ,Risco Médio,Baixa
sábado,BR-101,210.3,Pleno dia,Crescente,Céu Claro,Dupla,Reta,-27.61673,-48.64573,DEL01-SC,Risco Baixo,Alta
quinta-feira,BR-470,245.2,Pleno dia,Crescente,Sol,Simples,Reta,-27.31649,-50.52573,DEL05-SC,Risco Alto,Baixa
domingo,BR-60,232.0,Amanhecer,Decrescente,Céu Claro,Simples,Reta,-19.66057,-54.27708,DEL06-MS,Risco Médio,Média
sexta-feira,BR-116,358.7,Pleno dia,Crescente,Céu Claro,Dupla,Não Informado,-30.60713,-51.5406,DEL02-RS,Risco Médio,Alta
domingo,BR-153,243.5,Pleno dia,Decrescente,Céu Claro,Simples,Reta,-8.033266,-48.46588,DEL02-TO,Risco Baixo,Alta
quinta-feira,BR-163,313.2,Pleno dia,Crescente,Céu Claro,Múltipla,Reta,-21.86897,-54.52698,DEL02-MS,Risco Médio,Alta
sábado,BR-116,115.1,Plena Noite,Decrescente,Nublado,Simples,Reta,-16.55656,-41.50193,DEL11-MG,Risco Médio,Alta
domingo,BR-40,693.0,Pleno dia,Crescente,Céu Claro,Dupla,Reta,-21.1524,-43.75786,DEL05-MG,Risco Médio,Alta
quarta-feira,BR-20,17.7,Plena Noite,Crescente,Chuva,Dupla,Reta,-15.62137,-47.71698,DEL02-DF,Risco Médio,Baixa
sexta-feira,BR-262,547.4,Plena Noite,Crescente,Céu Claro,Simples,Curva,-19.74019,-45.86035,DEL08-MG,Risco Alto,Média
domingo,BR-262,435.0,Plena Noite,Crescente,Nublado,Dupla,Interseção de vias,-19.8822,-44.9062,DEL08-MG,Risco Baixo,Média
quarta-feira,BR-424,16.0,Plena Noite,Crescente,Céu Claro,Simples,Reta,-8.499368,-36.97406,DEL03-PE,Risco Médio,Baixa
quarta-feira,BR-262,304.5,Plena Noite,Crescente,Céu Claro,Simples,Reta,-20.48647,-54.33352,DEL01-MS,Risco Médio,Média
sexta-feira,BR-393,199.8,Plena Noite,Crescente,Céu Claro,Simples,Reta,-22.23315,-43.41975,DEL05-RJ,Risco Médio,Média
quinta-feira,BR-163,758.0,Plena Noite,Crescente,Céu Claro,Dupla,Não Informado,-12.61121,-55.75814,DEL06-MT,Risco Médio,Alta
sexta-feira,BR-116,178.5,Plena Noite,Decrescente,Céu Claro,Dupla,Reta,-22.74845,-43.44363,DEL01-RJ,Risco Médio,Alta
quinta-feira,BR-163,826.0,Pleno dia,Decrescente,Céu Claro,Dupla,Interseção de vias,-11.93903,-55.51539,DEL06-MT,Risco Médio,Alta
domingo,BR-282,31.9,Pleno dia,Crescente,Garoa/Chuvisco,Simples,Retorno Regulamentado,-27.70161,-48.80097,DEL01-SC,Risco Alto,Baixa
terça-feira,BR-60,177.7,Pleno dia,Decrescente,Céu Claro,Dupla,Desvio Temporário,-16.76528,-49.46959,DEL01-GO,Risco Médio,Média
segunda-feira,BR-101,305.0,Pleno dia,Decrescente,Céu Claro,Dupla,Curva,-20.38392,-40.46125,DEL01-ES,Risco Baixo,Alta
sexta-feira,BR-60,97.0,Pleno dia,Decrescente,Céu Claro,Dupla,Reta,-16.3774,-48.9483,DEL02-GO,Risco Baixo,Média
quarta-feira,BR-476,331.2,Pleno dia,Decrescente,Sol,Simples,Reta,-26.11696,-50.82068,DEL02-PR,Risco Médio,Baixa
sexta-feira,BR-222,21.0,Pleno dia,Decrescente,Céu Claro,Simples,Reta,-3.735556,-38.74628,DEL01-CE,Risco Médio,Baixa
terça-feira,BR-280,123.7,Plena Noite,Crescente,Céu Claro,Simples,Reta,-26.24319,-49.46904,DEL06-SC,Risco Alto,Baixa
quinta-feira,BR-277,586.0,Pleno dia,Crescente,Nublado,Simples,Não Informado,-24.96672,-53.42456,DEL04-PR,Risco Médio,Média
segunda-feira,BR-470,124.2,Pleno dia,Crescente,Chuva,Simples,Curva,-27.11586,-49.59232,DEL04-SC,Risco Médio,Baixa
sexta-feira,BR-153,493.0,Plena Noite,Decrescente,Chuva,Dupla,Não Informado,-16.6537,-49.2172,DEL01-GO,Risco Médio,Alta
segunda-feira,BR-20,20.0,Plena Noite,Crescente,Céu Claro,Dupla,Desvio Temporário,-15.60791,-47.69279,DEL02-DF,Risco Médio,Baixa
quinta-feira,BR-101,98.0,Plena Noite,Crescente,Chuva,Simples,Interseção de vias,-12.07772,-38.34467,DEL01-BA,Risco Baixo,Alta
sábado,BR-116,143.0,Pleno dia,Decrescente,Céu Claro,Múltipla,Reta,-22.65237,-43.23918,DEL01-RJ,Risco Médio,Alta
terça-feira,BR-153,568.0,Plena Noite,Crescente,Céu Claro,Dupla,Reta,-17.2854,-49.2361,DEL03-GO,Risco Baixo,Alta
quinta-feira,BR-101,258.0,Pleno dia,Decrescente,Céu Claro,Dupla,Não Informado,-20.1306,-40.2961,DEL02-ES,Risco Médio,Alta
terça-feira,BR-40,520.7,Plena Noite,Decrescente,Chuva,Dupla,Reta,-19.85288,-44.07206,DEL01-MG,Risco Médio,Alta
quinta-feira,BR-163,289.0,Pleno dia,Crescente,Nublado,Simples,Curva,-24.52026,-54.06956,DEL06-PR,Risco Médio,Alta
segunda-feira,BR-356,266.7,Pleno dia,Crescente,Céu Claro,Simples,Curva,-21.12927,-42.35925,DEL07-MG,Risco Médio,Baixa
segunda-feira,BR-343,173.7,Anoitecer,Crescente,Céu Claro,Simples,Reta,-4.193971,-41.78489,DEL02-PI,Risco Alto,Baixa
quinta-feira,BR-70,4.8,Pleno dia,Decrescente,Sol,Dupla,Reta,-15.79811,-48.08932,DEL01-DF,Risco Médio,Baixa
sexta-feira,BR-262,412.0,Anoitecer,Crescente,Céu Claro,Dupla,Reta,-19.8975,-44.6994,DEL08-MG,Risco Médio,Média
domingo,BR-101,270.0,Plena Noite,Crescente,Ignorado,Múltipla,Reta,-20.22711,-40.27123,DEL02-ES,Risco Médio,Alta
quarta-feira,BR-381,387.1,Plena Noite,Crescente,Céu Claro,Simples,Reta,-19.81249,-43.3991,DEL01-MG,Risco Baixo,Alta
quinta-feira,BR-153,58.8,Plena Noite,Decrescente,Nublado,Simples,Reta,-20.78678,-49.3539,DEL09-SP,Risco Baixo,Alta
quarta-feira,BR-101,67.0,Pleno dia,Decrescente,Nublado,Simples,Reta,-21.76751,-41.34876,DEL08-RJ,Risco Médio,Alta
domingo,BR-282,45.9,Pleno dia,Decrescente,Céu Claro,Simples,Não Informado,-27.71985,-48.91613,DEL01-SC,Risco Médio,Baixa
quarta-feira,BR-163,1028.0,Pleno dia,Decrescente,Céu Claro,Simples,Não Informado,-10.20819,-54.96198,DEL06-MT,Risco Médio,Alta
sábado,BR-153,59.0,Plena Noite,Decrescente,Vento,Simples,Não Informado,-18.88623,-49.05195,DEL15-MG,Risco Médio,Alta
quarta-feira,BR-20,421.0,Plena Noite,Crescente,Céu Claro,Dupla,Reta,-3.76999,-38.67006,DEL01-CE,Risco Médio,Baixa
domingo,BR-153,19.5,Plena Noite,Decrescente,Nublado,Simples,Não Informado,-23.15471,-49.95704,DEL07-PR,Risco Médio,Alta
sexta-feira,BR-116,96.0,Pleno dia,Crescente,Céu Claro,Múltipla,Reta,-25.50485,-49.12323,DEL01-PR,Risco Médio,Alta
domingo,BR-459,12.0,Pleno dia,Crescente,Garoa/Chuvisco,Simples,Curva,-21.81799,-46.46097,DEL09-MG,Risco Médio,Baixa
domingo,BR-153,134.7,Plena Noite,Crescente,Céu Claro,Simples,Reta,-19.51436,-48.8403,DEL15-MG,Risco Baixo,Alta
quarta-feira,BR-116,133.9,Anoitecer,Crescente,Chuva,Dupla,Reta,-23.13597,-45.75329,DEL06-SP,Risco Médio,Alta
segunda-feira,BR-116,271.5,Plena Noite,Decrescente,Nublado,Simples,Reta,-22.56088,-44.12224,DEL07-RJ,Risco Médio,Alta
segunda-feira,BR-135,66.1,Pleno dia,Crescente,Nublado,Simples,Reta,-3.10578,-44.32277,DEL01-MA,Risco Baixo,Baixa
sexta-feira,BR-116,137.1,Pleno dia,Crescente,Céu Claro,Dupla,Reta,-22.6438,-43.22657,DEL04-RJ,Risco Médio,Alta
domingo,BR-40,11.6,Plena Noite,Crescente,Nublado,Dupla,Curva,-22.05251,-43.1958,DEL06-RJ,Risco Médio,Alta
sexta-feira,BR-364,258.0,Pleno dia,Decrescente,Céu Claro,Simples,Reta,-16.05651,-54.88351,DEL02-MT,Risco Baixo,Alta
terça-feira,BR-369,155.0,Pleno dia,Decrescente,Nublado,Múltipla,Não Informado,-23.29572,-51.20851,DEL07-PR,Risco Médio,Baixa
domingo,BR-222,368.5,Pleno dia,Decrescente,Céu Claro,Simples,Reta,-3.732067,-45.42979,DEL02-MA,Risco Alto,Baixa
sexta-feira,BR-163,575.5,Plena Noite,Decrescente,Céu Claro,Simples,Não Informado,-14.01775,-56.0982,DEL01-MT,Risco Médio,Alta
quarta-feira,BR-116,530.6,Pleno dia,Crescente,Nublado,Múltipla,Retorno Regulamentado,-19.81067,-42.13539,DEL06-MG,Risco Médio,Alta
segunda-feira,BR-101,858.0,Pleno dia,Crescente,Céu Claro,Simples,Desvio Temporário,-17.58554,-39.74108,DEL09-BA,Risco Médio,Alta
quarta-feira,BR-364,696.0,Anoitecer,Crescente,Nublado,Dupla,Curva,-8.801784,-63.74445,DEL01-RO,Risco Médio,Alta
quarta-feira,BR-116,830.0,Pleno dia,Crescente,Céu Claro,Simples,Não Informado,-14.90506,-40.87131,DEL08-BA,Risco Baixo,Alta
segunda-feira,BR-101,33.0,Anoitecer,Crescente,Céu Claro,Dupla,Retorno Regulamentado,-29.50287,-49.97956,DEL03-RS,Risco Médio,Alta
sábado,BR-242,460.0,Plena Noite,Decrescente,Chuva,Múltipla,Reta,-11.80391,-49.59077,DEL01-TO,Risco Médio,Baixa
quarta-feira,BR-324,1.3,Pleno dia,Decrescente,Nublado,Simples,Interseção de vias,-12.28285,-38.94643,DEL02-BA,Risco Médio,Baixa
sexta-feira,BR-110,59.7,Plena Noite,Crescente,Céu Claro,Simples,Reta,-5.299045,-37.33059,DEL04-RN,Risco Médio,Baixa
sábado,BR-427,36.0,Pleno dia,Crescente,Chuva,Simples,Curva,-6.761367,-37.78089,DEL03-PB,Risco Alto,Baixa
quinta-feira,BR-392,303.0,Pleno dia,Decrescente,Céu Claro,Simples,Não Informado,-30.11985,-53.61779,DEL09-RS,Risco Médio,Média
domingo,BR-101,159.7,Pleno dia,Crescente,Céu Claro,Simples,Reta,-19.4684,-40.11026,DEL04-ES,Risco Médio,Alta
domingo,BR-381,616.9,Plena Noite,Crescente,Ignorado,Dupla,Viaduto,-20.75305,-44.77476,DEL04-MG,Risco Médio,Alta
quarta-feira,BR-101,282.5,Amanhecer,Decrescente,Céu Claro,Múltipla,Reta,-28.19626,-48.6974,DEL02-SC,Risco Médio,Alta
quarta-feira,BR-414,404.8,Plena Noite,Crescente,Céu Claro,Simples,Não Informado,-16.009,-48.84163,DEL02-GO,Risco Baixo,Baixa
sexta-feira,BR-158,93.0,Pleno dia,Decrescente,Nublado,Dupla,Reta,-19.67488,-51.20365,DEL08-MS,Risco Médio,Baixa
quinta-feira,BR-153,387.0,Pleno dia,Decrescente,Céu Claro,Simples,Reta,-25.85786,-50.8416,DEL02-PR,Risco Médio,Alta
segunda-feira,BR-116,216.0,Anoitecer,Crescente,Nublado,Simples,Reta,-23.45057,-46.46258,DEL01-SP,Risco Médio,Alta
domingo,BR-116,42.8,Anoitecer,Decrescente,Céu Claro,Simples,Reta,-28.53097,-50.95378,DEL05-RS,Risco Médio,Alta
segunda-feira,BR-101,204.0,Plena Noite,Crescente,Nublado,Múltipla,Reta,-27.57413,-48.61363,DEL01-SC,Risco Médio,Alta
sexta-feira,BR-50,177.0,Plena Noite,Decrescente,Céu Claro,Dupla,Não Informado,-19.77915,-47.95048,DEL13-MG,Risco Médio,Média
quinta-feira,BR-427,104.5,Plena Noite,Crescente,Céu Claro,Simples,Interseção de vias,-6.429036,-37.08358,DEL03-RN,Risco Médio,Baixa
segunda-feira,BR-50,193.6,Anoitecer,Decrescente,Nublado,Dupla,Reta,-19.8802,-47.85337,DEL13-MG,Risco Médio,Média
quinta-feira,BR-174,380.0,Amanhecer,Crescente,Ignorado,Simples,Reta,-14.5432,-59.5418,DEL04-MT,Risco Baixo,Baixa
sexta-feira,BR-153,503.0,Pleno dia,Crescente,Céu Claro,Dupla,Reta,-16.7366,-49.243,DEL01-GO,Risco Baixo,Alta
domingo,BR-101,1.0,Plena Noite,Decrescente,Nublado,Dupla,Reta,-29.3073,-49.7728,DEL03-RS,Risco Baixo,Alta
quarta-feira,BR-232,57.1,Pleno dia,Crescente,Nublado,Dupla,Reta,-8.141034,-35.38119,DEL01-PE,Risco Baixo,Baixa