dia_semana,br,km,fase_dia,sentido_via,condicao_metereologica,tipo_pista,tracado_via,latitude,longitude,delegacia,classificacao_acidente,postos_policiais_PRF
domingo,BR-277,83.0,Pleno dia,Crescente,Nublado,Dupla,Curva,-25.42343,-49.24072,DEL01-PR,Risco Médio,Média
segunda-feira,BR-407,211.0,Pleno dia,Decrescente,Céu Claro,Simples,Desvio Temporário,-11.21015,-40.03487,DEL04-BA,Risco Baixo,Baixa
quinta-feira,BR-116,167.4,Pleno dia,Decrescente,Nublado,Simples,Reta,-25.87907,-49.49202,DEL01-PR,Risco Médio,Alta
terça-feira,BR-267,64.9,Pleno dia,Crescente,Céu Claro,Simples,Reta,-21.73177,-43.08261,DEL05-MG,Risco Médio,Baixa
domingo,BR-226,116.4,Pleno dia,Crescente,Céu Claro,Simples,Reta,-6.194071,-36.05036,DEL03-RN,Risco Médio,Baixa
quarta-feira,BR-174,988.0,Amanhecer,Decrescente,Céu Claro,Simples,Desvio Temporário,-2.0691,-60.01831,DEL01-AM,Risco Baixo,Baixa
quinta-feira,BR-116,78.9,Pleno dia,Decrescente,Nublado,Simples,Reta,-22.37409,-42.9526,DEL04-RJ,Risco Médio,Alta
quarta-feira,BR-277,9.0,Plena Noite,Crescente,Chuva,Dupla,Reta,-25.5682,-48.61529,DEL01-PR,Risco Baixo,Média
segunda-feira,BR-282,260.3,Pleno dia,Decrescente,Sol,Simples,Curva,-27.64496,-50.59391,DEL05-SC,Risco Médio,Baixa
quinta-feira,BR-101,249.9,Pleno dia,Decrescente,Chuva,Simples,Reta,-20.07372,-40.35346,DEL02-ES,Risco Médio,Alta
domingo,BR-101,95.0,Plena Noite,Decrescente,Garoa/Chuvisco,Dupla,Reta,-7.223794,-34.91488,DEL01-PB,Risco Médio,Alta
quarta-feira,BR-365,636.0,Plena Noite,Decrescente,Céu Claro,Dupla,Não Informado,-18.8962,-48.39387,DEL15-MG,Risco Baixo,Média
segunda-feira,BR-116,463.0,Pleno dia,Decrescente,Sol,Dupla,Reta,-24.62904,-47.90228,DEL05-SP,Risco Médio,Alta
segunda-feira,BR-116,460.0,Pleno dia,Crescente,Garoa/Chuvisco,Dupla,Reta,-12.4418,-39.2331,DEL02-BA,Risco Baixo,Alta
segunda-feira,BR-354,712.3,Pleno dia,Crescente,Céu Claro,Simples,Não Informado,-22.04873,-44.92666,DEL17-MG,Risco Médio,Baixa
sexta-feira,BR-290,420.6,Plena Noite,Crescente,Céu Claro,Dupla,Curva,-30.3407,-54.34082,DEL11-RS,Risco Baixo,Baixa
sexta-feira,BR-10,176.2,Pleno dia,Crescente,Céu Claro,Simples,Rotatória,-2.893731,-47.43351,DEL02-PA,Risco Médio,Baixa
segunda-feira,BR-316,80.0,Anoitecer,Decrescente,Garoa/Chuvisco,Simples,Não Informado,-9.345937,-37.27811,DEL03-AL,Risco Alto,Baixa
sábado,BR-163,833.0,Plena Noite,Crescente,Nublado,Dupla,Reta,-12.00483,-55.51713,DEL06-MT,Risco Médio,Alta
domingo,BR-316,264.0,Plena Noite,Decrescente,Céu Claro,Múltipla,Não Informado,-9.588476,-35.86968,DEL02-AL,Risco Médio,Baixa
domingo,BR-116,123.0,Pleno dia,Crescente,Sol,Dupla,Reta,-22.6617,-43.0935,DEL04-RJ,Risco Baixo,Alta
sexta-feira,BR-262,541.0,Pleno dia,Decrescente,Ignorado,Simples,Não Informado,-19.78457,-45.71538,DEL08-MG,Risco Médio,Média
domingo,BR-262,141.0,Pleno dia,Decrescente,Chuva,Simples,Curva,-20.22942,-41.37761,DEL01-ES,Risco Baixo,Média
terça-feira,BR-163,755.0,Pleno dia,Decrescente,Céu Claro,Simples,Reta,-18.30225,-54.66632,DEL06-MS,Risco Médio,Alta
quarta-feira,BR-116,1.0,Pleno dia,Crescente,Céu Claro,Dupla,Reta,-29.97037,-51.17666,DEL05-RS,Risco Médio,Alta
segunda-feira,BR-153,237.0,Pleno dia,Decrescente,Céu Claro,Simples,Reta,-14.8142,-49.2937,DEL07-GO,Risco Médio,Alta
quarta-feira,BR-476,131.1,Anoitecer,Decrescente,Ignorado,Dupla,Reta,-25.45897,-49.24976,DEL01-PR,Risco Médio,Baixa
segunda-feira,BR-101,200.0,Pleno dia,Decrescente,Nublado,Múltipla,Reta,-27.54019,-48.62288,DEL01-SC,Risco Médio,Alta
sexta-feira,BR-101,272.5,Anoitecer,Decrescente,Chuva,Dupla,Reta,-20.22436,-40.2873,DEL02-ES,Risco Médio,Alta
domingo,BR-369,490.2,Pleno dia,Crescente,Sol,Simples,Reta,-24.72126,-53.24721,DEL04-PR,Risco Médio,Baixa
terça-feira,BR-423,7.0,Pleno dia,Crescente,Céu Claro,Simples,Reta,-9.140021,-37.35109,DEL03-AL,Risco Médio,Baixa
quinta-feira,BR-262,239.2,Pleno dia,Decrescente,Céu Claro,Simples,Reta,-20.45732,-53.76098,DEL01-MS,Risco Médio,Média
quinta-feira,BR-272,369.5,Plena Noite,Decrescente,Céu Claro,Simples,Reta,-24.0565,-52.4144,DEL04-PR,Risco Médio,Baixa
segunda-feira,BR-324,620.0,Pleno dia,Crescente,Chuva,Dupla,Reta,-12.91124,-38.45709,DEL01-BA,Risco Baixo,Baixa
segunda-feira,BR-364,197.1,Pleno dia,Crescente,Céu Claro,Simples,Reta,-11.6788,-61.18789,DEL02-RO,Risco Médio,Alta
quarta-feira,BR-116,105.8,Pleno dia,Crescente,Céu Claro,Dupla,Reta,-25.56638,-49.16846,DEL01-PR,Risco Médio,Alta
domingo,BR-110,139.3,Plena Noite,Crescente,Nublado,Simples,Reta,-8.510837,-37.62352,DEL03-PE,Risco Médio,Baixa
segunda-feira,BR-101,805.0,Pleno dia,Crescente,Céu Claro,Simples,Curva,-16.9948,-39.5528,DEL09-BA,Risco Alto,Alta
quinta-feira,BR-116,300.0,Pleno dia,Decrescente,Chuva,Dupla,Desvio Temporário,-18.0156,-41.6146,DEL11-MG,Risco Médio,Alta
quinta-feira,BR-116,756.0,Plena Noite,Crescente,Chuva,Simples,Reta,-14.47044,-40.33908,DEL08-BA,Risco Baixo,Alta
terça-feira,BR-60,433.0,Pleno dia,Crescente,Céu Claro,Dupla,Reta,-17.8291,-51.3566,DEL04-GO,Risco Médio,Média
terça-feira,BR-364,847.0,Plena Noite,Decrescente,Céu Claro,Simples,Reta,-9.450755,-64.73677,DEL01-RO,Risco Médio,Alta
terça-feira,BR-153,239.1,Plena Noite,Crescente,Céu Claro,Simples,Reta,-7.952849,-48.44914,DEL02-TO,Risco Médio,Alta
sexta-feira,BR-153,16.5,Plena Noite,Crescente,Céu Claro,Dupla,Reta,-18.56471,-49.19377,DEL15-MG,Risco Médio,Alta
domingo,BR-116,271.0,Pleno dia,Crescente,Nublado,Dupla,Reta,-23.6097,-46.77154,DEL04-SP,Risco Médio,Alta
sexta-feira,BR-101,9.2,Pleno dia,Decrescente,Céu Claro,Dupla,Curva,-8.945169,-35.65863,DEL01-AL,Risco Médio,Alta
segunda-feira,BR-101,113.0,Pleno dia,Crescente,Nublado,Dupla,Reta,-26.85447,-48.72706,DEL04-SC,Risco Médio,Alta
quinta-feira,BR-70,522.0,Plena Noite,Decrescente,Céu Claro,Simples,Reta,-15.65434,-56.19138,DEL01-MT,Risco Médio,Baixa
domingo,BR-277,584.0,Pleno dia,Decrescente,Céu Claro,Múltipla,Não Informado,-24.96684,-53.40258,DEL04-PR,Risco Médio,Média
sexta-feira,BR-116,228.0,Pleno dia,Decrescente,Nublado,Simples,Reta,-23.50343,-46.56639,DEL01-SP,Risco Médio,Alta
quarta-feira,BR-316,34.0,Pleno dia,Crescente,Chuva,Dupla,Reta,-1.294448,-48.1725,DEL01-PA,Risco Médio,Baixa
sexta-feira,BR-373,265.7,Plena Noite,Decrescente,Céu Claro,Simples,Reta,-25.20466,-50.99231,DEL08-PR,Risco Médio,Baixa
sexta-feira,BR-381,453.5,Pleno dia,Decrescente,Nublado,Simples,Reta,-19.85594,-43.89662,DEL01-MG,Risco Médio,Alta
sexta-feira,BR-101,227.0,Pleno dia,Decrescente,Céu Claro,Dupla,Interseção de vias,-27.75091,-48.6346,DEL01-SC,Risco Médio,Alta
sábado,BR-70,1.0,Pleno dia,Decrescente,Céu Claro,Dupla,Não Informado,-15.77579,-48.23259,DEL01-DF,Risco Baixo,Baixa
domingo,BR-20,308.4,Plena Noite,Crescente,Nublado,Simples,Reta,-4.343666,-39.29718,DEL02-CE,Risco Alto,Baixa
domingo,BR-356,73.0,Plena Noite,Decrescente,Céu Claro,Simples,Reta,-21.40493,-41.68898,DEL08-RJ,Risco Médio,Baixa
quarta-feira,BR-101,199.0,Pleno dia,Crescente,Nublado,Dupla,Reta,-27.53414,-48.63003,DEL01-SC,Risco Médio,Alta
domingo,BR-110,318.0,Anoitecer,Crescente,Céu Claro,Simples,Reta,-12.01313,-38.36323,DEL01-BA,Risco Médio,Baixa
quinta-feira,BR-101,202.2,Pleno dia,Crescente,Céu Claro,Múltipla,Reta,-27.55712,-48.61898,DEL01-SC,Risco Médio,Alta
domingo,BR-40,11.0,Plena Noite,Decrescente,Céu Claro,Dupla,Reta,-16.14242,-47.94747,DEL01-DF,Risco Médio,Alta
sábado,BR-70,2.8,Amanhecer,Crescente,Céu Claro,Dupla,Reta,-15.76214,-48.23507,DEL01-DF,Risco Baixo,Baixa
quinta-feira,BR-470,55.9,Plena Noite,Decrescente,Garoa/Chuvisco,Simples,Reta,-26.87666,-49.12732,DEL04-SC,Risco Baixo,Baixa
sábado,BR-290,128.7,Pleno dia,Decrescente,Sol,Simples,Reta,-30.0571,-51.49001,DEL02-RS,Risco Médio,Baixa
terça-feira,BR-174,87.0,Pleno dia,Decrescente,Sol,Simples,Reta,-15.9273,-57.79521,DEL03-MT,Risco Médio,Baixa
sexta-feira,BR-153,513.0,Pleno dia,Decrescente,Céu Claro,Dupla,Reta,-16.8156,-49.2402,DEL01-GO,Risco Baixo,Alta
sexta-feira,BR-277,116.0,Pleno dia,Decrescente,Céu Claro,Simples,Interseção de vias,-25.43343,-49.40593,DEL01-PR,Risco Médio,Média
quarta-feira,BR-101,38.4,Anoitecer,Decrescente,Chuva,Dupla,Reta,-29.53675,-50.01173,DEL03-RS,Risco Médio,Alta
terça-feira,BR-101,204.0,Pleno dia,Decrescente,Céu Claro,Dupla,Reta,-27.57154,-48.61369,DEL01-SC,Risco Médio,Alta
quarta-feira,BR-101,7.1,Pleno dia,Crescente,Nublado,Dupla,Reta,-26.04447,-48.85956,DEL03-SC,Risco Baixo,Alta
segunda-feira,BR-20,9.0,Pleno dia,Decrescente,Céu Claro,Dupla,Retorno Regulamentado,-15.65467,-47.78292,DEL02-DF,Risco Baixo,Baixa
sábado,BR-20,44.0,Pleno dia,Crescente,Chuva,Simples,Não Informado,-15.3834,-47.10028,DEL02-DF,Risco Médio,Baixa
segunda-feira,BR-116,182.5,Pleno dia,Decrescente,Sol,Dupla,Reta,-22.75678,-43.43107,DEL01-RJ,Risco Médio,Alta
sábado,BR-262,36.0,Pleno dia,Crescente,Chuva,Simples,Reta,-20.3815,-40.601,DEL01-ES,Risco Médio,Média
sábado,BR-262,629.2,Pleno dia,Crescente,Céu Claro,Simples,Curva,-19.58618,-46.473,DEL08-MG,Risco Médio,Média
quarta-feira,BR-277,687.7,Plena Noite,Crescente,Céu Claro,Dupla,Interseção de vias,-25.34472,-54.23169,DEL05-PR,Risco Baixo,Média
quinta-feira,BR-230,504.0,Anoitecer,Crescente,Céu Claro,Simples,Reta,-6.8944,-38.5429,DEL03-PB,Risco Médio,Baixa
segunda-feira,BR-101,46.8,Plena Noite,Crescente,Nublado,Dupla,Reta,-7.874279,-34.90588,DEL01-PE,Risco Médio,Alta
sábado,BR-230,11.2,Pleno dia,Decrescente,Céu Claro,Múltipla,Retorno Regulamentado,-7.0596,-34.8506,DEL01-PB,Risco Baixo,Baixa
segunda-feira,BR-470,141.5,Plena Noite,Decrescente,Céu Claro,Simples,Não Informado,-27.22606,-49.66616,DEL04-SC,Risco Médio,Baixa
quarta-feira,BR-116,359.2,Pleno dia,Crescente,Nublado,Dupla,Curva,-24.10862,-47.2659,DEL04-SP,Risco Médio,Alta
quinta-feira,BR-365,740.8,Pleno dia,Crescente,Céu Claro,Simples,Não Informado,-18.91011,-49.35753,DEL15-MG,Risco Baixo,Média
quinta-feira,BR-392,270.4,Pleno dia,Crescente,Chuva,Simples,Curva,-30.39657,-53.50616,DEL09-RS,Risco Médio,Média
sábado,BR-60,5.0,Pleno dia,Crescente,Céu Claro,Dupla,Reta,-15.89544,-48.10477,DEL01-DF,Risco Médio,Média
segunda-feira,BR-101,139.9,Pleno dia,Crescente,Chuva,Simples,Curva,-8.432093,-35.32607,DEL01-PE,Risco Médio,Alta
quinta-feira,BR-235,3.5,Plena Noite,Crescente,Céu Claro,Dupla,Reta,-10.90596,-37.10313,DEL01-SE,Risco Médio,Baixa
quarta-feira,BR-282,632.6,Pleno dia,Crescente,Nublado,Simples,Curva,-26.82468,-53.41459,DEL07-SC,Risco Baixo,Baixa
sábado,BR-381,307.0,Pleno dia,Crescente,Chuva,Simples,Curva,-19.62319,-42.85732,DEL03-MG,Risco Médio,Alta
quinta-feira,BR-163,52.0,Amanhecer,Crescente,Céu Claro,Simples,Reta,-23.68712,-54.26664,DEL09-MS,Risco Baixo,Alta
quarta-feira,BR-101,45.0,Amanhecer,Crescente,Céu Claro,Dupla,Interseção de vias,-6.883229,-35.13035,DEL01-PB,Risco Baixo,Alta
quinta-feira,BR-293,16.0,Anoitecer,Crescente,Céu Claro,Simples,Reta,-31.74831,-52.4812,DEL07-RS,Risco Médio,Baixa
sábado,BR-381,510.0,Pleno dia,Crescente,Céu Claro,Múltipla,Reta,-20.0551,-44.28501,DEL01-MG,Risco Baixo,Alta
sexta-feira,BR-267,286.9,Pleno dia,Crescente,Nublado,Simples,Curva,-21.92461,-44.77878,DEL17-MG,Risco Médio,Baixa
segunda-feira,BR-364,435.7,Pleno dia,Decrescente,Céu Claro,Dupla,Reta,-15.63955,-56.20271,DEL01-MT,Risco Médio,Alta
sábado,BR-343,598.0,Plena Noite,Decrescente,Céu Claro,Dupla,Reta,-6.819801,-43.06037,DEL03-PI,Risco Médio,Baixa
sábado,BR-158,536.0,Plena Noite,Decrescente,Garoa/Chuvisco,Múltipla,Não Informado,-26.23827,-52.69238,DEL02-PR,Risco Médio,Baixa
quarta-feira,BR-364,12.0,Pleno dia,Decrescente,Céu Claro,Simples,Rotatória,-12.74097,-60.14628,DEL04-RO,Risco Médio,Alta
segunda-feira,BR-101,44.0,Plena Noite,Crescente,Chuva,Dupla,Reta,-26.31239,-48.87459,DEL03-SC,Risco Médio,Alta
quinta-feira,BR-163,560.0,Pleno dia,Decrescente,Sol,Simples,Desvio Temporário,-14.23756,-56.11786,DEL01-MT,Risco Alto,Alta
domingo,BR-40,4.0,Pleno dia,Crescente,Sol,Dupla,Reta,-16.01203,-47.98212,DEL01-DF,Risco Médio,Alta
sexta-feira,BR-407,130.0,Pleno dia,Decrescente,Céu Claro,Simples,Rotatória,-10.5003,-40.15881,DEL04-BA,Risco Médio,Baixa
sábado,BR-101,97.0,Pleno dia,Crescente,Sol,Múltipla,Curva,-26.7319,-48.7013,DEL03-SC,Risco Médio,Alta
segunda-feira,BR-135,9.0,Plena Noite,Decrescente,Chuva,Dupla,Não Informado,-2.649414,-44.28039,DEL01-MA,Risco Alto,Baixa
sábado,BR-101,138.2,Pleno dia,Crescente,Céu Claro,Simples,Reta,-9.809752,-36.11702,DEL02-AL,Risco Médio,Alta
sábado,BR-101,203.0,Pleno dia,Crescente,Sol,Múltipla,Não Informado,-27.56672,-48.614,DEL01-SC,Risco Baixo,Alta
sexta-feira,BR-376,305.0,Pleno dia,Decrescente,Nublado,Dupla,Curva,-23.93535,-51.1453,DEL07-PR,Risco Médio,Baixa
segunda-feira,BR-116,104.0,Plena Noite,Decrescente,Chuva,Simples,Não Informado,-26.74266,-50.31437,DEL06-SC,Risco Médio,Alta
terça-feira,BR-367,67.7,Anoitecer,Decrescente,Céu Claro,Simples,Reta,-16.38463,-39.44231,DEL09-BA,Risco Médio,Baixa
quinta-feira,BR-116,3.0,Pleno dia,Crescente,Céu Claro,Dupla,Reta,-23.44611,-46.4938,DEL01-SP,Risco Baixo,Alta
segunda-feira,BR-40,1.2,Pleno dia,Crescente,Chuva,Dupla,Reta,-15.98699,-47.98722,DEL01-DF,Risco Médio,Alta
domingo,BR-116,457.0,Plena Noite,Decrescente,Chuva,Dupla,Desvio Temporário,-12.42939,-39.20867,DEL02-BA,Risco Baixo,Alta
sábado,BR-101,162.0,Pleno dia,Crescente,Sol,Simples,Interseção de vias,-19.49163,-40.12726,DEL04-ES,Risco Alto,Alta
sábado,BR-369,142.1,Pleno dia,Crescente,Sol,Simples,Não Informado,-23.28692,-51.0762,DEL07-PR,Risco Médio,Baixa
domingo,BR-459,11.2,Pleno dia,Decrescente,Céu Claro,Dupla,Curva,-22.59073,-45.18304,DEL08-SP,Risco Médio,Baixa
sábado,BR-101,271.0,Pleno dia,Crescente,Céu Claro,Dupla,Reta,-22.72443,-42.69368,DEL02-RJ,Risco Médio,Alta
sexta-feira,BR-470,227.3,Pleno dia,Decrescente,Sol,Simples,Não Informado,-29.25892,-51.50884,DEL06-RS,Risco Médio,Baixa
segunda-feira,BR-40,188.0,Pleno dia,Crescente,Sol,Simples,Reta,-17.99689,-45.91093,DEL14-MG,Risco Alto,Alta
terça-feira,BR-376,175.2,Pleno dia,Decrescente,Sol,Dupla,Não Informado,-23.41368,-51.94761,DEL07-PR,Risco Médio,Baixa
domingo,BR-343,306.0,Plena Noite,Crescente,Céu Claro,Simples,Reta,-5.038756,-42.45089,DEL01-PI,Risco Médio,Baixa
sábado,BR-116,816.0,Pleno dia,Crescente,Céu Claro,Simples,Túnel,-21.86903,-42.67084,DEL07-MG,Risco Médio,Alta
sábado,BR-40,6.5,Pleno dia,Decrescente,Céu Claro,Dupla,Não Informado,-16.10081,-47.97735,DEL01-DF,Risco Médio,Alta
sexta-feira,BR-101,321.1,Pleno dia,Crescente,Sol,Simples,Reta,-22.86981,-43.11046,DEL02-RJ,Risco Médio,Alta
segunda-feira,BR-364,714.2,Pleno dia,Crescente,Céu Claro,Dupla,Não Informado,-8.776521,-63.8886,DEL01-RO,Risco Médio,Alta
terça-feira,BR-116,175.0,Plena Noite,Decrescente,Céu Claro,Dupla,Reta,-22.74674,-43.44543,DEL01-RJ,Risco Baixo,Alta
domingo,BR-101,242.2,Pleno dia,Decrescente,Céu Claro,Múltipla,Não Informado,-27.87546,-48.64678,DEL01-SC,Risco Médio,Alta
sexta-feira,BR-101,267.0,Pleno dia,Crescente,Céu Claro,Dupla,Reta,-20.19931,-40.26885,DEL02-ES,Risco Médio,Alta
domingo,BR-163,208.3,Plena Noite,Crescente,Chuva,Simples,Reta,-22.63631,-54.81656,DEL04-MS,Risco Médio,Alta
terça-feira,BR-116,127.0,Plena Noite,Crescente,Céu Claro,Dupla,Reta,-22.66137,-43.09296,DEL04-RJ,Risco Baixo,Alta
quinta-feira,BR-20,21.0,Pleno dia,Crescente,Céu Claro,Dupla,Não Informado,-15.60201,-47.68255,DEL02-DF,Risco Baixo,Baixa
segunda-feira,BR-470,343.4,Pleno dia,Crescente,Céu Claro,Simples,Reta,-27.52963,-51.38688,DEL07-SC,Risco Médio,Baixa
quinta-feira,BR-20,113.0,Plena Noite,Decrescente,Céu Claro,Simples,Reta,-12.96171,-45.9878,DEL10-BA,Risco Médio,Baixa
segunda-feira,BR-101,206.1,Pleno dia,Decrescente,Céu Claro,Múltipla,Reta,-27.59194,-48.61825,DEL01-SC,Risco Médio,Alta
domingo,BR-116,188.0,Plena Noite,Crescente,Céu Claro,Simples,Reta,-27.32966,-50.42513,DEL05-SC,Risco Médio,Alta
segunda-feira,BR-116,703.9,Pleno dia,Decrescente,Céu Claro,Simples,Interseção de vias,-21.12682,-42.38322,DEL07-MG,Risco Médio,Alta
sexta-feira,BR-392,351.3,Plena Noite,Decrescente,Céu Claro,Simples,Reta,-29.73121,-53.80098,DEL09-RS,Risco Médio,Média
quinta-feira,BR-365,405.8,Pleno dia,Decrescente,Nublado,Simples,Rotatória,-18.63364,-46.46883,DEL10-MG,Risco Médio,Média
quinta-feira,BR-116,360.0,Pleno dia,Decrescente,Sol,Simples,Não Informado,-24.11249,-47.26511,DEL04-SP,Risco Médio,Alta
sexta-feira,BR-364,238.0,Pleno dia,Crescente,Céu Claro,Simples,Não Informado,-11.43886,-61.45471,DEL02-RO,Risco Médio,Alta
sexta-feira,BR-40,502.0,Pleno dia,Decrescente,Céu Claro,Dupla,Reta,-19.7282,-44.1532,DEL02-MG,Risco Médio,Alta
sexta-feira,BR-381,241.0,Amanhecer,Crescente,Céu Claro,Simples,Curva,-19.38266,-42.46866,DEL06-MG,Risco Médio,Alta
quarta-feira,BR-407,0.8,Plena Noite,Decrescente,Céu Claro,Simples,Reta,-9.409546,-40.50534,DEL06-PE,Risco Médio,Baixa
domingo,BR-158,94.0,Pleno dia,Crescente,Nublado,Dupla,Interseção de vias,-19.683,-51.20066,DEL08-MS,Risco Baixo,Baixa
segunda-feira,BR-101,84.0,Pleno dia,Decrescente,Céu Claro,Dupla,Reta,-5.774175,-35.2578,DEL02-RN,Risco Baixo,Alta
quinta-feira,BR-163,1004.0,Pleno dia,Crescente,Chuva,Dupla,Não Informado,-2.438245,-54.73277,DEL05-PA,Risco Médio,Alta
sexta-feira,BR-40,53.0,Pleno dia,Crescente,Céu Claro,Dupla,Reta,-22.66978,-43.31017,DEL06-RJ,Risco Médio,Alta
domingo,BR-364,341.5,Anoitecer,Crescente,Céu Claro,Múltipla,Reta,-10.88988,-61.93127,DEL02-RO,Risco Médio,Alta
segunda-feira,BR-101,210.0,Pleno dia,Decrescente,Céu Claro,Múltipla,Reta,-27.61673,-48.64573,DEL01-SC,Risco Médio,Alta
quinta-feira,BR-116,189.0,Pleno dia,Crescente,Céu Claro,Dupla,Reta,-22.7359,-43.5449,DEL01-RJ,Risco Médio,Alta
segunda-feira,BR-153,469.2,Plena Noite,Decrescente,Garoa/Chuvisco,Simples,Reta,-26.28864,-51.19907,DEL02-PR,Risco Médio,Alta
quinta-feira,BR-101,295.4,Plena Noite,Decrescente,Nublado,Múltipla,Reta,-20.33424,-40.40107,DEL01-ES,Risco Baixo,Alta
segunda-feira,BR-476,125.0,Plena Noite,Crescente,Garoa/Chuvisco,Dupla,Curva,-25.4083,-49.21966,DEL01-PR,Risco Médio,Baixa
quinta-feira,BR-116,230.0,Pleno dia,Decrescente,Céu Claro,Múltipla,Reta,-23.52252,-46.58557,DEL01-SP,Risco Médio,Alta
quarta-feira,BR-277,54.0,Pleno dia,Crescente,Chuva,Dupla,Reta,-25.58965,-48.93538,DEL01-PR,Risco Baixo,Média
sexta-feira,BR-116,702.5,Pleno dia,Crescente,Chuva,Múltipla,Curva,-21.11938,-42.38006,DEL07-MG,Risco Médio,Alta
domingo,BR-423,99.9,Plena Noite,Crescente,Céu Claro,Simples,Não Informado,-9.387242,-38.1489,DEL07-BA,Risco Médio,Baixa
sábado,BR-230,125.4,Pleno dia,Decrescente,Céu Claro,Simples,Não Informado,-6.554092,-43.95559,DEL05-MA,Risco Alto,Baixa
terça-feira,BR-476,132.0,Plena Noite,Crescente,Chuva,Dupla,Reta,-25.46072,-49.25049,DEL01-PR,Risco Médio,Baixa
sexta-feira,BR-116,499.0,Pleno dia,Crescente,Nublado,Simples,Reta,-24.78358,-48.17861,DEL05-SP,Risco Médio,Alta
domingo,BR-101,9.0,Plena Noite,Decrescente,Nublado,Dupla,Reta,-26.05399,-48.85961,DEL03-SC,Risco Médio,Alta
terça-feira,BR-101,558.0,Plena Noite,Crescente,Garoa/Chuvisco,Simples,Curva,-15.3358,-39.50107,DEL05-BA,Risco Médio,Alta
segunda-feira,BR-230,293.2,Plena Noite,Crescente,Céu Claro,Simples,Reta,-6.8748,-36.9296,DEL03-PB,Risco Médio,Baixa
segunda-feira,BR-116,2.2,Pleno dia,Crescente,Chuva,Simples,Reta,-26.12392,-49.79303,DEL06-SC,Risco Médio,Alta
sexta-feira,BR-110,46.7,Pleno dia,Decrescente,Nublado,Simples,Rotatória,-5.201775,-37.32324,DEL04-RN,Risco Médio,Baixa
quarta-feira,BR-116,766.6,Plena Noite,Crescente,Nublado,Simples,Curva,-21.53055,-42.65488,DEL07-MG,Risco Médio,Alta
quarta-feira,BR-20,306.1,Plena Noite,Crescente,Céu Claro,Simples,Reta,-4.366986,-39.3027,DEL02-CE,Risco Médio,Baixa
sábado,BR-343,2.8,Pleno dia,Crescente,Céu Claro,Simples,Rotatória,-5.080931,-42.77449,DEL05-PI,Risco Médio,Baixa
terça-feira,BR-116,7.0,Plena Noite,Crescente,Garoa/Chuvisco,Dupla,Curva,-25.08235,-48.615,DEL01-PR,Risco Médio,Alta
terça-feira,BR-40,35.7,Pleno dia,Decrescente,Nublado,Simples,Curva,-17.19321,-46.91718,DEL14-MG,Risco Baixo,Alta
segunda-feira,BR-282,2.0,Plena Noite,Crescente,Chuva,Simples,Interseção de vias,-27.60322,-48.58839,DEL01-SC,Risco Médio,Baixa
segunda-feira,BR-116,15.2,Pleno dia,Crescente,Céu Claro,Simples,Interseção de vias,-14.89968,-40.85726,DEL05-PE,Risco Médio,Alta
terça-feira,BR-101,79.4,Pleno dia,Crescente,Céu Claro,Dupla,Reta,-26.59164,-48.72233,DEL03-SC,Risco Baixo,Alta
sábado,BR-476,207.8,Plena Noite,Decrescente,Céu Claro,Simples,Curva,-25.77597,-49.82312,DEL02-PR,Risco Médio,Baixa
quarta-feira,BR-324,2.5,Pleno dia,Crescente,Céu Claro,Dupla,Reta,-12.2812,-38.97782,DEL02-BA,Risco Baixo,Baixa
segunda-feira,BR-364,342.0,Pleno dia,Decrescente,Nublado,Múltipla,Reta,-15.82666,-55.5089,DEL01-MT,Risco Médio,Alta
quinta-feira,BR-101,42.5,Pleno dia,Crescente,Sol,Múltipla,Retorno Regulamentado,-7.838874,-34.91197,DEL01-PE,Risco Baixo,Alta
sábado,BR-116,510.6,Pleno dia,Crescente,Nublado,Simples,Reta,-7.527406,-38.9989,DEL05-CE,Risco Médio,Alta
terça-feira,BR-369,469.0,Plena Noite,Crescente,Nublado,Simples,Não Informado,-24.58262,-53.16228,DEL04-PR,Risco Médio,Baixa
quinta-feira,BR-116,238.5,Pleno dia,Decrescente,Céu Claro,Dupla,Reta,-29.6874,-51.14197,DEL01-RS,Risco Médio,Alta
quarta-feira,BR-116,565.2,Pleno dia,Crescente,Garoa/Chuvisco,Simples,Não Informado,-25.03914,-48.54592,DEL05-SP,Risco Baixo,Alta
sábado,BR-116,523.0,Plena Noite,Crescente,Nublado,Simples,Curva,-24.9119,-48.2531,DEL05-SP,Risco Baixo,Alta
quinta-feira,BR-101,72.5,Pleno dia,Decrescente,Nublado,Dupla,Reta,-8.093147,-34.94733,DEL01-PE,Risco Médio,Alta
domingo,BR-101,114.0,Pleno dia,Decrescente,Sol,Dupla,Reta,-5.981546,-35.26475,DEL01-RN,Risco Médio,Alta
sexta-feira,BR-116,17.0,Anoitecer,Crescente,Céu Claro,Simples,Curva,-21.98043,-42.75367,DEL04-RJ,Risco Baixo,Alta
quarta-feira,BR-70,0.0,Amanhecer,Decrescente,Céu Claro,Dupla,Não Informado,-15.78354,-48.2326,DEL01-DF,Risco Médio,Baixa
quinta-feira,BR-304,296.0,Anoitecer,Decrescente,Céu Claro,Simples,Interseção de vias,-5.864849,-35.34931,DEL01-RN,Risco Médio,Baixa