dia_semana,br,km,fase_dia,sentido_via,condicao_metereologica,tipo_pista,tracado_via,latitude,longitude,delegacia,classificacao_acidente,postos_policiais_PRF
quinta-feira,BR-101,274.0,Pleno dia,Crescente,Céu Claro,Dupla,Curva,-20.21289,-40.29612,DEL02-ES,Risco Médio,Alta
quarta-feira,BR-101,51.6,Plena Noite,Decrescente,Vento,Múltipla,Reta,-7.918639,-34.89764,DEL01-PE,Risco Médio,Alta
quarta-feira,BR-116,326.3,Plena Noite,Decrescente,Céu Claro,Simples,Reta,-6.041117,-38.64591,DEL05-CE,Risco Médio,Alta
domingo,BR-369,97.3,Plena Noite,Crescente,Céu Claro,Simples,Reta,-23.23894,-50.69237,DEL07-PR,Risco Médio,Baixa
sábado,BR-116,414.0,Pleno dia,Decrescente,Sol,Dupla,Curva,-24.33132,-47.63024,DEL05-SP,Risco Médio,Alta
domingo,BR-364,359.8,Pleno dia,Crescente,Céu Claro,Simples,Reta,-10.78643,-62.04906,DEL02-RO,Risco Médio,Alta
sábado,BR-285,606.5,Plena Noite,Crescente,Garoa/Chuvisco,Simples,Desvio Temporário,-28.49355,-55.34443,DEL12-RS,Risco Médio,Baixa
sexta-feira,BR-153,152.0,Plena Noite,Crescente,Nublado,Simples,Retorno Regulamentado,-7.264632,-48.26261,DEL02-TO,Risco Baixo,Alta
sábado,BR-101,45.9,Pleno dia,Decrescente,Céu Claro,Simples,Reta,-29.56986,-50.05638,DEL03-RS,Risco Médio,Alta
terça-feira,BR-101,216.0,Amanhecer,Decrescente,Chuva,Múltipla,Reta,-27.66886,-48.6732,DEL01-SC,Risco Médio,Alta
quinta-feira,BR-470,139.4,Pleno dia,Decrescente,Céu Claro,Simples,Rotatória,-27.21756,-49.65461,DEL04-SC,Risco Baixo,Baixa
sábado,BR-135,353.0,Plena Noite,Decrescente,Céu Claro,Simples,Reta,-9.0752,-44.3531,DEL03-PI,Risco Médio,Baixa
domingo,BR-10,315.0,Plena Noite,Crescente,Céu Claro,Simples,Reta,-1.675557,-47.50042,DEL01-PA,Risco Alto,Baixa
quarta-feira,BR-116,302.0,Anoitecer,Crescente,Nublado,Dupla,Não Informado,-30.12369,-51.34923,DEL02-RS,Risco Médio,Alta
quarta-feira,BR-116,561.0,Pleno dia,Crescente,Chuva,Dupla,Curva,-25.0203,-48.5161,DEL05-SP,Risco Médio,Alta
sábado,BR-381,503.0,Pleno dia,Crescente,Céu Claro,Dupla,Reta,-20.03855,-44.25495,DEL01-MG,Risco Médio,Alta
domingo,BR-135,6.7,Plena Noite,Crescente,Céu Claro,Dupla,Reta,-2.62878,-44.26322,DEL01-MA,Risco Médio,Baixa
segunda-feira,BR-101,1.7,Pleno dia,Crescente,Céu Claro,Múltipla,Reta,-20.12909,-40.30812,DEL02-ES,Risco Médio,Alta
quinta-feira,BR-101,151.0,Plena Noite,Decrescente,Ignorado,Simples,Interseção de vias,-27.1358,-48.6099,DEL04-SC,Risco Médio,Alta
domingo,BR-101,14.0,Pleno dia,Decrescente,Céu Claro,Simples,Reta,-22.86648,-43.60047,DEL08-RJ,Risco Médio,Alta
quarta-feira,BR-163,484.6,Anoitecer,Crescente,Céu Claro,Simples,Reta,-20.45105,-54.54033,DEL01-MS,Risco Médio,Alta
sábado,BR-277,234.0,Plena Noite,Decrescente,Nublado,Simples,Reta,-25.46556,-50.58219,DEL03-PR,Risco Baixo,Média
terça-feira,BR-262,15.2,Pleno dia,Crescente,Nublado,Simples,Não Informado,-20.26054,-41.87632,DEL06-MG,Risco Médio,Média
terça-feira,BR-116,511.0,Pleno dia,Decrescente,Céu Claro,Dupla,Reta,-31.62896,-52.32311,DEL07-RS,Risco Baixo,Alta
quarta-feira,BR-267,277.9,Plena Noite,Crescente,Chuva,Simples,Curva,-21.77158,-43.29119,DEL05-MG,Risco Baixo,Baixa
segunda-feira,BR-282,5.5,Pleno dia,Decrescente,Céu Claro,Simples,Curva,-27.58843,-48.61292,DEL01-SC,Risco Médio,Baixa
quarta-feira,BR-364,298.0,Amanhecer,Crescente,Céu Claro,Simples,Reta,-11.26284,-61.90205,DEL02-RO,Risco Baixo,Alta
sábado,BR-116,461.7,Pleno dia,Decrescente,Céu Claro,Simples,Reta,-19.24287,-42.05727,DEL06-MG,Risco Médio,Alta
sábado,BR-376,3.0,Pleno dia,Crescente,Nublado,Dupla,Reta,-25.54194,-49.19094,DEL01-PR,Risco Médio,Baixa
terça-feira,BR-432,203.9,Pleno dia,Decrescente,Céu Claro,Simples,Curva,2.68586,-60.60198,DEL01-RR,Risco Médio,Baixa
sábado,BR-101,298.7,Plena Noite,Decrescente,Céu Claro,Dupla,Curva,-20.35741,-40.41947,DEL01-ES,Risco Médio,Alta
domingo,BR-50,174.0,Plena Noite,Decrescente,Chuva,Dupla,Reta,-19.7787,-47.97,DEL13-MG,Risco Médio,Média
quarta-feira,BR-116,353.0,Plena Noite,Crescente,Céu Claro,Simples,Reta,-24.0705,-47.2429,DEL04-SP,Risco Médio,Alta
quarta-feira,BR-101,204.4,Plena Noite,Decrescente,Nublado,Dupla,Reta,-27.57413,-48.61363,DEL01-SC,Risco Médio,Alta
domingo,BR-116,628.8,Plena Noite,Decrescente,Nublado,Simples,Ponte,-20.55744,-42.20901,DEL07-MG,Risco Médio,Alta
terça-feira,BR-282,21.5,Pleno dia,Decrescente,Nublado,Simples,Reta,-27.68907,-48.71754,DEL01-SC,Risco Médio,Baixa
quarta-feira,BR-60,104.6,Plena Noite,Crescente,Céu Claro,Dupla,Não Informado,-16.41356,-49.00641,DEL02-GO,Risco Médio,Média
quarta-feira,BR-101,399.0,Plena Noite,Decrescente,Céu Claro,Dupla,Reta,-22.85922,-43.75891,DEL01-RJ,Risco Alto,Alta
quinta-feira,BR-319,44.0,Pleno dia,Crescente,Céu Claro,Simples,Reta,-8.671982,-63.99479,DEL01-RO,Risco Médio,Baixa
terça-feira,BR-277,132.0,Plena Noite,Decrescente,Céu Claro,Dupla,Reta,-25.47156,-49.6674,DEL01-PR,Risco Médio,Média
quinta-feira,BR-101,264.6,Pleno dia,Decrescente,Céu Claro,Dupla,Reta,-20.17293,-40.26736,DEL02-ES,Risco Médio,Alta
segunda-feira,BR-262,192.9,Pleno dia,Crescente,Céu Claro,Simples,Reta,-20.28623,-41.75599,DEL01-ES,Risco Médio,Média
quinta-feira,BR-364,43.5,Amanhecer,Decrescente,Céu Claro,Simples,Reta,-17.05777,-53.47356,DEL02-MT,Risco Médio,Alta
sábado,BR-101,292.4,Pleno dia,Crescente,Nublado,Dupla,Reta,-20.30956,-40.39492,DEL01-ES,Risco Médio,Alta
sexta-feira,BR-401,21.0,Plena Noite,Crescente,Céu Claro,Simples,Não Informado,2.875629,-60.53917,DEL01-RR,Risco Médio,Baixa
domingo,BR-367,53.8,Pleno dia,Decrescente,Céu Claro,Simples,Curva,-16.3791,-39.32439,DEL09-BA,Risco Baixo,Baixa
quarta-feira,BR-285,459.0,Pleno dia,Decrescente,Sol,Simples,Reta,-28.40906,-53.90234,DEL10-RS,Risco Médio,Baixa
quinta-feira,BR-116,719.0,Pleno dia,Crescente,Céu Claro,Simples,Reta,-14.22704,-40.27951,DEL08-BA,Risco Médio,Alta
terça-feira,BR-101,49.2,Plena Noite,Crescente,Céu Claro,Múltipla,Curva,-7.89982,-34.90268,DEL01-PE,Risco Médio,Alta
domingo,BR-101,105.9,Plena Noite,Decrescente,Céu Claro,Múltipla,Curva,-8.307971,-35.07717,DEL01-PE,Risco Médio,Alta
sábado,BR-414,407.1,Pleno dia,Decrescente,Chuva,Simples,Curva,-16.02919,-48.84876,DEL02-GO,Risco Baixo,Baixa
sábado,BR-369,172.0,Pleno dia,Decrescente,Céu Claro,Simples,Reta,-23.30701,-51.36531,DEL07-PR,Risco Baixo,Baixa
sexta-feira,BR-267,188.0,Pleno dia,Crescente,Ignorado,Simples,Reta,-21.9109,-43.9933,DEL05-MG,Risco Baixo,Baixa
domingo,BR-116,192.9,Pleno dia,Decrescente,Céu Claro,Simples,Reta,-26.01082,-49.67159,DEL06-SC,Risco Baixo,Alta
sexta-feira,BR-101,269.5,Plena Noite,Crescente,Nublado,Dupla,Interseção de vias,-20.22199,-40.27027,DEL02-ES,Risco Baixo,Alta
quinta-feira,BR-476,138.0,Pleno dia,Decrescente,Céu Claro,Dupla,Reta,-25.50556,-49.28342,DEL01-PR,Risco Médio,Baixa
sexta-feira,BR-277,4.5,Pleno dia,Crescente,Céu Claro,Dupla,Reta,-25.5469,-54.5882,DEL05-PR,Risco Médio,Média
quarta-feira,BR-277,645.0,Anoitecer,Decrescente,Céu Claro,Simples,Curva,-25.17371,-53.89586,DEL05-PR,Risco Médio,Média
quinta-feira,BR-285,564.0,Pleno dia,Crescente,Sol,Simples,Interseção de vias,-28.41696,-54.93834,DEL10-RS,Risco Médio,Baixa
sexta-feira,BR-232,5.4,Plena Noite,Decrescente,Céu Claro,Dupla,Reta,-8.06958,-34.94942,DEL01-PE,Risco Baixo,Baixa
sexta-feira,BR-146,580.0,Plena Noite,Decrescente,Chuva,Simples,Reta,-21.63135,-46.4077,DEL09-MG,Risco Médio,Baixa
sexta-feira,BR-116,109.5,Plena Noite,Crescente,Céu Claro,Dupla,Reta,-25.5699,-49.18778,DEL01-PR,Risco Médio,Alta
sexta-feira,BR-364,68.0,Pleno dia,Crescente,Chuva,Dupla,Reta,-12.48485,-60.49418,DEL04-RO,Risco Médio,Alta
sábado,BR-40,499.0,Pleno dia,Decrescente,Céu Claro,Dupla,Reta,-19.69293,-44.17828,DEL02-MG,Risco Médio,Alta
sábado,BR-50,45.1,Pleno dia,Crescente,Nublado,Dupla,Não Informado,-18.71289,-48.19662,DEL15-MG,Risco Médio,Média
quinta-feira,BR-116,18.0,Pleno dia,Decrescente,Céu Claro,Simples,Desvio Temporário,-8.777612,-39.26031,DEL05-PE,Risco Médio,Alta
domingo,BR-408,81.4,Plena Noite,Decrescente,Céu Claro,Dupla,Reta,-7.937583,-35.12727,DEL01-PE,Risco Alto,Baixa
quarta-feira,BR-376,243.2,Pleno dia,Crescente,Sol,Simples,Curva,-23.58161,-51.42179,DEL07-PR,Risco Médio,Baixa
sábado,BR-116,113.0,Pleno dia,Decrescente,Céu Claro,Dupla,Reta,-25.55135,-49.28053,DEL01-PR,Risco Médio,Alta
quarta-feira,BR-381,694.5,Pleno dia,Crescente,Nublado,Dupla,Reta,-21.26844,-45.13722,DEL04-MG,Risco Baixo,Alta
domingo,BR-282,479.0,Amanhecer,Decrescente,Nublado,Simples,Curva,-26.87454,-52.19435,DEL07-SC,Risco Médio,Baixa
quarta-feira,BR-101,94.0,Pleno dia,Crescente,Céu Claro,Simples,Reta,-8.249482,-35.00469,DEL01-PE,Risco Médio,Alta
sexta-feira,BR-40,6.0,Pleno dia,Decrescente,Nevoeiro/Neblina,Dupla,Reta,-16.02974,-47.97887,DEL01-DF,Risco Médio,Alta
sexta-feira,BR-230,120.0,Pleno dia,Crescente,Céu Claro,Dupla,Reta,-5.350383,-49.11434,DEL03-PA,Risco Baixo,Baixa
domingo,BR-101,314.0,Anoitecer,Crescente,Céu Claro,Dupla,Reta,-22.81651,-43.07731,DEL02-RJ,Risco Baixo,Alta
sábado,BR-427,0.3,Pleno dia,Crescente,Céu Claro,Simples,Reta,-6.268486,-36.52266,DEL03-RN,Risco Baixo,Baixa
domingo,BR-153,398.7,Plena Noite,Crescente,Céu Claro,Simples,Curva,-25.99346,-50.83868,DEL02-PR,Risco Alto,Alta
terça-feira,BR-381,485.0,Pleno dia,Crescente,Céu Claro,Múltipla,Reta,-19.9561,-44.1064,DEL01-MG,Risco Médio,Alta
quinta-feira,BR-116,2.5,Pleno dia,Decrescente,Céu Claro,Simples,Reta,-14.851,-40.8485,DEL08-BA,Risco Médio,Alta
sábado,BR-101,304.0,Plena Noite,Crescente,Céu Claro,Dupla,Reta,-22.7847,-42.9861,DEL02-RJ,Risco Médio,Alta
quarta-feira,BR-381,694.8,Plena Noite,Crescente,Nublado,Dupla,Curva,-21.2423,-45.1356,DEL04-MG,Risco Alto,Alta
segunda-feira,BR-381,48.5,Plena Noite,Crescente,Nublado,Dupla,Reta,-23.18881,-46.58385,DEL03-SP,Risco Médio,Alta
domingo,BR-470,46.0,Pleno dia,Crescente,Céu Claro,Simples,Curva,-26.86039,-49.03762,DEL04-SC,Risco Médio,Baixa
quarta-feira,BR-230,20.7,Anoitecer,Crescente,Chuva,Dupla,Reta,-7.1337,-34.8544,DEL01-PB,Risco Médio,Baixa
quinta-feira,BR-381,704.5,Pleno dia,Crescente,Ignorado,Dupla,Curva,-21.34178,-45.17644,DEL04-MG,Risco Médio,Alta
sábado,BR-101,371.1,Plena Noite,Decrescente,Céu Claro,Dupla,Reta,-28.70404,-49.20087,DEL02-SC,Risco Médio,Alta
quinta-feira,BR-116,348.0,Plena Noite,Decrescente,Céu Claro,Dupla,Reta,-24.18724,-47.35982,DEL04-SP,Risco Médio,Alta
segunda-feira,BR-163,492.5,Plena Noite,Decrescente,Céu Claro,Simples,Reta,-20.36909,-54.53201,DEL01-MS,Risco Baixo,Alta
segunda-feira,BR-40,0.5,Pleno dia,Crescente,Céu Claro,Dupla,Reta,-15.9769,-47.99013,DEL01-DF,Risco Baixo,Alta
sábado,BR-262,27.9,Pleno dia,Crescente,Sol,Simples,Curva,-20.38475,-40.55866,DEL01-ES,Risco Médio,Média
sexta-feira,BR-101,84.5,Pleno dia,Crescente,Céu Claro,Dupla,Reta,-7.1483,-34.9131,DEL01-PB,Risco Médio,Alta
segunda-feira,BR-267,165.9,Pleno dia,Crescente,Nublado,Simples,Curva,-21.77158,-43.29119,DEL05-MG,Risco Médio,Baixa
sábado,BR-116,560.1,Pleno dia,Decrescente,Céu Claro,Simples,Reta,-20.03219,-42.17439,DEL06-MG,Risco Médio,Alta
domingo,BR-304,231.0,Pleno dia,Crescente,Céu Claro,Simples,Interseção de vias,-5.751737,-35.89908,DEL01-RN,Risco Médio,Baixa
terça-feira,BR-163,614.0,Plena Noite,Crescente,Céu Claro,Simples,Reta,-19.40629,-54.561,DEL06-MS,Risco Médio,Alta
quarta-feira,BR-116,577.8,Plena Noite,Crescente,Céu Claro,Simples,Curva,-20.16757,-42.18788,DEL06-MG,Risco Médio,Alta
quinta-feira,BR-116,328.8,Plena Noite,Crescente,Nublado,Dupla,Reta,-23.9387,-47.08671,DEL04-SP,Risco Médio,Alta
sábado,BR-10,247.9,Pleno dia,Decrescente,Céu Claro,Simples,Reta,-5.573772,-47.44389,DEL04-MA,Risco Baixo,Baixa
domingo,BR-40,516.6,Plena Noite,Decrescente,Céu Claro,Dupla,Retorno Regulamentado,-19.82351,-44.08439,DEL01-MG,Risco Médio,Alta
terça-feira,BR-116,141.0,Pleno dia,Crescente,Céu Claro,Múltipla,Reta,-22.64724,-43.22083,DEL01-RJ,Risco Médio,Alta
domingo,BR-230,300.0,Pleno dia,Crescente,Céu Claro,Simples,Reta,-4.321948,-49.94977,DEL03-PA,Risco Médio,Baixa
terça-feira,BR-364,400.0,Pleno dia,Crescente,Céu Claro,Múltipla,Reta,-15.64006,-56.02385,DEL02-MT,Risco Médio,Alta
sexta-feira,BR-277,727.5,Plena Noite,Crescente,Céu Claro,Dupla,Interseção de vias,-25.51017,-54.56455,DEL05-PR,Risco Médio,Média
segunda-feira,BR-101,388.0,Plena Noite,Decrescente,Chuva,Dupla,Reta,-28.78529,-49.3374,DEL02-SC,Risco Médio,Alta
quarta-feira,BR-116,12.0,Pleno dia,Decrescente,Céu Claro,Simples,Viaduto,-3.851431,-38.4953,DEL01-CE,Risco Médio,Alta
domingo,BR-267,324.0,Pleno dia,Crescente,Céu Claro,Simples,Curva,-21.8806,-45.0878,DEL05-MG,Risco Médio,Baixa
segunda-feira,BR-277,96.2,Pleno dia,Decrescente,Céu Claro,Dupla,Reta,-25.4307,-49.33377,DEL01-PR,Risco Baixo,Média
domingo,BR-101,213.0,Plena Noite,Decrescente,Céu Claro,Dupla,Reta,-27.63697,-48.66514,DEL01-SC,Risco Médio,Alta
terça-feira,BR-20,416.0,Pleno dia,Crescente,Sol,Simples,Reta,-3.830742,-38.61878,DEL01-CE,Risco Médio,Baixa
sábado,BR-282,138.0,Pleno dia,Decrescente,Nublado,Simples,Reta,-27.826,-49.57592,DEL05-SC,Risco Médio,Baixa
quinta-feira,BR-104,30.0,Plena Noite,Crescente,Céu Claro,Simples,Reta,-8.007982,-36.06091,DEL02-PE,Risco Alto,Baixa
sexta-feira,BR-153,194.0,Pleno dia,Decrescente,Céu Claro,Simples,Reta,-14.46309,-49.15617,DEL07-GO,Risco Médio,Alta
terça-feira,BR-316,51.3,Plena Noite,Decrescente,Nublado,Simples,Reta,-7.72294,-40.31621,DEL05-PE,Risco Médio,Baixa
segunda-feira,BR-101,66.0,Pleno dia,Crescente,Nublado,Simples,Reta,-21.7609,-41.34789,DEL08-RJ,Risco Médio,Alta
sábado,BR-381,87.0,Plena Noite,Crescente,Céu Claro,Múltipla,Reta,-23.47161,-46.5652,DEL03-SP,Risco Médio,Alta
terça-feira,BR-242,332.4,Plena Noite,Crescente,Céu Claro,Simples,Reta,-11.92409,-48.70494,DEL01-TO,Risco Baixo,Baixa
sábado,BR-101,368.8,Pleno dia,Crescente,Sol,Dupla,Não Informado,-28.69573,-49.17347,DEL02-SC,Risco Médio,Alta
sexta-feira,BR-369,151.2,Pleno dia,Crescente,Nublado,Dupla,Viaduto,-23.29288,-51.1733,DEL07-PR,Risco Baixo,Baixa
sexta-feira,BR-101,411.0,Pleno dia,Decrescente,Nublado,Simples,Reta,-28.93112,-49.49404,DEL02-SC,Risco Médio,Alta
quarta-feira,BR-116,467.1,Plena Noite,Decrescente,Céu Claro,Simples,Reta,-31.33341,-52.04628,DEL07-RS,Risco Alto,Alta
sexta-feira,BR-101,52.0,Plena Noite,Crescente,Céu Claro,Simples,Não Informado,-6.938216,-35.09936,DEL01-PB,Risco Médio,Alta
sexta-feira,BR-392,28.0,Plena Noite,Crescente,Chuva,Dupla,Reta,-32.06236,-52.26858,DEL07-RS,Risco Médio,Média
sexta-feira,BR-230,5.1,Anoitecer,Decrescente,Nublado,Dupla,Retorno Regulamentado,-7.012718,-34.83224,DEL01-PB,Risco Médio,Baixa
segunda-feira,BR-376,170.0,Pleno dia,Crescente,Céu Claro,Dupla,Rotatória,-23.41285,-51.9873,DEL07-PR,Risco Médio,Baixa
domingo,BR-101,365.4,Pleno dia,Crescente,Nublado,Simples,Curva,-20.73398,-40.75071,DEL03-ES,Risco Médio,Alta
domingo,BR-376,458.1,Anoitecer,Crescente,Chuva,Dupla,Reta,-24.94093,-50.40459,DEL03-PR,Risco Médio,Baixa
terça-feira,BR-381,873.8,Pleno dia,Crescente,Céu Claro,Dupla,Curva,-22.42087,-45.96562,DEL16-MG,Risco Médio,Alta
sábado,BR-101,207.8,Plena Noite,Crescente,Nublado,Múltipla,Não Informado,-27.60336,-48.63218,DEL01-SC,Risco Baixo,Alta
quarta-feira,BR-470,67.9,Plena Noite,Crescente,Céu Claro,Simples,Não Informado,-26.87843,-49.24029,DEL04-SC,Risco Médio,Baixa
domingo,BR-101,17.0,Plena Noite,Decrescente,Céu Claro,Dupla,Reta,-6.638444,-35.12334,DEL01-PB,Risco Médio,Alta
terça-feira,BR-290,512.0,Plena Noite,Crescente,Garoa/Chuvisco,Simples,Reta,-30.11856,-55.2626,DEL11-RS,Risco Médio,Baixa
quinta-feira,BR-116,563.0,Pleno dia,Crescente,Nublado,Simples,Reta,-12.9561,-39.92191,DEL03-BA,Risco Baixo,Alta
domingo,BR-470,194.0,Plena Noite,Crescente,Céu Claro,Simples,Não Informado,-29.04954,-51.57364,DEL06-RS,Risco Médio,Baixa
sábado,BR-280,184.2,Pleno dia,Decrescente,Céu Claro,Simples,Reta,-26.17422,-49.92408,DEL06-SC,Risco Médio,Baixa
sexta-feira,BR-343,348.1,Plena Noite,Crescente,Céu Claro,Múltipla,Reta,-5.118242,-42.78565,DEL01-PI,Risco Alto,Baixa
quinta-feira,BR-116,275.0,Pleno dia,Crescente,Nublado,Simples,Reta,-17.83986,-41.51324,DEL11-MG,Risco Médio,Alta
domingo,BR-242,475.0,Pleno dia,Crescente,Céu Claro,Simples,Reta,-12.47149,-42.27267,DEL06-BA,Risco Médio,Baixa
quarta-feira,BR-163,515.0,Pleno dia,Decrescente,Céu Claro,Simples,Reta,-14.46482,-56.27201,DEL01-MT,Risco Baixo,Alta
segunda-feira,BR-364,270.0,Pleno dia,Crescente,Nublado,Dupla,Reta,-15.96898,-54.94463,DEL02-MT,Risco Médio,Alta
terça-feira,BR-153,509.9,Plena Noite,Crescente,Chuva,Dupla,Não Informado,-16.7888,-49.2379,DEL01-GO,Risco Médio,Alta
sexta-feira,BR-158,524.0,Anoitecer,Crescente,Nublado,Simples,Interseção de vias,-26.20228,-52.67822,DEL02-PR,Risco Médio,Baixa
sábado,BR-381,630.5,Pleno dia,Crescente,Chuva,Dupla,Curva,-20.84702,-44.83281,DEL04-MG,Risco Médio,Alta
quinta-feira,BR-50,189.0,Amanhecer,Decrescente,Nublado,Dupla,Reta,-19.8548,-47.8705,DEL13-MG,Risco Médio,Média
quinta-feira,BR-116,435.5,Pleno dia,Decrescente,Céu Claro,Dupla,Reta,-24.42979,-47.78559,DEL05-SP,Risco Médio,Alta
sábado,BR-174,14.0,Pleno dia,Crescente,Céu Claro,Dupla,Reta,-12.73085,-60.12941,DEL04-RO,Risco Médio,Baixa
segunda-feira,BR-163,276.0,Plena Noite,Crescente,Nublado,Dupla,Reta,-22.16095,-54.6488,DEL04-MS,Risco Médio,Alta
sexta-feira,BR-364,237.5,Pleno dia,Decrescente,Céu Claro,Simples,Não Informado,-11.44092,-61.45128,DEL02-RO,Risco Médio,Alta
quinta-feira,BR-116,279.9,Amanhecer,Decrescente,Céu Claro,Dupla,Reta,-23.64347,-46.839,DEL04-SP,Risco Médio,Alta
sábado,BR-364,440.0,Plena Noite,Crescente,Nublado,Simples,Ponte,-15.60315,-56.20416,DEL01-MT,Risco Baixo,Alta
segunda-feira,BR-101,267.8,Anoitecer,Crescente,Nublado,Múltipla,Reta,-20.22467,-40.27066,DEL02-ES,Risco Baixo,Alta
segunda-feira,BR-282,635.7,Pleno dia,Crescente,Céu Claro,Simples,Reta,-26.81427,-53.43382,DEL07-SC,Risco Baixo,Baixa
quarta-feira,BR-226,408.0,Plena Noite,Decrescente,Céu Claro,Simples,Reta,-5.769219,-46.07169,DEL03-MA,Risco Alto,Baixa
segunda-feira,BR-376,124.6,Plena Noite,Decrescente,Nublado,Simples,Desvio Temporário,-23.14614,-52.27903,DEL07-PR,Risco Alto,Baixa
quarta-feira,BR-428,123.9,Pleno dia,Crescente,Céu Claro,Simples,Reta,-8.936742,-40.13452,DEL06-PE,Risco Baixo,Baixa
segunda-feira,BR-101,207.5,Plena Noite,Decrescente,Nublado,Múltipla,Desvio Temporário,-27.60001,-48.62265,DEL01-SC,Risco Médio,Alta
domingo,BR-476,192.6,Plena Noite,Crescente,Céu Claro,Simples,Reta,-25.73155,-49.70957,DEL01-PR,Risco Médio,Baixa
sábado,BR-101,6.7,Pleno dia,Crescente,Céu Claro,Dupla,Não Informado,-20.80485,-40.83092,DEL04-ES,Risco Médio,Alta
sexta-feira,BR-282,16.2,Pleno dia,Decrescente,Céu Claro,Simples,Reta,-27.65861,-48.68185,DEL01-SC,Risco Médio,Baixa
sábado,BR-50,153.0,Pleno dia,Crescente,Céu Claro,Dupla,Reta,-19.59126,-48.0285,DEL13-MG,Risco Médio,Média
sexta-feira,BR-40,6.1,Pleno dia,Crescente,Chuva,Dupla,Reta,-16.03157,-47.97882,DEL01-DF,Risco Baixo,Alta
domingo,BR-280,52.3,Plena Noite,Crescente,Garoa/Chuvisco,Simples,Reta,-26.47146,-48.97176,DEL03-SC,Risco Médio,Baixa
sexta-feira,BR-20,164.3,Plena Noite,Decrescente,Céu Claro,Simples,Reta,-14.58886,-46.58849,DEL02-DF,Risco Baixo,Baixa
quarta-feira,BR-282,516.0,Plena Noite,Crescente,Céu Claro,Simples,Curva,-26.93086,-52.49916,DEL07-SC,Risco Médio,Baixa
terça-feira,BR-101,228.5,Amanhecer,Crescente,Céu Claro,Simples,Curva,-19.91869,-40.40571,DEL02-ES,Risco Médio,Alta
sábado,BR-376,178.4,Plena Noite,Crescente,Céu Claro,Dupla,Reta,-23.4149,-51.9257,DEL07-PR,Risco Médio,Baixa
segunda-feira,BR-101,71.8,Pleno dia,Crescente,Céu Claro,Dupla,Reta,-8.08406,-34.94449,DEL01-PE,Risco Médio,Alta
sexta-feira,BR-364,447.0,Pleno dia,Decrescente,Céu Claro,Simples,Reta,-15.57,-56.2531,DEL01-MT,Risco Baixo,Alta
sábado,BR-290,213.4,Plena Noite,Decrescente,Céu Claro,Simples,Rotatória,-30.18694,-52.35799,DEL02-RS,Risco Médio,Baixa
domingo,BR-251,478.7,Pleno dia,Crescente,Céu Claro,Simples,Reta,-16.4818,-43.50646,DEL12-MG,Risco Baixo,Baixa
sexta-feira,BR-316,280.0,Pleno dia,Crescente,Céu Claro,Simples,Reta,-6.960413,-41.68909,DEL04-PI,Risco Médio,Baixa
segunda-feira,BR-101,256.0,Pleno dia,Crescente,Garoa/Chuvisco,Dupla,Reta,-22.69621,-42.56854,DEL02-RJ,Risco Médio,Alta
sábado,BR-222,225.3,Plena Noite,Crescente,Nublado,Simples,Reta,-3.708213,-40.3521,DEL04-CE,Risco Baixo,Baixa
sábado,BR-262,492.0,Pleno dia,Crescente,Céu Claro,Simples,Reta,-20.50365,-55.83407,DEL03-MS,Risco Médio,Média
sexta-feira,BR-116,166.0,Pleno dia,Decrescente,Sol,Múltipla,Interseção de vias,-22.80554,-43.34442,DEL01-RJ,Risco Baixo,Alta
sexta-feira,BR-101,266.7,Pleno dia,Crescente,Céu Claro,Dupla,Reta,-20.1902,-40.26829,DEL02-ES,Risco Médio,Alta
quarta-feira,BR-116,124.8,Plena Noite,Crescente,Chuva,Simples,Curva,-26.85026,-50.40505,DEL06-SC,Risco Médio,Alta
segunda-feira,BR-476,142.0,Pleno dia,Crescente,Nublado,Dupla,Desvio Temporário,-25.53716,-49.30163,DEL01-PR,Risco Médio,Baixa
quarta-feira,BR-364,254.1,Pleno dia,Decrescente,Sol,Simples,Não Informado,-11.43634,-61.59797,DEL02-RO,Risco Baixo,Alta
quinta-feira,BR-116,397.9,Plena Noite,Crescente,Nublado,Simples,Não Informado,-30.85669,-51.78404,DEL02-RS,Risco Médio,Alta
terça-feira,BR-376,5.0,Plena Noite,Decrescente,Céu Claro,Dupla,Reta,-23.48547,-51.7921,DEL01-PR,Risco Médio,Baixa
quarta-feira,BR-20,0.0,Pleno dia,Decrescente,Céu Claro,Dupla,Não Informado,-15.58174,-47.34324,DEL02-DF,Risco Médio,Baixa
sexta-feira,BR-20,24.7,Pleno dia,Crescente,Nublado,Simples,Não Informado,-15.54017,-47.14277,DEL02-DF,Risco Baixo,Baixa
quinta-feira,BR-116,229.0,Pleno dia,Crescente,Céu Claro,Simples,Reta,-23.51292,-46.57605,DEL01-SP,Risco Médio,Alta
segunda-feira,BR-251,314.0,Plena Noite,Crescente,Nublado,Simples,Curva,-16.1455,-42.3082,DEL11-MG,Risco Médio,Baixa
sexta-feira,BR-319,63.8,Plena Noite,Decrescente,Céu Claro,Dupla,Reta,-8.766066,-63.8842,DEL01-RO,Risco Baixo,Baixa
sábado,BR-251,442.8,Amanhecer,Decrescente,Céu Claro,Simples,Curva,-16.41288,-43.24348,DEL12-MG,Risco Médio,Baixa
quarta-feira,BR-427,54.6,Pleno dia,Crescente,Céu Claro,Simples,Reta,-6.585307,-36.76465,DEL03-RN,Risco Baixo,Baixa