dia_semana,br,km,fase_dia,sentido_via,condicao_metereologica,tipo_pista,tracado_via,latitude,longitude,delegacia,classificacao_acidente,postos_policiais_PRF
sexta-feira,BR-381,85.9,Pleno dia,Crescente,Garoa/Chuvisco,Múltipla,Reta,-23.45889,-46.57164,DEL03-SP,Risco Baixo,Alta
quinta-feira,BR-277,582.0,Pleno dia,Crescente,Nublado,Simples,Interseção de vias,-24.97818,-53.38364,DEL04-PR,Risco Baixo,Média
quinta-feira,BR-405,21.0,Pleno dia,Decrescente,Céu Claro,Simples,Reta,-6.626873,-38.4208,DEL03-PB,Risco Alto,Baixa
sábado,BR-116,207.0,Plena Noite,Crescente,Céu Claro,Dupla,Reta,-23.41972,-46.38419,DEL01-SP,Risco Baixo,Alta
sexta-feira,BR-324,579.0,Anoitecer,Decrescente,Garoa/Chuvisco,Dupla,Reta,-12.59425,-38.5164,DEL01-BA,Risco Médio,Baixa
quinta-feira,BR-316,615.0,Plena Noite,Crescente,Céu Claro,Simples,Reta,-5.086548,-42.83727,DEL03-MA,Risco Médio,Baixa
sábado,BR-153,687.0,Pleno dia,Crescente,Céu Claro,Simples,Reta,-11.84662,-49.14495,DEL01-TO,Risco Médio,Alta
segunda-feira,BR-60,274.4,Pleno dia,Crescente,Céu Claro,Dupla,Reta,-17.21328,-50.16147,DEL01-GO,Risco Alto,Média
quarta-feira,BR-465,2.0,Plena Noite,Decrescente,Céu Claro,Simples,Reta,-22.72727,-43.71871,DEL01-RJ,Risco Médio,Baixa
segunda-feira,BR-381,218.4,Plena Noite,Decrescente,Céu Claro,Simples,Reta,-19.3243,-42.4169,DEL06-MG,Risco Alto,Alta
terça-feira,BR-277,60.0,Plena Noite,Crescente,Céu Claro,Dupla,Reta,-25.5729,-48.99038,DEL01-PR,Risco Médio,Média
segunda-feira,BR-262,647.2,Plena Noite,Crescente,Céu Claro,Simples,Reta,-19.58183,-46.60843,DEL08-MG,Risco Baixo,Média
quarta-feira,BR-10,256.5,Plena Noite,Decrescente,Céu Claro,Simples,Reta,-5.499715,-47.47184,DEL04-MA,Risco Baixo,Baixa
quinta-feira,BR-376,619.0,Pleno dia,Crescente,Céu Claro,Simples,Reta,-25.6035,-49.1731,DEL01-PR,Risco Baixo,Baixa
sexta-feira,BR-282,4.5,Pleno dia,Decrescente,Garoa/Chuvisco,Múltipla,Reta,-27.59265,-48.60403,DEL01-SC,Risco Médio,Baixa
sexta-feira,BR-101,532.0,Plena Noite,Decrescente,Céu Claro,Simples,Reta,-23.01988,-44.53321,DEL03-RJ,Risco Médio,Alta
sexta-feira,BR-116,711.1,Pleno dia,Decrescente,Céu Claro,Simples,Reta,-21.16981,-42.37044,DEL07-MG,Risco Baixo,Alta
terça-feira,BR-381,760.2,Pleno dia,Decrescente,Céu Claro,Dupla,Reta,-21.7011,-45.3673,DEL16-MG,Risco Alto,Alta
quinta-feira,BR-381,479.7,Pleno dia,Decrescente,Sol,Múltipla,Reta,-19.9589,-44.0692,DEL01-MG,Risco Médio,Alta
domingo,BR-116,128.0,Pleno dia,Decrescente,Céu Claro,Dupla,Reta,-25.66007,-49.31273,DEL01-PR,Risco Baixo,Alta
domingo,BR-80,24.8,Pleno dia,Crescente,Céu Claro,Simples,Não Informado,-15.62337,-48.19891,DEL01-DF,Risco Médio,Baixa
domingo,BR-116,638.3,Anoitecer,Decrescente,Chuva,Simples,Reta,-20.62914,-42.22696,DEL07-MG,Risco Médio,Alta
domingo,BR-381,759.8,Pleno dia,Crescente,Sol,Dupla,Reta,-21.6962,-45.3613,DEL16-MG,Risco Médio,Alta
domingo,BR-381,12.5,Plena Noite,Decrescente,Céu Claro,Dupla,Não Informado,-22.92855,-46.46168,DEL03-SP,Risco Médio,Alta
sábado,BR-262,37.9,Plena Noite,Crescente,Céu Claro,Simples,Reta,-20.38104,-40.62009,DEL01-ES,Risco Alto,Média
sexta-feira,BR-101,122.0,Plena Noite,Crescente,Chuva,Dupla,Reta,-26.92956,-48.705,DEL04-SC,Risco Baixo,Alta
quarta-feira,BR-290,142.0,Anoitecer,Crescente,Céu Claro,Simples,Reta,-30.08968,-51.62831,DEL02-RS,Risco Médio,Baixa
quarta-feira,BR-470,213.5,Pleno dia,Crescente,Chuva,Simples,Não Informado,-29.14815,-51.53127,DEL06-RS,Risco Médio,Baixa
sexta-feira,BR-230,18.8,Pleno dia,Decrescente,Céu Claro,Dupla,Reta,-7.1198,-34.8453,DEL01-PB,Risco Médio,Baixa
sexta-feira,BR-364,335.8,Pleno dia,Decrescente,Chuva,Dupla,Reta,-15.8264,-55.45177,DEL05-MT,Risco Médio,Alta
quinta-feira,BR-277,70.0,Pleno dia,Decrescente,Nublado,Dupla,Reta,-25.51117,-49.12871,DEL01-PR,Risco Baixo,Média
terça-feira,BR-163,101.7,Pleno dia,Decrescente,Nublado,Múltipla,Reta,-26.47804,-53.5067,DEL07-SC,Risco Médio,Alta
sexta-feira,BR-324,624.0,Anoitecer,Decrescente,Ignorado,Dupla,Reta,-12.93384,-38.47191,DEL01-BA,Risco Médio,Baixa
quarta-feira,BR-101,192.8,Pleno dia,Crescente,Sol,Simples,Não Informado,-11.43694,-37.73132,DEL02-SE,Risco Médio,Alta
domingo,BR-324,514.8,Plena Noite,Crescente,Céu Claro,Simples,Interseção de vias,-12.24104,-38.93837,DEL02-BA,Risco Médio,Baixa
domingo,BR-40,111.0,Pleno dia,Crescente,Nublado,Múltipla,Reta,-22.69187,-43.28745,DEL01-RJ,Risco Médio,Alta
sexta-feira,BR-101,58.4,Plena Noite,Crescente,Céu Claro,Dupla,Curva,-7.978,-34.9271,DEL01-PE,Risco Médio,Alta
quarta-feira,BR-408,63.9,Plena Noite,Crescente,Céu Claro,Simples,Reta,-7.846294,-35.23923,DEL01-PE,Risco Médio,Baixa
quarta-feira,BR-158,535.2,Pleno dia,Decrescente,Céu Claro,Simples,Interseção de vias,-26.23696,-52.69173,DEL02-PR,Risco Médio,Baixa
terça-feira,BR-101,94.0,Pleno dia,Decrescente,Céu Claro,Múltipla,Reta,-5.828113,-35.21073,DEL01-RN,Risco Médio,Alta
quarta-feira,BR-381,701.5,Pleno dia,Decrescente,Céu Claro,Dupla,Reta,-21.29483,-45.14914,DEL04-MG,Risco Médio,Alta
quarta-feira,BR-230,28.0,Plena Noite,Decrescente,Céu Claro,Dupla,Reta,-7.1651,-34.8941,DEL01-PB,Risco Médio,Baixa
quinta-feira,BR-242,786.0,Plena Noite,Crescente,Ignorado,Simples,Reta,-12.13819,-44.78147,DEL10-BA,Risco Baixo,Baixa
sábado,BR-418,91.0,Plena Noite,Crescente,Céu Claro,Simples,Reta,-17.73426,-39.55318,DEL09-BA,Risco Médio,Baixa
domingo,BR-285,418.0,Plena Noite,Crescente,Nublado,Simples,Não Informado,-28.34502,-53.53129,DEL10-RS,Risco Baixo,Baixa
terça-feira,BR-393,281.0,Pleno dia,Decrescente,Céu Claro,Simples,Reta,-22.48026,-44.02975,DEL05-RJ,Risco Baixo,Média
quarta-feira,BR-101,207.0,Plena Noite,Decrescente,Céu Claro,Dupla,Reta,-27.6034,-48.632,DEL01-SC,Risco Médio,Alta
quarta-feira,BR-277,255.8,Pleno dia,Crescente,Chuva,Simples,Curva,-25.41086,-50.77443,DEL03-PR,Risco Médio,Média
domingo,BR-60,385.5,Plena Noite,Crescente,Garoa/Chuvisco,Dupla,Reta,-17.79965,-50.91725,DEL04-GO,Risco Médio,Média
sábado,BR-60,109.5,Pleno dia,Decrescente,Sol,Dupla,Não Informado,-16.4478,-49.0224,DEL01-GO,Risco Médio,Média
sábado,BR-235,18.8,Plena Noite,Decrescente,Céu Claro,Simples,Reta,-10.21085,-37.85472,DEL01-SE,Risco Médio,Baixa
quinta-feira,BR-116,210.0,Plena Noite,Crescente,Céu Claro,Múltipla,Reta,-23.4295,-46.4127,DEL01-SP,Risco Médio,Alta
segunda-feira,BR-277,43.2,Plena Noite,Crescente,Garoa/Chuvisco,Dupla,Não Informado,-25.57438,-48.85419,DEL01-PR,Risco Médio,Média
segunda-feira,BR-20,415.0,Pleno dia,Crescente,Sol,Simples,Reta,-3.83138,-38.6182,DEL01-CE,Risco Baixo,Baixa
sábado,BR-365,346.0,Pleno dia,Decrescente,Céu Claro,Simples,Não Informado,-18.3168,-45.98972,DEL10-MG,Risco Baixo,Média
sexta-feira,BR-101,318.0,Pleno dia,Crescente,Sol,Dupla,Reta,-22.84566,-43.09843,DEL02-RJ,Risco Médio,Alta
quinta-feira,BR-470,137.6,Pleno dia,Decrescente,Sol,Simples,Curva,-27.2032,-49.63506,DEL04-SC,Risco Médio,Baixa
domingo,BR-60,136.0,Plena Noite,Crescente,Nublado,Dupla,Curva,-16.5959,-49.1965,DEL01-GO,Risco Médio,Média
segunda-feira,BR-381,717.5,Pleno dia,Decrescente,Chuva,Dupla,Curva,-21.42972,-45.21077,DEL04-MG,Risco Médio,Alta
terça-feira,BR-222,4.9,Pleno dia,Decrescente,Sol,Múltipla,Reta,-3.742801,-38.61206,DEL01-CE,Risco Médio,Baixa
segunda-feira,BR-101,212.3,Pleno dia,Crescente,Céu Claro,Dupla,Reta,-27.62997,-48.65904,DEL01-SC,Risco Médio,Alta
domingo,BR-222,6.2,Plena Noite,Decrescente,Céu Claro,Dupla,Reta,-3.742108,-38.6266,DEL01-CE,Risco Médio,Baixa
sexta-feira,BR-222,22.0,Plena Noite,Crescente,Céu Claro,Simples,Reta,-4.303772,-47.59163,DEL02-PA,Risco Alto,Baixa
terça-feira,BR-40,473.5,Plena Noite,Decrescente,Céu Claro,Dupla,Curva,-19.49677,-44.27986,DEL02-MG,Risco Médio,Alta
sábado,BR-135,23.3,Pleno dia,Crescente,Céu Claro,Simples,Reta,-2.752656,-44.34833,DEL01-MA,Risco Baixo,Baixa
sábado,BR-319,62.0,Amanhecer,Crescente,Céu Claro,Dupla,Reta,-8.766685,-63.88405,DEL01-RO,Risco Médio,Baixa
quinta-feira,BR-392,113.5,Pleno dia,Crescente,Céu Claro,Simples,Reta,-31.4396,-52.64981,DEL07-RS,Risco Médio,Média
terça-feira,BR-262,317.7,Amanhecer,Decrescente,Céu Claro,Simples,Não Informado,-20.47086,-54.45819,DEL01-MS,Risco Médio,Média
sábado,BR-70,12.7,Pleno dia,Crescente,Céu Claro,Dupla,Reta,-15.7938,-48.16386,DEL01-DF,Risco Médio,Baixa
quinta-feira,BR-376,294.9,Plena Noite,Decrescente,Céu Claro,Dupla,Curva,-23.90309,-51.21191,DEL07-PR,Risco Baixo,Baixa
sábado,BR-376,525.3,Pleno dia,Decrescente,Garoa/Chuvisco,Dupla,Curva,-25.26997,-49.93405,DEL03-PR,Risco Médio,Baixa
domingo,BR-407,115.0,Pleno dia,Decrescente,Céu Claro,Simples,Reta,-9.3036,-40.5798,DEL06-PE,Risco Médio,Baixa
sábado,BR-101,934.0,Plena Noite,Decrescente,Céu Claro,Simples,Reta,-18.08686,-39.55117,DEL09-BA,Risco Médio,Alta
sexta-feira,BR-267,163.7,Pleno dia,Crescente,Nublado,Simples,Não Informado,-21.84856,-43.81107,DEL05-MG,Risco Médio,Baixa
segunda-feira,BR-40,5.0,Pleno dia,Decrescente,Chuva,Dupla,Reta,-16.0209,-47.98054,DEL01-DF,Risco Médio,Alta
sábado,BR-153,92.3,Pleno dia,Crescente,Céu Claro,Simples,Curva,-27.18725,-51.93369,DEL07-SC,Risco Médio,Alta
segunda-feira,BR-277,73.0,Anoitecer,Crescente,Céu Claro,Dupla,Reta,-25.50216,-49.14974,DEL01-PR,Risco Médio,Média
domingo,BR-116,143.0,Pleno dia,Decrescente,Sol,Dupla,Reta,-22.65238,-43.2392,DEL04-RJ,Risco Baixo,Alta
domingo,BR-101,138.6,Pleno dia,Crescente,Chuva,Simples,Curva,-27.02397,-48.60762,DEL04-SC,Risco Médio,Alta
segunda-feira,BR-476,137.8,Pleno dia,Decrescente,Céu Claro,Múltipla,Reta,-25.50251,-49.28076,DEL01-PR,Risco Médio,Baixa
quarta-feira,BR-70,422.0,Pleno dia,Crescente,Céu Claro,Simples,Reta,-15.75367,-55.35633,DEL02-MT,Risco Baixo,Baixa
sexta-feira,BR-282,579.0,Pleno dia,Decrescente,Céu Claro,Simples,Curva,-26.83544,-52.99058,DEL07-SC,Risco Médio,Baixa
sexta-feira,BR-304,24.0,Plena Noite,Crescente,Céu Claro,Dupla,Rotatória,-5.066653,-37.33089,DEL04-RN,Risco Baixo,Baixa
sábado,BR-277,73.0,Plena Noite,Decrescente,Céu Claro,Dupla,Túnel,-25.52124,-49.10648,DEL01-PR,Risco Baixo,Média
quinta-feira,BR-470,9.0,Anoitecer,Crescente,Nublado,Simples,Reta,-26.89937,-48.65459,DEL04-SC,Risco Médio,Baixa
sexta-feira,BR-365,614.0,Pleno dia,Decrescente,Céu Claro,Dupla,Reta,-18.91473,-48.34105,DEL15-MG,Risco Médio,Média
domingo,BR-230,520.0,Pleno dia,Decrescente,Céu Claro,Simples,Reta,-7.428485,-46.67355,DEL05-MA,Risco Alto,Baixa
sábado,BR-158,20.0,Anoitecer,Crescente,Céu Claro,Simples,Reta,-16.03087,-52.17344,DEL04-GO,Risco Médio,Baixa
terça-feira,BR-290,253.7,Plena Noite,Decrescente,Céu Claro,Simples,Reta,-30.24943,-52.76733,DEL02-RS,Risco Alto,Baixa
domingo,BR-40,446.0,Anoitecer,Decrescente,Céu Claro,Simples,Retorno Regulamentado,-19.28815,-44.392,DEL02-MG,Risco Médio,Alta
domingo,BR-262,878.0,Plena Noite,Crescente,Céu Claro,Simples,Interseção de vias,-19.78527,-48.52197,DEL13-MG,Risco Médio,Média
segunda-feira,BR-174,14.0,Pleno dia,Crescente,Céu Claro,Simples,Reta,-12.73307,-60.12981,DEL04-RO,Risco Médio,Baixa
segunda-feira,BR-116,515.0,Pleno dia,Decrescente,Céu Claro,Simples,Curva,-19.6849,-42.1171,DEL06-MG,Risco Médio,Alta
sábado,BR-369,129.8,Pleno dia,Decrescente,Céu Claro,Dupla,Reta,-23.2628,-50.97382,DEL07-PR,Risco Médio,Baixa
quinta-feira,BR-116,0.6,Plena Noite,Crescente,Céu Claro,Simples,Não Informado,-26.10894,-49.78419,DEL06-SC,Risco Médio,Alta
domingo,BR-319,793.0,Pleno dia,Decrescente,Ignorado,Simples,Reta,-8.304826,-63.94378,DEL01-RO,Risco Médio,Baixa
quarta-feira,BR-364,1173.0,Anoitecer,Crescente,Céu Claro,Simples,Reta,-13.64718,-59.14747,DEL04-MT,Risco Médio,Alta
sábado,BR-262,5.2,Plena Noite,Crescente,Céu Claro,Múltipla,Curva,-20.33649,-40.38936,DEL01-ES,Risco Médio,Média
sexta-feira,BR-116,413.5,Pleno dia,Crescente,Sol,Simples,Interseção de vias,-12.14975,-38.96473,DEL02-BA,Risco Médio,Alta
sábado,BR-356,133.5,Plena Noite,Crescente,Garoa/Chuvisco,Simples,Reta,-21.71867,-41.35166,DEL08-RJ,Risco Médio,Baixa
quinta-feira,BR-101,213.2,Plena Noite,Decrescente,Nublado,Simples,Não Informado,-27.63697,-48.66514,DEL01-SC,Risco Baixo,Alta
domingo,BR-282,489.0,Pleno dia,Decrescente,Céu Claro,Simples,Curva,-26.87037,-52.27473,DEL07-SC,Risco Médio,Baixa
sábado,BR-364,65.8,Amanhecer,Crescente,Nevoeiro/Neblina,Dupla,Não Informado,-12.50462,-60.47996,DEL04-RO,Risco Médio,Alta
sábado,BR-470,104.1,Pleno dia,Crescente,Sol,Simples,Reta,-27.0648,-49.40142,DEL04-SC,Risco Médio,Baixa
sábado,BR-101,410.0,Plena Noite,Decrescente,Céu Claro,Simples,Reta,-13.76819,-39.49161,DEL05-BA,Risco Alto,Alta
sexta-feira,BR-60,136.0,Plena Noite,Crescente,Chuva,Dupla,Reta,-16.5959,-49.1965,DEL01-GO,Risco Médio,Média
sábado,BR-280,29.0,Pleno dia,Crescente,Céu Claro,Simples,Reta,-26.41066,-48.75296,DEL03-SC,Risco Médio,Baixa
sábado,BR-290,92.0,Pleno dia,Crescente,Céu Claro,Simples,Curva,-29.97192,-51.17684,DEL01-RS,Risco Médio,Baixa
terça-feira,BR-101,261.0,Pleno dia,Decrescente,Céu Claro,Dupla,Reta,-28.0321,-48.7072,DEL02-SC,Risco Médio,Alta
quinta-feira,BR-452,187.0,Amanhecer,Decrescente,Céu Claro,Simples,Reta,-18.3988,-49.30124,DEL03-GO,Risco Médio,Baixa
sábado,BR-290,64.7,Pleno dia,Decrescente,Sol,Dupla,Reta,-29.94324,-50.90182,DEL03-RS,Risco Médio,Baixa
segunda-feira,BR-116,307.0,Pleno dia,Decrescente,Céu Claro,Dupla,Reta,-22.45713,-44.41064,DEL07-RJ,Risco Médio,Alta
domingo,BR-101,165.0,Plena Noite,Crescente,Céu Claro,Dupla,Reta,-27.25266,-48.63155,DEL04-SC,Risco Médio,Alta
quarta-feira,BR-40,532.0,Pleno dia,Decrescente,Céu Claro,Dupla,Reta,-19.9248,-44.0138,DEL01-MG,Risco Médio,Alta
quarta-feira,BR-376,180.9,Pleno dia,Decrescente,Céu Claro,Múltipla,Interseção de vias,-23.43175,-51.88808,DEL07-PR,Risco Médio,Baixa
quarta-feira,BR-101,216.0,Pleno dia,Crescente,Céu Claro,Simples,Reta,-12.60305,-39.01501,DEL01-BA,Risco Médio,Alta
terça-feira,BR-40,130.7,Pleno dia,Decrescente,Céu Claro,Simples,Reta,-17.70763,-46.27922,DEL14-MG,Risco Médio,Alta
terça-feira,BR-470,40.0,Pleno dia,Crescente,Céu Claro,Simples,Não Informado,-26.88957,-48.99094,DEL04-SC,Risco Médio,Baixa
sábado,BR-282,524.0,Amanhecer,Decrescente,Céu Claro,Simples,Não Informado,-26.965,-52.55738,DEL07-SC,Risco Médio,Baixa
sábado,BR-101,112.3,Plena Noite,Decrescente,Nublado,Simples,Reta,-26.84798,-48.72318,DEL04-SC,Risco Alto,Alta
sexta-feira,BR-116,414.4,Pleno dia,Crescente,Céu Claro,Dupla,Não Informado,-18.88103,-41.95911,DEL06-MG,Risco Médio,Alta
terça-feira,BR-20,2.0,Pleno dia,Decrescente,Chuva,Dupla,Reta,-15.6835,-47.84361,DEL02-DF,Risco Médio,Baixa
quarta-feira,BR-70,4.3,Pleno dia,Crescente,Céu Claro,Dupla,Reta,-15.87907,-52.28563,DEL07-MT,Risco Médio,Baixa
sexta-feira,BR-470,56.5,Plena Noite,Crescente,Céu Claro,Simples,Interseção de vias,-26.87338,-49.11441,DEL04-SC,Risco Médio,Baixa
sexta-feira,BR-101,716.2,Anoitecer,Decrescente,Nublado,Dupla,Não Informado,-16.36204,-39.58026,DEL09-BA,Risco Médio,Alta
domingo,BR-153,699.0,Plena Noite,Crescente,Ignorado,Simples,Curva,-18.3862,-49.2076,DEL03-GO,Risco Médio,Alta
segunda-feira,BR-101,135.3,Plena Noite,Crescente,Céu Claro,Dupla,Ponte,-27.00714,-48.61988,DEL04-SC,Risco Médio,Alta
quarta-feira,BR-381,643.2,Pleno dia,Crescente,Garoa/Chuvisco,Dupla,Não Informado,-20.94414,-44.88059,DEL04-MG,Risco Alto,Alta
sexta-feira,BR-101,273.0,Pleno dia,Crescente,Nublado,Dupla,Curva,-28.12382,-48.69625,DEL02-SC,Risco Médio,Alta
segunda-feira,BR-40,584.0,Pleno dia,Decrescente,Chuva,Simples,Reta,-20.32544,-43.92761,DEL01-MG,Risco Médio,Alta
quinta-feira,BR-60,46.3,Plena Noite,Decrescente,Céu Claro,Dupla,Reta,-16.8101,-49.2397,DEL01-GO,Risco Médio,Média
sexta-feira,BR-163,499.4,Plena Noite,Decrescente,Céu Claro,Dupla,Reta,-20.32688,-54.51866,DEL01-MS,Risco Médio,Alta
sábado,BR-101,46.5,Plena Noite,Decrescente,Céu Claro,Simples,Reta,-23.42538,-45.07672,DEL06-SP,Risco Médio,Alta
sábado,BR-381,511.8,Pleno dia,Decrescente,Chuva,Dupla,Reta,-20.0685,-44.2974,DEL01-MG,Risco Médio,Alta
sexta-feira,BR-116,331.1,Plena Noite,Crescente,Céu Claro,Simples,Curva,-30.38998,-51.43352,DEL02-RS,Risco Baixo,Alta
segunda-feira,BR-116,169.3,Pleno dia,Decrescente,Céu Claro,Simples,Curva,-4.929619,-37.98992,DEL03-CE,Risco Baixo,Alta
segunda-feira,BR-40,78.0,Pleno dia,Crescente,Céu Claro,Simples,Curva,-22.48486,-43.22843,DEL06-RJ,Risco Médio,Alta
sábado,BR-277,337.0,Plena Noite,Crescente,Céu Claro,Dupla,Reta,-25.35272,-51.36911,DEL08-PR,Risco Baixo,Média
domingo,BR-381,183.9,Pleno dia,Decrescente,Sol,Simples,Reta,-19.06289,-42.16283,DEL06-MG,Risco Médio,Alta
domingo,BR-60,101.0,Pleno dia,Decrescente,Céu Claro,Dupla,Reta,-16.40175,-48.97338,DEL02-GO,Risco Médio,Média
quinta-feira,BR-290,199.0,Anoitecer,Decrescente,Garoa/Chuvisco,Simples,Reta,-30.1699,-52.2085,DEL02-RS,Risco Médio,Baixa
sábado,BR-493,122.0,Pleno dia,Decrescente,Céu Claro,Dupla,Desvio Temporário,-22.89415,-43.82383,DEL03-RJ,Risco Médio,Baixa
sábado,BR-50,71.4,Plena Noite,Decrescente,Céu Claro,Múltipla,Não Informado,-18.89628,-48.24654,DEL15-MG,Risco Médio,Média
sexta-feira,BR-262,106.0,Plena Noite,Crescente,Nublado,Simples,Reta,-20.3272,-41.147,DEL01-ES,Risco Médio,Média
sábado,BR-101,111.4,Pleno dia,Crescente,Sol,Dupla,Reta,-5.955594,-35.26495,DEL01-RN,Risco Médio,Alta
sábado,BR-70,16.7,Pleno dia,Decrescente,Céu Claro,Dupla,Reta,-15.795,-48.19934,DEL01-DF,Risco Baixo,Baixa
segunda-feira,BR-101,32.0,Pleno dia,Crescente,Nublado,Dupla,Reta,-26.22699,-48.91657,DEL03-SC,Risco Médio,Alta
terça-feira,BR-110,245.5,Pleno dia,Crescente,Céu Claro,Simples,Reta,-9.179968,-38.25862,DEL07-BA,Risco Médio,Baixa
sexta-feira,BR-282,0.7,Plena Noite,Decrescente,Nublado,Múltipla,Reta,-27.59845,-48.572,DEL01-SC,Risco Médio,Baixa
sábado,BR-408,101.0,Plena Noite,Decrescente,Chuva,Dupla,Reta,-8.047077,-35.00882,DEL01-PE,Risco Médio,Baixa
quarta-feira,BR-381,334.0,Pleno dia,Crescente,Sol,Simples,Curva,-19.81026,-43.06303,DEL03-MG,Risco Médio,Alta
segunda-feira,BR-153,272.0,Plena Noite,Crescente,Céu Claro,Simples,Reta,-8.282424,-48.4693,DEL02-TO,Risco Alto,Alta
quinta-feira,BR-116,565.8,Pleno dia,Decrescente,Céu Claro,Simples,Curva,-20.06875,-42.17752,DEL06-MG,Risco Médio,Alta
quinta-feira,BR-101,392.9,Anoitecer,Crescente,Nublado,Simples,Reta,-20.86734,-40.90427,DEL03-ES,Risco Médio,Alta
sábado,BR-163,840.0,Pleno dia,Decrescente,Céu Claro,Simples,Reta,-11.94214,-55.5163,DEL06-MT,Risco Alto,Alta
segunda-feira,BR-101,174.1,Plena Noite,Crescente,Céu Claro,Dupla,Reta,-27.33082,-48.62698,DEL01-SC,Risco Médio,Alta
quinta-feira,BR-280,166.0,Plena Noite,Decrescente,Céu Claro,Simples,Reta,-26.17714,-49.81611,DEL06-SC,Risco Médio,Baixa
domingo,BR-343,8.3,Plena Noite,Decrescente,Céu Claro,Simples,Reta,-2.899382,-41.72372,DEL05-PI,Risco Médio,Baixa
domingo,BR-116,202.0,Plena Noite,Decrescente,Nublado,Dupla,Curva,-23.40809,-46.3386,DEL01-SP,Risco Baixo,Alta
quarta-feira,BR-116,702.6,Pleno dia,Decrescente,Céu Claro,Simples,Não Informado,-21.12759,-42.38362,DEL07-MG,Risco Médio,Alta
terça-feira,BR-324,624.0,Pleno dia,Crescente,Nublado,Múltipla,Reta,-12.93384,-38.47191,DEL01-BA,Risco Médio,Baixa
quarta-feira,BR-116,264.0,Plena Noite,Decrescente,Céu Claro,Múltipla,Reta,-29.91444,-51.17754,DEL01-RS,Risco Médio,Alta
domingo,BR-163,578.0,Amanhecer,Crescente,Sol,Simples,Não Informado,-4.998427,-56.18518,DEL05-PA,Risco Baixo,Alta
sábado,BR-101,108.0,Pleno dia,Crescente,Céu Claro,Dupla,Reta,-5.928251,-35.26466,DEL01-RN,Risco Médio,Alta
segunda-feira,BR-210,70.0,Pleno dia,Crescente,Céu Claro,Simples,Não Informado,0.5558911,-51.15001,DEL01-AP,Risco Médio,Baixa
domingo,BR-60,101.0,Pleno dia,Crescente,Garoa/Chuvisco,Dupla,Reta,-16.4022,-48.9745,DEL02-GO,Risco Médio,Média
segunda-feira,BR-402,286.8,Plena Noite,Crescente,Céu Claro,Simples,Reta,-3.595898,-39.43799,DEL01-CE,Risco Médio,Baixa
terça-feira,BR-226,86.0,Pleno dia,Decrescente,Céu Claro,Simples,Reta,-6.213858,-35.81892,DEL03-RN,Risco Médio,Baixa
quarta-feira,BR-101,418.0,Pleno dia,Crescente,Céu Claro,Simples,Reta,-22.91783,-43.90472,DEL03-RJ,Risco Alto,Alta
terça-feira,BR-470,224.9,Pleno dia,Decrescente,Céu Claro,Simples,Reta,-29.24323,-51.51702,DEL06-RS,Risco Médio,Baixa
domingo,BR-20,7.6,Plena Noite,Crescente,Céu Claro,Dupla,Reta,-15.66135,-47.79855,DEL02-DF,Risco Médio,Baixa
quinta-feira,BR-242,322.0,Pleno dia,Crescente,Céu Claro,Simples,Curva,-12.46662,-41.08146,DEL06-BA,Risco Médio,Baixa
sábado,BR-70,462.0,Pleno dia,Decrescente,Céu Claro,Simples,Reta,-15.89629,-52.24583,DEL04-GO,Risco Médio,Baixa
quinta-feira,BR-116,211.0,Pleno dia,Decrescente,Céu Claro,Simples,Reta,-23.43243,-46.41944,DEL01-SP,Risco Médio,Alta
segunda-feira,BR-232,129.0,Plena Noite,Crescente,Céu Claro,Simples,Não Informado,-8.301935,-35.98092,DEL02-PE,Risco Médio,Baixa
domingo,BR-101,298.5,Pleno dia,Decrescente,Céu Claro,Dupla,Reta,-20.35374,-40.41564,DEL01-ES,Risco Médio,Alta
sábado,BR-476,130.9,Plena Noite,Crescente,Nublado,Múltipla,Reta,-25.44956,-49.23643,DEL01-PR,Risco Baixo,Baixa
sábado,BR-376,216.6,Amanhecer,Crescente,Céu Claro,Simples,Curva,-23.59767,-51.6334,DEL09-PR,Risco Médio,Baixa
sábado,BR-101,93.0,Plena Noite,Decrescente,Céu Claro,Simples,Reta,-18.92267,-39.96785,DEL04-ES,Risco Médio,Alta
sexta-feira,BR-153,575.0,Plena Noite,Crescente,Céu Claro,Dupla,Curva,-17.33846,-49.23956,DEL03-GO,Risco Médio,Alta
domingo,BR-232,123.5,Pleno dia,Crescente,Sol,Dupla,Reta,-8.304173,-35.92824,DEL02-PE,Risco Baixo,Baixa
quarta-feira,BR-135,109.1,Plena Noite,Crescente,Nublado,Simples,Reta,-3.402573,-44.50767,DEL01-MA,Risco Baixo,Baixa
sábado,BR-316,183.2,Pleno dia,Crescente,Céu Claro,Simples,Reta,-6.267565,-41.95621,DEL04-PI,Risco Médio,Baixa
quinta-feira,BR-116,530.4,Pleno dia,Decrescente,Céu Claro,Simples,Interseção de vias,-19.81206,-42.13575,DEL06-MG,Risco Médio,Alta
quarta-feira,BR-364,1232.0,Pleno dia,Crescente,Céu Claro,Simples,Reta,-13.83394,-59.62076,DEL04-MT,Risco Médio,Alta
quinta-feira,BR-262,156.0,Plena Noite,Decrescente,Nublado,Simples,Reta,-20.22987,-41.4799,DEL01-ES,Risco Médio,Média
sexta-feira,BR-40,514.0,Anoitecer,Decrescente,Céu Claro,Dupla,Reta,-19.80046,-44.1009,DEL01-MG,Risco Médio,Alta
domingo,BR-101,242.0,Pleno dia,Crescente,Chuva,Dupla,Reta,-27.87501,-48.64699,DEL01-SC,Risco Médio,Alta