dia_semana,br,km,fase_dia,sentido_via,condicao_metereologica,tipo_pista,tracado_via,latitude,longitude,delegacia,classificacao_acidente,postos_policiais_PRF
sexta-feira,BR-40,112.3,Pleno dia,Decrescente,Sol,Simples,Curva,-22.70185,-43.29,DEL01-RJ,Risco Médio,Alta
quinta-feira,BR-60,82.6,Pleno dia,Decrescente,Chuva,Dupla,Curva,-16.3136,-48.8366,DEL02-GO,Risco Médio,Média
terça-feira,BR-40,40.0,Pleno dia,Decrescente,Céu Claro,Simples,Reta,-22.23902,-43.10808,DEL06-RJ,Risco Médio,Alta
segunda-feira,BR-101,85.0,Plena Noite,Crescente,Nublado,Dupla,Reta,-10.84356,-37.13697,DEL01-SE,Risco Baixo,Alta
segunda-feira,BR-480,125.4,Pleno dia,Crescente,Sol,Simples,Não Informado,-27.01165,-52.63953,DEL07-SC,Risco Médio,Baixa
quinta-feira,BR-101,119.0,Pleno dia,Crescente,Céu Claro,Dupla,Reta,-6.024968,-35.25098,DEL01-RN,Risco Baixo,Alta
quinta-feira,BR-50,181.2,Plena Noite,Decrescente,Céu Claro,Dupla,Não Informado,-17.4158,-47.7948,DEL06-GO,Risco Baixo,Média
quinta-feira,BR-376,681.0,Pleno dia,Crescente,Garoa/Chuvisco,Dupla,Não Informado,-25.96597,-48.89663,DEL01-PR,Risco Médio,Baixa
sábado,BR-135,513.0,Plena Noite,Decrescente,Céu Claro,Simples,Reta,-17.9028,-44.1686,DEL02-MG,Risco Baixo,Baixa
quarta-feira,BR-101,211.0,Pleno dia,Decrescente,Céu Claro,Múltipla,Reta,-27.62329,-48.65246,DEL01-SC,Risco Médio,Alta
quarta-feira,BR-470,2.4,Pleno dia,Crescente,Sol,Simples,Reta,-26.86855,-48.67483,DEL04-SC,Risco Médio,Baixa
quarta-feira,BR-101,281.5,Pleno dia,Decrescente,Céu Claro,Simples,Viaduto,-28.2178,-48.7001,DEL02-SC,Risco Médio,Alta
terça-feira,BR-116,272.8,Plena Noite,Crescente,Céu Claro,Simples,Não Informado,-22.55607,-44.13022,DEL07-RJ,Risco Médio,Alta
domingo,BR-304,100.0,Anoitecer,Decrescente,Ignorado,Simples,Reta,-4.873894,-37.45109,DEL03-CE,Risco Médio,Baixa
domingo,BR-408,66.0,Plena Noite,Crescente,Garoa/Chuvisco,Dupla,Viaduto,-7.854657,-35.22386,DEL01-PE,Risco Alto,Baixa
sábado,BR-116,394.0,Pleno dia,Crescente,Céu Claro,Simples,Reta,-30.8433,-51.75314,DEL02-RS,Risco Médio,Alta
sábado,BR-222,0.9,Plena Noite,Crescente,Céu Claro,Múltipla,Reta,-3.736774,-38.56923,DEL01-CE,Risco Médio,Baixa
domingo,BR-393,255.9,Plena Noite,Crescente,Nublado,Simples,Reta,-22.45672,-43.8417,DEL05-RJ,Risco Médio,Média
quinta-feira,BR-376,182.0,Pleno dia,Crescente,Céu Claro,Múltipla,Interseção de vias,-23.43684,-51.87881,DEL09-PR,Risco Médio,Baixa
quarta-feira,BR-50,305.0,Pleno dia,Crescente,Céu Claro,Dupla,Reta,-18.3636,-48.0502,DEL06-GO,Risco Médio,Média
quarta-feira,BR-163,13.0,Plena Noite,Crescente,Céu Claro,Simples,Reta,-23.95374,-54.31623,DEL09-MS,Risco Médio,Alta
quarta-feira,BR-316,139.3,Plena Noite,Crescente,Céu Claro,Simples,Não Informado,-9.388528,-36.76736,DEL03-AL,Risco Médio,Baixa
sábado,BR-470,120.9,Plena Noite,Crescente,Chuva,Simples,Curva,-27.08992,-49.52042,DEL04-SC,Risco Médio,Baixa
sexta-feira,BR-163,858.0,Pleno dia,Crescente,Céu Claro,Simples,Reta,-11.65378,-55.44129,DEL06-MT,Risco Médio,Alta
quinta-feira,BR-232,7.9,Pleno dia,Crescente,Céu Claro,Dupla,Reta,-8.076058,-34.97097,DEL01-PE,Risco Médio,Baixa
segunda-feira,BR-476,145.0,Pleno dia,Crescente,Céu Claro,Dupla,Retorno Regulamentado,-25.54775,-49.32095,DEL01-PR,Risco Baixo,Baixa
sexta-feira,BR-277,234.0,Pleno dia,Decrescente,Céu Claro,Dupla,Rotatória,-25.46483,-50.57487,DEL08-PR,Risco Médio,Média
segunda-feira,BR-282,68.9,Pleno dia,Crescente,Nublado,Simples,Curva,-27.69004,-49.08403,DEL01-SC,Risco Médio,Baixa
sexta-feira,BR-40,118.0,Plena Noite,Crescente,Céu Claro,Múltipla,Reta,-22.75471,-43.28738,DEL01-RJ,Risco Baixo,Alta
quarta-feira,BR-110,229.8,Plena Noite,Crescente,Nublado,Simples,Curva,-9.057063,-38.27627,DEL07-BA,Risco Alto,Baixa
sexta-feira,BR-174,928.0,Pleno dia,Decrescente,Chuva,Simples,Desvio Temporário,-2.590313,-60.03401,DEL01-AM,Risco Médio,Baixa
domingo,BR-101,1.0,Plena Noite,Crescente,Céu Claro,Dupla,Reta,-29.30655,-49.77185,DEL03-RS,Risco Médio,Alta
quinta-feira,BR-262,1.4,Pleno dia,Crescente,Nublado,Múltipla,Reta,-20.32955,-40.35493,DEL01-ES,Risco Baixo,Média
segunda-feira,BR-101,223.1,Pleno dia,Decrescente,Chuva,Simples,Curva,-19.9107,-40.40688,DEL02-ES,Risco Médio,Alta
sábado,BR-135,1.0,Plena Noite,Decrescente,Céu Claro,Dupla,Reta,-2.589179,-44.24424,DEL01-MA,Risco Médio,Baixa
segunda-feira,BR-232,21.0,Plena Noite,Decrescente,Nublado,Dupla,Reta,-8.095802,-35.08013,DEL01-PE,Risco Médio,Baixa
terça-feira,BR-101,21.0,Pleno dia,Crescente,Chuva,Dupla,Curva,-26.1484,-48.9092,DEL03-SC,Risco Baixo,Alta
quinta-feira,BR-163,158.9,Pleno dia,Crescente,Céu Claro,Simples,Não Informado,-25.35275,-53.58271,DEL05-PR,Risco Médio,Alta
quarta-feira,BR-116,219.6,Pleno dia,Crescente,Nublado,Múltipla,Reta,-23.464,-46.498,DEL01-SP,Risco Médio,Alta
sábado,BR-101,367.3,Pleno dia,Crescente,Nublado,Dupla,Não Informado,-28.69739,-49.17902,DEL02-SC,Risco Médio,Alta
quarta-feira,BR-163,833.7,Pleno dia,Decrescente,Nublado,Dupla,Retorno Regulamentado,-12.00483,-55.51713,DEL06-MT,Risco Médio,Alta
segunda-feira,BR-40,484.4,Plena Noite,Crescente,Céu Claro,Simples,Reta,-20.32875,-43.92599,DEL02-MG,Risco Baixo,Alta
segunda-feira,BR-285,173.0,Pleno dia,Crescente,Céu Claro,Simples,Reta,-28.32017,-51.34388,DEL08-RS,Risco Médio,Baixa
segunda-feira,BR-262,356.0,Plena Noite,Decrescente,Céu Claro,Dupla,Reta,-19.96891,-44.18105,DEL01-MG,Risco Baixo,Média
terça-feira,BR-232,4.5,Pleno dia,Decrescente,Céu Claro,Dupla,Desvio Temporário,-8.064473,-34.93693,DEL01-PE,Risco Médio,Baixa
quinta-feira,BR-10,133.9,Pleno dia,Decrescente,Sol,Simples,Reta,-6.540191,-47.41722,DEL04-MA,Risco Alto,Baixa
quarta-feira,BR-40,710.5,Pleno dia,Decrescente,Céu Claro,Dupla,Curva,-21.24346,-43.71417,DEL05-MG,Risco Médio,Alta
domingo,BR-470,2.3,Plena Noite,Decrescente,Chuva,Simples,Reta,-26.9083,-48.6626,DEL04-SC,Risco Baixo,Baixa
sexta-feira,BR-101,50.0,Amanhecer,Decrescente,Céu Claro,Dupla,Reta,-7.9071,-34.9022,DEL01-PE,Risco Baixo,Alta
sábado,BR-101,135.0,Plena Noite,Crescente,Céu Claro,Múltipla,Reta,-27.00501,-48.62677,DEL04-SC,Risco Médio,Alta
domingo,BR-101,170.0,Pleno dia,Decrescente,Céu Claro,Simples,Reta,-12.35391,-38.85693,DEL01-BA,Risco Médio,Alta
sexta-feira,BR-40,506.0,Pleno dia,Decrescente,Céu Claro,Dupla,Reta,-19.74717,-44.14731,DEL02-MG,Risco Médio,Alta
sexta-feira,BR-163,971.0,Pleno dia,Crescente,Chuva,Simples,Não Informado,-10.72765,-55.13029,DEL06-MT,Risco Alto,Alta
quinta-feira,BR-262,477.5,Plena Noite,Crescente,Céu Claro,Simples,Não Informado,-19.78286,-45.26024,DEL08-MG,Risco Alto,Média
domingo,BR-101,201.0,Plena Noite,Decrescente,Céu Claro,Dupla,Reta,-27.556,-48.619,DEL01-SC,Risco Médio,Alta
domingo,BR-101,72.0,Pleno dia,Decrescente,Céu Claro,Simples,Reta,-5.698662,-35.26317,DEL02-RN,Risco Médio,Alta
quinta-feira,BR-470,52.9,Plena Noite,Crescente,Céu Claro,Simples,Reta,-26.86183,-49.0825,DEL04-SC,Risco Médio,Baixa
segunda-feira,BR-262,795.5,Pleno dia,Crescente,Céu Claro,Simples,Reta,-19.76315,-47.85748,DEL13-MG,Risco Médio,Média
terça-feira,BR-163,688.0,Pleno dia,Crescente,Céu Claro,Simples,Reta,-13.07457,-55.93192,DEL06-MT,Risco Médio,Alta
quinta-feira,BR-163,552.5,Plena Noite,Crescente,Céu Claro,Simples,Não Informado,-19.89097,-54.37395,DEL01-MS,Risco Médio,Alta
quarta-feira,BR-282,165.6,Pleno dia,Crescente,Garoa/Chuvisco,Simples,Reta,-27.74233,-49.80574,DEL05-SC,Risco Alto,Baixa
sexta-feira,BR-285,194.1,Plena Noite,Crescente,Céu Claro,Simples,Reta,-28.24207,-51.49846,DEL08-RS,Risco Médio,Baixa
segunda-feira,BR-116,148.0,Pleno dia,Crescente,Sol,Dupla,Reta,-23.20067,-45.8795,DEL02-SP,Risco Médio,Alta
terça-feira,BR-116,350.0,Pleno dia,Crescente,Nublado,Simples,Não Informado,-24.0588,-47.2182,DEL04-SP,Risco Baixo,Alta
quarta-feira,BR-116,20.5,Pleno dia,Decrescente,Garoa/Chuvisco,Simples,Reta,-14.88815,-40.81454,DEL08-BA,Risco Médio,Alta
sábado,BR-222,107.5,Pleno dia,Decrescente,Chuva,Simples,Curva,-3.762722,-39.475,DEL04-CE,Risco Baixo,Baixa
quinta-feira,BR-381,639.2,Plena Noite,Decrescente,Nublado,Dupla,Reta,-20.8982,-44.8542,DEL04-MG,Risco Médio,Alta
sábado,BR-230,51.9,Pleno dia,Decrescente,Céu Claro,Dupla,Reta,-7.1897,-35.0615,DEL01-PB,Risco Médio,Baixa
sábado,BR-101,416.5,Pleno dia,Crescente,Chuva,Simples,Curva,-22.9073,-43.89025,DEL03-RJ,Risco Médio,Alta
domingo,BR-101,331.8,Pleno dia,Crescente,Chuva,Dupla,Curva,-28.45901,-48.98813,DEL02-SC,Risco Médio,Alta
quarta-feira,BR-153,50.0,Pleno dia,Decrescente,Céu Claro,Simples,Reta,-27.65623,-52.27555,DEL08-RS,Risco Médio,Alta
sexta-feira,BR-222,21.0,Pleno dia,Decrescente,Céu Claro,Dupla,Não Informado,-3.737153,-38.74294,DEL01-CE,Risco Médio,Baixa
sábado,BR-158,522.0,Plena Noite,Decrescente,Céu Claro,Simples,Reta,-26.20228,-52.67822,DEL02-PR,Risco Médio,Baixa
terça-feira,BR-381,372.7,Pleno dia,Decrescente,Céu Claro,Simples,Curva,-19.85754,-43.24282,DEL01-MG,Risco Médio,Alta
quinta-feira,BR-285,476.8,Pleno dia,Decrescente,Céu Claro,Simples,Rotatória,-28.38125,-54.07591,DEL10-RS,Risco Baixo,Baixa
quarta-feira,BR-40,122.0,Pleno dia,Decrescente,Nublado,Simples,Curva,-22.78807,-43.28388,DEL01-RJ,Risco Médio,Alta
sexta-feira,BR-262,354.6,Pleno dia,Crescente,Céu Claro,Simples,Rotatória,-20.55181,-54.66878,DEL01-MS,Risco Médio,Média
segunda-feira,BR-232,76.5,Plena Noite,Crescente,Céu Claro,Dupla,Reta,-8.193439,-35.54301,DEL01-PE,Risco Alto,Baixa
quarta-feira,BR-101,270.0,Pleno dia,Crescente,Céu Claro,Múltipla,Reta,-20.2174,-40.26991,DEL02-ES,Risco Médio,Alta
sexta-feira,BR-40,72.0,Anoitecer,Decrescente,Garoa/Chuvisco,Simples,Curva,-22.45853,-43.21601,DEL06-RJ,Risco Médio,Alta
quinta-feira,BR-101,62.2,Pleno dia,Decrescente,Céu Claro,Simples,Reta,-18.6902,-39.86154,DEL04-ES,Risco Médio,Alta
domingo,BR-277,591.0,Plena Noite,Crescente,Céu Claro,Simples,Reta,-24.98286,-53.47319,DEL04-PR,Risco Médio,Média
terça-feira,BR-282,411.0,Anoitecer,Decrescente,Céu Claro,Simples,Interseção de vias,-27.06688,-51.66347,DEL07-SC,Risco Médio,Baixa
terça-feira,BR-80,408.0,Pleno dia,Crescente,Céu Claro,Simples,Reta,-13.27295,-50.50441,DEL07-GO,Risco Médio,Baixa
sexta-feira,BR-50,72.3,Pleno dia,Crescente,Nublado,Dupla,Não Informado,-18.8514,-48.25346,DEL15-MG,Risco Médio,Média
sábado,BR-470,90.0,Pleno dia,Decrescente,Céu Claro,Simples,Reta,-26.96934,-49.36772,DEL04-SC,Risco Médio,Baixa
quinta-feira,BR-230,29.0,Pleno dia,Decrescente,Céu Claro,Dupla,Reta,-7.1574,-34.9067,DEL01-PB,Risco Médio,Baixa
quinta-feira,BR-153,63.4,Pleno dia,Decrescente,Céu Claro,Dupla,Curva,-20.8215,-49.35765,DEL09-SP,Risco Médio,Alta
domingo,BR-476,168.6,Pleno dia,Crescente,Nublado,Simples,Não Informado,-25.66106,-49.48967,DEL01-PR,Risco Alto,Baixa
segunda-feira,BR-364,463.5,Anoitecer,Crescente,Chuva,Simples,Reta,-15.45436,-56.32478,DEL01-MT,Risco Médio,Alta
terça-feira,BR-116,544.0,Pleno dia,Crescente,Nublado,Dupla,Curva,-24.95781,-48.42123,DEL05-SP,Risco Baixo,Alta
sábado,BR-104,35.0,Pleno dia,Decrescente,Céu Claro,Simples,Reta,-9.161668,-36.01701,DEL01-AL,Risco Médio,Baixa
quinta-feira,BR-153,303.8,Plena Noite,Crescente,Nublado,Simples,Reta,-25.24572,-50.62781,DEL03-PR,Risco Alto,Alta
quarta-feira,BR-101,62.0,Pleno dia,Decrescente,Céu Claro,Dupla,Reta,-29.69185,-50.15877,DEL03-RS,Risco Médio,Alta
terça-feira,BR-101,430.9,Anoitecer,Crescente,Nublado,Múltipla,Reta,-29.07081,-49.6263,DEL02-SC,Risco Médio,Alta
quinta-feira,BR-480,71.3,Pleno dia,Crescente,Céu Claro,Simples,Curva,-27.63464,-52.27434,DEL08-RS,Risco Médio,Baixa
segunda-feira,BR-316,2.4,Pleno dia,Crescente,Céu Claro,Dupla,Reta,-1.393731,-48.41974,DEL01-PA,Risco Médio,Baixa
terça-feira,BR-116,147.0,Pleno dia,Crescente,Céu Claro,Simples,Não Informado,-25.42895,-49.26714,DEL01-PR,Risco Médio,Alta
segunda-feira,BR-101,404.0,Plena Noite,Crescente,Chuva,Dupla,Reta,-22.86343,-43.79643,DEL03-RJ,Risco Baixo,Alta
sexta-feira,BR-101,67.0,Pleno dia,Crescente,Céu Claro,Dupla,Reta,-18.72055,-39.86588,DEL04-ES,Risco Médio,Alta
quarta-feira,BR-50,191.3,Pleno dia,Crescente,Céu Claro,Dupla,Reta,-19.86409,-47.86418,DEL13-MG,Risco Médio,Média
sábado,BR-262,499.0,Pleno dia,Crescente,Céu Claro,Simples,Desvio Temporário,-19.78393,-45.42733,DEL08-MG,Risco Alto,Média
sexta-feira,BR-116,7.0,Pleno dia,Crescente,Sol,Simples,Interseção de vias,-26.15235,-49.83171,DEL06-SC,Risco Médio,Alta
sexta-feira,BR-153,443.9,Pleno dia,Decrescente,Nublado,Dupla,Reta,-16.34672,-48.9259,DEL02-GO,Risco Médio,Alta
sexta-feira,BR-101,264.0,Plena Noite,Decrescente,Céu Claro,Simples,Reta,-13.09857,-39.28168,DEL01-BA,Risco Médio,Alta
segunda-feira,BR-365,592.0,Amanhecer,Crescente,Céu Claro,Simples,Não Informado,-18.87951,-48.06157,DEL15-MG,Risco Médio,Média
sexta-feira,BR-262,34.2,Pleno dia,Decrescente,Nublado,Simples,Rotatória,-20.25693,-42.01099,DEL06-MG,Risco Baixo,Média
segunda-feira,BR-282,393.7,Plena Noite,Decrescente,Céu Claro,Simples,Não Informado,-27.16022,-51.5739,DEL07-SC,Risco Médio,Baixa
sábado,BR-116,12.3,Pleno dia,Crescente,Céu Claro,Simples,Interseção de vias,-26.17878,-49.86721,DEL06-SC,Risco Médio,Alta
sábado,BR-101,207.0,Anoitecer,Crescente,Nublado,Múltipla,Não Informado,-27.5998,-48.6225,DEL01-SC,Risco Médio,Alta
terça-feira,BR-101,438.0,Pleno dia,Decrescente,Sol,Dupla,Reta,-29.12329,-49.6467,DEL02-SC,Risco Médio,Alta
sexta-feira,BR-287,250.9,Plena Noite,Crescente,Céu Claro,Dupla,Não Informado,-29.68837,-53.87852,DEL09-RS,Risco Médio,Baixa
quinta-feira,BR-277,36.5,Plena Noite,Crescente,Chuva,Dupla,Curva,0.0,0.0,DEL01-PR,Risco Baixo,Média
terça-feira,BR-60,21.5,Pleno dia,Crescente,Céu Claro,Simples,Reta,-16.0887,-48.5018,DEL01-DF,Risco Baixo,Média
sábado,BR-470,140.3,Pleno dia,Decrescente,Sol,Simples,Reta,-27.19662,-49.62706,DEL04-SC,Risco Baixo,Baixa
terça-feira,BR-101,206.9,Plena Noite,Decrescente,Céu Claro,Múltipla,Não Informado,-27.5996,-48.6218,DEL01-SC,Risco Médio,Alta
segunda-feira,BR-116,225.0,Amanhecer,Decrescente,Céu Claro,Dupla,Reta,-23.48587,-46.54075,DEL01-SP,Risco Baixo,Alta
segunda-feira,BR-480,125.9,Pleno dia,Crescente,Céu Claro,Simples,Interseção de vias,-27.01165,-52.63953,DEL07-SC,Risco Médio,Baixa
segunda-feira,BR-101,272.5,Pleno dia,Decrescente,Céu Claro,Múltipla,Reta,-20.22725,-40.28427,DEL02-ES,Risco Médio,Alta
terça-feira,BR-476,238.0,Pleno dia,Decrescente,Chuva,Simples,Curva,-25.87289,-50.05431,DEL02-PR,Risco Baixo,Baixa
terça-feira,BR-116,270.5,Pleno dia,Crescente,Céu Claro,Dupla,Reta,-23.618,-46.79678,DEL04-SP,Risco Médio,Alta
terça-feira,BR-393,290.0,Pleno dia,Decrescente,Céu Claro,Simples,Curva,-22.5207,-44.11555,DEL05-RJ,Risco Baixo,Média
sexta-feira,BR-381,660.4,Pleno dia,Crescente,Nublado,Dupla,Não Informado,-21.01085,-44.98377,DEL04-MG,Risco Médio,Alta
sábado,BR-232,100.3,Plena Noite,Crescente,Chuva,Dupla,Reta,-8.240187,-35.74784,DEL01-PE,Risco Baixo,Baixa
segunda-feira,BR-70,595.0,Pleno dia,Crescente,Céu Claro,Simples,Reta,-15.79886,-56.68984,DEL03-MT,Risco Médio,Baixa
quarta-feira,BR-40,79.9,Plena Noite,Decrescente,Ignorado,Simples,Reta,-16.73276,-47.62951,DEL01-DF,Risco Baixo,Alta
segunda-feira,BR-116,328.0,Pleno dia,Crescente,Chuva,Dupla,Curva,-22.5048,-44.59685,DEL07-RJ,Risco Médio,Alta
quarta-feira,BR-470,226.0,Plena Noite,Decrescente,Céu Claro,Simples,Curva,-29.25434,-51.51151,DEL06-RS,Risco Médio,Baixa
terça-feira,BR-163,1043.0,Anoitecer,Crescente,Céu Claro,Simples,Reta,-10.1429,-54.9298,DEL06-MT,Risco Médio,Alta
quarta-feira,BR-230,16.9,Plena Noite,Decrescente,Céu Claro,Dupla,Reta,-7.112502,-34.84238,DEL01-PB,Risco Médio,Baixa
sábado,BR-277,8.0,Pleno dia,Decrescente,Céu Claro,Dupla,Reta,-25.55235,-48.66772,DEL01-PR,Risco Baixo,Média
quarta-feira,BR-381,479.9,Plena Noite,Crescente,Céu Claro,Dupla,Reta,-19.96183,-44.05051,DEL01-MG,Risco Alto,Alta
quinta-feira,BR-101,264.1,Anoitecer,Decrescente,Garoa/Chuvisco,Dupla,Curva,-28.05149,-48.71633,DEL02-SC,Risco Baixo,Alta
domingo,BR-101,65.0,Pleno dia,Crescente,Chuva,Múltipla,Reta,-8.03518,-34.94166,DEL01-PE,Risco Médio,Alta
quinta-feira,BR-262,3.2,Pleno dia,Crescente,Nublado,Dupla,Reta,-20.33438,-40.36957,DEL01-ES,Risco Médio,Média
sábado,BR-324,572.0,Pleno dia,Decrescente,Nublado,Dupla,Reta,-12.55681,-38.5669,DEL01-BA,Risco Médio,Baixa
domingo,BR-116,135.0,Pleno dia,Decrescente,Céu Claro,Dupla,Reta,-23.14448,-45.77018,DEL02-SP,Risco Médio,Alta
sábado,BR-468,12.0,Pleno dia,Crescente,Chuva,Simples,Curva,-27.8381,-53.4006,DEL08-RS,Risco Baixo,Baixa
segunda-feira,BR-287,438.5,Plena Noite,Decrescente,Céu Claro,Simples,Reta,-29.04739,-55.18964,DEL12-RS,Risco Baixo,Baixa
sexta-feira,BR-101,293.7,Pleno dia,Crescente,Céu Claro,Dupla,Retorno Regulamentado,-20.26437,-40.42034,DEL01-ES,Risco Médio,Alta
domingo,BR-116,274.0,Pleno dia,Decrescente,Céu Claro,Dupla,Reta,-23.63445,-46.82419,DEL04-SP,Risco Baixo,Alta
domingo,BR-376,179.0,Plena Noite,Crescente,Céu Claro,Dupla,Reta,-23.42244,-51.9036,DEL09-PR,Risco Médio,Baixa
domingo,BR-101,49.7,Pleno dia,Crescente,Céu Claro,Simples,Reta,-23.44411,-45.08376,DEL06-SP,Risco Médio,Alta
sexta-feira,BR-364,4.0,Pleno dia,Decrescente,Céu Claro,Simples,Interseção de vias,-12.79174,-60.08807,DEL04-RO,Risco Médio,Alta
sexta-feira,BR-386,433.0,Pleno dia,Crescente,Céu Claro,Simples,Reta,-29.83997,-51.29493,DEL04-RS,Risco Médio,Média
sexta-feira,BR-232,356.1,Plena Noite,Decrescente,Céu Claro,Simples,Curva,-8.048491,-37.84055,DEL04-PE,Risco Médio,Baixa
quinta-feira,BR-101,88.1,Pleno dia,Crescente,Céu Claro,Dupla,Desvio Temporário,-26.64254,-48.68951,DEL03-SC,Risco Médio,Alta
terça-feira,BR-101,269.5,Plena Noite,Decrescente,Céu Claro,Múltipla,Interseção de vias,-20.2174,-40.26991,DEL02-ES,Risco Alto,Alta
quarta-feira,BR-116,268.1,Pleno dia,Crescente,Céu Claro,Dupla,Reta,-29.95043,-51.17653,DEL01-RS,Risco Médio,Alta
quinta-feira,BR-116,154.4,Pleno dia,Crescente,Céu Claro,Dupla,Reta,-23.23904,-45.92062,DEL02-SP,Risco Baixo,Alta
segunda-feira,BR-101,134.0,Anoitecer,Crescente,Nublado,Simples,Interseção de vias,-27.00211,-48.63804,DEL04-SC,Risco Médio,Alta
domingo,BR-101,149.0,Plena Noite,Decrescente,Nublado,Múltipla,Retorno Regulamentado,-27.10896,-48.61278,DEL04-SC,Risco Médio,Alta
segunda-feira,BR-20,35.0,Anoitecer,Crescente,Nublado,Dupla,Não Informado,-15.58215,-47.55916,DEL02-DF,Risco Médio,Baixa
terça-feira,BR-101,328.0,Pleno dia,Decrescente,Céu Claro,Dupla,Reta,-22.87027,-43.16594,DEL02-RJ,Risco Médio,Alta
sábado,BR-174,14.0,Plena Noite,Crescente,Céu Claro,Simples,Reta,-12.73307,-60.12981,DEL04-RO,Risco Médio,Baixa
sábado,BR-393,283.9,Plena Noite,Crescente,Céu Claro,Dupla,Reta,-22.49405,-44.06698,DEL05-RJ,Risco Médio,Média
domingo,BR-470,2.2,Plena Noite,Decrescente,Nublado,Dupla,Não Informado,-26.86855,-48.67483,DEL04-SC,Risco Médio,Baixa
segunda-feira,BR-40,675.3,Pleno dia,Crescente,Nublado,Simples,Curva,-21.03785,-43.78103,DEL05-MG,Risco Médio,Alta
quinta-feira,BR-60,163.0,Pleno dia,Crescente,Sol,Dupla,Reta,-16.7002,-49.3335,DEL01-GO,Risco Médio,Média
quinta-feira,BR-365,403.7,Plena Noite,Decrescente,Céu Claro,Simples,Curva,-18.63827,-46.44996,DEL10-MG,Risco Médio,Média
quarta-feira,BR-262,445.0,Anoitecer,Decrescente,Céu Claro,Dupla,Não Informado,-19.878,-44.94086,DEL08-MG,Risco Médio,Média
sexta-feira,BR-277,58.0,Pleno dia,Crescente,Chuva,Dupla,Não Informado,-25.57739,-48.9717,DEL01-PR,Risco Alto,Média
segunda-feira,BR-60,102.3,Pleno dia,Crescente,Chuva,Dupla,Reta,-16.406,-48.9831,DEL02-GO,Risco Médio,Média
sexta-feira,BR-116,532.0,Pleno dia,Decrescente,Sol,Simples,Reta,-12.72974,-39.777,DEL03-BA,Risco Baixo,Alta
sábado,BR-101,85.8,Plena Noite,Crescente,Chuva,Dupla,Reta,-7.15119,-34.91012,DEL01-PB,Risco Médio,Alta
terça-feira,BR-476,242.4,Amanhecer,Decrescente,Céu Claro,Simples,Curva,-25.8581,-50.08674,DEL02-PR,Risco Baixo,Baixa
domingo,BR-101,107.1,Plena Noite,Decrescente,Nublado,Dupla,Reta,-26.81931,-48.6839,DEL03-SC,Risco Alto,Alta
sábado,BR-230,150.9,Pleno dia,Crescente,Sol,Simples,Reta,-7.2515,-35.8724,DEL02-PB,Risco Médio,Baixa
sexta-feira,BR-251,516.0,Pleno dia,Crescente,Chuva,Simples,Não Informado,-16.66056,-43.75217,DEL12-MG,Risco Médio,Baixa
sábado,BR-319,62.0,Pleno dia,Crescente,Céu Claro,Dupla,Interseção de vias,-8.766685,-63.88405,DEL01-RO,Risco Médio,Baixa
sábado,BR-116,742.1,Plena Noite,Decrescente,Céu Claro,Simples,Curva,-14.37019,-40.34588,DEL08-BA,Risco Alto,Alta
domingo,BR-116,295.0,Plena Noite,Crescente,Nevoeiro/Neblina,Dupla,Reta,-23.75717,-46.90262,DEL04-SP,Risco Médio,Alta
quarta-feira,BR-60,185.5,Pleno dia,Crescente,Chuva,Dupla,Curva,-16.7956,-49.51,DEL01-GO,Risco Médio,Média
quarta-feira,BR-163,822.0,Pleno dia,Crescente,Céu Claro,Simples,Reta,-11.9813,-55.517,DEL06-MT,Risco Baixo,Alta
quarta-feira,BR-232,73.9,Plena Noite,Crescente,Nublado,Simples,Reta,-8.1906,-35.50931,DEL02-PE,Risco Médio,Baixa
terça-feira,BR-101,18.1,Pleno dia,Crescente,Nublado,Simples,Curva,-18.31321,-39.95347,DEL04-ES,Risco Médio,Alta
sábado,BR-50,174.9,Plena Noite,Decrescente,Céu Claro,Dupla,Não Informado,-19.77082,-47.97343,DEL13-MG,Risco Médio,Média
segunda-feira,BR-262,407.2,Pleno dia,Decrescente,Céu Claro,Dupla,Curva,-19.90305,-44.66245,DEL08-MG,Risco Médio,Média
quarta-feira,BR-476,158.7,Plena Noite,Crescente,Chuva,Simples,Reta,-25.61564,-49.42674,DEL01-PR,Risco Baixo,Baixa
sábado,BR-153,1.0,Plena Noite,Crescente,Céu Claro,Simples,Reta,-20.31428,-49.20947,DEL09-SP,Risco Médio,Alta
domingo,BR-470,52.8,Pleno dia,Decrescente,Céu Claro,Simples,Interseção de vias,-26.86607,-49.10045,DEL04-SC,Risco Médio,Baixa
terça-feira,BR-364,336.9,Pleno dia,Decrescente,Céu Claro,Dupla,Reta,-15.83258,-55.46713,DEL02-MT,Risco Médio,Alta
sexta-feira,BR-101,91.7,Plena Noite,Decrescente,Garoa/Chuvisco,Simples,Reta,-8.240245,-34.98618,DEL01-PE,Risco Médio,Alta
sábado,BR-280,51.5,Pleno dia,Crescente,Chuva,Dupla,Interseção de vias,-26.46673,-48.96006,DEL03-SC,Risco Médio,Baixa
sexta-feira,BR-101,127.6,Pleno dia,Crescente,Nublado,Dupla,Curva,-26.95991,-48.67962,DEL04-SC,Risco Médio,Alta