dia_semana,br,km,fase_dia,sentido_via,condicao_metereologica,tipo_pista,tracado_via,latitude,longitude,delegacia,classificacao_acidente,postos_policiais_PRF
terça-feira,BR-153,50.7,Pleno dia,Crescente,Céu Claro,Simples,Rotatória,-27.65623,-52.27555,DEL08-RS,Risco Médio,Alta
quinta-feira,BR-364,706.0,Pleno dia,Crescente,Garoa/Chuvisco,Dupla,Curva,-8.80091,-63.82728,DEL01-RO,Risco Médio,Alta
terça-feira,BR-20,3.0,Pleno dia,Crescente,Céu Claro,Dupla,Reta,-15.68065,-47.83377,DEL02-DF,Risco Médio,Baixa
sábado,BR-163,775.0,Anoitecer,Crescente,Céu Claro,Dupla,Reta,-18.13743,-54.6919,DEL06-MS,Risco Baixo,Alta
sexta-feira,BR-101,287.8,Pleno dia,Crescente,Sol,Dupla,Curva,-20.26968,-40.38998,DEL01-ES,Risco Médio,Alta
quinta-feira,BR-101,64.0,Pleno dia,Decrescente,Céu Claro,Simples,Reta,-21.74909,-41.33632,DEL08-RJ,Risco Baixo,Alta
quarta-feira,BR-101,123.0,Pleno dia,Decrescente,Céu Claro,Simples,Interseção de vias,-26.93669,-48.69877,DEL04-SC,Risco Médio,Alta
terça-feira,BR-232,5.5,Pleno dia,Crescente,Céu Claro,Dupla,Reta,-8.069841,-34.95046,DEL01-PE,Risco Baixo,Baixa
domingo,BR-419,320.9,Amanhecer,Crescente,Céu Claro,Simples,Reta,-21.07092,-55.79712,DEL03-MS,Risco Médio,Baixa
sábado,BR-392,31.4,Pleno dia,Crescente,Céu Claro,Dupla,Reta,-32.04179,-52.28176,DEL07-RS,Risco Médio,Média
segunda-feira,BR-427,48.3,Pleno dia,Crescente,Céu Claro,Simples,Desvio Temporário,-6.563427,-36.7214,DEL03-RN,Risco Médio,Baixa
quarta-feira,BR-116,4.4,Pleno dia,Decrescente,Céu Claro,Múltipla,Reta,-3.786721,-38.51146,DEL01-CE,Risco Médio,Alta
sábado,BR-104,132.4,Plena Noite,Crescente,Nublado,Simples,Reta,-7.307876,-35.89344,DEL02-PB,Risco Médio,Baixa
sexta-feira,BR-116,375.6,Pleno dia,Decrescente,Sol,Simples,Não Informado,-6.395125,-38.83102,DEL05-CE,Risco Médio,Alta
terça-feira,BR-282,618.5,Pleno dia,Crescente,Chuva,Simples,Não Informado,-26.79269,-53.29605,DEL07-SC,Risco Alto,Baixa
segunda-feira,BR-116,337.8,Pleno dia,Crescente,Céu Claro,Simples,Reta,-30.43868,-51.47955,DEL02-RS,Risco Baixo,Alta
quinta-feira,BR-116,499.0,Pleno dia,Decrescente,Céu Claro,Simples,Reta,-19.55248,-42.1243,DEL06-MG,Risco Médio,Alta
sexta-feira,BR-153,51.8,Plena Noite,Decrescente,Céu Claro,Simples,Reta,-27.66025,-52.28414,DEL08-RS,Risco Médio,Alta
domingo,BR-163,134.0,Pleno dia,Decrescente,Sol,Simples,Desvio Temporário,-25.54662,-53.59187,DEL04-PR,Risco Baixo,Alta
sexta-feira,BR-356,10.4,Pleno dia,Decrescente,Céu Claro,Simples,Curva,-21.17503,-42.09718,DEL08-RJ,Risco Médio,Baixa
sexta-feira,BR-40,408.6,Pleno dia,Crescente,Céu Claro,Dupla,Reta,-19.10122,-44.65199,DEL02-MG,Risco Médio,Alta
terça-feira,BR-101,430.0,Plena Noite,Decrescente,Céu Claro,Simples,Reta,-22.99269,-44.24703,DEL03-RJ,Risco Médio,Alta
terça-feira,BR-163,674.0,Plena Noite,Crescente,Céu Claro,Simples,Desvio Temporário,-18.97487,-54.82183,DEL06-MS,Risco Alto,Alta
quinta-feira,BR-101,47.3,Plena Noite,Decrescente,Nublado,Dupla,Reta,-26.34235,-48.8584,DEL03-SC,Risco Médio,Alta
quinta-feira,BR-101,242.9,Pleno dia,Decrescente,Nublado,Simples,Reta,-20.03303,-40.39619,DEL02-ES,Risco Baixo,Alta
quarta-feira,BR-364,715.0,Pleno dia,Crescente,Sol,Simples,Reta,-8.779573,-63.89174,DEL01-RO,Risco Baixo,Alta
sábado,BR-376,658.0,Pleno dia,Decrescente,Sol,Dupla,Ponte,-25.862,-48.9406,DEL01-PR,Risco Médio,Baixa
segunda-feira,BR-101,102.9,Pleno dia,Crescente,Céu Claro,Simples,Curva,-5.888582,-35.24019,DEL01-RN,Risco Médio,Alta
quinta-feira,BR-101,40.0,Plena Noite,Crescente,Garoa/Chuvisco,Dupla,Reta,-26.27176,-48.89468,DEL03-SC,Risco Médio,Alta
sexta-feira,BR-40,532.2,Plena Noite,Decrescente,Céu Claro,Dupla,Não Informado,-19.92373,-44.01701,DEL01-MG,Risco Alto,Alta
quarta-feira,BR-153,58.7,Pleno dia,Crescente,Sol,Simples,Interseção de vias,-26.9692,-51.85444,DEL07-SC,Risco Médio,Alta
quinta-feira,BR-364,285.0,Pleno dia,Decrescente,Chuva,Dupla,Curva,-15.90625,-55.04865,DEL05-MT,Risco Médio,Alta
terça-feira,BR-116,216.0,Pleno dia,Crescente,Nublado,Múltipla,Reta,-23.45212,-46.46793,DEL01-SP,Risco Médio,Alta
sexta-feira,BR-232,282.0,Amanhecer,Crescente,Céu Claro,Simples,Reta,-8.343326,-37.30757,DEL04-PE,Risco Baixo,Baixa
domingo,BR-20,417.6,Pleno dia,Decrescente,Céu Claro,Simples,Reta,-3.840609,-38.59717,DEL01-CE,Risco Alto,Baixa
sexta-feira,BR-163,795.0,Plena Noite,Crescente,Céu Claro,Simples,Reta,-17.96131,-54.67859,DEL06-MS,Risco Médio,Alta
terça-feira,BR-104,88.7,Plena Noite,Decrescente,Céu Claro,Simples,Reta,-6.972776,-35.80695,DEL02-PB,Risco Médio,Baixa
terça-feira,BR-423,59.7,Pleno dia,Decrescente,Céu Claro,Simples,Reta,-8.646764,-36.31558,DEL03-PE,Risco Médio,Baixa
sexta-feira,BR-277,608.8,Pleno dia,Crescente,Céu Claro,Simples,Reta,-25.04299,-53.60478,DEL05-PR,Risco Baixo,Média
domingo,BR-153,506.0,Plena Noite,Crescente,Chuva,Dupla,Reta,-16.7633,-49.24,DEL01-GO,Risco Médio,Alta
sexta-feira,BR-324,614.0,Pleno dia,Decrescente,Céu Claro,Dupla,Reta,-12.97156,-38.51115,DEL01-BA,Risco Médio,Baixa
domingo,BR-262,115.0,Pleno dia,Crescente,Céu Claro,Simples,Reta,-20.32054,-41.21864,DEL01-ES,Risco Médio,Média
domingo,BR-452,93.0,Pleno dia,Crescente,Céu Claro,Simples,Reta,-18.10606,-50.06133,DEL03-GO,Risco Médio,Baixa
sábado,BR-101,54.6,Pleno dia,Crescente,Nublado,Dupla,Não Informado,-7.939611,-34.90357,DEL01-PE,Risco Médio,Alta
terça-feira,BR-262,537.0,Plena Noite,Crescente,Chuva,Simples,Não Informado,-19.77287,-45.77985,DEL08-MG,Risco Médio,Média
domingo,BR-116,187.0,Plena Noite,Decrescente,Céu Claro,Dupla,Reta,-22.73884,-43.47245,DEL01-RJ,Risco Baixo,Alta
quarta-feira,BR-262,393.8,Pleno dia,Crescente,Sol,Dupla,Retorno Regulamentado,-19.9014,-44.5496,DEL01-MG,Risco Baixo,Média
segunda-feira,BR-285,194.7,Pleno dia,Crescente,Céu Claro,Simples,Reta,-28.23505,-51.50145,DEL08-RS,Risco Baixo,Baixa
domingo,BR-163,680.9,Plena Noite,Crescente,Nublado,Simples,Interseção de vias,-18.92417,-54.83539,DEL06-MS,Risco Baixo,Alta
segunda-feira,BR-174,997.0,Pleno dia,Crescente,Céu Claro,Simples,Reta,-1.994507,-60.02663,DEL01-AM,Risco Baixo,Baixa
quinta-feira,BR-116,217.0,Plena Noite,Crescente,Nublado,Múltipla,Reta,-23.45424,-46.47119,DEL01-SP,Risco Médio,Alta
segunda-feira,BR-146,609.3,Pleno dia,Crescente,Céu Claro,Simples,Não Informado,-21.80783,-46.48366,DEL16-MG,Risco Médio,Baixa
domingo,BR-343,577.6,Plena Noite,Crescente,Céu Claro,Simples,Reta,-6.793288,-42.9221,DEL03-PI,Risco Alto,Baixa
quarta-feira,BR-60,54.0,Pleno dia,Decrescente,Céu Claro,Simples,Reta,-18.98604,-52.95363,DEL08-MS,Risco Médio,Média
sexta-feira,BR-470,4.4,Plena Noite,Decrescente,Céu Claro,Dupla,Reta,-26.85847,-48.69079,DEL04-SC,Risco Médio,Baixa
quinta-feira,BR-393,161.9,Plena Noite,Decrescente,Céu Claro,Simples,Reta,-22.11342,-43.12256,DEL06-RJ,Risco Médio,Média
domingo,BR-116,339.0,Pleno dia,Decrescente,Nublado,Dupla,Curva,-24.00229,-47.15188,DEL04-SP,Risco Médio,Alta
sexta-feira,BR-364,19.0,Pleno dia,Decrescente,Céu Claro,Simples,Curva,-17.21388,-53.33879,DEL02-MT,Risco Baixo,Alta
quarta-feira,BR-101,152.3,Plena Noite,Crescente,Chuva,Dupla,Curva,-8.511199,-35.38696,DEL01-PE,Risco Médio,Alta
quarta-feira,BR-101,215.9,Pleno dia,Crescente,Nublado,Dupla,Reta,-27.6601,-48.6774,DEL01-SC,Risco Médio,Alta
sábado,BR-163,482.1,Plena Noite,Crescente,Céu Claro,Simples,Viaduto,-20.4757,-54.5594,DEL01-MS,Risco Médio,Alta
domingo,BR-101,216.5,Plena Noite,Decrescente,Céu Claro,Múltipla,Interseção de vias,-27.65981,-48.67748,DEL01-SC,Risco Médio,Alta
segunda-feira,BR-70,711.0,Pleno dia,Crescente,Chuva,Simples,Curva,-16.19475,-57.58732,DEL03-MT,Risco Baixo,Baixa
segunda-feira,BR-230,117.0,Pleno dia,Crescente,Céu Claro,Dupla,Retorno Regulamentado,-5.355699,-49.09047,DEL03-PA,Risco Médio,Baixa
terça-feira,BR-116,726.5,Anoitecer,Crescente,Chuva,Simples,Não Informado,-21.28973,-42.41764,DEL07-MG,Risco Médio,Alta
domingo,BR-365,666.0,Plena Noite,Crescente,Céu Claro,Dupla,Reta,-18.89075,-48.69511,DEL15-MG,Risco Médio,Média
sexta-feira,BR-116,97.0,Pleno dia,Crescente,Nublado,Múltipla,Reta,-25.51233,-49.12871,DEL01-PR,Risco Médio,Alta
terça-feira,BR-40,114.0,Anoitecer,Decrescente,Chuva,Múltipla,Não Informado,-22.71854,-43.28993,DEL01-RJ,Risco Médio,Alta
segunda-feira,BR-40,189.5,Pleno dia,Crescente,Céu Claro,Simples,Reta,-17.99767,-45.90674,DEL14-MG,Risco Médio,Alta
quarta-feira,BR-381,704.7,Plena Noite,Decrescente,Chuva,Dupla,Não Informado,-21.31126,-45.16321,DEL04-MG,Risco Baixo,Alta
quinta-feira,BR-470,6.0,Pleno dia,Crescente,Sol,Simples,Reta,-26.85224,-48.70954,DEL04-SC,Risco Médio,Baixa
sábado,BR-101,178.9,Pleno dia,Decrescente,Sol,Simples,Curva,-19.61033,-40.20858,DEL04-ES,Risco Médio,Alta
quinta-feira,BR-101,299.0,Plena Noite,Decrescente,Céu Claro,Dupla,Reta,-22.77433,-42.93823,DEL02-RJ,Risco Baixo,Alta
sábado,BR-101,4.0,Pleno dia,Crescente,Céu Claro,Dupla,Reta,-7.532645,-34.99146,DEL01-PE,Risco Médio,Alta
domingo,BR-470,217.0,Amanhecer,Crescente,Chuva,Dupla,Reta,-29.16463,-51.52552,DEL06-RS,Risco Médio,Baixa
domingo,BR-407,12.1,Pleno dia,Crescente,Sol,Simples,Reta,-8.526838,-41.00467,DEL06-PE,Risco Alto,Baixa
terça-feira,BR-393,298.0,Anoitecer,Crescente,Ignorado,Simples,Reta,-22.54313,-44.11299,DEL07-RJ,Risco Médio,Média
sábado,BR-282,3.5,Pleno dia,Decrescente,Sol,Dupla,Reta,-27.59637,-48.60107,DEL01-SC,Risco Baixo,Baixa
sábado,BR-467,97.0,Pleno dia,Crescente,Céu Claro,Múltipla,Reta,-24.91635,-53.48513,DEL04-PR,Risco Médio,Baixa
segunda-feira,BR-116,105.0,Pleno dia,Decrescente,Céu Claro,Dupla,Reta,-25.56635,-49.16834,DEL01-PR,Risco Médio,Alta
sábado,BR-369,87.5,Pleno dia,Crescente,Céu Claro,Dupla,Curva,-23.18253,-50.63773,DEL07-PR,Risco Médio,Baixa
quinta-feira,BR-376,650.5,Pleno dia,Decrescente,Nublado,Dupla,Curva,-25.84587,-49.07025,DEL01-PR,Risco Médio,Baixa
segunda-feira,BR-116,23.2,Pleno dia,Decrescente,Nublado,Dupla,Curva,-25.11352,-48.76096,DEL01-PR,Risco Baixo,Alta
domingo,BR-369,169.5,Pleno dia,Decrescente,Céu Claro,Dupla,Retorno Regulamentado,-23.30224,-51.33356,DEL07-PR,Risco Médio,Baixa
quinta-feira,BR-262,319.0,Plena Noite,Decrescente,Céu Claro,Simples,Rotatória,-20.78557,-51.5986,DEL07-MS,Risco Médio,Média
sexta-feira,BR-230,49.5,Plena Noite,Crescente,Céu Claro,Dupla,Reta,-7.183826,-35.05326,DEL01-PB,Risco Médio,Baixa
sábado,BR-230,3.0,Pleno dia,Decrescente,Sol,Dupla,Reta,-6.9915,-34.8287,DEL01-PB,Risco Médio,Baixa
sexta-feira,BR-280,249.6,Plena Noite,Crescente,Céu Claro,Simples,Reta,-26.25418,-50.53867,DEL06-SC,Risco Médio,Baixa
sábado,BR-153,340.0,Plena Noite,Decrescente,Céu Claro,Simples,Reta,-25.53262,-50.65493,DEL03-PR,Risco Médio,Alta
sexta-feira,BR-116,546.8,Plena Noite,Decrescente,Ignorado,Dupla,Não Informado,-24.9684,-48.44213,DEL05-SP,Risco Médio,Alta
segunda-feira,BR-40,320.0,Pleno dia,Crescente,Céu Claro,Simples,Curva,-18.51893,-45.07707,DEL14-MG,Risco Médio,Alta
segunda-feira,BR-476,148.2,Pleno dia,Crescente,Céu Claro,Dupla,Não Informado,-25.55719,-49.35056,DEL01-PR,Risco Médio,Baixa
sexta-feira,BR-373,478.7,Plena Noite,Crescente,Chuva,Simples,Reta,-25.99024,-52.5558,DEL02-PR,Risco Médio,Baixa
quinta-feira,BR-369,521.6,Anoitecer,Crescente,Céu Claro,Simples,Reta,-24.9326,-53.3946,DEL04-PR,Risco Baixo,Baixa
segunda-feira,BR-60,27.0,Plena Noite,Crescente,Céu Claro,Simples,Curva,-16.01222,-48.24766,DEL01-DF,Risco Alto,Média
sexta-feira,BR-116,195.4,Plena Noite,Crescente,Garoa/Chuvisco,Dupla,Reta,-23.38881,-46.27566,DEL01-SP,Risco Médio,Alta
segunda-feira,BR-40,3.0,Anoitecer,Crescente,Chuva,Dupla,Curva,-22.0135,-43.2358,DEL06-RJ,Risco Médio,Alta
domingo,BR-262,65.2,Anoitecer,Crescente,Céu Claro,Simples,Não Informado,-20.41443,-40.82302,DEL01-ES,Risco Médio,Média
domingo,BR-163,980.0,Pleno dia,Crescente,Céu Claro,Simples,Reta,-2.634822,-54.74836,DEL05-PA,Risco Baixo,Alta
sábado,BR-116,142.2,Pleno dia,Crescente,Sol,Dupla,Reta,-29.11834,-51.11657,DEL05-RS,Risco Médio,Alta
quarta-feira,BR-262,104.0,Anoitecer,Crescente,Nublado,Dupla,Não Informado,-20.33303,-41.12932,DEL01-ES,Risco Baixo,Média
domingo,BR-40,18.6,Plena Noite,Crescente,Céu Claro,Dupla,Reta,-16.19349,-47.92558,DEL01-DF,Risco Baixo,Alta
quarta-feira,BR-116,156.0,Plena Noite,Decrescente,Chuva,Dupla,Reta,-23.25044,-45.93573,DEL02-SP,Risco Médio,Alta
segunda-feira,BR-116,269.9,Plena Noite,Crescente,Nublado,Múltipla,Reta,-29.96738,-51.17642,DEL01-RS,Risco Baixo,Alta
sábado,BR-376,635.0,Pleno dia,Decrescente,Céu Claro,Dupla,Reta,-25.7423,-49.1303,DEL01-PR,Risco Médio,Baixa
sábado,BR-376,500.0,Plena Noite,Decrescente,Céu Claro,Dupla,Reta,-25.20185,-50.07092,DEL03-PR,Risco Baixo,Baixa
sexta-feira,BR-222,21.0,Pleno dia,Crescente,Céu Claro,Simples,Reta,-4.301102,-47.58294,DEL02-PA,Risco Médio,Baixa
quarta-feira,BR-282,390.5,Pleno dia,Crescente,Chuva,Simples,Reta,-27.17733,-51.54568,DEL07-SC,Risco Médio,Baixa
quarta-feira,BR-153,426.7,Plena Noite,Decrescente,Céu Claro,Simples,Reta,-9.630857,-48.63538,DEL02-TO,Risco Alto,Alta
domingo,BR-470,182.0,Plena Noite,Crescente,Chuva,Simples,Reta,-27.25011,-49.98884,DEL04-SC,Risco Médio,Baixa
domingo,BR-343,342.0,Pleno dia,Crescente,Céu Claro,Simples,Curva,-5.08284,-42.75039,DEL01-PI,Risco Baixo,Baixa
quarta-feira,BR-40,122.0,Plena Noite,Crescente,Céu Claro,Múltipla,Reta,-22.79083,-43.28612,DEL01-RJ,Risco Médio,Alta
quinta-feira,BR-116,115.0,Anoitecer,Crescente,Sol,Múltipla,Reta,-16.5572,-41.5021,DEL11-MG,Risco Médio,Alta
sábado,BR-116,124.1,Plena Noite,Crescente,Nublado,Simples,Curva,-26.85026,-50.40505,DEL06-SC,Risco Médio,Alta
segunda-feira,BR-20,51.8,Pleno dia,Crescente,Céu Claro,Dupla,Reta,-15.58026,-47.40519,DEL02-DF,Risco Baixo,Baixa
terça-feira,BR-116,247.0,Plena Noite,Decrescente,Céu Claro,Dupla,Reta,-29.76733,-51.15353,DEL01-RS,Risco Médio,Alta
sábado,BR-116,229.4,Plena Noite,Decrescente,Nublado,Múltipla,Reta,-23.511,-46.575,DEL01-SP,Risco Baixo,Alta
domingo,BR-116,247.9,Amanhecer,Decrescente,Céu Claro,Simples,Reta,-27.81262,-50.3686,DEL05-SC,Risco Baixo,Alta
terça-feira,BR-381,450.9,Pleno dia,Crescente,Céu Claro,Dupla,Reta,-19.79881,-43.75614,DEL01-MG,Risco Médio,Alta
segunda-feira,BR-116,139.0,Pleno dia,Crescente,Céu Claro,Dupla,Reta,-23.16153,-45.80401,DEL02-SP,Risco Médio,Alta
domingo,BR-116,104.0,Amanhecer,Decrescente,Chuva,Múltipla,Reta,-25.56474,-49.1587,DEL01-PR,Risco Alto,Alta
terça-feira,BR-40,530.5,Plena Noite,Decrescente,Céu Claro,Dupla,Curva,-19.92065,-44.03357,DEL01-MG,Risco Médio,Alta
quarta-feira,BR-222,112.9,Plena Noite,Decrescente,Céu Claro,Simples,Reta,-3.745014,-39.51797,DEL04-CE,Risco Médio,Baixa
segunda-feira,BR-101,152.8,Plena Noite,Decrescente,Céu Claro,Dupla,Reta,-27.13564,-48.61005,DEL04-SC,Risco Médio,Alta
quarta-feira,BR-70,503.6,Pleno dia,Crescente,Nublado,Simples,Reta,-15.70019,-55.04118,DEL02-MT,Risco Médio,Baixa
domingo,BR-153,435.0,Anoitecer,Crescente,Céu Claro,Simples,Desvio Temporário,-16.28694,-48.94405,DEL02-GO,Risco Baixo,Alta
sexta-feira,BR-101,27.3,Pleno dia,Decrescente,Nublado,Simples,Reta,-26.2013,-48.91332,DEL03-SC,Risco Médio,Alta
terça-feira,BR-222,2.3,Amanhecer,Decrescente,Nublado,Múltipla,Reta,-3.739132,-38.58989,DEL01-CE,Risco Baixo,Baixa
domingo,BR-163,519.8,Anoitecer,Decrescente,Chuva,Simples,Reta,-14.52154,-56.21819,DEL01-MT,Risco Médio,Alta
quinta-feira,BR-282,18.2,Amanhecer,Crescente,Céu Claro,Simples,Não Informado,-27.6728,-48.69429,DEL01-SC,Risco Médio,Baixa
sexta-feira,BR-277,433.5,Pleno dia,Crescente,Chuva,Simples,Curva,-25.37782,-52.23437,DEL04-PR,Risco Médio,Média
sexta-feira,BR-381,757.5,Anoitecer,Crescente,Chuva,Dupla,Reta,-21.68341,-45.34354,DEL16-MG,Risco Médio,Alta
quinta-feira,BR-381,480.0,Pleno dia,Crescente,Céu Claro,Dupla,Reta,-19.95838,-44.05992,DEL01-MG,Risco Médio,Alta
domingo,BR-174,507.0,Plena Noite,Decrescente,Céu Claro,Dupla,Interseção de vias,2.827065,-60.6975,DEL01-RR,Risco Médio,Baixa
quinta-feira,BR-116,494.8,Pleno dia,Decrescente,Sol,Dupla,Reta,-24.73467,-48.11634,DEL05-SP,Risco Baixo,Alta
domingo,BR-40,506.6,Pleno dia,Decrescente,Céu Claro,Dupla,Reta,-19.74717,-44.14731,DEL02-MG,Risco Médio,Alta
sábado,BR-319,63.4,Pleno dia,Crescente,Sol,Dupla,Interseção de vias,-8.76103,-63.88565,DEL01-RO,Risco Médio,Baixa
quarta-feira,BR-280,235.3,Pleno dia,Decrescente,Céu Claro,Simples,Reta,-26.19257,-50.41606,DEL06-SC,Risco Baixo,Baixa
sábado,BR-316,265.0,Pleno dia,Decrescente,Céu Claro,Simples,Não Informado,-8.720462,-38.90228,DEL05-PE,Risco Baixo,Baixa
sexta-feira,BR-116,322.8,Pleno dia,Crescente,Nublado,Dupla,Curva,-23.93215,-47.06874,DEL04-SP,Risco Médio,Alta
sexta-feira,BR-101,217.0,Plena Noite,Decrescente,Chuva,Múltipla,Reta,-27.66779,-48.67394,DEL01-SC,Risco Médio,Alta
domingo,BR-163,288.0,Plena Noite,Crescente,Céu Claro,Simples,Não Informado,-7.234465,-55.34631,DEL05-PA,Risco Alto,Alta
quarta-feira,BR-242,144.0,Plena Noite,Crescente,Céu Claro,Simples,Reta,-12.54766,-39.55461,DEL06-BA,Risco Baixo,Baixa
quarta-feira,BR-116,245.5,Pleno dia,Decrescente,Céu Claro,Dupla,Reta,-29.75027,-51.15112,DEL01-RS,Risco Médio,Alta
domingo,BR-230,113.0,Plena Noite,Decrescente,Céu Claro,Simples,Reta,-5.366896,-49.0575,DEL03-PA,Risco Médio,Baixa
sábado,BR-222,1.0,Pleno dia,Crescente,Céu Claro,Múltipla,Reta,-3.737804,-38.57806,DEL01-CE,Risco Médio,Baixa
sábado,BR-153,333.8,Pleno dia,Decrescente,Céu Claro,Simples,Reta,-8.826486,-48.51216,DEL02-TO,Risco Médio,Alta
sexta-feira,BR-116,524.2,Pleno dia,Crescente,Céu Claro,Simples,Reta,-19.7605,-42.13311,DEL06-MG,Risco Médio,Alta
domingo,BR-364,510.8,Plena Noite,Crescente,Céu Claro,Simples,Curva,-9.967003,-63.04503,DEL03-RO,Risco Médio,Alta
sábado,BR-290,144.8,Pleno dia,Crescente,Sol,Simples,Interseção de vias,-30.10109,-51.6583,DEL02-RS,Risco Médio,Baixa
domingo,BR-381,658.0,Plena Noite,Crescente,Céu Claro,Dupla,Reta,-21.0047,-44.9719,DEL04-MG,Risco Baixo,Alta
terça-feira,BR-262,401.2,Pleno dia,Decrescente,Céu Claro,Dupla,Curva,-19.88356,-44.61408,DEL08-MG,Risco Médio,Média
terça-feira,BR-222,24.0,Pleno dia,Crescente,Céu Claro,Simples,Reta,-3.729938,-38.76859,DEL01-CE,Risco Baixo,Baixa
quarta-feira,BR-116,305.3,Pleno dia,Crescente,Céu Claro,Simples,Curva,-18.03189,-41.65291,DEL11-MG,Risco Médio,Alta
quinta-feira,BR-282,195.0,Pleno dia,Decrescente,Nublado,Simples,Reta,-27.74676,-50.08478,DEL05-SC,Risco Baixo,Baixa
domingo,BR-101,303.0,Plena Noite,Decrescente,Céu Claro,Simples,Reta,-22.78282,-42.97667,DEL02-RJ,Risco Médio,Alta
segunda-feira,BR-493,22.0,Plena Noite,Decrescente,Nublado,Simples,Não Informado,-22.65785,-43.05723,DEL04-RJ,Risco Baixo,Baixa
quinta-feira,BR-40,511.0,Anoitecer,Decrescente,Nublado,Dupla,Reta,-19.78164,-44.11733,DEL01-MG,Risco Médio,Alta
quinta-feira,BR-153,361.0,Plena Noite,Decrescente,Nublado,Simples,Reta,-25.68107,-50.75833,DEL03-PR,Risco Médio,Alta
domingo,BR-40,4.0,Plena Noite,Decrescente,Céu Claro,Dupla,Reta,-16.07608,-47.98567,DEL01-DF,Risco Médio,Alta
quinta-feira,BR-40,118.0,Pleno dia,Crescente,Nublado,Múltipla,Reta,-22.75379,-43.28728,DEL01-RJ,Risco Médio,Alta
quarta-feira,BR-101,483.0,Pleno dia,Crescente,Céu Claro,Simples,Curva,-22.99168,-44.30455,DEL03-RJ,Risco Médio,Alta
quinta-feira,BR-146,479.6,Plena Noite,Crescente,Chuva,Simples,Curva,-21.75784,-46.4055,DEL09-MG,Risco Médio,Baixa
domingo,BR-470,232.0,Plena Noite,Crescente,Garoa/Chuvisco,Simples,Curva,-29.23579,-51.51193,DEL06-RS,Risco Médio,Baixa
sexta-feira,BR-282,381.3,Anoitecer,Decrescente,Céu Claro,Simples,Reta,-27.20498,-51.50144,DEL07-SC,Risco Médio,Baixa
domingo,BR-101,279.1,Plena Noite,Crescente,Céu Claro,Simples,Não Informado,-13.21709,-39.32424,DEL01-BA,Risco Médio,Alta
domingo,BR-364,307.8,Pleno dia,Decrescente,Nublado,Simples,Não Informado,-11.18145,-61.90154,DEL02-RO,Risco Médio,Alta
segunda-feira,BR-40,510.0,Pleno dia,Crescente,Nublado,Dupla,Desvio Temporário,-19.77464,-44.12322,DEL01-MG,Risco Médio,Alta
domingo,BR-116,702.3,Plena Noite,Decrescente,Nublado,Simples,Rotatória,-21.12502,-42.38139,DEL07-MG,Risco Médio,Alta
quarta-feira,BR-470,75.0,Plena Noite,Crescente,Céu Claro,Simples,Interseção de vias,-26.90575,-49.27219,DEL04-SC,Risco Médio,Baixa
domingo,BR-163,788.1,Pleno dia,Crescente,Céu Claro,Simples,Reta,-12.38512,-55.6144,DEL06-MT,Risco Médio,Alta
quarta-feira,BR-470,193.0,Amanhecer,Crescente,Garoa/Chuvisco,Simples,Curva,-27.30057,-50.07545,DEL04-SC,Risco Médio,Baixa
quinta-feira,BR-40,2.3,Pleno dia,Crescente,Céu Claro,Dupla,Reta,-15.99435,-47.98595,DEL01-DF,Risco Médio,Alta
quarta-feira,BR-101,436.0,Anoitecer,Crescente,Chuva,Simples,Curva,-21.06656,-41.20972,DEL03-ES,Risco Médio,Alta
sábado,BR-381,483.0,Plena Noite,Decrescente,Céu Claro,Dupla,Reta,-19.95594,-44.10722,DEL01-MG,Risco Médio,Alta
segunda-feira,BR-116,139.0,Pleno dia,Crescente,Céu Claro,Dupla,Reta,-23.1598,-45.8004,DEL06-SP,Risco Médio,Alta
sábado,BR-262,366.1,Plena Noite,Decrescente,Céu Claro,Dupla,Não Informado,-19.97445,-44.26198,DEL01-MG,Risco Médio,Média
domingo,BR-101,367.0,Pleno dia,Decrescente,Céu Claro,Dupla,Reta,-28.69499,-49.1719,DEL02-SC,Risco Baixo,Alta
sexta-feira,BR-428,139.5,Pleno dia,Decrescente,Céu Claro,Simples,Reta,-8.995974,-40.27176,DEL06-PE,Risco Médio,Baixa
quarta-feira,BR-262,95.2,Plena Noite,Decrescente,Nublado,Simples,Rotatória,-20.36592,-41.0604,DEL01-ES,Risco Médio,Média
terça-feira,BR-376,489.0,Anoitecer,Crescente,Nublado,Dupla,Não Informado,-25.14173,-50.15869,DEL03-PR,Risco Médio,Baixa
sábado,BR-226,567.6,Pleno dia,Crescente,Céu Claro,Simples,Reta,-6.328657,-47.35319,DEL04-MA,Risco Alto,Baixa
domingo,BR-343,112.6,Pleno dia,Decrescente,Céu Claro,Simples,Reta,-3.681588,-41.67775,DEL02-PI,Risco Alto,Baixa
sexta-feira,BR-20,16.0,Pleno dia,Crescente,Céu Claro,Dupla,Não Informado,-15.62567,-47.72516,DEL02-DF,Risco Médio,Baixa
sábado,BR-262,96.0,Pleno dia,Decrescente,Céu Claro,Simples,Curva,-20.29654,-42.47752,DEL03-MG,Risco Médio,Média
sábado,BR-101,274.0,Pleno dia,Crescente,Céu Claro,Dupla,Reta,-22.73507,-42.71951,DEL02-RJ,Risco Alto,Alta
domingo,BR-40,11.6,Pleno dia,Crescente,Céu Claro,Dupla,Reta,-16.14235,-47.94792,DEL01-DF,Risco Médio,Alta