dia_semana,br,km,fase_dia,sentido_via,condicao_metereologica,tipo_pista,tracado_via,latitude,longitude,delegacia,classificacao_acidente,postos_policiais_PRF
quarta-feira,BR-381,428.0,Pleno dia,Crescente,Céu Claro,Simples,Curva,-19.78885,-43.70614,DEL01-MG,Risco Médio,Alta
domingo,BR-277,727.0,Plena Noite,Crescente,Céu Claro,Dupla,Reta,-25.51012,-54.56464,DEL05-PR,Risco Médio,Média
terça-feira,BR-163,693.2,Pleno dia,Decrescente,Céu Claro,Dupla,Não Informado,-18.81181,-54.82022,DEL06-MS,Risco Médio,Alta
sábado,BR-101,47.2,Pleno dia,Decrescente,Céu Claro,Simples,Rotatória,-23.4299,-45.08244,DEL06-SP,Risco Médio,Alta
segunda-feira,BR-40,92.9,Pleno dia,Decrescente,Garoa/Chuvisco,Simples,Curva,-22.34066,-43.14397,DEL06-RJ,Risco Baixo,Alta
sexta-feira,BR-101,215.0,Plena Noite,Crescente,Céu Claro,Simples,Reta,-12.65352,-39.12237,DEL01-BA,Risco Médio,Alta
segunda-feira,BR-60,228.0,Pleno dia,Crescente,Chuva,Dupla,Reta,-17.0413,-49.78,DEL01-GO,Risco Baixo,Média
sexta-feira,BR-381,453.9,Anoitecer,Decrescente,Céu Claro,Simples,Reta,-19.85198,-43.88851,DEL01-MG,Risco Médio,Alta
sábado,BR-116,124.9,Pleno dia,Crescente,Chuva,Dupla,Reta,-25.62692,-49.31471,DEL01-PR,Risco Baixo,Alta
segunda-feira,BR-393,258.0,Pleno dia,Decrescente,Céu Claro,Simples,Curva,-22.45148,-43.82691,DEL05-RJ,Risco Médio,Média
sábado,BR-230,139.1,Anoitecer,Decrescente,Nublado,Dupla,Reta,-7.268401,-35.79799,DEL02-PB,Risco Alto,Baixa
quinta-feira,BR-101,85.5,Pleno dia,Crescente,Céu Claro,Dupla,Reta,-5.786297,-35.24565,DEL02-RN,Risco Baixo,Alta
sexta-feira,BR-470,1.3,Plena Noite,Crescente,Chuva,Simples,Reta,-26.92557,-48.95884,DEL04-SC,Risco Médio,Baixa
sexta-feira,BR-470,93.6,Plena Noite,Decrescente,Nublado,Simples,Não Informado,-26.98532,-49.37293,DEL04-SC,Risco Médio,Baixa
quarta-feira,BR-324,600.0,Plena Noite,Decrescente,Nublado,Dupla,Reta,-12.74883,-38.43296,DEL01-BA,Risco Médio,Baixa
sexta-feira,BR-101,45.0,Plena Noite,Decrescente,Chuva,Múltipla,Reta,-7.865213,-34.90715,DEL01-PE,Risco Alto,Alta
domingo,BR-428,14.6,Plena Noite,Decrescente,Céu Claro,Simples,Reta,-8.500535,-39.34295,DEL05-PE,Risco Médio,Baixa
domingo,BR-381,300.0,Amanhecer,Decrescente,Nevoeiro/Neblina,Simples,Reta,-19.62485,-42.86677,DEL03-MG,Risco Médio,Alta
segunda-feira,BR-285,50.4,Plena Noite,Crescente,Nublado,Simples,Curva,-28.66272,-50.33303,DEL05-RS,Risco Baixo,Baixa
quinta-feira,BR-386,51.6,Pleno dia,Decrescente,Céu Claro,Simples,Rotatória,-27.50087,-53.38809,DEL08-RS,Risco Médio,Média
domingo,BR-381,456.0,Plena Noite,Crescente,Céu Claro,Dupla,Reta,-19.84939,-43.88729,DEL01-MG,Risco Médio,Alta
terça-feira,BR-364,434.0,Pleno dia,Crescente,Nublado,Dupla,Curva,-15.64907,-56.19601,DEL01-MT,Risco Médio,Alta
terça-feira,BR-386,233.4,Pleno dia,Decrescente,Sol,Simples,Não Informado,-28.71552,-52.56635,DEL04-RS,Risco Médio,Média
quarta-feira,BR-470,70.7,Plena Noite,Decrescente,Céu Claro,Simples,Reta,-26.8832,-49.24632,DEL04-SC,Risco Médio,Baixa
terça-feira,BR-101,10.4,Pleno dia,Crescente,Céu Claro,Dupla,Não Informado,-7.610437,-34.9753,DEL01-PE,Risco Médio,Alta
terça-feira,BR-50,161.1,Plena Noite,Decrescente,Céu Claro,Dupla,Reta,-17.263,-47.7694,DEL06-GO,Risco Médio,Média
domingo,BR-376,361.3,Pleno dia,Decrescente,Nublado,Simples,Reta,-24.28165,-50.88231,DEL07-PR,Risco Médio,Baixa
domingo,BR-155,329.0,Pleno dia,Crescente,Sol,Simples,Reta,-5.5123,-49.0738,DEL03-PA,Risco Médio,Baixa
sexta-feira,BR-101,301.0,Plena Noite,Crescente,Nublado,Dupla,Reta,-20.36278,-40.44013,DEL01-ES,Risco Médio,Alta
sexta-feira,BR-101,266.1,Pleno dia,Crescente,Céu Claro,Dupla,Reta,-20.1902,-40.26829,DEL02-ES,Risco Médio,Alta
quinta-feira,BR-365,151.5,Pleno dia,Decrescente,Céu Claro,Simples,Reta,-17.292,-44.88405,DEL12-MG,Risco Baixo,Média
domingo,BR-101,93.0,Plena Noite,Decrescente,Céu Claro,Dupla,Curva,-10.90212,-37.14495,DEL01-SE,Risco Médio,Alta
quarta-feira,BR-470,61.1,Plena Noite,Decrescente,Céu Claro,Simples,Reta,-26.87895,-49.17421,DEL04-SC,Risco Médio,Baixa
segunda-feira,BR-101,104.8,Pleno dia,Decrescente,Céu Claro,Dupla,Reta,-10.95801,-37.23464,DEL02-SE,Risco Baixo,Alta
sábado,BR-381,531.5,Pleno dia,Crescente,Céu Claro,Dupla,Reta,-20.18183,-44.37896,DEL04-MG,Risco Alto,Alta
quinta-feira,BR-381,2.0,Pleno dia,Crescente,Céu Claro,Dupla,Curva,-19.98015,-44.16118,DEL01-MG,Risco Médio,Alta
domingo,BR-101,120.8,Pleno dia,Crescente,Céu Claro,Dupla,Não Informado,-26.91276,-48.712,DEL04-SC,Risco Médio,Alta
domingo,BR-467,110.2,Pleno dia,Decrescente,Céu Claro,Dupla,Reta,-24.9299,-53.4505,DEL04-PR,Risco Médio,Baixa
terça-feira,BR-282,377.0,Pleno dia,Decrescente,Chuva,Simples,Não Informado,-27.21697,-51.47006,DEL07-SC,Risco Médio,Baixa
sexta-feira,BR-459,94.8,Plena Noite,Crescente,Nublado,Simples,Reta,-22.19818,-45.97275,DEL09-MG,Risco Médio,Baixa
domingo,BR-381,89.0,Pleno dia,Crescente,Céu Claro,Dupla,Reta,-23.48469,-46.55983,DEL03-SP,Risco Médio,Alta
quinta-feira,BR-290,107.0,Pleno dia,Decrescente,Céu Claro,Dupla,Reta,-30.00185,-51.30426,DEL02-RS,Risco Médio,Baixa
domingo,BR-135,347.0,Pleno dia,Decrescente,Céu Claro,Simples,Reta,-9.060133,-44.31644,DEL03-PI,Risco Médio,Baixa
sexta-feira,BR-116,92.0,Pleno dia,Crescente,Nublado,Simples,Reta,-22.46955,-43.00141,DEL04-RJ,Risco Baixo,Alta
sexta-feira,BR-116,64.5,Plena Noite,Decrescente,Céu Claro,Dupla,Curva,-22.82116,-45.18878,DEL08-SP,Risco Médio,Alta
quarta-feira,BR-324,578.7,Pleno dia,Crescente,Céu Claro,Dupla,Reta,-12.58897,-38.52358,DEL01-BA,Risco Médio,Baixa
sexta-feira,BR-262,165.9,Plena Noite,Decrescente,Chuva,Simples,Curva,-20.24706,-41.5587,DEL01-ES,Risco Médio,Média
sexta-feira,BR-158,126.7,Plena Noite,Crescente,Nublado,Simples,Curva,-27.01671,-53.22832,DEL07-SC,Risco Médio,Baixa
segunda-feira,BR-282,461.6,Pleno dia,Crescente,Sol,Simples,Reta,-26.86597,-52.02316,DEL07-SC,Risco Baixo,Baixa
domingo,BR-40,526.4,Pleno dia,Decrescente,Céu Claro,Simples,Curva,-19.90146,-44.04793,DEL01-MG,Risco Médio,Alta
terça-feira,BR-280,158.8,Plena Noite,Decrescente,Céu Claro,Simples,Curva,-26.20126,-49.75161,DEL06-SC,Risco Médio,Baixa
domingo,BR-116,426.0,Pleno dia,Crescente,Chuva,Dupla,Reta,-24.38736,-47.71694,DEL05-SP,Risco Baixo,Alta
sexta-feira,BR-163,67.0,Plena Noite,Crescente,Chuva,Dupla,Não Informado,-26.75944,-53.50055,DEL07-SC,Risco Médio,Alta
sexta-feira,BR-364,346.8,Pleno dia,Crescente,Céu Claro,Dupla,Desvio Temporário,-15.81194,-55.53981,DEL02-MT,Risco Médio,Alta
sexta-feira,BR-280,167.1,Pleno dia,Crescente,Céu Claro,Simples,Reta,-26.172,-49.81771,DEL06-SC,Risco Baixo,Baixa
quinta-feira,BR-116,165.0,Amanhecer,Crescente,Céu Claro,Múltipla,Reta,-23.29619,-46.00738,DEL02-SP,Risco Médio,Alta
quarta-feira,BR-316,127.8,Anoitecer,Decrescente,Céu Claro,Simples,Reta,-9.392401,-36.86641,DEL03-AL,Risco Baixo,Baixa
quinta-feira,BR-282,200.7,Pleno dia,Crescente,Céu Claro,Simples,Reta,-27.75869,-50.13334,DEL05-SC,Risco Médio,Baixa
sexta-feira,BR-153,438.3,Pleno dia,Crescente,Céu Claro,Dupla,Não Informado,-16.2916,-48.93481,DEL02-GO,Risco Médio,Alta
quinta-feira,BR-163,264.4,Plena Noite,Crescente,Céu Claro,Dupla,Rotatória,-22.22743,-54.73933,DEL04-MS,Risco Médio,Alta
terça-feira,BR-101,2.0,Pleno dia,Crescente,Céu Claro,Simples,Reta,-10.22731,-36.83598,DEL02-SE,Risco Médio,Alta
domingo,BR-101,214.1,Plena Noite,Crescente,Garoa/Chuvisco,Múltipla,Reta,-27.64443,-48.67057,DEL01-SC,Risco Médio,Alta
terça-feira,BR-135,130.0,Pleno dia,Crescente,Céu Claro,Simples,Reta,-3.604306,-44.5632,DEL01-MA,Risco Alto,Baixa
segunda-feira,BR-365,645.5,Anoitecer,Decrescente,Chuva,Dupla,Reta,-18.88637,-48.45913,DEL15-MG,Risco Médio,Média
quarta-feira,BR-70,8.9,Pleno dia,Crescente,Céu Claro,Dupla,Reta,-15.7375,-48.2739,DEL01-DF,Risco Médio,Baixa
quarta-feira,BR-101,54.5,Pleno dia,Crescente,Nublado,Dupla,Reta,-26.4132,-48.83617,DEL03-SC,Risco Médio,Alta
quarta-feira,BR-280,41.0,Plena Noite,Decrescente,Nublado,Simples,Reta,-26.45,-48.85791,DEL03-SC,Risco Médio,Baixa
domingo,BR-365,698.0,Pleno dia,Crescente,Céu Claro,Dupla,Reta,-18.87944,-48.97913,DEL15-MG,Risco Médio,Média
domingo,BR-230,403.0,Pleno dia,Decrescente,Céu Claro,Simples,Reta,-6.8002,-37.7771,DEL03-PB,Risco Alto,Baixa
segunda-feira,BR-369,152.7,Plena Noite,Decrescente,Céu Claro,Dupla,Interseção de vias,-23.29365,-51.18738,DEL07-PR,Risco Baixo,Baixa
sábado,BR-290,98.0,Plena Noite,Decrescente,Ignorado,Dupla,Reta,-29.99482,-51.2174,DEL01-RS,Risco Médio,Baixa
sexta-feira,BR-319,64.6,Pleno dia,Decrescente,Céu Claro,Simples,Viaduto,-8.770838,-63.88323,DEL01-RO,Risco Médio,Baixa
quinta-feira,BR-101,27.8,Plena Noite,Decrescente,Céu Claro,Simples,Reta,-9.06394,-35.73338,DEL01-AL,Risco Alto,Alta
domingo,BR-432,208.0,Plena Noite,Crescente,Céu Claro,Simples,Reta,2.753729,-60.60864,DEL01-RR,Risco Médio,Baixa
domingo,BR-324,579.0,Pleno dia,Decrescente,Céu Claro,Dupla,Reta,-12.59425,-38.5164,DEL01-BA,Risco Médio,Baixa
segunda-feira,BR-282,18.9,Pleno dia,Decrescente,Céu Claro,Simples,Reta,-27.6728,-48.69429,DEL01-SC,Risco Médio,Baixa
sábado,BR-116,224.4,Amanhecer,Crescente,Chuva,Múltipla,Reta,-23.48072,-46.53272,DEL01-SP,Risco Médio,Alta
sábado,BR-101,295.0,Pleno dia,Crescente,Céu Claro,Dupla,Reta,-20.33224,-40.40005,DEL01-ES,Risco Baixo,Alta
domingo,BR-376,623.8,Pleno dia,Decrescente,Sol,Dupla,Não Informado,-25.63462,-49.16182,DEL01-PR,Risco Baixo,Baixa
segunda-feira,BR-324,532.0,Plena Noite,Decrescente,Céu Claro,Dupla,Não Informado,-12.33921,-38.84748,DEL01-BA,Risco Alto,Baixa
terça-feira,BR-470,34.6,Pleno dia,Crescente,Céu Claro,Simples,Não Informado,-26.91224,-48.95491,DEL04-SC,Risco Médio,Baixa
domingo,BR-116,221.9,Pleno dia,Decrescente,Céu Claro,Simples,Desvio Temporário,-17.41543,-41.51421,DEL11-MG,Risco Alto,Alta
quarta-feira,BR-101,619.8,Plena Noite,Crescente,Garoa/Chuvisco,Simples,Curva,-15.85878,-39.52039,DEL05-BA,Risco Médio,Alta
quarta-feira,BR-116,74.0,Pleno dia,Decrescente,Chuva,Simples,Curva,-22.35344,-42.94244,DEL04-RJ,Risco Médio,Alta
segunda-feira,BR-304,280.0,Plena Noite,Crescente,Céu Claro,Simples,Reta,-5.889564,-35.48954,DEL01-RN,Risco Médio,Baixa
sábado,BR-116,186.6,Pleno dia,Crescente,Sol,Dupla,Reta,-22.7413,-43.52228,DEL01-RJ,Risco Alto,Alta
quinta-feira,BR-364,203.0,Pleno dia,Decrescente,Céu Claro,Dupla,Reta,-16.47555,-54.65345,DEL02-MT,Risco Médio,Alta
sexta-feira,BR-70,310.0,Pleno dia,Crescente,Céu Claro,Simples,Reta,-15.56899,-54.55684,DEL05-MT,Risco Baixo,Baixa
sábado,BR-116,306.4,Pleno dia,Crescente,Céu Claro,Dupla,Reta,-23.84638,-46.93752,DEL04-SP,Risco Baixo,Alta
domingo,BR-376,595.6,Pleno dia,Crescente,Céu Claro,Dupla,Reta,-25.50202,-49.34177,DEL01-PR,Risco Médio,Baixa
sexta-feira,BR-290,82.0,Plena Noite,Crescente,Céu Claro,Múltipla,Reta,-29.95584,-51.0791,DEL01-RS,Risco Médio,Baixa
quinta-feira,BR-116,164.9,Plena Noite,Crescente,Nublado,Múltipla,Não Informado,-22.8097,-43.3359,DEL01-RJ,Risco Baixo,Alta
domingo,BR-282,406.3,Pleno dia,Decrescente,Sol,Simples,Reta,-27.0927,-51.6599,DEL07-SC,Risco Médio,Baixa
segunda-feira,BR-222,2.0,Pleno dia,Crescente,Nublado,Dupla,Reta,-3.739111,-38.58687,DEL01-CE,Risco Baixo,Baixa
terça-feira,BR-101,66.5,Amanhecer,Crescente,Nevoeiro/Neblina,Dupla,Curva,-26.48145,-48.73628,DEL03-SC,Risco Baixo,Alta
quinta-feira,BR-101,83.0,Plena Noite,Decrescente,Garoa/Chuvisco,Dupla,Reta,-7.13377,-34.92964,DEL01-PB,Risco Médio,Alta
domingo,BR-101,202.0,Anoitecer,Crescente,Céu Claro,Dupla,Reta,-27.55712,-48.61898,DEL01-SC,Risco Baixo,Alta
segunda-feira,BR-40,29.0,Plena Noite,Decrescente,Céu Claro,Dupla,Reta,-16.27372,-47.87146,DEL01-DF,Risco Baixo,Alta
quinta-feira,BR-116,240.1,Plena Noite,Decrescente,Céu Claro,Simples,Reta,-5.445348,-38.33499,DEL03-CE,Risco Médio,Alta
segunda-feira,BR-251,401.2,Pleno dia,Crescente,Céu Claro,Simples,Desvio Temporário,-16.22358,-42.89579,DEL12-MG,Risco Médio,Baixa
sexta-feira,BR-316,53.0,Plena Noite,Crescente,Chuva,Dupla,Curva,-1.306961,-48.03478,DEL01-PA,Risco Baixo,Baixa
quinta-feira,BR-50,176.5,Pleno dia,Decrescente,Céu Claro,Dupla,Reta,-19.7793,-47.9559,DEL13-MG,Risco Médio,Média
sábado,BR-153,12.3,Plena Noite,Decrescente,Céu Claro,Dupla,Reta,-18.52622,-49.19118,DEL15-MG,Risco Médio,Alta
terça-feira,BR-101,293.0,Amanhecer,Crescente,Céu Claro,Múltipla,Reta,-20.3335,-40.4007,DEL01-ES,Risco Baixo,Alta
quinta-feira,BR-163,208.0,Plena Noite,Decrescente,Nublado,Simples,Interseção de vias,-22.6384,-54.81493,DEL04-MS,Risco Médio,Alta
quinta-feira,BR-40,108.0,Pleno dia,Crescente,Céu Claro,Simples,Reta,-22.66477,-43.28495,DEL01-RJ,Risco Médio,Alta
quarta-feira,BR-280,78.0,Pleno dia,Crescente,Nublado,Simples,Reta,-26.4454,-49.2087,DEL06-SC,Risco Médio,Baixa
segunda-feira,BR-277,242.2,Plena Noite,Crescente,Nublado,Simples,Curva,-25.45374,-50.64909,DEL03-PR,Risco Baixo,Média
segunda-feira,BR-277,254.6,Pleno dia,Crescente,Nublado,Simples,Reta,-25.41979,-50.7607,DEL03-PR,Risco Baixo,Média
quarta-feira,BR-101,100.0,Pleno dia,Crescente,Céu Claro,Simples,Reta,-12.094,-38.363,DEL01-BA,Risco Médio,Alta
sexta-feira,BR-316,121.5,Pleno dia,Decrescente,Céu Claro,Simples,Reta,-9.4001,-36.9242,DEL03-AL,Risco Médio,Baixa
quarta-feira,BR-364,388.0,Pleno dia,Decrescente,Céu Claro,Simples,Rotatória,-10.68702,-62.27408,DEL03-RO,Risco Médio,Alta
sexta-feira,BR-364,385.0,Pleno dia,Crescente,Céu Claro,Simples,Rotatória,-10.70819,-62.25648,DEL02-RO,Risco Médio,Alta
sexta-feira,BR-369,144.6,Plena Noite,Crescente,Céu Claro,Dupla,Retorno Regulamentado,-23.29335,-51.10771,DEL07-PR,Risco Médio,Baixa
domingo,BR-60,383.0,Pleno dia,Decrescente,Céu Claro,Dupla,Reta,-17.79814,-50.91601,DEL04-GO,Risco Baixo,Média
segunda-feira,BR-116,525.0,Pleno dia,Decrescente,Céu Claro,Dupla,Reta,-31.73595,-52.3935,DEL07-RS,Risco Médio,Alta
segunda-feira,BR-230,13.7,Pleno dia,Decrescente,Nublado,Dupla,Reta,-7.085475,-34.84868,DEL01-PB,Risco Médio,Baixa
terça-feira,BR-293,253.7,Pleno dia,Decrescente,Céu Claro,Simples,Interseção de vias,-30.9569,-54.6883,DEL11-RS,Risco Médio,Baixa
domingo,BR-316,314.0,Plena Noite,Crescente,Céu Claro,Simples,Reta,-7.077699,-41.44117,DEL04-PI,Risco Médio,Baixa
sexta-feira,BR-381,75.5,Pleno dia,Crescente,Nublado,Dupla,Não Informado,-23.38367,-46.56515,DEL03-SP,Risco Baixo,Alta
domingo,BR-101,220.0,Plena Noite,Crescente,Céu Claro,Simples,Reta,-12.6665,-39.1305,DEL01-BA,Risco Médio,Alta
domingo,BR-163,112.9,Plena Noite,Crescente,Nublado,Dupla,Reta,-23.17103,-54.19917,DEL09-MS,Risco Baixo,Alta
domingo,BR-316,11.0,Pleno dia,Crescente,Sol,Dupla,Reta,-1.365512,-48.34713,DEL01-PA,Risco Baixo,Baixa
segunda-feira,BR-163,969.0,Pleno dia,Crescente,Céu Claro,Simples,Reta,-2.661371,-54.83645,DEL05-PA,Risco Baixo,Alta
terça-feira,BR-101,485.0,Pleno dia,Decrescente,Sol,Simples,Reta,-22.98574,-44.2971,DEL03-RJ,Risco Médio,Alta
domingo,BR-222,2.4,Plena Noite,Decrescente,Céu Claro,Dupla,Retorno Regulamentado,-3.739239,-38.58759,DEL01-CE,Risco Médio,Baixa
terça-feira,BR-40,784.0,Pleno dia,Crescente,Nevoeiro/Neblina,Dupla,Curva,-21.71179,-43.44743,DEL05-MG,Risco Médio,Alta
terça-feira,BR-153,79.0,Plena Noite,Decrescente,Céu Claro,Simples,Reta,-19.05689,-49.01002,DEL15-MG,Risco Médio,Alta
quarta-feira,BR-101,268.7,Pleno dia,Decrescente,Chuva,Múltipla,Reta,-20.20842,-40.2694,DEL02-ES,Risco Médio,Alta
sábado,BR-101,101.0,Plena Noite,Crescente,Chuva,Dupla,Reta,-26.7751,-48.6857,DEL03-SC,Risco Médio,Alta
sábado,BR-135,31.4,Pleno dia,Crescente,Chuva,Simples,Reta,-2.857877,-44.37474,DEL01-MA,Risco Baixo,Baixa
quinta-feira,BR-116,135.6,Pleno dia,Crescente,Nublado,Simples,Reta,-25.68413,-49.3164,DEL01-PR,Risco Baixo,Alta
quarta-feira,BR-381,487.5,Plena Noite,Decrescente,Chuva,Dupla,Não Informado,-19.9572,-44.1243,DEL01-MG,Risco Baixo,Alta
sábado,BR-262,327.0,Pleno dia,Decrescente,Céu Claro,Dupla,Não Informado,-20.46657,-54.54373,DEL01-MS,Risco Médio,Média
terça-feira,BR-116,121.0,Plena Noite,Crescente,Nublado,Dupla,Reta,-25.55993,-49.30744,DEL01-PR,Risco Médio,Alta
sábado,BR-365,492.0,Pleno dia,Crescente,Chuva,Simples,Reta,-18.90683,-47.17811,DEL10-MG,Risco Médio,Média
sábado,BR-222,9.0,Pleno dia,Decrescente,Céu Claro,Dupla,Desvio Temporário,-3.76047,-38.65141,DEL01-CE,Risco Médio,Baixa
terça-feira,BR-101,145.8,Pleno dia,Crescente,Céu Claro,Dupla,Reta,-27.08139,-48.60131,DEL04-SC,Risco Médio,Alta
segunda-feira,BR-364,390.0,Plena Noite,Crescente,Céu Claro,Simples,Reta,-10.67306,-62.2855,DEL03-RO,Risco Médio,Alta
sábado,BR-452,46.0,Plena Noite,Crescente,Céu Claro,Simples,Interseção de vias,-17.95112,-50.51071,DEL04-GO,Risco Médio,Baixa
sexta-feira,BR-70,497.0,Pleno dia,Decrescente,Céu Claro,Simples,Reta,-15.65659,-56.00384,DEL02-MT,Risco Baixo,Baixa
sexta-feira,BR-163,812.0,Pleno dia,Crescente,Nublado,Dupla,Não Informado,-4.024983,-54.8882,DEL05-PA,Risco Alto,Alta
domingo,BR-282,53.1,Pleno dia,Crescente,Nublado,Simples,Não Informado,-27.70984,-48.94916,DEL01-SC,Risco Médio,Baixa
domingo,BR-230,17.0,Plena Noite,Crescente,Garoa/Chuvisco,Dupla,Reta,-7.1121,-34.8426,DEL01-PB,Risco Médio,Baixa
sábado,BR-101,310.0,Plena Noite,Decrescente,Céu Claro,Dupla,Reta,-22.79718,-43.04407,DEL02-RJ,Risco Médio,Alta
domingo,BR-470,319.3,Plena Noite,Crescente,Céu Claro,Simples,Interseção de vias,-27.4118,-51.23069,DEL07-SC,Risco Alto,Baixa
sábado,BR-10,189.0,Anoitecer,Decrescente,Nublado,Simples,Reta,-2.778808,-47.4544,DEL02-PA,Risco Baixo,Baixa
sábado,BR-101,350.0,Pleno dia,Decrescente,Céu Claro,Simples,Curva,-13.65399,-39.48452,DEL05-BA,Risco Médio,Alta
quinta-feira,BR-230,312.1,Plena Noite,Crescente,Céu Claro,Simples,Reta,-6.9321,-37.0867,DEL03-PB,Risco Médio,Baixa
quinta-feira,BR-10,142.0,Pleno dia,Crescente,Céu Claro,Simples,Desvio Temporário,-6.477829,-47.39216,DEL04-MA,Risco Alto,Baixa
quarta-feira,BR-60,96.0,Anoitecer,Decrescente,Céu Claro,Dupla,Reta,-16.37722,-48.94813,DEL02-GO,Risco Baixo,Média
domingo,BR-381,370.2,Pleno dia,Decrescente,Céu Claro,Simples,Curva,-19.85038,-43.30243,DEL01-MG,Risco Baixo,Alta
domingo,BR-316,102.0,Plena Noite,Crescente,Céu Claro,Simples,Reta,-1.338083,-47.58656,DEL01-PA,Risco Médio,Baixa
quarta-feira,BR-381,496.0,Amanhecer,Decrescente,Céu Claro,Dupla,Curva,-19.99676,-44.20959,DEL01-MG,Risco Baixo,Alta
domingo,BR-135,171.0,Pleno dia,Crescente,Céu Claro,Simples,Reta,-12.11074,-44.98542,DEL10-BA,Risco Médio,Baixa
terça-feira,BR-20,15.0,Pleno dia,Crescente,Céu Claro,Simples,Reta,-15.56481,-47.22262,DEL02-DF,Risco Médio,Baixa
quarta-feira,BR-364,200.0,Pleno dia,Decrescente,Céu Claro,Dupla,Reta,-16.49609,-54.63855,DEL02-MT,Risco Médio,Alta
sexta-feira,BR-101,335.1,Plena Noite,Crescente,Céu Claro,Dupla,Rotatória,-28.47046,-49.01902,DEL02-SC,Risco Baixo,Alta
quinta-feira,BR-116,119.0,Plena Noite,Crescente,Nublado,Dupla,Curva,-25.57558,-49.31222,DEL01-PR,Risco Baixo,Alta
quarta-feira,BR-116,39.5,Anoitecer,Crescente,Céu Claro,Múltipla,Reta,-4.09364,-38.50306,DEL01-CE,Risco Baixo,Alta
sábado,BR-262,31.1,Plena Noite,Crescente,Nublado,Simples,Não Informado,-20.25518,-41.99756,DEL06-MG,Risco Médio,Média
quarta-feira,BR-153,494.3,Amanhecer,Decrescente,Céu Claro,Dupla,Não Informado,-16.65601,-49.21858,DEL01-GO,Risco Baixo,Alta
sexta-feira,BR-376,625.0,Pleno dia,Crescente,Chuva,Simples,Reta,-25.65218,-49.15731,DEL01-PR,Risco Médio,Baixa
quinta-feira,BR-222,114.0,Pleno dia,Crescente,Céu Claro,Simples,Desvio Temporário,-4.808966,-48.14175,DEL02-PA,Risco Baixo,Baixa
sexta-feira,BR-40,544.0,Pleno dia,Decrescente,Chuva,Dupla,Curva,-20.0088,-43.9651,DEL01-MG,Risco Médio,Alta
terça-feira,BR-101,192.3,Pleno dia,Crescente,Nublado,Dupla,Reta,-27.48444,-48.64765,DEL01-SC,Risco Médio,Alta
sábado,BR-101,82.9,Plena Noite,Decrescente,Céu Claro,Dupla,Reta,-5.767915,-35.27456,DEL02-RN,Risco Médio,Alta
terça-feira,BR-364,326.0,Pleno dia,Decrescente,Chuva,Dupla,Não Informado,-15.81122,-55.37691,DEL05-MT,Risco Médio,Alta
terça-feira,BR-155,323.4,Plena Noite,Decrescente,Chuva,Simples,Desvio Temporário,-5.562255,-49.07518,DEL03-PA,Risco Baixo,Baixa
quinta-feira,BR-174,3.0,Plena Noite,Decrescente,Céu Claro,Simples,Reta,-15.24229,-59.33368,DEL03-MT,Risco Médio,Baixa
domingo,BR-116,149.2,Pleno dia,Crescente,Céu Claro,Múltipla,Interseção de vias,-29.15997,-51.15645,DEL05-RS,Risco Médio,Alta
quarta-feira,BR-153,62.5,Pleno dia,Crescente,Nublado,Dupla,Não Informado,-20.8094,-49.35642,DEL09-SP,Risco Médio,Alta
quinta-feira,BR-262,50.8,Plena Noite,Decrescente,Nublado,Simples,Rotatória,-20.24281,-42.13652,DEL06-MG,Risco Baixo,Média
segunda-feira,BR-280,127.0,Plena Noite,Crescente,Céu Claro,Simples,Rotatória,-26.23944,-49.50421,DEL06-SC,Risco Baixo,Baixa
quinta-feira,BR-101,411.6,Pleno dia,Crescente,Céu Claro,Dupla,Reta,-28.92854,-49.5116,DEL02-SC,Risco Médio,Alta
quinta-feira,BR-116,13.0,Pleno dia,Crescente,Garoa/Chuvisco,Múltipla,Reta,-3.860885,-38.49715,DEL01-CE,Risco Médio,Alta
quarta-feira,BR-116,264.0,Plena Noite,Decrescente,Céu Claro,Dupla,Reta,-29.91444,-51.17754,DEL01-RS,Risco Médio,Alta
sábado,BR-262,444.2,Plena Noite,Decrescente,Céu Claro,Dupla,Reta,-19.88113,-44.9315,DEL08-MG,Risco Alto,Média
sábado,BR-364,243.4,Pleno dia,Decrescente,Céu Claro,Dupla,Reta,-16.15658,-54.79918,DEL02-MT,Risco Médio,Alta
sexta-feira,BR-376,647.0,Anoitecer,Decrescente,Garoa/Chuvisco,Dupla,Reta,-25.83698,-49.11026,DEL01-PR,Risco Médio,Baixa
sexta-feira,BR-163,844.0,Pleno dia,Crescente,Céu Claro,Simples,Reta,-11.77929,-55.47411,DEL06-MT,Risco Médio,Alta
quinta-feira,BR-70,365.0,Plena Noite,Decrescente,Céu Claro,Simples,Reta,-15.4729,-54.99468,DEL05-MT,Risco Baixo,Baixa
terça-feira,BR-101,262.0,Pleno dia,Crescente,Céu Claro,Dupla,Reta,-28.03539,-48.70884,DEL02-SC,Risco Médio,Alta
domingo,BR-262,1.0,Plena Noite,Crescente,Chuva,Dupla,Ponte,-20.32787,-40.35499,DEL01-ES,Risco Médio,Média
quarta-feira,BR-230,24.2,Pleno dia,Decrescente,Céu Claro,Dupla,Viaduto,-7.165326,-34.86263,DEL01-PB,Risco Médio,Baixa
domingo,BR-116,228.1,Plena Noite,Crescente,Céu Claro,Múltipla,Reta,-23.50406,-46.56832,DEL01-SP,Risco Médio,Alta
terça-feira,BR-381,929.0,Pleno dia,Crescente,Chuva,Dupla,Curva,-22.79911,-46.26124,DEL16-MG,Risco Médio,Alta