dia_semana,br,km,fase_dia,sentido_via,condicao_metereologica,tipo_pista,tracado_via,latitude,longitude,delegacia,classificacao_acidente,postos_policiais_PRF
segunda-feira,BR-101,262.0,Pleno dia,Decrescente,Nublado,Dupla,Reta,-28.03539,-48.70884,DEL02-SC,Risco Baixo,Alta
segunda-feira,BR-101,67.1,Pleno dia,Crescente,Céu Claro,Múltipla,Reta,-8.042334,-34.9431,DEL01-PE,Risco Médio,Alta
domingo,BR-70,184.0,Plena Noite,Crescente,Céu Claro,Simples,Reta,-15.69948,-53.6144,DEL05-MT,Risco Médio,Baixa
sexta-feira,BR-104,118.0,Pleno dia,Crescente,Céu Claro,Simples,Reta,-7.196378,-35.87571,DEL02-PB,Risco Médio,Baixa
quinta-feira,BR-101,44.2,Plena Noite,Decrescente,Céu Claro,Múltipla,Reta,-7.85637,-34.90842,DEL01-PE,Risco Baixo,Alta
segunda-feira,BR-470,60.2,Plena Noite,Decrescente,Nublado,Simples,Reta,-26.88138,-49.16454,DEL04-SC,Risco Baixo,Baixa
segunda-feira,BR-365,547.0,Pleno dia,Crescente,Sol,Simples,Reta,-18.93044,-47.657,DEL10-MG,Risco Baixo,Média
segunda-feira,BR-392,67.0,Anoitecer,Crescente,Céu Claro,Dupla,Rotatória,-31.7571,-52.39981,DEL07-RS,Risco Médio,Média
sábado,BR-116,113.5,Pleno dia,Decrescente,Sol,Dupla,Reta,-22.60387,-43.02555,DEL04-RJ,Risco Baixo,Alta
terça-feira,BR-101,415.0,Plena Noite,Decrescente,Céu Claro,Simples,Reta,-20.92974,-41.07925,DEL03-ES,Risco Médio,Alta
domingo,BR-290,86.0,Pleno dia,Decrescente,Chuva,Dupla,Reta,-29.96843,-51.12155,DEL01-RS,Risco Baixo,Baixa
domingo,BR-116,114.8,Pleno dia,Crescente,Céu Claro,Múltipla,Reta,-23.04889,-45.59833,DEL06-SP,Risco Baixo,Alta
quinta-feira,BR-470,123.4,Plena Noite,Decrescente,Garoa/Chuvisco,Simples,Curva,-27.10918,-49.52505,DEL04-SC,Risco Baixo,Baixa
segunda-feira,BR-364,715.0,Plena Noite,Decrescente,Céu Claro,Dupla,Reta,-8.779573,-63.89174,DEL01-RO,Risco Médio,Alta
domingo,BR-116,824.0,Anoitecer,Decrescente,Céu Claro,Dupla,Não Informado,-14.851,-40.8485,DEL08-BA,Risco Médio,Alta
sábado,BR-153,516.9,Pleno dia,Crescente,Chuva,Dupla,Desvio Temporário,-16.84221,-49.24559,DEL01-GO,Risco Médio,Alta
quarta-feira,BR-381,680.7,Pleno dia,Crescente,Céu Claro,Dupla,Reta,-21.1356,-45.1043,DEL04-MG,Risco Médio,Alta
quarta-feira,BR-101,276.9,Plena Noite,Decrescente,Céu Claro,Múltipla,Reta,-20.20789,-40.31335,DEL02-ES,Risco Alto,Alta
segunda-feira,BR-376,175.8,Pleno dia,Decrescente,Sol,Múltipla,Reta,-23.41154,-51.94125,DEL09-PR,Risco Baixo,Baixa
quinta-feira,BR-319,28.0,Pleno dia,Decrescente,Nublado,Simples,Reta,-3.30722,-59.8782,DEL01-AM,Risco Médio,Baixa
terça-feira,BR-101,138.0,Anoitecer,Crescente,Céu Claro,Dupla,Reta,-19.30186,-40.08372,DEL04-ES,Risco Médio,Alta
domingo,BR-101,612.0,Pleno dia,Decrescente,Céu Claro,Simples,Curva,-15.586,-39.4202,DEL05-BA,Risco Baixo,Alta
sexta-feira,BR-101,589.0,Pleno dia,Decrescente,Chuva,Simples,Curva,-15.57967,-39.41006,DEL05-BA,Risco Médio,Alta
sábado,BR-101,116.0,Pleno dia,Crescente,Céu Claro,Dupla,Curva,-22.00308,-41.66316,DEL08-RJ,Risco Médio,Alta
sábado,BR-116,67.1,Pleno dia,Crescente,Nublado,Simples,Desvio Temporário,-22.82875,-45.21011,DEL08-SP,Risco Médio,Alta
sábado,BR-277,717.3,Pleno dia,Crescente,Sol,Dupla,Desvio Temporário,-25.47637,-54.47652,DEL05-PR,Risco Médio,Média
segunda-feira,BR-163,1000.0,Pleno dia,Crescente,Céu Claro,Simples,Reta,-2.473284,-54.72937,DEL05-PA,Risco Médio,Alta
sábado,BR-116,550.4,Pleno dia,Decrescente,Céu Claro,Simples,Curva,-24.96618,-48.46885,DEL05-SP,Risco Alto,Alta
segunda-feira,BR-163,91.2,Pleno dia,Crescente,Nublado,Simples,Não Informado,-26.5434,-53.52028,DEL07-SC,Risco Baixo,Alta
domingo,BR-101,42.0,Anoitecer,Crescente,Nublado,Simples,Reta,-21.56758,-41.32381,DEL08-RJ,Risco Médio,Alta
quinta-feira,BR-101,128.8,Amanhecer,Crescente,Céu Claro,Dupla,Curva,-26.97284,-48.68299,DEL04-SC,Risco Médio,Alta
sexta-feira,BR-381,362.0,Pleno dia,Crescente,Céu Claro,Simples,Curva,-19.85644,-43.24281,DEL03-MG,Risco Médio,Alta
terça-feira,BR-101,94.0,Pleno dia,Crescente,Céu Claro,Dupla,Não Informado,-8.249824,-35.00741,DEL01-PE,Risco Médio,Alta
segunda-feira,BR-174,983.0,Pleno dia,Decrescente,Sol,Simples,Desvio Temporário,-2.356864,-60.04687,DEL01-AM,Risco Baixo,Baixa
terça-feira,BR-153,495.0,Plena Noite,Decrescente,Céu Claro,Simples,Reta,-10.1604,-48.88154,DEL01-TO,Risco Médio,Alta
quinta-feira,BR-364,343.1,Pleno dia,Decrescente,Nublado,Múltipla,Interseção de vias,-10.87879,-61.94499,DEL02-RO,Risco Médio,Alta
domingo,BR-174,19.0,Pleno dia,Crescente,Céu Claro,Simples,Reta,-15.0,-59.0,DEL04-MT,Risco Baixo,Baixa
quarta-feira,BR-101,282.0,Plena Noite,Decrescente,Céu Claro,Dupla,Reta,-28.21152,-48.69923,DEL02-SC,Risco Médio,Alta
quarta-feira,BR-101,290.8,Pleno dia,Decrescente,Céu Claro,Múltipla,Reta,-20.28928,-40.39182,DEL01-ES,Risco Médio,Alta
segunda-feira,BR-235,62.1,Pleno dia,Crescente,Céu Claro,Simples,Reta,-10.61258,-37.47457,DEL01-SE,Risco Médio,Baixa
sexta-feira,BR-40,741.0,Pleno dia,Decrescente,Céu Claro,Simples,Curva,-21.40505,-43.56732,DEL05-MG,Risco Médio,Alta
domingo,BR-116,178.0,Anoitecer,Crescente,Garoa/Chuvisco,Múltipla,Reta,-22.74672,-43.44599,DEL01-RJ,Risco Médio,Alta
segunda-feira,BR-153,429.0,Pleno dia,Crescente,Chuva,Dupla,Curva,-16.24542,-49.0014,DEL02-GO,Risco Médio,Alta
domingo,BR-40,500.8,Plena Noite,Decrescente,Céu Claro,Dupla,Reta,-19.70074,-44.17383,DEL02-MG,Risco Alto,Alta
domingo,BR-101,323.9,Pleno dia,Crescente,Céu Claro,Dupla,Reta,-28.4279,-48.91248,DEL02-SC,Risco Médio,Alta
terça-feira,BR-364,342.5,Pleno dia,Decrescente,Sol,Simples,Reta,-10.87976,-61.94327,DEL02-RO,Risco Médio,Alta
domingo,BR-242,823.0,Plena Noite,Decrescente,Céu Claro,Simples,Reta,-12.11825,-45.05876,DEL10-BA,Risco Médio,Baixa
sexta-feira,BR-476,174.7,Pleno dia,Crescente,Céu Claro,Simples,Reta,-25.68541,-49.53504,DEL01-PR,Risco Alto,Baixa
domingo,BR-365,815.0,Plena Noite,Crescente,Nublado,Simples,Desvio Temporário,-18.88377,-50.0486,DEL15-MG,Risco Médio,Média
terça-feira,BR-424,47.6,Plena Noite,Crescente,Garoa/Chuvisco,Simples,Não Informado,-8.69835,-36.78669,DEL03-PE,Risco Baixo,Baixa
quinta-feira,BR-163,86.8,Pleno dia,Crescente,Céu Claro,Simples,Reta,-25.71619,-53.77785,DEL02-PR,Risco Médio,Alta
quinta-feira,BR-262,34.1,Pleno dia,Decrescente,Chuva,Simples,Rotatória,-20.25693,-42.01103,DEL06-MG,Risco Médio,Média
quarta-feira,BR-101,38.0,Plena Noite,Crescente,Garoa/Chuvisco,Dupla,Não Informado,-6.820735,-35.13859,DEL01-PB,Risco Baixo,Alta
domingo,BR-386,297.9,Pleno dia,Decrescente,Céu Claro,Simples,Curva,-29.13871,-52.23885,DEL04-RS,Risco Médio,Média
terça-feira,BR-116,245.6,Plena Noite,Decrescente,Céu Claro,Simples,Não Informado,-27.80015,-50.36354,DEL05-SC,Risco Baixo,Alta
sábado,BR-163,687.0,Plena Noite,Crescente,Céu Claro,Múltipla,Interseção de vias,-13.18355,-55.98612,DEL06-MT,Risco Médio,Alta
sexta-feira,BR-343,316.0,Pleno dia,Decrescente,Céu Claro,Simples,Reta,-5.046231,-42.53584,DEL01-PI,Risco Médio,Baixa
quinta-feira,BR-116,192.0,Anoitecer,Decrescente,Céu Claro,Dupla,Reta,-22.0,-43.0,DEL11-MG,Risco Baixo,Alta
sábado,BR-60,340.0,Pleno dia,Decrescente,Sol,Dupla,Reta,-17.56268,-50.63905,DEL04-GO,Risco Médio,Média
domingo,BR-116,511.5,Plena Noite,Decrescente,Nublado,Simples,Não Informado,-24.83784,-48.20801,DEL05-SP,Risco Baixo,Alta
quinta-feira,BR-101,261.0,Pleno dia,Crescente,Nublado,Simples,Não Informado,-20.14854,-40.27971,DEL02-ES,Risco Médio,Alta
terça-feira,BR-116,336.0,Plena Noite,Decrescente,Nublado,Dupla,Reta,-23.97561,-47.14231,DEL04-SP,Risco Baixo,Alta
domingo,BR-262,35.0,Amanhecer,Decrescente,Sol,Simples,Reta,-20.3773,-40.5947,DEL01-ES,Risco Médio,Média
domingo,BR-153,145.1,Plena Noite,Decrescente,Nublado,Dupla,Rotatória,-7.205036,-48.24035,DEL02-TO,Risco Médio,Alta
quinta-feira,BR-282,3.4,Pleno dia,Crescente,Céu Claro,Dupla,Reta,-27.59593,-48.59116,DEL01-SC,Risco Médio,Baixa
quinta-feira,BR-101,51.8,Plena Noite,Crescente,Céu Claro,Dupla,Reta,-29.615,-50.09153,DEL03-RS,Risco Baixo,Alta
domingo,BR-242,586.0,Plena Noite,Crescente,Céu Claro,Simples,Reta,-12.06714,-43.10794,DEL10-BA,Risco Alto,Baixa
sexta-feira,BR-392,4.7,Pleno dia,Decrescente,Céu Claro,Simples,Reta,-32.0696,-52.09548,DEL07-RS,Risco Alto,Média
segunda-feira,BR-376,276.0,Pleno dia,Crescente,Céu Claro,Simples,Reta,-23.81732,-51.26661,DEL07-PR,Risco Médio,Baixa
terça-feira,BR-10,252.0,Pleno dia,Crescente,Céu Claro,Simples,Reta,-5.5375,-47.4684,DEL04-MA,Risco Médio,Baixa
sábado,BR-163,666.0,Pleno dia,Crescente,Céu Claro,Simples,Reta,-13.10957,-55.95268,DEL06-MT,Risco Médio,Alta
terça-feira,BR-210,2.8,Pleno dia,Decrescente,Céu Claro,Múltipla,Interseção de vias,0.08647439,-51.08455,DEL01-AP,Risco Médio,Baixa
sexta-feira,BR-232,143.0,Plena Noite,Crescente,Céu Claro,Simples,Reta,-8.323401,-36.10376,DEL03-PE,Risco Médio,Baixa
sábado,BR-40,5.0,Anoitecer,Crescente,Nublado,Dupla,Retorno Regulamentado,-16.09404,-47.9834,DEL01-DF,Risco Baixo,Alta
segunda-feira,BR-163,486.0,Pleno dia,Decrescente,Céu Claro,Simples,Reta,-20.43364,-54.54377,DEL01-MS,Risco Médio,Alta
segunda-feira,BR-20,201.9,Plena Noite,Crescente,Nublado,Simples,Curva,-5.144679,-39.74358,DEL02-CE,Risco Alto,Baixa
sábado,BR-153,520.3,Amanhecer,Crescente,Céu Claro,Simples,Reta,-10.40608,-48.89606,DEL02-TO,Risco Médio,Alta
segunda-feira,BR-60,5.0,Pleno dia,Decrescente,Céu Claro,Dupla,Curva,-16.09089,-48.27708,DEL01-DF,Risco Médio,Média
sábado,BR-277,646.0,Pleno dia,Decrescente,Céu Claro,Simples,Curva,-25.17126,-53.90514,DEL05-PR,Risco Baixo,Média
quinta-feira,BR-153,699.0,Amanhecer,Decrescente,Céu Claro,Dupla,Reta,-18.3862,-49.2076,DEL03-GO,Risco Médio,Alta
terça-feira,BR-101,217.0,Plena Noite,Decrescente,Céu Claro,Simples,Reta,-27.66779,-48.67394,DEL01-SC,Risco Baixo,Alta
quarta-feira,BR-116,296.0,Pleno dia,Decrescente,Céu Claro,Dupla,Reta,-30.0846,-51.342,DEL02-RS,Risco Médio,Alta
quinta-feira,BR-101,210.0,Pleno dia,Decrescente,Céu Claro,Dupla,Reta,-27.6235,-48.6524,DEL01-SC,Risco Médio,Alta
domingo,BR-101,38.5,Plena Noite,Crescente,Nublado,Dupla,Interseção de vias,-26.29451,-48.88453,DEL03-SC,Risco Médio,Alta
segunda-feira,BR-163,271.5,Plena Noite,Crescente,Céu Claro,Dupla,Reta,-22.18685,-54.68182,DEL04-MS,Risco Médio,Alta
sexta-feira,BR-364,343.9,Pleno dia,Decrescente,Céu Claro,Simples,Reta,-10.875,-61.95071,DEL02-RO,Risco Baixo,Alta
sexta-feira,BR-101,164.8,Plena Noite,Crescente,Céu Claro,Dupla,Reta,-27.2595,-48.6316,DEL04-SC,Risco Médio,Alta
segunda-feira,BR-153,514.0,Pleno dia,Crescente,Céu Claro,Dupla,Reta,-16.8315,-49.2434,DEL01-GO,Risco Médio,Alta
quarta-feira,BR-116,144.0,Pleno dia,Crescente,Céu Claro,Dupla,Reta,-23.18274,-45.84634,DEL02-SP,Risco Médio,Alta
quinta-feira,BR-230,32.0,Pleno dia,Decrescente,Chuva,Dupla,Reta,-7.133996,-34.92933,DEL01-PB,Risco Baixo,Baixa
segunda-feira,BR-158,333.9,Plena Noite,Decrescente,Céu Claro,Simples,Reta,-21.2564,-52.0415,DEL07-MS,Risco Médio,Baixa
quarta-feira,BR-376,231.2,Pleno dia,Crescente,Sol,Dupla,Reta,-23.56477,-51.53019,DEL07-PR,Risco Médio,Baixa
quarta-feira,BR-365,66.2,Plena Noite,Crescente,Nublado,Simples,Curva,-17.04888,-44.32704,DEL12-MG,Risco Médio,Média
segunda-feira,BR-226,7.0,Plena Noite,Crescente,Céu Claro,Simples,Curva,-5.827732,-35.28006,DEL01-RN,Risco Médio,Baixa
quarta-feira,BR-116,237.6,Plena Noite,Crescente,Nublado,Simples,Reta,-27.73035,-50.33598,DEL05-SC,Risco Baixo,Alta
terça-feira,BR-116,136.0,Amanhecer,Crescente,Nublado,Dupla,Reta,-22.6467,-43.2145,DEL04-RJ,Risco Médio,Alta
quinta-feira,BR-376,659.0,Pleno dia,Decrescente,Chuva,Dupla,Curva,-25.8481,-48.99765,DEL01-PR,Risco Baixo,Baixa
sexta-feira,BR-280,7.1,Pleno dia,Crescente,Nublado,Simples,Rotatória,-26.27037,-48.6408,DEL03-SC,Risco Médio,Baixa
quarta-feira,BR-116,33.0,Plena Noite,Decrescente,Céu Claro,Dupla,Reta,-4.0483,-38.5068,DEL01-CE,Risco Baixo,Alta
segunda-feira,BR-153,512.0,Pleno dia,Decrescente,Céu Claro,Dupla,Reta,-16.8156,-49.2402,DEL01-GO,Risco Baixo,Alta
domingo,BR-381,28.0,Pleno dia,Crescente,Céu Claro,Dupla,Reta,-23.0366,-46.55128,DEL03-SP,Risco Médio,Alta
sábado,BR-493,109.0,Pleno dia,Decrescente,Céu Claro,Dupla,Reta,-22.79945,-43.7879,DEL01-RJ,Risco Médio,Baixa
sábado,BR-101,144.2,Plena Noite,Crescente,Céu Claro,Simples,Reta,-19.35188,-40.06367,DEL04-ES,Risco Médio,Alta
segunda-feira,BR-356,268.8,Plena Noite,Crescente,Chuva,Simples,Curva,-21.12691,-42.34244,DEL07-MG,Risco Médio,Baixa
segunda-feira,BR-101,762.1,Plena Noite,Crescente,Céu Claro,Simples,Reta,-16.85118,-39.4912,DEL09-BA,Risco Alto,Alta
terça-feira,BR-393,242.3,Pleno dia,Crescente,Nublado,Simples,Não Informado,-22.43563,-43.73166,DEL05-RJ,Risco Médio,Média
domingo,BR-259,30.5,Plena Noite,Crescente,Céu Claro,Simples,Reta,-19.59519,-40.5065,DEL02-ES,Risco Médio,Baixa
domingo,BR-259,60.0,Plena Noite,Crescente,Céu Claro,Simples,Reta,-19.5253,-40.67461,DEL02-ES,Risco Médio,Baixa
domingo,BR-408,74.7,Pleno dia,Decrescente,Céu Claro,Múltipla,Reta,-7.903429,-35.17322,DEL01-PE,Risco Médio,Baixa
quinta-feira,BR-376,189.0,Anoitecer,Crescente,Céu Claro,Dupla,Não Informado,-23.46729,-51.82669,DEL07-PR,Risco Baixo,Baixa
domingo,BR-116,312.0,Pleno dia,Crescente,Céu Claro,Dupla,Reta,-23.88343,-46.97369,DEL04-SP,Risco Médio,Alta
sexta-feira,BR-222,627.0,Pleno dia,Decrescente,Céu Claro,Simples,Curva,-4.775397,-47.08599,DEL04-MA,Risco Médio,Baixa
quinta-feira,BR-230,12.0,Plena Noite,Crescente,Céu Claro,Dupla,Reta,-7.068,-34.85,DEL01-PB,Risco Médio,Baixa
sábado,BR-116,221.0,Amanhecer,Crescente,Céu Claro,Múltipla,Reta,-23.47336,-46.52148,DEL01-SP,Risco Médio,Alta
segunda-feira,BR-423,124.5,Pleno dia,Crescente,Céu Claro,Simples,Reta,-8.93182,-36.72055,DEL03-PE,Risco Médio,Baixa
quinta-feira,BR-376,624.0,Plena Noite,Decrescente,Chuva,Dupla,Reta,-25.64157,-49.1597,DEL01-PR,Risco Médio,Baixa
quinta-feira,BR-101,98.0,Plena Noite,Decrescente,Céu Claro,Dupla,Reta,-26.73761,-48.69919,DEL03-SC,Risco Médio,Alta
quinta-feira,BR-470,199.5,Pleno dia,Crescente,Chuva,Simples,Interseção de vias,-27.30965,-50.12821,DEL05-SC,Risco Médio,Baixa
quarta-feira,BR-282,2.9,Pleno dia,Crescente,Céu Claro,Dupla,Curva,-27.60112,-48.59865,DEL01-SC,Risco Médio,Baixa
domingo,BR-40,77.0,Plena Noite,Decrescente,Céu Claro,Dupla,Não Informado,-22.49889,-43.22894,DEL06-RJ,Risco Médio,Alta
segunda-feira,BR-163,837.0,Amanhecer,Crescente,Céu Claro,Simples,Reta,-17.60028,-54.74633,DEL06-MS,Risco Baixo,Alta
quinta-feira,BR-262,588.0,Pleno dia,Crescente,Chuva,Simples,Reta,-19.66641,-46.16032,DEL08-MG,Risco Médio,Média
quarta-feira,BR-101,116.0,Plena Noite,Crescente,Céu Claro,Dupla,Reta,-26.87906,-48.72604,DEL04-SC,Risco Médio,Alta
sábado,BR-364,383.0,Pleno dia,Crescente,Céu Claro,Simples,Reta,-10.72104,-62.24385,DEL02-RO,Risco Baixo,Alta
sábado,BR-280,53.4,Plena Noite,Crescente,Céu Claro,Simples,Reta,-26.47359,-48.97757,DEL03-SC,Risco Médio,Baixa
quarta-feira,BR-277,652.0,Pleno dia,Crescente,Céu Claro,Simples,Reta,-25.20467,-53.94913,DEL05-PR,Risco Médio,Média
segunda-feira,BR-70,469.0,Plena Noite,Decrescente,Ignorado,Simples,Reta,-15.8969,-52.2381,DEL04-GO,Risco Médio,Baixa
terça-feira,BR-101,267.9,Pleno dia,Crescente,Nublado,Múltipla,Interseção de vias,-20.20653,-40.26968,DEL02-ES,Risco Médio,Alta
quinta-feira,BR-235,350.8,Pleno dia,Decrescente,Nublado,Simples,Reta,-9.442386,-40.49327,DEL06-PE,Risco Médio,Baixa
quinta-feira,BR-116,315.0,Pleno dia,Crescente,Chuva,Dupla,Não Informado,-30.24564,-51.40595,DEL02-RS,Risco Médio,Alta
quinta-feira,BR-421,4.0,Plena Noite,Crescente,Céu Claro,Simples,Reta,-9.9335,-63.0859,DEL03-RO,Risco Alto,Baixa
domingo,BR-381,769.6,Pleno dia,Crescente,Sol,Dupla,Retorno Regulamentado,-21.75879,-45.40789,DEL16-MG,Risco Baixo,Alta
quinta-feira,BR-230,110.0,Plena Noite,Crescente,Nublado,Dupla,Reta,-7.239447,-35.61546,DEL02-PB,Risco Médio,Baixa
quarta-feira,BR-101,200.2,Pleno dia,Crescente,Céu Claro,Dupla,Não Informado,-27.54019,-48.62288,DEL01-SC,Risco Médio,Alta
segunda-feira,BR-364,707.0,Anoitecer,Crescente,Céu Claro,Dupla,Reta,-8.800372,-63.83263,DEL01-RO,Risco Médio,Alta
sexta-feira,BR-163,7.6,Anoitecer,Decrescente,Céu Claro,Simples,Reta,-26.25705,-53.62125,DEL02-PR,Risco Médio,Alta
domingo,BR-116,10.0,Plena Noite,Crescente,Céu Claro,Dupla,Reta,-25.3719,-49.134,DEL01-PR,Risco Médio,Alta
sexta-feira,BR-101,460.0,Plena Noite,Crescente,Chuva,Simples,Não Informado,-23.03144,-44.19452,DEL03-RJ,Risco Baixo,Alta
sexta-feira,BR-101,208.0,Pleno dia,Decrescente,Sol,Múltipla,Desvio Temporário,-27.60363,-48.63239,DEL01-SC,Risco Médio,Alta
segunda-feira,BR-232,71.0,Pleno dia,Decrescente,Nublado,Dupla,Reta,-8.181587,-35.48584,DEL01-PE,Risco Médio,Baixa
sexta-feira,BR-316,312.0,Plena Noite,Crescente,Céu Claro,Simples,Reta,-7.080925,-41.45826,DEL04-PI,Risco Médio,Baixa
sexta-feira,BR-381,81.0,Plena Noite,Crescente,Céu Claro,Dupla,Reta,-23.41704,-46.58022,DEL03-SP,Risco Alto,Alta
segunda-feira,BR-50,177.0,Anoitecer,Decrescente,Céu Claro,Dupla,Reta,-19.779,-47.9413,DEL13-MG,Risco Médio,Média
sexta-feira,BR-116,704.9,Pleno dia,Crescente,Nublado,Simples,Curva,-21.13417,-42.38723,DEL07-MG,Risco Médio,Alta
quinta-feira,BR-116,149.0,Pleno dia,Crescente,Chuva,Simples,Não Informado,-25.78173,-49.32535,DEL01-PR,Risco Médio,Alta
quinta-feira,BR-116,227.0,Anoitecer,Decrescente,Céu Claro,Múltipla,Reta,-23.499,-46.5601,DEL01-SP,Risco Baixo,Alta
segunda-feira,BR-116,215.0,Pleno dia,Crescente,Céu Claro,Dupla,Reta,-23.44696,-46.45394,DEL01-SP,Risco Médio,Alta
domingo,BR-70,11.6,Plena Noite,Crescente,Chuva,Dupla,Não Informado,-15.73878,-48.30124,DEL01-DF,Risco Médio,Baixa
segunda-feira,BR-163,647.0,Plena Noite,Crescente,Nublado,Simples,Reta,-13.40292,-56.08664,DEL06-MT,Risco Alto,Alta
quarta-feira,BR-40,122.0,Amanhecer,Crescente,Garoa/Chuvisco,Múltipla,Reta,-22.78928,-43.28536,DEL01-RJ,Risco Médio,Alta
sexta-feira,BR-101,51.0,Pleno dia,Decrescente,Garoa/Chuvisco,Simples,Reta,-23.45628,-45.07112,DEL06-SP,Risco Médio,Alta
sábado,BR-153,60.0,Pleno dia,Crescente,Sol,Dupla,Reta,-20.79628,-49.3548,DEL09-SP,Risco Médio,Alta
terça-feira,BR-101,236.2,Plena Noite,Decrescente,Céu Claro,Simples,Curva,-19.97787,-40.40737,DEL02-ES,Risco Médio,Alta
domingo,BR-293,1.2,Plena Noite,Crescente,Céu Claro,Simples,Interseção de vias,-31.75301,-52.35882,DEL07-RS,Risco Médio,Baixa
sexta-feira,BR-376,176.8,Plena Noite,Decrescente,Nublado,Dupla,Não Informado,-23.41258,-51.93262,DEL07-PR,Risco Médio,Baixa
domingo,BR-135,580.3,Anoitecer,Crescente,Céu Claro,Simples,Reta,-18.40474,-44.45906,DEL02-MG,Risco Médio,Baixa
domingo,BR-116,26.0,Plena Noite,Decrescente,Chuva,Dupla,Não Informado,-25.10684,-48.78534,DEL01-PR,Risco Baixo,Alta
sábado,BR-101,141.0,Pleno dia,Crescente,Chuva,Dupla,Curva,-27.05359,-48.60051,DEL04-SC,Risco Baixo,Alta
quarta-feira,BR-365,369.0,Plena Noite,Decrescente,Céu Claro,Simples,Reta,-18.53905,-46.17684,DEL10-MG,Risco Médio,Média
segunda-feira,BR-381,87.5,Plena Noite,Decrescente,Nublado,Dupla,Reta,-23.46885,-46.56997,DEL03-SP,Risco Baixo,Alta
sexta-feira,BR-101,908.0,Plena Noite,Crescente,Céu Claro,Simples,Reta,-17.9861,-39.85969,DEL09-BA,Risco Baixo,Alta
segunda-feira,BR-222,4.7,Pleno dia,Crescente,Céu Claro,Múltipla,Retorno Regulamentado,-3.741648,-38.6045,DEL01-CE,Risco Médio,Baixa
sexta-feira,BR-116,67.0,Pleno dia,Crescente,Nublado,Simples,Desvio Temporário,-22.29372,-42.93354,DEL04-RJ,Risco Médio,Alta
sábado,BR-60,130.0,Pleno dia,Decrescente,Céu Claro,Simples,Reta,-19.34311,-53.48847,DEL06-MS,Risco Médio,Média
terça-feira,BR-20,88.0,Plena Noite,Crescente,Céu Claro,Simples,Reta,-15.02976,-47.05311,DEL02-DF,Risco Baixo,Baixa
segunda-feira,BR-304,295.9,Pleno dia,Decrescente,Céu Claro,Simples,Reta,-5.856214,-35.35519,DEL01-RN,Risco Baixo,Baixa
sexta-feira,BR-381,440.0,Plena Noite,Decrescente,Céu Claro,Simples,Não Informado,-19.80963,-43.76638,DEL01-MG,Risco Médio,Alta
sábado,BR-476,170.0,Pleno dia,Decrescente,Céu Claro,Dupla,Reta,-25.66807,-49.50395,DEL01-PR,Risco Médio,Baixa
quarta-feira,BR-343,4.0,Pleno dia,Crescente,Céu Claro,Múltipla,Interseção de vias,-5.089569,-42.80229,DEL01-PI,Risco Médio,Baixa
sábado,BR-277,71.0,Pleno dia,Crescente,Céu Claro,Dupla,Reta,-25.5292,-49.08863,DEL01-PR,Risco Baixo,Média
sábado,BR-135,186.0,Plena Noite,Crescente,Céu Claro,Simples,Reta,-12.20182,-45.01487,DEL10-BA,Risco Médio,Baixa
quinta-feira,BR-277,214.1,Pleno dia,Decrescente,Céu Claro,Simples,Desvio Temporário,-25.46888,-50.39817,DEL03-PR,Risco Baixo,Média
domingo,BR-282,644.9,Pleno dia,Decrescente,Chuva,Simples,Não Informado,-26.76509,-53.48669,DEL07-SC,Risco Médio,Baixa
quarta-feira,BR-101,306.0,Pleno dia,Crescente,Céu Claro,Dupla,Reta,-22.78914,-43.00551,DEL02-RJ,Risco Médio,Alta
sábado,BR-262,409.0,Plena Noite,Crescente,Chuva,Dupla,Curva,-19.89014,-44.62313,DEL08-MG,Risco Médio,Média
domingo,BR-364,699.0,Plena Noite,Decrescente,Nublado,Dupla,Reta,-8.801989,-63.75505,DEL01-RO,Risco Médio,Alta
sexta-feira,BR-470,56.0,Plena Noite,Decrescente,Céu Claro,Simples,Retorno Regulamentado,-26.87674,-49.12774,DEL04-SC,Risco Médio,Baixa
domingo,BR-135,3.6,Plena Noite,Crescente,Ignorado,Dupla,Reta,-2.647322,-44.30709,DEL01-MA,Risco Médio,Baixa
quarta-feira,BR-116,116.0,Pleno dia,Decrescente,Nublado,Dupla,Reta,-25.55878,-49.30671,DEL01-PR,Risco Médio,Alta
segunda-feira,BR-116,116.0,Pleno dia,Crescente,Chuva,Dupla,Desvio Temporário,-23.05376,-45.60879,DEL06-SP,Risco Médio,Alta
domingo,BR-116,8.0,Pleno dia,Crescente,Céu Claro,Simples,Curva,-14.8845,-40.8887,DEL08-BA,Risco Baixo,Alta
segunda-feira,BR-101,64.0,Pleno dia,Crescente,Chuva,Simples,Curva,-21.75365,-41.3423,DEL08-RJ,Risco Médio,Alta
segunda-feira,BR-116,410.5,Pleno dia,Crescente,Céu Claro,Dupla,Reta,-18.85414,-41.97652,DEL06-MG,Risco Médio,Alta
segunda-feira,BR-324,537.0,Pleno dia,Decrescente,Céu Claro,Dupla,Reta,-12.37699,-38.80308,DEL01-BA,Risco Médio,Baixa
sábado,BR-476,164.2,Pleno dia,Crescente,Chuva,Simples,Reta,-25.63721,-49.46769,DEL01-PR,Risco Médio,Baixa
domingo,BR-381,510.1,Pleno dia,Decrescente,Céu Claro,Múltipla,Reta,-20.07738,-44.30434,DEL01-MG,Risco Médio,Alta