dia_semana,br,km,fase_dia,sentido_via,condicao_metereologica,tipo_pista,tracado_via,latitude,longitude,delegacia,classificacao_acidente,postos_policiais_PRF
sexta-feira,BR-381,87.0,Plena Noite,Decrescente,Garoa/Chuvisco,Dupla,Curva,-23.47545,-46.56066,DEL03-SP,Risco Médio,Alta
quinta-feira,BR-262,677.2,Pleno dia,Crescente,Chuva,Simples,Reta,-19.57347,-57.17484,DEL03-MS,Risco Médio,Média
sábado,BR-101,502.0,Pleno dia,Decrescente,Céu Claro,Simples,Reta,-14.92453,-39.29545,DEL05-BA,Risco Alto,Alta
quarta-feira,BR-262,827.4,Pleno dia,Decrescente,Nublado,Simples,Curva,-19.74648,-48.17758,DEL13-MG,Risco Médio,Média
domingo,BR-381,312.0,Pleno dia,Crescente,Chuva,Simples,Curva,-19.64963,-42.93878,DEL03-MG,Risco Baixo,Alta
sábado,BR-364,548.0,Plena Noite,Crescente,Céu Claro,Dupla,Reta,-14.86197,-56.45603,DEL01-MT,Risco Médio,Alta
segunda-feira,BR-116,152.5,Pleno dia,Decrescente,Céu Claro,Simples,Reta,-29.1829,-51.16723,DEL05-RS,Risco Médio,Alta
sexta-feira,BR-282,156.0,Pleno dia,Decrescente,Céu Claro,Simples,Reta,-27.74688,-49.71588,DEL05-SC,Risco Médio,Baixa
quarta-feira,BR-116,690.9,Pleno dia,Crescente,Céu Claro,Simples,Curva,-21.01102,-42.36085,DEL07-MG,Risco Médio,Alta
quarta-feira,BR-304,38.6,Plena Noite,Decrescente,Céu Claro,Dupla,Reta,-5.186603,-37.37243,DEL04-RN,Risco Alto,Baixa
sábado,BR-365,49.0,Pleno dia,Crescente,Chuva,Simples,Reta,-16.93287,-44.23666,DEL12-MG,Risco Alto,Média
quinta-feira,BR-116,176.0,Plena Noite,Crescente,Nublado,Múltipla,Reta,-22.78395,-43.38195,DEL01-RJ,Risco Médio,Alta
sexta-feira,BR-381,378.2,Pleno dia,Crescente,Chuva,Simples,Curva,-19.84347,-43.31363,DEL01-MG,Risco Médio,Alta
sexta-feira,BR-277,130.0,Pleno dia,Crescente,Céu Claro,Dupla,Reta,-25.44518,-49.49857,DEL03-PR,Risco Médio,Média
terça-feira,BR-470,225.0,Pleno dia,Decrescente,Céu Claro,Simples,Reta,-29.21454,-51.51763,DEL06-RS,Risco Baixo,Baixa
sábado,BR-101,88.2,Plena Noite,Decrescente,Nublado,Simples,Interseção de vias,-26.65235,-48.68701,DEL03-SC,Risco Baixo,Alta
domingo,BR-116,491.0,Plena Noite,Crescente,Céu Claro,Dupla,Reta,-24.73981,-48.12376,DEL05-SP,Risco Baixo,Alta
quinta-feira,BR-116,226.0,Pleno dia,Decrescente,Céu Claro,Múltipla,Reta,-23.494,-46.552,DEL01-SP,Risco Médio,Alta
terça-feira,BR-153,201.8,Pleno dia,Crescente,Céu Claro,Simples,Curva,-7.657273,-48.42638,DEL02-TO,Risco Baixo,Alta
sexta-feira,BR-364,202.5,Pleno dia,Decrescente,Chuva,Dupla,Reta,-16.47434,-54.65412,DEL02-MT,Risco Médio,Alta
segunda-feira,BR-471,175.5,Anoitecer,Crescente,Céu Claro,Simples,Desvio Temporário,-30.03156,-52.37167,DEL02-RS,Risco Médio,Baixa
terça-feira,BR-101,135.0,Pleno dia,Decrescente,Nublado,Múltipla,Ponte,-27.00501,-48.62677,DEL04-SC,Risco Médio,Alta
quinta-feira,BR-116,3.7,Plena Noite,Decrescente,Céu Claro,Simples,Reta,-26.13073,-49.79922,DEL06-SC,Risco Médio,Alta
quarta-feira,BR-116,47.5,Pleno dia,Crescente,Céu Claro,Simples,Reta,-22.17103,-42.83134,DEL04-RJ,Risco Médio,Alta
quinta-feira,BR-135,3.9,Pleno dia,Crescente,Céu Claro,Dupla,Reta,-2.613169,-44.25169,DEL01-MA,Risco Baixo,Baixa
sábado,BR-20,52.8,Plena Noite,Crescente,Céu Claro,Dupla,Reta,-15.58149,-47.42235,DEL02-DF,Risco Baixo,Baixa
quinta-feira,BR-116,220.2,Anoitecer,Decrescente,Nublado,Múltipla,Reta,-23.46473,-46.49794,DEL01-SP,Risco Médio,Alta
sábado,BR-267,124.5,Anoitecer,Crescente,Céu Claro,Simples,Curva,-21.7056,-43.50002,DEL05-MG,Risco Médio,Baixa
segunda-feira,BR-373,450.5,Pleno dia,Decrescente,Sol,Simples,Reta,-25.87297,-52.3482,DEL02-PR,Risco Médio,Baixa
segunda-feira,BR-376,161.6,Pleno dia,Crescente,Sol,Dupla,Reta,-23.36942,-52.06367,DEL09-PR,Risco Médio,Baixa
terça-feira,BR-153,103.1,Plena Noite,Decrescente,Céu Claro,Simples,Reta,-21.03114,-49.64642,DEL09-SP,Risco Médio,Alta
quinta-feira,BR-101,316.0,Pleno dia,Crescente,Sol,Simples,Reta,-22.82839,-43.0921,DEL02-RJ,Risco Médio,Alta
domingo,BR-116,136.5,Plena Noite,Crescente,Céu Claro,Simples,Reta,-16.7407,-41.50618,DEL11-MG,Risco Alto,Alta
sexta-feira,BR-40,731.8,Pleno dia,Crescente,Chuva,Dupla,Curva,-21.36684,-43.57642,DEL05-MG,Risco Médio,Alta
quinta-feira,BR-101,878.0,Pleno dia,Crescente,Céu Claro,Simples,Interseção de vias,-17.53831,-39.71455,DEL09-BA,Risco Médio,Alta
terça-feira,BR-222,8.2,Plena Noite,Crescente,Céu Claro,Dupla,Reta,-3.753948,-38.63922,DEL01-CE,Risco Médio,Baixa
domingo,BR-116,274.0,Amanhecer,Crescente,Nublado,Simples,Interseção de vias,-22.56164,-44.14772,DEL07-RJ,Risco Médio,Alta
segunda-feira,BR-158,201.0,Plena Noite,Crescente,Céu Claro,Simples,Não Informado,-17.32267,-51.87526,DEL05-GO,Risco Médio,Baixa
sexta-feira,BR-381,491.2,Anoitecer,Crescente,Nublado,Dupla,Reta,-19.96,-44.15465,DEL01-MG,Risco Médio,Alta
quinta-feira,BR-101,108.5,Pleno dia,Decrescente,Chuva,Simples,Curva,-9.586626,-35.9893,DEL02-AL,Risco Médio,Alta
domingo,BR-40,78.8,Plena Noite,Crescente,Nevoeiro/Neblina,Simples,Não Informado,-22.48486,-43.22843,DEL06-RJ,Risco Baixo,Alta
sexta-feira,BR-423,132.4,Amanhecer,Crescente,Garoa/Chuvisco,Simples,Curva,-8.959435,-36.76462,DEL03-PE,Risco Alto,Baixa
quinta-feira,BR-101,96.0,Plena Noite,Decrescente,Céu Claro,Múltipla,Reta,-5.849496,-35.20891,DEL01-RN,Risco Médio,Alta
sábado,BR-282,503.3,Pleno dia,Decrescente,Sol,Dupla,Reta,-26.88492,-52.39979,DEL07-SC,Risco Médio,Baixa
sexta-feira,BR-470,159.0,Pleno dia,Crescente,Céu Claro,Simples,Não Informado,-28.80587,-51.60683,DEL06-RS,Risco Médio,Baixa
quarta-feira,BR-267,28.0,Pleno dia,Decrescente,Céu Claro,Simples,Curva,-21.62799,-42.83041,DEL07-MG,Risco Médio,Baixa
terça-feira,BR-116,683.8,Anoitecer,Decrescente,Chuva,Simples,Curva,-13.851,-40.0812,DEL03-BA,Risco Baixo,Alta
quarta-feira,BR-101,279.9,Anoitecer,Crescente,Nublado,Múltipla,Reta,-28.19254,-48.69712,DEL02-SC,Risco Médio,Alta
domingo,BR-470,194.2,Plena Noite,Crescente,Garoa/Chuvisco,Simples,Curva,-29.05013,-51.57532,DEL06-RS,Risco Médio,Baixa
quarta-feira,BR-174,520.0,Plena Noite,Decrescente,Nublado,Simples,Reta,2.93594,-60.71649,DEL01-RR,Risco Baixo,Baixa
segunda-feira,BR-101,56.0,Plena Noite,Crescente,Céu Claro,Simples,Reta,-21.68714,-41.31064,DEL08-RJ,Risco Médio,Alta
segunda-feira,BR-135,524.5,Amanhecer,Crescente,Céu Claro,Simples,Reta,-18.0014,-44.17815,DEL02-MG,Risco Baixo,Baixa
terça-feira,BR-70,1.0,Plena Noite,Crescente,Chuva,Dupla,Não Informado,-15.77579,-48.23259,DEL01-DF,Risco Baixo,Baixa
quarta-feira,BR-381,677.0,Pleno dia,Decrescente,Céu Claro,Dupla,Reta,-21.1113,-45.0928,DEL04-MG,Risco Baixo,Alta
sábado,BR-376,302.7,Plena Noite,Decrescente,Vento,Dupla,Não Informado,-23.94255,-51.12286,DEL07-PR,Risco Médio,Baixa
sexta-feira,BR-262,810.0,Pleno dia,Decrescente,Céu Claro,Dupla,Reta,-19.76052,-48.04441,DEL13-MG,Risco Baixo,Média
domingo,BR-101,343.2,Plena Noite,Crescente,Céu Claro,Simples,Reta,-13.56492,-39.47271,DEL05-BA,Risco Alto,Alta
terça-feira,BR-153,493.0,Pleno dia,Decrescente,Céu Claro,Dupla,Não Informado,-16.6537,-49.2172,DEL01-GO,Risco Médio,Alta
quarta-feira,BR-116,89.0,Pleno dia,Crescente,Nublado,Dupla,Reta,-25.45429,-49.08817,DEL01-PR,Risco Médio,Alta
quinta-feira,BR-230,35.0,Pleno dia,Decrescente,Céu Claro,Simples,Interseção de vias,-7.1268,-34.9412,DEL01-PB,Risco Médio,Baixa
quinta-feira,BR-470,15.0,Pleno dia,Decrescente,Nublado,Simples,Reta,-26.84517,-48.77495,DEL04-SC,Risco Médio,Baixa
segunda-feira,BR-470,185.0,Pleno dia,Crescente,Sol,Simples,Reta,-27.25403,-50.03657,DEL04-SC,Risco Médio,Baixa
terça-feira,BR-381,2.0,Amanhecer,Crescente,Céu Claro,Dupla,Curva,-19.96825,-44.19871,DEL01-MG,Risco Médio,Alta
terça-feira,BR-376,631.0,Pleno dia,Decrescente,Céu Claro,Dupla,Reta,-25.70434,-49.14199,DEL01-PR,Risco Médio,Baixa
segunda-feira,BR-277,37.5,Plena Noite,Decrescente,Chuva,Dupla,Não Informado,-25.5747,-48.85003,DEL01-PR,Risco Médio,Média
quinta-feira,BR-101,68.3,Plena Noite,Decrescente,Céu Claro,Múltipla,Não Informado,-8.050743,-34.94581,DEL01-PE,Risco Médio,Alta
segunda-feira,BR-153,128.9,Plena Noite,Crescente,Nublado,Simples,Reta,-6.211721,-48.60005,DEL03-PA,Risco Alto,Alta
segunda-feira,BR-101,149.0,Pleno dia,Crescente,Sol,Dupla,Reta,-27.1088,-48.6129,DEL04-SC,Risco Médio,Alta
quinta-feira,BR-101,886.0,Pleno dia,Crescente,Céu Claro,Simples,Não Informado,-17.60738,-39.75661,DEL09-BA,Risco Médio,Alta
sábado,BR-381,86.3,Amanhecer,Decrescente,Céu Claro,Múltipla,Reta,-23.46856,-46.57019,DEL03-SP,Risco Médio,Alta
sábado,BR-70,531.0,Pleno dia,Decrescente,Céu Claro,Simples,Desvio Temporário,-15.64921,-56.19486,DEL01-MT,Risco Alto,Baixa
sábado,BR-101,257.9,Pleno dia,Crescente,Sol,Dupla,Reta,-20.12909,-40.30812,DEL02-ES,Risco Médio,Alta
sábado,BR-381,912.8,Pleno dia,Decrescente,Chuva,Dupla,Curva,-22.71211,-46.12191,DEL16-MG,Risco Baixo,Alta
domingo,BR-116,218.0,Plena Noite,Decrescente,Chuva,Dupla,Curva,-22.6867,-43.8113,DEL07-RJ,Risco Médio,Alta
terça-feira,BR-163,289.0,Anoitecer,Crescente,Chuva,Dupla,Curva,-24.5197,-54.0716,DEL06-PR,Risco Médio,Alta
quarta-feira,BR-381,54.0,Pleno dia,Decrescente,Garoa/Chuvisco,Dupla,Reta,-23.24491,-46.59562,DEL03-SP,Risco Médio,Alta
quarta-feira,BR-343,348.9,Pleno dia,Crescente,Céu Claro,Simples,Reta,-5.121908,-42.79342,DEL01-PI,Risco Médio,Baixa
terça-feira,BR-465,20.0,Plena Noite,Crescente,Céu Claro,Simples,Reta,-22.84683,-43.60534,DEL01-RJ,Risco Baixo,Baixa
sexta-feira,BR-116,303.0,Anoitecer,Decrescente,Chuva,Dupla,Desvio Temporário,-23.82761,-46.92631,DEL04-SP,Risco Médio,Alta
sexta-feira,BR-488,3.0,Plena Noite,Crescente,Céu Claro,Dupla,Curva,-22.85506,-45.24342,DEL08-SP,Risco Médio,Baixa
sábado,BR-235,48.0,Plena Noite,Decrescente,Céu Claro,Simples,Reta,-10.72439,-37.41708,DEL01-SE,Risco Baixo,Baixa
sexta-feira,BR-101,52.0,Plena Noite,Crescente,Chuva,Simples,Curva,-23.4655,-45.06207,DEL06-SP,Risco Médio,Alta
sexta-feira,BR-277,33.1,Pleno dia,Decrescente,Sol,Dupla,Curva,-25.56717,-48.81089,DEL01-PR,Risco Médio,Média
sábado,BR-60,137.5,Plena Noite,Crescente,Céu Claro,Simples,Interseção de vias,-16.603,-49.2023,DEL01-GO,Risco Médio,Média
segunda-feira,BR-376,3.7,Pleno dia,Decrescente,Chuva,Dupla,Reta,-25.54109,-49.19118,DEL01-PR,Risco Médio,Baixa
quinta-feira,BR-116,280.0,Pleno dia,Crescente,Céu Claro,Dupla,Reta,-23.66996,-46.85591,DEL04-SP,Risco Baixo,Alta
quarta-feira,BR-365,418.0,Pleno dia,Crescente,Céu Claro,Dupla,Interseção de vias,-18.69067,-46.58674,DEL10-MG,Risco Médio,Média
domingo,BR-101,142.3,Pleno dia,Crescente,Nublado,Múltipla,Desvio Temporário,-27.05609,-48.59945,DEL04-SC,Risco Médio,Alta
domingo,BR-101,120.0,Plena Noite,Decrescente,Céu Claro,Simples,Reta,-22.0232,-41.6897,DEL08-RJ,Risco Médio,Alta
sexta-feira,BR-116,123.0,Plena Noite,Crescente,Chuva,Dupla,Não Informado,-22.64724,-43.18729,DEL04-RJ,Risco Médio,Alta
terça-feira,BR-267,521.8,Plena Noite,Crescente,Céu Claro,Simples,Reta,-21.51222,-56.49841,DEL05-MS,Risco Alto,Baixa
terça-feira,BR-163,91.0,Plena Noite,Decrescente,Chuva,Simples,Reta,-23.36116,-54.21471,DEL09-MS,Risco Baixo,Alta
segunda-feira,BR-316,125.0,Pleno dia,Decrescente,Sol,Simples,Reta,-1.307584,-47.39115,DEL01-PA,Risco Médio,Baixa
sábado,BR-316,4.9,Pleno dia,Crescente,Céu Claro,Múltipla,Interseção de vias,-5.144075,-42.77813,DEL01-PI,Risco Médio,Baixa
sexta-feira,BR-101,160.0,Pleno dia,Crescente,Nublado,Simples,Reta,-12.34782,-38.77031,DEL01-BA,Risco Baixo,Alta
sexta-feira,BR-376,183.9,Pleno dia,Decrescente,Céu Claro,Dupla,Reta,-23.44159,-51.87067,DEL07-PR,Risco Médio,Baixa
sábado,BR-319,63.8,Pleno dia,Crescente,Nublado,Dupla,Reta,-8.766497,-63.88414,DEL01-RO,Risco Baixo,Baixa
quinta-feira,BR-101,558.0,Plena Noite,Decrescente,Céu Claro,Simples,Reta,-15.1801,-39.4309,DEL05-BA,Risco Médio,Alta
quarta-feira,BR-40,12.8,Pleno dia,Crescente,Sol,Dupla,Reta,-16.15037,-47.94058,DEL01-DF,Risco Baixo,Alta
quinta-feira,BR-471,673.7,Plena Noite,Decrescente,Céu Claro,Simples,Reta,-33.63484,-53.41805,DEL07-RS,Risco Baixo,Baixa
sexta-feira,BR-376,188.0,Pleno dia,Crescente,Céu Claro,Dupla,Reta,-23.4639,-51.8324,DEL07-PR,Risco Médio,Baixa
quinta-feira,BR-116,827.0,Pleno dia,Crescente,Nublado,Simples,Reta,-14.82538,-40.82217,DEL08-BA,Risco Baixo,Alta
terça-feira,BR-285,173.3,Plena Noite,Decrescente,Céu Claro,Simples,Reta,-28.32017,-51.34388,DEL08-RS,Risco Médio,Baixa
terça-feira,BR-163,484.9,Pleno dia,Crescente,Nevoeiro/Neblina,Simples,Reta,-20.44285,-54.54188,DEL01-MS,Risco Médio,Alta
sábado,BR-50,233.7,Plena Noite,Decrescente,Céu Claro,Dupla,Não Informado,-17.8272,-47.7732,DEL06-GO,Risco Médio,Média
quinta-feira,BR-153,48.0,Pleno dia,Decrescente,Céu Claro,Simples,Reta,-20.69097,-49.33981,DEL09-SP,Risco Alto,Alta
terça-feira,BR-116,180.7,Pleno dia,Decrescente,Sol,Simples,Curva,-27.27041,-50.44097,DEL05-SC,Risco Baixo,Alta
quarta-feira,BR-101,215.5,Pleno dia,Crescente,Nublado,Simples,Reta,-27.65678,-48.67687,DEL01-SC,Risco Baixo,Alta
quarta-feira,BR-10,373.0,Pleno dia,Decrescente,Céu Claro,Simples,Reta,-4.487131,-47.50763,DEL04-MA,Risco Médio,Baixa
quinta-feira,BR-40,3.3,Pleno dia,Decrescente,Céu Claro,Dupla,Reta,-16.07896,-47.98594,DEL01-DF,Risco Médio,Alta
segunda-feira,BR-174,504.0,Pleno dia,Crescente,Céu Claro,Múltipla,Reta,2.801374,-60.6948,DEL01-RR,Risco Médio,Baixa
sábado,BR-163,279.7,Plena Noite,Decrescente,Ignorado,Dupla,Retorno Regulamentado,-22.1437,-54.62686,DEL04-MS,Risco Baixo,Alta
quarta-feira,BR-356,266.0,Pleno dia,Crescente,Céu Claro,Simples,Interseção de vias,-21.1255,-42.3686,DEL07-MG,Risco Médio,Baixa
quarta-feira,BR-101,17.6,Pleno dia,Decrescente,Chuva,Dupla,Reta,-26.12449,-48.88504,DEL03-SC,Risco Médio,Alta
sábado,BR-40,0.3,Plena Noite,Crescente,Garoa/Chuvisco,Dupla,Interseção de vias,-15.9769,-47.99013,DEL01-DF,Risco Médio,Alta
domingo,BR-101,289.0,Plena Noite,Crescente,Céu Claro,Dupla,Não Informado,-20.28595,-40.39253,DEL01-ES,Risco Médio,Alta
domingo,BR-393,104.0,Plena Noite,Decrescente,Nublado,Simples,Reta,-21.99548,-42.91481,DEL06-RJ,Risco Médio,Média
domingo,BR-470,176.0,Anoitecer,Crescente,Chuva,Simples,Reta,-28.95769,-51.56158,DEL06-RS,Risco Médio,Baixa
segunda-feira,BR-280,124.2,Pleno dia,Decrescente,Sol,Simples,Não Informado,-26.2413,-49.47514,DEL06-SC,Risco Médio,Baixa
sexta-feira,BR-116,220.3,Pleno dia,Crescente,Céu Claro,Múltipla,Reta,-23.467,-46.505,DEL01-SP,Risco Médio,Alta
segunda-feira,BR-146,426.9,Pleno dia,Crescente,Céu Claro,Simples,Não Informado,-21.35843,-46.47338,DEL09-MG,Risco Médio,Baixa
quarta-feira,BR-116,265.5,Pleno dia,Decrescente,Céu Claro,Múltipla,Interseção de vias,-29.92341,-51.17781,DEL01-RS,Risco Médio,Alta
segunda-feira,BR-116,74.9,Pleno dia,Crescente,Chuva,Simples,Curva,-22.37055,-42.94956,DEL04-RJ,Risco Médio,Alta
sexta-feira,BR-343,106.0,Plena Noite,Decrescente,Céu Claro,Simples,Reta,-3.622775,-41.6864,DEL05-PI,Risco Alto,Baixa
segunda-feira,BR-364,12.0,Pleno dia,Decrescente,Nublado,Dupla,Rotatória,-12.7437,-60.12148,DEL04-RO,Risco Médio,Alta
quarta-feira,BR-476,127.3,Plena Noite,Decrescente,Céu Claro,Dupla,Curva,-25.42985,-49.22919,DEL01-PR,Risco Baixo,Baixa
domingo,BR-40,13.0,Pleno dia,Decrescente,Sol,Simples,Curva,-22.13432,-43.15938,DEL06-RJ,Risco Médio,Alta
segunda-feira,BR-376,181.0,Pleno dia,Decrescente,Céu Claro,Dupla,Rotatória,-23.43218,-51.88748,DEL07-PR,Risco Médio,Baixa
domingo,BR-116,145.9,Pleno dia,Decrescente,Céu Claro,Dupla,Reta,-29.13502,-51.13028,DEL05-RS,Risco Médio,Alta
domingo,BR-259,4.0,Pleno dia,Crescente,Céu Claro,Simples,Reta,-19.73755,-40.37748,DEL02-ES,Risco Médio,Baixa
domingo,BR-116,249.0,Amanhecer,Crescente,Nublado,Múltipla,Reta,-29.78318,-51.16099,DEL01-RS,Risco Médio,Alta
segunda-feira,BR-101,247.2,Pleno dia,Crescente,Nublado,Simples,Retorno Regulamentado,-20.06808,-40.36744,DEL02-ES,Risco Médio,Alta
sexta-feira,BR-376,537.7,Plena Noite,Crescente,Céu Claro,Dupla,Reta,-25.34513,-49.84516,DEL03-PR,Risco Baixo,Baixa
terça-feira,BR-101,43.0,Pleno dia,Crescente,Sol,Dupla,Não Informado,-26.33658,-48.85964,DEL03-SC,Risco Baixo,Alta
segunda-feira,BR-116,141.0,Plena Noite,Decrescente,Céu Claro,Simples,Reta,-29.1121,-51.1111,DEL05-RS,Risco Baixo,Alta
quinta-feira,BR-60,116.0,Plena Noite,Crescente,Céu Claro,Dupla,Curva,-16.4732,-49.0789,DEL01-GO,Risco Médio,Média
sábado,BR-376,283.0,Plena Noite,Decrescente,Céu Claro,Simples,Reta,-23.84361,-51.25874,DEL07-PR,Risco Baixo,Baixa
sexta-feira,BR-40,608.0,Plena Noite,Decrescente,Céu Claro,Simples,Reta,-20.4876,-43.83758,DEL05-MG,Risco Médio,Alta
segunda-feira,BR-116,125.0,Pleno dia,Crescente,Sol,Dupla,Reta,-25.59505,-49.31631,DEL01-PR,Risco Médio,Alta
quarta-feira,BR-40,102.0,Plena Noite,Crescente,Céu Claro,Dupla,Reta,-22.61089,-43.28656,DEL01-RJ,Risco Baixo,Alta
segunda-feira,BR-116,505.9,Pleno dia,Decrescente,Céu Claro,Simples,Reta,-19.60309,-42.11377,DEL06-MG,Risco Médio,Alta
sábado,BR-80,180.1,Plena Noite,Crescente,Céu Claro,Simples,Reta,-15.20888,-48.69731,DEL07-GO,Risco Médio,Baixa
segunda-feira,BR-101,13.0,Plena Noite,Decrescente,Nublado,Dupla,Reta,-6.60751,-35.13956,DEL01-PB,Risco Alto,Alta
sexta-feira,BR-116,223.0,Pleno dia,Crescente,Nublado,Múltipla,Reta,-23.4756,-46.52466,DEL01-SP,Risco Médio,Alta
quarta-feira,BR-101,97.0,Plena Noite,Decrescente,Nublado,Dupla,Curva,-26.72824,-48.70225,DEL03-SC,Risco Baixo,Alta
domingo,BR-356,7.0,Pleno dia,Decrescente,Céu Claro,Simples,Reta,-21.17306,-42.10649,DEL08-RJ,Risco Médio,Baixa
quinta-feira,BR-230,45.5,Pleno dia,Decrescente,Céu Claro,Dupla,Reta,-7.1583,-35.0176,DEL01-PB,Risco Médio,Baixa
sexta-feira,BR-282,6.0,Plena Noite,Crescente,Nublado,Dupla,Curva,-27.59194,-48.61824,DEL01-SC,Risco Médio,Baixa
domingo,BR-116,80.3,Pleno dia,Decrescente,Sol,Simples,Interseção de vias,-22.41465,-42.95028,DEL04-RJ,Risco Alto,Alta
sexta-feira,BR-116,143.1,Pleno dia,Decrescente,Céu Claro,Dupla,Reta,-23.17853,-45.83794,DEL06-SP,Risco Médio,Alta
quarta-feira,BR-116,274.5,Plena Noite,Decrescente,Céu Claro,Dupla,Reta,-23.618,-46.79678,DEL04-SP,Risco Médio,Alta
quarta-feira,BR-163,831.0,Pleno dia,Crescente,Céu Claro,Dupla,Não Informado,-11.89239,-55.50311,DEL06-MT,Risco Baixo,Alta
sexta-feira,BR-116,416.8,Pleno dia,Crescente,Céu Claro,Simples,Reta,-18.89215,-41.947,DEL06-MG,Risco Médio,Alta
sábado,BR-101,208.5,Plena Noite,Decrescente,Nublado,Múltipla,Reta,-27.60328,-48.63202,DEL01-SC,Risco Médio,Alta
domingo,BR-60,119.9,Pleno dia,Decrescente,Sol,Dupla,Não Informado,-16.4914,-49.0999,DEL01-GO,Risco Médio,Média
sexta-feira,BR-376,2.0,Plena Noite,Crescente,Nublado,Dupla,Reta,-25.5307,-49.1958,DEL01-PR,Risco Médio,Baixa
terça-feira,BR-101,365.5,Pleno dia,Decrescente,Céu Claro,Dupla,Reta,-28.6829,-49.14759,DEL02-SC,Risco Médio,Alta
sexta-feira,BR-153,370.7,Plena Noite,Crescente,Céu Claro,Simples,Reta,-25.78077,-50.84944,DEL03-PR,Risco Médio,Alta
quarta-feira,BR-230,42.0,Pleno dia,Decrescente,Sol,Simples,Desvio Temporário,-6.643268,-43.34557,DEL03-PI,Risco Médio,Baixa
quinta-feira,BR-282,389.9,Pleno dia,Crescente,Céu Claro,Simples,Rotatória,-27.1786,-51.54137,DEL07-SC,Risco Médio,Baixa
sábado,BR-40,791.6,Plena Noite,Crescente,Céu Claro,Dupla,Reta,-21.77922,-43.42576,DEL05-MG,Risco Médio,Alta
terça-feira,BR-364,342.5,Pleno dia,Decrescente,Nublado,Dupla,Não Informado,-10.88161,-61.94143,DEL02-RO,Risco Médio,Alta
segunda-feira,BR-420,70.1,Pleno dia,Crescente,Nublado,Dupla,Reta,-12.79653,-38.40609,DEL01-BA,Risco Baixo,Baixa
domingo,BR-251,519.9,Amanhecer,Crescente,Nublado,Simples,Desvio Temporário,-16.6636,-43.77731,DEL12-MG,Risco Médio,Baixa
quinta-feira,BR-101,71.0,Pleno dia,Crescente,Sol,Múltipla,Reta,-26.51865,-48.71875,DEL03-SC,Risco Médio,Alta
sábado,BR-369,189.0,Pleno dia,Crescente,Céu Claro,Dupla,Não Informado,-23.44146,-51.42277,DEL07-PR,Risco Baixo,Baixa
domingo,BR-381,892.8,Pleno dia,Crescente,Céu Claro,Dupla,Reta,-22.55839,-46.0399,DEL16-MG,Risco Baixo,Alta
domingo,BR-101,136.0,Plena Noite,Crescente,Céu Claro,Dupla,Reta,-27.00811,-48.61724,DEL04-SC,Risco Médio,Alta
sexta-feira,BR-364,596.0,Pleno dia,Decrescente,Céu Claro,Simples,Reta,-14.47192,-56.24313,DEL01-MT,Risco Médio,Alta
quinta-feira,BR-10,128.8,Plena Noite,Decrescente,Céu Claro,Simples,Rotatória,-6.558427,-47.45019,DEL04-MA,Risco Médio,Baixa
quarta-feira,BR-153,505.0,Pleno dia,Crescente,Céu Claro,Simples,Curva,-26.53939,-51.42151,DEL02-PR,Risco Baixo,Alta
segunda-feira,BR-343,14.0,Amanhecer,Decrescente,Céu Claro,Dupla,Reta,-2.927902,-41.7535,DEL05-PI,Risco Baixo,Baixa
domingo,BR-116,320.0,Pleno dia,Decrescente,Céu Claro,Dupla,Curva,-23.93226,-47.00835,DEL04-SP,Risco Médio,Alta
quinta-feira,BR-282,217.9,Pleno dia,Decrescente,Sol,Dupla,Reta,-27.79792,-50.30294,DEL05-SC,Risco Médio,Baixa
sábado,BR-359,2.0,Pleno dia,Crescente,Céu Claro,Simples,Rotatória,-18.2006,-53.12416,DEL06-MS,Risco Baixo,Baixa
segunda-feira,BR-101,83.1,Pleno dia,Crescente,Sol,Dupla,Reta,-7.135322,-34.92792,DEL01-PB,Risco Baixo,Alta
segunda-feira,BR-40,21.0,Plena Noite,Decrescente,Céu Claro,Dupla,Reta,-16.21855,-47.9155,DEL01-DF,Risco Médio,Alta
domingo,BR-153,182.2,Pleno dia,Decrescente,Céu Claro,Múltipla,Reta,-14.36089,-49.15846,DEL07-GO,Risco Baixo,Alta
quinta-feira,BR-282,532.8,Pleno dia,Decrescente,Céu Claro,Simples,Reta,-26.99592,-52.62239,DEL07-SC,Risco Alto,Baixa
quarta-feira,BR-116,778.0,Plena Noite,Crescente,Céu Claro,Simples,Reta,-14.67326,-40.48838,DEL08-BA,Risco Médio,Alta
sexta-feira,BR-158,706.9,Pleno dia,Crescente,Céu Claro,Simples,Reta,-16.2476,-57.47712,DEL07-MT,Risco Baixo,Baixa
quarta-feira,BR-262,150.0,Pleno dia,Crescente,Céu Claro,Simples,Curva,-20.2172,-41.4449,DEL01-ES,Risco Médio,Média
sábado,BR-242,422.0,Plena Noite,Decrescente,Nublado,Simples,Reta,-12.42108,-41.83843,DEL06-BA,Risco Médio,Baixa
terça-feira,BR-381,820.0,Plena Noite,Crescente,Céu Claro,Dupla,Reta,-22.10811,-45.74028,DEL16-MG,Risco Médio,Alta
domingo,BR-277,594.0,Plena Noite,Decrescente,Céu Claro,Simples,Interseção de vias,-25.02817,-53.55983,DEL04-PR,Risco Médio,Média
sexta-feira,BR-324,573.0,Pleno dia,Decrescente,Sol,Dupla,Reta,-12.5659,-38.55439,DEL01-BA,Risco Médio,Baixa