dia_semana,br,km,fase_dia,sentido_via,condicao_metereologica,tipo_pista,tracado_via,latitude,longitude,delegacia,classificacao_acidente,postos_policiais_PRF
quinta-feira,BR-476,125.4,Pleno dia,Crescente,Céu Claro,Múltipla,Não Informado,-25.4083,-49.21966,DEL01-PR,Risco Baixo,Baixa
quarta-feira,BR-381,532.0,Pleno dia,Crescente,Céu Claro,Dupla,Não Informado,-20.16458,-44.36657,DEL04-MG,Risco Médio,Alta
sábado,BR-230,346.3,Pleno dia,Decrescente,Céu Claro,Simples,Reta,-6.967205,-37.35578,DEL03-PB,Risco Médio,Baixa
terça-feira,BR-324,298.0,Amanhecer,Crescente,Garoa/Chuvisco,Simples,Curva,-11.19561,-40.49679,DEL04-BA,Risco Médio,Baixa
sexta-feira,BR-153,676.0,Plena Noite,Crescente,Nublado,Dupla,Não Informado,-18.1933,-49.2847,DEL03-GO,Risco Baixo,Alta
terça-feira,BR-381,921.2,Pleno dia,Crescente,Sol,Dupla,Não Informado,-22.76293,-46.1705,DEL16-MG,Risco Médio,Alta
terça-feira,BR-163,614.7,Plena Noite,Crescente,Céu Claro,Simples,Reta,-19.39631,-54.56716,DEL06-MS,Risco Médio,Alta
terça-feira,BR-476,28.0,Amanhecer,Crescente,Garoa/Chuvisco,Simples,Curva,-24.80002,-49.04036,DEL01-PR,Risco Baixo,Baixa
quinta-feira,BR-304,37.0,Pleno dia,Decrescente,Céu Claro,Dupla,Não Informado,-5.174559,-37.36227,DEL04-RN,Risco Médio,Baixa
sexta-feira,BR-376,191.4,Pleno dia,Crescente,Nublado,Dupla,Curva,-23.48088,-51.82242,DEL07-PR,Risco Médio,Baixa
sábado,BR-242,797.0,Amanhecer,Decrescente,Céu Claro,Simples,Reta,-12.12782,-45.02202,DEL10-BA,Risco Médio,Baixa
quarta-feira,BR-116,444.1,Pleno dia,Decrescente,Céu Claro,Dupla,Reta,-24.49129,-47.83615,DEL05-SP,Risco Médio,Alta
terça-feira,BR-101,292.0,Pleno dia,Crescente,Céu Claro,Dupla,Reta,-20.32917,-40.39948,DEL01-ES,Risco Médio,Alta
domingo,BR-262,37.8,Pleno dia,Decrescente,Sol,Simples,Reta,-20.78305,-51.94083,DEL07-MS,Risco Médio,Média
domingo,BR-163,61.0,Plena Noite,Crescente,Céu Claro,Simples,Reta,-23.61499,-54.22932,DEL09-MS,Risco Médio,Alta
sexta-feira,BR-277,607.0,Pleno dia,Crescente,Céu Claro,Simples,Reta,-25.03814,-53.59653,DEL05-PR,Risco Médio,Média
segunda-feira,BR-262,160.0,Plena Noite,Decrescente,Ignorado,Simples,Desvio Temporário,-20.45265,-53.02517,DEL07-MS,Risco Médio,Média
quarta-feira,BR-116,495.0,Pleno dia,Crescente,Céu Claro,Dupla,Reta,-24.75316,-48.15808,DEL05-SP,Risco Médio,Alta
segunda-feira,BR-153,63.8,Plena Noite,Decrescente,Chuva,Dupla,Curva,-20.8277,-49.35928,DEL09-SP,Risco Médio,Alta
terça-feira,BR-470,197.0,Pleno dia,Crescente,Nevoeiro/Neblina,Simples,Não Informado,-27.30617,-50.10885,DEL04-SC,Risco Médio,Baixa
quarta-feira,BR-101,879.0,Pleno dia,Decrescente,Céu Claro,Simples,Reta,-17.55321,-39.72313,DEL09-BA,Risco Médio,Alta
quarta-feira,BR-40,21.8,Anoitecer,Decrescente,Céu Claro,Dupla,Reta,-16.22598,-47.91419,DEL01-DF,Risco Médio,Alta
sexta-feira,BR-116,179.0,Pleno dia,Decrescente,Céu Claro,Dupla,Reta,-22.7699,-43.40804,DEL01-RJ,Risco Médio,Alta
sábado,BR-101,799.0,Pleno dia,Crescente,Nublado,Simples,Reta,-17.13274,-39.57002,DEL09-BA,Risco Médio,Alta
segunda-feira,BR-364,369.6,Pleno dia,Decrescente,Céu Claro,Simples,Reta,-15.70803,-55.70366,DEL02-MT,Risco Médio,Alta
segunda-feira,BR-163,951.0,Pleno dia,Crescente,Céu Claro,Simples,Não Informado,-10.87478,-55.19737,DEL06-MT,Risco Médio,Alta
sexta-feira,BR-153,304.0,Plena Noite,Decrescente,Céu Claro,Simples,Não Informado,-15.28742,-49.56578,DEL02-GO,Risco Alto,Alta
quarta-feira,BR-364,713.0,Pleno dia,Crescente,Céu Claro,Dupla,Interseção de vias,-8.771232,-63.8821,DEL01-RO,Risco Baixo,Alta
segunda-feira,BR-364,271.0,Pleno dia,Crescente,Céu Claro,Dupla,Reta,-15.96963,-54.95363,DEL02-MT,Risco Médio,Alta
terça-feira,BR-20,416.9,Pleno dia,Decrescente,Sol,Dupla,Reta,-3.835005,-38.61107,DEL01-CE,Risco Médio,Baixa
quarta-feira,BR-267,55.5,Plena Noite,Crescente,Céu Claro,Simples,Reta,-21.7223,-43.01259,DEL07-MG,Risco Médio,Baixa
terça-feira,BR-277,584.0,Pleno dia,Decrescente,Garoa/Chuvisco,Dupla,Interseção de vias,-24.96509,-53.40803,DEL04-PR,Risco Médio,Média
quarta-feira,BR-116,140.0,Pleno dia,Crescente,Céu Claro,Dupla,Reta,-22.64662,-43.21112,DEL04-RJ,Risco Médio,Alta
sábado,BR-104,114.3,Plena Noite,Crescente,Céu Claro,Simples,Reta,-7.162014,-35.85712,DEL02-PB,Risco Médio,Baixa
terça-feira,BR-104,182.1,Pleno dia,Decrescente,Céu Claro,Simples,Interseção de vias,-7.64439,-36.07762,DEL02-PB,Risco Médio,Baixa
sábado,BR-470,206.8,Pleno dia,Crescente,Céu Claro,Simples,Reta,-29.09508,-51.54803,DEL06-RS,Risco Médio,Baixa
terça-feira,BR-101,294.0,Anoitecer,Decrescente,Ignorado,Dupla,Curva,-28.3173,-48.7262,DEL02-SC,Risco Médio,Alta
sábado,BR-285,273.0,Plena Noite,Decrescente,Céu Claro,Simples,Curva,-28.26563,-52.20804,DEL08-RS,Risco Médio,Baixa
segunda-feira,BR-153,346.7,Plena Noite,Crescente,Garoa/Chuvisco,Simples,Não Informado,-8.943845,-48.50359,DEL02-TO,Risco Alto,Alta
domingo,BR-262,163.9,Amanhecer,Crescente,Chuva,Simples,Curva,-20.23781,-41.53986,DEL01-ES,Risco Médio,Média
sexta-feira,BR-163,842.0,Plena Noite,Crescente,Nublado,Simples,Reta,-11.9248,-55.51178,DEL06-MT,Risco Baixo,Alta
quinta-feira,BR-364,99.8,Plena Noite,Crescente,Céu Claro,Simples,Reta,-16.84505,-53.77266,DEL02-MT,Risco Médio,Alta
quinta-feira,BR-163,539.0,Anoitecer,Crescente,Chuva,Simples,Reta,-14.39101,-56.11636,DEL01-MT,Risco Baixo,Alta
domingo,BR-282,16.0,Plena Noite,Crescente,Céu Claro,Dupla,Reta,-27.65861,-48.68185,DEL01-SC,Risco Médio,Baixa
quinta-feira,BR-277,587.0,Anoitecer,Crescente,Céu Claro,Simples,Interseção de vias,-24.96941,-53.4296,DEL04-PR,Risco Médio,Média
sábado,BR-40,624.7,Pleno dia,Decrescente,Sol,Simples,Não Informado,-20.62091,-43.80662,DEL05-MG,Risco Médio,Alta
sexta-feira,BR-60,42.4,Pleno dia,Decrescente,Nublado,Dupla,Rotatória,-16.8101,-49.2397,DEL01-GO,Risco Baixo,Média
domingo,BR-116,95.0,Plena Noite,Decrescente,Nevoeiro/Neblina,Dupla,Reta,-25.4972,-49.11762,DEL01-PR,Risco Médio,Alta
sexta-feira,BR-101,179.7,Pleno dia,Crescente,Céu Claro,Dupla,Curva,-9.888025,-36.39256,DEL02-AL,Risco Médio,Alta
quarta-feira,BR-232,7.0,Pleno dia,Decrescente,Céu Claro,Dupla,Reta,-8.073335,-34.96184,DEL01-PE,Risco Baixo,Baixa
terça-feira,BR-282,396.0,Pleno dia,Crescente,Céu Claro,Simples,Reta,-27.15537,-51.60159,DEL07-SC,Risco Médio,Baixa
sábado,BR-153,153.0,Plena Noite,Decrescente,Céu Claro,Simples,Reta,-7.272882,-48.26626,DEL02-TO,Risco Baixo,Alta
terça-feira,BR-267,66.3,Pleno dia,Crescente,Céu Claro,Simples,Reta,-21.7429,-43.1287,DEL05-MG,Risco Médio,Baixa
domingo,BR-101,192.0,Plena Noite,Decrescente,Céu Claro,Dupla,Curva,-27.48444,-48.64765,DEL01-SC,Risco Médio,Alta
sexta-feira,BR-40,677.6,Plena Noite,Crescente,Céu Claro,Simples,Reta,-21.03317,-43.77718,DEL05-MG,Risco Baixo,Alta
sábado,BR-230,403.9,Pleno dia,Crescente,Céu Claro,Simples,Reta,-7.520746,-46.03737,DEL05-MA,Risco Médio,Baixa
sábado,BR-101,11.5,Pleno dia,Crescente,Céu Claro,Dupla,Reta,-26.07203,-48.86101,DEL03-SC,Risco Médio,Alta
segunda-feira,BR-232,79.9,Plena Noite,Decrescente,Nublado,Simples,Reta,-8.194606,-35.56075,DEL02-PE,Risco Médio,Baixa
sábado,BR-116,49.0,Pleno dia,Decrescente,Céu Claro,Simples,Curva,-28.56891,-51.00387,DEL05-RS,Risco Médio,Alta
terça-feira,BR-267,121.7,Pleno dia,Decrescente,Nublado,Simples,Reta,-21.70761,-43.48019,DEL05-MG,Risco Médio,Baixa
domingo,BR-153,641.0,Pleno dia,Decrescente,Céu Claro,Simples,Reta,-11.4507,-48.9915,DEL02-TO,Risco Médio,Alta
sexta-feira,BR-116,769.0,Pleno dia,Decrescente,Céu Claro,Simples,Curva,-21.54856,-42.66481,DEL07-MG,Risco Médio,Alta
sexta-feira,BR-153,344.0,Anoitecer,Decrescente,Céu Claro,Simples,Reta,-8.919771,-48.50958,DEL02-TO,Risco Médio,Alta
quarta-feira,BR-235,35.0,Plena Noite,Crescente,Céu Claro,Simples,Não Informado,-10.7616,-37.3189,DEL01-SE,Risco Médio,Baixa
domingo,BR-262,88.0,Anoitecer,Crescente,Céu Claro,Simples,Reta,-20.33468,-42.44701,DEL03-MG,Risco Médio,Média
terça-feira,BR-101,318.3,Plena Noite,Decrescente,Céu Claro,Múltipla,Reta,-28.42665,-48.8616,DEL02-SC,Risco Médio,Alta
terça-feira,BR-163,328.0,Plena Noite,Decrescente,Céu Claro,Simples,Reta,-21.74159,-54.51523,DEL02-MS,Risco Médio,Alta
sábado,BR-423,27.4,Plena Noite,Crescente,Nublado,Simples,Reta,-8.39549,-36.18078,DEL02-PE,Risco Alto,Baixa
sexta-feira,BR-277,7.0,Plena Noite,Decrescente,Chuva,Dupla,Reta,-25.5205,-48.5095,DEL01-PR,Risco Baixo,Média
domingo,BR-267,218.5,Anoitecer,Decrescente,Nublado,Simples,Não Informado,-21.93563,-44.20174,DEL05-MG,Risco Alto,Baixa
sábado,BR-376,635.0,Pleno dia,Crescente,Céu Claro,Dupla,Reta,-25.7389,-49.13059,DEL01-PR,Risco Médio,Baixa
quarta-feira,BR-476,130.3,Anoitecer,Crescente,Chuva,Múltipla,Reta,-25.45203,-49.23966,DEL01-PR,Risco Médio,Baixa
sexta-feira,BR-40,41.8,Pleno dia,Crescente,Céu Claro,Simples,Desvio Temporário,-17.21708,-46.86729,DEL14-MG,Risco Médio,Alta
domingo,BR-230,29.0,Pleno dia,Crescente,Céu Claro,Dupla,Reta,-7.1622,-34.9031,DEL01-PB,Risco Médio,Baixa
quarta-feira,BR-364,710.0,Pleno dia,Decrescente,Céu Claro,Dupla,Retorno Regulamentado,-8.786216,-63.85713,DEL01-RO,Risco Médio,Alta
sexta-feira,BR-381,482.0,Plena Noite,Decrescente,Chuva,Dupla,Reta,-19.95553,-44.09721,DEL01-MG,Risco Baixo,Alta
quarta-feira,BR-116,150.0,Pleno dia,Crescente,Garoa/Chuvisco,Dupla,Reta,-29.16843,-51.15834,DEL05-RS,Risco Médio,Alta
terça-feira,BR-262,653.6,Plena Noite,Decrescente,Chuva,Simples,Desvio Temporário,-19.58221,-46.7088,DEL08-MG,Risco Médio,Média
terça-feira,BR-381,344.0,Pleno dia,Crescente,Céu Claro,Simples,Reta,-19.7784,-43.0437,DEL03-MG,Risco Médio,Alta
quarta-feira,BR-222,673.0,Pleno dia,Crescente,Céu Claro,Simples,Não Informado,-4.953885,-47.48822,DEL04-MA,Risco Médio,Baixa
sexta-feira,BR-381,940.7,Pleno dia,Crescente,Chuva,Dupla,Reta,-22.82425,-46.30925,DEL16-MG,Risco Médio,Alta
sábado,BR-40,142.8,Plena Noite,Crescente,Céu Claro,Simples,Reta,-17.74531,-46.17967,DEL14-MG,Risco Médio,Alta
sábado,BR-101,48.0,Plena Noite,Crescente,Chuva,Dupla,Retorno Regulamentado,-7.891747,-34.90335,DEL01-PE,Risco Médio,Alta
segunda-feira,BR-376,500.7,Plena Noite,Crescente,Nublado,Dupla,Reta,-25.16568,-50.11618,DEL03-PR,Risco Baixo,Baixa
domingo,BR-70,200.0,Amanhecer,Decrescente,Céu Claro,Simples,Reta,-15.713,-53.7461,DEL05-MT,Risco Baixo,Baixa
terça-feira,BR-101,203.0,Plena Noite,Crescente,Nublado,Múltipla,Reta,-27.565,-48.6146,DEL01-SC,Risco Médio,Alta
quinta-feira,BR-369,154.1,Pleno dia,Crescente,Céu Claro,Dupla,Reta,-23.31075,-51.1632,DEL07-PR,Risco Médio,Baixa
terça-feira,BR-428,191.0,Plena Noite,Decrescente,Nublado,Múltipla,Reta,-9.383524,-40.51715,DEL06-PE,Risco Médio,Baixa
quinta-feira,BR-116,220.6,Pleno dia,Crescente,Sol,Múltipla,Reta,-23.46473,-46.49794,DEL01-SP,Risco Médio,Alta
terça-feira,BR-262,152.0,Plena Noite,Decrescente,Nublado,Simples,Desvio Temporário,-19.98745,-42.79184,DEL03-MG,Risco Médio,Média
quarta-feira,BR-480,130.0,Pleno dia,Decrescente,Céu Claro,Simples,Curva,-27.05534,-52.63652,DEL07-SC,Risco Médio,Baixa
sábado,BR-101,296.2,Plena Noite,Crescente,Céu Claro,Dupla,Curva,-22.7472,-42.8585,DEL02-RJ,Risco Médio,Alta
segunda-feira,BR-40,21.0,Pleno dia,Decrescente,Sol,Simples,Curva,-22.11424,-43.15859,DEL06-RJ,Risco Médio,Alta
segunda-feira,BR-364,741.8,Pleno dia,Decrescente,Céu Claro,Simples,Reta,-8.9902,-64.00358,DEL01-RO,Risco Baixo,Alta
segunda-feira,BR-135,522.0,Pleno dia,Crescente,Céu Claro,Simples,Curva,-17.98228,-44.16723,DEL02-MG,Risco Baixo,Baixa
sábado,BR-110,45.3,Pleno dia,Decrescente,Sol,Simples,Reta,-9.802444,-38.25371,DEL07-BA,Risco Médio,Baixa
sábado,BR-376,185.1,Pleno dia,Decrescente,Nublado,Dupla,Reta,-23.45147,-51.85362,DEL09-PR,Risco Médio,Baixa
domingo,BR-381,719.2,Plena Noite,Decrescente,Nublado,Dupla,Reta,-21.41865,-45.21208,DEL04-MG,Risco Baixo,Alta
segunda-feira,BR-116,561.5,Plena Noite,Decrescente,Chuva,Dupla,Curva,-25.02045,-48.51586,DEL05-SP,Risco Médio,Alta
quarta-feira,BR-116,561.0,Plena Noite,Crescente,Garoa/Chuvisco,Dupla,Curva,-25.0203,-48.5161,DEL05-SP,Risco Médio,Alta
sábado,BR-116,286.7,Amanhecer,Crescente,Garoa/Chuvisco,Simples,Curva,-17.93577,-41.52783,DEL11-MG,Risco Médio,Alta
quarta-feira,BR-101,45.0,Plena Noite,Decrescente,Céu Claro,Múltipla,Reta,-7.865213,-34.90715,DEL01-PE,Risco Alto,Alta
sexta-feira,BR-381,491.0,Pleno dia,Decrescente,Céu Claro,Dupla,Reta,-19.97018,-44.1821,DEL01-MG,Risco Médio,Alta
terça-feira,BR-316,620.0,Pleno dia,Decrescente,Céu Claro,Simples,Reta,-5.12834,-42.8216,DEL03-MA,Risco Baixo,Baixa
quinta-feira,BR-104,37.1,Plena Noite,Crescente,Garoa/Chuvisco,Simples,Reta,-9.174913,-36.02935,DEL01-AL,Risco Médio,Baixa
terça-feira,BR-280,52.4,Pleno dia,Decrescente,Céu Claro,Simples,Reta,-26.47181,-48.97232,DEL03-SC,Risco Médio,Baixa
terça-feira,BR-40,42.1,Pleno dia,Crescente,Céu Claro,Simples,Reta,-17.22063,-46.86613,DEL14-MG,Risco Médio,Alta
sexta-feira,BR-373,445.3,Pleno dia,Crescente,Céu Claro,Simples,Curva,-25.84959,-52.32825,DEL02-PR,Risco Alto,Baixa
terça-feira,BR-101,281.2,Plena Noite,Decrescente,Nublado,Dupla,Não Informado,-28.21634,-48.69983,DEL02-SC,Risco Baixo,Alta
sexta-feira,BR-476,141.5,Pleno dia,Decrescente,Nublado,Dupla,Interseção de vias,-25.54071,-49.30238,DEL01-PR,Risco Médio,Baixa
terça-feira,BR-40,108.0,Pleno dia,Crescente,Céu Claro,Dupla,Curva,-22.66477,-43.28495,DEL01-RJ,Risco Médio,Alta
domingo,BR-60,0.5,Pleno dia,Decrescente,Nublado,Dupla,Reta,-16.05489,-48.26084,DEL01-DF,Risco Médio,Média
sexta-feira,BR-364,374.0,Plena Noite,Decrescente,Céu Claro,Simples,Curva,-10.74562,-62.17736,DEL02-RO,Risco Alto,Alta
sábado,BR-116,77.7,Plena Noite,Crescente,Céu Claro,Simples,Reta,-22.39262,-42.95208,DEL04-RJ,Risco Baixo,Alta
domingo,BR-101,271.5,Pleno dia,Crescente,Chuva,Dupla,Reta,-20.2153,-40.2943,DEL02-ES,Risco Médio,Alta
quinta-feira,BR-116,258.0,Pleno dia,Decrescente,Céu Claro,Dupla,Reta,-22.5923,-44.0768,DEL07-RJ,Risco Baixo,Alta
sexta-feira,BR-285,123.2,Pleno dia,Crescente,Céu Claro,Simples,Reta,-28.49824,-50.9519,DEL05-RS,Risco Baixo,Baixa
sábado,BR-163,267.1,Plena Noite,Decrescente,Céu Claro,Dupla,Rotatória,-22.22156,-54.806,DEL04-MS,Risco Médio,Alta
sábado,BR-381,931.2,Pleno dia,Decrescente,Céu Claro,Dupla,Curva,-22.80764,-46.27637,DEL16-MG,Risco Médio,Alta
quinta-feira,BR-101,168.0,Plena Noite,Decrescente,Céu Claro,Dupla,Reta,-6.4212,-35.1241,DEL01-RN,Risco Baixo,Alta
domingo,BR-116,507.2,Pleno dia,Decrescente,Céu Claro,Dupla,Reta,-24.73659,-48.12319,DEL05-SP,Risco Baixo,Alta
sábado,BR-163,482.8,Plena Noite,Crescente,Céu Claro,Simples,Reta,-20.46271,-54.55411,DEL01-MS,Risco Médio,Alta
sábado,BR-290,372.0,Pleno dia,Crescente,Nublado,Simples,Reta,-30.33934,-53.87907,DEL09-RS,Risco Médio,Baixa
quinta-feira,BR-60,113.0,Plena Noite,Decrescente,Nublado,Dupla,Reta,-16.45395,-49.05371,DEL01-GO,Risco Médio,Média
segunda-feira,BR-230,496.0,Pleno dia,Crescente,Sol,Simples,Reta,-6.89268,-38.48412,DEL03-PB,Risco Alto,Baixa
domingo,BR-262,56.0,Pleno dia,Crescente,Céu Claro,Simples,Interseção de vias,-20.41088,-40.75519,DEL01-ES,Risco Médio,Média
sexta-feira,BR-40,7.5,Plena Noite,Crescente,Garoa/Chuvisco,Dupla,Reta,-16.10848,-47.97252,DEL01-DF,Risco Médio,Alta
sábado,BR-381,158.0,Pleno dia,Crescente,Sol,Simples,Reta,-18.91795,-42.01337,DEL06-MG,Risco Alto,Alta
sábado,BR-381,36.0,Pleno dia,Crescente,Céu Claro,Dupla,Reta,-23.09707,-46.57181,DEL03-SP,Risco Médio,Alta
sábado,BR-116,6.8,Pleno dia,Crescente,Céu Claro,Dupla,Curva,-22.53421,-44.76078,DEL08-SP,Risco Médio,Alta
quarta-feira,BR-470,118.8,Pleno dia,Decrescente,Sol,Dupla,Interseção de vias,-27.08218,-49.51182,DEL04-SC,Risco Médio,Baixa
segunda-feira,BR-116,81.7,Pleno dia,Decrescente,Céu Claro,Simples,Reta,-4.402438,-38.42086,DEL03-CE,Risco Médio,Alta
sábado,BR-277,97.0,Plena Noite,Crescente,Céu Claro,Dupla,Interseção de vias,-25.43024,-49.34021,DEL01-PR,Risco Baixo,Média
quarta-feira,BR-153,47.0,Pleno dia,Crescente,Céu Claro,Simples,Rotatória,-27.6453,-52.24998,DEL08-RS,Risco Médio,Alta
quarta-feira,BR-116,146.0,Plena Noite,Decrescente,Nublado,Simples,Reta,-25.81397,-49.32969,DEL01-PR,Risco Baixo,Alta
segunda-feira,BR-386,289.6,Pleno dia,Decrescente,Céu Claro,Simples,Curva,-29.10667,-52.24901,DEL04-RS,Risco Médio,Média
quarta-feira,BR-101,145.8,Plena Noite,Decrescente,Céu Claro,Dupla,Não Informado,-27.08491,-48.60632,DEL04-SC,Risco Alto,Alta
sábado,BR-116,63.3,Pleno dia,Crescente,Céu Claro,Simples,Reta,-26.38297,-50.21675,DEL06-SC,Risco Médio,Alta
domingo,BR-393,295.4,Plena Noite,Decrescente,Nublado,Simples,Reta,-22.52257,-44.11613,DEL07-RJ,Risco Médio,Média
quinta-feira,BR-135,128.0,Plena Noite,Crescente,Céu Claro,Simples,Não Informado,-11.78411,-44.89345,DEL10-BA,Risco Alto,Baixa
sábado,BR-381,376.0,Pleno dia,Decrescente,Céu Claro,Simples,Curva,-19.85069,-43.21781,DEL01-MG,Risco Baixo,Alta
sábado,BR-381,402.9,Plena Noite,Decrescente,Céu Claro,Dupla,Rotatória,-19.7401,-43.5077,DEL01-MG,Risco Baixo,Alta
sexta-feira,BR-343,1.8,Plena Noite,Crescente,Céu Claro,Dupla,Interseção de vias,-2.890292,-41.66742,DEL05-PI,Risco Médio,Baixa
segunda-feira,BR-316,4.5,Amanhecer,Decrescente,Céu Claro,Dupla,Reta,-1.383413,-48.40335,DEL01-PA,Risco Médio,Baixa
quinta-feira,BR-364,223.9,Pleno dia,Crescente,Céu Claro,Simples,Desvio Temporário,-11.52022,-61.3465,DEL02-RO,Risco Médio,Alta
terça-feira,BR-343,344.7,Pleno dia,Decrescente,Garoa/Chuvisco,Múltipla,Reta,-5.099217,-42.76491,DEL01-PI,Risco Médio,Baixa
segunda-feira,BR-381,767.8,Pleno dia,Decrescente,Chuva,Dupla,Reta,-21.74944,-45.3896,DEL16-MG,Risco Médio,Alta
sexta-feira,BR-158,326.7,Pleno dia,Decrescente,Céu Claro,Simples,Reta,-29.70975,-53.80285,DEL09-RS,Risco Médio,Baixa
quarta-feira,BR-101,322.7,Plena Noite,Crescente,Céu Claro,Múltipla,Desvio Temporário,-28.42492,-48.90238,DEL02-SC,Risco Médio,Alta
domingo,BR-158,269.0,Pleno dia,Decrescente,Sol,Simples,Reta,-29.2631,-53.6663,DEL09-RS,Risco Médio,Baixa
sexta-feira,BR-428,186.2,Pleno dia,Decrescente,Céu Claro,Simples,Reta,-9.362183,-40.48166,DEL06-PE,Risco Médio,Baixa
sexta-feira,BR-163,385.3,Plena Noite,Crescente,Nublado,Simples,Reta,-21.3006,-54.4342,DEL02-MS,Risco Baixo,Alta
sábado,BR-381,932.3,Pleno dia,Decrescente,Céu Claro,Dupla,Curva,-22.79267,-46.25021,DEL16-MG,Risco Baixo,Alta
domingo,BR-40,483.0,Amanhecer,Decrescente,Céu Claro,Dupla,Reta,-19.56753,-44.23715,DEL02-MG,Risco Baixo,Alta
segunda-feira,BR-116,564.0,Amanhecer,Crescente,Céu Claro,Simples,Interseção de vias,-31.92693,-52.72685,DEL07-RS,Risco Médio,Alta
terça-feira,BR-280,123.0,Plena Noite,Decrescente,Céu Claro,Simples,Reta,-26.2442,-49.46558,DEL06-SC,Risco Médio,Baixa
segunda-feira,BR-116,407.0,Pleno dia,Crescente,Céu Claro,Simples,Curva,-18.83555,-41.98927,DEL06-MG,Risco Médio,Alta
quarta-feira,BR-381,525.5,Plena Noite,Crescente,Nublado,Dupla,Não Informado,-20.1511,-44.32625,DEL04-MG,Risco Médio,Alta
quarta-feira,BR-267,293.0,Pleno dia,Decrescente,Céu Claro,Simples,Reta,-21.77117,-54.55017,DEL02-MS,Risco Médio,Baixa
terça-feira,BR-381,733.5,Pleno dia,Decrescente,Nublado,Dupla,Não Informado,-21.56278,-45.2438,DEL16-MG,Risco Baixo,Alta
domingo,BR-101,78.0,Pleno dia,Crescente,Céu Claro,Dupla,Não Informado,-8.138188,-34.94749,DEL01-PE,Risco Baixo,Alta
terça-feira,BR-290,429.4,Plena Noite,Decrescente,Céu Claro,Simples,Reta,-30.29303,-54.43791,DEL11-RS,Risco Médio,Baixa
sábado,BR-101,577.0,Plena Noite,Crescente,Nublado,Dupla,Reta,-23.23386,-44.71592,DEL03-RJ,Risco Médio,Alta
terça-feira,BR-393,179.0,Pleno dia,Crescente,Céu Claro,Simples,Reta,-22.12695,-43.23513,DEL05-RJ,Risco Baixo,Média
sexta-feira,BR-476,122.0,Pleno dia,Decrescente,Nublado,Múltipla,Reta,-25.35892,-49.16382,DEL01-PR,Risco Médio,Baixa
segunda-feira,BR-116,852.7,Pleno dia,Crescente,Céu Claro,Simples,Desvio Temporário,-15.00472,-40.93943,DEL08-BA,Risco Médio,Alta
quarta-feira,BR-393,125.0,Plena Noite,Decrescente,Céu Claro,Dupla,Reta,-21.95405,-42.8451,DEL06-RJ,Risco Baixo,Média
sexta-feira,BR-40,444.2,Pleno dia,Crescente,Chuva,Dupla,Curva,-19.28878,-44.39262,DEL02-MG,Risco Baixo,Alta
sábado,BR-364,570.0,Pleno dia,Crescente,Céu Claro,Simples,Reta,-9.480047,-63.10189,DEL03-RO,Risco Baixo,Alta
terça-feira,BR-280,52.4,Pleno dia,Crescente,Nublado,Simples,Reta,-26.47239,-48.97404,DEL03-SC,Risco Médio,Baixa
quarta-feira,BR-116,228.0,Plena Noite,Decrescente,Céu Claro,Múltipla,Não Informado,-23.50343,-46.56639,DEL01-SP,Risco Baixo,Alta
quinta-feira,BR-101,268.0,Pleno dia,Crescente,Nublado,Simples,Reta,-20.20842,-40.2694,DEL02-ES,Risco Baixo,Alta
quarta-feira,BR-116,2.0,Pleno dia,Decrescente,Céu Claro,Dupla,Reta,-29.9906,-51.18426,DEL05-RS,Risco Médio,Alta
segunda-feira,BR-230,23.0,Pleno dia,Decrescente,Sol,Simples,Reta,-7.1562,-34.8574,DEL01-PB,Risco Médio,Baixa
domingo,BR-116,385.2,Pleno dia,Decrescente,Céu Claro,Simples,Reta,-11.91748,-38.98375,DEL02-BA,Risco Médio,Alta
segunda-feira,BR-343,340.0,Pleno dia,Crescente,Nublado,Simples,Não Informado,-5.0633,-42.7014,DEL01-PI,Risco Baixo,Baixa
segunda-feira,BR-230,136.7,Pleno dia,Crescente,Chuva,Dupla,Curva,-7.278161,-35.77198,DEL02-PB,Risco Baixo,Baixa
sexta-feira,BR-381,737.2,Pleno dia,Crescente,Céu Claro,Dupla,Curva,-21.56363,-45.24433,DEL16-MG,Risco Médio,Alta
sexta-feira,BR-277,679.5,Pleno dia,Crescente,Nublado,Dupla,Não Informado,-25.31758,-54.15684,DEL05-PR,Risco Alto,Média
terça-feira,BR-116,338.8,Pleno dia,Decrescente,Sol,Simples,Reta,-30.32784,-51.41464,DEL02-RS,Risco Baixo,Alta
domingo,BR-364,341.7,Plena Noite,Crescente,Chuva,Dupla,Reta,-10.88457,-61.93626,DEL02-RO,Risco Médio,Alta
quinta-feira,BR-316,551.0,Plena Noite,Crescente,Garoa/Chuvisco,Simples,Rotatória,-4.886555,-43.35448,DEL03-MA,Risco Baixo,Baixa
sábado,BR-116,610.2,Pleno dia,Crescente,Nevoeiro/Neblina,Simples,Reta,-20.40244,-42.1508,DEL07-MG,Risco Médio,Alta
sábado,BR-116,633.7,Pleno dia,Crescente,Céu Claro,Simples,Não Informado,-20.61606,-42.22406,DEL07-MG,Risco Médio,Alta
sexta-feira,BR-116,109.9,Anoitecer,Decrescente,Céu Claro,Simples,Não Informado,-28.9318,-51.09593,DEL05-RS,Risco Baixo,Alta
sexta-feira,BR-50,68.0,Pleno dia,Crescente,Céu Claro,Múltipla,Interseção de vias,-18.8514,-48.25346,DEL15-MG,Risco Médio,Média