dia_semana,br,km,fase_dia,sentido_via,condicao_metereologica,tipo_pista,tracado_via,latitude,longitude,delegacia,classificacao_acidente,postos_policiais_PRF
sexta-feira,BR-101,89.9,Pleno dia,Decrescente,Céu Claro,Simples,Reta,-8.22899,-34.97206,DEL01-PE,Risco Médio,Alta
segunda-feira,BR-101,334.0,Pleno dia,Crescente,Céu Claro,Dupla,Reta,-28.4673,-49.00604,DEL02-SC,Risco Médio,Alta
quarta-feira,BR-116,655.0,Pleno dia,Crescente,Céu Claro,Simples,Desvio Temporário,-13.71002,-40.0955,DEL03-BA,Risco Médio,Alta
domingo,BR-116,554.5,Pleno dia,Crescente,Céu Claro,Simples,Curva,-20.00118,-42.14034,DEL06-MG,Risco Médio,Alta
segunda-feira,BR-420,277.5,Plena Noite,Decrescente,Chuva,Simples,Não Informado,-13.26871,-39.62949,DEL01-BA,Risco Alto,Baixa
sexta-feira,BR-116,222.5,Plena Noite,Decrescente,Nublado,Múltipla,Reta,-23.47093,-46.51631,DEL01-SP,Risco Médio,Alta
quinta-feira,BR-116,92.0,Plena Noite,Decrescente,Nublado,Dupla,Reta,-25.47691,-49.09767,DEL01-PR,Risco Médio,Alta
sábado,BR-155,324.0,Pleno dia,Decrescente,Céu Claro,Simples,Reta,-5.539894,-49.07534,DEL03-PA,Risco Médio,Baixa
domingo,BR-282,468.4,Pleno dia,Crescente,Céu Claro,Simples,Não Informado,-26.85359,-52.10545,DEL07-SC,Risco Médio,Baixa
sexta-feira,BR-364,1.0,Pleno dia,Decrescente,Céu Claro,Dupla,Reta,-17.31227,-53.21828,DEL02-MT,Risco Médio,Alta
domingo,BR-393,181.0,Plena Noite,Crescente,Nublado,Simples,Curva,-22.13626,-43.25137,DEL05-RJ,Risco Médio,Média
sexta-feira,BR-232,69.0,Plena Noite,Crescente,Céu Claro,Dupla,Reta,-8.16728,-35.46431,DEL02-PE,Risco Médio,Baixa
domingo,BR-277,689.0,Pleno dia,Decrescente,Céu Claro,Dupla,Não Informado,-25.35059,-54.24065,DEL05-PR,Risco Médio,Média
segunda-feira,BR-101,69.9,Pleno dia,Crescente,Sol,Múltipla,Reta,-8.050743,-34.94581,DEL01-PE,Risco Médio,Alta
domingo,BR-427,62.5,Plena Noite,Crescente,Céu Claro,Simples,Curva,-6.576508,-36.82659,DEL03-RN,Risco Médio,Baixa
terça-feira,BR-222,192.0,Anoitecer,Decrescente,Sol,Simples,Reta,-3.793604,-40.1357,DEL04-CE,Risco Baixo,Baixa
segunda-feira,BR-381,730.7,Plena Noite,Decrescente,Ignorado,Dupla,Curva,-21.5117,-45.2167,DEL04-MG,Risco Baixo,Alta
sábado,BR-226,113.0,Pleno dia,Decrescente,Céu Claro,Simples,Curva,-6.211205,-36.01975,DEL03-RN,Risco Médio,Baixa
domingo,BR-101,257.9,Pleno dia,Crescente,Nublado,Dupla,Reta,-20.12455,-40.30332,DEL02-ES,Risco Médio,Alta
domingo,BR-316,103.0,Pleno dia,Decrescente,Garoa/Chuvisco,Simples,Ponte,-9.389313,-37.0887,DEL03-AL,Risco Médio,Baixa
domingo,BR-262,21.9,Pleno dia,Crescente,Nublado,Simples,Não Informado,-20.38054,-40.50498,DEL01-ES,Risco Médio,Média
segunda-feira,BR-116,127.0,Plena Noite,Decrescente,Nublado,Dupla,Reta,-25.62151,-49.31622,DEL01-PR,Risco Médio,Alta
domingo,BR-101,40.0,Plena Noite,Crescente,Céu Claro,Dupla,Reta,-7.821475,-34.91654,DEL01-PE,Risco Baixo,Alta
sábado,BR-101,144.0,Plena Noite,Decrescente,Nublado,Simples,Reta,-19.35188,-40.06367,DEL04-ES,Risco Médio,Alta
sexta-feira,BR-324,612.8,Pleno dia,Crescente,Céu Claro,Dupla,Reta,-12.84665,-38.41742,DEL01-BA,Risco Médio,Baixa
terça-feira,BR-470,220.5,Pleno dia,Crescente,Chuva,Simples,Não Informado,-27.30284,-50.2809,DEL05-SC,Risco Baixo,Baixa
quarta-feira,BR-316,158.4,Plena Noite,Crescente,Céu Claro,Simples,Reta,-1.26862,-47.12736,DEL01-PA,Risco Alto,Baixa
quinta-feira,BR-251,500.0,Plena Noite,Decrescente,Ignorado,Simples,Reta,-16.5837,-43.6342,DEL12-MG,Risco Médio,Baixa
quarta-feira,BR-242,360.1,Pleno dia,Crescente,Céu Claro,Simples,Curva,-11.81886,-48.91978,DEL01-TO,Risco Médio,Baixa
quarta-feira,BR-364,237.0,Pleno dia,Decrescente,Céu Claro,Simples,Não Informado,-11.44341,-61.44673,DEL02-RO,Risco Médio,Alta
segunda-feira,BR-116,120.3,Pleno dia,Decrescente,Nublado,Dupla,Reta,-25.6012,-49.3177,DEL01-PR,Risco Médio,Alta
quarta-feira,BR-116,188.0,Pleno dia,Decrescente,Sol,Dupla,Reta,-22.73807,-43.48214,DEL01-RJ,Risco Médio,Alta
sexta-feira,BR-470,56.0,Pleno dia,Crescente,Sol,Simples,Curva,-26.87104,-49.11107,DEL04-SC,Risco Médio,Baixa
quarta-feira,BR-116,70.6,Amanhecer,Decrescente,Chuva,Dupla,Não Informado,-22.84853,-45.22705,DEL08-SP,Risco Médio,Alta
quarta-feira,BR-153,492.0,Amanhecer,Crescente,Céu Claro,Dupla,Curva,-16.639,-49.2063,DEL01-GO,Risco Médio,Alta
sexta-feira,BR-70,26.1,Pleno dia,Crescente,Céu Claro,Simples,Reta,-15.75391,-48.41886,DEL01-DF,Risco Médio,Baixa
sábado,BR-40,151.0,Pleno dia,Crescente,Céu Claro,Simples,Curva,-17.79832,-46.13492,DEL14-MG,Risco Médio,Alta
quinta-feira,BR-381,490.4,Plena Noite,Decrescente,Chuva,Dupla,Curva,-19.97901,-44.16047,DEL01-MG,Risco Médio,Alta
sexta-feira,BR-40,96.0,Plena Noite,Crescente,Céu Claro,Simples,Não Informado,-16.75768,-47.60161,DEL01-DF,Risco Médio,Alta
segunda-feira,BR-410,1.0,Pleno dia,Decrescente,Céu Claro,Simples,Rotatória,-10.81978,-38.53735,DEL07-BA,Risco Baixo,Baixa
domingo,BR-116,104.9,Pleno dia,Decrescente,Sol,Dupla,Reta,-23.00342,-45.50631,DEL06-SP,Risco Médio,Alta
sábado,BR-381,428.0,Pleno dia,Crescente,Céu Claro,Simples,Reta,-19.78885,-43.70614,DEL01-MG,Risco Médio,Alta
segunda-feira,BR-428,121.0,Plena Noite,Crescente,Céu Claro,Simples,Reta,-8.930059,-40.11503,DEL06-PE,Risco Médio,Baixa
sexta-feira,BR-101,267.0,Pleno dia,Crescente,Nublado,Dupla,Reta,-20.19931,-40.26885,DEL02-ES,Risco Médio,Alta
domingo,BR-158,264.0,Pleno dia,Crescente,Céu Claro,Dupla,Reta,-17.84242,-51.75088,DEL05-GO,Risco Médio,Baixa
sábado,BR-101,206.9,Amanhecer,Crescente,Chuva,Dupla,Reta,-27.59282,-48.61855,DEL01-SC,Risco Médio,Alta
sábado,BR-470,92.9,Pleno dia,Decrescente,Sol,Simples,Reta,-26.98612,-49.37317,DEL04-SC,Risco Médio,Baixa
domingo,BR-101,30.0,Pleno dia,Crescente,Chuva,Dupla,Não Informado,-26.22674,-48.91663,DEL03-SC,Risco Médio,Alta
quinta-feira,BR-101,120.7,Plena Noite,Decrescente,Nublado,Múltipla,Reta,-26.91852,-48.70946,DEL04-SC,Risco Médio,Alta
quarta-feira,BR-101,127.0,Pleno dia,Decrescente,Céu Claro,Dupla,Rotatória,-19.2029,-40.09552,DEL04-ES,Risco Médio,Alta
terça-feira,BR-465,5.0,Amanhecer,Crescente,Nublado,Simples,Reta,-22.7456,-43.70115,DEL01-RJ,Risco Médio,Baixa
quarta-feira,BR-20,0.5,Pleno dia,Crescente,Céu Claro,Simples,Reta,-15.58046,-47.33881,DEL02-DF,Risco Médio,Baixa
sexta-feira,BR-40,17.6,Plena Noite,Crescente,Nublado,Dupla,Reta,-16.18907,-47.92773,DEL01-DF,Risco Médio,Alta
domingo,BR-277,20.5,Plena Noite,Crescente,Chuva,Dupla,Reta,-25.53342,-48.71232,DEL01-PR,Risco Alto,Média
domingo,BR-116,212.0,Plena Noite,Crescente,Céu Claro,Múltipla,Reta,-23.43805,-46.43063,DEL01-SP,Risco Médio,Alta
sábado,BR-280,56.3,Plena Noite,Crescente,Céu Claro,Simples,Curva,-26.47937,-49.00963,DEL03-SC,Risco Médio,Baixa
quarta-feira,BR-101,131.0,Pleno dia,Crescente,Sol,Simples,Reta,-26.99064,-48.66311,DEL04-SC,Risco Médio,Alta
terça-feira,BR-495,2.5,Pleno dia,Crescente,Céu Claro,Simples,Não Informado,-22.39704,-42.98493,DEL04-RJ,Risco Baixo,Baixa
sábado,BR-280,130.2,Plena Noite,Decrescente,Nublado,Simples,Curva,-26.25303,-49.52927,DEL06-SC,Risco Médio,Baixa
segunda-feira,BR-381,704.0,Pleno dia,Decrescente,Céu Claro,Dupla,Desvio Temporário,-21.3156,-45.1672,DEL04-MG,Risco Médio,Alta
domingo,BR-163,380.0,Pleno dia,Crescente,Céu Claro,Simples,Reta,-21.33378,-54.4211,DEL02-MS,Risco Médio,Alta
quarta-feira,BR-364,226.0,Pleno dia,Decrescente,Céu Claro,Dupla,Não Informado,-16.30709,-54.75756,DEL02-MT,Risco Médio,Alta
terça-feira,BR-364,226.6,Amanhecer,Decrescente,Nevoeiro/Neblina,Simples,Não Informado,-11.4996,-61.37132,DEL02-RO,Risco Médio,Alta
quinta-feira,BR-153,107.0,Plena Noite,Decrescente,Nublado,Simples,Reta,-23.83038,-50.18797,DEL07-PR,Risco Médio,Alta
domingo,BR-277,609.7,Anoitecer,Crescente,Céu Claro,Simples,Reta,-25.05111,-53.62214,DEL05-PR,Risco Médio,Média
quinta-feira,BR-285,506.9,Pleno dia,Crescente,Sol,Simples,Reta,-28.39708,-54.35495,DEL10-RS,Risco Médio,Baixa
domingo,BR-101,140.0,Plena Noite,Decrescente,Céu Claro,Dupla,Reta,-27.0478,-48.5981,DEL04-SC,Risco Médio,Alta
sexta-feira,BR-427,37.8,Anoitecer,Crescente,Céu Claro,Simples,Interseção de vias,-6.769758,-37.79579,DEL03-PB,Risco Médio,Baixa
sexta-feira,BR-116,14.3,Pleno dia,Decrescente,Nublado,Simples,Reta,-14.89598,-40.86099,DEL08-BA,Risco Médio,Alta
sexta-feira,BR-10,216.0,Plena Noite,Decrescente,Céu Claro,Simples,Reta,-5.8263,-47.3578,DEL04-MA,Risco Médio,Baixa
sexta-feira,BR-101,458.0,Pleno dia,Decrescente,Chuva,Simples,Curva,-21.2218,-41.3083,DEL03-ES,Risco Médio,Alta
terça-feira,BR-101,54.0,Plena Noite,Decrescente,Céu Claro,Múltipla,Reta,-7.9487,-34.907,DEL01-PE,Risco Baixo,Alta
terça-feira,BR-116,251.7,Plena Noite,Decrescente,Céu Claro,Dupla,Não Informado,-29.79867,-51.16527,DEL01-RS,Risco Médio,Alta
quinta-feira,BR-470,225.0,Pleno dia,Crescente,Céu Claro,Simples,Reta,-29.246,-51.51635,DEL06-RS,Risco Alto,Baixa
quarta-feira,BR-153,90.0,Plena Noite,Crescente,Céu Claro,Simples,Reta,-19.14365,-48.96387,DEL15-MG,Risco Médio,Alta
sexta-feira,BR-40,93.0,Plena Noite,Crescente,Nublado,Simples,Curva,-22.55543,-43.2583,DEL01-RJ,Risco Médio,Alta
sexta-feira,BR-476,136.0,Plena Noite,Crescente,Céu Claro,Múltipla,Interseção de vias,-25.49105,-49.27168,DEL01-PR,Risco Médio,Baixa
quarta-feira,BR-376,534.0,Pleno dia,Crescente,Nublado,Dupla,Reta,-25.36061,-49.82934,DEL01-PR,Risco Médio,Baixa
quarta-feira,BR-101,264.2,Plena Noite,Decrescente,Céu Claro,Múltipla,Reta,-20.17293,-40.26736,DEL02-ES,Risco Médio,Alta
sexta-feira,BR-40,632.3,Pleno dia,Decrescente,Céu Claro,Dupla,Desvio Temporário,-20.67816,-43.79421,DEL05-MG,Risco Médio,Alta
segunda-feira,BR-101,260.9,Pleno dia,Crescente,Nublado,Simples,Reta,-13.06515,-39.27837,DEL01-BA,Risco Médio,Alta
sexta-feira,BR-101,137.0,Pleno dia,Decrescente,Nevoeiro/Neblina,Simples,Reta,-19.29308,-40.08592,DEL04-ES,Risco Médio,Alta
domingo,BR-277,343.0,Pleno dia,Decrescente,Céu Claro,Dupla,Reta,-25.36225,-51.47123,DEL03-PR,Risco Médio,Média
terça-feira,BR-116,462.8,Pleno dia,Crescente,Nublado,Dupla,Reta,-24.62289,-47.8958,DEL05-SP,Risco Médio,Alta
sexta-feira,BR-116,171.0,Pleno dia,Decrescente,Céu Claro,Múltipla,Reta,-22.80604,-43.3429,DEL01-RJ,Risco Médio,Alta
terça-feira,BR-153,42.9,Pleno dia,Crescente,Céu Claro,Dupla,Rotatória,-23.30362,-50.07032,DEL07-PR,Risco Médio,Alta
quinta-feira,BR-50,73.0,Pleno dia,Decrescente,Céu Claro,Dupla,Reta,-18.8514,-48.25346,DEL15-MG,Risco Médio,Média
quarta-feira,BR-232,65.2,Pleno dia,Decrescente,Céu Claro,Dupla,Reta,-8.164545,-35.44785,DEL02-PE,Risco Médio,Baixa
sexta-feira,BR-153,61.0,Pleno dia,Decrescente,Nublado,Dupla,Reta,-20.80503,-49.35575,DEL09-SP,Risco Médio,Alta
sábado,BR-101,259.0,Pleno dia,Decrescente,Nublado,Simples,Não Informado,-12.95551,-39.25804,DEL01-BA,Risco Médio,Alta
segunda-feira,BR-356,267.2,Pleno dia,Crescente,Nublado,Simples,Reta,-21.12553,-42.37548,DEL07-MG,Risco Médio,Baixa
domingo,BR-50,193.0,Plena Noite,Decrescente,Nublado,Dupla,Reta,-19.87966,-47.85365,DEL13-MG,Risco Médio,Média
quinta-feira,BR-40,43.0,Plena Noite,Crescente,Céu Claro,Simples,Reta,-17.22598,-46.86164,DEL14-MG,Risco Médio,Alta
sábado,BR-222,63.5,Pleno dia,Crescente,Céu Claro,Dupla,Reta,-3.671778,-39.10727,DEL01-CE,Risco Baixo,Baixa
sexta-feira,BR-101,82.0,Pleno dia,Decrescente,Céu Claro,Dupla,Reta,-7.12911,-34.93714,DEL01-PB,Risco Médio,Alta
sexta-feira,BR-40,87.0,Pleno dia,Crescente,Céu Claro,Dupla,Curva,-22.54414,-43.23288,DEL06-RJ,Risco Baixo,Alta
sexta-feira,BR-381,886.0,Pleno dia,Decrescente,Nublado,Múltipla,Reta,-22.55262,-46.0394,DEL16-MG,Risco Baixo,Alta
terça-feira,BR-101,161.2,Pleno dia,Crescente,Céu Claro,Simples,Reta,-19.48359,-40.11978,DEL04-ES,Risco Médio,Alta
quinta-feira,BR-259,86.8,Plena Noite,Decrescente,Céu Claro,Simples,Reta,-19.51271,-40.88595,DEL02-ES,Risco Alto,Baixa
segunda-feira,BR-40,717.9,Pleno dia,Decrescente,Chuva,Dupla,Curva,-21.2801,-43.6431,DEL05-MG,Risco Baixo,Alta
quarta-feira,BR-324,616.0,Pleno dia,Crescente,Sol,Dupla,Reta,-12.87958,-38.43214,DEL01-BA,Risco Médio,Baixa
quinta-feira,BR-135,165.0,Pleno dia,Crescente,Céu Claro,Simples,Curva,-7.952847,-43.8433,DEL03-PI,Risco Médio,Baixa
domingo,BR-354,745.5,Pleno dia,Decrescente,Sol,Simples,Interseção de vias,-22.2528,-44.93125,DEL05-MG,Risco Médio,Baixa
terça-feira,BR-365,145.9,Pleno dia,Decrescente,Céu Claro,Simples,Reta,-17.24436,-44.8319,DEL12-MG,Risco Médio,Média
domingo,BR-470,225.5,Pleno dia,Crescente,Céu Claro,Simples,Curva,-27.32802,-50.35148,DEL05-SC,Risco Médio,Baixa
domingo,BR-222,301.0,Plena Noite,Crescente,Céu Claro,Simples,Curva,-3.661597,-40.94004,DEL04-CE,Risco Baixo,Baixa
sábado,BR-381,869.0,Pleno dia,Decrescente,Chuva,Dupla,Reta,-22.39,-45.9539,DEL16-MG,Risco Médio,Alta
sexta-feira,BR-381,866.1,Pleno dia,Crescente,Nublado,Dupla,Reta,-22.36344,-45.93084,DEL16-MG,Risco Baixo,Alta
quinta-feira,BR-369,143.6,Amanhecer,Crescente,Céu Claro,Dupla,Reta,-23.29301,-51.10067,DEL07-PR,Risco Médio,Baixa
sexta-feira,BR-304,46.0,Pleno dia,Crescente,Céu Claro,Dupla,Reta,-4.5751,-37.79824,DEL03-CE,Risco Médio,Baixa
terça-feira,BR-101,117.8,Pleno dia,Decrescente,Chuva,Simples,Reta,-9.660023,-36.01975,DEL02-AL,Risco Baixo,Alta
quarta-feira,BR-116,571.0,Plena Noite,Decrescente,Céu Claro,Simples,Curva,-13.01747,-39.95928,DEL03-BA,Risco Médio,Alta
terça-feira,BR-290,91.9,Pleno dia,Decrescente,Céu Claro,Dupla,Reta,-29.98764,-51.23964,DEL01-RS,Risco Médio,Baixa
domingo,BR-101,113.2,Plena Noite,Decrescente,Ignorado,Múltipla,Retorno Regulamentado,-26.85311,-48.7269,DEL04-SC,Risco Médio,Alta
sábado,BR-381,250.0,Pleno dia,Decrescente,Céu Claro,Simples,Reta,-19.48378,-42.55378,DEL06-MG,Risco Médio,Alta
segunda-feira,BR-153,507.2,Pleno dia,Crescente,Sol,Dupla,Reta,-16.7715,-49.2387,DEL01-GO,Risco Médio,Alta
sábado,BR-282,342.0,Plena Noite,Crescente,Céu Claro,Simples,Reta,-27.39055,-51.22275,DEL07-SC,Risco Baixo,Baixa
segunda-feira,BR-405,19.7,Pleno dia,Crescente,Garoa/Chuvisco,Simples,Desvio Temporário,-6.616283,-38.41512,DEL03-PB,Risco Médio,Baixa
terça-feira,BR-452,13.8,Pleno dia,Crescente,Sol,Simples,Não Informado,-17.8422,-50.79338,DEL04-GO,Risco Médio,Baixa
quarta-feira,BR-116,98.6,Amanhecer,Crescente,Chuva,Dupla,Não Informado,-22.98032,-45.46031,DEL06-SP,Risco Médio,Alta
quinta-feira,BR-262,95.0,Anoitecer,Crescente,Chuva,Simples,Não Informado,-20.36592,-41.0604,DEL01-ES,Risco Médio,Média
quarta-feira,BR-163,565.0,Pleno dia,Crescente,Céu Claro,Simples,Reta,-14.00337,-56.09894,DEL01-MT,Risco Médio,Alta
quarta-feira,BR-153,48.0,Pleno dia,Crescente,Céu Claro,Simples,Interseção de vias,-27.65119,-52.25726,DEL08-RS,Risco Médio,Alta
domingo,BR-381,316.5,Pleno dia,Decrescente,Nublado,Simples,Curva,-19.67548,-42.97817,DEL03-MG,Risco Baixo,Alta
sexta-feira,BR-470,218.0,Pleno dia,Crescente,Garoa/Chuvisco,Simples,Curva,-29.18612,-51.52054,DEL06-RS,Risco Médio,Baixa
segunda-feira,BR-153,42.5,Pleno dia,Decrescente,Céu Claro,Simples,Interseção de vias,-23.29009,-50.08032,DEL07-PR,Risco Baixo,Alta
terça-feira,BR-116,71.8,Pleno dia,Decrescente,Céu Claro,Dupla,Desvio Temporário,-22.85652,-45.23114,DEL08-SP,Risco Médio,Alta
quarta-feira,BR-101,825.0,Amanhecer,Decrescente,Céu Claro,Simples,Curva,-17.14447,-39.56736,DEL09-BA,Risco Médio,Alta
terça-feira,BR-116,173.0,Pleno dia,Decrescente,Ignorado,Simples,Reta,-10.13922,-39.11303,DEL07-BA,Risco Médio,Alta
terça-feira,BR-40,526.0,Anoitecer,Crescente,Céu Claro,Múltipla,Reta,-19.88702,-44.04951,DEL01-MG,Risco Médio,Alta
sexta-feira,BR-101,193.1,Plena Noite,Decrescente,Nublado,Múltipla,Reta,-27.48957,-48.65591,DEL01-SC,Risco Médio,Alta
terça-feira,BR-364,717.5,Plena Noite,Decrescente,Chuva,Dupla,Desvio Temporário,-8.808637,-63.9169,DEL01-RO,Risco Médio,Alta
segunda-feira,BR-230,23.0,Pleno dia,Decrescente,Céu Claro,Dupla,Desvio Temporário,-7.1562,-34.8574,DEL01-PB,Risco Baixo,Baixa
segunda-feira,BR-406,161.6,Anoitecer,Decrescente,Céu Claro,Simples,Reta,-5.722012,-35.36579,DEL02-RN,Risco Médio,Baixa
sábado,BR-376,660.0,Plena Noite,Decrescente,Nublado,Dupla,Curva,-25.92853,-49.19931,DEL01-PR,Risco Baixo,Baixa
segunda-feira,BR-116,27.4,Pleno dia,Decrescente,Chuva,Dupla,Não Informado,-22.62353,-44.90992,DEL08-SP,Risco Baixo,Alta
quinta-feira,BR-40,502.2,Anoitecer,Crescente,Céu Claro,Dupla,Retorno Regulamentado,-19.7282,-44.1532,DEL02-MG,Risco Baixo,Alta
quarta-feira,BR-40,75.0,Pleno dia,Crescente,Nublado,Simples,Não Informado,-22.46848,-43.23287,DEL06-RJ,Risco Baixo,Alta
domingo,BR-116,297.0,Pleno dia,Decrescente,Céu Claro,Dupla,Reta,-23.78323,-46.91437,DEL04-SP,Risco Médio,Alta
quarta-feira,BR-116,719.8,Pleno dia,Crescente,Chuva,Simples,Curva,-21.22791,-42.39442,DEL07-MG,Risco Médio,Alta
sexta-feira,BR-40,7.4,Plena Noite,Crescente,Céu Claro,Dupla,Reta,-16.03867,-47.97969,DEL01-DF,Risco Médio,Alta
quarta-feira,BR-116,264.0,Pleno dia,Crescente,Sol,Múltipla,Reta,-29.91668,-51.1779,DEL01-RS,Risco Médio,Alta
quarta-feira,BR-163,844.0,Pleno dia,Decrescente,Sol,Dupla,Reta,-17.53699,-54.74086,DEL06-MS,Risco Baixo,Alta
quarta-feira,BR-116,237.0,Pleno dia,Crescente,Sol,Simples,Reta,-22.66467,-43.88337,DEL07-RJ,Risco Baixo,Alta
quinta-feira,BR-116,279.8,Plena Noite,Crescente,Céu Claro,Dupla,Reta,-23.66234,-46.85293,DEL04-SP,Risco Médio,Alta
quarta-feira,BR-470,11.0,Pleno dia,Decrescente,Céu Claro,Simples,Reta,-26.83431,-48.74727,DEL04-SC,Risco Médio,Baixa
sexta-feira,BR-369,234.4,Pleno dia,Crescente,Céu Claro,Simples,Curva,-23.61181,-51.66321,DEL09-PR,Risco Médio,Baixa
sábado,BR-381,345.0,Pleno dia,Decrescente,Chuva,Simples,Curva,-19.832,-43.09587,DEL03-MG,Risco Médio,Alta
quinta-feira,BR-40,683.7,Pleno dia,Crescente,Céu Claro,Simples,Não Informado,-21.08062,-43.7674,DEL05-MG,Risco Médio,Alta
segunda-feira,BR-304,30.0,Anoitecer,Decrescente,Céu Claro,Simples,Não Informado,-5.117038,-37.341,DEL04-RN,Risco Médio,Baixa
domingo,BR-40,109.0,Plena Noite,Crescente,Céu Claro,Dupla,Reta,-22.67375,-43.28638,DEL01-RJ,Risco Médio,Alta
segunda-feira,BR-470,55.0,Pleno dia,Crescente,Chuva,Simples,Reta,-26.8756,-49.11799,DEL04-SC,Risco Médio,Baixa
segunda-feira,BR-376,319.0,Pleno dia,Decrescente,Chuva,Simples,Curva,-24.00982,-51.09252,DEL07-PR,Risco Médio,Baixa
segunda-feira,BR-316,268.1,Plena Noite,Decrescente,Nublado,Simples,Reta,-3.69448,-45.32643,DEL02-MA,Risco Baixo,Baixa
sexta-feira,BR-364,827.7,Pleno dia,Decrescente,Sol,Simples,Reta,-9.326782,-64.62725,DEL01-RO,Risco Baixo,Alta
sábado,BR-153,135.2,Pleno dia,Decrescente,Sol,Simples,Reta,-13.95126,-49.0854,DEL07-GO,Risco Médio,Alta
quarta-feira,BR-101,50.0,Pleno dia,Crescente,Sol,Dupla,Reta,-7.908888,-34.90218,DEL01-PE,Risco Baixo,Alta
sábado,BR-316,258.0,Pleno dia,Crescente,Céu Claro,Simples,Reta,-8.749458,-38.95866,DEL05-PE,Risco Médio,Baixa
terça-feira,BR-285,460.5,Pleno dia,Decrescente,Céu Claro,Simples,Não Informado,-28.41872,-53.91659,DEL10-RS,Risco Médio,Baixa
quinta-feira,BR-101,39.1,Pleno dia,Decrescente,Nublado,Simples,Curva,-26.29852,-48.8835,DEL03-SC,Risco Baixo,Alta
segunda-feira,BR-153,495.5,Amanhecer,Crescente,Céu Claro,Dupla,Não Informado,-16.6681,-49.2263,DEL01-GO,Risco Médio,Alta
terça-feira,BR-110,137.0,Pleno dia,Decrescente,Chuva,Simples,Curva,-10.58318,-38.37435,DEL07-BA,Risco Médio,Baixa
sábado,BR-135,5.0,Pleno dia,Decrescente,Céu Claro,Dupla,Reta,-2.621454,-44.25797,DEL01-MA,Risco Médio,Baixa
quinta-feira,BR-392,8.9,Plena Noite,Decrescente,Céu Claro,Simples,Rotatória,-32.11099,-52.11217,DEL07-RS,Risco Baixo,Média
domingo,BR-373,233.0,Plena Noite,Decrescente,Nublado,Simples,Não Informado,-25.1861,-50.6928,DEL03-PR,Risco Baixo,Baixa
segunda-feira,BR-369,511.0,Pleno dia,Decrescente,Céu Claro,Simples,Reta,-24.8639,-53.3378,DEL04-PR,Risco Médio,Baixa
sexta-feira,BR-101,203.5,Pleno dia,Decrescente,Nublado,Dupla,Reta,-27.565,-48.6146,DEL01-SC,Risco Médio,Alta
sexta-feira,BR-386,157.0,Pleno dia,Decrescente,Céu Claro,Simples,Não Informado,-28.1458,-52.8468,DEL08-RS,Risco Baixo,Média
domingo,BR-116,270.5,Pleno dia,Decrescente,Céu Claro,Dupla,Reta,-23.60811,-46.76758,DEL04-SP,Risco Médio,Alta
sexta-feira,BR-235,36.5,Plena Noite,Decrescente,Ignorado,Simples,Reta,-10.76785,-37.32945,DEL01-SE,Risco Baixo,Baixa
terça-feira,BR-381,774.9,Plena Noite,Decrescente,Chuva,Dupla,Desvio Temporário,-21.78967,-45.44393,DEL16-MG,Risco Médio,Alta
quarta-feira,BR-101,218.4,Pleno dia,Crescente,Nublado,Simples,Reta,-12.64828,-39.11587,DEL01-BA,Risco Médio,Alta
terça-feira,BR-386,404.0,Plena Noite,Decrescente,Garoa/Chuvisco,Simples,Curva,-29.77393,-51.57039,DEL04-RS,Risco Médio,Média
segunda-feira,BR-20,4.0,Plena Noite,Crescente,Céu Claro,Dupla,Não Informado,-15.67548,-47.82376,DEL02-DF,Risco Médio,Baixa
segunda-feira,BR-324,613.0,Pleno dia,Crescente,Nublado,Dupla,Reta,-12.85532,-38.42055,DEL01-BA,Risco Médio,Baixa
sexta-feira,BR-101,115.6,Anoitecer,Crescente,Nublado,Dupla,Reta,-26.87064,-48.72954,DEL04-SC,Risco Médio,Alta
sábado,BR-101,669.7,Pleno dia,Decrescente,Chuva,Simples,Curva,-16.0022,-39.5868,DEL09-BA,Risco Médio,Alta
domingo,BR-369,146.1,Pleno dia,Crescente,Céu Claro,Dupla,Reta,-23.29319,-51.12269,DEL07-PR,Risco Médio,Baixa
terça-feira,BR-110,140.0,Pleno dia,Decrescente,Céu Claro,Simples,Reta,-10.6356,-38.40122,DEL07-BA,Risco Médio,Baixa
segunda-feira,BR-101,66.5,Plena Noite,Crescente,Céu Claro,Dupla,Reta,-18.71652,-39.87436,DEL04-ES,Risco Alto,Alta
quinta-feira,BR-163,677.0,Pleno dia,Decrescente,Céu Claro,Simples,Reta,-13.26565,-56.02265,DEL06-MT,Risco Médio,Alta
sexta-feira,BR-364,235.3,Pleno dia,Crescente,Sol,Simples,Retorno Regulamentado,-11.44773,-61.43296,DEL02-RO,Risco Médio,Alta
sexta-feira,BR-470,217.0,Amanhecer,Crescente,Céu Claro,Dupla,Curva,-29.16463,-51.52552,DEL06-RS,Risco Médio,Baixa
terça-feira,BR-262,368.0,Pleno dia,Decrescente,Céu Claro,Dupla,Reta,-19.9724,-44.28042,DEL01-MG,Risco Médio,Média
sábado,BR-116,558.9,Pleno dia,Decrescente,Nublado,Simples,Reta,-20.24713,-42.14244,DEL06-MG,Risco Médio,Alta
terça-feira,BR-476,275.4,Pleno dia,Crescente,Sol,Simples,Reta,-25.88582,-50.38245,DEL02-PR,Risco Médio,Baixa
segunda-feira,BR-101,215.0,Pleno dia,Crescente,Sol,Dupla,Curva,-22.50541,-42.27366,DEL02-RJ,Risco Médio,Alta