dia_semana,br,km,fase_dia,sentido_via,condicao_metereologica,tipo_pista,tracado_via,latitude,longitude,delegacia,classificacao_acidente,postos_policiais_PRF
domingo,BR-476,165.0,Plena Noite,Crescente,Céu Claro,Simples,Reta,-25.64618,-49.47485,DEL01-PR,Risco Médio,Baixa
domingo,BR-101,398.0,Pleno dia,Crescente,Céu Claro,Dupla,Curva,-28.8434,-49.4302,DEL02-SC,Risco Baixo,Alta
segunda-feira,BR-50,263.8,Anoitecer,Crescente,Céu Claro,Simples,Reta,-18.0521,-47.863,DEL06-GO,Risco Médio,Média
terça-feira,BR-230,41.3,Pleno dia,Crescente,Céu Claro,Dupla,Curva,-7.141907,-34.99409,DEL01-PB,Risco Alto,Baixa
terça-feira,BR-101,35.8,Plena Noite,Crescente,Nublado,Dupla,Reta,-6.794013,-35.13707,DEL01-PB,Risco Médio,Alta
sábado,BR-153,561.5,Plena Noite,Crescente,Nublado,Dupla,Não Informado,-17.2316,-49.2328,DEL03-GO,Risco Médio,Alta
segunda-feira,BR-163,714.0,Plena Noite,Crescente,Céu Claro,Simples,Interseção de vias,-12.5457,-55.71182,DEL06-MT,Risco Baixo,Alta
sábado,BR-251,482.0,Pleno dia,Crescente,Céu Claro,Simples,Não Informado,-16.4822,-43.5068,DEL12-MG,Risco Médio,Baixa
sábado,BR-101,198.0,Plena Noite,Decrescente,Nublado,Múltipla,Reta,-27.52659,-48.63506,DEL01-SC,Risco Médio,Alta
sexta-feira,BR-280,97.5,Pleno dia,Crescente,Garoa/Chuvisco,Simples,Não Informado,-26.37167,-49.32578,DEL06-SC,Risco Alto,Baixa
domingo,BR-356,265.0,Plena Noite,Crescente,Céu Claro,Simples,Reta,-21.12587,-42.37537,DEL07-MG,Risco Baixo,Baixa
sábado,BR-20,153.9,Pleno dia,Decrescente,Chuva,Simples,Curva,-14.67083,-46.64566,DEL02-DF,Risco Médio,Baixa
domingo,BR-110,241.2,Plena Noite,Crescente,Nublado,Simples,Reta,-9.148655,-38.28464,DEL07-BA,Risco Alto,Baixa
sábado,BR-364,240.2,Plena Noite,Crescente,Nublado,Simples,Reta,-11.43579,-61.47097,DEL02-RO,Risco Baixo,Alta
terça-feira,BR-40,478.0,Plena Noite,Decrescente,Céu Claro,Dupla,Reta,-19.52849,-44.2595,DEL02-MG,Risco Médio,Alta
sábado,BR-101,282.5,Plena Noite,Crescente,Chuva,Múltipla,Curva,-20.23017,-40.36765,DEL01-ES,Risco Baixo,Alta
segunda-feira,BR-153,144.0,Pleno dia,Crescente,Céu Claro,Dupla,Reta,-7.196628,-48.23637,DEL02-TO,Risco Médio,Alta
sábado,BR-116,10.0,Plena Noite,Decrescente,Céu Claro,Múltipla,Reta,-3.836038,-38.50273,DEL01-CE,Risco Médio,Alta
segunda-feira,BR-116,149.2,Pleno dia,Crescente,Céu Claro,Dupla,Reta,-29.16319,-51.15833,DEL05-RS,Risco Médio,Alta
sábado,BR-116,230.0,Plena Noite,Decrescente,Nublado,Dupla,Curva,-22.65209,-43.82144,DEL07-RJ,Risco Médio,Alta
terça-feira,BR-101,102.0,Pleno dia,Crescente,Céu Claro,Dupla,Reta,-10.9488,-37.21099,DEL02-SE,Risco Baixo,Alta
quinta-feira,BR-153,256.5,Pleno dia,Decrescente,Céu Claro,Dupla,Curva,-22.23859,-49.9195,DEL07-SP,Risco Médio,Alta
quarta-feira,BR-135,24.0,Plena Noite,Crescente,Céu Claro,Dupla,Desvio Temporário,-2.550071,-44.30551,DEL01-MA,Risco Médio,Baixa
domingo,BR-116,28.0,Pleno dia,Crescente,Céu Claro,Múltipla,Não Informado,-3.993072,-38.51628,DEL01-CE,Risco Baixo,Alta
sábado,BR-101,309.0,Anoitecer,Crescente,Céu Claro,Dupla,Reta,-22.79499,-43.03446,DEL02-RJ,Risco Médio,Alta
sábado,BR-470,172.0,Plena Noite,Decrescente,Nublado,Simples,Rotatória,-28.89106,-51.54976,DEL06-RS,Risco Baixo,Baixa
quinta-feira,BR-470,58.5,Amanhecer,Crescente,Céu Claro,Simples,Interseção de vias,-26.88388,-49.14562,DEL04-SC,Risco Médio,Baixa
domingo,BR-60,7.0,Plena Noite,Crescente,Céu Claro,Dupla,Não Informado,-15.90076,-48.12234,DEL01-DF,Risco Médio,Média
segunda-feira,BR-104,164.2,Plena Noite,Crescente,Céu Claro,Simples,Curva,-7.538352,-36.00791,DEL02-PB,Risco Médio,Baixa
terça-feira,BR-364,232.0,Pleno dia,Decrescente,Céu Claro,Simples,Curva,-17.81848,-52.021,DEL05-GO,Risco Alto,Alta
terça-feira,BR-116,477.8,Pleno dia,Decrescente,Céu Claro,Dupla,Reta,-12.5143,-39.3793,DEL02-BA,Risco Médio,Alta
terça-feira,BR-101,789.5,Pleno dia,Crescente,Chuva,Simples,Reta,-16.88307,-39.51506,DEL09-BA,Risco Alto,Alta
quinta-feira,BR-101,118.5,Pleno dia,Crescente,Nublado,Simples,Reta,-19.1275,-40.06706,DEL04-ES,Risco Médio,Alta
sábado,BR-116,184.5,Pleno dia,Crescente,Chuva,Simples,Interseção de vias,-27.30047,-50.42667,DEL05-SC,Risco Baixo,Alta
quarta-feira,BR-381,483.0,Pleno dia,Crescente,Nublado,Simples,Curva,-19.95793,-44.07991,DEL01-MG,Risco Médio,Alta
segunda-feira,BR-101,182.0,Pleno dia,Decrescente,Céu Claro,Simples,Viaduto,-28.2154,-48.69957,DEL01-SC,Risco Baixo,Alta
quarta-feira,BR-163,256.0,Plena Noite,Crescente,Céu Claro,Dupla,Rotatória,-22.25872,-54.80428,DEL04-MS,Risco Baixo,Alta
terça-feira,BR-319,58.3,Pleno dia,Decrescente,Céu Claro,Dupla,Não Informado,-8.74321,-63.91238,DEL01-RO,Risco Médio,Baixa
sábado,BR-285,121.9,Pleno dia,Decrescente,Céu Claro,Simples,Reta,-28.50539,-50.94451,DEL05-RS,Risco Baixo,Baixa
sexta-feira,BR-101,807.0,Plena Noite,Crescente,Garoa/Chuvisco,Simples,Reta,-17.0105,-39.545,DEL09-BA,Risco Médio,Alta
quarta-feira,BR-230,725.2,Plena Noite,Crescente,Céu Claro,Simples,Reta,-3.396279,-52.72999,DEL04-PA,Risco Alto,Baixa
sábado,BR-153,600.0,Pleno dia,Crescente,Céu Claro,Dupla,Reta,-17.552,-49.2059,DEL03-GO,Risco Médio,Alta
sexta-feira,BR-282,2.2,Plena Noite,Decrescente,Céu Claro,Simples,Reta,-27.60329,-48.59042,DEL01-SC,Risco Médio,Baixa
segunda-feira,BR-101,269.0,Plena Noite,Decrescente,Céu Claro,Simples,Interseção de vias,-28.09546,-48.70734,DEL02-SC,Risco Médio,Alta
sexta-feira,BR-262,4.7,Plena Noite,Crescente,Céu Claro,Múltipla,Interseção de vias,-20.33609,-40.37813,DEL01-ES,Risco Médio,Média
quarta-feira,BR-381,317.0,Pleno dia,Crescente,Céu Claro,Simples,Reta,-19.70674,-42.99914,DEL03-MG,Risco Médio,Alta
domingo,BR-101,288.4,Plena Noite,Decrescente,Céu Claro,Dupla,Reta,-20.2716,-40.39092,DEL01-ES,Risco Médio,Alta
quarta-feira,BR-290,330.0,Amanhecer,Crescente,Chuva,Simples,Não Informado,-30.36399,-53.49209,DEL09-RS,Risco Médio,Baixa
sexta-feira,BR-262,29.2,Plena Noite,Decrescente,Garoa/Chuvisco,Simples,Curva,-20.37537,-40.58847,DEL01-ES,Risco Médio,Média
terça-feira,BR-101,400.9,Amanhecer,Decrescente,Garoa/Chuvisco,Simples,Curva,-20.89381,-41.0042,DEL03-ES,Risco Médio,Alta
sexta-feira,BR-116,207.0,Plena Noite,Decrescente,Céu Claro,Múltipla,Reta,-23.41972,-46.38419,DEL01-SP,Risco Baixo,Alta
sexta-feira,BR-470,244.5,Plena Noite,Crescente,Céu Claro,Simples,Reta,-27.31458,-50.51583,DEL05-SC,Risco Médio,Baixa
sexta-feira,BR-495,30.0,Pleno dia,Decrescente,Céu Claro,Simples,Rotatória,-22.38711,-43.13265,DEL06-RJ,Risco Médio,Baixa
segunda-feira,BR-116,527.6,Pleno dia,Decrescente,Céu Claro,Dupla,Reta,-19.78511,-42.13445,DEL06-MG,Risco Médio,Alta
quinta-feira,BR-101,81.0,Plena Noite,Decrescente,Nublado,Dupla,Reta,-26.60256,-48.72554,DEL03-SC,Risco Médio,Alta
segunda-feira,BR-376,493.5,Plena Noite,Crescente,Nublado,Dupla,Reta,-25.12676,-50.17812,DEL03-PR,Risco Médio,Baixa
terça-feira,BR-101,146.0,Pleno dia,Crescente,Céu Claro,Múltipla,Interseção de vias,-19.36991,-40.06561,DEL04-ES,Risco Médio,Alta
segunda-feira,BR-343,596.3,Pleno dia,Decrescente,Céu Claro,Simples,Não Informado,-6.776444,-43.00667,DEL03-PI,Risco Baixo,Baixa
segunda-feira,BR-101,215.5,Pleno dia,Decrescente,Nublado,Múltipla,Não Informado,-27.65599,-48.67675,DEL01-SC,Risco Médio,Alta
terça-feira,BR-116,28.0,Pleno dia,Decrescente,Garoa/Chuvisco,Dupla,Ponte,-25.1067,-48.80406,DEL01-PR,Risco Médio,Alta
sábado,BR-381,490.0,Pleno dia,Decrescente,Céu Claro,Simples,Reta,-19.95653,-44.13697,DEL01-MG,Risco Médio,Alta
sábado,BR-101,313.0,Pleno dia,Decrescente,Chuva,Dupla,Reta,-22.78524,-42.98725,DEL02-RJ,Risco Baixo,Alta
sábado,BR-470,10.0,Plena Noite,Decrescente,Chuva,Simples,Reta,-26.83369,-48.73724,DEL04-SC,Risco Médio,Baixa
sexta-feira,BR-365,729.2,Pleno dia,Crescente,Céu Claro,Simples,Reta,-18.88074,-49.19123,DEL15-MG,Risco Baixo,Média
segunda-feira,BR-163,329.2,Plena Noite,Decrescente,Nublado,Simples,Reta,-21.73431,-54.51263,DEL02-MS,Risco Alto,Alta
domingo,BR-235,72.0,Plena Noite,Crescente,Nublado,Simples,Reta,-10.08673,-38.28931,DEL01-SE,Risco Médio,Baixa
sexta-feira,BR-80,69.0,Pleno dia,Decrescente,Nublado,Simples,Curva,-15.21037,-48.47369,DEL01-DF,Risco Médio,Baixa
quarta-feira,BR-226,284.9,Plena Noite,Crescente,Céu Claro,Simples,Curva,-5.453752,-45.1288,DEL03-MA,Risco Médio,Baixa
sábado,BR-421,54.0,Plena Noite,Crescente,Nublado,Simples,Reta,-10.2929,-63.3186,DEL03-RO,Risco Alto,Baixa
segunda-feira,BR-116,116.7,Pleno dia,Crescente,Nublado,Múltipla,Curva,-25.55572,-49.30619,DEL01-PR,Risco Médio,Alta
domingo,BR-262,641.7,Pleno dia,Decrescente,Céu Claro,Simples,Reta,-19.79231,-56.94581,DEL03-MS,Risco Médio,Média
quarta-feira,BR-158,525.0,Pleno dia,Decrescente,Nublado,Simples,Reta,-26.22908,-52.671,DEL02-PR,Risco Médio,Baixa
sábado,BR-40,105.0,Amanhecer,Decrescente,Céu Claro,Simples,Reta,-22.63785,-43.28429,DEL01-RJ,Risco Médio,Alta
quarta-feira,BR-262,367.0,Plena Noite,Decrescente,Céu Claro,Dupla,Curva,-19.97391,-44.27096,DEL01-MG,Risco Médio,Média
domingo,BR-262,30.0,Plena Noite,Decrescente,Céu Claro,Simples,Curva,-20.3736,-40.56198,DEL01-ES,Risco Baixo,Média
segunda-feira,BR-101,234.9,Pleno dia,Decrescente,Garoa/Chuvisco,Dupla,Curva,-10.11607,-36.76689,DEL02-AL,Risco Médio,Alta
segunda-feira,BR-330,795.8,Pleno dia,Decrescente,Céu Claro,Simples,Não Informado,-13.92835,-39.9991,DEL03-BA,Risco Médio,Baixa
sábado,BR-153,559.0,Pleno dia,Crescente,Chuva,Dupla,Não Informado,-17.2115,-49.2226,DEL03-GO,Risco Médio,Alta
domingo,BR-364,285.1,Pleno dia,Decrescente,Céu Claro,Simples,Curva,-17.60886,-52.42786,DEL05-GO,Risco Médio,Alta
terça-feira,BR-163,808.0,Pleno dia,Crescente,Céu Claro,Simples,Reta,-12.07088,-55.51735,DEL06-MT,Risco Baixo,Alta
segunda-feira,BR-282,608.8,Plena Noite,Crescente,Céu Claro,Simples,Não Informado,-26.76199,-53.22104,DEL07-SC,Risco Médio,Baixa
terça-feira,BR-116,226.0,Pleno dia,Decrescente,Nublado,Múltipla,Reta,-23.498,-46.559,DEL01-SP,Risco Médio,Alta
quarta-feira,BR-116,92.8,Plena Noite,Crescente,Céu Claro,Simples,Curva,-4.487854,-38.36075,DEL03-CE,Risco Médio,Alta
sábado,BR-232,6.0,Pleno dia,Decrescente,Céu Claro,Dupla,Reta,-8.070328,-34.95152,DEL01-PE,Risco Baixo,Baixa
quinta-feira,BR-373,176.0,Plena Noite,Decrescente,Céu Claro,Dupla,Reta,-25.0651,-50.21294,DEL03-PR,Risco Médio,Baixa
quinta-feira,BR-116,241.8,Pleno dia,Crescente,Céu Claro,Dupla,Reta,-29.71397,-51.14767,DEL01-RS,Risco Baixo,Alta
quarta-feira,BR-40,632.1,Plena Noite,Decrescente,Nublado,Simples,Reta,-20.67349,-43.7969,DEL05-MG,Risco Alto,Alta
quinta-feira,BR-262,95.2,Pleno dia,Crescente,Nublado,Simples,Reta,-20.36592,-41.0604,DEL01-ES,Risco Médio,Média
sexta-feira,BR-116,145.0,Pleno dia,Crescente,Céu Claro,Simples,Reta,-25.7729,-49.32326,DEL01-PR,Risco Médio,Alta
terça-feira,BR-364,474.0,Pleno dia,Crescente,Céu Claro,Simples,Curva,-10.17598,-62.82697,DEL03-RO,Risco Médio,Alta
sábado,BR-174,507.0,Plena Noite,Decrescente,Chuva,Dupla,Reta,2.823843,-60.69619,DEL01-RR,Risco Baixo,Baixa
domingo,BR-222,296.6,Plena Noite,Decrescente,Céu Claro,Simples,Não Informado,-3.65707,-40.92961,DEL04-CE,Risco Alto,Baixa
sábado,BR-116,473.2,Plena Noite,Decrescente,Céu Claro,Dupla,Não Informado,-12.4956,-39.34135,DEL02-BA,Risco Alto,Alta
sábado,BR-222,4.0,Pleno dia,Crescente,Céu Claro,Múltipla,Reta,-3.741648,-38.6045,DEL01-CE,Risco Médio,Baixa
domingo,BR-222,57.8,Anoitecer,Crescente,Céu Claro,Simples,Reta,-3.670021,-39.06356,DEL01-CE,Risco Médio,Baixa
quarta-feira,BR-277,587.7,Pleno dia,Crescente,Chuva,Simples,Interseção de vias,-24.97182,-53.43462,DEL04-PR,Risco Médio,Média
segunda-feira,BR-104,17.7,Pleno dia,Decrescente,Céu Claro,Simples,Reta,-9.032899,-36.03838,DEL01-AL,Risco Alto,Baixa
domingo,BR-435,74.4,Plena Noite,Crescente,Nublado,Simples,Reta,-13.108,-60.45157,DEL04-RO,Risco Médio,Baixa
sexta-feira,BR-369,163.0,Pleno dia,Crescente,Céu Claro,Dupla,Não Informado,-23.29706,-51.27891,DEL07-PR,Risco Médio,Baixa
sexta-feira,BR-116,320.0,Plena Noite,Crescente,Céu Claro,Dupla,Reta,-22.47656,-44.52711,DEL07-RJ,Risco Médio,Alta
domingo,BR-116,733.7,Plena Noite,Decrescente,Nublado,Simples,Desvio Temporário,-14.298,-40.31405,DEL08-BA,Risco Médio,Alta
quinta-feira,BR-324,540.5,Pleno dia,Crescente,Céu Claro,Dupla,Não Informado,-12.39366,-38.77556,DEL01-BA,Risco Baixo,Baixa
sábado,BR-101,296.0,Pleno dia,Decrescente,Céu Claro,Dupla,Reta,-20.383,-40.45976,DEL01-ES,Risco Médio,Alta
quarta-feira,BR-163,48.9,Pleno dia,Crescente,Garoa/Chuvisco,Simples,Reta,-25.95226,-53.72472,DEL02-PR,Risco Médio,Alta
sábado,BR-20,16.0,Plena Noite,Crescente,Nublado,Dupla,Não Informado,-15.62567,-47.72516,DEL02-DF,Risco Médio,Baixa
sábado,BR-364,124.0,Pleno dia,Crescente,Chuva,Dupla,Reta,-10.01149,-67.79501,DEL01-AC,Risco Baixo,Alta
sábado,BR-222,197.4,Plena Noite,Crescente,Nublado,Simples,Curva,-3.802004,-40.18948,DEL04-CE,Risco Médio,Baixa
segunda-feira,BR-116,210.3,Plena Noite,Crescente,Nublado,Dupla,Não Informado,-23.4306,-46.41568,DEL01-SP,Risco Baixo,Alta
domingo,BR-116,9.4,Pleno dia,Crescente,Chuva,Simples,Curva,-25.08274,-48.63728,DEL01-PR,Risco Baixo,Alta
segunda-feira,BR-40,628.5,Plena Noite,Decrescente,Céu Claro,Simples,Reta,-20.6546,-43.8084,DEL05-MG,Risco Médio,Alta
sábado,BR-101,213.0,Plena Noite,Decrescente,Céu Claro,Simples,Reta,-12.60927,-39.07777,DEL01-BA,Risco Médio,Alta
terça-feira,BR-101,867.9,Pleno dia,Crescente,Céu Claro,Simples,Reta,-17.6568,-39.77184,DEL09-BA,Risco Médio,Alta
sexta-feira,BR-101,43.4,Pleno dia,Decrescente,Garoa/Chuvisco,Simples,Curva,-23.41218,-45.05739,DEL06-SP,Risco Médio,Alta
domingo,BR-316,455.0,Pleno dia,Crescente,Garoa/Chuvisco,Simples,Reta,-4.502372,-44.09702,DEL03-MA,Risco Alto,Baixa
domingo,BR-470,4.0,Plena Noite,Decrescente,Céu Claro,Dupla,Rotatória,-26.85847,-48.69079,DEL04-SC,Risco Médio,Baixa
sábado,BR-267,258.0,Pleno dia,Crescente,Céu Claro,Simples,Curva,-21.9299,-44.54413,DEL17-MG,Risco Médio,Baixa
sábado,BR-101,789.7,Pleno dia,Crescente,Sol,Simples,Reta,-16.88137,-39.51404,DEL09-BA,Risco Médio,Alta
segunda-feira,BR-158,219.8,Plena Noite,Crescente,Nublado,Simples,Não Informado,-28.86009,-53.61596,DEL10-RS,Risco Alto,Baixa
quinta-feira,BR-116,529.7,Pleno dia,Decrescente,Céu Claro,Dupla,Reta,-19.76535,-42.13735,DEL06-MG,Risco Médio,Alta
quarta-feira,BR-116,244.9,Anoitecer,Crescente,Nublado,Múltipla,Rotatória,-29.74431,-51.15145,DEL01-RS,Risco Médio,Alta
sexta-feira,BR-381,498.9,Pleno dia,Crescente,Nublado,Dupla,Reta,-19.9941,-44.20815,DEL01-MG,Risco Médio,Alta
domingo,BR-226,533.7,Pleno dia,Decrescente,Céu Claro,Simples,Reta,-6.209885,-47.07716,DEL04-MA,Risco Médio,Baixa
domingo,BR-50,41.0,Amanhecer,Decrescente,Céu Claro,Dupla,Reta,-18.68214,-48.17887,DEL15-MG,Risco Médio,Média
sexta-feira,BR-316,16.0,Pleno dia,Crescente,Céu Claro,Simples,Reta,-7.531974,-40.5566,DEL05-PE,Risco Alto,Baixa
quarta-feira,BR-101,54.0,Pleno dia,Crescente,Céu Claro,Dupla,Não Informado,-7.939611,-34.90357,DEL01-PE,Risco Baixo,Alta
domingo,BR-364,319.0,Plena Noite,Decrescente,Céu Claro,Simples,Reta,-17.42568,-52.62044,DEL05-GO,Risco Médio,Alta
sexta-feira,BR-116,339.0,Pleno dia,Crescente,Céu Claro,Simples,Reta,-30.44683,-51.4844,DEL02-RS,Risco Médio,Alta
sexta-feira,BR-70,33.0,Plena Noite,Decrescente,Céu Claro,Simples,Reta,-15.77975,-52.50126,DEL07-MT,Risco Alto,Baixa
segunda-feira,BR-319,62.0,Plena Noite,Crescente,Céu Claro,Dupla,Interseção de vias,-8.766685,-63.88405,DEL01-RO,Risco Médio,Baixa
sábado,BR-343,344.6,Pleno dia,Decrescente,Céu Claro,Simples,Reta,-5.098916,-42.76445,DEL01-PI,Risco Médio,Baixa
segunda-feira,BR-381,620.4,Amanhecer,Decrescente,Céu Claro,Dupla,Não Informado,-20.75826,-44.77638,DEL04-MG,Risco Baixo,Alta
sexta-feira,BR-232,19.8,Amanhecer,Crescente,Céu Claro,Dupla,Curva,-8.095435,-35.07136,DEL01-PE,Risco Médio,Baixa
domingo,BR-40,562.9,Pleno dia,Decrescente,Nublado,Dupla,Reta,-20.16108,-43.96468,DEL01-MG,Risco Médio,Alta
sábado,BR-163,483.6,Pleno dia,Crescente,Céu Claro,Simples,Interseção de vias,-20.45726,-54.54672,DEL01-MS,Risco Médio,Alta
domingo,BR-381,597.0,Pleno dia,Crescente,Ignorado,Dupla,Reta,-20.59579,-44.70688,DEL04-MG,Risco Médio,Alta
segunda-feira,BR-406,145.0,Pleno dia,Crescente,Céu Claro,Simples,Reta,-5.645569,-35.46412,DEL02-RN,Risco Baixo,Baixa
domingo,BR-381,648.9,Pleno dia,Decrescente,Céu Claro,Dupla,Curva,-20.95712,-44.90196,DEL04-MG,Risco Baixo,Alta
terça-feira,BR-60,163.0,Pleno dia,Decrescente,Céu Claro,Dupla,Não Informado,-16.7002,-49.3335,DEL01-GO,Risco Médio,Média
quinta-feira,BR-262,366.0,Pleno dia,Decrescente,Céu Claro,Dupla,Reta,-20.48466,-54.74662,DEL01-MS,Risco Médio,Média
terça-feira,BR-116,163.4,Plena Noite,Crescente,Nublado,Múltipla,Interseção de vias,-22.81702,-43.32264,DEL01-RJ,Risco Médio,Alta
quinta-feira,BR-116,181.8,Plena Noite,Decrescente,Céu Claro,Múltipla,Reta,-22.76131,-43.42349,DEL01-RJ,Risco Médio,Alta
domingo,BR-226,83.4,Plena Noite,Decrescente,Céu Claro,Simples,Reta,-6.197673,-35.79863,DEL01-RN,Risco Médio,Baixa
quinta-feira,BR-381,478.0,Pleno dia,Decrescente,Chuva,Dupla,Reta,-19.9643,-44.044,DEL01-MG,Risco Médio,Alta
domingo,BR-316,12.0,Pleno dia,Decrescente,Céu Claro,Dupla,Reta,-1.365094,-48.34079,DEL01-PA,Risco Médio,Baixa
quinta-feira,BR-287,404.1,Pleno dia,Decrescente,Céu Claro,Simples,Reta,-29.22009,-54.84183,DEL12-RS,Risco Baixo,Baixa
quarta-feira,BR-101,421.4,Plena Noite,Crescente,Chuva,Simples,Rotatória,-20.97397,-41.11067,DEL03-ES,Risco Médio,Alta
quinta-feira,BR-153,240.1,Pleno dia,Crescente,Céu Claro,Simples,Reta,-20.26029,-49.17752,DEL13-MG,Risco Médio,Alta
domingo,BR-324,543.0,Plena Noite,Crescente,Céu Claro,Dupla,Reta,-12.39713,-38.76807,DEL01-BA,Risco Médio,Baixa
sábado,BR-470,68.4,Plena Noite,Decrescente,Nublado,Simples,Não Informado,-26.87943,-49.24186,DEL04-SC,Risco Alto,Baixa
sexta-feira,BR-116,292.0,Plena Noite,Crescente,Chuva,Dupla,Reta,-22.4494,-44.3181,DEL07-RJ,Risco Médio,Alta
segunda-feira,BR-116,257.0,Pleno dia,Crescente,Sol,Múltipla,Rotatória,-29.8506,-51.17985,DEL01-RS,Risco Médio,Alta
segunda-feira,BR-393,172.0,Pleno dia,Crescente,Nublado,Simples,Reta,-22.11957,-43.16009,DEL06-RJ,Risco Médio,Média
domingo,BR-280,124.9,Plena Noite,Decrescente,Céu Claro,Simples,Reta,-26.239,-49.502,DEL06-SC,Risco Baixo,Baixa
sábado,BR-277,103.0,Plena Noite,Decrescente,Céu Claro,Dupla,Não Informado,-25.43042,-49.39649,DEL01-PR,Risco Baixo,Média
sexta-feira,BR-381,502.0,Pleno dia,Crescente,Céu Claro,Múltipla,Reta,-20.0362,-44.24586,DEL01-MG,Risco Médio,Alta
sábado,BR-116,349.2,Pleno dia,Crescente,Céu Claro,Simples,Curva,-24.05337,-47.21559,DEL04-SP,Risco Baixo,Alta
domingo,BR-381,3.0,Pleno dia,Crescente,Sol,Dupla,Não Informado,-22.87841,-46.39917,DEL03-SP,Risco Médio,Alta
domingo,BR-116,22.9,Amanhecer,Crescente,Nublado,Simples,Curva,-22.01635,-42.76879,DEL04-RJ,Risco Médio,Alta
segunda-feira,BR-376,517.0,Pleno dia,Decrescente,Nublado,Dupla,Curva,-25.09547,-50.16237,DEL03-PR,Risco Baixo,Baixa
quinta-feira,BR-116,212.0,Plena Noite,Decrescente,Nublado,Múltipla,Reta,-23.43693,-46.43013,DEL01-SP,Risco Médio,Alta
sexta-feira,BR-280,53.1,Anoitecer,Decrescente,Nublado,Dupla,Reta,-26.47237,-48.97427,DEL03-SC,Risco Médio,Baixa
quinta-feira,BR-376,671.0,Pleno dia,Crescente,Chuva,Dupla,Reta,-25.8871,-48.9347,DEL01-PR,Risco Médio,Baixa
domingo,BR-116,11.0,Plena Noite,Decrescente,Céu Claro,Simples,Reta,-14.8676,-40.8717,DEL05-PE,Risco Médio,Alta
segunda-feira,BR-20,325.0,Plena Noite,Decrescente,Céu Claro,Simples,Reta,-4.228013,-39.19771,DEL02-CE,Risco Baixo,Baixa
sábado,BR-80,9.9,Plena Noite,Crescente,Céu Claro,Simples,Não Informado,-15.73106,-48.15939,DEL01-DF,Risco Baixo,Baixa
domingo,BR-40,712.0,Pleno dia,Crescente,Céu Claro,Dupla,Curva,-21.256,-43.6621,DEL05-MG,Risco Médio,Alta
sexta-feira,BR-40,26.0,Pleno dia,Crescente,Nublado,Dupla,Reta,-22.16123,-43.15782,DEL06-RJ,Risco Médio,Alta
terça-feira,BR-262,367.0,Pleno dia,Crescente,Céu Claro,Dupla,Curva,-19.9619,-44.3358,DEL01-MG,Risco Médio,Média
quarta-feira,BR-101,206.0,Plena Noite,Crescente,Céu Claro,Dupla,Reta,-27.59194,-48.61825,DEL01-SC,Risco Médio,Alta
segunda-feira,BR-174,14.0,Amanhecer,Decrescente,Nublado,Dupla,Reta,-12.73307,-60.12981,DEL04-RO,Risco Médio,Baixa
terça-feira,BR-116,514.1,Plena Noite,Crescente,Céu Claro,Simples,Curva,-19.6788,-42.117,DEL06-MG,Risco Médio,Alta
terça-feira,BR-153,79.5,Plena Noite,Crescente,Céu Claro,Simples,Não Informado,-19.3023,-48.90829,DEL15-MG,Risco Baixo,Alta
quinta-feira,BR-282,360.0,Pleno dia,Decrescente,Céu Claro,Simples,Reta,-27.31735,-51.36676,DEL07-SC,Risco Médio,Baixa
domingo,BR-424,52.7,Pleno dia,Decrescente,Chuva,Simples,Curva,-8.72479,-36.7666,DEL03-PE,Risco Baixo,Baixa
terça-feira,BR-40,528.2,Pleno dia,Crescente,Céu Claro,Dupla,Reta,-19.91742,-44.03969,DEL01-MG,Risco Médio,Alta
sábado,BR-290,97.0,Pleno dia,Decrescente,Céu Claro,Dupla,Ponte,-29.99779,-51.20779,DEL01-RS,Risco Médio,Baixa
sábado,BR-428,184.0,Pleno dia,Decrescente,Céu Claro,Simples,Interseção de vias,-9.332112,-40.46621,DEL06-PE,Risco Médio,Baixa
quarta-feira,BR-116,486.0,Pleno dia,Crescente,Céu Claro,Dupla,Reta,-24.7223,-48.08254,DEL05-SP,Risco Baixo,Alta
quinta-feira,BR-470,129.1,Pleno dia,Decrescente,Céu Claro,Simples,Reta,-27.13828,-49.54525,DEL04-SC,Risco Médio,Baixa
quinta-feira,BR-392,7.0,Pleno dia,Crescente,Nublado,Simples,Reta,-32.09361,-52.10888,DEL07-RS,Risco Médio,Média
sábado,BR-101,125.0,Pleno dia,Crescente,Céu Claro,Dupla,Reta,-26.94802,-48.68339,DEL04-SC,Risco Médio,Alta
quinta-feira,BR-476,119.2,Pleno dia,Crescente,Nublado,Dupla,Não Informado,-25.3642,-49.18583,DEL01-PR,Risco Médio,Baixa
sexta-feira,BR-381,705.7,Amanhecer,Decrescente,Chuva,Dupla,Curva,-21.32033,-45.16552,DEL04-MG,Risco Médio,Alta
domingo,BR-40,387.0,Anoitecer,Crescente,Chuva,Simples,Desvio Temporário,-18.92273,-44.68367,DEL02-MG,Risco Médio,Alta
terça-feira,BR-262,387.2,Pleno dia,Decrescente,Chuva,Dupla,Reta,-19.9158,-44.4966,DEL01-MG,Risco Baixo,Média
segunda-feira,BR-230,27.5,Pleno dia,Decrescente,Céu Claro,Simples,Curva,-7.1651,-34.8941,DEL01-PB,Risco Baixo,Baixa