dia_semana,br,km,fase_dia,sentido_via,condicao_metereologica,tipo_pista,tracado_via,latitude,longitude,delegacia,classificacao_acidente,postos_policiais_PRF
quinta-feira,BR-319,58.3,Plena Noite,Decrescente,Nublado,Dupla,Reta,-8.743127,-63.91232,DEL01-RO,Risco Médio,Baixa
quarta-feira,BR-116,227.0,Pleno dia,Crescente,Nublado,Múltipla,Desvio Temporário,-23.49659,-46.55649,DEL01-SP,Risco Médio,Alta
domingo,BR-116,470.5,Plena Noite,Crescente,Ignorado,Simples,Curva,-19.31646,-42.07362,DEL06-MG,Risco Médio,Alta
sábado,BR-226,8.0,Pleno dia,Crescente,Céu Claro,Simples,Curva,-5.834688,-35.27959,DEL01-RN,Risco Médio,Baixa
terça-feira,BR-262,188.0,Pleno dia,Decrescente,Nublado,Simples,Reta,-19.88273,-43.04968,DEL03-MG,Risco Médio,Média
segunda-feira,BR-116,425.0,Plena Noite,Crescente,Céu Claro,Simples,Não Informado,-12.2407,-38.98314,DEL02-BA,Risco Alto,Alta
sexta-feira,BR-469,15.0,Anoitecer,Decrescente,Céu Claro,Simples,Interseção de vias,-25.58155,-54.52964,DEL05-PR,Risco Médio,Baixa
segunda-feira,BR-262,399.0,Amanhecer,Crescente,Céu Claro,Dupla,Reta,-19.8873,-44.5962,DEL01-MG,Risco Médio,Média
sexta-feira,BR-101,212.0,Amanhecer,Decrescente,Céu Claro,Simples,Retorno Regulamentado,-19.81538,-40.36656,DEL02-ES,Risco Médio,Alta
sábado,BR-10,233.8,Plena Noite,Decrescente,Céu Claro,Simples,Reta,-5.670139,-47.37938,DEL04-MA,Risco Alto,Baixa
quarta-feira,BR-116,378.5,Amanhecer,Crescente,Sol,Dupla,Reta,-30.75375,-51.63796,DEL02-RS,Risco Baixo,Alta
sábado,BR-158,188.9,Plena Noite,Decrescente,Céu Claro,Simples,Reta,-16.42982,-51.79625,DEL05-GO,Risco Alto,Baixa
segunda-feira,BR-104,67.0,Pleno dia,Crescente,Nublado,Dupla,Não Informado,-8.294353,-35.98688,DEL02-PE,Risco Médio,Baixa
domingo,BR-116,338.1,Plena Noite,Decrescente,Céu Claro,Simples,Reta,-30.43129,-51.4744,DEL02-RS,Risco Médio,Alta
segunda-feira,BR-376,195.3,Plena Noite,Decrescente,Céu Claro,Dupla,Reta,-23.49796,-51.77373,DEL09-PR,Risco Baixo,Baixa
quinta-feira,BR-40,608.0,Pleno dia,Crescente,Céu Claro,Simples,Reta,-20.48759,-43.83766,DEL05-MG,Risco Médio,Alta
segunda-feira,BR-116,207.0,Pleno dia,Crescente,Nublado,Múltipla,Reta,-23.41972,-46.38419,DEL01-SP,Risco Médio,Alta
sexta-feira,BR-282,446.2,Pleno dia,Crescente,Chuva,Simples,Curva,-26.90768,-51.90731,DEL07-SC,Risco Médio,Baixa
segunda-feira,BR-174,501.6,Plena Noite,Decrescente,Céu Claro,Dupla,Reta,2.781689,-60.70383,DEL01-RR,Risco Baixo,Baixa
sábado,BR-262,37.2,Pleno dia,Decrescente,Céu Claro,Simples,Curva,-20.25749,-42.03049,DEL06-MG,Risco Médio,Média
quarta-feira,BR-290,31.0,Pleno dia,Decrescente,Céu Claro,Dupla,Reta,-29.88391,-50.56576,DEL03-RS,Risco Médio,Baixa
quarta-feira,BR-472,648.5,Plena Noite,Crescente,Nublado,Simples,Reta,-30.20729,-57.54864,DEL13-RS,Risco Médio,Baixa
sábado,BR-116,257.0,Plena Noite,Decrescente,Nublado,Dupla,Reta,-29.84989,-51.17912,DEL01-RS,Risco Médio,Alta
quinta-feira,BR-470,244.9,Pleno dia,Crescente,Céu Claro,Simples,Não Informado,-27.3152,-50.53552,DEL05-SC,Risco Baixo,Baixa
domingo,BR-163,69.8,Plena Noite,Crescente,Céu Claro,Dupla,Reta,-16.90077,-54.72118,DEL02-MT,Risco Baixo,Alta
sexta-feira,BR-101,211.2,Plena Noite,Decrescente,Céu Claro,Múltipla,Reta,-27.6301,-48.659,DEL01-SC,Risco Médio,Alta
domingo,BR-116,17.7,Plena Noite,Crescente,Céu Claro,Simples,Curva,-21.98044,-42.75369,DEL04-RJ,Risco Médio,Alta
domingo,BR-470,103.0,Pleno dia,Crescente,Chuva,Simples,Curva,-27.06463,-49.40105,DEL04-SC,Risco Médio,Baixa
sábado,BR-20,157.9,Pleno dia,Decrescente,Céu Claro,Simples,Reta,-14.63981,-46.62787,DEL02-DF,Risco Médio,Baixa
quinta-feira,BR-116,513.6,Pleno dia,Decrescente,Nublado,Simples,Não Informado,-24.85934,-48.21095,DEL05-SP,Risco Baixo,Alta
segunda-feira,BR-101,157.2,Pleno dia,Decrescente,Nublado,Múltipla,Reta,-27.1827,-48.61222,DEL04-SC,Risco Baixo,Alta
domingo,BR-235,45.0,Plena Noite,Crescente,Chuva,Simples,Reta,-10.74692,-37.3999,DEL01-SE,Risco Médio,Baixa
sábado,BR-381,37.9,Pleno dia,Crescente,Céu Claro,Dupla,Curva,-23.10506,-46.56882,DEL03-SP,Risco Médio,Alta
domingo,BR-262,665.9,Anoitecer,Crescente,Céu Claro,Simples,Reta,-19.55519,-46.88719,DEL08-MG,Risco Médio,Média
sexta-feira,BR-40,462.0,Pleno dia,Crescente,Chuva,Dupla,Curva,-19.41369,-44.33879,DEL02-MG,Risco Médio,Alta
domingo,BR-226,343.0,Pleno dia,Crescente,Céu Claro,Simples,Curva,-5.500049,-45.54127,DEL04-MA,Risco Alto,Baixa
quinta-feira,BR-40,700.2,Pleno dia,Crescente,Sol,Simples,Interseção de vias,-21.2189,-43.739,DEL05-MG,Risco Alto,Alta
quarta-feira,BR-376,186.6,Pleno dia,Decrescente,Céu Claro,Dupla,Desvio Temporário,-23.45644,-51.84511,DEL07-PR,Risco Médio,Baixa
terça-feira,BR-476,133.6,Plena Noite,Crescente,Céu Claro,Dupla,Reta,-25.42895,-49.26714,DEL01-PR,Risco Médio,Baixa
quinta-feira,BR-163,0.8,Amanhecer,Decrescente,Nevoeiro/Neblina,Simples,Não Informado,-26.2834,-53.56223,DEL02-PR,Risco Médio,Alta
sexta-feira,BR-364,339.7,Plena Noite,Decrescente,Chuva,Simples,Reta,-10.90782,-61.93017,DEL02-RO,Risco Médio,Alta
domingo,BR-101,264.0,Pleno dia,Crescente,Céu Claro,Dupla,Reta,-20.17293,-40.26736,DEL02-ES,Risco Baixo,Alta
quarta-feira,BR-116,23.0,Pleno dia,Crescente,Céu Claro,Simples,Reta,-3.949055,-38.51213,DEL01-CE,Risco Médio,Alta
quarta-feira,BR-393,281.0,Pleno dia,Crescente,Céu Claro,Simples,Reta,-22.48026,-44.02975,DEL05-RJ,Risco Médio,Média
quinta-feira,BR-40,441.1,Pleno dia,Decrescente,Céu Claro,Dupla,Reta,-19.27587,-44.41834,DEL02-MG,Risco Baixo,Alta
terça-feira,BR-222,98.0,Pleno dia,Decrescente,Chuva,Simples,Curva,-3.71787,-39.40714,DEL04-CE,Risco Médio,Baixa
domingo,BR-116,67.0,Plena Noite,Decrescente,Nublado,Simples,Curva,-22.29372,-42.93354,DEL06-RJ,Risco Médio,Alta
segunda-feira,BR-116,285.5,Plena Noite,Decrescente,Céu Claro,Dupla,Curva,-11.04772,-38.83804,DEL02-BA,Risco Médio,Alta
quarta-feira,BR-316,14.5,Pleno dia,Decrescente,Nublado,Dupla,Reta,-1.366713,-48.3172,DEL01-PA,Risco Baixo,Baixa
domingo,BR-40,38.0,Pleno dia,Decrescente,Chuva,Dupla,Curva,-22.22751,-43.11963,DEL06-RJ,Risco Médio,Alta
domingo,BR-262,759.9,Pleno dia,Crescente,Nublado,Simples,Reta,-19.15332,-57.63033,DEL03-MS,Risco Médio,Média
quinta-feira,BR-163,773.0,Pleno dia,Decrescente,Chuva,Simples,Não Informado,-12.40405,-55.62559,DEL06-MT,Risco Médio,Alta
sexta-feira,BR-174,90.1,Pleno dia,Decrescente,Nublado,Simples,Reta,-15.90674,-57.80881,DEL03-MT,Risco Baixo,Baixa
domingo,BR-116,214.5,Plena Noite,Decrescente,Céu Claro,Múltipla,Reta,-23.447,-46.453,DEL01-SP,Risco Baixo,Alta
terça-feira,BR-101,153.0,Pleno dia,Decrescente,Nublado,Dupla,Reta,-27.14472,-48.61064,DEL04-SC,Risco Médio,Alta
quarta-feira,BR-116,12.0,Plena Noite,Crescente,Céu Claro,Simples,Reta,-14.87576,-40.87135,DEL08-BA,Risco Médio,Alta
quarta-feira,BR-163,462.5,Plena Noite,Crescente,Garoa/Chuvisco,Simples,Reta,-20.62069,-54.57427,DEL01-MS,Risco Médio,Alta
segunda-feira,BR-116,182.0,Plena Noite,Decrescente,Chuva,Dupla,Reta,-22.75678,-43.43107,DEL01-RJ,Risco Médio,Alta
sábado,BR-116,566.9,Amanhecer,Decrescente,Céu Claro,Simples,Curva,-20.24713,-42.14244,DEL06-MG,Risco Baixo,Alta
sábado,BR-381,86.0,Plena Noite,Crescente,Céu Claro,Múltipla,Curva,-23.4593,-46.57161,DEL03-SP,Risco Médio,Alta
quinta-feira,BR-101,215.5,Plena Noite,Crescente,Chuva,Múltipla,Não Informado,-27.65336,-48.67729,DEL01-SC,Risco Baixo,Alta
sexta-feira,BR-116,266.0,Pleno dia,Decrescente,Céu Claro,Múltipla,Reta,-29.9284,-51.1778,DEL01-RS,Risco Médio,Alta
segunda-feira,BR-277,579.0,Amanhecer,Decrescente,Céu Claro,Dupla,Reta,-24.98299,-53.35928,DEL04-PR,Risco Médio,Média
terça-feira,BR-153,291.0,Pleno dia,Decrescente,Sol,Simples,Curva,-15.20468,-49.5436,DEL02-GO,Risco Médio,Alta
quarta-feira,BR-101,215.5,Pleno dia,Decrescente,Céu Claro,Dupla,Não Informado,-27.6519,-48.6761,DEL01-SC,Risco Médio,Alta
sexta-feira,BR-116,136.0,Amanhecer,Decrescente,Céu Claro,Dupla,Reta,-22.64988,-43.17254,DEL04-RJ,Risco Médio,Alta
quarta-feira,BR-381,673.1,Plena Noite,Decrescente,Céu Claro,Dupla,Não Informado,-21.09966,-45.08511,DEL04-MG,Risco Médio,Alta
quinta-feira,BR-116,353.0,Pleno dia,Crescente,Chuva,Simples,Curva,-11.63729,-38.98269,DEL02-BA,Risco Alto,Alta
domingo,BR-277,117.0,Plena Noite,Decrescente,Nublado,Dupla,Reta,-25.43419,-49.41561,DEL01-PR,Risco Médio,Média
domingo,BR-232,182.4,Plena Noite,Decrescente,Céu Claro,Simples,Não Informado,-8.34842,-36.44862,DEL02-PE,Risco Médio,Baixa
sábado,BR-262,112.0,Plena Noite,Crescente,Céu Claro,Simples,Reta,-20.33746,-41.20034,DEL01-ES,Risco Médio,Média
segunda-feira,BR-285,200.3,Pleno dia,Crescente,Sol,Simples,Reta,-28.20386,-51.52929,DEL08-RS,Risco Médio,Baixa
domingo,BR-101,267.5,Plena Noite,Decrescente,Céu Claro,Dupla,Reta,-28.077,-48.71234,DEL02-SC,Risco Baixo,Alta
segunda-feira,BR-116,256.0,Plena Noite,Crescente,Céu Claro,Dupla,Reta,-22.58449,-44.00458,DEL07-RJ,Risco Médio,Alta
segunda-feira,BR-376,663.0,Plena Noite,Decrescente,Nublado,Dupla,Reta,-25.85277,-48.97557,DEL01-PR,Risco Baixo,Baixa
sábado,BR-40,119.0,Plena Noite,Decrescente,Chuva,Múltipla,Reta,-22.7713,-43.2862,DEL01-RJ,Risco Médio,Alta
sábado,BR-381,795.0,Amanhecer,Decrescente,Céu Claro,Dupla,Reta,-21.91442,-45.57893,DEL16-MG,Risco Médio,Alta
sábado,BR-116,264.4,Plena Noite,Crescente,Céu Claro,Dupla,Interseção de vias,-29.91444,-51.17754,DEL01-RS,Risco Médio,Alta
quarta-feira,BR-376,253.7,Pleno dia,Crescente,Sol,Dupla,Reta,-23.63358,-51.37804,DEL07-PR,Risco Médio,Baixa
sábado,BR-101,264.4,Pleno dia,Crescente,Sol,Dupla,Reta,-20.17867,-40.26552,DEL02-ES,Risco Médio,Alta
quarta-feira,BR-343,330.1,Pleno dia,Crescente,Sol,Simples,Reta,-5.056723,-42.68428,DEL01-PI,Risco Médio,Baixa
sábado,BR-267,28.3,Amanhecer,Decrescente,Nublado,Simples,Curva,-21.64024,-42.83477,DEL07-MG,Risco Baixo,Baixa
domingo,BR-70,621.8,Pleno dia,Decrescente,Céu Claro,Simples,Desvio Temporário,-15.93459,-56.97081,DEL03-MT,Risco Médio,Baixa
segunda-feira,BR-153,628.5,Pleno dia,Decrescente,Chuva,Dupla,Curva,-17.78187,-49.18116,DEL03-GO,Risco Baixo,Alta
segunda-feira,BR-470,153.7,Pleno dia,Crescente,Chuva,Simples,Curva,-27.27649,-49.73967,DEL04-SC,Risco Alto,Baixa
sábado,BR-365,19.0,Plena Noite,Crescente,Céu Claro,Dupla,Reta,-18.93067,-48.19579,DEL12-MG,Risco Médio,Média
terça-feira,BR-364,128.0,Pleno dia,Decrescente,Céu Claro,Simples,Reta,-10.02535,-67.81936,DEL01-AC,Risco Médio,Alta
quinta-feira,BR-116,13.4,Pleno dia,Decrescente,Céu Claro,Múltipla,Reta,-3.860885,-38.49715,DEL01-CE,Risco Médio,Alta
sábado,BR-40,628.0,Anoitecer,Crescente,Céu Claro,Simples,Não Informado,-20.64411,-43.81128,DEL05-MG,Risco Médio,Alta
quinta-feira,BR-153,196.3,Pleno dia,Crescente,Chuva,Simples,Reta,-14.47993,-49.15435,DEL07-GO,Risco Médio,Alta
quinta-feira,BR-316,330.5,Pleno dia,Decrescente,Céu Claro,Simples,Reta,-4.114487,-45.00513,DEL02-MA,Risco Baixo,Baixa
sábado,BR-101,194.0,Pleno dia,Crescente,Nublado,Múltipla,Reta,-27.49815,-48.65661,DEL01-SC,Risco Médio,Alta
sexta-feira,BR-116,266.0,Pleno dia,Crescente,Garoa/Chuvisco,Dupla,Curva,-22.58856,-44.09535,DEL07-RJ,Risco Médio,Alta
sábado,BR-232,34.0,Pleno dia,Crescente,Sol,Dupla,Reta,-8.107025,-35.18395,DEL01-PE,Risco Médio,Baixa
sexta-feira,BR-364,598.0,Plena Noite,Crescente,Céu Claro,Simples,Reta,-9.239907,-63.16685,DEL03-RO,Risco Médio,Alta
terça-feira,BR-116,42.2,Plena Noite,Crescente,Céu Claro,Dupla,Curva,-25.17612,-48.87426,DEL01-PR,Risco Baixo,Alta
domingo,BR-70,519.0,Pleno dia,Decrescente,Garoa/Chuvisco,Simples,Reta,-15.69576,-56.08898,DEL01-MT,Risco Médio,Baixa
sexta-feira,BR-116,59.0,Plena Noite,Decrescente,Chuva,Simples,Reta,-22.22819,-42.90823,DEL04-RJ,Risco Baixo,Alta
terça-feira,BR-101,72.7,Anoitecer,Crescente,Céu Claro,Simples,Curva,-21.79951,-41.39434,DEL08-RJ,Risco Médio,Alta
segunda-feira,BR-373,259.1,Plena Noite,Decrescente,Nublado,Simples,Reta,-25.20655,-50.93609,DEL03-PR,Risco Médio,Baixa
quinta-feira,BR-101,103.0,Pleno dia,Decrescente,Chuva,Dupla,Reta,-8.292413,-35.05598,DEL01-PE,Risco Médio,Alta
domingo,BR-364,269.0,Pleno dia,Crescente,Céu Claro,Simples,Interseção de vias,-15.96892,-54.94394,DEL02-MT,Risco Baixo,Alta
domingo,BR-376,591.0,Plena Noite,Decrescente,Nevoeiro/Neblina,Dupla,Reta,-25.46,-49.35895,DEL01-PR,Risco Médio,Baixa
sábado,BR-153,506.0,Plena Noite,Decrescente,Nublado,Dupla,Desvio Temporário,-16.76048,-49.24024,DEL01-GO,Risco Alto,Alta
segunda-feira,BR-101,386.7,Pleno dia,Crescente,Chuva,Dupla,Desvio Temporário,-28.77759,-49.32157,DEL02-SC,Risco Baixo,Alta
terça-feira,BR-381,518.2,Pleno dia,Decrescente,Céu Claro,Dupla,Desvio Temporário,-20.12065,-44.30243,DEL04-MG,Risco Baixo,Alta
quarta-feira,BR-230,781.1,Plena Noite,Crescente,Chuva,Simples,Reta,-3.571271,-53.21597,DEL04-PA,Risco Alto,Baixa
terça-feira,BR-40,121.0,Plena Noite,Crescente,Céu Claro,Múltipla,Curva,-22.78185,-43.28571,DEL01-RJ,Risco Médio,Alta
quinta-feira,BR-101,300.0,Plena Noite,Decrescente,Céu Claro,Dupla,Reta,-22.77646,-42.94784,DEL02-RJ,Risco Médio,Alta
quinta-feira,BR-101,80.0,Pleno dia,Decrescente,Céu Claro,Dupla,Reta,-8.1532,-34.9426,DEL01-PE,Risco Médio,Alta
quarta-feira,BR-290,75.0,Plena Noite,Crescente,Nevoeiro/Neblina,Dupla,Curva,-29.95521,-51.00686,DEL01-RS,Risco Baixo,Baixa
sexta-feira,BR-116,86.0,Plena Noite,Crescente,Chuva,Simples,Não Informado,-26.60977,-50.22937,DEL06-SC,Risco Médio,Alta
terça-feira,BR-116,275.0,Plena Noite,Decrescente,Nublado,Simples,Não Informado,-17.8403,-41.5134,DEL11-MG,Risco Médio,Alta
segunda-feira,BR-324,560.0,Pleno dia,Crescente,Céu Claro,Dupla,Reta,-12.4925,-38.65367,DEL01-BA,Risco Médio,Baixa
segunda-feira,BR-376,159.0,Pleno dia,Crescente,Sol,Dupla,Reta,-23.35925,-52.0877,DEL07-PR,Risco Médio,Baixa
segunda-feira,BR-476,135.0,Plena Noite,Decrescente,Nublado,Dupla,Reta,-25.48379,-49.26581,DEL01-PR,Risco Médio,Baixa
quinta-feira,BR-316,57.0,Pleno dia,Decrescente,Céu Claro,Simples,Reta,-9.23268,-37.4537,DEL03-AL,Risco Médio,Baixa
sexta-feira,BR-60,51.0,Pleno dia,Decrescente,Céu Claro,Dupla,Reta,-16.1651,-48.6333,DEL02-GO,Risco Médio,Média
domingo,BR-369,99.2,Pleno dia,Crescente,Céu Claro,Simples,Curva,-23.24334,-50.70989,DEL07-PR,Risco Médio,Baixa
quinta-feira,BR-163,87.0,Plena Noite,Crescente,Céu Claro,Simples,Reta,-26.59023,-53.51574,DEL07-SC,Risco Médio,Alta
segunda-feira,BR-153,518.4,Plena Noite,Decrescente,Garoa/Chuvisco,Simples,Reta,-26.59895,-51.46346,DEL02-PR,Risco Baixo,Alta
quinta-feira,BR-101,107.0,Plena Noite,Crescente,Céu Claro,Dupla,Reta,-26.8191,-48.6838,DEL03-SC,Risco Médio,Alta
terça-feira,BR-423,155.6,Anoitecer,Crescente,Nublado,Simples,Reta,-9.06222,-36.94473,DEL03-PE,Risco Alto,Baixa
domingo,BR-262,358.0,Pleno dia,Decrescente,Nublado,Dupla,Curva,-19.9795,-44.2517,DEL01-MG,Risco Médio,Média
segunda-feira,BR-40,29.0,Pleno dia,Decrescente,Chuva,Dupla,Curva,-22.17757,-43.16802,DEL06-RJ,Risco Médio,Alta
domingo,BR-158,97.3,Pleno dia,Decrescente,Nublado,Dupla,Reta,-19.69597,-51.17785,DEL08-MS,Risco Médio,Baixa
quinta-feira,BR-381,61.9,Plena Noite,Crescente,Céu Claro,Dupla,Curva,-23.29012,-46.58007,DEL03-SP,Risco Médio,Alta
terça-feira,BR-174,91.0,Anoitecer,Decrescente,Nublado,Simples,Reta,-15.89918,-57.81388,DEL03-MT,Risco Baixo,Baixa
terça-feira,BR-101,201.0,Pleno dia,Crescente,Céu Claro,Múltipla,Reta,-27.5572,-48.6188,DEL01-SC,Risco Baixo,Alta
sábado,BR-386,38.5,Pleno dia,Crescente,Céu Claro,Simples,Não Informado,-27.39137,-53.40078,DEL08-RS,Risco Baixo,Média
sábado,BR-277,690.0,Pleno dia,Decrescente,Chuva,Dupla,Desvio Temporário,-25.35824,-54.24533,DEL05-PR,Risco Médio,Média
domingo,BR-116,109.0,Anoitecer,Crescente,Garoa/Chuvisco,Dupla,Reta,-23.02871,-45.54517,DEL08-SP,Risco Médio,Alta
terça-feira,BR-116,219.0,Amanhecer,Decrescente,Nublado,Múltipla,Reta,-23.46144,-46.48885,DEL01-SP,Risco Médio,Alta
sábado,BR-373,180.0,Pleno dia,Decrescente,Céu Claro,Dupla,Reta,-25.03984,-50.24853,DEL03-PR,Risco Baixo,Baixa
quarta-feira,BR-290,222.0,Plena Noite,Decrescente,Céu Claro,Simples,Ponte,-30.20211,-52.44598,DEL02-RS,Risco Alto,Baixa
quarta-feira,BR-262,58.7,Pleno dia,Decrescente,Céu Claro,Simples,Curva,-20.72529,-52.13167,DEL07-MS,Risco Médio,Média
terça-feira,BR-116,706.7,Pleno dia,Crescente,Sol,Simples,Reta,-21.14705,-42.38152,DEL07-MG,Risco Médio,Alta
segunda-feira,BR-262,151.0,Plena Noite,Crescente,Céu Claro,Simples,Curva,-20.21488,-41.44926,DEL01-ES,Risco Médio,Média
terça-feira,BR-222,27.0,Plena Noite,Crescente,Céu Claro,Simples,Reta,-3.720455,-38.79405,DEL01-CE,Risco Médio,Baixa
sábado,BR-427,94.7,Plena Noite,Decrescente,Nublado,Simples,Reta,-6.48191,-37.06283,DEL03-RN,Risco Médio,Baixa
terça-feira,BR-116,139.0,Plena Noite,Crescente,Céu Claro,Dupla,Reta,-22.65576,-43.24486,DEL04-RJ,Risco Médio,Alta
segunda-feira,BR-316,100.0,Pleno dia,Decrescente,Nublado,Simples,Reta,-1.339277,-47.57928,DEL01-PA,Risco Médio,Baixa
terça-feira,BR-319,61.8,Pleno dia,Crescente,Céu Claro,Dupla,Interseção de vias,-8.766685,-63.88405,DEL01-RO,Risco Médio,Baixa
sábado,BR-470,336.5,Plena Noite,Decrescente,Céu Claro,Simples,Reta,-29.91426,-51.71134,DEL04-RS,Risco Médio,Baixa
sábado,BR-277,116.0,Plena Noite,Decrescente,Céu Claro,Dupla,Reta,-25.4494,-49.51751,DEL01-PR,Risco Médio,Média
terça-feira,BR-101,43.8,Pleno dia,Crescente,Céu Claro,Simples,Reta,-26.33807,-48.85958,DEL03-SC,Risco Médio,Alta
sexta-feira,BR-290,90.0,Pleno dia,Crescente,Céu Claro,Dupla,Reta,-29.96832,-51.1574,DEL01-RS,Risco Médio,Baixa
terça-feira,BR-470,192.3,Plena Noite,Decrescente,Nublado,Simples,Não Informado,-27.29332,-50.07868,DEL04-SC,Risco Médio,Baixa
terça-feira,BR-476,253.9,Pleno dia,Decrescente,Nublado,Simples,Curva,-25.89184,-50.18712,DEL02-PR,Risco Médio,Baixa
sábado,BR-135,155.0,Plena Noite,Decrescente,Ignorado,Simples,Reta,-3.805163,-44.51157,DEL01-MA,Risco Baixo,Baixa
terça-feira,BR-174,463.0,Plena Noite,Decrescente,Nublado,Simples,Reta,-13.7799,-59.76973,DEL04-MT,Risco Médio,Baixa
quarta-feira,BR-40,464.0,Plena Noite,Decrescente,Céu Claro,Dupla,Não Informado,-19.43111,-44.33657,DEL02-MG,Risco Alto,Alta
quinta-feira,BR-365,669.1,Plena Noite,Decrescente,Céu Claro,Dupla,Reta,-18.88993,-48.7016,DEL15-MG,Risco Médio,Média
terça-feira,BR-116,110.0,Amanhecer,Decrescente,Nublado,Dupla,Reta,-25.56206,-49.26014,DEL01-PR,Risco Baixo,Alta
quinta-feira,BR-116,288.6,Anoitecer,Decrescente,Garoa/Chuvisco,Dupla,Reta,-23.71925,-46.88314,DEL04-SP,Risco Médio,Alta
terça-feira,BR-101,157.0,Plena Noite,Crescente,Chuva,Dupla,Reta,-27.18163,-48.61212,DEL04-SC,Risco Médio,Alta
segunda-feira,BR-116,94.0,Pleno dia,Crescente,Nublado,Simples,Curva,-22.46644,-43.00089,DEL04-RJ,Risco Médio,Alta
sexta-feira,BR-386,342.0,Plena Noite,Crescente,Céu Claro,Simples,Reta,-29.43163,-52.01193,DEL04-RS,Risco Médio,Média
quinta-feira,BR-101,105.0,Pleno dia,Decrescente,Céu Claro,Dupla,Curva,-8.302428,-35.0699,DEL01-PE,Risco Médio,Alta
sábado,BR-235,26.3,Amanhecer,Decrescente,Céu Claro,Simples,Reta,-10.80405,-37.26546,DEL01-SE,Risco Alto,Baixa
sábado,BR-230,278.0,Pleno dia,Crescente,Céu Claro,Simples,Desvio Temporário,-6.9513,-36.8451,DEL03-PB,Risco Alto,Baixa
sexta-feira,BR-116,291.5,Plena Noite,Crescente,Céu Claro,Simples,Reta,-22.47234,-44.27716,DEL07-RJ,Risco Alto,Alta
sábado,BR-153,529.0,Plena Noite,Decrescente,Céu Claro,Dupla,Reta,-16.9603,-49.2384,DEL01-GO,Risco Médio,Alta
terça-feira,BR-116,94.0,Pleno dia,Decrescente,Céu Claro,Simples,Reta,-9.434778,-39.09411,DEL07-BA,Risco Alto,Alta
terça-feira,BR-10,251.5,Pleno dia,Crescente,Céu Claro,Simples,Reta,-5.543249,-47.46445,DEL04-MA,Risco Médio,Baixa
sábado,BR-60,191.1,Amanhecer,Crescente,Garoa/Chuvisco,Dupla,Retorno Regulamentado,-16.8384,-49.5433,DEL01-GO,Risco Alto,Média
terça-feira,BR-101,197.0,Plena Noite,Crescente,Chuva,Simples,Reta,-19.71196,-40.33447,DEL04-ES,Risco Médio,Alta
domingo,BR-282,445.8,Pleno dia,Decrescente,Sol,Simples,Curva,-26.91534,-51.90559,DEL07-SC,Risco Médio,Baixa
domingo,BR-381,489.0,Plena Noite,Crescente,Céu Claro,Dupla,Reta,-19.956,-44.1334,DEL01-MG,Risco Médio,Alta
quarta-feira,BR-116,275.9,Pleno dia,Crescente,Nublado,Simples,Rotatória,-17.85231,-41.51442,DEL11-MG,Risco Baixo,Alta
quarta-feira,BR-101,208.0,Pleno dia,Crescente,Céu Claro,Simples,Reta,-22.48067,-42.22017,DEL08-RJ,Risco Médio,Alta
terça-feira,BR-40,513.0,Anoitecer,Decrescente,Céu Claro,Dupla,Reta,-19.8048,-44.0972,DEL01-MG,Risco Médio,Alta
quinta-feira,BR-364,31.9,Plena Noite,Crescente,Céu Claro,Simples,Rotatória,-20.00698,-48.93428,DEL13-MG,Risco Baixo,Alta
sexta-feira,BR-116,172.4,Plena Noite,Decrescente,Céu Claro,Simples,Reta,-4.997429,-38.04118,DEL03-CE,Risco Médio,Alta
segunda-feira,BR-104,145.5,Pleno dia,Decrescente,Vento,Simples,Reta,-7.422787,-35.89513,DEL02-PB,Risco Médio,Baixa
quinta-feira,BR-101,65.2,Pleno dia,Crescente,Céu Claro,Múltipla,Reta,-8.027441,-34.94305,DEL01-PE,Risco Médio,Alta
sábado,BR-163,10.0,Plena Noite,Decrescente,Garoa/Chuvisco,Simples,Curva,-23.97757,-54.33107,DEL09-MS,Risco Médio,Alta
sexta-feira,BR-70,4.0,Amanhecer,Decrescente,Céu Claro,Dupla,Reta,-15.7723,-48.2309,DEL01-DF,Risco Alto,Baixa
terça-feira,BR-153,81.0,Pleno dia,Decrescente,Sol,Simples,Reta,-13.53558,-49.10858,DEL07-GO,Risco Médio,Alta
quarta-feira,BR-158,317.2,Pleno dia,Decrescente,Céu Claro,Múltipla,Reta,-29.65589,-53.77374,DEL09-RS,Risco Baixo,Baixa
sexta-feira,BR-101,114.0,Plena Noite,Decrescente,Céu Claro,Múltipla,Reta,-26.86193,-48.72867,DEL04-SC,Risco Baixo,Alta
quinta-feira,BR-470,193.7,Plena Noite,Crescente,Chuva,Simples,Não Informado,-27.30101,-50.07972,DEL04-SC,Risco Alto,Baixa
domingo,BR-428,190.5,Pleno dia,Crescente,Céu Claro,Dupla,Reta,-9.381141,-40.51105,DEL06-PE,Risco Médio,Baixa
quarta-feira,BR-285,318.5,Pleno dia,Decrescente,Céu Claro,Dupla,Não Informado,-28.26864,-52.60085,DEL08-RS,Risco Baixo,Baixa
sábado,BR-163,312.0,Plena Noite,Decrescente,Chuva,Simples,Reta,-7.038504,-55.41889,DEL05-PA,Risco Médio,Alta
domingo,BR-381,579.6,Plena Noite,Decrescente,Nublado,Dupla,Não Informado,-20.48344,-44.59038,DEL04-MG,Risco Alto,Alta