dia_semana,br,km,fase_dia,sentido_via,condicao_metereologica,tipo_pista,tracado_via,latitude,longitude,delegacia,classificacao_acidente,postos_policiais_PRF
sábado,BR-70,757.7,Pleno dia,Crescente,Céu Claro,Simples,Reta,-16.06614,-57.84803,DEL03-MT,Risco Médio,Baixa
segunda-feira,BR-101,526.0,Plena Noite,Decrescente,Garoa/Chuvisco,Simples,Reta,-14.97755,-39.32969,DEL05-BA,Risco Médio,Alta
quarta-feira,BR-135,68.0,Pleno dia,Decrescente,Céu Claro,Simples,Curva,-11.3144,-44.97616,DEL10-BA,Risco Médio,Baixa
quinta-feira,BR-101,47.0,Pleno dia,Crescente,Céu Claro,Simples,Reta,-21.6073,-41.3166,DEL08-RJ,Risco Baixo,Alta
quarta-feira,BR-101,65.0,Pleno dia,Crescente,Céu Claro,Simples,Não Informado,-21.75436,-41.34649,DEL08-RJ,Risco Médio,Alta
segunda-feira,BR-282,413.4,Pleno dia,Decrescente,Nublado,Simples,Não Informado,-27.05071,-51.70031,DEL07-SC,Risco Médio,Baixa
terça-feira,BR-423,84.2,Pleno dia,Crescente,Nublado,Simples,Reta,-8.797632,-36.43783,DEL03-PE,Risco Baixo,Baixa
sexta-feira,BR-153,34.5,Anoitecer,Crescente,Céu Claro,Simples,Reta,-23.24054,-50.03827,DEL07-PR,Risco Médio,Alta
segunda-feira,BR-135,182.0,Plena Noite,Crescente,Nublado,Simples,Não Informado,-12.19297,-45.01342,DEL10-BA,Risco Médio,Baixa
sábado,BR-153,773.0,Pleno dia,Decrescente,Chuva,Simples,Curva,-12.57785,-49.07536,DEL01-TO,Risco Médio,Alta
quarta-feira,BR-20,18.2,Plena Noite,Crescente,Céu Claro,Dupla,Retorno Regulamentado,-15.6169,-47.70893,DEL02-DF,Risco Médio,Baixa
segunda-feira,BR-101,109.0,Anoitecer,Crescente,Céu Claro,Dupla,Reta,-5.937378,-35.26483,DEL01-RN,Risco Médio,Alta
sexta-feira,BR-343,268.0,Pleno dia,Crescente,Céu Claro,Simples,Reta,-4.842865,-42.18758,DEL01-PI,Risco Médio,Baixa
domingo,BR-40,1.2,Pleno dia,Crescente,Céu Claro,Dupla,Reta,-16.05992,-47.9831,DEL01-DF,Risco Baixo,Alta
segunda-feira,BR-230,479.4,Pleno dia,Crescente,Céu Claro,Simples,Reta,-6.8431,-38.3315,DEL03-PB,Risco Médio,Baixa
quinta-feira,BR-232,57.3,Pleno dia,Crescente,Céu Claro,Dupla,Reta,-8.141695,-35.38322,DEL01-PE,Risco Alto,Baixa
domingo,BR-116,23.0,Plena Noite,Decrescente,Céu Claro,Dupla,Reta,-3.944427,-38.50959,DEL01-CE,Risco Médio,Alta
sábado,BR-476,128.0,Plena Noite,Decrescente,Céu Claro,Dupla,Reta,-25.43305,-49.23156,DEL01-PR,Risco Baixo,Baixa
segunda-feira,BR-50,242.7,Plena Noite,Decrescente,Chuva,Dupla,Reta,-17.9009,-47.7953,DEL06-GO,Risco Médio,Média
sexta-feira,BR-222,2.0,Pleno dia,Crescente,Céu Claro,Múltipla,Interseção de vias,-3.739111,-38.58687,DEL01-CE,Risco Médio,Baixa
quinta-feira,BR-116,34.5,Pleno dia,Crescente,Céu Claro,Simples,Reta,-28.47816,-50.89825,DEL05-RS,Risco Médio,Alta
sábado,BR-376,3.3,Plena Noite,Decrescente,Céu Claro,Dupla,Reta,-23.55914,-51.43844,DEL07-PR,Risco Baixo,Baixa
sexta-feira,BR-153,507.0,Pleno dia,Crescente,Céu Claro,Múltipla,Reta,-16.7715,-49.2387,DEL01-GO,Risco Médio,Alta
domingo,BR-101,173.0,Pleno dia,Decrescente,Chuva,Dupla,Reta,-27.32099,-48.62789,DEL04-SC,Risco Médio,Alta
sexta-feira,BR-101,329.0,Pleno dia,Crescente,Nublado,Simples,Reta,-13.4716,-39.41826,DEL05-BA,Risco Médio,Alta
segunda-feira,BR-20,427.9,Pleno dia,Crescente,Chuva,Dupla,Reta,-3.867823,-38.51089,DEL01-CE,Risco Médio,Baixa
domingo,BR-153,136.0,Pleno dia,Decrescente,Céu Claro,Simples,Curva,-24.04806,-50.24743,DEL07-PR,Risco Médio,Alta
segunda-feira,BR-381,765.1,Pleno dia,Decrescente,Céu Claro,Dupla,Curva,-21.73353,-45.38191,DEL16-MG,Risco Médio,Alta
sábado,BR-70,26.6,Pleno dia,Crescente,Céu Claro,Simples,Não Informado,-15.81841,-52.47267,DEL07-MT,Risco Baixo,Baixa
domingo,BR-40,2.0,Plena Noite,Crescente,Céu Claro,Dupla,Não Informado,-16.06914,-47.98463,DEL01-DF,Risco Médio,Alta
quarta-feira,BR-381,506.0,Pleno dia,Decrescente,Sol,Dupla,Reta,-20.0411,-44.2619,DEL01-MG,Risco Médio,Alta
segunda-feira,BR-277,169.0,Plena Noite,Crescente,Céu Claro,Simples,Reta,-25.46272,-49.92285,DEL03-PR,Risco Médio,Média
quarta-feira,BR-230,5.0,Pleno dia,Crescente,Céu Claro,Dupla,Reta,-7.01,-34.8312,DEL01-PB,Risco Médio,Baixa
segunda-feira,BR-282,39.8,Plena Noite,Decrescente,Garoa/Chuvisco,Simples,Curva,-27.71244,-48.86061,DEL01-SC,Risco Médio,Baixa
quarta-feira,BR-376,407.2,Pleno dia,Crescente,Chuva,Dupla,Curva,-24.64522,-50.62349,DEL03-PR,Risco Baixo,Baixa
sexta-feira,BR-116,123.5,Pleno dia,Decrescente,Nublado,Dupla,Desvio Temporário,-23.08758,-45.66976,DEL06-SP,Risco Médio,Alta
quinta-feira,BR-40,709.6,Plena Noite,Crescente,Céu Claro,Dupla,Curva,-21.24249,-43.72299,DEL05-MG,Risco Médio,Alta
quarta-feira,BR-101,295.0,Pleno dia,Crescente,Chuva,Múltipla,Reta,-20.33224,-40.40005,DEL01-ES,Risco Médio,Alta
segunda-feira,BR-410,18.0,Pleno dia,Crescente,Ignorado,Simples,Reta,-10.86736,-38.61626,DEL07-BA,Risco Médio,Baixa
quinta-feira,BR-316,45.2,Plena Noite,Crescente,Chuva,Dupla,Reta,-1.277567,-48.07833,DEL01-PA,Risco Médio,Baixa
terça-feira,BR-116,228.5,Pleno dia,Crescente,Sol,Simples,Não Informado,-29.61104,-51.12425,DEL01-RS,Risco Médio,Alta
quinta-feira,BR-319,63.0,Plena Noite,Crescente,Céu Claro,Dupla,Interseção de vias,-8.766685,-63.88405,DEL01-RO,Risco Médio,Baixa
sábado,BR-330,726.0,Plena Noite,Crescente,Garoa/Chuvisco,Simples,Reta,-13.87344,-40.04111,DEL03-BA,Risco Baixo,Baixa
segunda-feira,BR-116,158.0,Pleno dia,Crescente,Chuva,Dupla,Não Informado,-23.26072,-45.95179,DEL02-SP,Risco Médio,Alta
sexta-feira,BR-70,1.0,Pleno dia,Decrescente,Céu Claro,Dupla,Curva,-15.77579,-48.23259,DEL01-DF,Risco Médio,Baixa
sexta-feira,BR-153,606.0,Plena Noite,Crescente,Céu Claro,Dupla,Reta,-17.59518,-49.1911,DEL03-GO,Risco Baixo,Alta
domingo,BR-381,30.0,Plena Noite,Decrescente,Nublado,Dupla,Reta,-23.04885,-46.56483,DEL03-SP,Risco Baixo,Alta
sábado,BR-116,415.0,Pleno dia,Decrescente,Céu Claro,Dupla,Curva,-24.3322,-47.6386,DEL05-SP,Risco Baixo,Alta
sexta-feira,BR-470,60.7,Pleno dia,Decrescente,Céu Claro,Simples,Reta,-26.88138,-49.16454,DEL04-SC,Risco Médio,Baixa
quinta-feira,BR-60,168.2,Pleno dia,Decrescente,Nublado,Dupla,Reta,-16.73045,-49.39033,DEL01-GO,Risco Baixo,Média
quarta-feira,BR-80,133.0,Pleno dia,Decrescente,Céu Claro,Simples,Reta,-14.97062,-48.93053,DEL07-GO,Risco Médio,Baixa
quarta-feira,BR-101,303.5,Pleno dia,Decrescente,Garoa/Chuvisco,Dupla,Reta,-20.37775,-40.44762,DEL01-ES,Risco Médio,Alta
sábado,BR-222,1.2,Pleno dia,Decrescente,Céu Claro,Dupla,Reta,-3.736507,-38.65337,DEL01-CE,Risco Médio,Baixa
terça-feira,BR-376,490.9,Plena Noite,Crescente,Nublado,Dupla,Reta,-25.14692,-50.15072,DEL03-PR,Risco Médio,Baixa
segunda-feira,BR-101,46.3,Pleno dia,Decrescente,Nublado,Simples,Reta,-29.57664,-50.06327,DEL03-RS,Risco Médio,Alta
segunda-feira,BR-282,642.1,Pleno dia,Crescente,Céu Claro,Simples,Reta,-26.77091,-53.46293,DEL07-SC,Risco Médio,Baixa
quarta-feira,BR-277,722.5,Pleno dia,Decrescente,Nublado,Dupla,Curva,-25.49659,-54.52397,DEL05-PR,Risco Médio,Média
domingo,BR-163,1064.0,Anoitecer,Crescente,Nublado,Simples,Reta,-9.957358,-54.90392,DEL06-MT,Risco Médio,Alta
quarta-feira,BR-381,2.7,Pleno dia,Crescente,Sol,Dupla,Não Informado,-22.88187,-46.39059,DEL03-SP,Risco Médio,Alta
domingo,BR-174,9.0,Pleno dia,Crescente,Céu Claro,Simples,Curva,-15.20273,-59.36724,DEL04-MT,Risco Médio,Baixa
quarta-feira,BR-369,153.7,Plena Noite,Crescente,Nublado,Dupla,Reta,-23.29822,-51.19579,DEL07-PR,Risco Médio,Baixa
quarta-feira,BR-40,142.0,Amanhecer,Crescente,Céu Claro,Simples,Reta,-17.74038,-46.18573,DEL14-MG,Risco Médio,Alta
domingo,BR-324,516.0,Anoitecer,Decrescente,Nublado,Simples,Reta,-12.24171,-38.93768,DEL02-BA,Risco Médio,Baixa
quinta-feira,BR-104,89.0,Pleno dia,Crescente,Céu Claro,Dupla,Reta,-9.45719,-35.82916,DEL01-AL,Risco Médio,Baixa
sexta-feira,BR-381,736.2,Amanhecer,Decrescente,Céu Claro,Dupla,Reta,-21.55149,-45.24388,DEL04-MG,Risco Médio,Alta
sábado,BR-10,244.5,Amanhecer,Crescente,Sol,Simples,Reta,-2.303868,-47.56389,DEL02-PA,Risco Médio,Baixa
terça-feira,BR-277,690.6,Plena Noite,Crescente,Ignorado,Dupla,Não Informado,-25.35827,-54.24527,DEL05-PR,Risco Médio,Média
sexta-feira,BR-262,56.0,Anoitecer,Crescente,Céu Claro,Simples,Curva,-20.4109,-40.7541,DEL01-ES,Risco Médio,Média
quarta-feira,BR-40,661.1,Pleno dia,Crescente,Céu Claro,Simples,Curva,-20.91003,-43.82902,DEL05-MG,Risco Médio,Alta
quarta-feira,BR-116,285.0,Pleno dia,Crescente,Chuva,Dupla,Curva,-22.4783,-44.2625,DEL07-RJ,Risco Baixo,Alta
sábado,BR-262,325.8,Plena Noite,Decrescente,Nublado,Simples,Reta,-20.46852,-54.52515,DEL01-MS,Risco Médio,Média
segunda-feira,BR-40,520.5,Pleno dia,Crescente,Céu Claro,Dupla,Reta,-19.8521,-44.0727,DEL01-MG,Risco Médio,Alta
sexta-feira,BR-116,252.0,Plena Noite,Decrescente,Nublado,Simples,Reta,-22.5814,-44.0213,DEL07-RJ,Risco Baixo,Alta
domingo,BR-222,125.0,Plena Noite,Decrescente,Vento,Simples,Curva,-3.689657,-39.59688,DEL04-CE,Risco Médio,Baixa
quinta-feira,BR-235,4.0,Pleno dia,Crescente,Céu Claro,Dupla,Reta,-10.9064,-37.1197,DEL01-SE,Risco Baixo,Baixa
sexta-feira,BR-116,302.0,Plena Noite,Decrescente,Chuva,Simples,Reta,-30.1363,-51.357,DEL02-RS,Risco Baixo,Alta
quinta-feira,BR-153,46.2,Pleno dia,Decrescente,Céu Claro,Dupla,Curva,-18.78888,-49.08364,DEL15-MG,Risco Médio,Alta
quarta-feira,BR-282,565.0,Pleno dia,Decrescente,Céu Claro,Simples,Curva,-26.90027,-52.88831,DEL07-SC,Risco Médio,Baixa
sábado,BR-282,21.0,Pleno dia,Decrescente,Sol,Simples,Interseção de vias,-27.68917,-48.73494,DEL01-SC,Risco Médio,Baixa
sábado,BR-153,162.0,Pleno dia,Crescente,Céu Claro,Simples,Rotatória,-24.23131,-50.23212,DEL03-PR,Risco Médio,Alta
sexta-feira,BR-280,274.9,Pleno dia,Crescente,Sol,Simples,Desvio Temporário,-26.22841,-53.17598,DEL02-PR,Risco Médio,Baixa
segunda-feira,BR-101,588.0,Plena Noite,Decrescente,Céu Claro,Simples,Reta,-23.31294,-44.71779,DEL03-RJ,Risco Alto,Alta
sábado,BR-277,365.9,Pleno dia,Crescente,Céu Claro,Simples,Reta,-25.43647,-51.64543,DEL03-PR,Risco Baixo,Média
quarta-feira,BR-116,227.0,Pleno dia,Decrescente,Sol,Dupla,Reta,-22.66657,-43.84448,DEL07-RJ,Risco Médio,Alta
sexta-feira,BR-487,127.9,Pleno dia,Decrescente,Céu Claro,Simples,Não Informado,-23.87288,-52.85937,DEL09-PR,Risco Médio,Baixa
quinta-feira,BR-101,74.0,Plena Noite,Crescente,Céu Claro,Dupla,Reta,-21.80723,-41.39734,DEL08-RJ,Risco Médio,Alta
segunda-feira,BR-343,341.6,Pleno dia,Crescente,Céu Claro,Dupla,Rotatória,-5.078216,-42.74988,DEL01-PI,Risco Médio,Baixa
quarta-feira,BR-101,283.0,Plena Noite,Crescente,Céu Claro,Dupla,Reta,-28.226,-48.7012,DEL02-SC,Risco Médio,Alta
terça-feira,BR-158,77.4,Pleno dia,Decrescente,Chuva,Simples,Não Informado,-27.71366,-53.31794,DEL08-RS,Risco Médio,Baixa
terça-feira,BR-242,254.0,Pleno dia,Crescente,Céu Claro,Simples,Não Informado,-12.49155,-40.51964,DEL06-BA,Risco Médio,Baixa
domingo,BR-101,366.1,Plena Noite,Crescente,Céu Claro,Dupla,Reta,-28.68626,-49.15458,DEL02-SC,Risco Baixo,Alta
segunda-feira,BR-304,36.0,Plena Noite,Decrescente,Céu Claro,Dupla,Reta,-5.177403,-37.36498,DEL04-RN,Risco Médio,Baixa
sexta-feira,BR-116,143.0,Plena Noite,Decrescente,Garoa/Chuvisco,Dupla,Reta,-23.17853,-45.83794,DEL06-SP,Risco Médio,Alta
terça-feira,BR-343,461.8,Pleno dia,Decrescente,Céu Claro,Simples,Reta,-5.997316,-42.7325,DEL01-PI,Risco Médio,Baixa
sábado,BR-304,33.9,Plena Noite,Decrescente,Céu Claro,Dupla,Desvio Temporário,-5.155274,-37.34927,DEL04-RN,Risco Médio,Baixa
segunda-feira,BR-116,224.0,Pleno dia,Crescente,Chuva,Múltipla,Reta,-23.48072,-46.53272,DEL01-SP,Risco Médio,Alta
segunda-feira,BR-10,254.0,Pleno dia,Decrescente,Céu Claro,Simples,Reta,-5.5242,-47.4715,DEL04-MA,Risco Médio,Baixa
segunda-feira,BR-116,270.0,Pleno dia,Decrescente,Nublado,Simples,Reta,-29.96839,-51.17624,DEL01-RS,Risco Baixo,Alta
domingo,BR-376,160.0,Plena Noite,Crescente,Céu Claro,Dupla,Curva,-23.3651,-52.0738,DEL07-PR,Risco Médio,Baixa
segunda-feira,BR-381,578.6,Plena Noite,Decrescente,Chuva,Dupla,Curva,-20.4778,-44.5849,DEL04-MG,Risco Médio,Alta
sexta-feira,BR-40,121.0,Pleno dia,Crescente,Céu Claro,Múltipla,Reta,-22.7884,-43.2853,DEL01-RJ,Risco Médio,Alta
sábado,BR-116,136.0,Plena Noite,Crescente,Nublado,Dupla,Reta,-22.64989,-43.1725,DEL01-RJ,Risco Médio,Alta
terça-feira,BR-40,113.0,Anoitecer,Crescente,Céu Claro,Múltipla,Reta,-22.708,-43.29,DEL01-RJ,Risco Médio,Alta
quinta-feira,BR-101,294.0,Plena Noite,Decrescente,Céu Claro,Dupla,Curva,-20.32416,-40.39529,DEL01-ES,Risco Médio,Alta
terça-feira,BR-101,88.0,Plena Noite,Decrescente,Céu Claro,Dupla,Reta,-7.168614,-34.89702,DEL01-PB,Risco Médio,Alta
domingo,BR-101,934.8,Plena Noite,Decrescente,Nublado,Simples,Reta,-18.1684,-39.91874,DEL09-BA,Risco Médio,Alta
segunda-feira,BR-381,509.3,Plena Noite,Decrescente,Céu Claro,Dupla,Reta,-20.05099,-44.28015,DEL01-MG,Risco Baixo,Alta
segunda-feira,BR-277,645.2,Pleno dia,Crescente,Nublado,Simples,Curva,-25.17363,-53.89804,DEL05-PR,Risco Médio,Média
domingo,BR-135,308.0,Pleno dia,Decrescente,Céu Claro,Simples,Reta,-5.027909,-44.43451,DEL03-MA,Risco Baixo,Baixa
quarta-feira,BR-282,3.5,Pleno dia,Decrescente,Céu Claro,Dupla,Reta,-27.59701,-48.60095,DEL01-SC,Risco Médio,Baixa
segunda-feira,BR-407,227.0,Pleno dia,Crescente,Nublado,Simples,Reta,-11.33058,-40.01666,DEL04-BA,Risco Médio,Baixa
segunda-feira,BR-101,125.5,Plena Noite,Decrescente,Céu Claro,Dupla,Curva,-26.94802,-48.68339,DEL04-SC,Risco Baixo,Alta
segunda-feira,BR-262,301.1,Pleno dia,Crescente,Céu Claro,Simples,Curva,-20.49447,-54.30435,DEL01-MS,Risco Baixo,Média
sábado,BR-135,97.8,Plena Noite,Crescente,Ignorado,Simples,Reta,-3.341546,-44.45436,DEL01-MA,Risco Médio,Baixa
quarta-feira,BR-376,361.6,Pleno dia,Decrescente,Céu Claro,Simples,Não Informado,-24.2809,-50.88352,DEL03-PR,Risco Baixo,Baixa
domingo,BR-50,202.6,Plena Noite,Decrescente,Nublado,Dupla,Reta,-19.92627,-47.82191,DEL13-MG,Risco Médio,Média
segunda-feira,BR-101,508.0,Pleno dia,Decrescente,Sol,Simples,Reta,-22.94448,-44.4282,DEL03-RJ,Risco Alto,Alta
domingo,BR-101,112.0,Pleno dia,Decrescente,Garoa/Chuvisco,Dupla,Reta,-26.84589,-48.72131,DEL04-SC,Risco Médio,Alta
sábado,BR-116,9.7,Pleno dia,Crescente,Nublado,Múltipla,Reta,-3.827791,-38.50486,DEL01-CE,Risco Médio,Alta
sábado,BR-153,537.0,Plena Noite,Decrescente,Nublado,Dupla,Não Informado,-17.0276,-49.2229,DEL01-GO,Risco Baixo,Alta
quarta-feira,BR-262,461.2,Plena Noite,Crescente,Céu Claro,Simples,Não Informado,-19.82283,-45.08196,DEL08-MG,Risco Médio,Média
sexta-feira,BR-376,217.0,Pleno dia,Decrescente,Céu Claro,Simples,Interseção de vias,-23.59784,-51.62416,DEL09-PR,Risco Médio,Baixa
segunda-feira,BR-468,106.4,Pleno dia,Crescente,Céu Claro,Simples,Reta,-27.43149,-53.95124,DEL08-RS,Risco Médio,Baixa
sábado,BR-376,3.7,Pleno dia,Decrescente,Céu Claro,Dupla,Reta,-25.54053,-49.19155,DEL01-PR,Risco Baixo,Baixa
quinta-feira,BR-230,309.5,Amanhecer,Crescente,Céu Claro,Simples,Reta,-6.9256,-37.06395,DEL03-PB,Risco Médio,Baixa
domingo,BR-280,51.5,Amanhecer,Crescente,Nublado,Dupla,Reta,-26.46539,-48.95544,DEL03-SC,Risco Médio,Baixa
sexta-feira,BR-153,76.4,Plena Noite,Crescente,Céu Claro,Simples,Reta,-20.90028,-49.44658,DEL09-SP,Risco Baixo,Alta
quarta-feira,BR-153,94.0,Pleno dia,Decrescente,Céu Claro,Simples,Reta,-13.60455,-49.04205,DEL07-GO,Risco Médio,Alta
sábado,BR-282,393.0,Pleno dia,Decrescente,Nublado,Simples,Curva,-27.16022,-51.5739,DEL07-SC,Risco Médio,Baixa
quinta-feira,BR-316,25.0,Amanhecer,Crescente,Ignorado,Dupla,Reta,-1.3308,-48.2367,DEL01-PA,Risco Médio,Baixa
quinta-feira,BR-116,79.9,Plena Noite,Crescente,Céu Claro,Dupla,Reta,-22.89421,-45.29471,DEL08-SP,Risco Médio,Alta
quinta-feira,BR-470,66.0,Pleno dia,Decrescente,Céu Claro,Simples,Reta,-26.87041,-49.22184,DEL04-SC,Risco Médio,Baixa
sábado,BR-470,177.0,Pleno dia,Crescente,Céu Claro,Simples,Reta,-28.91926,-51.53915,DEL06-RS,Risco Médio,Baixa
quarta-feira,BR-101,271.0,Pleno dia,Decrescente,Céu Claro,Múltipla,Interseção de vias,-20.23098,-40.27943,DEL02-ES,Risco Médio,Alta
quinta-feira,BR-364,573.0,Amanhecer,Decrescente,Garoa/Chuvisco,Simples,Desvio Temporário,-9.454375,-63.10214,DEL03-RO,Risco Médio,Alta
quarta-feira,BR-116,54.0,Plena Noite,Crescente,Nublado,Dupla,Reta,-22.76059,-45.11883,DEL08-SP,Risco Médio,Alta
segunda-feira,BR-364,418.0,Pleno dia,Crescente,Céu Claro,Simples,Não Informado,-10.4858,-62.4333,DEL03-RO,Risco Baixo,Alta
sábado,BR-163,491.2,Plena Noite,Decrescente,Céu Claro,Simples,Reta,-20.36435,-54.52854,DEL01-MS,Risco Médio,Alta
sexta-feira,BR-101,297.8,Pleno dia,Decrescente,Céu Claro,Múltipla,Não Informado,-20.3534,-40.41533,DEL01-ES,Risco Médio,Alta
sábado,BR-116,184.0,Pleno dia,Decrescente,Céu Claro,Dupla,Reta,-22.74647,-43.44594,DEL01-RJ,Risco Médio,Alta
sábado,BR-101,44.0,Pleno dia,Decrescente,Sol,Simples,Viaduto,-26.31239,-48.87459,DEL03-SC,Risco Médio,Alta
domingo,BR-116,31.9,Pleno dia,Crescente,Céu Claro,Simples,Curva,-8.11305,-39.12384,DEL05-PE,Risco Médio,Alta
domingo,BR-364,348.9,Pleno dia,Crescente,Céu Claro,Dupla,Curva,-15.79328,-55.58155,DEL02-MT,Risco Alto,Alta
sexta-feira,BR-116,224.0,Plena Noite,Decrescente,Garoa/Chuvisco,Múltipla,Reta,-23.48392,-46.538,DEL01-SP,Risco Baixo,Alta
quarta-feira,BR-259,96.0,Plena Noite,Decrescente,Céu Claro,Dupla,Reta,-19.51218,-40.98518,DEL02-ES,Risco Médio,Baixa
quinta-feira,BR-101,168.3,Pleno dia,Crescente,Chuva,Simples,Reta,-12.35796,-38.84301,DEL01-BA,Risco Baixo,Alta
terça-feira,BR-101,23.0,Plena Noite,Crescente,Nublado,Dupla,Reta,-26.1657,-48.9074,DEL03-SC,Risco Baixo,Alta
quinta-feira,BR-104,120.5,Pleno dia,Crescente,Céu Claro,Simples,Reta,-7.195626,-35.87467,DEL02-PB,Risco Médio,Baixa
domingo,BR-20,387.0,Pleno dia,Crescente,Céu Claro,Dupla,Reta,-3.871654,-38.80728,DEL01-CE,Risco Baixo,Baixa
quinta-feira,BR-369,195.0,Pleno dia,Crescente,Céu Claro,Dupla,Reta,-23.50003,-51.42392,DEL07-PR,Risco Médio,Baixa
terça-feira,BR-480,128.6,Plena Noite,Decrescente,Céu Claro,Dupla,Interseção de vias,-27.04273,-52.63564,DEL07-SC,Risco Médio,Baixa
segunda-feira,BR-324,574.0,Pleno dia,Crescente,Céu Claro,Dupla,Reta,-12.57141,-38.54688,DEL01-BA,Risco Médio,Baixa
terça-feira,BR-116,14.0,Pleno dia,Decrescente,Céu Claro,Múltipla,Reta,-3.872406,-38.49865,DEL01-CE,Risco Alto,Alta
terça-feira,BR-116,266.0,Plena Noite,Crescente,Chuva,Dupla,Curva,-22.556,-44.1298,DEL07-RJ,Risco Médio,Alta
terça-feira,BR-230,128.0,Pleno dia,Decrescente,Céu Claro,Simples,Reta,-5.373201,-49.1678,DEL03-PA,Risco Alto,Baixa
terça-feira,BR-316,32.0,Plena Noite,Decrescente,Céu Claro,Simples,Reta,-5.34218,-42.68627,DEL01-PI,Risco Baixo,Baixa
terça-feira,BR-40,522.5,Pleno dia,Decrescente,Céu Claro,Dupla,Reta,-19.86387,-44.0675,DEL01-MG,Risco Médio,Alta
terça-feira,BR-116,483.0,Plena Noite,Decrescente,Céu Claro,Dupla,Reta,-12.52091,-39.39262,DEL02-BA,Risco Médio,Alta
sexta-feira,BR-262,442.0,Plena Noite,Crescente,Céu Claro,Simples,Rotatória,-20.52686,-55.39957,DEL03-MS,Risco Médio,Média
quarta-feira,BR-101,366.7,Pleno dia,Decrescente,Chuva,Simples,Curva,-20.74481,-40.76021,DEL03-ES,Risco Médio,Alta
quinta-feira,BR-101,478.0,Plena Noite,Crescente,Garoa/Chuvisco,Simples,Reta,-23.00251,-44.26289,DEL03-RJ,Risco Médio,Alta
sexta-feira,BR-104,34.0,Plena Noite,Crescente,Céu Claro,Simples,Reta,-9.15381,-36.01296,DEL01-AL,Risco Médio,Baixa
quinta-feira,BR-364,89.6,Plena Noite,Decrescente,Céu Claro,Simples,Rotatória,-18.50923,-51.06792,DEL05-GO,Risco Médio,Alta
domingo,BR-60,174.0,Pleno dia,Crescente,Céu Claro,Dupla,Reta,-16.7423,-49.415,DEL01-GO,Risco Alto,Média
segunda-feira,BR-70,1.0,Amanhecer,Crescente,Céu Claro,Simples,Desvio Temporário,-15.88924,-52.26542,DEL07-MT,Risco Médio,Baixa
sexta-feira,BR-116,214.0,Pleno dia,Decrescente,Nublado,Múltipla,Reta,-23.46326,-46.53373,DEL01-SP,Risco Médio,Alta
domingo,BR-116,57.0,Pleno dia,Decrescente,Céu Claro,Simples,Não Informado,-4.220907,-38.47583,DEL03-CE,Risco Médio,Alta
domingo,BR-230,388.0,Pleno dia,Decrescente,Céu Claro,Simples,Reta,-7.392596,-45.98369,DEL05-MA,Risco Médio,Baixa
terça-feira,BR-116,16.2,Pleno dia,Decrescente,Céu Claro,Simples,Reta,-14.90232,-40.8479,DEL08-BA,Risco Médio,Alta
segunda-feira,BR-163,82.0,Amanhecer,Decrescente,Céu Claro,Simples,Reta,-23.43955,-54.20395,DEL09-MS,Risco Médio,Alta
terça-feira,BR-153,506.1,Pleno dia,Decrescente,Céu Claro,Dupla,Reta,-16.7633,-49.24,DEL01-GO,Risco Médio,Alta
sábado,BR-101,190.0,Plena Noite,Decrescente,Céu Claro,Simples,Reta,-9.925714,-36.47613,DEL02-AL,Risco Médio,Alta
sábado,BR-40,11.4,Plena Noite,Crescente,Céu Claro,Dupla,Reta,-16.13834,-47.95164,DEL01-DF,Risco Médio,Alta
terça-feira,BR-282,421.0,Pleno dia,Decrescente,Nublado,Simples,Curva,-27.01016,-51.73552,DEL07-SC,Risco Médio,Baixa
sexta-feira,BR-290,239.9,Pleno dia,Decrescente,Céu Claro,Simples,Não Informado,-30.22115,-52.61248,DEL02-RS,Risco Médio,Baixa
domingo,BR-101,201.7,Plena Noite,Decrescente,Nublado,Múltipla,Reta,-27.55574,-48.61897,DEL01-SC,Risco Médio,Alta
terça-feira,BR-262,17.5,Plena Noite,Crescente,Céu Claro,Simples,Reta,-20.38702,-40.4742,DEL01-ES,Risco Baixo,Média
segunda-feira,BR-116,265.0,Amanhecer,Decrescente,Céu Claro,Dupla,Reta,-29.92342,-51.17781,DEL01-RS,Risco Médio,Alta
sexta-feira,BR-222,5.0,Plena Noite,Decrescente,Vento,Dupla,Reta,-3.742969,-38.61331,DEL01-CE,Risco Médio,Baixa
sexta-feira,BR-365,623.5,Pleno dia,Crescente,Céu Claro,Dupla,Não Informado,-18.89542,-48.27112,DEL15-MG,Risco Médio,Média
domingo,BR-50,54.0,Pleno dia,Crescente,Céu Claro,Dupla,Não Informado,-18.77175,-48.2442,DEL15-MG,Risco Médio,Média
segunda-feira,BR-376,629.0,Plena Noite,Decrescente,Chuva,Dupla,Curva,-25.6897,-49.1459,DEL01-PR,Risco Médio,Baixa
terça-feira,BR-116,442.0,Pleno dia,Crescente,Céu Claro,Dupla,Curva,-12.352,-39.093,DEL02-BA,Risco Médio,Alta
domingo,BR-50,281.1,Anoitecer,Crescente,Céu Claro,Simples,Reta,-18.1784,-47.9362,DEL06-GO,Risco Médio,Média
segunda-feira,BR-70,518.0,Pleno dia,Decrescente,Céu Claro,Simples,Reta,-15.6478,-56.1332,DEL01-MT,Risco Médio,Baixa
quarta-feira,BR-282,532.9,Pleno dia,Crescente,Céu Claro,Simples,Reta,-26.99704,-52.63241,DEL07-SC,Risco Baixo,Baixa
sexta-feira,BR-222,245.0,Pleno dia,Decrescente,Céu Claro,Simples,Rotatória,-5.360913,-49.07863,DEL03-PA,Risco Médio,Baixa