dia_semana,br,km,fase_dia,sentido_via,condicao_metereologica,tipo_pista,tracado_via,latitude,longitude,delegacia,classificacao_acidente,postos_policiais_PRF
quarta-feira,BR-101,102.5,Anoitecer,Crescente,Nublado,Dupla,Reta,-26.77964,-48.68466,DEL03-SC,Risco Alto,Alta
terça-feira,BR-280,137.0,Plena Noite,Crescente,Nublado,Simples,Reta,-26.26818,-49.59045,DEL06-SC,Risco Médio,Baixa
sexta-feira,BR-406,150.0,Pleno dia,Decrescente,Céu Claro,Simples,Reta,-5.672193,-35.4045,DEL02-RN,Risco Baixo,Baixa
sexta-feira,BR-116,42.0,Pleno dia,Crescente,Céu Claro,Dupla,Reta,-4.113167,-38.49001,DEL01-CE,Risco Médio,Alta
segunda-feira,BR-50,21.0,Plena Noite,Crescente,Céu Claro,Dupla,Reta,-18.59591,-48.05356,DEL15-MG,Risco Médio,Média
terça-feira,BR-116,263.0,Pleno dia,Decrescente,Céu Claro,Múltipla,Reta,-29.90545,-51.17674,DEL01-RS,Risco Médio,Alta
terça-feira,BR-381,765.7,Pleno dia,Crescente,Céu Claro,Dupla,Reta,-21.73664,-45.38431,DEL16-MG,Risco Médio,Alta
sábado,BR-376,618.0,Pleno dia,Decrescente,Céu Claro,Dupla,Reta,-25.5987,-49.1739,DEL01-PR,Risco Baixo,Baixa
segunda-feira,BR-116,14.1,Pleno dia,Crescente,Garoa/Chuvisco,Dupla,Curva,-25.09836,-48.67392,DEL01-PR,Risco Médio,Alta
segunda-feira,BR-316,15.0,Pleno dia,Decrescente,Céu Claro,Dupla,Reta,-5.226189,-42.75017,DEL01-PI,Risco Médio,Baixa
sábado,BR-386,362.2,Plena Noite,Crescente,Céu Claro,Dupla,Curva,-29.55746,-51.89154,DEL04-RS,Risco Baixo,Média
quarta-feira,BR-277,47.7,Pleno dia,Crescente,Sol,Dupla,Não Informado,-25.5914,-48.9221,DEL01-PR,Risco Baixo,Média
sexta-feira,BR-101,296.0,Pleno dia,Crescente,Sol,Simples,Reta,-20.34463,-40.40703,DEL01-ES,Risco Médio,Alta
sexta-feira,BR-101,82.6,Plena Noite,Decrescente,Chuva,Dupla,Reta,-5.767915,-35.27456,DEL02-RN,Risco Médio,Alta
sábado,BR-242,723.0,Pleno dia,Crescente,Nublado,Simples,Reta,-12.23363,-44.40673,DEL10-BA,Risco Médio,Baixa
terça-feira,BR-116,362.0,Plena Noite,Crescente,Céu Claro,Dupla,Não Informado,-24.12202,-47.27048,DEL04-SP,Risco Médio,Alta
segunda-feira,BR-101,581.0,Anoitecer,Crescente,Céu Claro,Simples,Não Informado,-23.24745,-44.70082,DEL03-RJ,Risco Médio,Alta
quarta-feira,BR-60,37.7,Pleno dia,Crescente,Sol,Dupla,Rotatória,-16.6777,-49.2676,DEL01-GO,Risco Médio,Média
sexta-feira,BR-101,124.0,Plena Noite,Decrescente,Céu Claro,Dupla,Reta,-8.361745,-35.21311,DEL04-PE,Risco Médio,Alta
quarta-feira,BR-153,614.9,Plena Noite,Crescente,Céu Claro,Simples,Reta,-11.22049,-48.93221,DEL01-TO,Risco Alto,Alta
sexta-feira,BR-232,205.1,Pleno dia,Crescente,Sol,Simples,Desvio Temporário,-8.371186,-36.6531,DEL02-PE,Risco Médio,Baixa
domingo,BR-381,931.9,Pleno dia,Decrescente,Sol,Dupla,Curva,-22.79329,-46.2485,DEL16-MG,Risco Baixo,Alta
sexta-feira,BR-50,197.0,Pleno dia,Decrescente,Nublado,Dupla,Reta,-19.9146,-47.8299,DEL13-MG,Risco Baixo,Média
sábado,BR-469,0.0,Plena Noite,Decrescente,Céu Claro,Dupla,Rotatória,-25.57509,-54.55144,DEL05-PR,Risco Médio,Baixa
sábado,BR-40,632.3,Pleno dia,Decrescente,Sol,Simples,Curva,-20.68015,-43.79423,DEL05-MG,Risco Alto,Alta
terça-feira,BR-392,52.3,Anoitecer,Decrescente,Nublado,Múltipla,Reta,-31.85622,-52.32535,DEL07-RS,Risco Médio,Média
segunda-feira,BR-70,278.0,Pleno dia,Crescente,Sol,Simples,Reta,-15.5574,-54.27982,DEL05-MT,Risco Médio,Baixa
segunda-feira,BR-135,188.0,Anoitecer,Crescente,Céu Claro,Simples,Reta,-8.058009,-43.81063,DEL03-PI,Risco Baixo,Baixa
sexta-feira,BR-60,50.0,Pleno dia,Decrescente,Chuva,Dupla,Curva,-16.1625,-48.624,DEL02-GO,Risco Baixo,Média
quinta-feira,BR-235,353.0,Pleno dia,Crescente,Céu Claro,Simples,Reta,-9.439929,-40.4959,DEL04-BA,Risco Médio,Baixa
quinta-feira,BR-101,267.0,Pleno dia,Crescente,Céu Claro,Múltipla,Reta,-20.19931,-40.26885,DEL02-ES,Risco Médio,Alta
segunda-feira,BR-101,120.0,Anoitecer,Crescente,Céu Claro,Múltipla,Reta,-8.353416,-35.1783,DEL01-PE,Risco Médio,Alta
terça-feira,BR-101,223.2,Plena Noite,Crescente,Chuva,Simples,Curva,-19.87934,-40.41705,DEL02-ES,Risco Baixo,Alta
quarta-feira,BR-116,440.0,Pleno dia,Crescente,Céu Claro,Dupla,Reta,-24.4359,-47.79224,DEL05-SP,Risco Médio,Alta
sexta-feira,BR-101,533.0,Pleno dia,Decrescente,Céu Claro,Simples,Reta,-23.02406,-44.53704,DEL03-RJ,Risco Médio,Alta
sábado,BR-343,592.2,Plena Noite,Crescente,Céu Claro,Dupla,Rotatória,-6.77755,-43.03321,DEL03-PI,Risco Médio,Baixa
quarta-feira,BR-282,515.7,Plena Noite,Decrescente,Céu Claro,Simples,Curva,-26.92262,-52.49613,DEL07-SC,Risco Baixo,Baixa
quarta-feira,BR-116,263.0,Pleno dia,Crescente,Chuva,Dupla,Reta,-22.58821,-44.09467,DEL07-RJ,Risco Baixo,Alta
quinta-feira,BR-116,12.0,Pleno dia,Crescente,Céu Claro,Múltipla,Reta,-3.852077,-38.49553,DEL01-CE,Risco Médio,Alta
quarta-feira,BR-116,88.8,Plena Noite,Crescente,Garoa/Chuvisco,Dupla,Reta,-22.93501,-45.37019,DEL08-SP,Risco Alto,Alta
terça-feira,BR-493,22.0,Plena Noite,Crescente,Nublado,Simples,Não Informado,-22.65931,-43.0533,DEL04-RJ,Risco Médio,Baixa
terça-feira,BR-116,358.0,Pleno dia,Crescente,Céu Claro,Simples,Reta,-11.65827,-38.99663,DEL02-BA,Risco Baixo,Alta
segunda-feira,BR-101,186.0,Pleno dia,Crescente,Chuva,Simples,Reta,-9.8974,-36.45194,DEL02-AL,Risco Alto,Alta
sábado,BR-319,62.0,Pleno dia,Crescente,Nublado,Dupla,Interseção de vias,-8.751419,-63.88763,DEL01-RO,Risco Médio,Baixa
quinta-feira,BR-232,105.6,Pleno dia,Decrescente,Céu Claro,Dupla,Reta,-8.258304,-35.78276,DEL02-PE,Risco Médio,Baixa
sábado,BR-373,172.0,Plena Noite,Decrescente,Céu Claro,Dupla,Reta,-25.07595,-50.20996,DEL03-PR,Risco Médio,Baixa
terça-feira,BR-277,78.9,Pleno dia,Crescente,Garoa/Chuvisco,Dupla,Reta,-25.42895,-49.26714,DEL01-PR,Risco Médio,Média
domingo,BR-101,260.0,Pleno dia,Decrescente,Céu Claro,Simples,Curva,-20.14616,-40.28836,DEL02-ES,Risco Médio,Alta
terça-feira,BR-101,190.0,Pleno dia,Decrescente,Sol,Simples,Reta,-12.50001,-38.95935,DEL01-BA,Risco Médio,Alta
segunda-feira,BR-116,113.4,Pleno dia,Decrescente,Céu Claro,Simples,Reta,-16.53941,-41.50577,DEL11-MG,Risco Alto,Alta
terça-feira,BR-476,129.3,Pleno dia,Crescente,Nublado,Dupla,Reta,-25.4431,-49.23399,DEL01-PR,Risco Médio,Baixa
quinta-feira,BR-381,486.6,Pleno dia,Crescente,Céu Claro,Dupla,Viaduto,-19.95518,-44.11096,DEL01-MG,Risco Médio,Alta
quinta-feira,BR-20,418.0,Anoitecer,Decrescente,Céu Claro,Dupla,Reta,-3.76999,-38.67006,DEL01-CE,Risco Médio,Baixa
sexta-feira,BR-10,268.5,Pleno dia,Crescente,Sol,Simples,Reta,-5.391136,-47.4737,DEL04-MA,Risco Médio,Baixa
quinta-feira,BR-40,36.0,Pleno dia,Crescente,Céu Claro,Dupla,Curva,-22.22048,-43.12747,DEL06-RJ,Risco Médio,Alta
sexta-feira,BR-116,816.0,Pleno dia,Decrescente,Céu Claro,Simples,Reta,-14.77751,-40.73036,DEL08-BA,Risco Baixo,Alta
terça-feira,BR-230,26.8,Pleno dia,Crescente,Sol,Dupla,Reta,-7.1693,-34.8782,DEL01-PB,Risco Médio,Baixa
quarta-feira,BR-381,34.0,Pleno dia,Decrescente,Céu Claro,Dupla,Curva,-23.07994,-46.56986,DEL03-SP,Risco Médio,Alta
quinta-feira,BR-101,117.3,Amanhecer,Decrescente,Nevoeiro/Neblina,Dupla,Viaduto,-26.8961,-48.7188,DEL04-SC,Risco Médio,Alta
terça-feira,BR-116,273.0,Pleno dia,Decrescente,Nublado,Dupla,Reta,-22.56163,-44.14264,DEL07-RJ,Risco Médio,Alta
domingo,BR-40,3.4,Pleno dia,Decrescente,Céu Claro,Dupla,Reta,-16.07608,-47.98567,DEL01-DF,Risco Baixo,Alta
quarta-feira,BR-40,621.0,Pleno dia,Crescente,Nublado,Simples,Não Informado,-20.5944,-43.8026,DEL05-MG,Risco Médio,Alta
sexta-feira,BR-470,257.8,Plena Noite,Crescente,Nublado,Simples,Curva,-27.30881,-50.64147,DEL05-SC,Risco Médio,Baixa
sábado,BR-163,68.8,Pleno dia,Crescente,Chuva,Dupla,Não Informado,-26.73143,-53.51042,DEL07-SC,Risco Baixo,Alta
quarta-feira,BR-116,501.1,Pleno dia,Decrescente,Sol,Simples,Não Informado,-7.477501,-38.9808,DEL05-CE,Risco Médio,Alta
sábado,BR-101,44.0,Pleno dia,Decrescente,Nublado,Dupla,Curva,-26.33952,-48.85921,DEL03-SC,Risco Baixo,Alta
domingo,BR-153,416.1,Anoitecer,Crescente,Céu Claro,Dupla,Reta,-9.549964,-48.59993,DEL02-TO,Risco Baixo,Alta
sexta-feira,BR-242,373.0,Pleno dia,Crescente,Garoa/Chuvisco,Simples,Curva,-11.7461,-49.00505,DEL01-TO,Risco Médio,Baixa
sábado,BR-116,151.0,Plena Noite,Decrescente,Céu Claro,Dupla,Reta,-23.21981,-45.89992,DEL02-SP,Risco Médio,Alta
sexta-feira,BR-262,155.0,Anoitecer,Decrescente,Nublado,Simples,Curva,-20.22576,-41.46588,DEL01-ES,Risco Alto,Média
quinta-feira,BR-116,125.7,Pleno dia,Decrescente,Céu Claro,Dupla,Reta,-23.09873,-45.68608,DEL06-SP,Risco Médio,Alta
sábado,BR-470,301.8,Pleno dia,Decrescente,Sol,Simples,Reta,-27.37383,-51.0563,DEL07-SC,Risco Médio,Baixa
quarta-feira,BR-470,58.0,Pleno dia,Decrescente,Céu Claro,Simples,Interseção de vias,-26.88388,-49.14562,DEL04-SC,Risco Médio,Baixa
quinta-feira,BR-364,124.5,Pleno dia,Crescente,Céu Claro,Dupla,Reta,-10.01158,-67.79601,DEL01-AC,Risco Médio,Alta
quinta-feira,BR-364,468.0,Pleno dia,Decrescente,Céu Claro,Simples,Reta,-15.47293,-56.30541,DEL01-MT,Risco Baixo,Alta
domingo,BR-153,354.0,Pleno dia,Crescente,Céu Claro,Simples,Reta,-15.69912,-49.33447,DEL02-GO,Risco Médio,Alta
quinta-feira,BR-101,60.4,Pleno dia,Decrescente,Céu Claro,Dupla,Reta,-26.45325,-48.78102,DEL03-SC,Risco Médio,Alta
segunda-feira,BR-324,623.0,Pleno dia,Decrescente,Chuva,Dupla,Desvio Temporário,-12.92629,-38.46839,DEL01-BA,Risco Médio,Baixa
sábado,BR-163,952.0,Pleno dia,Crescente,Céu Claro,Simples,Reta,-10.88186,-55.20012,DEL06-MT,Risco Baixo,Alta
segunda-feira,BR-364,402.0,Plena Noite,Decrescente,Chuva,Dupla,Não Informado,-15.6493,-56.00122,DEL01-MT,Risco Médio,Alta
terça-feira,BR-101,208.6,Pleno dia,Decrescente,Céu Claro,Múltipla,Reta,-27.60652,-48.63496,DEL01-SC,Risco Médio,Alta
sábado,BR-376,232.0,Plena Noite,Decrescente,Céu Claro,Dupla,Reta,-23.57127,-51.50557,DEL07-PR,Risco Médio,Baixa
sábado,BR-356,129.0,Plena Noite,Crescente,Nublado,Simples,Curva,-21.6795,-41.3549,DEL08-RJ,Risco Médio,Baixa
terça-feira,BR-381,54.3,Plena Noite,Crescente,Céu Claro,Múltipla,Curva,-23.24879,-46.59275,DEL03-SP,Risco Baixo,Alta
sexta-feira,BR-369,150.0,Pleno dia,Decrescente,Céu Claro,Dupla,Desvio Temporário,-23.29286,-51.16641,DEL07-PR,Risco Médio,Baixa
quinta-feira,BR-277,247.0,Plena Noite,Crescente,Céu Claro,Simples,Curva,-25.45317,-50.65141,DEL03-PR,Risco Baixo,Média
quinta-feira,BR-364,232.5,Plena Noite,Crescente,Céu Claro,Simples,Reta,-16.24878,-54.77995,DEL02-MT,Risco Médio,Alta
quinta-feira,BR-365,621.6,Pleno dia,Decrescente,Céu Claro,Dupla,Reta,-18.89866,-48.27192,DEL15-MG,Risco Baixo,Média
quarta-feira,BR-104,82.4,Plena Noite,Decrescente,Chuva,Simples,Desvio Temporário,-8.414513,-35.9671,DEL02-PE,Risco Alto,Baixa
segunda-feira,BR-163,955.4,Pleno dia,Decrescente,Céu Claro,Simples,Rotatória,-10.84916,-55.18776,DEL06-MT,Risco Baixo,Alta
sexta-feira,BR-163,971.0,Amanhecer,Decrescente,Céu Claro,Simples,Reta,-10.51736,-55.23125,DEL06-MT,Risco Baixo,Alta
segunda-feira,BR-163,813.0,Plena Noite,Crescente,Nublado,Simples,Reta,-12.18053,-55.52607,DEL06-MT,Risco Médio,Alta
domingo,BR-365,432.0,Pleno dia,Decrescente,Céu Claro,Simples,Curva,-18.7611,-46.6712,DEL10-MG,Risco Médio,Média
terça-feira,BR-242,880.0,Pleno dia,Crescente,Nublado,Simples,Reta,-12.06853,-45.56064,DEL10-BA,Risco Médio,Baixa
sábado,BR-262,191.5,Plena Noite,Decrescente,Nublado,Simples,Reta,-19.87556,-43.07489,DEL03-MG,Risco Baixo,Média
quarta-feira,BR-101,207.0,Pleno dia,Crescente,Céu Claro,Dupla,Reta,-27.60001,-48.62265,DEL01-SC,Risco Médio,Alta
segunda-feira,BR-40,511.1,Pleno dia,Decrescente,Céu Claro,Dupla,Reta,-19.78164,-44.11733,DEL01-MG,Risco Médio,Alta
quinta-feira,BR-116,304.4,Pleno dia,Crescente,Céu Claro,Simples,Reta,-5.864187,-38.59059,DEL05-CE,Risco Alto,Alta
segunda-feira,BR-116,247.9,Anoitecer,Crescente,Céu Claro,Dupla,Interseção de vias,-29.77262,-51.15435,DEL01-RS,Risco Médio,Alta
segunda-feira,BR-101,82.0,Amanhecer,Decrescente,Céu Claro,Dupla,Reta,-8.170032,-34.93893,DEL01-PE,Risco Médio,Alta
domingo,BR-365,602.0,Plena Noite,Crescente,Céu Claro,Simples,Não Informado,-18.89132,-48.12338,DEL15-MG,Risco Médio,Média
segunda-feira,BR-50,194.3,Pleno dia,Decrescente,Nublado,Dupla,Reta,-19.88744,-47.84837,DEL13-MG,Risco Baixo,Média
sexta-feira,BR-369,52.1,Pleno dia,Crescente,Chuva,Dupla,Curva,-23.11109,-50.33538,DEL07-PR,Risco Médio,Baixa
quinta-feira,BR-158,313.9,Amanhecer,Decrescente,Nublado,Dupla,Curva,-29.63808,-53.76652,DEL09-RS,Risco Médio,Baixa
domingo,BR-101,184.6,Anoitecer,Crescente,Chuva,Simples,Reta,-11.39178,-37.67216,DEL02-SE,Risco Médio,Alta
segunda-feira,BR-101,195.0,Pleno dia,Decrescente,Céu Claro,Dupla,Reta,-27.50471,-48.65011,DEL01-SC,Risco Médio,Alta
sexta-feira,BR-116,267.0,Amanhecer,Crescente,Chuva,Dupla,Curva,-22.58964,-44.10483,DEL07-RJ,Risco Baixo,Alta
sábado,BR-70,4.0,Pleno dia,Decrescente,Céu Claro,Dupla,Curva,-15.79811,-48.08932,DEL01-DF,Risco Médio,Baixa
terça-feira,BR-386,340.0,Pleno dia,Crescente,Céu Claro,Simples,Retorno Regulamentado,-29.42336,-52.02131,DEL04-RS,Risco Médio,Média
quarta-feira,BR-163,289.0,Plena Noite,Decrescente,Céu Claro,Simples,Curva,-24.54325,-54.04537,DEL06-PR,Risco Médio,Alta
segunda-feira,BR-364,1145.0,Pleno dia,Decrescente,Céu Claro,Simples,Não Informado,-13.52687,-58.95718,DEL04-MT,Risco Baixo,Alta
sexta-feira,BR-381,41.0,Pleno dia,Crescente,Céu Claro,Múltipla,Reta,-23.13864,-46.57584,DEL03-SP,Risco Médio,Alta
quinta-feira,BR-40,514.9,Pleno dia,Decrescente,Céu Claro,Dupla,Reta,-19.8128,-44.093,DEL01-MG,Risco Baixo,Alta
quarta-feira,BR-470,106.3,Pleno dia,Decrescente,Sol,Simples,Não Informado,-27.07311,-49.42294,DEL04-SC,Risco Médio,Baixa
sábado,BR-392,270.2,Pleno dia,Crescente,Chuva,Simples,Curva,-30.39132,-53.50683,DEL09-RS,Risco Médio,Média
segunda-feira,BR-408,72.8,Pleno dia,Crescente,Nublado,Dupla,Reta,-7.890702,-35.17788,DEL01-PE,Risco Alto,Baixa
sexta-feira,BR-364,384.7,Pleno dia,Crescente,Céu Claro,Simples,Reta,-10.71525,-62.25065,DEL02-RO,Risco Baixo,Alta
terça-feira,BR-316,241.9,Anoitecer,Decrescente,Céu Claro,Simples,Curva,-9.501537,-36.02628,DEL01-AL,Risco Baixo,Baixa
sábado,BR-70,269.0,Pleno dia,Crescente,Céu Claro,Simples,Reta,-15.53133,-54.20482,DEL05-MT,Risco Médio,Baixa
sábado,BR-376,624.9,Anoitecer,Crescente,Céu Claro,Dupla,Reta,-25.64417,-49.15924,DEL01-PR,Risco Médio,Baixa
sábado,BR-101,295.0,Pleno dia,Decrescente,Sol,Dupla,Reta,-22.76682,-42.9071,DEL02-RJ,Risco Médio,Alta
quinta-feira,BR-163,484.0,Plena Noite,Crescente,Céu Claro,Simples,Reta,-20.45105,-54.54033,DEL01-MS,Risco Médio,Alta
quinta-feira,BR-116,15.0,Plena Noite,Crescente,Céu Claro,Múltipla,Reta,-3.881415,-38.50104,DEL01-CE,Risco Baixo,Alta
quinta-feira,BR-101,214.8,Plena Noite,Crescente,Nublado,Múltipla,Reta,-27.65039,-48.67511,DEL01-SC,Risco Alto,Alta
sexta-feira,BR-222,1.5,Pleno dia,Crescente,Céu Claro,Múltipla,Interseção de vias,-3.738077,-38.58212,DEL01-CE,Risco Baixo,Baixa
quarta-feira,BR-101,327.2,Pleno dia,Crescente,Garoa/Chuvisco,Simples,Interseção de vias,-28.43023,-48.95205,DEL02-SC,Risco Médio,Alta
segunda-feira,BR-376,182.7,Pleno dia,Decrescente,Céu Claro,Dupla,Reta,-23.43514,-51.88175,DEL07-PR,Risco Alto,Baixa
terça-feira,BR-101,172.0,Plena Noite,Crescente,Céu Claro,Dupla,Reta,-27.3133,-48.6321,DEL04-SC,Risco Médio,Alta
quinta-feira,BR-163,925.0,Pleno dia,Decrescente,Sol,Simples,Reta,-11.09889,-55.2975,DEL06-MT,Risco Médio,Alta
quinta-feira,BR-235,199.0,Anoitecer,Decrescente,Céu Claro,Simples,Reta,-8.937414,-48.44957,DEL02-TO,Risco Médio,Baixa
sexta-feira,BR-40,103.5,Pleno dia,Decrescente,Céu Claro,Simples,Reta,-16.80804,-47.56246,DEL01-DF,Risco Baixo,Alta
domingo,BR-262,399.0,Pleno dia,Decrescente,Céu Claro,Dupla,Reta,-19.88515,-44.60243,DEL01-MG,Risco Médio,Média
quinta-feira,BR-116,418.0,Anoitecer,Decrescente,Céu Claro,Dupla,Reta,-12.19105,-38.96919,DEL02-BA,Risco Baixo,Alta
quarta-feira,BR-369,155.0,Plena Noite,Crescente,Céu Claro,Múltipla,Não Informado,-23.29286,-51.16155,DEL07-PR,Risco Médio,Baixa
segunda-feira,BR-304,297.7,Pleno dia,Decrescente,Sol,Dupla,Reta,-5.867403,-35.33272,DEL01-RN,Risco Médio,Baixa
segunda-feira,BR-20,158.0,Pleno dia,Decrescente,Céu Claro,Simples,Reta,-14.63262,-46.62237,DEL02-DF,Risco Médio,Baixa
terça-feira,BR-277,0.1,Pleno dia,Decrescente,Chuva,Dupla,Reta,-25.50418,-54.58426,DEL05-PR,Risco Médio,Média
sexta-feira,BR-282,128.3,Plena Noite,Crescente,Nublado,Simples,Reta,-27.80235,-49.48522,DEL05-SC,Risco Médio,Baixa
quarta-feira,BR-386,346.8,Pleno dia,Decrescente,Céu Claro,Dupla,Reta,-29.44679,-51.97456,DEL04-RS,Risco Médio,Média
sexta-feira,BR-116,163.0,Plena Noite,Decrescente,Céu Claro,Dupla,Reta,-22.80273,-43.29042,DEL01-RJ,Risco Médio,Alta
sexta-feira,BR-101,204.8,Pleno dia,Decrescente,Nublado,Simples,Interseção de vias,-19.74949,-40.37923,DEL02-ES,Risco Baixo,Alta
sábado,BR-116,49.7,Pleno dia,Decrescente,Céu Claro,Simples,Reta,-26.37516,-50.12922,DEL06-SC,Risco Médio,Alta
quarta-feira,BR-452,186.0,Pleno dia,Crescente,Céu Claro,Simples,Desvio Temporário,-18.4009,-49.31007,DEL03-GO,Risco Baixo,Baixa
sábado,BR-414,373.0,Pleno dia,Decrescente,Céu Claro,Dupla,Reta,-15.79609,-48.77574,DEL02-GO,Risco Médio,Baixa
domingo,BR-408,74.0,Plena Noite,Crescente,Chuva,Múltipla,Reta,-7.897017,-35.17301,DEL01-PE,Risco Baixo,Baixa
sábado,BR-50,75.0,Plena Noite,Crescente,Nublado,Dupla,Reta,-18.98691,-48.21185,DEL15-MG,Risco Baixo,Média
segunda-feira,BR-101,203.9,Pleno dia,Crescente,Céu Claro,Dupla,Desvio Temporário,-27.5742,-48.6134,DEL01-SC,Risco Médio,Alta
sábado,BR-153,71.7,Plena Noite,Decrescente,Nublado,Simples,Não Informado,-20.86433,-49.41094,DEL09-SP,Risco Baixo,Alta
quarta-feira,BR-381,516.0,Pleno dia,Decrescente,Céu Claro,Dupla,Não Informado,-20.10867,-44.31489,DEL04-MG,Risco Médio,Alta
sábado,BR-101,210.9,Pleno dia,Decrescente,Nublado,Dupla,Reta,-27.62269,-48.65178,DEL01-SC,Risco Médio,Alta
sábado,BR-316,225.1,Pleno dia,Decrescente,Chuva,Simples,Curva,-9.476919,-36.15665,DEL01-AL,Risco Alto,Baixa
segunda-feira,BR-40,17.0,Pleno dia,Decrescente,Sol,Dupla,Reta,-22.093,-43.1708,DEL06-RJ,Risco Alto,Alta
segunda-feira,BR-163,770.0,Pleno dia,Decrescente,Sol,Simples,Reta,-12.52146,-55.70016,DEL06-MT,Risco Alto,Alta
domingo,BR-101,425.3,Pleno dia,Decrescente,Sol,Dupla,Reta,-29.02279,-49.59417,DEL02-SC,Risco Médio,Alta
sexta-feira,BR-10,349.5,Pleno dia,Decrescente,Céu Claro,Simples,Reta,-1.385172,-47.56359,DEL01-PA,Risco Médio,Baixa
terça-feira,BR-158,328.0,Pleno dia,Decrescente,Céu Claro,Dupla,Reta,-29.71113,-53.81968,DEL09-RS,Risco Médio,Baixa
sexta-feira,BR-116,312.6,Amanhecer,Decrescente,Céu Claro,Simples,Reta,-5.920638,-38.62731,DEL05-CE,Risco Baixo,Alta
sábado,BR-376,494.8,Plena Noite,Crescente,Céu Claro,Dupla,Não Informado,-25.13332,-50.16825,DEL03-PR,Risco Médio,Baixa
sábado,BR-116,335.1,Pleno dia,Decrescente,Sol,Simples,Curva,-6.116629,-38.64524,DEL05-CE,Risco Médio,Alta
quarta-feira,BR-116,191.0,Pleno dia,Crescente,Céu Claro,Dupla,Curva,-23.37124,-46.2426,DEL01-SP,Risco Médio,Alta
segunda-feira,BR-70,1.0,Pleno dia,Crescente,Céu Claro,Simples,Reta,-15.89165,-52.26203,DEL07-MT,Risco Médio,Baixa
sábado,BR-470,24.4,Plena Noite,Decrescente,Céu Claro,Simples,Reta,-26.88104,-48.84418,DEL04-SC,Risco Médio,Baixa
segunda-feira,BR-40,597.0,Plena Noite,Crescente,Céu Claro,Simples,Reta,-20.4173,-43.88842,DEL05-MG,Risco Médio,Alta
sexta-feira,BR-232,100.2,Pleno dia,Decrescente,Céu Claro,Simples,Desvio Temporário,-8.237912,-35.74298,DEL01-PE,Risco Baixo,Baixa
quinta-feira,BR-101,64.0,Amanhecer,Decrescente,Céu Claro,Simples,Curva,-11.96618,-38.14477,DEL01-BA,Risco Médio,Alta
segunda-feira,BR-222,6.0,Plena Noite,Crescente,Céu Claro,Dupla,Reta,-3.745392,-38.62188,DEL01-CE,Risco Médio,Baixa
quinta-feira,BR-101,142.9,Plena Noite,Crescente,Céu Claro,Dupla,Desvio Temporário,-27.05822,-48.59737,DEL04-SC,Risco Médio,Alta
sábado,BR-153,10.5,Pleno dia,Decrescente,Céu Claro,Simples,Reta,-23.07582,-49.93444,DEL07-PR,Risco Baixo,Alta
quinta-feira,BR-262,601.7,Plena Noite,Decrescente,Chuva,Simples,Reta,-19.6423,-46.2501,DEL08-MG,Risco Baixo,Média
sábado,BR-101,296.5,Pleno dia,Crescente,Sol,Múltipla,Reta,-22.76705,-42.9102,DEL02-RJ,Risco Médio,Alta
sábado,BR-381,432.0,Pleno dia,Crescente,Céu Claro,Dupla,Curva,-19.78843,-43.6825,DEL01-MG,Risco Baixo,Alta
segunda-feira,BR-40,510.0,Pleno dia,Decrescente,Céu Claro,Dupla,Reta,-19.77464,-44.12322,DEL01-MG,Risco Médio,Alta
terça-feira,BR-104,94.9,Plena Noite,Crescente,Céu Claro,Simples,Reta,-8.513535,-35.94242,DEL02-PE,Risco Baixo,Baixa
quinta-feira,BR-376,463.0,Pleno dia,Crescente,Nublado,Dupla,Desvio Temporário,-25.02257,-50.33223,DEL03-PR,Risco Médio,Baixa
sábado,BR-101,69.0,Plena Noite,Decrescente,Céu Claro,Simples,Reta,-18.73556,-39.8607,DEL04-ES,Risco Médio,Alta
quarta-feira,BR-40,101.0,Plena Noite,Crescente,Nublado,Simples,Reta,-22.60246,-43.28381,DEL01-RJ,Risco Médio,Alta
terça-feira,BR-40,320.6,Plena Noite,Crescente,Céu Claro,Simples,Não Informado,-18.51247,-45.07802,DEL14-MG,Risco Médio,Alta
segunda-feira,BR-50,177.8,Pleno dia,Crescente,Chuva,Dupla,Reta,-19.779,-47.9413,DEL13-MG,Risco Baixo,Média
terça-feira,BR-101,205.0,Pleno dia,Decrescente,Nublado,Dupla,Reta,-27.585,-48.616,DEL01-SC,Risco Médio,Alta
segunda-feira,BR-369,52.0,Pleno dia,Crescente,Céu Claro,Simples,Interseção de vias,-23.10374,-50.33472,DEL07-PR,Risco Médio,Baixa
sexta-feira,BR-376,667.3,Plena Noite,Crescente,Nublado,Dupla,Curva,-25.86347,-48.93611,DEL01-PR,Risco Baixo,Baixa
domingo,BR-101,402.3,Pleno dia,Decrescente,Céu Claro,Dupla,Reta,-28.86331,-49.44595,DEL02-SC,Risco Médio,Alta
domingo,BR-116,411.0,Amanhecer,Crescente,Chuva,Dupla,Reta,-18.86245,-41.97405,DEL06-MG,Risco Baixo,Alta
segunda-feira,BR-101,202.9,Plena Noite,Crescente,Céu Claro,Múltipla,Reta,-27.55712,-48.61898,DEL01-SC,Risco Médio,Alta
sexta-feira,BR-316,549.6,Pleno dia,Decrescente,Sol,Simples,Curva,-4.887895,-43.37147,DEL03-MA,Risco Médio,Baixa
segunda-feira,BR-280,23.0,Pleno dia,Crescente,Céu Claro,Simples,Interseção de vias,-26.37146,-48.71189,DEL03-SC,Risco Médio,Baixa