dia_semana,br,km,fase_dia,sentido_via,condicao_metereologica,tipo_pista,tracado_via,latitude,longitude,delegacia,classificacao_acidente,postos_policiais_PRF
segunda-feira,BR-116,265.0,Plena Noite,Crescente,Ignorado,Simples,Reta,-29.92342,-51.17781,DEL01-RS,Risco Médio,Alta
quarta-feira,BR-101,43.0,Plena Noite,Crescente,Nublado,Simples,Reta,-26.30357,-48.88226,DEL03-SC,Risco Médio,Alta
terça-feira,BR-70,528.7,Plena Noite,Crescente,Chuva,Simples,Interseção de vias,-15.65507,-56.20797,DEL01-MT,Risco Médio,Baixa
quarta-feira,BR-101,119.0,Plena Noite,Crescente,Chuva,Dupla,Reta,-26.89586,-48.71903,DEL04-SC,Risco Médio,Alta
terça-feira,BR-293,351.5,Anoitecer,Decrescente,Nublado,Simples,Reta,-30.79765,-55.64484,DEL11-RS,Risco Médio,Baixa
segunda-feira,BR-116,1.0,Amanhecer,Decrescente,Ignorado,Dupla,Curva,-30.03354,-51.23045,DEL01-RS,Risco Baixo,Alta
sexta-feira,BR-488,0.5,Pleno dia,Crescente,Chuva,Dupla,Não Informado,-22.85342,-45.23242,DEL08-SP,Risco Médio,Baixa
domingo,BR-40,13.0,Plena Noite,Decrescente,Céu Claro,Dupla,Reta,-16.15183,-47.93916,DEL01-DF,Risco Baixo,Alta
domingo,BR-369,10.5,Amanhecer,Crescente,Céu Claro,Simples,Reta,-23.00545,-49.99818,DEL07-PR,Risco Médio,Baixa
segunda-feira,BR-101,22.6,Plena Noite,Decrescente,Céu Claro,Simples,Não Informado,-26.17857,-48.90854,DEL03-SC,Risco Médio,Alta
terça-feira,BR-285,120.9,Pleno dia,Decrescente,Chuva,Simples,Rotatória,-28.5127,-50.93433,DEL05-RS,Risco Médio,Baixa
quinta-feira,BR-432,190.0,Pleno dia,Crescente,Céu Claro,Simples,Reta,2.5887,-60.6295,DEL01-RR,Risco Médio,Baixa
terça-feira,BR-262,115.9,Pleno dia,Decrescente,Céu Claro,Simples,Não Informado,-20.32054,-41.21864,DEL01-ES,Risco Médio,Média
sábado,BR-381,350.0,Plena Noite,Crescente,Céu Claro,Simples,Reta,-19.86431,-43.13636,DEL03-MG,Risco Médio,Alta
quinta-feira,BR-277,595.6,Amanhecer,Crescente,Céu Claro,Dupla,Reta,-24.9563,-53.45573,DEL04-PR,Risco Médio,Média
terça-feira,BR-369,150.0,Pleno dia,Crescente,Céu Claro,Dupla,Não Informado,-23.29276,-51.16277,DEL07-PR,Risco Médio,Baixa
sexta-feira,BR-116,106.0,Amanhecer,Crescente,Céu Claro,Simples,Reta,-4.552439,-38.27492,DEL03-CE,Risco Médio,Alta
sábado,BR-230,25.0,Plena Noite,Decrescente,Céu Claro,Dupla,Curva,-7.169604,-34.87379,DEL01-PB,Risco Médio,Baixa
quarta-feira,BR-290,10.0,Anoitecer,Decrescente,Chuva,Dupla,Reta,-29.89139,-50.37371,DEL03-RS,Risco Baixo,Baixa
domingo,BR-364,344.7,Plena Noite,Decrescente,Céu Claro,Dupla,Interseção de vias,-10.87383,-61.95247,DEL02-RO,Risco Médio,Alta
terça-feira,BR-158,80.0,Pleno dia,Decrescente,Céu Claro,Simples,Reta,-16.37653,-51.87131,DEL04-GO,Risco Médio,Baixa
segunda-feira,BR-381,784.0,Plena Noite,Decrescente,Céu Claro,Dupla,Curva,-21.87373,-45.53992,DEL16-MG,Risco Médio,Alta
sábado,BR-116,147.0,Plena Noite,Crescente,Nublado,Dupla,Reta,-23.19487,-45.87081,DEL02-SP,Risco Médio,Alta
sábado,BR-153,11.7,Pleno dia,Crescente,Nublado,Simples,Reta,-20.40386,-49.24535,DEL09-SP,Risco Médio,Alta
quarta-feira,BR-153,393.5,Anoitecer,Crescente,Céu Claro,Simples,Reta,-9.352749,-48.54368,DEL02-TO,Risco Médio,Alta
domingo,BR-163,544.8,Pleno dia,Decrescente,Nublado,Simples,Não Informado,-19.95457,-54.37484,DEL01-MS,Risco Médio,Alta
domingo,BR-364,542.0,Pleno dia,Crescente,Céu Claro,Simples,Reta,-14.84228,-56.44331,DEL01-MT,Risco Médio,Alta
domingo,BR-423,67.2,Plena Noite,Decrescente,Nublado,Simples,Reta,-8.67153,-36.38891,DEL03-PE,Risco Médio,Baixa
sábado,BR-10,236.0,Pleno dia,Decrescente,Céu Claro,Simples,Reta,-5.6534,-47.3905,DEL04-MA,Risco Médio,Baixa
domingo,BR-381,882.0,Pleno dia,Decrescente,Céu Claro,Dupla,Reta,-22.4837,-46.0108,DEL16-MG,Risco Médio,Alta
sábado,BR-101,24.8,Pleno dia,Crescente,Céu Claro,Simples,Interseção de vias,-26.17483,-48.90768,DEL03-SC,Risco Baixo,Alta
quinta-feira,BR-381,799.8,Plena Noite,Crescente,Céu Claro,Dupla,Curva,-21.97237,-45.63124,DEL16-MG,Risco Baixo,Alta
terça-feira,BR-242,729.0,Pleno dia,Decrescente,Chuva,Simples,Reta,-12.21312,-44.45555,DEL10-BA,Risco Médio,Baixa
domingo,BR-381,773.2,Amanhecer,Decrescente,Céu Claro,Dupla,Reta,-21.77098,-45.42508,DEL16-MG,Risco Médio,Alta
quinta-feira,BR-116,36.3,Pleno dia,Decrescente,Garoa/Chuvisco,Simples,Não Informado,-15.94951,-41.40265,DEL11-MG,Risco Alto,Alta
terça-feira,BR-386,354.0,Anoitecer,Decrescente,Céu Claro,Simples,Não Informado,-29.50748,-51.94259,DEL04-RS,Risco Médio,Média
segunda-feira,BR-163,83.0,Pleno dia,Decrescente,Céu Claro,Simples,Interseção de vias,-25.71018,-53.76876,DEL02-PR,Risco Médio,Alta
segunda-feira,BR-470,155.0,Pleno dia,Crescente,Céu Claro,Simples,Reta,-28.77475,-51.61309,DEL06-RS,Risco Médio,Baixa
quinta-feira,BR-116,778.3,Plena Noite,Decrescente,Céu Claro,Simples,Curva,-21.6016,-42.69913,DEL07-MG,Risco Médio,Alta
quarta-feira,BR-116,354.9,Pleno dia,Decrescente,Nublado,Dupla,Curva,-24.07491,-47.24973,DEL04-SP,Risco Médio,Alta
terça-feira,BR-163,103.0,Pleno dia,Decrescente,Céu Claro,Dupla,Reta,-26.46209,-53.50771,DEL07-SC,Risco Baixo,Alta
quarta-feira,BR-40,32.0,Pleno dia,Decrescente,Chuva,Dupla,Curva,-22.2016,-43.1485,DEL06-RJ,Risco Médio,Alta
domingo,BR-60,414.6,Plena Noite,Crescente,Céu Claro,Simples,Reta,-20.89555,-54.86568,DEL01-MS,Risco Médio,Média
quarta-feira,BR-262,528.4,Pleno dia,Decrescente,Céu Claro,Simples,Reta,-19.78354,-45.6955,DEL08-MG,Risco Baixo,Média
quarta-feira,BR-101,281.0,Pleno dia,Crescente,Céu Claro,Simples,Curva,-31.31765,-51.12086,DEL03-RS,Risco Alto,Alta
domingo,BR-376,1.0,Plena Noite,Crescente,Céu Claro,Simples,Reta,-23.4273,-51.9375,DEL09-PR,Risco Médio,Baixa
domingo,BR-40,11.0,Plena Noite,Decrescente,Nublado,Dupla,Reta,-16.13834,-47.95164,DEL01-DF,Risco Médio,Alta
quinta-feira,BR-369,196.1,Plena Noite,Decrescente,Céu Claro,Dupla,Reta,-23.49304,-51.42391,DEL07-PR,Risco Baixo,Baixa
sábado,BR-60,4.6,Pleno dia,Crescente,Céu Claro,Dupla,Retorno Regulamentado,-15.89272,-48.09574,DEL01-DF,Risco Baixo,Média
sábado,BR-381,770.2,Plena Noite,Decrescente,Chuva,Dupla,Reta,-21.76614,-45.41684,DEL16-MG,Risco Baixo,Alta
sexta-feira,BR-381,37.1,Plena Noite,Decrescente,Céu Claro,Dupla,Curva,-23.10506,-46.56882,DEL03-SP,Risco Médio,Alta
sábado,BR-40,112.7,Amanhecer,Decrescente,Chuva,Simples,Reta,-17.64187,-46.43677,DEL14-MG,Risco Médio,Alta
quinta-feira,BR-40,528.0,Pleno dia,Decrescente,Céu Claro,Dupla,Curva,-19.90883,-44.04437,DEL01-MG,Risco Médio,Alta
segunda-feira,BR-153,506.6,Plena Noite,Crescente,Céu Claro,Múltipla,Não Informado,-16.7633,-49.24,DEL01-GO,Risco Médio,Alta
quinta-feira,BR-20,40.0,Plena Noite,Decrescente,Céu Claro,Simples,Reta,-15.41031,-47.09935,DEL02-DF,Risco Alto,Baixa
domingo,BR-290,487.4,Pleno dia,Crescente,Céu Claro,Simples,Reta,-30.23941,-55.0038,DEL11-RS,Risco Médio,Baixa
domingo,BR-282,510.1,Pleno dia,Decrescente,Céu Claro,Simples,Curva,-26.89711,-52.46359,DEL07-SC,Risco Médio,Baixa
segunda-feira,BR-493,6.0,Pleno dia,Decrescente,Nublado,Simples,Reta,-22.64631,-43.18199,DEL04-RJ,Risco Médio,Baixa
sexta-feira,BR-285,366.3,Pleno dia,Crescente,Chuva,Simples,Curva,-28.38521,-53.0394,DEL08-RS,Risco Médio,Baixa
sábado,BR-116,275.0,Plena Noite,Decrescente,Céu Claro,Dupla,Curva,-23.6192,-46.80923,DEL04-SP,Risco Médio,Alta
quarta-feira,BR-70,533.0,Pleno dia,Decrescente,Céu Claro,Simples,Reta,-15.6478,-56.1332,DEL01-MT,Risco Médio,Baixa
segunda-feira,BR-101,99.3,Pleno dia,Decrescente,Sol,Múltipla,Reta,-5.874725,-35.22128,DEL01-RN,Risco Médio,Alta
quinta-feira,BR-230,76.0,Pleno dia,Decrescente,Chuva,Dupla,Reta,-7.185753,-35.29231,DEL01-PB,Risco Médio,Baixa
sábado,BR-101,434.0,Pleno dia,Crescente,Céu Claro,Simples,Interseção de vias,-29.09075,-49.63226,DEL02-SC,Risco Baixo,Alta
segunda-feira,BR-316,537.0,Pleno dia,Decrescente,Sol,Simples,Reta,-4.84161,-43.46911,DEL03-MA,Risco Médio,Baixa
quarta-feira,BR-402,265.9,Plena Noite,Decrescente,Céu Claro,Simples,Reta,-3.484911,-39.56742,DEL01-CE,Risco Alto,Baixa
segunda-feira,BR-101,109.0,Pleno dia,Crescente,Céu Claro,Dupla,Reta,-5.937378,-35.26483,DEL01-RN,Risco Médio,Alta
sábado,BR-381,620.3,Amanhecer,Decrescente,Garoa/Chuvisco,Dupla,Não Informado,-20.76107,-44.77674,DEL04-MG,Risco Baixo,Alta
segunda-feira,BR-259,54.0,Pleno dia,Decrescente,Céu Claro,Simples,Reta,-19.49752,-40.63894,DEL02-ES,Risco Médio,Baixa
sexta-feira,BR-135,18.3,Pleno dia,Crescente,Céu Claro,Dupla,Reta,-2.717199,-44.32099,DEL01-MA,Risco Médio,Baixa
quinta-feira,BR-369,174.0,Pleno dia,Crescente,Céu Claro,Simples,Reta,-23.31636,-51.3769,DEL07-PR,Risco Médio,Baixa
sexta-feira,BR-20,259.0,Plena Noite,Decrescente,Céu Claro,Simples,Reta,-4.719861,-39.46525,DEL02-CE,Risco Baixo,Baixa
quinta-feira,BR-163,753.0,Plena Noite,Decrescente,Céu Claro,Dupla,Reta,-12.5519,-55.71359,DEL06-MT,Risco Médio,Alta
quarta-feira,BR-60,439.9,Pleno dia,Crescente,Céu Claro,Dupla,Reta,-17.8382,-51.4222,DEL05-GO,Risco Médio,Média
quarta-feira,BR-381,409.9,Pleno dia,Crescente,Céu Claro,Simples,Curva,-19.74092,-43.607,DEL01-MG,Risco Médio,Alta
quinta-feira,BR-70,578.0,Pleno dia,Decrescente,Chuva,Simples,Curva,-15.7458,-56.55047,DEL03-MT,Risco Médio,Baixa
quinta-feira,BR-101,205.0,Pleno dia,Crescente,Céu Claro,Múltipla,Reta,-27.58313,-48.61533,DEL01-SC,Risco Médio,Alta
sábado,BR-316,7.0,Plena Noite,Crescente,Céu Claro,Múltipla,Reta,-5.155846,-42.77173,DEL01-PI,Risco Médio,Baixa
sexta-feira,BR-101,160.5,Plena Noite,Crescente,Céu Claro,Simples,Reta,-19.47663,-40.11403,DEL04-ES,Risco Médio,Alta
domingo,BR-356,185.0,Pleno dia,Decrescente,Céu Claro,Simples,Reta,-21.63133,-41.03952,DEL08-RJ,Risco Médio,Baixa
sábado,BR-158,539.0,Plena Noite,Crescente,Chuva,Simples,Rotatória,-26.26491,-52.70754,DEL02-PR,Risco Médio,Baixa
terça-feira,BR-428,187.0,Pleno dia,Decrescente,Céu Claro,Simples,Reta,-9.370144,-40.48569,DEL06-PE,Risco Médio,Baixa
sexta-feira,BR-222,234.1,Pleno dia,Crescente,Céu Claro,Simples,Reta,-3.712101,-40.42655,DEL04-CE,Risco Médio,Baixa
quarta-feira,BR-40,121.0,Pleno dia,Decrescente,Sol,Múltipla,Reta,-22.78185,-43.28571,DEL01-RJ,Risco Médio,Alta
quarta-feira,BR-20,429.0,Anoitecer,Decrescente,Céu Claro,Dupla,Reta,-3.76999,-38.67006,DEL01-CE,Risco Alto,Baixa
domingo,BR-376,416.0,Plena Noite,Crescente,Céu Claro,Simples,Não Informado,-24.70256,-50.57247,DEL03-PR,Risco Baixo,Baixa
quarta-feira,BR-101,423.5,Pleno dia,Crescente,Sol,Simples,Viaduto,-29.01601,-49.58269,DEL02-SC,Risco Médio,Alta
segunda-feira,BR-101,257.3,Pleno dia,Decrescente,Chuva,Dupla,Reta,-28.00482,-48.6919,DEL02-SC,Risco Médio,Alta
domingo,BR-282,0.9,Plena Noite,Decrescente,Céu Claro,Dupla,Desvio Temporário,-27.59845,-48.572,DEL01-SC,Risco Médio,Baixa
quinta-feira,BR-116,269.0,Plena Noite,Crescente,Céu Claro,Dupla,Interseção de vias,-23.61593,-46.78826,DEL04-SP,Risco Médio,Alta
domingo,BR-222,4.7,Pleno dia,Decrescente,Sol,Múltipla,Reta,-3.741648,-38.6045,DEL01-CE,Risco Médio,Baixa
quinta-feira,BR-392,117.8,Pleno dia,Crescente,Nublado,Simples,Ponte,-31.41369,-52.67628,DEL07-RS,Risco Médio,Média
sexta-feira,BR-153,55.6,Plena Noite,Crescente,Chuva,Simples,Reta,-20.76006,-49.34571,DEL09-SP,Risco Baixo,Alta
terça-feira,BR-158,524.0,Plena Noite,Crescente,Céu Claro,Simples,Reta,-26.15084,-52.66274,DEL02-PR,Risco Médio,Baixa
sábado,BR-116,220.7,Amanhecer,Decrescente,Nublado,Múltipla,Reta,-23.46473,-46.49794,DEL01-SP,Risco Médio,Alta
segunda-feira,BR-101,281.7,Pleno dia,Decrescente,Sol,Dupla,Reta,-20.22113,-40.35721,DEL02-ES,Risco Médio,Alta
domingo,BR-116,122.0,Pleno dia,Crescente,Céu Claro,Dupla,Reta,-25.60128,-49.31771,DEL01-PR,Risco Baixo,Alta
domingo,BR-40,308.0,Pleno dia,Crescente,Céu Claro,Dupla,Não Informado,-18.41792,-45.08659,DEL14-MG,Risco Médio,Alta
quarta-feira,BR-110,366.0,Pleno dia,Crescente,Céu Claro,Simples,Não Informado,-12.36764,-38.38749,DEL01-BA,Risco Médio,Baixa
domingo,BR-393,285.0,Pleno dia,Crescente,Sol,Simples,Não Informado,-22.48173,-44.06309,DEL05-RJ,Risco Médio,Média
sexta-feira,BR-40,105.0,Pleno dia,Decrescente,Céu Claro,Simples,Reta,-22.63785,-43.28429,DEL01-RJ,Risco Médio,Alta
sábado,BR-459,27.7,Plena Noite,Crescente,Nublado,Simples,Não Informado,-22.70799,-45.1141,DEL08-SP,Risco Baixo,Baixa
sábado,BR-101,85.8,Pleno dia,Crescente,Céu Claro,Dupla,Reta,-5.777664,-35.24937,DEL02-RN,Risco Médio,Alta
quinta-feira,BR-101,211.0,Pleno dia,Decrescente,Nublado,Dupla,Reta,-27.62329,-48.65246,DEL01-SC,Risco Médio,Alta
quarta-feira,BR-60,4.0,Pleno dia,Crescente,Sol,Dupla,Reta,-15.8942,-48.10052,DEL01-DF,Risco Médio,Média
segunda-feira,BR-158,568.6,Pleno dia,Crescente,Céu Claro,Simples,Não Informado,-30.90145,-55.50695,DEL11-RS,Risco Médio,Baixa
segunda-feira,BR-262,792.7,Pleno dia,Decrescente,Nublado,Simples,Não Informado,-19.75819,-47.82138,DEL13-MG,Risco Baixo,Média
terça-feira,BR-230,108.4,Pleno dia,Crescente,Chuva,Dupla,Reta,-7.20284,-35.5519,DEL01-PB,Risco Médio,Baixa
sábado,BR-343,591.8,Plena Noite,Decrescente,Nublado,Dupla,Reta,-6.778106,-43.03109,DEL03-PI,Risco Médio,Baixa
quarta-feira,BR-101,113.0,Plena Noite,Crescente,Céu Claro,Dupla,Reta,-26.85311,-48.7269,DEL04-SC,Risco Médio,Alta
quinta-feira,BR-158,235.4,Amanhecer,Crescente,Nevoeiro/Neblina,Simples,Reta,-28.99087,-53.65002,DEL10-RS,Risco Alto,Baixa
domingo,BR-116,55.5,Anoitecer,Crescente,Céu Claro,Dupla,Reta,-22.76356,-45.12272,DEL08-SP,Risco Baixo,Alta
domingo,BR-373,197.0,Anoitecer,Crescente,Céu Claro,Simples,Curva,-25.07814,-50.3936,DEL03-PR,Risco Baixo,Baixa
terça-feira,BR-116,120.0,Plena Noite,Crescente,Céu Claro,Simples,Reta,-22.62191,-43.04363,DEL02-RJ,Risco Médio,Alta
domingo,BR-493,23.0,Plena Noite,Decrescente,Chuva,Simples,Reta,-22.65705,-43.06174,DEL04-RJ,Risco Médio,Baixa
sábado,BR-381,810.5,Pleno dia,Decrescente,Céu Claro,Dupla,Reta,-22.0456,-45.68921,DEL16-MG,Risco Médio,Alta
domingo,BR-10,303.0,Pleno dia,Crescente,Céu Claro,Simples,Reta,-1.780685,-47.51347,DEL02-PA,Risco Médio,Baixa
sábado,BR-101,316.0,Pleno dia,Decrescente,Céu Claro,Simples,Interseção de vias,-28.42715,-48.85235,DEL02-SC,Risco Baixo,Alta
domingo,BR-376,651.0,Pleno dia,Crescente,Céu Claro,Múltipla,Curva,-25.8451,-49.07302,DEL01-PR,Risco Alto,Baixa
domingo,BR-381,70.0,Plena Noite,Decrescente,Céu Claro,Dupla,Reta,-23.34973,-46.5607,DEL03-SP,Risco Baixo,Alta
sábado,BR-40,40.7,Plena Noite,Decrescente,Céu Claro,Simples,Rotatória,-17.21065,-46.87468,DEL14-MG,Risco Médio,Alta
terça-feira,BR-101,107.6,Pleno dia,Crescente,Céu Claro,Simples,Não Informado,-26.76404,-48.68658,DEL03-SC,Risco Médio,Alta
quinta-feira,BR-116,113.2,Pleno dia,Crescente,Nublado,Dupla,Reta,-25.54871,-49.28516,DEL01-PR,Risco Médio,Alta
domingo,BR-101,395.0,Plena Noite,Crescente,Céu Claro,Dupla,Reta,-22.87325,-43.74258,DEL03-RJ,Risco Médio,Alta
quinta-feira,BR-40,469.5,Plena Noite,Crescente,Nublado,Múltipla,Não Informado,-19.46234,-44.29891,DEL02-MG,Risco Médio,Alta
sábado,BR-116,211.0,Plena Noite,Decrescente,Ignorado,Múltipla,Não Informado,-23.43243,-46.41944,DEL01-SP,Risco Médio,Alta
terça-feira,BR-364,33.0,Pleno dia,Decrescente,Céu Claro,Simples,Não Informado,-20.01716,-48.91111,DEL13-MG,Risco Médio,Alta
quarta-feira,BR-324,621.0,Plena Noite,Decrescente,Ignorado,Múltipla,Reta,-12.88585,-38.43911,DEL01-BA,Risco Médio,Baixa
terça-feira,BR-316,2.4,Anoitecer,Decrescente,Céu Claro,Múltipla,Reta,-5.124775,-42.79848,DEL01-PI,Risco Médio,Baixa
segunda-feira,BR-116,362.7,Plena Noite,Crescente,Céu Claro,Dupla,Reta,-24.14518,-47.27656,DEL04-SP,Risco Baixo,Alta
segunda-feira,BR-364,350.0,Pleno dia,Crescente,Céu Claro,Dupla,Reta,-15.79378,-55.58406,DEL02-MT,Risco Médio,Alta
quinta-feira,BR-425,133.0,Plena Noite,Crescente,Nublado,Simples,Reta,-10.68574,-65.27113,DEL01-RO,Risco Médio,Baixa
sábado,BR-101,82.9,Anoitecer,Decrescente,Céu Claro,Simples,Reta,-18.83617,-39.91776,DEL04-ES,Risco Médio,Alta
sábado,BR-373,183.7,Pleno dia,Crescente,Céu Claro,Simples,Curva,-25.03989,-50.28082,DEL03-PR,Risco Médio,Baixa
sábado,BR-174,476.0,Anoitecer,Crescente,Nublado,Simples,Reta,-13.70278,-59.78497,DEL04-MT,Risco Baixo,Baixa
terça-feira,BR-116,267.0,Plena Noite,Decrescente,Céu Claro,Simples,Reta,-29.93709,-51.17706,DEL01-RS,Risco Médio,Alta
quinta-feira,BR-70,8.2,Plena Noite,Decrescente,Nublado,Dupla,Curva,-15.73658,-48.27538,DEL01-DF,Risco Baixo,Baixa
domingo,BR-146,606.0,Pleno dia,Decrescente,Céu Claro,Simples,Curva,-21.80573,-46.45775,DEL16-MG,Risco Médio,Baixa
quinta-feira,BR-232,84.3,Pleno dia,Decrescente,Céu Claro,Dupla,Reta,-8.205989,-35.6036,DEL02-PE,Risco Médio,Baixa
segunda-feira,BR-470,194.1,Plena Noite,Decrescente,Céu Claro,Simples,Não Informado,-29.0503,-51.57387,DEL06-RS,Risco Médio,Baixa
quinta-feira,BR-470,306.0,Pleno dia,Crescente,Sol,Simples,Reta,-29.7453,-51.59248,DEL04-RS,Risco Baixo,Baixa
quarta-feira,BR-381,503.3,Pleno dia,Crescente,Chuva,Dupla,Não Informado,-20.0304,-44.236,DEL01-MG,Risco Baixo,Alta
quarta-feira,BR-376,667.0,Pleno dia,Crescente,Chuva,Dupla,Curva,-25.8644,-48.9499,DEL01-PR,Risco Baixo,Baixa
sábado,BR-116,564.0,Plena Noite,Decrescente,Chuva,Simples,Curva,-25.03459,-48.53544,DEL05-SP,Risco Médio,Alta
terça-feira,BR-101,125.0,Pleno dia,Crescente,Chuva,Dupla,Desvio Temporário,-6.078156,-35.23412,DEL01-RN,Risco Médio,Alta
domingo,BR-381,596.0,Pleno dia,Crescente,Céu Claro,Dupla,Reta,-20.60213,-44.71579,DEL04-MG,Risco Médio,Alta
sábado,BR-116,150.1,Pleno dia,Crescente,Nublado,Dupla,Reta,-29.16843,-51.15834,DEL05-RS,Risco Baixo,Alta
sexta-feira,BR-285,62.0,Plena Noite,Decrescente,Céu Claro,Simples,Reta,-28.65348,-50.43555,DEL05-RS,Risco Baixo,Baixa
quinta-feira,BR-153,210.0,Pleno dia,Decrescente,Céu Claro,Simples,Reta,-7.73494,-48.44802,DEL02-TO,Risco Baixo,Alta
sexta-feira,BR-282,49.5,Plena Noite,Crescente,Chuva,Simples,Curva,-27.71293,-48.94374,DEL01-SC,Risco Baixo,Baixa
terça-feira,BR-153,205.5,Plena Noite,Decrescente,Chuva,Simples,Curva,-14.56386,-49.1554,DEL07-GO,Risco Médio,Alta
quarta-feira,BR-285,190.6,Pleno dia,Crescente,Garoa/Chuvisco,Simples,Reta,-28.26572,-51.47258,DEL08-RS,Risco Baixo,Baixa
segunda-feira,BR-101,90.7,Pleno dia,Decrescente,Céu Claro,Simples,Reta,-8.216128,-34.98773,DEL01-PE,Risco Médio,Alta
terça-feira,BR-101,155.0,Pleno dia,Crescente,Céu Claro,Simples,Curva,-11.28544,-37.45485,DEL02-SE,Risco Baixo,Alta
terça-feira,BR-319,60.0,Pleno dia,Crescente,Nublado,Dupla,Rotatória,-8.766685,-63.88405,DEL01-RO,Risco Baixo,Baixa
sábado,BR-470,154.0,Anoitecer,Decrescente,Nublado,Simples,Reta,-28.77711,-51.61127,DEL06-RS,Risco Baixo,Baixa
quarta-feira,BR-476,131.5,Pleno dia,Decrescente,Céu Claro,Simples,Reta,-25.45364,-49.24515,DEL01-PR,Risco Médio,Baixa
sexta-feira,BR-116,159.5,Pleno dia,Decrescente,Céu Claro,Simples,Reta,-29.22512,-51.16049,DEL05-RS,Risco Médio,Alta
sábado,BR-116,351.0,Plena Noite,Crescente,Chuva,Simples,Curva,-24.06158,-47.22592,DEL04-SP,Risco Médio,Alta
quinta-feira,BR-101,70.0,Pleno dia,Crescente,Céu Claro,Simples,Não Informado,-10.7853,-37.1421,DEL01-SE,Risco Médio,Alta
sábado,BR-163,87.6,Pleno dia,Crescente,Céu Claro,Simples,Não Informado,-26.59023,-53.51574,DEL07-SC,Risco Médio,Alta
segunda-feira,BR-40,20.0,Plena Noite,Crescente,Chuva,Dupla,Reta,-16.21849,-47.91548,DEL01-DF,Risco Alto,Alta
quinta-feira,BR-101,304.7,Anoitecer,Crescente,Nublado,Simples,Não Informado,-20.38497,-40.46246,DEL01-ES,Risco Médio,Alta
segunda-feira,BR-101,42.0,Pleno dia,Crescente,Céu Claro,Múltipla,Reta,-7.838874,-34.91197,DEL01-PE,Risco Baixo,Alta
quarta-feira,BR-316,13.0,Plena Noite,Crescente,Nublado,Simples,Curva,-5.209631,-42.75527,DEL01-PI,Risco Médio,Baixa
segunda-feira,BR-10,276.9,Plena Noite,Decrescente,Nublado,Simples,Desvio Temporário,-5.321293,-47.49257,DEL04-MA,Risco Médio,Baixa
domingo,BR-267,152.9,Plena Noite,Decrescente,Nublado,Simples,Não Informado,-21.64074,-53.50088,DEL02-MS,Risco Médio,Baixa
domingo,BR-415,25.0,Anoitecer,Crescente,Céu Claro,Simples,Curva,-14.8482,-39.28199,DEL05-BA,Risco Baixo,Baixa
sexta-feira,BR-50,151.0,Pleno dia,Crescente,Nublado,Dupla,Reta,-17.1825,-47.7291,DEL06-GO,Risco Médio,Média
quinta-feira,BR-70,504.8,Pleno dia,Decrescente,Nublado,Simples,Rotatória,-15.66786,-55.95643,DEL01-MT,Risco Médio,Baixa
sábado,BR-285,212.0,Plena Noite,Crescente,Chuva,Simples,Reta,-28.24276,-52.56312,DEL08-RS,Risco Médio,Baixa
sábado,BR-280,192.3,Pleno dia,Decrescente,Nublado,Simples,Não Informado,-26.17963,-49.99438,DEL06-SC,Risco Alto,Baixa
terça-feira,BR-230,97.0,Plena Noite,Decrescente,Céu Claro,Simples,Reta,-5.426278,-48.93098,DEL03-PA,Risco Médio,Baixa
quinta-feira,BR-392,1.2,Plena Noite,Decrescente,Nublado,Simples,Interseção de vias,-32.0473,-52.08584,DEL07-RS,Risco Médio,Média
domingo,BR-116,269.7,Plena Noite,Decrescente,Nublado,Dupla,Reta,-23.60867,-46.75877,DEL04-SP,Risco Médio,Alta
quinta-feira,BR-282,626.0,Plena Noite,Crescente,Céu Claro,Simples,Curva,-26.80345,-53.36067,DEL07-SC,Risco Baixo,Baixa
sábado,BR-40,451.2,Anoitecer,Crescente,Céu Claro,Dupla,Curva,-19.32727,-44.36433,DEL02-MG,Risco Baixo,Alta
segunda-feira,BR-116,2.0,Pleno dia,Decrescente,Céu Claro,Dupla,Reta,-3.770198,-38.51725,DEL01-CE,Risco Médio,Alta
quarta-feira,BR-277,231.6,Pleno dia,Crescente,Céu Claro,Simples,Não Informado,-25.46327,-50.54992,DEL08-PR,Risco Médio,Média
quinta-feira,BR-376,198.0,Anoitecer,Crescente,Nublado,Dupla,Curva,-23.49963,-51.76784,DEL07-PR,Risco Médio,Baixa
domingo,BR-116,80.2,Plena Noite,Crescente,Nublado,Múltipla,Interseção de vias,-22.39198,-42.95242,DEL04-RJ,Risco Médio,Alta
sábado,BR-163,588.0,Pleno dia,Crescente,Céu Claro,Simples,Reta,-13.9062,-56.0917,DEL01-MT,Risco Baixo,Alta
segunda-feira,BR-381,900.9,Pleno dia,Decrescente,Céu Claro,Múltipla,Reta,-22.62872,-46.07774,DEL16-MG,Risco Médio,Alta
domingo,BR-381,426.0,Pleno dia,Crescente,Céu Claro,Simples,Ponte,-19.78686,-43.68925,DEL01-MG,Risco Médio,Alta
sábado,BR-153,698.9,Plena Noite,Crescente,Nublado,Dupla,Não Informado,-18.3777,-49.2106,DEL03-GO,Risco Médio,Alta
segunda-feira,BR-101,26.0,Pleno dia,Crescente,Céu Claro,Dupla,Desvio Temporário,-10.41385,-36.92027,DEL02-SE,Risco Médio,Alta
terça-feira,BR-277,720.4,Pleno dia,Crescente,Nublado,Dupla,Reta,-25.48751,-54.50318,DEL05-PR,Risco Médio,Média