dia_semana,br,km,fase_dia,sentido_via,condicao_metereologica,tipo_pista,tracado_via,latitude,longitude,delegacia,classificacao_acidente,postos_policiais_PRF
quarta-feira,BR-280,6.6,Pleno dia,Decrescente,Céu Claro,Simples,Reta,-26.26569,-48.63362,DEL03-SC,Risco Alto,Baixa
quinta-feira,BR-153,2.0,Plena Noite,Decrescente,Nublado,Simples,Reta,-23.01064,-49.90871,DEL07-PR,Risco Baixo,Alta
sábado,BR-376,108.0,Plena Noite,Decrescente,Céu Claro,Dupla,Interseção de vias,-23.0723,-52.42028,DEL09-PR,Risco Médio,Baixa
segunda-feira,BR-101,499.1,Pleno dia,Decrescente,Céu Claro,Simples,Curva,-22.9161,-44.34271,DEL03-RJ,Risco Alto,Alta
quinta-feira,BR-163,837.5,Anoitecer,Decrescente,Céu Claro,Simples,Reta,-17.57739,-54.75821,DEL06-MS,Risco Médio,Alta
terça-feira,BR-116,385.9,Anoitecer,Decrescente,Chuva,Dupla,Curva,-24.25499,-47.37541,DEL04-SP,Risco Médio,Alta
segunda-feira,BR-116,212.0,Anoitecer,Crescente,Sol,Múltipla,Reta,-23.43608,-46.42805,DEL01-SP,Risco Médio,Alta
quarta-feira,BR-101,402.2,Pleno dia,Decrescente,Nublado,Dupla,Reta,-28.86331,-49.44595,DEL02-SC,Risco Baixo,Alta
quinta-feira,BR-135,553.7,Pleno dia,Decrescente,Céu Claro,Simples,Curva,-10.12697,-45.22438,DEL03-PI,Risco Médio,Baixa
sexta-feira,BR-262,368.3,Plena Noite,Crescente,Céu Claro,Simples,Reta,-20.47875,-54.7641,DEL01-MS,Risco Médio,Média
sexta-feira,BR-116,278.0,Plena Noite,Decrescente,Nublado,Dupla,Reta,-22.55271,-44.17778,DEL07-RJ,Risco Médio,Alta
domingo,BR-116,92.0,Plena Noite,Crescente,Nublado,Dupla,Reta,-25.47691,-49.09767,DEL01-PR,Risco Baixo,Alta
terça-feira,BR-153,143.5,Pleno dia,Decrescente,Nublado,Simples,Reta,-18.875,-49.052,DEL15-MG,Risco Médio,Alta
quinta-feira,BR-364,439.0,Pleno dia,Crescente,Nublado,Simples,Não Informado,-15.6415,-56.16538,DEL01-MT,Risco Baixo,Alta
domingo,BR-101,287.0,Plena Noite,Decrescente,Céu Claro,Dupla,Reta,-22.75518,-42.83463,DEL02-RJ,Risco Baixo,Alta
quarta-feira,BR-101,40.0,Pleno dia,Decrescente,Chuva,Dupla,Curva,-9.163779,-35.77035,DEL01-AL,Risco Médio,Alta
terça-feira,BR-163,826.0,Plena Noite,Decrescente,Céu Claro,Dupla,Reta,-17.69609,-54.74821,DEL06-MS,Risco Médio,Alta
domingo,BR-101,73.8,Pleno dia,Crescente,Céu Claro,Simples,Curva,-8.1027,-34.9483,DEL01-PE,Risco Baixo,Alta
terça-feira,BR-222,16.8,Plena Noite,Crescente,Céu Claro,Simples,Reta,-3.757321,-38.70346,DEL01-CE,Risco Médio,Baixa
sábado,BR-101,480.0,Anoitecer,Crescente,Chuva,Simples,Curva,-14.5868,-39.2914,DEL05-BA,Risco Baixo,Alta
sábado,BR-116,613.0,Pleno dia,Crescente,Céu Claro,Simples,Curva,-20.42882,-42.16259,DEL07-MG,Risco Médio,Alta
sábado,BR-116,134.5,Pleno dia,Crescente,Céu Claro,Múltipla,Reta,-25.71444,-49.31848,DEL01-PR,Risco Baixo,Alta
quinta-feira,BR-40,426.0,Plena Noite,Crescente,Céu Claro,Dupla,Retorno Regulamentado,-19.16812,-44.51543,DEL02-MG,Risco Baixo,Alta
sexta-feira,BR-476,353.2,Pleno dia,Decrescente,Chuva,Simples,Não Informado,-26.19817,-51.00266,DEL02-PR,Risco Médio,Baixa
domingo,BR-40,13.0,Pleno dia,Decrescente,Céu Claro,Dupla,Reta,-16.15183,-47.93916,DEL01-DF,Risco Médio,Alta
quarta-feira,BR-163,836.0,Plena Noite,Decrescente,Ignorado,Simples,Reta,-11.855,-55.494,DEL06-MT,Risco Médio,Alta
terça-feira,BR-10,248.9,Pleno dia,Crescente,Nublado,Simples,Reta,-5.566143,-47.44903,DEL04-MA,Risco Médio,Baixa
domingo,BR-293,124.0,Plena Noite,Crescente,Céu Claro,Simples,Reta,-31.52042,-53.53593,DEL11-RS,Risco Baixo,Baixa
segunda-feira,BR-324,1.9,Plena Noite,Decrescente,Céu Claro,Dupla,Reta,-12.26711,-38.96699,DEL02-BA,Risco Médio,Baixa
quarta-feira,BR-158,266.7,Plena Noite,Decrescente,Céu Claro,Simples,Reta,-29.26399,-53.66645,DEL09-RS,Risco Baixo,Baixa
terça-feira,BR-158,335.4,Plena Noite,Decrescente,Garoa/Chuvisco,Simples,Reta,-29.70769,-53.87388,DEL09-RS,Risco Médio,Baixa
sexta-feira,BR-304,287.0,Pleno dia,Crescente,Céu Claro,Dupla,Reta,-5.871171,-35.4293,DEL01-RN,Risco Médio,Baixa
quinta-feira,BR-386,435.0,Pleno dia,Crescente,Nublado,Dupla,Rotatória,-29.84821,-51.27055,DEL01-RS,Risco Médio,Média
segunda-feira,BR-163,74.8,Amanhecer,Crescente,Céu Claro,Dupla,Reta,-16.86819,-54.71048,DEL02-MT,Risco Baixo,Alta
sexta-feira,BR-163,727.0,Pleno dia,Decrescente,Céu Claro,Simples,Reta,-18.53607,-54.74294,DEL06-MS,Risco Médio,Alta
quarta-feira,BR-116,160.9,Pleno dia,Crescente,Céu Claro,Simples,Curva,-29.23849,-51.16044,DEL05-RS,Risco Baixo,Alta
quarta-feira,BR-393,287.0,Pleno dia,Decrescente,Céu Claro,Simples,Reta,-22.51125,-44.08633,DEL05-RJ,Risco Baixo,Média
terça-feira,BR-116,501.2,Plena Noite,Crescente,Nublado,Dupla,Reta,-24.78152,-48.19304,DEL05-SP,Risco Baixo,Alta
sábado,BR-280,52.7,Pleno dia,Decrescente,Céu Claro,Simples,Interseção de vias,-26.4689,-48.96492,DEL03-SC,Risco Médio,Baixa
quinta-feira,BR-163,513.0,Pleno dia,Decrescente,Chuva,Simples,Reta,-14.56568,-56.21973,DEL01-MT,Risco Médio,Alta
quarta-feira,BR-267,26.5,Pleno dia,Crescente,Céu Claro,Simples,Desvio Temporário,-21.72353,-52.39349,DEL02-MS,Risco Médio,Baixa
sexta-feira,BR-101,195.0,Plena Noite,Decrescente,Céu Claro,Dupla,Reta,-27.50471,-48.65011,DEL01-SC,Risco Médio,Alta
sexta-feira,BR-116,364.9,Pleno dia,Crescente,Sol,Dupla,Curva,-24.14503,-47.27666,DEL04-SP,Risco Médio,Alta
sábado,BR-163,341.2,Plena Noite,Crescente,Céu Claro,Simples,Reta,-21.65872,-54.43467,DEL02-MS,Risco Médio,Alta
terça-feira,BR-40,114.0,Plena Noite,Crescente,Chuva,Múltipla,Reta,-22.71854,-43.28993,DEL01-RJ,Risco Baixo,Alta
domingo,BR-20,8.3,Anoitecer,Crescente,Céu Claro,Dupla,Não Informado,-15.65674,-47.78799,DEL02-DF,Risco Médio,Baixa
segunda-feira,BR-287,353.4,Pleno dia,Decrescente,Céu Claro,Simples,Ponte,-29.489,-54.68043,DEL12-RS,Risco Médio,Baixa
segunda-feira,BR-101,99.9,Pleno dia,Decrescente,Ignorado,Dupla,Curva,-8.2678,-35.0531,DEL01-PE,Risco Médio,Alta
sexta-feira,BR-116,121.0,Pleno dia,Crescente,Céu Claro,Dupla,Reta,-23.07631,-45.65337,DEL02-SP,Risco Médio,Alta
terça-feira,BR-470,89.8,Plena Noite,Crescente,Chuva,Simples,Ponte,-26.95725,-49.37451,DEL04-SC,Risco Médio,Baixa
quarta-feira,BR-163,575.0,Plena Noite,Decrescente,Céu Claro,Simples,Interseção de vias,-19.6794,-54.35014,DEL06-MS,Risco Baixo,Alta
domingo,BR-101,28.3,Pleno dia,Crescente,Nublado,Dupla,Reta,-7.720564,-34.94127,DEL01-PE,Risco Baixo,Alta
quarta-feira,BR-364,344.8,Pleno dia,Decrescente,Sol,Dupla,Interseção de vias,-10.87038,-61.95783,DEL02-RO,Risco Médio,Alta
sexta-feira,BR-101,41.0,Plena Noite,Crescente,Nublado,Dupla,Curva,-26.324,-48.8672,DEL03-SC,Risco Médio,Alta
sábado,BR-319,102.0,Anoitecer,Decrescente,Chuva,Simples,Reta,-3.761905,-60.29891,DEL01-AM,Risco Baixo,Baixa
quinta-feira,BR-40,46.0,Pleno dia,Crescente,Nublado,Dupla,Reta,-22.28562,-43.12096,DEL06-RJ,Risco Alto,Alta
domingo,BR-60,45.6,Pleno dia,Decrescente,Céu Claro,Dupla,Curva,-16.1324,-48.5977,DEL02-GO,Risco Médio,Média
sábado,BR-20,185.4,Pleno dia,Crescente,Chuva,Simples,Interseção de vias,-14.44304,-46.46224,DEL02-DF,Risco Médio,Baixa
sexta-feira,BR-222,2.3,Pleno dia,Decrescente,Chuva,Múltipla,Reta,-3.739472,-38.58973,DEL01-CE,Risco Baixo,Baixa
sexta-feira,BR-277,16.0,Plena Noite,Decrescente,Nublado,Dupla,Reta,-25.56611,-48.62496,DEL01-PR,Risco Médio,Média
domingo,BR-242,468.0,Anoitecer,Crescente,Nublado,Simples,Reta,-12.45645,-42.21091,DEL06-BA,Risco Médio,Baixa
sexta-feira,BR-364,201.6,Plena Noite,Crescente,Céu Claro,Simples,Reta,-11.63992,-61.19783,DEL02-RO,Risco Médio,Alta
segunda-feira,BR-116,13.0,Plena Noite,Crescente,Céu Claro,Múltipla,Reta,-3.865967,-38.49738,DEL01-CE,Risco Médio,Alta
sábado,BR-343,310.7,Pleno dia,Decrescente,Chuva,Simples,Curva,-5.040502,-42.48544,DEL01-PI,Risco Médio,Baixa
quinta-feira,BR-343,3.4,Pleno dia,Decrescente,Sol,Simples,Interseção de vias,-2.900253,-41.68917,DEL05-PI,Risco Médio,Baixa
segunda-feira,BR-116,272.0,Anoitecer,Crescente,Céu Claro,Múltipla,Reta,-23.62169,-46.81329,DEL04-SP,Risco Médio,Alta
segunda-feira,BR-277,723.1,Plena Noite,Decrescente,Nublado,Dupla,Reta,-25.49878,-54.52985,DEL05-PR,Risco Médio,Média
quinta-feira,BR-40,503.6,Pleno dia,Decrescente,Nublado,Dupla,Não Informado,-19.72623,-44.15412,DEL02-MG,Risco Médio,Alta
segunda-feira,BR-376,492.0,Pleno dia,Crescente,Céu Claro,Dupla,Reta,-25.1556,-50.13323,DEL03-PR,Risco Baixo,Baixa
quinta-feira,BR-381,185.5,Pleno dia,Decrescente,Sol,Simples,Reta,-19.07143,-42.17623,DEL06-MG,Risco Médio,Alta
quinta-feira,BR-40,5.0,Pleno dia,Decrescente,Sol,Dupla,Reta,-16.02696,-47.97914,DEL01-DF,Risco Médio,Alta
segunda-feira,BR-135,265.0,Plena Noite,Crescente,Céu Claro,Simples,Reta,-4.701817,-44.3302,DEL03-MA,Risco Médio,Baixa
domingo,BR-405,83.0,Plena Noite,Crescente,Céu Claro,Simples,Reta,-5.70555,-37.80595,DEL04-RN,Risco Médio,Baixa
terça-feira,BR-40,109.0,Pleno dia,Crescente,Sol,Dupla,Reta,-22.67375,-43.28638,DEL01-RJ,Risco Médio,Alta
quinta-feira,BR-116,127.0,Plena Noite,Decrescente,Nublado,Dupla,Reta,-23.10991,-45.70246,DEL06-SP,Risco Médio,Alta
sexta-feira,BR-277,325.1,Pleno dia,Decrescente,Garoa/Chuvisco,Simples,Curva,-25.37331,-51.31951,DEL03-PR,Risco Médio,Média
terça-feira,BR-101,161.0,Pleno dia,Crescente,Sol,Dupla,Reta,-9.90051,-36.2466,DEL02-AL,Risco Médio,Alta
terça-feira,BR-116,149.0,Pleno dia,Crescente,Nublado,Dupla,Desvio Temporário,-29.15997,-51.15645,DEL05-RS,Risco Médio,Alta
quinta-feira,BR-364,1135.0,Plena Noite,Decrescente,Nublado,Simples,Reta,-13.53973,-58.8645,DEL04-MT,Risco Alto,Alta
terça-feira,BR-262,553.4,Pleno dia,Decrescente,Sol,Simples,Não Informado,-19.70962,-45.91842,DEL08-MG,Risco Médio,Média
domingo,BR-174,584.0,Pleno dia,Decrescente,Céu Claro,Simples,Reta,-12.87414,-60.06177,DEL04-RO,Risco Alto,Baixa
sexta-feira,BR-153,112.0,Pleno dia,Decrescente,Chuva,Simples,Viaduto,-23.87485,-50.20286,DEL07-PR,Risco Baixo,Alta
sexta-feira,BR-277,597.4,Plena Noite,Decrescente,Céu Claro,Dupla,Reta,-24.99738,-53.51658,DEL04-PR,Risco Baixo,Média
segunda-feira,BR-407,121.0,Plena Noite,Crescente,Céu Claro,Simples,Desvio Temporário,-10.41115,-40.18295,DEL04-BA,Risco Médio,Baixa
sexta-feira,BR-324,623.0,Pleno dia,Crescente,Nublado,Dupla,Reta,-12.941,-38.47107,DEL01-BA,Risco Médio,Baixa
quarta-feira,BR-153,119.5,Pleno dia,Crescente,Céu Claro,Simples,Não Informado,-23.91812,-50.22862,DEL07-PR,Risco Baixo,Alta
quinta-feira,BR-412,7.9,Pleno dia,Decrescente,Sol,Simples,Reta,-7.187379,-36.1578,DEL02-PB,Risco Médio,Baixa
quarta-feira,BR-153,560.0,Plena Noite,Crescente,Céu Claro,Simples,Curva,-31.087,-53.7084,DEL11-RS,Risco Baixo,Alta
segunda-feira,BR-116,29.0,Pleno dia,Decrescente,Céu Claro,Simples,Não Informado,-8.0954,-39.1249,DEL05-PE,Risco Médio,Alta
terça-feira,BR-316,62.6,Pleno dia,Decrescente,Céu Claro,Dupla,Reta,-1.296619,-47.92702,DEL01-PA,Risco Baixo,Baixa
quarta-feira,BR-324,625.0,Anoitecer,Decrescente,Ignorado,Dupla,Reta,-12.94195,-38.47081,DEL01-BA,Risco Médio,Baixa
terça-feira,BR-230,18.1,Pleno dia,Crescente,Céu Claro,Dupla,Não Informado,-7.1198,-34.8453,DEL01-PB,Risco Baixo,Baixa
sexta-feira,BR-116,26.0,Plena Noite,Decrescente,Chuva,Dupla,Curva,-25.10684,-48.78534,DEL01-PR,Risco Médio,Alta
sexta-feira,BR-153,504.7,Plena Noite,Crescente,Nublado,Dupla,Reta,-16.7419,-49.24165,DEL01-GO,Risco Médio,Alta
sábado,BR-70,7.8,Pleno dia,Decrescente,Sol,Dupla,Não Informado,-15.7876,-48.11443,DEL01-DF,Risco Médio,Baixa
quarta-feira,BR-153,75.5,Pleno dia,Crescente,Céu Claro,Simples,Não Informado,-19.02228,-49.01309,DEL15-MG,Risco Alto,Alta
segunda-feira,BR-480,69.2,Pleno dia,Decrescente,Sol,Simples,Curva,-27.63818,-52.33051,DEL08-RS,Risco Médio,Baixa
quarta-feira,BR-153,284.8,Plena Noite,Decrescente,Nublado,Simples,Reta,-22.44826,-49.86248,DEL07-SP,Risco Médio,Alta
quinta-feira,BR-277,20.0,Pleno dia,Crescente,Nublado,Dupla,Curva,-25.52912,-48.7254,DEL01-PR,Risco Médio,Média
sexta-feira,BR-116,150.0,Plena Noite,Decrescente,Céu Claro,Simples,Reta,-23.21336,-45.89306,DEL02-SP,Risco Baixo,Alta
sábado,BR-174,464.0,Plena Noite,Decrescente,Céu Claro,Simples,Curva,2.575,-60.851,DEL01-RR,Risco Baixo,Baixa
sábado,BR-101,50.0,Plena Noite,Crescente,Nublado,Simples,Reta,-18.6038,-39.887,DEL04-ES,Risco Médio,Alta
quarta-feira,BR-135,550.0,Pleno dia,Crescente,Céu Claro,Simples,Reta,-10.11068,-45.24519,DEL03-PI,Risco Médio,Baixa
quinta-feira,BR-101,142.0,Plena Noite,Crescente,Nublado,Dupla,Reta,-27.05609,-48.59945,DEL04-SC,Risco Médio,Alta
segunda-feira,BR-381,815.5,Pleno dia,Decrescente,Chuva,Dupla,Curva,-22.03475,-45.67965,DEL16-MG,Risco Baixo,Alta
domingo,BR-364,189.0,Plena Noite,Decrescente,Ignorado,Simples,Reta,-16.55849,-54.56051,DEL02-MT,Risco Médio,Alta
domingo,BR-282,40.5,Plena Noite,Crescente,Céu Claro,Simples,Interseção de vias,-27.71615,-48.86958,DEL01-SC,Risco Médio,Baixa
segunda-feira,BR-381,518.7,Pleno dia,Decrescente,Céu Claro,Dupla,Não Informado,-20.12065,-44.30243,DEL04-MG,Risco Médio,Alta
sábado,BR-381,516.5,Amanhecer,Decrescente,Céu Claro,Dupla,Não Informado,-20.10867,-44.31489,DEL04-MG,Risco Baixo,Alta
sexta-feira,BR-324,367.0,Pleno dia,Crescente,Nublado,Simples,Reta,-11.43292,-39.86801,DEL04-BA,Risco Alto,Baixa
quinta-feira,BR-116,157.0,Pleno dia,Decrescente,Céu Claro,Múltipla,Não Informado,-23.25313,-45.93945,DEL02-SP,Risco Médio,Alta
sexta-feira,BR-364,123.0,Pleno dia,Decrescente,Nublado,Dupla,Retorno Regulamentado,-10.01178,-67.78241,DEL01-AC,Risco Baixo,Alta
sexta-feira,BR-135,15.0,Pleno dia,Decrescente,Céu Claro,Dupla,Reta,-2.695401,-44.30512,DEL01-MA,Risco Médio,Baixa
sábado,BR-116,111.0,Pleno dia,Decrescente,Chuva,Dupla,Reta,-23.03887,-45.56097,DEL02-SP,Risco Baixo,Alta
domingo,BR-116,517.7,Pleno dia,Crescente,Céu Claro,Simples,Não Informado,-24.88204,-48.22814,DEL05-SP,Risco Médio,Alta
sábado,BR-40,4.0,Plena Noite,Decrescente,Céu Claro,Dupla,Curva,-16.08524,-47.98675,DEL01-DF,Risco Baixo,Alta
sábado,BR-277,724.0,Pleno dia,Decrescente,Céu Claro,Dupla,Reta,-25.50259,-54.53823,DEL05-PR,Risco Baixo,Média
quinta-feira,BR-222,221.6,Pleno dia,Decrescente,Céu Claro,Simples,Não Informado,-3.727038,-40.32234,DEL04-CE,Risco Médio,Baixa
quinta-feira,BR-116,765.3,Anoitecer,Crescente,Céu Claro,Simples,Interseção de vias,-21.52025,-42.65123,DEL07-MG,Risco Médio,Alta
terça-feira,BR-251,449.7,Amanhecer,Decrescente,Céu Claro,Simples,Curva,-16.42053,-43.28967,DEL12-MG,Risco Médio,Baixa
quinta-feira,BR-158,668.0,Plena Noite,Crescente,Céu Claro,Simples,Reta,-14.75928,-52.32925,DEL07-MT,Risco Baixo,Baixa
quinta-feira,BR-60,230.4,Pleno dia,Decrescente,Chuva,Dupla,Não Informado,-17.06987,-49.80942,DEL01-GO,Risco Médio,Média
terça-feira,BR-40,122.0,Pleno dia,Crescente,Céu Claro,Múltipla,Reta,-22.79438,-43.28813,DEL01-RJ,Risco Médio,Alta
terça-feira,BR-101,294.0,Pleno dia,Crescente,Céu Claro,Múltipla,Reta,-20.32416,-40.39529,DEL01-ES,Risco Alto,Alta
quinta-feira,BR-470,22.0,Pleno dia,Crescente,Céu Claro,Simples,Reta,-26.80661,-48.77518,DEL04-SC,Risco Médio,Baixa
segunda-feira,BR-427,99.6,Pleno dia,Crescente,Céu Claro,Simples,Desvio Temporário,-6.464049,-37.09248,DEL03-RN,Risco Baixo,Baixa
quinta-feira,BR-242,340.0,Plena Noite,Decrescente,Céu Claro,Simples,Curva,-12.5571,-41.3921,DEL06-BA,Risco Médio,Baixa
terça-feira,BR-116,222.9,Plena Noite,Decrescente,Céu Claro,Múltipla,Reta,-23.47734,-46.5273,DEL01-SP,Risco Alto,Alta
quinta-feira,BR-153,57.4,Pleno dia,Decrescente,Nublado,Simples,Não Informado,-20.80129,-49.37373,DEL09-SP,Risco Médio,Alta
segunda-feira,BR-101,134.0,Plena Noite,Decrescente,Céu Claro,Simples,Reta,-27.0049,-48.6266,DEL04-SC,Risco Médio,Alta
sábado,BR-40,737.5,Pleno dia,Decrescente,Céu Claro,Simples,Curva,-21.38297,-43.57034,DEL05-MG,Risco Médio,Alta
domingo,BR-235,73.5,Plena Noite,Crescente,Nublado,Simples,Reta,-10.55522,-37.53294,DEL01-SE,Risco Médio,Baixa
domingo,BR-116,166.0,Plena Noite,Decrescente,Chuva,Simples,Reta,-25.86522,-49.44584,DEL01-PR,Risco Médio,Alta
domingo,BR-364,199.0,Plena Noite,Decrescente,Céu Claro,Simples,Reta,-9.597969,-68.25786,DEL01-AC,Risco Alto,Alta
domingo,BR-280,238.0,Pleno dia,Decrescente,Garoa/Chuvisco,Simples,Reta,-26.20396,-50.43651,DEL06-SC,Risco Médio,Baixa
sexta-feira,BR-381,510.0,Pleno dia,Decrescente,Céu Claro,Múltipla,Reta,-20.0551,-44.2849,DEL01-MG,Risco Médio,Alta
segunda-feira,BR-316,612.9,Plena Noite,Crescente,Céu Claro,Simples,Reta,-5.075141,-42.85945,DEL03-MA,Risco Médio,Baixa
segunda-feira,BR-324,606.4,Amanhecer,Crescente,Céu Claro,Dupla,Curva,-12.8093,-38.40436,DEL01-BA,Risco Baixo,Baixa
quarta-feira,BR-101,29.0,Pleno dia,Crescente,Céu Claro,Dupla,Curva,-29.47758,-49.96269,DEL03-RS,Risco Médio,Alta
quarta-feira,BR-415,32.0,Pleno dia,Decrescente,Sol,Simples,Curva,-14.8482,-39.28199,DEL05-BA,Risco Médio,Baixa
segunda-feira,BR-40,531.5,Pleno dia,Decrescente,Chuva,Dupla,Reta,-19.92292,-44.02,DEL01-MG,Risco Médio,Alta
segunda-feira,BR-470,0.2,Pleno dia,Decrescente,Sol,Simples,Reta,-26.91526,-48.96026,DEL04-SC,Risco Alto,Baixa
quarta-feira,BR-135,5.1,Pleno dia,Decrescente,Chuva,Dupla,Não Informado,-2.53073,-44.3068,DEL01-MA,Risco Baixo,Baixa
quinta-feira,BR-101,92.3,Pleno dia,Crescente,Nublado,Dupla,Reta,-10.90169,-37.13619,DEL01-SE,Risco Médio,Alta
sábado,BR-459,32.4,Plena Noite,Crescente,Céu Claro,Simples,Não Informado,-21.92971,-46.3605,DEL09-MG,Risco Médio,Baixa
terça-feira,BR-429,46.0,Pleno dia,Crescente,Céu Claro,Simples,Não Informado,-11.19974,-61.94567,DEL02-RO,Risco Médio,Baixa
sexta-feira,BR-104,7.0,Amanhecer,Crescente,Nevoeiro/Neblina,Simples,Curva,-8.95591,-36.02384,DEL01-AL,Risco Médio,Baixa
sexta-feira,BR-381,522.5,Anoitecer,Decrescente,Chuva,Dupla,Curva,-20.14551,-44.32277,DEL04-MG,Risco Médio,Alta
sábado,BR-135,93.7,Plena Noite,Crescente,Nublado,Simples,Reta,-3.319512,-44.43497,DEL01-MA,Risco Médio,Baixa
sexta-feira,BR-40,751.8,Pleno dia,Crescente,Chuva,Simples,Curva,-21.4989,-43.5357,DEL05-MG,Risco Médio,Alta
domingo,BR-277,99.9,Pleno dia,Decrescente,Céu Claro,Dupla,Reta,-25.43224,-49.36777,DEL01-PR,Risco Médio,Média
domingo,BR-40,12.6,Pleno dia,Decrescente,Nublado,Dupla,Reta,-16.14512,-47.94538,DEL01-DF,Risco Baixo,Alta
domingo,BR-262,389.0,Pleno dia,Decrescente,Céu Claro,Simples,Reta,-20.42641,-54.91954,DEL01-MS,Risco Médio,Média
segunda-feira,BR-101,332.6,Plena Noite,Decrescente,Céu Claro,Simples,Interseção de vias,-28.46016,-48.98969,DEL02-SC,Risco Médio,Alta
sexta-feira,BR-364,521.8,Plena Noite,Crescente,Céu Claro,Simples,Reta,-9.870522,-63.0578,DEL03-RO,Risco Baixo,Alta
segunda-feira,BR-282,503.0,Plena Noite,Decrescente,Céu Claro,Dupla,Curva,-26.88492,-52.39979,DEL07-SC,Risco Médio,Baixa
quinta-feira,BR-277,143.0,Plena Noite,Decrescente,Nublado,Simples,Não Informado,-25.46478,-49.7636,DEL01-PR,Risco Médio,Média
quarta-feira,BR-60,35.3,Pleno dia,Decrescente,Nublado,Dupla,Não Informado,-16.1045,-48.5242,DEL01-DF,Risco Médio,Média
segunda-feira,BR-251,293.0,Plena Noite,Crescente,Ignorado,Simples,Reta,-16.01447,-42.06081,DEL11-MG,Risco Baixo,Baixa
domingo,BR-153,532.0,Plena Noite,Decrescente,Céu Claro,Dupla,Reta,-16.97911,-49.22957,DEL01-GO,Risco Médio,Alta
segunda-feira,BR-116,395.9,Plena Noite,Decrescente,Nublado,Simples,Reta,-30.84878,-51.7656,DEL02-RS,Risco Baixo,Alta
domingo,BR-40,108.0,Pleno dia,Decrescente,Céu Claro,Dupla,Não Informado,-22.67095,-43.28412,DEL01-RJ,Risco Médio,Alta
domingo,BR-101,74.0,Anoitecer,Crescente,Céu Claro,Dupla,Reta,-7.084621,-34.97794,DEL01-PB,Risco Baixo,Alta
quinta-feira,BR-381,521.2,Pleno dia,Crescente,Chuva,Dupla,Curva,-20.11996,-44.30226,DEL04-MG,Risco Baixo,Alta
sexta-feira,BR-222,127.0,Pleno dia,Decrescente,Garoa/Chuvisco,Simples,Não Informado,-3.701844,-39.6067,DEL04-CE,Risco Baixo,Baixa
quinta-feira,BR-242,460.0,Pleno dia,Decrescente,Céu Claro,Simples,Reta,-12.45207,-42.15054,DEL06-BA,Risco Baixo,Baixa
sexta-feira,BR-230,407.0,Plena Noite,Crescente,Céu Claro,Múltipla,Reta,-7.519192,-46.06741,DEL05-MA,Risco Baixo,Baixa
domingo,BR-116,420.0,Pleno dia,Decrescente,Céu Claro,Simples,Reta,-18.93259,-41.94271,DEL06-MG,Risco Médio,Alta
sexta-feira,BR-381,486.0,Pleno dia,Decrescente,Céu Claro,Dupla,Reta,-19.9554,-44.1157,DEL01-MG,Risco Médio,Alta
sábado,BR-116,115.0,Pleno dia,Crescente,Chuva,Simples,Curva,-25.54529,-49.30497,DEL01-PR,Risco Baixo,Alta
domingo,BR-116,228.0,Pleno dia,Decrescente,Céu Claro,Múltipla,Reta,-23.50343,-46.56639,DEL01-SP,Risco Médio,Alta
terça-feira,BR-376,228.7,Pleno dia,Crescente,Céu Claro,Dupla,Reta,-23.56925,-51.54729,DEL07-PR,Risco Médio,Baixa
quarta-feira,BR-101,380.0,Plena Noite,Decrescente,Céu Claro,Simples,Reta,-20.80641,-40.83256,DEL03-ES,Risco Médio,Alta
sábado,BR-101,254.0,Pleno dia,Crescente,Nublado,Simples,Reta,-20.12152,-40.30779,DEL02-ES,Risco Médio,Alta
sábado,BR-101,267.0,Amanhecer,Crescente,Nublado,Dupla,Reta,-28.0951,-48.7081,DEL02-SC,Risco Baixo,Alta
terça-feira,BR-101,41.9,Pleno dia,Decrescente,Nublado,Dupla,Reta,-26.32332,-48.86802,DEL03-SC,Risco Médio,Alta
segunda-feira,BR-101,206.0,Anoitecer,Decrescente,Nublado,Múltipla,Reta,-27.58868,-48.61693,DEL01-SC,Risco Médio,Alta
sábado,BR-262,511.2,Plena Noite,Decrescente,Chuva,Simples,Reta,-20.45348,-56.00142,DEL03-MS,Risco Médio,Média
quarta-feira,BR-468,105.8,Pleno dia,Decrescente,Sol,Simples,Interseção de vias,-27.43242,-53.95008,DEL08-RS,Risco Médio,Baixa
segunda-feira,BR-174,82.0,Pleno dia,Decrescente,Nublado,Simples,Reta,-15.94713,-57.78156,DEL03-MT,Risco Médio,Baixa
domingo,BR-277,683.2,Pleno dia,Crescente,Sol,Dupla,Curva,-25.3327,-54.19204,DEL05-PR,Risco Baixo,Média
quarta-feira,BR-262,239.0,Plena Noite,Decrescente,Céu Claro,Simples,Reta,-20.45767,-53.76552,DEL01-MS,Risco Médio,Média
sexta-feira,BR-277,106.5,Pleno dia,Decrescente,Sol,Dupla,Reta,-25.42847,-49.39101,DEL01-PR,Risco Médio,Média
quinta-feira,BR-285,314.0,Pleno dia,Decrescente,Céu Claro,Simples,Curva,-28.24579,-52.57226,DEL08-RS,Risco Alto,Baixa
domingo,BR-40,660.3,Plena Noite,Crescente,Nublado,Simples,Reta,-20.90173,-43.82739,DEL05-MG,Risco Médio,Alta
sábado,BR-470,55.2,Plena Noite,Crescente,Céu Claro,Simples,Reta,-26.8756,-49.11799,DEL04-SC,Risco Baixo,Baixa