dia_semana,br,km,fase_dia,sentido_via,condicao_metereologica,tipo_pista,tracado_via,latitude,longitude,delegacia,classificacao_acidente,postos_policiais_PRF
domingo,BR-364,346.5,Amanhecer,Decrescente,Céu Claro,Simples,Reta,-10.86573,-61.96854,DEL02-RO,Risco Alto,Alta
quarta-feira,BR-20,337.0,Plena Noite,Crescente,Céu Claro,Simples,Reta,-4.0171,-38.9795,DEL02-CE,Risco Baixo,Baixa
sexta-feira,BR-156,286.0,Pleno dia,Crescente,Céu Claro,Simples,Curva,0.5642,-51.1498,DEL01-AP,Risco Médio,Baixa
domingo,BR-262,428.7,Pleno dia,Crescente,Céu Claro,Dupla,Não Informado,-19.89685,-44.85108,DEL08-MG,Risco Alto,Média
quinta-feira,BR-116,509.0,Pleno dia,Crescente,Céu Claro,Simples,Curva,-24.82179,-48.21419,DEL05-SP,Risco Médio,Alta
sexta-feira,BR-116,530.0,Pleno dia,Crescente,Céu Claro,Simples,Interseção de vias,-31.75908,-52.43688,DEL07-RS,Risco Médio,Alta
quarta-feira,BR-343,627.0,Plena Noite,Crescente,Céu Claro,Simples,Reta,-6.938,-43.1973,DEL03-PI,Risco Médio,Baixa
segunda-feira,BR-435,13.0,Pleno dia,Crescente,Céu Claro,Dupla,Rotatória,-12.74086,-60.13188,DEL04-RO,Risco Médio,Baixa
sexta-feira,BR-364,608.0,Pleno dia,Decrescente,Céu Claro,Simples,Curva,-14.46283,-56.26736,DEL01-MT,Risco Médio,Alta
domingo,BR-155,329.0,Plena Noite,Decrescente,Ignorado,Simples,Reta,-5.5123,-49.0738,DEL03-PA,Risco Baixo,Baixa
terça-feira,BR-50,25.2,Plena Noite,Crescente,Chuva,Dupla,Curva,-18.61146,-48.07749,DEL15-MG,Risco Médio,Média
segunda-feira,BR-392,62.7,Plena Noite,Decrescente,Céu Claro,Dupla,Reta,-31.77188,-52.3631,DEL07-RS,Risco Alto,Média
terça-feira,BR-116,148.8,Plena Noite,Decrescente,Céu Claro,Múltipla,Reta,-23.2066,-45.88603,DEL02-SP,Risco Médio,Alta
sexta-feira,BR-381,511.3,Pleno dia,Crescente,Céu Claro,Múltipla,Não Informado,-20.0633,-44.29363,DEL01-MG,Risco Médio,Alta
terça-feira,BR-40,46.0,Pleno dia,Decrescente,Céu Claro,Dupla,Curva,-22.28731,-43.12195,DEL06-RJ,Risco Médio,Alta
terça-feira,BR-70,500.0,Plena Noite,Crescente,Céu Claro,Simples,Reta,-15.6913,-56.02021,DEL01-MT,Risco Médio,Baixa
sábado,BR-116,193.0,Plena Noite,Decrescente,Céu Claro,Múltipla,Não Informado,-23.38041,-46.25851,DEL01-SP,Risco Médio,Alta
sábado,BR-101,149.0,Plena Noite,Decrescente,Nublado,Simples,Interseção de vias,-27.10896,-48.61278,DEL04-SC,Risco Baixo,Alta
domingo,BR-101,878.0,Plena Noite,Crescente,Nublado,Simples,Reta,-17.53547,-39.71236,DEL09-BA,Risco Médio,Alta
segunda-feira,BR-369,129.7,Pleno dia,Crescente,Céu Claro,Dupla,Não Informado,-23.25819,-50.98136,DEL07-PR,Risco Médio,Baixa
sexta-feira,BR-156,813.0,Plena Noite,Crescente,Céu Claro,Simples,Desvio Temporário,3.822806,-51.79264,DEL01-AP,Risco Médio,Baixa
sexta-feira,BR-230,17.0,Pleno dia,Crescente,Céu Claro,Simples,Curva,-7.118222,-34.84413,DEL01-PB,Risco Médio,Baixa
domingo,BR-277,73.8,Plena Noite,Decrescente,Céu Claro,Dupla,Reta,-25.49795,-49.15508,DEL01-PR,Risco Alto,Média
segunda-feira,BR-101,102.0,Pleno dia,Decrescente,Céu Claro,Dupla,Reta,-7.282653,-34.93939,DEL01-PB,Risco Médio,Alta
sexta-feira,BR-101,434.1,Pleno dia,Decrescente,Céu Claro,Múltipla,Reta,-29.09075,-49.63226,DEL02-SC,Risco Médio,Alta
quinta-feira,BR-376,218.9,Plena Noite,Crescente,Garoa/Chuvisco,Simples,Curva,-23.59703,-51.62239,DEL07-PR,Risco Baixo,Baixa
quinta-feira,BR-116,499.0,Pleno dia,Crescente,Sol,Simples,Curva,-24.78432,-48.18228,DEL05-SP,Risco Médio,Alta
sexta-feira,BR-376,176.2,Pleno dia,Crescente,Céu Claro,Dupla,Reta,-23.41076,-51.93842,DEL07-PR,Risco Médio,Baixa
domingo,BR-116,155.0,Pleno dia,Decrescente,Céu Claro,Simples,Curva,-27.07454,-50.4292,DEL06-SC,Risco Médio,Alta
segunda-feira,BR-277,130.6,Plena Noite,Decrescente,Chuva,Dupla,Não Informado,-25.47887,-49.64478,DEL03-PR,Risco Médio,Média
sexta-feira,BR-101,506.0,Plena Noite,Decrescente,Céu Claro,Simples,Reta,-22.93542,-44.39601,DEL03-RJ,Risco Médio,Alta
quarta-feira,BR-101,202.5,Pleno dia,Crescente,Céu Claro,Múltipla,Reta,-27.565,-48.6146,DEL01-SC,Risco Médio,Alta
quarta-feira,BR-110,46.0,Pleno dia,Decrescente,Céu Claro,Simples,Reta,-5.203384,-37.32563,DEL04-RN,Risco Médio,Baixa
domingo,BR-153,107.0,Pleno dia,Crescente,Céu Claro,Simples,Reta,-21.06384,-49.66241,DEL09-SP,Risco Médio,Alta
quarta-feira,BR-101,0.2,Plena Noite,Crescente,Céu Claro,Múltipla,Reta,-20.23574,-40.27678,DEL04-ES,Risco Baixo,Alta
quinta-feira,BR-470,155.5,Pleno dia,Crescente,Garoa/Chuvisco,Simples,Interseção de vias,-27.27527,-49.74312,DEL04-SC,Risco Médio,Baixa
segunda-feira,BR-282,533.2,Plena Noite,Crescente,Céu Claro,Simples,Curva,-26.99508,-52.62626,DEL07-SC,Risco Médio,Baixa
quinta-feira,BR-101,54.9,Pleno dia,Decrescente,Nublado,Múltipla,Reta,-7.948503,-34.90671,DEL01-PE,Risco Médio,Alta
segunda-feira,BR-101,127.2,Pleno dia,Crescente,Céu Claro,Dupla,Túnel,-11.07307,-37.36285,DEL02-SE,Risco Baixo,Alta
sábado,BR-101,86.3,Pleno dia,Decrescente,Garoa/Chuvisco,Dupla,Reta,-7.154784,-34.90765,DEL01-PB,Risco Médio,Alta
quarta-feira,BR-153,494.0,Pleno dia,Decrescente,Nublado,Simples,Reta,-10.15679,-48.88264,DEL01-TO,Risco Médio,Alta
quarta-feira,BR-116,115.0,Plena Noite,Decrescente,Céu Claro,Dupla,Reta,-25.55953,-49.2656,DEL01-PR,Risco Médio,Alta
sábado,BR-230,301.3,Plena Noite,Decrescente,Céu Claro,Simples,Reta,-6.963898,-45.37581,DEL05-MA,Risco Alto,Baixa
terça-feira,BR-101,79.0,Pleno dia,Decrescente,Céu Claro,Simples,Não Informado,-8.1533,-34.9421,DEL01-PE,Risco Médio,Alta
sábado,BR-101,31.5,Plena Noite,Crescente,Céu Claro,Dupla,Reta,-6.758091,-35.13409,DEL01-PB,Risco Baixo,Alta
sexta-feira,BR-101,443.0,Pleno dia,Crescente,Chuva,Simples,Curva,-22.98108,-44.08442,DEL03-RJ,Risco Médio,Alta
terça-feira,BR-116,752.2,Pleno dia,Decrescente,Nublado,Simples,Reta,-14.44442,-40.35241,DEL08-BA,Risco Médio,Alta
domingo,BR-470,44.0,Pleno dia,Decrescente,Céu Claro,Simples,Curva,-26.87066,-49.0219,DEL04-SC,Risco Médio,Baixa
quarta-feira,BR-40,522.5,Pleno dia,Decrescente,Céu Claro,Dupla,Reta,-19.86387,-44.0675,DEL01-MG,Risco Médio,Alta
quarta-feira,BR-101,270.5,Plena Noite,Decrescente,Nublado,Múltipla,Interseção de vias,-20.2287,-40.2828,DEL02-ES,Risco Médio,Alta
sexta-feira,BR-304,249.0,Pleno dia,Decrescente,Céu Claro,Simples,Reta,-5.828882,-35.76258,DEL01-RN,Risco Baixo,Baixa
segunda-feira,BR-116,261.0,Anoitecer,Decrescente,Chuva,Simples,Reta,-29.88798,-51.17901,DEL01-RS,Risco Médio,Alta
domingo,BR-104,60.8,Pleno dia,Decrescente,Céu Claro,Dupla,Reta,-8.2438,-35.9752,DEL02-PE,Risco Baixo,Baixa
sábado,BR-364,206.0,Plena Noite,Crescente,Chuva,Dupla,Reta,-16.45125,-54.6647,DEL02-MT,Risco Médio,Alta
sábado,BR-415,50.1,Amanhecer,Crescente,Nevoeiro/Neblina,Simples,Reta,-14.81574,-39.29612,DEL05-BA,Risco Médio,Baixa
domingo,BR-153,24.6,Pleno dia,Crescente,Céu Claro,Simples,Interseção de vias,-23.18945,-49.98588,DEL07-PR,Risco Baixo,Alta
sábado,BR-155,157.0,Pleno dia,Crescente,Céu Claro,Simples,Reta,-6.855253,-49.60402,DEL03-PA,Risco Alto,Baixa
terça-feira,BR-116,527.6,Plena Noite,Crescente,Nublado,Dupla,Curva,-19.78511,-42.13445,DEL06-MG,Risco Médio,Alta
segunda-feira,BR-262,629.0,Pleno dia,Crescente,Nublado,Simples,Reta,-19.87555,-56.87759,DEL03-MS,Risco Médio,Média
terça-feira,BR-262,368.7,Plena Noite,Decrescente,Nublado,Dupla,Reta,-19.9724,-44.28042,DEL01-MG,Risco Baixo,Média
terça-feira,BR-364,106.5,Pleno dia,Decrescente,Sol,Simples,Curva,-16.84615,-53.80821,DEL02-MT,Risco Médio,Alta
sábado,BR-280,153.0,Pleno dia,Crescente,Chuva,Simples,Curva,-26.2247,-49.70866,DEL06-SC,Risco Médio,Baixa
quinta-feira,BR-101,97.2,Pleno dia,Crescente,Céu Claro,Múltipla,Reta,-5.857622,-35.21294,DEL01-RN,Risco Médio,Alta
segunda-feira,BR-230,11.0,Plena Noite,Decrescente,Céu Claro,Dupla,Reta,-7.071949,-34.84977,DEL01-PB,Risco Baixo,Baixa
quinta-feira,BR-101,157.0,Pleno dia,Decrescente,Céu Claro,Dupla,Reta,-27.18163,-48.61212,DEL04-SC,Risco Baixo,Alta
quarta-feira,BR-116,244.0,Pleno dia,Decrescente,Céu Claro,Dupla,Reta,-5.460155,-38.35908,DEL03-CE,Risco Baixo,Alta
quarta-feira,BR-316,14.2,Plena Noite,Decrescente,Céu Claro,Dupla,Reta,-1.366874,-48.32044,DEL01-PA,Risco Médio,Baixa
quarta-feira,BR-158,1.2,Anoitecer,Crescente,Céu Claro,Simples,Reta,-30.85372,-55.51034,DEL08-RS,Risco Médio,Baixa
domingo,BR-242,376.4,Anoitecer,Crescente,Céu Claro,Simples,Reta,-11.73656,-49.02925,DEL02-TO,Risco Alto,Baixa
quarta-feira,BR-230,35.5,Pleno dia,Decrescente,Chuva,Dupla,Desvio Temporário,-7.1268,-34.9412,DEL01-PB,Risco Médio,Baixa
sexta-feira,BR-343,341.5,Plena Noite,Crescente,Céu Claro,Dupla,Não Informado,-5.077639,-42.74653,DEL01-PI,Risco Médio,Baixa
sexta-feira,BR-116,247.9,Anoitecer,Decrescente,Nublado,Dupla,Viaduto,-29.76733,-51.15353,DEL01-RS,Risco Médio,Alta
sexta-feira,BR-116,23.0,Pleno dia,Decrescente,Chuva,Múltipla,Reta,-3.949055,-38.51213,DEL01-CE,Risco Baixo,Alta
quinta-feira,BR-101,112.1,Pleno dia,Crescente,Céu Claro,Dupla,Reta,-26.8533,-48.7265,DEL04-SC,Risco Médio,Alta
terça-feira,BR-101,416.0,Pleno dia,Decrescente,Sol,Simples,Reta,-22.9073,-43.89025,DEL03-RJ,Risco Médio,Alta
sábado,BR-110,342.0,Pleno dia,Crescente,Chuva,Simples,Curva,-12.1706,-38.41376,DEL01-BA,Risco Alto,Baixa
quinta-feira,BR-116,6.0,Plena Noite,Crescente,Nublado,Dupla,Reta,-25.3669,-49.0996,DEL01-PR,Risco Médio,Alta
quinta-feira,BR-277,2.0,Pleno dia,Crescente,Nublado,Simples,Reta,-25.49378,-54.58326,DEL05-PR,Risco Médio,Média
domingo,BR-290,554.0,Pleno dia,Decrescente,Céu Claro,Simples,Não Informado,-29.91495,-55.54336,DEL13-RS,Risco Médio,Baixa
quarta-feira,BR-367,23.2,Pleno dia,Decrescente,Garoa/Chuvisco,Simples,Reta,-16.45019,-39.06505,DEL09-BA,Risco Médio,Baixa
domingo,BR-277,106.0,Pleno dia,Crescente,Céu Claro,Dupla,Curva,-25.47985,-49.34945,DEL01-PR,Risco Médio,Média
domingo,BR-381,858.0,Plena Noite,Crescente,Céu Claro,Dupla,Reta,-22.34205,-45.9261,DEL16-MG,Risco Médio,Alta
sábado,BR-116,44.8,Plena Noite,Crescente,Chuva,Dupla,Curva,-25.18823,-48.88493,DEL01-PR,Risco Médio,Alta
quarta-feira,BR-101,199.0,Pleno dia,Decrescente,Nublado,Múltipla,Reta,-27.5341,-48.6301,DEL01-SC,Risco Médio,Alta
quinta-feira,BR-376,599.0,Pleno dia,Decrescente,Céu Claro,Dupla,Reta,-25.42312,-49.36569,DEL01-PR,Risco Baixo,Baixa
sábado,BR-343,597.0,Plena Noite,Crescente,Céu Claro,Simples,Não Informado,-6.8079,-43.0527,DEL03-PI,Risco Médio,Baixa
quinta-feira,BR-146,606.0,Pleno dia,Crescente,Céu Claro,Simples,Reta,-21.80573,-46.45775,DEL16-MG,Risco Médio,Baixa
sábado,BR-262,442.9,Amanhecer,Decrescente,Céu Claro,Dupla,Reta,-19.87132,-44.97286,DEL08-MG,Risco Médio,Média
quarta-feira,BR-101,150.0,Pleno dia,Decrescente,Garoa/Chuvisco,Dupla,Reta,-27.11745,-48.60941,DEL04-SC,Risco Médio,Alta
sexta-feira,BR-376,395.0,Plena Noite,Decrescente,Garoa/Chuvisco,Simples,Curva,-24.56243,-50.68528,DEL03-PR,Risco Baixo,Baixa
terça-feira,BR-280,55.1,Pleno dia,Crescente,Céu Claro,Simples,Não Informado,-26.47751,-48.99813,DEL03-SC,Risco Médio,Baixa
segunda-feira,BR-116,207.0,Pleno dia,Decrescente,Chuva,Dupla,Reta,-23.41896,-46.38153,DEL01-SP,Risco Baixo,Alta
sexta-feira,BR-101,279.3,Plena Noite,Decrescente,Céu Claro,Múltipla,Interseção de vias,-20.22981,-40.27268,DEL02-ES,Risco Médio,Alta
sexta-feira,BR-20,419.7,Pleno dia,Decrescente,Céu Claro,Simples,Reta,-3.844333,-38.58087,DEL01-CE,Risco Médio,Baixa
terça-feira,BR-343,7.2,Plena Noite,Crescente,Céu Claro,Simples,Reta,-2.883874,-41.68016,DEL05-PI,Risco Médio,Baixa
domingo,BR-364,323.0,Plena Noite,Crescente,Céu Claro,Simples,Reta,-11.04383,-61.92998,DEL02-RO,Risco Médio,Alta
segunda-feira,BR-101,71.0,Pleno dia,Decrescente,Sol,Dupla,Reta,-8.078292,-34.94292,DEL01-PE,Risco Médio,Alta
domingo,BR-116,49.7,Anoitecer,Crescente,Chuva,Simples,Curva,-28.56891,-51.00387,DEL05-RS,Risco Médio,Alta
sábado,BR-60,20.0,Pleno dia,Crescente,Sol,Dupla,Reta,-15.97621,-48.19856,DEL01-DF,Risco Médio,Média
sábado,BR-163,474.9,Pleno dia,Crescente,Céu Claro,Simples,Curva,-20.52336,-54.56905,DEL01-MS,Risco Baixo,Alta
sábado,BR-343,308.1,Plena Noite,Crescente,Céu Claro,Simples,Reta,-5.038669,-42.46817,DEL01-PI,Risco Médio,Baixa
segunda-feira,BR-116,425.9,Pleno dia,Decrescente,Céu Claro,Simples,Não Informado,-12.26863,-38.98801,DEL02-BA,Risco Baixo,Alta
sexta-feira,BR-428,189.9,Pleno dia,Crescente,Céu Claro,Simples,Reta,-9.378205,-40.50523,DEL06-PE,Risco Médio,Baixa
sábado,BR-365,447.0,Pleno dia,Crescente,Céu Claro,Simples,Reta,-18.82798,-46.79933,DEL10-MG,Risco Médio,Média
sexta-feira,BR-116,187.0,Plena Noite,Decrescente,Céu Claro,Dupla,Reta,-22.73884,-43.47245,DEL01-RJ,Risco Médio,Alta
sábado,BR-101,122.1,Amanhecer,Crescente,Nublado,Simples,Não Informado,-12.15228,-38.51761,DEL01-BA,Risco Baixo,Alta
domingo,BR-101,27.0,Pleno dia,Decrescente,Céu Claro,Dupla,Reta,-26.2102,-48.9156,DEL03-SC,Risco Médio,Alta
terça-feira,BR-101,171.7,Plena Noite,Decrescente,Nublado,Dupla,Reta,-27.30546,-48.63258,DEL04-SC,Risco Médio,Alta
quarta-feira,BR-277,106.0,Pleno dia,Decrescente,Sol,Dupla,Reta,-25.47985,-49.34945,DEL01-PR,Risco Médio,Média
sexta-feira,BR-101,296.1,Pleno dia,Decrescente,Chuva,Dupla,Curva,-28.34239,-48.73304,DEL02-SC,Risco Baixo,Alta
quarta-feira,BR-376,676.0,Pleno dia,Crescente,Céu Claro,Dupla,Reta,-25.93582,-48.91045,DEL01-PR,Risco Baixo,Baixa
quinta-feira,BR-116,716.0,Pleno dia,Decrescente,Sol,Simples,Não Informado,-21.21283,-42.38933,DEL07-MG,Risco Médio,Alta
segunda-feira,BR-153,58.0,Plena Noite,Decrescente,Céu Claro,Simples,Reta,-20.7796,-49.3531,DEL09-SP,Risco Médio,Alta
terça-feira,BR-376,426.4,Plena Noite,Crescente,Garoa/Chuvisco,Dupla,Não Informado,-24.71377,-50.54979,DEL03-PR,Risco Médio,Baixa
quinta-feira,BR-116,473.0,Pleno dia,Decrescente,Céu Claro,Dupla,Reta,-24.67228,-47.9788,DEL05-SP,Risco Médio,Alta
domingo,BR-365,862.0,Pleno dia,Decrescente,Chuva,Simples,Reta,-19.04242,-50.42876,DEL15-MG,Risco Médio,Média
sexta-feira,BR-280,24.0,Pleno dia,Decrescente,Céu Claro,Simples,Interseção de vias,-26.37831,-48.72059,DEL03-SC,Risco Baixo,Baixa
domingo,BR-101,67.1,Pleno dia,Decrescente,Céu Claro,Simples,Não Informado,-21.76804,-41.34979,DEL08-RJ,Risco Médio,Alta
segunda-feira,BR-174,30.0,Plena Noite,Decrescente,Garoa/Chuvisco,Simples,Reta,-15.84597,-57.85592,DEL03-MT,Risco Médio,Baixa
terça-feira,BR-10,218.0,Pleno dia,Crescente,Céu Claro,Simples,Curva,-2.5227,-47.5052,DEL02-PA,Risco Baixo,Baixa
sexta-feira,BR-282,311.8,Pleno dia,Crescente,Céu Claro,Simples,Curva,-27.05969,-51.67684,DEL07-SC,Risco Médio,Baixa
sábado,BR-101,196.0,Pleno dia,Decrescente,Céu Claro,Múltipla,Reta,-27.5185,-48.6383,DEL01-SC,Risco Médio,Alta
quarta-feira,BR-40,5.5,Plena Noite,Decrescente,Céu Claro,Dupla,Reta,-16.09313,-47.98224,DEL01-DF,Risco Baixo,Alta
sábado,BR-364,450.0,Plena Noite,Decrescente,Céu Claro,Simples,Interseção de vias,-15.59527,-56.22617,DEL01-MT,Risco Médio,Alta
terça-feira,BR-60,423.0,Pleno dia,Decrescente,Céu Claro,Simples,Reta,-20.91374,-54.94704,DEL01-MS,Risco Médio,Média
quinta-feira,BR-163,403.5,Anoitecer,Decrescente,Céu Claro,Simples,Reta,-21.13672,-54.4786,DEL02-MS,Risco Médio,Alta
sábado,BR-163,107.0,Pleno dia,Crescente,Céu Claro,Dupla,Reta,-16.603,-54.69718,DEL02-MT,Risco Médio,Alta
quinta-feira,BR-364,370.0,Plena Noite,Crescente,Ignorado,Simples,Curva,-17.37605,-53.07696,DEL05-GO,Risco Médio,Alta
terça-feira,BR-174,500.0,Plena Noite,Crescente,Céu Claro,Dupla,Interseção de vias,2.776633,-60.70886,DEL01-RR,Risco Médio,Baixa
domingo,BR-316,2.0,Anoitecer,Decrescente,Céu Claro,Dupla,Reta,-1.39312,-48.41914,DEL01-PA,Risco Baixo,Baixa
sábado,BR-493,19.9,Plena Noite,Crescente,Chuva,Simples,Interseção de vias,-22.66365,-43.03527,DEL04-RJ,Risco Médio,Baixa
terça-feira,BR-153,543.9,Pleno dia,Crescente,Chuva,Dupla,Curva,-17.0814,-49.2246,DEL01-GO,Risco Médio,Alta
terça-feira,BR-101,193.2,Plena Noite,Decrescente,Nublado,Dupla,Interseção de vias,-27.48967,-48.65566,DEL01-SC,Risco Médio,Alta
sábado,BR-116,88.0,Pleno dia,Decrescente,Céu Claro,Múltipla,Reta,-25.44778,-49.09099,DEL01-PR,Risco Médio,Alta
sábado,BR-101,108.4,Anoitecer,Decrescente,Céu Claro,Dupla,Reta,-5.929611,-35.26469,DEL01-RN,Risco Médio,Alta
domingo,BR-153,380.0,Amanhecer,Crescente,Céu Claro,Simples,Reta,-9.2356,-48.5481,DEL02-TO,Risco Baixo,Alta
terça-feira,BR-365,26.2,Pleno dia,Decrescente,Sol,Simples,Reta,-16.85142,-44.06971,DEL12-MG,Risco Médio,Média
quinta-feira,BR-116,398.8,Pleno dia,Decrescente,Nublado,Simples,Reta,-30.86173,-51.79226,DEL02-RS,Risco Médio,Alta
terça-feira,BR-116,13.6,Plena Noite,Crescente,Chuva,Dupla,Reta,-25.09645,-48.66456,DEL01-PR,Risco Médio,Alta
sexta-feira,BR-230,17.2,Pleno dia,Decrescente,Sol,Dupla,Curva,-7.11897,-34.84486,DEL01-PB,Risco Baixo,Baixa
terça-feira,BR-277,83.0,Pleno dia,Crescente,Sol,Dupla,Reta,-25.56894,-49.18198,DEL01-PR,Risco Médio,Média
quinta-feira,BR-153,765.0,Plena Noite,Decrescente,Céu Claro,Dupla,Rotatória,-12.51544,-49.10863,DEL02-TO,Risco Médio,Alta
sábado,BR-101,212.3,Plena Noite,Decrescente,Nublado,Dupla,Reta,-27.6299,-48.659,DEL01-SC,Risco Médio,Alta
sábado,BR-364,365.0,Pleno dia,Crescente,Chuva,Simples,Reta,-17.38687,-53.03346,DEL05-GO,Risco Médio,Alta
domingo,BR-101,294.6,Plena Noite,Crescente,Nublado,Múltipla,Viaduto,-20.32974,-40.39874,DEL01-ES,Risco Baixo,Alta
sábado,BR-482,93.0,Plena Noite,Crescente,Chuva,Simples,Reta,-20.75715,-41.57895,DEL03-ES,Risco Médio,Baixa
domingo,BR-304,35.5,Plena Noite,Crescente,Céu Claro,Dupla,Rotatória,-5.166151,-37.35118,DEL04-RN,Risco Médio,Baixa
sexta-feira,BR-116,190.0,Plena Noite,Decrescente,Céu Claro,Dupla,Reta,-23.36944,-46.2374,DEL02-SP,Risco Médio,Alta
segunda-feira,BR-381,813.1,Plena Noite,Crescente,Céu Claro,Dupla,Curva,-21.98663,-45.65279,DEL16-MG,Risco Baixo,Alta
domingo,BR-40,506.5,Plena Noite,Crescente,Céu Claro,Dupla,Reta,-19.7541,-44.1418,DEL02-MG,Risco Médio,Alta
segunda-feira,BR-381,857.0,Pleno dia,Decrescente,Céu Claro,Dupla,Reta,-22.33418,-45.92157,DEL16-MG,Risco Médio,Alta
sábado,BR-232,27.0,Plena Noite,Crescente,Céu Claro,Dupla,Reta,-8.114184,-35.12569,DEL01-PE,Risco Baixo,Baixa
sábado,BR-40,446.0,Pleno dia,Decrescente,Sol,Dupla,Reta,-19.28815,-44.392,DEL02-MG,Risco Médio,Alta
sábado,BR-470,36.6,Plena Noite,Decrescente,Céu Claro,Simples,Não Informado,-26.91322,-48.97766,DEL04-SC,Risco Médio,Baixa
sábado,BR-470,323.9,Pleno dia,Decrescente,Céu Claro,Simples,Não Informado,-27.26521,-51.14527,DEL07-SC,Risco Alto,Baixa
sexta-feira,BR-116,245.0,Pleno dia,Decrescente,Nublado,Dupla,Não Informado,-29.74427,-51.15073,DEL01-RS,Risco Baixo,Alta
sábado,BR-376,185.9,Plena Noite,Crescente,Céu Claro,Dupla,Desvio Temporário,-23.45316,-51.85113,DEL07-PR,Risco Médio,Baixa
terça-feira,BR-285,26.6,Plena Noite,Crescente,Céu Claro,Simples,Reta,-28.71716,-50.14171,DEL05-RS,Risco Médio,Baixa
sexta-feira,BR-40,272.0,Pleno dia,Crescente,Garoa/Chuvisco,Simples,Não Informado,-18.18482,-45.26078,DEL14-MG,Risco Médio,Alta
terça-feira,BR-232,269.8,Plena Noite,Crescente,Céu Claro,Simples,Reta,-8.405207,-37.20955,DEL03-PE,Risco Médio,Baixa
quarta-feira,BR-116,171.9,Plena Noite,Decrescente,Céu Claro,Múltipla,Reta,-22.80604,-43.3429,DEL01-RJ,Risco Baixo,Alta
terça-feira,BR-101,44.0,Pleno dia,Decrescente,Céu Claro,Múltipla,Não Informado,-7.847538,-34.90977,DEL01-PE,Risco Médio,Alta
terça-feira,BR-101,417.0,Pleno dia,Decrescente,Céu Claro,Simples,Curva,-22.9165,-43.91066,DEL03-RJ,Risco Baixo,Alta
quinta-feira,BR-364,276.0,Pleno dia,Decrescente,Céu Claro,Simples,Desvio Temporário,-17.64751,-52.36293,DEL05-GO,Risco Médio,Alta
domingo,BR-40,524.0,Pleno dia,Decrescente,Céu Claro,Dupla,Curva,-19.87545,-44.05346,DEL01-MG,Risco Médio,Alta
domingo,BR-60,18.9,Pleno dia,Decrescente,Céu Claro,Dupla,Curva,-15.96779,-48.18356,DEL01-DF,Risco Médio,Média
sexta-feira,BR-116,202.0,Amanhecer,Crescente,Céu Claro,Dupla,Reta,-22.72997,-43.61317,DEL01-RJ,Risco Alto,Alta
domingo,BR-163,839.0,Plena Noite,Crescente,Céu Claro,Simples,Reta,-11.82077,-55.4846,DEL06-MT,Risco Médio,Alta
quarta-feira,BR-101,212.0,Anoitecer,Decrescente,Céu Claro,Dupla,Reta,-27.6372,-48.6651,DEL01-SC,Risco Médio,Alta
sexta-feira,BR-222,31.2,Pleno dia,Decrescente,Chuva,Simples,Reta,-3.710199,-38.82872,DEL01-CE,Risco Médio,Baixa
segunda-feira,BR-40,815.9,Anoitecer,Decrescente,Garoa/Chuvisco,Dupla,Reta,-21.89994,-43.31156,DEL05-MG,Risco Baixo,Alta
quarta-feira,BR-470,54.0,Pleno dia,Crescente,Nublado,Simples,Reta,-26.87107,-49.11037,DEL04-SC,Risco Médio,Baixa
sábado,BR-116,109.1,Pleno dia,Decrescente,Sol,Simples,Curva,-26.4627,-50.23154,DEL06-SC,Risco Médio,Alta
sexta-feira,BR-324,550.0,Plena Noite,Decrescente,Céu Claro,Dupla,Reta,-12.43833,-38.72507,DEL01-BA,Risco Médio,Baixa
terça-feira,BR-116,202.8,Pleno dia,Decrescente,Céu Claro,Dupla,Reta,-23.41002,-46.3444,DEL01-SP,Risco Baixo,Alta
sábado,BR-287,249.0,Anoitecer,Crescente,Céu Claro,Simples,Rotatória,-29.6931,-53.81699,DEL09-RS,Risco Médio,Baixa
segunda-feira,BR-356,130.0,Anoitecer,Crescente,Céu Claro,Simples,Interseção de vias,-21.6883,-41.3573,DEL08-RJ,Risco Baixo,Baixa
domingo,BR-470,169.4,Plena Noite,Decrescente,Céu Claro,Simples,Curva,-27.26554,-49.88749,DEL04-SC,Risco Baixo,Baixa
segunda-feira,BR-468,98.6,Amanhecer,Crescente,Céu Claro,Simples,Reta,-27.48388,-53.90197,DEL08-RS,Risco Médio,Baixa
segunda-feira,BR-392,177.9,Pleno dia,Crescente,Garoa/Chuvisco,Simples,Não Informado,-31.00855,-53.05697,DEL07-RS,Risco Médio,Média
domingo,BR-476,347.0,Pleno dia,Decrescente,Céu Claro,Simples,Curva,-26.17987,-50.95089,DEL02-PR,Risco Médio,Baixa
domingo,BR-381,86.0,Pleno dia,Crescente,Céu Claro,Dupla,Reta,-23.47536,-46.56229,DEL03-SP,Risco Baixo,Alta
terça-feira,BR-116,228.0,Plena Noite,Crescente,Céu Claro,Simples,Reta,-23.50343,-46.56639,DEL01-SP,Risco Médio,Alta
terça-feira,BR-50,35.0,Pleno dia,Decrescente,Céu Claro,Dupla,Reta,-18.65346,-48.144,DEL15-MG,Risco Baixo,Média
terça-feira,BR-365,681.0,Pleno dia,Decrescente,Chuva,Dupla,Curva,-18.84977,-48.82855,DEL15-MG,Risco Médio,Média
segunda-feira,BR-101,4.7,Plena Noite,Decrescente,Céu Claro,Dupla,Viaduto,-8.066738,-34.94203,DEL01-PE,Risco Médio,Alta