dia_semana,br,km,fase_dia,sentido_via,condicao_metereologica,tipo_pista,tracado_via,latitude,longitude,delegacia,classificacao_acidente,postos_policiais_PRF
domingo,BR-104,29.0,Plena Noite,Decrescente,Nublado,Simples,Reta,-8.0078,-36.0621,DEL02-PE,Risco Médio,Baixa
quinta-feira,BR-364,408.0,Plena Noite,Decrescente,Céu Claro,Simples,Reta,-10.54749,-62.38805,DEL03-RO,Risco Médio,Alta
segunda-feira,BR-277,74.0,Plena Noite,Decrescente,Nublado,Dupla,Reta,-25.51726,-49.11541,DEL01-PR,Risco Médio,Média
sábado,BR-101,240.0,Plena Noite,Crescente,Céu Claro,Simples,Reta,-12.88118,-39.21999,DEL01-BA,Risco Médio,Alta
domingo,BR-476,342.0,Plena Noite,Crescente,Nublado,Simples,Reta,-26.16979,-50.90946,DEL02-PR,Risco Médio,Baixa
domingo,BR-101,297.0,Plena Noite,Decrescente,Céu Claro,Dupla,Curva,-22.76942,-42.91874,DEL02-RJ,Risco Médio,Alta
sexta-feira,BR-153,524.0,Pleno dia,Decrescente,Garoa/Chuvisco,Simples,Curva,-30.59625,-53.39321,DEL09-RS,Risco Baixo,Alta
domingo,BR-482,109.0,Pleno dia,Crescente,Sol,Simples,Reta,-20.79359,-41.69391,DEL03-ES,Risco Médio,Baixa
terça-feira,BR-381,332.0,Pleno dia,Crescente,Céu Claro,Simples,Curva,-19.7784,-43.0437,DEL03-MG,Risco Baixo,Alta
quarta-feira,BR-153,299.1,Pleno dia,Crescente,Sol,Simples,Reta,-15.27759,-49.55287,DEL02-GO,Risco Médio,Alta
sábado,BR-116,271.1,Pleno dia,Crescente,Nublado,Simples,Reta,-17.81112,-41.49704,DEL11-MG,Risco Médio,Alta
sexta-feira,BR-116,423.1,Plena Noite,Crescente,Céu Claro,Simples,Reta,-18.95209,-41.9571,DEL06-MG,Risco Médio,Alta
quarta-feira,BR-381,517.0,Plena Noite,Decrescente,Nublado,Dupla,Curva,-20.1053,-44.3213,DEL01-MG,Risco Médio,Alta
quarta-feira,BR-20,199.1,Pleno dia,Crescente,Céu Claro,Simples,Reta,-5.144332,-39.74328,DEL02-CE,Risco Alto,Baixa
sexta-feira,BR-101,3.0,Plena Noite,Decrescente,Céu Claro,Simples,Curva,-11.56173,-37.86857,DEL02-SE,Risco Médio,Alta
quinta-feira,BR-153,11.8,Pleno dia,Crescente,Céu Claro,Simples,Reta,-23.08445,-49.93637,DEL07-PR,Risco Médio,Alta
quarta-feira,BR-116,129.0,Amanhecer,Crescente,Chuva,Dupla,Reta,-22.66471,-43.11056,DEL02-RJ,Risco Médio,Alta
sexta-feira,BR-70,707.0,Amanhecer,Crescente,Garoa/Chuvisco,Simples,Curva,-16.22695,-57.56903,DEL03-MT,Risco Médio,Baixa
terça-feira,BR-101,118.0,Anoitecer,Crescente,Nublado,Múltipla,Reta,-26.89586,-48.71903,DEL04-SC,Risco Médio,Alta
sábado,BR-163,469.2,Pleno dia,Crescente,Chuva,Simples,Reta,-20.56777,-54.56218,DEL01-MS,Risco Médio,Alta
sexta-feira,BR-324,611.5,Pleno dia,Crescente,Sol,Dupla,Reta,-12.83798,-38.41427,DEL01-BA,Risco Médio,Baixa
domingo,BR-324,623.0,Plena Noite,Decrescente,Nublado,Dupla,Curva,-12.92629,-38.46839,DEL01-BA,Risco Médio,Baixa
sexta-feira,BR-423,95.8,Pleno dia,Crescente,Sol,Simples,Interseção de vias,-8.879178,-36.48507,DEL03-PE,Risco Médio,Baixa
quinta-feira,BR-116,221.0,Anoitecer,Decrescente,Céu Claro,Múltipla,Reta,-23.46802,-46.50705,DEL01-SP,Risco Médio,Alta
sábado,BR-277,250.1,Pleno dia,Decrescente,Sol,Simples,Reta,-25.43437,-50.71937,DEL03-PR,Risco Baixo,Média
sexta-feira,BR-158,512.8,Pleno dia,Decrescente,Sol,Simples,Não Informado,-26.06016,-52.63128,DEL02-PR,Risco Médio,Baixa
quarta-feira,BR-101,612.0,Pleno dia,Decrescente,Chuva,Simples,Curva,-15.74212,-39.47647,DEL05-BA,Risco Médio,Alta
quinta-feira,BR-101,86.0,Anoitecer,Crescente,Céu Claro,Simples,Reta,-7.161895,-34.90423,DEL01-PB,Risco Médio,Alta
terça-feira,BR-470,167.5,Plena Noite,Decrescente,Garoa/Chuvisco,Simples,Não Informado,-28.85927,-51.55518,DEL06-RS,Risco Médio,Baixa
quarta-feira,BR-476,281.0,Plena Noite,Decrescente,Céu Claro,Simples,Reta,-25.8752,-50.4225,DEL02-PR,Risco Baixo,Baixa
segunda-feira,BR-290,106.0,Pleno dia,Crescente,Céu Claro,Dupla,Reta,-29.999,-51.29456,DEL02-RS,Risco Médio,Baixa
sábado,BR-40,6.8,Pleno dia,Crescente,Sol,Dupla,Reta,-16.10688,-47.9735,DEL01-DF,Risco Médio,Alta
quarta-feira,BR-470,59.5,Pleno dia,Decrescente,Céu Claro,Simples,Reta,-26.88281,-49.1548,DEL04-SC,Risco Baixo,Baixa
segunda-feira,BR-230,30.0,Amanhecer,Crescente,Céu Claro,Simples,Reta,-7.121232,-40.65851,DEL04-PI,Risco Médio,Baixa
segunda-feira,BR-40,528.0,Pleno dia,Crescente,Nublado,Dupla,Não Informado,-19.90883,-44.04437,DEL01-MG,Risco Médio,Alta
sexta-feira,BR-116,230.0,Plena Noite,Decrescente,Nublado,Múltipla,Reta,-23.51765,-46.58057,DEL01-SP,Risco Baixo,Alta
quarta-feira,BR-365,798.0,Pleno dia,Decrescente,Céu Claro,Simples,Reta,-19.04464,-50.43047,DEL15-MG,Risco Baixo,Média
sexta-feira,BR-116,4.0,Pleno dia,Decrescente,Céu Claro,Simples,Interseção de vias,-26.11804,-49.79178,DEL06-SC,Risco Médio,Alta
segunda-feira,BR-493,0.0,Anoitecer,Decrescente,Céu Claro,Simples,Curva,-22.77062,-42.92223,DEL02-RJ,Risco Médio,Baixa
domingo,BR-101,264.0,Pleno dia,Crescente,Céu Claro,Dupla,Interseção de vias,-20.17752,-40.26578,DEL02-ES,Risco Baixo,Alta
domingo,BR-116,302.2,Anoitecer,Decrescente,Céu Claro,Simples,Reta,-5.86752,-38.59566,DEL05-CE,Risco Baixo,Alta
quinta-feira,BR-116,220.0,Plena Noite,Crescente,Garoa/Chuvisco,Simples,Reta,-22.70091,-43.75705,DEL07-RJ,Risco Médio,Alta
terça-feira,BR-40,507.0,Amanhecer,Crescente,Nevoeiro/Neblina,Dupla,Reta,-19.7571,-44.1393,DEL02-MG,Risco Médio,Alta
terça-feira,BR-476,129.0,Anoitecer,Decrescente,Céu Claro,Múltipla,Reta,-25.44098,-49.23371,DEL01-PR,Risco Médio,Baixa
terça-feira,BR-230,213.0,Pleno dia,Crescente,Céu Claro,Simples,Reta,-7.065805,-36.35155,DEL02-PB,Risco Médio,Baixa
quarta-feira,BR-381,488.0,Pleno dia,Crescente,Céu Claro,Dupla,Reta,-19.95629,-44.13517,DEL01-MG,Risco Médio,Alta
sexta-feira,BR-116,206.0,Pleno dia,Crescente,Nublado,Dupla,Reta,-23.41723,-46.3751,DEL01-SP,Risco Médio,Alta
sábado,BR-158,535.5,Pleno dia,Decrescente,Céu Claro,Simples,Interseção de vias,-26.23547,-52.69067,DEL02-PR,Risco Baixo,Baixa
quinta-feira,BR-282,393.0,Pleno dia,Decrescente,Céu Claro,Simples,Reta,-27.1565,-51.5959,DEL07-SC,Risco Médio,Baixa
domingo,BR-40,474.4,Plena Noite,Decrescente,Céu Claro,Dupla,Reta,-19.50326,-44.2751,DEL02-MG,Risco Médio,Alta
quinta-feira,BR-101,214.8,Pleno dia,Decrescente,Sol,Múltipla,Reta,-27.64443,-48.67057,DEL01-SC,Risco Médio,Alta
quinta-feira,BR-101,261.8,Pleno dia,Crescente,Sol,Dupla,Reta,-20.14854,-40.27971,DEL02-ES,Risco Médio,Alta
domingo,BR-354,19.0,Pleno dia,Decrescente,Céu Claro,Simples,Curva,-22.47188,-44.71049,DEL07-RJ,Risco Alto,Baixa
quarta-feira,BR-101,199.0,Pleno dia,Crescente,Céu Claro,Dupla,Viaduto,-27.53414,-48.63003,DEL01-SC,Risco Médio,Alta
sexta-feira,BR-116,4.5,Plena Noite,Crescente,Nublado,Dupla,Viaduto,-23.42241,-46.48249,DEL01-SP,Risco Médio,Alta
segunda-feira,BR-381,242.9,Pleno dia,Decrescente,Céu Claro,Simples,Reta,-19.4298,-42.50381,DEL06-MG,Risco Médio,Alta
domingo,BR-163,1035.0,Plena Noite,Crescente,Céu Claro,Simples,Reta,-10.20674,-54.96068,DEL06-MT,Risco Médio,Alta
terça-feira,BR-324,582.0,Anoitecer,Crescente,Céu Claro,Dupla,Reta,-12.60857,-38.49391,DEL01-BA,Risco Médio,Baixa
domingo,BR-101,134.4,Plena Noite,Decrescente,Ignorado,Dupla,Reta,-27.00218,-48.63643,DEL04-SC,Risco Alto,Alta
sábado,BR-262,374.2,Plena Noite,Decrescente,Céu Claro,Dupla,Curva,-19.96727,-44.33289,DEL01-MG,Risco Médio,Média
quinta-feira,BR-365,719.0,Plena Noite,Crescente,Céu Claro,Simples,Não Informado,-18.88043,-49.1779,DEL15-MG,Risco Alto,Média
terça-feira,BR-116,556.0,Plena Noite,Decrescente,Céu Claro,Simples,Curva,-20.00951,-42.15178,DEL06-MG,Risco Médio,Alta
domingo,BR-174,122.0,Plena Noite,Decrescente,Céu Claro,Simples,Reta,-15.83033,-58.06206,DEL03-MT,Risco Médio,Baixa
domingo,BR-116,218.0,Plena Noite,Decrescente,Nublado,Múltipla,Reta,-23.45899,-46.48229,DEL01-SP,Risco Médio,Alta
sábado,BR-282,495.6,Plena Noite,Crescente,Céu Claro,Simples,Reta,-26.87433,-52.32437,DEL07-SC,Risco Alto,Baixa
segunda-feira,BR-369,22.0,Pleno dia,Decrescente,Céu Claro,Simples,Rotatória,-23.04308,-50.10394,DEL07-PR,Risco Médio,Baixa
domingo,BR-373,181.0,Pleno dia,Decrescente,Céu Claro,Dupla,Curva,-25.04266,-50.25791,DEL03-PR,Risco Médio,Baixa
sexta-feira,BR-116,270.1,Plena Noite,Decrescente,Céu Claro,Dupla,Reta,-23.60722,-46.76445,DEL04-SP,Risco Médio,Alta
sábado,BR-381,700.7,Plena Noite,Decrescente,Nublado,Múltipla,Curva,-21.31138,-45.16452,DEL04-MG,Risco Baixo,Alta
sexta-feira,BR-116,247.0,Pleno dia,Decrescente,Nublado,Dupla,Reta,-29.76733,-51.15353,DEL01-RS,Risco Médio,Alta
quarta-feira,BR-277,237.9,Pleno dia,Crescente,Céu Claro,Simples,Reta,-25.46401,-50.56324,DEL03-PR,Risco Baixo,Média
quinta-feira,BR-324,525.0,Anoitecer,Decrescente,Céu Claro,Dupla,Reta,-12.31029,-38.88523,DEL01-BA,Risco Médio,Baixa
quinta-feira,BR-408,88.0,Pleno dia,Crescente,Sol,Dupla,Reta,-7.973799,-35.0867,DEL01-PE,Risco Baixo,Baixa
terça-feira,BR-376,173.0,Pleno dia,Decrescente,Céu Claro,Dupla,Reta,-23.41722,-51.95892,DEL09-PR,Risco Médio,Baixa
terça-feira,BR-20,104.0,Plena Noite,Decrescente,Céu Claro,Simples,Curva,-14.92162,-46.96602,DEL02-DF,Risco Médio,Baixa
terça-feira,BR-40,5.7,Pleno dia,Decrescente,Céu Claro,Dupla,Reta,-16.0209,-47.98054,DEL01-DF,Risco Baixo,Alta
domingo,BR-365,620.0,Plena Noite,Crescente,Céu Claro,Dupla,Reta,-18.90752,-48.29937,DEL15-MG,Risco Médio,Média
sexta-feira,BR-20,119.0,Pleno dia,Crescente,Céu Claro,Simples,Reta,-14.87393,-46.83575,DEL02-DF,Risco Médio,Baixa
quinta-feira,BR-101,62.0,Anoitecer,Crescente,Céu Claro,Simples,Reta,-21.73473,-41.32504,DEL08-RJ,Risco Baixo,Alta
quinta-feira,BR-376,494.2,Anoitecer,Crescente,Céu Claro,Dupla,Reta,-25.16567,-50.11641,DEL03-PR,Risco Médio,Baixa
quarta-feira,BR-262,489.0,Anoitecer,Crescente,Céu Claro,Simples,Reta,-20.49959,-55.80911,DEL03-MS,Risco Médio,Média
sexta-feira,BR-376,495.5,Pleno dia,Decrescente,Nublado,Dupla,Não Informado,-25.13693,-50.16355,DEL03-PR,Risco Médio,Baixa
terça-feira,BR-116,23.3,Pleno dia,Decrescente,Sol,Dupla,Não Informado,-3.953953,-38.51238,DEL01-CE,Risco Médio,Alta
quarta-feira,BR-116,308.3,Plena Noite,Decrescente,Céu Claro,Dupla,Reta,-22.46106,-44.47541,DEL07-RJ,Risco Baixo,Alta
sábado,BR-101,35.9,Pleno dia,Decrescente,Chuva,Dupla,Reta,-26.27524,-48.89342,DEL03-SC,Risco Baixo,Alta
quinta-feira,BR-70,4.0,Pleno dia,Decrescente,Céu Claro,Dupla,Interseção de vias,-15.87907,-52.28563,DEL07-MT,Risco Médio,Baixa
sábado,BR-343,589.9,Plena Noite,Decrescente,Céu Claro,Dupla,Reta,-6.780452,-43.00265,DEL03-PI,Risco Médio,Baixa
domingo,BR-277,5.0,Plena Noite,Decrescente,Chuva,Dupla,Rotatória,-25.54071,-48.53639,DEL01-PR,Risco Médio,Média
quarta-feira,BR-452,195.0,Pleno dia,Decrescente,Chuva,Simples,Reta,-18.36488,-49.23898,DEL03-GO,Risco Médio,Baixa
quarta-feira,BR-230,66.0,Pleno dia,Crescente,Nublado,Dupla,Curva,-7.1874,-35.1889,DEL01-PB,Risco Baixo,Baixa
terça-feira,BR-101,151.0,Pleno dia,Decrescente,Céu Claro,Dupla,Não Informado,-6.302286,-35.19185,DEL01-RN,Risco Médio,Alta
domingo,BR-116,148.0,Pleno dia,Decrescente,Céu Claro,Múltipla,Não Informado,-22.67235,-43.28215,DEL01-RJ,Risco Médio,Alta
quinta-feira,BR-468,80.1,Plena Noite,Crescente,Céu Claro,Simples,Reta,-27.66331,-53.85378,DEL08-RS,Risco Médio,Baixa
quinta-feira,BR-381,938.2,Plena Noite,Crescente,Chuva,Dupla,Curva,-22.81734,-46.2942,DEL16-MG,Risco Médio,Alta
terça-feira,BR-110,47.0,Pleno dia,Crescente,Céu Claro,Simples,Reta,-5.203384,-37.32563,DEL04-RN,Risco Médio,Baixa
sábado,BR-267,71.1,Pleno dia,Crescente,Chuva,Simples,Curva,-21.75613,-43.1759,DEL05-MG,Risco Médio,Baixa
quarta-feira,BR-116,533.3,Amanhecer,Crescente,Céu Claro,Simples,Reta,-19.8662,-42.13524,DEL06-MG,Risco Médio,Alta
quarta-feira,BR-101,93.7,Pleno dia,Decrescente,Céu Claro,Dupla,Curva,-10.90212,-37.14495,DEL01-SE,Risco Médio,Alta
segunda-feira,BR-116,66.9,Pleno dia,Decrescente,Céu Claro,Simples,Reta,-4.307864,-38.50076,DEL03-CE,Risco Baixo,Alta
quinta-feira,BR-153,121.0,Pleno dia,Crescente,Chuva,Dupla,Desvio Temporário,-19.41163,-48.8936,DEL15-MG,Risco Médio,Alta
sábado,BR-319,58.0,Pleno dia,Crescente,Nublado,Simples,Reta,-8.742828,-63.91614,DEL01-RO,Risco Médio,Baixa
sábado,BR-101,256.5,Pleno dia,Crescente,Céu Claro,Simples,Desvio Temporário,-20.11912,-40.31101,DEL02-ES,Risco Médio,Alta
domingo,BR-174,502.0,Plena Noite,Decrescente,Ignorado,Dupla,Reta,2.787376,-60.69952,DEL01-RR,Risco Médio,Baixa
domingo,BR-40,467.2,Pleno dia,Crescente,Chuva,Dupla,Desvio Temporário,-19.45039,-44.31668,DEL02-MG,Risco Médio,Alta
sexta-feira,BR-376,99.3,Plena Noite,Decrescente,Céu Claro,Simples,Reta,-23.0243,-52.48988,DEL07-PR,Risco Médio,Baixa
sábado,BR-116,293.0,Pleno dia,Crescente,Céu Claro,Dupla,Reta,-30.06191,-51.33968,DEL02-RS,Risco Médio,Alta
domingo,BR-410,12.0,Anoitecer,Decrescente,Céu Claro,Simples,Reta,-10.87048,-38.6234,DEL07-BA,Risco Alto,Baixa
sábado,BR-277,576.1,Plena Noite,Crescente,Céu Claro,Simples,Reta,-24.98693,-53.3303,DEL04-PR,Risco Alto,Média
quarta-feira,BR-101,888.0,Plena Noite,Crescente,Céu Claro,Simples,Não Informado,-17.59723,-39.74922,DEL09-BA,Risco Médio,Alta
quinta-feira,BR-376,183.3,Plena Noite,Decrescente,Nublado,Dupla,Viaduto,-23.44005,-51.87341,DEL07-PR,Risco Alto,Baixa
terça-feira,BR-381,262.0,Pleno dia,Crescente,Céu Claro,Simples,Reta,-19.53264,-42.58564,DEL03-MG,Risco Alto,Alta
sexta-feira,BR-101,98.5,Plena Noite,Decrescente,Nublado,Múltipla,Reta,-26.73761,-48.69919,DEL03-SC,Risco Médio,Alta
sexta-feira,BR-381,722.2,Pleno dia,Decrescente,Sol,Dupla,Curva,-21.44318,-45.2085,DEL04-MG,Risco Médio,Alta
quinta-feira,BR-50,19.3,Plena Noite,Crescente,Céu Claro,Dupla,Não Informado,-18.57876,-48.0601,DEL15-MG,Risco Baixo,Média
domingo,BR-407,84.0,Anoitecer,Decrescente,Céu Claro,Simples,Curva,-10.09622,-40.23171,DEL04-BA,Risco Médio,Baixa
terça-feira,BR-116,107.6,Pleno dia,Decrescente,Nublado,Dupla,Reta,-23.0212,-45.53467,DEL06-SP,Risco Baixo,Alta
sábado,BR-101,88.8,Plena Noite,Crescente,Chuva,Dupla,Reta,-7.170047,-34.89726,DEL01-PB,Risco Baixo,Alta
quarta-feira,BR-280,287.2,Pleno dia,Crescente,Chuva,Simples,Reta,-26.28453,-50.9888,DEL06-SC,Risco Médio,Baixa
sexta-feira,BR-101,145.0,Pleno dia,Decrescente,Chuva,Dupla,Não Informado,-27.08139,-48.60131,DEL04-SC,Risco Médio,Alta
quinta-feira,BR-407,33.7,Plena Noite,Decrescente,Céu Claro,Simples,Reta,-9.680376,-40.38111,DEL04-BA,Risco Baixo,Baixa
quarta-feira,BR-376,160.3,Plena Noite,Crescente,Nublado,Dupla,Desvio Temporário,-23.36838,-52.06573,DEL09-PR,Risco Médio,Baixa
quinta-feira,BR-280,71.5,Pleno dia,Crescente,Chuva,Simples,Reta,-26.4594,-49.14606,DEL03-SC,Risco Médio,Baixa
sexta-feira,BR-392,120.7,Pleno dia,Crescente,Céu Claro,Dupla,Interseção de vias,-31.39134,-52.69919,DEL07-RS,Risco Médio,Média
sábado,BR-381,479.0,Pleno dia,Crescente,Céu Claro,Dupla,Não Informado,-19.9589,-44.0692,DEL01-MG,Risco Baixo,Alta
sexta-feira,BR-101,111.2,Pleno dia,Decrescente,Céu Claro,Dupla,Reta,-5.97683,-35.26475,DEL01-RN,Risco Baixo,Alta
terça-feira,BR-116,122.2,Plena Noite,Decrescente,Céu Claro,Dupla,Reta,-25.56857,-49.31023,DEL01-PR,Risco Baixo,Alta
sexta-feira,BR-101,148.3,Pleno dia,Crescente,Céu Claro,Múltipla,Reta,-6.279491,-35.2049,DEL01-RN,Risco Médio,Alta
domingo,BR-101,3.9,Plena Noite,Crescente,Céu Claro,Dupla,Reta,-29.32475,-49.77922,DEL03-RS,Risco Baixo,Alta
quinta-feira,BR-116,1.0,Pleno dia,Crescente,Céu Claro,Dupla,Curva,-25.06453,-48.57103,DEL01-PR,Risco Baixo,Alta
domingo,BR-40,699.0,Plena Noite,Crescente,Chuva,Dupla,Reta,-21.2068,-43.7496,DEL05-MG,Risco Baixo,Alta
quarta-feira,BR-364,316.0,Pleno dia,Crescente,Nublado,Simples,Reta,-15.80981,-55.30604,DEL02-MT,Risco Baixo,Alta
quinta-feira,BR-423,25.5,Plena Noite,Decrescente,Garoa/Chuvisco,Simples,Curva,-8.379416,-36.17292,DEL02-PE,Risco Alto,Baixa
sábado,BR-40,68.1,Pleno dia,Decrescente,Céu Claro,Dupla,Curva,-22.43818,-43.18488,DEL06-RJ,Risco Médio,Alta
sexta-feira,BR-414,439.0,Pleno dia,Crescente,Céu Claro,Simples,Rotatória,-16.28129,-48.94259,DEL02-GO,Risco Baixo,Baixa
sábado,BR-277,3.3,Pleno dia,Crescente,Céu Claro,Dupla,Reta,-25.51316,-48.52147,DEL01-PR,Risco Médio,Média
segunda-feira,BR-163,686.0,Pleno dia,Decrescente,Chuva,Simples,Reta,-13.19174,-55.9898,DEL06-MT,Risco Médio,Alta
domingo,BR-369,177.0,Pleno dia,Decrescente,Sol,Simples,Não Informado,-23.33692,-51.38833,DEL07-PR,Risco Médio,Baixa
sábado,BR-251,382.4,Pleno dia,Crescente,Céu Claro,Simples,Reta,-16.2969,-42.7767,DEL12-MG,Risco Médio,Baixa
terça-feira,BR-381,30.0,Pleno dia,Decrescente,Céu Claro,Dupla,Reta,-23.04885,-46.56483,DEL03-SP,Risco Médio,Alta
terça-feira,BR-101,125.0,Plena Noite,Decrescente,Céu Claro,Simples,Não Informado,-12.1589,-38.5436,DEL01-BA,Risco Médio,Alta
quinta-feira,BR-101,140.0,Pleno dia,Crescente,Céu Claro,Dupla,Curva,-27.0478,-48.5981,DEL04-SC,Risco Médio,Alta
sábado,BR-116,52.7,Pleno dia,Crescente,Céu Claro,Simples,Retorno Regulamentado,-22.75042,-45.10555,DEL08-SP,Risco Médio,Alta
sexta-feira,BR-163,256.0,Amanhecer,Crescente,Céu Claro,Dupla,Interseção de vias,-22.25911,-54.8037,DEL04-MS,Risco Médio,Alta
sexta-feira,BR-376,138.0,Plena Noite,Crescente,Garoa/Chuvisco,Dupla,Retorno Regulamentado,-23.21124,-52.19103,DEL09-PR,Risco Médio,Baixa
quarta-feira,BR-116,98.8,Plena Noite,Decrescente,Céu Claro,Dupla,Reta,-22.97805,-45.45583,DEL06-SP,Risco Médio,Alta
domingo,BR-222,262.7,Pleno dia,Decrescente,Céu Claro,Simples,Reta,-3.748708,-40.67303,DEL04-CE,Risco Baixo,Baixa
sábado,BR-251,472.3,Plena Noite,Decrescente,Céu Claro,Simples,Não Informado,-16.46691,-43.43948,DEL12-MG,Risco Alto,Baixa
sexta-feira,BR-101,325.0,Pleno dia,Decrescente,Céu Claro,Dupla,Reta,-28.4269,-48.928,DEL02-SC,Risco Médio,Alta
terça-feira,BR-364,424.0,Pleno dia,Decrescente,Céu Claro,Simples,Não Informado,-10.44457,-62.46568,DEL03-RO,Risco Médio,Alta
terça-feira,BR-381,56.0,Amanhecer,Decrescente,Céu Claro,Múltipla,Reta,-23.25954,-46.58892,DEL03-SP,Risco Médio,Alta
terça-feira,BR-101,504.1,Pleno dia,Crescente,Céu Claro,Simples,Desvio Temporário,-14.78467,-39.29026,DEL05-BA,Risco Baixo,Alta
terça-feira,BR-101,118.4,Pleno dia,Crescente,Sol,Dupla,Reta,-26.89586,-48.71903,DEL04-SC,Risco Médio,Alta
domingo,BR-40,112.0,Plena Noite,Crescente,Céu Claro,Dupla,Reta,-22.70045,-43.29015,DEL01-RJ,Risco Alto,Alta
quinta-feira,BR-101,80.0,Plena Noite,Decrescente,Céu Claro,Dupla,Curva,-8.1623,-34.9394,DEL01-PE,Risco Médio,Alta
quinta-feira,BR-381,907.0,Pleno dia,Decrescente,Chuva,Dupla,Curva,-22.67479,-46.097,DEL16-MG,Risco Médio,Alta
sábado,BR-101,70.0,Pleno dia,Crescente,Nublado,Simples,Não Informado,-18.74454,-39.86165,DEL04-ES,Risco Médio,Alta
sábado,BR-392,122.8,Plena Noite,Crescente,Céu Claro,Simples,Reta,-31.38661,-52.70733,DEL07-RS,Risco Alto,Média
domingo,BR-101,161.0,Plena Noite,Crescente,Céu Claro,Simples,Reta,-6.378326,-35.14846,DEL01-RN,Risco Médio,Alta
sexta-feira,BR-116,232.3,Pleno dia,Decrescente,Céu Claro,Simples,Curva,-17.5051,-41.48875,DEL11-MG,Risco Alto,Alta
domingo,BR-116,84.0,Plena Noite,Decrescente,Céu Claro,Dupla,Reta,-22.9178,-45.33602,DEL06-SP,Risco Médio,Alta
sábado,BR-381,380.8,Pleno dia,Decrescente,Chuva,Simples,Curva,-19.84043,-43.33352,DEL01-MG,Risco Baixo,Alta
segunda-feira,BR-163,957.0,Pleno dia,Crescente,Céu Claro,Simples,Reta,-2.739983,-54.90009,DEL05-PA,Risco Médio,Alta
quinta-feira,BR-40,730.0,Pleno dia,Decrescente,Chuva,Dupla,Não Informado,-21.3559,-43.5809,DEL05-MG,Risco Médio,Alta
segunda-feira,BR-330,780.0,Pleno dia,Decrescente,Céu Claro,Simples,Curva,-13.93907,-39.98714,DEL03-BA,Risco Médio,Baixa
sábado,BR-262,22.1,Pleno dia,Crescente,Sol,Simples,Reta,-20.37573,-40.51281,DEL01-ES,Risco Médio,Média
sábado,BR-262,74.5,Anoitecer,Decrescente,Céu Claro,Simples,Não Informado,-20.66381,-52.26915,DEL07-MS,Risco Médio,Média
terça-feira,BR-230,28.0,Pleno dia,Decrescente,Chuva,Simples,Curva,-7.166071,-34.89469,DEL01-PB,Risco Baixo,Baixa
sexta-feira,BR-373,229.6,Pleno dia,Decrescente,Sol,Simples,Interseção de vias,-25.17846,-50.65282,DEL03-PR,Risco Médio,Baixa
terça-feira,BR-116,345.9,Pleno dia,Crescente,Céu Claro,Simples,Reta,-11.55615,-38.98973,DEL02-BA,Risco Médio,Alta
quarta-feira,BR-40,84.0,Plena Noite,Decrescente,Céu Claro,Simples,Não Informado,-22.55213,-43.22921,DEL06-RJ,Risco Baixo,Alta
terça-feira,BR-470,82.0,Pleno dia,Crescente,Garoa/Chuvisco,Simples,Reta,-26.94827,-49.31897,DEL04-SC,Risco Médio,Baixa
quinta-feira,BR-135,165.0,Pleno dia,Decrescente,Sol,Simples,Reta,-12.04796,-44.96306,DEL08-BA,Risco Médio,Baixa
sábado,BR-101,62.7,Pleno dia,Decrescente,Sol,Simples,Reta,-18.6902,-39.86154,DEL04-ES,Risco Médio,Alta
terça-feira,BR-116,317.7,Pleno dia,Decrescente,Céu Claro,Dupla,Curva,-30.2644,-51.40638,DEL02-RS,Risco Alto,Alta
sábado,BR-116,205.0,Plena Noite,Crescente,Céu Claro,Múltipla,Reta,-23.41475,-46.36601,DEL01-SP,Risco Médio,Alta
domingo,BR-381,480.0,Plena Noite,Decrescente,Céu Claro,Múltipla,Não Informado,-19.9575,-44.079,DEL01-MG,Risco Médio,Alta
sexta-feira,BR-101,718.0,Plena Noite,Crescente,Céu Claro,Simples,Reta,-16.37932,-39.5829,DEL09-BA,Risco Médio,Alta
domingo,BR-101,144.7,Pleno dia,Decrescente,Chuva,Múltipla,Retorno Regulamentado,-19.382,-40.0669,DEL04-ES,Risco Médio,Alta
quinta-feira,BR-135,116.0,Pleno dia,Crescente,Céu Claro,Simples,Reta,-11.6715,-44.86759,DEL10-BA,Risco Alto,Baixa
segunda-feira,BR-364,29.2,Pleno dia,Crescente,Nublado,Simples,Desvio Temporário,-20.01739,-48.91066,DEL13-MG,Risco Médio,Alta
domingo,BR-158,141.1,Plena Noite,Crescente,Céu Claro,Simples,Reta,-28.21045,-53.4705,DEL08-RS,Risco Médio,Baixa
domingo,BR-116,124.0,Anoitecer,Crescente,Céu Claro,Dupla,Reta,-25.58621,-49.31437,DEL01-PR,Risco Médio,Alta
sábado,BR-316,435.0,Plena Noite,Crescente,Chuva,Simples,Reta,-4.410838,-44.24984,DEL03-MA,Risco Baixo,Baixa
sábado,BR-402,38.1,Plena Noite,Crescente,Nublado,Simples,Reta,-2.851727,-44.04013,DEL01-MA,Risco Médio,Baixa
domingo,BR-393,286.0,Plena Noite,Crescente,Chuva,Simples,Reta,-22.49134,-44.06506,DEL05-RJ,Risco Baixo,Média
sexta-feira,BR-428,183.0,Pleno dia,Decrescente,Céu Claro,Simples,Reta,-9.32413,-40.46211,DEL06-PE,Risco Médio,Baixa
quarta-feira,BR-235,51.0,Pleno dia,Crescente,Céu Claro,Simples,Reta,-10.70023,-37.43142,DEL01-SE,Risco Médio,Baixa