dia_semana,br,km,fase_dia,sentido_via,condicao_metereologica,tipo_pista,tracado_via,latitude,longitude,delegacia,classificacao_acidente,postos_policiais_PRF
quinta-feira,BR-364,137.0,Pleno dia,Decrescente,Céu Claro,Simples,Curva,-16.7939,-54.1921,DEL02-MT,Risco Baixo,Alta
sábado,BR-467,73.7,Pleno dia,Decrescente,Céu Claro,Dupla,Não Informado,-24.73673,-53.69674,DEL04-PR,Risco Médio,Baixa
terça-feira,BR-101,201.9,Pleno dia,Crescente,Nublado,Múltipla,Reta,-27.55668,-48.61913,DEL01-SC,Risco Médio,Alta
terça-feira,BR-376,593.0,Pleno dia,Crescente,Céu Claro,Dupla,Reta,-25.45784,-49.36037,DEL01-PR,Risco Médio,Baixa
quinta-feira,BR-116,464.9,Pleno dia,Decrescente,Chuva,Simples,Reta,-7.231139,-38.84249,DEL05-CE,Risco Médio,Alta
quinta-feira,BR-101,70.6,Plena Noite,Crescente,Céu Claro,Múltipla,Reta,-8.067761,-34.94265,DEL01-PE,Risco Médio,Alta
sábado,BR-356,147.6,Pleno dia,Crescente,Céu Claro,Dupla,Reta,-21.77664,-41.28772,DEL08-RJ,Risco Médio,Baixa
sábado,BR-101,214.3,Pleno dia,Crescente,Garoa/Chuvisco,Dupla,Curva,-27.64443,-48.67057,DEL01-SC,Risco Médio,Alta
sábado,BR-230,190.0,Plena Noite,Crescente,Céu Claro,Simples,Reta,-7.1361,-36.153,DEL02-PB,Risco Médio,Baixa
sexta-feira,BR-116,77.0,Plena Noite,Crescente,Nublado,Simples,Interseção de vias,-22.39466,-42.95287,DEL04-RJ,Risco Médio,Alta
domingo,BR-262,239.5,Plena Noite,Decrescente,Céu Claro,Simples,Reta,-20.45602,-53.74643,DEL01-MS,Risco Médio,Média
sábado,BR-262,380.6,Pleno dia,Decrescente,Chuva,Dupla,Não Informado,-19.94786,-44.38123,DEL01-MG,Risco Médio,Média
sábado,BR-376,208.9,Pleno dia,Crescente,Sol,Dupla,Reta,-23.53739,-51.70737,DEL07-PR,Risco Alto,Baixa
quarta-feira,BR-282,399.2,Pleno dia,Crescente,Céu Claro,Simples,Não Informado,-27.14111,-51.6166,DEL07-SC,Risco Médio,Baixa
domingo,BR-364,133.0,Plena Noite,Crescente,Céu Claro,Simples,Curva,-16.82757,-54.04926,DEL02-MT,Risco Baixo,Alta
segunda-feira,BR-101,405.8,Pleno dia,Crescente,Céu Claro,Múltipla,Reta,-28.88549,-49.46302,DEL02-SC,Risco Baixo,Alta
quinta-feira,BR-381,360.0,Plena Noite,Crescente,Nublado,Simples,Curva,-19.85986,-43.22567,DEL03-MG,Risco Médio,Alta
domingo,BR-290,40.0,Pleno dia,Decrescente,Céu Claro,Dupla,Reta,-29.88617,-50.65858,DEL03-RS,Risco Médio,Baixa
quinta-feira,BR-116,224.0,Plena Noite,Crescente,Céu Claro,Múltipla,Reta,-23.48072,-46.53272,DEL01-SP,Risco Alto,Alta
sábado,BR-376,494.0,Plena Noite,Decrescente,Nublado,Dupla,Reta,-25.16567,-50.11641,DEL03-PR,Risco Baixo,Baixa
quinta-feira,BR-290,184.7,Pleno dia,Decrescente,Céu Claro,Simples,Reta,-30.14566,-52.05345,DEL02-RS,Risco Médio,Baixa
sábado,BR-101,207.0,Plena Noite,Decrescente,Céu Claro,Dupla,Reta,-27.59194,-48.61825,DEL01-SC,Risco Baixo,Alta
sábado,BR-277,426.8,Pleno dia,Crescente,Céu Claro,Simples,Reta,-25.3863,-52.16974,DEL04-PR,Risco Médio,Média
sexta-feira,BR-40,88.0,Amanhecer,Decrescente,Nublado,Simples,Curva,-22.56056,-43.22712,DEL06-RJ,Risco Médio,Alta
quarta-feira,BR-242,350.0,Pleno dia,Crescente,Chuva,Simples,Desvio Temporário,-12.49531,-41.32112,DEL06-BA,Risco Médio,Baixa
quinta-feira,BR-70,531.0,Pleno dia,Decrescente,Céu Claro,Simples,Reta,-15.66031,-56.22,DEL01-MT,Risco Médio,Baixa
quarta-feira,BR-153,19.8,Pleno dia,Decrescente,Céu Claro,Simples,Reta,-12.99569,-49.15468,DEL07-GO,Risco Médio,Alta
segunda-feira,BR-376,679.0,Pleno dia,Crescente,Chuva,Simples,Não Informado,-25.95171,-48.90404,DEL01-PR,Risco Baixo,Baixa
terça-feira,BR-153,273.0,Pleno dia,Decrescente,Céu Claro,Simples,Reta,-22.36821,-49.87888,DEL07-SP,Risco Baixo,Alta
terça-feira,BR-408,104.8,Pleno dia,Decrescente,Céu Claro,Dupla,Reta,-8.07564,-34.99225,DEL01-PE,Risco Médio,Baixa
sábado,BR-316,253.0,Plena Noite,Decrescente,Nublado,Simples,Reta,-1.7949,-46.4809,DEL01-PA,Risco Alto,Baixa
domingo,BR-222,120.0,Plena Noite,Decrescente,Céu Claro,Simples,Reta,-3.704362,-39.57161,DEL04-CE,Risco Alto,Baixa
sábado,BR-101,42.6,Pleno dia,Crescente,Céu Claro,Simples,Reta,-23.41379,-45.05609,DEL06-SP,Risco Médio,Alta
quarta-feira,BR-153,412.0,Pleno dia,Decrescente,Céu Claro,Dupla,Reta,-9.51564,-48.58971,DEL02-TO,Risco Alto,Alta
sexta-feira,BR-40,125.0,Anoitecer,Decrescente,Céu Claro,Dupla,Não Informado,-22.81487,-43.28829,DEL01-RJ,Risco Baixo,Alta
sexta-feira,BR-116,261.0,Pleno dia,Decrescente,Chuva,Dupla,Desvio Temporário,-22.58477,-44.05027,DEL07-RJ,Risco Baixo,Alta
domingo,BR-386,118.0,Plena Noite,Crescente,Céu Claro,Simples,Curva,-27.86265,-53.01236,DEL08-RS,Risco Médio,Média
sábado,BR-222,671.0,Plena Noite,Crescente,Nublado,Simples,Desvio Temporário,-4.920582,-47.43051,DEL04-MA,Risco Médio,Baixa
sábado,BR-222,3.7,Pleno dia,Decrescente,Céu Claro,Múltipla,Reta,-3.740385,-38.59575,DEL01-CE,Risco Médio,Baixa
terça-feira,BR-480,65.4,Plena Noite,Crescente,Céu Claro,Simples,Curva,-27.62695,-52.36726,DEL08-RS,Risco Alto,Baixa
domingo,BR-280,124.7,Anoitecer,Decrescente,Ignorado,Simples,Reta,-26.2396,-49.47871,DEL06-SC,Risco Médio,Baixa
quinta-feira,BR-101,550.0,Pleno dia,Decrescente,Chuva,Simples,Reta,-15.27269,-39.47079,DEL05-BA,Risco Alto,Alta
sexta-feira,BR-277,613.1,Pleno dia,Decrescente,Sol,Simples,Reta,-25.06149,-53.64838,DEL05-PR,Risco Médio,Média
domingo,BR-316,9.7,Pleno dia,Crescente,Céu Claro,Dupla,Reta,-1.365877,-48.36476,DEL01-PA,Risco Médio,Baixa
domingo,BR-324,619.0,Pleno dia,Crescente,Nublado,Dupla,Reta,-12.906,-38.455,DEL01-BA,Risco Médio,Baixa
domingo,BR-369,150.0,Plena Noite,Crescente,Céu Claro,Dupla,Reta,-23.29276,-51.16146,DEL07-PR,Risco Médio,Baixa
sábado,BR-70,361.0,Pleno dia,Decrescente,Chuva,Simples,Reta,-15.9197,-51.2845,DEL04-GO,Risco Médio,Baixa
terça-feira,BR-60,597.0,Pleno dia,Decrescente,Céu Claro,Simples,Reta,-21.51467,-56.16545,DEL05-MS,Risco Médio,Média
terça-feira,BR-262,365.3,Pleno dia,Decrescente,Céu Claro,Simples,Reta,-20.48937,-54.74267,DEL01-MS,Risco Baixo,Média
quinta-feira,BR-70,123.7,Plena Noite,Crescente,Céu Claro,Simples,Reta,-15.81986,-49.21891,DEL02-GO,Risco Médio,Baixa
quarta-feira,BR-470,200.9,Amanhecer,Decrescente,Céu Claro,Simples,Reta,-27.29884,-50.14298,DEL05-SC,Risco Baixo,Baixa
terça-feira,BR-60,49.9,Pleno dia,Decrescente,Sol,Dupla,Reta,-16.8101,-49.2397,DEL01-GO,Risco Baixo,Média
sexta-feira,BR-324,517.6,Pleno dia,Crescente,Céu Claro,Simples,Curva,-12.24953,-38.93363,DEL02-BA,Risco Médio,Baixa
quarta-feira,BR-153,353.5,Pleno dia,Crescente,Céu Claro,Simples,Reta,-25.62594,-50.71917,DEL03-PR,Risco Médio,Alta
domingo,BR-406,123.2,Amanhecer,Decrescente,Nublado,Simples,Não Informado,-5.591715,-35.64174,DEL02-RN,Risco Baixo,Baixa
segunda-feira,BR-101,146.9,Pleno dia,Crescente,Chuva,Múltipla,Reta,-19.39897,-40.0628,DEL04-ES,Risco Médio,Alta
quarta-feira,BR-376,181.0,Pleno dia,Decrescente,Céu Claro,Dupla,Reta,-23.43197,-51.88672,DEL07-PR,Risco Médio,Baixa
sexta-feira,BR-70,7.0,Plena Noite,Decrescente,Céu Claro,Dupla,Interseção de vias,-15.7876,-48.11443,DEL01-DF,Risco Baixo,Baixa
segunda-feira,BR-222,660.9,Pleno dia,Crescente,Céu Claro,Simples,Reta,-4.874218,-47.34477,DEL04-MA,Risco Médio,Baixa
terça-feira,BR-330,766.0,Plena Noite,Crescente,Céu Claro,Simples,Reta,-14.06474,-39.79291,DEL03-BA,Risco Médio,Baixa
sexta-feira,BR-116,270.0,Plena Noite,Decrescente,Céu Claro,Múltipla,Reta,-23.618,-46.79678,DEL04-SP,Risco Médio,Alta
sexta-feira,BR-153,77.5,Pleno dia,Decrescente,Céu Claro,Simples,Reta,-27.10862,-51.9028,DEL07-SC,Risco Alto,Alta
sexta-feira,BR-101,65.0,Pleno dia,Crescente,Céu Claro,Dupla,Reta,-8.027243,-34.94306,DEL01-PE,Risco Médio,Alta
terça-feira,BR-116,221.0,Pleno dia,Decrescente,Chuva,Múltipla,Reta,-23.46689,-46.50381,DEL01-SP,Risco Médio,Alta
quarta-feira,BR-470,248.5,Plena Noite,Crescente,Céu Claro,Simples,Reta,-29.39999,-51.50091,DEL06-RS,Risco Médio,Baixa
quarta-feira,BR-470,52.8,Plena Noite,Decrescente,Nublado,Simples,Reta,-26.86028,-49.07918,DEL04-SC,Risco Médio,Baixa
terça-feira,BR-424,79.0,Plena Noite,Decrescente,Garoa/Chuvisco,Simples,Reta,-8.828424,-36.54975,DEL03-PE,Risco Baixo,Baixa
domingo,BR-470,123.0,Pleno dia,Crescente,Chuva,Simples,Não Informado,-27.10678,-49.52205,DEL04-SC,Risco Médio,Baixa
quinta-feira,BR-116,215.0,Plena Noite,Crescente,Ignorado,Múltipla,Reta,-23.45013,-46.46198,DEL01-SP,Risco Médio,Alta
terça-feira,BR-365,702.0,Pleno dia,Decrescente,Nublado,Dupla,Reta,-18.8802,-48.9993,DEL15-MG,Risco Médio,Média
segunda-feira,BR-70,2.3,Pleno dia,Crescente,Céu Claro,Simples,Reta,-15.88589,-52.27037,DEL07-MT,Risco Médio,Baixa
domingo,BR-364,457.0,Pleno dia,Decrescente,Sol,Simples,Não Informado,-10.26247,-62.70509,DEL03-RO,Risco Médio,Alta
sábado,BR-101,187.0,Plena Noite,Crescente,Céu Claro,Simples,Reta,-19.68171,-40.27047,DEL04-ES,Risco Médio,Alta
quinta-feira,BR-364,52.9,Amanhecer,Decrescente,Chuva,Simples,Curva,-12.53494,-60.36673,DEL04-RO,Risco Baixo,Alta
sexta-feira,BR-421,63.0,Anoitecer,Crescente,Céu Claro,Simples,Reta,-10.34385,-63.37376,DEL03-RO,Risco Médio,Baixa
quinta-feira,BR-376,617.0,Amanhecer,Crescente,Nublado,Dupla,Reta,-25.58426,-49.17619,DEL01-PR,Risco Médio,Baixa
sábado,BR-470,178.0,Pleno dia,Decrescente,Céu Claro,Simples,Reta,-28.94515,-51.55205,DEL06-RS,Risco Médio,Baixa
quarta-feira,BR-392,36.3,Pleno dia,Decrescente,Céu Claro,Dupla,Reta,-31.9921,-52.28991,DEL07-RS,Risco Médio,Média
sábado,BR-116,300.7,Plena Noite,Crescente,Céu Claro,Simples,Reta,-30.12369,-51.34923,DEL02-RS,Risco Médio,Alta
segunda-feira,BR-277,79.0,Pleno dia,Decrescente,Céu Claro,Dupla,Reta,-25.51328,-49.12433,DEL01-PR,Risco Médio,Média
terça-feira,BR-116,613.7,Plena Noite,Decrescente,Céu Claro,Simples,Curva,-20.4378,-42.16419,DEL07-MG,Risco Baixo,Alta
quinta-feira,BR-230,7.0,Anoitecer,Decrescente,Céu Claro,Dupla,Reta,-7.027892,-34.83889,DEL01-PB,Risco Médio,Baixa
terça-feira,BR-101,93.0,Pleno dia,Decrescente,Garoa/Chuvisco,Dupla,Reta,-10.90212,-37.14495,DEL01-SE,Risco Médio,Alta
segunda-feira,BR-230,461.2,Pleno dia,Decrescente,Céu Claro,Simples,Interseção de vias,-6.77789,-38.22129,DEL03-PB,Risco Baixo,Baixa
domingo,BR-304,42.8,Pleno dia,Crescente,Chuva,Dupla,Curva,-5.212781,-37.37221,DEL04-RN,Risco Médio,Baixa
quarta-feira,BR-153,515.9,Plena Noite,Decrescente,Céu Claro,Dupla,Reta,-16.8413,-49.2454,DEL01-GO,Risco Alto,Alta
segunda-feira,BR-101,331.1,Pleno dia,Crescente,Céu Claro,Múltipla,Reta,-28.45568,-48.98127,DEL02-SC,Risco Médio,Alta
sexta-feira,BR-101,89.8,Plena Noite,Crescente,Nublado,Dupla,Não Informado,-7.178026,-34.89989,DEL01-PB,Risco Baixo,Alta
sexta-feira,BR-101,29.6,Plena Noite,Decrescente,Céu Claro,Simples,Reta,-23.37342,-44.96219,DEL06-SP,Risco Médio,Alta
domingo,BR-60,253.0,Pleno dia,Crescente,Céu Claro,Dupla,Curva,-17.1338,-49.9857,DEL01-GO,Risco Baixo,Média
sexta-feira,BR-116,511.0,Plena Noite,Decrescente,Nublado,Dupla,Curva,-24.75983,-48.16119,DEL05-SP,Risco Baixo,Alta
sábado,BR-470,43.0,Anoitecer,Decrescente,Céu Claro,Simples,Reta,-27.92694,-51.45933,DEL08-RS,Risco Médio,Baixa
sábado,BR-316,317.2,Pleno dia,Crescente,Sol,Simples,Reta,-7.013908,-41.58758,DEL04-PI,Risco Médio,Baixa
quarta-feira,BR-153,83.7,Plena Noite,Decrescente,Céu Claro,Simples,Não Informado,-19.08664,-48.9932,DEL15-MG,Risco Médio,Alta
terça-feira,BR-70,10.0,Pleno dia,Decrescente,Sol,Dupla,Reta,-15.78707,-48.14071,DEL01-DF,Risco Médio,Baixa
terça-feira,BR-285,520.3,Plena Noite,Crescente,Chuva,Simples,Reta,-28.39859,-54.49373,DEL10-RS,Risco Alto,Baixa
segunda-feira,BR-101,64.4,Pleno dia,Crescente,Céu Claro,Dupla,Reta,-8.02104,-34.9428,DEL01-PE,Risco Médio,Alta
sexta-feira,BR-101,245.1,Pleno dia,Crescente,Céu Claro,Simples,Curva,-10.17843,-36.82594,DEL02-AL,Risco Médio,Alta
quinta-feira,BR-280,231.7,Pleno dia,Crescente,Nublado,Simples,Reta,-26.1893,-50.37171,DEL06-SC,Risco Médio,Baixa
quarta-feira,BR-290,91.0,Pleno dia,Decrescente,Céu Claro,Dupla,Reta,-29.96955,-51.16966,DEL01-RS,Risco Médio,Baixa
sexta-feira,BR-101,96.2,Pleno dia,Crescente,Nublado,Dupla,Interseção de vias,-5.849846,-35.20946,DEL01-RN,Risco Baixo,Alta
domingo,BR-101,194.6,Pleno dia,Crescente,Nublado,Dupla,Reta,-27.49815,-48.65661,DEL01-SC,Risco Médio,Alta
sexta-feira,BR-282,624.4,Plena Noite,Crescente,Nublado,Simples,Interseção de vias,-26.79847,-53.34561,DEL07-SC,Risco Médio,Baixa
quinta-feira,BR-101,157.7,Pleno dia,Decrescente,Céu Claro,Dupla,Reta,-27.18163,-48.61212,DEL04-SC,Risco Médio,Alta
quarta-feira,BR-222,2.5,Plena Noite,Decrescente,Céu Claro,Dupla,Reta,-3.736507,-38.65337,DEL01-CE,Risco Médio,Baixa
sexta-feira,BR-435,94.0,Pleno dia,Crescente,Céu Claro,Simples,Desvio Temporário,-13.18957,-60.55897,DEL04-RO,Risco Baixo,Baixa
sexta-feira,BR-364,425.0,Pleno dia,Crescente,Céu Claro,Simples,Não Informado,-10.43752,-62.4717,DEL03-RO,Risco Médio,Alta
quinta-feira,BR-376,652.0,Pleno dia,Decrescente,Céu Claro,Dupla,Curva,-25.84616,-49.06888,DEL01-PR,Risco Baixo,Baixa
sábado,BR-116,52.5,Pleno dia,Crescente,Nublado,Dupla,Reta,-25.24906,-48.9084,DEL01-PR,Risco Médio,Alta
sexta-feira,BR-101,125.0,Pleno dia,Crescente,Céu Claro,Simples,Curva,-12.10113,-38.37271,DEL01-BA,Risco Baixo,Alta
quarta-feira,BR-386,447.0,Plena Noite,Decrescente,Céu Claro,Dupla,Não Informado,-29.89201,-51.17701,DEL01-RS,Risco Médio,Média
sexta-feira,BR-277,418.9,Plena Noite,Crescente,Céu Claro,Simples,Curva,-25.37491,-52.12683,DEL04-PR,Risco Médio,Média
quinta-feira,BR-364,238.2,Plena Noite,Crescente,Nublado,Simples,Interseção de vias,-11.43886,-61.45471,DEL02-RO,Risco Médio,Alta
sábado,BR-230,774.0,Plena Noite,Decrescente,Chuva,Simples,Não Informado,-3.529345,-53.16488,DEL04-PA,Risco Médio,Baixa
quinta-feira,BR-488,2.4,Plena Noite,Decrescente,Céu Claro,Simples,Não Informado,-22.84922,-45.2368,DEL08-SP,Risco Médio,Baixa
sábado,BR-262,356.3,Pleno dia,Crescente,Céu Claro,Simples,Reta,-20.54628,-54.68358,DEL01-MS,Risco Médio,Média
quarta-feira,BR-101,162.0,Pleno dia,Decrescente,Céu Claro,Dupla,Curva,-27.2325,-48.6299,DEL04-SC,Risco Médio,Alta
quinta-feira,BR-262,39.9,Pleno dia,Crescente,Garoa/Chuvisco,Simples,Curva,-20.38085,-40.62069,DEL01-ES,Risco Médio,Média
quarta-feira,BR-101,320.0,Anoitecer,Decrescente,Céu Claro,Dupla,Reta,-22.86175,-43.10714,DEL02-RJ,Risco Médio,Alta
segunda-feira,BR-116,65.0,Pleno dia,Decrescente,Chuva,Dupla,Curva,-22.82327,-45.19281,DEL08-SP,Risco Médio,Alta
quarta-feira,BR-376,17.0,Plena Noite,Crescente,Chuva,Simples,Reta,-22.30983,-54.59018,DEL04-MS,Risco Médio,Baixa
sexta-feira,BR-262,378.0,Plena Noite,Crescente,Céu Claro,Dupla,Não Informado,-19.9565,-44.34658,DEL01-MG,Risco Baixo,Média
sábado,BR-101,238.0,Pleno dia,Decrescente,Céu Claro,Simples,Não Informado,-12.88118,-39.21999,DEL01-BA,Risco Médio,Alta
sexta-feira,BR-226,176.1,Pleno dia,Decrescente,Céu Claro,Simples,Reta,-6.262168,-36.51662,DEL03-RN,Risco Médio,Baixa
sábado,BR-20,11.1,Pleno dia,Crescente,Nublado,Dupla,Retorno Regulamentado,-15.64618,-47.76517,DEL02-DF,Risco Médio,Baixa
terça-feira,BR-376,444.0,Pleno dia,Crescente,Céu Claro,Simples,Reta,-24.8426,-50.475,DEL03-PR,Risco Médio,Baixa
segunda-feira,BR-153,47.9,Pleno dia,Crescente,Ignorado,Simples,Reta,-5.534504,-48.73455,DEL03-PA,Risco Médio,Alta
quarta-feira,BR-364,347.0,Plena Noite,Crescente,Ignorado,Dupla,Curva,-15.79388,-55.57353,DEL05-MT,Risco Médio,Alta
quinta-feira,BR-116,326.0,Pleno dia,Crescente,Chuva,Simples,Reta,-23.93901,-47.06241,DEL04-SP,Risco Baixo,Alta
sábado,BR-116,421.6,Pleno dia,Crescente,Céu Claro,Simples,Curva,-18.9367,-41.94751,DEL06-MG,Risco Médio,Alta
quinta-feira,BR-116,300.0,Plena Noite,Decrescente,Céu Claro,Dupla,Reta,-22.45223,-44.35433,DEL07-RJ,Risco Baixo,Alta
sábado,BR-135,31.3,Plena Noite,Decrescente,Garoa/Chuvisco,Dupla,Reta,-2.813078,-44.37432,DEL01-MA,Risco Baixo,Baixa
quarta-feira,BR-116,103.6,Plena Noite,Decrescente,Nevoeiro/Neblina,Dupla,Reta,-25.57142,-49.19542,DEL01-PR,Risco Médio,Alta
segunda-feira,BR-282,2.0,Plena Noite,Decrescente,Nublado,Múltipla,Reta,-27.60329,-48.59042,DEL01-SC,Risco Médio,Baixa
domingo,BR-381,521.5,Pleno dia,Crescente,Céu Claro,Dupla,Curva,-20.1265,-44.3024,DEL04-MG,Risco Médio,Alta
quinta-feira,BR-153,612.9,Pleno dia,Crescente,Céu Claro,Dupla,Reta,-17.6523,-49.1712,DEL03-GO,Risco Médio,Alta
terça-feira,BR-230,118.0,Plena Noite,Crescente,Céu Claro,Dupla,Reta,-5.351927,-49.09796,DEL03-PA,Risco Alto,Baixa
sábado,BR-381,726.7,Plena Noite,Decrescente,Céu Claro,Dupla,Curva,-21.4807,-45.2019,DEL04-MG,Risco Médio,Alta
quarta-feira,BR-101,36.2,Pleno dia,Crescente,Sol,Dupla,Não Informado,-7.788367,-34.92982,DEL01-PE,Risco Médio,Alta
quarta-feira,BR-282,421.0,Pleno dia,Decrescente,Céu Claro,Simples,Reta,-27.0084,-51.73651,DEL07-SC,Risco Médio,Baixa
sexta-feira,BR-277,327.2,Plena Noite,Crescente,Céu Claro,Simples,Curva,-25.36764,-51.33765,DEL03-PR,Risco Médio,Média
domingo,BR-135,657.0,Pleno dia,Crescente,Céu Claro,Simples,Reta,-18.75686,-44.43121,DEL02-MG,Risco Baixo,Baixa
sexta-feira,BR-381,834.4,Pleno dia,Crescente,Céu Claro,Dupla,Reta,-22.16462,-45.83245,DEL16-MG,Risco Médio,Alta
sexta-feira,BR-163,10.0,Plena Noite,Decrescente,Céu Claro,Dupla,Reta,-17.431,-54.74803,DEL02-MT,Risco Médio,Alta
quarta-feira,BR-230,115.0,Pleno dia,Crescente,Céu Claro,Dupla,Não Informado,-5.3606,-49.0807,DEL03-PA,Risco Médio,Baixa
segunda-feira,BR-364,0.0,Plena Noite,Crescente,Chuva,Simples,Ponte,-20.13824,-48.70235,DEL13-MG,Risco Baixo,Alta
quinta-feira,BR-135,365.0,Pleno dia,Crescente,Céu Claro,Simples,Não Informado,-9.163773,-44.42012,DEL03-PI,Risco Baixo,Baixa
sexta-feira,BR-470,53.0,Pleno dia,Crescente,Céu Claro,Simples,Reta,-26.8629,-49.0899,DEL04-SC,Risco Médio,Baixa
quinta-feira,BR-101,104.7,Pleno dia,Crescente,Céu Claro,Dupla,Reta,-9.587146,-35.98028,DEL02-AL,Risco Médio,Alta
sexta-feira,BR-40,615.4,Pleno dia,Decrescente,Sol,Simples,Não Informado,-20.54532,-43.82066,DEL05-MG,Risco Médio,Alta
sexta-feira,BR-101,134.0,Pleno dia,Crescente,Chuva,Simples,Rotatória,-27.00218,-48.63643,DEL04-SC,Risco Médio,Alta
quarta-feira,BR-470,225.0,Plena Noite,Decrescente,Céu Claro,Simples,Reta,-29.24598,-51.5161,DEL06-RS,Risco Médio,Baixa
domingo,BR-277,349.0,Plena Noite,Crescente,Nublado,Simples,Não Informado,-25.43203,-51.65509,DEL08-PR,Risco Baixo,Média
domingo,BR-222,298.3,Pleno dia,Crescente,Céu Claro,Simples,Não Informado,-3.653344,-40.92997,DEL04-CE,Risco Médio,Baixa
quinta-feira,BR-60,92.0,Plena Noite,Crescente,Céu Claro,Dupla,Reta,-16.353,-48.9178,DEL02-GO,Risco Baixo,Média
terça-feira,BR-153,88.3,Pleno dia,Crescente,Céu Claro,Simples,Não Informado,-20.94945,-49.54295,DEL09-SP,Risco Baixo,Alta
sexta-feira,BR-230,65.2,Amanhecer,Crescente,Nublado,Dupla,Reta,-7.18999,-35.18491,DEL01-PB,Risco Médio,Baixa
segunda-feira,BR-365,583.4,Pleno dia,Crescente,Chuva,Simples,Reta,-18.8773,-47.94562,DEL15-MG,Risco Baixo,Média
terça-feira,BR-232,32.1,Pleno dia,Decrescente,Sol,Dupla,Reta,-8.105417,-35.16657,DEL01-PE,Risco Médio,Baixa
segunda-feira,BR-493,106.0,Pleno dia,Crescente,Chuva,Dupla,Reta,-22.79448,-43.78379,DEL03-RJ,Risco Médio,Baixa
terça-feira,BR-101,410.7,Pleno dia,Crescente,Chuva,Simples,Rotatória,-28.93913,-49.49727,DEL02-SC,Risco Médio,Alta
quarta-feira,BR-101,300.0,Pleno dia,Decrescente,Céu Claro,Dupla,Reta,-20.35931,-40.43293,DEL01-ES,Risco Médio,Alta
terça-feira,BR-116,13.8,Plena Noite,Decrescente,Céu Claro,Simples,Reta,-14.851,-40.8485,DEL08-BA,Risco Médio,Alta
sábado,BR-153,670.8,Pleno dia,Crescente,Céu Claro,Dupla,Reta,-11.70998,-49.07472,DEL02-TO,Risco Médio,Alta
terça-feira,BR-408,89.0,Amanhecer,Crescente,Céu Claro,Dupla,Reta,-7.981491,-35.08112,DEL01-PE,Risco Médio,Baixa
sábado,BR-381,737.4,Pleno dia,Crescente,Céu Claro,Dupla,Curva,-21.5656,-45.2439,DEL16-MG,Risco Médio,Alta
sábado,BR-386,405.0,Pleno dia,Crescente,Chuva,Simples,Reta,-29.77715,-51.56123,DEL04-RS,Risco Médio,Média
sexta-feira,BR-101,297.0,Anoitecer,Crescente,Céu Claro,Dupla,Curva,-22.77086,-42.92845,DEL02-RJ,Risco Médio,Alta
sexta-feira,BR-116,45.6,Plena Noite,Decrescente,Garoa/Chuvisco,Dupla,Curva,-25.19504,-48.89005,DEL01-PR,Risco Médio,Alta
segunda-feira,BR-104,41.5,Plena Noite,Crescente,Ignorado,Dupla,Não Informado,-8.1065,-36.0218,DEL02-PE,Risco Médio,Baixa
quarta-feira,BR-101,171.0,Plena Noite,Decrescente,Nublado,Dupla,Reta,-27.30546,-48.63258,DEL04-SC,Risco Médio,Alta
sexta-feira,BR-155,310.0,Plena Noite,Crescente,Céu Claro,Simples,Curva,-5.651606,-49.1102,DEL03-PA,Risco Médio,Baixa
sábado,BR-287,399.1,Plena Noite,Decrescente,Nublado,Simples,Reta,-29.16794,-54.86707,DEL12-RS,Risco Médio,Baixa
quinta-feira,BR-101,102.3,Plena Noite,Decrescente,Nublado,Simples,Reta,-12.10728,-38.38083,DEL01-BA,Risco Médio,Alta
sexta-feira,BR-285,298.5,Amanhecer,Decrescente,Garoa/Chuvisco,Simples,Reta,-28.2326,-52.43605,DEL08-RS,Risco Baixo,Baixa
sexta-feira,BR-285,159.2,Plena Noite,Decrescente,Céu Claro,Simples,Reta,-28.32148,-51.21722,DEL05-RS,Risco Baixo,Baixa
segunda-feira,BR-101,85.3,Pleno dia,Crescente,Sol,Dupla,Ponte,-5.780253,-35.24831,DEL02-RN,Risco Médio,Alta
domingo,BR-476,202.0,Pleno dia,Crescente,Nublado,Simples,Não Informado,-25.77643,-49.77478,DEL02-PR,Risco Médio,Baixa
sábado,BR-324,601.0,Pleno dia,Decrescente,Céu Claro,Dupla,Reta,-12.76447,-38.42354,DEL01-BA,Risco Médio,Baixa
sábado,BR-116,444.9,Plena Noite,Crescente,Nublado,Simples,Reta,-24.48715,-47.83447,DEL05-SP,Risco Baixo,Alta
quinta-feira,BR-277,111.5,Plena Noite,Crescente,Nublado,Dupla,Não Informado,-25.43731,-49.36497,DEL01-PR,Risco Baixo,Média
terça-feira,BR-40,122.0,Pleno dia,Decrescente,Céu Claro,Múltipla,Reta,-22.79113,-43.28606,DEL01-RJ,Risco Médio,Alta
domingo,BR-101,412.3,Plena Noite,Decrescente,Nublado,Simples,Reta,-28.94052,-49.49853,DEL02-SC,Risco Médio,Alta
domingo,BR-20,418.0,Plena Noite,Crescente,Céu Claro,Dupla,Não Informado,-3.76999,-38.67006,DEL01-CE,Risco Alto,Baixa
quinta-feira,BR-116,446.0,Amanhecer,Decrescente,Nublado,Múltipla,Reta,-24.504,-47.8478,DEL05-SP,Risco Baixo,Alta
segunda-feira,BR-467,107.2,Plena Noite,Decrescente,Céu Claro,Dupla,Curva,-24.9209,-53.4764,DEL04-PR,Risco Alto,Baixa