dia_semana,br,km,fase_dia,sentido_via,condicao_metereologica,tipo_pista,tracado_via,latitude,longitude,delegacia,classificacao_acidente,postos_policiais_PRF
segunda-feira,BR-116,503.0,Plena Noite,Crescente,Nublado,Simples,Reta,-12.60461,-39.55234,DEL03-BA,Risco Alto,Alta
sábado,BR-293,62.5,Pleno dia,Crescente,Chuva,Simples,Curva,-31.6994,-52.95,DEL07-RS,Risco Médio,Baixa
segunda-feira,BR-163,838.0,Pleno dia,Decrescente,Nublado,Simples,Curva,-11.83091,-55.48734,DEL06-MT,Risco Médio,Alta
quinta-feira,BR-381,939.0,Plena Noite,Decrescente,Nublado,Dupla,Reta,-22.8231,-46.3069,DEL16-MG,Risco Médio,Alta
quarta-feira,BR-163,185.8,Pleno dia,Crescente,Chuva,Simples,Reta,-22.8077,-54.724,DEL09-MS,Risco Médio,Alta
quinta-feira,BR-116,115.1,Plena Noite,Decrescente,Chuva,Dupla,Reta,-25.55953,-49.2656,DEL01-PR,Risco Médio,Alta
sexta-feira,BR-381,185.9,Pleno dia,Crescente,Chuva,Simples,Curva,-19.1565,-42.2405,DEL06-MG,Risco Médio,Alta
terça-feira,BR-101,313.5,Pleno dia,Crescente,Nublado,Dupla,Reta,-28.437,-48.83801,DEL02-SC,Risco Médio,Alta
quinta-feira,BR-424,6.2,Pleno dia,Crescente,Ignorado,Simples,Curva,-8.476811,-37.03548,DEL03-PE,Risco Médio,Baixa
sexta-feira,BR-116,822.5,Pleno dia,Crescente,Nublado,Dupla,Reta,-14.84737,-40.84826,DEL08-BA,Risco Alto,Alta
sexta-feira,BR-101,99.0,Pleno dia,Decrescente,Nublado,Dupla,Reta,-5.872388,-35.21959,DEL01-RN,Risco Médio,Alta
segunda-feira,BR-101,417.0,Pleno dia,Crescente,Chuva,Simples,Curva,-22.91294,-43.89732,DEL03-RJ,Risco Médio,Alta
domingo,BR-116,261.0,Plena Noite,Decrescente,Ignorado,Dupla,Reta,-29.88798,-51.17901,DEL01-RS,Risco Baixo,Alta
sábado,BR-470,52.2,Plena Noite,Crescente,Nublado,Simples,Rotatória,-26.86229,-49.0939,DEL04-SC,Risco Médio,Baixa
quarta-feira,BR-40,665.3,Pleno dia,Decrescente,Nublado,Simples,Não Informado,-20.94258,-43.81052,DEL05-MG,Risco Baixo,Alta
quinta-feira,BR-242,394.0,Plena Noite,Crescente,Chuva,Simples,Reta,-12.42895,-41.7821,DEL10-BA,Risco Médio,Baixa
quarta-feira,BR-381,503.0,Pleno dia,Decrescente,Chuva,Dupla,Reta,-20.0304,-44.236,DEL01-MG,Risco Médio,Alta
sexta-feira,BR-259,18.9,Pleno dia,Crescente,Céu Claro,Simples,Não Informado,-19.65379,-40.46227,DEL02-ES,Risco Alto,Baixa
terça-feira,BR-116,131.2,Plena Noite,Crescente,Céu Claro,Dupla,Reta,-23.12742,-45.73637,DEL06-SP,Risco Médio,Alta
quinta-feira,BR-158,331.0,Pleno dia,Crescente,Nevoeiro/Neblina,Dupla,Rotatória,-29.70438,-53.84465,DEL09-RS,Risco Médio,Baixa
quinta-feira,BR-376,175.7,Pleno dia,Decrescente,Céu Claro,Dupla,Reta,-23.41136,-51.94078,DEL09-PR,Risco Médio,Baixa
quarta-feira,BR-282,21.0,Plena Noite,Decrescente,Céu Claro,Dupla,Desvio Temporário,-27.68907,-48.71754,DEL01-SC,Risco Médio,Baixa
domingo,BR-101,179.8,Pleno dia,Crescente,Céu Claro,Simples,Reta,-19.61641,-40.21532,DEL04-ES,Risco Médio,Alta
segunda-feira,BR-60,4.7,Pleno dia,Crescente,Céu Claro,Dupla,Reta,-15.89488,-48.10223,DEL01-DF,Risco Médio,Média
sexta-feira,BR-101,185.0,Plena Noite,Decrescente,Chuva,Dupla,Retorno Regulamentado,-27.42537,-48.62466,DEL01-SC,Risco Baixo,Alta
segunda-feira,BR-20,18.0,Pleno dia,Decrescente,Chuva,Dupla,Desvio Temporário,-15.6169,-47.70893,DEL02-DF,Risco Médio,Baixa
sexta-feira,BR-470,131.9,Pleno dia,Crescente,Céu Claro,Simples,Interseção de vias,-27.16066,-49.55649,DEL04-SC,Risco Médio,Baixa
quinta-feira,BR-20,10.1,Pleno dia,Decrescente,Sol,Dupla,Reta,-15.65006,-47.76939,DEL02-DF,Risco Médio,Baixa
sábado,BR-116,65.4,Plena Noite,Crescente,Céu Claro,Dupla,Viaduto,-22.82255,-45.19495,DEL08-SP,Risco Médio,Alta
quarta-feira,BR-226,352.0,Pleno dia,Decrescente,Ignorado,Simples,Reta,-6.153611,-37.78001,DEL04-RN,Risco Médio,Baixa
sábado,BR-251,349.7,Pleno dia,Decrescente,Chuva,Simples,Não Informado,-16.25737,-42.52298,DEL12-MG,Risco Médio,Baixa
sábado,BR-364,440.5,Pleno dia,Decrescente,Céu Claro,Simples,Reta,-15.60155,-56.20525,DEL01-MT,Risco Alto,Alta
sábado,BR-163,95.8,Pleno dia,Decrescente,Nublado,Simples,Reta,-26.50483,-53.51033,DEL07-SC,Risco Médio,Alta
sexta-feira,BR-280,257.0,Pleno dia,Crescente,Céu Claro,Simples,Reta,-26.16132,-53.04023,DEL02-PR,Risco Médio,Baixa
quarta-feira,BR-381,528.9,Pleno dia,Crescente,Nublado,Dupla,Curva,-20.16664,-44.33288,DEL04-MG,Risco Médio,Alta
quinta-feira,BR-230,2.0,Plena Noite,Crescente,Céu Claro,Dupla,Não Informado,-6.985502,-34.82906,DEL01-PB,Risco Médio,Baixa
domingo,BR-101,74.0,Plena Noite,Decrescente,Céu Claro,Dupla,Reta,-21.80723,-41.39734,DEL08-RJ,Risco Médio,Alta
domingo,BR-153,338.0,Pleno dia,Crescente,Céu Claro,Simples,Reta,-25.50617,-50.65121,DEL03-PR,Risco Médio,Alta
quarta-feira,BR-101,68.0,Plena Noite,Crescente,Garoa/Chuvisco,Dupla,Reta,-8.042334,-34.9431,DEL01-PE,Risco Baixo,Alta
terça-feira,BR-101,39.0,Pleno dia,Crescente,Céu Claro,Dupla,Curva,-26.26281,-48.90192,DEL03-SC,Risco Médio,Alta
quarta-feira,BR-376,256.0,Pleno dia,Crescente,Céu Claro,Dupla,Reta,-23.59831,-51.41052,DEL07-PR,Risco Médio,Baixa
domingo,BR-116,514.3,Pleno dia,Decrescente,Céu Claro,Simples,Reta,-19.6788,-42.117,DEL06-MG,Risco Baixo,Alta
domingo,BR-381,907.0,Pleno dia,Crescente,Chuva,Dupla,Não Informado,-22.679,-46.0995,DEL16-MG,Risco Médio,Alta
sábado,BR-158,37.6,Pleno dia,Crescente,Chuva,Simples,Reta,-19.27564,-51.48926,DEL08-MS,Risco Baixo,Baixa
quarta-feira,BR-40,102.2,Anoitecer,Decrescente,Céu Claro,Simples,Interseção de vias,-22.61089,-43.28656,DEL01-RJ,Risco Médio,Alta
domingo,BR-277,697.0,Plena Noite,Decrescente,Céu Claro,Dupla,Reta,-25.37614,-54.27611,DEL05-PR,Risco Médio,Média
quinta-feira,BR-101,95.0,Pleno dia,Crescente,Céu Claro,Dupla,Não Informado,-7.223794,-34.91488,DEL01-PB,Risco Baixo,Alta
quarta-feira,BR-324,616.0,Pleno dia,Crescente,Céu Claro,Dupla,Não Informado,-12.87958,-38.43214,DEL01-BA,Risco Médio,Baixa
segunda-feira,BR-101,435.0,Plena Noite,Crescente,Céu Claro,Simples,Curva,-21.05791,-41.19907,DEL03-ES,Risco Baixo,Alta
segunda-feira,BR-277,35.6,Plena Noite,Decrescente,Chuva,Dupla,Não Informado,-25.5731,-48.83297,DEL01-PR,Risco Médio,Média
quinta-feira,BR-116,104.5,Pleno dia,Decrescente,Céu Claro,Múltipla,Reta,-25.57168,-49.20686,DEL01-PR,Risco Alto,Alta
sábado,BR-262,549.0,Pleno dia,Decrescente,Garoa/Chuvisco,Simples,Não Informado,-19.71544,-45.883,DEL08-MG,Risco Médio,Média
quarta-feira,BR-101,115.0,Pleno dia,Crescente,Céu Claro,Múltipla,Reta,-26.8707,-48.7295,DEL04-SC,Risco Médio,Alta
segunda-feira,BR-101,81.0,Pleno dia,Decrescente,Chuva,Dupla,Reta,-9.447012,-35.85191,DEL01-AL,Risco Baixo,Alta
quinta-feira,BR-101,53.5,Pleno dia,Decrescente,Céu Claro,Dupla,Reta,-29.63759,-50.10435,DEL03-RS,Risco Médio,Alta
segunda-feira,BR-116,202.0,Anoitecer,Decrescente,Nublado,Dupla,Reta,-23.40809,-46.3386,DEL01-SP,Risco Médio,Alta
quarta-feira,BR-116,144.0,Pleno dia,Decrescente,Céu Claro,Múltipla,Reta,-23.18274,-45.84634,DEL02-SP,Risco Médio,Alta
quarta-feira,BR-101,257.0,Pleno dia,Decrescente,Céu Claro,Dupla,Curva,-27.99701,-48.68755,DEL02-SC,Risco Médio,Alta
sexta-feira,BR-277,0.3,Plena Noite,Crescente,Céu Claro,Dupla,Reta,-25.50365,-54.58405,DEL05-PR,Risco Médio,Média
quarta-feira,BR-470,3.0,Plena Noite,Decrescente,Céu Claro,Simples,Reta,-26.86164,-48.68205,DEL04-SC,Risco Médio,Baixa
quarta-feira,BR-116,448.0,Pleno dia,Decrescente,Nublado,Dupla,Reta,-24.521,-47.85337,DEL05-SP,Risco Médio,Alta
quinta-feira,BR-364,20.0,Anoitecer,Decrescente,Céu Claro,Simples,Reta,-12.72596,-60.19277,DEL04-RO,Risco Médio,Alta
sábado,BR-101,104.0,Pleno dia,Decrescente,Céu Claro,Dupla,Reta,-26.79282,-48.68081,DEL03-SC,Risco Médio,Alta
quarta-feira,BR-101,369.0,Amanhecer,Crescente,Céu Claro,Dupla,Não Informado,-28.70228,-49.1976,DEL02-SC,Risco Médio,Alta
quarta-feira,BR-116,210.0,Pleno dia,Crescente,Nublado,Simples,Não Informado,-26.0993,-49.78077,DEL06-SC,Risco Médio,Alta
quarta-feira,BR-10,353.0,Pleno dia,Decrescente,Céu Claro,Simples,Reta,-1.356462,-47.57423,DEL01-PA,Risco Baixo,Baixa
quarta-feira,BR-70,3.0,Plena Noite,Crescente,Céu Claro,Dupla,Reta,-15.76177,-48.23687,DEL01-DF,Risco Alto,Baixa
sexta-feira,BR-230,400.0,Pleno dia,Decrescente,Céu Claro,Simples,Reta,-7.492018,-46.02419,DEL05-MA,Risco Médio,Baixa
domingo,BR-262,422.3,Amanhecer,Crescente,Chuva,Simples,Curva,-20.46819,-55.23376,DEL01-MS,Risco Baixo,Média
sexta-feira,BR-262,37.0,Plena Noite,Crescente,Céu Claro,Simples,Reta,-20.25749,-42.03049,DEL06-MG,Risco Médio,Média
segunda-feira,BR-70,381.0,Pleno dia,Decrescente,Céu Claro,Simples,Interseção de vias,-15.54859,-55.16406,DEL02-MT,Risco Médio,Baixa
domingo,BR-116,406.9,Plena Noite,Crescente,Céu Claro,Simples,Reta,-18.82463,-41.98637,DEL06-MG,Risco Médio,Alta
segunda-feira,BR-116,1.0,Pleno dia,Decrescente,Garoa/Chuvisco,Dupla,Reta,-3.761599,-38.51901,DEL01-CE,Risco Baixo,Alta
domingo,BR-316,520.1,Pleno dia,Decrescente,Céu Claro,Simples,Reta,-4.794761,-43.56681,DEL03-MA,Risco Médio,Baixa
domingo,BR-282,124.0,Pleno dia,Decrescente,Céu Claro,Simples,Reta,-27.80126,-49.46864,DEL05-SC,Risco Baixo,Baixa
sexta-feira,BR-40,772.2,Pleno dia,Crescente,Céu Claro,Simples,Curva,-21.61782,-43.45469,DEL05-MG,Risco Médio,Alta
sexta-feira,BR-116,131.5,Pleno dia,Crescente,Céu Claro,Dupla,Reta,-22.65608,-43.12511,DEL02-RJ,Risco Médio,Alta
sábado,BR-376,212.0,Plena Noite,Crescente,Céu Claro,Dupla,Reta,-23.54797,-51.67126,DEL07-PR,Risco Médio,Baixa
quinta-feira,BR-60,95.0,Pleno dia,Decrescente,Céu Claro,Simples,Não Informado,-16.3679,-48.939,DEL02-GO,Risco Médio,Média
quinta-feira,BR-40,714.0,Plena Noite,Crescente,Céu Claro,Dupla,Reta,-21.2669,-43.6529,DEL05-MG,Risco Baixo,Alta
sexta-feira,BR-101,305.0,Pleno dia,Crescente,Nublado,Dupla,Reta,-22.78703,-42.99589,DEL02-RJ,Risco Médio,Alta
sábado,BR-116,100.0,Plena Noite,Crescente,Nublado,Dupla,Não Informado,-25.53379,-49.14664,DEL01-PR,Risco Médio,Alta
terça-feira,BR-101,296.3,Plena Noite,Crescente,Céu Claro,Múltipla,Curva,-20.3403,-40.40406,DEL01-ES,Risco Médio,Alta
terça-feira,BR-101,541.0,Pleno dia,Crescente,Céu Claro,Simples,Reta,-15.07212,-39.33243,DEL05-BA,Risco Médio,Alta
sexta-feira,BR-116,411.5,Pleno dia,Crescente,Céu Claro,Múltipla,Retorno Regulamentado,-18.86082,-41.9745,DEL06-MG,Risco Médio,Alta
sábado,BR-101,198.0,Pleno dia,Crescente,Nublado,Dupla,Curva,-22.49158,-42.12771,DEL02-RJ,Risco Médio,Alta
terça-feira,BR-153,505.3,Pleno dia,Crescente,Nublado,Dupla,Reta,-16.74795,-49.2409,DEL01-GO,Risco Médio,Alta
domingo,BR-282,443.0,Pleno dia,Crescente,Sol,Simples,Não Informado,-26.91962,-51.88493,DEL07-SC,Risco Médio,Baixa
quarta-feira,BR-158,528.8,Pleno dia,Crescente,Céu Claro,Simples,Desvio Temporário,-26.17853,-52.66277,DEL02-PR,Risco Médio,Baixa
quinta-feira,BR-163,621.0,Anoitecer,Crescente,Céu Claro,Simples,Reta,-13.72664,-56.04643,DEL01-MT,Risco Baixo,Alta
domingo,BR-222,21.0,Pleno dia,Crescente,Céu Claro,Simples,Reta,-3.737153,-38.74294,DEL01-CE,Risco Médio,Baixa
quinta-feira,BR-364,184.5,Plena Noite,Crescente,Céu Claro,Simples,Reta,-11.74932,-61.09631,DEL02-RO,Risco Médio,Alta
sábado,BR-101,83.0,Plena Noite,Crescente,Nublado,Dupla,Reta,-8.1777,-34.9526,DEL01-PE,Risco Baixo,Alta
quinta-feira,BR-116,117.0,Pleno dia,Decrescente,Chuva,Múltipla,Curva,-25.55952,-49.30698,DEL01-PR,Risco Médio,Alta
segunda-feira,BR-153,496.0,Pleno dia,Decrescente,Céu Claro,Simples,Desvio Temporário,-10.16528,-48.88095,DEL01-TO,Risco Médio,Alta
sexta-feira,BR-230,116.0,Plena Noite,Decrescente,Céu Claro,Dupla,Reta,-7.239295,-35.6118,DEL02-PB,Risco Baixo,Baixa
sexta-feira,BR-222,393.0,Pleno dia,Crescente,Céu Claro,Simples,Reta,-3.881312,-45.5649,DEL02-MA,Risco Médio,Baixa
segunda-feira,BR-50,192.1,Pleno dia,Crescente,Céu Claro,Dupla,Não Informado,-19.87188,-47.85892,DEL13-MG,Risco Médio,Média
sexta-feira,BR-135,617.0,Amanhecer,Crescente,Chuva,Simples,Reta,-10.64392,-45.18209,DEL03-PI,Risco Médio,Baixa
domingo,BR-101,215.7,Plena Noite,Decrescente,Céu Claro,Dupla,Curva,-27.65819,-48.67801,DEL01-SC,Risco Médio,Alta
domingo,BR-116,270.9,Plena Noite,Decrescente,Céu Claro,Dupla,Curva,-23.6078,-46.7529,DEL04-SP,Risco Baixo,Alta
terça-feira,BR-381,531.5,Pleno dia,Crescente,Céu Claro,Dupla,Reta,-20.16345,-44.36205,DEL04-MG,Risco Baixo,Alta
sábado,BR-373,275.0,Plena Noite,Crescente,Céu Claro,Simples,Reta,-25.25483,-51.068,DEL08-PR,Risco Médio,Baixa
sábado,BR-70,3.6,Plena Noite,Crescente,Nublado,Dupla,Reta,-15.80245,-48.08039,DEL01-DF,Risco Médio,Baixa
segunda-feira,BR-376,476.0,Plena Noite,Crescente,Nublado,Dupla,Reta,-25.05933,-50.22092,DEL03-PR,Risco Médio,Baixa
quinta-feira,BR-116,542.0,Pleno dia,Decrescente,Chuva,Dupla,Reta,-24.96898,-48.40754,DEL05-SP,Risco Médio,Alta
domingo,BR-393,285.9,Plena Noite,Decrescente,Céu Claro,Simples,Reta,-22.48173,-44.06309,DEL05-RJ,Risco Médio,Média
sexta-feira,BR-364,297.8,Plena Noite,Crescente,Céu Claro,Simples,Não Informado,-11.26425,-61.90206,DEL02-RO,Risco Médio,Alta
quarta-feira,BR-470,68.0,Plena Noite,Crescente,Céu Claro,Simples,Não Informado,-26.87761,-49.23923,DEL04-SC,Risco Médio,Baixa
sexta-feira,BR-101,434.7,Plena Noite,Decrescente,Chuva,Simples,Interseção de vias,-29.09949,-49.63481,DEL02-SC,Risco Médio,Alta
domingo,BR-101,325.5,Plena Noite,Crescente,Chuva,Múltipla,Reta,-28.42516,-48.93259,DEL02-SC,Risco Médio,Alta
domingo,BR-376,615.7,Plena Noite,Crescente,Nublado,Dupla,Não Informado,-25.57979,-49.17828,DEL01-PR,Risco Médio,Baixa
sábado,BR-116,190.3,Plena Noite,Crescente,Céu Claro,Dupla,Não Informado,-23.36862,-46.23469,DEL02-SP,Risco Alto,Alta
quinta-feira,BR-381,338.0,Plena Noite,Decrescente,Céu Claro,Simples,Reta,-19.82924,-43.08945,DEL03-MG,Risco Médio,Alta
sábado,BR-280,58.6,Pleno dia,Crescente,Céu Claro,Simples,Reta,-26.47537,-49.03122,DEL03-SC,Risco Médio,Baixa
sexta-feira,BR-251,514.6,Pleno dia,Decrescente,Sol,Simples,Reta,-16.65853,-43.73542,DEL12-MG,Risco Médio,Baixa
quinta-feira,BR-101,314.0,Pleno dia,Crescente,Céu Claro,Dupla,Reta,-22.81649,-43.07728,DEL02-RJ,Risco Médio,Alta
sábado,BR-101,34.3,Anoitecer,Decrescente,Chuva,Dupla,Reta,-26.26338,-48.90103,DEL03-SC,Risco Médio,Alta
segunda-feira,BR-316,16.7,Plena Noite,Crescente,Céu Claro,Dupla,Reta,-5.232937,-42.74591,DEL01-PI,Risco Médio,Baixa
domingo,BR-369,157.9,Plena Noite,Crescente,Nublado,Dupla,Não Informado,-23.28534,-51.2335,DEL07-PR,Risco Médio,Baixa
quarta-feira,BR-381,73.0,Pleno dia,Crescente,Garoa/Chuvisco,Dupla,Curva,-23.36553,-46.55254,DEL03-SP,Risco Médio,Alta
sexta-feira,BR-116,347.0,Pleno dia,Decrescente,Céu Claro,Simples,Reta,-11.57253,-38.98756,DEL02-BA,Risco Médio,Alta
domingo,BR-364,410.4,Plena Noite,Crescente,Ignorado,Simples,Não Informado,-10.53003,-62.39762,DEL03-RO,Risco Médio,Alta
domingo,BR-60,264.0,Pleno dia,Crescente,Sol,Dupla,Desvio Temporário,-17.1868,-50.0729,DEL01-GO,Risco Médio,Média
quarta-feira,BR-163,175.5,Pleno dia,Decrescente,Céu Claro,Dupla,Reta,-25.22327,-53.5938,DEL04-PR,Risco Médio,Alta
domingo,BR-369,165.0,Pleno dia,Decrescente,Céu Claro,Dupla,Reta,-23.29554,-51.30068,DEL07-PR,Risco Baixo,Baixa
domingo,BR-364,193.0,Pleno dia,Crescente,Céu Claro,Simples,Reta,-16.53246,-54.58497,DEL02-MT,Risco Alto,Alta
quinta-feira,BR-101,216.1,Pleno dia,Crescente,Sol,Simples,Reta,-12.63768,-39.09661,DEL01-BA,Risco Médio,Alta
segunda-feira,BR-251,476.5,Anoitecer,Crescente,Céu Claro,Simples,Não Informado,-16.47033,-43.47513,DEL12-MG,Risco Baixo,Baixa
sexta-feira,BR-277,584.3,Pleno dia,Crescente,Céu Claro,Dupla,Reta,-25.02817,-53.55983,DEL04-PR,Risco Baixo,Média
terça-feira,BR-408,104.0,Pleno dia,Crescente,Céu Claro,Dupla,Reta,-8.064443,-34.99006,DEL01-PE,Risco Médio,Baixa
sexta-feira,BR-116,65.3,Plena Noite,Crescente,Garoa/Chuvisco,Dupla,Não Informado,-25.31102,-49.00469,DEL01-PR,Risco Baixo,Alta
domingo,BR-116,401.5,Plena Noite,Crescente,Ignorado,Simples,Reta,-30.87688,-51.81674,DEL02-RS,Risco Médio,Alta
quarta-feira,BR-277,133.5,Plena Noite,Decrescente,Céu Claro,Dupla,Reta,-25.0,-49.0,DEL01-PR,Risco Médio,Média
sábado,BR-369,163.0,Plena Noite,Crescente,Céu Claro,Dupla,Reta,-23.27524,-51.29151,DEL07-PR,Risco Médio,Baixa
terça-feira,BR-381,89.0,Pleno dia,Crescente,Céu Claro,Dupla,Reta,-23.50494,-46.55907,DEL03-SP,Risco Médio,Alta
quarta-feira,BR-367,72.0,Pleno dia,Crescente,Céu Claro,Simples,Curva,-16.38749,-39.48136,DEL09-BA,Risco Médio,Baixa
terça-feira,BR-104,120.0,Plena Noite,Crescente,Céu Claro,Simples,Reta,-7.192559,-35.86985,DEL02-PB,Risco Médio,Baixa
quarta-feira,BR-285,362.9,Pleno dia,Crescente,Sol,Simples,Reta,-28.39392,-53.0539,DEL08-RS,Risco Médio,Baixa
domingo,BR-262,57.7,Anoitecer,Decrescente,Nublado,Simples,Reta,-20.27195,-42.18933,DEL06-MG,Risco Médio,Média
sexta-feira,BR-386,113.1,Pleno dia,Decrescente,Garoa/Chuvisco,Simples,Reta,-27.81456,-53.04122,DEL08-RS,Risco Baixo,Média
sexta-feira,BR-293,128.9,Plena Noite,Decrescente,Nublado,Simples,Ponte,-31.49934,-53.56951,DEL11-RS,Risco Médio,Baixa
sexta-feira,BR-116,392.0,Plena Noite,Decrescente,Nublado,Dupla,Reta,-30.83366,-51.73301,DEL02-RS,Risco Baixo,Alta
sábado,BR-116,264.5,Pleno dia,Crescente,Nublado,Múltipla,Reta,-29.91478,-51.17785,DEL01-RS,Risco Médio,Alta
terça-feira,BR-116,350.7,Pleno dia,Crescente,Sol,Simples,Curva,-18.38629,-41.813,DEL11-MG,Risco Alto,Alta
segunda-feira,BR-232,512.3,Pleno dia,Decrescente,Céu Claro,Simples,Desvio Temporário,-8.073998,-39.15735,DEL05-PE,Risco Baixo,Baixa
quinta-feira,BR-101,329.0,Pleno dia,Crescente,Céu Claro,Simples,Reta,-22.86939,-43.17564,DEL02-RJ,Risco Baixo,Alta
terça-feira,BR-153,493.0,Pleno dia,Crescente,Céu Claro,Dupla,Reta,-16.6537,-49.2172,DEL01-GO,Risco Médio,Alta
domingo,BR-116,142.0,Pleno dia,Crescente,Céu Claro,Dupla,Reta,-23.17426,-45.8294,DEL02-SP,Risco Médio,Alta
terça-feira,BR-101,333.9,Pleno dia,Crescente,Sol,Simples,Reta,-28.4699,-49.01688,DEL02-SC,Risco Médio,Alta
segunda-feira,BR-376,81.7,Plena Noite,Crescente,Céu Claro,Simples,Não Informado,-22.96392,-52.64101,DEL09-PR,Risco Alto,Baixa
quarta-feira,BR-101,206.9,Plena Noite,Crescente,Nublado,Simples,Reta,-27.59194,-48.61825,DEL01-SC,Risco Médio,Alta
quinta-feira,BR-135,89.0,Pleno dia,Crescente,Céu Claro,Simples,Reta,-3.284317,-44.41158,DEL01-MA,Risco Baixo,Baixa
domingo,BR-146,518.8,Pleno dia,Crescente,Céu Claro,Simples,Reta,-21.80787,-46.48065,DEL16-MG,Risco Baixo,Baixa
quinta-feira,BR-476,220.7,Amanhecer,Decrescente,Nublado,Simples,Reta,-25.77931,-49.79785,DEL02-PR,Risco Alto,Baixa
domingo,BR-476,94.0,Plena Noite,Crescente,Nublado,Simples,Reta,-25.21724,-49.11478,DEL01-PR,Risco Médio,Baixa
domingo,BR-369,193.0,Plena Noite,Decrescente,Céu Claro,Dupla,Reta,-23.48861,-51.42305,DEL07-PR,Risco Baixo,Baixa
terça-feira,BR-277,123.0,Amanhecer,Decrescente,Nevoeiro/Neblina,Dupla,Não Informado,-25.43258,-49.36978,DEL03-PR,Risco Baixo,Média
sexta-feira,BR-235,3.2,Plena Noite,Crescente,Nublado,Dupla,Reta,-10.906,-37.10381,DEL01-SE,Risco Médio,Baixa
sábado,BR-116,253.6,Pleno dia,Decrescente,Chuva,Dupla,Curva,-22.62454,-43.91765,DEL07-RJ,Risco Médio,Alta
domingo,BR-116,518.7,Plena Noite,Crescente,Céu Claro,Simples,Reta,-31.68674,-52.34793,DEL07-RS,Risco Médio,Alta
segunda-feira,BR-277,659.5,Amanhecer,Crescente,Céu Claro,Dupla,Não Informado,-25.25031,-53.98362,DEL05-PR,Risco Médio,Média
sexta-feira,BR-116,245.2,Amanhecer,Decrescente,Céu Claro,Dupla,Curva,-22.62041,-43.92594,DEL07-RJ,Risco Médio,Alta
quinta-feira,BR-163,636.9,Pleno dia,Decrescente,Nublado,Simples,Reta,-13.59342,-56.03112,DEL01-MT,Risco Alto,Alta
sexta-feira,BR-101,415.5,Plena Noite,Crescente,Nublado,Simples,Reta,-20.9469,-41.08919,DEL03-ES,Risco Médio,Alta
segunda-feira,BR-110,365.0,Plena Noite,Decrescente,Céu Claro,Simples,Reta,-12.40218,-38.38093,DEL01-BA,Risco Médio,Baixa
sexta-feira,BR-381,527.7,Plena Noite,Decrescente,Céu Claro,Dupla,Curva,-20.167,-44.3321,DEL04-MG,Risco Baixo,Alta
domingo,BR-365,622.0,Amanhecer,Decrescente,Céu Claro,Múltipla,Reta,-18.90434,-48.34431,DEL15-MG,Risco Médio,Média
sábado,BR-40,800.3,Amanhecer,Crescente,Garoa/Chuvisco,Dupla,Não Informado,-21.83023,-43.37334,DEL05-MG,Risco Médio,Alta
quinta-feira,BR-282,1.9,Pleno dia,Decrescente,Céu Claro,Dupla,Reta,-27.60296,-48.58051,DEL01-SC,Risco Médio,Baixa
sábado,BR-101,449.0,Pleno dia,Decrescente,Céu Claro,Simples,Não Informado,-14.35354,-39.31664,DEL05-BA,Risco Médio,Alta
quarta-feira,BR-40,5.8,Pleno dia,Crescente,Chuva,Simples,Não Informado,-17.06113,-47.12252,DEL14-MG,Risco Médio,Alta
segunda-feira,BR-101,141.0,Plena Noite,Crescente,Céu Claro,Dupla,Interseção de vias,-19.32656,-40.07192,DEL04-ES,Risco Médio,Alta
sexta-feira,BR-428,189.5,Pleno dia,Decrescente,Céu Claro,Dupla,Interseção de vias,-9.371975,-40.4868,DEL06-PE,Risco Médio,Baixa
sábado,BR-116,155.8,Plena Noite,Decrescente,Céu Claro,Múltipla,Reta,-23.24524,-45.92773,DEL02-SP,Risco Alto,Alta
quarta-feira,BR-376,3.5,Plena Noite,Decrescente,Céu Claro,Simples,Interseção de vias,-23.54797,-51.67126,DEL07-PR,Risco Médio,Baixa
quinta-feira,BR-153,104.0,Pleno dia,Crescente,Nublado,Simples,Curva,-27.27451,-51.96485,DEL07-SC,Risco Médio,Alta
sexta-feira,BR-116,151.0,Plena Noite,Crescente,Céu Claro,Dupla,Reta,-23.21981,-45.89992,DEL02-SP,Risco Médio,Alta
terça-feira,BR-101,123.0,Pleno dia,Crescente,Sol,Dupla,Reta,-26.93669,-48.69877,DEL04-SC,Risco Médio,Alta
domingo,BR-365,644.0,Anoitecer,Decrescente,Nublado,Dupla,Reta,-18.8885,-48.4454,DEL15-MG,Risco Médio,Média
sexta-feira,BR-101,307.6,Pleno dia,Crescente,Céu Claro,Dupla,Reta,-22.79116,-43.01514,DEL02-RJ,Risco Médio,Alta
quarta-feira,BR-230,120.0,Plena Noite,Decrescente,Nublado,Dupla,Reta,-7.2436,-35.6395,DEL02-PB,Risco Médio,Baixa
quinta-feira,BR-415,50.5,Plena Noite,Crescente,Nublado,Simples,Reta,-14.83,-39.3179,DEL05-BA,Risco Médio,Baixa
sábado,BR-424,69.0,Plena Noite,Decrescente,Céu Claro,Simples,Reta,-8.773986,-36.62798,DEL03-PE,Risco Baixo,Baixa
sexta-feira,BR-304,305.5,Anoitecer,Decrescente,Céu Claro,Dupla,Não Informado,-5.88624,-35.27602,DEL01-RN,Risco Médio,Baixa
sábado,BR-381,361.0,Pleno dia,Crescente,Chuva,Simples,Curva,-19.85881,-43.23411,DEL03-MG,Risco Médio,Alta
sábado,BR-230,501.0,Plena Noite,Crescente,Nublado,Simples,Reta,-6.899,-38.5159,DEL03-PB,Risco Médio,Baixa