dia_semana,br,km,fase_dia,sentido_via,condicao_metereologica,tipo_pista,tracado_via,latitude,longitude,delegacia,classificacao_acidente,postos_policiais_PRF
domingo,BR-304,197.0,Pleno dia,Decrescente,Céu Claro,Simples,Reta,-5.7126,-36.1946,DEL01-RN,Risco Baixo,Baixa
sábado,BR-343,338.5,Plena Noite,Crescente,Nublado,Simples,Curva,-5.065665,-42.72918,DEL01-PI,Risco Baixo,Baixa
sexta-feira,BR-116,196.0,Plena Noite,Decrescente,Nublado,Múltipla,Reta,-23.39406,-46.28731,DEL01-SP,Risco Baixo,Alta
sábado,BR-101,262.0,Pleno dia,Crescente,Chuva,Dupla,Curva,-22.71322,-42.61921,DEL02-RJ,Risco Médio,Alta
quinta-feira,BR-116,6.0,Pleno dia,Crescente,Chuva,Múltipla,Reta,-3.802624,-38.504,DEL01-CE,Risco Médio,Alta
quinta-feira,BR-101,62.5,Pleno dia,Decrescente,Céu Claro,Simples,Reta,-21.73829,-41.32705,DEL08-RJ,Risco Médio,Alta
quinta-feira,BR-376,668.9,Pleno dia,Crescente,Chuva,Dupla,Não Informado,-25.87567,-48.93621,DEL01-PR,Risco Médio,Baixa
segunda-feira,BR-10,291.0,Pleno dia,Decrescente,Céu Claro,Simples,Reta,-5.189614,-47.52228,DEL04-MA,Risco Médio,Baixa
domingo,BR-262,367.8,Plena Noite,Crescente,Nublado,Dupla,Reta,-19.97391,-44.27096,DEL01-MG,Risco Médio,Média
domingo,BR-381,817.5,Pleno dia,Crescente,Chuva,Dupla,Reta,-22.0484,-45.69155,DEL16-MG,Risco Médio,Alta
quarta-feira,BR-364,116.8,Pleno dia,Crescente,Céu Claro,Simples,Reta,-16.86401,-53.87208,DEL02-MT,Risco Médio,Alta
sexta-feira,BR-381,540.2,Plena Noite,Crescente,Céu Claro,Dupla,Não Informado,-20.25146,-44.41136,DEL04-MG,Risco Médio,Alta
segunda-feira,BR-101,127.4,Plena Noite,Crescente,Nublado,Dupla,Reta,-26.96393,-48.68328,DEL04-SC,Risco Médio,Alta
segunda-feira,BR-316,350.0,Pleno dia,Decrescente,Céu Claro,Simples,Reta,-8.870167,-38.29766,DEL04-PE,Risco Baixo,Baixa
sexta-feira,BR-470,71.0,Plena Noite,Crescente,Céu Claro,Simples,Rotatória,-26.8833,-49.24693,DEL04-SC,Risco Médio,Baixa
quarta-feira,BR-232,197.0,Pleno dia,Crescente,Céu Claro,Simples,Reta,-8.368918,-36.58036,DEL03-PE,Risco Alto,Baixa
terça-feira,BR-116,113.3,Plena Noite,Crescente,Nublado,Dupla,Reta,-25.54798,-49.28729,DEL01-PR,Risco Médio,Alta
segunda-feira,BR-116,239.0,Pleno dia,Decrescente,Céu Claro,Simples,Não Informado,-27.7492,-50.33493,DEL05-SC,Risco Médio,Alta
domingo,BR-381,23.0,Pleno dia,Crescente,Céu Claro,Dupla,Reta,-23.00476,-46.52062,DEL03-SP,Risco Médio,Alta
sexta-feira,BR-267,482.1,Pleno dia,Crescente,Céu Claro,Simples,Reta,-21.48184,-56.14962,DEL05-MS,Risco Médio,Baixa
terça-feira,BR-324,613.8,Plena Noite,Decrescente,Nublado,Dupla,Reta,-12.86287,-38.42142,DEL01-BA,Risco Médio,Baixa
sexta-feira,BR-20,75.0,Pleno dia,Crescente,Chuva,Simples,Reta,-15.12822,-47.12656,DEL02-DF,Risco Alto,Baixa
segunda-feira,BR-476,139.0,Pleno dia,Decrescente,Nublado,Múltipla,Reta,-25.43196,-49.24347,DEL01-PR,Risco Médio,Baixa
segunda-feira,BR-101,484.5,Plena Noite,Decrescente,Céu Claro,Simples,Interseção de vias,-22.99096,-44.3043,DEL03-RJ,Risco Baixo,Alta
segunda-feira,BR-153,77.9,Pleno dia,Crescente,Céu Claro,Simples,Não Informado,-20.90272,-49.45573,DEL09-SP,Risco Médio,Alta
sexta-feira,BR-40,510.0,Pleno dia,Decrescente,Céu Claro,Dupla,Reta,-19.77464,-44.12322,DEL01-MG,Risco Médio,Alta
segunda-feira,BR-493,123.0,Pleno dia,Crescente,Céu Claro,Dupla,Curva,-22.9008,-43.8231,DEL03-RJ,Risco Baixo,Baixa
terça-feira,BR-277,219.0,Plena Noite,Crescente,Céu Claro,Simples,Curva,-25.46667,-50.36875,DEL03-PR,Risco Alto,Média
sábado,BR-163,77.0,Plena Noite,Decrescente,Ignorado,Dupla,Não Informado,-23.4832,-54.18609,DEL09-MS,Risco Baixo,Alta
terça-feira,BR-101,713.0,Pleno dia,Decrescente,Nublado,Simples,Não Informado,-16.3237,-39.588,DEL09-BA,Risco Médio,Alta
domingo,BR-101,315.4,Pleno dia,Crescente,Sol,Múltipla,Curva,-28.42556,-48.85362,DEL02-SC,Risco Médio,Alta
terça-feira,BR-158,127.3,Plena Noite,Crescente,Garoa/Chuvisco,Simples,Reta,-27.05707,-53.22764,DEL07-SC,Risco Médio,Baixa
segunda-feira,BR-101,174.0,Plena Noite,Crescente,Céu Claro,Simples,Não Informado,-19.58047,-40.18782,DEL04-ES,Risco Médio,Alta
quarta-feira,BR-364,204.0,Pleno dia,Decrescente,Céu Claro,Dupla,Não Informado,-16.46732,-54.6572,DEL02-MT,Risco Médio,Alta
terça-feira,BR-101,270.8,Pleno dia,Decrescente,Chuva,Múltipla,Reta,-20.22662,-40.27075,DEL02-ES,Risco Médio,Alta
quarta-feira,BR-226,305.7,Plena Noite,Crescente,Céu Claro,Simples,Reta,-5.475858,-45.27913,DEL03-MA,Risco Alto,Baixa
segunda-feira,BR-381,535.0,Pleno dia,Crescente,Chuva,Simples,Curva,-20.21568,-44.3936,DEL04-MG,Risco Baixo,Alta
sexta-feira,BR-40,123.9,Pleno dia,Crescente,Céu Claro,Múltipla,Reta,-22.80787,-43.28912,DEL01-RJ,Risco Médio,Alta
quarta-feira,BR-116,208.5,Plena Noite,Decrescente,Nublado,Simples,Reta,-26.07336,-49.74366,DEL06-SC,Risco Médio,Alta
terça-feira,BR-101,335.5,Pleno dia,Crescente,Chuva,Dupla,Não Informado,-28.46927,-49.01558,DEL02-SC,Risco Baixo,Alta
domingo,BR-101,350.8,Amanhecer,Crescente,Céu Claro,Dupla,Reta,-28.59493,-49.04806,DEL02-SC,Risco Baixo,Alta
terça-feira,BR-163,37.7,Pleno dia,Crescente,Chuva,Dupla,Curva,-17.18469,-54.76107,DEL02-MT,Risco Baixo,Alta
sexta-feira,BR-470,86.0,Pleno dia,Crescente,Céu Claro,Simples,Curva,-26.94995,-49.3573,DEL04-SC,Risco Médio,Baixa
quarta-feira,BR-425,127.0,Anoitecer,Decrescente,Céu Claro,Simples,Reta,-10.63879,-65.29612,DEL01-RO,Risco Médio,Baixa
domingo,BR-381,270.0,Pleno dia,Crescente,Céu Claro,Simples,Reta,-19.5238,-42.66367,DEL03-MG,Risco Médio,Alta
quarta-feira,BR-470,66.9,Pleno dia,Crescente,Céu Claro,Simples,Reta,-26.87041,-49.22184,DEL04-SC,Risco Médio,Baixa
sábado,BR-101,204.1,Pleno dia,Decrescente,Nublado,Múltipla,Reta,-27.57413,-48.61363,DEL01-SC,Risco Baixo,Alta
sexta-feira,BR-153,211.0,Pleno dia,Crescente,Céu Claro,Simples,Curva,-24.69288,-50.4409,DEL03-PR,Risco Baixo,Alta
quinta-feira,BR-116,3.0,Plena Noite,Crescente,Céu Claro,Simples,Viaduto,-3.7874,-38.5109,DEL01-CE,Risco Baixo,Alta
sábado,BR-376,130.9,Plena Noite,Crescente,Céu Claro,Dupla,Não Informado,-23.17505,-52.23424,DEL09-PR,Risco Alto,Baixa
terça-feira,BR-116,246.8,Pleno dia,Decrescente,Sol,Simples,Não Informado,-27.8042,-50.36509,DEL05-SC,Risco Médio,Alta
segunda-feira,BR-116,224.0,Plena Noite,Crescente,Céu Claro,Dupla,Reta,-23.46326,-46.53373,DEL01-SP,Risco Baixo,Alta
domingo,BR-381,788.0,Plena Noite,Decrescente,Céu Claro,Dupla,Reta,-21.86501,-45.53349,DEL16-MG,Risco Baixo,Alta
quarta-feira,BR-40,109.0,Pleno dia,Decrescente,Céu Claro,Dupla,Curva,-22.67375,-43.28638,DEL01-RJ,Risco Médio,Alta
domingo,BR-393,7.0,Pleno dia,Decrescente,Céu Claro,Simples,Curva,-20.82492,-41.21701,DEL03-ES,Risco Médio,Média
sábado,BR-70,9.8,Pleno dia,Crescente,Céu Claro,Dupla,Reta,-15.78616,-48.13736,DEL01-DF,Risco Médio,Baixa
segunda-feira,BR-116,302.0,Pleno dia,Decrescente,Nublado,Dupla,Reta,-30.1397,-51.35943,DEL02-RS,Risco Médio,Alta
domingo,BR-116,254.4,Plena Noite,Crescente,Céu Claro,Dupla,Reta,-22.5826,-44.0405,DEL07-RJ,Risco Médio,Alta
quinta-feira,BR-116,218.5,Pleno dia,Decrescente,Céu Claro,Simples,Reta,-27.57163,-50.37287,DEL05-SC,Risco Médio,Alta
sábado,BR-476,124.0,Pleno dia,Decrescente,Céu Claro,Dupla,Não Informado,-25.39984,-49.21585,DEL01-PR,Risco Baixo,Baixa
sábado,BR-153,497.8,Pleno dia,Crescente,Céu Claro,Simples,Reta,-10.18184,-48.88032,DEL02-TO,Risco Médio,Alta
domingo,BR-101,206.0,Pleno dia,Decrescente,Nublado,Simples,Reta,-27.59194,-48.61825,DEL01-SC,Risco Médio,Alta
sábado,BR-101,206.0,Plena Noite,Crescente,Céu Claro,Múltipla,Reta,-27.59194,-48.61825,DEL01-SC,Risco Médio,Alta
sexta-feira,BR-101,54.5,Pleno dia,Crescente,Sol,Dupla,Reta,-7.97597,-34.94213,DEL01-PE,Risco Médio,Alta
quarta-feira,BR-470,221.0,Pleno dia,Crescente,Céu Claro,Simples,Retorno Regulamentado,-29.20322,-51.51813,DEL06-RS,Risco Médio,Baixa
sexta-feira,BR-50,71.0,Pleno dia,Decrescente,Nublado,Dupla,Reta,-18.90192,-48.23897,DEL15-MG,Risco Médio,Média
sexta-feira,BR-356,266.0,Plena Noite,Decrescente,Céu Claro,Simples,Reta,-21.12823,-42.35802,DEL07-MG,Risco Médio,Baixa
domingo,BR-364,709.0,Pleno dia,Crescente,Nublado,Dupla,Reta,-8.790938,-63.84896,DEL01-RO,Risco Médio,Alta
domingo,BR-40,33.8,Plena Noite,Crescente,Nublado,Dupla,Curva,-16.30663,-47.8433,DEL01-DF,Risco Alto,Alta
sábado,BR-277,67.5,Plena Noite,Decrescente,Céu Claro,Dupla,Reta,-25.52647,-49.09404,DEL01-PR,Risco Médio,Média
sábado,BR-163,829.0,Pleno dia,Crescente,Nublado,Dupla,Rotatória,-11.91335,-55.50877,DEL06-MT,Risco Médio,Alta
segunda-feira,BR-393,120.0,Pleno dia,Crescente,Céu Claro,Simples,Reta,-21.9423,-42.8188,DEL06-RJ,Risco Baixo,Média
domingo,BR-330,761.9,Plena Noite,Crescente,Céu Claro,Simples,Curva,-13.9903,-39.8924,DEL03-BA,Risco Médio,Baixa
quinta-feira,BR-364,344.0,Plena Noite,Crescente,Céu Claro,Dupla,Interseção de vias,-10.8744,-61.9516,DEL02-RO,Risco Médio,Alta
quinta-feira,BR-408,100.7,Pleno dia,Decrescente,Sol,Múltipla,Não Informado,-8.043641,-35.01675,DEL01-PE,Risco Baixo,Baixa
quarta-feira,BR-101,87.0,Pleno dia,Crescente,Chuva,Dupla,Reta,-21.82628,-41.49643,DEL08-RJ,Risco Médio,Alta
terça-feira,BR-50,19.5,Pleno dia,Decrescente,Céu Claro,Dupla,Reta,-18.57876,-48.0601,DEL15-MG,Risco Médio,Média
quinta-feira,BR-277,1.7,Plena Noite,Crescente,Céu Claro,Dupla,Rotatória,-25.49145,-54.583,DEL05-PR,Risco Médio,Média
sexta-feira,BR-381,864.5,Pleno dia,Crescente,Sol,Dupla,Não Informado,-22.34489,-45.92662,DEL16-MG,Risco Baixo,Alta
domingo,BR-230,157.0,Pleno dia,Crescente,Céu Claro,Simples,Reta,-7.264,-35.9199,DEL02-PB,Risco Médio,Baixa
quarta-feira,BR-282,403.2,Pleno dia,Decrescente,Céu Claro,Simples,Curva,-27.10893,-51.63584,DEL07-SC,Risco Médio,Baixa
segunda-feira,BR-381,164.0,Plena Noite,Crescente,Nublado,Simples,Não Informado,-18.9142,-42.01077,DEL06-MG,Risco Médio,Alta
sábado,BR-101,101.0,Pleno dia,Crescente,Céu Claro,Dupla,Reta,-7.275439,-34.93843,DEL01-PB,Risco Baixo,Alta
segunda-feira,BR-415,58.0,Plena Noite,Decrescente,Céu Claro,Simples,Curva,-14.8492,-39.38443,DEL05-BA,Risco Médio,Baixa
sábado,BR-60,2.0,Plena Noite,Crescente,Chuva,Dupla,Reta,-15.88738,-48.07799,DEL01-DF,Risco Médio,Média
domingo,BR-116,220.0,Anoitecer,Decrescente,Chuva,Simples,Curva,-22.67421,-43.81742,DEL07-RJ,Risco Baixo,Alta
quinta-feira,BR-116,67.0,Pleno dia,Decrescente,Sol,Simples,Reta,-25.3168,-49.01855,DEL01-PR,Risco Médio,Alta
segunda-feira,BR-101,213.0,Pleno dia,Crescente,Céu Claro,Múltipla,Interseção de vias,-27.63697,-48.66514,DEL01-SC,Risco Médio,Alta
segunda-feira,BR-452,138.0,Pleno dia,Crescente,Céu Claro,Dupla,Não Informado,-18.25548,-49.67729,DEL03-GO,Risco Médio,Baixa
sábado,BR-101,49.2,Amanhecer,Decrescente,Chuva,Dupla,Reta,-26.3648,-48.85879,DEL03-SC,Risco Médio,Alta
sexta-feira,BR-20,6.1,Pleno dia,Decrescente,Sol,Simples,Não Informado,-15.54921,-47.30023,DEL02-DF,Risco Médio,Baixa
quinta-feira,BR-116,719.7,Plena Noite,Decrescente,Céu Claro,Simples,Reta,-15.58911,-41.28071,DEL08-BA,Risco Médio,Alta
domingo,BR-262,450.0,Plena Noite,Decrescente,Vento,Simples,Reta,-19.86373,-44.99797,DEL08-MG,Risco Médio,Média
domingo,BR-262,575.0,Pleno dia,Decrescente,Sol,Simples,Curva,-19.69297,-46.03638,DEL08-MG,Risco Médio,Média
quinta-feira,BR-376,179.0,Pleno dia,Crescente,Céu Claro,Dupla,Reta,-23.42244,-51.9036,DEL07-PR,Risco Médio,Baixa
quinta-feira,BR-222,81.0,Plena Noite,Decrescente,Nublado,Simples,Reta,-3.675722,-39.2683,DEL04-CE,Risco Alto,Baixa
sexta-feira,BR-116,132.0,Pleno dia,Crescente,Céu Claro,Simples,Curva,-22.65703,-43.1346,DEL04-RJ,Risco Médio,Alta
segunda-feira,BR-282,635.4,Pleno dia,Crescente,Céu Claro,Simples,Não Informado,-26.81553,-53.43089,DEL07-SC,Risco Médio,Baixa
domingo,BR-153,504.9,Plena Noite,Crescente,Céu Claro,Dupla,Reta,-16.74425,-49.24102,DEL01-GO,Risco Baixo,Alta
terça-feira,BR-153,136.0,Anoitecer,Crescente,Céu Claro,Simples,Curva,-24.04806,-50.24743,DEL07-PR,Risco Médio,Alta
quinta-feira,BR-101,321.0,Pleno dia,Crescente,Céu Claro,Dupla,Reta,-22.86985,-43.11046,DEL02-RJ,Risco Médio,Alta
domingo,BR-316,1.0,Pleno dia,Decrescente,Nublado,Dupla,Rotatória,-5.128619,-42.80707,DEL01-PI,Risco Médio,Baixa
terça-feira,BR-319,61.0,Pleno dia,Decrescente,Céu Claro,Múltipla,Reta,-8.740637,-63.88974,DEL01-RO,Risco Médio,Baixa
sexta-feira,BR-319,61.0,Plena Noite,Crescente,Céu Claro,Dupla,Retorno Regulamentado,-8.74155,-63.8898,DEL01-RO,Risco Médio,Baixa
quinta-feira,BR-470,177.0,Anoitecer,Decrescente,Garoa/Chuvisco,Simples,Reta,-28.93915,-51.54592,DEL06-RS,Risco Baixo,Baixa
segunda-feira,BR-280,235.6,Pleno dia,Crescente,Chuva,Simples,Interseção de vias,-26.1777,-50.39043,DEL06-SC,Risco Médio,Baixa
segunda-feira,BR-101,647.0,Plena Noite,Decrescente,Céu Claro,Simples,Curva,-15.8416,-39.5257,DEL05-BA,Risco Baixo,Alta
quinta-feira,BR-364,289.0,Pleno dia,Decrescente,Céu Claro,Dupla,Curva,-15.90641,-55.08299,DEL05-MT,Risco Médio,Alta
quarta-feira,BR-40,806.1,Plena Noite,Decrescente,Ignorado,Dupla,Reta,-21.86688,-43.35851,DEL05-MG,Risco Baixo,Alta
sábado,BR-101,184.0,Amanhecer,Crescente,Céu Claro,Dupla,Reta,-27.4169,-48.62655,DEL01-SC,Risco Baixo,Alta
quarta-feira,BR-262,119.1,Pleno dia,Crescente,Nublado,Simples,Curva,-20.30782,-41.23182,DEL01-ES,Risco Alto,Média
segunda-feira,BR-381,479.0,Pleno dia,Decrescente,Chuva,Dupla,Curva,-19.9641,-44.0439,DEL01-MG,Risco Médio,Alta
domingo,BR-101,178.0,Plena Noite,Decrescente,Garoa/Chuvisco,Dupla,Reta,-27.36408,-48.63391,DEL01-SC,Risco Baixo,Alta
segunda-feira,BR-50,280.6,Pleno dia,Crescente,Céu Claro,Dupla,Reta,-18.1784,-47.9362,DEL06-GO,Risco Médio,Média
segunda-feira,BR-343,1.8,Plena Noite,Decrescente,Céu Claro,Múltipla,Retorno Regulamentado,-5.089569,-42.80229,DEL01-PI,Risco Médio,Baixa
domingo,BR-50,180.0,Pleno dia,Crescente,Céu Claro,Dupla,Reta,-19.77708,-47.92327,DEL13-MG,Risco Médio,Média
sexta-feira,BR-376,535.8,Plena Noite,Decrescente,Céu Claro,Dupla,Não Informado,-25.38045,-49.80922,DEL03-PR,Risco Médio,Baixa
segunda-feira,BR-230,18.0,Pleno dia,Decrescente,Céu Claro,Dupla,Desvio Temporário,-7.1198,-34.8453,DEL01-PB,Risco Médio,Baixa
quinta-feira,BR-476,139.0,Pleno dia,Crescente,Céu Claro,Múltipla,Reta,-25.51284,-49.28926,DEL01-PR,Risco Baixo,Baixa
domingo,BR-101,73.0,Pleno dia,Decrescente,Céu Claro,Dupla,Não Informado,-8.093369,-34.94746,DEL01-PE,Risco Baixo,Alta
domingo,BR-282,516.6,Plena Noite,Crescente,Céu Claro,Simples,Curva,-26.93637,-52.49884,DEL07-SC,Risco Médio,Baixa
terça-feira,BR-101,136.0,Pleno dia,Crescente,Sol,Simples,Reta,-27.0158,-48.6117,DEL04-SC,Risco Médio,Alta
segunda-feira,BR-116,97.5,Pleno dia,Crescente,Céu Claro,Dupla,Reta,-22.9756,-45.45095,DEL06-SP,Risco Baixo,Alta
domingo,BR-393,146.0,Plena Noite,Crescente,Nublado,Simples,Curva,-22.0498,-43.0178,DEL06-RJ,Risco Médio,Média
sábado,BR-60,76.7,Pleno dia,Decrescente,Céu Claro,Dupla,Curva,-16.28791,-48.79735,DEL02-GO,Risco Médio,Média
terça-feira,BR-432,209.0,Plena Noite,Crescente,Nublado,Simples,Reta,2.762605,-60.60885,DEL01-RR,Risco Médio,Baixa
sexta-feira,BR-153,588.7,Plena Noite,Crescente,Céu Claro,Dupla,Reta,-17.4509,-49.2274,DEL03-GO,Risco Médio,Alta
sábado,BR-116,653.5,Anoitecer,Decrescente,Chuva,Simples,Curva,-20.74346,-42.28633,DEL07-MG,Risco Médio,Alta
sábado,BR-282,19.0,Plena Noite,Decrescente,Céu Claro,Simples,Reta,-27.67863,-48.70192,DEL01-SC,Risco Médio,Baixa
sábado,BR-316,65.0,Plena Noite,Crescente,Chuva,Simples,Curva,-5.617171,-42.60352,DEL01-PI,Risco Médio,Baixa
quinta-feira,BR-50,67.9,Pleno dia,Crescente,Céu Claro,Dupla,Reta,-18.87853,-48.26182,DEL15-MG,Risco Médio,Média
segunda-feira,BR-280,51.4,Plena Noite,Crescente,Nublado,Simples,Rotatória,-26.46788,-48.96204,DEL03-SC,Risco Médio,Baixa
sábado,BR-20,6.0,Pleno dia,Crescente,Chuva,Dupla,Reta,-15.66409,-47.80344,DEL02-DF,Risco Médio,Baixa
segunda-feira,BR-101,389.2,Pleno dia,Crescente,Chuva,Simples,Curva,-20.86208,-40.88062,DEL03-ES,Risco Alto,Alta
sexta-feira,BR-277,1.0,Pleno dia,Decrescente,Nublado,Dupla,Reta,-25.55298,-48.55466,DEL01-PR,Risco Médio,Média
quinta-feira,BR-101,863.0,Pleno dia,Crescente,Céu Claro,Simples,Reta,-17.62123,-39.76606,DEL09-BA,Risco Médio,Alta
segunda-feira,BR-40,2.3,Pleno dia,Crescente,Céu Claro,Dupla,Reta,-16.0706,-47.98445,DEL01-DF,Risco Médio,Alta
terça-feira,BR-101,68.6,Anoitecer,Crescente,Nublado,Dupla,Reta,-26.49513,-48.73281,DEL03-SC,Risco Médio,Alta
sábado,BR-116,108.0,Pleno dia,Crescente,Céu Claro,Dupla,Reta,-23.02331,-45.53764,DEL08-SP,Risco Médio,Alta
sexta-feira,BR-116,215.0,Plena Noite,Decrescente,Céu Claro,Múltipla,Reta,-23.44696,-46.45394,DEL01-SP,Risco Baixo,Alta
quinta-feira,BR-381,529.5,Plena Noite,Decrescente,Céu Claro,Dupla,Curva,-20.1662,-44.36914,DEL04-MG,Risco Baixo,Alta
quinta-feira,BR-282,16.7,Pleno dia,Decrescente,Nublado,Simples,Reta,-27.65861,-48.68185,DEL01-SC,Risco Médio,Baixa
segunda-feira,BR-304,54.8,Plena Noite,Decrescente,Céu Claro,Simples,Reta,-5.282033,-37.29228,DEL04-RN,Risco Médio,Baixa
quarta-feira,BR-101,47.0,Pleno dia,Decrescente,Céu Claro,Simples,Interseção de vias,-21.6073,-41.3166,DEL08-RJ,Risco Médio,Alta
sábado,BR-101,214.5,Plena Noite,Decrescente,Nublado,Múltipla,Reta,-27.64443,-48.67057,DEL01-SC,Risco Médio,Alta
quinta-feira,BR-242,264.0,Anoitecer,Decrescente,Chuva,Simples,Curva,-12.46015,-40.5779,DEL06-BA,Risco Médio,Baixa
sábado,BR-262,381.5,Plena Noite,Crescente,Chuva,Dupla,Curva,-19.94062,-44.38697,DEL01-MG,Risco Baixo,Média
sábado,BR-116,25.0,Plena Noite,Crescente,Céu Claro,Simples,Reta,-15.87145,-41.43022,DEL08-BA,Risco Baixo,Alta
terça-feira,BR-262,580.0,Plena Noite,Crescente,Céu Claro,Simples,Interseção de vias,-19.6489,-46.07031,DEL08-MG,Risco Médio,Média
quarta-feira,BR-40,17.0,Pleno dia,Decrescente,Chuva,Dupla,Curva,-22.0864,-43.17655,DEL06-RJ,Risco Médio,Alta
quinta-feira,BR-116,416.0,Pleno dia,Crescente,Céu Claro,Simples,Não Informado,-18.89215,-41.947,DEL06-MG,Risco Médio,Alta
domingo,BR-40,134.4,Pleno dia,Crescente,Chuva,Simples,Reta,-16.93753,-47.32696,DEL01-DF,Risco Baixo,Alta
segunda-feira,BR-116,16.7,Pleno dia,Crescente,Chuva,Simples,Reta,-22.55854,-44.83349,DEL08-SP,Risco Médio,Alta
sexta-feira,BR-232,33.6,Pleno dia,Crescente,Nublado,Dupla,Reta,-8.106594,-35.18181,DEL01-PE,Risco Médio,Baixa
segunda-feira,BR-476,202.6,Pleno dia,Crescente,Céu Claro,Simples,Reta,-25.77705,-49.78069,DEL02-PR,Risco Médio,Baixa
sábado,BR-470,77.0,Plena Noite,Crescente,Garoa/Chuvisco,Simples,Reta,-26.92786,-49.28532,DEL04-SC,Risco Baixo,Baixa
domingo,BR-365,607.0,Plena Noite,Crescente,Céu Claro,Simples,Reta,-18.90502,-48.16467,DEL15-MG,Risco Baixo,Média
segunda-feira,BR-101,29.6,Anoitecer,Crescente,Céu Claro,Dupla,Reta,-7.729397,-34.94186,DEL01-PE,Risco Médio,Alta
sexta-feira,BR-116,477.0,Plena Noite,Crescente,Garoa/Chuvisco,Dupla,Reta,-24.69843,-48.00305,DEL05-SP,Risco Médio,Alta
terça-feira,BR-230,152.3,Pleno dia,Crescente,Garoa/Chuvisco,Simples,Não Informado,-7.2688,-35.8837,DEL02-PB,Risco Médio,Baixa
sábado,BR-376,157.8,Plena Noite,Crescente,Nublado,Dupla,Não Informado,-23.35065,-52.09134,DEL09-PR,Risco Baixo,Baixa
terça-feira,BR-116,430.0,Pleno dia,Decrescente,Céu Claro,Dupla,Reta,-24.40731,-47.74599,DEL05-SP,Risco Médio,Alta
segunda-feira,BR-369,152.0,Pleno dia,Crescente,Céu Claro,Dupla,Reta,-23.29272,-51.18406,DEL07-PR,Risco Médio,Baixa
quinta-feira,BR-226,289.6,Pleno dia,Crescente,Chuva,Simples,Desvio Temporário,-5.462038,-45.1702,DEL03-MA,Risco Médio,Baixa
quarta-feira,BR-40,279.0,Amanhecer,Crescente,Céu Claro,Simples,Não Informado,-18.22922,-45.21948,DEL14-MG,Risco Médio,Alta
sábado,BR-277,589.9,Pleno dia,Crescente,Céu Claro,Simples,Não Informado,-24.98149,-53.4567,DEL04-PR,Risco Médio,Média
quinta-feira,BR-280,45.5,Plena Noite,Crescente,Céu Claro,Simples,Reta,-26.45237,-48.89798,DEL03-SC,Risco Baixo,Baixa
sábado,BR-116,116.0,Pleno dia,Crescente,Céu Claro,Dupla,Curva,-22.66965,-43.8374,DEL04-RJ,Risco Alto,Alta
sábado,BR-163,0.0,Pleno dia,Crescente,Céu Claro,Simples,Rotatória,-26.2613,-53.6206,DEL07-SC,Risco Médio,Alta
terça-feira,BR-324,528.0,Plena Noite,Decrescente,Nublado,Dupla,Reta,-12.33732,-38.85658,DEL01-BA,Risco Médio,Baixa
terça-feira,BR-153,155.0,Pleno dia,Decrescente,Nublado,Simples,Reta,-21.46234,-49.78273,DEL07-SP,Risco Médio,Alta
domingo,BR-423,99.0,Pleno dia,Crescente,Chuva,Simples,Curva,-8.878288,-36.51306,DEL03-PE,Risco Baixo,Baixa
sexta-feira,BR-386,346.3,Pleno dia,Crescente,Céu Claro,Dupla,Curva,-29.45547,-51.95856,DEL04-RS,Risco Baixo,Média
domingo,BR-324,515.0,Plena Noite,Crescente,Céu Claro,Simples,Reta,-12.25047,-38.93342,DEL02-BA,Risco Baixo,Baixa
domingo,BR-116,64.8,Pleno dia,Crescente,Céu Claro,Simples,Reta,-4.292932,-38.49808,DEL03-CE,Risco Baixo,Alta
quarta-feira,BR-10,0.2,Plena Noite,Decrescente,Céu Claro,Simples,Não Informado,-4.443492,-47.53251,DEL02-PA,Risco Médio,Baixa
terça-feira,BR-364,399.0,Plena Noite,Decrescente,Céu Claro,Dupla,Não Informado,-15.65776,-55.98084,DEL01-MT,Risco Baixo,Alta
sexta-feira,BR-110,120.0,Pleno dia,Crescente,Céu Claro,Simples,Não Informado,-10.47161,-38.37765,DEL07-BA,Risco Baixo,Baixa
domingo,BR-40,521.0,Plena Noite,Crescente,Céu Claro,Dupla,Reta,-19.8602,-44.0715,DEL01-MG,Risco Médio,Alta
sábado,BR-101,447.9,Pleno dia,Crescente,Céu Claro,Simples,Curva,-20.92413,-41.07841,DEL03-ES,Risco Alto,Alta
quinta-feira,BR-163,285.0,Amanhecer,Crescente,Nublado,Simples,Desvio Temporário,-24.55628,-54.03857,DEL06-PR,Risco Médio,Alta
segunda-feira,BR-153,346.9,Anoitecer,Crescente,Céu Claro,Simples,Interseção de vias,-8.943845,-48.50359,DEL02-TO,Risco Médio,Alta
sexta-feira,BR-116,3.0,Pleno dia,Crescente,Sol,Dupla,Viaduto,-3.778665,-38.5149,DEL01-CE,Risco Alto,Alta
terça-feira,BR-40,757.0,Pleno dia,Decrescente,Céu Claro,Simples,Reta,-21.54158,-43.51165,DEL05-MG,Risco Médio,Alta
quarta-feira,BR-101,265.9,Pleno dia,Crescente,Nublado,Dupla,Reta,-20.18927,-40.26859,DEL02-ES,Risco Médio,Alta
domingo,BR-282,382.8,Plena Noite,Decrescente,Céu Claro,Simples,Não Informado,-27.19607,-51.50304,DEL07-SC,Risco Baixo,Baixa