dia_semana,br,km,fase_dia,sentido_via,condicao_metereologica,tipo_pista,tracado_via,latitude,longitude,delegacia,classificacao_acidente,postos_policiais_PRF
quarta-feira,BR-262,110.5,Pleno dia,Crescente,Céu Claro,Simples,Curva,-20.26912,-42.58859,DEL03-MG,Risco Alto,Média
sábado,BR-101,911.0,Plena Noite,Crescente,Nublado,Simples,Reta,-17.80942,-39.78356,DEL09-BA,Risco Médio,Alta
sexta-feira,BR-50,120.0,Pleno dia,Decrescente,Céu Claro,Dupla,Não Informado,-16.9309,-47.7117,DEL06-GO,Risco Baixo,Média
sábado,BR-101,303.0,Plena Noite,Decrescente,Nublado,Dupla,Reta,-22.78282,-42.97667,DEL02-RJ,Risco Médio,Alta
domingo,BR-277,36.0,Pleno dia,Crescente,Nublado,Dupla,Reta,-25.57341,-48.83097,DEL01-PR,Risco Baixo,Média
sexta-feira,BR-101,211.0,Pleno dia,Decrescente,Chuva,Simples,Reta,-27.62329,-48.65246,DEL01-SC,Risco Médio,Alta
segunda-feira,BR-324,616.0,Pleno dia,Decrescente,Sol,Simples,Reta,-12.87958,-38.43214,DEL01-BA,Risco Baixo,Baixa
segunda-feira,BR-476,127.0,Pleno dia,Crescente,Garoa/Chuvisco,Múltipla,Reta,-25.43342,-49.23207,DEL01-PR,Risco Médio,Baixa
quarta-feira,BR-163,80.6,Anoitecer,Decrescente,Céu Claro,Simples,Curva,-25.6932,-53.75919,DEL02-PR,Risco Médio,Alta
segunda-feira,BR-277,584.7,Pleno dia,Decrescente,Sol,Simples,Reta,-24.96684,-53.40258,DEL04-PR,Risco Médio,Média
quarta-feira,BR-153,50.0,Pleno dia,Crescente,Céu Claro,Simples,Interseção de vias,-27.65624,-52.27559,DEL08-RS,Risco Baixo,Alta
sexta-feira,BR-282,108.0,Plena Noite,Crescente,Chuva,Simples,Curva,-27.71078,-49.35623,DEL01-SC,Risco Médio,Baixa
sexta-feira,BR-101,306.0,Plena Noite,Crescente,Céu Claro,Dupla,Reta,-22.78914,-43.00551,DEL02-RJ,Risco Médio,Alta
domingo,BR-381,510.0,Plena Noite,Crescente,Céu Claro,Dupla,Reta,-20.07738,-44.30434,DEL01-MG,Risco Médio,Alta
terça-feira,BR-153,65.3,Pleno dia,Crescente,Sol,Simples,Reta,-13.38628,-49.12828,DEL07-GO,Risco Baixo,Alta
terça-feira,BR-163,605.0,Plena Noite,Crescente,Céu Claro,Simples,Reta,-13.86351,-56.08627,DEL01-MT,Risco Médio,Alta
terça-feira,BR-101,254.0,Pleno dia,Decrescente,Céu Claro,Dupla,Reta,-22.69224,-42.54961,DEL02-RJ,Risco Alto,Alta
sábado,BR-50,204.0,Plena Noite,Crescente,Céu Claro,Dupla,Reta,-19.92627,-47.82191,DEL13-MG,Risco Médio,Média
sexta-feira,BR-163,219.2,Plena Noite,Crescente,Nublado,Simples,Reta,-22.61211,-54.81628,DEL04-MS,Risco Médio,Alta
quarta-feira,BR-116,272.7,Plena Noite,Crescente,Nublado,Simples,Reta,-17.81944,-41.49991,DEL11-MG,Risco Médio,Alta
sábado,BR-232,128.0,Pleno dia,Crescente,Céu Claro,Dupla,Reta,-8.304803,-35.96853,DEL02-PE,Risco Médio,Baixa
sábado,BR-116,364.0,Pleno dia,Decrescente,Chuva,Dupla,Curva,-24.14675,-47.29683,DEL04-SP,Risco Médio,Alta
domingo,BR-381,334.0,Amanhecer,Crescente,Chuva,Dupla,Curva,-19.76709,-43.04709,DEL03-MG,Risco Médio,Alta
terça-feira,BR-230,20.5,Pleno dia,Crescente,Céu Claro,Dupla,Reta,-7.14297,-34.85162,DEL01-PB,Risco Baixo,Baixa
sexta-feira,BR-174,424.0,Plena Noite,Crescente,Céu Claro,Simples,Reta,-14.19267,-59.69371,DEL04-MT,Risco Médio,Baixa
domingo,BR-60,164.3,Plena Noite,Crescente,Céu Claro,Dupla,Reta,-16.70573,-49.34578,DEL01-GO,Risco Médio,Média
sábado,BR-116,73.3,Plena Noite,Crescente,Nublado,Dupla,Reta,-22.87183,-45.24792,DEL08-SP,Risco Médio,Alta
sexta-feira,BR-232,172.9,Plena Noite,Decrescente,Chuva,Simples,Reta,-8.338549,-36.36013,DEL02-PE,Risco Baixo,Baixa
sexta-feira,BR-40,356.6,Plena Noite,Decrescente,Céu Claro,Simples,Curva,-18.73128,-44.87431,DEL02-MG,Risco Médio,Alta
sexta-feira,BR-116,16.5,Pleno dia,Crescente,Sol,Simples,Reta,-14.90299,-40.84957,DEL08-BA,Risco Baixo,Alta
segunda-feira,BR-493,107.8,Plena Noite,Decrescente,Céu Claro,Dupla,Reta,-22.78797,-43.77244,DEL03-RJ,Risco Alto,Baixa
quinta-feira,BR-116,152.0,Anoitecer,Crescente,Nublado,Simples,Reta,-29.18293,-51.16802,DEL05-RS,Risco Médio,Alta
terça-feira,BR-70,2.9,Plena Noite,Crescente,Céu Claro,Dupla,Reta,-15.76396,-48.2317,DEL01-DF,Risco Médio,Baixa
sábado,BR-365,180.4,Plena Noite,Crescente,Céu Claro,Simples,Curva,-17.4075,-45.06794,DEL12-MG,Risco Médio,Média
quarta-feira,BR-376,3.9,Plena Noite,Crescente,Céu Claro,Simples,Interseção de vias,-23.52181,-51.67969,DEL07-PR,Risco Baixo,Baixa
sexta-feira,BR-381,821.3,Pleno dia,Decrescente,Céu Claro,Dupla,Reta,-22.11574,-45.75105,DEL16-MG,Risco Médio,Alta
sexta-feira,BR-104,31.0,Pleno dia,Decrescente,Céu Claro,Simples,Reta,-9.132361,-36.02734,DEL01-AL,Risco Médio,Baixa
sexta-feira,BR-287,253.0,Plena Noite,Crescente,Céu Claro,Dupla,Reta,-29.68806,-53.90069,DEL09-RS,Risco Médio,Baixa
domingo,BR-163,100.0,Pleno dia,Decrescente,Nublado,Simples,Curva,-26.47072,-53.50658,DEL07-SC,Risco Médio,Alta
sexta-feira,BR-101,213.0,Pleno dia,Crescente,Nublado,Dupla,Reta,-22.48306,-42.2204,DEL02-RJ,Risco Baixo,Alta
quinta-feira,BR-277,721.5,Anoitecer,Crescente,Céu Claro,Dupla,Não Informado,-25.49115,-54.51185,DEL05-PR,Risco Alto,Média
sábado,BR-50,65.0,Plena Noite,Decrescente,Céu Claro,Dupla,Desvio Temporário,-18.8514,-48.25346,DEL15-MG,Risco Médio,Média
quinta-feira,BR-40,62.0,Pleno dia,Decrescente,Céu Claro,Dupla,Curva,-22.41254,-43.1425,DEL06-RJ,Risco Médio,Alta
domingo,BR-408,74.4,Plena Noite,Decrescente,Céu Claro,Múltipla,Reta,-7.897017,-35.17301,DEL01-PE,Risco Médio,Baixa
quarta-feira,BR-376,3.0,Anoitecer,Decrescente,Céu Claro,Simples,Reta,-23.54797,-51.67126,DEL09-PR,Risco Médio,Baixa
domingo,BR-365,605.0,Pleno dia,Decrescente,Céu Claro,Simples,Reta,-18.89037,-48.12218,DEL15-MG,Risco Médio,Média
quarta-feira,BR-40,626.5,Pleno dia,Decrescente,Céu Claro,Simples,Reta,-20.62802,-43.80897,DEL05-MG,Risco Médio,Alta
sábado,BR-101,277.0,Pleno dia,Crescente,Céu Claro,Dupla,Reta,-22.71861,-42.62798,DEL02-RJ,Risco Baixo,Alta
sexta-feira,BR-50,29.5,Pleno dia,Crescente,Sol,Dupla,Curva,-18.62034,-48.11087,DEL15-MG,Risco Médio,Média
sábado,BR-153,703.0,Plena Noite,Decrescente,Céu Claro,Dupla,Reta,-18.41102,-49.19593,DEL03-GO,Risco Médio,Alta
quarta-feira,BR-101,142.0,Plena Noite,Crescente,Nublado,Dupla,Curva,-27.05609,-48.59945,DEL04-SC,Risco Baixo,Alta
quarta-feira,BR-40,117.0,Plena Noite,Crescente,Chuva,Dupla,Reta,-22.74568,-43.2881,DEL01-RJ,Risco Médio,Alta
terça-feira,BR-40,432.8,Pleno dia,Crescente,Céu Claro,Dupla,Reta,-19.21036,-44.46326,DEL02-MG,Risco Baixo,Alta
segunda-feira,BR-376,600.2,Pleno dia,Crescente,Nublado,Dupla,Reta,-25.53196,-49.32206,DEL01-PR,Risco Baixo,Baixa
sábado,BR-10,147.6,Plena Noite,Crescente,Céu Claro,Simples,Reta,-6.433941,-47.39713,DEL04-MA,Risco Baixo,Baixa
terça-feira,BR-101,253.0,Plena Noite,Decrescente,Garoa/Chuvisco,Simples,Não Informado,-12.89961,-39.2358,DEL01-BA,Risco Médio,Alta
quarta-feira,BR-222,219.8,Pleno dia,Decrescente,Céu Claro,Simples,Reta,-3.742766,-40.31366,DEL04-CE,Risco Médio,Baixa
domingo,BR-101,170.0,Pleno dia,Decrescente,Céu Claro,Dupla,Reta,-27.2967,-48.63148,DEL04-SC,Risco Médio,Alta
quarta-feira,BR-40,78.2,Pleno dia,Crescente,Céu Claro,Dupla,Curva,-22.48486,-43.22843,DEL06-RJ,Risco Médio,Alta
domingo,BR-116,66.9,Anoitecer,Crescente,Nublado,Dupla,Reta,-25.33497,-49.03489,DEL01-PR,Risco Baixo,Alta
quarta-feira,BR-174,1046.0,Plena Noite,Decrescente,Ignorado,Simples,Reta,-2.034824,-60.02544,DEL01-AM,Risco Baixo,Baixa
quinta-feira,BR-116,658.2,Pleno dia,Decrescente,Chuva,Simples,Curva,-13.73412,-40.09943,DEL03-BA,Risco Alto,Alta
sábado,BR-101,56.0,Plena Noite,Crescente,Céu Claro,Múltipla,Reta,-7.955451,-34.91141,DEL01-PE,Risco Alto,Alta
terça-feira,BR-470,2.0,Plena Noite,Decrescente,Céu Claro,Simples,Curva,-27.6776,-51.4579,DEL08-RS,Risco Médio,Baixa
domingo,BR-163,184.2,Pleno dia,Decrescente,Sol,Dupla,Reta,-25.14322,-53.58796,DEL04-PR,Risco Baixo,Alta
segunda-feira,BR-116,12.0,Pleno dia,Decrescente,Sol,Dupla,Reta,-3.851409,-38.49533,DEL01-CE,Risco Médio,Alta
terça-feira,BR-101,190.0,Pleno dia,Crescente,Céu Claro,Simples,Não Informado,-22.46341,-42.06588,DEL08-RJ,Risco Médio,Alta
quinta-feira,BR-70,93.0,Plena Noite,Decrescente,Nublado,Simples,Reta,-15.57303,-52.88482,DEL07-MT,Risco Alto,Baixa
quinta-feira,BR-40,495.5,Pleno dia,Decrescente,Nublado,Dupla,Não Informado,-19.66259,-44.19687,DEL02-MG,Risco Médio,Alta
sábado,BR-226,131.8,Plena Noite,Decrescente,Céu Claro,Simples,Não Informado,-6.218327,-36.16743,DEL03-RN,Risco Alto,Baixa
sexta-feira,BR-116,340.0,Plena Noite,Crescente,Céu Claro,Simples,Reta,-30.45499,-51.48925,DEL02-RS,Risco Alto,Alta
quinta-feira,BR-226,2.0,Amanhecer,Decrescente,Céu Claro,Simples,Não Informado,-5.813649,-35.24665,DEL01-RN,Risco Baixo,Baixa
segunda-feira,BR-116,216.0,Pleno dia,Crescente,Céu Claro,Múltipla,Não Informado,-23.453,-46.47,DEL01-SP,Risco Baixo,Alta
domingo,BR-465,21.0,Pleno dia,Crescente,Sol,Simples,Reta,-22.85806,-43.60185,DEL01-RJ,Risco Médio,Baixa
terça-feira,BR-470,175.8,Pleno dia,Crescente,Céu Claro,Simples,Reta,-27.25758,-49.93194,DEL04-SC,Risco Médio,Baixa
sábado,BR-110,366.0,Plena Noite,Decrescente,Chuva,Simples,Desvio Temporário,-12.40314,-38.38981,DEL01-BA,Risco Médio,Baixa
terça-feira,BR-381,706.0,Pleno dia,Crescente,Chuva,Dupla,Curva,-21.3317,-45.1704,DEL04-MG,Risco Baixo,Alta
sábado,BR-101,463.0,Pleno dia,Decrescente,Chuva,Dupla,Reta,-29.28444,-49.75615,DEL03-RS,Risco Baixo,Alta
quinta-feira,BR-364,707.0,Plena Noite,Crescente,Nublado,Múltipla,Reta,-8.800372,-63.83263,DEL01-RO,Risco Médio,Alta
terça-feira,BR-153,518.6,Pleno dia,Crescente,Sol,Dupla,Não Informado,-16.867,-49.2505,DEL01-GO,Risco Médio,Alta
sábado,BR-324,516.0,Plena Noite,Decrescente,Chuva,Simples,Reta,-12.24502,-38.93578,DEL02-BA,Risco Médio,Baixa
terça-feira,BR-101,739.1,Plena Noite,Decrescente,Nublado,Múltipla,Não Informado,-16.549,-39.56486,DEL09-BA,Risco Alto,Alta
quinta-feira,BR-116,15.0,Pleno dia,Crescente,Céu Claro,Dupla,Reta,-25.3848,-49.1711,DEL01-PR,Risco Médio,Alta
quarta-feira,BR-381,692.0,Pleno dia,Decrescente,Céu Claro,Dupla,Reta,-21.22096,-45.129,DEL04-MG,Risco Baixo,Alta
domingo,BR-163,750.0,Plena Noite,Crescente,Garoa/Chuvisco,Dupla,Retorno Regulamentado,-12.67194,-55.79367,DEL06-MT,Risco Médio,Alta
quinta-feira,BR-365,97.3,Amanhecer,Crescente,Céu Claro,Simples,Reta,-17.22012,-44.49877,DEL12-MG,Risco Alto,Média
sexta-feira,BR-116,268.0,Pleno dia,Crescente,Céu Claro,Dupla,Reta,-29.95043,-51.17653,DEL01-RS,Risco Médio,Alta
quarta-feira,BR-116,226.0,Pleno dia,Crescente,Céu Claro,Dupla,Curva,-22.66115,-43.83811,DEL07-RJ,Risco Baixo,Alta
sábado,BR-116,178.0,Plena Noite,Crescente,Nublado,Múltipla,Reta,-22.77496,-43.40081,DEL01-RJ,Risco Baixo,Alta
quarta-feira,BR-116,236.7,Plena Noite,Decrescente,Céu Claro,Dupla,Reta,-29.66939,-51.14305,DEL01-RS,Risco Médio,Alta
sábado,BR-376,333.0,Pleno dia,Decrescente,Nublado,Simples,Não Informado,-24.13507,-51.00438,DEL07-PR,Risco Baixo,Baixa
domingo,BR-364,966.0,Anoitecer,Crescente,Céu Claro,Simples,Reta,-9.648855,-65.689,DEL01-RO,Risco Alto,Alta
domingo,BR-116,118.0,Plena Noite,Crescente,Nublado,Dupla,Reta,-25.54657,-49.29174,DEL01-PR,Risco Médio,Alta
domingo,BR-163,878.0,Pleno dia,Crescente,Céu Claro,Simples,Não Informado,-3.415881,-54.91452,DEL05-PA,Risco Baixo,Alta
sexta-feira,BR-116,55.8,Pleno dia,Decrescente,Garoa/Chuvisco,Dupla,Reta,-22.76356,-45.12272,DEL08-SP,Risco Médio,Alta
quinta-feira,BR-163,485.0,Pleno dia,Crescente,Céu Claro,Simples,Reta,-20.44234,-54.54202,DEL01-MS,Risco Baixo,Alta
terça-feira,BR-393,168.0,Pleno dia,Decrescente,Céu Claro,Simples,Reta,-22.1275,-43.14702,DEL04-RJ,Risco Médio,Média
sexta-feira,BR-163,421.0,Plena Noite,Decrescente,Céu Claro,Simples,Reta,-20.9783,-54.50488,DEL01-MS,Risco Médio,Alta
quinta-feira,BR-267,206.9,Pleno dia,Crescente,Céu Claro,Simples,Reta,-21.59229,-54.019,DEL02-MS,Risco Médio,Baixa
quarta-feira,BR-319,62.0,Anoitecer,Crescente,Céu Claro,Dupla,Reta,-8.754639,-63.88711,DEL01-RO,Risco Médio,Baixa
sexta-feira,BR-386,360.9,Pleno dia,Decrescente,Chuva,Simples,Reta,-29.55435,-51.8989,DEL04-RS,Risco Alto,Média
sexta-feira,BR-376,176.8,Plena Noite,Crescente,Céu Claro,Dupla,Interseção de vias,-23.41262,-51.93244,DEL09-PR,Risco Médio,Baixa
segunda-feira,BR-101,401.0,Pleno dia,Decrescente,Sol,Simples,Curva,-20.88484,-40.98156,DEL03-ES,Risco Médio,Alta
terça-feira,BR-262,423.0,Pleno dia,Crescente,Céu Claro,Dupla,Reta,-19.88412,-44.73943,DEL08-MG,Risco Médio,Média
domingo,BR-101,267.0,Plena Noite,Decrescente,Céu Claro,Dupla,Reta,-22.70728,-42.66059,DEL02-RJ,Risco Médio,Alta
segunda-feira,BR-376,218.0,Pleno dia,Crescente,Céu Claro,Simples,Reta,-23.59671,-51.63603,DEL07-PR,Risco Médio,Baixa
domingo,BR-476,131.0,Pleno dia,Decrescente,Céu Claro,Simples,Reta,-25.45364,-49.24515,DEL01-PR,Risco Médio,Baixa
sexta-feira,BR-393,290.0,Pleno dia,Crescente,Céu Claro,Dupla,Reta,-22.51889,-44.11422,DEL05-RJ,Risco Médio,Média
segunda-feira,BR-282,221.0,Pleno dia,Crescente,Nevoeiro/Neblina,Simples,Não Informado,-27.79636,-50.34343,DEL05-SC,Risco Médio,Baixa
quarta-feira,BR-381,341.0,Plena Noite,Decrescente,Chuva,Simples,Reta,-19.83075,-43.09148,DEL03-MG,Risco Baixo,Alta
quinta-feira,BR-101,92.2,Pleno dia,Decrescente,Chuva,Dupla,Reta,-26.68714,-48.69549,DEL03-SC,Risco Médio,Alta
sexta-feira,BR-40,459.1,Pleno dia,Decrescente,Céu Claro,Múltipla,Reta,-19.0,-44.335,DEL02-MG,Risco Médio,Alta
sexta-feira,BR-116,146.7,Plena Noite,Decrescente,Céu Claro,Simples,Não Informado,-23.19453,-45.86967,DEL02-SP,Risco Médio,Alta
sexta-feira,BR-101,25.0,Pleno dia,Decrescente,Céu Claro,Simples,Reta,-26.18366,-48.91037,DEL03-SC,Risco Médio,Alta
segunda-feira,BR-153,278.4,Pleno dia,Decrescente,Nublado,Simples,Reta,-22.40332,-49.86187,DEL07-SP,Risco Médio,Alta
domingo,BR-116,215.4,Amanhecer,Crescente,Céu Claro,Múltipla,Reta,-23.44938,-46.46099,DEL01-SP,Risco Médio,Alta
segunda-feira,BR-158,316.0,Plena Noite,Crescente,Céu Claro,Simples,Curva,-29.65231,-53.76504,DEL09-RS,Risco Baixo,Baixa
quinta-feira,BR-101,16.0,Plena Noite,Decrescente,Chuva,Dupla,Não Informado,-26.11427,-48.87647,DEL03-SC,Risco Alto,Alta
quinta-feira,BR-116,499.4,Pleno dia,Crescente,Céu Claro,Simples,Reta,-7.43581,-38.97316,DEL05-CE,Risco Médio,Alta
domingo,BR-116,13.2,Anoitecer,Decrescente,Céu Claro,Múltipla,Reta,-3.863099,-38.49747,DEL01-CE,Risco Médio,Alta
domingo,BR-101,95.0,Plena Noite,Decrescente,Nublado,Dupla,Reta,-26.71371,-48.70277,DEL03-SC,Risco Médio,Alta
domingo,BR-376,313.7,Pleno dia,Crescente,Céu Claro,Dupla,Curva,-24.01071,-51.09287,DEL07-PR,Risco Médio,Baixa
sexta-feira,BR-101,505.0,Pleno dia,Crescente,Céu Claro,Simples,Reta,-22.93562,-44.39618,DEL03-RJ,Risco Médio,Alta
sexta-feira,BR-324,619.1,Pleno dia,Crescente,Céu Claro,Dupla,Reta,-12.89821,-38.45012,DEL01-BA,Risco Médio,Baixa
quinta-feira,BR-470,88.0,Pleno dia,Crescente,Sol,Simples,Interseção de vias,-26.94958,-49.35926,DEL04-SC,Risco Médio,Baixa
sexta-feira,BR-116,412.0,Pleno dia,Crescente,Céu Claro,Múltipla,Reta,-18.86882,-41.97144,DEL06-MG,Risco Médio,Alta
terça-feira,BR-40,661.0,Pleno dia,Crescente,Chuva,Simples,Curva,-20.8577,-43.8023,DEL05-MG,Risco Alto,Alta
quarta-feira,BR-381,61.0,Pleno dia,Crescente,Chuva,Dupla,Curva,-23.2906,-46.5799,DEL03-SP,Risco Baixo,Alta
sábado,BR-365,59.3,Pleno dia,Crescente,Chuva,Simples,Não Informado,-17.00314,-44.28816,DEL12-MG,Risco Alto,Média
segunda-feira,BR-116,183.0,Pleno dia,Decrescente,Céu Claro,Múltipla,Reta,-23.34888,-46.17092,DEL01-SP,Risco Médio,Alta
quarta-feira,BR-40,29.0,Pleno dia,Decrescente,Céu Claro,Simples,Reta,-16.27372,-47.87146,DEL01-DF,Risco Baixo,Alta
segunda-feira,BR-101,210.4,Plena Noite,Decrescente,Nublado,Múltipla,Reta,-27.61673,-48.64573,DEL01-SC,Risco Médio,Alta
sábado,BR-287,237.6,Pleno dia,Crescente,Céu Claro,Simples,Reta,-29.70769,-53.75405,DEL09-RS,Risco Médio,Baixa
sexta-feira,BR-101,43.8,Pleno dia,Decrescente,Chuva,Dupla,Curva,-9.186003,-35.78434,DEL01-AL,Risco Médio,Alta
terça-feira,BR-282,516.0,Pleno dia,Crescente,Céu Claro,Simples,Curva,-26.91679,-52.49336,DEL07-SC,Risco Médio,Baixa
segunda-feira,BR-262,3.7,Pleno dia,Crescente,Sol,Dupla,Não Informado,-20.33374,-40.36911,DEL01-ES,Risco Médio,Média
segunda-feira,BR-222,4.2,Pleno dia,Decrescente,Céu Claro,Dupla,Reta,-3.741648,-38.6045,DEL01-CE,Risco Médio,Baixa
quarta-feira,BR-70,159.4,Plena Noite,Decrescente,Céu Claro,Simples,Desvio Temporário,-15.90023,-49.52982,DEL02-GO,Risco Médio,Baixa
sábado,BR-392,101.8,Pleno dia,Decrescente,Garoa/Chuvisco,Simples,Reta,-31.53011,-52.58456,DEL07-RS,Risco Médio,Média
quarta-feira,BR-364,311.0,Plena Noite,Crescente,Céu Claro,Simples,Reta,-17.48241,-52.5615,DEL05-GO,Risco Alto,Alta
sábado,BR-316,0.9,Plena Noite,Crescente,Céu Claro,Dupla,Reta,-1.405913,-48.43406,DEL01-PA,Risco Baixo,Baixa
segunda-feira,BR-116,226.0,Pleno dia,Crescente,Sol,Múltipla,Reta,-23.49103,-46.54878,DEL01-SP,Risco Médio,Alta
sábado,BR-158,309.0,Plena Noite,Crescente,Nublado,Simples,Não Informado,-29.6039,-53.76635,DEL09-RS,Risco Baixo,Baixa
sábado,BR-354,705.3,Pleno dia,Crescente,Sol,Simples,Curva,-21.99435,-44.92661,DEL05-MG,Risco Médio,Baixa
sábado,BR-70,381.0,Pleno dia,Crescente,Céu Claro,Simples,Interseção de vias,-15.52082,-55.12451,DEL05-MT,Risco Médio,Baixa
quinta-feira,BR-101,319.0,Pleno dia,Decrescente,Céu Claro,Simples,Reta,-22.85412,-43.1018,DEL02-RJ,Risco Médio,Alta
quarta-feira,BR-101,701.0,Plena Noite,Decrescente,Céu Claro,Simples,Curva,-16.25452,-39.59749,DEL09-BA,Risco Médio,Alta
domingo,BR-381,489.1,Plena Noite,Crescente,Céu Claro,Múltipla,Não Informado,-19.9562,-44.13483,DEL01-MG,Risco Médio,Alta
sábado,BR-232,109.8,Plena Noite,Crescente,Céu Claro,Dupla,Curva,-8.280368,-35.81085,DEL02-PE,Risco Médio,Baixa
quarta-feira,BR-101,146.0,Plena Noite,Crescente,Céu Claro,Múltipla,Interseção de vias,-19.3942,-40.0655,DEL04-ES,Risco Médio,Alta
domingo,BR-381,80.1,Pleno dia,Crescente,Céu Claro,Dupla,Reta,-23.41514,-46.58111,DEL03-SP,Risco Baixo,Alta
domingo,BR-381,438.0,Pleno dia,Crescente,Céu Claro,Dupla,Curva,-19.80934,-43.77779,DEL01-MG,Risco Médio,Alta
domingo,BR-40,15.0,Pleno dia,Crescente,Céu Claro,Dupla,Reta,-16.1671,-47.93016,DEL01-DF,Risco Baixo,Alta
sábado,BR-381,159.0,Plena Noite,Decrescente,Céu Claro,Simples,Rotatória,-18.89207,-42.00484,DEL06-MG,Risco Médio,Alta
segunda-feira,BR-470,10.0,Anoitecer,Crescente,Céu Claro,Simples,Curva,-26.83965,-48.71618,DEL04-SC,Risco Baixo,Baixa
terça-feira,BR-101,178.0,Pleno dia,Crescente,Sol,Dupla,Curva,-8.621085,-35.55116,DEL01-PE,Risco Médio,Alta
quarta-feira,BR-101,329.0,Pleno dia,Decrescente,Céu Claro,Dupla,Reta,-28.45918,-48.98836,DEL02-SC,Risco Médio,Alta
sábado,BR-324,567.0,Anoitecer,Crescente,Céu Claro,Dupla,Reta,-12.53376,-38.59815,DEL01-BA,Risco Médio,Baixa
sábado,BR-290,88.0,Pleno dia,Decrescente,Céu Claro,Dupla,Reta,-29.96753,-51.13726,DEL01-RS,Risco Baixo,Baixa
sábado,BR-364,402.0,Plena Noite,Crescente,Céu Claro,Dupla,Reta,-15.66855,-55.95477,DEL02-MT,Risco Médio,Alta
sexta-feira,BR-393,283.0,Pleno dia,Crescente,Nublado,Simples,Reta,-22.47606,-44.04976,DEL05-RJ,Risco Médio,Média
quinta-feira,BR-163,12.3,Plena Noite,Decrescente,Garoa/Chuvisco,Simples,Não Informado,-23.96187,-54.32158,DEL09-MS,Risco Médio,Alta
sábado,BR-101,279.0,Pleno dia,Crescente,Céu Claro,Simples,Não Informado,-13.21709,-39.32424,DEL01-BA,Risco Médio,Alta
domingo,BR-116,222.0,Plena Noite,Crescente,Céu Claro,Simples,Reta,-10.58517,-38.98268,DEL07-BA,Risco Alto,Alta
sexta-feira,BR-376,546.5,Pleno dia,Decrescente,Céu Claro,Dupla,Não Informado,-25.39541,-49.79399,DEL01-PR,Risco Baixo,Baixa
terça-feira,BR-40,77.0,Plena Noite,Crescente,Céu Claro,Simples,Reta,-22.48006,-43.23544,DEL06-RJ,Risco Médio,Alta
domingo,BR-232,89.2,Plena Noite,Decrescente,Céu Claro,Dupla,Reta,-8.21664,-35.65056,DEL01-PE,Risco Baixo,Baixa
terça-feira,BR-101,70.8,Plena Noite,Decrescente,Céu Claro,Simples,Viaduto,-8.075226,-34.94043,DEL01-PE,Risco Alto,Alta
domingo,BR-116,177.0,Plena Noite,Crescente,Nublado,Múltipla,Reta,-22.75345,-43.43581,DEL01-RJ,Risco Médio,Alta
sexta-feira,BR-20,22.0,Plena Noite,Crescente,Céu Claro,Dupla,Retorno Regulamentado,-15.59834,-47.67619,DEL02-DF,Risco Baixo,Baixa
segunda-feira,BR-116,106.0,Pleno dia,Decrescente,Céu Claro,Simples,Interseção de vias,-22.55014,-42.9892,DEL04-RJ,Risco Médio,Alta
sábado,BR-163,718.9,Pleno dia,Decrescente,Nublado,Simples,Reta,-12.81925,-55.82773,DEL06-MT,Risco Baixo,Alta
terça-feira,BR-101,204.0,Pleno dia,Crescente,Sol,Dupla,Reta,-27.574,-48.6136,DEL01-SC,Risco Médio,Alta
quinta-feira,BR-101,153.0,Plena Noite,Decrescente,Chuva,Simples,Não Informado,-11.2825,-37.4501,DEL02-SE,Risco Baixo,Alta
sábado,BR-101,289.0,Plena Noite,Decrescente,Céu Claro,Dupla,Desvio Temporário,-28.25395,-48.7029,DEL02-SC,Risco Médio,Alta
quarta-feira,BR-386,435.3,Amanhecer,Decrescente,Nublado,Dupla,Reta,-29.84637,-51.27574,DEL04-RS,Risco Baixo,Média
sábado,BR-40,3.0,Pleno dia,Decrescente,Nublado,Dupla,Reta,-16.00314,-47.98394,DEL01-DF,Risco Médio,Alta
terça-feira,BR-163,124.0,Anoitecer,Crescente,Nublado,Simples,Interseção de vias,-23.07795,-54.22793,DEL09-MS,Risco Médio,Alta
terça-feira,BR-304,35.9,Pleno dia,Crescente,Sol,Dupla,Reta,-5.161495,-37.35068,DEL04-RN,Risco Médio,Baixa
sábado,BR-369,147.7,Pleno dia,Decrescente,Céu Claro,Dupla,Reta,-23.29325,-51.1387,DEL07-PR,Risco Médio,Baixa
sexta-feira,BR-101,169.0,Plena Noite,Crescente,Céu Claro,Dupla,Interseção de vias,-27.28791,-48.63096,DEL04-SC,Risco Médio,Alta
sábado,BR-101,90.8,Pleno dia,Crescente,Sol,Dupla,Reta,-7.18305,-34.90143,DEL01-PB,Risco Médio,Alta
domingo,BR-470,66.7,Plena Noite,Crescente,Nublado,Simples,Reta,-26.87042,-49.2128,DEL04-SC,Risco Baixo,Baixa
quinta-feira,BR-116,141.0,Plena Noite,Crescente,Nublado,Múltipla,Reta,-25.73749,-49.31763,DEL01-PR,Risco Baixo,Alta
sexta-feira,BR-493,61.0,Plena Noite,Crescente,Céu Claro,Dupla,Reta,-22.67738,-43.40115,DEL01-RJ,Risco Médio,Baixa
segunda-feira,BR-101,331.6,Plena Noite,Crescente,Nublado,Simples,Rotatória,-28.46577,-48.99597,DEL02-SC,Risco Médio,Alta
quinta-feira,BR-20,395.5,Plena Noite,Crescente,Nublado,Simples,Interseção de vias,-3.820954,-38.74435,DEL01-CE,Risco Baixo,Baixa
quarta-feira,BR-277,209.3,Pleno dia,Decrescente,Céu Claro,Simples,Reta,-25.46547,-50.35342,DEL03-PR,Risco Médio,Média