dia_semana,br,km,fase_dia,sentido_via,condicao_metereologica,tipo_pista,tracado_via,latitude,longitude,delegacia,classificacao_acidente,postos_policiais_PRF
domingo,BR-423,71.0,Plena Noite,Crescente,Garoa/Chuvisco,Simples,Reta,-8.692506,-36.41167,DEL03-PE,Risco Médio,Baixa
sábado,BR-101,35.2,Plena Noite,Decrescente,Nublado,Dupla,Reta,-29.5172,-49.99124,DEL03-RS,Risco Baixo,Alta
quarta-feira,BR-282,406.8,Plena Noite,Crescente,Chuva,Simples,Reta,-27.0927,-51.6599,DEL07-SC,Risco Baixo,Baixa
quarta-feira,BR-101,85.1,Plena Noite,Decrescente,Nublado,Dupla,Reta,-26.63603,-48.69773,DEL03-SC,Risco Médio,Alta
domingo,BR-343,255.0,Anoitecer,Crescente,Céu Claro,Simples,Interseção de vias,-4.768979,-42.11343,DEL01-PI,Risco Médio,Baixa
terça-feira,BR-101,80.5,Pleno dia,Decrescente,Céu Claro,Dupla,Reta,-8.15614,-34.94141,DEL01-PE,Risco Médio,Alta
quinta-feira,BR-116,705.0,Pleno dia,Crescente,Nublado,Simples,Reta,-21.14049,-42.38137,DEL07-MG,Risco Médio,Alta
sexta-feira,BR-153,63.0,Anoitecer,Decrescente,Céu Claro,Dupla,Reta,-20.8208,-49.3575,DEL09-SP,Risco Médio,Alta
quinta-feira,BR-163,16.3,Anoitecer,Crescente,Céu Claro,Simples,Reta,-26.23951,-53.63567,DEL02-PR,Risco Médio,Alta
segunda-feira,BR-101,205.0,Pleno dia,Decrescente,Céu Claro,Dupla,Reta,-27.58316,-48.61534,DEL01-SC,Risco Médio,Alta
sábado,BR-101,795.3,Pleno dia,Crescente,Sol,Simples,Curva,-16.93908,-39.55421,DEL09-BA,Risco Médio,Alta
sábado,BR-116,36.5,Pleno dia,Crescente,Sol,Dupla,Curva,-22.663,-44.9801,DEL08-SP,Risco Alto,Alta
sexta-feira,BR-470,2.0,Pleno dia,Crescente,Céu Claro,Simples,Reta,-26.86855,-48.67483,DEL04-SC,Risco Médio,Baixa
domingo,BR-290,88.0,Plena Noite,Crescente,Céu Claro,Múltipla,Reta,-29.96753,-51.13726,DEL01-RS,Risco Médio,Baixa
sexta-feira,BR-386,345.2,Pleno dia,Decrescente,Céu Claro,Simples,Reta,-29.44417,-51.98118,DEL04-RS,Risco Médio,Média
quarta-feira,BR-364,8.5,Plena Noite,Decrescente,Céu Claro,Simples,Ponte,-20.10504,-48.73848,DEL13-MG,Risco Baixo,Alta
terça-feira,BR-232,301.4,Pleno dia,Decrescente,Céu Claro,Simples,Reta,-8.225762,-37.41678,DEL03-PE,Risco Médio,Baixa
quarta-feira,BR-493,112.1,Pleno dia,Decrescente,Céu Claro,Dupla,Reta,-22.74959,-43.72696,DEL01-RJ,Risco Médio,Baixa
sábado,BR-116,5.0,Plena Noite,Crescente,Céu Claro,Dupla,Reta,-3.794671,-38.50773,DEL01-CE,Risco Baixo,Alta
terça-feira,BR-230,118.7,Pleno dia,Crescente,Céu Claro,Dupla,Reta,-7.2409,-35.6225,DEL01-PB,Risco Médio,Baixa
domingo,BR-50,113.2,Amanhecer,Decrescente,Céu Claro,Dupla,Reta,-16.76907,-47.614,DEL01-DF,Risco Médio,Média
quinta-feira,BR-101,206.9,Plena Noite,Crescente,Céu Claro,Múltipla,Reta,-27.59899,-48.62206,DEL01-SC,Risco Médio,Alta
segunda-feira,BR-116,563.2,Plena Noite,Crescente,Céu Claro,Simples,Interseção de vias,-31.92652,-52.72615,DEL07-RS,Risco Médio,Alta
domingo,BR-493,19.0,Pleno dia,Crescente,Céu Claro,Simples,Interseção de vias,-22.66639,-43.0277,DEL04-RJ,Risco Médio,Baixa
sábado,BR-364,12.0,Pleno dia,Decrescente,Nublado,Simples,Reta,-12.7437,-60.12148,DEL04-RO,Risco Médio,Alta
quinta-feira,BR-470,1.7,Pleno dia,Crescente,Sol,Simples,Curva,-26.87538,-48.66828,DEL04-SC,Risco Médio,Baixa
quarta-feira,BR-280,55.4,Plena Noite,Decrescente,Nublado,Dupla,Não Informado,-26.47584,-48.99379,DEL03-SC,Risco Médio,Baixa
sexta-feira,BR-376,174.0,Plena Noite,Crescente,Céu Claro,Dupla,Reta,-23.4143,-51.94984,DEL09-PR,Risco Médio,Baixa
segunda-feira,BR-262,37.9,Plena Noite,Crescente,Garoa/Chuvisco,Simples,Reta,-20.38128,-40.61151,DEL01-ES,Risco Médio,Média
terça-feira,BR-272,368.8,Pleno dia,Crescente,Céu Claro,Simples,Reta,-24.05736,-52.41619,DEL09-PR,Risco Médio,Baixa
sábado,BR-262,884.5,Anoitecer,Decrescente,Céu Claro,Dupla,Reta,-19.76694,-48.58091,DEL13-MG,Risco Baixo,Média
domingo,BR-251,284.0,Pleno dia,Crescente,Sol,Simples,Reta,-16.04423,-42.14384,DEL11-MG,Risco Alto,Baixa
sexta-feira,BR-282,646.0,Pleno dia,Crescente,Céu Claro,Simples,Reta,-26.76393,-53.49683,DEL07-SC,Risco Baixo,Baixa
segunda-feira,BR-101,1.0,Plena Noite,Decrescente,Céu Claro,Dupla,Reta,-29.3073,-49.7728,DEL03-RS,Risco Baixo,Alta
segunda-feira,BR-116,427.0,Pleno dia,Decrescente,Céu Claro,Simples,Reta,-12.26847,-38.98761,DEL02-BA,Risco Médio,Alta
terça-feira,BR-232,175.6,Plena Noite,Crescente,Ignorado,Simples,Curva,-8.340478,-36.3861,DEL02-PE,Risco Baixo,Baixa
sábado,BR-101,215.0,Pleno dia,Decrescente,Céu Claro,Dupla,Reta,-27.6519,-48.6761,DEL01-SC,Risco Médio,Alta
terça-feira,BR-262,103.5,Pleno dia,Crescente,Sol,Simples,Reta,-20.33657,-41.12202,DEL01-ES,Risco Médio,Média
sexta-feira,BR-101,465.0,Pleno dia,Crescente,Sol,Simples,Curva,-23.02819,-44.21632,DEL03-RJ,Risco Médio,Alta
quarta-feira,BR-280,6.0,Pleno dia,Crescente,Céu Claro,Simples,Reta,-26.26569,-48.63362,DEL03-SC,Risco Médio,Baixa
domingo,BR-232,100.1,Pleno dia,Crescente,Céu Claro,Dupla,Reta,-8.239343,-35.74749,DEL02-PE,Risco Médio,Baixa
quarta-feira,BR-40,710.5,Plena Noite,Crescente,Nublado,Dupla,Desvio Temporário,-21.24346,-43.71417,DEL05-MG,Risco Médio,Alta
sexta-feira,BR-40,64.0,Plena Noite,Crescente,Garoa/Chuvisco,Simples,Curva,-22.42042,-43.15528,DEL06-RJ,Risco Médio,Alta
sexta-feira,BR-376,592.0,Pleno dia,Decrescente,Nublado,Dupla,Reta,-25.42826,-49.27348,DEL01-PR,Risco Médio,Baixa
domingo,BR-230,19.4,Pleno dia,Decrescente,Sol,Dupla,Curva,-7.131634,-34.85277,DEL01-PB,Risco Médio,Baixa
segunda-feira,BR-324,619.0,Pleno dia,Crescente,Céu Claro,Dupla,Reta,-12.91707,-38.46288,DEL01-BA,Risco Médio,Baixa
quinta-feira,BR-277,80.2,Pleno dia,Crescente,Garoa/Chuvisco,Dupla,Reta,-25.47272,-49.21017,DEL01-PR,Risco Médio,Média
quinta-feira,BR-101,203.8,Pleno dia,Decrescente,Céu Claro,Múltipla,Viaduto,-27.57258,-48.61341,DEL01-SC,Risco Baixo,Alta
quarta-feira,BR-60,175.7,Pleno dia,Decrescente,Céu Claro,Múltipla,Curva,-16.75553,-49.4374,DEL01-GO,Risco Médio,Média
sábado,BR-10,181.6,Pleno dia,Crescente,Céu Claro,Simples,Não Informado,-2.849935,-47.44166,DEL02-PA,Risco Médio,Baixa
domingo,BR-60,26.0,Pleno dia,Crescente,Céu Claro,Dupla,Desvio Temporário,-16.0963,-48.5202,DEL01-DF,Risco Médio,Média
quarta-feira,BR-277,671.0,Pleno dia,Crescente,Chuva,Dupla,Reta,-25.2849,-54.08745,DEL05-PR,Risco Médio,Média
sexta-feira,BR-153,508.3,Plena Noite,Decrescente,Céu Claro,Dupla,Não Informado,-16.7804,-49.2371,DEL01-GO,Risco Baixo,Alta
sábado,BR-10,318.0,Pleno dia,Crescente,Céu Claro,Simples,Desvio Temporário,-4.967567,-47.51234,DEL04-MA,Risco Baixo,Baixa
sábado,BR-222,242.0,Pleno dia,Crescente,Céu Claro,Simples,Reta,-5.331903,-49.08522,DEL03-PA,Risco Médio,Baixa
sexta-feira,BR-60,41.0,Pleno dia,Decrescente,Sol,Dupla,Rotatória,-16.76724,-49.32277,DEL01-GO,Risco Médio,Média
quarta-feira,BR-423,53.0,Pleno dia,Crescente,Céu Claro,Simples,Desvio Temporário,-8.601389,-36.29265,DEL03-PE,Risco Alto,Baixa
segunda-feira,BR-381,724.9,Plena Noite,Decrescente,Céu Claro,Dupla,Não Informado,-21.464,-45.2058,DEL04-MG,Risco Baixo,Alta
sábado,BR-369,52.0,Plena Noite,Decrescente,Céu Claro,Dupla,Curva,-23.13973,-50.38261,DEL07-PR,Risco Médio,Baixa
sábado,BR-101,155.0,Plena Noite,Decrescente,Chuva,Múltipla,Reta,-27.16292,-48.61129,DEL04-SC,Risco Médio,Alta
sábado,BR-116,254.0,Plena Noite,Crescente,Céu Claro,Dupla,Reta,-22.58105,-43.99406,DEL07-RJ,Risco Baixo,Alta
sábado,BR-376,671.5,Plena Noite,Crescente,Garoa/Chuvisco,Dupla,Reta,-25.88532,-48.93515,DEL01-PR,Risco Médio,Baixa
sexta-feira,BR-153,211.0,Pleno dia,Decrescente,Céu Claro,Simples,Reta,-14.6155,-49.16959,DEL07-GO,Risco Médio,Alta
quarta-feira,BR-60,68.5,Pleno dia,Decrescente,Céu Claro,Dupla,Reta,-16.2295,-48.7547,DEL02-GO,Risco Baixo,Média
domingo,BR-470,85.6,Plena Noite,Crescente,Céu Claro,Simples,Reta,-26.95611,-49.35041,DEL04-SC,Risco Alto,Baixa
sexta-feira,BR-153,60.0,Plena Noite,Decrescente,Céu Claro,Dupla,Não Informado,-20.79628,-49.3548,DEL09-SP,Risco Médio,Alta
domingo,BR-101,95.0,Amanhecer,Crescente,Chuva,Dupla,Não Informado,-7.223794,-34.91488,DEL01-PB,Risco Baixo,Alta
domingo,BR-104,139.0,Pleno dia,Decrescente,Céu Claro,Simples,Reta,-7.369483,-35.8998,DEL02-PB,Risco Médio,Baixa
quinta-feira,BR-153,45.5,Pleno dia,Decrescente,Céu Claro,Simples,Não Informado,-23.31949,-50.06837,DEL07-PR,Risco Alto,Alta
sexta-feira,BR-101,81.3,Amanhecer,Decrescente,Nublado,Dupla,Reta,-29.83476,-50.24629,DEL03-RS,Risco Médio,Alta
sábado,BR-262,381.6,Pleno dia,Crescente,Nublado,Dupla,Curva,-19.93652,-44.44598,DEL01-MG,Risco Baixo,Média
segunda-feira,BR-101,423.5,Pleno dia,Crescente,Chuva,Simples,Curva,-20.98875,-41.11847,DEL03-ES,Risco Médio,Alta
domingo,BR-101,70.3,Pleno dia,Crescente,Nublado,Dupla,Reta,-29.7505,-50.21254,DEL03-RS,Risco Médio,Alta
segunda-feira,BR-116,222.1,Pleno dia,Crescente,Céu Claro,Simples,Reta,-29.58134,-51.09573,DEL05-RS,Risco Médio,Alta
terça-feira,BR-101,118.6,Plena Noite,Crescente,Céu Claro,Dupla,Reta,-26.89586,-48.71903,DEL04-SC,Risco Médio,Alta
domingo,BR-153,202.0,Plena Noite,Decrescente,Céu Claro,Simples,Desvio Temporário,-14.5278,-49.15969,DEL07-GO,Risco Médio,Alta
domingo,BR-364,198.9,Amanhecer,Decrescente,Céu Claro,Simples,Não Informado,-11.66271,-61.19116,DEL02-RO,Risco Alto,Alta
sexta-feira,BR-101,906.0,Pleno dia,Decrescente,Sol,Simples,Reta,-17.77631,-39.77854,DEL09-BA,Risco Baixo,Alta
terça-feira,BR-101,138.0,Plena Noite,Decrescente,Céu Claro,Simples,Reta,-19.30186,-40.08372,DEL04-ES,Risco Baixo,Alta
quarta-feira,BR-70,2.7,Pleno dia,Decrescente,Sol,Dupla,Não Informado,-15.8875,-52.26811,DEL07-MT,Risco Médio,Baixa
quarta-feira,BR-280,241.1,Plena Noite,Crescente,Céu Claro,Simples,Não Informado,-26.22502,-50.45998,DEL06-SC,Risco Médio,Baixa
sexta-feira,BR-381,75.0,Pleno dia,Decrescente,Nublado,Múltipla,Curva,-23.3864,-46.56542,DEL03-SP,Risco Médio,Alta
domingo,BR-290,173.2,Plena Noite,Decrescente,Nublado,Simples,Não Informado,-30.12729,-51.94133,DEL02-RS,Risco Baixo,Baixa
terça-feira,BR-101,257.5,Pleno dia,Crescente,Céu Claro,Dupla,Reta,-20.12455,-40.30332,DEL02-ES,Risco Médio,Alta
segunda-feira,BR-376,550.5,Amanhecer,Crescente,Céu Claro,Dupla,Desvio Temporário,-25.47598,-49.71081,DEL01-PR,Risco Alto,Baixa
terça-feira,BR-381,287.0,Pleno dia,Crescente,Céu Claro,Simples,Reta,-19.63435,-42.80726,DEL03-MG,Risco Médio,Alta
domingo,BR-163,270.5,Pleno dia,Crescente,Nublado,Simples,Não Informado,-24.62348,-53.90765,DEL06-PR,Risco Baixo,Alta
sábado,BR-70,9.0,Plena Noite,Crescente,Céu Claro,Dupla,Reta,-15.78462,-48.13202,DEL01-DF,Risco Baixo,Baixa
segunda-feira,BR-376,451.0,Plena Noite,Crescente,Garoa/Chuvisco,Dupla,Curva,-24.78846,-50.50387,DEL03-PR,Risco Médio,Baixa
domingo,BR-376,601.0,Plena Noite,Crescente,Nublado,Dupla,Reta,-25.53101,-49.32423,DEL01-PR,Risco Médio,Baixa
domingo,BR-116,139.0,Plena Noite,Decrescente,Chuva,Dupla,Reta,-25.75462,-49.31818,DEL01-PR,Risco Baixo,Alta
sexta-feira,BR-101,80.0,Plena Noite,Crescente,Céu Claro,Dupla,Reta,-29.83474,-50.24641,DEL03-RS,Risco Médio,Alta
domingo,BR-472,552.0,Plena Noite,Decrescente,Céu Claro,Simples,Reta,-29.59061,-56.86135,DEL13-RS,Risco Médio,Baixa
segunda-feira,BR-354,713.4,Pleno dia,Crescente,Chuva,Simples,Curva,-22.05666,-44.9272,DEL17-MG,Risco Médio,Baixa
sexta-feira,BR-116,17.0,Pleno dia,Crescente,Garoa/Chuvisco,Dupla,Reta,-25.10306,-48.70104,DEL01-PR,Risco Médio,Alta
domingo,BR-402,34.0,Pleno dia,Crescente,Céu Claro,Simples,Reta,-2.932223,-41.75423,DEL05-PI,Risco Médio,Baixa
domingo,BR-287,403.0,Plena Noite,Decrescente,Céu Claro,Simples,Reta,-29.14055,-54.89038,DEL12-RS,Risco Médio,Baixa
quarta-feira,BR-116,246.6,Plena Noite,Crescente,Nublado,Múltipla,Reta,-29.75875,-51.15187,DEL01-RS,Risco Médio,Alta
sexta-feira,BR-101,334.9,Pleno dia,Crescente,Céu Claro,Dupla,Reta,-28.47426,-49.02626,DEL02-SC,Risco Médio,Alta
quinta-feira,BR-364,423.0,Pleno dia,Crescente,Sol,Simples,Reta,-10.45221,-62.46072,DEL03-RO,Risco Médio,Alta
quinta-feira,BR-116,385.0,Plena Noite,Crescente,Céu Claro,Dupla,Reta,-24.25499,-47.37541,DEL04-SP,Risco Baixo,Alta
terça-feira,BR-60,466.5,Pleno dia,Crescente,Sol,Dupla,Reta,-17.8947,-51.663,DEL05-GO,Risco Médio,Média
quarta-feira,BR-101,310.0,Pleno dia,Decrescente,Céu Claro,Múltipla,Reta,-22.79717,-43.04405,DEL02-RJ,Risco Baixo,Alta
quinta-feira,BR-153,667.0,Plena Noite,Decrescente,Céu Claro,Simples,Reta,-11.70036,-49.07248,DEL02-TO,Risco Baixo,Alta
terça-feira,BR-392,51.2,Pleno dia,Crescente,Céu Claro,Dupla,Reta,-31.86142,-52.32442,DEL07-RS,Risco Médio,Média
domingo,BR-101,440.3,Pleno dia,Crescente,Céu Claro,Simples,Reta,-14.26205,-39.32522,DEL05-BA,Risco Médio,Alta
sábado,BR-40,762.6,Pleno dia,Crescente,Chuva,Simples,Curva,-21.54602,-43.50918,DEL05-MG,Risco Baixo,Alta
quinta-feira,BR-235,61.9,Pleno dia,Crescente,Céu Claro,Simples,Curva,-10.61748,-37.46994,DEL01-SE,Risco Médio,Baixa
sábado,BR-40,93.9,Amanhecer,Crescente,Céu Claro,Simples,Reta,-22.5699,-43.2515,DEL06-RJ,Risco Médio,Alta
segunda-feira,BR-290,259.5,Pleno dia,Crescente,Sol,Simples,Reta,-30.25719,-52.81514,DEL02-RS,Risco Médio,Baixa
terça-feira,BR-222,215.0,Pleno dia,Crescente,Chuva,Simples,Reta,-5.167711,-48.93806,DEL03-PA,Risco Médio,Baixa
domingo,BR-277,319.5,Pleno dia,Decrescente,Céu Claro,Simples,Não Informado,-25.37219,-51.26662,DEL03-PR,Risco Baixo,Média
quarta-feira,BR-222,4.1,Plena Noite,Decrescente,Céu Claro,Múltipla,Reta,-3.741808,-38.60561,DEL01-CE,Risco Baixo,Baixa
sábado,BR-158,509.0,Pleno dia,Decrescente,Céu Claro,Simples,Reta,-26.12252,-52.64346,DEL02-PR,Risco Médio,Baixa
sábado,BR-316,293.0,Plena Noite,Decrescente,Nublado,Simples,Reta,-7.009616,-41.59572,DEL04-PI,Risco Médio,Baixa
terça-feira,BR-408,100.6,Pleno dia,Decrescente,Céu Claro,Dupla,Não Informado,-8.043641,-35.01675,DEL01-PE,Risco Médio,Baixa
domingo,BR-470,9.6,Plena Noite,Decrescente,Céu Claro,Simples,Viaduto,-26.83939,-48.71698,DEL04-SC,Risco Médio,Baixa
quinta-feira,BR-386,337.9,Pleno dia,Decrescente,Céu Claro,Simples,Curva,-29.41257,-52.02661,DEL04-RS,Risco Baixo,Média
domingo,BR-381,1.9,Pleno dia,Decrescente,Chuva,Dupla,Curva,-19.97833,-44.16033,DEL01-MG,Risco Médio,Alta
quarta-feira,BR-267,174.0,Pleno dia,Crescente,Chuva,Simples,Não Informado,-21.6162,-53.7054,DEL02-MS,Risco Baixo,Baixa
quinta-feira,BR-101,317.0,Pleno dia,Decrescente,Céu Claro,Dupla,Reta,-22.8352,-43.0947,DEL02-RJ,Risco Médio,Alta
segunda-feira,BR-101,101.0,Pleno dia,Crescente,Céu Claro,Dupla,Reta,-26.7657,-48.6864,DEL03-SC,Risco Baixo,Alta
quinta-feira,BR-70,2.9,Pleno dia,Crescente,Céu Claro,Dupla,Desvio Temporário,-15.7481,-48.2635,DEL01-DF,Risco Médio,Baixa
domingo,BR-50,61.0,Plena Noite,Decrescente,Garoa/Chuvisco,Dupla,Retorno Regulamentado,-18.81861,-48.24993,DEL15-MG,Risco Baixo,Média
sexta-feira,BR-235,53.8,Pleno dia,Crescente,Nublado,Simples,Reta,-10.68471,-37.44054,DEL01-SE,Risco Médio,Baixa
sexta-feira,BR-163,316.0,Pleno dia,Decrescente,Céu Claro,Simples,Rotatória,-21.83796,-54.53974,DEL02-MS,Risco Baixo,Alta
segunda-feira,BR-408,92.0,Anoitecer,Crescente,Céu Claro,Dupla,Reta,-7.999799,-35.06313,DEL01-PE,Risco Médio,Baixa
sábado,BR-463,76.0,Pleno dia,Crescente,Nublado,Simples,Reta,-22.50357,-55.43997,DEL04-MS,Risco Alto,Baixa
terça-feira,BR-116,193.6,Pleno dia,Decrescente,Céu Claro,Dupla,Reta,-22.73957,-43.5287,DEL01-RJ,Risco Médio,Alta
sábado,BR-116,216.6,Pleno dia,Crescente,Nublado,Múltipla,Reta,-23.45384,-46.47144,DEL01-SP,Risco Alto,Alta
domingo,BR-393,280.0,Plena Noite,Decrescente,Céu Claro,Simples,Reta,-22.47521,-44.05107,DEL05-RJ,Risco Médio,Média
sábado,BR-101,197.0,Plena Noite,Crescente,Nublado,Múltipla,Não Informado,-27.5135,-48.64051,DEL01-SC,Risco Médio,Alta
sexta-feira,BR-153,152.0,Anoitecer,Crescente,Céu Claro,Simples,Reta,-7.264632,-48.26261,DEL02-TO,Risco Médio,Alta
domingo,BR-381,783.4,Pleno dia,Crescente,Céu Claro,Dupla,Curva,-21.86536,-45.53456,DEL16-MG,Risco Médio,Alta
segunda-feira,BR-101,264.2,Pleno dia,Crescente,Nublado,Múltipla,Reta,-20.17293,-40.26736,DEL02-ES,Risco Médio,Alta
terça-feira,BR-40,82.3,Pleno dia,Crescente,Chuva,Simples,Curva,-22.5399,-43.2241,DEL06-RJ,Risco Médio,Alta
terça-feira,BR-101,214.3,Pleno dia,Decrescente,Sol,Múltipla,Reta,-27.64689,-48.67191,DEL01-SC,Risco Médio,Alta
sexta-feira,BR-60,23.0,Pleno dia,Decrescente,Nublado,Dupla,Reta,-16.0963,-48.5202,DEL01-DF,Risco Médio,Média
sexta-feira,BR-153,26.0,Plena Noite,Crescente,Nublado,Dupla,Reta,-18.64924,-49.17357,DEL15-MG,Risco Médio,Alta
sexta-feira,BR-70,0.0,Pleno dia,Decrescente,Céu Claro,Dupla,Reta,-15.7936,-48.05842,DEL01-DF,Risco Médio,Baixa
quinta-feira,BR-101,34.0,Pleno dia,Decrescente,Garoa/Chuvisco,Dupla,Não Informado,-6.785339,-35.13428,DEL01-PB,Risco Médio,Alta
sábado,BR-101,86.7,Plena Noite,Crescente,Nublado,Dupla,Reta,-8.18679,-34.97011,DEL01-PE,Risco Baixo,Alta
domingo,BR-116,147.0,Pleno dia,Decrescente,Nublado,Dupla,Reta,-23.19543,-45.87176,DEL02-SP,Risco Baixo,Alta
quinta-feira,BR-116,483.0,Pleno dia,Decrescente,Nublado,Dupla,Não Informado,-31.41613,-52.17145,DEL07-RS,Risco Baixo,Alta
segunda-feira,BR-153,205.0,Pleno dia,Crescente,Céu Claro,Simples,Desvio Temporário,-24.52204,-50.43926,DEL03-PR,Risco Médio,Alta
sábado,BR-381,932.4,Pleno dia,Crescente,Nublado,Múltipla,Curva,-22.81198,-46.28431,DEL16-MG,Risco Baixo,Alta
sexta-feira,BR-116,99.0,Plena Noite,Crescente,Céu Claro,Dupla,Reta,-25.52671,-49.14057,DEL01-PR,Risco Alto,Alta
sexta-feira,BR-101,38.7,Pleno dia,Crescente,Chuva,Dupla,Reta,-26.29565,-48.88402,DEL03-SC,Risco Baixo,Alta
sábado,BR-277,348.0,Plena Noite,Decrescente,Céu Claro,Simples,Reta,-25.37319,-51.50082,DEL08-PR,Risco Médio,Média
segunda-feira,BR-153,105.0,Amanhecer,Decrescente,Céu Claro,Simples,Não Informado,-19.27184,-48.91909,DEL15-MG,Risco Baixo,Alta
quarta-feira,BR-267,238.3,Pleno dia,Decrescente,Sol,Simples,Curva,-21.92856,-44.38769,DEL17-MG,Risco Médio,Baixa
sábado,BR-40,113.0,Amanhecer,Crescente,Céu Claro,Dupla,Não Informado,-22.70949,-43.2904,DEL01-RJ,Risco Médio,Alta
segunda-feira,BR-10,257.2,Pleno dia,Crescente,Céu Claro,Simples,Reta,-5.495352,-47.47196,DEL04-MA,Risco Médio,Baixa
sexta-feira,BR-101,432.0,Anoitecer,Crescente,Nublado,Simples,Reta,-14.19548,-39.31439,DEL05-BA,Risco Alto,Alta
terça-feira,BR-365,757.0,Plena Noite,Decrescente,Céu Claro,Simples,Reta,-18.96541,-49.50986,DEL15-MG,Risco Médio,Média
quarta-feira,BR-280,138.5,Plena Noite,Crescente,Céu Claro,Simples,Desvio Temporário,-26.26238,-49.59785,DEL06-SC,Risco Médio,Baixa
quinta-feira,BR-116,126.0,Pleno dia,Decrescente,Sol,Dupla,Curva,-22.65489,-43.08637,DEL02-RJ,Risco Baixo,Alta
terça-feira,BR-373,249.0,Pleno dia,Decrescente,Céu Claro,Simples,Não Informado,-25.18991,-50.84326,DEL03-PR,Risco Médio,Baixa
quarta-feira,BR-116,152.0,Amanhecer,Decrescente,Céu Claro,Simples,Interseção de vias,-25.86062,-49.35743,DEL01-PR,Risco Médio,Alta
sexta-feira,BR-116,517.0,Pleno dia,Crescente,Céu Claro,Dupla,Rotatória,-31.67909,-52.34257,DEL07-RS,Risco Médio,Alta
sábado,BR-116,119.5,Pleno dia,Decrescente,Sol,Dupla,Não Informado,-23.06875,-45.6389,DEL06-SP,Risco Médio,Alta
domingo,BR-20,17.9,Plena Noite,Crescente,Céu Claro,Dupla,Desvio Temporário,-15.61808,-47.70876,DEL02-DF,Risco Médio,Baixa
sábado,BR-163,9.1,Plena Noite,Decrescente,Nublado,Simples,Não Informado,-26.25474,-53.63327,DEL02-PR,Risco Médio,Alta
domingo,BR-267,404.4,Anoitecer,Decrescente,Céu Claro,Simples,Reta,-21.62972,-55.50834,DEL05-MS,Risco Médio,Baixa
quinta-feira,BR-376,221.6,Plena Noite,Crescente,Céu Claro,Dupla,Curva,-23.60248,-51.60002,DEL09-PR,Risco Médio,Baixa
sábado,BR-280,32.0,Pleno dia,Decrescente,Céu Claro,Simples,Reta,-26.42266,-48.7882,DEL03-SC,Risco Baixo,Baixa
sábado,BR-116,261.3,Pleno dia,Crescente,Sol,Dupla,Reta,-29.89065,-51.17805,DEL01-RS,Risco Médio,Alta
quarta-feira,BR-116,181.3,Pleno dia,Decrescente,Céu Claro,Dupla,Reta,-22.76131,-43.42349,DEL01-RJ,Risco Baixo,Alta
domingo,BR-101,78.0,Pleno dia,Crescente,Nublado,Múltipla,Reta,-26.57672,-48.72271,DEL03-SC,Risco Médio,Alta
domingo,BR-153,132.0,Plena Noite,Decrescente,Céu Claro,Simples,Reta,-13.92662,-49.07094,DEL07-GO,Risco Médio,Alta
sábado,BR-230,497.9,Plena Noite,Decrescente,Céu Claro,Simples,Ponte,-6.895869,-38.49115,DEL03-PB,Risco Baixo,Baixa
sexta-feira,BR-376,239.2,Plena Noite,Decrescente,Nublado,Dupla,Reta,-23.58261,-51.445,DEL07-PR,Risco Baixo,Baixa
sábado,BR-60,27.9,Pleno dia,Decrescente,Nublado,Dupla,Não Informado,-16.02042,-48.25041,DEL01-DF,Risco Alto,Média
quinta-feira,BR-242,351.1,Pleno dia,Crescente,Céu Claro,Simples,Curva,-12.49248,-41.32809,DEL06-BA,Risco Médio,Baixa
sábado,BR-376,601.0,Pleno dia,Crescente,Céu Claro,Dupla,Curva,-25.53705,-49.31404,DEL01-PR,Risco Baixo,Baixa
segunda-feira,BR-376,15.3,Pleno dia,Crescente,Chuva,Dupla,Não Informado,-23.41379,-51.88121,DEL07-PR,Risco Baixo,Baixa
quinta-feira,BR-262,489.8,Pleno dia,Decrescente,Céu Claro,Simples,Rotatória,-20.49973,-55.80613,DEL03-MS,Risco Baixo,Média
sábado,BR-101,94.0,Plena Noite,Crescente,Céu Claro,Dupla,Reta,-10.90732,-37.15237,DEL01-SE,Risco Médio,Alta
terça-feira,BR-232,254.2,Plena Noite,Crescente,Céu Claro,Simples,Não Informado,-8.41876,-37.0786,DEL04-PE,Risco Médio,Baixa
domingo,BR-381,61.0,Pleno dia,Decrescente,Céu Claro,Dupla,Curva,-23.2896,-46.58066,DEL03-SP,Risco Médio,Alta
quarta-feira,BR-101,143.0,Plena Noite,Decrescente,Nublado,Múltipla,Reta,-19.34287,-40.06386,DEL04-ES,Risco Médio,Alta
quarta-feira,BR-153,180.0,Plena Noite,Decrescente,Chuva,Simples,Não Informado,-7.4881,-48.3807,DEL02-TO,Risco Médio,Alta
quinta-feira,BR-381,479.0,Pleno dia,Crescente,Sol,Dupla,Reta,-19.9589,-44.0692,DEL01-MG,Risco Médio,Alta
quarta-feira,BR-116,179.0,Pleno dia,Decrescente,Sol,Dupla,Reta,-22.7699,-43.40804,DEL01-RJ,Risco Médio,Alta
sábado,BR-277,176.9,Anoitecer,Crescente,Céu Claro,Simples,Reta,-25.4256,-50.07259,DEL03-PR,Risco Médio,Média
sexta-feira,BR-381,88.8,Pleno dia,Crescente,Céu Claro,Múltipla,Reta,-23.47469,-46.56113,DEL03-SP,Risco Médio,Alta
segunda-feira,BR-285,585.8,Pleno dia,Crescente,Céu Claro,Simples,Curva,-28.45571,-55.12527,DEL12-RS,Risco Médio,Baixa