dia_semana,br,km,fase_dia,sentido_via,condicao_metereologica,tipo_pista,tracado_via,latitude,longitude,delegacia,classificacao_acidente,postos_policiais_PRF
domingo,BR-232,508.0,Plena Noite,Crescente,Céu Claro,Simples,Reta,-8.065354,-39.13134,DEL05-PE,Risco Médio,Baixa
sábado,BR-101,203.2,Pleno dia,Crescente,Céu Claro,Múltipla,Interseção de vias,-27.56593,-48.61472,DEL01-SC,Risco Médio,Alta
sábado,BR-280,56.1,Plena Noite,Crescente,Nublado,Dupla,Reta,-26.47948,-49.00299,DEL03-SC,Risco Baixo,Baixa
segunda-feira,BR-222,313.0,Plena Noite,Crescente,Céu Claro,Múltipla,Reta,-3.692134,-40.97595,DEL04-CE,Risco Baixo,Baixa
segunda-feira,BR-101,298.0,Pleno dia,Crescente,Chuva,Simples,Curva,-13.24167,-39.32659,DEL01-BA,Risco Médio,Alta
segunda-feira,BR-101,204.3,Pleno dia,Decrescente,Céu Claro,Dupla,Reta,-27.57587,-48.61317,DEL01-SC,Risco Médio,Alta
segunda-feira,BR-163,43.0,Pleno dia,Crescente,Garoa/Chuvisco,Simples,Curva,-26.03203,-53.73488,DEL02-PR,Risco Médio,Alta
quinta-feira,BR-282,169.8,Pleno dia,Decrescente,Céu Claro,Simples,Reta,-27.74042,-49.83503,DEL05-SC,Risco Baixo,Baixa
sábado,BR-470,58.0,Plena Noite,Crescente,Céu Claro,Simples,Reta,-26.87714,-49.12927,DEL04-SC,Risco Baixo,Baixa
segunda-feira,BR-110,163.9,Plena Noite,Decrescente,Céu Claro,Simples,Curva,-10.77319,-38.51442,DEL07-BA,Risco Médio,Baixa
sexta-feira,BR-116,67.0,Pleno dia,Crescente,Céu Claro,Simples,Reta,-8.4186,-39.1731,DEL05-PE,Risco Médio,Alta
domingo,BR-230,510.0,Pleno dia,Decrescente,Nublado,Simples,Não Informado,-3.463046,-51.20762,DEL04-PA,Risco Médio,Baixa
sábado,BR-365,613.0,Plena Noite,Decrescente,Céu Claro,Simples,Reta,-18.9266,-48.19548,DEL15-MG,Risco Médio,Média
domingo,BR-427,102.3,Plena Noite,Decrescente,Céu Claro,Simples,Reta,-6.453955,-37.12301,DEL03-RN,Risco Médio,Baixa
domingo,BR-50,59.0,Pleno dia,Decrescente,Nublado,Dupla,Reta,-18.8114,-48.2469,DEL15-MG,Risco Médio,Média
segunda-feira,BR-158,264.8,Plena Noite,Crescente,Nublado,Simples,Reta,-29.22609,-53.66753,DEL09-RS,Risco Médio,Baixa
quarta-feira,BR-324,568.0,Plena Noite,Decrescente,Chuva,Dupla,Não Informado,-12.53528,-38.59596,DEL01-BA,Risco Médio,Baixa
terça-feira,BR-101,278.8,Plena Noite,Crescente,Céu Claro,Dupla,Reta,-28.1907,-48.6968,DEL02-SC,Risco Baixo,Alta
sexta-feira,BR-116,149.7,Pleno dia,Decrescente,Nublado,Dupla,Reta,-29.16399,-51.15839,DEL05-RS,Risco Médio,Alta
segunda-feira,BR-386,34.0,Pleno dia,Decrescente,Nublado,Dupla,Interseção de vias,-27.35844,-53.3883,DEL08-RS,Risco Médio,Média
quinta-feira,BR-101,149.0,Pleno dia,Crescente,Céu Claro,Múltipla,Reta,-19.39619,-40.06436,DEL04-ES,Risco Médio,Alta
terça-feira,BR-356,87.0,Pleno dia,Crescente,Céu Claro,Simples,Reta,-21.49173,-41.63252,DEL08-RJ,Risco Médio,Baixa
sábado,BR-418,42.0,Plena Noite,Crescente,Nublado,Simples,Não Informado,-17.69924,-39.48048,DEL09-BA,Risco Médio,Baixa
quinta-feira,BR-476,122.0,Pleno dia,Decrescente,Chuva,Dupla,Reta,-25.3929,-49.20956,DEL01-PR,Risco Médio,Baixa
domingo,BR-316,185.0,Plena Noite,Crescente,Céu Claro,Simples,Rotatória,-9.587131,-36.45173,DEL03-AL,Risco Médio,Baixa
segunda-feira,BR-282,65.0,Pleno dia,Crescente,Nublado,Simples,Curva,-27.69289,-49.05901,DEL01-SC,Risco Médio,Baixa
sábado,BR-116,450.0,Pleno dia,Decrescente,Céu Claro,Dupla,Reta,-24.53728,-47.85899,DEL05-SP,Risco Médio,Alta
sábado,BR-116,276.5,Pleno dia,Decrescente,Sol,Dupla,Reta,-23.6251,-46.8162,DEL04-SP,Risco Médio,Alta
quarta-feira,BR-222,2.6,Pleno dia,Decrescente,Céu Claro,Dupla,Reta,-3.691414,-40.3415,DEL04-CE,Risco Médio,Baixa
sexta-feira,BR-101,99.0,Plena Noite,Crescente,Céu Claro,Dupla,Reta,-5.87365,-35.22067,DEL01-RN,Risco Médio,Alta
sábado,BR-116,520.9,Pleno dia,Crescente,Sol,Simples,Interseção de vias,-31.70669,-52.36762,DEL07-RS,Risco Baixo,Alta
sábado,BR-101,42.0,Plena Noite,Crescente,Vento,Múltipla,Reta,-7.838874,-34.91197,DEL01-PE,Risco Médio,Alta
quinta-feira,BR-262,438.0,Plena Noite,Crescente,Nublado,Dupla,Reta,-19.89281,-44.87845,DEL08-MG,Risco Médio,Média
quinta-feira,BR-101,188.0,Pleno dia,Crescente,Céu Claro,Dupla,Curva,-9.908098,-36.46933,DEL02-AL,Risco Médio,Alta
domingo,BR-251,413.3,Amanhecer,Decrescente,Chuva,Simples,Reta,-16.28178,-43.00613,DEL12-MG,Risco Médio,Baixa
quarta-feira,BR-101,146.0,Anoitecer,Crescente,Céu Claro,Múltipla,Reta,-19.36991,-40.06561,DEL04-ES,Risco Médio,Alta
sexta-feira,BR-116,238.5,Pleno dia,Decrescente,Chuva,Dupla,Reta,-22.62366,-43.92187,DEL07-RJ,Risco Baixo,Alta
quarta-feira,BR-251,469.2,Pleno dia,Decrescente,Chuva,Simples,Curva,-16.47846,-43.41953,DEL12-MG,Risco Baixo,Baixa
sábado,BR-251,486.0,Plena Noite,Crescente,Céu Claro,Simples,Não Informado,-16.51237,-43.55209,DEL12-MG,Risco Baixo,Baixa
segunda-feira,BR-407,165.0,Plena Noite,Decrescente,Chuva,Simples,Reta,-10.7943,-40.11707,DEL04-BA,Risco Médio,Baixa
quinta-feira,BR-101,73.1,Amanhecer,Crescente,Nublado,Dupla,Reta,-29.77379,-50.21892,DEL03-RS,Risco Baixo,Alta
sábado,BR-60,78.0,Plena Noite,Decrescente,Céu Claro,Dupla,Desvio Temporário,-16.2967,-48.8039,DEL02-GO,Risco Médio,Média
sábado,BR-304,193.8,Pleno dia,Decrescente,Céu Claro,Simples,Reta,-5.706365,-36.22497,DEL01-RN,Risco Médio,Baixa
quinta-feira,BR-407,113.0,Pleno dia,Crescente,Chuva,Simples,Reta,-10.34247,-40.1681,DEL04-BA,Risco Baixo,Baixa
sexta-feira,BR-361,4.3,Pleno dia,Decrescente,Céu Claro,Simples,Reta,-7.018599,-37.26078,DEL03-PB,Risco Médio,Baixa
sábado,BR-393,106.0,Anoitecer,Crescente,Nublado,Simples,Reta,-21.87764,-42.67026,DEL04-RJ,Risco Médio,Média
quarta-feira,BR-277,147.5,Pleno dia,Decrescente,Céu Claro,Simples,Reta,-25.47289,-49.89596,DEL03-PR,Risco Médio,Média
sábado,BR-153,119.3,Plena Noite,Decrescente,Céu Claro,Simples,Interseção de vias,-21.1621,-49.71114,DEL09-SP,Risco Médio,Alta
terça-feira,BR-153,48.3,Pleno dia,Crescente,Céu Claro,Simples,Não Informado,-26.90869,-51.78401,DEL07-SC,Risco Alto,Alta
quinta-feira,BR-116,224.8,Pleno dia,Decrescente,Sol,Múltipla,Reta,-23.48851,-46.54519,DEL01-SP,Risco Médio,Alta
segunda-feira,BR-304,55.2,Pleno dia,Crescente,Céu Claro,Simples,Reta,-5.28862,-37.2888,DEL04-RN,Risco Médio,Baixa
sábado,BR-163,287.0,Pleno dia,Decrescente,Sol,Simples,Reta,-24.52834,-54.05269,DEL06-PR,Risco Baixo,Alta
quinta-feira,BR-101,35.0,Pleno dia,Decrescente,Nublado,Dupla,Reta,-7.779522,-34.93231,DEL01-PE,Risco Baixo,Alta
quarta-feira,BR-381,519.2,Amanhecer,Decrescente,Céu Claro,Dupla,Desvio Temporário,-20.1127,-44.3091,DEL01-MG,Risco Médio,Alta
quinta-feira,BR-70,15.0,Pleno dia,Crescente,Céu Claro,Dupla,Reta,-15.79889,-48.18504,DEL01-DF,Risco Baixo,Baixa
quinta-feira,BR-452,0.0,Plena Noite,Decrescente,Céu Claro,Múltipla,Não Informado,-17.78635,-50.90152,DEL04-GO,Risco Médio,Baixa
domingo,BR-101,203.6,Plena Noite,Decrescente,Céu Claro,Dupla,Reta,-19.74448,-40.37264,DEL02-ES,Risco Médio,Alta
quarta-feira,BR-110,173.5,Pleno dia,Decrescente,Céu Claro,Simples,Reta,-10.83619,-38.53196,DEL07-BA,Risco Médio,Baixa
segunda-feira,BR-287,398.0,Pleno dia,Decrescente,Céu Claro,Simples,Não Informado,-29.17615,-54.85147,DEL12-RS,Risco Médio,Baixa
domingo,BR-101,93.7,Pleno dia,Decrescente,Céu Claro,Dupla,Curva,-10.90212,-37.14495,DEL01-SE,Risco Alto,Alta
sexta-feira,BR-101,131.2,Pleno dia,Decrescente,Céu Claro,Simples,Reta,-19.22995,-40.09267,DEL04-ES,Risco Baixo,Alta
quarta-feira,BR-476,154.5,Pleno dia,Decrescente,Nublado,Dupla,Reta,-25.58422,-49.40138,DEL01-PR,Risco Médio,Baixa
sexta-feira,BR-262,93.0,Pleno dia,Crescente,Céu Claro,Simples,Reta,-20.31532,-42.46661,DEL03-MG,Risco Médio,Média
sábado,BR-262,191.1,Pleno dia,Crescente,Chuva,Simples,Desvio Temporário,-20.30273,-41.74702,DEL01-ES,Risco Médio,Média
segunda-feira,BR-101,431.0,Plena Noite,Crescente,Nublado,Simples,Curva,-22.9371,-44.01082,DEL03-RJ,Risco Alto,Alta
sexta-feira,BR-163,1074.0,Pleno dia,Decrescente,Céu Claro,Simples,Reta,-9.875426,-54.89491,DEL06-MT,Risco Médio,Alta
sexta-feira,BR-317,20.0,Pleno dia,Decrescente,Sol,Simples,Reta,-9.755836,-67.35482,DEL01-AC,Risco Médio,Baixa
quarta-feira,BR-20,348.5,Pleno dia,Crescente,Céu Claro,Simples,Interseção de vias,-4.10361,-39.05907,DEL02-CE,Risco Médio,Baixa
terça-feira,BR-222,20.0,Plena Noite,Crescente,Céu Claro,Simples,Reta,-3.741184,-38.73504,DEL01-CE,Risco Médio,Baixa
quarta-feira,BR-381,484.5,Pleno dia,Crescente,Céu Claro,Dupla,Viaduto,-19.95532,-44.11722,DEL01-MG,Risco Médio,Alta
quinta-feira,BR-163,681.9,Pleno dia,Decrescente,Céu Claro,Simples,Reta,-18.91578,-54.83863,DEL06-MS,Risco Médio,Alta
sexta-feira,BR-153,590.9,Pleno dia,Decrescente,Céu Claro,Simples,Reta,-11.0112,-48.90841,DEL02-TO,Risco Baixo,Alta
domingo,BR-146,510.0,Pleno dia,Decrescente,Chuva,Simples,Curva,-21.77353,-46.42239,DEL13-MG,Risco Médio,Baixa
terça-feira,BR-364,711.0,Pleno dia,Crescente,Sol,Dupla,Reta,-8.781539,-63.86531,DEL01-RO,Risco Baixo,Alta
segunda-feira,BR-116,223.1,Pleno dia,Decrescente,Sol,Simples,Não Informado,-17.43199,-41.51496,DEL11-MG,Risco Médio,Alta
quinta-feira,BR-40,7.0,Pleno dia,Crescente,Céu Claro,Dupla,Reta,-16.10848,-47.97252,DEL01-DF,Risco Baixo,Alta
domingo,BR-116,409.8,Pleno dia,Crescente,Céu Claro,Dupla,Reta,-18.84552,-41.98114,DEL06-MG,Risco Médio,Alta
sexta-feira,BR-116,160.0,Plena Noite,Decrescente,Nublado,Simples,Reta,-25.86446,-49.39182,DEL01-PR,Risco Médio,Alta
domingo,BR-392,64.5,Pleno dia,Crescente,Céu Claro,Simples,Reta,-31.76662,-52.37161,DEL07-RS,Risco Médio,Média
domingo,BR-376,225.8,Plena Noite,Decrescente,Céu Claro,Dupla,Reta,-23.58529,-51.56734,DEL07-PR,Risco Médio,Baixa
terça-feira,BR-230,110.0,Anoitecer,Decrescente,Céu Claro,Simples,Não Informado,-5.3722,-49.0372,DEL03-PA,Risco Baixo,Baixa
sexta-feira,BR-116,127.0,Pleno dia,Decrescente,Chuva,Dupla,Reta,-25.61275,-49.3186,DEL01-PR,Risco Baixo,Alta
segunda-feira,BR-101,207.0,Pleno dia,Crescente,Céu Claro,Múltipla,Não Informado,-27.60001,-48.62265,DEL01-SC,Risco Médio,Alta
domingo,BR-230,361.5,Pleno dia,Decrescente,Céu Claro,Simples,Reta,-6.9166,-37.4712,DEL03-PB,Risco Médio,Baixa
segunda-feira,BR-235,51.5,Pleno dia,Decrescente,Céu Claro,Simples,Não Informado,-10.70023,-37.43142,DEL01-SE,Risco Baixo,Baixa
quarta-feira,BR-116,424.7,Anoitecer,Crescente,Nublado,Simples,Desvio Temporário,-12.25667,-38.98914,DEL02-BA,Risco Médio,Alta
segunda-feira,BR-101,197.9,Pleno dia,Crescente,Chuva,Dupla,Reta,-27.51844,-48.63848,DEL01-SC,Risco Médio,Alta
quarta-feira,BR-153,329.5,Pleno dia,Crescente,Céu Claro,Dupla,Reta,-25.45614,-50.62025,DEL08-PR,Risco Médio,Alta
segunda-feira,BR-116,774.8,Pleno dia,Crescente,Nublado,Simples,Não Informado,-21.57875,-42.68814,DEL07-MG,Risco Médio,Alta
sábado,BR-381,495.8,Pleno dia,Decrescente,Céu Claro,Dupla,Reta,-19.97479,-44.19163,DEL01-MG,Risco Médio,Alta
sexta-feira,BR-40,799.0,Pleno dia,Decrescente,Nublado,Dupla,Reta,-21.82857,-43.37364,DEL05-MG,Risco Médio,Alta
domingo,BR-277,646.0,Plena Noite,Crescente,Nublado,Simples,Não Informado,-25.17125,-53.90519,DEL05-PR,Risco Alto,Média
segunda-feira,BR-101,433.0,Anoitecer,Decrescente,Ignorado,Simples,Reta,-22.9383,-44.03689,DEL03-RJ,Risco Baixo,Alta
sábado,BR-365,149.0,Amanhecer,Decrescente,Ignorado,Simples,Reta,-17.26818,-44.85708,DEL12-MG,Risco Médio,Média
sábado,BR-376,177.5,Plena Noite,Crescente,Céu Claro,Dupla,Reta,-23.41497,-51.92589,DEL09-PR,Risco Médio,Baixa
segunda-feira,BR-262,650.1,Plena Noite,Decrescente,Céu Claro,Simples,Curva,-19.58054,-46.63406,DEL08-MG,Risco Médio,Média
segunda-feira,BR-116,527.8,Anoitecer,Decrescente,Nublado,Simples,Retorno Regulamentado,-19.77953,-42.13275,DEL06-MG,Risco Médio,Alta
segunda-feira,BR-365,751.6,Pleno dia,Crescente,Céu Claro,Dupla,Interseção de vias,-18.94027,-49.44688,DEL15-MG,Risco Médio,Média
domingo,BR-381,813.7,Pleno dia,Crescente,Chuva,Dupla,Curva,-22.021,-45.68164,DEL16-MG,Risco Médio,Alta
domingo,BR-369,178.4,Plena Noite,Decrescente,Céu Claro,Simples,Curva,-23.34907,-51.38546,DEL07-PR,Risco Médio,Baixa
quinta-feira,BR-101,43.2,Pleno dia,Crescente,Sol,Múltipla,Reta,-7.847538,-34.90977,DEL01-PE,Risco Médio,Alta
terça-feira,BR-153,512.1,Pleno dia,Crescente,Céu Claro,Dupla,Reta,-16.8156,-49.2402,DEL01-GO,Risco Médio,Alta
quinta-feira,BR-40,7.0,Plena Noite,Crescente,Céu Claro,Simples,Reta,-16.10848,-47.97252,DEL01-DF,Risco Médio,Alta
terça-feira,BR-20,206.0,Pleno dia,Crescente,Céu Claro,Simples,Reta,-5.109802,-39.71911,DEL02-CE,Risco Médio,Baixa
quinta-feira,BR-101,118.9,Pleno dia,Crescente,Céu Claro,Dupla,Reta,-26.89586,-48.71903,DEL04-SC,Risco Médio,Alta
domingo,BR-101,59.9,Amanhecer,Crescente,Céu Claro,Simples,Reta,-7.9929,-34.93691,DEL01-PE,Risco Médio,Alta
sábado,BR-381,12.7,Plena Noite,Crescente,Céu Claro,Dupla,Reta,-22.92855,-46.46168,DEL03-SP,Risco Alto,Alta
sexta-feira,BR-116,383.0,Pleno dia,Decrescente,Nublado,Dupla,Reta,-24.24166,-47.36329,DEL04-SP,Risco Médio,Alta
sexta-feira,BR-40,31.6,Pleno dia,Decrescente,Sol,Dupla,Curva,-22.19905,-43.15819,DEL06-RJ,Risco Médio,Alta
sábado,BR-101,209.9,Pleno dia,Crescente,Céu Claro,Múltipla,Desvio Temporário,-27.61001,-48.63895,DEL01-SC,Risco Baixo,Alta
domingo,BR-381,452.0,Plena Noite,Crescente,Nublado,Simples,Reta,-19.83444,-43.85113,DEL01-MG,Risco Médio,Alta
quinta-feira,BR-364,823.9,Pleno dia,Decrescente,Chuva,Simples,Reta,-9.304726,-64.60084,DEL01-RO,Risco Médio,Alta
quarta-feira,BR-116,97.0,Plena Noite,Crescente,Nublado,Simples,Ponte,-22.47811,-42.99603,DEL04-RJ,Risco Alto,Alta
quarta-feira,BR-381,487.9,Anoitecer,Crescente,Céu Claro,Dupla,Não Informado,-19.95587,-44.1461,DEL01-MG,Risco Médio,Alta
quinta-feira,BR-277,711.0,Plena Noite,Crescente,Céu Claro,Dupla,Reta,-25.45408,-54.42225,DEL05-PR,Risco Baixo,Média
segunda-feira,BR-116,360.0,Pleno dia,Crescente,Céu Claro,Simples,Reta,-11.67414,-38.99715,DEL02-BA,Risco Médio,Alta
sábado,BR-101,124.7,Pleno dia,Decrescente,Céu Claro,Dupla,Reta,-7.483644,-34.9806,DEL01-PB,Risco Baixo,Alta
sábado,BR-101,127.0,Pleno dia,Crescente,Céu Claro,Simples,Não Informado,-19.2029,-40.09552,DEL04-ES,Risco Médio,Alta
quinta-feira,BR-116,450.0,Anoitecer,Decrescente,Céu Claro,Dupla,Curva,-12.38095,-39.12805,DEL02-BA,Risco Médio,Alta
sexta-feira,BR-153,279.0,Pleno dia,Decrescente,Chuva,Simples,Reta,-15.12922,-49.5113,DEL07-GO,Risco Médio,Alta
quinta-feira,BR-290,15.5,Plena Noite,Decrescente,Chuva,Dupla,Reta,-29.86913,-50.41562,DEL03-RS,Risco Baixo,Baixa
sábado,BR-101,95.0,Pleno dia,Crescente,Céu Claro,Dupla,Não Informado,-5.840768,-35.21036,DEL01-RN,Risco Médio,Alta
quarta-feira,BR-116,153.3,Pleno dia,Decrescente,Céu Claro,Dupla,Reta,-29.1858,-51.17713,DEL05-RS,Risco Médio,Alta
quinta-feira,BR-153,509.0,Pleno dia,Decrescente,Sol,Dupla,Reta,-16.7888,-49.2379,DEL01-GO,Risco Médio,Alta
quarta-feira,BR-101,156.0,Pleno dia,Decrescente,Sol,Simples,Reta,-19.44596,-40.09435,DEL04-ES,Risco Médio,Alta
sábado,BR-163,278.0,Pleno dia,Crescente,Céu Claro,Simples,Interseção de vias,-24.58667,-53.98141,DEL06-PR,Risco Médio,Alta
sábado,BR-381,521.5,Pleno dia,Crescente,Céu Claro,Dupla,Não Informado,-20.12256,-44.30057,DEL04-MG,Risco Médio,Alta
sábado,BR-116,226.0,Pleno dia,Crescente,Nublado,Múltipla,Não Informado,-23.49103,-46.54878,DEL01-SP,Risco Médio,Alta
quarta-feira,BR-290,234.5,Pleno dia,Decrescente,Céu Claro,Simples,Reta,-30.21489,-52.56103,DEL02-RS,Risco Baixo,Baixa
quarta-feira,BR-116,472.1,Plena Noite,Decrescente,Ignorado,Dupla,Curva,-24.66497,-47.97384,DEL05-SP,Risco Médio,Alta
terça-feira,BR-101,520.0,Pleno dia,Crescente,Sol,Simples,Reta,-14.91687,-39.29128,DEL05-BA,Risco Médio,Alta
quinta-feira,BR-262,10.4,Pleno dia,Crescente,Céu Claro,Simples,Reta,-20.24546,-41.84145,DEL06-MG,Risco Médio,Média
sábado,BR-343,4.5,Pleno dia,Crescente,Céu Claro,Simples,Reta,-2.900253,-41.68917,DEL05-PI,Risco Médio,Baixa
sábado,BR-392,43.0,Pleno dia,Decrescente,Chuva,Dupla,Reta,-31.93716,-52.31137,DEL07-RS,Risco Médio,Média
quarta-feira,BR-101,145.0,Plena Noite,Decrescente,Céu Claro,Dupla,Curva,-27.08139,-48.60131,DEL04-SC,Risco Médio,Alta
segunda-feira,BR-392,352.4,Anoitecer,Decrescente,Céu Claro,Simples,Reta,-29.71917,-53.80817,DEL09-RS,Risco Médio,Média
sexta-feira,BR-101,297.6,Pleno dia,Decrescente,Céu Claro,Dupla,Curva,-20.35638,-40.41827,DEL01-ES,Risco Médio,Alta
terça-feira,BR-381,758.6,Plena Noite,Crescente,Céu Claro,Dupla,Não Informado,-21.68958,-45.34888,DEL16-MG,Risco Médio,Alta
sexta-feira,BR-381,446.0,Pleno dia,Crescente,Céu Claro,Simples,Reta,-19.82178,-43.81262,DEL01-MG,Risco Médio,Alta
sábado,BR-153,79.9,Pleno dia,Decrescente,Céu Claro,Simples,Não Informado,-20.9085,-49.47782,DEL09-SP,Risco Médio,Alta
domingo,BR-222,242.0,Plena Noite,Crescente,Céu Claro,Simples,Reta,-5.331903,-49.08522,DEL03-PA,Risco Médio,Baixa
domingo,BR-316,335.8,Pleno dia,Crescente,Céu Claro,Simples,Reta,-7.111552,-41.23168,DEL04-PI,Risco Médio,Baixa
sábado,BR-116,140.0,Plena Noite,Crescente,Chuva,Dupla,Reta,-23.16578,-45.81246,DEL02-SP,Risco Médio,Alta
terça-feira,BR-262,367.0,Pleno dia,Decrescente,Céu Claro,Dupla,Reta,-19.9697,-44.3315,DEL01-MG,Risco Médio,Média
quinta-feira,BR-354,754.8,Pleno dia,Crescente,Nublado,Simples,Reta,-22.3048,-44.85575,DEL17-MG,Risco Médio,Baixa
sexta-feira,BR-101,419.0,Plena Noite,Decrescente,Céu Claro,Dupla,Desvio Temporário,-28.98809,-49.54482,DEL02-SC,Risco Médio,Alta
sábado,BR-280,129.0,Plena Noite,Crescente,Céu Claro,Simples,Não Informado,-26.24586,-49.52285,DEL06-SC,Risco Baixo,Baixa
segunda-feira,BR-101,103.7,Pleno dia,Crescente,Céu Claro,Dupla,Curva,-7.299593,-34.93848,DEL01-PB,Risco Médio,Alta
terça-feira,BR-116,413.8,Plena Noite,Crescente,Céu Claro,Simples,Desvio Temporário,-18.87391,-41.96637,DEL06-MG,Risco Médio,Alta
sábado,BR-277,28.0,Pleno dia,Decrescente,Céu Claro,Dupla,Reta,-25.52875,-48.73513,DEL01-PR,Risco Baixo,Média
quinta-feira,BR-251,350.6,Pleno dia,Decrescente,Céu Claro,Simples,Desvio Temporário,-16.28127,-42.53473,DEL12-MG,Risco Médio,Baixa
quarta-feira,BR-277,519.0,Pleno dia,Crescente,Sol,Simples,Reta,-25.11162,-52.84195,DEL04-PR,Risco Médio,Média
sábado,BR-101,213.0,Plena Noite,Decrescente,Chuva,Múltipla,Reta,-27.63697,-48.66514,DEL01-SC,Risco Médio,Alta
segunda-feira,BR-101,790.0,Plena Noite,Crescente,Ignorado,Simples,Curva,-16.57547,-39.55367,DEL09-BA,Risco Baixo,Alta
sábado,BR-153,532.5,Pleno dia,Decrescente,Chuva,Dupla,Não Informado,-16.9761,-49.2302,DEL01-GO,Risco Médio,Alta
quinta-feira,BR-10,120.0,Plena Noite,Crescente,Céu Claro,Simples,Curva,-6.6514,-47.4363,DEL04-MA,Risco Alto,Baixa
quarta-feira,BR-101,259.0,Pleno dia,Crescente,Nublado,Dupla,Reta,-22.70382,-42.59638,DEL02-RJ,Risco Médio,Alta
segunda-feira,BR-343,436.8,Pleno dia,Decrescente,Céu Claro,Simples,Reta,-5.820244,-42.62231,DEL01-PI,Risco Médio,Baixa
domingo,BR-369,138.5,Pleno dia,Crescente,Chuva,Dupla,Rotatória,-23.2695,-51.0437,DEL07-PR,Risco Médio,Baixa
quarta-feira,BR-40,275.9,Pleno dia,Crescente,Céu Claro,Simples,Não Informado,-18.19946,-45.23771,DEL14-MG,Risco Médio,Alta
sexta-feira,BR-116,533.4,Plena Noite,Decrescente,Céu Claro,Simples,Desvio Temporário,-7.735474,-39.04894,DEL05-CE,Risco Alto,Alta
terça-feira,BR-267,364.7,Pleno dia,Decrescente,Céu Claro,Simples,Rotatória,-21.83659,-45.40094,DEL05-MG,Risco Médio,Baixa
sábado,BR-364,14.9,Pleno dia,Crescente,Céu Claro,Dupla,Curva,-12.73898,-60.13911,DEL04-RO,Risco Baixo,Alta
sábado,BR-116,140.0,Plena Noite,Crescente,Céu Claro,Simples,Reta,-26.96626,-50.40928,DEL06-SC,Risco Médio,Alta
domingo,BR-277,97.0,Plena Noite,Crescente,Ignorado,Dupla,Reta,-25.4318,-49.35448,DEL01-PR,Risco Médio,Média
domingo,BR-116,8.5,Anoitecer,Crescente,Céu Claro,Simples,Desvio Temporário,-14.84938,-40.88436,DEL08-BA,Risco Baixo,Alta
domingo,BR-316,263.0,Plena Noite,Crescente,Céu Claro,Simples,Interseção de vias,-3.674958,-45.37086,DEL02-MA,Risco Médio,Baixa
sexta-feira,BR-376,315.3,Plena Noite,Decrescente,Céu Claro,Simples,Curva,-23.99357,-51.08774,DEL07-PR,Risco Médio,Baixa
terça-feira,BR-381,491.0,Anoitecer,Decrescente,Céu Claro,Dupla,Interseção de vias,-19.95746,-44.14972,DEL01-MG,Risco Médio,Alta
domingo,BR-316,7.4,Pleno dia,Decrescente,Céu Claro,Simples,Reta,-5.155846,-42.77173,DEL01-PI,Risco Médio,Baixa
domingo,BR-285,121.1,Plena Noite,Decrescente,Nublado,Simples,Interseção de vias,-28.51026,-50.93622,DEL05-RS,Risco Médio,Baixa
sábado,BR-156,229.7,Pleno dia,Crescente,Céu Claro,Dupla,Não Informado,0.2312165,-51.154,DEL01-AP,Risco Médio,Baixa
quinta-feira,BR-316,214.3,Pleno dia,Decrescente,Chuva,Simples,Curva,-9.51096,-36.22157,DEL01-AL,Risco Baixo,Baixa
sexta-feira,BR-381,827.5,Pleno dia,Decrescente,Sol,Dupla,Reta,-22.1104,-45.74528,DEL16-MG,Risco Baixo,Alta
segunda-feira,BR-101,144.9,Plena Noite,Decrescente,Nublado,Múltipla,Reta,-19.35958,-40.06422,DEL04-ES,Risco Médio,Alta
quarta-feira,BR-222,34.0,Pleno dia,Decrescente,Chuva,Simples,Reta,-3.704988,-38.84967,DEL01-CE,Risco Médio,Baixa
sexta-feira,BR-116,10.9,Pleno dia,Crescente,Céu Claro,Simples,Reta,-14.87008,-40.8715,DEL08-BA,Risco Médio,Alta
terça-feira,BR-40,5.0,Pleno dia,Decrescente,Céu Claro,Dupla,Retorno Regulamentado,-16.0209,-47.98054,DEL01-DF,Risco Médio,Alta
sexta-feira,BR-116,222.0,Pleno dia,Crescente,Nublado,Múltipla,Reta,-23.47093,-46.51631,DEL01-SP,Risco Médio,Alta
quinta-feira,BR-381,419.0,Pleno dia,Decrescente,Céu Claro,Simples,Curva,-19.77067,-43.64873,DEL01-MG,Risco Médio,Alta
sábado,BR-116,823.0,Pleno dia,Crescente,Céu Claro,Dupla,Interseção de vias,-14.86004,-40.84974,DEL08-BA,Risco Médio,Alta
domingo,BR-116,282.8,Plena Noite,Decrescente,Nublado,Dupla,Interseção de vias,-23.66612,-46.85463,DEL04-SP,Risco Médio,Alta
sexta-feira,BR-116,706.2,Plena Noite,Crescente,Céu Claro,Simples,Interseção de vias,-21.13836,-42.38556,DEL07-MG,Risco Médio,Alta
quinta-feira,BR-482,72.0,Plena Noite,Decrescente,Céu Claro,Simples,Reta,-20.76179,-41.45446,DEL03-ES,Risco Médio,Baixa
sábado,BR-381,516.0,Plena Noite,Decrescente,Chuva,Dupla,Curva,-20.0987,-44.317,DEL01-MG,Risco Médio,Alta
sexta-feira,BR-470,66.9,Pleno dia,Decrescente,Chuva,Simples,Reta,-26.87041,-49.22184,DEL04-SC,Risco Médio,Baixa