dia_semana,br,km,fase_dia,sentido_via,condicao_metereologica,tipo_pista,tracado_via,latitude,longitude,delegacia,classificacao_acidente,postos_policiais_PRF
domingo,BR-222,237.9,Plena Noite,Crescente,Céu Claro,Simples,Não Informado,-3.719358,-40.45252,DEL04-CE,Risco Alto,Baixa
quinta-feira,BR-101,113.0,Pleno dia,Crescente,Nublado,Simples,Reta,-12.15694,-38.50336,DEL01-BA,Risco Baixo,Alta
domingo,BR-369,508.5,Pleno dia,Crescente,Sol,Simples,Reta,-24.844,-53.3169,DEL04-PR,Risco Alto,Baixa
terça-feira,BR-262,46.0,Pleno dia,Crescente,Céu Claro,Simples,Reta,-20.40566,-40.6728,DEL01-ES,Risco Médio,Média
terça-feira,BR-381,482.5,Pleno dia,Decrescente,Sol,Dupla,Reta,-19.95553,-44.09721,DEL01-MG,Risco Médio,Alta
quinta-feira,BR-242,786.0,Plena Noite,Crescente,Céu Claro,Simples,Curva,-12.10483,-44.96365,DEL10-BA,Risco Médio,Baixa
quarta-feira,BR-101,134.0,Pleno dia,Crescente,Céu Claro,Simples,Reta,-19.26603,-40.08886,DEL04-ES,Risco Médio,Alta
segunda-feira,BR-381,30.5,Pleno dia,Crescente,Céu Claro,Simples,Reta,-23.04885,-46.56483,DEL03-SP,Risco Médio,Alta
quinta-feira,BR-280,58.0,Pleno dia,Crescente,Céu Claro,Dupla,Reta,-26.47426,-49.02317,DEL03-SC,Risco Médio,Baixa
segunda-feira,BR-101,197.0,Pleno dia,Decrescente,Sol,Múltipla,Interseção de vias,-27.51844,-48.63848,DEL01-SC,Risco Médio,Alta
domingo,BR-40,812.2,Pleno dia,Decrescente,Céu Claro,Dupla,Curva,-21.88196,-43.32943,DEL05-MG,Risco Médio,Alta
sexta-feira,BR-381,331.0,Pleno dia,Crescente,Chuva,Dupla,Curva,-19.76142,-43.04748,DEL03-MG,Risco Médio,Alta
segunda-feira,BR-277,725.5,Pleno dia,Decrescente,Céu Claro,Dupla,Reta,-25.51092,-54.54979,DEL05-PR,Risco Médio,Média
sexta-feira,BR-40,457.0,Pleno dia,Decrescente,Garoa/Chuvisco,Dupla,Curva,-19.3881,-44.3354,DEL02-MG,Risco Baixo,Alta
sábado,BR-174,500.0,Plena Noite,Crescente,Céu Claro,Dupla,Reta,2.776633,-60.70886,DEL01-RR,Risco Médio,Baixa
segunda-feira,BR-262,559.0,Pleno dia,Decrescente,Céu Claro,Simples,Curva,-19.72,-45.933,DEL08-MG,Risco Alto,Média
quinta-feira,BR-259,57.7,Pleno dia,Decrescente,Céu Claro,Simples,Interseção de vias,-19.50866,-40.65581,DEL02-ES,Risco Médio,Baixa
sexta-feira,BR-116,52.9,Pleno dia,Crescente,Nublado,Dupla,Rotatória,-22.75037,-45.10601,DEL08-SP,Risco Médio,Alta
domingo,BR-116,124.1,Amanhecer,Decrescente,Céu Claro,Simples,Curva,-29.02621,-51.08368,DEL05-RS,Risco Médio,Alta
quarta-feira,BR-116,470.9,Pleno dia,Crescente,Céu Claro,Simples,Reta,-7.251678,-38.84126,DEL05-CE,Risco Médio,Alta
sexta-feira,BR-369,185.1,Pleno dia,Decrescente,Céu Claro,Simples,Interseção de vias,-23.4073,-51.42824,DEL07-PR,Risco Médio,Baixa
quarta-feira,BR-110,97.0,Pleno dia,Decrescente,Céu Claro,Simples,Reta,-8.372474,-37.29328,DEL03-PE,Risco Médio,Baixa
sexta-feira,BR-470,55.4,Plena Noite,Crescente,Céu Claro,Simples,Reta,-26.8756,-49.11799,DEL04-SC,Risco Baixo,Baixa
domingo,BR-101,110.9,Anoitecer,Crescente,Céu Claro,Dupla,Reta,-26.83477,-48.70615,DEL04-SC,Risco Baixo,Alta
domingo,BR-116,199.0,Pleno dia,Decrescente,Céu Claro,Dupla,Reta,-22.73361,-43.6199,DEL01-RJ,Risco Baixo,Alta
quarta-feira,BR-364,706.0,Anoitecer,Crescente,Céu Claro,Múltipla,Interseção de vias,-8.800305,-63.82343,DEL01-RO,Risco Médio,Alta
sexta-feira,BR-153,702.4,Pleno dia,Decrescente,Céu Claro,Dupla,Reta,-18.4103,-49.1965,DEL03-GO,Risco Baixo,Alta
segunda-feira,BR-116,54.3,Pleno dia,Decrescente,Céu Claro,Simples,Reta,-26.39448,-50.1648,DEL06-SC,Risco Médio,Alta
quarta-feira,BR-116,117.0,Pleno dia,Crescente,Céu Claro,Múltipla,Reta,-25.5577,-49.3064,DEL01-PR,Risco Médio,Alta
domingo,BR-101,118.0,Pleno dia,Decrescente,Céu Claro,Dupla,Retorno Regulamentado,-6.016059,-35.25348,DEL01-RN,Risco Baixo,Alta
domingo,BR-101,266.5,Plena Noite,Crescente,Nublado,Dupla,Interseção de vias,-20.1902,-40.26829,DEL02-ES,Risco Médio,Alta
quarta-feira,BR-153,334.2,Plena Noite,Crescente,Nublado,Simples,Reta,-8.837718,-48.51171,DEL02-TO,Risco Médio,Alta
sábado,BR-116,342.5,Plena Noite,Crescente,Nublado,Dupla,Reta,-24.0166,-47.1688,DEL04-SP,Risco Baixo,Alta
quinta-feira,BR-101,510.0,Pleno dia,Crescente,Sol,Simples,Reta,-22.95213,-44.43611,DEL03-RJ,Risco Médio,Alta
domingo,BR-290,70.0,Amanhecer,Decrescente,Céu Claro,Dupla,Reta,-29.94805,-50.95619,DEL03-RS,Risco Baixo,Baixa
segunda-feira,BR-364,403.0,Pleno dia,Crescente,Céu Claro,Dupla,Reta,-15.66507,-55.96308,DEL02-MT,Risco Médio,Alta
quarta-feira,BR-364,152.5,Plena Noite,Crescente,Céu Claro,Simples,Curva,-16.78159,-54.22395,DEL02-MT,Risco Alto,Alta
domingo,BR-135,2.7,Plena Noite,Decrescente,Céu Claro,Dupla,Reta,-2.598067,-44.24574,DEL01-MA,Risco Médio,Baixa
domingo,BR-101,239.0,Amanhecer,Decrescente,Céu Claro,Dupla,Reta,-22.62542,-42.42803,DEL02-RJ,Risco Alto,Alta
segunda-feira,BR-60,94.0,Pleno dia,Decrescente,Céu Claro,Múltipla,Reta,-16.3611,-48.9328,DEL02-GO,Risco Médio,Média
sexta-feira,BR-101,145.0,Plena Noite,Crescente,Céu Claro,Dupla,Reta,-19.32767,-40.07195,DEL04-ES,Risco Médio,Alta
segunda-feira,BR-324,515.0,Plena Noite,Crescente,Céu Claro,Simples,Reta,-12.24292,-38.93903,DEL02-BA,Risco Médio,Baixa
terça-feira,BR-476,129.0,Plena Noite,Crescente,Chuva,Dupla,Reta,-25.44354,-49.23414,DEL01-PR,Risco Médio,Baixa
sexta-feira,BR-364,13.8,Pleno dia,Decrescente,Céu Claro,Simples,Reta,-12.7414,-60.13026,DEL04-RO,Risco Médio,Alta
terça-feira,BR-392,101.7,Pleno dia,Crescente,Nublado,Simples,Não Informado,-31.53007,-52.58462,DEL07-RS,Risco Médio,Média
terça-feira,BR-262,252.4,Pleno dia,Crescente,Sol,Simples,Reta,-20.41093,-53.86871,DEL01-MS,Risco Médio,Média
terça-feira,BR-392,644.4,Plena Noite,Crescente,Céu Claro,Simples,Não Informado,-28.14784,-54.57265,DEL10-RS,Risco Médio,Média
terça-feira,BR-40,21.6,Pleno dia,Crescente,Nublado,Dupla,Reta,-22.12095,-43.15742,DEL06-RJ,Risco Médio,Alta
quinta-feira,BR-40,549.5,Plena Noite,Crescente,Céu Claro,Dupla,Reta,-20.03972,-43.96703,DEL01-MG,Risco Médio,Alta
terça-feira,BR-373,173.5,Amanhecer,Decrescente,Céu Claro,Dupla,Curva,-25.0804,-50.2009,DEL03-PR,Risco Baixo,Baixa
terça-feira,BR-364,122.6,Pleno dia,Decrescente,Sol,Dupla,Reta,-10.00634,-67.80197,DEL01-AC,Risco Médio,Alta
sexta-feira,BR-316,287.0,Pleno dia,Crescente,Nublado,Simples,Reta,-3.797174,-45.20569,DEL02-MA,Risco Médio,Baixa
sábado,BR-101,811.0,Pleno dia,Decrescente,Céu Claro,Simples,Curva,-17.21763,-39.60729,DEL09-BA,Risco Baixo,Alta
sexta-feira,BR-364,276.5,Plena Noite,Decrescente,Céu Claro,Simples,Reta,-17.64904,-52.35801,DEL05-GO,Risco Alto,Alta
quarta-feira,BR-232,82.0,Plena Noite,Decrescente,Nublado,Dupla,Reta,-8.199764,-35.58844,DEL02-PE,Risco Médio,Baixa
sexta-feira,BR-40,257.1,Amanhecer,Decrescente,Céu Claro,Simples,Reta,-18.13558,-45.38218,DEL14-MG,Risco Médio,Alta
sábado,BR-158,106.8,Plena Noite,Crescente,Céu Claro,Simples,Curva,-26.88047,-53.17374,DEL07-SC,Risco Baixo,Baixa
sexta-feira,BR-101,426.0,Plena Noite,Decrescente,Céu Claro,Simples,Curva,-22.92769,-43.97266,DEL03-RJ,Risco Médio,Alta
domingo,BR-423,161.0,Plena Noite,Crescente,Céu Claro,Simples,Reta,-9.09475,-36.98348,DEL03-PE,Risco Alto,Baixa
terça-feira,BR-282,368.6,Pleno dia,Crescente,Céu Claro,Simples,Reta,-27.28423,-51.43418,DEL07-SC,Risco Médio,Baixa
sábado,BR-50,46.0,Pleno dia,Crescente,Céu Claro,Dupla,Não Informado,-18.72017,-48.20216,DEL15-MG,Risco Médio,Média
quarta-feira,BR-277,669.2,Pleno dia,Decrescente,Sol,Dupla,Não Informado,-25.27562,-54.07099,DEL05-PR,Risco Baixo,Média
quarta-feira,BR-476,191.0,Pleno dia,Decrescente,Sol,Dupla,Não Informado,-25.72612,-49.69971,DEL01-PR,Risco Médio,Baixa
quinta-feira,BR-101,193.3,Plena Noite,Crescente,Garoa/Chuvisco,Dupla,Reta,-27.48957,-48.65591,DEL01-SC,Risco Baixo,Alta
quinta-feira,BR-381,811.9,Pleno dia,Crescente,Céu Claro,Dupla,Curva,-22.00566,-45.67579,DEL16-MG,Risco Médio,Alta
quinta-feira,BR-101,44.9,Pleno dia,Decrescente,Céu Claro,Simples,Curva,-23.41715,-45.0677,DEL06-SP,Risco Médio,Alta
terça-feira,BR-470,42.6,Plena Noite,Decrescente,Céu Claro,Simples,Reta,-26.87572,-49.00375,DEL04-SC,Risco Médio,Baixa
quinta-feira,BR-116,244.0,Pleno dia,Decrescente,Céu Claro,Dupla,Reta,-29.74088,-51.1504,DEL01-RS,Risco Médio,Alta
terça-feira,BR-262,477.6,Plena Noite,Crescente,Vento,Simples,Interseção de vias,-19.78284,-45.25999,DEL08-MG,Risco Médio,Média
sábado,BR-290,170.6,Pleno dia,Decrescente,Céu Claro,Simples,Desvio Temporário,-30.12516,-51.91016,DEL02-RS,Risco Médio,Baixa
quinta-feira,BR-369,245.1,Pleno dia,Decrescente,Sol,Simples,Reta,-23.70512,-51.73887,DEL07-PR,Risco Médio,Baixa
quinta-feira,BR-50,186.2,Pleno dia,Decrescente,Chuva,Dupla,Reta,-19.82428,-47.891,DEL13-MG,Risco Médio,Média
quinta-feira,BR-40,5.0,Pleno dia,Crescente,Chuva,Dupla,Retorno Regulamentado,-16.09343,-47.98219,DEL01-DF,Risco Médio,Alta
sábado,BR-267,457.9,Pleno dia,Crescente,Sol,Simples,Desvio Temporário,-21.45823,-56.11462,DEL05-MS,Risco Baixo,Baixa
sábado,BR-116,6.0,Pleno dia,Decrescente,Céu Claro,Dupla,Reta,-3.802624,-38.504,DEL01-CE,Risco Médio,Alta
quarta-feira,BR-277,651.4,Plena Noite,Decrescente,Céu Claro,Simples,Reta,-25.19744,-53.94342,DEL05-PR,Risco Baixo,Média
sábado,BR-235,52.0,Pleno dia,Crescente,Nublado,Simples,Reta,-10.69607,-37.43577,DEL01-SE,Risco Médio,Baixa
domingo,BR-116,278.0,Pleno dia,Decrescente,Céu Claro,Dupla,Curva,-23.63602,-46.82922,DEL04-SP,Risco Baixo,Alta
domingo,BR-316,49.0,Pleno dia,Decrescente,Céu Claro,Dupla,Reta,-1.306093,-48.007,DEL01-PA,Risco Médio,Baixa
domingo,BR-267,80.4,Pleno dia,Crescente,Nublado,Simples,Curva,-21.75479,-43.21242,DEL05-MG,Risco Alto,Baixa
quarta-feira,BR-153,145.0,Plena Noite,Decrescente,Nublado,Simples,Reta,-7.2172,-48.24573,DEL02-TO,Risco Médio,Alta
sexta-feira,BR-470,64.5,Pleno dia,Crescente,Chuva,Simples,Reta,-26.86987,-49.20186,DEL04-SC,Risco Médio,Baixa
quarta-feira,BR-393,114.7,Plena Noite,Crescente,Céu Claro,Simples,Curva,-21.90847,-42.73542,DEL06-RJ,Risco Médio,Média
quarta-feira,BR-116,464.0,Plena Noite,Decrescente,Nublado,Dupla,Reta,-24.63518,-47.90878,DEL05-SP,Risco Alto,Alta
domingo,BR-116,497.0,Plena Noite,Decrescente,Céu Claro,Dupla,Reta,-24.76729,-48.1686,DEL05-SP,Risco Baixo,Alta
domingo,BR-116,20.0,Anoitecer,Crescente,Céu Claro,Simples,Reta,-14.851,-40.8485,DEL08-BA,Risco Médio,Alta
domingo,BR-50,90.0,Pleno dia,Crescente,Céu Claro,Dupla,Reta,-19.04872,-48.19677,DEL15-MG,Risco Médio,Média
domingo,BR-282,184.0,Plena Noite,Crescente,Nevoeiro/Neblina,Simples,Não Informado,-27.73336,-49.97826,DEL05-SC,Risco Médio,Baixa
sábado,BR-153,515.4,Pleno dia,Crescente,Sol,Dupla,Reta,-16.8413,-49.2454,DEL01-GO,Risco Médio,Alta
terça-feira,BR-495,28.0,Pleno dia,Crescente,Nublado,Simples,Curva,-22.3963,-43.12026,DEL06-RJ,Risco Médio,Baixa
sábado,BR-40,448.0,Pleno dia,Crescente,Céu Claro,Múltipla,Não Informado,-19.30165,-44.37792,DEL02-MG,Risco Baixo,Alta
domingo,BR-101,47.5,Pleno dia,Decrescente,Chuva,Simples,Rotatória,-23.43398,-45.08556,DEL06-SP,Risco Médio,Alta
domingo,BR-135,6.0,Plena Noite,Decrescente,Ignorado,Dupla,Curva,-2.53073,-44.3068,DEL01-MA,Risco Médio,Baixa
quinta-feira,BR-407,128.5,Plena Noite,Decrescente,Céu Claro,Dupla,Não Informado,-9.395024,-40.50799,DEL06-PE,Risco Alto,Baixa
quinta-feira,BR-20,12.5,Pleno dia,Decrescente,Chuva,Dupla,Reta,-15.64281,-47.75779,DEL02-DF,Risco Médio,Baixa
domingo,BR-101,207.0,Pleno dia,Decrescente,Céu Claro,Múltipla,Não Informado,-27.60001,-48.62265,DEL01-SC,Risco Médio,Alta
sábado,BR-163,956.0,Pleno dia,Decrescente,Sol,Simples,Não Informado,-10.84917,-55.18776,DEL06-MT,Risco Baixo,Alta
sábado,BR-116,184.0,Pleno dia,Decrescente,Garoa/Chuvisco,Dupla,Reta,-22.74647,-43.44594,DEL01-RJ,Risco Médio,Alta
domingo,BR-10,174.0,Plena Noite,Decrescente,Céu Claro,Simples,Reta,-2.91208,-47.4377,DEL02-PA,Risco Médio,Baixa
domingo,BR-110,133.0,Pleno dia,Crescente,Céu Claro,Simples,Curva,-10.5323,-38.3837,DEL07-BA,Risco Médio,Baixa
quarta-feira,BR-101,295.2,Pleno dia,Decrescente,Céu Claro,Múltipla,Reta,-20.33224,-40.40005,DEL01-ES,Risco Médio,Alta
domingo,BR-316,47.0,Pleno dia,Decrescente,Céu Claro,Dupla,Reta,-1.285368,-48.0627,DEL01-PA,Risco Médio,Baixa
sexta-feira,BR-424,64.0,Plena Noite,Crescente,Nevoeiro/Neblina,Simples,Reta,-8.753403,-36.66758,DEL03-PE,Risco Médio,Baixa
quarta-feira,BR-285,153.7,Pleno dia,Decrescente,Chuva,Simples,Curva,-28.33298,-51.16908,DEL05-RS,Risco Médio,Baixa
quinta-feira,BR-116,512.0,Pleno dia,Decrescente,Chuva,Dupla,Curva,-24.84304,-48.22028,DEL05-SP,Risco Médio,Alta
sexta-feira,BR-463,107.0,Pleno dia,Crescente,Céu Claro,Simples,Reta,-22.59094,-55.67301,DEL04-MS,Risco Médio,Baixa
terça-feira,BR-376,198.1,Pleno dia,Crescente,Céu Claro,Dupla,Reta,-23.50096,-51.76061,DEL07-PR,Risco Baixo,Baixa
terça-feira,BR-471,150.6,Pleno dia,Decrescente,Céu Claro,Simples,Interseção de vias,-29.8175,-52.4034,DEL02-RS,Risco Médio,Baixa
sexta-feira,BR-222,237.1,Pleno dia,Crescente,Céu Claro,Simples,Reta,-3.719317,-40.45243,DEL04-CE,Risco Alto,Baixa
quinta-feira,BR-476,224.4,Pleno dia,Decrescente,Céu Claro,Simples,Curva,-25.8472,-49.94132,DEL02-PR,Risco Baixo,Baixa
terça-feira,BR-285,126.6,Amanhecer,Crescente,Nevoeiro/Neblina,Simples,Curva,-28.47217,-50.968,DEL05-RS,Risco Médio,Baixa
sexta-feira,BR-364,213.0,Pleno dia,Crescente,Céu Claro,Simples,Reta,-17.84585,-51.9184,DEL05-GO,Risco Alto,Alta
domingo,BR-116,218.1,Pleno dia,Crescente,Céu Claro,Simples,Interseção de vias,-23.45797,-46.47993,DEL01-SP,Risco Médio,Alta
segunda-feira,BR-101,308.0,Pleno dia,Crescente,Céu Claro,Simples,Reta,-20.432,-40.4595,DEL03-ES,Risco Médio,Alta
sábado,BR-343,512.0,Pleno dia,Crescente,Sol,Simples,Reta,-6.296729,-42.81234,DEL03-PI,Risco Médio,Baixa
terça-feira,BR-101,330.0,Pleno dia,Crescente,Céu Claro,Dupla,Reta,-28.45116,-48.97287,DEL02-SC,Risco Médio,Alta
domingo,BR-174,503.0,Pleno dia,Crescente,Céu Claro,Dupla,Curva,2.794901,-60.69844,DEL01-RR,Risco Médio,Baixa
sábado,BR-280,301.0,Plena Noite,Crescente,Nevoeiro/Neblina,Simples,Reta,-26.28208,-51.03061,DEL06-SC,Risco Alto,Baixa
domingo,BR-230,248.0,Pleno dia,Crescente,Céu Claro,Simples,Reta,-6.983839,-42.52597,DEL03-PI,Risco Médio,Baixa
quarta-feira,BR-381,485.0,Plena Noite,Decrescente,Chuva,Dupla,Reta,-19.95659,-44.12623,DEL01-MG,Risco Médio,Alta
sexta-feira,BR-230,157.6,Pleno dia,Decrescente,Nublado,Simples,Interseção de vias,-7.262979,-35.92104,DEL02-PB,Risco Baixo,Baixa
quinta-feira,BR-392,74.4,Pleno dia,Decrescente,Céu Claro,Simples,Reta,-31.70542,-52.40747,DEL07-RS,Risco Médio,Média
sexta-feira,BR-116,252.0,Pleno dia,Crescente,Chuva,Simples,Reta,-29.8043,-51.16652,DEL01-RS,Risco Baixo,Alta
quinta-feira,BR-222,2.1,Pleno dia,Crescente,Céu Claro,Dupla,Reta,-3.7391,-38.58786,DEL01-CE,Risco Baixo,Baixa
quinta-feira,BR-101,360.0,Plena Noite,Decrescente,Ignorado,Simples,Reta,-28.6529,-49.1068,DEL02-SC,Risco Médio,Alta
sexta-feira,BR-262,327.0,Pleno dia,Decrescente,Céu Claro,Dupla,Reta,-20.0,-54.0,DEL01-MS,Risco Baixo,Média
segunda-feira,BR-101,247.0,Pleno dia,Decrescente,Nublado,Simples,Curva,-22.6588,-42.4942,DEL02-RJ,Risco Médio,Alta
quarta-feira,BR-316,37.9,Plena Noite,Crescente,Céu Claro,Simples,Não Informado,-1.285225,-48.14869,DEL01-PA,Risco Médio,Baixa
segunda-feira,BR-116,147.4,Pleno dia,Crescente,Nublado,Dupla,Interseção de vias,-23.19613,-45.87356,DEL02-SP,Risco Médio,Alta
sábado,BR-101,145.0,Pleno dia,Decrescente,Sol,Dupla,Reta,-27.0812,-48.6012,DEL04-SC,Risco Médio,Alta
sexta-feira,BR-316,223.0,Pleno dia,Crescente,Chuva,Simples,Curva,-9.4796,-36.155,DEL01-AL,Risco Baixo,Baixa
sexta-feira,BR-116,0.2,Pleno dia,Decrescente,Sol,Dupla,Reta,-29.96825,-51.17625,DEL05-RS,Risco Médio,Alta
terça-feira,BR-101,304.3,Pleno dia,Decrescente,Céu Claro,Dupla,Reta,-20.38006,-40.45431,DEL01-ES,Risco Médio,Alta
segunda-feira,BR-277,7.0,Pleno dia,Decrescente,Sol,Simples,Não Informado,-25.56076,-48.58132,DEL01-PR,Risco Médio,Média
sexta-feira,BR-232,15.8,Pleno dia,Decrescente,Nublado,Dupla,Curva,-8.093792,-35.0319,DEL01-PE,Risco Médio,Baixa
terça-feira,BR-101,330.0,Pleno dia,Crescente,Céu Claro,Dupla,Reta,-22.8685,-43.18549,DEL02-RJ,Risco Médio,Alta
domingo,BR-101,139.0,Plena Noite,Decrescente,Garoa/Chuvisco,Simples,Curva,-27.02982,-48.60115,DEL04-SC,Risco Médio,Alta
terça-feira,BR-101,39.0,Pleno dia,Decrescente,Céu Claro,Simples,Reta,-18.49121,-39.92116,DEL04-ES,Risco Médio,Alta
segunda-feira,BR-343,599.0,Plena Noite,Crescente,Céu Claro,Simples,Reta,-6.827629,-43.06465,DEL03-PI,Risco Médio,Baixa
sábado,BR-153,49.6,Plena Noite,Crescente,Céu Claro,Simples,Reta,-20.69997,-49.33946,DEL09-SP,Risco Alto,Alta
segunda-feira,BR-101,147.0,Plena Noite,Crescente,Nublado,Simples,Reta,-19.37887,-40.06658,DEL04-ES,Risco Médio,Alta
terça-feira,BR-364,139.0,Pleno dia,Decrescente,Céu Claro,Simples,Curva,-16.79241,-54.19586,DEL02-MT,Risco Médio,Alta
sexta-feira,BR-435,103.2,Pleno dia,Crescente,Sol,Simples,Curva,-13.19152,-60.63472,DEL04-RO,Risco Baixo,Baixa
sábado,BR-364,250.5,Anoitecer,Crescente,Nublado,Simples,Não Informado,-11.43783,-61.56075,DEL02-RO,Risco Médio,Alta
terça-feira,BR-470,235.2,Pleno dia,Crescente,Chuva,Simples,Não Informado,-27.30158,-50.44527,DEL05-SC,Risco Médio,Baixa
terça-feira,BR-459,37.1,Pleno dia,Decrescente,Nublado,Simples,Reta,-21.9861,-46.33038,DEL09-MG,Risco Médio,Baixa
sexta-feira,BR-316,13.2,Pleno dia,Crescente,Nublado,Dupla,Não Informado,-5.209631,-42.75527,DEL01-PI,Risco Baixo,Baixa
segunda-feira,BR-365,657.8,Plena Noite,Decrescente,Céu Claro,Dupla,Reta,-18.88728,-48.61749,DEL15-MG,Risco Médio,Média
sexta-feira,BR-230,293.0,Pleno dia,Decrescente,Céu Claro,Simples,Reta,-6.924108,-45.31626,DEL05-MA,Risco Médio,Baixa
sexta-feira,BR-381,722.4,Plena Noite,Decrescente,Ignorado,Dupla,Curva,-21.4485,-45.2114,DEL04-MG,Risco Médio,Alta
quarta-feira,BR-116,155.2,Plena Noite,Crescente,Nublado,Dupla,Não Informado,-23.24526,-45.92796,DEL02-SP,Risco Baixo,Alta
sexta-feira,BR-480,130.3,Pleno dia,Decrescente,Céu Claro,Simples,Reta,-27.05669,-52.63661,DEL07-SC,Risco Médio,Baixa
terça-feira,BR-290,156.2,Plena Noite,Crescente,Nublado,Simples,Reta,-30.10639,-51.76781,DEL02-RS,Risco Médio,Baixa
sexta-feira,BR-316,214.5,Pleno dia,Crescente,Sol,Simples,Curva,-9.518142,-36.23137,DEL01-AL,Risco Médio,Baixa
sexta-feira,BR-163,1047.0,Plena Noite,Decrescente,Céu Claro,Simples,Reta,-10.1023,-54.9247,DEL06-MT,Risco Médio,Alta
segunda-feira,BR-20,7.3,Plena Noite,Crescente,Céu Claro,Dupla,Não Informado,-15.66221,-47.79987,DEL02-DF,Risco Baixo,Baixa
sexta-feira,BR-20,11.3,Anoitecer,Crescente,Céu Claro,Dupla,Reta,-15.64654,-47.76642,DEL02-DF,Risco Médio,Baixa
sábado,BR-386,249.7,Plena Noite,Decrescente,Céu Claro,Simples,Reta,-28.8258,-52.47063,DEL04-RS,Risco Baixo,Média
segunda-feira,BR-407,127.0,Plena Noite,Decrescente,Ignorado,Simples,Interseção de vias,-9.391244,-40.51937,DEL06-PE,Risco Baixo,Baixa
sexta-feira,BR-262,497.5,Pleno dia,Decrescente,Sol,Simples,Curva,-19.78474,-45.40823,DEL08-MG,Risco Médio,Média
quarta-feira,BR-467,96.0,Amanhecer,Crescente,Chuva,Dupla,Reta,-24.87025,-53.56659,DEL04-PR,Risco Baixo,Baixa
domingo,BR-40,51.0,Plena Noite,Decrescente,Nublado,Simples,Reta,-17.24394,-46.79248,DEL14-MG,Risco Alto,Alta
sábado,BR-364,0.2,Plena Noite,Decrescente,Céu Claro,Dupla,Reta,-17.31871,-53.2119,DEL02-MT,Risco Médio,Alta
sábado,BR-290,108.0,Pleno dia,Decrescente,Chuva,Dupla,Reta,-30.00655,-51.31293,DEL02-RS,Risco Médio,Baixa
sábado,BR-116,87.0,Pleno dia,Decrescente,Céu Claro,Dupla,Reta,-22.93065,-45.36166,DEL08-SP,Risco Médio,Alta
domingo,BR-285,437.2,Plena Noite,Crescente,Nublado,Simples,Reta,-28.347,-53.71085,DEL10-RS,Risco Médio,Baixa
quinta-feira,BR-153,452.9,Anoitecer,Decrescente,Céu Claro,Simples,Curva,-26.24785,-51.16127,DEL02-PR,Risco Médio,Alta
sexta-feira,BR-101,25.0,Plena Noite,Decrescente,Céu Claro,Simples,Interseção de vias,-26.18347,-48.91059,DEL03-SC,Risco Médio,Alta
quinta-feira,BR-277,724.8,Pleno dia,Crescente,Céu Claro,Dupla,Reta,-25.50258,-54.53868,DEL05-PR,Risco Médio,Média
domingo,BR-267,161.0,Amanhecer,Crescente,Céu Claro,Simples,Curva,-21.82119,-43.7534,DEL05-MG,Risco Médio,Baixa
sexta-feira,BR-447,13.0,Plena Noite,Decrescente,Nublado,Dupla,Reta,-20.35784,-40.33283,DEL01-ES,Risco Médio,Baixa
sexta-feira,BR-116,105.4,Pleno dia,Crescente,Céu Claro,Dupla,Reta,-23.00758,-45.51467,DEL08-SP,Risco Baixo,Alta
quinta-feira,BR-472,580.0,Pleno dia,Decrescente,Céu Claro,Simples,Curva,-29.78894,-57.09002,DEL13-RS,Risco Baixo,Baixa
quinta-feira,BR-116,210.0,Plena Noite,Crescente,Nublado,Simples,Reta,-23.4295,-46.4127,DEL01-SP,Risco Médio,Alta
sexta-feira,BR-476,277.5,Plena Noite,Decrescente,Céu Claro,Simples,Curva,-25.87505,-50.39092,DEL02-PR,Risco Médio,Baixa
sábado,BR-116,12.7,Pleno dia,Decrescente,Céu Claro,Simples,Não Informado,-28.31161,-50.803,DEL05-RS,Risco Médio,Alta
domingo,BR-153,302.0,Amanhecer,Crescente,Céu Claro,Simples,Não Informado,-15.29486,-49.5689,DEL02-GO,Risco Alto,Alta
sábado,BR-101,141.2,Plena Noite,Crescente,Nublado,Simples,Reta,-19.32789,-40.07123,DEL04-ES,Risco Alto,Alta
sexta-feira,BR-101,129.0,Plena Noite,Decrescente,Céu Claro,Dupla,Reta,-19.35666,-40.06379,DEL04-ES,Risco Baixo,Alta
sábado,BR-20,98.5,Pleno dia,Decrescente,Chuva,Simples,Reta,-14.96062,-47.00449,DEL02-DF,Risco Baixo,Baixa
terça-feira,BR-381,361.0,Pleno dia,Crescente,Céu Claro,Simples,Não Informado,-19.83927,-43.19286,DEL03-MG,Risco Baixo,Alta
sábado,BR-101,20.7,Pleno dia,Crescente,Céu Claro,Dupla,Não Informado,-26.14068,-48.90299,DEL03-SC,Risco Médio,Alta
domingo,BR-476,180.9,Plena Noite,Crescente,Céu Claro,Simples,Curva,-25.70819,-49.6002,DEL01-PR,Risco Baixo,Baixa
sábado,BR-386,12.5,Amanhecer,Decrescente,Nevoeiro/Neblina,Simples,Não Informado,-27.22549,-53.31902,DEL08-RS,Risco Baixo,Média
quarta-feira,BR-282,231.1,Pleno dia,Crescente,Céu Claro,Simples,Reta,-27.78762,-50.43572,DEL05-SC,Risco Baixo,Baixa
sábado,BR-101,575.0,Amanhecer,Crescente,Céu Claro,Simples,Reta,-15.30515,-39.49394,DEL05-BA,Risco Médio,Alta