dia_semana,br,km,fase_dia,sentido_via,condicao_metereologica,tipo_pista,tracado_via,latitude,longitude,delegacia,classificacao_acidente,postos_policiais_PRF
sexta-feira,BR-163,75.0,Plena Noite,Decrescente,Nevoeiro/Neblina,Simples,Reta,-26.67847,-53.51551,DEL07-SC,Risco Médio,Alta
sábado,BR-262,34.0,Pleno dia,Crescente,Nublado,Simples,Não Informado,-20.3731,-40.59176,DEL01-ES,Risco Médio,Média
domingo,BR-101,357.0,Pleno dia,Decrescente,Céu Claro,Dupla,Curva,-28.6529,-49.1068,DEL02-SC,Risco Médio,Alta
quinta-feira,BR-277,722.0,Plena Noite,Crescente,Chuva,Dupla,Reta,-25.49495,-54.52095,DEL05-PR,Risco Médio,Média
sexta-feira,BR-259,99.5,Pleno dia,Decrescente,Céu Claro,Simples,Reta,-19.51757,-40.9995,DEL02-ES,Risco Médio,Baixa
terça-feira,BR-470,226.0,Pleno dia,Crescente,Céu Claro,Simples,Reta,-29.21556,-51.51744,DEL06-RS,Risco Médio,Baixa
sexta-feira,BR-50,279.0,Pleno dia,Crescente,Sol,Simples,Reta,-18.1739,-47.9289,DEL06-GO,Risco Médio,Média
terça-feira,BR-381,49.0,Plena Noite,Decrescente,Vento,Múltipla,Reta,-23.19109,-46.5846,DEL03-SP,Risco Médio,Alta
segunda-feira,BR-235,2.0,Plena Noite,Crescente,Céu Claro,Simples,Não Informado,-10.9062,-37.1034,DEL01-SE,Risco Médio,Baixa
sexta-feira,BR-116,251.2,Pleno dia,Decrescente,Céu Claro,Dupla,Reta,-29.79794,-51.16501,DEL01-RS,Risco Baixo,Alta
domingo,BR-116,221.0,Plena Noite,Crescente,Céu Claro,Dupla,Reta,-23.46802,-46.50705,DEL01-SP,Risco Baixo,Alta
domingo,BR-50,119.1,Plena Noite,Crescente,Céu Claro,Múltipla,Viaduto,-16.92873,-47.70573,DEL01-DF,Risco Médio,Média
domingo,BR-116,362.0,Plena Noite,Decrescente,Céu Claro,Simples,Reta,-11.69762,-38.98563,DEL02-BA,Risco Médio,Alta
domingo,BR-467,109.9,Pleno dia,Crescente,Céu Claro,Simples,Reta,-24.9299,-53.4505,DEL04-PR,Risco Médio,Baixa
segunda-feira,BR-101,377.0,Pleno dia,Decrescente,Chuva,Dupla,Reta,-28.7327,-49.2447,DEL02-SC,Risco Baixo,Alta
segunda-feira,BR-470,159.0,Plena Noite,Crescente,Ignorado,Simples,Reta,-28.80886,-51.60169,DEL06-RS,Risco Médio,Baixa
domingo,BR-277,130.5,Plena Noite,Decrescente,Chuva,Simples,Curva,-25.45536,-49.59812,DEL01-PR,Risco Baixo,Média
segunda-feira,BR-381,524.5,Pleno dia,Decrescente,Céu Claro,Dupla,Curva,-20.1407,-44.3184,DEL04-MG,Risco Médio,Alta
domingo,BR-101,88.7,Plena Noite,Crescente,Nublado,Dupla,Reta,-10.87828,-37.13394,DEL01-SE,Risco Médio,Alta
domingo,BR-101,568.0,Pleno dia,Crescente,Céu Claro,Simples,Reta,-23.17024,-44.71038,DEL03-RJ,Risco Médio,Alta
quinta-feira,BR-316,34.0,Plena Noite,Crescente,Céu Claro,Simples,Reta,-9.11394,-37.61779,DEL03-AL,Risco Médio,Baixa
quarta-feira,BR-50,174.0,Pleno dia,Decrescente,Céu Claro,Dupla,Reta,-19.76612,-47.9756,DEL13-MG,Risco Médio,Média
segunda-feira,BR-116,488.0,Anoitecer,Crescente,Céu Claro,Dupla,Reta,-24.73055,-48.1017,DEL05-SP,Risco Médio,Alta
sábado,BR-174,247.0,Pleno dia,Decrescente,Nublado,Simples,Não Informado,-15.49097,-59.03396,DEL04-MT,Risco Médio,Baixa
segunda-feira,BR-470,4.1,Amanhecer,Crescente,Céu Claro,Simples,Não Informado,-26.85847,-48.69079,DEL04-SC,Risco Médio,Baixa
domingo,BR-163,280.0,Pleno dia,Decrescente,Sol,Simples,Reta,-24.57345,-53.99581,DEL06-PR,Risco Médio,Alta
quinta-feira,BR-40,2.0,Plena Noite,Crescente,Céu Claro,Dupla,Reta,-15.99576,-47.98543,DEL01-DF,Risco Baixo,Alta
quarta-feira,BR-282,223.0,Pleno dia,Decrescente,Céu Claro,Simples,Reta,-27.80013,-50.36275,DEL05-SC,Risco Médio,Baixa
terça-feira,BR-364,669.0,Plena Noite,Crescente,Chuva,Simples,Reta,-8.774911,-63.48978,DEL01-RO,Risco Médio,Alta
sábado,BR-101,1.3,Pleno dia,Crescente,Nublado,Dupla,Reta,-25.98896,-48.88356,DEL03-SC,Risco Médio,Alta
terça-feira,BR-242,415.0,Pleno dia,Decrescente,Céu Claro,Simples,Desvio Temporário,-12.42862,-41.77926,DEL06-BA,Risco Médio,Baixa
quinta-feira,BR-158,317.6,Pleno dia,Crescente,Céu Claro,Simples,Não Informado,-29.66154,-53.77514,DEL09-RS,Risco Médio,Baixa
segunda-feira,BR-101,309.0,Plena Noite,Decrescente,Céu Claro,Dupla,Reta,-22.79499,-43.03446,DEL02-RJ,Risco Médio,Alta
sábado,BR-414,409.0,Pleno dia,Crescente,Nublado,Simples,Interseção de vias,-16.05859,-48.85402,DEL02-GO,Risco Médio,Baixa
sexta-feira,BR-158,405.0,Pleno dia,Decrescente,Céu Claro,Simples,Reta,-25.37215,-52.39015,DEL04-PR,Risco Médio,Baixa
quinta-feira,BR-116,5.4,Pleno dia,Decrescente,Céu Claro,Múltipla,Reta,-3.794671,-38.50773,DEL01-CE,Risco Médio,Alta
domingo,BR-70,204.0,Pleno dia,Crescente,Céu Claro,Simples,Curva,-15.72458,-53.7794,DEL05-MT,Risco Baixo,Baixa
domingo,BR-381,643.0,Pleno dia,Crescente,Céu Claro,Dupla,Reta,-20.9278,-44.8738,DEL04-MG,Risco Médio,Alta
sexta-feira,BR-40,24.0,Pleno dia,Crescente,Céu Claro,Dupla,Reta,-16.25383,-47.89957,DEL01-DF,Risco Médio,Alta
terça-feira,BR-116,178.3,Pleno dia,Decrescente,Céu Claro,Dupla,Reta,-22.78055,-43.39209,DEL01-RJ,Risco Médio,Alta
sábado,BR-262,4.0,Plena Noite,Decrescente,Céu Claro,Dupla,Reta,-20.33819,-40.38025,DEL01-ES,Risco Médio,Média
quinta-feira,BR-116,312.0,Plena Noite,Crescente,Céu Claro,Múltipla,Reta,-23.88343,-46.97369,DEL04-SP,Risco Baixo,Alta
segunda-feira,BR-116,40.0,Pleno dia,Decrescente,Céu Claro,Dupla,Curva,-4.094379,-38.50341,DEL01-CE,Risco Médio,Alta
quinta-feira,BR-153,500.5,Plena Noite,Crescente,Céu Claro,Dupla,Curva,-16.7118,-49.2324,DEL01-GO,Risco Baixo,Alta
sábado,BR-101,124.0,Pleno dia,Decrescente,Nublado,Dupla,Interseção de vias,-6.070068,-35.23832,DEL01-RN,Risco Médio,Alta
segunda-feira,BR-282,59.1,Pleno dia,Decrescente,Céu Claro,Simples,Reta,-27.67736,-49.01338,DEL01-SC,Risco Médio,Baixa
sábado,BR-153,17.5,Plena Noite,Crescente,Céu Claro,Simples,Reta,-23.13549,-49.94504,DEL07-PR,Risco Médio,Alta
segunda-feira,BR-163,681.0,Pleno dia,Crescente,Céu Claro,Simples,Reta,-18.91578,-54.83863,DEL06-MS,Risco Médio,Alta
quarta-feira,BR-70,6.9,Pleno dia,Crescente,Chuva,Dupla,Reta,-15.79124,-48.10576,DEL01-DF,Risco Baixo,Baixa
domingo,BR-235,37.4,Plena Noite,Decrescente,Céu Claro,Simples,Não Informado,-10.7705,-37.34215,DEL01-SE,Risco Alto,Baixa
quinta-feira,BR-104,68.2,Plena Noite,Crescente,Céu Claro,Dupla,Curva,-8.30888,-35.98996,DEL02-PE,Risco Baixo,Baixa
quarta-feira,BR-222,23.0,Pleno dia,Decrescente,Céu Claro,Simples,Reta,-3.9929,-41.41498,DEL02-PI,Risco Médio,Baixa
segunda-feira,BR-316,390.5,Pleno dia,Decrescente,Céu Claro,Simples,Não Informado,-7.293741,-40.81931,DEL04-PI,Risco Alto,Baixa
sexta-feira,BR-116,100.0,Plena Noite,Crescente,Garoa/Chuvisco,Dupla,Reta,-25.53379,-49.14664,DEL01-PR,Risco Médio,Alta
sábado,BR-381,636.0,Pleno dia,Crescente,Chuva,Dupla,Não Informado,-20.86655,-44.84149,DEL04-MG,Risco Baixo,Alta
quarta-feira,BR-369,4.4,Pleno dia,Crescente,Céu Claro,Simples,Reta,-24.0602,-52.4226,DEL07-PR,Risco Baixo,Baixa
sexta-feira,BR-40,516.1,Pleno dia,Decrescente,Céu Claro,Dupla,Reta,-19.8278,-44.0836,DEL01-MG,Risco Alto,Alta
sábado,BR-470,213.0,Plena Noite,Decrescente,Nublado,Simples,Interseção de vias,-29.14928,-51.53044,DEL06-RS,Risco Médio,Baixa
domingo,BR-101,58.0,Pleno dia,Crescente,Céu Claro,Simples,Reta,-10.65975,-37.02841,DEL02-SE,Risco Médio,Alta
quinta-feira,BR-116,828.2,Pleno dia,Decrescente,Céu Claro,Simples,Não Informado,-14.89728,-40.8665,DEL08-BA,Risco Médio,Alta
domingo,BR-101,29.5,Plena Noite,Crescente,Céu Claro,Dupla,Não Informado,-26.22376,-48.9163,DEL03-SC,Risco Médio,Alta
quinta-feira,BR-60,87.5,Pleno dia,Decrescente,Céu Claro,Dupla,Retorno Regulamentado,-16.3315,-48.8885,DEL02-GO,Risco Médio,Média
domingo,BR-116,263.0,Pleno dia,Decrescente,Sol,Múltipla,Curva,-22.57756,-44.11388,DEL07-RJ,Risco Médio,Alta
sábado,BR-376,170.9,Plena Noite,Decrescente,Céu Claro,Dupla,Desvio Temporário,-23.41007,-51.98714,DEL07-PR,Risco Médio,Baixa
quarta-feira,BR-262,79.0,Pleno dia,Crescente,Céu Claro,Simples,Reta,-20.3364,-42.3647,DEL03-MG,Risco Médio,Média
domingo,BR-10,336.7,Amanhecer,Decrescente,Céu Claro,Simples,Reta,-1.502109,-47.52451,DEL01-PA,Risco Médio,Baixa
sexta-feira,BR-376,657.0,Pleno dia,Decrescente,Nublado,Dupla,Curva,-25.8539,-49.0274,DEL01-PR,Risco Baixo,Baixa
terça-feira,BR-364,196.9,Pleno dia,Crescente,Sol,Simples,Não Informado,-11.68003,-61.18728,DEL02-RO,Risco Médio,Alta
sábado,BR-101,50.1,Plena Noite,Crescente,Céu Claro,Simples,Reta,-5.529889,-35.31768,DEL02-RN,Risco Médio,Alta
sexta-feira,BR-101,328.9,Plena Noite,Decrescente,Céu Claro,Dupla,Ponte,-28.45093,-48.97245,DEL02-SC,Risco Médio,Alta
sexta-feira,BR-222,221.8,Plena Noite,Crescente,Céu Claro,Simples,Reta,-3.718143,-40.3329,DEL04-CE,Risco Baixo,Baixa
sexta-feira,BR-116,823.7,Pleno dia,Decrescente,Sol,Dupla,Reta,-14.85963,-40.8495,DEL08-BA,Risco Médio,Alta
sexta-feira,BR-285,563.7,Pleno dia,Crescente,Nublado,Simples,Interseção de vias,-28.4172,-54.93835,DEL10-RS,Risco Médio,Baixa
quinta-feira,BR-60,503.1,Plena Noite,Crescente,Céu Claro,Simples,Curva,-21.22057,-55.53717,DEL01-MS,Risco Médio,Média
sexta-feira,BR-101,225.6,Pleno dia,Crescente,Nublado,Simples,Reta,-12.69435,-39.15081,DEL01-BA,Risco Alto,Alta
segunda-feira,BR-232,5.7,Plena Noite,Crescente,Chuva,Dupla,Reta,-8.069927,-34.95079,DEL01-PE,Risco Médio,Baixa
sexta-feira,BR-376,380.6,Pleno dia,Decrescente,Céu Claro,Simples,Curva,-24.45228,-50.75742,DEL03-PR,Risco Alto,Baixa
domingo,BR-70,54.0,Pleno dia,Crescente,Nublado,Simples,Curva,-15.71764,-52.64758,DEL07-MT,Risco Médio,Baixa
sábado,BR-10,62.0,Plena Noite,Crescente,Chuva,Simples,Curva,-7.107089,-47.42821,DEL04-MA,Risco Alto,Baixa
segunda-feira,BR-110,36.3,Amanhecer,Crescente,Nublado,Simples,Reta,-5.168777,-37.23531,DEL04-RN,Risco Médio,Baixa
sábado,BR-153,487.8,Plena Noite,Decrescente,Céu Claro,Simples,Reta,-10.10951,-48.87437,DEL01-TO,Risco Alto,Alta
sábado,BR-277,595.5,Pleno dia,Crescente,Céu Claro,Simples,Reta,-24.98155,-53.50142,DEL04-PR,Risco Médio,Média
segunda-feira,BR-153,37.0,Pleno dia,Crescente,Chuva,Dupla,Reta,-18.72599,-49.11705,DEL15-MG,Risco Baixo,Alta
domingo,BR-365,476.8,Amanhecer,Decrescente,Céu Claro,Simples,Rotatória,-18.91384,-47.04104,DEL10-MG,Risco Médio,Média
quarta-feira,BR-70,19.5,Pleno dia,Decrescente,Chuva,Dupla,Curva,-15.78887,-48.22024,DEL01-DF,Risco Médio,Baixa
segunda-feira,BR-364,208.0,Pleno dia,Decrescente,Garoa/Chuvisco,Simples,Reta,-11.59809,-61.23749,DEL02-RO,Risco Baixo,Alta
domingo,BR-153,75.2,Pleno dia,Crescente,Nublado,Simples,Curva,-27.0849,-51.90986,DEL07-SC,Risco Alto,Alta
quarta-feira,BR-116,823.7,Pleno dia,Decrescente,Céu Claro,Dupla,Reta,-14.8598,-40.84947,DEL08-BA,Risco Médio,Alta
quarta-feira,BR-365,51.0,Plena Noite,Decrescente,Garoa/Chuvisco,Simples,Reta,-16.9495,-44.24374,DEL12-MG,Risco Médio,Média
segunda-feira,BR-116,220.5,Anoitecer,Crescente,Céu Claro,Múltipla,Reta,-23.46473,-46.49794,DEL01-SP,Risco Médio,Alta
domingo,BR-101,41.0,Anoitecer,Crescente,Chuva,Dupla,Curva,-26.3164,-48.8735,DEL03-SC,Risco Médio,Alta
sexta-feira,BR-381,618.1,Pleno dia,Decrescente,Céu Claro,Dupla,Reta,-20.76896,-44.78172,DEL04-MG,Risco Médio,Alta
sexta-feira,BR-369,473.3,Plena Noite,Decrescente,Nublado,Simples,Interseção de vias,-24.58778,-53.20157,DEL09-PR,Risco Médio,Baixa
sexta-feira,BR-316,134.0,Plena Noite,Decrescente,Céu Claro,Simples,Reta,-2.712786,-45.73001,DEL02-MA,Risco Alto,Baixa
segunda-feira,BR-153,512.0,Plena Noite,Decrescente,Céu Claro,Dupla,Reta,-16.8156,-49.2402,DEL01-GO,Risco Médio,Alta
segunda-feira,BR-101,117.3,Pleno dia,Crescente,Sol,Dupla,Desvio Temporário,-26.88747,-48.72253,DEL04-SC,Risco Médio,Alta
sábado,BR-10,354.4,Plena Noite,Crescente,Céu Claro,Simples,Reta,-1.343706,-47.57871,DEL01-PA,Risco Médio,Baixa
sexta-feira,BR-381,39.2,Pleno dia,Decrescente,Sol,Dupla,Não Informado,-23.11332,-46.57175,DEL03-SP,Risco Médio,Alta
domingo,BR-40,454.0,Plena Noite,Crescente,Chuva,Dupla,Reta,-19.357,-44.3482,DEL02-MG,Risco Médio,Alta
sexta-feira,BR-365,644.0,Plena Noite,Decrescente,Céu Claro,Dupla,Retorno Regulamentado,-18.8871,-48.4551,DEL15-MG,Risco Baixo,Média
segunda-feira,BR-163,1032.0,Plena Noite,Decrescente,Céu Claro,Simples,Reta,-10.34293,-55.04103,DEL06-MT,Risco Baixo,Alta
sábado,BR-101,40.1,Pleno dia,Decrescente,Céu Claro,Simples,Reta,-23.41495,-45.03516,DEL06-SP,Risco Médio,Alta
domingo,BR-232,43.0,Pleno dia,Crescente,Céu Claro,Dupla,Reta,-8.117298,-35.26098,DEL01-PE,Risco Baixo,Baixa
domingo,BR-290,20.0,Pleno dia,Crescente,Sol,Dupla,Reta,-29.88742,-50.45464,DEL03-RS,Risco Médio,Baixa
domingo,BR-282,67.5,Plena Noite,Crescente,Céu Claro,Simples,Curva,-27.69196,-49.07144,DEL01-SC,Risco Médio,Baixa
domingo,BR-381,653.9,Pleno dia,Crescente,Sol,Dupla,Curva,-20.97408,-44.93745,DEL04-MG,Risco Médio,Alta
sábado,BR-293,74.4,Pleno dia,Crescente,Chuva,Simples,Reta,-31.68075,-53.06584,DEL07-RS,Risco Médio,Baixa
segunda-feira,BR-101,119.0,Pleno dia,Decrescente,Nublado,Dupla,Reta,-8.352915,-35.1693,DEL01-PE,Risco Baixo,Alta
sábado,BR-376,135.0,Plena Noite,Decrescente,Ignorado,Simples,Reta,-23.19585,-52.2017,DEL07-PR,Risco Médio,Baixa
segunda-feira,BR-153,674.5,Pleno dia,Crescente,Céu Claro,Dupla,Reta,-18.1724,-49.2898,DEL03-GO,Risco Baixo,Alta
quinta-feira,BR-153,62.0,Pleno dia,Crescente,Céu Claro,Dupla,Reta,-20.81325,-49.35676,DEL09-SP,Risco Médio,Alta
quinta-feira,BR-158,553.0,Pleno dia,Crescente,Céu Claro,Simples,Curva,-13.93907,-52.10129,DEL07-MT,Risco Baixo,Baixa
sábado,BR-285,318.0,Pleno dia,Crescente,Céu Claro,Dupla,Curva,-28.26858,-52.6009,DEL08-RS,Risco Médio,Baixa
terça-feira,BR-116,528.0,Pleno dia,Decrescente,Céu Claro,Simples,Curva,-7.699509,-39.02539,DEL05-CE,Risco Médio,Alta
sábado,BR-101,106.0,Pleno dia,Crescente,Céu Claro,Simples,Reta,-12.15964,-38.41162,DEL01-BA,Risco Médio,Alta
domingo,BR-463,110.0,Anoitecer,Decrescente,Céu Claro,Dupla,Reta,-22.58594,-55.70193,DEL04-MS,Risco Médio,Baixa
quinta-feira,BR-262,320.1,Pleno dia,Decrescente,Céu Claro,Simples,Reta,-20.78757,-51.60141,DEL07-MS,Risco Médio,Média
domingo,BR-280,91.0,Plena Noite,Decrescente,Garoa/Chuvisco,Simples,Curva,-26.40198,-49.29054,DEL06-SC,Risco Médio,Baixa
sexta-feira,BR-101,225.3,Pleno dia,Decrescente,Nublado,Simples,Reta,-19.89291,-40.4123,DEL02-ES,Risco Médio,Alta
terça-feira,BR-101,75.0,Pleno dia,Decrescente,Céu Claro,Dupla,Não Informado,-8.109735,-34.9466,DEL01-PE,Risco Médio,Alta
sexta-feira,BR-101,258.0,Pleno dia,Decrescente,Céu Claro,Simples,Reta,-20.1306,-40.2961,DEL02-ES,Risco Médio,Alta
terça-feira,BR-428,185.0,Pleno dia,Crescente,Céu Claro,Simples,Reta,-9.340092,-40.47032,DEL06-PE,Risco Médio,Baixa
terça-feira,BR-376,666.0,Plena Noite,Crescente,Garoa/Chuvisco,Dupla,Curva,-25.8644,-48.9499,DEL01-PR,Risco Alto,Baixa
quinta-feira,BR-277,489.0,Pleno dia,Crescente,Garoa/Chuvisco,Simples,Curva,-25.24155,-52.63061,DEL04-PR,Risco Médio,Média
quarta-feira,BR-101,288.0,Pleno dia,Crescente,Céu Claro,Simples,Rotatória,-28.2791,-48.7006,DEL02-SC,Risco Médio,Alta
segunda-feira,BR-101,124.7,Pleno dia,Crescente,Céu Claro,Simples,Reta,-19.19742,-40.09812,DEL04-ES,Risco Médio,Alta
domingo,BR-40,117.0,Pleno dia,Crescente,Sol,Dupla,Reta,-22.74568,-43.2881,DEL01-RJ,Risco Médio,Alta
domingo,BR-259,31.0,Plena Noite,Decrescente,Nublado,Simples,Reta,-19.5939,-40.5074,DEL02-ES,Risco Médio,Baixa
domingo,BR-116,362.6,Anoitecer,Crescente,Garoa/Chuvisco,Dupla,Curva,-24.12202,-47.27048,DEL04-SP,Risco Médio,Alta
sábado,BR-116,201.0,Pleno dia,Crescente,Céu Claro,Dupla,Curva,-23.40363,-46.3305,DEL01-SP,Risco Médio,Alta
domingo,BR-364,343.0,Amanhecer,Crescente,Céu Claro,Dupla,Reta,-10.8804,-61.9427,DEL02-RO,Risco Médio,Alta
segunda-feira,BR-40,109.0,Pleno dia,Crescente,Céu Claro,Múltipla,Interseção de vias,-22.679,-43.286,DEL01-RJ,Risco Baixo,Alta
sábado,BR-101,366.9,Plena Noite,Crescente,Chuva,Múltipla,Reta,-28.68509,-49.15144,DEL02-SC,Risco Alto,Alta
sábado,BR-393,2.0,Plena Noite,Decrescente,Chuva,Simples,Reta,-20.83255,-41.17543,DEL03-ES,Risco Médio,Média
domingo,BR-10,308.4,Plena Noite,Decrescente,Céu Claro,Simples,Não Informado,-1.738583,-47.50334,DEL01-PA,Risco Alto,Baixa
terça-feira,BR-174,506.0,Pleno dia,Decrescente,Céu Claro,Dupla,Interseção de vias,2.819815,-60.69469,DEL01-RR,Risco Médio,Baixa
segunda-feira,BR-381,508.0,Pleno dia,Decrescente,Sol,Dupla,Reta,-20.06278,-44.29329,DEL01-MG,Risco Baixo,Alta
terça-feira,BR-116,133.0,Anoitecer,Crescente,Chuva,Dupla,Reta,-23.13596,-45.75327,DEL06-SP,Risco Médio,Alta
terça-feira,BR-364,130.0,Anoitecer,Decrescente,Ignorado,Simples,Reta,-18.23842,-51.27425,DEL05-GO,Risco Baixo,Alta
segunda-feira,BR-101,325.0,Pleno dia,Decrescente,Céu Claro,Dupla,Reta,-22.87293,-43.13626,DEL02-RJ,Risco Médio,Alta
quinta-feira,BR-101,125.0,Plena Noite,Decrescente,Céu Claro,Dupla,Desvio Temporário,-7.476168,-34.97864,DEL01-PB,Risco Médio,Alta
terça-feira,BR-408,75.0,Plena Noite,Crescente,Chuva,Dupla,Curva,-7.907842,-35.17289,DEL01-PE,Risco Alto,Baixa
terça-feira,BR-393,289.5,Plena Noite,Crescente,Céu Claro,Simples,Reta,-22.51673,-44.10853,DEL05-RJ,Risco Baixo,Média
terça-feira,BR-101,3.0,Pleno dia,Crescente,Chuva,Dupla,Curva,-7.5238,-34.9936,DEL01-PE,Risco Baixo,Alta
sexta-feira,BR-365,645.0,Plena Noite,Decrescente,Céu Claro,Dupla,Desvio Temporário,-18.8857,-48.4645,DEL15-MG,Risco Médio,Média
quinta-feira,BR-60,69.7,Amanhecer,Crescente,Céu Claro,Dupla,Reta,-16.24245,-48.76144,DEL02-GO,Risco Médio,Média
quarta-feira,BR-101,26.0,Plena Noite,Crescente,Céu Claro,Dupla,Reta,-26.1933,-48.9122,DEL03-SC,Risco Baixo,Alta
sábado,BR-280,37.8,Pleno dia,Decrescente,Nublado,Simples,Reta,-26.44573,-48.81863,DEL03-SC,Risco Médio,Baixa
sábado,BR-381,482.8,Pleno dia,Crescente,Céu Claro,Dupla,Reta,-19.95553,-44.09721,DEL01-MG,Risco Médio,Alta
quarta-feira,BR-116,112.0,Plena Noite,Decrescente,Céu Claro,Dupla,Reta,-23.0419,-45.572,DEL06-SP,Risco Médio,Alta
quinta-feira,BR-116,826.6,Pleno dia,Decrescente,Céu Claro,Dupla,Retorno Regulamentado,-14.82105,-40.81381,DEL08-BA,Risco Médio,Alta
sexta-feira,BR-40,2.0,Plena Noite,Crescente,Céu Claro,Dupla,Reta,-15.99523,-47.98573,DEL01-DF,Risco Baixo,Alta
quarta-feira,BR-101,531.0,Plena Noite,Decrescente,Ignorado,Simples,Curva,-23.02148,-44.52344,DEL03-RJ,Risco Baixo,Alta
terça-feira,BR-163,612.0,Pleno dia,Crescente,Céu Claro,Simples,Reta,-19.42061,-54.5496,DEL06-MS,Risco Médio,Alta
sexta-feira,BR-452,105.0,Pleno dia,Crescente,Céu Claro,Simples,Reta,-18.1305,-49.9968,DEL03-GO,Risco Baixo,Baixa
segunda-feira,BR-364,263.0,Plena Noite,Decrescente,Céu Claro,Dupla,Curva,-16.01674,-54.90686,DEL02-MT,Risco Médio,Alta
quarta-feira,BR-282,18.6,Plena Noite,Crescente,Nublado,Simples,Reta,-27.6728,-48.69429,DEL01-SC,Risco Médio,Baixa
quinta-feira,BR-471,577.0,Plena Noite,Crescente,Céu Claro,Simples,Reta,-33.03759,-52.85965,DEL07-RS,Risco Médio,Baixa
sábado,BR-153,231.0,Amanhecer,Decrescente,Céu Claro,Simples,Não Informado,-14.77061,-49.26593,DEL07-GO,Risco Médio,Alta
sábado,BR-163,609.0,Pleno dia,Decrescente,Céu Claro,Dupla,Reta,-19.45105,-54.52515,DEL06-MS,Risco Médio,Alta
sábado,BR-40,76.0,Pleno dia,Crescente,Chuva,Simples,Não Informado,-22.47193,-43.23779,DEL06-RJ,Risco Médio,Alta
sábado,BR-40,525.0,Plena Noite,Decrescente,Céu Claro,Dupla,Reta,-19.88362,-44.05039,DEL01-MG,Risco Médio,Alta
sábado,BR-101,10.5,Anoitecer,Crescente,Nublado,Simples,Reta,-29.76213,-50.16942,DEL03-RS,Risco Médio,Alta
terça-feira,BR-101,13.2,Pleno dia,Decrescente,Céu Claro,Dupla,Reta,-26.0982,-48.8676,DEL03-SC,Risco Baixo,Alta
quinta-feira,BR-116,438.0,Pleno dia,Crescente,Céu Claro,Dupla,Reta,-12.33732,-39.07425,DEL02-BA,Risco Alto,Alta
domingo,BR-262,6.3,Pleno dia,Crescente,Sol,Múltipla,Interseção de vias,-20.3404,-40.395,DEL01-ES,Risco Médio,Média
terça-feira,BR-259,69.6,Plena Noite,Crescente,Céu Claro,Simples,Reta,-19.50001,-40.74733,DEL02-ES,Risco Médio,Baixa
domingo,BR-116,12.0,Pleno dia,Crescente,Céu Claro,Dupla,Reta,-25.3755,-49.1496,DEL01-PR,Risco Baixo,Alta
sábado,BR-277,72.0,Anoitecer,Crescente,Garoa/Chuvisco,Dupla,Curva,-25.51245,-49.13013,DEL01-PR,Risco Baixo,Média
domingo,BR-153,125.6,Plena Noite,Crescente,Nublado,Simples,Reta,-21.21117,-49.73555,DEL09-SP,Risco Médio,Alta
quarta-feira,BR-316,41.0,Pleno dia,Crescente,Céu Claro,Simples,Curva,-1.278658,-48.11355,DEL01-PA,Risco Médio,Baixa
segunda-feira,BR-116,27.8,Pleno dia,Decrescente,Garoa/Chuvisco,Dupla,Curva,-22.6233,-44.9119,DEL08-SP,Risco Baixo,Alta
quinta-feira,BR-101,274.0,Pleno dia,Decrescente,Céu Claro,Dupla,Túnel,-22.73506,-42.71948,DEL02-RJ,Risco Baixo,Alta
sexta-feira,BR-116,0.3,Plena Noite,Crescente,Céu Claro,Múltipla,Curva,-25.0604,-48.56297,DEL01-PR,Risco Médio,Alta
domingo,BR-376,163.3,Amanhecer,Decrescente,Céu Claro,Dupla,Reta,-23.37858,-52.04172,DEL07-PR,Risco Médio,Baixa
terça-feira,BR-376,182.1,Anoitecer,Crescente,Céu Claro,Múltipla,Rotatória,-23.43206,-51.88877,DEL09-PR,Risco Médio,Baixa
sábado,BR-101,198.0,Plena Noite,Crescente,Céu Claro,Simples,Não Informado,-12.57109,-38.97713,DEL01-BA,Risco Médio,Alta
domingo,BR-116,108.0,Amanhecer,Crescente,Nublado,Dupla,Reta,-23.02335,-45.53769,DEL06-SP,Risco Médio,Alta
quarta-feira,BR-232,51.6,Pleno dia,Crescente,Nublado,Dupla,Reta,-8.138234,-35.33197,DEL01-PE,Risco Médio,Baixa
quinta-feira,BR-226,341.4,Pleno dia,Crescente,Chuva,Simples,Não Informado,-6.107136,-37.648,DEL04-RN,Risco Médio,Baixa
domingo,BR-116,44.0,Pleno dia,Decrescente,Nublado,Simples,Não Informado,-26.33844,-50.09131,DEL06-SC,Risco Médio,Alta
sexta-feira,BR-101,325.0,Plena Noite,Decrescente,Céu Claro,Múltipla,Reta,-22.87293,-43.13626,DEL02-RJ,Risco Médio,Alta
sábado,BR-50,0.0,Plena Noite,Decrescente,Garoa/Chuvisco,Dupla,Curva,-18.42432,-48.06821,DEL15-MG,Risco Médio,Média
domingo,BR-40,701.6,Plena Noite,Crescente,Céu Claro,Simples,Curva,-21.21894,-43.74419,DEL05-MG,Risco Médio,Alta
sábado,BR-163,260.0,Pleno dia,Decrescente,Céu Claro,Dupla,Reta,-24.66063,-53.81858,DEL06-PR,Risco Médio,Alta
quinta-feira,BR-356,280.2,Plena Noite,Crescente,Chuva,Simples,Não Informado,-21.12697,-42.24533,DEL07-MG,Risco Médio,Baixa
sexta-feira,BR-40,585.5,Plena Noite,Decrescente,Céu Claro,Simples,Reta,-20.33353,-43.92335,DEL01-MG,Risco Médio,Alta
quinta-feira,BR-364,203.1,Pleno dia,Decrescente,Céu Claro,Dupla,Desvio Temporário,-16.47257,-54.65485,DEL02-MT,Risco Baixo,Alta