dia_semana,br,km,fase_dia,sentido_via,condicao_metereologica,tipo_pista,tracado_via,latitude,longitude,delegacia,classificacao_acidente,postos_policiais_PRF
sábado,BR-163,855.0,Pleno dia,Crescente,Céu Claro,Simples,Não Informado,-11.69335,-55.45144,DEL06-MT,Risco Médio,Alta
sexta-feira,BR-101,215.7,Pleno dia,Crescente,Nublado,Dupla,Reta,-27.65185,-48.67605,DEL01-SC,Risco Médio,Alta
quarta-feira,BR-101,407.4,Pleno dia,Crescente,Céu Claro,Dupla,Curva,-28.91972,-49.49041,DEL02-SC,Risco Médio,Alta
quarta-feira,BR-414,418.0,Pleno dia,Crescente,Céu Claro,Simples,Desvio Temporário,-16.10524,-48.87202,DEL02-GO,Risco Baixo,Baixa
quarta-feira,BR-163,256.0,Pleno dia,Decrescente,Sol,Dupla,Rotatória,-22.2591,-54.803,DEL04-MS,Risco Médio,Alta
sábado,BR-280,55.0,Plena Noite,Decrescente,Céu Claro,Simples,Reta,-26.47718,-48.99667,DEL03-SC,Risco Médio,Baixa
sexta-feira,BR-101,385.9,Pleno dia,Decrescente,Nublado,Simples,Curva,-20.84177,-40.87227,DEL03-ES,Risco Médio,Alta
quinta-feira,BR-116,283.9,Pleno dia,Crescente,Céu Claro,Dupla,Reta,-23.67444,-46.85669,DEL04-SP,Risco Médio,Alta
terça-feira,BR-50,76.0,Pleno dia,Crescente,Céu Claro,Dupla,Viaduto,-18.9364,-48.2198,DEL15-MG,Risco Baixo,Média
quarta-feira,BR-222,81.0,Pleno dia,Crescente,Céu Claro,Simples,Não Informado,-3.675632,-39.27857,DEL04-CE,Risco Médio,Baixa
domingo,BR-381,494.0,Plena Noite,Decrescente,Céu Claro,Dupla,Curva,-19.98556,-44.20318,DEL01-MG,Risco Médio,Alta
quinta-feira,BR-163,103.9,Pleno dia,Decrescente,Céu Claro,Simples,Rotatória,-23.2434,-54.2243,DEL09-MS,Risco Baixo,Alta
domingo,BR-116,131.0,Pleno dia,Decrescente,Nevoeiro/Neblina,Dupla,Reta,-23.12742,-45.73637,DEL06-SP,Risco Médio,Alta
segunda-feira,BR-242,198.0,Amanhecer,Decrescente,Céu Claro,Simples,Reta,-12.52021,-40.03088,DEL06-BA,Risco Baixo,Baixa
sexta-feira,BR-470,68.0,Plena Noite,Crescente,Nublado,Simples,Não Informado,-26.87839,-49.24017,DEL04-SC,Risco Médio,Baixa
sábado,BR-316,175.0,Plena Noite,Decrescente,Chuva,Simples,Reta,-9.552325,-36.51553,DEL03-AL,Risco Médio,Baixa
sábado,BR-369,133.0,Plena Noite,Decrescente,Céu Claro,Dupla,Reta,-23.26012,-51.00617,DEL07-PR,Risco Baixo,Baixa
sexta-feira,BR-376,661.8,Plena Noite,Decrescente,Garoa/Chuvisco,Dupla,Reta,-25.92853,-49.19931,DEL01-PR,Risco Alto,Baixa
sábado,BR-101,206.5,Pleno dia,Crescente,Céu Claro,Dupla,Reta,-27.6001,-48.6225,DEL01-SC,Risco Médio,Alta
terça-feira,BR-324,581.4,Plena Noite,Decrescente,Nublado,Dupla,Reta,-12.61253,-38.48888,DEL01-BA,Risco Médio,Baixa
quarta-feira,BR-116,3.1,Pleno dia,Crescente,Nublado,Simples,Rotatória,-14.82483,-40.86186,DEL08-BA,Risco Médio,Alta
sexta-feira,BR-381,40.3,Pleno dia,Crescente,Céu Claro,Dupla,Curva,-23.14225,-46.57585,DEL03-SP,Risco Médio,Alta
sexta-feira,BR-232,13.4,Pleno dia,Crescente,Céu Claro,Dupla,Curva,-8.088272,-35.01331,DEL01-PE,Risco Médio,Baixa
quarta-feira,BR-101,166.0,Plena Noite,Crescente,Nublado,Simples,Reta,-19.52078,-40.14567,DEL04-ES,Risco Médio,Alta
sexta-feira,BR-480,128.2,Pleno dia,Decrescente,Céu Claro,Simples,Interseção de vias,-27.03782,-52.63433,DEL07-SC,Risco Médio,Baixa
quarta-feira,BR-158,192.0,Pleno dia,Decrescente,Céu Claro,Simples,Curva,-28.62091,-53.57035,DEL10-RS,Risco Baixo,Baixa
quarta-feira,BR-277,660.0,Pleno dia,Decrescente,Céu Claro,Dupla,Curva,-25.25136,-53.99028,DEL05-PR,Risco Médio,Média
terça-feira,BR-116,114.6,Plena Noite,Decrescente,Chuva,Múltipla,Interseção de vias,-25.54456,-49.30146,DEL01-PR,Risco Médio,Alta
quinta-feira,BR-135,0.6,Pleno dia,Crescente,Chuva,Dupla,Reta,-2.580456,-44.24195,DEL01-MA,Risco Baixo,Baixa
quinta-feira,BR-230,7.1,Pleno dia,Decrescente,Céu Claro,Simples,Reta,-6.739175,-43.06756,DEL03-PI,Risco Médio,Baixa
terça-feira,BR-408,65.5,Anoitecer,Decrescente,Céu Claro,Múltipla,Reta,-7.85059,-35.23198,DEL01-PE,Risco Médio,Baixa
sábado,BR-116,673.4,Pleno dia,Crescente,Sol,Simples,Interseção de vias,-13.86212,-40.11324,DEL03-BA,Risco Médio,Alta
quinta-feira,BR-40,282.9,Pleno dia,Crescente,Céu Claro,Simples,Curva,-18.24924,-45.20221,DEL14-MG,Risco Médio,Alta
quinta-feira,BR-376,168.0,Pleno dia,Crescente,Ignorado,Dupla,Não Informado,-23.39438,-52.00825,DEL09-PR,Risco Médio,Baixa
sábado,BR-280,55.3,Pleno dia,Decrescente,Céu Claro,Simples,Reta,-26.47584,-48.99379,DEL03-SC,Risco Médio,Baixa
quarta-feira,BR-174,281.0,Plena Noite,Decrescente,Céu Claro,Simples,Desvio Temporário,-15.3454,-59.21264,DEL04-MT,Risco Baixo,Baixa
sexta-feira,BR-290,42.6,Pleno dia,Crescente,Céu Claro,Dupla,Reta,-29.88918,-50.68191,DEL03-RS,Risco Médio,Baixa
quarta-feira,BR-20,11.0,Pleno dia,Decrescente,Sol,Dupla,Reta,-15.64654,-47.76642,DEL02-DF,Risco Baixo,Baixa
terça-feira,BR-101,51.0,Plena Noite,Decrescente,Chuva,Simples,Reta,-23.45628,-45.07112,DEL06-SP,Risco Médio,Alta
segunda-feira,BR-364,709.0,Plena Noite,Crescente,Nublado,Dupla,Reta,-8.78887,-63.8527,DEL01-RO,Risco Baixo,Alta
domingo,BR-153,47.8,Plena Noite,Crescente,Céu Claro,Simples,Desvio Temporário,-20.68199,-49.34016,DEL09-SP,Risco Médio,Alta
quinta-feira,BR-393,282.0,Plena Noite,Crescente,Nublado,Simples,Viaduto,-22.48685,-44.06349,DEL05-RJ,Risco Médio,Média
terça-feira,BR-230,633.0,Plena Noite,Crescente,Garoa/Chuvisco,Simples,Interseção de vias,-3.192461,-52.22355,DEL04-PA,Risco Médio,Baixa
sábado,BR-163,650.3,Pleno dia,Crescente,Garoa/Chuvisco,Simples,Reta,-13.47949,-56.06253,DEL06-MT,Risco Baixo,Alta
quinta-feira,BR-40,92.0,Pleno dia,Decrescente,Chuva,Simples,Curva,-22.55192,-43.25069,DEL06-RJ,Risco Médio,Alta
segunda-feira,BR-110,68.4,Plena Noite,Decrescente,Céu Claro,Simples,Reta,-10.01566,-38.31925,DEL07-BA,Risco Alto,Baixa
quarta-feira,BR-135,75.0,Pleno dia,Crescente,Céu Claro,Simples,Reta,-11.34867,-44.92946,DEL10-BA,Risco Médio,Baixa
domingo,BR-60,62.0,Plena Noite,Decrescente,Chuva,Dupla,Reta,-16.1881,-48.7205,DEL02-GO,Risco Médio,Média
sábado,BR-101,213.0,Anoitecer,Decrescente,Nublado,Múltipla,Reta,-27.6369,-48.6651,DEL01-SC,Risco Médio,Alta
segunda-feira,BR-101,210.1,Pleno dia,Decrescente,Nublado,Dupla,Reta,-27.6235,-48.6524,DEL01-SC,Risco Médio,Alta
sexta-feira,BR-116,200.3,Plena Noite,Crescente,Céu Claro,Dupla,Reta,-23.40281,-46.3211,DEL01-SP,Risco Médio,Alta
terça-feira,BR-101,91.0,Pleno dia,Crescente,Sol,Dupla,Reta,-8.223998,-34.9929,DEL01-PE,Risco Médio,Alta
sábado,BR-101,43.0,Pleno dia,Decrescente,Nublado,Simples,Interseção de vias,-23.4122,-45.05738,DEL06-SP,Risco Médio,Alta
terça-feira,BR-285,295.0,Pleno dia,Decrescente,Céu Claro,Simples,Reta,-28.23107,-52.3943,DEL08-RS,Risco Médio,Baixa
segunda-feira,BR-101,428.0,Pleno dia,Decrescente,Nublado,Dupla,Reta,-22.93392,-43.99,DEL03-RJ,Risco Médio,Alta
domingo,BR-116,422.0,Pleno dia,Decrescente,Chuva,Dupla,Reta,-24.36454,-47.69203,DEL05-SP,Risco Médio,Alta
segunda-feira,BR-471,160.6,Plena Noite,Crescente,Nevoeiro/Neblina,Simples,Reta,-29.90573,-52.39174,DEL02-RS,Risco Alto,Baixa
segunda-feira,BR-381,74.0,Pleno dia,Decrescente,Chuva,Dupla,Não Informado,-23.37208,-46.557,DEL03-SP,Risco Médio,Alta
terça-feira,BR-277,110.0,Plena Noite,Decrescente,Céu Claro,Dupla,Reta,-25.4333,-49.43585,DEL01-PR,Risco Baixo,Média
domingo,BR-101,68.8,Plena Noite,Crescente,Nevoeiro/Neblina,Dupla,Reta,-26.5035,-48.72791,DEL03-SC,Risco Alto,Alta
quarta-feira,BR-10,269.7,Amanhecer,Decrescente,Céu Claro,Simples,Reta,-5.374796,-47.48819,DEL04-MA,Risco Alto,Baixa
domingo,BR-369,511.1,Anoitecer,Decrescente,Céu Claro,Simples,Curva,-24.8717,-53.3423,DEL04-PR,Risco Médio,Baixa
quarta-feira,BR-290,80.0,Pleno dia,Decrescente,Céu Claro,Simples,Rotatória,-29.95427,-51.06102,DEL01-RS,Risco Médio,Baixa
quinta-feira,BR-369,201.1,Anoitecer,Crescente,Céu Claro,Simples,Interseção de vias,-23.53643,-51.45648,DEL07-PR,Risco Médio,Baixa
segunda-feira,BR-104,46.5,Pleno dia,Decrescente,Céu Claro,Dupla,Curva,-8.1272,-35.9943,DEL02-PE,Risco Médio,Baixa
sexta-feira,BR-70,3.2,Plena Noite,Crescente,Céu Claro,Dupla,Curva,-15.80209,-48.08353,DEL01-DF,Risco Médio,Baixa
quinta-feira,BR-101,414.0,Pleno dia,Decrescente,Céu Claro,Simples,Reta,-28.9592,-49.5151,DEL02-SC,Risco Médio,Alta
sexta-feira,BR-262,52.2,Anoitecer,Crescente,Chuva,Simples,Não Informado,-20.41363,-40.72366,DEL01-ES,Risco Médio,Média
segunda-feira,BR-319,62.0,Pleno dia,Decrescente,Céu Claro,Dupla,Reta,-8.747955,-63.8881,DEL01-RO,Risco Médio,Baixa
sexta-feira,BR-40,508.0,Pleno dia,Crescente,Céu Claro,Dupla,Reta,-19.7699,-44.1272,DEL02-MG,Risco Médio,Alta
sexta-feira,BR-163,743.0,Amanhecer,Decrescente,Nublado,Simples,Reta,-12.63833,-55.77656,DEL06-MT,Risco Médio,Alta
quarta-feira,BR-285,415.9,Anoitecer,Crescente,Céu Claro,Simples,Não Informado,-28.35028,-53.50118,DEL10-RS,Risco Baixo,Baixa
domingo,BR-381,481.0,Plena Noite,Crescente,Nublado,Múltipla,Reta,-19.95854,-44.06103,DEL01-MG,Risco Médio,Alta
domingo,BR-262,96.0,Plena Noite,Crescente,Nublado,Simples,Curva,-20.2953,-42.4807,DEL03-MG,Risco Médio,Média
sexta-feira,BR-381,1.5,Plena Noite,Crescente,Chuva,Dupla,Não Informado,-19.96825,-44.19871,DEL01-MG,Risco Baixo,Alta
terça-feira,BR-101,415.0,Plena Noite,Decrescente,Céu Claro,Dupla,Interseção de vias,-22.91059,-43.89296,DEL03-RJ,Risco Baixo,Alta
sexta-feira,BR-232,6.0,Pleno dia,Crescente,Céu Claro,Dupla,Reta,-8.070795,-34.95354,DEL01-PE,Risco Médio,Baixa
quarta-feira,BR-116,823.0,Pleno dia,Crescente,Garoa/Chuvisco,Dupla,Reta,-14.83577,-40.84561,DEL08-BA,Risco Baixo,Alta
sábado,BR-40,510.0,Pleno dia,Crescente,Céu Claro,Dupla,Reta,-19.78446,-44.11552,DEL01-MG,Risco Médio,Alta
quarta-feira,BR-364,442.0,Plena Noite,Decrescente,Céu Claro,Simples,Curva,-15.61775,-56.20571,DEL01-MT,Risco Médio,Alta
sábado,BR-101,67.5,Anoitecer,Decrescente,Nublado,Simples,Reta,-18.72397,-39.86029,DEL04-ES,Risco Médio,Alta
sábado,BR-40,77.0,Plena Noite,Decrescente,Nevoeiro/Neblina,Simples,Não Informado,-22.48006,-43.23544,DEL06-RJ,Risco Médio,Alta
quinta-feira,BR-40,2.0,Amanhecer,Decrescente,Céu Claro,Dupla,Reta,-15.98833,-47.98697,DEL01-DF,Risco Médio,Alta
sábado,BR-110,47.3,Pleno dia,Decrescente,Céu Claro,Simples,Interseção de vias,-5.205125,-37.32798,DEL04-RN,Risco Médio,Baixa
quinta-feira,BR-116,217.8,Anoitecer,Decrescente,Céu Claro,Múltipla,Reta,-23.45682,-46.47767,DEL01-SP,Risco Médio,Alta
domingo,BR-101,99.9,Pleno dia,Decrescente,Céu Claro,Múltipla,Não Informado,-5.880392,-35.22525,DEL01-RN,Risco Baixo,Alta
sábado,BR-163,491.3,Pleno dia,Crescente,Chuva,Simples,Reta,-20.38904,-54.55038,DEL01-MS,Risco Médio,Alta
segunda-feira,BR-101,247.0,Pleno dia,Decrescente,Céu Claro,Simples,Ponte,-12.86405,-39.21589,DEL01-BA,Risco Médio,Alta
domingo,BR-116,116.0,Pleno dia,Decrescente,Garoa/Chuvisco,Dupla,Reta,-25.55468,-49.27402,DEL01-PR,Risco Médio,Alta
sexta-feira,BR-116,90.2,Plena Noite,Crescente,Céu Claro,Dupla,Reta,-25.49535,-49.11589,DEL01-PR,Risco Baixo,Alta
sábado,BR-20,424.0,Plena Noite,Crescente,Céu Claro,Dupla,Curva,-3.76999,-38.67006,DEL01-CE,Risco Médio,Baixa
sexta-feira,BR-60,31.0,Pleno dia,Decrescente,Nublado,Dupla,Reta,-16.03854,-48.25596,DEL01-DF,Risco Baixo,Média
segunda-feira,BR-262,446.0,Plena Noite,Decrescente,Céu Claro,Simples,Reta,-20.53294,-55.41927,DEL03-MS,Risco Médio,Média
domingo,BR-392,352.0,Pleno dia,Decrescente,Nublado,Simples,Reta,-29.71825,-53.80876,DEL09-RS,Risco Médio,Média
sexta-feira,BR-364,438.0,Pleno dia,Decrescente,Céu Claro,Simples,Não Informado,-10.3666,-62.565,DEL03-RO,Risco Baixo,Alta
segunda-feira,BR-116,142.8,Pleno dia,Crescente,Chuva,Dupla,Interseção de vias,-29.11727,-51.11521,DEL05-RS,Risco Médio,Alta
sábado,BR-135,7.0,Pleno dia,Crescente,Céu Claro,Dupla,Retorno Regulamentado,-2.688614,-44.29496,DEL01-MA,Risco Médio,Baixa
domingo,BR-343,318.9,Plena Noite,Decrescente,Céu Claro,Simples,Reta,-5.043957,-42.55318,DEL01-PI,Risco Médio,Baixa
sábado,BR-262,125.8,Plena Noite,Crescente,Céu Claro,Simples,Reta,-20.49761,-52.72014,DEL07-MS,Risco Médio,Média
quarta-feira,BR-277,662.9,Plena Noite,Crescente,Céu Claro,Dupla,Reta,-25.25161,-54.01802,DEL05-PR,Risco Médio,Média
terça-feira,BR-470,232.0,Pleno dia,Decrescente,Nevoeiro/Neblina,Simples,Não Informado,-29.29875,-51.48086,DEL06-RS,Risco Baixo,Baixa
terça-feira,BR-40,124.0,Anoitecer,Crescente,Céu Claro,Múltipla,Reta,-22.81333,-43.28779,DEL01-RJ,Risco Médio,Alta
segunda-feira,BR-163,464.1,Pleno dia,Crescente,Céu Claro,Simples,Não Informado,-20.60305,-54.57853,DEL01-MS,Risco Médio,Alta
quarta-feira,BR-101,62.0,Plena Noite,Decrescente,Nublado,Dupla,Reta,-7.998775,-34.93924,DEL01-PE,Risco Médio,Alta
domingo,BR-293,14.1,Plena Noite,Crescente,Céu Claro,Simples,Reta,-31.75153,-52.46212,DEL07-RS,Risco Baixo,Baixa
quinta-feira,BR-116,89.0,Pleno dia,Crescente,Sol,Dupla,Reta,-25.48367,-49.10753,DEL01-PR,Risco Baixo,Alta
quarta-feira,BR-343,62.0,Plena Noite,Decrescente,Céu Claro,Simples,Reta,-3.265974,-41.78643,DEL05-PI,Risco Baixo,Baixa
domingo,BR-101,285.0,Pleno dia,Crescente,Céu Claro,Dupla,Curva,-22.74987,-42.81644,DEL02-RJ,Risco Médio,Alta
segunda-feira,BR-470,56.0,Plena Noite,Decrescente,Chuva,Simples,Interseção de vias,-26.87321,-49.11422,DEL04-SC,Risco Baixo,Baixa
quarta-feira,BR-364,375.0,Pleno dia,Crescente,Nublado,Simples,Não Informado,-10.7395,-62.18556,DEL02-RO,Risco Baixo,Alta
domingo,BR-163,1000.0,Pleno dia,Decrescente,Sol,Simples,Interseção de vias,-2.455647,-54.72873,DEL05-PA,Risco Médio,Alta
sábado,BR-40,138.0,Pleno dia,Decrescente,Céu Claro,Dupla,Curva,-17.72754,-46.21431,DEL14-MG,Risco Médio,Alta
sábado,BR-116,0.8,Pleno dia,Crescente,Céu Claro,Múltipla,Curva,-3.757793,-38.52034,DEL01-CE,Risco Médio,Alta
terça-feira,BR-381,86.0,Plena Noite,Crescente,Nublado,Dupla,Curva,-23.4593,-46.57161,DEL03-SP,Risco Baixo,Alta
terça-feira,BR-393,278.0,Plena Noite,Decrescente,Céu Claro,Simples,Reta,-22.47508,-43.99837,DEL05-RJ,Risco Baixo,Média
quinta-feira,BR-381,487.1,Pleno dia,Crescente,Nublado,Dupla,Reta,-19.95668,-44.11913,DEL01-MG,Risco Médio,Alta
sexta-feira,BR-290,69.0,Pleno dia,Crescente,Nublado,Dupla,Reta,-29.94493,-50.94644,DEL03-RS,Risco Baixo,Baixa
terça-feira,BR-101,421.0,Pleno dia,Crescente,Céu Claro,Dupla,Reta,-29.00519,-49.56396,DEL02-SC,Risco Médio,Alta
quinta-feira,BR-101,311.0,Plena Noite,Crescente,Chuva,Simples,Reta,-20.43478,-40.45964,DEL01-ES,Risco Médio,Alta
terça-feira,BR-470,98.9,Pleno dia,Crescente,Céu Claro,Simples,Reta,-27.03254,-49.38547,DEL04-SC,Risco Baixo,Baixa
quarta-feira,BR-364,96.4,Pleno dia,Crescente,Sol,Simples,Reta,-16.85555,-53.75942,DEL02-MT,Risco Médio,Alta
segunda-feira,BR-116,227.0,Pleno dia,Decrescente,Céu Claro,Múltipla,Reta,-23.499,-46.5601,DEL01-SP,Risco Médio,Alta
sexta-feira,BR-277,663.0,Anoitecer,Crescente,Céu Claro,Dupla,Não Informado,-25.25155,-54.01878,DEL05-PR,Risco Médio,Média
quarta-feira,BR-163,64.4,Pleno dia,Decrescente,Sol,Dupla,Reta,-16.95345,-54.73899,DEL02-MT,Risco Médio,Alta
terça-feira,BR-158,531.0,Pleno dia,Decrescente,Céu Claro,Simples,Rotatória,-26.20228,-52.67822,DEL02-PR,Risco Médio,Baixa
quinta-feira,BR-259,17.8,Plena Noite,Decrescente,Ignorado,Simples,Curva,-19.6452,-40.46319,DEL02-ES,Risco Alto,Baixa
sexta-feira,BR-116,254.0,Pleno dia,Decrescente,Céu Claro,Simples,Reta,-10.80743,-38.87735,DEL07-BA,Risco Médio,Alta
terça-feira,BR-70,9.0,Pleno dia,Crescente,Céu Claro,Dupla,Reta,-15.78462,-48.13202,DEL01-DF,Risco Baixo,Baixa
domingo,BR-476,157.0,Pleno dia,Decrescente,Céu Claro,Simples,Reta,-25.60639,-49.42111,DEL01-PR,Risco Baixo,Baixa
sábado,BR-116,16.3,Amanhecer,Decrescente,Sol,Dupla,Não Informado,-25.3874,-49.1774,DEL01-PR,Risco Baixo,Alta
domingo,BR-364,350.0,Plena Noite,Crescente,Chuva,Dupla,Reta,-15.7956,-55.5906,DEL02-MT,Risco Baixo,Alta
sábado,BR-116,192.1,Plena Noite,Crescente,Céu Claro,Simples,Reta,-17.17972,-41.49345,DEL11-MG,Risco Médio,Alta
domingo,BR-116,77.0,Plena Noite,Crescente,Nublado,Dupla,Desvio Temporário,-25.3836,-49.05301,DEL01-PR,Risco Médio,Alta
domingo,BR-101,45.0,Plena Noite,Crescente,Nublado,Dupla,Interseção de vias,-6.883229,-35.13035,DEL01-PB,Risco Médio,Alta
quinta-feira,BR-316,3.0,Pleno dia,Crescente,Céu Claro,Simples,Viaduto,-5.128264,-42.79292,DEL01-PI,Risco Médio,Baixa
domingo,BR-230,1.0,Plena Noite,Decrescente,Céu Claro,Simples,Reta,-6.9753,-34.8318,DEL01-PB,Risco Médio,Baixa
segunda-feira,BR-163,69.7,Pleno dia,Crescente,Céu Claro,Dupla,Não Informado,-26.74207,-53.5011,DEL07-SC,Risco Médio,Alta
domingo,BR-158,343.0,Pleno dia,Crescente,Chuva,Simples,Reta,-29.74242,-53.93756,DEL09-RS,Risco Médio,Baixa
segunda-feira,BR-381,88.2,Plena Noite,Crescente,Chuva,Dupla,Reta,-23.47836,-46.55937,DEL03-SP,Risco Médio,Alta
domingo,BR-40,623.0,Pleno dia,Decrescente,Céu Claro,Simples,Reta,-20.59425,-43.80416,DEL05-MG,Risco Alto,Alta
sábado,BR-277,44.0,Plena Noite,Crescente,Nublado,Dupla,Curva,-25.47742,-48.83487,DEL01-PR,Risco Baixo,Média
segunda-feira,BR-393,238.0,Plena Noite,Crescente,Nublado,Simples,Curva,-22.40096,-43.66443,DEL05-RJ,Risco Baixo,Média
domingo,BR-222,6.1,Pleno dia,Crescente,Nublado,Dupla,Reta,-3.742151,-38.62601,DEL01-CE,Risco Médio,Baixa
quinta-feira,BR-163,251.9,Plena Noite,Decrescente,Nublado,Simples,Reta,-22.29005,-54.82178,DEL04-MS,Risco Baixo,Alta
sábado,BR-116,224.3,Plena Noite,Crescente,Nublado,Dupla,Reta,-29.58942,-51.10761,DEL05-RS,Risco Baixo,Alta
terça-feira,BR-116,288.0,Pleno dia,Decrescente,Nublado,Dupla,Reta,-23.71925,-46.88314,DEL04-SP,Risco Baixo,Alta
sexta-feira,BR-101,30.0,Pleno dia,Decrescente,Céu Claro,Dupla,Não Informado,-26.21693,-48.91613,DEL03-SC,Risco Médio,Alta
segunda-feira,BR-101,142.4,Plena Noite,Crescente,Garoa/Chuvisco,Múltipla,Interseção de vias,-19.33822,-40.0656,DEL04-ES,Risco Alto,Alta
sábado,BR-70,47.9,Plena Noite,Decrescente,Céu Claro,Simples,Não Informado,-15.74167,-52.62333,DEL07-MT,Risco Médio,Baixa
terça-feira,BR-40,760.1,Pleno dia,Decrescente,Chuva,Simples,Não Informado,-21.52937,-43.51813,DEL05-MG,Risco Alto,Alta
sábado,BR-381,533.8,Pleno dia,Crescente,Céu Claro,Dupla,Curva,-20.1781,-44.3771,DEL04-MG,Risco Baixo,Alta
terça-feira,BR-116,19.0,Pleno dia,Decrescente,Céu Claro,Dupla,Reta,-3.913844,-38.50667,DEL01-CE,Risco Médio,Alta
sábado,BR-101,189.0,Pleno dia,Crescente,Céu Claro,Simples,Interseção de vias,-19.68134,-40.27052,DEL04-ES,Risco Médio,Alta
quinta-feira,BR-222,9.5,Pleno dia,Crescente,Céu Claro,Dupla,Reta,-3.735958,-38.652,DEL01-CE,Risco Médio,Baixa
segunda-feira,BR-158,142.9,Plena Noite,Crescente,Céu Claro,Simples,Curva,-27.14297,-53.21393,DEL07-SC,Risco Baixo,Baixa
terça-feira,BR-376,271.0,Plena Noite,Crescente,Vento,Simples,Reta,-23.77371,-51.26875,DEL07-PR,Risco Médio,Baixa
quinta-feira,BR-101,153.3,Pleno dia,Crescente,Céu Claro,Múltipla,Reta,-6.317489,-35.18316,DEL01-RN,Risco Baixo,Alta
terça-feira,BR-101,260.0,Pleno dia,Decrescente,Céu Claro,Dupla,Não Informado,-20.14639,-40.28736,DEL02-ES,Risco Alto,Alta
domingo,BR-101,138.7,Pleno dia,Crescente,Sol,Simples,Reta,-19.28295,-40.08705,DEL04-ES,Risco Médio,Alta
quarta-feira,BR-116,528.5,Amanhecer,Crescente,Nevoeiro/Neblina,Simples,Interseção de vias,-31.75446,-52.42804,DEL07-RS,Risco Médio,Alta
sexta-feira,BR-101,17.5,Pleno dia,Crescente,Céu Claro,Simples,Reta,-10.3392,-36.89525,DEL02-SE,Risco Médio,Alta
domingo,BR-277,3.5,Amanhecer,Crescente,Céu Claro,Simples,Reta,-25.5205,-48.5095,DEL01-PR,Risco Médio,Média
domingo,BR-364,375.0,Plena Noite,Crescente,Chuva,Simples,Não Informado,-10.73515,-62.19161,DEL02-RO,Risco Médio,Alta
sexta-feira,BR-116,259.0,Pleno dia,Decrescente,Sol,Dupla,Não Informado,-22.58205,-44.03113,DEL07-RJ,Risco Médio,Alta
quarta-feira,BR-40,121.7,Plena Noite,Crescente,Céu Claro,Múltipla,Reta,-22.78522,-43.28542,DEL01-RJ,Risco Médio,Alta
quinta-feira,BR-101,68.8,Pleno dia,Decrescente,Céu Claro,Simples,Reta,-10.7278,-37.07878,DEL01-SE,Risco Baixo,Alta
quarta-feira,BR-277,502.2,Pleno dia,Crescente,Céu Claro,Simples,Reta,-25.14727,-52.70127,DEL04-PR,Risco Médio,Média
quinta-feira,BR-277,101.0,Pleno dia,Decrescente,Garoa/Chuvisco,Dupla,Reta,-25.42857,-49.37963,DEL01-PR,Risco Médio,Média
domingo,BR-153,206.1,Plena Noite,Crescente,Chuva,Simples,Reta,-19.99374,-49.03215,DEL13-MG,Risco Médio,Alta
sábado,BR-222,35.0,Pleno dia,Decrescente,Céu Claro,Simples,Reta,-3.700936,-38.8648,DEL01-CE,Risco Médio,Baixa
terça-feira,BR-290,207.0,Pleno dia,Crescente,Céu Claro,Simples,Ponte,-30.16717,-52.2941,DEL02-RS,Risco Médio,Baixa
terça-feira,BR-242,470.0,Plena Noite,Crescente,Céu Claro,Simples,Curva,-12.40532,-42.38544,DEL06-BA,Risco Médio,Baixa
sexta-feira,BR-40,754.9,Pleno dia,Crescente,Nublado,Dupla,Reta,-21.52768,-43.51948,DEL05-MG,Risco Médio,Alta
segunda-feira,BR-20,50.0,Pleno dia,Decrescente,Céu Claro,Simples,Reta,-15.32827,-47.12951,DEL02-DF,Risco Médio,Baixa
quinta-feira,BR-135,311.0,Amanhecer,Crescente,Chuva,Simples,Desvio Temporário,-8.46,-44.1026,DEL03-PI,Risco Baixo,Baixa
terça-feira,BR-153,500.2,Pleno dia,Crescente,Sol,Dupla,Reta,-16.7118,-49.2324,DEL01-GO,Risco Médio,Alta
quinta-feira,BR-153,15.0,Pleno dia,Decrescente,Céu Claro,Dupla,Reta,-18.5504,-49.194,DEL15-MG,Risco Médio,Alta
segunda-feira,BR-163,728.0,Plena Noite,Decrescente,Céu Claro,Simples,Não Informado,-18.5229,-54.73935,DEL06-MS,Risco Médio,Alta
terça-feira,BR-476,124.0,Pleno dia,Decrescente,Céu Claro,Dupla,Reta,-25.40541,-49.21776,DEL01-PR,Risco Médio,Baixa
sábado,BR-381,356.0,Plena Noite,Crescente,Nublado,Simples,Reta,-19.84765,-43.20566,DEL03-MG,Risco Médio,Alta
quarta-feira,BR-153,497.0,Anoitecer,Crescente,Garoa/Chuvisco,Dupla,Reta,-16.6854,-49.2338,DEL01-GO,Risco Médio,Alta
domingo,BR-153,495.0,Plena Noite,Crescente,Ignorado,Dupla,Reta,-16.6681,-49.2263,DEL01-GO,Risco Médio,Alta
terça-feira,BR-40,563.7,Amanhecer,Crescente,Céu Claro,Dupla,Reta,-20.15745,-43.96408,DEL01-MG,Risco Baixo,Alta
sábado,BR-116,310.0,Pleno dia,Decrescente,Céu Claro,Dupla,Reta,-23.86058,-46.94636,DEL04-SP,Risco Médio,Alta
sábado,BR-60,8.3,Amanhecer,Crescente,Céu Claro,Simples,Reta,-18.76035,-52.63347,DEL08-MS,Risco Alto,Média