dia_semana,br,km,fase_dia,sentido_via,condicao_metereologica,tipo_pista,tracado_via,latitude,longitude,delegacia,classificacao_acidente,postos_policiais_PRF
terça-feira,BR-40,500.0,Amanhecer,Crescente,Nublado,Dupla,Reta,-19.7046,-44.1703,DEL02-MG,Risco Médio,Alta
quinta-feira,BR-364,236.8,Pleno dia,Decrescente,Sol,Simples,Retorno Regulamentado,-11.44406,-61.4446,DEL02-RO,Risco Médio,Alta
domingo,BR-163,746.8,Pleno dia,Crescente,Nublado,Dupla,Reta,-12.70074,-55.81389,DEL06-MT,Risco Baixo,Alta
segunda-feira,BR-153,500.1,Plena Noite,Crescente,Céu Claro,Múltipla,Reta,-16.7118,-49.2324,DEL01-GO,Risco Baixo,Alta
terça-feira,BR-463,95.5,Pleno dia,Crescente,Céu Claro,Simples,Reta,-22.62051,-55.57584,DEL04-MS,Risco Médio,Baixa
sexta-feira,BR-376,666.0,Pleno dia,Decrescente,Chuva,Dupla,Curva,-25.86037,-48.95087,DEL01-PR,Risco Baixo,Baixa
segunda-feira,BR-153,65.5,Plena Noite,Decrescente,Céu Claro,Dupla,Reta,-20.83565,-49.36542,DEL09-SP,Risco Médio,Alta
domingo,BR-381,430.0,Pleno dia,Decrescente,Céu Claro,Simples,Curva,-19.78964,-43.67237,DEL01-MG,Risco Médio,Alta
segunda-feira,BR-407,28.0,Plena Noite,Crescente,Céu Claro,Simples,Reta,-9.633835,-40.40132,DEL04-BA,Risco Baixo,Baixa
domingo,BR-470,245.3,Pleno dia,Crescente,Céu Claro,Simples,Reta,-27.31523,-50.54001,DEL05-SC,Risco Baixo,Baixa
segunda-feira,BR-386,226.5,Plena Noite,Crescente,Céu Claro,Simples,Não Informado,-28.67141,-52.60988,DEL04-RS,Risco Médio,Média
sexta-feira,BR-116,342.0,Plena Noite,Crescente,Céu Claro,Dupla,Reta,-24.01625,-47.16798,DEL04-SP,Risco Alto,Alta
sexta-feira,BR-101,224.5,Pleno dia,Crescente,Sol,Dupla,Reta,-27.7336,-48.6407,DEL01-SC,Risco Médio,Alta
domingo,BR-116,789.1,Pleno dia,Decrescente,Céu Claro,Simples,Reta,-14.67711,-40.50672,DEL08-BA,Risco Alto,Alta
segunda-feira,BR-101,386.6,Pleno dia,Crescente,Chuva,Dupla,Reta,-28.77802,-49.32249,DEL02-SC,Risco Baixo,Alta
quarta-feira,BR-163,8.3,Pleno dia,Decrescente,Ignorado,Dupla,Reta,-26.25787,-53.62439,DEL02-PR,Risco Médio,Alta
sexta-feira,BR-364,563.0,Pleno dia,Crescente,Chuva,Simples,Reta,-9.534804,-63.07678,DEL03-RO,Risco Baixo,Alta
quinta-feira,BR-324,548.0,Pleno dia,Crescente,Céu Claro,Dupla,Reta,-12.43885,-38.72447,DEL01-BA,Risco Médio,Baixa
sexta-feira,BR-282,448.8,Pleno dia,Crescente,Sol,Simples,Reta,-26.91949,-51.93369,DEL07-SC,Risco Médio,Baixa
sexta-feira,BR-365,94.6,Plena Noite,Crescente,Céu Claro,Simples,Reta,-17.21588,-44.45762,DEL12-MG,Risco Alto,Média
quinta-feira,BR-381,943.0,Plena Noite,Decrescente,Céu Claro,Dupla,Reta,-22.84003,-46.32874,DEL16-MG,Risco Médio,Alta
domingo,BR-20,2.9,Plena Noite,Decrescente,Céu Claro,Dupla,Reta,-15.6829,-47.84073,DEL02-DF,Risco Baixo,Baixa
sábado,BR-230,115.0,Plena Noite,Decrescente,Céu Claro,Dupla,Reta,-5.362414,-49.07496,DEL03-PA,Risco Médio,Baixa
segunda-feira,BR-40,6.7,Plena Noite,Crescente,Céu Claro,Dupla,Reta,-16.10081,-47.97735,DEL01-DF,Risco Baixo,Alta
segunda-feira,BR-470,43.0,Plena Noite,Decrescente,Céu Claro,Simples,Reta,-26.8748,-49.01301,DEL04-SC,Risco Baixo,Baixa
terça-feira,BR-101,68.5,Pleno dia,Crescente,Céu Claro,Múltipla,Reta,-8.054671,-34.94629,DEL01-PE,Risco Baixo,Alta
quarta-feira,BR-153,511.0,Plena Noite,Decrescente,Céu Claro,Múltipla,Reta,-16.8067,-49.2394,DEL01-GO,Risco Médio,Alta
sábado,BR-60,543.0,Plena Noite,Decrescente,Céu Claro,Simples,Reta,-21.15678,-55.84976,DEL05-MS,Risco Médio,Média
quarta-feira,BR-376,51.4,Pleno dia,Decrescente,Céu Claro,Simples,Reta,-22.45606,-54.31901,DEL04-MS,Risco Médio,Baixa
domingo,BR-163,1001.0,Plena Noite,Crescente,Céu Claro,Simples,Reta,-2.48537,-54.7323,DEL05-PA,Risco Médio,Alta
terça-feira,BR-493,114.0,Pleno dia,Crescente,Nevoeiro/Neblina,Dupla,Reta,-22.83505,-43.81073,DEL01-RJ,Risco Médio,Baixa
domingo,BR-343,79.0,Pleno dia,Decrescente,Sol,Simples,Reta,-3.398274,-41.73775,DEL05-PI,Risco Médio,Baixa
domingo,BR-101,316.0,Plena Noite,Decrescente,Céu Claro,Dupla,Reta,-22.82836,-43.09209,DEL02-RJ,Risco Médio,Alta
quarta-feira,BR-163,751.7,Pleno dia,Crescente,Céu Claro,Dupla,Reta,-12.56512,-55.72257,DEL06-MT,Risco Baixo,Alta
domingo,BR-364,347.9,Pleno dia,Crescente,Nublado,Dupla,Não Informado,-15.80735,-55.54692,DEL02-MT,Risco Médio,Alta
quinta-feira,BR-116,20.9,Plena Noite,Decrescente,Céu Claro,Dupla,Reta,-22.57232,-44.86495,DEL08-SP,Risco Baixo,Alta
segunda-feira,BR-101,448.0,Plena Noite,Crescente,Ignorado,Dupla,Reta,-29.15899,-49.73541,DEL02-SC,Risco Médio,Alta
segunda-feira,BR-376,600.3,Pleno dia,Decrescente,Nublado,Dupla,Desvio Temporário,-25.53196,-49.32206,DEL01-PR,Risco Médio,Baixa
domingo,BR-153,508.7,Plena Noite,Crescente,Chuva,Dupla,Não Informado,-16.7804,-49.2371,DEL01-GO,Risco Médio,Alta
sábado,BR-470,141.0,Pleno dia,Crescente,Nublado,Simples,Reta,-27.21465,-49.64349,DEL04-SC,Risco Baixo,Baixa
quinta-feira,BR-116,566.5,Plena Noite,Decrescente,Céu Claro,Simples,Reta,-31.93455,-52.74642,DEL07-RS,Risco Baixo,Alta
quarta-feira,BR-101,13.7,Pleno dia,Decrescente,Garoa/Chuvisco,Dupla,Reta,-26.08987,-48.86345,DEL03-SC,Risco Médio,Alta
quinta-feira,BR-116,227.8,Plena Noite,Decrescente,Céu Claro,Múltipla,Reta,-23.49659,-46.55649,DEL01-SP,Risco Médio,Alta
terça-feira,BR-235,6.2,Pleno dia,Decrescente,Sol,Dupla,Não Informado,-10.90385,-37.12868,DEL01-SE,Risco Médio,Baixa
sábado,BR-116,685.5,Plena Noite,Decrescente,Céu Claro,Simples,Reta,-20.96955,-42.35425,DEL07-MG,Risco Médio,Alta
domingo,BR-226,128.9,Plena Noite,Decrescente,Céu Claro,Simples,Reta,-6.195158,-36.14722,DEL03-RN,Risco Médio,Baixa
terça-feira,BR-343,267.6,Plena Noite,Crescente,Nublado,Simples,Reta,-4.836484,-42.18135,DEL01-PI,Risco Médio,Baixa
domingo,BR-70,11.9,Pleno dia,Crescente,Céu Claro,Dupla,Reta,-15.78976,-48.14873,DEL01-DF,Risco Médio,Baixa
terça-feira,BR-116,593.9,Pleno dia,Crescente,Céu Claro,Simples,Curva,-20.28416,-42.14605,DEL06-MG,Risco Médio,Alta
segunda-feira,BR-324,612.0,Plena Noite,Decrescente,Céu Claro,Dupla,Reta,-12.79299,-38.40493,DEL01-BA,Risco Médio,Baixa
quarta-feira,BR-70,19.0,Plena Noite,Crescente,Chuva,Múltipla,Não Informado,-15.78887,-48.22024,DEL01-DF,Risco Baixo,Baixa
sábado,BR-222,4.1,Plena Noite,Decrescente,Céu Claro,Múltipla,Reta,-3.741729,-38.60626,DEL01-CE,Risco Médio,Baixa
quarta-feira,BR-230,464.0,Plena Noite,Decrescente,Céu Claro,Simples,Reta,-6.7786,-38.2341,DEL03-PB,Risco Médio,Baixa
domingo,BR-376,390.7,Amanhecer,Decrescente,Céu Claro,Dupla,Reta,-24.52464,-50.70582,DEL03-PR,Risco Baixo,Baixa
domingo,BR-116,82.3,Plena Noite,Crescente,Céu Claro,Dupla,Reta,-22.90919,-45.31883,DEL08-SP,Risco Médio,Alta
domingo,BR-116,176.0,Pleno dia,Decrescente,Céu Claro,Dupla,Reta,-22.78395,-43.38195,DEL01-RJ,Risco Médio,Alta
quinta-feira,BR-290,416.0,Plena Noite,Crescente,Céu Claro,Simples,Reta,-30.3628,-54.20448,DEL11-RS,Risco Médio,Baixa
sábado,BR-153,558.0,Pleno dia,Decrescente,Chuva,Dupla,Curva,-17.2081,-49.2137,DEL03-GO,Risco Baixo,Alta
sábado,BR-101,434.0,Plena Noite,Decrescente,Ignorado,Dupla,Reta,-29.09075,-49.63226,DEL02-SC,Risco Médio,Alta
sábado,BR-319,63.4,Pleno dia,Crescente,Céu Claro,Dupla,Reta,-8.761051,-63.88562,DEL01-RO,Risco Baixo,Baixa
sábado,BR-158,326.0,Plena Noite,Decrescente,Céu Claro,Dupla,Não Informado,-29.70975,-53.80285,DEL09-RS,Risco Médio,Baixa
sexta-feira,BR-116,432.2,Plena Noite,Crescente,Céu Claro,Simples,Rotatória,-19.01376,-41.98227,DEL06-MG,Risco Médio,Alta
quinta-feira,BR-280,4.6,Pleno dia,Crescente,Céu Claro,Simples,Rotatória,-26.2533,-48.61916,DEL03-SC,Risco Baixo,Baixa
domingo,BR-101,307.0,Pleno dia,Crescente,Sol,Dupla,Reta,-28.392,-48.77826,DEL02-SC,Risco Médio,Alta
quinta-feira,BR-470,218.0,Pleno dia,Crescente,Céu Claro,Simples,Interseção de vias,-29.17292,-51.52425,DEL06-RS,Risco Médio,Baixa
segunda-feira,BR-10,295.5,Pleno dia,Crescente,Céu Claro,Simples,Reta,-5.157523,-47.53841,DEL04-MA,Risco Médio,Baixa
sexta-feira,BR-230,16.6,Pleno dia,Crescente,Sol,Dupla,Reta,-7.1039,-34.8458,DEL01-PB,Risco Médio,Baixa
sexta-feira,BR-364,698.0,Pleno dia,Decrescente,Chuva,Dupla,Reta,-8.800516,-63.7589,DEL01-RO,Risco Médio,Alta
quinta-feira,BR-324,595.0,Amanhecer,Crescente,Céu Claro,Dupla,Reta,-12.7225,-38.4506,DEL01-BA,Risco Baixo,Baixa
quinta-feira,BR-50,3.7,Plena Noite,Crescente,Céu Claro,Dupla,Retorno Regulamentado,-18.43762,-48.05685,DEL15-MG,Risco Médio,Média
domingo,BR-116,176.0,Plena Noite,Crescente,Céu Claro,Dupla,Reta,-22.78395,-43.38195,DEL01-RJ,Risco Médio,Alta
sábado,BR-316,79.0,Anoitecer,Decrescente,Céu Claro,Dupla,Reta,-1.3041,-47.7793,DEL01-PA,Risco Baixo,Baixa
quinta-feira,BR-251,483.3,Amanhecer,Decrescente,Nublado,Simples,Reta,-16.49782,-43.52859,DEL12-MG,Risco Baixo,Baixa
quinta-feira,BR-40,17.0,Pleno dia,Decrescente,Chuva,Dupla,Curva,-22.093,-43.1708,DEL06-RJ,Risco Médio,Alta
sábado,BR-116,213.0,Pleno dia,Crescente,Nublado,Dupla,Reta,-23.43971,-46.43668,DEL01-SP,Risco Médio,Alta
sexta-feira,BR-101,394.0,Plena Noite,Decrescente,Nublado,Dupla,Reta,-22.88327,-43.72052,DEL03-RJ,Risco Médio,Alta
sexta-feira,BR-50,204.0,Anoitecer,Crescente,Chuva,Dupla,Reta,-19.96026,-47.79872,DEL13-MG,Risco Médio,Média
quarta-feira,BR-369,150.0,Pleno dia,Decrescente,Ignorado,Dupla,Reta,-23.29282,-51.16153,DEL07-PR,Risco Médio,Baixa
segunda-feira,BR-316,81.0,Plena Noite,Decrescente,Céu Claro,Simples,Reta,-7.868155,-40.10071,DEL05-PE,Risco Médio,Baixa
sexta-feira,BR-153,55.0,Pleno dia,Decrescente,Céu Claro,Simples,Reta,-13.2929,-49.1239,DEL07-GO,Risco Baixo,Alta
domingo,BR-316,583.1,Pleno dia,Crescente,Céu Claro,Simples,Não Informado,-4.977182,-43.09846,DEL03-MA,Risco Médio,Baixa
quarta-feira,BR-381,498.0,Anoitecer,Decrescente,Céu Claro,Dupla,Reta,-20.01173,-44.21976,DEL01-MG,Risco Médio,Alta
quinta-feira,BR-101,263.8,Pleno dia,Crescente,Céu Claro,Simples,Interseção de vias,-20.17327,-40.2673,DEL02-ES,Risco Médio,Alta
sábado,BR-230,17.8,Plena Noite,Crescente,Céu Claro,Dupla,Curva,-7.1121,-34.8426,DEL01-PB,Risco Médio,Baixa
quarta-feira,BR-282,70.0,Pleno dia,Crescente,Nublado,Simples,Curva,-27.69271,-49.09135,DEL01-SC,Risco Médio,Baixa
quarta-feira,BR-116,162.0,Amanhecer,Crescente,Céu Claro,Dupla,Curva,-23.27987,-45.98275,DEL02-SP,Risco Médio,Alta
domingo,BR-364,242.2,Pleno dia,Crescente,Nublado,Dupla,Não Informado,-16.16261,-54.79547,DEL02-MT,Risco Médio,Alta
sábado,BR-163,1035.0,Plena Noite,Crescente,Chuva,Simples,Reta,-10.20133,-54.95709,DEL06-MT,Risco Médio,Alta
quarta-feira,BR-376,459.0,Pleno dia,Crescente,Céu Claro,Dupla,Não Informado,-24.94153,-50.40429,DEL03-PR,Risco Baixo,Baixa
quinta-feira,BR-101,73.0,Pleno dia,Decrescente,Nublado,Dupla,Reta,-8.099225,-34.95005,DEL01-PE,Risco Médio,Alta
quarta-feira,BR-222,5.8,Pleno dia,Crescente,Céu Claro,Simples,Curva,-3.742969,-38.61331,DEL01-CE,Risco Médio,Baixa
sexta-feira,BR-290,83.0,Pleno dia,Crescente,Sol,Múltipla,Reta,-29.95914,-51.08879,DEL01-RS,Risco Médio,Baixa
domingo,BR-116,76.6,Pleno dia,Decrescente,Céu Claro,Simples,Não Informado,-8.497209,-39.2092,DEL05-PE,Risco Médio,Alta
domingo,BR-235,86.4,Pleno dia,Decrescente,Céu Claro,Simples,Não Informado,-10.54016,-37.64315,DEL01-SE,Risco Médio,Baixa
sábado,BR-381,865.2,Plena Noite,Crescente,Céu Claro,Dupla,Curva,-22.3625,-45.93028,DEL16-MG,Risco Baixo,Alta
sábado,BR-282,474.5,Plena Noite,Decrescente,Céu Claro,Simples,Reta,-26.87435,-52.15528,DEL07-SC,Risco Médio,Baixa
domingo,BR-116,258.0,Plena Noite,Crescente,Céu Claro,Simples,Reta,-29.86128,-51.18162,DEL01-RS,Risco Médio,Alta
segunda-feira,BR-116,172.4,Pleno dia,Crescente,Sol,Simples,Curva,-29.31663,-51.16927,DEL05-RS,Risco Médio,Alta
quinta-feira,BR-277,188.1,Plena Noite,Crescente,Céu Claro,Simples,Reta,-25.44048,-50.17525,DEL03-PR,Risco Alto,Média
domingo,BR-101,488.4,Pleno dia,Crescente,Nublado,Simples,Curva,-14.67142,-39.35392,DEL05-BA,Risco Baixo,Alta
terça-feira,BR-101,111.4,Pleno dia,Crescente,Céu Claro,Dupla,Interseção de vias,-26.84284,-48.71771,DEL04-SC,Risco Médio,Alta
quarta-feira,BR-471,150.3,Pleno dia,Decrescente,Céu Claro,Simples,Interseção de vias,-29.7795,-52.41531,DEL02-RS,Risco Médio,Baixa
sexta-feira,BR-70,278.0,Pleno dia,Crescente,Céu Claro,Simples,Reta,-15.5574,-54.27982,DEL05-MT,Risco Médio,Baixa
quarta-feira,BR-101,312.0,Plena Noite,Crescente,Céu Claro,Dupla,Reta,-22.8046,-43.0605,DEL02-RJ,Risco Baixo,Alta
quinta-feira,BR-232,169.1,Pleno dia,Crescente,Nublado,Simples,Não Informado,-8.339957,-36.3344,DEL02-PE,Risco Médio,Baixa
segunda-feira,BR-285,284.0,Pleno dia,Decrescente,Céu Claro,Simples,Reta,-28.2463,-52.294,DEL08-RS,Risco Baixo,Baixa
terça-feira,BR-381,483.9,Pleno dia,Crescente,Sol,Dupla,Reta,-19.9596,-44.0877,DEL01-MG,Risco Médio,Alta
segunda-feira,BR-369,184.0,Pleno dia,Decrescente,Nublado,Simples,Reta,-23.42261,-51.4246,DEL07-PR,Risco Médio,Baixa
quarta-feira,BR-153,495.0,Pleno dia,Decrescente,Céu Claro,Dupla,Não Informado,-16.6681,-49.2263,DEL01-GO,Risco Médio,Alta
sábado,BR-116,450.0,Plena Noite,Decrescente,Céu Claro,Simples,Não Informado,-24.53834,-47.85907,DEL05-SP,Risco Médio,Alta
quinta-feira,BR-277,362.9,Plena Noite,Decrescente,Nublado,Simples,Reta,-25.43792,-51.63533,DEL03-PR,Risco Baixo,Média
segunda-feira,BR-116,525.0,Pleno dia,Decrescente,Sol,Simples,Não Informado,-19.75657,-42.13283,DEL06-MG,Risco Alto,Alta
domingo,BR-101,210.0,Pleno dia,Crescente,Nublado,Dupla,Reta,-27.6173,-48.6463,DEL01-SC,Risco Médio,Alta
quarta-feira,BR-251,472.4,Pleno dia,Crescente,Chuva,Simples,Não Informado,-16.46691,-43.43948,DEL12-MG,Risco Médio,Baixa
sábado,BR-376,371.0,Plena Noite,Decrescente,Chuva,Dupla,Reta,-24.38436,-50.78917,DEL07-PR,Risco Médio,Baixa
sexta-feira,BR-101,428.0,Plena Noite,Decrescente,Chuva,Dupla,Curva,-22.93392,-43.99,DEL03-RJ,Risco Médio,Alta
terça-feira,BR-365,612.0,Pleno dia,Crescente,Chuva,Simples,Reta,-18.91981,-48.20354,DEL15-MG,Risco Baixo,Média
quarta-feira,BR-230,25.0,Pleno dia,Decrescente,Céu Claro,Múltipla,Reta,-7.1707,-34.8684,DEL01-PB,Risco Médio,Baixa
quarta-feira,BR-40,5.2,Plena Noite,Crescente,Céu Claro,Dupla,Reta,-16.09632,-47.97979,DEL01-DF,Risco Médio,Alta
sexta-feira,BR-101,94.0,Pleno dia,Decrescente,Céu Claro,Dupla,Retorno Regulamentado,-10.90732,-37.15237,DEL01-SE,Risco Médio,Alta
quinta-feira,BR-60,12.4,Pleno dia,Crescente,Céu Claro,Múltipla,Reta,-15.92099,-48.16585,DEL01-DF,Risco Médio,Média
quinta-feira,BR-493,99.0,Plena Noite,Decrescente,Nublado,Dupla,Reta,-22.73376,-43.7174,DEL03-RJ,Risco Baixo,Baixa
sexta-feira,BR-343,5.9,Pleno dia,Decrescente,Céu Claro,Simples,Reta,-2.896576,-41.70491,DEL05-PI,Risco Médio,Baixa
sexta-feira,BR-277,590.0,Pleno dia,Crescente,Céu Claro,Simples,Desvio Temporário,-24.98121,-53.45592,DEL04-PR,Risco Médio,Média
domingo,BR-80,2.4,Plena Noite,Crescente,Céu Claro,Dupla,Reta,-15.5025,-48.21132,DEL01-DF,Risco Médio,Baixa
quarta-feira,BR-230,114.0,Plena Noite,Decrescente,Céu Claro,Múltipla,Retorno Regulamentado,-5.359049,-49.08411,DEL03-PA,Risco Médio,Baixa
sexta-feira,BR-376,183.0,Plena Noite,Crescente,Céu Claro,Dupla,Interseção de vias,-23.4332,-51.8851,DEL07-PR,Risco Médio,Baixa
sábado,BR-116,235.6,Anoitecer,Crescente,Chuva,Dupla,Reta,-22.65969,-43.86808,DEL07-RJ,Risco Baixo,Alta
terça-feira,BR-317,113.0,Pleno dia,Crescente,Céu Claro,Simples,Não Informado,-10.33971,-67.6879,DEL01-AC,Risco Médio,Baixa
domingo,BR-116,204.0,Pleno dia,Crescente,Céu Claro,Múltipla,Reta,-23.41236,-46.35692,DEL01-SP,Risco Baixo,Alta
domingo,BR-376,488.6,Plena Noite,Crescente,Céu Claro,Dupla,Curva,-25.08949,-50.19606,DEL03-PR,Risco Baixo,Baixa
quarta-feira,BR-104,0.3,Pleno dia,Decrescente,Chuva,Simples,Curva,-8.91291,-36.01804,DEL01-AL,Risco Baixo,Baixa
quarta-feira,BR-277,584.9,Pleno dia,Decrescente,Nublado,Simples,Reta,-24.96684,-53.40258,DEL04-PR,Risco Médio,Média
domingo,BR-408,89.3,Pleno dia,Crescente,Céu Claro,Dupla,Não Informado,-7.981491,-35.08112,DEL01-PE,Risco Alto,Baixa
segunda-feira,BR-452,1.7,Pleno dia,Crescente,Céu Claro,Dupla,Reta,-17.79429,-50.88875,DEL04-GO,Risco Médio,Baixa
terça-feira,BR-282,355.0,Plena Noite,Crescente,Céu Claro,Simples,Reta,-27.3314,-51.3528,DEL07-SC,Risco Médio,Baixa
segunda-feira,BR-290,602.7,Plena Noite,Crescente,Céu Claro,Simples,Reta,-29.8722,-55.98209,DEL13-RS,Risco Alto,Baixa
quarta-feira,BR-280,128.7,Pleno dia,Decrescente,Nevoeiro/Neblina,Simples,Não Informado,-26.254,-49.53379,DEL06-SC,Risco Médio,Baixa
quarta-feira,BR-386,34.1,Plena Noite,Crescente,Céu Claro,Simples,Interseção de vias,-27.36574,-53.39501,DEL08-RS,Risco Médio,Média
quinta-feira,BR-262,665.6,Pleno dia,Crescente,Céu Claro,Simples,Reta,-19.55478,-46.77681,DEL08-MG,Risco Médio,Média
sábado,BR-470,270.2,Plena Noite,Crescente,Nublado,Simples,Reta,-27.31911,-50.76706,DEL07-SC,Risco Médio,Baixa
domingo,BR-20,328.5,Plena Noite,Decrescente,Céu Claro,Simples,Reta,-4.217318,-39.19148,DEL02-CE,Risco Médio,Baixa
segunda-feira,BR-163,260.5,Plena Noite,Crescente,Céu Claro,Dupla,Reta,-22.24405,-54.77172,DEL04-MS,Risco Médio,Alta
terça-feira,BR-230,16.0,Anoitecer,Decrescente,Céu Claro,Dupla,Não Informado,-7.10418,-34.84561,DEL01-PB,Risco Médio,Baixa
domingo,BR-101,39.7,Amanhecer,Decrescente,Chuva,Dupla,Interseção de vias,-26.31861,-48.87152,DEL03-SC,Risco Médio,Alta
quarta-feira,BR-101,12.5,Plena Noite,Decrescente,Garoa/Chuvisco,Dupla,Desvio Temporário,-26.08539,-48.8626,DEL03-SC,Risco Baixo,Alta
terça-feira,BR-101,205.2,Anoitecer,Crescente,Nublado,Dupla,Reta,-27.58313,-48.61533,DEL01-SC,Risco Médio,Alta
terça-feira,BR-280,27.6,Pleno dia,Decrescente,Sol,Simples,Reta,-26.39691,-48.74026,DEL03-SC,Risco Médio,Baixa
quarta-feira,BR-230,135.7,Plena Noite,Crescente,Nublado,Dupla,Curva,-7.2789,-35.7591,DEL02-PB,Risco Médio,Baixa
domingo,BR-116,126.0,Plena Noite,Decrescente,Céu Claro,Dupla,Reta,-25.6411,-49.31293,DEL01-PR,Risco Médio,Alta
terça-feira,BR-101,59.5,Pleno dia,Decrescente,Sol,Simples,Reta,-11.93416,-38.05259,DEL01-BA,Risco Médio,Alta
quinta-feira,BR-280,215.1,Pleno dia,Crescente,Nublado,Simples,Reta,-26.18253,-50.21544,DEL06-SC,Risco Médio,Baixa
quarta-feira,BR-101,0.5,Pleno dia,Crescente,Chuva,Dupla,Reta,-20.23868,-40.27873,DEL02-ES,Risco Médio,Alta
sábado,BR-116,470.9,Plena Noite,Crescente,Céu Claro,Simples,Reta,-7.277164,-38.85541,DEL05-CE,Risco Médio,Alta
sexta-feira,BR-230,467.2,Pleno dia,Decrescente,Nublado,Simples,Curva,-6.783004,-38.2758,DEL03-PB,Risco Alto,Baixa
sábado,BR-116,104.0,Pleno dia,Decrescente,Céu Claro,Dupla,Curva,-22.63176,-43.0513,DEL04-RJ,Risco Baixo,Alta
quinta-feira,BR-277,660.8,Pleno dia,Decrescente,Sol,Dupla,Não Informado,-25.25136,-53.99028,DEL05-PR,Risco Médio,Média
sábado,BR-354,705.3,Plena Noite,Crescente,Nublado,Simples,Interseção de vias,-21.99205,-44.92517,DEL05-MG,Risco Baixo,Baixa
quinta-feira,BR-101,215.0,Plena Noite,Crescente,Céu Claro,Múltipla,Reta,-27.65185,-48.67605,DEL01-SC,Risco Médio,Alta
sexta-feira,BR-381,455.0,Pleno dia,Crescente,Nublado,Simples,Curva,-19.83935,-43.86091,DEL01-MG,Risco Médio,Alta
terça-feira,BR-116,87.0,Pleno dia,Decrescente,Chuva,Simples,Reta,-22.46091,-42.96277,DEL04-RJ,Risco Baixo,Alta
segunda-feira,BR-116,512.5,Pleno dia,Decrescente,Chuva,Simples,Curva,-24.84304,-48.22028,DEL05-SP,Risco Médio,Alta
quinta-feira,BR-235,74.8,Plena Noite,Crescente,Céu Claro,Simples,Reta,-10.54446,-37.54591,DEL01-SE,Risco Médio,Baixa
quinta-feira,BR-277,710.5,Pleno dia,Decrescente,Sol,Dupla,Não Informado,-25.45043,-54.41349,DEL05-PR,Risco Médio,Média
segunda-feira,BR-101,149.0,Pleno dia,Crescente,Céu Claro,Dupla,Interseção de vias,-19.39619,-40.06436,DEL04-ES,Risco Baixo,Alta
sábado,BR-101,203.0,Plena Noite,Crescente,Chuva,Dupla,Interseção de vias,-27.56586,-48.61469,DEL01-SC,Risco Médio,Alta
sexta-feira,BR-428,179.9,Plena Noite,Decrescente,Céu Claro,Simples,Reta,-9.310799,-40.4552,DEL06-PE,Risco Alto,Baixa
domingo,BR-376,219.2,Plena Noite,Crescente,Céu Claro,Simples,Curva,-23.59705,-51.62235,DEL09-PR,Risco Médio,Baixa
quinta-feira,BR-262,801.9,Plena Noite,Crescente,Nublado,Dupla,Reta,-19.77095,-47.90746,DEL13-MG,Risco Médio,Média
quarta-feira,BR-101,205.5,Pleno dia,Crescente,Céu Claro,Dupla,Reta,-27.58313,-48.61533,DEL01-SC,Risco Médio,Alta
quarta-feira,BR-70,0.0,Pleno dia,Decrescente,Chuva,Múltipla,Desvio Temporário,-15.78354,-48.2326,DEL01-DF,Risco Médio,Baixa
quarta-feira,BR-381,508.3,Plena Noite,Decrescente,Céu Claro,Dupla,Curva,-20.04589,-44.27299,DEL01-MG,Risco Médio,Alta
quinta-feira,BR-40,2.0,Anoitecer,Decrescente,Garoa/Chuvisco,Dupla,Reta,-16.06713,-47.98423,DEL01-DF,Risco Médio,Alta
quarta-feira,BR-116,179.2,Pleno dia,Decrescente,Sol,Dupla,Reta,-22.76987,-43.40808,DEL01-RJ,Risco Médio,Alta
sexta-feira,BR-465,3.0,Plena Noite,Crescente,Céu Claro,Simples,Reta,-22.73427,-43.71199,DEL01-RJ,Risco Médio,Baixa
quarta-feira,BR-470,51.0,Plena Noite,Crescente,Céu Claro,Simples,Reta,-26.86089,-49.06604,DEL04-SC,Risco Médio,Baixa
terça-feira,BR-116,65.0,Pleno dia,Decrescente,Sol,Dupla,Curva,-25.31032,-49.00208,DEL01-PR,Risco Médio,Alta
sábado,BR-101,140.0,Pleno dia,Crescente,Nublado,Dupla,Reta,-6.19121,-35.21326,DEL01-RN,Risco Médio,Alta
domingo,BR-277,1.9,Pleno dia,Decrescente,Céu Claro,Dupla,Reta,-25.5469,-54.5882,DEL05-PR,Risco Baixo,Média
quinta-feira,BR-376,44.0,Anoitecer,Decrescente,Chuva,Simples,Reta,-22.8546,-52.9716,DEL07-PR,Risco Baixo,Baixa
sábado,BR-373,180.8,Pleno dia,Decrescente,Céu Claro,Simples,Reta,-25.03984,-50.24853,DEL03-PR,Risco Médio,Baixa
segunda-feira,BR-116,283.7,Pleno dia,Decrescente,Céu Claro,Dupla,Reta,-23.64937,-46.85262,DEL04-SP,Risco Baixo,Alta
domingo,BR-376,159.0,Pleno dia,Decrescente,Chuva,Dupla,Não Informado,-23.36454,-52.08348,DEL09-PR,Risco Médio,Baixa
domingo,BR-153,532.5,Anoitecer,Decrescente,Chuva,Dupla,Desvio Temporário,-16.9852,-49.2297,DEL01-GO,Risco Médio,Alta
sábado,BR-480,127.0,Anoitecer,Crescente,Céu Claro,Simples,Rotatória,-27.02886,-52.6338,DEL07-SC,Risco Médio,Baixa
quinta-feira,BR-386,323.4,Plena Noite,Crescente,Nublado,Simples,Curva,-29.32481,-52.10217,DEL04-RS,Risco Médio,Média
quinta-feira,BR-364,225.8,Pleno dia,Crescente,Céu Claro,Dupla,Não Informado,-16.30707,-54.75757,DEL02-MT,Risco Médio,Alta