dia_semana,br,km,fase_dia,sentido_via,condicao_metereologica,tipo_pista,tracado_via,latitude,longitude,delegacia,classificacao_acidente,postos_policiais_PRF
segunda-feira,BR-365,670.0,Plena Noite,Crescente,Céu Claro,Dupla,Reta,-18.88762,-48.69827,DEL15-MG,Risco Médio,Média
sábado,BR-101,167.5,Plena Noite,Crescente,Garoa/Chuvisco,Simples,Reta,-19.52735,-40.15218,DEL04-ES,Risco Médio,Alta
quarta-feira,BR-116,461.0,Pleno dia,Decrescente,Céu Claro,Dupla,Reta,-24.61672,-47.88934,DEL05-SP,Risco Médio,Alta
quinta-feira,BR-471,148.6,Pleno dia,Crescente,Céu Claro,Múltipla,Interseção de vias,-29.76296,-52.4245,DEL02-RS,Risco Médio,Baixa
segunda-feira,BR-476,128.8,Pleno dia,Crescente,Chuva,Dupla,Reta,-25.43305,-49.23156,DEL01-PR,Risco Médio,Baixa
quarta-feira,BR-163,527.0,Pleno dia,Crescente,Chuva,Simples,Curva,-14.51417,-56.20863,DEL01-MT,Risco Alto,Alta
quarta-feira,BR-153,143.6,Pleno dia,Decrescente,Céu Claro,Simples,Reta,-19.59131,-48.83019,DEL15-MG,Risco Médio,Alta
quinta-feira,BR-262,880.0,Pleno dia,Crescente,Céu Claro,Simples,Não Informado,-19.76142,-48.60463,DEL13-MG,Risco Médio,Média
quinta-feira,BR-376,412.2,Plena Noite,Crescente,Céu Claro,Simples,Reta,-24.63922,-50.63119,DEL03-PR,Risco Médio,Baixa
sexta-feira,BR-40,260.1,Pleno dia,Crescente,Sol,Simples,Reta,-18.13881,-45.35206,DEL14-MG,Risco Médio,Alta
domingo,BR-232,409.6,Plena Noite,Decrescente,Céu Claro,Simples,Reta,-7.981944,-38.28947,DEL04-PE,Risco Médio,Baixa
domingo,BR-163,519.1,Plena Noite,Crescente,Nublado,Dupla,Reta,-20.16994,-54.44906,DEL01-MS,Risco Baixo,Alta
sábado,BR-116,256.5,Pleno dia,Decrescente,Céu Claro,Dupla,Reta,-29.84836,-51.17835,DEL01-RS,Risco Baixo,Alta
quinta-feira,BR-101,296.9,Pleno dia,Crescente,Céu Claro,Dupla,Reta,-20.34351,-40.40724,DEL01-ES,Risco Médio,Alta
segunda-feira,BR-116,161.0,Plena Noite,Crescente,Céu Claro,Dupla,Reta,-23.27617,-45.97592,DEL02-SP,Risco Médio,Alta
quinta-feira,BR-101,186.0,Plena Noite,Crescente,Chuva,Dupla,Curva,-27.43411,-48.62567,DEL01-SC,Risco Baixo,Alta
sábado,BR-277,0.1,Anoitecer,Decrescente,Céu Claro,Simples,Não Informado,-25.51927,-48.54297,DEL01-PR,Risco Médio,Média
quinta-feira,BR-392,87.2,Plena Noite,Decrescente,Nublado,Simples,Desvio Temporário,-31.62766,-52.4999,DEL07-RS,Risco Baixo,Média
domingo,BR-40,462.5,Pleno dia,Decrescente,Céu Claro,Dupla,Não Informado,-19.41369,-44.33879,DEL02-MG,Risco Médio,Alta
sábado,BR-393,146.0,Pleno dia,Decrescente,Céu Claro,Simples,Curva,-22.04232,-42.99312,DEL06-RJ,Risco Médio,Média
domingo,BR-101,281.0,Plena Noite,Decrescente,Nublado,Dupla,Reta,-22.73786,-42.78693,DEL02-RJ,Risco Médio,Alta
quinta-feira,BR-262,587.0,Pleno dia,Crescente,Chuva,Simples,Curva,-19.66218,-46.10928,DEL08-MG,Risco Médio,Média
quarta-feira,BR-116,310.0,Pleno dia,Crescente,Céu Claro,Simples,Curva,-18.06937,-41.67662,DEL11-MG,Risco Médio,Alta
domingo,BR-158,535.4,Anoitecer,Crescente,Céu Claro,Simples,Reta,-26.23547,-52.69067,DEL02-PR,Risco Médio,Baixa
terça-feira,BR-101,51.1,Pleno dia,Crescente,Chuva,Simples,Desvio Temporário,-21.64273,-41.3117,DEL08-RJ,Risco Alto,Alta
terça-feira,BR-116,232.0,Amanhecer,Decrescente,Céu Claro,Simples,Não Informado,-22.65604,-43.83714,DEL07-RJ,Risco Médio,Alta
domingo,BR-376,614.0,Plena Noite,Decrescente,Céu Claro,Dupla,Não Informado,-25.57084,-49.19356,DEL01-PR,Risco Baixo,Baixa
domingo,BR-316,379.5,Plena Noite,Decrescente,Nublado,Simples,Reta,-4.21503,-44.62839,DEL02-MA,Risco Baixo,Baixa
domingo,BR-230,245.0,Pleno dia,Decrescente,Sol,Simples,Reta,-7.0711,-36.609,DEL02-PB,Risco Médio,Baixa
quinta-feira,BR-101,150.0,Pleno dia,Decrescente,Sol,Dupla,Reta,-27.11745,-48.60941,DEL04-SC,Risco Médio,Alta
sábado,BR-163,750.0,Plena Noite,Decrescente,Céu Claro,Simples,Reta,-18.34734,-54.66532,DEL06-MS,Risco Médio,Alta
domingo,BR-381,372.3,Pleno dia,Decrescente,Chuva,Simples,Curva,-19.85327,-43.28751,DEL01-MG,Risco Alto,Alta
quinta-feira,BR-116,42.0,Anoitecer,Crescente,Ignorado,Dupla,Reta,-4.108579,-38.49422,DEL01-CE,Risco Baixo,Alta
quinta-feira,BR-364,339.0,Pleno dia,Crescente,Céu Claro,Simples,Interseção de vias,-10.90782,-61.93017,DEL02-RO,Risco Médio,Alta
terça-feira,BR-146,455.9,Plena Noite,Decrescente,Nublado,Simples,Reta,-21.36349,-46.46922,DEL09-MG,Risco Médio,Baixa
segunda-feira,BR-101,505.8,Anoitecer,Crescente,Céu Claro,Simples,Interseção de vias,-22.93562,-44.39618,DEL03-RJ,Risco Médio,Alta
terça-feira,BR-101,102.4,Pleno dia,Crescente,Nublado,Dupla,Não Informado,-5.888738,-35.24279,DEL01-RN,Risco Baixo,Alta
segunda-feira,BR-405,6.0,Plena Noite,Decrescente,Céu Claro,Simples,Reta,-5.196096,-37.40701,DEL04-RN,Risco Médio,Baixa
domingo,BR-465,15.0,Plena Noite,Crescente,Nublado,Simples,Curva,-22.80498,-43.64061,DEL01-RJ,Risco Médio,Baixa
segunda-feira,BR-367,72.8,Plena Noite,Decrescente,Céu Claro,Simples,Ponte,-16.38749,-39.48135,DEL09-BA,Risco Médio,Baixa
quinta-feira,BR-116,197.0,Plena Noite,Crescente,Garoa/Chuvisco,Simples,Curva,-23.39722,-46.29284,DEL01-SP,Risco Baixo,Alta
domingo,BR-282,650.5,Amanhecer,Crescente,Céu Claro,Simples,Interseção de vias,-26.7049,-53.52545,DEL07-SC,Risco Baixo,Baixa
segunda-feira,BR-386,147.4,Pleno dia,Crescente,Chuva,Simples,Curva,-28.05654,-52.87082,DEL08-RS,Risco Médio,Média
domingo,BR-116,187.0,Plena Noite,Crescente,Céu Claro,Dupla,Reta,-22.73884,-43.47245,DEL01-RJ,Risco Alto,Alta
sexta-feira,BR-40,674.5,Pleno dia,Crescente,Céu Claro,Simples,Reta,-20.99666,-43.77646,DEL05-MG,Risco Médio,Alta
domingo,BR-101,242.8,Plena Noite,Decrescente,Nublado,Dupla,Reta,-27.89822,-48.64891,DEL01-SC,Risco Baixo,Alta
terça-feira,BR-414,437.0,Plena Noite,Crescente,Céu Claro,Simples,Reta,-16.26365,-48.93824,DEL02-GO,Risco Médio,Baixa
domingo,BR-153,477.0,Pleno dia,Crescente,Céu Claro,Simples,Reta,-26.35019,-51.25156,DEL02-PR,Risco Médio,Alta
quarta-feira,BR-381,42.2,Pleno dia,Crescente,Céu Claro,Dupla,Não Informado,-23.14731,-46.57493,DEL03-SP,Risco Médio,Alta
domingo,BR-381,40.0,Plena Noite,Decrescente,Céu Claro,Múltipla,Reta,-23.12997,-46.57676,DEL03-SP,Risco Médio,Alta
quarta-feira,BR-116,89.0,Plena Noite,Decrescente,Garoa/Chuvisco,Simples,Curva,-22.45706,-42.96222,DEL04-RJ,Risco Baixo,Alta
quarta-feira,BR-40,122.0,Pleno dia,Crescente,Chuva,Múltipla,Reta,-22.79083,-43.28612,DEL01-RJ,Risco Médio,Alta
sábado,BR-116,147.5,Plena Noite,Crescente,Chuva,Dupla,Reta,-23.1969,-45.87481,DEL02-SP,Risco Baixo,Alta
quinta-feira,BR-364,14.0,Pleno dia,Crescente,Céu Claro,Simples,Reta,-12.73898,-60.13911,DEL04-RO,Risco Médio,Alta
segunda-feira,BR-116,228.0,Pleno dia,Decrescente,Céu Claro,Múltipla,Reta,-23.5058,-46.56924,DEL01-SP,Risco Médio,Alta
sexta-feira,BR-277,488.0,Pleno dia,Decrescente,Céu Claro,Simples,Reta,-25.26199,-52.62451,DEL04-PR,Risco Médio,Média
terça-feira,BR-101,43.0,Plena Noite,Decrescente,Nublado,Dupla,Reta,-26.30357,-48.88226,DEL03-SC,Risco Médio,Alta
segunda-feira,BR-226,4.0,Pleno dia,Crescente,Céu Claro,Simples,Curva,-5.819268,-35.26124,DEL01-RN,Risco Médio,Baixa
sábado,BR-135,388.0,Plena Noite,Decrescente,Céu Claro,Simples,Reta,-9.333512,-44.52121,DEL03-PI,Risco Baixo,Baixa
segunda-feira,BR-116,264.0,Plena Noite,Decrescente,Nublado,Múltipla,Reta,-29.91444,-51.17754,DEL01-RS,Risco Baixo,Alta
domingo,BR-116,770.0,Pleno dia,Decrescente,Céu Claro,Simples,Curva,-21.55055,-42.67361,DEL07-MG,Risco Baixo,Alta
domingo,BR-101,49.2,Pleno dia,Crescente,Chuva,Dupla,Reta,-6.912697,-35.11363,DEL01-PB,Risco Médio,Alta
sábado,BR-101,319.0,Pleno dia,Crescente,Nublado,Dupla,Reta,-22.79045,-43.02434,DEL02-RJ,Risco Médio,Alta
sexta-feira,BR-135,28.0,Pleno dia,Decrescente,Nevoeiro/Neblina,Dupla,Reta,-2.791889,-44.3742,DEL01-MA,Risco Baixo,Baixa
sexta-feira,BR-230,275.0,Pleno dia,Crescente,Céu Claro,Simples,Não Informado,-6.954,-36.8259,DEL03-PB,Risco Baixo,Baixa
quarta-feira,BR-163,832.0,Pleno dia,Crescente,Céu Claro,Dupla,Retorno Regulamentado,-11.8933,-55.5035,DEL06-MT,Risco Baixo,Alta
terça-feira,BR-381,362.0,Pleno dia,Decrescente,Sol,Simples,Curva,-19.8545,-43.2173,DEL03-MG,Risco Baixo,Alta
sexta-feira,BR-101,216.9,Pleno dia,Crescente,Céu Claro,Simples,Reta,-27.66699,-48.67428,DEL01-SC,Risco Médio,Alta
sábado,BR-40,46.9,Pleno dia,Decrescente,Chuva,Simples,Não Informado,-17.23876,-46.83696,DEL14-MG,Risco Médio,Alta
quinta-feira,BR-153,380.9,Plena Noite,Decrescente,Céu Claro,Simples,Reta,-29.80609,-52.97264,DEL02-RS,Risco Médio,Alta
quarta-feira,BR-277,120.5,Plena Noite,Decrescente,Nublado,Simples,Reta,-25.46058,-49.57197,DEL01-PR,Risco Médio,Média
domingo,BR-381,528.0,Plena Noite,Crescente,Chuva,Dupla,Não Informado,-20.1667,-44.3321,DEL04-MG,Risco Baixo,Alta
quarta-feira,BR-470,319.0,Plena Noite,Crescente,Nublado,Simples,Rotatória,-27.40986,-51.22495,DEL07-SC,Risco Médio,Baixa
segunda-feira,BR-101,216.5,Pleno dia,Decrescente,Chuva,Dupla,Reta,-27.66424,-48.6756,DEL01-SC,Risco Médio,Alta
terça-feira,BR-222,244.0,Pleno dia,Decrescente,Céu Claro,Simples,Interseção de vias,-5.353276,-49.07975,DEL03-PA,Risco Médio,Baixa
segunda-feira,BR-222,303.2,Pleno dia,Decrescente,Céu Claro,Simples,Não Informado,-3.663417,-40.9501,DEL04-CE,Risco Médio,Baixa
domingo,BR-101,297.0,Amanhecer,Decrescente,Chuva,Dupla,Curva,-22.76942,-42.91874,DEL02-RJ,Risco Médio,Alta
sábado,BR-282,584.0,Pleno dia,Crescente,Céu Claro,Simples,Curva,-26.83187,-53.01658,DEL07-SC,Risco Baixo,Baixa
sexta-feira,BR-116,278.0,Pleno dia,Crescente,Nublado,Múltipla,Interseção de vias,-17.86723,-41.51684,DEL11-MG,Risco Médio,Alta
quarta-feira,BR-153,62.3,Pleno dia,Crescente,Nublado,Dupla,Não Informado,-20.81567,-49.35707,DEL09-SP,Risco Médio,Alta
sexta-feira,BR-116,142.0,Anoitecer,Decrescente,Nublado,Múltipla,Reta,-23.17251,-45.82578,DEL02-SP,Risco Médio,Alta
quinta-feira,BR-101,56.5,Plena Noite,Decrescente,Nublado,Dupla,Reta,-26.43207,-48.82264,DEL03-SC,Risco Médio,Alta
segunda-feira,BR-116,64.9,Plena Noite,Crescente,Chuva,Dupla,Curva,-22.81942,-45.18421,DEL08-SP,Risco Médio,Alta
sábado,BR-392,20.0,Pleno dia,Crescente,Céu Claro,Dupla,Reta,-32.08573,-52.1969,DEL07-RS,Risco Baixo,Média
quinta-feira,BR-452,59.7,Pleno dia,Crescente,Céu Claro,Simples,Reta,-18.00065,-50.39189,DEL04-GO,Risco Médio,Baixa
sábado,BR-365,612.0,Pleno dia,Decrescente,Céu Claro,Simples,Reta,-18.92794,-48.19198,DEL15-MG,Risco Médio,Média
quinta-feira,BR-40,6.5,Pleno dia,Decrescente,Céu Claro,Dupla,Não Informado,-16.10449,-47.97478,DEL01-DF,Risco Médio,Alta
domingo,BR-101,665.8,Plena Noite,Crescente,Céu Claro,Simples,Curva,-15.98658,-39.56941,DEL09-BA,Risco Médio,Alta
domingo,BR-316,9.0,Pleno dia,Crescente,Nublado,Dupla,Reta,-1.3658,-48.3666,DEL01-PA,Risco Médio,Baixa
quinta-feira,BR-407,2.7,Plena Noite,Decrescente,Céu Claro,Simples,Reta,-9.425099,-40.50354,DEL06-PE,Risco Médio,Baixa
sábado,BR-381,486.5,Plena Noite,Decrescente,Céu Claro,Simples,Não Informado,-19.95644,-44.13612,DEL01-MG,Risco Baixo,Alta
sexta-feira,BR-376,632.4,Plena Noite,Crescente,Nublado,Dupla,Reta,-25.72172,-49.13664,DEL01-PR,Risco Médio,Baixa
terça-feira,BR-101,127.8,Plena Noite,Crescente,Céu Claro,Dupla,Reta,-26.96393,-48.68328,DEL04-SC,Risco Médio,Alta
quarta-feira,BR-277,108.0,Plena Noite,Crescente,Céu Claro,Dupla,Reta,-25.43352,-49.43685,DEL01-PR,Risco Médio,Média
domingo,BR-116,40.2,Pleno dia,Decrescente,Céu Claro,Dupla,Curva,-25.16453,-48.86245,DEL01-PR,Risco Médio,Alta
domingo,BR-235,3.0,Pleno dia,Crescente,Sol,Dupla,Reta,-10.9059,-37.111,DEL01-SE,Risco Baixo,Baixa
sábado,BR-153,497.0,Anoitecer,Decrescente,Céu Claro,Dupla,Desvio Temporário,-16.6854,-49.2338,DEL01-GO,Risco Médio,Alta
segunda-feira,BR-365,17.6,Pleno dia,Decrescente,Chuva,Simples,Não Informado,-16.87724,-43.99338,DEL12-MG,Risco Médio,Média
sexta-feira,BR-470,134.1,Amanhecer,Decrescente,Céu Claro,Simples,Reta,-27.1712,-49.57907,DEL04-SC,Risco Médio,Baixa
sexta-feira,BR-230,471.4,Plena Noite,Crescente,Chuva,Simples,Reta,-6.7943,-38.2918,DEL03-PB,Risco Médio,Baixa
sábado,BR-116,283.0,Plena Noite,Crescente,Nublado,Dupla,Reta,-23.64937,-46.85262,DEL04-SP,Risco Médio,Alta
quinta-feira,BR-101,265.0,Plena Noite,Decrescente,Céu Claro,Múltipla,Reta,-20.18168,-40.26536,DEL02-ES,Risco Baixo,Alta
quinta-feira,BR-262,16.9,Pleno dia,Decrescente,Sol,Simples,Reta,-20.38577,-40.47112,DEL01-ES,Risco Médio,Média
sexta-feira,BR-324,513.0,Plena Noite,Crescente,Céu Claro,Simples,Reta,-12.23476,-38.94509,DEL02-BA,Risco Médio,Baixa
segunda-feira,BR-153,60.0,Plena Noite,Decrescente,Céu Claro,Simples,Não Informado,-13.32008,-49.11849,DEL07-GO,Risco Baixo,Alta
sexta-feira,BR-277,504.3,Pleno dia,Decrescente,Céu Claro,Simples,Não Informado,-25.1435,-52.70283,DEL04-PR,Risco Alto,Média
quarta-feira,BR-174,502.0,Pleno dia,Crescente,Chuva,Dupla,Reta,2.802584,-60.69365,DEL01-RR,Risco Médio,Baixa
quinta-feira,BR-290,69.7,Pleno dia,Decrescente,Chuva,Dupla,Reta,-29.94493,-50.94644,DEL03-RS,Risco Médio,Baixa
domingo,BR-262,155.0,Plena Noite,Decrescente,Céu Claro,Simples,Não Informado,-19.9777,-42.80194,DEL03-MG,Risco Médio,Média
quarta-feira,BR-361,18.0,Pleno dia,Decrescente,Céu Claro,Simples,Reta,-7.067005,-37.41014,DEL03-PB,Risco Médio,Baixa
domingo,BR-304,270.0,Pleno dia,Crescente,Nublado,Simples,Desvio Temporário,-5.871625,-35.57815,DEL01-RN,Risco Médio,Baixa
sábado,BR-376,289.9,Plena Noite,Crescente,Céu Claro,Simples,Não Informado,-23.90529,-51.20309,DEL07-PR,Risco Médio,Baixa
quinta-feira,BR-392,244.0,Pleno dia,Decrescente,Céu Claro,Simples,Curva,-30.58206,-53.39457,DEL09-RS,Risco Baixo,Média
sábado,BR-319,64.0,Pleno dia,Crescente,Chuva,Dupla,Não Informado,-8.766685,-63.88405,DEL01-RO,Risco Médio,Baixa
sábado,BR-116,471.7,Pleno dia,Crescente,Céu Claro,Dupla,Reta,-24.66486,-47.97427,DEL05-SP,Risco Médio,Alta
sexta-feira,BR-381,77.0,Pleno dia,Decrescente,Céu Claro,Dupla,Reta,-23.39325,-46.57156,DEL03-SP,Risco Médio,Alta
sábado,BR-381,743.5,Plena Noite,Crescente,Céu Claro,Dupla,Reta,-21.6179,-45.2435,DEL16-MG,Risco Alto,Alta
sexta-feira,BR-101,334.0,Pleno dia,Decrescente,Céu Claro,Dupla,Interseção de vias,-28.47079,-49.01882,DEL02-SC,Risco Médio,Alta
domingo,BR-116,74.0,Plena Noite,Decrescente,Garoa/Chuvisco,Simples,Reta,-16.23556,-41.47365,DEL11-MG,Risco Médio,Alta
domingo,BR-40,17.5,Amanhecer,Decrescente,Céu Claro,Dupla,Não Informado,-16.21849,-47.91548,DEL01-DF,Risco Médio,Alta
sábado,BR-376,3.7,Plena Noite,Crescente,Nublado,Simples,Reta,-23.5576,-51.4417,DEL07-PR,Risco Médio,Baixa
sábado,BR-101,264.7,Pleno dia,Crescente,Céu Claro,Dupla,Reta,-20.19783,-40.26915,DEL02-ES,Risco Baixo,Alta
segunda-feira,BR-163,692.0,Pleno dia,Crescente,Céu Claro,Simples,Reta,-13.14258,-55.96767,DEL06-MT,Risco Baixo,Alta
terça-feira,BR-60,302.0,Plena Noite,Crescente,Céu Claro,Dupla,Reta,-17.3745,-50.3507,DEL04-GO,Risco Baixo,Média
sábado,BR-101,326.9,Plena Noite,Decrescente,Céu Claro,Simples,Reta,-20.66715,-40.49785,DEL03-ES,Risco Baixo,Alta
sábado,BR-470,222.9,Pleno dia,Decrescente,Chuva,Simples,Reta,-27.31033,-50.24423,DEL02-SC,Risco Médio,Baixa
quinta-feira,BR-222,648.0,Plena Noite,Crescente,Nublado,Simples,Reta,-4.819931,-47.25552,DEL04-MA,Risco Baixo,Baixa
quinta-feira,BR-20,10.1,Pleno dia,Decrescente,Céu Claro,Dupla,Não Informado,-15.65024,-47.77387,DEL02-DF,Risco Alto,Baixa
quarta-feira,BR-40,590.0,Pleno dia,Decrescente,Chuva,Dupla,Curva,-20.36808,-43.90983,DEL01-MG,Risco Médio,Alta
domingo,BR-435,84.7,Pleno dia,Crescente,Céu Claro,Dupla,Interseção de vias,-13.12087,-60.54494,DEL04-RO,Risco Médio,Baixa
segunda-feira,BR-104,15.3,Pleno dia,Crescente,Chuva,Simples,Curva,-7.90575,-36.11621,DEL02-PE,Risco Alto,Baixa
sexta-feira,BR-222,4.9,Pleno dia,Crescente,Sol,Múltipla,Reta,-3.742579,-38.61269,DEL01-CE,Risco Médio,Baixa
sexta-feira,BR-174,23.0,Plena Noite,Decrescente,Céu Claro,Simples,Não Informado,-0.664476,-60.59116,DEL01-RR,Risco Médio,Baixa
quarta-feira,BR-40,84.0,Plena Noite,Decrescente,Chuva,Dupla,Curva,-22.52146,-43.23708,DEL06-RJ,Risco Baixo,Alta
quarta-feira,BR-116,395.6,Pleno dia,Crescente,Céu Claro,Dupla,Reta,-24.29,-47.46446,DEL04-SP,Risco Baixo,Alta
quarta-feira,BR-232,146.0,Plena Noite,Crescente,Céu Claro,Dupla,Reta,-8.332774,-36.13001,DEL02-PE,Risco Baixo,Baixa
sexta-feira,BR-104,83.2,Plena Noite,Decrescente,Céu Claro,Simples,Reta,-8.430662,-35.95916,DEL02-PE,Risco Médio,Baixa
quarta-feira,BR-101,233.3,Plena Noite,Decrescente,Céu Claro,Simples,Reta,-19.99101,-40.41397,DEL02-ES,Risco Baixo,Alta
quinta-feira,BR-101,107.0,Pleno dia,Crescente,Chuva,Simples,Reta,-19.19742,-40.09812,DEL04-ES,Risco Baixo,Alta
quarta-feira,BR-116,231.0,Pleno dia,Crescente,Sol,Múltipla,Reta,-23.51935,-46.58296,DEL01-SP,Risco Médio,Alta
terça-feira,BR-101,911.0,Pleno dia,Decrescente,Céu Claro,Simples,Ponte,-18.01313,-39.86175,DEL09-BA,Risco Médio,Alta
segunda-feira,BR-290,97.0,Plena Noite,Decrescente,Céu Claro,Dupla,Reta,-29.99779,-51.20779,DEL01-RS,Risco Médio,Baixa
sábado,BR-174,14.5,Pleno dia,Crescente,Céu Claro,Dupla,Reta,-12.73307,-60.12981,DEL04-RO,Risco Médio,Baixa
sábado,BR-155,268.0,Pleno dia,Crescente,Céu Claro,Simples,Reta,-5.994301,-49.24531,DEL03-PA,Risco Médio,Baixa
domingo,BR-290,40.4,Plena Noite,Decrescente,Céu Claro,Dupla,Reta,-29.88649,-50.66286,DEL03-RS,Risco Baixo,Baixa
sexta-feira,BR-324,534.7,Plena Noite,Crescente,Céu Claro,Dupla,Reta,-12.36456,-38.81975,DEL01-BA,Risco Alto,Baixa
domingo,BR-101,116.7,Pleno dia,Decrescente,Chuva,Dupla,Não Informado,-11.0126,-37.3161,DEL02-SE,Risco Baixo,Alta
terça-feira,BR-376,165.1,Pleno dia,Crescente,Nublado,Dupla,Reta,-23.39039,-52.01422,DEL09-PR,Risco Médio,Baixa
quinta-feira,BR-290,207.6,Amanhecer,Crescente,Nublado,Simples,Ponte,-30.16715,-52.29407,DEL02-RS,Risco Baixo,Baixa
terça-feira,BR-465,5.0,Pleno dia,Crescente,Nublado,Simples,Reta,-22.74767,-43.6992,DEL01-RJ,Risco Médio,Baixa
sábado,BR-116,186.0,Pleno dia,Decrescente,Céu Claro,Múltipla,Reta,-23.35221,-46.19935,DEL01-SP,Risco Médio,Alta
segunda-feira,BR-262,9.1,Pleno dia,Decrescente,Céu Claro,Dupla,Curva,-20.35766,-40.41951,DEL01-ES,Risco Médio,Média
sábado,BR-60,132.5,Pleno dia,Decrescente,Chuva,Dupla,Não Informado,-16.58143,-49.17787,DEL01-GO,Risco Médio,Média
quinta-feira,BR-230,45.5,Pleno dia,Decrescente,Nublado,Dupla,Reta,-7.162638,-35.02334,DEL01-PB,Risco Médio,Baixa
terça-feira,BR-290,102.5,Pleno dia,Decrescente,Céu Claro,Dupla,Reta,-29.98723,-51.25613,DEL01-RS,Risco Médio,Baixa
terça-feira,BR-468,67.1,Pleno dia,Crescente,Céu Claro,Simples,Interseção de vias,-27.75949,-53.82372,DEL08-RS,Risco Médio,Baixa
segunda-feira,BR-381,490.0,Plena Noite,Decrescente,Céu Claro,Dupla,Curva,-19.95611,-44.14522,DEL01-MG,Risco Médio,Alta
sexta-feira,BR-116,142.7,Pleno dia,Decrescente,Nublado,Dupla,Reta,-29.11845,-51.12005,DEL05-RS,Risco Médio,Alta
quarta-feira,BR-364,218.1,Pleno dia,Crescente,Céu Claro,Simples,Curva,-11.53914,-61.3071,DEL02-RO,Risco Baixo,Alta
sábado,BR-116,117.0,Plena Noite,Crescente,Céu Claro,Dupla,Reta,-25.5577,-49.3064,DEL01-PR,Risco Baixo,Alta
sábado,BR-470,226.0,Plena Noite,Decrescente,Chuva,Dupla,Reta,-29.21556,-51.51744,DEL06-RS,Risco Médio,Baixa
segunda-feira,BR-376,1.9,Pleno dia,Decrescente,Sol,Dupla,Reta,-23.39752,-51.97611,DEL07-PR,Risco Médio,Baixa
sábado,BR-381,351.6,Pleno dia,Decrescente,Chuva,Simples,Reta,-19.84644,-43.16611,DEL03-MG,Risco Médio,Alta
quarta-feira,BR-343,344.6,Pleno dia,Crescente,Céu Claro,Simples,Reta,-5.094729,-42.76277,DEL01-PI,Risco Médio,Baixa
segunda-feira,BR-116,265.5,Pleno dia,Crescente,Nublado,Dupla,Interseção de vias,-29.92342,-51.17781,DEL01-RS,Risco Médio,Alta
domingo,BR-392,116.7,Pleno dia,Crescente,Sol,Simples,Não Informado,-31.41717,-52.66668,DEL07-RS,Risco Baixo,Média
quinta-feira,BR-242,797.0,Pleno dia,Crescente,Sol,Simples,Reta,-12.12663,-45.0252,DEL10-BA,Risco Médio,Baixa
quinta-feira,BR-116,88.1,Pleno dia,Decrescente,Chuva,Dupla,Reta,-22.93501,-45.37019,DEL08-SP,Risco Médio,Alta
segunda-feira,BR-40,333.8,Pleno dia,Decrescente,Chuva,Simples,Reta,-18.61496,-45.008,DEL14-MG,Risco Médio,Alta
quinta-feira,BR-101,208.4,Plena Noite,Crescente,Nublado,Múltipla,Interseção de vias,-27.60328,-48.63202,DEL01-SC,Risco Médio,Alta
segunda-feira,BR-290,198.9,Pleno dia,Crescente,Nublado,Múltipla,Reta,-30.16991,-52.20739,DEL02-RS,Risco Baixo,Baixa
domingo,BR-116,306.0,Plena Noite,Crescente,Nublado,Múltipla,Reta,-22.45646,-44.40259,DEL07-RJ,Risco Baixo,Alta
sábado,BR-60,99.6,Pleno dia,Crescente,Céu Claro,Múltipla,Rotatória,-16.3924,-48.9588,DEL02-GO,Risco Médio,Média
quarta-feira,BR-259,28.4,Plena Noite,Crescente,Céu Claro,Simples,Curva,-19.61898,-40.48522,DEL02-ES,Risco Médio,Baixa
terça-feira,BR-101,209.7,Plena Noite,Crescente,Céu Claro,Múltipla,Reta,-27.61236,-48.64106,DEL01-SC,Risco Médio,Alta
domingo,BR-364,515.0,Pleno dia,Crescente,Nublado,Múltipla,Reta,-9.924973,-63.05491,DEL03-RO,Risco Médio,Alta
segunda-feira,BR-116,391.6,Anoitecer,Crescente,Nublado,Simples,Reta,-30.83158,-51.72971,DEL02-RS,Risco Baixo,Alta
segunda-feira,BR-116,173.9,Pleno dia,Decrescente,Nublado,Simples,Reta,-29.3245,-51.16989,DEL05-RS,Risco Médio,Alta
sexta-feira,BR-116,497.6,Pleno dia,Decrescente,Céu Claro,Simples,Não Informado,-19.53643,-42.12652,DEL06-MG,Risco Médio,Alta
quinta-feira,BR-280,126.0,Pleno dia,Crescente,Granizo,Simples,Reta,-26.2378,-49.49427,DEL06-SC,Risco Médio,Baixa
terça-feira,BR-232,6.3,Amanhecer,Crescente,Nublado,Múltipla,Reta,-8.071685,-34.95739,DEL01-PE,Risco Baixo,Baixa
sábado,BR-116,17.5,Pleno dia,Crescente,Céu Claro,Dupla,Curva,-22.55709,-44.85269,DEL08-SP,Risco Baixo,Alta
terça-feira,BR-101,204.5,Pleno dia,Crescente,Céu Claro,Simples,Curva,-19.74949,-40.37923,DEL02-ES,Risco Médio,Alta
quarta-feira,BR-235,13.8,Pleno dia,Crescente,Céu Claro,Simples,Reta,-10.86857,-37.17108,DEL01-SE,Risco Médio,Baixa
sábado,BR-277,200.1,Pleno dia,Crescente,Sol,Simples,Curva,-25.47089,-50.27943,DEL03-PR,Risco Médio,Média
domingo,BR-163,437.0,Plena Noite,Crescente,Garoa/Chuvisco,Simples,Reta,-20.839,-54.51297,DEL01-MS,Risco Alto,Alta