dia_semana,br,km,fase_dia,sentido_via,condicao_metereologica,tipo_pista,tracado_via,latitude,longitude,delegacia,classificacao_acidente,postos_policiais_PRF
domingo,BR-60,338.0,Pleno dia,Crescente,Sol,Dupla,Reta,-17.5441,-50.5909,DEL04-GO,Risco Baixo,Média
quarta-feira,BR-364,238.5,Amanhecer,Crescente,Céu Claro,Simples,Não Informado,-16.20292,-54.78159,DEL02-MT,Risco Médio,Alta
sábado,BR-116,128.5,Anoitecer,Decrescente,Céu Claro,Dupla,Reta,-23.11455,-45.71106,DEL02-SP,Risco Médio,Alta
domingo,BR-242,483.1,Plena Noite,Crescente,Nublado,Simples,Reta,-12.47412,-42.28088,DEL06-BA,Risco Alto,Baixa
segunda-feira,BR-101,435.5,Pleno dia,Crescente,Nublado,Simples,Reta,-29.10737,-49.63594,DEL02-SC,Risco Baixo,Alta
segunda-feira,BR-369,146.3,Amanhecer,Crescente,Nublado,Dupla,Reta,-23.29312,-51.12576,DEL07-PR,Risco Médio,Baixa
quarta-feira,BR-116,245.8,Pleno dia,Crescente,Céu Claro,Dupla,Reta,-29.74981,-51.15125,DEL01-RS,Risco Médio,Alta
segunda-feira,BR-232,358.2,Plena Noite,Crescente,Céu Claro,Simples,Reta,-8.051189,-37.83577,DEL04-PE,Risco Alto,Baixa
domingo,BR-110,85.1,Plena Noite,Decrescente,Céu Claro,Simples,Reta,-10.14075,-38.2945,DEL07-BA,Risco Alto,Baixa
sexta-feira,BR-116,40.0,Plena Noite,Decrescente,Chuva,Dupla,Curva,-25.16445,-48.86238,DEL01-PR,Risco Médio,Alta
domingo,BR-277,602.1,Pleno dia,Decrescente,Céu Claro,Dupla,Reta,-25.06873,-53.49093,DEL05-PR,Risco Médio,Média
sábado,BR-40,789.3,Pleno dia,Crescente,Céu Claro,Dupla,Reta,-21.77033,-43.43713,DEL05-MG,Risco Baixo,Alta
quinta-feira,BR-153,441.0,Plena Noite,Decrescente,Chuva,Dupla,Reta,-16.32527,-48.92202,DEL02-GO,Risco Baixo,Alta
sexta-feira,BR-40,117.0,Pleno dia,Crescente,Céu Claro,Múltipla,Reta,-22.74568,-43.2881,DEL01-RJ,Risco Médio,Alta
segunda-feira,BR-381,496.0,Pleno dia,Decrescente,Céu Claro,Dupla,Reta,-19.97531,-44.19335,DEL01-MG,Risco Médio,Alta
quinta-feira,BR-381,545.9,Pleno dia,Crescente,Sol,Dupla,Reta,-20.26145,-44.42105,DEL04-MG,Risco Baixo,Alta
terça-feira,BR-153,63.0,Amanhecer,Crescente,Céu Claro,Dupla,Reta,-20.82102,-49.35774,DEL09-SP,Risco Médio,Alta
sexta-feira,BR-316,24.0,Plena Noite,Decrescente,Céu Claro,Simples,Reta,-7.588004,-40.49662,DEL05-PE,Risco Alto,Baixa
segunda-feira,BR-393,280.8,Pleno dia,Decrescente,Céu Claro,Simples,Curva,-22.47401,-44.05353,DEL05-RJ,Risco Médio,Média
quinta-feira,BR-163,1065.0,Pleno dia,Crescente,Céu Claro,Simples,Interseção de vias,-9.940573,-54.90319,DEL06-MT,Risco Médio,Alta
segunda-feira,BR-381,479.0,Pleno dia,Crescente,Sol,Dupla,Curva,-19.961,-44.0517,DEL01-MG,Risco Médio,Alta
segunda-feira,BR-222,245.0,Plena Noite,Crescente,Céu Claro,Simples,Reta,-5.355886,-49.07942,DEL03-PA,Risco Médio,Baixa
sábado,BR-101,112.0,Plena Noite,Crescente,Céu Claro,Dupla,Desvio Temporário,-5.96429,-35.26488,DEL01-RN,Risco Médio,Alta
quinta-feira,BR-280,50.0,Plena Noite,Crescente,Chuva,Simples,Não Informado,-26.46195,-48.94618,DEL03-SC,Risco Médio,Baixa
sábado,BR-242,281.9,Pleno dia,Decrescente,Sol,Simples,Reta,-12.19158,-48.45744,DEL01-TO,Risco Alto,Baixa
quarta-feira,BR-116,177.0,Pleno dia,Decrescente,Céu Claro,Dupla,Reta,-22.78055,-43.39209,DEL01-RJ,Risco Médio,Alta
sexta-feira,BR-282,16.6,Amanhecer,Crescente,Garoa/Chuvisco,Simples,Reta,-27.65861,-48.68185,DEL01-SC,Risco Médio,Baixa
terça-feira,BR-116,23.0,Plena Noite,Decrescente,Céu Claro,Múltipla,Desvio Temporário,-3.960484,-38.51479,DEL01-CE,Risco Médio,Alta
sexta-feira,BR-40,437.4,Plena Noite,Decrescente,Nublado,Dupla,Reta,-19.23583,-44.43101,DEL02-MG,Risco Baixo,Alta
quarta-feira,BR-376,668.0,Pleno dia,Crescente,Garoa/Chuvisco,Dupla,Curva,-25.89969,-48.92767,DEL01-PR,Risco Médio,Baixa
domingo,BR-116,305.0,Plena Noite,Decrescente,Chuva,Dupla,Reta,-22.45924,-44.43478,DEL07-RJ,Risco Baixo,Alta
domingo,BR-324,606.0,Pleno dia,Decrescente,Chuva,Dupla,Reta,-12.79341,-38.40485,DEL01-BA,Risco Baixo,Baixa
sábado,BR-316,309.0,Plena Noite,Crescente,Céu Claro,Simples,Rotatória,-7.077787,-41.4837,DEL04-PI,Risco Médio,Baixa
sábado,BR-230,269.0,Pleno dia,Crescente,Céu Claro,Simples,Reta,-6.967314,-36.77453,DEL03-PB,Risco Baixo,Baixa
domingo,BR-101,96.7,Plena Noite,Crescente,Nublado,Múltipla,Reta,-5.849496,-35.20891,DEL01-RN,Risco Médio,Alta
terça-feira,BR-101,207.5,Pleno dia,Decrescente,Chuva,Múltipla,Não Informado,-27.60001,-48.62265,DEL01-SC,Risco Médio,Alta
segunda-feira,BR-210,2.0,Anoitecer,Decrescente,Nublado,Simples,Reta,0.0838,-51.0793,DEL01-AP,Risco Médio,Baixa
segunda-feira,BR-267,101.6,Plena Noite,Crescente,Nublado,Dupla,Não Informado,-21.84323,-53.05574,DEL02-MS,Risco Alto,Baixa
quinta-feira,BR-376,660.0,Pleno dia,Crescente,Céu Claro,Dupla,Não Informado,-25.85552,-48.99799,DEL01-PR,Risco Médio,Baixa
terça-feira,BR-392,353.0,Pleno dia,Decrescente,Nublado,Dupla,Reta,-29.71389,-53.80823,DEL09-RS,Risco Médio,Média
quinta-feira,BR-465,19.0,Pleno dia,Crescente,Céu Claro,Simples,Reta,-22.85697,-43.60192,DEL01-RJ,Risco Médio,Baixa
terça-feira,BR-407,493.2,Pleno dia,Crescente,Céu Claro,Simples,Reta,-7.528626,-41.2891,DEL04-PI,Risco Médio,Baixa
terça-feira,BR-381,918.9,Pleno dia,Decrescente,Nublado,Dupla,Não Informado,-22.75561,-46.15043,DEL16-MG,Risco Baixo,Alta
sexta-feira,BR-116,518.0,Pleno dia,Decrescente,Céu Claro,Simples,Reta,-12.69412,-39.69912,DEL03-BA,Risco Médio,Alta
domingo,BR-386,342.8,Pleno dia,Crescente,Céu Claro,Simples,Reta,-29.43163,-52.01193,DEL04-RS,Risco Médio,Média
quarta-feira,BR-70,6.5,Amanhecer,Decrescente,Nublado,Dupla,Reta,-15.79886,-48.08916,DEL01-DF,Risco Médio,Baixa
sexta-feira,BR-376,599.0,Anoitecer,Decrescente,Nublado,Dupla,Não Informado,-25.5263,-49.32958,DEL01-PR,Risco Médio,Baixa
segunda-feira,BR-116,422.5,Pleno dia,Crescente,Céu Claro,Simples,Reta,-12.23133,-38.9688,DEL02-BA,Risco Médio,Alta
quarta-feira,BR-153,678.3,Pleno dia,Crescente,Céu Claro,Dupla,Reta,-18.20361,-49.27862,DEL03-GO,Risco Médio,Alta
segunda-feira,BR-304,32.0,Pleno dia,Decrescente,Céu Claro,Dupla,Reta,-5.134711,-37.34486,DEL04-RN,Risco Médio,Baixa
domingo,BR-116,762.3,Plena Noite,Crescente,Céu Claro,Simples,Curva,-21.52888,-42.62361,DEL07-MG,Risco Médio,Alta
sexta-feira,BR-293,14.3,Pleno dia,Crescente,Nublado,Simples,Não Informado,-31.75121,-52.46066,DEL07-RS,Risco Médio,Baixa
quinta-feira,BR-405,2.2,Pleno dia,Decrescente,Céu Claro,Dupla,Retorno Regulamentado,-5.192902,-37.37214,DEL04-RN,Risco Médio,Baixa
sábado,BR-470,228.9,Plena Noite,Decrescente,Garoa/Chuvisco,Dupla,Retorno Regulamentado,-29.26866,-51.49922,DEL06-RS,Risco Médio,Baixa
sábado,BR-367,80.2,Plena Noite,Crescente,Ignorado,Simples,Reta,-16.3697,-39.5425,DEL09-BA,Risco Médio,Baixa
sábado,BR-60,364.9,Pleno dia,Decrescente,Sol,Dupla,Reta,-17.6495,-50.7985,DEL04-GO,Risco Médio,Média
quarta-feira,BR-235,5.2,Pleno dia,Decrescente,Sol,Dupla,Reta,-10.9041,-37.1278,DEL01-SE,Risco Alto,Baixa
terça-feira,BR-10,300.0,Plena Noite,Decrescente,Céu Claro,Simples,Reta,-5.1105,-47.5507,DEL04-MA,Risco Baixo,Baixa
sábado,BR-101,98.4,Plena Noite,Crescente,Nublado,Dupla,Reta,-26.73761,-48.69919,DEL03-SC,Risco Baixo,Alta
quarta-feira,BR-153,393.3,Pleno dia,Decrescente,Sol,Simples,Desvio Temporário,-9.332158,-48.53691,DEL02-TO,Risco Médio,Alta
sábado,BR-230,489.0,Plena Noite,Decrescente,Garoa/Chuvisco,Simples,Reta,-6.8675,-38.4144,DEL03-PB,Risco Baixo,Baixa
quarta-feira,BR-101,88.9,Pleno dia,Crescente,Sol,Dupla,Retorno Regulamentado,-7.181224,-34.90096,DEL01-PB,Risco Médio,Alta
sexta-feira,BR-20,20.0,Pleno dia,Decrescente,Céu Claro,Simples,Reta,-13.7734,-46.1607,DEL10-BA,Risco Médio,Baixa
sexta-feira,BR-262,18.0,Anoitecer,Crescente,Chuva,Simples,Interseção de vias,-20.3927,-40.48822,DEL01-ES,Risco Médio,Média
sexta-feira,BR-101,47.2,Plena Noite,Crescente,Nublado,Simples,Rotatória,-23.43372,-45.08626,DEL06-SP,Risco Baixo,Alta
sexta-feira,BR-282,496.6,Plena Noite,Crescente,Céu Claro,Simples,Reta,-26.87868,-52.33573,DEL07-SC,Risco Alto,Baixa
quarta-feira,BR-381,510.3,Pleno dia,Decrescente,Chuva,Múltipla,Reta,-20.05877,-44.28892,DEL01-MG,Risco Médio,Alta
quinta-feira,BR-101,89.0,Pleno dia,Crescente,Céu Claro,Dupla,Desvio Temporário,-9.490371,-35.8983,DEL01-AL,Risco Médio,Alta
quinta-feira,BR-101,144.0,Plena Noite,Decrescente,Nublado,Simples,Reta,-8.4484,-35.3488,DEL01-PE,Risco Baixo,Alta
quinta-feira,BR-376,178.0,Pleno dia,Crescente,Nublado,Múltipla,Não Informado,-23.41921,-51.91294,DEL09-PR,Risco Médio,Baixa
domingo,BR-101,360.2,Plena Noite,Crescente,Nublado,Simples,Interseção de vias,-28.66765,-49.11775,DEL02-SC,Risco Médio,Alta
sábado,BR-230,145.8,Plena Noite,Decrescente,Céu Claro,Dupla,Desvio Temporário,-7.245342,-35.85123,DEL02-PB,Risco Baixo,Baixa
domingo,BR-364,412.0,Pleno dia,Decrescente,Céu Claro,Simples,Curva,-10.52169,-62.40382,DEL03-RO,Risco Médio,Alta
segunda-feira,BR-60,186.0,Plena Noite,Crescente,Céu Claro,Dupla,Reta,-16.8011,-49.5177,DEL01-GO,Risco Baixo,Média
sexta-feira,BR-470,55.0,Anoitecer,Crescente,Chuva,Simples,Curva,-26.86859,-49.10485,DEL04-SC,Risco Baixo,Baixa
quarta-feira,BR-116,39.1,Pleno dia,Decrescente,Sol,Dupla,Reta,-22.67607,-45.00024,DEL08-SP,Risco Baixo,Alta
sábado,BR-470,176.0,Plena Noite,Crescente,Chuva,Simples,Curva,-27.25424,-49.94866,DEL04-SC,Risco Médio,Baixa
sábado,BR-116,5.0,Pleno dia,Decrescente,Chuva,Dupla,Curva,-25.0864,-48.6029,DEL01-PR,Risco Médio,Alta
segunda-feira,BR-10,137.0,Pleno dia,Crescente,Chuva,Simples,Reta,-3.264905,-47.4732,DEL02-PA,Risco Baixo,Baixa
sexta-feira,BR-116,446.0,Pleno dia,Decrescente,Céu Claro,Dupla,Reta,-24.50467,-47.84773,DEL05-SP,Risco Médio,Alta
sexta-feira,BR-376,488.0,Pleno dia,Decrescente,Céu Claro,Dupla,Reta,-25.09278,-50.1939,DEL03-PR,Risco Médio,Baixa
domingo,BR-116,3.0,Plena Noite,Decrescente,Céu Claro,Dupla,Reta,-3.782972,-38.51296,DEL01-CE,Risco Médio,Alta
quarta-feira,BR-116,219.2,Pleno dia,Crescente,Céu Claro,Múltipla,Reta,-23.46144,-46.48885,DEL01-SP,Risco Médio,Alta
quinta-feira,BR-476,278.0,Plena Noite,Decrescente,Céu Claro,Simples,Reta,-25.89415,-50.37553,DEL02-PR,Risco Baixo,Baixa
quarta-feira,BR-393,241.0,Plena Noite,Decrescente,Nublado,Múltipla,Reta,-22.42557,-43.6918,DEL05-RJ,Risco Médio,Média
segunda-feira,BR-101,524.0,Plena Noite,Crescente,Chuva,Simples,Curva,-22.9996,-44.47765,DEL03-RJ,Risco Médio,Alta
segunda-feira,BR-101,351.6,Pleno dia,Crescente,Céu Claro,Simples,Curva,-20.66568,-40.65593,DEL03-ES,Risco Médio,Alta
segunda-feira,BR-262,52.0,Pleno dia,Decrescente,Nublado,Simples,Reta,-20.24685,-42.15479,DEL06-MG,Risco Médio,Média
sábado,BR-116,231.4,Pleno dia,Crescente,Céu Claro,Múltipla,Reta,-23.52906,-46.59398,DEL01-SP,Risco Médio,Alta
quarta-feira,BR-381,589.0,Pleno dia,Crescente,Céu Claro,Dupla,Reta,-20.56176,-44.66523,DEL04-MG,Risco Médio,Alta
quinta-feira,BR-116,652.8,Pleno dia,Crescente,Céu Claro,Simples,Não Informado,-20.72631,-42.28043,DEL07-MG,Risco Médio,Alta
domingo,BR-70,14.0,Amanhecer,Decrescente,Céu Claro,Dupla,Reta,-15.75118,-48.32515,DEL01-DF,Risco Médio,Baixa
sábado,BR-116,265.7,Pleno dia,Crescente,Garoa/Chuvisco,Dupla,Reta,-29.92572,-51.17792,DEL01-RS,Risco Médio,Alta
quinta-feira,BR-163,746.0,Anoitecer,Crescente,Nublado,Dupla,Reta,-12.55456,-55.70892,DEL06-MT,Risco Baixo,Alta
sábado,BR-476,142.0,Plena Noite,Decrescente,Céu Claro,Dupla,Desvio Temporário,-25.5368,-49.3016,DEL01-PR,Risco Médio,Baixa
quinta-feira,BR-324,537.0,Pleno dia,Decrescente,Nublado,Dupla,Reta,-12.36902,-38.81385,DEL01-BA,Risco Baixo,Baixa
segunda-feira,BR-316,550.5,Plena Noite,Decrescente,Céu Claro,Simples,Reta,-4.886332,-43.35339,DEL03-MA,Risco Médio,Baixa
segunda-feira,BR-40,514.0,Plena Noite,Crescente,Céu Claro,Dupla,Reta,-19.8128,-44.093,DEL01-MG,Risco Médio,Alta
quarta-feira,BR-365,385.0,Pleno dia,Crescente,Céu Claro,Dupla,Reta,-18.5905,-46.27619,DEL10-MG,Risco Médio,Média
quinta-feira,BR-386,349.0,Pleno dia,Decrescente,Céu Claro,Dupla,Reta,-29.46548,-51.95509,DEL04-RS,Risco Médio,Média
quarta-feira,BR-101,911.0,Pleno dia,Decrescente,Céu Claro,Simples,Curva,-17.8147,-39.7887,DEL09-BA,Risco Médio,Alta
terça-feira,BR-277,534.6,Plena Noite,Decrescente,Céu Claro,Simples,Curva,-25.1101,-52.99965,DEL04-PR,Risco Médio,Média
sábado,BR-232,361.2,Pleno dia,Decrescente,Nublado,Simples,Não Informado,-8.046381,-37.86005,DEL04-PE,Risco Baixo,Baixa
sábado,BR-163,802.0,Anoitecer,Crescente,Nublado,Simples,Curva,-12.15951,-55.51349,DEL06-MT,Risco Médio,Alta
sexta-feira,BR-40,281.0,Pleno dia,Decrescente,Céu Claro,Simples,Reta,-18.24215,-45.20805,DEL14-MG,Risco Médio,Alta
domingo,BR-316,24.0,Amanhecer,Decrescente,Nublado,Dupla,Reta,-1.345997,-48.25153,DEL01-PA,Risco Baixo,Baixa
sábado,BR-40,589.0,Pleno dia,Crescente,Céu Claro,Dupla,Reta,-20.3658,-43.9101,DEL01-MG,Risco Médio,Alta
quinta-feira,BR-282,325.5,Plena Noite,Crescente,Céu Claro,Simples,Reta,-27.37745,-51.09301,DEL07-SC,Risco Alto,Baixa
sexta-feira,BR-101,390.8,Plena Noite,Crescente,Nublado,Dupla,Reta,-22.89347,-43.67543,DEL01-RJ,Risco Baixo,Alta
terça-feira,BR-101,211.0,Pleno dia,Decrescente,Céu Claro,Dupla,Não Informado,-27.62329,-48.65246,DEL01-SC,Risco Médio,Alta
domingo,BR-101,232.0,Plena Noite,Decrescente,Nublado,Dupla,Desvio Temporário,-27.79567,-48.63815,DEL01-SC,Risco Médio,Alta
sexta-feira,BR-163,491.1,Plena Noite,Crescente,Céu Claro,Simples,Reta,-20.36435,-54.52854,DEL01-MS,Risco Médio,Alta
quinta-feira,BR-381,241.5,Pleno dia,Decrescente,Chuva,Simples,Curva,-19.42441,-42.49683,DEL06-MG,Risco Médio,Alta
terça-feira,BR-282,4.7,Pleno dia,Decrescente,Nublado,Dupla,Reta,-27.58969,-48.61024,DEL01-SC,Risco Médio,Baixa
segunda-feira,BR-405,164.1,Pleno dia,Crescente,Sol,Simples,Reta,-6.221719,-38.23789,DEL04-RN,Risco Alto,Baixa
quinta-feira,BR-364,435.0,Pleno dia,Decrescente,Céu Claro,Simples,Curva,-10.38424,-62.54709,DEL03-RO,Risco Médio,Alta
quarta-feira,BR-277,592.2,Plena Noite,Decrescente,Céu Claro,Simples,Curva,-24.98286,-53.47319,DEL04-PR,Risco Médio,Média
sábado,BR-101,124.3,Pleno dia,Crescente,Céu Claro,Simples,Reta,-8.362246,-35.21576,DEL01-PE,Risco Baixo,Alta
sábado,BR-158,493.0,Plena Noite,Decrescente,Garoa/Chuvisco,Simples,Curva,-26.0181,-52.5745,DEL02-PR,Risco Médio,Baixa
domingo,BR-376,656.0,Plena Noite,Decrescente,Céu Claro,Dupla,Curva,-25.8495,-49.0359,DEL01-PR,Risco Baixo,Baixa
sábado,BR-116,12.0,Plena Noite,Crescente,Céu Claro,Simples,Interseção de vias,-14.87304,-40.87142,DEL08-BA,Risco Baixo,Alta
terça-feira,BR-101,18.9,Anoitecer,Crescente,Céu Claro,Dupla,Reta,-7.64779,-34.95055,DEL01-PE,Risco Médio,Alta
quarta-feira,BR-262,365.3,Pleno dia,Decrescente,Garoa/Chuvisco,Simples,Reta,-20.49132,-54.74025,DEL01-MS,Risco Médio,Média
quarta-feira,BR-324,546.0,Pleno dia,Crescente,Céu Claro,Dupla,Reta,-12.41514,-38.75158,DEL01-BA,Risco Médio,Baixa
segunda-feira,BR-364,124.9,Pleno dia,Crescente,Céu Claro,Dupla,Rotatória,-10.01191,-67.79858,DEL01-AC,Risco Médio,Alta
sexta-feira,BR-60,43.3,Pleno dia,Crescente,Céu Claro,Dupla,Curva,-16.77306,-49.30529,DEL01-GO,Risco Médio,Média
sexta-feira,BR-101,46.7,Plena Noite,Decrescente,Céu Claro,Múltipla,Reta,-7.875019,-34.90577,DEL01-PE,Risco Médio,Alta
terça-feira,BR-116,460.5,Pleno dia,Crescente,Nublado,Dupla,Reta,-24.6152,-47.8882,DEL05-SP,Risco Médio,Alta
sábado,BR-101,139.0,Pleno dia,Decrescente,Chuva,Múltipla,Curva,-27.02982,-48.60115,DEL04-SC,Risco Baixo,Alta
sábado,BR-174,421.0,Plena Noite,Crescente,Ignorado,Simples,Reta,2.23982,-60.98552,DEL01-RR,Risco Médio,Baixa
domingo,BR-40,785.3,Pleno dia,Decrescente,Chuva,Dupla,Curva,-21.73962,-43.44523,DEL05-MG,Risco Baixo,Alta
sábado,BR-116,64.5,Plena Noite,Crescente,Garoa/Chuvisco,Dupla,Reta,-22.81946,-45.18435,DEL08-SP,Risco Médio,Alta
segunda-feira,BR-101,411.0,Pleno dia,Crescente,Céu Claro,Dupla,Curva,-22.89776,-43.85765,DEL03-RJ,Risco Médio,Alta
segunda-feira,BR-470,259.8,Plena Noite,Crescente,Nevoeiro/Neblina,Simples,Curva,-29.45282,-51.49902,DEL06-RS,Risco Médio,Baixa
segunda-feira,BR-364,89.0,Pleno dia,Decrescente,Céu Claro,Simples,Interseção de vias,-18.50923,-51.06792,DEL05-GO,Risco Baixo,Alta
quinta-feira,BR-70,3.0,Plena Noite,Crescente,Céu Claro,Dupla,Não Informado,-15.7723,-48.2309,DEL01-DF,Risco Médio,Baixa
sexta-feira,BR-319,63.0,Pleno dia,Crescente,Sol,Dupla,Reta,-8.766685,-63.88405,DEL01-RO,Risco Baixo,Baixa
quinta-feira,BR-101,66.0,Pleno dia,Crescente,Garoa/Chuvisco,Dupla,Curva,-21.7609,-41.34789,DEL08-RJ,Risco Médio,Alta
domingo,BR-10,233.8,Pleno dia,Decrescente,Céu Claro,Simples,Reta,-2.389734,-47.53999,DEL02-PA,Risco Médio,Baixa
sábado,BR-116,139.8,Plena Noite,Crescente,Nublado,Dupla,Reta,-23.16497,-45.81081,DEL06-SP,Risco Médio,Alta
sexta-feira,BR-101,40.0,Pleno dia,Decrescente,Chuva,Dupla,Curva,-9.163779,-35.77035,DEL01-AL,Risco Médio,Alta
sábado,BR-153,500.0,Pleno dia,Decrescente,Céu Claro,Simples,Não Informado,-10.16528,-48.88095,DEL01-TO,Risco Médio,Alta
quinta-feira,BR-470,12.0,Plena Noite,Decrescente,Nublado,Simples,Interseção de vias,-26.83517,-48.75727,DEL04-SC,Risco Baixo,Baixa
segunda-feira,BR-116,113.2,Pleno dia,Crescente,Sol,Simples,Reta,-16.54302,-41.50467,DEL11-MG,Risco Médio,Alta
segunda-feira,BR-316,52.5,Plena Noite,Crescente,Nublado,Dupla,Reta,-1.306961,-48.03478,DEL01-PA,Risco Médio,Baixa
sexta-feira,BR-101,129.9,Plena Noite,Decrescente,Céu Claro,Dupla,Reta,-26.98368,-48.67078,DEL04-SC,Risco Baixo,Alta
sábado,BR-487,232.0,Pleno dia,Crescente,Céu Claro,Simples,Curva,-24.36977,-52.1067,DEL04-PR,Risco Médio,Baixa
quinta-feira,BR-471,173.5,Amanhecer,Crescente,Céu Claro,Simples,Reta,-29.97516,-52.37156,DEL02-RS,Risco Médio,Baixa
segunda-feira,BR-116,151.7,Plena Noite,Crescente,Garoa/Chuvisco,Dupla,Interseção de vias,-29.17695,-51.16174,DEL05-RS,Risco Médio,Alta
sexta-feira,BR-381,315.0,Plena Noite,Crescente,Chuva,Simples,Curva,-19.66874,-42.96728,DEL03-MG,Risco Médio,Alta
terça-feira,BR-376,654.0,Pleno dia,Crescente,Céu Claro,Simples,Curva,-25.84326,-49.05169,DEL01-PR,Risco Baixo,Baixa
segunda-feira,BR-101,45.0,Plena Noite,Crescente,Vento,Múltipla,Reta,-7.865213,-34.90715,DEL01-PE,Risco Médio,Alta
quarta-feira,BR-153,497.8,Plena Noite,Crescente,Chuva,Dupla,Não Informado,-16.68689,-49.26479,DEL01-GO,Risco Baixo,Alta
sábado,BR-364,716.0,Plena Noite,Crescente,Nublado,Simples,Viaduto,-8.785738,-63.89817,DEL01-RO,Risco Médio,Alta
segunda-feira,BR-316,22.0,Pleno dia,Decrescente,Garoa/Chuvisco,Dupla,Não Informado,-1.353446,-48.25703,DEL01-PA,Risco Médio,Baixa
quarta-feira,BR-116,217.0,Pleno dia,Crescente,Céu Claro,Múltipla,Reta,-23.45522,-46.47615,DEL01-SP,Risco Médio,Alta
domingo,BR-343,334.0,Plena Noite,Crescente,Chuva,Simples,Reta,-5.030755,-42.77115,DEL01-PI,Risco Médio,Baixa
segunda-feira,BR-262,295.0,Anoitecer,Decrescente,Céu Claro,Simples,Ponte,-20.50284,-54.24925,DEL01-MS,Risco Médio,Média
terça-feira,BR-20,17.2,Plena Noite,Decrescente,Céu Claro,Dupla,Reta,-15.62054,-47.71549,DEL02-DF,Risco Baixo,Baixa
terça-feira,BR-101,284.0,Pleno dia,Decrescente,Chuva,Dupla,Reta,-20.2446,-40.36877,DEL01-ES,Risco Médio,Alta
terça-feira,BR-232,135.0,Pleno dia,Crescente,Céu Claro,Dupla,Reta,-8.310966,-36.03309,DEL02-PE,Risco Médio,Baixa
segunda-feira,BR-153,27.2,Plena Noite,Crescente,Nublado,Simples,Não Informado,-20.51606,-49.32404,DEL09-SP,Risco Médio,Alta
sábado,BR-381,635.3,Plena Noite,Crescente,Nublado,Dupla,Não Informado,-20.88279,-44.85183,DEL04-MG,Risco Médio,Alta
terça-feira,BR-222,293.9,Plena Noite,Decrescente,Céu Claro,Simples,Curva,-3.754031,-43.36709,DEL02-MA,Risco Médio,Baixa
sábado,BR-232,110.0,Pleno dia,Crescente,Chuva,Dupla,Curva,-8.286345,-35.81756,DEL02-PE,Risco Médio,Baixa
terça-feira,BR-290,91.0,Pleno dia,Crescente,Céu Claro,Múltipla,Reta,-29.96906,-51.16744,DEL01-RS,Risco Médio,Baixa
sexta-feira,BR-376,674.0,Pleno dia,Crescente,Nublado,Dupla,Curva,-25.9114,-48.9202,DEL01-PR,Risco Baixo,Baixa
segunda-feira,BR-316,3.0,Pleno dia,Decrescente,Sol,Dupla,Reta,-1.3903,-48.4147,DEL01-PA,Risco Médio,Baixa
segunda-feira,BR-163,484.4,Pleno dia,Decrescente,Céu Claro,Simples,Reta,-20.45105,-54.54033,DEL01-MS,Risco Baixo,Alta
sábado,BR-40,614.0,Plena Noite,Crescente,Céu Claro,Simples,Curva,-20.54279,-43.82034,DEL05-MG,Risco Baixo,Alta
segunda-feira,BR-158,144.3,Pleno dia,Decrescente,Sol,Simples,Desvio Temporário,-28.2399,-53.48101,DEL10-RS,Risco Médio,Baixa
quarta-feira,BR-135,553.0,Pleno dia,Crescente,Céu Claro,Simples,Não Informado,-10.12697,-45.22438,DEL03-PI,Risco Médio,Baixa
domingo,BR-116,291.5,Pleno dia,Decrescente,Céu Claro,Dupla,Reta,-23.71369,-46.87822,DEL04-SP,Risco Médio,Alta
domingo,BR-364,91.0,Plena Noite,Crescente,Céu Claro,Simples,Reta,-18.49239,-51.07449,DEL05-GO,Risco Médio,Alta
domingo,BR-476,328.0,Amanhecer,Decrescente,Nevoeiro/Neblina,Simples,Reta,-26.10005,-50.79781,DEL02-PR,Risco Baixo,Baixa
domingo,BR-101,739.0,Plena Noite,Decrescente,Nublado,Simples,Curva,-16.52563,-39.56829,DEL09-BA,Risco Baixo,Alta
terça-feira,BR-116,228.0,Pleno dia,Decrescente,Céu Claro,Múltipla,Reta,-23.50343,-46.56639,DEL01-SP,Risco Médio,Alta
terça-feira,BR-70,7.1,Pleno dia,Decrescente,Céu Claro,Dupla,Reta,-15.74085,-48.27082,DEL01-DF,Risco Baixo,Baixa
sexta-feira,BR-470,59.5,Pleno dia,Decrescente,Nublado,Simples,Não Informado,-26.88222,-49.16021,DEL04-SC,Risco Médio,Baixa
terça-feira,BR-365,766.6,Pleno dia,Crescente,Céu Claro,Simples,Reta,-18.96302,-49.59725,DEL15-MG,Risco Médio,Média
quinta-feira,BR-470,40.5,Plena Noite,Crescente,Céu Claro,Simples,Reta,-26.88957,-48.99094,DEL04-SC,Risco Médio,Baixa
terça-feira,BR-280,34.0,Plena Noite,Decrescente,Céu Claro,Simples,Interseção de vias,-26.42994,-48.79616,DEL03-SC,Risco Médio,Baixa
sexta-feira,BR-101,212.0,Pleno dia,Decrescente,Nublado,Dupla,Reta,-27.62997,-48.65904,DEL01-SC,Risco Médio,Alta
sexta-feira,BR-407,3.0,Plena Noite,Crescente,Garoa/Chuvisco,Simples,Reta,-9.43134,-40.49823,DEL06-PE,Risco Baixo,Baixa
sábado,BR-282,497.5,Pleno dia,Crescente,Céu Claro,Simples,Curva,-26.88006,-52.34468,DEL07-SC,Risco Médio,Baixa
quinta-feira,BR-110,172.0,Plena Noite,Crescente,Nublado,Simples,Reta,-10.8605,-38.52864,DEL07-BA,Risco Baixo,Baixa