dia_semana,br,km,fase_dia,sentido_via,condicao_metereologica,tipo_pista,tracado_via,latitude,longitude,delegacia,classificacao_acidente,postos_policiais_PRF
segunda-feira,BR-158,107.0,Pleno dia,Decrescente,Céu Claro,Simples,Reta,-19.76152,-51.12322,DEL08-MS,Risco Médio,Baixa
domingo,BR-381,17.0,Pleno dia,Crescente,Céu Claro,Dupla,Reta,-22.97345,-46.48791,DEL03-SP,Risco Médio,Alta
sábado,BR-285,460.6,Plena Noite,Decrescente,Nublado,Simples,Curva,-28.40865,-53.9016,DEL10-RS,Risco Baixo,Baixa
sexta-feira,BR-40,771.2,Pleno dia,Crescente,Céu Claro,Simples,Reta,-21.60933,-43.45893,DEL05-MG,Risco Médio,Alta
terça-feira,BR-101,413.3,Anoitecer,Decrescente,Nublado,Simples,Rotatória,-28.94606,-49.50428,DEL02-SC,Risco Médio,Alta
segunda-feira,BR-40,6.0,Pleno dia,Decrescente,Céu Claro,Dupla,Reta,-16.10081,-47.97735,DEL01-DF,Risco Médio,Alta
sexta-feira,BR-110,200.0,Pleno dia,Crescente,Céu Claro,Simples,Reta,-11.098,-38.5132,DEL07-BA,Risco Médio,Baixa
quinta-feira,BR-101,107.0,Pleno dia,Decrescente,Chuva,Dupla,Curva,-26.8262,-48.6904,DEL03-SC,Risco Baixo,Alta
sábado,BR-290,91.0,Pleno dia,Decrescente,Céu Claro,Dupla,Reta,-29.9688,-51.1683,DEL01-RS,Risco Médio,Baixa
sábado,BR-376,445.0,Plena Noite,Crescente,Garoa/Chuvisco,Dupla,Curva,-24.84941,-50.47308,DEL03-PR,Risco Baixo,Baixa
domingo,BR-369,129.0,Plena Noite,Crescente,Céu Claro,Dupla,Reta,-23.26493,-50.97234,DEL07-PR,Risco Médio,Baixa
domingo,BR-116,813.8,Pleno dia,Decrescente,Chuva,Simples,Não Informado,-21.85365,-42.66047,DEL07-MG,Risco Médio,Alta
terça-feira,BR-116,24.9,Pleno dia,Decrescente,Sol,Dupla,Reta,-22.59896,-44.88798,DEL08-SP,Risco Médio,Alta
domingo,BR-316,14.9,Pleno dia,Decrescente,Nublado,Simples,Interseção de vias,-5.218378,-42.75258,DEL01-PI,Risco Médio,Baixa
domingo,BR-290,92.0,Pleno dia,Decrescente,Céu Claro,Dupla,Curva,-29.97268,-51.17419,DEL01-RS,Risco Baixo,Baixa
segunda-feira,BR-163,697.0,Plena Noite,Decrescente,Céu Claro,Simples,Reta,-13.10164,-55.94916,DEL06-MT,Risco Baixo,Alta
sexta-feira,BR-116,46.5,Pleno dia,Decrescente,Chuva,Dupla,Curva,-25.20188,-48.89622,DEL01-PR,Risco Baixo,Alta
sexta-feira,BR-101,197.4,Pleno dia,Decrescente,Sol,Múltipla,Curva,-27.51992,-48.63759,DEL01-SC,Risco Médio,Alta
terça-feira,BR-364,437.8,Pleno dia,Decrescente,Sol,Dupla,Reta,-15.63729,-56.20419,DEL01-MT,Risco Médio,Alta
sábado,BR-101,225.6,Amanhecer,Crescente,Nublado,Simples,Curva,-19.9267,-40.406,DEL02-ES,Risco Alto,Alta
quinta-feira,BR-381,845.3,Pleno dia,Decrescente,Chuva,Dupla,Curva,-22.20147,-45.85897,DEL16-MG,Risco Médio,Alta
sexta-feira,BR-20,1.2,Pleno dia,Decrescente,Sol,Múltipla,Não Informado,-15.68581,-47.84984,DEL02-DF,Risco Médio,Baixa
segunda-feira,BR-110,28.0,Anoitecer,Decrescente,Céu Claro,Simples,Não Informado,-9.44703,-38.20221,DEL07-BA,Risco Médio,Baixa
segunda-feira,BR-277,590.0,Pleno dia,Crescente,Céu Claro,Simples,Interseção de vias,-24.98162,-53.45688,DEL04-PR,Risco Baixo,Média
domingo,BR-381,876.4,Pleno dia,Decrescente,Chuva,Dupla,Curva,-22.43844,-45.98419,DEL16-MG,Risco Baixo,Alta
sábado,BR-427,99.3,Pleno dia,Crescente,Céu Claro,Simples,Reta,-6.460006,-37.10052,DEL03-RN,Risco Médio,Baixa
sábado,BR-101,137.1,Anoitecer,Decrescente,Céu Claro,Dupla,Reta,-27.01572,-48.61193,DEL04-SC,Risco Médio,Alta
sábado,BR-40,545.1,Plena Noite,Crescente,Céu Claro,Dupla,Reta,-20.01331,-43.96839,DEL01-MG,Risco Baixo,Alta
sexta-feira,BR-20,426.0,Pleno dia,Decrescente,Céu Claro,Dupla,Reta,-3.76999,-38.67006,DEL01-CE,Risco Médio,Baixa
sábado,BR-262,56.4,Pleno dia,Crescente,Chuva,Simples,Não Informado,-20.41088,-40.75519,DEL01-ES,Risco Médio,Média
quarta-feira,BR-101,198.0,Plena Noite,Decrescente,Nublado,Múltipla,Reta,-27.52659,-48.63506,DEL01-SC,Risco Médio,Alta
quarta-feira,BR-364,163.0,Pleno dia,Decrescente,Céu Claro,Simples,Não Informado,-11.89802,-60.97881,DEL02-RO,Risco Médio,Alta
terça-feira,BR-381,335.0,Anoitecer,Decrescente,Garoa/Chuvisco,Simples,Curva,-19.81701,-43.06662,DEL03-MG,Risco Médio,Alta
sábado,BR-381,334.0,Pleno dia,Crescente,Céu Claro,Simples,Curva,-19.81026,-43.06303,DEL03-MG,Risco Médio,Alta
domingo,BR-230,110.9,Plena Noite,Decrescente,Garoa/Chuvisco,Dupla,Reta,-7.203075,-35.55799,DEL02-PB,Risco Médio,Baixa
segunda-feira,BR-304,30.0,Plena Noite,Crescente,Chuva,Simples,Reta,-5.11947,-37.34158,DEL04-RN,Risco Médio,Baixa
sexta-feira,BR-116,282.0,Amanhecer,Crescente,Nublado,Dupla,Não Informado,-23.6857,-46.85971,DEL04-SP,Risco Médio,Alta
sábado,BR-40,601.1,Plena Noite,Decrescente,Céu Claro,Simples,Reta,-20.43153,-43.85436,DEL05-MG,Risco Médio,Alta
segunda-feira,BR-324,608.0,Pleno dia,Crescente,Chuva,Dupla,Reta,-12.81183,-38.40479,DEL01-BA,Risco Baixo,Baixa
sexta-feira,BR-101,210.0,Pleno dia,Crescente,Céu Claro,Múltipla,Reta,-27.61362,-48.64263,DEL01-SC,Risco Médio,Alta
quarta-feira,BR-153,493.0,Anoitecer,Crescente,Céu Claro,Simples,Curva,-26.5081,-51.3528,DEL07-SC,Risco Baixo,Alta
segunda-feira,BR-367,27.0,Pleno dia,Decrescente,Céu Claro,Simples,Curva,-16.42388,-39.10203,DEL09-BA,Risco Médio,Baixa
quarta-feira,BR-405,37.1,Plena Noite,Decrescente,Nublado,Simples,Reta,-6.760087,-38.43467,DEL03-PB,Risco Alto,Baixa
segunda-feira,BR-101,21.9,Pleno dia,Crescente,Céu Claro,Dupla,Reta,-7.667766,-34.93266,DEL01-PE,Risco Baixo,Alta
segunda-feira,BR-101,290.0,Amanhecer,Crescente,Céu Claro,Dupla,Reta,-22.76708,-42.86081,DEL02-RJ,Risco Médio,Alta
quarta-feira,BR-435,26.0,Pleno dia,Decrescente,Céu Claro,Simples,Não Informado,-12.78309,-60.34346,DEL04-RO,Risco Médio,Baixa
domingo,BR-163,280.1,Plena Noite,Crescente,Nublado,Dupla,Reta,-22.13613,-54.61723,DEL04-MS,Risco Médio,Alta
quarta-feira,BR-392,18.9,Plena Noite,Decrescente,Céu Claro,Dupla,Reta,-32.08839,-52.18632,DEL07-RS,Risco Médio,Média
terça-feira,BR-467,100.2,Plena Noite,Decrescente,Nublado,Dupla,Interseção de vias,-24.89674,-53.53389,DEL04-PR,Risco Médio,Baixa
sábado,BR-251,212.0,Plena Noite,Decrescente,Ignorado,Simples,Reta,-15.9058,-41.5409,DEL11-MG,Risco Baixo,Baixa
quinta-feira,BR-174,498.0,Pleno dia,Crescente,Céu Claro,Dupla,Reta,2.767734,-60.72001,DEL01-RR,Risco Médio,Baixa
quinta-feira,BR-101,366.0,Pleno dia,Crescente,Céu Claro,Dupla,Reta,-28.6895,-49.1607,DEL02-SC,Risco Baixo,Alta
domingo,BR-230,28.0,Pleno dia,Decrescente,Sol,Dupla,Reta,-7.1651,-34.8941,DEL01-PB,Risco Médio,Baixa
domingo,BR-101,100.5,Pleno dia,Decrescente,Chuva,Dupla,Curva,-26.75483,-48.68994,DEL03-SC,Risco Médio,Alta
sábado,BR-468,87.0,Plena Noite,Crescente,Céu Claro,Simples,Reta,-27.5671,-53.86047,DEL08-RS,Risco Baixo,Baixa
quarta-feira,BR-324,621.3,Amanhecer,Decrescente,Chuva,Múltipla,Reta,-12.92399,-38.46818,DEL01-BA,Risco Baixo,Baixa
domingo,BR-116,206.0,Plena Noite,Decrescente,Céu Claro,Dupla,Reta,-23.41723,-46.3751,DEL01-SP,Risco Médio,Alta
sexta-feira,BR-470,50.0,Plena Noite,Decrescente,Céu Claro,Simples,Reta,-26.86045,-49.06463,DEL04-SC,Risco Médio,Baixa
terça-feira,BR-101,94.5,Amanhecer,Decrescente,Céu Claro,Dupla,Não Informado,-10.9162,-37.1653,DEL01-SE,Risco Baixo,Alta
segunda-feira,BR-262,115.0,Plena Noite,Crescente,Céu Claro,Simples,Não Informado,-20.32054,-41.21864,DEL01-ES,Risco Médio,Média
quinta-feira,BR-116,124.6,Pleno dia,Decrescente,Céu Claro,Simples,Reta,-23.09312,-45.6779,DEL06-SP,Risco Médio,Alta
sexta-feira,BR-153,62.2,Plena Noite,Crescente,Céu Claro,Dupla,Não Informado,-20.81325,-49.35676,DEL09-SP,Risco Baixo,Alta
sexta-feira,BR-280,79.1,Plena Noite,Decrescente,Céu Claro,Simples,Curva,-26.44121,-49.2123,DEL06-SC,Risco Médio,Baixa
terça-feira,BR-392,298.0,Plena Noite,Crescente,Céu Claro,Simples,Reta,-30.15588,-53.58974,DEL09-RS,Risco Médio,Média
segunda-feira,BR-116,169.0,Amanhecer,Decrescente,Céu Claro,Múltipla,Reta,-22.81621,-43.32446,DEL01-RJ,Risco Médio,Alta
sábado,BR-116,620.9,Plena Noite,Crescente,Céu Claro,Simples,Reta,-20.48038,-42.18167,DEL07-MG,Risco Médio,Alta
quarta-feira,BR-116,192.7,Plena Noite,Decrescente,Nublado,Dupla,Não Informado,-23.37692,-46.24973,DEL01-SP,Risco Médio,Alta
domingo,BR-101,281.6,Plena Noite,Crescente,Céu Claro,Simples,Reta,-28.20782,-48.69932,DEL02-SC,Risco Baixo,Alta
quinta-feira,BR-230,124.0,Pleno dia,Crescente,Nublado,Simples,Reta,-5.374071,-49.13576,DEL03-PA,Risco Baixo,Baixa
segunda-feira,BR-251,298.0,Pleno dia,Crescente,Céu Claro,Simples,Reta,-16.0876,-42.2176,DEL11-MG,Risco Médio,Baixa
terça-feira,BR-230,19.9,Pleno dia,Decrescente,Nublado,Dupla,Interseção de vias,-7.136,-34.85434,DEL01-PB,Risco Médio,Baixa
sexta-feira,BR-251,506.0,Pleno dia,Crescente,Chuva,Simples,Curva,-16.61895,-43.68878,DEL12-MG,Risco Médio,Baixa
segunda-feira,BR-373,172.0,Pleno dia,Crescente,Céu Claro,Dupla,Reta,-25.0814,-50.19201,DEL03-PR,Risco Médio,Baixa
quinta-feira,BR-116,217.0,Pleno dia,Crescente,Céu Claro,Simples,Curva,-23.45369,-46.47167,DEL01-SP,Risco Baixo,Alta
segunda-feira,BR-101,296.0,Pleno dia,Crescente,Sol,Dupla,Reta,-22.76705,-42.9102,DEL02-RJ,Risco Médio,Alta
quarta-feira,BR-116,314.0,Plena Noite,Decrescente,Chuva,Dupla,Curva,-22.46046,-44.47218,DEL07-RJ,Risco Médio,Alta
domingo,BR-365,438.0,Pleno dia,Decrescente,Chuva,Simples,Não Informado,-18.78022,-46.71833,DEL10-MG,Risco Médio,Média
sábado,BR-158,466.8,Plena Noite,Decrescente,Nublado,Simples,Reta,-30.24216,-54.95095,DEL11-RS,Risco Médio,Baixa
sexta-feira,BR-364,320.0,Plena Noite,Crescente,Chuva,Simples,Reta,-11.06938,-61.92317,DEL02-RO,Risco Baixo,Alta
domingo,BR-101,271.0,Anoitecer,Crescente,Nublado,Múltipla,Reta,-20.23267,-40.27658,DEL02-ES,Risco Médio,Alta
sexta-feira,BR-40,764.1,Amanhecer,Crescente,Garoa/Chuvisco,Simples,Curva,-21.57771,-43.47537,DEL05-MG,Risco Médio,Alta
segunda-feira,BR-304,4.1,Pleno dia,Crescente,Céu Claro,Simples,Reta,-4.910508,-37.42769,DEL04-RN,Risco Baixo,Baixa
domingo,BR-242,627.5,Plena Noite,Decrescente,Nublado,Simples,Reta,-12.21405,-43.55594,DEL10-BA,Risco Baixo,Baixa
terça-feira,BR-316,79.0,Pleno dia,Decrescente,Céu Claro,Simples,Reta,-7.855853,-40.11548,DEL05-PE,Risco Médio,Baixa
sábado,BR-470,109.1,Pleno dia,Decrescente,Céu Claro,Simples,Curva,-27.08388,-49.44954,DEL04-SC,Risco Médio,Baixa
sexta-feira,BR-262,359.0,Pleno dia,Decrescente,Céu Claro,Dupla,Reta,-19.98332,-44.20214,DEL01-MG,Risco Médio,Média
quarta-feira,BR-280,49.5,Plena Noite,Crescente,Chuva,Simples,Reta,-26.46028,-48.94142,DEL03-SC,Risco Médio,Baixa
segunda-feira,BR-101,159.4,Pleno dia,Crescente,Céu Claro,Simples,Reta,-19.4655,-40.10818,DEL04-ES,Risco Médio,Alta
sábado,BR-116,352.0,Pleno dia,Crescente,Céu Claro,Simples,Reta,-11.60901,-38.98385,DEL02-BA,Risco Médio,Alta
sexta-feira,BR-153,72.0,Pleno dia,Decrescente,Céu Claro,Dupla,Reta,-20.87128,-49.41599,DEL09-SP,Risco Médio,Alta
sexta-feira,BR-285,563.8,Plena Noite,Crescente,Céu Claro,Simples,Rotatória,-28.41715,-54.93837,DEL10-RS,Risco Médio,Baixa
domingo,BR-116,73.7,Plena Noite,Crescente,Céu Claro,Simples,Reta,-26.38297,-50.21675,DEL06-SC,Risco Baixo,Alta
sábado,BR-101,208.0,Plena Noite,Decrescente,Céu Claro,Múltipla,Desvio Temporário,-27.6032,-48.6319,DEL01-SC,Risco Baixo,Alta
sexta-feira,BR-153,50.0,Plena Noite,Crescente,Céu Claro,Simples,Reta,-27.6556,-52.2706,DEL08-RS,Risco Médio,Alta
domingo,BR-116,42.0,Pleno dia,Crescente,Céu Claro,Dupla,Não Informado,-4.108579,-38.49422,DEL01-CE,Risco Médio,Alta
sábado,BR-470,175.5,Pleno dia,Crescente,Sol,Simples,Interseção de vias,-27.25617,-49.93897,DEL04-SC,Risco Médio,Baixa
terça-feira,BR-116,738.1,Pleno dia,Crescente,Céu Claro,Simples,Curva,-21.37693,-42.48054,DEL07-MG,Risco Médio,Alta
terça-feira,BR-101,34.1,Plena Noite,Decrescente,Céu Claro,Dupla,Reta,-26.23667,-48.91487,DEL03-SC,Risco Médio,Alta
terça-feira,BR-101,122.6,Pleno dia,Crescente,Nublado,Dupla,Curva,-7.4681,-34.9768,DEL01-PB,Risco Médio,Alta
quarta-feira,BR-101,339.2,Amanhecer,Crescente,Céu Claro,Simples,Viaduto,-28.49351,-49.04179,DEL02-SC,Risco Médio,Alta
sábado,BR-101,887.0,Plena Noite,Decrescente,Nublado,Simples,Reta,-17.6147,-39.7608,DEL09-BA,Risco Médio,Alta
sexta-feira,BR-226,49.8,Pleno dia,Decrescente,Nublado,Simples,Desvio Temporário,-6.783306,-47.79836,DEL02-TO,Risco Médio,Baixa
segunda-feira,BR-101,205.5,Plena Noite,Crescente,Garoa/Chuvisco,Dupla,Reta,-27.58718,-48.61666,DEL01-SC,Risco Médio,Alta
quinta-feira,BR-470,43.8,Plena Noite,Decrescente,Nublado,Simples,Reta,-26.87452,-49.01345,DEL04-SC,Risco Baixo,Baixa
terça-feira,BR-470,154.5,Pleno dia,Crescente,Garoa/Chuvisco,Simples,Reta,-27.27541,-49.74299,DEL04-SC,Risco Médio,Baixa
domingo,BR-163,6.0,Pleno dia,Crescente,Céu Claro,Simples,Reta,-24.00615,-54.31202,DEL09-MS,Risco Médio,Alta
sábado,BR-116,82.0,Pleno dia,Decrescente,Nublado,Simples,Desvio Temporário,-8.542338,-39.22398,DEL05-PE,Risco Médio,Alta
quarta-feira,BR-376,666.8,Pleno dia,Crescente,Sol,Dupla,Não Informado,-25.85443,-48.95826,DEL01-PR,Risco Médio,Baixa
domingo,BR-101,186.0,Pleno dia,Decrescente,Céu Claro,Dupla,Reta,-27.4432,-48.6284,DEL01-SC,Risco Baixo,Alta
domingo,BR-101,111.0,Plena Noite,Crescente,Céu Claro,Dupla,Reta,-26.83956,-48.71418,DEL04-SC,Risco Médio,Alta
quarta-feira,BR-101,85.5,Pleno dia,Crescente,Céu Claro,Dupla,Ponte,-5.779257,-35.20092,DEL02-RN,Risco Médio,Alta
segunda-feira,BR-343,146.0,Pleno dia,Crescente,Céu Claro,Simples,Reta,-3.963265,-41.73899,DEL02-PI,Risco Baixo,Baixa
domingo,BR-20,2.7,Plena Noite,Crescente,Céu Claro,Dupla,Reta,-15.6829,-47.84073,DEL02-DF,Risco Médio,Baixa
segunda-feira,BR-277,84.0,Plena Noite,Crescente,Céu Claro,Dupla,Curva,-25.44374,-49.23465,DEL01-PR,Risco Médio,Média
sábado,BR-116,153.0,Amanhecer,Decrescente,Céu Claro,Dupla,Reta,-23.23305,-45.9143,DEL02-SP,Risco Baixo,Alta
sexta-feira,BR-381,426.0,Plena Noite,Crescente,Céu Claro,Simples,Curva,-19.78686,-43.68925,DEL01-MG,Risco Alto,Alta
domingo,BR-448,8.0,Pleno dia,Crescente,Céu Claro,Dupla,Curva,-29.8894,-51.24062,DEL01-RS,Risco Baixo,Baixa
sábado,BR-393,285.0,Plena Noite,Crescente,Nevoeiro/Neblina,Simples,Reta,-22.48173,-44.06309,DEL05-RJ,Risco Médio,Média
segunda-feira,BR-262,107.0,Plena Noite,Decrescente,Chuva,Simples,Reta,-20.33361,-41.16233,DEL01-ES,Risco Médio,Média
terça-feira,BR-153,75.5,Pleno dia,Decrescente,Sol,Simples,Reta,-27.09948,-51.89984,DEL07-SC,Risco Médio,Alta
sexta-feira,BR-70,683.9,Pleno dia,Decrescente,Chuva,Simples,Curva,-16.2027,-57.3866,DEL03-MT,Risco Baixo,Baixa
quinta-feira,BR-163,246.5,Plena Noite,Crescente,Céu Claro,Múltipla,Não Informado,-24.71782,-53.7116,DEL06-PR,Risco Baixo,Alta
sábado,BR-242,780.0,Pleno dia,Crescente,Chuva,Simples,Curva,-12.1454,-44.71264,DEL10-BA,Risco Médio,Baixa
terça-feira,BR-277,406.0,Amanhecer,Crescente,Céu Claro,Simples,Curva,-25.43077,-52.00773,DEL04-PR,Risco Baixo,Média
segunda-feira,BR-116,753.0,Pleno dia,Crescente,Ignorado,Simples,Reta,-21.46442,-42.55718,DEL07-MG,Risco Médio,Alta
quarta-feira,BR-101,127.0,Pleno dia,Crescente,Chuva,Múltipla,Reta,-26.96393,-48.68328,DEL04-SC,Risco Médio,Alta
domingo,BR-277,19.0,Plena Noite,Crescente,Céu Claro,Dupla,Reta,-25.55788,-48.65325,DEL01-PR,Risco Baixo,Média
quarta-feira,BR-277,237.0,Pleno dia,Crescente,Céu Claro,Simples,Reta,-25.4642,-50.56582,DEL03-PR,Risco Médio,Média
quarta-feira,BR-116,173.0,Pleno dia,Decrescente,Céu Claro,Múltipla,Reta,-22.7981,-43.35727,DEL01-RJ,Risco Médio,Alta
segunda-feira,BR-101,327.1,Plena Noite,Decrescente,Céu Claro,Múltipla,Não Informado,-28.43859,-48.96172,DEL02-SC,Risco Alto,Alta
domingo,BR-316,257.0,Plena Noite,Decrescente,Chuva,Simples,Reta,-9.590915,-35.9394,DEL02-AL,Risco Médio,Baixa
quinta-feira,BR-316,33.0,Plena Noite,Decrescente,Chuva,Simples,Reta,-5.368897,-42.67264,DEL01-PI,Risco Médio,Baixa
sexta-feira,BR-365,673.0,Amanhecer,Crescente,Nublado,Dupla,Reta,-18.86847,-48.7585,DEL15-MG,Risco Baixo,Média
terça-feira,BR-381,482.1,Pleno dia,Decrescente,Sol,Dupla,Reta,-19.95893,-44.07178,DEL01-MG,Risco Médio,Alta
sexta-feira,BR-230,107.8,Pleno dia,Decrescente,Céu Claro,Dupla,Curva,-7.2039,-35.5389,DEL01-PB,Risco Médio,Baixa
terça-feira,BR-116,13.0,Pleno dia,Crescente,Céu Claro,Dupla,Reta,-3.860885,-38.49715,DEL01-CE,Risco Médio,Alta
quinta-feira,BR-277,638.3,Pleno dia,Crescente,Céu Claro,Simples,Reta,-25.15967,-53.85328,DEL05-PR,Risco Baixo,Média
domingo,BR-40,737.9,Plena Noite,Crescente,Chuva,Simples,Curva,-21.38297,-43.57034,DEL05-MG,Risco Médio,Alta
quarta-feira,BR-101,242.8,Pleno dia,Crescente,Nublado,Simples,Curva,-12.83396,-39.20141,DEL01-BA,Risco Baixo,Alta
domingo,BR-20,9.4,Plena Noite,Decrescente,Céu Claro,Dupla,Reta,-15.65467,-47.78292,DEL02-DF,Risco Baixo,Baixa
sexta-feira,BR-376,419.1,Plena Noite,Decrescente,Chuva,Dupla,Reta,-24.71398,-50.54955,DEL03-PR,Risco Baixo,Baixa
domingo,BR-381,880.7,Plena Noite,Crescente,Céu Claro,Dupla,Curva,-22.466,-46.0094,DEL16-MG,Risco Médio,Alta
sábado,BR-304,216.2,Pleno dia,Decrescente,Céu Claro,Simples,Não Informado,-5.756142,-36.02459,DEL01-RN,Risco Médio,Baixa
quinta-feira,BR-70,6.3,Plena Noite,Crescente,Céu Claro,Dupla,Reta,-15.7899,-48.10866,DEL01-DF,Risco Baixo,Baixa
domingo,BR-101,10.3,Pleno dia,Decrescente,Nublado,Dupla,Viaduto,-26.06301,-48.86021,DEL03-SC,Risco Médio,Alta
quarta-feira,BR-163,258.0,Pleno dia,Crescente,Céu Claro,Dupla,Rotatória,-22.21093,-54.71328,DEL04-MS,Risco Médio,Alta
segunda-feira,BR-364,327.0,Pleno dia,Decrescente,Céu Claro,Simples,Curva,-15.82012,-55.41091,DEL02-MT,Risco Baixo,Alta
domingo,BR-158,79.0,Pleno dia,Decrescente,Céu Claro,Simples,Não Informado,-19.55764,-51.24892,DEL08-MS,Risco Médio,Baixa
terça-feira,BR-324,590.0,Pleno dia,Crescente,Sol,Dupla,Reta,-12.67291,-38.46908,DEL01-BA,Risco Médio,Baixa
segunda-feira,BR-316,261.9,Pleno dia,Crescente,Nublado,Dupla,Reta,-3.676243,-45.38937,DEL02-MA,Risco Médio,Baixa
domingo,BR-40,695.4,Anoitecer,Crescente,Chuva,Simples,Não Informado,-21.1392,-43.76577,DEL05-MG,Risco Médio,Alta
sábado,BR-116,567.5,Anoitecer,Crescente,Céu Claro,Simples,Reta,-20.2665,-42.0361,DEL06-MG,Risco Médio,Alta
terça-feira,BR-330,832.0,Pleno dia,Decrescente,Céu Claro,Simples,Curva,-14.09667,-39.77899,DEL03-BA,Risco Médio,Baixa
segunda-feira,BR-40,823.0,Pleno dia,Crescente,Chuva,Dupla,Não Informado,-21.96149,-43.29868,DEL05-MG,Risco Médio,Alta
sábado,BR-415,58.0,Plena Noite,Decrescente,Nublado,Simples,Curva,-14.85898,-39.39538,DEL05-BA,Risco Alto,Baixa
terça-feira,BR-101,146.0,Pleno dia,Crescente,Sol,Múltipla,Reta,-27.08667,-48.60956,DEL04-SC,Risco Médio,Alta
quinta-feira,BR-277,589.0,Amanhecer,Crescente,Chuva,Simples,Reta,-24.97615,-53.44388,DEL04-PR,Risco Médio,Média
quarta-feira,BR-40,769.7,Plena Noite,Decrescente,Garoa/Chuvisco,Simples,Curva,-21.59924,-43.45791,DEL05-MG,Risco Baixo,Alta
sábado,BR-116,206.9,Anoitecer,Crescente,Chuva,Simples,Interseção de vias,-26.10175,-49.7808,DEL06-SC,Risco Médio,Alta
quinta-feira,BR-242,375.0,Plena Noite,Decrescente,Nublado,Simples,Curva,-12.47298,-41.68777,DEL06-BA,Risco Alto,Baixa
quarta-feira,BR-10,63.8,Plena Noite,Crescente,Céu Claro,Simples,Desvio Temporário,-3.896671,-47.52549,DEL02-PA,Risco Médio,Baixa
domingo,BR-235,37.7,Amanhecer,Crescente,Céu Claro,Simples,Reta,-10.77023,-37.34217,DEL01-SE,Risco Alto,Baixa
quarta-feira,BR-405,18.3,Plena Noite,Crescente,Céu Claro,Simples,Curva,-6.601764,-38.41074,DEL03-PB,Risco Alto,Baixa
terça-feira,BR-381,61.0,Pleno dia,Crescente,Céu Claro,Dupla,Curva,-23.29012,-46.58007,DEL03-SP,Risco Médio,Alta
sábado,BR-70,7.3,Plena Noite,Crescente,Céu Claro,Simples,Reta,-15.78677,-48.11671,DEL01-DF,Risco Médio,Baixa
segunda-feira,BR-267,214.1,Plena Noite,Crescente,Nublado,Simples,Reta,-21.948,-44.129,DEL05-MG,Risco Médio,Baixa
segunda-feira,BR-418,86.0,Plena Noite,Crescente,Céu Claro,Simples,Reta,-17.89416,-39.80762,DEL09-BA,Risco Baixo,Baixa
quarta-feira,BR-393,181.0,Pleno dia,Crescente,Céu Claro,Simples,Curva,-22.14352,-43.28667,DEL05-RJ,Risco Médio,Média
segunda-feira,BR-242,729.0,Pleno dia,Crescente,Chuva,Simples,Reta,-12.20716,-44.46732,DEL10-BA,Risco Alto,Baixa
quarta-feira,BR-369,143.0,Pleno dia,Crescente,Céu Claro,Dupla,Reta,-23.29296,-51.09706,DEL07-PR,Risco Médio,Baixa
sexta-feira,BR-101,89.0,Plena Noite,Crescente,Céu Claro,Dupla,Reta,-10.8782,-37.1339,DEL01-SE,Risco Baixo,Alta
quarta-feira,BR-116,265.0,Plena Noite,Decrescente,Céu Claro,Dupla,Não Informado,-29.92342,-51.17781,DEL01-RS,Risco Baixo,Alta
domingo,BR-316,299.0,Plena Noite,Decrescente,Céu Claro,Simples,Não Informado,-7.036496,-41.55367,DEL04-PI,Risco Médio,Baixa
segunda-feira,BR-304,148.5,Pleno dia,Crescente,Céu Claro,Simples,Interseção de vias,-5.678161,-36.61037,DEL04-RN,Risco Médio,Baixa
sexta-feira,BR-153,495.8,Plena Noite,Decrescente,Céu Claro,Dupla,Viaduto,-16.66894,-49.22654,DEL01-GO,Risco Médio,Alta
domingo,BR-163,454.0,Pleno dia,Crescente,Céu Claro,Dupla,Não Informado,-20.68086,-54.54921,DEL01-MS,Risco Baixo,Alta
terça-feira,BR-319,57.0,Plena Noite,Crescente,Céu Claro,Simples,Reta,-8.740532,-63.93533,DEL01-RO,Risco Médio,Baixa
quinta-feira,BR-230,125.0,Amanhecer,Decrescente,Garoa/Chuvisco,Dupla,Desvio Temporário,-7.2498,-35.6827,DEL02-PB,Risco Médio,Baixa
sábado,BR-40,5.9,Plena Noite,Crescente,Céu Claro,Dupla,Reta,-16.10099,-47.97742,DEL01-DF,Risco Médio,Alta
quarta-feira,BR-262,158.9,Plena Noite,Decrescente,Céu Claro,Simples,Reta,-20.23111,-41.49626,DEL01-ES,Risco Médio,Média
sábado,BR-316,49.0,Plena Noite,Decrescente,Nublado,Simples,Reta,-5.493164,-42.63999,DEL01-PI,Risco Médio,Baixa
domingo,BR-116,268.4,Plena Noite,Decrescente,Céu Claro,Dupla,Curva,-22.56049,-44.15049,DEL07-RJ,Risco Médio,Alta
sexta-feira,BR-251,333.1,Pleno dia,Decrescente,Céu Claro,Simples,Não Informado,-16.25637,-42.43838,DEL12-MG,Risco Médio,Baixa
terça-feira,BR-70,2.0,Pleno dia,Decrescente,Céu Claro,Dupla,Reta,-15.8875,-52.26811,DEL07-MT,Risco Médio,Baixa
sábado,BR-101,134.0,Pleno dia,Crescente,Sol,Múltipla,Interseção de vias,-27.00218,-48.63643,DEL04-SC,Risco Médio,Alta
terça-feira,BR-381,275.0,Pleno dia,Decrescente,Céu Claro,Simples,Ponte,-19.5532,-42.7089,DEL03-MG,Risco Baixo,Alta
segunda-feira,BR-410,28.0,Pleno dia,Crescente,Céu Claro,Simples,Reta,-10.95521,-38.74056,DEL07-BA,Risco Alto,Baixa