dia_semana,br,km,fase_dia,sentido_via,condicao_metereologica,tipo_pista,tracado_via,latitude,longitude,delegacia,classificacao_acidente,postos_policiais_PRF
quinta-feira,BR-435,71.9,Plena Noite,Decrescente,Nublado,Simples,Não Informado,-13.10273,-60.42873,DEL04-RO,Risco Alto,Baixa
domingo,BR-277,3.0,Pleno dia,Decrescente,Sol,Dupla,Reta,-25.5469,-54.5882,DEL05-PR,Risco Médio,Média
terça-feira,BR-343,558.9,Amanhecer,Crescente,Céu Claro,Simples,Curva,-6.646225,-42.87689,DEL03-PI,Risco Médio,Baixa
terça-feira,BR-423,98.7,Pleno dia,Crescente,Céu Claro,Simples,Não Informado,-8.876175,-36.50363,DEL03-PE,Risco Médio,Baixa
sábado,BR-153,336.0,Pleno dia,Crescente,Céu Claro,Simples,Reta,-25.49754,-50.64816,DEL03-PR,Risco Médio,Alta
domingo,BR-277,131.0,Plena Noite,Decrescente,Nevoeiro/Neblina,Dupla,Reta,-25.46745,-49.65565,DEL01-PR,Risco Baixo,Média
quinta-feira,BR-386,42.8,Plena Noite,Crescente,Nevoeiro/Neblina,Simples,Reta,-27.42091,-53.42049,DEL08-RS,Risco Médio,Média
sábado,BR-282,575.5,Pleno dia,Decrescente,Céu Claro,Simples,Reta,-26.8682,-52.9639,DEL07-SC,Risco Alto,Baixa
segunda-feira,BR-116,226.0,Amanhecer,Crescente,Céu Claro,Múltipla,Reta,-23.49103,-46.54878,DEL01-SP,Risco Baixo,Alta
quinta-feira,BR-381,486.0,Pleno dia,Crescente,Céu Claro,Dupla,Reta,-19.95589,-44.10817,DEL01-MG,Risco Baixo,Alta
quarta-feira,BR-116,229.0,Amanhecer,Crescente,Nublado,Simples,Curva,-17.47834,-41.49387,DEL11-MG,Risco Alto,Alta
segunda-feira,BR-376,178.0,Plena Noite,Crescente,Céu Claro,Múltipla,Não Informado,-23.41921,-51.91294,DEL09-PR,Risco Médio,Baixa
domingo,BR-116,25.0,Plena Noite,Decrescente,Céu Claro,Dupla,Interseção de vias,-14.86,-40.7991,DEL08-BA,Risco Médio,Alta
domingo,BR-163,614.0,Plena Noite,Decrescente,Nublado,Simples,Interseção de vias,-19.40629,-54.561,DEL06-MS,Risco Médio,Alta
sábado,BR-101,260.0,Pleno dia,Decrescente,Chuva,Dupla,Reta,-22.71032,-42.6091,DEL02-RJ,Risco Médio,Alta
domingo,BR-365,626.7,Anoitecer,Decrescente,Céu Claro,Dupla,Não Informado,-18.90958,-48.30838,DEL15-MG,Risco Médio,Média
terça-feira,BR-365,622.5,Pleno dia,Decrescente,Céu Claro,Múltipla,Reta,-18.90319,-48.27869,DEL15-MG,Risco Médio,Média
sábado,BR-116,256.5,Pleno dia,Decrescente,Céu Claro,Dupla,Reta,-29.84394,-51.17729,DEL01-RS,Risco Médio,Alta
quarta-feira,BR-435,35.5,Pleno dia,Crescente,Céu Claro,Simples,Curva,-12.84737,-60.37897,DEL04-RO,Risco Médio,Baixa
sábado,BR-116,307.0,Pleno dia,Decrescente,Chuva,Dupla,Reta,-22.45713,-44.41064,DEL07-RJ,Risco Médio,Alta
quinta-feira,BR-428,44.0,Pleno dia,Crescente,Céu Claro,Simples,Reta,-8.583335,-39.58548,DEL05-PE,Risco Médio,Baixa
quarta-feira,BR-376,600.5,Pleno dia,Crescente,Nublado,Dupla,Reta,-25.53403,-49.31809,DEL01-PR,Risco Médio,Baixa
quarta-feira,BR-153,132.0,Pleno dia,Decrescente,Céu Claro,Simples,Reta,-19.4996,-48.8515,DEL15-MG,Risco Médio,Alta
quarta-feira,BR-116,240.0,Pleno dia,Crescente,Céu Claro,Dupla,Reta,-29.70176,-51.14631,DEL01-RS,Risco Médio,Alta
quinta-feira,BR-116,167.0,Pleno dia,Crescente,Sol,Múltipla,Reta,-22.79851,-43.3567,DEL01-RJ,Risco Médio,Alta
terça-feira,BR-262,134.1,Amanhecer,Crescente,Céu Claro,Simples,Curva,-20.24029,-41.32539,DEL01-ES,Risco Baixo,Média
quinta-feira,BR-101,717.0,Amanhecer,Crescente,Céu Claro,Múltipla,Retorno Regulamentado,-16.33936,-39.58108,DEL09-BA,Risco Médio,Alta
terça-feira,BR-116,4.1,Pleno dia,Decrescente,Céu Claro,Múltipla,Reta,-3.786721,-38.51146,DEL01-CE,Risco Médio,Alta
quinta-feira,BR-163,513.1,Plena Noite,Decrescente,Nublado,Dupla,Reta,-14.56568,-56.21973,DEL01-MT,Risco Baixo,Alta
terça-feira,BR-153,45.0,Pleno dia,Decrescente,Garoa/Chuvisco,Simples,Rotatória,-27.64252,-52.24523,DEL08-RS,Risco Médio,Alta
sexta-feira,BR-116,525.0,Plena Noite,Decrescente,Céu Claro,Simples,Curva,-19.67104,-42.11678,DEL06-MG,Risco Médio,Alta
domingo,BR-20,91.0,Pleno dia,Crescente,Céu Claro,Simples,Reta,-5.952197,-40.24101,DEL02-CE,Risco Médio,Baixa
quarta-feira,BR-101,790.2,Plena Noite,Crescente,Céu Claro,Simples,Curva,-16.8834,-39.51508,DEL09-BA,Risco Baixo,Alta
domingo,BR-135,3.8,Pleno dia,Crescente,Céu Claro,Dupla,Reta,-2.606802,-44.24751,DEL01-MA,Risco Médio,Baixa
quinta-feira,BR-381,451.0,Pleno dia,Crescente,Céu Claro,Simples,Reta,-19.83423,-43.85132,DEL01-MG,Risco Médio,Alta
segunda-feira,BR-356,269.0,Plena Noite,Crescente,Nublado,Simples,Reta,-21.12653,-42.33345,DEL07-MG,Risco Baixo,Baixa
terça-feira,BR-324,625.6,Pleno dia,Decrescente,Sol,Dupla,Reta,-12.9537,-38.4714,DEL01-BA,Risco Médio,Baixa
sábado,BR-116,157.3,Plena Noite,Decrescente,Céu Claro,Dupla,Não Informado,-23.25558,-45.94378,DEL02-SP,Risco Baixo,Alta
sexta-feira,BR-153,102.8,Pleno dia,Decrescente,Chuva,Simples,Reta,-19.26124,-48.92349,DEL15-MG,Risco Médio,Alta
quarta-feira,BR-30,703.0,Pleno dia,Crescente,Chuva,Simples,Reta,-14.11757,-38.98596,DEL05-BA,Risco Médio,Baixa
domingo,BR-116,2.0,Pleno dia,Decrescente,Sol,Dupla,Curva,-23.42285,-46.48444,DEL01-SP,Risco Médio,Alta
domingo,BR-369,9.0,Plena Noite,Decrescente,Chuva,Simples,Não Informado,-23.00115,-49.98797,DEL07-PR,Risco Médio,Baixa
sexta-feira,BR-101,155.0,Pleno dia,Crescente,Chuva,Dupla,Reta,-6.3327,-35.17448,DEL01-RN,Risco Médio,Alta
quinta-feira,BR-116,827.0,Pleno dia,Crescente,Garoa/Chuvisco,Simples,Reta,-14.88648,-40.85985,DEL08-BA,Risco Médio,Alta
quinta-feira,BR-116,274.0,Pleno dia,Crescente,Céu Claro,Dupla,Reta,-23.63445,-46.82419,DEL04-SP,Risco Médio,Alta
domingo,BR-421,62.4,Pleno dia,Crescente,Céu Claro,Simples,Reta,-10.34042,-63.36531,DEL03-RO,Risco Médio,Baixa
sábado,BR-101,49.0,Pleno dia,Crescente,Sol,Múltipla,Retorno Regulamentado,-7.893346,-34.90338,DEL01-PE,Risco Médio,Alta
segunda-feira,BR-158,131.0,Pleno dia,Decrescente,Chuva,Simples,Curva,-27.05576,-53.22842,DEL07-SC,Risco Médio,Baixa
sábado,BR-319,57.7,Pleno dia,Decrescente,Céu Claro,Simples,Reta,-8.739714,-63.93214,DEL01-RO,Risco Médio,Baixa
sexta-feira,BR-163,971.0,Plena Noite,Decrescente,Nublado,Simples,Reta,-2.6515,-54.82219,DEL05-PA,Risco Alto,Alta
segunda-feira,BR-163,72.7,Plena Noite,Decrescente,Garoa/Chuvisco,Simples,Reta,-26.71909,-53.51578,DEL07-SC,Risco Médio,Alta
segunda-feira,BR-40,109.0,Plena Noite,Crescente,Nublado,Dupla,Curva,-22.6836,-43.2852,DEL01-RJ,Risco Baixo,Alta
quinta-feira,BR-101,146.0,Pleno dia,Decrescente,Sol,Dupla,Reta,-27.0918,-48.6168,DEL04-SC,Risco Médio,Alta
segunda-feira,BR-101,270.0,Pleno dia,Crescente,Céu Claro,Múltipla,Curva,-20.22662,-40.27075,DEL02-ES,Risco Médio,Alta
domingo,BR-290,689.0,Pleno dia,Crescente,Céu Claro,Simples,Não Informado,-29.86566,-56.87862,DEL13-RS,Risco Médio,Baixa
quarta-feira,BR-70,12.0,Pleno dia,Crescente,Céu Claro,Dupla,Reta,-15.79224,-48.15854,DEL01-DF,Risco Médio,Baixa
segunda-feira,BR-80,1.4,Pleno dia,Decrescente,Céu Claro,Simples,Reta,-15.73351,-48.0841,DEL01-DF,Risco Médio,Baixa
terça-feira,BR-101,252.0,Plena Noite,Decrescente,Céu Claro,Dupla,Reta,-22.68215,-42.53377,DEL02-RJ,Risco Médio,Alta
domingo,BR-163,484.3,Plena Noite,Crescente,Céu Claro,Simples,Não Informado,-20.44725,-54.54099,DEL01-MS,Risco Baixo,Alta
quinta-feira,BR-222,89.0,Pleno dia,Decrescente,Céu Claro,Simples,Reta,-3.675416,-39.3387,DEL04-CE,Risco Baixo,Baixa
quarta-feira,BR-262,363.0,Plena Noite,Crescente,Chuva,Dupla,Reta,-19.98333,-44.23572,DEL01-MG,Risco Médio,Média
sexta-feira,BR-116,168.0,Pleno dia,Decrescente,Céu Claro,Múltipla,Reta,-22.79341,-43.36603,DEL01-RJ,Risco Médio,Alta
terça-feira,BR-101,324.0,Pleno dia,Decrescente,Nublado,Dupla,Reta,-22.87381,-43.12641,DEL02-RJ,Risco Médio,Alta
segunda-feira,BR-10,318.0,Amanhecer,Crescente,Céu Claro,Simples,Reta,-4.9643,-47.5102,DEL04-MA,Risco Médio,Baixa
domingo,BR-290,144.5,Pleno dia,Decrescente,Chuva,Simples,Não Informado,-30.09694,-51.64728,DEL02-RS,Risco Médio,Baixa
sexta-feira,BR-153,138.0,Pleno dia,Decrescente,Sol,Dupla,Retorno Regulamentado,-7.153872,-48.20395,DEL02-TO,Risco Médio,Alta
segunda-feira,BR-354,739.2,Pleno dia,Decrescente,Céu Claro,Simples,Curva,-22.21395,-44.94906,DEL17-MG,Risco Médio,Baixa
terça-feira,BR-230,57.0,Plena Noite,Crescente,Céu Claro,Dupla,Reta,-7.2028,-35.1125,DEL01-PB,Risco Médio,Baixa
quarta-feira,BR-116,438.0,Pleno dia,Decrescente,Sol,Dupla,Reta,-24.42794,-47.78303,DEL05-SP,Risco Médio,Alta
terça-feira,BR-316,11.0,Pleno dia,Crescente,Sol,Dupla,Reta,-1.3652,-48.3484,DEL01-PA,Risco Baixo,Baixa
segunda-feira,BR-101,205.4,Plena Noite,Decrescente,Céu Claro,Dupla,Reta,-27.58864,-48.61699,DEL01-SC,Risco Médio,Alta
quarta-feira,BR-381,484.0,Amanhecer,Crescente,Céu Claro,Dupla,Curva,-19.95532,-44.11722,DEL01-MG,Risco Médio,Alta
terça-feira,BR-116,261.7,Pleno dia,Decrescente,Céu Claro,Múltipla,Reta,-29.88798,-51.17901,DEL01-RS,Risco Médio,Alta
domingo,BR-101,144.0,Anoitecer,Crescente,Ignorado,Dupla,Reta,-19.31114,-34.74426,DEL01-PE,Risco Médio,Alta
sexta-feira,BR-116,298.0,Plena Noite,Decrescente,Céu Claro,Dupla,Reta,-22.45467,-44.38201,DEL07-RJ,Risco Médio,Alta
sábado,BR-364,199.5,Plena Noite,Crescente,Céu Claro,Simples,Reta,-11.65859,-61.1913,DEL02-RO,Risco Médio,Alta
sexta-feira,BR-470,121.6,Pleno dia,Decrescente,Garoa/Chuvisco,Simples,Reta,-27.09948,-49.52821,DEL04-SC,Risco Médio,Baixa
sábado,BR-60,212.0,Pleno dia,Crescente,Chuva,Dupla,Curva,-16.9521,-49.6829,DEL01-GO,Risco Médio,Média
terça-feira,BR-40,619.0,Pleno dia,Decrescente,Céu Claro,Simples,Curva,-20.57859,-43.80818,DEL05-MG,Risco Médio,Alta
domingo,BR-153,313.7,Pleno dia,Crescente,Garoa/Chuvisco,Simples,Reta,-8.654914,-48.49417,DEL02-TO,Risco Médio,Alta
terça-feira,BR-116,78.9,Pleno dia,Crescente,Chuva,Simples,Não Informado,-28.78977,-51.09561,DEL05-RS,Risco Baixo,Alta
sexta-feira,BR-163,480.0,Pleno dia,Decrescente,Céu Claro,Simples,Reta,-20.47835,-54.55936,DEL01-MS,Risco Médio,Alta
domingo,BR-381,502.6,Anoitecer,Decrescente,Nublado,Simples,Reta,-20.02092,-44.22768,DEL01-MG,Risco Médio,Alta
terça-feira,BR-116,435.0,Pleno dia,Decrescente,Céu Claro,Dupla,Curva,-12.29555,-39.031,DEL02-BA,Risco Médio,Alta
segunda-feira,BR-116,113.0,Anoitecer,Crescente,Nublado,Dupla,Reta,-25.56514,-49.24675,DEL01-PR,Risco Médio,Alta
terça-feira,BR-116,766.6,Pleno dia,Crescente,Céu Claro,Simples,Reta,-21.5272,-42.65302,DEL07-MG,Risco Médio,Alta
sábado,BR-60,379.0,Pleno dia,Decrescente,Sol,Dupla,Reta,-17.7564,-50.8793,DEL04-GO,Risco Baixo,Média
sexta-feira,BR-50,81.0,Plena Noite,Crescente,Céu Claro,Simples,Viaduto,-18.97123,-48.21693,DEL15-MG,Risco Baixo,Média
quarta-feira,BR-470,6.0,Pleno dia,Crescente,Céu Claro,Simples,Reta,-26.89937,-48.65459,DEL04-SC,Risco Médio,Baixa
domingo,BR-476,129.3,Amanhecer,Crescente,Céu Claro,Dupla,Reta,-25.4444,-49.23493,DEL01-PR,Risco Médio,Baixa
quarta-feira,BR-373,206.7,Plena Noite,Crescente,Céu Claro,Simples,Reta,-25.12679,-50.45403,DEL03-PR,Risco Médio,Baixa
quinta-feira,BR-343,588.0,Pleno dia,Decrescente,Céu Claro,Dupla,Reta,-6.780452,-43.00265,DEL03-PI,Risco Médio,Baixa
domingo,BR-470,126.5,Plena Noite,Decrescente,Céu Claro,Simples,Reta,-27.129,-49.53828,DEL04-SC,Risco Baixo,Baixa
sexta-feira,BR-376,665.0,Pleno dia,Crescente,Nublado,Simples,Desvio Temporário,-25.85456,-48.95671,DEL01-PR,Risco Médio,Baixa
domingo,BR-50,178.0,Pleno dia,Decrescente,Nublado,Dupla,Não Informado,-19.77897,-47.94094,DEL13-MG,Risco Baixo,Média
quinta-feira,BR-287,247.0,Pleno dia,Crescente,Céu Claro,Simples,Não Informado,-29.69556,-53.85366,DEL09-RS,Risco Médio,Baixa
quinta-feira,BR-232,35.7,Pleno dia,Crescente,Sol,Dupla,Reta,-8.109073,-35.19257,DEL01-PE,Risco Baixo,Baixa
domingo,BR-376,177.5,Plena Noite,Crescente,Céu Claro,Dupla,Interseção de vias,-23.41483,-51.92616,DEL07-PR,Risco Médio,Baixa
segunda-feira,BR-116,216.3,Plena Noite,Decrescente,Nublado,Múltipla,Reta,-23.45057,-46.46258,DEL01-SP,Risco Médio,Alta
segunda-feira,BR-40,749.5,Plena Noite,Crescente,Chuva,Simples,Curva,-21.4837,-43.538,DEL05-MG,Risco Médio,Alta
domingo,BR-70,612.0,Pleno dia,Crescente,Nublado,Simples,Reta,-15.85223,-56.83113,DEL03-MT,Risco Médio,Baixa
sexta-feira,BR-463,27.0,Pleno dia,Crescente,Céu Claro,Simples,Reta,-22.29805,-55.04053,DEL04-MS,Risco Médio,Baixa
sexta-feira,BR-376,543.0,Plena Noite,Crescente,Nublado,Dupla,Reta,-25.43187,-49.75392,DEL03-PR,Risco Médio,Baixa
quarta-feira,BR-369,127.7,Pleno dia,Crescente,Céu Claro,Dupla,Não Informado,-23.27118,-50.96617,DEL07-PR,Risco Médio,Baixa
quinta-feira,BR-316,1.0,Pleno dia,Crescente,Céu Claro,Simples,Interseção de vias,-5.128487,-42.80684,DEL01-PI,Risco Médio,Baixa
sexta-feira,BR-116,189.0,Pleno dia,Decrescente,Céu Claro,Dupla,Reta,-22.73766,-43.49182,DEL01-RJ,Risco Médio,Alta
quinta-feira,BR-364,1042.0,Anoitecer,Crescente,Céu Claro,Dupla,Reta,-9.7707,-66.3447,DEL01-RO,Risco Médio,Alta
sexta-feira,BR-280,31.2,Pleno dia,Decrescente,Sol,Simples,Reta,-26.4165,-48.77181,DEL03-SC,Risco Baixo,Baixa
terça-feira,BR-158,224.0,Anoitecer,Crescente,Céu Claro,Simples,Rotatória,-24.02907,-52.31543,DEL09-PR,Risco Médio,Baixa
sexta-feira,BR-470,137.2,Pleno dia,Crescente,Chuva,Simples,Reta,-27.18274,-49.60123,DEL04-SC,Risco Médio,Baixa
terça-feira,BR-381,454.9,Plena Noite,Decrescente,Céu Claro,Simples,Reta,-19.8391,-43.87884,DEL01-MG,Risco Médio,Alta
quarta-feira,BR-267,480.3,Pleno dia,Decrescente,Garoa/Chuvisco,Simples,Reta,-21.47178,-56.13379,DEL05-MS,Risco Médio,Baixa
quarta-feira,BR-470,72.5,Pleno dia,Decrescente,Sol,Simples,Reta,-26.90198,-49.26875,DEL04-SC,Risco Médio,Baixa
quarta-feira,BR-230,433.0,Pleno dia,Crescente,Céu Claro,Simples,Reta,-6.7459,-37.9677,DEL03-PB,Risco Médio,Baixa
quarta-feira,BR-116,208.9,Pleno dia,Crescente,Céu Claro,Simples,Reta,-27.49114,-50.37504,DEL05-SC,Risco Médio,Alta
sábado,BR-163,648.0,Pleno dia,Crescente,Garoa/Chuvisco,Simples,Reta,-19.17765,-54.75383,DEL06-MS,Risco Baixo,Alta
domingo,BR-381,510.0,Plena Noite,Crescente,Céu Claro,Múltipla,Reta,-20.05296,-44.28272,DEL01-MG,Risco Baixo,Alta
sexta-feira,BR-116,249.0,Plena Noite,Decrescente,Chuva,Múltipla,Reta,-29.78318,-51.16099,DEL01-RS,Risco Baixo,Alta
domingo,BR-282,570.8,Pleno dia,Decrescente,Céu Claro,Simples,Não Informado,-26.89006,-52.93306,DEL07-SC,Risco Médio,Baixa
sábado,BR-101,49.8,Pleno dia,Decrescente,Sol,Dupla,Viaduto,-26.38616,-48.84449,DEL03-SC,Risco Médio,Alta
sexta-feira,BR-101,43.5,Pleno dia,Decrescente,Sol,Dupla,Não Informado,-10.5571,-36.97062,DEL02-SE,Risco Médio,Alta
sábado,BR-222,80.0,Plena Noite,Crescente,Céu Claro,Simples,Reta,-4.638087,-47.90423,DEL02-PA,Risco Médio,Baixa
sexta-feira,BR-163,831.0,Pleno dia,Decrescente,Nublado,Simples,Reta,-11.89469,-55.50386,DEL06-MT,Risco Médio,Alta
domingo,BR-376,550.0,Pleno dia,Decrescente,Nublado,Dupla,Reta,-25.42786,-49.75844,DEL01-PR,Risco Médio,Baixa
sexta-feira,BR-324,600.0,Pleno dia,Crescente,Sol,Dupla,Reta,-12.79549,-38.40889,DEL01-BA,Risco Baixo,Baixa
sábado,BR-408,101.4,Pleno dia,Crescente,Nublado,Dupla,Reta,-8.051598,-35.00471,DEL01-PE,Risco Médio,Baixa
sexta-feira,BR-101,71.0,Pleno dia,Crescente,Sol,Múltipla,Desvio Temporário,-26.51865,-48.71875,DEL03-SC,Risco Baixo,Alta
segunda-feira,BR-101,317.0,Pleno dia,Crescente,Céu Claro,Dupla,Reta,-22.79045,-43.02434,DEL02-RJ,Risco Médio,Alta
segunda-feira,BR-153,107.0,Pleno dia,Crescente,Céu Claro,Simples,Reta,-13.71016,-49.02099,DEL07-GO,Risco Médio,Alta
segunda-feira,BR-376,180.0,Anoitecer,Crescente,Chuva,Dupla,Reta,-23.42725,-51.89512,DEL09-PR,Risco Médio,Baixa
quarta-feira,BR-116,137.5,Anoitecer,Decrescente,Céu Claro,Simples,Não Informado,-26.94636,-50.42928,DEL06-SC,Risco Baixo,Alta
quarta-feira,BR-116,512.7,Pleno dia,Decrescente,Céu Claro,Simples,Não Informado,-19.65617,-42.11369,DEL06-MG,Risco Médio,Alta
quinta-feira,BR-381,69.0,Pleno dia,Decrescente,Céu Claro,Dupla,Curva,-23.34825,-46.56145,DEL03-SP,Risco Médio,Alta
sábado,BR-364,407.0,Pleno dia,Crescente,Céu Claro,Simples,Reta,-10.54845,-62.38737,DEL03-RO,Risco Alto,Alta
segunda-feira,BR-316,48.0,Plena Noite,Crescente,Chuva,Dupla,Reta,-1.291553,-48.05614,DEL01-PA,Risco Médio,Baixa
sábado,BR-40,3.8,Pleno dia,Decrescente,Céu Claro,Dupla,Reta,-16.08231,-47.98648,DEL01-DF,Risco Médio,Alta
sábado,BR-365,5.4,Pleno dia,Decrescente,Céu Claro,Simples,Não Informado,-16.80696,-43.90497,DEL12-MG,Risco Médio,Média
quinta-feira,BR-242,658.0,Pleno dia,Decrescente,Céu Claro,Múltipla,Desvio Temporário,-12.22544,-43.8307,DEL10-BA,Risco Médio,Baixa
terça-feira,BR-101,117.8,Pleno dia,Decrescente,Nublado,Dupla,Reta,-26.89703,-48.71735,DEL04-SC,Risco Médio,Alta
domingo,BR-232,199.0,Anoitecer,Decrescente,Céu Claro,Simples,Reta,-8.36977,-36.59583,DEL02-PE,Risco Médio,Baixa
quinta-feira,BR-101,259.3,Pleno dia,Crescente,Sol,Dupla,Não Informado,-20.1384,-40.29236,DEL02-ES,Risco Médio,Alta
domingo,BR-40,687.6,Pleno dia,Decrescente,Sol,Simples,Reta,-21.10189,-43.7635,DEL05-MG,Risco Médio,Alta
quinta-feira,BR-262,363.9,Pleno dia,Decrescente,Céu Claro,Dupla,Curva,-19.98333,-44.23572,DEL01-MG,Risco Médio,Média
quarta-feira,BR-60,6.0,Pleno dia,Decrescente,Céu Claro,Dupla,Reta,-16.09814,-48.28519,DEL01-DF,Risco Baixo,Média
domingo,BR-153,350.0,Amanhecer,Crescente,Céu Claro,Simples,Curva,-25.60905,-50.69976,DEL03-PR,Risco Médio,Alta
quarta-feira,BR-381,81.8,Pleno dia,Crescente,Garoa/Chuvisco,Dupla,Reta,-23.41704,-46.58022,DEL03-SP,Risco Médio,Alta
sábado,BR-222,4.5,Amanhecer,Decrescente,Nublado,Múltipla,Reta,-3.741608,-38.604,DEL01-CE,Risco Baixo,Baixa
segunda-feira,BR-290,95.0,Pleno dia,Crescente,Céu Claro,Simples,Reta,-29.98283,-51.20157,DEL01-RS,Risco Médio,Baixa
domingo,BR-101,127.0,Pleno dia,Decrescente,Céu Claro,Simples,Curva,-12.20069,-38.6083,DEL01-BA,Risco Alto,Alta
sexta-feira,BR-476,136.0,Pleno dia,Decrescente,Céu Claro,Dupla,Interseção de vias,-25.49088,-49.31763,DEL01-PR,Risco Baixo,Baixa
terça-feira,BR-280,97.0,Pleno dia,Crescente,Céu Claro,Simples,Não Informado,-26.37833,-49.31732,DEL06-SC,Risco Médio,Baixa
segunda-feira,BR-285,76.5,Pleno dia,Crescente,Céu Claro,Simples,Curva,-28.64224,-50.56842,DEL05-RS,Risco Alto,Baixa
sábado,BR-101,1.3,Pleno dia,Crescente,Céu Claro,Múltipla,Reta,-25.99127,-48.88182,DEL03-SC,Risco Médio,Alta
sexta-feira,BR-50,179.6,Pleno dia,Decrescente,Nublado,Dupla,Curva,-19.77827,-47.93141,DEL13-MG,Risco Médio,Média
terça-feira,BR-476,169.1,Plena Noite,Decrescente,Céu Claro,Simples,Interseção de vias,-25.66815,-49.50419,DEL01-PR,Risco Baixo,Baixa
quinta-feira,BR-116,455.7,Pleno dia,Decrescente,Céu Claro,Simples,Curva,-31.24369,-51.99542,DEL02-RS,Risco Alto,Alta
sábado,BR-40,502.1,Plena Noite,Crescente,Nublado,Dupla,Reta,-19.71882,-44.15707,DEL02-MG,Risco Médio,Alta
domingo,BR-364,299.3,Pleno dia,Decrescente,Céu Claro,Múltipla,Curva,-15.84166,-55.15467,DEL02-MT,Risco Baixo,Alta
sábado,BR-153,2.0,Pleno dia,Crescente,Céu Claro,Dupla,Reta,-18.4338,-49.1912,DEL15-MG,Risco Baixo,Alta
sábado,BR-101,142.3,Anoitecer,Crescente,Céu Claro,Dupla,Reta,-19.35879,-40.06436,DEL04-ES,Risco Médio,Alta
sábado,BR-282,4.0,Pleno dia,Decrescente,Chuva,Dupla,Reta,-27.59265,-48.60403,DEL01-SC,Risco Médio,Baixa
domingo,BR-20,12.0,Plena Noite,Decrescente,Céu Claro,Dupla,Reta,-15.64281,-47.75779,DEL02-DF,Risco Médio,Baixa
quarta-feira,BR-376,154.0,Pleno dia,Crescente,Ignorado,Simples,Não Informado,-23.36495,-52.08183,DEL07-PR,Risco Médio,Baixa
sábado,BR-153,653.6,Plena Noite,Decrescente,Céu Claro,Simples,Reta,-11.57885,-49.03305,DEL01-TO,Risco Alto,Alta
sábado,BR-470,219.0,Pleno dia,Crescente,Céu Claro,Simples,Reta,-29.17909,-51.51856,DEL06-RS,Risco Médio,Baixa
sexta-feira,BR-476,132.0,Plena Noite,Crescente,Céu Claro,Múltipla,Reta,-25.4665,-49.25272,DEL01-PR,Risco Médio,Baixa
terça-feira,BR-429,52.4,Pleno dia,Crescente,Céu Claro,Simples,Reta,-11.2008,-62.00426,DEL02-RO,Risco Baixo,Baixa
terça-feira,BR-262,3.8,Pleno dia,Crescente,Céu Claro,Múltipla,Não Informado,-20.33374,-40.36911,DEL01-ES,Risco Médio,Média
sábado,BR-101,160.5,Plena Noite,Decrescente,Céu Claro,Simples,Desvio Temporário,-12.35551,-38.78248,DEL01-BA,Risco Médio,Alta
quinta-feira,BR-356,77.0,Plena Noite,Decrescente,Nublado,Simples,Reta,-21.43419,-41.68539,DEL08-RJ,Risco Médio,Baixa
sexta-feira,BR-116,358.0,Pleno dia,Crescente,Céu Claro,Simples,Reta,-18.44161,-41.83485,DEL11-MG,Risco Médio,Alta
segunda-feira,BR-174,15.0,Plena Noite,Crescente,Céu Claro,Simples,Interseção de vias,-12.73098,-60.12947,DEL04-RO,Risco Médio,Baixa
segunda-feira,BR-50,56.8,Amanhecer,Decrescente,Céu Claro,Dupla,Não Informado,-18.78116,-48.23826,DEL15-MG,Risco Baixo,Média
segunda-feira,BR-153,497.4,Plena Noite,Decrescente,Céu Claro,Dupla,Não Informado,-16.6854,-49.2338,DEL01-GO,Risco Alto,Alta
domingo,BR-324,513.9,Pleno dia,Decrescente,Céu Claro,Simples,Reta,-12.23219,-38.95267,DEL02-BA,Risco Médio,Baixa
segunda-feira,BR-290,75.0,Pleno dia,Decrescente,Céu Claro,Simples,Não Informado,-29.95577,-51.00393,DEL01-RS,Risco Médio,Baixa
domingo,BR-463,106.0,Plena Noite,Crescente,Céu Claro,Simples,Reta,-22.59656,-55.66537,DEL04-MS,Risco Médio,Baixa
terça-feira,BR-116,42.0,Pleno dia,Decrescente,Céu Claro,Dupla,Reta,-4.115343,-38.48913,DEL01-CE,Risco Médio,Alta
segunda-feira,BR-282,46.1,Amanhecer,Decrescente,Garoa/Chuvisco,Simples,Curva,-27.72142,-48.92776,DEL01-SC,Risco Médio,Baixa
domingo,BR-262,196.0,Pleno dia,Crescente,Céu Claro,Simples,Reta,-19.86091,-43.11725,DEL03-MG,Risco Médio,Média
segunda-feira,BR-290,84.0,Pleno dia,Crescente,Céu Claro,Dupla,Reta,-29.96376,-51.09777,DEL01-RS,Risco Médio,Baixa
quarta-feira,BR-316,211.1,Plena Noite,Crescente,Céu Claro,Simples,Reta,-6.40001,-41.75575,DEL04-PI,Risco Médio,Baixa
sexta-feira,BR-60,72.0,Pleno dia,Decrescente,Céu Claro,Dupla,Não Informado,-16.26312,-48.7638,DEL02-GO,Risco Baixo,Média
terça-feira,BR-365,690.0,Pleno dia,Crescente,Nublado,Dupla,Interseção de vias,-18.87624,-48.87959,DEL15-MG,Risco Médio,Média
domingo,BR-20,22.8,Pleno dia,Crescente,Nublado,Simples,Reta,-15.54566,-47.1605,DEL02-DF,Risco Médio,Baixa
terça-feira,BR-101,260.4,Pleno dia,Decrescente,Céu Claro,Dupla,Não Informado,-28.02784,-48.70402,DEL02-SC,Risco Baixo,Alta