dia_semana,br,km,fase_dia,sentido_via,condicao_metereologica,tipo_pista,tracado_via,latitude,longitude,delegacia,classificacao_acidente,postos_policiais_PRF
sábado,BR-364,126.0,Pleno dia,Decrescente,Chuva,Simples,Curva,-10.01502,-67.81162,DEL01-AC,Risco Baixo,Alta
quarta-feira,BR-101,326.0,Pleno dia,Crescente,Garoa/Chuvisco,Múltipla,Reta,-22.87159,-43.15172,DEL02-RJ,Risco Médio,Alta
terça-feira,BR-232,509.0,Plena Noite,Decrescente,Céu Claro,Simples,Reta,-8.064492,-39.12984,DEL05-PE,Risco Médio,Baixa
sexta-feira,BR-364,519.9,Plena Noite,Crescente,Nublado,Simples,Reta,-15.02215,-56.51455,DEL01-MT,Risco Baixo,Alta
quarta-feira,BR-50,198.0,Plena Noite,Decrescente,Nublado,Dupla,Reta,-19.9231,-47.8242,DEL13-MG,Risco Médio,Média
sexta-feira,BR-343,291.0,Amanhecer,Crescente,Céu Claro,Simples,Reta,-4.952586,-42.35341,DEL01-PI,Risco Médio,Baixa
domingo,BR-470,75.9,Pleno dia,Crescente,Nublado,Simples,Reta,-26.92483,-49.284,DEL04-SC,Risco Médio,Baixa
sábado,BR-381,480.6,Pleno dia,Decrescente,Sol,Dupla,Curva,-19.9583,-44.05627,DEL01-MG,Risco Médio,Alta
sábado,BR-280,38.9,Pleno dia,Decrescente,Chuva,Simples,Reta,-26.44875,-48.83672,DEL03-SC,Risco Médio,Baixa
domingo,BR-282,218.0,Pleno dia,Decrescente,Céu Claro,Simples,Reta,-27.79724,-50.31361,DEL05-SC,Risco Baixo,Baixa
domingo,BR-262,4.6,Plena Noite,Crescente,Chuva,Dupla,Interseção de vias,-20.33785,-40.38471,DEL01-ES,Risco Médio,Média
sexta-feira,BR-364,139.5,Plena Noite,Crescente,Chuva,Dupla,Reta,-9.953593,-67.8612,DEL01-AC,Risco Médio,Alta
sábado,BR-277,398.5,Pleno dia,Crescente,Nublado,Simples,Curva,-25.45905,-51.95885,DEL03-PR,Risco Médio,Média
segunda-feira,BR-116,153.7,Plena Noite,Crescente,Céu Claro,Dupla,Não Informado,-29.18788,-51.18198,DEL05-RS,Risco Médio,Alta
segunda-feira,BR-116,270.5,Pleno dia,Crescente,Céu Claro,Dupla,Reta,-23.618,-46.79678,DEL04-SP,Risco Médio,Alta
sexta-feira,BR-40,41.5,Pleno dia,Decrescente,Chuva,Dupla,Reta,-22.24771,-43.10582,DEL06-RJ,Risco Médio,Alta
sábado,BR-277,594.9,Pleno dia,Decrescente,Céu Claro,Simples,Curva,-24.9804,-53.50007,DEL04-PR,Risco Alto,Média
quinta-feira,BR-153,53.5,Plena Noite,Decrescente,Garoa/Chuvisco,Simples,Reta,-27.67588,-52.2905,DEL08-RS,Risco Médio,Alta
quinta-feira,BR-163,145.0,Pleno dia,Decrescente,Ignorado,Simples,Reta,-8.431047,-55.11139,DEL05-PA,Risco Médio,Alta
quinta-feira,BR-153,439.4,Plena Noite,Decrescente,Céu Claro,Dupla,Não Informado,-16.32266,-48.92191,DEL02-GO,Risco Médio,Alta
terça-feira,BR-116,99.4,Pleno dia,Crescente,Nublado,Dupla,Não Informado,-22.98284,-45.46571,DEL08-SP,Risco Médio,Alta
terça-feira,BR-262,350.3,Amanhecer,Decrescente,Céu Claro,Dupla,Reta,-20.56751,-54.63128,DEL01-MS,Risco Médio,Média
segunda-feira,BR-116,16.0,Pleno dia,Decrescente,Céu Claro,Simples,Reta,-14.851,-40.8485,DEL08-BA,Risco Médio,Alta
sexta-feira,BR-262,185.0,Pleno dia,Decrescente,Céu Claro,Simples,Interseção de vias,-19.90043,-43.0359,DEL03-MG,Risco Médio,Média
domingo,BR-376,402.0,Pleno dia,Crescente,Céu Claro,Simples,Reta,-24.56607,-50.68689,DEL03-PR,Risco Médio,Baixa
quarta-feira,BR-116,220.0,Plena Noite,Decrescente,Chuva,Múltipla,Reta,-23.46473,-46.49794,DEL01-SP,Risco Médio,Alta
segunda-feira,BR-116,183.0,Pleno dia,Crescente,Céu Claro,Dupla,Reta,-22.7516,-43.4385,DEL01-RJ,Risco Baixo,Alta
sexta-feira,BR-267,212.6,Plena Noite,Crescente,Nublado,Simples,Reta,-21.94775,-44.18531,DEL17-MG,Risco Alto,Baixa
sábado,BR-222,208.0,Plena Noite,Crescente,Céu Claro,Simples,Reta,-3.798008,-40.26097,DEL04-CE,Risco Médio,Baixa
quarta-feira,BR-101,68.7,Pleno dia,Crescente,Nublado,Simples,Reta,-8.055045,-34.94655,DEL01-PE,Risco Baixo,Alta
sexta-feira,BR-381,418.0,Plena Noite,Crescente,Nublado,Simples,Curva,-19.7467,-43.6214,DEL01-MG,Risco Baixo,Alta
sábado,BR-277,652.0,Pleno dia,Crescente,Céu Claro,Simples,Reta,-25.20468,-53.94915,DEL05-PR,Risco Médio,Média
terça-feira,BR-40,15.5,Pleno dia,Crescente,Céu Claro,Dupla,Reta,-16.15875,-47.93314,DEL01-DF,Risco Baixo,Alta
sexta-feira,BR-476,198.3,Plena Noite,Decrescente,Nublado,Múltipla,Reta,-25.76561,-49.73917,DEL01-PR,Risco Baixo,Baixa
domingo,BR-424,96.1,Pleno dia,Crescente,Céu Claro,Simples,Não Informado,-8.930221,-36.49644,DEL03-PE,Risco Alto,Baixa
terça-feira,BR-116,167.0,Plena Noite,Decrescente,Céu Claro,Simples,Reta,-4.966498,-38.00628,DEL03-CE,Risco Baixo,Alta
quarta-feira,BR-316,11.6,Pleno dia,Decrescente,Céu Claro,Dupla,Reta,-1.365212,-48.34313,DEL01-PA,Risco Médio,Baixa
sábado,BR-116,302.0,Pleno dia,Decrescente,Céu Claro,Dupla,Curva,-22.45012,-44.33019,DEL07-RJ,Risco Médio,Alta
domingo,BR-316,47.0,Pleno dia,Crescente,Céu Claro,Simples,Reta,-5.4782,-42.638,DEL01-PI,Risco Baixo,Baixa
sexta-feira,BR-101,86.1,Plena Noite,Crescente,Céu Claro,Simples,Reta,-8.200598,-34.95642,DEL01-PE,Risco Médio,Alta
quarta-feira,BR-70,4.4,Pleno dia,Crescente,Sol,Dupla,Reta,-15.87907,-52.28563,DEL07-MT,Risco Médio,Baixa
quinta-feira,BR-277,130.0,Amanhecer,Crescente,Nublado,Simples,Curva,-25.45734,-49.64013,DEL01-PR,Risco Médio,Média
terça-feira,BR-402,19.4,Pleno dia,Crescente,Céu Claro,Simples,Reta,-2.930413,-44.17613,DEL01-MA,Risco Médio,Baixa
terça-feira,BR-40,105.0,Pleno dia,Crescente,Céu Claro,Simples,Reta,-22.6476,-43.2836,DEL01-RJ,Risco Médio,Alta
sábado,BR-376,4.1,Pleno dia,Decrescente,Céu Claro,Dupla,Reta,-23.555,-51.4447,DEL07-PR,Risco Baixo,Baixa
domingo,BR-226,15.0,Pleno dia,Decrescente,Céu Claro,Simples,Reta,-5.856838,-35.33586,DEL01-RN,Risco Médio,Baixa
sexta-feira,BR-101,135.5,Pleno dia,Crescente,Céu Claro,Simples,Não Informado,-19.27504,-40.08788,DEL04-ES,Risco Médio,Alta
terça-feira,BR-104,22.6,Pleno dia,Crescente,Céu Claro,Simples,Reta,-7.96884,-36.11192,DEL02-PE,Risco Baixo,Baixa
quarta-feira,BR-381,367.0,Anoitecer,Crescente,Nublado,Simples,Curva,-19.84959,-43.27455,DEL03-MG,Risco Médio,Alta
quarta-feira,BR-116,514.3,Pleno dia,Decrescente,Sol,Dupla,Curva,-24.86443,-48.21266,DEL05-SP,Risco Baixo,Alta
sexta-feira,BR-101,283.0,Pleno dia,Decrescente,Nublado,Dupla,Viaduto,-22.73591,-42.80593,DEL02-RJ,Risco Médio,Alta
segunda-feira,BR-101,213.0,Plena Noite,Decrescente,Céu Claro,Múltipla,Reta,-27.63697,-48.66514,DEL01-SC,Risco Médio,Alta
quarta-feira,BR-452,77.0,Plena Noite,Crescente,Céu Claro,Simples,Reta,-18.0509,-50.2391,DEL04-GO,Risco Médio,Baixa
segunda-feira,BR-381,496.0,Pleno dia,Decrescente,Céu Claro,Múltipla,Reta,-19.99676,-44.20959,DEL01-MG,Risco Médio,Alta
sábado,BR-101,139.1,Plena Noite,Decrescente,Ignorado,Dupla,Reta,-27.03305,-48.6049,DEL04-SC,Risco Médio,Alta
sexta-feira,BR-364,739.0,Pleno dia,Crescente,Céu Claro,Simples,Desvio Temporário,-8.9691,-63.99449,DEL01-RO,Risco Alto,Alta
terça-feira,BR-101,913.9,Plena Noite,Crescente,Nublado,Simples,Reta,-18.03101,-39.86412,DEL09-BA,Risco Médio,Alta
quarta-feira,BR-376,470.1,Pleno dia,Decrescente,Garoa/Chuvisco,Dupla,Curva,-25.04094,-50.27017,DEL03-PR,Risco Médio,Baixa
terça-feira,BR-364,340.0,Plena Noite,Crescente,Céu Claro,Múltipla,Interseção de vias,-10.8988,-61.93046,DEL02-RO,Risco Médio,Alta
domingo,BR-101,299.0,Pleno dia,Decrescente,Nublado,Dupla,Reta,-22.77433,-42.93823,DEL02-RJ,Risco Médio,Alta
segunda-feira,BR-70,518.0,Pleno dia,Decrescente,Céu Claro,Simples,Curva,-15.6478,-56.1332,DEL01-MT,Risco Médio,Baixa
domingo,BR-116,76.1,Plena Noite,Decrescente,Céu Claro,Simples,Interseção de vias,-16.25247,-41.47027,DEL11-MG,Risco Alto,Alta
quinta-feira,BR-235,54.8,Plena Noite,Decrescente,Chuva,Simples,Reta,-10.67605,-37.44328,DEL01-SE,Risco Médio,Baixa
terça-feira,BR-101,164.0,Pleno dia,Crescente,Céu Claro,Dupla,Reta,-8.5554,-35.4606,DEL01-PE,Risco Baixo,Alta
domingo,BR-422,0.0,Plena Noite,Crescente,Céu Claro,Simples,Reta,-4.248449,-49.93954,DEL03-PA,Risco Médio,Baixa
sexta-feira,BR-20,7.1,Plena Noite,Crescente,Céu Claro,Dupla,Reta,-15.66221,-47.79987,DEL02-DF,Risco Médio,Baixa
sábado,BR-153,670.9,Plena Noite,Crescente,Céu Claro,Dupla,Reta,-11.70998,-49.07472,DEL01-TO,Risco Baixo,Alta
terça-feira,BR-392,52.3,Plena Noite,Crescente,Nublado,Múltipla,Reta,-31.85164,-52.32615,DEL07-RS,Risco Médio,Média
terça-feira,BR-153,172.4,Pleno dia,Crescente,Sol,Dupla,Interseção de vias,-19.73059,-48.97327,DEL13-MG,Risco Baixo,Alta
segunda-feira,BR-50,279.9,Plena Noite,Decrescente,Céu Claro,Simples,Reta,-18.1739,-47.9289,DEL06-GO,Risco Médio,Média
sábado,BR-116,78.0,Plena Noite,Decrescente,Chuva,Dupla,Reta,-25.52663,-49.14087,DEL01-PR,Risco Médio,Alta
segunda-feira,BR-381,304.8,Pleno dia,Crescente,Chuva,Simples,Curva,-19.7609,-43.0306,DEL03-MG,Risco Médio,Alta
sábado,BR-277,83.9,Plena Noite,Crescente,Nublado,Dupla,Não Informado,-25.44365,-49.23382,DEL01-PR,Risco Médio,Média
quinta-feira,BR-101,111.3,Pleno dia,Decrescente,Céu Claro,Dupla,Reta,-26.846,-48.7213,DEL04-SC,Risco Médio,Alta
quinta-feira,BR-480,124.4,Plena Noite,Decrescente,Céu Claro,Dupla,Reta,-27.00249,-52.6446,DEL07-SC,Risco Médio,Baixa
sábado,BR-290,433.4,Plena Noite,Crescente,Nublado,Simples,Reta,-30.28124,-54.45615,DEL11-RS,Risco Baixo,Baixa
segunda-feira,BR-365,684.0,Pleno dia,Crescente,Céu Claro,Dupla,Reta,-18.87548,-48.87469,DEL15-MG,Risco Médio,Média
domingo,BR-40,712.4,Pleno dia,Crescente,Céu Claro,Dupla,Curva,-21.24956,-43.66908,DEL05-MG,Risco Médio,Alta
domingo,BR-50,136.2,Plena Noite,Decrescente,Céu Claro,Dupla,Desvio Temporário,-19.44189,-48.06413,DEL13-MG,Risco Alto,Média
quarta-feira,BR-40,460.4,Pleno dia,Crescente,Chuva,Dupla,Não Informado,-19.39771,-44.33529,DEL02-MG,Risco Médio,Alta
sexta-feira,BR-60,327.7,Pleno dia,Crescente,Sol,Dupla,Reta,-17.53885,-50.50505,DEL04-GO,Risco Médio,Média
terça-feira,BR-116,276.0,Plena Noite,Decrescente,Céu Claro,Dupla,Reta,-23.6234,-46.8146,DEL04-SP,Risco Médio,Alta
quarta-feira,BR-476,248.7,Pleno dia,Decrescente,Chuva,Múltipla,Curva,-25.86544,-50.14804,DEL02-PR,Risco Baixo,Baixa
sábado,BR-174,925.0,Pleno dia,Decrescente,Céu Claro,Simples,Reta,-2.616583,-60.03949,DEL01-AM,Risco Baixo,Baixa
domingo,BR-101,186.2,Plena Noite,Crescente,Garoa/Chuvisco,Simples,Não Informado,-19.66488,-40.24929,DEL04-ES,Risco Médio,Alta
sexta-feira,BR-364,16.0,Plena Noite,Crescente,Céu Claro,Dupla,Reta,-12.73464,-60.15532,DEL04-RO,Risco Baixo,Alta
sábado,BR-116,205.0,Anoitecer,Decrescente,Garoa/Chuvisco,Dupla,Reta,-23.41475,-46.36601,DEL01-SP,Risco Médio,Alta
domingo,BR-386,324.5,Plena Noite,Decrescente,Nublado,Simples,Reta,-29.32611,-52.1019,DEL04-RS,Risco Médio,Média
sábado,BR-101,0.0,Plena Noite,Decrescente,Chuva,Dupla,Ponte,-29.30763,-49.77276,DEL03-RS,Risco Médio,Alta
sexta-feira,BR-476,138.7,Pleno dia,Decrescente,Céu Claro,Múltipla,Reta,-25.50556,-49.28342,DEL01-PR,Risco Médio,Baixa
quarta-feira,BR-235,2.8,Plena Noite,Decrescente,Céu Claro,Múltipla,Não Informado,-10.9062,-37.1034,DEL01-SE,Risco Médio,Baixa
domingo,BR-116,139.4,Pleno dia,Decrescente,Céu Claro,Dupla,Curva,-23.16204,-45.80477,DEL06-SP,Risco Médio,Alta
segunda-feira,BR-476,125.0,Plena Noite,Decrescente,Chuva,Dupla,Não Informado,-25.4079,-49.2195,DEL01-PR,Risco Baixo,Baixa
sexta-feira,BR-386,289.0,Amanhecer,Crescente,Nevoeiro/Neblina,Simples,Reta,-29.08366,-52.2606,DEL04-RS,Risco Médio,Média
sábado,BR-50,85.0,Amanhecer,Crescente,Céu Claro,Dupla,Reta,-19.00488,-48.2091,DEL15-MG,Risco Médio,Média
domingo,BR-232,409.2,Plena Noite,Crescente,Céu Claro,Simples,Reta,-7.98227,-38.29627,DEL04-PE,Risco Médio,Baixa
sexta-feira,BR-364,226.7,Plena Noite,Crescente,Garoa/Chuvisco,Simples,Desvio Temporário,-11.49901,-61.37186,DEL02-RO,Risco Médio,Alta
sexta-feira,BR-116,197.0,Pleno dia,Decrescente,Céu Claro,Múltipla,Reta,-22.72981,-43.56512,DEL01-RJ,Risco Médio,Alta
domingo,BR-101,711.5,Plena Noite,Decrescente,Nublado,Simples,Não Informado,-16.32443,-39.58457,DEL09-BA,Risco Médio,Alta
sábado,BR-259,96.9,Pleno dia,Crescente,Céu Claro,Simples,Reta,-20.12152,-40.30779,DEL02-ES,Risco Médio,Baixa
terça-feira,BR-101,183.0,Plena Noite,Crescente,Garoa/Chuvisco,Simples,Curva,-19.64708,-40.23287,DEL04-ES,Risco Baixo,Alta
domingo,BR-101,54.0,Plena Noite,Crescente,Chuva,Múltipla,Reta,-7.939611,-34.90357,DEL01-PE,Risco Médio,Alta
domingo,BR-470,192.0,Pleno dia,Decrescente,Garoa/Chuvisco,Simples,Curva,-27.25356,-50.03946,DEL04-SC,Risco Médio,Baixa
segunda-feira,BR-116,245.9,Amanhecer,Crescente,Nublado,Dupla,Reta,-29.75241,-51.15163,DEL01-RS,Risco Médio,Alta
segunda-feira,BR-116,5.2,Plena Noite,Crescente,Garoa/Chuvisco,Dupla,Reta,-22.532,-44.7543,DEL08-SP,Risco Baixo,Alta
sexta-feira,BR-282,16.0,Pleno dia,Crescente,Céu Claro,Simples,Reta,-27.6594,-48.6826,DEL01-SC,Risco Médio,Baixa
terça-feira,BR-20,13.3,Pleno dia,Crescente,Chuva,Simples,Curva,-15.56932,-47.24058,DEL02-DF,Risco Alto,Baixa
terça-feira,BR-153,42.4,Pleno dia,Crescente,Céu Claro,Simples,Interseção de vias,-23.29512,-50.06578,DEL07-PR,Risco Médio,Alta
quinta-feira,BR-381,732.6,Plena Noite,Crescente,Chuva,Dupla,Reta,-21.52478,-45.226,DEL04-MG,Risco Baixo,Alta
segunda-feira,BR-287,346.1,Amanhecer,Decrescente,Céu Claro,Simples,Não Informado,-29.54804,-54.68015,DEL12-RS,Risco Baixo,Baixa
terça-feira,BR-116,7.7,Plena Noite,Crescente,Chuva,Dupla,Não Informado,-25.08235,-48.61509,DEL01-PR,Risco Baixo,Alta
quarta-feira,BR-364,344.0,Plena Noite,Crescente,Céu Claro,Dupla,Reta,-10.87376,-61.95257,DEL02-RO,Risco Baixo,Alta
domingo,BR-10,182.6,Pleno dia,Decrescente,Sol,Simples,Reta,-2.841039,-47.44322,DEL02-PA,Risco Médio,Baixa
domingo,BR-101,152.0,Pleno dia,Crescente,Céu Claro,Simples,Curva,-22.23432,-41.79139,DEL02-RJ,Risco Alto,Alta
quarta-feira,BR-282,264.4,Plena Noite,Crescente,Chuva,Simples,Reta,-27.62419,-50.63095,DEL05-SC,Risco Médio,Baixa
sexta-feira,BR-116,439.8,Pleno dia,Crescente,Chuva,Dupla,Curva,-12.32192,-39.05071,DEL02-BA,Risco Baixo,Alta
domingo,BR-369,486.7,Plena Noite,Crescente,Nevoeiro/Neblina,Simples,Reta,-24.6836,-53.2279,DEL04-PR,Risco Médio,Baixa
domingo,BR-277,112.0,Pleno dia,Crescente,Garoa/Chuvisco,Dupla,Não Informado,-25.44358,-49.45599,DEL01-PR,Risco Médio,Média
quarta-feira,BR-277,83.0,Pleno dia,Crescente,Nublado,Dupla,Reta,-25.44982,-49.22855,DEL01-PR,Risco Médio,Média
quinta-feira,BR-116,218.0,Anoitecer,Decrescente,Nublado,Simples,Reta,-23.46255,-46.49196,DEL01-SP,Risco Médio,Alta
terça-feira,BR-116,483.0,Pleno dia,Decrescente,Céu Claro,Dupla,Reta,-24.72274,-48.05287,DEL05-SP,Risco Médio,Alta
domingo,BR-226,7.9,Plena Noite,Decrescente,Nublado,Simples,Reta,-5.827732,-35.28006,DEL01-RN,Risco Médio,Baixa
domingo,BR-101,264.5,Pleno dia,Decrescente,Céu Claro,Dupla,Reta,-20.17976,-40.26503,DEL02-ES,Risco Alto,Alta
domingo,BR-153,242.0,Plena Noite,Crescente,Céu Claro,Simples,Reta,-20.2694,-49.1849,DEL13-MG,Risco Médio,Alta
terça-feira,BR-116,528.1,Pleno dia,Crescente,Céu Claro,Dupla,Reta,-19.79403,-42.13731,DEL06-MG,Risco Médio,Alta
sábado,BR-116,42.0,Pleno dia,Decrescente,Céu Claro,Dupla,Reta,-4.1143,-38.4901,DEL01-CE,Risco Médio,Alta
sábado,BR-101,58.0,Anoitecer,Crescente,Céu Claro,Simples,Reta,-21.70807,-41.30907,DEL08-RJ,Risco Médio,Alta
domingo,BR-116,299.0,Plena Noite,Decrescente,Céu Claro,Simples,Curva,-22.45581,-44.3882,DEL07-RJ,Risco Médio,Alta
sábado,BR-319,62.0,Plena Noite,Crescente,Céu Claro,Múltipla,Interseção de vias,-8.749299,-63.88823,DEL01-RO,Risco Baixo,Baixa
sábado,BR-376,123.8,Plena Noite,Crescente,Céu Claro,Dupla,Desvio Temporário,-23.13829,-52.28944,DEL09-PR,Risco Baixo,Baixa
quinta-feira,BR-101,67.0,Pleno dia,Crescente,Sol,Simples,Interseção de vias,-21.7677,-41.3492,DEL08-RJ,Risco Médio,Alta
segunda-feira,BR-290,290.9,Pleno dia,Decrescente,Sol,Simples,Não Informado,-30.27833,-53.11772,DEL02-RS,Risco Médio,Baixa
sexta-feira,BR-116,16.6,Pleno dia,Decrescente,Céu Claro,Simples,Reta,-15.81177,-41.38079,DEL08-BA,Risco Baixo,Alta
sexta-feira,BR-101,0.8,Plena Noite,Crescente,Céu Claro,Dupla,Curva,-25.9875,-48.88461,DEL03-SC,Risco Médio,Alta
domingo,BR-116,72.0,Plena Noite,Crescente,Céu Claro,Simples,Não Informado,-26.48707,-50.23276,DEL06-SC,Risco Médio,Alta
terça-feira,BR-116,424.5,Plena Noite,Crescente,Nublado,Simples,Reta,-12.23258,-38.97249,DEL02-BA,Risco Médio,Alta
domingo,BR-282,574.0,Plena Noite,Crescente,Céu Claro,Simples,Reta,-26.8674,-52.96515,DEL07-SC,Risco Médio,Baixa
segunda-feira,BR-110,47.5,Pleno dia,Crescente,Sol,Simples,Rotatória,-5.203384,-37.32563,DEL04-RN,Risco Médio,Baixa
terça-feira,BR-116,199.0,Pleno dia,Crescente,Céu Claro,Dupla,Reta,-22.72869,-43.63873,DEL01-RJ,Risco Médio,Alta
sábado,BR-101,236.0,Pleno dia,Crescente,Céu Claro,Simples,Interseção de vias,-22.61014,-42.40427,DEL02-RJ,Risco Médio,Alta
sexta-feira,BR-101,71.0,Amanhecer,Crescente,Céu Claro,Dupla,Reta,-26.51865,-48.71875,DEL03-SC,Risco Baixo,Alta
sexta-feira,BR-287,276.4,Plena Noite,Decrescente,Céu Claro,Simples,Não Informado,-29.6598,-54.13521,DEL09-RS,Risco Médio,Baixa
domingo,BR-116,182.0,Plena Noite,Crescente,Nublado,Dupla,Reta,-22.75678,-43.43107,DEL01-RJ,Risco Médio,Alta
sexta-feira,BR-101,330.0,Pleno dia,Crescente,Céu Claro,Simples,Reta,-13.4701,-39.41826,DEL05-BA,Risco Médio,Alta
sábado,BR-365,88.1,Pleno dia,Crescente,Céu Claro,Simples,Reta,-17.18913,-44.43099,DEL12-MG,Risco Médio,Média
sábado,BR-70,615.0,Plena Noite,Crescente,Chuva,Simples,Curva,-15.85739,-56.85654,DEL03-MT,Risco Baixo,Baixa
terça-feira,BR-163,66.0,Pleno dia,Decrescente,Céu Claro,Dupla,Reta,-16.93639,-54.73331,DEL02-MT,Risco Médio,Alta
quinta-feira,BR-116,320.0,Pleno dia,Decrescente,Nublado,Dupla,Reta,-22.47656,-44.52711,DEL07-RJ,Risco Alto,Alta
domingo,BR-470,66.4,Plena Noite,Crescente,Céu Claro,Simples,Não Informado,-26.87019,-49.22753,DEL04-SC,Risco Médio,Baixa
sexta-feira,BR-381,429.0,Pleno dia,Crescente,Céu Claro,Simples,Reta,-19.78664,-43.71434,DEL01-MG,Risco Alto,Alta
quarta-feira,BR-40,85.0,Pleno dia,Crescente,Céu Claro,Simples,Reta,-22.53004,-43.23588,DEL06-RJ,Risco Médio,Alta
quinta-feira,BR-369,161.7,Pleno dia,Decrescente,Céu Claro,Dupla,Não Informado,-23.29153,-51.26591,DEL07-PR,Risco Médio,Baixa
segunda-feira,BR-116,404.0,Anoitecer,Decrescente,Céu Claro,Simples,Reta,-18.8,-41.9895,DEL06-MG,Risco Médio,Alta
segunda-feira,BR-290,88.0,Pleno dia,Crescente,Céu Claro,Múltipla,Reta,-29.96796,-51.12169,DEL01-RS,Risco Médio,Baixa
quinta-feira,BR-70,8.3,Pleno dia,Decrescente,Céu Claro,Múltipla,Curva,-15.73614,-48.27668,DEL01-DF,Risco Médio,Baixa
quinta-feira,BR-116,6.0,Anoitecer,Decrescente,Céu Claro,Simples,Não Informado,-14.83142,-40.8879,DEL08-BA,Risco Médio,Alta
quinta-feira,BR-381,479.5,Pleno dia,Crescente,Sol,Dupla,Não Informado,-19.961,-44.0517,DEL01-MG,Risco Médio,Alta
terça-feira,BR-435,116.0,Plena Noite,Crescente,Céu Claro,Simples,Reta,-13.1882,-60.74794,DEL04-RO,Risco Médio,Baixa
quinta-feira,BR-116,612.8,Pleno dia,Decrescente,Nevoeiro/Neblina,Simples,Reta,-20.42882,-42.16259,DEL07-MG,Risco Médio,Alta
segunda-feira,BR-60,228.0,Pleno dia,Crescente,Céu Claro,Dupla,Não Informado,-17.0413,-49.78,DEL01-GO,Risco Médio,Média
quarta-feira,BR-316,127.6,Plena Noite,Decrescente,Céu Claro,Simples,Reta,-2.661081,-45.74392,DEL02-MA,Risco Alto,Baixa
segunda-feira,BR-222,348.6,Pleno dia,Crescente,Céu Claro,Múltipla,Reta,-4.724398,-47.49775,DEL02-MA,Risco Médio,Baixa
sexta-feira,BR-376,616.0,Pleno dia,Crescente,Sol,Dupla,Não Informado,-25.58401,-49.17665,DEL01-PR,Risco Baixo,Baixa
sábado,BR-40,12.0,Amanhecer,Crescente,Céu Claro,Dupla,Reta,-16.14512,-47.94538,DEL01-DF,Risco Baixo,Alta
terça-feira,BR-153,38.0,Pleno dia,Crescente,Chuva,Simples,Curva,-26.8366,-51.7381,DEL07-SC,Risco Baixo,Alta
domingo,BR-101,60.2,Pleno dia,Crescente,Céu Claro,Dupla,Curva,-7.985269,-34.932,DEL01-PE,Risco Médio,Alta
segunda-feira,BR-10,321.0,Plena Noite,Crescente,Céu Claro,Simples,Reta,-4.943377,-47.50308,DEL04-MA,Risco Médio,Baixa
domingo,BR-262,55.0,Pleno dia,Crescente,Céu Claro,Simples,Reta,-20.41121,-40.74794,DEL01-ES,Risco Médio,Média
quinta-feira,BR-235,2.0,Pleno dia,Decrescente,Chuva,Dupla,Desvio Temporário,-10.9062,-37.1034,DEL01-SE,Risco Baixo,Baixa
sábado,BR-230,30.9,Pleno dia,Decrescente,Sol,Dupla,Reta,-7.150647,-34.91071,DEL01-PB,Risco Médio,Baixa
sexta-feira,BR-101,321.0,Plena Noite,Crescente,Garoa/Chuvisco,Dupla,Reta,-22.86981,-43.11046,DEL02-RJ,Risco Baixo,Alta
sexta-feira,BR-116,37.0,Pleno dia,Crescente,Sol,Múltipla,Curva,-25.13993,-48.85618,DEL01-PR,Risco Médio,Alta
sábado,BR-369,195.0,Plena Noite,Crescente,Céu Claro,Dupla,Reta,-23.50025,-51.42404,DEL07-PR,Risco Médio,Baixa
domingo,BR-116,270.9,Plena Noite,Decrescente,Céu Claro,Dupla,Reta,-23.6089,-46.76953,DEL04-SP,Risco Médio,Alta
sábado,BR-101,137.6,Plena Noite,Decrescente,Céu Claro,Simples,Reta,-27.01572,-48.61193,DEL04-SC,Risco Médio,Alta
quarta-feira,BR-101,207.7,Amanhecer,Crescente,Céu Claro,Múltipla,Curva,-27.60001,-48.62265,DEL01-SC,Risco Baixo,Alta
sábado,BR-60,664.5,Pleno dia,Crescente,Céu Claro,Simples,Não Informado,-21.97624,-56.46144,DEL05-MS,Risco Médio,Média
domingo,BR-116,710.0,Pleno dia,Decrescente,Céu Claro,Simples,Não Informado,-21.17887,-42.37296,DEL07-MG,Risco Baixo,Alta
sábado,BR-116,278.5,Pleno dia,Decrescente,Céu Claro,Dupla,Curva,-23.63602,-46.83199,DEL04-SP,Risco Baixo,Alta
quarta-feira,BR-277,1.3,Pleno dia,Crescente,Céu Claro,Dupla,Reta,-25.5205,-48.5095,DEL01-PR,Risco Médio,Média
terça-feira,BR-262,380.5,Anoitecer,Decrescente,Chuva,Dupla,Não Informado,-19.93564,-44.43682,DEL01-MG,Risco Baixo,Média
terça-feira,BR-116,562.0,Pleno dia,Crescente,Céu Claro,Dupla,Curva,-25.02668,-48.52552,DEL05-SP,Risco Médio,Alta
sexta-feira,BR-101,575.0,Pleno dia,Crescente,Céu Claro,Simples,Rotatória,-23.21979,-44.73467,DEL03-RJ,Risco Baixo,Alta
domingo,BR-222,109.0,Pleno dia,Crescente,Sol,Simples,Reta,-3.760337,-39.48794,DEL04-CE,Risco Alto,Baixa
sábado,BR-50,68.0,Pleno dia,Crescente,Céu Claro,Simples,Reta,-18.88686,-48.26263,DEL15-MG,Risco Médio,Média
quinta-feira,BR-116,142.0,Pleno dia,Decrescente,Céu Claro,Dupla,Reta,-23.17426,-45.8294,DEL02-SP,Risco Médio,Alta
quinta-feira,BR-101,198.1,Pleno dia,Crescente,Nublado,Múltipla,Reta,-27.52659,-48.63506,DEL01-SC,Risco Médio,Alta