dia_semana,br,km,fase_dia,sentido_via,condicao_metereologica,tipo_pista,tracado_via,latitude,longitude,delegacia,classificacao_acidente,postos_policiais_PRF
domingo,BR-101,58.0,Amanhecer,Crescente,Chuva,Simples,Reta,-21.71143,-41.30872,DEL08-RJ,Risco Médio,Alta
quarta-feira,BR-376,627.5,Pleno dia,Crescente,Céu Claro,Dupla,Reta,-25.67707,-49.1499,DEL01-PR,Risco Baixo,Baixa
sábado,BR-262,1.8,Plena Noite,Decrescente,Nublado,Dupla,Reta,-20.33295,-40.35934,DEL01-ES,Risco Baixo,Média
terça-feira,BR-242,465.0,Plena Noite,Crescente,Ignorado,Simples,Curva,-12.41343,-42.36225,DEL06-BA,Risco Médio,Baixa
sexta-feira,BR-101,237.6,Plena Noite,Crescente,Chuva,Dupla,Reta,-27.8406,-48.63384,DEL01-SC,Risco Baixo,Alta
quarta-feira,BR-163,967.0,Pleno dia,Crescente,Céu Claro,Simples,Curva,-2.68008,-54.84915,DEL05-PA,Risco Médio,Alta
segunda-feira,BR-230,1.0,Pleno dia,Decrescente,Nublado,Simples,Reta,-6.9753,-34.8318,DEL01-PB,Risco Baixo,Baixa
domingo,BR-116,590.3,Pleno dia,Crescente,Sol,Simples,Curva,-20.2476,-42.14496,DEL06-MG,Risco Médio,Alta
sábado,BR-158,253.4,Amanhecer,Crescente,Céu Claro,Simples,Reta,-29.1456,-53.65417,DEL10-RS,Risco Médio,Baixa
quarta-feira,BR-290,26.0,Pleno dia,Decrescente,Nublado,Simples,Curva,-29.88013,-50.5143,DEL03-RS,Risco Baixo,Baixa
sábado,BR-163,1077.0,Pleno dia,Decrescente,Céu Claro,Simples,Curva,-9.881969,-54.90017,DEL06-MT,Risco Médio,Alta
quinta-feira,BR-280,53.0,Plena Noite,Crescente,Céu Claro,Simples,Não Informado,-26.47237,-48.97427,DEL03-SC,Risco Médio,Baixa
segunda-feira,BR-101,22.2,Plena Noite,Crescente,Chuva,Dupla,Curva,-26.15153,-48.90881,DEL03-SC,Risco Baixo,Alta
segunda-feira,BR-381,61.0,Plena Noite,Crescente,Nublado,Múltipla,Curva,-23.29012,-46.58007,DEL03-SP,Risco Médio,Alta
sexta-feira,BR-386,49.1,Pleno dia,Crescente,Nublado,Simples,Reta,-27.48256,-53.39285,DEL08-RS,Risco Médio,Média
segunda-feira,BR-277,335.0,Plena Noite,Decrescente,Céu Claro,Dupla,Não Informado,-25.36058,-51.3521,DEL08-PR,Risco Baixo,Média
quinta-feira,BR-116,276.0,Pleno dia,Decrescente,Céu Claro,Simples,Reta,-17.85106,-41.51454,DEL11-MG,Risco Médio,Alta
segunda-feira,BR-101,83.0,Plena Noite,Crescente,Nublado,Simples,Reta,-8.188932,-34.95443,DEL01-PE,Risco Médio,Alta
sábado,BR-163,141.0,Plena Noite,Crescente,Nevoeiro/Neblina,Simples,Desvio Temporário,-8.46738,-55.13426,DEL05-PA,Risco Alto,Alta
terça-feira,BR-267,251.2,Pleno dia,Decrescente,Céu Claro,Simples,Reta,-21.93969,-44.49101,DEL17-MG,Risco Baixo,Baixa
quarta-feira,BR-101,134.0,Pleno dia,Decrescente,Nublado,Dupla,Reta,-27.00218,-48.63643,DEL04-SC,Risco Médio,Alta
quinta-feira,BR-116,218.1,Pleno dia,Crescente,Céu Claro,Múltipla,Reta,-23.45711,-46.47916,DEL01-SP,Risco Médio,Alta
quinta-feira,BR-50,60.0,Plena Noite,Decrescente,Céu Claro,Dupla,Reta,-18.81271,-48.24905,DEL15-MG,Risco Alto,Média
sábado,BR-101,157.0,Plena Noite,Crescente,Nublado,Simples,Não Informado,-22.26665,-41.8584,DEL08-RJ,Risco Médio,Alta
domingo,BR-376,671.0,Pleno dia,Crescente,Garoa/Chuvisco,Dupla,Reta,-25.8871,-48.9347,DEL01-PR,Risco Baixo,Baixa
domingo,BR-324,265.0,Plena Noite,Crescente,Ignorado,Simples,Reta,-11.13906,-40.59347,DEL04-BA,Risco Alto,Baixa
quinta-feira,BR-116,277.0,Pleno dia,Decrescente,Chuva,Dupla,Não Informado,-22.55906,-44.17284,DEL07-RJ,Risco Médio,Alta
segunda-feira,BR-101,565.0,Pleno dia,Crescente,Nublado,Simples,Curva,-23.15116,-44.69968,DEL03-RJ,Risco Baixo,Alta
sexta-feira,BR-277,79.0,Pleno dia,Crescente,Céu Claro,Dupla,Reta,-25.47312,-49.20995,DEL01-PR,Risco Médio,Média
quarta-feira,BR-364,521.0,Plena Noite,Decrescente,Céu Claro,Simples,Reta,-9.866547,-63.05815,DEL03-RO,Risco Baixo,Alta
quinta-feira,BR-153,499.0,Pleno dia,Crescente,Céu Claro,Dupla,Interseção de vias,-16.7033,-49.2311,DEL01-GO,Risco Médio,Alta
domingo,BR-101,158.0,Pleno dia,Decrescente,Céu Claro,Dupla,Não Informado,-27.19096,-48.61259,DEL04-SC,Risco Médio,Alta
domingo,BR-40,564.0,Pleno dia,Crescente,Céu Claro,Simples,Não Informado,-20.16086,-43.96464,DEL01-MG,Risco Médio,Alta
domingo,BR-470,348.1,Plena Noite,Crescente,Chuva,Simples,Reta,-27.54942,-51.44669,DEL07-SC,Risco Baixo,Baixa
quarta-feira,BR-470,226.7,Plena Noite,Crescente,Garoa/Chuvisco,Simples,Curva,-27.32662,-50.35802,DEL05-SC,Risco Médio,Baixa
terça-feira,BR-259,50.8,Pleno dia,Crescente,Céu Claro,Dupla,Reta,-19.5101,-40.60615,DEL02-ES,Risco Médio,Baixa
sexta-feira,BR-470,228.6,Pleno dia,Decrescente,Céu Claro,Simples,Reta,-29.26613,-51.50024,DEL06-RS,Risco Médio,Baixa
sexta-feira,BR-290,93.6,Plena Noite,Crescente,Chuva,Dupla,Curva,-29.97135,-51.19379,DEL01-RS,Risco Baixo,Baixa
sábado,BR-101,677.0,Plena Noite,Crescente,Nublado,Simples,Reta,-16.0986,-39.6167,DEL09-BA,Risco Médio,Alta
sexta-feira,BR-262,238.6,Plena Noite,Decrescente,Céu Claro,Simples,Reta,-20.45651,-53.75168,DEL01-MS,Risco Alto,Média
quinta-feira,BR-282,596.0,Pleno dia,Crescente,Céu Claro,Simples,Reta,-26.82946,-53.13399,DEL07-SC,Risco Baixo,Baixa
segunda-feira,BR-101,214.0,Anoitecer,Decrescente,Céu Claro,Simples,Interseção de vias,-27.64443,-48.67057,DEL01-SC,Risco Médio,Alta
quinta-feira,BR-110,48.0,Anoitecer,Decrescente,Céu Claro,Simples,Reta,-9.877101,-38.26996,DEL07-BA,Risco Baixo,Baixa
terça-feira,BR-405,110.0,Amanhecer,Decrescente,Céu Claro,Simples,Reta,-5.8511,-37.9971,DEL04-RN,Risco Baixo,Baixa
quarta-feira,BR-304,41.0,Plena Noite,Decrescente,Céu Claro,Dupla,Retorno Regulamentado,-5.2102,-37.3742,DEL04-RN,Risco Médio,Baixa
domingo,BR-365,431.5,Anoitecer,Decrescente,Sol,Simples,Interseção de vias,-18.7642,-46.67446,DEL10-MG,Risco Médio,Média
terça-feira,BR-135,5.8,Plena Noite,Crescente,Nublado,Dupla,Reta,-2.621546,-44.25804,DEL01-MA,Risco Médio,Baixa
domingo,BR-70,11.0,Pleno dia,Decrescente,Sol,Dupla,Reta,-15.78976,-48.14873,DEL01-DF,Risco Médio,Baixa
sexta-feira,BR-153,506.0,Pleno dia,Decrescente,Nublado,Dupla,Não Informado,-16.7633,-49.24,DEL01-GO,Risco Médio,Alta
sábado,BR-101,43.1,Plena Noite,Decrescente,Nublado,Múltipla,Reta,-7.847538,-34.90977,DEL01-PE,Risco Médio,Alta
quinta-feira,BR-50,145.8,Pleno dia,Crescente,Chuva,Dupla,Reta,-19.52546,-48.03871,DEL13-MG,Risco Baixo,Média
sábado,BR-60,9.5,Plena Noite,Decrescente,Céu Claro,Dupla,Retorno Regulamentado,-15.90793,-48.14441,DEL01-DF,Risco Médio,Média
terça-feira,BR-222,672.0,Pleno dia,Decrescente,Céu Claro,Simples,Interseção de vias,-4.925081,-47.43822,DEL04-MA,Risco Médio,Baixa
domingo,BR-163,254.0,Anoitecer,Crescente,Céu Claro,Dupla,Rotatória,-22.2725,-54.81707,DEL04-MS,Risco Médio,Alta
sexta-feira,BR-101,142.9,Pleno dia,Decrescente,Céu Claro,Dupla,Não Informado,-27.05609,-48.59945,DEL04-SC,Risco Médio,Alta
quarta-feira,BR-20,13.5,Pleno dia,Decrescente,Céu Claro,Dupla,Reta,-15.63875,-47.7496,DEL02-DF,Risco Alto,Baixa
sábado,BR-232,507.0,Pleno dia,Crescente,Céu Claro,Simples,Não Informado,-8.0523,-39.0853,DEL05-PE,Risco Médio,Baixa
domingo,BR-373,262.7,Plena Noite,Decrescente,Céu Claro,Simples,Reta,-25.20035,-50.96331,DEL08-PR,Risco Médio,Baixa
sexta-feira,BR-364,710.0,Plena Noite,Decrescente,Nublado,Simples,Reta,-8.783869,-63.86222,DEL01-RO,Risco Alto,Alta
sábado,BR-381,491.0,Plena Noite,Decrescente,Céu Claro,Múltipla,Reta,-19.9574,-44.1518,DEL01-MG,Risco Médio,Alta
segunda-feira,BR-101,52.9,Pleno dia,Crescente,Nublado,Dupla,Reta,-7.923588,-34.89607,DEL01-PE,Risco Médio,Alta
quarta-feira,BR-116,532.0,Pleno dia,Crescente,Céu Claro,Dupla,Desvio Temporário,-24.95338,-48.32409,DEL05-SP,Risco Médio,Alta
quarta-feira,BR-364,425.0,Pleno dia,Crescente,Céu Claro,Simples,Não Informado,-10.43752,-62.4717,DEL03-RO,Risco Médio,Alta
terça-feira,BR-101,210.0,Pleno dia,Crescente,Chuva,Múltipla,Não Informado,-27.61673,-48.64573,DEL01-SC,Risco Médio,Alta
sábado,BR-365,495.0,Amanhecer,Decrescente,Sol,Simples,Curva,-18.90356,-47.16786,DEL10-MG,Risco Médio,Média
quinta-feira,BR-293,164.0,Pleno dia,Decrescente,Sol,Simples,Reta,-31.375,-53.9131,DEL11-RS,Risco Médio,Baixa
quinta-feira,BR-381,35.9,Pleno dia,Decrescente,Chuva,Dupla,Reta,-23.08859,-46.5718,DEL03-SP,Risco Baixo,Alta
terça-feira,BR-420,346.0,Pleno dia,Crescente,Nevoeiro/Neblina,Simples,Curva,-13.50953,-40.00386,DEL03-BA,Risco Médio,Baixa
sábado,BR-116,442.9,Anoitecer,Decrescente,Chuva,Dupla,Reta,-12.33676,-39.07329,DEL02-BA,Risco Médio,Alta
quarta-feira,BR-116,172.0,Amanhecer,Decrescente,Céu Claro,Dupla,Interseção de vias,-22.76645,-43.41362,DEL01-RJ,Risco Baixo,Alta
sexta-feira,BR-153,504.2,Pleno dia,Decrescente,Céu Claro,Dupla,Reta,-16.73206,-49.24364,DEL01-GO,Risco Médio,Alta
domingo,BR-116,446.0,Pleno dia,Decrescente,Céu Claro,Dupla,Não Informado,-12.35831,-39.10003,DEL02-BA,Risco Baixo,Alta
sexta-feira,BR-116,247.0,Plena Noite,Decrescente,Céu Claro,Dupla,Curva,-29.76733,-51.15353,DEL01-RS,Risco Médio,Alta
quarta-feira,BR-470,32.0,Pleno dia,Crescente,Céu Claro,Simples,Reta,-26.89401,-48.91633,DEL04-SC,Risco Baixo,Baixa
sábado,BR-468,105.4,Anoitecer,Crescente,Céu Claro,Simples,Reta,-27.44375,-53.94976,DEL08-RS,Risco Médio,Baixa
sexta-feira,BR-381,498.2,Pleno dia,Decrescente,Céu Claro,Dupla,Curva,-20.01173,-44.21976,DEL01-MG,Risco Médio,Alta
sábado,BR-277,725.0,Plena Noite,Decrescente,Céu Claro,Dupla,Não Informado,-25.50824,-54.5462,DEL05-PR,Risco Médio,Média
segunda-feira,BR-116,206.0,Pleno dia,Decrescente,Céu Claro,Dupla,Reta,-23.41733,-46.37547,DEL01-SP,Risco Médio,Alta
quarta-feira,BR-116,213.0,Pleno dia,Decrescente,Céu Claro,Múltipla,Reta,-23.43971,-46.43668,DEL01-SP,Risco Médio,Alta
quinta-feira,BR-101,91.0,Plena Noite,Decrescente,Céu Claro,Dupla,Reta,-7.193751,-34.9047,DEL01-PB,Risco Médio,Alta
domingo,BR-210,1.3,Pleno dia,Crescente,Céu Claro,Múltipla,Retorno Regulamentado,0.07936,-51.07223,DEL01-AP,Risco Médio,Baixa
sexta-feira,BR-376,672.0,Pleno dia,Crescente,Nublado,Dupla,Reta,-25.88326,-48.57514,DEL01-PR,Risco Baixo,Baixa
quinta-feira,BR-116,223.0,Plena Noite,Decrescente,Céu Claro,Dupla,Interseção de vias,-23.4756,-46.52466,DEL01-SP,Risco Baixo,Alta
sexta-feira,BR-259,56.0,Anoitecer,Crescente,Nublado,Simples,Reta,-19.50128,-40.65265,DEL02-ES,Risco Médio,Baixa
quarta-feira,BR-316,553.5,Pleno dia,Decrescente,Céu Claro,Dupla,Reta,-4.879841,-43.34234,DEL03-MA,Risco Baixo,Baixa
sábado,BR-262,358.0,Pleno dia,Crescente,Sol,Dupla,Reta,-19.98301,-44.24485,DEL01-MG,Risco Médio,Média
domingo,BR-101,208.0,Anoitecer,Crescente,Chuva,Dupla,Reta,-27.60328,-48.63202,DEL01-SC,Risco Baixo,Alta
sexta-feira,BR-262,720.0,Plena Noite,Crescente,Céu Claro,Simples,Reta,-19.41855,-57.46521,DEL03-MS,Risco Médio,Média
sexta-feira,BR-101,155.0,Pleno dia,Decrescente,Céu Claro,Simples,Curva,-11.28544,-37.45485,DEL02-SE,Risco Baixo,Alta
domingo,BR-40,721.0,Pleno dia,Decrescente,Céu Claro,Dupla,Reta,-21.28685,-43.6416,DEL05-MG,Risco Médio,Alta
segunda-feira,BR-116,7.5,Pleno dia,Crescente,Nublado,Simples,Reta,-25.08235,-48.615,DEL01-PR,Risco Médio,Alta
quinta-feira,BR-116,93.3,Pleno dia,Decrescente,Garoa/Chuvisco,Dupla,Curva,-25.5194,-49.13362,DEL01-PR,Risco Baixo,Alta
segunda-feira,BR-365,622.0,Pleno dia,Decrescente,Céu Claro,Dupla,Reta,-18.90009,-48.27409,DEL15-MG,Risco Médio,Média
quarta-feira,BR-316,26.0,Plena Noite,Decrescente,Céu Claro,Simples,Reta,-7.5923,-40.4949,DEL05-PE,Risco Médio,Baixa
sexta-feira,BR-116,176.0,Plena Noite,Crescente,Nublado,Múltipla,Reta,-22.78395,-43.38195,DEL01-RJ,Risco Baixo,Alta
segunda-feira,BR-393,250.4,Plena Noite,Decrescente,Chuva,Simples,Interseção de vias,-22.44736,-43.79522,DEL05-RJ,Risco Médio,Média
sexta-feira,BR-60,111.6,Pleno dia,Crescente,Chuva,Dupla,Curva,-16.45107,-49.04681,DEL01-GO,Risco Baixo,Média
sábado,BR-101,89.0,Plena Noite,Crescente,Nublado,Dupla,Reta,-8.2155,-34.9874,DEL01-PE,Risco Alto,Alta
sexta-feira,BR-153,56.0,Pleno dia,Crescente,Sol,Simples,Não Informado,-20.76153,-49.34745,DEL09-SP,Risco Baixo,Alta
sábado,BR-381,516.5,Pleno dia,Crescente,Céu Claro,Dupla,Curva,-20.1055,-44.3215,DEL01-MG,Risco Médio,Alta
quinta-feira,BR-116,250.0,Plena Noite,Decrescente,Céu Claro,Dupla,Curva,-29.79149,-51.164,DEL01-RS,Risco Médio,Alta
terça-feira,BR-153,510.2,Pleno dia,Decrescente,Céu Claro,Múltipla,Não Informado,-16.7977,-49.2386,DEL01-GO,Risco Médio,Alta
quinta-feira,BR-381,778.0,Pleno dia,Decrescente,Céu Claro,Dupla,Reta,-21.80307,-45.4726,DEL16-MG,Risco Médio,Alta
sábado,BR-101,197.7,Plena Noite,Crescente,Nublado,Múltipla,Não Informado,-27.51844,-48.63848,DEL01-SC,Risco Baixo,Alta
domingo,BR-116,322.0,Plena Noite,Crescente,Garoa/Chuvisco,Dupla,Reta,-22.50487,-44.59651,DEL07-RJ,Risco Médio,Alta
quinta-feira,BR-386,318.2,Pleno dia,Crescente,Nublado,Simples,Não Informado,-29.26821,-52.14274,DEL04-RS,Risco Médio,Média
terça-feira,BR-101,337.7,Plena Noite,Crescente,Nublado,Dupla,Não Informado,-28.47802,-49.03246,DEL02-SC,Risco Médio,Alta
domingo,BR-381,561.0,Pleno dia,Crescente,Céu Claro,Dupla,Curva,-20.39224,-44.49493,DEL04-MG,Risco Médio,Alta
sexta-feira,BR-116,223.0,Pleno dia,Crescente,Céu Claro,Simples,Reta,-23.4756,-46.52466,DEL01-SP,Risco Médio,Alta
domingo,BR-343,345.5,Plena Noite,Decrescente,Céu Claro,Dupla,Interseção de vias,-5.102889,-42.76651,DEL01-PI,Risco Baixo,Baixa
quinta-feira,BR-116,784.9,Pleno dia,Decrescente,Garoa/Chuvisco,Simples,Reta,-14.68555,-40.54744,DEL08-BA,Risco Médio,Alta
sexta-feira,BR-101,285.0,Plena Noite,Crescente,Céu Claro,Dupla,Reta,-20.25148,-40.3727,DEL01-ES,Risco Médio,Alta
quinta-feira,BR-407,128.0,Pleno dia,Crescente,Céu Claro,Dupla,Reta,-9.393876,-40.51134,DEL06-PE,Risco Médio,Baixa
quarta-feira,BR-365,764.0,Anoitecer,Crescente,Céu Claro,Simples,Não Informado,-18.96385,-49.55088,DEL15-MG,Risco Médio,Média
domingo,BR-101,200.4,Pleno dia,Crescente,Céu Claro,Múltipla,Reta,-27.54848,-48.61977,DEL01-SC,Risco Médio,Alta
quinta-feira,BR-386,435.3,Plena Noite,Crescente,Céu Claro,Dupla,Curva,-29.84637,-51.27574,DEL04-RS,Risco Médio,Média
sábado,BR-116,294.0,Pleno dia,Crescente,Sol,Dupla,Reta,-23.76155,-46.90483,DEL04-SP,Risco Baixo,Alta
quinta-feira,BR-101,35.0,Pleno dia,Crescente,Sol,Dupla,Reta,-6.8061,-35.1402,DEL01-PB,Risco Baixo,Alta
segunda-feira,BR-230,505.0,Pleno dia,Decrescente,Céu Claro,Simples,Reta,-6.8995,-38.5494,DEL03-PB,Risco Médio,Baixa
sexta-feira,BR-135,82.7,Pleno dia,Decrescente,Céu Claro,Simples,Reta,-3.236194,-44.37074,DEL01-MA,Risco Alto,Baixa
terça-feira,BR-101,310.0,Pleno dia,Decrescente,Garoa/Chuvisco,Dupla,Reta,-22.79842,-43.0481,DEL02-RJ,Risco Médio,Alta
domingo,BR-101,266.2,Plena Noite,Crescente,Nublado,Múltipla,Interseção de vias,-20.1902,-40.26829,DEL02-ES,Risco Médio,Alta
terça-feira,BR-101,117.1,Pleno dia,Crescente,Nublado,Dupla,Reta,-26.88747,-48.72253,DEL04-SC,Risco Médio,Alta
domingo,BR-116,126.9,Anoitecer,Decrescente,Garoa/Chuvisco,Dupla,Reta,-25.64556,-49.3126,DEL01-PR,Risco Baixo,Alta
sábado,BR-343,555.1,Amanhecer,Crescente,Céu Claro,Simples,Reta,-6.63028,-42.85506,DEL03-PI,Risco Médio,Baixa
quarta-feira,BR-277,586.4,Pleno dia,Crescente,Nublado,Simples,Reta,-24.9674,-53.42534,DEL04-PR,Risco Médio,Média
sexta-feira,BR-153,501.0,Pleno dia,Crescente,Céu Claro,Dupla,Interseção de vias,-16.7189,-49.2382,DEL01-GO,Risco Médio,Alta
quinta-feira,BR-116,2.0,Pleno dia,Crescente,Sol,Dupla,Reta,-29.98869,-51.18268,DEL05-RS,Risco Médio,Alta
sábado,BR-480,72.4,Pleno dia,Crescente,Céu Claro,Simples,Interseção de vias,-27.63998,-52.30602,DEL08-RS,Risco Médio,Baixa
segunda-feira,BR-381,481.0,Plena Noite,Decrescente,Céu Claro,Dupla,Não Informado,-19.95932,-44.08826,DEL01-MG,Risco Médio,Alta
sexta-feira,BR-287,248.0,Plena Noite,Crescente,Céu Claro,Dupla,Não Informado,-29.69602,-53.85096,DEL09-RS,Risco Médio,Baixa
domingo,BR-365,426.0,Pleno dia,Decrescente,Céu Claro,Simples,Reta,-18.74514,-46.63284,DEL10-MG,Risco Médio,Média
sexta-feira,BR-163,488.2,Pleno dia,Crescente,Céu Claro,Simples,Não Informado,-20.42996,-54.54444,DEL01-MS,Risco Médio,Alta
sábado,BR-40,719.5,Pleno dia,Decrescente,Garoa/Chuvisco,Dupla,Curva,-21.27138,-43.6489,DEL05-MG,Risco Médio,Alta
domingo,BR-381,485.0,Pleno dia,Crescente,Sol,Múltipla,Não Informado,-19.95659,-44.12623,DEL01-MG,Risco Médio,Alta
segunda-feira,BR-163,750.0,Pleno dia,Crescente,Sol,Múltipla,Interseção de vias,-12.57131,-55.72643,DEL06-MT,Risco Baixo,Alta
sexta-feira,BR-101,903.0,Pleno dia,Crescente,Sol,Simples,Não Informado,-17.7522,-39.7658,DEL09-BA,Risco Médio,Alta
segunda-feira,BR-70,19.0,Pleno dia,Decrescente,Céu Claro,Dupla,Não Informado,-15.78887,-48.22024,DEL01-DF,Risco Médio,Baixa
terça-feira,BR-101,297.0,Pleno dia,Crescente,Céu Claro,Dupla,Reta,-28.31354,-48.7241,DEL02-SC,Risco Baixo,Alta
sexta-feira,BR-282,223.2,Pleno dia,Decrescente,Sol,Simples,Interseção de vias,-27.80013,-50.36275,DEL05-SC,Risco Médio,Baixa
sexta-feira,BR-316,57.0,Pleno dia,Crescente,Nublado,Dupla,Não Informado,-1.300888,-47.98197,DEL01-PA,Risco Médio,Baixa
domingo,BR-116,277.8,Plena Noite,Crescente,Céu Claro,Dupla,Reta,-23.64871,-46.84395,DEL04-SP,Risco Médio,Alta
sexta-feira,BR-463,48.0,Pleno dia,Crescente,Céu Claro,Simples,Reta,-22.24207,-54.92306,DEL04-MS,Risco Médio,Baixa
domingo,BR-343,308.8,Amanhecer,Crescente,Céu Claro,Simples,Não Informado,-5.038669,-42.46817,DEL01-PI,Risco Médio,Baixa
sábado,BR-60,48.0,Pleno dia,Crescente,Céu Claro,Dupla,Reta,-16.8101,-49.2397,DEL01-GO,Risco Médio,Média
sexta-feira,BR-230,22.0,Pleno dia,Decrescente,Sol,Dupla,Reta,-7.1495,-34.8517,DEL01-PB,Risco Médio,Baixa
quinta-feira,BR-116,220.0,Anoitecer,Crescente,Garoa/Chuvisco,Múltipla,Reta,-23.46473,-46.49794,DEL01-SP,Risco Médio,Alta
sexta-feira,BR-158,45.0,Amanhecer,Decrescente,Céu Claro,Simples,Reta,-16.21795,-52.11296,DEL04-GO,Risco Médio,Baixa
quinta-feira,BR-381,481.3,Plena Noite,Decrescente,Chuva,Dupla,Reta,-19.95915,-44.06101,DEL01-MG,Risco Médio,Alta
sexta-feira,BR-101,215.9,Pleno dia,Crescente,Céu Claro,Múltipla,Reta,-27.65185,-48.67605,DEL01-SC,Risco Médio,Alta
sábado,BR-230,12.6,Anoitecer,Crescente,Céu Claro,Múltipla,Reta,-7.073521,-34.84964,DEL01-PB,Risco Médio,Baixa
domingo,BR-470,242.3,Plena Noite,Crescente,Céu Claro,Simples,Reta,-27.31444,-50.51138,DEL05-SC,Risco Médio,Baixa
segunda-feira,BR-40,484.0,Pleno dia,Decrescente,Céu Claro,Dupla,Reta,-19.5858,-44.2279,DEL02-MG,Risco Médio,Alta
quarta-feira,BR-116,115.0,Plena Noite,Decrescente,Céu Claro,Dupla,Reta,-25.54312,-49.30289,DEL01-PR,Risco Baixo,Alta
domingo,BR-420,341.6,Pleno dia,Decrescente,Céu Claro,Simples,Curva,-13.51183,-39.96208,DEL03-BA,Risco Médio,Baixa
segunda-feira,BR-116,6.2,Plena Noite,Crescente,Céu Claro,Múltipla,Reta,-3.804026,-38.50354,DEL01-CE,Risco Baixo,Alta
quinta-feira,BR-110,53.0,Amanhecer,Decrescente,Céu Claro,Simples,Não Informado,-5.244901,-37.33177,DEL04-RN,Risco Médio,Baixa
quinta-feira,BR-290,662.0,Plena Noite,Crescente,Céu Claro,Simples,Reta,-29.98599,-56.53543,DEL13-RS,Risco Baixo,Baixa
segunda-feira,BR-324,577.0,Plena Noite,Crescente,Chuva,Dupla,Reta,-12.59191,-38.51273,DEL01-BA,Risco Baixo,Baixa
domingo,BR-50,81.0,Pleno dia,Crescente,Céu Claro,Simples,Curva,-18.97168,-48.21648,DEL15-MG,Risco Médio,Média
segunda-feira,BR-101,79.1,Pleno dia,Decrescente,Céu Claro,Múltipla,Interseção de vias,-8.143661,-34.94723,DEL01-PE,Risco Médio,Alta
quinta-feira,BR-381,585.5,Pleno dia,Decrescente,Chuva,Dupla,Reta,-20.53829,-44.64046,DEL04-MG,Risco Baixo,Alta
segunda-feira,BR-70,81.0,Pleno dia,Decrescente,Nublado,Simples,Curva,-15.63857,-52.81199,DEL07-MT,Risco Médio,Baixa
domingo,BR-317,1.0,Pleno dia,Decrescente,Céu Claro,Simples,Reta,-9.5983,-67.3286,DEL01-AC,Risco Alto,Baixa
quarta-feira,BR-101,444.0,Pleno dia,Crescente,Chuva,Simples,Não Informado,-14.31024,-39.31882,DEL05-BA,Risco Médio,Alta
sexta-feira,BR-116,65.0,Pleno dia,Decrescente,Nublado,Dupla,Rotatória,-22.82397,-45.19293,DEL08-SP,Risco Médio,Alta
segunda-feira,BR-101,70.0,Plena Noite,Crescente,Céu Claro,Simples,Desvio Temporário,-18.74454,-39.86165,DEL04-ES,Risco Médio,Alta
domingo,BR-40,513.3,Amanhecer,Decrescente,Céu Claro,Dupla,Não Informado,-19.79705,-44.10805,DEL01-MG,Risco Médio,Alta
terça-feira,BR-381,749.5,Plena Noite,Crescente,Ignorado,Dupla,Reta,-21.64174,-45.28708,DEL16-MG,Risco Baixo,Alta
sexta-feira,BR-364,238.0,Pleno dia,Crescente,Céu Claro,Simples,Interseção de vias,-11.43886,-61.45471,DEL02-RO,Risco Médio,Alta
quinta-feira,BR-116,18.6,Pleno dia,Decrescente,Nublado,Dupla,Curva,-25.10367,-48.72072,DEL01-PR,Risco Baixo,Alta
sexta-feira,BR-153,620.0,Plena Noite,Crescente,Chuva,Simples,Reta,-31.31824,-53.95351,DEL11-RS,Risco Médio,Alta
quarta-feira,BR-423,25.5,Pleno dia,Crescente,Céu Claro,Simples,Reta,-8.385301,-36.17535,DEL02-PE,Risco Médio,Baixa
domingo,BR-20,30.0,Plena Noite,Decrescente,Nublado,Simples,Desvio Temporário,-15.49816,-47.10981,DEL02-DF,Risco Médio,Baixa
domingo,BR-230,1.6,Plena Noite,Crescente,Céu Claro,Simples,Reta,-6.75491,-43.01659,DEL03-PI,Risco Médio,Baixa
quinta-feira,BR-40,699.5,Plena Noite,Crescente,Nublado,Dupla,Curva,-21.2158,-43.7473,DEL05-MG,Risco Médio,Alta
domingo,BR-381,514.0,Pleno dia,Decrescente,Chuva,Dupla,Não Informado,-20.0829,-44.3086,DEL01-MG,Risco Baixo,Alta
quarta-feira,BR-285,222.7,Pleno dia,Crescente,Céu Claro,Simples,Reta,-28.25491,-51.71962,DEL08-RS,Risco Médio,Baixa
sexta-feira,BR-468,3.8,Pleno dia,Decrescente,Sol,Simples,Rotatória,-27.86465,-53.34966,DEL08-RS,Risco Baixo,Baixa
segunda-feira,BR-376,650.0,Pleno dia,Decrescente,Garoa/Chuvisco,Dupla,Reta,-25.84687,-49.08005,DEL01-PR,Risco Médio,Baixa
quinta-feira,BR-364,241.1,Plena Noite,Decrescente,Céu Claro,Simples,Não Informado,-11.4407,-61.47861,DEL02-RO,Risco Baixo,Alta
sexta-feira,BR-267,286.5,Pleno dia,Crescente,Céu Claro,Simples,Curva,-21.92461,-44.77878,DEL17-MG,Risco Médio,Baixa
terça-feira,BR-480,129.3,Pleno dia,Crescente,Nublado,Dupla,Reta,-27.04776,-52.63552,DEL07-SC,Risco Baixo,Baixa
domingo,BR-381,902.0,Plena Noite,Crescente,Chuva,Dupla,Reta,-22.63203,-46.07873,DEL16-MG,Risco Baixo,Alta
segunda-feira,BR-470,36.0,Pleno dia,Decrescente,Céu Claro,Simples,Não Informado,-26.91394,-48.97005,DEL04-SC,Risco Médio,Baixa
sábado,BR-158,515.9,Pleno dia,Decrescente,Chuva,Simples,Reta,-26.06538,-52.6361,DEL02-PR,Risco Baixo,Baixa