dia_semana,br,km,fase_dia,sentido_via,condicao_metereologica,tipo_pista,tracado_via,latitude,longitude,delegacia,classificacao_acidente,postos_policiais_PRF
terça-feira,BR-101,259.9,Pleno dia,Decrescente,Nublado,Dupla,Não Informado,-20.1384,-40.29221,DEL02-ES,Risco Médio,Alta
sexta-feira,BR-364,276.0,Pleno dia,Decrescente,Céu Claro,Simples,Desvio Temporário,-15.95345,-54.99099,DEL02-MT,Risco Baixo,Alta
sexta-feira,BR-101,64.7,Pleno dia,Crescente,Céu Claro,Simples,Curva,-18.70429,-39.87066,DEL04-ES,Risco Médio,Alta
segunda-feira,BR-116,415.5,Pleno dia,Crescente,Nublado,Simples,Reta,-18.88401,-41.94924,DEL06-MG,Risco Médio,Alta
segunda-feira,BR-262,57.8,Pleno dia,Decrescente,Céu Claro,Simples,Curva,-20.42023,-40.76684,DEL01-ES,Risco Médio,Média
terça-feira,BR-467,108.9,Pleno dia,Decrescente,Céu Claro,Dupla,Curva,-24.9261,-53.4589,DEL04-PR,Risco Médio,Baixa
domingo,BR-50,25.0,Pleno dia,Crescente,Chuva,Dupla,Reta,-18.60474,-48.05144,DEL15-MG,Risco Médio,Média
sábado,BR-116,290.0,Pleno dia,Decrescente,Nublado,Dupla,Curva,-23.73033,-46.89426,DEL04-SP,Risco Médio,Alta
segunda-feira,BR-101,263.9,Pleno dia,Decrescente,Nublado,Simples,Reta,-12.9781,-39.2801,DEL01-BA,Risco Médio,Alta
quarta-feira,BR-116,228.5,Pleno dia,Crescente,Céu Claro,Dupla,Reta,-22.66062,-43.82667,DEL07-RJ,Risco Médio,Alta
sábado,BR-101,296.0,Plena Noite,Decrescente,Nublado,Dupla,Reta,-22.76705,-42.91025,DEL02-RJ,Risco Médio,Alta
domingo,BR-381,521.7,Pleno dia,Crescente,Nublado,Dupla,Não Informado,-20.13847,-44.31715,DEL04-MG,Risco Médio,Alta
terça-feira,BR-40,690.4,Plena Noite,Decrescente,Céu Claro,Dupla,Curva,-21.10166,-43.76385,DEL05-MG,Risco Médio,Alta
domingo,BR-60,177.0,Plena Noite,Crescente,Nublado,Dupla,Reta,-16.7562,-49.4492,DEL01-GO,Risco Médio,Média
sábado,BR-116,125.0,Plena Noite,Decrescente,Chuva,Dupla,Curva,-22.65157,-43.0777,DEL02-RJ,Risco Médio,Alta
domingo,BR-101,68.9,Plena Noite,Crescente,Céu Claro,Simples,Reta,-8.050743,-34.94581,DEL01-PE,Risco Médio,Alta
quinta-feira,BR-222,129.0,Pleno dia,Decrescente,Nublado,Simples,Curva,-3.707476,-39.62331,DEL04-CE,Risco Médio,Baixa
domingo,BR-282,425.6,Plena Noite,Crescente,Nublado,Simples,Curva,-26.98041,-51.75626,DEL07-SC,Risco Médio,Baixa
sábado,BR-101,459.5,Pleno dia,Crescente,Chuva,Simples,Curva,-21.12935,-41.28052,DEL03-ES,Risco Médio,Alta
quinta-feira,BR-277,36.6,Pleno dia,Crescente,Chuva,Dupla,Curva,-25.57218,-48.83595,DEL01-PR,Risco Baixo,Média
domingo,BR-230,32.0,Pleno dia,Crescente,Sol,Dupla,Reta,-7.14089,-34.92118,DEL01-PB,Risco Médio,Baixa
sexta-feira,BR-376,682.0,Pleno dia,Decrescente,Sol,Dupla,Reta,-25.97312,-48.89058,DEL01-PR,Risco Médio,Baixa
terça-feira,BR-316,258.0,Pleno dia,Decrescente,Céu Claro,Simples,Reta,-9.591383,-35.92309,DEL02-AL,Risco Baixo,Baixa
domingo,BR-319,62.8,Plena Noite,Decrescente,Garoa/Chuvisco,Dupla,Interseção de vias,-8.756152,-63.88628,DEL01-RO,Risco Médio,Baixa
quinta-feira,BR-116,38.7,Plena Noite,Crescente,Garoa/Chuvisco,Simples,Reta,-28.51019,-50.93037,DEL05-RS,Risco Médio,Alta
quinta-feira,BR-116,92.5,Pleno dia,Decrescente,Nublado,Dupla,Curva,-25.51115,-49.1264,DEL01-PR,Risco Médio,Alta
domingo,BR-101,146.0,Plena Noite,Decrescente,Nublado,Múltipla,Reta,-27.08667,-48.60956,DEL04-SC,Risco Médio,Alta
sexta-feira,BR-423,68.0,Plena Noite,Crescente,Nublado,Simples,Curva,-8.672637,-36.39347,DEL03-PE,Risco Médio,Baixa
domingo,BR-101,88.0,Plena Noite,Crescente,Ignorado,Simples,Reta,-8.199714,-34.97854,DEL01-PE,Risco Médio,Alta
domingo,BR-262,359.4,Plena Noite,Decrescente,Chuva,Dupla,Reta,-19.97316,-44.26539,DEL01-MG,Risco Médio,Média
domingo,BR-116,149.4,Pleno dia,Crescente,Chuva,Simples,Reta,-27.02405,-50.42006,DEL06-SC,Risco Médio,Alta
quarta-feira,BR-470,36.0,Pleno dia,Crescente,Ignorado,Simples,Reta,-26.9104,-48.9489,DEL04-SC,Risco Médio,Baixa
quinta-feira,BR-262,1.2,Pleno dia,Crescente,Céu Claro,Múltipla,Reta,-20.3294,-40.35616,DEL01-ES,Risco Baixo,Média
quarta-feira,BR-277,80.0,Pleno dia,Crescente,Céu Claro,Dupla,Reta,-25.46206,-49.21874,DEL01-PR,Risco Médio,Média
quinta-feira,BR-376,197.0,Amanhecer,Decrescente,Céu Claro,Dupla,Não Informado,-23.50135,-51.77564,DEL07-PR,Risco Médio,Baixa
sábado,BR-290,6.4,Pleno dia,Crescente,Céu Claro,Múltipla,Curva,-29.89319,-50.35305,DEL03-RS,Risco Médio,Baixa
quarta-feira,BR-282,58.2,Pleno dia,Crescente,Céu Claro,Simples,Retorno Regulamentado,-27.68359,-49.00554,DEL01-SC,Risco Médio,Baixa
sábado,BR-376,489.5,Pleno dia,Decrescente,Céu Claro,Dupla,Reta,-25.14173,-50.15869,DEL03-PR,Risco Baixo,Baixa
sábado,BR-116,75.3,Amanhecer,Decrescente,Nublado,Dupla,Reta,-22.87522,-45.26277,DEL06-SP,Risco Alto,Alta
terça-feira,BR-101,358.2,Plena Noite,Crescente,Céu Claro,Dupla,Reta,-20.69172,-40.70425,DEL03-ES,Risco Médio,Alta
sábado,BR-116,160.0,Plena Noite,Decrescente,Nublado,Dupla,Reta,-25.86574,-49.4371,DEL01-PR,Risco Médio,Alta
sábado,BR-163,652.0,Pleno dia,Crescente,Céu Claro,Simples,Reta,-4.513942,-55.86545,DEL05-PA,Risco Baixo,Alta
quarta-feira,BR-293,63.3,Plena Noite,Decrescente,Céu Claro,Simples,Reta,-31.70217,-52.97024,DEL07-RS,Risco Médio,Baixa
segunda-feira,BR-101,412.0,Pleno dia,Decrescente,Chuva,Dupla,Reta,-22.90129,-43.86852,DEL03-RJ,Risco Baixo,Alta
sábado,BR-101,875.0,Plena Noite,Crescente,Nublado,Dupla,Reta,-17.52481,-39.70841,DEL09-BA,Risco Médio,Alta
sexta-feira,BR-316,6.0,Pleno dia,Crescente,Céu Claro,Dupla,Reta,-1.376785,-48.39174,DEL01-PA,Risco Médio,Baixa
sexta-feira,BR-280,71.0,Plena Noite,Decrescente,Garoa/Chuvisco,Simples,Reta,-26.46152,-49.13481,DEL03-SC,Risco Médio,Baixa
sexta-feira,BR-116,251.0,Pleno dia,Crescente,Chuva,Dupla,Reta,-29.79745,-51.16516,DEL01-RS,Risco Baixo,Alta
segunda-feira,BR-467,109.0,Plena Noite,Decrescente,Céu Claro,Dupla,Curva,-24.9261,-53.4589,DEL04-PR,Risco Médio,Baixa
terça-feira,BR-101,104.0,Pleno dia,Crescente,Sol,Múltipla,Viaduto,-5.892745,-35.25722,DEL01-RN,Risco Médio,Alta
quinta-feira,BR-101,80.0,Pleno dia,Decrescente,Céu Claro,Dupla,Reta,-8.152057,-34.94251,DEL01-PE,Risco Médio,Alta
quinta-feira,BR-376,180.3,Pleno dia,Decrescente,Sol,Dupla,Não Informado,-23.42874,-51.89262,DEL07-PR,Risco Médio,Baixa
segunda-feira,BR-116,271.0,Plena Noite,Crescente,Chuva,Múltipla,Reta,-23.61809,-46.80556,DEL04-SP,Risco Médio,Alta
quarta-feira,BR-116,554.2,Anoitecer,Crescente,Céu Claro,Simples,Reta,-20.00118,-42.14034,DEL06-MG,Risco Médio,Alta
quarta-feira,BR-116,181.0,Pleno dia,Decrescente,Nublado,Múltipla,Reta,-22.76131,-43.42349,DEL01-RJ,Risco Médio,Alta
terça-feira,BR-282,466.0,Plena Noite,Crescente,Chuva,Simples,Curva,-26.85458,-52.08676,DEL07-SC,Risco Médio,Baixa
quarta-feira,BR-230,289.9,Plena Noite,Crescente,Céu Claro,Simples,Reta,-6.879924,-36.9021,DEL03-PB,Risco Baixo,Baixa
sábado,BR-135,164.9,Pleno dia,Decrescente,Céu Claro,Simples,Reta,-3.960461,-44.51557,DEL01-MA,Risco Baixo,Baixa
sábado,BR-10,6.2,Pleno dia,Crescente,Chuva,Simples,Não Informado,-4.384393,-47.53529,DEL02-PA,Risco Baixo,Baixa
sexta-feira,BR-163,118.0,Pleno dia,Crescente,Céu Claro,Dupla,Reta,-16.51361,-54.6552,DEL02-MT,Risco Médio,Alta
segunda-feira,BR-116,111.9,Pleno dia,Decrescente,Céu Claro,Dupla,Reta,-25.56885,-49.22725,DEL01-PR,Risco Médio,Alta
domingo,BR-365,623.0,Plena Noite,Crescente,Céu Claro,Dupla,Reta,-18.91003,-48.30695,DEL15-MG,Risco Médio,Média
sábado,BR-376,600.0,Amanhecer,Decrescente,Chuva,Dupla,Reta,-25.53196,-49.32206,DEL01-PR,Risco Médio,Baixa
terça-feira,BR-20,44.4,Pleno dia,Decrescente,Céu Claro,Dupla,Curva,-15.57533,-47.47614,DEL02-DF,Risco Médio,Baixa
quarta-feira,BR-40,114.4,Pleno dia,Decrescente,Céu Claro,Dupla,Reta,-22.72436,-43.28918,DEL01-RJ,Risco Médio,Alta
terça-feira,BR-381,501.0,Plena Noite,Decrescente,Ignorado,Dupla,Reta,-20.03146,-44.23779,DEL01-MG,Risco Médio,Alta
segunda-feira,BR-365,620.0,Anoitecer,Crescente,Ignorado,Dupla,Não Informado,-18.9035,-48.28131,DEL15-MG,Risco Médio,Média
domingo,BR-280,82.0,Pleno dia,Decrescente,Céu Claro,Simples,Reta,-26.44009,-49.22605,DEL06-SC,Risco Médio,Baixa
quarta-feira,BR-101,234.0,Amanhecer,Decrescente,Céu Claro,Dupla,Reta,-10.11607,-36.76689,DEL02-AL,Risco Médio,Alta
quinta-feira,BR-393,2.9,Pleno dia,Crescente,Céu Claro,Simples,Reta,-20.83243,-41.17491,DEL03-ES,Risco Médio,Média
terça-feira,BR-470,66.0,Plena Noite,Crescente,Céu Claro,Simples,Interseção de vias,-26.8702,-49.22743,DEL04-SC,Risco Médio,Baixa
terça-feira,BR-153,519.9,Anoitecer,Decrescente,Chuva,Dupla,Reta,-16.87063,-49.25099,DEL01-GO,Risco Médio,Alta
sexta-feira,BR-282,134.6,Pleno dia,Decrescente,Céu Claro,Simples,Reta,-27.81307,-49.54008,DEL05-SC,Risco Médio,Baixa
quarta-feira,BR-101,34.0,Pleno dia,Crescente,Nublado,Simples,Reta,-10.4724,-36.9502,DEL02-SE,Risco Médio,Alta
terça-feira,BR-343,15.0,Plena Noite,Crescente,Céu Claro,Dupla,Reta,-2.93659,-41.75494,DEL05-PI,Risco Médio,Baixa
quarta-feira,BR-101,144.0,Pleno dia,Crescente,Céu Claro,Dupla,Curva,-22.21328,-41.75427,DEL08-RJ,Risco Médio,Alta
sábado,BR-116,64.0,Plena Noite,Crescente,Chuva,Dupla,Reta,-25.30617,-48.99337,DEL01-PR,Risco Médio,Alta
sexta-feira,BR-116,590.3,Pleno dia,Decrescente,Céu Claro,Simples,Reta,-20.2554,-42.1414,DEL06-MG,Risco Médio,Alta
sexta-feira,BR-101,315.0,Plena Noite,Crescente,Chuva,Dupla,Reta,-22.7967,-43.0431,DEL02-RJ,Risco Baixo,Alta
sábado,BR-232,132.0,Plena Noite,Decrescente,Céu Claro,Dupla,Reta,-8.303624,-36.0071,DEL02-PE,Risco Baixo,Baixa
quinta-feira,BR-277,725.3,Pleno dia,Crescente,Céu Claro,Dupla,Desvio Temporário,-25.51003,-54.54811,DEL05-PR,Risco Médio,Média
segunda-feira,BR-40,628.6,Pleno dia,Decrescente,Céu Claro,Múltipla,Curva,-20.65363,-43.80878,DEL05-MG,Risco Médio,Alta
quarta-feira,BR-101,124.7,Plena Noite,Crescente,Nublado,Dupla,Reta,-26.9479,-48.6832,DEL04-SC,Risco Baixo,Alta
domingo,BR-101,525.0,Plena Noite,Decrescente,Céu Claro,Simples,Reta,-14.96105,-39.30915,DEL05-BA,Risco Alto,Alta
sexta-feira,BR-226,56.0,Pleno dia,Decrescente,Sol,Simples,Não Informado,-6.822941,-47.83815,DEL02-TO,Risco Baixo,Baixa
sexta-feira,BR-20,9.0,Pleno dia,Crescente,Nublado,Dupla,Reta,-15.65301,-47.78349,DEL02-DF,Risco Médio,Baixa
sábado,BR-386,44.9,Plena Noite,Crescente,Céu Claro,Simples,Reta,-27.43969,-53.41753,DEL08-RS,Risco Médio,Média
quinta-feira,BR-116,317.0,Plena Noite,Crescente,Nublado,Dupla,Curva,-23.91597,-46.98932,DEL04-SP,Risco Baixo,Alta
quarta-feira,BR-493,116.6,Pleno dia,Decrescente,Nublado,Dupla,Reta,-22.81021,-43.79786,DEL01-RJ,Risco Médio,Baixa
terça-feira,BR-155,255.0,Pleno dia,Decrescente,Céu Claro,Simples,Desvio Temporário,-6.085102,-49.31873,DEL03-PA,Risco Baixo,Baixa
terça-feira,BR-101,206.5,Plena Noite,Crescente,Céu Claro,Dupla,Curva,-19.7929,-40.37085,DEL02-ES,Risco Médio,Alta
domingo,BR-381,528.0,Pleno dia,Crescente,Céu Claro,Dupla,Reta,-20.16368,-44.36025,DEL04-MG,Risco Médio,Alta
sábado,BR-40,569.1,Amanhecer,Crescente,Nublado,Simples,Reta,-20.20394,-43.97409,DEL01-MG,Risco Médio,Alta
segunda-feira,BR-304,268.0,Plena Noite,Crescente,Céu Claro,Simples,Não Informado,-5.866039,-35.595,DEL01-RN,Risco Médio,Baixa
quarta-feira,BR-277,344.1,Pleno dia,Decrescente,Chuva,Dupla,Não Informado,-25.3647,-51.47676,DEL03-PR,Risco Médio,Média
sábado,BR-116,651.7,Pleno dia,Decrescente,Céu Claro,Simples,Não Informado,-20.71518,-42.28222,DEL07-MG,Risco Alto,Alta
quarta-feira,BR-290,95.0,Pleno dia,Decrescente,Nublado,Dupla,Desvio Temporário,-29.98283,-51.20157,DEL01-RS,Risco Médio,Baixa
domingo,BR-393,258.4,Pleno dia,Crescente,Céu Claro,Simples,Curva,-22.45148,-43.82691,DEL05-RJ,Risco Médio,Média
domingo,BR-158,127.8,Plena Noite,Crescente,Céu Claro,Simples,Reta,-19.92648,-51.12564,DEL08-MS,Risco Médio,Baixa
sábado,BR-376,434.6,Pleno dia,Crescente,Sol,Dupla,Reta,-24.77114,-50.52244,DEL03-PR,Risco Médio,Baixa
quarta-feira,BR-407,129.9,Pleno dia,Crescente,Céu Claro,Dupla,Não Informado,-9.407831,-40.50459,DEL06-PE,Risco Alto,Baixa
sexta-feira,BR-230,71.4,Pleno dia,Crescente,Céu Claro,Dupla,Reta,-7.190273,-35.26519,DEL01-PB,Risco Médio,Baixa
sábado,BR-232,120.0,Pleno dia,Crescente,Céu Claro,Dupla,Reta,-8.303379,-35.92523,DEL02-PE,Risco Médio,Baixa
domingo,BR-392,102.5,Plena Noite,Crescente,Céu Claro,Simples,Não Informado,-31.52321,-52.59146,DEL07-RS,Risco Médio,Média
terça-feira,BR-10,217.2,Plena Noite,Crescente,Céu Claro,Simples,Reta,-5.818006,-47.35835,DEL04-MA,Risco Médio,Baixa
quarta-feira,BR-116,145.5,Pleno dia,Crescente,Céu Claro,Múltipla,Reta,-23.18696,-45.85561,DEL02-SP,Risco Médio,Alta
domingo,BR-369,184.0,Plena Noite,Crescente,Céu Claro,Múltipla,Interseção de vias,-23.40155,-51.42767,DEL07-PR,Risco Médio,Baixa
domingo,BR-116,284.9,Pleno dia,Decrescente,Céu Claro,Dupla,Reta,-23.70408,-46.8725,DEL04-SP,Risco Médio,Alta
sábado,BR-116,8.2,Pleno dia,Decrescente,Chuva,Simples,Curva,-7.920204,-39.11902,DEL05-PE,Risco Baixo,Alta
domingo,BR-262,634.0,Pleno dia,Decrescente,Sol,Simples,Não Informado,-19.59291,-46.49,DEL08-MG,Risco Médio,Média
sexta-feira,BR-282,644.1,Pleno dia,Decrescente,Céu Claro,Simples,Reta,-26.76916,-53.47939,DEL07-SC,Risco Médio,Baixa
quarta-feira,BR-153,91.9,Pleno dia,Crescente,Céu Claro,Simples,Não Informado,-19.15243,-48.96164,DEL15-MG,Risco Médio,Alta
domingo,BR-376,182.1,Pleno dia,Decrescente,Nublado,Dupla,Curva,-23.43229,-51.88633,DEL07-PR,Risco Alto,Baixa
segunda-feira,BR-381,941.0,Pleno dia,Crescente,Céu Claro,Dupla,Curva,-22.8354,-46.3196,DEL16-MG,Risco Baixo,Alta
domingo,BR-222,310.0,Plena Noite,Crescente,Céu Claro,Simples,Reta,-3.743231,-40.94982,DEL04-CE,Risco Médio,Baixa
sexta-feira,BR-116,344.5,Pleno dia,Decrescente,Nublado,Dupla,Não Informado,-24.03293,-47.1822,DEL04-SP,Risco Médio,Alta
sábado,BR-101,370.6,Plena Noite,Crescente,Céu Claro,Simples,Reta,-20.77088,-40.76341,DEL03-ES,Risco Baixo,Alta
domingo,BR-101,266.0,Plena Noite,Decrescente,Chuva,Dupla,Reta,-20.19044,-40.26836,DEL02-ES,Risco Baixo,Alta
segunda-feira,BR-222,126.0,Pleno dia,Crescente,Céu Claro,Simples,Desvio Temporário,-3.696131,-39.60076,DEL04-CE,Risco Médio,Baixa
terça-feira,BR-277,717.4,Plena Noite,Decrescente,Céu Claro,Dupla,Reta,-25.47637,-54.47652,DEL05-PR,Risco Baixo,Média
quarta-feira,BR-262,536.0,Pleno dia,Crescente,Céu Claro,Simples,Reta,-20.33088,-56.19417,DEL03-MS,Risco Médio,Média
domingo,BR-104,48.4,Plena Noite,Decrescente,Céu Claro,Dupla,Reta,-8.138332,-35.98958,DEL02-PE,Risco Médio,Baixa
quarta-feira,BR-230,4.2,Plena Noite,Crescente,Céu Claro,Simples,Reta,-7.001805,-34.82856,DEL01-PB,Risco Médio,Baixa
sábado,BR-40,606.6,Plena Noite,Decrescente,Chuva,Simples,Reta,-20.46835,-43.84095,DEL05-MG,Risco Médio,Alta
terça-feira,BR-277,585.0,Pleno dia,Crescente,Sol,Simples,Não Informado,-24.96436,-53.4118,DEL04-PR,Risco Médio,Média
terça-feira,BR-163,22.0,Pleno dia,Crescente,Nublado,Simples,Não Informado,-26.1624,-53.6788,DEL02-PR,Risco Médio,Alta
domingo,BR-470,70.8,Plena Noite,Decrescente,Céu Claro,Simples,Reta,-26.88937,-49.25448,DEL04-SC,Risco Médio,Baixa
sexta-feira,BR-101,37.8,Pleno dia,Decrescente,Céu Claro,Simples,Reta,-18.47333,-39.92661,DEL04-ES,Risco Médio,Alta
domingo,BR-101,75.0,Amanhecer,Decrescente,Céu Claro,Dupla,Reta,-29.78748,-50.23072,DEL03-RS,Risco Médio,Alta
quinta-feira,BR-153,55.0,Pleno dia,Crescente,Céu Claro,Simples,Reta,-20.75317,-49.34258,DEL09-SP,Risco Médio,Alta
segunda-feira,BR-116,180.9,Anoitecer,Decrescente,Nublado,Múltipla,Reta,-22.73939,-43.46859,DEL01-RJ,Risco Médio,Alta
quinta-feira,BR-163,100.1,Pleno dia,Crescente,Chuva,Simples,Curva,-26.47101,-53.50704,DEL07-SC,Risco Alto,Alta
segunda-feira,BR-376,179.1,Pleno dia,Crescente,Céu Claro,Dupla,Não Informado,-23.42244,-51.9036,DEL07-PR,Risco Médio,Baixa
sexta-feira,BR-116,120.0,Pleno dia,Decrescente,Céu Claro,Dupla,Reta,-23.0708,-45.643,DEL06-SP,Risco Baixo,Alta
quinta-feira,BR-60,292.0,Pleno dia,Crescente,Céu Claro,Dupla,Reta,-17.3116,-50.2856,DEL04-GO,Risco Baixo,Média
sexta-feira,BR-277,584.0,Pleno dia,Decrescente,Céu Claro,Simples,Curva,-24.96456,-53.40709,DEL04-PR,Risco Médio,Média
sexta-feira,BR-70,311.0,Pleno dia,Decrescente,Céu Claro,Simples,Não Informado,-15.87421,-50.84211,DEL04-GO,Risco Médio,Baixa
sexta-feira,BR-364,465.0,Plena Noite,Decrescente,Céu Claro,Simples,Curva,-10.22421,-62.76234,DEL03-RO,Risco Médio,Alta
quinta-feira,BR-101,19.2,Plena Noite,Crescente,Céu Claro,Dupla,Reta,-26.13841,-48.90126,DEL03-SC,Risco Baixo,Alta
domingo,BR-280,123.0,Pleno dia,Crescente,Garoa/Chuvisco,Simples,Curva,-26.2442,-49.46558,DEL06-SC,Risco Baixo,Baixa
quinta-feira,BR-381,489.0,Pleno dia,Decrescente,Sol,Simples,Não Informado,-19.95681,-44.12805,DEL01-MG,Risco Médio,Alta
quarta-feira,BR-101,167.0,Pleno dia,Decrescente,Céu Claro,Simples,Reta,-12.3594,-38.83861,DEL01-BA,Risco Médio,Alta
terça-feira,BR-50,161.0,Plena Noite,Crescente,Céu Claro,Dupla,Reta,-19.65927,-48.00252,DEL13-MG,Risco Médio,Média
sexta-feira,BR-262,138.4,Plena Noite,Decrescente,Céu Claro,Simples,Não Informado,-20.23406,-41.35254,DEL01-ES,Risco Médio,Média
sábado,BR-101,528.0,Plena Noite,Crescente,Céu Claro,Simples,Curva,-23.21826,-44.71344,DEL03-RJ,Risco Médio,Alta
sábado,BR-285,293.3,Plena Noite,Decrescente,Garoa/Chuvisco,Simples,Não Informado,-28.23664,-52.37516,DEL08-RS,Risco Baixo,Baixa
quinta-feira,BR-364,402.0,Pleno dia,Decrescente,Céu Claro,Dupla,Desvio Temporário,-15.66855,-55.95477,DEL01-MT,Risco Médio,Alta
quarta-feira,BR-40,1.8,Plena Noite,Crescente,Céu Claro,Dupla,Não Informado,-16.06471,-47.98392,DEL01-DF,Risco Médio,Alta
sábado,BR-381,517.2,Pleno dia,Decrescente,Chuva,Dupla,Curva,-20.10766,-44.32544,DEL01-MG,Risco Baixo,Alta
quinta-feira,BR-116,152.3,Pleno dia,Crescente,Nublado,Dupla,Não Informado,-29.18293,-51.16802,DEL05-RS,Risco Médio,Alta
segunda-feira,BR-381,14.0,Pleno dia,Decrescente,Céu Claro,Dupla,Reta,-22.9789,-46.47101,DEL03-SP,Risco Médio,Alta
sexta-feira,BR-60,38.9,Pleno dia,Decrescente,Céu Claro,Dupla,Rotatória,-16.6777,-49.2676,DEL01-GO,Risco Médio,Média
sábado,BR-364,149.6,Pleno dia,Decrescente,Céu Claro,Simples,Desvio Temporário,-12.00445,-60.92603,DEL02-RO,Risco Baixo,Alta
domingo,BR-101,238.5,Plena Noite,Decrescente,Céu Claro,Simples,Não Informado,-20.00196,-40.41321,DEL02-ES,Risco Médio,Alta
domingo,BR-174,329.0,Anoitecer,Crescente,Sol,Simples,Reta,1.56292,-60.98942,DEL01-RR,Risco Alto,Baixa
domingo,BR-285,102.1,Pleno dia,Decrescente,Sol,Simples,Reta,-28.5615,-50.78261,DEL05-RS,Risco Alto,Baixa
domingo,BR-60,272.3,Pleno dia,Decrescente,Céu Claro,Simples,Reta,-17.21315,-50.16017,DEL01-GO,Risco Alto,Média
quarta-feira,BR-493,22.5,Pleno dia,Decrescente,Nublado,Simples,Reta,-22.65931,-43.0533,DEL02-RJ,Risco Médio,Baixa
domingo,BR-282,229.8,Plena Noite,Decrescente,Céu Claro,Simples,Reta,-27.78838,-50.42311,DEL05-SC,Risco Baixo,Baixa
segunda-feira,BR-293,68.0,Plena Noite,Decrescente,Céu Claro,Simples,Reta,-31.69509,-53.00571,DEL07-RS,Risco Alto,Baixa
quarta-feira,BR-116,40.3,Pleno dia,Crescente,Céu Claro,Simples,Não Informado,-28.51839,-50.93942,DEL05-RS,Risco Médio,Alta
domingo,BR-428,191.8,Pleno dia,Crescente,Sol,Simples,Reta,-9.385091,-40.52168,DEL06-PE,Risco Baixo,Baixa
quinta-feira,BR-470,52.8,Pleno dia,Decrescente,Chuva,Simples,Reta,-26.86171,-49.08193,DEL04-SC,Risco Médio,Baixa
quinta-feira,BR-40,447.0,Anoitecer,Crescente,Chuva,Dupla,Reta,-19.302,-44.3773,DEL02-MG,Risco Baixo,Alta
sábado,BR-364,270.1,Plena Noite,Crescente,Céu Claro,Simples,Reta,-17.66832,-52.31225,DEL05-GO,Risco Baixo,Alta
sábado,BR-40,520.5,Plena Noite,Crescente,Céu Claro,Dupla,Reta,-19.84762,-44.07276,DEL01-MG,Risco Médio,Alta
sexta-feira,BR-376,590.0,Anoitecer,Decrescente,Nublado,Dupla,Reta,-25.45156,-49.36238,DEL01-PR,Risco Médio,Baixa
sábado,BR-101,889.0,Plena Noite,Decrescente,Nublado,Simples,Não Informado,-17.62771,-39.76792,DEL09-BA,Risco Médio,Alta
terça-feira,BR-435,93.3,Pleno dia,Crescente,Ignorado,Simples,Não Informado,-13.1909,-60.55098,DEL04-RO,Risco Médio,Baixa
quinta-feira,BR-230,116.0,Pleno dia,Crescente,Céu Claro,Dupla,Reta,-5.359475,-49.08301,DEL03-PA,Risco Baixo,Baixa
domingo,BR-467,81.4,Pleno dia,Decrescente,Céu Claro,Dupla,Não Informado,-24.79477,-53.67512,DEL04-PR,Risco Baixo,Baixa
domingo,BR-285,341.5,Plena Noite,Crescente,Nublado,Simples,Reta,-28.31775,-52.80684,DEL08-RS,Risco Médio,Baixa
quarta-feira,BR-163,505.0,Pleno dia,Crescente,Chuva,Simples,Reta,-20.29579,-54.50142,DEL01-MS,Risco Médio,Alta
sexta-feira,BR-116,38.3,Plena Noite,Decrescente,Céu Claro,Simples,Interseção de vias,-28.5071,-50.92688,DEL05-RS,Risco Médio,Alta
quinta-feira,BR-116,184.0,Amanhecer,Decrescente,Nublado,Dupla,Reta,-22.74647,-43.44594,DEL01-RJ,Risco Médio,Alta
sexta-feira,BR-101,310.0,Pleno dia,Crescente,Sol,Dupla,Reta,-22.79717,-43.04405,DEL02-RJ,Risco Médio,Alta
sábado,BR-163,154.9,Plena Noite,Decrescente,Céu Claro,Simples,Reta,-22.94335,-54.46142,DEL09-MS,Risco Médio,Alta
quinta-feira,BR-415,25.1,Pleno dia,Decrescente,Céu Claro,Simples,Reta,-14.8482,-39.28199,DEL05-BA,Risco Médio,Baixa
quinta-feira,BR-470,249.1,Pleno dia,Crescente,Céu Claro,Simples,Rotatória,-27.3129,-50.55964,DEL05-SC,Risco Médio,Baixa
segunda-feira,BR-290,67.0,Pleno dia,Crescente,Sol,Múltipla,Reta,-29.94256,-50.9259,DEL03-RS,Risco Baixo,Baixa
sexta-feira,BR-277,52.8,Plena Noite,Decrescente,Chuva,Dupla,Reta,-25.58557,-48.96651,DEL01-PR,Risco Baixo,Média
sexta-feira,BR-116,232.0,Plena Noite,Decrescente,Céu Claro,Simples,Curva,-29.633,-51.14325,DEL01-RS,Risco Baixo,Alta
sábado,BR-116,213.0,Plena Noite,Decrescente,Chuva,Múltipla,Reta,-23.43971,-46.43668,DEL01-SP,Risco Médio,Alta
segunda-feira,BR-101,332.0,Pleno dia,Decrescente,Céu Claro,Dupla,Curva,-28.46016,-48.98969,DEL02-SC,Risco Médio,Alta
sexta-feira,BR-262,448.0,Amanhecer,Decrescente,Chuva,Simples,Não Informado,-20.53883,-55.43731,DEL03-MS,Risco Médio,Média
sábado,BR-116,415.0,Pleno dia,Crescente,Céu Claro,Simples,Reta,-12.15964,-38.96486,DEL02-BA,Risco Médio,Alta
sexta-feira,BR-101,502.0,Pleno dia,Crescente,Chuva,Simples,Reta,-22.92527,-44.3699,DEL03-RJ,Risco Médio,Alta