dia_semana,br,km,fase_dia,sentido_via,condicao_metereologica,tipo_pista,tracado_via,latitude,longitude,delegacia,classificacao_acidente,postos_policiais_PRF
quarta-feira,BR-40,617.4,Plena Noite,Crescente,Céu Claro,Simples,Reta,-20.56162,-43.81234,DEL05-MG,Risco Médio,Alta
quarta-feira,BR-304,52.7,Plena Noite,Crescente,Céu Claro,Simples,Reta,-4.574024,-37.73636,DEL03-CE,Risco Médio,Baixa
quarta-feira,BR-60,7.7,Pleno dia,Crescente,Céu Claro,Dupla,Não Informado,-15.90257,-48.12841,DEL01-DF,Risco Médio,Média
domingo,BR-116,70.0,Pleno dia,Crescente,Nublado,Simples,Reta,-22.3188,-42.93759,DEL04-RJ,Risco Médio,Alta
quinta-feira,BR-116,316.3,Pleno dia,Crescente,Céu Claro,Dupla,Curva,-23.93531,-47.07397,DEL04-SP,Risco Médio,Alta
segunda-feira,BR-116,433.0,Amanhecer,Decrescente,Nublado,Dupla,Reta,-24.48798,-47.84402,DEL05-SP,Risco Médio,Alta
sábado,BR-469,13.5,Plena Noite,Decrescente,Céu Claro,Simples,Interseção de vias,-25.57678,-54.5445,DEL05-PR,Risco Baixo,Baixa
quarta-feira,BR-282,504.2,Pleno dia,Decrescente,Sol,Simples,Reta,-26.88428,-52.40847,DEL07-SC,Risco Médio,Baixa
segunda-feira,BR-407,19.7,Pleno dia,Crescente,Céu Claro,Simples,Reta,-9.561148,-40.43635,DEL04-BA,Risco Alto,Baixa
quinta-feira,BR-470,105.1,Plena Noite,Decrescente,Garoa/Chuvisco,Simples,Reta,-27.06601,-49.41702,DEL04-SC,Risco Médio,Baixa
quinta-feira,BR-101,122.7,Pleno dia,Crescente,Nublado,Dupla,Não Informado,-7.46409,-34.97855,DEL01-PB,Risco Baixo,Alta
terça-feira,BR-116,500.0,Plena Noite,Crescente,Ignorado,Simples,Reta,-19.56125,-42.12313,DEL06-MG,Risco Médio,Alta
quinta-feira,BR-101,214.8,Pleno dia,Decrescente,Sol,Dupla,Reta,-27.64443,-48.67057,DEL01-SC,Risco Médio,Alta
sexta-feira,BR-242,856.0,Pleno dia,Crescente,Céu Claro,Simples,Reta,-12.0694,-45.55486,DEL10-BA,Risco Alto,Baixa
terça-feira,BR-40,755.6,Pleno dia,Decrescente,Chuva,Simples,Curva,-21.48605,-43.53483,DEL05-MG,Risco Médio,Alta
domingo,BR-163,275.0,Plena Noite,Decrescente,Chuva,Dupla,Reta,-24.61125,-53.95456,DEL06-PR,Risco Médio,Alta
quarta-feira,BR-101,417.0,Pleno dia,Crescente,Chuva,Dupla,Curva,-22.91454,-43.90088,DEL03-RJ,Risco Alto,Alta
quinta-feira,BR-153,120.0,Pleno dia,Crescente,Nublado,Simples,Reta,-13.82289,-49.04181,DEL07-GO,Risco Médio,Alta
sexta-feira,BR-116,568.0,Plena Noite,Decrescente,Chuva,Dupla,Reta,-25.05935,-48.55935,DEL05-SP,Risco Médio,Alta
sábado,BR-361,4.2,Pleno dia,Crescente,Céu Claro,Simples,Reta,-7.03208,-37.29365,DEL03-PB,Risco Médio,Baixa
sexta-feira,BR-116,278.0,Plena Noite,Crescente,Céu Claro,Dupla,Reta,-23.63706,-46.83377,DEL04-SP,Risco Médio,Alta
quarta-feira,BR-116,9.0,Pleno dia,Crescente,Céu Claro,Múltipla,Reta,-3.827791,-38.50486,DEL01-CE,Risco Médio,Alta
sábado,BR-116,209.0,Pleno dia,Crescente,Céu Claro,Dupla,Interseção de vias,-26.07621,-49.75231,DEL06-SC,Risco Médio,Alta
quinta-feira,BR-116,151.7,Pleno dia,Decrescente,Céu Claro,Dupla,Curva,-29.18085,-51.16548,DEL05-RS,Risco Médio,Alta
quinta-feira,BR-222,14.0,Plena Noite,Decrescente,Céu Claro,Simples,Reta,-3.761685,-38.68641,DEL01-CE,Risco Médio,Baixa
sábado,BR-407,125.0,Pleno dia,Decrescente,Céu Claro,Dupla,Reta,-9.381029,-40.53213,DEL06-PE,Risco Médio,Baixa
quinta-feira,BR-369,156.0,Pleno dia,Decrescente,Céu Claro,Dupla,Reta,-23.29258,-51.21514,DEL07-PR,Risco Médio,Baixa
quinta-feira,BR-153,333.2,Amanhecer,Crescente,Céu Claro,Simples,Ponte,-15.54992,-49.43136,DEL02-GO,Risco Médio,Alta
sábado,BR-116,292.0,Pleno dia,Crescente,Céu Claro,Dupla,Reta,-22.46512,-44.28491,DEL07-RJ,Risco Médio,Alta
quinta-feira,BR-163,686.0,Pleno dia,Crescente,Céu Claro,Simples,Reta,-13.0834,-55.9407,DEL06-MT,Risco Baixo,Alta
domingo,BR-101,27.4,Plena Noite,Crescente,Nublado,Dupla,Não Informado,-26.2013,-48.91332,DEL03-SC,Risco Baixo,Alta
quinta-feira,BR-470,68.6,Plena Noite,Crescente,Chuva,Simples,Ponte,-26.87104,-49.22921,DEL04-SC,Risco Baixo,Baixa
sexta-feira,BR-365,610.0,Pleno dia,Decrescente,Chuva,Dupla,Reta,-18.8974,-48.2715,DEL15-MG,Risco Médio,Média
quinta-feira,BR-153,133.0,Plena Noite,Crescente,Nublado,Simples,Reta,-7.114611,-48.18743,DEL02-TO,Risco Médio,Alta
domingo,BR-418,52.0,Anoitecer,Decrescente,Nublado,Simples,Reta,-17.73243,-39.54738,DEL09-BA,Risco Médio,Baixa
quarta-feira,BR-101,204.0,Pleno dia,Crescente,Céu Claro,Simples,Interseção de vias,-12.63317,-39.09399,DEL01-BA,Risco Baixo,Alta
quarta-feira,BR-101,147.0,Pleno dia,Decrescente,Céu Claro,Múltipla,Reta,-19.3995,-40.0625,DEL04-ES,Risco Médio,Alta
sábado,BR-101,418.7,Pleno dia,Crescente,Nublado,Dupla,Reta,-28.98205,-49.53863,DEL02-SC,Risco Médio,Alta
domingo,BR-277,636.0,Plena Noite,Crescente,Céu Claro,Simples,Desvio Temporário,-25.14494,-53.83748,DEL05-PR,Risco Médio,Média
quarta-feira,BR-153,333.0,Anoitecer,Crescente,Céu Claro,Dupla,Rotatória,-8.828,-48.5123,DEL02-TO,Risco Médio,Alta
sábado,BR-393,177.0,Pleno dia,Crescente,Céu Claro,Simples,Curva,-22.13053,-43.22041,DEL05-RJ,Risco Médio,Média
sábado,BR-101,345.0,Plena Noite,Decrescente,Céu Claro,Simples,Reta,-13.5892,-39.4807,DEL05-BA,Risco Médio,Alta
sábado,BR-116,824.5,Pleno dia,Decrescente,Sol,Dupla,Não Informado,-14.81234,-40.79712,DEL08-BA,Risco Médio,Alta
quarta-feira,BR-469,15.3,Pleno dia,Decrescente,Chuva,Simples,Não Informado,-25.58241,-54.52646,DEL05-PR,Risco Baixo,Baixa
segunda-feira,BR-153,581.0,Plena Noite,Decrescente,Chuva,Dupla,Reta,-17.3907,-49.2271,DEL03-GO,Risco Baixo,Alta
quinta-feira,BR-50,275.0,Pleno dia,Crescente,Céu Claro,Simples,Reta,-18.1483,-47.907,DEL06-GO,Risco Médio,Média
quinta-feira,BR-101,719.0,Plena Noite,Decrescente,Céu Claro,Simples,Reta,-16.39358,-39.58383,DEL09-BA,Risco Médio,Alta
terça-feira,BR-116,226.0,Pleno dia,Crescente,Céu Claro,Múltipla,Reta,-23.49103,-46.54878,DEL01-SP,Risco Médio,Alta
quinta-feira,BR-116,9.8,Pleno dia,Crescente,Nublado,Dupla,Reta,-25.3708,-49.1246,DEL01-PR,Risco Médio,Alta
terça-feira,BR-50,222.0,Pleno dia,Decrescente,Céu Claro,Dupla,Desvio Temporário,-17.7395,-47.7318,DEL06-GO,Risco Médio,Média
sexta-feira,BR-101,152.0,Pleno dia,Decrescente,Céu Claro,Simples,Interseção de vias,-11.2734,-37.4473,DEL02-SE,Risco Médio,Alta
sexta-feira,BR-101,255.0,Amanhecer,Decrescente,Chuva,Simples,Não Informado,-12.92188,-39.24789,DEL01-BA,Risco Médio,Alta
quarta-feira,BR-163,129.2,Pleno dia,Crescente,Nublado,Dupla,Reta,-25.56106,-53.58097,DEL05-PR,Risco Médio,Alta
quinta-feira,BR-135,458.7,Plena Noite,Crescente,Céu Claro,Simples,Reta,-17.46315,-44.02708,DEL12-MG,Risco Médio,Baixa
terça-feira,BR-40,689.8,Plena Noite,Decrescente,Céu Claro,Simples,Curva,-21.13936,-43.76593,DEL05-MG,Risco Médio,Alta
domingo,BR-282,400.3,Plena Noite,Decrescente,Céu Claro,Simples,Reta,-27.13222,-51.62756,DEL07-SC,Risco Médio,Baixa
quinta-feira,BR-110,36.0,Plena Noite,Crescente,Céu Claro,Simples,Reta,-5.168777,-37.23531,DEL04-RN,Risco Médio,Baixa
sexta-feira,BR-376,177.0,Amanhecer,Crescente,Céu Claro,Múltipla,Reta,-23.41596,-51.92226,DEL09-PR,Risco Baixo,Baixa
domingo,BR-465,3.9,Pleno dia,Decrescente,Nublado,Simples,Reta,-22.74072,-43.70653,DEL01-RJ,Risco Médio,Baixa
quarta-feira,BR-101,376.9,Plena Noite,Crescente,Nublado,Múltipla,Reta,-28.72736,-49.24066,DEL02-SC,Risco Médio,Alta
segunda-feira,BR-135,231.2,Plena Noite,Decrescente,Nublado,Simples,Reta,-4.422848,-44.35327,DEL03-MA,Risco Médio,Baixa
sábado,BR-406,148.0,Plena Noite,Decrescente,Céu Claro,Simples,Reta,-5.6469,-35.4536,DEL02-RN,Risco Médio,Baixa
domingo,BR-428,190.3,Pleno dia,Crescente,Sol,Simples,Retorno Regulamentado,-9.37939,-40.50824,DEL06-PE,Risco Médio,Baixa
sexta-feira,BR-40,5.9,Pleno dia,Decrescente,Sol,Dupla,Reta,-16.02974,-47.97887,DEL01-DF,Risco Médio,Alta
sexta-feira,BR-163,762.0,Pleno dia,Crescente,Céu Claro,Simples,Reta,-12.44907,-55.659,DEL06-MT,Risco Médio,Alta
segunda-feira,BR-262,1.1,Pleno dia,Decrescente,Chuva,Múltipla,Ponte,-20.3324,-40.35467,DEL01-ES,Risco Médio,Média
quinta-feira,BR-116,397.9,Pleno dia,Decrescente,Céu Claro,Simples,Não Informado,-18.7557,-41.98569,DEL06-MG,Risco Médio,Alta
terça-feira,BR-381,54.1,Pleno dia,Decrescente,Céu Claro,Dupla,Reta,-23.24491,-46.59562,DEL03-SP,Risco Médio,Alta
terça-feira,BR-304,52.0,Anoitecer,Crescente,Céu Claro,Simples,Reta,-4.570807,-37.74473,DEL03-CE,Risco Médio,Baixa
terça-feira,BR-407,2.5,Pleno dia,Decrescente,Céu Claro,Simples,Reta,-9.358826,-40.48096,DEL06-PE,Risco Baixo,Baixa
domingo,BR-101,144.0,Plena Noite,Decrescente,Nublado,Dupla,Reta,-27.07327,-48.59673,DEL04-SC,Risco Baixo,Alta
segunda-feira,BR-10,243.0,Pleno dia,Decrescente,Céu Claro,Simples,Reta,-5.60354,-47.42386,DEL04-MA,Risco Baixo,Baixa
quinta-feira,BR-101,405.6,Amanhecer,Decrescente,Nublado,Dupla,Reta,-28.9051,-49.47861,DEL02-SC,Risco Baixo,Alta
domingo,BR-262,89.0,Plena Noite,Decrescente,Chuva,Simples,Reta,-20.38726,-41.01746,DEL01-ES,Risco Alto,Média
sábado,BR-280,31.1,Plena Noite,Crescente,Céu Claro,Simples,Reta,-26.41793,-48.77728,DEL03-SC,Risco Médio,Baixa
domingo,BR-101,365.0,Pleno dia,Crescente,Chuva,Dupla,Não Informado,-28.6829,-49.14759,DEL02-SC,Risco Médio,Alta
sábado,BR-101,158.0,Plena Noite,Decrescente,Nublado,Simples,Reta,-19.46095,-40.10491,DEL04-ES,Risco Médio,Alta
terça-feira,BR-101,189.0,Plena Noite,Decrescente,Chuva,Dupla,Curva,-27.45939,-48.63891,DEL01-SC,Risco Médio,Alta
quinta-feira,BR-20,417.0,Pleno dia,Crescente,Céu Claro,Dupla,Interseção de vias,-3.76999,-38.67006,DEL01-CE,Risco Médio,Baixa
terça-feira,BR-381,528.0,Pleno dia,Decrescente,Céu Claro,Dupla,Reta,-20.16368,-44.36025,DEL04-MG,Risco Médio,Alta
terça-feira,BR-40,5.0,Amanhecer,Decrescente,Céu Claro,Simples,Reta,-16.0209,-47.98054,DEL01-DF,Risco Médio,Alta
sexta-feira,BR-101,45.0,Pleno dia,Decrescente,Céu Claro,Dupla,Não Informado,-10.5611,-36.9678,DEL02-SE,Risco Médio,Alta
sexta-feira,BR-476,117.0,Pleno dia,Crescente,Sol,Dupla,Não Informado,-25.34862,-49.17566,DEL01-PR,Risco Médio,Baixa
sexta-feira,BR-153,642.6,Pleno dia,Decrescente,Céu Claro,Dupla,Reta,-17.8972,-49.2348,DEL03-GO,Risco Médio,Alta
quarta-feira,BR-381,756.4,Plena Noite,Decrescente,Céu Claro,Dupla,Curva,-21.67544,-45.3388,DEL16-MG,Risco Alto,Alta
segunda-feira,BR-20,419.0,Anoitecer,Crescente,Céu Claro,Dupla,Não Informado,-3.76999,-38.67006,DEL01-CE,Risco Médio,Baixa
quarta-feira,BR-116,131.7,Pleno dia,Decrescente,Nublado,Dupla,Reta,-23.12743,-45.73638,DEL06-SP,Risco Baixo,Alta
segunda-feira,BR-116,198.4,Plena Noite,Crescente,Céu Claro,Simples,Curva,-26.02155,-49.67567,DEL06-SC,Risco Médio,Alta
domingo,BR-381,934.0,Pleno dia,Decrescente,Nublado,Dupla,Não Informado,-22.8083,-46.266,DEL16-MG,Risco Médio,Alta
sexta-feira,BR-354,732.3,Plena Noite,Decrescente,Céu Claro,Simples,Não Informado,-22.17503,-44.97005,DEL17-MG,Risco Baixo,Baixa
quinta-feira,BR-101,152.0,Pleno dia,Crescente,Sol,Simples,Reta,-27.1448,-48.6102,DEL04-SC,Risco Médio,Alta
terça-feira,BR-282,16.9,Pleno dia,Decrescente,Nublado,Simples,Reta,-27.66647,-48.68866,DEL01-SC,Risco Médio,Baixa
quinta-feira,BR-101,159.0,Pleno dia,Decrescente,Céu Claro,Dupla,Reta,-27.20309,-48.61681,DEL04-SC,Risco Médio,Alta
quarta-feira,BR-381,437.7,Pleno dia,Decrescente,Sol,Simples,Reta,-19.80933,-43.76827,DEL01-MG,Risco Médio,Alta
terça-feira,BR-282,581.5,Pleno dia,Crescente,Chuva,Simples,Não Informado,-26.82875,-52.99793,DEL07-SC,Risco Médio,Baixa
segunda-feira,BR-101,567.0,Plena Noite,Decrescente,Nublado,Simples,Curva,-15.2534,-39.4488,DEL05-BA,Risco Alto,Alta
segunda-feira,BR-110,49.0,Pleno dia,Decrescente,Céu Claro,Simples,Reta,-5.21646,-37.32927,DEL04-RN,Risco Médio,Baixa
terça-feira,BR-116,123.0,Pleno dia,Decrescente,Nublado,Dupla,Rotatória,-25.57736,-49.31244,DEL01-PR,Risco Médio,Alta
sábado,BR-381,778.4,Pleno dia,Decrescente,Chuva,Dupla,Curva,-21.83281,-45.50065,DEL16-MG,Risco Médio,Alta
terça-feira,BR-381,40.0,Pleno dia,Decrescente,Céu Claro,Múltipla,Reta,-23.12997,-46.57676,DEL03-SP,Risco Médio,Alta
domingo,BR-285,211.0,Amanhecer,Crescente,Nublado,Simples,Reta,-28.23144,-51.62974,DEL08-RS,Risco Médio,Baixa
sexta-feira,BR-153,504.0,Plena Noite,Crescente,Céu Claro,Dupla,Interseção de vias,-16.74249,-49.24157,DEL01-GO,Risco Alto,Alta
quinta-feira,BR-487,160.0,Anoitecer,Crescente,Céu Claro,Simples,Não Informado,-23.97223,-52.55777,DEL09-PR,Risco Médio,Baixa
sábado,BR-424,68.8,Plena Noite,Crescente,Nublado,Simples,Não Informado,-8.774775,-36.6268,DEL03-PE,Risco Baixo,Baixa
sexta-feira,BR-386,272.4,Plena Noite,Crescente,Chuva,Simples,Reta,-28.99187,-52.36249,DEL04-RS,Risco Médio,Média
quinta-feira,BR-381,411.0,Pleno dia,Decrescente,Céu Claro,Simples,Reta,-19.73988,-43.55667,DEL01-MG,Risco Médio,Alta
domingo,BR-153,46.0,Pleno dia,Crescente,Céu Claro,Simples,Curva,-27.63384,-52.23675,DEL08-RS,Risco Baixo,Alta
sexta-feira,BR-259,104.5,Plena Noite,Decrescente,Nublado,Simples,Reta,-19.51281,-41.02768,DEL02-ES,Risco Médio,Baixa
sexta-feira,BR-101,284.0,Pleno dia,Decrescente,Céu Claro,Dupla,Reta,-20.36523,-40.51208,DEL01-ES,Risco Médio,Alta
sábado,BR-116,246.0,Anoitecer,Decrescente,Céu Claro,Dupla,Reta,-29.75755,-51.15182,DEL01-RS,Risco Médio,Alta
sábado,BR-116,269.0,Pleno dia,Decrescente,Garoa/Chuvisco,Múltipla,Reta,-29.9556,-51.1764,DEL01-RS,Risco Médio,Alta
terça-feira,BR-116,333.9,Plena Noite,Crescente,Nublado,Simples,Curva,-18.26246,-41.73769,DEL11-MG,Risco Médio,Alta
sábado,BR-381,940.5,Pleno dia,Decrescente,Céu Claro,Dupla,Curva,-22.85421,-46.3374,DEL16-MG,Risco Médio,Alta
domingo,BR-116,754.0,Plena Noite,Crescente,Céu Claro,Simples,Reta,-14.5089,-40.36173,DEL08-BA,Risco Baixo,Alta
sábado,BR-153,513.5,Pleno dia,Decrescente,Céu Claro,Simples,Reta,-16.81115,-49.2398,DEL01-GO,Risco Médio,Alta
sexta-feira,BR-153,314.4,Pleno dia,Crescente,Céu Claro,Simples,Reta,-8.65746,-48.4949,DEL02-TO,Risco Médio,Alta
segunda-feira,BR-376,170.4,Plena Noite,Decrescente,Nublado,Dupla,Rotatória,-23.41596,-51.9795,DEL09-PR,Risco Médio,Baixa
segunda-feira,BR-40,60.0,Pleno dia,Crescente,Céu Claro,Múltipla,Curva,-22.36965,-43.12804,DEL06-RJ,Risco Médio,Alta
domingo,BR-116,72.0,Pleno dia,Decrescente,Chuva,Múltipla,Desvio Temporário,-22.86354,-45.23746,DEL08-SP,Risco Médio,Alta
sexta-feira,BR-40,804.9,Pleno dia,Crescente,Céu Claro,Dupla,Curva,-21.86314,-43.37349,DEL05-MG,Risco Médio,Alta
quinta-feira,BR-361,43.3,Pleno dia,Crescente,Nublado,Simples,Reta,-7.119791,-37.60909,DEL03-PB,Risco Médio,Baixa
domingo,BR-116,37.9,Plena Noite,Decrescente,Nublado,Dupla,Desvio Temporário,-22.66497,-44.98431,DEL08-SP,Risco Baixo,Alta
domingo,BR-163,72.0,Pleno dia,Decrescente,Sol,Simples,Reta,-26.71909,-53.51578,DEL07-SC,Risco Médio,Alta
sexta-feira,BR-153,529.0,Pleno dia,Crescente,Chuva,Dupla,Desvio Temporário,-16.9603,-49.2384,DEL01-GO,Risco Baixo,Alta
segunda-feira,BR-101,327.0,Pleno dia,Decrescente,Nublado,Dupla,Reta,-22.87116,-43.15606,DEL02-RJ,Risco Médio,Alta
sábado,BR-101,55.0,Anoitecer,Crescente,Céu Claro,Simples,Reta,-18.62937,-39.87926,DEL04-ES,Risco Baixo,Alta
quarta-feira,BR-116,721.4,Pleno dia,Decrescente,Sol,Simples,Não Informado,-21.2428,-42.39409,DEL07-MG,Risco Médio,Alta
terça-feira,BR-40,604.8,Plena Noite,Decrescente,Nublado,Simples,Reta,-20.45223,-43.84087,DEL05-MG,Risco Alto,Alta
quarta-feira,BR-116,20.0,Pleno dia,Decrescente,Céu Claro,Simples,Reta,-8.017438,-39.14344,DEL05-PE,Risco Médio,Alta
segunda-feira,BR-116,114.4,Pleno dia,Decrescente,Chuva,Simples,Curva,-28.96397,-51.07534,DEL05-RS,Risco Médio,Alta
sexta-feira,BR-163,832.5,Pleno dia,Crescente,Ignorado,Dupla,Reta,-11.88078,-55.50032,DEL06-MT,Risco Médio,Alta
sexta-feira,BR-60,562.6,Plena Noite,Crescente,Céu Claro,Simples,Desvio Temporário,-21.34311,-56.00418,DEL05-MS,Risco Médio,Média
domingo,BR-101,152.0,Plena Noite,Decrescente,Nublado,Dupla,Reta,-27.13508,-48.60987,DEL04-SC,Risco Médio,Alta
sábado,BR-262,386.0,Pleno dia,Crescente,Garoa/Chuvisco,Dupla,Desvio Temporário,-19.9158,-44.4966,DEL01-MG,Risco Médio,Média
domingo,BR-20,22.0,Plena Noite,Crescente,Céu Claro,Dupla,Retorno Regulamentado,-15.59834,-47.67619,DEL02-DF,Risco Médio,Baixa
sexta-feira,BR-101,113.4,Plena Noite,Crescente,Nublado,Simples,Curva,-9.597656,-35.95696,DEL02-AL,Risco Médio,Alta
domingo,BR-282,350.0,Plena Noite,Decrescente,Céu Claro,Simples,Reta,-27.35877,-51.29229,DEL07-SC,Risco Médio,Baixa
sexta-feira,BR-101,348.3,Plena Noite,Crescente,Céu Claro,Simples,Reta,-20.65106,-40.63527,DEL03-ES,Risco Alto,Alta
sexta-feira,BR-262,57.1,Plena Noite,Decrescente,Céu Claro,Simples,Reta,-20.27268,-42.19087,DEL06-MG,Risco Médio,Média
sábado,BR-470,226.0,Pleno dia,Crescente,Céu Claro,Simples,Reta,-29.21556,-51.51744,DEL06-RS,Risco Médio,Baixa
segunda-feira,BR-369,500.6,Pleno dia,Crescente,Céu Claro,Simples,Interseção de vias,-24.79325,-53.28856,DEL04-PR,Risco Médio,Baixa
segunda-feira,BR-277,107.9,Pleno dia,Decrescente,Céu Claro,Dupla,Reta,-25.43524,-49.44024,DEL01-PR,Risco Baixo,Média
quinta-feira,BR-364,236.8,Pleno dia,Decrescente,Céu Claro,Simples,Retorno Regulamentado,-11.44587,-61.43786,DEL02-RO,Risco Médio,Alta
domingo,BR-381,849.0,Pleno dia,Decrescente,Sol,Dupla,Curva,-22.23152,-45.87589,DEL16-MG,Risco Baixo,Alta
sexta-feira,BR-153,360.0,Pleno dia,Decrescente,Céu Claro,Simples,Reta,-15.75062,-49.31674,DEL02-GO,Risco Médio,Alta
segunda-feira,BR-101,43.5,Pleno dia,Crescente,Céu Claro,Simples,Interseção de vias,-26.30357,-48.88226,DEL03-SC,Risco Médio,Alta
sábado,BR-369,158.0,Plena Noite,Crescente,Céu Claro,Dupla,Reta,-23.28434,-51.24383,DEL07-PR,Risco Baixo,Baixa
sábado,BR-101,288.0,Amanhecer,Decrescente,Céu Claro,Dupla,Reta,-22.73819,-42.79415,DEL02-RJ,Risco Alto,Alta
segunda-feira,BR-40,730.2,Pleno dia,Decrescente,Garoa/Chuvisco,Dupla,Curva,-21.3565,-43.581,DEL05-MG,Risco Médio,Alta
sábado,BR-116,515.0,Anoitecer,Crescente,Céu Claro,Simples,Reta,-24.86467,-48.21869,DEL05-SP,Risco Baixo,Alta
sábado,BR-70,7.8,Plena Noite,Crescente,Nublado,Dupla,Reta,-15.74376,-48.2678,DEL01-DF,Risco Médio,Baixa
segunda-feira,BR-40,503.0,Plena Noite,Crescente,Céu Claro,Dupla,Reta,-19.7353,-44.1505,DEL02-MG,Risco Médio,Alta
quinta-feira,BR-381,848.5,Pleno dia,Decrescente,Céu Claro,Dupla,Curva,-22.26114,-45.8901,DEL16-MG,Risco Médio,Alta
quarta-feira,BR-365,5.0,Plena Noite,Decrescente,Garoa/Chuvisco,Simples,Desvio Temporário,-16.804,-43.9033,DEL12-MG,Risco Médio,Média
sexta-feira,BR-364,200.0,Plena Noite,Crescente,Nublado,Dupla,Curva,-17.91539,-51.75613,DEL05-GO,Risco Baixo,Alta
terça-feira,BR-116,37.0,Pleno dia,Crescente,Chuva,Simples,Reta,-28.5127,-50.93433,DEL05-RS,Risco Médio,Alta
quarta-feira,BR-376,631.4,Plena Noite,Crescente,Céu Claro,Dupla,Reta,-25.71207,-49.13979,DEL01-PR,Risco Baixo,Baixa
sábado,BR-277,33.0,Pleno dia,Decrescente,Garoa/Chuvisco,Dupla,Curva,-25.4829,-48.82883,DEL01-PR,Risco Médio,Média
quinta-feira,BR-40,11.0,Plena Noite,Crescente,Ignorado,Dupla,Reta,-16.13834,-47.95164,DEL01-DF,Risco Médio,Alta
sábado,BR-304,25.1,Pleno dia,Crescente,Céu Claro,Simples,Reta,-4.58363,-37.98652,DEL03-CE,Risco Baixo,Baixa
domingo,BR-222,5.0,Plena Noite,Decrescente,Céu Claro,Múltipla,Reta,-3.742969,-38.61331,DEL01-CE,Risco Baixo,Baixa
sexta-feira,BR-101,279.0,Pleno dia,Crescente,Céu Claro,Dupla,Curva,-22.73837,-42.76745,DEL02-RJ,Risco Médio,Alta
quinta-feira,BR-376,587.0,Pleno dia,Decrescente,Nublado,Dupla,Não Informado,-25.43312,-49.36569,DEL01-PR,Risco Médio,Baixa
domingo,BR-101,87.0,Plena Noite,Decrescente,Céu Claro,Simples,Reta,-8.191202,-34.9745,DEL01-PE,Risco Médio,Alta
quarta-feira,BR-116,765.1,Pleno dia,Crescente,Céu Claro,Simples,Reta,-21.51974,-42.64911,DEL07-MG,Risco Médio,Alta
sábado,BR-316,77.6,Plena Noite,Crescente,Ignorado,Simples,Reta,-7.844723,-40.1296,DEL05-PE,Risco Médio,Baixa
quarta-feira,BR-116,210.0,Pleno dia,Decrescente,Chuva,Simples,Interseção de vias,-26.10175,-49.7808,DEL06-SC,Risco Médio,Alta
quinta-feira,BR-287,460.8,Pleno dia,Crescente,Céu Claro,Simples,Curva,-28.97246,-55.37247,DEL12-RS,Risco Médio,Baixa
sábado,BR-116,400.0,Pleno dia,Crescente,Céu Claro,Simples,Reta,-30.87211,-51.80853,DEL02-RS,Risco Baixo,Alta
quinta-feira,BR-101,159.0,Pleno dia,Crescente,Céu Claro,Dupla,Reta,-6.36313,-35.15714,DEL01-RN,Risco Alto,Alta
quinta-feira,BR-101,96.7,Pleno dia,Crescente,Sol,Dupla,Reta,-7.230921,-34.92115,DEL01-PB,Risco Médio,Alta
sábado,BR-376,130.3,Plena Noite,Decrescente,Céu Claro,Dupla,Curva,-23.16997,-52.24717,DEL07-PR,Risco Médio,Baixa
quarta-feira,BR-381,155.2,Plena Noite,Crescente,Céu Claro,Simples,Reta,-18.85973,-41.98532,DEL06-MG,Risco Médio,Alta
segunda-feira,BR-452,90.8,Pleno dia,Crescente,Céu Claro,Simples,Reta,-18.08262,-50.12166,DEL03-GO,Risco Alto,Baixa
domingo,BR-364,423.0,Pleno dia,Decrescente,Nublado,Simples,Reta,-10.45221,-62.46072,DEL03-RO,Risco Baixo,Alta
sexta-feira,BR-20,430.0,Pleno dia,Crescente,Céu Claro,Dupla,Reta,-3.875638,-38.48999,DEL01-CE,Risco Médio,Baixa
quinta-feira,BR-40,123.0,Pleno dia,Decrescente,Céu Claro,Múltipla,Reta,-22.79908,-43.29016,DEL01-RJ,Risco Médio,Alta
terça-feira,BR-101,146.3,Pleno dia,Crescente,Céu Claro,Dupla,Reta,-19.36991,-40.06561,DEL04-ES,Risco Médio,Alta
sexta-feira,BR-470,99.7,Plena Noite,Crescente,Céu Claro,Simples,Reta,-27.03233,-49.38513,DEL04-SC,Risco Baixo,Baixa
terça-feira,BR-70,460.0,Plena Noite,Crescente,Céu Claro,Simples,Reta,-15.903,-52.17745,DEL04-GO,Risco Médio,Baixa
segunda-feira,BR-40,96.0,Plena Noite,Decrescente,Nublado,Dupla,Curva,-22.5682,-43.277,DEL06-RJ,Risco Baixo,Alta
sexta-feira,BR-20,397.3,Plena Noite,Crescente,Céu Claro,Simples,Reta,-3.815146,-38.73712,DEL01-CE,Risco Médio,Baixa
quinta-feira,BR-101,583.8,Pleno dia,Decrescente,Sol,Simples,Interseção de vias,-15.386,-39.484,DEL05-BA,Risco Alto,Alta
terça-feira,BR-101,209.0,Plena Noite,Decrescente,Céu Claro,Múltipla,Reta,-27.60744,-48.63613,DEL01-SC,Risco Baixo,Alta
sábado,BR-343,8.6,Plena Noite,Decrescente,Céu Claro,Simples,Interseção de vias,-2.90031,-41.72912,DEL05-PI,Risco Médio,Baixa
sábado,BR-381,896.5,Plena Noite,Crescente,Ignorado,Dupla,Curva,-22.6,-46.0576,DEL16-MG,Risco Médio,Alta