dia_semana,br,km,fase_dia,sentido_via,condicao_metereologica,tipo_pista,tracado_via,latitude,longitude,delegacia,classificacao_acidente,postos_policiais_PRF
terça-feira,BR-316,22.6,Pleno dia,Decrescente,Sol,Dupla,Reta,-1.349903,-48.25464,DEL01-PA,Risco Médio,Baixa
terça-feira,BR-10,362.0,Plena Noite,Decrescente,Céu Claro,Simples,Reta,-4.5775,-47.4904,DEL04-MA,Risco Alto,Baixa
terça-feira,BR-373,255.6,Plena Noite,Crescente,Garoa/Chuvisco,Simples,Reta,-25.1937,-50.92217,DEL03-PR,Risco Alto,Baixa
quarta-feira,BR-280,54.2,Pleno dia,Decrescente,Nublado,Simples,Reta,-26.4754,-48.98375,DEL03-SC,Risco Médio,Baixa
sábado,BR-135,241.0,Pleno dia,Decrescente,Sol,Simples,Reta,-4.494805,-44.35849,DEL03-MA,Risco Baixo,Baixa
segunda-feira,BR-277,124.8,Plena Noite,Crescente,Nublado,Dupla,Curva,-25.44742,-49.60284,DEL01-PR,Risco Baixo,Média
sexta-feira,BR-116,277.3,Pleno dia,Crescente,Céu Claro,Dupla,Reta,-23.63257,-46.82304,DEL04-SP,Risco Médio,Alta
domingo,BR-153,36.0,Pleno dia,Decrescente,Sol,Simples,Curva,-23.27242,-50.05817,DEL07-PR,Risco Médio,Alta
terça-feira,BR-277,138.9,Pleno dia,Crescente,Céu Claro,Dupla,Não Informado,-25.47449,-49.72204,DEL03-PR,Risco Médio,Média
quarta-feira,BR-365,1.2,Plena Noite,Crescente,Céu Claro,Simples,Reta,-16.77464,-43.8852,DEL12-MG,Risco Médio,Média
sexta-feira,BR-376,173.0,Plena Noite,Decrescente,Céu Claro,Dupla,Reta,-23.41722,-51.95892,DEL09-PR,Risco Médio,Baixa
sexta-feira,BR-101,123.1,Plena Noite,Crescente,Garoa/Chuvisco,Dupla,Reta,-8.359634,-35.2042,DEL01-PE,Risco Alto,Alta
quarta-feira,BR-116,175.9,Plena Noite,Decrescente,Chuva,Múltipla,Reta,-22.78924,-43.37275,DEL01-RJ,Risco Médio,Alta
domingo,BR-104,112.4,Pleno dia,Decrescente,Nublado,Simples,Interseção de vias,-7.145029,-35.85693,DEL02-PB,Risco Médio,Baixa
quarta-feira,BR-230,396.4,Pleno dia,Crescente,Chuva,Simples,Reta,-6.841998,-37.74899,DEL03-PB,Risco Alto,Baixa
domingo,BR-40,9.0,Pleno dia,Crescente,Sol,Dupla,Reta,-16.13116,-47.95774,DEL01-DF,Risco Baixo,Alta
sexta-feira,BR-101,198.0,Pleno dia,Crescente,Nublado,Múltipla,Curva,-27.52231,-48.63728,DEL01-SC,Risco Médio,Alta
domingo,BR-116,121.0,Plena Noite,Decrescente,Céu Claro,Dupla,Reta,-25.55993,-49.30744,DEL01-PR,Risco Baixo,Alta
sexta-feira,BR-277,367.2,Plena Noite,Crescente,Céu Claro,Simples,Reta,-25.43921,-51.62579,DEL08-PR,Risco Alto,Média
sábado,BR-116,561.0,Plena Noite,Crescente,Céu Claro,Simples,Reta,-12.96729,-39.92714,DEL03-BA,Risco Baixo,Alta
sábado,BR-135,12.4,Pleno dia,Decrescente,Garoa/Chuvisco,Dupla,Reta,-2.679944,-44.29473,DEL01-MA,Risco Médio,Baixa
segunda-feira,BR-40,732.3,Plena Noite,Crescente,Nevoeiro/Neblina,Dupla,Não Informado,-21.34762,-43.58123,DEL05-MG,Risco Baixo,Alta
sexta-feira,BR-101,278.0,Pleno dia,Crescente,Céu Claro,Dupla,Reta,-22.74025,-42.75807,DEL02-RJ,Risco Baixo,Alta
domingo,BR-101,139.3,Pleno dia,Decrescente,Sol,Dupla,Reta,-6.197684,-35.21468,DEL01-RN,Risco Médio,Alta
terça-feira,BR-101,341.9,Plena Noite,Decrescente,Céu Claro,Simples,Reta,-28.51836,-49.05345,DEL02-SC,Risco Médio,Alta
quinta-feira,BR-476,116.0,Plena Noite,Crescente,Céu Claro,Múltipla,Reta,-25.34996,-49.16642,DEL01-PR,Risco Baixo,Baixa
quarta-feira,BR-101,304.8,Pleno dia,Crescente,Céu Claro,Dupla,Reta,-20.38473,-40.46281,DEL01-ES,Risco Médio,Alta
quarta-feira,BR-101,322.5,Pleno dia,Decrescente,Sol,Dupla,Curva,-22.87892,-43.11068,DEL02-RJ,Risco Médio,Alta
sábado,BR-316,24.0,Pleno dia,Crescente,Céu Claro,Dupla,Reta,-1.345997,-48.25153,DEL01-PA,Risco Médio,Baixa
terça-feira,BR-153,511.5,Pleno dia,Decrescente,Sol,Dupla,Reta,-16.80221,-49.239,DEL01-GO,Risco Médio,Alta
sábado,BR-222,160.0,Plena Noite,Crescente,Céu Claro,Simples,Reta,-3.5206,-43.9745,DEL01-MA,Risco Baixo,Baixa
quinta-feira,BR-101,266.4,Pleno dia,Crescente,Céu Claro,Múltipla,Reta,-20.1902,-40.26829,DEL02-ES,Risco Médio,Alta
sábado,BR-364,175.0,Pleno dia,Crescente,Céu Claro,Dupla,Desvio Temporário,-9.742876,-68.09575,DEL01-AC,Risco Médio,Alta
segunda-feira,BR-285,125.0,Plena Noite,Crescente,Chuva,Simples,Reta,-28.48417,-50.9602,DEL05-RS,Risco Baixo,Baixa
quarta-feira,BR-251,492.2,Pleno dia,Crescente,Chuva,Simples,Desvio Temporário,-16.54434,-43.59543,DEL12-MG,Risco Baixo,Baixa
quarta-feira,BR-356,152.0,Plena Noite,Decrescente,Céu Claro,Simples,Reta,-21.75886,-41.25302,DEL08-RJ,Risco Médio,Baixa
segunda-feira,BR-365,611.0,Plena Noite,Decrescente,Céu Claro,Dupla,Reta,-18.93302,-48.19865,DEL15-MG,Risco Alto,Média
domingo,BR-393,131.0,Pleno dia,Crescente,Nublado,Simples,Curva,-21.98929,-42.90285,DEL06-RJ,Risco Médio,Média
sábado,BR-153,561.0,Pleno dia,Decrescente,Céu Claro,Dupla,Curva,-17.2174,-49.2288,DEL03-GO,Risco Baixo,Alta
sábado,BR-158,123.5,Plena Noite,Crescente,Céu Claro,Simples,Curva,-27.0733,-53.23164,DEL07-SC,Risco Baixo,Baixa
quarta-feira,BR-230,154.0,Anoitecer,Crescente,Céu Claro,Simples,Reta,-7.2777,-35.8985,DEL02-PB,Risco Médio,Baixa
quinta-feira,BR-116,257.7,Pleno dia,Crescente,Garoa/Chuvisco,Dupla,Curva,-22.58632,-44.01407,DEL07-RJ,Risco Médio,Alta
sexta-feira,BR-376,646.0,Plena Noite,Decrescente,Céu Claro,Dupla,Reta,-25.82794,-49.11946,DEL01-PR,Risco Alto,Baixa
quarta-feira,BR-364,430.0,Pleno dia,Decrescente,Céu Claro,Simples,Reta,-10.40677,-62.51604,DEL03-RO,Risco Médio,Alta
domingo,BR-381,637.0,Pleno dia,Decrescente,Chuva,Dupla,Curva,-20.87514,-44.84438,DEL04-MG,Risco Baixo,Alta
domingo,BR-470,42.3,Pleno dia,Decrescente,Céu Claro,Simples,Não Informado,-26.86039,-49.03762,DEL04-SC,Risco Médio,Baixa
quinta-feira,BR-101,126.9,Pleno dia,Decrescente,Nublado,Dupla,Curva,-26.95564,-48.67978,DEL04-SC,Risco Médio,Alta
quarta-feira,BR-364,136.0,Plena Noite,Crescente,Céu Claro,Dupla,Reta,-9.977578,-67.8489,DEL01-AC,Risco Baixo,Alta
domingo,BR-101,68.7,Pleno dia,Decrescente,Nublado,Simples,Reta,-21.77093,-41.35516,DEL08-RJ,Risco Baixo,Alta
terça-feira,BR-376,625.0,Plena Noite,Decrescente,Céu Claro,Dupla,Reta,-25.6553,-49.1565,DEL01-PR,Risco Médio,Baixa
segunda-feira,BR-116,106.1,Pleno dia,Crescente,Sol,Dupla,Reta,-25.56989,-49.21964,DEL01-PR,Risco Alto,Alta
sexta-feira,BR-101,257.0,Pleno dia,Decrescente,Céu Claro,Dupla,Reta,-27.99701,-48.68755,DEL02-SC,Risco Médio,Alta
terça-feira,BR-153,503.3,Anoitecer,Decrescente,Céu Claro,Dupla,Reta,-16.73107,-49.24258,DEL01-GO,Risco Médio,Alta
sexta-feira,BR-163,13.7,Plena Noite,Decrescente,Céu Claro,Simples,Reta,-23.95374,-54.31623,DEL09-MS,Risco Médio,Alta
sábado,BR-50,165.0,Amanhecer,Decrescente,Céu Claro,Dupla,Curva,-17.2961,-47.7569,DEL06-GO,Risco Médio,Média
quarta-feira,BR-116,294.0,Pleno dia,Crescente,Nublado,Dupla,Reta,-23.76155,-46.90483,DEL04-SP,Risco Médio,Alta
sábado,BR-470,71.0,Pleno dia,Decrescente,Céu Claro,Simples,Reta,-26.89524,-49.2621,DEL04-SC,Risco Médio,Baixa
terça-feira,BR-364,356.4,Plena Noite,Decrescente,Céu Claro,Dupla,Curva,-15.80128,-55.65866,DEL02-MT,Risco Alto,Alta
quinta-feira,BR-174,997.8,Pleno dia,Crescente,Céu Claro,Simples,Desvio Temporário,-2.034824,-60.02544,DEL01-AM,Risco Baixo,Baixa
quinta-feira,BR-282,454.9,Pleno dia,Decrescente,Céu Claro,Simples,Curva,-26.89176,-51.98447,DEL07-SC,Risco Baixo,Baixa
domingo,BR-232,277.2,Pleno dia,Decrescente,Sol,Simples,Reta,-8.364418,-37.2677,DEL03-PE,Risco Médio,Baixa
sexta-feira,BR-163,282.7,Pleno dia,Crescente,Céu Claro,Dupla,Reta,-22.12146,-54.59825,DEL04-MS,Risco Alto,Alta
sábado,BR-414,431.8,Pleno dia,Decrescente,Céu Claro,Simples,Reta,-16.21617,-48.91969,DEL02-GO,Risco Médio,Baixa
sábado,BR-262,361.8,Pleno dia,Crescente,Sol,Simples,Reta,-20.51894,-54.71595,DEL01-MS,Risco Médio,Média
domingo,BR-282,246.0,Amanhecer,Decrescente,Céu Claro,Simples,Curva,-27.72721,-50.52972,DEL05-SC,Risco Médio,Baixa
terça-feira,BR-304,81.3,Amanhecer,Decrescente,Céu Claro,Simples,Reta,-4.73407,-37.54674,DEL03-CE,Risco Médio,Baixa
quinta-feira,BR-153,99.1,Pleno dia,Crescente,Céu Claro,Simples,Curva,-27.24219,-51.95203,DEL07-SC,Risco Médio,Alta
quinta-feira,BR-232,411.4,Pleno dia,Crescente,Nublado,Simples,Curva,-7.980161,-38.30793,DEL04-PE,Risco Baixo,Baixa
terça-feira,BR-101,116.3,Pleno dia,Decrescente,Céu Claro,Dupla,Reta,-7.402355,-34.95486,DEL01-PB,Risco Baixo,Alta
terça-feira,BR-465,13.0,Pleno dia,Crescente,Céu Claro,Simples,Reta,-22.79847,-43.64551,DEL01-RJ,Risco Médio,Baixa
segunda-feira,BR-381,537.3,Pleno dia,Crescente,Céu Claro,Dupla,Reta,-20.20559,-44.38928,DEL04-MG,Risco Baixo,Alta
quinta-feira,BR-101,403.9,Pleno dia,Crescente,Sol,Dupla,Reta,-28.87377,-49.45398,DEL02-SC,Risco Baixo,Alta
quinta-feira,BR-101,19.0,Pleno dia,Decrescente,Céu Claro,Dupla,Rotatória,-29.42308,-49.87817,DEL03-RS,Risco Médio,Alta
domingo,BR-101,202.3,Pleno dia,Crescente,Sol,Dupla,Reta,-27.55712,-48.61898,DEL01-SC,Risco Médio,Alta
quarta-feira,BR-116,142.0,Pleno dia,Decrescente,Nublado,Dupla,Reta,-23.17426,-45.8294,DEL06-SP,Risco Médio,Alta
quinta-feira,BR-381,38.0,Pleno dia,Crescente,Sol,Dupla,Reta,-23.11124,-46.57106,DEL03-SP,Risco Baixo,Alta
quinta-feira,BR-101,204.7,Plena Noite,Decrescente,Chuva,Dupla,Reta,-27.58029,-48.61479,DEL01-SC,Risco Médio,Alta
domingo,BR-153,231.0,Plena Noite,Crescente,Céu Claro,Simples,Reta,-14.75903,-49.25858,DEL07-GO,Risco Médio,Alta
quinta-feira,BR-101,214.0,Pleno dia,Decrescente,Céu Claro,Dupla,Reta,-27.6444,-48.6705,DEL01-SC,Risco Baixo,Alta
segunda-feira,BR-470,53.0,Pleno dia,Crescente,Céu Claro,Simples,Reta,-26.86712,-49.10207,DEL04-SC,Risco Médio,Baixa
sexta-feira,BR-101,120.0,Anoitecer,Crescente,Nublado,Dupla,Reta,-26.9297,-48.7048,DEL04-SC,Risco Médio,Alta
sexta-feira,BR-104,102.5,Anoitecer,Crescente,Nublado,Simples,Reta,-7.06249,-35.85547,DEL02-PB,Risco Médio,Baixa
quinta-feira,BR-386,378.5,Pleno dia,Crescente,Céu Claro,Dupla,Reta,-29.64271,-51.77284,DEL04-RS,Risco Médio,Média
sábado,BR-116,209.3,Pleno dia,Crescente,Sol,Simples,Curva,-27.49607,-50.37005,DEL05-SC,Risco Médio,Alta
quinta-feira,BR-343,141.4,Pleno dia,Crescente,Céu Claro,Simples,Reta,-3.929562,-41.71381,DEL02-PI,Risco Baixo,Baixa
sexta-feira,BR-101,50.0,Pleno dia,Decrescente,Sol,Múltipla,Reta,-7.9071,-34.9022,DEL01-PE,Risco Baixo,Alta
terça-feira,BR-467,85.4,Amanhecer,Crescente,Chuva,Dupla,Reta,-24.8289,-53.6431,DEL04-PR,Risco Baixo,Baixa
terça-feira,BR-369,162.1,Plena Noite,Crescente,Céu Claro,Dupla,Desvio Temporário,-23.2938,-51.26887,DEL07-PR,Risco Médio,Baixa
segunda-feira,BR-381,800.1,Pleno dia,Crescente,Chuva,Dupla,Não Informado,-21.97762,-45.63996,DEL16-MG,Risco Alto,Alta
sexta-feira,BR-116,817.5,Plena Noite,Decrescente,Céu Claro,Simples,Não Informado,-14.81977,-40.81095,DEL08-BA,Risco Médio,Alta
terça-feira,BR-101,379.7,Plena Noite,Crescente,Garoa/Chuvisco,Múltipla,Reta,-28.74652,-49.2599,DEL02-SC,Risco Médio,Alta
quarta-feira,BR-101,87.3,Plena Noite,Crescente,Nublado,Simples,Não Informado,-12.0221,-38.28301,DEL01-BA,Risco Médio,Alta
quinta-feira,BR-427,21.9,Pleno dia,Crescente,Céu Claro,Simples,Curva,-6.381699,-36.62539,DEL03-RN,Risco Médio,Baixa
domingo,BR-408,105.0,Amanhecer,Crescente,Céu Claro,Simples,Curva,-8.073094,-34.99191,DEL01-PE,Risco Baixo,Baixa
terça-feira,BR-116,40.4,Plena Noite,Crescente,Céu Claro,Simples,Reta,-28.51839,-50.93942,DEL05-RS,Risco Médio,Alta
segunda-feira,BR-381,574.0,Pleno dia,Crescente,Sol,Dupla,Curva,-20.46631,-44.57959,DEL04-MG,Risco Médio,Alta
quarta-feira,BR-222,62.2,Plena Noite,Decrescente,Céu Claro,Simples,Reta,-3.670829,-39.08069,DEL01-CE,Risco Médio,Baixa
sábado,BR-364,307.0,Pleno dia,Crescente,Céu Claro,Simples,Reta,-11.18145,-61.90154,DEL02-RO,Risco Médio,Alta
terça-feira,BR-369,101.2,Pleno dia,Crescente,Céu Claro,Simples,Interseção de vias,-23.2469,-50.7271,DEL07-PR,Risco Médio,Baixa
domingo,BR-393,134.0,Plena Noite,Decrescente,Céu Claro,Simples,Reta,-21.98474,-42.89797,DEL04-RJ,Risco Médio,Média
sexta-feira,BR-60,37.2,Plena Noite,Crescente,Céu Claro,Dupla,Rotatória,-16.6777,-49.2676,DEL01-GO,Risco Baixo,Média
sábado,BR-476,139.0,Pleno dia,Decrescente,Céu Claro,Dupla,Reta,-25.51284,-49.28926,DEL01-PR,Risco Médio,Baixa
quarta-feira,BR-116,261.6,Amanhecer,Decrescente,Nublado,Simples,Reta,-17.73059,-41.49843,DEL11-MG,Risco Médio,Alta
sábado,BR-110,341.0,Pleno dia,Crescente,Céu Claro,Simples,Rotatória,-12.22473,-38.41209,DEL01-BA,Risco Médio,Baixa
domingo,BR-153,56.9,Plena Noite,Decrescente,Garoa/Chuvisco,Simples,Reta,-23.36952,309.9351,DEL07-PR,Risco Médio,Alta
segunda-feira,BR-381,497.8,Pleno dia,Decrescente,Céu Claro,Dupla,Reta,-19.98533,-44.20282,DEL01-MG,Risco Baixo,Alta
sexta-feira,BR-230,36.0,Pleno dia,Crescente,Sol,Simples,Curva,-7.1246,-34.9473,DEL01-PB,Risco Médio,Baixa
quinta-feira,BR-364,233.7,Plena Noite,Crescente,Céu Claro,Simples,Não Informado,-11.46105,-61.41546,DEL02-RO,Risco Baixo,Alta
sexta-feira,BR-20,179.2,Plena Noite,Crescente,Céu Claro,Dupla,Reta,-14.48516,-46.49855,DEL02-DF,Risco Médio,Baixa
sábado,BR-153,333.0,Plena Noite,Crescente,Céu Claro,Simples,Interseção de vias,-8.826486,-48.51216,DEL02-TO,Risco Baixo,Alta
terça-feira,BR-392,352.6,Amanhecer,Crescente,Nevoeiro/Neblina,Simples,Reta,-29.72154,-53.80699,DEL09-RS,Risco Baixo,Média
segunda-feira,BR-163,1001.0,Pleno dia,Crescente,Céu Claro,Simples,Reta,-2.464507,-54.72745,DEL05-PA,Risco Médio,Alta
sexta-feira,BR-282,572.3,Pleno dia,Crescente,Céu Claro,Simples,Curva,-26.88378,-52.93832,DEL07-SC,Risco Médio,Baixa
domingo,BR-280,129.0,Plena Noite,Decrescente,Céu Claro,Simples,Reta,-26.2451,-49.5196,DEL06-SC,Risco Médio,Baixa
domingo,BR-40,10.4,Plena Noite,Crescente,Céu Claro,Dupla,Reta,-16.13128,-47.95792,DEL01-DF,Risco Médio,Alta
domingo,BR-376,16.0,Plena Noite,Decrescente,Céu Claro,Dupla,Curva,-23.41358,-51.88058,DEL09-PR,Risco Médio,Baixa
segunda-feira,BR-50,7.0,Pleno dia,Crescente,Nublado,Dupla,Desvio Temporário,-18.47979,-48.04875,DEL15-MG,Risco Médio,Média
segunda-feira,BR-101,286.5,Pleno dia,Crescente,Céu Claro,Múltipla,Reta,-20.25902,-40.37753,DEL01-ES,Risco Médio,Alta
quinta-feira,BR-158,263.5,Plena Noite,Decrescente,Céu Claro,Simples,Rotatória,-29.23449,-53.6659,DEL10-RS,Risco Médio,Baixa
quarta-feira,BR-116,243.0,Pleno dia,Crescente,Céu Claro,Simples,Reta,-29.73196,-51.14952,DEL01-RS,Risco Baixo,Alta
sábado,BR-153,55.9,Plena Noite,Decrescente,Céu Claro,Dupla,Não Informado,-20.76256,-49.3467,DEL09-SP,Risco Baixo,Alta
segunda-feira,BR-222,35.8,Pleno dia,Decrescente,Céu Claro,Simples,Rotatória,-3.698828,-38.8717,DEL01-CE,Risco Alto,Baixa
quarta-feira,BR-277,98.0,Pleno dia,Decrescente,Nublado,Dupla,Reta,-25.43095,-49.35561,DEL01-PR,Risco Médio,Média
sábado,BR-402,32.8,Plena Noite,Decrescente,Nublado,Simples,Interseção de vias,-2.930275,-41.75203,DEL05-PI,Risco Baixo,Baixa
terça-feira,BR-163,755.0,Plena Noite,Decrescente,Chuva,Dupla,Não Informado,-12.52887,-55.70438,DEL06-MT,Risco Médio,Alta
quarta-feira,BR-116,485.0,Plena Noite,Crescente,Céu Claro,Dupla,Não Informado,-31.42944,-52.18596,DEL07-RS,Risco Baixo,Alta
sexta-feira,BR-222,222.1,Pleno dia,Crescente,Céu Claro,Simples,Reta,-3.721346,-40.32872,DEL04-CE,Risco Baixo,Baixa
segunda-feira,BR-293,110.0,Amanhecer,Crescente,Céu Claro,Simples,Não Informado,-31.58297,-53.35569,DEL11-RS,Risco Alto,Baixa
quarta-feira,BR-290,109.9,Amanhecer,Decrescente,Céu Claro,Dupla,Reta,-30.01505,-51.31702,DEL02-RS,Risco Médio,Baixa
quarta-feira,BR-381,37.0,Amanhecer,Crescente,Céu Claro,Dupla,Reta,-23.1088,-46.5698,DEL03-SP,Risco Médio,Alta
quarta-feira,BR-222,297.5,Plena Noite,Decrescente,Céu Claro,Simples,Não Informado,-3.654829,-40.93057,DEL04-CE,Risco Médio,Baixa
domingo,BR-158,545.1,Plena Noite,Decrescente,Céu Claro,Simples,Reta,-13.87991,-52.0619,DEL07-MT,Risco Baixo,Baixa
domingo,BR-70,146.7,Plena Noite,Decrescente,Céu Claro,Simples,Curva,-15.58935,-53.33789,DEL07-MT,Risco Baixo,Baixa
sábado,BR-116,115.9,Pleno dia,Crescente,Céu Claro,Múltipla,Reta,-25.55013,-49.30486,DEL01-PR,Risco Médio,Alta
terça-feira,BR-232,71.0,Plena Noite,Decrescente,Nublado,Dupla,Reta,-8.183444,-35.49297,DEL01-PE,Risco Médio,Baixa
sábado,BR-101,201.0,Plena Noite,Decrescente,Céu Claro,Múltipla,Reta,-27.5572,-48.6188,DEL01-SC,Risco Médio,Alta
quinta-feira,BR-381,356.0,Plena Noite,Crescente,Céu Claro,Simples,Curva,-19.84784,-43.1626,DEL03-MG,Risco Baixo,Alta
sábado,BR-367,37.2,Plena Noite,Crescente,Céu Claro,Simples,Curva,-16.3961,-39.18372,DEL09-BA,Risco Médio,Baixa
segunda-feira,BR-101,269.8,Pleno dia,Decrescente,Nublado,Múltipla,Reta,-20.2174,-40.26991,DEL02-ES,Risco Médio,Alta
quarta-feira,BR-262,700.0,Plena Noite,Crescente,Nublado,Simples,Curva,-19.57719,-47.05667,DEL08-MG,Risco Médio,Média
sábado,BR-316,414.0,Pleno dia,Crescente,Céu Claro,Simples,Reta,-7.428055,-40.69033,DEL04-PI,Risco Médio,Baixa
quarta-feira,BR-116,94.0,Amanhecer,Decrescente,Céu Claro,Simples,Reta,-4.505719,-38.35842,DEL03-CE,Risco Alto,Alta
domingo,BR-101,263.0,Pleno dia,Crescente,Sol,Dupla,Reta,-20.16555,-40.27302,DEL02-ES,Risco Médio,Alta
sábado,BR-163,831.2,Plena Noite,Crescente,Nublado,Dupla,Rotatória,-11.9005,-55.50542,DEL06-MT,Risco Médio,Alta
sábado,BR-116,279.0,Pleno dia,Crescente,Chuva,Simples,Curva,-22.5098,-44.2185,DEL07-RJ,Risco Baixo,Alta
sexta-feira,BR-101,269.0,Anoitecer,Decrescente,Céu Claro,Simples,Interseção de vias,-20.22324,-40.27031,DEL02-ES,Risco Médio,Alta
domingo,BR-101,44.0,Pleno dia,Decrescente,Céu Claro,Dupla,Reta,-7.847538,-34.90977,DEL01-PE,Risco Baixo,Alta
sábado,BR-476,114.2,Pleno dia,Crescente,Céu Claro,Simples,Interseção de vias,-25.33976,-49.1574,DEL01-PR,Risco Médio,Baixa
terça-feira,BR-324,378.0,Plena Noite,Decrescente,Nublado,Simples,Reta,-11.4213,-39.8707,DEL04-BA,Risco Baixo,Baixa
sexta-feira,BR-381,338.0,Pleno dia,Decrescente,Céu Claro,Simples,Reta,-19.80897,-43.06386,DEL03-MG,Risco Médio,Alta
sábado,BR-116,757.3,Pleno dia,Decrescente,Nublado,Simples,Reta,-21.49867,-42.59199,DEL07-MG,Risco Médio,Alta
domingo,BR-280,20.6,Plena Noite,Decrescente,Nublado,Simples,Interseção de vias,-26.37034,-48.68832,DEL03-SC,Risco Médio,Baixa
domingo,BR-470,53.4,Pleno dia,Decrescente,Céu Claro,Simples,Reta,-26.86899,-49.10509,DEL04-SC,Risco Baixo,Baixa
domingo,BR-472,119.3,Plena Noite,Decrescente,Céu Claro,Simples,Não Informado,-27.6899,-54.14754,DEL10-RS,Risco Alto,Baixa
domingo,BR-116,190.0,Plena Noite,Crescente,Céu Claro,Múltipla,Reta,-22.74124,-43.50073,DEL01-RJ,Risco Médio,Alta
quarta-feira,BR-101,111.9,Plena Noite,Crescente,Céu Claro,Dupla,Retorno Regulamentado,-5.955333,-35.26486,DEL01-RN,Risco Médio,Alta
quarta-feira,BR-101,411.5,Amanhecer,Crescente,Céu Claro,Simples,Reta,-20.90375,-41.06178,DEL03-ES,Risco Médio,Alta
segunda-feira,BR-116,717.5,Plena Noite,Decrescente,Nublado,Simples,Reta,-21.20938,-42.38937,DEL07-MG,Risco Médio,Alta
quarta-feira,BR-222,555.0,Amanhecer,Crescente,Nublado,Simples,Reta,-4.381331,-46.65063,DEL04-MA,Risco Médio,Baixa
sexta-feira,BR-116,63.0,Pleno dia,Decrescente,Céu Claro,Simples,Curva,-22.26074,-42.92306,DEL04-RJ,Risco Baixo,Alta
sexta-feira,BR-116,420.0,Anoitecer,Decrescente,Céu Claro,Dupla,Reta,-12.20321,-38.96556,DEL02-BA,Risco Médio,Alta
sexta-feira,BR-153,614.1,Plena Noite,Crescente,Céu Claro,Simples,Curva,-31.28299,-53.91297,DEL11-RS,Risco Médio,Alta
sábado,BR-163,490.9,Plena Noite,Crescente,Céu Claro,Simples,Reta,-20.39216,-54.5553,DEL01-MS,Risco Médio,Alta
quarta-feira,BR-116,526.5,Plena Noite,Decrescente,Céu Claro,Simples,Rotatória,-31.77242,-52.34297,DEL07-RS,Risco Médio,Alta
sexta-feira,BR-386,433.6,Plena Noite,Crescente,Céu Claro,Dupla,Reta,-29.84102,-51.29094,DEL04-RS,Risco Alto,Média
terça-feira,BR-262,382.0,Plena Noite,Crescente,Chuva,Dupla,Curva,-19.932,-44.4595,DEL01-MG,Risco Médio,Média
quinta-feira,BR-116,170.0,Plena Noite,Crescente,Céu Claro,Dupla,Curva,-23.3055,-45.967,DEL02-SP,Risco Baixo,Alta
terça-feira,BR-285,292.4,Pleno dia,Decrescente,Nublado,Simples,Reta,-28.23548,-52.37732,DEL08-RS,Risco Baixo,Baixa
sábado,BR-101,149.5,Pleno dia,Decrescente,Céu Claro,Dupla,Não Informado,-19.39619,-40.06436,DEL04-ES,Risco Baixo,Alta
quinta-feira,BR-369,82.0,Pleno dia,Crescente,Sol,Simples,Curva,-23.1813,-50.648,DEL07-PR,Risco Médio,Baixa
quarta-feira,BR-324,610.4,Pleno dia,Crescente,Céu Claro,Dupla,Reta,-12.82932,-38.41113,DEL01-BA,Risco Médio,Baixa
domingo,BR-101,77.0,Plena Noite,Crescente,Nublado,Simples,Desvio Temporário,-18.79953,-39.89017,DEL04-ES,Risco Baixo,Alta
segunda-feira,BR-282,22.7,Plena Noite,Decrescente,Céu Claro,Simples,Reta,-27.68916,-48.73499,DEL01-SC,Risco Médio,Baixa
terça-feira,BR-267,47.8,Plena Noite,Crescente,Chuva,Simples,Reta,-21.69472,-42.97641,DEL07-MG,Risco Baixo,Baixa
terça-feira,BR-364,876.0,Amanhecer,Crescente,Sol,Simples,Reta,-9.47747,-64.77124,DEL01-RO,Risco Médio,Alta
domingo,BR-101,417.5,Pleno dia,Decrescente,Céu Claro,Múltipla,Reta,-28.9784,-49.5348,DEL02-SC,Risco Médio,Alta
sexta-feira,BR-277,83.5,Pleno dia,Crescente,Céu Claro,Dupla,Reta,-25.44396,-49.23344,DEL01-PR,Risco Médio,Média
domingo,BR-262,114.2,Plena Noite,Crescente,Nublado,Simples,Não Informado,-20.24264,-42.607,DEL03-MG,Risco Médio,Média
sábado,BR-369,132.4,Pleno dia,Decrescente,Céu Claro,Dupla,Retorno Regulamentado,-23.26016,-51.0039,DEL07-PR,Risco Médio,Baixa
sábado,BR-101,149.0,Plena Noite,Decrescente,Nublado,Simples,Reta,-27.10896,-48.61278,DEL04-SC,Risco Médio,Alta
sexta-feira,BR-376,164.0,Pleno dia,Crescente,Céu Claro,Dupla,Reta,-23.40979,-51.98745,DEL07-PR,Risco Médio,Baixa
segunda-feira,BR-280,259.6,Pleno dia,Crescente,Céu Claro,Simples,Reta,-26.26285,-50.62826,DEL06-SC,Risco Alto,Baixa
quarta-feira,BR-232,14.6,Pleno dia,Crescente,Nublado,Dupla,Desvio Temporário,-8.090255,-35.02052,DEL01-PE,Risco Médio,Baixa
segunda-feira,BR-116,197.0,Plena Noite,Crescente,Nublado,Dupla,Reta,-23.0,-46.0,DEL01-SP,Risco Médio,Alta
quinta-feira,BR-116,267.0,Plena Noite,Decrescente,Céu Claro,Múltipla,Reta,-29.94142,-51.17697,DEL01-RS,Risco Baixo,Alta
sexta-feira,BR-116,293.0,Pleno dia,Crescente,Céu Claro,Dupla,Reta,-30.06191,-51.33968,DEL02-RS,Risco Médio,Alta
domingo,BR-153,83.4,Pleno dia,Crescente,Sol,Simples,Curva,-27.13492,-51.91727,DEL07-SC,Risco Médio,Alta