dia_semana,br,km,fase_dia,sentido_via,condicao_metereologica,tipo_pista,tracado_via,latitude,longitude,delegacia,classificacao_acidente,postos_policiais_PRF
segunda-feira,BR-381,159.5,Pleno dia,Crescente,Céu Claro,Simples,Curva,-18.92456,-42.01933,DEL06-MG,Risco Alto,Alta
terça-feira,BR-364,806.0,Plena Noite,Decrescente,Céu Claro,Simples,Reta,-9.2619,-64.44874,DEL01-RO,Risco Médio,Alta
sábado,BR-101,106.0,Pleno dia,Crescente,Céu Claro,Dupla,Reta,-5.9056,-35.2604,DEL01-RN,Risco Baixo,Alta
domingo,BR-280,225.2,Plena Noite,Decrescente,Chuva,Simples,Curva,-26.17766,-50.31046,DEL06-SC,Risco Médio,Baixa
segunda-feira,BR-116,87.8,Pleno dia,Decrescente,Nublado,Simples,Curva,-22.4599,-42.97096,DEL04-RJ,Risco Médio,Alta
sexta-feira,BR-153,110.2,Plena Noite,Crescente,Céu Claro,Simples,Reta,-21.08209,-49.67154,DEL09-SP,Risco Médio,Alta
sexta-feira,BR-116,36.8,Pleno dia,Decrescente,Céu Claro,Simples,Não Informado,-28.49229,-50.91057,DEL05-RS,Risco Médio,Alta
sábado,BR-364,344.0,Pleno dia,Decrescente,Sol,Dupla,Retorno Regulamentado,-10.87376,-61.95257,DEL02-RO,Risco Médio,Alta
domingo,BR-174,288.0,Pleno dia,Crescente,Céu Claro,Simples,Reta,-15.24995,-59.31122,DEL04-MT,Risco Médio,Baixa
quinta-feira,BR-101,107.7,Pleno dia,Crescente,Sol,Dupla,Reta,-26.81367,-48.68336,DEL03-SC,Risco Médio,Alta
quarta-feira,BR-376,223.0,Anoitecer,Crescente,Chuva,Dupla,Curva,-23.59817,-51.58727,DEL07-PR,Risco Médio,Baixa
quinta-feira,BR-116,142.0,Plena Noite,Decrescente,Céu Claro,Simples,Reta,-23.17426,-45.8294,DEL02-SP,Risco Médio,Alta
domingo,BR-116,471.0,Anoitecer,Decrescente,Garoa/Chuvisco,Dupla,Reta,-24.65865,-47.96724,DEL05-SP,Risco Médio,Alta
quarta-feira,BR-406,170.0,Amanhecer,Crescente,Nublado,Simples,Reta,-5.779257,-35.20092,DEL02-RN,Risco Médio,Baixa
domingo,BR-101,201.0,Pleno dia,Decrescente,Sol,Dupla,Reta,-27.54837,-48.61978,DEL01-SC,Risco Médio,Alta
sábado,BR-116,97.9,Plena Noite,Crescente,Nublado,Dupla,Reta,-22.97376,-45.44726,DEL08-SP,Risco Médio,Alta
quarta-feira,BR-324,622.0,Pleno dia,Crescente,Sol,Dupla,Reta,-12.91889,-38.46502,DEL01-BA,Risco Baixo,Baixa
sábado,BR-116,517.9,Plena Noite,Crescente,Garoa/Chuvisco,Simples,Não Informado,-24.87685,-48.22732,DEL05-SP,Risco Médio,Alta
terça-feira,BR-101,504.0,Pleno dia,Crescente,Sol,Simples,Reta,-22.93171,-44.38868,DEL03-RJ,Risco Médio,Alta
terça-feira,BR-470,191.0,Pleno dia,Crescente,Chuva,Simples,Reta,-27.2815,-50.06977,DEL04-SC,Risco Médio,Baixa
quarta-feira,BR-101,40.1,Pleno dia,Crescente,Céu Claro,Dupla,Reta,-7.821475,-34.91654,DEL01-PE,Risco Médio,Alta
quinta-feira,BR-392,630.3,Amanhecer,Decrescente,Nevoeiro/Neblina,Simples,Reta,-28.14323,-54.51105,DEL10-RS,Risco Médio,Média
sexta-feira,BR-153,2.3,Plena Noite,Decrescente,Céu Claro,Simples,Reta,-23.01309,-49.91028,DEL07-PR,Risco Médio,Alta
sexta-feira,BR-470,82.6,Pleno dia,Decrescente,Nublado,Simples,Não Informado,-26.95884,-49.32498,DEL04-SC,Risco Baixo,Baixa
quinta-feira,BR-392,131.1,Pleno dia,Decrescente,Sol,Simples,Reta,-31.32068,-52.76038,DEL07-RS,Risco Médio,Média
domingo,BR-116,513.0,Pleno dia,Decrescente,Céu Claro,Simples,Curva,-19.66203,-42.11733,DEL06-MG,Risco Médio,Alta
quinta-feira,BR-101,9.7,Plena Noite,Decrescente,Garoa/Chuvisco,Dupla,Reta,-26.05399,-48.85961,DEL03-SC,Risco Médio,Alta
sábado,BR-386,125.0,Plena Noite,Crescente,Chuva,Simples,Reta,-27.90725,-52.97527,DEL08-RS,Risco Médio,Média
quarta-feira,BR-230,9.0,Pleno dia,Decrescente,Céu Claro,Dupla,Reta,-7.06958,-34.8502,DEL01-PB,Risco Médio,Baixa
segunda-feira,BR-101,74.2,Pleno dia,Crescente,Sol,Dupla,Não Informado,-7.083392,-34.98076,DEL01-PB,Risco Médio,Alta
quinta-feira,BR-230,400.0,Plena Noite,Decrescente,Céu Claro,Simples,Reta,-7.4912,-46.0239,DEL05-MA,Risco Baixo,Baixa
quinta-feira,BR-116,121.0,Pleno dia,Decrescente,Céu Claro,Dupla,Reta,-23.075,-45.6513,DEL06-SP,Risco Médio,Alta
segunda-feira,BR-428,192.0,Pleno dia,Crescente,Céu Claro,Dupla,Reta,-9.38678,-40.5246,DEL06-PE,Risco Baixo,Baixa
quarta-feira,BR-101,107.0,Plena Noite,Decrescente,Céu Claro,Dupla,Reta,-5.919208,-35.26412,DEL01-RN,Risco Médio,Alta
quinta-feira,BR-101,80.0,Pleno dia,Decrescente,Nublado,Dupla,Reta,-7.117537,-34.94951,DEL01-PB,Risco Médio,Alta
terça-feira,BR-60,12.0,Pleno dia,Crescente,Céu Claro,Dupla,Reta,-15.91823,-48.16476,DEL01-DF,Risco Baixo,Média
terça-feira,BR-392,67.8,Pleno dia,Decrescente,Céu Claro,Simples,Reta,-31.7571,-52.39981,DEL07-RS,Risco Médio,Média
sábado,BR-40,86.0,Plena Noite,Crescente,Garoa/Chuvisco,Dupla,Não Informado,-22.57774,-43.27329,DEL06-RJ,Risco Médio,Alta
sábado,BR-153,517.0,Pleno dia,Crescente,Nublado,Dupla,Não Informado,-16.8581,-49.2488,DEL01-GO,Risco Médio,Alta
domingo,BR-280,81.9,Pleno dia,Crescente,Céu Claro,Simples,Reta,-26.44057,-49.21706,DEL06-SC,Risco Médio,Baixa
domingo,BR-116,704.6,Pleno dia,Crescente,Nublado,Simples,Interseção de vias,-21.12506,-42.38147,DEL07-MG,Risco Médio,Alta
segunda-feira,BR-282,4.7,Pleno dia,Decrescente,Chuva,Dupla,Reta,-27.59265,-48.60403,DEL01-SC,Risco Médio,Baixa
quarta-feira,BR-101,95.5,Plena Noite,Crescente,Céu Claro,Múltipla,Reta,-5.841853,-35.21018,DEL01-RN,Risco Médio,Alta
sexta-feira,BR-280,20.7,Plena Noite,Crescente,Garoa/Chuvisco,Simples,Reta,-26.37372,-48.69467,DEL03-SC,Risco Baixo,Baixa
domingo,BR-60,136.5,Amanhecer,Crescente,Nublado,Simples,Reta,-16.5959,-49.1965,DEL01-GO,Risco Baixo,Média
quinta-feira,BR-60,49.9,Plena Noite,Crescente,Céu Claro,Dupla,Reta,-16.16232,-48.62308,DEL02-GO,Risco Baixo,Média
domingo,BR-135,630.0,Pleno dia,Decrescente,Céu Claro,Simples,Reta,-10.7218,-45.1793,DEL03-PI,Risco Médio,Baixa
sábado,BR-70,11.6,Pleno dia,Decrescente,Céu Claro,Dupla,Reta,-15.78973,-48.14836,DEL01-DF,Risco Médio,Baixa
quinta-feira,BR-356,164.0,Pleno dia,Decrescente,Céu Claro,Dupla,Reta,-21.71454,-41.13114,DEL08-RJ,Risco Médio,Baixa
sexta-feira,BR-282,280.8,Pleno dia,Decrescente,Céu Claro,Simples,Não Informado,-27.5834,-50.75492,DEL05-SC,Risco Médio,Baixa
domingo,BR-343,260.4,Plena Noite,Crescente,Céu Claro,Simples,Reta,-4.802398,-42.13783,DEL01-PI,Risco Médio,Baixa
domingo,BR-376,628.1,Pleno dia,Decrescente,Nublado,Dupla,Não Informado,-25.68591,-49.14703,DEL01-PR,Risco Médio,Baixa
sexta-feira,BR-470,65.2,Plena Noite,Crescente,Nublado,Simples,Não Informado,-26.87052,-49.2138,DEL04-SC,Risco Alto,Baixa
sexta-feira,BR-116,222.0,Pleno dia,Crescente,Céu Claro,Múltipla,Rotatória,-29.581,-51.09518,DEL05-RS,Risco Baixo,Alta
domingo,BR-376,3.3,Plena Noite,Decrescente,Nublado,Dupla,Não Informado,-23.55932,-51.43836,DEL07-PR,Risco Baixo,Baixa
sexta-feira,BR-116,153.7,Pleno dia,Decrescente,Céu Claro,Dupla,Não Informado,-29.18807,-51.18131,DEL05-RS,Risco Médio,Alta
domingo,BR-101,377.0,Plena Noite,Crescente,Céu Claro,Simples,Curva,-13.9645,-39.47804,DEL05-BA,Risco Médio,Alta
segunda-feira,BR-364,713.0,Plena Noite,Crescente,Nublado,Dupla,Curva,-8.772248,-63.88138,DEL01-RO,Risco Médio,Alta
domingo,BR-116,573.8,Pleno dia,Crescente,Céu Claro,Simples,Reta,-20.13004,-42.17795,DEL06-MG,Risco Médio,Alta
quinta-feira,BR-470,117.3,Pleno dia,Crescente,Sol,Dupla,Interseção de vias,-27.08169,-49.50228,DEL04-SC,Risco Médio,Baixa
segunda-feira,BR-116,275.0,Plena Noite,Decrescente,Nublado,Simples,Não Informado,-17.84235,-41.5141,DEL11-MG,Risco Médio,Alta
sábado,BR-277,620.0,Pleno dia,Decrescente,Céu Claro,Simples,Túnel,-25.08308,-53.71064,DEL05-PR,Risco Médio,Média
sábado,BR-80,5.0,Amanhecer,Crescente,Nevoeiro/Neblina,Simples,Reta,-15.7296,-48.1213,DEL01-DF,Risco Médio,Baixa
quinta-feira,BR-20,3.0,Pleno dia,Decrescente,Céu Claro,Múltipla,Reta,-15.67985,-47.83221,DEL02-DF,Risco Médio,Baixa
sábado,BR-40,87.0,Pleno dia,Decrescente,Céu Claro,Simples,Reta,-22.55568,-43.22777,DEL06-RJ,Risco Médio,Alta
sexta-feira,BR-476,55.0,Pleno dia,Decrescente,Céu Claro,Simples,Reta,-24.96676,-49.08572,DEL01-PR,Risco Alto,Baixa
quinta-feira,BR-282,0.8,Pleno dia,Decrescente,Garoa/Chuvisco,Múltipla,Reta,-27.59845,-48.572,DEL01-SC,Risco Médio,Baixa
domingo,BR-316,71.5,Plena Noite,Decrescente,Céu Claro,Simples,Curva,-5.677057,-42.59635,DEL01-PI,Risco Médio,Baixa
quinta-feira,BR-101,6.9,Plena Noite,Decrescente,Céu Claro,Dupla,Reta,-6.553951,-35.12901,DEL01-PB,Risco Médio,Alta
sábado,BR-277,40.0,Plena Noite,Decrescente,Nublado,Dupla,Curva,-25.58088,-48.87086,DEL01-PR,Risco Médio,Média
sábado,BR-452,166.0,Amanhecer,Crescente,Chuva,Simples,Reta,-18.328,-49.45924,DEL03-GO,Risco Alto,Baixa
quinta-feira,BR-277,712.8,Anoitecer,Crescente,Céu Claro,Dupla,Reta,-25.46062,-54.43822,DEL05-PR,Risco Médio,Média
sexta-feira,BR-101,201.3,Pleno dia,Crescente,Céu Claro,Dupla,Reta,-27.54837,-48.61978,DEL01-SC,Risco Baixo,Alta
sábado,BR-116,585.0,Plena Noite,Crescente,Chuva,Simples,Reta,-13.10445,-39.99104,DEL03-BA,Risco Médio,Alta
sábado,BR-116,157.0,Plena Noite,Decrescente,Céu Claro,Dupla,Reta,-23.25558,-45.94378,DEL02-SP,Risco Médio,Alta
sábado,BR-40,27.8,Amanhecer,Decrescente,Céu Claro,Simples,Reta,-16.26945,-47.88129,DEL01-DF,Risco Médio,Alta
sábado,BR-116,224.5,Pleno dia,Crescente,Sol,Múltipla,Reta,-23.48507,-46.54027,DEL01-SP,Risco Médio,Alta
domingo,BR-343,207.8,Amanhecer,Decrescente,Céu Claro,Simples,Reta,-4.429796,-41.90117,DEL02-PI,Risco Médio,Baixa
terça-feira,BR-10,249.0,Pleno dia,Decrescente,Céu Claro,Múltipla,Reta,-5.558508,-47.45417,DEL04-MA,Risco Médio,Baixa
sexta-feira,BR-376,217.0,Plena Noite,Crescente,Céu Claro,Simples,Interseção de vias,-23.59526,-51.64128,DEL07-PR,Risco Médio,Baixa
quinta-feira,BR-40,511.0,Pleno dia,Decrescente,Sol,Dupla,Reta,-19.7856,-44.1151,DEL01-MG,Risco Médio,Alta
domingo,BR-101,207.8,Plena Noite,Crescente,Nublado,Múltipla,Curva,-27.60001,-48.62265,DEL01-SC,Risco Baixo,Alta
sexta-feira,BR-230,85.7,Pleno dia,Decrescente,Céu Claro,Dupla,Reta,-7.1652,-35.3534,DEL01-PB,Risco Médio,Baixa
sexta-feira,BR-230,1103.0,Pleno dia,Crescente,Nublado,Simples,Desvio Temporário,-4.273904,-55.98663,DEL05-PA,Risco Médio,Baixa
quarta-feira,BR-101,312.0,Pleno dia,Decrescente,Céu Claro,Dupla,Reta,-22.80547,-43.06157,DEL02-RJ,Risco Médio,Alta
terça-feira,BR-101,271.0,Amanhecer,Crescente,Céu Claro,Dupla,Desvio Temporário,-22.72704,-42.69549,DEL02-RJ,Risco Baixo,Alta
sábado,BR-262,575.2,Anoitecer,Decrescente,Chuva,Simples,Reta,-19.67638,-46.04351,DEL08-MG,Risco Médio,Média
quinta-feira,BR-476,134.9,Pleno dia,Crescente,Céu Claro,Múltipla,Reta,-25.48336,-49.26582,DEL01-PR,Risco Médio,Baixa
quarta-feira,BR-101,9.5,Plena Noite,Decrescente,Céu Claro,Dupla,Não Informado,-7.577889,-34.98848,DEL01-PE,Risco Alto,Alta
sexta-feira,BR-381,707.0,Plena Noite,Decrescente,Nublado,Dupla,Não Informado,-21.36199,-45.1917,DEL04-MG,Risco Alto,Alta
sexta-feira,BR-476,138.0,Pleno dia,Decrescente,Nublado,Múltipla,Reta,-25.50556,-49.28342,DEL01-PR,Risco Médio,Baixa
domingo,BR-381,76.0,Pleno dia,Crescente,Céu Claro,Dupla,Curva,-23.38712,-46.56927,DEL03-SP,Risco Médio,Alta
quinta-feira,BR-70,272.0,Pleno dia,Crescente,Céu Claro,Simples,Reta,-15.5469,-54.24852,DEL05-MT,Risco Médio,Baixa
terça-feira,BR-116,415.0,Pleno dia,Decrescente,Nublado,Simples,Ponte,-18.88318,-41.95306,DEL06-MG,Risco Médio,Alta
quarta-feira,BR-316,18.6,Pleno dia,Crescente,Céu Claro,Dupla,Reta,-1.364856,-48.29644,DEL01-PA,Risco Médio,Baixa
domingo,BR-101,30.3,Plena Noite,Decrescente,Céu Claro,Simples,Interseção de vias,-5.371714,-35.37583,DEL02-RN,Risco Médio,Alta
domingo,BR-116,163.5,Pleno dia,Decrescente,Nublado,Simples,Reta,-29.25506,-51.16006,DEL05-RS,Risco Médio,Alta
sábado,BR-101,87.0,Pleno dia,Decrescente,Céu Claro,Dupla,Reta,-21.845,-41.51836,DEL08-RJ,Risco Médio,Alta
quinta-feira,BR-163,88.1,Pleno dia,Decrescente,Céu Claro,Dupla,Reta,-16.75647,-54.65422,DEL02-MT,Risco Médio,Alta
quinta-feira,BR-101,218.0,Anoitecer,Decrescente,Chuva,Dupla,Reta,-27.67586,-48.67053,DEL01-SC,Risco Médio,Alta
terça-feira,BR-364,329.0,Pleno dia,Crescente,Céu Claro,Simples,Não Informado,-17.4003,-52.71133,DEL05-GO,Risco Médio,Alta
sexta-feira,BR-101,138.0,Plena Noite,Decrescente,Nublado,Dupla,Reta,-27.02397,-48.60762,DEL04-SC,Risco Médio,Alta
quarta-feira,BR-116,95.0,Plena Noite,Decrescente,Céu Claro,Simples,Curva,-22.47375,-43.00118,DEL04-RJ,Risco Médio,Alta
domingo,BR-101,116.5,Pleno dia,Decrescente,Garoa/Chuvisco,Dupla,Reta,-26.8877,-48.7222,DEL04-SC,Risco Médio,Alta
sexta-feira,BR-116,19.1,Plena Noite,Crescente,Céu Claro,Simples,Curva,-8.010181,-39.14241,DEL05-PE,Risco Médio,Alta
quinta-feira,BR-116,419.5,Pleno dia,Crescente,Céu Claro,Dupla,Reta,-12.20372,-38.96558,DEL02-BA,Risco Médio,Alta
sábado,BR-343,306.7,Plena Noite,Crescente,Céu Claro,Simples,Reta,-5.038756,-42.45089,DEL01-PI,Risco Médio,Baixa
sábado,BR-280,261.6,Plena Noite,Crescente,Nublado,Simples,Reta,-26.26173,-50.6482,DEL06-SC,Risco Médio,Baixa
segunda-feira,BR-116,82.0,Pleno dia,Crescente,Céu Claro,Simples,Reta,-8.542338,-39.22398,DEL05-PE,Risco Baixo,Alta
domingo,BR-364,309.0,Plena Noite,Decrescente,Céu Claro,Simples,Reta,-11.16342,-61.90161,DEL02-RO,Risco Alto,Alta
sexta-feira,BR-316,269.0,Plena Noite,Crescente,Nublado,Simples,Reta,-9.57589,-35.83164,DEL02-AL,Risco Médio,Baixa
quinta-feira,BR-70,328.0,Plena Noite,Decrescente,Céu Claro,Simples,Reta,-15.57729,-54.37899,DEL05-MT,Risco Médio,Baixa
quinta-feira,BR-116,680.2,Pleno dia,Decrescente,Céu Claro,Simples,Curva,-20.94219,-42.34366,DEL07-MG,Risco Baixo,Alta
segunda-feira,BR-116,269.0,Plena Noite,Decrescente,Nublado,Dupla,Reta,-23.60877,-46.7583,DEL04-SP,Risco Médio,Alta
sexta-feira,BR-369,168.7,Pleno dia,Decrescente,Céu Claro,Simples,Reta,-23.30133,-51.32972,DEL07-PR,Risco Médio,Baixa
sexta-feira,BR-70,1.0,Pleno dia,Crescente,Céu Claro,Dupla,Curva,-15.89165,-52.26203,DEL07-MT,Risco Médio,Baixa
quarta-feira,BR-393,295.3,Pleno dia,Decrescente,Céu Claro,Dupla,Reta,-22.55972,-44.1183,DEL05-RJ,Risco Alto,Média
segunda-feira,BR-381,486.2,Pleno dia,Decrescente,Sol,Dupla,Reta,-19.9554,-44.1157,DEL01-MG,Risco Médio,Alta
segunda-feira,BR-386,341.0,Plena Noite,Crescente,Sol,Simples,Interseção de vias,-29.43392,-52.00769,DEL04-RS,Risco Médio,Média
segunda-feira,BR-116,189.0,Pleno dia,Crescente,Céu Claro,Dupla,Reta,-22.73766,-43.49182,DEL01-RJ,Risco Baixo,Alta
domingo,BR-20,83.0,Plena Noite,Crescente,Céu Claro,Simples,Reta,-15.07135,-47.08488,DEL02-DF,Risco Médio,Baixa
segunda-feira,BR-116,95.0,Pleno dia,Crescente,Garoa/Chuvisco,Simples,Curva,-22.47375,-43.00118,DEL04-RJ,Risco Médio,Alta
sábado,BR-282,541.8,Pleno dia,Decrescente,Sol,Simples,Reta,-26.99771,-52.69917,DEL07-SC,Risco Médio,Baixa
terça-feira,BR-60,53.0,Pleno dia,Crescente,Céu Claro,Dupla,Reta,-16.1737,-48.6483,DEL02-GO,Risco Médio,Média
quarta-feira,BR-40,122.1,Pleno dia,Decrescente,Sol,Múltipla,Reta,-22.79744,-43.28925,DEL01-RJ,Risco Médio,Alta
sexta-feira,BR-290,118.7,Pleno dia,Crescente,Céu Claro,Simples,Reta,-30.04847,-51.38795,DEL02-RS,Risco Médio,Baixa
quinta-feira,BR-476,147.0,Plena Noite,Decrescente,Céu Claro,Dupla,Reta,-25.55463,-49.33927,DEL01-PR,Risco Médio,Baixa
terça-feira,BR-277,81.8,Pleno dia,Crescente,Céu Claro,Dupla,Reta,-25.56894,-49.18198,DEL01-PR,Risco Médio,Média
segunda-feira,BR-364,711.9,Pleno dia,Crescente,Céu Claro,Dupla,Reta,-8.778865,-63.86946,DEL01-RO,Risco Médio,Alta
terça-feira,BR-222,239.9,Pleno dia,Crescente,Céu Claro,Simples,Reta,-3.733768,-40.48175,DEL04-CE,Risco Médio,Baixa
segunda-feira,BR-282,338.0,Pleno dia,Decrescente,Nublado,Simples,Curva,-27.39246,-51.177,DEL07-SC,Risco Médio,Baixa
sábado,BR-393,243.0,Plena Noite,Crescente,Céu Claro,Simples,Curva,-22.43047,-43.69981,DEL05-RJ,Risco Médio,Média
sábado,BR-116,118.0,Plena Noite,Crescente,Céu Claro,Múltipla,Reta,-25.56215,-49.30838,DEL01-PR,Risco Médio,Alta
sexta-feira,BR-364,139.0,Plena Noite,Decrescente,Céu Claro,Dupla,Rotatória,-9.953593,-67.8612,DEL01-AC,Risco Médio,Alta
domingo,BR-101,42.9,Plena Noite,Crescente,Céu Claro,Simples,Não Informado,-11.82501,-37.98513,DEL02-SE,Risco Alto,Alta
segunda-feira,BR-277,699.5,Pleno dia,Crescente,Céu Claro,Dupla,Reta,-25.4012,-54.31993,DEL05-PR,Risco Médio,Média
quarta-feira,BR-376,223.0,Plena Noite,Decrescente,Céu Claro,Dupla,Reta,-23.56424,-51.5396,DEL07-PR,Risco Médio,Baixa
sexta-feira,BR-40,519.6,Pleno dia,Crescente,Céu Claro,Dupla,Reta,-19.83958,-44.07684,DEL01-MG,Risco Médio,Alta
domingo,BR-242,857.0,Plena Noite,Crescente,Céu Claro,Simples,Reta,-12.07168,-45.53999,DEL10-BA,Risco Alto,Baixa
terça-feira,BR-290,78.5,Pleno dia,Crescente,Céu Claro,Múltipla,Reta,-29.95343,-51.05845,DEL01-RS,Risco Médio,Baixa
quinta-feira,BR-101,129.0,Plena Noite,Crescente,Céu Claro,Dupla,Reta,-11.1008,-37.3714,DEL02-SE,Risco Baixo,Alta
segunda-feira,BR-304,296.0,Anoitecer,Decrescente,Céu Claro,Dupla,Curva,-5.864302,-35.34578,DEL01-RN,Risco Baixo,Baixa
sábado,BR-101,89.2,Pleno dia,Crescente,Sol,Múltipla,Reta,-26.65176,-48.68722,DEL03-SC,Risco Médio,Alta
domingo,BR-101,307.0,Amanhecer,Decrescente,Céu Claro,Dupla,Viaduto,-22.79116,-43.01514,DEL02-RJ,Risco Médio,Alta
domingo,BR-101,153.0,Pleno dia,Decrescente,Céu Claro,Dupla,Curva,-11.27698,-37.44948,DEL02-SE,Risco Médio,Alta
quarta-feira,BR-262,368.2,Plena Noite,Crescente,Ignorado,Simples,Reta,-20.47852,-54.7601,DEL01-MS,Risco Médio,Média
sábado,BR-476,123.0,Pleno dia,Crescente,Nublado,Dupla,Não Informado,-25.3929,-49.20956,DEL01-PR,Risco Médio,Baixa
sexta-feira,BR-277,97.0,Anoitecer,Crescente,Céu Claro,Múltipla,Reta,-25.43036,-49.34074,DEL01-PR,Risco Médio,Média
domingo,BR-158,512.0,Plena Noite,Crescente,Nublado,Simples,Reta,-26.13555,-52.65214,DEL02-PR,Risco Médio,Baixa
segunda-feira,BR-116,51.0,Pleno dia,Decrescente,Céu Claro,Dupla,Curva,-25.24565,-48.90317,DEL01-PR,Risco Médio,Alta
sábado,BR-101,25.0,Plena Noite,Decrescente,Nublado,Simples,Reta,-18.381,-39.9458,DEL04-ES,Risco Alto,Alta
quinta-feira,BR-20,2.8,Pleno dia,Decrescente,Sol,Dupla,Reta,-15.6829,-47.84073,DEL02-DF,Risco Médio,Baixa
terça-feira,BR-116,195.2,Pleno dia,Decrescente,Sol,Dupla,Reta,-23.38881,-46.27566,DEL01-SP,Risco Médio,Alta
segunda-feira,BR-101,201.0,Pleno dia,Crescente,Chuva,Dupla,Reta,-27.5572,-48.6188,DEL01-SC,Risco Médio,Alta
sexta-feira,BR-116,665.9,Pleno dia,Decrescente,Chuva,Simples,Curva,-20.83332,-42.32223,DEL07-MG,Risco Médio,Alta
sexta-feira,BR-369,152.4,Pleno dia,Crescente,Céu Claro,Dupla,Não Informado,-23.29346,-51.18728,DEL07-PR,Risco Médio,Baixa
sexta-feira,BR-40,7.5,Plena Noite,Crescente,Céu Claro,Dupla,Reta,-16.04466,-47.98056,DEL01-DF,Risco Médio,Alta
sexta-feira,BR-60,5.7,Pleno dia,Crescente,Céu Claro,Dupla,Reta,-15.89544,-48.10477,DEL01-DF,Risco Médio,Média
segunda-feira,BR-230,23.0,Pleno dia,Decrescente,Céu Claro,Dupla,Não Informado,-7.166066,-34.86306,DEL01-PB,Risco Médio,Baixa
quinta-feira,BR-101,882.0,Pleno dia,Decrescente,Nublado,Simples,Reta,-17.56516,-39.72965,DEL09-BA,Risco Médio,Alta
segunda-feira,BR-116,206.1,Plena Noite,Crescente,Céu Claro,Dupla,Reta,-23.41749,-46.37687,DEL01-SP,Risco Alto,Alta
sábado,BR-381,48.9,Pleno dia,Decrescente,Céu Claro,Dupla,Reta,-23.20429,-46.59016,DEL03-SP,Risco Baixo,Alta
domingo,BR-163,877.0,Pleno dia,Crescente,Céu Claro,Simples,Curva,-3.428135,-54.909,DEL05-PA,Risco Médio,Alta
quinta-feira,BR-101,43.4,Pleno dia,Crescente,Céu Claro,Múltipla,Reta,-7.847538,-34.90977,DEL01-PE,Risco Médio,Alta
domingo,BR-262,100.9,Plena Noite,Crescente,Nublado,Simples,Curva,-20.34263,-41.11143,DEL01-ES,Risco Médio,Média
sábado,BR-116,518.4,Pleno dia,Crescente,Céu Claro,Simples,Não Informado,-19.71038,-42.12371,DEL06-MG,Risco Médio,Alta
sexta-feira,BR-373,262.0,Pleno dia,Crescente,Céu Claro,Simples,Reta,-25.20035,-50.96331,DEL08-PR,Risco Médio,Baixa
sexta-feira,BR-163,365.0,Pleno dia,Decrescente,Céu Claro,Simples,Reta,-21.46046,-54.38171,DEL02-MS,Risco Médio,Alta
terça-feira,BR-381,712.8,Pleno dia,Decrescente,Nublado,Dupla,Curva,-21.3742,-45.1916,DEL04-MG,Risco Baixo,Alta
quinta-feira,BR-116,360.0,Amanhecer,Decrescente,Céu Claro,Dupla,Não Informado,-24.11249,-47.26511,DEL04-SP,Risco Médio,Alta
domingo,BR-116,22.0,Pleno dia,Decrescente,Chuva,Dupla,Curva,-25.10985,-48.74662,DEL01-PR,Risco Baixo,Alta
segunda-feira,BR-70,13.0,Anoitecer,Crescente,Céu Claro,Dupla,Reta,-15.79456,-48.16658,DEL01-DF,Risco Médio,Baixa
terça-feira,BR-393,117.0,Pleno dia,Decrescente,Céu Claro,Simples,Reta,-21.88167,-42.68707,DEL06-RJ,Risco Alto,Média
domingo,BR-392,85.0,Pleno dia,Crescente,Céu Claro,Simples,Reta,-31.64218,-52.48744,DEL07-RS,Risco Alto,Média
sábado,BR-101,27.0,Plena Noite,Decrescente,Garoa/Chuvisco,Dupla,Reta,-26.2013,-48.91332,DEL03-SC,Risco Médio,Alta
quarta-feira,BR-343,10.8,Pleno dia,Decrescente,Sol,Simples,Reta,-2.903139,-41.74884,DEL05-PI,Risco Baixo,Baixa
segunda-feira,BR-361,23.9,Plena Noite,Decrescente,Céu Claro,Simples,Reta,-7.085148,-37.44811,DEL03-PB,Risco Médio,Baixa
sexta-feira,BR-60,602.0,Pleno dia,Decrescente,Céu Claro,Simples,Reta,-21.55885,-56.16925,DEL05-MS,Risco Médio,Média
quarta-feira,BR-262,531.7,Pleno dia,Decrescente,Céu Claro,Simples,Não Informado,-19.77432,-45.76188,DEL08-MG,Risco Médio,Média
sexta-feira,BR-50,29.3,Plena Noite,Decrescente,Céu Claro,Simples,Reta,-18.6416,-48.1246,DEL15-MG,Risco Baixo,Média
sexta-feira,BR-116,125.0,Plena Noite,Crescente,Céu Claro,Dupla,Reta,-25.6247,-49.31522,DEL01-PR,Risco Médio,Alta
quarta-feira,BR-163,476.1,Amanhecer,Crescente,Céu Claro,Simples,Reta,-20.51163,-54.56031,DEL01-MS,Risco Médio,Alta
segunda-feira,BR-381,449.0,Pleno dia,Decrescente,Sol,Simples,Reta,-19.82447,-43.83232,DEL01-MG,Risco Médio,Alta
quinta-feira,BR-116,112.9,Amanhecer,Decrescente,Nublado,Dupla,Reta,-25.54959,-49.28355,DEL01-PR,Risco Médio,Alta
domingo,BR-135,410.0,Pleno dia,Decrescente,Céu Claro,Simples,Não Informado,-9.473455,-44.61764,DEL03-PI,Risco Médio,Baixa
sábado,BR-262,405.3,Plena Noite,Decrescente,Nublado,Dupla,Curva,-19.89215,-44.6508,DEL08-MG,Risco Médio,Média
sábado,BR-101,90.0,Amanhecer,Decrescente,Chuva,Múltipla,Reta,-26.66149,-48.68866,DEL03-SC,Risco Baixo,Alta
sábado,BR-116,807.2,Pleno dia,Decrescente,Céu Claro,Simples,Reta,-14.73914,-40.65691,DEL08-BA,Risco Alto,Alta