dia_semana,br,km,fase_dia,sentido_via,condicao_metereologica,tipo_pista,tracado_via,latitude,longitude,delegacia,classificacao_acidente,postos_policiais_PRF
quinta-feira,BR-316,175.1,Anoitecer,Decrescente,Céu Claro,Simples,Reta,-6.22645,-41.99445,DEL04-PI,Risco Baixo,Baixa
sexta-feira,BR-116,264.0,Pleno dia,Crescente,Céu Claro,Dupla,Reta,-29.96611,-51.17424,DEL01-RS,Risco Médio,Alta
sexta-feira,BR-116,149.1,Plena Noite,Crescente,Garoa/Chuvisco,Dupla,Interseção de vias,-29.15997,-51.15645,DEL05-RS,Risco Baixo,Alta
segunda-feira,BR-101,195.0,Pleno dia,Decrescente,Céu Claro,Simples,Reta,-19.70199,-40.32193,DEL04-ES,Risco Médio,Alta
domingo,BR-230,79.9,Plena Noite,Decrescente,Céu Claro,Dupla,Retorno Regulamentado,-7.17818,-35.32328,DEL01-PB,Risco Médio,Baixa
quarta-feira,BR-153,331.7,Pleno dia,Decrescente,Nublado,Simples,Reta,-25.46769,-50.65154,DEL03-PR,Risco Médio,Alta
terça-feira,BR-116,277.0,Pleno dia,Crescente,Céu Claro,Dupla,Curva,-22.55906,-44.17284,DEL07-RJ,Risco Baixo,Alta
sábado,BR-40,365.5,Pleno dia,Crescente,Céu Claro,Simples,Reta,-18.83547,-44.77272,DEL02-MG,Risco Médio,Alta
domingo,BR-262,386.7,Pleno dia,Decrescente,Céu Claro,Dupla,Reta,-19.91819,-44.48068,DEL01-MG,Risco Médio,Média
sexta-feira,BR-153,500.0,Pleno dia,Decrescente,Céu Claro,Dupla,Reta,-16.7118,-49.2324,DEL01-GO,Risco Baixo,Alta
quinta-feira,BR-116,86.0,Pleno dia,Decrescente,Céu Claro,Múltipla,Não Informado,-25.46222,-49.08889,DEL01-PR,Risco Médio,Alta
sexta-feira,BR-369,135.2,Pleno dia,Crescente,Sol,Simples,Interseção de vias,-23.26618,-51.0378,DEL07-PR,Risco Médio,Baixa
sexta-feira,BR-376,601.9,Amanhecer,Decrescente,Céu Claro,Simples,Interseção de vias,-25.53705,-49.31404,DEL01-PR,Risco Baixo,Baixa
segunda-feira,BR-153,57.0,Plena Noite,Crescente,Céu Claro,Simples,Reta,-20.77417,-49.3517,DEL09-SP,Risco Médio,Alta
terça-feira,BR-230,157.0,Pleno dia,Crescente,Chuva,Simples,Reta,-6.931879,-41.78777,DEL04-PI,Risco Médio,Baixa
domingo,BR-452,108.6,Pleno dia,Crescente,Ignorado,Simples,Reta,-18.15951,-49.93111,DEL03-GO,Risco Médio,Baixa
sábado,BR-101,430.0,Plena Noite,Decrescente,Céu Claro,Dupla,Reta,-29.05578,-49.6221,DEL02-SC,Risco Médio,Alta
terça-feira,BR-163,1060.0,Plena Noite,Crescente,Céu Claro,Simples,Reta,-10.12527,-54.93236,DEL06-MT,Risco Médio,Alta
sábado,BR-101,209.0,Plena Noite,Crescente,Nublado,Múltipla,Reta,-27.61001,-48.63895,DEL01-SC,Risco Baixo,Alta
sexta-feira,BR-262,142.2,Pleno dia,Decrescente,Céu Claro,Simples,Desvio Temporário,-20.05798,-42.72124,DEL03-MG,Risco Médio,Média
sábado,BR-373,474.1,Pleno dia,Crescente,Céu Claro,Simples,Curva,-25.96305,-52.51943,DEL02-PR,Risco Baixo,Baixa
sábado,BR-470,47.6,Plena Noite,Crescente,Céu Claro,Simples,Reta,-26.86142,-49.05203,DEL04-SC,Risco Médio,Baixa
sábado,BR-381,671.1,Pleno dia,Crescente,Chuva,Dupla,Reta,-21.06249,-45.05111,DEL04-MG,Risco Médio,Alta
quinta-feira,BR-381,778.0,Anoitecer,Decrescente,Céu Claro,Dupla,Curva,-21.83281,-45.50065,DEL16-MG,Risco Baixo,Alta
sexta-feira,BR-465,20.0,Plena Noite,Decrescente,Garoa/Chuvisco,Simples,Reta,-22.84683,-43.60534,DEL01-RJ,Risco Médio,Baixa
quinta-feira,BR-381,491.3,Plena Noite,Decrescente,Céu Claro,Dupla,Não Informado,-19.9616,-44.1603,DEL01-MG,Risco Médio,Alta
sábado,BR-365,869.1,Anoitecer,Crescente,Céu Claro,Simples,Curva,-19.04543,-50.49618,DEL15-MG,Risco Médio,Média
segunda-feira,BR-376,54.7,Plena Noite,Decrescente,Céu Claro,Simples,Não Informado,-22.46714,-54.29243,DEL04-MS,Risco Médio,Baixa
sexta-feira,BR-40,629.2,Plena Noite,Crescente,Céu Claro,Simples,Reta,-20.65461,-43.80826,DEL05-MG,Risco Médio,Alta
sábado,BR-308,10.0,Pleno dia,Crescente,Céu Claro,Dupla,Reta,-1.365684,-48.35838,DEL01-PA,Risco Baixo,Baixa
domingo,BR-222,205.0,Plena Noite,Crescente,Céu Claro,Simples,Curva,-3.781798,-40.2305,DEL04-CE,Risco Médio,Baixa
segunda-feira,BR-316,546.8,Pleno dia,Crescente,Céu Claro,Simples,Interseção de vias,-4.875501,-43.39522,DEL03-MA,Risco Médio,Baixa
sábado,BR-376,53.1,Anoitecer,Crescente,Céu Claro,Simples,Desvio Temporário,-22.45606,-54.31901,DEL04-MS,Risco Médio,Baixa
quarta-feira,BR-364,343.2,Pleno dia,Crescente,Sol,Dupla,Reta,-10.87879,-61.94499,DEL02-RO,Risco Médio,Alta
quarta-feira,BR-262,380.5,Pleno dia,Crescente,Sol,Simples,Interseção de vias,-20.45577,-54.84474,DEL01-MS,Risco Médio,Média
quinta-feira,BR-101,135.1,Anoitecer,Decrescente,Céu Claro,Múltipla,Não Informado,-27.00479,-48.62636,DEL04-SC,Risco Médio,Alta
domingo,BR-367,36.0,Plena Noite,Decrescente,Nublado,Simples,Reta,-16.40287,-39.17766,DEL09-BA,Risco Baixo,Baixa
sexta-feira,BR-376,492.9,Plena Noite,Crescente,Céu Claro,Dupla,Não Informado,-25.1256,-50.17979,DEL03-PR,Risco Médio,Baixa
segunda-feira,BR-262,378.5,Pleno dia,Decrescente,Céu Claro,Dupla,Curva,-19.95652,-44.36483,DEL01-MG,Risco Médio,Média
domingo,BR-487,199.0,Plena Noite,Crescente,Céu Claro,Simples,Reta,-24.23726,-52.23106,DEL04-PR,Risco Alto,Baixa
terça-feira,BR-470,82.6,Plena Noite,Decrescente,Céu Claro,Simples,Reta,-26.96308,-49.33076,DEL04-SC,Risco Médio,Baixa
sábado,BR-277,716.8,Amanhecer,Crescente,Céu Claro,Dupla,Reta,-25.47252,-54.46707,DEL05-PR,Risco Baixo,Média
domingo,BR-116,241.0,Pleno dia,Crescente,Céu Claro,Dupla,Reta,-29.7147,-51.14805,DEL01-RS,Risco Médio,Alta
sexta-feira,BR-381,563.0,Amanhecer,Decrescente,Nevoeiro/Neblina,Dupla,Reta,-20.3841,-44.483,DEL04-MG,Risco Baixo,Alta
sexta-feira,BR-50,168.8,Pleno dia,Decrescente,Céu Claro,Dupla,Não Informado,-19.72443,-47.98098,DEL13-MG,Risco Baixo,Média
sexta-feira,BR-116,222.3,Anoitecer,Crescente,Céu Claro,Múltipla,Reta,-23.47093,-46.51631,DEL01-SP,Risco Médio,Alta
sábado,BR-101,319.0,Pleno dia,Crescente,Céu Claro,Dupla,Reta,-22.85412,-43.1018,DEL02-RJ,Risco Médio,Alta
quarta-feira,BR-262,870.0,Pleno dia,Crescente,Céu Claro,Dupla,Reta,-19.77587,-48.46641,DEL13-MG,Risco Médio,Média
segunda-feira,BR-381,925.3,Pleno dia,Crescente,Chuva,Dupla,Curva,-22.76912,-46.20532,DEL16-MG,Risco Baixo,Alta
quarta-feira,BR-101,151.6,Pleno dia,Crescente,Céu Claro,Simples,Reta,-11.2414,-37.4316,DEL02-SE,Risco Médio,Alta
sexta-feira,BR-381,358.0,Pleno dia,Crescente,Céu Claro,Simples,Reta,-19.85593,-43.21689,DEL03-MG,Risco Baixo,Alta
sexta-feira,BR-101,361.0,Plena Noite,Crescente,Céu Claro,Dupla,Não Informado,-28.67187,-49.12264,DEL02-SC,Risco Alto,Alta
quinta-feira,BR-482,78.5,Amanhecer,Crescente,Céu Claro,Simples,Curva,-20.75722,-41.49791,DEL03-ES,Risco Médio,Baixa
sexta-feira,BR-242,778.0,Plena Noite,Crescente,Chuva,Simples,Curva,-12.16789,-44.87228,DEL10-BA,Risco Médio,Baixa
quinta-feira,BR-316,271.0,Plena Noite,Crescente,Céu Claro,Simples,Reta,-9.5683,-35.8096,DEL02-AL,Risco Médio,Baixa
sexta-feira,BR-116,257.9,Pleno dia,Decrescente,Céu Claro,Dupla,Curva,-22.62454,-43.91765,DEL07-RJ,Risco Baixo,Alta
sexta-feira,BR-262,510.6,Pleno dia,Crescente,Sol,Simples,Reta,-19.7846,-45.5673,DEL08-MG,Risco Médio,Média
sexta-feira,BR-392,66.0,Plena Noite,Crescente,Chuva,Dupla,Reta,-31.76275,-52.39165,DEL07-RS,Risco Baixo,Média
domingo,BR-101,316.0,Pleno dia,Decrescente,Céu Claro,Dupla,Reta,-22.82836,-43.09209,DEL02-RJ,Risco Alto,Alta
segunda-feira,BR-235,49.6,Anoitecer,Crescente,Céu Claro,Simples,Reta,-10.71622,-37.42167,DEL01-SE,Risco Médio,Baixa
domingo,BR-101,283.0,Pleno dia,Decrescente,Céu Claro,Dupla,Reta,-20.23438,-40.36936,DEL01-ES,Risco Médio,Alta
domingo,BR-174,916.0,Plena Noite,Decrescente,Céu Claro,Simples,Reta,-2.691274,-60.04856,DEL01-AM,Risco Médio,Baixa
domingo,BR-116,231.0,Plena Noite,Crescente,Céu Claro,Dupla,Não Informado,-29.62454,-51.13539,DEL01-RS,Risco Baixo,Alta
domingo,BR-101,105.1,Pleno dia,Crescente,Sol,Dupla,Curva,-8.302428,-35.0699,DEL01-PE,Risco Médio,Alta
quarta-feira,BR-282,479.8,Pleno dia,Decrescente,Céu Claro,Simples,Curva,-26.86627,-52.20557,DEL07-SC,Risco Médio,Baixa
segunda-feira,BR-381,360.6,Pleno dia,Crescente,Céu Claro,Simples,Reta,-19.85986,-43.22567,DEL03-MG,Risco Médio,Alta
sexta-feira,BR-155,95.0,Plena Noite,Crescente,Céu Claro,Simples,Desvio Temporário,-5.92883,-48.62021,DEL03-PA,Risco Médio,Baixa
quinta-feira,BR-101,206.7,Pleno dia,Crescente,Chuva,Dupla,Reta,-27.597,-48.62019,DEL01-SC,Risco Médio,Alta
domingo,BR-60,100.0,Pleno dia,Decrescente,Chuva,Dupla,Curva,-16.3979,-48.9664,DEL02-GO,Risco Baixo,Média
terça-feira,BR-153,30.0,Plena Noite,Decrescente,Céu Claro,Simples,Reta,-13.08691,-49.19235,DEL07-GO,Risco Médio,Alta
terça-feira,BR-280,128.5,Pleno dia,Decrescente,Chuva,Simples,Interseção de vias,-26.24469,-49.518,DEL06-SC,Risco Médio,Baixa
sexta-feira,BR-163,258.0,Anoitecer,Crescente,Céu Claro,Simples,Túnel,-22.25859,-54.78359,DEL04-MS,Risco Médio,Alta
quinta-feira,BR-232,6.6,Plena Noite,Crescente,Céu Claro,Dupla,Não Informado,-8.070795,-34.95354,DEL01-PE,Risco Médio,Baixa
domingo,BR-101,291.0,Plena Noite,Crescente,Garoa/Chuvisco,Dupla,Não Informado,-28.26981,-48.70082,DEL02-SC,Risco Médio,Alta
sexta-feira,BR-290,87.0,Pleno dia,Crescente,Nublado,Dupla,Reta,-29.96784,-51.1272,DEL01-RS,Risco Médio,Baixa
terça-feira,BR-290,37.3,Pleno dia,Crescente,Céu Claro,Dupla,Reta,-29.88553,-50.62759,DEL03-RS,Risco Médio,Baixa
quinta-feira,BR-476,135.0,Plena Noite,Crescente,Nublado,Dupla,Interseção de vias,-25.48379,-49.26581,DEL01-PR,Risco Médio,Baixa
segunda-feira,BR-101,50.2,Pleno dia,Decrescente,Céu Claro,Múltipla,Reta,-7.908977,-34.90122,DEL01-PE,Risco Alto,Alta
domingo,BR-101,84.0,Plena Noite,Crescente,Céu Claro,Dupla,Reta,-5.774175,-35.2578,DEL02-RN,Risco Médio,Alta
quinta-feira,BR-376,675.0,Pleno dia,Crescente,Céu Claro,Dupla,Reta,-25.9212,-48.9175,DEL01-PR,Risco Baixo,Baixa
segunda-feira,BR-116,144.8,Pleno dia,Decrescente,Chuva,Múltipla,Não Informado,-23.18267,-45.84618,DEL02-SP,Risco Baixo,Alta
sábado,BR-235,50.7,Pleno dia,Crescente,Céu Claro,Dupla,Reta,-10.70181,-37.42948,DEL01-SE,Risco Médio,Baixa
sexta-feira,BR-153,86.0,Pleno dia,Decrescente,Céu Claro,Simples,Não Informado,-13.55489,-49.07429,DEL07-GO,Risco Baixo,Alta
sexta-feira,BR-364,692.0,Plena Noite,Crescente,Céu Claro,Dupla,Reta,-8.796153,-63.68702,DEL01-RO,Risco Baixo,Alta
quarta-feira,BR-101,65.0,Pleno dia,Crescente,Céu Claro,Dupla,Reta,-8.0349,-34.9415,DEL01-PE,Risco Médio,Alta
sexta-feira,BR-381,855.9,Pleno dia,Decrescente,Nublado,Dupla,Reta,-22.28732,-45.89675,DEL16-MG,Risco Médio,Alta
segunda-feira,BR-116,224.0,Anoitecer,Decrescente,Chuva,Múltipla,Reta,-23.50544,-46.56898,DEL01-SP,Risco Médio,Alta
domingo,BR-116,688.6,Plena Noite,Decrescente,Chuva,Simples,Curva,-21.00463,-42.36667,DEL07-MG,Risco Médio,Alta
domingo,BR-262,580.5,Plena Noite,Crescente,Chuva,Simples,Interseção de vias,-19.64868,-46.07144,DEL08-MG,Risco Médio,Média
sexta-feira,BR-262,160.1,Plena Noite,Decrescente,Garoa/Chuvisco,Simples,Curva,-19.96283,-42.83492,DEL03-MG,Risco Médio,Média
sexta-feira,BR-153,68.0,Pleno dia,Decrescente,Garoa/Chuvisco,Simples,Não Informado,-18.958,-49.02861,DEL15-MG,Risco Médio,Alta
domingo,BR-40,5.9,Anoitecer,Crescente,Nublado,Dupla,Reta,-16.09313,-47.98224,DEL01-DF,Risco Médio,Alta
segunda-feira,BR-116,173.0,Anoitecer,Crescente,Chuva,Múltipla,Reta,-22.79806,-43.35734,DEL01-RJ,Risco Médio,Alta
sexta-feira,BR-153,165.0,Plena Noite,Crescente,Céu Claro,Simples,Reta,-14.2136,-49.13111,DEL07-GO,Risco Médio,Alta
sábado,BR-135,195.0,Pleno dia,Decrescente,Céu Claro,Simples,Reta,-8.098447,-43.78434,DEL03-PI,Risco Alto,Baixa
sexta-feira,BR-116,267.0,Pleno dia,Crescente,Céu Claro,Dupla,Reta,-29.94142,-51.17697,DEL01-RS,Risco Médio,Alta
terça-feira,BR-470,50.8,Pleno dia,Decrescente,Céu Claro,Múltipla,Não Informado,-26.8623,-49.082,DEL04-SC,Risco Médio,Baixa
terça-feira,BR-470,218.7,Plena Noite,Crescente,Garoa/Chuvisco,Simples,Curva,-29.18736,-51.52078,DEL06-RS,Risco Alto,Baixa
sábado,BR-70,257.0,Pleno dia,Decrescente,Céu Claro,Simples,Curva,-15.6141,-54.1871,DEL05-MT,Risco Baixo,Baixa
quarta-feira,BR-116,582.6,Pleno dia,Crescente,Chuva,Simples,Não Informado,-13.10857,-39.96895,DEL03-BA,Risco Médio,Alta
terça-feira,BR-116,272.1,Pleno dia,Crescente,Céu Claro,Dupla,Reta,-23.61362,-46.78189,DEL04-SP,Risco Baixo,Alta
sexta-feira,BR-101,147.3,Pleno dia,Crescente,Garoa/Chuvisco,Dupla,Interseção de vias,-19.38239,-40.0671,DEL04-ES,Risco Médio,Alta
sábado,BR-282,82.5,Pleno dia,Crescente,Nublado,Simples,Não Informado,-27.66203,-49.17836,DEL01-SC,Risco Baixo,Baixa
sexta-feira,BR-386,423.3,Plena Noite,Decrescente,Céu Claro,Simples,Reta,-29.81687,-51.39272,DEL04-RS,Risco Médio,Média
quarta-feira,BR-101,448.2,Plena Noite,Decrescente,Chuva,Simples,Curva,-21.13028,-41.28044,DEL03-ES,Risco Médio,Alta
segunda-feira,BR-116,162.0,Plena Noite,Crescente,Céu Claro,Dupla,Reta,-23.27928,-45.98087,DEL02-SP,Risco Médio,Alta
domingo,BR-285,209.4,Pleno dia,Decrescente,Céu Claro,Simples,Interseção de vias,-28.22395,-51.61094,DEL08-RS,Risco Médio,Baixa
terça-feira,BR-324,614.0,Pleno dia,Decrescente,Céu Claro,Dupla,Reta,-12.86398,-38.4237,DEL01-BA,Risco Médio,Baixa
domingo,BR-101,23.0,Pleno dia,Decrescente,Céu Claro,Dupla,Reta,-26.16583,-48.90742,DEL03-SC,Risco Médio,Alta
segunda-feira,BR-405,180.0,Plena Noite,Crescente,Chuva,Simples,Reta,-6.350066,-38.29534,DEL04-RN,Risco Médio,Baixa
sexta-feira,BR-364,133.7,Anoitecer,Decrescente,Céu Claro,Simples,Reta,-18.20591,-51.32041,DEL05-GO,Risco Baixo,Alta
domingo,BR-40,85.0,Pleno dia,Decrescente,Nublado,Simples,Não Informado,-22.55116,-43.22558,DEL06-RJ,Risco Médio,Alta
terça-feira,BR-101,302.0,Pleno dia,Decrescente,Céu Claro,Dupla,Reta,-20.36958,-40.44385,DEL01-ES,Risco Baixo,Alta
terça-feira,BR-101,207.0,Anoitecer,Decrescente,Céu Claro,Simples,Não Informado,-27.598,-48.621,DEL01-SC,Risco Médio,Alta
quarta-feira,BR-70,13.0,Plena Noite,Decrescente,Céu Claro,Dupla,Rotatória,-15.79456,-48.16658,DEL01-DF,Risco Médio,Baixa
quinta-feira,BR-493,18.7,Pleno dia,Decrescente,Céu Claro,Simples,Reta,-22.66638,-43.0277,DEL02-RJ,Risco Médio,Baixa
domingo,BR-101,96.0,Plena Noite,Decrescente,Céu Claro,Dupla,Não Informado,-7.230921,-34.92115,DEL01-PB,Risco Médio,Alta
segunda-feira,BR-101,470.0,Pleno dia,Decrescente,Nublado,Simples,Reta,-14.55576,-39.33536,DEL05-BA,Risco Baixo,Alta
sábado,BR-470,143.8,Pleno dia,Crescente,Nublado,Simples,Reta,-27.23314,-49.67289,DEL04-SC,Risco Médio,Baixa
terça-feira,BR-116,248.1,Pleno dia,Decrescente,Sol,Múltipla,Não Informado,-29.77263,-51.15413,DEL01-RS,Risco Baixo,Alta
sábado,BR-135,618.0,Pleno dia,Crescente,Nublado,Simples,Curva,-10.64997,-45.17901,DEL03-PI,Risco Médio,Baixa
sábado,BR-364,289.5,Pleno dia,Crescente,Céu Claro,Dupla,Reta,-15.92667,-55.02279,DEL02-MT,Risco Médio,Alta
domingo,BR-116,137.0,Anoitecer,Decrescente,Nublado,Dupla,Reta,-22.64792,-43.18201,DEL01-RJ,Risco Médio,Alta
segunda-feira,BR-60,122.1,Pleno dia,Crescente,Céu Claro,Dupla,Reta,-16.52002,-49.12642,DEL01-GO,Risco Médio,Média
sábado,BR-235,164.8,Anoitecer,Decrescente,Céu Claro,Simples,Ponte,-8.993606,-48.17984,DEL02-TO,Risco Médio,Baixa
sábado,BR-116,143.0,Plena Noite,Crescente,Céu Claro,Dupla,Reta,-29.12017,-51.12261,DEL05-RS,Risco Baixo,Alta
sábado,BR-316,8.0,Plena Noite,Crescente,Céu Claro,Dupla,Reta,-1.362102,-48.36889,DEL01-PA,Risco Alto,Baixa
sábado,BR-364,283.5,Pleno dia,Decrescente,Céu Claro,Dupla,Curva,-15.91423,-55.03282,DEL05-MT,Risco Médio,Alta
quarta-feira,BR-277,112.0,Plena Noite,Crescente,Céu Claro,Dupla,Reta,-25.4469,-49.47524,DEL01-PR,Risco Médio,Média
sexta-feira,BR-40,548.0,Pleno dia,Decrescente,Céu Claro,Dupla,Curva,-20.0409,-43.9661,DEL01-MG,Risco Médio,Alta
sábado,BR-101,52.0,Pleno dia,Crescente,Céu Claro,Dupla,Reta,-26.39112,-48.83984,DEL03-SC,Risco Médio,Alta
sábado,BR-60,136.0,Plena Noite,Crescente,Céu Claro,Dupla,Curva,-16.5959,-49.1965,DEL01-GO,Risco Médio,Média
sábado,BR-280,66.0,Pleno dia,Crescente,Sol,Simples,Reta,-26.4778,-49.10326,DEL03-SC,Risco Médio,Baixa
quinta-feira,BR-153,702.1,Plena Noite,Decrescente,Nublado,Simples,Interseção de vias,-18.40425,-49.20118,DEL03-GO,Risco Baixo,Alta
domingo,BR-60,16.9,Plena Noite,Crescente,Nublado,Dupla,Curva,-15.97321,-48.19267,DEL01-DF,Risco Baixo,Média
segunda-feira,BR-405,8.8,Pleno dia,Decrescente,Céu Claro,Simples,Reta,-5.197125,-37.43186,DEL04-RN,Risco Médio,Baixa
segunda-feira,BR-153,503.7,Plena Noite,Decrescente,Chuva,Dupla,Curva,-16.7366,-49.243,DEL01-GO,Risco Baixo,Alta
segunda-feira,BR-376,8.0,Pleno dia,Crescente,Céu Claro,Simples,Interseção de vias,-23.38131,-51.91164,DEL07-PR,Risco Médio,Baixa
sexta-feira,BR-277,726.4,Plena Noite,Crescente,Nevoeiro/Neblina,Dupla,Rotatória,-25.51023,-54.55851,DEL05-PR,Risco Médio,Média
quarta-feira,BR-232,507.0,Pleno dia,Decrescente,Sol,Simples,Reta,-8.060388,-39.11192,DEL05-PE,Risco Médio,Baixa
sábado,BR-373,401.0,Plena Noite,Crescente,Vento,Simples,Reta,-25.57659,-52.05533,DEL08-PR,Risco Médio,Baixa
sábado,BR-116,329.0,Pleno dia,Crescente,Céu Claro,Simples,Reta,-11.40939,-38.96943,DEL02-BA,Risco Alto,Alta
quarta-feira,BR-316,83.2,Pleno dia,Crescente,Chuva,Simples,Reta,-2.269495,-45.84951,DEL02-MA,Risco Médio,Baixa
segunda-feira,BR-364,355.8,Pleno dia,Crescente,Céu Claro,Dupla,Curva,-15.79702,-55.60064,DEL05-MT,Risco Médio,Alta
sábado,BR-251,41.0,Anoitecer,Crescente,Ignorado,Simples,Curva,-15.93375,-47.81709,DEL01-DF,Risco Médio,Baixa
domingo,BR-153,42.0,Plena Noite,Decrescente,Nublado,Dupla,Reta,-18.75571,-49.07789,DEL15-MG,Risco Médio,Alta
quarta-feira,BR-424,102.0,Plena Noite,Crescente,Nublado,Simples,Reta,-9.666703,-35.84489,DEL02-AL,Risco Médio,Baixa
segunda-feira,BR-287,250.0,Amanhecer,Crescente,Nevoeiro/Neblina,Simples,Rotatória,-29.69023,-53.87335,DEL09-RS,Risco Médio,Baixa
quinta-feira,BR-222,90.0,Pleno dia,Decrescente,Céu Claro,Simples,Reta,-3.678981,-39.35097,DEL04-CE,Risco Médio,Baixa
quarta-feira,BR-101,825.0,Plena Noite,Crescente,Céu Claro,Simples,Curva,-17.14113,-39.56864,DEL09-BA,Risco Baixo,Alta
quarta-feira,BR-153,508.1,Amanhecer,Decrescente,Chuva,Dupla,Não Informado,-16.77951,-49.23726,DEL01-GO,Risco Baixo,Alta
quarta-feira,BR-101,87.9,Pleno dia,Decrescente,Chuva,Simples,Viaduto,-26.6504,-48.6869,DEL03-SC,Risco Médio,Alta
quinta-feira,BR-153,86.9,Plena Noite,Crescente,Céu Claro,Simples,Reta,-13.55355,-49.0828,DEL07-GO,Risco Alto,Alta
quinta-feira,BR-101,487.0,Plena Noite,Decrescente,Céu Claro,Simples,Interseção de vias,-22.95775,-44.29846,DEL03-RJ,Risco Médio,Alta
terça-feira,BR-101,318.0,Pleno dia,Crescente,Chuva,Múltipla,Reta,-22.84563,-43.09841,DEL02-RJ,Risco Médio,Alta
quinta-feira,BR-470,111.2,Pleno dia,Crescente,Nublado,Simples,Curva,-27.09964,-49.46128,DEL04-SC,Risco Médio,Baixa
sexta-feira,BR-381,164.0,Pleno dia,Crescente,Chuva,Simples,Curva,-18.94121,-42.05865,DEL06-MG,Risco Médio,Alta
sábado,BR-116,246.5,Plena Noite,Crescente,Céu Claro,Múltipla,Reta,-29.75875,-51.15187,DEL01-RS,Risco Médio,Alta
sexta-feira,BR-163,366.5,Pleno dia,Decrescente,Céu Claro,Simples,Reta,-21.4556,-54.37989,DEL02-MS,Risco Médio,Alta
quarta-feira,BR-116,117.0,Pleno dia,Decrescente,Céu Claro,Dupla,Reta,-25.54456,-49.30146,DEL01-PR,Risco Médio,Alta
quinta-feira,BR-101,48.4,Pleno dia,Decrescente,Chuva,Dupla,Reta,-26.3781,-48.85207,DEL03-SC,Risco Médio,Alta
terça-feira,BR-470,7.0,Pleno dia,Decrescente,Nublado,Simples,Viaduto,-26.84187,-48.71613,DEL04-SC,Risco Médio,Baixa
segunda-feira,BR-116,143.0,Plena Noite,Crescente,Céu Claro,Dupla,Reta,-22.65237,-43.23918,DEL01-RJ,Risco Baixo,Alta
domingo,BR-116,271.5,Pleno dia,Crescente,Céu Claro,Dupla,Curva,-22.56088,-44.12224,DEL07-RJ,Risco Baixo,Alta
quinta-feira,BR-101,200.8,Plena Noite,Decrescente,Céu Claro,Simples,Reta,-9.950817,-36.54114,DEL02-AL,Risco Alto,Alta
segunda-feira,BR-101,59.6,Pleno dia,Decrescente,Céu Claro,Dupla,Curva,-7.981147,-34.9312,DEL01-PE,Risco Médio,Alta
sexta-feira,BR-476,269.9,Pleno dia,Crescente,Nublado,Simples,Não Informado,-25.8989,-50.32935,DEL02-PR,Risco Baixo,Baixa
sexta-feira,BR-158,1.0,Pleno dia,Decrescente,Céu Claro,Simples,Interseção de vias,-30.87629,-55.51382,DEL08-RS,Risco Baixo,Baixa
sexta-feira,BR-146,580.0,Pleno dia,Decrescente,Céu Claro,Simples,Interseção de vias,-21.63135,-46.4077,DEL16-MG,Risco Médio,Baixa
domingo,BR-251,389.8,Pleno dia,Decrescente,Céu Claro,Simples,Reta,-16.2506,-42.84054,DEL12-MG,Risco Baixo,Baixa
quarta-feira,BR-364,195.7,Pleno dia,Crescente,Nublado,Simples,Curva,-11.69329,-61.17743,DEL02-RO,Risco Médio,Alta
domingo,BR-101,295.0,Pleno dia,Decrescente,Nublado,Dupla,Reta,-22.76365,-42.90224,DEL02-RJ,Risco Médio,Alta
sexta-feira,BR-277,602.2,Plena Noite,Decrescente,Chuva,Dupla,Reta,-25.02817,-53.55983,DEL05-PR,Risco Médio,Média
sábado,BR-101,265.8,Pleno dia,Decrescente,Sol,Múltipla,Reta,-20.20698,-40.2695,DEL02-ES,Risco Médio,Alta
segunda-feira,BR-101,405.0,Pleno dia,Crescente,Nublado,Dupla,Reta,-22.86761,-43.80274,DEL01-RJ,Risco Médio,Alta
quinta-feira,BR-116,65.6,Pleno dia,Crescente,Chuva,Simples,Curva,-22.27708,-42.92764,DEL04-RJ,Risco Baixo,Alta
sexta-feira,BR-470,133.6,Plena Noite,Decrescente,Nublado,Simples,Reta,-27.17419,-49.5885,DEL04-SC,Risco Baixo,Baixa
sexta-feira,BR-101,214.1,Plena Noite,Crescente,Céu Claro,Dupla,Interseção de vias,-27.64443,-48.67057,DEL01-SC,Risco Baixo,Alta
quarta-feira,BR-406,151.0,Plena Noite,Crescente,Céu Claro,Simples,Reta,-5.650946,-35.42342,DEL02-RN,Risco Médio,Baixa
sexta-feira,BR-20,7.0,Plena Noite,Decrescente,Céu Claro,Dupla,Reta,-15.65715,-47.78963,DEL02-DF,Risco Baixo,Baixa
terça-feira,BR-277,109.5,Plena Noite,Decrescente,Garoa/Chuvisco,Dupla,Reta,-25.44304,-49.45161,DEL01-PR,Risco Alto,Média
domingo,BR-262,33.7,Plena Noite,Crescente,Chuva,Simples,Curva,-20.25551,-42.00465,DEL06-MG,Risco Baixo,Média
sábado,BR-280,124.9,Plena Noite,Decrescente,Céu Claro,Simples,Reta,-26.23879,-49.49892,DEL06-SC,Risco Baixo,Baixa
sábado,BR-381,77.0,Pleno dia,Crescente,Nublado,Dupla,Curva,-23.38884,-46.56935,DEL03-SP,Risco Médio,Alta
sexta-feira,BR-40,15.0,Pleno dia,Decrescente,Céu Claro,Dupla,Reta,-16.1671,-47.93016,DEL01-DF,Risco Médio,Alta
quinta-feira,BR-282,3.5,Pleno dia,Crescente,Céu Claro,Múltipla,Reta,-27.60038,-48.59971,DEL01-SC,Risco Médio,Baixa