dia_semana,br,km,fase_dia,sentido_via,condicao_metereologica,tipo_pista,tracado_via,latitude,longitude,delegacia,classificacao_acidente,postos_policiais_PRF
segunda-feira,BR-116,267.0,Pleno dia,Crescente,Céu Claro,Dupla,Curva,-22.5606,-44.13963,DEL07-RJ,Risco Médio,Alta
quarta-feira,BR-381,528.0,Pleno dia,Decrescente,Chuva,Dupla,Reta,-20.16368,-44.36025,DEL04-MG,Risco Médio,Alta
segunda-feira,BR-60,113.0,Anoitecer,Crescente,Ignorado,Dupla,Reta,-16.4572,-49.0567,DEL01-GO,Risco Médio,Média
sábado,BR-101,47.0,Plena Noite,Decrescente,Chuva,Simples,Reta,-21.6073,-41.3166,DEL08-RJ,Risco Médio,Alta
sexta-feira,BR-324,546.6,Pleno dia,Decrescente,Chuva,Dupla,Reta,-12.41514,-38.75158,DEL01-BA,Risco Médio,Baixa
quinta-feira,BR-232,333.7,Pleno dia,Crescente,Céu Claro,Simples,Reta,-8.088689,-37.62797,DEL03-PE,Risco Médio,Baixa
sexta-feira,BR-369,177.2,Pleno dia,Decrescente,Chuva,Dupla,Curva,-23.34953,-51.38641,DEL07-PR,Risco Baixo,Baixa
sexta-feira,BR-163,548.3,Plena Noite,Crescente,Céu Claro,Simples,Reta,-19.91915,-54.36849,DEL01-MS,Risco Médio,Alta
sexta-feira,BR-364,711.0,Pleno dia,Crescente,Céu Claro,Dupla,Reta,-8.782054,-63.86386,DEL01-RO,Risco Médio,Alta
sábado,BR-381,665.6,Plena Noite,Crescente,Chuva,Dupla,Curva,-21.04922,-45.00302,DEL04-MG,Risco Baixo,Alta
domingo,BR-163,903.0,Pleno dia,Decrescente,Céu Claro,Simples,Reta,-11.40793,-55.34877,DEL06-MT,Risco Médio,Alta
terça-feira,BR-277,98.0,Pleno dia,Crescente,Sol,Dupla,Reta,-25.54011,-49.31132,DEL01-PR,Risco Médio,Média
sábado,BR-226,307.2,Plena Noite,Decrescente,Céu Claro,Simples,Reta,-5.460229,-45.28824,DEL03-MA,Risco Médio,Baixa
sexta-feira,BR-324,620.7,Pleno dia,Decrescente,Sol,Múltipla,Interseção de vias,-12.91968,-38.4653,DEL01-BA,Risco Baixo,Baixa
segunda-feira,BR-472,427.0,Pleno dia,Crescente,Céu Claro,Simples,Não Informado,-28.84193,-56.07526,DEL12-RS,Risco Médio,Baixa
quarta-feira,BR-101,281.7,Plena Noite,Decrescente,Céu Claro,Dupla,Reta,-22.73752,-42.79349,DEL02-RJ,Risco Médio,Alta
segunda-feira,BR-116,244.8,Pleno dia,Crescente,Céu Claro,Simples,Reta,-29.74088,-51.1504,DEL01-RS,Risco Médio,Alta
domingo,BR-376,108.4,Amanhecer,Crescente,Céu Claro,Simples,Interseção de vias,-23.07162,-52.42165,DEL07-PR,Risco Médio,Baixa
sábado,BR-101,297.0,Pleno dia,Crescente,Nublado,Dupla,Retorno Regulamentado,-22.76942,-42.91874,DEL02-RJ,Risco Médio,Alta
segunda-feira,BR-101,100.0,Plena Noite,Crescente,Ignorado,Simples,Reta,-8.266993,-35.05234,DEL01-PE,Risco Médio,Alta
quarta-feira,BR-101,189.8,Pleno dia,Crescente,Céu Claro,Dupla,Reta,-27.45939,-48.63891,DEL01-SC,Risco Baixo,Alta
quarta-feira,BR-153,184.0,Pleno dia,Decrescente,Céu Claro,Simples,Reta,-14.37722,-49.15815,DEL07-GO,Risco Médio,Alta
quinta-feira,BR-304,48.4,Pleno dia,Crescente,Sol,Dupla,Não Informado,-4.579484,-37.77741,DEL03-CE,Risco Médio,Baixa
sexta-feira,BR-101,304.4,Pleno dia,Decrescente,Sol,Dupla,Reta,-20.38006,-40.45431,DEL01-ES,Risco Baixo,Alta
terça-feira,BR-381,441.0,Plena Noite,Crescente,Céu Claro,Simples,Reta,-19.81604,-43.8039,DEL01-MG,Risco Alto,Alta
terça-feira,BR-262,4.0,Pleno dia,Crescente,Nublado,Dupla,Reta,-20.3364,-40.37753,DEL01-ES,Risco Médio,Média
quinta-feira,BR-101,311.7,Plena Noite,Crescente,Garoa/Chuvisco,Simples,Reta,-28.4406,-48.81701,DEL02-SC,Risco Médio,Alta
domingo,BR-364,710.0,Plena Noite,Decrescente,Céu Claro,Simples,Não Informado,-8.786216,-63.85713,DEL01-RO,Risco Médio,Alta
terça-feira,BR-101,96.8,Pleno dia,Crescente,Céu Claro,Dupla,Reta,-26.71843,-48.70233,DEL03-SC,Risco Médio,Alta
quinta-feira,BR-101,136.0,Plena Noite,Crescente,Nublado,Dupla,Reta,-27.00811,-48.61724,DEL04-SC,Risco Baixo,Alta
domingo,BR-259,0.6,Pleno dia,Crescente,Nublado,Simples,Não Informado,-19.74257,-40.37733,DEL02-ES,Risco Médio,Baixa
terça-feira,BR-222,243.0,Plena Noite,Crescente,Ignorado,Simples,Reta,-5.339671,-49.08239,DEL03-PA,Risco Baixo,Baixa
domingo,BR-381,723.0,Pleno dia,Decrescente,Garoa/Chuvisco,Dupla,Curva,-21.4571,-45.2109,DEL04-MG,Risco Baixo,Alta
terça-feira,BR-101,304.6,Pleno dia,Decrescente,Nublado,Dupla,Reta,-20.38251,-40.45874,DEL01-ES,Risco Médio,Alta
quinta-feira,BR-364,387.0,Anoitecer,Crescente,Céu Claro,Simples,Reta,-10.69413,-62.26828,DEL03-RO,Risco Médio,Alta
domingo,BR-242,415.0,Plena Noite,Crescente,Céu Claro,Simples,Desvio Temporário,-12.42862,-41.77926,DEL06-BA,Risco Médio,Baixa
sábado,BR-116,144.0,Pleno dia,Crescente,Céu Claro,Dupla,Reta,-23.18274,-45.84634,DEL02-SP,Risco Médio,Alta
terça-feira,BR-101,85.0,Plena Noite,Crescente,Céu Claro,Dupla,Reta,-5.776551,-35.25993,DEL02-RN,Risco Médio,Alta
sexta-feira,BR-356,285.7,Plena Noite,Crescente,Céu Claro,Simples,Rotatória,-21.12813,-42.20027,DEL07-MG,Risco Médio,Baixa
segunda-feira,BR-40,0.1,Pleno dia,Decrescente,Chuva,Dupla,Interseção de vias,-15.97975,-47.98889,DEL01-DF,Risco Baixo,Alta
segunda-feira,BR-116,74.0,Plena Noite,Crescente,Nublado,Simples,Reta,-22.35344,-42.94244,DEL04-RJ,Risco Médio,Alta
domingo,BR-101,207.0,Plena Noite,Decrescente,Ignorado,Múltipla,Reta,-27.59594,-48.61951,DEL01-SC,Risco Médio,Alta
sábado,BR-470,43.4,Plena Noite,Crescente,Céu Claro,Simples,Curva,-26.87452,-49.01345,DEL04-SC,Risco Médio,Baixa
segunda-feira,BR-116,40.2,Pleno dia,Decrescente,Chuva,Simples,Interseção de vias,-28.51839,-50.93942,DEL05-RS,Risco Médio,Alta
quarta-feira,BR-381,661.0,Plena Noite,Crescente,Céu Claro,Dupla,Não Informado,-21.01509,-44.98735,DEL04-MG,Risco Baixo,Alta
quinta-feira,BR-153,514.0,Pleno dia,Decrescente,Céu Claro,Dupla,Não Informado,-16.8244,-49.2421,DEL01-GO,Risco Médio,Alta
sábado,BR-282,409.6,Plena Noite,Decrescente,Céu Claro,Simples,Rotatória,-27.06576,-51.66416,DEL07-SC,Risco Médio,Baixa
sexta-feira,BR-376,112.3,Plena Noite,Decrescente,Céu Claro,Dupla,Reta,-23.09343,-52.3842,DEL07-PR,Risco Médio,Baixa
quinta-feira,BR-376,206.0,Plena Noite,Decrescente,Céu Claro,Simples,Reta,-23.51419,-51.70023,DEL07-PR,Risco Médio,Baixa
sábado,BR-280,268.0,Pleno dia,Crescente,Nublado,Simples,Reta,-26.26348,-50.71794,DEL06-SC,Risco Médio,Baixa
quinta-feira,BR-101,484.0,Pleno dia,Crescente,Chuva,Simples,Curva,-22.9884,-44.30316,DEL03-RJ,Risco Médio,Alta
quarta-feira,BR-476,100.0,Pleno dia,Decrescente,Nublado,Simples,Curva,-25.2451,-49.1315,DEL01-PR,Risco Médio,Baixa
domingo,BR-101,283.1,Pleno dia,Crescente,Céu Claro,Dupla,Reta,-20.23438,-40.36936,DEL01-ES,Risco Baixo,Alta
sábado,BR-40,37.9,Pleno dia,Crescente,Nublado,Dupla,Curva,-22.22812,-43.1194,DEL06-RJ,Risco Médio,Alta
segunda-feira,BR-101,257.0,Plena Noite,Decrescente,Céu Claro,Dupla,Não Informado,-27.99701,-48.68755,DEL02-SC,Risco Médio,Alta
domingo,BR-116,297.8,Plena Noite,Decrescente,Nublado,Dupla,Reta,-23.77962,-46.91575,DEL04-SP,Risco Médio,Alta
terça-feira,BR-392,2.9,Pleno dia,Decrescente,Céu Claro,Simples,Reta,-32.06154,-52.08922,DEL07-RS,Risco Médio,Média
sexta-feira,BR-324,436.0,Pleno dia,Decrescente,Sol,Simples,Reta,-11.80436,-39.39394,DEL04-BA,Risco Médio,Baixa
sábado,BR-116,39.3,Pleno dia,Crescente,Céu Claro,Dupla,Curva,-22.67528,-44.99918,DEL08-SP,Risco Baixo,Alta
segunda-feira,BR-101,75.0,Pleno dia,Decrescente,Céu Claro,Dupla,Não Informado,-11.99107,-38.23974,DEL01-BA,Risco Médio,Alta
sábado,BR-459,24.8,Plena Noite,Decrescente,Nublado,Simples,Reta,-22.67971,-45.13483,DEL08-SP,Risco Médio,Baixa
segunda-feira,BR-70,9.0,Pleno dia,Decrescente,Céu Claro,Dupla,Reta,-15.78462,-48.13202,DEL01-DF,Risco Médio,Baixa
segunda-feira,BR-282,308.0,Pleno dia,Decrescente,Céu Claro,Simples,Curva,-27.4931,-50.97099,DEL07-SC,Risco Médio,Baixa
sexta-feira,BR-116,153.0,Anoitecer,Crescente,Céu Claro,Dupla,Reta,-29.18627,-51.17826,DEL05-RS,Risco Médio,Alta
quarta-feira,BR-101,213.4,Plena Noite,Decrescente,Céu Claro,Múltipla,Reta,-27.6446,-48.6705,DEL01-SC,Risco Médio,Alta
terça-feira,BR-405,140.8,Pleno dia,Decrescente,Céu Claro,Simples,Desvio Temporário,-6.019331,-38.18805,DEL04-RN,Risco Médio,Baixa
sábado,BR-116,18.0,Amanhecer,Decrescente,Céu Claro,Dupla,Reta,-3.9178,-38.5068,DEL01-CE,Risco Baixo,Alta
sábado,BR-316,446.0,Pleno dia,Crescente,Céu Claro,Simples,Reta,-4.462691,-44.16766,DEL03-MA,Risco Médio,Baixa
terça-feira,BR-116,777.3,Pleno dia,Decrescente,Céu Claro,Simples,Curva,-21.59739,-42.69267,DEL07-MG,Risco Baixo,Alta
segunda-feira,BR-116,170.3,Pleno dia,Decrescente,Sol,Dupla,Curva,-23.30896,-46.05808,DEL02-SP,Risco Médio,Alta
sexta-feira,BR-232,9.4,Pleno dia,Decrescente,Sol,Dupla,Reta,-8.077644,-34.97864,DEL01-PE,Risco Médio,Baixa
domingo,BR-277,660.2,Plena Noite,Decrescente,Céu Claro,Dupla,Curva,-25.25139,-53.99031,DEL05-PR,Risco Médio,Média
sábado,BR-101,318.0,Plena Noite,Decrescente,Céu Claro,Dupla,Reta,-22.82912,-43.09227,DEL02-RJ,Risco Médio,Alta
sábado,BR-101,895.0,Plena Noite,Decrescente,Chuva,Simples,Curva,-17.8875,-39.81598,DEL09-BA,Risco Alto,Alta
domingo,BR-101,9.0,Plena Noite,Crescente,Céu Claro,Dupla,Reta,-10.27968,-36.87425,DEL02-SE,Risco Alto,Alta
quinta-feira,BR-316,212.0,Pleno dia,Crescente,Céu Claro,Simples,Curva,-9.529402,-36.23791,DEL01-AL,Risco Médio,Baixa
sexta-feira,BR-232,13.0,Pleno dia,Crescente,Céu Claro,Dupla,Reta,-8.087343,-35.00883,DEL01-PE,Risco Baixo,Baixa
sábado,BR-470,217.0,Pleno dia,Decrescente,Céu Claro,Dupla,Reta,-29.16463,-51.52552,DEL06-RS,Risco Médio,Baixa
terça-feira,BR-470,202.0,Pleno dia,Decrescente,Céu Claro,Simples,Curva,-29.07678,-51.58497,DEL06-RS,Risco Médio,Baixa
quinta-feira,BR-163,702.0,Pleno dia,Decrescente,Céu Claro,Simples,Desvio Temporário,-12.9574,-55.87011,DEL06-MT,Risco Baixo,Alta
domingo,BR-116,103.0,Plena Noite,Decrescente,Céu Claro,Dupla,Curva,-25.55953,-49.15104,DEL01-PR,Risco Médio,Alta
domingo,BR-153,369.7,Plena Noite,Decrescente,Chuva,Simples,Curva,-25.7367,-50.80195,DEL03-PR,Risco Alto,Alta
sexta-feira,BR-407,124.0,Amanhecer,Decrescente,Céu Claro,Dupla,Rotatória,-9.3735,-40.53889,DEL06-PE,Risco Médio,Baixa
domingo,BR-277,81.3,Plena Noite,Decrescente,Nublado,Dupla,Reta,-25.46211,-49.21952,DEL01-PR,Risco Médio,Média
sexta-feira,BR-232,71.0,Pleno dia,Crescente,Sol,Dupla,Reta,-8.186322,-35.49935,DEL01-PE,Risco Baixo,Baixa
segunda-feira,BR-116,506.0,Pleno dia,Crescente,Céu Claro,Múltipla,Reta,-24.79705,-48.21452,DEL05-SP,Risco Médio,Alta
sexta-feira,BR-101,36.0,Plena Noite,Crescente,Chuva,Dupla,Reta,-7.788367,-34.92982,DEL01-PE,Risco Médio,Alta
domingo,BR-376,592.8,Pleno dia,Crescente,Chuva,Dupla,Reta,-25.4783,-49.35093,DEL01-PR,Risco Baixo,Baixa
quarta-feira,BR-262,115.5,Plena Noite,Crescente,Chuva,Simples,Reta,-20.31856,-41.22532,DEL01-ES,Risco Médio,Média
sexta-feira,BR-230,24.0,Pleno dia,Decrescente,Sol,Dupla,Curva,-7.170795,-34.86823,DEL01-PB,Risco Médio,Baixa
terça-feira,BR-393,288.3,Plena Noite,Crescente,Céu Claro,Dupla,Reta,-22.51395,-44.10074,DEL05-RJ,Risco Alto,Média
domingo,BR-116,26.5,Amanhecer,Decrescente,Chuva,Simples,Reta,-8.069921,-39.13364,DEL05-PE,Risco Baixo,Alta
quarta-feira,BR-262,488.6,Plena Noite,Crescente,Nublado,Simples,Reta,-20.50029,-55.79656,DEL03-MS,Risco Médio,Média
segunda-feira,BR-50,17.0,Pleno dia,Decrescente,Chuva,Dupla,Curva,-18.56359,-48.0564,DEL15-MG,Risco Médio,Média
domingo,BR-381,63.7,Anoitecer,Crescente,Nublado,Dupla,Reta,-23.307,-46.57695,DEL03-SP,Risco Médio,Alta
domingo,BR-101,78.0,Pleno dia,Decrescente,Sol,Múltipla,Reta,-26.57672,-48.72271,DEL03-SC,Risco Médio,Alta
quinta-feira,BR-381,71.0,Pleno dia,Crescente,Chuva,Dupla,Curva,-23.35048,-46.55267,DEL03-SP,Risco Baixo,Alta
sábado,BR-40,2.0,Pleno dia,Decrescente,Céu Claro,Dupla,Reta,-16.0,-47.98457,DEL01-DF,Risco Médio,Alta
quarta-feira,BR-293,92.0,Anoitecer,Crescente,Chuva,Simples,Reta,-31.62524,-53.23283,DEL07-RS,Risco Médio,Baixa
sábado,BR-381,656.6,Pleno dia,Crescente,Céu Claro,Dupla,Não Informado,-20.98901,-44.95444,DEL04-MG,Risco Médio,Alta
quinta-feira,BR-262,345.0,Plena Noite,Crescente,Céu Claro,Simples,Curva,-20.57985,-54.5925,DEL01-MS,Risco Médio,Média
domingo,BR-304,297.3,Pleno dia,Decrescente,Céu Claro,Dupla,Curva,-5.864623,-35.34307,DEL01-RN,Risco Médio,Baixa
sábado,BR-153,491.2,Anoitecer,Decrescente,Chuva,Múltipla,Não Informado,-16.63239,-49.20503,DEL01-GO,Risco Baixo,Alta
segunda-feira,BR-116,511.0,Plena Noite,Decrescente,Chuva,Dupla,Curva,-24.84228,-48.21338,DEL05-SP,Risco Médio,Alta
sexta-feira,BR-381,905.0,Plena Noite,Decrescente,Nublado,Dupla,Curva,-22.6662,-46.093,DEL16-MG,Risco Baixo,Alta
sábado,BR-470,88.4,Pleno dia,Decrescente,Nublado,Simples,Curva,-26.96051,-49.3749,DEL04-SC,Risco Médio,Baixa
sexta-feira,BR-470,47.1,Pleno dia,Decrescente,Nublado,Simples,Não Informado,-26.86377,-49.04777,DEL04-SC,Risco Baixo,Baixa
terça-feira,BR-116,404.4,Amanhecer,Decrescente,Chuva,Simples,Não Informado,-12.07258,-38.96956,DEL02-BA,Risco Alto,Alta
terça-feira,BR-277,72.0,Pleno dia,Crescente,Céu Claro,Dupla,Desvio Temporário,-25.50569,-49.1415,DEL01-PR,Risco Médio,Média
terça-feira,BR-153,50.5,Pleno dia,Crescente,Céu Claro,Simples,Não Informado,-23.3629,-50.06503,DEL07-PR,Risco Médio,Alta
quarta-feira,BR-101,22.0,Anoitecer,Decrescente,Garoa/Chuvisco,Dupla,Reta,-26.1568,-48.90786,DEL03-SC,Risco Médio,Alta
quinta-feira,BR-40,27.4,Anoitecer,Decrescente,Céu Claro,Simples,Interseção de vias,-16.26846,-47.88304,DEL01-DF,Risco Médio,Alta
terça-feira,BR-376,15.3,Pleno dia,Decrescente,Nublado,Dupla,Curva,-23.41316,-51.8805,DEL07-PR,Risco Baixo,Baixa
domingo,BR-316,9.2,Anoitecer,Decrescente,Céu Claro,Simples,Reta,-5.17988,-42.76448,DEL01-PI,Risco Médio,Baixa
sábado,BR-493,84.0,Pleno dia,Decrescente,Céu Claro,Dupla,Curva,-22.68688,-43.51753,DEL01-RJ,Risco Médio,Baixa
segunda-feira,BR-282,37.5,Plena Noite,Crescente,Céu Claro,Simples,Curva,-27.70733,-48.84298,DEL01-SC,Risco Médio,Baixa
sábado,BR-452,36.0,Pleno dia,Crescente,Céu Claro,Simples,Desvio Temporário,-17.91462,-50.59203,DEL04-GO,Risco Médio,Baixa
domingo,BR-101,398.2,Anoitecer,Crescente,Chuva,Dupla,Reta,-28.84203,-49.4285,DEL02-SC,Risco Médio,Alta
sábado,BR-116,147.0,Plena Noite,Crescente,Nublado,Dupla,Reta,-23.19543,-45.87176,DEL02-SP,Risco Médio,Alta
quinta-feira,BR-153,152.5,Plena Noite,Crescente,Céu Claro,Simples,Reta,-19.63247,-48.88355,DEL13-MG,Risco Médio,Alta
segunda-feira,BR-381,768.2,Pleno dia,Crescente,Céu Claro,Dupla,Reta,-21.75399,-45.39903,DEL16-MG,Risco Médio,Alta
segunda-feira,BR-153,43.9,Pleno dia,Crescente,Céu Claro,Simples,Curva,-6.68365,-48.29727,DEL02-TO,Risco Baixo,Alta
domingo,BR-101,50.5,Plena Noite,Crescente,Céu Claro,Dupla,Reta,-10.61564,-36.97993,DEL02-SE,Risco Médio,Alta
sexta-feira,BR-101,53.0,Pleno dia,Crescente,Céu Claro,Simples,Reta,-21.66048,-41.31129,DEL08-RJ,Risco Médio,Alta
quinta-feira,BR-230,404.0,Amanhecer,Decrescente,Céu Claro,Simples,Interseção de vias,-7.523399,-46.04122,DEL05-MA,Risco Médio,Baixa
segunda-feira,BR-290,24.5,Plena Noite,Crescente,Céu Claro,Dupla,Reta,-29.88086,-50.49894,DEL03-RS,Risco Médio,Baixa
quarta-feira,BR-101,72.0,Pleno dia,Decrescente,Céu Claro,Dupla,Reta,-29.9003,-50.2738,DEL03-RS,Risco Médio,Alta
sábado,BR-116,169.2,Pleno dia,Crescente,Chuva,Múltipla,Reta,-22.81621,-43.32446,DEL01-RJ,Risco Médio,Alta
quarta-feira,BR-20,14.0,Plena Noite,Decrescente,Céu Claro,Dupla,Reta,-15.63494,-47.74124,DEL02-DF,Risco Médio,Baixa
quarta-feira,BR-70,0.0,Anoitecer,Decrescente,Céu Claro,Dupla,Não Informado,-15.78321,-48.2332,DEL01-DF,Risco Médio,Baixa
sexta-feira,BR-116,18.0,Anoitecer,Crescente,Céu Claro,Dupla,Reta,-3.907792,-38.50564,DEL01-CE,Risco Médio,Alta
domingo,BR-476,170.0,Plena Noite,Crescente,Céu Claro,Simples,Reta,-25.66807,-49.50395,DEL01-PR,Risco Baixo,Baixa
domingo,BR-381,686.0,Pleno dia,Crescente,Céu Claro,Dupla,Reta,-21.20031,-45.11944,DEL04-MG,Risco Baixo,Alta
segunda-feira,BR-101,263.0,Pleno dia,Crescente,Céu Claro,Simples,Rotatória,-13.09004,-39.27863,DEL01-BA,Risco Médio,Alta
terça-feira,BR-116,167.0,Plena Noite,Crescente,Garoa/Chuvisco,Múltipla,Interseção de vias,-22.81804,-43.30787,DEL01-RJ,Risco Médio,Alta
sexta-feira,BR-101,207.0,Pleno dia,Crescente,Nublado,Múltipla,Reta,-27.59856,-48.62072,DEL01-SC,Risco Médio,Alta
quarta-feira,BR-101,294.0,Plena Noite,Crescente,Nublado,Dupla,Desvio Temporário,-20.32416,-40.39529,DEL01-ES,Risco Médio,Alta
sexta-feira,BR-116,180.0,Pleno dia,Decrescente,Céu Claro,Dupla,Reta,-22.76516,-43.41547,DEL01-RJ,Risco Baixo,Alta
sábado,BR-262,413.1,Pleno dia,Crescente,Sol,Dupla,Reta,-19.89653,-44.702,DEL08-MG,Risco Médio,Média
quarta-feira,BR-369,42.5,Plena Noite,Decrescente,Céu Claro,Simples,Reta,-23.078,-50.271,DEL07-PR,Risco Médio,Baixa
terça-feira,BR-116,91.0,Plena Noite,Crescente,Céu Claro,Dupla,Reta,-25.46962,-49.09184,DEL01-PR,Risco Médio,Alta
quinta-feira,BR-116,9.1,Pleno dia,Decrescente,Céu Claro,Múltipla,Reta,-3.827791,-38.50486,DEL01-CE,Risco Médio,Alta
quinta-feira,BR-40,525.7,Plena Noite,Decrescente,Céu Claro,Dupla,Reta,-19.89382,-44.04985,DEL01-MG,Risco Médio,Alta
terça-feira,BR-495,27.0,Pleno dia,Crescente,Céu Claro,Dupla,Reta,-22.39715,-43.11066,DEL06-RJ,Risco Alto,Baixa
segunda-feira,BR-222,143.0,Plena Noite,Crescente,Céu Claro,Simples,Reta,-3.763631,-39.73101,DEL04-CE,Risco Alto,Baixa
sexta-feira,BR-364,469.0,Plena Noite,Decrescente,Ignorado,Simples,Curva,-15.4748,-56.302,DEL01-MT,Risco Médio,Alta
terça-feira,BR-40,515.0,Pleno dia,Crescente,Nublado,Dupla,Não Informado,-19.80901,-44.09493,DEL01-MG,Risco Médio,Alta
quinta-feira,BR-376,242.1,Plena Noite,Decrescente,Céu Claro,Dupla,Curva,-23.58005,-51.4188,DEL07-PR,Risco Baixo,Baixa
domingo,BR-101,561.0,Pleno dia,Crescente,Chuva,Simples,Reta,-23.12647,-44.71032,DEL03-RJ,Risco Médio,Alta
segunda-feira,BR-101,206.5,Pleno dia,Crescente,Céu Claro,Dupla,Reta,-27.59194,-48.61825,DEL01-SC,Risco Médio,Alta
segunda-feira,BR-369,200.3,Plena Noite,Crescente,Ignorado,Simples,Reta,-23.53067,-51.45213,DEL07-PR,Risco Médio,Baixa
sábado,BR-101,308.9,Plena Noite,Decrescente,Céu Claro,Dupla,Reta,-28.42181,-48.79824,DEL02-SC,Risco Médio,Alta
sexta-feira,BR-40,556.1,Plena Noite,Crescente,Chuva,Dupla,Não Informado,-20.09356,-43.97554,DEL01-MG,Risco Alto,Alta
quarta-feira,BR-153,144.4,Plena Noite,Decrescente,Nublado,Simples,Curva,-24.1152,-50.24476,DEL07-PR,Risco Médio,Alta
sábado,BR-101,140.0,Plena Noite,Crescente,Céu Claro,Múltipla,Não Informado,-27.03881,-48.60025,DEL04-SC,Risco Médio,Alta
quarta-feira,BR-116,514.5,Plena Noite,Crescente,Céu Claro,Dupla,Reta,-31.72864,-52.38747,DEL07-RS,Risco Médio,Alta
sexta-feira,BR-277,717.8,Amanhecer,Decrescente,Céu Claro,Dupla,Não Informado,-25.47637,-54.47652,DEL05-PR,Risco Médio,Média
sexta-feira,BR-116,469.6,Plena Noite,Decrescente,Céu Claro,Simples,Reta,-7.243326,-38.83922,DEL05-CE,Risco Médio,Alta
quarta-feira,BR-101,206.4,Plena Noite,Crescente,Céu Claro,Múltipla,Reta,-27.595,-48.61992,DEL01-SC,Risco Médio,Alta
domingo,BR-116,40.4,Pleno dia,Decrescente,Céu Claro,Dupla,Reta,-22.68081,-45.00689,DEL08-SP,Risco Médio,Alta
segunda-feira,BR-153,518.0,Pleno dia,Crescente,Céu Claro,Dupla,Não Informado,-16.867,-49.2505,DEL01-GO,Risco Baixo,Alta
quarta-feira,BR-116,470.0,Plena Noite,Crescente,Céu Claro,Dupla,Reta,-24.65404,-47.95946,DEL05-SP,Risco Médio,Alta
terça-feira,BR-381,358.0,Plena Noite,Decrescente,Céu Claro,Simples,Reta,-19.85593,-43.21689,DEL03-MG,Risco Médio,Alta
terça-feira,BR-153,47.8,Plena Noite,Crescente,Céu Claro,Simples,Não Informado,-27.64688,-52.25202,DEL08-RS,Risco Alto,Alta
domingo,BR-230,156.5,Plena Noite,Crescente,Céu Claro,Simples,Reta,-7.2693,-35.9138,DEL02-PB,Risco Alto,Baixa
sexta-feira,BR-163,834.0,Pleno dia,Crescente,Céu Claro,Simples,Reta,-17.62739,-54.74525,DEL06-MS,Risco Médio,Alta
segunda-feira,BR-365,156.0,Pleno dia,Crescente,Céu Claro,Simples,Reta,-17.33385,-44.89777,DEL12-MG,Risco Médio,Média
domingo,BR-232,165.1,Plena Noite,Crescente,Chuva,Simples,Reta,-8.336398,-36.29639,DEL02-PE,Risco Alto,Baixa
domingo,BR-452,274.0,Pleno dia,Crescente,Sol,Simples,Curva,-19.35324,-47.29317,DEL08-MG,Risco Médio,Baixa
quarta-feira,BR-101,130.5,Pleno dia,Decrescente,Céu Claro,Simples,Reta,-19.23897,-40.09171,DEL04-ES,Risco Médio,Alta
segunda-feira,BR-282,531.5,Plena Noite,Crescente,Chuva,Simples,Reta,-26.99075,-52.60978,DEL07-SC,Risco Médio,Baixa
domingo,BR-272,423.0,Pleno dia,Crescente,Céu Claro,Simples,Reta,-24.14902,-52.88986,DEL04-PR,Risco Médio,Baixa
terça-feira,BR-386,277.9,Pleno dia,Crescente,Nublado,Simples,Não Informado,-29.01596,-52.32434,DEL04-RS,Risco Médio,Média
sexta-feira,BR-392,254.0,Anoitecer,Decrescente,Nublado,Simples,Curva,-30.51971,-53.45353,DEL09-RS,Risco Baixo,Média
domingo,BR-101,428.5,Plena Noite,Decrescente,Nublado,Múltipla,Viaduto,-29.05073,-49.62074,DEL02-SC,Risco Baixo,Alta
sexta-feira,BR-364,586.0,Pleno dia,Decrescente,Garoa/Chuvisco,Simples,Desvio Temporário,-14.61649,-56.25804,DEL01-MT,Risco Médio,Alta
domingo,BR-381,501.0,Plena Noite,Decrescente,Céu Claro,Dupla,Não Informado,-20.03146,-44.23779,DEL01-MG,Risco Médio,Alta
quarta-feira,BR-20,17.0,Pleno dia,Decrescente,Céu Claro,Dupla,Reta,-15.62111,-47.71693,DEL02-DF,Risco Médio,Baixa
terça-feira,BR-324,511.6,Plena Noite,Crescente,Céu Claro,Dupla,Reta,-12.23124,-38.96019,DEL02-BA,Risco Médio,Baixa
domingo,BR-262,50.8,Plena Noite,Decrescente,Nublado,Simples,Rotatória,-20.2477,-42.1463,DEL06-MG,Risco Médio,Média
sábado,BR-163,118.0,Plena Noite,Decrescente,Céu Claro,Simples,Reta,-16.51355,-54.65517,DEL02-MT,Risco Baixo,Alta
domingo,BR-277,6.0,Plena Noite,Crescente,Chuva,Dupla,Reta,-25.5682,-48.61529,DEL01-PR,Risco Médio,Média
domingo,BR-230,458.9,Pleno dia,Decrescente,Céu Claro,Simples,Curva,-6.774812,-38.20108,DEL03-PB,Risco Alto,Baixa
segunda-feira,BR-60,149.2,Pleno dia,Decrescente,Sol,Simples,Reta,-19.40573,-53.65379,DEL06-MS,Risco Médio,Média
sexta-feira,BR-153,61.8,Pleno dia,Crescente,Céu Claro,Dupla,Reta,-20.80503,-49.35575,DEL09-SP,Risco Médio,Alta
domingo,BR-101,54.0,Plena Noite,Decrescente,Céu Claro,Simples,Não Informado,-18.62068,-39.88189,DEL04-ES,Risco Médio,Alta
segunda-feira,BR-277,346.0,Plena Noite,Crescente,Céu Claro,Simples,Reta,-25.33928,-51.4288,DEL08-PR,Risco Médio,Média