dia_semana,br,km,fase_dia,sentido_via,condicao_metereologica,tipo_pista,tracado_via,latitude,longitude,delegacia,classificacao_acidente,postos_policiais_PRF
quarta-feira,BR-381,369.0,Pleno dia,Decrescente,Céu Claro,Simples,Curva,-19.84812,-43.25318,DEL03-MG,Risco Médio,Alta
sábado,BR-116,197.0,Pleno dia,Decrescente,Céu Claro,Dupla,Reta,-22.72981,-43.56512,DEL01-RJ,Risco Médio,Alta
domingo,BR-365,282.0,Pleno dia,Crescente,Nublado,Simples,Reta,-18.03563,-45.64363,DEL10-MG,Risco Alto,Média
quinta-feira,BR-407,129.3,Plena Noite,Crescente,Céu Claro,Simples,Ponte,-9.404518,-40.50418,DEL06-PE,Risco Médio,Baixa
terça-feira,BR-324,599.0,Pleno dia,Crescente,Chuva,Dupla,Reta,-12.74195,-38.43854,DEL01-BA,Risco Baixo,Baixa
segunda-feira,BR-116,3.5,Pleno dia,Decrescente,Chuva,Dupla,Curva,-25.07285,-48.58622,DEL01-PR,Risco Baixo,Alta
segunda-feira,BR-222,294.0,Plena Noite,Crescente,Céu Claro,Simples,Reta,-3.666729,-40.89957,DEL04-CE,Risco Baixo,Baixa
sexta-feira,BR-414,392.2,Plena Noite,Decrescente,Céu Claro,Simples,Não Informado,-15.91394,-48.8041,DEL02-GO,Risco Médio,Baixa
segunda-feira,BR-316,220.0,Plena Noite,Crescente,Céu Claro,Simples,Reta,-6.455147,-41.74674,DEL04-PI,Risco Baixo,Baixa
segunda-feira,BR-369,156.1,Pleno dia,Crescente,Céu Claro,Dupla,Reta,-23.2915,-51.21757,DEL07-PR,Risco Médio,Baixa
domingo,BR-101,421.0,Plena Noite,Crescente,Céu Claro,Simples,Reta,-22.92839,-43.97359,DEL03-RJ,Risco Médio,Alta
sexta-feira,BR-101,71.2,Pleno dia,Crescente,Céu Claro,Dupla,Reta,-26.51865,-48.71875,DEL03-SC,Risco Médio,Alta
domingo,BR-116,181.0,Plena Noite,Decrescente,Nublado,Dupla,Reta,-22.76516,-43.41547,DEL01-RJ,Risco Médio,Alta
quinta-feira,BR-415,34.5,Pleno dia,Crescente,Céu Claro,Simples,Reta,-14.7822,-39.23774,DEL05-BA,Risco Baixo,Baixa
segunda-feira,BR-60,186.2,Pleno dia,Decrescente,Céu Claro,Dupla,Reta,-16.81495,-49.52975,DEL01-GO,Risco Médio,Média
domingo,BR-101,266.9,Plena Noite,Decrescente,Nublado,Dupla,Reta,-22.70738,-42.66063,DEL02-RJ,Risco Baixo,Alta
segunda-feira,BR-116,513.0,Pleno dia,Decrescente,Céu Claro,Simples,Não Informado,-24.8511,-48.21802,DEL05-SP,Risco Médio,Alta
quarta-feira,BR-381,925.8,Pleno dia,Crescente,Nublado,Dupla,Não Informado,-22.77076,-46.20037,DEL16-MG,Risco Médio,Alta
segunda-feira,BR-282,195.0,Pleno dia,Crescente,Céu Claro,Simples,Reta,-27.74277,-50.06631,DEL05-SC,Risco Baixo,Baixa
sábado,BR-116,118.0,Plena Noite,Crescente,Nevoeiro/Neblina,Simples,Reta,-28.99136,-51.06761,DEL05-RS,Risco Médio,Alta
domingo,BR-101,411.1,Plena Noite,Decrescente,Céu Claro,Simples,Reta,-20.90375,-41.06178,DEL03-ES,Risco Alto,Alta
terça-feira,BR-116,230.1,Plena Noite,Decrescente,Nublado,Múltipla,Reta,-23.52252,-46.58557,DEL01-SP,Risco Médio,Alta
terça-feira,BR-101,217.0,Plena Noite,Crescente,Nublado,Múltipla,Reta,-27.6684,-48.6738,DEL01-SC,Risco Médio,Alta
quarta-feira,BR-101,716.0,Pleno dia,Crescente,Céu Claro,Múltipla,Não Informado,-16.34751,-39.58055,DEL09-BA,Risco Médio,Alta
quinta-feira,BR-101,313.0,Plena Noite,Decrescente,Céu Claro,Simples,Reta,-22.81049,-43.06983,DEL02-RJ,Risco Médio,Alta
quarta-feira,BR-60,46.2,Plena Noite,Decrescente,Garoa/Chuvisco,Dupla,Não Informado,-16.14405,-48.60039,DEL02-GO,Risco Alto,Média
quarta-feira,BR-386,367.9,Anoitecer,Decrescente,Céu Claro,Simples,Reta,-29.58249,-51.83868,DEL04-RS,Risco Médio,Média
quarta-feira,BR-116,115.0,Pleno dia,Crescente,Chuva,Dupla,Reta,-25.54546,-49.29866,DEL01-PR,Risco Médio,Alta
segunda-feira,BR-60,176.3,Plena Noite,Crescente,Céu Claro,Dupla,Curva,-16.75682,-49.44301,DEL01-GO,Risco Médio,Média
sábado,BR-282,506.9,Plena Noite,Crescente,Céu Claro,Dupla,Interseção de vias,-26.88587,-52.43537,DEL07-SC,Risco Baixo,Baixa
sexta-feira,BR-262,91.0,Anoitecer,Crescente,Céu Claro,Simples,Reta,-20.37841,-41.03346,DEL01-ES,Risco Médio,Média
terça-feira,BR-290,87.0,Pleno dia,Crescente,Céu Claro,Dupla,Reta,-29.96784,-51.1272,DEL01-RS,Risco Médio,Baixa
domingo,BR-146,399.4,Pleno dia,Crescente,Chuva,Simples,Reta,-21.2961,-46.67868,DEL09-MG,Risco Médio,Baixa
sábado,BR-116,256.0,Plena Noite,Decrescente,Céu Claro,Simples,Reta,-5.490278,-38.40352,DEL05-CE,Risco Baixo,Alta
domingo,BR-116,385.9,Pleno dia,Decrescente,Céu Claro,Simples,Curva,-18.5756,-41.9158,DEL06-MG,Risco Médio,Alta
quarta-feira,BR-343,42.4,Pleno dia,Crescente,Céu Claro,Simples,Curva,-3.1628,-41.82254,DEL05-PI,Risco Médio,Baixa
segunda-feira,BR-101,48.8,Pleno dia,Crescente,Céu Claro,Dupla,Reta,-7.891747,-34.90335,DEL01-PE,Risco Médio,Alta
quinta-feira,BR-262,316.0,Pleno dia,Crescente,Céu Claro,Simples,Não Informado,-20.4716,-54.43906,DEL01-MS,Risco Médio,Média
sábado,BR-116,107.0,Plena Noite,Crescente,Nublado,Dupla,Reta,-25.5699,-49.18778,DEL01-PR,Risco Baixo,Alta
segunda-feira,BR-70,605.8,Pleno dia,Crescente,Chuva,Simples,Curva,-15.85183,-56.84936,DEL03-MT,Risco Baixo,Baixa
domingo,BR-386,432.1,Plena Noite,Decrescente,Nublado,Simples,Curva,-29.83787,-51.30491,DEL04-RS,Risco Baixo,Média
quinta-feira,BR-101,817.0,Plena Noite,Crescente,Nublado,Simples,Curva,-17.25429,-39.63099,DEL09-BA,Risco Baixo,Alta
segunda-feira,BR-376,596.5,Pleno dia,Decrescente,Céu Claro,Dupla,Reta,-25.50195,-49.34155,DEL01-PR,Risco Médio,Baixa
segunda-feira,BR-290,68.0,Pleno dia,Crescente,Céu Claro,Dupla,Reta,-29.94338,-50.93621,DEL03-RS,Risco Médio,Baixa
sábado,BR-135,57.0,Pleno dia,Decrescente,Céu Claro,Simples,Reta,-3.013603,-44.31456,DEL01-MA,Risco Alto,Baixa
sábado,BR-262,899.9,Pleno dia,Decrescente,Céu Claro,Simples,Rotatória,-19.7,-48.76476,DEL13-MG,Risco Médio,Média
sábado,BR-376,157.0,Plena Noite,Crescente,Céu Claro,Dupla,Viaduto,-23.34959,-52.09107,DEL09-PR,Risco Alto,Baixa
segunda-feira,BR-222,25.5,Pleno dia,Crescente,Sol,Simples,Reta,-3.725032,-38.78128,DEL01-CE,Risco Baixo,Baixa
quinta-feira,BR-101,146.0,Plena Noite,Crescente,Céu Claro,Dupla,Reta,-19.36991,-40.06561,DEL04-ES,Risco Baixo,Alta
sábado,BR-364,496.0,Pleno dia,Decrescente,Céu Claro,Simples,Reta,-10.06423,-62.97402,DEL03-RO,Risco Médio,Alta
segunda-feira,BR-101,267.4,Plena Noite,Decrescente,Céu Claro,Múltipla,Reta,-20.19931,-40.26885,DEL02-ES,Risco Médio,Alta
domingo,BR-10,220.0,Pleno dia,Crescente,Sol,Simples,Não Informado,-2.556596,-47.49434,DEL02-PA,Risco Alto,Baixa
segunda-feira,BR-101,140.0,Pleno dia,Decrescente,Céu Claro,Dupla,Reta,-27.03881,-48.60025,DEL04-SC,Risco Médio,Alta
sábado,BR-116,133.0,Pleno dia,Crescente,Sol,Dupla,Reta,-23.13597,-45.75329,DEL06-SP,Risco Baixo,Alta
quinta-feira,BR-174,315.0,Anoitecer,Decrescente,Nublado,Simples,Reta,-15.01,-59.28722,DEL04-MT,Risco Médio,Baixa
segunda-feira,BR-101,482.0,Pleno dia,Crescente,Céu Claro,Simples,Reta,-14.6228,-39.3314,DEL05-BA,Risco Médio,Alta
segunda-feira,BR-116,362.0,Pleno dia,Decrescente,Chuva,Dupla,Curva,-24.12797,-47.2721,DEL04-SP,Risco Baixo,Alta
sexta-feira,BR-476,138.0,Pleno dia,Crescente,Nublado,Múltipla,Não Informado,-25.50713,-49.28466,DEL01-PR,Risco Baixo,Baixa
terça-feira,BR-101,353.0,Pleno dia,Crescente,Céu Claro,Dupla,Reta,-28.5981,-49.0497,DEL02-SC,Risco Médio,Alta
sexta-feira,BR-116,135.0,Plena Noite,Crescente,Nublado,Dupla,Reta,-23.14448,-45.77018,DEL02-SP,Risco Médio,Alta
segunda-feira,BR-459,87.0,Plena Noite,Crescente,Céu Claro,Simples,Reta,-22.15021,-46.03363,DEL16-MG,Risco Médio,Baixa
sexta-feira,BR-287,253.0,Pleno dia,Crescente,Céu Claro,Dupla,Rotatória,-29.68894,-53.89526,DEL09-RS,Risco Baixo,Baixa
domingo,BR-153,115.0,Pleno dia,Crescente,Céu Claro,Simples,Reta,-21.12936,-49.69488,DEL09-SP,Risco Médio,Alta
quinta-feira,BR-153,207.6,Plena Noite,Crescente,Nublado,Simples,Não Informado,-21.88232,-49.90834,DEL07-SP,Risco Baixo,Alta
sábado,BR-153,406.7,Pleno dia,Decrescente,Chuva,Simples,Reta,-16.07191,-49.05669,DEL02-GO,Risco Baixo,Alta
sexta-feira,BR-104,139.0,Anoitecer,Crescente,Céu Claro,Simples,Interseção de vias,-7.369483,-35.8998,DEL02-PB,Risco Médio,Baixa
quarta-feira,BR-381,488.0,Pleno dia,Crescente,Nublado,Dupla,Não Informado,-19.95746,-44.12279,DEL01-MG,Risco Médio,Alta
sexta-feira,BR-101,213.0,Anoitecer,Crescente,Céu Claro,Múltipla,Reta,-27.6446,-48.6705,DEL01-SC,Risco Médio,Alta
quinta-feira,BR-116,3.0,Pleno dia,Decrescente,Sol,Múltipla,Reta,-3.784556,-38.51226,DEL01-CE,Risco Baixo,Alta
sexta-feira,BR-381,364.0,Pleno dia,Crescente,Nublado,Simples,Não Informado,-19.85302,-43.21767,DEL03-MG,Risco Baixo,Alta
sábado,BR-304,295.8,Amanhecer,Crescente,Nublado,Simples,Desvio Temporário,-5.866443,-35.36031,DEL01-RN,Risco Médio,Baixa
terça-feira,BR-40,52.0,Plena Noite,Crescente,Nublado,Dupla,Reta,-22.33571,-43.1332,DEL06-RJ,Risco Médio,Alta
quarta-feira,BR-116,276.0,Anoitecer,Decrescente,Nublado,Dupla,Reta,-23.62044,-46.81149,DEL04-SP,Risco Médio,Alta
sábado,BR-116,53.7,Plena Noite,Crescente,Nublado,Dupla,Reta,-22.75256,-45.10742,DEL08-SP,Risco Médio,Alta
quarta-feira,BR-116,223.0,Pleno dia,Crescente,Céu Claro,Múltipla,Reta,-23.47857,-46.52981,DEL01-SP,Risco Médio,Alta
quinta-feira,BR-459,52.0,Pleno dia,Decrescente,Céu Claro,Simples,Reta,-22.06538,-46.27326,DEL09-MG,Risco Médio,Baixa
sexta-feira,BR-101,206.7,Pleno dia,Crescente,Chuva,Múltipla,Reta,-27.59194,-48.61825,DEL01-SC,Risco Médio,Alta
domingo,BR-280,35.8,Plena Noite,Crescente,Chuva,Simples,Não Informado,-26.44024,-48.8076,DEL03-SC,Risco Baixo,Baixa
sábado,BR-242,549.0,Pleno dia,Crescente,Céu Claro,Simples,Reta,-12.17172,-42.84378,DEL10-BA,Risco Médio,Baixa
segunda-feira,BR-60,225.8,Plena Noite,Crescente,Céu Claro,Dupla,Reta,-17.03885,-49.77849,DEL01-GO,Risco Alto,Média
segunda-feira,BR-277,711.0,Pleno dia,Crescente,Céu Claro,Dupla,Reta,-25.45404,-54.42229,DEL05-PR,Risco Médio,Média
terça-feira,BR-381,862.4,Amanhecer,Crescente,Ignorado,Dupla,Reta,-22.33478,-45.92141,DEL16-MG,Risco Médio,Alta
segunda-feira,BR-153,356.0,Pleno dia,Decrescente,Céu Claro,Simples,Não Informado,-15.71653,-49.32944,DEL02-GO,Risco Médio,Alta
quarta-feira,BR-116,73.0,Pleno dia,Crescente,Céu Claro,Simples,Reta,-8.465946,-39.19734,DEL05-PE,Risco Médio,Alta
quarta-feira,BR-381,787.7,Amanhecer,Decrescente,Sol,Dupla,Não Informado,-21.86348,-45.53165,DEL16-MG,Risco Médio,Alta
terça-feira,BR-392,296.4,Amanhecer,Crescente,Céu Claro,Simples,Reta,-30.17248,-53.5782,DEL09-RS,Risco Médio,Média
quarta-feira,BR-116,243.9,Anoitecer,Decrescente,Céu Claro,Dupla,Reta,-22.63023,-43.91034,DEL07-RJ,Risco Médio,Alta
quarta-feira,BR-376,5.0,Plena Noite,Crescente,Céu Claro,Dupla,Reta,-23.54697,-51.45186,DEL07-PR,Risco Baixo,Baixa
sábado,BR-101,653.0,Amanhecer,Crescente,Nevoeiro/Neblina,Simples,Curva,-15.88281,-39.53349,DEL05-BA,Risco Médio,Alta
sábado,BR-116,683.9,Amanhecer,Decrescente,Nublado,Simples,Reta,-20.97191,-42.355,DEL07-MG,Risco Médio,Alta
quarta-feira,BR-381,490.0,Amanhecer,Crescente,Céu Claro,Múltipla,Reta,-19.96503,-44.17422,DEL01-MG,Risco Médio,Alta
terça-feira,BR-60,46.8,Pleno dia,Crescente,Chuva,Dupla,Não Informado,-16.14539,-48.60209,DEL02-GO,Risco Baixo,Média
domingo,BR-163,842.2,Plena Noite,Decrescente,Céu Claro,Simples,Desvio Temporário,-11.9248,-55.51178,DEL06-MT,Risco Médio,Alta
sábado,BR-40,463.5,Plena Noite,Crescente,Nublado,Dupla,Não Informado,-19.42225,-44.3387,DEL02-MG,Risco Baixo,Alta
terça-feira,BR-163,527.4,Plena Noite,Crescente,Garoa/Chuvisco,Simples,Reta,-14.39646,-56.11181,DEL01-MT,Risco Alto,Alta
domingo,BR-376,182.7,Plena Noite,Decrescente,Céu Claro,Dupla,Interseção de vias,-23.43262,-51.88569,DEL09-PR,Risco Baixo,Baixa
quinta-feira,BR-230,210.1,Pleno dia,Decrescente,Céu Claro,Simples,Desvio Temporário,-7.0807,-36.3232,DEL02-PB,Risco Baixo,Baixa
sábado,BR-101,268.6,Plena Noite,Crescente,Céu Claro,Dupla,Curva,-28.09463,-48.70882,DEL02-SC,Risco Médio,Alta
terça-feira,BR-116,122.0,Pleno dia,Decrescente,Céu Claro,Dupla,Reta,-22.65853,-43.08958,DEL02-RJ,Risco Médio,Alta
sexta-feira,BR-381,720.9,Plena Noite,Decrescente,Nublado,Dupla,Não Informado,-21.43304,-45.21052,DEL04-MG,Risco Médio,Alta
domingo,BR-324,550.0,Anoitecer,Crescente,Nublado,Múltipla,Reta,-12.4523,-38.70733,DEL01-BA,Risco Médio,Baixa
quarta-feira,BR-116,339.4,Plena Noite,Decrescente,Céu Claro,Dupla,Reta,-24.00169,-47.15156,DEL04-SP,Risco Baixo,Alta
sábado,BR-116,324.5,Pleno dia,Crescente,Céu Claro,Simples,Reta,-5.990852,-38.6282,DEL05-CE,Risco Baixo,Alta
sábado,BR-262,90.9,Pleno dia,Crescente,Céu Claro,Simples,Não Informado,-20.37862,-41.03244,DEL01-ES,Risco Médio,Média
quarta-feira,BR-60,416.0,Pleno dia,Crescente,Céu Claro,Simples,Reta,-20.89807,-54.8848,DEL01-MS,Risco Baixo,Média
terça-feira,BR-222,236.8,Pleno dia,Crescente,Céu Claro,Simples,Reta,-3.715502,-40.44425,DEL04-CE,Risco Médio,Baixa
quinta-feira,BR-40,824.9,Pleno dia,Crescente,Nublado,Dupla,Não Informado,-21.9669,-43.29127,DEL05-MG,Risco Médio,Alta
terça-feira,BR-101,157.0,Pleno dia,Decrescente,Nublado,Dupla,Reta,-27.1901,-48.6123,DEL04-SC,Risco Médio,Alta
domingo,BR-116,13.0,Plena Noite,Decrescente,Chuva,Dupla,Reta,-3.860885,-38.49715,DEL01-CE,Risco Médio,Alta
segunda-feira,BR-290,5.0,Pleno dia,Crescente,Céu Claro,Dupla,Reta,-29.89753,-50.3214,DEL03-RS,Risco Médio,Baixa
segunda-feira,BR-101,317.0,Pleno dia,Crescente,Sol,Dupla,Reta,-22.839,-43.096,DEL02-RJ,Risco Médio,Alta
quinta-feira,BR-101,25.0,Pleno dia,Crescente,Céu Claro,Dupla,Reta,-26.18666,-48.91183,DEL03-SC,Risco Médio,Alta
quarta-feira,BR-116,174.0,Pleno dia,Decrescente,Sol,Múltipla,Reta,-22.76843,-43.41049,DEL01-RJ,Risco Médio,Alta
segunda-feira,BR-116,167.0,Amanhecer,Decrescente,Céu Claro,Múltipla,Reta,-22.90685,-43.1729,DEL01-RJ,Risco Médio,Alta
sábado,BR-262,453.0,Plena Noite,Decrescente,Nublado,Simples,Curva,-19.85637,-45.01561,DEL08-MG,Risco Médio,Média
segunda-feira,BR-324,566.0,Pleno dia,Crescente,Céu Claro,Dupla,Reta,-12.52708,-38.60561,DEL01-BA,Risco Médio,Baixa
terça-feira,BR-343,624.0,Pleno dia,Decrescente,Nublado,Simples,Reta,-6.965058,-43.23861,DEL03-PI,Risco Alto,Baixa
sexta-feira,BR-116,180.0,Pleno dia,Crescente,Céu Claro,Simples,Reta,-27.27041,-50.44097,DEL05-SC,Risco Médio,Alta
quinta-feira,BR-316,578.0,Plena Noite,Crescente,Céu Claro,Simples,Reta,-4.952184,-43.13569,DEL03-MA,Risco Alto,Baixa
segunda-feira,BR-290,13.0,Plena Noite,Decrescente,Garoa/Chuvisco,Múltipla,Reta,-29.89635,-50.34068,DEL03-RS,Risco Baixo,Baixa
sexta-feira,BR-163,6.0,Pleno dia,Decrescente,Céu Claro,Dupla,Reta,-24.00615,-54.31202,DEL09-MS,Risco Médio,Alta
domingo,BR-476,127.0,Plena Noite,Decrescente,Nublado,Múltipla,Curva,-25.42343,-49.22527,DEL01-PR,Risco Médio,Baixa
domingo,BR-470,55.7,Pleno dia,Decrescente,Sol,Simples,Reta,-26.8756,-49.11799,DEL04-SC,Risco Baixo,Baixa
sexta-feira,BR-230,398.0,Pleno dia,Crescente,Céu Claro,Simples,Não Informado,-6.8378,-37.7517,DEL03-PB,Risco Médio,Baixa
sexta-feira,BR-20,3.9,Pleno dia,Decrescente,Céu Claro,Dupla,Não Informado,-15.67578,-47.82429,DEL02-DF,Risco Médio,Baixa
sábado,BR-153,508.4,Pleno dia,Decrescente,Céu Claro,Múltipla,Reta,-16.7804,-49.2371,DEL01-GO,Risco Baixo,Alta
domingo,BR-116,378.5,Plena Noite,Crescente,Nevoeiro/Neblina,Dupla,Curva,-24.20682,-47.37122,DEL04-SP,Risco Baixo,Alta
segunda-feira,BR-364,324.5,Plena Noite,Decrescente,Nublado,Simples,Reta,-8.956347,-69.10678,DEL01-AC,Risco Baixo,Alta
terça-feira,BR-101,532.5,Pleno dia,Crescente,Chuva,Simples,Curva,-23.0216,-44.52278,DEL03-RJ,Risco Médio,Alta
sexta-feira,BR-101,200.0,Anoitecer,Crescente,Céu Claro,Dupla,Reta,-27.54019,-48.62288,DEL01-SC,Risco Médio,Alta
terça-feira,BR-222,312.6,Plena Noite,Decrescente,Chuva,Simples,Reta,-3.716993,-40.99142,DEL04-CE,Risco Médio,Baixa
sexta-feira,BR-230,464.9,Pleno dia,Crescente,Sol,Simples,Reta,-6.7786,-38.2341,DEL03-PB,Risco Médio,Baixa
terça-feira,BR-101,137.0,Plena Noite,Decrescente,Céu Claro,Simples,Curva,-19.29308,-40.08592,DEL04-ES,Risco Baixo,Alta
terça-feira,BR-40,641.4,Pleno dia,Crescente,Céu Claro,Simples,Curva,-20.7642,-43.8056,DEL05-MG,Risco Médio,Alta
quarta-feira,BR-364,709.0,Plena Noite,Decrescente,Céu Claro,Dupla,Reta,-8.790367,-63.85036,DEL01-RO,Risco Médio,Alta
quarta-feira,BR-381,679.0,Pleno dia,Decrescente,Céu Claro,Dupla,Reta,-21.14735,-45.10984,DEL04-MG,Risco Médio,Alta
sábado,BR-364,709.0,Pleno dia,Crescente,Céu Claro,Dupla,Reta,-8.790938,-63.84896,DEL01-RO,Risco Médio,Alta
sexta-feira,BR-101,398.0,Plena Noite,Crescente,Céu Claro,Dupla,Reta,-28.849,-49.435,DEL02-SC,Risco Médio,Alta
sexta-feira,BR-369,182.2,Pleno dia,Decrescente,Sol,Simples,Reta,-23.41991,-51.42487,DEL07-PR,Risco Médio,Baixa
quarta-feira,BR-262,30.0,Pleno dia,Crescente,Sol,Simples,Curva,-20.37441,-40.56492,DEL01-ES,Risco Médio,Média
domingo,BR-470,4.4,Pleno dia,Crescente,Céu Claro,Simples,Reta,-26.85847,-48.69079,DEL04-SC,Risco Médio,Baixa
domingo,BR-40,129.7,Pleno dia,Crescente,Céu Claro,Simples,Desvio Temporário,-16.90686,-47.35096,DEL01-DF,Risco Médio,Alta
segunda-feira,BR-235,16.3,Pleno dia,Decrescente,Nublado,Simples,Reta,-10.85255,-37.19289,DEL01-SE,Risco Médio,Baixa
terça-feira,BR-101,51.8,Pleno dia,Crescente,Garoa/Chuvisco,Dupla,Curva,-26.40261,-48.8397,DEL03-SC,Risco Médio,Alta
sexta-feira,BR-369,177.0,Pleno dia,Decrescente,Ignorado,Simples,Reta,-23.34478,-51.38419,DEL07-PR,Risco Médio,Baixa
domingo,BR-163,70.3,Anoitecer,Decrescente,Céu Claro,Dupla,Reta,-26.73458,-53.50685,DEL07-SC,Risco Médio,Alta
terça-feira,BR-287,517.0,Plena Noite,Crescente,Céu Claro,Simples,Reta,-28.7461,-55.8317,DEL12-RS,Risco Baixo,Baixa
domingo,BR-101,446.6,Pleno dia,Decrescente,Céu Claro,Simples,Desvio Temporário,-21.11783,-41.26863,DEL03-ES,Risco Médio,Alta
segunda-feira,BR-290,286.6,Anoitecer,Crescente,Céu Claro,Simples,Reta,-30.25947,-53.08242,DEL02-RS,Risco Baixo,Baixa
quinta-feira,BR-282,567.5,Pleno dia,Decrescente,Céu Claro,Simples,Rotatória,-26.90485,-52.90379,DEL07-SC,Risco Médio,Baixa
sexta-feira,BR-116,205.0,Plena Noite,Decrescente,Céu Claro,Dupla,Reta,-22.71807,-43.7049,DEL01-RJ,Risco Baixo,Alta
quinta-feira,BR-470,33.9,Pleno dia,Crescente,Céu Claro,Dupla,Não Informado,-26.91035,-48.94933,DEL04-SC,Risco Médio,Baixa
sábado,BR-116,807.9,Plena Noite,Decrescente,Céu Claro,Simples,Reta,-14.73914,-40.65691,DEL08-BA,Risco Médio,Alta
sexta-feira,BR-153,62.0,Pleno dia,Crescente,Céu Claro,Dupla,Reta,-20.81328,-49.35676,DEL09-SP,Risco Médio,Alta
quinta-feira,BR-364,708.0,Pleno dia,Decrescente,Céu Claro,Dupla,Reta,-8.792272,-63.84717,DEL01-RO,Risco Baixo,Alta
domingo,BR-280,267.0,Pleno dia,Decrescente,Céu Claro,Simples,Reta,-26.20997,-53.10491,DEL02-PR,Risco Médio,Baixa
domingo,BR-365,683.8,Plena Noite,Decrescente,Céu Claro,Dupla,Reta,-18.85148,-48.84737,DEL15-MG,Risco Médio,Média
sábado,BR-293,89.1,Pleno dia,Decrescente,Garoa/Chuvisco,Simples,Reta,-31.60778,-53.30635,DEL07-RS,Risco Médio,Baixa
quarta-feira,BR-376,217.6,Pleno dia,Crescente,Sol,Simples,Retorno Regulamentado,-23.59852,-51.62783,DEL07-PR,Risco Baixo,Baixa
quarta-feira,BR-364,260.9,Plena Noite,Crescente,Céu Claro,Simples,Não Informado,-16.03197,-54.89432,DEL02-MT,Risco Médio,Alta
quarta-feira,BR-60,107.9,Pleno dia,Crescente,Nublado,Múltipla,Reta,-16.43849,-49.01967,DEL01-GO,Risco Médio,Média
sábado,BR-376,8.3,Amanhecer,Crescente,Céu Claro,Simples,Não Informado,-23.55006,-51.66737,DEL09-PR,Risco Alto,Baixa
sábado,BR-101,203.2,Pleno dia,Decrescente,Céu Claro,Múltipla,Reta,-27.5742,-48.6134,DEL01-SC,Risco Médio,Alta
quinta-feira,BR-232,17.5,Pleno dia,Decrescente,Chuva,Dupla,Reta,-8.09667,-35.04776,DEL01-PE,Risco Baixo,Baixa
segunda-feira,BR-116,126.2,Pleno dia,Decrescente,Céu Claro,Dupla,Reta,-25.63783,-49.31297,DEL01-PR,Risco Baixo,Alta
sábado,BR-116,325.0,Pleno dia,Decrescente,Céu Claro,Dupla,Reta,-22.4952,-44.57035,DEL07-RJ,Risco Médio,Alta
domingo,BR-242,586.0,Plena Noite,Decrescente,Céu Claro,Simples,Curva,-12.18663,-43.23679,DEL10-BA,Risco Médio,Baixa
segunda-feira,BR-316,19.0,Plena Noite,Crescente,Céu Claro,Dupla,Reta,-5.251331,-42.73007,DEL01-PI,Risco Médio,Baixa
sábado,BR-116,5.4,Plena Noite,Crescente,Chuva,Dupla,Reta,-22.52948,-44.7446,DEL08-SP,Risco Baixo,Alta
sábado,BR-386,160.6,Pleno dia,Crescente,Chuva,Simples,Curva,-28.1458,-52.8468,DEL08-RS,Risco Médio,Média
segunda-feira,BR-232,128.0,Plena Noite,Crescente,Céu Claro,Dupla,Não Informado,-8.303993,-35.97216,DEL02-PE,Risco Médio,Baixa
segunda-feira,BR-287,257.3,Pleno dia,Crescente,Chuva,Simples,Reta,-29.68139,-53.94121,DEL09-RS,Risco Médio,Baixa
terça-feira,BR-40,31.7,Pleno dia,Crescente,Céu Claro,Dupla,Curva,-22.19246,-43.16023,DEL06-RJ,Risco Médio,Alta
segunda-feira,BR-101,287.5,Pleno dia,Decrescente,Céu Claro,Dupla,Reta,-20.26494,-40.38472,DEL01-ES,Risco Médio,Alta
sexta-feira,BR-493,20.4,Pleno dia,Crescente,Céu Claro,Simples,Reta,-22.66376,-43.03997,DEL04-RJ,Risco Médio,Baixa
sexta-feira,BR-40,111.0,Pleno dia,Crescente,Céu Claro,Múltipla,Reta,-22.69278,-43.28779,DEL01-RJ,Risco Médio,Alta
terça-feira,BR-101,117.0,Pleno dia,Decrescente,Céu Claro,Dupla,Reta,-26.8876,-48.7224,DEL04-SC,Risco Baixo,Alta
quinta-feira,BR-10,354.0,Plena Noite,Decrescente,Céu Claro,Simples,Reta,-1.3479,-47.5773,DEL01-PA,Risco Alto,Baixa
sexta-feira,BR-469,0.5,Pleno dia,Decrescente,Sol,Simples,Não Informado,-25.57513,-54.5513,DEL05-PR,Risco Médio,Baixa
quinta-feira,BR-277,629.0,Pleno dia,Crescente,Céu Claro,Simples,Curva,-25.10895,-53.78588,DEL05-PR,Risco Médio,Média
quarta-feira,BR-101,58.6,Plena Noite,Crescente,Nublado,Dupla,Reta,-7.976262,-34.92476,DEL01-PE,Risco Baixo,Alta
terça-feira,BR-376,178.2,Pleno dia,Decrescente,Céu Claro,Dupla,Interseção de vias,-23.41921,-51.91294,DEL07-PR,Risco Médio,Baixa
sexta-feira,BR-277,697.0,Plena Noite,Crescente,Céu Claro,Dupla,Reta,-25.39163,-54.30347,DEL05-PR,Risco Baixo,Média
terça-feira,BR-40,75.0,Anoitecer,Crescente,Chuva,Simples,Curva,-22.46857,-43.22959,DEL06-RJ,Risco Médio,Alta
sexta-feira,BR-153,58.8,Plena Noite,Decrescente,Céu Claro,Simples,Rotatória,-20.78679,-49.3539,DEL09-SP,Risco Médio,Alta
domingo,BR-135,34.0,Plena Noite,Crescente,Nublado,Dupla,Reta,-2.840086,-44.3746,DEL01-MA,Risco Baixo,Baixa