dia_semana,br,km,fase_dia,sentido_via,condicao_metereologica,tipo_pista,tracado_via,latitude,longitude,delegacia,classificacao_acidente,postos_policiais_PRF
domingo,BR-381,502.9,Plena Noite,Crescente,Céu Claro,Simples,Não Informado,-20.0362,-44.24586,DEL01-MG,Risco Médio,Alta
sexta-feira,BR-282,45.7,Pleno dia,Decrescente,Chuva,Simples,Curva,-27.7202,-48.91817,DEL01-SC,Risco Médio,Baixa
quarta-feira,BR-116,77.6,Plena Noite,Crescente,Céu Claro,Simples,Reta,-22.39301,-42.95382,DEL04-RJ,Risco Médio,Alta
sábado,BR-116,691.1,Plena Noite,Decrescente,Céu Claro,Simples,Curva,-21.01268,-42.35979,DEL07-MG,Risco Médio,Alta
segunda-feira,BR-101,191.0,Pleno dia,Crescente,Chuva,Dupla,Curva,-27.4773,-48.64127,DEL01-SC,Risco Médio,Alta
sábado,BR-376,183.0,Pleno dia,Decrescente,Ignorado,Dupla,Reta,-23.43854,-51.87521,DEL07-PR,Risco Médio,Baixa
sábado,BR-163,19.5,Anoitecer,Crescente,Chuva,Simples,Não Informado,-26.17622,-53.6666,DEL02-PR,Risco Médio,Alta
sábado,BR-470,67.6,Pleno dia,Crescente,Céu Claro,Simples,Interseção de vias,-26.87458,-49.23534,DEL04-SC,Risco Médio,Baixa
segunda-feira,BR-364,203.0,Pleno dia,Crescente,Céu Claro,Dupla,Reta,-16.47555,-54.65345,DEL02-MT,Risco Médio,Alta
sexta-feira,BR-101,323.2,Plena Noite,Crescente,Céu Claro,Dupla,Reta,-28.42741,-48.92725,DEL02-SC,Risco Médio,Alta
sábado,BR-101,147.0,Pleno dia,Crescente,Céu Claro,Dupla,Reta,-9.878492,-36.13706,DEL02-AL,Risco Médio,Alta
quinta-feira,BR-435,57.0,Pleno dia,Crescente,Garoa/Chuvisco,Simples,Desvio Temporário,-13.03006,-60.40251,DEL04-RO,Risco Médio,Baixa
terça-feira,BR-101,133.0,Pleno dia,Crescente,Sol,Simples,Reta,-26.99936,-48.64609,DEL04-SC,Risco Médio,Alta
segunda-feira,BR-282,462.7,Pleno dia,Decrescente,Céu Claro,Simples,Desvio Temporário,-26.85759,-52.05058,DEL07-SC,Risco Médio,Baixa
quarta-feira,BR-116,502.6,Pleno dia,Crescente,Nublado,Simples,Reta,-7.494442,-38.98439,DEL05-CE,Risco Médio,Alta
quinta-feira,BR-376,170.0,Plena Noite,Crescente,Céu Claro,Dupla,Desvio Temporário,-23.41596,-51.9795,DEL07-PR,Risco Médio,Baixa
segunda-feira,BR-282,2.0,Pleno dia,Decrescente,Garoa/Chuvisco,Dupla,Curva,-27.60329,-48.59042,DEL01-SC,Risco Médio,Baixa
quarta-feira,BR-101,148.0,Pleno dia,Decrescente,Nublado,Simples,Reta,-6.279491,-35.2049,DEL01-RN,Risco Médio,Alta
sábado,BR-40,410.0,Pleno dia,Decrescente,Céu Claro,Simples,Reta,-19.11802,-44.6467,DEL02-MG,Risco Médio,Alta
domingo,BR-50,12.0,Plena Noite,Decrescente,Céu Claro,Dupla,Viaduto,-18.90239,-48.18741,DEL15-MG,Risco Baixo,Média
sexta-feira,BR-324,594.0,Plena Noite,Decrescente,Nublado,Dupla,Reta,-12.70742,-38.46251,DEL01-BA,Risco Baixo,Baixa
segunda-feira,BR-242,828.0,Amanhecer,Crescente,Céu Claro,Simples,Reta,-12.09192,-45.40541,DEL10-BA,Risco Médio,Baixa
quinta-feira,BR-470,186.0,Plena Noite,Crescente,Céu Claro,Simples,Curva,-29.0073,-51.54783,DEL06-RS,Risco Médio,Baixa
domingo,BR-232,182.2,Pleno dia,Crescente,Céu Claro,Simples,Reta,-8.353112,-36.48564,DEL02-PE,Risco Médio,Baixa
quarta-feira,BR-210,2.0,Anoitecer,Crescente,Céu Claro,Dupla,Reta,0.08404512,-51.0796,DEL01-AP,Risco Baixo,Baixa
quinta-feira,BR-101,93.0,Anoitecer,Decrescente,Céu Claro,Dupla,Curva,-10.9116,-37.1585,DEL01-SE,Risco Médio,Alta
sexta-feira,BR-381,452.0,Amanhecer,Decrescente,Céu Claro,Simples,Reta,-19.8434,-43.88597,DEL01-MG,Risco Baixo,Alta
segunda-feira,BR-324,622.0,Plena Noite,Decrescente,Nublado,Múltipla,Reta,-12.92576,-38.46823,DEL01-BA,Risco Alto,Baixa
quinta-feira,BR-116,205.0,Plena Noite,Decrescente,Nublado,Múltipla,Reta,-23.41567,-46.36912,DEL01-SP,Risco Alto,Alta
sábado,BR-101,70.1,Plena Noite,Crescente,Garoa/Chuvisco,Simples,Reta,-10.7356,-37.08768,DEL01-SE,Risco Baixo,Alta
sábado,BR-476,139.0,Plena Noite,Crescente,Nublado,Simples,Reta,-25.51284,-49.28926,DEL01-PR,Risco Médio,Baixa
quinta-feira,BR-116,566.9,Plena Noite,Crescente,Chuva,Dupla,Curva,-25.05208,-48.55013,DEL05-SP,Risco Médio,Alta
quinta-feira,BR-116,445.2,Pleno dia,Crescente,Céu Claro,Dupla,Desvio Temporário,-24.49791,-47.84209,DEL05-SP,Risco Médio,Alta
quinta-feira,BR-364,439.0,Pleno dia,Decrescente,Céu Claro,Simples,Não Informado,-15.61121,-56.2041,DEL01-MT,Risco Médio,Alta
segunda-feira,BR-242,182.0,Plena Noite,Decrescente,Céu Claro,Simples,Reta,-12.5235,-40.22409,DEL06-BA,Risco Médio,Baixa
sexta-feira,BR-282,207.0,Pleno dia,Crescente,Céu Claro,Simples,Rotatória,-27.77346,-50.20209,DEL05-SC,Risco Médio,Baixa
sexta-feira,BR-316,317.0,Pleno dia,Crescente,Sol,Simples,Reta,-7.085231,-41.40864,DEL04-PI,Risco Médio,Baixa
sexta-feira,BR-226,49.0,Amanhecer,Decrescente,Nevoeiro/Neblina,Simples,Não Informado,-6.783306,-47.79836,DEL02-TO,Risco Alto,Baixa
sexta-feira,BR-101,108.2,Pleno dia,Crescente,Nublado,Múltipla,Curva,-26.83212,-48.69512,DEL03-SC,Risco Médio,Alta
sexta-feira,BR-304,42.3,Plena Noite,Decrescente,Céu Claro,Dupla,Reta,-5.212781,-37.37221,DEL04-RN,Risco Baixo,Baixa
domingo,BR-420,281.5,Plena Noite,Crescente,Nublado,Simples,Curva,-13.25453,-39.66396,DEL03-BA,Risco Médio,Baixa
quinta-feira,BR-232,17.0,Plena Noite,Decrescente,Nublado,Dupla,Reta,-8.094142,-35.03717,DEL01-PE,Risco Médio,Baixa
segunda-feira,BR-222,123.0,Pleno dia,Crescente,Céu Claro,Simples,Curva,-4.84679,-48.20327,DEL02-PA,Risco Médio,Baixa
sábado,BR-163,487.4,Pleno dia,Decrescente,Céu Claro,Simples,Não Informado,-20.42493,-54.54551,DEL01-MS,Risco Médio,Alta
sexta-feira,BR-381,676.0,Pleno dia,Decrescente,Sol,Simples,Não Informado,-21.12376,-45.09791,DEL04-MG,Risco Médio,Alta
terça-feira,BR-40,11.9,Pleno dia,Crescente,Céu Claro,Dupla,Reta,-16.13834,-47.95164,DEL01-DF,Risco Médio,Alta
quinta-feira,BR-101,5.8,Pleno dia,Crescente,Nublado,Dupla,Reta,-7.541764,-34.99139,DEL01-PE,Risco Médio,Alta
quinta-feira,BR-70,44.0,Pleno dia,Decrescente,Céu Claro,Simples,Não Informado,-15.75647,-52.59059,DEL07-MT,Risco Médio,Baixa
quarta-feira,BR-116,135.0,Amanhecer,Crescente,Nublado,Dupla,Reta,-23.1429,-45.767,DEL06-SP,Risco Médio,Alta
terça-feira,BR-163,278.0,Pleno dia,Crescente,Céu Claro,Simples,Reta,-24.5908,-53.9809,DEL06-PR,Risco Baixo,Alta
sábado,BR-101,112.0,Anoitecer,Decrescente,Céu Claro,Dupla,Reta,-5.960435,-35.2647,DEL01-RN,Risco Médio,Alta
domingo,BR-290,48.7,Pleno dia,Crescente,Céu Claro,Múltipla,Reta,-29.8986,-50.73918,DEL03-RS,Risco Médio,Baixa
terça-feira,BR-135,487.8,Pleno dia,Crescente,Céu Claro,Simples,Reta,-17.6973,-44.0862,DEL12-MG,Risco Baixo,Baixa
terça-feira,BR-324,526.0,Amanhecer,Decrescente,Céu Claro,Dupla,Reta,-12.3157,-38.8783,DEL01-BA,Risco Médio,Baixa
domingo,BR-101,147.1,Pleno dia,Decrescente,Chuva,Dupla,Reta,-27.08908,-48.61279,DEL04-SC,Risco Médio,Alta
quinta-feira,BR-343,456.7,Pleno dia,Decrescente,Céu Claro,Simples,Interseção de vias,-5.959522,-42.72712,DEL01-PI,Risco Médio,Baixa
sábado,BR-116,280.0,Plena Noite,Decrescente,Céu Claro,Simples,Desvio Temporário,-17.8841,-41.523,DEL11-MG,Risco Médio,Alta
quarta-feira,BR-116,17.0,Anoitecer,Crescente,Céu Claro,Dupla,Reta,-25.389,-49.1867,DEL01-PR,Risco Baixo,Alta
sábado,BR-40,516.0,Plena Noite,Crescente,Céu Claro,Dupla,Reta,-19.8278,-44.0836,DEL01-MG,Risco Médio,Alta
domingo,BR-459,30.3,Plena Noite,Decrescente,Céu Claro,Simples,Reta,-22.72502,-45.10353,DEL08-SP,Risco Médio,Baixa
quarta-feira,BR-472,589.0,Anoitecer,Decrescente,Nublado,Simples,Curva,-29.88709,-57.11655,DEL13-RS,Risco Baixo,Baixa
sexta-feira,BR-316,41.2,Anoitecer,Decrescente,Chuva,Dupla,Curva,-1.278197,-48.11121,DEL01-PA,Risco Médio,Baixa
domingo,BR-493,108.0,Pleno dia,Crescente,Nublado,Múltipla,Retorno Regulamentado,-22.78231,-43.75698,DEL03-RJ,Risco Médio,Baixa
domingo,BR-116,159.8,Pleno dia,Crescente,Nublado,Dupla,Reta,-23.26585,-45.95984,DEL02-SP,Risco Médio,Alta
segunda-feira,BR-101,6.4,Pleno dia,Crescente,Céu Claro,Dupla,Reta,-29.35076,-49.79677,DEL03-RS,Risco Médio,Alta
quinta-feira,BR-163,839.0,Pleno dia,Crescente,Céu Claro,Simples,Reta,-11.95105,-55.51688,DEL06-MT,Risco Médio,Alta
segunda-feira,BR-116,268.0,Plena Noite,Decrescente,Céu Claro,Múltipla,Reta,-29.95043,-51.17653,DEL01-RS,Risco Médio,Alta
sexta-feira,BR-116,420.0,Plena Noite,Decrescente,Céu Claro,Simples,Rotatória,-12.23076,-38.96372,DEL02-BA,Risco Médio,Alta
sexta-feira,BR-116,528.9,Plena Noite,Crescente,Céu Claro,Simples,Rotatória,-31.75446,-52.42804,DEL07-RS,Risco Médio,Alta
domingo,BR-153,486.2,Plena Noite,Decrescente,Céu Claro,Simples,Curva,-26.40104,-51.28729,DEL02-PR,Risco Médio,Alta
terça-feira,BR-163,84.0,Plena Noite,Decrescente,Céu Claro,Simples,Rotatória,-26.61594,-53.51943,DEL07-SC,Risco Baixo,Alta
terça-feira,BR-230,17.5,Pleno dia,Crescente,Céu Claro,Dupla,Reta,-7.118066,-34.84409,DEL01-PB,Risco Médio,Baixa
segunda-feira,BR-424,12.0,Pleno dia,Decrescente,Céu Claro,Simples,Não Informado,-8.498035,-36.99233,DEL04-PE,Risco Baixo,Baixa
terça-feira,BR-290,686.7,Pleno dia,Crescente,Sol,Simples,Reta,-29.8879,-56.74219,DEL13-RS,Risco Médio,Baixa
domingo,BR-324,585.8,Plena Noite,Crescente,Garoa/Chuvisco,Dupla,Reta,-12.64815,-38.47488,DEL01-BA,Risco Baixo,Baixa
terça-feira,BR-135,375.5,Pleno dia,Decrescente,Céu Claro,Simples,Curva,-16.8154,-43.85026,DEL12-MG,Risco Médio,Baixa
sábado,BR-70,2.5,Pleno dia,Decrescente,Céu Claro,Dupla,Reta,-15.79805,-48.07323,DEL01-DF,Risco Médio,Baixa
quinta-feira,BR-153,62.3,Pleno dia,Decrescente,Céu Claro,Dupla,Não Informado,-20.81325,-49.35676,DEL09-SP,Risco Médio,Alta
quinta-feira,BR-392,4.9,Pleno dia,Crescente,Céu Claro,Simples,Reta,-32.0761,-52.1011,DEL07-RS,Risco Médio,Média
sexta-feira,BR-153,486.0,Pleno dia,Crescente,Céu Claro,Simples,Desvio Temporário,-10.09357,-48.86595,DEL02-TO,Risco Médio,Alta
sábado,BR-101,105.7,Pleno dia,Crescente,Chuva,Dupla,Curva,-7.3262,-34.947,DEL01-PB,Risco Médio,Alta
segunda-feira,BR-381,29.2,Pleno dia,Crescente,Céu Claro,Dupla,Reta,-23.04562,-46.55731,DEL03-SP,Risco Médio,Alta
sábado,BR-60,2.8,Pleno dia,Decrescente,Céu Claro,Dupla,Reta,-15.88955,-48.08517,DEL01-DF,Risco Médio,Média
domingo,BR-470,225.0,Plena Noite,Decrescente,Céu Claro,Simples,Curva,-29.24756,-51.51523,DEL06-RS,Risco Médio,Baixa
segunda-feira,BR-222,2.9,Pleno dia,Crescente,Céu Claro,Múltipla,Reta,-3.739111,-38.58687,DEL01-CE,Risco Médio,Baixa
sexta-feira,BR-40,749.7,Pleno dia,Decrescente,Nublado,Simples,Curva,-21.44787,-43.55739,DEL05-MG,Risco Médio,Alta
terça-feira,BR-277,32.0,Pleno dia,Crescente,Nublado,Dupla,Curva,-25.54737,-48.79056,DEL01-PR,Risco Baixo,Média
sábado,BR-293,13.5,Plena Noite,Crescente,Nevoeiro/Neblina,Simples,Reta,-31.75435,-52.45089,DEL07-RS,Risco Baixo,Baixa
quinta-feira,BR-285,671.8,Pleno dia,Crescente,Garoa/Chuvisco,Simples,Curva,-28.66961,-55.97438,DEL12-RS,Risco Médio,Baixa
sexta-feira,BR-381,909.7,Pleno dia,Crescente,Chuva,Dupla,Não Informado,-22.69264,-46.11037,DEL16-MG,Risco Baixo,Alta
segunda-feira,BR-163,492.2,Pleno dia,Crescente,Nublado,Simples,Reta,-20.45827,-54.54802,DEL01-MS,Risco Médio,Alta
segunda-feira,BR-158,280.0,Plena Noite,Crescente,Céu Claro,Múltipla,Reta,-20.82785,-51.72945,DEL07-MS,Risco Baixo,Baixa
domingo,BR-40,108.0,Pleno dia,Crescente,Sol,Múltipla,Reta,-22.8074,-43.34394,DEL01-RJ,Risco Médio,Alta
domingo,BR-262,93.0,Pleno dia,Crescente,Céu Claro,Simples,Reta,-20.31449,-42.46655,DEL03-MG,Risco Médio,Média
segunda-feira,BR-343,2.4,Amanhecer,Crescente,Céu Claro,Múltipla,Reta,-5.081487,-42.77035,DEL01-PI,Risco Médio,Baixa
domingo,BR-163,287.0,Plena Noite,Crescente,Céu Claro,Simples,Curva,-24.52333,-54.05842,DEL06-PR,Risco Médio,Alta
quarta-feira,BR-101,268.0,Pleno dia,Crescente,Nublado,Múltipla,Reta,-20.20842,-40.2694,DEL02-ES,Risco Médio,Alta
sábado,BR-116,411.0,Plena Noite,Crescente,Garoa/Chuvisco,Dupla,Reta,-24.33083,-47.58282,DEL05-SP,Risco Baixo,Alta
sexta-feira,BR-116,134.0,Plena Noite,Decrescente,Céu Claro,Dupla,Reta,-23.14022,-45.76173,DEL02-SP,Risco Médio,Alta
segunda-feira,BR-232,94.1,Pleno dia,Crescente,Céu Claro,Dupla,Reta,-8.224733,-35.69082,DEL02-PE,Risco Médio,Baixa
quinta-feira,BR-290,46.1,Pleno dia,Crescente,Nublado,Dupla,Reta,-29.89154,-50.72021,DEL03-RS,Risco Médio,Baixa
sábado,BR-101,258.0,Pleno dia,Crescente,Sol,Simples,Rotatória,-12.95107,-39.25422,DEL01-BA,Risco Médio,Alta
segunda-feira,BR-222,44.7,Pleno dia,Decrescente,Chuva,Simples,Curva,-3.673951,-38.9469,DEL01-CE,Risco Médio,Baixa
sábado,BR-101,264.0,Pleno dia,Crescente,Céu Claro,Dupla,Reta,-28.0573,-48.7179,DEL02-SC,Risco Médio,Alta
segunda-feira,BR-316,159.2,Plena Noite,Crescente,Céu Claro,Simples,Reta,-6.186785,-42.12261,DEL04-PI,Risco Médio,Baixa
quarta-feira,BR-101,162.5,Pleno dia,Crescente,Céu Claro,Dupla,Reta,-12.35493,-38.7899,DEL01-BA,Risco Médio,Alta
quinta-feira,BR-40,116.0,Pleno dia,Crescente,Céu Claro,Dupla,Reta,-22.73662,-43.28859,DEL01-RJ,Risco Médio,Alta
sexta-feira,BR-116,423.0,Pleno dia,Decrescente,Chuva,Simples,Não Informado,-12.2293,-38.96453,DEL02-BA,Risco Baixo,Alta
sexta-feira,BR-369,101.2,Plena Noite,Crescente,Céu Claro,Simples,Interseção de vias,-23.24663,-50.72697,DEL07-PR,Risco Médio,Baixa
terça-feira,BR-101,100.7,Pleno dia,Crescente,Nublado,Simples,Reta,-26.75483,-48.68994,DEL03-SC,Risco Médio,Alta
segunda-feira,BR-116,404.3,Plena Noite,Crescente,Céu Claro,Simples,Reta,-12.06994,-38.96971,DEL02-BA,Risco Médio,Alta
segunda-feira,BR-174,16.0,Pleno dia,Crescente,Céu Claro,Simples,Reta,-12.71452,-60.12621,DEL04-RO,Risco Baixo,Baixa
sábado,BR-101,375.4,Plena Noite,Decrescente,Céu Claro,Dupla,Reta,-28.73214,-49.24416,DEL02-SC,Risco Baixo,Alta
quarta-feira,BR-116,827.0,Pleno dia,Crescente,Céu Claro,Simples,Reta,-14.88612,-40.85955,DEL08-BA,Risco Médio,Alta
sexta-feira,BR-116,110.0,Plena Noite,Crescente,Céu Claro,Dupla,Reta,-25.56193,-49.26045,DEL01-PR,Risco Baixo,Alta
quarta-feira,BR-369,471.0,Plena Noite,Crescente,Céu Claro,Simples,Reta,-24.5796,-53.1765,DEL09-PR,Risco Baixo,Baixa
quinta-feira,BR-101,31.0,Plena Noite,Decrescente,Nublado,Dupla,Reta,-26.23414,-48.91624,DEL03-SC,Risco Médio,Alta
quinta-feira,BR-376,421.0,Pleno dia,Crescente,Céu Claro,Dupla,Curva,-24.69019,-50.58153,DEL03-PR,Risco Baixo,Baixa
segunda-feira,BR-259,100.0,Plena Noite,Crescente,Chuva,Simples,Reta,-19.5168,-40.9981,DEL02-ES,Risco Alto,Baixa
quarta-feira,BR-135,162.0,Plena Noite,Decrescente,Céu Claro,Simples,Reta,-12.02375,-44.95342,DEL08-BA,Risco Médio,Baixa
sábado,BR-285,138.0,Plena Noite,Crescente,Céu Claro,Simples,Reta,-28.40304,-51.04961,DEL05-RS,Risco Médio,Baixa
sexta-feira,BR-101,243.5,Plena Noite,Crescente,Nublado,Dupla,Reta,-10.16618,-36.81845,DEL02-AL,Risco Alto,Alta
sexta-feira,BR-262,498.8,Pleno dia,Decrescente,Chuva,Simples,Curva,-19.8438,-45.41121,DEL08-MG,Risco Baixo,Média
domingo,BR-230,18.3,Plena Noite,Crescente,Céu Claro,Dupla,Curva,-7.126866,-34.84567,DEL01-PB,Risco Baixo,Baixa
quinta-feira,BR-308,203.0,Plena Noite,Crescente,Céu Claro,Simples,Reta,-1.066236,-46.76866,DEL01-PA,Risco Médio,Baixa
sábado,BR-116,778.3,Plena Noite,Decrescente,Céu Claro,Simples,Reta,-14.6158,-40.44411,DEL08-BA,Risco Baixo,Alta
quinta-feira,BR-101,95.0,Pleno dia,Decrescente,Céu Claro,Múltipla,Reta,-5.840768,-35.21036,DEL01-RN,Risco Baixo,Alta
domingo,BR-470,139.9,Pleno dia,Decrescente,Céu Claro,Simples,Reta,-27.21756,-49.65461,DEL04-SC,Risco Baixo,Baixa
domingo,BR-153,522.6,Pleno dia,Crescente,Sol,Dupla,Não Informado,-16.8991,-49.25504,DEL01-GO,Risco Baixo,Alta
sexta-feira,BR-476,131.0,Pleno dia,Decrescente,Céu Claro,Múltipla,Não Informado,-25.4544,-49.2475,DEL01-PR,Risco Médio,Baixa
sexta-feira,BR-163,247.0,Pleno dia,Decrescente,Céu Claro,Simples,Não Informado,-24.71782,-53.7116,DEL06-PR,Risco Médio,Alta
quinta-feira,BR-153,10.0,Pleno dia,Crescente,Ignorado,Simples,Reta,-23.18972,-49.98367,DEL07-PR,Risco Baixo,Alta
segunda-feira,BR-116,145.7,Plena Noite,Decrescente,Chuva,Dupla,Reta,-23.18698,-45.85481,DEL02-SP,Risco Baixo,Alta
segunda-feira,BR-40,61.0,Plena Noite,Crescente,Garoa/Chuvisco,Dupla,Reta,-22.40241,-43.13786,DEL06-RJ,Risco Médio,Alta
quinta-feira,BR-386,291.0,Plena Noite,Crescente,Ignorado,Dupla,Não Informado,-29.09817,-52.24974,DEL04-RS,Risco Baixo,Média
quarta-feira,BR-101,122.9,Pleno dia,Decrescente,Céu Claro,Dupla,Reta,-8.359396,-35.195,DEL01-PE,Risco Médio,Alta
sábado,BR-60,464.8,Pleno dia,Crescente,Céu Claro,Simples,Curva,-21.00151,-55.2778,DEL01-MS,Risco Alto,Média
quinta-feira,BR-470,65.1,Anoitecer,Crescente,Céu Claro,Simples,Não Informado,-26.87041,-49.21186,DEL04-SC,Risco Médio,Baixa
domingo,BR-373,261.6,Anoitecer,Decrescente,Céu Claro,Simples,Curva,-25.20795,-50.94015,DEL08-PR,Risco Baixo,Baixa
terça-feira,BR-101,216.0,Pleno dia,Decrescente,Céu Claro,Dupla,Reta,-27.65981,-48.67748,DEL01-SC,Risco Médio,Alta
domingo,BR-153,14.7,Pleno dia,Crescente,Céu Claro,Simples,Reta,-20.41821,-49.26611,DEL09-SP,Risco Baixo,Alta
terça-feira,BR-381,88.0,Plena Noite,Crescente,Céu Claro,Dupla,Reta,-23.47469,-46.56113,DEL03-SP,Risco Médio,Alta
sexta-feira,BR-20,26.0,Plena Noite,Decrescente,Nublado,Dupla,Reta,-15.59633,-47.63905,DEL02-DF,Risco Baixo,Baixa
quarta-feira,BR-101,64.0,Pleno dia,Decrescente,Chuva,Dupla,Reta,-29.70143,-50.17612,DEL03-RS,Risco Médio,Alta
sexta-feira,BR-116,7.0,Anoitecer,Crescente,Chuva,Dupla,Curva,-25.08235,-48.615,DEL01-PR,Risco Baixo,Alta
terça-feira,BR-116,74.0,Plena Noite,Decrescente,Chuva,Dupla,Reta,-25.31703,-49.01853,DEL01-PR,Risco Baixo,Alta
domingo,BR-424,19.0,Plena Noite,Decrescente,Céu Claro,Simples,Reta,-8.502576,-36.93359,DEL04-PE,Risco Médio,Baixa
sábado,BR-230,70.0,Pleno dia,Crescente,Nublado,Dupla,Curva,-7.182571,-35.30534,DEL01-PB,Risco Médio,Baixa
terça-feira,BR-459,99.1,Anoitecer,Crescente,Nublado,Dupla,Reta,-22.20348,-45.95165,DEL16-MG,Risco Médio,Baixa
quarta-feira,BR-50,68.0,Pleno dia,Crescente,Céu Claro,Simples,Interseção de vias,-18.87971,-48.26266,DEL15-MG,Risco Médio,Média
quinta-feira,BR-101,119.0,Pleno dia,Crescente,Nublado,Simples,Reta,-12.1591,-38.55597,DEL01-BA,Risco Médio,Alta
segunda-feira,BR-101,244.5,Pleno dia,Decrescente,Nublado,Simples,Interseção de vias,-20.05204,-40.38461,DEL02-ES,Risco Médio,Alta
sexta-feira,BR-101,99.0,Pleno dia,Decrescente,Céu Claro,Múltipla,Reta,-8.2678,-35.0531,DEL01-PE,Risco Baixo,Alta
sábado,BR-40,20.0,Pleno dia,Crescente,Céu Claro,Dupla,Não Informado,-22.10819,-43.16514,DEL06-RJ,Risco Baixo,Alta
quinta-feira,BR-153,49.5,Pleno dia,Crescente,Nublado,Simples,Reta,-20.7,-49.33946,DEL09-SP,Risco Médio,Alta
sexta-feira,BR-381,496.9,Pleno dia,Decrescente,Céu Claro,Dupla,Reta,-19.96825,-44.19871,DEL01-MG,Risco Médio,Alta
domingo,BR-116,302.5,Pleno dia,Decrescente,Sol,Dupla,Reta,-23.81939,-46.92434,DEL04-SP,Risco Médio,Alta
sábado,BR-230,135.0,Amanhecer,Decrescente,Céu Claro,Dupla,Curva,-7.2789,-35.7591,DEL02-PB,Risco Médio,Baixa
sexta-feira,BR-101,203.5,Plena Noite,Decrescente,Nublado,Múltipla,Reta,-27.56942,-48.61378,DEL01-SC,Risco Médio,Alta
sexta-feira,BR-364,275.0,Pleno dia,Decrescente,Céu Claro,Simples,Não Informado,-15.95086,-54.98238,DEL05-MT,Risco Médio,Alta
sábado,BR-251,515.6,Pleno dia,Crescente,Garoa/Chuvisco,Simples,Reta,-16.80472,-43.85754,DEL12-MG,Risco Baixo,Baixa
sexta-feira,BR-116,115.0,Pleno dia,Decrescente,Céu Claro,Simples,Interseção de vias,-28.9712,-51.0722,DEL05-RS,Risco Médio,Alta
sábado,BR-116,462.0,Pleno dia,Decrescente,Nublado,Dupla,Reta,-12.43553,-39.22175,DEL02-BA,Risco Médio,Alta
sábado,BR-423,97.9,Plena Noite,Decrescente,Garoa/Chuvisco,Simples,Curva,-8.876275,-36.50435,DEL03-PE,Risco Médio,Baixa
terça-feira,BR-163,537.4,Plena Noite,Crescente,Chuva,Simples,Reta,-14.40631,-56.10971,DEL01-MT,Risco Alto,Alta
sexta-feira,BR-70,20.0,Pleno dia,Decrescente,Sol,Simples,Não Informado,-15.74243,-48.37509,DEL01-DF,Risco Médio,Baixa
sábado,BR-376,523.0,Amanhecer,Crescente,Ignorado,Dupla,Curva,-25.2668,-49.9514,DEL03-PR,Risco Médio,Baixa
domingo,BR-101,123.5,Plena Noite,Decrescente,Céu Claro,Simples,Reta,-19.15451,-40.0803,DEL04-ES,Risco Baixo,Alta
sexta-feira,BR-230,20.5,Plena Noite,Crescente,Céu Claro,Dupla,Reta,-7.1337,-34.8544,DEL01-PB,Risco Médio,Baixa
sexta-feira,BR-116,123.0,Plena Noite,Crescente,Céu Claro,Dupla,Não Informado,-23.08618,-45.66808,DEL06-SP,Risco Médio,Alta
quinta-feira,BR-158,523.0,Pleno dia,Decrescente,Ignorado,Simples,Reta,-26.23696,-52.69159,DEL02-PR,Risco Médio,Baixa
segunda-feira,BR-470,74.5,Pleno dia,Crescente,Nevoeiro/Neblina,Simples,Reta,-28.20329,-51.52544,DEL08-RS,Risco Médio,Baixa
quinta-feira,BR-116,186.7,Pleno dia,Decrescente,Chuva,Dupla,Reta,-22.74129,-43.52295,DEL01-RJ,Risco Médio,Alta
quinta-feira,BR-116,205.0,Pleno dia,Decrescente,Nublado,Simples,Reta,-23.41475,-46.36601,DEL01-SP,Risco Médio,Alta
sábado,BR-277,149.4,Pleno dia,Crescente,Céu Claro,Simples,Reta,-25.4733,-49.8226,DEL03-PR,Risco Alto,Média
domingo,BR-282,195.0,Pleno dia,Decrescente,Chuva,Simples,Reta,-27.74676,-50.08479,DEL05-SC,Risco Médio,Baixa
terça-feira,BR-267,144.9,Pleno dia,Decrescente,Céu Claro,Simples,Curva,-21.80256,-43.69468,DEL05-MG,Risco Baixo,Baixa
quinta-feira,BR-435,13.5,Pleno dia,Decrescente,Céu Claro,Dupla,Reta,-12.73813,-60.13127,DEL04-RO,Risco Baixo,Baixa
quarta-feira,BR-493,109.0,Plena Noite,Decrescente,Chuva,Múltipla,Viaduto,-22.67209,-43.28505,DEL01-RJ,Risco Médio,Baixa
quarta-feira,BR-50,128.1,Plena Noite,Decrescente,Nublado,Dupla,Reta,-19.37277,-48.07827,DEL13-MG,Risco Médio,Média
sábado,BR-277,4.0,Plena Noite,Crescente,Nublado,Dupla,Interseção de vias,-25.53695,-48.53137,DEL01-PR,Risco Médio,Média
quinta-feira,BR-280,54.4,Pleno dia,Crescente,Chuva,Simples,Reta,-26.4754,-48.99008,DEL03-SC,Risco Baixo,Baixa
sexta-feira,BR-282,112.4,Pleno dia,Crescente,Céu Claro,Simples,Reta,-27.73714,-49.37896,DEL01-SC,Risco Médio,Baixa
sexta-feira,BR-116,503.0,Pleno dia,Decrescente,Nublado,Simples,Reta,-24.785,-48.2033,DEL05-SP,Risco Baixo,Alta
sexta-feira,BR-153,194.9,Pleno dia,Decrescente,Céu Claro,Simples,Ponte,-19.96223,-48.98832,DEL13-MG,Risco Médio,Alta
sábado,BR-282,550.7,Pleno dia,Crescente,Nublado,Simples,Reta,-26.95479,-52.77541,DEL07-SC,Risco Baixo,Baixa
quarta-feira,BR-153,724.8,Pleno dia,Crescente,Chuva,Simples,Não Informado,-12.15456,-49.16382,DEL02-TO,Risco Baixo,Alta