dia_semana,br,km,fase_dia,sentido_via,condicao_metereologica,tipo_pista,tracado_via,latitude,longitude,delegacia,classificacao_acidente,postos_policiais_PRF
terça-feira,BR-424,97.6,Plena Noite,Crescente,Chuva,Simples,Reta,-9.62622,-35.86159,DEL02-AL,Risco Médio,Baixa
quarta-feira,BR-163,1035.0,Plena Noite,Crescente,Garoa/Chuvisco,Simples,Reta,-10.21361,-54.96563,DEL06-MT,Risco Baixo,Alta
sexta-feira,BR-153,222.6,Plena Noite,Crescente,Garoa/Chuvisco,Simples,Curva,-25.46769,-50.65154,DEL03-PR,Risco Médio,Alta
quarta-feira,BR-101,213.0,Plena Noite,Crescente,Céu Claro,Múltipla,Reta,-27.63697,-48.66514,DEL01-SC,Risco Médio,Alta
sábado,BR-282,520.0,Pleno dia,Crescente,Sol,Simples,Reta,-26.95023,-52.52618,DEL07-SC,Risco Médio,Baixa
segunda-feira,BR-343,307.0,Plena Noite,Decrescente,Garoa/Chuvisco,Simples,Reta,-5.039882,-42.45954,DEL01-PI,Risco Médio,Baixa
terça-feira,BR-364,208.0,Pleno dia,Crescente,Céu Claro,Dupla,Reta,-16.43621,-54.68288,DEL02-MT,Risco Médio,Alta
quarta-feira,BR-153,499.0,Pleno dia,Crescente,Céu Claro,Dupla,Reta,-16.69574,-49.23171,DEL01-GO,Risco Médio,Alta
quinta-feira,BR-272,367.3,Pleno dia,Crescente,Céu Claro,Dupla,Reta,-24.05064,-52.4017,DEL09-PR,Risco Médio,Baixa
sábado,BR-316,189.0,Pleno dia,Decrescente,Céu Claro,Simples,Curva,-9.582492,-36.41813,DEL03-AL,Risco Médio,Baixa
sábado,BR-70,10.5,Pleno dia,Crescente,Céu Claro,Simples,Reta,-15.87866,-52.3439,DEL07-MT,Risco Médio,Baixa
sexta-feira,BR-116,82.0,Plena Noite,Crescente,Céu Claro,Dupla,Reta,-22.90919,-45.31883,DEL08-SP,Risco Médio,Alta
domingo,BR-40,379.0,Pleno dia,Crescente,Céu Claro,Simples,Reta,-18.87083,-44.72933,DEL02-MG,Risco Médio,Alta
terça-feira,BR-277,427.8,Pleno dia,Crescente,Nublado,Simples,Curva,-25.38221,-52.11624,DEL04-PR,Risco Médio,Média
quarta-feira,BR-222,2.4,Plena Noite,Crescente,Nublado,Dupla,Interseção de vias,-3.739684,-38.59165,DEL01-CE,Risco Baixo,Baixa
sexta-feira,BR-101,123.0,Pleno dia,Crescente,Céu Claro,Simples,Não Informado,-9.7052,-36.0379,DEL02-AL,Risco Baixo,Alta
domingo,BR-153,430.0,Plena Noite,Crescente,Céu Claro,Dupla,Não Informado,-16.25157,-48.99474,DEL02-GO,Risco Baixo,Alta
sexta-feira,BR-101,294.0,Plena Noite,Crescente,Céu Claro,Dupla,Reta,-22.7583,-42.895,DEL02-RJ,Risco Médio,Alta
terça-feira,BR-153,439.6,Amanhecer,Decrescente,Chuva,Dupla,Não Informado,-16.31315,-48.92199,DEL02-GO,Risco Médio,Alta
quinta-feira,BR-116,46.0,Pleno dia,Decrescente,Céu Claro,Simples,Curva,-22.17507,-42.84501,DEL04-RJ,Risco Médio,Alta
sexta-feira,BR-101,400.0,Plena Noite,Decrescente,Céu Claro,Dupla,Reta,-22.85105,-43.76677,DEL01-RJ,Risco Alto,Alta
sábado,BR-230,238.0,Plena Noite,Crescente,Céu Claro,Simples,Reta,-7.0543,-36.5494,DEL02-PB,Risco Médio,Baixa
sexta-feira,BR-381,502.0,Plena Noite,Crescente,Céu Claro,Dupla,Não Informado,-20.017,-44.22388,DEL04-MG,Risco Baixo,Alta
domingo,BR-476,122.0,Pleno dia,Decrescente,Chuva,Dupla,Reta,-25.39504,-49.21141,DEL01-PR,Risco Médio,Baixa
sexta-feira,BR-163,544.0,Pleno dia,Decrescente,Garoa/Chuvisco,Simples,Reta,-4.749229,-56.06443,DEL05-PA,Risco Médio,Alta
quinta-feira,BR-146,518.9,Pleno dia,Decrescente,Céu Claro,Simples,Reta,-21.80785,-46.48338,DEL09-MG,Risco Alto,Baixa
terça-feira,BR-324,537.3,Plena Noite,Decrescente,Chuva,Dupla,Curva,-12.3791,-38.80024,DEL01-BA,Risco Baixo,Baixa
quinta-feira,BR-101,1.3,Pleno dia,Crescente,Nublado,Dupla,Reta,-20.24488,-40.28264,DEL04-ES,Risco Médio,Alta
sexta-feira,BR-116,317.0,Plena Noite,Crescente,Nublado,Simples,Reta,-22.48912,-44.55503,DEL07-RJ,Risco Médio,Alta
domingo,BR-424,71.7,Plena Noite,Crescente,Céu Claro,Simples,Não Informado,-8.784275,-36.61322,DEL03-PE,Risco Alto,Baixa
domingo,BR-158,299.0,Pleno dia,Decrescente,Garoa/Chuvisco,Dupla,Rotatória,-20.95423,-51.83756,DEL07-MS,Risco Médio,Baixa
quinta-feira,BR-381,442.0,Pleno dia,Decrescente,Céu Claro,Simples,Curva,-19.8094,-43.7747,DEL01-MG,Risco Baixo,Alta
quarta-feira,BR-364,127.0,Pleno dia,Crescente,Céu Claro,Simples,Reta,-10.02453,-67.81876,DEL01-AC,Risco Médio,Alta
terça-feira,BR-406,169.0,Pleno dia,Decrescente,Céu Claro,Dupla,Curva,-5.760981,-35.29264,DEL02-RN,Risco Médio,Baixa
quarta-feira,BR-277,381.9,Pleno dia,Decrescente,Céu Claro,Simples,Reta,-25.42934,-51.79959,DEL03-PR,Risco Alto,Média
domingo,BR-251,248.4,Pleno dia,Crescente,Céu Claro,Simples,Reta,-15.98443,-41.82705,DEL11-MG,Risco Médio,Baixa
sexta-feira,BR-364,175.4,Amanhecer,Crescente,Sol,Simples,Não Informado,-16.632,-54.43957,DEL02-MT,Risco Médio,Alta
sexta-feira,BR-480,130.8,Pleno dia,Decrescente,Sol,Simples,Reta,-27.05534,-52.63652,DEL07-SC,Risco Médio,Baixa
sexta-feira,BR-230,310.0,Pleno dia,Crescente,Céu Claro,Simples,Reta,-6.765801,-43.00941,DEL03-PI,Risco Médio,Baixa
sexta-feira,BR-40,13.6,Pleno dia,Decrescente,Céu Claro,Dupla,Reta,-16.15183,-47.93916,DEL01-DF,Risco Médio,Alta
sábado,BR-364,387.0,Plena Noite,Crescente,Nublado,Dupla,Desvio Temporário,-17.32087,-53.21026,DEL05-GO,Risco Alto,Alta
sexta-feira,BR-356,75.0,Pleno dia,Decrescente,Céu Claro,Simples,Reta,-21.4214,-41.69076,DEL08-RJ,Risco Médio,Baixa
quarta-feira,BR-232,16.2,Pleno dia,Decrescente,Sol,Dupla,Reta,-8.094344,-35.03955,DEL01-PE,Risco Médio,Baixa
terça-feira,BR-116,446.8,Plena Noite,Decrescente,Nublado,Dupla,Reta,-24.51079,-47.85028,DEL05-SP,Risco Baixo,Alta
segunda-feira,BR-324,623.0,Anoitecer,Decrescente,Céu Claro,Dupla,Reta,-12.92629,-38.46839,DEL01-BA,Risco Médio,Baixa
domingo,BR-116,678.0,Pleno dia,Crescente,Céu Claro,Simples,Reta,-13.84885,-40.1138,DEL03-BA,Risco Médio,Alta
segunda-feira,BR-470,131.1,Pleno dia,Crescente,Céu Claro,Simples,Reta,-27.14978,-49.55641,DEL04-SC,Risco Médio,Baixa
sexta-feira,BR-163,172.2,Pleno dia,Crescente,Céu Claro,Simples,Não Informado,-22.86623,-54.61003,DEL09-MS,Risco Baixo,Alta
terça-feira,BR-101,188.0,Plena Noite,Crescente,Garoa/Chuvisco,Simples,Reta,-12.487,-38.94964,DEL01-BA,Risco Médio,Alta
domingo,BR-230,27.8,Pleno dia,Decrescente,Chuva,Dupla,Curva,-7.165672,-34.89757,DEL01-PB,Risco Médio,Baixa
segunda-feira,BR-116,269.0,Pleno dia,Decrescente,Céu Claro,Simples,Curva,-17.79509,-41.50201,DEL11-MG,Risco Médio,Alta
sábado,BR-116,3.0,Pleno dia,Crescente,Céu Claro,Simples,Interseção de vias,-14.82489,-40.86222,DEL08-BA,Risco Alto,Alta
sexta-feira,BR-392,65.5,Pleno dia,Crescente,Sol,Simples,Reta,-31.76521,-52.38192,DEL07-RS,Risco Baixo,Média
sexta-feira,BR-101,378.0,Plena Noite,Crescente,Céu Claro,Simples,Curva,-13.8503,-39.4972,DEL05-BA,Risco Alto,Alta
terça-feira,BR-364,265.0,Pleno dia,Decrescente,Sol,Simples,Reta,-16.00441,-54.92002,DEL02-MT,Risco Médio,Alta
sábado,BR-267,218.0,Plena Noite,Decrescente,Céu Claro,Simples,Não Informado,-21.93791,-44.21038,DEL05-MG,Risco Médio,Baixa
quarta-feira,BR-222,668.3,Plena Noite,Decrescente,Nublado,Simples,Não Informado,-4.907109,-47.4074,DEL04-MA,Risco Médio,Baixa
domingo,BR-282,582.0,Pleno dia,Crescente,Sol,Simples,Reta,-26.82668,-53.00262,DEL07-SC,Risco Baixo,Baixa
segunda-feira,BR-101,47.2,Pleno dia,Crescente,Chuva,Simples,Rotatória,-23.43336,-45.08563,DEL06-SP,Risco Médio,Alta
sábado,BR-116,13.0,Plena Noite,Crescente,Ignorado,Dupla,Reta,-25.378,-49.1555,DEL01-PR,Risco Médio,Alta
sábado,BR-381,73.0,Plena Noite,Decrescente,Chuva,Dupla,Curva,-23.36553,-46.55254,DEL03-SP,Risco Médio,Alta
domingo,BR-101,212.0,Plena Noite,Decrescente,Céu Claro,Dupla,Reta,-27.6372,-48.6651,DEL01-SC,Risco Médio,Alta
quinta-feira,BR-116,637.0,Plena Noite,Crescente,Chuva,Simples,Curva,-20.63146,-42.23128,DEL07-MG,Risco Médio,Alta
sábado,BR-282,525.9,Pleno dia,Crescente,Céu Claro,Simples,Curva,-26.96544,-52.56638,DEL07-SC,Risco Baixo,Baixa
segunda-feira,BR-153,47.0,Pleno dia,Decrescente,Céu Claro,Simples,Rotatória,-27.6426,-52.24496,DEL08-RS,Risco Médio,Alta
sábado,BR-376,148.0,Plena Noite,Crescente,Céu Claro,Dupla,Reta,-23.2924,-52.12693,DEL09-PR,Risco Médio,Baixa
segunda-feira,BR-50,205.0,Plena Noite,Decrescente,Céu Claro,Dupla,Reta,-19.92627,-47.82191,DEL13-MG,Risco Baixo,Média
quinta-feira,BR-232,136.0,Pleno dia,Decrescente,Céu Claro,Dupla,Não Informado,-8.313234,-36.04042,DEL02-PE,Risco Médio,Baixa
domingo,BR-101,144.0,Pleno dia,Decrescente,Céu Claro,Simples,Reta,-19.35188,-40.06367,DEL04-ES,Risco Médio,Alta
sábado,BR-232,58.5,Plena Noite,Crescente,Céu Claro,Dupla,Reta,-8.144629,-35.39035,DEL02-PE,Risco Médio,Baixa
domingo,BR-365,2.0,Pleno dia,Decrescente,Nublado,Simples,Reta,-16.77726,-43.88626,DEL12-MG,Risco Médio,Média
quarta-feira,BR-116,249.0,Pleno dia,Decrescente,Sol,Dupla,Reta,-29.781,-51.1588,DEL01-RS,Risco Médio,Alta
terça-feira,BR-376,593.5,Pleno dia,Decrescente,Céu Claro,Dupla,Reta,-25.48944,-49.34533,DEL01-PR,Risco Médio,Baixa
domingo,BR-101,590.0,Pleno dia,Crescente,Céu Claro,Simples,Reta,-23.3302,-44.7359,DEL03-RJ,Risco Baixo,Alta
sexta-feira,BR-116,530.1,Plena Noite,Decrescente,Céu Claro,Simples,Reta,-31.75908,-52.43688,DEL07-RS,Risco Baixo,Alta
terça-feira,BR-101,205.0,Plena Noite,Decrescente,Nublado,Múltipla,Reta,-27.592,-48.6181,DEL01-SC,Risco Médio,Alta
terça-feira,BR-406,40.0,Pleno dia,Crescente,Céu Claro,Simples,Reta,-5.274752,-36.31045,DEL02-RN,Risco Baixo,Baixa
segunda-feira,BR-290,289.7,Pleno dia,Crescente,Céu Claro,Simples,Reta,-30.27435,-53.10826,DEL02-RS,Risco Alto,Baixa
quarta-feira,BR-101,274.5,Pleno dia,Crescente,Céu Claro,Dupla,Curva,-20.20899,-40.31371,DEL02-ES,Risco Médio,Alta
terça-feira,BR-116,512.0,Pleno dia,Decrescente,Nublado,Dupla,Curva,-24.82283,-48.21006,DEL05-SP,Risco Baixo,Alta
terça-feira,BR-70,17.0,Pleno dia,Decrescente,Céu Claro,Dupla,Reta,-15.79413,-48.20209,DEL01-DF,Risco Médio,Baixa
segunda-feira,BR-116,107.4,Pleno dia,Crescente,Céu Claro,Dupla,Reta,-23.02046,-45.53368,DEL06-SP,Risco Baixo,Alta
segunda-feira,BR-40,71.9,Pleno dia,Crescente,Nublado,Simples,Não Informado,-17.40773,-46.72153,DEL14-MG,Risco Médio,Alta
quinta-feira,BR-282,526.6,Plena Noite,Crescente,Céu Claro,Simples,Reta,-26.97391,-52.58524,DEL07-SC,Risco Baixo,Baixa
quinta-feira,BR-116,545.0,Pleno dia,Decrescente,Garoa/Chuvisco,Dupla,Curva,-24.75687,-48.50514,DEL05-SP,Risco Médio,Alta
quinta-feira,BR-287,270.5,Plena Noite,Crescente,Céu Claro,Simples,Reta,-29.66709,-54.07395,DEL09-RS,Risco Médio,Baixa
quinta-feira,BR-101,209.0,Plena Noite,Crescente,Céu Claro,Dupla,Reta,-27.60643,-48.63538,DEL01-SC,Risco Alto,Alta
segunda-feira,BR-277,75.0,Pleno dia,Crescente,Nublado,Dupla,Reta,-25.5307,-49.1958,DEL01-PR,Risco Médio,Média
terça-feira,BR-262,34.9,Pleno dia,Decrescente,Sol,Simples,Reta,-20.25939,-42.0311,DEL06-MG,Risco Baixo,Média
quarta-feira,BR-116,2.0,Pleno dia,Decrescente,Céu Claro,Simples,Não Informado,-8.610391,-39.36626,DEL05-PE,Risco Alto,Alta
quarta-feira,BR-101,78.5,Pleno dia,Crescente,Sol,Dupla,Reta,-8.134965,-34.94739,DEL01-PE,Risco Médio,Alta
quarta-feira,BR-222,31.0,Pleno dia,Crescente,Céu Claro,Simples,Reta,-3.710199,-38.82872,DEL01-CE,Risco Médio,Baixa
terça-feira,BR-376,187.3,Pleno dia,Decrescente,Céu Claro,Dupla,Não Informado,-23.46141,-51.8366,DEL09-PR,Risco Médio,Baixa
domingo,BR-40,617.5,Plena Noite,Decrescente,Céu Claro,Simples,Reta,-20.56162,-43.81229,DEL05-MG,Risco Médio,Alta
segunda-feira,BR-153,1.0,Pleno dia,Crescente,Céu Claro,Simples,Reta,-12.84439,-49.10428,DEL07-GO,Risco Médio,Alta
quarta-feira,BR-376,669.3,Plena Noite,Crescente,Nublado,Dupla,Reta,-25.96025,-48.89997,DEL01-PR,Risco Baixo,Baixa
domingo,BR-174,501.0,Plena Noite,Decrescente,Céu Claro,Dupla,Interseção de vias,2.781689,-60.70383,DEL01-RR,Risco Baixo,Baixa
domingo,BR-163,716.6,Pleno dia,Crescente,Nublado,Simples,Reta,-12.8339,-55.82428,DEL06-MT,Risco Médio,Alta
sábado,BR-116,91.0,Plena Noite,Crescente,Garoa/Chuvisco,Simples,Reta,-26.64334,-50.26179,DEL06-SC,Risco Médio,Alta
domingo,BR-40,248.0,Plena Noite,Crescente,Chuva,Dupla,Não Informado,-18.11429,-45.45822,DEL14-MG,Risco Médio,Alta
quarta-feira,BR-267,181.9,Pleno dia,Decrescente,Céu Claro,Simples,Reta,-21.60857,-53.76903,DEL02-MS,Risco Baixo,Baixa
domingo,BR-116,144.0,Pleno dia,Decrescente,Céu Claro,Simples,Reta,-25.76406,-49.32116,DEL01-PR,Risco Médio,Alta
sábado,BR-40,2.0,Pleno dia,Crescente,Céu Claro,Dupla,Reta,-15.99435,-47.98595,DEL01-DF,Risco Médio,Alta
segunda-feira,BR-60,158.0,Pleno dia,Decrescente,Céu Claro,Simples,Curva,-19.40542,-53.7223,DEL06-MS,Risco Baixo,Média
domingo,BR-364,324.0,Pleno dia,Crescente,Sol,Dupla,Curva,-15.81141,-55.37933,DEL02-MT,Risco Baixo,Alta
quinta-feira,BR-40,139.9,Pleno dia,Crescente,Céu Claro,Dupla,Não Informado,-17.73571,-46.21099,DEL14-MG,Risco Médio,Alta
sexta-feira,BR-262,585.0,Pleno dia,Decrescente,Sol,Simples,Não Informado,-19.64882,-46.07129,DEL08-MG,Risco Médio,Média
domingo,BR-376,666.0,Pleno dia,Decrescente,Céu Claro,Dupla,Não Informado,-25.85793,-48.94979,DEL01-PR,Risco Médio,Baixa
segunda-feira,BR-365,546.0,Anoitecer,Decrescente,Garoa/Chuvisco,Simples,Reta,-18.93205,-47.64765,DEL10-MG,Risco Baixo,Média
quarta-feira,BR-116,280.4,Anoitecer,Decrescente,Nublado,Dupla,Reta,-23.64899,-46.8443,DEL04-SP,Risco Médio,Alta
segunda-feira,BR-376,510.1,Plena Noite,Crescente,Céu Claro,Dupla,Não Informado,-25.26173,-49.99977,DEL03-PR,Risco Médio,Baixa
sábado,BR-70,518.0,Plena Noite,Crescente,Céu Claro,Simples,Reta,-15.70204,-56.15936,DEL01-MT,Risco Médio,Baixa
terça-feira,BR-470,195.0,Plena Noite,Decrescente,Céu Claro,Simples,Curva,-29.05097,-51.58205,DEL06-RS,Risco Médio,Baixa
quarta-feira,BR-101,41.3,Plena Noite,Decrescente,Chuva,Dupla,Curva,-29.54915,-50.03324,DEL03-RS,Risco Médio,Alta
sábado,BR-101,368.5,Plena Noite,Decrescente,Céu Claro,Múltipla,Curva,-28.69573,-49.17347,DEL02-SC,Risco Médio,Alta
sábado,BR-163,190.6,Pleno dia,Crescente,Sol,Simples,Desvio Temporário,-22.78188,-54.76204,DEL09-MS,Risco Médio,Alta
sexta-feira,BR-60,88.5,Pleno dia,Crescente,Céu Claro,Dupla,Reta,-16.33492,-48.89384,DEL02-GO,Risco Médio,Média
domingo,BR-116,5.8,Anoitecer,Crescente,Nublado,Simples,Curva,-15.74852,-41.33174,DEL08-BA,Risco Alto,Alta
domingo,BR-158,248.7,Pleno dia,Decrescente,Céu Claro,Simples,Reta,-20.64162,-51.76953,DEL07-MS,Risco Baixo,Baixa
terça-feira,BR-277,592.9,Pleno dia,Crescente,Céu Claro,Dupla,Reta,-24.98286,-53.47319,DEL04-PR,Risco Médio,Média
segunda-feira,BR-163,532.0,Pleno dia,Crescente,Céu Claro,Simples,Não Informado,-14.4454,-56.12839,DEL01-MT,Risco Médio,Alta
domingo,BR-153,335.8,Pleno dia,Decrescente,Sol,Dupla,Reta,-22.89977,-49.88957,DEL07-SP,Risco Médio,Alta
sábado,BR-10,195.2,Plena Noite,Crescente,Céu Claro,Simples,Reta,-6.009688,-47.38298,DEL04-MA,Risco Baixo,Baixa
sexta-feira,BR-381,496.5,Plena Noite,Crescente,Céu Claro,Dupla,Não Informado,-19.99676,-44.20959,DEL01-MG,Risco Baixo,Alta
sábado,BR-101,57.3,Pleno dia,Decrescente,Céu Claro,Simples,Reta,-21.70489,-41.3098,DEL08-RJ,Risco Médio,Alta
domingo,BR-319,62.0,Plena Noite,Crescente,Chuva,Dupla,Não Informado,-8.75037,-63.88797,DEL01-RO,Risco Médio,Baixa
domingo,BR-369,190.8,Plena Noite,Crescente,Céu Claro,Dupla,Reta,-23.45825,-51.42368,DEL07-PR,Risco Médio,Baixa
domingo,BR-493,100.0,Pleno dia,Decrescente,Céu Claro,Dupla,Reta,-22.73501,-43.7197,DEL01-RJ,Risco Médio,Baixa
sábado,BR-290,62.3,Pleno dia,Decrescente,Céu Claro,Múltipla,Reta,-29.93209,-50.8773,DEL03-RS,Risco Médio,Baixa
domingo,BR-153,137.0,Plena Noite,Crescente,Céu Claro,Dupla,Reta,-7.146303,-48.20256,DEL02-TO,Risco Médio,Alta
quarta-feira,BR-364,548.0,Plena Noite,Decrescente,Céu Claro,Simples,Reta,-9.665881,-63.09523,DEL03-RO,Risco Médio,Alta
domingo,BR-104,146.0,Pleno dia,Crescente,Céu Claro,Simples,Reta,-7.431254,-35.89767,DEL02-PB,Risco Médio,Baixa
terça-feira,BR-40,758.9,Plena Noite,Decrescente,Céu Claro,Simples,Reta,-21.5115,-43.52599,DEL05-MG,Risco Alto,Alta
segunda-feira,BR-158,329.0,Pleno dia,Decrescente,Céu Claro,Simples,Reta,-29.70656,-53.8285,DEL09-RS,Risco Médio,Baixa
quinta-feira,BR-230,82.8,Pleno dia,Crescente,Céu Claro,Dupla,Curva,-7.1669,-35.3355,DEL01-PB,Risco Alto,Baixa
sábado,BR-277,588.5,Pleno dia,Decrescente,Céu Claro,Simples,Reta,-25.02817,-53.55983,DEL04-PR,Risco Médio,Média
quarta-feira,BR-280,50.6,Plena Noite,Decrescente,Céu Claro,Simples,Reta,-26.46392,-48.95142,DEL03-SC,Risco Médio,Baixa
sexta-feira,BR-116,219.0,Plena Noite,Decrescente,Céu Claro,Dupla,Interseção de vias,-23.46144,-46.48885,DEL01-SP,Risco Médio,Alta
sábado,BR-116,191.6,Plena Noite,Decrescente,Chuva,Dupla,Curva,-23.39331,-46.28561,DEL02-SP,Risco Médio,Alta
segunda-feira,BR-153,606.0,Plena Noite,Decrescente,Céu Claro,Simples,Reta,-11.14923,-48.92519,DEL01-TO,Risco Alto,Alta
domingo,BR-376,506.0,Plena Noite,Crescente,Nublado,Dupla,Não Informado,-25.2414,-50.02953,DEL03-PR,Risco Alto,Baixa
sexta-feira,BR-319,62.5,Pleno dia,Crescente,Céu Claro,Dupla,Reta,-8.763829,-63.88502,DEL01-RO,Risco Médio,Baixa
sábado,BR-280,28.5,Pleno dia,Crescente,Chuva,Simples,Reta,-26.4045,-48.74561,DEL03-SC,Risco Médio,Baixa
terça-feira,BR-435,84.0,Pleno dia,Decrescente,Céu Claro,Dupla,Reta,-13.11734,-60.52293,DEL04-RO,Risco Médio,Baixa
segunda-feira,BR-60,47.1,Pleno dia,Decrescente,Céu Claro,Dupla,Reta,-16.15165,-48.61078,DEL02-GO,Risco Baixo,Média
segunda-feira,BR-101,316.0,Plena Noite,Decrescente,Céu Claro,Dupla,Reta,-22.82836,-43.09209,DEL02-RJ,Risco Médio,Alta
sábado,BR-116,74.5,Plena Noite,Decrescente,Ignorado,Dupla,Interseção de vias,-22.87354,-45.2532,DEL08-SP,Risco Baixo,Alta
terça-feira,BR-116,98.0,Pleno dia,Decrescente,Chuva,Simples,Curva,-22.48286,-42.99724,DEL02-RJ,Risco Médio,Alta
segunda-feira,BR-406,166.0,Pleno dia,Decrescente,Céu Claro,Dupla,Não Informado,-5.74669,-35.3315,DEL02-RN,Risco Médio,Baixa
sábado,BR-381,375.0,Pleno dia,Decrescente,Sol,Simples,Não Informado,-19.83666,-43.33682,DEL01-MG,Risco Médio,Alta
segunda-feira,BR-60,88.5,Pleno dia,Decrescente,Céu Claro,Dupla,Reta,-16.3315,-48.8885,DEL02-GO,Risco Médio,Média
sexta-feira,BR-40,6.9,Pleno dia,Decrescente,Céu Claro,Dupla,Reta,-16.03778,-47.97956,DEL01-DF,Risco Médio,Alta
quinta-feira,BR-407,83.6,Plena Noite,Crescente,Céu Claro,Simples,Reta,-10.08726,-40.23298,DEL04-BA,Risco Alto,Baixa
quinta-feira,BR-101,117.9,Pleno dia,Decrescente,Céu Claro,Dupla,Reta,-6.007576,-35.25697,DEL01-RN,Risco Médio,Alta
segunda-feira,BR-232,172.2,Pleno dia,Decrescente,Céu Claro,Simples,Reta,-8.338549,-36.36013,DEL02-PE,Risco Médio,Baixa
sexta-feira,BR-393,262.0,Pleno dia,Crescente,Sol,Simples,Reta,-22.46663,-43.85829,DEL05-RJ,Risco Baixo,Média
quarta-feira,BR-316,68.0,Pleno dia,Crescente,Nublado,Simples,Reta,-1.292179,-47.82857,DEL01-PA,Risco Médio,Baixa
domingo,BR-116,254.0,Plena Noite,Crescente,Nublado,Múltipla,Reta,-29.82655,-51.17241,DEL01-RS,Risco Médio,Alta
terça-feira,BR-60,73.0,Plena Noite,Crescente,Céu Claro,Dupla,Não Informado,-16.27566,-48.77764,DEL02-GO,Risco Médio,Média
quarta-feira,BR-158,149.0,Amanhecer,Decrescente,Céu Claro,Simples,Não Informado,-16.89832,-51.79684,DEL04-GO,Risco Médio,Baixa
terça-feira,BR-282,553.3,Pleno dia,Decrescente,Céu Claro,Simples,Não Informado,-26.93815,-52.79192,DEL07-SC,Risco Médio,Baixa
quinta-feira,BR-381,50.0,Pleno dia,Crescente,Céu Claro,Múltipla,Reta,-23.2136,-46.59368,DEL03-SP,Risco Médio,Alta
sexta-feira,BR-277,386.8,Pleno dia,Decrescente,Céu Claro,Simples,Não Informado,-25.44259,-51.84614,DEL03-PR,Risco Alto,Média
sábado,BR-393,279.9,Plena Noite,Crescente,Céu Claro,Simples,Reta,-22.47684,-44.0484,DEL05-RJ,Risco Médio,Média
domingo,BR-20,144.0,Pleno dia,Decrescente,Chuva,Simples,Curva,-12.68246,-45.93169,DEL10-BA,Risco Médio,Baixa
quarta-feira,BR-135,164.0,Plena Noite,Crescente,Céu Claro,Simples,Reta,-12.04674,-44.9626,DEL10-BA,Risco Alto,Baixa
sábado,BR-259,57.0,Pleno dia,Decrescente,Céu Claro,Simples,Reta,-19.50866,-40.65581,DEL02-ES,Risco Médio,Baixa
quarta-feira,BR-381,85.0,Plena Noite,Decrescente,Céu Claro,Múltipla,Reta,-23.44934,-46.56984,DEL03-SP,Risco Médio,Alta
terça-feira,BR-70,1.0,Amanhecer,Decrescente,Céu Claro,Dupla,Não Informado,-15.77579,-48.23259,DEL01-DF,Risco Médio,Baixa
sábado,BR-381,441.9,Pleno dia,Crescente,Chuva,Simples,Curva,-19.8094,-43.77402,DEL01-MG,Risco Médio,Alta
segunda-feira,BR-316,10.0,Amanhecer,Crescente,Céu Claro,Simples,Reta,-5.182802,-42.7635,DEL01-PI,Risco Médio,Baixa
quinta-feira,BR-235,47.0,Pleno dia,Decrescente,Céu Claro,Simples,Reta,-10.73189,-37.41134,DEL01-SE,Risco Médio,Baixa
domingo,BR-163,166.6,Plena Noite,Crescente,Nevoeiro/Neblina,Simples,Reta,-25.26478,-53.57375,DEL04-PR,Risco Baixo,Alta
sábado,BR-70,76.0,Plena Noite,Crescente,Nublado,Simples,Curva,-15.6696,-52.8014,DEL07-MT,Risco Médio,Baixa
domingo,BR-277,591.0,Pleno dia,Decrescente,Céu Claro,Simples,Reta,-24.98374,-53.37238,DEL04-PR,Risco Médio,Média
sábado,BR-101,265.0,Pleno dia,Crescente,Chuva,Dupla,Curva,-22.7135,-42.6439,DEL02-RJ,Risco Médio,Alta
terça-feira,BR-153,496.0,Pleno dia,Decrescente,Céu Claro,Simples,Desvio Temporário,-10.16528,-48.88095,DEL01-TO,Risco Médio,Alta
terça-feira,BR-10,227.5,Pleno dia,Decrescente,Sol,Simples,Curva,-2.441984,-47.50928,DEL02-PA,Risco Médio,Baixa
segunda-feira,BR-101,112.1,Pleno dia,Decrescente,Chuva,Dupla,Reta,-26.84552,-48.72077,DEL04-SC,Risco Baixo,Alta
sábado,BR-386,337.9,Pleno dia,Crescente,Sol,Simples,Curva,-29.41282,-52.02625,DEL04-RS,Risco Médio,Média
sexta-feira,BR-135,257.9,Plena Noite,Decrescente,Nublado,Simples,Reta,-4.631521,-44.33839,DEL03-MA,Risco Alto,Baixa
terça-feira,BR-267,379.0,Pleno dia,Decrescente,Céu Claro,Simples,Reta,-21.64754,-55.30689,DEL05-MS,Risco Médio,Baixa
sábado,BR-356,41.7,Pleno dia,Crescente,Céu Claro,Simples,Curva,-21.21473,-41.83389,DEL08-RJ,Risco Médio,Baixa
quarta-feira,BR-60,99.6,Plena Noite,Crescente,Céu Claro,Dupla,Rotatória,-16.3924,-48.9588,DEL02-GO,Risco Médio,Média
domingo,BR-285,455.4,Plena Noite,Crescente,Céu Claro,Simples,Interseção de vias,-28.38483,-53.88778,DEL10-RS,Risco Médio,Baixa
terça-feira,BR-381,776.0,Pleno dia,Crescente,Céu Claro,Dupla,Curva,-21.81544,-45.49239,DEL16-MG,Risco Médio,Alta