dia_semana,br,km,fase_dia,sentido_via,condicao_metereologica,tipo_pista,tracado_via,latitude,longitude,delegacia,classificacao_acidente,postos_policiais_PRF
quinta-feira,BR-101,137.0,Plena Noite,Crescente,Céu Claro,Dupla,Reta,-27.01572,-48.61193,DEL04-SC,Risco Médio,Alta
sábado,BR-163,71.0,Plena Noite,Decrescente,Céu Claro,Dupla,Não Informado,-26.72547,-53.51331,DEL07-SC,Risco Baixo,Alta
sexta-feira,BR-101,205.1,Pleno dia,Crescente,Céu Claro,Múltipla,Reta,-27.58313,-48.61533,DEL01-SC,Risco Baixo,Alta
sábado,BR-101,753.2,Plena Noite,Decrescente,Céu Claro,Simples,Reta,-16.6266,-39.52591,DEL09-BA,Risco Médio,Alta
sábado,BR-153,81.0,Pleno dia,Crescente,Céu Claro,Simples,Curva,-27.12063,-51.92287,DEL07-SC,Risco Médio,Alta
quarta-feira,BR-356,268.0,Plena Noite,Crescente,Céu Claro,Simples,Reta,-21.12733,-42.34447,DEL07-MG,Risco Médio,Baixa
sexta-feira,BR-116,167.0,Plena Noite,Crescente,Chuva,Dupla,Reta,-22.81804,-43.30787,DEL01-RJ,Risco Médio,Alta
quarta-feira,BR-405,2.7,Amanhecer,Crescente,Céu Claro,Simples,Curva,-5.192827,-37.37112,DEL04-RN,Risco Alto,Baixa
sexta-feira,BR-470,179.9,Plena Noite,Decrescente,Céu Claro,Simples,Reta,-27.24791,-49.97716,DEL04-SC,Risco Médio,Baixa
quarta-feira,BR-376,599.0,Pleno dia,Decrescente,Nublado,Dupla,Não Informado,-25.51333,-49.33774,DEL01-PR,Risco Médio,Baixa
segunda-feira,BR-101,206.0,Anoitecer,Crescente,Céu Claro,Múltipla,Reta,-27.59194,-48.61825,DEL01-SC,Risco Médio,Alta
terça-feira,BR-386,304.0,Plena Noite,Decrescente,Chuva,Simples,Reta,-29.17861,-52.195,DEL04-RS,Risco Baixo,Média
sábado,BR-135,4.0,Pleno dia,Crescente,Céu Claro,Dupla,Reta,-2.614249,-44.25257,DEL01-MA,Risco Baixo,Baixa
quarta-feira,BR-101,213.9,Plena Noite,Crescente,Chuva,Múltipla,Reta,-27.652,-48.676,DEL01-SC,Risco Médio,Alta
domingo,BR-101,195.4,Pleno dia,Decrescente,Céu Claro,Dupla,Reta,-27.50471,-48.65011,DEL01-SC,Risco Médio,Alta
domingo,BR-324,368.0,Pleno dia,Decrescente,Céu Claro,Simples,Reta,-11.42119,-39.89928,DEL04-BA,Risco Médio,Baixa
quinta-feira,BR-163,124.6,Plena Noite,Decrescente,Céu Claro,Simples,Não Informado,-25.5996,-53.58644,DEL02-PR,Risco Médio,Alta
sexta-feira,BR-230,397.0,Pleno dia,Decrescente,Céu Claro,Simples,Reta,-6.8447,-37.7473,DEL03-PB,Risco Médio,Baixa
segunda-feira,BR-222,4.7,Pleno dia,Decrescente,Céu Claro,Dupla,Reta,-3.742622,-38.6115,DEL01-CE,Risco Médio,Baixa
sexta-feira,BR-40,2.8,Plena Noite,Crescente,Céu Claro,Simples,Reta,-16.06713,-47.98423,DEL01-DF,Risco Médio,Alta
sexta-feira,BR-101,411.0,Pleno dia,Decrescente,Céu Claro,Dupla,Reta,-28.93523,-49.51838,DEL02-SC,Risco Médio,Alta
domingo,BR-101,53.8,Pleno dia,Crescente,Garoa/Chuvisco,Dupla,Não Informado,-26.40231,-48.8397,DEL03-SC,Risco Médio,Alta
sexta-feira,BR-277,114.0,Plena Noite,Decrescente,Nublado,Dupla,Reta,-25.44607,-49.49372,DEL01-PR,Risco Médio,Média
domingo,BR-324,2.3,Plena Noite,Decrescente,Céu Claro,Dupla,Reta,-12.28563,-38.95319,DEL02-BA,Risco Baixo,Baixa
quarta-feira,BR-376,229.2,Plena Noite,Decrescente,Céu Claro,Dupla,Reta,-23.56479,-51.54244,DEL07-PR,Risco Alto,Baixa
terça-feira,BR-262,477.7,Plena Noite,Decrescente,Céu Claro,Simples,Interseção de vias,-19.78873,-45.22074,DEL08-MG,Risco Médio,Média
domingo,BR-40,124.0,Plena Noite,Crescente,Céu Claro,Múltipla,Reta,-22.80795,-43.28912,DEL01-RJ,Risco Médio,Alta
domingo,BR-393,2.5,Pleno dia,Crescente,Céu Claro,Simples,Reta,-20.83242,-41.17491,DEL03-ES,Risco Médio,Média
quarta-feira,BR-153,64.0,Pleno dia,Crescente,Céu Claro,Dupla,Curva,-20.82912,-49.36109,DEL09-SP,Risco Baixo,Alta
sábado,BR-104,59.7,Plena Noite,Decrescente,Céu Claro,Dupla,Reta,-8.2349,-35.9764,DEL02-PE,Risco Baixo,Baixa
terça-feira,BR-365,460.0,Pleno dia,Decrescente,Céu Claro,Simples,Não Informado,-18.87023,-46.90166,DEL10-MG,Risco Médio,Média
sexta-feira,BR-376,175.0,Pleno dia,Crescente,Céu Claro,Dupla,Reta,-23.41391,-51.94795,DEL07-PR,Risco Médio,Baixa
sexta-feira,BR-116,375.5,Plena Noite,Crescente,Céu Claro,Simples,Reta,-6.395125,-38.83102,DEL05-CE,Risco Médio,Alta
segunda-feira,BR-459,102.2,Plena Noite,Crescente,Céu Claro,Dupla,Reta,-22.22661,-45.91014,DEL16-MG,Risco Médio,Baixa
sábado,BR-376,170.8,Plena Noite,Crescente,Céu Claro,Dupla,Interseção de vias,-23.41025,-51.98741,DEL07-PR,Risco Médio,Baixa
sexta-feira,BR-364,405.0,Pleno dia,Decrescente,Céu Claro,Dupla,Retorno Regulamentado,-15.64172,-56.02004,DEL02-MT,Risco Baixo,Alta
sábado,BR-280,52.0,Plena Noite,Decrescente,Céu Claro,Dupla,Reta,-26.4754,-48.98375,DEL03-SC,Risco Médio,Baixa
sábado,BR-101,195.8,Pleno dia,Decrescente,Céu Claro,Múltipla,Reta,-27.50965,-48.64431,DEL01-SC,Risco Médio,Alta
segunda-feira,BR-116,394.2,Pleno dia,Decrescente,Céu Claro,Simples,Curva,-6.528917,-38.86146,DEL05-CE,Risco Médio,Alta
quinta-feira,BR-414,437.7,Pleno dia,Decrescente,Céu Claro,Simples,Reta,-16.26365,-48.93824,DEL02-GO,Risco Médio,Baixa
segunda-feira,BR-277,342.0,Pleno dia,Decrescente,Céu Claro,Dupla,Reta,-25.34328,-51.41077,DEL08-PR,Risco Médio,Média
sábado,BR-343,178.0,Amanhecer,Decrescente,Céu Claro,Simples,Curva,-4.22699,-41.77135,DEL02-PI,Risco Médio,Baixa
quarta-feira,BR-158,118.0,Anoitecer,Decrescente,Nublado,Simples,Reta,-16.60191,-51.73078,DEL04-GO,Risco Médio,Baixa
segunda-feira,BR-392,303.0,Pleno dia,Crescente,Céu Claro,Simples,Reta,-30.11985,-53.61779,DEL09-RS,Risco Médio,Média
quinta-feira,BR-262,574.0,Plena Noite,Decrescente,Céu Claro,Simples,Reta,-19.69878,-46.02908,DEL08-MG,Risco Alto,Média
domingo,BR-364,686.0,Plena Noite,Crescente,Nublado,Simples,Rotatória,-14.16426,-57.11065,DEL01-MT,Risco Médio,Alta
terça-feira,BR-101,219.0,Plena Noite,Crescente,Chuva,Dupla,Reta,-27.68392,-48.6671,DEL01-SC,Risco Médio,Alta
domingo,BR-101,130.0,Plena Noite,Decrescente,Céu Claro,Dupla,Reta,-26.9907,-48.6629,DEL04-SC,Risco Baixo,Alta
sexta-feira,BR-60,97.0,Pleno dia,Decrescente,Chuva,Dupla,Reta,-16.3774,-48.9483,DEL02-GO,Risco Médio,Média
terça-feira,BR-316,7.7,Pleno dia,Decrescente,Sol,Dupla,Reta,-1.368226,-48.37801,DEL01-PA,Risco Baixo,Baixa
terça-feira,BR-282,341.6,Pleno dia,Decrescente,Céu Claro,Simples,Não Informado,-27.38962,-51.21203,DEL07-SC,Risco Médio,Baixa
quarta-feira,BR-381,89.0,Plena Noite,Decrescente,Nublado,Múltipla,Não Informado,-23.48469,-46.55983,DEL03-SP,Risco Médio,Alta
segunda-feira,BR-277,644.5,Pleno dia,Crescente,Céu Claro,Simples,Não Informado,-25.17363,-53.88603,DEL05-PR,Risco Médio,Média
segunda-feira,BR-116,149.0,Plena Noite,Decrescente,Céu Claro,Dupla,Reta,-23.2062,-45.885,DEL02-SP,Risco Baixo,Alta
quinta-feira,BR-101,296.0,Plena Noite,Crescente,Garoa/Chuvisco,Múltipla,Curva,-20.34355,-40.40708,DEL01-ES,Risco Baixo,Alta
quinta-feira,BR-101,397.0,Pleno dia,Crescente,Chuva,Dupla,Não Informado,-28.83304,-49.41661,DEL02-SC,Risco Médio,Alta
sexta-feira,BR-376,614.0,Pleno dia,Decrescente,Nublado,Dupla,Não Informado,-25.57084,-49.19356,DEL01-PR,Risco Médio,Baixa
domingo,BR-226,222.4,Plena Noite,Crescente,Chuva,Simples,Reta,-6.132799,-36.84939,DEL03-RN,Risco Médio,Baixa
domingo,BR-376,160.3,Anoitecer,Crescente,Céu Claro,Dupla,Não Informado,-23.36838,-52.06573,DEL09-PR,Risco Médio,Baixa
segunda-feira,BR-230,120.0,Anoitecer,Crescente,Céu Claro,Múltipla,Retorno Regulamentado,-5.3544,-49.1218,DEL03-PA,Risco Baixo,Baixa
quinta-feira,BR-116,13.0,Pleno dia,Crescente,Sol,Dupla,Reta,-25.37836,-49.156,DEL01-PR,Risco Baixo,Alta
segunda-feira,BR-101,122.8,Pleno dia,Crescente,Chuva,Dupla,Curva,-7.450382,-34.97994,DEL01-PB,Risco Baixo,Alta
quinta-feira,BR-101,576.0,Anoitecer,Crescente,Céu Claro,Simples,Reta,-23.22815,-44.72675,DEL03-RJ,Risco Médio,Alta
quarta-feira,BR-290,86.3,Plena Noite,Crescente,Céu Claro,Dupla,Interseção de vias,-29.96802,-51.11965,DEL01-RS,Risco Médio,Baixa
sábado,BR-163,1002.0,Plena Noite,Crescente,Céu Claro,Simples,Interseção de vias,-2.455776,-54.72854,DEL05-PA,Risco Médio,Alta
quarta-feira,BR-343,0.4,Pleno dia,Crescente,Sol,Múltipla,Reta,-5.079119,-42.75372,DEL05-PI,Risco Baixo,Baixa
sexta-feira,BR-405,3.0,Pleno dia,Crescente,Chuva,Simples,Reta,-5.193865,-37.38053,DEL04-RN,Risco Médio,Baixa
sábado,BR-153,98.5,Plena Noite,Crescente,Nublado,Simples,Não Informado,-20.99185,-49.62327,DEL09-SP,Risco Médio,Alta
sexta-feira,BR-163,262.0,Pleno dia,Decrescente,Céu Claro,Dupla,Reta,-22.21093,-54.71329,DEL04-MS,Risco Médio,Alta
domingo,BR-163,171.3,Pleno dia,Crescente,Céu Claro,Simples,Curva,-22.87126,-54.60236,DEL09-MS,Risco Médio,Alta
quarta-feira,BR-324,2.0,Plena Noite,Decrescente,Céu Claro,Dupla,Reta,-12.28457,-38.94979,DEL02-BA,Risco Médio,Baixa
segunda-feira,BR-262,6.3,Pleno dia,Crescente,Céu Claro,Múltipla,Interseção de vias,-20.34221,-40.39737,DEL01-ES,Risco Médio,Média
domingo,BR-158,92.0,Pleno dia,Decrescente,Chuva,Dupla,Reta,-19.66297,-51.19853,DEL08-MS,Risco Médio,Baixa
sábado,BR-101,217.0,Pleno dia,Crescente,Céu Claro,Múltipla,Reta,-27.6684,-48.6738,DEL01-SC,Risco Baixo,Alta
segunda-feira,BR-376,355.0,Plena Noite,Decrescente,Ignorado,Simples,Reta,-24.25088,-50.90421,DEL03-PR,Risco Médio,Baixa
sábado,BR-101,289.8,Plena Noite,Decrescente,Céu Claro,Dupla,Não Informado,-28.27954,-48.70084,DEL02-SC,Risco Médio,Alta
terça-feira,BR-369,159.8,Plena Noite,Crescente,Céu Claro,Dupla,Não Informado,-23.28212,-51.25223,DEL07-PR,Risco Baixo,Baixa
segunda-feira,BR-369,40.0,Plena Noite,Crescente,Céu Claro,Simples,Interseção de vias,-23.05822,-50.24828,DEL07-PR,Risco Alto,Baixa
segunda-feira,BR-101,198.8,Plena Noite,Decrescente,Nublado,Dupla,Reta,-27.53257,-48.63111,DEL01-SC,Risco Médio,Alta
domingo,BR-262,539.4,Anoitecer,Decrescente,Céu Claro,Simples,Não Informado,-19.73968,-45.84902,DEL08-MG,Risco Alto,Média
quinta-feira,BR-277,586.0,Plena Noite,Decrescente,Céu Claro,Simples,Interseção de vias,-25.02817,-53.55983,DEL04-PR,Risco Médio,Média
domingo,BR-282,17.9,Plena Noite,Crescente,Garoa/Chuvisco,Simples,Não Informado,-27.66571,-48.68807,DEL01-SC,Risco Médio,Baixa
domingo,BR-20,172.0,Plena Noite,Decrescente,Céu Claro,Simples,Não Informado,-5.320442,-39.92405,DEL02-CE,Risco Alto,Baixa
segunda-feira,BR-386,240.5,Pleno dia,Crescente,Sol,Simples,Não Informado,-28.78476,-52.5299,DEL04-RS,Risco Baixo,Média
quinta-feira,BR-116,275.9,Plena Noite,Decrescente,Nublado,Simples,Reta,-22.56207,-44.15671,DEL07-RJ,Risco Médio,Alta
sexta-feira,BR-493,16.0,Pleno dia,Crescente,Céu Claro,Simples,Reta,-22.66435,-43.00015,DEL02-RJ,Risco Médio,Baixa
domingo,BR-469,1.5,Pleno dia,Decrescente,Céu Claro,Simples,Curva,-25.57769,-54.55635,DEL05-PR,Risco Médio,Baixa
quarta-feira,BR-381,503.0,Pleno dia,Decrescente,Céu Claro,Múltipla,Reta,-20.02239,-44.22958,DEL01-MG,Risco Médio,Alta
sábado,BR-232,350.7,Pleno dia,Decrescente,Céu Claro,Simples,Reta,-8.078335,-37.78991,DEL03-PE,Risco Baixo,Baixa
sábado,BR-116,227.0,Pleno dia,Crescente,Céu Claro,Múltipla,Reta,-23.49659,-46.55649,DEL01-SP,Risco Médio,Alta
segunda-feira,BR-262,49.9,Pleno dia,Crescente,Céu Claro,Simples,Reta,-20.24782,-42.12958,DEL06-MG,Risco Médio,Média
terça-feira,BR-277,33.7,Plena Noite,Decrescente,Céu Claro,Dupla,Reta,-25.54737,-48.79056,DEL01-PR,Risco Médio,Média
quarta-feira,BR-232,412.5,Pleno dia,Decrescente,Nublado,Simples,Reta,-7.983779,-38.32088,DEL04-PE,Risco Baixo,Baixa
sexta-feira,BR-277,11.5,Pleno dia,Decrescente,Ignorado,Dupla,Reta,-25.56426,-48.63313,DEL01-PR,Risco Baixo,Média
domingo,BR-376,651.0,Plena Noite,Decrescente,Céu Claro,Dupla,Retorno Regulamentado,-25.84661,-49.06513,DEL01-PR,Risco Médio,Baixa
segunda-feira,BR-277,79.0,Pleno dia,Crescente,Céu Claro,Dupla,Reta,-25.4777,-49.20385,DEL01-PR,Risco Médio,Média
sexta-feira,BR-376,159.5,Plena Noite,Crescente,Ignorado,Dupla,Curva,-23.36498,-52.07632,DEL09-PR,Risco Médio,Baixa
quinta-feira,BR-153,200.0,Pleno dia,Decrescente,Céu Claro,Simples,Curva,-14.51306,-49.14928,DEL07-GO,Risco Médio,Alta
domingo,BR-155,330.0,Pleno dia,Crescente,Céu Claro,Simples,Reta,-5.486335,-49.07554,DEL03-PA,Risco Médio,Baixa
quarta-feira,BR-316,469.0,Pleno dia,Decrescente,Chuva,Simples,Reta,-4.562772,-43.98892,DEL03-MA,Risco Médio,Baixa
quinta-feira,BR-290,96.0,Pleno dia,Crescente,Céu Claro,Dupla,Curva,-29.99211,-51.20452,DEL01-RS,Risco Médio,Baixa
sexta-feira,BR-376,410.8,Plena Noite,Crescente,Céu Claro,Dupla,Reta,-24.66459,-50.60469,DEL03-PR,Risco Baixo,Baixa
quinta-feira,BR-163,749.9,Plena Noite,Decrescente,Céu Claro,Dupla,Reta,-12.59477,-55.7436,DEL06-MT,Risco Médio,Alta
sábado,BR-116,210.0,Plena Noite,Decrescente,Vento,Múltipla,Reta,-23.4287,-46.41086,DEL01-SP,Risco Médio,Alta
quinta-feira,BR-101,65.9,Pleno dia,Decrescente,Céu Claro,Múltipla,Reta,-8.033992,-34.94172,DEL01-PE,Risco Médio,Alta
terça-feira,BR-101,58.0,Plena Noite,Crescente,Céu Claro,Simples,Curva,-9.280774,-35.79989,DEL01-AL,Risco Médio,Alta
sexta-feira,BR-470,122.6,Pleno dia,Crescente,Garoa/Chuvisco,Simples,Curva,-27.09989,-49.52768,DEL04-SC,Risco Médio,Baixa
sábado,BR-364,709.0,Plena Noite,Crescente,Céu Claro,Simples,Reta,-8.790938,-63.84896,DEL01-RO,Risco Médio,Alta
sexta-feira,BR-406,163.0,Plena Noite,Decrescente,Céu Claro,Simples,Reta,-5.738164,-35.35319,DEL02-RN,Risco Médio,Baixa
sexta-feira,BR-232,506.7,Pleno dia,Crescente,Céu Claro,Simples,Curva,-8.060642,-39.11325,DEL05-PE,Risco Médio,Baixa
terça-feira,BR-319,59.0,Plena Noite,Decrescente,Céu Claro,Simples,Reta,-8.766685,-63.88405,DEL01-RO,Risco Médio,Baixa
quarta-feira,BR-304,51.0,Plena Noite,Crescente,Céu Claro,Simples,Reta,-5.252262,-37.30878,DEL04-RN,Risco Médio,Baixa
sábado,BR-472,573.0,Plena Noite,Crescente,Céu Claro,Simples,Reta,-29.76453,-57.04204,DEL13-RS,Risco Médio,Baixa
sexta-feira,BR-116,81.9,Plena Noite,Crescente,Céu Claro,Simples,Reta,-22.39843,-42.95508,DEL04-RJ,Risco Médio,Alta
quarta-feira,BR-10,244.2,Anoitecer,Crescente,Nublado,Simples,Reta,-5.596112,-47.42886,DEL04-MA,Risco Médio,Baixa
quarta-feira,BR-101,93.4,Plena Noite,Crescente,Ignorado,Simples,Reta,-8.247816,-34.99997,DEL01-PE,Risco Médio,Alta
sábado,BR-367,80.0,Pleno dia,Crescente,Céu Claro,Simples,Interseção de vias,-16.3697,-39.5425,DEL09-BA,Risco Médio,Baixa
quinta-feira,BR-316,52.0,Pleno dia,Crescente,Céu Claro,Dupla,Reta,-1.307325,-48.02587,DEL01-PA,Risco Médio,Baixa
quarta-feira,BR-158,100.7,Amanhecer,Crescente,Céu Claro,Simples,Não Informado,-26.8886,-53.1779,DEL07-SC,Risco Médio,Baixa
sábado,BR-376,435.0,Plena Noite,Crescente,Nevoeiro/Neblina,Dupla,Reta,-24.78221,-50.51394,DEL03-PR,Risco Baixo,Baixa
quarta-feira,BR-277,525.3,Plena Noite,Crescente,Céu Claro,Simples,Não Informado,-25.11018,-52.85168,DEL04-PR,Risco Médio,Média
terça-feira,BR-174,14.5,Pleno dia,Decrescente,Céu Claro,Dupla,Interseção de vias,-12.73111,-60.12972,DEL04-RO,Risco Médio,Baixa
sábado,BR-316,39.0,Anoitecer,Decrescente,Céu Claro,Dupla,Reta,-1.281417,-48.1312,DEL01-PA,Risco Médio,Baixa
quarta-feira,BR-280,30.1,Plena Noite,Crescente,Céu Claro,Simples,Reta,-26.4147,-48.76449,DEL03-SC,Risco Médio,Baixa
sábado,BR-230,682.0,Plena Noite,Crescente,Nublado,Simples,Reta,-3.281522,-52.44515,DEL04-PA,Risco Médio,Baixa
segunda-feira,BR-153,129.8,Plena Noite,Crescente,Céu Claro,Simples,Reta,-19.48325,-48.86289,DEL15-MG,Risco Médio,Alta
sexta-feira,BR-242,367.0,Amanhecer,Crescente,Garoa/Chuvisco,Simples,Curva,-12.47071,-41.44733,DEL06-BA,Risco Médio,Baixa
quarta-feira,BR-428,187.9,Pleno dia,Decrescente,Sol,Simples,Curva,-9.374851,-40.48771,DEL06-PE,Risco Médio,Baixa
sexta-feira,BR-116,287.0,Plena Noite,Crescente,Céu Claro,Dupla,Reta,-23.71442,-46.8793,DEL04-SP,Risco Médio,Alta
quinta-feira,BR-365,778.8,Plena Noite,Crescente,Céu Claro,Simples,Reta,-18.95778,-49.69868,DEL15-MG,Risco Médio,Média
segunda-feira,BR-393,136.0,Plena Noite,Crescente,Céu Claro,Simples,Reta,-21.99441,-42.91351,DEL04-RJ,Risco Baixo,Média
quarta-feira,BR-10,248.5,Pleno dia,Crescente,Sol,Simples,Reta,-5.566143,-47.44903,DEL04-MA,Risco Médio,Baixa
quinta-feira,BR-50,193.0,Pleno dia,Crescente,Céu Claro,Dupla,Não Informado,-19.87966,-47.85365,DEL13-MG,Risco Médio,Média
quinta-feira,BR-277,79.0,Pleno dia,Decrescente,Chuva,Dupla,Reta,-25.47788,-49.20418,DEL01-PR,Risco Médio,Média
terça-feira,BR-316,4.5,Pleno dia,Crescente,Céu Claro,Múltipla,Reta,-5.141489,-42.78224,DEL01-PI,Risco Alto,Baixa
domingo,BR-277,649.0,Amanhecer,Decrescente,Nevoeiro/Neblina,Simples,Reta,-25.18405,-53.93054,DEL05-PR,Risco Baixo,Média
sexta-feira,BR-364,125.0,Plena Noite,Decrescente,Garoa/Chuvisco,Dupla,Curva,-10.0125,-67.7995,DEL01-AC,Risco Médio,Alta
segunda-feira,BR-116,59.5,Pleno dia,Crescente,Chuva,Simples,Reta,-4.172899,-38.46087,DEL03-CE,Risco Baixo,Alta
terça-feira,BR-381,655.0,Plena Noite,Crescente,Céu Claro,Dupla,Não Informado,-21.00074,-44.96766,DEL04-MG,Risco Médio,Alta
terça-feira,BR-101,0.7,Pleno dia,Crescente,Nublado,Dupla,Reta,-20.12909,-40.30812,DEL02-ES,Risco Médio,Alta
quinta-feira,BR-393,282.0,Plena Noite,Crescente,Nublado,Simples,Reta,-22.4798,-44.063,DEL05-RJ,Risco Alto,Média
sábado,BR-50,145.9,Pleno dia,Crescente,Céu Claro,Dupla,Não Informado,-17.1301,-47.7224,DEL06-GO,Risco Médio,Média
segunda-feira,BR-101,70.1,Pleno dia,Decrescente,Céu Claro,Dupla,Reta,-7.064601,-35.01136,DEL01-PB,Risco Médio,Alta
segunda-feira,BR-101,39.7,Pleno dia,Crescente,Chuva,Simples,Reta,-23.4137,-45.02666,DEL06-SP,Risco Médio,Alta
sábado,BR-153,699.0,Plena Noite,Crescente,Céu Claro,Dupla,Reta,-18.3862,-49.2076,DEL03-GO,Risco Médio,Alta
segunda-feira,BR-60,164.0,Anoitecer,Decrescente,Céu Claro,Simples,Reta,-16.7036,-49.342,DEL01-GO,Risco Médio,Média
domingo,BR-277,10.0,Pleno dia,Crescente,Céu Claro,Simples,Rotatória,-25.5682,-48.61529,DEL01-PR,Risco Médio,Média
segunda-feira,BR-277,12.4,Pleno dia,Crescente,Céu Claro,Dupla,Reta,-25.55433,-48.66046,DEL01-PR,Risco Baixo,Média
sexta-feira,BR-365,470.0,Pleno dia,Decrescente,Céu Claro,Dupla,Rotatória,-18.92272,-46.99069,DEL10-MG,Risco Médio,Média
segunda-feira,BR-101,70.0,Plena Noite,Crescente,Céu Claro,Simples,Não Informado,-10.7356,-37.08768,DEL01-SE,Risco Baixo,Alta
quarta-feira,BR-101,43.0,Plena Noite,Decrescente,Vento,Múltipla,Desvio Temporário,-7.847538,-34.90977,DEL01-PE,Risco Médio,Alta
sábado,BR-469,13.0,Plena Noite,Decrescente,Céu Claro,Simples,Interseção de vias,-25.5754,-54.5489,DEL05-PR,Risco Baixo,Baixa
sábado,BR-116,174.4,Plena Noite,Decrescente,Nublado,Simples,Curva,-27.9964,-50.53014,DEL05-SC,Risco Médio,Alta
sexta-feira,BR-386,424.0,Plena Noite,Crescente,Céu Claro,Dupla,Reta,-29.8189,-51.37791,DEL04-RS,Risco Baixo,Média
segunda-feira,BR-232,340.0,Pleno dia,Crescente,Nublado,Simples,Reta,-8.0864,-37.6965,DEL03-PE,Risco Alto,Baixa
quinta-feira,BR-476,136.0,Plena Noite,Crescente,Garoa/Chuvisco,Múltipla,Reta,-25.49597,-49.27597,DEL01-PR,Risco Médio,Baixa
sábado,BR-259,8.8,Pleno dia,Decrescente,Nublado,Simples,Curva,-19.67936,-40.3969,DEL02-ES,Risco Alto,Baixa
sexta-feira,BR-324,588.5,Anoitecer,Decrescente,Nublado,Dupla,Reta,-12.65567,-38.47272,DEL01-BA,Risco Baixo,Baixa
sexta-feira,BR-424,78.6,Pleno dia,Crescente,Céu Claro,Simples,Reta,-8.820241,-36.56151,DEL03-PE,Risco Médio,Baixa
domingo,BR-262,93.5,Pleno dia,Decrescente,Céu Claro,Simples,Reta,-20.31532,-42.46661,DEL03-MG,Risco Médio,Média
terça-feira,BR-230,160.0,Plena Noite,Crescente,Céu Claro,Simples,Rotatória,-7.2436,-35.9375,DEL02-PB,Risco Baixo,Baixa
segunda-feira,BR-158,141.9,Pleno dia,Decrescente,Céu Claro,Simples,Não Informado,-28.21609,-53.47008,DEL10-RS,Risco Alto,Baixa
domingo,BR-60,203.6,Anoitecer,Decrescente,Céu Claro,Dupla,Desvio Temporário,-16.90254,-49.64323,DEL01-GO,Risco Médio,Média
segunda-feira,BR-101,296.3,Pleno dia,Crescente,Céu Claro,Dupla,Interseção de vias,-20.3403,-40.40406,DEL01-ES,Risco Baixo,Alta
terça-feira,BR-116,446.0,Pleno dia,Decrescente,Nublado,Dupla,Reta,-24.50467,-47.84773,DEL05-SP,Risco Médio,Alta
sexta-feira,BR-101,394.0,Pleno dia,Decrescente,Céu Claro,Simples,Curva,-28.825,-49.404,DEL02-SC,Risco Médio,Alta
sábado,BR-163,588.0,Pleno dia,Crescente,Céu Claro,Simples,Reta,-14.01403,-56.09918,DEL01-MT,Risco Médio,Alta
segunda-feira,BR-354,771.0,Pleno dia,Crescente,Céu Claro,Simples,Curva,-22.36471,-44.7707,DEL17-MG,Risco Médio,Baixa
segunda-feira,BR-116,705.0,Pleno dia,Crescente,Sol,Simples,Reta,-21.12843,-42.38422,DEL07-MG,Risco Médio,Alta
terça-feira,BR-364,267.7,Plena Noite,Crescente,Chuva,Simples,Reta,-11.37617,-61.68686,DEL02-RO,Risco Baixo,Alta
sábado,BR-470,140.0,Pleno dia,Decrescente,Sol,Simples,Reta,-27.20535,-49.64411,DEL04-SC,Risco Médio,Baixa
domingo,BR-135,34.0,Plena Noite,Decrescente,Céu Claro,Simples,Reta,-2.8392,-44.3746,DEL01-MA,Risco Baixo,Baixa
sábado,BR-386,240.2,Pleno dia,Crescente,Céu Claro,Simples,Curva,-28.76971,-52.53454,DEL04-RS,Risco Médio,Média
sexta-feira,BR-155,340.0,Pleno dia,Decrescente,Céu Claro,Simples,Reta,-5.361425,-49.12364,DEL03-PA,Risco Médio,Baixa
sexta-feira,BR-116,230.0,Plena Noite,Decrescente,Nublado,Dupla,Curva,-23.52906,-46.59398,DEL01-SP,Risco Médio,Alta
sexta-feira,BR-101,376.5,Pleno dia,Crescente,Nublado,Simples,Reta,-20.79354,-40.81146,DEL03-ES,Risco Médio,Alta
terça-feira,BR-277,644.0,Pleno dia,Crescente,Céu Claro,Simples,Não Informado,-25.17363,-53.88603,DEL05-PR,Risco Médio,Média
domingo,BR-60,118.0,Plena Noite,Decrescente,Céu Claro,Dupla,Retorno Regulamentado,-16.4848,-49.0935,DEL01-GO,Risco Médio,Média
sexta-feira,BR-40,523.9,Plena Noite,Crescente,Céu Claro,Dupla,Reta,-19.87699,-44.05249,DEL01-MG,Risco Alto,Alta
domingo,BR-40,460.1,Pleno dia,Decrescente,Céu Claro,Dupla,Curva,-19.39771,-44.33529,DEL02-MG,Risco Médio,Alta
sexta-feira,BR-376,389.2,Pleno dia,Crescente,Chuva,Dupla,Reta,-24.46973,-50.74321,DEL03-PR,Risco Médio,Baixa
sábado,BR-40,587.0,Amanhecer,Decrescente,Céu Claro,Simples,Reta,-20.34858,-43.92201,DEL01-MG,Risco Médio,Alta
terça-feira,BR-101,294.7,Pleno dia,Decrescente,Céu Claro,Dupla,Reta,-20.32416,-40.39529,DEL01-ES,Risco Médio,Alta
segunda-feira,BR-158,662.3,Pleno dia,Decrescente,Céu Claro,Simples,Reta,-14.73554,-52.3393,DEL07-MT,Risco Médio,Baixa
segunda-feira,BR-410,14.5,Plena Noite,Decrescente,Céu Claro,Simples,Reta,-10.87918,-38.63937,DEL07-BA,Risco Médio,Baixa