dia_semana,br,km,fase_dia,sentido_via,condicao_metereologica,tipo_pista,tracado_via,latitude,longitude,delegacia,classificacao_acidente,postos_policiais_PRF
quarta-feira,BR-282,446.0,Pleno dia,Decrescente,Chuva,Simples,Reta,-26.9184,-51.9278,DEL07-SC,Risco Médio,Baixa
domingo,BR-116,275.5,Plena Noite,Decrescente,Céu Claro,Dupla,Reta,-23.6078,-46.7529,DEL04-SP,Risco Médio,Alta
sábado,BR-70,199.0,Pleno dia,Decrescente,Céu Claro,Simples,Reta,-15.71643,-53.73893,DEL05-MT,Risco Médio,Baixa
quinta-feira,BR-116,804.2,Plena Noite,Crescente,Céu Claro,Simples,Curva,-21.79256,-42.71542,DEL07-MG,Risco Baixo,Alta
domingo,BR-381,752.0,Pleno dia,Decrescente,Nublado,Simples,Curva,-21.67247,-45.3343,DEL16-MG,Risco Médio,Alta
sexta-feira,BR-262,662.7,Pleno dia,Decrescente,Chuva,Simples,Curva,-19.55699,-46.75477,DEL08-MG,Risco Médio,Média
sábado,BR-153,191.0,Pleno dia,Decrescente,Céu Claro,Simples,Reta,-21.74986,-49.86578,DEL07-SP,Risco Médio,Alta
domingo,BR-282,245.0,Plena Noite,Crescente,Céu Claro,Simples,Curva,-27.72976,-50.52121,DEL05-SC,Risco Baixo,Baixa
sábado,BR-20,111.0,Plena Noite,Decrescente,Céu Claro,Simples,Reta,-12.97216,-45.98993,DEL10-BA,Risco Alto,Baixa
sábado,BR-262,18.3,Plena Noite,Crescente,Céu Claro,Simples,Reta,-20.389,-40.4781,DEL01-ES,Risco Médio,Média
domingo,BR-386,20.0,Plena Noite,Decrescente,Céu Claro,Simples,Curva,-27.26416,-53.34414,DEL08-RS,Risco Médio,Média
quinta-feira,BR-101,215.8,Pleno dia,Decrescente,Céu Claro,Múltipla,Reta,-27.65185,-48.67605,DEL01-SC,Risco Médio,Alta
domingo,BR-116,174.6,Plena Noite,Decrescente,Nublado,Dupla,Reta,-22.76516,-43.41583,DEL01-RJ,Risco Médio,Alta
segunda-feira,BR-50,188.3,Plena Noite,Crescente,Céu Claro,Simples,Reta,-17.47769,-47.81554,DEL06-GO,Risco Médio,Média
quarta-feira,BR-116,234.0,Plena Noite,Decrescente,Nublado,Simples,Reta,-29.65121,-51.14444,DEL01-RS,Risco Médio,Alta
quarta-feira,BR-110,383.0,Plena Noite,Decrescente,Céu Claro,Simples,Curva,-12.47631,-38.48091,DEL01-BA,Risco Médio,Baixa
sexta-feira,BR-235,6.0,Pleno dia,Decrescente,Nublado,Dupla,Reta,-10.90385,-37.12868,DEL01-SE,Risco Médio,Baixa
quinta-feira,BR-290,87.0,Pleno dia,Crescente,Nublado,Dupla,Reta,-29.9676,-51.1269,DEL01-RS,Risco Médio,Baixa
sexta-feira,BR-285,385.1,Pleno dia,Decrescente,Chuva,Simples,Curva,-28.4244,-53.2018,DEL10-RS,Risco Médio,Baixa
sexta-feira,BR-222,63.4,Pleno dia,Crescente,Sol,Múltipla,Reta,-3.671778,-39.10727,DEL01-CE,Risco Médio,Baixa
domingo,BR-287,248.6,Plena Noite,Crescente,Nublado,Simples,Não Informado,-29.69611,-53.85155,DEL09-RS,Risco Médio,Baixa
domingo,BR-393,1.2,Plena Noite,Crescente,Nublado,Simples,Reta,-20.8365,-41.1682,DEL03-ES,Risco Médio,Média
sábado,BR-116,212.6,Pleno dia,Crescente,Céu Claro,Múltipla,Reta,-23.43608,-46.42805,DEL01-SP,Risco Médio,Alta
sábado,BR-116,561.3,Pleno dia,Decrescente,Céu Claro,Dupla,Curva,-25.02045,-48.51586,DEL05-SP,Risco Baixo,Alta
quinta-feira,BR-230,25.0,Pleno dia,Crescente,Céu Claro,Dupla,Não Informado,-7.1707,-34.8684,DEL01-PB,Risco Médio,Baixa
sexta-feira,BR-280,57.6,Plena Noite,Decrescente,Céu Claro,Dupla,Reta,-26.47811,-49.01259,DEL03-SC,Risco Médio,Baixa
domingo,BR-116,235.8,Pleno dia,Crescente,Chuva,Dupla,Não Informado,-22.6335,-43.9046,DEL07-RJ,Risco Baixo,Alta
domingo,BR-116,279.0,Pleno dia,Crescente,Chuva,Dupla,Desvio Temporário,-23.66234,-46.85293,DEL04-SP,Risco Baixo,Alta
segunda-feira,BR-277,327.0,Pleno dia,Crescente,Nublado,Simples,Reta,-25.3676,-51.33534,DEL03-PR,Risco Médio,Média
sábado,BR-262,96.0,Anoitecer,Decrescente,Céu Claro,Simples,Reta,-20.36363,-41.06831,DEL01-ES,Risco Médio,Média
segunda-feira,BR-40,102.0,Plena Noite,Decrescente,Chuva,Múltipla,Não Informado,-22.61089,-43.28656,DEL01-RJ,Risco Médio,Alta
quinta-feira,BR-101,139.5,Pleno dia,Crescente,Céu Claro,Dupla,Não Informado,-27.02982,-48.60115,DEL04-SC,Risco Médio,Alta
quarta-feira,BR-153,245.1,Pleno dia,Crescente,Céu Claro,Simples,Interseção de vias,-19.94124,-48.96004,DEL13-MG,Risco Baixo,Alta
terça-feira,BR-101,327.0,Anoitecer,Decrescente,Céu Claro,Dupla,Reta,-22.87116,-43.15606,DEL02-RJ,Risco Médio,Alta
terça-feira,BR-116,364.6,Pleno dia,Crescente,Sol,Simples,Reta,-11.70702,-38.98667,DEL02-BA,Risco Alto,Alta
quarta-feira,BR-101,323.2,Pleno dia,Crescente,Céu Claro,Múltipla,Reta,-22.87685,-43.11729,DEL02-RJ,Risco Médio,Alta
quinta-feira,BR-316,8.0,Pleno dia,Decrescente,Céu Claro,Dupla,Reta,-1.366236,-48.3678,DEL01-PA,Risco Médio,Baixa
sábado,BR-153,464.3,Pleno dia,Decrescente,Céu Claro,Simples,Reta,-26.25901,-51.16831,DEL02-PR,Risco Baixo,Alta
domingo,BR-262,452.0,Pleno dia,Crescente,Sol,Simples,Reta,-19.85998,-45.00697,DEL08-MG,Risco Médio,Média
quinta-feira,BR-116,218.0,Pleno dia,Crescente,Sol,Dupla,Reta,-23.45797,-46.47993,DEL01-SP,Risco Baixo,Alta
quinta-feira,BR-158,135.0,Plena Noite,Decrescente,Céu Claro,Simples,Não Informado,-27.07877,-53.22664,DEL07-SC,Risco Médio,Baixa
quinta-feira,BR-101,111.0,Plena Noite,Crescente,Nublado,Dupla,Reta,-26.83956,-48.71418,DEL04-SC,Risco Baixo,Alta
segunda-feira,BR-101,410.8,Pleno dia,Decrescente,Chuva,Múltipla,Reta,-28.92251,-49.49131,DEL02-SC,Risco Médio,Alta
quinta-feira,BR-153,393.4,Pleno dia,Decrescente,Chuva,Simples,Desvio Temporário,-9.352749,-48.54368,DEL02-TO,Risco Baixo,Alta
domingo,BR-469,14.5,Anoitecer,Decrescente,Nublado,Simples,Reta,-25.5797,-54.53631,DEL05-PR,Risco Médio,Baixa
terça-feira,BR-20,21.0,Plena Noite,Crescente,Garoa/Chuvisco,Dupla,Reta,-15.60279,-47.68422,DEL02-DF,Risco Médio,Baixa
domingo,BR-40,42.2,Pleno dia,Crescente,Céu Claro,Simples,Não Informado,-17.22223,-46.86602,DEL14-MG,Risco Médio,Alta
sexta-feira,BR-101,297.0,Plena Noite,Decrescente,Céu Claro,Dupla,Viaduto,-20.34591,-40.40909,DEL01-ES,Risco Médio,Alta
domingo,BR-60,163.0,Pleno dia,Crescente,Céu Claro,Dupla,Reta,-16.7002,-49.3335,DEL01-GO,Risco Médio,Média
quinta-feira,BR-40,20.9,Plena Noite,Crescente,Céu Claro,Dupla,Reta,-16.21849,-47.91548,DEL01-DF,Risco Alto,Alta
sábado,BR-324,567.0,Pleno dia,Decrescente,Chuva,Dupla,Reta,-12.5299,-38.60321,DEL01-BA,Risco Baixo,Baixa
quinta-feira,BR-381,486.0,Pleno dia,Crescente,Ignorado,Dupla,Reta,-19.95527,-44.11536,DEL01-MG,Risco Médio,Alta
sexta-feira,BR-116,215.0,Anoitecer,Decrescente,Céu Claro,Dupla,Reta,-23.44696,-46.45394,DEL01-SP,Risco Médio,Alta
terça-feira,BR-20,171.0,Pleno dia,Crescente,Céu Claro,Simples,Reta,-14.54026,-46.54623,DEL02-DF,Risco Médio,Baixa
segunda-feira,BR-116,745.0,Pleno dia,Crescente,Sol,Simples,Não Informado,-21.42931,-42.51473,DEL07-MG,Risco Baixo,Alta
quinta-feira,BR-277,459.6,Plena Noite,Crescente,Céu Claro,Simples,Reta,-25.36712,-52.46233,DEL04-PR,Risco Médio,Média
domingo,BR-367,83.0,Pleno dia,Crescente,Céu Claro,Simples,Reta,-16.37257,-39.57066,DEL09-BA,Risco Médio,Baixa
terça-feira,BR-364,264.9,Anoitecer,Decrescente,Ignorado,Simples,Reta,-16.01057,-54.91345,DEL02-MT,Risco Baixo,Alta
sexta-feira,BR-401,4.0,Plena Noite,Decrescente,Céu Claro,Simples,Reta,2.789631,-60.65872,DEL01-RR,Risco Alto,Baixa
sábado,BR-408,76.0,Pleno dia,Decrescente,Céu Claro,Dupla,Reta,-7.914932,-35.16944,DEL01-PE,Risco Alto,Baixa
quinta-feira,BR-230,105.0,Pleno dia,Decrescente,Sol,Dupla,Curva,-7.2075,-35.5248,DEL01-PB,Risco Médio,Baixa
domingo,BR-470,166.0,Plena Noite,Decrescente,Céu Claro,Simples,Curva,-28.84767,-51.57122,DEL06-RS,Risco Médio,Baixa
quarta-feira,BR-376,666.3,Pleno dia,Decrescente,Nublado,Múltipla,Curva,-25.86037,-48.95087,DEL01-PR,Risco Médio,Baixa
segunda-feira,BR-364,68.8,Plena Noite,Decrescente,Chuva,Simples,Reta,-16.91758,-53.61702,DEL02-MT,Risco Médio,Alta
sábado,BR-280,37.5,Pleno dia,Decrescente,Céu Claro,Simples,Curva,-26.44573,-48.81863,DEL03-SC,Risco Médio,Baixa
segunda-feira,BR-381,929.8,Plena Noite,Crescente,Chuva,Dupla,Curva,-22.77169,-46.23762,DEL16-MG,Risco Médio,Alta
sábado,BR-230,35.6,Amanhecer,Crescente,Nublado,Dupla,Não Informado,-7.1268,-34.9412,DEL01-PB,Risco Médio,Baixa
sexta-feira,BR-163,842.0,Plena Noite,Decrescente,Céu Claro,Simples,Reta,-11.79782,-55.47868,DEL06-MT,Risco Médio,Alta
sexta-feira,BR-423,19.0,Plena Noite,Crescente,Céu Claro,Dupla,Reta,-8.333797,-36.15202,DEL03-PE,Risco Alto,Baixa
domingo,BR-467,81.2,Plena Noite,Crescente,Céu Claro,Dupla,Curva,-24.7961,-53.6747,DEL04-PR,Risco Baixo,Baixa
domingo,BR-116,98.0,Pleno dia,Decrescente,Garoa/Chuvisco,Dupla,Curva,-25.55634,-49.14967,DEL01-PR,Risco Baixo,Alta
quarta-feira,BR-101,203.8,Pleno dia,Crescente,Céu Claro,Simples,Interseção de vias,-27.5742,-48.6134,DEL01-SC,Risco Médio,Alta
terça-feira,BR-101,176.0,Pleno dia,Decrescente,Céu Claro,Dupla,Curva,-6.501665,-35.112,DEL01-RN,Risco Médio,Alta
domingo,BR-116,789.0,Pleno dia,Decrescente,Céu Claro,Simples,Não Informado,-21.66676,-42.73137,DEL07-MG,Risco Baixo,Alta
sábado,BR-285,283.8,Pleno dia,Decrescente,Nublado,Simples,Reta,-28.24663,-52.29024,DEL08-RS,Risco Baixo,Baixa
sábado,BR-369,469.3,Anoitecer,Crescente,Céu Claro,Simples,Reta,-24.58225,-53.16123,DEL04-PR,Risco Médio,Baixa
domingo,BR-116,401.8,Pleno dia,Crescente,Céu Claro,Simples,Reta,-18.78119,-41.988,DEL06-MG,Risco Médio,Alta
quarta-feira,BR-381,478.4,Amanhecer,Decrescente,Sol,Dupla,Não Informado,-19.95826,-44.05921,DEL01-MG,Risco Médio,Alta
sábado,BR-60,134.0,Plena Noite,Crescente,Céu Claro,Dupla,Desvio Temporário,-16.5827,-49.1876,DEL01-GO,Risco Médio,Média
quarta-feira,BR-116,529.6,Anoitecer,Crescente,Céu Claro,Simples,Reta,-19.80524,-42.13658,DEL06-MG,Risco Médio,Alta
sábado,BR-376,178.0,Plena Noite,Crescente,Céu Claro,Dupla,Reta,-23.4194,-51.92194,DEL07-PR,Risco Baixo,Baixa
quarta-feira,BR-101,203.4,Plena Noite,Decrescente,Nublado,Múltipla,Reta,-27.56781,-48.61376,DEL01-SC,Risco Médio,Alta
sexta-feira,BR-40,449.0,Plena Noite,Decrescente,Céu Claro,Dupla,Reta,-19.30932,-44.37279,DEL02-MG,Risco Médio,Alta
sábado,BR-60,260.0,Plena Noite,Decrescente,Chuva,Dupla,Reta,-17.13292,-49.9823,DEL01-GO,Risco Médio,Média
terça-feira,BR-110,46.7,Plena Noite,Decrescente,Céu Claro,Dupla,Reta,-5.19961,-37.32068,DEL04-RN,Risco Médio,Baixa
quarta-feira,BR-80,30.0,Plena Noite,Crescente,Céu Claro,Simples,Curva,-15.29743,-48.2369,DEL01-DF,Risco Alto,Baixa
sábado,BR-316,23.0,Pleno dia,Crescente,Céu Claro,Dupla,Reta,-1.349123,-48.25376,DEL01-PA,Risco Médio,Baixa
quinta-feira,BR-116,62.8,Plena Noite,Decrescente,Céu Claro,Múltipla,Reta,-22.80539,-45.17237,DEL08-SP,Risco Médio,Alta
sábado,BR-40,732.5,Plena Noite,Crescente,Chuva,Dupla,Não Informado,-21.34762,-43.58123,DEL05-MG,Risco Médio,Alta
domingo,BR-40,40.8,Pleno dia,Decrescente,Céu Claro,Simples,Interseção de vias,-17.21014,-46.88089,DEL14-MG,Risco Médio,Alta
sábado,BR-365,725.0,Pleno dia,Crescente,Céu Claro,Simples,Reta,-18.89099,-49.23329,DEL15-MG,Risco Baixo,Média
quarta-feira,BR-101,341.3,Plena Noite,Decrescente,Céu Claro,Simples,Não Informado,-28.52404,-49.05552,DEL02-SC,Risco Médio,Alta
domingo,BR-487,177.3,Pleno dia,Crescente,Céu Claro,Simples,Não Informado,-24.03898,-52.40912,DEL09-PR,Risco Médio,Baixa
segunda-feira,BR-163,843.0,Plena Noite,Crescente,Céu Claro,Simples,Reta,-17.5461,-54.74124,DEL06-MS,Risco Médio,Alta
quinta-feira,BR-324,617.7,Pleno dia,Crescente,Sol,Dupla,Reta,-12.88603,-38.43806,DEL01-BA,Risco Médio,Baixa
domingo,BR-116,165.0,Pleno dia,Decrescente,Céu Claro,Múltipla,Reta,-22.81549,-43.29087,DEL01-RJ,Risco Médio,Alta
domingo,BR-101,278.0,Pleno dia,Decrescente,Céu Claro,Simples,Não Informado,-13.2082,-39.32292,DEL01-BA,Risco Médio,Alta
domingo,BR-381,423.8,Pleno dia,Crescente,Céu Claro,Dupla,Não Informado,-19.78973,-43.67223,DEL01-MG,Risco Médio,Alta
domingo,BR-116,185.2,Plena Noite,Crescente,Nublado,Dupla,Não Informado,-23.35176,-46.18966,DEL01-SP,Risco Médio,Alta
quarta-feira,BR-470,7.5,Pleno dia,Crescente,Nublado,Dupla,Não Informado,-26.84499,-48.71505,DEL04-SC,Risco Médio,Baixa
domingo,BR-116,91.0,Pleno dia,Crescente,Céu Claro,Simples,Reta,-22.45861,-42.9744,DEL02-RJ,Risco Médio,Alta
terça-feira,BR-277,601.9,Plena Noite,Decrescente,Céu Claro,Dupla,Não Informado,-25.02445,-53.55128,DEL04-PR,Risco Médio,Média
terça-feira,BR-101,97.6,Pleno dia,Crescente,Chuva,Dupla,Reta,-10.92542,-37.17844,DEL02-SE,Risco Baixo,Alta
domingo,BR-262,186.0,Plena Noite,Crescente,Nublado,Simples,Não Informado,-19.89609,-43.0405,DEL03-MG,Risco Médio,Média
sábado,BR-101,297.0,Plena Noite,Decrescente,Céu Claro,Dupla,Reta,-22.76942,-42.91874,DEL02-RJ,Risco Médio,Alta
quinta-feira,BR-319,63.0,Pleno dia,Decrescente,Céu Claro,Dupla,Reta,-8.757064,-63.88617,DEL01-RO,Risco Médio,Baixa
segunda-feira,BR-101,291.9,Plena Noite,Decrescente,Chuva,Dupla,Reta,-20.29756,-40.39446,DEL01-ES,Risco Médio,Alta
sexta-feira,BR-230,23.4,Pleno dia,Decrescente,Chuva,Dupla,Reta,-7.165353,-34.86264,DEL01-PB,Risco Baixo,Baixa
terça-feira,BR-116,308.6,Anoitecer,Decrescente,Céu Claro,Simples,Reta,-18.05507,-41.66565,DEL11-MG,Risco Baixo,Alta
terça-feira,BR-101,58.4,Pleno dia,Crescente,Chuva,Simples,Curva,-9.28346,-35.8017,DEL01-AL,Risco Baixo,Alta
quarta-feira,BR-267,217.5,Plena Noite,Crescente,Céu Claro,Simples,Curva,-21.94069,-44.21589,DEL17-MG,Risco Alto,Baixa
terça-feira,BR-101,202.6,Pleno dia,Crescente,Nublado,Dupla,Reta,-27.56135,-48.61664,DEL01-SC,Risco Alto,Alta
domingo,BR-116,247.0,Plena Noite,Crescente,Céu Claro,Simples,Reta,-29.76733,-51.15353,DEL01-RS,Risco Baixo,Alta
domingo,BR-406,104.5,Pleno dia,Crescente,Sol,Simples,Reta,-5.540678,-35.80554,DEL02-RN,Risco Médio,Baixa
terça-feira,BR-20,20.0,Pleno dia,Decrescente,Nublado,Dupla,Reta,-3.816694,-38.63302,DEL02-CE,Risco Médio,Baixa
terça-feira,BR-80,9.0,Pleno dia,Crescente,Céu Claro,Simples,Rotatória,-15.73118,-48.1681,DEL01-DF,Risco Baixo,Baixa
quinta-feira,BR-40,717.7,Pleno dia,Decrescente,Nublado,Dupla,Curva,-21.29183,-43.63573,DEL05-MG,Risco Médio,Alta
sábado,BR-282,203.5,Pleno dia,Crescente,Chuva,Simples,Reta,-27.76674,-50.1623,DEL05-SC,Risco Médio,Baixa
segunda-feira,BR-116,185.0,Pleno dia,Decrescente,Céu Claro,Dupla,Reta,-23.38055,-46.25849,DEL02-SP,Risco Médio,Alta
domingo,BR-158,36.0,Pleno dia,Crescente,Céu Claro,Simples,Reta,-19.28296,-51.48398,DEL08-MS,Risco Baixo,Baixa
segunda-feira,BR-116,386.6,Pleno dia,Crescente,Nublado,Dupla,Reta,-24.26281,-47.37944,DEL04-SP,Risco Médio,Alta
sábado,BR-116,130.5,Anoitecer,Crescente,Nublado,Simples,Curva,-29.03812,-51.09074,DEL05-RS,Risco Baixo,Alta
sexta-feira,BR-259,41.0,Plena Noite,Crescente,Céu Claro,Simples,Reta,-19.55087,-40.55889,DEL02-ES,Risco Médio,Baixa
sexta-feira,BR-376,489.9,Amanhecer,Decrescente,Céu Claro,Dupla,Reta,-25.14173,-50.15869,DEL03-PR,Risco Médio,Baixa
quarta-feira,BR-376,515.5,Amanhecer,Crescente,Ignorado,Dupla,Reta,-25.2504,-50.0183,DEL03-PR,Risco Médio,Baixa
sexta-feira,BR-470,53.0,Pleno dia,Crescente,Nublado,Simples,Reta,-26.86319,-49.08887,DEL04-SC,Risco Médio,Baixa
domingo,BR-277,199.0,Pleno dia,Decrescente,Nublado,Simples,Reta,-25.44981,-50.19419,DEL03-PR,Risco Médio,Média
quarta-feira,BR-116,401.1,Pleno dia,Decrescente,Céu Claro,Simples,Não Informado,-6.603707,-38.83845,DEL05-CE,Risco Médio,Alta
sábado,BR-373,347.6,Plena Noite,Crescente,Céu Claro,Simples,Reta,-25.37348,-51.5013,DEL08-PR,Risco Alto,Baixa
domingo,BR-60,44.5,Anoitecer,Decrescente,Céu Claro,Dupla,Reta,-16.75244,-49.33945,DEL01-GO,Risco Baixo,Média
sábado,BR-277,721.0,Plena Noite,Decrescente,Chuva,Dupla,Reta,-25.49115,-54.51185,DEL05-PR,Risco Baixo,Média
sábado,BR-50,138.6,Pleno dia,Crescente,Céu Claro,Dupla,Reta,-19.4686,-48.0558,DEL13-MG,Risco Médio,Média
terça-feira,BR-50,72.0,Pleno dia,Decrescente,Nublado,Múltipla,Reta,-18.9051,-48.2318,DEL15-MG,Risco Médio,Média
sexta-feira,BR-418,57.0,Pleno dia,Crescente,Nublado,Simples,Curva,-17.73426,-39.55318,DEL09-BA,Risco Médio,Baixa
sexta-feira,BR-174,459.0,Plena Noite,Decrescente,Céu Claro,Simples,Reta,-13.92667,-59.76268,DEL04-MT,Risco Baixo,Baixa
segunda-feira,BR-414,253.0,Pleno dia,Crescente,Céu Claro,Simples,Não Informado,-14.85072,-48.63884,DEL07-GO,Risco Médio,Baixa
sábado,BR-40,67.0,Plena Noite,Decrescente,Nublado,Dupla,Curva,-22.4403,-43.18652,DEL06-RJ,Risco Baixo,Alta
segunda-feira,BR-116,127.2,Plena Noite,Crescente,Nublado,Simples,Não Informado,-26.8727,-50.4155,DEL06-SC,Risco Baixo,Alta
domingo,BR-101,87.9,Plena Noite,Crescente,Chuva,Dupla,Reta,-8.207881,-34.98394,DEL01-PE,Risco Baixo,Alta
quinta-feira,BR-287,413.0,Pleno dia,Decrescente,Chuva,Simples,Reta,-29.07059,-54.94766,DEL12-RS,Risco Baixo,Baixa
domingo,BR-376,593.2,Plena Noite,Decrescente,Nublado,Dupla,Reta,-25.47643,-49.35092,DEL01-PR,Risco Alto,Baixa
segunda-feira,BR-386,177.8,Pleno dia,Decrescente,Céu Claro,Simples,Reta,-28.29747,-52.74936,DEL08-RS,Risco Médio,Média
domingo,BR-381,586.3,Pleno dia,Decrescente,Céu Claro,Dupla,Curva,-20.54431,-44.64752,DEL04-MG,Risco Baixo,Alta
domingo,BR-361,96.0,Pleno dia,Crescente,Céu Claro,Simples,Desvio Temporário,-7.226501,-38.02003,DEL03-PB,Risco Alto,Baixa
sábado,BR-101,148.0,Plena Noite,Decrescente,Céu Claro,Simples,Desvio Temporário,-11.23059,-37.42573,DEL02-SE,Risco Médio,Alta
domingo,BR-40,545.9,Plena Noite,Crescente,Nublado,Dupla,Reta,-20.00938,-43.9655,DEL01-MG,Risco Médio,Alta
segunda-feira,BR-40,561.2,Plena Noite,Crescente,Céu Claro,Dupla,Reta,-20.13588,-43.96238,DEL01-MG,Risco Médio,Alta
sexta-feira,BR-324,599.0,Pleno dia,Decrescente,Sol,Múltipla,Reta,-12.75128,-38.43121,DEL01-BA,Risco Médio,Baixa
domingo,BR-40,525.0,Pleno dia,Crescente,Céu Claro,Dupla,Reta,-19.8856,-44.0505,DEL01-MG,Risco Médio,Alta
domingo,BR-101,47.8,Plena Noite,Decrescente,Céu Claro,Simples,Reta,-23.4299,-45.08244,DEL06-SP,Risco Médio,Alta
segunda-feira,BR-116,141.0,Pleno dia,Crescente,Garoa/Chuvisco,Dupla,Reta,-25.77714,-49.3244,DEL01-PR,Risco Médio,Alta
quarta-feira,BR-381,667.5,Plena Noite,Crescente,Nublado,Dupla,Reta,-21.05313,-45.01951,DEL04-MG,Risco Baixo,Alta
terça-feira,BR-101,58.0,Pleno dia,Decrescente,Céu Claro,Simples,Curva,-26.4368,-48.80745,DEL03-SC,Risco Médio,Alta
segunda-feira,BR-277,423.5,Pleno dia,Crescente,Céu Claro,Simples,Curva,-25.39623,-52.1055,DEL04-PR,Risco Baixo,Média
segunda-feira,BR-116,17.1,Pleno dia,Decrescente,Céu Claro,Dupla,Reta,-3.896179,-38.50336,DEL01-CE,Risco Médio,Alta
terça-feira,BR-101,194.0,Pleno dia,Decrescente,Garoa/Chuvisco,Múltipla,Interseção de vias,-27.49815,-48.65661,DEL01-SC,Risco Médio,Alta
quarta-feira,BR-376,431.0,Pleno dia,Decrescente,Céu Claro,Simples,Não Informado,-24.74821,-50.5362,DEL03-PR,Risco Baixo,Baixa
sábado,BR-230,420.5,Amanhecer,Decrescente,Céu Claro,Simples,Não Informado,-6.724832,-37.86638,DEL03-PB,Risco Médio,Baixa
segunda-feira,BR-277,113.0,Plena Noite,Decrescente,Nublado,Dupla,Reta,-25.44715,-49.48045,DEL01-PR,Risco Baixo,Média
sábado,BR-235,116.0,Pleno dia,Crescente,Céu Claro,Simples,Curva,-10.01044,-38.59154,DEL07-BA,Risco Médio,Baixa
sexta-feira,BR-101,4.7,Pleno dia,Crescente,Céu Claro,Dupla,Reta,-6.540675,-35.11731,DEL01-PB,Risco Médio,Alta
sábado,BR-116,146.0,Plena Noite,Crescente,Nublado,Simples,Reta,-25.78173,-49.32535,DEL01-PR,Risco Médio,Alta
sábado,BR-376,665.0,Pleno dia,Crescente,Chuva,Dupla,Curva,-25.8555,-48.9528,DEL01-PR,Risco Baixo,Baixa
terça-feira,BR-493,84.0,Pleno dia,Crescente,Céu Claro,Dupla,Reta,-22.67209,-43.28505,DEL01-RJ,Risco Médio,Baixa
sábado,BR-304,47.8,Pleno dia,Decrescente,Sol,Dupla,Reta,-5.226862,-37.32309,DEL04-RN,Risco Médio,Baixa
domingo,BR-277,674.0,Plena Noite,Crescente,Céu Claro,Múltipla,Curva,-25.2874,-54.11562,DEL05-PR,Risco Baixo,Média
segunda-feira,BR-251,509.6,Pleno dia,Crescente,Céu Claro,Simples,Reta,-16.6305,-43.6952,DEL12-MG,Risco Médio,Baixa
sexta-feira,BR-381,925.0,Pleno dia,Crescente,Sol,Dupla,Não Informado,-22.77089,-46.20386,DEL16-MG,Risco Baixo,Alta
quinta-feira,BR-153,214.0,Plena Noite,Crescente,Céu Claro,Múltipla,Reta,-8.057094,-48.46691,DEL02-TO,Risco Médio,Alta
domingo,BR-459,107.0,Pleno dia,Crescente,Céu Claro,Simples,Interseção de vias,-22.23048,-45.93678,DEL16-MG,Risco Médio,Baixa
domingo,BR-116,415.8,Pleno dia,Decrescente,Céu Claro,Simples,Reta,-18.88401,-41.94924,DEL06-MG,Risco Médio,Alta
terça-feira,BR-226,78.7,Plena Noite,Crescente,Céu Claro,Simples,Reta,-6.171233,-35.76265,DEL03-RN,Risco Médio,Baixa
sexta-feira,BR-324,616.0,Pleno dia,Decrescente,Sol,Dupla,Reta,-12.87958,-38.43214,DEL01-BA,Risco Médio,Baixa
quarta-feira,BR-116,122.0,Plena Noite,Decrescente,Garoa/Chuvisco,Dupla,Curva,-25.60795,-49.31909,DEL01-PR,Risco Médio,Alta
sábado,BR-101,298.4,Pleno dia,Decrescente,Céu Claro,Dupla,Reta,-20.35659,-40.41827,DEL01-ES,Risco Médio,Alta
quarta-feira,BR-40,9.0,Plena Noite,Crescente,Céu Claro,Simples,Reta,-16.13116,-47.95774,DEL01-DF,Risco Médio,Alta
sábado,BR-116,89.7,Pleno dia,Decrescente,Chuva,Dupla,Reta,-22.93931,-45.37875,DEL06-SP,Risco Baixo,Alta
quinta-feira,BR-40,38.0,Plena Noite,Crescente,Garoa/Chuvisco,Dupla,Curva,-22.22751,-43.11963,DEL06-RJ,Risco Baixo,Alta
quinta-feira,BR-459,93.1,Pleno dia,Decrescente,Céu Claro,Simples,Curva,-22.17944,-45.99504,DEL09-MG,Risco Médio,Baixa
sexta-feira,BR-163,817.0,Plena Noite,Crescente,Céu Claro,Simples,Reta,-17.77446,-54.7493,DEL06-MS,Risco Médio,Alta
terça-feira,BR-40,766.5,Pleno dia,Crescente,Céu Claro,Simples,Reta,-21.56884,-43.47868,DEL05-MG,Risco Baixo,Alta
quinta-feira,BR-324,618.0,Pleno dia,Decrescente,Céu Claro,Simples,Reta,-12.89496,-38.44752,DEL01-BA,Risco Médio,Baixa
domingo,BR-116,520.6,Pleno dia,Crescente,Nublado,Múltipla,Reta,-31.70474,-52.36572,DEL07-RS,Risco Médio,Alta
domingo,BR-60,368.0,Pleno dia,Decrescente,Céu Claro,Simples,Reta,-20.55335,-54.66972,DEL01-MS,Risco Baixo,Média
sábado,BR-116,166.0,Anoitecer,Crescente,Nublado,Dupla,Reta,-23.30056,-46.01687,DEL02-SP,Risco Baixo,Alta
quinta-feira,BR-469,13.0,Plena Noite,Decrescente,Céu Claro,Simples,Não Informado,-25.5754,-54.5489,DEL05-PR,Risco Médio,Baixa
domingo,BR-376,390.5,Plena Noite,Crescente,Céu Claro,Simples,Reta,-24.52464,-50.70582,DEL03-PR,Risco Médio,Baixa
domingo,BR-20,428.0,Pleno dia,Crescente,Céu Claro,Dupla,Reta,-3.76999,-38.67006,DEL01-CE,Risco Médio,Baixa