dia_semana,br,km,fase_dia,sentido_via,condicao_metereologica,tipo_pista,tracado_via,latitude,longitude,delegacia,classificacao_acidente,postos_policiais_PRF
quarta-feira,BR-381,557.0,Pleno dia,Crescente,Nublado,Dupla,Curva,-20.3495,-44.4447,DEL04-MG,Risco Baixo,Alta
sábado,BR-407,127.0,Pleno dia,Crescente,Céu Claro,Simples,Interseção de vias,-9.391328,-40.51943,DEL06-PE,Risco Baixo,Baixa
quarta-feira,BR-364,15.0,Pleno dia,Decrescente,Céu Claro,Dupla,Reta,-12.73673,-60.14804,DEL04-RO,Risco Baixo,Alta
sexta-feira,BR-262,751.0,Plena Noite,Crescente,Céu Claro,Simples,Curva,-19.64433,-47.5174,DEL13-MG,Risco Médio,Média
sexta-feira,BR-116,193.8,Plena Noite,Crescente,Céu Claro,Dupla,Reta,-23.38358,-46.26464,DEL02-SP,Risco Baixo,Alta
sábado,BR-60,606.5,Pleno dia,Crescente,Céu Claro,Simples,Desvio Temporário,-21.616,-56.20905,DEL05-MS,Risco Médio,Média
segunda-feira,BR-381,538.9,Plena Noite,Crescente,Nublado,Dupla,Curva,-20.23655,-44.40778,DEL04-MG,Risco Alto,Alta
domingo,BR-471,566.8,Plena Noite,Decrescente,Nublado,Simples,Reta,-33.54106,-53.35469,DEL07-RS,Risco Baixo,Baixa
terça-feira,BR-304,295.0,Pleno dia,Crescente,Céu Claro,Dupla,Reta,-5.866059,-35.35822,DEL01-RN,Risco Médio,Baixa
domingo,BR-280,267.0,Pleno dia,Crescente,Céu Claro,Simples,Não Informado,-26.21412,-53.11406,DEL02-PR,Risco Alto,Baixa
sexta-feira,BR-235,3.1,Plena Noite,Crescente,Céu Claro,Dupla,Reta,-10.9059,-37.111,DEL01-SE,Risco Médio,Baixa
sábado,BR-381,13.9,Plena Noite,Crescente,Céu Claro,Dupla,Reta,-22.94112,-46.4745,DEL03-SP,Risco Médio,Alta
sexta-feira,BR-40,510.7,Pleno dia,Decrescente,Céu Claro,Dupla,Reta,-19.78554,-44.11479,DEL01-MG,Risco Médio,Alta
sábado,BR-116,13.0,Pleno dia,Crescente,Céu Claro,Dupla,Reta,-25.38161,-49.16399,DEL01-PR,Risco Médio,Alta
domingo,BR-262,360.5,Plena Noite,Crescente,Céu Claro,Dupla,Curva,-19.98302,-44.20925,DEL01-MG,Risco Baixo,Média
sexta-feira,BR-364,198.4,Pleno dia,Decrescente,Céu Claro,Simples,Ponte,-11.66641,-61.19187,DEL02-RO,Risco Médio,Alta
sábado,BR-101,105.0,Pleno dia,Decrescente,Sol,Dupla,Reta,-10.94725,-37.07308,DEL02-SE,Risco Médio,Alta
sexta-feira,BR-392,54.0,Amanhecer,Decrescente,Nublado,Dupla,Reta,-31.83975,-52.32818,DEL07-RS,Risco Médio,Média
sábado,BR-101,0.9,Pleno dia,Crescente,Sol,Dupla,Reta,-20.24109,-40.28034,DEL04-ES,Risco Médio,Alta
domingo,BR-373,267.9,Pleno dia,Decrescente,Céu Claro,Simples,Reta,-25.21527,-51.01206,DEL03-PR,Risco Alto,Baixa
terça-feira,BR-364,305.0,Anoitecer,Crescente,Céu Claro,Dupla,Reta,-15.83679,-55.16619,DEL02-MT,Risco Baixo,Alta
domingo,BR-373,183.3,Plena Noite,Decrescente,Céu Claro,Simples,Interseção de vias,-25.03948,-50.27826,DEL03-PR,Risco Médio,Baixa
sábado,BR-20,203.0,Plena Noite,Decrescente,Céu Claro,Simples,Reta,-5.128491,-39.738,DEL02-CE,Risco Médio,Baixa
sábado,BR-40,750.6,Pleno dia,Crescente,Chuva,Simples,Curva,-21.45724,-43.55822,DEL05-MG,Risco Médio,Alta
segunda-feira,BR-364,129.0,Pleno dia,Decrescente,Céu Claro,Simples,Reta,-10.02882,-67.82933,DEL01-AC,Risco Médio,Alta
sábado,BR-101,200.0,Plena Noite,Decrescente,Céu Claro,Dupla,Reta,-22.47879,-42.15283,DEL08-RJ,Risco Baixo,Alta
sexta-feira,BR-101,93.8,Plena Noite,Crescente,Céu Claro,Dupla,Reta,-7.217101,-34.9127,DEL01-PB,Risco Médio,Alta
sexta-feira,BR-40,490.8,Pleno dia,Crescente,Sol,Dupla,Reta,-19.61999,-44.20674,DEL02-MG,Risco Médio,Alta
terça-feira,BR-376,456.4,Plena Noite,Crescente,Chuva,Dupla,Reta,-24.97801,-50.37533,DEL03-PR,Risco Médio,Baixa
domingo,BR-101,167.2,Pleno dia,Decrescente,Céu Claro,Simples,Não Informado,-11.31195,-37.54165,DEL02-SE,Risco Médio,Alta
domingo,BR-101,212.0,Amanhecer,Crescente,Céu Claro,Múltipla,Reta,-27.62997,-48.65904,DEL01-SC,Risco Baixo,Alta
quinta-feira,BR-40,5.1,Pleno dia,Decrescente,Céu Claro,Dupla,Reta,-16.09313,-47.98224,DEL01-DF,Risco Médio,Alta
sábado,BR-60,436.8,Plena Noite,Decrescente,Nevoeiro/Neblina,Simples,Reta,-20.98258,-55.01152,DEL01-MS,Risco Médio,Média
quinta-feira,BR-381,48.0,Pleno dia,Decrescente,Céu Claro,Dupla,Reta,-23.1972,-46.58737,DEL03-SP,Risco Médio,Alta
terça-feira,BR-40,98.0,Pleno dia,Crescente,Céu Claro,Simples,Reta,-22.57774,-43.27329,DEL01-RJ,Risco Médio,Alta
quinta-feira,BR-280,305.1,Plena Noite,Crescente,Nevoeiro/Neblina,Simples,Reta,-26.2426,-51.0744,DEL06-SC,Risco Alto,Baixa
terça-feira,BR-230,27.8,Plena Noite,Crescente,Chuva,Dupla,Interseção de vias,-7.1677,-34.8855,DEL01-PB,Risco Médio,Baixa
terça-feira,BR-116,436.8,Plena Noite,Decrescente,Céu Claro,Dupla,Reta,-12.3267,-39.0587,DEL02-BA,Risco Médio,Alta
quinta-feira,BR-101,146.0,Pleno dia,Crescente,Céu Claro,Múltipla,Reta,-19.36991,-40.06561,DEL04-ES,Risco Médio,Alta
terça-feira,BR-381,483.4,Plena Noite,Decrescente,Céu Claro,Múltipla,Reta,-19.9598,-44.08436,DEL01-MG,Risco Médio,Alta
domingo,BR-232,524.0,Plena Noite,Crescente,Nublado,Simples,Reta,-8.071892,-39.28638,DEL05-PE,Risco Médio,Baixa
sexta-feira,BR-476,355.0,Plena Noite,Crescente,Chuva,Simples,Reta,-26.19612,-51.02242,DEL02-PR,Risco Médio,Baixa
segunda-feira,BR-277,683.3,Amanhecer,Crescente,Céu Claro,Dupla,Curva,-25.33272,-54.1921,DEL05-PR,Risco Médio,Média
segunda-feira,BR-101,45.5,Pleno dia,Decrescente,Sol,Múltipla,Desvio Temporário,-7.865213,-34.90715,DEL01-PE,Risco Médio,Alta
segunda-feira,BR-423,69.0,Plena Noite,Crescente,Céu Claro,Simples,Reta,-9.304693,-37.88937,DEL03-AL,Risco Médio,Baixa
sexta-feira,BR-381,427.0,Pleno dia,Decrescente,Nublado,Simples,Reta,-19.76945,-43.64748,DEL01-MG,Risco Médio,Alta
sexta-feira,BR-290,72.8,Plena Noite,Decrescente,Chuva,Dupla,Reta,-29.95287,-50.98646,DEL03-RS,Risco Médio,Baixa
terça-feira,BR-101,208.0,Pleno dia,Crescente,Céu Claro,Dupla,Reta,-27.60328,-48.63202,DEL01-SC,Risco Médio,Alta
quinta-feira,BR-376,490.5,Pleno dia,Crescente,Céu Claro,Dupla,Viaduto,-25.10389,-50.19626,DEL03-PR,Risco Médio,Baixa
domingo,BR-101,393.0,Plena Noite,Crescente,Nublado,Dupla,Reta,-22.88499,-43.7151,DEL01-RJ,Risco Alto,Alta
domingo,BR-316,89.0,Pleno dia,Crescente,Céu Claro,Simples,Reta,-1.333345,-47.62024,DEL01-PA,Risco Médio,Baixa
sábado,BR-101,19.0,Plena Noite,Crescente,Chuva,Dupla,Reta,-7.654034,-34.94408,DEL01-PE,Risco Médio,Alta
terça-feira,BR-316,53.0,Pleno dia,Crescente,Céu Claro,Dupla,Reta,-1.293771,-47.92617,DEL01-PA,Risco Médio,Baixa
quinta-feira,BR-222,160.0,Pleno dia,Crescente,Chuva,Simples,Reta,-3.739835,-39.87671,DEL04-CE,Risco Baixo,Baixa
domingo,BR-267,531.7,Pleno dia,Decrescente,Céu Claro,Simples,Reta,-21.54257,-56.58309,DEL05-MS,Risco Médio,Baixa
sexta-feira,BR-406,161.0,Plena Noite,Decrescente,Céu Claro,Simples,Reta,-5.717817,-35.36915,DEL02-RN,Risco Médio,Baixa
segunda-feira,BR-70,16.2,Pleno dia,Decrescente,Nublado,Dupla,Rotatória,-15.79547,-48.19573,DEL01-DF,Risco Médio,Baixa
domingo,BR-290,91.0,Pleno dia,Crescente,Sol,Dupla,Reta,-29.96906,-51.16744,DEL01-RS,Risco Médio,Baixa
terça-feira,BR-158,259.9,Pleno dia,Crescente,Céu Claro,Dupla,Rotatória,-20.71351,-51.75152,DEL07-MS,Risco Baixo,Baixa
domingo,BR-116,304.0,Pleno dia,Decrescente,Sol,Simples,Reta,-30.15496,-51.37026,DEL02-RS,Risco Médio,Alta
quarta-feira,BR-277,730.0,Pleno dia,Crescente,Ignorado,Simples,Reta,-25.50826,-54.59239,DEL05-PR,Risco Médio,Média
sábado,BR-262,155.0,Plena Noite,Crescente,Céu Claro,Simples,Curva,-19.9777,-42.80194,DEL03-MG,Risco Baixo,Média
domingo,BR-262,78.5,Plena Noite,Decrescente,Céu Claro,Simples,Curva,-20.41116,-40.92351,DEL01-ES,Risco Médio,Média
terça-feira,BR-135,49.0,Pleno dia,Decrescente,Céu Claro,Simples,Curva,-11.17752,-45.05424,DEL10-BA,Risco Médio,Baixa
terça-feira,BR-381,942.0,Pleno dia,Crescente,Céu Claro,Dupla,Reta,-22.86606,-46.3494,DEL16-MG,Risco Baixo,Alta
terça-feira,BR-135,371.0,Pleno dia,Crescente,Céu Claro,Simples,Curva,-9.211738,-44.43996,DEL03-PI,Risco Baixo,Baixa
sábado,BR-116,14.5,Pleno dia,Crescente,Chuva,Dupla,Reta,-3.878948,-38.50075,DEL01-CE,Risco Médio,Alta
segunda-feira,BR-316,177.8,Plena Noite,Crescente,Céu Claro,Simples,Reta,-9.567918,-36.50655,DEL03-AL,Risco Alto,Baixa
segunda-feira,BR-101,175.5,Pleno dia,Decrescente,Céu Claro,Dupla,Reta,-6.486538,-35.11258,DEL01-RN,Risco Médio,Alta
segunda-feira,BR-316,164.0,Plena Noite,Crescente,Chuva,Simples,Curva,-6.216,-42.0835,DEL04-PI,Risco Baixo,Baixa
segunda-feira,BR-101,105.4,Pleno dia,Crescente,Céu Claro,Simples,Reta,-19.0212,-40.01496,DEL04-ES,Risco Médio,Alta
terça-feira,BR-158,322.8,Pleno dia,Crescente,Céu Claro,Simples,Curva,-29.69506,-53.78196,DEL09-RS,Risco Médio,Baixa
quarta-feira,BR-116,172.0,Pleno dia,Crescente,Céu Claro,Dupla,Reta,-22.80188,-43.35044,DEL01-RJ,Risco Médio,Alta
terça-feira,BR-163,760.0,Plena Noite,Decrescente,Céu Claro,Simples,Reta,-12.48946,-55.68268,DEL06-MT,Risco Médio,Alta
quinta-feira,BR-376,528.0,Pleno dia,Crescente,Nublado,Dupla,Reta,-25.28568,-49.90814,DEL03-PR,Risco Médio,Baixa
terça-feira,BR-376,527.5,Plena Noite,Crescente,Nublado,Dupla,Reta,-25.32748,-49.86278,DEL03-PR,Risco Médio,Baixa
terça-feira,BR-343,345.5,Pleno dia,Crescente,Céu Claro,Simples,Reta,-5.106808,-42.76844,DEL01-PI,Risco Médio,Baixa
terça-feira,BR-381,526.0,Pleno dia,Crescente,Nublado,Dupla,Curva,-20.16175,-44.34145,DEL04-MG,Risco Baixo,Alta
sábado,BR-116,98.0,Plena Noite,Crescente,Céu Claro,Dupla,Reta,-25.51973,-49.13432,DEL01-PR,Risco Baixo,Alta
quinta-feira,BR-381,87.0,Pleno dia,Decrescente,Nublado,Dupla,Reta,-23.46885,-46.56997,DEL03-SP,Risco Baixo,Alta
quarta-feira,BR-40,109.0,Plena Noite,Decrescente,Nublado,Múltipla,Curva,-22.67735,-43.27886,DEL01-RJ,Risco Baixo,Alta
sábado,BR-343,5.8,Anoitecer,Decrescente,Céu Claro,Simples,Reta,-2.8956,-41.69684,DEL05-PI,Risco Alto,Baixa
segunda-feira,BR-101,314.2,Plena Noite,Crescente,Chuva,Simples,Ponte,-28.43368,-48.83835,DEL02-SC,Risco Médio,Alta
quinta-feira,BR-101,296.0,Pleno dia,Decrescente,Céu Claro,Múltipla,Reta,-28.32584,-48.73089,DEL02-SC,Risco Médio,Alta
quarta-feira,BR-116,37.0,Pleno dia,Crescente,Céu Claro,Simples,Retorno Regulamentado,-28.49872,-50.91769,DEL05-RS,Risco Baixo,Alta
domingo,BR-365,9.6,Pleno dia,Crescente,Sol,Simples,Reta,-16.83452,-43.94356,DEL12-MG,Risco Médio,Média
sexta-feira,BR-393,234.0,Pleno dia,Crescente,Sol,Simples,Curva,-22.40073,-43.66392,DEL05-RJ,Risco Médio,Média
segunda-feira,BR-116,119.0,Pleno dia,Crescente,Céu Claro,Dupla,Reta,-25.54456,-49.30146,DEL01-PR,Risco Médio,Alta
quarta-feira,BR-364,403.0,Pleno dia,Crescente,Céu Claro,Múltipla,Reta,-15.64393,-56.01408,DEL01-MT,Risco Médio,Alta
sexta-feira,BR-163,258.0,Pleno dia,Crescente,Céu Claro,Dupla,Rotatória,-22.25801,-54.78226,DEL04-MS,Risco Médio,Alta
quarta-feira,BR-262,381.4,Anoitecer,Decrescente,Chuva,Dupla,Curva,-19.93708,-44.44417,DEL01-MG,Risco Médio,Média
quarta-feira,BR-116,143.0,Plena Noite,Decrescente,Nublado,Dupla,Curva,-22.65237,-43.23918,DEL01-RJ,Risco Médio,Alta
domingo,BR-153,511.8,Pleno dia,Crescente,Nublado,Múltipla,Reta,-16.80577,-49.23957,DEL01-GO,Risco Médio,Alta
terça-feira,BR-101,75.0,Pleno dia,Crescente,Nublado,Simples,Reta,-21.81652,-41.39769,DEL08-RJ,Risco Médio,Alta
sábado,BR-116,102.2,Pleno dia,Crescente,Sol,Dupla,Reta,-25.55071,-49.15025,DEL01-PR,Risco Baixo,Alta
sexta-feira,BR-343,305.2,Anoitecer,Crescente,Nublado,Simples,Reta,-5.038664,-42.45009,DEL01-PI,Risco Médio,Baixa
sábado,BR-101,358.7,Pleno dia,Decrescente,Céu Claro,Dupla,Reta,-28.66,-49.11093,DEL02-SC,Risco Baixo,Alta
sexta-feira,BR-251,232.0,Plena Noite,Crescente,Céu Claro,Simples,Reta,-15.9601,-41.6987,DEL11-MG,Risco Médio,Baixa
sexta-feira,BR-116,16.5,Plena Noite,Crescente,Céu Claro,Dupla,Curva,-22.55822,-44.83796,DEL08-SP,Risco Alto,Alta
quinta-feira,BR-277,100.0,Pleno dia,Crescente,Nublado,Dupla,Não Informado,-25.43258,-49.36941,DEL01-PR,Risco Médio,Média
domingo,BR-40,441.7,Pleno dia,Crescente,Chuva,Dupla,Reta,-19.28171,-44.4174,DEL02-MG,Risco Médio,Alta
segunda-feira,BR-101,41.2,Pleno dia,Crescente,Nublado,Dupla,Rotatória,-26.3178,-48.87239,DEL03-SC,Risco Médio,Alta
terça-feira,BR-381,529.1,Pleno dia,Crescente,Chuva,Dupla,Curva,-20.16324,-44.34074,DEL04-MG,Risco Baixo,Alta
segunda-feira,BR-343,348.7,Pleno dia,Decrescente,Céu Claro,Simples,Reta,-5.118706,-42.78641,DEL01-PI,Risco Médio,Baixa
domingo,BR-40,703.5,Plena Noite,Crescente,Céu Claro,Simples,Reta,-21.21951,-43.74219,DEL05-MG,Risco Médio,Alta
terça-feira,BR-101,118.0,Pleno dia,Crescente,Céu Claro,Dupla,Interseção de vias,-26.89586,-48.71903,DEL04-SC,Risco Médio,Alta
domingo,BR-101,82.0,Pleno dia,Decrescente,Céu Claro,Dupla,Reta,-26.6137,-48.7207,DEL03-SC,Risco Médio,Alta
terça-feira,BR-153,2.0,Pleno dia,Crescente,Céu Claro,Simples,Não Informado,-20.322,-49.21109,DEL09-SP,Risco Baixo,Alta
terça-feira,BR-343,257.9,Plena Noite,Crescente,Nublado,Simples,Reta,-4.788243,-42.12581,DEL01-PI,Risco Baixo,Baixa
sexta-feira,BR-153,99.1,Pleno dia,Decrescente,Céu Claro,Simples,Curva,-27.23551,-51.95107,DEL07-SC,Risco Médio,Alta
terça-feira,BR-282,37.4,Pleno dia,Decrescente,Chuva,Simples,Curva,-27.70851,-48.84702,DEL01-SC,Risco Médio,Baixa
quarta-feira,BR-174,975.0,Pleno dia,Crescente,Céu Claro,Simples,Não Informado,-2.034824,-60.02544,DEL01-AM,Risco Médio,Baixa
sexta-feira,BR-104,45.9,Plena Noite,Decrescente,Nublado,Dupla,Reta,-8.1203,-35.999,DEL02-PE,Risco Baixo,Baixa
sexta-feira,BR-406,117.0,Pleno dia,Crescente,Nublado,Simples,Reta,-5.575605,-35.69347,DEL02-RN,Risco Médio,Baixa
sexta-feira,BR-116,769.6,Pleno dia,Crescente,Nublado,Simples,Reta,-21.54856,-42.66481,DEL07-MG,Risco Médio,Alta
sexta-feira,BR-101,85.2,Amanhecer,Crescente,Céu Claro,Simples,Reta,-8.182654,-34.96333,DEL01-PE,Risco Baixo,Alta
terça-feira,BR-116,258.3,Plena Noite,Decrescente,Nublado,Dupla,Reta,-29.86346,-51.1806,DEL01-RS,Risco Médio,Alta
domingo,BR-230,115.0,Plena Noite,Decrescente,Céu Claro,Dupla,Reta,-5.359475,-49.08301,DEL03-PA,Risco Médio,Baixa
quarta-feira,BR-262,772.7,Plena Noite,Crescente,Chuva,Simples,Interseção de vias,-19.70755,-47.70152,DEL13-MG,Risco Alto,Média
domingo,BR-376,34.0,Plena Noite,Crescente,Céu Claro,Simples,Reta,-22.39631,-54.4686,DEL04-MS,Risco Médio,Baixa
quarta-feira,BR-277,399.0,Pleno dia,Crescente,Garoa/Chuvisco,Simples,Reta,-25.44981,-51.91715,DEL08-PR,Risco Médio,Média
sexta-feira,BR-407,136.2,Pleno dia,Crescente,Céu Claro,Simples,Reta,-10.53291,-40.1385,DEL04-BA,Risco Alto,Baixa
quinta-feira,BR-101,203.9,Pleno dia,Crescente,Sol,Simples,Reta,-19.74448,-40.37264,DEL02-ES,Risco Médio,Alta
sexta-feira,BR-316,68.7,Pleno dia,Crescente,Sol,Simples,Reta,-5.64019,-42.592,DEL01-PI,Risco Médio,Baixa
segunda-feira,BR-423,89.0,Pleno dia,Crescente,Sol,Simples,Reta,-9.357978,-38.06293,DEL07-BA,Risco Médio,Baixa
sexta-feira,BR-408,23.0,Plena Noite,Crescente,Nublado,Simples,Não Informado,-7.534758,-35.28816,DEL01-PE,Risco Médio,Baixa
domingo,BR-381,487.3,Pleno dia,Decrescente,Chuva,Múltipla,Curva,-19.9572,-44.1243,DEL01-MG,Risco Médio,Alta
domingo,BR-392,27.5,Plena Noite,Crescente,Céu Claro,Dupla,Reta,-32.06776,-52.26537,DEL07-RS,Risco Médio,Média
sexta-feira,BR-116,247.0,Anoitecer,Crescente,Céu Claro,Simples,Reta,-29.76733,-51.15353,DEL01-RS,Risco Médio,Alta
terça-feira,BR-405,150.3,Pleno dia,Crescente,Céu Claro,Dupla,Reta,-6.105814,-38.20596,DEL04-RN,Risco Baixo,Baixa
sábado,BR-40,750.1,Pleno dia,Decrescente,Céu Claro,Simples,Reta,-21.48964,-43.5353,DEL05-MG,Risco Médio,Alta
quinta-feira,BR-163,9.0,Pleno dia,Crescente,Céu Claro,Simples,Reta,-23.98168,-54.33104,DEL09-MS,Risco Médio,Alta
terça-feira,BR-280,162.0,Pleno dia,Decrescente,Céu Claro,Simples,Rotatória,-26.16962,-49.81825,DEL06-SC,Risco Médio,Baixa
sexta-feira,BR-470,175.9,Pleno dia,Decrescente,Sol,Simples,Interseção de vias,-27.25738,-49.93282,DEL04-SC,Risco Médio,Baixa
domingo,BR-101,231.6,Pleno dia,Crescente,Céu Claro,Dupla,Reta,-27.74817,-48.63501,DEL01-SC,Risco Médio,Alta
sexta-feira,BR-101,94.0,Plena Noite,Crescente,Nublado,Dupla,Retorno Regulamentado,-10.90547,-37.14993,DEL01-SE,Risco Médio,Alta
segunda-feira,BR-470,154.0,Pleno dia,Decrescente,Sol,Simples,Reta,-27.2753,-49.74315,DEL04-SC,Risco Médio,Baixa
sexta-feira,BR-116,184.6,Plena Noite,Decrescente,Nublado,Dupla,Curva,-23.3525,-46.18379,DEL02-SP,Risco Baixo,Alta
terça-feira,BR-101,98.0,Pleno dia,Crescente,Sol,Dupla,Desvio Temporário,-5.865679,-35.21652,DEL01-RN,Risco Médio,Alta
terça-feira,BR-116,58.7,Pleno dia,Crescente,Sol,Dupla,Reta,-22.78332,-45.15042,DEL08-SP,Risco Médio,Alta
sexta-feira,BR-101,227.0,Pleno dia,Decrescente,Chuva,Dupla,Reta,-10.10414,-36.71229,DEL02-AL,Risco Baixo,Alta
sexta-feira,BR-116,496.0,Plena Noite,Decrescente,Nublado,Dupla,Curva,-24.7608,-48.1655,DEL05-SP,Risco Baixo,Alta
terça-feira,BR-163,927.0,Amanhecer,Decrescente,Sol,Simples,Desvio Temporário,-11.19869,-55.30697,DEL06-MT,Risco Médio,Alta
terça-feira,BR-262,51.8,Plena Noite,Crescente,Céu Claro,Simples,Curva,-20.24708,-42.15352,DEL06-MG,Risco Baixo,Média
domingo,BR-153,177.0,Plena Noite,Decrescente,Céu Claro,Simples,Reta,-21.65677,-49.78916,DEL07-SP,Risco Médio,Alta
domingo,BR-101,86.0,Pleno dia,Decrescente,Chuva,Dupla,Retorno Regulamentado,-7.150407,-34.91069,DEL01-PB,Risco Baixo,Alta
quarta-feira,BR-60,100.0,Pleno dia,Crescente,Céu Claro,Dupla,Reta,-16.3979,-48.9664,DEL02-GO,Risco Médio,Média
quinta-feira,BR-153,108.2,Pleno dia,Decrescente,Sol,Simples,Reta,-6.938814,-48.07701,DEL02-TO,Risco Médio,Alta
quinta-feira,BR-116,179.0,Pleno dia,Crescente,Céu Claro,Dupla,Reta,-22.7699,-43.40804,DEL01-RJ,Risco Médio,Alta
quarta-feira,BR-427,110.1,Anoitecer,Crescente,Céu Claro,Dupla,Curva,-6.451656,-37.12624,DEL03-RN,Risco Médio,Baixa
quinta-feira,BR-116,316.2,Pleno dia,Crescente,Sol,Simples,Reta,-22.4656,-44.49103,DEL07-RJ,Risco Médio,Alta
quinta-feira,BR-316,141.0,Plena Noite,Decrescente,Céu Claro,Simples,Reta,-8.083254,-39.60839,DEL05-PE,Risco Médio,Baixa
quarta-feira,BR-101,66.9,Pleno dia,Decrescente,Nublado,Simples,Não Informado,-8.040125,-34.94224,DEL01-PE,Risco Baixo,Alta
terça-feira,BR-101,315.0,Pleno dia,Crescente,Céu Claro,Dupla,Reta,-22.81938,-43.08088,DEL02-RJ,Risco Médio,Alta
quinta-feira,BR-153,29.3,Pleno dia,Crescente,Céu Claro,Simples,Desvio Temporário,-23.21781,-50.00788,DEL07-PR,Risco Médio,Alta
quarta-feira,BR-163,834.5,Pleno dia,Crescente,Céu Claro,Simples,Reta,-11.8717,-55.4979,DEL06-MT,Risco Médio,Alta
quarta-feira,BR-40,735.3,Plena Noite,Crescente,Nublado,Simples,Reta,-21.38829,-43.56904,DEL05-MG,Risco Alto,Alta
segunda-feira,BR-280,169.5,Pleno dia,Decrescente,Céu Claro,Simples,Curva,-26.15236,-49.8124,DEL06-SC,Risco Médio,Baixa
domingo,BR-101,305.5,Plena Noite,Crescente,Céu Claro,Simples,Não Informado,-20.38698,-40.46346,DEL03-ES,Risco Médio,Alta
sábado,BR-116,49.5,Pleno dia,Decrescente,Céu Claro,Dupla,Reta,-4.172335,-38.4929,DEL01-CE,Risco Médio,Alta
sábado,BR-381,357.5,Plena Noite,Decrescente,Nublado,Simples,Reta,-19.84694,-43.16428,DEL03-MG,Risco Médio,Alta
terça-feira,BR-135,4.0,Plena Noite,Decrescente,Ignorado,Dupla,Reta,-2.614323,-44.25263,DEL01-MA,Risco Baixo,Baixa
domingo,BR-493,49.0,Anoitecer,Crescente,Céu Claro,Dupla,Reta,-22.67209,-43.28505,DEL01-RJ,Risco Médio,Baixa
terça-feira,BR-153,42.8,Amanhecer,Crescente,Céu Claro,Dupla,Reta,-27.60602,-52.23789,DEL08-RS,Risco Médio,Alta
domingo,BR-282,505.9,Pleno dia,Crescente,Céu Claro,Dupla,Não Informado,-26.88588,-52.41876,DEL07-SC,Risco Médio,Baixa
sexta-feira,BR-101,277.0,Pleno dia,Crescente,Chuva,Dupla,Reta,-20.21308,-40.32126,DEL02-ES,Risco Médio,Alta
quinta-feira,BR-60,55.2,Pleno dia,Decrescente,Céu Claro,Dupla,Não Informado,-16.1903,-48.679,DEL02-GO,Risco Médio,Média
sábado,BR-262,155.0,Plena Noite,Crescente,Céu Claro,Simples,Reta,-20.22652,-41.47056,DEL01-ES,Risco Médio,Média
terça-feira,BR-116,263.7,Pleno dia,Crescente,Céu Claro,Dupla,Reta,-29.90545,-51.17674,DEL01-RS,Risco Médio,Alta
quinta-feira,BR-116,235.0,Plena Noite,Crescente,Céu Claro,Dupla,Viaduto,-29.65739,-51.1443,DEL01-RS,Risco Médio,Alta
quinta-feira,BR-282,4.6,Plena Noite,Decrescente,Nublado,Múltipla,Reta,-27.59265,-48.60403,DEL01-SC,Risco Médio,Baixa
sexta-feira,BR-365,149.6,Plena Noite,Decrescente,Céu Claro,Simples,Reta,-17.26766,-44.85648,DEL12-MG,Risco Médio,Média
domingo,BR-262,156.0,Pleno dia,Decrescente,Céu Claro,Simples,Reta,-20.46097,-52.98788,DEL07-MS,Risco Médio,Média
sexta-feira,BR-222,286.0,Pleno dia,Decrescente,Céu Claro,Simples,Reta,-3.704468,-40.8704,DEL04-CE,Risco Alto,Baixa
quarta-feira,BR-101,220.0,Pleno dia,Decrescente,Chuva,Dupla,Reta,-27.702,-48.6594,DEL01-SC,Risco Médio,Alta
domingo,BR-282,456.7,Pleno dia,Decrescente,Céu Claro,Simples,Curva,-26.88575,-52.00467,DEL07-SC,Risco Médio,Baixa
quarta-feira,BR-381,36.4,Pleno dia,Crescente,Céu Claro,Simples,Não Informado,-23.10077,-46.56931,DEL03-SP,Risco Alto,Alta
segunda-feira,BR-163,65.7,Plena Noite,Crescente,Garoa/Chuvisco,Dupla,Reta,-26.75671,-53.50061,DEL07-SC,Risco Médio,Alta
sexta-feira,BR-376,182.0,Pleno dia,Decrescente,Céu Claro,Dupla,Reta,-23.43684,-51.87881,DEL09-PR,Risco Médio,Baixa
terça-feira,BR-116,295.6,Plena Noite,Crescente,Nublado,Dupla,Reta,-30.07969,-51.34155,DEL02-RS,Risco Baixo,Alta
domingo,BR-101,291.9,Pleno dia,Decrescente,Céu Claro,Dupla,Não Informado,-20.30651,-40.39489,DEL01-ES,Risco Médio,Alta
segunda-feira,BR-369,184.4,Plena Noite,Crescente,Céu Claro,Dupla,Não Informado,-23.40156,-51.42776,DEL07-PR,Risco Médio,Baixa
quinta-feira,BR-471,171.0,Anoitecer,Crescente,Chuva,Simples,Interseção de vias,-29.9967,-52.36813,DEL02-RS,Risco Médio,Baixa
sexta-feira,BR-381,174.2,Pleno dia,Crescente,Céu Claro,Simples,Reta,-18.99804,-42.12268,DEL06-MG,Risco Alto,Alta
sexta-feira,BR-104,64.9,Pleno dia,Crescente,Céu Claro,Simples,Interseção de vias,-8.2783,-35.9815,DEL02-PE,Risco Baixo,Baixa
sexta-feira,BR-386,158.8,Pleno dia,Decrescente,Céu Claro,Simples,Não Informado,-28.14225,-52.84576,DEL08-RS,Risco Baixo,Média
sexta-feira,BR-259,56.0,Pleno dia,Decrescente,Céu Claro,Simples,Reta,-19.50128,-40.65265,DEL02-ES,Risco Médio,Baixa
sábado,BR-316,118.0,Pleno dia,Decrescente,Céu Claro,Simples,Reta,-9.39969,-36.95723,DEL03-AL,Risco Baixo,Baixa